수집시간,매물유형,매물ID,거래유형,방유형,시도,구군,읍면동,보증금(만원),월세(만원),매매가(만원),면적(m2),평,층,제목,URL
2026-09-06 07:52:45,원룸,50225285,월세,01,제주도 서귀포시 대정읍 구억리,서귀포시,대정읍,300,45,0,40,12.1,3,대정영어마을인근.깨끗넓은원룸.풀옵션.월세.반려동물가능,https://www.zigbang.com/home/apt/items/50225285
2026-09-06 07:52:46,원룸,50243873,월세,01,제주도 제주시 한림읍 금능리,제주시,한림읍,300,60,0,30.04,9.09,4,금능해수욕장인근 풀옵션 원룸 브리타니,https://www.zigbang.com/home/apt/items/50243873
2026-09-06 07:52:46,원룸,50013348,월세,02,제주도 서귀포시 중문동,서귀포시,중문동,200,39,0,49.6,15.0,저,단기가능.풀옵션 1.5룸,https://www.zigbang.com/home/apt/items/50013348
2026-09-06 07:52:46,원룸,50013446,월세,02,제주도 서귀포시 중문동,서귀포시,중문동,200,45,0,60.03,18.16,5,"방,거실 분리형",https://www.zigbang.com/home/apt/items/50013446
2026-09-06 07:52:46,원룸,50160479,월세,01,제주도 서귀포시 중문동,서귀포시,중문동,200,38,0,43.63,13.2,7,고층.테라스창고사용가능.중문 관광단지 인근 풀옵션 원룸,https://www.zigbang.com/home/apt/items/50160479
2026-09-06 07:52:46,원룸,50160490,월세,02,제주도 서귀포시 중문동,서귀포시,중문동,200,45,0,49.6,15.0,4,바다뷰 풀옵션 분리형 원룸,https://www.zigbang.com/home/apt/items/50160490
2026-09-06 07:52:46,원룸,50160611,월세,01,제주도 서귀포시 중문동,서귀포시,중문동,200,33,0,40.93,12.38,중,테라스 풀옵션 원룸,https://www.zigbang.com/home/apt/items/50160611
2026-09-06 07:52:46,원룸,50190994,월세,01,제주도 서귀포시 중문동,서귀포시,중문동,200,35,0,37.5,11.34,7,테라스 있음. 확트인 한라산 경관. 자주식 주차. 클린하우,https://www.zigbang.com/home/apt/items/50190994
2026-09-06 07:52:46,원룸,50191016,월세,02,제주도 서귀포시 중문동,서귀포시,중문동,200,45,0,49.6,15.0,6,남향 바다경관 최상. 분리형 1.5룸 방 거실 넓음,https://www.zigbang.com/home/apt/items/50191016
2026-09-06 07:52:46,원룸,50239480,월세,01,제주도 서귀포시 중문동,서귀포시,중문동,200,30,0,40.93,12.38,7,테라스 있음. 클린하우스 코인세탁방 헬스클럽 골프퍼팅장,https://www.zigbang.com/home/apt/items/50239480
2026-09-06 07:52:46,원룸,50261766,월세,01,제주도 서귀포시 중문동,서귀포시,중문동,300,35,0,24,7.26,2,"중문 성당 인근, 풀옵션, 서향, 베란다",https://www.zigbang.com/home/apt/items/50261766
2026-09-06 07:52:46,원룸,50289659,월세,02,제주도 서귀포시 중문동,서귀포시,중문동,200,40,0,47.82,14.47,8,맨윗층. 분리형 1.5룸 방 거실 넓음. 맨윗층. 동향,https://www.zigbang.com/home/apt/items/50289659
2026-09-06 07:52:46,원룸,50239725,전세,02,제주도 서귀포시 대포동,서귀포시,대포동,9500,0,0,52.41,15.85,3,"분리형 1,5룸 방 거실 넓음. 풀옵션. 시스템 에어컨.",https://www.zigbang.com/home/apt/items/50239725
2026-09-06 07:52:46,원룸,50272100,월세,03,제주도 서귀포시 도순동,서귀포시,도순동,200,38,0,26.45,8.0,옥탑방,도순동 한적하고 오션뷰 복층형 원룸,https://www.zigbang.com/home/apt/items/50272100
2026-09-06 07:52:46,원룸,50070768,월세,02,제주도 서귀포시 강정동,서귀포시,강정동,200,45,0,33.05,10.0,2,법환초등학교 부근 깔끔하고 살기 좋은 1.5룸,https://www.zigbang.com/home/apt/items/50070768
2026-09-06 07:52:46,원룸,50221326,월세,01,제주도 서귀포시 법환동,서귀포시,법환동,200,40,0,29.75,9.0,5,3개월 단기 계약 가능하며 바다가보이는 정남,https://www.zigbang.com/home/apt/items/50221326
2026-09-06 07:52:46,원룸,50221373,월세,01,제주도 서귀포시 법환동,서귀포시,법환동,200,30,0,29.75,9.0,2,깨끗하고 저렴한 원룸,https://www.zigbang.com/home/apt/items/50221373
2026-09-06 07:52:46,원룸,50232247,월세,01,제주도 서귀포시 강정동,서귀포시,강정동,200,40,0,24,7.26,10,베란다가 있는 원룸,https://www.zigbang.com/home/apt/items/50232247
2026-09-06 07:52:46,원룸,50271839,월세,01,제주도 서귀포시 서호동,서귀포시,서호동,200,35,0,23.14,7.0,옥탑방,신시가지 찬밀면 남쪽 인근 오픈형 원룸,https://www.zigbang.com/home/apt/items/50271839
2026-09-06 07:52:46,원룸,50271875,월세,01,제주도 서귀포시 법환동,서귀포시,법환동,200,35,0,23.14,7.0,2,제주월드컵경기장 남쪽방향 오픈형원룸,https://www.zigbang.com/home/apt/items/50271875
2026-09-06 07:52:46,원룸,50271884,월세,01,제주도 서귀포시 강정동,서귀포시,강정동,200,45,0,33.06,10.0,1,대신중학교 동쪽 인근 넓은 원룸,https://www.zigbang.com/home/apt/items/50271884
2026-09-06 07:52:46,원룸,50271922,월세,02,제주도 서귀포시 강정동,서귀포시,강정동,200,40,0,23.14,7.0,4,대신중 후문 인근 주차걱정 없는 분리형 원룸,https://www.zigbang.com/home/apt/items/50271922
2026-09-06 07:52:46,원룸,50272087,월세,02,제주도 서귀포시 강정동,서귀포시,강정동,200,35,0,26.45,8.0,3,대신중 후문 인근 분리형 원룸,https://www.zigbang.com/home/apt/items/50272087
2026-09-06 07:52:46,원룸,50272115,월세,01,제주도 서귀포시 강정동,서귀포시,강정동,300,30,0,23.14,7.0,2,깔끔하고 저렴한 원룸,https://www.zigbang.com/home/apt/items/50272115
2026-09-06 07:52:46,원룸,50272149,월세,01,제주도 서귀포시 법환동,서귀포시,법환동,200,35,0,25.26,7.64,2,신시가지 중심지 원룸 오피스텔,https://www.zigbang.com/home/apt/items/50272149
2026-09-06 07:52:46,원룸,50276588,월세,02,제주도 서귀포시 강정동,서귀포시,강정동,200,45,0,25.92,7.84,1,신시가지 저렴한 1.5룸 살기 좋음,https://www.zigbang.com/home/apt/items/50276588
2026-09-06 07:52:46,원룸,50276596,월세,02,제주도 서귀포시 강정동,서귀포시,강정동,200,51,0,33.05,10.0,3,법환초등학교 바로 앞 1.5룸,https://www.zigbang.com/home/apt/items/50276596
2026-09-06 07:52:46,원룸,50271868,월세,01,제주도 서귀포시 서홍동,서귀포시,서홍동,300,45,0,23.14,7.0,4,서홍동 홈플러스 서쪽 인근 깔끔한 원룸,https://www.zigbang.com/home/apt/items/50271868
2026-09-06 07:52:46,원룸,50276576,월세,01,제주도 서귀포시 서귀동,서귀포시,서귀동,200,40,0,24,7.26,저,더그레이튼 중앙로터리부근 오피스텔,https://www.zigbang.com/home/apt/items/50276576
2026-09-06 07:52:46,원룸,50276602,월세,01,제주도 서귀포시 서귀동,서귀포시,서귀동,300,60,0,49.58,15.0,6,고급스러운 원,https://www.zigbang.com/home/apt/items/50276602
2026-09-06 07:52:46,원룸,50276660,월세,01,제주도 서귀포시 서귀동,서귀포시,서귀동,200,40,0,24,7.26,고,올레시장 근처 신축 오피스텔,https://www.zigbang.com/home/apt/items/50276660
2026-09-06 07:52:50,원룸,50301832,전세,03,제주도 제주시 애월읍 구엄리,제주시,애월읍,10000,0,0,24.99,7.56,3,구엄초인근 1.5룸 복층 바다뷰,https://www.zigbang.com/home/apt/items/50301832
2026-09-06 07:52:50,원룸,50233122,월세,02,제주도 제주시 애월읍 고성리,제주시,애월읍,200,55,0,39.66,12.0,3,애월고성리 외국어고인근  분리형 풀옵션,https://www.zigbang.com/home/apt/items/50233122
2026-09-06 07:52:50,원룸,50166708,월세,01,제주도 제주시 외도일동,제주시,외도일동,200,50,0,18.18,5.5,2,외도 풀옵션 일체형원룸 베란다있음,https://www.zigbang.com/home/apt/items/50166708
2026-09-06 07:52:51,원룸,50257788,월세,01,제주도 제주시 노형동,제주시,노형동,100,35,0,27.15,8.21,2,가격너무 좋고 방크기좋고 뷰 좋고 놓치지마세요,https://www.zigbang.com/home/apt/items/50257788
2026-09-06 07:52:51,원룸,50301299,월세,02,제주도 제주시 해안동,제주시,해안동,200,60,0,37.19,11.25,3,해안동 캠퍼트리호텔인근 뷰좋은 분리형원룸 풀옵션,https://www.zigbang.com/home/apt/items/50301299
2026-09-06 07:52:51,원룸,50155872,월세,02,제주도 제주시 아라일동,제주시,아라일동,500,59,0,33.06,10.0,2,"구산 롯데시네마 인근 분리형 원룸,상태최상",https://www.zigbang.com/home/apt/items/50155872
2026-09-06 07:52:51,원룸,50224826,월세,02,제주도 제주시 아라일동,제주시,아라일동,600,65,0,42,12.7,4,"아이파크공원인근  상태, 구조좋은 분리형 원룸",https://www.zigbang.com/home/apt/items/50224826
2026-09-06 07:52:51,원룸,50239238,월세,02,제주도 제주시 아라일동,제주시,아라일동,50,38,0,28.12,8.51,1,ㅁㅁ제주대후문.풀옵션.분리형원룸.연세ㅁㅁ,https://www.zigbang.com/home/apt/items/50239238
2026-09-06 07:52:51,원룸,50257641,월세,01,제주도 제주시 아라일동,제주시,아라일동,100,36,0,23.14,7.0,4,제주대 후문 . 연세로 430만원임,https://www.zigbang.com/home/apt/items/50257641
2026-09-06 07:52:51,원룸,50279026,월세,02,제주도 제주시 아라일동,제주시,아라일동,300,53,0,40,12.1,2,제대병원 도보 3분거리 거실 있는 분리형원룸 월세,https://www.zigbang.com/home/apt/items/50279026
2026-09-06 07:52:51,원룸,50284030,월세,02,제주도 제주시 아라일동,제주시,아라일동,200,50,0,35,10.59,2,엘리베이터.주차편리.분리형원룸.월세,https://www.zigbang.com/home/apt/items/50284030
2026-09-06 07:52:51,원룸,50286863,월세,02,제주도 제주시 아라일동,제주시,아라일동,200,50,0,26,7.86,2,아라아이파크 인근 엘레베이터 있는 주방분리형원룸 월세,https://www.zigbang.com/home/apt/items/50286863
2026-09-06 07:52:51,원룸,50290296,월세,02,제주도 제주시 아라일동,제주시,아라일동,200,50,0,26.45,8.0,2,"아라동 신축급 작은거실겸주방,침실,욕실구조 원룸",https://www.zigbang.com/home/apt/items/50290296
2026-09-06 07:52:51,원룸,50192468,월세,02,제주도 제주시 이호일동,제주시,이호일동,300,78,0,42,12.7,4,"도리초 인근 반려동물가능 한 아주 넓은 1.5룸 월세,년세",https://www.zigbang.com/home/apt/items/50192468
2026-09-06 07:52:51,원룸,50246122,월세,02,제주도 제주시 외도일동,제주시,외도일동,300,65,0,35,10.59,3,외도제주은행인근  주차좋은 넓은 분리형 원룸임대,https://www.zigbang.com/home/apt/items/50246122
2026-09-06 07:52:57,원룸,50121084,전세,01,제주도 서귀포시 토평동,서귀포시,토평동,5800,0,0,20.25,6.13,2,보증보험가능 서귀포칼호텔인근 토평브리타니 원룸,https://www.zigbang.com/home/apt/items/50121084
2026-09-06 07:52:57,원룸,50271991,월세,01,제주도 서귀포시 동홍동,서귀포시,동홍동,200,43,0,23.14,7.0,2,동홍동 비석거리 남쪽 인근 오픈형 원룸,https://www.zigbang.com/home/apt/items/50271991
2026-09-06 07:52:57,원룸,50272070,월세,01,제주도 서귀포시 동홍동,서귀포시,동홍동,200,45,0,25.56,7.73,2,동홍동 비석거리 남쪽 인근 오픈형 원룸,https://www.zigbang.com/home/apt/items/50272070
2026-09-06 07:53:01,원룸,50142910,월세,01,제주도 제주시 아라일동,제주시,아라일동,200,50,0,29.75,9.0,3,"AA제주대학인근,전망좋은,신축급 풀옵션 원룸AA",https://www.zigbang.com/home/apt/items/50142910
2026-09-06 07:53:02,원룸,50131328,월세,01,제주도 제주시 삼양일동,제주시,삼양일동,200,50,0,24,7.26,1,단기1ㅡ6개월도가능 삼양해수욕장 인근 풀옵션급 년세 원룸,https://www.zigbang.com/home/apt/items/50131328
2026-09-06 07:53:02,원룸,50231768,월세,02,제주도 제주시 삼양삼동,제주시,삼양삼동,200,49,0,30.22,9.14,1,"삼양동 신축급 거실,주방,침실구조",https://www.zigbang.com/home/apt/items/50231768
2026-09-06 07:53:02,원룸,50286504,월세,02,제주도 제주시 삼양삼동,제주시,삼양삼동,200,49,0,28,8.47,1,주방분리형원룸 1층 풀옵션 즉시입주,https://www.zigbang.com/home/apt/items/50286504
2026-09-06 07:53:02,원룸,50288645,월세,02,제주도 제주시 봉개동,제주시,봉개동,300,65,0,45,13.61,1,"대기고, 봉개초 인근 리모델링된 분리형 원룸",https://www.zigbang.com/home/apt/items/50288645
2026-09-06 07:53:02,원룸,49911298,월세,01,제주도 제주시 조천읍 신촌리,제주시,조천읍,100,66,0,41.97,12.7,3,조천읍 신촌리 신축 막힘없는 풀옵션급 평수 넓은 원룸 년세,https://www.zigbang.com/home/apt/items/49911298
2026-09-06 07:53:02,원룸,50288663,월세,04,제주도 제주시 조천읍 신촌리,제주시,조천읍,100,66,0,59.29,17.94,2,조천읍 신촌리 신축 막힘없는 귀한 풀옵션급 투룸 년세,https://www.zigbang.com/home/apt/items/50288663
2026-09-06 07:53:02,원룸,50278368,월세,01,제주도 제주시 조천읍 함덕리,제주시,조천읍,300,50,0,25,7.56,2,함덕 해수욕장 도보권  풀옵션 오픈형원룸 승강기 없는 2층,https://www.zigbang.com/home/apt/items/50278368
2026-09-06 07:53:02,원룸,50291381,월세,02,제주도 제주시 조천읍 함덕리,제주시,조천읍,300,60,0,42.98,13.0,3,"함덕라마다인근 풀옵션  거실 넢은 분리형원룸,엘베없는 3층",https://www.zigbang.com/home/apt/items/50291381
2026-09-06 07:53:03,원룸,50230783,월세,01,제주도 제주시 구좌읍 한동리,제주시,구좌읍,150,40,0,25.23,7.63,2,구좌읍 한동리 오픈형 원룸 월세임대,https://www.zigbang.com/home/apt/items/50230783
2026-09-06 07:54:27,원룸,50011959,월세,03,전남광주시 진도군 조도면 맹골도리,진도군,조도면,33333,44,0,32.33,9.78,1,32미리제곱미터 방임,https://www.zigbang.com/home/apt/items/50011959
2026-09-06 07:54:27,원룸,50043864,월세,02,전남광주시 진도군 조도면 맹골도리,진도군,조도면,12345,50,0,89,26.92,1,QA SH 오피스텔3 매물입니다. 월세,https://www.zigbang.com/home/apt/items/50043864
2026-09-06 07:54:27,원룸,50147171,전세,02,전남광주시 진도군 조도면 맹골도리,진도군,조도면,7000,0,0,79,23.9,1,QA SH 원룸 20 매물 입니다. 0612,https://www.zigbang.com/home/apt/items/50147171
2026-09-06 07:54:27,원룸,50195356,전세,01,전남광주시 진도군 조도면 맹골도리,진도군,조도면,100,0,0,32.51,9.83,5,테스트테스트테스트테스트,https://www.zigbang.com/home/apt/items/50195356
2026-09-06 07:54:27,원룸,50262316,월세,02,전남광주시 진도군 조도면 맹골도리,진도군,조도면,5000,11,0,66.88,20.23,1,실매물 확인 중,https://www.zigbang.com/home/apt/items/50262316
2026-09-06 07:54:27,원룸,50262352,월세,02,전남광주시 진도군 조도면 맹골도리,진도군,조도면,2345,50,0,77.88,23.56,9,관리비 테스트 중,https://www.zigbang.com/home/apt/items/50262352
2026-09-06 07:54:56,원룸,50166465,월세,01,전남광주시 목포시 산정동,목포시,산정동,200,30,0,23.14,7.0,1,006개월 40  주방분리   학생환영 북항00,https://www.zigbang.com/home/apt/items/50166465
2026-09-06 07:54:56,원룸,50167720,월세,02,전남광주시 목포시 죽교동,목포시,죽교동,300,40,0,33.06,10.0,4,00주방분리  중문   북항부근00,https://www.zigbang.com/home/apt/items/50167720
2026-09-06 07:54:56,원룸,50208965,월세,02,전남광주시 목포시 산정동,목포시,산정동,200,28,0,33.05,10.0,1,북항 깨끗하고 혼자 쓰기 좋은 원룸,https://www.zigbang.com/home/apt/items/50208965
2026-09-06 07:54:56,원룸,50273327,월세,02,전남광주시 목포시 산정동,목포시,산정동,200,30,0,30,9.07,2,서부초 인근  분리원룸,https://www.zigbang.com/home/apt/items/50273327
2026-09-06 07:54:56,원룸,50196317,월세,02,전남광주시 영암군 삼호읍 용앙리,영암군,삼호읍,1000,110,0,104.22,31.53,1,O NEW O올리모델링O 첫입주 O 단독주택 O,https://www.zigbang.com/home/apt/items/50196317
2026-09-06 07:54:56,원룸,50196322,월세,02,전남광주시 영암군 삼호읍 용앙리,영암군,삼호읍,1000,90,0,80.82,24.45,2,O NEW O 올리모델링 O 첫입주 O거실1방3화1O,https://www.zigbang.com/home/apt/items/50196322
2026-09-06 07:54:56,원룸,50158146,월세,02,전남광주시 목포시 옥암동,목포시,옥암동,200,28,0,29.97,9.07,2,"十 부흥동 주민센터 인근, 주방분리, 엘리베이터",https://www.zigbang.com/home/apt/items/50158146
2026-09-06 07:54:56,원룸,50187583,월세,02,전남광주시 목포시 옥암동,목포시,옥암동,200,35,0,21.86,6.61,4,"十 부흥동 주민센터 인근, 주방분리, 엘리베이터",https://www.zigbang.com/home/apt/items/50187583
2026-09-06 07:54:56,원룸,50197896,월세,01,전남광주시 목포시 옥암동,목포시,옥암동,200,40,0,29.75,9.0,4,00엘리베이터 주차장완비 동물협의 단기협의 평화광장부근00,https://www.zigbang.com/home/apt/items/50197896
2026-09-06 07:54:56,원룸,50259205,월세,02,전남광주시 목포시 옥암동,목포시,옥암동,200,35,0,27,8.17,2,"十 풀옵션, 평화광장 인근, 엘리베이터, 주차장",https://www.zigbang.com/home/apt/items/50259205
2026-09-06 07:54:56,원룸,50280894,월세,01,전남광주시 목포시 옥암동,목포시,옥암동,200,30,0,30,9.07,2,O NEW O 엘베 O 평광 인근 O 관리비 없음O,https://www.zigbang.com/home/apt/items/50280894
2026-09-06 07:54:56,원룸,50294870,월세,01,전남광주시 목포시 옥암동,목포시,옥암동,200,38,0,29.75,9.0,4,00동물  단기협의 주차장넓은 원룸평00,https://www.zigbang.com/home/apt/items/50294870
2026-09-06 07:54:56,원룸,50299389,월세,01,전남광주시 목포시 옥암동,목포시,옥암동,200,35,0,26.45,8.0,4,00동물협의6개월협의  넓은 원룸주방분리북밭이장평00,https://www.zigbang.com/home/apt/items/50299389
2026-09-06 07:55:00,원룸,50019539,월세,01,전남광주시 목포시 산정동,목포시,산정동,200,30,0,23.14,7.0,1,004개월40 신축원룸 중앙시장 부근00,https://www.zigbang.com/home/apt/items/50019539
2026-09-06 07:55:00,원룸,50028896,월세,02,전남광주시 목포시 산정동,목포시,산정동,500,50,0,33,9.98,2,신축 1.5룸 방볼수있고 8월말입주가능,https://www.zigbang.com/home/apt/items/50028896
2026-09-06 07:55:00,원룸,50037952,월세,02,전남광주시 목포시 산정동,목포시,산정동,200,38,0,40,12.1,1,중앙시장 인근 방.주방.거실분리,https://www.zigbang.com/home/apt/items/50037952
2026-09-06 07:55:00,원룸,50087159,월세,02,전남광주시 목포시 산정동,목포시,산정동,300,40,0,45,13.61,2,중앙시장 인근 넓은방.주방겸 거실,https://www.zigbang.com/home/apt/items/50087159
2026-09-06 07:55:00,원룸,50110851,월세,01,전남광주시 목포시 산정동,목포시,산정동,200,30,0,26.45,8.0,3,00단기 금액협의 침대 주방분리 중앙시장부근00,https://www.zigbang.com/home/apt/items/50110851
2026-09-06 07:55:00,원룸,50135461,월세,01,전남광주시 목포시 산정동,목포시,산정동,200,30,0,23.14,7.0,3,00 붙박이장 주방분리 큰원룸 중앙시장부근00,https://www.zigbang.com/home/apt/items/50135461
2026-09-06 07:55:00,원룸,50169783,월세,02,전남광주시 목포시 산정동,목포시,산정동,200,35,0,29.75,9.0,2,00침대 없음 저렴한투룸  중앙시장부근00,https://www.zigbang.com/home/apt/items/50169783
2026-09-06 07:55:00,원룸,50178134,월세,01,전남광주시 목포시 산정동,목포시,산정동,200,30,0,25.06,7.58,1,004개월40 신축원룸 중앙시장 부근00,https://www.zigbang.com/home/apt/items/50178134
2026-09-06 07:55:00,원룸,50226898,월세,01,전남광주시 목포시 산정동,목포시,산정동,200,30,0,20.45,6.19,1,00침대없음  작은방 신축원룸  중앙시장부근00,https://www.zigbang.com/home/apt/items/50226898
2026-09-06 07:55:01,원룸,50110624,월세,03,전남광주시 무안군 삼향읍 남악리,무안군,삼향읍,1000,60,0,43,13.01,3,"十 신축 복층 투룸, 풀옵션,화장실2개,베란다",https://www.zigbang.com/home/apt/items/50110624
2026-09-06 07:55:01,원룸,50195983,월세,01,전남광주시 무안군 삼향읍 남악리,무안군,삼향읍,1000,60,0,26.45,8.0,3,"V, 복층  풀옵션,, 화장실2,야외테라스 있음",https://www.zigbang.com/home/apt/items/50195983
2026-09-06 07:55:01,원룸,50285434,월세,03,전남광주시 무안군 삼향읍 남악리,무안군,삼향읍,1000,60,0,45,13.61,3,.남악시장 인근.신축 풀옵션 복층형 깨끗한방 붙박이장,https://www.zigbang.com/home/apt/items/50285434
2026-09-06 07:55:02,원룸,50255123,월세,01,전남광주시 무안군 무안읍 성남리,무안군,무안읍,200,33,0,28,8.47,3,원룸 풀옵션 즉입주,https://www.zigbang.com/home/apt/items/50255123
2026-09-06 07:56:38,원룸,50011595,월세,01,전남광주시 나주시 송월동,나주시,송월동,200,24,0,24,7.26,3,Choiceㅣ최고의 선택ㅣ나주역ㅣ나주시청부근ㅣ깔끔ㅣ,https://www.zigbang.com/home/apt/items/50011595
2026-09-06 07:56:38,원룸,50030974,월세,01,전남광주시 나주시 송월동,나주시,송월동,200,30,0,19.73,5.97,2,송월동 오픈형 원룸 풀옵션 컨디션좋은 매물 즉시입주가능,https://www.zigbang.com/home/apt/items/50030974
2026-09-06 07:56:38,원룸,50127988,월세,02,전남광주시 나주시 송월동,나주시,송월동,200,30,0,23.78,7.19,3,송월동 분리형 풀옵션 주민센터인근 생활권편리 내부깔끔,https://www.zigbang.com/home/apt/items/50127988
2026-09-06 07:56:38,원룸,50194882,월세,02,전남광주시 나주시 이창동,나주시,이창동,200,35,0,25.9,7.83,5,이창동 1.5룸 큰도로  풀옵션 깔끔  버스승강장 큰도로,https://www.zigbang.com/home/apt/items/50194882
2026-09-06 07:56:38,원룸,50212018,월세,02,전남광주시 나주시 송월동,나주시,송월동,200,30,0,21.8,6.59,2,송월동 분리형원룸 생활권편리 내부깨긋합니다 협의 입주가,https://www.zigbang.com/home/apt/items/50212018
2026-09-06 07:56:38,원룸,50220391,월세,02,전남광주시 나주시 송월동,나주시,송월동,200,30,0,18.18,5.5,2,송월동 원룸 즉시입주 깔끔 오피스텔구조,https://www.zigbang.com/home/apt/items/50220391
2026-09-06 07:56:38,원룸,50220393,월세,02,전남광주시 나주시 송월동,나주시,송월동,200,30,0,23.14,7.0,2,이유있는1등ll원룸 풀옵션ll다성,https://www.zigbang.com/home/apt/items/50220393
2026-09-06 07:56:38,원룸,50237648,월세,02,전남광주시 나주시 송월동,나주시,송월동,200,30,0,23.13,7.0,3,송월동 관리잘된 신축 풀옵션 내부깔끔 분리형원룸 업체청소,https://www.zigbang.com/home/apt/items/50237648
2026-09-06 07:56:38,원룸,50259879,월세,02,전남광주시 나주시 송월동,나주시,송월동,200,30,0,19.83,6.0,3,실매물만 올리는 풀옵션 원룸 즉시입주 도배청소완벽,https://www.zigbang.com/home/apt/items/50259879
2026-09-06 07:56:38,원룸,50259904,월세,02,전남광주시 나주시 송월동,나주시,송월동,200,30,0,19.83,6.0,3,Oo원룸 위치좋은 즉시입주 풀옵션oO,https://www.zigbang.com/home/apt/items/50259904
2026-09-06 07:56:38,원룸,50262028,월세,01,전남광주시 나주시 이창동,나주시,이창동,200,30,0,22.55,6.82,5,이창동 풀옵션 원룸 큰길가 내부깔끔 생활권편리 협의입주,https://www.zigbang.com/home/apt/items/50262028
2026-09-06 07:56:38,원룸,50263214,월세,02,전남광주시 나주시 이창동,나주시,이창동,200,30,0,21.8,6.59,3,이창동 깔끔한 매물 생활권편리 풀옵션 원룸입니다,https://www.zigbang.com/home/apt/items/50263214
2026-09-06 07:56:38,원룸,50299017,월세,02,전남광주시 나주시 송월동,나주시,송월동,200,35,0,23.73,7.18,3,깔끔한 준신축 풀옵션 미니투룸  생활권편리 업체청소해드림,https://www.zigbang.com/home/apt/items/50299017
2026-09-06 07:56:38,원룸,50301762,월세,01,전남광주시 나주시 이창동,나주시,이창동,100,23,0,27,8.17,3,Choiceㅣ최고의 선택ㅣ이창동ㅣ풍물시장부근ㅣ깔끔ㅣ,https://www.zigbang.com/home/apt/items/50301762
2026-09-06 07:56:39,원룸,50016946,월세,02,전남광주시 나주시 빛가람동,나주시,빛가람동,500,50,0,28,8.47,3,1.5룸  풀옵션 내부깔끔  생활권편리 단기가능,https://www.zigbang.com/home/apt/items/50016946
2026-09-06 07:56:39,원룸,50106294,월세,01,전남광주시 나주시 빛가람동,나주시,빛가람동,500,50,0,30.77,9.31,7,생활권이 편리한 깨끗한 오피스텔입니다.,https://www.zigbang.com/home/apt/items/50106294
2026-09-06 07:56:39,원룸,50139054,월세,01,전남광주시 나주시 빛가람동,나주시,빛가람동,2500,20,0,46.28,14.0,5,빛가람동 중흥메가티움2차 원룸 임대,https://www.zigbang.com/home/apt/items/50139054
2026-09-06 07:56:39,원룸,50221540,월세,02,전남광주시 나주시 빛가람동,나주시,빛가람동,1000,55,0,70.7,21.39,중,빛가람동 토담휴로스1차 분리형원룸 임대,https://www.zigbang.com/home/apt/items/50221540
2026-09-06 07:56:39,원룸,50222466,월세,04,전남광주시 나주시 빛가람동,나주시,빛가람동,1000,75,0,95.87,29.0,12,빛가람동 중흥메가티움 2룸 임대,https://www.zigbang.com/home/apt/items/50222466
2026-09-06 07:56:39,원룸,50262695,월세,03,전남광주시 나주시 빛가람동,나주시,빛가람동,300,40,0,22.64,6.85,5,호텔형 풀옵션원룸  내부깔끔 침대포함   몸만 들어오세요,https://www.zigbang.com/home/apt/items/50262695
2026-09-06 07:56:39,원룸,50194917,월세,01,전남광주시 나주시 산포면 매성리,나주시,산포면,200,30,0,29.16,8.82,3,매성리 관리잘된 풀옵션 원룸 혁신도시5분거리 LPG사용,https://www.zigbang.com/home/apt/items/50194917
2026-09-06 07:56:39,원룸,50271314,전세,02,전남광주시 나주시 빛가람동,나주시,빛가람동,7500,0,0,78.3,23.69,2,남향 즉시입주 생활권편리 내부깔끔 방2개 거실 화장실,https://www.zigbang.com/home/apt/items/50271314
2026-09-06 07:56:39,원룸,50043895,월세,02,전남광주시 남구 송하동,남구,송하동,200,29,0,33.06,10.0,3,ㅣ실시간 업데이트 ㅣ실매물ㅣ가성비 좋은방ㅣ,https://www.zigbang.com/home/apt/items/50043895
2026-09-06 07:56:39,원룸,50120910,월세,02,전남광주시 남구 진월동,남구,진월동,200,21,0,29.75,9.0,4,P㉧INT II눈부신채광II가성비갑II놓치면 후회III,https://www.zigbang.com/home/apt/items/50120910
2026-09-06 07:56:39,원룸,50161906,월세,02,전남광주시 남구 송하동,남구,송하동,300,31,0,29.75,9.0,2,ll P ll 실제 가격 ll 신축 원룸 ll 실제 매물,https://www.zigbang.com/home/apt/items/50161906
2026-09-06 07:56:39,원룸,50161949,월세,02,전남광주시 남구 송하동,남구,송하동,200,31,0,21.77,6.59,2,ll P ll 실제 가격 ll 송원대 5분 ll 실제 매물,https://www.zigbang.com/home/apt/items/50161949
2026-09-06 07:56:39,원룸,50162050,월세,02,전남광주시 남구 송하동,남구,송하동,300,34,0,20.74,6.27,3,ll P ll 실제 가격 ll 실제 매물 ll 완전 풀옵션,https://www.zigbang.com/home/apt/items/50162050
2026-09-06 07:56:39,원룸,50173160,월세,02,전남광주시 남구 진월동,남구,진월동,200,35,0,36.25,10.97,고,ㅁ진월동 광주대생 원픽 신축 풀옵션 원룸 화이트톤 귀한방,https://www.zigbang.com/home/apt/items/50173160
2026-09-06 07:56:39,원룸,50235453,월세,02,전남광주시 남구 행암동,남구,행암동,300,31,0,33.11,10.02,2,ll P ll 실제 가격 ll 실제매물 ll 구조 좋은 방,https://www.zigbang.com/home/apt/items/50235453
2026-09-06 07:56:39,원룸,50236681,월세,01,전남광주시 남구 송하동,남구,송하동,300,31,0,24,7.26,3,Choiceㅣ최고의 선택 광주대코앞I빌트인구조,https://www.zigbang.com/home/apt/items/50236681
2026-09-06 07:56:39,원룸,50244438,월세,02,전남광주시 남구 진월동,남구,진월동,200,21,0,29.75,9.0,2,POINT III 가성비끝 III 눈부신채광 III,https://www.zigbang.com/home/apt/items/50244438
2026-09-06 07:56:39,원룸,50244504,월세,01,전남광주시 남구 진월동,남구,진월동,200,21,0,28.99,8.77,2,POINT III 가성비끝 III 눈부신채광 III,https://www.zigbang.com/home/apt/items/50244504
2026-09-06 07:56:39,원룸,50301508,월세,02,전남광주시 남구 진월동,남구,진월동,200,26,0,19.39,5.87,3,ll P ll 광주대 원룸 ll 실제 매물 ll 가성비최고,https://www.zigbang.com/home/apt/items/50301508
2026-09-06 07:56:41,원룸,50032233,월세,02,전남광주시 화순군 화순읍 일심리,화순군,화순읍,200,31,0,23.14,7.0,2,II P II 화이트톤 I 깔끔 I 사이즈굿,https://www.zigbang.com/home/apt/items/50032233
2026-09-06 07:56:41,원룸,50032281,월세,02,전남광주시 화순군 화순읍 일심리,화순군,화순읍,200,24,0,23.14,7.0,2,ll P ll 단기가능 l갓성비l SS급 매물l,https://www.zigbang.com/home/apt/items/50032281
2026-09-06 07:56:47,원룸,50181400,월세,02,전남광주시 여수시 돌산읍 우두리,여수시,돌산읍,200,38,0,33,9.98,3,돌산읍 우두리 신축 엘베 투룸 방 거실 화장실 월세,https://www.zigbang.com/home/apt/items/50181400
2026-09-06 07:56:47,원룸,50284068,월세,02,전남광주시 여수시 돌산읍 우두리,여수시,돌산읍,300,43,0,33,9.98,2,동백초 인근최 신축 풀옵션   거실 방1 구조,https://www.zigbang.com/home/apt/items/50284068
2026-09-06 07:56:47,원룸,50036654,월세,02,전남광주시 여수시 문수동,여수시,문수동,200,48,0,40,12.1,2,New 부영9차인근 준신축 깔끔한 투룸,https://www.zigbang.com/home/apt/items/50036654
2026-09-06 07:56:47,원룸,50055173,월세,02,전남광주시 여수시 웅천동,여수시,웅천동,1000,39,0,55.14,16.68,3,"떴다.즉시입주가능.귀한월세.전입불가,1년계약 초특가",https://www.zigbang.com/home/apt/items/50055173
2026-09-06 07:56:47,원룸,50132592,월세,01,전남광주시 여수시 웅천동,여수시,웅천동,1000,39,0,49.84,15.08,고,단기임대 가능한 빌트인 가전가구 풀옵션.,https://www.zigbang.com/home/apt/items/50132592
2026-09-06 07:56:47,원룸,50132624,월세,01,전남광주시 여수시 웅천동,여수시,웅천동,500,42,0,49.84,15.08,2,시세대비 저렴한 2층세대,https://www.zigbang.com/home/apt/items/50132624
2026-09-06 07:56:47,원룸,50132627,월세,01,전남광주시 여수시 웅천동,여수시,웅천동,200,48,0,49.84,15.08,4,빌트인 가전 풀옵션 레지던스. 즉시입주,https://www.zigbang.com/home/apt/items/50132627
2026-09-06 07:56:47,원룸,50186040,월세,01,전남광주시 여수시 신기동,여수시,신기동,200,33,0,24,7.26,3,New 시전주민센터인근 풀옵션 깔끔한 원룸,https://www.zigbang.com/home/apt/items/50186040
2026-09-06 07:56:47,원룸,50191659,월세,02,전남광주시 여수시 문수동,여수시,문수동,200,35,0,33,9.98,3,"문수동 부영9차 인근
거실방1구조
풀옵션",https://www.zigbang.com/home/apt/items/50191659
2026-09-06 07:56:47,원룸,50228436,월세,03,전남광주시 여수시 문수동,여수시,문수동,300,47,0,40,12.1,1,New 부영9차인근 깔끔하고 깨끗한 1층 복층원룸,https://www.zigbang.com/home/apt/items/50228436
2026-09-06 07:56:47,원룸,50254215,월세,01,전남광주시 여수시 문수동,여수시,문수동,200,30,0,26,7.86,2,New 부영9차인근 넓고 깔끔한 원룸,https://www.zigbang.com/home/apt/items/50254215
2026-09-06 07:56:47,원룸,50260676,월세,02,전남광주시 여수시 문수동,여수시,문수동,200,25,0,26.45,8.0,2,llSOLll문수동 테니스장 인근ll분리형 원룸ll즉시입주,https://www.zigbang.com/home/apt/items/50260676
2026-09-06 07:56:47,원룸,50260842,월세,02,전남광주시 여수시 문수동,여수시,문수동,200,30,0,26.43,8.0,3,llSOLll문수 흥화아파트 인근ll넓은 방싸이즈ll풀옵션,https://www.zigbang.com/home/apt/items/50260842
2026-09-06 07:56:47,원룸,50260845,월세,02,전남광주시 여수시 여서동,여수시,여서동,200,35,0,23.1,6.99,2,llSOLll부영초 인근ll분리형원룸 구조ll풀옵션,https://www.zigbang.com/home/apt/items/50260845
2026-09-06 07:56:47,원룸,50260850,월세,02,전남광주시 여수시 문수동,여수시,문수동,100,28,0,23.14,7.0,4,llSOLll여서동로터리 인근ll관리상태 좋은집ll즉시입주,https://www.zigbang.com/home/apt/items/50260850
2026-09-06 07:56:47,원룸,50265695,월세,02,전남광주시 여수시 문수동,여수시,문수동,200,35,0,36,10.89,2,New 부영9차인근 깨끗하고 가성비 좋은 투룸,https://www.zigbang.com/home/apt/items/50265695
2026-09-06 07:56:48,원룸,49962767,월세,01,전남광주시 여수시 미평동,여수시,미평동,100,30,0,25,7.56,3,미평동 엘베유 대학생 직장인 풀옵션 원룸,https://www.zigbang.com/home/apt/items/49962767
2026-09-06 07:56:48,원룸,50000290,월세,01,전남광주시 여수시 미평동,여수시,미평동,100,30,0,25,7.56,4,한국전력공사뒤쪽 원룸 풀옵션 엘베 주차장넓음,https://www.zigbang.com/home/apt/items/50000290
2026-09-06 07:56:48,원룸,50032129,월세,01,전남광주시 여수시 미평동,여수시,미평동,100,35,0,30,9.07,3,태양 진남여중인근 깔끔하고 넓은 방,https://www.zigbang.com/home/apt/items/50032129
2026-09-06 07:56:48,원룸,50069847,월세,02,전남광주시 여수시 미평동,여수시,미평동,200,43,0,33,9.98,2,미평동 주민센터 근처 엘베운영 신축 풀옵션 투룸 즉시입주,https://www.zigbang.com/home/apt/items/50069847
2026-09-06 07:56:48,원룸,50176561,월세,01,전남광주시 여수시 미평동,여수시,미평동,100,28,0,25,7.56,4,미평동 풀옵션 넓은 원룸 즉시입주,https://www.zigbang.com/home/apt/items/50176561
2026-09-06 07:56:48,원룸,50260900,월세,02,전남광주시 여수시 미평동,여수시,미평동,100,25,0,26.45,8.0,3,llSOLll전남대 인근ll가성비 좋은 원룸ll즉시입주,https://www.zigbang.com/home/apt/items/50260900
2026-09-06 07:56:48,원룸,50266074,월세,02,전남광주시 여수시 미평동,여수시,미평동,200,40,0,40,12.1,3,New 전남대인근 깔끔 깨끗한 투룸,https://www.zigbang.com/home/apt/items/50266074
2026-09-06 07:56:47,원룸,50081708,월세,02,전남광주시 여수시 덕충동,여수시,덕충동,300,45,0,40,12.1,2,New 현암도서관인근 넓고 깔끔한 투룸,https://www.zigbang.com/home/apt/items/50081708
2026-09-06 07:56:47,원룸,50089673,월세,01,전남광주시 여수시 여서동,여수시,여서동,100,25,0,25,7.56,1,"여서동 원룸월세
주민센터 인근",https://www.zigbang.com/home/apt/items/50089673
2026-09-06 07:56:47,원룸,50122488,전세,02,전남광주시 여수시 봉강동,여수시,봉강동,6000,0,0,40,12.1,3,New 여수서초등인근 깔끔하고 깨끗한 투룸,https://www.zigbang.com/home/apt/items/50122488
2026-09-06 07:56:47,원룸,50122557,전세,02,전남광주시 여수시 오림동,여수시,오림동,5000,0,0,40,12.1,3,New 이마트인근 넓고 깔끔한 투룸,https://www.zigbang.com/home/apt/items/50122557
2026-09-06 07:56:47,원룸,50192113,월세,02,전남광주시 여수시 여서동,여수시,여서동,200,35,0,26,7.86,1,New 여서주공인근 풀옵션 1층 미투,https://www.zigbang.com/home/apt/items/50192113
2026-09-06 07:56:47,원룸,50221238,월세,01,전남광주시 여수시 신월동,여수시,신월동,300,45,0,40,12.1,3,태양 신월동  깔끔한 신축급으로 깔끔하고 엘베있는 집,https://www.zigbang.com/home/apt/items/50221238
2026-09-06 07:56:47,원룸,50234333,월세,01,전남광주시 여수시 여서동,여수시,여서동,200,30,0,22,6.65,2,New 금오아파트 인근 깨끗한 원룸,https://www.zigbang.com/home/apt/items/50234333
2026-09-06 07:56:47,원룸,50260761,월세,02,전남광주시 여수시 여서동,여수시,여서동,200,30,0,26.45,8.0,3,llSOLll관리상태 좋은집ll여서동주민센터인근ll즉시입주,https://www.zigbang.com/home/apt/items/50260761
2026-09-06 07:56:47,원룸,50260860,월세,02,전남광주시 여수시 덕충동,여수시,덕충동,200,40,0,33.06,10.0,3,llAll충민사 인근ll거실1 방1구조ll즉시입주가능,https://www.zigbang.com/home/apt/items/50260860
2026-09-06 07:56:47,원룸,50260874,월세,02,전남광주시 여수시 덕충동,여수시,덕충동,300,50,0,36.36,11.0,4,llAll충민사 인근 신축ll거실1방1구조ll즉시입주가능,https://www.zigbang.com/home/apt/items/50260874
2026-09-06 07:56:47,원룸,50260887,월세,01,전남광주시 여수시 덕충동,여수시,덕충동,200,30,0,26.45,8.0,3,llSOLll엑스포역 인근ll신축급 원룸ll즉시입주가능ll,https://www.zigbang.com/home/apt/items/50260887
2026-09-06 07:56:47,원룸,50282812,월세,02,전남광주시 여수시 여서동,여수시,여서동,200,35,0,34,10.28,2,New 여서주공2단지인근 깔끔한 미니투룸,https://www.zigbang.com/home/apt/items/50282812
2026-09-06 07:56:47,원룸,50296789,월세,02,전남광주시 여수시 여서동,여수시,여서동,300,40,0,36.36,11.0,1,llSOLll여서동 주민센터 인근ll거실1 방1구조ll,https://www.zigbang.com/home/apt/items/50296789
2026-09-06 07:56:47,원룸,50301777,월세,02,전남광주시 여수시 여서동,여수시,여서동,200,35,0,28,8.47,2,여서동 주민센터 인근 준신축 가성비좋은 미니투룸 즉시입주,https://www.zigbang.com/home/apt/items/50301777
2026-09-06 07:56:50,원룸,50046394,월세,02,전남광주시 순천시 오천동,순천시,오천동,500,49,0,39.67,12.0,2,오천지구 깔끔한 투룸임대 방하나 거실하나 화장실 풀옵션,https://www.zigbang.com/home/apt/items/50046394
2026-09-06 07:56:50,원룸,50156879,월세,01,전남광주시 순천시 덕월동,순천시,덕월동,300,36,0,29.75,9.0,2,올리모델링 즉시입주 풀옵션 오천지구 도보5분거리,https://www.zigbang.com/home/apt/items/50156879
2026-09-06 07:56:50,원룸,50180344,월세,02,전남광주시 순천시 연향동,순천시,연향동,300,32,0,27,8.17,1,연향3지구 풀옵션 신축  원룸 임대 즉시입주,https://www.zigbang.com/home/apt/items/50180344
2026-09-06 07:56:50,원룸,50213540,월세,02,전남광주시 순천시 연향동,순천시,연향동,300,55,0,29.75,9.0,3,연향3지구 깨끗하게 관리된 풀옵션 쓰리룸 임대,https://www.zigbang.com/home/apt/items/50213540
2026-09-06 07:56:50,원룸,50147436,월세,01,전남광주시 순천시 매곡동,순천시,매곡동,200,30,0,26.44,8.0,1,순천대 기숙사 후문 부근 저렴한 신축원룸 임대,https://www.zigbang.com/home/apt/items/50147436
2026-09-06 07:56:50,원룸,50180366,전세,02,전남광주시 순천시 석현동,순천시,석현동,6000,0,0,33.3,10.07,3,"순천대학교 부근 신축 투룸 전세 임대,엘리베이터있음",https://www.zigbang.com/home/apt/items/50180366
2026-09-06 07:56:50,원룸,50180425,월세,01,전남광주시 순천시 석현동,순천시,석현동,100,28,0,20,6.05,4,향림중 부근 풀옵션 신축 원룸 임대엘리베이터있음,https://www.zigbang.com/home/apt/items/50180425
2026-09-06 07:56:50,원룸,50216391,월세,01,전남광주시 순천시 석현동,순천시,석현동,200,38,0,24,7.26,2,향림현대아파트부근 엘리베이터유 풀옵션원룸 임대,https://www.zigbang.com/home/apt/items/50216391
2026-09-06 07:56:50,원룸,50230242,월세,01,전남광주시 순천시 석현동,순천시,석현동,200,35,0,26.45,8.0,5,순천대 코코마트부근 깨끗한 원룸 내부풀옵 보증금월세조정가능,https://www.zigbang.com/home/apt/items/50230242
2026-09-06 07:56:50,원룸,50230268,월세,01,전남광주시 순천시 석현동,순천시,석현동,100,25,0,16.53,5.0,2,향림중 부근 풀옵션 저렴한 신축 원룸 임대엘리베이터있음,https://www.zigbang.com/home/apt/items/50230268
2026-09-06 07:56:50,원룸,50266306,월세,02,전남광주시 순천시 가곡동,순천시,가곡동,200,40,0,33.06,10.0,2,가곡동 드라마시티 부근 10월중 협의 입주가능,https://www.zigbang.com/home/apt/items/50266306
2026-09-06 07:56:50,원룸,50275763,월세,02,전남광주시 광양시 광양읍 칠성리,광양시,광양읍,100,25,0,29,8.77,4,광양 서초등학교부근 조용하고 깔끔한 1.5룸,https://www.zigbang.com/home/apt/items/50275763
2026-09-06 07:56:50,원룸,50286449,월세,02,전남광주시 광양시 광양읍 덕례리,광양시,광양읍,100,25,0,29,8.77,3,덕례리 주차편하고 조용한 분리형 원룸,https://www.zigbang.com/home/apt/items/50286449
2026-09-06 07:56:50,원룸,50286561,월세,02,전남광주시 광양시 광양읍 칠성리,광양시,광양읍,100,25,0,29,8.77,2,광양읍 서천변  컨디션 좋은 조용하고 주차편한 분리형 원룸,https://www.zigbang.com/home/apt/items/50286561
2026-09-06 07:56:50,원룸,49977248,전세,01,전남광주시 순천시 해룡면 상삼리,순천시,해룡면,5000,0,0,23.14,7.0,2,"팔마초 부근 풀옵션 원룸 임대, 주방분리형",https://www.zigbang.com/home/apt/items/49977248
2026-09-06 07:56:50,원룸,49999636,월세,01,전남광주시 순천시 해룡면 상삼리,순천시,해룡면,200,30,0,27,8.17,2,순천 팔마초 인근 깔끔하게 정비된 원룸.,https://www.zigbang.com/home/apt/items/49999636
2026-09-06 07:56:50,원룸,50010804,월세,01,전남광주시 광양시 광양읍 덕례리,광양시,광양읍,200,40,0,24,7.26,2,광양LF아울렛 맞은편 옵션유 즉시입주가능 엘리베이터유,https://www.zigbang.com/home/apt/items/50010804
2026-09-06 07:56:50,원룸,50054472,월세,01,전남광주시 순천시 해룡면 상삼리,순천시,해룡면,200,32,0,26.44,8.0,4,신원아르시스 인근 깨끗한 채광좋은 엘리베이터 원룸임대.,https://www.zigbang.com/home/apt/items/50054472
2026-09-06 07:56:50,원룸,50061047,월세,01,전남광주시 순천시 해룡면 상삼리,순천시,해룡면,100,29,0,33.06,10.0,2,"금당 원룸 , 남향, 팔마초부근 깨끗한 원룸  임대",https://www.zigbang.com/home/apt/items/50061047
2026-09-06 07:56:50,원룸,50112025,월세,01,전남광주시 순천시 해룡면 상삼리,순천시,해룡면,200,33,0,26,7.86,3,팔마초부근 예쁜 신축 원룸 임대 풀옵션 즉시입주,https://www.zigbang.com/home/apt/items/50112025
2026-09-06 07:56:50,원룸,50131947,월세,01,전남광주시 순천시 조례동,순천시,조례동,200,30,0,25,7.56,2,왕지지구 동명교회 인근 엘리베이터 원룸 임대,https://www.zigbang.com/home/apt/items/50131947
2026-09-06 07:56:50,원룸,50220060,월세,01,전남광주시 광양시 광양읍 덕례리,광양시,광양읍,200,35,0,21,6.35,1,광양LF아울렛 맞은편에 위치한 신축원룸 임대,https://www.zigbang.com/home/apt/items/50220060
2026-09-06 07:56:50,원룸,50275705,월세,02,전남광주시 광양시 광양읍 덕례리,광양시,광양읍,100,26,0,29.75,9.0,3,덕례리 엘리베이터 있는 분리형원룸,https://www.zigbang.com/home/apt/items/50275705
2026-09-06 07:56:50,원룸,50286554,월세,02,전남광주시 광양시 광양읍 덕례리,광양시,광양읍,100,30,0,29,8.77,2,덕례리 엘베있는 컨디션 좋은 분리형 원룸,https://www.zigbang.com/home/apt/items/50286554
2026-09-06 07:56:50,원룸,50286568,월세,02,전남광주시 광양시 광양읍 덕례리,광양시,광양읍,100,28,0,29,8.77,2,덕례리 엘리베이터 있는 시설좋은 분리형 원룸,https://www.zigbang.com/home/apt/items/50286568
2026-09-06 07:56:50,원룸,50294795,월세,01,전남광주시 광양시 광양읍 덕례리,광양시,광양읍,100,30,0,22.3,6.75,3,ㅕ좋은집 소개ㅑ LF 인근   엘베 있는 관리 잘된 집,https://www.zigbang.com/home/apt/items/50294795
2026-09-06 07:56:50,원룸,50294851,월세,01,전남광주시 광양시 광양읍 덕례리,광양시,광양읍,100,25,0,21.3,6.44,2,ㅕ좋은집 소개ㅑ엘베있는 저렴하고 관리 잘 된 원룸 임대,https://www.zigbang.com/home/apt/items/50294851
2026-09-06 07:56:50,원룸,50294858,월세,01,전남광주시 광양시 광양읍 덕례리,광양시,광양읍,200,30,0,22.3,6.75,3,ㅕ좋은집 소개ㅑ깔끔하고 조용하고 깨끗한 분리형 원룸 임대,https://www.zigbang.com/home/apt/items/50294858
2026-09-06 07:56:50,원룸,50297258,월세,02,전남광주시 광양시 광양읍 덕례리,광양시,광양읍,100,28,0,30,9.07,4,덕례리 방크고 깨끗한  관리최상분리형 원룸,https://www.zigbang.com/home/apt/items/50297258
2026-09-06 07:56:51,원룸,50080956,월세,02,전남광주시 광양시 광양읍 구산리,광양시,광양읍,200,27,0,23.14,7.0,2,무지개원룸입니다,https://www.zigbang.com/home/apt/items/50080956
2026-09-06 07:56:52,원룸,49932537,월세,02,전남광주시 광양시 중동,광양시,중동,200,29,0,29.75,9.0,2,관리잘된.아주깨끗한방 .주차편리,https://www.zigbang.com/home/apt/items/49932537
2026-09-06 07:56:52,원룸,50118737,월세,02,전남광주시 광양시 중동,광양시,중동,200,30,0,29.75,9.0,2,시내생활권. 깨끗하고 조용한 남향집,https://www.zigbang.com/home/apt/items/50118737
2026-09-06 07:56:52,원룸,50236094,월세,02,전남광주시 광양시 중동,광양시,중동,200,38,0,30,9.07,4,강남병원 뒤 인기 탑층 깔끔하고 밝은 투룸 즉시입주 가능,https://www.zigbang.com/home/apt/items/50236094
2026-09-06 07:56:52,원룸,50237256,월세,02,전남광주시 광양시 중동,광양시,중동,200,38,0,30,9.07,3,강남병원 뒤 인기 투룸으로 즉시입주 가능합니다.,https://www.zigbang.com/home/apt/items/50237256
2026-09-06 07:56:52,원룸,50247223,월세,01,전남광주시 광양시 중동,광양시,중동,200,30,0,35,10.59,2,태양 광양중마터미널 인근 알파룸있어요 투룸 만큼 넓어요,https://www.zigbang.com/home/apt/items/50247223
2026-09-06 07:56:52,원룸,50258334,월세,02,전남광주시 광양시 중동,광양시,중동,200,30,0,24,7.26,4,강남병원 뒤 인기 원룸 즉시입주 가능,https://www.zigbang.com/home/apt/items/50258334
2026-09-06 07:56:52,원룸,50297773,월세,02,전남광주시 광양시 중동,광양시,중동,200,25,0,36,10.89,3,터미널인근. 즉시입주.넓고 환한방.주인관리로 깨끗해요,https://www.zigbang.com/home/apt/items/50297773
2026-09-06 07:56:52,원룸,50298813,월세,02,전남광주시 광양시 중동,광양시,중동,200,30,0,30,9.07,2,세면대.수도꼭지.수건비누걸이 기타 새로교체.도배새로함,https://www.zigbang.com/home/apt/items/50298813
2026-09-06 07:57:24,원룸,50123633,월세,02,경상남도 사천시 사남면 월성리,사천시,사남면,1500,26,0,27,8.17,4,원룸 반전세. 공단 걸어서 출퇴근. 보증금월세 조정가능,https://www.zigbang.com/home/apt/items/50123633
2026-09-06 07:57:24,원룸,50216509,월세,02,경상남도 사천시 사남면 화전리,사천시,사남면,100,23,0,26.45,8.0,4,"풀옵션,큰방,가격저렴",https://www.zigbang.com/home/apt/items/50216509
2026-09-06 07:57:24,원룸,50247988,월세,02,경상남도 사천시 사남면 월성리,사천시,사남면,1500,27,0,29.7,8.98,4,"도시가스,풀옵션",https://www.zigbang.com/home/apt/items/50247988
2026-09-06 07:57:24,원룸,50248982,월세,02,경상남도 사천시 사남면 화전리,사천시,사남면,300,25,0,26.45,8.0,2,"도시가스,풀옵션",https://www.zigbang.com/home/apt/items/50248982
2026-09-06 07:57:24,원룸,50169592,월세,02,경상남도 진주시 정촌면 예하리,진주시,정촌면,300,29,0,26.43,8.0,2,㉧ㅡ서빈No.1구해줘홈즈ㅡ㉧추천BEST꿀방,https://www.zigbang.com/home/apt/items/50169592
2026-09-06 07:57:24,원룸,50278291,월세,01,경상남도 진주시 정촌면 예하리,진주시,정촌면,300,34,0,61.71,18.67,5,㉧ㅡ서빈No.1구해줘홈즈ㅡ㉧추천BEST꿀방,https://www.zigbang.com/home/apt/items/50278291
2026-09-06 07:57:24,원룸,49219178,월세,02,경상남도 사천시 사천읍 사주리,사천시,사천읍,300,30,0,33.06,10.0,3,"도시가스,풀옵션,큰원룸",https://www.zigbang.com/home/apt/items/49219178
2026-09-06 07:57:24,원룸,49926986,월세,02,경상남도 사천시 사천읍 선인리,사천시,사천읍,200,28,0,27,8.17,3,가성비 좋은 원룸. 버스터미널 걸어서 10분. 엘리베이터,https://www.zigbang.com/home/apt/items/49926986
2026-09-06 07:57:24,원룸,50115449,월세,02,경상남도 사천시 사천읍 정의리,사천시,사천읍,300,30,0,28,8.47,2,사천읍 엘베있는 막히없는 남향 원룸,https://www.zigbang.com/home/apt/items/50115449
2026-09-06 07:57:24,원룸,50198534,월세,02,경상남도 사천시 사천읍 정의리,사천시,사천읍,300,27,0,26,7.86,3,공설운동장 인근 가성비 좋은 원룸. 구암두량공단 가까워요,https://www.zigbang.com/home/apt/items/50198534
2026-09-06 07:57:24,원룸,50215109,전세,02,경상남도 사천시 사천읍 선인리,사천시,사천읍,5000,0,0,28.98,8.77,3,신축S급 원룸 전세. 큰 방. 정수기랑 커피머신까지.,https://www.zigbang.com/home/apt/items/50215109
2026-09-06 07:57:24,원룸,50215978,월세,02,경상남도 사천시 정동면 고읍리,사천시,정동면,300,33,0,29.7,8.98,4,"도시가스,풀옵션",https://www.zigbang.com/home/apt/items/50215978
2026-09-06 07:57:24,원룸,50220974,월세,02,경상남도 사천시 사천읍 평화리,사천시,사천읍,300,30,0,23,6.96,4,아담한 원룸. 햇살좋은 남동향. 탑마트 걸어서 5분거리.,https://www.zigbang.com/home/apt/items/50220974
2026-09-06 07:57:24,원룸,50266252,월세,02,경상남도 사천시 사천읍 사주리,사천시,사천읍,500,40,0,40.3,12.19,3,"도시가스,풀옵션,큰원룸",https://www.zigbang.com/home/apt/items/50266252
2026-09-06 07:57:24,원룸,50266390,월세,02,경상남도 사천시 사천읍 사주리,사천시,사천읍,300,35,0,33.06,10.0,3,"도시가스,풀옵션,신축성",https://www.zigbang.com/home/apt/items/50266390
2026-09-06 07:57:24,원룸,50269293,월세,02,경상남도 사천시 사천읍 선인리,사천시,사천읍,200,25,0,26,7.86,2,가성비 좋은 원룸. 풀옵션.,https://www.zigbang.com/home/apt/items/50269293
2026-09-06 07:57:24,원룸,50276106,월세,02,경상남도 사천시 사천읍 사주리,사천시,사천읍,500,35,0,26.45,8.0,4,도시가스.풀옵션,https://www.zigbang.com/home/apt/items/50276106
2026-09-06 07:57:24,원룸,50287579,월세,02,경상남도 사천시 정동면 고읍리,사천시,정동면,300,35,0,33.06,10.0,3,"도시가스,풀옵션,큰방",https://www.zigbang.com/home/apt/items/50287579
2026-09-06 07:57:24,원룸,50290179,월세,02,경상남도 사천시 사천읍 수석리,사천시,사천읍,300,30,0,33.06,10.0,2,"도시가스,풀옵션,엘베,큰원룸",https://www.zigbang.com/home/apt/items/50290179
2026-09-06 07:57:24,원룸,50302399,월세,02,경상남도 사천시 사천읍 선인리,사천시,사천읍,200,28,0,30,9.07,2,가성비 좋은 원룸. 엘리베이터. 시외버스터미널 도보10분,https://www.zigbang.com/home/apt/items/50302399
2026-09-06 07:57:24,원룸,50060524,월세,01,경상남도 진주시 가좌동,진주시,가좌동,100,21,0,23.13,7.0,3,㉧ㅡ서빈No.1구해줘홈즈ㅡ㉧추천BEST꿀방,https://www.zigbang.com/home/apt/items/50060524
2026-09-06 07:57:24,원룸,50060623,월세,01,경상남도 진주시 가좌동,진주시,가좌동,2000,40,0,53.57,16.2,고,즉시입주가능㉧ㅡ서빈No.1구해줘홈즈ㅡ㉧추천BEST꿀방,https://www.zigbang.com/home/apt/items/50060623
2026-09-06 07:57:24,원룸,50072727,월세,02,경상남도 진주시 가좌동,진주시,가좌동,300,37,0,26.45,8.0,3,"경상대 정문바로앞 원룸 많은 지역, 단기6개월 가능",https://www.zigbang.com/home/apt/items/50072727
2026-09-06 07:57:24,원룸,50119446,월세,02,경상남도 진주시 가좌동,진주시,가좌동,1000,58,0,28,8.47,2,진주 역세권 신축 첫 입주 분리형 원룸,https://www.zigbang.com/home/apt/items/50119446
2026-09-06 07:57:24,원룸,50168381,월세,03,경상남도 진주시 가좌동,진주시,가좌동,500,55,0,55.11,16.67,중,신진주 역세권 줌테라스 복층 단기가능,https://www.zigbang.com/home/apt/items/50168381
2026-09-06 07:57:24,원룸,50168480,월세,03,경상남도 진주시 가좌동,진주시,가좌동,500,55,0,27.63,8.36,11,가좌동 역세권 신축 복층 오피스텔,https://www.zigbang.com/home/apt/items/50168480
2026-09-06 07:57:24,원룸,50185561,월세,01,경상남도 진주시 가좌동,진주시,가좌동,500,50,0,51,15.43,고,신진주역세권 줌테라스 원룸형 오피스텔,https://www.zigbang.com/home/apt/items/50185561
2026-09-06 07:57:24,원룸,50253933,월세,01,경상남도 진주시 가좌동,진주시,가좌동,500,50,0,33.06,10.0,고,신진주 역세권 줌시티 오피스텔 원룸형,https://www.zigbang.com/home/apt/items/50253933
2026-09-06 07:57:24,원룸,50278296,월세,03,경상남도 진주시 가좌동,진주시,가좌동,500,55,0,49.18,14.88,고,복층 꿀방 빠른입주가능 서두르세요,https://www.zigbang.com/home/apt/items/50278296
2026-09-06 07:57:24,원룸,50280895,월세,02,경상남도 진주시 가좌동,진주시,가좌동,1000,75,0,90.32,27.32,6,가좌동 역세권 신축 오피스텔 1.5룸 단기가능,https://www.zigbang.com/home/apt/items/50280895
2026-09-06 07:57:24,원룸,50295012,월세,02,경상남도 진주시 가좌동,진주시,가좌동,200,24,0,23.3,7.05,1,"경상대남문 아파트 인근 엘베 풀옵션 원룸, 단기6개월가능",https://www.zigbang.com/home/apt/items/50295012
2026-09-06 07:57:24,원룸,50295023,월세,02,경상남도 진주시 가좌동,진주시,가좌동,300,33,0,25.2,7.62,3,경상대후문 바로앞 신축건물  자전거도로 첫라인 즉시입주,https://www.zigbang.com/home/apt/items/50295023
2026-09-06 07:57:25,원룸,50084431,월세,02,경상남도 통영시 도천동,통영시,도천동,2000,30,0,39.67,12.0,2,도천동 엘르베이트 있는  깨끗한 미니투룸,https://www.zigbang.com/home/apt/items/50084431
2026-09-06 07:57:25,원룸,50286009,월세,02,경상남도 통영시 동호동,통영시,동호동,300,30,0,33.06,10.0,3,동호동 엔초빌호텔 인근 원룸,https://www.zigbang.com/home/apt/items/50286009
2026-09-06 07:57:26,원룸,50222906,월세,02,경상남도 거제시 사등면 사곡리,거제시,사등면,100,25,0,29.8,9.01,4,저렴하고 깔끔한 원룸,https://www.zigbang.com/home/apt/items/50222906
2026-09-06 07:57:27,원룸,50125427,월세,02,경상남도 거제시 수월동,거제시,수월동,200,30,0,33,9.98,3,ㄷ수월동  깨끗하고 대도로변 1실1주차 도시가스 원룸ㄱ,https://www.zigbang.com/home/apt/items/50125427
2026-09-06 07:57:27,원룸,50143204,월세,02,경상남도 거제시 연초면 죽토리,거제시,연초면,200,25,0,36.36,11.0,3,ㅇ내맘에쏙드는 최신축 남향 럭셔리 미투ㅇ,https://www.zigbang.com/home/apt/items/50143204
2026-09-06 07:57:27,원룸,50167156,월세,01,경상남도 거제시 연초면 오비리,거제시,연초면,200,30,0,29.75,9.0,4,ㅇ올리모델링 모델하우스같은 화이트 깔끔한 원룸ㅇ,https://www.zigbang.com/home/apt/items/50167156
2026-09-06 07:57:27,원룸,50167385,월세,02,경상남도 거제시 연초면 죽토리,거제시,연초면,200,30,0,46.28,14.0,2,ㅇ무조건계약할 최신축 남향 정투룸ㅇ,https://www.zigbang.com/home/apt/items/50167385
2026-09-06 07:57:27,원룸,50176624,월세,02,경상남도 거제시 연초면 연사리,거제시,연초면,100,20,0,36.36,11.0,2,ㅇ금액대비 최상품 신축 가성비 최고 넓은 원룸ㅇ,https://www.zigbang.com/home/apt/items/50176624
2026-09-06 07:57:27,원룸,50207878,월세,02,경상남도 거제시 연초면 오비리,거제시,연초면,200,33,0,52.89,16.0,3,ㅇ이 동네에서 제일좋은 금액저렴 추천 투룸같은방ㅇ,https://www.zigbang.com/home/apt/items/50207878
2026-09-06 07:57:27,원룸,50247937,월세,02,경상남도 거제시 연초면 오비리,거제시,연초면,200,26,0,33.06,10.0,2,ㄷ오비리 저렴하고 깨끗하고 넓은 미니 투룸 관리 잘된곳ㄱ,https://www.zigbang.com/home/apt/items/50247937
2026-09-06 07:57:27,원룸,50256373,월세,02,경상남도 거제시 장평동,거제시,장평동,200,35,0,33,9.98,3,ㄷ장평후문 분리형 거실있는 원룸 출퇴근도보5분 거리ㄱ,https://www.zigbang.com/home/apt/items/50256373
2026-09-06 07:57:27,원룸,50293214,월세,01,경상남도 거제시 장평동,거제시,장평동,200,35,0,26.45,8.0,2,풀옵션 침대 책상있는 원룸 . 홈플러스인근,https://www.zigbang.com/home/apt/items/50293214
2026-09-06 07:57:36,원룸,50129825,월세,02,경상남도 창원시 진해구 안골동,창원시 진해구,안골동,200,37,0,40,12.1,4,넓게 잘나온 깔끔한 방,https://www.zigbang.com/home/apt/items/50129825
2026-09-06 07:57:36,원룸,50004924,월세,02,부산시 강서구 지사동,강서구,지사동,100,26,0,26.2,7.93,3,V단기가능V 빠른입주가능V,https://www.zigbang.com/home/apt/items/50004924
2026-09-06 07:57:36,원룸,50210862,월세,02,부산시 강서구 지사동,강서구,지사동,100,26,0,23.14,7.0,3,ㅁ 깔끔한저렴이 ㅁ 채광좋은집 ㅁ 분리형원룸 ㅁ,https://www.zigbang.com/home/apt/items/50210862
2026-09-06 07:57:37,원룸,50059496,월세,02,부산시 강서구 범방동,강서구,범방동,300,30,0,23.14,7.0,2,범방동 원룸   풀옵션,https://www.zigbang.com/home/apt/items/50059496
2026-09-06 07:57:37,원룸,50144360,월세,01,부산시 강서구 범방동,강서구,범방동,200,30,0,29.75,9.0,2,고급 원룸  주방분리   풀옵션,https://www.zigbang.com/home/apt/items/50144360
2026-09-06 07:57:37,원룸,50144366,월세,01,부산시 강서구 범방동,강서구,범방동,300,30,0,26.44,8.0,1,붙박이장  가성비 좋은 원룸,https://www.zigbang.com/home/apt/items/50144366
2026-09-06 07:57:37,원룸,50144374,월세,01,부산시 강서구 범방동,강서구,범방동,300,30,0,23.14,7.0,2,범방동 원룸  풀옵션  즉시입주,https://www.zigbang.com/home/apt/items/50144374
2026-09-06 07:57:37,원룸,50221473,월세,02,부산시 강서구 범방동,강서구,범방동,300,39,0,26.45,8.0,2,ㅣ공원앞ㅣ큰투룸ㅣ10월초,https://www.zigbang.com/home/apt/items/50221473
2026-09-06 07:57:37,원룸,50233624,월세,02,부산시 강서구 범방동,강서구,범방동,300,29,0,22.81,6.9,2,깔끔그잡채ㅣ귀한방,https://www.zigbang.com/home/apt/items/50233624
2026-09-06 07:57:37,원룸,50269798,월세,02,부산시 강서구 범방동,강서구,범방동,500,56,0,28.75,8.7,2,ㅣ큰 투룸ㅣ직원 숙소 추천ㅣ,https://www.zigbang.com/home/apt/items/50269798
2026-09-06 07:57:37,원룸,50014672,월세,01,부산시 사하구 하단동,사하구,하단동,1000,35,0,15.65,4.73,2,남향 2년차신축건물,https://www.zigbang.com/home/apt/items/50014672
2026-09-06 07:57:37,원룸,50049188,월세,01,부산시 사상구 엄궁동,사상구,엄궁동,500,30,0,18,5.44,3,ㅁ주차 가능ㅁ실매물,https://www.zigbang.com/home/apt/items/50049188
2026-09-06 07:57:37,원룸,50127441,월세,01,부산시 사하구 하단동,사하구,하단동,500,42,0,21.59,6.53,저,학교앞 2분 깔끔컨디션,https://www.zigbang.com/home/apt/items/50127441
2026-09-06 07:57:37,원룸,50148201,월세,01,부산시 사하구 하단동,사하구,하단동,300,30,0,20.62,6.24,2,동아대 5분거리 ㅣ주인직접관리 ㅣ마지막 방,https://www.zigbang.com/home/apt/items/50148201
2026-09-06 07:57:37,원룸,50210473,월세,01,부산시 사하구 하단동,사하구,하단동,500,30,0,23.14,7.0,4,o새단장중o이쁜방o학교앞o,https://www.zigbang.com/home/apt/items/50210473
2026-09-06 07:57:37,원룸,50210570,월세,01,부산시 사하구 하단동,사하구,하단동,100,20,0,26.45,8.0,1,o동아대1분o올수리o,https://www.zigbang.com/home/apt/items/50210570
2026-09-06 07:57:37,원룸,50239437,월세,01,부산시 사상구 학장동,사상구,학장동,100,16,0,16.52,5.0,1,NEW 리모델링 ㅣ 최저가ㅣ단기가능ㅣ실매물,https://www.zigbang.com/home/apt/items/50239437
2026-09-06 07:57:37,원룸,50262958,월세,01,부산시 사하구 하단동,사하구,하단동,1000,35,0,28.66,8.67,4,귀한 매물 ㅣ 날짜 협의가능 ㅣ동아대 앞,https://www.zigbang.com/home/apt/items/50262958
2026-09-06 07:57:37,원룸,50301115,월세,01,부산시 사상구 감전동,사상구,감전동,100,15,0,13.3,4.02,3,ㅇ인터빌C타입ㅇ풀옵션ㅇ난방비포함ㅇ가성비굿ㅇ몸만들어오세요..,https://www.zigbang.com/home/apt/items/50301115
2026-09-06 07:57:37,원룸,50282188,월세,02,부산시 사하구 하단동,사하구,하단동,300,40,0,26.45,8.0,5,I 인기방 I 넓은방 I 완벽옵션 I,https://www.zigbang.com/home/apt/items/50282188
2026-09-06 07:57:37,원룸,50285627,월세,02,부산시 사하구 당리동,사하구,당리동,500,39,0,32,9.68,고,휴누리 제일 넓은 호실,https://www.zigbang.com/home/apt/items/50285627
2026-09-06 07:57:37,원룸,50291247,월세,02,부산시 사하구 당리동,사하구,당리동,300,35,0,17,5.14,5,해잘드는 조용한 원룸 v 즉시입주,https://www.zigbang.com/home/apt/items/50291247
2026-09-06 07:57:37,원룸,50296206,월세,02,부산시 사하구 하단동,사하구,하단동,300,26,0,39.67,12.0,2,큰방ㅣ주방분리ㅣEV  l 큰욕실,https://www.zigbang.com/home/apt/items/50296206
2026-09-06 07:57:37,원룸,50296241,월세,01,부산시 사하구 신평동,사하구,신평동,200,21,0,39.67,12.0,5,정남향ㅣ큰방ㅣ큰욕실ㅣ큰주차장,https://www.zigbang.com/home/apt/items/50296241
2026-09-06 07:57:37,원룸,50296711,월세,02,부산시 사하구 하단동,사하구,하단동,300,25,0,16.12,4.88,4,하단역3분 v 금액조절가능,https://www.zigbang.com/home/apt/items/50296711
2026-09-06 07:57:37,원룸,50297602,월세,03,부산시 사하구 하단동,사하구,하단동,1000,65,0,54.55,16.5,고,하단역2번출구 바로 앞 ㅣ 정말 귀한 투룸 복층,https://www.zigbang.com/home/apt/items/50297602
2026-09-06 07:57:37,원룸,50300971,월세,02,부산시 사하구 하단동,사하구,하단동,100,45,0,23.9,7.23,3,단기 2개월 이상 가능,https://www.zigbang.com/home/apt/items/50300971
2026-09-06 07:57:37,원룸,50301798,월세,01,부산시 사하구 하단동,사하구,하단동,100,14,0,26.44,8.0,2,ㅁ 아파트단지앞 ㅁ 리모델링 ㅁ 깔끔한원룸 ㅁ,https://www.zigbang.com/home/apt/items/50301798
2026-09-06 07:57:37,원룸,50301959,월세,01,부산시 사하구 하단동,사하구,하단동,100,18,0,23.14,7.0,1,가성비 좋은 곳 ㅣ 풀 옵션,https://www.zigbang.com/home/apt/items/50301959
2026-09-06 07:57:39,원룸,50172595,월세,02,부산시 영도구 동삼동,영도구,동삼동,500,25,0,25.87,7.83,4,CC. o 좋은방은타이밍 o o 방1거실1  o 깔끔 o,https://www.zigbang.com/home/apt/items/50172595
2026-09-06 07:57:39,원룸,50239618,월세,01,부산시 영도구 동삼동,영도구,동삼동,300,11,0,15,4.54,3,NEWㅣ 최저가 리모델링ㅣ단기가능,https://www.zigbang.com/home/apt/items/50239618
2026-09-06 07:57:39,원룸,50233523,월세,01,부산시 영도구 동삼동,영도구,동삼동,100,19,0,16.52,5.0,5,NEW 리모델링ㅣ최저가ㅣ엘베있음 ㅣ단기가능,https://www.zigbang.com/home/apt/items/50233523
2026-09-06 07:57:39,원룸,50239505,월세,01,부산시 영도구 동삼동,영도구,동삼동,300,30,0,16.52,5.0,2,NEW 리모델링ㅣ단기가능ㅣ해양대전문ㅣ해양대앞,https://www.zigbang.com/home/apt/items/50239505
2026-09-06 07:57:39,원룸,50239531,월세,03,부산시 영도구 동삼동,영도구,동삼동,200,25,0,19.81,5.99,1,NEW 리모델링ㅣ복층원룸ㅣ단기가능ㅣ보증금조절가능ㅣ,https://www.zigbang.com/home/apt/items/50239531
2026-09-06 07:57:39,원룸,50239633,월세,01,부산시 영도구 동삼동,영도구,동삼동,100,18,0,16.52,5.0,5,NEW리모델링ㅣ단기가능ㅣ보증금조절가능ㅣ주차가,https://www.zigbang.com/home/apt/items/50239633
2026-09-06 07:57:42,원룸,50091547,월세,02,전남광주시 광산구 오선동,광산구,오선동,200,27,0,28,8.47,2,ㅁ추천매물 NOㅁ인기매물 채광굿 풀옵션 원룸,https://www.zigbang.com/home/apt/items/50091547
2026-09-06 07:57:42,원룸,50091570,월세,02,전남광주시 광산구 오선동,광산구,오선동,200,26,0,21.84,6.61,2,ㅁNew추천매물ㅁ수납좋고 채광좋은 풀옵션 원룸,https://www.zigbang.com/home/apt/items/50091570
2026-09-06 07:57:42,원룸,50143483,월세,02,전남광주시 광산구 오선동,광산구,오선동,200,28,0,21.08,6.38,3,ㅣ실시간 A급 인기매물ㅣ갓성비ㅣ채광 굿ㅣ,https://www.zigbang.com/home/apt/items/50143483
2026-09-06 07:57:42,원룸,50302428,월세,02,전남광주시 북구 중흥동,북구,중흥동,100,13,0,17.87,5.41,4,Choiceㅣ최고의 선택ㅣ북구청부근ㅣ초저렴,https://www.zigbang.com/home/apt/items/50302428
2026-09-06 07:57:42,원룸,50302431,월세,02,전남광주시 서구 화정동,서구,화정동,100,18,0,22.08,6.68,3,Choiceㅣ최고의 선택ㅣ유스퀘어부근ㅣ저렴ㅣ깔끔,https://www.zigbang.com/home/apt/items/50302431
2026-09-06 07:57:51,원룸,50099163,월세,01,전라북도 전주시 완산구 효자동3가,전주시 완산구,효자동3가,50,13,0,34,10.28,4,O전주대 최저가 원룸O구정문10초O풀옵션O가성비끝판왕O,https://www.zigbang.com/home/apt/items/50099163
2026-09-06 07:57:51,원룸,50102478,전세,02,전라북도 전주시 완산구 효자동3가,전주시 완산구,효자동3가,5000,0,0,27,8.17,2,ㅡLH가능 전주대 신축원룸ㅡ풀옵션 ㅡ엘베있는 분리형원룸ㅡ,https://www.zigbang.com/home/apt/items/50102478
2026-09-06 07:57:51,원룸,50108767,월세,02,전라북도 전주시 덕진구 만성동,전주시 덕진구,만성동,1000,130,0,52.89,16.0,저,만성동신축ㅇ오피스텔ㅇ호텔형ㅇ탁트인뷰ㅇ최상의디자인ㅇ이쁨ㅇ인기,https://www.zigbang.com/home/apt/items/50108767
2026-09-06 07:57:51,원룸,50122905,월세,02,전라북도 전주시 덕진구 만성동,전주시 덕진구,만성동,1000,130,0,79.34,24.0,고,ꗟꗟ 만성 ꯁ 오피스텔  ꗟꗟ 풀옵션 十 럭셔리스타일,https://www.zigbang.com/home/apt/items/50122905
2026-09-06 07:57:51,원룸,50140647,월세,01,전라북도 전주시 완산구 효자동3가,전주시 완산구,효자동3가,50,11,0,34,10.28,5,O전주대 최저가 원룸O구정문10초O풀옵션O가성비끝판왕O추추,https://www.zigbang.com/home/apt/items/50140647
2026-09-06 07:57:51,원룸,50144282,월세,02,전라북도 전주시 덕진구 만성동,전주시 덕진구,만성동,300,32,0,34.99,10.58,2,만성동혁신도시ㅇ완전깨끗ㅇ풀옵션ㅇ채광좋음ㅇ넓은구조ㅇ최상ㅇ좋음,https://www.zigbang.com/home/apt/items/50144282
2026-09-06 07:57:51,원룸,50188279,월세,02,전라북도 전주시 덕진구 만성동,전주시 덕진구,만성동,1000,130,0,53.38,16.15,고,"H만성동 투룸 보시는 분들, 이 오피스텔도 꼭 보세요H",https://www.zigbang.com/home/apt/items/50188279
2026-09-06 07:57:51,원룸,50203097,월세,02,전라북도 전주시 완산구 효자동3가,전주시 완산구,효자동3가,100,5,0,34,10.28,3,O최저가 풀옵션원룸O보증금100만O넓고좋은구조O가성비끝판왕,https://www.zigbang.com/home/apt/items/50203097
2026-09-06 07:57:51,원룸,50211774,월세,01,전라북도 전주시 완산구 효자동3가,전주시 완산구,효자동3가,300,30,0,27,8.17,3,ㅡ전주대 구정문 신축 원룸ㅡ건조기 엘베까지 선착순ㅡ,https://www.zigbang.com/home/apt/items/50211774
2026-09-06 07:57:51,원룸,50218934,월세,02,전라북도 전주시 덕진구 만성동,전주시 덕진구,만성동,500,40,0,33.36,10.09,3,만성동원룸ㅇ신축급ㅇ초대형원룸ㅇ탁트인뷰ㅇ엘베ㅇ옵션좋음ㅇ깨끗ㅇ,https://www.zigbang.com/home/apt/items/50218934
2026-09-06 07:57:51,원룸,50219367,월세,01,전라북도 완주군 이서면 갈산리,완주군,이서면,300,30,0,29.75,9.0,2,ㅁ혁신동 귀한원룸ㅁ엘베있음 전입신고가능호실ㅁ,https://www.zigbang.com/home/apt/items/50219367
2026-09-06 07:57:51,원룸,50242476,월세,02,전라북도 전주시 덕진구 만성동,전주시 덕진구,만성동,500,51,0,23.2,7.02,3,ꯁ만성동초귀한풀옵션원룸ꯁ모든공과금포함가격ꯁ여깄네내원룸ꯁ즉시,https://www.zigbang.com/home/apt/items/50242476
2026-09-06 07:57:51,원룸,50280581,월세,01,전라북도 전주시 완산구 효자동3가,전주시 완산구,효자동3가,500,40,0,39.67,12.0,2,SS 오피스텔형ꯁ원룸ꯁ풀옵션ꯁ고급 인테리어ꯁ엘베ꯁ,https://www.zigbang.com/home/apt/items/50280581
2026-09-06 07:57:51,원룸,50287850,월세,02,전라북도 전주시 완산구 효자동3가,전주시 완산구,효자동3가,300,30,0,26.45,8.0,4,ㅡ전주대 풀옵션 분리형원룸ㅡ 엘베까지 신축급 원룸ㅡ,https://www.zigbang.com/home/apt/items/50287850
2026-09-06 07:57:51,원룸,50299409,월세,02,전라북도 전주시 완산구 효자동3가,전주시 완산구,효자동3가,500,35,0,40,12.1,2,ㅡ대리석 1.5룸 전주대 혁신 출퇴근ㅡ엘베까지 선착순ㅡ,https://www.zigbang.com/home/apt/items/50299409
2026-09-06 07:57:51,원룸,50299415,월세,02,전라북도 전주시 완산구 효자동3가,전주시 완산구,효자동3가,500,35,0,40,12.1,2,"ㅡ신축급 대리석엘베 1.5룸ㅡ 혁신,만성 출퇴근 용의ㅡ",https://www.zigbang.com/home/apt/items/50299415
2026-09-06 07:57:52,원룸,49927470,월세,01,전라북도 전주시 완산구 동서학동,전주시 완산구,동서학동,300,28,0,33.06,10.0,2,ㅁㅁ교대인근ㅁ신축원룸ㅁ풀옵션매물ㅁ인기매물ㅁ즉시입주가능ㅁㅁ,https://www.zigbang.com/home/apt/items/49927470
2026-09-06 07:57:52,원룸,50096084,월세,02,전라북도 전주시 완산구 중화산동1가,전주시 완산구,중화산동1가,300,30,0,33.36,10.09,2,신축급v풀옵션v기전대객리단길부근v주방분리v엘베v넓은구조v,https://www.zigbang.com/home/apt/items/50096084
2026-09-06 07:57:52,원룸,50108766,월세,02,전라북도 전주시 완산구 서완산동1가,전주시 완산구,서완산동1가,300,36,0,30.1,9.11,3,v분리형v원룸v이쁜집v엘베v한옥마을v바울교회v용머리고개v,https://www.zigbang.com/home/apt/items/50108766
2026-09-06 07:57:52,원룸,50217760,월세,02,전라북도 전주시 완산구 중화산동1가,전주시 완산구,중화산동1가,300,31,0,31.4,9.5,2,0예수병원0엘베0노고민0주방분리형0주차넓음0신흥중0천변,https://www.zigbang.com/home/apt/items/50217760
2026-09-06 07:57:52,원룸,50221697,월세,02,전라북도 전주시 완산구 중화산동1가,전주시 완산구,중화산동1가,300,31,0,39.67,12.0,2,100프로실매물 깔끔한 고품격 신축 풀옵션 주방분리 원룸,https://www.zigbang.com/home/apt/items/50221697
2026-09-06 07:57:52,원룸,50225536,월세,01,전라북도 전주시 완산구 평화동2가,전주시 완산구,평화동2가,300,20,0,33.1,10.01,3,채광좋고깔끔한집ㅇ베란다ㅇ중문설치ㅇ꼭봐야할집,https://www.zigbang.com/home/apt/items/50225536
2026-09-06 07:57:52,원룸,50296328,월세,02,전라북도 전주시 완산구 중화산동1가,전주시 완산구,중화산동1가,200,26,0,33.05,10.0,2,100프로실매물 예수병원도보3분 깔끔한 신축 풀옵션남향원룸,https://www.zigbang.com/home/apt/items/50296328
2026-09-06 07:57:53,원룸,50236713,월세,01,전남광주시 구례군 구례읍 봉동리,구례군,구례읍,300,38,0,19,5.75,2,구례공용버스 터미널 부근 원룸임대,https://www.zigbang.com/home/apt/items/50236713
2026-09-06 07:57:53,원룸,50266111,월세,02,전남광주시 구례군 구례읍 봉북리,구례군,구례읍,500,55,0,33.06,10.0,2,봉북리 신축건물 투룸임대 10월17일이후 입주가능,https://www.zigbang.com/home/apt/items/50266111
2026-09-06 07:58:03,원룸,50228887,월세,01,경상남도 거창군 거창읍 대동리,거창군,거창읍,300,35,0,24,7.26,2,"내부시설깨끗,풀옵션,9월24일이후입주가",https://www.zigbang.com/home/apt/items/50228887
2026-09-06 07:58:04,원룸,50025904,월세,02,전라북도 군산시 미룡동,군산시,미룡동,30,30,0,33,9.98,4,"사진클릭, 등교3분, 엘베있음, 내부최상, 채광1등",https://www.zigbang.com/home/apt/items/50025904
2026-09-06 07:58:04,원룸,50153267,월세,02,전라북도 군산시 미룡동,군산시,미룡동,20,33,0,33,9.98,3,"사진클릭, 등교5분, 채광좋은 로얄층, 도시가스",https://www.zigbang.com/home/apt/items/50153267
2026-09-06 07:58:04,원룸,50153567,월세,01,전라북도 군산시 미룡동,군산시,미룡동,100,28,0,33,9.98,2,"도배, 리모델링, 등교5분, 큰 도로가, 생활권최상,로얄층",https://www.zigbang.com/home/apt/items/50153567
2026-09-06 07:58:04,원룸,50223313,월세,02,전라북도 군산시 미룡동,군산시,미룡동,20,27,0,33,9.98,1,"사진클릭, 초저렴연세, 등교3분, 내부최상",https://www.zigbang.com/home/apt/items/50223313
2026-09-06 07:58:04,원룸,50282067,월세,02,전라북도 군산시 미룡동,군산시,미룡동,10,30,0,33,9.98,1,"CCTV보안좋음, 군산대 도보5분, 화이트톤 내부깔끔",https://www.zigbang.com/home/apt/items/50282067
2026-09-06 07:58:04,원룸,50282112,월세,02,전라북도 군산시 미룡동,군산시,미룡동,100,29,0,33,9.98,1,"사진클릭, 인기원룸, 풀옵, 등교3분, 산업도로진출입 편리",https://www.zigbang.com/home/apt/items/50282112
2026-09-06 07:58:04,원룸,50030864,월세,01,전라북도 군산시 오식도동,군산시,오식도동,100,25,0,22,6.65,4,컨디션 굿 1.5룸크기,https://www.zigbang.com/home/apt/items/50030864
2026-09-06 07:58:04,원룸,50167440,월세,01,전라북도 군산시 오식도동,군산시,오식도동,100,25,0,20,6.05,2,조용하고 한적한곳,https://www.zigbang.com/home/apt/items/50167440
2026-09-06 07:58:04,원룸,50167487,월세,02,전라북도 군산시 오식도동,군산시,오식도동,100,25,0,19.83,6.0,3,정남향 환한 3층,https://www.zigbang.com/home/apt/items/50167487
2026-09-06 07:58:04,원룸,50167530,월세,01,전라북도 군산시 오식도동,군산시,오식도동,100,25,0,23.14,7.0,3,탁트인 시원뷰,https://www.zigbang.com/home/apt/items/50167530
2026-09-06 07:58:04,원룸,50273497,월세,01,전라북도 군산시 오식도동,군산시,오식도동,100,25,0,20,6.05,4,새단장 옵션 굿굿,https://www.zigbang.com/home/apt/items/50273497
2026-09-06 07:58:04,원룸,50283597,월세,02,전라북도 군산시 오식도동,군산시,오식도동,100,35,0,27,8.17,4,탁트인뷰 층간소음없음,https://www.zigbang.com/home/apt/items/50283597
2026-09-06 07:58:04,원룸,50283613,월세,01,전라북도 군산시 오식도동,군산시,오식도동,100,30,0,21,6.35,3,위치 좋은 준신축 원룸,https://www.zigbang.com/home/apt/items/50283613
2026-09-06 07:58:08,원룸,50032200,월세,02,전라북도 전주시 덕진구 여의동2가,전주시 덕진구,여의동2가,300,30,0,35.79,10.83,2,신축급ㅇ딱하나뿐ㅇ화이트톤ㅇ깨끗ㅇ채광좋음ㅇ가성비짱ㅇ인기매물ㅇ,https://www.zigbang.com/home/apt/items/50032200
2026-09-06 07:58:08,원룸,50185806,월세,01,전라북도 전주시 덕진구 여의동2가,전주시 덕진구,여의동2가,300,35,0,33.06,10.0,3,㉦선점필수㉦여의동㉦엘베㉦편한주차㉦신축급으로 겟하자㉦,https://www.zigbang.com/home/apt/items/50185806
2026-09-06 07:58:08,원룸,50220096,월세,02,전라북도 전주시 덕진구 여의동2가,전주시 덕진구,여의동2가,200,38,0,35.36,10.7,2,여의동원룸ㅇ신축급ㅇ이쁨이쁨ㅇ주방분리ㅇ깨끗ㅇ엘베ㅇ탁트인뷰ㅇ짱,https://www.zigbang.com/home/apt/items/50220096
2026-09-06 07:58:08,원룸,50220218,월세,01,전라북도 전주시 덕진구 여의동2가,전주시 덕진구,여의동2가,300,31,0,24,7.26,2,o여의동원룸o제일아파트o풀옵션o분리형o생활권굿o입주협의o,https://www.zigbang.com/home/apt/items/50220218
2026-09-06 07:58:08,원룸,50233951,월세,01,전라북도 전주시 덕진구 여의동2가,전주시 덕진구,여의동2가,300,36,0,27,8.17,3,여의동준신축0채광굿0컨디션굿0엘베0조정,https://www.zigbang.com/home/apt/items/50233951
2026-09-06 07:58:08,원룸,50257794,월세,01,전라북도 전주시 덕진구 여의동2가,전주시 덕진구,여의동2가,300,37,0,29.75,9.0,2,ㅁㅁ이건못참지ㅁㅁ여의동신축원룸ㅁㅁ도촌초인근 신축원룸등장ㅁㅁ,https://www.zigbang.com/home/apt/items/50257794
2026-09-06 07:58:08,원룸,50282846,월세,01,전라북도 전주시 덕진구 여의동2가,전주시 덕진구,여의동2가,300,27,0,33.06,10.0,2,ㅁㅁ여의동원룸ㅁ주방분리형ㅁ위치최고ㅁ주차만족ㅁ인기매물ㅁㅁ,https://www.zigbang.com/home/apt/items/50282846
2026-09-06 07:58:08,원룸,50152839,월세,02,전라북도 완주군 삼례읍 삼례리,완주군,삼례읍,2000,15,0,33.06,10.0,2,米BEST원룸 米안심주택 米주차좋음 米준신축급米엘베,https://www.zigbang.com/home/apt/items/50152839
2026-09-06 07:58:08,원룸,50266620,월세,01,전라북도 완주군 삼례읍 삼례리,완주군,삼례읍,200,20,0,23.2,7.02,1,ㅁ최저가 ㅁ깔끔함 ㅁ풀옵션 ㅁ안심주택 ㅁ가성비최고ㅁ단기가능,https://www.zigbang.com/home/apt/items/50266620
2026-09-06 07:58:09,원룸,50255163,월세,01,전라북도 완주군 봉동읍 둔산리,완주군,봉동읍,300,35,0,29.75,9.0,4,햇볕잘드는 깨끗한 원룸,https://www.zigbang.com/home/apt/items/50255163
2026-09-06 07:58:09,원룸,50298172,월세,02,전라북도 완주군 봉동읍 둔산리,완주군,봉동읍,300,35,0,40,12.1,3,상권과 가까워 생활권 편리하며 직장과 근접거리,https://www.zigbang.com/home/apt/items/50298172
2026-09-06 07:58:10,원룸,50079374,월세,02,충청남도 논산시 반월동,논산시,반월동,500,40,0,24,7.26,2,신축으로 주차걱정 없는 깔끔한 원룸,https://www.zigbang.com/home/apt/items/50079374
2026-09-06 07:58:10,원룸,50103625,월세,02,충청남도 논산시 반월동,논산시,반월동,500,40,0,19.2,5.81,2,"신축, 첫입주, 원룸 월세",https://www.zigbang.com/home/apt/items/50103625
2026-09-06 07:58:10,원룸,50110707,월세,02,충청남도 논산시 반월동,논산시,반월동,500,40,0,25,7.56,3,반월동 신축 첫입주 원룸,https://www.zigbang.com/home/apt/items/50110707
2026-09-06 07:58:10,원룸,50127842,월세,01,충청남도 논산시 부창동,논산시,부창동,200,28,0,25,7.56,2,주차하기좋은 원룸월세,https://www.zigbang.com/home/apt/items/50127842
2026-09-06 07:58:10,원룸,50199720,월세,02,충청남도 논산시 취암동,논산시,취암동,1500,45,0,42.98,13.0,2,신축.진짜방은 좋아용.보증금 조절가능도되구여,https://www.zigbang.com/home/apt/items/50199720
2026-09-06 07:58:10,원룸,50278117,월세,02,충청남도 논산시 반월동,논산시,반월동,500,40,0,24,7.26,4,신축으로 비대까지 예쁜원룸,https://www.zigbang.com/home/apt/items/50278117
2026-09-06 07:58:10,원룸,50278482,월세,02,충청남도 논산시 반월동,논산시,반월동,500,40,0,24,7.26,3,신축원룸으로 주차걱정없는 예쁜 집,https://www.zigbang.com/home/apt/items/50278482
2026-09-06 07:58:10,원룸,50278488,월세,02,충청남도 논산시 반월동,논산시,반월동,500,40,0,24,7.26,2,신축원룸으로 깔끔하고 예쁜원룸,https://www.zigbang.com/home/apt/items/50278488
2026-09-06 07:58:10,원룸,50293243,월세,02,충청남도 논산시 강산동,논산시,강산동,100,26,0,25,7.56,2,부영근처 저렴한 방,https://www.zigbang.com/home/apt/items/50293243
2026-09-06 07:58:11,원룸,50273623,월세,02,충청남도 논산시 연무읍 안심리,논산시,연무읍,1000,35,0,35,10.59,2,예쁜반투룸입니다..,https://www.zigbang.com/home/apt/items/50273623
2026-09-06 07:58:12,원룸,49979524,월세,02,충청남도 보령시 동대동,보령시,동대동,5000,40,0,49,14.82,4,"방2,화1  동대동 위치좋은 준신축급 원룸",https://www.zigbang.com/home/apt/items/49979524
2026-09-06 07:58:12,원룸,50118947,월세,01,충청남도 보령시 동대동,보령시,동대동,300,30,0,18,5.44,4,해잘들어오고 서비스공간있는 작은방  원룸동대동,https://www.zigbang.com/home/apt/items/50118947
2026-09-06 07:58:12,원룸,50152403,월세,01,충청남도 보령시 동대동,보령시,동대동,200,38,0,23.14,7.0,1,"다이소 부근, 도보 생활권 인프라  가능한 분리형 원룸",https://www.zigbang.com/home/apt/items/50152403
2026-09-06 07:58:12,원룸,50189637,월세,01,충청남도 보령시 동대동,보령시,동대동,500,40,0,23,6.96,3,"동대동 볼링장부근, 주변 인프라 좋음",https://www.zigbang.com/home/apt/items/50189637
2026-09-06 07:58:12,원룸,50205039,월세,02,충청남도 보령시 동대동,보령시,동대동,200,35,0,33,9.98,1,한내여중 근처 깔끔한 1.5룸   빠른입주가능. 방1주방1,https://www.zigbang.com/home/apt/items/50205039
2026-09-06 07:58:12,원룸,50242113,전세,01,충청남도 보령시 동대동,보령시,동대동,5000,0,0,18.77,5.68,5,"주차용이,깔끔한원룸,일조좋음",https://www.zigbang.com/home/apt/items/50242113
2026-09-06 07:58:12,원룸,50253404,월세,02,충청남도 보령시 동대동,보령시,동대동,300,32,0,26.3,7.96,2,동대동 국민연금 공단 2분거리 적절한 옵션완비,https://www.zigbang.com/home/apt/items/50253404
2026-09-06 07:58:12,원룸,50280987,월세,02,충청남도 보령시 동대동,보령시,동대동,500,45,0,42,12.7,4,동대동 중앙에 위치한 1.5룸 입니다.,https://www.zigbang.com/home/apt/items/50280987
2026-09-06 07:58:17,원룸,49965712,월세,01,세종시 장군면 대교리,,장군면,100,27,0,23,6.96,2,장군면 풀옵션 원룸,https://www.zigbang.com/home/apt/items/49965712
2026-09-06 07:58:17,원룸,49979992,월세,02,세종시 장군면 봉안리,,장군면,6000,5,0,30,9.07,4,"어진동,도담동10분, 풀옵션침대,책상 1.5룸 반전세",https://www.zigbang.com/home/apt/items/49979992
2026-09-06 07:58:17,원룸,50172909,월세,01,세종시 장군면 봉안리,,장군면,100,30,0,19.83,6.0,2,버스정류장 앞 고운동 다정동 가까운 빌트인장 깔끔한 원룸,https://www.zigbang.com/home/apt/items/50172909
2026-09-06 07:58:17,원룸,50172963,월세,01,세종시 장군면 대교리,,장군면,100,27,0,18.18,5.5,2,세종 최저 저렴이 원룸 빌트인장 수납공간 多싸게 딱 좋아,https://www.zigbang.com/home/apt/items/50172963
2026-09-06 07:58:17,원룸,50186693,월세,01,세종시 장군면 봉안리,,장군면,100,27,0,18.18,5.5,2,"정류장앞,세종시 최고 저렴한 원룸 세종청사10분거리",https://www.zigbang.com/home/apt/items/50186693
2026-09-06 07:58:17,원룸,50204336,월세,01,세종시 장군면 봉안리,,장군면,100,27,0,23,6.96,3,세종시 장군면  풀옵션 원룸 월세,https://www.zigbang.com/home/apt/items/50204336
2026-09-06 07:58:17,원룸,50217976,월세,01,세종시 장군면 은용리,,장군면,100,29,0,23.14,7.0,2,"승강기 있는 원룸 빌트인장, 방이  깔끔하고 너무 좋은원룸",https://www.zigbang.com/home/apt/items/50217976
2026-09-06 07:58:17,원룸,50266309,월세,02,세종시 장군면 봉안리,,장군면,100,30,0,21.49,6.5,2,"버스정류장앞,분리형 풀옵션 원룸, 세종청사 10분,위치좋음",https://www.zigbang.com/home/apt/items/50266309
2026-09-06 07:58:17,원룸,50266817,월세,02,세종시 장군면 하봉리,,장군면,200,30,0,25,7.56,3,세종시 장군면 하봉리 원룸 풀옵션,https://www.zigbang.com/home/apt/items/50266817
2026-09-06 07:58:17,원룸,50272887,월세,01,세종시 장군면 대교리,,장군면,100,27,0,18.18,5.5,2,세종 최저 저렴이 원룸 빌트인장 수납공간 多싸게 딱 좋아,https://www.zigbang.com/home/apt/items/50272887
2026-09-06 07:58:24,원룸,50034498,월세,01,대전시 유성구 계산동,유성구,계산동,500,33,0,15,4.54,3,"깔끔하고 알찬 구성의 원룸, 1000에 30 가능",https://www.zigbang.com/home/apt/items/50034498
2026-09-06 07:58:24,원룸,50073254,월세,01,대전시 유성구 계산동,유성구,계산동,500,33,0,23.14,7.0,3,현관에 중문이 있는 풀옵션 원룸입니다.,https://www.zigbang.com/home/apt/items/50073254
2026-09-06 07:58:24,원룸,50278959,월세,02,대전시 유성구 계산동,유성구,계산동,1000,40,0,24,7.26,3,To 구조가깔끔한 완벽풀옵션 1.5룸입니다,https://www.zigbang.com/home/apt/items/50278959
2026-09-06 07:58:26,원룸,50025867,월세,01,대전시 유성구 지족동,유성구,지족동,1000,52,0,29.75,9.0,2,신축형 주차양호 거주여건좋은  1.5룸 풀옵션,https://www.zigbang.com/home/apt/items/50025867
2026-09-06 07:58:27,원룸,50291477,월세,01,대전시 대덕구 신탄진동,대덕구,신탄진동,100,30,0,25,7.56,2,신탄진 중심지 위치  정말 큰 확트인 구조 엘리베이터,https://www.zigbang.com/home/apt/items/50291477
2026-09-06 07:58:28,원룸,50087789,월세,01,세종시 세종 어진동,,어진동,6500,5,0,28.06,8.49,10,푸르지오시티 2차 전세,https://www.zigbang.com/home/apt/items/50087789
2026-09-06 07:58:28,원룸,50158466,월세,01,세종시 세종 소담동,,소담동,500,65,0,30.76,9.3,고,"10월14일입주, 주소전입신고 가능,",https://www.zigbang.com/home/apt/items/50158466
2026-09-06 07:58:28,원룸,50188861,월세,01,세종시 세종 반곡동,,반곡동,500,63,0,43.61,13.19,중,"국책연구단지 옆으로 도보 출퇴근이 가능한 위치,각종 시설",https://www.zigbang.com/home/apt/items/50188861
2026-09-06 07:58:28,원룸,50208947,월세,01,세종시 세종 어진동,,어진동,5000,35,0,28.07,8.49,5,푸르지오시티 2차 원룸 반전세,https://www.zigbang.com/home/apt/items/50208947
2026-09-06 07:58:28,원룸,50219337,월세,01,세종시 세종 어진동,,어진동,5000,35,0,52.99,16.03,저,반전세. 10월초중순 입주. 전입신고 가능.,https://www.zigbang.com/home/apt/items/50219337
2026-09-06 07:58:28,원룸,50255339,월세,01,세종시 세종 반곡동,,반곡동,500,60,0,21.91,6.63,4,"복층, 주소전입신고가능, 11월1일 협의입주",https://www.zigbang.com/home/apt/items/50255339
2026-09-06 07:58:28,원룸,50272952,월세,01,세종시 세종 반곡동,,반곡동,500,67,0,46.18,13.97,5,"국책연구단지 도보출퇴근이 가능,BRT라인 앞에 위치",https://www.zigbang.com/home/apt/items/50272952
2026-09-06 07:58:28,원룸,50272998,월세,02,세종시 세종 반곡동,,반곡동,500,60,0,48.34,14.62,고,더스테이빌딩. 반곡동,https://www.zigbang.com/home/apt/items/50272998
2026-09-06 07:58:28,원룸,50273150,월세,01,세종시 세종 반곡동,,반곡동,500,67,0,47.03,14.23,3,"국책연구단지 도보출퇴근이 가능,BRT라인앞 편리한 교통",https://www.zigbang.com/home/apt/items/50273150
2026-09-06 07:58:28,원룸,50284765,월세,01,세종시 세종 어진동,,어진동,300,48,0,52.99,16.03,13,2026.11.03. 입주 가능,https://www.zigbang.com/home/apt/items/50284765
2026-09-06 07:58:35,원룸,50072630,월세,02,경상남도 진주시 평거동,진주시,평거동,500,26,0,26.43,8.0,3,㉧ㅡ서빈No.1구해줘홈즈ㅡ㉧추천BEST꿀방,https://www.zigbang.com/home/apt/items/50072630
2026-09-06 07:58:35,원룸,50133393,월세,02,경상남도 진주시 평거동,진주시,평거동,500,36,0,39.66,12.0,2,㉧ㅡ서빈No.1구해줘홈즈ㅡ㉧추천BEST꿀방,https://www.zigbang.com/home/apt/items/50133393
2026-09-06 07:58:35,원룸,50133399,월세,03,경상남도 진주시 평거동,진주시,평거동,500,32,0,30,9.07,4,㉧ㅡ서빈No.1구해줘홈즈ㅡ㉧추천BEST꿀방,https://www.zigbang.com/home/apt/items/50133399
2026-09-06 07:58:35,원룸,50186120,월세,01,경상남도 진주시 평거동,진주시,평거동,300,35,0,33.06,10.0,3,㉧ㅡ서빈No.1구해줘홈즈ㅡ㉧추천BEST꿀방,https://www.zigbang.com/home/apt/items/50186120
2026-09-06 07:58:35,원룸,50219991,월세,02,경상남도 진주시 평거동,진주시,평거동,300,43,0,30,9.07,4,"엘리베이터o, 주차편한 거실 있는 내부 깔끔한 원플원룸",https://www.zigbang.com/home/apt/items/50219991
2026-09-06 07:58:35,원룸,50220013,월세,02,경상남도 진주시 평거동,진주시,평거동,500,61,0,50,15.12,3,엘리베이터 있는 내부 올 화이트톤 도배완료 남향 투룸,https://www.zigbang.com/home/apt/items/50220013
2026-09-06 07:58:35,원룸,50220017,월세,02,경상남도 진주시 평거동,진주시,평거동,500,41,0,30,9.07,2,거실 있는 내부 도배 완료 깔끔한 풀옵션 원플러스원룸,https://www.zigbang.com/home/apt/items/50220017
2026-09-06 07:58:35,원룸,50220027,월세,02,경상남도 진주시 평거동,진주시,평거동,1000,56,0,50,15.12,3,"주차편함, 엘리베이터 있는 신축급 도배완료 깔끔한 투룸",https://www.zigbang.com/home/apt/items/50220027
2026-09-06 07:58:35,원룸,50220685,월세,02,경상남도 진주시 평거동,진주시,평거동,200,21,0,26.43,8.0,1,㉧ㅡ서빈No.1구해줘홈즈ㅡ㉧추천BEST꿀방,https://www.zigbang.com/home/apt/items/50220685
2026-09-06 07:58:35,원룸,50220780,월세,02,경상남도 진주시 평거동,진주시,평거동,200,26,0,26.43,8.0,2,㉧ㅡ서빈No.1구해줘홈즈ㅡ㉧추천BEST꿀방,https://www.zigbang.com/home/apt/items/50220780
2026-09-06 07:58:35,원룸,50220793,월세,02,경상남도 진주시 평거동,진주시,평거동,300,31,0,26.43,8.0,2,㉧ㅡ서빈No.1구해줘홈즈ㅡ㉧추천BEST꿀방,https://www.zigbang.com/home/apt/items/50220793
2026-09-06 07:58:36,원룸,49759148,월세,02,경상남도 진주시 봉래동,진주시,봉래동,300,21,0,26.5,8.02,2,ㅇㅡ베스트 추 천ㅡ ㅇ 반려동물가능 리모델링되어있는 꿀방,https://www.zigbang.com/home/apt/items/49759148
2026-09-06 07:58:36,원룸,50060549,월세,01,경상남도 진주시 초전동,진주시,초전동,500,31,0,23.13,7.0,4,㉧ㅡ서빈No.1구해줘홈즈ㅡ㉧추천BEST꿀방,https://www.zigbang.com/home/apt/items/50060549
2026-09-06 07:58:36,원룸,50069355,월세,02,경상남도 진주시 초전동,진주시,초전동,1000,38,0,40,12.1,3,초전동 깔끔한 신축급 1.5룸 원플원 엘베o 빠른입주,https://www.zigbang.com/home/apt/items/50069355
2026-09-06 07:58:36,원룸,50080926,월세,02,경상남도 진주시 초전동,진주시,초전동,300,33,0,40,12.1,2,화이트톤 이쁜원플원 선착순1명,https://www.zigbang.com/home/apt/items/50080926
2026-09-06 07:58:36,원룸,50121011,월세,02,경상남도 진주시 초전동,진주시,초전동,500,41,0,39.66,12.0,2,㉧ㅡ서빈No.1구해줘홈즈ㅡ㉧추천BEST꿀방,https://www.zigbang.com/home/apt/items/50121011
2026-09-06 07:58:36,원룸,50220743,월세,02,경상남도 진주시 초전동,진주시,초전동,500,36,0,39.66,12.0,3,㉧ㅡ서빈No.1구해줘홈즈ㅡ㉧추천BEST꿀방,https://www.zigbang.com/home/apt/items/50220743
2026-09-06 07:58:36,원룸,50220747,월세,02,경상남도 진주시 초전동,진주시,초전동,500,41,0,39.66,12.0,2,㉧ㅡ서빈No.1구해줘홈즈ㅡ㉧추천BEST꿀방,https://www.zigbang.com/home/apt/items/50220747
2026-09-06 07:58:41,원룸,50094137,월세,02,경상남도 창원시 마산회원구 내서읍 중리,창원시 마산회원구,내서읍,100,26,0,26.45,8.0,1,BEST마대 앞 전기 수도 인터넷 난방비포함 월세30만원,https://www.zigbang.com/home/apt/items/50094137
2026-09-06 07:58:41,원룸,49899527,월세,02,경상남도 창원시 성산구 반지동,창원시 성산구,반지동,200,32,0,23.14,7.0,2,2층 생활권편리 조용하고 깨끗한 주방분리형원룸입니다.,https://www.zigbang.com/home/apt/items/49899527
2026-09-06 07:58:41,원룸,50043698,월세,03,경상남도 창원시 성산구 반지동,창원시 성산구,반지동,500,35,0,33.05,10.0,2,교통 편리 준신축 깔끔 넓은 햇볕 잘드는 복층 형태의 넓은,https://www.zigbang.com/home/apt/items/50043698
2026-09-06 07:58:41,원룸,50089398,월세,02,경상남도 창원시 의창구 명서동,창원시 의창구,명서동,500,35,0,20,6.05,2,ㅁHAPPYㅁ 준신축 풀옵션 분리형원룸 명서동,https://www.zigbang.com/home/apt/items/50089398
2026-09-06 07:58:41,원룸,50096278,월세,02,경상남도 창원시 의창구 명서동,창원시 의창구,명서동,200,25,0,24,7.26,2,명서동 저렴한 분리형 원룸,https://www.zigbang.com/home/apt/items/50096278
2026-09-06 07:58:41,원룸,50244599,월세,02,경상남도 창원시 성산구 반지동,창원시 성산구,반지동,200,33,0,24,7.26,2,ㅁHAPPYㅁ 반지동 컨디션 좋은 풀옵션 분리형원룸,https://www.zigbang.com/home/apt/items/50244599
2026-09-06 07:58:41,원룸,50244874,월세,02,경상남도 창원시 성산구 반지동,창원시 성산구,반지동,1000,25,0,35,10.59,2,ㅁHAPPYㅁ 반지동 부분 수리 완료 깔끔한 원룸,https://www.zigbang.com/home/apt/items/50244874
2026-09-06 07:58:41,원룸,50260133,월세,02,경상남도 창원시 성산구 반지동,창원시 성산구,반지동,2000,20,0,29.75,9.0,2,중앙중학교 인근 위치 좋고 깔끔한 넓은 풀옵션 분리형 원룸,https://www.zigbang.com/home/apt/items/50260133
2026-09-06 07:58:41,원룸,50260294,월세,01,경상남도 창원시 성산구 반지동,창원시 성산구,반지동,300,25,0,23.14,7.0,2,희연병원 인근 깔끔하고 넓은 풀옵션 원룸,https://www.zigbang.com/home/apt/items/50260294
2026-09-06 07:58:41,원룸,50260435,월세,02,경상남도 창원시 성산구 반지동,창원시 성산구,반지동,300,30,0,23.14,7.0,1,중앙중학교 인근 깔끔한 풀옵션 분리형 원룸,https://www.zigbang.com/home/apt/items/50260435
2026-09-06 07:58:41,원룸,50265675,월세,02,경상남도 창원시 의창구 명서동,창원시 의창구,명서동,100,25,0,29.75,9.0,4,이쁘고 밝은 풀옵션 분리형원룸 즉시입주 아주싼가격인터넷됨,https://www.zigbang.com/home/apt/items/50265675
2026-09-06 07:58:41,원룸,50265679,월세,01,경상남도 창원시 의창구 봉곡동,창원시 의창구,봉곡동,200,24,0,33.06,10.0,2,이쁘고 아주밝은 신축 완전풀옵션.전자키 주차완비 정류장앞,https://www.zigbang.com/home/apt/items/50265679
2026-09-06 07:58:41,원룸,50265702,월세,01,경상남도 창원시 의창구 명서동,창원시 의창구,명서동,300,35,0,42.98,13.0,8,"이쁘고 아주밝은 완전풀옵션 주차완비 
헬스장 전망좋은집",https://www.zigbang.com/home/apt/items/50265702
2026-09-06 07:58:41,원룸,50265708,월세,01,경상남도 창원시 의창구 명서동,창원시 의창구,명서동,500,35,0,36.36,11.0,5,"사무실 용도로  쓸수잇음
즉시입주",https://www.zigbang.com/home/apt/items/50265708
2026-09-06 07:58:46,원룸,50185094,월세,02,대구시 달성군 유가읍 금리,달성군,유가읍,200,25,0,29.75,9.0,2,"신축 원룸 , 풀옵션 , 주차완비 , 주방분리 , 방大",https://www.zigbang.com/home/apt/items/50185094
2026-09-06 07:58:46,원룸,50185212,월세,02,대구시 달성군 유가읍 금리,달성군,유가읍,200,30,0,42.98,13.0,2,"미니투룸 , 풀옵션 , 주차완비 , 주방분리 , 방大",https://www.zigbang.com/home/apt/items/50185212
2026-09-06 07:58:46,원룸,50222546,월세,02,대구시 달성군 유가읍 금리,달성군,유가읍,300,30,0,29.75,9.0,2,케이스식자재마트 뒷편 신축 남향 분리형 원룸,https://www.zigbang.com/home/apt/items/50222546
2026-09-06 07:58:46,원룸,50222752,월세,02,대구시 달성군 유가읍 금리,달성군,유가읍,300,37,0,39.66,12.0,3,엘베O집주인 관리 최고 미니투룸,https://www.zigbang.com/home/apt/items/50222752
2026-09-06 07:58:46,원룸,50293424,월세,01,대구시 달성군 유가읍 금리,달성군,유가읍,300,30,0,26.44,8.0,4,"즉시입주, 케이스마트 인근, 엘엔에프,구지공단,쿠팡 출퇴",https://www.zigbang.com/home/apt/items/50293424
2026-09-06 07:58:48,원룸,50241000,월세,02,대구시 달성군 논공읍 남리,달성군,논공읍,200,30,0,39.66,12.0,2,션사인 미니투룸 승강기 바로합격,https://www.zigbang.com/home/apt/items/50241000
2026-09-06 07:58:48,원룸,50241217,월세,02,대구시 달성군 논공읍 남리,달성군,논공읍,100,15,0,26.45,8.0,2,정말 저렴한 원룸이다  가성비쵝오,https://www.zigbang.com/home/apt/items/50241217
2026-09-06 07:58:48,원룸,50301703,월세,02,대구시 달성군 논공읍 북리,달성군,논공읍,100,20,0,26.44,8.0,2,와 훤하다 훤해  완전화이톤인데,https://www.zigbang.com/home/apt/items/50301703
2026-09-06 07:58:48,원룸,49978206,월세,02,대구시 달성군 옥포읍 강림리,달성군,옥포읍,200,20,0,29.75,9.0,2,.옥포 흔치않은 가성비 원룸.200프로 실매물.채광우수.,https://www.zigbang.com/home/apt/items/49978206
2026-09-06 07:58:48,원룸,50145502,월세,02,대구시 달성군 논공읍 금포리,달성군,논공읍,200,20,0,23.14,7.0,3,"최저가 옥포, 논공 가성비 원룸",https://www.zigbang.com/home/apt/items/50145502
2026-09-06 07:58:48,원룸,50241106,월세,02,대구시 달성군 논공읍 금포리,달성군,논공읍,200,22,0,27,8.17,3,ㄴ금포리 풀옵션 원룸ㄱ,https://www.zigbang.com/home/apt/items/50241106
2026-09-06 07:58:48,원룸,50246754,월세,02,대구시 달성군 논공읍 금포리,달성군,논공읍,300,33,0,35,10.59,2,777 원룸은 좁다 투룸은 비싸다  그럼 이놈이딱 777,https://www.zigbang.com/home/apt/items/50246754
2026-09-06 07:58:48,원룸,50215024,월세,02,대구시 달성군 화원읍 명곡리,달성군,화원읍,300,27,0,30,9.07,2,설화명곡역 최신축원룸,https://www.zigbang.com/home/apt/items/50215024
2026-09-06 07:58:48,원룸,50239771,월세,02,대구시 달성군 화원읍 명곡리,달성군,화원읍,300,20,0,28.4,8.59,3,설화명곡역 역세권ㅡ햇살가득 방大,https://www.zigbang.com/home/apt/items/50239771
2026-09-06 07:58:49,원룸,50106675,월세,02,대구시 달서구 상인동,달서구,상인동,500,30,0,39.67,12.0,2,단기가능대형미니투룸침대,https://www.zigbang.com/home/apt/items/50106675
2026-09-06 07:58:49,원룸,50188451,월세,02,대구시 달서구 도원동,달서구,도원동,200,25,0,28.9,8.74,2,"㋹도원동㋹ 보훈병원㋹ 분리형원룸,,,풀옵션,,,화이트톤",https://www.zigbang.com/home/apt/items/50188451
2026-09-06 07:58:49,원룸,50289701,월세,02,경상남도 창원시 성산구 중앙동,창원시 성산구,중앙동,12000,20,0,80.99,24.5,중,분리형D타입 남서향 12월3일입주 전세보증보험가능,https://www.zigbang.com/home/apt/items/50289701
2026-09-06 07:58:49,원룸,50290430,월세,02,경상남도 창원시 성산구 중앙동,창원시 성산구,중앙동,300,40,0,23,6.96,3,"올리모델링, 전체 풀옵션",https://www.zigbang.com/home/apt/items/50290430
2026-09-06 07:58:49,원룸,50293328,월세,02,경상남도 창원시 의창구 사림동,창원시 의창구,사림동,300,60,0,34,10.28,2,ㅁHAPPYㅁ 거실겸주방 있는 분리형원룸 사림동,https://www.zigbang.com/home/apt/items/50293328
2026-09-06 07:58:49,원룸,50294092,월세,02,경상남도 창원시 성산구 중앙동,창원시 성산구,중앙동,300,38,0,33.06,10.0,2,최신시설최고급배란다분리헝1등매물  선호1위,https://www.zigbang.com/home/apt/items/50294092
2026-09-06 07:58:49,원룸,50297784,월세,03,경상남도 창원시 의창구 사림동,창원시 의창구,사림동,1000,70,0,67.01,20.27,8,"인기 많은 복층 , 테라스 귀한 매물, 전입신고 가능",https://www.zigbang.com/home/apt/items/50297784
2026-09-06 07:58:49,원룸,50297797,월세,01,경상남도 창원시 의창구 사림동,창원시 의창구,사림동,500,65,0,67.01,20.27,고,"전입신고 가능,  전망 좋은 호실",https://www.zigbang.com/home/apt/items/50297797
2026-09-06 07:58:49,원룸,50297856,월세,01,경상남도 창원시 의창구 사림동,창원시 의창구,사림동,500,65,0,67.01,20.27,고,전입신고 가능한 남동향의 밝은 오피스텔,https://www.zigbang.com/home/apt/items/50297856
2026-09-06 07:58:49,원룸,50298314,전세,05,경상남도 창원시 성산구 상남동,창원시 성산구,상남동,25000,0,0,115.7,35.0,12,메종드테라스 숙박,https://www.zigbang.com/home/apt/items/50298314
2026-09-06 07:58:49,원룸,50298819,월세,02,경상남도 창원시 성산구 중앙동,창원시 성산구,중앙동,300,30,0,23,6.96,4,생활권 편리 인터넷 유선,https://www.zigbang.com/home/apt/items/50298819
2026-09-06 07:58:49,원룸,50298898,월세,01,경상남도 창원시 성산구 중앙동,창원시 성산구,중앙동,300,33,0,33,9.98,2,"큰방, 붙박이장",https://www.zigbang.com/home/apt/items/50298898
2026-09-06 07:58:49,원룸,50299677,월세,02,경상남도 창원시 성산구 신월동,창원시 성산구,신월동,300,34,0,29.75,9.0,2,ㅡBESTㅡ 신월동 은아아파트인근 ll 풀옵션 신축급원룸,https://www.zigbang.com/home/apt/items/50299677
2026-09-06 07:58:49,원룸,50299821,월세,02,경상남도 창원시 성산구 사파동,창원시 성산구,사파동,300,27,0,26.45,8.0,2,ㅡBESTㅡ 사파동 금액대비 가성비 ll 깔끔 분리형원룸,https://www.zigbang.com/home/apt/items/50299821
2026-09-06 07:58:49,원룸,50300283,월세,02,경상남도 창원시 성산구 가음정동,창원시 성산구,가음정동,5000,40,0,75.5,22.84,중,"블루밍라포레,남향",https://www.zigbang.com/home/apt/items/50300283
2026-09-06 07:58:49,원룸,50300304,월세,01,경상남도 창원시 성산구 중앙동,창원시 성산구,중앙동,500,42,0,50.26,15.2,8,"준신축 블루힐스오피스텔, 9.22일부터 입주가능",https://www.zigbang.com/home/apt/items/50300304
2026-09-06 07:58:49,원룸,50302200,월세,01,경상남도 창원시 성산구 중앙동,창원시 성산구,중앙동,100,25,0,26.45,8.0,3,얘견고양이가능아넉하고좋은집 풀옵션 초저가풀옵션,https://www.zigbang.com/home/apt/items/50302200
2026-09-06 07:58:50,원룸,50037648,월세,02,경상남도 창원시 의창구 사림동,창원시 의창구,사림동,300,35,0,24,7.26,2,ㅁHAPPYㅁ 사림동 풀옵션 분리형원룸,https://www.zigbang.com/home/apt/items/50037648
2026-09-06 07:58:50,원룸,50043527,월세,02,경상남도 창원시 의창구 봉곡동,창원시 의창구,봉곡동,300,30,0,21,6.35,2,ㅁHAPPYㅁ 봉곡동 컨디션 좋은 가성비 풀옵션 분리형원룸,https://www.zigbang.com/home/apt/items/50043527
2026-09-06 07:58:50,원룸,50175936,월세,01,경상남도 창원시 의창구 사림동,창원시 의창구,사림동,200,30,0,20,6.05,2,ㅁHAPPYㅁ 사림동 풀옵션 원룸,https://www.zigbang.com/home/apt/items/50175936
2026-09-06 07:58:50,원룸,50179594,월세,01,경상남도 창원시 의창구 사림동,창원시 의창구,사림동,200,25,0,18,5.44,1,ㅁHAPPYㅁ 사림동 풀옵션 원룸,https://www.zigbang.com/home/apt/items/50179594
2026-09-06 07:58:50,원룸,50182130,월세,02,경상남도 창원시 의창구 사림동,창원시 의창구,사림동,300,35,0,24,7.26,2,ㅁHAPPYㅁ 준신축 사림동 분리형 원룸 풀옵션,https://www.zigbang.com/home/apt/items/50182130
2026-09-06 07:58:50,원룸,50186290,월세,01,경상남도 창원시 의창구 사림동,창원시 의창구,사림동,100,24,0,16.53,5.0,1,창원대후문인접 깨끗하게 올수리한 원룸입니다.,https://www.zigbang.com/home/apt/items/50186290
2026-09-06 07:58:50,원룸,50204084,월세,01,경상남도 창원시 의창구 사림동,창원시 의창구,사림동,100,24,0,18,5.44,1,ㅁHAPPYㅁ 사림동 풀옵션 원룸,https://www.zigbang.com/home/apt/items/50204084
2026-09-06 07:58:50,원룸,50235916,월세,01,경상남도 창원시 의창구 사림동,창원시 의창구,사림동,200,25,0,19.83,6.0,2,창원대학후문 인근 조용하고밝은 원룸입니다.,https://www.zigbang.com/home/apt/items/50235916
2026-09-06 07:58:50,원룸,50268623,월세,02,경상남도 창원시 의창구 사림동,창원시 의창구,사림동,200,25,0,20,6.05,2,ㅁHAPPYㅁ 사림동 풀옵션 분리형원룸,https://www.zigbang.com/home/apt/items/50268623
2026-09-06 07:58:50,원룸,50285297,월세,02,경상남도 창원시 의창구 봉곡동,창원시 의창구,봉곡동,200,22,0,24,7.26,2,ㅁHAPPYㅁ 봉곡동 가성비 최고 컨디션 좋은 분리형원룸,https://www.zigbang.com/home/apt/items/50285297
2026-09-06 07:58:50,원룸,50236309,월세,02,부산시 사상구 감전동,사상구,감전동,200,22,0,18.2,5.51,4,ㅇ리모델링원룸ㅇ풀옵션ㅇ가성비굿ㅇ몸만들어오세요..,https://www.zigbang.com/home/apt/items/50236309
2026-09-06 07:58:54,원룸,50299890,월세,02,부산시 부산진구 양정동,부산진구,양정동,100,50,0,43.78,13.24,5,"단기1개월부터 가능, 방1 거실1, 넓게 쓰실분들께 추천드",https://www.zigbang.com/home/apt/items/50299890
2026-09-06 07:58:54,원룸,50299927,월세,02,부산시 연제구 연산동,연제구,연산동,1000,60,0,44.64,13.5,8,"펜트리2개, 압도적 수납, 선착순입니다.",https://www.zigbang.com/home/apt/items/50299927
2026-09-06 07:58:54,원룸,50299994,월세,01,부산시 연제구 거제동,연제구,거제동,100,35,0,23.11,6.99,5,"단기 전문, 1개월 부터 가능. 전입불가. 단기매물 다량보",https://www.zigbang.com/home/apt/items/50299994
2026-09-06 07:58:54,원룸,50300031,월세,01,부산시 부산진구 양정동,부산진구,양정동,300,27,0,14.06,4.25,4,"부산여대,동과대 학생들에게 최고 인기 매물",https://www.zigbang.com/home/apt/items/50300031
2026-09-06 07:58:54,원룸,50300115,월세,01,부산시 연제구 연산동,연제구,연산동,200,15,0,15,4.54,2,"내부올수리완료,저렴한 전세,가성비 좋습니다.",https://www.zigbang.com/home/apt/items/50300115
2026-09-06 07:58:54,원룸,50300165,월세,01,부산시 연제구 거제동,연제구,거제동,200,21,0,16.12,4.88,3,"베란다있음,교대정문1분,내부리모델링 된 화이트톤 원룸,",https://www.zigbang.com/home/apt/items/50300165
2026-09-06 07:58:54,원룸,50300271,월세,02,부산시 연제구 연산동,연제구,연산동,2000,60,0,43.35,13.11,5,"방1,거실1, 정남향의 채광,펜트리,스타일러,",https://www.zigbang.com/home/apt/items/50300271
2026-09-06 07:58:54,원룸,50300291,월세,01,부산시 연제구 연산동,연제구,연산동,200,38,0,32.53,9.84,15,1개월 부터 가능 큐브아이 오피스텔은 선착순입니다.,https://www.zigbang.com/home/apt/items/50300291
2026-09-06 07:58:54,원룸,50300316,월세,02,부산시 연제구 연산동,연제구,연산동,1000,50,0,45.69,13.82,중,스마트리치 선착순입니다.,https://www.zigbang.com/home/apt/items/50300316
2026-09-06 07:58:54,원룸,50300327,월세,01,부산시 부산진구 양정동,부산진구,양정동,300,40,0,45.93,13.89,12,삼한골든뷰 오피스텔 관리가 잘되어 있어서 아주 깨끗합니다.,https://www.zigbang.com/home/apt/items/50300327
2026-09-06 07:58:54,원룸,50300342,월세,02,부산시 부산진구 양정동,부산진구,양정동,500,50,0,37.56,11.36,8,"신축급으로 관리된 1.5룸, 특가로 나왔습니다.",https://www.zigbang.com/home/apt/items/50300342
2026-09-06 07:58:54,원룸,50301548,월세,01,부산시 부산진구 양정동,부산진구,양정동,100,21,0,74.33,22.48,5,부산여대0동의대0동의과학대,https://www.zigbang.com/home/apt/items/50301548
2026-09-06 07:58:54,원룸,50301557,월세,01,부산시 연제구 연산동,연제구,연산동,300,20,0,36.57,11.06,5,연일시장x깔끔하고 큰방x가성비굿,https://www.zigbang.com/home/apt/items/50301557
2026-09-06 07:58:54,원룸,50301806,월세,03,부산시 부산진구 양정동,부산진구,양정동,300,50,0,36.29,10.98,13,양정동 채광 좋은 대로변에 위치는 깔끔한 복층 오피스텔,https://www.zigbang.com/home/apt/items/50301806
2026-09-06 07:58:54,원룸,49801214,월세,01,부산시 해운대구 반송동,해운대구,반송동,200,21,0,23.14,7.0,3,롯데리아옆 청소잘된 원룸,https://www.zigbang.com/home/apt/items/49801214
2026-09-06 07:58:54,원룸,50022574,월세,01,부산시 금정구 금사동,금정구,금사동,500,20,0,23.14,7.0,1,전기세포함 분리형 채광좋은 풀옵션 1층 원룸,https://www.zigbang.com/home/apt/items/50022574
2026-09-06 07:58:54,원룸,50068069,월세,01,부산시 해운대구 반송동,해운대구,반송동,150,22,0,23.14,7.0,2,학교정문앞 저렴한 원룸,https://www.zigbang.com/home/apt/items/50068069
2026-09-06 07:58:54,원룸,50141924,월세,01,부산시 금정구 회동동,금정구,회동동,300,29,0,23.14,7.0,1,회동동 채광좋은 원룸,https://www.zigbang.com/home/apt/items/50141924
2026-09-06 07:58:54,원룸,50158592,월세,01,부산시 해운대구 반송동,해운대구,반송동,150,22,0,21.7,6.56,1,1층 풀옵션 원룸,https://www.zigbang.com/home/apt/items/50158592
2026-09-06 07:58:54,원룸,50158652,전세,05,부산시 해운대구 반여동,해운대구,반여동,27000,0,0,112.4,34.0,고,"센텀우성거실,방3,욕실2ㅣ귀한전세ㅣ컨디션최고",https://www.zigbang.com/home/apt/items/50158652
2026-09-06 07:58:54,원룸,50184435,월세,01,부산시 해운대구 반송동,해운대구,반송동,100,25,0,21.7,6.56,1,소연돼지국밥 인근 식당 카페 인근 원룸,https://www.zigbang.com/home/apt/items/50184435
2026-09-06 07:58:54,원룸,50184453,월세,02,부산시 해운대구 반송동,해운대구,반송동,100,25,0,23.14,7.0,3,밝은 분리형 원룸,https://www.zigbang.com/home/apt/items/50184453
2026-09-06 07:58:54,원룸,50222643,월세,02,부산시 금정구 금사동,금정구,금사동,300,30,0,16.53,5.0,1,서금사 리모델링 안락한 보금자리,https://www.zigbang.com/home/apt/items/50222643
2026-09-06 07:58:54,원룸,50257212,월세,05,부산시 해운대구 반여동,해운대구,반여동,3000,110,0,113,34.18,17,"자주식 주차 가능한, 고급 오피스텔",https://www.zigbang.com/home/apt/items/50257212
2026-09-06 07:58:54,원룸,50259427,월세,02,부산시 해운대구 반송동,해운대구,반송동,150,21,0,20.58,6.23,3,영산대정문인근 채광좋은 주방 분리형 원룸,https://www.zigbang.com/home/apt/items/50259427
2026-09-06 07:58:54,원룸,50266100,월세,04,부산시 해운대구 반송동,해운대구,반송동,1000,60,0,64.95,19.65,14,"방2거실1베란다,초역세권,신축급오피,주차편리,즉시입주",https://www.zigbang.com/home/apt/items/50266100
2026-09-06 07:58:55,원룸,50192146,월세,02,경상남도 양산시 동면 금산리,양산시,동면,500,40,0,37,11.19,2,"공원, 마트, 버스정류장 인근.  전기요금할인구간.",https://www.zigbang.com/home/apt/items/50192146
2026-09-06 07:58:55,원룸,50220624,월세,02,경상남도 양산시 동면 석산리,양산시,동면,300,33,0,40,12.1,2,수납 넉넉한 생활권 편리한 룸,https://www.zigbang.com/home/apt/items/50220624
2026-09-06 07:58:55,원룸,49953043,월세,01,부산시 기장군 정관읍 방곡리,기장군,정관읍,300,25,0,23.14,7.0,1,"시세보다 싼집, 즉시입주",https://www.zigbang.com/home/apt/items/49953043
2026-09-06 07:58:55,원룸,50016791,월세,02,부산시 기장군 정관읍 방곡리,기장군,정관읍,250,31,0,26.44,8.0,3,"시세보다싼집, 즉시입주 가능",https://www.zigbang.com/home/apt/items/50016791
2026-09-06 07:58:55,원룸,50028689,월세,02,부산시 기장군 정관읍 달산리,기장군,정관읍,300,35,0,33.06,10.0,2,"주방 분리형,귀한 1.5룸.집깨끗,채광굿",https://www.zigbang.com/home/apt/items/50028689
2026-09-06 07:58:55,원룸,50049007,월세,02,부산시 기장군 정관읍 방곡리,기장군,정관읍,500,40,0,27,8.17,옥탑방,"채광좋은 풀옵션 1.5룸 욕조有, 남서향",https://www.zigbang.com/home/apt/items/50049007
2026-09-06 07:58:55,원룸,50097513,월세,04,부산시 기장군 정관읍 매학리,기장군,정관읍,500,65,0,97.63,29.53,6,정관에서 인기있는 신축급  쓰리룸 오피스텔 방 나옵니다.,https://www.zigbang.com/home/apt/items/50097513
2026-09-06 07:58:55,원룸,50108818,월세,01,부산시 기장군 정관읍 매학리,기장군,정관읍,300,50,0,46.28,14.0,5,정관에서 가장 인기있는 신축급 오피스텔입니다. 귀한 단기방,https://www.zigbang.com/home/apt/items/50108818
2026-09-06 07:58:55,원룸,50191393,월세,01,부산시 기장군 정관읍 매학리,기장군,정관읍,300,50,0,51.14,15.47,10,"즉시 입주가능, 1.5룸, 발코니",https://www.zigbang.com/home/apt/items/50191393
2026-09-06 07:58:55,원룸,50256754,월세,01,부산시 기장군 정관읍 매학리,기장군,정관읍,300,40,0,46.28,14.0,6,정관 신축급 웰메이드시티 오피스텔,https://www.zigbang.com/home/apt/items/50256754
2026-09-06 07:58:55,원룸,50286286,월세,02,부산시 기장군 정관읍 매학리,기장군,정관읍,300,53,0,51.14,15.47,3,"분리형 원룸, 발코니,중문, 빠른입주",https://www.zigbang.com/home/apt/items/50286286
2026-09-06 07:58:55,원룸,50286323,월세,01,부산시 기장군 정관읍 매학리,기장군,정관읍,300,53,0,51.14,15.47,7,"9월 말 입주, 트인조망",https://www.zigbang.com/home/apt/items/50286323
2026-09-06 07:58:55,원룸,50286374,월세,02,부산시 기장군 정관읍 매학리,기장군,정관읍,300,50,0,51.14,15.47,11,"입주협의, 1.5룸,발코니, 중문,최신오피스텔",https://www.zigbang.com/home/apt/items/50286374
2026-09-06 07:58:55,원룸,49969244,월세,01,부산시 해운대구 송정동,해운대구,송정동,1000,64,0,47.03,14.23,5,"송정 내방에서 바라보는 오션뷰 투룸,오시리아 관광특구 선호",https://www.zigbang.com/home/apt/items/49969244
2026-09-06 07:58:55,원룸,50022830,월세,04,부산시 기장군 기장읍 시랑리,기장군,기장읍,1000,140,0,149.08,45.1,중,"1000,140ㅣA타입최저가ㅣ풀옵션",https://www.zigbang.com/home/apt/items/50022830
2026-09-06 07:58:55,원룸,50071486,월세,03,부산시 기장군 기장읍 당사리,기장군,기장읍,1000,60,0,50.5,15.28,3,시랑리 예쁜복층형 매물,https://www.zigbang.com/home/apt/items/50071486
2026-09-06 07:58:55,원룸,50095048,월세,01,부산시 해운대구 송정동,해운대구,송정동,1000,66,0,47.03,14.23,11,전호실 오션뷰 오피스텔 관리비저렴 조용하고 안전한 주거,https://www.zigbang.com/home/apt/items/50095048
2026-09-06 07:58:55,원룸,50185994,월세,04,부산시 기장군 기장읍 시랑리,기장군,기장읍,1000,140,0,149.08,45.1,중,에어컨.세탁기.냉장고.건조기.스타일러ㅣ월세ㅣ구조good,https://www.zigbang.com/home/apt/items/50185994
2026-09-06 07:58:55,원룸,50186080,월세,04,부산시 기장군 기장읍 시랑리,기장군,기장읍,1000,130,0,150.31,45.47,고,리조트형주거시설ㅡ 헬스장ㅡ스크린골프,https://www.zigbang.com/home/apt/items/50186080
2026-09-06 07:58:55,원룸,50186118,월세,04,부산시 기장군 기장읍 시랑리,기장군,기장읍,1000,140,0,149.08,45.1,고,바다뷰ㅣ최저가월세ㅣ구조good,https://www.zigbang.com/home/apt/items/50186118
2026-09-06 07:58:55,원룸,50236143,월세,01,부산시 해운대구 송정동,해운대구,송정동,300,28,0,31.4,9.5,3,오시리아역 도보10분 저렴한원룸,https://www.zigbang.com/home/apt/items/50236143
2026-09-06 07:58:55,원룸,50262749,월세,01,부산시 해운대구 송정동,해운대구,송정동,1000,59,0,36.86,11.15,12,송정 오션뷰 전호실 조용하고 관리잘된 오피스텔,https://www.zigbang.com/home/apt/items/50262749
2026-09-06 07:58:55,원룸,50276318,월세,05,부산시 기장군 기장읍 시랑리,기장군,기장읍,1000,180,0,168.32,50.92,중,"거실,방3,욕실2ㅣ바다뷰풀옵션최저가",https://www.zigbang.com/home/apt/items/50276318
2026-09-06 07:58:55,원룸,50280203,월세,01,부산시 해운대구 송정동,해운대구,송정동,1000,64,0,36.86,11.15,13,기장에서 가장 가까운 송정 깔끔하고 뷰나오는 전호실오피스텔,https://www.zigbang.com/home/apt/items/50280203
2026-09-06 07:58:55,원룸,50280362,월세,01,부산시 해운대구 송정동,해운대구,송정동,300,28,0,28.4,8.59,3,송정동 깔끔하고 저렴한매물,https://www.zigbang.com/home/apt/items/50280362
2026-09-06 07:58:55,원룸,50291326,월세,01,부산시 해운대구 송정동,해운대구,송정동,500,61,0,47.03,14.23,9,안전하고 깔끔한 오션뷰 오피스텔 송정해안가 2분 편세권,https://www.zigbang.com/home/apt/items/50291326
2026-09-06 07:58:55,원룸,50301707,월세,02,부산시 해운대구 송정동,해운대구,송정동,300,35,0,29.72,8.99,2,"방1, 거실1, 막힘없는 채광, 송정역과 엄청 가까워요",https://www.zigbang.com/home/apt/items/50301707
2026-09-06 07:58:55,원룸,50301742,월세,01,부산시 해운대구 송정동,해운대구,송정동,300,27,0,19.24,5.82,3,"송정 강변뷰, 신축급 화이트톤, 베란다 같은 주방",https://www.zigbang.com/home/apt/items/50301742
2026-09-06 07:58:56,원룸,50109213,월세,01,부산시 기장군 일광읍 칠암리,기장군,일광읍,300,25,0,19.83,6.0,3,옵션좋고 조용한 원룸칠암초인근보증금월세조정가능,https://www.zigbang.com/home/apt/items/50109213
2026-09-06 07:58:57,원룸,49972608,월세,02,경상남도 양산시 상북면 석계리,양산시,상북면,500,35,0,33.06,10.0,3,AA석계산단입구 살기좋은 거실겸주방이있는남향방베란다있음,https://www.zigbang.com/home/apt/items/49972608
2026-09-06 07:58:57,원룸,50081711,월세,01,경상남도 양산시 평산동,양산시,평산동,300,25,0,30,9.07,4,도배 깨끗하게 새로단장함,https://www.zigbang.com/home/apt/items/50081711
2026-09-06 07:58:57,원룸,50081848,월세,02,경상남도 양산시 평산동,양산시,평산동,300,30,0,30,9.07,2,밝고 깨끗한 방입니다,https://www.zigbang.com/home/apt/items/50081848
2026-09-06 07:58:57,원룸,50174782,월세,02,경상남도 양산시 평산동,양산시,평산동,300,25,0,30,9.07,4,"방,거실 분리형",https://www.zigbang.com/home/apt/items/50174782
2026-09-06 07:58:58,원룸,49999023,월세,02,울산시 울주군 온양읍 남창리,울주군,온양읍,200,40,0,23.14,7.0,2,역세권 깨끗한 원룸,https://www.zigbang.com/home/apt/items/49999023
2026-09-06 07:58:58,원룸,50067286,월세,02,울산시 울주군 온양읍 대안리,울주군,온양읍,200,35,0,30,9.07,3,가격대비 컨디션 좋은 실속 원룸,https://www.zigbang.com/home/apt/items/50067286
2026-09-06 07:58:58,원룸,50067387,월세,02,울산시 울주군 온양읍 대안리,울주군,온양읍,200,35,0,27,8.17,2,"대형마트, 다이소 근처 원룸",https://www.zigbang.com/home/apt/items/50067387
2026-09-06 07:58:58,원룸,50213536,월세,01,울산시 울주군 온양읍 운화리,울주군,온양읍,200,40,0,20,6.05,2,깨끗한집 신축급,https://www.zigbang.com/home/apt/items/50213536
2026-09-06 07:58:58,원룸,50256261,월세,02,울산시 울주군 온양읍 대안리,울주군,온양읍,200,35,0,27,8.17,3,"남향, 깨끗하고 햇살 좋은방",https://www.zigbang.com/home/apt/items/50256261
2026-09-06 07:58:58,원룸,50256562,월세,02,울산시 울주군 온양읍 운화리,울주군,온양읍,500,45,0,50,15.12,4,"엘리베이트 있는방, 남동향으로 햇살 좋고 밝은집",https://www.zigbang.com/home/apt/items/50256562
2026-09-06 07:58:58,원룸,50256682,월세,02,울산시 울주군 온양읍 대안리,울주군,온양읍,200,40,0,50,15.12,3,붙박이 장 있어서 공간 활용도가 좋아요,https://www.zigbang.com/home/apt/items/50256682
2026-09-06 07:58:58,원룸,50264907,월세,02,울산시 울주군 온양읍 운화리,울주군,온양읍,200,29,0,30,9.07,2,방1 넓은주방 풀옵션 실사진,https://www.zigbang.com/home/apt/items/50264907
2026-09-06 07:58:58,원룸,50289516,월세,02,울산시 울주군 온양읍 운화리,울주군,온양읍,200,37,0,43,13.01,3,투룸같은 원룸,https://www.zigbang.com/home/apt/items/50289516
2026-09-06 07:58:58,원룸,50094434,월세,01,울산시 울주군 서생면 화산리,울주군,서생면,100,28,0,30,9.07,2,원룸 풀옵션 저렴한가격,https://www.zigbang.com/home/apt/items/50094434
2026-09-06 07:58:58,원룸,50091079,월세,01,부산시 기장군 장안읍 반룡리,기장군,장안읍,200,50,0,42.98,13.0,고,빠른입주 장안산단 내 유일한 햇빛 잘 드는 신축급 풀옵션,https://www.zigbang.com/home/apt/items/50091079
2026-09-06 07:58:58,원룸,49988089,월세,02,울산시 울주군 온양읍 대안리,울주군,온양읍,200,35,0,30,9.07,3,미투 같은 원룸입니다.,https://www.zigbang.com/home/apt/items/49988089
2026-09-06 07:58:58,원룸,50067531,월세,01,울산시 울주군 온양읍 대안리,울주군,온양읍,100,25,0,30,9.07,2,부담 없는 월세로 추천 드립니다.,https://www.zigbang.com/home/apt/items/50067531
2026-09-06 07:58:58,원룸,50067626,월세,02,울산시 울주군 온양읍 대안리,울주군,온양읍,200,35,0,27,8.17,2,생활하기 편한 실거주 추천 원룸입니다.,https://www.zigbang.com/home/apt/items/50067626
2026-09-06 07:58:58,원룸,50213547,월세,01,울산시 울주군 온양읍 대안리,울주군,온양읍,200,35,0,20,6.05,3,조용하고 관리잘된 원룸 단기가능해요,https://www.zigbang.com/home/apt/items/50213547
2026-09-06 07:58:58,원룸,50213553,월세,02,울산시 울주군 온양읍 대안리,울주군,온양읍,200,50,0,49.59,15.0,2,즉시입주가능해요,https://www.zigbang.com/home/apt/items/50213553
2026-09-06 07:58:58,원룸,50213592,월세,01,울산시 울주군 온양읍 대안리,울주군,온양읍,200,45,0,30,9.07,3,원자력 출퇴근 가까워요,https://www.zigbang.com/home/apt/items/50213592
2026-09-06 07:58:58,원룸,50226844,월세,02,울산시 울주군 온양읍 대안리,울주군,온양읍,200,36,0,33,9.98,2,ꯁꯁ BEST컨디션ㅣ분리형ㅣ가격굳ㅣ관리잘된집ㅣ공단출근굳,https://www.zigbang.com/home/apt/items/50226844
2026-09-06 07:58:58,원룸,50256411,월세,02,울산시 울주군 온양읍 대안리,울주군,온양읍,200,40,0,43,13.01,3,투룸 같이 크게 잘 빠진 집입니다.,https://www.zigbang.com/home/apt/items/50256411
2026-09-06 07:58:58,원룸,50088857,월세,01,울산시 울주군 서생면 진하리,울주군,서생면,200,36,0,26.44,8.0,2,"공원인근, 풀옵션 방",https://www.zigbang.com/home/apt/items/50088857
2026-09-06 07:58:58,원룸,50262501,월세,02,울산시 울주군 온산읍 강양리,울주군,온산읍,100,31,0,23.14,7.0,3,Vv주방분리 깔끔쾌적 화이트톤 깔끔한집 vV,https://www.zigbang.com/home/apt/items/50262501
2026-09-06 07:58:58,원룸,50265202,월세,02,울산시 울주군 서생면 진하리,울주군,서생면,200,31,0,29.9,9.04,1,진하에 저렴한 원룸 입니다 분리형,https://www.zigbang.com/home/apt/items/50265202
2026-09-06 07:58:59,원룸,50210330,월세,02,울산시 울주군 청량읍 상남리,울주군,청량읍,500,50,0,50,15.12,2,거실1 방1 풀옵션 덕하 귀한 집,https://www.zigbang.com/home/apt/items/50210330
2026-09-06 07:58:59,원룸,50234050,월세,02,울산시 울주군 청량읍 상남리,울주군,청량읍,300,40,0,40,12.1,3,부엌1 방1 풀옵션 신축급 화이트,https://www.zigbang.com/home/apt/items/50234050
2026-09-06 07:58:59,원룸,50278110,월세,02,울산시 울주군 청량읍 상남리,울주군,청량읍,300,41,0,43,13.01,3,풀옵ㅣ덕하ㅣ귀한매물ㅣbest ㅣ관리잘된집,https://www.zigbang.com/home/apt/items/50278110
2026-09-06 07:58:59,원룸,50283604,월세,02,울산시 울주군 청량읍 상남리,울주군,청량읍,300,41,0,40,12.1,3,방1 거실 풀옵션 공단출퇴근용이,https://www.zigbang.com/home/apt/items/50283604
2026-09-06 07:58:59,원룸,50283658,월세,01,울산시 울주군 청량읍 상남리,울주군,청량읍,100,29,0,25,7.56,1,위치 좋은 원룸 실사진,https://www.zigbang.com/home/apt/items/50283658
2026-09-06 07:58:59,원룸,50289455,월세,01,울산시 울주군 청량읍 상남리,울주군,청량읍,100,29,0,28,8.47,3,귀한매물 엘베있음 가격저렴 공단출퇴근최고,https://www.zigbang.com/home/apt/items/50289455
2026-09-06 07:58:59,원룸,50301562,월세,01,울산시 울주군 청량읍 상남리,울주군,청량읍,100,26,0,25,7.56,3,원룸 풀옵션 실사진  공단출퇴근용이,https://www.zigbang.com/home/apt/items/50301562
2026-09-06 07:59:02,원룸,50160742,월세,02,경상북도 경산시 유곡동,경산시,유곡동,100,16,0,27.35,8.27,4,ㅡ오피스텔형ㅡ학교최단거리ㅡ풀옵션 원룸ㅡ,https://www.zigbang.com/home/apt/items/50160742
2026-09-06 07:59:02,원룸,50161103,월세,02,경상북도 경산시 사동,경산시,사동,200,36,0,50,15.12,2,ㅡ한의대인기ㅡ정류장앞ㅡ화이트톤ㅡ햇살가득ㅡ,https://www.zigbang.com/home/apt/items/50161103
2026-09-06 07:59:02,원룸,50163988,월세,02,경상북도 경산시 점촌동,경산시,점촌동,100,21,0,39.67,12.0,2,ㅡ한의대인기ㅡ올리모델링원룸ㅡ,https://www.zigbang.com/home/apt/items/50163988
2026-09-06 07:59:02,원룸,50170822,월세,02,경상북도 경산시 유곡동,경산시,유곡동,100,16,0,27.74,8.39,4,ㅡGooDㅡ 한의대바로앞 풀옵션 최저가 인기 원룸,https://www.zigbang.com/home/apt/items/50170822
2026-09-06 07:59:02,원룸,50223101,월세,01,경상북도 경산시 유곡동,경산시,유곡동,50,11,0,33.06,10.0,2,최ㅣ저ㅣ가ㅣ학ㅣ교ㅣ1ㅣ분,https://www.zigbang.com/home/apt/items/50223101
2026-09-06 07:59:02,원룸,50232568,월세,02,경상북도 경산시 사동,경산시,사동,100,20,0,27,8.17,4,"NEW 26.08.31 촬영, 가성비 최상급 준신축 원룸",https://www.zigbang.com/home/apt/items/50232568
2026-09-06 07:59:02,원룸,50219685,월세,01,대구시 수성구 신매동,수성구,신매동,300,26,0,29.75,9.0,3,ㅁ완전강추ㅁ신축급1룸ㅁ풀옵션ㅁ침대ㅁ옷장ㅁTVㅁ,https://www.zigbang.com/home/apt/items/50219685
2026-09-06 07:59:02,원룸,50219691,월세,02,대구시 수성구 신매동,수성구,신매동,300,30,0,33.06,10.0,4,ㅁ올리모델링ㅁ신축급1룸ㅁ풀옵션ㅁTVㅁ침대ㅁ옷장ㅁ,https://www.zigbang.com/home/apt/items/50219691
2026-09-06 07:59:02,원룸,50219694,월세,01,대구시 수성구 신매동,수성구,신매동,200,18,0,29.75,9.0,3,ㅁ저렴한ㅁ올리모델링1룸ㅁ화이트톤ㅁ풀옵션ㅁ,https://www.zigbang.com/home/apt/items/50219694
2026-09-06 07:59:02,원룸,50219697,월세,02,대구시 수성구 시지동,수성구,시지동,300,28,0,36.36,11.0,1,ㅁ리모델링ㅁ미니2룸ㅁ풀옵션ㅁ화이트톤ㅁ붙박이장ㅁ남향ㅁ,https://www.zigbang.com/home/apt/items/50219697
2026-09-06 07:59:02,원룸,50219778,월세,02,대구시 수성구 신매동,수성구,신매동,200,20,0,33.05,10.0,3,ㅁ화이트톤ㅁ올리모델링1룸ㅁ풀옵션ㅁTVㅁ침대ㅁ,https://www.zigbang.com/home/apt/items/50219778
2026-09-06 07:59:02,원룸,50219787,월세,02,대구시 수성구 노변동,수성구,노변동,500,30,0,33.05,10.0,3,ㅁ신축급1룸ㅁ풀옵션ㅁ화이트톤ㅁ붙박이장ㅁ남향ㅁ양방향주차ㅁ,https://www.zigbang.com/home/apt/items/50219787
2026-09-06 07:59:02,원룸,50219793,월세,01,대구시 수성구 신매동,수성구,신매동,300,25,0,29.75,9.0,1,ㅁ올리모델링ㅁ신축1룸ㅁ풀옵션ㅁ침대ㅁ옷장ㅁ책상ㅁ남향ㅁ,https://www.zigbang.com/home/apt/items/50219793
2026-09-06 07:59:02,원룸,50232999,월세,02,대구시 수성구 매호동,수성구,매호동,300,27,0,29.75,9.0,2,ㅁ신매역2분ㅁ신축급1룸ㅁ화이트톤ㅁ풀옵션ㅁTVㅁ,https://www.zigbang.com/home/apt/items/50232999
2026-09-06 07:59:02,원룸,49982423,월세,02,경상북도 경산시 진량읍 신제리,경산시,진량읍,300,41,0,40.14,12.14,3,엘리베이터있는 투룸,https://www.zigbang.com/home/apt/items/49982423
2026-09-06 07:59:02,원룸,50144640,월세,01,경상북도 경산시 진량읍 신제리,경산시,진량읍,300,33,0,22.05,6.67,4,"신축 풀옵션, OTT서비스 가능, 가전가구 새제품",https://www.zigbang.com/home/apt/items/50144640
2026-09-06 07:59:02,원룸,50203166,월세,01,경상북도 경산시 진량읍 신제리,경산시,진량읍,300,33,0,22.05,6.67,2,조용한 신축 풀옵션 원룸,https://www.zigbang.com/home/apt/items/50203166
2026-09-06 07:59:02,원룸,50211386,월세,02,경상북도 경산시 진량읍 대원리,경산시,진량읍,100,27,0,34.24,10.36,3,진량공단 인근 대원리 미니투룸,https://www.zigbang.com/home/apt/items/50211386
2026-09-06 07:59:02,원룸,50227638,월세,01,경상북도 경산시 진량읍 대원리,경산시,진량읍,100,24,0,23.14,7.0,3,넓은 원룸 엘리베이터,https://www.zigbang.com/home/apt/items/50227638
2026-09-06 07:59:02,원룸,50257394,월세,01,경상북도 경산시 진량읍 대원리,경산시,진량읍,200,27,0,24.79,7.5,4,신축급 넓은 방 구조 좋고 채광 좋은 방,https://www.zigbang.com/home/apt/items/50257394
2026-09-06 07:59:02,원룸,50279324,월세,02,경상북도 경산시 진량읍 대원리,경산시,진량읍,100,25,0,24.26,7.34,2,진량공단 인근 대원리 원룸,https://www.zigbang.com/home/apt/items/50279324
2026-09-06 07:59:04,원룸,50301405,월세,02,울산시 울주군 범서읍 구영리,울주군,범서읍,500,41,0,42.98,13.0,2,ㅣHOT매물ㅣ방1거실1구조ㅣ엘베유ㅣ주차굿ㅣ,https://www.zigbang.com/home/apt/items/50301405
2026-09-06 07:59:04,원룸,50301602,월세,02,울산시 울주군 범서읍 구영리,울주군,범서읍,500,41,0,40,12.1,2,방1 거실 풀옵션 실사진,https://www.zigbang.com/home/apt/items/50301602
2026-09-06 07:59:04,원룸,50202251,월세,02,울산시 울주군 범서읍 굴화리,울주군,범서읍,300,36,0,29.75,9.0,3,ㄴ소장추천매물 방1 분리형 풀옵 서두르세요ㄱ,https://www.zigbang.com/home/apt/items/50202251
2026-09-06 07:59:04,원룸,50216824,월세,02,울산시 중구 다운동,중구,다운동,500,45,0,42.98,13.0,3,전속다운동 방1거실구조준공얼마되지않는신축,https://www.zigbang.com/home/apt/items/50216824
2026-09-06 07:59:04,원룸,50216831,월세,02,울산시 중구 다운동,중구,다운동,300,36,0,33.06,10.0,2,다운동 분리형원룸   풀옵션,https://www.zigbang.com/home/apt/items/50216831
2026-09-06 07:59:04,원룸,50230812,월세,02,울산시 중구 다운동,중구,다운동,300,36,0,29.75,9.0,3,ㅣ다운동 ㅣ깔끔한 풀옵션 ㅣ즉시입주가능 ㅣ,https://www.zigbang.com/home/apt/items/50230812
2026-09-06 07:59:04,원룸,50232435,월세,02,울산시 중구 다운동,중구,다운동,300,41,0,33,9.98,3,다운동 행정복지센타 뒤 분리형 신축급 원룸 300만41,https://www.zigbang.com/home/apt/items/50232435
2026-09-06 07:59:04,원룸,50233326,월세,01,울산시 중구 다운동,중구,다운동,300,36,0,30.12,9.11,3,NEW도배. 풀옵션 채광 좋은 방,https://www.zigbang.com/home/apt/items/50233326
2026-09-06 07:59:04,원룸,50233679,월세,02,울산시 중구 다운동,중구,다운동,300,36,0,32,9.68,3,다운동 준신축급 컨디션좋은매물 밝은집 주방 방1 베란다,https://www.zigbang.com/home/apt/items/50233679
2026-09-06 07:59:04,원룸,50234008,월세,02,울산시 중구 다운동,중구,다운동,300,36,0,29.75,9.0,3,ㄴ추천매물 2015년식 방1 분리형 풀옵 서두르세요,https://www.zigbang.com/home/apt/items/50234008
2026-09-06 07:59:04,원룸,50261421,월세,02,울산시 울주군 범서읍 구영리,울주군,범서읍,500,41,0,42.98,13.0,3,ㅣHOT매물ㅣ방1거실1구조ㅣ화이트톤ㅣ가성비갑ㅣ,https://www.zigbang.com/home/apt/items/50261421
2026-09-06 07:59:04,원룸,50265259,월세,02,울산시 중구 다운동,중구,다운동,300,42,0,30.1,9.11,3,준신축급 분리형 화이트톤깔끔한방,https://www.zigbang.com/home/apt/items/50265259
2026-09-06 07:59:04,원룸,50299156,월세,01,울산시 중구 태화동,중구,태화동,500,34,0,36.36,11.0,2,전속매물  태화동 월세 저렴한실매물풀옵션  국가정원인근,https://www.zigbang.com/home/apt/items/50299156
2026-09-06 07:59:04,원룸,50299190,월세,02,울산시 중구 태화동,중구,태화동,300,30,0,33.06,10.0,3,태화동관리잘된분리형원룸도배완료다양한매물보유,https://www.zigbang.com/home/apt/items/50299190
2026-09-06 07:59:04,원룸,50299743,월세,02,울산시 중구 태화동,중구,태화동,500,42,0,39.67,12.0,1,태화동올리모델링 방1거실겸주방   전월세조정가능,https://www.zigbang.com/home/apt/items/50299743
2026-09-06 07:59:04,원룸,50302013,월세,01,울산시 남구 무거동,남구,무거동,300,31,0,19.06,5.77,4,ㅣ장검중 인근 ㅣ깨끗한 풀옵션 ㅣ엘베 ㅣ,https://www.zigbang.com/home/apt/items/50302013
2026-09-06 07:59:04,원룸,50301743,월세,01,울산시 남구 삼산동,남구,삼산동,300,31,0,26.45,8.0,1,ㄱ.여기 이방어때요.시외버스터미널.깨끗한방.교통편리,https://www.zigbang.com/home/apt/items/50301743
2026-09-06 07:59:04,원룸,50301828,월세,02,울산시 남구 삼산동,남구,삼산동,300,28,0,26.45,8.0,2,ㄱ.여기 이방어때요.가격대박.방 주방분리형.깨끗.교통편리,https://www.zigbang.com/home/apt/items/50301828
2026-09-06 07:59:04,원룸,50301897,월세,02,울산시 남구 삼산동,남구,삼산동,300,34,0,23.14,7.0,3,ㄱ.여기 이방어때요.아데라움아파트인근.깨끗.교통편리,https://www.zigbang.com/home/apt/items/50301897
2026-09-06 07:59:04,원룸,50301914,월세,01,울산시 남구 달동,남구,달동,300,40,0,23.14,7.0,2,주차 편리. 터미널 근처. 깔끔한 원룸. 합리적인 가격,https://www.zigbang.com/home/apt/items/50301914
2026-09-06 07:59:04,원룸,50302353,월세,02,울산시 중구 학성동,중구,학성동,300,55,0,55,16.64,3,거실1 방1 붙박이장3단,https://www.zigbang.com/home/apt/items/50302353
2026-09-06 07:59:05,원룸,49974669,월세,01,울산시 북구 매곡동,북구,매곡동,300,30,0,13.23,4.0,3,"ꗰ단기가능,오픈형원룸.1인거주.월세저렴.외국인가능ꗰ",https://www.zigbang.com/home/apt/items/49974669
2026-09-06 07:59:05,원룸,50096399,월세,02,울산시 북구 중산동,북구,중산동,500,41,0,36.36,11.0,4,추천매물 방1거실 실사진 풀옵 주차넉넉 채광굿 선점하세요,https://www.zigbang.com/home/apt/items/50096399
2026-09-06 07:59:05,원룸,50125716,월세,02,울산시 북구 중산동,북구,중산동,500,41,0,42,12.7,4,ꯁꯁ 풀옵션ㅣ큰거실겸주방1ㅣ큰방1베란다ㅣ집깨끗ㅣ햇살좋아요,https://www.zigbang.com/home/apt/items/50125716
2026-09-06 07:59:05,원룸,50156350,월세,02,울산시 북구 중산동,북구,중산동,300,31,0,33,9.98,3,ꯁꯁ 풀옵션ㅣ주차완벽ㅣBest컨디션ㅣ큰방ㅣ햇살좋은ㅣ가격저렴,https://www.zigbang.com/home/apt/items/50156350
2026-09-06 07:59:05,원룸,50187295,월세,02,울산시 북구 중산동,북구,중산동,500,40,0,50,15.12,4,거실1 방1  정남향,https://www.zigbang.com/home/apt/items/50187295
2026-09-06 07:59:05,원룸,50190507,월세,02,울산시 북구 중산동,북구,중산동,500,41,0,40.1,12.13,4,MA 방1거실 상당히깔끔 중문0 남향,https://www.zigbang.com/home/apt/items/50190507
2026-09-06 07:59:05,원룸,50265227,월세,02,경상북도 경주시 외동읍 모화리,경주시,외동읍,100,35,0,30.1,9.11,2,MA 2015년식 분리형,https://www.zigbang.com/home/apt/items/50265227
2026-09-06 07:59:05,원룸,50265230,월세,02,경상북도 경주시 외동읍 모화리,경주시,외동읍,100,35,0,27.1,8.2,2,MA 분리형 깔끔한방 채광0,https://www.zigbang.com/home/apt/items/50265230
2026-09-06 07:59:05,원룸,50290924,월세,02,경상북도 경주시 외동읍 모화리,경주시,외동읍,100,33,0,31.1,9.41,3,MA 2015년식 분리형 깔끔한방,https://www.zigbang.com/home/apt/items/50290924
2026-09-06 07:59:05,원룸,50294679,월세,02,울산시 북구 중산동,북구,중산동,500,40,0,42.98,13.0,4,큰거실ㅣ큰방ㅣ깔끔하고 구조좋게 잘빠진 방,https://www.zigbang.com/home/apt/items/50294679
2026-09-06 07:59:06,원룸,50053732,월세,02,경상북도 경주시 충효동,경주시,충효동,300,33,0,28.1,8.5,2,oO ev있는 신축 원룸 Oo 최다매물보유,https://www.zigbang.com/home/apt/items/50053732
2026-09-06 07:59:06,원룸,50085878,월세,03,경상북도 경주시 충효동,경주시,충효동,200,37,0,33.06,10.0,4,oO 귀한 복층원룸 Oo 실매물 실사진,https://www.zigbang.com/home/apt/items/50085878
2026-09-06 07:59:06,원룸,50156640,월세,02,경상북도 경주시 충효동,경주시,충효동,500,60,0,79.34,24.0,3,oO 가정집같은 빌라매물 Oo 문의 폭주,https://www.zigbang.com/home/apt/items/50156640
2026-09-06 07:59:06,원룸,50160580,월세,02,경상북도 경주시 충효동,경주시,충효동,200,37,0,39.67,12.0,2,oO 관리우수 미니투룸 Oo 100실매물,https://www.zigbang.com/home/apt/items/50160580
2026-09-06 07:59:06,원룸,50173556,월세,01,경상북도 경주시 충효동,경주시,충효동,30,30,0,24,7.26,2,충효동 외국인전용 공용세탁기 신경주대 바로 앞,https://www.zigbang.com/home/apt/items/50173556
2026-09-06 07:59:06,원룸,50174425,월세,01,경상북도 경주시 충효동,경주시,충효동,40,35,0,26,7.86,2,충효동 외국인전용 공용세탁기 신경주대 바로 앞,https://www.zigbang.com/home/apt/items/50174425
2026-09-06 07:59:06,원룸,50182968,월세,01,경상북도 경주시 충효동,경주시,충효동,200,22,0,21,6.35,2,충효동 가성비원룸 외국인 가능 풀옵션,https://www.zigbang.com/home/apt/items/50182968
2026-09-06 07:59:06,원룸,50247846,월세,02,경상북도 경주시 충효동,경주시,충효동,100,15,0,29,8.77,2,신경주대 인근 외국인전용 가성비원룸,https://www.zigbang.com/home/apt/items/50247846
2026-09-06 07:59:06,원룸,50248050,월세,01,경상북도 경주시 충효동,경주시,충효동,50,23,0,26,7.86,3,신경주대 인근 외국인 전용원룸,https://www.zigbang.com/home/apt/items/50248050
2026-09-06 07:59:06,원룸,50255708,월세,02,경상북도 경주시 충효동,경주시,충효동,200,30,0,29.75,9.0,3,oO 충효동 넓게빠진 원룸 Oo 관리 우수 실매물,https://www.zigbang.com/home/apt/items/50255708
2026-09-06 07:59:06,원룸,50255798,월세,02,경상북도 경주시 충효동,경주시,충효동,100,23,0,27,8.17,3,신경주대 인근 외국인 가능,https://www.zigbang.com/home/apt/items/50255798
2026-09-06 07:59:06,원룸,49983979,월세,02,경상북도 경주시 외동읍 입실리,경주시,외동읍,150,40,0,36,10.89,4,투룸 공실임대,https://www.zigbang.com/home/apt/items/49983979
2026-09-06 07:59:06,원룸,49999061,월세,02,경상북도 경주시 외동읍 입실리,경주시,외동읍,200,35,0,30,9.07,4,원룸 공실 임대,https://www.zigbang.com/home/apt/items/49999061
2026-09-06 07:59:06,원룸,50178666,월세,02,경상북도 경주시 외동읍 입실리,경주시,외동읍,100,32,0,31.1,9.41,3,MA 2017년식 분리형 채광0 가성비굿,https://www.zigbang.com/home/apt/items/50178666
2026-09-06 07:59:06,원룸,50181962,월세,02,경상북도 경주시 외동읍 구어리,경주시,외동읍,300,37,0,30.1,9.11,2,MA 공단도보출퇴 외국인X 2018년식 분리형,https://www.zigbang.com/home/apt/items/50181962
2026-09-06 07:59:06,원룸,50232873,월세,02,경상북도 경주시 외동읍 입실리,경주시,외동읍,100,30,0,28.1,8.5,3,MA 분리형 저렴한월세,https://www.zigbang.com/home/apt/items/50232873
2026-09-06 07:59:06,원룸,50271448,월세,02,경상북도 경주시 외동읍 입실리,경주시,외동읍,100,40,0,37.1,11.22,3,MA 방1거실 화이트톤 상당히깔끔한방,https://www.zigbang.com/home/apt/items/50271448
2026-09-06 07:59:06,원룸,49783580,월세,02,경상북도 경주시 시래동,경주시,시래동,200,32,0,27,8.17,4,원룸공실 임대,https://www.zigbang.com/home/apt/items/49783580
2026-09-06 07:59:06,원룸,49783591,월세,01,경상북도 경주시 시래동,경주시,시래동,200,27,0,27,8.17,3,원룸 공실 임대,https://www.zigbang.com/home/apt/items/49783591
2026-09-06 07:59:06,원룸,50063114,월세,01,경상북도 경주시 시래동,경주시,시래동,200,30,0,29.75,9.0,2,"비교적 넓은 방,,,한수원 불국사 보문단지 울산 방면",https://www.zigbang.com/home/apt/items/50063114
2026-09-06 07:59:06,원룸,50180980,월세,02,경상북도 경주시 시래동,경주시,시래동,200,30,0,27,8.17,3,원룸 공실 임대,https://www.zigbang.com/home/apt/items/50180980
2026-09-06 07:59:06,원룸,50192007,월세,01,경상북도 경주시 시래동,경주시,시래동,200,28,0,49.59,15.0,2,"착한 월세,,,비교적 넓은 방,,,넓은 주차장",https://www.zigbang.com/home/apt/items/50192007
2026-09-06 07:59:07,원룸,50101681,월세,01,경상북도 경주시 시래동,경주시,시래동,200,30,0,49.59,15.0,2,"단기 가능,,, 한수원 불국사 보문단지 울산 방면",https://www.zigbang.com/home/apt/items/50101681
2026-09-06 07:59:07,원룸,50129212,월세,01,경상북도 경주시 구정동,경주시,구정동,200,29,0,26.45,8.0,3,"단기 가능,,,농협마트 도보 가능,,,불국사 보문단지 방면",https://www.zigbang.com/home/apt/items/50129212
2026-09-06 07:59:07,원룸,50180012,월세,02,경상북도 경주시 구정동,경주시,구정동,200,28,0,27,8.17,3,원룸공실 임대,https://www.zigbang.com/home/apt/items/50180012
2026-09-06 07:59:07,원룸,50180057,월세,02,경상북도 경주시 시래동,경주시,시래동,200,30,0,27,8.17,3,원룸 공실임대,https://www.zigbang.com/home/apt/items/50180057
2026-09-06 07:59:07,원룸,50180085,월세,02,경상북도 경주시 시래동,경주시,시래동,500,50,0,58,17.54,3,쓰리룸 공실 임대,https://www.zigbang.com/home/apt/items/50180085
2026-09-06 07:59:08,원룸,50011020,월세,02,경상북도 성주군 성주읍 성산리,성주군,성주읍,300,37,0,45,13.61,4,테라스가 있는 감성더한 미니투룸,https://www.zigbang.com/home/apt/items/50011020
2026-09-06 07:59:08,원룸,50021403,월세,01,경상북도 성주군 성주읍 예산리,성주군,성주읍,300,32,0,26.45,8.0,3,"읍사무소인근 원룸,도시가스,도배,청소 해줌",https://www.zigbang.com/home/apt/items/50021403
2026-09-06 07:59:08,원룸,50145359,월세,02,경상북도 성주군 성주읍 예산리,성주군,성주읍,300,40,0,36.36,11.0,2,"설빙인근 깔끔한 미투,2층,즉시입주가능",https://www.zigbang.com/home/apt/items/50145359
2026-09-06 07:59:08,원룸,50145381,월세,01,경상북도 성주군 성주읍 성산리,성주군,성주읍,200,30,0,23,6.96,2,"원룸,읍사무소인근,즉시가능",https://www.zigbang.com/home/apt/items/50145381
2026-09-06 07:59:08,원룸,50206054,월세,01,경상북도 성주군 성주읍 성산리,성주군,성주읍,200,30,0,33,9.98,3,엘리베이터있는 성주시내 도시가스 연결된 원룸,https://www.zigbang.com/home/apt/items/50206054
2026-09-06 07:59:08,원룸,50215723,월세,02,경상북도 성주군 성주읍 성산리,성주군,성주읍,500,43,0,32,9.68,3,"강변신축미니투루룸, 엘베있음,도시가스사용,",https://www.zigbang.com/home/apt/items/50215723
2026-09-06 07:59:08,원룸,50243708,월세,01,경상북도 성주군 성주읍 성산리,성주군,성주읍,300,33,0,23,6.96,3,"강변미니투룸,엘베있음,즉시가능,도시가스",https://www.zigbang.com/home/apt/items/50243708
2026-09-06 07:59:08,원룸,50262395,월세,01,경상북도 성주군 성주읍 성산리,성주군,성주읍,300,28,0,33,9.98,3,도시가스 연결된 관리 잘 된 원룸,https://www.zigbang.com/home/apt/items/50262395
2026-09-06 07:59:08,원룸,50262507,월세,02,경상북도 성주군 성주읍 백전리,성주군,성주읍,500,38,0,49.59,15.0,3,정남향 전면틔인 미니투룸,https://www.zigbang.com/home/apt/items/50262507
2026-09-06 07:59:08,원룸,50262533,월세,02,경상북도 성주군 성주읍 성산리,성주군,성주읍,300,35,0,46.28,14.0,4,성주시내 남향 미니투룸,https://www.zigbang.com/home/apt/items/50262533
2026-09-06 07:59:08,원룸,50262637,월세,02,경상북도 성주군 성주읍 학산리,성주군,성주읍,500,33,0,46,13.91,2,정남향의 거실 넓은 미투,https://www.zigbang.com/home/apt/items/50262637
2026-09-06 07:59:08,원룸,50302120,월세,01,경상북도 성주군 성주읍 성산리,성주군,성주읍,200,30,0,23,6.96,2,"읍사무소인근, 즉시가능, 2층",https://www.zigbang.com/home/apt/items/50302120
2026-09-06 07:59:09,원룸,50038013,월세,01,경상북도 김천시 부곡동,김천시,부곡동,200,25,0,34,10.28,2,부곡동 김천중.고 인근 초신축 초저가 원룸,https://www.zigbang.com/home/apt/items/50038013
2026-09-06 07:59:09,원룸,50239324,월세,02,경상북도 김천시 부곡동,김천시,부곡동,200,25,0,33,9.98,3,부곡 김천중고등학교 맛고을 인근 신축같이 깨끗하고 안전한방,https://www.zigbang.com/home/apt/items/50239324
2026-09-06 07:59:09,원룸,50261861,월세,01,경상북도 김천시 부곡동,김천시,부곡동,200,25,0,34,10.28,2,실매물인증완료 남향 김천고인근 최신축 주차편리한 풀옵션원룸,https://www.zigbang.com/home/apt/items/50261861
2026-09-06 07:59:09,원룸,50142183,월세,01,경상북도 김천시 용두동,김천시,용두동,200,25,0,33,9.98,3,김천황금시장 초인근 최저가 풀옵션 원룸입니다,https://www.zigbang.com/home/apt/items/50142183
2026-09-06 07:59:09,원룸,50142185,월세,01,경상북도 김천시 지좌동,김천시,지좌동,200,25,0,33,9.98,3,지좌행정복지센터 바로뒤 깔끔한 최신축 풀옵션 원룸,https://www.zigbang.com/home/apt/items/50142185
2026-09-06 07:59:09,원룸,50238716,월세,01,경상북도 김천시 지좌동,김천시,지좌동,200,25,0,33.06,10.0,3,김천혁신도시 5분 동부초등 인근 바이크게나온 신축같은 원룸,https://www.zigbang.com/home/apt/items/50238716
2026-09-06 07:59:09,원룸,50142184,월세,01,경상북도 김천시 삼락동,김천시,삼락동,200,22,0,33,9.98,3,교동 법원 바로앞 조용하고 깨끗한 최저가 풀옵션 원룸,https://www.zigbang.com/home/apt/items/50142184
2026-09-06 07:59:09,원룸,50200172,월세,01,경상북도 김천시 삼락동,김천시,삼락동,200,27,0,30,9.07,2,김천대 자취방 후문 옆 최신축 풀옵션 화이트톤 이쁜 원룸,https://www.zigbang.com/home/apt/items/50200172
2026-09-06 07:59:09,원룸,50208219,월세,01,경상북도 김천시 삼락동,김천시,삼락동,200,27,0,27,8.17,2,완전 최신축 이쁜 다있는 올인원풀옵션 몸만들어오면되는 원룸,https://www.zigbang.com/home/apt/items/50208219
2026-09-06 07:59:09,원룸,50239265,월세,02,경상북도 김천시 부곡동,김천시,부곡동,300,34,0,41,12.4,2,부곡 자이아파트인근 큰방1큰거실1구조의 신축같은 럭셔리한방,https://www.zigbang.com/home/apt/items/50239265
2026-09-06 07:59:09,원룸,50239354,월세,01,경상북도 김천시 삼락동,김천시,삼락동,100,20,0,33,9.98,1,김천대 보건대 인근 단기계약 가능한 풀옵션 신축같은 원룸,https://www.zigbang.com/home/apt/items/50239354
2026-09-06 07:59:09,원룸,50239463,월세,01,경상북도 김천시 삼락동,김천시,삼락동,200,23,0,33,9.98,2,김천 법원 스포츠센터 인근 신축같이 깨끗하고 조용한 원룸,https://www.zigbang.com/home/apt/items/50239463
2026-09-06 07:59:09,원룸,50240606,월세,01,경상북도 김천시 삼락동,김천시,삼락동,150,23,0,26.45,8.0,1,김천대학교 인근.후문쪽 깔끔한 원룸 입니다,https://www.zigbang.com/home/apt/items/50240606
2026-09-06 07:59:09,원룸,50242087,월세,01,경상북도 김천시 삼락동,김천시,삼락동,100,22,0,26.45,8.0,2,삼락동 김천대학교보건대학교 5분거리 가장 가까운 원룸,https://www.zigbang.com/home/apt/items/50242087
2026-09-06 07:59:09,원룸,50242207,월세,01,경상북도 김천시 삼락동,김천시,삼락동,100,24,0,26.45,8.0,3,김천전문대 후문 쪽 학생들 딱좋은 원룸 입니다,https://www.zigbang.com/home/apt/items/50242207
2026-09-06 07:59:09,원룸,50261755,월세,01,경상북도 김천시 삼락동,김천시,삼락동,100,20,0,28,8.47,2,"김대,보건대 도보3분거리 최신축 올인원풀옵션 원룸몸만오세요",https://www.zigbang.com/home/apt/items/50261755
2026-09-06 07:59:09,원룸,50261974,월세,01,경상북도 김천시 부곡동,김천시,부곡동,200,25,0,34,10.28,2,최신축 김고인근 대학생추천 상권좋고 살기좋은 풀옵션 원룸,https://www.zigbang.com/home/apt/items/50261974
2026-09-06 07:59:09,원룸,50262067,월세,01,경상북도 김천시 삼락동,김천시,삼락동,100,20,0,28,8.47,2,김대 보건대 자취방 최저가 풀옵션 원룸 햇살가득해요,https://www.zigbang.com/home/apt/items/50262067
2026-09-06 07:59:09,원룸,50278887,월세,01,경상북도 김천시 다수동,김천시,다수동,100,20,0,33,9.98,3,다수초등학교 초인근 최저가 풀옵션 원룸입니다,https://www.zigbang.com/home/apt/items/50278887
2026-09-06 07:59:09,원룸,50278947,월세,01,경상북도 김천시 삼락동,김천시,삼락동,100,20,0,30,9.07,2,김천대 후문 관리잘된 최저가 풀옵션 깔끔한 원룸,https://www.zigbang.com/home/apt/items/50278947
2026-09-06 07:59:09,원룸,50278952,월세,01,경상북도 김천시 부곡동,김천시,부곡동,200,25,0,33,9.98,3,부곡 맛고을내 최저가 풀옵션 까끔한 원룸,https://www.zigbang.com/home/apt/items/50278952
2026-09-06 07:59:10,원룸,50239294,월세,01,경상북도 김천시 남면 봉천리,김천시,남면,200,25,0,33,9.98,2,김천혁신도시인근 신축처럼 깨끗하고 조용하고 살기좋은 원룸,https://www.zigbang.com/home/apt/items/50239294
2026-09-06 07:59:10,원룸,50146872,월세,01,경상북도 김천시 아포읍 국사리,김천시,아포읍,200,17,0,34,10.28,2,최저가 원룸 아포읍 국사리 덕일한마음아파트인근 원룸,https://www.zigbang.com/home/apt/items/50146872
2026-09-06 07:59:11,원룸,49611153,월세,01,경상북도 칠곡군 왜관읍 왜관리,칠곡군,왜관읍,200,27,0,26.44,8.0,3,㉧미군부대 후문 근처 원룸㉧ 방 크고 쾌적해요 조용한 동네,https://www.zigbang.com/home/apt/items/49611153
2026-09-06 07:59:11,원룸,49846087,월세,02,경상북도 칠곡군 왜관읍 석전리,칠곡군,왜관읍,300,30,0,39.67,12.0,4,㉧미군부대 후문 미니투룸㉧ 대화아파트 인근 조용한 동네,https://www.zigbang.com/home/apt/items/49846087
2026-09-06 07:59:11,원룸,50032079,월세,01,대구시 달서구 용산동,달서구,용산동,100,15,0,26.44,8.0,3,"올수리ㅡ오픈형원룸大ㅡ풀옵션ㅡ실물Good,REAL깨끗",https://www.zigbang.com/home/apt/items/50032079
2026-09-06 07:59:11,원룸,50104376,월세,01,대구시 달서구 용산동,달서구,용산동,100,10,0,30.89,9.34,3,방大 장판 도배 완료 풀옵션 인터넷포함 가성비甲 원룸,https://www.zigbang.com/home/apt/items/50104376
2026-09-06 07:59:11,원룸,50151390,월세,01,대구시 달서구 용산동,달서구,용산동,100,10,0,29.76,9.0,1,리모델링 화이트톤 성서iC 앞 방大 풀옵션 원룸,https://www.zigbang.com/home/apt/items/50151390
2026-09-06 07:59:11,원룸,50213703,월세,02,대구시 달서구 이곡동,달서구,이곡동,200,20,0,29.75,9.0,2,"와룡고,성서체육센터.가성비좋은신축원룸.",https://www.zigbang.com/home/apt/items/50213703
2026-09-06 07:59:11,원룸,50218433,월세,02,대구시 달서구 이곡동,달서구,이곡동,100,14,0,30,9.07,3,가성비 끝판왕 풀옵션 원룸입니다,https://www.zigbang.com/home/apt/items/50218433
2026-09-06 07:59:11,원룸,50225797,월세,02,대구시 달서구 이곡동,달서구,이곡동,200,19,0,33.06,10.0,3,가성비최고 깔끔한 신축 풀옵션 햇살쫙,https://www.zigbang.com/home/apt/items/50225797
2026-09-06 07:59:11,원룸,50227573,월세,01,대구시 달서구 용산동,달서구,용산동,100,10,0,22.55,6.82,1,vV실사진 가격절충Vv 리모델링 완료 가성비 최고 넓고 깔,https://www.zigbang.com/home/apt/items/50227573
2026-09-06 07:59:11,원룸,50227609,월세,01,대구시 달서구 용산동,달서구,용산동,100,11,0,22.55,6.82,3,Vv실사진 가격절충vV 저렴한월세  도배완료,https://www.zigbang.com/home/apt/items/50227609
2026-09-06 07:59:11,원룸,50231637,월세,01,대구시 달서구 용산동,달서구,용산동,100,10,0,22.55,6.82,3,vV실사진 가격절충VV 저렴한월세  도배완료,https://www.zigbang.com/home/apt/items/50231637
2026-09-06 07:59:11,원룸,50233097,월세,02,대구시 달서구 용산동,달서구,용산동,100,13,0,33.06,10.0,2,복가득한방.방1거실1..올리모델링 청소완료바로 입주가능.완,https://www.zigbang.com/home/apt/items/50233097
2026-09-06 07:59:11,원룸,50242647,월세,02,대구시 달서구 용산동,달서구,용산동,100,10,0,24,7.26,1,비지니스골프장앞 분리형원룸  방대 싸고좋은방,https://www.zigbang.com/home/apt/items/50242647
2026-09-06 07:59:11,원룸,50244704,월세,01,대구시 달서구 용산동,달서구,용산동,100,13,0,30.31,9.17,2,올리모델링 방大 도배완료 배란다大 가성비甲 원룸,https://www.zigbang.com/home/apt/items/50244704
2026-09-06 07:59:11,원룸,50245312,월세,02,대구시 달서구 용산동,달서구,용산동,100,13,0,26.12,7.9,1,도배완료 장판완료 풀옵션 주방분리 가성비甲 원룸,https://www.zigbang.com/home/apt/items/50245312
2026-09-06 07:59:11,원룸,50281257,월세,01,대구시 달서구 신당동,달서구,신당동,150,20,0,30,9.07,3,풀옵션 몸만오면 되는 예쁜 원룸,https://www.zigbang.com/home/apt/items/50281257
2026-09-06 07:59:11,원룸,50302371,월세,02,대구시 북구 매천동,북구,매천동,500,38,0,40,12.1,4,"매천동 매천시장인근,엘베,준신축미투 풀옵션,",https://www.zigbang.com/home/apt/items/50302371
2026-09-06 07:59:11,원룸,50005511,월세,02,대구시 동구 불로동,동구,불로동,400,30,0,39,11.8,3,"허위제로ㅣ남향 대형투룸, 거실과 방, 풀옵션입니다.",https://www.zigbang.com/home/apt/items/50005511
2026-09-06 07:59:11,원룸,50070567,월세,02,대구시 동구 불로동,동구,불로동,500,30,0,39,11.8,2,"허위제로ㅣ대형사이즈 투룸, 거실과 방, 풀옵션입니다.",https://www.zigbang.com/home/apt/items/50070567
2026-09-06 07:59:11,원룸,50182728,월세,02,대구시 동구 불로동,동구,불로동,500,30,0,42,12.7,2,"허위제로I대형투룸, 화이트톤 넓은거실과 방, 풀옵션입니다.",https://www.zigbang.com/home/apt/items/50182728
2026-09-06 07:59:11,원룸,50236787,월세,01,대구시 동구 불로동,동구,불로동,200,18,0,26.44,8.0,2,VV불로시장V싸고V깔끔한 원룸V풀옵션V가성비 좋은 집VV,https://www.zigbang.com/home/apt/items/50236787
2026-09-06 07:59:11,원룸,50237761,월세,01,대구시 동구 불로동,동구,불로동,300,25,0,27.5,8.32,3,VV신축급V관리잘된V깔끔한 원룸V풀옵션V햇살 가득VV,https://www.zigbang.com/home/apt/items/50237761
2026-09-06 07:59:11,원룸,50237805,월세,01,대구시 동구 불로동,동구,불로동,100,17,0,23.14,7.0,2,VV불로시장V싼방V풀옵션V깔끔VV,https://www.zigbang.com/home/apt/items/50237805
2026-09-06 07:59:11,원룸,50237985,월세,01,대구시 동구 불로동,동구,불로동,200,20,0,27.5,8.32,2,VV불로동V싸고V깔끔한 원룸V풀옵션V가성비 최고VV,https://www.zigbang.com/home/apt/items/50237985
2026-09-06 07:59:11,원룸,50238604,월세,01,대구시 북구 검단동,북구,검단동,100,15,0,26.44,8.0,2,VV검단동V싸고V큰방V풀옵션V착한 가격VV,https://www.zigbang.com/home/apt/items/50238604
2026-09-06 07:59:11,원룸,50238726,월세,01,대구시 동구 불로동,동구,불로동,200,22,0,27.5,8.32,3,VV깔끔한 원룸V채광 좋고V관리가 잘된집V풀옵션VV,https://www.zigbang.com/home/apt/items/50238726
2026-09-06 07:59:11,원룸,50239281,월세,01,대구시 동구 불로동,동구,불로동,200,22,0,27.5,8.32,2,VV관리잘된V깔끔한 원룸V예쁜방V풀옵션V안전한 위치VV,https://www.zigbang.com/home/apt/items/50239281
2026-09-06 07:59:11,원룸,50284902,월세,02,대구시 북구 검단동,북구,검단동,200,23,0,31.4,9.5,3,㋹갓성비 ㋹미니투룸 ㋹수리된집 ㋹주차넉넉,https://www.zigbang.com/home/apt/items/50284902
2026-09-06 07:59:11,원룸,50299435,월세,02,대구시 동구 도동,동구,도동,300,30,0,39,11.8,2,"허위제로ㅣ투룸, 거실과 방, 풀옵션에 화이트톤 깔끔합니다",https://www.zigbang.com/home/apt/items/50299435
2026-09-06 07:59:12,원룸,49807086,월세,02,대구시 북구 학정동,북구,학정동,100,21,0,30,9.07,2,경대병원실습 단기가능 풀옵션 원룸,https://www.zigbang.com/home/apt/items/49807086
2026-09-06 07:59:12,원룸,49894054,월세,02,대구시 북구 학정동,북구,학정동,300,33,0,35,10.59,3,주차완벽 경대병원 및 직장인 추천 넓은 원룸,https://www.zigbang.com/home/apt/items/49894054
2026-09-06 07:59:12,원룸,50004255,월세,02,대구시 북구 학정동,북구,학정동,100,21,0,26.45,8.0,1,"1개월부터 단기가능 경대병원 코앞가성비 풀옵션,선점필수",https://www.zigbang.com/home/apt/items/50004255
2026-09-06 07:59:12,원룸,50132438,월세,02,대구시 북구 학정동,북구,학정동,200,27,0,30,9.07,2,보안ok 엘베ok 깔끔ok 경대병원 직장인 선호도 높음,https://www.zigbang.com/home/apt/items/50132438
2026-09-06 07:59:12,원룸,50141815,월세,02,대구시 북구 학정동,북구,학정동,300,25,0,30,9.07,2,"경대병원,3지구접근성좋은 신축개방감,구조좋은원룸,직장,1인",https://www.zigbang.com/home/apt/items/50141815
2026-09-06 07:59:12,원룸,50197008,월세,02,대구시 북구 학정동,북구,학정동,200,28,0,40,12.1,1,"학정동,50사단인근,관리최상 최가성비 미투 풀옵션,선점필수",https://www.zigbang.com/home/apt/items/50197008
2026-09-06 07:59:12,원룸,50212893,월세,02,대구시 북구 학정동,북구,학정동,2000,26,0,40,12.1,3,학정동 드레스룸 겸비신축 오피스텔 이중보안으로 치안매우우수,https://www.zigbang.com/home/apt/items/50212893
2026-09-06 07:59:12,원룸,50233551,월세,02,대구시 북구 학정동,북구,학정동,300,27,0,36,10.89,3,"경대병원,3지구등 접근성 좋은 작은미니투룸,직장,1인,대학",https://www.zigbang.com/home/apt/items/50233551
2026-09-06 07:59:12,원룸,50254617,월세,02,대구시 북구 학정동,북구,학정동,100,21,0,30,9.07,1,단기가능 풀옵션원룸 병원바로앞 즉시입주가능,https://www.zigbang.com/home/apt/items/50254617
2026-09-06 07:59:12,원룸,50255000,월세,02,대구시 북구 읍내동,북구,읍내동,200,18,0,30,9.07,2,동명최근접 주차완벽 풀옵션 최저가 즉시입주가능,https://www.zigbang.com/home/apt/items/50255000
2026-09-06 07:59:12,원룸,50276261,월세,01,대구시 북구 학정동,북구,학정동,200,15,0,28,8.47,2,"학정동 싼방,분리형,풀옵션, 선점필수",https://www.zigbang.com/home/apt/items/50276261
2026-09-06 07:59:16,원룸,50239784,월세,01,경상북도 구미시 선산읍 동부리,구미시,선산읍,200,20,0,33.06,10.0,2,선산읍 중심지역 원룸,https://www.zigbang.com/home/apt/items/50239784
2026-09-06 07:59:16,원룸,50246791,월세,02,경상북도 구미시 선산읍 동부리,구미시,선산읍,300,30,0,39.67,12.0,2,선산 중심지역 미니투룸,https://www.zigbang.com/home/apt/items/50246791
2026-09-06 07:59:16,원룸,50294088,월세,01,경상북도 구미시 선산읍 교리,구미시,선산읍,200,20,0,33.06,10.0,2,선산교리 원룸 엘베있음,https://www.zigbang.com/home/apt/items/50294088
2026-09-06 07:59:23,원룸,50038628,전세,02,경상북도 경산시 진량읍 내리리,경산시,진량읍,5000,0,0,24,7.26,2,대구대 원룸임대,https://www.zigbang.com/home/apt/items/50038628
2026-09-06 07:59:23,원룸,50070597,월세,02,경상북도 경산시 진량읍 평사리(坪沙),경산시,진량읍,20,240,0,23.14,7.0,2,ㄱ대구대 에이스빌 도시가스 빅원룸..사글세전세월세 모두가능,https://www.zigbang.com/home/apt/items/50070597
2026-09-06 07:59:23,원룸,50070620,월세,02,경상북도 경산시 진량읍 평사리(坪沙),경산시,진량읍,20,270,0,23.14,7.0,1,ㄱ대구대 그린하트 도시가스원룸..침대교체 위치짱가격짱관리짱,https://www.zigbang.com/home/apt/items/50070620
2026-09-06 07:59:23,원룸,50126751,월세,02,경상북도 경산시 진량읍 내리리,경산시,진량읍,20,300,0,30,9.07,2,ㄱ대구대 로데오 미니투룸..종점1분 정문2분 도시가스 엘베,https://www.zigbang.com/home/apt/items/50126751
2026-09-06 07:59:23,원룸,50127605,월세,01,경상북도 경산시 진량읍 평사리(平沙),경산시,진량읍,20,400,0,24,7.26,4,대구대 인근 원룸,https://www.zigbang.com/home/apt/items/50127605
2026-09-06 07:59:23,원룸,50225511,월세,01,경상북도 경산시 진량읍 평사리(坪沙),경산시,진량읍,20,130,0,23.2,7.02,1,대구대인근 원룸,https://www.zigbang.com/home/apt/items/50225511
2026-09-06 07:59:23,원룸,50225596,월세,01,경상북도 경산시 진량읍 평사리(坪沙),경산시,진량읍,20,260,0,23.2,7.02,1,대구대 인근 가성비졸은 원룸,https://www.zigbang.com/home/apt/items/50225596
2026-09-06 07:59:24,원룸,50047525,월세,02,경상북도 영천시 문외동,영천시,문외동,300,30,0,26,7.86,4,시청인근 원룸 ㅇ 삼산아파트옆,https://www.zigbang.com/home/apt/items/50047525
2026-09-06 07:59:24,원룸,50099480,전세,02,경상북도 영천시 문외동,영천시,문외동,4000,0,0,42,12.7,4,"시청인근 방2,거실 정투룸 전세",https://www.zigbang.com/home/apt/items/50099480
2026-09-06 07:59:24,원룸,50113954,월세,02,경상북도 영천시 성내동,영천시,성내동,200,27,0,27,8.17,3,성내동 시민운동장 인근 원룸,https://www.zigbang.com/home/apt/items/50113954
2026-09-06 07:59:24,원룸,50114045,전세,02,경상북도 영천시 화룡동,영천시,화룡동,4000,0,0,33,9.98,4,화룡동 영천교육청 인근 미투,https://www.zigbang.com/home/apt/items/50114045
2026-09-06 07:59:24,원룸,50114093,월세,02,경상북도 영천시 창구동,영천시,창구동,300,34,0,33,9.98,4,창구동 법원 인근 미니투룸,https://www.zigbang.com/home/apt/items/50114093
2026-09-06 07:59:24,원룸,50177411,월세,02,경상북도 영천시 화룡동,영천시,화룡동,300,29,0,27,8.17,4,화룡동 영천교육청 인근 원룸,https://www.zigbang.com/home/apt/items/50177411
2026-09-06 07:59:24,원룸,50186211,월세,02,경상북도 영천시 문외동,영천시,문외동,300,30,0,26,7.86,2,문외동 원룸 o 삼산아파트옆,https://www.zigbang.com/home/apt/items/50186211
2026-09-06 07:59:24,원룸,50194776,월세,02,경상북도 영천시 문외동,영천시,문외동,300,30,0,27,8.17,3,문외동 도서관 인근 원룸,https://www.zigbang.com/home/apt/items/50194776
2026-09-06 07:59:27,원룸,50056702,월세,02,경상북도 경주시 용강동,경주시,용강동,200,40,0,30,9.07,2,oO매물관리팀Oo신축인기매물,https://www.zigbang.com/home/apt/items/50056702
2026-09-06 07:59:27,원룸,50199532,월세,02,경상북도 경주시 황성동,경주시,황성동,300,54,0,49.58,15.0,2,oO깔끔한정투룸Oo올포함58,https://www.zigbang.com/home/apt/items/50199532
2026-09-06 07:59:27,원룸,50211700,월세,02,경상북도 경주시 용강동,경주시,용강동,200,30,0,24,7.26,1,용황초 황성초 한전 시청 인근,https://www.zigbang.com/home/apt/items/50211700
2026-09-06 07:59:27,원룸,50249335,월세,01,경상북도 경주시 용강동,경주시,용강동,1500,20,0,30,9.07,3,"시청,보건소 도보가능  보1000월25 가능",https://www.zigbang.com/home/apt/items/50249335
2026-09-06 07:59:27,원룸,50251858,월세,02,경상북도 경주시 용강동,경주시,용강동,2000,35,0,40,12.1,3,"방1,거실 시청,보건소 도보가능",https://www.zigbang.com/home/apt/items/50251858
2026-09-06 07:59:27,원룸,50269136,월세,02,경상북도 경주시 용강동,경주시,용강동,200,30,0,28,8.47,3,용황초 황성초 한전 시청 인근,https://www.zigbang.com/home/apt/items/50269136
2026-09-06 07:59:28,원룸,50265534,월세,02,경상북도 포항시 남구 연일읍 유강리,포항시 남구,연일읍,300,36,0,26.44,8.0,2,"포항공대인근ㅡ침대,책상등 풀옵션원룸ㅡ",https://www.zigbang.com/home/apt/items/50265534
2026-09-06 07:59:29,원룸,49995275,월세,01,경상북도 포항시 북구 흥해읍 초곡리,포항시 북구,흥해읍,300,35,0,26.45,8.0,2,ㅡ전 세 가 능 ㅡ초곡 선린대 바로앞 원룸,https://www.zigbang.com/home/apt/items/49995275
2026-09-06 07:59:29,원룸,50132492,월세,01,경상북도 포항시 북구 흥해읍 초곡리,포항시 북구,흥해읍,300,29,0,29.75,9.0,2,초곡 원룸.즉시입주.작지만 깔끔해요 그외 물건다수보유,https://www.zigbang.com/home/apt/items/50132492
2026-09-06 07:59:29,원룸,50132439,월세,02,경상북도 포항시 북구 흥해읍 옥성리,포항시 북구,흥해읍,300,35,0,39,11.8,2,미니투룸.동부청사5분.선린대1정거장.초곡5분.주차공간많음,https://www.zigbang.com/home/apt/items/50132439
2026-09-06 07:59:29,원룸,50132445,월세,01,경상북도 포항시 북구 흥해읍 옥성리,포항시 북구,흥해읍,300,35,0,33.06,10.0,1,원룸월세.단기가능.ktx5분분.초곡현장3분거리.생활권좋은곳,https://www.zigbang.com/home/apt/items/50132445
2026-09-06 07:59:29,원룸,50132453,월세,02,경상북도 포항시 북구 흥해읍 옥성리,포항시 북구,흥해읍,300,30,0,35,10.59,1,미니투룸.동부청사5분.선린대1정거장.초곡5분.주차공간많음.,https://www.zigbang.com/home/apt/items/50132453
2026-09-06 07:59:29,원룸,50132456,월세,01,경상북도 포항시 북구 흥해읍 남성리,포항시 북구,흥해읍,300,27,0,33,9.98,1,에코10분내.초곡5분.생활권짱.주차공간좋음.큰마트인근,https://www.zigbang.com/home/apt/items/50132456
2026-09-06 07:59:29,원룸,50132464,월세,02,경상북도 포항시 북구 흥해읍 중성리,포항시 북구,흥해읍,200,30,0,40,12.1,1,흥해시장인근.에코프로7분.포항역5분.초곡3분.정남향,https://www.zigbang.com/home/apt/items/50132464
2026-09-06 07:59:29,원룸,50132470,월세,02,경상북도 포항시 북구 흥해읍 남성리,포항시 북구,흥해읍,300,38,0,46.28,14.0,1,신항만7분.에코프로환영.초곡5분.단기가능.우리홈마트.깨끗,https://www.zigbang.com/home/apt/items/50132470
2026-09-06 07:59:29,원룸,50132475,월세,02,경상북도 포항시 북구 흥해읍 중성리,포항시 북구,흥해읍,200,25,0,33,9.98,1,흥해시장인근.에코프로7분.포항역5분.초곡3분.정남향,https://www.zigbang.com/home/apt/items/50132475
2026-09-06 07:59:29,원룸,50132499,월세,02,경상북도 포항시 북구 흥해읍 옥성리,포항시 북구,흥해읍,300,25,0,33,9.98,1,침대.에코7분.단기가능.초곡5분..주차좋음.,https://www.zigbang.com/home/apt/items/50132499
2026-09-06 07:59:29,원룸,50291309,월세,02,경상북도 포항시 북구 흥해읍 중성리,포항시 북구,흥해읍,300,35,0,42.98,13.0,4,흥해시장안 미니투룸,https://www.zigbang.com/home/apt/items/50291309
2026-09-06 07:59:31,원룸,50281868,월세,02,경상북도 안동시 용상동,안동시,용상동,500,46,0,50,15.12,4,1대1주차 용상동 유일 신축  엘베있는 그레이 모노톤 미투,https://www.zigbang.com/home/apt/items/50281868
2026-09-06 07:59:31,원룸,50281926,월세,02,경상북도 안동시 용상동,안동시,용상동,300,29,0,35,10.59,3,용상동 강변 리버뷰 남동향에 햇살 가득한 준신축원룸입니당,https://www.zigbang.com/home/apt/items/50281926
2026-09-06 07:59:31,원룸,50300896,월세,02,경상북도 안동시 용상동,안동시,용상동,300,30,0,30,9.07,4,용상 조용한 주택가 건강보험공단 인근 위치한  풀옵션 원룸,https://www.zigbang.com/home/apt/items/50300896
2026-09-06 07:59:31,원룸,50179167,월세,02,경상북도 안동시 태화동,안동시,태화동,500,38,0,49.59,15.0,3,1 옥동사거리 인근 햇살 짱짱 미니투룸 선착순 한 분,https://www.zigbang.com/home/apt/items/50179167
2026-09-06 07:59:31,원룸,50179191,월세,02,경상북도 안동시 태화동,안동시,태화동,500,51,0,49.59,15.0,3,1 강변대로변 인근 파스텔톤 이쁜 정투룸,https://www.zigbang.com/home/apt/items/50179191
2026-09-06 07:59:31,원룸,50244666,월세,02,경상북도 안동시 옥동,안동시,옥동,300,29,0,30,9.07,2,옥동 영호초 부근원룸 월세,https://www.zigbang.com/home/apt/items/50244666
2026-09-06 07:59:31,원룸,50270808,월세,02,경상북도 안동시 옥동,안동시,옥동,300,29,0,35,10.59,2,NEW영호초인근 구조 완전 좋은 원룸 강력추천,https://www.zigbang.com/home/apt/items/50270808
2026-09-06 07:59:31,원룸,50270880,월세,02,경상북도 안동시 옥동,안동시,옥동,500,51,0,60,18.15,1,옥동 소방서 부근 투룸 즉시입주 월세,https://www.zigbang.com/home/apt/items/50270880
2026-09-06 07:59:31,원룸,50293352,월세,02,경상북도 안동시 옥동,안동시,옥동,300,38,0,50,15.12,2,New미투의 정석  옥동  귀한 미니투룸 햇살가득,https://www.zigbang.com/home/apt/items/50293352
2026-09-06 07:59:31,원룸,50301080,월세,02,경상북도 안동시 옥동,안동시,옥동,300,38,0,40,12.1,2,옥동 영호초 인근 채광좋고 깔끔한 풀옵션 미니 투룸,https://www.zigbang.com/home/apt/items/50301080
2026-09-06 08:00:12,원룸,50293381,월세,02,충청남도 서산시 읍내동,서산시,읍내동,1000,70,0,49.58,15.0,중,호수공원앞  상태양호한 신축급 오피스텔  1.5룸 호수뷰,https://www.zigbang.com/home/apt/items/50293381
2026-09-06 08:00:12,원룸,50295988,월세,02,충청남도 서산시 예천동,서산시,예천동,300,43,0,35,10.59,2,거실이 넓은1.5룸,https://www.zigbang.com/home/apt/items/50295988
2026-09-06 08:00:12,원룸,50301843,월세,02,충청남도 서산시 예천동,서산시,예천동,500,40,0,42.98,13.0,2,넓은 1.5룸.풀옵션.넓은주차장.협의이사,https://www.zigbang.com/home/apt/items/50301843
2026-09-06 08:00:34,원룸,50128587,월세,01,인천시 영종구 운서동,영종구,운서동,1000,80,0,112.39,34.0,5,인천공항공사 바로앞 국제업무단지 오피스,https://www.zigbang.com/home/apt/items/50128587
2026-09-06 08:00:34,원룸,50207030,월세,01,인천시 영종구 운서동,영종구,운서동,300,40,0,62.73,18.98,4,남향방 전입신고 가능 무료셔틀버스 운행,https://www.zigbang.com/home/apt/items/50207030
2026-09-06 08:00:34,원룸,50207053,월세,01,인천시 영종구 운서동,영종구,운서동,300,25,0,50.16,15.17,4,무료셔틀버스 인천공항 및 화물터미널 운행,https://www.zigbang.com/home/apt/items/50207053
2026-09-06 08:00:34,원룸,50213708,월세,01,인천시 영종구 운서동,영종구,운서동,200,29,0,50,15.12,7,전입시 33가능 .9평 넓은원룸 풀옵션ㆍ도배새로할예정,https://www.zigbang.com/home/apt/items/50213708
2026-09-06 08:00:34,원룸,50240398,월세,01,인천시 영종구 운서동,영종구,운서동,300,27,0,61.72,18.67,10,전망 좋음   즉시입주  무료셔틀버스 운행,https://www.zigbang.com/home/apt/items/50240398
2026-09-06 08:00:34,원룸,50268387,월세,01,인천시 영종구 운서동,영종구,운서동,300,28,0,72.14,21.82,2,월드게이트  남향  무료셔틀버스 운행,https://www.zigbang.com/home/apt/items/50268387
2026-09-06 08:00:35,원룸,49986312,월세,04,인천시 영종구 중산동,영종구,중산동,1000,90,0,35,10.59,6,오션뷰 신축 . 투룸 . 전입가능 . 풀옵션,https://www.zigbang.com/home/apt/items/49986312
2026-09-06 08:00:35,원룸,50176684,월세,03,인천시 영종구 중산동,영종구,중산동,200,40,0,66.12,20.0,23,탁트인 바다뷰 복층,https://www.zigbang.com/home/apt/items/50176684
2026-09-06 08:00:35,원룸,50221609,월세,02,인천시 영종구 중산동,영종구,중산동,500,65,0,39.67,12.0,중,전입되는 남서향 바다뷰 신축 1.5,https://www.zigbang.com/home/apt/items/50221609
2026-09-06 08:00:35,원룸,50228639,월세,01,인천시 영종구 중산동,영종구,중산동,200,38,0,66.12,20.0,19,탁트인 남동향 바다뷰 단층,https://www.zigbang.com/home/apt/items/50228639
2026-09-06 08:00:35,원룸,50250243,월세,02,인천시 영종구 중산동,영종구,중산동,500,62,0,39.67,12.0,19,신축 1.5 분리형 전입가능,https://www.zigbang.com/home/apt/items/50250243
2026-09-06 08:00:35,원룸,50258218,월세,02,인천시 영종구 중산동,영종구,중산동,500,65,0,57.97,17.54,9,"KK전입가능,오션뷰 전망굿,풀옵션,전망최고V중심상가이용편리",https://www.zigbang.com/home/apt/items/50258218
2026-09-06 08:00:35,원룸,50262437,월세,02,인천시 영종구 중산동,영종구,중산동,500,50,0,57.97,17.54,19,"귀한 1.5룸, 남서향, 사이드 오션뷰, 풀옵션",https://www.zigbang.com/home/apt/items/50262437
2026-09-06 08:00:35,원룸,50262484,월세,04,인천시 영종구 중산동,영종구,중산동,1000,70,0,54.04,16.35,7,"귀한 신축 투룸, 전입 불가, 남서향, 오션뷰, vat별도",https://www.zigbang.com/home/apt/items/50262484
2026-09-06 08:00:35,원룸,50278348,월세,04,인천시 영종구 중산동,영종구,중산동,1000,70,0,45,13.61,6,신축 바다뷰투룸 .주차무료.전입시85,https://www.zigbang.com/home/apt/items/50278348
2026-09-06 08:00:35,원룸,50292070,월세,03,인천시 영종구 중산동,영종구,중산동,200,45,0,39,11.8,중,十귀한전입十최저가월세十내부컨디션좋음十빠른입주가능十,https://www.zigbang.com/home/apt/items/50292070
2026-09-06 08:00:35,원룸,50292409,월세,01,인천시 영종구 운북동,영종구,운북동,300,28,0,23.14,7.0,옥탑방,소음걱정1도 없는 옥탑방,https://www.zigbang.com/home/apt/items/50292409
2026-09-06 08:00:35,원룸,50292643,월세,01,인천시 영종구 운남동,영종구,운남동,200,26,0,21.49,6.5,2,단기가능 제일깨끗 풀옵션,https://www.zigbang.com/home/apt/items/50292643
2026-09-06 08:00:35,원룸,50293301,월세,01,인천시 영종구 운남동,영종구,운남동,300,33,0,23,6.96,1,"주방분리형 원룸,주방에창문으로 냄새걱정끝",https://www.zigbang.com/home/apt/items/50293301
2026-09-06 08:00:35,원룸,50294478,월세,02,인천시 영종구 운남동,영종구,운남동,300,50,0,27,8.17,4,"뷰가 정말 좋아요, 넓게 잘나옴 1.5룸 빨리오세요",https://www.zigbang.com/home/apt/items/50294478
2026-09-06 08:00:35,원룸,50294768,월세,02,인천시 영종구 운남동,영종구,운남동,2000,18,0,24.79,7.5,3,OP느낌 신축급 분리형 원룸,https://www.zigbang.com/home/apt/items/50294768
2026-09-06 08:00:35,원룸,50297220,월세,01,인천시 영종구 중산동,영종구,중산동,300,40,0,33.07,10.0,중,十귀한전입가능十내부컨디션좋음十풀옵션十빠른입주가능,https://www.zigbang.com/home/apt/items/50297220
2026-09-06 08:00:35,원룸,50297343,월세,01,인천시 영종구 운남동,영종구,운남동,300,35,0,24,7.26,1,세탁실 따로 있는 넓은 풀옵션 원룸,https://www.zigbang.com/home/apt/items/50297343
2026-09-06 08:00:35,원룸,50297884,월세,01,인천시 영종구 운남동,영종구,운남동,300,33,0,23,6.96,3,깔끔하고 저렴한 분리형 원룸,https://www.zigbang.com/home/apt/items/50297884
2026-09-06 08:00:35,원룸,50297980,월세,01,인천시 영종구 운남동,영종구,운남동,2500,30,0,23,6.96,3,정말 넓은 깔끔한 원룸,https://www.zigbang.com/home/apt/items/50297980
2026-09-06 08:00:35,원룸,50301538,월세,02,인천시 영종구 운남동,영종구,운남동,300,33,0,26.45,8.0,1,주방분리형 큰방 가성비 최고,https://www.zigbang.com/home/apt/items/50301538
2026-09-06 08:01:20,원룸,49978307,월세,02,충청남도 홍성군 홍성읍 월산리,홍성군,홍성읍,300,30,0,21,6.35,3,법원 인근에 위치한 1.5룸 풀옵션 매물,https://www.zigbang.com/home/apt/items/49978307
2026-09-06 08:01:20,원룸,49978478,월세,02,충청남도 홍성군 홍성읍 월산리,홍성군,홍성읍,500,48,0,37,11.19,3,"법원·검찰청 인근 깔끔하게 관리된 풀옵션 투룸, 엘베있음",https://www.zigbang.com/home/apt/items/49978478
2026-09-06 08:01:20,원룸,50283865,월세,01,충청남도 홍성군 홍성읍 월산리,홍성군,홍성읍,300,25,0,23.14,7.0,3,홍성법원 인접한 조용한 위치에 있는 깨끗한 원룸입니다,https://www.zigbang.com/home/apt/items/50283865
2026-09-06 08:01:20,원룸,49978293,월세,02,충청남도 홍성군 홍성읍 월산리,홍성군,홍성읍,200,30,0,21,6.35,2,법원 인근 e편한세상 바로 앞 조용하고 깨끗한 가성비 최고,https://www.zigbang.com/home/apt/items/49978293
2026-09-06 08:01:20,원룸,50193523,월세,02,충청남도 홍성군 홍성읍 월산리,홍성군,홍성읍,300,27,0,21,6.35,3,법원 인근에 있는 편리한 생활권의 깨끗한 풀옵션원룸,https://www.zigbang.com/home/apt/items/50193523
2026-09-06 08:01:20,원룸,50283926,월세,01,충청남도 홍성군 홍성읍 월산리,홍성군,홍성읍,300,30,0,26.45,8.0,2,공원옆에 위치한 깨끗한 1.5룸입니다,https://www.zigbang.com/home/apt/items/50283926
2026-09-06 08:01:20,원룸,50284007,월세,01,충청남도 홍성군 홍성읍 월산리,홍성군,홍성읍,300,25,0,26.45,8.0,3,법원주변에 위치한 깨끗한 원룸입니다,https://www.zigbang.com/home/apt/items/50284007
2026-09-06 08:01:20,원룸,50236664,월세,01,충청남도 홍성군 홍성읍 대교리,홍성군,홍성읍,300,30,0,21,6.35,1,홍성여고 인접 조용하고 깨끗한 원룸,https://www.zigbang.com/home/apt/items/50236664
2026-09-06 08:01:21,원룸,50226384,월세,01,충청남도 홍성군 홍북읍 대동리,홍성군,홍북읍,300,30,0,19.83,6.0,2,신축 원룸 풀옵션,https://www.zigbang.com/home/apt/items/50226384
2026-09-06 08:01:21,원룸,50262240,월세,01,충청남도 홍성군 홍북읍 대동리,홍성군,홍북읍,300,35,0,19.83,6.0,2,신축 원룸 풀옵션,https://www.zigbang.com/home/apt/items/50262240
2026-09-06 08:01:21,원룸,50273555,월세,01,충청남도 홍성군 홍북읍 대동리,홍성군,홍북읍,300,33,0,23.14,7.0,3,신축 원룸 풀옵션,https://www.zigbang.com/home/apt/items/50273555
2026-09-06 08:01:21,원룸,50296043,월세,02,충청남도 홍성군 홍북읍 대동리,홍성군,홍북읍,300,43,0,50,15.12,5,신축 투룸 풀옵션,https://www.zigbang.com/home/apt/items/50296043
2026-09-06 08:01:22,원룸,50167973,월세,01,충청남도 당진시 수청동,당진시,수청동,90,73,0,61.11,18.49,9,"최대할인, 출장용 추천, 호텔식 풀옵션",https://www.zigbang.com/home/apt/items/50167973
2026-09-06 08:01:22,원룸,50171066,월세,01,충청남도 당진시 수청동,당진시,수청동,240,64,0,61.11,18.49,고,"최대할인, 버스터미널 5분, 풀옵션",https://www.zigbang.com/home/apt/items/50171066
2026-09-06 08:01:24,원룸,50049632,월세,01,충청남도 아산시 배방읍 세출리,아산시,배방읍,30,35,0,26.45,8.0,1,정문도보3분 년세.반년세 가능,https://www.zigbang.com/home/apt/items/50049632
2026-09-06 08:01:24,원룸,50130445,월세,02,세종시 전의면 관정리,,전의면,300,30,0,28,8.47,4,귀한 신축급 분리형원룸입니다,https://www.zigbang.com/home/apt/items/50130445
2026-09-06 08:01:24,원룸,50099533,월세,01,충청남도 천안시 동남구 풍세면 용정리,천안시 동남구,풍세면,100,29,0,23.14,7.0,3,보증금 조절가능 산업단지 인근 깔끔한 신축급 컨디션,https://www.zigbang.com/home/apt/items/50099533
2026-09-06 08:01:24,원룸,50254716,월세,02,충청남도 천안시 동남구 풍세면 용정리,천안시 동남구,풍세면,300,38,0,40,12.1,4,신축급 중문있는 넓은 분리형 투베이,https://www.zigbang.com/home/apt/items/50254716
2026-09-06 08:01:24,원룸,49710659,월세,02,충청남도 아산시 온천동,아산시,온천동,200,22,0,33.06,10.0,3,ꔚꔣ최저가ꔚꔣ오피스텔ꔚꔣ• 단기가능 • 역세권 •,https://www.zigbang.com/home/apt/items/49710659
2026-09-06 08:01:24,원룸,49829399,월세,02,충청남도 아산시 온천동,아산시,온천동,300,28,0,34,10.28,3,ㅁㅁ 빌트인 대형원룸 ㅁㅁ,https://www.zigbang.com/home/apt/items/49829399
2026-09-06 08:01:24,원룸,49987966,월세,01,충청남도 아산시 온천동,아산시,온천동,200,23,0,33,9.98,2,ꗃꔪ  역세권••오픽스텔 ꔪꔪ 온양온천역••도보5분 ꗃꔪ,https://www.zigbang.com/home/apt/items/49987966
2026-09-06 08:01:24,원룸,50057683,월세,01,충청남도 아산시 온천동,아산시,온천동,200,22,0,33.06,10.0,3,OOO역세권 오피스텔OOO,https://www.zigbang.com/home/apt/items/50057683
2026-09-06 08:01:24,원룸,50064441,월세,01,충청남도 아산시 방축동,아산시,방축동,100,26,0,30,9.07,2,ㅣ리모델링 . 가성비 원룸ㅣ온양온천역ㅣ집앞편의점ㅣ주차OKㅣ,https://www.zigbang.com/home/apt/items/50064441
2026-09-06 08:01:24,원룸,50152205,월세,01,충청남도 아산시 방축동,아산시,방축동,100,26,0,33.06,10.0,2,ꗟꗟ 최저가 리모델링 원룸 ꗟꗟ 신정호 인근 ꗟꗟ,https://www.zigbang.com/home/apt/items/50152205
2026-09-06 08:01:24,원룸,50190654,전세,01,충청남도 아산시 온천동,아산시,온천동,4000,0,0,33.06,10.0,5,v온양역부근 v풀옵션v월세 가능 v주차장,https://www.zigbang.com/home/apt/items/50190654
2026-09-06 08:01:24,원룸,50196153,월세,02,충청남도 아산시 온천동,아산시,온천동,500,48,0,50,15.12,3,ㅁㅁ 신축 대형 투베이 ㅁㅁ,https://www.zigbang.com/home/apt/items/50196153
2026-09-06 08:01:24,원룸,50210963,월세,01,충청남도 아산시 온천동,아산시,온천동,200,23,0,33.06,10.0,5,㉧GOOD㉧온양온천역세권㉧오피스텔㉧침대㉧엘베㉧조망권좋아요㉧,https://www.zigbang.com/home/apt/items/50210963
2026-09-06 08:01:24,원룸,50239641,월세,02,충청남도 아산시 온천동,아산시,온천동,500,35,0,46.28,14.0,4,역전 도보5분 풀옵션 투베이,https://www.zigbang.com/home/apt/items/50239641
2026-09-06 08:01:24,원룸,50263982,월세,01,충청남도 아산시 용화동,아산시,용화동,200,25,0,33.06,10.0,2,역전부근 용화동 리모델링 가성비  최고 남향,https://www.zigbang.com/home/apt/items/50263982
2026-09-06 08:01:24,원룸,50281864,월세,01,충청남도 아산시 온천동,아산시,온천동,200,23,0,25,7.56,2,ㅣ온양온천역5분ㅣ역세권ㅣ풀옵션엘베ㅣ주차OKㅣ,https://www.zigbang.com/home/apt/items/50281864
2026-09-06 08:01:25,원룸,50004624,월세,02,충청남도 아산시 둔포면 신항리,아산시,둔포면,200,26,0,26.44,8.0,3,v 저렴한 원룸 v 풀옵션 v 퍼스트빌리지 인근,https://www.zigbang.com/home/apt/items/50004624
2026-09-06 08:01:25,원룸,50126061,월세,01,충청남도 아산시 둔포면 신항리,아산시,둔포면,200,26,0,20.62,6.24,2,신항리 큰원룸 즉시입주가능 평택20분거리입니다.,https://www.zigbang.com/home/apt/items/50126061
2026-09-06 08:01:25,원룸,50126401,월세,01,충청남도 아산시 둔포면 신항리,아산시,둔포면,200,26,0,19.47,5.89,2,신항리 큰투룸 즉시입주가능,https://www.zigbang.com/home/apt/items/50126401
2026-09-06 08:01:25,원룸,50154540,월세,01,충청남도 아산시 둔포면 신항리,아산시,둔포면,200,25,0,23.14,7.0,2,착한가격 원룸,https://www.zigbang.com/home/apt/items/50154540
2026-09-06 08:01:25,원룸,50198714,월세,02,충청남도 아산시 둔포면 관대리,아산시,둔포면,200,25,0,17,5.14,4,"둔포에서 제일저렴한 원룸 단기가능,엘레베이터있어요",https://www.zigbang.com/home/apt/items/50198714
2026-09-06 08:01:25,원룸,50240804,월세,02,충청남도 아산시 둔포면 관대리,아산시,둔포면,200,21,0,23,6.96,4,관대리 원룸월세 즉시이사가능,https://www.zigbang.com/home/apt/items/50240804
2026-09-06 08:01:25,원룸,50240921,월세,02,충청남도 아산시 둔포면 신항리,아산시,둔포면,300,36,0,20.79,6.29,3,신항리 1.5룸. 평택까지 15분에서 20분거리입니다.,https://www.zigbang.com/home/apt/items/50240921
2026-09-06 08:01:25,원룸,50268797,월세,02,충청남도 아산시 둔포면 관대리,아산시,둔포면,200,29,0,29.9,9.04,3,관대리 1.5룸 월세 평택까지 15분 거리 입니다.,https://www.zigbang.com/home/apt/items/50268797
2026-09-06 08:01:25,원룸,50270405,월세,02,충청남도 아산시 둔포면 관대리,아산시,둔포면,200,30,0,25.55,7.73,3,"실매물사진 l 퍼스트원룸단지 1.5룸 월세, 넓은 방사이즈",https://www.zigbang.com/home/apt/items/50270405
2026-09-06 08:01:25,원룸,50282551,월세,02,충청남도 아산시 둔포면 신항리,아산시,둔포면,200,23,0,20.05,6.07,4,"실매물사진 l 엘리베이터 있는 깔끔한 원룸,1R 월세 l",https://www.zigbang.com/home/apt/items/50282551
2026-09-06 08:01:26,원룸,50044878,월세,02,충청남도 천안시 동남구 목천읍 신계리,천안시 동남구,목천읍,300,30,0,26.44,8.0,3,"단기는 전화문의, 세입자방 단독, 반전세 협의전화.",https://www.zigbang.com/home/apt/items/50044878
2026-09-06 08:01:26,원룸,50073261,월세,02,충청남도 천안시 동남구 목천읍 신계리,천안시 동남구,목천읍,500,40,0,45,13.61,2,"분리형투베이, 목천읍, 신축급",https://www.zigbang.com/home/apt/items/50073261
2026-09-06 08:01:26,원룸,50180034,월세,02,충청남도 천안시 동남구 목천읍 신계리,천안시 동남구,목천읍,500,40,0,39.67,12.0,2,1.5룸.방하나 거실하나.깔끔신축,https://www.zigbang.com/home/apt/items/50180034
2026-09-06 08:01:26,원룸,49797002,월세,02,충청남도 천안시 서북구 성환읍 매주리,천안시 서북구,성환읍,500,48,0,33.06,10.0,3,성환역 가까운 신축급 화이트 원룸,https://www.zigbang.com/home/apt/items/49797002
2026-09-06 08:01:26,원룸,50276159,월세,02,충청남도 천안시 서북구 성환읍 성환리,천안시 서북구,성환읍,500,46,0,33.05,10.0,3,햇살가득한 신축 원룸,https://www.zigbang.com/home/apt/items/50276159
2026-09-06 08:01:26,원룸,50099517,월세,02,충청남도 천안시 서북구 직산읍 삼은리,천안시 서북구,직산읍,500,48,0,40,12.1,3,직산 가성비좋은 분리형 투베이 남향이에요,https://www.zigbang.com/home/apt/items/50099517
2026-09-06 08:01:26,원룸,50122697,월세,02,충청남도 천안시 서북구 직산읍 삼은리,천안시 서북구,직산읍,500,58,0,39,11.8,2,ㅁ신축 투베이ㅁ  파출소 인근,https://www.zigbang.com/home/apt/items/50122697
2026-09-06 08:01:26,원룸,50162183,전세,02,충청남도 천안시 서북구 직산읍 삼은리,천안시 서북구,직산읍,4000,0,0,26.44,8.0,3,"세입자방 전속, LH 가능, 보증보험 가능,  안전한 전세",https://www.zigbang.com/home/apt/items/50162183
2026-09-06 08:01:26,원룸,50197998,월세,02,충청남도 천안시 서북구 성거읍 신월리,천안시 서북구,성거읍,300,36,0,23.14,7.0,2,"서북구청, 리모델링, 풀옵션",https://www.zigbang.com/home/apt/items/50197998
2026-09-06 08:01:26,원룸,50200528,월세,02,충청남도 천안시 서북구 직산읍 삼은리,천안시 서북구,직산읍,500,58,0,25.2,7.62,2,"직산파출소근처, 신축, 분리형투베이, 즉시입주 가능",https://www.zigbang.com/home/apt/items/50200528
2026-09-06 08:01:26,원룸,50207144,월세,02,충청남도 천안시 서북구 성거읍 신월리,천안시 서북구,성거읍,300,40,0,26,7.86,3,리모델링 완료 넓은 원,https://www.zigbang.com/home/apt/items/50207144
2026-09-06 08:01:26,원룸,50262421,월세,02,충청남도 천안시 서북구 직산읍 삼은리,천안시 서북구,직산읍,500,45,0,33.06,10.0,3,가성비 아주좋은 화이트톤 신축급 원룸 수납좋아요,https://www.zigbang.com/home/apt/items/50262421
2026-09-06 08:01:26,원룸,50276233,월세,02,충청남도 천안시 서북구 직산읍 삼은리,천안시 서북구,직산읍,500,42,0,26.44,8.0,3,O직산역 부근O신축 원룸 O수납공간 많은O,https://www.zigbang.com/home/apt/items/50276233
2026-09-06 08:01:26,원룸,50291330,월세,02,충청남도 천안시 서북구 직산읍 삼은리,천안시 서북구,직산읍,500,42,0,26.45,8.0,3,ㅁ삼은리 신축급 원룸ㅁ,https://www.zigbang.com/home/apt/items/50291330
2026-09-06 08:01:26,원룸,50300794,월세,02,충청남도 천안시 서북구 직산읍 삼은리,천안시 서북구,직산읍,300,42,0,33.06,10.0,2,NEW 깔끔한 원룸,https://www.zigbang.com/home/apt/items/50300794
2026-09-06 08:01:27,원룸,49911798,월세,02,충청남도 천안시 서북구 성거읍 천흥리,천안시 서북구,성거읍,500,42,0,33.06,10.0,3,성거 신축급 화이트톤 수납장까지 완벽한 원룸,https://www.zigbang.com/home/apt/items/49911798
2026-09-06 08:01:27,원룸,50057537,월세,02,충청남도 천안시 서북구 성거읍 천흥리,천안시 서북구,성거읍,100,57,0,45,13.61,2,성거  분리형 투베이 넓은 옷장 화이트톤 3개월단기가능,https://www.zigbang.com/home/apt/items/50057537
2026-09-06 08:01:27,원룸,50070563,월세,02,충청남도 천안시 서북구 성거읍 저리,천안시 서북구,성거읍,500,55,0,46.2,13.98,3,종근당 인근 큰 투베이 매물 신축 첫입주 입니다.,https://www.zigbang.com/home/apt/items/50070563
2026-09-06 08:01:27,원룸,50185934,월세,01,충청남도 천안시 서북구 성거읍 저리,천안시 서북구,성거읍,500,38,0,34,10.28,4,성거 큰원룸ㅣ넉넉한 사이즈ㅣ주차장 완비,https://www.zigbang.com/home/apt/items/50185934
2026-09-06 08:01:27,원룸,50225385,월세,02,충청남도 천안시 서북구 성거읍 천흥리,천안시 서북구,성거읍,300,32,0,33.06,10.0,2,성거 화이트톤 깔끔한 분리형 원룸 즉시입주 가능해요,https://www.zigbang.com/home/apt/items/50225385
2026-09-06 08:01:27,원룸,50231079,월세,02,충청남도 천안시 서북구 성거읍 천흥리,천안시 서북구,성거읍,500,40,0,26.45,8.0,3,"신축급원룸, SKC인근, 깔끔한 인테리어",https://www.zigbang.com/home/apt/items/50231079
2026-09-06 08:01:27,원룸,50236356,월세,02,충청남도 천안시 서북구 성거읍 저리,천안시 서북구,성거읍,500,45,0,39.66,12.0,4,O성거 시내O귀한 분리형 투베이 O저렴한 투베이O,https://www.zigbang.com/home/apt/items/50236356
2026-09-06 08:01:27,원룸,50150586,월세,01,충청남도 천안시 서북구 입장면 하장리,천안시 서북구,입장면,300,35,0,26.45,8.0,4,깔끔한 화이트톤 깔끔해요  빠른 입주 가능,https://www.zigbang.com/home/apt/items/50150586
2026-09-06 08:01:27,원룸,50225378,월세,01,충청남도 천안시 서북구 입장면 하장리,천안시 서북구,입장면,300,35,0,33.06,10.0,2,귀한 원룸 주차장도 널널해요 위치 좋아요,https://www.zigbang.com/home/apt/items/50225378
2026-09-06 08:01:26,원룸,50301585,월세,01,충청남도 천안시 서북구 두정동,천안시 서북구,두정동,100,22,0,20,6.05,3,저렴한방 깔끔한 미니멀하우스,https://www.zigbang.com/home/apt/items/50301585
2026-09-06 08:01:29,원룸,50226928,월세,01,경기도 평택시 포승읍 원정리,평택시,포승읍,40,40,0,25.9,7.83,1,ㅁ 단기가능 ㅁ기아자동차 출퇴근 용이한 원룸 ㅁ,https://www.zigbang.com/home/apt/items/50226928
2026-09-06 08:01:29,원룸,49935834,월세,01,경기도 평택시 포승읍 도곡리,평택시,포승읍,200,30,0,20,6.05,1,ㅁ 내기삼거리 인근 ㅁ 즉시입주 가능한 원룸 ㅁ,https://www.zigbang.com/home/apt/items/49935834
2026-09-06 08:01:29,원룸,50255619,월세,02,경기도 평택시 포승읍 내기리,평택시,포승읍,100,45,0,23.15,7.0,2,"단기가능, 깔끔한1.5룸,주차가능,포승출퇴근 용이",https://www.zigbang.com/home/apt/items/50255619
2026-09-06 08:01:29,원룸,50255633,월세,01,경기도 평택시 포승읍 내기리,평택시,포승읍,100,40,0,19.2,5.81,4,"단기가능, 깔끔한1.5룸,주차가능,포승출퇴근 용이",https://www.zigbang.com/home/apt/items/50255633
2026-09-06 08:01:29,원룸,50255639,월세,02,경기도 평택시 포승읍 내기리,평택시,포승읍,500,45,0,24.02,7.27,2,"단기가능, 깔끔한1.5룸,주차가능,포승출퇴근 용이",https://www.zigbang.com/home/apt/items/50255639
2026-09-06 08:01:29,원룸,50265813,월세,02,경기도 평택시 포승읍 도곡리,평택시,포승읍,100,20,0,19.83,6.0,1,"ㅁ1개월도 가능ㅁ포승 공단, 항만, 서평택TG 인접",https://www.zigbang.com/home/apt/items/50265813
2026-09-06 08:01:29,원룸,50301108,월세,02,경기도 평택시 포승읍 도곡리,평택시,포승읍,100,27,0,23.14,7.0,3,"ㅁ단기 가능ㅁ 포승 공단, 화양지구, 서평택TG 인접",https://www.zigbang.com/home/apt/items/50301108
2026-09-06 08:01:29,원룸,50301463,월세,02,경기도 평택시 포승읍 석정리,평택시,포승읍,200,35,0,34.14,10.33,2,"ㅁ단기 가능ㅁ거실 있는 대형 1.5룸ㅁ공단,화양지구,평택항",https://www.zigbang.com/home/apt/items/50301463
2026-09-06 08:01:30,원룸,50203447,월세,01,경기도 화성시 만세구 장안면 수촌리,화성시 만세구,장안면,300,29,0,22.62,6.84,2,최저가 원룸  즉시입주가능  준신축풀옵션 주차가능  뷰좋음,https://www.zigbang.com/home/apt/items/50203447
2026-09-06 08:01:30,원룸,50210495,월세,01,경기도 화성시 만세구 장안면 수촌리,화성시 만세구,장안면,300,35,0,15.04,4.55,2,최저가 원룸 즉시입주 신축 풀옵션 주차1대 채광굿 편익최고,https://www.zigbang.com/home/apt/items/50210495
2026-09-06 08:01:30,원룸,50298941,월세,02,경기도 화성시 만세구 장안면 수촌리,화성시 만세구,장안면,300,40,0,27,8.17,2,방1거실1 신축 풀옵션 즉시입주 주차장 넓음 편익시설 굿,https://www.zigbang.com/home/apt/items/50298941
2026-09-06 08:01:31,원룸,49990332,월세,01,경기도 화성시 만세구 마도면 청원리,화성시 만세구,마도면,200,35,0,20,6.05,4,첫입주 신축입니다 즉시입주 풀옵션 바이오밸리 인접합니다.,https://www.zigbang.com/home/apt/items/49990332
2026-09-06 08:01:31,원룸,50252767,월세,01,경기도 화성시 만세구 마도면 청원리,화성시 만세구,마도면,200,35,0,20,6.05,4,첫입주 바이오밸리산업 단지 인접 풀옵션입니다.,https://www.zigbang.com/home/apt/items/50252767
2026-09-06 08:01:31,원룸,50271210,월세,02,경기도 화성시 만세구 마도면 두곡리,화성시 만세구,마도면,500,50,0,33.06,10.0,2,쇼파 식탁 가능한 넓은 거실 방 넓으며  버스정류장 가까움,https://www.zigbang.com/home/apt/items/50271210
2026-09-06 08:01:31,원룸,50290151,월세,01,경기도 화성시 만세구 마도면 청원리,화성시 만세구,마도면,200,33,0,15.72,4.76,4,보리.즉시입주.풀옵션.신축원룸,https://www.zigbang.com/home/apt/items/50290151
2026-09-06 08:01:31,원룸,50203838,월세,02,경기도 화성시 만세구 향남읍 장짐리,화성시 만세구,향남읍,700,72,0,30.56,9.24,4,ꯁ오피스텔형 전입신고가능ꯁ 드레스룸 거실 큰 1.5룸,https://www.zigbang.com/home/apt/items/50203838
2026-09-06 08:01:31,원룸,50208066,월세,01,경기도 화성시 만세구 향남읍 장짐리,화성시 만세구,향남읍,500,53,0,18.6,5.63,2,컨디션 최상. 향남1지구 원룸. 엘베O. 전입O.,https://www.zigbang.com/home/apt/items/50208066
2026-09-06 08:01:31,원룸,50254201,월세,02,경기도 화성시 만세구 팔탄면 율암리,화성시 만세구,팔탄면,200,35,0,25,7.56,4,대박1룸. 주차스트레스NO. 즉시 입주.,https://www.zigbang.com/home/apt/items/50254201
2026-09-06 08:01:32,원룸,50179419,월세,01,경기도 평택시 청북읍 현곡리,평택시,청북읍,100,40,0,20,6.05,2,"ㅁ 마켓컬리, 고렴산업단지 출퇴근 용이한 원룸 ㅁ",https://www.zigbang.com/home/apt/items/50179419
2026-09-06 08:01:32,원룸,50213223,월세,02,경기도 평택시 청북읍 어소리,평택시,청북읍,300,30,0,23.4,7.08,3,주차걱정없는  주방분리형 아주 넓은 원룸예요,https://www.zigbang.com/home/apt/items/50213223
2026-09-06 08:01:32,원룸,50141053,월세,02,경기도 평택시 청북읍 어연리,평택시,청북읍,200,46,0,25.01,7.57,4,"㉧ 8월28일 확인매물 ㉧ 어연리 분리형원룸, 어연산업단지",https://www.zigbang.com/home/apt/items/50141053
2026-09-06 08:01:32,원룸,50212697,월세,01,경기도 평택시 청북읍 한산리,평택시,청북읍,200,28,0,17.06,5.16,2,어연한산인근 제일 가성비 좋은 원룸,https://www.zigbang.com/home/apt/items/50212697
2026-09-06 08:01:32,원룸,50223922,월세,02,경기도 평택시 청북읍 어연리,평택시,청북읍,300,30,0,22.17,6.71,3,"위치,시설,편리성최고인 원룸 인근서 가장 인기많아요",https://www.zigbang.com/home/apt/items/50223922
2026-09-06 08:01:32,원룸,50244315,월세,02,경기도 평택시 청북읍 어연리,평택시,청북읍,2000,30,0,15.69,4.75,2,최적의 위치에 내부가 이쁜 원룸 입니다.,https://www.zigbang.com/home/apt/items/50244315
2026-09-06 08:01:32,원룸,50247941,월세,01,경기도 평택시 청북읍 어연리,평택시,청북읍,300,41,0,18.36,5.55,2,최적의 위치에 최고의 풀옵션 신축 원룸입니다.,https://www.zigbang.com/home/apt/items/50247941
2026-09-06 08:01:32,원룸,50273427,월세,01,경기도 평택시 청북읍 어연리,평택시,청북읍,300,40,0,19.38,5.86,4,2022 년 신축 풀 옵션 원룸 임대합니다.,https://www.zigbang.com/home/apt/items/50273427
2026-09-06 08:01:33,원룸,50124261,월세,01,경기도 평택시 서정동,평택시,서정동,300,46,0,19.74,5.97,3,"베란다분리O풀옵션O실사,관포55",https://www.zigbang.com/home/apt/items/50124261
2026-09-06 08:01:33,원룸,50178034,월세,02,경기도 평택시 서정동,평택시,서정동,300,56,0,30,9.07,4,ꕻ고덕삼성1.5룸ꕻ주차걱정NOꕻ고덕삼성차량15분ꕻ즉시입주ꕻ,https://www.zigbang.com/home/apt/items/50178034
2026-09-06 08:01:33,원룸,50224690,월세,02,경기도 평택시 고덕면 두릉리,평택시,고덕면,500,60,0,27.8,8.41,2,"신축 처음입주, 넓은 1.5룸 풀옵션 즉시입주",https://www.zigbang.com/home/apt/items/50224690
2026-09-06 08:01:33,원룸,50224707,월세,02,경기도 평택시 서정동,평택시,서정동,500,40,0,30.92,9.35,3,아주넓은구조의 1.5룸형 주차용이 즉시입주,https://www.zigbang.com/home/apt/items/50224707
2026-09-06 08:01:33,원룸,50224722,월세,02,경기도 평택시 고덕면 두릉리,평택시,고덕면,300,60,0,24.96,7.55,3,처음입주하는 신축 1.5룸 풀옵션 즉시입주,https://www.zigbang.com/home/apt/items/50224722
2026-09-06 08:01:33,원룸,50254349,월세,02,경기도 평택시 고덕면 두릉리,평택시,고덕면,200,37,0,26.44,8.0,1,풀옵션.큰방.주차가능,https://www.zigbang.com/home/apt/items/50254349
2026-09-06 08:01:33,원룸,50257278,월세,02,경기도 평택시 서정동,평택시,서정동,300,56,0,30,9.07,4,㉧1.5룸 ㉧주차용이 ㉧고덕삼성차량15분 ㉧즉시입주 ㉧,https://www.zigbang.com/home/apt/items/50257278
2026-09-06 08:01:33,원룸,50294586,월세,01,경기도 평택시 고덕면 두릉리,평택시,고덕면,300,55,0,15.63,4.73,3,ㅇ주차전입콜ㅇ한적하고깨끗해요ㅇ,https://www.zigbang.com/home/apt/items/50294586
2026-09-06 08:01:33,원룸,50297310,월세,01,경기도 평택시 고덕면 두릉리,평택시,고덕면,300,56,0,18.1,5.48,2,ㅇ오늘입주ㅇ주타.전입콜ㅇ,https://www.zigbang.com/home/apt/items/50297310
2026-09-06 08:01:33,원룸,48116456,월세,02,충청남도 천안시 서북구 성환읍 성환리,천안시 서북구,성환읍,500,45,0,23.14,7.0,2,"성환읍, 신축급 원룸, 깔끔한 화이트톤",https://www.zigbang.com/home/apt/items/48116456
2026-09-06 08:01:33,원룸,50094292,월세,01,충청남도 천안시 서북구 성환읍 성환리,천안시 서북구,성환읍,500,35,0,19.83,6.0,2,성환역앞 신축원룸입니다,https://www.zigbang.com/home/apt/items/50094292
2026-09-06 08:01:33,원룸,50139162,월세,01,충청남도 천안시 서북구 성환읍 성환리,천안시 서북구,성환읍,100,28,0,20,6.05,2,성환역앞 편리한 위치입니다,https://www.zigbang.com/home/apt/items/50139162
2026-09-06 08:01:33,원룸,50178642,월세,02,충청남도 천안시 서북구 성환읍 성월리,천안시 서북구,성환읍,500,47,0,30,9.07,4,성환터미널 성환역 인접 신축 원룸입니다,https://www.zigbang.com/home/apt/items/50178642
2026-09-06 08:01:33,원룸,50181843,월세,02,충청남도 천안시 서북구 성환읍 성환리,천안시 서북구,성환읍,500,46,0,33.05,10.0,3,남향 깔끔한 원룸,https://www.zigbang.com/home/apt/items/50181843
2026-09-06 08:01:33,원룸,50210700,월세,02,충청남도 천안시 서북구 성환읍 성월리,천안시 서북구,성환읍,300,47,0,33.06,10.0,2,성환역도보8분 산축 풀옵션 원룸입니다,https://www.zigbang.com/home/apt/items/50210700
2026-09-06 08:01:33,원룸,50259674,월세,01,충청남도 천안시 서북구 성환읍 성환리,천안시 서북구,성환읍,60,22,0,16.53,5.0,1,성환역도보7분 최저가 신축원룸입니다,https://www.zigbang.com/home/apt/items/50259674
2026-09-06 08:01:33,원룸,50294229,월세,02,충청남도 천안시 서북구 성환읍 성환리,천안시 서북구,성환읍,300,36,0,33.06,10.0,2,가성비 좋은 분리형 원룸입니다,https://www.zigbang.com/home/apt/items/50294229
2026-09-06 08:01:33,원룸,50297728,월세,02,충청남도 천안시 서북구 성환읍 성환리,천안시 서북구,성환읍,100,27,0,40,12.1,1,성환역앞 넓은 원룸입니다,https://www.zigbang.com/home/apt/items/50297728
2026-09-06 08:01:33,원룸,50091157,월세,02,충청남도 천안시 서북구 성환읍 성환리,천안시 서북구,성환읍,500,54,0,46.28,14.0,2,남서울대 ㅇ 도보 가능 ㅇ 신축 풀 옵션 ㅇ성환역인근,https://www.zigbang.com/home/apt/items/50091157
2026-09-06 08:01:33,원룸,50148620,월세,01,충청남도 천안시 서북구 성환읍 성월리,천안시 서북구,성환읍,500,50,0,28.6,8.65,4,성환 남서울대학교 대로변 사거리 화이튼 신축 원룸,https://www.zigbang.com/home/apt/items/50148620
2026-09-06 08:01:33,원룸,50150602,월세,02,충청남도 천안시 서북구 성환읍 성월리,천안시 서북구,성환읍,300,30,0,26.45,8.0,1,성환 가성비 아주 좋은 방 주차장 정말 넓어요,https://www.zigbang.com/home/apt/items/50150602
2026-09-06 08:01:33,원룸,50198192,월세,01,충청남도 천안시 서북구 성환읍 성월리,천안시 서북구,성환읍,100,34,0,33.05,10.0,2,넓은 원룸입니다 남대 도보 7분에서 8분 정도,https://www.zigbang.com/home/apt/items/50198192
2026-09-06 08:01:33,원룸,50220826,월세,02,충청남도 천안시 서북구 성환읍 성환리,천안시 서북구,성환읍,1000,50,0,33,9.98,3,남서울대 10분 깨끗한 신축 대로변 분리형 투베이,https://www.zigbang.com/home/apt/items/50220826
2026-09-06 08:01:33,원룸,50235422,월세,02,충청남도 천안시 서북구 성환읍 성환리,천안시 서북구,성환읍,500,54,0,40,12.1,3,"남서울대, 성환역 인근 신축 투베이",https://www.zigbang.com/home/apt/items/50235422
2026-09-06 08:01:33,원룸,50257976,월세,02,충청남도 천안시 서북구 성환읍 성월리,천안시 서북구,성환읍,300,41,0,26.44,8.0,2,성환터미날과 남대 사이 신축 원룸입니다,https://www.zigbang.com/home/apt/items/50257976
2026-09-06 08:01:33,원룸,50283647,월세,01,충청남도 천안시 서북구 성환읍 성월리,천안시 서북구,성환읍,300,45,0,29.75,9.0,3,"남서울대 인근, 깔끔한 신축급 컨디션, 정남향 채광 굿",https://www.zigbang.com/home/apt/items/50283647
2026-09-06 08:01:33,원룸,50297589,월세,01,충청남도 천안시 서북구 성환읍 성월리,천안시 서북구,성환읍,200,34,0,26.45,8.0,1,풀옵션  깨끗하고 경제적인 원룸입니다,https://www.zigbang.com/home/apt/items/50297589
2026-09-06 08:01:34,원룸,49776855,월세,02,충청남도 천안시 서북구 입장면 하장리,천안시 서북구,입장면,300,37,0,26.44,8.0,4,O입장에서 제일 큰 원룸 O,https://www.zigbang.com/home/apt/items/49776855
2026-09-06 08:01:34,원룸,50185037,월세,02,충청남도 천안시 서북구 입장면 독정리,천안시 서북구,입장면,500,33,0,29.75,9.0,2,입장면 교통편 위치 좋은 분리형 원룸 빠른 입주가능,https://www.zigbang.com/home/apt/items/50185037
2026-09-06 08:01:34,원룸,50300808,월세,01,경기도 안성시 대덕면 내리,안성시,대덕면,200,41,0,18,5.44,3,0중앙대후문.풀옵션0,https://www.zigbang.com/home/apt/items/50300808
2026-09-06 08:01:34,원룸,50210242,월세,01,경기도 평택시 도일동,평택시,도일동,200,45,0,21,6.35,2,원룸 신축 풀옵션,https://www.zigbang.com/home/apt/items/50210242
2026-09-06 08:01:34,원룸,50252226,전세,02,경기도 평택시 용이동,평택시,용이동,8000,0,0,26.25,7.94,2,"채광좋은공원뷰신축급투베이전세,안성ic차량3분",https://www.zigbang.com/home/apt/items/50252226
2026-09-06 08:01:34,원룸,50278452,월세,01,경기도 평택시 용이동,평택시,용이동,300,56,0,19.8,5.99,4,용이동 원룸 즉시입주 풀옵션 엘리베이터,https://www.zigbang.com/home/apt/items/50278452
2026-09-06 08:01:34,원룸,50288893,월세,01,경기도 안성시 원곡면 외가천리,안성시,원곡면,300,51,0,33.06,10.0,4,"꩜고덕삼성,브레인시티,송탄공단 출근굿,완전 크으으은 원룸꩜",https://www.zigbang.com/home/apt/items/50288893
2026-09-06 08:01:34,원룸,50299614,월세,01,경기도 안성시 원곡면 외가천리,안성시,원곡면,300,51,0,33.06,10.0,3,"꒰꒰굉장히 넓은 방꒱꒱ 엘베O, 주차O, 풀옵션, 남서향",https://www.zigbang.com/home/apt/items/50299614
2026-09-06 08:01:34,원룸,50300743,월세,02,경기도 평택시 용이동,평택시,용이동,300,56,0,28,8.47,4,"현촌초부근 깔끔하고 넓은원룸, 즉시입주, 풀옵션, 엘베",https://www.zigbang.com/home/apt/items/50300743
2026-09-06 08:01:34,원룸,50283474,월세,02,경기도 안성시 원곡면 칠곡리,안성시,원곡면,300,38,0,20,6.05,4,ꕥ오늘매물ꕥ원곡물류 칠곡저수지ꕥ엘베OKꕥ풀옵션 뻥뷰ꕥ,https://www.zigbang.com/home/apt/items/50283474
2026-09-06 08:01:35,원룸,50290524,월세,02,경기도 안성시 양성면 구장리,안성시,양성면,300,38,0,25,7.56,3,"ꗈ양성면 귀한방 , 바로입주가능 풀옵,엘베,미니베란다 ꗈ",https://www.zigbang.com/home/apt/items/50290524
2026-09-06 08:01:35,원룸,50020852,전세,02,경기도 안성시 공도읍 마정리,안성시,공도읍,7000,0,0,92.5,27.98,5,2룸에 욕실2개있는 저렴한 전세입니다,https://www.zigbang.com/home/apt/items/50020852
2026-09-06 08:01:35,원룸,50083182,전세,01,경기도 안성시 공도읍 마정리,안성시,공도읍,5000,0,0,23.14,7.0,3,대림동산 입구 신축원룸 입니다.,https://www.zigbang.com/home/apt/items/50083182
2026-09-06 08:01:35,원룸,50250625,전세,01,경기도 안성시 공도읍 마정리,안성시,공도읍,10000,0,0,100,30.25,4,방3개 화장실2개 중문 전망트임 엘리베이터 주차시설,https://www.zigbang.com/home/apt/items/50250625
2026-09-06 08:01:35,원룸,50254054,전세,01,경기도 안성시 공도읍 마정리,안성시,공도읍,3000,0,0,23.14,7.0,4,가성비 좋은 대림동산공원 옆 조용한 원룸 전세입니다.,https://www.zigbang.com/home/apt/items/50254054
2026-09-06 08:01:35,원룸,50268339,월세,01,경기도 안성시 석정동,안성시,석정동,300,48,0,21.25,6.43,2,"O우리O 관포 월48,  한경국립대 정문 인근 풀옵션 원룸",https://www.zigbang.com/home/apt/items/50268339
2026-09-06 08:01:35,원룸,50240050,월세,02,경기도 화성시 효행구 정남면 문학리,화성시 효행구,정남면,500,60,0,39.67,12.0,4,1.5룸특급옵션월세넓은테라스주차편리,https://www.zigbang.com/home/apt/items/50240050
2026-09-06 08:01:35,원룸,50240061,월세,02,경기도 화성시 효행구 정남면 문학리,화성시 효행구,정남면,1000,55,0,39.67,12.0,4,신축1.8룸넓은테라스주차걱정NO보증금조절가능,https://www.zigbang.com/home/apt/items/50240061
2026-09-06 08:01:35,원룸,50087583,월세,02,경기도 화성시 효행구 정남면 덕절리,화성시 효행구,정남면,2000,45,0,33,9.98,4,ꔪꔪ우리ꔪꔪ1.5룸월세ꔪꔪ깔끔ꔪꔪ,https://www.zigbang.com/home/apt/items/50087583
2026-09-06 08:01:35,원룸,50108703,월세,01,경기도 화성시 효행구 정남면 덕절리,화성시 효행구,정남면,1000,55,0,19.83,6.0,3,ꔪꔪ우리ꔪꔪ덕절리ꔪꔪ1.5룸월세ꔪꔪ,https://www.zigbang.com/home/apt/items/50108703
2026-09-06 08:01:35,원룸,50137228,월세,02,경기도 화성시 효행구 정남면 덕절리,화성시 효행구,정남면,500,60,0,33.06,10.0,2,ꔪꔪ우리ꔪꔪ덕절리ꔪꔪ큰1.5룸ꔪꔪ,https://www.zigbang.com/home/apt/items/50137228
2026-09-06 08:01:35,원룸,50166683,월세,02,경기도 화성시 효행구 정남면 덕절리,화성시 효행구,정남면,500,60,0,30,9.07,2,ꔪꔪㅡ.우.리.ㅡꔪꔪㅡ.깔.끔.원.룸.ㅡꔪꔪ,https://www.zigbang.com/home/apt/items/50166683
2026-09-06 08:01:35,원룸,50287586,월세,02,경기도 화성시 효행구 정남면 덕절리,화성시 효행구,정남면,500,59,0,30.1,9.11,2,ㅣH허브Hㅣ꩜원룸 맛집꩜十주차편리十풀옵션十ㅣ허위Noㅣ,https://www.zigbang.com/home/apt/items/50287586
2026-09-06 08:01:39,원룸,50118801,월세,01,경기도 용인시 기흥구 보라동,용인시 기흥구,보라동,500,40,0,18.18,5.5,1,깔끔한 오픈형 원룸입니다.,https://www.zigbang.com/home/apt/items/50118801
2026-09-06 08:01:39,원룸,50204248,월세,01,경기도 용인시 기흥구 공세동,용인시 기흥구,공세동,4000,35,0,16.53,5.0,4,ㅁ청년ㅁ나만쓰는 테라스 I 깔끔 신축급원룸 I 빠른입주가능,https://www.zigbang.com/home/apt/items/50204248
2026-09-06 08:01:39,원룸,50206206,월세,01,경기도 용인시 기흥구 상갈동,용인시 기흥구,상갈동,300,37,0,23.14,7.0,2,심플한 오픈형.상갈역5분거리,https://www.zigbang.com/home/apt/items/50206206
2026-09-06 08:01:39,원룸,50210418,월세,02,경기도 용인시 기흥구 공세동,용인시 기흥구,공세동,500,50,0,24,7.26,1,즉시입주가능한 원룸입니다.,https://www.zigbang.com/home/apt/items/50210418
2026-09-06 08:01:39,원룸,50228308,월세,02,경기도 용인시 기흥구 보라동,용인시 기흥구,보라동,500,50,0,26,7.86,1,해가 잘드는 남향1.5룸입니다.,https://www.zigbang.com/home/apt/items/50228308
2026-09-06 08:01:39,원룸,50266038,월세,02,경기도 용인시 기흥구 상갈동,용인시 기흥구,상갈동,300,45,0,26.45,8.0,2,넉넉한사이즈..위치 구조 가격  옵션최상.상갈역5분,https://www.zigbang.com/home/apt/items/50266038
2026-09-06 08:01:39,원룸,50277230,월세,01,경기도 용인시 기흥구 상갈동,용인시 기흥구,상갈동,300,34,0,23.14,7.0,3,가성비최상.상갈역5분,https://www.zigbang.com/home/apt/items/50277230
2026-09-06 08:01:39,원룸,50281993,월세,01,경기도 용인시 기흥구 상갈동,용인시 기흥구,상갈동,300,36,0,23.3,7.05,3,햇살좋은 깔끔한 오픈형 .상갈역5분,https://www.zigbang.com/home/apt/items/50281993
2026-09-06 08:01:39,원룸,50282144,월세,01,경기도 용인시 기흥구 상갈동,용인시 기흥구,상갈동,300,36,0,27,8.17,1,넓고 심플한 오픈형.바로입주.상갈역5분,https://www.zigbang.com/home/apt/items/50282144
2026-09-06 08:01:39,원룸,50283605,월세,02,경기도 용인시 기흥구 상갈동,용인시 기흥구,상갈동,1000,40,0,26.45,8.0,3,"전세7000가능,분리형 원룸.상갈역6분거리.",https://www.zigbang.com/home/apt/items/50283605
2026-09-06 08:01:39,원룸,50294899,월세,01,경기도 용인시 기흥구 상갈동,용인시 기흥구,상갈동,300,35,0,23.14,7.0,1,활용도좋은 오픈형.상갈역5분,https://www.zigbang.com/home/apt/items/50294899
2026-09-06 08:01:39,원룸,50297944,월세,02,경기도 용인시 기흥구 보라동,용인시 기흥구,보라동,500,47,0,23.3,7.05,3,엘베있는 분리형원룸.상갈역 6분,https://www.zigbang.com/home/apt/items/50297944
2026-09-06 08:01:39,원룸,50300809,월세,02,경기도 용인시 기흥구 보라동,용인시 기흥구,보라동,4200,15,0,23.14,7.0,2,"엘베있는 분리형.교통,3000에20가능",https://www.zigbang.com/home/apt/items/50300809
2026-09-06 08:01:40,원룸,49978484,월세,01,경기도 용인시 처인구 마평동,용인시 처인구,마평동,3000,25,0,26.45,8.0,2,완전올수리된집.24개월계약조건,https://www.zigbang.com/home/apt/items/49978484
2026-09-06 08:01:40,원룸,50108408,월세,03,경기도 용인시 처인구 역북동,용인시 처인구,역북동,3000,85,0,28,8.47,4,명지대역에서 도보8분 복층형투룸식 즉시입주 테라스있음,https://www.zigbang.com/home/apt/items/50108408
2026-09-06 08:01:40,원룸,50230220,월세,01,경기도 용인시 처인구 남동,용인시 처인구,남동,300,55,0,19,5.75,반지하,남동 덕곡마을  반지층  빠른입주가능 다포함,https://www.zigbang.com/home/apt/items/50230220
2026-09-06 08:01:40,원룸,50231030,월세,01,경기도 용인시 처인구 남동,용인시 처인구,남동,300,50,0,20,6.05,반지하,ㅇ빠른입주ㅇ신축급 복층형 원룸ㅇ풀옵션ㅇ건조기ㅇ명지대 도보ㅇ,https://www.zigbang.com/home/apt/items/50231030
2026-09-06 08:01:40,원룸,50231322,월세,01,경기도 용인시 처인구 김량장동,용인시 처인구,김량장동,1000,55,0,23,6.96,3,김량장역에서 도보5분 9월21일이후 입주가능,https://www.zigbang.com/home/apt/items/50231322
2026-09-06 08:01:40,원룸,50242875,월세,01,경기도 용인시 처인구 역북동,용인시 처인구,역북동,200,43,0,20,6.05,4,김량장역에서 도보7분거리 오픈형원룸  9월10일이후 입주,https://www.zigbang.com/home/apt/items/50242875
2026-09-06 08:01:40,원룸,50251072,전세,02,경기도 용인시 처인구 김량장동,용인시 처인구,김량장동,10000,0,0,26,7.86,3,용인초등학교뒤 오픈형원룸  11월6일이후 입주가능,https://www.zigbang.com/home/apt/items/50251072
2026-09-06 08:01:40,원룸,50258996,월세,01,경기도 용인시 처인구 마평동,용인시 처인구,마평동,300,40,0,18,5.44,2,"현재수리중, 9월6일이후 입주가능",https://www.zigbang.com/home/apt/items/50258996
2026-09-06 08:01:40,원룸,50267010,월세,02,경기도 용인시 처인구 역북동,용인시 처인구,역북동,1000,63,0,28,8.47,5,김량장역에서 도보6분거리  투룸식 10월초,https://www.zigbang.com/home/apt/items/50267010
2026-09-06 08:01:40,원룸,50267064,월세,02,경기도 용인시 처인구 김량장동,용인시 처인구,김량장동,1000,68,0,25,7.56,3,중앙지구대인근 1.5룸식  즉시입주가능,https://www.zigbang.com/home/apt/items/50267064
2026-09-06 08:01:40,원룸,50274243,월세,02,경기도 용인시 처인구 남동,용인시 처인구,남동,300,50,0,20,6.05,2,ㅇ9월말ㅇ풀옵션ㅇ넓은 원룸ㅇ명지대 도보권ㅇ주차ㅇ베란다ㅇ,https://www.zigbang.com/home/apt/items/50274243
2026-09-06 08:01:40,원룸,50281355,월세,01,경기도 용인시 처인구 김량장동,용인시 처인구,김량장동,100,65,0,34.45,10.42,중,"용인터미널부근, 원룸형주거용오피스텔.",https://www.zigbang.com/home/apt/items/50281355
2026-09-06 08:01:40,원룸,50293151,월세,01,경기도 용인시 처인구 역북동,용인시 처인구,역북동,400,40,0,20,6.05,2,즉시 입주가능.명지대역출구.넓은방 .깨끗함. 풀옵션.,https://www.zigbang.com/home/apt/items/50293151
2026-09-06 08:01:40,원룸,50297209,월세,01,경기도 용인시 처인구 김량장동,용인시 처인구,김량장동,300,45,0,22,6.65,2,용인초위 오픈형원룸 9월7입주가능,https://www.zigbang.com/home/apt/items/50297209
2026-09-06 08:01:40,원룸,50297394,월세,01,경기도 용인시 처인구 김량장동,용인시 처인구,김량장동,300,40,0,19,5.75,1,김량장역에서 도보5분 1층 9월6일이후입주,https://www.zigbang.com/home/apt/items/50297394
2026-09-06 08:01:41,원룸,50175749,월세,02,충청북도 청주시 흥덕구 강내면 월곡리,청주시 흥덕구,강내면,300,35,0,24,7.26,3,"큰원룸 친구랑 같이 큰원룸, 학생 환영, 직장인 환영",https://www.zigbang.com/home/apt/items/50175749
2026-09-06 08:01:43,원룸,50300948,월세,01,충청북도 청주시 청원구 오창읍 양청리,청주시 청원구,오창읍,100,19,0,29.75,9.0,2,lll 주차편한 lll 저렴원룸 lll,https://www.zigbang.com/home/apt/items/50300948
2026-09-06 08:01:43,원룸,50300951,월세,01,충청북도 청주시 청원구 오창읍 구룡리,청주시 청원구,오창읍,100,16,0,29.75,9.0,2,lll 남향원룸 lll 채광짱짱 lll,https://www.zigbang.com/home/apt/items/50300951
2026-09-06 08:01:43,원룸,50300952,월세,01,충청북도 청주시 청원구 오창읍 구룡리,청주시 청원구,오창읍,100,21,0,29.75,9.0,3,lll 월세폭탄가 lll 대형원룸 lll,https://www.zigbang.com/home/apt/items/50300952
2026-09-06 08:01:43,원룸,50300953,월세,01,충청북도 청주시 청원구 오창읍 구룡리,청주시 청원구,오창읍,300,36,0,29.75,9.0,3,lll 엘베 lll 오피스텔형원룸 lll,https://www.zigbang.com/home/apt/items/50300953
2026-09-06 08:01:43,원룸,50300954,월세,01,충청북도 청주시 청원구 오창읍 구룡리,청주시 청원구,오창읍,200,21,0,33.06,10.0,1,lll 초대형원룸 lll 구룡상권 lll,https://www.zigbang.com/home/apt/items/50300954
2026-09-06 08:01:43,원룸,50300957,월세,01,충청북도 청주시 청원구 오창읍 구룡리,청주시 청원구,오창읍,100,21,0,29.75,9.0,3,ll 구룡리 ll 최저가 가성비원룸 ll,https://www.zigbang.com/home/apt/items/50300957
2026-09-06 08:01:44,원룸,50294323,전세,01,충청북도 청주시 서원구 수곡동,청주시 서원구,수곡동,5000,0,0,30,9.07,2,교대ㅣ올리모델링ㅣ채광 굿ㅣ분리형ㅣ풀옵션ㅣ콜콜콜,https://www.zigbang.com/home/apt/items/50294323
2026-09-06 08:01:44,원룸,50299459,월세,02,충청북도 청주시 청원구 우암동,청주시 청원구,우암동,100,23,0,23.14,7.0,2,청대중문 도보2분 인사대 월세부담적은 분리형 풀옵션,https://www.zigbang.com/home/apt/items/50299459
2026-09-06 08:01:44,원룸,50299498,월세,02,충청북도 청주시 상당구 용암동,청주시 상당구,용암동,200,22,0,26.44,8.0,2,용암동 토마토마트 리모델링 월세저렴 분리형 풀옵션,https://www.zigbang.com/home/apt/items/50299498
2026-09-06 08:01:44,원룸,50299611,월세,01,충청북도 청주시 상당구 용암동,청주시 상당구,용암동,300,24,0,26.44,8.0,2,용암동 청석고 넓은방 월세저렴 풀옵션 엘베완비,https://www.zigbang.com/home/apt/items/50299611
2026-09-06 08:01:44,원룸,50299789,월세,02,충청북도 청주시 상당구 용암동,청주시 상당구,용암동,200,25,0,26.44,8.0,2,용암동 청석고 가성비원룸 월세저렴 분리형 풀옵션,https://www.zigbang.com/home/apt/items/50299789
2026-09-06 08:01:48,원룸,50099476,월세,02,충청남도 천안시 동남구 병천면 가전리,천안시 동남구,병천면,100,30,0,26.45,8.0,4,한기대 인근 가성비 아주좋은 주차장 널널 인터넷까지,https://www.zigbang.com/home/apt/items/50099476
2026-09-06 08:01:48,원룸,50156512,월세,02,충청남도 천안시 동남구 병천면 가전리,천안시 동남구,병천면,300,40,0,45,13.61,4,가성비 아주 좋은 분리형 투베이 남향입니다.,https://www.zigbang.com/home/apt/items/50156512
2026-09-06 08:01:50,원룸,50234788,월세,01,충청북도 진천군 진천읍 장관리,진천군,진천읍,500,38,0,22.81,6.9,4,"번화가보다  아파트 단지 근처에 있어요,",https://www.zigbang.com/home/apt/items/50234788
2026-09-06 08:01:50,원룸,49957622,월세,01,충청북도 진천군 진천읍 교성리,진천군,진천읍,300,44,0,26.45,8.0,4,우석대 정문 근처 에 있는  도시가스되는 신축원룸입니다.,https://www.zigbang.com/home/apt/items/49957622
2026-09-06 08:01:50,원룸,50005080,월세,02,충청북도 진천군 진천읍 교성리,진천군,진천읍,300,35,0,26.45,8.0,2,"우석대인근, 화랑공원 인근 원룸입니다.",https://www.zigbang.com/home/apt/items/50005080
2026-09-06 08:01:50,원룸,50110008,월세,02,충청북도 진천군 진천읍 교성리,진천군,진천읍,500,35,0,26.45,8.0,3,진천군청 우석대 앞 엘베있는 깔끔한 신축급 원룸 풀옵션,https://www.zigbang.com/home/apt/items/50110008
2026-09-06 08:01:50,원룸,50234948,월세,01,충청북도 진천군 진천읍 교성리,진천군,진천읍,300,32,0,15,4.54,2,"우석대, 군청, 진천어린이집 인근 원룸이에요",https://www.zigbang.com/home/apt/items/50234948
2026-09-06 08:01:50,원룸,50279524,월세,02,충청북도 진천군 진천읍 교성리,진천군,진천읍,500,36,0,24,7.26,2,"진천군청,우석대학교 인근 풀옵션원룸 엘베있음",https://www.zigbang.com/home/apt/items/50279524
2026-09-06 08:01:51,원룸,50013157,월세,01,충청북도 증평군 증평읍 초중리,증평군,증평읍,300,30,0,28.5,8.62,3,채광 좋은 풀옵션 원룸,https://www.zigbang.com/home/apt/items/50013157
2026-09-06 08:01:51,원룸,50013169,월세,01,충청북도 증평군 증평읍 초중리,증평군,증평읍,300,30,0,29.75,9.0,4,신축 풀옵션 원룸,https://www.zigbang.com/home/apt/items/50013169
2026-09-06 08:01:51,원룸,50013773,월세,01,충청북도 증평군 증평읍 초중리,증평군,증평읍,300,30,0,33.06,10.0,4,테라스가 있는 풀옵션 원룸,https://www.zigbang.com/home/apt/items/50013773
2026-09-06 08:01:51,원룸,50014720,월세,01,충청북도 증평군 증평읍 초중리,증평군,증평읍,300,29,0,33.06,10.0,3,신축 풀옵션 깔끔한 원룸,https://www.zigbang.com/home/apt/items/50014720
2026-09-06 08:01:51,원룸,50014741,월세,02,충청북도 증평군 증평읍 초중리,증평군,증평읍,100,35,0,26.45,8.0,3,신축 엘레베이터 있는 깔끔한 원룸,https://www.zigbang.com/home/apt/items/50014741
2026-09-06 08:01:51,원룸,50095273,월세,02,충청북도 증평군 증평읍 초중리,증평군,증평읍,300,34,0,46.28,14.0,2,투베이월세ㅣ풀옵션 가성비 좋은 방,https://www.zigbang.com/home/apt/items/50095273
2026-09-06 08:01:51,원룸,50008094,월세,01,충청북도 증평군 증평읍 송산리,증평군,증평읍,300,33,0,31.4,9.5,2,엘베완비ㅣ보안좋고 수납좋은 깔끔한 원룸,https://www.zigbang.com/home/apt/items/50008094
2026-09-06 08:01:51,원룸,50026204,월세,01,충청북도 증평군 증평읍 송산리,증평군,증평읍,300,40,0,30,9.07,2,바로 입주 가능한 깔끔한 원룸입니다.,https://www.zigbang.com/home/apt/items/50026204
2026-09-06 08:01:51,원룸,50045840,월세,01,충청북도 증평군 증평읍 창동리,증평군,증평읍,300,33,0,32,9.68,2,원룸월세ㅣ도배 후 첫 입주ㅣ시내권 입지,https://www.zigbang.com/home/apt/items/50045840
2026-09-06 08:01:51,원룸,50131302,월세,01,충청북도 증평군 증평읍 송산리,증평군,증평읍,200,30,0,33.9,10.25,4,송산리택지 인기 원룸ㅣ넓은 평수에 보강천 뷰까지,https://www.zigbang.com/home/apt/items/50131302
2026-09-06 08:01:51,원룸,50250014,월세,01,충청북도 증평군 증평읍 송산리,증평군,증평읍,300,30,0,33.9,10.25,2,"문의 많은 송산리 원룸ㅣ넓고 환한 화이트톤, 보강천뷰까지",https://www.zigbang.com/home/apt/items/50250014
2026-09-06 08:01:51,원룸,49900839,월세,02,충청북도 진천군 진천읍 교성리,진천군,진천읍,300,35,0,16.53,5.0,2,"우석대, 성당 인근 원룸입니다.",https://www.zigbang.com/home/apt/items/49900839
2026-09-06 08:01:51,원룸,50004982,월세,02,충청북도 진천군 진천읍 교성리,진천군,진천읍,500,37,0,13.5,4.08,5,"우석대, 화랑공원 인근 도시가스 되고, 엘레베이터 있는원룸",https://www.zigbang.com/home/apt/items/50004982
2026-09-06 08:01:51,원룸,50097382,월세,02,충청북도 진천군 진천읍 읍내리,진천군,진천읍,300,37,0,23.45,7.09,8,진천읍 중앙시장 인근 엘베 있는 원룸 풀옵션 도시가스,https://www.zigbang.com/home/apt/items/50097382
2026-09-06 08:01:51,원룸,50097502,월세,02,충청북도 진천군 진천읍 읍내리,진천군,진천읍,500,42,0,28.28,8.55,9,진천읍 중앙시장 인근 엘베 있는 투베이 풀옵션 도시가스,https://www.zigbang.com/home/apt/items/50097502
2026-09-06 08:01:51,원룸,50202510,월세,02,충청북도 진천군 진천읍 읍내리,진천군,진천읍,500,42,0,24.29,7.35,6,"도시가스되고, 엘레베이터 있는 시내 중심에 있는 원룸입니다",https://www.zigbang.com/home/apt/items/50202510
2026-09-06 08:01:51,원룸,50234987,월세,01,충청북도 진천군 진천읍 신정리,진천군,진천읍,500,34,0,15.37,4.65,2,진천고등학교 인근 에 있는 베란다 분리된 원룸입니다.,https://www.zigbang.com/home/apt/items/50234987
2026-09-06 08:01:51,원룸,50235003,월세,01,충청북도 진천군 진천읍 교성리,진천군,진천읍,300,38,0,16.53,5.0,2,"우석대, 화랑공원인근 있어요",https://www.zigbang.com/home/apt/items/50235003
2026-09-06 08:01:51,원룸,50242569,전세,02,충청북도 진천군 진천읍 성석리,진천군,진천읍,4000,0,0,33.06,10.0,2,"풀 옵션 방 크고 조용하며 욕실 큼,",https://www.zigbang.com/home/apt/items/50242569
2026-09-06 08:01:51,원룸,50300169,월세,02,충청북도 진천군 진천읍 읍내리,진천군,진천읍,300,36,0,23.45,7.09,8,꩜천장형에어컨포함.완전풀풀옵션꩜신축급 하나로마트인근 투베이,https://www.zigbang.com/home/apt/items/50300169
2026-09-06 08:01:51,원룸,49978186,월세,02,충청북도 진천군 이월면 중산리,진천군,이월면,300,32,0,26.45,8.0,2,대형주차 편리하며 엘베유 조용.1.룸 환해요,https://www.zigbang.com/home/apt/items/49978186
2026-09-06 08:01:51,원룸,50232278,월세,02,충청북도 진천군 덕산읍 산수리,진천군,덕산읍,200,26,0,26.45,8.0,4,산수산업단지 내  깔끔한 원룸 풀옵션,https://www.zigbang.com/home/apt/items/50232278
2026-09-06 08:01:51,원룸,50282016,월세,02,충청북도 진천군 덕산읍 산수리,진천군,덕산읍,200,30,0,23.14,7.0,2,산단안 풀 옵션 원룸,https://www.zigbang.com/home/apt/items/50282016
2026-09-06 08:01:51,원룸,50282837,월세,02,충청북도 진천군 덕산읍 산수리,진천군,덕산읍,200,28,0,23.14,7.0,4,"도배새로  풀 옵션,",https://www.zigbang.com/home/apt/items/50282837
2026-09-06 08:01:52,원룸,50067150,월세,01,충청북도 음성군 맹동면 두성리,음성군,맹동면,500,50,0,36.99,11.19,10,신축  뻥뚫린뷰   사진그대로 전입신고x 침대 x 급매물,https://www.zigbang.com/home/apt/items/50067150
2026-09-06 08:01:52,원룸,50149344,월세,01,충청북도 음성군 맹동면 두성리,음성군,맹동면,500,55,0,36.99,11.19,10,전입신고x 침대x 베란다 0,https://www.zigbang.com/home/apt/items/50149344
2026-09-06 08:01:52,원룸,50176578,월세,02,충청북도 음성군 맹동면 두성리,음성군,맹동면,300,45,0,36.05,10.91,2,주변 상권 풍부  터미널 인접   급매물,https://www.zigbang.com/home/apt/items/50176578
2026-09-06 08:01:52,원룸,50176866,월세,01,충청북도 음성군 맹동면 두성리,음성군,맹동면,300,50,0,36.06,10.91,5,9월25일 입주가능 인터넷 비용 임대인 부담,https://www.zigbang.com/home/apt/items/50176866
2026-09-06 08:01:52,원룸,50235766,월세,02,충청북도 음성군 맹동면 두성리,음성군,맹동면,300,34,0,26.45,8.0,3,맹동산단인근 깔끔한 신축원룸 월세  풀옵션 즉시입주가능,https://www.zigbang.com/home/apt/items/50235766
2026-09-06 08:01:52,원룸,50260912,월세,01,충청북도 음성군 맹동면 두성리,음성군,맹동면,300,24,0,21.49,6.5,1,건조기있는 신축원룸  월세 풀옵션,https://www.zigbang.com/home/apt/items/50260912
2026-09-06 08:01:52,원룸,50268942,월세,01,충청북도 진천군 덕산읍 두촌리,진천군,덕산읍,300,35,0,27,8.17,2,쉐어룸 입니다 여성분만 가능하세요  반려동물및 흡연금지,https://www.zigbang.com/home/apt/items/50268942
2026-09-06 08:01:52,원룸,50268993,월세,01,충청북도 음성군 맹동면 두성리,음성군,맹동면,500,45,0,36.54,11.05,3,위치  한국소지바원 바로 뒤 위치  9월20일 이후입주,https://www.zigbang.com/home/apt/items/50268993
2026-09-06 08:01:52,원룸,50269131,월세,01,충청북도 음성군 맹동면 두성리,음성군,맹동면,300,50,0,36.05,10.91,9,한국가스안전공사 바로 뒤에 위치,https://www.zigbang.com/home/apt/items/50269131
2026-09-06 08:01:52,원룸,50272248,월세,02,충청북도 음성군 맹동면 두성리,음성군,맹동면,500,55,0,32.15,9.73,2,거실 창문이 있어서 활용도 좋음,https://www.zigbang.com/home/apt/items/50272248
2026-09-06 08:01:52,원룸,50278422,월세,02,충청북도 음성군 맹동면 두성리,음성군,맹동면,300,55,0,32.38,9.79,7,"첫입주하는 깔끔한 새집, 구조 넘 조아요",https://www.zigbang.com/home/apt/items/50278422
2026-09-06 08:01:52,원룸,50280266,월세,02,충청북도 음성군 맹동면 두성리,음성군,맹동면,500,30,0,27,8.17,1,유촌산단 인근 신축 넓은 원룸 풀옵션  반전세 가능,https://www.zigbang.com/home/apt/items/50280266
2026-09-06 08:01:52,원룸,50301264,월세,01,충청북도 음성군 맹동면 두성리,음성군,맹동면,500,50,0,26.93,8.15,2,충북혁신도시 신축 첫입주 월50만 풀옵션 베란다·수납 굿,https://www.zigbang.com/home/apt/items/50301264
2026-09-06 08:01:52,원룸,50301273,월세,02,충청북도 음성군 맹동면 두성리,음성군,맹동면,500,55,0,32.38,9.79,10,"침실 따로 1.5룸 분리형 풀옵션·넉넉한 수납,인기많음",https://www.zigbang.com/home/apt/items/50301273
2026-09-06 08:01:39,원룸,50164239,월세,01,경기도 화성시 동탄구 영천동,화성시 동탄구,영천동,500,60,0,29.62,8.96,15,"전망탁트인 귀한매물,붙박이장최고,풀옵션신축",https://www.zigbang.com/home/apt/items/50164239
2026-09-06 08:01:39,원룸,50164449,월세,01,경기도 화성시 동탄구 영천동,화성시 동탄구,영천동,500,60,0,23.8,7.2,15,"귀한 실매물,전망 탁트인뷰,풀옵션신축",https://www.zigbang.com/home/apt/items/50164449
2026-09-06 08:01:55,원룸,50188349,월세,01,경기도 안성시 현수동,안성시,현수동,200,50,0,19.8,5.99,3,ꔚ빠른입주가능ꔚ현수동 ꔚ풀옵션 원룸ꔚ,https://www.zigbang.com/home/apt/items/50188349
2026-09-06 08:01:55,원룸,49738606,월세,01,경기도 안성시 구포동,안성시,구포동,500,60,0,21.82,6.6,1,"O우리O 관포 월60, 여성전용, 구포동풀옵션 원룸 1층",https://www.zigbang.com/home/apt/items/49738606
2026-09-06 08:01:55,원룸,49849708,전세,01,경기도 안성시 명륜동,안성시,명륜동,5000,0,0,23.2,7.02,2,ꔚ명륜동ꔚ원룸전세ꔚ방넓고 깔끔해요ꔚ,https://www.zigbang.com/home/apt/items/49849708
2026-09-06 08:01:55,원룸,50060087,월세,01,경기도 안성시 구포동,안성시,구포동,500,60,0,26.44,8.0,1,ꔚ구포동ꔚ풀옵션 원룸ꔚ,https://www.zigbang.com/home/apt/items/50060087
2026-09-06 08:01:55,원룸,50112576,월세,02,경기도 안성시 구포동,안성시,구포동,500,57,0,37.88,11.46,3,"O우리O 관포 월57, 안성시내 풀옵션 1.5룸",https://www.zigbang.com/home/apt/items/50112576
2026-09-06 08:01:55,원룸,50156417,월세,01,경기도 안성시 대천동,안성시,대천동,300,40,0,22,6.65,3,"O우리O 관포 월40, 안성시내 차없는 거리 원룸",https://www.zigbang.com/home/apt/items/50156417
2026-09-06 08:01:55,원룸,50246186,월세,01,경기도 안성시 당왕동,안성시,당왕동,500,50,0,25,7.56,2,"O우리O 관포 월50, 한경국립대 후문 인근 풀옵션 원룸",https://www.zigbang.com/home/apt/items/50246186
2026-09-06 08:01:55,원룸,50263355,월세,01,경기도 안성시 봉산동,안성시,봉산동,300,45,0,22,6.65,3,"O우리O 관포 월45, 안성시청 초근접 풀옵션 원룸",https://www.zigbang.com/home/apt/items/50263355
2026-09-06 08:01:55,원룸,50263363,전세,02,경기도 안성시 도기동,안성시,도기동,7000,0,0,49.6,15.0,4,O우리O 인지사거리 인근 안성천변 풀옵션 1.5룸 전세,https://www.zigbang.com/home/apt/items/50263363
2026-09-06 08:01:55,원룸,50280498,월세,02,경기도 안성시 봉산동,안성시,봉산동,300,45,0,33,9.98,3,9.25이후로 입주일협의ꔚ봉산로타리인근ꔚ넓은 1.5룸월세ꔚ,https://www.zigbang.com/home/apt/items/50280498
2026-09-06 08:01:55,원룸,50285668,월세,02,경기도 안성시 인지동,안성시,인지동,300,57,0,22,6.65,2,"O우리O 관포 월57, 인지사거리 인근 신축급 풀옵션 원룸",https://www.zigbang.com/home/apt/items/50285668
2026-09-06 08:01:55,원룸,49844548,월세,02,충청북도 진천군 광혜원면 죽현리,진천군,광혜원면,500,33,0,23.14,7.0,2,신축 농공단지 인접 엘베OK,https://www.zigbang.com/home/apt/items/49844548
2026-09-06 08:01:56,원룸,50111368,월세,02,충청북도 진천군 광혜원면 광혜원리,진천군,광혜원면,1000,60,0,33.4,10.1,1,광혜원면 단독 1.5룸 투베이 풀옵션 월세입니다.,https://www.zigbang.com/home/apt/items/50111368
2026-09-06 08:01:56,원룸,50118043,월세,02,충청북도 진천군 광혜원면 광혜원리,진천군,광혜원면,200,29,0,19.83,6.0,3,광혜원 산단 앞 원룸 월세,https://www.zigbang.com/home/apt/items/50118043
2026-09-06 08:01:56,원룸,50118956,월세,02,충청북도 음성군 대소읍 오류리,음성군,대소읍,300,36,0,24,7.26,3,"대소ic인근 ,유통지구 앞 풀옵션 원룸 엘베유",https://www.zigbang.com/home/apt/items/50118956
2026-09-06 08:01:56,원룸,50175282,월세,01,충청북도 음성군 대소읍 오류리,음성군,대소읍,300,29,0,25,7.56,4,대소 유통단지 인근 풀옵션 원룸 즉시입주가능,https://www.zigbang.com/home/apt/items/50175282
2026-09-06 08:01:56,원룸,50246075,월세,01,충청북도 음성군 대소읍 대풍리,음성군,대소읍,300,35,0,29,8.77,2,원삼sk하이닉스 자차30분이내 초초 저렴 신축풀옵션 원룸,https://www.zigbang.com/home/apt/items/50246075
2026-09-06 08:01:56,원룸,50269769,월세,02,충청북도 음성군 대소읍 오류리,음성군,대소읍,500,50,0,40,12.1,5,경제적인도시가스난방.거실별도갖춘.투베이.주차편리.승강기,https://www.zigbang.com/home/apt/items/50269769
2026-09-06 08:01:56,원룸,50269784,월세,02,충청북도 음성군 대소읍 오류리,음성군,대소읍,500,47,0,33.06,10.0,3,넓은.거실공간갖춘.풀옵션 투베이.깔끔한월세,https://www.zigbang.com/home/apt/items/50269784
2026-09-06 08:01:56,원룸,50269801,월세,01,충청북도 음성군 대소읍 오류리,음성군,대소읍,300,30,0,20,6.05,4,ott시청가능.깔끔한.풀옵션.원룸.집앞편의점,https://www.zigbang.com/home/apt/items/50269801
2026-09-06 08:01:56,원룸,50269841,월세,01,충청북도 음성군 대소읍 오류리,음성군,대소읍,300,30,0,18.18,5.5,2,저렴하면서 깔끔한 가성비높은 EV있는 풀옵션원룸,https://www.zigbang.com/home/apt/items/50269841
2026-09-06 08:01:56,원룸,50269853,월세,02,충청북도 음성군 대소읍 오류리,음성군,대소읍,300,36,0,23.14,7.0,2,즉시입주가능.깔끔한.풀옵션.분리형원룸.음성물류단지앞.,https://www.zigbang.com/home/apt/items/50269853
2026-09-06 08:01:56,원룸,50279722,월세,02,충청북도 음성군 대소읍 오류리,음성군,대소읍,300,38,0,24,7.26,3,"대소ic,유통단지 인근 풀옵션원룸",https://www.zigbang.com/home/apt/items/50279722
2026-09-06 08:01:56,원룸,49316676,월세,02,충청북도 음성군 금왕읍 본대리,음성군,금왕읍,300,37,0,24,7.26,3,최신축 원룸 월세,https://www.zigbang.com/home/apt/items/49316676
2026-09-06 08:01:56,원룸,49316797,월세,02,충청북도 음성군 금왕읍 본대리,음성군,금왕읍,300,37,0,24,7.26,4,신축급 풀옵션 원룸입니다,https://www.zigbang.com/home/apt/items/49316797
2026-09-06 08:01:56,원룸,49317141,월세,02,충청북도 음성군 금왕읍 본대리,음성군,금왕읍,300,37,0,24,7.26,4,깔끔하고 넓은 원룸은 여기 추천합니다.,https://www.zigbang.com/home/apt/items/49317141
2026-09-06 08:01:56,원룸,49810994,월세,02,충청북도 음성군 금왕읍 본대리,음성군,금왕읍,300,35,0,23.14,7.0,3,초가성비 최신축 풀옵션 원룸 월세,https://www.zigbang.com/home/apt/items/49810994
2026-09-06 08:01:56,원룸,49842788,월세,02,충청북도 음성군 금왕읍 본대리,음성군,금왕읍,300,40,0,28,8.47,2,실물깡패 풀옵션 투베이에요,https://www.zigbang.com/home/apt/items/49842788
2026-09-06 08:01:56,원룸,49933581,월세,02,충청북도 음성군 금왕읍 본대리,음성군,금왕읍,300,45,0,26.44,8.0,2,신축 투베이 월세 있어요,https://www.zigbang.com/home/apt/items/49933581
2026-09-06 08:01:56,원룸,49933840,월세,02,충청북도 음성군 금왕읍 본대리,음성군,금왕읍,300,37,0,19.83,6.0,4,몸만 오면 되는 풀옵션 원룸 월세,https://www.zigbang.com/home/apt/items/49933840
2026-09-06 08:01:56,원룸,50102686,월세,01,충청북도 음성군 대소읍 태생리,음성군,대소읍,200,29,0,13.3,4.02,3,깨끗하고 가성비 좋은 원룸임.,https://www.zigbang.com/home/apt/items/50102686
2026-09-06 08:01:56,원룸,50174154,월세,02,충청북도 음성군 금왕읍 본대리,음성군,금왕읍,300,40,0,20.3,6.14,3,"깔끔한 방 원하면 여기, 성본산단 3분 풀가전 공실 단기",https://www.zigbang.com/home/apt/items/50174154
2026-09-06 08:01:56,원룸,50253368,월세,02,충청북도 음성군 금왕읍 본대리,음성군,금왕읍,300,37,0,24,7.26,3,로얄층에 조망까지 굿 깨끗한 풀옵션원룸,https://www.zigbang.com/home/apt/items/50253368
2026-09-06 08:01:56,원룸,50253675,월세,02,충청북도 음성군 금왕읍 본대리,음성군,금왕읍,300,45,0,33,9.98,3,단지내 가장좋은 남동향의  풀옵션투베이 에어컨2대,https://www.zigbang.com/home/apt/items/50253675
2026-09-06 08:01:56,원룸,50274228,월세,02,충청북도 음성군 금왕읍 본대리,음성군,금왕읍,300,40,0,29.75,9.0,4,신축 투베이 월세,https://www.zigbang.com/home/apt/items/50274228
2026-09-06 08:01:56,원룸,50279488,월세,02,충청북도 음성군 금왕읍 본대리,음성군,금왕읍,300,37,0,24,7.26,4,컨디션 좋고 층간소음 노노 풀옵션원룸,https://www.zigbang.com/home/apt/items/50279488
2026-09-06 08:01:56,원룸,50300865,월세,02,충청북도 음성군 대소읍 태생리,음성군,대소읍,500,52,0,33.06,10.0,4,"넓은 1.5룸, 풀 옵션",https://www.zigbang.com/home/apt/items/50300865
2026-09-06 08:01:56,원룸,49214776,월세,02,충청북도 진천군 덕산읍 신척리,진천군,덕산읍,500,49,0,39.43,11.93,10,특가 도시가스 투베이형 넓다,https://www.zigbang.com/home/apt/items/49214776
2026-09-06 08:01:56,원룸,49214786,월세,02,충청북도 진천군 덕산읍 신척리,진천군,덕산읍,500,49,0,39.43,11.93,8,"넓고 좋다 거실1,방1 시스템에어컨",https://www.zigbang.com/home/apt/items/49214786
2026-09-06 08:01:56,원룸,50075673,월세,02,충청북도 진천군 덕산읍 신척리,진천군,덕산읍,500,49,0,39.43,11.93,2,"이벤트 확인 필. 첫입주 거실1, 방1, 화장실2 월세",https://www.zigbang.com/home/apt/items/50075673
2026-09-06 08:01:56,원룸,50235895,월세,02,충청북도 진천군 덕산읍 신척리,진천군,덕산읍,500,49,0,36,10.89,5,1.5룸 풀옵션 신축아파트,https://www.zigbang.com/home/apt/items/50235895
2026-09-06 08:01:56,원룸,49461834,월세,02,충청북도 음성군 맹동면 쌍정리,음성군,맹동면,500,40,0,26.45,8.0,3,굿인테리어 원룸  요기요기,https://www.zigbang.com/home/apt/items/49461834
2026-09-06 08:01:56,원룸,49765981,월세,02,충청북도 음성군 맹동면 쌍정리,음성군,맹동면,300,43,0,26.45,8.0,4,넓고 신축급 엘베있으요,https://www.zigbang.com/home/apt/items/49765981
2026-09-06 08:01:56,원룸,49914974,월세,02,충청북도 음성군 맹동면 쌍정리,음성군,맹동면,2000,15,0,19,5.75,2,맹동산단 인근 채광좋고 부담없는 원룸 반전세,https://www.zigbang.com/home/apt/items/49914974
2026-09-06 08:01:56,원룸,50235746,월세,02,충청북도 음성군 맹동면 쌍정리,음성군,맹동면,200,32,0,26,7.86,4,유촌산단 인근 준신축원룸 월세 풀옵션,https://www.zigbang.com/home/apt/items/50235746
2026-09-06 08:01:56,원룸,50235778,월세,02,충청북도 음성군 맹동면 본성리,음성군,맹동면,300,32,0,26,7.86,2,동성초 인근 신축원룸 월세 풀옵션  즉시입주가능,https://www.zigbang.com/home/apt/items/50235778
2026-09-06 08:01:56,원룸,50235801,월세,02,충청북도 음성군 맹동면 본성리,음성군,맹동면,300,32,0,23.14,7.0,4,동성초 인근 신축원룸 풀옵션 월세,https://www.zigbang.com/home/apt/items/50235801
2026-09-06 08:01:56,원룸,50236073,월세,01,충청북도 음성군 맹동면 본성리,음성군,맹동면,300,35,0,25,7.56,3,"엘레베이터,침대완비 혁신도시인근",https://www.zigbang.com/home/apt/items/50236073
2026-09-06 08:01:56,원룸,50237655,월세,01,충청북도 음성군 맹동면 본성리,음성군,맹동면,200,33,0,21,6.35,3,혁신도시 도보출근 엘레베이터완비,https://www.zigbang.com/home/apt/items/50237655
2026-09-06 08:01:56,원룸,50240106,월세,01,충청북도 음성군 맹동면 본성리,음성군,맹동면,300,37,0,27.71,8.38,2,조용하고 밝은방  엘리베이터있어 편리,https://www.zigbang.com/home/apt/items/50240106
2026-09-06 08:01:56,원룸,50250582,월세,01,충청북도 음성군 맹동면 본성리,음성군,맹동면,300,35,0,23,6.96,2,조용한 원룸 마을    충북 혁신 도시 도보 가능 승강기유,https://www.zigbang.com/home/apt/items/50250582
2026-09-06 08:01:56,원룸,50257778,월세,02,충청북도 음성군 맹동면 쌍정리,음성군,맹동면,500,47,0,45,13.61,3,깔끔하고 넓은 신축1.5룸 투베이 풀옵션 월세 즉시입주가능,https://www.zigbang.com/home/apt/items/50257778
2026-09-06 08:01:56,원룸,50269565,월세,01,충청북도 음성군 맹동면 본성리,음성군,맹동면,300,37,0,23.61,7.14,4,조용한 풀옵션 신축 입니다. 승강기 혁신도시 도보출근가능,https://www.zigbang.com/home/apt/items/50269565
2026-09-06 08:01:56,원룸,49316782,월세,02,충청북도 음성군 금왕읍 본대리,음성군,금왕읍,300,37,0,24,7.26,3,풀옵션 원룸 월세 여기에요,https://www.zigbang.com/home/apt/items/49316782
2026-09-06 08:01:56,원룸,49401270,월세,02,충청북도 음성군 금왕읍 본대리,음성군,금왕읍,300,40,0,33.06,10.0,3,혼자 살기 넉넉한 1.5룸 월세,https://www.zigbang.com/home/apt/items/49401270
2026-09-06 08:01:56,원룸,49614313,월세,02,충청북도 음성군 금왕읍 본대리,음성군,금왕읍,300,40,0,26.44,8.0,4,남향이라 해 잘드는 1.5룸,https://www.zigbang.com/home/apt/items/49614313
2026-09-06 08:01:56,원룸,49933590,월세,02,충청북도 음성군 금왕읍 본대리,음성군,금왕읍,300,45,0,33.06,10.0,3,"신축 투베이. 성본산단 3분, 풀옵션",https://www.zigbang.com/home/apt/items/49933590
2026-09-06 08:01:56,원룸,49933625,월세,02,충청북도 음성군 금왕읍 본대리,음성군,금왕읍,300,45,0,33.06,10.0,3,두명쓰기도 넉넉하고 해 잘드는 풀옵션 투베이 월세,https://www.zigbang.com/home/apt/items/49933625
2026-09-06 08:01:56,원룸,50111317,월세,02,충청북도 음성군 금왕읍 본대리,음성군,금왕읍,300,45,0,33,9.98,3,"컨디션 굿, 사이즈 굿 , 깨끗한 풀옵션 투베이",https://www.zigbang.com/home/apt/items/50111317
2026-09-06 08:01:56,원룸,50134431,월세,02,충청북도 음성군 금왕읍 본대리,음성군,금왕읍,300,37,0,26.45,8.0,2,최고의 옵션 and 넓은 사이즈 와 조망까지 .....,https://www.zigbang.com/home/apt/items/50134431
2026-09-06 08:01:56,원룸,50212803,월세,02,충청북도 음성군 금왕읍 본대리,음성군,금왕읍,500,47,0,33.06,10.0,4,남향에 좋은 가전의 투베이 월세.,https://www.zigbang.com/home/apt/items/50212803
2026-09-06 08:01:56,원룸,50279705,월세,02,충청북도 음성군 금왕읍 본대리,음성군,금왕읍,500,42,0,33,9.98,4,햇살 좋은 남향의 풀옵션 투베이,https://www.zigbang.com/home/apt/items/50279705
2026-09-06 08:01:57,원룸,50083828,월세,01,충청북도 음성군 삼성면 덕정리,음성군,삼성면,300,40,0,23,6.96,3,삼성시장 내 위치해 생활이 편리하고 깨끗한 원룸.,https://www.zigbang.com/home/apt/items/50083828
2026-09-06 08:01:57,원룸,50168922,월세,01,충청북도 음성군 삼성면 덕정리,음성군,삼성면,500,39,0,23,6.96,3,"신축 6년 이내 건물, 엘리베이터 있으며 넓고 쾌적한 원룸",https://www.zigbang.com/home/apt/items/50168922
2026-09-06 08:01:57,원룸,50286990,월세,01,충청북도 음성군 삼성면 덕정리,음성군,삼성면,300,40,0,23,6.96,4,삼성시장 내 위치한 생활편의 좋은 풀옵션 원룸,https://www.zigbang.com/home/apt/items/50286990
2026-09-06 08:01:57,원룸,50173419,월세,02,경기도 용인시 처인구 원삼면 죽능리,용인시 처인구,원삼면,500,100,0,23.2,7.02,1,ㅇ즉시입주ㅇSK현장 차5분ㅇ신축 풀옵션 분리형 원룸ㅇ주차ㅇ,https://www.zigbang.com/home/apt/items/50173419
2026-09-06 08:01:58,원룸,50210087,월세,02,경기도 용인시 처인구 원삼면 좌항리,용인시 처인구,원삼면,500,100,0,30,9.07,2,ㅇ즉시입주ㅇSk현장 차10분ㅇ풀옵션ㅇ분리형 원룸ㅇ주차ㅇ,https://www.zigbang.com/home/apt/items/50210087
2026-09-06 08:01:58,원룸,50231124,월세,02,경기도 용인시 처인구 원삼면 좌항리,용인시 처인구,원삼면,500,80,0,23.2,7.02,2,ㅇ즉시입주ㅇSk현장 차10분ㅇ풀옵션ㅇ넓은 분리형 원룸ㅇ주차,https://www.zigbang.com/home/apt/items/50231124
2026-09-06 08:01:58,원룸,49885206,전세,02,경기도 이천시 호법면 후안리,이천시,호법면,6500,0,0,33.06,10.0,4,나이키 물류센터 인근. 넓은 1.5룸 전세 매물입니다,https://www.zigbang.com/home/apt/items/49885206
2026-09-06 08:01:58,원룸,49941341,월세,02,경기도 이천시 호법면 안평리,이천시,호법면,500,42,0,26.4,7.99,4,깨끗한 분리형 원룸,https://www.zigbang.com/home/apt/items/49941341
2026-09-06 08:01:58,원룸,50068564,전세,02,경기도 이천시 호법면 후안리,이천시,호법면,6500,0,0,33,9.98,4,"호법 나이키물류인근, 거실넓은 1.5룸",https://www.zigbang.com/home/apt/items/50068564
2026-09-06 08:01:58,원룸,50294623,월세,02,경기도 이천시 호법면 유산리,이천시,호법면,500,41,0,26.45,8.0,2,넓은 신축급 분리형  빠른입주,https://www.zigbang.com/home/apt/items/50294623
2026-09-06 08:01:58,원룸,50090425,월세,01,경기도 이천시 마장면 이치리,이천시,마장면,300,50,0,21,6.35,2,즉시입주  풀옵션  엘베 유  회사환영,https://www.zigbang.com/home/apt/items/50090425
2026-09-06 08:01:58,원룸,50191585,월세,01,경기도 이천시 마장면 이치리,이천시,마장면,1000,70,0,39.67,12.0,3,롯데아울렛 인근 풀옵션빌트인 1.5룸 월세,https://www.zigbang.com/home/apt/items/50191585
2026-09-06 08:01:58,원룸,50269158,전세,02,경기도 이천시 모가면 진가리,이천시,모가면,5500,0,0,25.79,7.8,2,모가면 신축 원룸 보증금조절 가능,https://www.zigbang.com/home/apt/items/50269158
2026-09-06 08:01:58,원룸,50269164,월세,02,경기도 이천시 모가면 진가리,이천시,모가면,500,45,0,25.79,7.8,2,모가면 신축 원룸 보증금조절가능,https://www.zigbang.com/home/apt/items/50269164
2026-09-06 08:01:58,원룸,50269183,월세,02,경기도 이천시 모가면 진가리,이천시,모가면,3000,25,0,25.79,7.8,2,모가면 신축원룸 보증금조절 가능,https://www.zigbang.com/home/apt/items/50269183
2026-09-06 08:01:58,원룸,50244795,월세,01,경기도 이천시 장호원읍 장호원리,이천시,장호원읍,300,50,0,35,10.59,2,장호원읍사무소 인근 1.5룸,https://www.zigbang.com/home/apt/items/50244795
2026-09-06 08:01:59,원룸,49878096,월세,02,경기도 이천시 장록동,이천시,장록동,500,40,0,23.14,7.0,2,주차공간 넉넉한 분리형 원룸 입니다,https://www.zigbang.com/home/apt/items/49878096
2026-09-06 08:01:59,원룸,49904083,전세,02,경기도 이천시 부발읍 신하리,이천시,부발읍,5000,0,0,24.79,7.5,4,신하리  오비맥주인근 보증보험가능한 풀옵션분리형 전세,https://www.zigbang.com/home/apt/items/49904083
2026-09-06 08:01:59,원룸,50030730,월세,02,경기도 이천시 장록동,이천시,장록동,2500,36,0,33.06,10.0,3,장록동 1.5룸 풀옵션. 주차 편해요,https://www.zigbang.com/home/apt/items/50030730
2026-09-06 08:01:59,원룸,50054248,월세,01,경기도 이천시 부발읍 가좌리,이천시,부발읍,1000,48,0,24,7.26,1,하이닉스 후문 인근 신축급 풀옵션 원룸,https://www.zigbang.com/home/apt/items/50054248
2026-09-06 08:01:59,원룸,50113650,월세,01,경기도 이천시 고담동,이천시,고담동,300,43,0,23.14,7.0,3,풀옵션 가성비짱 인기짱 옵션끝판왕,https://www.zigbang.com/home/apt/items/50113650
2026-09-06 08:01:59,원룸,50144373,전세,02,경기도 이천시 고담동,이천시,고담동,5500,0,0,19.2,5.81,2,보증보험 가입하는 신축급 풀옵션 분리형 원룸,https://www.zigbang.com/home/apt/items/50144373
2026-09-06 08:01:59,원룸,50173165,월세,02,경기도 이천시 부발읍 가좌리,이천시,부발읍,500,42,0,23.14,7.0,2,이천시 가좌리 주차 편하고 월세 반전세 모두 가능한 원룸,https://www.zigbang.com/home/apt/items/50173165
2026-09-06 08:01:59,원룸,50229780,전세,02,경기도 이천시 율현동,이천시,율현동,7000,0,0,19.8,5.99,2,이천역 도보가능. 편의점 있어 거주하기 편리한 원룸 전세,https://www.zigbang.com/home/apt/items/50229780
2026-09-06 08:01:59,원룸,50255584,월세,02,경기도 이천시 장록동,이천시,장록동,500,53,0,33.06,10.0,2,주차 가능한 1.5룸에 거주하세요,https://www.zigbang.com/home/apt/items/50255584
2026-09-06 08:01:59,원룸,50255789,월세,02,경기도 이천시 장록동,이천시,장록동,2500,30,0,33.06,10.0,4,"보증금 조절 가능, 주차 넉넉한 1.5룸 월세",https://www.zigbang.com/home/apt/items/50255789
2026-09-06 08:01:59,원룸,50263907,월세,02,경기도 이천시 부발읍 가좌리,이천시,부발읍,300,45,0,26.45,8.0,4,하이닉스 후문 도보가능 풀옵션,https://www.zigbang.com/home/apt/items/50263907
2026-09-06 08:01:59,원룸,50288159,월세,01,경기도 이천시 고담동,이천시,고담동,500,42,0,23.14,7.0,2,이천시 고담동 엘베있고 수납좋은 원룸 월세,https://www.zigbang.com/home/apt/items/50288159
2026-09-06 08:01:59,원룸,50288578,월세,02,경기도 이천시 부발읍 신하리,이천시,부발읍,2000,40,0,26.45,8.0,3,이천시 신하리 다이소뒷쪽 1.5룸 월세,https://www.zigbang.com/home/apt/items/50288578
2026-09-06 08:01:59,원룸,50288623,월세,02,경기도 이천시 부발읍 신하리,이천시,부발읍,500,50,0,26.45,8.0,2,이천시 신하리 다이소뒷쪽 넓은 분리형원룸월세,https://www.zigbang.com/home/apt/items/50288623
2026-09-06 08:01:59,원룸,50290937,월세,02,경기도 이천시 장록동,이천시,장록동,2500,30,0,34,10.28,4,"추천 넓은 1.5룸, 보증금조절가능, 주차좋아요",https://www.zigbang.com/home/apt/items/50290937
2026-09-06 08:01:59,원룸,50166451,월세,01,경기도 이천시 부발읍,이천시,부발읍,500,45,0,23.14,7.0,2,신축 풀옵션 즉시입주,https://www.zigbang.com/home/apt/items/50166451
2026-09-06 08:01:59,원룸,50251593,전세,02,경기도 이천시 대월면 사동리,이천시,대월면,5000,0,0,23.14,7.0,2,사동리 빠른협의입주 가능한 풀옵션 원룸. 전세자금대출동의,https://www.zigbang.com/home/apt/items/50251593
2026-09-06 08:01:59,원룸,50251614,전세,02,경기도 이천시 대월면 사동리,이천시,대월면,5000,0,0,24.19,7.32,4,"SK하이닉스 인근 풀옵션 원룸. 반전세매물, 전세도 가능",https://www.zigbang.com/home/apt/items/50251614
2026-09-06 08:01:59,원룸,50153908,전세,02,경기도 여주시 가남읍 태평리,여주시,가남읍,5000,0,0,27.6,8.35,3,가남 태평리 시내권에 속한 즉시 입주 가능한 1.5룸,https://www.zigbang.com/home/apt/items/50153908
2026-09-06 08:01:59,원룸,50180591,월세,02,경기도 여주시 가남읍 태평리,여주시,가남읍,500,40,0,24.21,7.32,2,태평리 풀옵션 원룸 남향,https://www.zigbang.com/home/apt/items/50180591
2026-09-06 08:01:59,원룸,50236675,월세,02,경기도 여주시 가남읍 태평리,여주시,가남읍,50,50,0,31.4,9.5,2,태평리 풀옵션 큰 1.5룸,https://www.zigbang.com/home/apt/items/50236675
2026-09-06 08:01:59,원룸,50247498,월세,02,경기도 여주시 가남읍 태평리,여주시,가남읍,2000,25,0,23.97,7.25,1,태평리 풀옵션 원룸 반전세,https://www.zigbang.com/home/apt/items/50247498
2026-09-06 08:01:59,원룸,50269029,월세,02,경기도 여주시 가남읍 태평리,여주시,가남읍,500,40,0,23.98,7.25,2,태평리 터미널 위 중심생활권 분리형 원룸,https://www.zigbang.com/home/apt/items/50269029
2026-09-06 08:01:59,원룸,50277028,월세,02,경기도 여주시 가남읍 태평리,여주시,가남읍,500,45,0,33.05,10.0,4,터미널바로뒤 방넓고 주방넓은  풀옵션 1.5룸 월세,https://www.zigbang.com/home/apt/items/50277028
2026-09-06 08:01:59,원룸,50277414,월세,02,경기도 여주시 가남읍 태평리,여주시,가남읍,500,40,0,33.05,10.0,2,가남초등학교 부근 풀옵션 1.5룸 월세,https://www.zigbang.com/home/apt/items/50277414
2026-09-06 08:01:59,원룸,50282045,전세,02,경기도 여주시 가남읍 태평리,여주시,가남읍,5000,0,0,28,8.47,3,태평리 풀옵션 1.5룸 전세,https://www.zigbang.com/home/apt/items/50282045
2026-09-06 08:01:59,원룸,50227296,월세,01,경기도 이천시 모가면 소사리,이천시,모가면,500,40,0,23,6.96,3,"8월말 입주가능, 넓은 오픈형원룸입니다",https://www.zigbang.com/home/apt/items/50227296
2026-09-06 08:01:59,원룸,50235303,전세,02,충청북도 음성군 음성읍 읍내리,음성군,음성읍,4500,0,0,39.67,12.0,3,방넓은 1.5룸 반전세.월세 가능함 보증금조율가능,https://www.zigbang.com/home/apt/items/50235303
2026-09-06 08:02:00,원룸,50185259,월세,01,충청북도 충주시 대소원면 완오리,충주시,대소원면,300,35,0,23.14,7.0,5,"첨단지역 도보 출근 가능 지역, 즉시 입주 가능",https://www.zigbang.com/home/apt/items/50185259
2026-09-06 08:02:00,원룸,50219031,월세,02,충청북도 충주시 대소원면 완오리,충주시,대소원면,300,35,0,16.72,5.06,5,유한킴벌리 앞 풀옵션 원룸 월세입니다.,https://www.zigbang.com/home/apt/items/50219031
2026-09-06 08:02:00,원룸,50220131,월세,02,충청북도 충주시 용두동,충주시,용두동,100,30,0,23,6.96,1,"교통대앞,풀옵션,즉시입주",https://www.zigbang.com/home/apt/items/50220131
2026-09-06 08:02:00,원룸,49926911,월세,02,충청북도 충주시 호암동,충주시,호암동,500,51,0,34.91,10.56,3,ㄴ호암택지 신축 투베이ㄱ,https://www.zigbang.com/home/apt/items/49926911
2026-09-06 08:02:00,원룸,50114431,월세,02,충청북도 충주시 호암동,충주시,호암동,500,61,0,31.43,9.51,2,ㄴ호암동 넓은 대형 투베이ㄱ,https://www.zigbang.com/home/apt/items/50114431
2026-09-06 08:02:00,원룸,50130700,월세,03,충청북도 충주시 호암동,충주시,호암동,600,56,0,48.5,14.67,2,ㄴ호암동 낭만 복층 투베이ㄱ,https://www.zigbang.com/home/apt/items/50130700
2026-09-06 08:02:00,원룸,50137404,월세,01,충청북도 충주시 호암동,충주시,호암동,630,55,0,31.37,9.49,2,ㄴ호암동 굿인테리어 투베이급ㄱ,https://www.zigbang.com/home/apt/items/50137404
2026-09-06 08:02:00,원룸,50170869,월세,02,충청북도 충주시 호암동,충주시,호암동,500,41,0,23.14,7.0,3,예쁜오피스텔형원룸,https://www.zigbang.com/home/apt/items/50170869
2026-09-06 08:02:00,원룸,50180327,월세,02,충청북도 충주시 호암동,충주시,호암동,1000,71,0,31.64,9.57,3,"호암지구, 남향 풀옵션 투베이, 조용한 주택가, 슬세권",https://www.zigbang.com/home/apt/items/50180327
2026-09-06 08:02:00,원룸,50243701,월세,02,충청북도 충주시 호암동,충주시,호암동,1000,71,0,31.64,9.57,3,ㄴ파우더룸 따로 있는 넓은 호암동 신축ㄱ,https://www.zigbang.com/home/apt/items/50243701
2026-09-06 08:02:00,원룸,50286179,월세,02,충청북도 충주시 호암동,충주시,호암동,1000,56,0,35.38,10.7,2,"호암동 버거킹 부근 투베이, 건대통학, 서충주 출퇴근 최적",https://www.zigbang.com/home/apt/items/50286179
2026-09-06 08:02:01,원룸,49962060,월세,01,충청북도 충주시 목행동,충주시,목행동,200,30,0,23.14,7.0,4,"목행동 산단 출퇴근 5분, 넓은 주차장, 즉시입주 가능",https://www.zigbang.com/home/apt/items/49962060
2026-09-06 08:02:02,원룸,50233952,월세,01,강원도 원주시 부론면 노림리,원주시,부론면,50,35,0,33.05,10.0,1,밥심 l 10월 25일 I 건조기 풀옵션 I 1층 편한 집,https://www.zigbang.com/home/apt/items/50233952
2026-09-06 08:02:04,원룸,49968129,전세,01,경기도 안산시 단원구 초지동,안산시 단원구,초지동,7800,0,0,52.59,15.91,저,"YY신축급,원룸형오피,컨디션좋아요,안전한전세,보증보험oK",https://www.zigbang.com/home/apt/items/49968129
2026-09-06 08:02:04,원룸,50042997,월세,02,경기도 안산시 단원구 초지동,안산시 단원구,초지동,2000,60,0,57,17.24,18,풀옵션 복층형 1.5룸형 오피스텔.,https://www.zigbang.com/home/apt/items/50042997
2026-09-06 08:02:04,원룸,50105626,월세,03,경기도 안산시 단원구 초지동,안산시 단원구,초지동,500,55,0,47,14.22,12,풀옵션 복층형 원룸 오피스텔.,https://www.zigbang.com/home/apt/items/50105626
2026-09-06 08:02:04,원룸,50179390,월세,03,경기도 안산시 단원구 초지동,안산시 단원구,초지동,100,70,0,47.88,14.48,9,RR오션의 복층원룸  단기,https://www.zigbang.com/home/apt/items/50179390
2026-09-06 08:02:04,원룸,50227483,월세,02,경기도 안산시 단원구 초지동,안산시 단원구,초지동,1000,65,0,56.44,17.07,18,WoW 완전넓은복층 이런방 어디에도 없어요v,https://www.zigbang.com/home/apt/items/50227483
2026-09-06 08:02:04,원룸,50227503,월세,01,경기도 안산시 단원구 초지동,안산시 단원구,초지동,100,65,0,52.59,15.91,중,"ꕣ 떳다,귀한 원룸형 오피스텔 단기방. 어서오세요 ꕣ",https://www.zigbang.com/home/apt/items/50227503
2026-09-06 08:02:04,원룸,50250002,월세,03,경기도 안산시 단원구 초지동,안산시 단원구,초지동,1000,46,0,45.78,13.85,14,ㄱㄱ깔끔한 남향 복층 원룸 월세,https://www.zigbang.com/home/apt/items/50250002
2026-09-06 08:02:04,원룸,50273068,월세,03,경기도 안산시 단원구 초지동,안산시 단원구,초지동,500,55,0,49.32,14.92,고,00빠른입주 밝은남향 위너스오션 복층형  원룸00,https://www.zigbang.com/home/apt/items/50273068
2026-09-06 08:02:04,원룸,50276754,월세,02,경기도 안산시 단원구 초지동,안산시 단원구,초지동,500,65,0,69,20.87,9,"풀옵션 방1개 넓은거실 1,5룸형 오피스텔.",https://www.zigbang.com/home/apt/items/50276754
2026-09-06 08:02:04,원룸,50277833,월세,01,경기도 안산시 단원구 초지동,안산시 단원구,초지동,500,45,0,46,13.91,9,풀옵션 원룸형 오피스텔.,https://www.zigbang.com/home/apt/items/50277833
2026-09-06 08:02:04,원룸,50118114,월세,02,경기도 안산시 상록구 일동,안산시 상록구,일동,300,29,0,23.14,7.0,2,가성비굿o저념한월세o1대학인근o채광굿,https://www.zigbang.com/home/apt/items/50118114
2026-09-06 08:02:04,원룸,50231567,월세,02,경기도 안산시 상록구 일동,안산시 상록구,일동,200,30,0,26.45,8.0,1,최저가 신축급 리모델링  주방분리 통베란다 있는 원룸입니다,https://www.zigbang.com/home/apt/items/50231567
2026-09-06 08:02:04,원룸,50269896,월세,01,경기도 안산시 상록구 일동,안산시 상록구,일동,100,45,0,23.14,7.0,1,애견가능한 저렴한 원룸,https://www.zigbang.com/home/apt/items/50269896
2026-09-06 08:02:05,원룸,50020646,월세,02,경기도 시흥시 장현동,시흥시,장현동,1000,80,0,95.5,28.89,7,"전입불가, 신축 1.5룸 오피스텔입니다. 시흥시청역 도보권",https://www.zigbang.com/home/apt/items/50020646
2026-09-06 08:02:05,원룸,50101607,월세,02,경기도 시흥시 장현동,시흥시,장현동,5000,50,0,22.83,6.91,2,"전입 가능, 신축 1.5룸 오피스텔입니다.",https://www.zigbang.com/home/apt/items/50101607
2026-09-06 08:02:05,원룸,50215130,전세,02,경기도 시흥시 장현동,시흥시,장현동,22000,0,0,95.5,28.89,10,"전입가능, 신축 오피스텔, 시흥시청역 도보권",https://www.zigbang.com/home/apt/items/50215130
2026-09-06 08:02:05,원룸,49923740,월세,02,경기도 안양시 만안구 안양동,안양시 만안구,안양동,1000,45,0,19.83,6.0,2,원룸월세  분리형원룸 풀옵션 완전 깔끔한 원룸,https://www.zigbang.com/home/apt/items/49923740
2026-09-06 08:02:05,원룸,49976696,월세,01,경기도 안산시 상록구 장상동,안산시 상록구,장상동,300,30,0,16,4.84,1,"저렴한 원룸, 풀옵션, 즉시 입주 가능",https://www.zigbang.com/home/apt/items/49976696
2026-09-06 08:02:05,원룸,50176607,월세,01,경기도 안산시 상록구 수암동,안산시 상록구,수암동,200,42,0,16.5,4.99,3,"넓은 원룸, 엘베, 주차장 완비, 즉시 입주 가능, 풀옵션",https://www.zigbang.com/home/apt/items/50176607
2026-09-06 08:02:05,원룸,50195945,월세,01,인천시 서해구 원창동,서해구,원창동,200,30,0,17,5.14,3,"깔끔한 풀옵션 원룸, 즉시입주,협의ok",https://www.zigbang.com/home/apt/items/50195945
2026-09-06 08:02:05,원룸,50280617,월세,01,인천시 서해구 원창동,서해구,원창동,300,40,0,23.5,7.11,3,엘베있는 깔끔한 준신축 원룸 거주중,https://www.zigbang.com/home/apt/items/50280617
2026-09-06 08:02:05,원룸,50213057,월세,03,인천시 영종구 중산동,영종구,중산동,200,40,0,39,11.8,중,十시티뷰 十최저가월세十내부컨디션좋음十빠른입주가능十,https://www.zigbang.com/home/apt/items/50213057
2026-09-06 08:02:05,원룸,50213078,월세,03,인천시 영종구 중산동,영종구,중산동,200,40,0,40,12.1,고,十풀옵션十내부컨디션좋음十최저가월세十빠른입주가능十,https://www.zigbang.com/home/apt/items/50213078
2026-09-06 08:02:05,원룸,50213138,월세,03,인천시 영종구 중산동,영종구,중산동,200,50,0,39,11.8,고,十전면오션뷰十빠른입주가능十내부컨디션좋음十,https://www.zigbang.com/home/apt/items/50213138
2026-09-06 08:02:05,원룸,50216529,월세,03,인천시 영종구 중산동,영종구,중산동,200,45,0,35,10.59,중,대각선 바다뷰 신축 풀옵션 복층,https://www.zigbang.com/home/apt/items/50216529
2026-09-06 08:02:05,원룸,50221620,월세,01,인천시 영종구 중산동,영종구,중산동,200,33,0,66.12,20.0,고,탁트인  바다뷰 침대풀옵션ㆍ6개월시 35,https://www.zigbang.com/home/apt/items/50221620
2026-09-06 08:02:05,원룸,50236157,월세,01,인천시 영종구 중산동,영종구,중산동,300,44,0,24,7.26,중,전입가능 . 초저가,https://www.zigbang.com/home/apt/items/50236157
2026-09-06 08:02:05,원룸,50245987,월세,03,인천시 영종구 중산동,영종구,중산동,300,40,0,21.7,6.56,8,전입 가능 복층  북서향 시티뷰 주차가능,https://www.zigbang.com/home/apt/items/50245987
2026-09-06 08:02:05,원룸,50250272,월세,01,인천시 영종구 중산동,영종구,중산동,300,40,0,39.67,12.0,중,탁트인 시티뷰  고층 ㆍ테라스  풀옵션,https://www.zigbang.com/home/apt/items/50250272
2026-09-06 08:02:05,원룸,50257809,월세,03,인천시 영종구 중산동,영종구,중산동,300,35,0,44.88,13.58,중,"KK즉시입주가능,복층 테라스 시티뷰, 풀옵션, 노을맛집KK",https://www.zigbang.com/home/apt/items/50257809
2026-09-06 08:02:05,원룸,50262273,월세,01,인천시 영종구 중산동,영종구,중산동,300,40,0,42.29,12.79,21,"신축, 원룸, 풀옵션, 테라스O, 드레스룸O, 즉시 입주",https://www.zigbang.com/home/apt/items/50262273
2026-09-06 08:02:05,원룸,50262288,월세,01,인천시 영종구 중산동,영종구,중산동,200,40,0,41.58,12.58,고,"신축, 원룸, 풀옵션, 남동향, 파노라마 오션뷰, 단기O",https://www.zigbang.com/home/apt/items/50262288
2026-09-06 08:02:05,원룸,50262301,월세,03,인천시 영종구 중산동,영종구,중산동,300,35,0,44.88,13.58,중,"신축, 복층형원룸, 시티뷰 테라스O, 단기 가능, 즉시입주",https://www.zigbang.com/home/apt/items/50262301
2026-09-06 08:02:05,원룸,50262576,월세,03,인천시 영종구 중산동,영종구,중산동,200,45,0,38.69,11.7,고,"신축, 복층형원룸, 남서향, 단기 가능, 즉시 입주",https://www.zigbang.com/home/apt/items/50262576
2026-09-06 08:02:05,원룸,50265724,월세,01,인천시 영종구 중산동,영종구,중산동,500,70,0,39.13,11.84,17,"오션뷰 복층형 원룸 , 인스파이어 가까움",https://www.zigbang.com/home/apt/items/50265724
2026-09-06 08:02:06,원룸,49453004,월세,02,경기도 김포시 양촌읍 학운리,김포시,양촌읍,300,40,0,27,8.17,2,ㅁ분리형 남향집 1.5룸 ㅁ,https://www.zigbang.com/home/apt/items/49453004
2026-09-06 08:02:06,원룸,49921295,월세,02,경기도 김포시 양촌읍 학운리,김포시,양촌읍,300,30,0,29.75,9.0,4,"대형 베란다, 1.5룸 방큼,  베란다넓음, 애완동물 가능",https://www.zigbang.com/home/apt/items/49921295
2026-09-06 08:02:06,원룸,49998459,월세,01,경기도 김포시 양촌읍 학운리,김포시,양촌읍,300,30,0,19.83,6.0,4,엘베있는 신축 풀원룸,https://www.zigbang.com/home/apt/items/49998459
2026-09-06 08:02:06,원룸,50039145,월세,03,경기도 김포시 양촌읍 학운리,김포시,양촌읍,300,33,0,19.83,6.0,3,학운산업단지내 인기 있는 복층 원룸입니다.,https://www.zigbang.com/home/apt/items/50039145
2026-09-06 08:02:06,원룸,50039154,월세,01,경기도 김포시 양촌읍 학운리,김포시,양촌읍,300,30,0,19.83,6.0,3,오피스텔구조 뷰가 좋은 방,https://www.zigbang.com/home/apt/items/50039154
2026-09-06 08:02:06,원룸,50072672,월세,01,경기도 김포시 양촌읍 학운리,김포시,양촌읍,300,30,0,20,6.05,2,신축원룸 혼자살기좋아요,https://www.zigbang.com/home/apt/items/50072672
2026-09-06 08:02:06,원룸,50072826,월세,02,경기도 김포시 양촌읍 학운리,김포시,양촌읍,500,52,0,35,10.59,3,방거실모두큰집,https://www.zigbang.com/home/apt/items/50072826
2026-09-06 08:02:06,원룸,50082782,월세,01,경기도 김포시 양촌읍 학운리,김포시,양촌읍,300,30,0,19.83,6.0,3,산업단지내 방이큰 신축원룸,https://www.zigbang.com/home/apt/items/50082782
2026-09-06 08:02:06,원룸,50086141,월세,02,경기도 김포시 양촌읍 학운리,김포시,양촌읍,300,40,0,29.75,9.0,2,ㅁ3중창에 엘베있는 최고급옵션ㅁ,https://www.zigbang.com/home/apt/items/50086141
2026-09-06 08:02:06,원룸,50143052,월세,02,경기도 김포시 양촌읍 학운리,김포시,양촌읍,500,46,0,26.4,7.99,3,"넓은거실 1.5룸, 엘리베이터有",https://www.zigbang.com/home/apt/items/50143052
2026-09-06 08:02:06,원룸,50168196,월세,01,경기도 김포시 양촌읍 학운리,김포시,양촌읍,300,30,0,20,6.05,3,빌트인 수납짱 원룸,https://www.zigbang.com/home/apt/items/50168196
2026-09-06 08:02:06,원룸,50221771,월세,02,경기도 김포시 양촌읍 학운리,김포시,양촌읍,300,30,0,19.83,6.0,3,산업단지내 신축 풀옵션 분리형 원룸,https://www.zigbang.com/home/apt/items/50221771
2026-09-06 08:02:06,원룸,50241299,월세,02,경기도 김포시 양촌읍 학운리,김포시,양촌읍,500,32,0,26.44,8.0,3,"월세 저렴한 산업단지내 1.5룸, 엘베 있어요",https://www.zigbang.com/home/apt/items/50241299
2026-09-06 08:02:06,원룸,50272334,월세,02,경기도 김포시 양촌읍 학운리,김포시,양촌읍,300,40,0,30,9.07,3,거실넓은 1.5,https://www.zigbang.com/home/apt/items/50272334
2026-09-06 08:02:06,원룸,49724405,월세,02,인천시 검단구 오류동,검단구,오류동,2500,60,0,40,12.1,2,"검단오류역, 완전신축급, 컨디션좋은 방",https://www.zigbang.com/home/apt/items/49724405
2026-09-06 08:02:06,원룸,49980146,월세,04,인천시 검단구 오류동,검단구,오류동,500,90,0,100,30.25,고,3룸 신축급 6년차 옵션 자유,https://www.zigbang.com/home/apt/items/49980146
2026-09-06 08:02:06,원룸,50199065,월세,05,인천시 검단구 오류동,검단구,오류동,500,90,0,100,30.25,고,3룸 신축급 6년차 옵션 자유,https://www.zigbang.com/home/apt/items/50199065
2026-09-06 08:02:08,원룸,50298940,월세,02,경기도 부천시 원미구 심곡동,부천시 원미구,심곡동,1000,85,0,67.68,20.47,고,o신축급 1.5룸 풀옵션o,https://www.zigbang.com/home/apt/items/50298940
2026-09-06 08:02:09,원룸,50160589,월세,01,인천시 계양구 용종동,계양구,용종동,100,31,0,26.45,8.0,3,용종동풀옵션 리모델링 원룸,https://www.zigbang.com/home/apt/items/50160589
2026-09-06 08:02:10,원룸,50139770,월세,02,경기도 김포시 고촌읍 신곡리,김포시,고촌읍,350,63,0,45.97,13.91,10,"고촌역세권, 업무용, 풀옵션 오피스텔",https://www.zigbang.com/home/apt/items/50139770
2026-09-06 08:02:10,원룸,50140278,월세,04,경기도 김포시 고촌읍 신곡리,김포시,고촌읍,4000,160,0,129.14,39.06,15,"전용17.7p 주거용 풀옵션 오피스텔, 즉시 입주가능",https://www.zigbang.com/home/apt/items/50140278
2026-09-06 08:02:10,원룸,50253851,전세,02,경기도 김포시 고촌읍 신곡리,김포시,고촌읍,16000,0,0,56.77,17.17,고,"보증보험ok, 전입가능한 주거용1.5룸 고촌역3분거리",https://www.zigbang.com/home/apt/items/50253851
2026-09-06 08:02:10,원룸,50269315,월세,02,경기도 김포시 고촌읍 신곡리,김포시,고촌읍,1000,73,0,63.09,19.08,고,"고촌역세권, 주거용, 풀옵션 오피스텔",https://www.zigbang.com/home/apt/items/50269315
2026-09-06 08:02:10,원룸,50078536,월세,03,서울시 강서구 방화동,강서구,방화동,8500,25,0,43.63,13.2,10,io올리모델링o 채광뷰 굿 복층,https://www.zigbang.com/home/apt/items/50078536
2026-09-06 08:02:11,원룸,50298662,전세,02,서울시 마포구 서교동,마포구,서교동,9000,0,0,30.08,9.1,2,나왔다 전세 넓고 깔끄미 분리형 원룸,https://www.zigbang.com/home/apt/items/50298662
2026-09-06 08:02:11,원룸,50299359,월세,02,서울시 영등포구 양평동4가,영등포구,양평동4가,2000,81,0,30.94,9.36,5,S 풀옵션1.5룸 전입O 선유도 위치 가격대백 매물,https://www.zigbang.com/home/apt/items/50299359
2026-09-06 08:02:11,원룸,50299780,월세,02,서울시 영등포구 당산동6가,영등포구,당산동6가,2000,60,0,19.81,5.99,5,당산역 코 앞 채광좋고 깔끔한 분리형 원룸 빨리오세요,https://www.zigbang.com/home/apt/items/50299780
2026-09-06 08:02:11,원룸,50301244,월세,01,서울시 영등포구 당산동6가,영등포구,당산동6가,2000,52,0,,,6,당산동 역세권 베란다딸린 가성비 1등 일단 클릭 선착순,https://www.zigbang.com/home/apt/items/50301244
2026-09-06 08:02:11,원룸,50301611,월세,01,서울시 영등포구 당산동6가,영등포구,당산동6가,2000,42,0,20.17,6.1,7,"2,9호선 당산역 역세권 인기매물",https://www.zigbang.com/home/apt/items/50301611
2026-09-06 08:02:11,원룸,50302041,전세,04,서울시 강서구 염창동,강서구,염창동,26700,0,0,40.1,12.13,저,"청년버팀목,보증보험ok.염창역.신축급.풀옵션2룸",https://www.zigbang.com/home/apt/items/50302041
2026-09-06 08:02:12,원룸,50011399,전세,01,경기도 수원시 권선구 금곡동,수원시 권선구,금곡동,8000,0,0,51.48,15.57,중,세종타운 오픈형 원룸 주거용 귀한전세입니다,https://www.zigbang.com/home/apt/items/50011399
2026-09-06 08:02:12,원룸,50084967,월세,01,경기도 수원시 권선구 금곡동,수원시 권선구,금곡동,500,50,0,51.48,15.57,10,세종타운 오픈형 원룸 전입안되요,https://www.zigbang.com/home/apt/items/50084967
2026-09-06 08:02:12,원룸,50086015,월세,01,경기도 수원시 권선구 금곡동,수원시 권선구,금곡동,100,80,0,85.77,25.95,5,.R.테라스있는 깔끔 오피스텔 단기o 주단위o,https://www.zigbang.com/home/apt/items/50086015
2026-09-06 08:02:12,원룸,50099776,월세,01,경기도 수원시 권선구 호매실동,수원시 권선구,호매실동,1500,37,0,28.04,8.48,3,꺠끗하고 조용한 주택입니다.,https://www.zigbang.com/home/apt/items/50099776
2026-09-06 08:02:12,원룸,50174125,전세,03,경기도 수원시 권선구 금곡동,수원시 권선구,금곡동,12000,0,0,53.4,16.15,중,동광뷰엘 복층형 원룸 쾌적하고 살기좋아요 드레스룸 최고,https://www.zigbang.com/home/apt/items/50174125
2026-09-06 08:02:12,원룸,50180281,월세,02,경기도 수원시 권선구 금곡동,수원시 권선구,금곡동,1000,90,0,73,22.08,중,"ACE,예쁜집,방따로1.5룸에 알파룸까지.",https://www.zigbang.com/home/apt/items/50180281
2026-09-06 08:02:12,원룸,50203561,월세,01,경기도 수원시 권선구 금곡동,수원시 권선구,금곡동,3000,40,0,41,12.4,중,"ACE,초저렴귀한반전세,전입,넓은원룸 복층,드레스룸,",https://www.zigbang.com/home/apt/items/50203561
2026-09-06 08:02:12,원룸,50228339,전세,03,경기도 수원시 권선구 금곡동,수원시 권선구,금곡동,12500,0,0,58,17.54,9,"ACE,전입,전세대출,보증보험,복층넓은원룸.드레스룸구비",https://www.zigbang.com/home/apt/items/50228339
2026-09-06 08:02:12,원룸,50245133,월세,01,경기도 수원시 권선구 금곡동,수원시 권선구,금곡동,500,68,0,64,19.36,고,"ACE,트인전망,전입,넓은원룸복층,별도드레스룸",https://www.zigbang.com/home/apt/items/50245133
2026-09-06 08:02:12,원룸,50247383,월세,03,경기도 수원시 권선구 금곡동,수원시 권선구,금곡동,240,80,0,43.38,13.12,3,.R.1.5룸 복층 단기계약o 전입o 풀옵션,https://www.zigbang.com/home/apt/items/50247383
2026-09-06 08:02:12,원룸,50275543,전세,02,경기도 수원시 권선구 금곡동,수원시 권선구,금곡동,13000,0,0,62,18.75,고,"ACE,특전망,슬라이딩1.5룸,트윈복층,전세대출,보증보험",https://www.zigbang.com/home/apt/items/50275543
2026-09-06 08:02:12,원룸,50281890,월세,01,경기도 수원시 권선구 금곡동,수원시 권선구,금곡동,2000,53,0,58,17.54,5,세종타운 주거용 큰방입니다,https://www.zigbang.com/home/apt/items/50281890
2026-09-06 08:02:14,원룸,50298613,월세,01,경기도 수원시 영통구 원천동,수원시 영통구,원천동,500,43,0,19.83,6.0,3,8아주대 법원사거리 인근 교통 좋은 가성비원룸8,https://www.zigbang.com/home/apt/items/50298613
2026-09-06 08:02:14,원룸,50298812,월세,01,경기도 수원시 영통구 매탄동,수원시 영통구,매탄동,500,43,0,23.14,7.0,2,주차가능Oㅣ깔끔원룸Oㅣ화이트톤Oㅣ구조굿Oㅣ직장인O,https://www.zigbang.com/home/apt/items/50298812
2026-09-06 08:02:14,원룸,50299691,월세,02,경기도 수원시 영통구 매탄동,수원시 영통구,매탄동,100,18,0,20,6.05,1,즉시입주 주소이전가능,https://www.zigbang.com/home/apt/items/50299691
2026-09-06 08:02:14,원룸,50299716,전세,01,경기도 수원시 영통구 매탄동,수원시 영통구,매탄동,2000,0,0,20,6.05,1,1층 방1  풀옵션 즉시입주 융자무,https://www.zigbang.com/home/apt/items/50299716
2026-09-06 08:02:14,원룸,50299996,월세,01,경기도 용인시 수지구 상현동,용인시 수지구,상현동,1000,80,0,63.65,19.25,중,귀한 밝고 깔끔한 큰방. 전입가능. 입주협의.상현역초역세권,https://www.zigbang.com/home/apt/items/50299996
2026-09-06 08:02:14,원룸,50301040,월세,01,경기도 수원시 영통구 원천동,수원시 영통구,원천동,100,40,0,19.83,6.0,2,ꯁㅣ단기가능ㅣ대리석바닥ㅣꯁ,https://www.zigbang.com/home/apt/items/50301040
2026-09-06 08:02:15,원룸,50015172,월세,01,경기도 용인시 수지구 성복동,용인시 수지구,성복동,500,61,0,69.03,20.88,2,"성복역 역세권,롯데몰 3분거리, 생활편의시설 풍부",https://www.zigbang.com/home/apt/items/50015172
2026-09-06 08:02:15,원룸,50024225,월세,01,경기도 용인시 수지구 풍덕천동,용인시 수지구,풍덕천동,5000,65,0,42.94,12.99,16,"전입가능,주거용오피스텔,융무,빠른입주가능",https://www.zigbang.com/home/apt/items/50024225
2026-09-06 08:02:15,원룸,50168171,월세,01,경기도 용인시 수지구 풍덕천동,용인시 수지구,풍덕천동,9000,45,0,42.94,12.99,13,"8월중입주희망,전입가능한주거용오피스텔",https://www.zigbang.com/home/apt/items/50168171
2026-09-06 08:02:15,원룸,50216337,월세,02,경기도 용인시 수지구 신봉동,용인시 수지구,신봉동,5000,30,0,30,9.07,1,신축급 매우 넓은 분리형원룸 입니다.,https://www.zigbang.com/home/apt/items/50216337
2026-09-06 08:02:15,원룸,50252691,월세,01,경기도 용인시 수지구 풍덕천동,용인시 수지구,풍덕천동,500,79,0,42.94,12.99,6,"즉시입주,성복역도보5분거리,공실없는오피스텔",https://www.zigbang.com/home/apt/items/50252691
2026-09-06 08:02:15,원룸,50292641,월세,01,경기도 용인시 수지구 풍덕천동,용인시 수지구,풍덕천동,1000,83,0,42.94,12.99,4,"융무,전입가능, 즉시입주,입주청소완료",https://www.zigbang.com/home/apt/items/50292641
2026-09-06 08:02:15,원룸,50299487,월세,01,경기도 군포시 당정동,군포시,당정동,5000,49,0,26.45,8.0,5,군포역세권 신축오피스텔,https://www.zigbang.com/home/apt/items/50299487
2026-09-06 08:02:15,원룸,50299630,월세,02,경기도 군포시 금정동,군포시,금정동,500,45,0,27,8.17,3,금정역인근 올수리한 분리형 풀옵션 원룸,https://www.zigbang.com/home/apt/items/50299630
2026-09-06 08:02:15,원룸,50299698,월세,01,경기도 군포시 산본동,군포시,산본동,500,40,0,26.45,8.0,2,금정역인근 깨끗한  풀옵션 원룸,https://www.zigbang.com/home/apt/items/50299698
2026-09-06 08:02:15,원룸,50299999,월세,02,경기도 군포시 산본동,군포시,산본동,300,26,0,22,6.65,옥탑방,금정역 6분거리,https://www.zigbang.com/home/apt/items/50299999
2026-09-06 08:02:15,원룸,50300964,월세,02,경기도 군포시 금정동,군포시,금정동,500,30,0,17,5.14,2,"금정새마을금고.영화아파트옆,금정산본도보20분",https://www.zigbang.com/home/apt/items/50300964
2026-09-06 08:02:15,원룸,50301518,월세,02,경기도 군포시 금정동,군포시,금정동,300,30,0,33,9.98,1,두현사우나건너.제일공원.산본역도보15분,https://www.zigbang.com/home/apt/items/50301518
2026-09-06 08:02:15,원룸,50301736,월세,02,경기도 군포시 금정동,군포시,금정동,2000,90,0,24.97,7.55,4,"준신축,분리형 1.5룸,주방,욕실,풀옵션,테라스.입주협의.",https://www.zigbang.com/home/apt/items/50301736
2026-09-06 08:02:15,원룸,50302333,월세,01,경기도 군포시 산본동,군포시,산본동,1000,65,0,62,18.75,고,"역세권,신축,전망좋음,사업자용,부가세별도",https://www.zigbang.com/home/apt/items/50302333
2026-09-06 08:02:18,원룸,50111177,월세,02,경기도 의왕시 청계동,의왕시,청계동,6000,50,0,33.06,10.0,1,거실공간있는 1.5룸 월세 I 빠른이사가능,https://www.zigbang.com/home/apt/items/50111177
2026-09-06 08:02:18,원룸,50120248,월세,01,경기도 의왕시 학의동,의왕시,학의동,500,45,0,12.33,3.73,2,숲뷰 I 조용한지역 I 주차편리 I 채광굿,https://www.zigbang.com/home/apt/items/50120248
2026-09-06 08:02:18,원룸,50209328,월세,02,경기도 의왕시 청계동,의왕시,청계동,6000,50,0,29.7,8.98,1,W 1.5룸 청계4단지 옆 조용한 주택가 W,https://www.zigbang.com/home/apt/items/50209328
2026-09-06 08:02:18,원룸,50227276,월세,02,경기도 의왕시 학의동,의왕시,학의동,500,65,0,23.14,7.0,4,옥탑 분리형원룸 I 전입안됨 I 즉시입주,https://www.zigbang.com/home/apt/items/50227276
2026-09-06 08:02:18,원룸,50260187,전세,02,경기도 의왕시 청계동,의왕시,청계동,15000,0,0,33.06,10.0,1,넓은 1.5룸 I 에어컨0 I  빠른이사가능,https://www.zigbang.com/home/apt/items/50260187
2026-09-06 08:02:18,원룸,49997103,월세,01,경기도 용인시 수지구 고기동,용인시 수지구,고기동,1000,65,0,30,9.07,2,조용하고깨끗한원룸,https://www.zigbang.com/home/apt/items/49997103
2026-09-06 08:02:18,원룸,50295777,전세,01,경기도 성남시 분당구 판교동,성남시 분당구,판교동,25000,0,0,60.49,18.3,8,"테라스형 , 전세권설정, 밝은집 ,교통 편리,전망최고",https://www.zigbang.com/home/apt/items/50295777
2026-09-06 08:02:18,원룸,50295812,월세,02,경기도 성남시 분당구 판교동,성남시 분당구,판교동,26100,5,0,98.48,29.79,6,"보증보험가능,분리형,전용 12.9평,가성비 최고,넓은 집",https://www.zigbang.com/home/apt/items/50295812
2026-09-06 08:02:06,원룸,50232746,월세,02,인천시 미추홀구 주안동,미추홀구,주안동,30,30,0,33.06,10.0,3,New up .. 가성비 1등  주방분리v베란다,https://www.zigbang.com/home/apt/items/50232746
2026-09-06 08:02:06,원룸,50233825,월세,01,인천시 미추홀구 주안동,미추홀구,주안동,60,42,0,26.45,8.0,중,O주안 1등 웰가O,https://www.zigbang.com/home/apt/items/50233825
2026-09-06 08:02:06,원룸,50234963,월세,01,인천시 미추홀구 주안동,미추홀구,주안동,30,37,0,29.47,8.91,7,ꔚ인근 최저가ꔚ주안동 입지 갑원룸ꔚ생활 교통 올인원,https://www.zigbang.com/home/apt/items/50234963
2026-09-06 08:02:06,원룸,50239393,월세,01,인천시 미추홀구 주안동,미추홀구,주안동,30,30,0,27.04,8.18,10,6개월치씩 선납하는 풀옵션 원룸 저보증금 단기매물,https://www.zigbang.com/home/apt/items/50239393
2026-09-06 08:02:06,원룸,50244645,월세,01,인천시 미추홀구 주안동,미추홀구,주안동,40,44,0,19.01,5.75,4,주안역 초역세권 위치좋은 깔끔한 오피스텔 원룸,https://www.zigbang.com/home/apt/items/50244645
2026-09-06 08:02:06,원룸,50264042,월세,02,인천시 미추홀구 주안동,미추홀구,주안동,30,36,0,26.45,8.0,6,ꢭ분리형ꢭBIGꢭ가성비주방분리ꢭ,https://www.zigbang.com/home/apt/items/50264042
2026-09-06 08:02:06,원룸,50270874,월세,01,인천시 미추홀구 주안동,미추홀구,주안동,40,40,0,27.04,8.18,중,O주안 인기 매물O 신축급 풀옵션 OO,https://www.zigbang.com/home/apt/items/50270874
2026-09-06 08:02:06,원룸,50294740,월세,01,인천시 미추홀구 주안동,미추홀구,주안동,50,55,0,47.62,14.4,6,l 넓은 오피스텔 l 풀옵션 l,https://www.zigbang.com/home/apt/items/50294740
2026-09-06 08:02:06,원룸,50300917,월세,01,인천시 미추홀구 주안동,미추홀구,주안동,500,30,0,47.62,14.4,10,남향 10층 주안역 도보 8분거리,https://www.zigbang.com/home/apt/items/50300917
2026-09-06 08:02:06,원룸,50124634,월세,01,인천시 서해구 가좌동,서해구,가좌동,300,40,0,19.85,6.0,11,가좌동 축산물시장인근 지식산업센터 저렴월세 원룸,https://www.zigbang.com/home/apt/items/50124634
2026-09-06 08:02:06,원룸,50127167,월세,01,인천시 서해구 가좌동,서해구,가좌동,300,35,0,19.85,6.0,12,"내용 필독.풀옵션,역세권 조건최고 원룸",https://www.zigbang.com/home/apt/items/50127167
2026-09-06 08:02:06,원룸,50235080,월세,03,인천시 서해구 가좌동,서해구,가좌동,70,55,0,23.67,7.16,14,ㅇ근처에서 제일 넓고 깔끔한 복층 오피스텔ㅇ,https://www.zigbang.com/home/apt/items/50235080
2026-09-06 08:02:06,원룸,50248028,월세,03,인천시 서해구 가좌동,서해구,가좌동,70,55,0,22.41,6.78,15,"주안국가산단역 편리한 교통, 럭셔리 인테리어 강추ㄱ 전입O",https://www.zigbang.com/home/apt/items/50248028
2026-09-06 08:02:06,원룸,50254780,월세,03,인천시 서해구 가좌동,서해구,가좌동,70,55,0,23.67,7.16,15,"아름다운 뷰, 눈부신 채광, 전입가능",https://www.zigbang.com/home/apt/items/50254780
2026-09-06 08:02:06,원룸,50270048,월세,03,인천시 서해구 가좌동,서해구,가좌동,70,55,0,30.4,9.2,14,ll 채광좋은 신축 복층 입니다 ll,https://www.zigbang.com/home/apt/items/50270048
2026-09-06 08:02:19,원룸,49995331,월세,05,경기도 성남시 수정구 금토동,성남시 수정구,금토동,3000,290,0,207.69,62.83,중,"L 2년계약,보증5천,월250선택가능,직장인가능,방3",https://www.zigbang.com/home/apt/items/49995331
2026-09-06 08:02:19,원룸,50261369,월세,02,경기도 성남시 수정구 금토동,성남시 수정구,금토동,1000,95,0,63.83,19.31,고,"L  1.5룸분리형, 업무용, 전입안되요, 직장인가능",https://www.zigbang.com/home/apt/items/50261369
2026-09-06 08:02:20,원룸,50070534,월세,02,경기도 광주시 능평동,광주시,능평동,200,65,0,33.39,10.1,3,보증금 200만원에 월세 65만원 단기 가능,https://www.zigbang.com/home/apt/items/50070534
2026-09-06 08:02:20,원룸,50174015,전세,03,경기도 광주시 능평동,광주시,능평동,18500,0,0,58.2,17.61,4,"빌라급매, 분당생활권, 탁트인숲뷰, 준신축, 다락, 테라스",https://www.zigbang.com/home/apt/items/50174015
2026-09-06 08:02:20,원룸,50075252,전세,02,경기도 용인시 처인구 포곡읍 둔전리,용인시 처인구,포곡읍,4500,0,0,19.83,6.0,4,"대로인근 분리형, 즉시입주",https://www.zigbang.com/home/apt/items/50075252
2026-09-06 08:02:20,원룸,50294150,전세,02,경기도 용인시 처인구 포곡읍 둔전리,용인시 처인구,포곡읍,5460,0,0,23.86,7.22,3,"대출 및 보증보험 가능, 준신축 1.5룸, 즉시입주",https://www.zigbang.com/home/apt/items/50294150
2026-09-06 08:02:20,원룸,50300640,월세,01,경기도 용인시 처인구 포곡읍 둔전리,용인시 처인구,포곡읍,500,40,0,26,7.86,7,엘베있고  방세탁실 화1 고급진원룸 즉시 테라스있음,https://www.zigbang.com/home/apt/items/50300640
2026-09-06 08:02:20,원룸,50300641,월세,01,경기도 용인시 처인구 포곡읍 둔전리,용인시 처인구,포곡읍,500,40,0,27,8.17,4,고급진원룸 즉시 남향위치굿  교통경전철 편의 뚜레주르인근,https://www.zigbang.com/home/apt/items/50300641
2026-09-06 08:02:20,원룸,50278670,월세,02,경기도 광주시 능평동,광주시,능평동,200,70,0,53.71,16.25,4,보증금 200만원에 월세 70만원 단기 가능,https://www.zigbang.com/home/apt/items/50278670
2026-09-06 08:02:20,원룸,49942066,전세,02,경기도 용인시 처인구 포곡읍 금어리,용인시 처인구,포곡읍,8000,0,0,35.09,10.61,2,"대출 및 보증보험, 1.5룸, 조용 쾌적,9월말 이후 입주",https://www.zigbang.com/home/apt/items/49942066
2026-09-06 08:02:20,원룸,50097196,월세,02,경기도 용인시 처인구 포곡읍 둔전리,용인시 처인구,포곡읍,500,45,0,26.45,8.0,1,풀옵션깨끗 넓고베란다주방분리 귀한 인터넷수도세포함,https://www.zigbang.com/home/apt/items/50097196
2026-09-06 08:02:20,원룸,50270798,월세,02,경기도 용인시 처인구 포곡읍 금어리,용인시 처인구,포곡읍,1000,50,0,41.64,12.6,2,"넓고 깨끗한 1.5룸, 조용 쾌적, 12월 입주협의",https://www.zigbang.com/home/apt/items/50270798
2026-09-06 08:02:20,원룸,50271373,월세,02,경기도 용인시 처인구 포곡읍 금어리,용인시 처인구,포곡읍,500,47,0,49.5,14.97,1,"넓고 깨끗한 분리형, 주차 편함, 빠른입주 가능",https://www.zigbang.com/home/apt/items/50271373
2026-09-06 08:02:20,원룸,50297191,월세,02,경기도 용인시 처인구 포곡읍 금어리,용인시 처인구,포곡읍,500,40,0,23.14,7.0,2,"조용 깨끗, 분리형, 9월말 전후 입주",https://www.zigbang.com/home/apt/items/50297191
2026-09-06 08:02:22,원룸,50278589,월세,02,경기도 광주시 목현동,광주시,목현동,200,70,0,49.72,15.04,3,보증금 200만원에 월세 70만원 단기 가능,https://www.zigbang.com/home/apt/items/50278589
2026-09-06 08:02:22,원룸,50000030,월세,01,경기도 광주시 송정동,광주시,송정동,300,35,0,20,6.05,1,tv유선과 와이파이가  들어와 있는 준신축입니다,https://www.zigbang.com/home/apt/items/50000030
2026-09-06 08:02:22,원룸,50223765,월세,01,경기도 광주시 송정동,광주시,송정동,200,25,0,25,7.56,반지하,저렴한 반지층 원룸입니다,https://www.zigbang.com/home/apt/items/50223765
2026-09-06 08:02:22,원룸,50231880,월세,01,경기도 광주시 송정동,광주시,송정동,2000,20,0,25,7.56,4,깨끗한 원룸 반전세 입니다,https://www.zigbang.com/home/apt/items/50231880
2026-09-06 08:02:22,원룸,50239339,월세,01,경기도 광주시 역동,광주시,역동,500,40,0,16,4.84,4,역동 상업지역 중심권 오피스텔 월세,https://www.zigbang.com/home/apt/items/50239339
2026-09-06 08:02:22,원룸,50239424,월세,01,경기도 광주시 역동,광주시,역동,1000,45,0,22,6.65,3,역동 중심권 오피스텔 월세,https://www.zigbang.com/home/apt/items/50239424
2026-09-06 08:02:22,원룸,50248559,월세,01,경기도 광주시 경안동,광주시,경안동,500,45,0,27,8.17,1,"이마트 건너편, 방이 큰 원룸 월세",https://www.zigbang.com/home/apt/items/50248559
2026-09-06 08:02:22,원룸,50262981,월세,01,경기도 광주시 역동,광주시,역동,1000,70,0,40,12.1,5,역동 중심권 오피스텔 월세,https://www.zigbang.com/home/apt/items/50262981
2026-09-06 08:02:22,원룸,50278234,월세,02,경기도 광주시 송정동,광주시,송정동,200,28,0,28,8.47,2,방1개 주방1개 있는 주택입니다,https://www.zigbang.com/home/apt/items/50278234
2026-09-06 08:02:22,원룸,50278586,월세,02,경기도 광주시 목현동,광주시,목현동,200,60,0,71.09,21.5,1,보증금 200만원에 월세 60만원 단기 가능,https://www.zigbang.com/home/apt/items/50278586
2026-09-06 08:02:22,원룸,50288702,월세,01,경기도 광주시 탄벌동,광주시,탄벌동,500,43,0,30,9.07,3,방이 크고 베란다 있는 원룸입니다,https://www.zigbang.com/home/apt/items/50288702
2026-09-06 08:02:22,원룸,50301893,월세,01,서울시 관악구 봉천동,관악구,봉천동,500,50,0,24.1,7.29,1,P 서울대입구역 P 귀한큰방 P 화장실리모델링 P 현재공실,https://www.zigbang.com/home/apt/items/50301893
2026-09-06 08:02:22,원룸,50301918,월세,02,서울시 관악구 봉천동,관악구,봉천동,1000,65,0,19.83,6.0,4,안전최고 분리1분 깔끔짱 위치짱 빨리오세요,https://www.zigbang.com/home/apt/items/50301918
2026-09-06 08:02:22,원룸,50302375,월세,01,서울시 관악구 봉천동,관악구,봉천동,500,43,0,23.6,7.14,1,S 주변 편의 시설 완벽한 낙성대역 추천 추천 S,https://www.zigbang.com/home/apt/items/50302375
2026-09-06 08:02:22,원룸,50302490,월세,01,서울시 관악구 봉천동,관악구,봉천동,1000,62,0,26.45,8.0,저,운좋은분 해짱 안전짱 역30초,https://www.zigbang.com/home/apt/items/50302490
2026-09-06 08:02:23,원룸,50024426,전세,02,서울시 서초구 양재동,서초구,양재동,24000,0,0,19.13,5.79,3,엘베있고 풀옵션 혼자 거주하기 좋은 분리형 원룸 전세,https://www.zigbang.com/home/apt/items/50024426
2026-09-06 08:02:23,원룸,50026729,전세,02,서울시 서초구 양재동,서초구,양재동,19900,0,0,19.58,5.92,4,분리형 원룸 테라스 대출및 보증보험 모두 가능,https://www.zigbang.com/home/apt/items/50026729
2026-09-06 08:02:23,원룸,50121022,월세,01,서울시 강남구 개포동,강남구,개포동,500,45,0,15,4.54,5,리모델링 저렴한 풀옵션원룸,https://www.zigbang.com/home/apt/items/50121022
2026-09-06 08:02:23,원룸,50123749,월세,02,서울시 서초구 양재동,서초구,양재동,8000,30,0,23.1,6.99,1,부분수리되어 살기좋은  분리형원룸 월세,https://www.zigbang.com/home/apt/items/50123749
2026-09-06 08:02:23,원룸,50130296,월세,01,서울시 강남구 개포동,강남구,개포동,2000,50,0,23,6.96,5,풀옵션 원룸 깔끔 합니다 전입가능,https://www.zigbang.com/home/apt/items/50130296
2026-09-06 08:02:23,원룸,50193561,전세,02,서울시 서초구 양재동,서초구,양재동,23000,0,0,19.31,5.84,4,양재천근처 풀옵션 분리형원룸전세. 엘베. 주차. 대출보험,https://www.zigbang.com/home/apt/items/50193561
2026-09-06 08:02:23,원룸,50206127,월세,01,서울시 강남구 개포동,강남구,개포동,5000,50,0,24,7.26,2,수리된 풀옵션 원룸 주차 가능,https://www.zigbang.com/home/apt/items/50206127
2026-09-06 08:02:23,원룸,50211609,월세,01,서울시 강남구 개포동,강남구,개포동,500,50,0,16.5,4.99,2,풀옵션 원룸 전입가능,https://www.zigbang.com/home/apt/items/50211609
2026-09-06 08:02:23,원룸,50213593,월세,01,서울시 강남구 개포동,강남구,개포동,1000,42,0,20,6.05,2,저렴한 오픈형 원룸 전입가능,https://www.zigbang.com/home/apt/items/50213593
2026-09-06 08:02:23,원룸,50240915,월세,01,서울시 강남구 개포동,강남구,개포동,1000,55,0,16.53,5.0,2,리모델링 풀옵션원룸 전입ok,https://www.zigbang.com/home/apt/items/50240915
2026-09-06 08:02:23,원룸,50247349,월세,01,서울시 강남구 개포동,강남구,개포동,1000,55,0,13.2,3.99,2,리모델링 완전풀옵션 전입신고가능 보안좋은 집 가성비 최고,https://www.zigbang.com/home/apt/items/50247349
2026-09-06 08:02:23,원룸,50262175,월세,01,서울시 강남구 개포동,강남구,개포동,2500,53,0,23.2,7.02,3,풀옵션  원룸 전입가능 주차가능,https://www.zigbang.com/home/apt/items/50262175
2026-09-06 08:02:23,원룸,50273285,월세,01,서울시 강남구 개포동,강남구,개포동,3000,45,0,23.14,7.0,3,사이즈 넓은 귀한 원룸,https://www.zigbang.com/home/apt/items/50273285
2026-09-06 08:02:23,원룸,50279387,월세,01,서울시 서초구 양재동,서초구,양재동,1000,95,0,29.75,9.0,2,조용한 주택가 깨끗한 풀옵션 원룸 월세,https://www.zigbang.com/home/apt/items/50279387
2026-09-06 08:02:23,원룸,50294424,월세,01,서울시 강남구 개포동,강남구,개포동,500,50,0,23.2,7.02,2,국악고인근 풀옵션 원룸 전입불가,https://www.zigbang.com/home/apt/items/50294424
2026-09-06 08:02:38,원룸,50271928,월세,02,경기도 김포시 사우동,김포시,사우동,500,40,0,40,12.1,1,ㅡ이룸ㅡ 넓은마당 대형사이즈 남서향 최저가 1.5룸,https://www.zigbang.com/home/apt/items/50271928
2026-09-06 08:02:38,원룸,50271970,월세,02,경기도 김포시 사우동,김포시,사우동,500,40,0,40,12.1,1,ㅡ이룸ㅡ 대형사이즈 넓은마당 남서향 최저가 1.5룸,https://www.zigbang.com/home/apt/items/50271970
2026-09-06 08:02:39,원룸,49871899,월세,03,경기도 파주시 다율동,파주시,다율동,1000,80,0,103.04,31.17,고,엄청넓은 복층형 전용16 풀옵션 남향,https://www.zigbang.com/home/apt/items/49871899
2026-09-06 08:02:39,원룸,50016660,월세,02,경기도 파주시 동패동,파주시,동패동,1000,60,0,39.67,12.0,옥탑방,즉시 옥탑테라스 있는 넓은 1.5룸 옵션0 동패고주거전용,https://www.zigbang.com/home/apt/items/50016660
2026-09-06 08:02:39,원룸,50032863,월세,03,경기도 파주시 다율동,파주시,다율동,500,70,0,26.75,8.09,4,풀옵션 복층 사무실 전입불가 전용13평 엄청넓음,https://www.zigbang.com/home/apt/items/50032863
2026-09-06 08:02:39,원룸,50179601,월세,03,경기도 파주시 동패동,파주시,동패동,500,50,0,28.1,8.5,3,복층형 깔끔한 1룸.풀옵션.한울마을1단지 생활 인프라,https://www.zigbang.com/home/apt/items/50179601
2026-09-06 08:02:39,원룸,50224537,월세,03,경기도 파주시 문발동,파주시,문발동,500,60,0,23.14,7.0,3,복층형 투룸 .,https://www.zigbang.com/home/apt/items/50224537
2026-09-06 08:02:39,원룸,50224953,월세,02,경기도 파주시 문발동,파주시,문발동,500,45,0,23.14,7.0,2,문발초 1.5룸입니다,https://www.zigbang.com/home/apt/items/50224953
2026-09-06 08:02:39,원룸,50250652,월세,02,경기도 파주시 동패동,파주시,동패동,1000,60,0,33,9.98,4,"테라스,다락방,개방감,깔끔한구조",https://www.zigbang.com/home/apt/items/50250652
2026-09-06 08:02:39,원룸,50250856,월세,02,경기도 파주시 동패동,파주시,동패동,500,60,0,30,9.07,4,"넓은1.5룸,조용한상가주택단지,GTX도보,도배완료",https://www.zigbang.com/home/apt/items/50250856
2026-09-06 08:02:39,원룸,50252515,월세,01,경기도 파주시 다율동,파주시,다율동,300,35,0,16.53,5.0,2,다율동 원룸.,https://www.zigbang.com/home/apt/items/50252515
2026-09-06 08:02:39,원룸,50252529,월세,01,경기도 파주시 문발동,파주시,문발동,300,32,0,19.83,6.0,3,깨끗한 원룸.,https://www.zigbang.com/home/apt/items/50252529
2026-09-06 08:02:39,원룸,50274478,월세,02,경기도 파주시 문발동,파주시,문발동,1000,70,0,35.09,10.61,2,주방 거실 분리형 1.5룸.준공1년차 신축. 즉시입주.즉입,https://www.zigbang.com/home/apt/items/50274478
2026-09-06 08:02:39,원룸,50275915,월세,02,경기도 파주시 문발동,파주시,문발동,1000,70,0,33.12,10.02,2,세련된인테리어 중문 주차1대 풀옵션1.5룸 즉시입주,https://www.zigbang.com/home/apt/items/50275915
2026-09-06 08:02:39,원룸,50296510,월세,03,경기도 파주시 다율동,파주시,다율동,500,70,0,88.43,26.75,고,업무용.전용13평.천장형냉난방기.주방풀옵션.개별화장실.,https://www.zigbang.com/home/apt/items/50296510
2026-09-06 08:02:41,원룸,50239428,월세,02,경기도 파주시 금릉동,파주시,금릉동,300,36,0,33.06,10.0,3,금촌역 가까운 깨끗한 분리형 방입니다,https://www.zigbang.com/home/apt/items/50239428
2026-09-06 08:02:41,원룸,50207512,월세,02,경기도 고양시 덕양구 내유동,고양시 덕양구,내유동,1000,45,0,46.9,14.19,1,단독주택입니다 버스정류장까지 가깝습니다,https://www.zigbang.com/home/apt/items/50207512
2026-09-06 08:02:41,원룸,50291452,월세,02,경기도 고양시 덕양구 내유동,고양시 덕양구,내유동,200,70,0,52.55,15.9,2,보증금 200만원에 월세 70만원 단기 가능,https://www.zigbang.com/home/apt/items/50291452
2026-09-06 08:02:42,원룸,50110929,월세,02,경기도 파주시 탄현면 대동리,파주시,탄현면,1000,45,0,36,10.89,1,"준신축, 채광이 좋습니다. 방과 거실이 분리, 주차 가능",https://www.zigbang.com/home/apt/items/50110929
2026-09-06 08:02:42,원룸,50165935,월세,01,경기도 파주시 월롱면 덕은리,파주시,월롱면,100,20,0,18,5.44,2,"단기가능,관리비공과금일괄합산 15만원 월정액임. 풀옵션.",https://www.zigbang.com/home/apt/items/50165935
2026-09-06 08:02:42,원룸,50166010,월세,01,경기도 파주시 월롱면 덕은리,파주시,월롱면,100,20,0,18,5.44,3,대로변  원룸 주차편함  풀옵션구성 관리비는 난방비제외.,https://www.zigbang.com/home/apt/items/50166010
2026-09-06 08:02:42,원룸,50233809,월세,01,경기도 파주시 월롱면 덕은리,파주시,월롱면,100,30,0,19.83,6.0,4,"전입신고 가능, 대출없고, 도배한 깨끗한 원룸",https://www.zigbang.com/home/apt/items/50233809
2026-09-06 08:02:42,원룸,50233813,월세,01,경기도 파주시 월롱면 덕은리,파주시,월롱면,50,30,0,26,7.86,4,주차가 편하고 바닥 스팀청소한 조용하고 깨끗한 풀옵션 원룸,https://www.zigbang.com/home/apt/items/50233813
2026-09-06 08:02:42,원룸,50233814,월세,01,경기도 파주시 월롱면 덕은리,파주시,월롱면,100,30,0,19.83,6.0,2,동문 C게이트 옆 대출없고 전입신고 가능한 깨끗한 원룸,https://www.zigbang.com/home/apt/items/50233814
2026-09-06 08:02:42,원룸,50252345,월세,02,경기도 파주시 월롱면 덕은리,파주시,월롱면,100,40,0,36.3,10.98,4,깨끗한 1.5룸 넓음 주차가능 풀옵션.,https://www.zigbang.com/home/apt/items/50252345
2026-09-06 08:02:42,원룸,50252352,월세,02,경기도 파주시 월롱면 덕은리,파주시,월롱면,200,50,0,50,15.12,3,"분리형 2룸  풀옵션 에어컨2대 ,냉장고,세탁기등 풀옵션,",https://www.zigbang.com/home/apt/items/50252352
2026-09-06 08:02:42,원룸,50256204,월세,02,경기도 파주시 월롱면 덕은리,파주시,월롱면,100,50,0,40,12.1,3,"깨끗1.5룸 ,주변편의상권형성 , 풀옵션 에어컨 냉장고등.",https://www.zigbang.com/home/apt/items/50256204
2026-09-06 08:02:42,원룸,50259225,월세,02,경기도 파주시 월롱면 덕은리,파주시,월롱면,100,40,0,33,9.98,2,"넓고깨끗한 분리형원룸,에어컨 냉장고 세탁기 인덕션 풀옵션,",https://www.zigbang.com/home/apt/items/50259225
2026-09-06 08:02:42,원룸,50266403,월세,01,경기도 파주시 월롱면 덕은리,파주시,월롱면,100,25,0,20,6.05,3,깨끗풀옵션 단지형  원룸 넓은주차장  파주 LCD  P8,https://www.zigbang.com/home/apt/items/50266403
2026-09-06 08:02:42,원룸,49966494,월세,01,경기도 파주시 문산읍 당동리,파주시,문산읍,100,30,0,17,5.14,2,㉧모든공과금 관리비에 포함㉧단기가능㉧저보증금㉧풀옵션㉧,https://www.zigbang.com/home/apt/items/49966494
2026-09-06 08:02:42,원룸,50028728,월세,01,경기도 파주시 문산읍 선유리,파주시,문산읍,100,30,0,19,5.75,3,선유리 원룸 I 수납함 여유있는 저렴한 원룸,https://www.zigbang.com/home/apt/items/50028728
2026-09-06 08:02:42,원룸,50028731,월세,02,경기도 파주시 문산읍 선유리,파주시,문산읍,100,40,0,20,6.05,3,선유리 원룸 I 옷장 수납함 넉넉한 분리형 원룸입니다.,https://www.zigbang.com/home/apt/items/50028731
2026-09-06 08:02:42,원룸,50028787,월세,01,경기도 파주시 문산읍 당동리,파주시,문산읍,100,30,0,18,5.44,4,당동원룸 I 한달 월세 관리비 35만원 그외비용없음,https://www.zigbang.com/home/apt/items/50028787
2026-09-06 08:02:42,원룸,50028803,월세,01,경기도 파주시 문산읍 선유리,파주시,문산읍,200,30,0,20,6.05,3,선유리 원룸 I 풀옵션 I 한달40만원 그외비용 없음,https://www.zigbang.com/home/apt/items/50028803
2026-09-06 08:02:42,원룸,50028817,월세,01,경기도 파주시 문산읍 선유리,파주시,문산읍,100,30,0,20,6.05,3,선유리 원룸 I 월세 관리비 공과금 40만원 그외 비용없음,https://www.zigbang.com/home/apt/items/50028817
2026-09-06 08:02:42,원룸,50031370,월세,02,경기도 파주시 문산읍 선유리,파주시,문산읍,100,30,0,20,6.05,4,선유리 원룸 I 풀옵션 I 분리형,https://www.zigbang.com/home/apt/items/50031370
2026-09-06 08:02:42,원룸,50174917,월세,02,경기도 파주시 문산읍 문산리,파주시,문산읍,300,30,0,20,6.05,1,문산 시내 다가구식 원룸입니다. 매우 깨끗합니다. 부분옵션,https://www.zigbang.com/home/apt/items/50174917
2026-09-06 08:02:42,원룸,50206855,월세,01,경기도 파주시 문산읍 당동리,파주시,문산읍,100,30,0,18,5.44,4,당동원룸 I 깔끔하게 관리 잘된 시내쪽 원룸,https://www.zigbang.com/home/apt/items/50206855
2026-09-06 08:02:44,원룸,50111159,월세,01,서울시 도봉구 도봉동,도봉구,도봉동,1000,45,0,18.75,5.67,4,"도봉산역,신축급,내외부깨끗,엘베",https://www.zigbang.com/home/apt/items/50111159
2026-09-06 08:02:44,원룸,50134934,월세,01,서울시 도봉구 도봉동,도봉구,도봉동,500,30,0,19.83,6.0,반지하,신축급 풀옵션방큰원룸 역세권 방학역4분 버스전용 20노선,https://www.zigbang.com/home/apt/items/50134934
2026-09-06 08:02:44,원룸,50239003,월세,01,서울시 도봉구 도봉동,도봉구,도봉동,500,48,0,16.52,5.0,3,도봉역3분ㅣ풀옵션ㅣ관리최상급,https://www.zigbang.com/home/apt/items/50239003
2026-09-06 08:02:44,원룸,50239127,전세,01,서울시 도봉구 방학동,도봉구,방학동,5900,0,0,20.48,6.2,2,역세권 주차O 버팀목 대출 O 풀옵션,https://www.zigbang.com/home/apt/items/50239127
2026-09-06 08:02:44,원룸,50253827,월세,01,서울시 도봉구 방학동,도봉구,방학동,300,45,0,21.21,6.42,2,"풀풀풀옵션, 넓은 원룸, 빠른 입주, 방학역7분",https://www.zigbang.com/home/apt/items/50253827
2026-09-06 08:02:44,원룸,50256366,월세,02,서울시 도봉구 방학동,도봉구,방학동,300,45,0,19.83,6.0,2,즉시입주 가능한  리모델링 원룸 풀옵션,https://www.zigbang.com/home/apt/items/50256366
2026-09-06 08:02:44,원룸,50263137,월세,01,서울시 도봉구 방학동,도봉구,방학동,300,35,0,19.8,5.99,3,"가성비 , 풀옵션, 도배해드림, 즉시입주",https://www.zigbang.com/home/apt/items/50263137
2026-09-06 08:02:44,원룸,50011659,전세,01,서울시 노원구 상계동,노원구,상계동,2500,0,0,15,4.54,반지하,공실 가전제품옵션 상계역3분,https://www.zigbang.com/home/apt/items/50011659
2026-09-06 08:02:44,원룸,50077085,전세,01,서울시 노원구 상계동,노원구,상계동,2500,0,0,15.08,4.56,반지하,풀 옵션 입니다.,https://www.zigbang.com/home/apt/items/50077085
2026-09-06 08:02:44,원룸,50079942,월세,01,서울시 노원구 상계동,노원구,상계동,500,50,0,16.53,5.0,1,햇살가득 품은 아늑하고 깨끗한 신축급 풀옵션 원룸.,https://www.zigbang.com/home/apt/items/50079942
2026-09-06 08:02:44,원룸,50097851,월세,01,서울시 노원구 상계동,노원구,상계동,500,40,0,19.17,5.8,반지하,상계역 도보7분,https://www.zigbang.com/home/apt/items/50097851
2026-09-06 08:02:44,원룸,50102262,월세,01,서울시 노원구 상계동,노원구,상계동,500,50,0,16.53,5.0,4,상계역 도보7분 깔끔 저렴한 풀옵션,https://www.zigbang.com/home/apt/items/50102262
2026-09-06 08:02:44,원룸,50138777,전세,01,서울시 노원구 상계동,노원구,상계동,6000,0,0,20.5,6.2,2,툴 옵션 원룸.,https://www.zigbang.com/home/apt/items/50138777
2026-09-06 08:02:44,원룸,50183688,월세,01,경기도 의정부시 호원동,의정부시,호원동,300,35,0,19.83,6.0,1,2020년신축 풀옵션 깨끗 엘리베이터있음,https://www.zigbang.com/home/apt/items/50183688
2026-09-06 08:02:44,원룸,50185549,월세,01,서울시 노원구 상계동,노원구,상계동,2500,15,0,25.5,7.71,옥탑방,깨끗합니다..,https://www.zigbang.com/home/apt/items/50185549
2026-09-06 08:02:44,원룸,50192156,월세,01,서울시 노원구 상계동,노원구,상계동,300,30,0,9.9,2.99,옥탑방,상계역 도보10분,https://www.zigbang.com/home/apt/items/50192156
2026-09-06 08:02:44,원룸,50206183,월세,02,경기도 의정부시 호원동,의정부시,호원동,300,40,0,21.49,6.5,2,신축1.5룸 분리형 풀옵션 깨끗,https://www.zigbang.com/home/apt/items/50206183
2026-09-06 08:02:44,원룸,50227550,월세,02,경기도 의정부시 호원동,의정부시,호원동,500,38,0,19.83,6.0,2,주방분리형1.5룸 풀옵션 깨끗,https://www.zigbang.com/home/apt/items/50227550
2026-09-06 08:02:44,원룸,50242661,월세,02,서울시 노원구 상계동,노원구,상계동,4000,5,0,27,8.17,3,깨끗한옥탑방 방1 주방공간따로 상계역5분,https://www.zigbang.com/home/apt/items/50242661
2026-09-06 08:02:44,원룸,50296548,월세,05,서울시 도봉구 도봉동,도봉구,도봉동,3000,190,0,149.38,45.19,저,"테라스있는세대 대단지 신축급 방3,화2, 자주식주차",https://www.zigbang.com/home/apt/items/50296548
2026-09-06 08:02:44,원룸,50294068,전세,04,서울시 노원구 공릉동,노원구,공릉동,20000,0,0,44.4,13.43,4,"태릉입구역, LH, 버팀목, 허그 불가, 은행대출만 가능",https://www.zigbang.com/home/apt/items/50294068
2026-09-06 08:02:44,원룸,50294254,월세,01,서울시 노원구 공릉동,노원구,공릉동,1000,43,0,16.5,4.99,3,"7호선 공릉역, 가격대비 넓은 원룸, 날짜협의, 치안걱정x",https://www.zigbang.com/home/apt/items/50294254
2026-09-06 08:02:44,원룸,50294425,월세,01,서울시 노원구 공릉동,노원구,공릉동,3000,37,0,16.5,4.99,3,"7호선 공릉역, 주차 가능한 풀옵션 반전세, 날짜협의",https://www.zigbang.com/home/apt/items/50294425
2026-09-06 08:02:44,원룸,50294896,월세,01,서울시 노원구 상계동,노원구,상계동,500,50,0,16.53,5.0,3,노원역 도보 8분 풀 옵션 컨디션 좋고 조용한 곳,https://www.zigbang.com/home/apt/items/50294896
2026-09-06 08:02:44,원룸,50295680,월세,01,서울시 노원구 상계동,노원구,상계동,500,50,0,18.3,5.54,3,노원역5분.풀옵션.넓고채광좋은방.즉시입주,https://www.zigbang.com/home/apt/items/50295680
2026-09-06 08:02:44,원룸,50296233,월세,01,서울시 노원구 공릉동,노원구,공릉동,3000,35,0,17,5.14,5,도깨비시장 부근 깔끔하고 깨끗한 월세 저렴한 원룸,https://www.zigbang.com/home/apt/items/50296233
2026-09-06 08:02:44,원룸,50298925,월세,01,서울시 노원구 공릉동,노원구,공릉동,1000,45,0,16.5,4.99,2,"공릉역 역세권 풀옵션 원룸, 날짜협의, 보안깨끗, 엘베O",https://www.zigbang.com/home/apt/items/50298925
2026-09-06 08:02:44,원룸,50088682,월세,02,경기도 의정부시 가능동,의정부시,가능동,250,20,0,40,12.1,2,저렴한 1.5룸 월세,https://www.zigbang.com/home/apt/items/50088682
2026-09-06 08:02:44,원룸,50088787,월세,02,경기도 의정부시 가능동,의정부시,가능동,200,25,0,30,9.07,2,넓은 1.5룸 저렴합니다 즉시입주,https://www.zigbang.com/home/apt/items/50088787
2026-09-06 08:02:44,원룸,50169690,월세,02,경기도 의정부시 가능동,의정부시,가능동,100,22,0,33.06,10.0,옥탑방,옥탑방입니다 즉시입주가능합니다,https://www.zigbang.com/home/apt/items/50169690
2026-09-06 08:02:44,원룸,50179318,전세,02,경기도 의정부시 가능동,의정부시,가능동,4300,0,0,36.36,11.0,2,LH. 도시공사가능합니다  즉시입주가능합니다,https://www.zigbang.com/home/apt/items/50179318
2026-09-06 08:02:44,원룸,50205966,월세,01,경기도 의정부시 가능동,의정부시,가능동,300,35,0,24,7.26,2,주방넓고 방넓어요 l 깔끔원룸 l 풀옵션 l 살기좋은 l,https://www.zigbang.com/home/apt/items/50205966
2026-09-06 08:02:44,원룸,50225388,월세,02,경기도 의정부시 가능동,의정부시,가능동,1000,50,0,47.07,14.24,4,가능역세권 저렴한 월세 귀한 1.5룸,https://www.zigbang.com/home/apt/items/50225388
2026-09-06 08:02:44,원룸,50234395,월세,02,경기도 의정부시 가능동,의정부시,가능동,200,20,0,25,7.56,반지하,뽀송뽀송한 반지층 방1개,https://www.zigbang.com/home/apt/items/50234395
2026-09-06 08:02:44,원룸,50242316,월세,01,경기도 의정부시 녹양동,의정부시,녹양동,300,33,0,23.14,7.0,3,풀옵션 남향 욕실넓고 방넓은 원룸 엘베있고 녹양역도보8분,https://www.zigbang.com/home/apt/items/50242316
2026-09-06 08:02:44,원룸,50255612,월세,02,경기도 의정부시 가능동,의정부시,가능동,100,30,0,36,10.89,반지하,"소형견가능합니다 
즉시입주가능합니다 
크기넉넉합니다
올수리",https://www.zigbang.com/home/apt/items/50255612
2026-09-06 08:02:44,원룸,50277927,월세,01,경기도 의정부시 가능동,의정부시,가능동,2500,45,0,22.74,6.88,4,엄청 큰 원룸 나와있는 평수보다 많이 커요,https://www.zigbang.com/home/apt/items/50277927
2026-09-06 08:02:44,원룸,50302254,월세,01,경기도 의정부시 의정부동,의정부시,의정부동,500,42,0,23.9,7.23,8,"O확인매물O풀옵션L깔끔o조용한집,,,가능역OO",https://www.zigbang.com/home/apt/items/50302254
2026-09-06 08:02:45,원룸,50193275,월세,03,경기도 남양주시 별내동,남양주시,별내동,4000,33,0,22,6.65,4,"식송2블럭, 복층원룸, 전입가능,11월15일 입주가능",https://www.zigbang.com/home/apt/items/50193275
2026-09-06 08:02:45,원룸,50251662,월세,02,경기도 남양주시 별내동,남양주시,별내동,1000,70,0,37,11.19,1,"4호선 별내별가람역 도보10분, 깨끗한 분리형 원룸",https://www.zigbang.com/home/apt/items/50251662
2026-09-06 08:02:45,원룸,50200396,월세,01,경기도 남양주시 금곡동,남양주시,금곡동,200,55,0,30,9.07,5,"사업자등록가능, 전입가능, 환한룸, 넓은 화장실공간",https://www.zigbang.com/home/apt/items/50200396
2026-09-06 08:02:45,원룸,50200424,월세,01,경기도 남양주시 금곡동,남양주시,금곡동,200,55,0,28,8.47,3,"넓은풀옵션원룸 , 단기임대가능 3개월부터",https://www.zigbang.com/home/apt/items/50200424
2026-09-06 08:02:45,원룸,50220480,월세,01,경기도 남양주시 진건읍 용정리,남양주시,진건읍,500,60,0,22.19,6.71,5,"왕숙신도시인접, 신축 풀옵션원룸, 사릉역세권, 빠른입주가능",https://www.zigbang.com/home/apt/items/50220480
2026-09-06 08:02:45,원룸,50263914,월세,01,경기도 남양주시 금곡동,남양주시,금곡동,100,50,0,28,8.47,3,"금곡역세권, 사업자등록 o, 전입신고o, 단기임대가능",https://www.zigbang.com/home/apt/items/50263914
2026-09-06 08:02:45,원룸,50270761,월세,01,경기도 남양주시 금곡동,남양주시,금곡동,500,50,0,33,9.98,5,"금곡역세권, 빠른입주가능, 엘레베이터o",https://www.zigbang.com/home/apt/items/50270761
2026-09-06 08:02:44,원룸,50296452,월세,02,경기도 의정부시 의정부동,의정부시,의정부동,300,40,0,23.14,7.0,2,"ꪑꪑ실매물ꪑꪑ 즉시입주가능, 분리형원룸, 깔끔한원룸",https://www.zigbang.com/home/apt/items/50296452
2026-09-06 08:02:44,원룸,50297443,월세,02,경기도 의정부시 의정부동,의정부시,의정부동,500,40,0,23.14,7.0,2,의정부 깔끔한 풀옵션 원룸 즉시입주가능,https://www.zigbang.com/home/apt/items/50297443
2026-09-06 08:02:44,원룸,50298505,월세,01,경기도 의정부시 의정부동,의정부시,의정부동,300,43,0,18.17,5.5,4,즉시입주Oㅣ전입Oㅣ단기Oㅣ풀옵션,https://www.zigbang.com/home/apt/items/50298505
2026-09-06 08:02:44,원룸,50298615,월세,01,경기도 의정부시 의정부동,의정부시,의정부동,300,36,0,22,6.65,11,SH반려묘가능vs남향ㅇ환하고넓은방v역세권v전입신고SH,https://www.zigbang.com/home/apt/items/50298615
2026-09-06 08:02:44,원룸,50298948,월세,01,경기도 의정부시 의정부동,의정부시,의정부동,300,43,0,19,5.75,4,SH단기임대가능v건조기설치v전입신고가능SH,https://www.zigbang.com/home/apt/items/50298948
2026-09-06 08:02:44,원룸,50298994,월세,01,경기도 의정부시 의정부동,의정부시,의정부동,1,45,0,27,8.17,2,"무보증.즉시입주.흥선역4분.소형견가능.1.5룸넉넉한원룸,",https://www.zigbang.com/home/apt/items/50298994
2026-09-06 08:02:44,원룸,50299141,월세,01,경기도 의정부시 의정부동,의정부시,의정부동,500,40,0,23,6.96,2,S강추S l 초깔끔 l 풀옵션 l 즉시입주 l,https://www.zigbang.com/home/apt/items/50299141
2026-09-06 08:02:44,원룸,50299262,월세,02,경기도 의정부시 의정부동,의정부시,의정부동,300,35,0,23.14,7.0,4,주방분리형 이쁜방 보증금조절가능 풀옵션,https://www.zigbang.com/home/apt/items/50299262
2026-09-06 08:02:44,원룸,50299272,월세,02,경기도 의정부시 의정부동,의정부시,의정부동,300,35,0,23.14,7.0,4,빠른입주가능 풀옵션 주방분리형 경찰서사거리인근 안전해요,https://www.zigbang.com/home/apt/items/50299272
2026-09-06 08:02:44,원룸,50299279,월세,01,경기도 의정부시 의정부동,의정부시,의정부동,10,43,0,19.83,6.0,2,단기계약가능 월55에공과금모두포함,https://www.zigbang.com/home/apt/items/50299279
2026-09-06 08:02:44,원룸,50299291,월세,03,경기도 의정부시 의정부동,의정부시,의정부동,500,50,0,49.59,15.0,15,대로변위치 복층 풀옵션 경비24시,https://www.zigbang.com/home/apt/items/50299291
2026-09-06 08:02:44,원룸,50302218,월세,03,경기도 의정부시 의정부동,의정부시,의정부동,300,57,0,39.67,12.0,저,"O확인매물O풀옵션단기L깔끔o복층신축,,,의정부역OO",https://www.zigbang.com/home/apt/items/50302218
2026-09-06 08:02:44,원룸,50302223,월세,03,경기도 의정부시 의정부동,의정부시,의정부동,300,57,0,39.67,12.0,저,"O풀옵션O..단기복층오피스텔..신축,의정부역세권",https://www.zigbang.com/home/apt/items/50302223
2026-09-06 08:02:45,원룸,50123862,전세,02,경기도 남양주시 호평동,남양주시,호평동,4000,0,0,23.14,7.0,3,남향 저렴한 원룸 전세,https://www.zigbang.com/home/apt/items/50123862
2026-09-06 08:02:45,원룸,50124000,월세,01,경기도 남양주시 호평동,남양주시,호평동,500,40,0,24,7.26,2,초역세권 넓은 원룸,https://www.zigbang.com/home/apt/items/50124000
2026-09-06 08:02:45,원룸,50153641,월세,01,경기도 남양주시 호평동,남양주시,호평동,1000,50,0,20,6.05,2,신축급 풀옵션 원룸,https://www.zigbang.com/home/apt/items/50153641
2026-09-06 08:02:45,원룸,50153689,월세,01,경기도 남양주시 호평동,남양주시,호평동,1000,50,0,20.5,6.2,2,올리모델링 한 원룸,https://www.zigbang.com/home/apt/items/50153689
2026-09-06 08:02:45,원룸,50166327,월세,01,경기도 남양주시 평내동,남양주시,평내동,500,35,0,20,6.05,2,원룸 깨끗해요,https://www.zigbang.com/home/apt/items/50166327
2026-09-06 08:02:45,원룸,50173295,월세,02,경기도 남양주시 호평동,남양주시,호평동,500,60,0,39.67,12.0,3,방. 거실아주넓은 풀옵션분리형원룸,https://www.zigbang.com/home/apt/items/50173295
2026-09-06 08:02:45,원룸,50173313,월세,02,경기도 남양주시 호평동,남양주시,호평동,500,60,0,30,9.07,2,공실.이마트뒤풀옵션.분리형원룸,https://www.zigbang.com/home/apt/items/50173313
2026-09-06 08:02:45,원룸,50207709,월세,02,경기도 남양주시 호평동,남양주시,호평동,500,30,0,29.75,9.0,옥탑방,호평동1.5룸 풀옵션 옥탑방,https://www.zigbang.com/home/apt/items/50207709
2026-09-06 08:02:45,원룸,50218051,월세,01,경기도 남양주시 호평동,남양주시,호평동,500,52,0,39.82,12.05,고,풀옵션원룸 남향,https://www.zigbang.com/home/apt/items/50218051
2026-09-06 08:02:45,원룸,50219169,월세,02,경기도 남양주시 호평동,남양주시,호평동,1000,50,0,28,8.47,2,평내호평역 바로 앞 원룸,https://www.zigbang.com/home/apt/items/50219169
2026-09-06 08:02:45,원룸,50270839,전세,01,경기도 남양주시 호평동,남양주시,호평동,6000,0,0,19.83,6.0,2,올리모델링 된 원룸 전세,https://www.zigbang.com/home/apt/items/50270839
2026-09-06 08:02:45,원룸,50289230,월세,01,경기도 남양주시 호평동,남양주시,호평동,500,47,0,27.35,8.27,2,최고급 풀옵션 원룸,https://www.zigbang.com/home/apt/items/50289230
2026-09-06 08:02:45,원룸,50146232,전세,02,경기도 남양주시 오남읍 양지리,남양주시,오남읍,8000,0,0,33.05,10.0,2,오남역인근 분리형원룸 전세,https://www.zigbang.com/home/apt/items/50146232
2026-09-06 08:02:45,원룸,50257454,월세,01,경기도 남양주시 오남읍 양지리,남양주시,오남읍,500,55,0,27,8.17,2,오남역인근 분리형원룸,https://www.zigbang.com/home/apt/items/50257454
2026-09-06 08:02:46,원룸,50059273,월세,01,경기도 의정부시 낙양동,의정부시,낙양동,1000,50,0,20,6.05,2,민락2지구 깨끗한 풀옵션 원룸월세,https://www.zigbang.com/home/apt/items/50059273
2026-09-06 08:02:46,원룸,50078818,월세,01,경기도 의정부시 낙양동,의정부시,낙양동,1000,50,0,19.83,6.0,2,민락2지구 깨끗한 풀옵션 원룸월세,https://www.zigbang.com/home/apt/items/50078818
2026-09-06 08:02:46,원룸,50140141,월세,01,경기도 의정부시 낙양동,의정부시,낙양동,500,60,0,20,6.05,2,완전 깨끗한 풀옵션 원룸 월세,https://www.zigbang.com/home/apt/items/50140141
2026-09-06 08:02:46,원룸,50140152,월세,01,경기도 의정부시 낙양동,의정부시,낙양동,500,60,0,20,6.05,2,완전 깨끗한 풀옵션 원룸 월세,https://www.zigbang.com/home/apt/items/50140152
2026-09-06 08:02:46,원룸,50187594,전세,01,경기도 의정부시 낙양동,의정부시,낙양동,7500,0,0,20,6.05,2,건축6차 깨끗한 풀옵션원룸 전세,https://www.zigbang.com/home/apt/items/50187594
2026-09-06 08:02:46,원룸,50273597,월세,02,경기도 의정부시 낙양동,의정부시,낙양동,500,60,0,30,9.07,2,민락2지구 깨끗하고 넓은 풀옵션 1.5원룸 월세,https://www.zigbang.com/home/apt/items/50273597
2026-09-06 08:02:46,원룸,50273685,월세,02,경기도 의정부시 낙양동,의정부시,낙양동,500,60,0,3,0.91,2,민락2지구 깨끗하고 넓은 풀옵션 1.5원룸 월세,https://www.zigbang.com/home/apt/items/50273685
2026-09-06 08:02:46,원룸,50301021,전세,01,경기도 의정부시 낙양동,의정부시,낙양동,7500,0,0,20,6.05,2,건축6차 깨끗한 풀옵션원룸 전세,https://www.zigbang.com/home/apt/items/50301021
2026-09-06 08:02:46,원룸,49632114,월세,02,경기도 남양주시 진접읍 연평리,남양주시,진접읍,1500,75,0,27,8.17,4,연평리 백병원인근 분리형원룸,https://www.zigbang.com/home/apt/items/49632114
2026-09-06 08:02:46,원룸,49821637,전세,01,경기도 남양주시 진접읍 금곡리,남양주시,진접읍,5800,0,0,23.14,7.0,4,진접역 도보3분 깨끗한 풀옵션 원룸 엘베 경복 대경대,https://www.zigbang.com/home/apt/items/49821637
2026-09-06 08:02:46,원룸,49919036,월세,02,경기도 남양주시 진접읍 연평리,남양주시,진접읍,1500,75,0,18,5.44,4,연평리 백병원인근 분리형원룸,https://www.zigbang.com/home/apt/items/49919036
2026-09-06 08:02:46,원룸,50204606,월세,03,경기도 남양주시 진접읍 장현리,남양주시,진접읍,300,50,0,21,6.35,고,장현시내 오피스텔,https://www.zigbang.com/home/apt/items/50204606
2026-09-06 08:02:46,원룸,50211255,월세,01,경기도 남양주시 진접읍 금곡리,남양주시,진접읍,500,45,0,22,6.65,2,진접역 도보2분 거리 깨끗한 풀옵 원룸 베란다 여성분만,https://www.zigbang.com/home/apt/items/50211255
2026-09-06 08:02:46,원룸,50227436,월세,03,경기도 남양주시 진접읍 장현리,남양주시,진접읍,300,50,0,21,6.35,중,장현시내 오피스텔,https://www.zigbang.com/home/apt/items/50227436
2026-09-06 08:02:46,원룸,50227490,월세,03,경기도 남양주시 진접읍 장현리,남양주시,진접읍,300,50,0,21,6.35,고,장현시내 오피스텔,https://www.zigbang.com/home/apt/items/50227490
2026-09-06 08:02:46,원룸,50259634,월세,01,경기도 남양주시 진접읍 연평리,남양주시,진접읍,500,45,0,16.74,5.06,3,연평리 이마트맞은편 원룸,https://www.zigbang.com/home/apt/items/50259634
2026-09-06 08:02:46,원룸,50267108,월세,03,경기도 남양주시 진접읍 장현리,남양주시,진접읍,300,50,0,21,6.35,15,장현시내 오피스텔,https://www.zigbang.com/home/apt/items/50267108
2026-09-06 08:02:46,원룸,50274825,월세,03,경기도 남양주시 진접읍 장현리,남양주시,진접읍,300,50,0,28.43,8.6,저,저층 남향입니다,https://www.zigbang.com/home/apt/items/50274825
2026-09-06 08:02:46,원룸,50275028,월세,03,경기도 남양주시 진접읍 장현리,남양주시,진접읍,300,50,0,27.93,8.45,16,따뜻한 고층 남향입니다,https://www.zigbang.com/home/apt/items/50275028
2026-09-06 08:02:46,원룸,50275101,월세,03,경기도 남양주시 진접읍 장현리,남양주시,진접읍,300,50,0,29.39,8.89,중,원룸중 가장큰 호실이며 복층 창문 있습니다,https://www.zigbang.com/home/apt/items/50275101
2026-09-06 08:02:46,원룸,50275153,월세,03,경기도 남양주시 진접읍 장현리,남양주시,진접읍,200,55,0,29.39,8.89,중,빠르게 사용가능한 호실입니다,https://www.zigbang.com/home/apt/items/50275153
2026-09-06 08:02:46,원룸,50051901,월세,01,경기도 양주시 광적면 가납리,양주시,광적면,300,30,0,21.49,6.5,3,환기 잘되고 볕이 좋은 룸,https://www.zigbang.com/home/apt/items/50051901
2026-09-06 08:02:46,원룸,50209321,월세,01,경기도 양주시 광적면 석우리,양주시,광적면,200,25,0,17.34,5.25,5,관리비포함27만원 가성비굿,https://www.zigbang.com/home/apt/items/50209321
2026-09-06 08:02:46,원룸,50214233,월세,01,경기도 양주시 광적면 가납리,양주시,광적면,300,30,0,19.83,6.0,1,방 창2개. 욕실창 있음,https://www.zigbang.com/home/apt/items/50214233
2026-09-06 08:02:46,원룸,50214263,월세,02,경기도 양주시 광적면 석우리,양주시,광적면,200,30,0,19.83,6.0,1,꼬끼오 옆 분리형 원룸,https://www.zigbang.com/home/apt/items/50214263
2026-09-06 08:02:46,원룸,50288326,월세,02,경기도 양주시 광적면 석우리,양주시,광적면,300,30,0,29.75,9.0,1,넉넉한 1.5룸..인터넷.유선 개별신청요.,https://www.zigbang.com/home/apt/items/50288326
2026-09-06 08:02:47,원룸,50227222,월세,05,경기도 양주시 덕계동,양주시,덕계동,1000,80,0,80.63,24.39,고,"왕왕 추천,신축급,방3화2,에어컨1대,입주11월말협의",https://www.zigbang.com/home/apt/items/50227222
2026-09-06 08:02:47,원룸,50287965,월세,01,경기도 양주시 덕계동,양주시,덕계동,300,30,0,18.18,5.5,1,"풀옵션, 즉시입주가능, 관리비에수도요금포함",https://www.zigbang.com/home/apt/items/50287965
2026-09-06 08:02:47,원룸,50289538,월세,01,경기도 양주시 덕계동,양주시,덕계동,100,40,0,18.18,5.5,2,"신축. 풀옵션, 6개월계약가능, 엘베설치",https://www.zigbang.com/home/apt/items/50289538
2026-09-06 08:02:47,원룸,50076956,월세,01,경기도 양주시 광사동,양주시,광사동,500,55,0,38.49,11.64,7,"첫입주 오피스텔,주차가능,즉시입주,풀옵션,전입신고,애견가능",https://www.zigbang.com/home/apt/items/50076956
2026-09-06 08:02:47,원룸,50104565,월세,02,경기도 양주시 고암동,양주시,고암동,200,30,0,23.14,7.0,4,원룸.. 주방 분리된 옥탑  남향 마당 이용 가능,https://www.zigbang.com/home/apt/items/50104565
2026-09-06 08:02:47,원룸,50104934,월세,01,경기도 양주시 고암동,양주시,고암동,200,43,0,26.45,8.0,2,원룸.. 남향이라 해 잘 들고 구조좋아요,https://www.zigbang.com/home/apt/items/50104934
2026-09-06 08:02:47,원룸,50170387,월세,02,경기도 양주시 덕계동,양주시,덕계동,1000,65,0,33.9,10.25,2,U풀옵션 1.5룸U 역세권 U 신축U 두번째입주U,https://www.zigbang.com/home/apt/items/50170387
2026-09-06 08:02:47,원룸,50190339,월세,01,경기도 양주시 고읍동,양주시,고읍동,200,35,0,17.73,5.36,3,"풀옵션,협의입주가능,빌트인냉장고등등,신축,여유로운주차",https://www.zigbang.com/home/apt/items/50190339
2026-09-06 08:02:47,원룸,50227174,전세,05,경기도 양주시 덕계동,양주시,덕계동,24900,0,0,70.43,21.3,2,"왕왕 추천,에어컨2대,엘리베이터,빠른입주가능해요",https://www.zigbang.com/home/apt/items/50227174
2026-09-06 08:02:47,원룸,50232047,월세,01,경기도 양주시 고암동,양주시,고암동,500,45,0,26.44,8.0,3,"신축 ,가성비 최고,두번째입주,풀옵션,지역대비 저렴한월세",https://www.zigbang.com/home/apt/items/50232047
2026-09-06 08:02:47,원룸,50240559,월세,01,경기도 양주시 덕계동,양주시,덕계동,400,49,0,23.15,7.0,2,"신축. 풀옵션, 즉시입주, 엘베설치",https://www.zigbang.com/home/apt/items/50240559
2026-09-06 08:02:47,원룸,50270129,월세,01,경기도 양주시 고암동,양주시,고암동,200,27,0,23.14,7.0,2,원룸 오픈형 옵션좋고 조용한 방이예요,https://www.zigbang.com/home/apt/items/50270129
2026-09-06 08:02:47,원룸,50278191,월세,01,경기도 양주시 광사동,양주시,광사동,500,55,0,38.49,11.64,7,"첫입주 오피스텔,주차가능,즉시입주,풀옵션,전입신고,애견가능",https://www.zigbang.com/home/apt/items/50278191
2026-09-06 08:02:47,원룸,50278213,월세,01,경기도 양주시 고암동,양주시,고암동,500,53,0,20,6.05,3,"공실,준신축,새련된 인테리어,주차편리,CCTV,버스정류장",https://www.zigbang.com/home/apt/items/50278213
2026-09-06 08:02:47,원룸,50288090,월세,01,경기도 양주시 덕계동,양주시,덕계동,300,30,0,20.2,6.11,2,"주방분리형 풀옵션, 즉시입주가능",https://www.zigbang.com/home/apt/items/50288090
2026-09-06 08:02:47,원룸,50295375,월세,02,경기도 양주시 광사동,양주시,광사동,500,80,0,40,12.1,고,"즉시입주가능한 오피스텔,풀옵션,스타일러,상권좋고 주차가능",https://www.zigbang.com/home/apt/items/50295375
2026-09-06 08:02:48,원룸,49843995,월세,02,경기도 동두천시 동두천동,동두천시,동두천동,500,40,0,23.76,7.19,4,"최신원룸, 엘레베이트 유 주방분리형 , 동양대 큰 방.",https://www.zigbang.com/home/apt/items/49843995
2026-09-06 08:02:48,원룸,49874961,월세,01,경기도 동두천시 동두천동,동두천시,동두천동,400,29,0,23.14,7.0,2,"동양대코앞원룸, 미군부대, 세코닉스 가격좋고 예쁜 원룸",https://www.zigbang.com/home/apt/items/49874961
2026-09-06 08:02:48,원룸,50252113,월세,01,경기도 동두천시 동두천동,동두천시,동두천동,500,40,0,29.75,9.0,5,"큰방 원룸, 동양대 바로앞, 미군부대, 역 5분",https://www.zigbang.com/home/apt/items/50252113
2026-09-06 08:02:48,원룸,50018516,월세,02,경기도 양주시 옥정동,양주시,옥정동,500,55,0,33.6,10.16,3,"분리형1.5룸,넓어요,환해요,풀옵션",https://www.zigbang.com/home/apt/items/50018516
2026-09-06 08:02:48,원룸,50163873,월세,02,경기도 양주시 옥정동,양주시,옥정동,500,55,0,24,7.26,3,"1.5룸,화이트톤,풀옵션,주차편리,1000.50가능",https://www.zigbang.com/home/apt/items/50163873
2026-09-06 08:02:48,원룸,50252981,월세,03,경기도 양주시 옥정동,양주시,옥정동,100,65,0,45.76,13.84,5,선납방Xl 단기임대 l 신축 북층형 오피스텔,https://www.zigbang.com/home/apt/items/50252981
2026-09-06 08:02:48,원룸,50252987,월세,03,경기도 양주시 옥정동,양주시,옥정동,100,63,0,41.12,12.44,3,선납방X 단기가능 옥정신도시 입주날짜확인,https://www.zigbang.com/home/apt/items/50252987
2026-09-06 08:02:48,원룸,50253021,월세,03,경기도 양주시 옥정동,양주시,옥정동,100,65,0,45.76,13.84,5,선납방Xl 단기임대 l 신축 북층형 오피스텔,https://www.zigbang.com/home/apt/items/50253021
2026-09-06 08:02:48,원룸,50253042,월세,03,경기도 양주시 옥정동,양주시,옥정동,100,65,0,45.76,13.84,4,선납방Xl 단기임대 l 신축 북층형 오피스텔,https://www.zigbang.com/home/apt/items/50253042
2026-09-06 08:02:48,원룸,50266087,월세,04,경기도 양주시 옥정동,양주시,옥정동,250,90,0,74.05,22.4,4,ㅡㅡNEW단기임대 가능 신축 투룸 북층형 오피스텔,https://www.zigbang.com/home/apt/items/50266087
2026-09-06 08:02:48,원룸,50266095,월세,04,경기도 양주시 옥정동,양주시,옥정동,250,90,0,100.63,30.44,중,선납방X  옥정유일한 단기임대 l 투룸 l,https://www.zigbang.com/home/apt/items/50266095
2026-09-06 08:02:48,원룸,50266128,월세,04,경기도 양주시 옥정동,양주시,옥정동,250,90,0,100.63,30.44,4,선납방X  옥정유일한 단기임대 l 투룸 l,https://www.zigbang.com/home/apt/items/50266128
2026-09-06 08:02:48,원룸,50278206,월세,03,경기도 양주시 옥정동,양주시,옥정동,500,68,0,38,11.49,11,"렌트한달,완벽풀옵션오피스텔,옥정중심상가 내위치.컨디션 굿",https://www.zigbang.com/home/apt/items/50278206
2026-09-06 08:02:48,원룸,50289767,월세,03,경기도 양주시 옥정동,양주시,옥정동,250,85,0,81.99,24.8,중,ㅡㅡNEW 1.5룸ㅣ신축1.5룸ㅣ단기임대ㅣ,https://www.zigbang.com/home/apt/items/50289767
2026-09-06 08:02:48,원룸,50295354,월세,01,경기도 양주시 옥정동,양주시,옥정동,300,50,0,20,6.05,2,"원룸,즉시입주가능,주차너무 편리,집보기언제든,풀옵션,엘베",https://www.zigbang.com/home/apt/items/50295354
2026-09-06 08:02:48,원룸,50125433,월세,02,경기도 포천시 선단동,포천시,선단동,1000,60,0,30,9.07,4,즉시입주.주차편리.넉넉한분리형1.5룸.차의과대학11분,https://www.zigbang.com/home/apt/items/50125433
2026-09-06 08:02:48,원룸,50126215,월세,02,경기도 포천시 선단동,포천시,선단동,1000,55,0,30,9.07,3,즉시입주.주차편리.넉넉한분리형1.5룸.차의과대학11분,https://www.zigbang.com/home/apt/items/50126215
2026-09-06 08:02:48,원룸,50147797,월세,01,경기도 포천시 선단동,포천시,선단동,500,58,0,30.96,9.37,2,신축 원룸 해 잘드는 집 공실 바로입주가능 관리잘됨,https://www.zigbang.com/home/apt/items/50147797
2026-09-06 08:02:48,원룸,50199515,전세,01,경기도 포천시 선단동,포천시,선단동,3500,0,0,18.05,5.46,4,선단동 동사무소 인근 넓고 깨끗한 원룸 입니다,https://www.zigbang.com/home/apt/items/50199515
2026-09-06 08:02:48,원룸,50252645,월세,01,경기도 포천시 선단동,포천시,선단동,100,29,0,9.92,3.0,2,선단동 주민센터 앞 대명 원룸텔 206호,https://www.zigbang.com/home/apt/items/50252645
2026-09-06 08:02:49,원룸,50088446,월세,02,경기도 이천시 신둔면 남정리,이천시,신둔면,2000,40,0,29.75,9.0,3,신둔면 남정리신둔역인근 신축급1.5룸  월세,https://www.zigbang.com/home/apt/items/50088446
2026-09-06 08:02:49,원룸,50088476,월세,02,경기도 이천시 신둔면 남정리,이천시,신둔면,2000,40,0,28.1,8.5,3,산둔면 남정리 신둔역인근신축풀옵션1.5룸 월세,https://www.zigbang.com/home/apt/items/50088476
2026-09-06 08:02:49,원룸,50179220,월세,01,경기도 이천시 신둔면 남정리,이천시,신둔면,500,55,0,25.63,7.75,1,신 둔역도보  가능한 거리 신축 새집첫 입주,https://www.zigbang.com/home/apt/items/50179220
2026-09-06 08:02:49,원룸,50179257,월세,01,경기도 이천시 신둔면 남정리,이천시,신둔면,3000,35,0,25.63,7.75,1,신축새집 첫입주입주 신둔역 인근,https://www.zigbang.com/home/apt/items/50179257
2026-09-06 08:02:49,원룸,50269388,월세,01,경기도 이천시 신둔면 고척리,이천시,신둔면,200,30,0,20,6.05,1,신둔예스파크삼거리 단층 원룸 즉시입주,https://www.zigbang.com/home/apt/items/50269388
2026-09-06 08:02:37,원룸,50247251,월세,02,경기도 김포시 양촌읍 양곡리,김포시,양촌읍,300,30,0,26.45,8.0,3,"즉시입주가능한 1.5룸 분리형 원룸, 컨디션 최고 청소완료",https://www.zigbang.com/home/apt/items/50247251
2026-09-06 08:02:37,원룸,50289333,월세,01,경기도 김포시 양촌읍 양곡리,김포시,양촌읍,200,29,0,21.49,6.5,2,"풀옵션 즉시입주 가능한 원룸, 편의시설 인근 대중교통편리",https://www.zigbang.com/home/apt/items/50289333
2026-09-06 08:02:37,원룸,50294644,월세,02,경기도 김포시 양촌읍 양곡리,김포시,양촌읍,300,34,0,25,7.56,3,ㅡ이룸ㅡ 최저가 최고의가성비 최상급컨디션 풀옵션 1.5룸,https://www.zigbang.com/home/apt/items/50294644
2026-09-06 08:02:50,원룸,50091349,월세,01,경기도 이천시 부발읍 무촌리,이천시,부발읍,3000,25,0,27,8.17,2,"즉시입주가능, 무촌리 컨디션 좋은 오픈형 원룸",https://www.zigbang.com/home/apt/items/50091349
2026-09-06 08:02:50,원룸,50124870,월세,02,경기도 이천시 부발읍 무촌리,이천시,부발읍,500,50,0,34,10.28,3,방 1 거실1  1.5룽신축 급 풀옵션,https://www.zigbang.com/home/apt/items/50124870
2026-09-06 08:02:50,원룸,50198722,월세,02,경기도 이천시 부발읍 무촌리,이천시,부발읍,1000,45,0,21,6.35,3,"보증금조절협의, 단기가능 부발초인근원룸",https://www.zigbang.com/home/apt/items/50198722
2026-09-06 08:02:50,원룸,50250146,월세,01,경기도 이천시 부발읍 무촌리,이천시,부발읍,300,40,0,24,7.26,3,"부발초 인근, 보증금 조절 가능한 저렴한 월세 단기가능",https://www.zigbang.com/home/apt/items/50250146
2026-09-06 08:02:50,원룸,50288209,월세,02,경기도 이천시 부발읍 무촌리,이천시,부발읍,500,42,0,23.14,7.0,4,이천시 무촌리 부발초인근 분리형원룸월세,https://www.zigbang.com/home/apt/items/50288209
2026-09-06 08:02:50,원룸,50288272,월세,02,경기도 이천시 부발읍 무촌리,이천시,부발읍,1700,33,0,23.14,7.0,4,이천시 무촌리 부발초 맞은편 분리형원룸 월세,https://www.zigbang.com/home/apt/items/50288272
2026-09-06 08:02:50,원룸,50288375,전세,02,경기도 이천시 부발읍 무촌리,이천시,부발읍,4500,0,0,23.14,7.0,3,이천시 부발초 맞은편 주차 편리하고 저렴한 전세,https://www.zigbang.com/home/apt/items/50288375
2026-09-06 08:02:50,원룸,50224108,월세,02,경기도 이천시 백사면 현방리,이천시,백사면,500,45,0,29.75,9.0,1,백사면 현방리 신축1.5룸월세임대합니다,https://www.zigbang.com/home/apt/items/50224108
2026-09-06 08:02:50,원룸,50224124,월세,02,경기도 이천시 백사면 현방리,이천시,백사면,500,45,0,29.75,9.0,1,백사면 현방리 신축1.5룸월세임대합니다,https://www.zigbang.com/home/apt/items/50224124
2026-09-06 08:02:50,원룸,50000404,월세,01,경기도 여주시 월송동,여주시,월송동,500,41,0,36.1,10.92,3,"깔끔한 1.5룸,가남,골프장 , 출,퇴근편리,풀옵션",https://www.zigbang.com/home/apt/items/50000404
2026-09-06 08:02:50,원룸,50047695,월세,02,경기도 여주시 월송동,여주시,월송동,500,41,0,33.6,10.16,4,"반려동물가능,햇살 가득한 집, 집상태최상, 풀옵션",https://www.zigbang.com/home/apt/items/50047695
2026-09-06 08:02:50,원룸,50065800,월세,02,경기도 여주시 월송동,여주시,월송동,500,41,0,42.3,12.8,4,"깨끗한 준신축 1,5룸,막힘없는뷰,생활편의시설좋음,조용함",https://www.zigbang.com/home/apt/items/50065800
2026-09-06 08:02:53,원룸,50000463,월세,02,경기도 여주시 오학동,여주시,오학동,300,43,0,48.1,14.55,3,"풀옵션,애완동물가능,집상태최상,생활편의시설좋음,대신방향 출",https://www.zigbang.com/home/apt/items/50000463
2026-09-06 08:02:53,원룸,50000513,월세,01,경기도 여주시 오학동,여주시,오학동,300,40,0,24.1,7.29,3,"애완동물가능,풀옵션,북내,대신,물류창고 출 퇴근 편리",https://www.zigbang.com/home/apt/items/50000513
2026-09-06 08:02:53,원룸,50047689,월세,02,경기도 여주시 현암동,여주시,현암동,500,43,0,39.9,12.07,4,"준신축,풀옵션,침대,햇살 가득한 남향,집상태최상, 큰 원룸",https://www.zigbang.com/home/apt/items/50047689
2026-09-06 08:02:53,원룸,50114908,월세,02,경기도 여주시 오학동,여주시,오학동,300,48,0,35.3,10.68,4,"애완동물가능,집상태최상 남서향,풀옵션 대중교통이용 대신방향",https://www.zigbang.com/home/apt/items/50114908
2026-09-06 08:02:53,원룸,50115364,월세,02,경기도 여주시 오학동,여주시,오학동,300,46,0,35.1,10.62,4,"애완동물가능,풀옵션,즉시입주,햇살가득한집,집상태최상",https://www.zigbang.com/home/apt/items/50115364
2026-09-06 08:02:53,원룸,50224375,월세,01,경기도 여주시 현암동,여주시,현암동,300,40,0,23.14,7.0,2,풀 옵션 집 상태 최상 생활권 편리 대신방향 출 퇴근편리,https://www.zigbang.com/home/apt/items/50224375
2026-09-06 08:02:54,원룸,50081114,월세,02,강원도 원주시 문막읍 동화리,원주시,문막읍,300,35,0,19.39,5.87,3,문막 동화리  합리적인 분리형 원룸입니다  실용적 입니다,https://www.zigbang.com/home/apt/items/50081114
2026-09-06 08:02:54,원룸,50226438,월세,02,강원도 원주시 문막읍 건등리,원주시,문막읍,300,45,0,22.6,6.84,3,문막초 인근 분리형원룸 경동대셔틀,https://www.zigbang.com/home/apt/items/50226438
2026-09-06 08:02:54,원룸,50262023,월세,01,강원도 원주시 문막읍 동화리,원주시,문막읍,300,40,0,19.83,6.0,3,동화초 인근 너무 예쁜 원룸입니다,https://www.zigbang.com/home/apt/items/50262023
2026-09-06 08:02:54,원룸,50262042,월세,02,강원도 원주시 문막읍 동화리,원주시,문막읍,300,35,0,23,6.96,2,동화초 인근 깨끗한 원룸,https://www.zigbang.com/home/apt/items/50262042
2026-09-06 08:02:54,원룸,49873806,월세,01,강원도 원주시 문막읍 문막리,원주시,문막읍,300,40,0,23.14,7.0,3,문막볼링장 인근 개인테라스 있는 분리형원룸 입니다,https://www.zigbang.com/home/apt/items/49873806
2026-09-06 08:02:54,원룸,50185777,월세,01,강원도 원주시 흥업면 흥업리,원주시,흥업면,10,160,0,22,6.65,2,ㅇ신ㅇ한학기가능 공과금 전기세만내면OK  한라대도보5분,https://www.zigbang.com/home/apt/items/50185777
2026-09-06 08:02:54,원룸,50215327,월세,01,강원도 원주시 흥업면 흥업리,원주시,흥업면,50,25,0,33.06,10.0,3,"흥업리 강원대 인근 신축급 원룸 풀풀옵션, 깨끗한 방",https://www.zigbang.com/home/apt/items/50215327
2026-09-06 08:02:54,원룸,50218290,월세,01,강원도 원주시 흥업면 흥업리,원주시,흥업면,50,25,0,26.45,8.0,3,ll6개월.반학기OKll신축.초저렴ll,https://www.zigbang.com/home/apt/items/50218290
2026-09-06 08:02:54,원룸,50222298,월세,01,강원도 원주시 흥업면 흥업리,원주시,흥업면,10,22,0,33,9.98,1,o신o학교앞 실속형원룸 구하신다면 여기 풀옵션 조용한방,https://www.zigbang.com/home/apt/items/50222298
2026-09-06 08:02:54,원룸,50290304,월세,02,강원도 원주시 흥업면 흥업리,원주시,흥업면,100,34,0,36.36,11.0,2,"흥업리 신축급1.5룸 풀옵션,강원대 도보로 7분,단기가능",https://www.zigbang.com/home/apt/items/50290304
2026-09-06 08:02:54,원룸,50136827,월세,01,강원도 원주시 무실동,원주시,무실동,50,55,0,19.83,6.0,3,ll2개월OKllS급신축.인기폭발ll,https://www.zigbang.com/home/apt/items/50136827
2026-09-06 08:02:54,원룸,50246893,월세,02,강원도 원주시 무실동,원주시,무실동,200,35,0,29,8.77,2,ㅇ신ㅇ준신축 분리형원룸깔끔 주차천국 넓은방 남원주 ic인근,https://www.zigbang.com/home/apt/items/50246893
2026-09-06 08:02:54,원룸,50117610,월세,01,강원도 원주시 흥업면 흥업리,원주시,흥업면,200,30,0,33.06,10.0,2,"흥업리 신축원룸 풀풀옵션, 강원대 도보로 2분,단기가능",https://www.zigbang.com/home/apt/items/50117610
2026-09-06 08:02:54,원룸,49985677,월세,02,강원도 원주시 단계동,원주시,단계동,300,40,0,36,10.89,3,"신축, 풀옵션1.5룸, 즉시입주, 남향, 주차0",https://www.zigbang.com/home/apt/items/49985677
2026-09-06 08:02:54,원룸,50100488,월세,01,강원도 원주시 우산동,원주시,우산동,30,160,0,33.06,10.0,1,ll4개월.반학기OKll풀옵션ll,https://www.zigbang.com/home/apt/items/50100488
2026-09-06 08:02:54,원룸,50128786,월세,02,강원도 원주시 우산동,원주시,우산동,200,30,0,33.06,10.0,2,"우산동 우체국 부근 싸고좋은 깔끔한1.5룸 풀옵션,단기가능",https://www.zigbang.com/home/apt/items/50128786
2026-09-06 08:02:54,원룸,50129106,월세,02,강원도 원주시 학성동,원주시,학성동,300,39,0,31,9.38,3,"학성동 하이마트사거리주차장넓은신축1,5",https://www.zigbang.com/home/apt/items/50129106
2026-09-06 08:02:54,원룸,50200980,월세,01,강원도 원주시 우산동,원주시,우산동,60,22,0,26.44,8.0,3,ll단기임대OKll몽땅포함.가성비폭발ll,https://www.zigbang.com/home/apt/items/50200980
2026-09-06 08:02:54,원룸,50208614,월세,01,강원도 원주시 우산동,원주시,우산동,200,32,0,33.05,10.0,3,우산동 상지대 정문쪽 깨끗한 신축급 넓은원룸 풀풀옵션,https://www.zigbang.com/home/apt/items/50208614
2026-09-06 08:02:54,원룸,50211047,월세,02,강원도 원주시 우산동,원주시,우산동,200,40,0,33.06,10.0,3,ll반학기.5개월OKll신축1.5룸ll,https://www.zigbang.com/home/apt/items/50211047
2026-09-06 08:02:54,원룸,50230190,월세,02,강원도 원주시 학성동,원주시,학성동,300,35,0,39.68,12.0,1,단계동 신축급1.5룸 풀옵션.최상급.예쁜방.거실과 방이넓음,https://www.zigbang.com/home/apt/items/50230190
2026-09-06 08:02:54,원룸,50261894,월세,01,강원도 원주시 우산동,원주시,우산동,300,30,0,36.38,11.0,4,"우산동 상지대 도보로 10여분, 깨끗한 넓은원룸 풀풀옵션",https://www.zigbang.com/home/apt/items/50261894
2026-09-06 08:02:54,원룸,50289880,월세,02,강원도 원주시 단계동,원주시,단계동,300,32,0,29.75,9.0,2,o신o 주차매우편리 주방분리형원룸 채광좋음 단계현대부근,https://www.zigbang.com/home/apt/items/50289880
2026-09-06 08:02:54,원룸,50291590,월세,02,강원도 원주시 단계동,원주시,단계동,300,30,0,33.06,10.0,2,주차와생활권편리 풀옵션깨끗한 분리형,https://www.zigbang.com/home/apt/items/50291590
2026-09-06 08:02:54,원룸,50296723,월세,02,강원도 원주시 우산동,원주시,우산동,100,30,0,29.76,9.0,1,"우산동 주방분리형 풀풀옵션,모든공과금 포함,단기 가능한 방",https://www.zigbang.com/home/apt/items/50296723
2026-09-06 08:02:54,원룸,50157020,월세,02,강원도 원주시 단계동,원주시,단계동,30,30,0,29.75,9.0,2,ll1개월.동물OKll주차짱ll,https://www.zigbang.com/home/apt/items/50157020
2026-09-06 08:02:54,원룸,50302250,월세,02,강원도 원주시 단계동,원주시,단계동,300,43,0,34,10.28,2,단계동 준신축 1.5룸 즉시입주,https://www.zigbang.com/home/apt/items/50302250
2026-09-06 08:02:54,원룸,50302260,월세,02,강원도 원주시 개운동,원주시,개운동,300,40,0,33,9.98,2,개운동 신축급 컨디션 1.5룸 엘베있음.,https://www.zigbang.com/home/apt/items/50302260
2026-09-06 08:02:43,원룸,50281238,월세,01,서울시 도봉구 쌍문동,도봉구,쌍문동,3000,67,0,25,7.56,2,엄청큰 l 신축 l 채광좋음,https://www.zigbang.com/home/apt/items/50281238
2026-09-06 08:02:56,원룸,50226478,월세,01,경기도 남양주시 화도읍 마석우리,남양주시,화도읍,2000,60,0,46.2,13.98,3,마석역 도보 5분. 풀옵션에 엘레베이터를 갖춘 깔끔한 투룸,https://www.zigbang.com/home/apt/items/50226478
2026-09-06 08:02:58,원룸,49972477,월세,01,경기도 포천시 일동면 기산리,포천시,일동면,300,30,0,17,5.14,3,시내에 위치한 작지만 깔끔한 원룸 임대,https://www.zigbang.com/home/apt/items/49972477
2026-09-06 08:02:58,원룸,50003098,월세,01,경기도 포천시 일동면 기산리,포천시,일동면,300,20,0,20,6.05,6,위치좋은곳에 있는 6층 원룸 임대,https://www.zigbang.com/home/apt/items/50003098
2026-09-06 08:02:58,원룸,50081906,월세,01,경기도 포천시 일동면 기산리,포천시,일동면,500,30,0,20,6.05,1,약간 시외에 떨어진 조용한곳에 위치한 원룸 임대 단기가능,https://www.zigbang.com/home/apt/items/50081906
2026-09-06 08:02:58,원룸,50081922,월세,01,경기도 포천시 일동면 기산리,포천시,일동면,500,30,0,20,6.05,1,시내에 있는 신축급 원룸 1층 임대,https://www.zigbang.com/home/apt/items/50081922
2026-09-06 08:02:58,원룸,50122388,전세,03,경기도 포천시 일동면 기산리,포천시,일동면,5000,0,0,35,10.59,1,시내에서 약간떨어진 조용한곳에 위치한 복층형원룸 전세임대,https://www.zigbang.com/home/apt/items/50122388
2026-09-06 08:02:58,원룸,50159090,월세,01,경기도 포천시 일동면 기산리,포천시,일동면,500,30,0,20,6.05,3,시내에 위치한 원룸 월세 임대,https://www.zigbang.com/home/apt/items/50159090
2026-09-06 08:02:58,원룸,50187441,월세,01,경기도 포천시 일동면,포천시,일동면,500,50,0,30,9.07,2,일동 초입에 위치한 신축 원룸 임대,https://www.zigbang.com/home/apt/items/50187441
2026-09-06 08:02:58,원룸,50260601,월세,01,경기도 포천시 일동면 기산리,포천시,일동면,300,30,0,25,7.56,1,일동초입에 위치한 원룸치고 넓은 방 1층 월세,https://www.zigbang.com/home/apt/items/50260601
2026-09-06 08:02:58,원룸,50260668,월세,01,경기도 포천시 일동면 기산리,포천시,일동면,2500,20,0,20,6.05,5,시내 인근에 위치한 리모델링한 원룸 월세 반전세 전세임대,https://www.zigbang.com/home/apt/items/50260668
2026-09-06 08:02:58,원룸,50265355,월세,01,경기도 포천시 일동면 기산리,포천시,일동면,3000,10,0,25,7.56,1,시내 주택가에 위치한  원룸 반전세 전세 1층 임대,https://www.zigbang.com/home/apt/items/50265355
2026-09-06 08:02:59,원룸,50209504,월세,01,강원도 홍천군 남면 양덕원리,홍천군,남면,1000,48,0,36.36,11.0,2,풀옵션 1.5룸 홍천 남면 양덕원리,https://www.zigbang.com/home/apt/items/50209504
2026-09-06 08:02:59,원룸,50281558,월세,01,강원도 홍천군 남면 양덕원리,홍천군,남면,1000,35,0,26.45,8.0,2,주방분리형 풀옵션원룸.,https://www.zigbang.com/home/apt/items/50281558
2026-09-06 08:02:59,원룸,50287135,전세,02,강원도 홍천군 남면 양덕원리,홍천군,남면,4500,0,0,45,13.61,3,준신축1.5룸 전세 나 반전세가능 풀옵션 즉시입주가능,https://www.zigbang.com/home/apt/items/50287135
2026-09-06 08:03:00,원룸,50097543,월세,01,강원도 홍천군 홍천읍 연봉리,홍천군,홍천읍,300,35,0,9,2.72,2,주방분리형원룸 풀옵션 올리모델링 상태좋음 즉시입주가능,https://www.zigbang.com/home/apt/items/50097543
2026-09-06 08:03:00,원룸,50123490,월세,02,강원도 홍천군 홍천읍 연봉리,홍천군,홍천읍,500,40,0,33.06,10.0,2,"분리형 원룸,터미널도보가능 상태최상 굿 굿",https://www.zigbang.com/home/apt/items/50123490
2026-09-06 08:03:00,원룸,50150322,월세,01,강원도 홍천군 홍천읍 연봉리,홍천군,홍천읍,500,35,0,33.06,10.0,1,여성분만가능 이쁜오픈형원룸,https://www.zigbang.com/home/apt/items/50150322
2026-09-06 08:03:00,원룸,50194497,월세,02,강원도 홍천군 홍천읍 연봉리,홍천군,홍천읍,500,35,0,33.06,10.0,3,연봉리 1.5룸 풀옵션 가성비갑,https://www.zigbang.com/home/apt/items/50194497
2026-09-06 08:03:00,원룸,50222693,월세,02,강원도 홍천군 홍천읍 연봉리,홍천군,홍천읍,3000,25,0,33.05,10.0,2,풀옵션 원룸 즉시입주,https://www.zigbang.com/home/apt/items/50222693
2026-09-06 08:03:00,원룸,50232120,월세,02,강원도 홍천군 홍천읍 연봉리,홍천군,홍천읍,300,38,0,33.06,10.0,2,넓은분리형원룸 상태깔끔가성비좋음,https://www.zigbang.com/home/apt/items/50232120
2026-09-06 08:03:00,원룸,50234953,월세,02,강원도 홍천군 홍천읍 연봉리,홍천군,홍천읍,300,35,0,26.45,8.0,1,가성비좋은 연봉원룸,https://www.zigbang.com/home/apt/items/50234953
2026-09-06 08:03:00,원룸,50246285,월세,01,강원도 홍천군 홍천읍 연봉리,홍천군,홍천읍,1000,30,0,30,9.07,7,아파트형원룸 풀옵션 엘리베이터 有,https://www.zigbang.com/home/apt/items/50246285
2026-09-06 08:03:00,원룸,50294061,월세,02,강원도 홍천군 홍천읍 연봉리,홍천군,홍천읍,500,45,0,33.06,10.0,2,분리형 FULL옵션인테리어 이쁜원룸,https://www.zigbang.com/home/apt/items/50294061
2026-09-06 08:03:02,원룸,50281722,월세,02,강원도 춘천시 소양로1가,춘천시,소양로1가,2000,40,0,46.28,14.0,중,환상의 뷰를 자랑하는 스마트 오피스텔,https://www.zigbang.com/home/apt/items/50281722
2026-09-06 08:03:02,원룸,50286980,월세,02,강원도 춘천시 요선동,춘천시,요선동,300,42,0,29.01,8.78,2,"ㅣ도청,시청 출퇴근 편리ㅣ깔끔한 집ㅣAAA급ㅣ",https://www.zigbang.com/home/apt/items/50286980
2026-09-06 08:03:02,원룸,50288402,월세,02,강원도 춘천시 후평동,춘천시,후평동,300,45,0,30,9.07,3,후평동 동광오거리 부근 신축 고급형 1.5룸 풀옵션,https://www.zigbang.com/home/apt/items/50288402
2026-09-06 08:03:02,원룸,50288966,월세,02,강원도 춘천시 교동,춘천시,교동,300,35,0,26,7.86,1,"한림대인근, 향교인근 위치한 신축급 원룸 도청 시청인근",https://www.zigbang.com/home/apt/items/50288966
2026-09-06 08:03:02,원룸,50293334,월세,02,강원도 춘천시 옥천동,춘천시,옥천동,200,35,0,23.2,7.02,2,l시.도청인근l 오픈형원룸월세l 동네조용하며 가성비 최고.,https://www.zigbang.com/home/apt/items/50293334
2026-09-06 08:03:02,원룸,50295659,월세,02,강원도 춘천시 옥천동,춘천시,옥천동,500,40,0,28,8.47,4,"ㅁㅁ 한림대 최단거리, 풀옵션 1.5룸,",https://www.zigbang.com/home/apt/items/50295659
2026-09-06 08:03:02,원룸,50302150,전세,02,강원도 춘천시 후평동,춘천시,후평동,8500,0,0,36,10.89,3,"ㅁㅁ 포스코 근처, 대박 넓은 1.5룸,",https://www.zigbang.com/home/apt/items/50302150
2026-09-06 08:03:01,원룸,50293196,월세,02,강원도 춘천시 효자동,춘천시,효자동,100,24,0,19.83,6.0,1,강대 후문 주방분리형 전세입니다,https://www.zigbang.com/home/apt/items/50293196
2026-09-06 08:03:01,원룸,50293241,월세,02,강원도 춘천시 효자동,춘천시,효자동,200,32,0,16.53,5.0,1,강원대학교 자대 2분거리 원룸,https://www.zigbang.com/home/apt/items/50293241
2026-09-06 08:03:01,원룸,50293319,월세,01,강원도 춘천시 효자동,춘천시,효자동,200,30,0,19.82,6.0,2,강원대 자대3분거리 청소년 수련원인근 넓은 원룸,https://www.zigbang.com/home/apt/items/50293319
2026-09-06 08:03:01,원룸,50293362,월세,02,강원도 춘천시 효자동,춘천시,효자동,200,42,0,26.45,8.0,1,공대쪽문에 1분거리 해잘드는  베란다 분리형 방,https://www.zigbang.com/home/apt/items/50293362
2026-09-06 08:03:01,원룸,50293398,월세,01,강원도 춘천시 효자동,춘천시,효자동,50,25,0,16.53,5.0,1,"강대 쪽문에서 4분 거리원룸, 가격 저렴",https://www.zigbang.com/home/apt/items/50293398
2026-09-06 08:03:01,원룸,50294812,월세,02,강원도 춘천시 효자동,춘천시,효자동,300,50,0,30.2,9.14,3,ㅣ강대후문ㅣ빠른입주ㅣ풀옵션ㅣ깔끔한 집ㅣ,https://www.zigbang.com/home/apt/items/50294812
2026-09-06 08:03:01,원룸,50297116,월세,01,강원도 춘천시 석사동,춘천시,석사동,200,35,0,20,6.05,1,석사동 세경5차 공지천 주변인근 깔끔한 원룸,https://www.zigbang.com/home/apt/items/50297116
2026-09-06 08:03:01,원룸,50298167,월세,02,강원도 춘천시 효자동,춘천시,효자동,500,38,0,24,7.26,2,신축급리모델링 첫입주,https://www.zigbang.com/home/apt/items/50298167
2026-09-06 08:03:01,원룸,50299712,월세,04,강원도 춘천시 근화동,춘천시,근화동,1000,70,0,90.67,27.43,6,투룸 중 제일 큰 매물입니다.,https://www.zigbang.com/home/apt/items/50299712
2026-09-06 08:03:01,원룸,50299755,전세,01,강원도 춘천시 근화동,춘천시,근화동,6400,0,0,37.18,11.25,5,"전세 대출 가능, 보증 보험 가입 가능, 빠른 입주 가능",https://www.zigbang.com/home/apt/items/50299755
2026-09-06 08:03:01,원룸,50299802,월세,01,강원도 춘천시 근화동,춘천시,근화동,500,49,0,40.61,12.28,18,세입자와 협의 후 빠른 입주 가능합니다.,https://www.zigbang.com/home/apt/items/50299802
2026-09-06 08:03:01,원룸,50300220,월세,02,강원도 춘천시 온의동,춘천시,온의동,500,40,0,40,12.1,2,"시외버스터미날 도보5분,풀옵션동향 분리형원룸주방넓음",https://www.zigbang.com/home/apt/items/50300220
2026-09-06 08:03:01,원룸,50300756,월세,02,강원도 춘천시 칠전동,춘천시,칠전동,300,45,0,28,8.47,3,"ㅁㅁ 인테리어 대박, 신축 풀옵션 1.5룸,",https://www.zigbang.com/home/apt/items/50300756
2026-09-06 08:03:01,원룸,50301573,월세,02,강원도 춘천시 칠전동,춘천시,칠전동,300,50,0,26,7.86,3,ㅣ조용하고 주차편리ㅣ넓고 깔끔한 인테리어ㅣ신축 1.5룸ㅣ,https://www.zigbang.com/home/apt/items/50301573
2026-09-06 08:03:04,원룸,49776218,월세,01,경상북도 문경시 모전동,문경시,모전동,500,40,0,30,9.07,4,문경여중지구내 신축 오피스텔식 원룸,https://www.zigbang.com/home/apt/items/49776218
2026-09-06 08:03:04,원룸,50108213,월세,02,경상북도 문경시 모전동,문경시,모전동,500,40,0,30,9.07,4,제일병원인근 위치한 깨끗한 원룸,https://www.zigbang.com/home/apt/items/50108213
2026-09-06 08:03:04,원룸,50160925,월세,01,경상북도 문경시 모전동,문경시,모전동,500,42,0,27,8.17,2,문경제일병원 옆 엘리베이터 있는 신축 원룸,https://www.zigbang.com/home/apt/items/50160925
2026-09-06 08:03:04,원룸,50189795,월세,02,경상북도 문경시 모전동,문경시,모전동,500,40,0,30,9.07,2,도보5분이내 편의시설.관공서있음.,https://www.zigbang.com/home/apt/items/50189795
2026-09-06 08:03:04,원룸,50196694,월세,02,경상북도 문경시 모전동,문경시,모전동,500,50,0,40,12.1,2,신원아침도시 앞 현 건축중인 신축 미니투룸 월세,https://www.zigbang.com/home/apt/items/50196694
2026-09-06 08:03:04,원룸,50200595,전세,01,경상북도 문경시 모전동,문경시,모전동,6000,0,0,30,9.07,4,문경여중앞 신축 오피스텔형 원룸,https://www.zigbang.com/home/apt/items/50200595
2026-09-06 08:03:04,원룸,50205303,월세,01,경상북도 문경시 모전동,문경시,모전동,500,40,0,27,8.17,2,신원아침도시 앞 신축원룸 월세,https://www.zigbang.com/home/apt/items/50205303
2026-09-06 08:03:04,원룸,50220674,월세,02,경상북도 문경시 모전동,문경시,모전동,4000,30,0,40,12.1,3,문경여중 뒤 신축 미니투룸 반전세,https://www.zigbang.com/home/apt/items/50220674
2026-09-06 08:03:04,원룸,50222134,월세,01,경상북도 문경시 모전동,문경시,모전동,500,40,0,27,8.17,2,신원아침도시 앞 신축원룸 월,https://www.zigbang.com/home/apt/items/50222134
2026-09-06 08:03:04,원룸,50247614,월세,01,경상북도 문경시 모전동,문경시,모전동,300,31,0,23.14,7.0,2,깨끗한 풀옵션 원룸 월세입니다.,https://www.zigbang.com/home/apt/items/50247614
2026-09-06 08:03:04,원룸,50300524,월세,02,경상북도 문경시 모전동,문경시,모전동,500,35,0,30,9.07,2,상태가 아주 좋은 원룸으로 풀옵션입니다.,https://www.zigbang.com/home/apt/items/50300524
2026-09-06 08:03:04,원룸,50047422,월세,02,경상북도 문경시 모전동,문경시,모전동,500,50,0,30,9.07,4,"위치가 좋으며 쾌적합니다.
안전편의시설되어있음",https://www.zigbang.com/home/apt/items/50047422
2026-09-06 08:03:04,원룸,50222855,월세,01,경상북도 문경시 모전동,문경시,모전동,300,31,0,23.14,7.0,2,풀옵션 오픈형 원룸 입니다.,https://www.zigbang.com/home/apt/items/50222855
2026-09-06 08:03:07,원룸,50190017,월세,01,경상북도 안동시 서후면 명리,안동시,서후면,100,25,0,29.75,9.0,1,과학대 근처 낮은 보증금에 깔끔한  원룸 월세,https://www.zigbang.com/home/apt/items/50190017
2026-09-06 08:03:08,원룸,50186795,월세,01,경상북도 영주시 하망동,영주시,하망동,200,30,0,21,6.35,2,저렴한 풀옵션 원룸,https://www.zigbang.com/home/apt/items/50186795
2026-09-06 08:03:08,원룸,50207886,월세,02,경상북도 영주시 휴천동,영주시,휴천동,200,30,0,24,7.26,3,"아아파크 아파트, 영주중학교 인근 깨끗한 원룸",https://www.zigbang.com/home/apt/items/50207886
2026-09-06 08:03:09,원룸,50249571,월세,01,경상북도 영주시 하망동,영주시,하망동,200,30,0,24,7.26,3,"빅마트, 코아루아파트, 자이아파트 인근 넓고 깨끗한 원룸",https://www.zigbang.com/home/apt/items/50249571
2026-09-06 08:03:09,원룸,50186689,월세,01,경상북도 영주시 영주동,영주시,영주동,300,38,0,21,6.35,2,깔끔하고 넓은 오픈현 원룸,https://www.zigbang.com/home/apt/items/50186689
2026-09-06 08:03:09,원룸,50299862,월세,02,경상북도 영주시 가흥동,영주시,가흥동,300,45,0,26.45,8.0,2,"화장실창문있고, 집이환하고 넓직 쾌적한 신축급 미니투룸.",https://www.zigbang.com/home/apt/items/50299862
2026-09-06 08:03:11,원룸,50099893,월세,02,충청북도 제천시 왕암동,제천시,왕암동,300,36,0,33.05,10.0,3,휴일없음 I 왕암동 엘베 있는 최신축 풀옵션 넓은 원룸,https://www.zigbang.com/home/apt/items/50099893
2026-09-06 08:03:11,원룸,50169116,월세,02,충청북도 제천시 왕암동,제천시,왕암동,500,41,0,30,9.07,2,휴일없음 왕암동 도시가스 깔끔한 풀옵션 미투,https://www.zigbang.com/home/apt/items/50169116
2026-09-06 08:03:15,원룸,50138531,월세,02,경상북도 안동시 옥동,안동시,옥동,300,26,0,30,9.07,3,옥동사거리 인근 쾌적한 환경 주방 분리형 풀옵션 원룸,https://www.zigbang.com/home/apt/items/50138531
2026-09-06 08:03:15,원룸,50179208,전세,01,경상북도 안동시 옥동,안동시,옥동,4600,0,0,39.67,12.0,4,1 엘베있고 방 넓은 햇살 짱짱 오피스텔 보증보험 가능,https://www.zigbang.com/home/apt/items/50179208
2026-09-06 08:03:15,원룸,50182771,월세,02,경상북도 안동시 옥동,안동시,옥동,300,27,0,35,10.59,3,옥동사거리 도보  wow 삼성아파트인근 넓직하고 햇살 굳,https://www.zigbang.com/home/apt/items/50182771
2026-09-06 08:03:15,원룸,50184446,월세,02,경상북도 안동시 노하동,안동시,노하동,300,28,0,33,9.98,2,ㅣSSSㅣ오피스텔느낌ㅣ선착순예상ㅣ컨디션GOODㅣ,https://www.zigbang.com/home/apt/items/50184446
2026-09-06 08:03:15,원룸,50236883,월세,02,경상북도 안동시 노하동,안동시,노하동,300,29,0,33.06,10.0,4,1 방 깔끔한 준신축 편세권 러블리한 원룸,https://www.zigbang.com/home/apt/items/50236883
2026-09-06 08:03:15,원룸,50236919,월세,02,경상북도 안동시 평화동,안동시,평화동,300,30,0,33.06,10.0,3,1 햇살 잘 들어오는 러블리 풀옵션 분리형 원룸,https://www.zigbang.com/home/apt/items/50236919
2026-09-06 08:03:15,원룸,50244888,월세,02,경상북도 안동시 태화동,안동시,태화동,300,31,0,33.06,10.0,3,1 위치좋고 금액좋은 풀옵션 분리형 원룸,https://www.zigbang.com/home/apt/items/50244888
2026-09-06 08:03:15,원룸,50247790,월세,02,경상북도 안동시 옥동,안동시,옥동,2000,81,0,89.76,27.15,4,1 날짜 협의 옥동 위치한 초깔끔 정남향 주인세대,https://www.zigbang.com/home/apt/items/50247790
2026-09-06 08:03:15,원룸,50293306,월세,02,경상북도 안동시 송현동,안동시,송현동,300,28,0,35,10.59,3,New송현동 화이트 깔끔한 분리형 원룸 위치굳,https://www.zigbang.com/home/apt/items/50293306
2026-09-06 08:03:15,원룸,50293843,월세,02,경상북도 안동시 송현동,안동시,송현동,300,26,0,35,10.59,3,NEW오피스텔형 원룸 기본옵션 더하기 침대 화장대까지,https://www.zigbang.com/home/apt/items/50293843
2026-09-06 08:03:15,원룸,50301492,월세,02,경상북도 안동시 태화동,안동시,태화동,300,36,0,33.06,10.0,3,엘베OK 안동 중심 OK 즉시입주OK,https://www.zigbang.com/home/apt/items/50301492
2026-09-06 08:03:15,원룸,50301646,월세,02,경상북도 안동시 노하동,안동시,노하동,300,30,0,33.06,10.0,4,안동역......풀옵션원룸...조용한동네.....,https://www.zigbang.com/home/apt/items/50301646
2026-09-06 08:03:15,원룸,50041596,월세,02,경상북도 안동시 천리동,안동시,천리동,200,24,0,33.06,10.0,4,1 홈플러스 인근 초 저렴 방 넓은 분리형 원룸,https://www.zigbang.com/home/apt/items/50041596
2026-09-06 08:03:15,원룸,50151617,월세,02,경상북도 안동시 평화동,안동시,평화동,300,28,0,30,9.07,2,"ㅇ 트인 전망, 채광 Good 주차까지 좋은 풀옵션원룸 ㅇ",https://www.zigbang.com/home/apt/items/50151617
2026-09-06 08:03:15,원룸,50266556,월세,02,경상북도 안동시 법상동,안동시,법상동,100,29,0,33.06,10.0,3,1 보증금 100 전기세만 별도 분리형 원룸,https://www.zigbang.com/home/apt/items/50266556
2026-09-06 08:03:15,원룸,50284817,월세,02,경상북도 안동시 당북동,안동시,당북동,100,36,0,33.06,10.0,2,단기가능 매물 신축급 선착순 1분,https://www.zigbang.com/home/apt/items/50284817
2026-09-06 08:03:15,원룸,50302055,월세,02,경상북도 안동시 동문동,안동시,동문동,300,29,0,26,7.86,3,"상지대, 안동 의료원 인근 준신축 건물 화사한 풀옵션 원룸",https://www.zigbang.com/home/apt/items/50302055
2026-09-06 08:03:41,원룸,50115580,월세,01,강원도 강릉시 옥계면 현내리,강릉시,옥계면,200,35,0,19.83,6.0,4,옥계면 하나로마트 인근 깔끔한 원룸,https://www.zigbang.com/home/apt/items/50115580
2026-09-06 08:03:41,원룸,50171573,월세,01,강원도 강릉시 옥계면 현내리,강릉시,옥계면,200,35,0,19.83,6.0,3,옥계면사무소 앞에 위치해 있는 원룸,https://www.zigbang.com/home/apt/items/50171573
2026-09-06 08:03:41,원룸,50171597,월세,01,강원도 강릉시 옥계면 현내리,강릉시,옥계면,200,35,0,19.83,6.0,3,깨끗하고 상권과 가까이에 위치해 있는 원룸,https://www.zigbang.com/home/apt/items/50171597
2026-09-06 08:03:41,원룸,50171664,월세,02,강원도 강릉시 옥계면 현내리,강릉시,옥계면,200,45,0,33.06,10.0,3,강릉시 옥계면 면사무소 앞  미투.,https://www.zigbang.com/home/apt/items/50171664
2026-09-06 08:03:43,원룸,50040917,월세,02,강원도 강릉시 노암동,강릉시,노암동,500,40,0,33.5,10.13,2,강릉교육문화관 인근 신축급 분리형1.5룸 ....,https://www.zigbang.com/home/apt/items/50040917
2026-09-06 08:03:43,원룸,50182897,월세,02,강원도 강릉시 노암동,강릉시,노암동,3000,65,0,83.68,25.31,2,샷시포함 부분 리모델링 된 단독주택..,https://www.zigbang.com/home/apt/items/50182897
2026-09-06 08:03:43,원룸,50280124,월세,02,강원도 강릉시 노암동,강릉시,노암동,400,45,0,29.75,9.0,3,넓고 께끗합니다,https://www.zigbang.com/home/apt/items/50280124
2026-09-06 08:03:43,원룸,50179907,월세,01,강원도 강릉시 내곡동,강릉시,내곡동,20,30,0,20,6.05,반지하,...관동대인근 풀옵션 최고 저렴한 방,https://www.zigbang.com/home/apt/items/50179907
2026-09-06 08:03:43,원룸,50190488,월세,01,강원도 강릉시 내곡동,강릉시,내곡동,150,33,0,28.32,8.57,2,관동대정문앞 도보거리 풀옵션원룸 ....,https://www.zigbang.com/home/apt/items/50190488
2026-09-06 08:03:43,원룸,50226177,월세,02,강원도 강릉시 내곡동,강릉시,내곡동,300,50,0,42.35,12.81,1,관동대 인근 신축 분리형원룸 ....,https://www.zigbang.com/home/apt/items/50226177
2026-09-06 08:03:43,원룸,50236937,월세,01,강원도 강릉시 내곡동,강릉시,내곡동,100,35,0,26,7.86,2,관대 초 가까운 넓고 저렴한 시설 좋은 방..단기가능,https://www.zigbang.com/home/apt/items/50236937
2026-09-06 08:03:43,원룸,50267878,월세,01,강원도 강릉시 내곡동,강릉시,내곡동,30,30,0,20,6.05,2,...관동대인근 풀옵션 초저렴한 원룸,https://www.zigbang.com/home/apt/items/50267878
2026-09-06 08:03:43,원룸,50275117,월세,01,강원도 강릉시 송정동,강릉시,송정동,500,53,0,26.42,7.99,2,"송정바다 도보 7분내외 도보거리, 준 신축급..",https://www.zigbang.com/home/apt/items/50275117
2026-09-06 08:03:44,원룸,50203330,월세,01,강원도 강릉시 안현동,강릉시,안현동,100,35,0,29.89,9.04,2,전원속의 원룸 풀옵션 단기가능 아산병원 차량5분 주차편리,https://www.zigbang.com/home/apt/items/50203330
2026-09-06 08:04:20,원룸,49704216,월세,02,강원도 속초시 조양동,속초시,조양동,500,50,0,33.06,10.0,2,1.5룸 저렴한 월세,https://www.zigbang.com/home/apt/items/49704216
2026-09-06 08:04:20,원룸,50112860,월세,02,강원도 속초시 조양동,속초시,조양동,2000,30,0,33,9.98,3,방1 거실1 구조 안방 남향햇빛드는집,https://www.zigbang.com/home/apt/items/50112860
2026-09-06 08:04:20,원룸,50149680,월세,02,강원도 속초시 조양동,속초시,조양동,100,65,0,36.36,11.0,1,한달 단기 임대,https://www.zigbang.com/home/apt/items/50149680
2026-09-06 08:05:11,원룸,50105285,전세,02,울산시 북구 양정동,북구,양정동,13000,0,0,62.46,18.89,3,o양정동o현차정문앞o거실커요o방2개o귀한전세o,https://www.zigbang.com/home/apt/items/50105285
2026-09-06 08:05:11,원룸,50198831,월세,02,울산시 북구 양정동,북구,양정동,1000,45,0,82.4,24.93,4,o양정동o현대차정문인근o방3개화장실2개o,https://www.zigbang.com/home/apt/items/50198831
2026-09-06 08:05:11,원룸,50219352,월세,02,울산시 북구 양정동,북구,양정동,300,55,0,50,15.12,3,거실1 방1 풀옵션 옵션까지 포함,https://www.zigbang.com/home/apt/items/50219352
2026-09-06 08:05:11,원룸,50221025,전세,02,울산시 북구 양정동,북구,양정동,7000,0,0,77.05,23.31,4,o양정동o방3개화장실1개o내부리모델링o도배장판해드려요o,https://www.zigbang.com/home/apt/items/50221025
2026-09-06 08:05:11,원룸,50278139,월세,02,울산시 북구 양정동,북구,양정동,100,27,0,23.14,7.0,1,자동차정문인근 분리형 주택,https://www.zigbang.com/home/apt/items/50278139
2026-09-06 08:05:11,원룸,50295598,월세,02,울산시 북구 염포동,북구,염포동,100,25,0,28,8.47,1,리모델링 되어있으며 현대자동차 5정문 가까움,https://www.zigbang.com/home/apt/items/50295598
2026-09-06 08:05:17,원룸,50168620,월세,02,경상북도 포항시 남구 송도동,포항시 남구,송도동,200,27,0,40,12.1,2,ㅇ 월세 저렴 ㅇ 깔끔한 미니투룸 ㅇ,https://www.zigbang.com/home/apt/items/50168620
2026-09-06 08:05:17,원룸,50280211,월세,02,경상북도 포항시 남구 송도동,포항시 남구,송도동,300,30,0,39.67,12.0,2,송도동 깨끗한 미니투룸T,https://www.zigbang.com/home/apt/items/50280211
2026-09-06 08:06:35,빌라투룸,50132095,월세,04,제주도 서귀포시 대정읍 구억리,서귀포시,대정읍,500,65,0,32.78,9.92,2,대정읍 노리매 영어교육도시 인근 신축 풀옵션급 투룸 월세,https://www.zigbang.com/home/apt/items/50132095
2026-09-06 08:06:35,빌라투룸,50238200,월세,04,제주도 서귀포시 월평동,서귀포시,월평동,300,59,0,45,13.61,2,하원마을 조용한 투룸 채광굿,https://www.zigbang.com/home/apt/items/50238200
2026-09-06 08:06:35,빌라투룸,50182694,월세,04,제주도 서귀포시 중문동,서귀포시,중문동,300,55,0,41.35,12.51,4,중문 에서 가장 저렴한 투룸 입니다.,https://www.zigbang.com/home/apt/items/50182694
2026-09-06 08:06:39,빌라투룸,50239557,전세,05,제주도 제주시 애월읍 납읍리,제주시,애월읍,21000,0,0,94.98,28.73,1,곽지해수욕장 3km 뷰가 아주 멋진 타운 하우스,https://www.zigbang.com/home/apt/items/50239557
2026-09-06 08:06:39,빌라투룸,50064261,월세,04,제주도 제주시 애월읍 애월리,제주시,애월읍,500,130,0,85.05,25.73,1,애월고 인근 아담한 소형단독주택 풀옵션,https://www.zigbang.com/home/apt/items/50064261
2026-09-06 08:06:39,빌라투룸,50108267,월세,04,제주도 제주시 애월읍 신엄리,제주시,애월읍,500,80,0,49.59,15.0,1,애월해안도로 인근 투룸 월세,https://www.zigbang.com/home/apt/items/50108267
2026-09-06 08:06:39,빌라투룸,50114010,월세,05,제주도 제주시 애월읍 고내리,제주시,애월읍,1000,125,0,81,24.5,1,"애월해안로 인근 1,2층 풀옵션",https://www.zigbang.com/home/apt/items/50114010
2026-09-06 08:06:39,빌라투룸,50158973,월세,05,제주도 제주시 애월읍 하가리,제주시,애월읍,1000,150,0,102,30.85,1,태양광 설치 하가리 단독주택 임대,https://www.zigbang.com/home/apt/items/50158973
2026-09-06 08:06:39,빌라투룸,50193984,월세,04,제주도 제주시 애월읍 고내리,제주시,애월읍,300,70,0,56.2,17.0,4,애월해안도로 위치한 풀옵션 투룸 바다뷰 스타벅스도보5분,https://www.zigbang.com/home/apt/items/50193984
2026-09-06 08:06:39,빌라투룸,50240334,매매,05,제주도 제주시 애월읍 신엄리,제주시,애월읍,15600,0,15600,59.12,17.88,1,"구엄초, 신엄중 도보 3분 가성비 갑 빌라 매매",https://www.zigbang.com/home/apt/items/50240334
2026-09-06 08:06:39,빌라투룸,50270646,월세,05,제주도 제주시 애월읍 신엄리,제주시,애월읍,2500,208,0,132.23,40.0,1,럭셔리한 신엄리 풍경마을 풀옵션 연세 농어촌민박 가능,https://www.zigbang.com/home/apt/items/50270646
2026-09-06 08:06:39,빌라투룸,50270703,월세,05,제주도 제주시 애월읍 신엄리,제주시,애월읍,1700,142,0,85.95,26.0,1,신엄리 풍경마을 타운하우스 풀옵션 단기 임대 가능,https://www.zigbang.com/home/apt/items/50270703
2026-09-06 08:06:40,빌라투룸,50070419,월세,05,제주도 제주시 애월읍 광령리,제주시,애월읍,2000,166,0,132,39.93,1,광령 타운하우스 풀옵션,https://www.zigbang.com/home/apt/items/50070419
2026-09-06 08:06:40,빌라투룸,50072860,월세,05,제주도 제주시 애월읍 고성리,제주시,애월읍,500,83,0,66.12,20.0,1,"연세만가능, 1층전원주택 생활이 가능한 곳,",https://www.zigbang.com/home/apt/items/50072860
2026-09-06 08:06:40,빌라투룸,50292339,월세,05,제주도 제주시 애월읍 유수암리,제주시,애월읍,2000,125,0,98.49,29.79,1,프라이빗한 유수암리 단독주택,https://www.zigbang.com/home/apt/items/50292339
2026-09-06 08:06:40,빌라투룸,50129722,매매,05,제주도 제주시 애월읍 하귀2리,제주시,애월읍,31000,0,31000,84.97,25.7,3,6500만원 파격 할인 귀일중 앞 신축 하귀푸르미르 매매,https://www.zigbang.com/home/apt/items/50129722
2026-09-06 08:06:40,빌라투룸,50223041,월세,05,제주도 제주시 애월읍 하귀2리,제주시,애월읍,100,60,0,59.5,18.0,3,"년세만 가능720만, 방이 큰 쓰리룸, 풀옵션, 주차 좋음",https://www.zigbang.com/home/apt/items/50223041
2026-09-06 08:06:40,빌라투룸,50276495,월세,05,제주도 제주시 애월읍 하귀2리,제주시,애월읍,200,62,0,82.64,25.0,1,"강아지 가능한 가성비 좋은 깨끗한 쓰리룸, 무옵션",https://www.zigbang.com/home/apt/items/50276495
2026-09-06 08:06:40,빌라투룸,49906038,월세,04,제주도 제주시 노형동,제주시,노형동,200,42,0,46,13.91,1,노형동 착한 연세 아담한 투룸 임대,https://www.zigbang.com/home/apt/items/49906038
2026-09-06 08:06:40,빌라투룸,50049586,월세,05,제주도 제주시 애월읍 광령리,제주시,애월읍,1000,1500,0,82.64,25.0,3,"년세만 가능1,500만, 화장실2개인 쓰리룸, 주차 좋음",https://www.zigbang.com/home/apt/items/50049586
2026-09-06 08:06:40,빌라투룸,50281461,매매,05,제주도 제주시 노형동,제주시,노형동,34000,0,34000,80.46,24.34,1,층간소음 ZERO 1층 1대 주차,https://www.zigbang.com/home/apt/items/50281461
2026-09-06 08:06:40,빌라투룸,50290777,월세,04,제주도 제주시 애월읍 광령리,제주시,애월읍,1000,108,0,83.08,25.13,1,바다뷰 최상 올리모델링 된 예쁜 단독 풀옵션 투룸 연세,https://www.zigbang.com/home/apt/items/50290777
2026-09-06 08:06:40,빌라투룸,50301468,월세,05,제주도 제주시 노형동,제주시,노형동,1500,100,0,52.26,15.81,3,즉시입주가능 노형펠리체 하나로마트인근 작은쓰리룸 반려동물,https://www.zigbang.com/home/apt/items/50301468
2026-09-06 08:06:40,빌라투룸,50283888,전세,06,제주도 제주시 노형동,제주시,노형동,48000,0,0,160.76,48.63,1,전세 2개층 방5개  지복층  노형 이안더프리미스,https://www.zigbang.com/home/apt/items/50283888
2026-09-06 08:06:40,빌라투룸,49911511,매매,05,제주도 제주시 외도일동,제주시,외도일동,37000,0,37000,68.62,20.76,3,외도일동 3억대 저렴한 신축 아파트 첫입주 쓰리룸 매매,https://www.zigbang.com/home/apt/items/49911511
2026-09-06 08:06:40,빌라투룸,50240054,월세,05,제주도 제주시 외도일동,제주시,외도일동,1000,130,0,86,26.01,10,외도 컨디션 좋은 3룸 오피스텔,https://www.zigbang.com/home/apt/items/50240054
2026-09-06 08:06:51,빌라투룸,49911582,월세,05,제주도 제주시 도련일동,제주시,도련일동,1000,141,0,73.98,22.38,3,도련일동 삼화초 인근 넓은 신축 복층 테라스 쓰리룸 년세,https://www.zigbang.com/home/apt/items/49911582
2026-09-06 08:06:51,빌라투룸,50121086,월세,04,제주도 제주시 도련이동,제주시,도련이동,500,950,0,61.63,18.64,4,도련 교통안전공단인근의 복층투룸.연세만가능,https://www.zigbang.com/home/apt/items/50121086
2026-09-06 08:06:51,빌라투룸,49911571,월세,04,제주도 제주시 조천읍 신촌리,제주시,조천읍,100,100,0,58.48,17.69,2,조천읍 신촌리 신축 첫입주 귀한 풀옵션급 저렴한 투룸 년세,https://www.zigbang.com/home/apt/items/49911571
2026-09-06 08:06:51,빌라투룸,50278403,전세,04,제주도 제주시 조천읍 함덕리,제주시,조천읍,17000,0,0,52.9,16.0,2,함덕휴채움 주거용 오피스텔  hug 보증보험 가능,https://www.zigbang.com/home/apt/items/50278403
2026-09-06 08:06:51,빌라투룸,50244882,월세,04,제주도 제주시 조천읍 와흘리,제주시,조천읍,500,101,0,65.09,19.69,1,애견가능한라산바다경원투룸년월세,https://www.zigbang.com/home/apt/items/50244882
2026-09-06 08:06:51,빌라투룸,50287494,월세,05,제주도 제주시 조천읍 와흘리,제주시,조천읍,500,110,0,71.35,21.58,3,"애견가능,한라산바다,쓰리룸복층년월세",https://www.zigbang.com/home/apt/items/50287494
2026-09-06 08:06:52,빌라투룸,50103688,월세,06,제주도 제주시 구좌읍 덕천리,제주시,구좌읍,1000,150,0,99.57,30.12,1,구좌읍 덕천리 신축 글로리아힐즈 타운하우스 풀옵션 연세,https://www.zigbang.com/home/apt/items/50103688
2026-09-06 08:08:17,빌라투룸,50049864,매매,04,전남광주시 진도군 조도면 맹골도리,진도군,조도면,8000,0,8000,39.67,12.0,1,"안방 기준 남동, 즉시 입주 불가",https://www.zigbang.com/home/apt/items/50049864
2026-09-06 08:08:17,빌라투룸,50249285,매매,04,전남광주시 진도군 조도면 맹골도리,진도군,조도면,50000,0,50000,32.33,9.78,3,QA 테스트 매물입니다. 수정,https://www.zigbang.com/home/apt/items/50249285
2026-09-06 08:08:46,빌라투룸,50185848,월세,04,전남광주시 목포시 상동,목포시,상동,300,42,0,33.06,10.0,2,중앙여중 부근 깨끗하고 넓은 투룸,https://www.zigbang.com/home/apt/items/50185848
2026-09-06 08:08:49,빌라투룸,49995485,월세,04,전남광주시 목포시 산정동,목포시,산정동,200,35,0,39.67,12.0,3,중앙시장 부근 깨끗하고 조용한 투룸,https://www.zigbang.com/home/apt/items/49995485
2026-09-06 08:08:49,빌라투룸,50227135,월세,04,전남광주시 목포시 산정동,목포시,산정동,200,37,0,49.59,15.0,3,중앙시장 부근 깨끗하고 넓은 투룸,https://www.zigbang.com/home/apt/items/50227135
2026-09-06 08:08:50,빌라투룸,50167925,월세,04,전남광주시 목포시 상동,목포시,상동,200,38,0,37,11.19,3,버스터미널 부근 깨끗하고 조용한 투룸,https://www.zigbang.com/home/apt/items/50167925
2026-09-06 08:08:50,빌라투룸,50172796,월세,04,전남광주시 목포시 상동,목포시,상동,200,36,0,39.67,12.0,1,영흥고 부근 깨끗하고 넓고 조용한 투룸,https://www.zigbang.com/home/apt/items/50172796
2026-09-06 08:08:50,빌라투룸,50269311,월세,04,전남광주시 목포시 연산동,목포시,연산동,1000,60,0,60,18.15,2,청호중학교 인근.,https://www.zigbang.com/home/apt/items/50269311
2026-09-06 08:08:50,빌라투룸,50287943,월세,04,전남광주시 목포시 연산동,목포시,연산동,500,55,0,55,16.64,3,"방2,거실1 청호중인근 풀옵션",https://www.zigbang.com/home/apt/items/50287943
2026-09-06 08:09:50,빌라투룸,50204323,월세,04,전라북도 군산시 오식도동,군산시,오식도동,100,35,0,45.7,13.82,4,방2 화장실2,https://www.zigbang.com/home/apt/items/50204323
2026-09-06 08:09:56,빌라투룸,50267932,월세,04,충청남도 보령시 주교면 은포리,보령시,주교면,300,45,0,52.4,15.85,1,"서린에코빌  방2,거실  1명이나 2명 살기 좋아요",https://www.zigbang.com/home/apt/items/50267932
2026-09-06 08:10:29,빌라투룸,49985344,월세,04,전남광주시 광산구 운수동,광산구,운수동,300,41,0,28.18,8.52,3,KOREAㅇ광산경찰서ㅇ방큼ㅇ빛그린출퇴근용이ㅇ풀옵션ㅇ,https://www.zigbang.com/home/apt/items/49985344
2026-09-06 08:10:29,빌라투룸,50029343,월세,04,전남광주시 광산구 소촌동,광산구,소촌동,300,38,0,34,10.28,3,KORㅇ화이트톤ㅇ남향ㅇ엘베ㅇ1층필로티ㅇ주차편리,https://www.zigbang.com/home/apt/items/50029343
2026-09-06 08:10:29,빌라투룸,50117676,월세,06,전남광주시 광산구 소촌동,광산구,소촌동,2000,81,0,75.38,22.8,4,KOREAㅇ뷰가끝내주는집ㅇ테라스에ㅇ옥탑면적별도ㅇ에어컨3ㅇ,https://www.zigbang.com/home/apt/items/50117676
2026-09-06 08:10:29,빌라투룸,50124856,월세,04,전남광주시 광산구 소촌동,광산구,소촌동,300,44,0,28.97,8.76,3,KORㅇ신축ㅇ화이트톤ㅇ남향ㅇ풀옵션,https://www.zigbang.com/home/apt/items/50124856
2026-09-06 08:10:29,빌라투룸,50172046,월세,04,전남광주시 광산구 송정동,광산구,송정동,300,51,0,29.49,8.92,3,ll 스페이스 ll 신축투룸 ll 관리최상 살기좋은집ll,https://www.zigbang.com/home/apt/items/50172046
2026-09-06 08:10:29,빌라투룸,50219581,월세,06,전남광주시 광산구 도산동,광산구,도산동,2000,56,0,90,27.22,4,"KORㅇ복층형ㅇ방3,욕실2,주방,거실,다용도실ㅇ월세임대",https://www.zigbang.com/home/apt/items/50219581
2026-09-06 08:10:29,빌라투룸,50096240,월세,04,전남광주시 남구 진월동,남구,진월동,300,36,0,39.66,12.0,3,P㉧INT III 깔끔한방 III 합리적인가격 III,https://www.zigbang.com/home/apt/items/50096240
2026-09-06 08:10:29,빌라투룸,50161991,월세,04,전남광주시 남구 송하동,남구,송하동,300,37,0,40.11,12.13,3,ll P ll 신축 투룸 ll 실제 매물 ll 실제 가격,https://www.zigbang.com/home/apt/items/50161991
2026-09-06 08:10:29,빌라투룸,50162028,월세,04,전남광주시 남구 임암동,남구,임암동,300,41,0,39.22,11.86,2,ll P ll 실제 가격 ll 실제 매물 ll 귀한 투룸,https://www.zigbang.com/home/apt/items/50162028
2026-09-06 08:10:29,빌라투룸,50162136,월세,05,전남광주시 남구 임암동,남구,임암동,500,51,0,29.84,9.03,2,ll P ll 실제 가격 ll 실제 매물 ll 신축 쓰리룸,https://www.zigbang.com/home/apt/items/50162136
2026-09-06 08:10:29,빌라투룸,50223616,월세,05,전남광주시 남구 행암동,남구,행암동,300,41,0,42,12.7,3,행암동 깔끔하고 가성비좋은 방,https://www.zigbang.com/home/apt/items/50223616
2026-09-06 08:10:29,빌라투룸,50226622,월세,05,전남광주시 남구 임암동,남구,임암동,3000,101,0,85.2,25.77,2,JJ 임암동 신축쓰리룸JJ 아파트형쓰리룸 JJ,https://www.zigbang.com/home/apt/items/50226622
2026-09-06 08:10:29,빌라투룸,50243976,월세,04,전남광주시 남구 행암동,남구,행암동,300,29,0,39.66,12.0,2,P㉧INT III 눈부신채광 III 합리적인가격 III,https://www.zigbang.com/home/apt/items/50243976
2026-09-06 08:10:29,빌라투룸,50255471,월세,04,전남광주시 남구 임암동,남구,임암동,200,36,0,28.2,8.53,2,ㅣ실시간 업데이트 ㅣ실매물ㅣ가성비 좋은방,https://www.zigbang.com/home/apt/items/50255471
2026-09-06 08:10:29,빌라투룸,50259690,월세,06,전남광주시 남구 임암동,남구,임암동,3000,111,0,120.6,36.48,3,II P II 신축 복층 주인세대 I 개인 테라스 I,https://www.zigbang.com/home/apt/items/50259690
2026-09-06 08:10:29,빌라투룸,50269872,월세,04,전남광주시 남구 임암동,남구,임암동,1000,56,0,38.99,11.79,2,O 신축매물 O 깔끔한 컨디션 O 넓은거실 O 화이트톤 O,https://www.zigbang.com/home/apt/items/50269872
2026-09-06 08:10:29,빌라투룸,50301529,월세,04,전남광주시 남구 행암동,남구,행암동,300,36,0,46.28,14.0,3,ll P ll 실제 가격 ll 관리 잘한 ll 신축 투룸,https://www.zigbang.com/home/apt/items/50301529
2026-09-06 08:10:29,빌라투룸,50301863,월세,04,전남광주시 서구 화정동,서구,화정동,500,45,0,42.97,13.0,1,"a부분리모델링실속깔끔a방2,거실,베란다.채광좋음.정비완료.",https://www.zigbang.com/home/apt/items/50301863
2026-09-06 08:10:31,빌라투룸,49865624,월세,06,전남광주시 동구 지산동,동구,지산동,3000,131,0,77.98,23.59,4,ㅇㅡ신축 첫입주ㅡㅇ복층형 최고급 안집ㅇ,https://www.zigbang.com/home/apt/items/49865624
2026-09-06 08:10:31,빌라투룸,50014571,월세,04,전남광주시 동구 지산동,동구,지산동,200,36,0,28,8.47,2,ㅇㅡ조대후문7분ㅡㅇ신축급1.5룸ㅇ가성비굳ㅇ200실매물ㅇ,https://www.zigbang.com/home/apt/items/50014571
2026-09-06 08:10:31,빌라투룸,50056395,월세,06,전남광주시 동구 학동,동구,학동,2000,90,0,103.64,31.35,4,ㅇㅡ조대부고 부근ㅡㅇ신축 안집ㅇ,https://www.zigbang.com/home/apt/items/50056395
2026-09-06 08:10:31,빌라투룸,50056497,전세,06,전남광주시 동구 학동,동구,학동,20000,0,0,103.64,31.35,4,ㅇㅡ조대 부고 신축안집 전세ㅡㅇ화이트톤ㅇ세상깔끔ㅇ,https://www.zigbang.com/home/apt/items/50056497
2026-09-06 08:10:31,빌라투룸,50118999,월세,04,전남광주시 동구 지산동,동구,지산동,300,44,0,36.76,11.12,4,ㅇㅡ후문 최근방ㅡㅇ투룸신축ㅇ화이트톤ㅇ200실매물ㅇ,https://www.zigbang.com/home/apt/items/50118999
2026-09-06 08:10:31,빌라투룸,50150103,월세,04,전남광주시 동구 지산동,동구,지산동,200,29,0,30.7,9.29,1,ㅇㅡ조대 사대 리모델링 투룸ㅡㅇ화이트톤ㅇ세상깔끔ㅇ,https://www.zigbang.com/home/apt/items/50150103
2026-09-06 08:10:31,빌라투룸,50218898,월세,05,전남광주시 동구 지산동,동구,지산동,500,51,0,48.84,14.77,3,거실큼l지산동쓰리룸l풀옵션l스탠바이미,https://www.zigbang.com/home/apt/items/50218898
2026-09-06 08:10:31,빌라투룸,50221888,월세,04,전남광주시 남구 봉선동,남구,봉선동,300,34,0,31.77,9.61,2,ㅣ봉선동 끝판왕ㅣ 가성비 좋은방ㅣ,https://www.zigbang.com/home/apt/items/50221888
2026-09-06 08:10:31,빌라투룸,50226629,월세,04,전남광주시 동구 학동,동구,학동,300,36,0,39.6,11.98,2,JJ 학동 넓은 투룸 JJ 컨디션 굿 사이즈 굿JJ,https://www.zigbang.com/home/apt/items/50226629
2026-09-06 08:10:31,빌라투룸,50227700,월세,04,전남광주시 동구 지산동,동구,지산동,300,51,0,27.76,8.4,4,테라스있는 신축 화장실2개 방2개 에어컨2개 ㅡ 친구 자매,https://www.zigbang.com/home/apt/items/50227700
2026-09-06 08:10:31,빌라투룸,50238877,월세,05,전남광주시 남구 봉선동,남구,봉선동,1000,70,0,68.84,20.82,4,I 봉선동 복층 테라스 안집 I 귀한매물 I 주차편리 I,https://www.zigbang.com/home/apt/items/50238877
2026-09-06 08:10:31,빌라투룸,50279544,월세,04,전남광주시 동구 대인동,동구,대인동,200,28,0,29.25,8.85,2,I대인동 신축투룸I I풀옵션I I주차편리I I가성비대박I,https://www.zigbang.com/home/apt/items/50279544
2026-09-06 08:10:37,빌라투룸,50254417,월세,04,전남광주시 여수시 미평동,여수시,미평동,500,65,0,53,16.03,3,llSOLll미평초 건너편ll즉시입주ll거실1 방2 구조,https://www.zigbang.com/home/apt/items/50254417
2026-09-06 08:10:37,빌라투룸,50233761,월세,04,전남광주시 여수시 덕충동,여수시,덕충동,500,60,0,59.5,18.0,3,llSOll충민사 인근 신축 거실1 방2구조ll즉시입주가능,https://www.zigbang.com/home/apt/items/50233761
2026-09-06 08:10:39,빌라투룸,50286417,월세,04,전남광주시 광양시 광양읍 덕례리,광양시,광양읍,150,33,0,35,10.59,3,"덕례리 순천,여수,인근산단 출퇴근 편리한 깔끔한 투룸",https://www.zigbang.com/home/apt/items/50286417
2026-09-06 08:10:39,빌라투룸,50286464,월세,04,전남광주시 광양시 광양읍 덕례리,광양시,광양읍,200,33,0,34,10.28,2,덕례리 관리 잘되고 편의시설 인접한 투룸,https://www.zigbang.com/home/apt/items/50286464
2026-09-06 08:10:39,빌라투룸,50286540,월세,04,전남광주시 광양시 광양읍 덕례리,광양시,광양읍,200,33,0,34,10.28,2,"덕례리 LF아울렛앞, 순천,여수 출퇴근 편한곳",https://www.zigbang.com/home/apt/items/50286540
2026-09-06 08:11:14,빌라투룸,50220316,월세,04,경상남도 진주시 정촌면 예하리,진주시,정촌면,500,50,0,45.96,13.9,5,㉧ㅡ서빈No.1구해줘홈즈ㅡ㉧추천BEST꿀방,https://www.zigbang.com/home/apt/items/50220316
2026-09-06 08:11:15,빌라투룸,50249178,월세,05,경상남도 통영시 정량동,통영시,정량동,2000,58,0,72.73,22.0,4,엘베 있고 구조좋고 깨끗한 쓰리룸 보2000 월58,https://www.zigbang.com/home/apt/items/50249178
2026-09-06 08:11:15,빌라투룸,50249518,월세,04,경상남도 통영시 정량동,통영시,정량동,1000,45,0,52.9,16.0,4,정량동 삼성타워 뒤 엘베있는 깨끗한 투룸 보1000월45,https://www.zigbang.com/home/apt/items/50249518
2026-09-06 08:11:15,빌라투룸,50298944,월세,04,경상남도 통영시 동호동,통영시,동호동,1000,45,0,52.89,16.0,3,동호동 엘르베이트 있는 깨끗한 투룸,https://www.zigbang.com/home/apt/items/50298944
2026-09-06 08:11:15,빌라투룸,50301961,월세,04,경상남도 통영시 태평동,통영시,태평동,1000,50,0,52.89,16.0,3,태평동 깨끗한 신축에 가까운 투룸,https://www.zigbang.com/home/apt/items/50301961
2026-09-06 08:11:16,빌라투룸,50103734,월세,05,경상남도 거제시 상동동,거제시,상동동,1000,55,0,82.64,25.0,4,ㅁ 신축급 주인세대 쓰리룸,https://www.zigbang.com/home/apt/items/50103734
2026-09-06 08:11:16,빌라투룸,49680571,월세,04,경상남도 거제시 고현동,거제시,고현동,300,35,0,46,13.91,4,시장부근 가성비 좋은 투룸,https://www.zigbang.com/home/apt/items/49680571
2026-09-06 08:11:16,빌라투룸,49978139,월세,04,경상남도 거제시 고현동,거제시,고현동,300,35,0,50,15.12,2,ㅁ 서원탑마트 부근 가성비 좋은 정투룸,https://www.zigbang.com/home/apt/items/49978139
2026-09-06 08:11:16,빌라투룸,50008299,월세,04,경상남도 거제시 고현동,거제시,고현동,300,40,0,48,14.52,2,고현시장인근 깨끗한 투룸,https://www.zigbang.com/home/apt/items/50008299
2026-09-06 08:11:16,빌라투룸,50116091,월세,04,경상남도 거제시 고현동,거제시,고현동,300,40,0,56,16.94,4,ㅁ 서원탑마트 부근 정투룸,https://www.zigbang.com/home/apt/items/50116091
2026-09-06 08:11:16,빌라투룸,50132301,월세,04,경상남도 거제시 장평동,거제시,장평동,500,55,0,50,15.12,2,엘리베이터 있는 정투룸 침대 쇼파등등,https://www.zigbang.com/home/apt/items/50132301
2026-09-06 08:11:16,빌라투룸,50207849,월세,04,경상남도 거제시 고현동,거제시,고현동,300,35,0,42.98,13.0,4,ㅇ볼수록탐나는 신축 시내권 이상적인 투룸ㅇ,https://www.zigbang.com/home/apt/items/50207849
2026-09-06 08:11:16,빌라투룸,50208017,월세,04,경상남도 거제시 고현동,거제시,고현동,300,40,0,46.28,14.0,3,ㅇ싸이즈좋은 도시가스 중문있는 대형 정투룸ㅇ,https://www.zigbang.com/home/apt/items/50208017
2026-09-06 08:11:16,빌라투룸,50259523,월세,05,경상남도 거제시 고현동,거제시,고현동,500,50,0,66.1,20.0,4,ㅇ실물이더이쁜 신축 도시가스 복층구조 쓰리룸ㅇ,https://www.zigbang.com/home/apt/items/50259523
2026-09-06 08:11:16,빌라투룸,50294840,월세,04,경상남도 거제시 고현동,거제시,고현동,300,35,0,42.97,13.0,5,ㅇ현재 나온 매물중 가장 최저가 시장가까운 정투룸ㅇ,https://www.zigbang.com/home/apt/items/50294840
2026-09-06 08:11:16,빌라투룸,50297970,월세,04,경상남도 거제시 고현동,거제시,고현동,200,40,0,49.59,15.0,2,ㅇ커플 대환영 신축 도시가스 대형구조 정투룸ㅇ,https://www.zigbang.com/home/apt/items/50297970
2026-09-06 08:11:17,빌라투룸,49997023,월세,04,경상남도 창원시 진해구 충의동,창원시 진해구,충의동,2000,60,0,70,21.17,3,"전진  해군사관학교 군부대 인근 투룸 큰거실, 풀옵션",https://www.zigbang.com/home/apt/items/49997023
2026-09-06 08:11:26,빌라투룸,50280417,월세,04,부산시 강서구 신호동,강서구,신호동,200,33,0,39.6,11.98,1,1층 투룸. 다리아프신분 강추. 먹자골목 근접. 생활편리,https://www.zigbang.com/home/apt/items/50280417
2026-09-06 08:11:26,빌라투룸,50290710,월세,04,부산시 강서구 신호동,강서구,신호동,300,40,0,49.5,14.97,2,매우 넓은 2층 투룸. 남향. 풀옵션. 넉넉한 수납장.,https://www.zigbang.com/home/apt/items/50290710
2026-09-06 08:11:26,빌라투룸,50013280,월세,04,부산시 사하구 신평동,사하구,신평동,500,30,0,50,15.12,2,리모델링주택ㅣ방2ㅣ넓은욕실ㅣ에어컨ㅣ보증금조절,https://www.zigbang.com/home/apt/items/50013280
2026-09-06 08:11:26,빌라투룸,50016959,월세,04,부산시 사하구 신평동,사하구,신평동,1000,20,0,50,15.12,2,저렴주택ㅣ방2ㅣ넓은화장실ㅣ보증금조절,https://www.zigbang.com/home/apt/items/50016959
2026-09-06 08:11:26,빌라투룸,50099969,월세,04,부산시 사하구 신평동,사하구,신평동,1000,35,0,53,16.03,2,정남향ㅣ방2ㅣ넓은욕실ㅣ야외테라스,https://www.zigbang.com/home/apt/items/50099969
2026-09-06 08:11:26,빌라투룸,50256440,월세,05,부산시 사하구 신평동,사하구,신평동,1000,43,0,72,21.78,3,방3ㅣ거실ㅣ주방별도ㅣ야외베란다ㅣ보증금조절,https://www.zigbang.com/home/apt/items/50256440
2026-09-06 08:11:26,빌라투룸,50286820,월세,04,부산시 사하구 신평동,사하구,신평동,500,30,0,50,15.12,2,주택임대ㅣ방2ㅣ넓은욕실,https://www.zigbang.com/home/apt/items/50286820
2026-09-06 08:11:28,빌라투룸,50265321,월세,04,부산시 중구 부평동1가,중구,부평동1가,1000,55,0,55.01,16.64,3,"귀한 독채 층고 높은 상가주택 거실,방2,화1,에1",https://www.zigbang.com/home/apt/items/50265321
2026-09-06 08:11:30,빌라투룸,50138995,월세,04,전남광주시 광산구 오선동,광산구,오선동,300,37,0,36.54,11.05,2,ㅣ실시간 A급 인기매물ㅣ귀한매물ㅣ신축ㅣ채광 굿ㅣ,https://www.zigbang.com/home/apt/items/50138995
2026-09-06 08:11:30,빌라투룸,50255682,월세,04,전남광주시 광산구 오선동,광산구,오선동,300,42,0,38.23,11.56,3,ㅣ실시간 A급 인기매물ㅣ신축ㅣ대형붙박이장ㅣ채광굿ㅣ귀한매물ㅣ,https://www.zigbang.com/home/apt/items/50255682
2026-09-06 08:11:30,빌라투룸,50275096,월세,04,전남광주시 광산구 오선동,광산구,오선동,200,40,0,30,9.07,3,"진곡산단 주택가 역대급 큰 투룸, 주차편리, 채광 좋음",https://www.zigbang.com/home/apt/items/50275096
2026-09-06 08:11:30,빌라투룸,50275116,월세,05,전남광주시 광산구 오선동,광산구,오선동,400,52,0,36.36,11.0,2,진곡산단 신축급 컨디션 최상 정남향 구조 좋은 쓰리룸,https://www.zigbang.com/home/apt/items/50275116
2026-09-06 08:11:40,빌라투룸,49917503,월세,05,전라북도 전주시 덕진구 만성동,전주시 덕진구,만성동,5000,91,0,70,21.17,4,만성동쓰리룸복층 ㅇ신축급 ㅇ엘베 ㅇ화장실2개 ㅇ국민연금부근,https://www.zigbang.com/home/apt/items/49917503
2026-09-06 08:11:40,빌라투룸,50122858,월세,04,전라북도 전주시 덕진구 만성동,전주시 덕진구,만성동,1000,130,0,50,15.12,5,Wㅡㅡ오피스텔 l 풀옵션 l 신축급 l 전입신고OK l,https://www.zigbang.com/home/apt/items/50122858
2026-09-06 08:11:40,빌라투룸,50125122,월세,04,전라북도 전주시 완산구 상림동,전주시 완산구,상림동,500,55,0,40,12.1,3,",24년 신축 투룸,농수산대 부근,엘베있음 정남향",https://www.zigbang.com/home/apt/items/50125122
2026-09-06 08:11:40,빌라투룸,50156039,월세,05,전라북도 전주시 덕진구 만성동,전주시 덕진구,만성동,2000,100,0,50,15.12,2,ㅁ선착순매물ㅁ시스템3대ㅁ화이트톤ㅁ붙박이장ㅁ엘베,https://www.zigbang.com/home/apt/items/50156039
2026-09-06 08:11:40,빌라투룸,50242502,월세,04,전라북도 전주시 덕진구 만성동,전주시 덕진구,만성동,1000,61,0,40.2,12.16,3,ꯁ초희귀만성동 투룸ꯁ모든공과금포함금액ꯁ여깄네내투룸ꯁ즉시입주,https://www.zigbang.com/home/apt/items/50242502
2026-09-06 08:11:40,빌라투룸,50269725,월세,04,전라북도 전주시 완산구 상림동,전주시 완산구,상림동,300,45,0,43,13.01,2,"만성,혁신부근위치 투룸형 월세매물, 전입신고가능,",https://www.zigbang.com/home/apt/items/50269725
2026-09-06 08:11:40,빌라투룸,50291783,월세,05,전라북도 전주시 덕진구 만성동,전주시 덕진구,만성동,1000,70,0,67.2,20.33,2,ꯁ초희귀만성동가성비쓰리룸ꯁ룸컨디션최상ꯁ즉시입주가능,https://www.zigbang.com/home/apt/items/50291783
2026-09-06 08:11:54,빌라투룸,50097828,월세,04,전라북도 군산시 오식도동,군산시,오식도동,100,35,0,40.8,12.34,3,번화가위치  투룸,https://www.zigbang.com/home/apt/items/50097828
2026-09-06 08:11:54,빌라투룸,50097898,월세,04,전라북도 군산시 오식도동,군산시,오식도동,100,35,0,40,12.1,3,조용하고 한적한위치,https://www.zigbang.com/home/apt/items/50097898
2026-09-06 08:11:54,빌라투룸,50177746,월세,04,전라북도 군산시 오식도동,군산시,오식도동,100,33,0,40,12.1,3,정남향  밝은투룸,https://www.zigbang.com/home/apt/items/50177746
2026-09-06 08:11:54,빌라투룸,50192072,월세,04,전라북도 군산시 오식도동,군산시,오식도동,100,38,0,33,9.98,3,단기가능 해잘들고 위치좋음 투룸,https://www.zigbang.com/home/apt/items/50192072
2026-09-06 08:11:54,빌라투룸,50273613,월세,04,전라북도 군산시 오식도동,군산시,오식도동,100,35,0,40,12.1,4,햇살가득 환한집,https://www.zigbang.com/home/apt/items/50273613
2026-09-06 08:11:54,빌라투룸,50283381,월세,05,전라북도 군산시 오식도동,군산시,오식도동,150,45,0,33,9.98,4,복층 신축 쓰리룸 외부 발코니 있음,https://www.zigbang.com/home/apt/items/50283381
2026-09-06 08:11:56,빌라투룸,49932050,월세,05,전라북도 익산시 남중동,익산시,남중동,500,40,0,56.2,17.0,4,"Oo남중동 쓰리룸oO화장실2개,채광굿oO",https://www.zigbang.com/home/apt/items/49932050
2026-09-06 08:11:56,빌라투룸,50206766,월세,04,전라북도 익산시 신흥동,익산시,신흥동,300,35,0,39.67,12.0,2,"Oo공단인근 투룸oO주차굿, 안락함oO",https://www.zigbang.com/home/apt/items/50206766
2026-09-06 08:11:56,빌라투룸,50289596,월세,04,전라북도 익산시 신흥동,익산시,신흥동,300,35,0,40,12.1,2,AA 신흥동 공단근처 투룸,https://www.zigbang.com/home/apt/items/50289596
2026-09-06 08:11:56,빌라투룸,50057007,월세,04,전라북도 익산시 모현동1가,익산시,모현동1가,300,40,0,39.67,12.0,2,"Oo모현동 미니투룸oO풀옵션,깔끔리모델링oO",https://www.zigbang.com/home/apt/items/50057007
2026-09-06 08:11:56,빌라투룸,50106461,월세,05,전라북도 익산시 남중동,익산시,남중동,500,51,0,50,15.12,4,"AA 신축급, 쓰리룸 승강기",https://www.zigbang.com/home/apt/items/50106461
2026-09-06 08:11:56,빌라투룸,50257195,월세,05,전라북도 익산시 남중동,익산시,남중동,1000,51,0,80,24.2,4,AA 리모델링 쓰리룸 식기세척기 옵션,https://www.zigbang.com/home/apt/items/50257195
2026-09-06 08:11:56,빌라투룸,50257229,월세,05,전라북도 익산시 남중동,익산시,남중동,1000,51,0,80,24.2,4,AA 리모델링 쓰리룸 남향,https://www.zigbang.com/home/apt/items/50257229
2026-09-06 08:11:56,빌라투룸,50257421,월세,05,전라북도 익산시 남중동,익산시,남중동,1000,51,0,80,24.2,4,AA 리모델링 쓰리룸 식기세척기 옵션,https://www.zigbang.com/home/apt/items/50257421
2026-09-06 08:11:56,빌라투룸,50257503,월세,05,전라북도 익산시 남중동,익산시,남중동,1000,51,0,80,24.2,4,"AA 리모델링,화이트톤 쓰리룸 욕실2개",https://www.zigbang.com/home/apt/items/50257503
2026-09-06 08:11:56,빌라투룸,50261731,월세,05,전라북도 익산시 남중동,익산시,남중동,1000,51,0,80,24.2,4,"AA 쓰리룸 리모델링,화이트톤",https://www.zigbang.com/home/apt/items/50261731
2026-09-06 08:11:56,빌라투룸,50261799,월세,05,전라북도 익산시 남중동,익산시,남중동,1000,51,0,80,24.2,4,"AA 쓰리룸 리모델링 화이트톤,식기세척기,옵션",https://www.zigbang.com/home/apt/items/50261799
2026-09-06 08:11:56,빌라투룸,50267909,월세,05,전라북도 익산시 남중동,익산시,남중동,500,51,0,60,18.15,4,"AA 신축 쓰리룸, 승강기",https://www.zigbang.com/home/apt/items/50267909
2026-09-06 08:11:56,빌라투룸,50268440,월세,05,전라북도 익산시 남중동,익산시,남중동,1000,51,0,80,24.2,4,"AA 럭셔리 쓰리룸,화이트톤",https://www.zigbang.com/home/apt/items/50268440
2026-09-06 08:11:56,빌라투룸,50268541,월세,05,전라북도 익산시 남중동,익산시,남중동,1000,51,0,80,24.2,4,AA 화이트톤 리모델링,https://www.zigbang.com/home/apt/items/50268541
2026-09-06 08:11:56,빌라투룸,50289509,월세,05,전라북도 익산시 동산동,익산시,동산동,500,45,0,50,15.12,3,"AA 이마트근처,쓰리룸,풀옵션",https://www.zigbang.com/home/apt/items/50289509
2026-09-06 08:11:56,빌라투룸,50298069,월세,04,전라북도 익산시 남중동,익산시,남중동,300,56,0,39.67,12.0,8,"AA 리모델링,투룸,승강기 개인테라스",https://www.zigbang.com/home/apt/items/50298069
2026-09-06 08:11:56,빌라투룸,50300870,월세,05,전라북도 익산시 인화동2가,익산시,인화동2가,3000,36,0,80,24.2,4,"AA 이마트근처 주인세대 방3개,욕실2개,전체도배",https://www.zigbang.com/home/apt/items/50300870
2026-09-06 08:11:57,빌라투룸,49991527,월세,04,전라북도 전주시 덕진구 여의동2가,전주시 덕진구,여의동2가,500,40,0,52.89,16.0,3,ㅁㅁ초대형투룸ㅁ위치최고ㅁ여의동귀한매물ㅁ즉시입주가능ㅁㅁ,https://www.zigbang.com/home/apt/items/49991527
2026-09-06 08:11:57,빌라투룸,49992732,월세,04,전라북도 전주시 덕진구 여의동2가,전주시 덕진구,여의동2가,500,46,0,42.98,13.0,3,0조촌초0전주ic0노고민0깔끔한투룸0즉시입주0청소완료,https://www.zigbang.com/home/apt/items/49992732
2026-09-06 08:11:57,빌라투룸,50147271,월세,04,전라북도 전주시 덕진구 여의동2가,전주시 덕진구,여의동2가,500,40,0,50,15.12,2,여의동 전주공고 월드컵경기장 투룸,https://www.zigbang.com/home/apt/items/50147271
2026-09-06 08:11:57,빌라투룸,50222024,월세,04,전라북도 전주시 덕진구 여의동,전주시 덕진구,여의동,500,35,0,52.89,16.0,4,옵션좋음ㅇ채광좋음ㅇ위치최상ㅇ완전깔끔ㅇ이쁜투룸ㅇ마감임박ㅇ,https://www.zigbang.com/home/apt/items/50222024
2026-09-06 08:11:57,빌라투룸,50231006,월세,04,전라북도 전주시 덕진구 여의동,전주시 덕진구,여의동,500,36,0,45,13.61,4,0전주투룸복층0테라스0조촌초등학교0채광굿0전주IC진입0복층,https://www.zigbang.com/home/apt/items/50231006
2026-09-06 08:11:57,빌라투룸,50241502,월세,04,전라북도 전주시 덕진구 여의동2가,전주시 덕진구,여의동2가,500,40,0,50,15.12,3,ꕥ신축풀옵투룸ꕥㆀ너무이쁜집ㆀꕥ이동네투룸十풀옵션w,https://www.zigbang.com/home/apt/items/50241502
2026-09-06 08:11:57,빌라투룸,50262193,월세,04,전라북도 전주시 덕진구 여의동,전주시 덕진구,여의동,500,36,0,45,13.61,4,o여의동투룸o조촌초o복층투룸o테라스o풀옵션o즉시입주o,https://www.zigbang.com/home/apt/items/50262193
2026-09-06 08:11:57,빌라투룸,50284942,월세,04,전라북도 전주시 덕진구 여의동2가,전주시 덕진구,여의동2가,500,46,0,46,13.91,2,여의동준신축투룸0컨디션굿0채광굿0귀한매물0노고민0조정,https://www.zigbang.com/home/apt/items/50284942
2026-09-06 08:11:57,빌라투룸,50152875,월세,05,전라북도 완주군 삼례읍 삼례리,완주군,삼례읍,2500,40,0,60,18.15,2,ㅁ준신축급ㅁ풀옵션ㅁ엘베ㅁ귀한매물ㅁ좋은집ㅁ안심주택,https://www.zigbang.com/home/apt/items/50152875
2026-09-06 08:11:59,빌라투룸,50089036,월세,05,충청남도 논산시 반월동,논산시,반월동,3000,70,0,60,18.15,4,신축 첫 입주 미니 쓰리룸,https://www.zigbang.com/home/apt/items/50089036
2026-09-06 08:11:59,빌라투룸,50103496,월세,04,충청남도 논산시 반월동,논산시,반월동,2000,60,0,51.81,15.67,2,"신축, 첫입주, 입주시기 협의가능",https://www.zigbang.com/home/apt/items/50103496
2026-09-06 08:11:59,빌라투룸,50107558,전세,04,충청남도 논산시 취암동,논산시,취암동,12000,0,0,60,18.15,4,취암동 신축 투룸입니다,https://www.zigbang.com/home/apt/items/50107558
2026-09-06 08:11:59,빌라투룸,50132498,월세,05,충청남도 논산시 반월동,논산시,반월동,3000,70,0,55,16.64,4,신축 쓰리룸으로 주차걱정없는 예쁜 집,https://www.zigbang.com/home/apt/items/50132498
2026-09-06 08:11:59,빌라투룸,50173935,월세,04,충청남도 논산시 반월동,논산시,반월동,1500,60,0,50,15.12,2,반월동 신축 첫입주 투룸,https://www.zigbang.com/home/apt/items/50173935
2026-09-06 08:11:59,빌라투룸,50190246,월세,04,충청남도 논산시 반월동,논산시,반월동,1500,60,0,59,17.85,3,신축 투룸 첫 입주,https://www.zigbang.com/home/apt/items/50190246
2026-09-06 08:11:59,빌라투룸,50239678,전세,04,충청남도 논산시 취암동,논산시,취암동,12000,0,0,52.89,16.0,4,신축투룸....,https://www.zigbang.com/home/apt/items/50239678
2026-09-06 08:11:59,빌라투룸,50278106,월세,04,충청남도 논산시 반월동,논산시,반월동,2000,60,0,49.5,14.97,3,신축투룸으로 넓은 거실과 주차걱정없는 예쁜 집,https://www.zigbang.com/home/apt/items/50278106
2026-09-06 08:11:59,빌라투룸,50034629,전세,04,충청남도 논산시 연무읍 안심리,논산시,연무읍,5500,0,0,66.12,20.0,1,전원생활을느낄수있는집입니다.풀옵션입니다.,https://www.zigbang.com/home/apt/items/50034629
2026-09-06 08:12:00,빌라투룸,49987008,전세,05,충청남도 보령시 남곡동,보령시,남곡동,12000,0,0,72.48,21.93,1,쓰리룸 빌라 전세 화2 방3  편익시설 근처좋음  옵션X,https://www.zigbang.com/home/apt/items/49987008
2026-09-06 08:12:00,빌라투룸,50205625,전세,04,충청남도 보령시 남포면 창동리,보령시,남포면,8500,0,0,58.4,17.67,3,남포 창동리 보건소 근처 204년생 깔끔한 빌라 전세,https://www.zigbang.com/home/apt/items/50205625
2026-09-06 08:12:00,빌라투룸,50238181,월세,06,충청남도 보령시 명천동,보령시,명천동,4500,100,0,100,30.25,4,신축급 포룸  입지좋음,https://www.zigbang.com/home/apt/items/50238181
2026-09-06 08:12:00,빌라투룸,50238235,월세,06,충청남도 보령시 명천동,보령시,명천동,3000,110,0,110,33.27,4,신축급 포룸 화장실3개,https://www.zigbang.com/home/apt/items/50238235
2026-09-06 08:12:00,빌라투룸,50242306,월세,04,충청남도 보령시 명천동,보령시,명천동,2000,80,0,60,18.15,2,"명천택지,깔끔한투룸",https://www.zigbang.com/home/apt/items/50242306
2026-09-06 08:12:00,빌라투룸,50268268,월세,04,충청남도 보령시 명천동,보령시,명천동,1000,70,0,60,18.15,2,신축급 월세 보증금 조절가능 단기가능,https://www.zigbang.com/home/apt/items/50268268
2026-09-06 08:12:00,빌라투룸,50242173,전세,04,충청남도 보령시 동대동,보령시,동대동,8000,0,0,57,17.24,4,"보증금조율가능,풀옵션,방2,거실,편리한생활권",https://www.zigbang.com/home/apt/items/50242173
2026-09-06 08:12:00,빌라투룸,50244575,전세,04,충청남도 보령시 동대동,보령시,동대동,9000,0,0,60,18.15,3,인테리어 예쁜 투룸전세,https://www.zigbang.com/home/apt/items/50244575
2026-09-06 08:12:00,빌라투룸,50284802,월세,04,충청남도 보령시 동대동,보령시,동대동,5000,30,0,50,15.12,4,"보증금 월세 비율 조정가능,도배완료",https://www.zigbang.com/home/apt/items/50284802
2026-09-06 08:12:00,빌라투룸,50299670,월세,04,충청남도 보령시 동대동,보령시,동대동,1000,61,0,35,10.59,2,"동대동 융자없는 투룸,생활권편리,",https://www.zigbang.com/home/apt/items/50299670
2026-09-06 08:12:00,빌라투룸,50186800,월세,05,충청남도 보령시 동대동,보령시,동대동,500,50,0,91.14,27.57,3,동대동 동대주공근처 먹자골목 쓰리룸 월세,https://www.zigbang.com/home/apt/items/50186800
2026-09-06 08:12:00,빌라투룸,50242240,월세,04,충청남도 보령시 대천동,보령시,대천동,5000,30,0,36,10.89,2,"대천동 시내가까움, 엘레베이터있음,방2,거실",https://www.zigbang.com/home/apt/items/50242240
2026-09-06 08:12:00,빌라투룸,50282415,월세,04,충청남도 보령시 동대동,보령시,동대동,500,50,0,45,13.61,4,방2화1 가성비좋은 투룸동대동,https://www.zigbang.com/home/apt/items/50282415
2026-09-06 08:12:00,빌라투룸,50282640,월세,04,충청남도 보령시 대천동,보령시,대천동,300,52,0,49.59,15.0,4,"대천동  2동사무소근처  조용하고, 깔끔한 투룸방2,거실",https://www.zigbang.com/home/apt/items/50282640
2026-09-06 08:12:00,빌라투룸,50284436,월세,04,충청남도 보령시 대천동,보령시,대천동,1000,60,0,60,18.15,2,"방2개,화장실2개 투룸",https://www.zigbang.com/home/apt/items/50284436
2026-09-06 08:12:00,빌라투룸,50295882,월세,04,충청남도 보령시 대천동,보령시,대천동,2000,60,0,54,16.33,4,"시내중심신축, 방2화2,넓게 빠진 투룸",https://www.zigbang.com/home/apt/items/50295882
2026-09-06 08:12:05,빌라투룸,50154390,전세,04,세종시 장군면 봉안리,,장군면,7300,0,0,38,11.49,4,"봉안리 초입 , 큰길가, 도로변 탑층 복층 투룸 전세",https://www.zigbang.com/home/apt/items/50154390
2026-09-06 08:12:11,빌라투룸,49975881,월세,04,대전시 서구 관저동,서구,관저동,2000,80,0,62.12,18.79,4,강아지와함께 건조기티비까지풀옵 이쁜신축,https://www.zigbang.com/home/apt/items/49975881
2026-09-06 08:12:11,빌라투룸,49994345,월세,04,대전시 서구 관저동,서구,관저동,2000,60,0,42,12.7,2,"누리울마을 인프라 이용, 깔끔한 화이트 톤 인테리어, 주차",https://www.zigbang.com/home/apt/items/49994345
2026-09-06 08:12:11,빌라투룸,50066060,월세,04,대전시 서구 관저동,서구,관저동,3000,60,0,59.5,18.0,2,공간 활용도 좋은 깔끔한 투룸,https://www.zigbang.com/home/apt/items/50066060
2026-09-06 08:12:11,빌라투룸,50167124,전세,04,대전시 서구 관저동,서구,관저동,11000,0,0,49.58,15.0,2,관저동 깔끔한 투룸 전세,https://www.zigbang.com/home/apt/items/50167124
2026-09-06 08:12:11,빌라투룸,50218310,월세,04,대전시 서구 관저동,서구,관저동,1000,70,0,29.79,9.01,3,"테라스,풀옵션투룸 호텔식인테리어 모던깔끔 선착순",https://www.zigbang.com/home/apt/items/50218310
2026-09-06 08:12:11,빌라투룸,50220037,월세,04,대전시 서구 관저동,서구,관저동,6000,40,0,40.7,12.31,2,참고용 사진. 다온숲 3단지 인프라 융자 적은 월세 조정가,https://www.zigbang.com/home/apt/items/50220037
2026-09-06 08:12:11,빌라투룸,50243842,월세,05,대전시 서구 관저동,서구,관저동,5000,100,0,85,25.71,2,통창 뷰 채광 완벽한  ꕥ쓰리룸ꕥ 대전 전지역 매물보유,https://www.zigbang.com/home/apt/items/50243842
2026-09-06 08:12:11,빌라투룸,50247329,월세,04,대전시 서구 관저동,서구,관저동,2000,70,0,49.58,15.0,2,서일여고 근처 깨끗한 투룸,https://www.zigbang.com/home/apt/items/50247329
2026-09-06 08:12:11,빌라투룸,50251636,월세,04,대전시 서구 관저동,서구,관저동,2000,70,0,62,18.75,2,관저동 학교 인근 주변 인프라 좋은 위치 신축 투룸,https://www.zigbang.com/home/apt/items/50251636
2026-09-06 08:12:11,빌라투룸,50251672,월세,04,대전시 서구 관저동,서구,관저동,2000,80,0,50,15.12,4,관저동 정문 바로 옆 치안 좋고 생활 인프라 좋은 투룸,https://www.zigbang.com/home/apt/items/50251672
2026-09-06 08:12:11,빌라투룸,50251712,월세,05,대전시 서구 관저동,서구,관저동,5000,100,0,88,26.62,2,"채광좋은 풀옵션 리모델링 내부상태깔끔, 즉시입주 OK",https://www.zigbang.com/home/apt/items/50251712
2026-09-06 08:12:11,빌라투룸,50263995,월세,04,대전시 서구 관저동,서구,관저동,2000,60,0,57,17.24,3,Y컨디션 최상 BEST 완벽 ꕥ투룸ꕥ 대전 전지역 매물보유,https://www.zigbang.com/home/apt/items/50263995
2026-09-06 08:12:11,빌라투룸,50283519,월세,04,대전시 서구 관저동,서구,관저동,3000,60,0,50,15.12,3,ꯊ 신축. 남향. 깔끔한 투룸. 관저동.,https://www.zigbang.com/home/apt/items/50283519
2026-09-06 08:12:11,빌라투룸,50050728,월세,06,대전시 유성구 계산동,유성구,계산동,5000,150,0,124.65,37.71,4,초대형 복층 방6개.화장실3개.건축사가 직접지은 최고건물,https://www.zigbang.com/home/apt/items/50050728
2026-09-06 08:12:11,빌라투룸,50092700,월세,04,대전시 유성구 계산동,유성구,계산동,2000,45,0,53.11,16.07,2,착한가격ㅣ즉시입주ㅣ사이즈 굿ㅣ주차가능,https://www.zigbang.com/home/apt/items/50092700
2026-09-06 08:12:11,빌라투룸,50243856,월세,04,대전시 유성구 학하동,유성구,학하동,3000,70,0,62,18.75,3,신축 중문 울트라거실 ㄱ주방 ꕥ투룸ꕥ 대전 전지역 매물보유,https://www.zigbang.com/home/apt/items/50243856
2026-09-06 08:12:12,빌라투룸,49767410,월세,04,대전시 유성구 구암동,유성구,구암동,2000,84,0,60.95,18.44,3,대형신축투룸 한적한주택가 공원인근,https://www.zigbang.com/home/apt/items/49767410
2026-09-06 08:12:12,빌라투룸,49959148,전세,04,대전시 유성구 구암동,유성구,구암동,10000,0,0,45.29,13.7,3,융자적은 안전보증전세.토스ㄷㅊ가능한.애견가능한 투룸,https://www.zigbang.com/home/apt/items/49959148
2026-09-06 08:12:12,빌라투룸,50047582,월세,04,대전시 유성구 덕명동,유성구,덕명동,1000,65,0,50,15.12,4,s넓은투룸s 준신축 엘베 CCTV 현관보안 채광우수,https://www.zigbang.com/home/apt/items/50047582
2026-09-06 08:12:12,빌라투룸,50062877,월세,04,대전시 유성구 덕명동,유성구,덕명동,1000,65,0,50,15.12,4,S 개방감굿 S 신축급투룸 EV 주차완비 공원옆,https://www.zigbang.com/home/apt/items/50062877
2026-09-06 08:12:12,빌라투룸,50075236,월세,04,대전시 유성구 덕명동,유성구,덕명동,1000,50,0,40,12.1,4,S 미니테라스 S 복층투룸 풀옵션 2에어컨 특가임대,https://www.zigbang.com/home/apt/items/50075236
2026-09-06 08:12:12,빌라투룸,50079167,월세,04,대전시 유성구 덕명동,유성구,덕명동,5000,40,0,60,18.15,2,SS 중문 투룸 주차장 넓은거실 탁트인뷰 주차완비,https://www.zigbang.com/home/apt/items/50079167
2026-09-06 08:12:12,빌라투룸,50153631,월세,04,대전시 유성구 덕명동,유성구,덕명동,5000,40,0,55,16.64,2,S 대형투룸 S 덕명네거리 중문 대형거실 최저가임대,https://www.zigbang.com/home/apt/items/50153631
2026-09-06 08:12:12,빌라투룸,50265233,월세,04,대전시 유성구 구암동,유성구,구암동,2000,50,0,59.5,18.0,3,ㅇ반려동물ㅇ큰투룸ㅇ한밭대ㅇ산책하기좋은동네ㅇ즉시입주ㅇ,https://www.zigbang.com/home/apt/items/50265233
2026-09-06 08:12:12,빌라투룸,50285832,월세,04,대전시 유성구 덕명동,유성구,덕명동,1000,70,0,50,15.12,3,한밭대학교 인근 I 풀옵션 I 주차시설 완비,https://www.zigbang.com/home/apt/items/50285832
2026-09-06 08:12:12,빌라투룸,50201540,월세,04,대전시 동구 낭월동,동구,낭월동,1000,65,0,65,19.66,2,"ㅡ 풀옵션투룸 ㅡ 에어컨2대 , 화장실2 , 대형 투룸",https://www.zigbang.com/home/apt/items/50201540
2026-09-06 08:12:13,빌라투룸,50100765,월세,04,세종시 금남면 용포리,,금남면,300,70,0,45,13.61,2,"화장실 두개, 9월 중순 입주 가능 투룸",https://www.zigbang.com/home/apt/items/50100765
2026-09-06 08:12:13,빌라투룸,50118336,월세,05,세종시 금남면 성덕리,,금남면,1000,63,0,99,29.95,2,"즉시입주가능한 3룸,화장실 2개 큰마당, 텃반",https://www.zigbang.com/home/apt/items/50118336
2026-09-06 08:12:13,빌라투룸,50260051,월세,04,세종시 금남면 용포리,,금남면,300,65,0,42.98,13.0,3,12월 말 입주가능한 풀옵션 투룸입니다.,https://www.zigbang.com/home/apt/items/50260051
2026-09-06 08:12:13,빌라투룸,50217437,월세,04,대전시 유성구 관평동,유성구,관평동,1000,55,0,55,16.64,2,관평동 롯데마트옆 투룸 거실넓음,https://www.zigbang.com/home/apt/items/50217437
2026-09-06 08:12:13,빌라투룸,50278476,월세,05,대전시 유성구 관평동,유성구,관평동,3000,90,0,95,28.74,3,"관평동 주인세대 즉시입주가능,",https://www.zigbang.com/home/apt/items/50278476
2026-09-06 08:12:14,빌라투룸,50059537,월세,05,대전시 대덕구 목상동,대덕구,목상동,1000,50,0,85,25.71,3,"목상동 주인세대, 도배,장판및 수리해줍니다.",https://www.zigbang.com/home/apt/items/50059537
2026-09-06 08:12:14,빌라투룸,50188034,월세,04,대전시 대덕구 석봉동,대덕구,석봉동,500,35,0,48,14.52,1,"석봉동 주택가, 넓은거실, 방 살림살이 많으신분들 추천",https://www.zigbang.com/home/apt/items/50188034
2026-09-06 08:12:14,빌라투룸,50208192,월세,04,대전시 대덕구 덕암동,대덕구,덕암동,1000,55,0,55,16.64,3,"풀옵션가능, 덕암동 정남향, 최상가성비 준신축 투룸",https://www.zigbang.com/home/apt/items/50208192
2026-09-06 08:12:14,빌라투룸,50225980,월세,04,대전시 대덕구 목상동,대덕구,목상동,500,35,0,50,15.12,3,"목상동 투룸, 큰방, 작은방,",https://www.zigbang.com/home/apt/items/50225980
2026-09-06 08:12:14,빌라투룸,50232582,월세,04,대전시 대덕구 신탄진동,대덕구,신탄진동,1000,60,0,55,16.64,4,신탄진역앞 풀옵션 리모델링완료 투룸,https://www.zigbang.com/home/apt/items/50232582
2026-09-06 08:12:14,빌라투룸,50184466,월세,04,대전시 유성구 봉산동,유성구,봉산동,500,35,0,55,16.64,2,"반옵션 봉산동 장승공원옆 투룸, 가성비최상",https://www.zigbang.com/home/apt/items/50184466
2026-09-06 08:12:14,빌라투룸,50212834,월세,04,대전시 유성구 송강동,유성구,송강동,300,45,0,45,13.61,2,"단기가능, 송강시장 풀옵션투룸",https://www.zigbang.com/home/apt/items/50212834
2026-09-06 08:12:14,빌라투룸,50291460,월세,05,대전시 유성구 구룡동,유성구,구룡동,3000,125,0,85,25.71,4,"구룡동 복층 주인세대 쓰리룸, 화장실2개",https://www.zigbang.com/home/apt/items/50291460
2026-09-06 08:12:13,빌라투룸,49416553,월세,05,대전시 유성구 반석동,유성구,반석동,3000,80,0,44,13.31,3,채광좋은 넎은 쓰리룸,https://www.zigbang.com/home/apt/items/49416553
2026-09-06 08:12:13,빌라투룸,49427110,월세,05,대전시 유성구 반석동,유성구,반석동,4000,80,0,47,14.22,3,반석역 인근 방4칸,https://www.zigbang.com/home/apt/items/49427110
2026-09-06 08:12:13,빌라투룸,49723495,월세,04,대전시 유성구 신성동,유성구,신성동,1000,50,0,59.5,18.0,3,애경연 정문앞 18평 넓고 깔끔한 투룸,https://www.zigbang.com/home/apt/items/49723495
2026-09-06 08:12:13,빌라투룸,49800714,월세,05,대전시 유성구 신성동,유성구,신성동,5000,80,0,90,27.22,4,"근린공원앞,주변산책로,채광경관이 좋은 주인세대,월세조정가능",https://www.zigbang.com/home/apt/items/49800714
2026-09-06 08:12:13,빌라투룸,49853625,전세,04,대전시 유성구 반석동,유성구,반석동,8000,0,0,36.36,11.0,2,반석역인근 깔끔한 투룸,https://www.zigbang.com/home/apt/items/49853625
2026-09-06 08:12:13,빌라투룸,50068262,월세,04,대전시 유성구 신성동,유성구,신성동,500,50,0,50,15.12,2,거실과 방이 넓고 채광이 좋은 저렴한 원룸,https://www.zigbang.com/home/apt/items/50068262
2026-09-06 08:12:13,빌라투룸,50100563,월세,04,대전시 유성구 신성동,유성구,신성동,1000,50,0,50,15.12,2,15평 깨끗하게 리모델링 된 넓은 2룸,https://www.zigbang.com/home/apt/items/50100563
2026-09-06 08:12:13,빌라투룸,50126694,월세,04,대전시 유성구 신성동,유성구,신성동,300,43,0,42,12.7,3,리모델링으로 깨끗하고 채광이 좋은 아늑한 투룸,https://www.zigbang.com/home/apt/items/50126694
2026-09-06 08:12:13,빌라투룸,50288039,월세,04,대전시 유성구 반석동,유성구,반석동,1000,45,0,33.06,10.0,4,저렴한 투룸 월세,https://www.zigbang.com/home/apt/items/50288039
2026-09-06 08:12:13,빌라투룸,50300199,월세,05,대전시 유성구 신성동,유성구,신성동,3000,90,0,95,28.74,4,v신성동 넓은 쓰리룸v연구단지v카이스트 인근v금성초v,https://www.zigbang.com/home/apt/items/50300199
2026-09-06 08:12:14,빌라투룸,50044436,월세,04,세종시 연기면 연기리,,연기면,200,50,0,42.97,13.0,4,더조은 v2룸 단기가능  5.6생활권 초근접 v,https://www.zigbang.com/home/apt/items/50044436
2026-09-06 08:12:14,빌라투룸,50065949,월세,04,세종시 연서면 봉암리,,연서면,500,65,0,49,14.82,4,ㅁ엄지척A급투룸ㅁ큰길가 안전한주택ㅁ,https://www.zigbang.com/home/apt/items/50065949
2026-09-06 08:12:14,빌라투룸,50123745,월세,05,세종시 연기면 연기리,,연기면,500,68,0,54,16.33,2,v더조은v 3룸 귀한매물 부강오송15분소요,https://www.zigbang.com/home/apt/items/50123745
2026-09-06 08:12:14,빌라투룸,50168770,월세,04,세종시 연기면 연기리,,연기면,200,55,0,46.28,14.0,3,ㅁ 엄지척 투룸 단기가능 ㅡ 세종근접ㅡㅁ,https://www.zigbang.com/home/apt/items/50168770
2026-09-06 08:12:14,빌라투룸,50230482,월세,04,세종시 연기면 보통리,,연기면,1000,70,0,46.28,14.0,4,더조은v 2룸 신축 엘베 에어컨2대.스타일러 v,https://www.zigbang.com/home/apt/items/50230482
2026-09-06 08:12:14,빌라투룸,50289552,월세,04,세종시 연서면 봉암리,,연서면,300,71,0,56.19,17.0,4,ㅁ엄지척 대형투룸 화장실2개 숙소환영 즉시입주 단기가능 ㅁ,https://www.zigbang.com/home/apt/items/50289552
2026-09-06 08:12:14,빌라투룸,50289621,월세,04,세종시 연기면 연기리,,연기면,200,58,0,46.28,14.0,3,ㅁ 엄지척 투룸 깨끗  부강.해밀.산울.아름근접 초등학교ㅁ,https://www.zigbang.com/home/apt/items/50289621
2026-09-06 08:12:14,빌라투룸,50289799,월세,04,세종시 연기면 보통리,,연기면,5000,40,0,49.28,14.91,4,더조은v 2룸 신축급 엘베 보증금조절가능v,https://www.zigbang.com/home/apt/items/50289799
2026-09-06 08:12:14,빌라투룸,50289833,월세,04,세종시 연기면 연기리,,연기면,200,57,0,49.58,15.0,3,더조은 v 2룸 부강오소15분소요 5.6생초근접 v,https://www.zigbang.com/home/apt/items/50289833
2026-09-06 08:12:14,빌라투룸,50035709,전세,04,세종시 부강면 부강리,,부강면,6500,0,0,55,16.64,3,지원l깨끗한2룸전세l위치최상l부강역인근,https://www.zigbang.com/home/apt/items/50035709
2026-09-06 08:12:14,빌라투룸,50146746,월세,04,세종시 부강면 부강리,,부강면,200,70,0,66,19.96,3,"지원l1,2,3개월단기만가능l신축l풀옵션",https://www.zigbang.com/home/apt/items/50146746
2026-09-06 08:12:14,빌라투룸,50284449,월세,04,세종시 부강면 부강리,,부강면,1000,70,0,66,19.96,3,l지원l귀한2룸l2in1에어컨l대형사이즈l리모델링,https://www.zigbang.com/home/apt/items/50284449
2026-09-06 08:12:14,빌라투룸,50284498,월세,04,세종시 부강면 부강리,,부강면,500,75,0,46.89,14.18,3,지원l거실큰2룸l에어컨2대l엘레베이터l풀옵션,https://www.zigbang.com/home/apt/items/50284498
2026-09-06 08:12:14,빌라투룸,50284565,월세,04,세종시 부강면 부강리,,부강면,1000,75,0,56.2,17.0,2,지원l 2룸l1층빨래방l부강역인근,https://www.zigbang.com/home/apt/items/50284565
2026-09-06 08:12:18,빌라투룸,50073318,월세,04,경상남도 진주시 평거동,진주시,평거동,1000,51,0,60,18.15,2,㉧ㅡ서빈No.1구해줘홈즈ㅡ㉧추천BEST꿀방,https://www.zigbang.com/home/apt/items/50073318
2026-09-06 08:12:18,빌라투룸,50203478,월세,04,경상남도 진주시 평거동,진주시,평거동,1000,48,0,50,15.12,2,평거동 엘리베이터 O 거실 넓은 근저당X 안전한 집,https://www.zigbang.com/home/apt/items/50203478
2026-09-06 08:12:18,빌라투룸,50220329,월세,04,경상남도 진주시 평거동,진주시,평거동,1000,41,0,60,18.15,2,㉧ㅡ서빈No.1구해줘홈즈ㅡ㉧추천BEST꿀방,https://www.zigbang.com/home/apt/items/50220329
2026-09-06 08:12:18,빌라투룸,50301668,월세,04,경상남도 진주시 평거동,진주시,평거동,1000,51,0,55,16.64,2,㉧ㅡ서빈No.1구해줘홈즈ㅡ㉧추천BEST꿀방,https://www.zigbang.com/home/apt/items/50301668
2026-09-06 08:12:18,빌라투룸,50220315,월세,04,경상남도 진주시 초전동,진주시,초전동,1000,61,0,60,18.15,2,㉧ㅡ서빈No.1구해줘홈즈ㅡ㉧추천BEST꿀방,https://www.zigbang.com/home/apt/items/50220315
2026-09-06 08:12:18,빌라투룸,50220335,월세,04,경상남도 진주시 초전동,진주시,초전동,2000,51,0,60,18.15,3,㉧ㅡ서빈No.1구해줘홈즈ㅡ㉧추천BEST꿀방,https://www.zigbang.com/home/apt/items/50220335
2026-09-06 08:12:18,빌라투룸,50220336,월세,04,경상남도 진주시 초전동,진주시,초전동,2000,51,0,60,18.15,2,㉧ㅡ서빈No.1구해줘홈즈ㅡ㉧추천BEST꿀방,https://www.zigbang.com/home/apt/items/50220336
2026-09-06 08:12:18,빌라투룸,49918584,월세,04,경상남도 진주시 상봉동,진주시,상봉동,2500,30,0,59.5,18.0,1,상봉동 애완동물 가능하고 깔끔한 리모델링 단독주택 투룸,https://www.zigbang.com/home/apt/items/49918584
2026-09-06 08:12:18,빌라투룸,50220331,월세,04,경상남도 진주시 봉래동,진주시,봉래동,500,33,0,50,15.12,2,㉧ㅡ서빈No.1구해줘홈즈ㅡ㉧추천BEST꿀방,https://www.zigbang.com/home/apt/items/50220331
2026-09-06 08:12:18,빌라투룸,50259567,월세,04,경상남도 진주시 상봉동,진주시,상봉동,1000,40,0,49.58,15.0,2,㉧희망부동산㉧가격 좋은 꿀방㉧진주보건대 옆㉧,https://www.zigbang.com/home/apt/items/50259567
2026-09-06 08:12:18,빌라투룸,50296581,월세,04,경상남도 진주시 봉래동,진주시,봉래동,500,36,0,49.6,15.0,2,ㅇㅡ 베스트 추천 ㅡㅇ 백화점 중앙시장 도보5분 햇살가득,https://www.zigbang.com/home/apt/items/50296581
2026-09-06 08:12:21,빌라투룸,50225839,월세,05,경상남도 창원시 마산합포구 신포동1가,창원시 마산합포구,신포동1가,2000,70,0,57.39,17.36,9,이마트인근 최상의 퀄리티를 갖춘 빌라 26평형 쓰리룸,https://www.zigbang.com/home/apt/items/50225839
2026-09-06 08:12:22,빌라투룸,50182034,월세,04,경상남도 창원시 성산구 반지동,창원시 성산구,반지동,500,35,0,50,15.12,2,ㅁHAPPYㅁ 반지동 투룸,https://www.zigbang.com/home/apt/items/50182034
2026-09-06 08:12:22,빌라투룸,50238853,월세,04,경상남도 창원시 성산구 반지동,창원시 성산구,반지동,8000,30,0,66.11,20.0,2,ㅡBESTㅡ반지동 화이트톤 리모델링 ll 깔끔 투룸 전월세,https://www.zigbang.com/home/apt/items/50238853
2026-09-06 08:12:22,빌라투룸,50265686,월세,04,경상남도 창원시 의창구 명서동,창원시 의창구,명서동,1000,70,0,54.59,16.51,2,이쁜 복층  투룸 신축   즉시입주   보시면 만족하실겁니,https://www.zigbang.com/home/apt/items/50265686
2026-09-06 08:12:22,빌라투룸,50283272,월세,04,경상남도 창원시 의창구 명서동,창원시 의창구,명서동,1000,65,0,66.11,20.0,2,ㅡBESTㅡ 명서동 옵션있는 깔끔 투룸 ll 채광좋은 집,https://www.zigbang.com/home/apt/items/50283272
2026-09-06 08:12:22,빌라투룸,49713701,월세,04,경상남도 창원시 마산회원구 양덕동,창원시 마산회원구,양덕동,2000,60,0,58.94,17.83,3,양덕동 새마을금고 인근 넓은 거실있는 투룸,https://www.zigbang.com/home/apt/items/49713701
2026-09-06 08:12:22,빌라투룸,50134046,월세,04,경상남도 창원시 마산회원구 양덕동,창원시 마산회원구,양덕동,2000,25,0,37.92,11.47,2,양덕동  메트로시티인근 올수리된 독채,https://www.zigbang.com/home/apt/items/50134046
2026-09-06 08:12:22,빌라투룸,50150939,월세,04,경상남도 창원시 마산회원구 양덕동,창원시 마산회원구,양덕동,6000,20,0,48,14.52,3,LH가능.고속터미널인근  풀옵션 투룸 엘베있어요,https://www.zigbang.com/home/apt/items/50150939
2026-09-06 08:12:22,빌라투룸,50152161,월세,05,경상남도 창원시 마산회원구 합성동,창원시 마산회원구,합성동,8000,20,0,60.23,18.22,2,합성동 시외버스터미널인근 방2 복층1  LH가능,https://www.zigbang.com/home/apt/items/50152161
2026-09-06 08:12:22,빌라투룸,50152528,매매,04,경상남도 창원시 마산회원구 양덕동,창원시 마산회원구,양덕동,9000,0,9000,56.63,17.13,3,양덕동 홈플 인근  올리모델링 방2,https://www.zigbang.com/home/apt/items/50152528
2026-09-06 08:12:22,빌라투룸,50209511,월세,04,경상남도 창원시 마산회원구 양덕동,창원시 마산회원구,양덕동,5000,40,0,39.57,11.97,3,양덕동 중앙시장인근 방2  거실 대출가능,https://www.zigbang.com/home/apt/items/50209511
2026-09-06 08:12:22,빌라투룸,50225762,월세,04,경상남도 창원시 마산회원구 양덕동,창원시 마산회원구,양덕동,1000,60,0,55,16.64,3,양덕초 맞은편 거실넓은 투룸,https://www.zigbang.com/home/apt/items/50225762
2026-09-06 08:12:22,빌라투룸,50269819,월세,04,경상남도 창원시 마산회원구 양덕동,창원시 마산회원구,양덕동,6000,20,0,38.1,11.53,2,양덕동 고속버스터미널인근 방2,https://www.zigbang.com/home/apt/items/50269819
2026-09-06 08:12:22,빌라투룸,50280139,월세,04,경상남도 창원시 마산회원구 양덕동,창원시 마산회원구,양덕동,300,37,0,39.57,11.97,3,양덕동 고속버스터미널인근 방2 풀옵션,https://www.zigbang.com/home/apt/items/50280139
2026-09-06 08:12:22,빌라투룸,50291579,월세,05,경상남도 창원시 마산회원구 양덕동,창원시 마산회원구,양덕동,5000,20,0,44.2,13.37,1,양덕동 중앙시장인근 방3 올전세  lh가능,https://www.zigbang.com/home/apt/items/50291579
2026-09-06 08:12:22,빌라투룸,50152522,월세,04,경상남도 창원시 마산회원구 구암동,창원시 마산회원구,구암동,1000,30,0,44.3,13.4,2,구암동 구암고등학교인근  방2  독채,https://www.zigbang.com/home/apt/items/50152522
2026-09-06 08:12:22,빌라투룸,50168136,월세,04,경상남도 창원시 의창구 팔용동,창원시 의창구,팔용동,1000,35,0,49.5,14.97,2,ㅡBESTㅡ 팔용동 투룸 풀옵션 ll 금액대비 가성비최고,https://www.zigbang.com/home/apt/items/50168136
2026-09-06 08:12:22,빌라투룸,50231443,월세,04,경상남도 창원시 의창구 서상동,창원시 의창구,서상동,1000,60,0,59.5,18.0,2,ㅡBESTㅡ중동초인근 엘베O ll 리모델링 풀옵션투룸 ll,https://www.zigbang.com/home/apt/items/50231443
2026-09-06 08:12:22,빌라투룸,50239695,월세,04,경상남도 창원시 의창구 서상동,창원시 의창구,서상동,1000,60,0,50,15.12,2,ㅁHAPPYㅁ 서상동 엘베O 풀옵션 준신축 투룸,https://www.zigbang.com/home/apt/items/50239695
2026-09-06 08:12:22,빌라투룸,50265617,전세,04,경상남도 창원시 의창구 팔용동,창원시 의창구,팔용동,6000,0,0,39.67,12.0,2,팔용동 방2  귀한올전세 LH전세대출가능,https://www.zigbang.com/home/apt/items/50265617
2026-09-06 08:12:22,빌라투룸,50280132,월세,05,경상남도 창원시 의창구 팔용동,창원시 의창구,팔용동,8000,30,0,59.2,17.91,2,팔용동 방3 전세대출가능 공원뷰,https://www.zigbang.com/home/apt/items/50280132
2026-09-06 08:12:22,빌라투룸,50011495,월세,05,경상남도 창원시 의창구 봉곡동,창원시 의창구,봉곡동,5000,35,0,77,23.29,2,ㅁHAPPYㅁ 봉곡동 귀한 독채 쓰리룸,https://www.zigbang.com/home/apt/items/50011495
2026-09-06 08:12:22,빌라투룸,50115512,월세,04,경상남도 창원시 의창구 봉림동,창원시 의창구,봉림동,2000,40,0,60,18.15,4,ㅁHAPPYㅁ 봉림동 투룸 준신축,https://www.zigbang.com/home/apt/items/50115512
2026-09-06 08:12:22,빌라투룸,50164884,월세,04,경상남도 창원시 의창구 중동,창원시 의창구,중동,500,70,0,66.11,20.0,2,ㅡBESTㅡ중동 신축급 투룸 풀옵션 ll 거실있는 깔끔구조,https://www.zigbang.com/home/apt/items/50164884
2026-09-06 08:12:22,빌라투룸,50164974,월세,04,경상남도 창원시 의창구 봉곡동,창원시 의창구,봉곡동,1000,45,0,52.89,16.0,2,ㅡBESTㅡ봉곡중인근 리모델링 깔끔투룸 ll 방2칸 넓음,https://www.zigbang.com/home/apt/items/50164974
2026-09-06 08:12:22,빌라투룸,50238212,월세,04,경상남도 창원시 의창구 봉곡동,창원시 의창구,봉곡동,1000,35,0,60,18.15,2,ㅁHAPPYㅁ 봉곡동 투룸 반려동물O,https://www.zigbang.com/home/apt/items/50238212
2026-09-06 08:12:22,빌라투룸,50254824,월세,04,경상남도 창원시 의창구 명서동,창원시 의창구,명서동,500,25,0,40,12.1,1,ㅁHAPPYㅁ 명서동 미니투룸 가성비,https://www.zigbang.com/home/apt/items/50254824
2026-09-06 08:12:22,빌라투룸,50255476,월세,04,경상남도 창원시 의창구 명서동,창원시 의창구,명서동,1000,50,0,47,14.22,2,ㅁHAPPYㅁ 명서동 투룸,https://www.zigbang.com/home/apt/items/50255476
2026-09-06 08:12:22,빌라투룸,50265688,월세,04,경상남도 창원시 의창구 명서동,창원시 의창구,명서동,300,35,0,66.11,20.0,1,이쁘고 아주밝은 투베이완전풀옵션  보러오세요.,https://www.zigbang.com/home/apt/items/50265688
2026-09-06 08:12:22,빌라투룸,50268383,월세,04,경상남도 창원시 의창구 명서동,창원시 의창구,명서동,1000,47,0,40,12.1,1,ㅁHAPPYㅁ 명서동 풀옵션 투룸,https://www.zigbang.com/home/apt/items/50268383
2026-09-06 08:12:28,빌라투룸,50184968,전세,06,대구시 달서구 신당동,달서구,신당동,12000,0,0,80,24.2,4,LH가능 계명대역 역세권 복층형 준신축급 주인세대,https://www.zigbang.com/home/apt/items/50184968
2026-09-06 08:12:28,빌라투룸,50212426,월세,04,대구시 달서구 신당동,달서구,신당동,300,30,0,42.23,12.77,2,리모델링된 정투룸 풀옵션 내부깨끗 방음굿 단열굿,https://www.zigbang.com/home/apt/items/50212426
2026-09-06 08:12:28,빌라투룸,50212431,월세,04,대구시 달서구 신당동,달서구,신당동,300,40,0,45.98,13.91,3,정투룸 풀옵션 채광굿 방음굿 단열굿 내부깨끗,https://www.zigbang.com/home/apt/items/50212431
2026-09-06 08:12:28,빌라투룸,50212440,월세,04,대구시 달서구 신당동,달서구,신당동,500,40,0,45.21,13.68,2,올수리된정투룸 풀옵션 내부굿굿,https://www.zigbang.com/home/apt/items/50212440
2026-09-06 08:12:28,빌라투룸,50237045,월세,04,대구시 달서구 호산동,달서구,호산동,300,35,0,40,12.1,2,"ㅣ투룸ㅣ엘베OKㅣ주차가능ㅣ보증금,월세 저렴ㅣ풀옵션ㅣ",https://www.zigbang.com/home/apt/items/50237045
2026-09-06 08:12:28,빌라투룸,50245737,월세,04,대구시 달서구 호산동,달서구,호산동,500,50,0,42.9,12.98,2,호산동 방2거실1ㅣ엘베Oㅣ양방주차ㅣ3차산업단지,https://www.zigbang.com/home/apt/items/50245737
2026-09-06 08:12:28,빌라투룸,50291134,월세,04,대구시 달서구 호산동,달서구,호산동,500,45,0,29.81,9.02,4,"신축,화이트톤투룸ㅣ풀옵션,에어컨2대,TV,침대ㅣ엘베,중문ㅣ",https://www.zigbang.com/home/apt/items/50291134
2026-09-06 08:12:29,빌라투룸,50199028,월세,05,대구시 달서구 상인동,달서구,상인동,1000,40,0,68.14,20.61,2,올리모델링된 방3개 주방별도 거실별도세탁실 다용도실,https://www.zigbang.com/home/apt/items/50199028
2026-09-06 08:12:29,빌라투룸,50232763,월세,05,대구시 달서구 상인동,달서구,상인동,300,30,0,88.2,26.68,2,"NEW 최저가쓰리룸ㅣ관리비Xㅣ올수리,화이트톤ㅣ빨리",https://www.zigbang.com/home/apt/items/50232763
2026-09-06 08:12:29,빌라투룸,50242776,전세,06,대구시 달서구 상인동,달서구,상인동,9000,0,0,76.16,23.04,1,LH가능 상인동 1층 단독주택 욕실 올수리,https://www.zigbang.com/home/apt/items/50242776
2026-09-06 08:12:29,빌라투룸,50246449,월세,04,대구시 달서구 상인동,달서구,상인동,200,20,0,42.98,13.0,2,실매물인증 l 상인동 넓은 투룸 l 미친가성비 l 채광맛집,https://www.zigbang.com/home/apt/items/50246449
2026-09-06 08:12:29,빌라투룸,50226759,월세,05,대구시 수성구 범물동,수성구,범물동,1000,30,0,50.5,15.28,2,올수리 첫입주 혜택 놓치지 마세요,https://www.zigbang.com/home/apt/items/50226759
2026-09-06 08:12:29,빌라투룸,50165740,월세,05,경상남도 창원시 진해구 경화동,창원시 진해구,경화동,500,71,0,71.04,21.49,1,"전진 방3 화2, 소파 식탁 침대, 풀옵션 , 단기가능",https://www.zigbang.com/home/apt/items/50165740
2026-09-06 08:12:29,빌라투룸,50252065,월세,04,경상남도 창원시 진해구 석동,창원시 진해구,석동,500,40,0,49.59,15.0,2,직빵  저렴한 투룸  위치좋은  주차시설좋음,https://www.zigbang.com/home/apt/items/50252065
2026-09-06 08:12:29,빌라투룸,50262376,전세,05,경상남도 창원시 진해구 석동,창원시 진해구,석동,9000,0,0,100,30.25,4,강남 롯데마트인근 방3 엄청큰거실 주방 베란다4 엄청넓은집,https://www.zigbang.com/home/apt/items/50262376
2026-09-06 08:12:29,빌라투룸,50273626,월세,04,경상남도 창원시 진해구 석동,창원시 진해구,석동,1000,30,0,49.59,15.0,1,전진 진해경찰서뒤 롯데마트인근 풀옵션 투룸,https://www.zigbang.com/home/apt/items/50273626
2026-09-06 08:12:29,빌라투룸,50278612,월세,04,경상남도 창원시 진해구 경화동,창원시 진해구,경화동,500,45,0,46.28,14.0,2,직빵 엘베있는투룸안민장복터널 진입빠름 군부대가까움,https://www.zigbang.com/home/apt/items/50278612
2026-09-06 08:12:29,빌라투룸,50300300,월세,05,경상남도 창원시 진해구 석동,창원시 진해구,석동,1000,50,0,66.12,20.0,4,희망  복층있는 방3  화2  짐많은분  생활권편리,https://www.zigbang.com/home/apt/items/50300300
2026-09-06 08:12:30,빌라투룸,49980561,월세,04,경상남도 창원시 성산구 사파동,창원시 성산구,사파동,2000,55,0,56.19,17.0,2,ㅡBESTㅡ 사파동 토월초인근 ll 화이트톤 깔끔 리모델링,https://www.zigbang.com/home/apt/items/49980561
2026-09-06 08:12:30,빌라투룸,50028754,월세,04,경상남도 창원시 성산구 상남동,창원시 성산구,상남동,3000,30,0,55,16.64,2,ㅁHAPPYㅁ 상남동 위치 좋은 밝은 투룸,https://www.zigbang.com/home/apt/items/50028754
2026-09-06 08:12:30,빌라투룸,50038322,월세,04,경상남도 창원시 성산구 사파동,창원시 성산구,사파동,1000,55,0,54,16.33,2,ㅁHAPPYㅁ 사파동 토월초 인근 깔끔한 투룸,https://www.zigbang.com/home/apt/items/50038322
2026-09-06 08:12:30,빌라투룸,50098347,월세,04,경상남도 창원시 성산구 중앙동,창원시 성산구,중앙동,1000,60,0,61,18.45,2,ㅁHAPPYㅁ 중앙동 주택가 귀한 투룸,https://www.zigbang.com/home/apt/items/50098347
2026-09-06 08:12:30,빌라투룸,50109388,월세,04,경상남도 창원시 성산구 사파동,창원시 성산구,사파동,500,40,0,41,12.4,1,ㅁHAPPYㅁ 사파동 가격 좋고 위치 좋은 가성비 투룸,https://www.zigbang.com/home/apt/items/50109388
2026-09-06 08:12:30,빌라투룸,50225039,월세,04,경상남도 창원시 성산구 사파동,창원시 성산구,사파동,2000,55,0,55,16.64,2,ㅁHAPPYㅁ 사파동 준신축급 깔끔한 분위기 투룸,https://www.zigbang.com/home/apt/items/50225039
2026-09-06 08:12:30,빌라투룸,50225048,월세,04,경상남도 창원시 성산구 중앙동,창원시 성산구,중앙동,1000,50,0,55,16.64,2,ㅁHAPPYㅁ 중앙동 아이파크앞 입지 좋은 투룸,https://www.zigbang.com/home/apt/items/50225048
2026-09-06 08:12:30,빌라투룸,50258720,월세,04,경상남도 창원시 의창구 사림동,창원시 의창구,사림동,1000,50,0,43,13.01,2,ㅁHAPPYㅁ 풀옵션 투룸 사림동,https://www.zigbang.com/home/apt/items/50258720
2026-09-06 08:12:30,빌라투룸,50258757,월세,04,경상남도 창원시 성산구 용호동,창원시 성산구,용호동,300,30,0,33.06,10.0,2,가로수길 인근 햇볕드는 밝은 방2칸 투룸입니다.,https://www.zigbang.com/home/apt/items/50258757
2026-09-06 08:12:30,빌라투룸,50259509,월세,04,경상남도 창원시 성산구 사파동,창원시 성산구,사파동,500,50,0,53,16.03,2,ㅁHAPPYㅁ 준신축 사파동 반려동물O,https://www.zigbang.com/home/apt/items/50259509
2026-09-06 08:12:30,빌라투룸,50265689,월세,04,경상남도 창원시 성산구 용호동,창원시 성산구,용호동,5000,40,0,62.81,19.0,2,"이쁘고 아주밝은 완전 리모델링 한 투룸
대출가능.LH도됨",https://www.zigbang.com/home/apt/items/50265689
2026-09-06 08:12:30,빌라투룸,50265699,월세,04,경상남도 창원시 성산구 용호동,창원시 성산구,용호동,1000,40,0,49.59,15.0,2,이쁘고 아주밝은 완전풀옵션 투룸 올리모델링 즉시입주,https://www.zigbang.com/home/apt/items/50265699
2026-09-06 08:12:30,빌라투룸,50268130,월세,04,경상남도 창원시 성산구 신월동,창원시 성산구,신월동,600,40,0,41,12.4,2,ㅁHAPPYㅁ 신월동 가격 좋은 귀한 풀옵션 투룸,https://www.zigbang.com/home/apt/items/50268130
2026-09-06 08:12:30,빌라투룸,50299569,전세,05,경상남도 창원시 성산구 사파동,창원시 성산구,사파동,20000,0,0,100,30.25,2,ㅡBESTㅡ 사파동 귀한주인채 방3칸 ll 신축급 올전세,https://www.zigbang.com/home/apt/items/50299569
2026-09-06 08:12:30,빌라투룸,50042750,월세,05,경상남도 창원시 의창구 사림동,창원시 의창구,사림동,5000,100,0,110,33.27,1,ㅁHAPPYㅁ 사림동 올 리모델링 넓고 깨끗한 쓰리룸,https://www.zigbang.com/home/apt/items/50042750
2026-09-06 08:12:30,빌라투룸,50043660,월세,04,경상남도 창원시 의창구 사림동,창원시 의창구,사림동,500,40,0,45,13.61,2,ㅁHAPPYㅁ 사림동 거실 있는 가성비 투룸,https://www.zigbang.com/home/apt/items/50043660
2026-09-06 08:12:30,빌라투룸,50054380,월세,04,경상남도 창원시 의창구 봉곡동,창원시 의창구,봉곡동,1000,45,0,47,14.22,2,ㅁHAPPYㅁ 봉곡동 풀옵션 투룸,https://www.zigbang.com/home/apt/items/50054380
2026-09-06 08:12:30,빌라투룸,50120246,월세,04,경상남도 창원시 의창구 봉곡동,창원시 의창구,봉곡동,1000,45,0,52.89,16.0,2,ㅡBESTㅡ봉곡동 사림프라자인근 ll 풀옵션 남향투룸 ll,https://www.zigbang.com/home/apt/items/50120246
2026-09-06 08:12:30,빌라투룸,50173665,월세,04,경상남도 창원시 의창구 사림동,창원시 의창구,사림동,1000,40,0,50,15.12,2,ㅁHAPPYㅁ 사림동 깔끔하게 컨디션 좋은 투룸,https://www.zigbang.com/home/apt/items/50173665
2026-09-06 08:12:30,빌라투룸,50254833,월세,04,경상남도 창원시 의창구 봉곡동,창원시 의창구,봉곡동,1000,45,0,50,15.12,2,ㅁHAPPYㅁ 봉곡동 컨디션 좋은 안채 투룸,https://www.zigbang.com/home/apt/items/50254833
2026-09-06 08:12:30,빌라투룸,50255051,월세,04,경상남도 창원시 의창구 봉곡동,창원시 의창구,봉곡동,6000,30,0,60,18.15,2,ㅁHAPPYㅁ 봉곡동 투룸,https://www.zigbang.com/home/apt/items/50255051
2026-09-06 08:12:30,빌라투룸,50265694,월세,04,경상남도 창원시 의창구 사림동,창원시 의창구,사림동,500,45,0,59.5,18.0,1,이쁘고아주밝은투룸 큰방두개 풀옵션 에어컨2대주차엄청좋음,https://www.zigbang.com/home/apt/items/50265694
2026-09-06 08:12:30,빌라투룸,50268917,월세,04,경상남도 창원시 의창구 사림동,창원시 의창구,사림동,1000,50,0,50,15.12,2,조용하고 깨끗하고 주차공간 넉넉한 투룸입니다.,https://www.zigbang.com/home/apt/items/50268917
2026-09-06 08:12:30,빌라투룸,50134048,월세,05,경상남도 김해시 주촌면 천곡리,김해시,주촌면,2000,70,0,44.79,13.55,2,"신축방2칸 서김해IC,코스트코인근",https://www.zigbang.com/home/apt/items/50134048
2026-09-06 08:12:30,빌라투룸,50136333,월세,05,경상남도 김해시 주촌면 천곡리,김해시,주촌면,2000,60,0,47.44,14.35,2,"신축방2칸 서김해IC,코스트코인근",https://www.zigbang.com/home/apt/items/50136333
2026-09-06 08:12:30,빌라투룸,50235214,월세,04,경상남도 김해시 내덕동,김해시,내덕동,500,55,0,55,16.64,2,에어컨 세탁기있는 방2 거실1,https://www.zigbang.com/home/apt/items/50235214
2026-09-06 08:12:30,빌라투룸,50235285,월세,04,경상남도 김해시 무계동,김해시,무계동,1000,50,0,59.5,18.0,2,장유초등학교인근 방2칸 구조좋은집,https://www.zigbang.com/home/apt/items/50235285
2026-09-06 08:12:30,빌라투룸,50236209,월세,05,경상남도 김해시 주촌면 천곡리,김해시,주촌면,700,70,0,46.01,13.92,4,신축방2칸 코스트코인근,https://www.zigbang.com/home/apt/items/50236209
2026-09-06 08:12:30,빌라투룸,50265235,월세,04,경상남도 김해시 내덕동,김해시,내덕동,1000,40,0,46.28,14.0,3,최저가 거실.방2칸 구조위치 최고,https://www.zigbang.com/home/apt/items/50265235
2026-09-06 08:12:30,빌라투룸,50300885,월세,06,경상남도 김해시 내덕동,김해시,내덕동,5000,100,0,100,30.25,3,대청동 신축급 주인세대 복층구조,https://www.zigbang.com/home/apt/items/50300885
2026-09-06 08:12:30,빌라투룸,50301141,월세,05,경상남도 김해시 내덕동,김해시,내덕동,1000,40,0,68.16,20.62,2,깨끗한 쓰리룸입니다,https://www.zigbang.com/home/apt/items/50301141
2026-09-06 08:12:30,빌라투룸,50301143,월세,05,경상남도 김해시 내덕동,김해시,내덕동,1000,40,0,55,16.64,2,방2개와 거실입니다,https://www.zigbang.com/home/apt/items/50301143
2026-09-06 08:12:30,빌라투룸,50301146,월세,06,경상남도 김해시 내덕동,김해시,내덕동,1000,68,0,115.7,35.0,2,주인세대와 옥탑이 아주좋아요,https://www.zigbang.com/home/apt/items/50301146
2026-09-06 08:12:30,빌라투룸,50301151,월세,05,경상남도 김해시 내덕동,김해시,내덕동,500,42,0,60,18.15,2,방2개와 거실이며 깨끗한 방입니다,https://www.zigbang.com/home/apt/items/50301151
2026-09-06 08:12:30,빌라투룸,50302437,월세,05,경상남도 김해시 주촌면 천곡리,김해시,주촌면,2000,61,0,47.44,14.35,3,신축방2칸 코스트코인근,https://www.zigbang.com/home/apt/items/50302437
2026-09-06 08:12:31,빌라투룸,50046227,월세,04,경상남도 김해시 삼정동,김해시,삼정동,2000,61,0,49.59,15.0,3,NO.1신축급컨디션VV방2VV풀옵션VV역세권VV,https://www.zigbang.com/home/apt/items/50046227
2026-09-06 08:12:31,빌라투룸,50089660,월세,04,경상남도 김해시 삼정동,김해시,삼정동,2000,51,0,49.59,15.0,3,NO.1방2개거실1VV넓은거실VV채광좋음VV풀옵션,https://www.zigbang.com/home/apt/items/50089660
2026-09-06 08:12:31,빌라투룸,50134106,월세,04,경상남도 김해시 삼정동,김해시,삼정동,1000,41,0,46.28,14.0,2,"ll 복음병원인근 ll 착한가격, 방2개",https://www.zigbang.com/home/apt/items/50134106
2026-09-06 08:12:31,빌라투룸,50178876,월세,04,경상남도 김해시 어방동,김해시,어방동,6000,21,0,60,18.15,3,O 초역세권 인제대역1분 O 풀옵션 거실생활 가능,https://www.zigbang.com/home/apt/items/50178876
2026-09-06 08:12:31,빌라투룸,50180823,월세,04,경상남도 김해시 삼정동,김해시,삼정동,1000,40,0,60,18.15,4,VNew UpdteV활천고개인근V방2개,https://www.zigbang.com/home/apt/items/50180823
2026-09-06 08:12:31,빌라투룸,50210367,월세,04,경상남도 김해시 어방동,김해시,어방동,6000,21,0,50,15.12,3,"ll 방2, 신축급 ll 인제대역 2분거리 신축입니다",https://www.zigbang.com/home/apt/items/50210367
2026-09-06 08:12:31,빌라투룸,50212540,월세,04,경상남도 김해시 부원동,김해시,부원동,2000,37,0,49.59,15.0,4,NO.1옵션새로교체VV풀옵션VV역세권VV,https://www.zigbang.com/home/apt/items/50212540
2026-09-06 08:12:31,빌라투룸,50212650,월세,04,경상남도 김해시 삼정동,김해시,삼정동,1000,52,0,33.06,10.0,1,NO.1방2거실1VV풀옵션VV붙박이장있음VV,https://www.zigbang.com/home/apt/items/50212650
2026-09-06 08:12:31,빌라투룸,50226490,월세,04,경상남도 김해시 삼정동,김해시,삼정동,1000,56,0,60,18.15,3,O 거실 넓은 방2개 투룸 O 풀옵션 채광좋아요 붙박이장,https://www.zigbang.com/home/apt/items/50226490
2026-09-06 08:12:31,빌라투룸,50248039,전세,05,경상남도 김해시 대동면 예안리,김해시,대동면,15000,0,0,90,27.22,1,"즉시입주,동물가능,큰마당,대출가능,보증금조절가능",https://www.zigbang.com/home/apt/items/50248039
2026-09-06 08:12:31,빌라투룸,49917409,월세,04,경상남도 김해시 구산동,김해시,구산동,2000,36,0,49.59,15.0,1,역세권 방2개,https://www.zigbang.com/home/apt/items/49917409
2026-09-06 08:12:31,빌라투룸,50122434,월세,05,경상남도 김해시 구산동,김해시,구산동,1500,45,0,73.02,22.09,1,준신축방2칸 연지공원역인근,https://www.zigbang.com/home/apt/items/50122434
2026-09-06 08:12:31,빌라투룸,50152688,월세,04,경상남도 김해시 삼계동,김해시,삼계동,1000,50,0,55,16.64,3,ㄴ초등학교 근처 매물ㄱ이번에 도배 장판 새로한 매물,https://www.zigbang.com/home/apt/items/50152688
2026-09-06 08:12:31,빌라투룸,50152720,월세,04,경상남도 김해시 삼계동,김해시,삼계동,1000,53,0,60,18.15,2,ㄴ방2개ㄱㄴ화장실2개ㄱㄴ준신축ㄱㄴ역세권ㄱ,https://www.zigbang.com/home/apt/items/50152720
2026-09-06 08:12:31,빌라투룸,50152767,월세,04,경상남도 김해시 삼계동,김해시,삼계동,500,41,0,50,15.12,1,ㄴ깔끔한매물ㄱ 풀옵션 방2개있는 매물,https://www.zigbang.com/home/apt/items/50152767
2026-09-06 08:12:31,빌라투룸,50235860,월세,05,경상남도 김해시 구산동,김해시,구산동,5000,65,0,75,22.69,2,준신축방2칸 연지공원역인근,https://www.zigbang.com/home/apt/items/50235860
2026-09-06 08:12:31,빌라투룸,50245025,월세,04,경상남도 김해시 구산동,김해시,구산동,2000,30,0,60,18.15,2,구산동 대로변 방2개 상가주택,https://www.zigbang.com/home/apt/items/50245025
2026-09-06 08:12:31,빌라투룸,50192268,매매,04,부산시 북구 구포동,북구,구포동,14000,0,14000,40.33,12.2,5,방2.거실1. 베란다. 세탁실 有. 융자말소조건,https://www.zigbang.com/home/apt/items/50192268
2026-09-06 08:12:33,빌라투룸,50041054,월세,04,부산시 부산진구 부전동,부산진구,부전동,500,65,0,39.33,11.9,1,"귀한 풀옵션 거실,방2,화1,에어컨 3대",https://www.zigbang.com/home/apt/items/50041054
2026-09-06 08:12:33,빌라투룸,50249858,전세,05,부산시 동래구 사직동,동래구,사직동,20000,0,0,64.96,19.65,12,"쓰리룸, 에어컨3대",https://www.zigbang.com/home/apt/items/50249858
2026-09-06 08:12:33,빌라투룸,50144964,월세,04,부산시 동래구 온천동,동래구,온천동,2000,55,0,16.02,4.85,9,신축 분리형 베스트. 최강 옵션. 저층 할인가능,https://www.zigbang.com/home/apt/items/50144964
2026-09-06 08:12:33,빌라투룸,50165947,월세,04,부산시 동래구 온천동,동래구,온천동,2000,55,0,22.38,6.77,5,보증금조절 가능.신축 1년차.건조기. 분리형 타입,https://www.zigbang.com/home/apt/items/50165947
2026-09-06 08:12:33,빌라투룸,50171987,월세,04,부산시 금정구 서동,금정구,서동,1000,60,0,40.7,12.31,2,방2칸 관리비 포함된 풀옵션,https://www.zigbang.com/home/apt/items/50171987
2026-09-06 08:12:33,빌라투룸,50217224,월세,04,부산시 동래구 수안동,동래구,수안동,1000,60,0,25.09,7.59,14,"ll 2026 신축, 전호실 보유 중 ll",https://www.zigbang.com/home/apt/items/50217224
2026-09-06 08:12:33,빌라투룸,50234031,월세,04,부산시 금정구 부곡동,금정구,부곡동,1000,60,0,26.34,7.97,2,부곡동  거실1 방2 풀옵션..개인명의..융자없음,https://www.zigbang.com/home/apt/items/50234031
2026-09-06 08:12:33,빌라투룸,50237052,월세,04,부산시 동래구 온천동,동래구,온천동,2000,55,0,29.97,9.07,7,온천동 거실1 방2 풀옵션 ..보증금 및 월세 조절 가능,https://www.zigbang.com/home/apt/items/50237052
2026-09-06 08:12:33,빌라투룸,50237265,전세,04,부산시 동래구 온천동,동래구,온천동,13000,0,0,45.75,13.84,6,동래역부근 거실1 방2 풀옵션 올전세,https://www.zigbang.com/home/apt/items/50237265
2026-09-06 08:12:33,빌라투룸,50240679,월세,04,부산시 금정구 장전동,금정구,장전동,2000,55,0,28.79,8.71,3,부산대 북문 부근 두분이 사시기 좋은 방2 화2 풀옵션,https://www.zigbang.com/home/apt/items/50240679
2026-09-06 08:12:33,빌라투룸,50266079,월세,04,부산시 금정구 서동,금정구,서동,1000,50,0,25.02,7.57,2,서동 가성비 좋은 거실1 방2 풀옵션,https://www.zigbang.com/home/apt/items/50266079
2026-09-06 08:12:33,빌라투룸,50268419,월세,04,부산시 금정구 서동,금정구,서동,1000,50,0,50.04,15.14,2,"자주식주차가 풀옵션 빌라주택 거실,방2,화1,에1, 남서향",https://www.zigbang.com/home/apt/items/50268419
2026-09-06 08:12:33,빌라투룸,50280947,월세,05,부산시 금정구 장전동,금정구,장전동,1000,85,0,57.29,17.33,5,장전동  복층 방3 화2 월세매물,https://www.zigbang.com/home/apt/items/50280947
2026-09-06 08:12:33,빌라투룸,50291227,월세,04,부산시 동래구 온천동,동래구,온천동,2000,40,0,25.13,7.6,4,"실매물, V초역세권.분리형 가성비 베스트V",https://www.zigbang.com/home/apt/items/50291227
2026-09-06 08:12:33,빌라투룸,50278774,월세,04,부산시 동래구 온천동,동래구,온천동,500,65,0,25.13,7.6,11,"ll 공휴일 정상운영, 전호실 보유중 ll",https://www.zigbang.com/home/apt/items/50278774
2026-09-06 08:12:33,빌라투룸,50022726,월세,04,부산시 연제구 연산동,연제구,연산동,2000,55,0,32.14,9.72,4,이 지역 제일 넓은 방. 수납력 최고. 베란다까지,https://www.zigbang.com/home/apt/items/50022726
2026-09-06 08:12:33,빌라투룸,50068102,월세,04,부산시 연제구 연산동,연제구,연산동,500,30,0,42.1,12.74,1,환기 잘되고 작은 마당있는 방2칸,https://www.zigbang.com/home/apt/items/50068102
2026-09-06 08:12:33,빌라투룸,50222685,월세,04,부산시 연제구 연산동,연제구,연산동,500,35,0,40.92,12.38,1,연산역인근 투룸,https://www.zigbang.com/home/apt/items/50222685
2026-09-06 08:12:33,빌라투룸,50249641,월세,04,부산시 연제구 연산동,연제구,연산동,1000,50,0,67.23,20.34,2,"단독 옥상 사용, 도배 샷시 리모델링중, 방3칸",https://www.zigbang.com/home/apt/items/50249641
2026-09-06 08:12:33,빌라투룸,50262394,전세,04,부산시 연제구 연산동,연제구,연산동,20000,0,0,60.87,18.41,11,귀한전세매물. 방2.거실1.화장실.베란다 구조. 실매물.,https://www.zigbang.com/home/apt/items/50262394
2026-09-06 08:12:33,빌라투룸,50278768,월세,04,부산시 부산진구 양정동,부산진구,양정동,2000,43,0,19.78,5.98,5,"남향, 개인명의, 보증보험",https://www.zigbang.com/home/apt/items/50278768
2026-09-06 08:12:33,빌라투룸,50278771,전세,04,부산시 연제구 연산동,연제구,연산동,11000,0,0,29.9,9.04,7,ll 보증보험 가입완료 ll,https://www.zigbang.com/home/apt/items/50278771
2026-09-06 08:12:33,빌라투룸,50222678,전세,04,부산시 해운대구 반송동,해운대구,반송동,6000,0,0,44.85,13.57,1,반송도서관 인근 평지에 위치한 최신식 리모델링,https://www.zigbang.com/home/apt/items/50222678
2026-09-06 08:12:33,빌라투룸,50251874,월세,04,부산시 해운대구 반송동,해운대구,반송동,150,29,0,43.56,13.18,1,방2칸 에어컨 있음,https://www.zigbang.com/home/apt/items/50251874
2026-09-06 08:12:34,빌라투룸,50083467,월세,06,경상남도 양산시 동면 석산리,양산시,동면,500,65,0,80,24.2,4,옵션있는넓은포룸,https://www.zigbang.com/home/apt/items/50083467
2026-09-06 08:12:34,빌라투룸,50290554,월세,05,경상남도 양산시 동면 석산리,양산시,동면,500,50,0,50,15.12,3,반려동물가능한풀옵션 쓰리룸,https://www.zigbang.com/home/apt/items/50290554
2026-09-06 08:12:34,빌라투룸,50300903,전세,06,경상남도 양산시 동면 석산리,양산시,동면,5000,0,0,85.08,25.74,2,LH가능한 전세,https://www.zigbang.com/home/apt/items/50300903
2026-09-06 08:12:33,빌라투룸,50071255,월세,04,부산시 금정구 구서동,금정구,구서동,500,65,0,44.84,13.56,4,"풀옵션, 방2, 거실1,",https://www.zigbang.com/home/apt/items/50071255
2026-09-06 08:12:33,빌라투룸,50157813,월세,04,부산시 금정구 남산동,금정구,남산동,1000,70,0,49.98,15.12,3,방2개. 넓은 거실. 신축컨디션. 가성비 베스트,https://www.zigbang.com/home/apt/items/50157813
2026-09-06 08:12:33,빌라투룸,50237201,월세,06,부산시 금정구 남산동,금정구,남산동,2000,73,0,64.57,19.53,6,남산역부근 신축 거실1 방3 월세매물,https://www.zigbang.com/home/apt/items/50237201
2026-09-06 08:12:33,빌라투룸,50271597,월세,04,부산시 금정구 남산동,금정구,남산동,1000,50,0,27.2,8.23,5,"풀옵션 작은 거실,방2,화1,에1, 테라스",https://www.zigbang.com/home/apt/items/50271597
2026-09-06 08:12:33,빌라투룸,50276178,월세,04,부산시 금정구 남산동,금정구,남산동,1000,75,0,36.68,11.1,6,범어사역 부근 신축  거실1  방2 풀옵션,https://www.zigbang.com/home/apt/items/50276178
2026-09-06 08:12:34,빌라투룸,49818045,월세,04,부산시 기장군 정관읍 방곡리,기장군,정관읍,500,45,0,49.59,15.0,2,"방2,에어컨2,집깨끗,즉시입주 가능",https://www.zigbang.com/home/apt/items/49818045
2026-09-06 08:12:34,빌라투룸,50028667,월세,04,부산시 기장군 정관읍 방곡리,기장군,정관읍,300,45,0,49.59,15.0,3,"방2칸,주방분리,저렴한 월세,풀옵션",https://www.zigbang.com/home/apt/items/50028667
2026-09-06 08:12:34,빌라투룸,50284050,전세,04,부산시 기장군 정관읍 방곡리,기장군,정관읍,6000,0,0,59.5,18.0,1,"방2,거실,주방,욕실",https://www.zigbang.com/home/apt/items/50284050
2026-09-06 08:12:34,빌라투룸,50284109,월세,04,부산시 기장군 정관읍 달산리,기장군,정관읍,4000,50,0,59.5,18.0,3,"20평 정도,보증금 조율가능,방2,큰 거실",https://www.zigbang.com/home/apt/items/50284109
2026-09-06 08:12:34,빌라투룸,50284196,월세,04,부산시 기장군 정관읍 방곡리,기장군,정관읍,8000,10,0,49.59,15.0,3,"저렴한 월세,풀옵션,채광굿",https://www.zigbang.com/home/apt/items/50284196
2026-09-06 08:12:35,빌라투룸,49997998,월세,05,경상남도 양산시 삼호동,양산시,삼호동,3000,55,0,85.95,26.0,4,보증금조절되는 주인세대,https://www.zigbang.com/home/apt/items/49997998
2026-09-06 08:12:35,빌라투룸,50010483,월세,06,경상남도 양산시 삼호동,양산시,삼호동,1500,60,0,112.88,34.15,5,엘베있는 리모델링후 첫 입주,https://www.zigbang.com/home/apt/items/50010483
2026-09-06 08:12:35,빌라투룸,50068627,월세,05,경상남도 양산시 삼호동,양산시,삼호동,300,40,0,52.89,16.0,2,깔끔한 쓰리룸 풀옵션,https://www.zigbang.com/home/apt/items/50068627
2026-09-06 08:12:35,빌라투룸,50116136,월세,04,경상남도 양산시 삼호동,양산시,삼호동,200,30,0,39.67,12.0,2,대동이미지부근 투룸,https://www.zigbang.com/home/apt/items/50116136
2026-09-06 08:12:35,빌라투룸,50167157,월세,05,경상남도 양산시 삼호동,양산시,삼호동,500,44,0,52.89,16.0,3,시장인근 넓은 쓰리룸,https://www.zigbang.com/home/apt/items/50167157
2026-09-06 08:12:35,빌라투룸,50193139,월세,05,경상남도 양산시 삼호동,양산시,삼호동,500,35,0,49.5,14.97,2,특가. 투룸가격. 롯데마트인근  쓰리룸,https://www.zigbang.com/home/apt/items/50193139
2026-09-06 08:12:35,빌라투룸,50212701,월세,04,경상남도 양산시 명동,양산시,명동,300,30,0,46.28,14.0,2,특가. 넓은 신축 투룸,https://www.zigbang.com/home/apt/items/50212701
2026-09-06 08:12:35,빌라투룸,50213127,월세,05,경상남도 양산시 삼호동,양산시,삼호동,1000,41,0,52,15.73,3,깔끔하고 넓은 쓰리룸,https://www.zigbang.com/home/apt/items/50213127
2026-09-06 08:12:35,빌라투룸,50224053,월세,04,경상남도 양산시 삼호동,양산시,삼호동,200,30,0,39.67,12.0,3,깔금한 남향  투룸,https://www.zigbang.com/home/apt/items/50224053
2026-09-06 08:12:35,빌라투룸,50225612,월세,04,경상남도 양산시 삼호동,양산시,삼호동,200,30,0,46.28,14.0,2,시장인근 깔끔한투룸,https://www.zigbang.com/home/apt/items/50225612
2026-09-06 08:12:35,빌라투룸,50252733,월세,05,경상남도 양산시 명동,양산시,명동,500,40,0,40,12.1,4,명동에 아주 큰 쓰리룸,https://www.zigbang.com/home/apt/items/50252733
2026-09-06 08:12:35,빌라투룸,50259738,월세,04,경상남도 양산시 삼호동,양산시,삼호동,200,30,0,35,10.59,2,대동이미지 인근 거실1방1,https://www.zigbang.com/home/apt/items/50259738
2026-09-06 08:12:35,빌라투룸,50260006,월세,04,경상남도 양산시 삼호동,양산시,삼호동,200,25,0,30,9.07,3,편안하게 혼자 쉴수 있는 집,https://www.zigbang.com/home/apt/items/50260006
2026-09-06 08:12:35,빌라투룸,50271445,월세,04,경상남도 양산시 삼호동,양산시,삼호동,300,30,0,45,13.61,4,방2칸 분리된 정투룸,https://www.zigbang.com/home/apt/items/50271445
2026-09-06 08:12:35,빌라투룸,50271509,월세,04,경상남도 양산시 삼호동,양산시,삼호동,200,30,0,42.98,13.0,2,롯데마트인근 엘베있는 투룸,https://www.zigbang.com/home/apt/items/50271509
2026-09-06 08:12:36,빌라투룸,50082873,월세,05,울산시 울주군 온양읍 대안리,울주군,온양읍,500,55,0,60,18.15,2,2층 정남향 살기좋은 동네,https://www.zigbang.com/home/apt/items/50082873
2026-09-06 08:12:36,빌라투룸,50213583,월세,04,울산시 울주군 온양읍 운화리,울주군,온양읍,200,45,0,30,9.07,2,단기 계약가능해요,https://www.zigbang.com/home/apt/items/50213583
2026-09-06 08:12:36,빌라투룸,49999085,월세,04,울산시 울주군 온양읍 대안리,울주군,온양읍,200,45,0,20,6.05,4,즉시입주 공실,https://www.zigbang.com/home/apt/items/49999085
2026-09-06 08:12:36,빌라투룸,50082574,월세,06,울산시 울주군 온양읍 대안리,울주군,온양읍,500,60,0,70,21.17,3,방3개 거실 화장실 1개 포룸,https://www.zigbang.com/home/apt/items/50082574
2026-09-06 08:12:36,빌라투룸,50241390,월세,04,울산시 울주군 온양읍 대안리,울주군,온양읍,500,51,0,50,15.12,3,방2 거실 풀옵션,https://www.zigbang.com/home/apt/items/50241390
2026-09-06 08:12:36,빌라투룸,50255263,월세,04,울산시 울주군 청량읍 상남리,울주군,청량읍,500,66,0,57,17.24,3,ꯁꯁ귀한매물ㅣ거실겸주방1 방2 ㅣ주차완벽ㅣ best컨디션,https://www.zigbang.com/home/apt/items/50255263
2026-09-06 08:12:36,빌라투룸,50263625,월세,04,울산시 울주군 청량읍 상남리,울주군,청량읍,300,66,0,50,15.12,3,방2 주방 겸 거실 공단출퇴근용이,https://www.zigbang.com/home/apt/items/50263625
2026-09-06 08:12:38,빌라투룸,50071343,월세,05,대구시 수성구 시지동,수성구,시지동,1000,57,0,43.9,13.28,2,ㅁ엘리베이터有ㅁ신축3룸ㅁ화이트톤ㅁ풀옵션ㅁ에어컨2대ㅁ중문ㅁ,https://www.zigbang.com/home/apt/items/50071343
2026-09-06 08:12:38,빌라투룸,50095293,월세,04,대구시 수성구 욱수동,수성구,욱수동,500,35,0,42.98,13.0,3,ㅁ화이트톤ㅁ신축급2룸ㅁ풀옵션ㅁ귀한매물ㅁ햇살가득남향ㅁ,https://www.zigbang.com/home/apt/items/50095293
2026-09-06 08:12:38,빌라투룸,50108501,월세,05,대구시 수성구 시지동,수성구,시지동,300,23,0,52.89,16.0,2,ㅁ저렴한ㅁ리모델링3룸ㅁ풀옵션ㅁ남향ㅁ,https://www.zigbang.com/home/apt/items/50108501
2026-09-06 08:12:38,빌라투룸,50108510,월세,05,대구시 수성구 매호동,수성구,매호동,500,52,0,59.5,18.0,2,ㅁ엘리베이터有ㅁ신축급3룸ㅁ화이트톤ㅁ풀옵션ㅁ남향ㅁ양방향주차ㅁ,https://www.zigbang.com/home/apt/items/50108510
2026-09-06 08:12:38,빌라투룸,50157726,월세,05,대구시 수성구 시지동,수성구,시지동,500,32,0,52.89,16.0,3,ㅁ추천매물ㅁ리모델링3룸ㅁ풀옵션ㅁ남향ㅁ,https://www.zigbang.com/home/apt/items/50157726
2026-09-06 08:12:38,빌라투룸,50248891,월세,05,대구시 수성구 시지동,수성구,시지동,1000,60,0,43.9,13.28,2,"화이트톤 쓰리룸,,EV엘베 알파시티 풀옵션",https://www.zigbang.com/home/apt/items/50248891
2026-09-06 08:12:38,빌라투룸,50248911,월세,05,대구시 수성구 매호동,수성구,매호동,1000,50,0,65.1,19.69,2,"올수리 大쓰리룸,, EV엘베 채광굿 주차편리",https://www.zigbang.com/home/apt/items/50248911
2026-09-06 08:12:38,빌라투룸,50302070,월세,04,대구시 수성구 신매동,수성구,신매동,200,23,0,42.97,13.0,2,ㅁ리모델링ㅁ2룸ㅁ화이트톤ㅁ풀옵션ㅁ중문ㅁ,https://www.zigbang.com/home/apt/items/50302070
2026-09-06 08:12:38,빌라투룸,49092495,월세,04,경상북도 경산시 진량읍 신제리,경산시,진량읍,300,43,0,49.59,15.0,3,엘리베이터 있는 넓고 조용한 투룸,https://www.zigbang.com/home/apt/items/49092495
2026-09-06 08:12:38,빌라투룸,49977848,월세,04,경상북도 경산시 진량읍 신제리,경산시,진량읍,1000,65,0,43,13.01,2,소개비 무 신축 깨끗한집 엘리베이트 풀옵션 큰차대기 좋은집,https://www.zigbang.com/home/apt/items/49977848
2026-09-06 08:12:38,빌라투룸,50212943,월세,04,경상북도 경산시 진량읍 신제리,경산시,진량읍,300,45,0,52,15.73,3,소개비무 엘리베이트 있어서 편리한 투룸,https://www.zigbang.com/home/apt/items/50212943
2026-09-06 08:12:39,빌라투룸,49898047,월세,04,울산시 울주군 삼남읍 교동리,울주군,삼남읍,300,46,0,52.89,16.0,2,ㄴ추천매물 방2거실 실사진 엘리베이터 풀옵 서두르세요,https://www.zigbang.com/home/apt/items/49898047
2026-09-06 08:12:39,빌라투룸,50159117,월세,04,울산시 울주군 삼남읍 교동리,울주군,삼남읍,1000,41,0,58.1,17.58,3,산업고인근 방2거실 새로도배완료,https://www.zigbang.com/home/apt/items/50159117
2026-09-06 08:12:39,빌라투룸,50251770,월세,04,울산시 울주군 삼남읍 교동리,울주군,삼남읍,500,51,0,56.19,17.0,2,ㄴ강추매물 2016년식 실사진 방2거실大 풀옵 주차굿,https://www.zigbang.com/home/apt/items/50251770
2026-09-06 08:12:39,빌라투룸,50265213,월세,04,울산시 울주군 삼남읍 교동리,울주군,삼남읍,500,51,0,60.1,18.18,2,2016년식 방2거실에어컨2 방상태굿,https://www.zigbang.com/home/apt/items/50265213
2026-09-06 08:12:40,빌라투룸,50184659,월세,04,울산시 남구 무거동,남구,무거동,1000,60,0,55.1,16.67,2,방2거실 옵션0 화이트톤깔끔한방,https://www.zigbang.com/home/apt/items/50184659
2026-09-06 08:12:40,빌라투룸,50192818,월세,04,울산시 남구 옥동,남구,옥동,500,70,0,55.5,16.79,2,굳 올리모델링 첫입주 세제품 방2개 분리형 주방 깨끗한구조,https://www.zigbang.com/home/apt/items/50192818
2026-09-06 08:12:40,빌라투룸,50218267,월세,04,울산시 남구 무거동,남구,무거동,1000,58,0,50.12,15.16,2,풀옵션. 컨디션 좋은 방2 거실,https://www.zigbang.com/home/apt/items/50218267
2026-09-06 08:12:40,빌라투룸,50246705,월세,04,울산시 남구 무거동,남구,무거동,700,30,0,49.54,14.99,1,"1층,리모델링 된 방입니다.",https://www.zigbang.com/home/apt/items/50246705
2026-09-06 08:12:40,빌라투룸,50301328,월세,05,울산시 남구 무거동,남구,무거동,15000,55,0,115.1,34.82,4,주인세대 방3화장실2 옥상단독 전세가능,https://www.zigbang.com/home/apt/items/50301328
2026-09-06 08:12:40,빌라투룸,50302503,전세,04,울산시 남구 무거동,남구,무거동,5000,0,0,52.29,15.82,2,입주일가 10월 말 이후 가능합니다.,https://www.zigbang.com/home/apt/items/50302503
2026-09-06 08:12:40,빌라투룸,50141865,월세,04,울산시 울주군 범서읍 구영리,울주군,범서읍,500,49,0,49.59,15.0,3,ㅣ방2개 주방 ㅣ구영사거리 ㅣ깔끔한 풀옵션 ㅣ,https://www.zigbang.com/home/apt/items/50141865
2026-09-06 08:12:40,빌라투룸,50149992,월세,04,울산시 울주군 범서읍 구영리,울주군,범서읍,500,49,0,50,15.12,3,방2 주방 풀옵션 실사진 남향,https://www.zigbang.com/home/apt/items/50149992
2026-09-06 08:12:40,빌라투룸,50184482,월세,04,울산시 중구 다운동,중구,다운동,2000,51,0,56.2,17.0,3,ㅣ방2 거실 주방 ㅣ다운초 인근 ㅣ즉시입주가능 ㅣ,https://www.zigbang.com/home/apt/items/50184482
2026-09-06 08:12:40,빌라투룸,50184653,월세,04,울산시 중구 다운동,중구,다운동,2000,51,0,60.1,18.18,3,방2거실 에어컨2 중문0 깔끔한방 넓은공간,https://www.zigbang.com/home/apt/items/50184653
2026-09-06 08:12:40,빌라투룸,50194537,월세,04,울산시 중구 다운동,중구,다운동,2000,51,0,60.24,18.22,3,다운동 귀한 매물ㅣ거실 주방 따로ㅣ깔끔한 방2,https://www.zigbang.com/home/apt/items/50194537
2026-09-06 08:12:40,빌라투룸,50210124,월세,04,울산시 울주군 범서읍 구영리,울주군,범서읍,500,49,0,50,15.12,3,ꯁꯁ 구영리ㅣ귀한매물ㅣ방2주방ㅣ가격굳ㅣ컨디션최고ㅣ관리잘된,https://www.zigbang.com/home/apt/items/50210124
2026-09-06 08:12:40,빌라투룸,50242704,월세,05,울산시 중구 태화동,중구,태화동,1000,25,0,60,18.15,2,방2 다락방 복층 실사진 저렴한가격,https://www.zigbang.com/home/apt/items/50242704
2026-09-06 08:12:40,빌라투룸,50246315,월세,04,울산시 울주군 범서읍 구영리,울주군,범서읍,500,61,0,56.2,17.0,3,ㅣ넓은방2개 주방 ㅣ깔끔한 풀옵션 ㅣ즉시입주가능 ㅣ,https://www.zigbang.com/home/apt/items/50246315
2026-09-06 08:12:40,빌라투룸,50270536,월세,04,울산시 중구 다운동,중구,다운동,2000,50,0,60,18.15,3,ㅁ방2 ㅁ즉시입주 ㅁ월세저렴,https://www.zigbang.com/home/apt/items/50270536
2026-09-06 08:12:40,빌라투룸,50302273,월세,04,울산시 울주군 범서읍 구영리,울주군,범서읍,500,48,0,46.29,14.0,3,방2 부엌1. 남향 가성비 좋은 매물. 구영리,https://www.zigbang.com/home/apt/items/50302273
2026-09-06 08:12:40,빌라투룸,50270658,월세,04,울산시 울주군 범서읍 구영리,울주군,범서읍,1000,56,0,55,16.64,2,풀옵션 귀한 구영리 매물 거실1 방2 best 컨디션,https://www.zigbang.com/home/apt/items/50270658
2026-09-06 08:12:40,빌라투룸,50023171,월세,04,울산시 중구 복산동,중구,복산동,500,35,0,58.1,17.58,2,방2거실 에어컨0 테라스사용0 주차0,https://www.zigbang.com/home/apt/items/50023171
2026-09-06 08:12:40,빌라투룸,50141844,월세,04,울산시 중구 성안동,중구,성안동,1000,51,0,54.1,16.37,3,애니원고인근 방2 주방분리 넓은안방,https://www.zigbang.com/home/apt/items/50141844
2026-09-06 08:12:40,빌라투룸,50143372,월세,04,울산시 중구 우정동,중구,우정동,1000,45,0,63.1,19.09,2,방2 에어컨2 리모델링0 넓은공간 깔끔한방,https://www.zigbang.com/home/apt/items/50143372
2026-09-06 08:12:40,빌라투룸,50172828,월세,04,울산시 중구 성안동,중구,성안동,1000,61,0,56.19,17.0,3,ㄴ방2거실 엘리베이터O 풀옵 서두르세요,https://www.zigbang.com/home/apt/items/50172828
2026-09-06 08:12:40,빌라투룸,50172863,월세,04,울산시 중구 성안동,중구,성안동,500,56,0,49.55,14.99,3,ㄴ추천매물 방2 미쓰 풀옵 양날개형주차,https://www.zigbang.com/home/apt/items/50172863
2026-09-06 08:12:40,빌라투룸,50178885,월세,04,울산시 중구 성안동,중구,성안동,4000,46,0,80.1,24.23,2,24평 방2화장실2에어컨2  주방도분리 드레스룸0,https://www.zigbang.com/home/apt/items/50178885
2026-09-06 08:12:40,빌라투룸,50181776,월세,04,울산시 중구 성안동,중구,성안동,1000,51,0,55.89,16.91,3,풀옵션. 컨디션 좋은 방2 주방 따로,https://www.zigbang.com/home/apt/items/50181776
2026-09-06 08:12:40,빌라투룸,50241127,월세,04,울산시 중구 우정동,중구,우정동,1000,51,0,50,15.12,2,방2 거실 풀옵션 실사진 혁신도시인근,https://www.zigbang.com/home/apt/items/50241127
2026-09-06 08:12:40,빌라투룸,50260505,월세,04,울산시 중구 우정동,중구,우정동,1000,45,0,60.14,18.19,2,뷰 맛집. 관리 잘 된 방2 거실1,https://www.zigbang.com/home/apt/items/50260505
2026-09-06 08:12:40,빌라투룸,50270682,월세,04,울산시 중구 성안동,중구,성안동,1000,50,0,55,16.64,3,ㅁ방2 ㅁ애니원고 인근 ㅁ즉시입주,https://www.zigbang.com/home/apt/items/50270682
2026-09-06 08:12:40,빌라투룸,50300302,월세,04,울산시 중구 성안동,중구,성안동,500,60,0,60,18.15,3,ㅁ주차최상 ㅁ엘베유 ㅁ방2 ㅁ도배완료,https://www.zigbang.com/home/apt/items/50300302
2026-09-06 08:12:41,빌라투룸,50189952,월세,05,경상북도 경주시 외동읍 모화리,경주시,외동읍,200,61,0,80,24.2,4,방3 거실 실사진,https://www.zigbang.com/home/apt/items/50189952
2026-09-06 08:12:41,빌라투룸,50189962,월세,04,경상북도 경주시 외동읍 모화리,경주시,외동읍,200,65,0,66.1,20.0,4,MA 주인세대 방2거실 에어컨3,https://www.zigbang.com/home/apt/items/50189962
2026-09-06 08:12:41,빌라투룸,50261619,월세,04,울산시 북구 중산동,북구,중산동,2500,46,0,59.5,18.0,2,ㅣ15년 준공ㅣ거실1방2ㅣ주차 편리ㅣ중문ㅣ,https://www.zigbang.com/home/apt/items/50261619
2026-09-06 08:12:41,빌라투룸,50271861,월세,04,울산시 북구 중산동,북구,중산동,300,50,0,67.1,20.3,1,방2거실 넓은공간 풀옵션 깔끔,https://www.zigbang.com/home/apt/items/50271861
2026-09-06 08:12:41,빌라투룸,49836817,월세,05,울산시 북구 호계동,북구,호계동,2000,75,0,139,42.05,4,주인세대 방3 화장실2,https://www.zigbang.com/home/apt/items/49836817
2026-09-06 08:12:41,빌라투룸,50039986,월세,06,울산시 북구 호계동,북구,호계동,2000,85,0,115.7,35.0,4,방3화2.호계주인세대.즉시입주가능,https://www.zigbang.com/home/apt/items/50039986
2026-09-06 08:12:41,빌라투룸,50068999,월세,04,울산시 북구 호계동,북구,호계동,500,60,0,58,17.54,2,남향 구조좋고 깨끗한 방2거실1,https://www.zigbang.com/home/apt/items/50068999
2026-09-06 08:12:41,빌라투룸,50159116,월세,04,울산시 북구 호계동,북구,호계동,3000,36,0,58.1,17.58,4,방2거실 깔끔한방 남향,https://www.zigbang.com/home/apt/items/50159116
2026-09-06 08:12:41,빌라투룸,50215626,월세,04,울산시 북구 호계동,북구,호계동,1000,66,0,53.36,16.14,2,ㄴ추천매물 2022년식 실사진 거실 엘베 풀옵 호계장터인근,https://www.zigbang.com/home/apt/items/50215626
2026-09-06 08:12:41,빌라투룸,50217891,월세,04,울산시 북구 호계동,북구,호계동,1000,66,0,60.89,18.42,2,EV 주차 편리ㅣBEST신축급 컨디션ㅣ방2 거실1,https://www.zigbang.com/home/apt/items/50217891
2026-09-06 08:12:41,빌라투룸,50224481,월세,04,울산시 북구 호계동,북구,호계동,1000,66,0,53.36,16.14,2,ㅣ22년 신축ㅣ엘베有ㅣ화이트톤ㅣ사이즈 큰,https://www.zigbang.com/home/apt/items/50224481
2026-09-06 08:12:41,빌라투룸,50301987,월세,05,울산시 북구 호계동,북구,호계동,3000,80,0,139,42.05,4,"방 넓게 쓰실 분께 강추,방3칸,화장실2개",https://www.zigbang.com/home/apt/items/50301987
2026-09-06 08:12:41,빌라투룸,50245452,월세,04,경상북도 경주시 충효동,경주시,충효동,500,60,0,56,16.94,3,"방2,넓은거실 에어컨,냉장고,세탁기있음",https://www.zigbang.com/home/apt/items/50245452
2026-09-06 08:12:41,빌라투룸,50245594,월세,04,경상북도 경주시 충효동,경주시,충효동,2000,55,0,55.97,16.93,2,"방2,넓은거실  옵션있음 엘리베이터",https://www.zigbang.com/home/apt/items/50245594
2026-09-06 08:12:42,빌라투룸,50178872,월세,05,경상북도 경주시 외동읍 입실리,경주시,외동읍,300,65,0,110.1,33.31,4,MA 17년식 주인세대 방3화장실2 옥상단독사용,https://www.zigbang.com/home/apt/items/50178872
2026-09-06 08:12:42,빌라투룸,50070327,월세,05,경상북도 경주시 성건동,경주시,성건동,1000,70,0,115.7,35.0,4,"이쁜 방,,,주인세대,,,방3 거실,,욕실2,,,",https://www.zigbang.com/home/apt/items/50070327
2026-09-06 08:12:42,빌라투룸,50226741,월세,04,경상북도 경주시 동천동,경주시,동천동,300,50,0,54.55,16.5,2,"방2 거실,,,알천 강변 교육청 소방서 도보 가능",https://www.zigbang.com/home/apt/items/50226741
2026-09-06 08:12:42,빌라투룸,50245299,월세,04,경상북도 경주시 동천동,경주시,동천동,300,47,0,45,13.61,2,"방2,거실과주방 풀옵션 일조권최상",https://www.zigbang.com/home/apt/items/50245299
2026-09-06 08:12:42,빌라투룸,50245342,월세,04,경상북도 경주시 동천동,경주시,동천동,500,50,0,49.59,15.0,2,"방2,주방겸 작은거실 남향 조용한직장인환영",https://www.zigbang.com/home/apt/items/50245342
2026-09-06 08:12:42,빌라투룸,50245493,월세,04,경상북도 경주시 동천동,경주시,동천동,300,45,0,40,12.1,2,"방2,주방 풀옵션 남향 빌라 계약기간2년 9월중순입주",https://www.zigbang.com/home/apt/items/50245493
2026-09-06 08:12:42,빌라투룸,50245569,월세,04,경상북도 경주시 동천동,경주시,동천동,2000,25,0,46.28,14.0,2,"방2,주방 풀옵션 남향",https://www.zigbang.com/home/apt/items/50245569
2026-09-06 08:12:42,빌라투룸,50246287,월세,04,경상북도 경주시 동천동,경주시,동천동,500,55,0,56.19,17.0,2,"교육청 근접 쓰리룸 방2,거실 풀옵션 EV",https://www.zigbang.com/home/apt/items/50246287
2026-09-06 08:12:42,빌라투룸,50246317,월세,04,경상북도 경주시 황오동,경주시,황오동,500,40,0,40,12.1,1,주택1층 풀옵션 조용한1인거주만가능 세탁기없음,https://www.zigbang.com/home/apt/items/50246317
2026-09-06 08:12:42,빌라투룸,50250575,월세,04,경상북도 경주시 동천동,경주시,동천동,300,30,0,33.2,10.04,4,"방2,주방 남향 일조권최상  옵션없음",https://www.zigbang.com/home/apt/items/50250575
2026-09-06 08:12:42,빌라투룸,49839390,월세,04,경상북도 경주시 시래동,경주시,시래동,300,45,0,56.2,17.0,4,"방2 거실,,,비교적 넓은 방,,,넓은 주차장",https://www.zigbang.com/home/apt/items/49839390
2026-09-06 08:12:43,빌라투룸,50262462,월세,05,경상북도 성주군 성주읍 학산리,성주군,성주읍,500,53,0,66,19.96,2,성주산업단지 내 기숙사형 투룸or쓰리룸,https://www.zigbang.com/home/apt/items/50262462
2026-09-06 08:12:43,빌라투룸,50302125,월세,04,경상북도 성주군 성주읍 학산리,성주군,성주읍,500,45,0,56.2,17.0,2,"산업단지투룸,풀옵션,즉시가능",https://www.zigbang.com/home/apt/items/50302125
2026-09-06 08:12:44,빌라투룸,48870630,월세,04,경상북도 김천시 부곡동,김천시,부곡동,500,43,0,50,15.12,2,"보증금,월세 파격조정가능 주공아파트인근 최저가 풀옵션 투룸",https://www.zigbang.com/home/apt/items/48870630
2026-09-06 08:12:45,빌라투룸,48757843,월세,04,경상북도 김천시 응명동,김천시,응명동,500,48,0,50,15.12,2,실매물보장 산업공단초입 최저가 풀옵션 투룸 방2 거실1,https://www.zigbang.com/home/apt/items/48757843
2026-09-06 08:12:45,빌라투룸,48757851,월세,04,경상북도 김천시 신음동,김천시,신음동,500,43,0,50,15.12,2,김천시청 바로옆 신음동최저가 풀옵션 깔끔한 신축원룸,https://www.zigbang.com/home/apt/items/48757851
2026-09-06 08:12:45,빌라투룸,48870605,월세,04,경상북도 김천시 모암동,김천시,모암동,500,43,0,50,15.12,2,김천 의료원인근 최신축 깔끔한 투룸 방2 거실1,https://www.zigbang.com/home/apt/items/48870605
2026-09-06 08:12:45,빌라투룸,50176697,월세,04,경상북도 김천시 신음동,김천시,신음동,500,46,0,58,17.54,2,최선을 다하겠습니다.신음동 롯데마트뒤 풀옵션 투룸월세,https://www.zigbang.com/home/apt/items/50176697
2026-09-06 08:12:45,빌라투룸,48771492,월세,04,경상북도 김천시 덕곡동,김천시,덕곡동,500,43,0,50,15.12,3,덕곡무실삼거리 최신축 풀옵션 깔끔한 투룸 방2 거실1,https://www.zigbang.com/home/apt/items/48771492
2026-09-06 08:12:45,빌라투룸,50038092,전세,04,경상북도 김천시 덕곡동,김천시,덕곡동,4000,0,0,55,16.64,4,완전 최저가김천혁신도시 인근신축 투룸방2거실,https://www.zigbang.com/home/apt/items/50038092
2026-09-06 08:12:45,빌라투룸,50038124,월세,04,경상북도 김천시 덕곡동,김천시,덕곡동,500,43,0,58,17.54,2,덕곡동 무실삼거리 인근 방2개 거실 주방의 투룸 월세,https://www.zigbang.com/home/apt/items/50038124
2026-09-06 08:12:45,빌라투룸,50146909,월세,04,경상북도 김천시 덕곡동,김천시,덕곡동,500,43,0,58,17.54,2,김천시 덕곡동 하나로마트 뒤 보기힘든 투룸월세,https://www.zigbang.com/home/apt/items/50146909
2026-09-06 08:12:45,빌라투룸,50038138,월세,04,경상북도 김천시 아포읍 국사리,김천시,아포읍,300,31,0,50,15.12,4,김천시 아포읍국사리 덕일한마음 아파트인근 초저가 투룸 월,https://www.zigbang.com/home/apt/items/50038138
2026-09-06 08:12:45,빌라투룸,50066790,월세,04,경상북도 구미시 봉곡동,구미시,봉곡동,500,50,0,55,16.64,2,"투룸,리모델링,깔끔함",https://www.zigbang.com/home/apt/items/50066790
2026-09-06 08:12:45,빌라투룸,50183751,월세,04,경상북도 구미시 봉곡동,구미시,봉곡동,300,45,0,64,19.36,2,"0리모델링,풀옵션,저렴한보증금0",https://www.zigbang.com/home/apt/items/50183751
2026-09-06 08:12:45,빌라투룸,50183809,전세,04,경상북도 구미시 봉곡동,구미시,봉곡동,9500,0,0,55,16.64,2,"LH전세,리모델링공사중",https://www.zigbang.com/home/apt/items/50183809
2026-09-06 08:12:45,빌라투룸,50212122,월세,04,경상북도 구미시 봉곡동,구미시,봉곡동,500,55,0,67,20.27,3,"리모델링투룸 첫입주 남향 건조기,시스템행거",https://www.zigbang.com/home/apt/items/50212122
2026-09-06 08:12:45,빌라투룸,50215197,전세,04,경상북도 구미시 봉곡동,구미시,봉곡동,8500,0,0,66.12,20.0,2,"LH전세,첫입주ㅣ공사중,원하는 옵션가능",https://www.zigbang.com/home/apt/items/50215197
2026-09-06 08:12:45,빌라투룸,50296550,월세,04,경상북도 구미시 봉곡동,구미시,봉곡동,300,35,0,58,17.54,2,"깔끔한투룸,풀옵션",https://www.zigbang.com/home/apt/items/50296550
2026-09-06 08:12:46,빌라투룸,50227213,월세,04,대구시 달성군 다사읍 세천리,달성군,다사읍,300,40,0,46.5,14.07,3,NEW 투룸 I 넓은사이즈 I 화이트톤 I 바로계약,https://www.zigbang.com/home/apt/items/50227213
2026-09-06 08:12:46,빌라투룸,50238119,월세,04,대구시 달성군 다사읍 세천리,달성군,다사읍,300,28,0,33,9.98,3,세천미니투룸ㅣ엘베ㅣ주차100프로ㅣ화이트톤,https://www.zigbang.com/home/apt/items/50238119
2026-09-06 08:12:46,빌라투룸,50242770,전세,06,대구시 달성군 다사읍 세천리,달성군,다사읍,14000,0,0,84.5,25.56,4,LH가능 세천 주인세대,https://www.zigbang.com/home/apt/items/50242770
2026-09-06 08:12:46,빌라투룸,50282510,월세,04,대구시 달성군 다사읍 세천리,달성군,다사읍,300,33,0,42.98,13.0,2,ll 채광좋고 반듯한 투룸 ll 중문 풀옵션 ll,https://www.zigbang.com/home/apt/items/50282510
2026-09-06 08:12:46,빌라투룸,50147345,월세,04,경상북도 칠곡군 왜관읍 왜관리,칠곡군,왜관읍,1000,50,0,59.5,18.0,2,O정투룸월세O하이마트부근O정남향아파트구조O,https://www.zigbang.com/home/apt/items/50147345
2026-09-06 08:12:46,빌라투룸,50168850,월세,04,경상북도 칠곡군 왜관읍 왜관리,칠곡군,왜관읍,6500,5,0,60,18.15,2,"O신축정투룸O반전세,보증금조절가능,칠곡군립도서관부근",https://www.zigbang.com/home/apt/items/50168850
2026-09-06 08:12:46,빌라투룸,50168865,월세,04,경상북도 칠곡군 왜관읍,칠곡군,왜관읍,2000,45,0,59.5,18.0,2,"O신축정투룸O태왕아너스,칠곡군립도서관부근,보증금조절가능",https://www.zigbang.com/home/apt/items/50168865
2026-09-06 08:12:46,빌라투룸,50037915,월세,05,경상북도 칠곡군 왜관읍 석전리,칠곡군,왜관읍,1000,50,0,59.5,18.0,4,㉧풀옵션 쓰리룸㉧ 방3욕실2 북부정류장 옆 도시가스,https://www.zigbang.com/home/apt/items/50037915
2026-09-06 08:12:46,빌라투룸,50147223,월세,04,경상북도 칠곡군 왜관읍 왜관리,칠곡군,왜관읍,1000,50,0,66.12,20.0,3,O투룸월세O이원리버빌아파트앞O깔끔한 투룸,https://www.zigbang.com/home/apt/items/50147223
2026-09-06 08:12:46,빌라투룸,50147364,월세,04,경상북도 칠곡군 왜관읍 석전리,칠곡군,왜관읍,500,50,0,69.42,21.0,3,"O정투룸O북부정류장부근,왜관역부근O먼저보면임자O",https://www.zigbang.com/home/apt/items/50147364
2026-09-06 08:12:46,빌라투룸,50211629,월세,04,경상북도 칠곡군 왜관읍 석전리,칠곡군,왜관읍,300,30,0,59.5,18.0,3,㉧촤저가 투룸㉧ 방 크고 내부 깔끔해요 석전리 후문에 위치,https://www.zigbang.com/home/apt/items/50211629
2026-09-06 08:12:46,빌라투룸,50216220,월세,05,경상북도 칠곡군 왜관읍 왜관리,칠곡군,왜관읍,1000,45,0,59.5,18.0,4,㉧복층 쓰리룸㉧ 에어컨 3대 방3개 왜관역 근처,https://www.zigbang.com/home/apt/items/50216220
2026-09-06 08:12:46,빌라투룸,50222710,월세,04,경상북도 칠곡군 왜관읍 왜관리,칠곡군,왜관읍,1000,45,0,49.59,15.0,2,㉧왜관시장 도보 1분㉧ 도시가스 구조 좋고 개방감 좋아요,https://www.zigbang.com/home/apt/items/50222710
2026-09-06 08:12:46,빌라투룸,50113791,월세,04,경상북도 칠곡군 왜관읍 석전리,칠곡군,왜관읍,500,48,0,49.59,15.0,2,㉧미군부대 후문 근처㉧ 구조 좋고 깔끔한 투룸 조용한 동네,https://www.zigbang.com/home/apt/items/50113791
2026-09-06 08:12:46,빌라투룸,50080728,월세,04,대구시 달서구 용산동,달서구,용산동,300,28,0,59.5,18.0,3,리모델링  남향 따뜻하고 아늑한 방2 거실 베란다,https://www.zigbang.com/home/apt/items/50080728
2026-09-06 08:12:46,빌라투룸,50135121,월세,04,대구시 달서구 이곡동,달서구,이곡동,500,28,0,15,4.54,1,"1층ㅡ풀옵션ㅡ방2,거실ㅡ이곡성당앞",https://www.zigbang.com/home/apt/items/50135121
2026-09-06 08:12:46,빌라투룸,50181051,전세,04,대구시 달서구 용산동,달서구,용산동,5000,0,0,52.89,16.0,2,"융자無ㅡ방2,거실ㅡLH주택전세OKㅡI.C진출입Good",https://www.zigbang.com/home/apt/items/50181051
2026-09-06 08:12:46,빌라투룸,50227304,월세,04,대구시 달서구 용산동,달서구,용산동,300,25,0,59.5,18.0,1,"NEW리모델링투룸 I 방2개, 거실겸주방1개 I 빨리",https://www.zigbang.com/home/apt/items/50227304
2026-09-06 08:12:46,빌라투룸,50232761,월세,04,대구시 달서구 용산동,달서구,용산동,100,20,0,47.9,14.49,1,"NEW 보100ㅣ올수리투룸,화이트톤ㅣ옵션빵빵ㅣ빨리",https://www.zigbang.com/home/apt/items/50232761
2026-09-06 08:12:46,빌라투룸,50232815,월세,05,대구시 달서구 이곡동,달서구,이곡동,200,26,0,55,16.64,2,"NEW 풀옵션쓰리룸ㅣ부분수리,중문ㅣ미친가성비ㅣ빨리",https://www.zigbang.com/home/apt/items/50232815
2026-09-06 08:12:46,빌라투룸,50237772,월세,05,대구시 달서구 용산동,달서구,용산동,300,28,0,49,14.82,3,용산동 방2거실1ㅣ올수리ㅣ월세특가ㅣ깔끔,https://www.zigbang.com/home/apt/items/50237772
2026-09-06 08:12:46,빌라투룸,50239957,월세,04,대구시 달서구 용산동,달서구,용산동,500,37,0,62.81,19.0,2,"주차Good,방大2,거실大ㅡ깨끗하고 좋은집",https://www.zigbang.com/home/apt/items/50239957
2026-09-06 08:12:46,빌라투룸,50245630,월세,05,대구시 달서구 용산동,달서구,용산동,200,23,0,42.9,12.98,2,용산동쓰리룸ㅣ월세특가ㅣ용산지하차도ㅣ풀옵션,https://www.zigbang.com/home/apt/items/50245630
2026-09-06 08:12:46,빌라투룸,50267764,월세,04,대구시 달서구 이곡동,달서구,이곡동,500,35,0,45.25,13.69,3,화이트톤리모델링 내부깨끗 남향 즉시입주가능,https://www.zigbang.com/home/apt/items/50267764
2026-09-06 08:12:46,빌라투룸,50274274,월세,04,대구시 달서구 신당동,달서구,신당동,300,33,0,42.59,12.88,3,ll 신당동 풀옵션 미니투룸 ll 즉시입주가능,https://www.zigbang.com/home/apt/items/50274274
2026-09-06 08:12:46,빌라투룸,50296931,월세,05,대구시 달서구 용산동,달서구,용산동,200,23,0,57,17.24,3,"NEW 초대형쓰리룸ㅣ풀옵션,화이트톤ㅣ계약임박ㅣ빨리",https://www.zigbang.com/home/apt/items/50296931
2026-09-06 08:12:47,빌라투룸,50125230,월세,05,대구시 동구 도동,동구,도동,500,40,0,76.51,23.14,반지하,"올리모델링 빌라. 방3칸,거실1,베란다大. 주차편리. 공실",https://www.zigbang.com/home/apt/items/50125230
2026-09-06 08:12:47,빌라투룸,50217439,월세,05,대구시 동구 불로동,동구,불로동,500,55,0,72.7,21.99,3,"올수리 빌라형구조. 방3칸,거실1. 양베란다. 주차장有.",https://www.zigbang.com/home/apt/items/50217439
2026-09-06 08:12:46,빌라투룸,50301135,월세,05,대구시 수성구 범어동,수성구,범어동,500,40,0,49.59,15.0,4,풀옵션 쓰리룸ㅡ역세권ㅡ공실ㅡ실금액,https://www.zigbang.com/home/apt/items/50301135
2026-09-06 08:12:48,빌라투룸,49982021,월세,04,경상북도 구미시 비산동,구미시,비산동,1000,45,0,60,18.15,3,정투룸V남향ㅣ채광 굿V풀옵션V리모델링V,https://www.zigbang.com/home/apt/items/49982021
2026-09-06 08:12:48,빌라투룸,50052472,월세,04,경상북도 구미시 신평동,구미시,신평동,400,37,0,60,18.15,4,ㅣPLUSㅣ투룸V풀옵션 구비V남향V채광 굿V넓은 거실V,https://www.zigbang.com/home/apt/items/50052472
2026-09-06 08:12:48,빌라투룸,50099242,월세,04,경상북도 구미시 신평동,구미시,신평동,400,35,0,60,18.15,4,투룸V트여있는 전망V채광 좋아요V즉시입주 가능V,https://www.zigbang.com/home/apt/items/50099242
2026-09-06 08:12:48,빌라투룸,50125838,월세,04,경상북도 구미시 임수동,구미시,임수동,500,40,0,57,17.24,4,"트인뷰,리모델링투룸,풀옵션",https://www.zigbang.com/home/apt/items/50125838
2026-09-06 08:12:48,빌라투룸,50174491,월세,05,경상북도 구미시 임은동,구미시,임은동,2000,50,0,75,22.69,2,2층쓰리룸 욕실2준신축깨끗하고 깔끔한집 실사진임 즉시입주가,https://www.zigbang.com/home/apt/items/50174491
2026-09-06 08:12:48,빌라투룸,50233381,월세,04,경상북도 구미시 임은동,구미시,임은동,500,28,0,60,18.15,2,투룸ㅣ대동타운 인근ㅣ빌라형ㅣ2층ㅣ리모델링,https://www.zigbang.com/home/apt/items/50233381
2026-09-06 08:12:48,빌라투룸,50257237,월세,04,경상북도 구미시 신평동,구미시,신평동,300,37,0,55.7,16.85,4,투룸V리모델링V신축화V풀옵션V채광 좋아요V,https://www.zigbang.com/home/apt/items/50257237
2026-09-06 08:12:48,빌라투룸,50281173,월세,05,경상북도 구미시 임은동,구미시,임은동,500,50,0,84,25.41,4,임은동 쓰리룸 에어컨넣으드림,https://www.zigbang.com/home/apt/items/50281173
2026-09-06 08:12:48,빌라투룸,50291486,월세,05,경상북도 구미시 임은동,구미시,임은동,300,25,0,60,18.15,3,쓰리룸ㅣ왕산초 맞은편ㅣ풀옵션ㅣ최저가,https://www.zigbang.com/home/apt/items/50291486
2026-09-06 08:12:48,빌라투룸,50295914,월세,04,경상북도 구미시 임수동,구미시,임수동,300,29,0,67,20.27,2,넓은투룸 리모델링,https://www.zigbang.com/home/apt/items/50295914
2026-09-06 08:12:48,빌라투룸,50056736,월세,04,경상북도 칠곡군 석적읍 중리,칠곡군,석적읍,500,27,0,66.11,20.0,4,ꔪꔪ 저렴한 투룸 ꔪꔪ 풀옵션 ꔪꔪ 탑층 ꔪ 정남향 ꔪꔪ,https://www.zigbang.com/home/apt/items/50056736
2026-09-06 08:12:48,빌라투룸,50113970,월세,04,경상북도 칠곡군 석적읍 중리,칠곡군,석적읍,500,31,0,59.5,18.0,2,ꗄꗄ 시원한 뷰 ꗄ 2층 ꗄ 이마트 편의점 옆 ꗄ,https://www.zigbang.com/home/apt/items/50113970
2026-09-06 08:12:48,빌라투룸,50197440,월세,04,경상북도 칠곡군 석적읍 중리,칠곡군,석적읍,400,32,0,62.81,19.0,4,ㅁㅁ 사이즈 大 ㅁ 남향 투룸 ㅁ풀옵션 ㅁ 즉시입주,https://www.zigbang.com/home/apt/items/50197440
2026-09-06 08:12:48,빌라투룸,50215845,월세,04,경상북도 칠곡군 석적읍 남율리,칠곡군,석적읍,300,32,0,49.59,15.0,3,ꗄ ꗄ 남광 하우스토리 인근  ꗄ 깔끔하게 잘 나온 투룸,https://www.zigbang.com/home/apt/items/50215845
2026-09-06 08:12:48,빌라투룸,50218653,월세,04,경상북도 칠곡군 석적읍 남율리,칠곡군,석적읍,500,41,0,62.81,19.0,4,ꗄꗄ 사이즈 大 ꗄ 상태 굿 ꗄ 조용한곳 ꗄ시원한 뷰 ꗄ,https://www.zigbang.com/home/apt/items/50218653
2026-09-06 08:12:48,빌라투룸,50230358,월세,04,경상북도 칠곡군 석적읍 중리,칠곡군,석적읍,300,30,0,66.11,20.0,2,ꔪꔪ컨디션 좋은 투룸 ꔪꔪ 사이즈 굿 ꔪ 2층 ꔪꔪ,https://www.zigbang.com/home/apt/items/50230358
2026-09-06 08:12:48,빌라투룸,50266909,월세,04,경상북도 칠곡군 석적읍 남율리,칠곡군,석적읍,300,29,0,59.5,18.0,3,ㅁㅁ깔끔하고 깨끗한투룸 ㅁ풀옵션가능ㅁ 가격저렴ㅁㅁ3층,https://www.zigbang.com/home/apt/items/50266909
2026-09-06 08:12:48,빌라투룸,50285169,월세,04,경상북도 칠곡군 석적읍 남율리,칠곡군,석적읍,500,41,0,62.81,19.0,4,사이즈굿 석적투룸 풀옵션 도배장판굿 노브랜드부근 실물최고,https://www.zigbang.com/home/apt/items/50285169
2026-09-06 08:12:48,빌라투룸,50290149,월세,04,경상북도 칠곡군 석적읍 중리,칠곡군,석적읍,300,37,0,66.11,20.0,3,"l조용한위치,도배교체,관리잘된컨디션굿굿,사이즈큰,착한가격",https://www.zigbang.com/home/apt/items/50290149
2026-09-06 08:12:48,빌라투룸,50290532,월세,04,경상북도 칠곡군 석적읍 중리,칠곡군,석적읍,500,37,0,66.11,20.0,2,"l장판교체,에어컨2,화장실2,배란다2,풀옵,컨디션최상실물굿",https://www.zigbang.com/home/apt/items/50290532
2026-09-06 08:12:48,빌라투룸,50290552,월세,04,경상북도 칠곡군 석적읍 중리,칠곡군,석적읍,500,37,0,66.12,20.0,2,"l화장실2배란다2에어컨2,사이즈굿,컨디션최상,하나남은투룸",https://www.zigbang.com/home/apt/items/50290552
2026-09-06 08:12:48,빌라투룸,50290583,월세,04,경상북도 칠곡군 석적읍 중리,칠곡군,석적읍,500,32,0,66.12,20.0,4,"l준신축금호어울림인근,사이즈큰,관리잘된컨디션굿굿,가격굿굿",https://www.zigbang.com/home/apt/items/50290583
2026-09-06 08:12:48,빌라투룸,49984285,월세,04,경상북도 구미시 원평동,구미시,원평동,500,45,0,60,18.15,2,ㅣPLUSㅣ투룸V구미역 인접V풀옵션V넓은 주차장V,https://www.zigbang.com/home/apt/items/49984285
2026-09-06 08:12:48,빌라투룸,50057300,월세,04,경상북도 구미시 신평동,구미시,신평동,500,40,0,50,15.12,2,ㄴWOWㄱ풀옵션 투룸ㅣ신평 사거리ㅣ넓은 구조ㅣ주차편리,https://www.zigbang.com/home/apt/items/50057300
2026-09-06 08:12:48,빌라투룸,50067073,월세,04,경상북도 구미시 원평동,구미시,원평동,300,38,0,60,18.15,3,투룸V풀옵션V구미역 인접V주방 분리V,https://www.zigbang.com/home/apt/items/50067073
2026-09-06 08:12:48,빌라투룸,50069310,월세,04,경상북도 구미시 원평동,구미시,원평동,300,38,0,50,15.12,4,ㄴWOWㄱ풀옵션 투룸ㅣ구미역 인접ㅣ주차 차단기,https://www.zigbang.com/home/apt/items/50069310
2026-09-06 08:12:48,빌라투룸,50127810,월세,04,경상북도 구미시 원평동,구미시,원평동,500,35,0,60,18.15,4,투룸V풀옵션V붙박이장V넓은 거실V채광 굿V,https://www.zigbang.com/home/apt/items/50127810
2026-09-06 08:12:48,빌라투룸,50134068,월세,04,경상북도 구미시 신평동,구미시,신평동,500,47,0,67,20.27,2,"리모델링투룸 건조기,양문형냉장고",https://www.zigbang.com/home/apt/items/50134068
2026-09-06 08:12:48,빌라투룸,50140088,월세,04,경상북도 구미시 원평동,구미시,원평동,1000,45,0,65,19.66,4,투룸V엘리베이터V구미역 바로 뒤V채광 굿V,https://www.zigbang.com/home/apt/items/50140088
2026-09-06 08:12:48,빌라투룸,50180367,월세,04,경상북도 구미시 원평동,구미시,원평동,1000,45,0,50,15.12,3,최신축 투룸ㅣ구미역ㅣ금리단길ㅣ중앙시장ㅣ풀옵션ㅣ금오산,https://www.zigbang.com/home/apt/items/50180367
2026-09-06 08:12:48,빌라투룸,50185218,월세,04,경상북도 구미시 원평동,구미시,원평동,3000,25,0,50,15.12,2,넓은 투룸ㅣ구미역ㅣ주차차단기ㅣ선산 고아 이동용이ㅣ금오산,https://www.zigbang.com/home/apt/items/50185218
2026-09-06 08:12:48,빌라투룸,50209151,월세,04,경상북도 구미시 원평동,구미시,원평동,300,38,0,50,15.12,2,깜끔한 투룸ㅣ풀옵션ㅣ옷장ㅣ터미널ㅣ구미시청ㅣ문성 이동용이,https://www.zigbang.com/home/apt/items/50209151
2026-09-06 08:12:48,빌라투룸,50234739,월세,04,경상북도 구미시 원평동,구미시,원평동,1000,40,0,67,20.27,4,구미역 바로뒤 준신축 투룸 풀옵션 에어컨2대,https://www.zigbang.com/home/apt/items/50234739
2026-09-06 08:12:48,빌라투룸,50234751,월세,04,경상북도 구미시 원평동,구미시,원평동,500,45,0,67,20.27,2,구미역 도보5분 준신축투룸 풀옵션,https://www.zigbang.com/home/apt/items/50234751
2026-09-06 08:12:48,빌라투룸,50236646,월세,04,경상북도 구미시 원평동,구미시,원평동,300,40,0,50,15.12,2,깔끔한 투룸ㅣ터미널ㅣ동아백화점ㅣ산산이동 용이ㅣ풀옵션,https://www.zigbang.com/home/apt/items/50236646
2026-09-06 08:12:48,빌라투룸,50267240,월세,04,경상북도 구미시 도량동,구미시,도량동,200,30,0,67,20.27,2,도량동 리모델링 투룸 풀옵션 첫입주,https://www.zigbang.com/home/apt/items/50267240
2026-09-06 08:12:48,빌라투룸,50299689,월세,04,경상북도 구미시 신평동,구미시,신평동,1000,45,0,60,18.15,4,V투룸V옵션 구비V넓은 거실V트여있는 전망V,https://www.zigbang.com/home/apt/items/50299689
2026-09-06 08:12:55,빌라투룸,49909024,월세,05,대구시 동구 신기동,동구,신기동,500,30,0,60,18.15,3,HOT . 신기동 쓰리룸 . 풀옵션 . 애견 가능,https://www.zigbang.com/home/apt/items/49909024
2026-09-06 08:12:55,빌라투룸,49977958,월세,04,대구시 동구 율하동,동구,율하동,500,35,0,23.62,7.15,3,.거실1방1 율하신축투룸.200프로 실매물.붙박이장 엘베.,https://www.zigbang.com/home/apt/items/49977958
2026-09-06 08:12:55,빌라투룸,50107619,전세,05,대구시 동구 동호동,동구,동호동,8000,0,0,78.53,23.76,3,"LH불가ㅇ방3 ,거실 1ㅇ화장실 1ㅇ대로변 위치ㅇ교통편리ㅇ",https://www.zigbang.com/home/apt/items/50107619
2026-09-06 08:12:55,빌라투룸,50107623,전세,05,대구시 동구 율하동,동구,율하동,15000,0,0,95.7,28.95,4,ㅇ주인세대ㅇ방3욕실2ㅇ남향ㅇ대출없는 집ㅇ,https://www.zigbang.com/home/apt/items/50107623
2026-09-06 08:12:55,빌라투룸,50136506,월세,04,대구시 동구 율하동,동구,율하동,500,50,0,52.89,16.0,3,"ㅇ율하역 1분ㅇ롯데아울렛, 편의점 인접ㅇ 넓은 창문 채광",https://www.zigbang.com/home/apt/items/50136506
2026-09-06 08:12:55,빌라투룸,50137583,월세,04,대구시 동구 율하동,동구,율하동,1000,40,0,44.06,13.33,1,"실사진, 방2거실1 ,주차편리, 즉시입주가능, 산책로",https://www.zigbang.com/home/apt/items/50137583
2026-09-06 08:12:55,빌라투룸,50161475,월세,04,대구시 동구 율하동,동구,율하동,1000,35,0,50,15.12,2,둘이 살아도 여유로운 구조 방2,https://www.zigbang.com/home/apt/items/50161475
2026-09-06 08:12:55,빌라투룸,50171723,월세,04,대구시 동구 서호동,동구,서호동,300,38,0,28.16,8.52,3,.거실1방1 서호신축투룸.200프로실매물.채광우수 구조굿.,https://www.zigbang.com/home/apt/items/50171723
2026-09-06 08:12:55,빌라투룸,50185832,월세,04,대구시 동구 율하동,동구,율하동,500,35,0,46.46,14.05,1,ㅇ신기역 8분ㅇ주차 매우편리ㅇ편의시설 완비ㅇ옵션,https://www.zigbang.com/home/apt/items/50185832
2026-09-06 08:12:55,빌라투룸,50257065,월세,04,대구시 동구 율하동,동구,율하동,500,50,0,50,15.12,3,o올리모델링o지하철1분거리o정투룸,https://www.zigbang.com/home/apt/items/50257065
2026-09-06 08:12:55,빌라투룸,49990602,월세,04,대구시 동구 동호동,동구,동호동,500,34,0,39.87,12.06,3,ꖛ통창투룸 ꖛ엘베 ꖛ치안확실 ꖛ풀옵션 ꖛ인기매물,https://www.zigbang.com/home/apt/items/49990602
2026-09-06 08:12:55,빌라투룸,50072599,월세,05,대구시 동구 신서동,동구,신서동,1000,65,0,99.17,30.0,3,"혁신도시주인세대 방3화2,즉시입주가 ,단기.LH 전세도가",https://www.zigbang.com/home/apt/items/50072599
2026-09-06 08:12:55,빌라투룸,50172147,월세,04,대구시 동구 각산동,동구,각산동,500,45,0,49.59,15.0,2,ㅇ물빛서원 3분ㅇ비나리공원 1분ㅇ주차편리ㅇ,https://www.zigbang.com/home/apt/items/50172147
2026-09-06 08:12:55,빌라투룸,50172199,월세,04,대구시 동구 신서동,동구,신서동,1000,35,0,42.98,13.0,1,"ㅇ새론중 인근ㅇ 방2 거실1ㅇ,주차편리ㅇ 즉시입주가능",https://www.zigbang.com/home/apt/items/50172199
2026-09-06 08:12:55,빌라투룸,50228078,월세,04,대구시 동구 각산동,동구,각산동,500,45,0,49.59,15.0,2,혁신도시 초래봉입구 즉시입주가능 투룸.햇볕잘드는남향,https://www.zigbang.com/home/apt/items/50228078
2026-09-06 08:12:55,빌라투룸,50233468,월세,05,대구시 동구 각산동,동구,각산동,1000,55,0,56.19,17.0,3,ꕥ1등컨디션ꕥ주차장엘베ꕥ햇살가득ꕥ맞통풍가능ꕥ,https://www.zigbang.com/home/apt/items/50233468
2026-09-06 08:12:55,빌라투룸,50254355,월세,04,대구시 동구 신서동,동구,신서동,500,40,0,50,15.12,1,"1층 아주넓은월세저렴한 방2투룸,청소완료즉시입주.주차편리",https://www.zigbang.com/home/apt/items/50254355
2026-09-06 08:12:55,빌라투룸,50254392,월세,04,대구시 동구 각산동,동구,각산동,500,50,0,49.59,15.0,2,"새론중삼거리 확이확트인 베란다있는 방2 거실투룸,즉시입주",https://www.zigbang.com/home/apt/items/50254392
2026-09-06 08:12:55,빌라투룸,50277401,월세,04,대구시 동구 각산동,동구,각산동,500,45,0,49.59,15.0,2,"새론중학교삼거리 거실넓고 반듯한남향투룸,",https://www.zigbang.com/home/apt/items/50277401
2026-09-06 08:12:55,빌라투룸,50092629,월세,04,경상북도 경산시 진량읍 신상리,경산시,진량읍,200,39,0,52.6,15.91,4,넓은 투룸 에어컨 2대,https://www.zigbang.com/home/apt/items/50092629
2026-09-06 08:12:55,빌라투룸,50119579,월세,04,경상북도 경산시 진량읍 신상리,경산시,진량읍,1000,45,0,66,19.96,4,소개비무 거실이 넓은 집  조용한집,https://www.zigbang.com/home/apt/items/50119579
2026-09-06 08:12:55,빌라투룸,50119751,월세,04,경상북도 경산시 진량읍 신상리,경산시,진량읍,200,33,0,46,13.91,2,소개비무 관리잘되는집 깨끗한집 풀옵션,https://www.zigbang.com/home/apt/items/50119751
2026-09-06 08:12:55,빌라투룸,50219636,전세,04,경상북도 경산시 진량읍 신상리,경산시,진량읍,5000,0,0,46.28,14.0,3,모던 인테리어가 예쁜 정투룸  금액조정 가능,https://www.zigbang.com/home/apt/items/50219636
2026-09-06 08:12:55,빌라투룸,50222200,월세,04,경상북도 경산시 진량읍 신상리,경산시,진량읍,1000,41,0,49.58,15.0,2,인프라 좋은 넓은 투룸,https://www.zigbang.com/home/apt/items/50222200
2026-09-06 08:12:55,빌라투룸,50261303,월세,04,경상북도 경산시 진량읍 신상리,경산시,진량읍,200,30,0,41.1,12.43,2,가성비 좋은 깔끔한 투룸,https://www.zigbang.com/home/apt/items/50261303
2026-09-06 08:12:55,빌라투룸,50274161,월세,04,경상북도 경산시 진량읍 신상리,경산시,진량읍,200,42,0,48,14.52,3,소개비무 귀한 투룸 조용하고 좋은 위치,https://www.zigbang.com/home/apt/items/50274161
2026-09-06 08:12:55,빌라투룸,50297129,월세,04,경상북도 경산시 진량읍 신상리,경산시,진량읍,200,33,0,46.28,14.0,4,가성비 짱 투룸,https://www.zigbang.com/home/apt/items/50297129
2026-09-06 08:12:58,빌라투룸,50139513,월세,04,경상북도 경주시 황성동,경주시,황성동,300,53,0,53.59,16.21,2,"선호도 높은 매물,,,방2 거실,,,이쁜 방",https://www.zigbang.com/home/apt/items/50139513
2026-09-06 08:12:58,빌라투룸,50245367,월세,04,경상북도 경주시 황성동,경주시,황성동,300,50,0,50,15.12,2,"방2,거실 풀옵션",https://www.zigbang.com/home/apt/items/50245367
2026-09-06 08:12:58,빌라투룸,50300976,월세,04,경상북도 경주시 황성동,경주시,황성동,300,50,0,50,15.12,2,"방2,거실 풀옵션",https://www.zigbang.com/home/apt/items/50300976
2026-09-06 08:13:00,빌라투룸,49860995,월세,05,경상북도 포항시 북구 동빈1가,포항시 북구,동빈1가,2000,65,0,90,27.22,4,롯데백화점 인근 주인세대,https://www.zigbang.com/home/apt/items/49860995
2026-09-06 08:13:00,빌라투룸,49906784,월세,04,경상북도 포항시 북구 여천동,포항시 북구,여천동,500,41,0,64.7,19.57,4,육거리 cgv영화관 부근 옵션있는 정투룸,https://www.zigbang.com/home/apt/items/49906784
2026-09-06 08:13:00,빌라투룸,49994564,월세,04,경상북도 포항시 북구 대신동,포항시 북구,대신동,500,45,0,62.81,19.0,2,롯데백화점  선린병원 인근 위치 좋은 투룸 입니다.,https://www.zigbang.com/home/apt/items/49994564
2026-09-06 08:13:00,빌라투룸,50026504,월세,04,경상북도 포항시 북구 동빈2가,포항시 북구,동빈2가,300,40,0,59.5,18.0,2,퓰옵션 투룸.육거리..북구CGV.포은도서관부근,https://www.zigbang.com/home/apt/items/50026504
2026-09-06 08:13:00,빌라투룸,50242112,월세,04,경상북도 포항시 북구 상원동,포항시 북구,상원동,300,45,0,55,16.64,3,깨끗한 풀옵션 정투룸T,https://www.zigbang.com/home/apt/items/50242112
2026-09-06 08:13:00,빌라투룸,50242130,월세,04,경상북도 포항시 북구 상원동,포항시 북구,상원동,500,46,0,59,17.85,2,엘리베이터 풀옵션 정투룸T,https://www.zigbang.com/home/apt/items/50242130
2026-09-06 08:13:00,빌라투룸,50242135,월세,04,경상북도 포항시 북구 동빈2가,포항시 북구,동빈2가,300,40,0,57,17.24,2,가성비 좋은 옵션 정투룸T,https://www.zigbang.com/home/apt/items/50242135
2026-09-06 08:13:00,빌라투룸,50242518,월세,04,경상북도 포항시 북구 덕수동,포항시 북구,덕수동,500,50,0,58,17.54,2,깨끗하게 관리잘된 정투룸T,https://www.zigbang.com/home/apt/items/50242518
2026-09-06 08:13:00,빌라투룸,50243631,월세,04,경상북도 포항시 북구 동빈1가,포항시 북구,동빈1가,500,50,0,52,15.73,3,북구청인근 엘리베이트 깔끔 정투룸,https://www.zigbang.com/home/apt/items/50243631
2026-09-06 08:13:00,빌라투룸,50268702,월세,04,경상북도 포항시 북구 덕수동,포항시 북구,덕수동,500,45,0,50,15.12,2,세무소인근 냉장고 세탁기 옵션있는 정투룸,https://www.zigbang.com/home/apt/items/50268702
2026-09-06 08:13:00,빌라투룸,50271983,월세,04,경상북도 포항시 북구 학산동,포항시 북구,학산동,500,38,0,52.89,16.0,4,롯데백화점 인근 테라스 있는 풀옵션 투룸,https://www.zigbang.com/home/apt/items/50271983
2026-09-06 08:13:00,빌라투룸,50282735,월세,04,경상북도 포항시 북구 동빈1가,포항시 북구,동빈1가,500,50,0,59.5,18.0,3,엘리베이터 건물  동빈동 북구청부근   투룸,https://www.zigbang.com/home/apt/items/50282735
2026-09-06 08:13:00,빌라투룸,50298598,월세,04,경상북도 포항시 북구 상원동,포항시 북구,상원동,500,50,0,50,15.12,2,시내 엘베 있는 빅사이즈  풀옵션 정투,https://www.zigbang.com/home/apt/items/50298598
2026-09-06 08:13:43,빌라투룸,49953654,월세,05,충청남도 서산시 읍내동,서산시,읍내동,1000,45,0,65,19.66,3,문화회관인근 깔끔한 쓰리룸 즉시입주가능,https://www.zigbang.com/home/apt/items/49953654
2026-09-06 08:13:43,빌라투룸,50032441,월세,04,충청남도 서산시 동문동,서산시,동문동,1000,55,0,66.12,20.0,4,에어컨두대 풀옵션 투룸 신축급 뷰 채광 굿,https://www.zigbang.com/home/apt/items/50032441
2026-09-06 08:14:06,빌라투룸,50215857,월세,04,인천시 영종구 운북동,영종구,운북동,500,65,0,44.63,13.5,2,"건조기도 설치된 옵션있는 방2,자그마한거실 월세입니다.",https://www.zigbang.com/home/apt/items/50215857
2026-09-06 08:14:06,빌라투룸,50180869,월세,04,인천시 영종구 운서동,영종구,운서동,500,60,0,40,12.1,4,ㅡluckyㅡ 구조가 너무 좋은 투룸입니다.,https://www.zigbang.com/home/apt/items/50180869
2026-09-06 08:14:06,빌라투룸,50286781,월세,04,인천시 영종구 운서동,영종구,운서동,500,60,0,46.5,14.07,4,모든 공간 엄청 큰 거실있는 투룸,https://www.zigbang.com/home/apt/items/50286781
2026-09-06 08:14:06,빌라투룸,50190409,월세,04,인천시 영종구 운남동,영종구,운남동,500,60,0,40,12.1,4,ㅡluckyㅡ 테라스 있는 투룸으로 오세요,https://www.zigbang.com/home/apt/items/50190409
2026-09-06 08:14:06,빌라투룸,50211886,월세,04,인천시 영종구 운남동,영종구,운남동,500,55,0,39.67,12.0,2,투룸 최저가 진짜 큰방 두개,https://www.zigbang.com/home/apt/items/50211886
2026-09-06 08:14:06,빌라투룸,50218575,월세,04,인천시 영종구 운남동,영종구,운남동,300,47,0,50,15.12,4,정남향 인천대교 뷰,https://www.zigbang.com/home/apt/items/50218575
2026-09-06 08:14:06,빌라투룸,50243378,월세,04,인천시 영종구 운남동,영종구,운남동,300,47,0,45,13.61,4,ㅡluckyㅡ투룸 초특가 뻥뷰의 배란다까지,https://www.zigbang.com/home/apt/items/50243378
2026-09-06 08:14:06,빌라투룸,50292659,월세,04,인천시 영종구 운남동,영종구,운남동,2000,55,0,49.58,15.0,3,해 잘들고 크기 크고 거실있는 투룸,https://www.zigbang.com/home/apt/items/50292659
2026-09-06 08:14:06,빌라투룸,50297548,월세,04,인천시 영종구 운남동,영종구,운남동,500,58,0,46.28,14.0,2,거실넓고 해잘드는 투룸,https://www.zigbang.com/home/apt/items/50297548
2026-09-06 08:14:54,빌라투룸,50089891,월세,04,충청남도 당진시 신평면 금천리,당진시,신평면,500,54,0,39.6,11.98,4,신평 귀한 투룸 월세 옵션 좋은 집,https://www.zigbang.com/home/apt/items/50089891
2026-09-06 08:14:56,빌라투룸,50020200,월세,04,충청남도 아산시 탕정면 매곡리,아산시,탕정면,200,60,0,49.59,15.0,4,ㅇ선문대동문ㅇ2인기준ㅇ깨끗한투룸ㅇEVㅇ풀옵션ㅇ주차장ㅇ1년ㅇ,https://www.zigbang.com/home/apt/items/50020200
2026-09-06 08:14:56,빌라투룸,50020318,월세,04,충청남도 아산시 탕정면 갈산리,아산시,탕정면,500,50,0,46.28,14.0,4,ㅇ탕정삼성ㅇ선문대3분거리ㅇ깨끗투룸ㅇ풀옵션ㅇ주차장ㅇ엘베ㅇ,https://www.zigbang.com/home/apt/items/50020318
2026-09-06 08:14:56,빌라투룸,50039302,월세,04,충청남도 아산시 탕정면 갈산리,아산시,탕정면,500,75,0,49.59,15.0,3,ㅇ탕정삼성ㅇ선문대서문ㅇ풀옵션ㅇ큰투룸ㅇ화장실2ㅇ주차장ㅇ엘베,https://www.zigbang.com/home/apt/items/50039302
2026-09-06 08:14:56,빌라투룸,50118373,월세,04,충청남도 아산시 탕정면 용두리,아산시,탕정면,1000,70,0,40,12.1,2,"ㄴ아산디스플레이, 삼성디스플레이 인근 신축 투룸ㄱ",https://www.zigbang.com/home/apt/items/50118373
2026-09-06 08:14:56,빌라투룸,50229572,월세,04,충청남도 아산시 탕정면 갈산리,아산시,탕정면,500,65,0,49.59,15.0,3,ㅇ탕정삼성ㅇ선문대서문앞ㅇ깨끗한투룸ㅇ풀옵션ㅇ주차장ㅇ엘베ㅇ,https://www.zigbang.com/home/apt/items/50229572
2026-09-06 08:14:55,빌라투룸,50024540,전세,04,충청남도 아산시 온천동,아산시,온천동,9500,0,0,72.73,22.0,3,v남향에 넓은 투룸v신축 v주차장,https://www.zigbang.com/home/apt/items/50024540
2026-09-06 08:14:55,빌라투룸,50149300,월세,05,충청남도 아산시 온천동,아산시,온천동,2000,60,0,84,25.41,4,ꗟꗟ 최저가 신축 쓰리룸 ꗟꗟ  에어컨2대 화장실2개 ꗟꗟ,https://www.zigbang.com/home/apt/items/50149300
2026-09-06 08:14:55,빌라투룸,50175229,월세,04,충청남도 아산시 온천동,아산시,온천동,1000,55,0,56.2,17.0,3,ꗟꗟ 중문 있는 신축투룸 ꗟꗟ 온천천view ꗟꗟ,https://www.zigbang.com/home/apt/items/50175229
2026-09-06 08:14:55,빌라투룸,50268689,월세,04,충청남도 아산시 온천동,아산시,온천동,500,38,0,55,16.64,4,ㅁㅁ 시청인근 최저가 ㅁㅁ,https://www.zigbang.com/home/apt/items/50268689
2026-09-06 08:14:55,빌라투룸,50289768,월세,05,충청남도 아산시 실옥동,아산시,실옥동,1500,100,0,115,34.79,4,ꗃꔪ••주인세대••테라스3••룸3••화장실3••ꗃꔪ,https://www.zigbang.com/home/apt/items/50289768
2026-09-06 08:14:55,빌라투룸,50289938,월세,05,충청남도 아산시 실옥동,아산시,실옥동,1500,100,0,115,34.79,4,ꔪꔪ••신축쓰리룸••고급스러움••WELC0MEꔪꔪ,https://www.zigbang.com/home/apt/items/50289938
2026-09-06 08:14:55,빌라투룸,50296684,월세,05,충청남도 아산시 실옥동,아산시,실옥동,1500,100,0,115,34.79,4,ꕻꖒ최신축 주인세대ꔪ3룸화장실3개ꔪ테라스ꖒꕻ,https://www.zigbang.com/home/apt/items/50296684
2026-09-06 08:14:56,빌라투룸,50010566,월세,04,충청남도 아산시 둔포면 관대리,아산시,둔포면,200,41,0,33.06,10.0,3,"저렴한 투룸, 풀도배완료,즉시입주가능,엘레베이터",https://www.zigbang.com/home/apt/items/50010566
2026-09-06 08:14:56,빌라투룸,50126183,전세,04,충청남도 아산시 둔포면 신항리,아산시,둔포면,5000,0,0,42,12.7,3,"투룸전세, 융자최소로 있음, 평택미군기지15분거리 입니다.",https://www.zigbang.com/home/apt/items/50126183
2026-09-06 08:14:56,빌라투룸,50126198,월세,04,충청남도 아산시 둔포면 신항리,아산시,둔포면,300,39,0,33.05,10.0,4,융자없는 투룸월세 에어콘2대 퍼스트아울렛 5분거리 입니다.,https://www.zigbang.com/home/apt/items/50126198
2026-09-06 08:14:56,빌라투룸,50126264,월세,04,충청남도 아산시 둔포면 관대리,아산시,둔포면,300,49,0,42.97,13.0,4,"관대리 넓은투룸,  즉시이사가능",https://www.zigbang.com/home/apt/items/50126264
2026-09-06 08:14:56,빌라투룸,50215936,월세,04,충청남도 아산시 둔포면 신항리,아산시,둔포면,200,41,0,26.45,8.0,2,"오늘 찍은 실사진  월세, 가성비 최고방, 엘리베이터 설치",https://www.zigbang.com/home/apt/items/50215936
2026-09-06 08:14:56,빌라투룸,50234623,월세,04,충청남도 아산시 둔포면 신항리,아산시,둔포면,200,41,0,33.55,10.15,2,"실매물사진 l 신항리 2R,투룸 월세 l 엘리베이터 있음",https://www.zigbang.com/home/apt/items/50234623
2026-09-06 08:14:56,빌라투룸,50242812,월세,04,충청남도 아산시 둔포면 관대리,아산시,둔포면,300,39,0,42.97,13.0,3,융자없는 관대리 투룸. 평택 20분거리. 교통편리합니다.,https://www.zigbang.com/home/apt/items/50242812
2026-09-06 08:14:56,빌라투룸,50268950,전세,04,충청남도 아산시 둔포면 관대리,아산시,둔포면,5000,0,0,42.98,13.0,4,투룸 전세 전세자금대출가능 평택까지 15분거리,https://www.zigbang.com/home/apt/items/50268950
2026-09-06 08:14:56,빌라투룸,50296864,월세,04,충청남도 천안시 서북구 불당동,천안시 서북구,불당동,1000,70,0,66,19.96,2,불당동신축입주투룸,https://www.zigbang.com/home/apt/items/50296864
2026-09-06 08:14:56,빌라투룸,50297033,월세,04,충청남도 천안시 서북구 불당동,천안시 서북구,불당동,1000,60,0,57,17.24,2,살기 쾌적한 투룸이에욯ㅎ,https://www.zigbang.com/home/apt/items/50297033
2026-09-06 08:14:56,빌라투룸,50297340,월세,04,충청남도 천안시 서북구 불당동,천안시 서북구,불당동,500,55,0,50,15.12,2,거실 생활 가능한 풀옵션 투룸.,https://www.zigbang.com/home/apt/items/50297340
2026-09-06 08:14:56,빌라투룸,50300790,월세,04,충청남도 천안시 서북구 성정동,천안시 서북구,성정동,500,43,0,42.98,13.0,4,포근한느낌 거실분리형,https://www.zigbang.com/home/apt/items/50300790
2026-09-06 08:14:56,빌라투룸,50300970,월세,04,충청남도 천안시 동남구 봉명동,천안시 동남구,봉명동,500,37,0,42.98,13.0,3,ㅇ최신리모델링 깔끔한 분리형ㅇ전자랜드 도보 3분,https://www.zigbang.com/home/apt/items/50300970
2026-09-06 08:14:56,빌라투룸,50212611,월세,05,충청남도 천안시 동남구 목천읍 신계리,천안시 동남구,목천읍,1000,70,0,62,18.75,3,"동우아파트근처, 쓰리룸주인세대, 옵션X",https://www.zigbang.com/home/apt/items/50212611
2026-09-06 08:14:57,빌라투룸,49996725,월세,05,충청남도 천안시 동남구 북면 연춘리,천안시 동남구,북면,1000,57,0,80,24.2,4,lll 신축급 거실 큰 3룸 lll 아파트형 화장실 2개,https://www.zigbang.com/home/apt/items/49996725
2026-09-06 08:14:56,빌라투룸,50122060,월세,04,충청남도 아산시 둔포면 신양리,아산시,둔포면,300,51,0,49.59,15.0,3,거실 넓은 투룸,https://www.zigbang.com/home/apt/items/50122060
2026-09-06 08:14:56,빌라투룸,50141200,월세,04,충청남도 아산시 둔포면 석곡리,아산시,둔포면,300,65,0,41.6,12.58,5,"2R, 제2테크노밸리, 복층형 2룸입니다.",https://www.zigbang.com/home/apt/items/50141200
2026-09-06 08:14:56,빌라투룸,50161370,월세,04,충청남도 아산시 둔포면 신양리,아산시,둔포면,300,51,0,33.06,10.0,3,"신양리 신축급, 가성비 최고 투룸",https://www.zigbang.com/home/apt/items/50161370
2026-09-06 08:14:56,빌라투룸,50217600,월세,04,충청남도 아산시 둔포면 신양리,아산시,둔포면,200,36,0,42.97,13.0,4,착한가격 투룸 월세,https://www.zigbang.com/home/apt/items/50217600
2026-09-06 08:14:56,빌라투룸,50266673,월세,04,충청남도 아산시 둔포면 신양리,아산시,둔포면,200,36,0,24.79,7.5,4,신양리 귀한 투룸 가성비 최고방,https://www.zigbang.com/home/apt/items/50266673
2026-09-06 08:14:57,빌라투룸,50217550,월세,04,충청남도 천안시 동남구 안서동,천안시 동남구,안서동,500,60,0,50,15.12,3,"투룸, 넓은 거실, 신축건물, 경쟁치열",https://www.zigbang.com/home/apt/items/50217550
2026-09-06 08:14:57,빌라투룸,49615188,월세,04,충청남도 천안시 서북구 성거읍 신월리,천안시 서북구,성거읍,500,58,0,49.59,15.0,3,"성거투룸, 서북구청옆, 리모델링 풀옵션",https://www.zigbang.com/home/apt/items/49615188
2026-09-06 08:14:57,빌라투룸,50206121,월세,04,충청남도 천안시 서북구 직산읍 삼은리,천안시 서북구,직산읍,1000,90,0,70,21.17,4,직산사거리 인근 화장실 2개 복층 투룸,https://www.zigbang.com/home/apt/items/50206121
2026-09-06 08:14:57,빌라투룸,50057554,월세,04,충청남도 천안시 서북구 성거읍 천흥리,천안시 서북구,성거읍,1000,72,0,56.2,17.0,3,즉시입주 가능 신축 투룸 넓은 거실 넓은 주차장,https://www.zigbang.com/home/apt/items/50057554
2026-09-06 08:14:57,빌라투룸,50292153,월세,04,충청남도 천안시 서북구 두정동,천안시 서북구,두정동,1500,48,0,52,15.73,4,ㅁ두정역도보10분이내ㅁ전용주차장ㅁ거실1방2투룸ㅁ,https://www.zigbang.com/home/apt/items/50292153
2026-09-06 08:14:57,빌라투룸,50293257,월세,04,충청남도 천안시 서북구 성정동,천안시 서북구,성정동,1000,52,0,43,13.01,2,"롯데마트 인근, 깔끔한 투룸",https://www.zigbang.com/home/apt/items/50293257
2026-09-06 08:14:57,빌라투룸,50298644,월세,04,충청남도 천안시 서북구 두정동,천안시 서북구,두정동,500,56,0,60,18.15,4,lll 두정역 도보 10분 귀한 거실 있는 투룸 lll,https://www.zigbang.com/home/apt/items/50298644
2026-09-06 08:14:57,빌라투룸,50300619,월세,04,충청남도 천안시 서북구 두정동,천안시 서북구,두정동,700,68,0,60,18.15,5,JH 현대차사거리 4분거리 진짜큰 투룸 JH,https://www.zigbang.com/home/apt/items/50300619
2026-09-06 08:14:57,빌라투룸,50300983,월세,04,충청남도 천안시 서북구 두정동,천안시 서북구,두정동,500,45,0,45,13.61,3,"살림하기 좋은 투룸, 부분 수리 완료",https://www.zigbang.com/home/apt/items/50300983
2026-09-06 08:14:57,빌라투룸,50301866,월세,04,충청남도 천안시 서북구 두정동,천안시 서북구,두정동,300,45,0,36.36,11.0,2,ㅁ전체화이트톤투룸ㅁ통근버스라인ㅁ보증금조절가능ㅁ,https://www.zigbang.com/home/apt/items/50301866
2026-09-06 08:14:59,빌라투룸,49977770,월세,04,경기도 평택시 포승읍 원정리,평택시,포승읍,200,50,0,30,9.07,3,ㅁ 원정리 단기 가능한 저렴한 투룸 ㅁ,https://www.zigbang.com/home/apt/items/49977770
2026-09-06 08:14:59,빌라투룸,50039658,월세,04,경기도 평택시 포승읍 원정리,평택시,포승읍,200,50,0,32.19,9.74,3,"ㅁ 원정보건소 인근, 가정집으로 적합한 투룸 ㅁ",https://www.zigbang.com/home/apt/items/50039658
2026-09-06 08:14:59,빌라투룸,50062588,월세,04,경기도 평택시 포승읍 희곡리,평택시,포승읍,300,60,0,30,9.07,2,ㅁ 지식산업센터 도보 출근가능한 거실 넓은 투룸 ㅁ,https://www.zigbang.com/home/apt/items/50062588
2026-09-06 08:14:59,빌라투룸,50124331,월세,04,경기도 평택시 포승읍 원정리,평택시,포승읍,300,60,0,35.11,10.62,2,"ㅁ 숙소, 가정집 모두 적합한 투룸 ㅁ",https://www.zigbang.com/home/apt/items/50124331
2026-09-06 08:14:59,빌라투룸,50145059,전세,04,경기도 평택시 포승읍 원정리,평택시,포승읍,4500,0,0,38,11.49,2,원정리4큰투룸전세,https://www.zigbang.com/home/apt/items/50145059
2026-09-06 08:14:59,빌라투룸,50221171,월세,04,경기도 평택시 포승읍 원정리,평택시,포승읍,200,43,0,35,10.59,2,가성비좋은투룸.주차장넓음,https://www.zigbang.com/home/apt/items/50221171
2026-09-06 08:14:59,빌라투룸,50223097,월세,04,경기도 평택시 포승읍 원정리,평택시,포승읍,200,40,0,39.67,12.0,3,방2개 풀옵션 투룸 주차용이 주차편리 보200만 월관48만,https://www.zigbang.com/home/apt/items/50223097
2026-09-06 08:14:59,빌라투룸,50223142,월세,04,경기도 평택시 포승읍 원정리,평택시,포승읍,200,48,0,39.67,12.0,2,투룸방2개 거실유 보200월관56만 풀옵션 조용2층오늘입주,https://www.zigbang.com/home/apt/items/50223142
2026-09-06 08:14:59,빌라투룸,50249812,월세,04,경기도 평택시 포승읍 원정리,평택시,포승읍,300,57,0,43,13.01,3,투룸 보300월관65만  방2개긴거실  전망도시가스오늘입주,https://www.zigbang.com/home/apt/items/50249812
2026-09-06 08:14:59,빌라투룸,50256407,월세,04,경기도 평택시 포승읍 희곡리,평택시,포승읍,200,60,0,30,9.07,3,ㅁ 화장실 2개. 숙소로 적합한 희곡리 투룸 ㅁ,https://www.zigbang.com/home/apt/items/50256407
2026-09-06 08:14:59,빌라투룸,50069777,매매,05,경기도 화성시 만세구 우정읍 화산리,화성시 만세구,우정읍,18000,0,18000,50.1,15.16,1,100프로 실매물. 최저실입 상담가능.,https://www.zigbang.com/home/apt/items/50069777
2026-09-06 08:14:59,빌라투룸,49977954,월세,04,경기도 화성시 만세구 향남읍 구문천리,화성시 만세구,향남읍,300,45,0,33.06,10.0,4,월세 저렴한 미니 투룸  입니다.,https://www.zigbang.com/home/apt/items/49977954
2026-09-06 08:14:59,빌라투룸,50245793,월세,04,경기도 화성시 만세구 향남읍 구문천리,화성시 만세구,향남읍,300,55,0,49.58,15.0,4,"방2,거실 크고 환한 투룸 월세 입니다.",https://www.zigbang.com/home/apt/items/50245793
2026-09-06 08:14:59,빌라투룸,50260767,월세,04,경기도 화성시 만세구 장안면 장안리,화성시 만세구,장안면,1000,75,0,59.57,18.02,4,첫입주 신축 풀옵션 최저가 투룸 대궐 같은거실 주차 확보,https://www.zigbang.com/home/apt/items/50260767
2026-09-06 08:15:00,빌라투룸,50283759,매매,05,경기도 화성시 만세구 팔탄면 구장리,화성시 만세구,팔탄면,20000,0,20000,62.95,19.04,2,"구장리 방3 화2 엘베 O 인프라,구조좋은 쓰리룸 빌라",https://www.zigbang.com/home/apt/items/50283759
2026-09-06 08:15:00,빌라투룸,50284013,매매,04,경기도 화성시 만세구 팔탄면 구장리,화성시 만세구,팔탄면,12000,0,12000,33.82,10.23,4,실매물 0 집주인인증 0 약속후 방문가능,https://www.zigbang.com/home/apt/items/50284013
2026-09-06 08:15:00,빌라투룸,50186929,전세,05,경기도 화성시 만세구 남양읍 장덕리,화성시 만세구,남양읍,18000,0,0,141.9,42.92,2,... 더 아이리스 ...정원이 아름다운 전원주택2층 전세,https://www.zigbang.com/home/apt/items/50186929
2026-09-06 08:15:00,빌라투룸,49986894,월세,05,경기도 화성시 만세구 장안면 수촌리,화성시 만세구,장안면,1000,80,0,72.48,21.93,1,쓰리룸 빌라 월세 화2 방3  최저가  옵션X 즉시입주,https://www.zigbang.com/home/apt/items/49986894
2026-09-06 08:15:00,빌라투룸,50038352,월세,05,경기도 화성시 만세구 남양읍 남양리,화성시 만세구,남양읍,2000,90,0,82.5,24.96,4,넓은 테라스 있는 거실 방 넓은 주인세대  조용함,https://www.zigbang.com/home/apt/items/50038352
2026-09-06 08:15:00,빌라투룸,50138913,월세,05,경기도 화성시 만세구 남양읍 남양리,화성시 만세구,남양읍,3000,90,0,82.5,24.96,3,거실 방 넓고 채광 좋으며  융자금 없음  화장실2,https://www.zigbang.com/home/apt/items/50138913
2026-09-06 08:15:00,빌라투룸,50141609,전세,05,경기도 화성시 만세구 남양읍 남양리,화성시 만세구,남양읍,16000,0,0,69.42,21.0,2,"...더 아이리스...  사이즈  큰 쓰리룸 전세,",https://www.zigbang.com/home/apt/items/50141609
2026-09-06 08:15:00,빌라투룸,50147672,전세,04,경기도 화성시 만세구 남양읍 남양리,화성시 만세구,남양읍,13000,0,0,46.2,13.98,1,"...더아이리스...투룸 전세, 텃밭사용, 넓은 주차장,",https://www.zigbang.com/home/apt/items/50147672
2026-09-06 08:15:00,빌라투룸,50148151,월세,04,경기도 화성시 만세구 남양읍 남양리,화성시 만세구,남양읍,3500,50,0,46.02,13.92,1,"...더아이리스... 즉시입주, 2룸반전세, 텃밭,",https://www.zigbang.com/home/apt/items/50148151
2026-09-06 08:15:00,빌라투룸,50151134,매매,05,경기도 화성시 만세구 남양읍 남양리,화성시 만세구,남양읍,29900,0,29900,83.9,25.38,4,"방3화2 초,중,고 도보3분 하이엔드 영구 뻥뷰 조망권",https://www.zigbang.com/home/apt/items/50151134
2026-09-06 08:15:00,빌라투룸,50159838,월세,04,경기도 화성시 만세구 마도면 쌍송리,화성시 만세구,마도면,1000,60,0,46.2,13.98,4,... 더 아이리스 ...마도공단  투룸 월세입니다.,https://www.zigbang.com/home/apt/items/50159838
2026-09-06 08:15:00,빌라투룸,50187209,월세,04,경기도 화성시 만세구 남양읍 남양리,화성시 만세구,남양읍,2000,70,0,56.2,17.0,3,거실 방  모두 넓으며  화장실 2 거실 스탠드 에어컨1,https://www.zigbang.com/home/apt/items/50187209
2026-09-06 08:15:00,빌라투룸,50219498,월세,04,경기도 화성시 만세구 남양읍 남양리,화성시 만세구,남양읍,9000,25,0,47.07,14.24,4,보리 .엘베있음.깔끔함.복층2룸.테라스.월세,https://www.zigbang.com/home/apt/items/50219498
2026-09-06 08:15:00,빌라투룸,50239915,월세,04,경기도 화성시 만세구 남양읍 남양리,화성시 만세구,남양읍,1000,70,0,52.89,16.0,1,"... 더 아이리스 ...투룸 풀옵션 월세.기숙사가능,",https://www.zigbang.com/home/apt/items/50239915
2026-09-06 08:15:00,빌라투룸,50241608,월세,05,경기도 화성시 만세구 남양읍 남양리,화성시 만세구,남양읍,2000,80,0,69.4,20.99,3,... 더 아이리스 ...시장로 풀옵션 3룸 빌라 월세,https://www.zigbang.com/home/apt/items/50241608
2026-09-06 08:15:00,빌라투룸,50246115,매매,05,경기도 화성시 만세구 남양읍 신남리,화성시 만세구,남양읍,18500,0,18500,51.3,15.52,2,최저실입진행 엘베o 남양읍 최저가쓰리룸,https://www.zigbang.com/home/apt/items/50246115
2026-09-06 08:15:00,빌라투룸,50284772,매매,06,경기도 화성시 만세구 남양읍 신남리,화성시 만세구,남양읍,28700,0,28700,44.34,13.41,4,복층 포룸 단독테라스 마지막 분양세대,https://www.zigbang.com/home/apt/items/50284772
2026-09-06 08:15:01,빌라투룸,49987114,매매,05,경기도 화성시 만세구 팔탄면 기천리,화성시 만세구,팔탄면,90000,0,90000,99.86,30.21,1,잘 정돈된 전원주택으로서 생활하는데 최고,https://www.zigbang.com/home/apt/items/49987114
2026-09-06 08:15:01,빌라투룸,50289372,월세,04,경기도 평택시 청북읍 후사리,평택시,청북읍,1000,55,0,46.92,14.19,3,접근성 좋은 신축 투룸입니다,https://www.zigbang.com/home/apt/items/50289372
2026-09-06 08:15:01,빌라투룸,50281784,월세,04,경기도 화성시 만세구 양감면 대양리,화성시 만세구,양감면,1000,65,0,49.59,15.0,3,양감면 기숙사 강추 풀옵션 투룸 화장실 무려 두개,https://www.zigbang.com/home/apt/items/50281784
2026-09-06 08:15:01,빌라투룸,50281815,월세,05,경기도 화성시 만세구 양감면 대양리,화성시 만세구,양감면,2000,70,0,49.59,15.0,2,양감면 대양리 깔끔 쓰리룸 화장실두개 창문 막힘없음,https://www.zigbang.com/home/apt/items/50281815
2026-09-06 08:15:01,빌라투룸,50113181,월세,04,충청남도 아산시 둔포면 둔포리,아산시,둔포면,300,50,0,45,13.61,2,"2R, 둔포시내 귀한 투룸입니다.",https://www.zigbang.com/home/apt/items/50113181
2026-09-06 08:15:01,빌라투룸,50113933,월세,04,충청남도 아산시 둔포면 송용리,아산시,둔포면,200,41,0,30,9.07,2,ㅇ투룸 ㅇ넓은구조 ㅇ좋은집,https://www.zigbang.com/home/apt/items/50113933
2026-09-06 08:15:01,빌라투룸,50114347,월세,04,충청남도 아산시 둔포면 송용리,아산시,둔포면,200,41,0,30,9.07,3,ㅇ투룸 ㅇ좋은집 ㅇ도시가스,https://www.zigbang.com/home/apt/items/50114347
2026-09-06 08:15:01,빌라투룸,50263613,월세,04,경기도 평택시 팽성읍 두정리,평택시,팽성읍,300,35,0,50,15.12,2,두정리 미군부대인근 투룸화1 공실 풀옵션 lpg,https://www.zigbang.com/home/apt/items/50263613
2026-09-06 08:15:01,빌라투룸,50271816,전세,04,충청남도 아산시 둔포면 송용리,아산시,둔포면,5000,0,0,40,12.1,3,귀한 전세 투룸 풀옵션 깔끔한방 주차가능 주변이 조용합니다,https://www.zigbang.com/home/apt/items/50271816
2026-09-06 08:15:01,빌라투룸,50271220,월세,05,경기도 평택시 오성면 숙성리,평택시,오성면,300,60,0,58.44,17.68,3,3룸화1빌라 수리된집 풀옵션 숙성리,https://www.zigbang.com/home/apt/items/50271220
2026-09-06 08:15:01,빌라투룸,50280249,월세,04,경기도 평택시 오성면 죽리,평택시,오성면,500,65,0,35,10.59,2,깔끔하고 저렴한투룸 숙소가능 삼성현장 인접,https://www.zigbang.com/home/apt/items/50280249
2026-09-06 08:15:01,빌라투룸,50189393,월세,04,경기도 평택시 청북읍 어연리,평택시,청북읍,500,65,0,39.81,12.04,3,어연 산업단지 인근 깔끔한 투룸,https://www.zigbang.com/home/apt/items/50189393
2026-09-06 08:15:01,빌라투룸,50244285,전세,05,경기도 평택시 청북읍 어연리,평택시,청북읍,16000,0,0,117.37,35.5,2,넓고 뷰가 좋은 단독주택 전세 입니다.,https://www.zigbang.com/home/apt/items/50244285
2026-09-06 08:15:01,빌라투룸,50275778,월세,05,경기도 평택시 청북읍 어연리,평택시,청북읍,1000,111,0,43.74,13.23,4,접근성 좋고 가성비 좋은 신축 3룸 임대,https://www.zigbang.com/home/apt/items/50275778
2026-09-06 08:15:02,빌라투룸,50106951,월세,04,충청남도 천안시 서북구 성환읍 성환리,천안시 서북구,성환읍,1000,65,0,50,15.12,3,가격좋은 신축 투룸,https://www.zigbang.com/home/apt/items/50106951
2026-09-06 08:15:02,빌라투룸,50122710,월세,04,충청남도 천안시 서북구 성환읍 성환리,천안시 서북구,성환읍,1000,65,0,49.59,15.0,2,성환 넓은 신축 투룸,https://www.zigbang.com/home/apt/items/50122710
2026-09-06 08:15:02,빌라투룸,50276292,월세,04,충청남도 천안시 서북구 성환읍 성환리,천안시 서북구,성환읍,1000,75,0,50,15.12,4,신축급 컨디션 완벽한 풀옵션을 갖춘 채광 좋은 투룸,https://www.zigbang.com/home/apt/items/50276292
2026-09-06 08:15:02,빌라투룸,50285619,월세,04,충청남도 천안시 서북구 성환읍 성환리,천안시 서북구,성환읍,1000,65,0,53,16.03,2,"투룸, 남서울대, 성환역, 신축급투룸",https://www.zigbang.com/home/apt/items/50285619
2026-09-06 08:15:02,빌라투룸,50296199,월세,04,충청남도 천안시 서북구 성환읍 성환리,천안시 서북구,성환읍,1000,70,0,39,11.8,5,ㅇ옥상단독사용ㅇ신축첫입주ㅇ예쁜풀옵ㅇ,https://www.zigbang.com/home/apt/items/50296199
2026-09-06 08:15:03,빌라투룸,50162926,월세,04,경기도 평택시 용이동,평택시,용이동,5000,60,0,46.27,14.0,3,"LH전세X,신축급큰투룸반전세,채광좋은,안성ic차량으로 3분",https://www.zigbang.com/home/apt/items/50162926
2026-09-06 08:15:03,빌라투룸,50284354,매매,05,경기도 안성시 공도읍 만정리,안성시,공도읍,15000,0,15000,59.31,17.94,6,실매물ㅇ집주인인증ㅇ방문예약가능,https://www.zigbang.com/home/apt/items/50284354
2026-09-06 08:15:03,빌라투룸,50247116,매매,05,경기도 안성시 대덕면 건지리,안성시,대덕면,17900,0,17900,68.5,20.72,1,실매물실사진 급매물현장 빠른입주 가능 가격굿 상태굿 위치굿,https://www.zigbang.com/home/apt/items/50247116
2026-09-06 08:15:03,빌라투룸,49954225,월세,04,경기도 화성시 만세구 향남읍 하길리,화성시 만세구,향남읍,4000,52,0,52,15.73,2,"눈부신 채광, 넓은 평형, 정갈하게 관리된 투룸",https://www.zigbang.com/home/apt/items/49954225
2026-09-06 08:15:03,빌라투룸,50004759,전세,05,경기도 화성시 만세구 향남읍 하길리,화성시 만세구,향남읍,15000,0,0,90,27.22,4,무융자 안전한 전세 반전세 가능,https://www.zigbang.com/home/apt/items/50004759
2026-09-06 08:15:03,빌라투룸,50021399,월세,04,경기도 화성시 만세구 향남읍 하길리,화성시 만세구,향남읍,3000,52,0,50,15.12,2,초특가 투룸 반전세 이 정도면 원룸가격이에요,https://www.zigbang.com/home/apt/items/50021399
2026-09-06 08:15:03,빌라투룸,50044682,월세,04,경기도 화성시 만세구 향남읍 하길리,화성시 만세구,향남읍,4000,40,0,55,16.64,2,향남 먹자골목 풀옵션 투룸월세 즉시입주가능,https://www.zigbang.com/home/apt/items/50044682
2026-09-06 08:15:03,빌라투룸,50143323,월세,04,경기도 화성시 만세구 향남읍 행정리,화성시 만세구,향남읍,1000,61,0,40,12.1,1,ꩁ 명당 ꩁ  즉시입주가능한 깔끔한투룸,https://www.zigbang.com/home/apt/items/50143323
2026-09-06 08:15:03,빌라투룸,50208069,월세,05,경기도 화성시 만세구 향남읍 하길리,화성시 만세구,향남읍,6000,63,0,65,19.66,3,쓰리룸 반전세. 바로 입주 가능. 생활인프라 넘쳐요,https://www.zigbang.com/home/apt/items/50208069
2026-09-06 08:15:03,빌라투룸,50210412,월세,05,경기도 화성시 만세구 향남읍 하길리,화성시 만세구,향남읍,2000,101,0,90,27.22,3,"로또, 주인세대 쓰리룸 월세, 방 크고 거실 넓은 구조",https://www.zigbang.com/home/apt/items/50210412
2026-09-06 08:15:03,빌라투룸,50215334,월세,04,경기도 화성시 만세구 향남읍 행정리,화성시 만세구,향남읍,1000,67,0,55,16.64,3,단독테라스가능 투룸풀옵,https://www.zigbang.com/home/apt/items/50215334
2026-09-06 08:15:03,빌라투룸,50259786,월세,04,경기도 화성시 만세구 향남읍 행정리,화성시 만세구,향남읍,1000,60,0,40,12.1,3,"새단장 진행중, 넓은 안방, 무융자, 가성비 잡은 미니투룸",https://www.zigbang.com/home/apt/items/50259786
2026-09-06 08:15:03,빌라투룸,50259816,월세,05,경기도 화성시 만세구 향남읍 하길리,화성시 만세구,향남읍,8000,22,0,75,22.69,3,"반려동물 가능, 모델하우스급, 사각싱크대 쓰리룸",https://www.zigbang.com/home/apt/items/50259816
2026-09-06 08:15:03,빌라투룸,50262595,월세,04,경기도 화성시 만세구 향남읍 하길리,화성시 만세구,향남읍,1000,71,0,50,15.12,3,"로또, 하길리 상가주택단지 내 풀옵션 투룸 월세",https://www.zigbang.com/home/apt/items/50262595
2026-09-06 08:15:03,빌라투룸,50276034,월세,04,경기도 화성시 만세구 향남읍 행정리,화성시 만세구,향남읍,2000,70,0,49.59,15.0,2,향남에 몇개없는 엘베있는건물 편리하고 안전한 환경,https://www.zigbang.com/home/apt/items/50276034
2026-09-06 08:15:03,빌라투룸,50284365,월세,05,경기도 화성시 만세구 향남읍 하길리,화성시 만세구,향남읍,6000,42,0,70,21.17,3,리모델링 완료 3룸,https://www.zigbang.com/home/apt/items/50284365
2026-09-06 08:15:03,빌라투룸,50286144,월세,04,경기도 화성시 만세구 향남읍 행정리,화성시 만세구,향남읍,1000,58,0,40,12.1,3,해 잘드는 풀옵션 미니 투룸,https://www.zigbang.com/home/apt/items/50286144
2026-09-06 08:15:04,빌라투룸,49679210,매매,05,경기도 화성시 효행구 봉담읍 왕림리,화성시 효행구,봉담읍,22000,0,22000,61.1,18.48,3,최저실입진행 엘베o주차o 즉시입주가능 방3화2,https://www.zigbang.com/home/apt/items/49679210
2026-09-06 08:15:04,빌라투룸,50133950,매매,05,경기도 화성시 병점구 안녕동,화성시 병점구,안녕동,22500,0,22500,48.75,14.75,2,수원대 중문 근방 신축빌라 쓰리룸 매매,https://www.zigbang.com/home/apt/items/50133950
2026-09-06 08:15:04,빌라투룸,50138144,매매,04,경기도 화성시 병점구 안녕동,화성시 병점구,안녕동,5500,0,5500,45.04,13.62,4,수원대근방 우성빌라 매매,https://www.zigbang.com/home/apt/items/50138144
2026-09-06 08:15:04,빌라투룸,50192030,월세,04,경기도 화성시 병점구 안녕동,화성시 병점구,안녕동,1000,58,0,39.9,12.07,4,수원대학교 미래혁신관 투룸,https://www.zigbang.com/home/apt/items/50192030
2026-09-06 08:15:04,빌라투룸,50219120,월세,04,경기도 화성시 병점구 안녕동,화성시 병점구,안녕동,1000,58,0,39,11.8,2,옵션이 있는 투룸,https://www.zigbang.com/home/apt/items/50219120
2026-09-06 08:15:04,빌라투룸,50219122,월세,04,경기도 화성시 병점구 안녕동,화성시 병점구,안녕동,1000,55,0,39.67,12.0,3,"체대,공대 통학하기 좋은 투룸",https://www.zigbang.com/home/apt/items/50219122
2026-09-06 08:15:04,빌라투룸,50268893,월세,04,경기도 화성시 병점구 안녕동,화성시 병점구,안녕동,500,60,0,39.66,12.0,4,"주차공간이 좋으며,옵션이 있는 투룸",https://www.zigbang.com/home/apt/items/50268893
2026-09-06 08:15:04,빌라투룸,50275088,월세,05,경기도 화성시 효행구 봉담읍 동화리,화성시 효행구,봉담읍,3000,110,0,48.07,14.54,5,ㅇ테라스ㅇ신축급ㅇ복층ㅇ화2ㅇ,https://www.zigbang.com/home/apt/items/50275088
2026-09-06 08:15:04,빌라투룸,50281376,매매,05,경기도 화성시 효행구 봉담읍 동화리,화성시 효행구,봉담읍,22500,0,22500,59.78,18.08,2,최저가 엑기스매물 아파트 대단지 및 학군위치 방3화2 급매,https://www.zigbang.com/home/apt/items/50281376
2026-09-06 08:15:04,빌라투룸,50291814,월세,04,경기도 화성시 병점구 안녕동,화성시 병점구,안녕동,500,55,0,45.04,13.62,2,수원대근방 우성빌라 월세요,https://www.zigbang.com/home/apt/items/50291814
2026-09-06 08:15:04,빌라투룸,50300723,매매,04,경기도 화성시 병점구 안녕동,화성시 병점구,안녕동,4500,0,4500,45.04,13.62,2,수원대근방 우성빌라매매,https://www.zigbang.com/home/apt/items/50300723
2026-09-06 08:15:04,빌라투룸,50300728,매매,04,경기도 화성시 병점구 안녕동,화성시 병점구,안녕동,6000,0,6000,43.26,13.09,4,수원대중문 청구빌라 월세,https://www.zigbang.com/home/apt/items/50300728
2026-09-06 08:15:04,빌라투룸,49987408,매매,05,경기도 수원시 권선구 호매실동,수원시 권선구,호매실동,94000,0,94000,99,29.95,1,칠보산 입구 전원주택임,https://www.zigbang.com/home/apt/items/49987408
2026-09-06 08:15:04,빌라투룸,49994952,전세,05,경기도 수원시 권선구 호매실동,수원시 권선구,호매실동,20000,0,0,65,19.66,2,칠보산아래 조용한집,https://www.zigbang.com/home/apt/items/49994952
2026-09-06 08:15:04,빌라투룸,50110462,매매,05,경기도 화성시 효행구 매송면 원평리,화성시 효행구,매송면,28000,0,28000,76.41,23.11,3,l대출잘나오는l실매물l 대출 걱정 끝 허위 없는 진짜 매매,https://www.zigbang.com/home/apt/items/50110462
2026-09-06 08:15:05,빌라투룸,50151114,매매,05,경기도 용인시 기흥구 보라동,용인시 기흥구,보라동,23500,0,23500,59.47,17.99,3,보라동 방3화2 학세권 도보5분이내 인프라 다 몰려있어요,https://www.zigbang.com/home/apt/items/50151114
2026-09-06 08:15:05,빌라투룸,50162238,매매,05,경기도 용인시 기흥구 공세동,용인시 기흥구,공세동,21500,0,21500,69.64,21.07,5,o넓은테라스급매물o 최저실입주금 대출가능한 신축급3룸,https://www.zigbang.com/home/apt/items/50162238
2026-09-06 08:15:05,빌라투룸,50236917,매매,05,경기도 용인시 기흥구 공세동,용인시 기흥구,공세동,19500,0,19500,51.64,15.62,2,엘베있음 쓰리룸 최저입주금 문의o,https://www.zigbang.com/home/apt/items/50236917
2026-09-06 08:15:05,빌라투룸,50256033,월세,04,경기도 용인시 기흥구 보라동,용인시 기흥구,보라동,1000,75,0,45,13.61,2,보증금이 저렴한 투룸월세입니다.,https://www.zigbang.com/home/apt/items/50256033
2026-09-06 08:15:05,빌라투룸,50275573,전세,05,경기도 용인시 기흥구 지곡동,용인시 기흥구,지곡동,25000,0,0,146.55,44.33,3,대중교통이 편리한 전원주택 같은 타운하우스,https://www.zigbang.com/home/apt/items/50275573
2026-09-06 08:15:05,빌라투룸,50276119,월세,05,경기도 용인시 기흥구 지곡동,용인시 기흥구,지곡동,23000,10,0,146.55,44.33,3,대중교통이 편리하며 전원주택 같은 타운하우스,https://www.zigbang.com/home/apt/items/50276119
2026-09-06 08:15:05,빌라투룸,50289321,월세,05,경기도 용인시 기흥구 보라동,용인시 기흥구,보라동,2000,100,0,72.73,22.0,3,애완동물불가 저렴한 주인세대 월세입니다.,https://www.zigbang.com/home/apt/items/50289321
2026-09-06 08:15:05,빌라투룸,50298072,전세,04,경기도 용인시 기흥구 공세동,용인시 기흥구,공세동,11000,0,0,31.66,9.58,3,hug가입완료 입주협의 투룸,https://www.zigbang.com/home/apt/items/50298072
2026-09-06 08:15:05,빌라투룸,50297335,전세,04,경기도 화성시 동탄구 방교동,화성시 동탄구,방교동,18000,0,0,54,16.33,2,"투룸전세.보증o,LH가능.버팀목O,11월말입주협의,반려X",https://www.zigbang.com/home/apt/items/50297335
2026-09-06 08:15:05,빌라투룸,49941272,매매,05,경기도 용인시 기흥구 상하동,용인시 기흥구,상하동,22000,0,22000,55.14,16.68,3,엘o 기흥구 2억초반 18년식 귀한 준신축 최저실입가능,https://www.zigbang.com/home/apt/items/49941272
2026-09-06 08:15:05,빌라투룸,50082199,매매,05,경기도 용인시 기흥구 상하동,용인시 기흥구,상하동,19500,0,19500,49.53,14.98,2,최저입주금가능ㅣ외국인대출가능ㅣ디딤돌 ㅣ 컨디션최상,https://www.zigbang.com/home/apt/items/50082199
2026-09-06 08:15:05,빌라투룸,50261966,매매,05,경기도 용인시 처인구 남동,용인시 처인구,남동,44000,0,44000,84.13,25.45,2,은화삼CC인근  대단지고급빌라 다양한커뮤니티시설 개별텃밭,https://www.zigbang.com/home/apt/items/50261966
2026-09-06 08:15:05,빌라투룸,49551712,매매,05,경기도 용인시 처인구 김량장동,용인시 처인구,김량장동,21000,0,21000,58.8,17.79,2,실입주금2000 역세권위치 방3화2.,https://www.zigbang.com/home/apt/items/49551712
2026-09-06 08:15:05,빌라투룸,50032246,매매,06,경기도 용인시 처인구 김량장동,용인시 처인구,김량장동,30500,0,30500,66.84,20.22,6,방4화2 테라스 컨디션 최고 추천매물,https://www.zigbang.com/home/apt/items/50032246
2026-09-06 08:15:05,빌라투룸,50110439,매매,05,경기도 용인시 처인구 김량장동,용인시 처인구,김량장동,27500,0,27500,64.78,19.6,4,l대출잘나오는l실매물l 이 가격에 이 집 진짜 마지막 기회,https://www.zigbang.com/home/apt/items/50110439
2026-09-06 08:15:05,빌라투룸,50132863,매매,05,경기도 용인시 처인구 마평동,용인시 처인구,마평동,13500,0,13500,70.9,21.45,4,남향이며 구조가 너무 좋아요,https://www.zigbang.com/home/apt/items/50132863
2026-09-06 08:15:05,빌라투룸,50151097,매매,05,경기도 용인시 처인구 김량장동,용인시 처인구,김량장동,24000,0,24000,57.7,17.45,2,초중고인근 터미널인근 다보스병원인근 방3화2 준신축급,https://www.zigbang.com/home/apt/items/50151097
2026-09-06 08:15:05,빌라투룸,50236733,매매,05,경기도 용인시 처인구 유방동,용인시 처인구,유방동,21500,0,21500,50.01,15.13,2,최저실입진행 신축컨디션 주차장넓습니다,https://www.zigbang.com/home/apt/items/50236733
2026-09-06 08:15:05,빌라투룸,50265893,월세,04,경기도 용인시 처인구 역북동,용인시 처인구,역북동,500,50,0,36.5,11.04,반지하,"9월 4일이후 입주가능, 숙소사용가능,",https://www.zigbang.com/home/apt/items/50265893
2026-09-06 08:15:05,빌라투룸,50266684,월세,04,경기도 용인시 처인구 마평동,용인시 처인구,마평동,500,50,0,39.67,12.0,반지하,수리된집입니다,https://www.zigbang.com/home/apt/items/50266684
2026-09-06 08:15:05,빌라투룸,50280062,월세,05,경기도 용인시 처인구 마평동,용인시 처인구,마평동,2000,80,0,72.45,21.92,2,2층이라 편해요,https://www.zigbang.com/home/apt/items/50280062
2026-09-06 08:15:05,빌라투룸,50280085,매매,05,경기도 용인시 처인구 김량장동,용인시 처인구,김량장동,25000,0,25000,80.73,24.42,8,엘o 80제곱 아파트등기 올리모델링 도보역세권 최저실입가능,https://www.zigbang.com/home/apt/items/50280085
2026-09-06 08:15:05,빌라투룸,49891560,월세,04,세종시 조치원읍 침산리,,조치원읍,300,51,0,33,9.98,3,방2 거실 내부상태최상 26.8.10이후 입주,https://www.zigbang.com/home/apt/items/49891560
2026-09-06 08:15:05,빌라투룸,50113037,월세,04,세종시 연서면 봉암리,,연서면,200,35,0,50.28,15.21,1,ㅁ엄지척 초저가 투룸주택,https://www.zigbang.com/home/apt/items/50113037
2026-09-06 08:15:05,빌라투룸,50212033,월세,04,세종시 조치원읍 침산리,,조치원읍,300,43,0,46,13.91,4,복층투룸  위치최고가격대비 최고 선착순임대,https://www.zigbang.com/home/apt/items/50212033
2026-09-06 08:15:05,빌라투룸,50225686,월세,04,세종시 조치원읍 서창리,,조치원읍,500,55,0,49.59,15.0,3,서창리 투룸 연세가능,https://www.zigbang.com/home/apt/items/50225686
2026-09-06 08:15:05,빌라투룸,50275461,월세,04,세종시 조치원읍 침산리,,조치원읍,500,56,0,47,14.22,2,각 방 에어컨 구비 투룸.화장실 2개,https://www.zigbang.com/home/apt/items/50275461
2026-09-06 08:15:05,빌라투룸,50275999,월세,05,세종시 조치원읍 침산리,,조치원읍,1000,65,0,49.59,15.0,3,쓰리룸 전세 침산리,https://www.zigbang.com/home/apt/items/50275999
2026-09-06 08:15:05,빌라투룸,50277311,월세,05,세종시 조치원읍 침산리,,조치원읍,1000,71,0,80,24.2,4,위치촣은 남향쓰리룸,https://www.zigbang.com/home/apt/items/50277311
2026-09-06 08:15:06,빌라투룸,50176824,월세,05,충청북도 청주시 서원구 죽림동,청주시 서원구,죽림동,1000,70,0,59.03,17.86,1,죽림동 쓰리룸 반려가능,https://www.zigbang.com/home/apt/items/50176824
2026-09-06 08:15:06,빌라투룸,49264540,매매,05,세종시 조치원읍 신안리,,조치원읍,17500,0,17500,79,23.9,1,30평 1층 신축빌라 급매,https://www.zigbang.com/home/apt/items/49264540
2026-09-06 08:15:06,빌라투룸,50148755,월세,04,세종시 조치원읍 서창리,,조치원읍,100,310,0,52.89,16.0,2,연세 투룸 고려대,https://www.zigbang.com/home/apt/items/50148755
2026-09-06 08:15:06,빌라투룸,50275472,월세,05,세종시 조치원읍 서창리,,조치원읍,1000,65,0,50.32,15.22,3,서창리 쓰리룸 월세,https://www.zigbang.com/home/apt/items/50275472
2026-09-06 08:15:06,빌라투룸,50000976,월세,04,충청북도 청주시 흥덕구 오송읍 봉산리,청주시 흥덕구,오송읍,1000,57,0,36.36,11.0,2,OSoNg.깨끗한 구축 원룸.역세권.,https://www.zigbang.com/home/apt/items/50000976
2026-09-06 08:15:06,빌라투룸,50013978,월세,04,충청북도 청주시 흥덕구 오송읍 봉산리,청주시 흥덕구,오송읍,2000,77,0,33.02,9.99,2,OSoNg. 채광좋은 투룸.,https://www.zigbang.com/home/apt/items/50013978
2026-09-06 08:15:06,빌라투룸,50029214,월세,04,충청북도 청주시 흥덕구 오송읍 만수리,청주시 흥덕구,오송읍,500,61,0,60,18.15,2,"즉시입주 가능한 넓은 투룸, 직원 숙소 가능, 오송역 도보",https://www.zigbang.com/home/apt/items/50029214
2026-09-06 08:15:06,빌라투룸,50029223,월세,04,충청북도 청주시 흥덕구 오송읍 만수리,청주시 흥덕구,오송읍,500,61,0,60,18.15,1,"넓고 밝은 투룸, 에어컨 2대,스탠드형 에어컨 및 벽걸이형",https://www.zigbang.com/home/apt/items/50029223
2026-09-06 08:15:06,빌라투룸,50048702,월세,04,충청북도 청주시 흥덕구 오송읍 봉산리,청주시 흥덕구,오송읍,1000,66,0,47.93,14.5,3,OSoNg.신축.화이트톤 투룸.예쁜투룸.,https://www.zigbang.com/home/apt/items/50048702
2026-09-06 08:15:06,빌라투룸,50050613,월세,04,충청북도 청주시 흥덕구 오송읍 만수리,청주시 흥덕구,오송읍,300,41,0,38,11.49,옥탑방,OSoNg.옥탑 투룸. 층간소움x,https://www.zigbang.com/home/apt/items/50050613
2026-09-06 08:15:06,빌라투룸,50103253,전세,05,충청북도 청주시 흥덕구 오송읍 봉산리,청주시 흥덕구,오송읍,23000,0,0,117.18,35.45,4,아주 넓은 주인세대 전세입니다.,https://www.zigbang.com/home/apt/items/50103253
2026-09-06 08:15:06,빌라투룸,50167072,월세,04,충청북도 청주시 흥덕구 오송읍 만수리,청주시 흥덕구,오송읍,500,61,0,39,11.8,1,OSoNg.준신축 쾌적한 투룸.,https://www.zigbang.com/home/apt/items/50167072
2026-09-06 08:15:06,빌라투룸,50192485,월세,04,충청북도 청주시 흥덕구 오송읍 연제리,청주시 흥덕구,오송읍,500,61,0,60,18.15,2,"즉시입주, 직원 숙소 추천, 각방 에어컨, 화장식2개",https://www.zigbang.com/home/apt/items/50192485
2026-09-06 08:15:06,빌라투룸,50192745,월세,05,충청북도 청주시 흥덕구 오송읍 만수리,청주시 흥덕구,오송읍,1500,100,0,105,31.76,3,조용하고 넓은 주인세대,https://www.zigbang.com/home/apt/items/50192745
2026-09-06 08:15:06,빌라투룸,50199116,월세,04,충청북도 청주시 흥덕구 오송읍 봉산리,청주시 흥덕구,오송읍,2000,76,0,33.02,9.99,2,ㄸr봉 스타일러 휴젠트 시스템에어컨 중문 풀옵션 투룸,https://www.zigbang.com/home/apt/items/50199116
2026-09-06 08:15:06,빌라투룸,50199158,월세,04,충청북도 청주시 흥덕구 오송읍 봉산리,청주시 흥덕구,오송읍,1000,76,0,45.11,13.65,3,ㄸr봉 뻥뷰 세련된 인테리어 넓게 잘빠진 풀옵션 투룸,https://www.zigbang.com/home/apt/items/50199158
2026-09-06 08:15:06,빌라투룸,50229656,월세,04,충청북도 청주시 흥덕구 오송읍 만수리,청주시 흥덕구,오송읍,300,61,0,60,18.15,1,"오송역 도보 3분내, 깔끔한 투룸, 관리자 숙소환영",https://www.zigbang.com/home/apt/items/50229656
2026-09-06 08:15:06,빌라투룸,50257171,월세,05,충청북도 청주시 흥덕구 오송읍 봉산리,청주시 흥덕구,오송읍,3000,121,0,122.11,36.94,4,ㄸr봉  공원뷰 거를 타선이 없는 완벽한 인테리어 주인세대,https://www.zigbang.com/home/apt/items/50257171
2026-09-06 08:15:06,빌라투룸,50299592,전세,04,충청북도 청주시 흥덕구 신성동,청주시 흥덕구,신성동,8500,0,0,54.75,16.56,2,하이닉스 인근 고즈넉하고 예쁜 단독주택 투룸,https://www.zigbang.com/home/apt/items/50299592
2026-09-06 08:15:07,빌라투룸,49981785,월세,05,충청북도 청주시 청원구 오창읍 주성리,청주시 청원구,오창읍,2000,80,0,77,23.29,3,"엘베.화장실2개,에어콘2대.쓰리룸",https://www.zigbang.com/home/apt/items/49981785
2026-09-06 08:15:07,빌라투룸,50003899,월세,04,충청북도 청주시 청원구 오창읍 주성리,청주시 청원구,오창읍,500,60,0,55,16.64,3,오창 2산단 투룸 남향 엘리베이터 풀옵션,https://www.zigbang.com/home/apt/items/50003899
2026-09-06 08:15:07,빌라투룸,50219904,월세,04,충청북도 청주시 청원구 오창읍 주성리,청주시 청원구,오창읍,1000,60,0,55,16.64,3,Lg엔솔 도보 3분 거리. 대형 고품격 투룸,https://www.zigbang.com/home/apt/items/50219904
2026-09-06 08:15:07,빌라투룸,50232104,월세,05,충청북도 청주시 청원구 오창읍 주성리,청주시 청원구,오창읍,2000,76,0,59.5,18.0,3,lll 주성리 lll 신축쓰리룸 엘베있는집 lll,https://www.zigbang.com/home/apt/items/50232104
2026-09-06 08:15:07,빌라투룸,50272562,월세,04,충청북도 청주시 청원구 오창읍 주성리,청주시 청원구,오창읍,1000,60,0,60,18.15,2,오창 2산단신축급 투룸풀옵션 엘리베이터,https://www.zigbang.com/home/apt/items/50272562
2026-09-06 08:15:07,빌라투룸,50272724,월세,04,충청북도 청주시 청원구 오창읍 주성리,청주시 청원구,오창읍,1000,50,0,59,17.85,2,오창 2산단 주성리 넓은 투룸,https://www.zigbang.com/home/apt/items/50272724
2026-09-06 08:15:07,빌라투룸,50273282,월세,05,충청북도 청주시 청원구 오창읍 주성리,청주시 청원구,오창읍,1000,85,0,78,23.59,3,오창2산단 신축급쓰리룸 남향 엘리베이터,https://www.zigbang.com/home/apt/items/50273282
2026-09-06 08:15:07,빌라투룸,50276144,월세,04,충청북도 청주시 청원구 오창읍 주성리,청주시 청원구,오창읍,500,66,0,55,16.64,3,오창 2산단 3층 투룸 월세,https://www.zigbang.com/home/apt/items/50276144
2026-09-06 08:15:07,빌라투룸,50278318,월세,04,충청북도 청주시 청원구 오창읍 주성리,청주시 청원구,오창읍,500,62,0,52,15.73,2,엘베.엘지엔솔도보5분.올뉴가전.동남향,https://www.zigbang.com/home/apt/items/50278318
2026-09-06 08:15:07,빌라투룸,50278391,월세,04,충청북도 청주시 청원구 오창읍 주성리,청주시 청원구,오창읍,1000,60,0,59.5,18.0,2,신축.엘리베이터.Lg엔솔 도보 3분 거리 .고품격.풀옵션,https://www.zigbang.com/home/apt/items/50278391
2026-09-06 08:15:07,빌라투룸,50301045,월세,04,충청북도 청주시 청원구 오창읍 주성리,청주시 청원구,오창읍,500,60,0,52.5,15.88,3,신축v Lg엔솔도보5분v엘리베이터v대형 v풀옵션v빌트인,https://www.zigbang.com/home/apt/items/50301045
2026-09-06 08:15:07,빌라투룸,50156612,월세,04,충청남도 천안시 동남구 병천면 가전리,천안시 동남구,병천면,300,54,0,60,18.15,2,보증금 저렴한 깔끔한 투룸 즉시입주 가능해요,https://www.zigbang.com/home/apt/items/50156612
2026-09-06 08:15:08,빌라투룸,50246582,월세,04,충청북도 증평군 증평읍 초중리,증평군,증평읍,1000,52,0,64.46,19.5,3,대형투룸 월세.반월세 가능ㅣ시내인근 편의시설 좋아요,https://www.zigbang.com/home/apt/items/50246582
2026-09-06 08:15:08,빌라투룸,50239410,월세,04,충청북도 증평군 증평읍 초중리,증평군,증평읍,400,42,0,60,18.15,4,풀옵션 투룸ㅣ착한임대료로 가성비 좋은 월세ㅣ절충가능,https://www.zigbang.com/home/apt/items/50239410
2026-09-06 08:15:08,빌라투룸,50240236,월세,04,충청북도 증평군 증평읍 초중리,증평군,증평읍,500,48,0,59.5,18.0,2,투룸월세ㅣ큰 거실창이 매력적인 우드베이지톤 풀옵션 매물,https://www.zigbang.com/home/apt/items/50240236
2026-09-06 08:15:08,빌라투룸,50240322,월세,04,충청북도 증평군 증평읍 초중리,증평군,증평읍,500,57,0,65.5,19.81,3,정남향 성당뷰 채광좋은 투룸ㅣ풀옵션,https://www.zigbang.com/home/apt/items/50240322
2026-09-06 08:15:08,빌라투룸,50240733,월세,04,충청북도 증평군 증평읍 초중리,증평군,증평읍,1000,38,0,58,17.54,3,남서향 햇살 좋은 투룸ㅣ도배 및 재정비 후 첫 입주,https://www.zigbang.com/home/apt/items/50240733
2026-09-06 08:15:08,빌라투룸,50241372,월세,04,충청북도 증평군 증평읍 초중리,증평군,증평읍,300,39,0,52,15.73,4,갓성비 투룸월세ㅣ원룸 가격에 투룸 업어가세요,https://www.zigbang.com/home/apt/items/50241372
2026-09-06 08:15:08,빌라투룸,50242696,월세,05,충청북도 증평군 증평읍 초중리,증평군,증평읍,1000,80,0,90,27.22,4,아파트 30평보다 큰 쓰리룸ㅣ전·월세·반전세 모두 가능,https://www.zigbang.com/home/apt/items/50242696
2026-09-06 08:15:08,빌라투룸,50239229,월세,04,충청북도 증평군 증평읍 송산리,증평군,증평읍,500,52,0,61,18.45,2,쾌적한 송산리 인기지역ㅣ큼직한 거실의 실속 투룸 월세,https://www.zigbang.com/home/apt/items/50239229
2026-09-06 08:15:08,빌라투룸,50240161,월세,04,충청북도 증평군 증평읍 송산리,증평군,증평읍,500,52,0,61.5,18.6,3,공원뷰 풀옵션 투룸월세ㅣ조용하고 쾌적한 위치,https://www.zigbang.com/home/apt/items/50240161
2026-09-06 08:15:08,빌라투룸,50250218,월세,04,충청북도 증평군 증평읍 송산리,증평군,증평읍,1000,55,0,65.97,19.96,4,바로 입주 가능한 깔끔한 투룸입니다.,https://www.zigbang.com/home/apt/items/50250218
2026-09-06 08:15:08,빌라투룸,50250723,월세,05,충청북도 증평군 증평읍 송산리,증평군,증평읍,1000,90,0,99,29.95,4,ꕥ송산리주인세대ꕥ엘베있음ꕥ,https://www.zigbang.com/home/apt/items/50250723
2026-09-06 08:15:09,빌라투룸,50209689,전세,04,충청북도 진천군 진천읍 성석리,진천군,진천읍,6000,0,0,49.59,15.0,4,"큰 투룸, 거살 큼 티비2  에어컨2개 , 엘베유",https://www.zigbang.com/home/apt/items/50209689
2026-09-06 08:15:09,빌라투룸,50209697,전세,04,충청북도 진천군 진천읍 성석리,진천군,진천읍,7000,0,0,46.5,14.07,3,"큰 투룸,풀옵션에 전용18평 거실 엄청큼",https://www.zigbang.com/home/apt/items/50209697
2026-09-06 08:15:09,빌라투룸,49935452,월세,04,충청북도 진천군 덕산읍 산수리,진천군,덕산읍,500,55,0,56.2,17.0,3,해잘들고 넓은 공간 굿뜨,https://www.zigbang.com/home/apt/items/49935452
2026-09-06 08:15:09,빌라투룸,50056992,월세,04,충청북도 진천군 덕산읍 산수리,진천군,덕산읍,300,48,0,46.28,14.0,2,"투룸 풀 옵션 화2에2 티비2.방 커요 거실 넓음,",https://www.zigbang.com/home/apt/items/50056992
2026-09-06 08:15:09,빌라투룸,50085364,월세,05,충청북도 진천군 덕산읍 산수리,진천군,덕산읍,500,66,0,62.81,19.0,2,산수산업단지 내 신축급 쓰리룸 풀옵션 엘베있음,https://www.zigbang.com/home/apt/items/50085364
2026-09-06 08:15:09,빌라투룸,50209681,월세,04,충청북도 진천군 이월면 중산리,진천군,이월면,300,60,0,39.67,12.0,2,넓은 투룸으로 보증금 300부터 가능 풀 옵션,https://www.zigbang.com/home/apt/items/50209681
2026-09-06 08:15:09,빌라투룸,50236341,월세,04,충청북도 진천군 덕산읍 산수리,진천군,덕산읍,300,47,0,46.28,14.0,3,산수산업단지 내 욕실2개 투룸,https://www.zigbang.com/home/apt/items/50236341
2026-09-06 08:15:09,빌라투룸,50282754,월세,06,충청북도 진천군 덕산읍 산수리,진천군,덕산읍,500,61,0,49.59,15.0,4,방 4개로 에어컨4개 화2개 숙소로 좋아요,https://www.zigbang.com/home/apt/items/50282754
2026-09-06 08:15:09,빌라투룸,50176889,월세,04,충청북도 음성군 맹동면 두성리,음성군,맹동면,500,70,0,72.11,21.81,9,한국소비자원 뒤 위치 투룸형,https://www.zigbang.com/home/apt/items/50176889
2026-09-06 08:15:09,빌라투룸,50176902,월세,04,충청북도 음성군 맹동면 두성리,음성군,맹동면,5000,23,0,89.26,27.0,2,넓은 투룸 룸  상가건물 2층 방2개 욕실1,https://www.zigbang.com/home/apt/items/50176902
2026-09-06 08:15:09,빌라투룸,50264242,월세,04,충청북도 음성군 맹동면 두성리,음성군,맹동면,500,60,0,40.85,12.36,5,첫입주하는 조망좋은 새집,https://www.zigbang.com/home/apt/items/50264242
2026-09-06 08:15:09,빌라투룸,50271613,월세,04,충청북도 음성군 맹동면 두성리,음성군,맹동면,500,60,0,32.45,9.82,10,막힘없이 탁트인 조망권,https://www.zigbang.com/home/apt/items/50271613
2026-09-06 08:15:09,빌라투룸,50271881,월세,04,충청북도 음성군 맹동면 두성리,음성군,맹동면,500,60,0,32.45,9.82,7,로얄층 층고가 높아서 활용도 조아요,https://www.zigbang.com/home/apt/items/50271881
2026-09-06 08:15:09,빌라투룸,50278412,월세,04,충청북도 음성군 맹동면 두성리,음성군,맹동면,400,65,0,39.59,11.98,8,"신축 첫입주 베란다,멋진뷰 창문2개,에어컨2대",https://www.zigbang.com/home/apt/items/50278412
2026-09-06 08:15:09,빌라투룸,50278494,월세,04,충청북도 음성군 맹동면 두성리,음성군,맹동면,400,55,0,32.45,9.82,6,비스타1164 작은투룸 보400 월55 산뷰·분리형 침실,https://www.zigbang.com/home/apt/items/50278494
2026-09-06 08:15:09,빌라투룸,50298103,매매,05,충청북도 음성군 맹동면 동성리,음성군,맹동면,50000,0,50000,118.8,35.94,2,시스템에어컨1대  벽난로  야외테라스 마당은  공원,https://www.zigbang.com/home/apt/items/50298103
2026-09-06 08:15:12,빌라투룸,49765957,월세,04,충청북도 진천군 광혜원면 죽현리,진천군,광혜원면,1000,56,0,43,13.01,3,"정투룸 거실1,방2 엘베 신축급",https://www.zigbang.com/home/apt/items/49765957
2026-09-06 08:15:12,빌라투룸,50284460,월세,04,경기도 안성시 봉산동,안성시,봉산동,2000,55,0,46.03,13.92,5,"10.10이후입주가능,봉산로타리인근빌라 방2개화1,인터넷가",https://www.zigbang.com/home/apt/items/50284460
2026-09-06 08:15:13,빌라투룸,50209730,월세,04,충청북도 음성군 금왕읍 본대리,음성군,금왕읍,500,60,0,30.23,9.14,3,신축 투룸 화2개,https://www.zigbang.com/home/apt/items/50209730
2026-09-06 08:15:13,빌라투룸,50269897,월세,04,충청북도 음성군 대소읍 오류리,음성군,대소읍,500,50,0,45,13.61,1,풀옵션 투룸.깔끔한내부.대소ic5분거리.,https://www.zigbang.com/home/apt/items/50269897
2026-09-06 08:15:13,빌라투룸,50269900,월세,05,충청북도 음성군 대소읍 오류리,음성군,대소읍,1000,70,0,60.41,18.27,2,넓은쓰리룸.풀옵션.도시가스난방.엘리베이터.넓은주차장,https://www.zigbang.com/home/apt/items/50269900
2026-09-06 08:15:13,빌라투룸,50282645,월세,04,충청북도 음성군 금왕읍 본대리,음성군,금왕읍,300,57,0,34,10.28,4,에어컨 두개 방 큰 투룸,https://www.zigbang.com/home/apt/items/50282645
2026-09-06 08:15:13,빌라투룸,49214754,월세,04,충청북도 진천군 덕산읍 신척리,진천군,덕산읍,500,49,0,39.43,11.93,11,"남향 금액좋다 도시가스 거실1,방1, 화장실2",https://www.zigbang.com/home/apt/items/49214754
2026-09-06 08:15:13,빌라투룸,50279427,월세,04,충청북도 진천군 덕산읍 신척리,진천군,덕산읍,500,49,0,39.43,11.93,5,남동향의 햇살좋은 투베이형식 아파트,https://www.zigbang.com/home/apt/items/50279427
2026-09-06 08:15:13,빌라투룸,50279458,월세,04,충청북도 진천군 덕산읍 신척리,진천군,덕산읍,500,49,0,39.43,11.93,6,"남향의 햇살좋은 투베이형식 아파트, 첫입주에요",https://www.zigbang.com/home/apt/items/50279458
2026-09-06 08:15:13,빌라투룸,50116054,월세,04,충청북도 음성군 삼성면 덕정리,음성군,삼성면,500,61,0,50,15.12,4,"기존 투룸보다 넓고 깨끗하며, 채광과 환기가 좋은 편임.",https://www.zigbang.com/home/apt/items/50116054
2026-09-06 08:15:13,빌라투룸,50018497,월세,05,충청북도 음성군 금왕읍 각회리,음성군,금왕읍,1500,60,0,106.23,32.13,1,단독주택 올수리후 첫입주 시스템에어컨 첫사용,https://www.zigbang.com/home/apt/items/50018497
2026-09-06 08:15:14,빌라투룸,50271477,월세,05,경기도 용인시 처인구 원삼면 고당리,용인시 처인구,원삼면,1000,200,0,58.86,17.81,2,ㅇ즉시입주ㅇSK현장 차5분ㅇ풀옵션 쓰리룸ㅇ,https://www.zigbang.com/home/apt/items/50271477
2026-09-06 08:15:14,빌라투룸,50286871,월세,05,경기도 용인시 처인구 원삼면 사암리,용인시 처인구,원삼면,2000,260,0,107.59,32.55,1,ㅇ즉시입주ㅇ33평ㅇSK현장 차량10ㅇ거실 넓은 쓰리룸ㅇ주차,https://www.zigbang.com/home/apt/items/50286871
2026-09-06 08:15:14,빌라투룸,50044628,월세,05,경기도 용인시 처인구 백암면 근창리,용인시 처인구,백암면,1000,250,0,138.46,41.88,1,ㅇ빠른입주ㅇ방3화3ㅇ42평ㅇ주차ㅇSK현장 차량5분ㅇ,https://www.zigbang.com/home/apt/items/50044628
2026-09-06 08:15:14,빌라투룸,50110592,매매,05,경기도 용인시 처인구 백암면 백암리,용인시 처인구,백암면,22000,0,22000,50.07,15.15,2,l대출잘나오는l실매물l 매달 내는 월세 아깝다면 매매,https://www.zigbang.com/home/apt/items/50110592
2026-09-06 08:15:14,빌라투룸,50210095,월세,06,경기도 용인시 처인구 백암면 근창리,용인시 처인구,백암면,2000,270,0,100,30.25,2,ㅇ즉시입주ㅇSK현장 차량10분ㅇ신축ㅇ방4화3ㅇ풀옵션ㅇ주차ㅇ,https://www.zigbang.com/home/apt/items/50210095
2026-09-06 08:15:14,빌라투룸,50246192,매매,05,경기도 용인시 처인구 백암면 백암리,용인시 처인구,백암면,24000,0,24000,63.17,19.11,4,원삼sk하이닉스 셔틀버스 도보3 백암시내 신축 자성리치빌,https://www.zigbang.com/home/apt/items/50246192
2026-09-06 08:15:14,빌라투룸,50246211,매매,05,경기도 용인시 처인구 백암면 백암리,용인시 처인구,백암면,22000,0,22000,50.07,15.15,2,원삼sk셔틀버스 도보3분거리 신축 빌라 매매,https://www.zigbang.com/home/apt/items/50246211
2026-09-06 08:15:14,빌라투룸,50109991,매매,04,경기도 용인시 처인구 양지읍 양지리,용인시 처인구,양지읍,12000,0,12000,52.45,15.87,1,l대출잘나오는l실매물l 월세 낼 돈으로 내 집 마련 성공,https://www.zigbang.com/home/apt/items/50109991
2026-09-06 08:15:14,빌라투룸,50110532,매매,05,경기도 용인시 처인구 양지읍 남곡리,용인시 처인구,양지읍,19400,0,19400,57.08,17.27,1,l대출잘나오는l실매물l 승인율 최고 자금 걱정 끝냅니다,https://www.zigbang.com/home/apt/items/50110532
2026-09-06 08:15:14,빌라투룸,50200604,매매,05,경기도 용인시 처인구 양지읍 남곡리,용인시 처인구,양지읍,19300,0,19300,57.08,17.27,1,엑기스매물 반도체클러스트 입지로 인한 호재 방3화2 급매,https://www.zigbang.com/home/apt/items/50200604
2026-09-06 08:15:14,빌라투룸,50247197,매매,06,경기도 용인시 처인구 양지읍 양지리,용인시 처인구,양지읍,110000,0,110000,229.5,69.42,2,실매물싨가진 고급 전원주택 엘베있음 도로변,https://www.zigbang.com/home/apt/items/50247197
2026-09-06 08:15:14,빌라투룸,50283744,매매,05,경기도 용인시 처인구 양지읍 남곡리,용인시 처인구,양지읍,19500,0,19500,57.08,17.27,1,남곡리 방3 화2 가성비 최고매물 인기 제일 많은 집,https://www.zigbang.com/home/apt/items/50283744
2026-09-06 08:15:14,빌라투룸,50286278,월세,06,경기도 용인시 처인구 원삼면 맹리,용인시 처인구,원삼면,2000,300,0,165.29,50.0,2,ㅇ즉시입주ㅇSK현장 차5분ㅇ50평형 포룸ㅇ풀옵션ㅇ주차ㅇ,https://www.zigbang.com/home/apt/items/50286278
2026-09-06 08:15:14,빌라투룸,50158487,월세,05,경기도 이천시 마장면 오천리,이천시,마장면,1000,115,0,85,25.71,4,신축급  방3화2   풀옵션   즉시입주,https://www.zigbang.com/home/apt/items/50158487
2026-09-06 08:15:14,빌라투룸,50294482,월세,04,경기도 이천시 마장면 덕평리,이천시,마장면,1000,72,0,50,15.12,4,덕펑IC인근 평수좋은 신축급  투룸,https://www.zigbang.com/home/apt/items/50294482
2026-09-06 08:15:14,빌라투룸,50084727,월세,04,경기도 이천시 호법면 후안리,이천시,호법면,1000,70,0,42.98,13.0,3,화이트톤으로 예쁜 투룸 풀옵션,https://www.zigbang.com/home/apt/items/50084727
2026-09-06 08:15:14,빌라투룸,50191644,월세,04,경기도 이천시 호법면 후안리,이천시,호법면,1000,70,0,36.98,11.19,4,호법면 후안리 풀옵션 신축급  투룸 월세,https://www.zigbang.com/home/apt/items/50191644
2026-09-06 08:15:14,빌라투룸,50197157,월세,04,경기도 이천시 호법면 후안리,이천시,호법면,1000,80,0,42.98,13.0,3,"화이트톤 투룸, 신축급 바로입주, 호법초인근",https://www.zigbang.com/home/apt/items/50197157
2026-09-06 08:15:14,빌라투룸,50220648,월세,04,경기도 이천시 호법면 후안리,이천시,호법면,1000,75,0,36.98,11.19,3,호법면 후안리 풀옵션 신축급  투룸 월세,https://www.zigbang.com/home/apt/items/50220648
2026-09-06 08:15:14,빌라투룸,50223784,월세,04,경기도 이천시 호법면 후안리,이천시,호법면,1000,70,0,55,16.64,3,"준신축 내부풀옵션, 컨디션 굿, 2룸 주차100프로",https://www.zigbang.com/home/apt/items/50223784
2026-09-06 08:15:14,빌라투룸,50248476,월세,04,경기도 이천시 호법면 후안리,이천시,호법면,1000,70,0,40,12.1,3,호법면 후안리 투룸월세,https://www.zigbang.com/home/apt/items/50248476
2026-09-06 08:15:14,빌라투룸,50267890,월세,04,경기도 이천시 호법면 후안리,이천시,호법면,1000,65,0,49.59,15.0,3,호법초 인근 정말 넓은 정투룸 월세. 9월말 입주,https://www.zigbang.com/home/apt/items/50267890
2026-09-06 08:15:14,빌라투룸,50295381,월세,04,경기도 이천시 호법면 후안리,이천시,호법면,1000,70,0,40,12.1,3,풀옵션 신축급 투룸,https://www.zigbang.com/home/apt/items/50295381
2026-09-06 08:15:15,빌라투룸,50275898,전세,05,경기도 이천시 모가면 진가리,이천시,모가면,10500,0,0,70.92,21.45,1,"LH 가능, 주차 가능하며, 입주는 빠른  협의 가능합니다",https://www.zigbang.com/home/apt/items/50275898
2026-09-06 08:15:15,빌라투룸,50084889,전세,04,경기도 여주시 가남읍 태평리,여주시,가남읍,7500,0,0,42.26,12.78,1,가남읍 체육공원 입구에 위치한 다세대 전세자금대출 가능함,https://www.zigbang.com/home/apt/items/50084889
2026-09-06 08:15:15,빌라투룸,50120133,월세,04,경기도 여주시 가남읍 태평리,여주시,가남읍,1000,60,0,25,7.56,4,도로변 투룸 복층 옵션O 화장실2 3000에40도 가능,https://www.zigbang.com/home/apt/items/50120133
2026-09-06 08:15:15,빌라투룸,50155989,월세,05,경기도 여주시 가남읍 태평리,여주시,가남읍,1000,70,0,58,17.54,4,"터미널바로뒤 밝고 구조좋은 쓰리룸 월세 ,방3개,화장실 2",https://www.zigbang.com/home/apt/items/50155989
2026-09-06 08:15:15,빌라투룸,50277430,월세,04,경기도 여주시 가남읍 태평리,여주시,가남읍,500,40,0,40,12.1,3,태평리 터미널바로뒤 리모델링 완비한 투룸월세,https://www.zigbang.com/home/apt/items/50277430
2026-09-06 08:15:15,빌라투룸,50282056,매매,06,경기도 여주시 가남읍 태평리,여주시,가남읍,25000,0,25000,73.98,22.38,2,태평리 포룸 신축빌라,https://www.zigbang.com/home/apt/items/50282056
2026-09-06 08:15:15,빌라투룸,50282065,월세,05,경기도 여주시 가남읍 태평리,여주시,가남읍,2000,130,0,47.64,14.41,5,태평리 방4개 복층빌라 월세,https://www.zigbang.com/home/apt/items/50282065
2026-09-06 08:15:15,빌라투룸,50019682,월세,04,경기도 이천시 대월면 대흥리,이천시,대월면,1000,35,0,32.4,9.8,4,"하이닉스 도보, 내부상태 좋은 풀옵션, 관리비포함 67만원",https://www.zigbang.com/home/apt/items/50019682
2026-09-06 08:15:15,빌라투룸,50070000,월세,04,경기도 이천시 대월면 대흥리,이천시,대월면,1000,60,0,39.67,12.0,2,이천시 대흥리 sk하이닉스 고담주차장인근 투룸월세,https://www.zigbang.com/home/apt/items/50070000
2026-09-06 08:15:15,빌라투룸,50070017,월세,04,경기도 이천시 대월면 대흥리,이천시,대월면,1000,60,0,39.67,12.0,3,이천시 대흥리sk하이닉스후문인근 투룸월세,https://www.zigbang.com/home/apt/items/50070017
2026-09-06 08:15:15,빌라투룸,50083322,월세,04,경기도 이천시 부발읍 가좌리,이천시,부발읍,500,65,0,35,10.59,2,"부발읍 가좌리 신축급 풀옵션 투룸, 빠른협의입주",https://www.zigbang.com/home/apt/items/50083322
2026-09-06 08:15:15,빌라투룸,50084814,월세,04,경기도 이천시 고담동,이천시,고담동,1000,70,0,51.78,15.66,3,"넓은 신축 투룸, 큰방2 넓은거실 베란다",https://www.zigbang.com/home/apt/items/50084814
2026-09-06 08:15:15,빌라투룸,50089074,월세,04,경기도 이천시 대월면 대흥리,이천시,대월면,500,67,0,34,10.28,2,하이닉스도보 가능  방2거실 빠른 입주,https://www.zigbang.com/home/apt/items/50089074
2026-09-06 08:15:15,빌라투룸,50090680,월세,04,경기도 이천시 대월면 대흥리,이천시,대월면,1000,63,0,34,10.28,3,하이닉스 도보가능 보증금 조정 가능,https://www.zigbang.com/home/apt/items/50090680
2026-09-06 08:15:15,빌라투룸,50149099,월세,04,경기도 이천시 부발읍 가좌리,이천시,부발읍,3000,40,0,39.67,12.0,3,이천시 부발읍 가좌리 깔끔한 투룸월세,https://www.zigbang.com/home/apt/items/50149099
2026-09-06 08:15:15,빌라투룸,50173204,월세,04,경기도 이천시 부발읍 가좌리,이천시,부발읍,2000,50,0,39.67,12.0,4,이천시 가좌리 바로 입주 가능한 투룸월세,https://www.zigbang.com/home/apt/items/50173204
2026-09-06 08:15:15,빌라투룸,50223832,월세,04,경기도 이천시 장록동,이천시,장록동,3000,54,0,60,18.15,2,"장록동 큰2룸 풀옵션 주차공간 200프로, 반전세 가격최고",https://www.zigbang.com/home/apt/items/50223832
2026-09-06 08:15:15,빌라투룸,50240355,월세,04,경기도 이천시 장록동,이천시,장록동,3000,54,0,59.5,18.0,2,깔끔한 장록동 투룸 월세. 넓은 투룸.보증금 조절가능,https://www.zigbang.com/home/apt/items/50240355
2026-09-06 08:15:15,빌라투룸,50244484,월세,04,경기도 이천시 장록동,이천시,장록동,2000,60,0,49.59,15.0,4,장록동 사이즈 아주 넓은 투룸 월세. 풀옵션.,https://www.zigbang.com/home/apt/items/50244484
2026-09-06 08:15:15,빌라투룸,50254493,월세,04,경기도 이천시 장록동,이천시,장록동,3000,54,0,50,15.12,2,"빌라싸이즈 넓은 투룸풀옵션 빠른입주, 주차굿 햇살가득",https://www.zigbang.com/home/apt/items/50254493
2026-09-06 08:15:15,빌라투룸,50268584,월세,04,경기도 이천시 부발읍 신하리,이천시,부발읍,1000,92,0,72.73,22.0,4,부발역인근 22평형대 넓은 신축 투룸,https://www.zigbang.com/home/apt/items/50268584
2026-09-06 08:15:15,빌라투룸,50277031,전세,04,경기도 이천시 고담동,이천시,고담동,7000,0,0,31.78,9.61,4,"보증보험 가입, 하이닉스 도보 가능, 신축급 풀옵션 투룸",https://www.zigbang.com/home/apt/items/50277031
2026-09-06 08:15:15,빌라투룸,50027489,월세,04,경기도 이천시 대월면 초지리,이천시,대월면,1000,75,0,56.8,17.18,4,깨끗한 풀옵션 주차가능,https://www.zigbang.com/home/apt/items/50027489
2026-09-06 08:15:15,빌라투룸,50235188,월세,05,경기도 이천시 대월면 장평리,이천시,대월면,1000,55,0,82.6,24.99,1,"즉시입주가능, 단독주택 월세, 방3 화장실1",https://www.zigbang.com/home/apt/items/50235188
2026-09-06 08:15:15,빌라투룸,49819905,월세,04,경기도 이천시 대월면 사동리,이천시,대월면,1000,50,0,49.26,14.9,1,"즉시입주가능, 투룸빌라, SK하이닉스 도보가능",https://www.zigbang.com/home/apt/items/49819905
2026-09-06 08:15:15,빌라투룸,50129164,매매,04,경기도 이천시 대월면 초지리,이천시,대월면,8500,0,8500,44.91,13.59,1,신축급  넓은평수 2룸,https://www.zigbang.com/home/apt/items/50129164
2026-09-06 08:15:15,빌라투룸,50232446,전세,04,경기도 이천시 대월면 사동리,이천시,대월면,12000,0,0,49.59,15.0,3,"즉시입주가능, 투룸 풀옵션, 전세보증보험 가능",https://www.zigbang.com/home/apt/items/50232446
2026-09-06 08:15:15,빌라투룸,50232501,월세,04,경기도 이천시 대월면 사동리,이천시,대월면,1000,75,0,49.59,15.0,3,"즉시입주가능, 투룸 풀옵션, SK하이닉스 도보가능",https://www.zigbang.com/home/apt/items/50232501
2026-09-06 08:15:15,빌라투룸,50244918,월세,04,경기도 이천시 대월면 사동리,이천시,대월면,1000,60,0,58.5,17.7,2,"9월15일 입주가능, 방2 화장실2, SK하이닉스 도보가능",https://www.zigbang.com/home/apt/items/50244918
2026-09-06 08:15:15,빌라투룸,50258844,전세,04,경기도 이천시 대월면 사동리,이천시,대월면,9000,0,0,52.95,16.02,2,하이닉스 도보7분거리 신축 투룸 주변 음식점 편의점 많음,https://www.zigbang.com/home/apt/items/50258844
2026-09-06 08:15:15,빌라투룸,50293685,월세,05,경기도 이천시 대월면 사동리,이천시,대월면,2000,90,0,73.61,22.27,3,sk하이닉스 도보 가능한 엘리베이터 있는 신축급 3룸 월세,https://www.zigbang.com/home/apt/items/50293685
2026-09-06 08:15:16,빌라투룸,49822274,월세,04,충청북도 충주시 호암동,충주시,호암동,500,77,0,47.66,14.42,2,ㄴMBC 근방 호암택지 신축 투룸ㄱ,https://www.zigbang.com/home/apt/items/49822274
2026-09-06 08:15:16,빌라투룸,50091425,월세,04,충청북도 충주시 호암동,충주시,호암동,1500,76,0,71.24,21.55,4,ㄴ호암동 복층 테라스 투룸 ㄱ,https://www.zigbang.com/home/apt/items/50091425
2026-09-06 08:15:16,빌라투룸,50114442,월세,04,충청북도 충주시 호암동,충주시,호암동,1000,71,0,37.83,11.44,3,ㄴ호암동 신축 투룸ㄱ,https://www.zigbang.com/home/apt/items/50114442
2026-09-06 08:15:16,빌라투룸,50244338,월세,04,충청북도 충주시 호암동,충주시,호암동,1000,61,0,29.21,8.84,3,"ㄴ호암동 신축 투룸, 깔끔한 시설ㄱ",https://www.zigbang.com/home/apt/items/50244338
2026-09-06 08:15:16,빌라투룸,48973284,전세,04,충청북도 충주시 봉방동,충주시,봉방동,5000,0,0,46.28,14.0,3,귀한전세ㅣ탁트인남향ㅣ풀옵션투룸,https://www.zigbang.com/home/apt/items/48973284
2026-09-06 08:15:16,빌라투룸,50155344,월세,05,충청북도 충주시 문화동,충주시,문화동,1000,70,0,76.03,23.0,3,문화동ㅣ호암지인근ㅣ쓰리룸,https://www.zigbang.com/home/apt/items/50155344
2026-09-06 08:15:16,빌라투룸,50168118,월세,05,충청북도 충주시 문화동,충주시,문화동,1000,70,0,80,24.2,3,"쓰리룸,풀옵션,대형베란다",https://www.zigbang.com/home/apt/items/50168118
2026-09-06 08:15:16,빌라투룸,50275026,월세,04,충청북도 충주시 봉방동,충주시,봉방동,500,60,0,50.76,15.35,4,"에어컨ok,보증금조정가능,넖은투룸",https://www.zigbang.com/home/apt/items/50275026
2026-09-06 08:15:16,빌라투룸,49829705,월세,04,충청북도 충주시 연수동,충주시,연수동,500,51,0,49.59,15.0,4,신연수ㅣ주차쾌적ㅣ풀옵션대형투룸,https://www.zigbang.com/home/apt/items/49829705
2026-09-06 08:15:16,빌라투룸,49980133,월세,04,충청북도 충주시 연수동,충주시,연수동,4000,35,0,46.28,14.0,3,위치최상ㅣ대형거실투룸ㅣ전세가능,https://www.zigbang.com/home/apt/items/49980133
2026-09-06 08:15:16,빌라투룸,50018591,월세,04,충청북도 충주시 연수동,충주시,연수동,500,52,0,45,13.61,4,"거실 넓은 풀옵션 투룸, 연수동 연안시장인근,엘베있는4층",https://www.zigbang.com/home/apt/items/50018591
2026-09-06 08:15:16,빌라투룸,50075860,월세,04,충청북도 충주시 연수동,충주시,연수동,500,46,0,41.5,12.55,2,붙박이장 깔끔한 투룸 풀옵션 시세대비 저렴해요,https://www.zigbang.com/home/apt/items/50075860
2026-09-06 08:15:16,빌라투룸,50116071,월세,04,충청북도 충주시 연수동,충주시,연수동,1000,45,0,49.59,15.0,4,신연수ㅣ낙원APT인근ㅣ깔끔대형투룸,https://www.zigbang.com/home/apt/items/50116071
2026-09-06 08:15:16,빌라투룸,50127882,전세,04,충청북도 충주시 연수동,충주시,연수동,5000,0,0,40,12.1,3,투룸 깔끔한  풀옵션,https://www.zigbang.com/home/apt/items/50127882
2026-09-06 08:15:16,빌라투룸,50127945,월세,04,충청북도 충주시 연수동,충주시,연수동,500,46,0,42.98,13.0,2,투룸 풀옵션 원룸,https://www.zigbang.com/home/apt/items/50127945
2026-09-06 08:15:16,빌라투룸,50129186,월세,04,충청북도 충주시 연수동,충주시,연수동,500,46,0,48,14.52,2,"갓성비 2룸,주차최상",https://www.zigbang.com/home/apt/items/50129186
2026-09-06 08:15:16,빌라투룸,50171537,월세,05,충청북도 충주시 연수동,충주시,연수동,1000,65,0,50,15.12,2,"연수동 세영리첼1단지인근, 상가주택2층 쓰리룸, 방3개,",https://www.zigbang.com/home/apt/items/50171537
2026-09-06 08:15:16,빌라투룸,50190690,월세,04,충청북도 충주시 용산동,충주시,용산동,300,30,0,42.98,13.0,2,ㄴ용산동 가성비 투룸ㄱ,https://www.zigbang.com/home/apt/items/50190690
2026-09-06 08:15:16,빌라투룸,50224868,월세,04,충청북도 충주시 연수동,충주시,연수동,300,35,0,45,13.61,2,"연원시장인근, 풀옵션, 투룸, 관리비포함 40만원",https://www.zigbang.com/home/apt/items/50224868
2026-09-06 08:15:16,빌라투룸,50249006,월세,04,충청북도 충주시 성남동,충주시,성남동,3000,36,0,59.61,18.03,2,반려동물가능 실평수 18형 투룸,https://www.zigbang.com/home/apt/items/50249006
2026-09-06 08:15:16,빌라투룸,50282384,월세,04,충청북도 충주시 연수동,충주시,연수동,500,51,0,52.89,16.0,2,"풀옵션,위치100점투룸",https://www.zigbang.com/home/apt/items/50282384
2026-09-06 08:15:16,빌라투룸,50289125,월세,04,충청북도 충주시 성남동,충주시,성남동,2000,45,0,59.61,18.03,2,"3000 45 ok,초대형투룸",https://www.zigbang.com/home/apt/items/50289125
2026-09-06 08:15:16,빌라투룸,50302147,월세,04,충청북도 충주시 연수동,충주시,연수동,1000,55,0,48,14.52,4,"투룸,초대형,햇살최상",https://www.zigbang.com/home/apt/items/50302147
2026-09-06 08:15:16,빌라투룸,50287557,월세,04,충청북도 충주시 중앙탑면 용전리,충주시,중앙탑면,500,50,0,50,15.12,3,기업도시 상권 부근의 풀옵션 투룸입니다.,https://www.zigbang.com/home/apt/items/50287557
2026-09-06 08:15:17,빌라투룸,49872495,월세,04,경기도 여주시 점봉동,여주시,점봉동,1000,67,0,40,12.1,4,"깨끗한 투룸 ,풀옵션",https://www.zigbang.com/home/apt/items/49872495
2026-09-06 08:15:17,빌라투룸,50021711,월세,04,경기도 여주시 점봉동,여주시,점봉동,1000,67,0,37,11.19,4,"신축급 투룸 풀옵션  ,집앞 편의점, 버스정류장 1분거리",https://www.zigbang.com/home/apt/items/50021711
2026-09-06 08:15:17,빌라투룸,50097701,월세,04,경기도 여주시 점봉동,여주시,점봉동,1000,67,0,42.98,13.0,3,"깨끗하고 넓은 투룸,풀옵션",https://www.zigbang.com/home/apt/items/50097701
2026-09-06 08:15:17,빌라투룸,50151616,월세,04,경기도 여주시 점봉동,여주시,점봉동,1000,72,0,39.67,12.0,3,깨끗한 풀옵션 투룸,https://www.zigbang.com/home/apt/items/50151616
2026-09-06 08:15:17,빌라투룸,50298429,매매,05,경기도 여주시 점봉동,여주시,점봉동,10500,0,10500,43.39,13.13,1,"급급매 저렴한 깨끗한 빌라, 조용하고 살기 좋은곳",https://www.zigbang.com/home/apt/items/50298429
2026-09-06 08:15:19,빌라투룸,50060432,월세,04,인천시 연수구 옥련동,연수구,옥련동,500,40,0,45,13.61,1,ꯁ깔끔한 투룸ꯁ저렴한 투룸ꯁ,https://www.zigbang.com/home/apt/items/50060432
2026-09-06 08:15:19,빌라투룸,50073250,월세,04,인천시 연수구 옥련동,연수구,옥련동,500,40,0,39,11.8,1,QQ 투룸 싸다싸 QQ 새집같아요,https://www.zigbang.com/home/apt/items/50073250
2026-09-06 08:15:19,빌라투룸,50154483,월세,04,인천시 연수구 옥련동,연수구,옥련동,500,42,0,42.98,13.0,2,ㅁ밝은 투룸 2층ㅁ,https://www.zigbang.com/home/apt/items/50154483
2026-09-06 08:15:19,빌라투룸,50162247,매매,05,인천시 연수구 옥련동,연수구,옥련동,15400,0,15400,42.99,13.0,4,o리모델링급매물o 방3화2 신축급3룸 최저실입 대출가능,https://www.zigbang.com/home/apt/items/50162247
2026-09-06 08:15:19,빌라투룸,50251155,월세,04,인천시 연수구 옥련동,연수구,옥련동,500,40,0,30,9.07,1,㊉㊉옥련동투룸㊉㊉,https://www.zigbang.com/home/apt/items/50251155
2026-09-06 08:15:19,빌라투룸,50260075,월세,04,인천시 연수구 옥련동,연수구,옥련동,500,44,0,45,13.61,5,ꯁ옥련동 투룸ꯁ밝은 투룸ꯁ,https://www.zigbang.com/home/apt/items/50260075
2026-09-06 08:15:19,빌라투룸,50296417,월세,04,인천시 연수구 옥련동,연수구,옥련동,500,44,0,42.98,13.0,5,ㅁㅁ화사한 투룸ㅁㅁ,https://www.zigbang.com/home/apt/items/50296417
2026-09-06 08:15:19,빌라투룸,50069800,매매,05,경기도 시흥시 월곶동,시흥시,월곶동,21000,0,21000,68.6,20.75,6,100프로 실매물. 안전한 권리 분석부터 유연한 입주 협의,https://www.zigbang.com/home/apt/items/50069800
2026-09-06 08:15:19,빌라투룸,50174641,매매,05,경기도 시흥시 월곶동,시흥시,월곶동,31000,0,31000,70.93,21.46,4,내 자금으로 살 수 있을까ㅣ대출·매매조건 상담ㅣ방3·화2,https://www.zigbang.com/home/apt/items/50174641
2026-09-06 08:15:20,빌라투룸,49996949,월세,04,경기도 시흥시 정왕동,시흥시,정왕동,5000,33,0,40,12.1,6,"복층, ㅇ ㅕㄱ ㅣㅇ ㅓㄸ ㅐ  , 화장실2개  에어컨2",https://www.zigbang.com/home/apt/items/49996949
2026-09-06 08:15:20,빌라투룸,49693652,매매,05,인천시 남동구 서창동,남동구,서창동,13800,0,13800,49.29,14.91,3,주변인프라 좋고 평지 3룸 필로티구조 3층 로얄층 매매,https://www.zigbang.com/home/apt/items/49693652
2026-09-06 08:15:20,빌라투룸,50149045,매매,05,인천시 남동구 서창동,남동구,서창동,13000,0,13000,58.72,17.76,3,올수리예정 초초 급매물 방3화2,https://www.zigbang.com/home/apt/items/50149045
2026-09-06 08:15:20,빌라투룸,50271965,매매,05,경기도 시흥시 신천동,시흥시,신천동,22000,0,22000,51.31,15.52,4,평지 입지좋고 채광좋고 주차 편한 엘베O 준신축,https://www.zigbang.com/home/apt/items/50271965
2026-09-06 08:15:20,빌라투룸,50176800,매매,05,경기도 시흥시 조남동,시흥시,조남동,49500,0,49500,82.84,25.06,3,내 자금으로 살 수 있을까ㅣ대출·매매조건 상담ㅣ방3·화2,https://www.zigbang.com/home/apt/items/50176800
2026-09-06 08:15:20,빌라투룸,50221069,매매,05,경기도 시흥시 목감동,시흥시,목감동,23800,0,23800,75.53,22.85,4,급매물 신축급컨디션 넓은평수 인프라최상 집구경 서두르세요,https://www.zigbang.com/home/apt/items/50221069
2026-09-06 08:15:20,빌라투룸,50058794,매매,05,경기도 시흥시 신천동,시흥시,신천동,22000,0,22000,37.41,11.32,7,"엘베 O 방3 , 컨디션 굿 신천역 역세권",https://www.zigbang.com/home/apt/items/50058794
2026-09-06 08:15:20,빌라투룸,50070148,매매,05,경기도 시흥시 매화동,시흥시,매화동,23800,0,23800,77.19,23.35,2,매화동 3룸 컨디션 최상 매물,https://www.zigbang.com/home/apt/items/50070148
2026-09-06 08:15:20,빌라투룸,50145781,매매,05,경기도 시흥시 매화동,시흥시,매화동,15900,0,15900,49.86,15.08,4,초 급매물 쓰리룸ㅣ엘베OK l 학세권에 살기 좋은 동네,https://www.zigbang.com/home/apt/items/50145781
2026-09-06 08:15:20,빌라투룸,50221215,매매,04,경기도 시흥시 은행동,시흥시,은행동,15000,0,15000,38.55,11.66,3,실입주금2000 급매 낮은매매가 신축컨디션.,https://www.zigbang.com/home/apt/items/50221215
2026-09-06 08:15:20,빌라투룸,50021534,매매,05,경기도 안산시 상록구 수암동,안산시 상록구,수암동,31000,0,31000,55.05,16.65,3,"신축, 드레스룸 완비, 엘베O, 주차장 넓음, 위치 좋은곳",https://www.zigbang.com/home/apt/items/50021534
2026-09-06 08:15:20,빌라투룸,50032943,매매,04,경기도 안산시 상록구 수암동,안산시 상록구,수암동,11000,0,11000,51.23,15.5,5,"급매, 깨끗한 투룸, 정남향, 주차장 완비, 초등 가까움",https://www.zigbang.com/home/apt/items/50032943
2026-09-06 08:15:20,빌라투룸,50065049,매매,05,경기도 안산시 상록구 수암동,안산시 상록구,수암동,10000,0,10000,49.01,14.83,1,"방3개, 수리되어 깨끗, 남향, 1층 찾으시는분 추천",https://www.zigbang.com/home/apt/items/50065049
2026-09-06 08:15:20,빌라투룸,50156324,매매,05,경기도 안양시 만안구 안양동,안양시 만안구,안양동,23500,0,23500,45.57,13.78,3,최저가 엑기스매물 방3화2 23년 준공 트인 산뷰 급매,https://www.zigbang.com/home/apt/items/50156324
2026-09-06 08:15:20,빌라투룸,50160869,매매,05,경기도 안산시 상록구 수암동,안산시 상록구,수암동,17500,0,17500,60.74,18.37,3,"채광좋은 정남향 엄청나게 넓은 주방,거실 저렴하게나온 빌라",https://www.zigbang.com/home/apt/items/50160869
2026-09-06 08:15:20,빌라투룸,50230606,월세,05,경기도 안산시 상록구 수암동,안산시 상록구,수암동,500,45,0,36.08,10.91,2,"방3개, 화1개, 거실겸 주방 구조,8월15일 이후 입주가",https://www.zigbang.com/home/apt/items/50230606
2026-09-06 08:15:20,빌라투룸,50253192,매매,04,경기도 안양시 만안구 안양동,안양시 만안구,안양동,21000,0,21000,31.91,9.65,4,준식축급ㅣ특가매물ㅣ컨디션최고,https://www.zigbang.com/home/apt/items/50253192
2026-09-06 08:15:20,빌라투룸,50298178,전세,05,경기도 안산시 상록구 수암동,안산시 상록구,수암동,10200,0,0,59.95,18.13,2,"방3개, 거실 넓음, 깔끔한 상태, LH가능합니다.",https://www.zigbang.com/home/apt/items/50298178
2026-09-06 08:15:20,빌라투룸,50299490,전세,05,경기도 안산시 상록구 수암동,안산시 상록구,수암동,6000,0,0,49.63,15.01,3,"방3개, LH, 경기도시공사 가능, 남향으로 채광좋은 집",https://www.zigbang.com/home/apt/items/50299490
2026-09-06 08:15:20,빌라투룸,50299579,월세,05,경기도 안산시 상록구 수암동,안산시 상록구,수암동,500,50,0,49.63,15.01,3,"방3개, 남향으로 채광좋은집, 추석이후 입주가능.",https://www.zigbang.com/home/apt/items/50299579
2026-09-06 08:15:20,빌라투룸,50300565,전세,05,경기도 안양시 만안구 안양동,안양시 만안구,안양동,12000,0,0,56.49,17.09,3,LH GH가능전세 가성비 최고의 올바른 쓰리룸전세,https://www.zigbang.com/home/apt/items/50300565
2026-09-06 08:15:21,빌라투룸,50246967,월세,05,인천시 제물포구 항동7가,제물포구,항동7가,2000,45,0,45.99,13.91,6,口口 오션뷰•3룸•보증금조절 口口,https://www.zigbang.com/home/apt/items/50246967
2026-09-06 08:15:21,빌라투룸,50226309,월세,05,인천시 제물포구 만석동,제물포구,만석동,200,40,0,49.54,14.99,2,단기가능 풀옵션 쓰리룸 빌라,https://www.zigbang.com/home/apt/items/50226309
2026-09-06 08:15:22,빌라투룸,50258544,월세,04,경기도 김포시 양촌읍 학운리,김포시,양촌읍,300,41,0,33.05,10.0,2,"보증금, 월세 저렴한 소형 2룸",https://www.zigbang.com/home/apt/items/50258544
2026-09-06 08:15:22,빌라투룸,50190625,월세,04,인천시 검단구 오류동,검단구,오류동,3000,50,0,53,16.03,2,"라미.신축급투룸,시스템에어컨,엘베O,입주협의가능",https://www.zigbang.com/home/apt/items/50190625
2026-09-06 08:15:22,빌라투룸,50239757,월세,04,인천시 검단구 오류동,검단구,오류동,2500,55,0,44.8,13.55,2,준신축ㅡ엘리베이터ㅡ넓은투룸ㅡ베란다ㅡ주차장ㅡ풀옵션ㅡ역세권,https://www.zigbang.com/home/apt/items/50239757
2026-09-06 08:15:21,빌라투룸,50299738,월세,05,인천시 남동구 만수동,남동구,만수동,2000,75,0,124.35,37.62,4,융자없음 만수역세권 내부수리된 아주많이 넓은 방3화1환함,https://www.zigbang.com/home/apt/items/50299738
2026-09-06 08:15:21,빌라투룸,50300899,전세,05,인천시 남동구 구월동,남동구,구월동,6300,0,0,39.15,11.84,4,"길병원인근, 방3화1, 남향, 이사협의, 모든대출가능",https://www.zigbang.com/home/apt/items/50300899
2026-09-06 08:15:21,빌라투룸,50301186,매매,05,인천시 남동구 구월동,남동구,구월동,15900,0,15900,36.65,11.09,5,인천1호선 예술회관역 도보 7분 엘베O,https://www.zigbang.com/home/apt/items/50301186
2026-09-06 08:15:21,빌라투룸,50301203,매매,05,인천시 남동구 구월동,남동구,구월동,15900,0,15900,36.65,11.09,5,신축급 특올수리 방3화2 엘베0 공실 대출가능,https://www.zigbang.com/home/apt/items/50301203
2026-09-06 08:15:21,빌라투룸,50301275,전세,04,인천시 남동구 만수동,남동구,만수동,6170,0,0,38.5,11.65,2,"카뱅전세,버팀목전세",https://www.zigbang.com/home/apt/items/50301275
2026-09-06 08:15:21,빌라투룸,50301852,월세,04,인천시 남동구 만수동,남동구,만수동,60,42,0,40.1,12.13,1,S2 올리모델링 투룸 최저가 S2,https://www.zigbang.com/home/apt/items/50301852
2026-09-06 08:15:23,빌라투룸,50283118,전세,04,서울시 양천구 신정동,양천구,신정동,24255,0,0,28.44,8.6,2,허그버팀목.보증보험.넓은 투룸.입주협의,https://www.zigbang.com/home/apt/items/50283118
2026-09-06 08:15:23,빌라투룸,50284156,전세,05,서울시 구로구 오류동,구로구,오류동,31950,0,0,54,16.33,6,"보증보험ok,지하주차장,엘레베이터유,준신축대단지",https://www.zigbang.com/home/apt/items/50284156
2026-09-06 08:15:23,빌라투룸,50286072,월세,05,서울시 양천구 신정동,양천구,신정동,3000,90,0,37.9,11.46,3,5호선 신정역 역세권 관리잘된3룸.전입신고 가능,https://www.zigbang.com/home/apt/items/50286072
2026-09-06 08:15:23,빌라투룸,50289503,월세,04,서울시 구로구 오류동,구로구,오류동,1000,60,0,42.98,13.0,1,깔끔한 방 2개  언제든 입주 하십니다.,https://www.zigbang.com/home/apt/items/50289503
2026-09-06 08:15:23,빌라투룸,50289546,전세,04,서울시 구로구 오류동,구로구,오류동,5000,0,0,42.98,13.0,1,깔끔한 주택의 1층에 방2개가  좋아요,https://www.zigbang.com/home/apt/items/50289546
2026-09-06 08:15:23,빌라투룸,50289646,매매,04,서울시 구로구 개봉동,구로구,개봉동,24500,0,24500,25.69,7.77,2,오류동역 도보 10분이내 초역세 신축 투룸,https://www.zigbang.com/home/apt/items/50289646
2026-09-06 08:15:23,빌라투룸,50290665,전세,04,서울시 양천구 신정동,양천구,신정동,24255,0,0,28.44,8.6,2,"HUG버팀목, 신정역4분",https://www.zigbang.com/home/apt/items/50290665
2026-09-06 08:15:23,빌라투룸,50291654,월세,04,서울시 구로구 오류동,구로구,오류동,500,40,0,49.59,15.0,1,깔끔하게  준비된 집  방2개가   좋아요,https://www.zigbang.com/home/apt/items/50291654
2026-09-06 08:15:23,빌라투룸,50292936,월세,04,서울시 구로구 고척동,구로구,고척동,1000,60,0,29,8.77,반지하,가성비 너무좋은 투룸월세 찾으신다면 이곳,https://www.zigbang.com/home/apt/items/50292936
2026-09-06 08:15:23,빌라투룸,50294918,월세,04,서울시 구로구 오류동,구로구,오류동,5000,115,0,29.75,9.0,6,ㅣ전망좋고 채광좋은ㅣ옵션갖춘 투룸ㅣ주차가능ㅣ,https://www.zigbang.com/home/apt/items/50294918
2026-09-06 08:15:23,빌라투룸,50295241,월세,05,서울시 구로구 개봉동,구로구,개봉동,1000,70,0,59.66,18.05,2,오류동역 귀한쓰리룸 방3 화1 주차불가 반려동물가능 노옵션,https://www.zigbang.com/home/apt/items/50295241
2026-09-06 08:15:23,빌라투룸,50296024,월세,04,서울시 구로구 고척동,구로구,고척동,5000,30,0,36.36,11.0,3,9500 가능 대로변 밝은집  근린공원 인접 생활편리,https://www.zigbang.com/home/apt/items/50296024
2026-09-06 08:15:23,빌라투룸,50299795,전세,06,서울시 구로구 개봉동,구로구,개봉동,22000,0,0,26.57,8.04,5,전세대출 보증보험가능 복층포함 포룸 화2 주차가능 날짜협의,https://www.zigbang.com/home/apt/items/50299795
2026-09-06 08:15:23,빌라투룸,50302430,매매,04,서울시 양천구 신월동,양천구,신월동,20000,0,20000,24.12,7.3,2,까치산역 도보권 급매물  학세권 역세권 추천,https://www.zigbang.com/home/apt/items/50302430
2026-09-06 08:15:24,빌라투룸,50110364,매매,04,경기도 김포시 고촌읍 신곡리,김포시,고촌읍,17500,0,17500,48.87,14.78,1,l대출잘나오는l실매물l 자금부족 고민끝 진짜빌라 확인,https://www.zigbang.com/home/apt/items/50110364
2026-09-06 08:15:24,빌라투룸,50174404,매매,05,경기도 김포시 고촌읍 신곡리,김포시,고촌읍,33900,0,33900,38.39,11.61,5,내 자금으로 살 수 있을까ㅣ대출·매매조건 상담ㅣ방3·화2,https://www.zigbang.com/home/apt/items/50174404
2026-09-06 08:15:24,빌라투룸,50229880,매매,05,경기도 김포시 고촌읍 신곡리,김포시,고촌읍,30000,0,30000,49.26,14.9,5,고촌역 도보5분 역세권 복층 급매물,https://www.zigbang.com/home/apt/items/50229880
2026-09-06 08:15:24,빌라투룸,50257629,매매,05,경기도 김포시 고촌읍 신곡리,김포시,고촌읍,25000,0,25000,59.94,18.13,5,o초역세권급매물o 방3화2 신축급컨디션 소액으로대출가능한집,https://www.zigbang.com/home/apt/items/50257629
2026-09-06 08:15:24,빌라투룸,50279677,매매,06,서울시 강서구 방화동,강서구,방화동,59800,0,59800,84.15,25.46,6,방화역5호선 도보 5분 5룸 자주식주차,https://www.zigbang.com/home/apt/items/50279677
2026-09-06 08:15:24,빌라투룸,50157718,월세,06,경기도 고양시 덕양구 덕은동,고양시 덕양구,덕은동,10000,300,0,140,42.35,4,덕은동...주인세대복층집 신축 첫입주,https://www.zigbang.com/home/apt/items/50157718
2026-09-06 08:15:24,빌라투룸,50157904,월세,05,경기도 고양시 덕양구 덕은동,고양시 덕양구,덕은동,5000,170,0,69,20.87,3,덕은동 .....신축 첫입주,https://www.zigbang.com/home/apt/items/50157904
2026-09-06 08:15:24,빌라투룸,50176307,매매,05,경기도 고양시 덕양구 행주내동,고양시 덕양구,행주내동,31000,0,31000,74.99,22.68,2,내 자금으로 살 수 있을까ㅣ대출·매매조건 상담ㅣ방3·화2,https://www.zigbang.com/home/apt/items/50176307
2026-09-06 08:15:24,빌라투룸,50298808,월세,04,서울시 마포구 서교동,마포구,서교동,17800,30,0,35.56,10.76,1,합정역세권 보증보험 가능한 빌라,https://www.zigbang.com/home/apt/items/50298808
2026-09-06 08:15:24,빌라투룸,50299120,월세,04,서울시 마포구 합정동,마포구,합정동,2000,100,0,39,11.8,1,1.5층 방크기 비슷한 아주 깔끔한 투룸입니다,https://www.zigbang.com/home/apt/items/50299120
2026-09-06 08:15:24,빌라투룸,50299280,월세,04,서울시 마포구 성산동,마포구,성산동,16000,20,0,36.69,11.1,2,구빌라  반전세 12월31일 입주 2룸 거실 욕1,https://www.zigbang.com/home/apt/items/50299280
2026-09-06 08:15:24,빌라투룸,50299514,전세,04,서울시 강서구 염창동,강서구,염창동,28600,0,0,24.13,7.3,12,HUG가능 염창역 도보5분 초역세권 레전드 투룸,https://www.zigbang.com/home/apt/items/50299514
2026-09-06 08:15:24,빌라투룸,50300360,월세,04,서울시 마포구 합정동,마포구,합정동,2000,100,0,38,11.49,1,"역세권, 귀한 월세, 깔끔한 방2 작은거실 ,바로 입주가",https://www.zigbang.com/home/apt/items/50300360
2026-09-06 08:15:25,빌라투룸,50028438,매매,05,경기도 수원시 권선구 호매실동,수원시 권선구,호매실동,9000,0,9000,43.5,13.16,4,"샷시포함,풀올수리, 옵션있음,월세안고 매,채광좋은남향",https://www.zigbang.com/home/apt/items/50028438
2026-09-06 08:15:25,빌라투룸,50028705,매매,05,경기도 수원시 권선구 금곡동,수원시 권선구,금곡동,190000,0,190000,175.6,53.12,1,"최상의 단독주택,편백인테리어,최상의 인테리어,채광좋은집",https://www.zigbang.com/home/apt/items/50028705
2026-09-06 08:15:25,빌라투룸,50221951,월세,04,경기도 수원시 권선구 금곡동,수원시 권선구,금곡동,5000,70,0,52,15.73,2,"투룸,상업지인근,주차가능,10월말입주,",https://www.zigbang.com/home/apt/items/50221951
2026-09-06 08:15:25,빌라투룸,50261434,월세,04,경기도 수원시 권선구 호매실동,수원시 권선구,호매실동,6000,60,0,65,19.66,2,넓은 투룸이며 조용한집,https://www.zigbang.com/home/apt/items/50261434
2026-09-06 08:15:25,빌라투룸,50261495,전세,04,경기도 수원시 권선구 호매실동,수원시 권선구,호매실동,17000,0,0,65,19.66,2,귀한 전세 입니다,https://www.zigbang.com/home/apt/items/50261495
2026-09-06 08:15:25,빌라투룸,50264800,월세,05,경기도 수원시 권선구 금곡동,수원시 권선구,금곡동,3000,90,0,67.15,20.31,3,"3룸,9월말입주,공원인근,",https://www.zigbang.com/home/apt/items/50264800
2026-09-06 08:15:26,빌라투룸,49947768,월세,04,경기도 수원시 장안구 파장동,수원시 장안구,파장동,1000,60,0,45,13.61,2,파장 행정복지센터 인근 투룸 월세,https://www.zigbang.com/home/apt/items/49947768
2026-09-06 08:15:26,빌라투룸,50010762,월세,05,경기도 의왕시 고천동,의왕시,고천동,5700,92,0,84.83,25.66,10,GH 특화형 매입임대주택,https://www.zigbang.com/home/apt/items/50010762
2026-09-06 08:15:26,빌라투룸,50200722,월세,04,경기도 수원시 장안구 파장동,수원시 장안구,파장동,1000,60,0,48,14.52,2,애견불가.북수원IC 약3분.,https://www.zigbang.com/home/apt/items/50200722
2026-09-06 08:15:26,빌라투룸,50210610,월세,04,경기도 수원시 장안구 파장동,수원시 장안구,파장동,2000,75,0,47.26,14.3,2,허위Xㅣ정확금액ㅣ투룸ㅣ가성비ㅣ넓은방ㅣ입주협의ㅣ조용한주택가,https://www.zigbang.com/home/apt/items/50210610
2026-09-06 08:15:26,빌라투룸,50237114,월세,05,경기도 의왕시 고천동,의왕시,고천동,5000,140,0,64.12,19.4,3,"시스템에어컨4, 실링펜, 신축 첫입주, 주차완벽",https://www.zigbang.com/home/apt/items/50237114
2026-09-06 08:15:26,빌라투룸,50291015,월세,04,경기도 수원시 장안구 파장동,수원시 장안구,파장동,1000,60,0,38,11.49,2,1번국도인근 대형마트 교통편함 내부깨끗 애견불가,https://www.zigbang.com/home/apt/items/50291015
2026-09-06 08:15:25,빌라투룸,50300548,월세,05,경기도 수원시 장안구 파장동,수원시 장안구,파장동,3000,70,0,60.43,18.28,2,환하고 넓은 주택,https://www.zigbang.com/home/apt/items/50300548
2026-09-06 08:15:25,빌라투룸,50300583,월세,04,경기도 수원시 권선구 구운동,수원시 권선구,구운동,500,40,0,42.98,13.0,반지하,"옵션있는투룸,내부깨끗,공실,즉시입주가능",https://www.zigbang.com/home/apt/items/50300583
2026-09-06 08:15:25,빌라투룸,50302262,월세,04,경기도 수원시 권선구 구운동,수원시 권선구,구운동,500,55,0,47,14.22,1,"올수리,깨끗한 투룸,공실",https://www.zigbang.com/home/apt/items/50302262
2026-09-06 08:15:26,빌라투룸,50124887,매매,05,경기도 용인시 수지구 동천동,용인시 수지구,동천동,65000,0,65000,77.93,23.57,1,나만의 테라스 인테리어 짱 예쁜 집 층고 높은 복층,https://www.zigbang.com/home/apt/items/50124887
2026-09-06 08:15:26,빌라투룸,50224448,월세,05,경기도 용인시 수지구 성복동,용인시 수지구,성복동,24500,11,0,59.4,17.97,4,"서수지IC도보2분,성복역차량10분 깨끗한3룸 허그보증보험O",https://www.zigbang.com/home/apt/items/50224448
2026-09-06 08:15:26,빌라투룸,50224554,월세,05,경기도 용인시 수지구 신봉동,용인시 수지구,신봉동,15000,95,0,49.58,15.0,4,"성복역차량5분,이마트도보5분 남향복층형3룸 엘베O,주차O",https://www.zigbang.com/home/apt/items/50224554
2026-09-06 08:15:26,빌라투룸,50292346,월세,04,경기도 용인시 수지구 신봉동,용인시 수지구,신봉동,5000,50,0,40,12.1,3,융무 깨끗한 투룸 보증금 증액가능,https://www.zigbang.com/home/apt/items/50292346
2026-09-06 08:15:26,빌라투룸,49902410,월세,06,경기도 의왕시 학의동,의왕시,학의동,20000,200,0,140.39,42.47,4,"주인세대,복층,넓은테라스 중정있는이쁜구조,에풀,방4,애완O",https://www.zigbang.com/home/apt/items/49902410
2026-09-06 08:15:26,빌라투룸,50044021,매매,05,경기도 의왕시 학의동,의왕시,학의동,28000,0,28000,52.33,15.83,3,학의동 20년식 3룸 준신축 막힘없는 뻥뷰 급매물,https://www.zigbang.com/home/apt/items/50044021
2026-09-06 08:15:26,빌라투룸,50109975,매매,05,경기도 의왕시 학의동,의왕시,학의동,30500,0,30500,49.54,14.99,4,l대출잘나오는l실매물l 대출 걱정 끝 허위 없는 진짜 매매,https://www.zigbang.com/home/apt/items/50109975
2026-09-06 08:15:26,빌라투룸,50141310,월세,05,경기도 의왕시 학의동,의왕시,학의동,20000,80,0,62.6,18.94,3,"빠른입주,바로앞공원뷰,조용하고위치좋음,풀에어컨,애완동물X",https://www.zigbang.com/home/apt/items/50141310
2026-09-06 08:15:26,빌라투룸,50141368,전세,05,경기도 의왕시 학의동,의왕시,학의동,50000,0,0,140.45,42.49,4,"융무,보증보험가,3층전체,황톳길전망,붙박이장,넓은테라스,",https://www.zigbang.com/home/apt/items/50141368
2026-09-06 08:15:26,빌라투룸,50164119,전세,04,경기도 의왕시 학의동,의왕시,학의동,28000,0,0,69.03,20.88,2,"커뮤니티시설및초중교인접,조용한주택단지,큰방2넓은거실,애완X",https://www.zigbang.com/home/apt/items/50164119
2026-09-06 08:15:26,빌라투룸,50173380,월세,05,경기도 의왕시 학의동,의왕시,학의동,5000,130,0,80.12,24.24,2,"빠른입주,드레스룸,넓고햇살좋은집,방3화2,애완동물X",https://www.zigbang.com/home/apt/items/50173380
2026-09-06 08:15:26,빌라투룸,50229654,전세,05,경기도 의왕시 학의동,의왕시,학의동,30000,0,0,73.12,22.12,2,"융무,보증보험가,위치굿,넓고이쁜집,에어컨2,애완동물O",https://www.zigbang.com/home/apt/items/50229654
2026-09-06 08:15:26,빌라투룸,50230009,전세,05,경기도 의왕시 학의동,의왕시,학의동,38000,0,0,62.6,18.94,3,"빠른입주,위치최상,방3,바로앞공원뷰,풀에어컨,애완동물X",https://www.zigbang.com/home/apt/items/50230009
2026-09-06 08:15:26,빌라투룸,50231435,전세,06,경기도 의왕시 학의동,의왕시,학의동,65000,0,0,125.92,38.09,4,"융無,보증보험O,주인세대복층,뷰좋은청정주택단지,초등교인접",https://www.zigbang.com/home/apt/items/50231435
2026-09-06 08:15:26,빌라투룸,50267606,전세,06,경기도 의왕시 학의동,의왕시,학의동,48000,0,0,69.85,21.13,4,"융무,보증보험가,주인세대복층,넓은테라스,방4화3,애완동물O",https://www.zigbang.com/home/apt/items/50267606
2026-09-06 08:15:26,빌라투룸,50289843,월세,04,경기도 의왕시 학의동,의왕시,학의동,5000,110,0,56.11,16.97,2,"귀한투룸,조용한주택단지,마운틴뷰,에어컨풀,큰방큰거실,애완X",https://www.zigbang.com/home/apt/items/50289843
2026-09-06 08:15:27,빌라투룸,50110505,매매,05,경기도 의왕시 청계동,의왕시,청계동,33900,0,33900,49.18,14.88,2,l대출잘나오는l실매물l 매달 버리는 월세 이제 탈출하세요,https://www.zigbang.com/home/apt/items/50110505
2026-09-06 08:15:27,빌라투룸,50172672,월세,04,경기도 성남시 수정구 금토동,성남시 수정구,금토동,2000,120,0,59.5,18.0,2,조용한주택 가투룸,https://www.zigbang.com/home/apt/items/50172672
2026-09-06 08:15:27,빌라투룸,50209818,월세,05,경기도 광주시 능평동,광주시,능평동,200,65,0,33.39,10.1,3,l미래l 능평동 올화이트 이쁜집 빠른문의 가성비좋은집,https://www.zigbang.com/home/apt/items/50209818
2026-09-06 08:15:27,빌라투룸,50235004,매매,05,경기도 광주시 신현동,광주시,신현동,18000,0,18000,55,16.64,3,신현동 3룸 구조좋은 올수리 급매물,https://www.zigbang.com/home/apt/items/50235004
2026-09-06 08:15:27,빌라투룸,50235040,매매,06,경기도 광주시 신현동,광주시,신현동,32000,0,32000,68.81,20.81,1,신현동 4룸 준신축 테라스 마당 엄청 넓은 집,https://www.zigbang.com/home/apt/items/50235040
2026-09-06 08:15:27,빌라투룸,50283176,매매,05,경기도 광주시 능평동,광주시,능평동,18000,0,18000,59.91,18.12,1,l대출잘나오는l실매물l 이 가격에 이 집 진짜 마지막 기회,https://www.zigbang.com/home/apt/items/50283176
2026-09-06 08:15:27,빌라투룸,50293891,월세,05,경기도 광주시 능평동,광주시,능평동,200,70,0,33.39,10.1,3,공실공실 단기단기 월세월세,https://www.zigbang.com/home/apt/items/50293891
2026-09-06 08:15:27,빌라투룸,50295335,월세,05,경기도 광주시 능평동,광주시,능평동,4000,150,0,84.69,25.62,2,"복층타운하우스,테라스,애완동물,지하주차장,재택근무,엘리베터",https://www.zigbang.com/home/apt/items/50295335
2026-09-06 08:15:27,빌라투룸,49971126,매매,05,경기도 용인시 처인구 포곡읍 전대리,용인시 처인구,포곡읍,17500,0,17500,55.62,16.82,2,잘빠진 쓰리룸 엘베OK 초 급매물로 가격좋음,https://www.zigbang.com/home/apt/items/49971126
2026-09-06 08:15:27,빌라투룸,50110009,매매,05,경기도 용인시 처인구 포곡읍 전대리,용인시 처인구,포곡읍,17500,0,17500,71.55,21.64,3,l대출잘나오는l실매물l 헛걸음이제그만 한도맞춤형 빌라,https://www.zigbang.com/home/apt/items/50110009
2026-09-06 08:15:27,빌라투룸,50162321,매매,05,경기도 용인시 처인구 포곡읍 둔전리,용인시 처인구,포곡읍,11500,0,11500,64.08,19.38,4,o올수리o 저렴하게 매매할수있는 3룸 대출상담환영,https://www.zigbang.com/home/apt/items/50162321
2026-09-06 08:15:27,빌라투룸,50238813,매매,05,경기도 용인시 처인구 포곡읍 둔전리,용인시 처인구,포곡읍,23000,0,23000,69.18,20.93,5,엘o 방3 주택 21년식 에버라인 역세권 최저실입 가능,https://www.zigbang.com/home/apt/items/50238813
2026-09-06 08:15:27,빌라투룸,50283738,매매,05,경기도 용인시 처인구 포곡읍 전대리,용인시 처인구,포곡읍,15000,0,15000,59.96,18.14,5,실매물ㅇ집주인인증ㅇ방문예약가능,https://www.zigbang.com/home/apt/items/50283738
2026-09-06 08:15:27,빌라투룸,50284587,매매,05,경기도 용인시 처인구 포곡읍 둔전리,용인시 처인구,포곡읍,11000,0,11000,64.08,19.38,4,실매물ㅇ집주인인증ㅇ방문예약가능,https://www.zigbang.com/home/apt/items/50284587
2026-09-06 08:15:28,빌라투룸,49941267,매매,05,경기도 광주시 능평동,광주시,능평동,18900,0,18900,66.46,20.1,1,엘o 방3 뻥뷰 17년식 1억대 급매 준신축 최저실입가능,https://www.zigbang.com/home/apt/items/49941267
2026-09-06 08:15:28,빌라투룸,49997504,매매,05,경기도 광주시 문형동,광주시,문형동,15500,0,15500,52.54,15.89,3,실매물실사진 층별단독세대 급매물빌라 개별창고있음 도로변근처,https://www.zigbang.com/home/apt/items/49997504
2026-09-06 08:15:28,빌라투룸,50105172,매매,05,경기도 광주시 문형동,광주시,문형동,17500,0,17500,54.33,16.43,3,실사진실매물 상태좋은 넓은주차장 평지에위치 인기짱 빌라,https://www.zigbang.com/home/apt/items/50105172
2026-09-06 08:15:28,빌라투룸,50155735,매매,05,경기도 광주시 문형동,광주시,문형동,25500,0,25500,60.14,18.19,2,가격내림 급매물 위치굿 평수굿 교통편 굿 실매물실사진,https://www.zigbang.com/home/apt/items/50155735
2026-09-06 08:15:28,빌라투룸,50246989,매매,06,경기도 광주시 문형동,광주시,문형동,16000,0,16000,128.69,38.93,1,실매물실사진 숲속개울가 정원 텃밭 산책로 힐링하는 귀한매물,https://www.zigbang.com/home/apt/items/50246989
2026-09-06 08:15:28,빌라투룸,50247022,매매,05,경기도 광주시 문형동,광주시,문형동,10900,0,10900,78.66,23.79,1,실매물실사진 도로변 성남권분당권 조용하고 상태좋음 넓은평수,https://www.zigbang.com/home/apt/items/50247022
2026-09-06 08:15:28,빌라투룸,50156742,매매,05,경기도 광주시 태전동,광주시,태전동,25800,0,25800,59.89,18.12,2,마지막찬스 신축급컨디션 넓은3룸 광역버스 5분거리,https://www.zigbang.com/home/apt/items/50156742
2026-09-06 08:15:28,빌라투룸,50185918,월세,05,경기도 광주시 태전동,광주시,태전동,70,70,0,59.76,18.08,4,3개월씩 선납하는 3룸 저보증금 단기매물,https://www.zigbang.com/home/apt/items/50185918
2026-09-06 08:15:28,빌라투룸,50283578,매매,05,경기도 광주시 태전동,광주시,태전동,27000,0,27000,59.89,18.12,2,태전동 방3 화2 인기 최고 매물 깔끔한 컨디션 준신축,https://www.zigbang.com/home/apt/items/50283578
2026-09-06 08:15:28,빌라투룸,50042695,매매,05,경기도 광주시 장지동,광주시,장지동,15000,0,15000,54.41,16.46,2,최저실입가능 ㅣ 외국인대출가능 ㅣ 디딤돌가능 ㅣ컨디션최상,https://www.zigbang.com/home/apt/items/50042695
2026-09-06 08:15:28,빌라투룸,50095686,매매,05,경기도 광주시 양벌동,광주시,양벌동,13500,0,13500,52.2,15.79,2,"광주전철역 버스환승 편리, 대로변 도보2분, 2층 로얄층",https://www.zigbang.com/home/apt/items/50095686
2026-09-06 08:15:28,빌라투룸,50110026,매매,06,경기도 광주시 태전동,광주시,태전동,23000,0,23000,56.25,17.02,4,l대출잘나오는l실매물l 대출 걱정 끝 허위 없는 진짜 매매,https://www.zigbang.com/home/apt/items/50110026
2026-09-06 08:15:28,빌라투룸,50110519,매매,05,경기도 광주시 양벌동,광주시,양벌동,32000,0,32000,63.18,19.11,2,l대출잘나오는l실매물l 퇴근길이 행복해지는 아늑한 내 집,https://www.zigbang.com/home/apt/items/50110519
2026-09-06 08:15:28,빌라투룸,50120540,월세,05,경기도 광주시 양벌동,광주시,양벌동,200,70,0,73.78,22.32,3,l미래l 넓은쓰리룸 대단지 빠른문의 빠른입주,https://www.zigbang.com/home/apt/items/50120540
2026-09-06 08:15:28,빌라투룸,50133778,월세,05,경기도 광주시 양벌동,광주시,양벌동,200,70,0,58.49,17.69,3,공실공실 단기단기 월세월세,https://www.zigbang.com/home/apt/items/50133778
2026-09-06 08:15:28,빌라투룸,50196174,매매,05,경기도 광주시 양벌동,광주시,양벌동,14500,0,14500,49.89,15.09,2,실매물실사진 성남권 분당권 조용하고 상태좋은 깔끔함 바로,https://www.zigbang.com/home/apt/items/50196174
2026-09-06 08:15:28,빌라투룸,50234488,매매,05,경기도 광주시 양벌동,광주시,양벌동,18500,0,18500,59.7,18.06,3,"초교.중학교 도보통학 가능, 마트등 편의시설 인접, 평지",https://www.zigbang.com/home/apt/items/50234488
2026-09-06 08:15:28,빌라투룸,50247488,매매,06,경기도 광주시 양벌동,광주시,양벌동,32900,0,32900,76.02,23.0,4,성남권분당권 엘베있는 급매 복층빌라 실매물실사진 놓치면후회,https://www.zigbang.com/home/apt/items/50247488
2026-09-06 08:15:28,빌라투룸,50247536,매매,05,경기도 광주시 매산동,광주시,매산동,11000,0,11000,71.31,21.57,1,실매물실사진 광주역 성남권 조용하고 상태좋음 도로변,https://www.zigbang.com/home/apt/items/50247536
2026-09-06 08:15:28,빌라투룸,50258739,매매,05,경기도 광주시 양벌동,광주시,양벌동,15500,0,15500,47.58,14.39,2,"대로변 버스정류장 도보3분, 양벌초 도보권",https://www.zigbang.com/home/apt/items/50258739
2026-09-06 08:15:28,빌라투룸,50272384,매매,05,경기도 광주시 고산동,광주시,고산동,17900,0,17900,74.58,22.56,1,"o호텔급리모델링o 방3화2 성남,판교인접 소액으로 대출가능",https://www.zigbang.com/home/apt/items/50272384
2026-09-06 08:15:28,빌라투룸,50291644,매매,05,경기도 광주시 태전동,광주시,태전동,16500,0,16500,59.8,18.09,1,"테라스가 있는 관리잘된 상태 A급 3룸, 대로변 도보 4분",https://www.zigbang.com/home/apt/items/50291644
2026-09-06 08:15:28,빌라투룸,50291906,매매,05,경기도 광주시 양벌동,광주시,양벌동,17500,0,17500,77.28,23.38,1,양벌동 올수리 3룸 전용넓은 집 찾는다면 여기요,https://www.zigbang.com/home/apt/items/50291906
2026-09-06 08:15:28,빌라투룸,50297433,매매,05,경기도 광주시 장지동,광주시,장지동,23500,0,23500,59,17.85,2,"대로변 도보1분, 2층로얄층, 채광 좋은 남향, 완전 평지",https://www.zigbang.com/home/apt/items/50297433
2026-09-06 08:15:29,빌라투룸,49844024,매매,05,경기도 광주시 목현동,광주시,목현동,17500,0,17500,56.86,17.2,3,"엘베있는 로얄3층, 깨끗하게 관리된 실사진 실매물",https://www.zigbang.com/home/apt/items/49844024
2026-09-06 08:15:29,빌라투룸,50012282,매매,05,경기도 광주시 목현동,광주시,목현동,18000,0,18000,62.78,18.99,2,"주변시세대비 급매, 넓게 잘빠진 구조",https://www.zigbang.com/home/apt/items/50012282
2026-09-06 08:15:29,빌라투룸,50067353,매매,06,경기도 광주시 목현동,광주시,목현동,25000,0,25000,76.6,23.17,2,"귀한4룸, 개인창고, 텃밭, 테라스 있을꺼 다있는 로얄2층",https://www.zigbang.com/home/apt/items/50067353
2026-09-06 08:15:29,빌라투룸,50081756,매매,05,경기도 광주시 태전동,광주시,태전동,18500,0,18500,59.94,18.13,2,위치좋은 주택가 깔끔하고밝은집 신축급매물 인근시세대비 저렴,https://www.zigbang.com/home/apt/items/50081756
2026-09-06 08:15:29,빌라투룸,50081885,매매,05,경기도 광주시 목현동,광주시,목현동,17500,0,17500,45.29,13.7,2,위치좋은 주택가 인접 준신축급 매물 시세대비 저렴한매물,https://www.zigbang.com/home/apt/items/50081885
2026-09-06 08:15:29,빌라투룸,50082512,매매,05,경기도 광주시 삼동,광주시,삼동,15500,0,15500,47.5,14.37,3,삼동역세권 위치좋은 인근시세대비 저렴 구조잘나온 신축급매물,https://www.zigbang.com/home/apt/items/50082512
2026-09-06 08:15:29,빌라투룸,50154771,매매,05,경기도 광주시 중대동,광주시,중대동,15500,0,15500,59.84,18.1,3,위치좋은 주택가에 인접한 깨끗한 준신축급매물 시세대비저렴한,https://www.zigbang.com/home/apt/items/50154771
2026-09-06 08:15:29,빌라투룸,50156706,매매,05,경기도 광주시 중대동,광주시,중대동,11700,0,11700,66.1,20.0,반지하,급매 햇빛도 잘드는지층 올수리 올리모델링,https://www.zigbang.com/home/apt/items/50156706
2026-09-06 08:15:29,빌라투룸,50206472,매매,05,경기도 광주시 삼동,광주시,삼동,15900,0,15900,44.86,13.57,3,성남권 삼동역 조용하고 상태좋은 깔끔함 바로 요기요,https://www.zigbang.com/home/apt/items/50206472
2026-09-06 08:15:29,빌라투룸,50217868,매매,05,경기도 광주시 목현동,광주시,목현동,15500,0,15500,45.9,13.88,2,"그림같은 숲전망, 대로변 도보 8분거리, 새집같은 컨디션",https://www.zigbang.com/home/apt/items/50217868
2026-09-06 08:15:29,빌라투룸,50258649,매매,05,경기도 광주시 중대동,광주시,중대동,16000,0,16000,72.04,21.79,4,"전용22평 넓은 구조, 가격많이 다운된 급매",https://www.zigbang.com/home/apt/items/50258649
2026-09-06 08:15:29,빌라투룸,50258668,매매,05,경기도 광주시 목현동,광주시,목현동,19000,0,19000,62.78,18.99,1,4년전 올수리된 깨끗한집,https://www.zigbang.com/home/apt/items/50258668
2026-09-06 08:15:29,빌라투룸,50259961,매매,05,경기도 광주시 삼동,광주시,삼동,36500,0,36500,78.06,23.61,3,실매물실사진 넓은평수 성남권 신축현장 바로입주 가능,https://www.zigbang.com/home/apt/items/50259961
2026-09-06 08:15:29,빌라투룸,50260741,매매,05,경기도 광주시 중대동,광주시,중대동,17000,0,17000,59.8,18.09,1,"삼동역 1정거장 환승, 넓은 거실과주방, 대로변 도보10분",https://www.zigbang.com/home/apt/items/50260741
2026-09-06 08:15:29,빌라투룸,50283745,매매,05,경기도 광주시 목현동,광주시,목현동,18500,0,18500,55.13,16.68,3,l대출잘나오는l실매물l 이 가격에 이 집 진짜 마지막 기회,https://www.zigbang.com/home/apt/items/50283745
2026-09-06 08:15:33,빌라투룸,50249609,월세,04,경기도 하남시 덕풍동,하남시,덕풍동,2000,60,0,46.28,14.0,반지하,올수리 투룸 반지층 월세입니다,https://www.zigbang.com/home/apt/items/50249609
2026-09-06 08:15:33,빌라투룸,50255396,월세,04,경기도 하남시 덕풍동,하남시,덕풍동,300,60,0,33,9.98,1,풀옵션 투룸 3개월이상 단기 가능합니다,https://www.zigbang.com/home/apt/items/50255396
2026-09-06 08:15:33,빌라투룸,50262401,전세,05,경기도 하남시 천현동,하남시,천현동,23000,0,0,63.36,19.17,2,2년전 올수리 했던 집으로 현재 깨끗합니다.,https://www.zigbang.com/home/apt/items/50262401
2026-09-06 08:15:33,빌라투룸,50266211,월세,04,경기도 하남시 덕풍동,하남시,덕풍동,1000,50,0,33,9.98,1,모든 살림살이 있는 풀옵션 투룸 기숙사 환영합니딘,https://www.zigbang.com/home/apt/items/50266211
2026-09-06 08:15:33,빌라투룸,50288998,월세,05,경기도 하남시 덕풍동,하남시,덕풍동,8000,50,0,62.58,18.93,3,방3 넓은 거실 집 컨디션 좋아요.,https://www.zigbang.com/home/apt/items/50288998
2026-09-06 08:15:33,빌라투룸,50290617,월세,05,경기도 하남시 덕풍동,하남시,덕풍동,3000,80,0,67,20.27,3,넓은 쓰리룸 저렴한 월세입니다.,https://www.zigbang.com/home/apt/items/50290617
2026-09-06 08:15:33,빌라투룸,50294471,월세,04,경기도 하남시 덕풍동,하남시,덕풍동,2000,45,0,39,11.8,1,방2 1.5층 위치 좋고 컨디션 좋은편입니다.,https://www.zigbang.com/home/apt/items/50294471
2026-09-06 08:15:33,빌라투룸,50296153,월세,04,경기도 하남시 덕풍동,하남시,덕풍동,30000,30,0,50.64,15.32,3,테라스있는 쓰리룸 같은 투룸,https://www.zigbang.com/home/apt/items/50296153
2026-09-06 08:15:34,빌라투룸,49543424,매매,06,경기도 하남시 망월동,하남시,망월동,240000,0,240000,100,30.25,2,실입주가능 총보증금 9.9억 정남향 코너위치 엘리베이터0K,https://www.zigbang.com/home/apt/items/49543424
2026-09-06 08:15:34,빌라투룸,49932870,매매,06,경기도 하남시 망월동,하남시,망월동,280000,0,280000,99.17,30.0,3,"인테리어굿 4가구 필로티 주차편리 총 보증금 1,780억원",https://www.zigbang.com/home/apt/items/49932870
2026-09-06 08:15:34,빌라투룸,50204863,월세,04,경기도 하남시 망월동,하남시,망월동,28500,65,0,60,18.15,2,"넓은 투룸,에어컨, 붙박이장, 산책로뷰",https://www.zigbang.com/home/apt/items/50204863
2026-09-06 08:15:34,빌라투룸,50260590,월세,05,경기도 하남시 망월동,하남시,망월동,30000,80,0,75,22.69,1,전세대출O보증보험O 지하복층 넓은구조 해가잘드는 남쪽방향,https://www.zigbang.com/home/apt/items/50260590
2026-09-06 08:15:34,빌라투룸,50268751,매매,06,경기도 하남시 망월동,하남시,망월동,260000,0,260000,273.73,82.8,1,나만의 1가구단독세대 정남향 조경 잘 조성된 독립된단독주택,https://www.zigbang.com/home/apt/items/50268751
2026-09-06 08:15:34,빌라투룸,50279136,매매,05,경기도 하남시 망월동,하남시,망월동,260000,0,260000,99.17,30.0,2,따뜻한 정남향 4세대 복층구조 총 보증금 18억 갭투자가능,https://www.zigbang.com/home/apt/items/50279136
2026-09-06 08:15:34,빌라투룸,50279142,매매,05,경기도 하남시 망월동,하남시,망월동,320000,0,320000,99.17,30.0,3,실 입주가능 총보증금 12억7000만원 대지평수 108평,https://www.zigbang.com/home/apt/items/50279142
2026-09-06 08:15:34,빌라투룸,50295976,매매,06,경기도 하남시 망월동,하남시,망월동,280000,0,280000,135,40.84,3,"인테리어굿 4가구 필로티 주차편리 총 보증금 1,780억원",https://www.zigbang.com/home/apt/items/50295976
2026-09-06 08:15:34,빌라투룸,49932098,매매,05,경기도 김포시 통진읍 서암리,김포시,통진읍,19600,0,19600,62.27,18.84,3,대단지 신축급 신축급 쓰리룸,https://www.zigbang.com/home/apt/items/49932098
2026-09-06 08:15:34,빌라투룸,50180454,전세,05,경기도 김포시 통진읍 마송리,김포시,통진읍,17000,0,0,59.6,18.03,9,"D1 무융자,버팀목0, 허그안심전세, 넓은거실과 3룸,화2",https://www.zigbang.com/home/apt/items/50180454
2026-09-06 08:15:34,빌라투룸,50183400,월세,04,경기도 김포시 통진읍 마송리,김포시,통진읍,1000,50,0,45,13.61,2,귀  한  투룸,https://www.zigbang.com/home/apt/items/50183400
2026-09-06 08:15:34,빌라투룸,50238588,매매,05,경기도 김포시 통진읍 서암리,김포시,통진읍,16000,0,16000,55.59,16.82,4,엘o 17년식 통진 급매 준신축 학세권 1억대 최저실입가능,https://www.zigbang.com/home/apt/items/50238588
2026-09-06 08:15:34,빌라투룸,50290326,매매,05,경기도 김포시 통진읍 서암리,김포시,통진읍,16500,0,16500,57.93,17.52,1,"최소실입주금가능,통베란다,넓은집",https://www.zigbang.com/home/apt/items/50290326
2026-09-06 08:15:34,빌라투룸,50070993,매매,05,경기도 김포시 대곶면 율생리,김포시,대곶면,18300,0,18300,56.56,17.11,3,S급 관리된 방3화2 추천,https://www.zigbang.com/home/apt/items/50070993
2026-09-06 08:15:34,빌라투룸,49980795,전세,04,경기도 김포시 통진읍 마송리,김포시,통진읍,7000,0,0,45,13.61,2,귀한 투룸  전세,https://www.zigbang.com/home/apt/items/49980795
2026-09-06 08:15:34,빌라투룸,50237671,매매,05,경기도 김포시 통진읍 도사리,김포시,통진읍,16700,0,16700,51.03,15.44,2,신축급 컨디션 좋은쓰리룸 최저실입주금 가능합니다,https://www.zigbang.com/home/apt/items/50237671
2026-09-06 08:15:35,빌라투룸,49852856,매매,05,경기도 김포시 사우동,김포시,사우동,12500,0,12500,44.75,13.54,4,사우역 도보권 최저가 3룸 인프라 최고,https://www.zigbang.com/home/apt/items/49852856
2026-09-06 08:15:35,빌라투룸,50101706,매매,05,경기도 김포시 사우동,김포시,사우동,17800,0,17800,50.26,15.2,2,사우역세권 구조좋은 A급컨디션 쓰리룸 공실,https://www.zigbang.com/home/apt/items/50101706
2026-09-06 08:15:35,빌라투룸,50110032,매매,05,경기도 김포시 사우동,김포시,사우동,31300,0,31300,53.15,16.08,1,l대출잘나오는l실매물l 자금부족 고민끝 진짜빌라 확인,https://www.zigbang.com/home/apt/items/50110032
2026-09-06 08:15:35,빌라투룸,50153281,매매,05,경기도 김포시 사우동,김포시,사우동,17500,0,17500,50.26,15.2,3,사우역 도보가능 역세권 신축급쓰리룸 최저입주금 가능,https://www.zigbang.com/home/apt/items/50153281
2026-09-06 08:15:35,빌라투룸,50157704,매매,05,경기도 김포시 북변동,김포시,북변동,18900,0,18900,51.63,15.62,3,마지막 역대급 급급매 초대형 쓰리룸,https://www.zigbang.com/home/apt/items/50157704
2026-09-06 08:15:35,빌라투룸,50162382,매매,05,경기도 김포시 감정동,김포시,감정동,13900,0,13900,34.9,10.56,3,"위치,학군 좋은 실매물 3룸 최저실입주금 대출가능",https://www.zigbang.com/home/apt/items/50162382
2026-09-06 08:15:35,빌라투룸,50229898,매매,05,경기도 김포시 사우동,김포시,사우동,17000,0,17000,45.04,13.62,5,초급매 사우동 역세권 3룸 준신축 역대급 금액,https://www.zigbang.com/home/apt/items/50229898
2026-09-06 08:15:35,빌라투룸,50280476,매매,05,경기도 김포시 사우동,김포시,사우동,25800,0,25800,47.76,14.45,4,엘o 20년식 방3 급매물 사우역 초역세권 최저실입가능,https://www.zigbang.com/home/apt/items/50280476
2026-09-06 08:15:35,빌라투룸,49982838,매매,05,경기도 고양시 일산서구 대화동,고양시 일산서구,대화동,21800,0,21800,56.66,17.14,2,준신축 방3 GTX 대화역 인접 가성비 급매물 최저실입주금,https://www.zigbang.com/home/apt/items/49982838
2026-09-06 08:15:35,빌라투룸,50146493,월세,05,경기도 고양시 일산서구 덕이동,고양시 일산서구,덕이동,3000,80,0,52.1,15.76,3,덕이동 즉시입주 조용한 위치 공실 쓰리룸월세,https://www.zigbang.com/home/apt/items/50146493
2026-09-06 08:15:35,빌라투룸,50162232,매매,05,경기도 고양시 일산서구 대화동,고양시 일산서구,대화동,18000,0,18000,52.64,15.92,2,o급매물o 대화동 급매물 준신축3룸입니다 최저실입주금 환영,https://www.zigbang.com/home/apt/items/50162232
2026-09-06 08:15:35,빌라투룸,50237971,매매,05,경기도 고양시 일산서구 대화동,고양시 일산서구,대화동,18000,0,18000,52.81,15.97,2,급매 올수리 공실 최저입주금 진행 ok 문의주세요,https://www.zigbang.com/home/apt/items/50237971
2026-09-06 08:15:35,빌라투룸,50243483,매매,05,경기도 고양시 일산서구 대화동,고양시 일산서구,대화동,20500,0,20500,56.66,17.14,2,2015년식 깔끔한 신축급 3룸 남향 급매 빠른 입주 가능,https://www.zigbang.com/home/apt/items/50243483
2026-09-06 08:15:35,빌라투룸,50272285,매매,05,경기도 고양시 일산서구 가좌동,고양시 일산서구,가좌동,17500,0,17500,59.88,18.11,4,o대형평수급매물o방3화2 올리모델링 신축급 소액으로대출가능,https://www.zigbang.com/home/apt/items/50272285
2026-09-06 08:15:35,빌라투룸,50286106,월세,05,경기도 고양시 일산서구 덕이동,고양시 일산서구,덕이동,13000,10,0,50.6,15.31,1,반전세 빠른입주가능 1층 테라스세대,https://www.zigbang.com/home/apt/items/50286106
2026-09-06 08:15:36,빌라투룸,50070987,매매,05,경기도 고양시 덕양구 토당동,고양시 덕양구,토당동,39500,0,39500,45.23,13.68,4,능곡역 도보5분컷 방3화2,https://www.zigbang.com/home/apt/items/50070987
2026-09-06 08:15:36,빌라투룸,50116374,월세,04,경기도 고양시 일산동구 백석동,고양시 일산동구,백석동,1000,65,0,50,15.12,2,일산병원앞 조용한 주택  옵션 에어콘 가스랜지 신발장있음,https://www.zigbang.com/home/apt/items/50116374
2026-09-06 08:15:36,빌라투룸,50117353,월세,04,경기도 고양시 일산동구 백석동,고양시 일산동구,백석동,1000,55,0,40,12.1,2,"깔끔하게 수리될 투룸이며, 백석역 버스정류장 도보 5분내",https://www.zigbang.com/home/apt/items/50117353
2026-09-06 08:15:36,빌라투룸,50200510,매매,05,경기도 고양시 일산동구 풍동,고양시 일산동구,풍동,21000,0,21000,57.67,17.45,1,풍동 방3 17년식 백마역 초역세권 테라스 최저실입가능,https://www.zigbang.com/home/apt/items/50200510
2026-09-06 08:15:36,빌라투룸,50230907,월세,04,경기도 고양시 일산동구 백석동,고양시 일산동구,백석동,500,45,0,45,13.61,반지하,백석1동사무소 반지하 투룸  깔금,https://www.zigbang.com/home/apt/items/50230907
2026-09-06 08:15:36,빌라투룸,50243030,월세,06,경기도 고양시 일산동구 백석동,고양시 일산동구,백석동,5000,100,0,343.8,104.0,3,3층 독채로 방4개 화장실2개  옥탑다락 공간사용가능,https://www.zigbang.com/home/apt/items/50243030
2026-09-06 08:15:36,빌라투룸,50270161,월세,05,경기도 고양시 일산동구 백석동,고양시 일산동구,백석동,3000,100,0,89.26,27.0,3,역세권 3룸화장실2 조용  3층독채,https://www.zigbang.com/home/apt/items/50270161
2026-09-06 08:15:36,빌라투룸,50298444,월세,04,경기도 고양시 일산동구 마두동,고양시 일산동구,마두동,3000,30,0,49.59,15.0,2,밝고 깨끗한 2층투룸,https://www.zigbang.com/home/apt/items/50298444
2026-09-06 08:15:37,빌라투룸,50071002,매매,05,경기도 고양시 덕양구 주교동,고양시 덕양구,주교동,21900,0,21900,55.34,16.74,2,S급 가성비 3룸화2 추천,https://www.zigbang.com/home/apt/items/50071002
2026-09-06 08:15:37,빌라투룸,50223213,월세,05,경기도 고양시 일산동구 사리현동,고양시 일산동구,사리현동,1000,50,0,50.61,15.31,4,벽제초인근 깔끔한 쓰리룸,https://www.zigbang.com/home/apt/items/50223213
2026-09-06 08:15:37,빌라투룸,50252603,전세,05,경기도 고양시 덕양구 주교동,고양시 덕양구,주교동,25000,0,0,57.15,17.29,3,"신축,전세대출 가능,복층,넓은테라스,방3,화2,엘베O,주차",https://www.zigbang.com/home/apt/items/50252603
2026-09-06 08:15:37,빌라투룸,50162445,매매,05,경기도 고양시 일산동구 성석동,고양시 일산동구,성석동,14900,0,14900,55,16.64,2,o급매물o 신축급3룸 최저실입주금 대출가능,https://www.zigbang.com/home/apt/items/50162445
2026-09-06 08:15:37,빌라투룸,50215763,매매,05,경기도 고양시 일산동구 성석동,고양시 일산동구,성석동,15000,0,15000,56.72,17.16,2,생활권 위치 굿 준신축 방3화2,https://www.zigbang.com/home/apt/items/50215763
2026-09-06 08:15:37,빌라투룸,50234960,매매,05,경기도 고양시 일산동구 성석동,고양시 일산동구,성석동,16500,0,16500,69.66,21.07,1,성석동 3룸 초급매 유럽풍 디자인 대단지 빌라,https://www.zigbang.com/home/apt/items/50234960
2026-09-06 08:15:37,빌라투룸,50267593,매매,05,경기도 고양시 일산동구 성석동,고양시 일산동구,성석동,16000,0,16000,49.73,15.04,2,2018년식 상태좋은 방3화2,https://www.zigbang.com/home/apt/items/50267593
2026-09-06 08:15:37,빌라투룸,50268203,월세,05,경기도 파주시 조리읍 대원리,파주시,조리읍,50,70,0,54.1,16.37,2,공실공실 단기단기 월세월세,https://www.zigbang.com/home/apt/items/50268203
2026-09-06 08:15:37,빌라투룸,50281420,매매,05,경기도 고양시 일산동구 성석동,고양시 일산동구,성석동,16000,0,16000,50.04,15.14,3,최저가 성석동 단지형 빌라 방3화2 신축급컨디션 급매,https://www.zigbang.com/home/apt/items/50281420
2026-09-06 08:15:37,빌라투룸,50284204,매매,05,경기도 고양시 일산동구 설문동,고양시 일산동구,설문동,16500,0,16500,59.31,17.94,1,"최소실입주금가능,고급신축급3룸 ,공실 즉시입주가능",https://www.zigbang.com/home/apt/items/50284204
2026-09-06 08:15:37,빌라투룸,50289523,매매,05,경기도 고양시 일산동구 성석동,고양시 일산동구,성석동,15000,0,15000,50.04,15.14,3,"공실,최소실입주금가능,신축급3룸,주차좋습니다",https://www.zigbang.com/home/apt/items/50289523
2026-09-06 08:15:37,빌라투룸,50292530,매매,05,경기도 고양시 일산동구 성석동,고양시 일산동구,성석동,13000,0,13000,57.17,17.29,4,"급매매, 관리상태우수, 쓰리룸, 엘베유, 아젤리아",https://www.zigbang.com/home/apt/items/50292530
2026-09-06 08:15:37,빌라투룸,50301417,매매,05,경기도 파주시 조리읍 대원리,파주시,조리읍,15800,0,15800,44.63,13.5,4,급매 신축급컨디션 쓰리룸 최저입주금 가능합니다,https://www.zigbang.com/home/apt/items/50301417
2026-09-06 08:15:37,빌라투룸,49865028,매매,05,경기도 파주시 아동동,파주시,아동동,17500,0,17500,68.41,20.69,4,금촌역 도보1분이내 넓은3룸 갓성비매물 문의환영,https://www.zigbang.com/home/apt/items/49865028
2026-09-06 08:15:37,빌라투룸,50055868,월세,05,경기도 파주시 검산동,파주시,검산동,2000,83,0,47.62,14.4,3,NO.1귀한월세 관리 잘된 채광좋고 공실빌라,https://www.zigbang.com/home/apt/items/50055868
2026-09-06 08:15:37,빌라투룸,50065239,매매,05,경기도 파주시 금촌동,파주시,금촌동,17500,0,17500,63.11,19.09,3,급매 복층 테라스o 21년식 신축급,https://www.zigbang.com/home/apt/items/50065239
2026-09-06 08:15:37,빌라투룸,50069742,매매,05,경기도 파주시 금촌동,파주시,금촌동,12000,0,12000,45.54,13.78,2,금촌동 19년식 준신축 3룸 급매,https://www.zigbang.com/home/apt/items/50069742
2026-09-06 08:15:37,빌라투룸,50200813,매매,05,경기도 파주시 아동동,파주시,아동동,16800,0,16800,55.25,16.71,2,금촌역세권 가성비끝판왕 쓰리룸,https://www.zigbang.com/home/apt/items/50200813
2026-09-06 08:15:37,빌라투룸,50221082,매매,05,경기도 파주시 야동동,파주시,야동동,13500,0,13500,51.86,15.69,4,급매 준신축급 컨디션 마지막가격인하 서두르세요.,https://www.zigbang.com/home/apt/items/50221082
2026-09-06 08:15:37,빌라투룸,50226793,매매,05,경기도 파주시 금촌동,파주시,금촌동,15400,0,15400,59.26,17.93,3,시세대비 최저가 올리모델링 8년차 준신축 엘배유,https://www.zigbang.com/home/apt/items/50226793
2026-09-06 08:15:37,빌라투룸,50236152,매매,05,경기도 파주시 금촌동,파주시,금촌동,16000,0,16000,62.01,18.76,4,엘베  O 준신축 방3화2,https://www.zigbang.com/home/apt/items/50236152
2026-09-06 08:15:37,빌라투룸,50257783,매매,05,경기도 파주시 금촌동,파주시,금촌동,12000,0,12000,45.54,13.78,2,최저가 금촌역 도보10분 공실 엘리베이터 방3개 욕실2개,https://www.zigbang.com/home/apt/items/50257783
2026-09-06 08:15:37,빌라투룸,50258366,매매,05,경기도 파주시 금촌동,파주시,금촌동,12000,0,12000,45.54,13.78,2,"금촌동 초급매, 방3화2 올수리 빌라, 엘리베이터",https://www.zigbang.com/home/apt/items/50258366
2026-09-06 08:15:37,빌라투룸,50258372,매매,05,경기도 파주시 야동동,파주시,야동동,15500,0,15500,53.81,16.28,3,"올수리 공실, 실27평, 주방 거실이 큰집",https://www.zigbang.com/home/apt/items/50258372
2026-09-06 08:15:37,빌라투룸,50259040,매매,05,경기도 파주시 아동동,파주시,아동동,16800,0,16800,55.25,16.71,2,공실 금촌역도보6분 필로티위 2층세대 막힘없음 필로티주차,https://www.zigbang.com/home/apt/items/50259040
2026-09-06 08:15:37,빌라투룸,49763203,매매,05,경기도 고양시 덕양구 내유동,고양시 덕양구,내유동,13500,0,13500,48.29,14.61,2,초급매 방3화2베1 실평넓은집 버세권 편세권 대로 상담환영,https://www.zigbang.com/home/apt/items/49763203
2026-09-06 08:15:37,빌라투룸,50069803,매매,05,경기도 고양시 덕양구 내유동,고양시 덕양구,내유동,17000,0,17000,58.39,17.66,2,내유동 연식대비 가장 저렴한 준식축 꿀매,https://www.zigbang.com/home/apt/items/50069803
2026-09-06 08:15:37,빌라투룸,50189799,매매,05,경기도 고양시 덕양구 내유동,고양시 덕양구,내유동,21500,0,21500,66.39,20.08,1,개인테라스있는 준신축 급매물가격 시세대비저렴 구조잘빠진큰집,https://www.zigbang.com/home/apt/items/50189799
2026-09-06 08:15:37,빌라투룸,50235129,매매,05,경기도 고양시 덕양구 관산동,고양시 덕양구,관산동,11500,0,11500,41.79,12.64,2,조용한 주택가지역 시세대비 저렴한 신축급매물 밝은집,https://www.zigbang.com/home/apt/items/50235129
2026-09-06 08:15:37,빌라투룸,50265604,월세,05,경기도 고양시 덕양구 내유동,고양시 덕양구,내유동,200,70,0,54.45,16.47,2,l미래l 내유동 빠른문의 선착순 매물,https://www.zigbang.com/home/apt/items/50265604
2026-09-06 08:15:37,빌라투룸,50292655,월세,05,경기도 고양시 덕양구 내유동,고양시 덕양구,내유동,200,70,0,54.45,16.47,2,공실공실 단기단기 월세월세,https://www.zigbang.com/home/apt/items/50292655
2026-09-06 08:15:39,빌라투룸,50233820,월세,04,경기도 파주시 문산읍 내포리,파주시,문산읍,500,50,0,36,10.89,2,전입신고 가능 에어콘분해청소한 이노텍 인근 조용한 투,https://www.zigbang.com/home/apt/items/50233820
2026-09-06 08:15:39,빌라투룸,50254926,매매,05,경기도 파주시 문산읍 선유리,파주시,문산읍,12000,0,12000,58.1,17.58,5,공실 초특가 엘베있는 탑층 3룸2욕실 남향뻥뷰 시에2대,https://www.zigbang.com/home/apt/items/50254926
2026-09-06 08:15:39,빌라투룸,50256295,매매,05,경기도 파주시 문산읍 선유리,파주시,문산읍,13000,0,13000,72.88,22.05,4,최초입주3억대 감정가2억대 신축급 쓰리룸 1억초반대 급매,https://www.zigbang.com/home/apt/items/50256295
2026-09-06 08:15:39,빌라투룸,50247205,매매,05,경기도 파주시 파주읍 봉암리,파주시,파주읍,15800,0,15800,51.9,15.7,3,역세권 1억대 최저입주금 진행가능 방3화2,https://www.zigbang.com/home/apt/items/50247205
2026-09-06 08:15:40,빌라투룸,50233770,전세,04,경기도 양주시 장흥면 교현리,양주시,장흥면,23000,0,0,120.56,36.47,1,넓은 2룸 .전원주택,https://www.zigbang.com/home/apt/items/50233770
2026-09-06 08:15:40,빌라투룸,50233774,전세,04,경기도 양주시 장흥면 교현리,양주시,장흥면,15000,0,0,66.34,20.07,2,북한산 보이는 2층집,https://www.zigbang.com/home/apt/items/50233774
2026-09-06 08:15:41,빌라투룸,50162315,매매,05,경기도 양주시 장흥면 일영리,양주시,장흥면,18900,0,18900,79.41,24.02,6,o대형평수 급매물o 적은실입주금 대출가능한 넓은준신축3룸,https://www.zigbang.com/home/apt/items/50162315
2026-09-06 08:15:41,빌라투룸,50247073,매매,05,경기도 양주시 장흥면 일영리,양주시,장흥면,32000,0,32000,68.83,20.82,2,건축주 마진포기 급매 수입자재로 잘지은 별장같은 집,https://www.zigbang.com/home/apt/items/50247073
2026-09-06 08:15:41,빌라투룸,50247101,매매,05,경기도 양주시 장흥면 일영리,양주시,장흥면,32000,0,32000,68.83,20.82,2,건축주 마진포기 급매 수입자재로 잘지은 별장같은 집,https://www.zigbang.com/home/apt/items/50247101
2026-09-06 08:15:41,빌라투룸,50264605,매매,05,경기도 양주시 장흥면 일영리,양주시,장흥면,38000,0,38000,68.83,20.82,1,펜트하우스 넓은 테라스 있는집 고급자재로 인테리어 최상,https://www.zigbang.com/home/apt/items/50264605
2026-09-06 08:15:42,빌라투룸,49994856,매매,05,경기도 의정부시 금오동,의정부시,금오동,16500,0,16500,46.89,14.18,4,ㅁ정남향ㅁ14년식 주택등기ㅁ공실 즉시입주가능ㅁ,https://www.zigbang.com/home/apt/items/49994856
2026-09-06 08:15:42,빌라투룸,50084756,전세,05,경기도 의정부시 금오동,의정부시,금오동,22500,0,0,70.51,21.33,6,금오동 준신축 l 예쁘고 잘 지은집 l 주차 l 엘베,https://www.zigbang.com/home/apt/items/50084756
2026-09-06 08:15:42,빌라투룸,50095642,매매,05,경기도 의정부시 금오동,의정부시,금오동,22200,0,22200,71.57,21.65,4,신축  초특가 3룸,https://www.zigbang.com/home/apt/items/50095642
2026-09-06 08:15:42,빌라투룸,50110525,매매,05,경기도 의정부시 금오동,의정부시,금오동,28900,0,28900,54.08,16.36,3,l대출잘나오는l실매물l 일단 보고 결정하는 진짜 알짜배기,https://www.zigbang.com/home/apt/items/50110525
2026-09-06 08:15:42,빌라투룸,50234906,매매,05,경기도 의정부시 금오동,의정부시,금오동,20800,0,20800,72.73,22.0,4,l 초대형 3룸 l 팬트리 굿 l 신축 첫 입주 l,https://www.zigbang.com/home/apt/items/50234906
2026-09-06 08:15:42,빌라투룸,50291496,월세,05,경기도 양주시 광사동,양주시,광사동,10000,30,0,74,22.38,4,광사동 상가주택 쓰리룸입니다,https://www.zigbang.com/home/apt/items/50291496
2026-09-06 08:15:42,빌라투룸,50280860,전세,05,경기도 남양주시 진건읍 배양리,남양주시,진건읍,21000,0,0,90.48,27.37,3,"넓은3룸,화장실2,엘레베이터 없어요",https://www.zigbang.com/home/apt/items/50280860
2026-09-06 08:15:42,빌라투룸,50109417,월세,04,경기도 남양주시 별내동,남양주시,별내동,13000,50,0,50,15.12,2,조망좋은 투룸 하시입주,https://www.zigbang.com/home/apt/items/50109417
2026-09-06 08:15:42,빌라투룸,50217610,월세,05,경기도 남양주시 별내동,남양주시,별내동,30000,50,0,96.77,29.27,1,식송마을 하복층형 3룸 화2. 거실 2개. 시스템에어컨 O,https://www.zigbang.com/home/apt/items/50217610
2026-09-06 08:15:42,빌라투룸,50283114,전세,06,경기도 남양주시 별내동,남양주시,별내동,40000,0,0,74.76,22.61,3,방4 화2 복층 거실2 테라스 인테리어 뷰 좋음,https://www.zigbang.com/home/apt/items/50283114
2026-09-06 08:15:43,빌라투룸,50165465,월세,05,경기도 남양주시 진건읍 사능리,남양주시,진건읍,1000,60,0,37.86,11.45,3,"왕숙신도시인접, 쓰리룸, 주차가능,",https://www.zigbang.com/home/apt/items/50165465
2026-09-06 08:15:43,빌라투룸,50200632,월세,04,경기도 남양주시 진건읍 용정리,남양주시,진건읍,2000,80,0,66.11,20.0,4,"왕숙신도시인접, 넓은 투룸, 넓은 거실공간, 즉시입주가능",https://www.zigbang.com/home/apt/items/50200632
2026-09-06 08:15:43,빌라투룸,50220477,월세,04,경기도 남양주시 진건읍 사능리,남양주시,진건읍,1000,50,0,66,19.96,2,"왕숙신도시인접, 사릉역세권,투룸, 거실따로, 기름보일러",https://www.zigbang.com/home/apt/items/50220477
2026-09-06 08:15:43,빌라투룸,50264146,월세,04,경기도 남양주시 진건읍 용정리,남양주시,진건읍,1000,50,0,34.01,10.29,3,"왕숙신도시인접, 풀옵션제공가능, 투룸, 즉시입주가능",https://www.zigbang.com/home/apt/items/50264146
2026-09-06 08:15:43,빌라투룸,50019830,매매,05,경기도 남양주시 호평동,남양주시,호평동,22000,0,22000,59.92,18.13,4,준신축 채광주차ㆍ컨디션좋은남향집,https://www.zigbang.com/home/apt/items/50019830
2026-09-06 08:15:43,빌라투룸,50138494,매매,05,경기도 남양주시 호평동,남양주시,호평동,16000,0,16000,45.84,13.87,2,최저실입가능 ㅣ 외국인대출가능 ㅣ 디딤돌 ㅣ 방3 화2,https://www.zigbang.com/home/apt/items/50138494
2026-09-06 08:15:43,빌라투룸,50221083,월세,04,경기도 남양주시 평내동,남양주시,평내동,500,60,0,33.06,10.0,4,빌라형복층풀옵션.미니투룸,https://www.zigbang.com/home/apt/items/50221083
2026-09-06 08:15:43,빌라투룸,50252916,매매,05,경기도 남양주시 호평동,남양주시,호평동,13000,0,13000,46.28,14.0,4,조망채광주차좋은빌라,https://www.zigbang.com/home/apt/items/50252916
2026-09-06 08:15:43,빌라투룸,50263493,월세,05,경기도 남양주시 호평동,남양주시,호평동,3000,95,0,55,16.64,2,조욤한 쓰리룸,https://www.zigbang.com/home/apt/items/50263493
2026-09-06 08:15:43,빌라투룸,50277184,매매,05,경기도 남양주시 평내동,남양주시,평내동,17000,0,17000,59.7,18.06,3,"탁 트인 채광과 넓은 거실, 저렴한 가격의 준신축급 빌라",https://www.zigbang.com/home/apt/items/50277184
2026-09-06 08:15:43,빌라투룸,50277236,월세,04,경기도 남양주시 호평동,남양주시,호평동,1000,65,0,49.59,15.0,3,깔끔한 투룸 월세,https://www.zigbang.com/home/apt/items/50277236
2026-09-06 08:15:43,빌라투룸,50283640,매매,05,경기도 남양주시 평내동,남양주시,평내동,29000,0,29000,74.48,22.53,2,평내동 방3 화2 넓은평수 준신축 깔끔한 구조,https://www.zigbang.com/home/apt/items/50283640
2026-09-06 08:15:43,빌라투룸,50050302,월세,04,경기도 남양주시 오남읍 오남리,남양주시,오남읍,3000,55,0,33.06,10.0,2,오남리두산아파트쪽투룸월세,https://www.zigbang.com/home/apt/items/50050302
2026-09-06 08:15:43,빌라투룸,50071242,매매,05,경기도 남양주시 오남읍 양지리,남양주시,오남읍,23000,0,23000,59.77,18.08,3,오남역바로앞 초역세권 준신축급매물 구조잘빠진 넓은집 위치굿,https://www.zigbang.com/home/apt/items/50071242
2026-09-06 08:15:43,빌라투룸,50081762,매매,05,경기도 남양주시 오남읍 양지리,남양주시,오남읍,18900,0,18900,75.2,22.75,3,오남역 바로앞 인근 인근동일평형 시세대비 신축급매물 등장,https://www.zigbang.com/home/apt/items/50081762
2026-09-06 08:15:43,빌라투룸,50241159,매매,05,경기도 남양주시 오남읍 오남리,남양주시,오남읍,21000,0,21000,59.28,17.93,5,학세권 신축급컨디션 쓰리룸 최저입주금환영,https://www.zigbang.com/home/apt/items/50241159
2026-09-06 08:15:43,빌라투룸,50302036,매매,05,경기도 남양주시 오남읍 양지리,남양주시,오남읍,23200,0,23200,59.77,18.08,3,l대출잘나오는l실매물l 자금부족 고민끝 진짜빌라 확인,https://www.zigbang.com/home/apt/items/50302036
2026-09-06 08:15:43,빌라투룸,50097332,매매,05,경기도 남양주시 호평동,남양주시,호평동,17500,0,17500,34.96,10.58,2,17년식 준신축 쓰리룸 입니다 최소입주금 진행가능합니다,https://www.zigbang.com/home/apt/items/50097332
2026-09-06 08:15:43,빌라투룸,50164350,매매,05,경기도 남양주시 호평동,남양주시,호평동,17500,0,17500,34.96,10.58,2,급매저렴ㅣ준신축급매물ㅣ대출잘나옴ㅣ최저실입가능,https://www.zigbang.com/home/apt/items/50164350
2026-09-06 08:15:43,빌라투룸,48844868,매매,05,경기도 남양주시 진접읍 장현리,남양주시,진접읍,24000,0,24000,59.34,17.95,4,준신축  3룸 특가매매,https://www.zigbang.com/home/apt/items/48844868
2026-09-06 08:15:43,빌라투룸,50162341,매매,05,경기도 남양주시 진접읍 내각리,남양주시,진접읍,23500,0,23500,59.58,18.02,4,이쁜인테리어 급매물3룸 적은실입주금 대출가능,https://www.zigbang.com/home/apt/items/50162341
2026-09-06 08:15:43,빌라투룸,49902670,전세,05,경기도 의정부시 민락동,의정부시,민락동,22000,0,0,80,24.2,4,아주 이쁘게 건축한 넓은3룸 복층 전세,https://www.zigbang.com/home/apt/items/49902670
2026-09-06 08:15:43,빌라투룸,50104824,전세,04,경기도 의정부시 민락동,의정부시,민락동,14000,0,0,50,15.12,3,아주 깨끗한 귀한 복층형 2룸전세,https://www.zigbang.com/home/apt/items/50104824
2026-09-06 08:15:44,빌라투룸,50102696,전세,04,경기도 남양주시 진접읍 금곡리,남양주시,진접읍,13000,0,0,40,12.1,2,진접역인근 투룸,https://www.zigbang.com/home/apt/items/50102696
2026-09-06 08:15:44,빌라투룸,50212470,매매,05,경기도 남양주시 오남읍 양지리,남양주시,오남읍,20000,0,20000,68.03,20.58,2,엘o 20년식 4호선오남역세권 급매물 준신축 최저실입가능,https://www.zigbang.com/home/apt/items/50212470
2026-09-06 08:15:44,빌라투룸,50236708,월세,04,경기도 남양주시 진접읍 연평리,남양주시,진접읍,5000,100,0,40,12.1,4,연평리 테라스형 투룸,https://www.zigbang.com/home/apt/items/50236708
2026-09-06 08:15:44,빌라투룸,50236729,전세,04,경기도 남양주시 진접읍 금곡리,남양주시,진접읍,13000,0,0,26.45,8.0,2,진접역인근 투룸전세,https://www.zigbang.com/home/apt/items/50236729
2026-09-06 08:15:44,빌라투룸,50247331,매매,05,경기도 남양주시 진접읍 장현리,남양주시,진접읍,12000,0,12000,43.14,13.05,4,급매 최저입주금가능 1억대 방3화2,https://www.zigbang.com/home/apt/items/50247331
2026-09-06 08:15:44,빌라투룸,49551377,매매,05,경기도 양주시 백석읍 오산리,양주시,백석읍,12000,0,12000,63.87,19.32,4,급매 깔끔한신축급 쓰리룸 최저실입주금 가능합니다,https://www.zigbang.com/home/apt/items/49551377
2026-09-06 08:15:44,빌라투룸,50155318,매매,05,경기도 양주시 덕계동,양주시,덕계동,14000,0,14000,44.52,13.47,3,"방3화2베1. 준신축, 막힘없는뷰",https://www.zigbang.com/home/apt/items/50155318
2026-09-06 08:15:44,빌라투룸,50178055,매매,06,경기도 양주시 덕계동,양주시,덕계동,22000,0,22000,70.25,21.25,4,"방4화2베1. 준신축, 위치짱, 이사협의",https://www.zigbang.com/home/apt/items/50178055
2026-09-06 08:15:44,빌라투룸,50227202,매매,05,경기도 양주시 덕계동,양주시,덕계동,24000,0,24000,80.03,24.21,1,"왕왕 추천,입주 협의가능,에어컨2대,분양가 이하로 매매해요",https://www.zigbang.com/home/apt/items/50227202
2026-09-06 08:15:44,빌라투룸,50227226,월세,05,경기도 양주시 덕계동,양주시,덕계동,5000,130,0,136.54,41.3,3,"왕왕 추천,대형 럭셔리 최고급빌라",https://www.zigbang.com/home/apt/items/50227226
2026-09-06 08:15:44,빌라투룸,50228538,매매,05,경기도 양주시 덕계동,양주시,덕계동,14000,0,14000,68.85,20.83,8,초급매물 엘베유 준신축컨디션 최저금리 기금대출진행가능,https://www.zigbang.com/home/apt/items/50228538
2026-09-06 08:15:44,빌라투룸,50238638,매매,05,경기도 양주시 덕계동,양주시,덕계동,15000,0,15000,46.74,14.14,5,단지형 준신축 3룸 최저실입주금 진행 문의환영O,https://www.zigbang.com/home/apt/items/50238638
2026-09-06 08:15:44,빌라투룸,50267580,매매,05,경기도 양주시 덕계동,양주시,덕계동,15500,0,15500,62.04,18.77,10,"방3화2베1. 준신축, 탑층, 지하주차장, 이사협의",https://www.zigbang.com/home/apt/items/50267580
2026-09-06 08:15:44,빌라투룸,50275640,매매,05,경기도 양주시 덕계동,양주시,덕계동,17500,0,17500,61.96,18.74,2,방3화2베2. 준신축. 엘베유. 뻥뷰,https://www.zigbang.com/home/apt/items/50275640
2026-09-06 08:15:44,빌라투룸,50032161,매매,05,경기도 양주시 덕정동,양주시,덕정동,22500,0,22500,59.2,17.91,5,3룸 복층 신축 컨디션 그대로,https://www.zigbang.com/home/apt/items/50032161
2026-09-06 08:15:44,빌라투룸,50157668,매매,05,경기도 양주시 고암동,양주시,고암동,29000,0,29000,84.58,25.59,5,테라스와 미니주방이 있는 45평형 여유로운 프리미엄 복층,https://www.zigbang.com/home/apt/items/50157668
2026-09-06 08:15:44,빌라투룸,48099931,매매,05,경기도 동두천시 생연동,동두천시,생연동,16800,0,16800,76.15,23.04,5,신축 위치좋은 특가 1세대,https://www.zigbang.com/home/apt/items/48099931
2026-09-06 08:15:44,빌라투룸,50070960,매매,05,경기도 동두천시 생연동,동두천시,생연동,20500,0,20500,69.17,20.92,9,동두천역 1분컷 S급 방3화2,https://www.zigbang.com/home/apt/items/50070960
2026-09-06 08:15:44,빌라투룸,50225838,매매,05,경기도 동두천시 송내동,동두천시,송내동,13500,0,13500,48.57,14.69,4,학세권 주변 인프라 최고인 쓰리룸 최저실입가능,https://www.zigbang.com/home/apt/items/50225838
2026-09-06 08:15:44,빌라투룸,50227863,매매,05,경기도 동두천시 생연동,동두천시,생연동,14700,0,14700,59.66,18.05,2,초저렴한 신축급 주택등기 엘배유 서두르세요,https://www.zigbang.com/home/apt/items/50227863
2026-09-06 08:15:44,빌라투룸,50238029,매매,05,경기도 동두천시 생연동,동두천시,생연동,14500,0,14500,52.25,15.81,3,막힘없는 뷰 엘베있는 쓰리룸 최저입주금진행,https://www.zigbang.com/home/apt/items/50238029
2026-09-06 08:15:45,빌라투룸,49837759,매매,05,경기도 포천시 선단동,포천시,선단동,15700,0,15700,45.61,13.8,5,신축  특가 1세대,https://www.zigbang.com/home/apt/items/49837759
2026-09-06 08:15:45,빌라투룸,50072624,매매,05,경기도 포천시 선단동,포천시,선단동,12500,0,12500,55.99,16.94,5,급매.선단IC바로앞.이마트인근.엘베있음,https://www.zigbang.com/home/apt/items/50072624
2026-09-06 08:15:45,빌라투룸,50162345,매매,05,경기도 포천시 선단동,포천시,선단동,17700,0,17700,61.09,18.48,4,o사업성공한집o고급인테리어 신축급3룸 최저입주금 대출가능,https://www.zigbang.com/home/apt/items/50162345
2026-09-06 08:15:45,빌라투룸,50238703,매매,05,경기도 포천시 선단동,포천시,선단동,15700,0,15700,56.4,17.06,3,엘o 방3 포천 인프라좋은 이마트 인근 1억중반 급매물,https://www.zigbang.com/home/apt/items/50238703
2026-09-06 08:15:45,빌라투룸,50287218,매매,05,경기도 포천시 선단동,포천시,선단동,16500,0,16500,71.1,21.51,4,선단동 테라스 방3 화2 깔끔한 컨디션 유지중인 쓰리룸,https://www.zigbang.com/home/apt/items/50287218
2026-09-06 08:15:45,빌라투룸,50162405,매매,05,경기도 포천시 소흘읍 송우리,포천시,소흘읍,19500,0,19500,73.19,22.14,2,대형평수 위치좋은 신축급3룸 실입주금 없이 대출가능합니다,https://www.zigbang.com/home/apt/items/50162405
2026-09-06 08:15:45,빌라투룸,50273584,매매,05,경기도 포천시 소흘읍 송우리,포천시,소흘읍,16500,0,16500,74.12,22.42,2,o대형평수급매물o방3화2 알파룸다용도실까지 소액으로대출가능,https://www.zigbang.com/home/apt/items/50273584
2026-09-06 08:15:45,빌라투룸,50255468,월세,05,경기도 양주시 옥정동,양주시,옥정동,2000,130,0,73.6,22.26,4,"9월24일이후 집보기가능, 시스템에어컨,남향,복층테라스",https://www.zigbang.com/home/apt/items/50255468
2026-09-06 08:15:45,빌라투룸,49905878,매매,05,경기도 동두천시 상봉암동,동두천시,상봉암동,22500,0,22500,68.74,20.79,4,소요산역세권 대단지 고급 인테리어 신축 첫 입주 넓은 3룸,https://www.zigbang.com/home/apt/items/49905878
2026-09-06 08:15:45,빌라투룸,50189814,매매,05,경기도 동두천시 동두천동,동두천시,동두천동,6500,0,6500,42.07,12.73,5,동두천역세권 채광 전망 가성비 좋은 깔끔한 3룸,https://www.zigbang.com/home/apt/items/50189814
2026-09-06 08:15:45,빌라투룸,50032593,매매,05,경기도 포천시 소흘읍 이동교리,포천시,소흘읍,16500,0,16500,71.5,21.63,2,신축 느낌 그대로 엘베O,https://www.zigbang.com/home/apt/items/50032593
2026-09-06 08:15:45,빌라투룸,50149511,월세,06,경기도 양주시 옥정동,양주시,옥정동,5000,220,0,104.82,31.71,1,"초 급매,아늑한 정남향,단독주택,복층.풀 시스템에어컨",https://www.zigbang.com/home/apt/items/50149511
2026-09-06 08:15:45,빌라투룸,50255661,매매,06,경기도 양주시 옥정동,양주시,옥정동,54000,0,54000,104.82,31.71,1,"초 급매,아늑한 정남향,단독주택,복층.풀 시스템에어컨",https://www.zigbang.com/home/apt/items/50255661
2026-09-06 08:15:45,빌라투룸,50289091,매매,06,경기도 양주시 옥정동,양주시,옥정동,65000,0,65000,194.84,58.94,1,",단독주택,4룸,화3,테라스,도심속의전원생활즐겨보세요",https://www.zigbang.com/home/apt/items/50289091
2026-09-06 08:15:45,빌라투룸,50202873,매매,05,경기도 포천시 가산면 마산리,포천시,가산면,16500,0,16500,68.57,20.74,3,24년도 준공 최저실입주 가능한 단지형 신축급컨디션 빌라,https://www.zigbang.com/home/apt/items/50202873
2026-09-06 08:15:45,빌라투룸,49763977,매매,05,경기도 포천시 신읍동,포천시,신읍동,15000,0,15000,72.84,22.03,4,신읍동 엘유 방3화2 정남향 채광맛집 갓성비 문의 환영,https://www.zigbang.com/home/apt/items/49763977
2026-09-06 08:15:45,빌라투룸,49963534,매매,06,경기도 포천시 어룡동,포천시,어룡동,21000,0,21000,75.1,22.72,4,포천 특별가 완전 대형 신축빌라 첫입주  밝은 복층 테라스,https://www.zigbang.com/home/apt/items/49963534
2026-09-06 08:15:45,빌라투룸,50070973,매매,05,경기도 포천시 어룡동,포천시,어룡동,10500,0,10500,50.93,15.41,3,신축급 컨디션 방3화2,https://www.zigbang.com/home/apt/items/50070973
2026-09-06 08:15:45,빌라투룸,50156868,매매,05,경기도 포천시 어룡동,포천시,어룡동,12500,0,12500,50.93,15.41,3,어룡동 햇님어린이집 인근 넓고 밝은 정남향 집,https://www.zigbang.com/home/apt/items/50156868
2026-09-06 08:15:45,빌라투룸,50202263,매매,05,경기도 포천시 어룡동,포천시,어룡동,20000,0,20000,66.53,20.13,2,어룡동 21년식 신축급 컨디션 쓰리룸 2억 초반 급매,https://www.zigbang.com/home/apt/items/50202263
2026-09-06 08:15:45,빌라투룸,50221824,매매,05,경기도 포천시 어룡동,포천시,어룡동,18900,0,18900,75.92,22.97,1,실입주금 1000만원 가능 넓은평수 방3화2,https://www.zigbang.com/home/apt/items/50221824
2026-09-06 08:15:45,빌라투룸,50224051,매매,05,경기도 포천시 어룡동,포천시,어룡동,19300,0,19300,75.1,22.72,3,포천 가성비 최고 고급 인테리어 신축 첫 입주,https://www.zigbang.com/home/apt/items/50224051
2026-09-06 08:15:45,빌라투룸,50242772,월세,05,경기도 포천시 신읍동,포천시,신읍동,100,73,0,70.87,21.44,12,"신축넓은3룸,3개월단기부터가능,애완가능,고층뷰최고",https://www.zigbang.com/home/apt/items/50242772
2026-09-06 08:15:45,빌라투룸,50291631,매매,05,경기도 포천시 어룡동,포천시,어룡동,18700,0,18700,75.92,22.97,3,신축 첫 입주 큰평수 특가,https://www.zigbang.com/home/apt/items/50291631
2026-09-06 08:15:46,빌라투룸,50247165,매매,05,경기도 광주시 도척면 상림리,광주시,도척면,19800,0,19800,73.16,22.13,3,힐링하는 1억대 첫입주 무입주금 입주가능 산책로테라스텃밭,https://www.zigbang.com/home/apt/items/50247165
2026-09-06 08:15:46,빌라투룸,50109924,매매,05,경기도 광주시 곤지암읍 곤지암리,광주시,곤지암읍,16800,0,16800,54.11,16.37,3,l대출잘나오는l실매물l 대출 걱정 끝 허위 없는 진짜 매매,https://www.zigbang.com/home/apt/items/50109924
2026-09-06 08:15:46,빌라투룸,50162222,매매,05,경기도 광주시 곤지암읍 곤지암리,광주시,곤지암읍,15000,0,15000,51.94,15.71,2,o밝은채광급매물o방3화2 신축급컨디션 소액으로 대출가능한집,https://www.zigbang.com/home/apt/items/50162222
2026-09-06 08:15:46,빌라투룸,50162371,매매,05,경기도 광주시 도척면 진우리,광주시,도척면,17000,0,17000,64.37,19.47,3,o급매물준신축o 최저실입주금 대출가능한 3룸입니다,https://www.zigbang.com/home/apt/items/50162371
2026-09-06 08:15:46,빌라투룸,50081755,매매,05,경기도 이천시 신둔면 도암리,이천시,신둔면,14000,0,14000,59.5,18.0,1,현금 이천만원으로 입주가능 텃밭있는 빌라,https://www.zigbang.com/home/apt/items/50081755
2026-09-06 08:15:46,빌라투룸,50177265,매매,05,경기도 이천시 신둔면 도암리,이천시,신둔면,13500,0,13500,59,17.85,2,정남향 채광좋은 텃밭있는빌라,https://www.zigbang.com/home/apt/items/50177265
2026-09-06 08:15:46,빌라투룸,50247542,매매,05,경기도 이천시 신둔면 남정리,이천시,신둔면,29000,0,29000,61.62,18.64,2,적은실입주금 입주가능 실매물실사진 전절역 도보가능 넓은평수,https://www.zigbang.com/home/apt/items/50247542
2026-09-06 08:15:46,빌라투룸,50068503,매매,05,경기도 광주시 곤지암읍 삼리,광주시,곤지암읍,13500,0,13500,64.3,19.45,4,초급매 넓은3룸 올수리올리모델링 빨리잡으세요,https://www.zigbang.com/home/apt/items/50068503
2026-09-06 08:15:46,빌라투룸,50247555,매매,05,경기도 광주시 초월읍 늑현리,광주시,초월읍,25000,0,25000,63.76,19.29,3,실매물실사진 초월역 곤지암IC 막힘없는 뷰 신축급 컨디션,https://www.zigbang.com/home/apt/items/50247555
2026-09-06 08:15:46,빌라투룸,50295442,매매,06,경기도 광주시 초월읍 산이리,광주시,초월읍,34000,0,34000,73,22.08,4,"대로변 가까운 준신축 복층, 대로변 도보3분, 완전 평지",https://www.zigbang.com/home/apt/items/50295442
2026-09-06 08:15:46,빌라투룸,50098558,매매,05,경기도 광주시 초월읍 지월리,광주시,초월읍,18000,0,18000,59.31,17.94,1,지월리 3룸 준신축 테라스에 개인창고까지,https://www.zigbang.com/home/apt/items/50098558
2026-09-06 08:15:46,빌라투룸,50162506,매매,05,경기도 광주시 쌍령동,광주시,쌍령동,16500,0,16500,59.75,18.07,1,o급매물테라스o 대단지 신축급3룸 적은실입주금 가능,https://www.zigbang.com/home/apt/items/50162506
2026-09-06 08:15:46,빌라투룸,50186297,매매,05,경기도 광주시 초월읍 지월리,광주시,초월읍,17500,0,17500,91.54,27.69,반지하,광주 최저가 도전. 한층 전체사용. 대형 창고함께 매매,https://www.zigbang.com/home/apt/items/50186297
2026-09-06 08:15:46,빌라투룸,50247461,매매,06,경기도 광주시 쌍령동,광주시,쌍령동,26500,0,26500,70.91,21.45,4,성남권분당권 엘베있는 급매 복층빌라 실매물실사진 놓치면후회,https://www.zigbang.com/home/apt/items/50247461
2026-09-06 08:15:46,빌라투룸,50248115,매매,05,경기도 광주시 쌍령동,광주시,쌍령동,25000,0,25000,72.52,21.94,2,"건물, 방 상태 좋은 쓰리룸 빌라 , 전세안고 매매",https://www.zigbang.com/home/apt/items/50248115
2026-09-06 08:15:46,빌라투룸,50290001,매매,05,경기도 광주시 초월읍 지월리,광주시,초월읍,15000,0,15000,51.36,15.54,2,최저실입주금 가능ㅣ외국인대출가능ㅣ신축급컨디션ㅣ급매저렴,https://www.zigbang.com/home/apt/items/50290001
2026-09-06 08:15:46,빌라투룸,49721680,매매,05,경기도 광주시 초월읍 대쌍령리,광주시,초월읍,23500,0,23500,132.67,40.13,1,합법지복층 전용약40평 진짜큰집 직접보셔요 방3화3,https://www.zigbang.com/home/apt/items/49721680
2026-09-06 08:15:46,빌라투룸,49890014,매매,05,경기도 광주시 초월읍 대쌍령리,광주시,초월읍,17000,0,17000,50.97,15.42,3,"급매, 넓은3룸 컨디션 좋습니다",https://www.zigbang.com/home/apt/items/49890014
2026-09-06 08:15:46,빌라투룸,49997467,매매,06,경기도 광주시 초월읍 대쌍령리,광주시,초월읍,21000,0,21000,53.09,16.06,4,엘베있는 복층 초월역 실매물실사진 파격가로 가격내림,https://www.zigbang.com/home/apt/items/49997467
2026-09-06 08:15:46,빌라투룸,49997652,매매,05,경기도 광주시 초월읍 대쌍령리,광주시,초월읍,24000,0,24000,57.57,17.41,4,초월역세권  복층 테라스 구조  채광좋고 구조좋은 이쁜집,https://www.zigbang.com/home/apt/items/49997652
2026-09-06 08:15:46,빌라투룸,50085076,매매,05,경기도 광주시 초월읍 쌍동리,광주시,초월읍,21500,0,21500,57.81,17.49,4,실매물실사진 뷰맛집 복층급매물 넓은평수 적은 실입주금 가능,https://www.zigbang.com/home/apt/items/50085076
2026-09-06 08:15:46,빌라투룸,50109944,매매,06,경기도 광주시 초월읍 쌍동리,광주시,초월읍,34000,0,34000,59.8,18.09,4,l대출잘나오는l실매물l 승인율 최고 자금 걱정 끝냅니다,https://www.zigbang.com/home/apt/items/50109944
2026-09-06 08:15:46,빌라투룸,50110554,매매,05,경기도 광주시 초월읍 대쌍령리,광주시,초월읍,31000,0,31000,72.91,22.06,2,l대출잘나오는l실매물l 버스정류장 도보1분거리 귀하다,https://www.zigbang.com/home/apt/items/50110554
2026-09-06 08:15:46,빌라투룸,50279895,매매,05,경기도 광주시 초월읍 쌍동리,광주시,초월읍,29800,0,29800,69.68,21.08,3,신축 최저입주금 진행가능 초월역 가까운 위치 방3화2,https://www.zigbang.com/home/apt/items/50279895
2026-09-06 08:15:46,빌라투룸,50281042,매매,05,경기도 광주시 초월읍 쌍동리,광주시,초월읍,22500,0,22500,54.17,16.39,1,초월 역세권 대형테라스세대 방3화2 신축급컨디션 급매,https://www.zigbang.com/home/apt/items/50281042
2026-09-06 08:15:46,빌라투룸,50285478,매매,05,경기도 광주시 초월읍 쌍동리,광주시,초월읍,20900,0,20900,66.31,20.06,3,쌍동리 방3 화2 빠른이사가능 가성비 좋은 쓰리룸,https://www.zigbang.com/home/apt/items/50285478
2026-09-06 08:15:46,빌라투룸,50289980,매매,05,경기도 광주시 초월읍 대쌍령리,광주시,초월읍,17000,0,17000,58.57,17.72,2,신축급 쓰리룸ㅣ대출 가능ㅣ컨디션 최상,https://www.zigbang.com/home/apt/items/50289980
2026-09-06 08:15:46,빌라투룸,50221917,매매,05,경기도 광주시 곤지암읍 오향리,광주시,곤지암읍,17000,0,17000,60.63,18.34,4,"급매, 넓은3룸 적은 입주금으로 내 집 마련",https://www.zigbang.com/home/apt/items/50221917
2026-09-06 08:15:46,빌라투룸,50235186,매매,05,경기도 광주시 곤지암읍 열미리,광주시,곤지암읍,21000,0,21000,53.16,16.08,3,위치좋은 조용한 주택가 준신축급매물 평형대비 시세보다싼매물,https://www.zigbang.com/home/apt/items/50235186
2026-09-06 08:15:47,빌라투룸,50068569,월세,05,경기도 이천시 부발읍 신원리,이천시,부발읍,3000,80,0,73.71,22.3,3,"쓰리룸빌라 애완동물가능, 숙소가능",https://www.zigbang.com/home/apt/items/50068569
2026-09-06 08:15:47,빌라투룸,50069973,월세,04,경기도 이천시 부발읍 무촌리,이천시,부발읍,1000,60,0,39.67,12.0,4,이천시 무촌리 부발초 맞은편 투룸월세,https://www.zigbang.com/home/apt/items/50069973
2026-09-06 08:15:47,빌라투룸,50156073,월세,05,경기도 이천시 부발읍 무촌리,이천시,부발읍,1000,80,0,52.54,15.89,4,"10월말입주, 사이즈넓은빌라쓰리룸",https://www.zigbang.com/home/apt/items/50156073
2026-09-06 08:15:47,빌라투룸,50257416,전세,04,경기도 이천시 부발읍 무촌리,이천시,부발읍,8000,0,0,31.23,9.45,3,하이닉스 출퇴근 하기좋은 부발 신축투룸월세 즉시입주가능,https://www.zigbang.com/home/apt/items/50257416
2026-09-06 08:15:47,빌라투룸,50081712,매매,05,경기도 이천시 신둔면 도암리,이천시,신둔면,17000,0,17000,71.67,21.68,4,도암초등학교 맞은편 대단지신축빌라 급매,https://www.zigbang.com/home/apt/items/50081712
2026-09-06 08:15:47,빌라투룸,50293566,매매,04,경기도 이천시 신둔면 도봉리,이천시,신둔면,4700,0,4700,41.56,12.57,2,올 리모델링한 착한 가격의 빌라매매,https://www.zigbang.com/home/apt/items/50293566
2026-09-06 08:15:47,빌라투룸,50295611,매매,05,경기도 이천시 백사면 모전리,이천시,백사면,13900,0,13900,58.57,17.72,3,급매 모전리 이페리온 준신축급 쓰리룸 동일평형 최저가 매매,https://www.zigbang.com/home/apt/items/50295611
2026-09-06 08:15:47,빌라투룸,50221427,월세,04,경기도 여주시 월송동,여주시,월송동,1000,62,0,40,12.1,2,"신축급 깨끗한 투룸 ,즉시입주",https://www.zigbang.com/home/apt/items/50221427
2026-09-06 08:15:47,빌라투룸,50247629,매매,04,경기도 여주시 흥천면 내사리,여주시,흥천면,29500,0,29500,98.19,29.7,1,건평30평 대지150평 실사진실매물 집주인 거주중 준신축급,https://www.zigbang.com/home/apt/items/50247629
2026-09-06 08:15:48,빌라투룸,50085100,매매,05,경기도 광주시 퇴촌면 관음리,광주시,퇴촌면,14500,0,14500,58.34,17.65,1,텃밭 실매물실사진 도로변 근처 평지 상태좋은 방3 욕실2개,https://www.zigbang.com/home/apt/items/50085100
2026-09-06 08:15:48,빌라투룸,50247094,매매,04,경기도 광주시 퇴촌면 도수리,광주시,퇴촌면,10500,0,10500,56.4,17.06,2,실매물실사진 급매물빌라 상태좋음 퇴촌 시내권 도로변 초중학,https://www.zigbang.com/home/apt/items/50247094
2026-09-06 08:15:48,빌라투룸,50247175,매매,05,경기도 광주시 퇴촌면 관음리,광주시,퇴촌면,9500,0,9500,51.44,15.56,4,실매물실사진 급매물빌라 상태좋음 도로변 공기좋고 위치좋고,https://www.zigbang.com/home/apt/items/50247175
2026-09-06 08:15:48,빌라투룸,50247523,매매,05,경기도 광주시 퇴촌면 광동리,광주시,퇴촌면,15500,0,15500,64,19.36,3,실사진실매물 퇴촌농협 시내권 위치 막힘없는뷰 옥상 사용가능,https://www.zigbang.com/home/apt/items/50247523
2026-09-06 08:15:48,빌라투룸,50301819,매매,05,경기도 광주시 퇴촌면 관음리,광주시,퇴촌면,19900,0,19900,74.51,22.54,2,대형평수 신축급 실매물실사진 공기 좋은 평지에위치,https://www.zigbang.com/home/apt/items/50301819
2026-09-06 08:15:49,빌라투룸,50212513,월세,04,경기도 여주시 점봉동,여주시,점봉동,200,72,0,45,13.61,2,공동주택 투룸 저렴한가격,https://www.zigbang.com/home/apt/items/50212513
2026-09-06 08:15:49,빌라투룸,50232283,월세,04,경기도 여주시 가업동,여주시,가업동,1000,55,0,40,12.1,4,"깨끗하고 저렴한 투룸 , 협의 빠른입주 가능,  풀옵션",https://www.zigbang.com/home/apt/items/50232283
2026-09-06 08:15:49,빌라투룸,50232405,월세,04,경기도 여주시 점봉동,여주시,점봉동,500,68,0,50,15.12,3,"투룸  빠른입주,풀옵션 숙소 이용하기 좋아요.",https://www.zigbang.com/home/apt/items/50232405
2026-09-06 08:15:49,빌라투룸,50235141,매매,05,경기도 여주시 현암동,여주시,현암동,16500,0,16500,48.17,14.57,2,위치좋은 주택가지역 신축급매물 2층짜리 이쁜집 시세대비저렴,https://www.zigbang.com/home/apt/items/50235141
2026-09-06 08:15:49,빌라투룸,50253860,월세,04,경기도 여주시 점봉동,여주시,점봉동,1000,70,0,39.67,12.0,3,"신축급 에어컨 3대, 상태최상,입주 빠른 입주 협의가능",https://www.zigbang.com/home/apt/items/50253860
2026-09-06 08:15:49,빌라투룸,50298245,월세,04,경기도 여주시 점봉동,여주시,점봉동,1000,70,0,42.9,12.98,3,점봉동 신축급 풀옵션 투룸월세입니다.보증금 조정가능,https://www.zigbang.com/home/apt/items/50298245
2026-09-06 08:15:49,빌라투룸,50300511,월세,04,경기도 여주시 하동,여주시,하동,1000,67,0,42.98,13.0,2,여주시내 하동 세종병원인근 풀옵션 투룸입니다.,https://www.zigbang.com/home/apt/items/50300511
2026-09-06 08:15:50,빌라투룸,49901923,월세,04,강원도 원주시 지정면 가곡리,원주시,지정면,1000,75,0,69.42,21.0,3,클릭 섬강중학교 맞은편 준신축 넓은 풀옵션 투룸,https://www.zigbang.com/home/apt/items/49901923
2026-09-06 08:15:50,빌라투룸,50246872,월세,04,강원도 원주시 우산동,원주시,우산동,300,58,0,46.28,14.0,2,클릭 상지대정문 도보8분거리 깔끔한 풀옵션 투룸,https://www.zigbang.com/home/apt/items/50246872
2026-09-06 08:15:52,빌라투룸,50128030,매매,05,경기도 남양주시 화도읍 묵현리,남양주시,화도읍,12000,0,12000,68.49,20.72,2,천마산역 도보 내부수리 관리잘된 깔끔한 쓰리룸 로열층 급매,https://www.zigbang.com/home/apt/items/50128030
2026-09-06 08:15:52,빌라투룸,50290646,월세,05,경기도 남양주시 화도읍 묵현리,남양주시,화도읍,1000,70,0,55.65,16.83,3,"oO주차편한빌라,방3,화2,조용한곳위치Oo",https://www.zigbang.com/home/apt/items/50290646
2026-09-06 08:15:52,빌라투룸,49037016,매매,05,경기도 남양주시 화도읍 묵현리,남양주시,화도읍,24500,0,24500,58.57,17.72,4,신축 조망좋은  특가 3룸,https://www.zigbang.com/home/apt/items/49037016
2026-09-06 08:15:52,빌라투룸,49916561,매매,05,경기도 남양주시 화도읍 묵현리,남양주시,화도읍,16000,0,16000,52.98,16.03,3,올리모델링 보일러교체 입주청소까지 완료된 깔끔한쓰리룸,https://www.zigbang.com/home/apt/items/49916561
2026-09-06 08:15:52,빌라투룸,50032141,매매,05,경기도 남양주시 화도읍 마석우리,남양주시,화도읍,17000,0,17000,69.3,20.96,2,깨끗한 3룸 엘베없는 2층매물,https://www.zigbang.com/home/apt/items/50032141
2026-09-06 08:15:52,빌라투룸,50067787,매매,05,경기도 남양주시 화도읍 창현리,남양주시,화도읍,21000,0,21000,50.26,15.2,3,최저입주금가능ㅣ외국인대출가능ㅣ엘베OKㅣ디딤돌 ㅣ 컨디션최상,https://www.zigbang.com/home/apt/items/50067787
2026-09-06 08:15:52,빌라투룸,50147631,매매,05,경기도 남양주시 화도읍 녹촌리,남양주시,화도읍,27000,0,27000,59.76,18.08,3,l대출잘나오는l실매물l 대출 걱정 끝 허위 없는 진짜 매매,https://www.zigbang.com/home/apt/items/50147631
2026-09-06 08:15:52,빌라투룸,50151089,매매,05,경기도 남양주시 화도읍 차산리,남양주시,화도읍,36000,0,36000,84.94,25.69,1,100프로 실매물 최저 실입주금 상담가능,https://www.zigbang.com/home/apt/items/50151089
2026-09-06 08:15:52,빌라투룸,50158092,매매,04,경기도 남양주시 화도읍 창현리,남양주시,화도읍,7500,0,7500,40.37,12.21,4,올수리 갭투자500만원 입주협의,https://www.zigbang.com/home/apt/items/50158092
2026-09-06 08:15:52,빌라투룸,50224211,월세,04,경기도 남양주시 화도읍 창현리,남양주시,화도읍,1000,60,0,30,9.07,1,빠른입주가능한 1층 투룸,https://www.zigbang.com/home/apt/items/50224211
2026-09-06 08:15:52,빌라투룸,50224254,월세,05,경기도 남양주시 화도읍 창현리,남양주시,화도읍,1000,80,0,50,15.12,2,10월초 입주가능 2층 쓰리룸,https://www.zigbang.com/home/apt/items/50224254
2026-09-06 08:15:52,빌라투룸,50286126,매매,05,경기도 남양주시 화도읍 창현리,남양주시,화도읍,27000,0,27000,69.25,20.95,2,창현리 방3 화2 깔끔한 컨디션 유지중인 쓰리룸,https://www.zigbang.com/home/apt/items/50286126
2026-09-06 08:15:52,빌라투룸,50290641,월세,04,경기도 남양주시 화도읍 창현리,남양주시,화도읍,1000,60,0,27.01,8.17,1,"oO사이즈 좋은 투룸,깔끔,화도체육문화센터인근위치Oo",https://www.zigbang.com/home/apt/items/50290641
2026-09-06 08:15:52,빌라투룸,50005996,월세,04,경기도 남양주시 화도읍 마석우리,남양주시,화도읍,3000,40,0,33.06,10.0,2,공실 수리된집 기름보일러 전세6000가능,https://www.zigbang.com/home/apt/items/50005996
2026-09-06 08:15:52,빌라투룸,50290643,월세,04,경기도 남양주시 화도읍 마석우리,남양주시,화도읍,2000,60,0,46.6,14.1,3,"oO풀옵션 투룸,주차편리,CCTV,엘베,마석역초근접Oo",https://www.zigbang.com/home/apt/items/50290643
2026-09-06 08:15:52,빌라투룸,50290644,월세,05,경기도 남양주시 화도읍 마석우리,남양주시,화도읍,1000,50,0,47.85,14.47,1,"oO쓰리룸,입주협의,마석역초근접,주차불가,생활편리Oo",https://www.zigbang.com/home/apt/items/50290644
2026-09-06 08:15:52,빌라투룸,50269156,월세,05,경기도 남양주시 화도읍 가곡리,남양주시,화도읍,3000,100,0,103.5,31.31,1,"올수리 방3,화2 넓은구조 주차가능",https://www.zigbang.com/home/apt/items/50269156
2026-09-06 08:15:55,빌라투룸,50174325,월세,04,강원도 홍천군 남면 양덕원리,홍천군,남면,2000,50,0,39.67,12.0,3,풀옵션 투룸홍천 남면.즉시입주.전세가능,https://www.zigbang.com/home/apt/items/50174325
2026-09-06 08:15:55,빌라투룸,50292132,전세,04,강원도 홍천군 남면 양덕원리,홍천군,남면,4500,0,0,38.76,11.72,3,깨끗한 풀옵션 미니투룸.반전세가능,https://www.zigbang.com/home/apt/items/50292132
2026-09-06 08:15:56,빌라투룸,49965815,월세,04,강원도 홍천군 홍천읍 갈마곡리,홍천군,홍천읍,2000,50,0,39.67,12.0,2,풀옵션 거실있는 투룸  심플한 인테리어,https://www.zigbang.com/home/apt/items/49965815
2026-09-06 08:15:56,빌라투룸,50105046,월세,05,강원도 홍천군 홍천읍 갈마곡리,홍천군,홍천읍,2000,80,0,99.17,30.0,4,상태좋은 쓰리룸전망있고 개인옥상있음전망트임,https://www.zigbang.com/home/apt/items/50105046
2026-09-06 08:15:56,빌라투룸,50109311,월세,04,강원도 홍천군 홍천읍 갈마곡리,홍천군,홍천읍,5000,30,0,49.59,15.0,2,즉시입주가능  옵션있는 투룸 인테리어최상 전세1억 가능,https://www.zigbang.com/home/apt/items/50109311
2026-09-06 08:15:56,빌라투룸,50130614,전세,04,강원도 홍천군 홍천읍 갈마곡리,홍천군,홍천읍,10000,0,0,42.98,13.0,4,허위ZERO위치좋고 가격좋은,https://www.zigbang.com/home/apt/items/50130614
2026-09-06 08:15:56,빌라투룸,50197788,전세,04,강원도 홍천군 홍천읍,홍천군,홍천읍,10000,0,0,48.96,14.81,2,투룸 풀옵션 방2.거실.반전세가능,https://www.zigbang.com/home/apt/items/50197788
2026-09-06 08:15:56,빌라투룸,50267555,월세,04,강원도 홍천군 홍천읍 연봉리,홍천군,홍천읍,500,52,0,33.06,10.0,2,연봉투룸 투룸 옵션있는 투룸,https://www.zigbang.com/home/apt/items/50267555
2026-09-06 08:15:57,빌라투룸,49865871,월세,04,강원도 춘천시 동내면 학곡리,춘천시,동내면,500,57,0,45,13.61,3,ㅣ학곡리 내ㅣ주차편리ㅣ깔끔한 인테리어ㅣ신축투룸ㅣ,https://www.zigbang.com/home/apt/items/49865871
2026-09-06 08:15:57,빌라투룸,49971539,월세,04,강원도 춘천시 동내면 학곡리,춘천시,동내면,500,53,0,46.28,14.0,2,학곡리 조용학 주차편한 좋은 구조의 투룸,https://www.zigbang.com/home/apt/items/49971539
2026-09-06 08:15:57,빌라투룸,49992121,월세,04,강원도 춘천시 동내면 학곡리,춘천시,동내면,500,49,0,42,12.7,2,"ㅁㅁ 학곡리 신축 풀옵션 투룸, 엘리베이터,",https://www.zigbang.com/home/apt/items/49992121
2026-09-06 08:15:57,빌라투룸,50104933,월세,04,강원도 춘천시 동내면 학곡리,춘천시,동내면,500,57,0,48,14.52,3,학곡리 인테리어 좋은 신축급 투룸,https://www.zigbang.com/home/apt/items/50104933
2026-09-06 08:15:57,빌라투룸,50203416,월세,04,강원도 춘천시 동내면 학곡리,춘천시,동내면,1000,57,0,46.28,14.0,2,일조량좋은 엘베있는 주차편리한 투룸 월세,https://www.zigbang.com/home/apt/items/50203416
2026-09-06 08:15:57,빌라투룸,50221149,매매,05,강원도 춘천시 동내면 학곡리,춘천시,동내면,45000,0,45000,88.4,26.74,1,전원생활하면서텃밭가꾸기 좋은 매물이며 주변시세대비저렴함,https://www.zigbang.com/home/apt/items/50221149
2026-09-06 08:15:57,빌라투룸,50241514,월세,05,강원도 춘천시 동내면 학곡리,춘천시,동내면,3000,110,0,132.23,40.0,4,"학곡리.신축,주인세대 .대형3룸",https://www.zigbang.com/home/apt/items/50241514
2026-09-06 08:15:57,빌라투룸,50241556,전세,04,강원도 춘천시 동내면 학곡리,춘천시,동내면,11000,0,0,49.59,15.0,3,"준신축2룸.풀옵션 전세.엘베, 주차장 넓어요",https://www.zigbang.com/home/apt/items/50241556
2026-09-06 08:15:57,빌라투룸,50269045,월세,04,강원도 춘천시 동내면 학곡리,춘천시,동내면,500,57,0,45.01,13.62,3,l학곡리 l컨디션 좋은l  풀옵션 으로 몸만 들어오세요l,https://www.zigbang.com/home/apt/items/50269045
2026-09-06 08:15:57,빌라투룸,50298672,월세,04,강원도 춘천시 동내면 학곡리,춘천시,동내면,500,53,0,45,13.61,2,"ㅁㅁ 학곡리 신축, 풀옵션 투룸 월세,",https://www.zigbang.com/home/apt/items/50298672
2026-09-06 08:15:57,빌라투룸,50029166,월세,04,강원도 춘천시 우두동,춘천시,우두동,1000,68,0,46.28,14.0,3,우두동 신축 깨끗하고 넓은 투룸,https://www.zigbang.com/home/apt/items/50029166
2026-09-06 08:15:57,빌라투룸,50071891,월세,04,강원도 춘천시 소양로1가,춘천시,소양로1가,500,60,0,42.98,13.0,2,신축급 깔끔한 다가구주택 투룸 옵션 있어요,https://www.zigbang.com/home/apt/items/50071891
2026-09-06 08:15:57,빌라투룸,50072669,월세,04,강원도 춘천시 교동,춘천시,교동,500,55,0,45,13.61,4,"한림대 남향 채광 좋은 투룸, 풀옵션, 베란다, 즉시 입주",https://www.zigbang.com/home/apt/items/50072669
2026-09-06 08:15:57,빌라투룸,50086453,월세,04,강원도 춘천시 후평동,춘천시,후평동,500,60,0,52.89,16.0,1,후평동 거실 넓은 투룸,https://www.zigbang.com/home/apt/items/50086453
2026-09-06 08:15:57,빌라투룸,50093453,월세,04,강원도 춘천시 우두동,춘천시,우두동,1000,70,0,50,15.12,2,단독테라스가 있는 럭셔리 AAA급 신축급 투룸,https://www.zigbang.com/home/apt/items/50093453
2026-09-06 08:15:57,빌라투룸,50141120,월세,04,강원도 춘천시 우두동,춘천시,우두동,500,53,0,39,11.8,2,"ㅁㅁ 우두동 두미르쪽, 신축 풀옵션 투룸,",https://www.zigbang.com/home/apt/items/50141120
2026-09-06 08:15:57,빌라투룸,50142963,월세,04,강원도 춘천시 우두동,춘천시,우두동,500,60,0,40,12.1,2,"ㅁㅁ 신축 풀옵션 투룸, 인테리어 좋아요,",https://www.zigbang.com/home/apt/items/50142963
2026-09-06 08:15:57,빌라투룸,50169743,월세,04,강원도 춘천시 우두동,춘천시,우두동,500,70,0,50,15.12,2,ㅣ테라스있는 투룸ㅣ거실있고 공간 넓습니다.ㅣ,https://www.zigbang.com/home/apt/items/50169743
2026-09-06 08:15:57,빌라투룸,50179450,월세,04,강원도 춘천시 요선동,춘천시,요선동,1000,65,0,45.01,13.62,2,ㅣ강원도청ㅣ 명동ㅣ 도보이동ㅣ 즉시입주 ㅣ,https://www.zigbang.com/home/apt/items/50179450
2026-09-06 08:15:57,빌라투룸,50223499,월세,04,강원도 춘천시 우두동,춘천시,우두동,1000,65,0,50,15.12,3,ㅣ우두택지ㅣ조용하고ㅣ주차편리ㅣ채광 굿ㅣ깔끔한 인테리어ㅣ,https://www.zigbang.com/home/apt/items/50223499
2026-09-06 08:15:57,빌라투룸,50225086,월세,04,강원도 춘천시 우두동,춘천시,우두동,500,60,0,45,13.61,2,우두동 인테리어 AAA급 신축급 퉅룸,https://www.zigbang.com/home/apt/items/50225086
2026-09-06 08:15:57,빌라투룸,50248094,월세,05,강원도 춘천시 후평동,춘천시,후평동,1000,70,0,78.75,23.82,2,"반려동물 가능, 신축급 쓰리룸, 주차 편리, 즉시입주가능",https://www.zigbang.com/home/apt/items/50248094
2026-09-06 08:15:57,빌라투룸,50302126,월세,04,강원도 춘천시 우두동,춘천시,우두동,500,55,0,40,12.1,2,ㅣ우두 두미르 부근ㅣ주차편리ㅣ깔끔한 인테리어ㅣ신축투룸ㅣ,https://www.zigbang.com/home/apt/items/50302126
2026-09-06 08:15:57,빌라투룸,50221086,매매,04,강원도 춘천시 신북읍 천전리,춘천시,신북읍,31000,0,31000,82.98,25.1,1,신북읍 천전리 언덕지곳에 위치한 전원주택 방2개,https://www.zigbang.com/home/apt/items/50221086
2026-09-06 08:15:58,빌라투룸,50045682,월세,05,경상북도 문경시 농암면 사현리,문경시,농암면,1000,45,0,155,46.89,1,푸른 산을 품은 정겨운 기와집,https://www.zigbang.com/home/apt/items/50045682
2026-09-06 08:15:59,빌라투룸,50045101,매매,05,경상북도 상주시 함창읍 구향리,상주시,함창읍,3500,0,3500,63.47,19.2,5,상태좋고 경치 좋습니다,https://www.zigbang.com/home/apt/items/50045101
2026-09-06 08:15:59,빌라투룸,50069301,매매,05,경상북도 문경시 모전동,문경시,모전동,16300,0,16300,77.36,23.4,3,"정남향으로 샤시까지 전체 올리모델링 ,집 상태 최상입니다",https://www.zigbang.com/home/apt/items/50069301
2026-09-06 08:15:59,빌라투룸,50239656,매매,05,경상북도 문경시 공평동,문경시,공평동,14000,0,14000,76.03,23.0,2,"급급매,엘리베이터 있는 신축급 빌라 입니다",https://www.zigbang.com/home/apt/items/50239656
2026-09-06 08:15:59,빌라투룸,50014728,월세,04,경상북도 문경시 점촌동,문경시,점촌동,500,55,0,50,15.12,3,점촌1동 동사무소 인근 투룸 월세,https://www.zigbang.com/home/apt/items/50014728
2026-09-06 08:15:59,빌라투룸,50222835,매매,04,경상북도 문경시 모전동,문경시,모전동,10000,0,10000,63.47,19.2,2,"방2,화1,거실 있어요 남향에 가까운 남동향으로 일조권좋음",https://www.zigbang.com/home/apt/items/50222835
2026-09-06 08:15:59,빌라투룸,50239767,매매,05,경상북도 문경시 흥덕동,문경시,흥덕동,15500,0,15500,84.74,25.63,4,"현재 공실,집 상태  좋습니다,전실이 있어 편리합니다",https://www.zigbang.com/home/apt/items/50239767
2026-09-06 08:15:59,빌라투룸,50045095,매매,04,경상북도 문경시 산양면 부암리,문경시,산양면,11000,0,11000,85.95,26.0,1,점촌시내에서 차량으로 5분거리에 있는 언덕위의 나만의 집,https://www.zigbang.com/home/apt/items/50045095
2026-09-06 08:15:59,빌라투룸,50069663,매매,05,경상북도 문경시 흥덕동,문경시,흥덕동,10500,0,10500,79.01,23.9,5,즉시입주 가능 도시가스 부분리모델링 되어 깨끗함,https://www.zigbang.com/home/apt/items/50069663
2026-09-06 08:16:03,빌라투룸,50152154,월세,05,경상북도 영주시 영주동,영주시,영주동,5000,53,0,84,25.41,3,영주초인근 쓰리룸 반전세 전세가능,https://www.zigbang.com/home/apt/items/50152154
2026-09-06 08:16:03,빌라투룸,50214366,월세,04,경상북도 영주시 휴천동,영주시,휴천동,500,57,0,28.06,8.49,2,대영고인근 준신축급  밝은 투룸입니다,https://www.zigbang.com/home/apt/items/50214366
2026-09-06 08:16:38,빌라투룸,50150443,월세,04,강원도 강릉시 교동,강릉시,교동,500,65,0,54,16.33,2,관리잘된집  강릉원주대인근  풀옵션투룸 도배새로해줌,https://www.zigbang.com/home/apt/items/50150443
2026-09-06 08:16:38,빌라투룸,50228426,월세,04,강원도 강릉시 홍제동,강릉시,홍제동,1000,67,0,56.2,17.0,2,즉시가   풀옵션 투룸  도시가스 주차시설  도배새로함,https://www.zigbang.com/home/apt/items/50228426
2026-09-06 08:18:00,빌라투룸,50226992,월세,05,울산시 동구 방어동,동구,방어동,1000,100,0,84.18,25.46,12,"넓은거실, 방3개, 화장실2, 신축급, 바다전망있음",https://www.zigbang.com/home/apt/items/50226992
2026-09-06 08:18:00,빌라투룸,50233776,월세,04,울산시 동구 일산동,동구,일산동,500,61,0,60,18.15,2,V우수V 일렉트릭 근처 거실넓음,https://www.zigbang.com/home/apt/items/50233776
2026-09-06 08:18:00,빌라투룸,50233778,월세,04,울산시 동구 화정동,동구,화정동,1000,65,0,60,18.15,5,V우수V 거실2 테라스까지 모델하우스같은집,https://www.zigbang.com/home/apt/items/50233778
2026-09-06 08:18:00,빌라투룸,50233779,월세,04,울산시 동구 일산동,동구,일산동,500,56,0,60,18.15,2,V우수V 일렉트릭근처 방2 거실,https://www.zigbang.com/home/apt/items/50233779
2026-09-06 08:18:00,빌라투룸,50238084,월세,04,울산시 동구 전하동,동구,전하동,500,60,0,59.5,18.0,2,"전속,거실,방2칸,화이트톤깔끔스타일,에어컨2대.기본옵션.",https://www.zigbang.com/home/apt/items/50238084
2026-09-06 08:18:00,빌라투룸,50238286,월세,04,울산시 동구 전하동,동구,전하동,500,60,0,59.5,18.0,2,"전속,올리모델링된 거실,방2칸.옵션올교체..구조좋고2명살기",https://www.zigbang.com/home/apt/items/50238286
2026-09-06 08:18:00,빌라투룸,50244092,월세,04,울산시 동구 방어동,동구,방어동,300,41,0,50.12,15.16,2,풀옵션. 컨디션 채광 좋은 방2 주방 따로,https://www.zigbang.com/home/apt/items/50244092
2026-09-06 08:18:00,빌라투룸,50244910,월세,04,울산시 동구 방어동,동구,방어동,200,42,0,45,13.61,2,방어진회센타인근 투룸 즉시입주 풀옵션 집밝아요,https://www.zigbang.com/home/apt/items/50244910
2026-09-06 08:18:00,빌라투룸,50250444,월세,04,울산시 동구 화정동,동구,화정동,1000,61,0,66.12,20.0,2,V우수V 거실 완전 넓은집,https://www.zigbang.com/home/apt/items/50250444
2026-09-06 08:18:00,빌라투룸,50259633,월세,04,울산시 동구 방어동,동구,방어동,300,44,0,50,15.12,2,방2 주방 저렴한 가격 실사진,https://www.zigbang.com/home/apt/items/50259633
2026-09-06 08:18:00,빌라투룸,50262633,월세,04,울산시 동구 전하동,동구,전하동,500,60,0,59.5,18.0,2,"전속,해잘들고,거실,방2칸 구조좋은 깔끔한스타일.2명살기",https://www.zigbang.com/home/apt/items/50262633
2026-09-06 08:18:00,빌라투룸,50265623,월세,04,울산시 동구 방어동,동구,방어동,300,44,0,52.89,16.0,2,ㄴ최저가매물 2015년식 방2 미쓰 풀옵 현차출퇴근용이,https://www.zigbang.com/home/apt/items/50265623
2026-09-06 08:18:04,빌라투룸,50233780,월세,04,울산시 동구 전하동,동구,전하동,1000,70,0,70,21.17,3,V우수V 산속의집,https://www.zigbang.com/home/apt/items/50233780
2026-09-06 08:18:04,빌라투룸,50233781,전세,04,울산시 동구 전하동,동구,전하동,8000,0,0,66.12,20.0,2,"V우수V 대학병원,중공업정문 근처",https://www.zigbang.com/home/apt/items/50233781
2026-09-06 08:18:04,빌라투룸,50266468,월세,04,울산시 동구 전하동,동구,전하동,1000,70,0,59.5,18.0,3,예쁜집ㅣ깔끔한ㅣ방2개ㅣ넓은거실,https://www.zigbang.com/home/apt/items/50266468
2026-09-06 08:18:04,빌라투룸,50294668,월세,04,울산시 동구 전하동,동구,전하동,300,56,0,60,18.15,2,V우수V 중공업전하문근처 남향집,https://www.zigbang.com/home/apt/items/50294668
2026-09-06 08:18:04,빌라투룸,50073756,월세,05,울산시 북구 염포동,북구,염포동,1000,50,0,90.1,27.26,3,리모델링된방 방3 복층 넓은공간,https://www.zigbang.com/home/apt/items/50073756
2026-09-06 08:18:10,빌라투룸,50046682,월세,04,경상북도 포항시 남구 오천읍 문덕리,포항시 남구,오천읍,1000,50,0,59.5,18.0,2,준신축 넓은정투룸 2층남향 풀옵션,https://www.zigbang.com/home/apt/items/50046682
2026-09-06 08:18:10,빌라투룸,50082831,월세,04,경상북도 포항시 남구 오천읍 원리,포항시 남구,오천읍,500,35,0,66,19.96,3,메인상권근처.중간층정투룸,https://www.zigbang.com/home/apt/items/50082831
2026-09-06 08:18:10,빌라투룸,50121190,월세,04,경상북도 포항시 남구 오천읍 원리,포항시 남구,오천읍,500,30,0,40,12.1,3,문덕파출소인근 풀옵션 정투룸,https://www.zigbang.com/home/apt/items/50121190
2026-09-06 08:18:10,빌라투룸,50166115,월세,04,경상북도 포항시 남구 오천읍 원리,포항시 남구,오천읍,300,28,0,52.89,16.0,4,정투룸 풀옵션 가성비최고,https://www.zigbang.com/home/apt/items/50166115
2026-09-06 08:18:10,빌라투룸,50184691,월세,04,경상북도 포항시 남구 오천읍 원리,포항시 남구,오천읍,300,40,0,59,17.85,3,롯데리아인근 깨끗하고 넓은 풀옵션투룸,https://www.zigbang.com/home/apt/items/50184691
2026-09-06 08:18:10,빌라투룸,50184693,월세,05,경상북도 포항시 남구 오천읍 문덕리,포항시 남구,오천읍,500,50,0,85,25.71,4,방3 욕실2 수리되어 깔끔한 내부,https://www.zigbang.com/home/apt/items/50184693
2026-09-06 08:18:10,빌라투룸,50219675,월세,05,경상북도 포항시 남구 오천읍 원리,포항시 남구,오천읍,2000,70,0,125.62,38.0,4,"가구,가전제품완비 대형쓰리룸 내부수리완료",https://www.zigbang.com/home/apt/items/50219675
2026-09-06 08:18:10,빌라투룸,50224698,월세,04,경상북도 포항시 남구 오천읍 원리,포항시 남구,오천읍,500,30,0,49.59,15.0,3,포은중인근 옵션가능투룸,https://www.zigbang.com/home/apt/items/50224698
2026-09-06 08:18:10,빌라투룸,50243192,월세,04,경상북도 포항시 남구 오천읍 원리,포항시 남구,오천읍,300,35,0,56,16.94,2,넓고 해 잘드는 바로2층 투룸 원동치매안심센터앞,https://www.zigbang.com/home/apt/items/50243192
2026-09-06 08:18:10,빌라투룸,50251993,월세,04,경상북도 포항시 남구 오천읍 문덕리,포항시 남구,오천읍,300,30,0,49.59,15.0,3,저렴한 풀옵션 투룸,https://www.zigbang.com/home/apt/items/50251993
2026-09-06 08:18:10,빌라투룸,50270500,월세,04,경상북도 포항시 남구 오천읍 원리,포항시 남구,오천읍,300,33,0,56.2,17.0,3,풀옵션투룸.당일입주,https://www.zigbang.com/home/apt/items/50270500
2026-09-06 08:18:10,빌라투룸,50285177,월세,04,경상북도 포항시 남구 오천읍 원리,포항시 남구,오천읍,500,30,0,49.59,15.0,3,문덕파출소인근 투룸,https://www.zigbang.com/home/apt/items/50285177
2026-09-06 08:18:10,빌라투룸,50295247,월세,04,경상북도 포항시 남구 오천읍 원리,포항시 남구,오천읍,300,35,0,50,15.12,2,치매안심센터앞 깨끗한투룸,https://www.zigbang.com/home/apt/items/50295247
2026-09-06 08:19:26,오피스텔,50243794,매매,02,제주도 서귀포시 대정읍 보성리,서귀포시,대정읍,15000,0,15000,66,19.96,4,영어마을 1.5룸 오피스텔 매매,https://www.zigbang.com/home/apt/items/50243794
2026-09-06 08:19:26,오피스텔,50221326,월세,01,제주도 서귀포시 법환동,서귀포시,법환동,200,40,0,29.75,9.0,5,3개월 단기 계약 가능하며 바다가보이는 정남,https://www.zigbang.com/home/apt/items/50221326
2026-09-06 08:19:26,오피스텔,50221373,월세,01,제주도 서귀포시 법환동,서귀포시,법환동,200,30,0,29.75,9.0,2,깨끗하고 저렴한 원룸,https://www.zigbang.com/home/apt/items/50221373
2026-09-06 08:19:26,오피스텔,50272149,월세,01,제주도 서귀포시 법환동,서귀포시,법환동,200,35,0,25.26,7.64,2,신시가지 중심지 원룸 오피스텔,https://www.zigbang.com/home/apt/items/50272149
2026-09-06 08:19:26,오피스텔,50232247,월세,01,제주도 서귀포시 강정동,서귀포시,강정동,200,40,0,24,7.26,10,베란다가 있는 원룸,https://www.zigbang.com/home/apt/items/50232247
2026-09-06 08:19:26,오피스텔,50239725,전세,02,제주도 서귀포시 대포동,서귀포시,대포동,9500,0,0,52.41,15.85,3,"분리형 1,5룸 방 거실 넓음. 풀옵션. 시스템 에어컨.",https://www.zigbang.com/home/apt/items/50239725
2026-09-06 08:19:26,오피스텔,50013446,월세,02,제주도 서귀포시 중문동,서귀포시,중문동,200,45,0,60.03,18.16,5,"방,거실 분리형",https://www.zigbang.com/home/apt/items/50013446
2026-09-06 08:19:26,오피스텔,50160479,월세,01,제주도 서귀포시 중문동,서귀포시,중문동,200,38,0,43.63,13.2,7,고층.테라스창고사용가능.중문 관광단지 인근 풀옵션 원룸,https://www.zigbang.com/home/apt/items/50160479
2026-09-06 08:19:26,오피스텔,50239480,월세,01,제주도 서귀포시 중문동,서귀포시,중문동,200,30,0,40.93,12.38,7,테라스 있음. 클린하우스 코인세탁방 헬스클럽 골프퍼팅장,https://www.zigbang.com/home/apt/items/50239480
2026-09-06 08:19:26,오피스텔,50191016,월세,02,제주도 서귀포시 중문동,서귀포시,중문동,200,45,0,49.6,15.0,6,남향 바다경관 최상. 분리형 1.5룸 방 거실 넓음,https://www.zigbang.com/home/apt/items/50191016
2026-09-06 08:19:26,오피스텔,50289659,월세,02,제주도 서귀포시 중문동,서귀포시,중문동,200,40,0,47.82,14.47,8,맨윗층. 분리형 1.5룸 방 거실 넓음. 맨윗층. 동향,https://www.zigbang.com/home/apt/items/50289659
2026-09-06 08:19:26,오피스텔,50160611,월세,01,제주도 서귀포시 중문동,서귀포시,중문동,200,33,0,40.93,12.38,중,테라스 풀옵션 원룸,https://www.zigbang.com/home/apt/items/50160611
2026-09-06 08:19:26,오피스텔,50013348,월세,02,제주도 서귀포시 중문동,서귀포시,중문동,200,39,0,49.6,15.0,저,단기가능.풀옵션 1.5룸,https://www.zigbang.com/home/apt/items/50013348
2026-09-06 08:19:26,오피스텔,50160490,월세,02,제주도 서귀포시 중문동,서귀포시,중문동,200,45,0,49.6,15.0,4,바다뷰 풀옵션 분리형 원룸,https://www.zigbang.com/home/apt/items/50160490
2026-09-06 08:19:26,오피스텔,50190994,월세,01,제주도 서귀포시 중문동,서귀포시,중문동,200,35,0,37.5,11.34,7,테라스 있음. 확트인 한라산 경관. 자주식 주차. 클린하우,https://www.zigbang.com/home/apt/items/50190994
2026-09-06 08:19:26,오피스텔,50276660,월세,01,제주도 서귀포시 서귀동,서귀포시,서귀동,200,40,0,24,7.26,고,올레시장 근처 신축 오피스텔,https://www.zigbang.com/home/apt/items/50276660
2026-09-06 08:19:26,오피스텔,50276602,월세,01,제주도 서귀포시 서귀동,서귀포시,서귀동,300,60,0,49.58,15.0,6,고급스러운 원,https://www.zigbang.com/home/apt/items/50276602
2026-09-06 08:19:26,오피스텔,50276576,월세,01,제주도 서귀포시 서귀동,서귀포시,서귀동,200,40,0,24,7.26,저,더그레이튼 중앙로터리부근 오피스텔,https://www.zigbang.com/home/apt/items/50276576
2026-09-06 08:19:42,오피스텔,49911298,월세,01,제주도 제주시 조천읍 신촌리,제주시,조천읍,100,66,0,41.97,12.7,3,조천읍 신촌리 신축 막힘없는 풀옵션급 평수 넓은 원룸 년세,https://www.zigbang.com/home/apt/items/49911298
2026-09-06 08:19:42,오피스텔,50288663,월세,04,제주도 제주시 조천읍 신촌리,제주시,조천읍,100,66,0,59.29,17.94,2,조천읍 신촌리 신축 막힘없는 귀한 풀옵션급 투룸 년세,https://www.zigbang.com/home/apt/items/50288663
2026-09-06 08:21:07,오피스텔,50043864,월세,02,전남광주시 진도군 조도면 맹골도리,진도군,조도면,12345,50,0,89,26.92,1,QA SH 오피스텔3 매물입니다. 월세,https://www.zigbang.com/home/apt/items/50043864
2026-09-06 08:21:07,오피스텔,50262320,매매,01,전남광주시 진도군 조도면 맹골도리,진도군,조도면,55555,0,55555,77.88,23.56,5,지상층지상층지상층지상층지상층지상층,https://www.zigbang.com/home/apt/items/50262320
2026-09-06 08:21:07,오피스텔,50262352,월세,02,전남광주시 진도군 조도면 맹골도리,진도군,조도면,2345,50,0,77.88,23.56,9,관리비 테스트 중,https://www.zigbang.com/home/apt/items/50262352
2026-09-06 08:21:07,오피스텔,50147147,매매,05,전남광주시 진도군 조도면 맹골도리,진도군,조도면,55555,0,55555,125,37.81,옥탑방,QA SH 오피스텔 매물 7 입니다. 매매,https://www.zigbang.com/home/apt/items/50147147
2026-09-06 08:21:37,오피스텔,50158146,월세,02,전남광주시 목포시 옥암동,목포시,옥암동,200,28,0,29.97,9.07,2,"十 부흥동 주민센터 인근, 주방분리, 엘리베이터",https://www.zigbang.com/home/apt/items/50158146
2026-09-06 08:21:41,오피스텔,50186117,전세,02,전남광주시 무안군 삼향읍 남악리,무안군,삼향읍,6500,0,0,42.7,12.92,16,분리된 타입의 방입니다. 빠른입주 가능해요,https://www.zigbang.com/home/apt/items/50186117
2026-09-06 08:21:41,오피스텔,50265641,월세,01,전남광주시 무안군 삼향읍 남악리,무안군,삼향읍,300,38,0,42.7,12.92,고,오룡산과 호수 조망 깔끔한 유탑오피스텔,https://www.zigbang.com/home/apt/items/50265641
2026-09-06 08:21:41,오피스텔,50185745,월세,01,전남광주시 무안군 삼향읍 남악리,무안군,삼향읍,4500,5,0,42.7,12.92,4,월세부담 없는 반전세 매물입니다.,https://www.zigbang.com/home/apt/items/50185745
2026-09-06 08:21:41,오피스텔,50102008,월세,01,전남광주시 무안군 삼향읍 남악리,무안군,삼향읍,2500,23,0,42.7,12.92,18,도청 교육청 경찰청 도보5분거리,https://www.zigbang.com/home/apt/items/50102008
2026-09-06 08:21:41,오피스텔,50265854,월세,01,전남광주시 무안군 삼향읍 남악리,무안군,삼향읍,500,36,0,42.7,12.92,2,유탑 분리형 원룸 오피스텔 조망과 교통최상 위치,https://www.zigbang.com/home/apt/items/50265854
2026-09-06 08:21:41,오피스텔,50235529,월세,01,전남광주시 무안군 삼향읍 남악리,무안군,삼향읍,300,40,0,42.7,12.92,9,관리비가 저렴해요,https://www.zigbang.com/home/apt/items/50235529
2026-09-06 08:21:41,오피스텔,50287748,월세,01,전남광주시 무안군 삼향읍 남악리,무안군,삼향읍,4500,7,0,42.7,12.92,15,풀옵션 원룸 관리비저렴,https://www.zigbang.com/home/apt/items/50287748
2026-09-06 08:21:41,오피스텔,50153021,전세,02,전남광주시 무안군 삼향읍 남악리,무안군,삼향읍,5500,0,0,42.7,12.92,8,유리가벽있는방이로 여성분들이 매우 좋아하는 방입니다.,https://www.zigbang.com/home/apt/items/50153021
2026-09-06 08:21:41,오피스텔,50177919,월세,01,전남광주시 무안군 삼향읍 남악리,무안군,삼향읍,300,38,0,42.7,12.92,4,조용한 유탑오피스텔,https://www.zigbang.com/home/apt/items/50177919
2026-09-06 08:23:19,오피스텔,50221540,월세,02,전남광주시 나주시 빛가람동,나주시,빛가람동,1000,55,0,70.7,21.39,중,빛가람동 토담휴로스1차 분리형원룸 임대,https://www.zigbang.com/home/apt/items/50221540
2026-09-06 08:23:19,오피스텔,50185269,매매,01,전남광주시 나주시 빛가람동,나주시,빛가람동,8500,0,8500,30.77,9.31,중,생활권이 편리한 오피스텔입니다.,https://www.zigbang.com/home/apt/items/50185269
2026-09-06 08:23:19,오피스텔,50106294,월세,01,전남광주시 나주시 빛가람동,나주시,빛가람동,500,50,0,30.77,9.31,7,생활권이 편리한 깨끗한 오피스텔입니다.,https://www.zigbang.com/home/apt/items/50106294
2026-09-06 08:23:19,오피스텔,50222466,월세,04,전남광주시 나주시 빛가람동,나주시,빛가람동,1000,75,0,95.87,29.0,12,빛가람동 중흥메가티움 2룸 임대,https://www.zigbang.com/home/apt/items/50222466
2026-09-06 08:23:19,오피스텔,50139054,월세,01,전남광주시 나주시 빛가람동,나주시,빛가람동,2500,20,0,46.28,14.0,5,빛가람동 중흥메가티움2차 원룸 임대,https://www.zigbang.com/home/apt/items/50139054
2026-09-06 08:23:19,오피스텔,50173160,월세,02,전남광주시 남구 진월동,남구,진월동,200,35,0,36.25,10.97,고,ㅁ진월동 광주대생 원픽 신축 풀옵션 원룸 화이트톤 귀한방,https://www.zigbang.com/home/apt/items/50173160
2026-09-06 08:23:19,오피스텔,50191144,월세,04,전남광주시 광산구 송정동,광산구,송정동,1000,50,0,62.54,18.92,중,송정역 초역세권 도시형생활주택 월세,https://www.zigbang.com/home/apt/items/50191144
2026-09-06 08:23:19,오피스텔,50107861,월세,01,전남광주시 광산구 송정동,광산구,송정동,300,35,0,39.68,12.0,중,송정공원역 5분거리  도시형 생활주택,https://www.zigbang.com/home/apt/items/50107861
2026-09-06 08:23:19,오피스텔,50263043,월세,01,전남광주시 광산구 송정동,광산구,송정동,300,40,0,29.6,8.95,3,KORㅇ송정공원역5분ㅇ화이트톤ㅇ넉넉한수납공간ㅇ,https://www.zigbang.com/home/apt/items/50263043
2026-09-06 08:23:19,오피스텔,50254505,월세,04,전남광주시 광산구 송정동,광산구,송정동,1000,65,0,88.61,26.8,고,"송정역 역세권 오피스텔   월세,전세",https://www.zigbang.com/home/apt/items/50254505
2026-09-06 08:23:19,오피스텔,50111556,월세,01,전남광주시 광산구 송정동,광산구,송정동,300,37,0,38.97,11.79,중,풀옵션 도시형생활주택 월세,https://www.zigbang.com/home/apt/items/50111556
2026-09-06 08:23:19,오피스텔,50111527,전세,01,전남광주시 광산구 송정동,광산구,송정동,6000,0,0,39.68,12.0,저,풀옵션 오피스텔 전세,https://www.zigbang.com/home/apt/items/50111527
2026-09-06 08:23:19,오피스텔,50232217,전세,01,전남광주시 광산구 송정동,광산구,송정동,4700,0,0,16.85,5.1,고,LH 전세가능  송정공원역 5분거리  도시형 생활주택,https://www.zigbang.com/home/apt/items/50232217
2026-09-06 08:23:27,오피스텔,50055173,월세,02,전남광주시 여수시 웅천동,여수시,웅천동,1000,39,0,55.14,16.68,3,"떴다.즉시입주가능.귀한월세.전입불가,1년계약 초특가",https://www.zigbang.com/home/apt/items/50055173
2026-09-06 08:23:27,오피스텔,50132592,월세,01,전남광주시 여수시 웅천동,여수시,웅천동,1000,39,0,49.84,15.08,고,단기임대 가능한 빌트인 가전가구 풀옵션.,https://www.zigbang.com/home/apt/items/50132592
2026-09-06 08:23:27,오피스텔,50132627,월세,01,전남광주시 여수시 웅천동,여수시,웅천동,200,48,0,49.84,15.08,4,빌트인 가전 풀옵션 레지던스. 즉시입주,https://www.zigbang.com/home/apt/items/50132627
2026-09-06 08:23:27,오피스텔,50132624,월세,01,전남광주시 여수시 웅천동,여수시,웅천동,500,42,0,49.84,15.08,2,시세대비 저렴한 2층세대,https://www.zigbang.com/home/apt/items/50132624
2026-09-06 08:23:27,오피스텔,50234813,월세,01,전남광주시 여수시 학동,여수시,학동,150,38,0,24.56,7.43,7,여수 명품 원룸  그린캐슬입니다.,https://www.zigbang.com/home/apt/items/50234813
2026-09-06 08:23:27,오피스텔,50234959,월세,01,전남광주시 여수시 학동,여수시,학동,200,38,0,24.56,7.43,10,여수 명품 원룸  그린캐슬입니다. 거북공원옆. 시청인근,https://www.zigbang.com/home/apt/items/50234959
2026-09-06 08:23:29,오피스텔,50046264,월세,01,전남광주시 순천시 남정동,순천시,남정동,100,25,0,33.06,10.0,5,남정지역최대규모오피스텔 즉시입주가능,https://www.zigbang.com/home/apt/items/50046264
2026-09-06 08:24:04,오피스텔,50278291,월세,01,경상남도 진주시 정촌면 예하리,진주시,정촌면,300,34,0,61.71,18.67,5,㉧ㅡ서빈No.1구해줘홈즈ㅡ㉧추천BEST꿀방,https://www.zigbang.com/home/apt/items/50278291
2026-09-06 08:24:04,오피스텔,50168480,월세,03,경상남도 진주시 가좌동,진주시,가좌동,500,55,0,27.63,8.36,11,가좌동 역세권 신축 복층 오피스텔,https://www.zigbang.com/home/apt/items/50168480
2026-09-06 08:24:04,오피스텔,50185561,월세,01,경상남도 진주시 가좌동,진주시,가좌동,500,50,0,51,15.43,고,신진주역세권 줌테라스 원룸형 오피스텔,https://www.zigbang.com/home/apt/items/50185561
2026-09-06 08:24:04,오피스텔,50253933,월세,01,경상남도 진주시 가좌동,진주시,가좌동,500,50,0,33.06,10.0,고,신진주 역세권 줌시티 오피스텔 원룸형,https://www.zigbang.com/home/apt/items/50253933
2026-09-06 08:24:04,오피스텔,50060623,월세,01,경상남도 진주시 가좌동,진주시,가좌동,2000,40,0,53.57,16.2,고,즉시입주가능㉧ㅡ서빈No.1구해줘홈즈ㅡ㉧추천BEST꿀방,https://www.zigbang.com/home/apt/items/50060623
2026-09-06 08:24:04,오피스텔,50168381,월세,03,경상남도 진주시 가좌동,진주시,가좌동,500,55,0,55.11,16.67,중,신진주 역세권 줌테라스 복층 단기가능,https://www.zigbang.com/home/apt/items/50168381
2026-09-06 08:24:04,오피스텔,50278296,월세,03,경상남도 진주시 가좌동,진주시,가좌동,500,55,0,49.18,14.88,고,복층 꿀방 빠른입주가능 서두르세요,https://www.zigbang.com/home/apt/items/50278296
2026-09-06 08:24:04,오피스텔,50280895,월세,02,경상남도 진주시 가좌동,진주시,가좌동,1000,75,0,90.32,27.32,6,가좌동 역세권 신축 오피스텔 1.5룸 단기가능,https://www.zigbang.com/home/apt/items/50280895
2026-09-06 08:24:05,오피스텔,50273750,월세,01,경상남도 통영시 무전동,통영시,무전동,300,30,0,37.37,11.3,4,통영 중심지 신축 오피스텔 롯데마트옆 현공실 즉시입주가능,https://www.zigbang.com/home/apt/items/50273750
2026-09-06 08:24:05,오피스텔,50273728,월세,01,경상남도 통영시 무전동,통영시,무전동,500,28,0,37.37,11.3,3,통영 중심지 신축 오피스텔 롯데마트옆 현공실 즉시입주가능,https://www.zigbang.com/home/apt/items/50273728
2026-09-06 08:24:05,오피스텔,50244960,매매,04,경상남도 통영시 광도면 죽림리,통영시,광도면,8700,0,8700,74.44,22.52,6,통영 죽림신도시 방2거실1 오피스텔 매매 내부상태A급,https://www.zigbang.com/home/apt/items/50244960
2026-09-06 08:24:05,오피스텔,50177368,월세,01,경상남도 통영시 무전동,통영시,무전동,300,30,0,37.36,11.3,5,통영시 무전동 더뷰 신축처럼 깨끗한 오피스텔,https://www.zigbang.com/home/apt/items/50177368
2026-09-06 08:24:14,오피스텔,50029607,월세,04,경상남도 거제시 아주동,거제시,아주동,300,50,0,52.89,16.0,고,아주동 스타타워 투룸 월세,https://www.zigbang.com/home/apt/items/50029607
2026-09-06 08:24:14,오피스텔,50238369,월세,01,경상남도 거제시 아주동,거제시,아주동,300,40,0,49.31,14.92,중,햇살밝고  예쁜집 경동리인타워 입주 조정 가능,https://www.zigbang.com/home/apt/items/50238369
2026-09-06 08:24:14,오피스텔,50238491,월세,04,경상남도 거제시 아주동,거제시,아주동,300,48,0,70.22,21.24,17,스타타워 풀옵션 따뜻하고 시원한 투룸,https://www.zigbang.com/home/apt/items/50238491
2026-09-06 08:24:14,오피스텔,50179310,월세,02,경상남도 거제시 아주동,거제시,아주동,300,50,0,62.81,19.0,고,아주동 경동리인타워 19평 월세,https://www.zigbang.com/home/apt/items/50179310
2026-09-06 08:24:14,오피스텔,50248803,월세,02,경상남도 거제시 아주동,거제시,아주동,600,55,0,65.53,19.82,고,"경동리인타워큰평수, 세금계산서발행가능, 반려동물가능",https://www.zigbang.com/home/apt/items/50248803
2026-09-06 08:24:14,오피스텔,50029591,월세,02,경상남도 거제시 아주동,거제시,아주동,300,40,0,49.59,15.0,8,아주동 경동리인타워 분리형14평 월세,https://www.zigbang.com/home/apt/items/50029591
2026-09-06 08:24:14,오피스텔,50029623,월세,01,경상남도 거제시 아주동,거제시,아주동,300,40,0,46.28,14.0,저,아주동 경동리인타워 14평 월세,https://www.zigbang.com/home/apt/items/50029623
2026-09-06 08:24:14,오피스텔,50301356,월세,01,경상남도 거제시 아주동,거제시,아주동,500,45,0,49.31,14.92,중,경동리인타워 .신규매물.즉시입주,https://www.zigbang.com/home/apt/items/50301356
2026-09-06 08:24:14,오피스텔,50286615,월세,02,경상남도 거제시 옥포동,거제시,옥포동,500,50,0,73.76,22.31,저,롯데마트부근 이던필하우스 렌탈풀집기 투룸  몸만오세요,https://www.zigbang.com/home/apt/items/50286615
2026-09-06 08:24:14,오피스텔,50179285,월세,02,경상남도 거제시 아주동,거제시,아주동,300,45,0,46.28,14.0,중,스타타워2차 14평 미니투룸,https://www.zigbang.com/home/apt/items/50179285
2026-09-06 08:24:14,오피스텔,50295250,월세,02,경상남도 거제시 아주동,거제시,아주동,300,50,0,65.53,19.82,고,"아주동 경동리인타워 큰평수, 협의입주",https://www.zigbang.com/home/apt/items/50295250
2026-09-06 08:24:14,오피스텔,50292918,월세,04,경상남도 거제시 옥포동,거제시,옥포동,500,55,0,87.42,26.44,고,신축급 컨디션의 신화더블루 풀옵션 상태,https://www.zigbang.com/home/apt/items/50292918
2026-09-06 08:24:14,오피스텔,50205514,월세,02,경상남도 거제시 옥포동,거제시,옥포동,500,50,0,56.3,17.03,저,신화더블루 오피스텔 1.5룸 렌탈풀집기,https://www.zigbang.com/home/apt/items/50205514
2026-09-06 08:24:14,오피스텔,50286635,월세,02,경상남도 거제시 옥포동,거제시,옥포동,500,50,0,59,17.85,저,신축오피스텔 신화더블루 방1 거실 주방 렌탈풀집기,https://www.zigbang.com/home/apt/items/50286635
2026-09-06 08:24:14,오피스텔,50120360,월세,04,경상남도 거제시 옥포동,거제시,옥포동,300,40,0,80.17,24.25,저,대교2차오피스텔 도시가스 풀집기 방2 거실 투룸,https://www.zigbang.com/home/apt/items/50120360
2026-09-06 08:24:14,오피스텔,50286663,월세,02,경상남도 거제시 옥포동,거제시,옥포동,200,35,0,62.8,19.0,고,오션플라자부근 단기가능 오피스텔 방1 넓은거실 몸만오세요,https://www.zigbang.com/home/apt/items/50286663
2026-09-06 08:24:14,오피스텔,50301681,월세,04,경상남도 거제시 옥포동,거제시,옥포동,500,45,0,87.42,26.44,저,신화더블루 오피스텔 방2 투룸  풀옵션렌탈 즉시입주,https://www.zigbang.com/home/apt/items/50301681
2026-09-06 08:24:14,오피스텔,50287828,월세,04,경상남도 거제시 옥포동,거제시,옥포동,200,55,0,78,23.59,저,단기가능 렌탈풀집기 에이원오피스텔 넓은거실 방2몸만오세요,https://www.zigbang.com/home/apt/items/50287828
2026-09-06 08:24:14,오피스텔,50286654,월세,04,경상남도 거제시 옥포동,거제시,옥포동,500,45,0,85.95,26.0,저,신축같은 오피스텔  신화더블루 방2 거실 주방  최고급옵션,https://www.zigbang.com/home/apt/items/50286654
2026-09-06 08:24:14,오피스텔,50239690,월세,02,경상남도 거제시 옥포동,거제시,옥포동,200,45,0,56.54,17.1,저,"옥포동 메인거리의 가성비 좋은 오피스텔. 단기가능,상담필",https://www.zigbang.com/home/apt/items/50239690
2026-09-06 08:24:16,오피스텔,50276123,월세,02,경상남도 창원시 진해구 용원동,창원시 진해구,용원동,500,46,0,72.72,22.0,11,다인에서 귀한 방1개 거실 D형입니다,https://www.zigbang.com/home/apt/items/50276123
2026-09-06 08:24:16,오피스텔,50276183,월세,04,경상남도 창원시 진해구 용원동,창원시 진해구,용원동,500,57,0,85.95,26.0,15,조망과 일조가 좋습니다,https://www.zigbang.com/home/apt/items/50276183
2026-09-06 08:24:16,오피스텔,50091649,월세,04,경상남도 창원시 진해구 용원동,창원시 진해구,용원동,500,60,0,87.12,26.35,고,V남향V전입가능V귀한A타입V,https://www.zigbang.com/home/apt/items/50091649
2026-09-06 08:24:16,오피스텔,50273517,월세,04,경상남도 창원시 진해구 용원동,창원시 진해구,용원동,500,52,0,85.95,26.0,8,풀옵션입ㄴ미다,https://www.zigbang.com/home/apt/items/50273517
2026-09-06 08:24:16,오피스텔,50273392,월세,04,경상남도 창원시 진해구 용원동,창원시 진해구,용원동,1000,57,0,85.95,26.0,12,풀옵션 공실즉시 입주 가능,https://www.zigbang.com/home/apt/items/50273392
2026-09-06 08:24:16,오피스텔,50092360,월세,04,경상남도 창원시 진해구 용원동,창원시 진해구,용원동,300,55,0,87.77,26.55,저,V단기가능V저렴한보증금V,https://www.zigbang.com/home/apt/items/50092360
2026-09-06 08:24:16,오피스텔,50272161,월세,04,경상남도 창원시 진해구 용원동,창원시 진해구,용원동,500,52,0,85.95,26.0,5,풀옵션입니다 복층구조,https://www.zigbang.com/home/apt/items/50272161
2026-09-06 08:24:16,오피스텔,50092344,월세,04,경상남도 창원시 진해구 용원동,창원시 진해구,용원동,500,53,0,88.31,26.71,중,VV단기가능VV,https://www.zigbang.com/home/apt/items/50092344
2026-09-06 08:24:16,오피스텔,50172805,월세,01,부산시 강서구 송정동,강서구,송정동,300,35,0,44.33,13.41,14,급월세 깔끔하고 저렴한 오피스텔,https://www.zigbang.com/home/apt/items/50172805
2026-09-06 08:24:16,오피스텔,50217165,전세,01,부산시 강서구 송정동,강서구,송정동,9000,0,0,57.86,17.5,고,급전세 넓고 깔끔한 오피스텔,https://www.zigbang.com/home/apt/items/50217165
2026-09-06 08:24:16,오피스텔,50217162,전세,01,부산시 강서구 송정동,강서구,송정동,6500,0,0,46.17,13.97,고,급전세 일조권 좋고 트임 좋은 오피스텔 원룸,https://www.zigbang.com/home/apt/items/50217162
2026-09-06 08:24:16,오피스텔,50262629,월세,01,부산시 강서구 송정동,강서구,송정동,300,38,0,43.22,13.07,중,V저렴한 월세V,https://www.zigbang.com/home/apt/items/50262629
2026-09-06 08:24:16,오피스텔,50269218,월세,01,부산시 강서구 송정동,강서구,송정동,500,40,0,46.59,14.09,13,ꯁ 전입OK 송정삼정오피스텔 l 풀옵션 ꯁ,https://www.zigbang.com/home/apt/items/50269218
2026-09-06 08:24:16,오피스텔,50105093,월세,01,부산시 강서구 송정동,강서구,송정동,500,38,0,48.61,14.7,고,급월세  넓고 깔끔한 오피스텔,https://www.zigbang.com/home/apt/items/50105093
2026-09-06 08:24:16,오피스텔,50024076,월세,01,부산시 강서구 신호동,강서구,신호동,300,30,0,51.22,15.49,중,급월세 일조권 좋고 트임 좋은 집,https://www.zigbang.com/home/apt/items/50024076
2026-09-06 08:24:16,오피스텔,50241342,월세,01,부산시 강서구 송정동,강서구,송정동,500,40,0,46.59,14.09,중,ll 녹산.삼성전기 ㅣ전입0 오피스텔 ll,https://www.zigbang.com/home/apt/items/50241342
2026-09-06 08:24:16,오피스텔,50165591,월세,01,부산시 강서구 신호동,강서구,신호동,300,40,0,60.76,18.38,6,새미래오피스텔 넓은 평수 나왔네요,https://www.zigbang.com/home/apt/items/50165591
2026-09-06 08:24:16,오피스텔,50127441,월세,01,부산시 사하구 하단동,사하구,하단동,500,42,0,21.59,6.53,저,학교앞 2분 깔끔컨디션,https://www.zigbang.com/home/apt/items/50127441
2026-09-06 08:24:16,오피스텔,50262958,월세,01,부산시 사하구 하단동,사하구,하단동,1000,35,0,28.66,8.67,4,귀한 매물 ㅣ 날짜 협의가능 ㅣ동아대 앞,https://www.zigbang.com/home/apt/items/50262958
2026-09-06 08:24:19,오피스텔,50139081,월세,02,부산시 남구 대연동,남구,대연동,100,50,0,40.77,12.33,11,OOOO 단기매물 전입신고X,https://www.zigbang.com/home/apt/items/50139081
2026-09-06 08:24:19,오피스텔,50256603,월세,01,부산시 남구 대연동,남구,대연동,500,59,0,35.27,10.67,중,채광 위치 최고 큰평수 개방감있고 전입신고 가능해요,https://www.zigbang.com/home/apt/items/50256603
2026-09-06 08:24:19,오피스텔,50211920,월세,01,부산시 남구 대연동,남구,대연동,2000,40,0,27.25,8.24,고,정말 위치가 좋은 오피스텔 부경대 경성대,https://www.zigbang.com/home/apt/items/50211920
2026-09-06 08:24:19,오피스텔,50238643,월세,02,부산시 남구 대연동,남구,대연동,500,33,0,27.31,8.26,7,"OO허위없는OO우리동네부동산OO깔끔,벌레X",https://www.zigbang.com/home/apt/items/50238643
2026-09-06 08:24:19,오피스텔,50251238,월세,01,부산시 남구 대연동,남구,대연동,500,42,0,35.81,10.83,8,"경성대,부경대 역 부근에 치안 좋고 따스한 집으로",https://www.zigbang.com/home/apt/items/50251238
2026-09-06 08:24:19,오피스텔,49916714,월세,02,부산시 남구 대연동,남구,대연동,1000,55,0,42.71,12.92,15,경성대 부경대 가까운 햇살 잘 들어오는 방,https://www.zigbang.com/home/apt/items/49916714
2026-09-06 08:24:19,오피스텔,50238663,월세,01,부산시 남구 대연동,남구,대연동,1000,45,0,37.1,11.22,고,위치좋은 오피스텔입니다.귀한매물입니다.,https://www.zigbang.com/home/apt/items/50238663
2026-09-06 08:24:19,오피스텔,50051746,월세,02,부산시 남구 용호동,남구,용호동,2000,45,0,41.58,12.58,고,세입자의 입장에서 안내 도와드리겠습니다,https://www.zigbang.com/home/apt/items/50051746
2026-09-06 08:24:19,오피스텔,50155223,월세,02,부산시 수영구 남천동,수영구,남천동,2800,60,0,33.12,10.02,10,"금련산역, 남천역, 건조기 옵션.",https://www.zigbang.com/home/apt/items/50155223
2026-09-06 08:24:21,오피스텔,50217352,월세,01,전남광주시 광산구 우산동,광산구,우산동,300,35,0,39.66,12.0,6,빌트인옵션 즉시 입주가능,https://www.zigbang.com/home/apt/items/50217352
2026-09-06 08:24:21,오피스텔,50056535,월세,01,전남광주시 광산구 소촌동,광산구,소촌동,300,41,0,39.66,12.0,13,KOREAㅇ풀옵션ㅇ더뷰ㅇ광주여대10분ㅇB1휘트니스센터,https://www.zigbang.com/home/apt/items/50056535
2026-09-06 08:24:21,오피스텔,50245499,월세,02,전남광주시 광산구 하남동,광산구,하남동,500,65,0,58.69,17.75,14,전입신고가능  내부깨끗   전망좋음  풀옵션  입주일 협의,https://www.zigbang.com/home/apt/items/50245499
2026-09-06 08:24:21,오피스텔,50302173,전세,01,전남광주시 광산구 소촌동,광산구,소촌동,6600,0,0,39.67,12.0,7,주차편리ㅇ반려가능ㅇ풀옵션ㅇ휘트니스센터ㅇ,https://www.zigbang.com/home/apt/items/50302173
2026-09-06 08:24:21,오피스텔,50245168,월세,01,전남광주시 광산구 하남동,광산구,하남동,500,45,0,43.65,13.2,4,내부깨끗   전망좋음  풀옵션,https://www.zigbang.com/home/apt/items/50245168
2026-09-06 08:24:21,오피스텔,50263047,월세,01,전남광주시 광산구 우산동,광산구,우산동,200,30,0,36.4,11.01,7,단기가능ㅇ광주여대5분ㅇ즉시입주가ㅇ내부넓음,https://www.zigbang.com/home/apt/items/50263047
2026-09-06 08:24:21,오피스텔,50217356,월세,01,전남광주시 광산구 소촌동,광산구,소촌동,300,35,0,39.66,12.0,저,tv.전자렌지포함 풀옵션 원룸형.,https://www.zigbang.com/home/apt/items/50217356
2026-09-06 08:24:21,오피스텔,50018869,전세,01,전남광주시 광산구 소촌동,광산구,소촌동,6700,0,0,39.66,12.0,중,풀옵션 주차장넓음,https://www.zigbang.com/home/apt/items/50018869
2026-09-06 08:24:21,오피스텔,50210348,전세,01,전남광주시 광산구 소촌동,광산구,소촌동,6400,0,0,39.67,12.0,5,ㅇLH가능ㅇ반려가ㅇ풀옵션ㅇ휘트니스센터ㅇ,https://www.zigbang.com/home/apt/items/50210348
2026-09-06 08:24:21,오피스텔,50217349,월세,01,전남광주시 광산구 우산동,광산구,우산동,300,35,0,38,11.49,5,도시형생활주택.,https://www.zigbang.com/home/apt/items/50217349
2026-09-06 08:24:21,오피스텔,50217357,월세,01,전남광주시 광산구 우산동,광산구,우산동,300,35,0,42.97,13.0,중,42인치 티비 풀옵션 즉시입주가능,https://www.zigbang.com/home/apt/items/50217357
2026-09-06 08:24:21,오피스텔,50217987,월세,04,전남광주시 광산구 하남동,광산구,하남동,1,70,0,110.38,33.39,15,중개보수없음.6개월단기.보증금0원.전호실보유.반려동물OK.,https://www.zigbang.com/home/apt/items/50217987
2026-09-06 08:24:21,오피스텔,50289292,월세,03,전남광주시 서구 치평동,서구,치평동,300,37,0,52.57,15.9,중,"도배, 세탁기, 냉장고교체, 욕실샤워기교체, 주방,옷장필름",https://www.zigbang.com/home/apt/items/50289292
2026-09-06 08:24:21,오피스텔,50126865,월세,04,전남광주시 서구 치평동,서구,치평동,1000,95,0,96.73,29.26,고,도배완료 조망최상 양창뷰 방2 거실 화장실구조입니다,https://www.zigbang.com/home/apt/items/50126865
2026-09-06 08:24:21,오피스텔,50221744,월세,03,전남광주시 서구 치평동,서구,치평동,500,53,0,95.99,29.04,6,"빌트인,개별냉난방, 바닥난방,즉시 입주가,",https://www.zigbang.com/home/apt/items/50221744
2026-09-06 08:24:21,오피스텔,50105628,월세,05,전남광주시 서구 치평동,서구,치평동,2000,110,0,160.14,48.44,고,"전입신고 가능,시스템 에어컨2대,10월 중순 입주 가능",https://www.zigbang.com/home/apt/items/50105628
2026-09-06 08:24:21,오피스텔,50230566,월세,03,전남광주시 서구 치평동,서구,치평동,300,35,0,52.57,15.9,6,"냉장고, 세탁기, 에어컨 새로교체, 이중창",https://www.zigbang.com/home/apt/items/50230566
2026-09-06 08:24:21,오피스텔,50288817,월세,03,전남광주시 서구 치평동,서구,치평동,300,34,0,52.57,15.9,10,"이중창, 빌트인, 입주청소완료,개별냉난방",https://www.zigbang.com/home/apt/items/50288817
2026-09-06 08:24:21,오피스텔,50230319,월세,03,전남광주시 서구 치평동,서구,치평동,500,43,0,71.74,21.7,14,"빌트인,남향, 즉시입주가,내부깨끗",https://www.zigbang.com/home/apt/items/50230319
2026-09-06 08:24:21,오피스텔,50193479,월세,01,전남광주시 서구 치평동,서구,치평동,500,45,0,49.59,15.0,고,남향 대출없음 전입가능 빠른입주 가능해요,https://www.zigbang.com/home/apt/items/50193479
2026-09-06 08:24:21,오피스텔,50277589,월세,01,전남광주시 서구 치평동,서구,치평동,500,42,0,49.59,15.0,저,입주청소.에어컨통청소완료 즉시입주가능해요,https://www.zigbang.com/home/apt/items/50277589
2026-09-06 08:24:21,오피스텔,50301110,전세,05,전남광주시 서구 치평동,서구,치평동,22000,0,0,161.84,48.96,중,"상무지구 쓰리룸  전세,에어컨2대,평화공원뷰,시청앞 조용함",https://www.zigbang.com/home/apt/items/50301110
2026-09-06 08:24:21,오피스텔,50087982,월세,01,전남광주시 서구 치평동,서구,치평동,500,45,0,49.58,15.0,고,"조망권좋고 따뜻한 정남향, 전입가능, 방큰 스카이",https://www.zigbang.com/home/apt/items/50087982
2026-09-06 08:24:21,오피스텔,50053867,월세,03,전남광주시 서구 치평동,서구,치평동,300,32,0,52.55,15.9,6,라운드 o 랜드피아 o 인기 많은 매물,https://www.zigbang.com/home/apt/items/50053867
2026-09-06 08:24:21,오피스텔,50226525,월세,04,전남광주시 서구 치평동,서구,치평동,2000,100,0,131.38,39.74,중,전입가능 동남양창뷰 방2 넓은거실 화장실2구조 집이예요,https://www.zigbang.com/home/apt/items/50226525
2026-09-06 08:24:21,오피스텔,50155702,월세,01,전남광주시 광산구 쌍암동,광산구,쌍암동,100,39,0,41.42,12.53,고,SJ 서진부동산 믿을 수 있는  즉시입주가능  단기,https://www.zigbang.com/home/apt/items/50155702
2026-09-06 08:24:21,오피스텔,50283315,월세,04,전남광주시 광산구 쌍암동,광산구,쌍암동,1000,70,0,74.89,22.65,11,"방2,거실,미니베란다.생활권,옵션,채광좋음.보안철저.",https://www.zigbang.com/home/apt/items/50283315
2026-09-06 08:24:21,오피스텔,50155647,월세,02,전남광주시 광산구 월계동,광산구,월계동,500,52,0,44.75,13.54,고,거실1 방1 즉시입주,https://www.zigbang.com/home/apt/items/50155647
2026-09-06 08:24:21,오피스텔,50227853,월세,02,전남광주시 광산구 월계동,광산구,월계동,500,50,0,43.59,13.19,저,제이지파크 오피스텔,https://www.zigbang.com/home/apt/items/50227853
2026-09-06 08:24:21,오피스텔,50220856,월세,02,전남광주시 광산구 월계동,광산구,월계동,500,55,0,37.69,11.4,5,R 첨단 제이지3차 R 풀옵션 l 신축오피 l 창2,https://www.zigbang.com/home/apt/items/50220856
2026-09-06 08:24:21,오피스텔,50223226,전세,02,전남광주시 광산구 쌍암동,광산구,쌍암동,9000,0,0,47.78,14.45,중,첨단 아파트형 오피스텔입니다.,https://www.zigbang.com/home/apt/items/50223226
2026-09-06 08:24:21,오피스텔,50237521,월세,01,전남광주시 광산구 월계동,광산구,월계동,300,35,0,58.21,17.61,저,첨단 중심지 도시형생활주택입니다.,https://www.zigbang.com/home/apt/items/50237521
2026-09-06 08:24:21,오피스텔,50179135,월세,02,전남광주시 광산구 월계동,광산구,월계동,500,63,0,53.71,16.25,17,복층형 오피스텔 입니다.,https://www.zigbang.com/home/apt/items/50179135
2026-09-06 08:24:21,오피스텔,50029302,월세,01,전남광주시 광산구 월계동,광산구,월계동,300,39,0,29.91,9.05,9,즉시입주가능 반전세 있음 내부 매우 깨끗,https://www.zigbang.com/home/apt/items/50029302
2026-09-06 08:24:21,오피스텔,50223129,전세,02,전남광주시 광산구 쌍암동,광산구,쌍암동,13000,0,0,58.22,17.61,19,첨단 아파트형 오피스텔입니다.,https://www.zigbang.com/home/apt/items/50223129
2026-09-06 08:24:21,오피스텔,50244819,월세,01,전남광주시 광산구 쌍암동,광산구,쌍암동,200,42,0,37.74,11.42,9,전입가능 즉시입주가능 내부깨끗,https://www.zigbang.com/home/apt/items/50244819
2026-09-06 08:24:21,오피스텔,50225328,월세,02,전남광주시 광산구 월계동,광산구,월계동,500,50,0,44.75,13.54,9,ll 첨단 투룸 오피스텔 ll 첨단 오피스텔 매물 다수보유,https://www.zigbang.com/home/apt/items/50225328
2026-09-06 08:24:21,오피스텔,50064255,월세,04,전남광주시 광산구 쌍암동,광산구,쌍암동,1,60,0,91.39,27.65,13,6개월단기.보증금0원.전호실보유.중개보수무료.반려동물OK.,https://www.zigbang.com/home/apt/items/50064255
2026-09-06 08:24:21,오피스텔,50064219,월세,04,전남광주시 광산구 쌍암동,광산구,쌍암동,1,60,0,91.39,27.65,17,6개월단기.보증금0원.전호실보유.중개보수무료.반려동물OK.,https://www.zigbang.com/home/apt/items/50064219
2026-09-06 08:24:21,오피스텔,49610119,월세,04,전남광주시 광산구 쌍암동,광산구,쌍암동,1,60,0,91.39,27.65,13,복비X 전세대 보유 l 무보증 l 단기6개월 l,https://www.zigbang.com/home/apt/items/49610119
2026-09-06 08:24:23,오피스텔,50225302,월세,05,전남광주시 북구 각화동,북구,각화동,1000,90,0,146.93,44.45,23,vV 각화동 서희스타힐스 Vv 귀한 월세매물,https://www.zigbang.com/home/apt/items/50225302
2026-09-06 08:24:23,오피스텔,50064105,월세,05,전남광주시 북구 문흥동,북구,문흥동,1,50,0,94.25,28.51,17,6개월단기.보증금0원.전호실보유.중개보수무료.반려동물OK.,https://www.zigbang.com/home/apt/items/50064105
2026-09-06 08:24:23,오피스텔,50225004,월세,01,전남광주시 북구 두암동,북구,두암동,500,35,0,33,9.98,고,"교대,동강대부근상상퀸즈",https://www.zigbang.com/home/apt/items/50225004
2026-09-06 08:24:23,오피스텔,49610037,월세,05,전남광주시 북구 문흥동,북구,문흥동,1,50,0,94.25,28.51,10,복비X 전세대보유 l 무보증 l 단기6개월 l 풀옵션,https://www.zigbang.com/home/apt/items/49610037
2026-09-06 08:24:31,오피스텔,50188279,월세,02,전라북도 전주시 덕진구 만성동,전주시 덕진구,만성동,1000,130,0,53.38,16.15,고,"H만성동 투룸 보시는 분들, 이 오피스텔도 꼭 보세요H",https://www.zigbang.com/home/apt/items/50188279
2026-09-06 08:24:31,오피스텔,50108767,월세,02,전라북도 전주시 덕진구 만성동,전주시 덕진구,만성동,1000,130,0,52.89,16.0,저,만성동신축ㅇ오피스텔ㅇ호텔형ㅇ탁트인뷰ㅇ최상의디자인ㅇ이쁨ㅇ인기,https://www.zigbang.com/home/apt/items/50108767
2026-09-06 08:24:31,오피스텔,50122905,월세,02,전라북도 전주시 덕진구 만성동,전주시 덕진구,만성동,1000,130,0,79.34,24.0,고,ꗟꗟ 만성 ꯁ 오피스텔  ꗟꗟ 풀옵션 十 럭셔리스타일,https://www.zigbang.com/home/apt/items/50122905
2026-09-06 08:24:31,오피스텔,50242540,월세,02,전라북도 전주시 완산구 효자동2가,전주시 완산구,효자동2가,2000,110,0,40.1,12.13,중,ꯁ신시가지 신축 풀옵션 럭셔리 투룸 오피스텔ꯁ즉시입주가능,https://www.zigbang.com/home/apt/items/50242540
2026-09-06 08:24:31,오피스텔,50300975,월세,03,전라북도 전주시 덕진구 금암동,전주시 덕진구,금암동,500,35,0,55.97,16.93,고,초대형오피스텔ㅇ전북대부근ㅇ가성비좋은ㅇ오피스텔ㅇ마감임박ㅇ인기,https://www.zigbang.com/home/apt/items/50300975
2026-09-06 08:24:31,오피스텔,50236107,월세,03,전라북도 전주시 덕진구 금암동,전주시 덕진구,금암동,500,35,0,50,15.12,고,㉧원룸 복층㉧ 엘베㉧ 저렴한 오피스텔㉧ 붙박이장,https://www.zigbang.com/home/apt/items/50236107
2026-09-06 08:24:31,오피스텔,50300973,월세,01,전라북도 전주시 완산구 서노송동,전주시 완산구,서노송동,300,55,0,22.6,6.84,중,중간크기v오피스텔v전망좋음v위치최상v탁트인뷰v최상의컨디션v,https://www.zigbang.com/home/apt/items/50300973
2026-09-06 08:24:31,오피스텔,50151111,월세,01,전라북도 전주시 완산구 서노송동,전주시 완산구,서노송동,300,45,0,65.23,19.73,저,ꗟꗟ 시청 옆 ꗟꗟ 오피스텔 十 귀가동선 안전 十 한옥마을,https://www.zigbang.com/home/apt/items/50151111
2026-09-06 08:24:44,오피스텔,50134548,매매,01,전라북도 군산시 나운동,군산시,나운동,1500,0,1500,48.67,14.72,11,"군산 오피스텔 매매 1500만원, 시티뷰, 전망좋음",https://www.zigbang.com/home/apt/items/50134548
2026-09-06 08:24:44,오피스텔,50173268,매매,01,전라북도 군산시 나운동,군산시,나운동,1800,0,1800,54.77,16.57,10,"오피스텔 매매 1800만원, 아늑한 원룸",https://www.zigbang.com/home/apt/items/50173268
2026-09-06 08:24:44,오피스텔,50112612,월세,04,전라북도 군산시 나운동,군산시,나운동,300,30,0,109.93,33.25,14,"오피스텔 임대 전용16평, 300만원30만원, 전망이 좋음",https://www.zigbang.com/home/apt/items/50112612
2026-09-06 08:24:44,오피스텔,50112681,매매,01,전라북도 군산시 나운동,군산시,나운동,2200,0,2200,61.83,18.7,12,"리모델링완료, 인터넷,비데, 전망좋은 동향 시티뷰",https://www.zigbang.com/home/apt/items/50112681
2026-09-06 08:24:46,오피스텔,50083231,월세,02,전라북도 익산시 송학동,익산시,송학동,700,53,0,42.98,13.0,중,"AA 오피스텔,투룸,익산역 근처",https://www.zigbang.com/home/apt/items/50083231
2026-09-06 08:24:46,오피스텔,49991815,월세,02,전라북도 익산시 창인동1가,익산시,창인동1가,500,66,0,50,15.12,6,"AA 인기신축,오피스텔1.5룸,익산역5분",https://www.zigbang.com/home/apt/items/49991815
2026-09-06 08:24:46,오피스텔,49991817,월세,02,전라북도 익산시 창인동1가,익산시,창인동1가,500,66,0,46.28,14.0,중,"AA오피스텔1.5룸 신축,편의시설 좋음",https://www.zigbang.com/home/apt/items/49991817
2026-09-06 08:24:46,오피스텔,50238806,전세,02,전라북도 익산시 창인동1가,익산시,창인동1가,9500,0,0,53.86,16.29,16,"익산역과가까운아파트,보증보험가능,보9500만월172,000",https://www.zigbang.com/home/apt/items/50238806
2026-09-06 08:24:46,오피스텔,50238847,월세,02,전라북도 익산시 창인동1가,익산시,창인동1가,500,60,0,74.52,22.54,7,"익산역과 가까운 오피스텔,전입신고불가능",https://www.zigbang.com/home/apt/items/50238847
2026-09-06 08:24:46,오피스텔,50083211,월세,02,전라북도 익산시 송학동,익산시,송학동,700,53,0,42.98,13.0,중,AA 오피스텔1.5룸 익산역 5분거리,https://www.zigbang.com/home/apt/items/50083211
2026-09-06 08:24:46,오피스텔,50238717,전세,02,전라북도 익산시 창인동1가,익산시,창인동1가,9500,0,0,53,16.03,18,"익산역과 가까운 아파트,보9500만원 월172,000원",https://www.zigbang.com/home/apt/items/50238717
2026-09-06 08:24:46,오피스텔,49991809,월세,02,전라북도 익산시 창인동1가,익산시,창인동1가,500,66,0,50,15.12,6,"AA 인기1.5룸,오피스텔,신축익산역5분",https://www.zigbang.com/home/apt/items/49991809
2026-09-06 08:24:46,오피스텔,50297744,월세,01,전라북도 익산시 창인동1가,익산시,창인동1가,300,45,0,49.43,14.95,중,"익산역과 가까운 오피스텔,,전입신고불가능,즉시입주가능",https://www.zigbang.com/home/apt/items/50297744
2026-09-06 08:24:46,오피스텔,50238787,월세,04,전라북도 익산시 어양동,익산시,어양동,2000,80,0,127,38.42,12,"풀옵션 오피스텔,보3000만원 월75만원 가능,전입신고불가",https://www.zigbang.com/home/apt/items/50238787
2026-09-06 08:24:46,오피스텔,50250518,월세,02,전라북도 익산시 어양동,익산시,어양동,1000,85,0,73.39,22.2,고,"신축,시스템에어컨2대,인덕션,오븐,보2000만 월79만가능",https://www.zigbang.com/home/apt/items/50250518
2026-09-06 08:24:46,오피스텔,50239039,월세,01,전라북도 익산시 영등동,익산시,영등동,500,45,0,35.26,10.67,중,"개인매물,생활권편리한 도시형생활주택,풀옵션",https://www.zigbang.com/home/apt/items/50239039
2026-09-06 08:24:46,오피스텔,50040127,월세,01,전라북도 익산시 영등동,익산시,영등동,1000,40,0,33.06,10.0,중,영등 신축오피스텔원룸롯데마트인근,https://www.zigbang.com/home/apt/items/50040127
2026-09-06 08:24:46,오피스텔,50039949,월세,01,전라북도 익산시 영등동,익산시,영등동,500,45,0,33.06,10.0,고,영등 신축오피스텔원룸 롯데마트인근,https://www.zigbang.com/home/apt/items/50039949
2026-09-06 08:24:46,오피스텔,50040033,월세,01,전라북도 익산시 영등동,익산시,영등동,500,45,0,33.06,10.0,고,영등 신축오피스텔원룸롯데마트인근,https://www.zigbang.com/home/apt/items/50040033
2026-09-06 08:24:46,오피스텔,50267797,월세,02,전라북도 익산시 어양동,익산시,어양동,1000,82,0,73.39,22.2,중,"신축,시스템에에컨2대,인덕션,오븐,보2000만 월76만가능",https://www.zigbang.com/home/apt/items/50267797
2026-09-06 08:24:46,오피스텔,50040006,월세,01,전라북도 익산시 영등동,익산시,영등동,1000,40,0,33.06,10.0,고,Oo영등 신축오피스텔원룸oO 롯데마트인근oO,https://www.zigbang.com/home/apt/items/50040006
2026-09-06 08:24:46,오피스텔,50238752,전세,05,전라북도 익산시 어양동,익산시,어양동,18000,0,0,125,37.81,고,"신축도시형생활주택,풀옵션,방3개,욕실2",https://www.zigbang.com/home/apt/items/50238752
2026-09-06 08:24:46,오피스텔,50238738,전세,04,전라북도 익산시 어양동,익산시,어양동,17000,0,0,127.09,38.44,18,"풀옵션신축오피스텔,즉시입주가능",https://www.zigbang.com/home/apt/items/50238738
2026-09-06 08:24:46,오피스텔,50238920,월세,02,전라북도 익산시 영등동,익산시,영등동,2000,55,0,53,16.03,고,"개인매물,생활권편리한도시형생활주택,풀옵션,전입신고가능",https://www.zigbang.com/home/apt/items/50238920
2026-09-06 08:24:46,오피스텔,50039847,월세,01,전라북도 익산시 영등동,익산시,영등동,1000,40,0,33.06,10.0,중,Oo영등 신축오피스텔원룸oO롯데마트인근oO,https://www.zigbang.com/home/apt/items/50039847
2026-09-06 08:24:47,오피스텔,50278483,월세,01,전라북도 전주시 덕진구 송천동2가,전주시 덕진구,송천동2가,1000,70,0,71.94,21.76,고,"로마네시티 2룸 주거용전입가능, 귀한매물 ,슬라이드 타입,",https://www.zigbang.com/home/apt/items/50278483
2026-09-06 08:24:48,오피스텔,50037008,전세,01,충청남도 논산시 내동,논산시,내동,7000,0,0,46.02,13.92,중,신축 오피스텔,https://www.zigbang.com/home/apt/items/50037008
2026-09-06 08:24:48,오피스텔,50168319,월세,02,충청남도 논산시 내동,논산시,내동,3000,30,0,39.67,12.0,7,신축급 오피스텔,https://www.zigbang.com/home/apt/items/50168319
2026-09-06 08:24:48,오피스텔,50283395,월세,01,충청남도 논산시 취암동,논산시,취암동,2500,30,0,45,13.61,11,신축 오피스텔,https://www.zigbang.com/home/apt/items/50283395
2026-09-06 08:24:49,오피스텔,50244229,월세,02,충청남도 보령시 궁촌동,보령시,궁촌동,500,50,0,32.14,9.72,4,침대있는 풀옵션 오피스텔 방싸이즈 큼,https://www.zigbang.com/home/apt/items/50244229
2026-09-06 08:25:00,오피스텔,50228858,월세,01,대전시 서구 용문동,서구,용문동,200,31,0,25.29,7.65,8,"ㄴ찜ㄱ 용문역, 롯데백화점인근, 엘베, 원룸형 도생",https://www.zigbang.com/home/apt/items/50228858
2026-09-06 08:25:00,오피스텔,50291470,월세,02,대전시 서구 괴정동,서구,괴정동,300,56,0,43.01,13.01,고,여성인기매물 예쁜투룸식원룸 인기매물 선착순 채광굿 보안굿,https://www.zigbang.com/home/apt/items/50291470
2026-09-06 08:25:00,오피스텔,50291467,월세,02,대전시 서구 괴정동,서구,괴정동,300,54,0,43.01,13.01,6,독점 매물 인기 좋은 매물 수납 좋은 풀옵션 일점오룸.,https://www.zigbang.com/home/apt/items/50291467
2026-09-06 08:25:00,오피스텔,50291469,월세,02,대전시 서구 괴정동,서구,괴정동,300,56,0,43.01,13.01,5,"인기매물, 도로변 오피스텔, 풀옵션, 고층, 채광 좋음,",https://www.zigbang.com/home/apt/items/50291469
2026-09-06 08:25:00,오피스텔,50176271,매매,04,대전시 서구 도마동,서구,도마동,21500,0,21500,62.19,18.81,15,공실 즉시입주,https://www.zigbang.com/home/apt/items/50176271
2026-09-06 08:25:00,오피스텔,50028374,월세,01,대전시 서구 괴정동,서구,괴정동,300,56,0,42.52,12.86,5,l도시형l깔끔한 풀옵션 신축급 오피스텔l,https://www.zigbang.com/home/apt/items/50028374
2026-09-06 08:25:00,오피스텔,50291468,월세,02,대전시 서구 괴정동,서구,괴정동,300,56,0,43.01,13.01,5,즉시입주가능 고층 인기매물 선착순 풀옵션 도로변 채광좋음,https://www.zigbang.com/home/apt/items/50291468
2026-09-06 08:25:00,오피스텔,50261872,월세,01,대전시 서구 용문동,서구,용문동,500,50,0,53.98,16.33,6,V1.5룸 크기에 대궐같은 도생1룸V주차편리V용문역초인접,https://www.zigbang.com/home/apt/items/50261872
2026-09-06 08:25:00,오피스텔,50218434,월세,05,대전시 서구 용문동,서구,용문동,5000,150,0,187.16,56.62,26,신축 중문 설치,https://www.zigbang.com/home/apt/items/50218434
2026-09-06 08:25:01,오피스텔,50231339,전세,04,대전시 대덕구 중리동,대덕구,중리동,16000,0,0,80,24.2,2,ㅣ무융자 ㅣ보증보험 ㅣ건조기ㅣ투룸아파트ㅣ주차ㅣ안심매물ㅣ,https://www.zigbang.com/home/apt/items/50231339
2026-09-06 08:25:01,오피스텔,50028040,월세,04,대전시 대덕구 중리동,대덕구,중리동,14500,10,0,45.38,13.73,2,무융자 l보증보험 전세권설정 l 투룸 l 풀옵션 l 주차,https://www.zigbang.com/home/apt/items/50028040
2026-09-06 08:25:01,오피스텔,49562140,전세,04,대전시 대덕구 중리동,대덕구,중리동,16000,0,0,58.32,17.64,중,"무융자 HUG 보증보험가능, 큰투룸,건조기 시스템에어컨2대",https://www.zigbang.com/home/apt/items/49562140
2026-09-06 08:25:00,오피스텔,50093700,월세,02,대전시 유성구 봉명동,유성구,봉명동,500,60,0,38,11.49,중,수납많은방O스카이뷰리버O수납최고O베란다있는1.5룸O갑천변,https://www.zigbang.com/home/apt/items/50093700
2026-09-06 08:25:00,오피스텔,50257327,월세,02,대전시 유성구 궁동,유성구,궁동,1000,70,0,36.36,11.0,4,"리버스토리,1.5룸,풀옵션,충대정문,집앞천변",https://www.zigbang.com/home/apt/items/50257327
2026-09-06 08:25:00,오피스텔,50184344,월세,01,대전시 유성구 봉명동,유성구,봉명동,50,45,0,22,6.65,12,"1개월부터6개월모두가능,기간별금액,풀옵션,개방감굳",https://www.zigbang.com/home/apt/items/50184344
2026-09-06 08:25:00,오피스텔,50203280,월세,01,대전시 유성구 봉명동,유성구,봉명동,50,45,0,24.1,7.29,12,"넓은창,풀옵션,밝은집,연수,교육,축장",https://www.zigbang.com/home/apt/items/50203280
2026-09-06 08:25:00,오피스텔,50275838,월세,01,대전시 유성구 봉명동,유성구,봉명동,300,30,0,26.45,8.0,고,하이랜드1차 도시형 풀옵션 원룸,https://www.zigbang.com/home/apt/items/50275838
2026-09-06 08:25:00,오피스텔,50216910,월세,01,대전시 유성구 봉명동,유성구,봉명동,500,40,0,33.05,10.0,8,드리미아오피스텔 원룸,https://www.zigbang.com/home/apt/items/50216910
2026-09-06 08:25:00,오피스텔,50297063,월세,02,대전시 유성구 봉명동,유성구,봉명동,1000,55,0,33.05,10.0,고,"드레스룸있는 1,5룸",https://www.zigbang.com/home/apt/items/50297063
2026-09-06 08:25:00,오피스텔,50216919,월세,01,대전시 유성구 봉명동,유성구,봉명동,2000,30,0,26.9,8.14,중,반전세..드리미아 원룸,https://www.zigbang.com/home/apt/items/50216919
2026-09-06 08:25:00,오피스텔,50200661,월세,01,대전시 유성구 봉명동,유성구,봉명동,50,45,0,23,6.96,7,"단기환영,개방감있는창문,풀옵션,착한금액,접근성좋은위치",https://www.zigbang.com/home/apt/items/50200661
2026-09-06 08:25:00,오피스텔,50100201,월세,02,대전시 유성구 봉명동,유성구,봉명동,500,58,0,40.44,12.23,중,O남향 스카이뷰리버1.5룸O 월세전망좋아요베란다,https://www.zigbang.com/home/apt/items/50100201
2026-09-06 08:25:00,오피스텔,50216903,월세,01,대전시 유성구 봉명동,유성구,봉명동,500,42,0,33.05,10.0,고,드리미아 원룸 남향,https://www.zigbang.com/home/apt/items/50216903
2026-09-06 08:25:00,오피스텔,50243075,월세,01,대전시 유성구 봉명동,유성구,봉명동,50,45,0,26.45,8.0,고,"즉시입주가능, 최저가, 캠퍼스타워",https://www.zigbang.com/home/apt/items/50243075
2026-09-06 08:25:00,오피스텔,50275788,월세,02,대전시 유성구 봉명동,유성구,봉명동,1000,63,0,36.3,10.98,저,"건조기,스타일러, 풀옵션,  인테리어가 이쁜집 반려동물가능",https://www.zigbang.com/home/apt/items/50275788
2026-09-06 08:25:00,오피스텔,50065388,월세,01,대전시 유성구 봉명동,유성구,봉명동,500,45,0,29.75,9.0,고,충대앞드리미아.고층.남향,https://www.zigbang.com/home/apt/items/50065388
2026-09-06 08:25:00,오피스텔,50275759,월세,02,대전시 유성구 봉명동,유성구,봉명동,500,65,0,36.3,10.98,중,건조기 스타일러 있는 1.5룸 풀옵션  남향환한집,https://www.zigbang.com/home/apt/items/50275759
2026-09-06 08:25:02,오피스텔,50297022,월세,03,대전시 유성구 관평동,유성구,관평동,500,66,0,74.9,22.66,8,"신축,중앙하이츠.조용함,주차시설굿.3평 여유공간 으로 사용",https://www.zigbang.com/home/apt/items/50297022
2026-09-06 08:25:02,오피스텔,50297012,월세,01,대전시 유성구 관평동,유성구,관평동,500,70,0,89,26.92,10,"큰원룸,탁트인 전망  ,.",https://www.zigbang.com/home/apt/items/50297012
2026-09-06 08:25:02,오피스텔,50225111,월세,02,대전시 유성구 관평동,유성구,관평동,1000,60,0,71,21.48,6,"전입신고  가능,대출무 ,1,5룸  귀한월세,주차시설굿",https://www.zigbang.com/home/apt/items/50225111
2026-09-06 08:25:02,오피스텔,50260656,월세,01,대전시 유성구 관평동,유성구,관평동,500,55,0,64.91,19.64,6,"신축,중앙하이츠   고급스런 인테리어 .",https://www.zigbang.com/home/apt/items/50260656
2026-09-06 08:25:02,오피스텔,50297043,월세,04,대전시 유성구 관평동,유성구,관평동,2000,60,0,95.86,29.0,10,전입신고 가능.귀한 투룸 월세.현대아울렛인근거리.,https://www.zigbang.com/home/apt/items/50297043
2026-09-06 08:25:02,오피스텔,50290277,전세,04,대전시 대덕구 덕암동,대덕구,덕암동,18000,0,0,50,15.12,3,l 무융자 보증보험 l 투룸아파트 l 풀옵션 l 주차 l,https://www.zigbang.com/home/apt/items/50290277
2026-09-06 08:25:02,오피스텔,50219337,월세,01,세종시 세종 어진동,,어진동,5000,35,0,52.99,16.03,저,반전세. 10월초중순 입주. 전입신고 가능.,https://www.zigbang.com/home/apt/items/50219337
2026-09-06 08:25:02,오피스텔,50208947,월세,01,세종시 세종 어진동,,어진동,5000,35,0,28.07,8.49,5,푸르지오시티 2차 원룸 반전세,https://www.zigbang.com/home/apt/items/50208947
2026-09-06 08:25:02,오피스텔,50255339,월세,01,세종시 세종 반곡동,,반곡동,500,60,0,21.91,6.63,4,"복층, 주소전입신고가능, 11월1일 협의입주",https://www.zigbang.com/home/apt/items/50255339
2026-09-06 08:25:02,오피스텔,50272998,월세,02,세종시 세종 반곡동,,반곡동,500,60,0,48.34,14.62,고,더스테이빌딩. 반곡동,https://www.zigbang.com/home/apt/items/50272998
2026-09-06 08:25:02,오피스텔,50157356,매매,01,세종시 세종 어진동,,어진동,8700,0,8700,56.18,16.99,중,호수조망 급매물건,https://www.zigbang.com/home/apt/items/50157356
2026-09-06 08:25:02,오피스텔,50158466,월세,01,세종시 세종 소담동,,소담동,500,65,0,30.76,9.3,고,"10월14일입주, 주소전입신고 가능,",https://www.zigbang.com/home/apt/items/50158466
2026-09-06 08:25:02,오피스텔,50273150,월세,01,세종시 세종 반곡동,,반곡동,500,67,0,47.03,14.23,3,"국책연구단지 도보출퇴근이 가능,BRT라인앞 편리한 교통",https://www.zigbang.com/home/apt/items/50273150
2026-09-06 08:25:02,오피스텔,50272952,월세,01,세종시 세종 반곡동,,반곡동,500,67,0,46.18,13.97,5,"국책연구단지 도보출퇴근이 가능,BRT라인 앞에 위치",https://www.zigbang.com/home/apt/items/50272952
2026-09-06 08:25:02,오피스텔,50188861,월세,01,세종시 세종 반곡동,,반곡동,500,63,0,43.61,13.19,중,"국책연구단지 옆으로 도보 출퇴근이 가능한 위치,각종 시설",https://www.zigbang.com/home/apt/items/50188861
2026-09-06 08:25:02,오피스텔,50284765,월세,01,세종시 세종 어진동,,어진동,300,48,0,52.99,16.03,13,2026.11.03. 입주 가능,https://www.zigbang.com/home/apt/items/50284765
2026-09-06 08:25:02,오피스텔,50087789,월세,01,세종시 세종 어진동,,어진동,6500,5,0,28.06,8.49,10,푸르지오시티 2차 전세,https://www.zigbang.com/home/apt/items/50087789
2026-09-06 08:25:06,오피스텔,50186120,월세,01,경상남도 진주시 평거동,진주시,평거동,300,35,0,33.06,10.0,3,㉧ㅡ서빈No.1구해줘홈즈ㅡ㉧추천BEST꿀방,https://www.zigbang.com/home/apt/items/50186120
2026-09-06 08:25:06,오피스텔,50301687,월세,04,경상남도 진주시 평거동,진주시,평거동,100,70,0,154,46.58,8,단기8개월가능㉧ㅡ서빈No.1구해줘홈즈ㅡ㉧추천BEST꿀방,https://www.zigbang.com/home/apt/items/50301687
2026-09-06 08:25:06,오피스텔,50212024,월세,01,경상남도 진주시 봉곡동,진주시,봉곡동,100,25,0,33.06,10.0,4,봉곡동 선샤인오피스텔 갤러리아백화점 인근 깔끔한 컨디션,https://www.zigbang.com/home/apt/items/50212024
2026-09-06 08:25:06,오피스텔,50278286,월세,01,경상남도 진주시 평거동,진주시,평거동,500,45,0,49.59,15.0,4,㉧ㅡ서빈No.1구해줘홈즈ㅡ㉧추천BEST꿀방,https://www.zigbang.com/home/apt/items/50278286
2026-09-06 08:25:06,오피스텔,50232716,월세,02,경상남도 진주시 충무공동,진주시,충무공동,500,50,0,54.59,16.51,3,전망좋은 깨끗한 방,https://www.zigbang.com/home/apt/items/50232716
2026-09-06 08:25:06,오피스텔,50232753,월세,02,경상남도 진주시 충무공동,진주시,충무공동,500,55,0,64.52,19.52,3,넓은 베란다와 넓고 깨끗한방,https://www.zigbang.com/home/apt/items/50232753
2026-09-06 08:25:06,오피스텔,50232797,월세,01,경상남도 진주시 충무공동,진주시,충무공동,500,40,0,34.74,10.51,6,저렴하 전망좋은 베란다 넓은 방,https://www.zigbang.com/home/apt/items/50232797
2026-09-06 08:25:10,오피스텔,50268835,월세,01,경상남도 창원시 마산회원구 양덕동,창원시 마산회원구,양덕동,500,55,0,49.11,14.86,3,양덕동 봉암공단인근 준신축오피스텔,https://www.zigbang.com/home/apt/items/50268835
2026-09-06 08:25:10,오피스텔,50265614,월세,01,경상남도 창원시 마산회원구 합성동,창원시 마산회원구,합성동,150,35,0,26.45,8.0,2,합성동  단기가능 풀옵션 티비 인터넷완비,https://www.zigbang.com/home/apt/items/50265614
2026-09-06 08:25:10,오피스텔,50291580,전세,02,경상남도 창원시 마산회원구 양덕동,창원시 마산회원구,양덕동,5500,0,0,54.69,16.54,6,마산 수출공단 인근 방1 거실1,https://www.zigbang.com/home/apt/items/50291580
2026-09-06 08:25:10,오피스텔,50265708,월세,01,경상남도 창원시 의창구 명서동,창원시 의창구,명서동,500,35,0,36.36,11.0,5,"사무실 용도로  쓸수잇음
즉시입주",https://www.zigbang.com/home/apt/items/50265708
2026-09-06 08:25:10,오피스텔,50265702,월세,01,경상남도 창원시 의창구 명서동,창원시 의창구,명서동,300,35,0,42.98,13.0,8,"이쁘고 아주밝은 완전풀옵션 주차완비 
헬스장 전망좋은집",https://www.zigbang.com/home/apt/items/50265702
2026-09-06 08:25:10,오피스텔,50178103,월세,01,경상남도 창원시 마산합포구 동성동,창원시 마산합포구,동성동,500,35,0,48.44,14.65,중,오동동아구거리 넓은 방이 있는 원룸입니다.,https://www.zigbang.com/home/apt/items/50178103
2026-09-06 08:25:10,오피스텔,50234165,월세,01,경상남도 창원시 마산합포구 오동동,창원시 마산합포구,오동동,300,25,0,30.86,9.34,9,오동동 해안대로변 가성비 최고의 오피스텔입니다.,https://www.zigbang.com/home/apt/items/50234165
2026-09-06 08:25:10,오피스텔,50234418,월세,02,경상남도 창원시 마산합포구 동성동,창원시 마산합포구,동성동,500,38,0,48.44,14.65,저,"리치클,남동향,아구찜거리,방1,주방겸거실,화1.베란다.",https://www.zigbang.com/home/apt/items/50234418
2026-09-06 08:25:10,오피스텔,50291627,월세,01,경상남도 창원시 마산합포구 오동동,창원시 마산합포구,오동동,300,25,0,42.98,13.0,7,"즉시입주,마산앞바다조망,어시장인근",https://www.zigbang.com/home/apt/items/50291627
2026-09-06 08:25:10,오피스텔,50235514,월세,02,경상남도 창원시 마산합포구 동성동,창원시 마산합포구,동성동,500,35,0,50.78,15.36,중,"리치클2,아구찜거리.즉시입주.",https://www.zigbang.com/home/apt/items/50235514
2026-09-06 08:25:10,오피스텔,50209711,월세,01,경상남도 창원시 마산회원구 석전동,창원시 마산회원구,석전동,200,25,0,39.67,12.0,9,경남은행본점뒤 석전오피.최고의 가성비 굿  베란다도 있어요,https://www.zigbang.com/home/apt/items/50209711
2026-09-06 08:25:10,오피스텔,50292578,월세,01,경상남도 창원시 마산합포구 오동동,창원시 마산합포구,오동동,500,50,0,49.59,15.0,저,신축급 내부 엄청 이쁜 고려오피스텔.실내 엄청 커요.,https://www.zigbang.com/home/apt/items/50292578
2026-09-06 08:25:10,오피스텔,50265707,매매,03,경상남도 창원시 마산합포구 신포동2가,창원시 마산합포구,신포동2가,8000,0,8000,36.36,11.0,27,"이쁘고밝은남향 급임대.완전신축 롯데백화점 옆
.완전풀옵션",https://www.zigbang.com/home/apt/items/50265707
2026-09-06 08:25:10,오피스텔,50265615,월세,01,경상남도 창원시 마산합포구 산호동,창원시 마산합포구,산호동,300,30,0,41.4,12.52,6,산호동 야구장인근 저렴한 월세,https://www.zigbang.com/home/apt/items/50265615
2026-09-06 08:25:10,오피스텔,50252507,월세,01,경상남도 창원시 마산합포구 오동동,창원시 마산합포구,오동동,500,40,0,48.33,14.62,중,오동동 해안대로변 바다전망이 있는  깨끗한 오피스텔입니다,https://www.zigbang.com/home/apt/items/50252507
2026-09-06 08:25:10,오피스텔,50291615,월세,02,경상남도 창원시 마산합포구 오동동,창원시 마산합포구,오동동,1000,60,0,72.73,22.0,중,"고려타워,남동향,건령8년차.미니투룸.마산앞바다,마창대교조망",https://www.zigbang.com/home/apt/items/50291615
2026-09-06 08:25:10,오피스텔,50289041,전세,01,경상남도 창원시 마산합포구 오동동,창원시 마산합포구,오동동,2500,0,0,39.67,12.0,고,"상지솔리움,해안도로변,귀한올전세.",https://www.zigbang.com/home/apt/items/50289041
2026-09-06 08:25:10,오피스텔,50045009,월세,01,경상남도 창원시 마산합포구 동성동,창원시 마산합포구,동성동,500,40,0,45.78,13.85,6,"오동동,해안대로변 넓고 올리모텔링된 최고의 오피스텔입니다.",https://www.zigbang.com/home/apt/items/50045009
2026-09-06 08:25:10,오피스텔,50209725,월세,01,경상남도 창원시 마산회원구 석전동,창원시 마산회원구,석전동,300,30,0,45,13.61,8,석전초앞 보양엠비션 오피..최근 수리해서 컨디션 좋아요,https://www.zigbang.com/home/apt/items/50209725
2026-09-06 08:25:10,오피스텔,50178960,월세,01,경상남도 창원시 의창구 팔용동,창원시 의창구,팔용동,500,60,0,45.36,13.72,고,법인숙소환영 채광전망좋음 즉시입주 주차편리 수납좋음,https://www.zigbang.com/home/apt/items/50178960
2026-09-06 08:25:10,오피스텔,50178845,월세,01,경상남도 창원시 의창구 팔용동,창원시 의창구,팔용동,500,63,0,45.36,13.72,20,고층 남동향 채광전망좋음 즉시입주 주차편리 수납좋음,https://www.zigbang.com/home/apt/items/50178845
2026-09-06 08:25:11,오피스텔,50265706,월세,01,경상남도 창원시 의창구 봉곡동,창원시 의창구,봉곡동,300,35,0,49.59,15.0,7,"이쁘고 아주밝은 완전풀옵션 아주큰방 주변상권좋음 
조용한방",https://www.zigbang.com/home/apt/items/50265706
2026-09-06 08:25:11,오피스텔,50265709,매매,01,경상남도 창원시 의창구 봉곡동,창원시 의창구,봉곡동,5200,0,5200,46.28,14.0,5,"이쁘고 아주밝은 아주큰방  즉시입주 풀옵션
마트옆 주차완비",https://www.zigbang.com/home/apt/items/50265709
2026-09-06 08:25:18,오피스텔,50184699,월세,04,대구시 달서구 이곡동,달서구,이곡동,500,65,0,98.75,29.87,고,"신축,풀옵션,복층,초역세권,전입신고가능",https://www.zigbang.com/home/apt/items/50184699
2026-09-06 08:25:18,오피스텔,50255888,월세,04,대구시 달서구 이곡동,달서구,이곡동,1000,65,0,98.72,29.86,6,"초역세 오피스텔, 둘이 살기 좋아요. 복층형, 거실, 주차",https://www.zigbang.com/home/apt/items/50255888
2026-09-06 08:25:18,오피스텔,50255832,월세,01,대구시 달서구 이곡동,달서구,이곡동,500,50,0,39.67,12.0,고,원룸형 오피스텔 쇼핑월드 성서산단역 1분,https://www.zigbang.com/home/apt/items/50255832
2026-09-06 08:25:18,오피스텔,50255792,월세,04,대구시 달서구 이곡동,달서구,이곡동,500,65,0,95.87,29.0,고,초 역세권 오피스텔 복층 형 풀옵션,https://www.zigbang.com/home/apt/items/50255792
2026-09-06 08:25:18,오피스텔,50184702,월세,04,대구시 달서구 이곡동,달서구,이곡동,500,65,0,98.72,29.86,중,"신축, 복층, 초역세권,전입신고 가능",https://www.zigbang.com/home/apt/items/50184702
2026-09-06 08:25:18,오피스텔,50281488,매매,01,경상남도 김해시 신문동,김해시,신문동,10000,0,10000,27.86,8.43,고,"기존 분양보다 저렴한 분양가, 집보기예약",https://www.zigbang.com/home/apt/items/50281488
2026-09-06 08:25:18,오피스텔,50270365,전세,04,경상남도 김해시 신문동,김해시,신문동,23000,0,0,66.8,20.21,고,"업무용,에어컨,세탁기,냉장고,",https://www.zigbang.com/home/apt/items/50270365
2026-09-06 08:25:18,오피스텔,50281377,월세,02,경상남도 김해시 신문동,김해시,신문동,1000,70,0,49.53,14.98,저,"전입불가,에2,세탁기,냉장고,",https://www.zigbang.com/home/apt/items/50281377
2026-09-06 08:25:18,오피스텔,50281460,월세,02,경상남도 김해시 신문동,김해시,신문동,1000,70,0,49.53,14.98,고,"전입불가,에어컨,냉장고,세탁기,",https://www.zigbang.com/home/apt/items/50281460
2026-09-06 08:25:18,오피스텔,50264082,월세,01,경상남도 김해시 대청동,김해시,대청동,300,40,0,46.55,14.08,고,깔끔한 풀옵션 일체형,https://www.zigbang.com/home/apt/items/50264082
2026-09-06 08:25:18,오피스텔,50239435,월세,02,경상남도 김해시 대청동,김해시,대청동,500,40,0,77.44,23.43,3,롯데마트인근 풀옵션 오피스텔,https://www.zigbang.com/home/apt/items/50239435
2026-09-06 08:25:18,오피스텔,50285114,전세,01,경상남도 김해시 신문동,김해시,신문동,7500,0,0,27.86,8.43,중,"에어컨,냉장고,세탁기,전입가능,전세자금대출가능",https://www.zigbang.com/home/apt/items/50285114
2026-09-06 08:25:18,오피스텔,50243753,월세,01,경상남도 김해시 대청동,김해시,대청동,300,40,0,30.34,9.18,2,"입주청소완, 즉시입주가능, 풀옵션",https://www.zigbang.com/home/apt/items/50243753
2026-09-06 08:25:19,오피스텔,50207619,월세,03,경상남도 김해시 진영읍 여래리,김해시,진영읍,500,48,0,49.59,15.0,9,분리형 예쁜 복층,https://www.zigbang.com/home/apt/items/50207619
2026-09-06 08:25:19,오피스텔,50207579,월세,01,경상남도 김해시 진영읍 여래리,김해시,진영읍,500,43,0,49.37,14.93,7,방보고 1주일내 입주가능,https://www.zigbang.com/home/apt/items/50207579
2026-09-06 08:25:19,오피스텔,50207496,월세,01,경상남도 김해시 진영읍 여래리,김해시,진영읍,500,41,0,49.37,14.93,5,즉시입주 깔끔,https://www.zigbang.com/home/apt/items/50207496
2026-09-06 08:25:19,오피스텔,50207517,월세,01,경상남도 김해시 진영읍 여래리,김해시,진영읍,500,38,0,42.59,12.88,6,깔끔한 즉시입주,https://www.zigbang.com/home/apt/items/50207517
2026-09-06 08:25:19,오피스텔,50019052,전세,02,경상남도 김해시 내동,김해시,내동,9700,0,0,62.15,18.8,10,NO.1경보더숨시티VV신축분리형오피스텔VV자주식주차VV,https://www.zigbang.com/home/apt/items/50019052
2026-09-06 08:25:19,오피스텔,50235450,월세,04,경상남도 김해시 내동,김해시,내동,4000,50,0,66.64,20.16,4,준신축오피스텔방2칸 경전철인근,https://www.zigbang.com/home/apt/items/50235450
2026-09-06 08:25:19,오피스텔,50235802,월세,02,경상남도 김해시 외동,김해시,외동,3000,45,0,59,17.85,11,"준신축오피스텔분리형 신세계이마트,경전철인근",https://www.zigbang.com/home/apt/items/50235802
2026-09-06 08:25:19,오피스텔,50203372,월세,02,경상남도 김해시 부원동,김해시,부원동,100,60,0,59.6,18.03,11,"준신축분리형 반려동물가능,부원역인근",https://www.zigbang.com/home/apt/items/50203372
2026-09-06 08:25:19,오피스텔,50123542,월세,02,경상남도 김해시 외동,김해시,외동,3000,50,0,66.18,20.02,11,"신세계,이마트,역인근,준신축분리형",https://www.zigbang.com/home/apt/items/50123542
2026-09-06 08:25:19,오피스텔,50108045,월세,02,경상남도 김해시 내동,김해시,내동,500,52,0,57.7,17.45,10,NO.1테라스파크VV실매물VV화끈한뷰VV,https://www.zigbang.com/home/apt/items/50108045
2026-09-06 08:25:19,오피스텔,50131948,월세,04,경상남도 김해시 내동,김해시,내동,2000,60,0,104.74,31.68,7,NO.1경보더숨시티VV신축오피스텔VV방2개넓은거실VV풀옵션,https://www.zigbang.com/home/apt/items/50131948
2026-09-06 08:25:19,오피스텔,50189889,월세,01,경상남도 김해시 부원동,김해시,부원동,300,45,0,42.98,13.0,4,"신축급오피스텔원룸 반려동물가능,경전철인근",https://www.zigbang.com/home/apt/items/50189889
2026-09-06 08:25:19,오피스텔,50236290,월세,01,경상남도 김해시 내동,김해시,내동,300,33,0,40,12.1,4,VNew UpdteV연지공원인근V,https://www.zigbang.com/home/apt/items/50236290
2026-09-06 08:25:19,오피스텔,50256651,월세,01,경상남도 김해시 부원동,김해시,부원동,500,43,0,29.74,9.0,5,신축급오피스텔 부원역인근,https://www.zigbang.com/home/apt/items/50256651
2026-09-06 08:25:19,오피스텔,50131970,월세,04,경상남도 김해시 내동,김해시,내동,1000,67,0,104.73,31.68,고,NO.1내외동 최고고컬리티VV주상복합오피스텔VV경보더숨시티,https://www.zigbang.com/home/apt/items/50131970
2026-09-06 08:25:19,오피스텔,50173469,월세,01,경상남도 김해시 삼계동,김해시,삼계동,300,45,0,48,14.52,고,초특가oO코아루오피스텔Oo 보증금월세 조절가능,https://www.zigbang.com/home/apt/items/50173469
2026-09-06 08:25:19,오피스텔,50205812,월세,02,경상남도 김해시 삼계동,김해시,삼계동,500,52,0,59.89,18.12,고,oO코아루오피스텔Oo 보증금월세 다양하게 입주가능,https://www.zigbang.com/home/apt/items/50205812
2026-09-06 08:25:19,오피스텔,50209765,월세,04,경상남도 김해시 삼계동,김해시,삼계동,500,50,0,61.48,18.6,4,oO집주인사정상 초급매Oo 먼저하시는분임자입니다 급급매물,https://www.zigbang.com/home/apt/items/50209765
2026-09-06 08:25:19,오피스텔,50009963,월세,01,경상남도 김해시 삼계동,김해시,삼계동,100,28,0,44.22,13.38,고,"oO올리모델링 오피스텔Oo초특가,방범,보안아주좋아요",https://www.zigbang.com/home/apt/items/50009963
2026-09-06 08:25:20,오피스텔,50049390,월세,05,경상남도 양산시 물금읍 범어리,양산시,물금읍,1000,70,0,94.98,28.73,중,"근린생활시설용,남동향,풀옵션,초역세권,이쁜구조,주차확실,",https://www.zigbang.com/home/apt/items/50049390
2026-09-06 08:25:20,오피스텔,50231179,월세,01,경상남도 양산시 물금읍 범어리,양산시,물금읍,5800,10,0,54.51,16.49,고,인기 좋은 오피스텔 원룸. 귀한 반전세,https://www.zigbang.com/home/apt/items/50231179
2026-09-06 08:25:20,오피스텔,50050105,전세,05,경상남도 양산시 물금읍 범어리,양산시,물금읍,13000,0,0,91.14,27.57,중,"채광및조망굿,남향,즉시입주,풀옵션,초역세권,전세자금대출가능",https://www.zigbang.com/home/apt/items/50050105
2026-09-06 08:25:20,오피스텔,50049854,전세,05,경상남도 양산시 물금읍 범어리,양산시,물금읍,12000,0,0,91.14,27.57,중,"채광및조망굿,동향,10월말입주,풀옵션,초역세권,전세자금",https://www.zigbang.com/home/apt/items/50049854
2026-09-06 08:25:22,오피스텔,50257212,월세,05,부산시 해운대구 반여동,해운대구,반여동,3000,110,0,113,34.18,17,"자주식 주차 가능한, 고급 오피스텔",https://www.zigbang.com/home/apt/items/50257212
2026-09-06 08:25:22,오피스텔,50266100,월세,04,부산시 해운대구 반송동,해운대구,반송동,1000,60,0,64.95,19.65,14,"방2거실1베란다,초역세권,신축급오피,주차편리,즉시입주",https://www.zigbang.com/home/apt/items/50266100
2026-09-06 08:25:22,오피스텔,50158652,전세,05,부산시 해운대구 반여동,해운대구,반여동,27000,0,0,112.4,34.0,고,"센텀우성거실,방3,욕실2ㅣ귀한전세ㅣ컨디션최고",https://www.zigbang.com/home/apt/items/50158652
2026-09-06 08:25:22,오피스텔,50272169,월세,01,부산시 동래구 온천동,동래구,온천동,100,50,0,37.64,11.39,고,"전입불가, 단기3개월 연장가능 전호실보유, 저보증금 매물",https://www.zigbang.com/home/apt/items/50272169
2026-09-06 08:25:22,오피스텔,50249489,월세,02,부산시 동래구 온천동,동래구,온천동,1000,55,0,33.44,10.12,13,"미남역, 방1 거실 구조.",https://www.zigbang.com/home/apt/items/50249489
2026-09-06 08:25:22,오피스텔,50000302,월세,02,부산시 동래구 온천동,동래구,온천동,1000,55,0,33.44,10.12,8,"반려동물ok, 신축방1거실1, 건조기ㅇ 풀옵션",https://www.zigbang.com/home/apt/items/50000302
2026-09-06 08:25:22,오피스텔,50266066,전세,02,부산시 동래구 온천동,동래구,온천동,12000,0,0,38.44,11.63,고,현금 100만원드립니다. 더이상 허위매물에 속지마세요.,https://www.zigbang.com/home/apt/items/50266066
2026-09-06 08:25:22,오피스텔,50271807,월세,02,부산시 동래구 온천동,동래구,온천동,100,50,0,48.77,14.75,고,전입불가 단기 3개월 연장가능 방1거실1구조,https://www.zigbang.com/home/apt/items/50271807
2026-09-06 08:25:22,오피스텔,50278819,월세,02,부산시 동래구 온천동,동래구,온천동,500,65,0,42.13,12.74,17,"ll 남향, 투룸 ll",https://www.zigbang.com/home/apt/items/50278819
2026-09-06 08:25:22,오피스텔,50121004,월세,02,부산시 동래구 온천동,동래구,온천동,2000,50,0,33.44,10.12,16,방거실분리형 애완동물사육가능 주차가능 높은층,https://www.zigbang.com/home/apt/items/50121004
2026-09-06 08:25:22,오피스텔,50278820,전세,02,부산시 동래구 온천동,동래구,온천동,12000,0,0,38.44,11.63,14,"ll 공휴일 정상운영, 전호실 보유중 ll",https://www.zigbang.com/home/apt/items/50278820
2026-09-06 08:25:22,오피스텔,50270795,월세,02,부산시 동래구 온천동,동래구,온천동,1000,55,0,33.44,10.12,10,"미남역코앞,가성비 투룸 ,전호실보유",https://www.zigbang.com/home/apt/items/50270795
2026-09-06 08:25:23,오피스텔,50280203,월세,01,부산시 해운대구 송정동,해운대구,송정동,1000,64,0,36.86,11.15,13,기장에서 가장 가까운 송정 깔끔하고 뷰나오는 전호실오피스텔,https://www.zigbang.com/home/apt/items/50280203
2026-09-06 08:25:23,오피스텔,50262749,월세,01,부산시 해운대구 송정동,해운대구,송정동,1000,59,0,36.86,11.15,12,송정 오션뷰 전호실 조용하고 관리잘된 오피스텔,https://www.zigbang.com/home/apt/items/50262749
2026-09-06 08:25:23,오피스텔,50095048,월세,01,부산시 해운대구 송정동,해운대구,송정동,1000,66,0,47.03,14.23,11,전호실 오션뷰 오피스텔 관리비저렴 조용하고 안전한 주거,https://www.zigbang.com/home/apt/items/50095048
2026-09-06 08:25:23,오피스텔,50186080,월세,04,부산시 기장군 기장읍 시랑리,기장군,기장읍,1000,130,0,150.31,45.47,고,리조트형주거시설ㅡ 헬스장ㅡ스크린골프,https://www.zigbang.com/home/apt/items/50186080
2026-09-06 08:25:23,오피스텔,50186118,월세,04,부산시 기장군 기장읍 시랑리,기장군,기장읍,1000,140,0,149.08,45.1,고,바다뷰ㅣ최저가월세ㅣ구조good,https://www.zigbang.com/home/apt/items/50186118
2026-09-06 08:25:23,오피스텔,49969244,월세,01,부산시 해운대구 송정동,해운대구,송정동,1000,64,0,47.03,14.23,5,"송정 내방에서 바라보는 오션뷰 투룸,오시리아 관광특구 선호",https://www.zigbang.com/home/apt/items/49969244
2026-09-06 08:25:23,오피스텔,50291326,월세,01,부산시 해운대구 송정동,해운대구,송정동,500,61,0,47.03,14.23,9,안전하고 깔끔한 오션뷰 오피스텔 송정해안가 2분 편세권,https://www.zigbang.com/home/apt/items/50291326
2026-09-06 08:25:23,오피스텔,50022830,월세,04,부산시 기장군 기장읍 시랑리,기장군,기장읍,1000,140,0,149.08,45.1,중,"1000,140ㅣA타입최저가ㅣ풀옵션",https://www.zigbang.com/home/apt/items/50022830
2026-09-06 08:25:23,오피스텔,50276318,월세,05,부산시 기장군 기장읍 시랑리,기장군,기장읍,1000,180,0,168.32,50.92,중,"거실,방3,욕실2ㅣ바다뷰풀옵션최저가",https://www.zigbang.com/home/apt/items/50276318
2026-09-06 08:25:23,오피스텔,50185994,월세,04,부산시 기장군 기장읍 시랑리,기장군,기장읍,1000,140,0,149.08,45.1,중,에어컨.세탁기.냉장고.건조기.스타일러ㅣ월세ㅣ구조good,https://www.zigbang.com/home/apt/items/50185994
2026-09-06 08:25:23,오피스텔,50286323,월세,01,부산시 기장군 정관읍 매학리,기장군,정관읍,300,53,0,51.14,15.47,7,"9월 말 입주, 트인조망",https://www.zigbang.com/home/apt/items/50286323
2026-09-06 08:25:23,오피스텔,50108818,월세,01,부산시 기장군 정관읍 매학리,기장군,정관읍,300,50,0,46.28,14.0,5,정관에서 가장 인기있는 신축급 오피스텔입니다. 귀한 단기방,https://www.zigbang.com/home/apt/items/50108818
2026-09-06 08:25:23,오피스텔,50286374,월세,02,부산시 기장군 정관읍 매학리,기장군,정관읍,300,50,0,51.14,15.47,11,"입주협의, 1.5룸,발코니, 중문,최신오피스텔",https://www.zigbang.com/home/apt/items/50286374
2026-09-06 08:25:23,오피스텔,50256754,월세,01,부산시 기장군 정관읍 매학리,기장군,정관읍,300,40,0,46.28,14.0,6,정관 신축급 웰메이드시티 오피스텔,https://www.zigbang.com/home/apt/items/50256754
2026-09-06 08:25:23,오피스텔,50286286,월세,02,부산시 기장군 정관읍 매학리,기장군,정관읍,300,53,0,51.14,15.47,3,"분리형 원룸, 발코니,중문, 빠른입주",https://www.zigbang.com/home/apt/items/50286286
2026-09-06 08:25:23,오피스텔,50097513,월세,04,부산시 기장군 정관읍 매학리,기장군,정관읍,500,65,0,97.63,29.53,6,정관에서 인기있는 신축급  쓰리룸 오피스텔 방 나옵니다.,https://www.zigbang.com/home/apt/items/50097513
2026-09-06 08:25:23,오피스텔,50191393,월세,01,부산시 기장군 정관읍 매학리,기장군,정관읍,300,50,0,51.14,15.47,10,"즉시 입주가능, 1.5룸, 발코니",https://www.zigbang.com/home/apt/items/50191393
2026-09-06 08:25:23,오피스텔,50300312,월세,02,부산시 기장군 기장읍 청강리,기장군,기장읍,300,45,0,52.21,15.79,14,기장역 인근 깔끔한 1.5룸형 오피스텔 입니다. 필로티,https://www.zigbang.com/home/apt/items/50300312
2026-09-06 08:25:23,오피스텔,50269612,월세,02,부산시 기장군 기장읍 청강리,기장군,기장읍,500,43,0,46.36,14.02,7,기장 오피스텔 보안최고,https://www.zigbang.com/home/apt/items/50269612
2026-09-06 08:25:23,오피스텔,50300275,월세,01,부산시 기장군 기장읍 청강리,기장군,기장읍,300,35,0,48.6,14.7,21,기장읍 깔끔한 오피스텔 대로변 기장역 인근 단기가능,https://www.zigbang.com/home/apt/items/50300275
2026-09-06 08:25:23,오피스텔,50079226,매매,04,부산시 기장군 기장읍 대라리,기장군,기장읍,12500,0,12500,57.06,17.26,8,초역세권 침실2개,https://www.zigbang.com/home/apt/items/50079226
2026-09-06 08:25:23,오피스텔,50269620,월세,02,부산시 기장군 기장읍 대라리,기장군,기장읍,500,40,0,40.44,12.23,13,기장 오피스텔 위치최고 컨디션최고,https://www.zigbang.com/home/apt/items/50269620
2026-09-06 08:25:23,오피스텔,50246252,월세,01,부산시 기장군 기장읍 청강리,기장군,기장읍,300,35,0,48.02,14.53,고,단기임대 가능 기장 가장 인기 있는 오피스텔,https://www.zigbang.com/home/apt/items/50246252
2026-09-06 08:25:23,오피스텔,50269484,월세,01,부산시 기장군 기장읍 청강리,기장군,기장읍,300,35,0,41.51,12.56,9,기장 오피스텔 보안최고,https://www.zigbang.com/home/apt/items/50269484
2026-09-06 08:25:23,오피스텔,50225589,월세,02,부산시 기장군 기장읍 연화리,기장군,기장읍,600,66,0,33.56,10.15,8,오션뷰 엄청깔끔하고 예쁜신축오피스텔,https://www.zigbang.com/home/apt/items/50225589
2026-09-06 08:25:23,오피스텔,50225638,월세,02,부산시 기장군 기장읍 연화리,기장군,기장읍,700,77,0,44.12,13.35,10,오션뷰 깔끔한신축첫입주 오피스텔,https://www.zigbang.com/home/apt/items/50225638
2026-09-06 08:25:24,오피스텔,50091079,월세,01,부산시 기장군 장안읍 반룡리,기장군,장안읍,200,50,0,42.98,13.0,고,빠른입주 장안산단 내 유일한 햇빛 잘 드는 신축급 풀옵션,https://www.zigbang.com/home/apt/items/50091079
2026-09-06 08:25:29,오피스텔,50278150,월세,01,울산시 중구 우정동,중구,우정동,500,57,0,52.67,15.93,중,귀한 월세 풀옵션  고층 편의시설인근,https://www.zigbang.com/home/apt/items/50278150
2026-09-06 08:25:29,오피스텔,50243432,월세,01,울산시 중구 우정동,중구,우정동,500,60,0,52.67,15.93,고,10월15일입주.  해잘들고 뷰좋아요.  좋은매물,https://www.zigbang.com/home/apt/items/50243432
2026-09-06 08:25:29,오피스텔,50267430,월세,01,울산시 중구 반구동,중구,반구동,500,50,0,40.14,12.14,중,10월하순ㅇ원룸형큰평수ㅇ단층풀옵션ㅇ귀한월세,https://www.zigbang.com/home/apt/items/50267430
2026-09-06 08:25:29,오피스텔,50239952,월세,01,울산시 중구 반구동,중구,반구동,500,50,0,40.14,12.14,고,11월초입주ㅇ컨디션좋은집ㅇ큰평수원룸형ㅇ침대TV풀옵션,https://www.zigbang.com/home/apt/items/50239952
2026-09-06 08:25:29,오피스텔,49974390,월세,02,울산시 남구 신정동,남구,신정동,1000,75,0,74.29,22.47,중,"하트랜드,큰방1,거실1 분리형,풀옵션,공업탑,교통생활권좋음",https://www.zigbang.com/home/apt/items/49974390
2026-09-06 08:25:29,오피스텔,50027577,월세,02,울산시 남구 신정동,남구,신정동,500,63,0,69.65,21.07,중,"하트랜드,풀옵션,투룸형,수납,교통,생활권편리,1인거주인기",https://www.zigbang.com/home/apt/items/50027577
2026-09-06 08:25:29,오피스텔,50292199,월세,01,울산시 남구 신정동,남구,신정동,500,57,0,55.9,16.91,중,"오펠리움,풀옵션,TV 침대프레임제공,상태양호,인기타입.",https://www.zigbang.com/home/apt/items/50292199
2026-09-06 08:25:29,오피스텔,50276887,월세,01,울산시 남구 신정동,남구,신정동,500,50,0,50.31,15.22,중,"빠른입주,롯데마트옆,원룸형,풀옵션,내부상태깨끗,생활권편리",https://www.zigbang.com/home/apt/items/50276887
2026-09-06 08:25:29,오피스텔,50026947,월세,01,울산시 남구 신정동,남구,신정동,6500,10,0,47.58,14.39,고,"즉시입주,원룸형,롯데마트옆,풀옵션,전세대출,보증보험가능",https://www.zigbang.com/home/apt/items/50026947
2026-09-06 08:25:29,오피스텔,50044860,월세,01,울산시 남구 달동,남구,달동,500,60,0,53.07,16.05,고,10월초ㅇ남향고층집ㅇ투룸같은원룸형ㅇ옷장넓음ㅇ생활권편리,https://www.zigbang.com/home/apt/items/50044860
2026-09-06 08:25:29,오피스텔,50261133,월세,01,울산시 남구 신정동,남구,신정동,7000,10,0,59.24,17.92,중,보증보험가능ㅇ10월12일입주ㅇ귀한반전세ㅇ강변뷰큰평수집,https://www.zigbang.com/home/apt/items/50261133
2026-09-06 08:25:29,오피스텔,50044210,월세,01,울산시 남구 신정동,남구,신정동,500,50,0,48.47,14.66,고,10월1일ㅇ남향단층ㅇ고층풀옵션ㅇ태화강산책도보2분,https://www.zigbang.com/home/apt/items/50044210
2026-09-06 08:25:29,오피스텔,50270522,월세,02,울산시 남구 신정동,남구,신정동,1000,70,0,109.75,33.2,저,ㅣ9월15일이후ㅣ극동스타클래스ㅣ방거실주방ㅣ8282찜ㅣ,https://www.zigbang.com/home/apt/items/50270522
2026-09-06 08:25:29,오피스텔,50292872,월세,01,울산시 남구 삼산동,남구,삼산동,500,58,0,39.43,11.93,고,전망좋고 거주만족도 높은 더뷰,https://www.zigbang.com/home/apt/items/50292872
2026-09-06 08:25:29,오피스텔,50232063,월세,05,울산시 북구 호계동,북구,호계동,1000,90,0,104.24,31.53,3,ㅣ거실1방3ㅣ욕실2ㅣ중문Mㅣ대박사이즈,https://www.zigbang.com/home/apt/items/50232063
2026-09-06 08:25:33,오피스텔,50290200,월세,01,경상북도 김천시 율곡동,김천시,율곡동,500,55,0,70.38,21.29,고,"휴오피,큰방,주차편리,11월1일",https://www.zigbang.com/home/apt/items/50290200
2026-09-06 08:25:33,오피스텔,50095542,월세,01,경상북도 김천시 율곡동,김천시,율곡동,300,45,0,49.59,15.0,저,"써밋,A타입,10월10일",https://www.zigbang.com/home/apt/items/50095542
2026-09-06 08:25:33,오피스텔,50240382,월세,01,경상북도 김천시 율곡동,김천시,율곡동,500,55,0,70,21.17,중,김천시 혁신도시 ktx 인근 오피스텔 주차 하기 아주 좋은,https://www.zigbang.com/home/apt/items/50240382
2026-09-06 08:25:33,오피스텔,50240533,월세,01,경상북도 김천시 율곡동,김천시,율곡동,300,45,0,49.7,15.03,16,김천혁신도시 깨끗한 오피스텔 신축 입니다,https://www.zigbang.com/home/apt/items/50240533
2026-09-06 08:25:33,오피스텔,50240346,월세,01,경상북도 김천시 율곡동,김천시,율곡동,300,47,0,39.66,12.0,중,율곡동 ktx인근  주차하기 좋은 중간 층 오피스텔 입니다,https://www.zigbang.com/home/apt/items/50240346
2026-09-06 08:25:33,오피스텔,50181053,전세,02,경상북도 김천시 율곡동,김천시,율곡동,11000,0,0,71.07,21.5,중,"써밋E타입,분리형큰방,9월3일",https://www.zigbang.com/home/apt/items/50181053
2026-09-06 08:25:33,오피스텔,50069021,월세,02,경상북도 김천시 율곡동,김천시,율곡동,500,60,0,59.5,18.0,9,"써밋D,분리형큰방,10월초",https://www.zigbang.com/home/apt/items/50069021
2026-09-06 08:25:33,오피스텔,50270856,월세,01,경상북도 김천시 율곡동,김천시,율곡동,300,46,0,42.97,13.0,9,율곡동 ktx김천구미역  3분거리 오피스텔,https://www.zigbang.com/home/apt/items/50270856
2026-09-06 08:25:33,오피스텔,49992813,전세,02,경상북도 김천시 율곡동,김천시,율곡동,14000,0,0,100,30.25,중,"코아루E,투룸형제일큰방,즉시입주",https://www.zigbang.com/home/apt/items/49992813
2026-09-06 08:25:33,오피스텔,50188618,월세,01,경상북도 김천시 율곡동,김천시,율곡동,500,57,0,70.03,21.18,8,"코아루,분리형큰방,11월1일",https://www.zigbang.com/home/apt/items/50188618
2026-09-06 08:25:33,오피스텔,50282170,월세,02,경상북도 김천시 율곡동,김천시,율곡동,500,60,0,70,21.17,중,"써밋E타입,분리형큰방,빠른입주",https://www.zigbang.com/home/apt/items/50282170
2026-09-06 08:25:33,오피스텔,50180974,전세,01,경상북도 김천시 율곡동,김천시,율곡동,8000,0,0,56.19,17.0,고,"써밋B,9평큰방,날짜협의",https://www.zigbang.com/home/apt/items/50180974
2026-09-06 08:25:33,오피스텔,50044319,월세,01,경상북도 김천시 율곡동,김천시,율곡동,500,55,0,64,19.36,중,"휴오피,주차편리,큰방,10월17일",https://www.zigbang.com/home/apt/items/50044319
2026-09-06 08:25:33,오피스텔,50181172,전세,02,경상북도 김천시 율곡동,김천시,율곡동,11000,0,0,66.11,20.0,중,"써밋E타입,분리형큰방,11월19일",https://www.zigbang.com/home/apt/items/50181172
2026-09-06 08:25:34,오피스텔,50168490,월세,01,대구시 달성군 다사읍 매곡리,달성군,다사읍,300,40,0,38,11.49,8,특급가성비 옵션좋고 교통좋아요 전입가능 꺠끗하고 깔끔해요,https://www.zigbang.com/home/apt/items/50168490
2026-09-06 08:25:34,오피스텔,50077045,월세,01,대구시 달성군 다사읍 매곡리,달성군,다사읍,500,50,0,54.15,16.38,5,특급가성비 지하철가깝고 귀한풀옵션오피스텔 전입가능,https://www.zigbang.com/home/apt/items/50077045
2026-09-06 08:25:35,오피스텔,50182967,월세,01,대구시 북구 태전동,북구,태전동,300,35,0,35,10.59,중,"매천역인근,넓은방 오피스텔 풀옵션 즉시입주가능",https://www.zigbang.com/home/apt/items/50182967
2026-09-06 08:25:35,오피스텔,50192120,월세,01,대구시 북구 태전동,북구,태전동,300,35,0,38.62,11.68,4,"태전역세권, 넓은방, 완벽 풀옵션, 주차가능",https://www.zigbang.com/home/apt/items/50192120
2026-09-06 08:25:35,오피스텔,50280539,월세,01,대구시 북구 태전동,북구,태전동,300,35,0,35,10.59,저,"매천역인근,넓은방 오피스텔, 엘베,유,풀옵션 즉시입주가능",https://www.zigbang.com/home/apt/items/50280539
2026-09-06 08:25:35,오피스텔,50282581,월세,01,대구시 북구 태전동,북구,태전동,300,34,0,35,10.59,중,"태전,매천 더블역세권 오피스텔,풀옵션,몸만들어오세요",https://www.zigbang.com/home/apt/items/50282581
2026-09-06 08:25:35,오피스텔,50297641,월세,01,대구시 수성구 범어동,수성구,범어동,1000,60,0,115.18,34.84,저,범어숲 오피스텔 . 즉시입주 . 전입가능 . 관리잘된집,https://www.zigbang.com/home/apt/items/50297641
2026-09-06 08:25:35,오피스텔,50294122,월세,01,대구시 동구 신천동,동구,신천동,200,30,0,40.03,12.11,2,㋹가성비OP ㋹대형사이즈 ㋹옵션가득 ㋹엘베,https://www.zigbang.com/home/apt/items/50294122
2026-09-06 08:25:35,오피스텔,50263719,월세,01,대구시 동구 신천동,동구,신천동,500,55,0,58.67,17.75,고,"테라스,,,사업자입주 가능함, 즉시입주 가능, 귀한타입오피",https://www.zigbang.com/home/apt/items/50263719
2026-09-06 08:25:35,오피스텔,50290069,월세,01,대구시 동구 신천동,동구,신천동,500,38,0,46.12,13.95,저,"테라스,,,동대구환승센타 앞 풀옵션에 착한월세의 인기오피",https://www.zigbang.com/home/apt/items/50290069
2026-09-06 08:25:35,오피스텔,50118038,월세,01,대구시 동구 신천동,동구,신천동,500,40,0,50.08,15.15,중,"테라스,,,교통좋고 전망좋은 풀옵션 구조예쁜 인기오피스텔",https://www.zigbang.com/home/apt/items/50118038
2026-09-06 08:25:35,오피스텔,50268736,월세,01,대구시 동구 신천동,동구,신천동,400,39,0,35,10.59,13,동대구역 수납최고많은방 멋진뷰,https://www.zigbang.com/home/apt/items/50268736
2026-09-06 08:25:35,오피스텔,50224986,월세,01,대구시 동구 신천동,동구,신천동,5400,5,0,50.08,15.15,13,"테라스,,,교통좋고 전망좋은 풀옵션 반전세의 인기오피스텔",https://www.zigbang.com/home/apt/items/50224986
2026-09-06 08:25:35,오피스텔,50294214,월세,01,대구시 동구 신천동,동구,신천동,1000,55,0,59.48,17.99,14,㋹테라스가있는 ㋹감성오피 ㋹인프라요충지,https://www.zigbang.com/home/apt/items/50294214
2026-09-06 08:25:35,오피스텔,50018145,월세,01,대구시 동구 신천동,동구,신천동,500,40,0,50.08,15.15,4,"테라스,,,단기세도 가능함, 풀옵션 구조예쁜 착한월세 오피",https://www.zigbang.com/home/apt/items/50018145
2026-09-06 08:25:35,오피스텔,50044270,월세,01,대구시 동구 신천동,동구,신천동,500,50,0,58.67,17.75,고,"테라스,,,교통좋고 전망좋은 테라스가 있는 넓은타입의 오피",https://www.zigbang.com/home/apt/items/50044270
2026-09-06 08:25:35,오피스텔,50296481,매매,01,대구시 동구 신천동,동구,신천동,6000,0,6000,50.08,15.15,3,"테라스,,,동대구환승센타앞 수익률 좋은 초급매 오피스텔",https://www.zigbang.com/home/apt/items/50296481
2026-09-06 08:25:36,오피스텔,50057559,전세,01,경상북도 구미시 임수동,구미시,임수동,6500,0,0,47.03,14.23,9,"뷰굳,주차아주편리,인근e마트,동락공원",https://www.zigbang.com/home/apt/items/50057559
2026-09-06 08:25:36,오피스텔,49987035,월세,01,경상북도 구미시 임수동,구미시,임수동,200,36,0,47.03,14.23,15,"바로입주가능,주차편리,생활편리,조용한방",https://www.zigbang.com/home/apt/items/49987035
2026-09-06 08:25:36,오피스텔,50057573,매매,01,경상북도 구미시 임수동,구미시,임수동,6400,0,6400,47.03,14.23,19,"멋진낙동강과 동락공원뷰, 생활편리한구조",https://www.zigbang.com/home/apt/items/50057573
2026-09-06 08:26:52,오피스텔,50240398,월세,01,인천시 영종구 운서동,영종구,운서동,300,27,0,61.72,18.67,10,전망 좋음   즉시입주  무료셔틀버스 운행,https://www.zigbang.com/home/apt/items/50240398
2026-09-06 08:26:52,오피스텔,50207030,월세,01,인천시 영종구 운서동,영종구,운서동,300,40,0,62.73,18.98,4,남향방 전입신고 가능 무료셔틀버스 운행,https://www.zigbang.com/home/apt/items/50207030
2026-09-06 08:26:52,오피스텔,50268387,월세,01,인천시 영종구 운서동,영종구,운서동,300,28,0,72.14,21.82,2,월드게이트  남향  무료셔틀버스 운행,https://www.zigbang.com/home/apt/items/50268387
2026-09-06 08:26:52,오피스텔,50207053,월세,01,인천시 영종구 운서동,영종구,운서동,300,25,0,50.16,15.17,4,무료셔틀버스 인천공항 및 화물터미널 운행,https://www.zigbang.com/home/apt/items/50207053
2026-09-06 08:26:52,오피스텔,50128587,월세,01,인천시 영종구 운서동,영종구,운서동,1000,80,0,112.39,34.0,5,인천공항공사 바로앞 국제업무단지 오피스,https://www.zigbang.com/home/apt/items/50128587
2026-09-06 08:26:52,오피스텔,50213708,월세,01,인천시 영종구 운서동,영종구,운서동,200,29,0,50,15.12,7,전입시 33가능 .9평 넓은원룸 풀옵션ㆍ도배새로할예정,https://www.zigbang.com/home/apt/items/50213708
2026-09-06 08:26:53,오피스텔,50176684,월세,03,인천시 영종구 중산동,영종구,중산동,200,40,0,66.12,20.0,23,탁트인 바다뷰 복층,https://www.zigbang.com/home/apt/items/50176684
2026-09-06 08:26:53,오피스텔,50250243,월세,02,인천시 영종구 중산동,영종구,중산동,500,62,0,39.67,12.0,19,신축 1.5 분리형 전입가능,https://www.zigbang.com/home/apt/items/50250243
2026-09-06 08:26:53,오피스텔,50262484,월세,04,인천시 영종구 중산동,영종구,중산동,1000,70,0,54.04,16.35,7,"귀한 신축 투룸, 전입 불가, 남서향, 오션뷰, vat별도",https://www.zigbang.com/home/apt/items/50262484
2026-09-06 08:26:53,오피스텔,50262437,월세,02,인천시 영종구 중산동,영종구,중산동,500,50,0,57.97,17.54,19,"귀한 1.5룸, 남서향, 사이드 오션뷰, 풀옵션",https://www.zigbang.com/home/apt/items/50262437
2026-09-06 08:26:53,오피스텔,50221609,월세,02,인천시 영종구 중산동,영종구,중산동,500,65,0,39.67,12.0,중,전입되는 남서향 바다뷰 신축 1.5,https://www.zigbang.com/home/apt/items/50221609
2026-09-06 08:26:53,오피스텔,50228639,월세,01,인천시 영종구 중산동,영종구,중산동,200,38,0,66.12,20.0,19,탁트인 남동향 바다뷰 단층,https://www.zigbang.com/home/apt/items/50228639
2026-09-06 08:26:53,오피스텔,49986312,월세,04,인천시 영종구 중산동,영종구,중산동,1000,90,0,35,10.59,6,오션뷰 신축 . 투룸 . 전입가능 . 풀옵션,https://www.zigbang.com/home/apt/items/49986312
2026-09-06 08:26:53,오피스텔,50278348,월세,04,인천시 영종구 중산동,영종구,중산동,1000,70,0,45,13.61,6,신축 바다뷰투룸 .주차무료.전입시85,https://www.zigbang.com/home/apt/items/50278348
2026-09-06 08:26:53,오피스텔,50302533,월세,02,인천시 영종구 중산동,영종구,중산동,500,65,0,57.97,17.54,9,"KK전입가능,오션뷰 전망굿,풀옵션,전망최고V중심상가이용편리",https://www.zigbang.com/home/apt/items/50302533
2026-09-06 08:27:41,오피스텔,50171066,월세,01,충청남도 당진시 수청동,당진시,수청동,240,64,0,61.11,18.49,고,"최대할인, 버스터미널 5분, 풀옵션",https://www.zigbang.com/home/apt/items/50171066
2026-09-06 08:27:41,오피스텔,50167973,월세,01,충청남도 당진시 수청동,당진시,수청동,90,73,0,61.11,18.49,9,"최대할인, 출장용 추천, 호텔식 풀옵션",https://www.zigbang.com/home/apt/items/50167973
2026-09-06 08:27:43,오피스텔,50239035,월세,01,충청남도 아산시 온천동,아산시,온천동,300,35,0,33.06,10.0,7,온양온천역7분 신축 오피스텔 원룸 풀옵션 월세 반려동물0,https://www.zigbang.com/home/apt/items/50239035
2026-09-06 08:27:43,오피스텔,49994273,월세,04,충청남도 아산시 온천동,아산시,온천동,500,60,0,75.63,22.88,6,"공실, 투룸형 .  풀옵션.",https://www.zigbang.com/home/apt/items/49994273
2026-09-06 08:27:43,오피스텔,50180908,월세,01,충청남도 아산시 온천동,아산시,온천동,300,30,0,32.13,9.72,4,아산 갤러리휴리움,https://www.zigbang.com/home/apt/items/50180908
2026-09-06 08:27:43,오피스텔,50180990,월세,01,충청남도 아산시 온천동,아산시,온천동,300,34,0,32.13,9.72,중,아산 갤러리휴리움,https://www.zigbang.com/home/apt/items/50180990
2026-09-06 08:27:43,오피스텔,50095535,월세,01,충청남도 아산시 온천동,아산시,온천동,300,35,0,34,10.28,저,온양온천 전철역세 권 원룸,https://www.zigbang.com/home/apt/items/50095535
2026-09-06 08:27:43,오피스텔,50255750,월세,01,충청남도 아산시 온천동,아산시,온천동,300,34,0,32.1,9.71,5,아산 갤러리휴리움,https://www.zigbang.com/home/apt/items/50255750
2026-09-06 08:27:43,오피스텔,50208282,월세,03,충청남도 아산시 모종동,아산시,모종동,500,35,0,59.8,18.09,5,"터미널 인근 오피스텔 
풀옵션",https://www.zigbang.com/home/apt/items/50208282
2026-09-06 08:27:43,오피스텔,50239114,월세,03,충청남도 아산시 권곡동,아산시,권곡동,300,28,0,60,18.15,1,역전10분 깔끔한 복층 원룸 풀옵션 월세,https://www.zigbang.com/home/apt/items/50239114
2026-09-06 08:27:43,오피스텔,50239081,월세,02,충청남도 아산시 온천동,아산시,온천동,100,30,0,60,18.15,고,온양온천역5분 넓은 원룸 풀옵션 월세  단기 0,https://www.zigbang.com/home/apt/items/50239081
2026-09-06 08:27:43,오피스텔,50234974,월세,03,충청남도 아산시 권곡동,아산시,권곡동,300,33,0,60,18.15,4,역전10분 깔끔한 복층 원룸 풀옵션 월세,https://www.zigbang.com/home/apt/items/50234974
2026-09-06 08:27:43,오피스텔,50243285,월세,01,충청남도 아산시 온천동,아산시,온천동,200,27,0,31.22,9.44,고,오피스텔 공실,https://www.zigbang.com/home/apt/items/50243285
2026-09-06 08:27:43,오피스텔,50235005,월세,01,충청남도 아산시 온천동,아산시,온천동,300,34,0,70,21.17,3,역전5분 리모델링 넓은 오피스텔 원룸 풀옵션 월세,https://www.zigbang.com/home/apt/items/50235005
2026-09-06 08:27:44,오피스텔,50176487,월세,02,충청남도 천안시 동남구 청당동,천안시 동남구,청당동,2000,60,0,73,22.08,4,청당초바로옆 방3화2,https://www.zigbang.com/home/apt/items/50176487
2026-09-06 08:27:44,오피스텔,50209449,월세,04,충청남도 천안시 동남구 청당동,천안시 동남구,청당동,3000,60,0,68,20.57,4,"화이트 리모델링 쓰리룸 방 3개, 화장실 2개",https://www.zigbang.com/home/apt/items/50209449
2026-09-06 08:27:44,오피스텔,50224717,월세,01,충청남도 천안시 서북구 차암동,천안시 서북구,차암동,300,52,0,63.77,19.29,고,"수납짱,전입가능,대로변오피스텔,차암동,코스트코앞",https://www.zigbang.com/home/apt/items/50224717
2026-09-06 08:27:44,오피스텔,50284589,월세,04,충청남도 천안시 서북구 백석동,천안시 서북구,백석동,1000,85,0,105.82,32.01,고,ㅇ사업자 세금계산서 발행가능ㅇ 보증금 2500까지,https://www.zigbang.com/home/apt/items/50284589
2026-09-06 08:27:44,오피스텔,50250086,월세,01,충청남도 천안시 서북구 차암동,천안시 서북구,차암동,200,30,0,39.67,12.0,중,ㅁ차암동ㅁ비즈타워ㅁ전입가능ㅁ보증금조절가능ㅁ,https://www.zigbang.com/home/apt/items/50250086
2026-09-06 08:27:44,오피스텔,50118876,월세,01,충청남도 천안시 서북구 차암동,천안시 서북구,차암동,200,35,0,29.75,9.0,8,단기임대 전입신고 가능한 차암동 오피스텔,https://www.zigbang.com/home/apt/items/50118876
2026-09-06 08:27:44,오피스텔,50301002,월세,01,충청남도 천안시 서북구 백석동,천안시 서북구,백석동,300,45,0,33.06,10.0,중,ㅇ주차편리ㅇ전입불가 오피스텔,https://www.zigbang.com/home/apt/items/50301002
2026-09-06 08:27:44,오피스텔,50249787,월세,01,충청남도 천안시 서북구 백석동,천안시 서북구,백석동,300,45,0,40,12.1,저,ㅁ삼성SDI인근 도보가능오피스텔ㅁ신축오피스텔ㅁ뚫린뷰ㅁ,https://www.zigbang.com/home/apt/items/50249787
2026-09-06 08:27:44,오피스텔,50289181,월세,01,충청남도 천안시 서북구 백석동,천안시 서북구,백석동,200,48,0,44.44,13.44,6,빠른입주가능합니다.,https://www.zigbang.com/home/apt/items/50289181
2026-09-06 08:27:44,오피스텔,50118852,월세,01,충청남도 천안시 서북구 차암동,천안시 서북구,차암동,200,30,0,23.14,7.0,11,최저가  전입가능 비즈타워 오피스텔 월세,https://www.zigbang.com/home/apt/items/50118852
2026-09-06 08:27:44,오피스텔,50176391,월세,01,충청남도 천안시 서북구 차암동,천안시 서북구,차암동,200,35,0,23.14,7.0,7,단기 임대  비즈타워 오피스텔 전입가능,https://www.zigbang.com/home/apt/items/50176391
2026-09-06 08:27:44,오피스텔,50258389,월세,01,충청남도 천안시 서북구 백석동,천안시 서북구,백석동,100,50,0,44.44,13.44,3,단기6개월이상 가능합니다.,https://www.zigbang.com/home/apt/items/50258389
2026-09-06 08:27:44,오피스텔,50176471,월세,01,충청남도 천안시 서북구 백석동,천안시 서북구,백석동,5990,5,0,44.44,13.44,3,"lh전세가능한 반전세로  ,입주일은 협의",https://www.zigbang.com/home/apt/items/50176471
2026-09-06 08:27:44,오피스텔,50258502,월세,01,충청남도 천안시 서북구 백석동,천안시 서북구,백석동,500,45,0,44.44,13.44,중,10월달 입주가능합니다.,https://www.zigbang.com/home/apt/items/50258502
2026-09-06 08:27:44,오피스텔,50004664,월세,02,충청남도 천안시 서북구 백석동,천안시 서북구,백석동,10000,20,0,68.8,20.81,8,빠른입주 가능합니다.,https://www.zigbang.com/home/apt/items/50004664
2026-09-06 08:27:44,오피스텔,50118869,월세,01,충청남도 천안시 서북구 차암동,천안시 서북구,차암동,200,30,0,29.75,9.0,7,전입 가능차암동 비즈타워 오피스텔 월세 전입가능,https://www.zigbang.com/home/apt/items/50118869
2026-09-06 08:27:44,오피스텔,50255164,월세,01,충청남도 천안시 동남구 안서동,천안시 동남구,안서동,500,50,0,21.92,6.63,8,"백석대 도보 5분, 풀옵션, 깔끔한 원룸",https://www.zigbang.com/home/apt/items/50255164
2026-09-06 08:27:44,오피스텔,50255247,월세,01,충청남도 천안시 동남구 안서동,천안시 동남구,안서동,50,660,0,21.92,6.63,8,"풀옵션, 연세, 거주 편리한 원룸",https://www.zigbang.com/home/apt/items/50255247
2026-09-06 08:27:44,오피스텔,50255529,월세,01,충청남도 천안시 동남구 안서동,천안시 동남구,안서동,500,55,0,27.38,8.28,6,"풀옵션 추천 깔끔 원룸, 백석대 도보 5분",https://www.zigbang.com/home/apt/items/50255529
2026-09-06 08:27:44,오피스텔,50255627,월세,01,충청남도 천안시 동남구 안서동,천안시 동남구,안서동,50,720,0,27.38,8.28,6,"연세, 풀옵션, 남향, 추천 원룸",https://www.zigbang.com/home/apt/items/50255627
2026-09-06 08:27:46,오피스텔,50255398,월세,04,경기도 평택시 포승읍 만호리,평택시,포승읍,300,50,0,63.43,19.19,16,"넓은 거실, 조그만 방 2개,단기시 60만원",https://www.zigbang.com/home/apt/items/50255398
2026-09-06 08:27:46,오피스텔,50288468,전세,01,경기도 평택시 포승읍 도곡리,평택시,포승읍,5000,0,0,36.73,11.11,중,ll 반환보증보험 ll 인테리어 ll 풀옵션 ll,https://www.zigbang.com/home/apt/items/50288468
2026-09-06 08:27:46,오피스텔,50141193,매매,01,경기도 평택시 포승읍 도곡리,평택시,포승읍,5200,0,5200,30.19,9.13,14,스마트빌듀오 2차 매매,https://www.zigbang.com/home/apt/items/50141193
2026-09-06 08:27:46,오피스텔,50254970,월세,02,경기도 평택시 포승읍 만호리,평택시,포승읍,300,38,0,39.66,12.0,중,전망 좋은 방,https://www.zigbang.com/home/apt/items/50254970
2026-09-06 08:27:46,오피스텔,50223990,월세,04,경기도 평택시 포승읍 만호리,평택시,포승읍,300,47,0,52.89,16.0,중,가성비 좋은 방,https://www.zigbang.com/home/apt/items/50223990
2026-09-06 08:27:46,오피스텔,50254915,월세,02,경기도 평택시 포승읍 만호리,평택시,포승읍,300,40,0,44.65,13.51,저,"풀옵션, 전망 좋은 방,그외 좋은 방 다량 보유",https://www.zigbang.com/home/apt/items/50254915
2026-09-06 08:27:46,오피스텔,50254628,월세,02,경기도 평택시 포승읍 만호리,평택시,포승읍,300,40,0,39.66,12.0,고,"전망 좋은  원룸 월세, 그외의 다량의 물건 보유",https://www.zigbang.com/home/apt/items/50254628
2026-09-06 08:27:46,오피스텔,50255062,월세,02,경기도 평택시 포승읍 만호리,평택시,포승읍,300,38,0,39.66,12.0,고,전망 좋은 남향 집,https://www.zigbang.com/home/apt/items/50255062
2026-09-06 08:27:46,오피스텔,50171242,월세,04,경기도 평택시 포승읍 만호리,평택시,포승읍,300,48,0,52.89,16.0,고,가성비 좋은 미니투룸,https://www.zigbang.com/home/apt/items/50171242
2026-09-06 08:27:46,오피스텔,50280471,월세,01,경기도 평택시 포승읍 만호리,평택시,포승읍,100,33,0,40,12.1,중,"단기 가능,  취사가능 주소이전가능",https://www.zigbang.com/home/apt/items/50280471
2026-09-06 08:27:46,오피스텔,50090505,월세,02,경기도 평택시 포승읍 만호리,평택시,포승읍,200,40,0,39.66,12.0,고,도시형 생활주택 1.5룸형,https://www.zigbang.com/home/apt/items/50090505
2026-09-06 08:27:46,오피스텔,50140955,매매,01,경기도 평택시 포승읍 도곡리,평택시,포승읍,5200,0,5200,31.45,9.51,12,"투자용, 세안고 매매",https://www.zigbang.com/home/apt/items/50140955
2026-09-06 08:27:46,오피스텔,50134339,월세,02,경기도 평택시 포승읍 만호리,평택시,포승읍,200,38,0,39.67,12.0,고,침대 있는  방,https://www.zigbang.com/home/apt/items/50134339
2026-09-06 08:27:46,오피스텔,50168552,월세,02,경기도 화성시 만세구 향남읍 구문천리,화성시 만세구,향남읍,300,45,0,30,9.07,중,리모델링.방 넓은 원룸.단기가능.풀옵션.전입가능.부가세별도,https://www.zigbang.com/home/apt/items/50168552
2026-09-06 08:27:46,오피스텔,50223508,월세,01,경기도 화성시 만세구 향남읍 구문천리,화성시 만세구,향남읍,300,38,0,22.13,6.69,17,깨끗 저렴 안할 이유가 없는 원룸,https://www.zigbang.com/home/apt/items/50223508
2026-09-06 08:27:46,오피스텔,50292981,전세,01,경기도 화성시 만세구 향남읍 구문천리,화성시 만세구,향남읍,4700,0,0,19.22,5.81,18,고층 남향 유일전세 12월 입주가능,https://www.zigbang.com/home/apt/items/50292981
2026-09-06 08:27:46,오피스텔,50085343,월세,01,경기도 화성시 만세구 향남읍 구문천리,화성시 만세구,향남읍,300,38,0,24.37,7.37,5,즉시입주가능 전입안됨,https://www.zigbang.com/home/apt/items/50085343
2026-09-06 08:27:46,오피스텔,50293845,월세,01,경기도 화성시 만세구 향남읍 구문천리,화성시 만세구,향남읍,300,50,0,32.97,9.97,17,6개월가능  공실,https://www.zigbang.com/home/apt/items/50293845
2026-09-06 08:27:46,오피스텔,50192123,월세,01,경기도 화성시 만세구 향남읍 구문천리,화성시 만세구,향남읍,300,40,0,32.97,9.97,저,"제약공단인근 최고급 풀옵션1룸, 컨디션깔끔, ㅃㅏ른입주OK",https://www.zigbang.com/home/apt/items/50192123
2026-09-06 08:27:46,오피스텔,50064362,월세,02,경기도 화성시 만세구 향남읍 구문천리,화성시 만세구,향남읍,500,53,0,30.04,9.09,15,투베란다 가장 큰 방,https://www.zigbang.com/home/apt/items/50064362
2026-09-06 08:27:46,오피스텔,50166788,전세,02,경기도 화성시 만세구 향남읍 구문천리,화성시 만세구,향남읍,6300,0,0,32.97,9.97,11,가장큰 투베란다 남동향,https://www.zigbang.com/home/apt/items/50166788
2026-09-06 08:27:46,오피스텔,50063416,월세,01,경기도 화성시 만세구 향남읍 구문천리,화성시 만세구,향남읍,300,40,0,19.22,5.81,17,전입신고가능 9월초입주가능,https://www.zigbang.com/home/apt/items/50063416
2026-09-06 08:27:46,오피스텔,49843259,월세,01,경기도 화성시 만세구 향남읍 하길리,화성시 만세구,향남읍,300,35,0,23.14,7.0,9,"라일플로리스ㅇ가성비갑 오피스텔, 빠른입주OK",https://www.zigbang.com/home/apt/items/49843259
2026-09-06 08:27:46,오피스텔,50293809,월세,01,경기도 화성시 만세구 향남읍 구문천리,화성시 만세구,향남읍,80,60,0,31.05,9.39,12,신규 미니투룸 초단기방 3개월이상가능 월세선납,https://www.zigbang.com/home/apt/items/50293809
2026-09-06 08:27:46,오피스텔,50168540,월세,01,경기도 화성시 만세구 향남읍 구문천리,화성시 만세구,향남읍,300,40,0,28.29,8.56,중,원룸구조. 빠른입주O. 발코니O.  제약단지 생활형숙박시설,https://www.zigbang.com/home/apt/items/50168540
2026-09-06 08:27:46,오피스텔,50242927,월세,01,경기도 화성시 만세구 향남읍 구문천리,화성시 만세구,향남읍,500,47,0,31.08,9.4,중,공실 즉시입주가능 확트인 동향,https://www.zigbang.com/home/apt/items/50242927
2026-09-06 08:27:46,오피스텔,50063305,월세,01,경기도 화성시 만세구 향남읍 구문천리,화성시 만세구,향남읍,400,50,0,32.97,9.97,18,6개월 단기방,https://www.zigbang.com/home/apt/items/50063305
2026-09-06 08:27:46,오피스텔,50014251,월세,02,경기도 화성시 만세구 향남읍 구문천리,화성시 만세구,향남읍,300,45,0,39.79,12.04,고,"리모델링인테리어OK,오늘입주OK,전입신고OK 넓은 원룸",https://www.zigbang.com/home/apt/items/50014251
2026-09-06 08:27:47,오피스텔,50236424,월세,01,경기도 화성시 만세구 향남읍 하길리,화성시 만세구,향남읍,700,55,0,33.14,10.02,고,"O비전호텔리아O, 롯시데시네마인근 인프라최고, 개방감최고",https://www.zigbang.com/home/apt/items/50236424
2026-09-06 08:27:47,오피스텔,50253125,월세,01,경기도 화성시 만세구 향남읍 하길리,화성시 만세구,향남읍,700,55,0,49.42,14.95,고,중심상가내.넓은 원룸구조.생활형숙박시설.인테리어O.전입X,https://www.zigbang.com/home/apt/items/50253125
2026-09-06 08:27:47,오피스텔,50280882,월세,04,경기도 화성시 만세구 향남읍 상신리,화성시 만세구,향남읍,1000,100,0,70,21.17,저,오피스텔.전입가능.빠른 이사협의. 시스템에어컨O.,https://www.zigbang.com/home/apt/items/50280882
2026-09-06 08:27:47,오피스텔,50280850,월세,04,경기도 화성시 만세구 향남읍 상신리,화성시 만세구,향남읍,1000,110,0,125,37.81,5,향남 신축 투룸 오피스텔. 전입가능. 풀옵션. 시스템에어컨,https://www.zigbang.com/home/apt/items/50280850
2026-09-06 08:27:48,오피스텔,50183248,월세,02,경기도 화성시 만세구 남양읍 남양리,화성시 만세구,남양읍,120,72,0,59.79,18.09,4,신축 1.5룸 풀옵션 밝고 환한큰 평수 단기임대 빠른 입주,https://www.zigbang.com/home/apt/items/50183248
2026-09-06 08:27:48,오피스텔,50299583,월세,02,경기도 화성시 만세구 남양읍 남양리,화성시 만세구,남양읍,500,65,0,25.08,7.59,고,보리.컨디션좋음.즉시입주.1주차가능.풀옵션1.5룸,https://www.zigbang.com/home/apt/items/50299583
2026-09-06 08:27:48,오피스텔,50175220,월세,02,경기도 화성시 만세구 남양읍 남양리,화성시 만세구,남양읍,500,60,0,42.98,13.0,고,컨디션 좋은  주방 분리형   수납공간 많음 주차 아주편리,https://www.zigbang.com/home/apt/items/50175220
2026-09-06 08:27:48,오피스텔,50082895,전세,01,경기도 화성시 만세구 남양읍 남양리,화성시 만세구,남양읍,4500,0,0,19.8,5.99,2,관리비 저렴하며  주변 편의시설 이용 편리 대출 없음,https://www.zigbang.com/home/apt/items/50082895
2026-09-06 08:27:48,오피스텔,50298195,월세,01,경기도 화성시 만세구 남양읍 남양리,화성시 만세구,남양읍,1000,35,0,33.06,10.0,5,전입신고 가능하며 임대료 저렴함 버스정류장 가까움,https://www.zigbang.com/home/apt/items/50298195
2026-09-06 08:27:48,오피스텔,50283831,월세,02,경기도 화성시 만세구 남양읍 남양리,화성시 만세구,남양읍,120,72,0,68,20.57,10,화성시청앞 신축 넓은 오피스텔 귀한 단기 월세,https://www.zigbang.com/home/apt/items/50283831
2026-09-06 08:27:49,오피스텔,50262573,전세,01,경기도 평택시 합정동,평택시,합정동,4300,0,0,30.62,9.26,고,"LH , GH 가능 9월입주 빠른입주 평택역 풀옵션원룸전세",https://www.zigbang.com/home/apt/items/50262573
2026-09-06 08:27:49,오피스텔,50210595,월세,01,경기도 평택시 합정동,평택시,합정동,300,63,0,75.59,22.87,중,11월입주 평택역 주차왕 높은층 드레스룸 풀옵션 월세,https://www.zigbang.com/home/apt/items/50210595
2026-09-06 08:27:49,오피스텔,50210634,월세,01,경기도 평택시 합정동,평택시,합정동,300,58,0,65.5,19.81,고,"10월입주 평택역 주차왕,수납왕,동향,높은층 풀옵션 월세",https://www.zigbang.com/home/apt/items/50210634
2026-09-06 08:27:49,오피스텔,50262604,전세,01,경기도 평택시 합정동,평택시,합정동,4300,0,0,30.62,9.26,고,"LH , GH 가능 9월입주 빠른입주 평택역 풀옵션원룸전세",https://www.zigbang.com/home/apt/items/50262604
2026-09-06 08:27:49,오피스텔,50192106,월세,01,경기도 평택시 합정동,평택시,합정동,2000,75,0,122.87,37.17,고,ㅁF1RSTㅁ펜.트.하.우.스FEELㅁ온유안유일한공간ㅁ,https://www.zigbang.com/home/apt/items/50192106
2026-09-06 08:27:49,오피스텔,50126542,월세,01,경기도 평택시 합정동,평택시,합정동,2000,75,0,122.87,37.17,고,o온1차 1개밖에 없는 제일 큰 방 o주차편리 o평택역인근,https://www.zigbang.com/home/apt/items/50126542
2026-09-06 08:27:49,오피스텔,50233603,월세,01,경기도 평택시 합정동,평택시,합정동,300,70,0,77.78,23.53,고,"11월입주 평택역 주차왕,수납왕,큰방,큰창문3개,풀옵션월세",https://www.zigbang.com/home/apt/items/50233603
2026-09-06 08:27:49,오피스텔,49953570,전세,01,경기도 평택시 평택동,평택시,평택동,8000,0,0,31.52,9.53,고,전세 평택경찰서앞 준신축급 원룸 엘베ㅣ8월30일후입주,https://www.zigbang.com/home/apt/items/49953570
2026-09-06 08:27:49,오피스텔,50053252,매매,01,경기도 평택시 합정동,평택시,합정동,10000,0,10000,64.77,19.59,중,평택역 주차좋고 햇살좋은 온유안엘리츠,https://www.zigbang.com/home/apt/items/50053252
2026-09-06 08:27:49,오피스텔,50210655,월세,01,경기도 평택시 합정동,평택시,합정동,500,55,0,64.77,19.59,고,"10월입주 평택역 주차왕,수납왕 서향 풀옵션 월세 BT1차",https://www.zigbang.com/home/apt/items/50210655
2026-09-06 08:27:49,오피스텔,50210549,월세,02,경기도 평택시 합정동,평택시,합정동,300,60,0,77.22,23.36,중,"11월입주 평택역 주차왕,수납왕,분리형 풀옵션 월세BT1차",https://www.zigbang.com/home/apt/items/50210549
2026-09-06 08:27:49,오피스텔,50233609,월세,01,경기도 평택시 합정동,평택시,합정동,300,70,0,75.59,22.87,고,10월입주 평택역 주차왕 높은층 드레스룸 풀옵션 월세,https://www.zigbang.com/home/apt/items/50233609
2026-09-06 08:27:49,오피스텔,50262597,전세,01,경기도 평택시 합정동,평택시,합정동,4300,0,0,30.62,9.26,고,"LH , GH 가능 9월입주 빠른입주 평택역 풀옵션원룸전세",https://www.zigbang.com/home/apt/items/50262597
2026-09-06 08:27:49,오피스텔,50192100,월세,01,경기도 평택시 합정동,평택시,합정동,2000,75,0,122.87,37.17,고,ㅁF1RSTㅁ펜.트.하.우.스 FEELㅁ온유안 유일한 집ㅁ,https://www.zigbang.com/home/apt/items/50192100
2026-09-06 08:27:50,오피스텔,50146648,월세,03,경기도 화성시 만세구 향남읍 행정리,화성시 만세구,향남읍,500,48,0,26.45,8.0,중,"인프라최고 1지구 고급오피, 복층구조 빠른이사",https://www.zigbang.com/home/apt/items/50146648
2026-09-06 08:27:50,오피스텔,50042664,매매,01,경기도 수원시 영통구 영통동,수원시 영통구,영통동,9500,0,9500,19,5.75,3,말콤 경희대 정문 마이온 원룸 도시형생활주택 매매,https://www.zigbang.com/home/apt/items/50042664
2026-09-06 08:27:50,오피스텔,50203009,월세,04,경기도 수원시 권선구 고색동,수원시 권선구,고색동,1000,145,0,133.19,40.29,8,OO애완동물 전입가능 방2 화1 신축 풀옵션,https://www.zigbang.com/home/apt/items/50203009
2026-09-06 08:27:50,오피스텔,50060752,전세,05,경기도 수원시 권선구 고색동,수원시 권선구,고색동,33000,0,0,181.08,54.78,저,전세대출가능.전입가능.단지내커뮤니티.,https://www.zigbang.com/home/apt/items/50060752
2026-09-06 08:27:50,오피스텔,50198435,전세,03,경기도 수원시 권선구 호매실동,수원시 권선구,호매실동,12000,0,0,63.45,19.19,9,반환보증보험가능 청년버팀목 대출가능,https://www.zigbang.com/home/apt/items/50198435
2026-09-06 08:27:51,오피스텔,50281387,매매,04,경기도 용인시 처인구 김량장동,용인시 처인구,김량장동,12500,0,12500,68.9,20.84,고,"용인터미널건너편,투룸형주거용오피스텔,급매물.",https://www.zigbang.com/home/apt/items/50281387
2026-09-06 08:27:51,오피스텔,50281355,월세,01,경기도 용인시 처인구 김량장동,용인시 처인구,김량장동,100,65,0,34.45,10.42,중,"용인터미널부근, 원룸형주거용오피스텔.",https://www.zigbang.com/home/apt/items/50281355
2026-09-06 08:27:51,오피스텔,50234858,월세,01,세종시 세종 조치원읍 남리,,조치원읍,120,42,0,39.67,12.0,4,단기2월이상가능  주차도가능.엘베.  여성선호 명품 원룸,https://www.zigbang.com/home/apt/items/50234858
2026-09-06 08:27:51,오피스텔,50238605,월세,01,세종시 세종 조치원읍 원리,,조치원읍,200,32,0,21,6.35,2,깔끔옵션v 조치원역에서 3분거리v 즉시입주,https://www.zigbang.com/home/apt/items/50238605
2026-09-06 08:27:51,오피스텔,50238807,월세,01,세종시 세종 조치원읍 남리,,조치원읍,100,32,0,26.45,8.0,고,깔끔한 오피스텔형 원룸,https://www.zigbang.com/home/apt/items/50238807
2026-09-06 08:27:51,오피스텔,50234898,월세,01,세종시 세종 조치원읍 남리,,조치원읍,200,32,0,39.66,12.0,4,즉시입주.엘레베이터 .주차장 시설좋음. 조치원역 도보5분,https://www.zigbang.com/home/apt/items/50234898
2026-09-06 08:27:51,오피스텔,50234582,월세,01,세종시 세종 조치원읍 남리,,조치원읍,150,40,0,25.58,7.74,4,단기임대 2개월도가능 즉시입주가능 조치원 명품 원룸형,https://www.zigbang.com/home/apt/items/50234582
2026-09-06 08:27:51,오피스텔,50116623,월세,01,세종시 세종 조치원읍 상리,,조치원읍,300,37,0,26.45,8.0,6,햇살가득  풀옵,https://www.zigbang.com/home/apt/items/50116623
2026-09-06 08:27:51,오피스텔,50028136,전세,01,세종시 세종 조치원읍 원리,,조치원읍,4000,0,0,24,7.26,10,"조치원역에서 3분거리,깔끔 풀옵,즉시입주",https://www.zigbang.com/home/apt/items/50028136
2026-09-06 08:27:52,오피스텔,50257529,월세,01,충청북도 청주시 청원구 오창읍 양청리,청주시 청원구,오창읍,200,48,0,44,13.31,저,ll 즉시입주가능 ll 터미널인근 ll 신축남동향 ll,https://www.zigbang.com/home/apt/items/50257529
2026-09-06 08:27:52,오피스텔,50228775,월세,01,충청북도 청주시 청원구 오창읍 양청리,청주시 청원구,오창읍,300,55,0,44.17,13.36,고,"로얄층 호수뷰 원룸, 빠른입주, 단기 4개월 가능",https://www.zigbang.com/home/apt/items/50228775
2026-09-06 08:27:52,오피스텔,50229207,월세,01,충청북도 청주시 청원구 오창읍 양청리,청주시 청원구,오창읍,300,50,0,44,13.31,저,"엘파크 원룸, 남동향, 장단기 월세가능",https://www.zigbang.com/home/apt/items/50229207
2026-09-06 08:27:52,오피스텔,50229066,월세,01,충청북도 청주시 청원구 오창읍 양청리,청주시 청원구,오창읍,300,60,0,47.03,14.23,중,"오창 최신축 빌트인옵션, 빠른입주 가능",https://www.zigbang.com/home/apt/items/50229066
2026-09-06 08:27:52,오피스텔,50291561,월세,01,충청북도 청주시 청원구 오창읍 양청리,청주시 청원구,오창읍,300,45,0,43,13.01,중,ll 부가세없음 ll C타입 오픈형원룸 ll,https://www.zigbang.com/home/apt/items/50291561
2026-09-06 08:27:52,오피스텔,50228730,월세,01,충청북도 청주시 청원구 오창읍 양청리,청주시 청원구,오창읍,300,50,0,44,13.31,저,"즉시입주, 엘파크 원룸, 2층 공원방향",https://www.zigbang.com/home/apt/items/50228730
2026-09-06 08:27:52,오피스텔,50229137,월세,01,충청북도 청주시 청원구 오창읍 양청리,청주시 청원구,오창읍,300,55,0,44,13.31,중,"엘파크 원룸, 남동향, 1년미만 단기월세",https://www.zigbang.com/home/apt/items/50229137
2026-09-06 08:27:52,오피스텔,50291563,월세,01,충청북도 청주시 청원구 오창읍 양청리,청주시 청원구,오창읍,300,50,0,44,13.31,저,ll  터미널인근 ll 오피스형원룸 ll,https://www.zigbang.com/home/apt/items/50291563
2026-09-06 08:27:52,오피스텔,50228916,월세,01,충청북도 청주시 청원구 오창읍 양청리,청주시 청원구,오창읍,300,60,0,47.01,14.22,중,"오창내 최신축, 3개월이상 단기가능",https://www.zigbang.com/home/apt/items/50228916
2026-09-06 08:27:52,오피스텔,50228866,월세,01,충청북도 청주시 청원구 오창읍 양청리,청주시 청원구,오창읍,300,50,0,44,13.31,중,"엘파크 원룸, 빠른입주, 남동향, 단기가능",https://www.zigbang.com/home/apt/items/50228866
2026-09-06 08:27:52,오피스텔,50232770,월세,04,충청북도 청주시 청원구 오창읍 양청리,청주시 청원구,오창읍,500,80,0,87.23,26.39,11,ll 남동향 ll 큰평수  ll G타입투룸 ll,https://www.zigbang.com/home/apt/items/50232770
2026-09-06 08:27:52,오피스텔,49988978,매매,04,충청북도 청주시 청원구 오창읍 양청리,청주시 청원구,오창읍,30000,0,30000,137.58,41.62,14,오창.메인상권.복층.투룸.71타입.14층.오피스텔매매,https://www.zigbang.com/home/apt/items/49988978
2026-09-06 08:27:52,오피스텔,50291564,월세,01,충청북도 청주시 청원구 오창읍 양청리,청주시 청원구,오창읍,300,55,0,44,13.31,중,ll 호수공원인근 ll  고층 호수뷰 ll,https://www.zigbang.com/home/apt/items/50291564
2026-09-06 08:27:52,오피스텔,50283431,월세,02,충청북도 청주시 서원구 사창동,청주시 서원구,사창동,500,45,0,43.29,13.1,중,남향원룸 베란다 사창사거리 교통편리 내부상쾌 즉시입주,https://www.zigbang.com/home/apt/items/50283431
2026-09-06 08:27:52,오피스텔,50283422,월세,04,충청북도 청주시 서원구 사창동,청주시 서원구,사창동,2000,65,0,85.15,25.76,중,에덴투룸  내부상태양호 교통편리 편의시설으뜸,https://www.zigbang.com/home/apt/items/50283422
2026-09-06 08:27:52,오피스텔,50283407,월세,01,충청북도 청주시 서원구 사창동,청주시 서원구,사창동,500,50,0,49.74,15.05,4,하트리움에덴  오픈형원룸 교통편리함,https://www.zigbang.com/home/apt/items/50283407
2026-09-06 08:27:52,오피스텔,50283442,전세,01,충청북도 청주시 서원구 사창동,청주시 서원구,사창동,3000,0,0,60.72,18.37,고,융자없음  내부상태 양호  빠른입주가능 로얄층 사창사거리,https://www.zigbang.com/home/apt/items/50283442
2026-09-06 08:27:52,오피스텔,50120328,전세,04,충청북도 청주시 흥덕구 봉명동,청주시 흥덕구,봉명동,14000,0,0,73.02,22.09,19,"투룸,
신축.",https://www.zigbang.com/home/apt/items/50120328
2026-09-06 08:27:52,오피스텔,50167396,매매,04,충청북도 청주시 흥덕구 봉명동,청주시 흥덕구,봉명동,13500,0,13500,73.02,22.09,중,"급급매,신축,풀옵션,투룸.",https://www.zigbang.com/home/apt/items/50167396
2026-09-06 08:27:52,오피스텔,50295368,월세,01,충청북도 청주시 서원구 개신동,청주시 서원구,개신동,300,45,0,34.57,10.46,고,홈플러스 부근 오피스텔 방이 크고 베란다와 넉넉한 수납장,https://www.zigbang.com/home/apt/items/50295368
2026-09-06 08:27:52,오피스텔,50217857,전세,04,충청북도 청주시 흥덕구 봉명동,청주시 흥덕구,봉명동,14000,0,0,73.02,22.09,4,"투룸,
신축.",https://www.zigbang.com/home/apt/items/50217857
2026-09-06 08:27:52,오피스텔,50003943,월세,01,충청북도 청주시 상당구 북문로2가,청주시 상당구,북문로2가,300,36,0,39.66,12.0,고,월세최저가   완전풀옵션,https://www.zigbang.com/home/apt/items/50003943
2026-09-06 08:27:53,오피스텔,50035305,월세,05,충청북도 청주시 흥덕구 송절동,청주시 흥덕구,송절동,3000,130,0,164.17,49.66,23,시스템에어컨  냉장고 중문 오븐 가스렌지,https://www.zigbang.com/home/apt/items/50035305
2026-09-06 08:27:53,오피스텔,50035302,매매,05,충청북도 청주시 흥덕구 송절동,청주시 흥덕구,송절동,38700,0,38700,163.93,49.59,고,탑층으로  층간소음 걱정 없어요,https://www.zigbang.com/home/apt/items/50035302
2026-09-06 08:27:53,오피스텔,50273201,전세,05,충청북도 청주시 흥덕구 송절동,청주시 흥덕구,송절동,24500,0,0,164.6,49.79,고,신축 첫입주 보증보험가능 30평형,https://www.zigbang.com/home/apt/items/50273201
2026-09-06 08:27:53,오피스텔,50035329,전세,05,충청북도 청주시 흥덕구 송절동,청주시 흥덕구,송절동,28000,0,0,113.58,34.36,고,가장 저렴한 전세금 주소이전가능,https://www.zigbang.com/home/apt/items/50035329
2026-09-06 08:27:53,오피스텔,50035351,매매,05,충청북도 청주시 흥덕구 송절동,청주시 흥덕구,송절동,39800,0,39800,113.58,34.36,27,마이너스6000만 에어컨2,https://www.zigbang.com/home/apt/items/50035351
2026-09-06 08:27:53,오피스텔,50288446,월세,01,충청북도 청주시 청원구 오창읍 송대리,청주시 청원구,오창읍,300,45,0,26.45,8.0,고,ll 고층뻥뷰 ll 10월초입주 ll,https://www.zigbang.com/home/apt/items/50288446
2026-09-06 08:27:53,오피스텔,50210806,월세,01,충청북도 청주시 청원구 오창읍 송대리,청주시 청원구,오창읍,200,45,0,26.45,8.0,고,ll 10월13일이후입주  ll 고층 ll,https://www.zigbang.com/home/apt/items/50210806
2026-09-06 08:27:53,오피스텔,50288507,월세,01,충청북도 청주시 청원구 오창읍 송대리,청주시 청원구,오창읍,200,45,0,26.45,8.0,7,ll 귀한월세 ll,https://www.zigbang.com/home/apt/items/50288507
2026-09-06 08:27:53,오피스텔,50229340,월세,01,충청북도 청주시 청원구 오창읍 송대리,청주시 청원구,오창읍,200,45,0,36.51,11.04,중,"빌트인 원룸, 장기 단기 가능, 빠른입주가능",https://www.zigbang.com/home/apt/items/50229340
2026-09-06 08:27:53,오피스텔,50288463,월세,01,충청북도 청주시 청원구 오창읍 송대리,청주시 청원구,오창읍,200,45,0,26.45,8.0,19,ll 귀한고층월세 ll,https://www.zigbang.com/home/apt/items/50288463
2026-09-06 08:27:53,오피스텔,50288491,월세,01,충청북도 청주시 청원구 오창읍 송대리,청주시 청원구,오창읍,200,45,0,26.45,8.0,13,ll 고층뻥뷰매물 ll 부가세없는호실 ll,https://www.zigbang.com/home/apt/items/50288491
2026-09-06 08:27:53,오피스텔,50229280,월세,01,충청북도 청주시 청원구 오창읍 송대리,청주시 청원구,오창읍,300,45,0,29.75,9.0,고,"TV 전자렌지 풀옵션, 3개월 단기가능",https://www.zigbang.com/home/apt/items/50229280
2026-09-06 08:28:04,오피스텔,50265872,전세,04,경기도 시흥시 정왕동,시흥시,정왕동,12000,0,0,87.14,26.36,18,투룸전세 정왕동 신축 7년오피스텔일반대출,https://www.zigbang.com/home/apt/items/50265872
2026-09-06 08:28:04,오피스텔,50156658,월세,01,경기도 시흥시 정왕동,시흥시,정왕동,500,35,0,34,10.28,2,빠른입주가능. 500에 35만 부가세별도임. 옵션있음.,https://www.zigbang.com/home/apt/items/50156658
2026-09-06 08:28:04,오피스텔,50277161,월세,01,경기도 시흥시 정왕동,시흥시,정왕동,300,40,0,45,13.61,17,"깨끗한신축 7년 오피스텔 조망좋음,전입신고가능",https://www.zigbang.com/home/apt/items/50277161
2026-09-06 08:28:04,오피스텔,50198344,월세,01,경기도 시흥시 정왕동,시흥시,정왕동,300,40,0,43.3,13.1,17,즉시입주. 세금계산서가능. 도배완료. 옵션있음.,https://www.zigbang.com/home/apt/items/50198344
2026-09-06 08:28:04,오피스텔,50220886,월세,01,경기도 시흥시 정왕동,시흥시,정왕동,300,35,0,54.77,16.57,2,즉시입주가능. 메가폴리스 내 원룸구조.,https://www.zigbang.com/home/apt/items/50220886
2026-09-06 08:28:04,오피스텔,50198760,월세,04,경기도 시흥시 정왕동,시흥시,정왕동,500,65,0,87.27,26.4,3,"서향집,깨끗하고 조용함",https://www.zigbang.com/home/apt/items/50198760
2026-09-06 08:28:04,오피스텔,50201232,월세,03,경기도 시흥시 정왕동,시흥시,정왕동,500,45,0,68.98,20.87,8,복층구조 녹지전망. 도배 및 입주청소옵션.,https://www.zigbang.com/home/apt/items/50201232
2026-09-06 08:28:04,오피스텔,50266796,월세,01,인천시 연수구 연수동,연수구,연수동,40,32,0,19.83,6.0,8,"연수역초역세권  저렴한 파티마 오피스텔, 무보증 단기임대",https://www.zigbang.com/home/apt/items/50266796
2026-09-06 08:28:04,오피스텔,50296219,월세,01,인천시 연수구 연수동,연수구,연수동,500,35,0,36.36,11.0,8,연수역초역세권 남양오피스텔11평형 저렴한 월세,https://www.zigbang.com/home/apt/items/50296219
2026-09-06 08:28:04,오피스텔,50223755,월세,05,인천시 미추홀구 학익동,미추홀구,학익동,3000,120,0,165,49.91,30,"즉시입주가능,전입X,일반사업자환영,실사가능",https://www.zigbang.com/home/apt/items/50223755
2026-09-06 08:28:04,오피스텔,50212441,월세,01,인천시 연수구 연수동,연수구,연수동,300,45,0,46.28,14.0,중,연수동 깨끗한 오피스텔,https://www.zigbang.com/home/apt/items/50212441
2026-09-06 08:28:04,오피스텔,50218391,월세,02,인천시 미추홀구 문학동,미추홀구,문학동,300,60,0,45,13.61,4,"수리 잘된 방1, 넓은거실",https://www.zigbang.com/home/apt/items/50218391
2026-09-06 08:28:04,오피스텔,50048393,월세,03,인천시 연수구 연수동,연수구,연수동,500,45,0,42.97,13.0,고,두손메카 오피스텔,https://www.zigbang.com/home/apt/items/50048393
2026-09-06 08:28:04,오피스텔,50282311,월세,04,인천시 연수구 청학동,연수구,청학동,1000,80,0,109.03,32.98,5,"연수역초역세권 연수푸르지오오피스텔 32평 월세, 전입불가",https://www.zigbang.com/home/apt/items/50282311
2026-09-06 08:28:04,오피스텔,50048410,월세,01,인천시 연수구 연수동,연수구,연수동,50,32,0,19.83,6.0,8,연수동  무보증 단기임대  오피스텔,https://www.zigbang.com/home/apt/items/50048410
2026-09-06 08:28:04,오피스텔,50296184,월세,01,인천시 연수구 연수동,연수구,연수동,300,35,0,27,8.17,중,"연수역 초역세권 연수파티마오피스텔 8평형 월세, 남향",https://www.zigbang.com/home/apt/items/50296184
2026-09-06 08:28:04,오피스텔,50244276,월세,05,인천시 연수구 연수동,연수구,연수동,2000,80,0,183.46,55.5,5,THE바른 I 연수역 초역세권 I 전입가능주거용오피스텔,https://www.zigbang.com/home/apt/items/50244276
2026-09-06 08:28:04,오피스텔,50190899,월세,05,인천시 연수구 연수동,연수구,연수동,2000,75,0,183,55.36,3,"수인선 연수역 초역세권 연수푸르지오오피스텔, 55평형,월세",https://www.zigbang.com/home/apt/items/50190899
2026-09-06 08:28:04,오피스텔,50048408,월세,01,인천시 연수구 연수동,연수구,연수동,300,35,0,33.06,10.0,7,연수동 중심가 오피스텔,https://www.zigbang.com/home/apt/items/50048408
2026-09-06 08:28:04,오피스텔,50048413,월세,01,인천시 연수구 연수동,연수구,연수동,300,45,0,49,14.82,중,연수동 연수역 바로앞 오피스텔,https://www.zigbang.com/home/apt/items/50048413
2026-09-06 08:28:05,오피스텔,50302038,월세,01,경기도 시흥시 정왕동,시흥시,정왕동,500,50,0,89.1,26.95,11,짱 짱 안전하고 깔끔한  정왕동 오피스텔 주차걱정 없어요,https://www.zigbang.com/home/apt/items/50302038
2026-09-06 08:28:05,오피스텔,50028122,월세,01,경기도 시흥시 정왕동,시흥시,정왕동,500,50,0,27.26,8.25,저,주차및 밝은원룸 깔끔해요,https://www.zigbang.com/home/apt/items/50028122
2026-09-06 08:28:05,오피스텔,50289154,월세,01,경기도 시흥시 정왕동,시흥시,정왕동,500,38,0,42.45,12.84,3,남안산 IC 인근 쿠팡물류센타앞건물,https://www.zigbang.com/home/apt/items/50289154
2026-09-06 08:28:05,오피스텔,50036789,월세,01,경기도 시흥시 정왕동,시흥시,정왕동,500,50,0,27.26,8.25,고,보증금조정가능 정왕역도보 깔끔,https://www.zigbang.com/home/apt/items/50036789
2026-09-06 08:28:05,오피스텔,50288684,월세,01,경기도 시흥시 정왕동,시흥시,정왕동,500,50,0,27.26,8.25,중,식자재.정왕역도보 주차시설이 잘되어있어요,https://www.zigbang.com/home/apt/items/50288684
2026-09-06 08:28:05,오피스텔,49971464,월세,01,경기도 시흥시 정왕동,시흥시,정왕동,300,50,0,27.16,8.22,고,정왕역도보 풀옵션 빌트인,https://www.zigbang.com/home/apt/items/49971464
2026-09-06 08:28:05,오피스텔,50198672,월세,01,경기도 시흥시 정왕동,시흥시,정왕동,500,33,0,42.44,12.84,7,"저렴한 오피스텔,남안산ic인근",https://www.zigbang.com/home/apt/items/50198672
2026-09-06 08:28:05,오피스텔,50224945,월세,01,경기도 시흥시 정왕동,시흥시,정왕동,1000,48,0,14.31,4.33,10,"OK. 신축급 오피스텔, 안전 보장, 침대, 500가능",https://www.zigbang.com/home/apt/items/50224945
2026-09-06 08:28:05,오피스텔,50224949,월세,01,경기도 시흥시 정왕동,시흥시,정왕동,500,50,0,27.26,8.25,고,"OK. 신축급 오피스텔, 안전 보장, 침대",https://www.zigbang.com/home/apt/items/50224949
2026-09-06 08:28:05,오피스텔,50183679,월세,01,경기도 시흥시 정왕동,시흥시,정왕동,300,50,0,27.16,8.22,저,위치좋고 깔끔한 원룸,https://www.zigbang.com/home/apt/items/50183679
2026-09-06 08:28:05,오피스텔,50105626,월세,03,경기도 안산시 단원구 초지동,안산시 단원구,초지동,500,55,0,47,14.22,12,풀옵션 복층형 원룸 오피스텔.,https://www.zigbang.com/home/apt/items/50105626
2026-09-06 08:28:05,오피스텔,50179390,월세,03,경기도 안산시 단원구 초지동,안산시 단원구,초지동,100,70,0,47.88,14.48,9,RR오션의 복층원룸  단기,https://www.zigbang.com/home/apt/items/50179390
2026-09-06 08:28:05,오피스텔,49968129,전세,01,경기도 안산시 단원구 초지동,안산시 단원구,초지동,7800,0,0,52.59,15.91,저,"YY신축급,원룸형오피,컨디션좋아요,안전한전세,보증보험oK",https://www.zigbang.com/home/apt/items/49968129
2026-09-06 08:28:05,오피스텔,50276754,월세,02,경기도 안산시 단원구 초지동,안산시 단원구,초지동,500,65,0,69,20.87,9,"풀옵션 방1개 넓은거실 1,5룸형 오피스텔.",https://www.zigbang.com/home/apt/items/50276754
2026-09-06 08:28:05,오피스텔,50227503,월세,01,경기도 안산시 단원구 초지동,안산시 단원구,초지동,100,65,0,52.59,15.91,중,"ꕣ 떳다,귀한 원룸형 오피스텔 단기방. 어서오세요 ꕣ",https://www.zigbang.com/home/apt/items/50227503
2026-09-06 08:28:05,오피스텔,50227483,월세,02,경기도 안산시 단원구 초지동,안산시 단원구,초지동,1000,65,0,56.44,17.07,18,WoW 완전넓은복층 이런방 어디에도 없어요v,https://www.zigbang.com/home/apt/items/50227483
2026-09-06 08:28:05,오피스텔,50277833,월세,01,경기도 안산시 단원구 초지동,안산시 단원구,초지동,500,45,0,46,13.91,9,풀옵션 원룸형 오피스텔.,https://www.zigbang.com/home/apt/items/50277833
2026-09-06 08:28:05,오피스텔,50273068,월세,03,경기도 안산시 단원구 초지동,안산시 단원구,초지동,500,55,0,49.32,14.92,고,00빠른입주 밝은남향 위너스오션 복층형  원룸00,https://www.zigbang.com/home/apt/items/50273068
2026-09-06 08:28:05,오피스텔,50042997,월세,02,경기도 안산시 단원구 초지동,안산시 단원구,초지동,2000,60,0,57,17.24,18,풀옵션 복층형 1.5룸형 오피스텔.,https://www.zigbang.com/home/apt/items/50042997
2026-09-06 08:28:05,오피스텔,50250002,월세,03,경기도 안산시 단원구 초지동,안산시 단원구,초지동,1000,46,0,45.78,13.85,14,ㄱㄱ깔끔한 남향 복층 원룸 월세,https://www.zigbang.com/home/apt/items/50250002
2026-09-06 08:28:05,오피스텔,50292388,월세,01,경기도 안산시 상록구 사동,안산시 상록구,사동,1000,70,0,41.06,12.42,중,사동산뷰  원룸형 풀옵션 편의시설근접동 11월 입주가,https://www.zigbang.com/home/apt/items/50292388
2026-09-06 08:28:05,오피스텔,50298756,월세,03,경기도 안산시 상록구 이동,안산시 상록구,이동,500,60,0,59.5,18.0,고,역세권 귀한 남향 복층 오피스텔 나왔어요,https://www.zigbang.com/home/apt/items/50298756
2026-09-06 08:28:05,오피스텔,50292367,월세,04,경기도 안산시 상록구 사동,안산시 상록구,사동,2000,120,0,109,32.97,고,편의시설가까운  투룸풀옵션 편의시설근접동 전입안됨.,https://www.zigbang.com/home/apt/items/50292367
2026-09-06 08:28:05,오피스텔,50292376,월세,04,경기도 안산시 상록구 사동,안산시 상록구,사동,2000,120,0,119,36.0,중,귀한투룸월세  풀옵션 단지내 조용하고 쾌적한 주거환경,https://www.zigbang.com/home/apt/items/50292376
2026-09-06 08:28:05,오피스텔,50254045,월세,04,경기도 안산시 상록구 사동,안산시 상록구,사동,2000,120,0,108.91,32.95,저,11월중순입주가능 풀옵션투룸,https://www.zigbang.com/home/apt/items/50254045
2026-09-06 08:28:05,오피스텔,50144249,매매,01,경기도 안산시 상록구 사동,안산시 상록구,사동,5200,0,5200,47,14.22,4,"인우빌 오피스텔 매매  5,200만원",https://www.zigbang.com/home/apt/items/50144249
2026-09-06 08:28:05,오피스텔,50299687,월세,01,경기도 안산시 상록구 사동,안산시 상록구,사동,1000,70,0,55.48,16.78,중,원룸 월세 전입가능 이사협의가능,https://www.zigbang.com/home/apt/items/50299687
2026-09-06 08:28:05,오피스텔,49981234,매매,01,경기도 안산시 상록구 사동,안산시 상록구,사동,6500,0,6500,47,14.22,3,"인우빌오피스텔 매매,  새로   Remodeling함 .",https://www.zigbang.com/home/apt/items/49981234
2026-09-06 08:28:05,오피스텔,50115038,월세,03,경기도 안산시 단원구 고잔동,안산시 단원구,고잔동,500,50,0,46.28,14.0,3,남향 사업자 가능 전입안됨,https://www.zigbang.com/home/apt/items/50115038
2026-09-06 08:28:05,오피스텔,50215130,전세,02,경기도 시흥시 장현동,시흥시,장현동,22000,0,0,95.5,28.89,10,"전입가능, 신축 오피스텔, 시흥시청역 도보권",https://www.zigbang.com/home/apt/items/50215130
2026-09-06 08:28:05,오피스텔,50215152,매매,01,경기도 시흥시 장현동,시흥시,장현동,10000,0,10000,22.83,6.91,2,"풀옵션 원룸, 시흥시청역에서 도보로 약 5분거리",https://www.zigbang.com/home/apt/items/50215152
2026-09-06 08:28:05,오피스텔,50101607,월세,02,경기도 시흥시 장현동,시흥시,장현동,5000,50,0,22.83,6.91,2,"전입 가능, 신축 1.5룸 오피스텔입니다.",https://www.zigbang.com/home/apt/items/50101607
2026-09-06 08:28:05,오피스텔,50020646,월세,02,경기도 시흥시 장현동,시흥시,장현동,1000,80,0,95.5,28.89,7,"전입불가, 신축 1.5룸 오피스텔입니다. 시흥시청역 도보권",https://www.zigbang.com/home/apt/items/50020646
2026-09-06 08:28:05,오피스텔,50291955,월세,01,경기도 시흥시 월곶동,시흥시,월곶동,200,30,0,33.06,10.0,저,"즉시입주가능,월곶역세권,풀옵션원룸,공실,입주청소완료",https://www.zigbang.com/home/apt/items/50291955
2026-09-06 08:28:05,오피스텔,50085384,전세,01,경기도 시흥시 월곶동,시흥시,월곶동,6820,0,0,42.98,13.0,고,"뷰좋은 원룸, 월곶역 바로앞 , 깨끗한 방",https://www.zigbang.com/home/apt/items/50085384
2026-09-06 08:28:05,오피스텔,50212786,월세,04,경기도 시흥시 월곶동,시흥시,월곶동,1000,80,0,109.67,33.18,10,"2룸,넓은거실,월곶역풀옵션,업무용,사업자발행가능",https://www.zigbang.com/home/apt/items/50212786
2026-09-06 08:28:05,오피스텔,50290193,전세,01,경기도 시흥시 월곶동,시흥시,월곶동,6200,0,0,43.72,13.23,12,"버팀목전세대출가능,보증보험가입가능,월곶역세권 풀옵션원룸",https://www.zigbang.com/home/apt/items/50290193
2026-09-06 08:28:05,오피스텔,50230544,전세,02,경기도 시흥시 월곶동,시흥시,월곶동,14000,0,0,66.31,20.06,17,"풀옵션1.5룸,주차편리,월곶역세권,버팀목전세대출가능",https://www.zigbang.com/home/apt/items/50230544
2026-09-06 08:28:05,오피스텔,50231622,월세,01,경기도 시흥시 월곶동,시흥시,월곶동,300,33,0,23.14,7.0,12,"빠른입주가능,도배함,풀옵션원룸,월곶역앞",https://www.zigbang.com/home/apt/items/50231622
2026-09-06 08:28:06,오피스텔,50208130,월세,01,경기도 광명시 일직동,광명시,일직동,1000,72,0,55.9,16.91,중,업무용 일반임대사업자 피트니스이용가 중대병원근,https://www.zigbang.com/home/apt/items/50208130
2026-09-06 08:28:06,오피스텔,50033164,월세,01,경기도 광명시 일직동,광명시,일직동,18000,10,0,73.85,22.34,7,가장선호타입 중대병원근처 전세대출 보증보험 전입가능,https://www.zigbang.com/home/apt/items/50033164
2026-09-06 08:28:06,오피스텔,49930829,월세,01,경기도 안양시 만안구 석수동,안양시 만안구,석수동,1000,44,0,23.14,7.0,2,관악역세권 신축급 깔끔한 풀옵션 원룸,https://www.zigbang.com/home/apt/items/49930829
2026-09-06 08:28:06,오피스텔,50191750,전세,01,경기도 광명시 일직동,광명시,일직동,17000,0,0,90,27.22,저,"보증보험가능,귀한넓은원룸",https://www.zigbang.com/home/apt/items/50191750
2026-09-06 08:28:06,오피스텔,50280044,월세,01,경기도 광명시 일직동,광명시,일직동,12600,10,0,55.9,16.91,고,전입 전세대출 보중보험가입가능 중대병원근처,https://www.zigbang.com/home/apt/items/50280044
2026-09-06 08:28:06,오피스텔,50254749,월세,01,경기도 광명시 일직동,광명시,일직동,5000,45,0,55.94,16.92,고,", 전입신고가능 보증보험가능,보증금조절가능합니다",https://www.zigbang.com/home/apt/items/50254749
2026-09-06 08:28:06,오피스텔,50162287,월세,01,경기도 광명시 일직동,광명시,일직동,11250,16,0,56,16.94,고,"보증보험가능,전입가능,중대병원근처",https://www.zigbang.com/home/apt/items/50162287
2026-09-06 08:28:06,오피스텔,50216680,월세,01,경기도 광명시 일직동,광명시,일직동,12600,20,0,55.9,16.91,10,전입 전세대출 보증보험가입가능 중대병원근처,https://www.zigbang.com/home/apt/items/50216680
2026-09-06 08:28:06,오피스텔,50157423,전세,01,경기도 광명시 일직동,광명시,일직동,18000,0,0,73.95,22.37,중,",넓은원룸,탁트인뷰,중앙대병원코앞,",https://www.zigbang.com/home/apt/items/50157423
2026-09-06 08:28:06,오피스텔,50116338,전세,01,경기도 광명시 일직동,광명시,일직동,18000,0,0,73.94,22.37,11,"트리플의 귀한 전세, 중대병원 이케아 인근",https://www.zigbang.com/home/apt/items/50116338
2026-09-06 08:28:06,오피스텔,50157547,월세,04,경기도 광명시 일직동,광명시,일직동,1000,110,0,102.95,31.14,중,"전입신고불가, 부가가치세별도임",https://www.zigbang.com/home/apt/items/50157547
2026-09-06 08:28:06,오피스텔,50126788,월세,01,경기도 광명시 일직동,광명시,일직동,11900,10,0,49.49,14.97,저,전입 전세대출 보증보험가입가능 중대병원근처,https://www.zigbang.com/home/apt/items/50126788
2026-09-06 08:28:06,오피스텔,50262288,월세,01,인천시 영종구 중산동,영종구,중산동,200,40,0,41.58,12.58,고,"신축, 원룸, 풀옵션, 남동향, 파노라마 오션뷰, 단기O",https://www.zigbang.com/home/apt/items/50262288
2026-09-06 08:28:06,오피스텔,50216529,월세,03,인천시 영종구 중산동,영종구,중산동,200,45,0,35,10.59,중,대각선 바다뷰 신축 풀옵션 복층,https://www.zigbang.com/home/apt/items/50216529
2026-09-06 08:28:06,오피스텔,50236157,월세,01,인천시 영종구 중산동,영종구,중산동,300,44,0,24,7.26,중,전입가능 . 초저가,https://www.zigbang.com/home/apt/items/50236157
2026-09-06 08:28:06,오피스텔,50213057,월세,03,인천시 영종구 중산동,영종구,중산동,200,40,0,39,11.8,중,十시티뷰 十최저가월세十내부컨디션좋음十빠른입주가능十,https://www.zigbang.com/home/apt/items/50213057
2026-09-06 08:28:06,오피스텔,50245987,월세,03,인천시 영종구 중산동,영종구,중산동,300,40,0,21.7,6.56,8,전입 가능 복층  북서향 시티뷰 주차가능,https://www.zigbang.com/home/apt/items/50245987
2026-09-06 08:28:06,오피스텔,50262576,월세,03,인천시 영종구 중산동,영종구,중산동,200,45,0,38.69,11.7,고,"신축, 복층형원룸, 남서향, 단기 가능, 즉시 입주",https://www.zigbang.com/home/apt/items/50262576
2026-09-06 08:28:06,오피스텔,50262301,월세,03,인천시 영종구 중산동,영종구,중산동,300,35,0,44.88,13.58,중,"신축, 복층형원룸, 시티뷰 테라스O, 단기 가능, 즉시입주",https://www.zigbang.com/home/apt/items/50262301
2026-09-06 08:28:06,오피스텔,50221620,월세,01,인천시 영종구 중산동,영종구,중산동,200,33,0,66.12,20.0,고,탁트인  바다뷰 침대풀옵션ㆍ6개월시 35,https://www.zigbang.com/home/apt/items/50221620
2026-09-06 08:28:06,오피스텔,50265724,월세,01,인천시 영종구 중산동,영종구,중산동,500,70,0,39.13,11.84,17,"오션뷰 복층형 원룸 , 인스파이어 가까움",https://www.zigbang.com/home/apt/items/50265724
2026-09-06 08:28:06,오피스텔,50250272,월세,01,인천시 영종구 중산동,영종구,중산동,300,40,0,39.67,12.0,중,탁트인 시티뷰  고층 ㆍ테라스  풀옵션,https://www.zigbang.com/home/apt/items/50250272
2026-09-06 08:28:06,오피스텔,50262273,월세,01,인천시 영종구 중산동,영종구,중산동,300,40,0,42.29,12.79,21,"신축, 원룸, 풀옵션, 테라스O, 드레스룸O, 즉시 입주",https://www.zigbang.com/home/apt/items/50262273
2026-09-06 08:28:06,오피스텔,50213078,월세,03,인천시 영종구 중산동,영종구,중산동,200,40,0,40,12.1,고,十풀옵션十내부컨디션좋음十최저가월세十빠른입주가능十,https://www.zigbang.com/home/apt/items/50213078
2026-09-06 08:28:06,오피스텔,50257809,월세,03,인천시 영종구 중산동,영종구,중산동,300,35,0,44.88,13.58,중,"KK즉시입주가능,복층 테라스 시티뷰, 풀옵션, 노을맛집KK",https://www.zigbang.com/home/apt/items/50257809
2026-09-06 08:28:06,오피스텔,50213138,월세,03,인천시 영종구 중산동,영종구,중산동,200,50,0,39,11.8,고,十전면오션뷰十빠른입주가능十내부컨디션좋음十,https://www.zigbang.com/home/apt/items/50213138
2026-09-06 08:28:07,오피스텔,50199065,월세,05,인천시 검단구 오류동,검단구,오류동,500,90,0,100,30.25,고,3룸 신축급 6년차 옵션 자유,https://www.zigbang.com/home/apt/items/50199065
2026-09-06 08:28:07,오피스텔,49980146,월세,04,인천시 검단구 오류동,검단구,오류동,500,90,0,100,30.25,고,3룸 신축급 6년차 옵션 자유,https://www.zigbang.com/home/apt/items/49980146
2026-09-06 08:28:07,오피스텔,50291991,월세,03,인천시 계양구 계산동,계양구,계산동,500,47,0,63.07,19.08,5,밝고 넓은 복층 구조로 깨끗함,https://www.zigbang.com/home/apt/items/50291991
2026-09-06 08:28:07,오피스텔,50228009,월세,01,인천시 계양구 계산동,계양구,계산동,300,35,0,45,13.61,9,경복궁맞은편 인기좋은  깔끔한 오피스텔이며 활용도 좋아요,https://www.zigbang.com/home/apt/items/50228009
2026-09-06 08:28:07,오피스텔,50248545,월세,02,인천시 계양구 작전동,계양구,작전동,500,60,0,85.5,25.86,7,"세종 병원 앞에 위치,방1 거실1개  분리 빠른입주가능",https://www.zigbang.com/home/apt/items/50248545
2026-09-06 08:28:07,오피스텔,50291857,월세,03,인천시 계양구 계산동,계양구,계산동,500,37,0,40.56,12.27,11,전망 좋은 복층구조로 깨끗함,https://www.zigbang.com/home/apt/items/50291857
2026-09-06 08:28:07,오피스텔,50148684,월세,01,인천시 계양구 계산동,계양구,계산동,300,30,0,46,13.91,9,"사업자가능 동향으로 햇살 기계식주차임,",https://www.zigbang.com/home/apt/items/50148684
2026-09-06 08:28:07,오피스텔,50277825,월세,03,인천시 계양구 계산동,계양구,계산동,500,45,0,54,16.33,중,씽크대교체 수리된집 창고따로 자주식주차,https://www.zigbang.com/home/apt/items/50277825
2026-09-06 08:28:07,오피스텔,50272594,월세,02,인천시 계양구 계산동,계양구,계산동,500,55,0,70,21.17,13,통베란다 있는 1.5룸  전망좋고 창고따로,https://www.zigbang.com/home/apt/items/50272594
2026-09-06 08:28:07,오피스텔,50227637,월세,01,인천시 계양구 계산동,계양구,계산동,300,30,0,40,12.1,3,"경복궁맞은편위치 깔끔하고 수납많고 생활편리,입주협의",https://www.zigbang.com/home/apt/items/50227637
2026-09-06 08:28:07,오피스텔,50227985,월세,01,인천시 계양구 계산동,계양구,계산동,300,30,0,40,12.1,6,"빌트인구조로 깔끔하며, 생활하기 편리,현재 세입자거주중임.",https://www.zigbang.com/home/apt/items/50227985
2026-09-06 08:28:07,오피스텔,50290612,월세,02,인천시 계양구 계산동,계양구,계산동,1000,55,0,69.18,20.93,13,"상업지역내 방과 거실분리형이며, 방은큰방임.복도에 창고별도",https://www.zigbang.com/home/apt/items/50290612
2026-09-06 08:28:07,오피스텔,50263228,월세,02,인천시 검단구 마전동,검단구,마전동,500,55,0,64.6,19.54,11,이수ㅡ분리형타입ㅡ듀클래스ㅡ 신축 오피스텔,https://www.zigbang.com/home/apt/items/50263228
2026-09-06 08:28:07,오피스텔,50258774,월세,02,인천시 검단구 마전동,검단구,마전동,500,65,0,64.6,19.54,고,"H 귀한 분리형 원룸, 신축, 초역세권 풀옵션",https://www.zigbang.com/home/apt/items/50258774
2026-09-06 08:28:07,오피스텔,50264963,월세,01,인천시 검단구 마전동,검단구,마전동,120,60,0,53.1,16.06,4,반려동물가능ㅡ검단사거리역 듀클래스ㅡ신축대형오피스텔ㅡ초역세권,https://www.zigbang.com/home/apt/items/50264963
2026-09-06 08:28:07,오피스텔,50052458,월세,01,인천시 검단구 마전동,검단구,마전동,500,50,0,53.77,16.27,저,"i 사업자등록 가능, 검단사거리역1분, 풀옵션, 초역세권",https://www.zigbang.com/home/apt/items/50052458
2026-09-06 08:28:07,오피스텔,50298796,월세,05,인천시 검단구 왕길동,검단구,왕길동,100,70,0,73.31,22.18,고,검단사거리역 9분 깔끔한 3룸 타워팰리스 도시형 단기 월세,https://www.zigbang.com/home/apt/items/50298796
2026-09-06 08:28:07,오피스텔,50287063,월세,02,인천시 검단구 마전동,검단구,마전동,500,55,0,64.6,19.54,6,이수ㅡ역세권ㅡ분리형구조ㅡ신축오피스텔,https://www.zigbang.com/home/apt/items/50287063
2026-09-06 08:28:07,오피스텔,50228511,월세,01,인천시 검단구 마전동,검단구,마전동,500,50,0,52.56,15.9,고,"A 정남향,신축 풀옵션,검단사거리역 1분",https://www.zigbang.com/home/apt/items/50228511
2026-09-06 08:28:07,오피스텔,50192622,월세,02,인천시 검단구 마전동,검단구,마전동,500,55,0,58.78,17.78,고,C 검단사거리역 초역세권  풀옵션  주차용이,https://www.zigbang.com/home/apt/items/50192622
2026-09-06 08:28:07,오피스텔,50299678,월세,01,인천시 검단구 마전동,검단구,마전동,300,50,0,52.65,15.93,8,깔끔한 화이트톤ㅡ초역세권ㅡ신축 듀클래스 오피스텔,https://www.zigbang.com/home/apt/items/50299678
2026-09-06 08:28:07,오피스텔,50208824,월세,03,인천시 검단구 마전동,검단구,마전동,100,50,0,49.43,14.95,중,풀옵션 복층 도배하고 청소해드림 단기 가능,https://www.zigbang.com/home/apt/items/50208824
2026-09-06 08:28:07,오피스텔,50282777,월세,03,인천시 검단구 왕길동,검단구,왕길동,500,50,0,29.75,9.0,10,이수ㅡ역세권ㅡ엘스테이오피스텔,https://www.zigbang.com/home/apt/items/50282777
2026-09-06 08:28:08,오피스텔,50151394,월세,04,서울시 구로구 천왕동,구로구,천왕동,5000,110,0,50,15.12,중,"투룸 실14평 모든보증금 가능,전세대출,보증보험ok",https://www.zigbang.com/home/apt/items/50151394
2026-09-06 08:28:08,오피스텔,49910826,매매,01,경기도 광명시 광명동,광명시,광명동,11000,0,11000,44.23,13.38,중,l 월드 l 초역세권 대로변 엘베O 주차O 원룸 오피스텔,https://www.zigbang.com/home/apt/items/49910826
2026-09-06 08:28:08,오피스텔,50039723,전세,02,서울시 구로구 천왕동,구로구,천왕동,20500,0,0,38.63,11.69,3,천왕역이용가능 테라스 풀옵션 1.5룸 복층 오피스텔 전세,https://www.zigbang.com/home/apt/items/50039723
2026-09-06 08:28:08,오피스텔,50268497,전세,03,서울시 구로구 천왕동,구로구,천왕동,21800,0,0,38.63,11.69,중,방1개거실1개화장실1개복층 전세 2억 1800만원,https://www.zigbang.com/home/apt/items/50268497
2026-09-06 08:28:09,오피스텔,50078536,월세,03,서울시 강서구 방화동,강서구,방화동,8500,25,0,43.63,13.2,10,io올리모델링o 채광뷰 굿 복층,https://www.zigbang.com/home/apt/items/50078536
2026-09-06 08:28:09,오피스텔,50070997,매매,05,경기도 김포시 고촌읍 신곡리,김포시,고촌읍,24500,0,24500,68.03,20.58,5,고촌역 3분컷 S급 방3화2,https://www.zigbang.com/home/apt/items/50070997
2026-09-06 08:28:09,오피스텔,50140278,월세,04,경기도 김포시 고촌읍 신곡리,김포시,고촌읍,4000,160,0,129.14,39.06,15,"전용17.7p 주거용 풀옵션 오피스텔, 즉시 입주가능",https://www.zigbang.com/home/apt/items/50140278
2026-09-06 08:28:09,오피스텔,50139770,월세,02,경기도 김포시 고촌읍 신곡리,김포시,고촌읍,350,63,0,45.97,13.91,10,"고촌역세권, 업무용, 풀옵션 오피스텔",https://www.zigbang.com/home/apt/items/50139770
2026-09-06 08:28:09,오피스텔,50269315,월세,02,경기도 김포시 고촌읍 신곡리,김포시,고촌읍,1000,73,0,63.09,19.08,고,"고촌역세권, 주거용, 풀옵션 오피스텔",https://www.zigbang.com/home/apt/items/50269315
2026-09-06 08:28:09,오피스텔,50253851,전세,02,경기도 김포시 고촌읍 신곡리,김포시,고촌읍,16000,0,0,56.77,17.17,고,"보증보험ok, 전입가능한 주거용1.5룸 고촌역3분거리",https://www.zigbang.com/home/apt/items/50253851
2026-09-06 08:28:09,오피스텔,50166705,매매,01,서울시 마포구 성산동,마포구,성산동,20000,0,20000,68.49,20.72,10,"실거주가,상암월드시티1.5룸 마포구청역2분내,주차1대무료",https://www.zigbang.com/home/apt/items/50166705
2026-09-06 08:28:09,오피스텔,50225848,월세,01,서울시 마포구 성산동,마포구,성산동,10000,45,0,41.02,12.41,고,"전입, 보증보험가능 밝고화사 남서향 풀옵션 마포구청역1분",https://www.zigbang.com/home/apt/items/50225848
2026-09-06 08:28:09,오피스텔,49877304,월세,03,서울시 마포구 성산동,마포구,성산동,13600,28,0,38,11.49,10,"보증보헙가,주거용,풀옵션 인기구조와수납",https://www.zigbang.com/home/apt/items/49877304
2026-09-06 08:28:09,오피스텔,50242517,월세,01,서울시 마포구 성산동,마포구,성산동,1000,80,0,45.69,13.82,고,"10.5입주, 초역세권, 전입가능",https://www.zigbang.com/home/apt/items/50242517
2026-09-06 08:28:09,오피스텔,50225788,월세,01,서울시 마포구 성산동,마포구,성산동,8000,55,0,39.67,12.0,5,보증보험가능 큰평수 넉넉한수납  남서향 풀옵션,https://www.zigbang.com/home/apt/items/50225788
2026-09-06 08:28:09,오피스텔,50164020,월세,01,서울시 마포구 성산동,마포구,성산동,10000,25,0,39.66,12.0,저,"10월28일입주,보증보험,보증금대출가능,남향 전입가능",https://www.zigbang.com/home/apt/items/50164020
2026-09-06 08:28:09,오피스텔,50139869,매매,01,서울시 마포구 성산동,마포구,성산동,16500,0,16500,40,12.1,19,"탁월한영구전망,스타일러이중창고급자재,마포구청역인근",https://www.zigbang.com/home/apt/items/50139869
2026-09-06 08:28:09,오피스텔,50210654,전세,02,경기도 군포시 당동,군포시,당동,7600,0,0,40,12.1,고,당동 1.5룸 오피스텔전세,https://www.zigbang.com/home/apt/items/50210654
2026-09-06 08:28:09,오피스텔,50220902,전세,04,경기도 군포시 당동,군포시,당동,8900,0,0,49.59,15.0,중,주차시설 좋은 오피스텔형 투룸,https://www.zigbang.com/home/apt/items/50220902
2026-09-06 08:28:09,오피스텔,50282006,전세,03,경기도 군포시 도마교동,군포시,도마교동,10000,0,0,56.4,17.06,13,전입신고 가능한 귀한매물,https://www.zigbang.com/home/apt/items/50282006
2026-09-06 08:28:09,오피스텔,50003111,월세,03,경기도 군포시 도마교동,군포시,도마교동,500,60,0,56.4,17.06,11,전입신고 불가. 사업자 있는분만 연락주세요,https://www.zigbang.com/home/apt/items/50003111
2026-09-06 08:28:09,오피스텔,49877749,월세,02,경기도 군포시 당동,군포시,당동,7300,5,0,48.07,14.54,3,분리형.1.5룸.모든대출가능.반환보증보험가능.남향으로햇빛좋,https://www.zigbang.com/home/apt/items/49877749
2026-09-06 08:28:09,오피스텔,50013398,월세,02,경기도 군포시 부곡동,군포시,부곡동,1000,65,0,63.1,19.09,4,"사업자만가능,상태양호,1.5룸,기숙사용도가능,8월말입주",https://www.zigbang.com/home/apt/items/50013398
2026-09-06 08:28:09,오피스텔,50238379,매매,04,경기도 군포시 부곡동,군포시,부곡동,18000,0,18000,96.12,29.08,고,투룸 복층 풀옵션 오피스텔입니다. 투자용,https://www.zigbang.com/home/apt/items/50238379
2026-09-06 08:28:09,오피스텔,50260627,월세,03,경기도 군포시 도마교동,군포시,도마교동,500,60,0,56.4,17.06,14,사업자있는분만. 전입신고는 안되요,https://www.zigbang.com/home/apt/items/50260627
2026-09-06 08:28:09,오피스텔,50072812,매매,03,경기도 군포시 도마교동,군포시,도마교동,9000,0,9000,56.4,17.06,3,주거용오피스텔로  투자용. 거주용 모두 가능합니다.,https://www.zigbang.com/home/apt/items/50072812
2026-09-06 08:28:09,오피스텔,50125503,월세,04,경기도 군포시 당동,군포시,당동,8900,5,0,48.07,14.54,5,"위치좋음 ,전세대출가능,환보증보험가능,월세선불.lh안됨",https://www.zigbang.com/home/apt/items/50125503
2026-09-06 08:28:09,오피스텔,50281890,월세,01,경기도 수원시 권선구 금곡동,수원시 권선구,금곡동,2000,53,0,58,17.54,5,세종타운 주거용 큰방입니다,https://www.zigbang.com/home/apt/items/50281890
2026-09-06 08:28:09,오피스텔,50174125,전세,03,경기도 수원시 권선구 금곡동,수원시 권선구,금곡동,12000,0,0,53.4,16.15,중,동광뷰엘 복층형 원룸 쾌적하고 살기좋아요 드레스룸 최고,https://www.zigbang.com/home/apt/items/50174125
2026-09-06 08:28:09,오피스텔,50275543,전세,02,경기도 수원시 권선구 금곡동,수원시 권선구,금곡동,13000,0,0,62,18.75,고,"ACE,특전망,슬라이딩1.5룸,트윈복층,전세대출,보증보험",https://www.zigbang.com/home/apt/items/50275543
2026-09-06 08:28:09,오피스텔,50011399,전세,01,경기도 수원시 권선구 금곡동,수원시 권선구,금곡동,8000,0,0,51.48,15.57,중,세종타운 오픈형 원룸 주거용 귀한전세입니다,https://www.zigbang.com/home/apt/items/50011399
2026-09-06 08:28:09,오피스텔,50247383,월세,03,경기도 수원시 권선구 금곡동,수원시 권선구,금곡동,240,80,0,43.38,13.12,3,.R.1.5룸 복층 단기계약o 전입o 풀옵션,https://www.zigbang.com/home/apt/items/50247383
2026-09-06 08:28:09,오피스텔,50228339,전세,03,경기도 수원시 권선구 금곡동,수원시 권선구,금곡동,12500,0,0,58,17.54,9,"ACE,전입,전세대출,보증보험,복층넓은원룸.드레스룸구비",https://www.zigbang.com/home/apt/items/50228339
2026-09-06 08:28:09,오피스텔,50245133,월세,01,경기도 수원시 권선구 금곡동,수원시 권선구,금곡동,500,68,0,64,19.36,고,"ACE,트인전망,전입,넓은원룸복층,별도드레스룸",https://www.zigbang.com/home/apt/items/50245133
2026-09-06 08:28:09,오피스텔,50086015,월세,01,경기도 수원시 권선구 금곡동,수원시 권선구,금곡동,100,80,0,85.77,25.95,5,.R.테라스있는 깔끔 오피스텔 단기o 주단위o,https://www.zigbang.com/home/apt/items/50086015
2026-09-06 08:28:09,오피스텔,50180281,월세,02,경기도 수원시 권선구 금곡동,수원시 권선구,금곡동,1000,90,0,73,22.08,중,"ACE,예쁜집,방따로1.5룸에 알파룸까지.",https://www.zigbang.com/home/apt/items/50180281
2026-09-06 08:28:09,오피스텔,50084967,월세,01,경기도 수원시 권선구 금곡동,수원시 권선구,금곡동,500,50,0,51.48,15.57,10,세종타운 오픈형 원룸 전입안되요,https://www.zigbang.com/home/apt/items/50084967
2026-09-06 08:28:09,오피스텔,50203561,월세,01,경기도 수원시 권선구 금곡동,수원시 권선구,금곡동,3000,40,0,41,12.4,중,"ACE,초저렴귀한반전세,전입,넓은원룸 복층,드레스룸,",https://www.zigbang.com/home/apt/items/50203561
2026-09-06 08:28:10,오피스텔,50252691,월세,01,경기도 용인시 수지구 풍덕천동,용인시 수지구,풍덕천동,500,79,0,42.94,12.99,6,"즉시입주,성복역도보5분거리,공실없는오피스텔",https://www.zigbang.com/home/apt/items/50252691
2026-09-06 08:28:10,오피스텔,50015172,월세,01,경기도 용인시 수지구 성복동,용인시 수지구,성복동,500,61,0,69.03,20.88,2,"성복역 역세권,롯데몰 3분거리, 생활편의시설 풍부",https://www.zigbang.com/home/apt/items/50015172
2026-09-06 08:28:10,오피스텔,50168171,월세,01,경기도 용인시 수지구 풍덕천동,용인시 수지구,풍덕천동,9000,45,0,42.94,12.99,13,"8월중입주희망,전입가능한주거용오피스텔",https://www.zigbang.com/home/apt/items/50168171
2026-09-06 08:28:10,오피스텔,50024225,월세,01,경기도 용인시 수지구 풍덕천동,용인시 수지구,풍덕천동,5000,65,0,42.94,12.99,16,"전입가능,주거용오피스텔,융무,빠른입주가능",https://www.zigbang.com/home/apt/items/50024225
2026-09-06 08:28:10,오피스텔,50292623,매매,01,경기도 용인시 수지구 풍덕천동,용인시 수지구,풍덕천동,15000,0,15000,42.94,12.99,13,"입주일협의,성복역도보5분거리,공실no",https://www.zigbang.com/home/apt/items/50292623
2026-09-06 08:28:10,오피스텔,50292641,월세,01,경기도 용인시 수지구 풍덕천동,용인시 수지구,풍덕천동,1000,83,0,42.94,12.99,4,"융무,전입가능, 즉시입주,입주청소완료",https://www.zigbang.com/home/apt/items/50292641
2026-09-06 08:28:11,오피스텔,49995331,월세,05,경기도 성남시 수정구 금토동,성남시 수정구,금토동,3000,290,0,207.69,62.83,중,"L 2년계약,보증5천,월250선택가능,직장인가능,방3",https://www.zigbang.com/home/apt/items/49995331
2026-09-06 08:28:11,오피스텔,50261369,월세,02,경기도 성남시 수정구 금토동,성남시 수정구,금토동,1000,95,0,63.83,19.31,고,"L  1.5룸분리형, 업무용, 전입안되요, 직장인가능",https://www.zigbang.com/home/apt/items/50261369
2026-09-06 08:28:11,오피스텔,50295777,전세,01,경기도 성남시 분당구 판교동,성남시 분당구,판교동,25000,0,0,60.49,18.3,8,"테라스형 , 전세권설정, 밝은집 ,교통 편리,전망최고",https://www.zigbang.com/home/apt/items/50295777
2026-09-06 08:28:11,오피스텔,50295812,월세,02,경기도 성남시 분당구 판교동,성남시 분당구,판교동,26100,5,0,98.48,29.79,6,"보증보험가능,분리형,전용 12.9평,가성비 최고,넓은 집",https://www.zigbang.com/home/apt/items/50295812
2026-09-06 08:28:11,오피스텔,50299305,월세,01,경기도 용인시 기흥구 중동,용인시 기흥구,중동,500,50,0,45,13.61,3,"호수공원뷰,풀옵션 오피스텔.전입불가,즉시입주가",https://www.zigbang.com/home/apt/items/50299305
2026-09-06 08:28:11,오피스텔,50262820,매매,05,경기도 용인시 기흥구 상하동,용인시 기흥구,상하동,23500,0,23500,95.34,28.84,6,에버라인 지석역 지석초 천천히 걸어도 5분  넉넉한 주차,https://www.zigbang.com/home/apt/items/50262820
2026-09-06 08:28:11,오피스텔,50222386,월세,01,경기도 용인시 기흥구 중동,용인시 기흥구,중동,2000,58,0,39.43,11.93,고,"즉시입주1.5룸풀옵션,주차굿,편세권어정역세권, 생활여건 굿",https://www.zigbang.com/home/apt/items/50222386
2026-09-06 08:28:12,오피스텔,49980468,월세,01,서울시 관악구 봉천동,관악구,봉천동,2000,53,0,25.41,7.69,고,대로변 오피스텔 매물,https://www.zigbang.com/home/apt/items/49980468
2026-09-06 08:28:12,오피스텔,50188891,월세,01,서울시 관악구 봉천동,관악구,봉천동,2000,50,0,27.82,8.42,저,낙성대역 위치 가장 좋은 집,https://www.zigbang.com/home/apt/items/50188891
2026-09-06 08:28:12,오피스텔,50302490,월세,01,서울시 관악구 봉천동,관악구,봉천동,1000,62,0,26.45,8.0,저,운좋은분 해짱 안전짱 역30초,https://www.zigbang.com/home/apt/items/50302490
2026-09-06 08:28:12,오피스텔,50242027,매매,02,서울시 서초구 방배동,서초구,방배동,49000,0,49000,50.28,15.21,4,재건축 추진 중. 주택 수에 산입되지 않음. 수리되어 깔끔,https://www.zigbang.com/home/apt/items/50242027
2026-09-06 08:28:12,오피스텔,49856794,전세,01,서울시 관악구 남현동,관악구,남현동,18000,0,0,21.91,6.63,13,"버팀목 HF 대출, 보증보험가입",https://www.zigbang.com/home/apt/items/49856794
2026-09-06 08:28:12,오피스텔,49914537,전세,02,서울시 서초구 방배동,서초구,방배동,26000,0,0,73.22,22.15,3,방배역세권. 방1.거실1. 풀옵션. 주차가능.신혼도 적당,https://www.zigbang.com/home/apt/items/49914537
2026-09-06 08:28:14,오피스텔,50224823,월세,02,서울시 동대문구 전농동,동대문구,전농동,5000,190,0,87.39,26.44,중,Oㅡ전입가능ㅡO,https://www.zigbang.com/home/apt/items/50224823
2026-09-06 08:28:14,오피스텔,50278229,월세,01,서울시 동대문구 전농동,동대문구,전농동,1000,90,0,34.52,10.44,중,전입가능. 반듯하고 넓은구조. 생활 만족도 좋아요. 풀옵션,https://www.zigbang.com/home/apt/items/50278229
2026-09-06 08:28:14,오피스텔,50136646,월세,01,서울시 동대문구 전농동,동대문구,전농동,1000,95,0,34.52,10.44,중,O Oㅡ 전입가능 ㅡO O,https://www.zigbang.com/home/apt/items/50136646
2026-09-06 08:28:14,오피스텔,50292563,월세,01,서울시 동대문구 용두동,동대문구,용두동,3000,125,0,99.82,30.2,중,"주상복합내 오피스텔, 사업자,층간소음 무,",https://www.zigbang.com/home/apt/items/50292563
2026-09-06 08:28:14,오피스텔,50211054,월세,05,서울시 동대문구 전농동,동대문구,전농동,5000,300,0,178.93,54.13,중,9월입주.잠실타워뻥뷰.방3화2.자주식주차.청량리 초역세권.,https://www.zigbang.com/home/apt/items/50211054
2026-09-06 08:28:14,오피스텔,50257345,전세,04,서울시 성북구 하월곡동,성북구,하월곡동,28000,0,0,49.41,14.95,6,"6호선 월곡역, 투룸 멋진뷰 남향 월곡역 1분",https://www.zigbang.com/home/apt/items/50257345
2026-09-06 08:28:14,오피스텔,50115217,월세,01,서울시 동대문구 전농동,동대문구,전농동,1000,110,0,36.24,10.96,중,ꯁ 전 입 가 능 ꯁ 1 1 월 입 주 ꯁ,https://www.zigbang.com/home/apt/items/50115217
2026-09-06 08:28:14,오피스텔,50001130,전세,01,서울시 동대문구 전농동,동대문구,전농동,36000,0,0,50.44,15.26,고,"무융자, 전세대출가능, 주소이전가능",https://www.zigbang.com/home/apt/items/50001130
2026-09-06 08:28:14,오피스텔,50208617,월세,01,서울시 동대문구 전농동,동대문구,전농동,2000,80,0,36.2,10.95,중,I 청롯 I 전 입 가 능 I 역 세 권 I 여성만 가능,https://www.zigbang.com/home/apt/items/50208617
2026-09-06 08:28:17,오피스텔,50032863,월세,03,경기도 파주시 다율동,파주시,다율동,500,70,0,26.75,8.09,4,풀옵션 복층 사무실 전입불가 전용13평 엄청넓음,https://www.zigbang.com/home/apt/items/50032863
2026-09-06 08:28:17,오피스텔,50296510,월세,03,경기도 파주시 다율동,파주시,다율동,500,70,0,88.43,26.75,고,업무용.전용13평.천장형냉난방기.주방풀옵션.개별화장실.,https://www.zigbang.com/home/apt/items/50296510
2026-09-06 08:28:17,오피스텔,49871899,월세,03,경기도 파주시 다율동,파주시,다율동,1000,80,0,103.04,31.17,고,엄청넓은 복층형 전용16 풀옵션 남향,https://www.zigbang.com/home/apt/items/49871899
2026-09-06 08:28:18,오피스텔,50292261,월세,01,경기도 고양시 일산동구 장항동,고양시 일산동구,장항동,500,43,0,44.82,13.56,3,막힘없는 남동향 깨끗한  방  ..풀옵션...우림오피스텔,https://www.zigbang.com/home/apt/items/50292261
2026-09-06 08:28:18,오피스텔,50182391,월세,03,경기도 고양시 일산동구 장항동,고양시 일산동구,장항동,8300,5,0,50,15.12,4,대출가능 동남향 복층형원룸,https://www.zigbang.com/home/apt/items/50182391
2026-09-06 08:28:18,오피스텔,50255976,월세,03,경기도 고양시 일산동구 장항동,고양시 일산동구,장항동,500,65,0,56,16.94,고,일어설수 있는  높은복층청원레이크빌 2차 오피스텔,https://www.zigbang.com/home/apt/items/50255976
2026-09-06 08:28:18,오피스텔,50267122,월세,01,경기도 고양시 일산서구 탄현동,고양시 일산서구,탄현동,500,50,0,56.52,17.1,6,"탄현역3분, 풀옵션,가성비최고",https://www.zigbang.com/home/apt/items/50267122
2026-09-06 08:28:18,오피스텔,50228055,월세,03,경기도 고양시 일산동구 장항동,고양시 일산동구,장항동,100,80,0,59,17.85,8,凹凹저렴한 복층 단기凹凹,https://www.zigbang.com/home/apt/items/50228055
2026-09-06 08:28:18,오피스텔,50285171,월세,01,경기도 고양시 일산동구 장항동,고양시 일산동구,장항동,500,54,0,57,17.24,9,공실 주거용 전입가능 내부17p 도배 청소,https://www.zigbang.com/home/apt/items/50285171
2026-09-06 08:28:21,오피스텔,50294068,전세,04,서울시 노원구 공릉동,노원구,공릉동,20000,0,0,44.4,13.43,4,"태릉입구역, LH, 버팀목, 허그 불가, 은행대출만 가능",https://www.zigbang.com/home/apt/items/50294068
2026-09-06 08:28:21,오피스텔,50250955,월세,01,서울시 노원구 상계동,노원구,상계동,1000,85,0,47.86,14.48,고,노원 초 역세권 특올수리 오피스텔 업무용,https://www.zigbang.com/home/apt/items/50250955
2026-09-06 08:28:21,오피스텔,50172791,매매,01,서울시 노원구 상계동,노원구,상계동,10000,0,10000,26.45,8.0,8,노원역 신축 원룸 오피스텔,https://www.zigbang.com/home/apt/items/50172791
2026-09-06 08:28:21,오피스텔,50145198,월세,01,서울시 노원구 상계동,노원구,상계동,500,60,0,26.45,8.0,저,소담빌 오피스텔및도시형생활주택,https://www.zigbang.com/home/apt/items/50145198
2026-09-06 08:28:21,오피스텔,50172795,매매,01,서울시 노원구 상계동,노원구,상계동,10000,0,10000,26.45,8.0,고,소담빌오피스텔및도시형생활주택,https://www.zigbang.com/home/apt/items/50172795
2026-09-06 08:28:21,오피스텔,49979332,월세,01,서울시 노원구 공릉동,노원구,공릉동,7500,9,0,21,6.35,고,"여성전용, 역세권 넓은 원룸 빠른입주 가능",https://www.zigbang.com/home/apt/items/49979332
2026-09-06 08:28:21,오피스텔,50191919,월세,04,서울시 노원구 공릉동,노원구,공릉동,17000,30,0,71.96,21.77,중,오피스텔 태릉입구역 1번 출구 앞 내부 리모델링 깨끗함.,https://www.zigbang.com/home/apt/items/50191919
2026-09-06 08:28:22,오피스텔,50296548,월세,05,서울시 도봉구 도봉동,도봉구,도봉동,3000,190,0,149.38,45.19,저,"테라스있는세대 대단지 신축급 방3,화2, 자주식주차",https://www.zigbang.com/home/apt/items/50296548
2026-09-06 08:28:22,오피스텔,50287720,매매,05,경기도 의정부시 호원동,의정부시,호원동,24000,0,24000,89.48,27.07,5,신혼부부들께 강추드리는 인기있는 3룸 구조,https://www.zigbang.com/home/apt/items/50287720
2026-09-06 08:28:22,오피스텔,50225388,월세,02,경기도 의정부시 가능동,의정부시,가능동,1000,50,0,47.07,14.24,4,가능역세권 저렴한 월세 귀한 1.5룸,https://www.zigbang.com/home/apt/items/50225388
2026-09-06 08:28:23,오피스텔,50218051,월세,01,경기도 남양주시 호평동,남양주시,호평동,500,52,0,39.82,12.05,고,풀옵션원룸 남향,https://www.zigbang.com/home/apt/items/50218051
2026-09-06 08:28:23,오피스텔,50275153,월세,03,경기도 남양주시 진접읍 장현리,남양주시,진접읍,200,55,0,29.39,8.89,중,빠르게 사용가능한 호실입니다,https://www.zigbang.com/home/apt/items/50275153
2026-09-06 08:28:23,오피스텔,50227436,월세,03,경기도 남양주시 진접읍 장현리,남양주시,진접읍,300,50,0,21,6.35,중,장현시내 오피스텔,https://www.zigbang.com/home/apt/items/50227436
2026-09-06 08:28:23,오피스텔,50275101,월세,03,경기도 남양주시 진접읍 장현리,남양주시,진접읍,300,50,0,29.39,8.89,중,원룸중 가장큰 호실이며 복층 창문 있습니다,https://www.zigbang.com/home/apt/items/50275101
2026-09-06 08:28:23,오피스텔,50275028,월세,03,경기도 남양주시 진접읍 장현리,남양주시,진접읍,300,50,0,27.93,8.45,16,따뜻한 고층 남향입니다,https://www.zigbang.com/home/apt/items/50275028
2026-09-06 08:28:23,오피스텔,50274825,월세,03,경기도 남양주시 진접읍 장현리,남양주시,진접읍,300,50,0,28.43,8.6,저,저층 남향입니다,https://www.zigbang.com/home/apt/items/50274825
2026-09-06 08:28:23,오피스텔,50267108,월세,03,경기도 남양주시 진접읍 장현리,남양주시,진접읍,300,50,0,21,6.35,15,장현시내 오피스텔,https://www.zigbang.com/home/apt/items/50267108
2026-09-06 08:28:23,오피스텔,50204606,월세,03,경기도 남양주시 진접읍 장현리,남양주시,진접읍,300,50,0,21,6.35,고,장현시내 오피스텔,https://www.zigbang.com/home/apt/items/50204606
2026-09-06 08:28:23,오피스텔,50227490,월세,03,경기도 남양주시 진접읍 장현리,남양주시,진접읍,300,50,0,21,6.35,고,장현시내 오피스텔,https://www.zigbang.com/home/apt/items/50227490
2026-09-06 08:28:24,오피스텔,50227222,월세,05,경기도 양주시 덕계동,양주시,덕계동,1000,80,0,80.63,24.39,고,"왕왕 추천,신축급,방3화2,에어컨1대,입주11월말협의",https://www.zigbang.com/home/apt/items/50227222
2026-09-06 08:28:24,오피스텔,50278191,월세,01,경기도 양주시 광사동,양주시,광사동,500,55,0,38.49,11.64,7,"첫입주 오피스텔,주차가능,즉시입주,풀옵션,전입신고,애견가능",https://www.zigbang.com/home/apt/items/50278191
2026-09-06 08:28:24,오피스텔,50227174,전세,05,경기도 양주시 덕계동,양주시,덕계동,24900,0,0,70.43,21.3,2,"왕왕 추천,에어컨2대,엘리베이터,빠른입주가능해요",https://www.zigbang.com/home/apt/items/50227174
2026-09-06 08:28:24,오피스텔,50295375,월세,02,경기도 양주시 광사동,양주시,광사동,500,80,0,40,12.1,고,"즉시입주가능한 오피스텔,풀옵션,스타일러,상권좋고 주차가능",https://www.zigbang.com/home/apt/items/50295375
2026-09-06 08:28:24,오피스텔,50076956,월세,01,경기도 양주시 광사동,양주시,광사동,500,55,0,38.49,11.64,7,"첫입주 오피스텔,주차가능,즉시입주,풀옵션,전입신고,애견가능",https://www.zigbang.com/home/apt/items/50076956
2026-09-06 08:28:24,오피스텔,50252981,월세,03,경기도 양주시 옥정동,양주시,옥정동,100,65,0,45.76,13.84,5,선납방Xl 단기임대 l 신축 북층형 오피스텔,https://www.zigbang.com/home/apt/items/50252981
2026-09-06 08:28:24,오피스텔,50266128,월세,04,경기도 양주시 옥정동,양주시,옥정동,250,90,0,100.63,30.44,4,선납방X  옥정유일한 단기임대 l 투룸 l,https://www.zigbang.com/home/apt/items/50266128
2026-09-06 08:28:24,오피스텔,50252987,월세,03,경기도 양주시 옥정동,양주시,옥정동,100,63,0,41.12,12.44,3,선납방X 단기가능 옥정신도시 입주날짜확인,https://www.zigbang.com/home/apt/items/50252987
2026-09-06 08:28:24,오피스텔,50253042,월세,03,경기도 양주시 옥정동,양주시,옥정동,100,65,0,45.76,13.84,4,선납방Xl 단기임대 l 신축 북층형 오피스텔,https://www.zigbang.com/home/apt/items/50253042
2026-09-06 08:28:24,오피스텔,50253021,월세,03,경기도 양주시 옥정동,양주시,옥정동,100,65,0,45.76,13.84,5,선납방Xl 단기임대 l 신축 북층형 오피스텔,https://www.zigbang.com/home/apt/items/50253021
2026-09-06 08:28:24,오피스텔,50278206,월세,03,경기도 양주시 옥정동,양주시,옥정동,500,68,0,38,11.49,11,"렌트한달,완벽풀옵션오피스텔,옥정중심상가 내위치.컨디션 굿",https://www.zigbang.com/home/apt/items/50278206
2026-09-06 08:28:24,오피스텔,50289767,월세,03,경기도 양주시 옥정동,양주시,옥정동,250,85,0,81.99,24.8,중,ㅡㅡNEW 1.5룸ㅣ신축1.5룸ㅣ단기임대ㅣ,https://www.zigbang.com/home/apt/items/50289767
2026-09-06 08:28:24,오피스텔,50266095,월세,04,경기도 양주시 옥정동,양주시,옥정동,250,90,0,100.63,30.44,중,선납방X  옥정유일한 단기임대 l 투룸 l,https://www.zigbang.com/home/apt/items/50266095
2026-09-06 08:28:24,오피스텔,50266087,월세,04,경기도 양주시 옥정동,양주시,옥정동,250,90,0,74.05,22.4,4,ㅡㅡNEW단기임대 가능 신축 투룸 북층형 오피스텔,https://www.zigbang.com/home/apt/items/50266087
2026-09-06 08:28:24,오피스텔,50290396,월세,02,경기도 동두천시 생연동,동두천시,생연동,500,40,0,23.14,7.0,3,"청소완료..중앙역 초역세권, 승강기, 주방분리형. 정남향",https://www.zigbang.com/home/apt/items/50290396
2026-09-06 08:28:26,오피스텔,50192319,매매,05,경기도 이천시 송정동,이천시,송정동,21000,0,21000,120.94,36.58,9,급매 방3화2 안방붙박이장 시스템에어컨 커텐 시스템행거줄눈,https://www.zigbang.com/home/apt/items/50192319
2026-09-06 08:28:26,오피스텔,50241218,월세,01,경기도 이천시 안흥동,이천시,안흥동,500,60,0,63,19.06,중,"코아루휴티스,신축급,테라스활용이 가능",https://www.zigbang.com/home/apt/items/50241218
2026-09-06 08:28:26,오피스텔,50241255,월세,01,경기도 이천시 안흥동,이천시,안흥동,500,60,0,63,19.06,중,"코아루휴티스,안흥지뷰",https://www.zigbang.com/home/apt/items/50241255
2026-09-06 08:28:26,오피스텔,50204018,월세,01,경기도 이천시 창전동,이천시,창전동,500,46,0,26,7.86,7,태극당 도보 2분 10월말 협의입주 풀옵션 오피스텔 월세,https://www.zigbang.com/home/apt/items/50204018
2026-09-06 08:28:26,오피스텔,50251002,월세,01,경기도 이천시 안흥동,이천시,안흥동,300,70,0,64,19.36,중,호텔형 깨끗 조용 안전시스템잘됨,https://www.zigbang.com/home/apt/items/50251002
2026-09-06 08:28:26,오피스텔,50281316,월세,01,경기도 이천시 안흥동,이천시,안흥동,500,60,0,26.45,8.0,35,안흥동 코아루휴티스 32층 임대,https://www.zigbang.com/home/apt/items/50281316
2026-09-06 08:28:26,오피스텔,50021446,월세,03,경기도 이천시 안흥동,이천시,안흥동,500,60,0,52.43,15.86,중,하이앤드천년가 생활형 숙박시설1.5룸 복층,https://www.zigbang.com/home/apt/items/50021446
2026-09-06 08:28:26,오피스텔,50250981,월세,01,경기도 이천시 안흥동,이천시,안흥동,500,65,0,64,19.36,중,"신축 깨끗, 조용함, 안전 잘됨. 전망 굿",https://www.zigbang.com/home/apt/items/50250981
2026-09-06 08:28:26,오피스텔,50253784,월세,01,경기도 이천시 창전동,이천시,창전동,200,55,0,33,9.98,고,준신축 오피스텔 내부 넓고 위치 최고 풀옵션 주차1대가능,https://www.zigbang.com/home/apt/items/50253784
2026-09-06 08:28:26,오피스텔,50021469,전세,01,경기도 이천시 안흥동,이천시,안흥동,10000,0,0,63,19.06,고,코아루휴티스 신축  일반오피스텔과 차별화,https://www.zigbang.com/home/apt/items/50021469
2026-09-06 08:28:26,오피스텔,50228721,월세,01,경기도 이천시 중리동,이천시,중리동,500,55,0,39.67,12.0,20,터미널 인근 센트럴시티오피스텔  1.5룸 E타입 임대,https://www.zigbang.com/home/apt/items/50228721
2026-09-06 08:28:26,오피스텔,50166447,전세,01,경기도 이천시 중리동,이천시,중리동,9200,0,0,55.65,16.83,10,"이천터미널3분이내,시내 인접",https://www.zigbang.com/home/apt/items/50166447
2026-09-06 08:28:26,오피스텔,50241440,월세,04,경기도 이천시 안흥동,이천시,안흥동,500,80,0,81.04,24.51,4,하이앤드천년가 생활형 숙박시설 투룸복층,https://www.zigbang.com/home/apt/items/50241440
2026-09-06 08:28:26,오피스텔,50283829,월세,01,경기도 이천시 안흥동,이천시,안흥동,500,60,0,35,10.59,13,코아루휴티 월세,https://www.zigbang.com/home/apt/items/50283829
2026-09-06 08:28:29,오피스텔,50113543,월세,01,강원도 원주시 단계동,원주시,단계동,100,65,0,42.64,12.9,3,초단기가능 남동향 뷰최상 24년신축 플레이스 즉시입,https://www.zigbang.com/home/apt/items/50113543
2026-09-06 08:28:36,오피스텔,50128959,월세,01,강원도 춘천시 요선동,춘천시,요선동,300,50,0,33.06,10.0,7,너무 좋은 위치 테라스 있는 오피스텔,https://www.zigbang.com/home/apt/items/50128959
2026-09-06 08:28:36,오피스텔,50281722,월세,02,강원도 춘천시 소양로1가,춘천시,소양로1가,2000,40,0,46.28,14.0,중,환상의 뷰를 자랑하는 스마트 오피스텔,https://www.zigbang.com/home/apt/items/50281722
2026-09-06 08:28:36,오피스텔,50257197,월세,01,강원도 춘천시 소양로1가,춘천시,소양로1가,300,50,0,45.73,13.83,8,"착한보증금, 소양강뷰 , 풀옵션, 원룸  빠른입주가능",https://www.zigbang.com/home/apt/items/50257197
2026-09-06 08:28:36,오피스텔,50161237,전세,04,강원도 춘천시 소양로1가,춘천시,소양로1가,16000,0,0,90.83,27.48,15,"투룸,신혼부부강추,전세대출,보증보험가입가능 9월말입주가",https://www.zigbang.com/home/apt/items/50161237
2026-09-06 08:28:59,오피스텔,50165764,월세,01,강원도 원주시 반곡동,원주시,반곡동,500,45,0,53.14,16.07,중,"9월초,전망,전입, 건강보험공단 맞은편",https://www.zigbang.com/home/apt/items/50165764
2026-09-06 08:28:59,오피스텔,50098868,월세,01,강원도 원주시 반곡동,원주시,반곡동,300,50,0,60.4,18.27,고,"6개월은 월세 인상됨. 전망, 건강보험공단 맞은편",https://www.zigbang.com/home/apt/items/50098868
2026-09-06 08:28:59,오피스텔,50268934,월세,01,강원도 원주시 반곡동,원주시,반곡동,300,50,0,61.26,18.53,중,"9월중순,6개월은 월세 인상됨. 전망, 건강보험공단 맞은편",https://www.zigbang.com/home/apt/items/50268934
2026-09-06 08:28:59,오피스텔,50284146,월세,01,강원도 원주시 반곡동,원주시,반곡동,500,55,0,67.04,20.28,중,"빠른입주,전망,전입, 노브랜드 건물, 건강보험공단 맞은편",https://www.zigbang.com/home/apt/items/50284146
2026-09-06 08:28:59,오피스텔,50296217,월세,01,강원도 원주시 반곡동,원주시,반곡동,2000,30,0,53.4,16.15,17,"보안좋은 소형오피스텔,귀한반전세.저렴하고 임대인 좋아요",https://www.zigbang.com/home/apt/items/50296217
2026-09-06 08:28:59,오피스텔,50295735,월세,01,강원도 원주시 반곡동,원주시,반곡동,500,45,0,53.4,16.15,12,"단기가능,입지좋은 로얄층,보안좋은 소형오피스텔",https://www.zigbang.com/home/apt/items/50295735
2026-09-06 08:28:59,오피스텔,50297759,월세,01,강원도 원주시 반곡동,원주시,반곡동,500,50,0,58.99,17.84,9,"단기가능,관공서인접 풀옵션오피스텔,전입불가,사업자등록가능",https://www.zigbang.com/home/apt/items/50297759
2026-09-06 08:28:59,오피스텔,50297707,월세,01,강원도 원주시 반곡동,원주시,반곡동,500,55,0,63.45,19.19,고,고층 남향 햇살가득 뷰좋아요 중문O 혁신도시컨디션가장좋은,https://www.zigbang.com/home/apt/items/50297707
2026-09-06 08:28:59,오피스텔,50056101,월세,01,강원도 원주시 반곡동,원주시,반곡동,500,50,0,58.99,17.84,중,"남향,전망, 건강보험공단 맞은편",https://www.zigbang.com/home/apt/items/50056101
2026-09-06 08:29:17,오피스텔,50225776,월세,01,강원도 강릉시 홍제동,강릉시,홍제동,300,50,0,45,13.61,7,풀옵션  도시가스 전입신고가  주차시설 침대는 없음 단기가,https://www.zigbang.com/home/apt/items/50225776
2026-09-06 08:29:17,오피스텔,50062850,월세,01,강원도 강릉시 유천동,강릉시,유천동,300,50,0,39.66,12.0,2,뻥뷰  풀옵션 주차편리 전입신고가능  단기가능,https://www.zigbang.com/home/apt/items/50062850
2026-09-06 08:29:53,오피스텔,50263329,월세,01,강원도 속초시 조양동,속초시,조양동,500,55,0,49,14.82,24,속초해수욕장 앞 더블루테라 원룸풀옵션,https://www.zigbang.com/home/apt/items/50263329
2026-09-06 08:29:53,오피스텔,50273415,월세,02,강원도 속초시 조양동,속초시,조양동,300,45,0,33,9.98,6,도시형생활숙박업소 속초해수욕장부근,https://www.zigbang.com/home/apt/items/50273415
2026-09-06 08:29:53,오피스텔,50013729,월세,01,강원도 속초시 조양동,속초시,조양동,224,59,0,30.62,9.26,3,"속초중심지 풀옵션 레지던스, 무료주차 지원",https://www.zigbang.com/home/apt/items/50013729
2026-09-06 08:29:53,오피스텔,50261924,월세,01,강원도 속초시 금호동,속초시,금호동,300,45,0,23,6.96,고,삼성홈프레스티지2차 산전망,https://www.zigbang.com/home/apt/items/50261924
2026-09-06 08:29:53,오피스텔,50262300,월세,02,강원도 속초시 조양동,속초시,조양동,500,55,0,33,9.98,20,전입신고가능 분리식 구조,https://www.zigbang.com/home/apt/items/50262300
2026-09-06 08:29:53,오피스텔,50043014,월세,01,강원도 속초시 조양동,속초시,조양동,83,67,0,51.51,15.58,6,"한달살기 최적, 침대, 이불, 커피머신까지 모두 제공",https://www.zigbang.com/home/apt/items/50043014
2026-09-06 08:29:53,오피스텔,50015335,월세,01,강원도 속초시 영랑동,속초시,영랑동,207,54,0,40.91,12.38,12,"속초바다 장기거주, 호텔식 풀옵션",https://www.zigbang.com/home/apt/items/50015335
2026-09-06 08:29:53,오피스텔,50013103,월세,01,강원도 속초시 조양동,속초시,조양동,83,67,0,30.57,9.25,3,가성비 UP 호텔식 풀옵션,https://www.zigbang.com/home/apt/items/50013103
2026-09-06 08:29:53,오피스텔,50261716,월세,01,강원도 속초시 중앙동,속초시,중앙동,1000,60,0,26,7.86,중,힐스테이트센트럴 오피스텔,https://www.zigbang.com/home/apt/items/50261716
2026-09-06 08:29:53,오피스텔,50262199,월세,01,강원도 속초시 금호동,속초시,금호동,300,50,0,26,7.86,15,바다전망 홈플2차입니다,https://www.zigbang.com/home/apt/items/50262199
2026-09-06 08:29:53,오피스텔,50012886,월세,01,강원도 속초시 영랑동,속초시,영랑동,77,61,0,47.49,14.37,저,"단기임대 전용 보증금 할인, 풀옵션 레지던스",https://www.zigbang.com/home/apt/items/50012886
2026-09-06 08:29:53,오피스텔,50013596,월세,01,강원도 속초시 조양동,속초시,조양동,247,66,0,64.06,19.38,중,"가성비 UP, 입주일 조정가능, 풀옵션 레지던스, 무료주차",https://www.zigbang.com/home/apt/items/50013596
2026-09-06 08:29:53,오피스텔,50012647,월세,01,강원도 속초시 영랑동,속초시,영랑동,207,54,0,47.65,14.41,4,"속초바다 한달살이, 호텔식 풀옵션",https://www.zigbang.com/home/apt/items/50012647
2026-09-06 08:29:53,오피스텔,50015670,월세,01,강원도 속초시 조양동,속초시,조양동,224,59,0,51.51,15.58,5,"속초중심지 풀옵션 레지던스, 무료주차 지원",https://www.zigbang.com/home/apt/items/50015670
2026-09-06 08:29:53,오피스텔,50015371,월세,01,강원도 속초시 영랑동,속초시,영랑동,77,61,0,40.91,12.38,12,"단기임대 전용 보증금 할인, 풀옵션 레지던스",https://www.zigbang.com/home/apt/items/50015371
2026-09-06 08:29:53,오피스텔,50013764,월세,01,강원도 속초시 교동,속초시,교동,90,73,0,57.93,17.52,6,속초중심지 풀옵션 레지던스,https://www.zigbang.com/home/apt/items/50013764
2026-09-06 08:29:53,오피스텔,50272734,월세,01,강원도 속초시 교동,속초시,교동,300,45,0,33,9.98,6,블루핀 전입신고가능한 원룸형 도시형생활주택,https://www.zigbang.com/home/apt/items/50272734
2026-09-06 08:29:53,오피스텔,50013161,월세,01,강원도 속초시 교동,속초시,교동,240,64,0,57.93,17.52,6,"청초호수공원, 오션뷰를 갖춘 풀옵션 레지던스",https://www.zigbang.com/home/apt/items/50013161
2026-09-06 08:29:53,오피스텔,50263661,월세,01,강원도 속초시 교동,속초시,교동,500,40,0,27,8.17,15,남서향 풀옵션 전입신고가능 원룸형 오피스텔,https://www.zigbang.com/home/apt/items/50263661
