수집시간,매물유형,매물ID,거래유형,방유형,시도,구군,읍면동,보증금(만원),월세(만원),매매가(만원),면적(m2),평,층,제목,URL
2026-06-17 08:22:13,원룸,49388543,월세,01,제주도 서귀포시 대정읍 구억리,서귀포시,대정읍,300,50,0,27.54,8.33,3,영어교육도시인근 풀옵션 오픈형원룸,https://www.zigbang.com/home/apt/items/49388543
2026-06-17 08:22:13,원룸,49388538,월세,01,제주도 서귀포시 대정읍 구억리,서귀포시,대정읍,300,50,0,22.22,6.72,4,영어교육 도시 출퇴근 추천   컨디션 좋은 오픈형원룸,https://www.zigbang.com/home/apt/items/49388538
2026-06-17 08:22:13,원룸,49360198,월세,01,제주도 서귀포시 대정읍 구억리,서귀포시,대정읍,300,50,0,40,12.1,3,대정영어마을인근.깨끗넓은원룸.풀옵션.반려동물ok.월세,https://www.zigbang.com/home/apt/items/49360198
2026-06-17 08:22:13,원룸,49188318,월세,01,제주도 제주시 한림읍 금능리,제주시,한림읍,300,60,0,30.04,9.09,2,금능해수욕장인근 풀옵션 원룸 브리타니,https://www.zigbang.com/home/apt/items/49188318
2026-06-17 08:22:14,원룸,49154276,월세,01,제주도 서귀포시 도순동,서귀포시,도순동,200,35,0,23.14,7.0,2,도순동 한적하고 오션뷰 오픈형 원룸,https://www.zigbang.com/home/apt/items/49154276
2026-06-17 08:22:14,원룸,49294959,월세,01,제주도 서귀포시 서귀동,서귀포시,서귀동,300,50,0,29.75,9.0,8,중앙로터리 신축 남향,https://www.zigbang.com/home/apt/items/49294959
2026-06-17 08:22:14,원룸,49239015,월세,01,제주도 서귀포시 서귀동,서귀포시,서귀동,200,50,0,26,7.86,7,신축 오피스텔  위치 최고  전입가능,https://www.zigbang.com/home/apt/items/49239015
2026-06-17 08:22:14,원룸,49239000,월세,01,제주도 서귀포시 서귀동,서귀포시,서귀동,200,40,0,24,7.26,중,올레시장 근처 신축 오피스텔,https://www.zigbang.com/home/apt/items/49239000
2026-06-17 08:22:14,원룸,49062741,월세,01,제주도 서귀포시 서귀동,서귀포시,서귀동,200,42,0,29.75,9.0,4,신축 건물  JS라메르 2차,https://www.zigbang.com/home/apt/items/49062741
2026-06-17 08:22:14,원룸,48991373,월세,01,제주도 서귀포시 서홍동,서귀포시,서홍동,200,50,0,29.61,8.96,5,서귀포 보건소 남쪽 인근 오픈형 원룸,https://www.zigbang.com/home/apt/items/48991373
2026-06-17 08:22:14,원룸,48978847,월세,01,제주도 서귀포시 서귀동,서귀포시,서귀동,200,40,0,24,7.26,3,더그레이튼 중앙로터리부근 오피스텔,https://www.zigbang.com/home/apt/items/48978847
2026-06-17 08:22:13,원룸,49365430,월세,02,제주도 서귀포시 중문동,서귀포시,중문동,200,40,0,47.82,14.47,3,분리형 1.5룸 방 거실 넓음. 동향 확트인 경관. 침대,https://www.zigbang.com/home/apt/items/49365430
2026-06-17 08:22:13,원룸,49349716,월세,02,제주도 서귀포시 중문동,서귀포시,중문동,200,40,0,26.45,8.0,3,중문 입구 교차로 남쪽 인근 1.5룸,https://www.zigbang.com/home/apt/items/49349716
2026-06-17 08:22:13,원룸,49334992,월세,02,제주도 서귀포시 중문동,서귀포시,중문동,200,45,0,49.6,15.0,4,남향 바다경관 최상. 분리형 1.5룸. 침대 소파 풀옵션,https://www.zigbang.com/home/apt/items/49334992
2026-06-17 08:22:13,원룸,49329302,월세,01,제주도 서귀포시 중문동,서귀포시,중문동,200,35,0,41.69,12.61,8,맨윗층. 테라스 있음. 동향 확트인 경관. 풀옵션. 침대,https://www.zigbang.com/home/apt/items/49329302
2026-06-17 08:22:13,원룸,49302658,월세,01,제주도 서귀포시 중문동,서귀포시,중문동,200,33,0,37.59,11.37,4,단기가능.중문관광단지 인근 풀옵션 원룸,https://www.zigbang.com/home/apt/items/49302658
2026-06-17 08:22:13,원룸,49287653,월세,02,제주도 서귀포시 중문동,서귀포시,중문동,200,45,0,33.06,10.0,2,중문입구 교차로 부근 한적한 1.5룸,https://www.zigbang.com/home/apt/items/49287653
2026-06-17 08:22:13,원룸,49287552,월세,01,제주도 서귀포시 중문동,서귀포시,중문동,200,40,0,28.98,8.77,5,중문입구 교차로 인근 깔끔한 오픈형원룸,https://www.zigbang.com/home/apt/items/49287552
2026-06-17 08:22:13,원룸,49206354,월세,02,제주도 서귀포시 중문동,서귀포시,중문동,200,39,0,49.6,15.0,저,단기가능.풀옵션 1.5룸,https://www.zigbang.com/home/apt/items/49206354
2026-06-17 08:22:13,원룸,49107654,월세,01,제주도 서귀포시 중문동,서귀포시,중문동,200,35,0,37.5,11.34,6,테라스 있음. 확트인 한라산 경관. 자주식 주차. 클린하우,https://www.zigbang.com/home/apt/items/49107654
2026-06-17 08:22:19,원룸,49384546,월세,02,제주도 제주시 애월읍 곽지리,제주시,애월읍,100,54,0,30.39,9.19,3,B곽지해수욕장도보권.분리형.베란다O.오션뷰.태양광설치,https://www.zigbang.com/home/apt/items/49384546
2026-06-17 08:22:19,원룸,49390293,월세,02,제주도 제주시 애월읍 상귀리,제주시,애월읍,200,42,0,45.5,13.76,1,"년세만 가능500만, 방이 큰 분리형 원룸, 노옵션",https://www.zigbang.com/home/apt/items/49390293
2026-06-17 08:22:19,원룸,49334888,월세,02,제주도 제주시 애월읍 하귀1리,제주시,애월읍,300,75,0,42.5,12.86,2,하귀일초인근 신축급  테라스있는 넓은 풀옵션분리형 연세만,https://www.zigbang.com/home/apt/items/49334888
2026-06-17 08:22:19,원룸,49261421,월세,02,제주도 제주시 애월읍 장전리,제주시,애월읍,200,45,0,33.06,10.0,2,"입주 6월2일, 장전리 벚꽃길 인근, 풀옵션, 넓은 원룸",https://www.zigbang.com/home/apt/items/49261421
2026-06-17 08:22:19,원룸,49305509,월세,04,제주도 제주시 외도일동,제주시,외도일동,1000,87,0,73.13,22.12,9,외도일동 최상의 위치 깔끔하고 넓은 풀옵션급 투룸 년세,https://www.zigbang.com/home/apt/items/49305509
2026-06-17 08:22:19,원룸,49379788,월세,02,제주도 제주시 외도일동,제주시,외도일동,300,55,0,33.04,9.99,3,"깨끗한 풀옵션, 거실 방1, 베란다 즉시 입주, 연세600",https://www.zigbang.com/home/apt/items/49379788
2026-06-17 08:22:19,원룸,49376332,월세,01,제주도 제주시 해안동,제주시,해안동,200,45,0,23.2,7.02,2,노형 가까운 조용한 숲뷰 주차 가성비 모두 갖춘 원룸,https://www.zigbang.com/home/apt/items/49376332
2026-06-17 08:22:19,원룸,49369495,월세,02,제주도 제주시 노형동,제주시,노형동,200,55,0,26.22,7.93,2,"즉시 입주, 1주차가능, 풀옵션",https://www.zigbang.com/home/apt/items/49369495
2026-06-17 08:22:19,원룸,49263437,월세,01,제주도 제주시 노형동,제주시,노형동,300,50,0,30,9.07,1,"즉시 입주, 주차공간 많음.  노형중학교 부근, 풀옵션",https://www.zigbang.com/home/apt/items/49263437
2026-06-17 08:22:19,원룸,49238801,월세,01,제주도 제주시 노형동,제주시,노형동,300,45,0,30,9.07,3,"애완견 가능, 즉시 입주 가능, 주차 좋음, 풀옵션",https://www.zigbang.com/home/apt/items/49238801
2026-06-17 08:22:19,원룸,49229159,월세,02,제주도 제주시 노형동,제주시,노형동,300,60,0,26.21,7.93,4,"입주 7월말, 분리형 원룸, 풀옵션, 주차 좋음",https://www.zigbang.com/home/apt/items/49229159
2026-06-17 08:22:19,원룸,49059809,월세,01,제주도 제주시 노형동,제주시,노형동,100,35,0,27.15,8.21,2,가격너무 좋고 방크기좋고 뷰 좋고 놓치지마세요,https://www.zigbang.com/home/apt/items/49059809
2026-06-17 08:22:19,원룸,49036391,월세,01,제주도 제주시 노형동,제주시,노형동,200,53,0,27.42,8.29,2,소형반려가능.주방분리형.월세.풀옵션,https://www.zigbang.com/home/apt/items/49036391
2026-06-17 08:22:19,원룸,49379208,월세,02,제주도 제주시 이호일동,제주시,이호일동,600,50,0,29.45,8.91,2,이호일동 현사마을 분리형원룸 1.5룸 풀옵션 도배완료,https://www.zigbang.com/home/apt/items/49379208
2026-06-17 08:22:19,원룸,49377783,월세,01,제주도 제주시 도두일동,제주시,도두일동,200,63,0,35,10.59,10,도두 코앞 바다뷰 원룸,https://www.zigbang.com/home/apt/items/49377783
2026-06-17 08:22:19,원룸,49377633,월세,02,제주도 제주시 내도동,제주시,내도동,300,55,0,45,13.61,1,내도.깨끗한1.5룸.월세.주차편리,https://www.zigbang.com/home/apt/items/49377633
2026-06-17 08:22:19,원룸,49344742,월세,02,제주도 제주시 도두일동,제주시,도두일동,200,50,0,54,16.33,5,도두천마에코피아 분리형 원룸 월세,https://www.zigbang.com/home/apt/items/49344742
2026-06-17 08:22:19,원룸,49342150,월세,02,제주도 제주시 이호일동,제주시,이호일동,600,50,0,45.36,13.72,1,현사포구 이호해수욕장 인근 1.5룸,https://www.zigbang.com/home/apt/items/49342150
2026-06-17 08:22:19,원룸,49337365,월세,02,제주도 제주시 내도동,제주시,내도동,200,55,0,29,8.77,1,내도동 주차편리한곳 분리형원룸,https://www.zigbang.com/home/apt/items/49337365
2026-06-17 08:22:19,원룸,49306267,월세,01,제주도 제주시 도두일동,제주시,도두일동,300,45,0,25,7.56,4,도리초등학교인근 주차편한 단기가능한 원룸임대,https://www.zigbang.com/home/apt/items/49306267
2026-06-17 08:22:19,원룸,49266580,월세,02,제주도 제주시 이호일동,제주시,이호일동,600,50,0,30,9.07,2,"바다 5분,  분리형 원룸, 년세만 가능600만, 풀옵션",https://www.zigbang.com/home/apt/items/49266580
2026-06-17 08:22:19,원룸,49227428,월세,02,제주도 제주시 내도동,제주시,내도동,300,50,0,55,16.64,1,내도 나라돈가스 인근 1.5룸 풀옵션 조용한 분리형원룸임대,https://www.zigbang.com/home/apt/items/49227428
2026-06-17 08:22:19,원룸,49164134,월세,02,제주도 제주시 이호일동,제주시,이호일동,300,78,0,38,11.49,3,"도리초 인근 반려동물가능 한 아주 넓은 1.5룸 월세,년세",https://www.zigbang.com/home/apt/items/49164134
2026-06-17 08:22:19,원룸,49160726,월세,01,제주도 제주시 외도일동,제주시,외도일동,300,55,0,28,8.47,3,외도 제주은행인근 깔끔한 주방분리형원룸 임대,https://www.zigbang.com/home/apt/items/49160726
2026-06-17 08:22:19,원룸,49096952,월세,02,제주도 제주시 도두일동,제주시,도두일동,300,60,0,55.42,16.76,2,도두 천마오피스텔 분리형원룸,https://www.zigbang.com/home/apt/items/49096952
2026-06-17 08:22:19,원룸,48980297,월세,02,제주도 제주시 도두일동,제주시,도두일동,300,50,0,38,11.49,1,연세 월세 가능 저렴한 1.5룸 도두봉 도리초등학교 인근,https://www.zigbang.com/home/apt/items/48980297
2026-06-17 08:22:19,원룸,48690842,월세,02,제주도 제주시 노형동,제주시,노형동,300,55,0,35,10.59,중,"노형동, 연동 BEST 오피스텔",https://www.zigbang.com/home/apt/items/48690842
2026-06-17 08:22:19,원룸,48628820,월세,01,제주도 제주시 노형동,제주시,노형동,300,45,0,33.06,10.0,8,"NEW,,붙박이장8칸,,노형 오거리 ,,롯데마트 부근",https://www.zigbang.com/home/apt/items/48628820
2026-06-17 08:22:19,원룸,48476786,월세,01,제주도 제주시 노형동,제주시,노형동,100,34,0,25,7.56,저,1년 연세  메르헨하우스 드림타워 롯데마트 대도로변 인근,https://www.zigbang.com/home/apt/items/48476786
2026-06-17 08:22:19,원룸,48260842,월세,02,제주도 제주시 연동,제주시,연동,1000,84,0,92.4,27.95,1,반려가능 거실 넓은 분리형 원룸 한라수목원 인근,https://www.zigbang.com/home/apt/items/48260842
2026-06-17 08:22:20,원룸,48956959,월세,01,제주도 제주시 연동,제주시,연동,100,48,0,49.59,15.0,고,"단기, 주차 완벽, 헬스장무료이용",https://www.zigbang.com/home/apt/items/48956959
2026-06-17 08:22:20,원룸,48956957,월세,01,제주도 제주시 연동,제주시,연동,150,48,0,42.9,12.98,중,"단기 가능, 주차용이  깨끗하고 저렴한 풀옵션 원룸",https://www.zigbang.com/home/apt/items/48956957
2026-06-17 08:22:20,원룸,48956885,월세,01,제주도 제주시 연동,제주시,연동,200,40,0,30,9.07,2,반려동물O 연동 빕스사거리인근 평수넓고 저렴한 풀옵션 원룸,https://www.zigbang.com/home/apt/items/48956885
2026-06-17 08:22:20,원룸,48952092,월세,01,제주도 제주시 연동,제주시,연동,300,43,0,33.06,10.0,저,"세련된 에코드파리  풀옵션 ,단지내 휘트니스,빨래방",https://www.zigbang.com/home/apt/items/48952092
2026-06-17 08:22:20,원룸,48900786,월세,01,제주도 제주시 연동,제주시,연동,300,52,0,37.04,11.2,중,컨디션 신축급인  귀한 레지던스,https://www.zigbang.com/home/apt/items/48900786
2026-06-17 08:22:20,원룸,48890973,월세,01,제주도 제주시 연동,제주시,연동,300,53,0,30,9.07,고,도시가스 반려가능 단기가능 연월세가능 한라병원인근,https://www.zigbang.com/home/apt/items/48890973
2026-06-17 08:22:20,원룸,48869291,월세,02,제주도 제주시 연동,제주시,연동,400,77,0,45,13.61,16,1.5룸  에코힐튼,https://www.zigbang.com/home/apt/items/48869291
2026-06-17 08:22:20,원룸,48840166,월세,01,제주도 제주시 연동,제주시,연동,300,54,0,37.04,11.2,중,"HOT,,, 조용한 동향V 아일랜드식탁 V 퀸침대",https://www.zigbang.com/home/apt/items/48840166
2026-06-17 08:22:20,원룸,48837549,월세,02,제주도 제주시 연동,제주시,연동,200,50,0,36,10.89,16,분리형원룸 블루아일랜드 제원아파트인근,https://www.zigbang.com/home/apt/items/48837549
2026-06-17 08:22:20,원룸,48833219,월세,01,제주도 제주시 연동,제주시,연동,200,43,0,30.31,9.17,9,"신제주로터리인근, 삼성홈타운2, 신축 깔끔, 풀옵션 원룸",https://www.zigbang.com/home/apt/items/48833219
2026-06-17 08:22:20,원룸,48660168,월세,01,제주도 제주시 연동,제주시,연동,200,42,0,22,6.65,4,가성비 좋은 원룸 e편한세상 센트럴파크 연동 인근,https://www.zigbang.com/home/apt/items/48660168
2026-06-17 08:22:20,원룸,48654794,월세,02,제주도 제주시 연동,제주시,연동,200,48,0,42.98,13.0,고,한라병원인근 교통편좋고 인프라좋은 레지던스,https://www.zigbang.com/home/apt/items/48654794
2026-06-17 08:22:20,원룸,48584243,월세,01,제주도 제주시 연동,제주시,연동,150,48,0,39.67,12.0,중,"단기가능, 신축급  풀 옵션 원룸",https://www.zigbang.com/home/apt/items/48584243
2026-06-17 08:22:28,원룸,49262266,전세,01,제주도 서귀포시 서귀동,서귀포시,서귀동,5000,0,0,28.73,8.69,3,동문로터리 남쪽 인근 오픈형 원룸,https://www.zigbang.com/home/apt/items/49262266
2026-06-17 08:22:28,원룸,49234448,월세,01,제주도 서귀포시 동홍동,서귀포시,동홍동,200,37,0,26.45,8.0,3,동홍초인근 오픈형 원룸,https://www.zigbang.com/home/apt/items/49234448
2026-06-17 08:22:28,원룸,49098919,월세,01,제주도 서귀포시 동홍동,서귀포시,동홍동,100,37,0,23.14,7.0,4,서귀포 오일시장 맞은편 한적한 원룸,https://www.zigbang.com/home/apt/items/49098919
2026-06-17 08:22:28,원룸,48924793,월세,01,제주도 서귀포시 신효동,서귀포시,신효동,3000,20,0,26.45,8.0,2,신효동 한적한  1.5룸,https://www.zigbang.com/home/apt/items/48924793
2026-06-17 08:22:34,원룸,49347138,월세,03,제주도 제주시 아라일동,제주시,아라일동,200,60,0,25.59,7.74,4,B아라일동.제대후문인근.한라산뷰.복층형.준신축급.원룸,https://www.zigbang.com/home/apt/items/49347138
2026-06-17 08:22:34,원룸,49120463,월세,01,제주도 제주시 삼양이동,제주시,삼양이동,300,52,0,18.21,5.51,5,삼화지구 생활권 주방 분리형 원룸 풀옵션,https://www.zigbang.com/home/apt/items/49120463
2026-06-17 08:22:34,원룸,48621110,월세,03,제주도 제주시 삼양일동,제주시,삼양일동,200,50,0,22,6.65,2,단기1ㅡ6도가능 삼양해수욕장 인근 풀옵션급 복층형원룸 년세,https://www.zigbang.com/home/apt/items/48621110
2026-06-17 08:22:34,원룸,49149454,월세,02,제주도 제주시 조천읍 조천리,제주시,조천읍,200,700,0,46.95,14.2,2,"조천리 넓은 거실,주방,침실구조 1.5룸 연세임대",https://www.zigbang.com/home/apt/items/49149454
2026-06-17 08:22:34,원룸,48647905,월세,02,제주도 제주시 조천읍 신촌리,제주시,조천읍,100,75,0,62.25,18.83,3,조천읍 신촌리 신축 첫입주 풀옵션급 거실넓은 1.5룸 년세,https://www.zigbang.com/home/apt/items/48647905
2026-06-17 08:22:34,원룸,48529910,월세,01,제주도 제주시 조천읍 신촌리,제주시,조천읍,100,66,0,41.97,12.7,3,조천읍 신촌리 신축 막힘없는 풀옵션급 평수 넓은 원룸 년세,https://www.zigbang.com/home/apt/items/48529910
2026-06-17 08:22:34,원룸,48804171,월세,02,제주도 제주시 조천읍 와흘리,제주시,조천읍,500,50,0,35,10.59,2,공용테라스O 조천읍 와흘리사무소인근 뷰굿 풀옵션1.5룸년세,https://www.zigbang.com/home/apt/items/48804171
2026-06-17 08:22:34,원룸,49321502,월세,01,제주도 제주시 조천읍 함덕리,제주시,조천읍,200,55,0,27,8.17,3,기본관리비 포함60만  서우봉뷰 복층형 원룸  풀옵션,https://www.zigbang.com/home/apt/items/49321502
2026-06-17 08:22:36,원룸,49087412,월세,01,제주도 제주시 구좌읍 한동리,제주시,구좌읍,150,40,0,25.23,7.63,2,구좌읍 한동리 오픈형 원룸 월세임대,https://www.zigbang.com/home/apt/items/49087412
2026-06-17 08:25:04,원룸,49396338,월세,01,전라남도 목포시 산정동,목포시,산정동,200,30,0,26.45,8.0,1,00주방분리 티비있음 북항00,https://www.zigbang.com/home/apt/items/49396338
2026-06-17 08:25:04,원룸,49327359,월세,02,전라남도 목포시 산정동,목포시,산정동,200,30,0,33.05,10.0,1,북항 깨끗하고 넓고 조용한 원룸,https://www.zigbang.com/home/apt/items/49327359
2026-06-17 08:25:04,원룸,49294770,월세,02,전라남도 목포시 산정동,목포시,산정동,200,30,0,30,9.07,2,서부초 인근  분리원룸,https://www.zigbang.com/home/apt/items/49294770
2026-06-17 08:25:04,원룸,48966790,월세,01,전라남도 목포시 죽교동,목포시,죽교동,200,35,0,26.45,8.0,2,00 1층 가능 주방분리 출입구분리형 북항00,https://www.zigbang.com/home/apt/items/48966790
2026-06-17 08:25:04,원룸,49357836,월세,01,전라남도 영암군 삼호읍 용앙리,영암군,삼호읍,100,40,0,24,7.26,3,.삼호버스터미널부근. 신축 깨끗한방 즉시입주가능,https://www.zigbang.com/home/apt/items/49357836
2026-06-17 08:25:04,원룸,49389547,월세,01,전라남도 목포시 옥암동,목포시,옥암동,200,30,0,26.45,8.0,5,003개월40 단기협의 신축오피스텔  평화광장부근00,https://www.zigbang.com/home/apt/items/49389547
2026-06-17 08:25:04,원룸,49346433,월세,02,전라남도 목포시 옥암동,목포시,옥암동,300,30,0,26.5,8.02,2,十 평화광장 인근,https://www.zigbang.com/home/apt/items/49346433
2026-06-17 08:25:04,원룸,49308008,월세,02,전라남도 목포시 상동,목포시,상동,300,30,0,30.78,9.31,4,"十 평화광장 인근, 엘리베이터 있음",https://www.zigbang.com/home/apt/items/49308008
2026-06-17 08:25:04,원룸,49308004,월세,02,전라남도 목포시 상동,목포시,상동,500,39,0,37.62,11.38,7,"十 1.5룸, 평화광장",https://www.zigbang.com/home/apt/items/49308004
2026-06-17 08:25:04,원룸,49276044,월세,02,전라남도 목포시 옥암동,목포시,옥암동,200,35,0,27,8.17,2,"十 풀옵션, 평화광장 인근, 엘리베이터, 주차장",https://www.zigbang.com/home/apt/items/49276044
2026-06-17 08:25:09,원룸,49395735,월세,02,전라남도 목포시 산정동,목포시,산정동,200,35,0,40,12.1,3,공공도서관 인근 방.주방겸거실.베란다,https://www.zigbang.com/home/apt/items/49395735
2026-06-17 08:25:09,원룸,49378615,월세,02,전라남도 목포시 산정동,목포시,산정동,200,38,0,38,11.49,3,중앙시장 인근 분리원룸,https://www.zigbang.com/home/apt/items/49378615
2026-06-17 08:25:09,원룸,49378279,월세,02,전라남도 목포시 산정동,목포시,산정동,100,32,0,30,9.07,2,중앙시장 부근 저렴한 원룸 해잘듬 즉시입주,https://www.zigbang.com/home/apt/items/49378279
2026-06-17 08:25:09,원룸,49352484,월세,01,전라남도 목포시 산정동,목포시,산정동,200,30,0,26.45,8.0,2,00넓은원룸주방분리저렴한가격 중시00,https://www.zigbang.com/home/apt/items/49352484
2026-06-17 08:25:09,원룸,49329104,월세,02,전라남도 목포시 산정동,목포시,산정동,200,30,0,30,9.07,1,중앙시장 인근 분리원룸,https://www.zigbang.com/home/apt/items/49329104
2026-06-17 08:25:09,원룸,49329087,월세,02,전라남도 목포시 산정동,목포시,산정동,200,30,0,33.06,10.0,1,중앙시장 부근 넓고 깨끗한 원룸,https://www.zigbang.com/home/apt/items/49329087
2026-06-17 08:25:09,원룸,49327387,월세,02,전라남도 목포시 산정동,목포시,산정동,200,32,0,33.06,10.0,3,중앙시장 부근 깨끗하고 조용한 원룸,https://www.zigbang.com/home/apt/items/49327387
2026-06-17 08:25:09,원룸,49327313,월세,02,전라남도 목포시 산정동,목포시,산정동,200,29,0,26.45,8.0,2,시청부근 깨끗하고 넓고 조용한 원룸,https://www.zigbang.com/home/apt/items/49327313
2026-06-17 08:25:09,원룸,49317360,월세,02,전라남도 목포시 산정동,목포시,산정동,200,35,0,36.36,11.0,3,006개월 협의 배란다완비  북밭이장   중앙시장부근00,https://www.zigbang.com/home/apt/items/49317360
2026-06-17 08:25:09,원룸,49284386,월세,01,전라남도 목포시 산정동,목포시,산정동,200,28,0,30,9.07,3,동 초등학교 인근 분리원룸,https://www.zigbang.com/home/apt/items/49284386
2026-06-17 08:25:09,원룸,49267987,월세,02,전라남도 목포시 산정동,목포시,산정동,200,35,0,33.06,10.0,4,00신축 분리형 원룸  중앙시장부근00,https://www.zigbang.com/home/apt/items/49267987
2026-06-17 08:25:09,원룸,49267958,월세,01,전라남도 목포시 산정동,목포시,산정동,200,30,0,20.45,6.19,1,00침대없음  작은방 신축원룸  중앙시장부근00,https://www.zigbang.com/home/apt/items/49267958
2026-06-17 08:25:09,원룸,49267931,월세,01,전라남도 목포시 산정동,목포시,산정동,200,30,0,23.14,7.0,3,00신축원룸 중앙시장 부근00,https://www.zigbang.com/home/apt/items/49267931
2026-06-17 08:27:12,원룸,49371663,월세,03,전라남도 나주시 빛가람동,나주시,빛가람동,300,40,0,22.64,6.85,7,호텔형  풀옵션원룸  내부깔끔 침대포함  업체청소함,https://www.zigbang.com/home/apt/items/49371663
2026-06-17 08:27:12,원룸,49315485,월세,02,전라남도 나주시 빛가람동,나주시,빛가람동,6000,30,0,70.7,21.39,고,빛가람동 토담휴로스1차 분리형원룸 임대,https://www.zigbang.com/home/apt/items/49315485
2026-06-17 08:27:12,원룸,49243006,월세,04,전라남도 나주시 빛가람동,나주시,빛가람동,3000,55,0,95.87,29.0,12,빛가람동 중흥메가티움 2차 2룸임대,https://www.zigbang.com/home/apt/items/49243006
2026-06-17 08:27:12,원룸,49140781,월세,04,전라남도 나주시 빛가람동,나주시,빛가람동,1000,75,0,95.87,29.0,12,빛가람동 중흥메가티움 2룸 임대,https://www.zigbang.com/home/apt/items/49140781
2026-06-17 08:27:12,원룸,49224756,월세,01,전라남도 나주시 대호동,나주시,대호동,200,25,0,19.13,5.79,3,대호동 동신대학교부근 생활권편리 즉시입주,https://www.zigbang.com/home/apt/items/49224756
2026-06-17 08:27:12,원룸,49364901,월세,02,전라남도 나주시 금천면 오강리,나주시,금천면,200,25,0,23.14,7.0,4,오강리 관리잘된 남향풀옵션 원룸 6월30입주가능 조용합니다,https://www.zigbang.com/home/apt/items/49364901
2026-06-17 08:27:12,원룸,49380513,월세,01,전라남도 나주시 산포면 매성리,나주시,산포면,200,30,0,19.83,6.0,2,매성리 옵션 원룸 깔끔한 내부 입주청소완료 즉시입주,https://www.zigbang.com/home/apt/items/49380513
2026-06-17 08:27:12,원룸,49224735,월세,01,전라남도 나주시 산포면 매성리,나주시,산포면,100,30,0,29.16,8.82,3,매성리 관리잘된 풀옵션 원룸 혁신도시5분거리 LPG사용,https://www.zigbang.com/home/apt/items/49224735
2026-06-17 08:27:13,원룸,49313020,월세,02,광주시 남구 진월동,남구,진월동,300,36,0,29.75,9.0,4,ll P ll 광주대 최신 신축 I 붙박이장 I 실제 매물,https://www.zigbang.com/home/apt/items/49313020
2026-06-17 08:27:13,원룸,49311674,월세,02,광주시 남구 송하동,남구,송하동,200,29,0,33.06,10.0,3,ㅣ실시간 업데이트 ㅣ실매물ㅣ가성비 좋은방,https://www.zigbang.com/home/apt/items/49311674
2026-06-17 08:27:13,원룸,49206482,월세,02,광주시 남구 송하동,남구,송하동,300,34,0,20.74,6.27,3,ll P ll 실제 가격 ll 실제 매물 ll 완전 풀옵션,https://www.zigbang.com/home/apt/items/49206482
2026-06-17 08:27:13,원룸,49194602,월세,02,광주시 남구 진월동,남구,진월동,300,33,0,18.91,5.72,3,광주대 인근 빌라 전체물건 보유중,https://www.zigbang.com/home/apt/items/49194602
2026-06-17 08:27:13,원룸,49174498,월세,02,광주시 남구 행암동,남구,행암동,200,28,0,28.87,8.73,2,J 행암동 분리형원룸 J 가성비 갑 J 깔끔한방 J,https://www.zigbang.com/home/apt/items/49174498
2026-06-17 08:27:16,원룸,49271018,월세,02,전라남도 화순군 화순읍 일심리,화순군,화순읍,200,24,0,23.14,7.0,2,ll P ll 단기가능 l갓성비l SS급 매물l,https://www.zigbang.com/home/apt/items/49271018
2026-06-17 08:27:16,원룸,49270965,월세,02,전라남도 화순군 화순읍 일심리,화순군,화순읍,200,31,0,23.14,7.0,2,II P II 화이트톤 I 깔끔 I 사이즈굿,https://www.zigbang.com/home/apt/items/49270965
2026-06-17 08:27:16,원룸,49057221,월세,02,전라남도 화순군 화순읍 신기리,화순군,화순읍,300,37,0,33.88,10.25,3,ㅣ종합문화센터인근ㅣ넓은방ㅣ세탁실별도ㅣ즉시입주가능ㅣ,https://www.zigbang.com/home/apt/items/49057221
2026-06-17 08:27:23,원룸,49388978,월세,02,전라남도 여수시 학동,여수시,학동,200,45,0,40,12.1,2,New 시청보건소인근 햇살 좋고 깔끔한 투룸,https://www.zigbang.com/home/apt/items/49388978
2026-06-17 08:27:23,원룸,49375637,월세,01,전라남도 여수시 안산동,여수시,안산동,100,27,0,28,8.47,2,태양  안산중학교 인근 관리잘된방,https://www.zigbang.com/home/apt/items/49375637
2026-06-17 08:27:23,원룸,49289446,월세,01,전라남도 여수시 안산동,여수시,안산동,100,25,0,25,7.56,2,"안산동 장성지구인근 원룸
즉시입주가능",https://www.zigbang.com/home/apt/items/49289446
2026-06-17 08:27:23,원룸,49288785,월세,01,전라남도 여수시 학동,여수시,학동,200,30,0,29,8.77,2,태양 보건소인근 깔끔하고 주차장짱 풀옵션 방,https://www.zigbang.com/home/apt/items/49288785
2026-06-17 08:27:23,원룸,49259560,월세,01,전라남도 여수시 안산동,여수시,안산동,200,40,0,25,7.56,4,안산동 힐론카페근처 엘베 풀옵션 즉시입주 오픈형,https://www.zigbang.com/home/apt/items/49259560
2026-06-17 08:27:23,원룸,49255130,월세,02,전라남도 여수시 학동,여수시,학동,200,45,0,45,13.61,4,New 시청도보3분거리 구조 좋고 넓은 4층 투룸,https://www.zigbang.com/home/apt/items/49255130
2026-06-17 08:27:23,원룸,49202867,월세,01,전라남도 여수시 학동,여수시,학동,200,30,0,25,7.56,3,"여수시청 인근공원
선소 인근에 위치
즉시 입주",https://www.zigbang.com/home/apt/items/49202867
2026-06-17 08:27:23,원룸,49200985,월세,02,전라남도 여수시 안산동,여수시,안산동,200,38,0,33,9.98,3,"안산동 장성마을 위치
웅천  학동 이동이 편리",https://www.zigbang.com/home/apt/items/49200985
2026-06-17 08:27:23,원룸,49196909,월세,01,전라남도 여수시 안산동,여수시,안산동,100,30,0,24,7.26,2,New 장성지구 단기가능 깨끗한 원룸,https://www.zigbang.com/home/apt/items/49196909
2026-06-17 08:27:23,원룸,49181661,월세,01,전라남도 여수시 안산동,여수시,안산동,100,30,0,24,7.26,2,New 장성지구 단기가능 깔끔한 원룸,https://www.zigbang.com/home/apt/items/49181661
2026-06-17 08:27:23,원룸,49170008,월세,02,전라남도 여수시 학동,여수시,학동,200,40,0,40,12.1,2,New 시청보건소인근 넓고 깔끔한 투룸,https://www.zigbang.com/home/apt/items/49170008
2026-06-17 08:27:23,원룸,49161264,월세,01,전라남도 여수시 학동,여수시,학동,100,30,0,26,7.86,2,New 시청도보3분거리 넓고 깨끗한 원룸,https://www.zigbang.com/home/apt/items/49161264
2026-06-17 08:27:23,원룸,49100994,월세,02,전라남도 여수시 학동,여수시,학동,200,40,0,40,12.1,2,New 시청보건소인근 깨끗한 2층 투룸,https://www.zigbang.com/home/apt/items/49100994
2026-06-17 08:27:23,원룸,49100434,월세,02,전라남도 여수시 안산동,여수시,안산동,200,30,0,25,7.56,3,안산동 장성마을 위치 최상급 컨디션 채광 좋은집,https://www.zigbang.com/home/apt/items/49100434
2026-06-17 08:27:23,원룸,48902659,월세,01,전라남도 여수시 안산동,여수시,안산동,200,38,0,40,12.1,3,New 장성지구 햇살 좋고 깔끔한 투룸,https://www.zigbang.com/home/apt/items/48902659
2026-06-17 08:27:24,원룸,49254584,월세,01,전라남도 여수시 신기동,여수시,신기동,150,29,0,24,7.26,3,New 신기성당인근 햇살 좋고 깨끗한 원룸,https://www.zigbang.com/home/apt/items/49254584
2026-06-17 08:27:24,원룸,49202738,월세,01,전라남도 여수시 학동,여수시,학동,200,30,0,25,7.56,2,제일병원 근처 엘베 풀옵션 즉시입주 깨끗한매물,https://www.zigbang.com/home/apt/items/49202738
2026-06-17 08:27:24,원룸,49161268,월세,01,전라남도 여수시 학동,여수시,학동,100,30,0,24,7.26,2,New 제일병원인근 깔끔하고 깨끗한 원룸,https://www.zigbang.com/home/apt/items/49161268
2026-06-17 08:27:24,원룸,49131335,월세,02,전라남도 여수시 둔덕동,여수시,둔덕동,200,33,0,40,12.1,4,New 유니클로인근 가성비 좋은 투룸,https://www.zigbang.com/home/apt/items/49131335
2026-06-17 08:27:24,원룸,49390927,월세,01,전라남도 여수시 미평동,여수시,미평동,200,35,0,26,7.86,3,New 미평초인근 넓고 햇살 좋은 원룸,https://www.zigbang.com/home/apt/items/49390927
2026-06-17 08:27:24,원룸,49280580,월세,02,전라남도 여수시 돌산읍 우두리,여수시,돌산읍,300,43,0,35,10.59,2,동백초 인근최 신축 풀옵션   거실 방1 구조,https://www.zigbang.com/home/apt/items/49280580
2026-06-17 08:27:24,원룸,49192131,월세,01,전라남도 여수시 돌산읍 우두리,여수시,돌산읍,200,33,0,25,7.56,3,"돌산읍 우두리 원룸월세
신축원룸 풀옵션
단기불가",https://www.zigbang.com/home/apt/items/49192131
2026-06-17 08:27:24,원룸,49346916,월세,02,전라남도 여수시 덕충동,여수시,덕충동,200,35,0,35,10.59,2,중앙여고 인근 갓성비 준신축 풀옵션 넓은 투룸 즉시입주가능,https://www.zigbang.com/home/apt/items/49346916
2026-06-17 08:27:24,원룸,49297237,월세,01,전라남도 여수시 신월동,여수시,신월동,300,45,0,40,12.1,2,태양 신월동  깔끔한 신축급으로 깔끔하고 엘베있는 집,https://www.zigbang.com/home/apt/items/49297237
2026-06-17 08:27:24,원룸,49274685,월세,02,전라남도 여수시 덕충동,여수시,덕충동,200,30,0,25,7.56,2,컨디션 좋은 원룸종고초 인근즉시 입주풀 옵션 단기가능,https://www.zigbang.com/home/apt/items/49274685
2026-06-17 08:27:24,원룸,49212117,월세,02,전라남도 여수시 봉강동,여수시,봉강동,200,45,0,40,12.1,3,New 여수서초등인근 깔끔하고 깨끗한 투룸,https://www.zigbang.com/home/apt/items/49212117
2026-06-17 08:27:24,원룸,49211888,월세,01,전라남도 여수시 봉강동,여수시,봉강동,200,35,0,26,7.86,3,New 여수서초등인근 깔끔하고 깨끗한 원룸,https://www.zigbang.com/home/apt/items/49211888
2026-06-17 08:27:24,원룸,49195563,월세,01,전라남도 여수시 여서동,여수시,여서동,200,30,0,22,6.65,2,New 금오아파트 인근 깨끗한 원룸,https://www.zigbang.com/home/apt/items/49195563
2026-06-17 08:27:24,원룸,49192140,월세,01,전라남도 여수시 신월동,여수시,신월동,300,37,0,27,8.17,2,태양 신월대주인근 깔끔한 오션뷰 엘베있는 방,https://www.zigbang.com/home/apt/items/49192140
2026-06-17 08:27:24,원룸,49109735,전세,02,전라남도 여수시 오림동,여수시,오림동,5000,0,0,40,12.1,3,New 이마트인근 넓고 깔끔한 투룸,https://www.zigbang.com/home/apt/items/49109735
2026-06-17 08:27:24,원룸,49053665,월세,02,전라남도 여수시 여서동,여수시,여서동,200,38,0,33,9.98,3,여서동 한재교차로 근처 풀옵션 투룸 관리상태굿,https://www.zigbang.com/home/apt/items/49053665
2026-06-17 08:27:26,원룸,49181175,월세,02,전라남도 여수시 율촌면 월산리,여수시,율촌면,300,48,0,29.39,8.89,2,율촌 미소래 아파트 근처.신축 투룸으로 아주 깔끔함.,https://www.zigbang.com/home/apt/items/49181175
2026-06-17 08:27:27,원룸,49272803,월세,01,전라남도 순천시 석현동,순천시,석현동,200,25,0,16.53,5.0,2,향림중 부근 풀옵션 저렴한 신축 원룸 임대엘리베이터있음,https://www.zigbang.com/home/apt/items/49272803
2026-06-17 08:27:27,원룸,49395397,월세,01,전라남도 순천시 연향동,순천시,연향동,200,32,0,33,9.98,2,연향 3지구내 조용하고 깔끔한 원룸,https://www.zigbang.com/home/apt/items/49395397
2026-06-17 08:27:27,원룸,49319139,월세,02,전라남도 순천시 연향동,순천시,연향동,200,45,0,36,10.89,3,연향3지구 농협뒷편 깨끗하게 관리된 투룸 임대,https://www.zigbang.com/home/apt/items/49319139
2026-06-17 08:27:27,원룸,49272793,월세,02,전라남도 순천시 덕월동,순천시,덕월동,200,40,0,39.67,12.0,5,청암대 부근 덕월동 깨끗한 투룸 엘리베이터있음,https://www.zigbang.com/home/apt/items/49272793
2026-06-17 08:27:27,원룸,49272786,전세,02,전라남도 순천시 연향동,순천시,연향동,3500,0,0,36.36,11.0,2,연향3지구 투룸  전세  풀옵션 임대,https://www.zigbang.com/home/apt/items/49272786
2026-06-17 08:27:27,원룸,49242952,월세,02,전라남도 순천시 연향동,순천시,연향동,200,35,0,33.06,10.0,2,연향3지구내 조용하고 깨끗한 원룸,https://www.zigbang.com/home/apt/items/49242952
2026-06-17 08:27:27,원룸,49242868,전세,02,전라남도 순천시 연향동,순천시,연향동,3500,0,0,33.06,10.0,3,연향3지구내 조용하고 깨끗한 투룸,https://www.zigbang.com/home/apt/items/49242868
2026-06-17 08:27:27,원룸,49233285,월세,01,전라남도 순천시 연향동,순천시,연향동,200,32,0,30,9.07,2,연향3지구내 조용하고 깨끗한 원룸,https://www.zigbang.com/home/apt/items/49233285
2026-06-17 08:27:27,원룸,49203641,월세,02,전라남도 순천시 연향동,순천시,연향동,300,40,0,39.67,12.0,2,연향3지구 깨끗하고 좋은 신축 투룸 임대,https://www.zigbang.com/home/apt/items/49203641
2026-06-17 08:27:27,원룸,49162289,월세,01,전라남도 순천시 연향동,순천시,연향동,200,30,0,26.45,8.0,2,연향3지구 가성비 좋은 저렴한 풀옵션 원룸 임대,https://www.zigbang.com/home/apt/items/49162289
2026-06-17 08:27:27,원룸,49158765,월세,02,전라남도 순천시 연향동,순천시,연향동,200,40,0,39.67,12.0,2,연향3지구  농협 부근 남향 깨끗한 투룸 임대,https://www.zigbang.com/home/apt/items/49158765
2026-06-17 08:27:27,원룸,49052330,월세,01,전라남도 순천시 덕월동,순천시,덕월동,200,27,0,36.36,11.0,1,"청암대부근 리모델링 깨끗하고 넓은 원룸 임대, 1층",https://www.zigbang.com/home/apt/items/49052330
2026-06-17 08:27:27,원룸,49365854,월세,02,전라남도 광양시 광양읍 칠성리,광양시,광양읍,100,27,0,25,7.56,4,광양읍 서천변  컨디션 좋은 조용하고 주차편한 분리형 원룸,https://www.zigbang.com/home/apt/items/49365854
2026-06-17 08:27:27,원룸,49365832,월세,02,전라남도 광양시 광양읍 덕례리,광양시,광양읍,100,30,0,25,7.56,2,덕례리 엘리베이터있는 시설좋은 분리형 원룸,https://www.zigbang.com/home/apt/items/49365832
2026-06-17 08:27:27,원룸,49365808,월세,02,전라남도 광양시 광양읍 덕례리,광양시,광양읍,100,23,0,23.14,7.0,2,덕례리 깔끔한 1.5룸  단기가능  월세변동,https://www.zigbang.com/home/apt/items/49365808
2026-06-17 08:27:27,원룸,49365779,월세,02,전라남도 광양시 광양읍 덕례리,광양시,광양읍,100,25,0,26.45,8.0,2,덕례리 도로변  위치좋은 깔끔한 1.5룸,https://www.zigbang.com/home/apt/items/49365779
2026-06-17 08:27:27,원룸,49327235,월세,02,전라남도 광양시 광양읍 덕례리,광양시,광양읍,200,37,0,26.5,8.02,2,ㅕ좋은집 소개ㅑ 깔끔하고 넓은  주차 편한2룸,https://www.zigbang.com/home/apt/items/49327235
2026-06-17 08:27:27,원룸,49280630,월세,02,전라남도 광양시 광양읍 칠성리,광양시,광양읍,200,38,0,33,9.98,2,광양만권 경제자유구역청 부근 즉시입주가능 투룸임대,https://www.zigbang.com/home/apt/items/49280630
2026-06-17 08:27:27,원룸,49382999,월세,02,전라남도 광양시 광양읍 덕례리,광양시,광양읍,100,25,0,27,8.17,3,덕례리 엘리베이터 있고 컨디션 좋은 분리형 원룸,https://www.zigbang.com/home/apt/items/49382999
2026-06-17 08:27:27,원룸,49363482,월세,02,전라남도 광양시 광양읍 덕례리,광양시,광양읍,200,45,0,33.06,10.0,2,LF맞은편 신축급 투룸임대 엘베유,https://www.zigbang.com/home/apt/items/49363482
2026-06-17 08:27:27,원룸,49352266,월세,01,전라남도 순천시 조례동,순천시,조례동,200,30,0,23.14,7.0,4,파머스 인근 깔끔한 풀옵션 원룸.,https://www.zigbang.com/home/apt/items/49352266
2026-06-17 08:27:27,원룸,49327557,월세,01,전라남도 광양시 광양읍 덕례리,광양시,광양읍,100,30,0,21.3,6.44,3,ㅕ좋은집 소개ㅑ LF몰 인근 깔끔하고 저렴한  원룸임대,https://www.zigbang.com/home/apt/items/49327557
2026-06-17 08:27:27,원룸,49324943,월세,01,전라남도 광양시 광양읍 덕례리,광양시,광양읍,100,30,0,20.5,6.2,2,ㅕ좋은집 소개ㅑLF 몰 바로 인근 . 조용하고 저렴한 원룸,https://www.zigbang.com/home/apt/items/49324943
2026-06-17 08:27:27,원룸,49299475,월세,01,전라남도 순천시 해룡면 상삼리,순천시,해룡면,200,33,0,26.44,8.0,4,신원아르시스 인근 깨끗한 채광좋은 엘리베이터 원룸임대.,https://www.zigbang.com/home/apt/items/49299475
2026-06-17 08:27:27,원룸,49272813,전세,01,전라남도 순천시 해룡면 상삼리,순천시,해룡면,5000,0,0,23.14,7.0,2,"팔마초 부근 풀옵션 원룸 임대, 주방분리형",https://www.zigbang.com/home/apt/items/49272813
2026-06-17 08:27:27,원룸,49165049,월세,01,전라남도 순천시 조례동,순천시,조례동,200,32,0,26.45,8.0,2,드라마세트장 인근 조용하고 깔끔한 원룸 임대.,https://www.zigbang.com/home/apt/items/49165049
2026-06-17 08:27:27,원룸,49162420,월세,01,전라남도 순천시 해룡면 상삼리,순천시,해룡면,100,29,0,33.06,10.0,2,"금당 원룸 , 남향, 팔마초부근 깨끗한 원룸  임대",https://www.zigbang.com/home/apt/items/49162420
2026-06-17 08:27:28,원룸,49356548,월세,02,전라남도 광양시 광양읍 구산리,광양시,광양읍,4000,5,0,16.53,5.0,2,주택지라서 너무좋아요,https://www.zigbang.com/home/apt/items/49356548
2026-06-17 08:27:28,원룸,49254313,월세,02,전라남도 광양시 광양읍 구산리,광양시,광양읍,100,30,0,16.53,5.0,3,엘도라도 원룸입니다,https://www.zigbang.com/home/apt/items/49254313
2026-06-17 08:27:28,원룸,49254311,월세,02,전라남도 광양시 광양읍 구산리,광양시,광양읍,300,50,0,39.67,12.0,4,주택지라서 조용해서 살기가좋아요,https://www.zigbang.com/home/apt/items/49254311
2026-06-17 08:27:28,원룸,49216561,월세,02,전라남도 광양시 광양읍 구산리,광양시,광양읍,200,27,0,16.53,5.0,2,주택지라서 살기가너무좋아요,https://www.zigbang.com/home/apt/items/49216561
2026-06-17 08:27:28,원룸,49216560,월세,02,전라남도 광양시 광양읍 구산리,광양시,광양읍,200,27,0,16.53,5.0,4,은하수원룸입니다,https://www.zigbang.com/home/apt/items/49216560
2026-06-17 08:27:28,원룸,49160896,월세,02,전라남도 광양시 광양읍 구산리,광양시,광양읍,200,37,0,16.53,5.0,4,은하수원룸입니다,https://www.zigbang.com/home/apt/items/49160896
2026-06-17 08:27:28,원룸,49133967,월세,02,전라남도 광양시 광양읍 구산리,광양시,광양읍,500,32,0,16.53,5.0,2,주땍지라서 조용해서 살기좋아요,https://www.zigbang.com/home/apt/items/49133967
2026-06-17 08:27:28,원룸,49133960,월세,02,전라남도 광양시 광양읍 구산리,광양시,광양읍,200,27,0,16.53,5.0,3,무지개빌 원룸입니다,https://www.zigbang.com/home/apt/items/49133960
2026-06-17 08:27:28,원룸,48966568,월세,02,전라남도 광양시 광양읍 구산리,광양시,광양읍,200,27,0,23.14,7.0,2,무지개원룸입니다,https://www.zigbang.com/home/apt/items/48966568
2026-06-17 08:27:30,원룸,49342807,월세,02,전라남도 광양시 중동,광양시,중동,200,35,0,43.9,13.28,2,남양파크맞은편 올리모델링 남향 깔끔한 투룸 찾으신다면 추천,https://www.zigbang.com/home/apt/items/49342807
2026-06-17 08:27:30,원룸,49342488,월세,02,전라남도 광양시 중동,광양시,중동,100,25,0,33.6,10.16,2,백운고 앞 올리모델링 완료 즉시입주 풀옵션 최상의 컨디션,https://www.zigbang.com/home/apt/items/49342488
2026-06-17 08:27:30,원룸,49334235,월세,02,전라남도 광양시 중동,광양시,중동,200,35,0,27,8.17,2,2층 풀옵션 인기 투룸 깔끔한 주인관리,https://www.zigbang.com/home/apt/items/49334235
2026-06-17 08:27:30,원룸,49300193,월세,01,전라남도 광양시 중동,광양시,중동,200,25,0,24,7.26,2,컨부두 사거리 인근 깔끔하고 밝은 풀옵션 원룸,https://www.zigbang.com/home/apt/items/49300193
2026-06-17 08:27:30,원룸,49297958,월세,02,전라남도 광양시 중동,광양시,중동,100,25,0,29.75,9.0,2,단기환영. 풀옵션.즉시입주,https://www.zigbang.com/home/apt/items/49297958
2026-06-17 08:27:30,원룸,49282478,월세,01,전라남도 광양시 마동,광양시,마동,300,42,0,36.45,11.03,4,"스마트시티 2차 A 타입 귀한 매물, 빠른 입주 가능해요.",https://www.zigbang.com/home/apt/items/49282478
2026-06-17 08:27:30,원룸,49266729,월세,02,전라남도 광양시 중동,광양시,중동,200,35,0,27,8.17,4,관리비없는 깔끔 남향 투룸 즉시입주 가능 단기가능해요,https://www.zigbang.com/home/apt/items/49266729
2026-06-17 08:27:30,원룸,49180955,월세,02,전라남도 광양시 중동,광양시,중동,200,35,0,30,9.07,4,화이트톤 깔끔한 풀옵션 투룸 매물 밝은 집 추천해요,https://www.zigbang.com/home/apt/items/49180955
2026-06-17 08:27:30,원룸,49163178,월세,02,전라남도 광양시 중동,광양시,중동,200,25,0,29.75,9.0,2,컨테이너사거리. 항만 여천공단 광양제철소 출퇴근좋음,https://www.zigbang.com/home/apt/items/49163178
2026-06-17 08:27:30,원룸,49163168,월세,02,전라남도 광양시 중동,광양시,중동,100,25,0,29.75,9.0,4,단기가능. 신축처럼관리 잘된집.즉시입주,https://www.zigbang.com/home/apt/items/49163168
2026-06-17 08:27:30,원룸,49163139,월세,02,전라남도 광양시 중동,광양시,중동,200,35,0,42.98,13.0,2,"단기가능.투룸. 넓고 깨끗한집.시청,터미널인근",https://www.zigbang.com/home/apt/items/49163139
2026-06-17 08:27:30,원룸,49163120,월세,02,전라남도 광양시 중동,광양시,중동,200,25,0,29.75,9.0,3,주공2차정문앞.편의점식당 편의시설 최고좋음.공용주차장있음,https://www.zigbang.com/home/apt/items/49163120
2026-06-17 08:27:30,원룸,49144982,월세,01,전라남도 광양시 중동,광양시,중동,100,25,0,33,9.98,2,남양파크 맞은편 원룸 바로 옆 공영주차장 남향 단기가능,https://www.zigbang.com/home/apt/items/49144982
2026-06-17 08:27:30,원룸,49142359,월세,01,전라남도 광양시 중동,광양시,중동,100,25,0,33.6,10.16,2,남양파크 맞은편 풀옵션 즉시입주가능 깔끔한 원룸,https://www.zigbang.com/home/apt/items/49142359
2026-06-17 08:27:30,원룸,49064190,월세,02,전라남도 광양시 중동,광양시,중동,100,25,0,29.75,9.0,3,단기가능.주차가 아주편리함.광양제철소여천공단가까워요,https://www.zigbang.com/home/apt/items/49064190
2026-06-17 08:27:30,원룸,49363400,월세,02,전라남도 광양시 중동,광양시,중동,200,30,0,33,9.98,2,강남인근 원룸 풀옵션 즉시입주가능 깔끔한 저층,https://www.zigbang.com/home/apt/items/49363400
2026-06-17 08:27:30,원룸,49312127,월세,02,전라남도 광양시 중동,광양시,중동,200,30,0,26,7.86,3,강남병원 뒤 인기 풀옵션 침대포함 즉시입주 가능,https://www.zigbang.com/home/apt/items/49312127
2026-06-17 08:27:30,원룸,49311978,월세,02,전라남도 광양시 중동,광양시,중동,200,40,0,30,9.07,4,강남병원 뒤 인기 남향 투베이 투룸 도배 및 청소완료,https://www.zigbang.com/home/apt/items/49311978
2026-06-17 08:27:30,원룸,49300046,월세,02,전라남도 광양시 중동,광양시,중동,200,27,0,24,7.26,4,강남병원 뒤 인기 원룸 도배 및 입주청호 완료,https://www.zigbang.com/home/apt/items/49300046
2026-06-17 08:27:30,원룸,49297943,월세,02,전라남도 광양시 중동,광양시,중동,200,29,0,29.75,9.0,2,관리잘된 아주깨끗한방. 주차편리,https://www.zigbang.com/home/apt/items/49297943
2026-06-17 08:27:30,원룸,49285523,월세,02,전라남도 광양시 중동,광양시,중동,200,35,0,40,12.1,2,"강남병원 뒤 인기 가성비 투룸, 깔끔한 2층 풀옵션",https://www.zigbang.com/home/apt/items/49285523
2026-06-17 08:27:30,원룸,49285414,월세,02,전라남도 광양시 중동,광양시,중동,200,37,0,30,9.07,3,강남병원 뒤 인기 남향 풀옵션 투룸 즉시입주 가능,https://www.zigbang.com/home/apt/items/49285414
2026-06-17 08:27:30,원룸,49282298,월세,01,전라남도 광양시 마동,광양시,마동,500,45,0,14.79,4.47,8,남향 인기 로열층 풀옵션 이순신 대교 환성적인 뷰 맛집,https://www.zigbang.com/home/apt/items/49282298
2026-06-17 08:27:30,원룸,49279870,월세,01,전라남도 광양시 마동,광양시,마동,300,47,0,36.45,11.03,8,정남향 로열층 뷰 좋은 인기 8층 매물 풀옵션 인기 매물,https://www.zigbang.com/home/apt/items/49279870
2026-06-17 08:27:30,원룸,49279828,월세,01,전라남도 광양시 마동,광양시,마동,500,45,0,36.45,11.03,8,신축 오피스텔 남향 이순신 대교 뷰 로열층 매물 추천해요,https://www.zigbang.com/home/apt/items/49279828
2026-06-17 08:28:10,원룸,49393174,월세,02,경상남도 사천시 사남면 월성리,사천시,사남면,500,30,0,30,9.07,4,깔끔한 원룸. 공단카이 걸어서 출퇴근 가능.,https://www.zigbang.com/home/apt/items/49393174
2026-06-17 08:28:10,원룸,49385513,월세,02,경상남도 사천시 사남면 유천리,사천시,사남면,300,35,0,26.45,8.0,2,"도시가스,풀옵션,테라스",https://www.zigbang.com/home/apt/items/49385513
2026-06-17 08:28:10,원룸,49383358,월세,02,경상남도 사천시 정동면 예수리,사천시,정동면,100,30,0,33.06,10.0,3,"도시가스,풀옵션,큰원룸",https://www.zigbang.com/home/apt/items/49383358
2026-06-17 08:28:10,원룸,49347552,월세,02,경상남도 사천시 사남면 화전리,사천시,사남면,100,25,0,26.45,8.0,4,"풀옵션,큰방,가격저렴",https://www.zigbang.com/home/apt/items/49347552
2026-06-17 08:28:10,원룸,49321871,월세,02,경상남도 사천시 사남면 월성리,사천시,사남면,300,30,0,26,7.86,3,깔끔한 원룸. 남향. 공단 인근. 카이 걸어서 15분,https://www.zigbang.com/home/apt/items/49321871
2026-06-17 08:28:10,원룸,49197544,월세,02,경상남도 사천시 사남면 월성리,사천시,사남면,300,30,0,26.45,8.0,3,"도시가스,풀옵션",https://www.zigbang.com/home/apt/items/49197544
2026-06-17 08:28:11,원룸,49390136,월세,02,경상남도 사천시 사천읍 선인리,사천시,사천읍,2000,27,0,33,9.98,3,거실있는 1.5룸 반전세. 깨끗하고 이쁜 방,https://www.zigbang.com/home/apt/items/49390136
2026-06-17 08:28:11,원룸,49365697,월세,02,경상남도 사천시 정동면 고읍리,사천시,정동면,300,30,0,27,8.17,2,중심지 풀옵션 원룸. 생활권 아주 좋아요.,https://www.zigbang.com/home/apt/items/49365697
2026-06-17 08:28:11,원룸,49358281,월세,02,경상남도 사천시 사남면 유천리,사천시,사남면,200,27,0,33.06,10.0,2,"풀옵션,큰원룸",https://www.zigbang.com/home/apt/items/49358281
2026-06-17 08:28:11,원룸,49352863,월세,02,경상남도 사천시 사천읍 사주리,사천시,사천읍,300,30,0,29.75,9.0,2,"엘리베이터,도시가스,풀옵션",https://www.zigbang.com/home/apt/items/49352863
2026-06-17 08:28:11,원룸,49348762,월세,02,경상남도 사천시 정동면 고읍리,사천시,정동면,100,24,0,24.79,7.5,2,"도시가스,풀옵션",https://www.zigbang.com/home/apt/items/49348762
2026-06-17 08:28:11,원룸,49321858,월세,02,경상남도 사천시 사천읍 선인리,사천시,사천읍,2000,20,0,27,8.17,4,S급 원룸 반전세. 엘레베이터와 정수기커피머신까지.,https://www.zigbang.com/home/apt/items/49321858
2026-06-17 08:28:11,원룸,49314345,월세,02,경상남도 사천시 사천읍 수석리,사천시,사천읍,200,30,0,24.79,7.5,3,"신축성,도시가스,풀옵션",https://www.zigbang.com/home/apt/items/49314345
2026-06-17 08:28:11,원룸,49219178,월세,02,경상남도 사천시 사천읍 사주리,사천시,사천읍,300,30,0,33.06,10.0,3,"도시가스,풀옵션,큰원룸",https://www.zigbang.com/home/apt/items/49219178
2026-06-17 08:28:11,원룸,49195744,월세,02,경상남도 사천시 사천읍 선인리,사천시,사천읍,500,30,0,33,9.98,2,햇살좋은 1.5룸. 터미널 인근. 카이통근버스 가까워요,https://www.zigbang.com/home/apt/items/49195744
2026-06-17 08:28:11,원룸,49182634,월세,02,경상남도 사천시 사천읍 정의리,사천시,사천읍,300,30,0,28,8.47,2,단기 가능한 남향 큰방  분리형원룸,https://www.zigbang.com/home/apt/items/49182634
2026-06-17 08:28:11,원룸,49148518,월세,02,경상남도 사천시 사천읍 평화리,사천시,사천읍,300,30,0,23,6.96,3,아담한 원룸. 햇살좋은 남동향. 탑마트 걸어서 5분거리.,https://www.zigbang.com/home/apt/items/49148518
2026-06-17 08:28:11,원룸,49122146,월세,01,경상남도 사천시 정동면 고읍리,사천시,정동면,300,25,0,23.14,7.0,3,"도시가스,풀옵션,리모델링",https://www.zigbang.com/home/apt/items/49122146
2026-06-17 08:28:11,원룸,49376091,월세,02,경상남도 진주시 정촌면 예하리,진주시,정촌면,300,29,0,33,9.98,3,정촌산단 원룸 즉시입주가능,https://www.zigbang.com/home/apt/items/49376091
2026-06-17 08:28:11,원룸,49366574,월세,02,경상남도 진주시 내동면 신율리,진주시,내동면,300,41,0,45,13.61,2,"경상대 인근 넓은 투룸 필요하신분, 주차장이 넓어요",https://www.zigbang.com/home/apt/items/49366574
2026-06-17 08:28:11,원룸,49313850,월세,02,경상남도 진주시 정촌면 예하리,진주시,정촌면,300,29,0,26.43,8.0,2,㉧ㅡ서빈No.1구해줘홈즈ㅡ㉧추천BEST꿀방,https://www.zigbang.com/home/apt/items/49313850
2026-06-17 08:28:11,원룸,49205073,월세,02,경상남도 진주시 정촌면 예하리,진주시,정촌면,300,36,0,40.5,12.25,2,가성비 최고싼 원플 귀한 꿀매물,https://www.zigbang.com/home/apt/items/49205073
2026-06-17 08:28:11,원룸,49137513,월세,01,경상남도 진주시 정촌면 예하리,진주시,정촌면,300,43,0,61.71,18.67,5,㉧ㅡ서빈No.1구해줘홈즈ㅡ㉧추천BEST꿀방,https://www.zigbang.com/home/apt/items/49137513
2026-06-17 08:28:13,원룸,49355792,월세,02,경상남도 통영시 정량동,통영시,정량동,300,30,0,33.06,10.0,2,동호동 엘르베이트 있는 원룸,https://www.zigbang.com/home/apt/items/49355792
2026-06-17 08:28:13,원룸,49396334,월세,02,경상남도 통영시 광도면 노산리,통영시,광도면,200,25,0,30,9.07,2,신축같이 깨끗한 큰 원룸,https://www.zigbang.com/home/apt/items/49396334
2026-06-17 08:28:13,원룸,49328390,월세,02,경상남도 거제시 사등면 사곡리,거제시,사등면,100,25,0,29.7,8.98,4,"저렴하고 깔끔한 원룸, 엘.베 있음",https://www.zigbang.com/home/apt/items/49328390
2026-06-17 08:28:13,원룸,49289431,월세,02,경상남도 거제시 사등면 사곡리,거제시,사등면,200,30,0,39.6,11.98,2,1.5룸ㅡ거실이 넓고 쾌적한 방,https://www.zigbang.com/home/apt/items/49289431
2026-06-17 08:28:13,원룸,49204401,월세,02,경상남도 거제시 사등면 사곡리,거제시,사등면,200,30,0,39.6,11.98,4,"1.5룸ㅡ엘.베 있고, 거실 있는 방",https://www.zigbang.com/home/apt/items/49204401
2026-06-17 08:28:14,원룸,49288441,월세,02,경상남도 거제시 사등면 사곡리,거제시,사등면,100,23,0,33.06,10.0,2,사곡해수욕장부근 깔끔한 원룸입니다,https://www.zigbang.com/home/apt/items/49288441
2026-06-17 08:28:14,원룸,49152225,월세,02,경상남도 거제시 고현동,거제시,고현동,100,23,0,33,9.98,2,ㄷ시청밑 저렴한 원룸을 찾으신다면 바로여기 가성비 짱ㄱ,https://www.zigbang.com/home/apt/items/49152225
2026-06-17 08:28:14,원룸,49148789,월세,02,경상남도 거제시 고현동,거제시,고현동,200,30,0,33.06,10.0,4,ㅇ올리모델링 화이트톤 도시가스 깔끔한 방넓은 원룸ㅇ,https://www.zigbang.com/home/apt/items/49148789
2026-06-17 08:28:14,원룸,49148784,월세,02,경상남도 거제시 고현동,거제시,고현동,200,25,0,36.36,11.0,3,ㅇ여심 저격방 신축 도시가스 예쁜방 원룸ㅇ,https://www.zigbang.com/home/apt/items/49148784
2026-06-17 08:28:14,원룸,49148770,월세,02,경상남도 거제시 고현동,거제시,고현동,100,22,0,39.67,12.0,5,ㅇ현재 최저가 도시가스 초대형구조 숙소가능 원룸ㅇ,https://www.zigbang.com/home/apt/items/49148770
2026-06-17 08:28:14,원룸,49148760,월세,02,경상남도 거제시 고현동,거제시,고현동,200,25,0,36.36,11.0,2,ㅇ현재최저가 준신축 도시가스 대형구조 원룸ㅇ,https://www.zigbang.com/home/apt/items/49148760
2026-06-17 08:28:14,원룸,49145304,월세,02,경상남도 거제시 고현동,거제시,고현동,200,25,0,33.06,10.0,2,대성오하시스 부근 주방분리형 원룸,https://www.zigbang.com/home/apt/items/49145304
2026-06-17 08:28:14,원룸,49145232,월세,02,경상남도 거제시 고현동,거제시,고현동,100,25,0,38,11.49,2,서원 탑 마트  부근 주방 분리형 원룸,https://www.zigbang.com/home/apt/items/49145232
2026-06-17 08:28:14,원룸,49139480,월세,01,경상남도 거제시 장평동,거제시,장평동,100,28,0,23.14,7.0,3,m깔끔m밝고 조용한 원룸. 풀옵션,https://www.zigbang.com/home/apt/items/49139480
2026-06-17 08:28:14,원룸,49126559,월세,02,경상남도 거제시 장평동,거제시,장평동,100,28,0,26.44,8.0,4,위치굿 넓고 쾌적한 원룸,https://www.zigbang.com/home/apt/items/49126559
2026-06-17 08:28:14,원룸,48998129,월세,01,경상남도 거제시 장평동,거제시,장평동,200,30,0,26.44,8.0,3,장평원룸 삼성도보10분,https://www.zigbang.com/home/apt/items/48998129
2026-06-17 08:28:14,원룸,48981052,월세,02,경상남도 거제시 고현동,거제시,고현동,200,27,0,33,9.98,2,ㄷ시청바로밑 침대있는 아담싸이즈 냉장고도 크고 저층ㄱ,https://www.zigbang.com/home/apt/items/48981052
2026-06-17 08:28:14,원룸,48937157,월세,02,경상남도 거제시 장평동,거제시,장평동,100,30,0,33.05,10.0,2,깔끔하고 쾌적한 주방분리 원룸,https://www.zigbang.com/home/apt/items/48937157
2026-06-17 08:28:14,원룸,49338453,월세,02,경상남도 거제시 연초면 죽토리,거제시,연초면,200,30,0,46.28,14.0,2,ㅇ무조건계약할 최신축 남향 정투룸ㅇ,https://www.zigbang.com/home/apt/items/49338453
2026-06-17 08:28:14,원룸,49322485,월세,02,경상남도 거제시 수월동,거제시,수월동,100,25,0,39.67,12.0,4,춘광아파트부근. 엘베. 특미니투룸.옥상.선착순.살기좋은집,https://www.zigbang.com/home/apt/items/49322485
2026-06-17 08:28:14,원룸,49310127,월세,02,경상남도 거제시 연초면 연사리,거제시,연초면,100,20,0,36.36,11.0,3,ㅇ금액대비 최상품 신축 가성비 최고 넓은 원룸ㅇ,https://www.zigbang.com/home/apt/items/49310127
2026-06-17 08:28:14,원룸,49277402,월세,02,경상남도 거제시 연초면 죽토리,거제시,연초면,100,23,0,43,13.01,2,연초초등학교뒤쪽.특미니투룸.2층.가장싼방.살기조용한집,https://www.zigbang.com/home/apt/items/49277402
2026-06-17 08:28:14,원룸,49208901,월세,02,경상남도 거제시 연초면 오비리,거제시,연초면,200,25,0,46.28,14.0,2,ㅇ추천추천 강추천 구조좋고 금액좋은 미니투룸ㅇ,https://www.zigbang.com/home/apt/items/49208901
2026-06-17 08:28:14,원룸,49196096,월세,02,경상남도 거제시 연초면 오비리,거제시,연초면,300,35,0,39.7,12.01,2,ㅡ소오비 선착순 미투 바로연락주세요ㅡ,https://www.zigbang.com/home/apt/items/49196096
2026-06-17 08:28:14,원룸,49070366,월세,01,경상남도 거제시 고현동,거제시,고현동,100,27,0,26,7.86,1,중곡 저렴하고 깔끔한 원룸,https://www.zigbang.com/home/apt/items/49070366
2026-06-17 08:28:16,원룸,49387249,월세,01,경상남도 창원시 진해구 여좌동,창원시 진해구,여좌동,100,25,0,23.2,7.02,3,전진  북원로타리 인근  풀옵션 미니원룸 단기가능,https://www.zigbang.com/home/apt/items/49387249
2026-06-17 08:28:16,원룸,49315949,월세,02,경상남도 창원시 진해구 여좌동,창원시 진해구,여좌동,300,30,0,30,9.07,1,"동영상.진해여고 근처, 군인환영, 7월1일입주",https://www.zigbang.com/home/apt/items/49315949
2026-06-17 08:28:16,원룸,49288186,월세,01,경상남도 창원시 진해구 대흥동,창원시 진해구,대흥동,500,35,0,40,12.1,3,"전진  군부대 중원로타리 인근 방 거실 분리, 풀옵션",https://www.zigbang.com/home/apt/items/49288186
2026-06-17 08:28:24,원룸,49085916,월세,02,경상남도 거제시 능포동,거제시,능포동,100,20,0,26.4,7.99,2,옥수시장부근,https://www.zigbang.com/home/apt/items/49085916
2026-06-17 08:28:24,원룸,49074139,월세,02,경상남도 거제시 능포동,거제시,능포동,100,20,0,23.1,6.99,3,장승포 농협부근 1.5룸,https://www.zigbang.com/home/apt/items/49074139
2026-06-17 08:28:24,원룸,49071147,월세,02,경상남도 거제시 능포동,거제시,능포동,100,20,0,19.8,5.99,3,위치좋은 분리형 원룸,https://www.zigbang.com/home/apt/items/49071147
2026-06-17 08:28:26,원룸,49317640,월세,02,경상남도 창원시 진해구 안골동,창원시 진해구,안골동,200,35,0,39.67,12.0,3,"안골동 바다뷰가 보이는 신축 화이트톤 투룸매물, 즉시입주",https://www.zigbang.com/home/apt/items/49317640
2026-06-17 08:28:27,원룸,49340183,월세,01,부산시 사하구 다대동,사하구,다대동,1000,36,0,22.32,6.75,3,ꯁ 진짜큰방ㅣ사무실로도 추천ㅣ주차무조건 가능 ꯁ,https://www.zigbang.com/home/apt/items/49340183
2026-06-17 08:28:27,원룸,49311235,월세,01,부산시 사하구 다대동,사하구,다대동,500,36,0,26.45,8.0,2,ꯁ 주차 무조건가능ㅣ가성비 최고 큰 풀옵션원룸 ꯁ,https://www.zigbang.com/home/apt/items/49311235
2026-06-17 08:28:27,원룸,49359420,월세,02,부산시 강서구 범방동,강서구,범방동,300,36,0,27.11,8.2,2,"ㅣ미니베란다, 깔끔한 투룸ㅣ",https://www.zigbang.com/home/apt/items/49359420
2026-06-17 08:28:27,원룸,49331849,월세,02,부산시 강서구 범방동,강서구,범방동,500,31,0,39.67,12.0,2,투룸 전세 범방동 미음동 전세 국제산업물류도시,https://www.zigbang.com/home/apt/items/49331849
2026-06-17 08:28:27,원룸,49331781,월세,01,부산시 강서구 범방동,강서구,범방동,200,30,0,29.75,9.0,2,고급 원룸  주방분리   풀옵션,https://www.zigbang.com/home/apt/items/49331781
2026-06-17 08:28:27,원룸,49331753,월세,02,부산시 강서구 범방동,강서구,범방동,300,40,0,37,11.19,2,범방동 투룸 즉시입주 가능,https://www.zigbang.com/home/apt/items/49331753
2026-06-17 08:28:27,원룸,49331709,월세,02,부산시 강서구 범방동,강서구,범방동,200,25,0,23.14,7.0,2,부산 강서구 가성비 원룸  즉시입주  미음 생곡 지사,https://www.zigbang.com/home/apt/items/49331709
2026-06-17 08:28:27,원룸,49331688,월세,03,부산시 강서구 범방동,강서구,범방동,200,30,0,19.83,6.0,3,저렴한 복층 원룸  미음공단  생곡공단  신축,https://www.zigbang.com/home/apt/items/49331688
2026-06-17 08:28:27,원룸,49166986,월세,02,부산시 강서구 범방동,강서구,범방동,300,36,0,26.5,8.02,2,통창주방ㅣ방이 큰 투룸ㅣ,https://www.zigbang.com/home/apt/items/49166986
2026-06-17 08:28:27,원룸,49088101,전세,02,부산시 강서구 범방동,강서구,범방동,3000,0,0,23.14,7.0,3,범방동 원룸   풀옵션,https://www.zigbang.com/home/apt/items/49088101
2026-06-17 08:28:27,원룸,49251234,월세,02,부산시 강서구 명지동,강서구,명지동,500,64,0,41.23,12.47,2,에어컨2대 막힌곳 없는 햇살좋은 남향집,https://www.zigbang.com/home/apt/items/49251234
2026-06-17 08:28:27,원룸,49395792,월세,01,부산시 사하구 하단동,사하구,하단동,100,20,0,26.45,8.0,1,o동아대1분o올수리o,https://www.zigbang.com/home/apt/items/49395792
2026-06-17 08:28:27,원룸,49394839,월세,02,부산시 사하구 하단동,사하구,하단동,200,18,0,24.5,7.41,1,학교바로 앞 ㅁ 깔끔,https://www.zigbang.com/home/apt/items/49394839
2026-06-17 08:28:27,원룸,49383818,월세,01,부산시 사하구 하단동,사하구,하단동,500,30,0,23.14,7.0,4,o새단장중o이쁜방o학교앞o,https://www.zigbang.com/home/apt/items/49383818
2026-06-17 08:28:27,원룸,49383791,월세,01,부산시 사하구 하단동,사하구,하단동,200,25,0,29.75,9.0,1,o학교앞o가성비끝o,https://www.zigbang.com/home/apt/items/49383791
2026-06-17 08:28:27,원룸,49383783,월세,01,부산시 사하구 하단동,사하구,하단동,200,25,0,26.45,8.0,4,o올수리o학교앞o,https://www.zigbang.com/home/apt/items/49383783
2026-06-17 08:28:27,원룸,49383760,월세,01,부산시 사하구 하단동,사하구,하단동,300,25,0,26.45,8.0,3,o동아대10초o원룸같은원룸o,https://www.zigbang.com/home/apt/items/49383760
2026-06-17 08:28:27,원룸,49380713,월세,01,부산시 사하구 하단동,사하구,하단동,500,38,0,31.72,9.6,5,통학꿀위치 정문앞,https://www.zigbang.com/home/apt/items/49380713
2026-06-17 08:28:27,원룸,49367775,월세,02,부산시 사하구 하단동,사하구,하단동,2800,34,0,32.16,9.73,7,자취로망 실현 투룸,https://www.zigbang.com/home/apt/items/49367775
2026-06-17 08:28:27,원룸,49344263,월세,01,부산시 사하구 하단동,사하구,하단동,100,20,0,23.14,7.0,6,o깔끔o학교앞o주방분리o,https://www.zigbang.com/home/apt/items/49344263
2026-06-17 08:28:27,원룸,49314829,월세,01,부산시 사하구 하단동,사하구,하단동,3000,28,0,29.95,9.06,고,경비실 입주민헬스장 고급,https://www.zigbang.com/home/apt/items/49314829
2026-06-17 08:28:27,원룸,49311976,월세,01,부산시 사하구 하단동,사하구,하단동,500,45,0,33.37,10.09,2,린다전속 입주민헬스장O,https://www.zigbang.com/home/apt/items/49311976
2026-06-17 08:28:27,원룸,49306571,월세,01,부산시 사하구 하단동,사하구,하단동,500,38,0,28.59,8.65,6,동아대학교 앞 ㅁ 풀 옵션 ㅁ 8월입주,https://www.zigbang.com/home/apt/items/49306571
2026-06-17 08:28:27,원룸,49249487,월세,02,부산시 사하구 하단동,사하구,하단동,200,20,0,26.45,8.0,3,o동아대10초o단기가능o,https://www.zigbang.com/home/apt/items/49249487
2026-06-17 08:28:27,원룸,49203852,월세,01,부산시 사하구 하단동,사하구,하단동,100,15,0,18,5.44,3,가성비최고 조용한 방,https://www.zigbang.com/home/apt/items/49203852
2026-06-17 08:28:27,원룸,48753800,월세,01,부산시 사상구 학장동,사상구,학장동,100,16,0,16.52,5.0,1,NEW 리모델링 ㅣ 최저가ㅣ단기가능ㅣ실매물,https://www.zigbang.com/home/apt/items/48753800
2026-06-17 08:28:28,원룸,48877346,전세,01,부산시 부산진구 개금동,부산진구,개금동,4400,0,0,18.97,5.74,4,LH전세임대. 융자없는 개인명의. 안전한집. 모든조건OK,https://www.zigbang.com/home/apt/items/48877346
2026-06-17 08:28:28,원룸,48702337,월세,01,부산시 부산진구 개금동,부산진구,개금동,150,19,0,18,5.44,3,초초저렴한 가성비 그집 깔끔한 흰색벽지 여성강추 선착순1명,https://www.zigbang.com/home/apt/items/48702337
2026-06-17 08:28:28,원룸,48702336,월세,01,부산시 부산진구 개금동,부산진구,개금동,100,22,0,15.87,4.8,2,여성선호높은그집 풀리모델링 화이트톤 붙박이장 가성비최고.,https://www.zigbang.com/home/apt/items/48702336
2026-06-17 08:28:30,원룸,49284509,월세,02,부산시 영도구 동삼동,영도구,동삼동,100,22,0,23.14,7.0,1,NEW 리모델링 ㅣ방1 거실 1ㅣ보증금조절가능,https://www.zigbang.com/home/apt/items/49284509
2026-06-17 08:28:31,원룸,49374294,월세,01,부산시 남구 감만동,남구,감만동,500,35,0,68.14,20.61,10,내부 깨끗한 넓은 오피스텔,https://www.zigbang.com/home/apt/items/49374294
2026-06-17 08:28:31,원룸,49278338,월세,01,부산시 영도구 동삼동,영도구,동삼동,100,25,0,16.52,5.0,5,NEW 설날도일해요ㅣ도시가스ㅣ단기가능ㅣ보증금조절가능ㅣ,https://www.zigbang.com/home/apt/items/49278338
2026-06-17 08:28:31,원룸,49276973,월세,01,부산시 남구 용호동,남구,용호동,200,25,0,16.52,5.0,5,세입자의 입장에서 안내하겠습니다,https://www.zigbang.com/home/apt/items/49276973
2026-06-17 08:28:31,원룸,49276091,월세,01,부산시 영도구 동삼동,영도구,동삼동,300,30,0,23,6.96,2,NEW 설날에도일해요ㅣ단기가능ㅣ해양대전문ㅣ해양대앞,https://www.zigbang.com/home/apt/items/49276091
2026-06-17 08:28:31,원룸,49276090,월세,01,부산시 영도구 동삼동,영도구,동삼동,100,20,0,20,6.05,5,NEW리모델링ㅣ주차가능ㅣ단기가능 ㅣ최저가,https://www.zigbang.com/home/apt/items/49276090
2026-06-17 08:28:31,원룸,48987063,월세,01,부산시 영도구 동삼동,영도구,동삼동,100,10,0,15,4.54,3,NEW 리모델링ㅣ단기가능ㅣ보증금조절가능ㅣ최저가,https://www.zigbang.com/home/apt/items/48987063
2026-06-17 08:28:31,원룸,48930929,월세,01,부산시 영도구 동삼동,영도구,동삼동,100,18,0,16.52,5.0,5,NEW리모델링ㅣ단기가능ㅣ보증금조절가능ㅣ주차가,https://www.zigbang.com/home/apt/items/48930929
2026-06-17 08:28:31,원룸,48753804,월세,03,부산시 영도구 동삼동,영도구,동삼동,100,32,0,19.83,6.0,3,NEW 리모델링ㅣ복층원룸ㅣ단기가능ㅣ해양대앞ㅣ,https://www.zigbang.com/home/apt/items/48753804
2026-06-17 08:28:31,원룸,48595518,월세,01,부산시 영도구 동삼동,영도구,동삼동,100,20,0,19.83,6.0,3,NEW리모델링ㅣ단기가능ㅣ보증금조절가능ㅣ해양대앞,https://www.zigbang.com/home/apt/items/48595518
2026-06-17 08:28:34,원룸,49357708,월세,02,광주시 북구 삼각동,북구,삼각동,100,20,0,29.8,9.01,2,P㉧INT III가성비끝판왕 III 눈부신채광III,https://www.zigbang.com/home/apt/items/49357708
2026-06-17 08:28:34,원룸,49347520,월세,01,광주시 북구 삼각동,북구,삼각동,100,13,0,23.1,6.99,2,P㉧INTIII삼각동너무나깔끔한ll가성비최고매물ll,https://www.zigbang.com/home/apt/items/49347520
2026-06-17 08:28:34,원룸,49277103,월세,02,광주시 북구 삼각동,북구,삼각동,150,23,0,29.8,9.01,3,P㉧INTIII삼각동제일큰방ll깔끔ll가성비ll,https://www.zigbang.com/home/apt/items/49277103
2026-06-17 08:28:34,원룸,49247601,월세,02,광주시 북구 삼각동,북구,삼각동,100,19,0,29.74,9.0,2,ll P ll 채광 굿ㅣ대형원룸ㅣ깔끔ㅣ,https://www.zigbang.com/home/apt/items/49247601
2026-06-17 08:28:34,원룸,49207248,월세,02,광주시 북구 삼각동,북구,삼각동,100,20,0,29.8,9.01,2,P㉧INT Il삼각동최고II넘나깔끔한집III,https://www.zigbang.com/home/apt/items/49207248
2026-06-17 08:28:34,원룸,49357717,월세,02,광주시 북구 오치동,북구,오치동,100,14,0,29.75,9.0,3,lll P㉧INT III 리모델링 lll 합리적인가격 ll,https://www.zigbang.com/home/apt/items/49357717
2026-06-17 08:28:34,원룸,49240897,월세,02,광주시 북구 오치동,북구,오치동,100,14,0,29.75,9.0,2,ll P ll 올리모델링ㅣ깔끔ㅣ화이트톤ㅣ,https://www.zigbang.com/home/apt/items/49240897
2026-06-17 08:28:34,원룸,49191582,월세,01,광주시 북구 오치동,북구,오치동,200,21,0,22.18,6.71,4,I OST I ꔚ I 여기어때 I ꔚ,https://www.zigbang.com/home/apt/items/49191582
2026-06-17 08:28:34,원룸,49191025,월세,01,광주시 북구 오치동,북구,오치동,100,19,0,26.16,7.91,2,I OST I ꔚ I 여기어때 I ꔚ,https://www.zigbang.com/home/apt/items/49191025
2026-06-17 08:28:50,원룸,49231287,월세,01,전라북도 전주시 완산구 효자동3가,전주시 완산구,효자동3가,50,18,0,27,8.17,1,ꯁ전주대 최저가 원룸ꯁ풀옵션 최최저가ꯁ위치 최상급 원룸ꯁ,https://www.zigbang.com/home/apt/items/49231287
2026-06-17 08:28:50,원룸,49224886,월세,01,전라북도 전주시 완산구 효자동3가,전주시 완산구,효자동3가,500,35,0,33.06,10.0,3,O애완동물가능O신축O전주대바로앞O,https://www.zigbang.com/home/apt/items/49224886
2026-06-17 08:28:50,원룸,49211488,월세,01,전라북도 전주시 완산구 효자동3가,전주시 완산구,효자동3가,300,30,0,26.45,8.0,2,ㅡ전주대 반려가능 신축원룸ㅡ엘베까지 전주대 최단거리ㅡ,https://www.zigbang.com/home/apt/items/49211488
2026-06-17 08:28:50,원룸,49211444,월세,01,전라북도 전주시 완산구 효자동3가,전주시 완산구,효자동3가,500,30,0,26.45,8.0,2,"ㅡ전주대 신축 원룸 ㅡ엘베有, 인근 최고 이쁜 원룸 ㅡ",https://www.zigbang.com/home/apt/items/49211444
2026-06-17 08:28:50,원룸,49398611,월세,01,전라북도 전주시 덕진구 만성동,전주시 덕진구,만성동,300,28,0,33.06,10.0,2,ㅁㅁ만성동원룸ㅁ풀옵션매물ㅁ즉시입주가능ㅁ계약임박ㅁ인기매물ㅁㅁ,https://www.zigbang.com/home/apt/items/49398611
2026-06-17 08:28:50,원룸,49395412,월세,02,전라북도 전주시 덕진구 만성동,전주시 덕진구,만성동,300,30,0,33.06,10.0,2,㉦선점필수㉦만성동㉦1인1추가가능㉦신축㉦분리형㉦착한가격㉦,https://www.zigbang.com/home/apt/items/49395412
2026-06-17 08:28:50,원룸,49394986,월세,01,전라북도 전주시 완산구 효자동3가,전주시 완산구,효자동3가,100,20,0,27,8.17,3,ꯁ스타타워 인근 풀옵션원룸ꯁ단기 가능ꯁ최저가 넓은원룸ꯁ,https://www.zigbang.com/home/apt/items/49394986
2026-06-17 08:28:50,원룸,49391947,월세,01,전라북도 전주시 덕진구 만성동,전주시 덕진구,만성동,300,30,0,35,10.59,2,1세대 1주차 ㅡ귀한 뻥뷰 원룸 ㅡ 햇살 좋음 ㅡ,https://www.zigbang.com/home/apt/items/49391947
2026-06-17 08:28:50,원룸,49390031,월세,02,전라북도 전주시 덕진구 만성동,전주시 덕진구,만성동,300,28,0,33.06,10.0,2,ㅣ귀한매물ㅣ초깔끔 ㅣ옵션빵빵ㅣ넓은 원룸ㅣ주차공간 최고ㅣ,https://www.zigbang.com/home/apt/items/49390031
2026-06-17 08:28:50,원룸,49389438,월세,02,전라북도 전주시 덕진구 만성동,전주시 덕진구,만성동,300,28,0,33.96,10.27,2,신축v엘베v풀옵션v주방분리v넓은주차v채광좋음v깨끗v최상급v,https://www.zigbang.com/home/apt/items/49389438
2026-06-17 08:28:50,원룸,49388945,월세,01,전라북도 전주시 덕진구 만성동,전주시 덕진구,만성동,300,30,0,26.45,8.0,3,one pick 옵션좋고 관리잘된 원룸 주차최고 엘베ok,https://www.zigbang.com/home/apt/items/49388945
2026-06-17 08:28:50,원룸,49373770,월세,01,전라북도 전주시 덕진구 만성동,전주시 덕진구,만성동,300,30,0,33.36,10.09,2,만성동원룸ㅇ신축급ㅇ엘베ㅇ탁트인뷰ㅇ편한주차ㅇ깨끗ㅇ입주청소완료,https://www.zigbang.com/home/apt/items/49373770
2026-06-17 08:28:50,원룸,49367292,월세,02,전라북도 전주시 덕진구 만성동,전주시 덕진구,만성동,300,30,0,33.1,10.01,2,오늘꼭봐야할집 두현마을인기원룸 대형주차공간,https://www.zigbang.com/home/apt/items/49367292
2026-06-17 08:28:50,원룸,49339104,월세,02,전라북도 전주시 완산구 효자동3가,전주시 완산구,효자동3가,100,27,0,27,8.17,3,ꯁ단독 매물ꯁ전주대 엘베완비 신축원룸ꯁ분리형넓은원룸ꯁ,https://www.zigbang.com/home/apt/items/49339104
2026-06-17 08:28:50,원룸,49258150,월세,01,전라북도 전주시 완산구 효자동3가,전주시 완산구,효자동3가,100,10,0,27,8.17,2,"ꯁ관리비포함 20만ꯁ전주대,혁신도시ꯁ최저가 넓은원룸ꯁ",https://www.zigbang.com/home/apt/items/49258150
2026-06-17 08:28:50,원룸,49219362,월세,03,전라북도 전주시 완산구 효자동3가,전주시 완산구,효자동3가,500,30,0,42.98,13.0,3,ㅡ전주대 풀옵션 신축 원룸복층ㅡ건조기有 풀옵션ㅡ,https://www.zigbang.com/home/apt/items/49219362
2026-06-17 08:28:50,원룸,49205692,월세,03,전라북도 전주시 완산구 효자동3가,전주시 완산구,효자동3가,500,30,0,42.98,13.0,3,ㅡ전주대 신축 원룸복층ㅡ건조기 엘베까지 풀옵션ㅡ,https://www.zigbang.com/home/apt/items/49205692
2026-06-17 08:28:50,원룸,49171549,월세,02,전라북도 완주군 이서면 갈산리,완주군,이서면,300,35,0,33.06,10.0,2,전기가스수도인터넷모든게포함ㅇ채광좋음ㅇ옵션좋음ㅇ엘베ㅇ귀한매물,https://www.zigbang.com/home/apt/items/49171549
2026-06-17 08:28:50,원룸,49073950,월세,03,전라북도 전주시 완산구 효자동3가,전주시 완산구,효자동3가,300,41,0,26,7.86,3,O효자동 풀옵션 원룸복층O엘베O전주대O즉시입주O,https://www.zigbang.com/home/apt/items/49073950
2026-06-17 08:28:50,원룸,49388102,월세,02,전라북도 전주시 완산구 중화산동1가,전주시 완산구,중화산동1가,300,30,0,33.36,10.09,3,신축급v예수병원.객리단길근접5분v주방분리v풀옵션v채광좋음v,https://www.zigbang.com/home/apt/items/49388102
2026-06-17 08:28:50,원룸,49384862,월세,01,전라북도 전주시 완산구 중화산동1가,전주시 완산구,중화산동1가,300,30,0,33.06,10.0,3,ㅁㅁ예수병원1분컷ㅁ풀옵션ㅁ신축급매물ㅁ엘리베이터ㅁ인기매물ㅁㅁ,https://www.zigbang.com/home/apt/items/49384862
2026-06-17 08:28:50,원룸,49384775,월세,02,전라북도 전주시 완산구 평화동2가,전주시 완산구,평화동2가,300,35,0,33.06,10.0,2,o원룸복층o 엘베 상태깨끗 분리형원룸,https://www.zigbang.com/home/apt/items/49384775
2026-06-17 08:28:50,원룸,49348194,월세,01,전라북도 전주시 완산구 동서학동,전주시 완산구,동서학동,300,28,0,33.1,10.01,2,더좋은조건으로ㅇ전주교대ㅇ풀옵션인기원룸ㅇ승강기ㅇ넓은주차장ㅇ,https://www.zigbang.com/home/apt/items/49348194
2026-06-17 08:28:50,원룸,49293264,월세,02,전라북도 전주시 완산구 평화동2가,전주시 완산구,평화동2가,300,35,0,23.14,7.0,2,o원룸o 엘베 리모델링 상태깨끗 분리형원룸,https://www.zigbang.com/home/apt/items/49293264
2026-06-17 08:28:50,원룸,49198914,월세,02,전라북도 전주시 완산구 동서학동,전주시 완산구,동서학동,300,28,0,35.99,10.89,2,전주교대1분v신축v엘베v풀옵션v주방분리v화이트톤v깨끗v최상,https://www.zigbang.com/home/apt/items/49198914
2026-06-17 08:28:50,원룸,49151778,월세,01,전라북도 전주시 완산구 평화동1가,전주시 완산구,평화동1가,300,33,0,23.14,7.0,3,o풀옵션o 신축급 상태최상 풀옵션 엘베 원룸,https://www.zigbang.com/home/apt/items/49151778
2026-06-17 08:28:50,원룸,49137605,월세,01,전라북도 전주시 완산구 동서학동,전주시 완산구,동서학동,300,28,0,33.06,10.0,2,ㅁㅁ교대인근ㅁ신축원룸ㅁ풀옵션매물ㅁ인기매물ㅁ즉시입주가능ㅁㅁ,https://www.zigbang.com/home/apt/items/49137605
2026-06-17 08:28:50,원룸,49133709,월세,02,전라북도 전주시 완산구 중화산동1가,전주시 완산구,중화산동1가,300,31,0,39.67,12.0,2,100프로실매물 깔끔한 고품격 신축 풀옵션 주방분리 원룸,https://www.zigbang.com/home/apt/items/49133709
2026-06-17 08:28:50,원룸,49113613,월세,01,전라북도 전주시 완산구 평화동2가,전주시 완산구,평화동2가,300,25,0,23.14,7.0,3,o원룸o 상태깨끗 교통편리 원룸,https://www.zigbang.com/home/apt/items/49113613
2026-06-17 08:28:50,원룸,49102959,월세,01,전라북도 전주시 완산구 서완산동1가,전주시 완산구,서완산동1가,200,20,0,33.06,10.0,2,ㅁㅁ갓성비원룸ㅁ풀옵션원룸ㅁ교통편최고ㅁ인기매물ㅁ좋은집ㅁㅁ,https://www.zigbang.com/home/apt/items/49102959
2026-06-17 08:28:50,원룸,49085381,월세,01,전라북도 전주시 완산구 평화동1가,전주시 완산구,평화동1가,300,16,0,26,7.86,3,O평화동 풀옵션 원룸O가성비O채광좋음O즉시입주O,https://www.zigbang.com/home/apt/items/49085381
2026-06-17 08:28:54,원룸,49298558,월세,01,전라북도 남원시 왕정동,남원시,왕정동,500,37,0,39.67,12.0,4,왕정동 신축급 큰원룸 임대합니다.,https://www.zigbang.com/home/apt/items/49298558
2026-06-17 08:28:54,원룸,49232696,월세,01,전라북도 남원시 향교동,남원시,향교동,500,32,0,33.06,10.0,1,향교동 신축원룸   임대합니다,https://www.zigbang.com/home/apt/items/49232696
2026-06-17 08:29:04,원룸,49288920,월세,02,경상남도 거창군 거창읍 송정리,거창군,거창읍,1000,45,0,37.12,11.23,2,"내부시설깨끗, 풀옵션",https://www.zigbang.com/home/apt/items/49288920
2026-06-17 08:29:04,원룸,49284151,월세,01,경상남도 거창군 거창읍 송정리,거창군,거창읍,500,35,0,24,7.26,3,"내부시설깨끗,풀옵션,즉시입주가",https://www.zigbang.com/home/apt/items/49284151
2026-06-17 08:29:06,원룸,49398443,월세,02,전라북도 군산시 오식도동,군산시,오식도동,100,25,0,19.83,6.0,3,정남향 환한 3층,https://www.zigbang.com/home/apt/items/49398443
2026-06-17 08:29:06,원룸,49287493,월세,01,전라북도 군산시 오식도동,군산시,오식도동,100,25,0,21,6.35,4,위치좋은 원룸 공원 관공서 일분컷,https://www.zigbang.com/home/apt/items/49287493
2026-06-17 08:29:06,원룸,49287445,월세,01,전라북도 군산시 오식도동,군산시,오식도동,100,20,0,19,5.75,2,벽지 전체 교체,https://www.zigbang.com/home/apt/items/49287445
2026-06-17 08:29:06,원룸,49262637,월세,01,전라북도 군산시 오식도동,군산시,오식도동,100,25,0,19,5.75,4,오식도 번화가 원룸,https://www.zigbang.com/home/apt/items/49262637
2026-06-17 08:29:06,원룸,49258390,월세,01,전라북도 군산시 오식도동,군산시,오식도동,100,25,0,20,6.05,3,리모델링 완료,https://www.zigbang.com/home/apt/items/49258390
2026-06-17 08:29:06,원룸,49258358,월세,01,전라북도 군산시 오식도동,군산시,오식도동,100,25,0,22,6.65,4,컨디션 굿 1.5룸크기,https://www.zigbang.com/home/apt/items/49258358
2026-06-17 08:29:06,원룸,49182524,월세,02,전라북도 군산시 오식도동,군산시,오식도동,100,25,0,23.14,7.0,4,1.5룸  원룸가격,https://www.zigbang.com/home/apt/items/49182524
2026-06-17 08:29:06,원룸,49112778,월세,01,전라북도 군산시 오식도동,군산시,오식도동,100,20,0,20,6.05,4,뷰나와서 환기잘되는 원룸 2층 새벽지,https://www.zigbang.com/home/apt/items/49112778
2026-06-17 08:29:06,원룸,49112777,월세,01,전라북도 군산시 오식도동,군산시,오식도동,100,25,0,20,6.05,3,신축  깨끗한 원룸,https://www.zigbang.com/home/apt/items/49112777
2026-06-17 08:29:06,원룸,49112776,월세,01,전라북도 군산시 오식도동,군산시,오식도동,100,25,0,20,6.05,3,위치좋고 깨끗한,https://www.zigbang.com/home/apt/items/49112776
2026-06-17 08:29:06,원룸,49367751,월세,01,전라북도 군산시 미룡동,군산시,미룡동,20,32,0,17,5.14,1,군산대 정문에서 6분거리 위치.1층임.,https://www.zigbang.com/home/apt/items/49367751
2026-06-17 08:29:06,원룸,49348096,월세,01,전라북도 군산시 미룡동,군산시,미룡동,500,36,0,33.06,10.0,2,•　오피스텔　•　신축　•　엘리베이터　•,https://www.zigbang.com/home/apt/items/49348096
2026-06-17 08:29:06,원룸,49150627,월세,02,전라북도 군산시 미룡동,군산시,미룡동,100,28,0,17,5.14,2,군산대 정문에서 7분 거리 위치.,https://www.zigbang.com/home/apt/items/49150627
2026-06-17 08:29:06,원룸,49126393,월세,02,전라북도 군산시 미룡동,군산시,미룡동,100,34,0,17,5.14,2,군산대 정문에서 7분 거리위치.주변환경 조용하고 쾌적함.,https://www.zigbang.com/home/apt/items/49126393
2026-06-17 08:29:11,원룸,49383525,월세,01,전라북도 전주시 덕진구 여의동2가,전주시 덕진구,여의동2가,300,28,0,27,8.17,2,one pick 여의동 귀한 월세 깔끔 쾌적 풀옵션,https://www.zigbang.com/home/apt/items/49383525
2026-06-17 08:29:11,원룸,49360047,월세,02,전라북도 전주시 덕진구 여의동2가,전주시 덕진구,여의동2가,300,28,0,33.06,10.0,2,ㅁ가성비최고ㅁBEST원룸ㅁ안심주택ㅁ귀한매물,https://www.zigbang.com/home/apt/items/49360047
2026-06-17 08:29:11,원룸,49329880,월세,01,전라북도 전주시 덕진구 여의동2가,전주시 덕진구,여의동2가,300,28,0,33.06,10.0,2,ㅁㅁ여의동원룸ㅁ깔끌함인테리어ㅁ즉시입주가능ㅁ인기매물ㅁㅁ,https://www.zigbang.com/home/apt/items/49329880
2026-06-17 08:29:11,원룸,49328250,월세,02,전라북도 전주시 덕진구 여의동2가,전주시 덕진구,여의동2가,300,28,0,33.06,10.0,2,Pro신축급ㅇ크고넓은방ㅇ옵션좋음ㅇ채광좋음ㅇ깨끗깔끔ㅇ따스한방,https://www.zigbang.com/home/apt/items/49328250
2026-06-17 08:29:11,원룸,49267136,월세,02,전라북도 전주시 덕진구 여의동2가,전주시 덕진구,여의동2가,300,30,0,35.99,10.89,3,대형구조1.5룸v신축v베란다v남향v깨끗v귀한매물v위치좋음v,https://www.zigbang.com/home/apt/items/49267136
2026-06-17 08:29:11,원룸,49330680,월세,01,전라북도 익산시 마동,익산시,마동,200,30,0,33,9.98,3,마동 원룸 월세,https://www.zigbang.com/home/apt/items/49330680
2026-06-17 08:29:11,원룸,49309122,월세,02,전라북도 익산시 신흥동,익산시,신흥동,300,35,0,40,12.1,2,"AA 신흥동 공단근처 투룸,주차편리",https://www.zigbang.com/home/apt/items/49309122
2026-06-17 08:29:11,원룸,49309068,월세,02,전라북도 익산시 신흥동,익산시,신흥동,200,25,0,33.05,10.0,2,AA 신흥동 공단근처 분리형원룸,https://www.zigbang.com/home/apt/items/49309068
2026-06-17 08:29:11,원룸,49275444,월세,02,전라북도 익산시 주현동,익산시,주현동,200,25,0,33.06,10.0,3,"Oo마동 분리형원룸o풀옵션,채광굿굿oO",https://www.zigbang.com/home/apt/items/49275444
2026-06-17 08:29:11,원룸,49247741,월세,01,전라북도 익산시 영등동,익산시,영등동,200,25,0,33,9.98,2,영등동 깔끔한원룸 월세,https://www.zigbang.com/home/apt/items/49247741
2026-06-17 08:29:11,원룸,49233125,전세,02,전라북도 익산시 마동,익산시,마동,7800,0,0,46,13.91,2,특A전세2룸 엘베 신축 깨끗조용 풀옵션 생활편리 전북대4분,https://www.zigbang.com/home/apt/items/49233125
2026-06-17 08:29:11,원룸,49197155,월세,02,전라북도 익산시 영등동,익산시,영등동,200,27,0,33.06,10.0,2,Oo영등동 깨끗한분리형원룸oO 풀옵션oO,https://www.zigbang.com/home/apt/items/49197155
2026-06-17 08:29:11,원룸,49124207,월세,02,전라북도 익산시 남중동,익산시,남중동,200,25,0,33.06,10.0,2,S2남중동 원룸S2 주차굿S2,https://www.zigbang.com/home/apt/items/49124207
2026-06-17 08:29:11,원룸,49372080,월세,02,전라북도 완주군 삼례읍 삼례리,완주군,삼례읍,2000,16,0,33.06,10.0,2,米BEST원룸 米안심주택 米주차좋음 米준신축급米엘베,https://www.zigbang.com/home/apt/items/49372080
2026-06-17 08:29:11,원룸,49372008,월세,01,전라북도 완주군 삼례읍 후정리,완주군,삼례읍,200,25,0,33.06,10.0,2,ㅁ우석대인근ㅁ풀옵션ㅁ인기최고ㅁBEST원룸ㅁ안심주택,https://www.zigbang.com/home/apt/items/49372008
2026-06-17 08:29:11,원룸,49359111,월세,01,전라북도 완주군 삼례읍 삼례리,완주군,삼례읍,200,20,0,23.2,7.02,1,ㅁ최저가 ㅁ깔끔함 ㅁ풀옵션 ㅁ안심주택 ㅁ가성비최고ㅁ단기가능,https://www.zigbang.com/home/apt/items/49359111
2026-06-17 08:29:11,원룸,49068623,월세,01,전라북도 익산시 영등동,익산시,영등동,200,25,0,33.06,10.0,3,Oo영등동 리모델링원룸oo 승강기oO,https://www.zigbang.com/home/apt/items/49068623
2026-06-17 08:29:11,원룸,48983987,월세,02,전라북도 익산시 영등동,익산시,영등동,200,30,0,33.06,10.0,3,관리 잘 되고 있는 가성비 좋은 영등동 원룸 추천 합니다,https://www.zigbang.com/home/apt/items/48983987
2026-06-17 08:29:11,원룸,48951689,월세,02,전라북도 익산시 영등동,익산시,영등동,100,25,0,33.06,10.0,2,특A츄천 리모델링 깨끗조용포근깔끔 착한가격 풀옵션 생활편리,https://www.zigbang.com/home/apt/items/48951689
2026-06-17 08:29:11,원룸,48881225,월세,01,전라북도 익산시 영등동,익산시,영등동,300,32,0,33.06,10.0,3,"Oo영등 깨끗한원룸oO넓은원룸,채광굿,주차굿oO",https://www.zigbang.com/home/apt/items/48881225
2026-06-17 08:29:11,원룸,48852161,월세,02,전라북도 익산시 영등동,익산시,영등동,200,30,0,33.06,10.0,2,즉시 입주. 풀옵션. 공원 및 마트 생활권,https://www.zigbang.com/home/apt/items/48852161
2026-06-17 08:29:11,원룸,48850913,월세,02,전라북도 익산시 신동,익산시,신동,200,27,0,33.06,10.0,2,"Oo신동 넓은원룸oO분리형,조용oO",https://www.zigbang.com/home/apt/items/48850913
2026-06-17 08:29:11,원룸,48818559,월세,01,전라북도 익산시 영등동,익산시,영등동,200,23,0,33.06,10.0,4,"AA 영등동,넓은방,남향,",https://www.zigbang.com/home/apt/items/48818559
2026-06-17 08:29:11,원룸,48674549,월세,02,전라북도 익산시 신동,익산시,신동,200,30,0,33.06,10.0,4,"Oo신동 원룸oO분리형,최고층,개인테라스oO",https://www.zigbang.com/home/apt/items/48674549
2026-06-17 08:29:11,원룸,49071992,월세,02,전라북도 익산시 모현동1가,익산시,모현동1가,200,31,0,33.06,10.0,3,ㅁ 모현동 신축 원룸 ㅁ 엘리베이터 있음ㅁ모현주민센터 인근,https://www.zigbang.com/home/apt/items/49071992
2026-06-17 08:29:11,원룸,49070982,월세,02,전라북도 익산시 모현동1가,익산시,모현동1가,300,30,0,33.06,10.0,2,ㅁ월세인하ㅁ모현동 신축 원룸ㅁ고현초 인근,https://www.zigbang.com/home/apt/items/49070982
2026-06-17 08:29:11,원룸,49064038,월세,01,전라북도 익산시 모현동1가,익산시,모현동1가,300,41,0,33.06,10.0,3,Oo모현동 신축오피스텔형원룸oO승강기oO,https://www.zigbang.com/home/apt/items/49064038
2026-06-17 08:29:11,원룸,49052456,월세,01,전라북도 익산시 모현동1가,익산시,모현동1가,300,30,0,33.3,10.07,2,편의점 1초v동사무소 2초v큰길가로 안심원룸v인프라너무좋죠,https://www.zigbang.com/home/apt/items/49052456
2026-06-17 08:29:11,원룸,49003722,월세,01,전라북도 익산시 모현동1가,익산시,모현동1가,300,45,0,33.06,10.0,3,ㅁ 모현동 신축 원룸 ㅁ승강기 ㅁ스타벅스 인근 ㅁ,https://www.zigbang.com/home/apt/items/49003722
2026-06-17 08:29:11,원룸,48968537,월세,01,전라북도 익산시 신동,익산시,신동,20,390,0,33.06,10.0,4,"Oo신동 주차좋은 넓은원룸oO승강기,채광굿oO",https://www.zigbang.com/home/apt/items/48968537
2026-06-17 08:29:11,원룸,48867140,월세,02,전라북도 익산시 신동,익산시,신동,200,30,0,33.06,10.0,2,"oO신동원룸Oo 풀옵션,채광굿oO",https://www.zigbang.com/home/apt/items/48867140
2026-06-17 08:29:11,원룸,48845368,월세,02,전라북도 익산시 신동,익산시,신동,200,30,0,33.06,10.0,3,"AA 신동원룸 큰방,학교 도보5분",https://www.zigbang.com/home/apt/items/48845368
2026-06-17 08:29:11,원룸,48699176,월세,03,전라북도 익산시 모현동1가,익산시,모현동1가,300,29,0,49.58,15.0,4,ㅁ모현동 복층형 원룸 넓은방 엘리베이터설치ㅁ,https://www.zigbang.com/home/apt/items/48699176
2026-06-17 08:29:12,원룸,49367735,월세,02,전라북도 전주시 덕진구 송천동1가,전주시 덕진구,송천동1가,300,28,0,26.45,8.0,2,ㅣ신축급ㅣ큰 롯데마트 인근ㅣ옵션빵빵ㅣ엘베까지ㅣ주방분리 원룸,https://www.zigbang.com/home/apt/items/49367735
2026-06-17 08:29:12,원룸,49362468,월세,02,전라북도 전주시 덕진구 송천동1가,전주시 덕진구,송천동1가,300,30,0,33.06,10.0,2,ㅁ추·천ㅁ인·기ㅁ풀옵션ㅁ럭셔리ㅁ주방분리ㅁ엘베ㅁ,https://www.zigbang.com/home/apt/items/49362468
2026-06-17 08:29:12,원룸,49350247,월세,02,전라북도 전주시 덕진구 송천동1가,전주시 덕진구,송천동1가,300,30,0,29.75,9.0,3,ꗟꗟ 원 룸 ꗟꗟ 풀옵션 ꯁ 엘베 ꯁ 교통 편리 ꯁ,https://www.zigbang.com/home/apt/items/49350247
2026-06-17 08:29:12,원룸,49348833,월세,02,전라북도 전주시 덕진구 송천동1가,전주시 덕진구,송천동1가,300,30,0,35,10.59,3,ꕥ신축이쁜원룸ꕥㆀ침대까지풀옵션ㆀꕥ十엘베十송천초w,https://www.zigbang.com/home/apt/items/49348833
2026-06-17 08:29:12,원룸,49338552,월세,01,전라북도 전주시 덕진구 송천동2가,전주시 덕진구,송천동2가,300,25,0,35,10.59,1,ꕥ대형평수원룸ꕥㆀ에코시티근처ㆀꕥ대로변十정류장1분十w,https://www.zigbang.com/home/apt/items/49338552
2026-06-17 08:29:12,원룸,49336801,월세,01,전라북도 전주시 덕진구 송천동2가,전주시 덕진구,송천동2가,500,37,0,42.97,13.0,2,ㅁㅁ신축급매물ㅁ풀옵션ㅁ오피스텔ㅁ위치최고ㅁ인기매물ㅁㅁ,https://www.zigbang.com/home/apt/items/49336801
2026-06-17 08:29:12,원룸,49308623,월세,02,전라북도 전주시 덕진구 송천동1가,전주시 덕진구,송천동1가,200,30,0,33.06,10.0,3,ㅿ송북초인근ㅿ넓은원룸ㅿ깔끔원룸ㅿ풀옵션ㅿ생활권최고ㅿ가성비최고,https://www.zigbang.com/home/apt/items/49308623
2026-06-17 08:29:12,원룸,49295571,월세,02,전라북도 전주시 덕진구 송천동2가,전주시 덕진구,송천동2가,300,25,0,35,10.59,2,ꕥ에코시티부근원룸ꕥㆀ안전한원룸ㆀꕥ먹자골목十화이트톤十추천w,https://www.zigbang.com/home/apt/items/49295571
2026-06-17 08:29:12,원룸,49295546,월세,02,전라북도 전주시 덕진구 송천동2가,전주시 덕진구,송천동2가,200,22,0,35,10.59,2,ꕥ저렴한넓은방ꕥㆀ에코시티ㆀꕥ옵션완비十마감임박十탑티어w,https://www.zigbang.com/home/apt/items/49295546
2026-06-17 08:29:12,원룸,49295534,월세,02,전라북도 전주시 덕진구 송천동1가,전주시 덕진구,송천동1가,200,30,0,35,10.59,3,ꕥ완벽한원룸ꕥㆀ초대형원룸ㆀꕥ송천동十풀옵션입주가능十w,https://www.zigbang.com/home/apt/items/49295534
2026-06-17 08:29:12,원룸,49250413,월세,01,전라북도 전주시 덕진구 송천동2가,전주시 덕진구,송천동2가,300,25,0,35,10.59,2,ꕥ신축급이쁜원룸ꕥㆀ구조좋은넓은방ㆀꕥ에코시티十먹자골목十w,https://www.zigbang.com/home/apt/items/49250413
2026-06-17 08:29:12,원룸,49180712,월세,01,전라북도 전주시 덕진구 송천동2가,전주시 덕진구,송천동2가,300,25,0,33.06,10.0,4,ㅁㅁ초대형원룸ㅁ다이소인근ㅁ착한가격ㅁ깔끔한집ㅁ인기매물ㅁㅁ,https://www.zigbang.com/home/apt/items/49180712
2026-06-17 08:29:14,원룸,49397708,월세,02,충청남도 논산시 취암동,논산시,취암동,1500,45,0,42.98,13.0,2,신축1.5룸. 사진보다 좋음...,https://www.zigbang.com/home/apt/items/49397708
2026-06-17 08:29:14,원룸,49378839,월세,01,충청남도 논산시 취암동,논산시,취암동,300,40,0,27,8.17,4,신축 원룸 입니다,https://www.zigbang.com/home/apt/items/49378839
2026-06-17 08:29:14,원룸,49339453,월세,02,충청남도 논산시 취암동,논산시,취암동,2000,45,0,42.98,13.0,4,신축1.5룸...보증금 조절가능...,https://www.zigbang.com/home/apt/items/49339453
2026-06-17 08:29:14,원룸,49310973,월세,01,충청남도 논산시 취암동,논산시,취암동,500,40,0,28,8.47,4,신축 원룸입니다,https://www.zigbang.com/home/apt/items/49310973
2026-06-17 08:29:14,원룸,49301544,월세,02,충청남도 논산시 취암동,논산시,취암동,300,35,0,35,10.59,3,부영후문 인근위치 1.5룸월세,https://www.zigbang.com/home/apt/items/49301544
2026-06-17 08:29:15,원룸,49059709,전세,02,충청남도 논산시 연무읍 안심리,논산시,연무읍,4000,0,0,35,10.59,2,예쁜반투룸입니다..,https://www.zigbang.com/home/apt/items/49059709
2026-06-17 08:29:16,원룸,49344987,월세,02,충청남도 보령시 명천동,보령시,명천동,2000,57,0,32.53,9.84,2,명천택지 모던한 1.5룸 월세입니다,https://www.zigbang.com/home/apt/items/49344987
2026-06-17 08:29:17,원룸,49355144,월세,02,충청남도 보령시 동대동,보령시,동대동,500,40,0,18.77,5.68,5,동대동구신설동 2016년생 깔끔하고 조용한 신축급원룸월세,https://www.zigbang.com/home/apt/items/49355144
2026-06-17 08:29:17,원룸,49303387,전세,02,충청남도 보령시 동대동,보령시,동대동,5000,0,0,39,11.8,4,"동대동 중심위치,잘관리된 건물,즉시입주",https://www.zigbang.com/home/apt/items/49303387
2026-06-17 08:29:17,원룸,49302902,전세,02,충청남도 보령시 동대동,보령시,동대동,5000,0,0,30,9.07,2,"인테리어가 예쁜 분리형 원룸,반전세가능",https://www.zigbang.com/home/apt/items/49302902
2026-06-17 08:29:17,원룸,49278014,월세,02,충청남도 보령시 동대동,보령시,동대동,2000,25,0,23.14,7.0,4,2016년생 인프라좋은 동대동 깔끔한 원룸 즉시입주,https://www.zigbang.com/home/apt/items/49278014
2026-06-17 08:29:17,원룸,49211826,월세,01,충청남도 보령시 동대동,보령시,동대동,200,30,0,13,3.93,1,동대성당부근 미니원룸,https://www.zigbang.com/home/apt/items/49211826
2026-06-17 08:29:17,원룸,49159519,월세,02,충청남도 보령시 동대동,보령시,동대동,500,40,0,28,8.47,3,"동대동,생활권편리,방2",https://www.zigbang.com/home/apt/items/49159519
2026-06-17 08:29:17,원룸,49134681,월세,01,충청남도 보령시 동대동,보령시,동대동,200,28,0,23.14,7.0,2,동대동 가성비 좋은 원룸,https://www.zigbang.com/home/apt/items/49134681
2026-06-17 08:29:17,원룸,49056904,전세,02,충청남도 보령시 동대동,보령시,동대동,4500,0,0,23.14,7.0,3,동대동 휴먼시아 근처 2016년생 깔끔한 원룸 전세,https://www.zigbang.com/home/apt/items/49056904
2026-06-17 08:29:17,원룸,49018677,전세,01,충청남도 보령시 동대동,보령시,동대동,5000,0,0,18.77,5.68,5,동대동  대천천변 조용하고 깔끔한 도시형생활주택 개별등기,https://www.zigbang.com/home/apt/items/49018677
2026-06-17 08:29:18,원룸,49056882,월세,01,충청남도 보령시 주교면 주교리,보령시,주교면,200,45,0,23.14,7.0,1,"관창공단, 아주대 근처 주교삼거리에 2017년생 깔끔한원룸",https://www.zigbang.com/home/apt/items/49056882
2026-06-17 08:29:24,원룸,49355183,월세,02,세종시 세종 해밀동,,해밀동,1000,80,0,52.99,16.03,4,"펜트라움1.5룸 월세,신축",https://www.zigbang.com/home/apt/items/49355183
2026-06-17 08:29:24,원룸,49397541,월세,01,세종시 장군면 봉안리,,장군면,200,30,0,21.49,6.5,4,"정류장가깝고 안전한 원룸,청사7분,고운동 5분 원룸",https://www.zigbang.com/home/apt/items/49397541
2026-06-17 08:29:24,원룸,49397517,월세,01,세종시 장군면 대교리,,장군면,100,27,0,18.18,5.5,2,세종 최저 저렴이 원룸 빌트인장 수납공간 多싸게 딱 좋아,https://www.zigbang.com/home/apt/items/49397517
2026-06-17 08:29:24,원룸,49397505,월세,01,세종시 장군면 은용리,,장군면,100,27,0,21.49,6.5,1,"풀옵션원룸,고운동 새롬동 10분 거리, 깨끗한 원룸",https://www.zigbang.com/home/apt/items/49397505
2026-06-17 08:29:24,원룸,49390045,월세,02,세종시 장군면 봉안리,,장군면,200,32,0,29.75,9.0,4,"정류장앞, 넓고 큰방,  즉시입주 가능,초대형 분리형 원룸",https://www.zigbang.com/home/apt/items/49390045
2026-06-17 08:29:24,원룸,49390015,월세,01,세종시 장군면 봉안리,,장군면,100,27,0,18.18,5.5,1,"버스정류장앞,세종시 최고 저렴한 원룸 세종청사10분거리",https://www.zigbang.com/home/apt/items/49390015
2026-06-17 08:29:24,원룸,49389929,월세,01,세종시 장군면 봉안리,,장군면,100,27,0,19.83,6.0,2,버스정류장 앞 고운동 다정동 가까운 빌트인장 깔끔한 원룸,https://www.zigbang.com/home/apt/items/49389929
2026-06-17 08:29:24,원룸,49298238,월세,01,세종시 장군면 봉안리,,장군면,200,30,0,22,6.65,4,"남양유업부근, 버스정류장앞 도로변 남향 원룸 월세",https://www.zigbang.com/home/apt/items/49298238
2026-06-17 08:29:24,원룸,49089295,월세,01,세종시 장군면 봉안리,,장군면,100,27,0,22,6.65,3,세종시 장군면  풀옵션 원룸 월세,https://www.zigbang.com/home/apt/items/49089295
2026-06-17 08:29:32,원룸,49301617,월세,02,대전시 유성구 계산동,유성구,계산동,500,50,0,36.36,11.0,2,"SS 신축급 1.5룸 거실1,침실1,베란다 EV SS",https://www.zigbang.com/home/apt/items/49301617
2026-06-17 08:29:32,원룸,49163750,월세,01,대전시 유성구 계산동,유성구,계산동,400,40,0,30,9.07,3,S 수납공간 좋은 S 넓은 오픈형 풀옵션 GOOD,https://www.zigbang.com/home/apt/items/49163750
2026-06-17 08:29:33,원룸,49389085,월세,02,대전시 동구 낭월동,동구,낭월동,300,43,0,29.75,9.0,2,ㅡㅡ 1.5룸 ㅡㅡ 직장인선호위치 남대전IC 인기매물,https://www.zigbang.com/home/apt/items/49389085
2026-06-17 08:29:33,원룸,49381978,월세,02,대전시 동구 낭월동,동구,낭월동,300,43,0,36.36,11.0,3,구조 좋고 방이 예쁜 1.5룸입니다.,https://www.zigbang.com/home/apt/items/49381978
2026-06-17 08:29:33,원룸,49368000,월세,02,대전시 동구 낭월동,동구,낭월동,500,45,0,33.21,10.05,2,ꔫ웰ꔫㅣ낭월동희귀매물ㅣ가성비굳ㅣ채광굳ㅣ베란다okㅣ쾌적1.5,https://www.zigbang.com/home/apt/items/49368000
2026-06-17 08:29:33,원룸,49336714,월세,02,대전시 동구 낭월동,동구,낭월동,500,42,0,27.5,8.32,2,ꔫ웰ꔫㅣ신축급ㅣ깨끗한ㅣ고급인테리어ㅣ즉시입주ㅣ풀옵션ㅣ,https://www.zigbang.com/home/apt/items/49336714
2026-06-17 08:29:33,원룸,49300600,월세,02,대전시 동구 낭월동,동구,낭월동,500,40,0,29,8.77,2,ㅡㅡ 1.5룸 ㅡㅡ 도배중 깔끔관리 인기매물 밝은집,https://www.zigbang.com/home/apt/items/49300600
2026-06-17 08:29:33,원룸,49295163,월세,01,대전시 동구 대성동,동구,대성동,200,40,0,25,7.56,5,ㅡㅡ 엘베 ㅡㅡ 컨디션최고 밝은원룸 중문 인기위치,https://www.zigbang.com/home/apt/items/49295163
2026-06-17 08:29:33,원룸,49182523,월세,02,대전시 동구 낭월동,동구,낭월동,300,33,0,23.97,7.25,1,"ll 주방 분리형 원룸, 풀옵션 ll 주변매물 모두 확보",https://www.zigbang.com/home/apt/items/49182523
2026-06-17 08:29:33,원룸,49124256,월세,02,대전시 동구 낭월동,동구,낭월동,500,45,0,33.5,10.13,2,"1.5룸  풀옵션방, 도배, 청소 완료OK,",https://www.zigbang.com/home/apt/items/49124256
2026-06-17 08:29:33,원룸,49106341,월세,02,대전시 중구 옥계동,중구,옥계동,300,30,0,23.97,7.25,3,"주방 분리형 원룸, 넓은 원룸, 방보러 오세요,",https://www.zigbang.com/home/apt/items/49106341
2026-06-17 08:29:47,원룸,49393044,월세,02,경상남도 진주시 평거동,진주시,평거동,500,26,0,26.43,8.0,3,㉧ㅡ서빈No.1구해줘홈즈ㅡ㉧추천BEST꿀방,https://www.zigbang.com/home/apt/items/49393044
2026-06-17 08:29:47,원룸,49393039,월세,02,경상남도 진주시 평거동,진주시,평거동,300,26,0,26.43,8.0,1,㉧ㅡ서빈No.1구해줘홈즈ㅡ㉧추천BEST꿀방,https://www.zigbang.com/home/apt/items/49393039
2026-06-17 08:29:47,원룸,49389642,월세,01,경상남도 진주시 평거동,진주시,평거동,300,35,0,35,10.59,3,㉧ㅡ서빈No.1구해줘홈즈ㅡ㉧추천BEST꿀방,https://www.zigbang.com/home/apt/items/49389642
2026-06-17 08:29:47,원룸,49360953,월세,02,경상남도 진주시 평거동,진주시,평거동,500,36,0,50,15.12,2,㉧ㅡ서빈No.1구해줘홈즈ㅡ㉧추천BEST꿀방,https://www.zigbang.com/home/apt/items/49360953
2026-06-17 08:29:47,원룸,49332550,월세,02,경상남도 진주시 평거동,진주시,평거동,200,21,0,26.43,8.0,1,㉧ㅡ서빈No.1구해줘홈즈ㅡ㉧추천BEST꿀방,https://www.zigbang.com/home/apt/items/49332550
2026-06-17 08:29:47,원룸,49288917,월세,02,경상남도 진주시 평거동,진주시,평거동,4000,55,0,50.85,15.38,2,"선명여고, 진양호 인근 신축 풀옵션 원플 꿀매물",https://www.zigbang.com/home/apt/items/49288917
2026-06-17 08:29:47,원룸,49279377,월세,02,경상남도 진주시 평거동,진주시,평거동,200,21,0,26.43,8.0,2,㉧ㅡ서빈No.1구해줘홈즈ㅡ㉧추천BEST꿀방,https://www.zigbang.com/home/apt/items/49279377
2026-06-17 08:29:47,원룸,49279358,월세,02,경상남도 진주시 평거동,진주시,평거동,300,31,0,26.43,8.0,2,㉧ㅡ서빈No.1구해줘홈즈ㅡ㉧추천BEST꿀방,https://www.zigbang.com/home/apt/items/49279358
2026-06-17 08:29:47,원룸,49279356,월세,02,경상남도 진주시 평거동,진주시,평거동,200,26,0,26.43,8.0,2,㉧ㅡ서빈No.1구해줘홈즈ㅡ㉧추천BEST꿀방,https://www.zigbang.com/home/apt/items/49279356
2026-06-17 08:29:47,원룸,49279351,월세,01,경상남도 진주시 평거동,진주시,평거동,200,24,0,23.13,7.0,4,㉧ㅡ서빈No.1구해줘홈즈ㅡ㉧추천BEST꿀방,https://www.zigbang.com/home/apt/items/49279351
2026-06-17 08:29:47,원룸,49195773,월세,02,경상남도 진주시 평거동,진주시,평거동,300,26,0,26.43,8.0,3,㉧ㅡ서빈No.1구해줘홈즈ㅡ㉧추천BEST꿀방,https://www.zigbang.com/home/apt/items/49195773
2026-06-17 08:29:47,원룸,49292021,월세,02,경상남도 진주시 상봉동,진주시,상봉동,500,26,0,36.36,11.0,3,㉧희망부동산㉧진주 보건대 옆㉧넓은 분리형 원플㉧좋은 가격㉧,https://www.zigbang.com/home/apt/items/49292021
2026-06-17 08:29:47,원룸,49273127,월세,02,경상남도 진주시 봉래동,진주시,봉래동,100,21,0,26.43,8.0,2,㉧ㅡ서빈No.1구해줘홈즈ㅡ㉧추천BEST꿀방,https://www.zigbang.com/home/apt/items/49273127
2026-06-17 08:29:47,원룸,49209243,월세,02,경상남도 진주시 봉래동,진주시,봉래동,300,21,0,26.5,8.02,2,ㅇㅡ베스트 추 천ㅡ ㅇ 반려동물가능 리모델링되어있는 꿀방,https://www.zigbang.com/home/apt/items/49209243
2026-06-17 08:29:47,원룸,49192352,월세,02,경상남도 진주시 상봉동,진주시,상봉동,200,15,0,26.45,8.0,2,ㅁㅡ Check In ㅡㅁ추 천 원룸,https://www.zigbang.com/home/apt/items/49192352
2026-06-17 08:29:47,원룸,49393050,월세,02,경상남도 진주시 초전동,진주시,초전동,500,41,0,39.66,12.0,2,㉧ㅡ서빈No.1구해줘홈즈ㅡ㉧추천BEST꿀방,https://www.zigbang.com/home/apt/items/49393050
2026-06-17 08:29:47,원룸,49332481,월세,01,경상남도 진주시 초전동,진주시,초전동,500,31,0,23.13,7.0,4,㉧ㅡ서빈No.1구해줘홈즈ㅡ㉧추천BEST꿀방,https://www.zigbang.com/home/apt/items/49332481
2026-06-17 08:29:47,원룸,49332436,월세,02,경상남도 진주시 금산면 중천리,진주시,금산면,500,36,0,39.66,12.0,2,㉧ㅡ서빈No.1구해줘홈즈ㅡ㉧추천BEST꿀방,https://www.zigbang.com/home/apt/items/49332436
2026-06-17 08:29:47,원룸,49313836,월세,02,경상남도 진주시 초전동,진주시,초전동,500,36,0,39.66,12.0,3,㉧ㅡ서빈No.1구해줘홈즈ㅡ㉧추천BEST꿀방,https://www.zigbang.com/home/apt/items/49313836
2026-06-17 08:29:47,원룸,49313833,월세,02,경상남도 진주시 초전동,진주시,초전동,500,41,0,39.66,12.0,2,㉧ㅡ서빈No.1구해줘홈즈ㅡ㉧추천BEST꿀방,https://www.zigbang.com/home/apt/items/49313833
2026-06-17 08:29:47,원룸,49254243,월세,02,경상남도 진주시 초전동,진주시,초전동,200,30,0,40,12.1,2,화이트톤 이쁜원플원 선착순1명,https://www.zigbang.com/home/apt/items/49254243
2026-06-17 08:29:47,원룸,49190445,월세,02,경상남도 진주시 초전동,진주시,초전동,1000,46,0,38.22,11.56,2,5. 초전동 깔끔한 거실있는 원플,https://www.zigbang.com/home/apt/items/49190445
2026-06-17 08:29:47,원룸,49179180,월세,02,경상남도 진주시 초전동,진주시,초전동,500,45,0,34,10.28,2,몸만 들어오시면 되는 원플원 위치 좋고 관리 상태 굿,https://www.zigbang.com/home/apt/items/49179180
2026-06-17 08:29:47,원룸,49095998,월세,01,경상남도 진주시 초전동,진주시,초전동,500,40,0,32,9.68,2,엘벳있고  리모델링으로  깔끔한 위치 전월세 조율 가능,https://www.zigbang.com/home/apt/items/49095998
2026-06-17 08:29:47,원룸,49095976,월세,01,경상남도 진주시 초전동,진주시,초전동,300,28,0,32,9.68,2,초전동에서 제일 합리적인 월세 원룸은 바로 여깁니다.,https://www.zigbang.com/home/apt/items/49095976
2026-06-17 08:29:53,원룸,49365504,월세,01,경상남도 창원시 마산합포구 신흥동,창원시 마산합포구,신흥동,500,37,0,24.79,7.5,3,b.e.s.t 전월세 조정가능 합포구청 인근 즉시입주,https://www.zigbang.com/home/apt/items/49365504
2026-06-17 08:29:53,원룸,49333127,월세,02,경상남도 창원시 마산합포구 완월동,창원시 마산합포구,완월동,200,27,0,23.14,7.0,2,best. 완월동 올풀옵션의 믿을 수 없는 월세 가성비 굿,https://www.zigbang.com/home/apt/items/49333127
2026-06-17 08:29:53,원룸,49163487,월세,01,경상남도 창원시 마산합포구 청계동,창원시 마산합포구,청계동,500,38,0,29.7,8.98,2,BEST. 경남대 인기 풀옵션 원룸 베란다 주차 굿,https://www.zigbang.com/home/apt/items/49163487
2026-06-17 08:29:53,원룸,49163373,월세,01,경상남도 창원시 마산합포구 해운동,창원시 마산합포구,해운동,200,30,0,23.1,6.99,2,BEST 경남대 도보1분 공과금 모두 포함한 월세 단기가능,https://www.zigbang.com/home/apt/items/49163373
2026-06-17 08:29:53,원룸,49163154,월세,01,경상남도 창원시 마산합포구 창포동3가,창원시 마산합포구,창포동3가,500,40,0,29.75,9.0,4,best. 해운동 롯데마트 인근 신축급 풀옵션 원룸,https://www.zigbang.com/home/apt/items/49163154
2026-06-17 08:29:53,원룸,49154248,월세,02,경상남도 창원시 마산합포구 완월동,창원시 마산합포구,완월동,300,27,0,24.45,7.4,4,"BEST 마산의료원, 완월초 인근가성비 갑 풀옵원룸",https://www.zigbang.com/home/apt/items/49154248
2026-06-17 08:29:53,원룸,49153947,월세,02,경상남도 창원시 마산합포구 평화동,창원시 마산합포구,평화동,1000,40,0,26.44,8.0,2,BesT 마산제일여고 인근 엘베 및 주차가능 깔끔한 원룸,https://www.zigbang.com/home/apt/items/49153947
2026-06-17 08:29:53,원룸,49153243,월세,02,경상남도 창원시 마산합포구 유록동,창원시 마산합포구,유록동,500,40,0,26.44,8.0,3,best 경남대 댓거리 인근 평수좋은 분리형 풀옵 원룸,https://www.zigbang.com/home/apt/items/49153243
2026-06-17 08:29:53,원룸,49088019,월세,01,경상남도 창원시 마산합포구 해운동,창원시 마산합포구,해운동,50,23,0,16.53,5.0,3,모든걸 갖춘 올 풀옵션 원룸..4개월이상 단기도 가능,https://www.zigbang.com/home/apt/items/49088019
2026-06-17 08:29:53,원룸,49055475,월세,01,경상남도 창원시 마산합포구 청계동,창원시 마산합포구,청계동,500,36,0,26.4,7.99,2,best. 경남대 인근 인기 베란다있는 풀옵션 원룸,https://www.zigbang.com/home/apt/items/49055475
2026-06-17 08:29:53,원룸,49053850,월세,01,경상남도 창원시 마산합포구 신흥동,창원시 마산합포구,신흥동,500,35,0,23.45,7.09,3,BEST마산세무서 합포구청 인근 오피스텔형구조 풀옵션 원,https://www.zigbang.com/home/apt/items/49053850
2026-06-17 08:29:53,원룸,49053819,월세,02,경상남도 창원시 마산합포구 월영동,창원시 마산합포구,월영동,300,37,0,22.14,6.7,3,BEST 월영동 금액좋고 집 깔끔한 풀옵션 분리형원룸,https://www.zigbang.com/home/apt/items/49053819
2026-06-17 08:29:54,원룸,49174333,전세,02,경상남도 창원시 진해구 여좌동,창원시 진해구,여좌동,4000,0,0,39.67,12.0,2,강남 진해여고뒤 럭셜 A급반투 신축 주차굿구조굿 큰방 깔끔,https://www.zigbang.com/home/apt/items/49174333
2026-06-17 08:29:54,원룸,49388446,월세,02,경상남도 창원시 의창구 명서동,창원시 의창구,명서동,200,31,0,36.36,11.0,2,"이쁘고 아주밝은 남향 분리형.완전풀옵션 올리모델링
베란다",https://www.zigbang.com/home/apt/items/49388446
2026-06-17 08:29:54,원룸,49377722,월세,02,경상남도 창원시 성산구 반지동,창원시 성산구,반지동,200,27,0,26.44,8.0,1,세탁실 별도 있는 깔끔하고 합리적인 풀옵션 분리형 원룸,https://www.zigbang.com/home/apt/items/49377722
2026-06-17 08:29:54,원룸,49376466,월세,02,경상남도 창원시 성산구 반지동,창원시 성산구,반지동,200,29,0,26.45,8.0,2,"ㅡBESTㅡ 반지동 깔끔 분리형 ll 가성비, 세코인근",https://www.zigbang.com/home/apt/items/49376466
2026-06-17 08:29:54,원룸,49374736,월세,01,경상남도 창원시 의창구 명서동,창원시 의창구,명서동,300,38,0,49.59,15.0,8,이쁘고 아주밝은 큰방.남향 귀한전세.완전풀옵션주차완비헬스장,https://www.zigbang.com/home/apt/items/49374736
2026-06-17 08:29:54,원룸,49360711,월세,02,경상남도 창원시 성산구 반지동,창원시 성산구,반지동,300,35,0,23.14,7.0,2,조용하고 깨끗한 방넓은 분리형 원룸입니다.,https://www.zigbang.com/home/apt/items/49360711
2026-06-17 08:29:54,원룸,49359238,월세,02,경상남도 창원시 성산구 반지동,창원시 성산구,반지동,500,30,0,25,7.56,1,ㅁHAPPYㅁ 반지동 화이트톤 관리 잘 된 분리형원룸,https://www.zigbang.com/home/apt/items/49359238
2026-06-17 08:29:54,원룸,49338338,월세,02,경상남도 창원시 성산구 반지동,창원시 성산구,반지동,300,31,0,21,6.35,1,ㅁHAPPYㅁ 반지동 깨끗한 풀옵션 분리형 원룸,https://www.zigbang.com/home/apt/items/49338338
2026-06-17 08:29:54,원룸,49309705,월세,02,경상남도 창원시 성산구 반지동,창원시 성산구,반지동,200,30,0,19.83,6.0,1,문성대인근 생활권편리한 원룸입니다.,https://www.zigbang.com/home/apt/items/49309705
2026-06-17 08:29:54,원룸,49169247,월세,02,경상남도 창원시 성산구 반지동,창원시 성산구,반지동,200,30,0,20,6.05,2,ㅁHAPPYㅁ 반지동 희연병원 인근 풀옵션 원룸,https://www.zigbang.com/home/apt/items/49169247
2026-06-17 08:29:54,원룸,49107856,월세,02,경상남도 창원시 성산구 반지동,창원시 성산구,반지동,200,32,0,23.14,7.0,2,유목초 인근 가성비 분리형 원룸,https://www.zigbang.com/home/apt/items/49107856
2026-06-17 08:29:54,원룸,49071573,월세,02,경상남도 창원시 의창구 명서동,창원시 의창구,명서동,500,40,0,20,6.05,2,ㅁHAPPYㅁ 준신축 분리형원룸 풀옵션,https://www.zigbang.com/home/apt/items/49071573
2026-06-17 08:29:54,원룸,48970773,월세,02,경상남도 창원시 성산구 반지동,창원시 성산구,반지동,200,32,0,23.14,7.0,2,2층 생활권편리 조용하고 깨끗한 주방분리형원룸입니다.,https://www.zigbang.com/home/apt/items/48970773
2026-06-17 08:29:54,원룸,49311819,월세,02,경상남도 창원시 마산회원구 내서읍 호계리,창원시 마산회원구,내서읍,2500,27,0,29.75,9.0,4,b.e.s.t꽤넓은 원룸 반전세 즉시입주,https://www.zigbang.com/home/apt/items/49311819
2026-06-17 08:29:54,원룸,49329093,월세,02,경상남도 창원시 마산회원구 합성동,창원시 마산회원구,합성동,500,40,0,29.75,9.0,4,GOOD 럭셔리 풀옵션 컨디션 최강 넉넉한 이사일정,https://www.zigbang.com/home/apt/items/49329093
2026-06-17 08:29:54,원룸,49329069,월세,02,경상남도 창원시 마산회원구 합성동,창원시 마산회원구,합성동,500,40,0,29.75,9.0,4,GOOD 풀옵션 엘리베이터 컨디션 완전 좋음 서둘러요,https://www.zigbang.com/home/apt/items/49329069
2026-06-17 08:30:01,원룸,49344575,월세,02,대구시 달성군 유가읍 금리,달성군,유가읍,500,35,0,33,9.98,2,엘리베이터O 미니투룸 풀옵션 입주조율가능,https://www.zigbang.com/home/apt/items/49344575
2026-06-17 08:30:01,원룸,49282539,월세,02,대구시 달성군 유가읍 금리,달성군,유가읍,300,37,0,39.66,12.0,3,엘베O집주인 관리 최고 미니투룸,https://www.zigbang.com/home/apt/items/49282539
2026-06-17 08:30:01,원룸,49256476,월세,02,대구시 달성군 유가읍 금리,달성군,유가읍,300,35,0,39.67,12.0,2,관리잘된 깔끔한 미니투룸,https://www.zigbang.com/home/apt/items/49256476
2026-06-17 08:30:01,원룸,49217090,월세,02,대구시 달성군 유가읍 금리,달성군,유가읍,200,30,0,42.98,13.0,2,"미니투룸 , 풀옵션 , 주차완비 , 주방분리 , 방大",https://www.zigbang.com/home/apt/items/49217090
2026-06-17 08:30:01,원룸,49217085,월세,02,대구시 달성군 유가읍 금리,달성군,유가읍,200,25,0,29.75,9.0,2,"신축 원룸 , 풀옵션 , 주차완비 , 주방분리 , 방大",https://www.zigbang.com/home/apt/items/49217085
2026-06-17 08:30:01,원룸,49186018,월세,02,대구시 달성군 유가읍 금리,달성군,유가읍,300,28,0,29.7,8.98,2,금리공단 부근 깔끔한 분리형 원룸,https://www.zigbang.com/home/apt/items/49186018
2026-06-17 08:30:01,원룸,49098694,월세,02,대구시 달성군 유가읍 금리,달성군,유가읍,200,25,0,33.06,10.0,4,빛이 잘 들어와서 따뜻한 원룸 여기 있어요,https://www.zigbang.com/home/apt/items/49098694
2026-06-17 08:30:03,원룸,49344610,월세,02,대구시 달성군 옥포읍 강림리,달성군,옥포읍,300,25,0,26.44,8.0,3,강림리 귀한 월세매물 즉시입주가능 내부깔끔,https://www.zigbang.com/home/apt/items/49344610
2026-06-17 08:30:03,원룸,49344140,월세,02,대구시 달성군 논공읍 금포리,달성군,논공읍,300,28,0,31.25,9.45,3,엘베있는미투. 달성군청바로인근. 깔끔한방. 출퇴근용이한곳.,https://www.zigbang.com/home/apt/items/49344140
2026-06-17 08:30:03,원룸,49335407,월세,02,대구시 달성군 논공읍 금포리,달성군,논공읍,300,30,0,39.66,12.0,2,달성군청 인근 논공읍 금포리 미니투룸 최고,https://www.zigbang.com/home/apt/items/49335407
2026-06-17 08:30:03,원룸,49328220,월세,02,대구시 달성군 논공읍 금포리,달성군,논공읍,200,20,0,23.14,7.0,3,"최저가 옥포, 논공 가성비 원룸",https://www.zigbang.com/home/apt/items/49328220
2026-06-17 08:30:03,원룸,49327644,월세,02,대구시 달성군 옥포읍 강림리,달성군,옥포읍,300,25,0,23.14,7.0,1,귀하디 귀한 남향 원룸,https://www.zigbang.com/home/apt/items/49327644
2026-06-17 08:30:03,원룸,49313347,월세,02,대구시 달성군 옥포읍 강림리,달성군,옥포읍,200,20,0,29.75,9.0,2,.옥포 흔치않은 가성비 원룸.200프로 실매물.채광우수.,https://www.zigbang.com/home/apt/items/49313347
2026-06-17 08:30:03,원룸,49189379,월세,02,대구시 달성군 논공읍 금포리,달성군,논공읍,200,22,0,27,8.17,3,ㄴ금포리 풀옵션 원룸ㄱ,https://www.zigbang.com/home/apt/items/49189379
2026-06-17 08:30:03,원룸,49344701,월세,02,대구시 달성군 논공읍 북리,달성군,논공읍,200,25,0,33,9.98,3,미니투룸 도배완료 풀옵션 입주협의가능,https://www.zigbang.com/home/apt/items/49344701
2026-06-17 08:30:03,원룸,49322439,월세,02,대구시 달성군 논공읍 남리,달성군,논공읍,100,15,0,26.45,8.0,2,정말 저렴한 원룸이다  가성비쵝오,https://www.zigbang.com/home/apt/items/49322439
2026-06-17 08:30:03,원룸,49309275,월세,02,대구시 달성군 논공읍 북리,달성군,논공읍,200,20,0,26.44,8.0,2,남향 햇빛 직빵 눈부신 화이트 아웃 발생 논공읍 원룸,https://www.zigbang.com/home/apt/items/49309275
2026-06-17 08:30:03,원룸,49279818,월세,01,대구시 달성군 논공읍 북리,달성군,논공읍,100,20,0,26.44,8.0,2,"초대형,남향 넓고 가성비 좋은 원룸",https://www.zigbang.com/home/apt/items/49279818
2026-06-17 08:30:03,원룸,49227320,월세,02,대구시 달성군 논공읍 북리,달성군,논공읍,100,20,0,26.44,8.0,2,논공읍 깔끔하고 햇빛 잘드는 원룸 입니다.,https://www.zigbang.com/home/apt/items/49227320
2026-06-17 08:30:03,원룸,49225823,월세,02,대구시 달성군 논공읍 남리,달성군,논공읍,100,17,0,26.44,8.0,3,월세 저렴 논공읍 원룸 즉시 입주 따땃하게 잡시다,https://www.zigbang.com/home/apt/items/49225823
2026-06-17 08:30:03,원룸,49186129,월세,01,대구시 달성군 논공읍 남리,달성군,논공읍,100,20,0,29.7,8.98,3,저렴한 깔끔 분리형 원룸,https://www.zigbang.com/home/apt/items/49186129
2026-06-17 08:30:03,원룸,49157214,월세,02,대구시 달성군 논공읍 북리,달성군,논공읍,100,22,0,26.44,8.0,2,ISU페타시스 인근 논공읍 남향 원룸 최고의 컨디션,https://www.zigbang.com/home/apt/items/49157214
2026-06-17 08:30:03,원룸,49113444,월세,01,대구시 달성군 논공읍 북리,달성군,논공읍,100,20,0,30,9.07,2,분리형 특대 원룸,https://www.zigbang.com/home/apt/items/49113444
2026-06-17 08:30:03,원룸,49101064,월세,02,대구시 달성군 논공읍 북리,달성군,논공읍,200,30,0,39,11.8,4,논공읍 북리  왕 미투,https://www.zigbang.com/home/apt/items/49101064
2026-06-17 08:30:04,원룸,49392632,월세,02,대구시 달성군 화원읍 명곡리,달성군,화원읍,200,20,0,27,8.17,3,설화명곡역 역세권ㅡ햇살가득 방大,https://www.zigbang.com/home/apt/items/49392632
2026-06-17 08:30:04,원룸,49306813,월세,02,대구시 달성군 화원읍 명곡리,달성군,화원읍,500,37,0,45,13.61,2,달성고 신축투룸,https://www.zigbang.com/home/apt/items/49306813
2026-06-17 08:30:04,원룸,49037295,월세,02,대구시 달서구 호산동,달서구,호산동,300,35,0,42.97,13.0,3,"계명대역8분ㅡ방1,거실ㅡ올수리,주차Goodㅡ옵션가득한 집",https://www.zigbang.com/home/apt/items/49037295
2026-06-17 08:30:04,원룸,48936394,월세,02,대구시 달서구 신당동,달서구,신당동,200,25,0,29.75,9.0,2,동문인근 햇살잘들고 깔끔하고  가성비 최고 위치최고,https://www.zigbang.com/home/apt/items/48936394
2026-06-17 08:30:05,원룸,49328542,월세,02,대구시 달서구 도원동,달서구,도원동,200,25,0,28.9,8.74,2,"㋹도원동㋹ 보훈병원㋹ 분리형원룸,,,풀옵션,,,화이트톤",https://www.zigbang.com/home/apt/items/49328542
2026-06-17 08:30:05,원룸,49114729,월세,02,대구시 달서구 장기동,달서구,장기동,200,25,0,23.15,7.0,2,v장기동 꿀매물v오피스텔느낌v엘리베이터v,https://www.zigbang.com/home/apt/items/49114729
2026-06-17 08:30:05,원룸,49109292,월세,01,대구시 달서구 용산동,달서구,용산동,100,15,0,26.44,8.0,2,"단기방OK ㅡ풀옵션,Big원룸ㅡ실물Good",https://www.zigbang.com/home/apt/items/49109292
2026-06-17 08:30:05,원룸,49109284,월세,02,대구시 달서구 용산동,달서구,용산동,100,17,0,26.32,7.96,2,"REAL환한원룸ㅡ실물Goodㅡ단기방OK,용산중옆",https://www.zigbang.com/home/apt/items/49109284
2026-06-17 08:30:05,원룸,49107624,월세,02,대구시 달서구 상인동,달서구,상인동,200,20,0,20.06,6.07,3,.200프로실매물.붙박이장 엘베.상인역 코앞 직장인환영.,https://www.zigbang.com/home/apt/items/49107624
2026-06-17 08:30:05,원룸,49099171,월세,02,대구시 달서구 상인동,달서구,상인동,200,20,0,17.8,5.38,2,HOT . 상인역1분 . 신축원룸 . 화이트톤 . 엘베o,https://www.zigbang.com/home/apt/items/49099171
2026-06-17 08:30:05,원룸,49087577,월세,01,대구시 달서구 용산동,달서구,용산동,100,20,0,26.45,8.0,2,용산시장인근 .완벽리모델링완벽풀옵션.즉시입주남향,https://www.zigbang.com/home/apt/items/49087577
2026-06-17 08:30:05,원룸,49077108,월세,02,대구시 달서구 죽전동,달서구,죽전동,100,13,0,22.55,6.82,2,vV실사진 가격절충Vv리모델링 완료 가성비 좋은 분리형원룸,https://www.zigbang.com/home/apt/items/49077108
2026-06-17 08:30:05,원룸,49077106,월세,02,대구시 달서구 본리동,달서구,본리동,100,20,0,29.75,9.0,2,vV실사진 가격절충Vv가성비 최고 컨디션도 최고,https://www.zigbang.com/home/apt/items/49077106
2026-06-17 08:30:05,원룸,49053874,전세,01,대구시 달서구 감삼동,달서구,감삼동,5000,0,0,20.1,6.08,3,"사진가구포함, 허그보증보험0, 워시타워,음식물처리기,엘베0",https://www.zigbang.com/home/apt/items/49053874
2026-06-17 08:30:05,원룸,49034182,전세,01,대구시 달서구 감삼동,달서구,감삼동,5000,0,0,22.63,6.85,2,"관리비 저렴, 보증보험 가입, 2호선 3분, 풀옵션 원룸",https://www.zigbang.com/home/apt/items/49034182
2026-06-17 08:30:05,원룸,48969315,월세,02,대구시 달서구 장기동,달서구,장기동,200,20,0,30.21,9.14,2,실매물 용산역 역세권 풀옵션 방大 붙박이장 즉시입주 가능,https://www.zigbang.com/home/apt/items/48969315
2026-06-17 08:30:05,원룸,48894191,월세,02,대구시 달서구 감삼동,달서구,감삼동,200,22,0,21.9,6.62,2,HOT . 죽전역인근 . 화이트톤 . 풀옵션 . 인기만점,https://www.zigbang.com/home/apt/items/48894191
2026-06-17 08:30:05,원룸,48722377,월세,01,대구시 달서구 본리동,달서구,본리동,100,10,0,22.55,6.82,1,vV실사진 가격절충Vv  저렴한월세  깔끔한분리형원룸,https://www.zigbang.com/home/apt/items/48722377
2026-06-17 08:30:06,원룸,49385971,월세,02,경상남도 창원시 의창구 사림동,창원시 의창구,사림동,300,30,0,20,6.05,2,ㅁHAPPYㅁ 사림동 풀옵션 분리형 원룸,https://www.zigbang.com/home/apt/items/49385971
2026-06-17 08:30:06,원룸,49383966,월세,01,경상남도 창원시 의창구 사림동,창원시 의창구,사림동,300,25,0,17,5.14,2,ㅁHAPPYㅁ 사림동 풀옵션 원룸,https://www.zigbang.com/home/apt/items/49383966
2026-06-17 08:30:06,원룸,49383431,월세,01,경상남도 창원시 의창구 사림동,창원시 의창구,사림동,300,30,0,17,5.14,1,ㅁHAPPYㅁ 사림동 풀옵션 원룸,https://www.zigbang.com/home/apt/items/49383431
2026-06-17 08:30:06,원룸,49374704,월세,01,경상남도 창원시 의창구 사림동,창원시 의창구,사림동,200,20,0,28.06,8.49,1,"이쁘고 아주밝은 완전풀옵션 남향 주차좋음 
조용한 주택가",https://www.zigbang.com/home/apt/items/49374704
2026-06-17 08:30:06,원룸,49356529,전세,01,경상남도 창원시 의창구 사림동,창원시 의창구,사림동,2500,0,0,23.1,6.99,2,창원대 전세 원룸,https://www.zigbang.com/home/apt/items/49356529
2026-06-17 08:30:06,원룸,49338458,월세,02,경상남도 창원시 의창구 사림동,창원시 의창구,사림동,200,25,0,21,6.35,1,ㅁHAPPYㅁ 사림동 깔끔한 풀옵션 원룸,https://www.zigbang.com/home/apt/items/49338458
2026-06-17 08:30:06,원룸,49324147,월세,02,경상남도 창원시 의창구 사림동,창원시 의창구,사림동,300,30,0,23.14,7.0,2,깨끗하고 조용한 주방분리형원룸입니다.,https://www.zigbang.com/home/apt/items/49324147
2026-06-17 08:30:06,원룸,49297015,월세,02,경상남도 창원시 의창구 봉곡동,창원시 의창구,봉곡동,300,28,0,24,7.26,2,ㅁHAPPYㅁ 봉곡동 준신축 풀옵션 분리형원룸,https://www.zigbang.com/home/apt/items/49297015
2026-06-17 08:30:06,원룸,49287955,월세,02,경상남도 창원시 의창구 사림동,창원시 의창구,사림동,300,30,0,20,6.05,2,ㅁHAPPYㅁ 사림동 준신축 분리형 원룸 풀옵션,https://www.zigbang.com/home/apt/items/49287955
2026-06-17 08:30:06,원룸,49283604,월세,02,경상남도 창원시 의창구 봉곡동,창원시 의창구,봉곡동,100,24,0,20,6.05,2,ㅁHAPPYㅁ 봉곡동 풀옵션 분리형원룸,https://www.zigbang.com/home/apt/items/49283604
2026-06-17 08:30:09,원룸,49095559,월세,02,경상남도 양산시 물금읍 범어리,양산시,물금읍,1500,28,0,26,7.86,2,최저가 월세. 분리형 원룸,https://www.zigbang.com/home/apt/items/49095559
2026-06-17 08:30:09,원룸,49090450,월세,02,경상남도 양산시 물금읍 범어리,양산시,물금읍,500,36,0,42.98,13.0,3,"ㅇㅇ수납공간 최고, 사이즈 좋음ㅇㅇ",https://www.zigbang.com/home/apt/items/49090450
2026-06-17 08:30:09,원룸,49083990,월세,01,경상남도 양산시 물금읍 범어리,양산시,물금읍,4000,10,0,33,9.98,2,큰원룸.즉시입주 가능.,https://www.zigbang.com/home/apt/items/49083990
2026-06-17 08:30:09,원룸,48985345,월세,02,경상남도 양산시 물금읍 범어리,양산시,물금읍,300,30,0,36.36,11.0,3,ㅇㅇ100프로 허위매물없는 채움ㅇㅇ,https://www.zigbang.com/home/apt/items/48985345
2026-06-17 08:30:09,원룸,48983973,월세,02,경상남도 양산시 물금읍 범어리,양산시,물금읍,300,30,0,29.75,9.0,2,WW 1인거주하기 딱 좋은 퀼리티 좋은 분리형 원룸,https://www.zigbang.com/home/apt/items/48983973
2026-06-17 08:30:09,원룸,48972554,월세,02,경상남도 양산시 물금읍 범어리,양산시,물금읍,300,30,0,33.06,10.0,3,ㅇㅇ100프로 허위매물없는 채움ㅇㅇ,https://www.zigbang.com/home/apt/items/48972554
2026-06-17 08:30:13,원룸,49387334,월세,02,부산시 해운대구 반송동,해운대구,반송동,300,29,0,23.14,7.0,3,반송도서관 인근 주차 가능 외부CCTV 보안 분리형 원룸,https://www.zigbang.com/home/apt/items/49387334
2026-06-17 08:30:13,원룸,49361834,월세,01,부산시 해운대구 반송동,해운대구,반송동,200,23,0,22.1,6.69,4,채광좋은 밝은 원룸,https://www.zigbang.com/home/apt/items/49361834
2026-06-17 08:30:13,원룸,49358099,월세,01,부산시 금정구 회동동,금정구,회동동,300,33,0,23.14,7.0,1,회동동 공업단지 인근 원룸,https://www.zigbang.com/home/apt/items/49358099
2026-06-17 08:30:13,원룸,49278535,월세,04,부산시 해운대구 반송동,해운대구,반송동,1000,60,0,64.95,19.65,6,"방2거실1베란다,초역세권,신축급오피,주차편리,즉시입주",https://www.zigbang.com/home/apt/items/49278535
2026-06-17 08:30:13,원룸,49237393,전세,02,부산시 해운대구 반송동,해운대구,반송동,3000,0,0,29.52,8.93,4,채광좋은 깨끗한 분리형 원룸,https://www.zigbang.com/home/apt/items/49237393
2026-06-17 08:30:13,원룸,49173356,전세,05,부산시 해운대구 반여동,해운대구,반여동,24500,0,0,112.4,34.0,고,"센텀우성거실,방3,욕실2ㅣ귀한월세ㅣ컨디션최고",https://www.zigbang.com/home/apt/items/49173356
2026-06-17 08:30:13,원룸,49158404,월세,02,부산시 해운대구 반송동,해운대구,반송동,300,32,0,29.14,8.81,1,독서실형 책상이 있는 미니투룸형 원룸,https://www.zigbang.com/home/apt/items/49158404
2026-06-17 08:30:13,원룸,49110954,월세,01,부산시 금정구 회동동,금정구,회동동,300,29,0,23.14,7.0,1,회동동 채광좋은 원룸,https://www.zigbang.com/home/apt/items/49110954
2026-06-17 08:30:13,원룸,49110942,월세,01,부산시 금정구 금사동,금정구,금사동,500,20,0,23.14,7.0,1,전기세포함 분리형 채광좋은 풀옵션 1층 원룸,https://www.zigbang.com/home/apt/items/49110942
2026-06-17 08:30:13,원룸,48855390,월세,02,부산시 해운대구 반송동,해운대구,반송동,300,31,0,27.6,8.35,1,호텔형 인테리어 욕실이 깨끗한 학교인근 원룸,https://www.zigbang.com/home/apt/items/48855390
2026-06-17 08:30:12,원룸,48863925,월세,02,부산시 연제구 연산동,연제구,연산동,1000,62,0,42.32,12.8,10,현금 100만원 드립니다.,https://www.zigbang.com/home/apt/items/48863925
2026-06-17 08:30:12,원룸,48660362,월세,01,부산시 연제구 연산동,연제구,연산동,1000,60,0,34.65,10.48,11,현금 100만원드립니다. 더이상 허위애물에 속지마세요,https://www.zigbang.com/home/apt/items/48660362
2026-06-17 08:30:14,원룸,49200318,월세,02,경상남도 양산시 동면 금산리,양산시,동면,300,32,0,33,9.98,2,전기요금할인구간. 깨끗한 분리형원룸. 버스정류장 도보5분,https://www.zigbang.com/home/apt/items/49200318
2026-06-17 08:30:15,원룸,49394822,월세,01,부산시 기장군 정관읍 방곡리,기장군,정관읍,300,30,0,26.45,8.0,3,"깨끗한 원룸,신축,즉시입주 가능",https://www.zigbang.com/home/apt/items/49394822
2026-06-17 08:30:15,원룸,49394431,월세,01,부산시 기장군 정관읍 매학리,기장군,정관읍,300,50,0,46.28,14.0,8,정관에서 가장 인기있는 신축급 오피스텔입니다. 귀한 단기방,https://www.zigbang.com/home/apt/items/49394431
2026-06-17 08:30:15,원룸,49373124,월세,02,부산시 기장군 정관읍 매학리,기장군,정관읍,300,52,0,51.14,15.47,9,"즉입되는 귀한 매물, 1.5룸,발코니, 중문,최신오피스텔",https://www.zigbang.com/home/apt/items/49373124
2026-06-17 08:30:15,원룸,49373115,월세,02,부산시 기장군 정관읍 매학리,기장군,정관읍,1000,75,0,51.14,15.47,6,"귀한 투룸, 넓은 펜트리, 발코니, 넓은 붙박이장",https://www.zigbang.com/home/apt/items/49373115
2026-06-17 08:30:15,원룸,49373106,월세,01,부산시 기장군 정관읍 매학리,기장군,정관읍,300,52,0,51.14,15.47,5,"즉입, 트인조망, 인기라인",https://www.zigbang.com/home/apt/items/49373106
2026-06-17 08:30:15,원룸,49256087,월세,02,부산시 기장군 정관읍 매학리,기장군,정관읍,300,52,0,51.14,15.47,11,"트인조망, 빠른입주, 1.5룸,신축",https://www.zigbang.com/home/apt/items/49256087
2026-06-17 08:30:15,원룸,49256007,월세,01,부산시 기장군 정관읍 매학리,기장군,정관읍,300,55,0,51.14,15.47,4,"풀옵션, 티비,건조기,전자렌지 추가옵션, 빠른입주",https://www.zigbang.com/home/apt/items/49256007
2026-06-17 08:30:15,원룸,49196892,월세,01,부산시 기장군 정관읍 방곡리,기장군,정관읍,300,28,0,23.14,7.0,3,"시세보다 싼집, 넓고 깨끗한 월세,즉시입주 가능해요",https://www.zigbang.com/home/apt/items/49196892
2026-06-17 08:30:15,원룸,49196889,월세,02,부산시 기장군 정관읍 방곡리,기장군,정관읍,250,31,0,26.44,8.0,3,"시세보다싼집, 즉시입주 가능",https://www.zigbang.com/home/apt/items/49196889
2026-06-17 08:30:15,원룸,49105970,월세,02,부산시 기장군 정관읍 방곡리,기장군,정관읍,500,35,0,33.06,10.0,3,"분리형 원룸 1.5룸, 넓고 깨끗한집",https://www.zigbang.com/home/apt/items/49105970
2026-06-17 08:30:15,원룸,48925055,월세,01,부산시 기장군 정관읍 방곡리,기장군,정관읍,300,28,0,26.45,8.0,2,"저렴한 월세,풀옵션,즉시입주 가능",https://www.zigbang.com/home/apt/items/48925055
2026-06-17 08:30:16,원룸,49381572,월세,01,부산시 기장군 일광읍 칠암리,기장군,일광읍,300,25,0,19.83,6.0,3,옵션좋고 조용한 원룸칠암초인근보증금월세조정가능,https://www.zigbang.com/home/apt/items/49381572
2026-06-17 08:30:17,원룸,49116103,월세,01,경상남도 양산시 교동,양산시,교동,500,25,0,33.06,10.0,2,OK양산역 인근 공원아래 조용한 남향의 분리형원룸OK,https://www.zigbang.com/home/apt/items/49116103
2026-06-17 08:30:17,원룸,49108480,월세,01,경상남도 양산시 남부동,양산시,남부동,300,30,0,29.75,9.0,4,AA양산시청밑 밝고환한신축원룸 엘베있고 주차공간좋은집,https://www.zigbang.com/home/apt/items/49108480
2026-06-17 08:30:17,원룸,49091387,월세,02,경상남도 양산시 신기동,양산시,신기동,500,40,0,59.5,18.0,2,"ㅁㅁ 엘베, 베란다있는, 방2,거실, 있는 위치좋은 투룸ㅁ",https://www.zigbang.com/home/apt/items/49091387
2026-06-17 08:30:17,원룸,49085856,월세,02,경상남도 양산시 북정동,양산시,북정동,200,19,0,26.45,8.0,3,ll친절그잡채ll 햇볕최고v풀옵션 원룸 최저가 도저언v,https://www.zigbang.com/home/apt/items/49085856
2026-06-17 08:30:17,원룸,49078111,월세,02,경상남도 양산시 북부동,양산시,북부동,200,25,0,29.75,9.0,2,"ㅁㅁ1.5룸을 원룸가에,,대박,, 풀옵션, 가성비최고ㅁㅁ",https://www.zigbang.com/home/apt/items/49078111
2026-06-17 08:30:17,원룸,49076876,월세,02,경상남도 양산시 북정동,양산시,북정동,300,29,0,26.45,8.0,3,"ㅁㅁ북정택지,엘베있는,, 수납장 짱짱한,, 깔끄미원룸ㅁㅁ",https://www.zigbang.com/home/apt/items/49076876
2026-06-17 08:30:17,원룸,49076875,월세,02,경상남도 양산시 북정동,양산시,북정동,2000,31,0,39.67,12.0,3,"ㅁㅁ북정택지 탑마트부근 ,방2개,엘베있는 위치좋은 집ㅁㅁ",https://www.zigbang.com/home/apt/items/49076875
2026-06-17 08:30:17,원룸,49068953,월세,02,경상남도 양산시 북정동,양산시,북정동,500,45,0,45,13.61,4,v북정택지에 깔끔하고 구조도 예쁘고 집도 이쁜집v,https://www.zigbang.com/home/apt/items/49068953
2026-06-17 08:30:17,원룸,49057538,월세,02,경상남도 양산시 신기동,양산시,신기동,500,35,0,36.36,11.0,5,ll친절그잡채ll 뷰가 예쁜 오피스텔형 원룸 소개드려용v,https://www.zigbang.com/home/apt/items/49057538
2026-06-17 08:30:17,원룸,49044659,월세,02,경상남도 양산시 북부동,양산시,북부동,200,22,0,19.83,6.0,3,"ㅁ동원대생통학, 미니,미니,하지만 모든걸 다 갖춘, 원룸ㅁ",https://www.zigbang.com/home/apt/items/49044659
2026-06-17 08:30:17,원룸,48996882,월세,02,경상남도 양산시 북정동,양산시,북정동,300,29,0,33.05,10.0,3,ll친절그잡채ll 엘리베이터 있는 예쁜 원룸,https://www.zigbang.com/home/apt/items/48996882
2026-06-17 08:30:17,원룸,48881827,월세,02,경상남도 양산시 남부동,양산시,남부동,300,28,0,28.2,8.53,3,반려동물가능  엘베있는 분리형 원룸 단기임대 가능합니다,https://www.zigbang.com/home/apt/items/48881827
2026-06-17 08:30:18,원룸,49393019,월세,01,경상남도 양산시 평산동,양산시,평산동,200,20,0,26.45,8.0,3,정남향  아담한  원룸,https://www.zigbang.com/home/apt/items/49393019
2026-06-17 08:30:18,원룸,49379629,월세,02,경상남도 양산시 평산동,양산시,평산동,300,28,0,33,9.98,3,"방,거실  분리형  원룸",https://www.zigbang.com/home/apt/items/49379629
2026-06-17 08:30:18,원룸,49378526,월세,01,경상남도 양산시 평산동,양산시,평산동,200,20,0,16,4.84,2,트레이더스 옆 깔끔한 대형 원룸,https://www.zigbang.com/home/apt/items/49378526
2026-06-17 08:30:18,원룸,49322889,월세,03,경상남도 양산시 평산동,양산시,평산동,200,22,0,30,9.07,3,"방,부엌 분리형",https://www.zigbang.com/home/apt/items/49322889
2026-06-17 08:30:18,원룸,49218474,월세,01,경상남도 양산시 평산동,양산시,평산동,300,27,0,30,9.07,3,평산 목자골목인근,https://www.zigbang.com/home/apt/items/49218474
2026-06-17 08:30:18,원룸,49218317,월세,02,경상남도 양산시 평산동,양산시,평산동,300,32,0,40,12.1,2,밝고 깨끗한 방,https://www.zigbang.com/home/apt/items/49218317
2026-06-17 08:30:18,원룸,49162113,월세,01,경상남도 양산시 평산동,양산시,평산동,200,30,0,33.06,10.0,2,"방,부엌,베란다 분리형",https://www.zigbang.com/home/apt/items/49162113
2026-06-17 08:30:18,원룸,49162061,월세,01,경상남도 양산시 평산동,양산시,평산동,300,30,0,33.06,10.0,4,엘리베이트 있어 생활하기 편한방,https://www.zigbang.com/home/apt/items/49162061
2026-06-17 08:30:18,원룸,49124439,월세,02,경상남도 양산시 평산동,양산시,평산동,300,32,0,36.36,11.0,3,"정남향
발고  깨끗한 방",https://www.zigbang.com/home/apt/items/49124439
2026-06-17 08:30:19,원룸,49218947,월세,01,부산시 기장군 장안읍 반룡리,기장군,장안읍,200,45,0,42.98,13.0,고,장안 유일한 오피스텔 즉시입주가능 고정관리비,https://www.zigbang.com/home/apt/items/49218947
2026-06-17 08:30:19,원룸,49195609,월세,01,부산시 기장군 장안읍 반룡리,기장군,장안읍,200,50,0,42.98,13.0,고,빠른입주 장안산단 내 유일한 햇빛 잘 드는 신축급 풀옵션,https://www.zigbang.com/home/apt/items/49195609
2026-06-17 08:30:19,원룸,49338903,월세,01,울산시 울주군 온양읍 운화리,울주군,온양읍,100,35,0,26.45,8.0,3,단기 가능해요  보증금 조절,https://www.zigbang.com/home/apt/items/49338903
2026-06-17 08:30:19,원룸,49336954,월세,01,울산시 울주군 온양읍 운화리,울주군,온양읍,200,40,0,25,7.56,2,식당 마트 가까워요,https://www.zigbang.com/home/apt/items/49336954
2026-06-17 08:30:19,원룸,49184739,월세,02,울산시 울주군 온양읍 대안리,울주군,온양읍,200,35,0,30,9.07,3,주차공간 좋은 원룸입니다,https://www.zigbang.com/home/apt/items/49184739
2026-06-17 08:30:19,원룸,49093707,월세,01,울산시 울주군 서생면 화산리,울주군,서생면,100,28,0,30,9.07,3,원룸 풀옵션 저렴한가격,https://www.zigbang.com/home/apt/items/49093707
2026-06-17 08:30:20,원룸,49388808,월세,02,울산시 울주군 온양읍 대안리,울주군,온양읍,200,50,0,49.59,15.0,2,즉시입주가능해요,https://www.zigbang.com/home/apt/items/49388808
2026-06-17 08:30:20,원룸,49367492,월세,01,울산시 울주군 온양읍 대안리,울주군,온양읍,200,31,0,30,9.07,2,원룸 풀옵션 실사진 공단출퇴근용이,https://www.zigbang.com/home/apt/items/49367492
2026-06-17 08:30:20,원룸,49356435,월세,02,울산시 울주군 온양읍 발리,울주군,온양읍,200,31,0,33,9.98,3,ㅣㅣㅣ합리적가격 NO1 BEST컨디션 분리형ㅣㅣㅣ,https://www.zigbang.com/home/apt/items/49356435
2026-06-17 08:30:20,원룸,49338848,월세,01,울산시 울주군 온양읍 대안리,울주군,온양읍,100,40,0,25,7.56,2,엄청 넓은 원룸입니다.,https://www.zigbang.com/home/apt/items/49338848
2026-06-17 08:30:20,원룸,49279679,월세,01,울산시 울주군 온양읍 대안리,울주군,온양읍,200,35,0,10,3.02,2,이중주차 걱정 없는 원룸,https://www.zigbang.com/home/apt/items/49279679
2026-06-17 08:30:20,원룸,49235705,월세,01,울산시 울주군 온양읍 대안리,울주군,온양읍,200,40,0,25,7.56,3,즉시입주가능,https://www.zigbang.com/home/apt/items/49235705
2026-06-17 08:30:20,원룸,49137498,월세,02,울산시 울주군 온양읍 대안리,울주군,온양읍,200,43,0,30,9.07,3,투룸같이 크고 잘 빠진 원룸입니다.,https://www.zigbang.com/home/apt/items/49137498
2026-06-17 08:30:20,원룸,49136911,월세,02,울산시 울주군 온양읍 대안리,울주군,온양읍,200,40,0,30,9.07,4,청소완료된 원룸 바로 입주하세요,https://www.zigbang.com/home/apt/items/49136911
2026-06-17 08:30:20,원룸,49121336,월세,01,울산시 울주군 온양읍 대안리,울주군,온양읍,300,45,0,43,13.01,2,신축가까운 화이트 톤으로 깨끗한 집,https://www.zigbang.com/home/apt/items/49121336
2026-06-17 08:30:20,원룸,49322112,월세,01,울산시 울주군 서생면 진하리,울주군,서생면,200,36,0,27.5,8.32,2,o컨디션 좋은 풀옵션 원룸 진하는 조용하고 주차가좋아용o,https://www.zigbang.com/home/apt/items/49322112
2026-06-17 08:30:20,원룸,49136135,월세,02,울산시 울주군 서생면 진하리,울주군,서생면,200,45,0,30,9.07,2,"신축원룸, 공실상태 바로 입주하세요",https://www.zigbang.com/home/apt/items/49136135
2026-06-17 08:30:21,원룸,49373135,월세,02,울산시 울주군 청량읍 상남리,울주군,청량읍,500,34,0,33,9.98,2,ㅣㅣㅣ풀옵션 덕하구한매물 큰방 best컨디션 분리형ㅣㅣㅣ,https://www.zigbang.com/home/apt/items/49373135
2026-06-17 08:30:21,원룸,49368034,월세,01,울산시 울주군 청량읍 상남리,울주군,청량읍,100,30,0,29.75,9.0,1,오픈형 저렴한 방 입니다.,https://www.zigbang.com/home/apt/items/49368034
2026-06-17 08:30:21,원룸,49355937,월세,01,울산시 울주군 청량읍 상남리,울주군,청량읍,100,31,0,28,8.47,3,귀한매물 엘베있음 가격저렴 공단출퇴근최고,https://www.zigbang.com/home/apt/items/49355937
2026-06-17 08:30:21,원룸,49334263,월세,02,울산시 울주군 청량읍 상남리,울주군,청량읍,100,51,0,43,13.01,3,풀옵 상남리 엘베 주차좋음 큰방1 큰거실겸주방1 베란다,https://www.zigbang.com/home/apt/items/49334263
2026-06-17 08:30:21,원룸,49308595,월세,01,울산시 울주군 청량읍 상남리,울주군,청량읍,200,26,0,16.54,5.0,3,ㄴ최저가매물 방1 오픈형 서두르세요,https://www.zigbang.com/home/apt/items/49308595
2026-06-17 08:30:21,원룸,49293114,월세,01,울산시 울주군 청량읍 상남리,울주군,청량읍,100,31,0,20.02,6.06,1,공단 출퇴근 용이. 가성비 방,https://www.zigbang.com/home/apt/items/49293114
2026-06-17 08:30:21,원룸,49289037,월세,01,울산시 울주군 청량읍 상남리,울주군,청량읍,100,31,0,25,7.56,1,원룸 풀옵션 실사진  공단출퇴근용이,https://www.zigbang.com/home/apt/items/49289037
2026-06-17 08:30:21,원룸,48880857,월세,01,울산시 울주군 청량읍 상남리,울주군,청량읍,200,30,0,20.87,6.31,3,공단 출퇴근 용이. 풀옵션 깔끔한 방,https://www.zigbang.com/home/apt/items/48880857
2026-06-17 08:30:25,원룸,49373960,월세,02,경상북도 경산시 사동,경산시,사동,200,36,0,49.56,14.99,3,"ㅣ미투ㅣ한의대,사동,풀옵션,신축 귀한매물",https://www.zigbang.com/home/apt/items/49373960
2026-06-17 08:30:25,원룸,49354203,월세,02,경상북도 경산시 유곡동,경산시,유곡동,100,16,0,24.09,7.29,4,"ㅡ여기어때ㅡ한의대도보10초, 풀옵션, 리모델링",https://www.zigbang.com/home/apt/items/49354203
2026-06-17 08:30:25,원룸,49279321,월세,02,경상북도 경산시 유곡동,경산시,유곡동,100,16,0,24.09,7.29,4,"ㅣ한의대ㅣ 한의대,인기매물 풀옵션 컨디션 모두완.벽",https://www.zigbang.com/home/apt/items/49279321
2026-06-17 08:30:25,원룸,49279078,월세,02,경상북도 경산시 유곡동,경산시,유곡동,100,16,0,27.74,8.39,4,ㅡGooDㅡ 한의대바로앞 풀옵션 최저가 인기 원룸,https://www.zigbang.com/home/apt/items/49279078
2026-06-17 08:30:25,원룸,49260827,월세,02,경상북도 경산시 사동,경산시,사동,500,31,0,49.59,15.0,2,사ㅣ동ㅣ최ㅣ신ㅣ축ㅣ미ㅣ투,https://www.zigbang.com/home/apt/items/49260827
2026-06-17 08:30:25,원룸,49256688,월세,02,경상북도 경산시 유곡동,경산시,유곡동,100,16,0,27.35,8.27,4,ㅡ오피스텔형ㅡ학교최단거리ㅡ풀옵션 원룸ㅡ,https://www.zigbang.com/home/apt/items/49256688
2026-06-17 08:30:25,원룸,49188644,월세,01,경상북도 경산시 유곡동,경산시,유곡동,50,11,0,33.06,10.0,2,최ㅣ저ㅣ가ㅣ학ㅣ교ㅣ1ㅣ분,https://www.zigbang.com/home/apt/items/49188644
2026-06-17 08:30:26,원룸,49347992,월세,02,경상북도 경산시 진량읍 신제리,경산시,진량읍,300,45,0,35.41,10.71,3,엘리베이터있는 투룸,https://www.zigbang.com/home/apt/items/49347992
2026-06-17 08:30:26,원룸,49319617,월세,02,경상북도 경산시 진량읍 신제리,경산시,진량읍,500,40,0,23.67,7.16,3,신축 풀옵션 정남향 미니투룸,https://www.zigbang.com/home/apt/items/49319617
2026-06-17 08:30:26,원룸,49224460,월세,02,경상북도 경산시 진량읍 신제리,경산시,진량읍,200,27,0,25,7.56,4,금올ㅣ좋은 방ㅣ원룸ㅣ풀옵션,https://www.zigbang.com/home/apt/items/49224460
2026-06-17 08:30:26,원룸,49224240,월세,02,경상북도 경산시 진량읍 신제리,경산시,진량읍,1000,45,0,26.83,8.12,3,금올ㅣ좋은 방ㅣ미투ㅣ풀옵션ㅣ신축ㅣ첫입주ㅣ엘베,https://www.zigbang.com/home/apt/items/49224240
2026-06-17 08:30:26,원룸,49224211,월세,02,경상북도 경산시 진량읍 신제리,경산시,진량읍,500,35,0,20.5,6.2,3,금올ㅣ좋은 방ㅣ원룸ㅣ풀옵션ㅣ신축ㅣ첫입주ㅣ엘베,https://www.zigbang.com/home/apt/items/49224211
2026-06-17 08:30:26,원룸,49184060,월세,01,경상북도 경산시 진량읍 신제리,경산시,진량읍,300,33,0,22.05,6.67,2,조용한 신축 풀옵션 원룸,https://www.zigbang.com/home/apt/items/49184060
2026-06-17 08:30:26,원룸,49131466,월세,01,경상북도 경산시 진량읍 대원리,경산시,진량읍,100,24,0,27,8.17,3,귀한 방 살기좋은집 엘리베이트있음,https://www.zigbang.com/home/apt/items/49131466
2026-06-17 08:30:29,원룸,49356256,월세,02,경상북도 경주시 외동읍 모화리,경주시,외동읍,120,41,0,40.1,12.13,3,MA 방1거실 상당히깔끔 뷰도 좋아요,https://www.zigbang.com/home/apt/items/49356256
2026-06-17 08:30:28,원룸,49085591,월세,01,울산시 남구 삼산동,남구,삼산동,300,26,0,26.4,7.99,3,ㅣ베란다앞 확트인 ㅣ 공원 바로앞 ㅣ월세도 저렴ㅣ,https://www.zigbang.com/home/apt/items/49085591
2026-06-17 08:30:28,원룸,49081213,월세,01,울산시 남구 신정동,남구,신정동,300,40,0,29.75,9.0,3,깨끗하고저렴한방조용한방태화로터리3분,https://www.zigbang.com/home/apt/items/49081213
2026-06-17 08:30:28,원룸,49072800,월세,05,울산시 남구 달동,남구,달동,2000,90,0,94.64,28.63,22,현대해상사거리 신축 첫입주 풀옵션 쓰리룸 복층 즉시입주,https://www.zigbang.com/home/apt/items/49072800
2026-06-17 08:30:28,원룸,49061155,월세,01,울산시 남구 달동,남구,달동,100,31,0,23.14,7.0,3,단기가능.깔끔해요.주차편리.풀옵션.출퇴근용이.여천천부근,https://www.zigbang.com/home/apt/items/49061155
2026-06-17 08:30:28,원룸,49061077,월세,01,울산시 남구 신정동,남구,신정동,300,36,0,18.57,5.62,5,강변산책.엘베.주차가능.풀옵션.깔끔.태화로타리.즉시입주,https://www.zigbang.com/home/apt/items/49061077
2026-06-17 08:30:28,원룸,48577336,월세,02,울산시 남구 달동,남구,달동,300,23,0,23.14,7.0,2,갓성비.최저가.분리형.풀옵션.정류장근접.인프라좋고.즉시입주,https://www.zigbang.com/home/apt/items/48577336
2026-06-17 08:30:30,원룸,49366770,월세,02,울산시 북구 중산동,북구,중산동,500,51,0,49.59,15.0,3,ㅣ16년 준공ㅣ거실1 방1ㅣ풀옵션ㅣ,https://www.zigbang.com/home/apt/items/49366770
2026-06-17 08:30:30,원룸,49358519,월세,02,경상북도 경주시 외동읍 모화리,경주시,외동읍,100,35,0,28.1,8.5,2,MA 2016년식 분리형 깔끔한방,https://www.zigbang.com/home/apt/items/49358519
2026-06-17 08:30:30,원룸,49357646,월세,02,경상북도 경주시 외동읍 모화리,경주시,외동읍,100,38,0,36.36,11.0,3,ㄴ추천매물 방1거실 실사진 풀옵 성도아파트맞은편 서두르세요,https://www.zigbang.com/home/apt/items/49357646
2026-06-17 08:30:30,원룸,49317029,월세,02,울산시 북구 중산동,북구,중산동,300,41,0,40,12.1,2,방1 거실1 저렴하고 깔끔한 집 풀옵션,https://www.zigbang.com/home/apt/items/49317029
2026-06-17 08:30:30,원룸,49316852,월세,01,울산시 북구 매곡동,북구,매곡동,300,29,0,20,6.05,3,o 1인 거주 방 o 외국인가능  o 가성비 o,https://www.zigbang.com/home/apt/items/49316852
2026-06-17 08:30:30,원룸,49303521,월세,02,울산시 북구 중산동,북구,중산동,300,41,0,42,12.7,2,풀옵션 큰거실겸주방1 큰방1베란다 집깨끗 햇살좋아요,https://www.zigbang.com/home/apt/items/49303521
2026-06-17 08:30:30,원룸,49300043,월세,02,울산시 북구 중산동,북구,중산동,300,41,0,36.36,11.0,2,추천매물 방1거실 실사진 풀옵 주차넉넉 채광굿 선점하세요,https://www.zigbang.com/home/apt/items/49300043
2026-06-17 08:30:30,원룸,49279051,월세,02,경상북도 경주시 외동읍 모화리,경주시,외동읍,100,34,0,27.1,8.2,2,MA 분리형 깔끔한방 채광0,https://www.zigbang.com/home/apt/items/49279051
2026-06-17 08:30:30,원룸,49216685,월세,02,경상북도 경주시 외동읍 모화리,경주시,외동읍,100,29,0,29.75,9.0,4,ㄴ최저가매물 2015년식 방1 분리형 실사진 풀옵,https://www.zigbang.com/home/apt/items/49216685
2026-06-17 08:30:30,원룸,49199165,월세,02,경상북도 경주시 외동읍 모화리,경주시,외동읍,100,35,0,30.1,9.11,4,MA 분리형 방상태굿,https://www.zigbang.com/home/apt/items/49199165
2026-06-17 08:30:31,원룸,49372845,월세,01,경상북도 경주시 충효동,경주시,충효동,120,27,0,26,7.86,2,충효 가성비갑 풀옵션 중심지 학교앞 정류장 외국인ok,https://www.zigbang.com/home/apt/items/49372845
2026-06-17 08:30:31,원룸,49372825,월세,02,경상북도 경주시 충효동,경주시,충효동,200,30,0,29,8.77,3,충효동 가성비원룸 도배새로 출퇴근·통학최적 즉입주추천해요,https://www.zigbang.com/home/apt/items/49372825
2026-06-17 08:30:31,원룸,49352104,월세,02,경상북도 경주시 충효동,경주시,충효동,200,37,0,41,12.4,2,충효 가성비작은투룸 도배새로 출퇴근·통학최적 즉입주,https://www.zigbang.com/home/apt/items/49352104
2026-06-17 08:30:31,원룸,49349833,월세,02,경상북도 경주시 충효동,경주시,충효동,200,38,0,38.02,11.5,4,oO 충효동 미투 최고 인기 Oo 매물최다보유,https://www.zigbang.com/home/apt/items/49349833
2026-06-17 08:30:31,원룸,49348369,월세,02,경상북도 경주시 충효동,경주시,충효동,300,40,0,28,8.47,4,oO 충효동 가장 신축급 Oo 관리우수 실매물,https://www.zigbang.com/home/apt/items/49348369
2026-06-17 08:30:31,원룸,49247555,월세,02,경상북도 경주시 충효동,경주시,충효동,200,30,0,28.1,8.5,4,oO 채광좋은 깨끗한 방 Oo 100실매물,https://www.zigbang.com/home/apt/items/49247555
2026-06-17 08:30:31,원룸,49210861,월세,02,경상북도 경주시 충효동,경주시,충효동,300,33,0,28.1,8.5,3,oO ev있는 신축 원룸 Oo 최다매물보유,https://www.zigbang.com/home/apt/items/49210861
2026-06-17 08:30:31,원룸,49196393,월세,02,경상북도 경주시 충효동,경주시,충효동,100,30,0,28.1,8.5,4,oO 충효동 가성비 원룸 Oo 도배깨끗,https://www.zigbang.com/home/apt/items/49196393
2026-06-17 08:30:31,원룸,49136512,월세,02,경상북도 경주시 충효동,경주시,충효동,150,28,0,24.79,7.5,2,oO 가성비 원룸 Oo 풀옵션 실매물,https://www.zigbang.com/home/apt/items/49136512
2026-06-17 08:30:31,원룸,49113989,월세,02,경상북도 경주시 충효동,경주시,충효동,500,43,0,36.36,11.0,3,oO신축 미투 오피스텔 구조  Oo 엘베ok,https://www.zigbang.com/home/apt/items/49113989
2026-06-17 08:30:31,원룸,49104637,월세,02,경상북도 경주시 충효동,경주시,충효동,300,30,0,33.06,10.0,4,oO 미니투룸 가성비 최고 Oo 인기최고매물,https://www.zigbang.com/home/apt/items/49104637
2026-06-17 08:30:31,원룸,49358430,월세,02,경상북도 경주시 외동읍 입실리,경주시,외동읍,100,40,0,40.1,12.13,3,MA 방1거실 새로도배예정,https://www.zigbang.com/home/apt/items/49358430
2026-06-17 08:30:31,원룸,49245402,월세,02,경상북도 경주시 외동읍 입실리,경주시,외동읍,200,35,0,30,9.07,2,원룸 공실 임대,https://www.zigbang.com/home/apt/items/49245402
2026-06-17 08:30:31,원룸,49245392,월세,02,경상북도 경주시 외동읍 입실리,경주시,외동읍,100,37,0,36,10.89,2,투룸 공실임대,https://www.zigbang.com/home/apt/items/49245392
2026-06-17 08:30:31,원룸,49094283,월세,02,경상북도 경주시 외동읍 입실리,경주시,외동읍,200,35,0,36,10.89,2,원룸 공실 임대,https://www.zigbang.com/home/apt/items/49094283
2026-06-17 08:30:31,원룸,49094236,월세,02,경상북도 경주시 외동읍 입실리,경주시,외동읍,200,45,0,39,11.8,4,쓰리룸공실임대,https://www.zigbang.com/home/apt/items/49094236
2026-06-17 08:30:31,원룸,49205156,월세,02,경상북도 경주시 시래동,경주시,시래동,200,30,0,30,9.07,2,원룸 공실 임대,https://www.zigbang.com/home/apt/items/49205156
2026-06-17 08:30:31,원룸,49189490,월세,01,경상북도 경주시 시래동,경주시,시래동,200,30,0,29.75,9.0,4,"단기 가능,,, 한수원 불국사 보문단지 울산 방면",https://www.zigbang.com/home/apt/items/49189490
2026-06-17 08:30:31,원룸,49138509,월세,02,경상북도 경주시 시래동,경주시,시래동,200,30,0,27,8.17,2,원룸공실 임대,https://www.zigbang.com/home/apt/items/49138509
2026-06-17 08:30:31,원룸,49051817,월세,01,경상북도 경주시 시래동,경주시,시래동,200,27,0,27,8.17,3,원룸 공실 임대,https://www.zigbang.com/home/apt/items/49051817
2026-06-17 08:30:31,원룸,48642662,월세,02,경상북도 경주시 시래동,경주시,시래동,200,30,0,27,8.17,3,원룸 공실임대,https://www.zigbang.com/home/apt/items/48642662
2026-06-17 08:30:32,원룸,49052077,월세,02,경상북도 경주시 시래동,경주시,시래동,500,45,0,55,16.64,3,쓰리룸 공실 임대,https://www.zigbang.com/home/apt/items/49052077
2026-06-17 08:30:32,원룸,49051793,월세,02,경상북도 경주시 시래동,경주시,시래동,300,40,0,33,9.98,4,투룸공실 임대,https://www.zigbang.com/home/apt/items/49051793
2026-06-17 08:30:32,원룸,48899297,월세,02,경상북도 경주시 시래동,경주시,시래동,300,35,0,36,10.89,2,원룸공실 임대,https://www.zigbang.com/home/apt/items/48899297
2026-06-17 08:30:34,원룸,49394449,월세,02,경상북도 성주군 성주읍 성산리,성주군,성주읍,500,35,0,46.28,14.0,4,성주시내 남향 미니투룸,https://www.zigbang.com/home/apt/items/49394449
2026-06-17 08:30:34,원룸,49393048,월세,01,경상북도 성주군 성주읍 성산리,성주군,성주읍,300,32,0,23,6.96,2,"강변정남향원룸, 3층, 깨끗함",https://www.zigbang.com/home/apt/items/49393048
2026-06-17 08:30:34,원룸,49389726,월세,02,경상북도 성주군 성주읍 성산리,성주군,성주읍,500,40,0,33,9.98,2,"강변미니투룸,엘베있음,즉시가능,도시가스",https://www.zigbang.com/home/apt/items/49389726
2026-06-17 08:30:34,원룸,49343656,월세,01,경상북도 성주군 성주읍 성산리,성주군,성주읍,300,35,0,23,6.96,3,"강변신축원룸, 엘베있음,도시가스사용,",https://www.zigbang.com/home/apt/items/49343656
2026-06-17 08:30:34,원룸,49279648,월세,02,경상북도 성주군 성주읍 학산리,성주군,성주읍,200,35,0,35,10.59,2,"산업단지 미니투룸, 즉시가능, 저렴한 월세",https://www.zigbang.com/home/apt/items/49279648
2026-06-17 08:30:34,원룸,49180598,월세,01,경상북도 성주군 성주읍 성산리,성주군,성주읍,300,28,0,33,9.98,3,도시가스 연결된 관리 잘 된 원룸,https://www.zigbang.com/home/apt/items/49180598
2026-06-17 08:30:34,원룸,49167193,월세,01,경상북도 성주군 성주읍 예산리,성주군,성주읍,300,30,0,26.45,8.0,2,"엘베있는 깔끔한 원룸,설빙부근,엘베있음",https://www.zigbang.com/home/apt/items/49167193
2026-06-17 08:30:35,원룸,49364072,월세,01,경상북도 김천시 지좌동,김천시,지좌동,200,25,0,33.06,10.0,3,김천혁신도시 5분 동부초등 인근 바이크게나온 신축같은 원룸,https://www.zigbang.com/home/apt/items/49364072
2026-06-17 08:30:35,원룸,49213338,월세,01,경상북도 김천시 지좌동,김천시,지좌동,200,25,0,34,10.28,2,제일저렴하고 좋은방 지좌동 주민센터인근,https://www.zigbang.com/home/apt/items/49213338
2026-06-17 08:30:35,원룸,49105921,월세,01,경상북도 김천시 용두동,김천시,용두동,200,25,0,33,9.98,3,김천황금시장 초인근 최저가 풀옵션 원룸입니다,https://www.zigbang.com/home/apt/items/49105921
2026-06-17 08:30:35,원룸,49105903,월세,01,경상북도 김천시 지좌동,김천시,지좌동,200,25,0,33,9.98,3,지좌행정복지센터 바로뒤 깔끔한 최신축 풀옵션 원룸,https://www.zigbang.com/home/apt/items/49105903
2026-06-17 08:30:35,원룸,49383976,월세,01,경상북도 김천시 부곡동,김천시,부곡동,200,25,0,29.75,9.0,3,부곡동 현대아파트 인근 저렴한 원룸 입니다,https://www.zigbang.com/home/apt/items/49383976
2026-06-17 08:30:35,원룸,49364095,월세,02,경상북도 김천시 부곡동,김천시,부곡동,200,25,0,33,9.98,3,부곡 김천고등 주변 단기 가능한 신축같이 깨끗하고 안전한방,https://www.zigbang.com/home/apt/items/49364095
2026-06-17 08:30:35,원룸,49363978,월세,02,경상북도 김천시 부곡동,김천시,부곡동,300,34,0,41,12.4,2,부곡 가성비 좋은 신축같은 분리형  방방이 분리되어 있음,https://www.zigbang.com/home/apt/items/49363978
2026-06-17 08:30:35,원룸,49363961,월세,01,경상북도 김천시 부곡동,김천시,부곡동,200,25,0,33,9.98,4,부곡 김천고 위치좋은 신축같은 원룸세입자 조건 우선맞춰드림,https://www.zigbang.com/home/apt/items/49363961
2026-06-17 08:30:35,원룸,49348794,월세,01,경상북도 김천시 부곡동,김천시,부곡동,200,25,0,34,10.28,2,부곡동 김천중.고 인근 초신축 초저가 원룸,https://www.zigbang.com/home/apt/items/49348794
2026-06-17 08:30:35,원룸,49092513,월세,01,경상북도 김천시 부곡동,김천시,부곡동,200,25,0,34,10.28,2,실매물인증완료 남향 김천고인근 최신축 주차편리한 풀옵션원룸,https://www.zigbang.com/home/apt/items/49092513
2026-06-17 08:30:35,원룸,49384137,월세,01,경상북도 김천시 삼락동,김천시,삼락동,100,23,0,29.75,9.0,2,김천시 삼락동 김천대 가장 가까운 컨디션 좋은 원룸,https://www.zigbang.com/home/apt/items/49384137
2026-06-17 08:30:35,원룸,49364113,월세,01,경상북도 김천시 삼락동,김천시,삼락동,100,20,0,33,9.98,1,김천대 보건대 인근 단기계약 가능한 풀옵션 신축같은 원룸,https://www.zigbang.com/home/apt/items/49364113
2026-06-17 08:30:35,원룸,49364009,월세,01,경상북도 김천시 부곡동,김천시,부곡동,200,25,0,33,9.98,2,부곡 맛고을 김천고 인근 신축처럼 깨끗하고 안전한 원룸,https://www.zigbang.com/home/apt/items/49364009
2026-06-17 08:30:35,원룸,49264918,월세,01,경상북도 김천시 삼락동,김천시,삼락동,150,23,0,26.45,8.0,1,김천대학교 인근.후문쪽 깔끔한 원룸 입니다,https://www.zigbang.com/home/apt/items/49264918
2026-06-17 08:30:35,원룸,49263322,월세,01,경상북도 김천시 삼락동,김천시,삼락동,100,20,0,28,8.47,2,김대 보건대 자취방 최저가 풀옵션 원룸 햇살가득해요,https://www.zigbang.com/home/apt/items/49263322
2026-06-17 08:30:35,원룸,49189005,월세,01,경상북도 김천시 다수동,김천시,다수동,100,20,0,33,9.98,3,다수초등학교 초인근 최저가 풀옵션 원룸입니다,https://www.zigbang.com/home/apt/items/49189005
2026-06-17 08:30:35,원룸,49188758,월세,01,경상북도 김천시 삼락동,김천시,삼락동,200,27,0,30,9.07,2,완전최신축 이쁜 다있는올인원풀옵션 몸만들어오면되는 원룸,https://www.zigbang.com/home/apt/items/49188758
2026-06-17 08:30:35,원룸,49188752,월세,01,경상북도 김천시 삼락동,김천시,삼락동,100,20,0,30,9.07,2,"김대,보건대 도보3분거리 최신축 올인원풀옵션 원룸몸만오세요",https://www.zigbang.com/home/apt/items/49188752
2026-06-17 08:30:35,원룸,49174875,월세,01,경상북도 김천시 삼락동,김천시,삼락동,100,20,0,30,9.07,2,김천대 후문 관리잘된 최저가 풀옵션 깔끔한 원룸,https://www.zigbang.com/home/apt/items/49174875
2026-06-17 08:30:35,원룸,49174854,월세,01,경상북도 김천시 부곡동,김천시,부곡동,200,25,0,33,9.98,3,부곡 맛고을내 최저가 풀옵션 까끔한 원룸,https://www.zigbang.com/home/apt/items/49174854
2026-06-17 08:30:35,원룸,49113950,월세,01,경상북도 김천시 삼락동,김천시,삼락동,100,20,0,30,9.07,2,실매물보장 김천대 자취방 후문 바로옆 최저가 풀옵션 원룸,https://www.zigbang.com/home/apt/items/49113950
2026-06-17 08:30:35,원룸,49110384,월세,01,경상북도 김천시 부곡동,김천시,부곡동,200,25,0,34,10.28,2,최신축 김고인근 대학생추천 상권좋고 살기좋은 풀옵션 원룸,https://www.zigbang.com/home/apt/items/49110384
2026-06-17 08:30:35,원룸,49105907,월세,01,경상북도 김천시 삼락동,김천시,삼락동,200,22,0,33,9.98,3,교동 법원 바로앞 조용하고 깨끗한 최저가 풀옵션 원룸,https://www.zigbang.com/home/apt/items/49105907
2026-06-17 08:30:36,원룸,49213234,월세,01,경상북도 김천시 남면 봉천리,김천시,남면,200,24,0,34,10.28,2,단기가능 김천혁신도시인근 한전기술마을 풀옵션 원룸월세,https://www.zigbang.com/home/apt/items/49213234
2026-06-17 08:30:36,원룸,49213734,월세,01,경상북도 김천시 아포읍 국사리,김천시,아포읍,200,19,0,34,10.28,2,최저가 원룸 아포읍 국사리 덕일한마음아파트인근 원룸,https://www.zigbang.com/home/apt/items/49213734
2026-06-17 08:30:46,원룸,49234724,월세,02,경상북도 구미시 선산읍 동부리,구미시,선산읍,300,30,0,39.67,12.0,2,선산 중심지역 미니투룸,https://www.zigbang.com/home/apt/items/49234724
2026-06-17 08:30:46,원룸,49234719,월세,02,경상북도 구미시 선산읍 동부리,구미시,선산읍,500,40,0,66.12,20.0,2,정투룸 방2 욕실2 월세 전세가능,https://www.zigbang.com/home/apt/items/49234719
2026-06-17 08:30:46,원룸,49234714,월세,01,경상북도 구미시 선산읍 동부리,구미시,선산읍,200,20,0,33.06,10.0,2,선산읍 중심지역 원룸,https://www.zigbang.com/home/apt/items/49234714
2026-06-17 08:30:46,원룸,49234527,월세,01,경상북도 구미시 선산읍 교리,구미시,선산읍,200,18,0,33.06,10.0,2,선산교리 원룸 엘베있음,https://www.zigbang.com/home/apt/items/49234527
2026-06-17 08:30:41,원룸,49076534,월세,02,경상북도 구미시 인의동,구미시,인의동,200,25,0,45,13.61,4,A수납·채광·깔끔함 다 잡은 하나남은 인기 미투 A,https://www.zigbang.com/home/apt/items/49076534
2026-06-17 08:30:41,원룸,49068552,월세,01,경상북도 구미시 인의동,구미시,인의동,100,16,0,34.5,10.44,3,"경운대 차고지 인근, 준신축 새침대등 생활가구완비",https://www.zigbang.com/home/apt/items/49068552
2026-06-17 08:30:41,원룸,49068532,월세,01,경상북도 구미시 인의동,구미시,인의동,200,20,0,33.06,10.0,4,"황상동입구 차고지인근, 방크고 밝은 올리모델링원룸",https://www.zigbang.com/home/apt/items/49068532
2026-06-17 08:30:41,원룸,49022952,월세,01,경상북도 구미시 황상동,구미시,황상동,50,8,0,30,9.07,4,인동정류장 3분거리 깔끔한 원룸,https://www.zigbang.com/home/apt/items/49022952
2026-06-17 08:30:41,원룸,48864606,월세,03,경상북도 구미시 인의동,구미시,인의동,100,15,0,30,9.07,4,"llll차고지인근, 침대있는 원룸",https://www.zigbang.com/home/apt/items/48864606
2026-06-17 08:30:58,원룸,49373978,월세,02,경상북도 경산시 진량읍 평사리(坪沙),경산시,진량읍,20,250,0,19.83,6.0,3,ㄱ대구대 한림 원룸..최고밀집 최저가격..26년6월도시가스,https://www.zigbang.com/home/apt/items/49373978
2026-06-17 08:30:58,원룸,49372522,월세,02,경상북도 경산시 진량읍 내리리,경산시,진량읍,20,650,0,66.1,20.0,5,ㄱ대구대 제니건물 투룸독채 루프탑 엘베 도시가스 도배교체,https://www.zigbang.com/home/apt/items/49372522
2026-06-17 08:30:58,원룸,49372491,월세,02,경상북도 경산시 진량읍 평사리(平沙),경산시,진량읍,20,450,0,36.36,11.0,4,ㄱ대구대 풀비체투룸 도시가스 아파트형 최신축 최저가 풀옵션,https://www.zigbang.com/home/apt/items/49372491
2026-06-17 08:30:58,원룸,49372465,월세,02,경상북도 경산시 진량읍 내리리,경산시,진량읍,20,320,0,23.14,7.0,1,ㄱ대구대 별이야기 원투룸..편세권1분 버세권3분 학세권5분,https://www.zigbang.com/home/apt/items/49372465
2026-06-17 08:30:58,원룸,49357900,월세,02,경상북도 경산시 진량읍 평사리(平沙),경산시,진량읍,20,170,0,23.14,7.0,반지하,"ㄱ대구대 우리빌 가격짱 주인짱..큰방,큰주방 취사용가스무료",https://www.zigbang.com/home/apt/items/49357900
2026-06-17 08:30:58,원룸,49284351,월세,01,경상북도 경산시 진량읍 평사리(平沙),경산시,진량읍,20,430,0,24,7.26,4,대구대 인근 원룸,https://www.zigbang.com/home/apt/items/49284351
2026-06-17 08:30:58,원룸,49284170,월세,01,경상북도 경산시 진량읍 평사리(坪沙),경산시,진량읍,20,270,0,25,7.56,2,대구대 인근 원룸,https://www.zigbang.com/home/apt/items/49284170
2026-06-17 08:30:58,원룸,49283954,월세,01,경상북도 경산시 진량읍 평사리(坪沙),경산시,진량읍,20,260,0,27,8.17,2,대구대인근 원룸,https://www.zigbang.com/home/apt/items/49283954
2026-06-17 08:30:58,원룸,49283650,월세,01,경상북도 경산시 진량읍 평사리(平沙),경산시,진량읍,20,240,0,24,7.26,2,대구대가성비좋은 원룸,https://www.zigbang.com/home/apt/items/49283650
2026-06-17 08:30:58,원룸,49180980,월세,01,경상북도 경산시 진량읍 평사리(坪沙),경산시,진량읍,20,450,0,27,8.17,2,대구대인근 신축원룸,https://www.zigbang.com/home/apt/items/49180980
2026-06-17 08:30:58,원룸,49167146,전세,02,경상북도 경산시 진량읍 내리리,경산시,진량읍,5000,0,0,27,8.17,2,대구대 원룸임대,https://www.zigbang.com/home/apt/items/49167146
2026-06-17 08:30:58,원룸,49138406,월세,02,경상북도 경산시 진량읍 내리리,경산시,진량읍,30,500,0,30,9.07,2,대구대 인근 분리된미니투룸,https://www.zigbang.com/home/apt/items/49138406
2026-06-17 08:30:58,원룸,49138296,월세,01,경상북도 경산시 진량읍 평사리(坪沙),경산시,진량읍,20,260,0,25,7.56,3,대구대 인근 가성비졸은 원룸,https://www.zigbang.com/home/apt/items/49138296
2026-06-17 08:30:59,원룸,49384306,월세,02,경상북도 영천시 금노동,영천시,금노동,300,30,0,27,8.17,3,금노동 터미널 근처 원룸,https://www.zigbang.com/home/apt/items/49384306
2026-06-17 08:30:59,원룸,49384251,월세,02,경상북도 영천시 문외동,영천시,문외동,300,30,0,27,8.17,2,문외동삼산아파트 인근 원룸,https://www.zigbang.com/home/apt/items/49384251
2026-06-17 08:30:59,원룸,49383593,월세,02,경상북도 영천시 문내동,영천시,문내동,300,35,0,40,12.1,2,즉시입주 미니투룸 방1.거실.욕실.세탁실  풀옵션 . 즉시,https://www.zigbang.com/home/apt/items/49383593
2026-06-17 08:30:59,원룸,49341765,월세,02,경상북도 영천시 문외동,영천시,문외동,300,30,0,26,7.86,3,시청인근 원룸 ㅇ 삼산아파트옆,https://www.zigbang.com/home/apt/items/49341765
2026-06-17 08:30:59,원룸,49333018,월세,02,경상북도 영천시 문외동,영천시,문외동,300,30,0,27,8.17,3,문외동 중앙초등학교 인근 원룸,https://www.zigbang.com/home/apt/items/49333018
2026-06-17 08:30:59,원룸,49325293,월세,01,경상북도 영천시 창구동,영천시,창구동,200,29,0,27,8.17,2,창구동 법원 인근 아담한 원룸,https://www.zigbang.com/home/apt/items/49325293
2026-06-17 08:30:59,원룸,49273683,월세,02,경상북도 영천시 문외동,영천시,문외동,500,30,0,27,8.17,2,문외동 중앙초 인근 원룸,https://www.zigbang.com/home/apt/items/49273683
2026-06-17 08:30:59,원룸,49272704,월세,02,경상북도 영천시 문외동,영천시,문외동,300,30,0,27,8.17,3,문외동 도서관 인근 원룸,https://www.zigbang.com/home/apt/items/49272704
2026-06-17 08:30:59,원룸,49272565,월세,02,경상북도 영천시 금노동,영천시,금노동,300,30,0,27,8.17,3,금노동 터미널 근처 원룸,https://www.zigbang.com/home/apt/items/49272565
2026-06-17 08:30:59,원룸,49272414,월세,02,경상북도 영천시 문내동,영천시,문내동,300,30,0,27,8.17,2,문외동 도서관 인근 원룸,https://www.zigbang.com/home/apt/items/49272414
2026-06-17 08:30:59,원룸,49160274,월세,01,경상북도 영천시 문내동,영천시,문내동,200,27,0,23,6.96,3,문내동 미니원룸 I 중앙초등학교 인근,https://www.zigbang.com/home/apt/items/49160274
2026-06-17 08:30:59,원룸,49160218,월세,02,경상북도 영천시 문내동,영천시,문내동,200,27,0,26,7.86,3,문내동 ㅣ 영천시보건소인근,https://www.zigbang.com/home/apt/items/49160218
2026-06-17 08:30:59,원룸,49160216,월세,02,경상북도 영천시 문외동,영천시,문외동,300,30,0,33,9.98,4,시청인근 미니투룸 ㅇ 삼산아파트옆,https://www.zigbang.com/home/apt/items/49160216
2026-06-17 08:30:59,원룸,49146996,월세,02,경상북도 영천시 문외동,영천시,문외동,1000,34,0,33,9.98,3,문외동  보건소 인근 미니투룸,https://www.zigbang.com/home/apt/items/49146996
2026-06-17 08:30:59,원룸,49069160,월세,02,경상북도 영천시 문내동,영천시,문내동,500,40,0,40,12.1,4,풀옵션미투 . 채광.환기좋음 . 신축급컨디션 중앙초 후문,https://www.zigbang.com/home/apt/items/49069160
2026-06-17 08:31:02,원룸,49396935,월세,01,경상북도 경주시 황성동,경주시,황성동,300,30,0,27,8.17,1,oO가성비원룸Oo단기가능,https://www.zigbang.com/home/apt/items/49396935
2026-06-17 08:31:02,원룸,49361783,월세,01,경상북도 경주시 용강동,경주시,용강동,200,27,0,29.75,9.0,1,"비교적 넓은 방,,, 보건소 시청 용강파출소 도보 가능",https://www.zigbang.com/home/apt/items/49361783
2026-06-17 08:31:02,원룸,49353114,월세,02,경상북도 경주시 용강동,경주시,용강동,200,38,0,49.59,15.0,2,"방1 거실,,,보건소 시청 도보 가능",https://www.zigbang.com/home/apt/items/49353114
2026-06-17 08:31:02,원룸,49288015,월세,01,경상북도 경주시 용강동,경주시,용강동,200,30,0,29.75,9.0,1,"비교적 넓은 방,,,보건소 시청 도보 가능",https://www.zigbang.com/home/apt/items/49288015
2026-06-17 08:31:02,원룸,49075447,월세,01,경상북도 경주시 용강동,경주시,용강동,1500,20,0,30,9.07,3,"시청,보건소 도보가능 즉시입주",https://www.zigbang.com/home/apt/items/49075447
2026-06-17 08:31:03,원룸,49366620,월세,03,경상북도 포항시 남구 효자동,포항시 남구,효자동,2000,45,0,56.96,17.23,3,복층형 오피스텔. 포항공대인근 엘리베이터. 컨디션최상,https://www.zigbang.com/home/apt/items/49366620
2026-06-17 08:31:03,원룸,49334723,월세,02,경상북도 포항시 남구 연일읍 유강리,포항시 남구,연일읍,1000,45,0,36.36,11.0,4,포항공대.미니투룸.준신축.엘리베이터.깔끔한 매물,https://www.zigbang.com/home/apt/items/49334723
2026-06-17 08:31:04,원룸,49295489,월세,01,경상북도 포항시 북구 흥해읍 초곡리,포항시 북구,흥해읍,300,35,0,26.45,8.0,2,ㅡ전 세 가 능 ㅡ초곡 선린대 바로앞 원룸,https://www.zigbang.com/home/apt/items/49295489
2026-06-17 08:31:04,원룸,49284187,월세,02,경상북도 포항시 북구 흥해읍 옥성리,포항시 북구,흥해읍,200,33,0,43,13.01,2,미니투룸.동부청사5분.선린대1정거장.초곡5분.주차공간많음,https://www.zigbang.com/home/apt/items/49284187
2026-06-17 08:31:04,원룸,49284160,월세,01,경상북도 포항시 북구 흥해읍 옥성리,포항시 북구,흥해읍,300,35,0,33.06,10.0,1,원룸월세.단기가능.ktx5분분.초곡현장3분거리.생활권좋은곳,https://www.zigbang.com/home/apt/items/49284160
2026-06-17 08:31:04,원룸,49284149,월세,02,경상북도 포항시 북구 흥해읍 중성리,포항시 북구,흥해읍,300,35,0,40,12.1,1,흥해시장인근.에코프로7분.포항역5분.초곡3분.정남향,https://www.zigbang.com/home/apt/items/49284149
2026-06-17 08:31:04,원룸,49227673,월세,02,경상북도 포항시 북구 흥해읍 중성리,포항시 북구,흥해읍,300,35,0,42.98,13.0,4,흥해시장안 미니투룸,https://www.zigbang.com/home/apt/items/49227673
2026-06-17 08:31:04,원룸,49218104,월세,02,경상북도 포항시 북구 흥해읍 남성리,포항시 북구,흥해읍,300,32,0,46.28,14.0,1,신항만7분.에코프로환영.초곡5분.단기가능.우리홈마트.깨끗,https://www.zigbang.com/home/apt/items/49218104
2026-06-17 08:31:04,원룸,49218046,월세,02,경상북도 포항시 북구 흥해읍 옥성리,포항시 북구,흥해읍,300,30,0,33,9.98,1,미니투룸.동부청사5분.선린대1정거장.초곡5분.주차공간많음.,https://www.zigbang.com/home/apt/items/49218046
2026-06-17 08:31:04,원룸,49218015,월세,02,경상북도 포항시 북구 흥해읍 옥성리,포항시 북구,흥해읍,200,25,0,33,9.98,1,침대.에코7분.단기가능.초곡5분..주차좋음.,https://www.zigbang.com/home/apt/items/49218015
2026-06-17 08:31:04,원룸,49195058,월세,01,경상북도 포항시 북구 흥해읍 남성리,포항시 북구,흥해읍,300,27,0,33,9.98,1,에코10분내.초곡5분.생활권짱.주차공간좋음.큰마트인근,https://www.zigbang.com/home/apt/items/49195058
2026-06-17 08:31:04,원룸,49195056,월세,02,경상북도 포항시 북구 흥해읍 중성리,포항시 북구,흥해읍,300,27,0,33,9.98,1,흥해시장인근.에코프로7분.포항역5분.초곡3분.정남향,https://www.zigbang.com/home/apt/items/49195056
2026-06-17 08:31:07,원룸,49327623,월세,02,경상북도 안동시 옥동,안동시,옥동,300,31,0,30,9.07,4,옥동 이마트 부근 원룸 월세,https://www.zigbang.com/home/apt/items/49327623
2026-06-17 08:31:07,원룸,49360056,월세,02,경상북도 안동시 용상동,안동시,용상동,300,30,0,30,9.07,2,용상 건강보험공단 인근 깔끔한 풀옵션 주방 분리형 원룸,https://www.zigbang.com/home/apt/items/49360056
2026-06-17 08:31:07,원룸,49339989,월세,02,경상북도 안동시 정하동,안동시,정하동,200,26,0,33.06,10.0,3,ㄴWOWㄱ주방분리형 원룸ㅣ준신축 컨디션 GOODㅣ,https://www.zigbang.com/home/apt/items/49339989
2026-06-17 08:31:07,원룸,49338112,월세,02,경상북도 안동시 용상동,안동시,용상동,300,40,0,40,12.1,2,용상동 깔끔한 미니투룸 주차 좋고 생활 환경 쾌적해요,https://www.zigbang.com/home/apt/items/49338112
2026-06-17 08:31:07,원룸,49329747,월세,02,경상북도 안동시 용상동,안동시,용상동,500,41,0,49.59,15.0,3,엘베ok 용상동3주공 인근 미니투룸 월세,https://www.zigbang.com/home/apt/items/49329747
2026-06-17 08:31:07,원룸,49318938,월세,02,경상북도 안동시 용상동,안동시,용상동,500,41,0,40,12.1,3,용상동 엘베 있고 조용한 주택가 인근에 위치한 미니 투룸,https://www.zigbang.com/home/apt/items/49318938
2026-06-17 08:32:27,원룸,49362519,월세,01,인천시 중구 운서동,중구,운서동,300,25,0,54.39,16.45,10,무료셔틀버스 운행,https://www.zigbang.com/home/apt/items/49362519
2026-06-17 08:32:27,원룸,49328637,월세,01,인천시 중구 운서동,중구,운서동,300,25,0,50.16,15.17,중,무료셔틀버스 인천공항 및 화물터미널 운행,https://www.zigbang.com/home/apt/items/49328637
2026-06-17 08:32:27,원룸,49328629,월세,04,인천시 중구 운서동,중구,운서동,500,45,0,83.6,25.29,12,"방, 거실 분리 구조 분양25평 무료셔틀버스 운행",https://www.zigbang.com/home/apt/items/49328629
2026-06-17 08:32:27,원룸,49285249,월세,01,인천시 중구 운서동,중구,운서동,1000,80,0,112.39,34.0,5,인천공항공사 바로앞 국제업무단지 오피스,https://www.zigbang.com/home/apt/items/49285249
2026-06-17 08:32:27,원룸,49248036,월세,01,인천시 중구 운서동,중구,운서동,300,30,0,64.72,19.58,10,"엘지에클라트 서향, 풀옵션, 무료셔틀버스 운행",https://www.zigbang.com/home/apt/items/49248036
2026-06-17 08:32:29,원룸,49390246,월세,03,인천시 중구 중산동,중구,중산동,500,65,0,57.97,17.54,22,"전입 신고 가능, 신축, 탑층, 남서향, 복층형 원룸",https://www.zigbang.com/home/apt/items/49390246
2026-06-17 08:32:29,원룸,49390232,월세,02,인천시 중구 중산동,중구,중산동,500,65,0,57.97,17.54,7,"귀한 전입 가능, 신축, 1.5룸, 수납과 공간 모두 좋음",https://www.zigbang.com/home/apt/items/49390232
2026-06-17 08:32:29,원룸,49390221,월세,04,인천시 중구 중산동,중구,중산동,1000,70,0,54.04,16.35,18,"귀한 투룸, 빠른 입주, 남동향, 오션뷰, 빠른 입주 가능",https://www.zigbang.com/home/apt/items/49390221
2026-06-17 08:32:29,원룸,49390162,월세,03,인천시 중구 중산동,중구,중산동,300,40,0,40.92,12.38,20,"복층형 원룸, 공간감 좋고 탁트인 시티뷰, 단기 가능",https://www.zigbang.com/home/apt/items/49390162
2026-06-17 08:32:29,원룸,49370607,월세,04,인천시 중구 중산동,중구,중산동,1000,70,0,45,13.61,6,신축 바다뷰투룸 .주차무료,https://www.zigbang.com/home/apt/items/49370607
2026-06-17 08:32:29,원룸,49268103,월세,02,인천시 중구 중산동,중구,중산동,500,62,0,34.79,10.52,중,十귀한전입가능한세대十채광좋음十빠른입주가능十내부컨디션좋음十,https://www.zigbang.com/home/apt/items/49268103
2026-06-17 08:32:29,원룸,49198996,월세,03,인천시 중구 중산동,중구,중산동,300,45,0,66.12,20.0,23,탁트인 바다뷰 복층 •전입가능,https://www.zigbang.com/home/apt/items/49198996
2026-06-17 08:32:29,원룸,49180161,월세,02,인천시 중구 중산동,중구,중산동,500,62,0,27,8.17,18,통창 신축 l 1.5룸 l 풀옵션 전입가능,https://www.zigbang.com/home/apt/items/49180161
2026-06-17 08:32:29,원룸,49180079,월세,04,인천시 중구 중산동,중구,중산동,1000,85,0,35,10.59,20,오션뷰 신축 . 투룸 . 전입가능 . 풀옵션,https://www.zigbang.com/home/apt/items/49180079
2026-06-17 08:33:27,원룸,49270329,월세,02,충청남도 홍성군 홍성읍 월산리,홍성군,홍성읍,300,30,0,21,6.35,4,법원 및 검찰청 인근에 있는 풀옵션 원룸,https://www.zigbang.com/home/apt/items/49270329
2026-06-17 08:33:27,원룸,49249056,월세,02,충청남도 홍성군 홍성읍 월산리,홍성군,홍성읍,200,23,0,21,6.35,3,주변 시세 대비 정말 저렴하게 나온 가성비 최고의 풀옵션,https://www.zigbang.com/home/apt/items/49249056
2026-06-17 08:33:27,원룸,49249019,월세,02,충청남도 홍성군 홍성읍 월산리,홍성군,홍성읍,300,30,0,21,6.35,3,검찰청 인근  월세 햇볕이 잘들고  5월25일 이후 입주,https://www.zigbang.com/home/apt/items/49249019
2026-06-17 08:33:27,원룸,49106056,월세,02,충청남도 홍성군 홍성읍 월산리,홍성군,홍성읍,300,35,0,21,6.35,4,법원인근 풀옵션에 깨끗하고 조용한 원룸입니다.,https://www.zigbang.com/home/apt/items/49106056
2026-06-17 08:33:27,원룸,49270507,월세,02,충청남도 홍성군 홍성읍 월산리,홍성군,홍성읍,200,30,0,21,6.35,3,법원인근 가성비 좋은 풀옵션 원룸,https://www.zigbang.com/home/apt/items/49270507
2026-06-17 08:33:27,원룸,49270297,월세,01,충청남도 홍성군 홍성읍 월산리,홍성군,홍성읍,300,30,0,21,6.35,2,깨끗하고 편의시설을 갖춘 곳,https://www.zigbang.com/home/apt/items/49270297
2026-06-17 08:33:27,원룸,49249354,월세,02,충청남도 홍성군 홍성읍 옥암리,홍성군,홍성읍,500,42,0,59,17.85,1,홍성초 인근에 있는 관리 잘된 3룸,https://www.zigbang.com/home/apt/items/49249354
2026-06-17 08:33:27,원룸,49249135,월세,02,충청남도 홍성군 홍성읍 월산리,홍성군,홍성읍,300,30,0,23,6.96,4,법원 인근에 위치한 분리형 1.5룸 풀옵션 매물,https://www.zigbang.com/home/apt/items/49249135
2026-06-17 08:33:27,원룸,49106279,월세,02,충청남도 홍성군 홍성읍 월산리,홍성군,홍성읍,200,30,0,21,6.35,2,법원 인근 e편한세상 바로 앞 조용하고 깨끗한 가성비 최고,https://www.zigbang.com/home/apt/items/49106279
2026-06-17 08:33:27,원룸,49352844,월세,02,충청남도 홍성군 홍성읍 대교리,홍성군,홍성읍,300,30,0,21,6.35,1,홍성여고가 인접하여  조용하고 보안상태 좋고 깨끗한 원룸,https://www.zigbang.com/home/apt/items/49352844
2026-06-17 08:33:27,원룸,49397589,월세,01,충청남도 홍성군 홍북읍 대동리,홍성군,홍북읍,300,36,0,26.45,8.0,1,신축 원룸 풀옵션,https://www.zigbang.com/home/apt/items/49397589
2026-06-17 08:33:27,원룸,49395640,월세,01,충청남도 홍성군 홍북읍 대동리,홍성군,홍북읍,300,40,0,28.1,8.5,2,신축 원룸 풀옵션,https://www.zigbang.com/home/apt/items/49395640
2026-06-17 08:33:27,원룸,49368678,월세,01,충청남도 홍성군 홍북읍 대동리,홍성군,홍북읍,300,37,0,23.14,7.0,4,신축 원룸 풀옵션,https://www.zigbang.com/home/apt/items/49368678
2026-06-17 08:33:29,원룸,49381812,월세,01,충청남도 당진시 수청동,당진시,수청동,50,67,0,61.11,18.49,9,"최대할인, 출장용 추천, 호텔식 풀옵션",https://www.zigbang.com/home/apt/items/49381812
2026-06-17 08:33:29,원룸,49228215,월세,01,충청남도 당진시 수청동,당진시,수청동,185,62,0,61.11,18.49,고,"최대할인, 버스터미널 5분, 풀옵션",https://www.zigbang.com/home/apt/items/49228215
2026-06-17 08:33:30,원룸,49258388,월세,01,충청남도 당진시 신평면 금천리,당진시,신평면,300,29,0,16.52,5.0,3,"대형원룸 주차편리 편의점 ,버스정류장 바로 앞",https://www.zigbang.com/home/apt/items/49258388
2026-06-17 08:33:32,원룸,49288445,월세,02,충청남도 천안시 동남구 풍세면 용정리,천안시 동남구,풍세면,200,29,0,23.14,7.0,3,창이 많아 환기좋고 구조좋은 넓은 원룸,https://www.zigbang.com/home/apt/items/49288445
2026-06-17 08:33:32,원룸,49288378,월세,01,충청남도 천안시 동남구 풍세면 용정리,천안시 동남구,풍세면,1500,15,0,23.14,7.0,3,보증금 조절가능 산업단지 인근 깔끔한 신축급 컨디션,https://www.zigbang.com/home/apt/items/49288378
2026-06-17 08:33:32,원룸,49213539,월세,02,충청남도 천안시 동남구 풍세면 용정리,천안시 동남구,풍세면,200,30,0,24,7.26,3,풍세 산업단지 도보이동 가능 넓은 신축급 분리형 원룸,https://www.zigbang.com/home/apt/items/49213539
2026-06-17 08:33:32,원룸,49157299,월세,02,충청남도 천안시 동남구 풍세면 용정리,천안시 동남구,풍세면,200,30,0,23.14,7.0,2,산업단지 인근 풀옵션 신축급 저렴한 원룸,https://www.zigbang.com/home/apt/items/49157299
2026-06-17 08:33:35,원룸,49304065,월세,01,충청남도 천안시 동남구 목천읍 신계리,천안시 동남구,목천읍,300,30,0,26.45,8.0,2,"목천 전문, 반전세2천가능, 투베이, 투룸도 있어요.",https://www.zigbang.com/home/apt/items/49304065
2026-06-17 08:33:35,원룸,49287983,전세,02,충청남도 천안시 동남구 목천읍 신계리,천안시 동남구,목천읍,3500,0,0,26.44,8.0,2,"세입자방 단독, LH 가능, 보증보험 가능, 안전한 전세",https://www.zigbang.com/home/apt/items/49287983
2026-06-17 08:33:35,원룸,49233194,월세,02,충청남도 천안시 동남구 목천읍 신계리,천안시 동남구,목천읍,500,29,0,23.14,7.0,3,"목천읍, 깔끔한분리형원룸, 풀옵션",https://www.zigbang.com/home/apt/items/49233194
2026-06-17 08:33:35,원룸,49203751,월세,02,충청남도 천안시 동남구 목천읍 신계리,천안시 동남구,목천읍,300,30,0,26.44,8.0,3,"단기가능, 세입자방 단독, 반전세 협의전화.",https://www.zigbang.com/home/apt/items/49203751
2026-06-17 08:33:35,원룸,49201650,월세,02,충청남도 천안시 동남구 목천읍 신계리,천안시 동남구,목천읍,500,40,0,42,12.7,1,분리형투베이 주차장 널널 즉시입주가능,https://www.zigbang.com/home/apt/items/49201650
2026-06-17 08:33:35,원룸,49361722,월세,02,충청남도 천안시 서북구 성환읍 매주리,천안시 서북구,성환읍,500,57,0,46.28,14.0,3,성환역 인근 귀한 분리형 화이트톤 넓은 투베이,https://www.zigbang.com/home/apt/items/49361722
2026-06-17 08:33:35,원룸,49217511,월세,02,충청남도 천안시 서북구 성환읍 성환리,천안시 서북구,성환읍,500,47,0,33.06,10.0,2,"성환역인근, 신축원룸",https://www.zigbang.com/home/apt/items/49217511
2026-06-17 08:33:35,원룸,48840595,월세,02,충청남도 천안시 서북구 성환읍 매주리,천안시 서북구,성환읍,500,48,0,33.06,10.0,3,성환역 가까운 신축급 화이트 원룸,https://www.zigbang.com/home/apt/items/48840595
2026-06-17 08:33:35,원룸,49328621,월세,02,충청남도 천안시 서북구 직산읍 삼은리,천안시 서북구,직산읍,1500,25,0,22.8,6.9,2,ㅁ직산 삼은리 인근 깔끔한 화이트톤 원룸ㅁ,https://www.zigbang.com/home/apt/items/49328621
2026-06-17 08:33:35,원룸,49304080,전세,02,충청남도 천안시 서북구 직산읍 삼은리,천안시 서북구,직산읍,4000,0,0,26.44,8.0,3,"세입자방 전속, LH 가능, 보증보험 가능,  안전한 전세",https://www.zigbang.com/home/apt/items/49304080
2026-06-17 08:33:35,원룸,49262077,월세,02,충청남도 천안시 서북구 직산읍 삼은리,천안시 서북구,직산읍,500,53,0,37.5,11.34,3,"ㅡ분리형 투베이ㅡ화이트톤 신축 , 직산 파출소 인근",https://www.zigbang.com/home/apt/items/49262077
2026-06-17 08:33:35,원룸,49244199,월세,02,충청남도 천안시 서북구 성거읍 신월리,천안시 서북구,성거읍,300,36,0,23.14,7.0,2,"서북구청, 리모델링, 풀옵션",https://www.zigbang.com/home/apt/items/49244199
2026-06-17 08:33:36,원룸,49377713,월세,01,충청남도 천안시 서북구 입장면 하장리,천안시 서북구,입장면,300,35,0,33.06,10.0,3,귀한 원룸 주차장도 널널해요 위치 좋아요,https://www.zigbang.com/home/apt/items/49377713
2026-06-17 08:33:38,원룸,49374283,월세,02,경기도 평택시 포승읍 도곡리,평택시,포승읍,100,28,0,23.14,7.0,1,"ㅁ단기가능ㅁ 포승 공단, 화양지구, 서평택TG 인접",https://www.zigbang.com/home/apt/items/49374283
2026-06-17 08:33:38,원룸,49370111,월세,02,경기도 평택시 포승읍 도곡리,평택시,포승읍,100,23,0,19.83,6.0,1,"ㅁ1개월 단기도 가능ㅁ 포승 공단, 평택항, 화양지구 근접",https://www.zigbang.com/home/apt/items/49370111
2026-06-17 08:33:38,원룸,49356709,월세,01,경기도 평택시 포승읍 도곡리,평택시,포승읍,200,30,0,20,6.05,2,ㅁ 내기삼거리 인근 ㅁ 즉시입주 가능한 원룸 ㅁ,https://www.zigbang.com/home/apt/items/49356709
2026-06-17 08:33:38,원룸,49337641,월세,02,경기도 평택시 포승읍 도곡리,평택시,포승읍,100,25,0,23.14,7.0,4,"ㅁ단기가능 ㅁ 대형1룸 ㅁ 포승, 도곡리 매우 넓은 1룸",https://www.zigbang.com/home/apt/items/49337641
2026-06-17 08:33:38,원룸,49288017,월세,01,경기도 평택시 포승읍 도곡리,평택시,포승읍,200,37,0,20,6.05,3,ㅁ 화양지구 차량 5분 위치한 깔끔한 원룸 ㅁ,https://www.zigbang.com/home/apt/items/49288017
2026-06-17 08:33:38,원룸,49240495,월세,01,경기도 평택시 포승읍 도곡리,평택시,포승읍,200,40,0,20,6.05,2,ㅁ 화양지구 출퇴근 용이한 원룸 ㅁ 즉시입주 ㅁ,https://www.zigbang.com/home/apt/items/49240495
2026-06-17 08:33:38,원룸,49227187,월세,02,경기도 평택시 포승읍 내기리,평택시,포승읍,500,45,0,23.69,7.17,2,"S2분리형원룸,포승,평택항인근,단기가능,기숙사가능S2",https://www.zigbang.com/home/apt/items/49227187
2026-06-17 08:33:38,원룸,49227164,월세,01,경기도 평택시 포승읍 내기리,평택시,포승읍,500,40,0,19.2,5.81,4,"S2단기가능,포승,평택항인근,기숙사가능S2",https://www.zigbang.com/home/apt/items/49227164
2026-06-17 08:33:38,원룸,47376964,전세,02,경기도 평택시 포승읍 내기리,평택시,포승읍,7000,0,0,23.15,7.0,2,"S2분리형 원룸, 포승, 평택항인근, 기숙사가능S2",https://www.zigbang.com/home/apt/items/47376964
2026-06-17 08:33:38,원룸,49366215,월세,01,경기도 평택시 포승읍 원정리,평택시,포승읍,200,35,0,20,6.05,2,"ㅁ기아자동차, 석유공사 출퇴근 용이한 원룸 ㅁ 단기가능 ㅁ",https://www.zigbang.com/home/apt/items/49366215
2026-06-17 08:33:38,원룸,49254805,월세,01,경기도 평택시 포승읍 원정리,평택시,포승읍,20,40,0,28.84,8.72,1,ㅁ 단기가능 ㅁ기아자동차 출퇴근 용이한 원룸 ㅁ,https://www.zigbang.com/home/apt/items/49254805
2026-06-17 08:33:41,원룸,49216785,월세,02,경기도 화성시 마도면 청원리,화성시,마도면,500,35,0,40.55,12.27,1,단독주택 1.5룸 크고 좋아요 이사협의 7월초 가능합니다.,https://www.zigbang.com/home/apt/items/49216785
2026-06-17 08:33:42,원룸,49358025,월세,01,경기도 화성시 만세구 마도면 청원리,화성시 만세구,마도면,200,33,0,16.8,5.08,3,신축 첫입주이며 층 호수  선택가능함 임대료 관리비저렴,https://www.zigbang.com/home/apt/items/49358025
2026-06-17 08:33:42,원룸,49278460,월세,01,경기도 화성시 만세구 마도면 청원리,화성시 만세구,마도면,200,33,0,20,6.05,3,첫입주 바이오밸리인접 3칸월세 보500만월50만도 있어요,https://www.zigbang.com/home/apt/items/49278460
2026-06-17 08:33:42,원룸,49216882,전세,02,경기도 화성시 만세구 마도면 청원리,화성시 만세구,마도면,4000,0,0,30,9.07,3,늦게퇴근해도 주차가능하고 넓고 환한 분리형 원룸입니다 즉시,https://www.zigbang.com/home/apt/items/49216882
2026-06-17 08:33:42,원룸,49348473,월세,01,경기도 화성시 향남읍 장짐리,화성시,향남읍,500,53,0,18.46,5.58,2,전입신고가능한 오피스텔형 원룸 외국인 안됨,https://www.zigbang.com/home/apt/items/49348473
2026-06-17 08:33:42,원룸,49331101,월세,01,경기도 화성시 만세구 향남읍 장짐리,화성시 만세구,향남읍,500,53,0,18.6,5.63,2,컨디션 최상. 향남1지구 원룸. 엘베O. 전입O.,https://www.zigbang.com/home/apt/items/49331101
2026-06-17 08:33:44,원룸,49206253,월세,02,경기도 평택시 청북읍 한산리,평택시,청북읍,200,30,0,26.44,8.0,2,"어연한산공단 인근,주방 분리형 원룸,단기가능",https://www.zigbang.com/home/apt/items/49206253
2026-06-17 08:33:44,원룸,49307285,월세,02,경기도 평택시 청북읍 어소리,평택시,청북읍,300,30,0,23.4,7.08,2,주차걱정없는  주방분리형 아주 넓은 원룸예요,https://www.zigbang.com/home/apt/items/49307285
2026-06-17 08:33:44,원룸,49384508,월세,01,경기도 평택시 청북읍 후사리,평택시,청북읍,300,30,0,22.17,6.71,3,현곡 오성 산업단지내 인기 최고의 신축 원룸,https://www.zigbang.com/home/apt/items/49384508
2026-06-17 08:33:44,원룸,49029262,월세,01,경기도 평택시 청북읍 현곡리,평택시,청북읍,100,40,0,20,6.05,3,"ㅁ 마켓컬리, 고렴산업단지 출퇴근 용이한 원룸 ㅁ즉시입주ㅁ",https://www.zigbang.com/home/apt/items/49029262
2026-06-17 08:33:44,원룸,49395498,월세,02,경기도 평택시 청북읍 어연리,평택시,청북읍,300,40,0,16.17,4.89,3,어연 산업단지 남향 분리형 원룸 6월 말 입주가능,https://www.zigbang.com/home/apt/items/49395498
2026-06-17 08:33:44,원룸,49390886,월세,01,경기도 평택시 청북읍 한산리,평택시,청북읍,300,30,0,15.12,4.57,1,조용하고 가성비 좋은 신축 원룸,https://www.zigbang.com/home/apt/items/49390886
2026-06-17 08:33:44,원룸,49385285,월세,02,경기도 평택시 청북읍 어연리,평택시,청북읍,300,30,0,22.17,6.71,3,"위치,시설,편리성최고인 원룸 인근서 가장 인기많아요",https://www.zigbang.com/home/apt/items/49385285
2026-06-17 08:33:44,원룸,49384490,월세,01,경기도 평택시 청북읍 어연리,평택시,청북읍,300,40,0,19.38,5.86,4,2022 년 신축 풀 옵션 원룸 임대합니다.,https://www.zigbang.com/home/apt/items/49384490
2026-06-17 08:33:44,원룸,49358361,월세,02,경기도 평택시 청북읍 어연리,평택시,청북읍,300,44,0,16.22,4.91,4,어연 산업단지 인근 깔끔한 분리형 원룸,https://www.zigbang.com/home/apt/items/49358361
2026-06-17 08:33:44,원룸,49301575,월세,02,경기도 평택시 청북읍 어연리,평택시,청북읍,500,51,0,19.12,5.78,4,어연산업단지 구조 좋은 1.5룸 빠른 입주 가능,https://www.zigbang.com/home/apt/items/49301575
2026-06-17 08:33:44,원룸,49250353,월세,02,경기도 평택시 청북읍 어연리,평택시,청북읍,300,33,0,23.14,7.0,2,어연리 위치좋은 주방 분리형 원룸,https://www.zigbang.com/home/apt/items/49250353
2026-06-17 08:33:44,원룸,49213445,월세,02,경기도 평택시 청북읍 한산리,평택시,청북읍,300,42,0,23.14,7.0,3,어연한산 공단내 신축 풀옵션 원룸입니다,https://www.zigbang.com/home/apt/items/49213445
2026-06-17 08:33:44,원룸,49211133,월세,02,경기도 평택시 청북읍 어연리,평택시,청북읍,500,50,0,22.11,6.69,2,어연 산업단지 1.5룸 7월 중순에 입주 가능,https://www.zigbang.com/home/apt/items/49211133
2026-06-17 08:33:44,원룸,49197506,월세,01,경기도 평택시 청북읍 한산리,평택시,청북읍,200,28,0,17.06,5.16,3,어연한산인근 제일 가성비 좋은 원룸,https://www.zigbang.com/home/apt/items/49197506
2026-06-17 08:33:44,원룸,49154859,월세,01,경기도 평택시 청북읍 어연리,평택시,청북읍,200,35,0,19.83,6.0,5,어연한산 산업단지내  가성비 최고의  원룸  정말 좋아요,https://www.zigbang.com/home/apt/items/49154859
2026-06-17 08:33:46,원룸,49371065,월세,01,충청남도 천안시 서북구 성환읍 성환리,천안시 서북구,성환읍,100,29,0,20,6.05,2,성환역근처 새로 리모델링한 원룸입니다,https://www.zigbang.com/home/apt/items/49371065
2026-06-17 08:33:46,원룸,49325070,월세,02,충청남도 천안시 서북구 성환읍 성환리,천안시 서북구,성환읍,300,40,0,39.66,12.0,2,성환역세권 깨끗한 투베이  거실 1 방1 입니다,https://www.zigbang.com/home/apt/items/49325070
2026-06-17 08:33:46,원룸,49324811,월세,01,충청남도 천안시 서북구 성환읍 성환리,천안시 서북구,성환읍,100,28,0,20,6.05,2,성환역앞 편리한 위치입니다,https://www.zigbang.com/home/apt/items/49324811
2026-06-17 08:33:46,원룸,49185062,월세,02,충청남도 천안시 서북구 성환읍 성월리,천안시 서북구,성환읍,200,48,0,28,8.47,2,단기가능한 NEW 화이트 원룸,https://www.zigbang.com/home/apt/items/49185062
2026-06-17 08:33:46,원룸,49167171,월세,01,충청남도 천안시 서북구 성환읍 성환리,천안시 서북구,성환읍,500,35,0,19.83,6.0,2,성환역앞 신축원룸입니다,https://www.zigbang.com/home/apt/items/49167171
2026-06-17 08:33:46,원룸,49144233,월세,02,충청남도 천안시 서북구 성환읍 성환리,천안시 서북구,성환읍,300,43,0,33.05,10.0,3,성환역과 성환터미날에서 가까운 깨끗한 신축 원룸입니다.,https://www.zigbang.com/home/apt/items/49144233
2026-06-17 08:33:46,원룸,48692051,월세,02,충청남도 천안시 서북구 성환읍 성월리,천안시 서북구,성환읍,300,44,0,33.06,10.0,2,성환역도보8분 산축 풀옵션 원룸입니다,https://www.zigbang.com/home/apt/items/48692051
2026-06-17 08:33:46,원룸,48116456,월세,02,충청남도 천안시 서북구 성환읍 성환리,천안시 서북구,성환읍,500,45,0,23.14,7.0,2,"성환읍, 신축급 원룸, 깔끔한 화이트톤",https://www.zigbang.com/home/apt/items/48116456
2026-06-17 08:33:46,원룸,49382851,월세,01,충청남도 천안시 서북구 성환읍 성월리,천안시 서북구,성환읍,200,37,0,33.06,10.0,1,학사촌 넓고 깨끗한 원룸입니다,https://www.zigbang.com/home/apt/items/49382851
2026-06-17 08:33:46,원룸,49377674,월세,02,충청남도 천안시 서북구 성환읍 성월리,천안시 서북구,성환읍,300,50,0,33.06,10.0,4,성환 가장 좋은 신축 넓은방 정남향 주차장넓어요,https://www.zigbang.com/home/apt/items/49377674
2026-06-17 08:33:46,원룸,49363811,월세,01,충청남도 천안시 서북구 성환읍 성월리,천안시 서북구,성환읍,200,34,0,26.45,8.0,3,6개월 가능 깨끗하고 경제적인 원룸입니다,https://www.zigbang.com/home/apt/items/49363811
2026-06-17 08:33:46,원룸,49271818,월세,02,충청남도 천안시 서북구 성환읍 성월리,천안시 서북구,성환읍,300,44,0,33.06,10.0,2,터미널과 남대사이  신축원룸입니다,https://www.zigbang.com/home/apt/items/49271818
2026-06-17 08:33:46,원룸,49252515,월세,02,충청남도 천안시 서북구 성환읍 성환리,천안시 서북구,성환읍,500,54,0,40,12.1,2,성환역 남서울대 도보가능 신축 투베이 풀옵션,https://www.zigbang.com/home/apt/items/49252515
2026-06-17 08:33:46,원룸,49252493,월세,02,충청남도 천안시 서북구 성환읍 성환리,천안시 서북구,성환읍,500,45,0,33.06,10.0,2,"성환리 신축급 , 즉시입주 가능한 분리형 원룸",https://www.zigbang.com/home/apt/items/49252493
2026-06-17 08:33:46,원룸,49217415,월세,01,충청남도 천안시 서북구 성환읍 성환리,천안시 서북구,성환읍,500,43,0,33.06,10.0,4,"남서울대도보가능, 신축풀옵션",https://www.zigbang.com/home/apt/items/49217415
2026-06-17 08:33:46,원룸,49196449,월세,02,충청남도 천안시 서북구 성환읍 성환리,천안시 서북구,성환읍,500,54,0,40,12.1,3,분리형 신축 투베이,https://www.zigbang.com/home/apt/items/49196449
2026-06-17 08:33:46,원룸,49188175,월세,02,충청남도 천안시 서북구 성환읍 성환리,천안시 서북구,성환읍,500,54,0,49,14.82,3,분리형투베이신축 깨끗,https://www.zigbang.com/home/apt/items/49188175
2026-06-17 08:33:46,원룸,49114485,월세,01,충청남도 천안시 서북구 성환읍 성월리,천안시 서북구,성환읍,100,34,0,33.05,10.0,2,넓은 원룸입니다 남대 도보 7분에서 8분 정도,https://www.zigbang.com/home/apt/items/49114485
2026-06-17 08:33:46,원룸,49094281,월세,01,충청남도 천안시 서북구 성환읍 성월리,천안시 서북구,성환읍,1000,45,0,30,9.07,4,성환 중심 화이트톤  남서울대 가까운거리 추천드려요,https://www.zigbang.com/home/apt/items/49094281
2026-06-17 08:33:46,원룸,47965380,월세,02,충청남도 천안시 서북구 성환읍 성환리,천안시 서북구,성환읍,500,45,0,23.14,7.0,3,남서울대 성환역 신축급원룸,https://www.zigbang.com/home/apt/items/47965380
2026-06-17 08:33:47,원룸,49377696,월세,02,충청남도 천안시 서북구 입장면 독정리,천안시 서북구,입장면,500,33,0,29.75,9.0,2,입장면 교통편 위치 좋은 분리형 원룸 빠른 입주가능,https://www.zigbang.com/home/apt/items/49377696
2026-06-17 08:33:47,원룸,49316472,월세,01,경기도 안성시 대덕면 내리,안성시,대덕면,200,39,0,18,5.44,3,J엘베있어요J풀옵션J깔금J,https://www.zigbang.com/home/apt/items/49316472
2026-06-17 08:33:47,원룸,49381347,월세,02,경기도 평택시 용이동,평택시,용이동,2000,36,0,20.89,6.32,4,ꔚGOꔚ신축급 원룸ꔚ보증금 조절가능ꔚ하이닉스셔틀.스타필드,https://www.zigbang.com/home/apt/items/49381347
2026-06-17 08:33:47,원룸,49302800,월세,02,경기도 안성시 원곡면 칠곡리,안성시,원곡면,250,41,0,25,7.56,2,"엘베O, 대형 주차장, 넓은 분리형, 완전풀옵션 굿",https://www.zigbang.com/home/apt/items/49302800
2026-06-17 08:33:48,원룸,49297116,월세,02,경기도 안성시 원곡면 칠곡리,안성시,원곡면,200,29,0,22,6.65,4,ꕥ오늘매물ꕥ원곡물류 칠곡저수지ꕥ귀한매물ꕥ저렴한월세ꕥ,https://www.zigbang.com/home/apt/items/49297116
2026-06-17 08:33:48,원룸,49269249,월세,02,경기도 안성시 원곡면 칠곡리,안성시,원곡면,200,29,0,20,6.05,4,ꔚ칠곡저수지ꔚ풀옵원룸ꔚ바로입주ꔚ원곡물류ꔚ안성쿠팡물류ꔚ,https://www.zigbang.com/home/apt/items/49269249
2026-06-17 08:33:48,원룸,49269219,월세,02,경기도 안성시 원곡면 칠곡리,안성시,원곡면,200,29,0,20,6.05,4,ꔚ원곡물류단지ꔚ칠곡리원룸ꔚ초특가ꔚ갓성비짱ꔚ즉시가능ꔚ,https://www.zigbang.com/home/apt/items/49269219
2026-06-17 08:33:48,원룸,49396896,월세,01,경기도 안성시 공도읍 마정리,안성시,공도읍,200,30,0,17.5,5.29,2,깨끗한룸   베란다   38국도 도보 가능,https://www.zigbang.com/home/apt/items/49396896
2026-06-17 08:33:48,원룸,49386752,전세,02,경기도 안성시 공도읍 마정리,안성시,공도읍,5500,0,0,29.75,9.0,2,방한개  거실  베란다   밝은룸   주차시설 편의점바로앞,https://www.zigbang.com/home/apt/items/49386752
2026-06-17 08:33:48,원룸,49184035,전세,02,경기도 안성시 공도읍 마정리,안성시,공도읍,6000,0,0,42,12.7,2,방2개   거실    베란다   밝은룸  주차좋음,https://www.zigbang.com/home/apt/items/49184035
2026-06-17 08:33:48,원룸,49385474,월세,02,경기도 안성시 대덕면 내리,안성시,대덕면,1000,48,0,26.4,7.99,2,"7월24입주,주방분리형원룸,베란다,주차시설좋음,",https://www.zigbang.com/home/apt/items/49385474
2026-06-17 08:33:48,원룸,49380712,월세,01,경기도 안성시 대덕면 내리,안성시,대덕면,4000,10,0,19.83,6.0,4,"조용한주거타운,주차시설좋음,6월22입주",https://www.zigbang.com/home/apt/items/49380712
2026-06-17 08:33:48,원룸,49380661,월세,01,경기도 안성시 석정동,안성시,석정동,500,44,0,26.45,8.0,2,"한경대정문앞,7월4이후입주,기본옵션구비됨",https://www.zigbang.com/home/apt/items/49380661
2026-06-17 08:33:48,원룸,49378219,월세,01,경기도 안성시 석정동,안성시,석정동,500,44,0,26.4,7.99,2,O우리O 한경대 정문 인근 풀옵션원룸,https://www.zigbang.com/home/apt/items/49378219
2026-06-17 08:33:48,원룸,49376024,월세,01,경기도 안성시 대덕면 내리,안성시,대덕면,1000,35,0,23.14,7.0,2,"중앙대후문,조용한주거지,주차시설좋음,7월12입주",https://www.zigbang.com/home/apt/items/49376024
2026-06-17 08:33:48,원룸,49108089,월세,03,경기도 안성시 신소현동,안성시,신소현동,1000,58,0,19.83,6.0,6,"7월말입주,기본옵션,주차시설좋음.2000.53가능",https://www.zigbang.com/home/apt/items/49108089
2026-06-17 08:33:48,원룸,49388222,월세,01,경기도 안성시 양성면 동항리,안성시,양성면,300,36,0,23,6.96,3,"엘베O, 넓고 깔끔한 풀옵션, 전망최고",https://www.zigbang.com/home/apt/items/49388222
2026-06-17 08:33:48,원룸,49380975,월세,02,경기도 안성시 양성면 구장리,안성시,양성면,300,36,0,22,6.65,3,ꕥ오늘매물ꕥ양성파출소인ꕥ도배새로 깔끔ꕥ채광 굿ꕥ,https://www.zigbang.com/home/apt/items/49380975
2026-06-17 08:33:48,원룸,49376911,월세,02,경기도 안성시 양성면 구장리,안성시,양성면,300,36,0,22,6.65,3,"ꔫ양성파출소인근ꔫ신축급분리형ꔫ풀옵션,도배예정ꔫ",https://www.zigbang.com/home/apt/items/49376911
2026-06-17 08:33:48,원룸,49372068,월세,02,경기도 안성시 양성면 구장리,안성시,양성면,300,36,0,22,6.65,3,ꔚ양성파출소인근ꔚ신축급원룸ꔚ깔끔옵션ꔚ주방분리ꔚ도배까지ꔚ,https://www.zigbang.com/home/apt/items/49372068
2026-06-17 08:33:48,원룸,49370833,월세,02,경기도 안성시 양성면 구장리,안성시,양성면,300,36,0,22,6.65,3,ꗄ신축급ꗄ관포45ꗄ엘베okꗄ양성에서 제일 좋은 방ꗄ,https://www.zigbang.com/home/apt/items/49370833
2026-06-17 08:33:48,원룸,49370081,월세,02,경기도 안성시 양성면 구장리,안성시,양성면,300,36,0,22,6.65,3,"ꔫ양성파출소부근ꔫ신축급분리형ꔫ도배예정ꔫ풀옵션,엘베ꔫ주차편리",https://www.zigbang.com/home/apt/items/49370081
2026-06-17 08:33:48,원룸,49349378,월세,01,경기도 안성시 양성면 동항리,안성시,양성면,300,24,0,22.01,6.66,2,"㉧ 6월15일 확인매물 ㉧산업단지도보15분, 최저가원룸",https://www.zigbang.com/home/apt/items/49349378
2026-06-17 08:33:48,원룸,49344812,월세,02,경기도 안성시 양성면 구장리,안성시,양성면,300,36,0,22,6.65,3,"㉧ 6월15일 확인매물 ㉧ 양성면 인근, 깔끔한 분리형원룸",https://www.zigbang.com/home/apt/items/49344812
2026-06-17 08:33:48,원룸,49315312,월세,02,경기도 안성시 양성면 동항리,안성시,양성면,300,46,0,28,8.47,3,ꔚ양성터미널5분ꔚ컨디션좋은방ꔚ주차편리ꔚ조용한동네ꔚ넓은방ꔚ,https://www.zigbang.com/home/apt/items/49315312
2026-06-17 08:33:48,원룸,49312762,월세,02,경기도 안성시 양성면 동항리,안성시,양성면,300,46,0,25,7.56,3,"㉧ 6월15일 확인매물 ㉧산업단지도보10분, 분리형넓은원룸",https://www.zigbang.com/home/apt/items/49312762
2026-06-17 08:33:48,원룸,49312499,월세,02,경기도 안성시 양성면 동항리,안성시,양성면,300,46,0,25,7.56,3,ꔫ동항리ꔫ주차널널ꔫ컨디션좋은분리형ꔫ엘베ꔫ,https://www.zigbang.com/home/apt/items/49312499
2026-06-17 08:33:48,원룸,49312338,월세,01,경기도 안성시 양성면 동항리,안성시,양성면,300,24,0,22,6.65,2,ꔫ양성면행정복지센터인근ꔫ합33초저렴ꔫ풀옵션ꔫ바로입주가능ꔫ,https://www.zigbang.com/home/apt/items/49312338
2026-06-17 08:33:48,원룸,49311580,월세,02,경기도 안성시 양성면 동항리,안성시,양성면,300,46,0,30,9.07,3,6월15일ꗄ운동장사이즈ꗄ둘이살아도 충분ꗄ채광좋은 농촌뷰ꗄ,https://www.zigbang.com/home/apt/items/49311580
2026-06-17 08:33:48,원룸,49272421,월세,02,경기도 안성시 양성면 동항리,안성시,양성면,300,46,0,28,8.47,3,ꔚ양성터미널ꔚ1.5룸급넓은방ꔚ즉시가능ꔚ주차편리ꔚ2인거뜬ꔚ,https://www.zigbang.com/home/apt/items/49272421
2026-06-17 08:33:49,원룸,49249156,월세,02,경기도 화성시 효행구 정남면 문학리,화성시 효행구,정남면,1000,60,0,39.67,12.0,4,신축1.8룸넓은테라스주차걱정NO보증금조절가능,https://www.zigbang.com/home/apt/items/49249156
2026-06-17 08:33:49,원룸,49232257,월세,02,경기도 화성시 정남면 문학리,화성시,정남면,3000,45,0,39.67,12.0,4,1.5룸특급옵션월세넓은테라스주차편리,https://www.zigbang.com/home/apt/items/49232257
2026-06-17 08:33:49,원룸,49052975,월세,02,경기도 화성시 정남면 문학리,화성시,정남면,2000,39,0,39.67,12.0,2,1.5룸 주차편리 너무편리한옵션,https://www.zigbang.com/home/apt/items/49052975
2026-06-17 08:33:49,원룸,49389421,월세,02,경기도 화성시 정남면 덕절리,화성시,정남면,2000,40,0,33.06,10.0,4,ꔪꔪ우리ꔪꔪ덕절리1.5룸ꔪꔪ8월만기ꔪꔪ,https://www.zigbang.com/home/apt/items/49389421
2026-06-17 08:33:49,원룸,49335357,월세,02,경기도 화성시 정남면 덕절리,화성시,정남면,500,44,0,32.43,9.81,4,ꔪꔪ우리ꔪꔪ분리형원룸ꔪꔪ실매물ꔪꔪ,https://www.zigbang.com/home/apt/items/49335357
2026-06-17 08:33:49,원룸,49125383,월세,02,경기도 화성시 효행구 정남면 덕절리,화성시 효행구,정남면,500,55,0,33,9.98,4,ꔪꔪ우리ꔪꔪ1.5룸월세ꔪꔪ깔끔ꔪꔪ,https://www.zigbang.com/home/apt/items/49125383
2026-06-17 08:33:49,원룸,49385610,월세,02,경기도 오산시 서동,오산시,서동,500,41,0,24,7.26,3,ㅣO믿음Oㅣꕻㅣ.신.축.깔.끔.ㅣꕻㅣ.풀.옵.션.ㅣꕻㅣ,https://www.zigbang.com/home/apt/items/49385610
2026-06-17 08:33:49,원룸,49385603,월세,02,경기도 오산시 서동,오산시,서동,500,41,0,24,7.26,3,ㅣO믿음Oㅣꕻㅣ.주.차.편.리.ㅣꕻㅣ.풀.옵.션.ㅣꕻㅣ,https://www.zigbang.com/home/apt/items/49385603
2026-06-17 08:33:49,원룸,49369687,월세,02,경기도 오산시 서동,오산시,서동,500,45,0,26,7.86,3,ㅣo믿음oㅣꕻㅣ무제한주차ㅣꕻㅣ.풀옵션.ㅣꕻㅣ,https://www.zigbang.com/home/apt/items/49369687
2026-06-17 08:33:49,원룸,49369340,월세,02,경기도 오산시 가장동,오산시,가장동,500,37,0,26,7.86,4,ㅣo믿음oㅣꕻㅣ꒰꒰艹가장산단艹꒱꒱ㅣꕻㅣ.풀옵션.ㅣꕻㅣ,https://www.zigbang.com/home/apt/items/49369340
2026-06-17 08:33:49,원룸,49369227,월세,01,경기도 오산시 가장동,오산시,가장동,500,41,0,26,7.86,옥탑방,ㅣo믿음oㅣꕻㅣꯁ기숙사 환영ꯁㅣꕻㅣ.옥탑.ㅣꕻㅣ,https://www.zigbang.com/home/apt/items/49369227
2026-06-17 08:33:49,원룸,49351977,월세,02,경기도 오산시 서동,오산시,서동,500,41,0,26,7.86,3,ㅣo믿음oㅣꕻㅣꯁ신축 주차완전가능ꯁㅣꕻㅣ.풀옵션.ㅣꕻㅣ,https://www.zigbang.com/home/apt/items/49351977
2026-06-17 08:33:49,원룸,49312058,월세,02,경기도 오산시 가장동,오산시,가장동,500,50,0,28,8.47,3,ㅣH허브Hㅣꯁ.가장산단.ꯁㅣꯁ.신축1.3룸.ꯁㅣꯁ.주차.ꯁ,https://www.zigbang.com/home/apt/items/49312058
2026-06-17 08:33:49,원룸,49212227,월세,01,경기도 오산시 가장동,오산시,가장동,500,41,0,26.1,7.9,5,ㅣH허브Hㅣ꩜원룸 맛집꩜十깔끔옥탑十전입x十ㅣ허위Noㅣ,https://www.zigbang.com/home/apt/items/49212227
2026-06-17 08:33:49,원룸,49210829,월세,01,경기도 오산시 가장동,오산시,가장동,500,41,0,30,9.07,옥탑방,ㅣH허브Hㅣꯁ.가장산단.ꯁㅣꯁ.주차짱.ꯁㅣꯁ.기숙사.ꯁㅣ,https://www.zigbang.com/home/apt/items/49210829
2026-06-17 08:33:49,원룸,49210671,월세,01,경기도 오산시 서동,오산시,서동,500,33,0,24.1,7.29,2,ㅣH허브Hㅣ꩜원룸 맛집꩜十깔끔十풀옵션十ㅣ허위Noㅣ,https://www.zigbang.com/home/apt/items/49210671
2026-06-17 08:33:49,원룸,49210532,월세,01,경기도 오산시 서동,오산시,서동,500,33,0,23.14,7.0,2,ㅣH허브Hㅣꯁ.가장산단.ꯁㅣꯁ.깔끔큰방.ꯁㅣꯁ.주차최고.ꯁ,https://www.zigbang.com/home/apt/items/49210532
2026-06-17 08:33:49,원룸,49087305,월세,01,경기도 오산시 서동,오산시,서동,500,40,0,27,8.17,2,조용하고 주차편리 신축이라깔끔해,https://www.zigbang.com/home/apt/items/49087305
2026-06-17 08:33:49,원룸,49082692,월세,01,경기도 오산시 가장동,오산시,가장동,500,40,0,17.95,5.43,4,가장산업단지 풀옵션원룸,https://www.zigbang.com/home/apt/items/49082692
2026-06-17 08:33:49,원룸,49039207,월세,01,경기도 오산시 가장동,오산시,가장동,500,50,0,19.4,5.87,3,ꯁꕣ신축 원룸 매물 ꕣꯁ,https://www.zigbang.com/home/apt/items/49039207
2026-06-17 08:33:34,원룸,49180043,월세,02,충청남도 천안시 동남구 신부동,천안시 동남구,신부동,100,27,0,25,7.56,2,터미널 도보 3분 깨끗한 원룸,https://www.zigbang.com/home/apt/items/49180043
2026-06-17 08:33:34,원룸,49162547,월세,02,충청남도 천안시 동남구 신부동,천안시 동남구,신부동,100,24,0,22,6.65,2,"터미널도보3분,분리형 인터넷포함,가성비 화이트톤매물",https://www.zigbang.com/home/apt/items/49162547
2026-06-17 08:33:34,원룸,49154990,월세,02,충청남도 천안시 동남구 신부동,천안시 동남구,신부동,100,32,0,35,10.59,2,터미널 도보 3분 큰 원룸 금액 대비 컨디션 너무 좋아요,https://www.zigbang.com/home/apt/items/49154990
2026-06-17 08:33:34,원룸,49154398,월세,02,충청남도 천안시 동남구 신부동,천안시 동남구,신부동,100,33,0,28,8.47,2,가성비 좋은 분리형 큰 원룸,https://www.zigbang.com/home/apt/items/49154398
2026-06-17 08:33:34,원룸,49153909,월세,02,충청남도 천안시 동남구 신부동,천안시 동남구,신부동,100,25,0,25,7.56,1,깔끔하고 깨끗한 분리형 원룸,https://www.zigbang.com/home/apt/items/49153909
2026-06-17 08:33:34,원룸,49153899,월세,02,충청남도 천안시 동남구 신부동,천안시 동남구,신부동,100,34,0,35,10.59,2,정 남향 큰 분리형 원룸,https://www.zigbang.com/home/apt/items/49153899
2026-06-17 08:33:34,원룸,49110598,월세,01,충청남도 천안시 동남구 신부동,천안시 동남구,신부동,100,25,0,16.53,5.0,1,ㅡ풀옵션ㅡ 인터넷o 주차장o 백화점 인근,https://www.zigbang.com/home/apt/items/49110598
2026-06-17 08:33:34,원룸,48967607,월세,02,충청남도 천안시 동남구 신부동,천안시 동남구,신부동,100,34,0,29,8.77,2,터미널 도보 3분 깨끗한 원룸,https://www.zigbang.com/home/apt/items/48967607
2026-06-17 08:33:34,원룸,48736566,월세,01,충청남도 천안시 동남구 신부동,천안시 동남구,신부동,30,20,0,13.2,3.99,3,잠만자기 좋아요 단기도 가능.,https://www.zigbang.com/home/apt/items/48736566
2026-06-17 08:33:34,원룸,48545181,월세,01,충청남도 천안시 동남구 신부동,천안시 동남구,신부동,40,23,0,14,4.23,3,혼자살기 딱 좋은집,https://www.zigbang.com/home/apt/items/48545181
2026-06-17 08:33:52,원룸,49180305,월세,01,경기도 용인시 처인구 남사읍 봉무리,용인시 처인구,남사읍,500,55,0,23.2,7.02,1,ㅇ6월입주ㅇ주차ㅇ풀옵션ㅇ신축급 넓은 원룸ㅇ베란다ㅇ,https://www.zigbang.com/home/apt/items/49180305
2026-06-17 08:33:52,원룸,48781220,월세,03,경기도 화성시 송동,화성시,송동,100,50,0,24.78,7.5,8,"단기물건  인테리어가 안되어있습니다 업무용,생활불가",https://www.zigbang.com/home/apt/items/48781220
2026-06-17 08:33:53,원룸,49396584,월세,01,경기도 용인시 기흥구 중동,용인시 기흥구,중동,2500,45,0,29.75,9.0,6,초당역앞 풀옵션 오피스텔 임대,https://www.zigbang.com/home/apt/items/49396584
2026-06-17 08:33:53,원룸,49280738,월세,01,경기도 용인시 기흥구 중동,용인시 기흥구,중동,1500,50,0,29.75,9.0,9,초당역앞 풀옵션 오피스텔,https://www.zigbang.com/home/apt/items/49280738
2026-06-17 08:33:53,원룸,49251790,전세,01,경기도 용인시 처인구 삼가동,용인시 처인구,삼가동,5500,0,0,21.69,6.56,5,삼가역부근에 위치한 넓은 원룸 전세입니다,https://www.zigbang.com/home/apt/items/49251790
2026-06-17 08:33:54,원룸,49372640,월세,02,경기도 용인시 처인구 고림동,용인시 처인구,고림동,1000,53,0,36.36,11.0,4,"넓고 깨끗한 1.5룸, 7월 하순 입주",https://www.zigbang.com/home/apt/items/49372640
2026-06-17 08:33:56,원룸,49383098,월세,01,충청북도 청주시 흥덕구 강내면 월탄리,청주시 흥덕구,강내면,200,19,0,21,6.35,3,"ll 단기가능 ll 즉시입주,풀옵션,주차가능",https://www.zigbang.com/home/apt/items/49383098
2026-06-17 08:33:56,원룸,49374358,월세,02,충청북도 청주시 흥덕구 강내면 월탄리,청주시 흥덕구,강내면,200,29,0,20,6.05,1,한국교원대 초근접 풀옵 원룸,https://www.zigbang.com/home/apt/items/49374358
2026-06-17 08:33:56,원룸,49358207,월세,02,충청북도 청주시 흥덕구 강내면 월곡리,청주시 흥덕구,강내면,200,25,0,24,7.26,1,"단기 협의가능, 오송, 청주, 오창, 직장인환영 출퇴근최적",https://www.zigbang.com/home/apt/items/49358207
2026-06-17 08:33:56,원룸,49200600,월세,02,충청북도 청주시 흥덕구 강내면 월탄리,청주시 흥덕구,강내면,250,32,0,20,6.05,2,한국교원대 풀옵션 원룸,https://www.zigbang.com/home/apt/items/49200600
2026-06-17 08:33:57,원룸,49377442,월세,02,충청남도 천안시 동남구 수신면 속창리,천안시 동남구,수신면,100,28,0,28,8.47,3,NEW 속창리 원룸,https://www.zigbang.com/home/apt/items/49377442
2026-06-17 08:33:58,원룸,49385793,월세,01,충청북도 청주시 흥덕구 송절동,청주시 흥덕구,송절동,500,58,0,28.86,8.73,3,초호화 럭셔리 특대형 원룸 첫입주 법인만 보증금 500만원,https://www.zigbang.com/home/apt/items/49385793
2026-06-17 08:33:58,원룸,49382662,월세,02,충청북도 청주시 흥덕구 송절동,청주시 흥덕구,송절동,1000,65,0,30.2,9.14,3,HH 초특급 인테리어 첫입주 투베이 HH,https://www.zigbang.com/home/apt/items/49382662
2026-06-17 08:33:58,원룸,49376270,월세,01,충청북도 청주시 흥덕구 송절동,청주시 흥덕구,송절동,300,35,0,20.69,6.26,3,신축 풀옵션 미리 선점하세요,https://www.zigbang.com/home/apt/items/49376270
2026-06-17 08:33:58,원룸,49369878,월세,01,충청북도 청주시 흥덕구 송절동,청주시 흥덕구,송절동,300,50,0,23.83,7.21,2,넓은 원룸 송절동 뷰 최강 원룸,https://www.zigbang.com/home/apt/items/49369878
2026-06-17 08:33:58,원룸,49354505,월세,01,충청북도 청주시 흥덕구 송절동,청주시 흥덕구,송절동,1000,65,0,30,9.07,3,송절동 넓은 원룸 첫 입주자되세요,https://www.zigbang.com/home/apt/items/49354505
2026-06-17 08:33:58,원룸,49354485,월세,01,충청북도 청주시 흥덕구 송절동,청주시 흥덕구,송절동,1000,60,0,25,7.56,3,송절동 신축 원룸 첫 입주자되세요,https://www.zigbang.com/home/apt/items/49354485
2026-06-17 08:33:58,원룸,49323242,월세,02,충청북도 청주시 흥덕구 송절동,청주시 흥덕구,송절동,500,45,0,21.65,6.55,3,ꗄ긴급 이금액에 신축첫입주라니ꗄ풀옵션 원룸 즉시입주ꗄ주차굿,https://www.zigbang.com/home/apt/items/49323242
2026-06-17 08:33:58,원룸,49271021,월세,01,충청북도 청주시 흥덕구 송절동,청주시 흥덕구,송절동,500,50,0,21.38,6.47,2,"WOW첫입주 엘리베이터원룸,송절동 힐데스하임아파트정문",https://www.zigbang.com/home/apt/items/49271021
2026-06-17 08:33:58,원룸,49255248,월세,01,충청북도 청주시 흥덕구 송절동,청주시 흥덕구,송절동,300,41,0,20.69,6.26,3,NO.1 첫입주 최저가 원룸oo하이닉스 초근접oo어서잡아요,https://www.zigbang.com/home/apt/items/49255248
2026-06-17 08:33:58,원룸,49211281,월세,02,충청북도 청주시 흥덕구 송절동,청주시 흥덕구,송절동,1000,55,0,26.53,8.03,3,송절동 신축 풀옵션 투베이 첫 입주 환영. 주차 걱정 없음,https://www.zigbang.com/home/apt/items/49211281
2026-06-17 08:33:58,원룸,49211269,월세,01,충청북도 청주시 흥덕구 송절동,청주시 흥덕구,송절동,500,45,0,21.38,6.47,3,송절동 신축 풀옵션 원룸 첫 입주 환영. 주차 걱정 없어요,https://www.zigbang.com/home/apt/items/49211269
2026-06-17 08:33:58,원룸,49207228,월세,01,충청북도 청주시 흥덕구 송절동,청주시 흥덕구,송절동,300,46,0,20.69,6.26,2,NO.1 첫 입주 초저가oo첫입주 원룸oo어서잡아요,https://www.zigbang.com/home/apt/items/49207228
2026-06-17 08:33:58,원룸,49143288,월세,02,충청북도 청주시 흥덕구 송절동,청주시 흥덕구,송절동,1000,60,0,30.2,9.14,3,ꗄ뻥뷰ꗄ송절동 신축첫입주 투베이ꗄ빌트인깔끔 즉시입주ꗄ,https://www.zigbang.com/home/apt/items/49143288
2026-06-17 08:34:00,원룸,48827764,월세,02,충청북도 청주시 상당구 용암동,청주시 상당구,용암동,100,10,0,26.45,8.0,2,용암동원룸 애완 단기협의 가성비 좋은 넓고 저렴한원룸,https://www.zigbang.com/home/apt/items/48827764
2026-06-17 08:34:00,원룸,48762222,월세,02,충청북도 청주시 상당구 용암동,청주시 상당구,용암동,300,32,0,42.98,13.0,2,청석고 정문 부근   풀옵션 투베이.  입주날짜 조율 가능,https://www.zigbang.com/home/apt/items/48762222
2026-06-17 08:34:00,원룸,48564831,월세,02,충청북도 청주시 상당구 대성동,청주시 상당구,대성동,100,13,0,26.4,7.99,2,AA 저렴하고 깔끔원룸 애완 단기 협의  채광 좋아 밝아요,https://www.zigbang.com/home/apt/items/48564831
2026-06-17 08:34:06,원룸,49395680,월세,01,충청남도 천안시 동남구 수신면 신풍리,천안시 동남구,수신면,200,30,0,19.8,5.99,4,수신 5산업단지 근처 신축급 분리형원룸 즉시입주 가능,https://www.zigbang.com/home/apt/items/49395680
2026-06-17 08:34:09,원룸,49358658,월세,02,충청북도 진천군 진천읍 교성리,진천군,진천읍,500,37,0,26.45,8.0,3,"우석대,진천군청 인근 엘베있는 신축급 원룸",https://www.zigbang.com/home/apt/items/49358658
2026-06-17 08:34:09,원룸,49335189,월세,02,충청북도 진천군 진천읍 교성리,진천군,진천읍,500,36,0,24,7.26,3,"진천군청,우석대학교 인근 풀옵션원룸 엘베있음",https://www.zigbang.com/home/apt/items/49335189
2026-06-17 08:34:09,원룸,49175036,월세,01,충청북도 진천군 진천읍 교성리,진천군,진천읍,300,44,0,26.45,8.0,4,우석대 정문 근처 에 있는  도시가스되는 신축원룸입니다.,https://www.zigbang.com/home/apt/items/49175036
2026-06-17 08:34:09,원룸,49160033,월세,02,충청북도 진천군 진천읍 교성리,진천군,진천읍,500,35,0,18.24,5.52,5,군청인근에 있는 도시가스 되는 원룸입니다.,https://www.zigbang.com/home/apt/items/49160033
2026-06-17 08:34:09,원룸,49151175,월세,02,충청북도 진천군 진천읍 교성리,진천군,진천읍,300,39,0,26.45,8.0,3,"군청인근에 있는 1.5 원룸. 거실, 방, 베란다, 분리형",https://www.zigbang.com/home/apt/items/49151175
2026-06-17 08:34:09,원룸,49143666,월세,02,충청북도 진천군 진천읍 교성리,진천군,진천읍,300,35,0,26.45,8.0,4,"우석대인근, 화랑공원 인근 원룸입니다.",https://www.zigbang.com/home/apt/items/49143666
2026-06-17 08:34:09,원룸,49105949,월세,02,충청북도 진천군 진천읍 교성리,진천군,진천읍,500,35,0,18.79,5.68,5,읍사무소 인근에 있는 분리형 원룸입니다.,https://www.zigbang.com/home/apt/items/49105949
2026-06-17 08:34:10,원룸,49314112,월세,02,충청북도 증평군 증평읍 초중리,증평군,증평읍,300,30,0,29.75,9.0,4,화이트톤 깔끔 원룸 I 풀옵션,https://www.zigbang.com/home/apt/items/49314112
2026-06-17 08:34:10,원룸,49342808,월세,02,충청북도 증평군 증평읍 송산리,증평군,증평읍,300,38,0,48.8,14.76,2,투베이월세ㅣ원룸가격에 투베이 가성비좋아요,https://www.zigbang.com/home/apt/items/49342808
2026-06-17 08:34:10,원룸,49254145,월세,02,충청북도 증평군 증평읍 송산리,증평군,증평읍,300,38,0,46.28,14.0,2,스세권 스벅도보10분ㅣ풀옵션투베이,https://www.zigbang.com/home/apt/items/49254145
2026-06-17 08:34:10,원룸,49188248,월세,02,충청북도 증평군 증평읍 장동리,증평군,증평읍,500,40,0,33,9.98,4,테라스넓은. 4층투베이,https://www.zigbang.com/home/apt/items/49188248
2026-06-17 08:34:10,원룸,49100864,전세,02,충청북도 증평군 증평읍 증평리,증평군,증평읍,4500,0,0,37,11.19,2,넓고 깨끗한 쾌적한 반투베이 원룸,https://www.zigbang.com/home/apt/items/49100864
2026-06-17 08:34:10,원룸,49097690,월세,02,충청북도 증평군 증평읍 창동리,증평군,증평읍,500,40,0,39,11.8,3,투베이 방1개 주방겸거실,https://www.zigbang.com/home/apt/items/49097690
2026-06-17 08:34:10,원룸,49064068,월세,02,충청북도 증평군 증평읍 창동리,증평군,증평읍,300,35,0,24,7.26,3,시내중심지에 위치해 자동차 없는분들 주거하시기좋아요,https://www.zigbang.com/home/apt/items/49064068
2026-06-17 08:34:10,원룸,49358699,월세,02,충청북도 진천군 덕산읍 산수리,진천군,덕산읍,300,30,0,26.45,8.0,3,산수산단 내 엘베 있는 신축급 원룸,https://www.zigbang.com/home/apt/items/49358699
2026-06-17 08:34:10,원룸,49335046,월세,01,충청북도 진천군 덕산읍 산수리,진천군,덕산읍,200,29,0,24,7.26,2,빠른입주가능. 해잘드는 원룸.,https://www.zigbang.com/home/apt/items/49335046
2026-06-17 08:34:10,원룸,49304845,월세,01,충청북도 진천군 덕산읍 산수리,진천군,덕산읍,200,29,0,23,6.96,2,빠른입주가능. 청소완비된 원룸,https://www.zigbang.com/home/apt/items/49304845
2026-06-17 08:34:10,원룸,49172057,월세,02,충청북도 진천군 덕산읍 산수리,진천군,덕산읍,200,24,0,23.14,7.0,4,"도배새로  풀 옵션,",https://www.zigbang.com/home/apt/items/49172057
2026-06-17 08:34:10,원룸,49171924,월세,02,충청북도 진천군 덕산읍 산수리,진천군,덕산읍,200,35,0,39.67,12.0,3,산단안 풀옵션3층,https://www.zigbang.com/home/apt/items/49171924
2026-06-17 08:34:10,원룸,49340208,월세,01,충청북도 진천군 진천읍 교성리,진천군,진천읍,500,40,0,19.83,6.0,3,"화랑공원, 지에스마트 인근, 엘레베이터 2023년신축 원룸",https://www.zigbang.com/home/apt/items/49340208
2026-06-17 08:34:10,원룸,49283556,월세,02,충청북도 진천군 진천읍 교성리,진천군,진천읍,300,35,0,16.53,5.0,2,"우석대, 성당 인근 원룸입니다.",https://www.zigbang.com/home/apt/items/49283556
2026-06-17 08:34:10,원룸,49269603,월세,02,충청북도 진천군 진천읍 교성리,진천군,진천읍,500,32,0,15.2,4.6,3,"우석대, 성당인근 도시가스되며, 엘레베이터 있는 원룸입니다",https://www.zigbang.com/home/apt/items/49269603
2026-06-17 08:34:10,원룸,49260207,월세,01,충청북도 진천군 진천읍 신정리,진천군,진천읍,300,34,0,23,6.96,3,엘베있는 즉시입주 가능한 원룸,https://www.zigbang.com/home/apt/items/49260207
2026-06-17 08:34:10,원룸,49174896,월세,01,충청북도 진천군 진천읍 읍내리,진천군,진천읍,300,35,0,12.38,3.74,3,"읍사무소 인근,엘레비이터 있는 원룸이에요.",https://www.zigbang.com/home/apt/items/49174896
2026-06-17 08:34:10,원룸,49099209,월세,02,충청북도 진천군 진천읍 교성리,진천군,진천읍,500,32,0,22.8,6.9,4,"우석대, 성당인근 원룸입니다.",https://www.zigbang.com/home/apt/items/49099209
2026-06-17 08:34:10,원룸,49394248,월세,02,충청북도 증평군 증평읍 증평리,증평군,증평읍,300,35,0,24,7.26,2,"재래시장,기차증평역,초중고도보5분거리",https://www.zigbang.com/home/apt/items/49394248
2026-06-17 08:34:10,원룸,49283428,월세,02,충청북도 증평군 증평읍 초중리,증평군,증평읍,200,21,0,24,7.26,2,마트가 1분 가성비1등 풀옵션 원룸,https://www.zigbang.com/home/apt/items/49283428
2026-06-17 08:34:10,원룸,49228429,월세,01,충청북도 증평군 증평읍 증평리,증평군,증평읍,200,28,0,20,6.05,3,엘리베이터 있는원룸으로 제일 저렴한월세임,https://www.zigbang.com/home/apt/items/49228429
2026-06-17 08:34:10,원룸,49208569,월세,02,충청북도 증평군 증평읍 초중리,증평군,증평읍,300,32,0,19.5,5.9,2,안방 주방 분리가 확실 관리1등 풀옵션 엘리베이터 원룸,https://www.zigbang.com/home/apt/items/49208569
2026-06-17 08:34:10,원룸,49207711,월세,02,충청북도 증평군 증평읍 초중리,증평군,증평읍,200,22,0,17.26,5.22,2,대형마트 3분거리에 위치한 극강의 가성비를 자랑하는 풀옵션,https://www.zigbang.com/home/apt/items/49207711
2026-06-17 08:34:10,원룸,49207681,월세,02,충청북도 증평군 증평읍 초중리,증평군,증평읍,500,42,0,42.5,12.86,4,주방과 거실도 분리된 대형 신축급 투베이월세,https://www.zigbang.com/home/apt/items/49207681
2026-06-17 08:34:10,원룸,49107327,월세,01,충청북도 증평군 증평읍 초중리,증평군,증평읍,300,30,0,29.75,9.0,4,신축 풀옵션 원룸,https://www.zigbang.com/home/apt/items/49107327
2026-06-17 08:34:10,원룸,49107319,월세,02,충청북도 증평군 증평읍 초중리,증평군,증평읍,100,33,0,26.45,8.0,3,신축 엘레베이터 있는 깔끔한 원룸,https://www.zigbang.com/home/apt/items/49107319
2026-06-17 08:34:10,원룸,49107308,월세,01,충청북도 증평군 증평읍 초중리,증평군,증평읍,300,30,0,28.5,8.62,3,채광 좋은 풀옵션 원룸,https://www.zigbang.com/home/apt/items/49107308
2026-06-17 08:34:11,원룸,49358845,월세,01,충청북도 음성군 맹동면 두성리,음성군,맹동면,10,40,0,36.05,10.91,2,한국가스안전공사 후문 단기3개월  공실 침대x 전입신고x,https://www.zigbang.com/home/apt/items/49358845
2026-06-17 08:34:11,원룸,49357532,월세,02,충청북도 음성군 맹동면 두성리,음성군,맹동면,300,50,0,36.05,10.91,3,주변 상권 풍부  터미널 인접  신축건물즉시입주 급매물,https://www.zigbang.com/home/apt/items/49357532
2026-06-17 08:34:11,원룸,49357342,월세,01,충청북도 음성군 맹동면 두성리,음성군,맹동면,300,50,0,36.54,11.05,3,위치  한국소지바원 바로 뒤 위치  6월15일이후 입주가능,https://www.zigbang.com/home/apt/items/49357342
2026-06-17 08:34:11,원룸,49342067,월세,01,충청북도 음성군 맹동면 동성리,음성군,맹동면,500,45,0,27,8.17,1,쌍용아파트인근  즉시입주가능 주변상권풍부  사진그대로,https://www.zigbang.com/home/apt/items/49342067
2026-06-17 08:34:11,원룸,49296048,월세,02,충청북도 음성군 맹동면 두성리,음성군,맹동면,300,34,0,26.45,8.0,4,맹동산단인근 깔끔한 신축원룸 월세  풀옵션 즉시입주가능,https://www.zigbang.com/home/apt/items/49296048
2026-06-17 08:34:11,원룸,49272205,월세,01,충청북도 음성군 맹동면 두성리,음성군,맹동면,300,40,0,26,7.86,4,vision 혁신도시 녹십자 인근 풀옵션 원룸,https://www.zigbang.com/home/apt/items/49272205
2026-06-17 08:34:11,원룸,49221397,월세,01,충청북도 음성군 맹동면 두성리,음성군,맹동면,300,45,0,36.05,10.91,7,넓고 쾌적하고 조용 합니다  도시가스 급매물,https://www.zigbang.com/home/apt/items/49221397
2026-06-17 08:34:11,원룸,49219303,월세,01,충청북도 음성군 맹동면 두성리,음성군,맹동면,300,50,0,36.05,10.91,5,소방방원 인근 단기 가능한 풀옵션 생활형 오피스 임대,https://www.zigbang.com/home/apt/items/49219303
2026-06-17 08:34:11,원룸,49059993,월세,01,충청북도 음성군 맹동면 두성리,음성군,맹동면,500,50,0,57.58,17.42,8,호텔급 내부시설 최신시설   발코니유 8월12일 이후 입주,https://www.zigbang.com/home/apt/items/49059993
2026-06-17 08:34:15,원룸,49111226,월세,02,충청북도 진천군 이월면 송림리,진천군,이월면,500,46,0,36.36,11.0,2,진천테크노폴리스 인근 신축 투베이 1.5룸 풀옵션,https://www.zigbang.com/home/apt/items/49111226
2026-06-17 08:34:15,원룸,49110861,월세,02,충청북도 진천군 이월면 송림리,진천군,이월면,500,37,0,26.45,8.0,2,진천테크노폴리스 인근 신축급 원룸 풀옵션,https://www.zigbang.com/home/apt/items/49110861
2026-06-17 08:34:16,원룸,49378654,월세,01,경기도 안성시 당왕동,안성시,당왕동,500,45,0,23.5,7.11,2,O우리O 한경국립대 후문 인근 풀옵션 원룸,https://www.zigbang.com/home/apt/items/49378654
2026-06-17 08:34:16,원룸,49263307,월세,03,경기도 안성시 구포동,안성시,구포동,1000,80,0,49.14,14.86,1,O우리O 안성시내 풀옵션 복층형 단독원룸 땅콩주택,https://www.zigbang.com/home/apt/items/49263307
2026-06-17 08:34:16,원룸,49118735,전세,02,경기도 안성시 도기동,안성시,도기동,7000,0,0,49.6,15.0,4,O우리O 인지사거리 인근 안성천변 풀옵션 1.5룸 전세,https://www.zigbang.com/home/apt/items/49118735
2026-06-17 08:34:16,원룸,49095582,월세,01,경기도 안성시 금산동,안성시,금산동,300,45,0,29.7,8.98,3,ꔚ금산동ꔚ방넓어요ꔚ원룸월세ꔚ,https://www.zigbang.com/home/apt/items/49095582
2026-06-17 08:34:16,원룸,49171774,월세,02,충청북도 진천군 이월면 신월리,진천군,이월면,300,33,0,33.06,10.0,1,풀 옵션 시골 전원주택 분위기 이며 1층에 1층,https://www.zigbang.com/home/apt/items/49171774
2026-06-17 08:34:17,원룸,49388443,월세,01,충청북도 음성군 맹동면 본성리,음성군,맹동면,300,35,0,26.45,8.0,4,"엘레베이터,침대완비 혁신도시인근",https://www.zigbang.com/home/apt/items/49388443
2026-06-17 08:34:17,원룸,49388421,월세,01,충청북도 음성군 맹동면 본성리,음성군,맹동면,200,30,0,26.45,8.0,2,혁신도시걸어서출퇴근저렴한풀옵션,https://www.zigbang.com/home/apt/items/49388421
2026-06-17 08:34:17,원룸,49366037,월세,02,충청북도 음성군 맹동면 본성리,음성군,맹동면,300,42,0,30.8,9.32,4,"빠른입주 가능, 타 호실보다 큰 원룸. 혁신도시 근접",https://www.zigbang.com/home/apt/items/49366037
2026-06-17 08:34:17,원룸,49361726,월세,02,충청북도 음성군 맹동면 본성리,음성군,맹동면,300,35,0,28,8.47,4,"즉시입주, 혁신도시 인접한 원룸",https://www.zigbang.com/home/apt/items/49361726
2026-06-17 08:34:17,원룸,49351195,월세,01,충청북도 음성군 맹동면 본성리,음성군,맹동면,200,30,0,23,6.96,4,충북혁신도시  도보 10분출근가능,https://www.zigbang.com/home/apt/items/49351195
2026-06-17 08:34:17,원룸,49240583,월세,01,충청북도 음성군 맹동면 신돈리,음성군,맹동면,200,35,0,23.61,7.14,4,충북혁신도시 차로3분소요  조용하고 넓은 원룸 강추,https://www.zigbang.com/home/apt/items/49240583
2026-06-17 08:34:17,원룸,49240579,월세,01,충청북도 음성군 맹동면 본성리,음성군,맹동면,200,30,0,23.61,7.14,4,충북혁신도시입구위치  한국가스안전공사까지도보15분,https://www.zigbang.com/home/apt/items/49240579
2026-06-17 08:34:17,원룸,49230860,월세,01,충청북도 음성군 맹동면 본성리,음성군,맹동면,300,35,0,26,7.86,2,혁신도시 아이파크 아파트 인근 풀옵션 원룸,https://www.zigbang.com/home/apt/items/49230860
2026-06-17 08:34:17,원룸,49216952,월세,02,충청북도 음성군 맹동면 쌍정리,음성군,맹동면,200,32,0,26,7.86,2,유촌산단 인근 신축원룸 월세 풀옵션 즉시입주가능,https://www.zigbang.com/home/apt/items/49216952
2026-06-17 08:34:17,원룸,49216903,월세,02,충청북도 음성군 맹동면 본성리,음성군,맹동면,300,32,0,26,7.86,2,동성초 인근 신축원룸 월세 풀옵션 반전세가능  즉시입주가능,https://www.zigbang.com/home/apt/items/49216903
2026-06-17 08:34:17,원룸,49212439,월세,02,충청북도 음성군 맹동면 쌍정리,음성군,맹동면,500,40,0,24,7.26,3,동향의 럭셔리 풀옵션원룸 엘베있음,https://www.zigbang.com/home/apt/items/49212439
2026-06-17 08:34:17,원룸,49178601,월세,02,충청북도 음성군 맹동면 본성리,음성군,맹동면,200,30,0,26.45,8.0,2,혁신도시 가까운 풀옵션 원룸 가성비좋음,https://www.zigbang.com/home/apt/items/49178601
2026-06-17 08:34:17,원룸,48640171,월세,02,충청북도 음성군 맹동면,음성군,맹동면,500,39,0,26.45,8.0,4,엘베 맹동면사무소 인근,https://www.zigbang.com/home/apt/items/48640171
2026-06-17 08:34:16,원룸,49373560,월세,01,충청북도 음성군 대소읍 오류리,음성군,대소읍,300,30,0,18.18,5.5,4,저렴하면서 깔끔한 가성비높은 EV있는 풀옵션원룸,https://www.zigbang.com/home/apt/items/49373560
2026-06-17 08:34:16,원룸,49368562,월세,02,충청북도 음성군 대소읍 오류리,음성군,대소읍,200,36,0,27,8.17,3,저렴하면서 깔끔한 분리형원룸.외국인도 계약 가능,https://www.zigbang.com/home/apt/items/49368562
2026-06-17 08:34:16,원룸,49368071,월세,02,충청북도 음성군 대소면 오류리,음성군,대소면,300,33,0,24.5,7.41,2,저렴하면서 채광좋은.풀옵션원룸.대풍물류단지.대풍산단인근위치,https://www.zigbang.com/home/apt/items/49368071
2026-06-17 08:34:16,원룸,49368038,월세,02,충청북도 음성군 대소읍 오류리,음성군,대소읍,300,33,0,27,8.17,3,넓은분리형 원룸.퀸사이즈 침대도 문제 없어요,https://www.zigbang.com/home/apt/items/49368038
2026-06-17 08:34:16,원룸,49359067,월세,01,충청북도 음성군 대소읍 오류리,음성군,대소읍,200,28,0,18,5.44,3,오류리 기업은행뒤 .외국인 가능.,https://www.zigbang.com/home/apt/items/49359067
2026-06-17 08:34:16,원룸,49319038,월세,01,충청북도 음성군 대소읍 오류리,음성군,대소읍,300,30,0,22,6.65,3,대소유통단지 인근 풀옵션 원룸,https://www.zigbang.com/home/apt/items/49319038
2026-06-17 08:34:16,원룸,49297408,월세,02,충청북도 진천군 광혜원면 광혜원리,진천군,광혜원면,200,29,0,19.83,6.0,1,광혜원 산단 앞 원룸 월세,https://www.zigbang.com/home/apt/items/49297408
2026-06-17 08:34:16,원룸,49243517,월세,02,충청북도 음성군 대소읍 오류리,음성군,대소읍,500,50,0,40.08,12.12,5,대소읍 사무소 건너. 도시가스. 엘리베이터,https://www.zigbang.com/home/apt/items/49243517
2026-06-17 08:34:16,원룸,49346235,월세,02,충청북도 진천군 덕산읍 신척리,진천군,덕산읍,500,49,0,39.43,11.93,6,.주말도 가능합니다. 신축 첫입주 호수뷰 좋습니다.,https://www.zigbang.com/home/apt/items/49346235
2026-06-17 08:34:16,원룸,49346141,월세,02,충청북도 진천군 덕산읍 신척리,진천군,덕산읍,300,55,0,60,18.15,3,외국인 없는 유일한 건물. 스마트 그린시티 바로옆,https://www.zigbang.com/home/apt/items/49346141
2026-06-17 08:34:16,원룸,49284272,월세,02,충청북도 진천군 덕산읍 신척리,진천군,덕산읍,500,49,0,39.43,11.93,8,남동향의 햇살좋은 투베이형식 아파트,https://www.zigbang.com/home/apt/items/49284272
2026-06-17 08:34:16,원룸,49278045,월세,02,충청북도 진천군 덕산읍 신척리,진천군,덕산읍,500,49,0,39.43,11.93,10,방1 거실1 화장실2 천정형에어컨2 신축 월세 첫입주,https://www.zigbang.com/home/apt/items/49278045
2026-06-17 08:34:16,원룸,49253432,월세,02,충청북도 진천군 덕산읍 신척리,진천군,덕산읍,500,49,0,39.43,11.93,9,"이벤트 확인 필. 첫입주 거실1, 방1, 화장실2 월세",https://www.zigbang.com/home/apt/items/49253432
2026-06-17 08:34:16,원룸,49246116,월세,01,충청북도 진천군 덕산읍 신척리,진천군,덕산읍,300,39,0,30,9.07,2,신척산업단지 내 1.5룸 풀옵션입니다,https://www.zigbang.com/home/apt/items/49246116
2026-06-17 08:34:16,원룸,49214786,월세,02,충청북도 진천군 덕산읍 신척리,진천군,덕산읍,500,49,0,39.43,11.93,8,"넓고 좋다 거실1,방1 시스템에어컨",https://www.zigbang.com/home/apt/items/49214786
2026-06-17 08:34:16,원룸,49214776,월세,02,충청북도 진천군 덕산읍 신척리,진천군,덕산읍,500,49,0,39.43,11.93,10,특가 도시가스 투베이형 넓다,https://www.zigbang.com/home/apt/items/49214776
2026-06-17 08:34:16,원룸,49209835,월세,02,충청북도 진천군 덕산읍 신척리,진천군,덕산읍,500,49,0,35,10.59,5,1.5룸 풀옵션 신축아파트,https://www.zigbang.com/home/apt/items/49209835
2026-06-17 08:34:16,원룸,48987067,월세,02,충청북도 진천군 덕산읍 신척리,진천군,덕산읍,500,67,0,51.3,15.52,9,"첫입주 거실1, 방2, 화장실2 월세",https://www.zigbang.com/home/apt/items/48987067
2026-06-17 08:34:16,원룸,48951562,월세,02,충청북도 진천군 덕산읍 신척리,진천군,덕산읍,300,40,0,29.75,9.0,4,신척저수지 바로 앞 투베이,https://www.zigbang.com/home/apt/items/48951562
2026-06-17 08:34:17,원룸,49317348,월세,02,충청북도 음성군 금왕읍 본대리,음성군,금왕읍,300,40,0,33.06,10.0,3,혼자 살기 넉넉한 1.5룸 월세,https://www.zigbang.com/home/apt/items/49317348
2026-06-17 08:34:17,원룸,49316782,월세,02,충청북도 음성군 금왕읍 본대리,음성군,금왕읍,300,37,0,24,7.26,3,풀옵션 원룸 월세 여기에요,https://www.zigbang.com/home/apt/items/49316782
2026-06-17 08:34:17,원룸,49294851,월세,02,충청북도 음성군 금왕읍 본대리,음성군,금왕읍,300,37,0,26.45,8.0,4,최고의 옵션 and 넓은 사이즈 와 조망까지 .....,https://www.zigbang.com/home/apt/items/49294851
2026-06-17 08:34:17,원룸,49263548,월세,02,충청북도 음성군 금왕읍 본대리,음성군,금왕읍,300,45,0,33.06,10.0,3,"신축 투베이. 성본산단 3분, 풀옵션",https://www.zigbang.com/home/apt/items/49263548
2026-06-17 08:34:17,원룸,49263489,월세,02,충청북도 음성군 금왕읍 본대리,음성군,금왕읍,300,45,0,33.06,10.0,2,성본산단 인근 투베이,https://www.zigbang.com/home/apt/items/49263489
2026-06-17 08:34:17,원룸,48837617,월세,01,충청북도 음성군 금왕읍 금석리,음성군,금왕읍,300,40,0,19,5.75,2,"제일조은병원 도보권, 금왕중심상권 도보권으로 인프라 좋음",https://www.zigbang.com/home/apt/items/48837617
2026-06-17 08:34:17,원룸,48767309,월세,02,충청북도 음성군 금왕읍 금석리,음성군,금왕읍,300,35,0,25.2,7.62,3,금왕 깔끔한 분리형 원룸  풀옵션,https://www.zigbang.com/home/apt/items/48767309
2026-06-17 08:34:17,원룸,48685642,월세,02,충청북도 음성군 금왕읍 금석리,음성군,금왕읍,500,40,0,29.75,9.0,3,쾌적한 1.5룸 월세. 조용한 동네,https://www.zigbang.com/home/apt/items/48685642
2026-06-17 08:34:17,원룸,47331272,월세,02,충청북도 음성군 금왕읍 금석리,음성군,금왕읍,300,32,0,19.83,6.0,2,가성비 좋은 풀옵션 원룸,https://www.zigbang.com/home/apt/items/47331272
2026-06-17 08:34:17,원룸,49334200,월세,02,충청북도 음성군 삼성면 덕정리,음성군,삼성면,500,55,0,51.66,15.63,2,삼성시내권 넓고 깔끔한 관리잘된 투룸임.,https://www.zigbang.com/home/apt/items/49334200
2026-06-17 08:34:17,원룸,49008667,월세,02,충청북도 음성군 삼성면 덕정리,음성군,삼성면,500,48,0,30.96,9.37,3,투베이이며. 우체국 옆 준신축 매물로  깔끔하며 넓음.,https://www.zigbang.com/home/apt/items/49008667
2026-06-17 08:34:18,원룸,49114879,월세,02,충청북도 음성군 생극면 신양리,음성군,생극면,500,40,0,58.54,17.71,2,"원칙을 지키는 중개, 바른부동산",https://www.zigbang.com/home/apt/items/49114879
2026-06-17 08:34:18,원룸,49384828,월세,02,경기도 용인시 처인구 원삼면 문촌리,용인시 처인구,원삼면,500,75,0,23.2,7.02,2,ㅇ즉시입주ㅇSk현장 차5분ㅇ풀옵션ㅇ신축급 분리형 원룸ㅇ주차,https://www.zigbang.com/home/apt/items/49384828
2026-06-17 08:34:18,원룸,49307264,월세,01,경기도 용인시 처인구 원삼면 문촌리,용인시 처인구,원삼면,800,100,0,35,10.59,3,원삼sk하이닉스 가까운 신축급 풀옵션 1.5룸,https://www.zigbang.com/home/apt/items/49307264
2026-06-17 08:34:18,원룸,49267385,월세,02,경기도 용인시 처인구 원삼면 고당리,용인시 처인구,원삼면,1000,120,0,50,15.12,1,ㅇ즉시입주ㅇSK현장 도보10분ㅇ리모델링 1.8룸ㅇ,https://www.zigbang.com/home/apt/items/49267385
2026-06-17 08:34:19,원룸,49242091,월세,01,경기도 용인시 처인구 원삼면 사암리,용인시 처인구,원삼면,250,67,0,20,6.05,2,ㅇ즉시입주ㅇ12호실 통임대ㅇSK현장 차10분ㅇ풀옵션ㅇ주차ㅇ,https://www.zigbang.com/home/apt/items/49242091
2026-06-17 08:34:19,원룸,49295636,월세,02,경기도 용인시 처인구 백암면 백봉리,용인시 처인구,백암면,500,110,0,30,9.07,4,ㅇSK현장 차15분ㅇ신축 첫입주 1.5룸ㅇ풀옵션ㅇ,https://www.zigbang.com/home/apt/items/49295636
2026-06-17 08:34:18,원룸,49396434,월세,01,경기도 용인시 처인구 백암면 백암리,용인시 처인구,백암면,500,75,0,26.45,8.0,3,원삼sk하이닉스 셔틀버스 도보3분 백암시내 신축풀옵션 원룸,https://www.zigbang.com/home/apt/items/49396434
2026-06-17 08:34:19,원룸,49311243,월세,02,경기도 용인시 처인구 원삼면 좌항리,용인시 처인구,원삼면,1000,100,0,45,13.61,1,ㅇ즉시입주ㅇSk현장 차10분ㅇ풀옵션ㅇ주차ㅇ거실넓어요ㅇ,https://www.zigbang.com/home/apt/items/49311243
2026-06-17 08:34:19,원룸,49376587,월세,02,경기도 이천시 마장면 표교리,이천시,마장면,500,45,0,21.66,6.55,2,8월16일 이후 입주가능 엘리베이터 있음,https://www.zigbang.com/home/apt/items/49376587
2026-06-17 08:34:19,원룸,49376440,월세,02,경기도 이천시 마장면 표교리,이천시,마장면,500,45,0,26.45,8.0,2,마장롯데아울렛인근   6월 18일 이후입주가능,https://www.zigbang.com/home/apt/items/49376440
2026-06-17 08:34:19,원룸,49368592,월세,01,경기도 이천시 마장면 덕평리,이천시,마장면,500,50,0,33,9.98,4,신축 1.5룸 풀옵션 엘베유  협의입주,https://www.zigbang.com/home/apt/items/49368592
2026-06-17 08:34:19,원룸,49342901,월세,02,경기도 이천시 마장면 표교리,이천시,마장면,500,45,0,26.45,8.0,2,롯데아울렛 도보가능한 분리형원룸 ㅕㄴ,https://www.zigbang.com/home/apt/items/49342901
2026-06-17 08:34:19,원룸,49342877,월세,02,경기도 이천시 마장면 표교리,이천시,마장면,500,45,0,26.45,8.0,2,마장  표교리 롯데아울렛인근 풀옵션분리형 원룸임대,https://www.zigbang.com/home/apt/items/49342877
2026-06-17 08:34:19,원룸,49342851,월세,02,경기도 이천시 마장면 표교리,이천시,마장면,500,45,0,26.45,8.0,2,마장 롯데아울렛 인근신축 분리형 월세,https://www.zigbang.com/home/apt/items/49342851
2026-06-17 08:34:19,원룸,49328821,월세,02,경기도 이천시 호법면 후안리,이천시,호법면,500,45,0,33.06,10.0,4,호법초 인근 베란다있는 1.5룸 월세. 풀옵션,https://www.zigbang.com/home/apt/items/49328821
2026-06-17 08:34:19,원룸,49330222,월세,02,경기도 이천시 모가면 진가리,이천시,모가면,500,47,0,29,8.77,3,신축  분리형  원룸   새집첫입주  모가면사무소인근,https://www.zigbang.com/home/apt/items/49330222
2026-06-17 08:34:19,원룸,49165238,월세,02,경기도 이천시 모가면 진가리,이천시,모가면,500,47,0,30,9.07,2,신축 넓은분리형 원룽새집 첫 입주 풀옵션,https://www.zigbang.com/home/apt/items/49165238
2026-06-17 08:34:20,원룸,49387950,전세,01,경기도 이천시 부발읍 아미리,이천시,부발읍,7000,0,0,23.15,7.0,4,깨끗한 풀옵션 원룸 주차가능 엘베있음,https://www.zigbang.com/home/apt/items/49387950
2026-06-17 08:34:20,원룸,49372248,전세,02,경기도 이천시 대월면 사동리,이천시,대월면,5000,0,0,23.14,7.0,2,사동리 빠른협의입주 가능한 풀옵션 원룸. 전세자금대출동의,https://www.zigbang.com/home/apt/items/49372248
2026-06-17 08:34:20,원룸,49357680,월세,02,경기도 이천시 대월면 사동리,이천시,대월면,500,45,0,28,8.47,3,신축분리형   빠른입주,https://www.zigbang.com/home/apt/items/49357680
2026-06-17 08:34:20,원룸,49357661,월세,02,경기도 이천시 대월면 사동리,이천시,대월면,500,47,0,28,8.47,3,신축 화이트톤으로 깔끔한 분리형원룸,https://www.zigbang.com/home/apt/items/49357661
2026-06-17 08:34:20,원룸,49340022,월세,01,경기도 이천시 부발읍,이천시,부발읍,500,40,0,24,7.26,2,신축 풀옵션 원룸 주차100프로 엘베있슴,https://www.zigbang.com/home/apt/items/49340022
2026-06-17 08:34:20,원룸,49327937,전세,02,경기도 이천시 대월면 사동리,이천시,대월면,5000,0,0,24.19,7.32,4,"하이닉스 인근 사동리 원룸전세, 빠른협의입주가능",https://www.zigbang.com/home/apt/items/49327937
2026-06-17 08:34:20,원룸,49307591,월세,01,경기도 이천시 대월면 사동리,이천시,대월면,500,40,0,23.14,7.0,3,"7월1일 입주가능, 풀옵션 원룸, SK하이닉스 도보가능",https://www.zigbang.com/home/apt/items/49307591
2026-06-17 08:34:20,원룸,49255635,월세,01,경기도 이천시 대월면 사동리,이천시,대월면,300,35,0,16.53,5.0,2,"5월31일 입주가능, 저렴한 원룸, 주차가능",https://www.zigbang.com/home/apt/items/49255635
2026-06-17 08:34:20,원룸,49179571,월세,01,경기도 이천시 대월면 사동리,이천시,대월면,300,35,0,19.8,5.99,1,"즉시입주가능, 저렴한 원룸, SK하이닉스 도보가능",https://www.zigbang.com/home/apt/items/49179571
2026-06-17 08:34:20,원룸,49378183,월세,02,경기도 이천시 고담동,이천시,고담동,500,42,0,23.45,7.09,2,이천 고담동sk하이닉스 후문 인근 분리형원룸월세,https://www.zigbang.com/home/apt/items/49378183
2026-06-17 08:34:20,원룸,49360500,월세,02,경기도 이천시 부발읍 신하리,이천시,부발읍,2800,53,0,56.2,17.0,4,부발역인근  엄청 넓은 1.5룸  빠른입주,https://www.zigbang.com/home/apt/items/49360500
2026-06-17 08:34:20,원룸,49344737,월세,02,경기도 이천시 고담동,이천시,고담동,2300,28,0,23.14,7.0,3,이천시 고담동 sk하이닉스후문 원룸 반전세,https://www.zigbang.com/home/apt/items/49344737
2026-06-17 08:34:20,원룸,49337855,월세,02,경기도 이천시 장록동,이천시,장록동,2500,30,0,33.06,10.0,4,"방크기 넉넉한  1.5룸, 장록동 주차 좋음",https://www.zigbang.com/home/apt/items/49337855
2026-06-17 08:34:20,원룸,49327262,전세,01,경기도 이천시 부발읍 신하리,이천시,부발읍,5000,0,0,18.84,5.7,2,"보증보험 가입해주는 안전한 풀옵션 원룸전세, 협의입주가능",https://www.zigbang.com/home/apt/items/49327262
2026-06-17 08:34:20,원룸,49318204,월세,02,경기도 이천시 부발읍 신하리,이천시,부발읍,1000,53,0,36,10.89,3,신하리 이백호단지 신축급 넓은1.5룸,https://www.zigbang.com/home/apt/items/49318204
2026-06-17 08:34:20,원룸,49289482,월세,01,경기도 이천시 고담동,이천시,고담동,500,40,0,23.14,7.0,3,이천시 고담동 엘베있고 수납좋은 원룸 월세,https://www.zigbang.com/home/apt/items/49289482
2026-06-17 08:34:20,원룸,49138886,월세,02,경기도 이천시 부발읍 신하리,이천시,부발읍,500,55,0,33.72,10.2,2,부발역 인근 신축   엄청 넓은 분리형 10평,https://www.zigbang.com/home/apt/items/49138886
2026-06-17 08:34:20,원룸,49366540,전세,02,충청북도 음성군 음성읍 읍내리,음성군,음성읍,4500,0,0,39.67,12.0,3,반전세.월세 가능함 보증금조율가능,https://www.zigbang.com/home/apt/items/49366540
2026-06-17 08:34:20,원룸,49245356,월세,02,충청북도 음성군 음성읍 읍내리,음성군,음성읍,300,40,0,23.14,7.0,1,음성 리모델링완료  분리형원룸  단기월세,https://www.zigbang.com/home/apt/items/49245356
2026-06-17 08:34:20,원룸,49364182,월세,02,경기도 여주시 가남읍 태평리,여주시,가남읍,300,38,0,26.45,8.0,3,앞이확트리이고채광좋은풀옵션 원룸 월세,https://www.zigbang.com/home/apt/items/49364182
2026-06-17 08:34:20,원룸,49344223,월세,02,경기도 여주시 가남읍 태평리,여주시,가남읍,500,37,0,26.44,8.0,2,앞이 확트인 햇살 가득한   풀옵션 원룸,https://www.zigbang.com/home/apt/items/49344223
2026-06-17 08:34:20,원룸,49341587,월세,02,경기도 여주시 가남읍 태평리,여주시,가남읍,500,34,0,23.14,7.0,3,싸고아담하고채광좋은신축풀옵션 원룸,https://www.zigbang.com/home/apt/items/49341587
2026-06-17 08:34:20,원룸,49330644,전세,02,경기도 여주시 가남읍 태평리,여주시,가남읍,5000,0,0,27.6,8.35,2,가남 태평리 시내권에 속한 즉시 입주 가능한 1.5룸,https://www.zigbang.com/home/apt/items/49330644
2026-06-17 08:34:20,원룸,49293340,월세,02,경기도 여주시 가남읍 태평리,여주시,가남읍,2000,35,0,30,9.07,2,터미널뒤 남향에 채광좋고 방크고 주방넒은 1.5룸 반전세,https://www.zigbang.com/home/apt/items/49293340
2026-06-17 08:34:20,원룸,49286959,월세,02,경기도 여주시 가남읍 태평리,여주시,가남읍,500,40,0,33.06,10.0,4,밝고 구조좋고 주방넓은 풀옵션 1.5룸 월세,https://www.zigbang.com/home/apt/items/49286959
2026-06-17 08:34:20,원룸,49219507,월세,02,경기도 여주시 가남읍 태평리,여주시,가남읍,500,60,0,32.95,9.97,2,전체세대 남향  럭셔리한  최상의 풀옵션,https://www.zigbang.com/home/apt/items/49219507
2026-06-17 08:34:20,원룸,49151323,월세,02,경기도 여주시 가남읍 태평리,여주시,가남읍,2000,35,0,25,7.56,2,전망트인 남향 분리형 원룸. 전세5천만원 가능 보증금조절가,https://www.zigbang.com/home/apt/items/49151323
2026-06-17 08:34:20,원룸,49109797,전세,02,경기도 여주시 가남읍 태평리,여주시,가남읍,5500,0,0,22.62,6.84,3,풀옵션 분리형 1룸 도로변위치 주차편리 융자무 다세대주택,https://www.zigbang.com/home/apt/items/49109797
2026-06-17 08:34:22,원룸,49231873,월세,02,충청북도 충주시 대소원면 완오리,충주시,대소원면,300,33,0,16.72,5.06,4,유한킴벌리 앞 풀옵션 원룸 월세입니다.,https://www.zigbang.com/home/apt/items/49231873
2026-06-17 08:34:22,원룸,49394657,월세,02,충청북도 충주시 호암동,충주시,호암동,500,56,0,32.68,9.89,3,ㄴ호암동 신축 베란다 투베이 즉시입주 ㄱ,https://www.zigbang.com/home/apt/items/49394657
2026-06-17 08:34:22,원룸,49394422,월세,02,충청북도 충주시 호암동,충주시,호암동,500,41,0,20.14,6.09,2,ㄴ즉시입주가능 호암택지ㄱ,https://www.zigbang.com/home/apt/items/49394422
2026-06-17 08:34:22,원룸,49379312,월세,02,충청북도 충주시 호암동,충주시,호암동,300,31,0,26.45,8.0,4,호암동ㅣ완벽분리형ㅣ깔끔탑층풀옵,https://www.zigbang.com/home/apt/items/49379312
2026-06-17 08:34:22,원룸,49305381,월세,02,충청북도 충주시 호암동,충주시,호암동,500,50,0,28.67,8.67,3,"노브랜드 부근,엘리베이터 주차장 완비된 분리형 미니 투베이",https://www.zigbang.com/home/apt/items/49305381
2026-06-17 08:34:22,원룸,49296390,월세,02,충청북도 충주시 호암동,충주시,호암동,500,36,0,23.14,7.0,3,예쁜오피스텔형원룸,https://www.zigbang.com/home/apt/items/49296390
2026-06-17 08:34:22,원룸,49285479,월세,02,충청북도 충주시 호암동,충주시,호암동,500,53,0,34.91,10.56,3,ㄴ호암택지 신축 투베이ㄱ,https://www.zigbang.com/home/apt/items/49285479
2026-06-17 08:34:22,원룸,49226047,월세,02,충청북도 충주시 호암동,충주시,호암동,300,31,0,26.45,8.0,3,ㄴ호암동 분리형 원룸ㄱ,https://www.zigbang.com/home/apt/items/49226047
2026-06-17 08:34:22,원룸,49224202,월세,01,충청북도 충주시 호암동,충주시,호암동,300,35,0,33.06,10.0,3,"호암택지 인프라, 24시간 CCTV로 안전하고 조용한 원룸",https://www.zigbang.com/home/apt/items/49224202
2026-06-17 08:34:22,원룸,49208982,월세,02,충청북도 충주시 호암동,충주시,호암동,500,56,0,23.43,7.09,3,ㄴ호암동 신축 남향 1.5룸 에어컨 2대ㄱ,https://www.zigbang.com/home/apt/items/49208982
2026-06-17 08:34:22,원룸,49106992,월세,02,충청북도 충주시 호암동,충주시,호암동,300,31,0,28,8.47,3,"풀옵션,호암동 분리형원룸",https://www.zigbang.com/home/apt/items/49106992
2026-06-17 08:34:22,원룸,49094167,월세,02,충청북도 충주시 호암동,충주시,호암동,1000,71,0,42.98,13.0,3,ㄴ호암동 신축 남향 인테리어 투베이ㄱ,https://www.zigbang.com/home/apt/items/49094167
2026-06-17 08:34:22,원룸,48971568,월세,01,충청북도 충주시 호암동,충주시,호암동,500,55,0,29.37,8.88,3,"호암동 신도심의 편리함,햇살 가득 남향",https://www.zigbang.com/home/apt/items/48971568
2026-06-17 08:34:22,원룸,49070134,전세,02,충청북도 충주시 연수동,충주시,연수동,6500,0,0,36.36,11.0,2,올화이트ㅣ귀한전세ㅣ신축남향투베이,https://www.zigbang.com/home/apt/items/49070134
2026-06-17 08:34:22,원룸,49033549,전세,02,충청북도 충주시 연수동,충주시,연수동,6000,0,0,33.06,10.0,4,시청인근ㅣ화이트투베이ㅣ풀옵션전세,https://www.zigbang.com/home/apt/items/49033549
2026-06-17 08:34:22,원룸,48992412,월세,02,충청북도 충주시 연수동,충주시,연수동,500,56,0,25.68,7.77,4,ㄴ신축 풀옵션 투베이ㄱ,https://www.zigbang.com/home/apt/items/48992412
2026-06-17 08:34:22,원룸,48927469,월세,02,충청북도 충주시 연수동,충주시,연수동,300,28,0,29.75,9.0,2,시세대비 저렴 풀옵션 원룸 주차편리헤요,https://www.zigbang.com/home/apt/items/48927469
2026-06-17 08:34:22,원룸,48926787,월세,02,충청북도 충주시 연수동,충주시,연수동,300,30,0,26.45,8.0,1,붙박이장 풀옵션 리모델링 원룸,https://www.zigbang.com/home/apt/items/48926787
2026-06-17 08:34:22,원룸,48903218,전세,02,충청북도 충주시 연수동,충주시,연수동,6000,0,0,33.06,10.0,2,남향투베이ㅣ신축화이트ㅣ반전세월세ok,https://www.zigbang.com/home/apt/items/48903218
2026-06-17 08:34:22,원룸,48839072,월세,01,충청북도 충주시 교현동,충주시,교현동,300,35,0,23.14,7.0,2,"건대병원 미래병원 cgv인근, 올리모델링, 풀옵션",https://www.zigbang.com/home/apt/items/48839072
2026-06-17 08:34:22,원룸,48110285,월세,02,충청북도 충주시 연수동,충주시,연수동,200,25,0,20,6.05,3,시세저렴.신연수동 깔끔한원룸,https://www.zigbang.com/home/apt/items/48110285
2026-06-17 08:34:23,원룸,49341959,월세,01,충청북도 충주시 목행동,충주시,목행동,300,30,0,26.45,8.0,2,"원룸 풀옵션 도배교체 완료,전자렌지까지",https://www.zigbang.com/home/apt/items/49341959
2026-06-17 08:34:24,원룸,49374098,전세,01,경기도 여주시 멱곡동,여주시,멱곡동,8000,0,0,23.13,7.0,2,여주TG 5분거리.조용깨끗.채광굳.즉시입주.풀옵션,https://www.zigbang.com/home/apt/items/49374098
2026-06-17 08:34:24,원룸,49193254,월세,02,강원도 원주시 부론면 노림리,원주시,부론면,50,39,0,36.36,11.0,4,밥심마을 I 1인실 2인실 가능 I 귀가동선 짧은 집,https://www.zigbang.com/home/apt/items/49193254
2026-06-17 08:34:24,원룸,49160042,월세,01,강원도 원주시 부론면 노림리,원주시,부론면,500,30,0,29.75,9.0,3,밥심마을 l 엘베 l 여성전용 l 반학기 사용 l 채광 굿,https://www.zigbang.com/home/apt/items/49160042
2026-06-17 08:34:24,원룸,49154339,월세,01,강원도 원주시 부론면 노림리,원주시,부론면,50,35,0,33.05,10.0,1,밥심마을 l 건조기 . 넷플릭스 . 붙박이장 . 분리형,https://www.zigbang.com/home/apt/items/49154339
2026-06-17 08:34:28,원룸,49369611,월세,02,경기도 안산시 상록구 일동,안산시 상록구,일동,300,28,0,23,6.96,2,안골공원인근.안산대저렴한풀옵션원룸,https://www.zigbang.com/home/apt/items/49369611
2026-06-17 08:34:28,원룸,49353855,월세,02,경기도 안산시 상록구 일동,안산시 상록구,일동,150,70,0,53.43,16.16,5,"안산병원, 일동공원 인근 2룸 풀옵션 현진센스빌 단기 월세",https://www.zigbang.com/home/apt/items/49353855
2026-06-17 08:34:28,원룸,49346987,월세,02,경기도 안산시 상록구 일동,안산시 상록구,일동,150,70,0,53.43,16.16,5,한달씩 월세납부 일동 2룸 풀옵션 현진센스빌 단기 월세,https://www.zigbang.com/home/apt/items/49346987
2026-06-17 08:34:28,원룸,49343590,전세,01,경기도 안산시 상록구 일동,안산시 상록구,일동,5500,0,0,26.45,8.0,1,융자없는 안전한 전세 신축첫입주급 올리모델링 풀옵션원룸,https://www.zigbang.com/home/apt/items/49343590
2026-06-17 08:34:28,원룸,49338409,월세,02,경기도 안산시 상록구 일동,안산시 상록구,일동,150,70,0,41.84,12.66,5,안산 일동 풀옵션 쓰리룸 단기월세,https://www.zigbang.com/home/apt/items/49338409
2026-06-17 08:34:28,원룸,49334361,월세,02,경기도 안산시 상록구 일동,안산시 상록구,일동,150,70,0,41.84,12.66,5,한달씩 월세내는 단기가능 풀옵션 주택,https://www.zigbang.com/home/apt/items/49334361
2026-06-17 08:34:28,원룸,49334113,월세,02,경기도 안산시 상록구 일동,안산시 상록구,일동,150,70,0,41.84,12.66,5,상록구 일동 풀옵션 투룸 단기방,https://www.zigbang.com/home/apt/items/49334113
2026-06-17 08:34:28,원룸,49196643,월세,02,경기도 안산시 상록구 일동,안산시 상록구,일동,200,28,0,26.45,8.0,1,대형 통베란다 있는 넓고 깔끔한  분리형원룸 입니다,https://www.zigbang.com/home/apt/items/49196643
2026-06-17 08:34:28,원룸,49114320,월세,01,경기도 안산시 상록구 일동,안산시 상록구,일동,500,32,0,29.75,9.0,2,"남향3층 1.5대형 구조 욕실,주방까지 깔끔하게 리모델링",https://www.zigbang.com/home/apt/items/49114320
2026-06-17 08:34:27,원룸,49095417,월세,02,경기도 안산시 상록구 월피동,안산시 상록구,월피동,300,35,0,30,9.07,3,v월피동 분리형원룸 바로입주가능,https://www.zigbang.com/home/apt/items/49095417
2026-06-17 08:34:27,원룸,49095412,월세,01,경기도 안산시 상록구 월피동,안산시 상록구,월피동,300,32,0,29.75,9.0,2,v가성비좋은월피동원룸 서울예대 도보가능v,https://www.zigbang.com/home/apt/items/49095412
2026-06-17 08:34:27,원룸,49084706,월세,02,경기도 안산시 상록구 월피동,안산시 상록구,월피동,1000,30,0,24.06,7.28,2,v월피동 분리형원룸 상태좋은 준신축 주차가능,https://www.zigbang.com/home/apt/items/49084706
2026-06-17 08:34:27,원룸,49083731,월세,01,경기도 안산시 단원구 고잔동,안산시 단원구,고잔동,300,38,0,37.53,11.35,9,중앙역도보 7분거리 벨라지움 착한 가격 월세,https://www.zigbang.com/home/apt/items/49083731
2026-06-17 08:34:27,원룸,49079690,전세,02,경기도 안산시 상록구 이동,안산시 상록구,이동,4500,0,0,24,7.26,2,신도시이동.송호고인근원룸전세.전대불가,https://www.zigbang.com/home/apt/items/49079690
2026-06-17 08:34:27,원룸,49077030,월세,02,경기도 안산시 상록구 부곡동,안산시 상록구,부곡동,300,36,0,24.54,7.42,1,즉시입주 가능한  풀옵션 1룸 월세,https://www.zigbang.com/home/apt/items/49077030
2026-06-17 08:34:27,원룸,49060792,월세,01,경기도 안산시 단원구 고잔동,안산시 단원구,고잔동,300,35,0,22,6.65,4,GOOD...중앙역 가까운 깔끔 원룸,https://www.zigbang.com/home/apt/items/49060792
2026-06-17 08:34:27,원룸,49049971,월세,01,경기도 안산시 단원구 고잔동,안산시 단원구,고잔동,200,30,0,16,4.84,1,"GOOD...가스비,수도료,인터넷,TV 포함 풀풀옵션",https://www.zigbang.com/home/apt/items/49049971
2026-06-17 08:34:27,원룸,49049832,월세,02,경기도 안산시 단원구 고잔동,안산시 단원구,고잔동,500,35,0,22,6.65,1,중앙역 도보 3분거리 깔끔하고 좋은 원룸,https://www.zigbang.com/home/apt/items/49049832
2026-06-17 08:34:27,원룸,48997123,월세,01,경기도 안산시 상록구 이동,안산시 상록구,이동,300,26,0,20,6.05,5,옵션 잘갖추어진 역세권 준신축 원룸,https://www.zigbang.com/home/apt/items/48997123
2026-06-17 08:34:27,원룸,48910989,전세,02,경기도 안산시 상록구 부곡동,안산시 상록구,부곡동,4000,0,0,36.3,10.98,4,"LH 주공,도시공사만 가능한 넓은 1.5룸 전세",https://www.zigbang.com/home/apt/items/48910989
2026-06-17 08:34:27,원룸,48904067,월세,02,경기도 안산시 상록구 이동,안산시 상록구,이동,1000,35,0,21.29,6.44,1,ㅇ실매물ㅇ한대앞역 방큰원룸 준신축 채광굿 주차편리,https://www.zigbang.com/home/apt/items/48904067
2026-06-17 08:34:27,원룸,48779675,월세,02,경기도 안산시 상록구 이동,안산시 상록구,이동,300,35,0,25,7.56,4,주방넓은.한대앞역아담한1.5룸,https://www.zigbang.com/home/apt/items/48779675
2026-06-17 08:34:27,원룸,48752148,전세,03,경기도 안산시 단원구 고잔동,안산시 단원구,고잔동,9900,0,0,82.8,25.05,고,시청앞 대형 폴옵션 복층형 오피스텔 버팀목 보증보험 가능,https://www.zigbang.com/home/apt/items/48752148
2026-06-17 08:34:27,원룸,48741300,월세,01,경기도 안산시 단원구 와동,안산시 단원구,와동,300,28,0,16.5,4.99,5,"풀옵션, 준신축급 아담한 1룸월세",https://www.zigbang.com/home/apt/items/48741300
2026-06-17 08:34:28,원룸,49369738,전세,01,경기도 시흥시 장현동,시흥시,장현동,9500,0,0,22.83,6.91,6,"시흥시청역에서 도보로 약5분거리, 풀옵션 원룸",https://www.zigbang.com/home/apt/items/49369738
2026-06-17 08:34:28,원룸,49361681,월세,04,경기도 시흥시 능곡동,시흥시,능곡동,1000,110,0,113.58,34.36,6,"전입신고 가능, 시흥능곡역 2번 출구 바로 앞 오피스텔",https://www.zigbang.com/home/apt/items/49361681
2026-06-17 08:34:28,원룸,49314603,월세,05,경기도 시흥시 장현동,시흥시,장현동,500,110,0,83.76,25.34,저,"ㅇㅕㄱㅣㅇㅓㄸㅐ  단기, 신축 첫입주급 오피스텔",https://www.zigbang.com/home/apt/items/49314603
2026-06-17 08:34:28,원룸,49307300,월세,04,경기도 시흥시 장현동,시흥시,장현동,3000,100,0,123.21,37.27,10,"전입신고 가능, 풀옵션 투룸 오피스텔입니다.",https://www.zigbang.com/home/apt/items/49307300
2026-06-17 08:34:28,원룸,49226746,월세,05,경기도 시흥시 능곡동,시흥시,능곡동,1000,130,0,129.57,39.19,9,"전인신고 가능, 시흥능곡역 바로 앞 신축 오피스텔입니다.",https://www.zigbang.com/home/apt/items/49226746
2026-06-17 08:34:30,원룸,49386142,월세,02,인천시 서구 원창동,서구,원창동,70,35,0,16,4.84,2,"신축급 컨디션, 단기가능, 즉시입주OK",https://www.zigbang.com/home/apt/items/49386142
2026-06-17 08:34:30,원룸,49375983,월세,01,인천시 서구 원창동,서구,원창동,300,60,0,32.28,9.76,2,"원창동,북항 근무자 적극추천 공실 큰원룸",https://www.zigbang.com/home/apt/items/49375983
2026-06-17 08:34:30,원룸,49264675,월세,01,인천시 서구 원창동,서구,원창동,300,50,0,30,9.07,3,원창동에서 제일 큰 풀옵션 원룸,https://www.zigbang.com/home/apt/items/49264675
2026-06-17 08:34:30,원룸,49264666,월세,02,인천시 서구 원창동,서구,원창동,500,58,0,30,9.07,5,깔끔한 투룸같은 1.5룸,https://www.zigbang.com/home/apt/items/49264666
2026-06-17 08:34:30,원룸,49264655,월세,02,인천시 서구 원창동,서구,원창동,300,40,0,21,6.35,4,"북항,원창동 근무자 적극추천 풀옵션 원룸",https://www.zigbang.com/home/apt/items/49264655
2026-06-17 08:34:30,원룸,49227698,월세,01,인천시 서구 원창동,서구,원창동,300,30,0,17,5.14,4,"신축급컨디션 갓성비 풀옵션 즉시입주,협의ok",https://www.zigbang.com/home/apt/items/49227698
2026-06-17 08:34:30,원룸,49143636,월세,01,인천시 서구 원창동,서구,원창동,300,40,0,28,8.47,3,"신축급컨디션, 즉시입주 ok",https://www.zigbang.com/home/apt/items/49143636
2026-06-17 08:34:30,원룸,49391255,월세,03,인천시 중구 중산동,중구,중산동,300,35,0,44.88,13.58,중,"KK입주협의,복층 테라스 시티뷰,풀옵션,노을맛집KK",https://www.zigbang.com/home/apt/items/49391255
2026-06-17 08:34:30,원룸,49390626,월세,03,인천시 중구 중산동,중구,중산동,200,42,0,39.55,11.96,고,"신축, 복층형 원룸, 최저가 월세, 즉시 입주, 단기O",https://www.zigbang.com/home/apt/items/49390626
2026-06-17 08:34:30,원룸,49390348,월세,03,인천시 중구 중산동,중구,중산동,200,45,0,38.69,11.7,고,"신축, 복층형원룸, 남서향, 사이드 오션뷰, 빠른 입주",https://www.zigbang.com/home/apt/items/49390348
2026-06-17 08:34:30,원룸,49390201,월세,01,인천시 중구 중산동,중구,중산동,200,37,0,44.88,13.58,고,"신축, 원룸, 시티뷰, 테라스O, 단기 가능, 빠른 입주",https://www.zigbang.com/home/apt/items/49390201
2026-06-17 08:34:30,원룸,49390133,월세,03,인천시 중구 중산동,중구,중산동,200,40,0,44.88,13.58,중,"신축, 복층형원룸, 남동향, 오션뷰, 테라스O, 채광 좋음",https://www.zigbang.com/home/apt/items/49390133
2026-06-17 08:34:30,원룸,49390004,월세,01,인천시 중구 중산동,중구,중산동,300,39,0,44.88,13.58,중,"KK오션뷰,테라스있음,풀옵션,즉시입주,상태좋음,VAT별도",https://www.zigbang.com/home/apt/items/49390004
2026-06-17 08:34:30,원룸,49372407,월세,03,인천시 중구 중산동,중구,중산동,200,45,0,42.98,13.0,중,十빠른입주가능十전면오션뷰十최저가월세十풀옵션十,https://www.zigbang.com/home/apt/items/49372407
2026-06-17 08:34:30,원룸,49359120,월세,01,인천시 중구 중산동,중구,중산동,200,40,0,39.67,12.0,중,탁트인 시티뷰  고층 ㆍ테라스  풀옵션ㆍ단기가능,https://www.zigbang.com/home/apt/items/49359120
2026-06-17 08:34:30,원룸,49343984,월세,03,인천시 중구 중산동,중구,중산동,200,45,0,39,11.8,중,十테라스十전면오션뷰十빠른입주가능十내부컨디션좋음十,https://www.zigbang.com/home/apt/items/49343984
2026-06-17 08:34:30,원룸,49343885,월세,03,인천시 중구 중산동,중구,중산동,300,45,0,39.13,11.84,18,"귀한전입가능매물,풀옵션,바다뷰",https://www.zigbang.com/home/apt/items/49343885
2026-06-17 08:34:30,원룸,49268116,월세,03,인천시 중구 중산동,중구,중산동,200,40,0,39,11.8,중,十최저가월세十내부컨디션좋음十빠른입주가능十,https://www.zigbang.com/home/apt/items/49268116
2026-06-17 08:34:30,원룸,49268084,월세,03,인천시 중구 중산동,중구,중산동,200,40,0,40,12.1,고,十풀오션十내부컨디션좋음十최저가월세十빠른입주가능十,https://www.zigbang.com/home/apt/items/49268084
2026-06-17 08:34:30,원룸,49096134,월세,03,인천시 중구 중산동,중구,중산동,200,37,0,33.06,10.0,6,"복층 풀옵션 테라스 , 주차원활ㆍ중개비없음",https://www.zigbang.com/home/apt/items/49096134
2026-06-17 08:34:31,원룸,49364218,월세,01,경기도 김포시 양촌읍 학운리,김포시,양촌읍,300,40,0,27,8.17,2,ㅁ산업단지 깔끔한 1.5룸ㅁ,https://www.zigbang.com/home/apt/items/49364218
2026-06-17 08:34:31,원룸,49361302,월세,01,경기도 김포시 양촌읍 학운리,김포시,양촌읍,200,30,0,19.83,6.0,2,산업단지내  월세저렴 엘베있는 신축,https://www.zigbang.com/home/apt/items/49361302
2026-06-17 08:34:31,원룸,49349812,월세,01,경기도 김포시 양촌읍 학운리,김포시,양촌읍,300,30,0,19.83,6.0,2,엘베있는 신축 풀원룸,https://www.zigbang.com/home/apt/items/49349812
2026-06-17 08:34:31,원룸,49326017,월세,02,경기도 김포시 양촌읍 학운리,김포시,양촌읍,300,30,0,23,6.96,4,ㅁ방이큰원룸 분리형구조ㅁ,https://www.zigbang.com/home/apt/items/49326017
2026-06-17 08:34:31,원룸,49219116,월세,02,경기도 김포시 양촌읍 학운리,김포시,양촌읍,300,40,0,29.75,9.0,2,ㅁ3중창에 엘베있는 최고급옵션ㅁ,https://www.zigbang.com/home/apt/items/49219116
2026-06-17 08:34:31,원룸,49138537,월세,02,경기도 김포시 양촌읍 학운리,김포시,양촌읍,500,43,0,26.4,7.99,3,"넓은거실 1.5룸, 엘리베이터有",https://www.zigbang.com/home/apt/items/49138537
2026-06-17 08:34:31,원룸,49138158,월세,01,경기도 김포시 양촌읍 학운리,김포시,양촌읍,300,30,0,19.83,6.0,3,ㅁ신축 엘베있는 옷장까지풀옵션ㅁ,https://www.zigbang.com/home/apt/items/49138158
2026-06-17 08:34:31,원룸,49138134,월세,01,경기도 김포시 양촌읍 학운리,김포시,양촌읍,300,30,0,19.83,6.0,3,산업단지내 방이큰 신축원룸,https://www.zigbang.com/home/apt/items/49138134
2026-06-17 08:34:31,원룸,49093693,월세,02,경기도 김포시 양촌읍 학운리,김포시,양촌읍,300,32,0,19.83,6.0,3,산업단지내 신축 풀옵션 분리형 원룸,https://www.zigbang.com/home/apt/items/49093693
2026-06-17 08:34:31,원룸,49052029,월세,02,경기도 김포시 양촌읍 학운리,김포시,양촌읍,300,40,0,30,9.07,2,ㅁ분리형 남향집 1.5룸 ㅁ,https://www.zigbang.com/home/apt/items/49052029
2026-06-17 08:34:31,원룸,48871840,월세,01,경기도 김포시 양촌읍 학운리,김포시,양촌읍,300,30,0,19.83,6.0,3,오피스텔구조 뷰가 좋은 방,https://www.zigbang.com/home/apt/items/48871840
2026-06-17 08:34:32,원룸,49398062,월세,01,인천시 서구 오류동,서구,오류동,500,35,0,26.44,8.0,3,신축ㅡ엘리베이터ㅡ풀옵션ㅡ베란다ㅡ주차장ㅡ풀옵션,https://www.zigbang.com/home/apt/items/49398062
2026-06-17 08:34:32,원룸,49380404,월세,01,인천시 서구 오류동,서구,오류동,500,45,0,25,7.56,2,검단오류역세 빌트인 신축깔끔 완벽TV침대풀옵션 원룸,https://www.zigbang.com/home/apt/items/49380404
2026-06-17 08:34:37,원룸,49158407,월세,05,경기도 부천시 원미구 춘의동,부천시 원미구,춘의동,3000,110,0,89,26.92,12,깔끔한 집이에요 주차잘되어있고 입주빠른분 보세요,https://www.zigbang.com/home/apt/items/49158407
2026-06-17 08:34:37,원룸,49156744,월세,01,경기도 부천시 원미구 심곡동,부천시 원미구,심곡동,300,32,0,16.53,5.0,3,"풀옵션깨끗한부천역,부천대학교가까운원룸",https://www.zigbang.com/home/apt/items/49156744
2026-06-17 08:34:37,원룸,49156701,월세,01,경기도 부천시 원미구 심곡동,부천시 원미구,심곡동,200,33,0,16.53,5.0,3,"방이깨끗한부천역,부천대학교가까운 원룸",https://www.zigbang.com/home/apt/items/49156701
2026-06-17 08:34:37,원룸,49148421,월세,01,경기도 부천시 원미구 심곡동,부천시 원미구,심곡동,50,40,0,19.83,6.0,2,"단기가능,부천역도보5분 풀옵션 원룸",https://www.zigbang.com/home/apt/items/49148421
2026-06-17 08:34:37,원룸,49136405,월세,01,경기도 부천시 원미구 심곡동,부천시 원미구,심곡동,500,32,0,16.53,5.0,3,"가성비 좋은 원룸, 부천역 도보 7분, 풀옵션, 베란다有",https://www.zigbang.com/home/apt/items/49136405
2026-06-17 08:34:37,원룸,49110820,월세,01,경기도 부천시 원미구 심곡동,부천시 원미구,심곡동,100,33,0,19.83,6.0,6,"부천역,부천대학교가까운깨끗하고밝은원룸",https://www.zigbang.com/home/apt/items/49110820
2026-06-17 08:34:37,원룸,49102304,월세,01,경기도 부천시 원미구 심곡동,부천시 원미구,심곡동,500,30,0,17,5.14,옥탑방,"옥탑방, 부천역 도보 5분, 풀옵션, 알뜰형 원룸, 밝아요",https://www.zigbang.com/home/apt/items/49102304
2026-06-17 08:34:37,원룸,48998763,월세,02,경기도 부천시 원미구 심곡동,부천시 원미구,심곡동,2000,35,0,33.06,10.0,5,"부천역 도보15분 거리 방1,거실",https://www.zigbang.com/home/apt/items/48998763
2026-06-17 08:34:43,원룸,49370260,월세,03,인천시 계양구 귤현동,계양구,귤현동,200,85,0,37.1,11.22,5,한달씩 월세내는 단기가능 테라스있는 주택,https://www.zigbang.com/home/apt/items/49370260
2026-06-17 08:34:43,원룸,49271346,월세,01,인천시 계양구 용종동,계양구,용종동,90,30,0,26.45,8.0,3,월세할인 우리가원하던 원룸,https://www.zigbang.com/home/apt/items/49271346
2026-06-17 08:34:43,원룸,49159854,월세,01,경기도 부천시 오정구 오정동,부천시 오정구,오정동,500,42,0,31.36,9.49,8,효행복마을도시형생활주택,https://www.zigbang.com/home/apt/items/49159854
2026-06-17 08:34:45,원룸,49386303,전세,04,경기도 김포시 고촌읍 신곡리,김포시,고촌읍,30000,0,0,109.71,33.19,8,"풀옵션투룸,보증보험ok,빠른입주가능",https://www.zigbang.com/home/apt/items/49386303
2026-06-17 08:34:45,원룸,49386281,월세,02,경기도 김포시 고촌읍 신곡리,김포시,고촌읍,10000,80,0,109.71,33.19,8,"전용19.8평, 큰 투룸, 풀옵션, 고촌역세권, 업무용",https://www.zigbang.com/home/apt/items/49386281
2026-06-17 08:34:45,원룸,49384577,월세,04,경기도 김포시 고촌읍 신곡리,김포시,고촌읍,3000,190,0,129.14,39.06,15,"전용17.7p 주거용 풀옵션 오피스텔, 빠른 입주가능",https://www.zigbang.com/home/apt/items/49384577
2026-06-17 08:34:45,원룸,49334069,월세,01,경기도 김포시 고촌읍 신곡리,김포시,고촌읍,500,45,0,24.79,7.5,2,"깨끗한 풀옵션 원룸, 즉시입주 가능",https://www.zigbang.com/home/apt/items/49334069
2026-06-17 08:34:45,원룸,49312023,월세,01,경기도 김포시 고촌읍 신곡리,김포시,고촌읍,500,50,0,45.78,13.85,4,"고촌역세권,풀옵션원룸,업무용,부별,빠른입점가능",https://www.zigbang.com/home/apt/items/49312023
2026-06-17 08:34:45,원룸,49249433,월세,02,경기도 김포시 고촌읍 신곡리,김포시,고촌읍,1000,70,0,67.09,20.29,7,"주소전입X,업무용,부가세별도,건조기풀옵션,김포공항1정거장",https://www.zigbang.com/home/apt/items/49249433
2026-06-17 08:34:45,원룸,49248633,월세,02,경기도 김포시 고촌읍 신곡리,김포시,고촌읍,1000,70,0,67.1,20.3,중,"1.5룸, 업무용, 고촌역세권, 풀옵션 오피스텔",https://www.zigbang.com/home/apt/items/49248633
2026-06-17 08:34:45,원룸,49247692,월세,02,경기도 김포시 고촌읍 신곡리,김포시,고촌읍,1000,75,0,73.14,22.12,5,"고촌역세권, 업무용, 풀옵션 오피스텔",https://www.zigbang.com/home/apt/items/49247692
2026-06-17 08:34:45,원룸,49130345,월세,02,경기도 김포시 고촌읍 신곡리,김포시,고촌읍,1000,75,0,63.09,19.08,7,"주거용,주소이전가능,7월입주, 풀옵션,마곡접근성 좋음",https://www.zigbang.com/home/apt/items/49130345
2026-06-17 08:34:45,원룸,49081312,전세,04,경기도 김포시 고촌읍 신곡리,김포시,고촌읍,19800,0,0,79.75,24.12,중,"전세보증보험ok, 고촌역3분거리, 투룸, 풀옵션 오피스텔",https://www.zigbang.com/home/apt/items/49081312
2026-06-17 08:34:48,원룸,49393208,월세,02,경기도 수원시 권선구 금곡동,수원시 권선구,금곡동,1000,85,0,73,22.08,중,"ACE,예쁜집,방따로1.5룸에 알파룸까지.",https://www.zigbang.com/home/apt/items/49393208
2026-06-17 08:34:48,원룸,49380954,전세,01,경기도 수원시 권선구 금곡동,수원시 권선구,금곡동,15000,0,0,81,24.5,중,리브 오픈형 원룸 주거용 저렴한 전세입니다,https://www.zigbang.com/home/apt/items/49380954
2026-06-17 08:34:48,원룸,49373866,월세,01,경기도 수원시 권선구 금곡동,수원시 권선구,금곡동,100,80,0,85.77,25.95,5,.R.단기계약O 주 단위O 테라스있는 깔끔 오피스텔 넓어요,https://www.zigbang.com/home/apt/items/49373866
2026-06-17 08:34:48,원룸,49362171,월세,02,경기도 수원시 권선구 금곡동,수원시 권선구,금곡동,1000,68,0,78,23.59,저,"A,전입,1.5룸,트윈복층,조용한오피스텔",https://www.zigbang.com/home/apt/items/49362171
2026-06-17 08:34:48,원룸,49362103,월세,02,경기도 수원시 권선구 금곡동,수원시 권선구,금곡동,3000,50,0,73,22.08,중,"ACE,전입,방따로,드레스룸,1.5룸복층,귀한구조,.",https://www.zigbang.com/home/apt/items/49362103
2026-06-17 08:34:48,원룸,49362041,월세,02,경기도 수원시 권선구 금곡동,수원시 권선구,금곡동,1000,85,0,72.03,21.79,고,"ACE,남향,예쁜인테리어,복도개별창고,개별세탁실",https://www.zigbang.com/home/apt/items/49362041
2026-06-17 08:34:48,원룸,49310318,월세,02,경기도 수원시 권선구 금곡동,수원시 권선구,금곡동,1000,70,0,62,18.75,고,"ACE,전망굿,슬라이딩1.5룸,트윈복층,주거용전입",https://www.zigbang.com/home/apt/items/49310318
2026-06-17 08:34:48,원룸,49301757,월세,04,경기도 수원시 권선구 금곡동,수원시 권선구,금곡동,1000,130,0,161.6,48.88,중,ꔚ 전속매물 I 전입가능 I 즉시 I 반려가능,https://www.zigbang.com/home/apt/items/49301757
2026-06-17 08:34:48,원룸,49296996,월세,01,경기도 수원시 권선구 금곡동,수원시 권선구,금곡동,500,50,0,51.48,15.57,중,세종타운 오픈형 원룸 부가세 별도 업무용,https://www.zigbang.com/home/apt/items/49296996
2026-06-17 08:34:48,원룸,49290482,월세,02,경기도 수원시 권선구 금곡동,수원시 권선구,금곡동,500,90,0,77.44,23.43,중,"ACE,신축,초특급인테리어,세탁실별도,업무용",https://www.zigbang.com/home/apt/items/49290482
2026-06-17 08:34:48,원룸,49288277,월세,04,경기도 수원시 권선구 금곡동,수원시 권선구,금곡동,1000,85,0,51.48,15.57,4,다인1차 투룸형 복층 주거용 전입가능,https://www.zigbang.com/home/apt/items/49288277
2026-06-17 08:34:48,원룸,49253203,월세,01,경기도 수원시 권선구 금곡동,수원시 권선구,금곡동,2000,60,0,70.77,21.41,5,.R.깔끔한 오피스텔 사업자가능 전입X 빠른입주가능,https://www.zigbang.com/home/apt/items/49253203
2026-06-17 08:34:48,원룸,49233871,전세,02,경기도 수원시 권선구 금곡동,수원시 권선구,금곡동,16500,0,0,86.45,26.15,8,"무융자 보증보험, 대형 분리형, HUG대출 가능 풀옵",https://www.zigbang.com/home/apt/items/49233871
2026-06-17 08:34:48,원룸,49125900,월세,04,경기도 수원시 권선구 금곡동,수원시 권선구,금곡동,2000,125,0,118.98,35.99,중,"ACE,업무용,전망굿,예쁜신축오피,투룸,알파룸,풀옵션",https://www.zigbang.com/home/apt/items/49125900
2026-06-17 08:34:48,원룸,49080985,월세,04,경기도 수원시 권선구 금곡동,수원시 권선구,금곡동,1000,130,0,119.01,36.0,저,"ACE,귀한전입,초록전망,넓은투룸,복층,욕실2개,개별창고",https://www.zigbang.com/home/apt/items/49080985
2026-06-17 08:34:49,원룸,49157108,월세,01,경기도 수원시 장안구 파장동,수원시 장안구,파장동,300,30,0,20,6.05,2,즉시입주 풀옵션 원룸,https://www.zigbang.com/home/apt/items/49157108
2026-06-17 08:34:49,원룸,49111477,월세,01,경기도 용인시 수지구 상현동,용인시 수지구,상현동,500,75,0,57.91,17.52,8,"상현역, 탁트인 전망, 넓고 햇살 좋은 방",https://www.zigbang.com/home/apt/items/49111477
2026-06-17 08:34:49,원룸,49105785,월세,02,경기도 수원시 영통구 원천동,수원시 영통구,원천동,500,40,0,33.06,10.0,반지하,"리모델링, 베란다 1.5룸 즉시 보증보험,LH,GH가능",https://www.zigbang.com/home/apt/items/49105785
2026-06-17 08:34:49,원룸,49103508,월세,02,경기도 수원시 영통구 매탄동,수원시 영통구,매탄동,500,35,0,19.83,6.0,1,"H 가성비 추천, 큰 넓은 원룸, 주방 분리 H",https://www.zigbang.com/home/apt/items/49103508
2026-06-17 08:34:49,원룸,49096945,월세,01,경기도 용인시 수지구 상현동,용인시 수지구,상현동,500,75,0,50,15.12,고,"상현역월세, 위치좋음, 7월중순가능, 풀옵션, 편의시설",https://www.zigbang.com/home/apt/items/49096945
2026-06-17 08:34:49,원룸,49075944,전세,01,경기도 수원시 영통구 매탄동,수원시 영통구,매탄동,2000,0,0,20,6.05,1,1층 방1  풀옵션 즉시입주 융자무,https://www.zigbang.com/home/apt/items/49075944
2026-06-17 08:34:49,원룸,49075671,월세,02,경기도 수원시 영통구 매탄동,수원시 영통구,매탄동,500,33,0,23.14,7.0,반지하,완전초저렴o All리모델링o 깔끔한분리형o,https://www.zigbang.com/home/apt/items/49075671
2026-06-17 08:34:49,원룸,48979348,월세,03,경기도 용인시 기흥구 영덕동,용인시 기흥구,영덕동,2000,85,0,49.5,14.97,4,1.5R 복층 테라스 전입ok 빠른입주 애완동물가능,https://www.zigbang.com/home/apt/items/48979348
2026-06-17 08:34:49,원룸,46766237,월세,02,경기도 수원시 영통구 원천동,수원시 영통구,원천동,300,40,0,22,6.65,4,NEW . 경희대 . 화이트톤 . 베란다  흥덕IT도보 .,https://www.zigbang.com/home/apt/items/46766237
2026-06-17 08:34:50,원룸,49348104,월세,01,경기도 용인시 수지구 풍덕천동,용인시 수지구,풍덕천동,1000,80,0,42.94,12.99,6,"전입가능,즉시입주",https://www.zigbang.com/home/apt/items/49348104
2026-06-17 08:34:50,원룸,49347470,전세,01,경기도 용인시 수지구 신봉동,용인시 수지구,신봉동,7500,0,0,23.14,7.0,2,융무 풀옵션 원룸 전세,https://www.zigbang.com/home/apt/items/49347470
2026-06-17 08:34:50,원룸,49345172,전세,01,경기도 용인시 수지구 신봉동,용인시 수지구,신봉동,7500,0,0,23.14,7.0,2,신축단지내에 있는 신축급 원룸입니다.,https://www.zigbang.com/home/apt/items/49345172
2026-06-17 08:34:50,원룸,49271488,월세,01,경기도 용인시 수지구 풍덕천동,용인시 수지구,풍덕천동,10000,40,0,42.94,12.99,13,"7월초,전입가능한주거용오피스텔",https://www.zigbang.com/home/apt/items/49271488
2026-06-17 08:34:50,원룸,48985010,월세,02,경기도 용인시 수지구 신봉동,용인시 수지구,신봉동,1000,50,0,23.14,7.0,4,신축급 분리형원룸,https://www.zigbang.com/home/apt/items/48985010
2026-06-17 08:34:51,원룸,49396948,월세,01,경기도 성남시 분당구 판교동,성남시 분당구,판교동,1000,85,0,60.49,18.3,7,"사업자, 전만 좋은집, 깔끔하고 테라스있는집",https://www.zigbang.com/home/apt/items/49396948
2026-06-17 08:34:51,원룸,49342952,월세,01,경기도 의왕시 학의동,의왕시,학의동,500,50,0,12.36,3.74,3,숲뷰 I 조용한지역 I 도배새로해줌,https://www.zigbang.com/home/apt/items/49342952
2026-06-17 08:34:51,원룸,49339683,월세,01,경기도 의왕시 학의동,의왕시,학의동,500,55,0,16.52,5.0,1,차있는분 추천 I 즉시입주 I 조용한 숲세권,https://www.zigbang.com/home/apt/items/49339683
2026-06-17 08:34:51,원룸,49289272,월세,02,경기도 의왕시 청계동,의왕시,청계동,6000,50,0,35,10.59,1,W 1.5룸 청계4단지 옆 조용한 주택가 W,https://www.zigbang.com/home/apt/items/49289272
2026-06-17 08:34:52,원룸,49392591,월세,02,경기도 성남시 수정구 금토동,성남시 수정구,금토동,1000,140,0,117.31,35.49,8,"O 넓은 1.5룸, 고급 풀옵션, 펜트리장.",https://www.zigbang.com/home/apt/items/49392591
2026-06-17 08:34:52,원룸,49382589,월세,02,경기도 성남시 수정구 금토동,성남시 수정구,금토동,2000,200,0,149.65,45.27,중,"L 2룸, 직장인OK, 드레스룸, 세탁기,건조기, 전입불가",https://www.zigbang.com/home/apt/items/49382589
2026-06-17 08:34:52,원룸,49364820,월세,05,경기도 성남시 수정구 금토동,성남시 수정구,금토동,3000,290,0,207.69,62.83,중,"L 조정가능,직장인가능,방3,욕실2,드레스룸외,",https://www.zigbang.com/home/apt/items/49364820
2026-06-17 08:34:52,원룸,49357993,월세,02,경기도 성남시 수정구 금토동,성남시 수정구,금토동,2000,180,0,145.78,44.1,4,"O 공실, 2룸, 넓은 거실,아파트형 구조, O 풀가전",https://www.zigbang.com/home/apt/items/49357993
2026-06-17 08:34:52,원룸,49345839,월세,02,경기도 성남시 수정구 금토동,성남시 수정구,금토동,1500,165,0,121,36.6,중,"O 2룸, 넓은 거실, 아파트형 중문.",https://www.zigbang.com/home/apt/items/49345839
2026-06-17 08:34:52,원룸,49236695,월세,02,경기도 성남시 수정구 금토동,성남시 수정구,금토동,2000,90,0,63.48,19.2,8,"O 1.5룸, 최고충 , 남향",https://www.zigbang.com/home/apt/items/49236695
2026-06-17 08:34:52,원룸,49234663,월세,05,경기도 성남시 수정구 금토동,성남시 수정구,금토동,3000,290,0,207.69,62.83,중,"L 업무용,블라인드, 방3,화장실2팬트리,스타일러외",https://www.zigbang.com/home/apt/items/49234663
2026-06-17 08:34:52,원룸,49214974,월세,04,경기도 성남시 수정구 금토동,성남시 수정구,금토동,2000,170,0,129.8,39.26,중,"L 방2, 팬트리,  붙박이장, 수납 공간굿, 전입X",https://www.zigbang.com/home/apt/items/49214974
2026-06-17 08:34:52,원룸,49083719,월세,02,경기도 성남시 수정구 금토동,성남시 수정구,금토동,2000,90,0,86.96,26.31,고,"O1.5룸, 가성비 좋은 분리형, 사업자 부가세 별도.",https://www.zigbang.com/home/apt/items/49083719
2026-06-17 08:34:53,원룸,49372683,월세,01,경기도 용인시 처인구 포곡읍 둔전리,용인시 처인구,포곡읍,500,40,0,23.14,7.0,5,"준신축 깨끗, 주차편리, 6월 하순 입주",https://www.zigbang.com/home/apt/items/49372683
2026-06-17 08:34:53,원룸,49288653,월세,02,경기도 용인시 처인구 포곡읍 금어리,용인시 처인구,포곡읍,500,48,0,30.76,9.3,4,"지정주차, 넓고 깨끗 1.5룸,  7월 초순 입주",https://www.zigbang.com/home/apt/items/49288653
2026-06-17 08:34:53,원룸,49265365,월세,02,경기도 용인시 처인구 포곡읍 삼계리,용인시 처인구,포곡읍,500,40,0,29,8.77,4,풀옵션 넓은베란다 해잘듦추차좋고 교통편리포곡도서관인근,https://www.zigbang.com/home/apt/items/49265365
2026-06-17 08:34:53,원룸,49246844,월세,02,경기도 용인시 처인구 포곡읍 삼계리,용인시 처인구,포곡읍,500,36,0,23.14,7.0,4,"주차장 넓고 조용, 7월 중순 입주",https://www.zigbang.com/home/apt/items/49246844
2026-06-17 08:34:53,원룸,49239338,월세,02,경기도 용인시 처인구 포곡읍 삼계리,용인시 처인구,포곡읍,300,40,0,39.66,12.0,3,넓고올수리된집 시세보다싼집 고급진가구 서두르세요 풀옵션,https://www.zigbang.com/home/apt/items/49239338
2026-06-17 08:34:53,원룸,49230792,월세,02,경기도 용인시 처인구 포곡읍 삼계리,용인시 처인구,포곡읍,500,46,0,26.45,8.0,3,엘리베이터있고 즉시입주가능 풀옵션 주차굿환승구역 교통편리,https://www.zigbang.com/home/apt/items/49230792
2026-06-17 08:34:53,원룸,49211149,월세,01,경기도 용인시 처인구 포곡읍 삼계리,용인시 처인구,포곡읍,300,35,0,23.14,7.0,3,"포곡우체국 인근 넓음, 즉시입주",https://www.zigbang.com/home/apt/items/49211149
2026-06-17 08:34:53,원룸,49363914,월세,02,경기도 용인시 처인구 포곡읍 전대리,용인시 처인구,포곡읍,500,48,0,35,10.59,2,넓은원룸 1년미만불가,https://www.zigbang.com/home/apt/items/49363914
2026-06-17 08:34:53,원룸,49358178,월세,02,경기도 용인시 처인구 포곡읍 전대리,용인시 처인구,포곡읍,500,41,0,26.44,8.0,1,"채광 좋고 깨끗, 1층, 7월 하순 입주",https://www.zigbang.com/home/apt/items/49358178
2026-06-17 08:34:53,원룸,49350262,월세,01,경기도 용인시 처인구 포곡읍 둔전리,용인시 처인구,포곡읍,300,32,0,16.52,5.0,2,"작지만 가성비 굿, 주차편리, 7월 초순 입주",https://www.zigbang.com/home/apt/items/49350262
2026-06-17 08:34:53,원룸,49308117,월세,01,경기도 용인시 처인구 포곡읍 둔전리,용인시 처인구,포곡읍,500,37,0,24.3,7.35,5,"깨끗하고 넓은 탑층, 가성비 굿, 7월말 입주",https://www.zigbang.com/home/apt/items/49308117
2026-06-17 08:34:53,원룸,49205468,전세,02,경기도 용인시 처인구 포곡읍 둔전리,용인시 처인구,포곡읍,4500,0,0,19.83,6.0,4,"대로인근 분리형, 6월 하순 입주",https://www.zigbang.com/home/apt/items/49205468
2026-06-17 08:34:53,원룸,49171624,월세,02,경기도 용인시 처인구 포곡읍 둔전리,용인시 처인구,포곡읍,500,35,0,23.14,7.0,4,"가성비 굿, 신원사거리 인근, 7월초 입주",https://www.zigbang.com/home/apt/items/49171624
2026-06-17 08:34:55,원룸,49294324,월세,02,경기도 광주시 양벌동,광주시,양벌동,200,70,0,53.17,16.08,2,광주시 양벌동 테라스 있는 단지형빌라 단기방,https://www.zigbang.com/home/apt/items/49294324
2026-06-17 08:34:55,원룸,49294305,월세,02,경기도 광주시 양벌동,광주시,양벌동,200,70,0,53.17,16.08,2,한달씩 월세내는 단기가능 테라스있는 주택,https://www.zigbang.com/home/apt/items/49294305
2026-06-17 08:34:55,원룸,49294281,월세,02,경기도 광주시 중대동,광주시,중대동,200,80,0,68.32,20.67,1,경기도 광주 중대동 단지형빌라 단기방,https://www.zigbang.com/home/apt/items/49294281
2026-06-17 08:34:55,원룸,49294270,월세,02,경기도 광주시 목현동,광주시,목현동,200,80,0,73.69,22.29,4,경기도광주 목현동 단지형빌라 단기방,https://www.zigbang.com/home/apt/items/49294270
2026-06-17 08:34:55,원룸,49294267,월세,02,경기도 광주시 중대동,광주시,중대동,200,80,0,68.32,20.67,1,한달씩 월세내는 단기가능 큰 주택,https://www.zigbang.com/home/apt/items/49294267
2026-06-17 08:34:55,원룸,49294253,월세,02,경기도 광주시 목현동,광주시,목현동,200,80,0,73.69,22.29,4,한달씩 월세내는 단기가능 깔끔하고 밝은주택,https://www.zigbang.com/home/apt/items/49294253
2026-06-17 08:34:55,원룸,49398145,월세,01,경기도 광주시 송정동,광주시,송정동,500,40,0,27,8.17,4,주차가 편리하고 교통이 좋은 원룸입니다,https://www.zigbang.com/home/apt/items/49398145
2026-06-17 08:34:55,원룸,49386616,월세,02,경기도 광주시 경안동,광주시,경안동,500,45,0,33.06,10.0,3,깨끗한 1.5룸 주방분리형 풀옵션입니다,https://www.zigbang.com/home/apt/items/49386616
2026-06-17 08:34:55,원룸,49363795,월세,01,경기도 광주시 송정동,광주시,송정동,1000,35,0,25,7.56,2,"부엌분리형 원룸 월세,보증금 조절가능보증금500만,월40만",https://www.zigbang.com/home/apt/items/49363795
2026-06-17 08:34:55,원룸,49363439,월세,01,경기도 광주시 경안동,광주시,경안동,500,38,0,27,8.17,3,이마트 건너편 원룸 월세,https://www.zigbang.com/home/apt/items/49363439
2026-06-17 08:34:55,원룸,49363406,월세,03,경기도 광주시 경안동,광주시,경안동,500,42,0,23.14,7.0,3,경안동 중심권 원룸 월세,https://www.zigbang.com/home/apt/items/49363406
2026-06-17 08:34:55,원룸,49363365,월세,01,경기도 광주시 경안동,광주시,경안동,500,40,0,23.14,7.0,4,경안동 중심권 방이 큰 원룸 월세,https://www.zigbang.com/home/apt/items/49363365
2026-06-17 08:34:55,원룸,49282077,월세,01,경기도 광주시 송정동,광주시,송정동,200,25,0,25,7.56,반지하,저렴한 반지층 원룸입니다,https://www.zigbang.com/home/apt/items/49282077
2026-06-17 08:34:55,원룸,49225024,월세,02,경기도 광주시 경안동,광주시,경안동,500,50,0,30,9.07,1,경안동 중심권 1층 원룸 월세,https://www.zigbang.com/home/apt/items/49225024
2026-06-17 08:34:55,원룸,49148020,월세,02,경기도 광주시 송정동,광주시,송정동,300,35,0,25,7.56,2,이마트 가까운 풀옵션 원룸입니다,https://www.zigbang.com/home/apt/items/49148020
2026-06-17 08:34:55,원룸,49139388,월세,02,경기도 광주시 송정동,광주시,송정동,500,45,0,33,9.98,2,거실 넓은 1.5룸 입니다,https://www.zigbang.com/home/apt/items/49139388
2026-06-17 08:34:56,원룸,48864644,월세,01,서울시 관악구 봉천동,관악구,봉천동,1000,30,0,21.49,6.5,1,낙성대역.전입. 바닥1층 큰방 풀옵션 원룸.보증금조절.,https://www.zigbang.com/home/apt/items/48864644
2026-06-17 08:34:56,원룸,48845516,월세,03,서울시 관악구 봉천동,관악구,봉천동,500,42,0,20.12,6.09,1,낙성대 역세권 여러분들의 로망 복층 원룸 가져와봤습니다.,https://www.zigbang.com/home/apt/items/48845516
2026-06-17 08:34:56,원룸,48819686,월세,02,서울시 동작구 사당동,동작구,사당동,500,45,0,19.83,6.0,2,"트리플역세권, 풀옵션, 분리형, 보증금조율 가능",https://www.zigbang.com/home/apt/items/48819686
2026-06-17 08:34:56,원룸,48755194,월세,02,서울시 관악구 봉천동,관악구,봉천동,1000,50,0,21.14,6.39,2,지금 볼수있는 매물입니다,https://www.zigbang.com/home/apt/items/48755194
2026-06-17 08:34:56,원룸,48656655,월세,02,서울시 관악구 봉천동,관악구,봉천동,1000,60,0,21,6.35,3,낙성대역.깔끔한 분리형원룸.보증금조절가능.,https://www.zigbang.com/home/apt/items/48656655
2026-06-17 08:34:56,원룸,48504177,월세,02,서울시 동작구 사당동,동작구,사당동,500,47,0,19.83,6.0,2,"깔끔깨끗컨디션, 트리플역세권, 풀옵션, 보증금조율 가능",https://www.zigbang.com/home/apt/items/48504177
2026-06-17 08:34:56,원룸,48290534,월세,02,서울시 동작구 사당동,동작구,사당동,5000,25,0,19.83,6.0,2,"깔끔깨끗컨디션, 트리플역세권, 풀옵션, 보증금조율 가능",https://www.zigbang.com/home/apt/items/48290534
2026-06-17 08:34:56,원룸,48290524,월세,02,서울시 동작구 사당동,동작구,사당동,3000,35,0,19.83,6.0,2,"깔끔깨끗컨디션, 트리플역세권, 풀옵션, 보증금조율 가능",https://www.zigbang.com/home/apt/items/48290524
2026-06-17 08:34:56,원룸,48290519,월세,02,서울시 동작구 사당동,동작구,사당동,1000,45,0,19.83,6.0,2,"깔끔깨끗컨디션, 트리플역세권, 풀옵션, 보증금조율 가능",https://www.zigbang.com/home/apt/items/48290519
2026-06-17 08:34:56,원룸,49393489,월세,01,서울시 동작구 노량진동,동작구,노량진동,300,40,0,16.53,5.0,2,㉧노량진 극가성비 원룸㉧채광좋은 큰 신축 원룸㉧,https://www.zigbang.com/home/apt/items/49393489
2026-06-17 08:34:56,원룸,49392851,월세,01,서울시 동작구 노량진동,동작구,노량진동,300,40,0,19.83,6.0,1,ll깔끔한 화이트톤ll 가성비 갑 풀옵션원룸,https://www.zigbang.com/home/apt/items/49392851
2026-06-17 08:34:56,원룸,49392823,월세,01,서울시 동작구 노량진동,동작구,노량진동,1000,42,0,16.53,5.0,2,ll조용한 주택가 노량진ll 신축급 컨디션의 풀옵션원룸,https://www.zigbang.com/home/apt/items/49392823
2026-06-17 08:34:56,원룸,49374404,월세,01,서울시 동작구 흑석동,동작구,흑석동,5000,45,0,18,5.44,3,중앙대중문 도보4분 귀한 준신축3층 풀옵션원룸,https://www.zigbang.com/home/apt/items/49374404
2026-06-17 08:34:56,원룸,49363724,월세,01,서울시 동작구 흑석동,동작구,흑석동,500,72,0,20,6.05,5,중대정문 2분 넓은 풀옵션 원룸 채광좋은남향 5층,https://www.zigbang.com/home/apt/items/49363724
2026-06-17 08:34:56,원룸,49334342,월세,02,서울시 동작구 흑석동,동작구,흑석동,5000,60,0,18.5,5.6,3,중앙대정문 도보4분 넓은 신축 분리형원룸 실4층 귀한지상층,https://www.zigbang.com/home/apt/items/49334342
2026-06-17 08:34:56,원룸,49334273,월세,02,서울시 동작구 흑석동,동작구,흑석동,3000,70,0,18,5.44,1,중대중문 도보2분 2층 신축 귀한 중도퇴실매물 엘베o,https://www.zigbang.com/home/apt/items/49334273
2026-06-17 08:34:56,원룸,49331170,월세,01,서울시 동작구 노량진동,동작구,노량진동,200,27,0,14.88,4.5,반지하,동선이 안전하며 주변에원룸가여서조용합니다,https://www.zigbang.com/home/apt/items/49331170
2026-06-17 08:34:56,원룸,49292991,전세,01,서울시 동작구 노량진동,동작구,노량진동,5500,0,0,14.88,4.5,1,"권리관게확실한매물이며,주변이 원룸가여서 조용하고 안전합니다",https://www.zigbang.com/home/apt/items/49292991
2026-06-17 08:34:56,원룸,49271511,월세,02,서울시 동작구 흑석동,동작구,흑석동,3000,65,0,18,5.44,1,중앙대 중문2분  깨끗한 분리형 원룸,https://www.zigbang.com/home/apt/items/49271511
2026-06-17 08:34:56,원룸,49204774,월세,01,서울시 동작구 노량진동,동작구,노량진동,300,30,0,13.22,4.0,반지하,2018년신축한 방음이뛰어난풀옵션원룸,https://www.zigbang.com/home/apt/items/49204774
2026-06-17 08:34:56,원룸,49193672,월세,01,서울시 동작구 노량진동,동작구,노량진동,3000,28,0,19.84,6.0,2,㉧리모델링㉧큰길가 깔끔 안전한 풀옵션원룸,https://www.zigbang.com/home/apt/items/49193672
2026-06-17 08:35:01,원룸,49232580,월세,02,서울시 성동구 마장동,성동구,마장동,2000,70,0,35,10.59,1,2명살기 좋은 첫입주 2룸보세요,https://www.zigbang.com/home/apt/items/49232580
2026-06-17 08:35:01,원룸,49230195,월세,01,서울시 성동구 마장동,성동구,마장동,5000,50,0,16.53,5.0,2,더드림 V 신축ㅣ화이트톤ㅣ넓고 깔끔 풀옵션ㅣ보증금조절가능,https://www.zigbang.com/home/apt/items/49230195
2026-06-17 08:35:01,원룸,49179585,월세,01,서울시 성동구 마장동,성동구,마장동,2000,60,0,19.83,6.0,4,마장역 3분거리 신축급원룸보세요,https://www.zigbang.com/home/apt/items/49179585
2026-06-17 08:35:01,원룸,49167542,월세,01,서울시 성동구 홍익동,성동구,홍익동,17500,17,0,30.25,9.15,4,도선사거리 인근 깨끗하고 넓은 원룸 전세 대출O 보증보험O,https://www.zigbang.com/home/apt/items/49167542
2026-06-17 08:35:01,원룸,49151395,전세,01,서울시 성동구 마장동,성동구,마장동,9000,0,0,16.52,5.0,4,대출가능한 원룸 전세,https://www.zigbang.com/home/apt/items/49151395
2026-06-17 08:35:01,원룸,49132877,월세,01,서울시 성동구 마장동,성동구,마장동,3000,35,0,18,5.44,2,왕십리역도보 5분ㅣ밝은주택가ㅣ보안치안 굿,https://www.zigbang.com/home/apt/items/49132877
2026-06-17 08:35:01,원룸,49129587,월세,02,서울시 성동구 마장동,성동구,마장동,1000,65,0,19.83,6.0,2,대로 변 안전한 원룸,https://www.zigbang.com/home/apt/items/49129587
2026-06-17 08:35:01,원룸,49121231,월세,01,서울시 성동구 마장동,성동구,마장동,5000,40,0,17,5.14,2,보증금상향가능 v 화이트톤 풀옵션 v 큰길가 이면도로,https://www.zigbang.com/home/apt/items/49121231
2026-06-17 08:35:01,원룸,49120676,월세,01,서울시 성동구 마장동,성동구,마장동,500,60,0,17,5.14,1,더드림V 갓성비월세보ㅣ보증금 저렴ㅣ깔끔풀옵션ㅣ조용한주택가,https://www.zigbang.com/home/apt/items/49120676
2026-06-17 08:35:01,원룸,49120654,월세,01,서울시 성동구 마장동,성동구,마장동,3000,60,0,20,6.05,1,더드림V 6평 넓은 풀옵션ㅣ조용한주택가ㅣ빠른입주가능,https://www.zigbang.com/home/apt/items/49120654
2026-06-17 08:35:01,원룸,49115748,월세,01,서울시 성동구 마장동,성동구,마장동,3000,50,0,17,5.14,2,더드림 V 갓성비ㅣ깔끔풀옵션ㅣ채광굿ㅣ조용한주택가ㅣ빠른입주,https://www.zigbang.com/home/apt/items/49115748
2026-06-17 08:35:01,원룸,49092838,전세,01,서울시 성동구 마장동,성동구,마장동,12000,0,0,17,5.14,4,더드림V 대출Oㅣ신축ㅣ화이트인테리어ㅣ조용한주택가ㅣ수납최고,https://www.zigbang.com/home/apt/items/49092838
2026-06-17 08:35:01,원룸,49074576,월세,01,서울시 성동구 마장동,성동구,마장동,3000,60,0,19.83,6.0,2,더드림V 6Pㅣ넓은 풀옵션ㅣ엘베Oㅣ주차Oㅣ빠른입주,https://www.zigbang.com/home/apt/items/49074576
2026-06-17 08:35:01,원룸,48961355,월세,01,서울시 성동구 마장동,성동구,마장동,1000,48,0,14,4.23,5,햇빛 잘 드는 집 가성비좋은집을 선호하는 학생·직장인 추천,https://www.zigbang.com/home/apt/items/48961355
2026-06-17 08:35:01,원룸,48914720,월세,01,서울시 성동구 마장동,성동구,마장동,1000,48,0,15.86,4.8,5,전망좋은  깔끔한  원룸 월세,https://www.zigbang.com/home/apt/items/48914720
2026-06-17 08:35:22,원룸,49385964,월세,02,경기도 파주시 문발동,파주시,문발동,500,45,0,26.45,8.0,2,문발동 1.5룸,https://www.zigbang.com/home/apt/items/49385964
2026-06-17 08:35:22,원룸,49385825,월세,02,경기도 파주시 동패동,파주시,동패동,500,45,0,26.45,8.0,2,두일초부근 1.5룸,https://www.zigbang.com/home/apt/items/49385825
2026-06-17 08:35:22,원룸,49364597,월세,03,경기도 파주시 다율동,파주시,다율동,500,70,0,26.75,8.09,4,풀옵션 복층 사무실 전입불가 전용13평 엄청넓음,https://www.zigbang.com/home/apt/items/49364597
2026-06-17 08:35:22,원룸,49364065,월세,02,경기도 파주시 동패동,파주시,동패동,1000,50,0,28,8.47,4,밝고환한 큰방 풀옵션 주방분리된 1.5룸 도배청소깨끗 즉시,https://www.zigbang.com/home/apt/items/49364065
2026-06-17 08:35:22,원룸,49341681,월세,03,경기도 파주시 다율동,파주시,다율동,500,65,0,85.27,25.79,고,"넓은 원룸 복층 ,사업자만,전입불가, 풀옵션, 입주협의",https://www.zigbang.com/home/apt/items/49341681
2026-06-17 08:35:22,원룸,49326891,월세,01,경기도 파주시 다율동,파주시,다율동,300,35,0,16.53,5.0,2,다율동 원룸.,https://www.zigbang.com/home/apt/items/49326891
2026-06-17 08:35:22,원룸,49326788,월세,01,경기도 파주시 문발동,파주시,문발동,300,30,0,16.53,5.0,1,문발동 가성비좋은 원룸,https://www.zigbang.com/home/apt/items/49326788
2026-06-17 08:35:22,원룸,49326726,월세,01,경기도 파주시 문발동,파주시,문발동,500,30,0,19.83,6.0,2,깨끗한 문발동 원룸,https://www.zigbang.com/home/apt/items/49326726
2026-06-17 08:35:22,원룸,49247653,월세,03,경기도 파주시 동패동,파주시,동패동,6000,20,0,40,12.1,4,까페거리 해잘드는 남향 1.5 복층 테라스 공원전망 풀옵션,https://www.zigbang.com/home/apt/items/49247653
2026-06-17 08:35:22,원룸,49202502,월세,01,경기도 파주시 동패동,파주시,동패동,500,45,0,20,6.05,4,즉시입주  아담한 오픈형 원룸 풀옵션 까페거리내,https://www.zigbang.com/home/apt/items/49202502
2026-06-17 08:35:22,원룸,49176641,월세,02,경기도 파주시 문발동,파주시,문발동,500,45,0,23.14,7.0,2,문발초 1.5룸입니다,https://www.zigbang.com/home/apt/items/49176641
2026-06-17 08:35:22,원룸,49054012,월세,02,경기도 파주시 동패동,파주시,동패동,500,50,0,28,8.47,4,즉시입주 공원방향 창문으로 밝은집 풀옵션 방 분리형 구조,https://www.zigbang.com/home/apt/items/49054012
2026-06-17 08:35:26,원룸,49326962,월세,02,경기도 파주시 금릉동,파주시,금릉동,300,36,0,46.28,14.0,2,방도 거실도 넓은 분리형 방,https://www.zigbang.com/home/apt/items/49326962
2026-06-17 08:35:27,원룸,49175021,월세,02,경기도 파주시 탄현면 대동리,파주시,탄현면,1000,45,0,38,11.49,2,"준신축, 채광이 좋습니다. 방과 거실이 분리, 주차 가능",https://www.zigbang.com/home/apt/items/49175021
2026-06-17 08:35:27,원룸,49175003,월세,02,경기도 파주시 탄현면 법흥리,파주시,탄현면,500,38,0,37,11.19,1,"귀한 1.5룸, 풀옵션, 깨끗하고 안전하며 주차가능합니다.",https://www.zigbang.com/home/apt/items/49175003
2026-06-17 08:35:29,원룸,49339918,월세,01,경기도 파주시 문산읍 선유리,파주시,문산읍,100,30,0,20,6.05,3,선유리 원룸 I 월세 관리비 공과금 40만원 그외 비용없음,https://www.zigbang.com/home/apt/items/49339918
2026-06-17 08:35:29,원룸,49330640,월세,01,경기도 파주시 문산읍 당동리,파주시,문산읍,100,35,0,18.1,5.48,2,가성비 최고 원룸 기본옵션 모두 포함,https://www.zigbang.com/home/apt/items/49330640
2026-06-17 08:35:29,원룸,49324028,월세,01,경기도 파주시 문산읍 당동리,파주시,문산읍,100,25,0,17,5.14,2,㉧모든공과금 관리비에 포함㉧단기가능㉧저보증금㉧풀옵션㉧,https://www.zigbang.com/home/apt/items/49324028
2026-06-17 08:35:29,원룸,49289701,월세,01,경기도 파주시 문산읍 선유리,파주시,문산읍,200,30,0,20,6.05,3,선유리 원룸 I 풀옵션 I 한달40만원 그외비용 없음,https://www.zigbang.com/home/apt/items/49289701
2026-06-17 08:35:29,원룸,49289232,월세,01,경기도 파주시 문산읍 선유리,파주시,문산읍,100,30,0,20,6.05,2,선유리 원룸 I가성비 좋은 오픈형 원룸,https://www.zigbang.com/home/apt/items/49289232
2026-06-17 08:35:29,원룸,49280848,월세,01,경기도 파주시 문산읍 당동리,파주시,문산읍,100,30,0,18,5.44,4,당동원룸 I 깔끔하게 관리 잘된 시내쪽 원룸,https://www.zigbang.com/home/apt/items/49280848
2026-06-17 08:35:29,원룸,49280823,월세,01,경기도 파주시 문산읍 당동리,파주시,문산읍,100,30,0,18,5.44,4,당동원룸 I 한달 월세 관리비 35만원 그외비용없음,https://www.zigbang.com/home/apt/items/49280823
2026-06-17 08:35:29,원룸,49280803,월세,02,경기도 파주시 문산읍 선유리,파주시,문산읍,100,40,0,20,6.05,3,선유리 원룸 I 옷장 수납함 넉넉한 분리형 원룸입니다.,https://www.zigbang.com/home/apt/items/49280803
2026-06-17 08:35:29,원룸,49280794,월세,01,경기도 파주시 문산읍 선유리,파주시,문산읍,100,30,0,19,5.75,3,선유리 원룸 I 수납함 여유있는 저렴한 원룸,https://www.zigbang.com/home/apt/items/49280794
2026-06-17 08:35:29,원룸,49278983,월세,01,경기도 파주시 문산읍 선유리,파주시,문산읍,200,30,0,24,7.26,2,인터넷완비 풀옵션 개방감 좋고 채광좋은 깨끗한 편세권 원룸,https://www.zigbang.com/home/apt/items/49278983
2026-06-17 08:35:29,원룸,49235878,월세,01,경기도 파주시 문산읍 당동리,파주시,문산읍,500,35,0,20,6.05,5,당동리  엘베있는 깔끔한 원룸,https://www.zigbang.com/home/apt/items/49235878
2026-06-17 08:35:29,원룸,49321627,월세,01,경기도 파주시 월롱면 덕은리,파주시,월롱면,100,28,0,23.14,7.0,3,"전입신고가능, 조용하고 주차가 편한 풀옵션 넓은 원룸",https://www.zigbang.com/home/apt/items/49321627
2026-06-17 08:35:29,원룸,49321611,월세,01,경기도 파주시 월롱면 덕은리,파주시,월롱면,100,28,0,19.83,6.0,3,"디스플레이 북문 인근 원룸, 도보출근가능",https://www.zigbang.com/home/apt/items/49321611
2026-06-17 08:35:29,원룸,49321609,월세,01,경기도 파주시 월롱면 덕은리,파주시,월롱면,100,30,0,19.83,6.0,3,"P7,P8 인근 대출없고 전입신고 가능한 깨끗한 원룸",https://www.zigbang.com/home/apt/items/49321609
2026-06-17 08:35:29,원룸,49310435,월세,02,경기도 파주시 월롱면 덕은리,파주시,월롱면,200,50,0,50,15.12,4,"거실및주방있는 투룸, 엘리베이터, 에어컨,냉장고,세탁기",https://www.zigbang.com/home/apt/items/49310435
2026-06-17 08:35:29,원룸,49247332,월세,02,경기도 파주시 월롱면 덕은리,파주시,월롱면,200,55,0,50,15.12,4,"2룸 넓고 깨끗함, 풀옵션 화장실2개,에어컨2,세탁기냉장고",https://www.zigbang.com/home/apt/items/49247332
2026-06-17 08:35:29,원룸,49247270,월세,01,경기도 파주시 월롱면 덕은리,파주시,월롱면,100,25,0,20,6.05,2,깨끗풀옵션 단지형  원룸 넓은주차장  파주 LCD  P8.,https://www.zigbang.com/home/apt/items/49247270
2026-06-17 08:35:29,원룸,49216566,월세,03,경기도 파주시 월롱면 덕은리,파주시,월롱면,200,28,0,66.65,20.16,고,즉시 입주가능한 깨끗한 오피스텔,https://www.zigbang.com/home/apt/items/49216566
2026-06-17 08:35:29,원룸,49171803,월세,01,경기도 파주시 월롱면 덕은리,파주시,월롱면,100,20,0,20,6.05,3,대로변  원룸 주차편함  풀옵션구성 관리비는 난방비제외,https://www.zigbang.com/home/apt/items/49171803
2026-06-17 08:35:29,원룸,49171775,월세,01,경기도 파주시 월롱면 덕은리,파주시,월롱면,100,20,0,20,6.05,2,"단기가능,관리비공과금일괄합산 15만원 월정액임. 풀옵션.",https://www.zigbang.com/home/apt/items/49171775
2026-06-17 08:35:29,원룸,49095198,월세,01,경기도 파주시 월롱면 덕은리,파주시,월롱면,100,30,0,25,7.56,3,"넓은원룸, 주차굿, 주인이깨끗하게 관리하고있는 원룸입니다",https://www.zigbang.com/home/apt/items/49095198
2026-06-17 08:35:15,원룸,49339943,월세,01,서울시 강동구 성내동,강동구,성내동,13000,10,0,19.98,6.04,2,"LH,SH1억3천월10 1억월25 허그버팀목중기청,청년대출",https://www.zigbang.com/home/apt/items/49339943
2026-06-17 08:35:15,원룸,49311551,월세,01,서울시 강동구 성내동,강동구,성내동,8000,15,0,26.4,7.99,2,오픈형 넓은원룸 풀옵션  임대사업자 LH는자부담1천이상만,https://www.zigbang.com/home/apt/items/49311551
2026-06-17 08:35:15,원룸,49310866,월세,01,서울시 강동구 성내동,강동구,성내동,11700,20,0,18.59,5.62,2,보증보험 버팀목허그 lh 깔끔 준신축 1룸 강동구청역 주차,https://www.zigbang.com/home/apt/items/49310866
2026-06-17 08:35:15,원룸,49298160,월세,01,서울시 강동구 성내동,강동구,성내동,12000,20,0,15.67,4.74,2,허그대출가능 강동구청역까지 도보로 약 10분 풀옵션원룸,https://www.zigbang.com/home/apt/items/49298160
2026-06-17 08:35:15,원룸,49283901,월세,02,서울시 강동구 성내동,강동구,성내동,1000,50,0,29.75,9.0,반지하,반지층이지만 전혀 습하지전용 전용 넓은  분리형원룸,https://www.zigbang.com/home/apt/items/49283901
2026-06-17 08:35:15,원룸,49019957,월세,01,서울시 강동구 성내동,강동구,성내동,12900,22,0,20.79,6.29,2,"HUG버팀목,HUG보증보험,아주넓은집",https://www.zigbang.com/home/apt/items/49019957
2026-06-17 08:35:32,원룸,49368050,월세,01,서울시 도봉구 방학동,도봉구,방학동,1000,61,0,38.52,11.65,중,"초역세권, 전입신고가능, 주거형 오피스텔, 저렴한보증금",https://www.zigbang.com/home/apt/items/49368050
2026-06-17 08:35:32,원룸,49343215,월세,01,서울시 도봉구 방학동,도봉구,방학동,1000,61,0,38.52,11.65,중,"주거형오피스텔, 전입신고가능, 초역세권, 주변편의시설 다수",https://www.zigbang.com/home/apt/items/49343215
2026-06-17 08:35:32,원룸,49341077,전세,01,서울시 도봉구 방학동,도봉구,방학동,13800,0,0,38.52,11.65,6,"근저당없음, LH, SH가능,방학역 바로 앞, 이안오피스텔",https://www.zigbang.com/home/apt/items/49341077
2026-06-17 08:35:32,원룸,49318870,월세,01,서울시 도봉구 도봉동,도봉구,도봉동,500,35,0,19.83,6.0,2,"신축급 풀옵션 더블역세권 1,7호선도봉산역 4분 버스전용",https://www.zigbang.com/home/apt/items/49318870
2026-06-17 08:35:32,원룸,49300598,월세,01,서울시 도봉구 도봉동,도봉구,도봉동,500,40,0,16.52,5.0,3,도봉역3분ㅣ풀옵션ㅣ6월말,https://www.zigbang.com/home/apt/items/49300598
2026-06-17 08:35:32,원룸,49287261,월세,01,서울시 도봉구 도봉동,도봉구,도봉동,1000,50,0,33.06,10.0,6,방큰원룸 신축급 풀옵션 여성전용 엘베있슴 도봉산역 주차가,https://www.zigbang.com/home/apt/items/49287261
2026-06-17 08:35:32,원룸,49261420,월세,01,서울시 도봉구 도봉동,도봉구,도봉동,1000,50,0,18.75,5.67,옥탑방,"도봉산역,내외부깨끗,여성분만가능,엘베",https://www.zigbang.com/home/apt/items/49261420
2026-06-17 08:35:32,원룸,49241424,월세,01,서울시 도봉구 방학동,도봉구,방학동,300,45,0,21.21,6.42,2,"풀풀풀옵션, 넓은 원룸, 즉시입주, 방학역7분",https://www.zigbang.com/home/apt/items/49241424
2026-06-17 08:35:32,원룸,49166454,월세,03,서울시 도봉구 방학동,도봉구,방학동,1000,65,0,23.14,7.0,11,"방학 신화하니엘씨티 월세, 전입신고 불가",https://www.zigbang.com/home/apt/items/49166454
2026-06-17 08:35:32,원룸,49136435,전세,01,서울시 도봉구 방학동,도봉구,방학동,14000,0,0,38.52,11.65,6,"LH가능, 이안테라디움 오피스텔, 원룸형 풀옵션",https://www.zigbang.com/home/apt/items/49136435
2026-06-17 08:35:32,원룸,49131925,전세,01,서울시 도봉구 방학동,도봉구,방학동,14000,0,0,28,8.47,6,LH.SH전세 방학역 초역세권,https://www.zigbang.com/home/apt/items/49131925
2026-06-17 08:35:32,원룸,49113758,월세,02,서울시 도봉구 방학동,도봉구,방학동,500,50,0,19.8,5.99,옥탑방,방학역 인근 옥상 단독 사용 가능한 옥탑 원룸,https://www.zigbang.com/home/apt/items/49113758
2026-06-17 08:35:32,원룸,49109406,월세,01,서울시 도봉구 방학동,도봉구,방학동,500,55,0,18.84,5.7,3,"방학역10분,신축급, 큰 원룸,풀옵션",https://www.zigbang.com/home/apt/items/49109406
2026-06-17 08:35:33,원룸,49380267,월세,02,경기도 의정부시 녹양동,의정부시,녹양동,500,45,0,23.14,7.0,4,주방분리  수납많고 보안좋고깔끔1.5룸,https://www.zigbang.com/home/apt/items/49380267
2026-06-17 08:35:33,원룸,49372562,월세,02,경기도 의정부시 가능동,의정부시,가능동,300,40,0,39,11.8,반지하,큰길 가깝습니다 옵션있어요 즉시입주가능합니다,https://www.zigbang.com/home/apt/items/49372562
2026-06-17 08:35:33,원룸,49342062,월세,02,경기도 의정부시 가능동,의정부시,가능동,300,38,0,23.4,7.08,2,I가능역I주방분리I세탁기건조기능I풀옵션I,https://www.zigbang.com/home/apt/items/49342062
2026-06-17 08:35:33,원룸,49324397,월세,01,경기도 의정부시 녹양동,의정부시,녹양동,300,39,0,23.14,7.0,3,"너무 넓은 사이즈, 주차완전 넉넉, 쾌적한환경 이마트30초",https://www.zigbang.com/home/apt/items/49324397
2026-06-17 08:35:33,원룸,49315814,월세,02,경기도 의정부시 녹양동,의정부시,녹양동,300,30,0,23.14,7.0,3,싸게나온 원룸전세 넓고 분리형 원룸 베란다까지 있는 방,https://www.zigbang.com/home/apt/items/49315814
2026-06-17 08:35:33,원룸,49301484,전세,02,경기도 의정부시 가능동,의정부시,가능동,1700,0,0,40,12.1,반지하,저렴한방입니다 즉시입주가능합니다,https://www.zigbang.com/home/apt/items/49301484
2026-06-17 08:35:33,원룸,49282301,전세,01,경기도 의정부시 녹양동,의정부시,녹양동,3500,0,0,29.7,8.98,3,녹양역 도로10분 풀옵션 원룸,https://www.zigbang.com/home/apt/items/49282301
2026-06-17 08:35:33,원룸,49280073,월세,03,경기도 의정부시 녹양동,의정부시,녹양동,100,49,0,25,7.56,2,"ꪑꪑ실매물ꪑꪑ 복층형원룸, 즉시입주, 넓은원룸",https://www.zigbang.com/home/apt/items/49280073
2026-06-17 08:35:33,원룸,49266714,월세,02,경기도 의정부시 가능동,의정부시,가능동,200,28,0,29.75,9.0,3,깨끗합니다 협의입주가능합니다 가스렌지 세탁기 옵션있습니다,https://www.zigbang.com/home/apt/items/49266714
2026-06-17 08:35:33,원룸,49245525,월세,02,경기도 의정부시 가능동,의정부시,가능동,300,38,0,23.5,7.11,1,• 가능역 • 초역세권 • 풀옵션 • 신축주방분리 •,https://www.zigbang.com/home/apt/items/49245525
2026-06-17 08:35:33,원룸,49244896,월세,02,경기도 의정부시 녹양동,의정부시,녹양동,500,40,0,29.75,9.0,3,귀한1.5룸 엘베있어 편리 녹양역 도보10분 편의점1분,https://www.zigbang.com/home/apt/items/49244896
2026-06-17 08:35:33,원룸,49214206,월세,02,경기도 의정부시 가능동,의정부시,가능동,300,32,0,19.8,5.99,2,1.5룸.풀옵션.입주협의.강아지동반입주가능,https://www.zigbang.com/home/apt/items/49214206
2026-06-17 08:35:33,원룸,49176289,월세,02,경기도 의정부시 가능동,의정부시,가능동,250,20,0,45,13.61,2,저렴한 1.5룸 월세,https://www.zigbang.com/home/apt/items/49176289
2026-06-17 08:35:33,원룸,49122296,월세,02,경기도 의정부시 녹양동,의정부시,녹양동,300,30,0,23.14,7.0,5,분리형 원룸 베란다까지 있어 편리,https://www.zigbang.com/home/apt/items/49122296
2026-06-17 08:35:33,원룸,49080269,월세,02,경기도 의정부시 가능동,의정부시,가능동,200,23,0,33,9.98,반지하,깔끔합니다 즉시입주가능합니다 하이샷시 방화문입니다,https://www.zigbang.com/home/apt/items/49080269
2026-06-17 08:35:13,원룸,49253323,월세,01,서울시 중랑구 묵동,중랑구,묵동,500,55,0,26.26,7.94,1,"먹골역5분, 빌라형 넓은 원룸, 풀옵션, 애완x,날짜협의",https://www.zigbang.com/home/apt/items/49253323
2026-06-17 08:35:13,원룸,49232800,전세,01,서울시 중랑구 중화동,중랑구,중화동,13000,0,0,16.52,5.0,1,"보증보험가능, 주차가능, 풀옵션장착, 조용한주택가, 중화역",https://www.zigbang.com/home/apt/items/49232800
2026-06-17 08:35:13,원룸,49397217,월세,03,서울시 중랑구 묵동,중랑구,묵동,2000,65,0,20,6.05,4,"주차,복층겸 분리형 원룸, 공간 넓음, 준신축, 먹골역4분",https://www.zigbang.com/home/apt/items/49397217
2026-06-17 08:35:13,원룸,49369739,월세,01,서울시 중랑구 묵동,중랑구,묵동,500,40,0,16.53,5.0,2,"풀옵션,먹골역5분,즉시입주",https://www.zigbang.com/home/apt/items/49369739
2026-06-17 08:35:35,원룸,49350826,월세,03,경기도 남양주시 별내동,남양주시,별내동,6000,22,0,22,6.65,3,"식송2블럭, 복층원룸, 전입가능,입주협의",https://www.zigbang.com/home/apt/items/49350826
2026-06-17 08:35:35,원룸,49116064,월세,03,경기도 남양주시 별내동,남양주시,별내동,5000,25,0,26,7.86,4,"식송2블럭, 별가람역 도보 10분거리, 원룸복층",https://www.zigbang.com/home/apt/items/49116064
2026-06-17 08:35:35,원룸,49380638,월세,02,경기도 남양주시 진건읍 사능리,남양주시,진건읍,1000,65,0,40,12.1,3,"사릉역세권, 도보2분, 주차편리한 분리형 풀옵션",https://www.zigbang.com/home/apt/items/49380638
2026-06-17 08:35:35,원룸,49310618,월세,01,경기도 남양주시 진건읍 용정리,남양주시,진건읍,500,35,0,22,6.65,1,깔끔하게 사용중인 저렴한 풀옵션원룸. 6월 말부터입주가능,https://www.zigbang.com/home/apt/items/49310618
2026-06-17 08:35:35,원룸,49301974,월세,01,경기도 남양주시 금곡동,남양주시,금곡동,500,50,0,36,10.89,5,"금곡역세권, 빠른입주가능, 엘레베이터o",https://www.zigbang.com/home/apt/items/49301974
2026-06-17 08:35:35,원룸,49293748,월세,01,경기도 남양주시 금곡동,남양주시,금곡동,100,60,0,40,12.1,3,"넓은풀옵션원룸 , 단기임대가능 3개월부터, 큰냉장고,비데o",https://www.zigbang.com/home/apt/items/49293748
2026-06-17 08:35:35,원룸,49220873,월세,01,경기도 남양주시 진건읍 사능리,남양주시,진건읍,500,45,0,30,9.07,3,"사릉역 초역세권, 넓은 풀옵션",https://www.zigbang.com/home/apt/items/49220873
2026-06-17 08:35:35,원룸,49186370,월세,01,경기도 남양주시 금곡동,남양주시,금곡동,500,30,0,27,8.17,4,"저렴한 풀옵션, 즉시입주가능",https://www.zigbang.com/home/apt/items/49186370
2026-06-17 08:35:35,원룸,49165557,월세,01,경기도 남양주시 금곡동,남양주시,금곡동,100,50,0,26.45,8.0,3,"3개월이상 단기임대가능.  풀옵션. 즉시입주가, 전입신고o",https://www.zigbang.com/home/apt/items/49165557
2026-06-17 08:35:35,원룸,49380460,월세,01,경기도 남양주시 오남읍 오남리,남양주시,오남읍,500,48,0,23.14,7.0,4,오남리 분리형원룸,https://www.zigbang.com/home/apt/items/49380460
2026-06-17 08:35:35,원룸,49380245,월세,01,경기도 남양주시 오남읍 오남리,남양주시,오남읍,500,40,0,20,6.05,2,"주차편리한 풀옵션 원룸, 편안한1층, 한양병원옆.",https://www.zigbang.com/home/apt/items/49380245
2026-06-17 08:35:35,원룸,49306127,월세,01,경기도 남양주시 오남읍 오남리,남양주시,오남읍,500,40,0,22,6.65,2,"주차아주편리, 한적한곳에 위치한 깨끗한 풀옵션 원룸",https://www.zigbang.com/home/apt/items/49306127
2026-06-17 08:35:35,원룸,49396811,월세,02,경기도 남양주시 호평동,남양주시,호평동,500,55,0,36.36,11.0,3,"역앞 넓고 깔끔한 풀옵션 1,5룸",https://www.zigbang.com/home/apt/items/49396811
2026-06-17 08:35:35,원룸,49394461,월세,02,경기도 남양주시 평내동,남양주시,평내동,500,45,0,30,9.07,2,밝고 깨끗한 분리형 원룸,https://www.zigbang.com/home/apt/items/49394461
2026-06-17 08:35:35,원룸,49394318,월세,02,경기도 남양주시 평내동,남양주시,평내동,1000,45,0,30,9.07,3,싱크대 교체 수리 된 분리형 넓은 원룸,https://www.zigbang.com/home/apt/items/49394318
2026-06-17 08:35:35,원룸,49387409,전세,02,경기도 남양주시 평내동,남양주시,평내동,4500,0,0,30,9.07,1,"1층 분리형 원룸,옵션 있음,위치 굿",https://www.zigbang.com/home/apt/items/49387409
2026-06-17 08:35:35,원룸,49347259,월세,01,경기도 남양주시 호평동,남양주시,호평동,500,40,0,26.45,8.0,2,이마트 부근 원룸,https://www.zigbang.com/home/apt/items/49347259
2026-06-17 08:35:35,원룸,49226515,월세,01,경기도 남양주시 평내동,남양주시,평내동,500,35,0,23.14,7.0,1,큰 베란다 있는 풀옵션 큰방 원룸,https://www.zigbang.com/home/apt/items/49226515
2026-06-17 08:35:35,원룸,49198191,월세,02,경기도 남양주시 호평동,남양주시,호평동,1000,45,0,28,8.47,2,초역세권 큰 1.5룸,https://www.zigbang.com/home/apt/items/49198191
2026-06-17 08:35:36,원룸,49370228,전세,01,경기도 의정부시 낙양동,의정부시,낙양동,7500,0,0,24,7.26,2,신축급 민락동인근 엄청넓은풀옵션1.5룸 수납공간좋음빠른입주,https://www.zigbang.com/home/apt/items/49370228
2026-06-17 08:35:36,원룸,49397690,월세,01,경기도 남양주시 오남읍 양지리,남양주시,오남읍,500,50,0,24,7.26,4,오남역인근 원룸,https://www.zigbang.com/home/apt/items/49397690
2026-06-17 08:35:36,원룸,49393470,월세,03,경기도 남양주시 진접읍 장현리,남양주시,진접읍,300,50,0,27.93,8.45,중,장단기 가능하며 단기는 요금올라갑니다,https://www.zigbang.com/home/apt/items/49393470
2026-06-17 08:35:36,원룸,49391567,월세,02,경기도 남양주시 진접읍 금곡리,남양주시,진접읍,500,50,0,27,8.17,3,진접역 도보2분 풀옵션 깨끗한 1.5룸 엘리베이터,https://www.zigbang.com/home/apt/items/49391567
2026-06-17 08:35:36,원룸,49375495,월세,01,경기도 남양주시 진접읍 금곡리,남양주시,진접읍,500,48,0,23.14,7.0,2,진접역 도보2분 풀옵션 주택가 원룸,https://www.zigbang.com/home/apt/items/49375495
2026-06-17 08:35:36,원룸,49352042,월세,02,경기도 남양주시 오남읍 양지리,남양주시,오남읍,500,50,0,30,9.07,1,오남역인근 분리형원룸,https://www.zigbang.com/home/apt/items/49352042
2026-06-17 08:35:36,원룸,49348532,월세,01,경기도 남양주시 오남읍 양지리,남양주시,오남읍,500,45,0,30,9.07,1,오남역인근 원룸,https://www.zigbang.com/home/apt/items/49348532
2026-06-17 08:35:36,원룸,49348516,월세,02,경기도 남양주시 진접읍 연평리,남양주시,진접읍,1500,75,0,24,7.26,3,d연평리 농협인근 신축 방1거실1,https://www.zigbang.com/home/apt/items/49348516
2026-06-17 08:35:36,원룸,49323315,월세,01,경기도 남양주시 진접읍 금곡리,남양주시,진접읍,300,35,0,18,5.44,반지하,진접역인근 반지하원룸,https://www.zigbang.com/home/apt/items/49323315
2026-06-17 08:35:36,원룸,49313289,월세,03,경기도 남양주시 진접읍 장현리,남양주시,진접읍,500,70,0,30,9.07,15,장현시내 신축급 1.5룸,https://www.zigbang.com/home/apt/items/49313289
2026-06-17 08:35:36,원룸,49289951,월세,01,경기도 남양주시 진접읍 금곡리,남양주시,진접읍,500,48,0,23.14,7.0,3,진접역 도보3분 풀옵션 깨끗한 원룸 베란다 엘베,https://www.zigbang.com/home/apt/items/49289951
2026-06-17 08:35:36,원룸,49231550,월세,02,경기도 남양주시 진접읍 연평리,남양주시,진접읍,1500,75,0,27,8.17,4,연평리 백병원인근 분리형원룸,https://www.zigbang.com/home/apt/items/49231550
2026-06-17 08:35:36,원룸,49196860,월세,02,경기도 남양주시 진접읍 장현리,남양주시,진접읍,500,70,0,40.93,12.38,고,즉시 입실가능한 고층 남향 1.5 룸 입니다,https://www.zigbang.com/home/apt/items/49196860
2026-06-17 08:35:36,원룸,49097169,월세,01,경기도 남양주시 진접읍 금곡리,남양주시,진접읍,500,45,0,22,6.65,3,진접역 도보2분 거리 깨끗한 풀옵 원룸 베란다 여성분만,https://www.zigbang.com/home/apt/items/49097169
2026-06-17 08:35:36,원룸,49053103,월세,02,경기도 남양주시 진접읍 금곡리,남양주시,진접읍,1000,55,0,36.36,11.0,옥탑방,진접역 도보2분 풀옵션 1.5룸 옥탑방 테라스,https://www.zigbang.com/home/apt/items/49053103
2026-06-17 08:35:36,원룸,49281551,월세,01,경기도 양주시 광적면 석우리,양주시,광적면,200,30,0,21.49,6.5,1,채광좋음.서랍식 침대로 수납편리,https://www.zigbang.com/home/apt/items/49281551
2026-06-17 08:35:36,원룸,49214226,월세,01,경기도 양주시 광적면 가납리,양주시,광적면,300,30,0,21.49,6.5,1,수납 편하고 깨끗함.넓은 욕실,https://www.zigbang.com/home/apt/items/49214226
2026-06-17 08:35:36,원룸,49122257,월세,01,경기도 양주시 광적면 석우리,양주시,광적면,200,27,0,19.83,6.0,2,관리비포함30만원.1층필로티주자장,https://www.zigbang.com/home/apt/items/49122257
2026-06-17 08:35:37,원룸,49398138,월세,01,경기도 양주시 덕계동,양주시,덕계동,200,50,0,20.24,6.12,2,"신축. 풀옵션, 7월7일이후입주가능, 엘베설치",https://www.zigbang.com/home/apt/items/49398138
2026-06-17 08:35:37,원룸,49398109,월세,01,경기도 양주시 덕계동,양주시,덕계동,100,45,0,18.18,5.5,2,"신축. 풀옵션, 즉시입주, 엘베설치",https://www.zigbang.com/home/apt/items/49398109
2026-06-17 08:35:37,원룸,49395340,월세,01,경기도 양주시 고암동,양주시,고암동,300,25,0,26.45,8.0,3,원룸..가성비 좋은 넓은 방 환하고 쾌적함,https://www.zigbang.com/home/apt/items/49395340
2026-06-17 08:35:37,원룸,49374280,월세,02,경기도 양주시 고암동,양주시,고암동,300,30,0,24,7.26,2,"단기가능,즉시입주가,풀옵션,보증금300 에 월세30가능",https://www.zigbang.com/home/apt/items/49374280
2026-06-17 08:35:37,원룸,49369093,월세,01,경기도 양주시 덕계동,양주시,덕계동,500,47,0,23.15,7.0,2,"신축. 풀옵션. 즉시입주, 엘베설치",https://www.zigbang.com/home/apt/items/49369093
2026-06-17 08:35:37,원룸,49365486,월세,02,경기도 양주시 광사동,양주시,광사동,500,65,0,40,12.1,6,"즉시입주가능한 오피스텔,풀옵션,스타일러,상권좋고 주차가능",https://www.zigbang.com/home/apt/items/49365486
2026-06-17 08:35:37,원룸,49364013,월세,02,경기도 양주시 덕계동,양주시,덕계동,3000,55,0,29,8.77,2,U풀옵션 1.5룸U 역세권 U 신축U 두번째입주U,https://www.zigbang.com/home/apt/items/49364013
2026-06-17 08:35:37,원룸,49323943,월세,02,경기도 양주시 고암동,양주시,고암동,3000,50,0,33.9,10.25,2,U초대형 U 분리형 1.5룸 U 풀옵션 U 빠른입주가능 U,https://www.zigbang.com/home/apt/items/49323943
2026-06-17 08:35:37,원룸,49265396,월세,01,경기도 양주시 고암동,양주시,고암동,300,30,0,26.45,8.0,1,원룸..리모델링해서  싱크대 화장실 깔끔하고 조용함.,https://www.zigbang.com/home/apt/items/49265396
2026-06-17 08:35:37,원룸,49264472,월세,01,경기도 양주시 고암동,양주시,고암동,300,25,0,26.45,8.0,1,원룸. 오픈형 넓은 방  옵션 좋은 방.즉시 입주,https://www.zigbang.com/home/apt/items/49264472
2026-06-17 08:35:37,원룸,49196086,월세,01,경기도 양주시 고읍동,양주시,고읍동,200,35,0,17.73,5.36,4,"풀옵션,협의입주가능,빌트인냉장고등등,신축,여유로운주차",https://www.zigbang.com/home/apt/items/49196086
2026-06-17 08:35:37,원룸,49186050,월세,02,경기도 양주시 고암동,양주시,고암동,300,30,0,23.14,7.0,2,원룸.. 주방 분리형 남향  해 잘 들어 환해요,https://www.zigbang.com/home/apt/items/49186050
2026-06-17 08:35:37,원룸,49129567,월세,01,경기도 양주시 광사동,양주시,광사동,500,55,0,38.49,11.64,7,"첫입주 오피스텔,주차가능,즉시입주,풀옵션,전입신고,애견가능",https://www.zigbang.com/home/apt/items/49129567
2026-06-17 08:35:37,원룸,49243696,월세,02,경기도 양주시 덕정동,양주시,덕정동,500,50,0,40,12.1,5,"즉시입주가능한1.5룸.많이 넓어요.풀옵션.추천,덕정역도보가",https://www.zigbang.com/home/apt/items/49243696
2026-06-17 08:35:37,원룸,49339450,월세,01,경기도 양주시 남면 신산리,양주시,남면,1,35,0,20,6.05,1,"무보증,즉시입주.농협하나로마트1분,남면초도보1분.남면중도보",https://www.zigbang.com/home/apt/items/49339450
2026-06-17 08:35:37,원룸,49290998,월세,01,경기도 양주시 남면 신산리,양주시,남면,1,35,0,20,6.05,1,"무보증,즉시입주.농협하나로마트1분,남면초도보1분.남면중도보",https://www.zigbang.com/home/apt/items/49290998
2026-06-17 08:35:38,원룸,49268311,월세,01,경기도 동두천시 동두천동,동두천시,동두천동,1,35,0,20,6.05,4,무보증.즉시입주.주차편리.동두천역도보7분.동양대.도보6분,https://www.zigbang.com/home/apt/items/49268311
2026-06-17 08:35:38,원룸,49184668,월세,01,경기도 동두천시 동두천동,동두천시,동두천동,500,30,0,23.14,7.0,3,"동두천역 원룸 동양대코앞, 미군부대근접.이벤트가",https://www.zigbang.com/home/apt/items/49184668
2026-06-17 08:35:38,원룸,49146246,월세,01,경기도 동두천시 동두천동,동두천시,동두천동,300,25,0,23.14,7.0,5,"동양대코앞원룸, 미군부대, 세코닉스 가격좋고 예쁜 원룸",https://www.zigbang.com/home/apt/items/49146246
2026-06-17 08:35:38,원룸,49040780,월세,02,경기도 동두천시 동두천동,동두천시,동두천동,500,38,0,23.76,7.19,4,"최신원룸, 엘레베이트 유 주방분리형 , 동양대 큰 방.",https://www.zigbang.com/home/apt/items/49040780
2026-06-17 08:35:38,원룸,49391335,월세,01,경기도 양주시 옥정동,양주시,옥정동,500,53,0,23,6.96,3,"완벽풀옵션,잘나온 원룸,1년차 건물,주차편리,빠른입주",https://www.zigbang.com/home/apt/items/49391335
2026-06-17 08:35:38,원룸,49365492,월세,04,경기도 양주시 옥정동,양주시,옥정동,1000,85,0,93.55,28.3,5,"렌트프리1달.고급 2룸 오피스텔,첫입주,완벽풀옵션,주차편리",https://www.zigbang.com/home/apt/items/49365492
2026-06-17 08:35:38,원룸,49363245,월세,01,경기도 양주시 옥정동,양주시,옥정동,500,45,0,26,7.86,3,"신축원룸,저렴한월세, 조용한주택가,꺠끗해요",https://www.zigbang.com/home/apt/items/49363245
2026-06-17 08:35:38,원룸,49354352,월세,01,경기도 양주시 옥정동,양주시,옥정동,500,45,0,22,6.65,2,"빠른입주가능,깔끔한원룸,주차편리,풀옵션,집보기언제든",https://www.zigbang.com/home/apt/items/49354352
2026-06-17 08:35:38,원룸,49318118,월세,03,경기도 양주시 옥정동,양주시,옥정동,500,80,0,34,10.28,4,"신축 첫입주,복층형,넓어요,두분살기도 좋아요,완벽 풀옵션",https://www.zigbang.com/home/apt/items/49318118
2026-06-17 08:35:38,원룸,48965547,월세,03,경기도 양주시 옥정동,양주시,옥정동,500,80,0,29.7,8.98,4,"복층 분리형 1.5룸,신축 첫입주 ,풀옵션",https://www.zigbang.com/home/apt/items/48965547
2026-06-17 08:35:38,원룸,49365501,월세,03,경기도 양주시 옥정동,양주시,옥정동,500,55,0,44,13.31,3,"입주가능,풀옵션,옥정중심상가내 위치해서 상권,편의시설",https://www.zigbang.com/home/apt/items/49365501
2026-06-17 08:35:38,원룸,49360863,월세,03,경기도 양주시 옥정동,양주시,옥정동,100,65,0,45.76,13.84,5,선납방Xl 단기임대 l 신축 북층형 오피스텔,https://www.zigbang.com/home/apt/items/49360863
2026-06-17 08:35:38,원룸,49360857,월세,03,경기도 양주시 옥정동,양주시,옥정동,100,63,0,41.12,12.44,3,선납방X 단기가능 옥정신도시 유일한 오피스텔,https://www.zigbang.com/home/apt/items/49360857
2026-06-17 08:35:38,원룸,49333441,월세,03,경기도 양주시 옥정동,양주시,옥정동,500,65,0,38,11.49,6,"완벽풀옵션오피스텔,옥정중심상가 내위치.신축,관리잘됨",https://www.zigbang.com/home/apt/items/49333441
2026-06-17 08:35:38,원룸,49319214,월세,03,경기도 양주시 옥정동,양주시,옥정동,100,63,0,49.59,15.0,5,o단기가능o신축북층형o오피스텔o,https://www.zigbang.com/home/apt/items/49319214
2026-06-17 08:35:38,원룸,49397384,월세,01,경기도 포천시 선단동,포천시,선단동,500,60,0,23.82,7.21,4,신축 선단초부근 차단기있어 주차아주좋음 풀옵션 입주날짜협의,https://www.zigbang.com/home/apt/items/49397384
2026-06-17 08:35:38,원룸,49362600,전세,01,경기도 포천시 선단동,포천시,선단동,3500,0,0,18.05,5.46,4,선단동 동사무소 인근 넓고 깨끗한 원룸 입니다,https://www.zigbang.com/home/apt/items/49362600
2026-06-17 08:35:38,원룸,49186418,월세,01,경기도 포천시 선단동,포천시,선단동,2000,25,0,16.53,5.0,4,선단동 동사무소 인근 넓은 원룸 입니다,https://www.zigbang.com/home/apt/items/49186418
2026-06-17 08:35:40,원룸,49396044,월세,01,경기도 이천시 신둔면 고척리,이천시,신둔면,300,38,0,19.83,6.0,3,"내부상태 굿,관리비에 공과금포함",https://www.zigbang.com/home/apt/items/49396044
2026-06-17 08:35:40,원룸,49395243,월세,01,경기도 이천시 신둔면 고척리,이천시,신둔면,300,38,0,23.14,7.0,2,풀옵션 추가비용없음,https://www.zigbang.com/home/apt/items/49395243
2026-06-17 08:35:40,원룸,49301920,월세,01,경기도 이천시 신둔면 고척리,이천시,신둔면,300,40,0,26.45,8.0,2,풀옵션   즉시입주 집상태  좋습니다,https://www.zigbang.com/home/apt/items/49301920
2026-06-17 08:35:40,원룸,49246600,월세,02,경기도 이천시 신둔면 소정리,이천시,신둔면,1000,60,0,25.8,7.8,4,"엘베있는 신축급1.5룸월세, 내부좋아요",https://www.zigbang.com/home/apt/items/49246600
2026-06-17 08:35:40,원룸,49294304,월세,02,경기도 광주시 쌍령동,광주시,쌍령동,200,80,0,55.96,16.93,1,광주 쌍령동 단지형빌라 단기방,https://www.zigbang.com/home/apt/items/49294304
2026-06-17 08:35:40,원룸,49294292,월세,02,경기도 광주시 쌍령동,광주시,쌍령동,200,80,0,55.96,16.93,1,한달씩 월세내는 단기가능 깔끔한 주택,https://www.zigbang.com/home/apt/items/49294292
2026-06-17 08:35:40,원룸,49327698,월세,02,경기도 이천시 신둔면 남정리,이천시,신둔면,500,48,0,28,8.47,2,신둔도예촌촌역 인근 신축 급 분리형 원룸 즉시 입주,https://www.zigbang.com/home/apt/items/49327698
2026-06-17 08:35:40,원룸,49291819,월세,01,경기도 이천시 신둔면 도암리,이천시,신둔면,500,30,0,29.75,9.0,3,신둔면 도암리마을회관인근  풀옵션오픈형 원룸월세,https://www.zigbang.com/home/apt/items/49291819
2026-06-17 08:35:40,원룸,49275740,전세,02,경기도 이천시 신둔면 수광리,이천시,신둔면,7500,0,0,35,10.59,3,도예천역 도보 가능한 신축급 1.5룸,https://www.zigbang.com/home/apt/items/49275740
2026-06-17 08:35:40,원룸,49271943,월세,01,경기도 이천시 신둔면 도암리,이천시,신둔면,300,40,0,23.14,7.0,2,도암리 분리형원룸 풀옵션 가격 저렴 내부좋음 주차공간 빵빵,https://www.zigbang.com/home/apt/items/49271943
2026-06-17 08:35:40,원룸,49264769,월세,01,경기도 이천시 신둔면 도암리,이천시,신둔면,500,30,0,26.44,8.0,4,원룸도암리 도암ic인근 원룸입니다,https://www.zigbang.com/home/apt/items/49264769
2026-06-17 08:35:40,원룸,49157027,월세,01,경기도 이천시 신둔면 남정리,이천시,신둔면,500,50,0,23.14,7.0,2,"신둔도예촌역 인근 ,  방 넓은 원룸",https://www.zigbang.com/home/apt/items/49157027
2026-06-17 08:35:40,원룸,49144515,월세,02,경기도 이천시 신둔면 남정리,이천시,신둔면,500,50,0,29.8,9.01,2,신둔도예촌역 도보 4분 준신축 풀옵션 바로입주가능 컨디션,https://www.zigbang.com/home/apt/items/49144515
2026-06-17 08:35:40,원룸,49138174,월세,02,경기도 이천시 신둔면 남정리,이천시,신둔면,500,50,0,33,9.98,4,신둔역 도보 가능  신축 넓은 분리형  빠른입주,https://www.zigbang.com/home/apt/items/49138174
2026-06-17 08:35:40,원룸,49294314,월세,02,경기도 광주시 초월읍 산이리,광주시,초월읍,200,80,0,72.66,21.98,3,경기도 광주 산이리 단지형빌라 단기방,https://www.zigbang.com/home/apt/items/49294314
2026-06-17 08:35:40,원룸,49294300,월세,02,경기도 광주시 초월읍 산이리,광주시,초월읍,200,80,0,72.66,21.98,3,한달씩 월세내는 단기가능 엘베있는 주택,https://www.zigbang.com/home/apt/items/49294300
2026-06-17 08:35:41,원룸,49382201,월세,01,경기도 이천시 부발읍 무촌리,이천시,부발읍,300,35,0,18,5.44,2,저렴한 풀옵션 원룸 6월 20일이후 입주가능,https://www.zigbang.com/home/apt/items/49382201
2026-06-17 08:35:41,원룸,49368160,월세,01,경기도 이천시 부발읍 무촌리,이천시,부발읍,500,40,0,26,7.86,3,"부발초 인근, 보증금 조절 가능한 저렴한 월세",https://www.zigbang.com/home/apt/items/49368160
2026-06-17 08:35:41,원룸,49365109,월세,02,경기도 이천시 부발읍 무촌리,이천시,부발읍,500,46,0,38,11.49,4,무촌리 풀옵션 복층 풀옵션 바로입주가능 가격도 굳,https://www.zigbang.com/home/apt/items/49365109
2026-06-17 08:35:41,원룸,49364751,월세,02,경기도 이천시 부발읍 무촌리,이천시,부발읍,500,40,0,17.07,5.16,3,무촌리 팔도공장인근 신축 분리형 원룸 월세,https://www.zigbang.com/home/apt/items/49364751
2026-06-17 08:35:41,원룸,49356321,전세,02,경기도 이천시 부발읍 무촌리,이천시,부발읍,7000,0,0,42.98,13.0,4,무촌리에 테라스있는 투베이,https://www.zigbang.com/home/apt/items/49356321
2026-06-17 08:35:41,원룸,49225995,전세,02,경기도 이천시 부발읍 무촌리,이천시,부발읍,5250,0,0,23.14,7.0,2,이천시 부발읍 무촌리 보증보험 가입가능한 분리형원룸 전세,https://www.zigbang.com/home/apt/items/49225995
2026-06-17 08:35:41,원룸,49380758,월세,02,경기도 이천시 백사면 현방리,이천시,백사면,500,45,0,29.75,9.0,1,백사면 현방리 신축1.5룸월세임대합니다,https://www.zigbang.com/home/apt/items/49380758
2026-06-17 08:35:41,원룸,49338277,월세,02,경기도 여주시 월송동,여주시,월송동,300,35,0,20,6.05,4,월송동 원룸 분리형월세 입니다.,https://www.zigbang.com/home/apt/items/49338277
2026-06-17 08:35:44,원룸,49371712,월세,01,경기도 여주시 현암동,여주시,현암동,300,40,0,23.14,7.0,2,풀 옵션 집 상태 최상 생활권 편리 대신방향 출 퇴근편리,https://www.zigbang.com/home/apt/items/49371712
2026-06-17 08:35:44,원룸,49371704,월세,01,경기도 여주시 현암동,여주시,현암동,500,45,0,27.3,8.26,3,"풀옵션,이천,대신 출,퇴근편리,집상태 최상,햇살가득한 집",https://www.zigbang.com/home/apt/items/49371704
2026-06-17 08:35:44,원룸,49338448,월세,01,경기도 여주시 현암동,여주시,현암동,300,40,0,26.45,8.0,2,현암동 원룸 월세입니다.,https://www.zigbang.com/home/apt/items/49338448
2026-06-17 08:35:44,원룸,49338377,월세,02,경기도 여주시 오학동,여주시,오학동,500,35,0,21,6.35,3,"오학동 원룸,투베이 월세 ,1년",https://www.zigbang.com/home/apt/items/49338377
2026-06-17 08:35:44,원룸,49204974,월세,02,경기도 여주시 현암동,여주시,현암동,300,40,0,23.14,7.0,2,현암동 깨끗한 풀옵션 원룸월세입니다.,https://www.zigbang.com/home/apt/items/49204974
2026-06-17 08:35:44,원룸,49204425,월세,01,경기도 여주시 현암동,여주시,현암동,300,40,0,23.14,7.0,2,"현암동 오픈형 풀옵션 원룸입니다,즉시입주",https://www.zigbang.com/home/apt/items/49204425
2026-06-17 08:35:44,원룸,49177120,월세,02,경기도 여주시 현암동,여주시,현암동,500,53,0,45,13.61,5,"넓고 조용함,풀옵션, 집상태최상,대신,이천방향 출 퇴근편리",https://www.zigbang.com/home/apt/items/49177120
2026-06-17 08:35:44,원룸,49160095,월세,02,경기도 여주시 오학동,여주시,오학동,300,43,0,48.1,14.55,4,"풀옵션,애완동물가능,집상태최상,생활편의시설좋음,대신방향 출",https://www.zigbang.com/home/apt/items/49160095
2026-06-17 08:35:44,원룸,49111910,월세,01,경기도 여주시 오학동,여주시,오학동,300,35,0,24.1,7.29,4,"애완동물가능,풀옵션,북내,대신,물류창고 출 퇴근 편리",https://www.zigbang.com/home/apt/items/49111910
2026-06-17 08:35:44,원룸,49111754,월세,02,경기도 여주시 오학동,여주시,오학동,300,43,0,35.3,10.68,4,"애완동물가능,집상태최상 남서향,풀옵션 대중교통이용 대신방향",https://www.zigbang.com/home/apt/items/49111754
2026-06-17 08:35:45,원룸,49325957,월세,01,강원도 원주시 문막읍 후용리,원주시,문막읍,50,29,0,29.75,9.0,4,2학기 O 동문 엘베 중문 귀가동선 짧은 집 I 풀옵션,https://www.zigbang.com/home/apt/items/49325957
2026-06-17 08:35:45,원룸,49168999,월세,02,강원도 원주시 문막읍 문막리,원주시,문막읍,300,48,0,26,7.86,3,문막 볼링장 인근 1.5룸입니다,https://www.zigbang.com/home/apt/items/49168999
2026-06-17 08:35:45,원룸,49308588,월세,02,강원도 원주시 문막읍 동화리,원주시,문막읍,300,35,0,19.39,5.87,3,문막 동화리  합리적인 분리형 원룸입니다  실용적 입니다,https://www.zigbang.com/home/apt/items/49308588
2026-06-17 08:35:45,원룸,49168952,월세,02,강원도 원주시 문막읍 동화리,원주시,문막읍,300,38,0,23.14,7.0,2,문막 완전 풀옵션  깔끔한 원룸  침대랜덤,https://www.zigbang.com/home/apt/items/49168952
2026-06-17 08:35:45,원룸,49051437,월세,02,강원도 원주시 문막읍 동화리,원주시,문막읍,300,35,0,23.2,7.02,2,문막 동화초 인근 분리형원룸,https://www.zigbang.com/home/apt/items/49051437
2026-06-17 08:35:45,원룸,49051253,월세,02,강원도 원주시 문막읍 동화리,원주시,문막읍,300,37,0,23.14,7.0,3,동화리 원룸입니다 깔끔하고  실용적인 공간입니다,https://www.zigbang.com/home/apt/items/49051253
2026-06-17 08:35:45,원룸,49051189,월세,02,강원도 원주시 문막읍 동화리,원주시,문막읍,300,35,0,23.14,7.0,2,문막동화초인근 분리형원룸입니다,https://www.zigbang.com/home/apt/items/49051189
2026-06-17 08:35:45,원룸,49046591,월세,02,강원도 원주시 문막읍 동화리,원주시,문막읍,300,40,0,22.9,6.93,4,"문막 동화초등학교 인근 깔끔한 1,5룸 입니다",https://www.zigbang.com/home/apt/items/49046591
2026-06-17 08:35:45,원룸,49394213,월세,02,강원도 원주시 흥업면 흥업리,원주시,흥업면,50,32,0,33.06,10.0,2,"흥업리 강원대 정문앞 신축1.5룸 풀풀옵션,반학기 단기가능",https://www.zigbang.com/home/apt/items/49394213
2026-06-17 08:35:45,원룸,49364007,월세,01,강원도 원주시 흥업면 흥업리,원주시,흥업면,100,25,0,26.44,8.0,1,2학기 가능 I 강릉원주대 도보 I 준신축 풀옵션 깔끔방,https://www.zigbang.com/home/apt/items/49364007
2026-06-17 08:35:45,원룸,49315696,월세,01,강원도 원주시 흥업면 매지리,원주시,흥업면,50,55,0,21,6.35,3,연대 정문 바로 앞 풀옵션 원룸,https://www.zigbang.com/home/apt/items/49315696
2026-06-17 08:35:45,원룸,49315324,월세,01,강원도 원주시 흥업면 매지리,원주시,흥업면,50,58,0,26.98,8.16,3,연대 앞 구삼학사 최신식 신축 원룸,https://www.zigbang.com/home/apt/items/49315324
2026-06-17 08:35:45,원룸,49314852,월세,01,강원도 원주시 흥업면 매지리,원주시,흥업면,50,48,0,18,5.44,3,연대인근 최근 리모델링한  풀옵션 원룸,https://www.zigbang.com/home/apt/items/49314852
2026-06-17 08:35:45,원룸,49314686,월세,01,강원도 원주시 흥업면 매지리,원주시,흥업면,10,32,0,16,4.84,1,정문 앞   리모델링 풀옵션 원룸,https://www.zigbang.com/home/apt/items/49314686
2026-06-17 08:35:45,원룸,49314659,월세,01,강원도 원주시 흥업면 매지리,원주시,흥업면,10,32,0,18,5.44,2,연대인근 풀옵션 착한 가격 원룸,https://www.zigbang.com/home/apt/items/49314659
2026-06-17 08:35:45,원룸,49314518,월세,02,강원도 원주시 흥업면 매지리,원주시,흥업면,50,45,0,22,6.65,2,구삼학사   넓은 풀옵션 리모델링 넓은 원룸,https://www.zigbang.com/home/apt/items/49314518
2026-06-17 08:35:45,원룸,49314458,월세,01,강원도 원주시 흥업면 매지리,원주시,흥업면,10,50,0,21,6.35,2,연세대 인근 매지택지 풀옵션 넓은  원룸  2인 거주 가능,https://www.zigbang.com/home/apt/items/49314458
2026-06-17 08:35:45,원룸,49314360,월세,01,강원도 원주시 흥업면 매지리,원주시,흥업면,50,55,0,18.5,5.6,3,연대 정문앞 신축 풀옵션 원룸,https://www.zigbang.com/home/apt/items/49314360
2026-06-17 08:35:45,원룸,49314321,월세,01,강원도 원주시 흥업면 매지리,원주시,흥업면,50,43,0,18.29,5.53,2,연세대 정문 앞 도보 1분 거리,https://www.zigbang.com/home/apt/items/49314321
2026-06-17 08:35:45,원룸,49314307,월세,02,강원도 원주시 흥업면 매지리,원주시,흥업면,30,30,0,18,5.44,2,연세대 인근 착한가격 풀옵션 원룸,https://www.zigbang.com/home/apt/items/49314307
2026-06-17 08:35:45,원룸,49270122,월세,01,강원도 원주시 흥업면 흥업리,원주시,흥업면,50,28,0,26.45,8.0,2,ㅣ스마트빌ㅣ인기만점 . 풀옵션ㅣ,https://www.zigbang.com/home/apt/items/49270122
2026-06-17 08:35:45,원룸,49248248,월세,01,강원도 원주시 흥업면 흥업리,원주시,흥업면,50,230,0,33,9.98,2,ll반학기OKll신축.인기폭발ll,https://www.zigbang.com/home/apt/items/49248248
2026-06-17 08:35:45,원룸,49385003,월세,02,강원도 원주시 무실동,원주시,무실동,500,40,0,36.36,11.0,3,즉시입주 무실초 인근 I 도보생활권 편리 I 깔끔 1.5룸,https://www.zigbang.com/home/apt/items/49385003
2026-06-17 08:35:46,원룸,49353440,월세,01,강원도 원주시 지정면 가곡리,원주시,지정면,300,40,0,39.66,12.0,옥탑방,엘베 O 감성 가득한 기업도시 옥탑 원룸 . 전망 좋은 집,https://www.zigbang.com/home/apt/items/49353440
2026-06-17 08:35:46,원룸,49373298,월세,01,강원도 원주시 단계동,원주시,단계동,300,33,0,35,10.59,옥탑방,"신축, 풀옵, 옥탑방, 즉시입주,  주변주차편리",https://www.zigbang.com/home/apt/items/49373298
2026-06-17 08:35:46,원룸,49196132,월세,02,강원도 원주시 단계동,원주시,단계동,300,45,0,33.5,10.13,2,엘베 O 주차 편리 l 신축급 컨디션 깔끔 1.5룸,https://www.zigbang.com/home/apt/items/49196132
2026-06-17 08:35:46,원룸,49394530,월세,02,강원도 원주시 우산동,원주시,우산동,200,30,0,33.06,10.0,2,"우산동 우체국 인근 깔끔한 1.5룸 풀옵션,6개월 단기가능",https://www.zigbang.com/home/apt/items/49394530
2026-06-17 08:35:46,원룸,49393106,월세,02,강원도 원주시 우산동,원주시,우산동,200,37,0,36.36,11.0,1,"우산동 엘레베이터 있는 신축 1.5룸 풀풀옵션, 단기가능",https://www.zigbang.com/home/apt/items/49393106
2026-06-17 08:35:46,원룸,49392113,월세,02,강원도 원주시 우산동,원주시,우산동,100,24,0,29.75,9.0,2,ll6개월OK.몽땅포함ll풀옵션ll,https://www.zigbang.com/home/apt/items/49392113
2026-06-17 08:35:46,원룸,49391351,월세,02,강원도 원주시 우산동,원주시,우산동,100,30,0,33.06,10.0,2,ll반학기OKll상지대5분.풀옵션ll,https://www.zigbang.com/home/apt/items/49391351
2026-06-17 08:35:46,원룸,49386466,전세,02,강원도 원주시 태장동,원주시,태장동,4500,0,0,36,10.89,5,신축 1년 ㅣ 엘리베이터 유 1.5룸ㅣ즉시입주 ㅣ남향 ㅣ,https://www.zigbang.com/home/apt/items/49386466
2026-06-17 08:35:46,원룸,49371141,월세,02,강원도 원주시 우산동,원주시,우산동,50,25,0,23.14,7.0,1,"우산동 주방분리형 원룸 풀옵션,모든 공과금 포함,단기가능",https://www.zigbang.com/home/apt/items/49371141
2026-06-17 08:35:46,원룸,49369304,월세,01,강원도 원주시 우산동,원주시,우산동,200,27,0,33.06,10.0,3,"우산동 상지대 정문쪽 부근 깨끗한 원룸 풀풀옵션, 단기가능",https://www.zigbang.com/home/apt/items/49369304
2026-06-17 08:35:46,원룸,49347827,월세,01,강원도 원주시 우산동,원주시,우산동,100,25,0,26.45,8.0,1,"우산동 롯데리아 앞 엘베 있는 신축원룸 풀풀옵션,단기가능",https://www.zigbang.com/home/apt/items/49347827
2026-06-17 08:35:46,원룸,49246044,월세,02,강원도 원주시 우산동,원주시,우산동,300,40,0,42.98,13.0,2,"우산동 신축급1.5룸 풀풀옵션,상지대 도보로 5분여,예쁜방",https://www.zigbang.com/home/apt/items/49246044
2026-06-17 08:35:46,원룸,49082412,월세,02,강원도 원주시 우산동,원주시,우산동,6000,5,0,34,10.28,4,상지대 도보 5분ㅣ준 신축 1.5룸ㅣ빠른입주 가능ㅣ,https://www.zigbang.com/home/apt/items/49082412
2026-06-17 08:35:46,원룸,48627046,월세,02,강원도 원주시 단계동,원주시,단계동,200,32,0,33.06,10.0,2,주차와생활권편리 풀옵션깨끗한 분리형,https://www.zigbang.com/home/apt/items/48627046
2026-06-17 08:35:49,원룸,49390917,월세,01,경기도 남양주시 화도읍 마석우리,남양주시,화도읍,500,55,0,26.1,7.9,7,빠른입주가능 마석역앞 풀옵션,https://www.zigbang.com/home/apt/items/49390917
2026-06-17 08:35:51,원룸,49388516,월세,03,경기도 포천시 일동면 기산리,포천시,일동면,1000,50,0,30,9.07,2,전원마을 상단에 위치한 단독형 원룸 임대,https://www.zigbang.com/home/apt/items/49388516
2026-06-17 08:35:51,원룸,49385773,월세,01,경기도 포천시 일동면 기산리,포천시,일동면,500,30,0,25,7.56,2,약간 시외에 떨어진 조용한곳에 위치한 원룸 임대 단기가능,https://www.zigbang.com/home/apt/items/49385773
2026-06-17 08:35:51,원룸,49368491,월세,01,경기도 포천시 일동면 기산리,포천시,일동면,500,30,0,20,6.05,1,시내에 있는 신축급 원룸 1층 임대,https://www.zigbang.com/home/apt/items/49368491
2026-06-17 08:35:51,원룸,49283218,월세,01,경기도 포천시 일동면 기산리,포천시,일동면,300,20,0,20,6.05,6,위치좋은곳에 있는 6층 원룸 임대,https://www.zigbang.com/home/apt/items/49283218
2026-06-17 08:35:51,원룸,49265006,월세,03,경기도 포천시 일동면 기산리,포천시,일동면,500,45,0,30,9.07,2,약간 시외에 위치한 복층형 원룸 임대,https://www.zigbang.com/home/apt/items/49265006
2026-06-17 08:35:51,원룸,49188523,월세,01,경기도 포천시 일동면 기산리,포천시,일동면,300,25,0,25,7.56,2,일동초입에 위치한 원룸치고 넓은 방 1층 월세,https://www.zigbang.com/home/apt/items/49188523
2026-06-17 08:35:51,원룸,49115092,전세,01,경기도 포천시 일동면 기산리,포천시,일동면,4500,0,0,25,7.56,5,시내 인근에 위치한 리모델링한 원룸 전세 반전세 월세임대,https://www.zigbang.com/home/apt/items/49115092
2026-06-17 08:35:51,원룸,49078475,전세,03,경기도 포천시 일동면 기산리,포천시,일동면,5000,0,0,35,10.59,1,시내에서 약간떨어진 조용한곳에 위치한 복층형원룸 전세임대,https://www.zigbang.com/home/apt/items/49078475
2026-06-17 08:35:51,원룸,48883871,월세,01,경기도 포천시 일동면 기산리,포천시,일동면,3500,15,0,25,7.56,1,시내 주택가에 위치한  원룸 반전세 전세 1층 임대,https://www.zigbang.com/home/apt/items/48883871
2026-06-17 08:35:53,원룸,49388948,월세,02,강원도 홍천군 홍천읍 연봉리,홍천군,홍천읍,500,40,0,33.06,10.0,3,연봉리 분리형 원룸  도시가스,https://www.zigbang.com/home/apt/items/49388948
2026-06-17 08:35:53,원룸,49375212,전세,02,강원도 홍천군 홍천읍 연봉리,홍천군,홍천읍,6000,0,0,33.05,10.0,2,풀옵션 원룸 7월입주,https://www.zigbang.com/home/apt/items/49375212
2026-06-17 08:35:53,원룸,49337364,월세,01,강원도 홍천군 홍천읍 연봉리,홍천군,홍천읍,500,40,0,26.44,8.0,3,풀옵션 주방분리형 원룸,https://www.zigbang.com/home/apt/items/49337364
2026-06-17 08:35:53,원룸,49316349,월세,02,강원도 홍천군 홍천읍 연봉리,홍천군,홍천읍,300,38,0,33.05,10.0,4,"풀옵션분리형원룸,가격저렴.풀옵션",https://www.zigbang.com/home/apt/items/49316349
2026-06-17 08:35:53,원룸,49305109,월세,02,강원도 홍천군 홍천읍 연봉리,홍천군,홍천읍,500,40,0,33.06,10.0,2,"분리형 원룸,터미널도보가능 상태최상 굿 굿",https://www.zigbang.com/home/apt/items/49305109
2026-06-17 08:35:53,원룸,49283107,월세,01,강원도 홍천군 홍천읍 연봉리,홍천군,홍천읍,1000,35,0,29.75,9.0,7,"강변 풀옵션원룸 하은타워,",https://www.zigbang.com/home/apt/items/49283107
2026-06-17 08:35:53,원룸,49267386,월세,01,강원도 홍천군 홍천읍 연봉리,홍천군,홍천읍,2000,30,0,33.06,10.0,6,홍천터미널 인근 홍천강 조망  풀옵션 원룸 전망매우좋음,https://www.zigbang.com/home/apt/items/49267386
2026-06-17 08:35:53,원룸,49267373,월세,01,강원도 홍천군 홍천읍 연봉리,홍천군,홍천읍,500,45,0,33,9.98,8,아파트형원룸 풀옵션 엘리베이터 有,https://www.zigbang.com/home/apt/items/49267373
2026-06-17 08:35:53,원룸,49221653,월세,02,강원도 홍천군 홍천읍 연봉리,홍천군,홍천읍,500,40,0,33.06,10.0,4,단독테라스 이쁜인테리어집 분리형원룸,https://www.zigbang.com/home/apt/items/49221653
2026-06-17 08:35:53,원룸,49101883,월세,01,강원도 홍천군 홍천읍 연봉리,홍천군,홍천읍,1000,35,0,30,9.07,7,홍천읍내권 및 홍천 조망  홍천터미널 도보3분거리위치함,https://www.zigbang.com/home/apt/items/49101883
2026-06-17 08:35:53,원룸,49085990,월세,01,강원도 홍천군 홍천읍 연봉리,홍천군,홍천읍,500,45,0,30,9.07,6,아파트형 원룸 풀옵션 엘리베이터 有,https://www.zigbang.com/home/apt/items/49085990
2026-06-17 08:35:55,원룸,49166676,월세,02,강원도 춘천시 동내면 학곡리,춘천시,동내면,500,45,0,30,9.07,4,학곡리 신축 풀옵션 넓고 깨끗한 최상급 1.5룸 입니다.,https://www.zigbang.com/home/apt/items/49166676
2026-06-17 08:35:55,원룸,49162624,월세,02,강원도 춘천시 동내면 학곡리,춘천시,동내면,500,43,0,26,7.86,4,"ㅁㅁ 학곡리 신축 풀옵션, 탑층 1.5룸,",https://www.zigbang.com/home/apt/items/49162624
2026-06-17 08:35:55,원룸,49319926,월세,02,강원도 춘천시 신동면 증리,춘천시,신동면,500,40,0,25,7.56,2,ㅣ김유정역 부근ㅣ대로변 위치ㅣ주차편리ㅣ신축원룸ㅣ,https://www.zigbang.com/home/apt/items/49319926
2026-06-17 08:35:58,원룸,49396140,월세,02,경상북도 문경시 모전동,문경시,모전동,300,38,0,39,11.8,4,거실이넓고 저렴한 여중앞 미니투룸,https://www.zigbang.com/home/apt/items/49396140
2026-06-17 08:35:58,원룸,49396055,월세,01,경상북도 문경시 흥덕동,문경시,흥덕동,300,30,0,23.14,7.0,2,흥덕에있는 아담한원룸,https://www.zigbang.com/home/apt/items/49396055
2026-06-17 08:35:58,원룸,49386248,월세,02,경상북도 문경시 모전동,문경시,모전동,500,40,0,30,9.07,3,제일병원쪽이며 엘레베이트 없습니다.  도시가스입니다.,https://www.zigbang.com/home/apt/items/49386248
2026-06-17 08:35:58,원룸,49385148,월세,02,경상북도 문경시 모전동,문경시,모전동,300,34,0,39.67,12.0,2,미니투룸 월세입니다.,https://www.zigbang.com/home/apt/items/49385148
2026-06-17 08:35:58,원룸,49354726,월세,01,경상북도 문경시 모전동,문경시,모전동,2500,25,0,26.45,8.0,4,문경제일병원 주변 깨끗한 원룸,https://www.zigbang.com/home/apt/items/49354726
2026-06-17 08:35:58,원룸,49352065,월세,02,경상북도 문경시 모전동,문경시,모전동,300,30,0,27.14,8.21,2,아늑하고 햇빛이 잘드는 여중앞원룸,https://www.zigbang.com/home/apt/items/49352065
2026-06-17 08:35:58,원룸,49344313,월세,01,경상북도 문경시 모전동,문경시,모전동,1500,20,0,25,7.56,3,풀옵션에 원룸월세 입니다,https://www.zigbang.com/home/apt/items/49344313
2026-06-17 08:35:58,원룸,49328232,월세,01,경상북도 문경시 모전동,문경시,모전동,500,35,0,23.14,7.0,2,제일병원 인근 신축급 원룸,https://www.zigbang.com/home/apt/items/49328232
2026-06-17 08:35:58,원룸,49293173,전세,01,경상북도 문경시 모전동,문경시,모전동,5000,0,0,28,8.47,3,문경제일병원 인근 원룸 전세,https://www.zigbang.com/home/apt/items/49293173
2026-06-17 08:35:58,원룸,49275457,월세,02,경상북도 문경시 모전동,문경시,모전동,2000,35,0,39.67,12.0,2,제일병원인근 미니투룸,https://www.zigbang.com/home/apt/items/49275457
2026-06-17 08:35:58,원룸,49245877,월세,01,경상북도 문경시 모전동,문경시,모전동,500,40,0,28,8.47,2,문경제일병원 인근 공원 옆 신축 원룸,https://www.zigbang.com/home/apt/items/49245877
2026-06-17 08:35:58,원룸,49398528,월세,02,경상북도 문경시 모전동,문경시,모전동,300,30,0,29.75,9.0,2,저렴한 모전공원 홈플러스옆에 에 있는 원룸,https://www.zigbang.com/home/apt/items/49398528
2026-06-17 08:35:58,원룸,49334248,월세,02,경상북도 문경시 모전동,문경시,모전동,2500,20,0,33,9.98,2,주방 분리형 구조로 공간 활용이 좋습니다,https://www.zigbang.com/home/apt/items/49334248
2026-06-17 08:35:58,원룸,49334071,월세,02,경상북도 문경시 모전동,문경시,모전동,500,45,0,33,9.98,4,엘레베이트있는 분리형원룸,https://www.zigbang.com/home/apt/items/49334071
2026-06-17 08:35:58,원룸,49167554,전세,02,경상북도 문경시 모전동,문경시,모전동,6000,0,0,40,12.1,2,상태가 아주 좋은 미니투룸으로 풀옵션입니다.,https://www.zigbang.com/home/apt/items/49167554
2026-06-17 08:36:03,원룸,49275743,월세,02,경상북도 영주시 휴천동,영주시,휴천동,300,39,0,24,7.26,3,"엘리베이터 있는 신축 원룸 영주역,대영중.고등학교 인근",https://www.zigbang.com/home/apt/items/49275743
2026-06-17 08:36:03,원룸,49178728,월세,01,경상북도 영주시 휴천동,영주시,휴천동,300,40,0,19.16,5.8,4,"시청, 코레일 출퇴근편리한 준신축급 원룸",https://www.zigbang.com/home/apt/items/49178728
2026-06-17 08:36:03,원룸,49178232,월세,01,경상북도 영주시 휴천동,영주시,휴천동,300,39,0,26.45,8.0,4,대영고 인근 원룸,https://www.zigbang.com/home/apt/items/49178232
2026-06-17 08:36:04,원룸,49379074,월세,02,경상북도 영주시 상망동,영주시,상망동,100,30,0,23.14,7.0,3,상망동코아루아파트 인근 원룸,https://www.zigbang.com/home/apt/items/49379074
2026-06-17 08:36:04,원룸,49320905,월세,02,경상북도 영주시 하망동,영주시,하망동,200,30,0,24,7.26,2,"상망동 자이,코아루 아파트 인근 깨끗하고 깔끔한 원룸",https://www.zigbang.com/home/apt/items/49320905
2026-06-17 08:36:07,원룸,49357123,월세,02,충청북도 제천시 왕암동,제천시,왕암동,500,45,0,42.98,13.0,2,"왕암동코아루인근,신축미니투룸,풀옵션,도시가스",https://www.zigbang.com/home/apt/items/49357123
2026-06-17 08:36:07,원룸,49184979,월세,01,충청북도 제천시 왕암동,제천시,왕암동,300,36,0,25,7.56,2,왕암동 깨끗한 신축원룸 풀옵션,https://www.zigbang.com/home/apt/items/49184979
2026-06-17 08:36:07,원룸,49080646,월세,02,충청북도 제천시 왕암동,제천시,왕암동,300,36,0,33.05,10.0,3,휴일없음 I 왕암동 엘베 있는 최신축 풀옵션 넓은 원룸,https://www.zigbang.com/home/apt/items/49080646
2026-06-17 08:36:08,원룸,49268229,월세,01,충청북도 제천시 송학면 도화리,제천시,송학면,100,30,0,25,7.56,2,휴일없음 의림지 풀옵션 저렴한 원룸,https://www.zigbang.com/home/apt/items/49268229
2026-06-17 08:36:11,원룸,49386389,월세,02,경상북도 안동시 안기동,안동시,안기동,300,26,0,33.06,10.0,3,안기동 유일 신축급 올 화이트벽지 새로,https://www.zigbang.com/home/apt/items/49386389
2026-06-17 08:36:11,원룸,49353582,월세,02,경상북도 안동시 당북동,안동시,당북동,300,28,0,33.06,10.0,3,1 위치 좋은 중문있는 화이트톤 깔끔 원룸,https://www.zigbang.com/home/apt/items/49353582
2026-06-17 08:36:11,원룸,49329154,월세,02,경상북도 안동시 법상동,안동시,법상동,300,36,0,33.06,10.0,2,성소병원 도보10분 올화이트 신축급 미투 사전예약 필수,https://www.zigbang.com/home/apt/items/49329154
2026-06-17 08:36:11,원룸,49319396,월세,02,경상북도 안동시 동문동,안동시,동문동,200,27,0,23,6.96,2,"상지대, 안동 의료원 인근 준신축 건물 깔끔한 풀옵션 원룸",https://www.zigbang.com/home/apt/items/49319396
2026-06-17 08:36:11,원룸,49319112,월세,01,경상북도 안동시 동문동,안동시,동문동,200,25,0,23,6.96,3,"안동의료원, 세무서 인근 준신축 가성비 최고 풀옵션 원룸",https://www.zigbang.com/home/apt/items/49319112
2026-06-17 08:36:11,원룸,49319072,월세,02,경상북도 안동시 법흥동,안동시,법흥동,300,36,0,30,9.07,3,상지대 안동 의료원 인근 엘베 있고 깔끔한 풀옵션 원룸,https://www.zigbang.com/home/apt/items/49319072
2026-06-17 08:36:11,원룸,49050413,월세,02,경상북도 안동시 율세동,안동시,율세동,2500,19,0,33.06,10.0,2,1 상지대 올리모델링 즉시입주가능 전기만 따로,https://www.zigbang.com/home/apt/items/49050413
2026-06-17 08:36:11,원룸,49387278,월세,02,경상북도 안동시 송현동,안동시,송현동,300,29,0,35,10.59,3,송현동 분리형 원룸 NEW도배해드립니당 위치GOOD,https://www.zigbang.com/home/apt/items/49387278
2026-06-17 08:36:11,원룸,49380437,전세,01,경상북도 안동시 옥동,안동시,옥동,4600,0,0,39.67,12.0,2,1 엘베있고 방 넓은 햇살 짱짱 오피스텔 보증보험 가능,https://www.zigbang.com/home/apt/items/49380437
2026-06-17 08:36:11,원룸,49372857,월세,03,경상북도 안동시 옥동,안동시,옥동,500,49,0,50,15.12,4,옥동 사거리 복층 오피스텔  NEW즉시입주가능  선점하세용,https://www.zigbang.com/home/apt/items/49372857
2026-06-17 08:36:11,원룸,49318899,월세,02,경상북도 안동시 태화동,안동시,태화동,300,31,0,30,9.07,3,"vv 태화오거리 인근 준신축, 화사하고 깔끔한 풀옵션 원룸",https://www.zigbang.com/home/apt/items/49318899
2026-06-17 08:36:11,원룸,49318872,월세,02,경상북도 안동시 태화동,안동시,태화동,300,31,0,30,9.07,3,인프라 좋은 옥동 사거리 주방 분리형 원룸 빠른입주,https://www.zigbang.com/home/apt/items/49318872
2026-06-17 08:36:11,원룸,49296469,월세,02,경상북도 안동시 태화동,안동시,태화동,300,29,0,33.06,10.0,2,1 인프라 편리 풀옵션 초깔끔 분리형원룸,https://www.zigbang.com/home/apt/items/49296469
2026-06-17 08:36:11,원룸,49282164,월세,02,경상북도 안동시 옥동,안동시,옥동,400,38,0,50,15.12,2,옥동 롯데리아인근 준신축 미니투룸 넓직 그자체,https://www.zigbang.com/home/apt/items/49282164
2026-06-17 08:36:11,원룸,49278574,월세,02,경상북도 안동시 평화동,안동시,평화동,300,30,0,35,10.59,2,태화오거리  가성비 준신축 분리형원룸,https://www.zigbang.com/home/apt/items/49278574
2026-06-17 08:36:11,원룸,49218745,월세,02,경상북도 안동시 태화동,안동시,태화동,1000,43,0,49.59,15.0,2,1  신축급 초깔끔 위치좋은 미니투룸,https://www.zigbang.com/home/apt/items/49218745
2026-06-17 08:36:11,원룸,49155333,월세,02,경상북도 안동시 태화동,안동시,태화동,300,31,0,30,9.07,3,태화동 준신축급 깔끔한 원룸 월세,https://www.zigbang.com/home/apt/items/49155333
2026-06-17 08:36:11,원룸,49121052,월세,02,경상북도 안동시 운안동,안동시,운안동,500,39,0,49.59,15.0,3,1 햇살 좋은 방 넓고 깔끔한 중문 있는 미니투룸,https://www.zigbang.com/home/apt/items/49121052
2026-06-17 08:36:26,원룸,49133800,월세,02,강원도 원주시 반곡동,원주시,반곡동,300,38,0,36.3,10.98,2,"심평원셔틀라인 저렴한 1.5룸,상태좋고 깨끗.주차편리풀옵",https://www.zigbang.com/home/apt/items/49133800
2026-06-17 08:36:26,원룸,49129541,전세,02,강원도 원주시 반곡동,원주시,반곡동,8000,0,0,33.05,10.0,2,"보증금안전전세,셔틀라인,컨디션좋은1.5룸,풀옵션",https://www.zigbang.com/home/apt/items/49129541
2026-06-17 08:36:26,원룸,49117666,월세,02,강원도 원주시 반곡동,원주시,반곡동,500,50,0,36.36,11.0,1,"준신축,건보등 관공서 출퇴근인근 에어컨방1,거실1,깨끗굿퀄",https://www.zigbang.com/home/apt/items/49117666
2026-06-17 08:36:26,원룸,49115154,월세,01,강원도 원주시 반곡동,원주시,반곡동,300,40,0,30.02,9.08,3,"각공관공서인접 컨디션좋은 풀옵션원룸,주차좋고 조용하고",https://www.zigbang.com/home/apt/items/49115154
2026-06-17 08:36:26,원룸,49109381,전세,01,강원도 원주시 반곡동,원주시,반곡동,6000,0,0,23.1,6.99,2,건보심평원도보10분내 즉시입주 붙박이장O 도배장판새로할예정,https://www.zigbang.com/home/apt/items/49109381
2026-06-17 08:36:26,원룸,49108823,월세,01,강원도 원주시 반곡동,원주시,반곡동,500,50,0,33,9.98,옥탑방,넓은테라스 뷰가예술인 갬성있는옥탑 완전깔끔하고넓은 수납빵빵,https://www.zigbang.com/home/apt/items/49108823
2026-06-17 08:36:26,원룸,49105796,월세,01,강원도 원주시 반곡동,원주시,반곡동,300,45,0,23,6.96,3,공공기관가까운원룸 풀옵션 가성비원룸 즉시입주,https://www.zigbang.com/home/apt/items/49105796
2026-06-17 08:36:26,원룸,49051230,전세,02,강원도 원주시 반곡동,원주시,반곡동,8000,0,0,33.05,10.0,2,남향 입주협의 22년신축 보훈요양원인근 컨디션굳,https://www.zigbang.com/home/apt/items/49051230
2026-06-17 08:36:46,원룸,49197840,월세,02,강원도 강릉시 옥계면 현내리,강릉시,옥계면,200,45,0,33.06,10.0,4,강릉시 옥계면 면사무소 앞 깔끔한 미투.,https://www.zigbang.com/home/apt/items/49197840
2026-06-17 08:36:46,원룸,49197836,월세,01,강원도 강릉시 옥계면 현내리,강릉시,옥계면,200,35,0,19.83,6.0,3,옥계면사무소 앞에 위치해 있는 원룸,https://www.zigbang.com/home/apt/items/49197836
2026-06-17 08:36:46,원룸,49197824,월세,02,강원도 강릉시 옥계면 현내리,강릉시,옥계면,200,42,0,33.06,10.0,2,금진항 차량 약8분거리 위치한 깔끔한 미투.,https://www.zigbang.com/home/apt/items/49197824
2026-06-17 08:36:48,원룸,49226509,월세,01,강원도 강릉시 성산면 오봉리,강릉시,성산면,200,45,0,27.07,8.19,2,...성산면 건물 앞에 개울이 흐르는 배산임수,https://www.zigbang.com/home/apt/items/49226509
2026-06-17 08:36:48,원룸,49110832,월세,02,강원도 강릉시 노암동,강릉시,노암동,500,40,0,33.5,10.13,2,강릉교육문화관 인근 신축급 분리형1.5룸 ....,https://www.zigbang.com/home/apt/items/49110832
2026-06-17 08:36:48,원룸,49388278,월세,01,강원도 강릉시 내곡동,강릉시,내곡동,200,30,0,23.14,7.0,3,"자이 아파트 인근, 베란다 있음,주차양호.도로변,인근..",https://www.zigbang.com/home/apt/items/49388278
2026-06-17 08:36:48,원룸,49388273,월세,01,강원도 강릉시 내곡동,강릉시,내곡동,100,35,0,26,7.86,2,관대 미카엘관 도보.3분 외국인 가능.  2명거주 가능..,https://www.zigbang.com/home/apt/items/49388273
2026-06-17 08:36:48,원룸,49359627,월세,02,강원도 강릉시 내곡동,강릉시,내곡동,200,50,0,55.98,16.93,반지하,내곡 관대 1.5룸 월세 임대입니다,https://www.zigbang.com/home/apt/items/49359627
2026-06-17 08:36:48,원룸,49346092,월세,02,강원도 강릉시 회산동,강릉시,회산동,300,47,0,33.8,10.22,3,관동대근처의 시설편리한 1.5룸,https://www.zigbang.com/home/apt/items/49346092
2026-06-17 08:36:48,원룸,49342421,월세,01,강원도 강릉시 내곡동,강릉시,내곡동,100,35,0,29,8.77,2,...관동대 인근 풀옵션 원룸,https://www.zigbang.com/home/apt/items/49342421
2026-06-17 08:36:48,원룸,49283429,월세,01,강원도 강릉시 내곡동,강릉시,내곡동,100,35,0,23.54,7.12,1,"공용 건조기, 하상관 인근,관대 도보 5분거리..",https://www.zigbang.com/home/apt/items/49283429
2026-06-17 08:36:48,원룸,49279600,전세,01,강원도 강릉시 회산동,강릉시,회산동,6000,0,0,20.35,6.16,4,회산동 관동타운 전세입니다,https://www.zigbang.com/home/apt/items/49279600
2026-06-17 08:36:48,원룸,49264452,월세,01,강원도 강릉시 내곡동,강릉시,내곡동,300,40,0,24.6,7.44,3,보건소 인근 대로변 위치 좋은 원룸..,https://www.zigbang.com/home/apt/items/49264452
2026-06-17 08:36:48,원룸,49262795,월세,01,강원도 강릉시 내곡동,강릉시,내곡동,50,550,0,23.94,7.24,2,관동대후문 연선세 원룸 임대 입니다,https://www.zigbang.com/home/apt/items/49262795
2026-06-17 08:36:48,원룸,49239382,월세,02,강원도 강릉시 성산면 금산리,강릉시,성산면,30,30,0,19.92,6.03,2,영동대 인근 분리형풀옵션 원룸 ....,https://www.zigbang.com/home/apt/items/49239382
2026-06-17 08:36:48,원룸,49121636,월세,01,강원도 강릉시 회산동,강릉시,회산동,200,35,0,18.45,5.58,4,편리한 도시형 생활주택,https://www.zigbang.com/home/apt/items/49121636
2026-06-17 08:36:48,원룸,49068523,월세,01,강원도 강릉시 내곡동,강릉시,내곡동,100,50,0,30,9.07,2,"1월까지 계약가능. 관대 도보거리.주차편리,큰방..",https://www.zigbang.com/home/apt/items/49068523
2026-06-17 08:37:09,원룸,49283132,월세,02,경기도 포천시 이동면 연곡리,포천시,이동면,500,30,0,36.36,11.0,2,연곡리에 위치한 큰 원룸 임대,https://www.zigbang.com/home/apt/items/49283132
2026-06-17 08:37:34,원룸,49269463,월세,02,강원도 속초시 조양동,속초시,조양동,100,65,0,36.36,11.0,1,한달 단기 임대,https://www.zigbang.com/home/apt/items/49269463
2026-06-17 08:37:34,원룸,49020091,월세,02,강원도 속초시 조양동,속초시,조양동,500,60,0,42,12.7,2,투룸 풀옵션 남향 조용하고 주택좋아요,https://www.zigbang.com/home/apt/items/49020091
2026-06-17 08:38:44,원룸,49164372,월세,01,경상북도 포항시 남구 해도동,포항시 남구,해도동,200,23,0,30,9.07,4,해도운하인근 주차편한 깔끔한 원룸,https://www.zigbang.com/home/apt/items/49164372
2026-06-17 08:40:19,빌라투룸,49262995,월세,05,제주도 제주시 한경면 두모리,제주시,한경면,1000,100,0,85,25.71,1,"한경 하나로 마트 부근의 타운하우스, 년세만 가능1200만",https://www.zigbang.com/home/apt/items/49262995
2026-06-17 08:40:21,빌라투룸,49068091,월세,04,제주도 제주시 한림읍 협재리,제주시,한림읍,1000,125,0,82.3,24.9,2,협재해수욕장인근 협재브리타니2차 30평형 투룸 풀옵션.연세,https://www.zigbang.com/home/apt/items/49068091
2026-06-17 08:40:28,빌라투룸,49383596,월세,04,제주도 제주시 애월읍 하귀1리,제주시,애월읍,500,66,0,70,21.17,2,하귀.넓은투룸.채광굿.승강기.연세.반려묘가능,https://www.zigbang.com/home/apt/items/49383596
2026-06-17 08:40:28,빌라투룸,49368116,월세,04,제주도 제주시 외도일동,제주시,외도일동,2000,100,0,85,25.71,4,외도.넓은투룸.컨디션최상.남향.욕실2.년세,https://www.zigbang.com/home/apt/items/49368116
2026-06-17 08:40:28,빌라투룸,49332854,월세,05,제주도 제주시 이호이동,제주시,이호이동,1000,100,0,66.42,20.09,2,B이호이동.S중앙병원인근.리모델링.쓰리룸.깔끔,https://www.zigbang.com/home/apt/items/49332854
2026-06-17 08:40:28,빌라투룸,49291385,월세,04,제주도 제주시 이호일동,제주시,이호일동,500,90,0,92.6,28.01,1,이호일동 넓은 풀풀옵션 투룸 임대,https://www.zigbang.com/home/apt/items/49291385
2026-06-17 08:40:28,빌라투룸,49263718,월세,04,제주도 제주시 도두일동,제주시,도두일동,1100,95,0,57,17.24,3,도두해안도로  해수사우나인근 신축급 투룸,https://www.zigbang.com/home/apt/items/49263718
2026-06-17 08:40:28,빌라투룸,49396776,월세,04,제주도 제주시 노형동,제주시,노형동,300,69,0,59.58,18.02,5,년세만  애완동물가능 노형성환그린1차아파트,https://www.zigbang.com/home/apt/items/49396776
2026-06-17 08:40:28,빌라투룸,49396769,월세,04,제주도 제주시 노형동,제주시,노형동,500,71,0,35.54,10.75,2,노형2지구 투룸 옵션있음 노형중학교인근,https://www.zigbang.com/home/apt/items/49396769
2026-06-17 08:40:28,빌라투룸,49373487,전세,04,제주도 제주시 노형동,제주시,노형동,5000,0,0,45,13.61,3,"입주 7월말, 반전세, 보증금5,000만, 년세600만",https://www.zigbang.com/home/apt/items/49373487
2026-06-17 08:40:28,빌라투룸,49373406,월세,04,제주도 제주시 노형동,제주시,노형동,5000,50,0,40.67,12.3,3,반전세 노형중인근 거실 넓은 투룸. 연세만가능,https://www.zigbang.com/home/apt/items/49373406
2026-06-17 08:40:28,빌라투룸,49304510,월세,05,제주도 제주시 노형동,제주시,노형동,1000,83,0,106.23,32.13,3,노형동 넓은 다가구 쓰리룸 임대,https://www.zigbang.com/home/apt/items/49304510
2026-06-17 08:40:28,빌라투룸,49287829,월세,05,제주도 제주시 노형동,제주시,노형동,500,58,0,52.14,15.77,2,B노형동.노형초3분.빌라.2층.방3화1.깔끔.연세만,https://www.zigbang.com/home/apt/items/49287829
2026-06-17 08:40:28,빌라투룸,49249355,매매,05,제주도 제주시 노형동,제주시,노형동,19000,0,19000,66.3,20.06,3,올리모델링 된 노형초 인근 3룸,https://www.zigbang.com/home/apt/items/49249355
2026-06-17 08:40:28,빌라투룸,49218987,월세,05,제주도 제주시 노형동,제주시,노형동,500,58,0,73,22.08,2,"년세만 가능700만, 노형초 부근 쓰리룸, 노옵션",https://www.zigbang.com/home/apt/items/49218987
2026-06-17 08:40:28,빌라투룸,49051207,월세,04,제주도 제주시 노형동,제주시,노형동,500,54,0,60,18.15,1,"노형초 부근의 투룸, 년세만 가능650만, 무옵션",https://www.zigbang.com/home/apt/items/49051207
2026-06-17 08:40:28,빌라투룸,49314682,월세,04,제주도 제주시 외도일동,제주시,외도일동,500,67,0,39.67,12.0,2,"즉시 입주, 년세만 가능 800만, 무옵션, 1주차 가능",https://www.zigbang.com/home/apt/items/49314682
2026-06-17 08:40:28,빌라투룸,49304610,월세,04,제주도 제주시 외도일동,제주시,외도일동,1000,83,0,45.14,13.65,2,외도일동 조용한 위치 한라산 바다뷰 신축 풀옵션 투룸 년세,https://www.zigbang.com/home/apt/items/49304610
2026-06-17 08:40:28,빌라투룸,49230484,매매,05,제주도 제주시 외도일동,제주시,외도일동,18300,0,18300,76.88,23.26,4,매매 I 외도 탐라하이츠빌 I 방3 화2 I 현재공실,https://www.zigbang.com/home/apt/items/49230484
2026-06-17 08:40:28,빌라투룸,49023911,매매,05,제주도 제주시 외도일동,제주시,외도일동,36500,0,36500,84.7,25.62,5,외도일동 3억대 아파트 전용26평 넓은 쓰리룸 매매,https://www.zigbang.com/home/apt/items/49023911
2026-06-17 08:40:28,빌라투룸,48997239,매매,05,제주도 제주시 외도일동,제주시,외도일동,37000,0,37000,68.62,20.76,3,외도일동 3억대 저렴한 신축 아파트 첫입주 쓰리룸 매매,https://www.zigbang.com/home/apt/items/48997239
2026-06-17 08:40:28,빌라투룸,48620333,매매,05,제주도 제주시 외도일동,제주시,외도일동,46500,0,46500,84.53,25.57,5,도시가스O 외도일동 실면적 약35평 남향집 넓은쓰리룸 매매,https://www.zigbang.com/home/apt/items/48620333
2026-06-17 08:40:42,빌라투룸,48620385,월세,04,제주도 제주시 조천읍 신촌리,제주시,조천읍,100,100,0,58.48,17.69,2,조천읍 신촌리 신축 첫입주 귀한 풀옵션급 저렴한 투룸 년세,https://www.zigbang.com/home/apt/items/48620385
2026-06-17 08:40:42,빌라투룸,49329935,월세,05,제주도 제주시 도련일동,제주시,도련일동,1000,133,0,72.78,22.02,1,삼화지구.삼화초인접.산책로인근.1층.준신축급.방3화2.연세,https://www.zigbang.com/home/apt/items/49329935
2026-06-17 08:40:42,빌라투룸,49329410,월세,05,제주도 제주시 도련일동,제주시,도련일동,1000,141,0,70.24,21.25,3,B삼화초인근.복층형.방3화2.준신축급.복층냉난방.연세만,https://www.zigbang.com/home/apt/items/49329410
2026-06-17 08:40:42,빌라투룸,49317441,월세,04,제주도 제주시 화북일동,제주시,화북일동,500,80,0,64,19.36,3,"화북일동 주차O, 엘베O, 신축급 넓고 깔끔한 투룸",https://www.zigbang.com/home/apt/items/49317441
2026-06-17 08:40:42,빌라투룸,48905881,월세,05,제주도 제주시 도련일동,제주시,도련일동,1000,133,0,74.1,22.42,1,도련일동 삼화초 인근 깔끔하고 넓은 신축 쓰리룸 년세,https://www.zigbang.com/home/apt/items/48905881
2026-06-17 08:40:42,빌라투룸,48620326,월세,05,제주도 제주시 도련일동,제주시,도련일동,1000,129,0,67.33,20.37,3,도련일동 삼화초 인근 깔끔한 신축 복층 쓰리룸 테라스 년세,https://www.zigbang.com/home/apt/items/48620326
2026-06-17 08:40:42,빌라투룸,49236937,월세,04,제주도 제주시 조천읍 함덕리,제주시,조천읍,800,100,0,56.88,17.21,5,함덕라마다호텔 인근 풀옵션 투룸 침대포함,https://www.zigbang.com/home/apt/items/49236937
2026-06-17 08:40:42,빌라투룸,48952614,전세,05,제주도 제주시 조천읍 와흘리,제주시,조천읍,30000,0,0,100,30.25,1,반려O 조천와흘리사무소 인근 마당 넓은 쓰리룸 알파룸 전세,https://www.zigbang.com/home/apt/items/48952614
2026-06-17 08:42:43,빌라투룸,49389841,전세,05,전라남도 진도군 조도면 맹골도리,진도군,조도면,5000,0,0,66.88,20.23,1,테스트 매물입니다.,https://www.zigbang.com/home/apt/items/49389841
2026-06-17 08:42:43,빌라투룸,49361731,전세,05,전라남도 진도군 조도면 맹골도리,진도군,조도면,30000,0,0,20,6.05,반지하,매물 등록 테스트,https://www.zigbang.com/home/apt/items/49361731
2026-06-17 08:42:43,빌라투룸,49344197,전세,05,전라남도 진도군 조도면 맹골도리,진도군,조도면,4500,0,0,79,23.9,2,QA SH 빌라11 매물입니다. 0612,https://www.zigbang.com/home/apt/items/49344197
2026-06-17 08:42:43,빌라투룸,49318137,전세,05,전라남도 진도군 조도면 맹골도리,진도군,조도면,8888,0,0,79,23.9,8,QA SH 빌라 8 매물입니다.,https://www.zigbang.com/home/apt/items/49318137
2026-06-17 08:42:43,빌라투룸,49318101,전세,04,전라남도 진도군 조도면 맹골도리,진도군,조도면,7777,0,0,79,23.9,7,QA SH 빌라 7 매물입니다.,https://www.zigbang.com/home/apt/items/49318101
2026-06-17 08:43:17,빌라투룸,49244829,월세,04,전라남도 목포시 산정동,목포시,산정동,200,37,0,26.45,8.0,1,중앙시장 부근 깨끗하고 조용한 투룸,https://www.zigbang.com/home/apt/items/49244829
2026-06-17 08:43:17,빌라투룸,49356857,월세,04,전라남도 목포시 상동,목포시,상동,300,33,0,49.58,15.0,2,기독병원 부근 깨끗하고 넓은  투룸,https://www.zigbang.com/home/apt/items/49356857
2026-06-17 08:43:17,빌라투룸,49342560,월세,04,전라남도 목포시 용해동,목포시,용해동,500,50,0,55,16.64,2,"포미타운인근, 방2, 거실1",https://www.zigbang.com/home/apt/items/49342560
2026-06-17 08:44:34,빌라투룸,49398472,월세,04,전라북도 군산시 오식도동,군산시,오식도동,100,35,0,45.7,13.82,4,방2 화장실2,https://www.zigbang.com/home/apt/items/49398472
2026-06-17 08:44:42,빌라투룸,49324471,월세,04,충청남도 보령시 주교면 은포리,보령시,주교면,300,45,0,52.4,15.85,2,은포리 해잘들어오는 투룸,https://www.zigbang.com/home/apt/items/49324471
2026-06-17 08:45:21,빌라투룸,49393802,월세,04,전라남도 나주시 송월동,나주시,송월동,200,34,0,43,13.01,2,송월동 진짜 귀한매물 투룸 W 서두르세여 W,https://www.zigbang.com/home/apt/items/49393802
2026-06-17 08:45:23,빌라투룸,49376144,월세,04,광주시 광산구 선암동,광산구,선암동,300,39,0,33.88,10.25,2,ㅁ 선암동 투룸 ㅁ 가성비 굿 인기매물 ㅁ,https://www.zigbang.com/home/apt/items/49376144
2026-06-17 08:45:23,빌라투룸,49376111,월세,04,광주시 광산구 선암동,광산구,선암동,200,39,0,29.78,9.01,2,ㅁ선암동 투룸 ㅁ 깔끔 인기매물 ㅁ,https://www.zigbang.com/home/apt/items/49376111
2026-06-17 08:45:23,빌라투룸,49339723,월세,04,광주시 광산구 선암동,광산구,선암동,300,34,0,33.05,10.0,3,II P II 호남대3분 l 가성비 l 미니투룸 l 채광굿,https://www.zigbang.com/home/apt/items/49339723
2026-06-17 08:45:23,빌라투룸,49337286,월세,06,광주시 광산구 월전동,광산구,월전동,1000,81,0,110,33.27,4,평동 ㄹㅈㄷ 깨끗한 안집 앞뒤베란다 옵션있어요,https://www.zigbang.com/home/apt/items/49337286
2026-06-17 08:45:23,빌라투룸,49302283,월세,04,광주시 광산구 선암동,광산구,선암동,300,39,0,39,11.8,3,ㅇ각방에어컨ㅇ분리형투룸ㅇ빛그린출퇴근용이ㅇ주차편리ㅇ베란다,https://www.zigbang.com/home/apt/items/49302283
2026-06-17 08:45:23,빌라투룸,49251701,월세,04,광주시 광산구 월전동,광산구,월전동,300,44,0,30.34,9.18,2,KOREAㅇ조정가ㅇ화이트톤ㅇ넓은정투룸ㅇEVㅇ,https://www.zigbang.com/home/apt/items/49251701
2026-06-17 08:45:23,빌라투룸,49251684,월세,04,광주시 광산구 월전동,광산구,월전동,300,41,0,34,10.28,3,KOREAㅇ조정가ㅇ반려가ㅇ내국인전용ㅇ풀옵션투룸ㅇEV,https://www.zigbang.com/home/apt/items/49251684
2026-06-17 08:45:23,빌라투룸,49229378,월세,06,광주시 광산구 선암동,광산구,선암동,2000,86,0,99.2,30.01,3,II P II 복층 주인세대 I 단독 테라스 I 대형사이즈,https://www.zigbang.com/home/apt/items/49229378
2026-06-17 08:45:23,빌라투룸,49228837,월세,04,광주시 광산구 선암동,광산구,선암동,300,39,0,39.68,12.0,2,II P II 리모델링 l 넓은투룸 l 선암동 l 매물보유,https://www.zigbang.com/home/apt/items/49228837
2026-06-17 08:45:23,빌라투룸,49190915,월세,06,광주시 광산구 월전동,광산구,월전동,1000,101,0,99.18,30.0,4,II P II 리모델링 l 엘베 l 풀옵션 l 주인세대,https://www.zigbang.com/home/apt/items/49190915
2026-06-17 08:45:23,빌라투룸,49141883,월세,04,광주시 광산구 옥동,광산구,옥동,200,44,0,18.18,5.5,3,II P II 신축 l 엘베 l 화이트톤 l 모든매물보유,https://www.zigbang.com/home/apt/items/49141883
2026-06-17 08:45:23,빌라투룸,49101397,월세,04,광주시 광산구 월전동,광산구,월전동,300,41,0,39.68,12.0,3,II P II 리모델링 l 평동 l 엘베 l 풀옵션 l,https://www.zigbang.com/home/apt/items/49101397
2026-06-17 08:45:23,빌라투룸,49391289,월세,06,광주시 남구 송하동,남구,송하동,1000,95,0,79.4,24.02,4,II P II 풀옵션 주인세대 I 개인 테라스 I 엘베,https://www.zigbang.com/home/apt/items/49391289
2026-06-17 08:45:23,빌라투룸,49380868,월세,04,광주시 남구 행암동,남구,행암동,300,34,0,29.87,9.04,2,ㅁ 행암동 깔끔한투룸 ㅁ 귀한매물 ㅁ,https://www.zigbang.com/home/apt/items/49380868
2026-06-17 08:45:23,빌라투룸,49370146,월세,05,광주시 남구 임암동,남구,임암동,300,54,0,26.11,7.9,3,I 임암동 신축 쓰리룸 I 넓은 쓰리룸 I 채광부자 l,https://www.zigbang.com/home/apt/items/49370146
2026-06-17 08:45:23,빌라투룸,49336661,월세,04,광주시 남구 임암동,남구,임암동,200,38,0,26.11,7.9,3,임암동 화이트톤 깔끔한방 채광굿,https://www.zigbang.com/home/apt/items/49336661
2026-06-17 08:45:23,빌라투룸,49051338,월세,05,광주시 서구 쌍촌동,서구,쌍촌동,500,54,0,56.19,17.0,3,ㅣ메타ㅣ치평중 인근 가성비 대형 쓰리룸,https://www.zigbang.com/home/apt/items/49051338
2026-06-17 08:45:23,빌라투룸,48944712,월세,04,광주시 서구 쌍촌동,서구,쌍촌동,3000,31,0,21.46,6.49,2,신축 화이트톤 매물O 허위없는 실시간 실매물 O 엘베완비,https://www.zigbang.com/home/apt/items/48944712
2026-06-17 08:45:26,빌라투룸,49092747,월세,04,전라남도 화순군 화순읍 신기리,화순군,화순읍,300,48,0,46.28,14.0,3,ㅣ문화센터부근ㅣ방2ㅣ거실1ㅣ살림적합ㅣ,https://www.zigbang.com/home/apt/items/49092747
2026-06-17 08:45:36,빌라투룸,49373334,월세,04,전라남도 광양시 광양읍 덕례리,광양시,광양읍,200,43,0,34,10.28,2,덕례리 엘베있는  귀한 신축급 투룸  6월말 입주,https://www.zigbang.com/home/apt/items/49373334
2026-06-17 08:45:36,빌라투룸,49365758,월세,04,전라남도 광양시 광양읍 덕례리,광양시,광양읍,200,36,0,35,10.59,2,덕례리 관리잘된 넓은 투룸,https://www.zigbang.com/home/apt/items/49365758
2026-06-17 08:45:36,빌라투룸,49365713,월세,04,전라남도 광양시 광양읍 덕례리,광양시,광양읍,150,32,0,33,9.98,3,"덕례리 LF아울렛앞, 순천,여수 출퇴근 편한곳",https://www.zigbang.com/home/apt/items/49365713
2026-06-17 08:45:36,빌라투룸,49365743,월세,04,전라남도 광양시 광양읍 덕례리,광양시,광양읍,200,35,0,35,10.59,2,덕례리 엘베있는 남향의 가격좋은 투룸,https://www.zigbang.com/home/apt/items/49365743
2026-06-17 08:45:36,빌라투룸,49365722,월세,04,전라남도 광양시 광양읍 칠성리,광양시,광양읍,100,33,0,33,9.98,4,광양읍 서천변 조용하고 주차편한 오픈형 투룸,https://www.zigbang.com/home/apt/items/49365722
2026-06-17 08:45:39,빌라투룸,49360933,월세,04,전라남도 광양시 중동,광양시,중동,200,33,0,49,14.82,4,호반인근 투룸 인기많은위치 풀옵션 층간소음걱정없음 즉시입주,https://www.zigbang.com/home/apt/items/49360933
2026-06-17 08:45:39,빌라투룸,49360770,월세,05,전라남도 광양시 중동,광양시,중동,300,40,0,49,14.82,3,마동저수지 인근 쓰리룸 단기가능 풀옵션 즉시입주가능,https://www.zigbang.com/home/apt/items/49360770
2026-06-17 08:46:20,빌라투룸,49358423,월세,04,경상남도 진주시 가좌동,진주시,가좌동,2500,80,0,60,18.15,2,가좌동 역세권 신축 깔끔한 투룸,https://www.zigbang.com/home/apt/items/49358423
2026-06-17 08:46:20,빌라투룸,49345125,월세,04,경상남도 진주시 가좌동,진주시,가좌동,500,51,0,60,18.15,3,ㅁ대학생 추천ㅁ 풀풀옵션 학생 두명 살기좋은 투룸,https://www.zigbang.com/home/apt/items/49345125
2026-06-17 08:46:20,빌라투룸,49332113,월세,05,경상남도 진주시 가좌동,진주시,가좌동,5000,150,0,100.5,30.4,2,진주역세권 귀한신축 쓰리룸,https://www.zigbang.com/home/apt/items/49332113
2026-06-17 08:46:20,빌라투룸,49275969,월세,04,경상남도 진주시 가좌동,진주시,가좌동,500,56,0,60,18.15,2,ㅁ대학생 걍력추천 넓고 깔끔한 풀옵션 투룸ㅁ,https://www.zigbang.com/home/apt/items/49275969
2026-06-17 08:46:20,빌라투룸,49079882,월세,04,경상남도 진주시 가좌동,진주시,가좌동,2000,95,0,55,16.64,2,가좌동 신진주역세권 거실 넓은 귀한 투룸,https://www.zigbang.com/home/apt/items/49079882
2026-06-17 08:46:20,빌라투룸,49017498,월세,04,경상남도 진주시 가좌동,진주시,가좌동,500,63,0,50,15.12,3,경상대투룸 ㅣ 거실공간 넓음,https://www.zigbang.com/home/apt/items/49017498
2026-06-17 08:46:20,빌라투룸,49329422,월세,04,경상남도 사천시 사천읍 정의리,사천시,사천읍,1000,36,0,40,12.1,3,즉시입주 가능한 투룸 ㅣ 깔끔한 풀옵션투룸,https://www.zigbang.com/home/apt/items/49329422
2026-06-17 08:46:22,빌라투룸,49255817,월세,04,경상남도 통영시 동호동,통영시,동호동,2000,45,0,56.2,17.0,2,정량동 주민센터 인근에 거실 큰 투룸,https://www.zigbang.com/home/apt/items/49255817
2026-06-17 08:46:22,빌라투룸,49087516,월세,04,경상남도 통영시 정량동,통영시,정량동,2000,45,0,56.2,17.0,3,중앙동사무소 인근 사이즈 큰 깨끗한 투룸,https://www.zigbang.com/home/apt/items/49087516
2026-06-17 08:46:23,빌라투룸,49385566,월세,04,경상남도 거제시 고현동,거제시,고현동,300,37,0,39.67,12.0,2,ㅇ귀한 남향 신축 도시가스 화이트느낌 조용한 투룸ㅇ,https://www.zigbang.com/home/apt/items/49385566
2026-06-17 08:46:23,빌라투룸,49273546,월세,05,경상남도 거제시 상동동,거제시,상동동,1000,40,0,105.28,31.85,2,햇살 가득한 남향에 상가형 2층 단독 주택 ㅡ전월세조절가능,https://www.zigbang.com/home/apt/items/49273546
2026-06-17 08:46:23,빌라투룸,49379083,월세,04,경상남도 거제시 장평동,거제시,장평동,200,40,0,46.28,14.0,3,"투룸ㅡ방2, 에어컨2, 깔끔한 투룸",https://www.zigbang.com/home/apt/items/49379083
2026-06-17 08:46:23,빌라투룸,49357943,월세,04,경상남도 거제시 고현동,거제시,고현동,300,37,0,46.28,14.0,2,ㅇ후회없는 선택 신축 도시가스 화이트 정투룸ㅇ,https://www.zigbang.com/home/apt/items/49357943
2026-06-17 08:46:23,빌라투룸,49350775,월세,05,경상남도 거제시 고현동,거제시,고현동,300,42,0,59.5,18.0,4,ㅇ올 리모델링 화이트느낌 도시가스 복층형 초대형 쓰리룸ㅇ,https://www.zigbang.com/home/apt/items/49350775
2026-06-17 08:46:23,빌라투룸,49310586,월세,04,경상남도 거제시 고현동,거제시,고현동,300,40,0,42.98,13.0,4,ㅇ눈부신채광 도시가스 넓은구조 투룸ㅇ,https://www.zigbang.com/home/apt/items/49310586
2026-06-17 08:46:23,빌라투룸,49212846,월세,04,경상남도 거제시 장평동,거제시,장평동,200,45,0,49.58,15.0,2,정투룸ㅡ깔끔하고 쾌적한 투룸,https://www.zigbang.com/home/apt/items/49212846
2026-06-17 08:46:23,빌라투룸,49210767,월세,04,경상남도 거제시 고현동,거제시,고현동,500,45,0,57,17.24,3,고현시장부근 엘벨있는 신축급 정투룸,https://www.zigbang.com/home/apt/items/49210767
2026-06-17 08:46:23,빌라투룸,49209223,월세,04,경상남도 거제시 고현동,거제시,고현동,300,40,0,50,15.12,2,시장 시내 가까운 정투룸,https://www.zigbang.com/home/apt/items/49209223
2026-06-17 08:46:23,빌라투룸,49144820,월세,04,경상남도 거제시 고현동,거제시,고현동,300,40,0,56.2,17.0,3,정투룸남향 정투룸,https://www.zigbang.com/home/apt/items/49144820
2026-06-17 08:46:23,빌라투룸,49119011,월세,04,경상남도 거제시 장평동,거제시,장평동,300,38,0,49.59,15.0,4,"투룸ㅡ방2, 저렴하고 깔끔한 투룸",https://www.zigbang.com/home/apt/items/49119011
2026-06-17 08:46:23,빌라투룸,49356769,월세,04,경상남도 거제시 고현동,거제시,고현동,300,40,0,49.59,15.0,4,ㅇ서둘러 인기매물이야 신축 도시가스 화이트톤 정투룸ㅇ,https://www.zigbang.com/home/apt/items/49356769
2026-06-17 08:46:23,빌라투룸,49354478,월세,04,경상남도 거제시 장평동,거제시,장평동,200,43,0,43,13.01,2,투룸ㅡ깔끔하고 채광 좋은 투룸,https://www.zigbang.com/home/apt/items/49354478
2026-06-17 08:46:25,빌라투룸,49386641,월세,04,경상남도 창원시 진해구 화천동,창원시 진해구,화천동,500,45,0,72.73,22.0,2,강남 해군부대북원로타리인근 큰방2개 거실 넓고 깔끔 구조굿,https://www.zigbang.com/home/apt/items/49386641
2026-06-17 08:46:25,빌라투룸,49216460,월세,04,경상남도 창원시 진해구 여좌동,창원시 진해구,여좌동,500,75,0,72.73,22.0,3,직빵 진해여고주변투룸 방2거실넓고풀옵션 침대쇼파완비,https://www.zigbang.com/home/apt/items/49216460
2026-06-17 08:46:25,빌라투룸,49063380,전세,04,경상남도 창원시 진해구 제황산동,창원시 진해구,제황산동,4000,0,0,56.93,17.22,2,전진  주위 공기좋은주택  거실있는 2층독채,https://www.zigbang.com/home/apt/items/49063380
2026-06-17 08:46:33,빌라투룸,49211030,월세,04,경상남도 거제시 능포동,거제시,능포동,200,25,0,26.4,7.99,2,조용하고 넓은 투룸,https://www.zigbang.com/home/apt/items/49211030
2026-06-17 08:46:33,빌라투룸,49121045,월세,04,경상남도 거제시 능포동,거제시,능포동,200,35,0,39.66,12.0,3,"시장인근  깨끗한 정투룸 중문 방2,욕실 거실 풀옵션",https://www.zigbang.com/home/apt/items/49121045
2026-06-17 08:46:33,빌라투룸,49069655,월세,04,경상남도 거제시 능포동,거제시,능포동,200,30,0,30.2,9.14,3,능포주민센터 부근 대로변,https://www.zigbang.com/home/apt/items/49069655
2026-06-17 08:46:33,빌라투룸,49068664,월세,04,경상남도 거제시 능포동,거제시,능포동,200,30,0,33.6,10.16,2,막힘없는 조용한 투룸,https://www.zigbang.com/home/apt/items/49068664
2026-06-17 08:46:36,빌라투룸,49394660,월세,05,경상남도 창원시 진해구 용원동,창원시 진해구,용원동,3000,21,0,65,19.66,1,신축건물의 방과 거실이 넓고 깔끔한 반전세 쓰리룸을 소개함,https://www.zigbang.com/home/apt/items/49394660
2026-06-17 08:46:36,빌라투룸,49378037,전세,04,경상남도 창원시 진해구 용원동,창원시 진해구,용원동,4500,0,0,47,14.22,4,주방 거실 베란다 방이 엄청 넓은 전세 투룸을 소개합니다.,https://www.zigbang.com/home/apt/items/49378037
2026-06-17 08:46:36,빌라투룸,49348219,전세,05,경상남도 창원시 진해구 용원동,창원시 진해구,용원동,5000,0,0,68,20.57,2,준신축건물의 방이 넓고 깨끗한 풀옵션의 쓰리룸 소개합니다.,https://www.zigbang.com/home/apt/items/49348219
2026-06-17 08:46:36,빌라투룸,49343204,전세,05,경상남도 창원시 진해구 용원동,창원시 진해구,용원동,5000,0,0,62,18.75,1,1층 준신축건물의 깔끔하고 방이 넓은 쓰리룸을 소개합니다.,https://www.zigbang.com/home/apt/items/49343204
2026-06-17 08:46:36,빌라투룸,49297320,월세,06,경상남도 창원시 진해구 용원동,창원시 진해구,용원동,5000,21,0,68,20.57,4,신축건물의 남향인 구조좋고 깔끔한 쓰리룸을 소개합니다.,https://www.zigbang.com/home/apt/items/49297320
2026-06-17 08:46:36,빌라투룸,49379471,월세,04,경상남도 창원시 진해구 이동,창원시 진해구,이동,300,40,0,56.19,17.0,3,강남 이동오거리인근 방2 주방 베란다 깔끔  채광굿 주차굿,https://www.zigbang.com/home/apt/items/49379471
2026-06-17 08:46:36,빌라투룸,49376164,월세,04,경상남도 창원시 진해구 석동,창원시 진해구,석동,200,50,0,39.67,12.0,3,황금알 석동주공인근 넓은 붙박이장 생활권 좋은위치 깔끔한집,https://www.zigbang.com/home/apt/items/49376164
2026-06-17 08:46:36,빌라투룸,49368576,월세,04,경상남도 창원시 진해구 이동,창원시 진해구,이동,300,40,0,45,13.61,3,황금알 남흥아파트 인근 방2개 풀옵션 채광좋은 투룸,https://www.zigbang.com/home/apt/items/49368576
2026-06-17 08:46:36,빌라투룸,49355975,월세,04,경상남도 창원시 진해구 경화동,창원시 진해구,경화동,1000,50,0,60,18.15,2,"전진  중부시장 인근 풀옵션 큰거실 투룸, 남향",https://www.zigbang.com/home/apt/items/49355975
2026-06-17 08:46:36,빌라투룸,49353076,월세,04,경상남도 창원시 진해구 자은동,창원시 진해구,자은동,500,45,0,49.59,15.0,4,황금알l 진스코 인근 남향 리모델링한 투룸,https://www.zigbang.com/home/apt/items/49353076
2026-06-17 08:46:36,빌라투룸,49346042,월세,04,경상남도 창원시 진해구 이동,창원시 진해구,이동,1000,40,0,49.59,15.0,3,전진  하이트광장 오거리 인근 투룸 풀옵션,https://www.zigbang.com/home/apt/items/49346042
2026-06-17 08:46:36,빌라투룸,49336812,월세,04,경상남도 창원시 진해구 석동,창원시 진해구,석동,6000,30,0,52.89,16.0,3,"황금알 석동주공인근, 거실이넓은 생활권 좋은 투룸",https://www.zigbang.com/home/apt/items/49336812
2026-06-17 08:46:36,빌라투룸,49261320,월세,06,경상남도 창원시 진해구 자은동,창원시 진해구,자은동,3000,65,0,120,36.3,4,강남 자은세차장인근 엄청넓은복층형주인채 방4 화3 베란다4,https://www.zigbang.com/home/apt/items/49261320
2026-06-17 08:46:36,빌라투룸,49242400,월세,04,경상남도 창원시 진해구 풍호동,창원시 진해구,풍호동,500,45,0,40,12.1,2,전진   진해 구청 인근  풀옵션  오피스텔 거실 겸 방,https://www.zigbang.com/home/apt/items/49242400
2026-06-17 08:46:36,빌라투룸,49216461,월세,04,경상남도 창원시 진해구 석동,창원시 진해구,석동,500,45,0,49.58,15.0,3,직빵방넓고 공간넓게빠진 투룸 교통 생활권 편리,https://www.zigbang.com/home/apt/items/49216461
2026-06-17 08:46:36,빌라투룸,49110760,월세,04,경상남도 창원시 진해구 이동,창원시 진해구,이동,500,40,0,60,18.15,4,전진  해군교육사령부 이동 운동장 인근 풀옵션 투룸,https://www.zigbang.com/home/apt/items/49110760
2026-06-17 08:46:36,빌라투룸,49044165,월세,04,경상남도 창원시 진해구 석동,창원시 진해구,석동,500,45,0,57,17.24,2,황금알 석동주공인근 주방이 넓고 위치A급 투룸,https://www.zigbang.com/home/apt/items/49044165
2026-06-17 08:46:36,빌라투룸,49036515,월세,04,경상남도 창원시 진해구 자은동,창원시 진해구,자은동,500,50,0,66.12,20.0,4,직빵남향 시원하며 밝은 깔끔한 투룸 생활권주차편리,https://www.zigbang.com/home/apt/items/49036515
2026-06-17 08:46:36,빌라투룸,48959248,전세,04,경상남도 창원시 진해구 석동,창원시 진해구,석동,10000,0,0,56.2,17.0,3,"황금알 석동주공인근, 생활권좋고, 풀옵션 거실이 넓은 투룸",https://www.zigbang.com/home/apt/items/48959248
2026-06-17 08:46:36,빌라투룸,48810682,월세,04,경상남도 창원시 진해구 이동,창원시 진해구,이동,500,40,0,49.58,15.0,4,황금알l 이동 매립지 인근 남향 실외베란다 심야전기 투룸,https://www.zigbang.com/home/apt/items/48810682
2026-06-17 08:46:37,빌라투룸,49352255,전세,04,부산시 서구 부용동1가,서구,부용동1가,8000,0,0,25.83,7.81,2,부민캠퍼스 맢은편 투룸 전세 학생대출가능,https://www.zigbang.com/home/apt/items/49352255
2026-06-17 08:46:37,빌라투룸,49328186,월세,04,부산시 중구 보수동2가,중구,보수동2가,1000,50,0,24.12,7.3,5,동아대 도보 스타일러 건조기 보증금 조절가능,https://www.zigbang.com/home/apt/items/49328186
2026-06-17 08:46:37,빌라투룸,49287090,전세,04,부산시 서구 동대신동1가,서구,동대신동1가,9000,0,0,22.93,6.94,3,방1 거실1 베란타공간과 다용도실까지 전세자금대출 가능,https://www.zigbang.com/home/apt/items/49287090
2026-06-17 08:46:37,빌라투룸,49244885,전세,04,부산시 서구 부용동1가,서구,부용동1가,9000,0,0,25.9,7.83,12,동아대 앞 가온빌리지 투룸,https://www.zigbang.com/home/apt/items/49244885
2026-06-17 08:46:37,빌라투룸,49225667,월세,04,부산시 서구 서대신동1가,서구,서대신동1가,1000,64,0,29.92,9.05,9,대신동 최고의 오피스텔 완전 풀옵션,https://www.zigbang.com/home/apt/items/49225667
2026-06-17 08:46:37,빌라투룸,49370848,월세,04,부산시 사하구 신평동,사하구,신평동,300,31,0,58,17.54,3,리모델링ㅣ방2ㅣ거실ㅣ주방별도ㅣ베란다ㅣ풀옵션,https://www.zigbang.com/home/apt/items/49370848
2026-06-17 08:46:37,빌라투룸,49364539,월세,04,부산시 사하구 신평동,사하구,신평동,500,30,0,53,16.03,2,리모델링주택ㅣ방2ㅣ보증금조절ㅣ신평시장부근,https://www.zigbang.com/home/apt/items/49364539
2026-06-17 08:46:37,빌라투룸,49354932,월세,04,부산시 사하구 신평동,사하구,신평동,500,30,0,50,15.12,2,리모델링주택ㅣ방2ㅣ넓은욕실ㅣ에어컨ㅣ보증금조절,https://www.zigbang.com/home/apt/items/49354932
2026-06-17 08:46:37,빌라투룸,49133730,월세,04,부산시 사하구 신평동,사하구,신평동,500,25,0,49.59,15.0,2,리모델링주택ㅣ채광ㅣ방2ㅣ주차가능ㅣ보증금조절,https://www.zigbang.com/home/apt/items/49133730
2026-06-17 08:46:37,빌라투룸,49026478,월세,04,부산시 사하구 신평동,사하구,신평동,2000,20,0,50,15.12,1,올리모델링주택ㅣ방2ㅣ보증금조절,https://www.zigbang.com/home/apt/items/49026478
2026-06-17 08:46:40,빌라투룸,49255655,월세,04,부산시 남구 대연동,남구,대연동,100,55,0,23.25,7.03,3,단기O 전입X 월세조정X 분리형투룸,https://www.zigbang.com/home/apt/items/49255655
2026-06-17 08:46:40,빌라투룸,49216137,월세,04,부산시 남구 문현동,남구,문현동,100,50,0,23.63,7.15,13,단기 전입x 금액조절x,https://www.zigbang.com/home/apt/items/49216137
2026-06-17 08:46:40,빌라투룸,49383034,월세,04,부산시 중구 대청동2가,중구,대청동2가,1000,50,0,29.98,9.07,2,남포동 중앙동 드레스룸 오피스텔,https://www.zigbang.com/home/apt/items/49383034
2026-06-17 08:46:40,빌라투룸,49374282,월세,05,부산시 중구 대청동1가,중구,대청동1가,1000,45,0,59.76,18.08,2,"부분수리된 빌라 독채 내부 깨끗한 거실,방3,화2,남향",https://www.zigbang.com/home/apt/items/49374282
2026-06-17 08:46:40,빌라투룸,49354367,전세,04,부산시 중구 부평동3가,중구,부평동3가,8000,0,0,28.47,8.61,4,버팀목 전세자금 대출 가능,https://www.zigbang.com/home/apt/items/49354367
2026-06-17 08:46:40,빌라투룸,49019231,월세,04,부산시 중구 대청동4가,중구,대청동4가,2000,55,0,29.77,9.01,3,남포동 가까운 깔끔한 투룸 2인거주 추천,https://www.zigbang.com/home/apt/items/49019231
2026-06-17 08:46:40,빌라투룸,49355281,월세,04,부산시 동구 범일동,동구,범일동,500,45,0,40,12.1,3,"귀한 풀옵션 거실,방2,화1,에1 ll단기는 문의ll",https://www.zigbang.com/home/apt/items/49355281
2026-06-17 08:46:40,빌라투룸,49250855,월세,04,부산시 부산진구 범천동,부산진구,범천동,300,85,0,29.77,9.01,14,6개월부터 전입X 금액조절X,https://www.zigbang.com/home/apt/items/49250855
2026-06-17 08:46:41,빌라투룸,49107260,월세,06,광주시 광산구 삼거동,광산구,삼거동,1000,81,0,122.16,36.95,3,II P II 신축 l 초대형 l 엘베 l 안집,https://www.zigbang.com/home/apt/items/49107260
2026-06-17 08:46:42,빌라투룸,49376174,월세,04,광주시 광산구 오선동,광산구,오선동,300,37,0,32.23,9.75,4,ㅁ 오선동 투룸 ㅁ 가성비 굿 인기매물 ㅁ,https://www.zigbang.com/home/apt/items/49376174
2026-06-17 08:46:42,빌라투룸,49360651,월세,04,광주시 광산구 오선동,광산구,오선동,300,37,0,33,9.98,4,ㅁNew화이트톤ㅁ수납공간굿 채광좋은 풀옵션 투룸,https://www.zigbang.com/home/apt/items/49360651
2026-06-17 08:46:42,빌라투룸,49339877,월세,05,광주시 광산구 오선동,광산구,오선동,300,46,0,39.68,12.0,3,II P II 신축급 l 리모델링 l 엘베 l 분리형구조,https://www.zigbang.com/home/apt/items/49339877
2026-06-17 08:46:42,빌라투룸,49315733,월세,05,광주시 광산구 오선동,광산구,오선동,300,46,0,39.66,12.0,2,ㅁ 오선동 가성비 쓰리룸 ㅁ 깔끔 화이트톤 ㅁ 채광좋은 방,https://www.zigbang.com/home/apt/items/49315733
2026-06-17 08:46:42,빌라투룸,49233282,월세,04,광주시 광산구 오선동,광산구,오선동,300,36,0,36.36,11.0,3,II P II 신축급 l 엘베 l 화이트톤 l 풀옵션 l,https://www.zigbang.com/home/apt/items/49233282
2026-06-17 08:46:42,빌라투룸,49203667,월세,04,광주시 광산구 흑석동,광산구,흑석동,300,46,0,24,7.26,2,ㅁ 흑석동 신축 테라스 투룸 ㅁ 화이트톤 ㅁ 채광좋은 방,https://www.zigbang.com/home/apt/items/49203667
2026-06-17 08:46:42,빌라투룸,49194741,월세,04,광주시 광산구 장덕동,광산구,장덕동,200,29,0,33.76,10.21,1,l 화이트톤 l 가성비 l 장덕동 대장 l 깔끔한 방l,https://www.zigbang.com/home/apt/items/49194741
2026-06-17 08:46:42,빌라투룸,49184102,월세,04,광주시 광산구 하남동,광산구,하남동,500,53,0,34.62,10.47,10,II P II 신축 l 반려가능 l 엘베 l 조정가능 l,https://www.zigbang.com/home/apt/items/49184102
2026-06-17 08:46:42,빌라투룸,49151375,월세,04,광주시 광산구 장덕동,광산구,장덕동,200,33,0,33.26,10.06,2,ㅣ실시간 업데이트 ㅣ실매물ㅣ가성비 좋은방ㅣ,https://www.zigbang.com/home/apt/items/49151375
2026-06-17 08:46:42,빌라투룸,49151343,월세,04,광주시 광산구 장덕동,광산구,장덕동,200,32,0,39.66,12.0,2,ㅣ실시간 업데이트 ㅣ실매물ㅣ가성비 좋은방ㅣ,https://www.zigbang.com/home/apt/items/49151343
2026-06-17 08:46:42,빌라투룸,49151302,월세,04,광주시 광산구 신가동,광산구,신가동,200,43,0,26.9,8.14,2,신가동 끝판왕 가성비 좋은방 깔끔한방,https://www.zigbang.com/home/apt/items/49151302
2026-06-17 08:46:42,빌라투룸,49136593,월세,04,광주시 광산구 장덕동,광산구,장덕동,200,35,0,39.67,12.0,2,l장덕동 끝판왕 l화이트톤 인기많은 방l,https://www.zigbang.com/home/apt/items/49136593
2026-06-17 08:46:42,빌라투룸,49136263,월세,05,광주시 광산구 장덕동,광산구,장덕동,300,44,0,54.18,16.39,2,l인테리어l 이쁜 방  l 꾸미기 좋은방 l 채광좋은 방l,https://www.zigbang.com/home/apt/items/49136263
2026-06-17 08:46:42,빌라투룸,49134897,월세,04,광주시 광산구 산정동,광산구,산정동,300,50,0,26.56,8.03,2,ii 산정동 대장 매물 ii 깔금한 화이트톤ii 문의 많음,https://www.zigbang.com/home/apt/items/49134897
2026-06-17 08:46:42,빌라투룸,49101022,월세,05,광주시 광산구 장덕동,광산구,장덕동,400,54,0,52.89,16.0,2,v장덕동 귀한 쓰리룸 구조좋음,https://www.zigbang.com/home/apt/items/49101022
2026-06-17 08:46:42,빌라투룸,48888845,월세,04,광주시 북구 중흥동,북구,중흥동,200,31,0,38.6,11.68,2,l 북구청 부근 l 저렴하고 깔끔한 투룸 입니다.,https://www.zigbang.com/home/apt/items/48888845
2026-06-17 08:46:56,빌라투룸,49395755,월세,06,전라북도 전주시 덕진구 만성동,전주시 덕진구,만성동,5000,70,0,99.17,30.0,4,ㅁ신축 엘베 ㅁ복층 ㅁ 테라스  ㅁ뷰맛집ㅁ화장실2개지롱 ㅁ,https://www.zigbang.com/home/apt/items/49395755
2026-06-17 08:46:56,빌라투룸,49392718,월세,04,전라북도 전주시 완산구 효자동3가,전주시 완산구,효자동3가,300,35,0,49.58,15.0,3,ㅁ 귀한 신축 나왔습네다ㅁ 깔끔깔끔 서두르세요ㅁ,https://www.zigbang.com/home/apt/items/49392718
2026-06-17 08:46:56,빌라투룸,49392711,월세,06,전라북도 전주시 덕진구 만성동,전주시 덕진구,만성동,5000,170,0,165.29,50.0,2,ㅁㅁ만성 최강 신축 주인세대ㅁ방마다 시스템 에어컨 ㅁ,https://www.zigbang.com/home/apt/items/49392711
2026-06-17 08:46:56,빌라투룸,49375789,월세,05,전라북도 전주시 덕진구 만성동,전주시 덕진구,만성동,1000,61,0,67.1,20.3,2,ꯁ귀한 만성동 쓰리룸ꯁ신축급 룸컨디션ꯁ7월초입주가능,https://www.zigbang.com/home/apt/items/49375789
2026-06-17 08:46:56,빌라투룸,49311873,월세,06,전라북도 전주시 덕진구 만성동,전주시 덕진구,만성동,2000,80,0,60,18.15,2,ㄴ오늘의집ㄱㄴ만성동포룸ㄱㄴ욕실2개ㄱㄴ깔끔한집,https://www.zigbang.com/home/apt/items/49311873
2026-06-17 08:46:56,빌라투룸,49300989,월세,06,전라북도 전주시 덕진구 만성동,전주시 덕진구,만성동,2000,80,0,92.56,28.0,2,V만성동포룸V애완가능V8월13이후입주V,https://www.zigbang.com/home/apt/items/49300989
2026-06-17 08:46:56,빌라투룸,49276084,월세,06,전라북도 전주시 덕진구 만성동,전주시 덕진구,만성동,2000,76,0,77,23.29,2,만성동준신축포룸0반려동물0남향0화장실2개0국민연금공단0법원,https://www.zigbang.com/home/apt/items/49276084
2026-06-17 08:46:56,빌라투룸,49141175,월세,04,전라북도 전주시 완산구 효자동3가,전주시 완산구,효자동3가,500,45,0,42.97,13.0,2,ㅁ건조기 ㅁ스텐바이미 ㅁ엘베  ㅁ풀옵션 신축 채광맛집 ㅁ,https://www.zigbang.com/home/apt/items/49141175
2026-06-17 08:46:56,빌라투룸,49165471,월세,05,전라북도 전주시 완산구 삼천동1가,전주시 완산구,삼천동1가,500,36,0,60,18.15,2,O삼천동 쓰리룸O가성비 쓰리룸O깔끔O즉시입주가능O,https://www.zigbang.com/home/apt/items/49165471
2026-06-17 08:46:56,빌라투룸,49163504,월세,04,전라북도 전주시 완산구 효자동2가,전주시 완산구,효자동2가,300,30,0,43,13.01,3,"ꯁ신시주변 귀한 2.5룸ꯁ주방,세탁실 분리형ꯁ귀한투룸매물ꯁ",https://www.zigbang.com/home/apt/items/49163504
2026-06-17 08:46:56,빌라투룸,49162278,전세,05,전라북도 전주시 완산구 효자동3가,전주시 완산구,효자동3가,6000,0,0,50,15.12,3,"깔끔한 쓰리룸 전세, 접근성 좋고, 내부 컨디션 좋음",https://www.zigbang.com/home/apt/items/49162278
2026-06-17 08:46:56,빌라투룸,49153025,월세,04,전라북도 전주시 완산구 효자동2가,전주시 완산구,효자동2가,300,28,0,43,13.01,2,ꯁ반려가능ꯁ근방 유일 투룸ꯁ신축급 깔끔 투룸ꯁ전망트인 뷰ꯁ,https://www.zigbang.com/home/apt/items/49153025
2026-06-17 08:46:56,빌라투룸,49144226,월세,04,전라북도 전주시 완산구 효자동1가,전주시 완산구,효자동1가,500,45,0,35,10.59,2,o투룸o 상태깨끗 교통편리 투룸,https://www.zigbang.com/home/apt/items/49144226
2026-06-17 08:46:56,빌라투룸,49137456,월세,04,전라북도 전주시 완산구 삼천동1가,전주시 완산구,삼천동1가,1000,56,0,40,12.1,3,삼천동 투룸 신축급 컨디션 채광좋은집 깔끔한실내 7월1일,https://www.zigbang.com/home/apt/items/49137456
2026-06-17 08:46:56,빌라투룸,49123057,월세,04,전라북도 전주시 완산구 삼천동1가,전주시 완산구,삼천동1가,1000,56,0,56.2,17.0,4,0상산고등학교0인프라굿0엘베0이사7월1일0컨디션보장0신축급,https://www.zigbang.com/home/apt/items/49123057
2026-06-17 08:46:56,빌라투룸,49115229,전세,06,전라북도 전주시 완산구 효자동3가,전주시 완산구,효자동3가,10000,0,0,85,25.71,3,ㅁㅁ정남향 포룸 대형창문 방3개ㅁㅁ,https://www.zigbang.com/home/apt/items/49115229
2026-06-17 08:46:56,빌라투룸,49108017,월세,04,전라북도 전주시 완산구 중화산동2가,전주시 완산구,중화산동2가,1000,45,0,52.89,16.0,3,ㅁ 신축ㅁ엘베ㅁ붙박이장 까쥐 ㅁ 귀한 신축입니당ㅁ,https://www.zigbang.com/home/apt/items/49108017
2026-06-17 08:46:56,빌라투룸,49085176,월세,05,전라북도 전주시 완산구 효자동2가,전주시 완산구,효자동2가,3000,45,0,82.64,25.0,2,ㅁㅁ도배는 예정입니다요 ㅁㅁ 깔끔 쓰리룸 원츄 원츄ㅁㅁ,https://www.zigbang.com/home/apt/items/49085176
2026-06-17 08:46:56,빌라투룸,49082013,월세,04,전라북도 전주시 완산구 효자동2가,전주시 완산구,효자동2가,300,41,0,40,12.1,2,O효자동 풀옵션 투룸O채광좋음O컨디션굿O협의입주O,https://www.zigbang.com/home/apt/items/49082013
2026-06-17 08:46:56,빌라투룸,49069500,월세,04,전라북도 전주시 완산구 중화산동1가,전주시 완산구,중화산동1가,300,30,0,50,15.12,4,S중화산동예수병원인근S마트도보3분S,https://www.zigbang.com/home/apt/items/49069500
2026-06-17 08:46:56,빌라투룸,49059265,월세,04,전라북도 전주시 완산구 효자동1가,전주시 완산구,효자동1가,500,45,0,40,12.1,3,"투룸 월세, 깔끔한 구조, 채광 좋음",https://www.zigbang.com/home/apt/items/49059265
2026-06-17 08:46:56,빌라투룸,49036030,월세,04,전라북도 전주시 완산구 중화산동2가,전주시 완산구,중화산동2가,1000,55,0,52.89,16.0,3,중화산동투룸ㅇ심쿵주의ㅇ 블링블링ㅇ 깔끔한 ㅇ타일로 ㅇ완벽ㅇ,https://www.zigbang.com/home/apt/items/49036030
2026-06-17 08:46:56,빌라투룸,48959227,월세,04,전라북도 전주시 완산구 효자동2가,전주시 완산구,효자동2가,500,56,0,12,3.63,2,O효자동 풀옵션 투룸O준신축O채광좋음O엘베O즉시입주O,https://www.zigbang.com/home/apt/items/48959227
2026-06-17 08:47:00,빌라투룸,49253939,전세,05,전라북도 남원시 향교동,남원시,향교동,8000,0,0,66.12,20.0,4,향교동  깨끗한 쓰리룸 전세임대 합니다,https://www.zigbang.com/home/apt/items/49253939
2026-06-17 08:47:15,빌라투룸,49299556,월세,05,전라북도 군산시 미룡동,군산시,미룡동,1000,61,0,76.03,23.0,4,에어컨2대 풀옵션 흔치않은 주인세대 전체도배 복층화장실,https://www.zigbang.com/home/apt/items/49299556
2026-06-17 08:47:15,빌라투룸,49398665,월세,04,전라북도 군산시 오식도동,군산시,오식도동,100,35,0,40,12.1,2,조용하고 한적한위치,https://www.zigbang.com/home/apt/items/49398665
2026-06-17 08:47:15,빌라투룸,49398634,월세,05,전라북도 군산시 오식도동,군산시,오식도동,200,53,0,60,18.15,4,남동향 환하고 트인집,https://www.zigbang.com/home/apt/items/49398634
2026-06-17 08:47:15,빌라투룸,49398520,월세,04,전라북도 군산시 오식도동,군산시,오식도동,100,35,0,40.8,12.34,4,번화가위치  투룸,https://www.zigbang.com/home/apt/items/49398520
2026-06-17 08:47:15,빌라투룸,49398497,월세,04,전라북도 군산시 오식도동,군산시,오식도동,100,35,0,40.1,12.13,2,화장실2  남향투룸,https://www.zigbang.com/home/apt/items/49398497
2026-06-17 08:47:15,빌라투룸,49287523,월세,04,전라북도 군산시 오식도동,군산시,오식도동,100,45,0,33,9.98,2,화장실2개 투룸,https://www.zigbang.com/home/apt/items/49287523
2026-06-17 08:47:15,빌라투룸,49224628,월세,04,전라북도 군산시 오식도동,군산시,오식도동,100,30,0,33,9.98,2,단기가능 해잘들고 위치좋음 투룸,https://www.zigbang.com/home/apt/items/49224628
2026-06-17 08:47:15,빌라투룸,49224615,월세,04,전라북도 군산시 오식도동,군산시,오식도동,100,35,0,32,9.68,3,위치좋고 구조 좋은 투룸,https://www.zigbang.com/home/apt/items/49224615
2026-06-17 08:47:15,빌라투룸,49112782,월세,05,전라북도 군산시 오식도동,군산시,오식도동,200,51,0,40,12.1,4,화장실 2개 쓰리룸 단기가능,https://www.zigbang.com/home/apt/items/49112782
2026-06-17 08:47:15,빌라투룸,49112780,월세,04,전라북도 군산시 오식도동,군산시,오식도동,100,35,0,35.13,10.63,3,준신축 새만금캠퍼스 인근 투룸,https://www.zigbang.com/home/apt/items/49112780
2026-06-17 08:47:19,빌라투룸,49358638,월세,05,전라북도 익산시 남중동,익산시,남중동,500,56,0,102,30.85,4,"AA 남중동,주인세대,임대,남향",https://www.zigbang.com/home/apt/items/49358638
2026-06-17 08:47:19,빌라투룸,49348391,월세,04,전라북도 익산시 신흥동,익산시,신흥동,300,35,0,40,12.1,2,AA 신흥동 공단근처 투룸,https://www.zigbang.com/home/apt/items/49348391
2026-06-17 08:47:19,빌라투룸,49232977,월세,04,전라북도 익산시 신흥동,익산시,신흥동,300,35,0,39.67,12.0,2,"Oo공단인근 투룸oO주차굿, 안락함oO",https://www.zigbang.com/home/apt/items/49232977
2026-06-17 08:47:19,빌라투룸,49324011,월세,04,전라북도 전주시 덕진구 여의동2가,전주시 덕진구,여의동2가,500,43,0,52.89,16.0,3,여의동투룸ㅇ이쁨ㅇ옵션좋음ㅇ편한주차ㅇ딱하나뿐ㅇ깨끗ㅇ살기좋은집,https://www.zigbang.com/home/apt/items/49324011
2026-06-17 08:47:19,빌라투룸,49323984,월세,04,전라북도 전주시 덕진구 여의동2가,전주시 덕진구,여의동2가,500,40,0,52.89,16.0,3,ㅁㅁ초대형투룸ㅁ위치최고ㅁ여의동귀한매물ㅁ즉시입주가능ㅁㅁ,https://www.zigbang.com/home/apt/items/49323984
2026-06-17 08:47:19,빌라투룸,49139700,월세,04,전라북도 전주시 덕진구 여의동2가,전주시 덕진구,여의동2가,500,40,0,52.89,16.0,2,신축v대형투룸v탁트인뷰v깨끗v이쁨이쁨v귀한매물v살기좋은투룸,https://www.zigbang.com/home/apt/items/49139700
2026-06-17 08:47:19,빌라투룸,49227326,월세,04,전라북도 완주군 삼례읍 삼례리,완주군,삼례읍,500,50,0,50,15.12,3,ꗄꗄ신축급ꗄꗄ풀옵션ꗄꗄ엘베ꗄꗄBEST투룸ꗄꗄ안심주택ꗄꗄ깔끔,https://www.zigbang.com/home/apt/items/49227326
2026-06-17 08:47:20,빌라투룸,49195050,월세,04,전라북도 전주시 덕진구 호성동1가,전주시 덕진구,호성동1가,1000,30,0,52.89,16.0,2,호성동귀한투룸v상권최상v엘베v깨끗깔끔v탁트인뷰v옵션좋음v짱,https://www.zigbang.com/home/apt/items/49195050
2026-06-17 08:47:22,빌라투룸,49385541,월세,04,충청남도 논산시 취암동,논산시,취암동,1000,70,0,62.7,18.97,4,올리모델링 되어 있는 신혼집 같은 쓰리룸,https://www.zigbang.com/home/apt/items/49385541
2026-06-17 08:47:22,빌라투룸,49348798,월세,04,충청남도 논산시 취암동,논산시,취암동,1000,60,0,50,15.12,2,취암동 생활권 좋은 투룸,https://www.zigbang.com/home/apt/items/49348798
2026-06-17 08:47:22,빌라투룸,49333090,전세,04,충청남도 논산시 취암동,논산시,취암동,12000,0,0,56.2,17.0,3,내부구조가 아파트 구조같음,https://www.zigbang.com/home/apt/items/49333090
2026-06-17 08:47:22,빌라투룸,49326838,전세,04,충청남도 논산시 취암동,논산시,취암동,12000,0,0,59,17.85,4,취암동 신축 투룸입니다,https://www.zigbang.com/home/apt/items/49326838
2026-06-17 08:47:22,빌라투룸,49287573,월세,04,충청남도 논산시 취암동,논산시,취암동,500,60,0,52.89,16.0,2,풀옵션이고 거실이 엄청 큼,https://www.zigbang.com/home/apt/items/49287573
2026-06-17 08:47:22,빌라투룸,49241433,전세,04,충청남도 논산시 연무읍 안심리,논산시,연무읍,6500,0,0,66.12,20.0,1,전원생활을느낄수있는집입니다.풀옵션입니다.,https://www.zigbang.com/home/apt/items/49241433
2026-06-17 08:47:23,빌라투룸,49345394,전세,04,충청남도 보령시 남포면 창동리,보령시,남포면,8000,0,0,58.4,17.67,3,남포 창동리 보건소 근처 204년생 깔끔한 빌라 전세,https://www.zigbang.com/home/apt/items/49345394
2026-06-17 08:47:23,빌라투룸,49209233,월세,04,충청남도 보령시 명천동,보령시,명천동,1000,55,0,55,16.64,4,풀옵션 방2개 투룸,https://www.zigbang.com/home/apt/items/49209233
2026-06-17 08:47:23,빌라투룸,49208557,월세,04,충청남도 보령시 명천동,보령시,명천동,6000,20,0,47,14.22,3,"초,중 도보3분이내,생활권편리",https://www.zigbang.com/home/apt/items/49208557
2026-06-17 08:47:24,빌라투룸,49327815,전세,04,충청남도 보령시 동대동,보령시,동대동,9000,0,0,60,18.15,3,인테리어가 예쁘고 생활권 편리한 위치 투룸,https://www.zigbang.com/home/apt/items/49327815
2026-06-17 08:47:24,빌라투룸,49208574,전세,04,충청남도 보령시 동대동,보령시,동대동,8000,0,0,48,14.52,4,"보증금조율가능,풀옵션,방2,거실,편리한생활권",https://www.zigbang.com/home/apt/items/49208574
2026-06-17 08:47:24,빌라투룸,49168773,월세,04,충청남도 보령시 동대동,보령시,동대동,500,50,0,39.67,12.0,3,"신설사거리 근처 방2,주방겸거실 구조로 해가 잘 들어와요",https://www.zigbang.com/home/apt/items/49168773
2026-06-17 08:47:24,빌라투룸,49359264,월세,04,충청남도 보령시 대천동,보령시,대천동,2000,60,0,48,14.52,4,"시내중심신축, 방2화2,넓게 빠진 투룸",https://www.zigbang.com/home/apt/items/49359264
2026-06-17 08:47:24,빌라투룸,49345386,전세,05,충청남도 보령시 대천동,보령시,대천동,14000,0,0,56.15,16.99,3,"대천여고 근처 2017년생  세련된 인터리어, 조용한 빌라",https://www.zigbang.com/home/apt/items/49345386
2026-06-17 08:47:24,빌라투룸,49338415,월세,04,충청남도 보령시 동대동,보령시,동대동,500,50,0,47,14.22,1,"넓은 투룸,옵션있음,생활권편리",https://www.zigbang.com/home/apt/items/49338415
2026-06-17 08:47:24,빌라투룸,49324052,월세,04,충청남도 보령시 대천동,보령시,대천동,2000,60,0,59,17.85,4,"거실,방2,화2구조로 신혼부부, 직장인 추천드려요",https://www.zigbang.com/home/apt/items/49324052
2026-06-17 08:47:24,빌라투룸,49223134,월세,05,충청남도 보령시 대천동,보령시,대천동,500,60,0,49,14.82,2,"대천변 2층으로 방3,화1구조 화장실 리모델링됨",https://www.zigbang.com/home/apt/items/49223134
2026-06-17 08:47:24,빌라투룸,49196837,월세,05,충청남도 보령시 대천동,보령시,대천동,500,60,0,49,14.82,2,대천동 구시 재래시장 농협마트 가까운 3룸  즉시입주,https://www.zigbang.com/home/apt/items/49196837
2026-06-17 08:47:24,빌라투룸,49138711,월세,04,충청남도 보령시 대천동,보령시,대천동,5000,40,0,48,14.52,2,"대천동 시내가까움, 엘레베이터있음,방2,거실",https://www.zigbang.com/home/apt/items/49138711
2026-06-17 08:47:23,빌라투룸,49388007,월세,04,충청남도 보령시 명천동,보령시,명천동,2000,60,0,60,18.15,2,신축급 투룸 월세 보증금 조절가능,https://www.zigbang.com/home/apt/items/49388007
2026-06-17 08:47:23,빌라투룸,49388002,월세,04,충청남도 보령시 명천동,보령시,명천동,1000,70,0,60,18.15,2,인프라좋은 신축급 월세 보증금 조절가능,https://www.zigbang.com/home/apt/items/49388002
2026-06-17 08:47:23,빌라투룸,49388000,월세,04,충청남도 보령시 명천동,보령시,명천동,3000,55,0,60,18.15,2,옵션있는신축급 투룸,https://www.zigbang.com/home/apt/items/49388000
2026-06-17 08:47:23,빌라투룸,49328652,월세,04,충청남도 보령시 명천동,보령시,명천동,4000,50,0,60,18.15,2,신축급 월세  보증금 조절가능,https://www.zigbang.com/home/apt/items/49328652
2026-06-17 08:47:23,빌라투룸,49327612,월세,04,충청남도 보령시 명천동,보령시,명천동,2000,65,0,50,15.12,2,명천택지 투룸,https://www.zigbang.com/home/apt/items/49327612
2026-06-17 08:47:23,빌라투룸,49303005,월세,04,충청남도 보령시 명천동,보령시,명천동,2000,80,0,55,16.64,2,명천택지 깨끗한 투룸,https://www.zigbang.com/home/apt/items/49303005
2026-06-17 08:47:23,빌라투룸,49003775,월세,04,충청남도 보령시 명천동,보령시,명천동,1000,80,0,50,15.12,2,즉시입주 명천택지 투룸,https://www.zigbang.com/home/apt/items/49003775
2026-06-17 08:47:30,빌라투룸,49274291,월세,04,세종시 장군면 봉안리,,장군면,500,60,0,40,12.1,3,"전자계산서발행가능,고운동,다정동5분,거실넓은풀옵션깔끔투룸",https://www.zigbang.com/home/apt/items/49274291
2026-06-17 08:47:30,빌라투룸,49372751,월세,04,세종시 장군면 봉안리,,장군면,500,60,0,38,11.49,3,"도로변 큰길가, 다정동,고운동 5분,폴풀션 넓은 투룸 월세",https://www.zigbang.com/home/apt/items/49372751
2026-06-17 08:47:30,빌라투룸,49168633,월세,04,세종시 장군면 봉안리,,장군면,300,60,0,38,11.49,3,"대출없음.새롬동,나성동,월송동10분 주방분리형 풀옵션 투룸",https://www.zigbang.com/home/apt/items/49168633
2026-06-17 08:47:39,빌라투룸,49326706,월세,04,대전시 서구 관저동,서구,관저동,3000,70,0,29.82,9.02,3,Oo반려동물가능v붙박이v중문v신축급풀옵션투룸v엘베oO,https://www.zigbang.com/home/apt/items/49326706
2026-06-17 08:47:39,빌라투룸,49326626,월세,04,대전시 서구 관저동,서구,관저동,2000,70,0,29.89,9.04,3,Oo반려동물가능v중문v붙박이v보증금조절가능v엘베oO,https://www.zigbang.com/home/apt/items/49326626
2026-06-17 08:47:39,빌라투룸,49199820,월세,05,대전시 서구 관저동,서구,관저동,5000,100,0,90,27.22,2,통창 뷰 채광 완벽한  ꕥ쓰리룸ꕥ 대전 전지역 매물보유,https://www.zigbang.com/home/apt/items/49199820
2026-06-17 08:47:39,빌라투룸,49199746,월세,04,대전시 서구 관저동,서구,관저동,2000,70,0,60,18.15,3,서대전IC부근 채광좋은집 ꕥ투룸ꕥ 대전 전지역 매물보유,https://www.zigbang.com/home/apt/items/49199746
2026-06-17 08:47:39,빌라투룸,49199692,월세,05,대전시 서구 관저동,서구,관저동,5000,100,0,90,27.22,2,신축 채광좋고 통창 뷰  ꕥ쓰리룸ꕥ 대전 전지역 매물보유,https://www.zigbang.com/home/apt/items/49199692
2026-06-17 08:47:39,빌라투룸,49199100,월세,04,대전시 서구 관저동,서구,관저동,2000,60,0,55,16.64,3,컨디션 최상 BEST 완벽 ꕥ투룸ꕥ 대전 전지역 매물보유,https://www.zigbang.com/home/apt/items/49199100
2026-06-17 08:47:39,빌라투룸,49167600,월세,04,대전시 서구 관저동,서구,관저동,3000,70,0,29.91,9.05,3,"풀옵션ㅣ애견동반 가능, 주방 분리, 붙박이장",https://www.zigbang.com/home/apt/items/49167600
2026-06-17 08:47:39,빌라투룸,49150650,월세,04,대전시 서구 관저동,서구,관저동,3000,70,0,29.91,9.05,3,애견가능한.풀옵션 투룸.즉시입주가능한.위치좋은 신축,https://www.zigbang.com/home/apt/items/49150650
2026-06-17 08:47:39,빌라투룸,49136504,월세,05,대전시 서구 관저동,서구,관저동,1000,120,0,41.77,12.64,4,"O보증금월세조절O 신축쓰리룸, 단독테라스 O 주차완비",https://www.zigbang.com/home/apt/items/49136504
2026-06-17 08:47:39,빌라투룸,49133521,월세,05,대전시 서구 관저동,서구,관저동,1000,110,0,57.32,17.34,4,II보증금 월세 조절II 복층로망 신축 세련된 인테리어 O,https://www.zigbang.com/home/apt/items/49133521
2026-06-17 08:47:39,빌라투룸,49128842,월세,05,대전시 서구 관저동,서구,관저동,3000,110,0,50.87,15.39,2,"l보증금 월세 조절 가능 쓰리룸 , 아일랜드 식탁l",https://www.zigbang.com/home/apt/items/49128842
2026-06-17 08:47:39,빌라투룸,49225188,월세,04,대전시 유성구 계산동,유성구,계산동,1000,70,0,62.12,18.79,2,너무큰투룸 공원인접 조용한주택가,https://www.zigbang.com/home/apt/items/49225188
2026-06-17 08:47:39,빌라투룸,49213960,월세,04,대전시 유성구 계산동,유성구,계산동,1000,70,0,75,22.69,2,주인세대급 초대형 확트인거실 공기 좋은 숲세권 ㅣ계약임박ㅣ,https://www.zigbang.com/home/apt/items/49213960
2026-06-17 08:47:39,빌라투룸,49208173,월세,04,대전시 유성구 계산동,유성구,계산동,2000,45,0,50,15.12,2,S 반려동물가능 S 대형투룸 특가임대 거실1 방2 계산동,https://www.zigbang.com/home/apt/items/49208173
2026-06-17 08:47:39,빌라투룸,49206700,월세,04,대전시 유성구 계산동,유성구,계산동,3000,40,0,57,17.24,2,SS 대형투룸 BIG거실 밝은집 특가임대,https://www.zigbang.com/home/apt/items/49206700
2026-06-17 08:47:39,빌라투룸,49199094,월세,04,대전시 유성구 학하동,유성구,학하동,3000,70,0,60,18.15,3,신축 중문 울트라거실 ㄱ주방 ꕥ투룸ꕥ 대전 전지역 매물보유,https://www.zigbang.com/home/apt/items/49199094
2026-06-17 08:47:39,빌라투룸,49163125,월세,04,대전시 유성구 계산동,유성구,계산동,1000,70,0,55,16.64,2,ㅣ극 가성비 0 거대한 투룸 0 올 화이트톤 0 ㅣ,https://www.zigbang.com/home/apt/items/49163125
2026-06-17 08:47:39,빌라투룸,49156918,월세,05,대전시 유성구 학하동,유성구,학하동,3000,105,0,72.1,21.81,3,시스템에어컨2대 이쁜신축 시스템행거,https://www.zigbang.com/home/apt/items/49156918
2026-06-17 08:47:39,빌라투룸,49156820,월세,05,대전시 유성구 학하동,유성구,학하동,4000,100,0,72.1,21.81,3,시스템에어컨2대 이쁜신축 시스템행거,https://www.zigbang.com/home/apt/items/49156820
2026-06-17 08:47:39,빌라투룸,49142037,월세,05,대전시 유성구 학하동,유성구,학하동,4000,100,0,72.1,21.81,3,ꯊ 신축. 시스템에어컨 2대. 드레스룸포함 4룸. 학하동.,https://www.zigbang.com/home/apt/items/49142037
2026-06-17 08:47:39,빌라투룸,49135778,월세,05,대전시 유성구 학하동,유성구,학하동,4000,100,0,95,28.74,3,최고급자재사용한 멋진 학하동 쓰리름 월세,https://www.zigbang.com/home/apt/items/49135778
2026-06-17 08:47:39,빌라투룸,49098711,월세,04,대전시 유성구 계산동,유성구,계산동,3000,60,0,54.6,16.52,3,공원근처 조용한주택가 가성비신축,https://www.zigbang.com/home/apt/items/49098711
2026-06-17 08:47:39,빌라투룸,48941497,월세,04,대전시 유성구 계산동,유성구,계산동,1000,70,0,66.12,20.0,2,사이즈 좋은 투룸 o 엘리베이터 o 준신축,https://www.zigbang.com/home/apt/items/48941497
2026-06-17 08:47:39,빌라투룸,49397937,월세,04,대전시 유성구 구암동,유성구,구암동,1000,70,0,55,16.64,2,"S 덕명동 S 거실넓은 투룸, 착한월세 , 채광굿",https://www.zigbang.com/home/apt/items/49397937
2026-06-17 08:47:39,빌라투룸,49396793,월세,04,대전시 유성구 구암동,유성구,구암동,1000,70,0,48.12,14.56,2,공원근처 주변맛집인프라 조용한주택가,https://www.zigbang.com/home/apt/items/49396793
2026-06-17 08:47:39,빌라투룸,49396414,월세,04,대전시 유성구 구암동,유성구,구암동,1000,70,0,48.12,14.56,2,공원근처 주변맛집인프라 조용한주택가,https://www.zigbang.com/home/apt/items/49396414
2026-06-17 08:47:39,빌라투룸,49362903,월세,04,대전시 유성구 덕명동,유성구,덕명동,1000,65,0,50,15.12,2,ꯊ 신축. 주차좋은 정투룸. 덕명동.,https://www.zigbang.com/home/apt/items/49362903
2026-06-17 08:47:39,빌라투룸,49341548,월세,04,대전시 유성구 덕명동,유성구,덕명동,1000,65,0,55,16.64,3,"S 덕명동 S 신축급 거실넓은 투룸, 반려동물OK ,EV",https://www.zigbang.com/home/apt/items/49341548
2026-06-17 08:47:39,빌라투룸,49340647,월세,04,대전시 유성구 구암동,유성구,구암동,2000,65,0,50,15.12,2,ꯊ 세탁기. 채광좋은 남동향 투룸. 구암동.,https://www.zigbang.com/home/apt/items/49340647
2026-06-17 08:47:39,빌라투룸,49340583,월세,04,대전시 유성구 덕명동,유성구,덕명동,1000,65,0,58.13,17.58,3,반려 동물 가능ㅣ착한가격ㅣ주차 굿ㅣ실물깡패,https://www.zigbang.com/home/apt/items/49340583
2026-06-17 08:47:39,빌라투룸,49338322,월세,04,대전시 유성구 덕명동,유성구,덕명동,1000,65,0,49.59,15.0,3,S 반려동물가능 S 신축급 풀옵션투룸 대형 EV 주차완비,https://www.zigbang.com/home/apt/items/49338322
2026-06-17 08:47:39,빌라투룸,49282637,월세,04,대전시 유성구 덕명동,유성구,덕명동,3000,40,0,52,15.73,3,가성비 BEST 덕명네거리 인근 넓은 거실 채광좋은 투룸,https://www.zigbang.com/home/apt/items/49282637
2026-06-17 08:47:40,빌라투룸,49322005,월세,04,대전시 동구 낭월동,동구,낭월동,500,45,0,50,15.12,2,ꯁꯁ풀옵션ꯁꯁ 청소후입주 주차굿 남대전IC,https://www.zigbang.com/home/apt/items/49322005
2026-06-17 08:47:40,빌라투룸,49232902,월세,04,대전시 동구 낭월동,동구,낭월동,1000,55,0,52.9,16.0,2,ㅡㅡ 세탁기옵션 ㅡㅡ 남대전IC 직장인선호위치 인기매물,https://www.zigbang.com/home/apt/items/49232902
2026-06-17 08:47:41,빌라투룸,49383843,월세,04,대전시 유성구 신성동,유성구,신성동,800,50,0,50,15.12,3,"1번버스라인 편의시설 근접, 넓은 투룸",https://www.zigbang.com/home/apt/items/49383843
2026-06-17 08:47:41,빌라투룸,49337289,월세,04,대전시 유성구 신성동,유성구,신성동,1000,40,0,53,16.03,5,신성대림 18평 넓고 큰 투룸 올리모델링 된 투룸,https://www.zigbang.com/home/apt/items/49337289
2026-06-17 08:47:41,빌라투룸,49277029,월세,05,대전시 유성구 신성동,유성구,신성동,3000,80,0,90,27.22,4,II보증금 월세 조절II 올 화이트톤 극가성비 신축 채광O,https://www.zigbang.com/home/apt/items/49277029
2026-06-17 08:47:41,빌라투룸,49273052,월세,04,대전시 유성구 신성동,유성구,신성동,2000,60,0,53,16.03,4,"신성대림 올리모델링 첫입주,신축급 컨디션, 풀옵션완비 투룸",https://www.zigbang.com/home/apt/items/49273052
2026-06-17 08:47:41,빌라투룸,49259944,월세,04,대전시 유성구 반석동,유성구,반석동,1000,40,0,49.59,15.0,4,가성비 최강저렴한 투룸,https://www.zigbang.com/home/apt/items/49259944
2026-06-17 08:47:41,빌라투룸,49259900,월세,05,대전시 유성구 반석동,유성구,반석동,3000,80,0,80,24.2,3,채광좋은 넎은 쓰리룸,https://www.zigbang.com/home/apt/items/49259900
2026-06-17 08:47:41,빌라투룸,49233754,월세,04,대전시 유성구 반석동,유성구,반석동,1000,50,0,49.59,15.0,2,가성비 좋은 일반형 투룸,https://www.zigbang.com/home/apt/items/49233754
2026-06-17 08:47:41,빌라투룸,49233380,월세,04,대전시 유성구 반석동,유성구,반석동,2000,40,0,39.67,12.0,2,투룸 풀옵션 반석역 근처,https://www.zigbang.com/home/apt/items/49233380
2026-06-17 08:47:41,빌라투룸,49115741,월세,04,대전시 유성구 신성동,유성구,신성동,1000,50,0,45,13.61,1,신성대림 올리모델링 생활 인프라가 좋은 위치의 넓은 투룸,https://www.zigbang.com/home/apt/items/49115741
2026-06-17 08:47:41,빌라투룸,49069785,월세,04,대전시 유성구 신성동,유성구,신성동,500,50,0,45,13.61,2,신성대림 생활 인프라가 좋은 위치의 채광 좋은 넓은 투룸,https://www.zigbang.com/home/apt/items/49069785
2026-06-17 08:47:41,빌라투룸,48988422,전세,06,대전시 유성구 지족동,유성구,지족동,23000,0,0,150.11,45.41,4,ㅣ미친 테라스ㅣ대형 사이즈ㅣ주인세대ㅣ안전전세,https://www.zigbang.com/home/apt/items/48988422
2026-06-17 08:47:42,빌라투룸,49368924,월세,04,세종시 금남면 용포리,,금남면,300,65,0,46.28,14.0,2,즉시입주가능한 투룸입니다.,https://www.zigbang.com/home/apt/items/49368924
2026-06-17 08:47:42,빌라투룸,49165055,월세,04,세종시 금남면 용포리,,금남면,300,60,0,46.28,14.0,2,O골드공인중개사사무소 7월중 입주가능한 풀옵션 투룸입니다.,https://www.zigbang.com/home/apt/items/49165055
2026-06-17 08:47:42,빌라투룸,49091469,월세,04,세종시 금남면 용포리,,금남면,5000,15,0,33.06,10.0,2,"협의입주가능, 반전세가능",https://www.zigbang.com/home/apt/items/49091469
2026-06-17 08:47:42,빌라투룸,49091452,전세,04,세종시 금남면 용포리,,금남면,7000,0,0,33.06,10.0,2,O골드공인중개사사무소O협의입주가능한 풀옵션 전세,https://www.zigbang.com/home/apt/items/49091452
2026-06-17 08:47:42,빌라투룸,49091178,전세,05,세종시 금남면 용포리,,금남면,15000,0,0,99.17,30.0,4,풀옵션 주인세대입니다.,https://www.zigbang.com/home/apt/items/49091178
2026-06-17 08:47:42,빌라투룸,49267416,월세,05,대전시 유성구 전민동,유성구,전민동,2000,100,0,79.02,23.9,3,"O 미친감성 단독옥상 신축 쓰리룸, 올 리모델링 채광맛집O",https://www.zigbang.com/home/apt/items/49267416
2026-06-17 08:47:42,빌라투룸,49243310,월세,04,세종시 연기면 연기리,,연기면,200,60,0,46.28,14.0,4,엄지척 투룸 세종.부강.오송 ㅁ,https://www.zigbang.com/home/apt/items/49243310
2026-06-17 08:47:42,빌라투룸,49204104,월세,04,세종시 연서면 봉암리,,연서면,300,55,0,46.28,14.0,4,ㅁ 엄지척 층고높은 투룸 ㅁ,https://www.zigbang.com/home/apt/items/49204104
2026-06-17 08:47:42,빌라투룸,49072618,월세,04,세종시 연기면 연기리,,연기면,200,63,0,51.89,15.7,2,ㅁ 엄지척 큰투룸 ㅁ  부강.세종근접 ㅁ,https://www.zigbang.com/home/apt/items/49072618
2026-06-17 08:47:42,빌라투룸,49057857,월세,04,세종시 연기면 연기리,,연기면,200,55,0,46.28,14.0,4,ㅁ 엄지척 투룸 단기가능 ㅡ 세종근접ㅡㅁ,https://www.zigbang.com/home/apt/items/49057857
2026-06-17 08:47:42,빌라투룸,49004105,월세,05,세종시 연기면 보통리,,연기면,500,78,0,58,17.54,4,ㅁ엄지척ㅁ3룸 각방에어컨 ㅁ 보증금월세변동가능,https://www.zigbang.com/home/apt/items/49004105
2026-06-17 08:47:42,빌라투룸,49388982,월세,04,세종시 부강면 부강리,,부강면,500,65,0,49.59,15.0,2,대박 신축 2룸,https://www.zigbang.com/home/apt/items/49388982
2026-06-17 08:47:42,빌라투룸,49388277,월세,04,세종시 부강면 부강리,,부강면,500,65,0,60,18.15,3,지원l기숙사형2룸l화장실2개l각방에에어컨과티비별도설치,https://www.zigbang.com/home/apt/items/49388277
2026-06-17 08:47:42,빌라투룸,49361017,월세,04,세종시 부강면 부강리,,부강면,300,50,0,42.98,13.0,4,대박 가성비 투룸,https://www.zigbang.com/home/apt/items/49361017
2026-06-17 08:47:42,빌라투룸,49361004,월세,04,세종시 부강면 부강리,,부강면,100,40,0,33.06,10.0,2,대박 미니투룸,https://www.zigbang.com/home/apt/items/49361004
2026-06-17 08:47:42,빌라투룸,49333354,월세,04,세종시 부강면 부강리,,부강면,500,65,0,55,16.64,2,지원l2룸l바로앞편의점l에어컨2대l풀옵션l깨끗한 방,https://www.zigbang.com/home/apt/items/49333354
2026-06-17 08:47:42,빌라투룸,49332471,전세,04,세종시 부강면 부강리,,부강면,6500,0,0,55,16.64,3,지원l깨끗한2룸전세l위치최상l부강역인근,https://www.zigbang.com/home/apt/items/49332471
2026-06-17 08:47:42,빌라투룸,49211413,월세,04,세종시 부강면 부강리,,부강면,500,60,0,66,19.96,4,l전속l오늘확인매물l테라스 대형2룸 즉시입주,https://www.zigbang.com/home/apt/items/49211413
2026-06-17 08:47:42,빌라투룸,49174030,월세,04,세종시 부강면 부강리,,부강면,500,60,0,59.4,17.97,5,대박 리모델링 단기가능 에어컨 2대,https://www.zigbang.com/home/apt/items/49174030
2026-06-17 08:47:42,빌라투룸,49068704,월세,04,세종시 부강면 부강리,,부강면,200,70,0,59.5,18.0,3,"지원l2룸l1,2,3개월가능l즉시입주l신축풀옵션",https://www.zigbang.com/home/apt/items/49068704
2026-06-17 08:47:47,빌라투룸,49199858,월세,04,경상남도 진주시 평거동,진주시,평거동,2000,51,0,55,16.64,2,㉧ㅡ서빈No.1구해줘홈즈ㅡ㉧추천BEST꿀방,https://www.zigbang.com/home/apt/items/49199858
2026-06-17 08:47:47,빌라투룸,49093583,월세,04,경상남도 진주시 평거동,진주시,평거동,1000,48,0,50,15.12,2,평거동 엘리베이터 O 거실 넓은 근저당X 안전한 집,https://www.zigbang.com/home/apt/items/49093583
2026-06-17 08:47:47,빌라투룸,49296470,월세,04,경상남도 진주시 상봉동,진주시,상봉동,2500,30,0,59.5,18.0,1,상봉동 애완동물 가능하고 깔끔한 리모델링 단독주택 투룸,https://www.zigbang.com/home/apt/items/49296470
2026-06-17 08:47:47,빌라투룸,49271034,월세,04,경상남도 진주시 봉래동,진주시,봉래동,500,40,0,56.2,17.0,4,ㅇㅡ베스트 추천ㅡㅇ 풀옵션 투룸 정남향 꿀방,https://www.zigbang.com/home/apt/items/49271034
2026-06-17 08:47:48,빌라투룸,49390840,월세,04,경상남도 진주시 초전동,진주시,초전동,2000,61,0,60,18.15,2,㉧ㅡ서빈No.1구해줘홈즈ㅡ㉧추천BEST꿀방,https://www.zigbang.com/home/apt/items/49390840
2026-06-17 08:47:48,빌라투룸,49317872,전세,05,경상남도 진주시 초전동,진주시,초전동,19000,0,0,110,33.27,3,시스템에어컨 바닥 폴리싱타일 고급 인테리어 전월세 조율가능,https://www.zigbang.com/home/apt/items/49317872
2026-06-17 08:47:48,빌라투룸,49235588,월세,04,경상남도 진주시 초전동,진주시,초전동,2000,60,0,67,20.27,2,인테리어 최상 채광 좋고 구조가 너무 좋네요,https://www.zigbang.com/home/apt/items/49235588
2026-06-17 08:47:48,빌라투룸,49197871,월세,04,경상남도 진주시 초전동,진주시,초전동,2000,51,0,60,18.15,2,㉧ㅡ서빈No.1구해줘홈즈ㅡ㉧추천BEST꿀방,https://www.zigbang.com/home/apt/items/49197871
2026-06-17 08:47:48,빌라투룸,49153977,월세,04,경상남도 진주시 초전동,진주시,초전동,1000,60,0,62,18.75,2,전월세 조율 가능 막힘 없는 뷰와 내부 인테리어 최상,https://www.zigbang.com/home/apt/items/49153977
2026-06-17 08:47:53,빌라투룸,49215125,월세,05,경상남도 창원시 진해구 여좌동,창원시 진해구,여좌동,1000,61,0,66.12,20.0,3,"전진   미고문단 군부대 인근, 풀옵션,  쓰리룸",https://www.zigbang.com/home/apt/items/49215125
2026-06-17 08:47:53,빌라투룸,49380625,월세,04,경상남도 창원시 마산회원구 양덕동,창원시 마산회원구,양덕동,8000,30,0,56,16.94,2,LH가능.양덕초 뒤편 신축급 정남향 거실넓은 빌라 투룸.,https://www.zigbang.com/home/apt/items/49380625
2026-06-17 08:47:53,빌라투룸,49356672,월세,04,경상남도 창원시 마산회원구 양덕동,창원시 마산회원구,양덕동,1000,43,0,30.12,9.11,2,양덕초등학교인근 깔끔한 투룸,https://www.zigbang.com/home/apt/items/49356672
2026-06-17 08:47:53,빌라투룸,49356671,월세,04,경상남도 창원시 마산회원구 양덕동,창원시 마산회원구,양덕동,2000,60,0,58.94,17.83,3,양덕동 새마을금고 인근 넓은 거실있는 투룸,https://www.zigbang.com/home/apt/items/49356671
2026-06-17 08:47:53,빌라투룸,49333769,월세,04,경상남도 창원시 마산회원구 양덕동,창원시 마산회원구,양덕동,1000,30,0,52.99,16.03,4,양덕동  고속버스터미널인근 방2거실 남향,https://www.zigbang.com/home/apt/items/49333769
2026-06-17 08:47:53,빌라투룸,49319857,전세,04,경상남도 창원시 마산회원구 양덕동,창원시 마산회원구,양덕동,7000,0,0,48.33,14.62,1,양덕동 고속터미널인근 방2  올리모델링,https://www.zigbang.com/home/apt/items/49319857
2026-06-17 08:47:53,빌라투룸,49277159,월세,04,경상남도 창원시 마산회원구 양덕동,창원시 마산회원구,양덕동,5000,40,0,39.57,11.97,3,양덕동 중앙시장인근 방2  거실 대출가능,https://www.zigbang.com/home/apt/items/49277159
2026-06-17 08:47:53,빌라투룸,49256556,월세,04,경상남도 창원시 마산회원구 양덕동,창원시 마산회원구,양덕동,300,37,0,39.57,11.97,3,양덕동 고속버스터미널인근 방2 풀옵션,https://www.zigbang.com/home/apt/items/49256556
2026-06-17 08:47:53,빌라투룸,49208778,월세,04,경상남도 창원시 마산회원구 양덕동,창원시 마산회원구,양덕동,1000,60,0,66.12,20.0,3,양덕초 맞은편 거실넓은 투룸,https://www.zigbang.com/home/apt/items/49208778
2026-06-17 08:47:53,빌라투룸,49205302,월세,04,경상남도 창원시 마산합포구 산호동,창원시 마산합포구,산호동,500,45,0,45,13.61,3,산호경동리인인근 풀옵션있는 투룸. 반려묘 가능,https://www.zigbang.com/home/apt/items/49205302
2026-06-17 08:47:53,빌라투룸,49133065,월세,05,경상남도 창원시 마산회원구 양덕동,창원시 마산회원구,양덕동,5000,20,0,44.2,13.37,1,양덕동 중앙시장인근 방3 올전세  lh가능,https://www.zigbang.com/home/apt/items/49133065
2026-06-17 08:47:53,빌라투룸,49108784,매매,04,경상남도 창원시 마산회원구 양덕동,창원시 마산회원구,양덕동,9000,0,9000,56.63,17.13,3,양덕동 홈플 인근  올리모델링 방2,https://www.zigbang.com/home/apt/items/49108784
2026-06-17 08:47:53,빌라투룸,49377927,월세,04,경상남도 창원시 성산구 반지동,창원시 성산구,반지동,1000,50,0,61,18.45,2,ㅁHAPPYㅁ 반지동 베란다 있고 넓은 구조 투룸,https://www.zigbang.com/home/apt/items/49377927
2026-06-17 08:47:53,빌라투룸,49363496,월세,05,경상남도 창원시 의창구 명서동,창원시 의창구,명서동,1000,70,0,53,16.03,2,2019년식 준신축급 컨디션 복층형 쓰리룸,https://www.zigbang.com/home/apt/items/49363496
2026-06-17 08:47:53,빌라투룸,49288374,월세,04,경상남도 창원시 성산구 반지동,창원시 성산구,반지동,1000,40,0,50,15.12,2,ㅁHAPPYㅁ 반지동 투룸 도배장판 재시공예정,https://www.zigbang.com/home/apt/items/49288374
2026-06-17 08:47:53,빌라투룸,49081589,월세,05,경상남도 창원시 성산구 반지동,창원시 성산구,반지동,2000,60,0,67,20.27,1,ㅁHAPPYㅁ 봉곡동 주인채 쓰리룸,https://www.zigbang.com/home/apt/items/49081589
2026-06-17 08:47:54,빌라투룸,49393273,월세,04,경상남도 창원시 의창구 서상동,창원시 의창구,서상동,1000,60,0,50,15.12,2,ㅁHAPPYㅁ 서상동 엘베 O 풀옵션 준신축 투룸,https://www.zigbang.com/home/apt/items/49393273
2026-06-17 08:47:54,빌라투룸,49358193,월세,04,경상남도 창원시 의창구 서상동,창원시 의창구,서상동,8000,15,0,46.28,14.0,3,서상동 거실ㅇ 옵션 투룸,https://www.zigbang.com/home/apt/items/49358193
2026-06-17 08:47:54,빌라투룸,49343576,월세,04,경상남도 창원시 의창구 소답동,창원시 의창구,소답동,1000,25,0,39.66,12.0,2,소답동 가성비 좋고 깔끔한 투룸,https://www.zigbang.com/home/apt/items/49343576
2026-06-17 08:47:54,빌라투룸,49319825,월세,04,경상남도 창원시 마산회원구 구암동,창원시 마산회원구,구암동,300,21,0,39.57,11.97,1,구암동 저렴한 월세 방2  가성비 최고,https://www.zigbang.com/home/apt/items/49319825
2026-06-17 08:47:54,빌라투룸,49314963,월세,04,경상남도 창원시 의창구 서상동,창원시 의창구,서상동,1000,60,0,47,14.22,3,서상동 깔끔한 풀옵션 투룸,https://www.zigbang.com/home/apt/items/49314963
2026-06-17 08:47:54,빌라투룸,49297600,월세,04,경상남도 창원시 의창구 서상동,창원시 의창구,서상동,1000,60,0,52.89,16.0,2,"서상동 베란다,미니 거실 공간 있는 옵션 투룸",https://www.zigbang.com/home/apt/items/49297600
2026-06-17 08:47:54,빌라투룸,49224504,월세,04,경상남도 창원시 의창구 서상동,창원시 의창구,서상동,1000,60,0,46.28,14.0,3,서상동 베란다ㅇ 옵션 투룸,https://www.zigbang.com/home/apt/items/49224504
2026-06-17 08:47:54,빌라투룸,49108780,월세,04,경상남도 창원시 마산회원구 구암동,창원시 마산회원구,구암동,1000,30,0,44.3,13.4,2,구암동 구암고등학교인근  방2  독채,https://www.zigbang.com/home/apt/items/49108780
2026-06-17 08:47:54,빌라투룸,49103578,월세,04,경상남도 창원시 의창구 서상동,창원시 의창구,서상동,1000,55,0,50,15.12,2,ㅁHAPPYㅁ 서상동 엘베O 풀옵션 투룸,https://www.zigbang.com/home/apt/items/49103578
2026-06-17 08:47:54,빌라투룸,49087040,월세,04,경상남도 창원시 의창구 서상동,창원시 의창구,서상동,8000,20,0,42.98,13.0,2,서상동 뻥뷰 베란다ㅇ 옵션 투룸,https://www.zigbang.com/home/apt/items/49087040
2026-06-17 08:47:54,빌라투룸,49055433,월세,05,경상남도 창원시 의창구 팔용동,창원시 의창구,팔용동,3000,150,0,165.18,49.97,4,팔용동 창원역인근 엘리베이터 있는 3룸,https://www.zigbang.com/home/apt/items/49055433
2026-06-17 08:48:02,빌라투룸,49390228,월세,04,대구시 달서구 신당동,달서구,신당동,300,40,0,45.98,13.91,3,정투룸 풀옵션 채광굿 방음굿 단열굿 내부깨끗,https://www.zigbang.com/home/apt/items/49390228
2026-06-17 08:48:02,빌라투룸,49366387,월세,04,대구시 달서구 호산동,달서구,호산동,2500,45,0,43.01,13.01,6,"방 2, 거실S급꒵ 최다매물보유꒰ㆆꇴㆆ꒱丿",https://www.zigbang.com/home/apt/items/49366387
2026-06-17 08:48:02,빌라투룸,49358810,월세,05,대구시 달서구 신당동,달서구,신당동,500,45,0,46.33,14.01,2,화이트톤내부 풀옵션 올리모델링완료 내부깨끗,https://www.zigbang.com/home/apt/items/49358810
2026-06-17 08:48:02,빌라투룸,49342994,월세,04,대구시 달서구 신당동,달서구,신당동,300,30,0,42.23,12.77,2,리모델링된 정투룸 풀옵션 내부깨끗 방음굿 단열굿,https://www.zigbang.com/home/apt/items/49342994
2026-06-17 08:48:02,빌라투룸,49312515,월세,04,대구시 달서구 호산동,달서구,호산동,300,30,0,42.97,13.0,2,"NEW 호산동투룸ㅣ편한주차, 중문ㅣ방1거실1ㅣ마지막호실",https://www.zigbang.com/home/apt/items/49312515
2026-06-17 08:48:02,빌라투룸,49285013,월세,04,대구시 달서구 신당동,달서구,신당동,1000,40,0,46.3,14.01,1,"2룸,올리모델링신축,풀옵션,학생2명살아도 괜찮아요",https://www.zigbang.com/home/apt/items/49285013
2026-06-17 08:48:02,빌라투룸,49284730,월세,04,대구시 달서구 신당동,달서구,신당동,500,35,0,46.3,14.01,2,신축1.5룸 풀옵션,https://www.zigbang.com/home/apt/items/49284730
2026-06-17 08:48:02,빌라투룸,49232281,월세,04,대구시 달서구 호산동,달서구,호산동,300,40,0,453.26,137.11,3,"방2개,풀옵션,올리모델링,가격아주좋음",https://www.zigbang.com/home/apt/items/49232281
2026-06-17 08:48:02,빌라투룸,49232239,월세,04,대구시 달서구 신당동,달서구,신당동,500,40,0,33.26,10.06,2,"신축 방1나,거실1나 미니투룸",https://www.zigbang.com/home/apt/items/49232239
2026-06-17 08:48:02,빌라투룸,49218784,월세,04,대구시 달성군 다사읍 죽곡리,달성군,다사읍,500,40,0,58.12,17.58,2,내부리모델링된 거실큰 정투룸입니다,https://www.zigbang.com/home/apt/items/49218784
2026-06-17 08:48:03,빌라투룸,49374856,월세,04,대구시 달서구 상인동,달서구,상인동,500,35,0,51.5,15.58,2,가성비좋은 방2개 주방겸거실 욕실 베란다,https://www.zigbang.com/home/apt/items/49374856
2026-06-17 08:48:03,빌라투룸,49201053,전세,06,대구시 달서구 상인동,달서구,상인동,10000,0,0,76.16,23.04,1,LH가능 상인동 1층 단독주택 욕실 올수리,https://www.zigbang.com/home/apt/items/49201053
2026-06-17 08:48:03,빌라투룸,49151353,월세,05,대구시 달서구 상인동,달서구,상인동,300,30,0,52.5,15.88,2,ll 화이트톤 올수리 방2 거실1 쓰리룸 ll 상인동1등집,https://www.zigbang.com/home/apt/items/49151353
2026-06-17 08:48:03,빌라투룸,49396665,월세,04,대구시 수성구 범물동,수성구,범물동,500,30,0,34.2,10.35,2,ㅁ실매물실가격ㅁ신축급 범물동ㅁ올화이트 대형 투룸ㅁ완전 강추,https://www.zigbang.com/home/apt/items/49396665
2026-06-17 08:48:04,빌라투룸,49380662,월세,04,경상남도 창원시 진해구 석동,창원시 진해구,석동,500,45,0,50,15.12,2,"황금알 진해경찰서인근, 주차하기좋고, 풀옵션 투룸",https://www.zigbang.com/home/apt/items/49380662
2026-06-17 08:48:04,빌라투룸,49370005,월세,04,경상남도 창원시 진해구 석동,창원시 진해구,석동,1000,40,0,70,21.17,3,전진  진해경찰서 인근  큰방 큰거실 투룸,https://www.zigbang.com/home/apt/items/49370005
2026-06-17 08:48:04,빌라투룸,49358212,월세,04,경상남도 창원시 진해구 경화동,창원시 진해구,경화동,1000,50,0,60,18.15,2,황금알l 중부시장 인근 2014년식 거실 있는 투룸,https://www.zigbang.com/home/apt/items/49358212
2026-06-17 08:48:04,빌라투룸,49336719,월세,04,경상남도 창원시 진해구 경화동,창원시 진해구,경화동,1000,65,0,60,18.15,3,황금알l경화역 인근 2017년식 엘리베이터O 풀옵션 투룸,https://www.zigbang.com/home/apt/items/49336719
2026-06-17 08:48:04,빌라투룸,49324641,월세,04,경상남도 창원시 진해구 경화동,창원시 진해구,경화동,1000,65,0,60,18.15,3,"전진  경화역 뒤 인근 풀옵션 큰거실 투룸, 엘리베이터",https://www.zigbang.com/home/apt/items/49324641
2026-06-17 08:48:04,빌라투룸,49324005,월세,05,경상남도 창원시 진해구 경화동,창원시 진해구,경화동,500,65,0,76.03,23.0,4,"전진 방3 화2, 소파 식탁 침대, 풀옵션 , 단기가능",https://www.zigbang.com/home/apt/items/49324005
2026-06-17 08:48:04,빌라투룸,49321185,월세,04,경상남도 창원시 진해구 이동,창원시 진해구,이동,500,45,0,56.2,17.0,2,강남 장복초인근 방2큰거실 남향특A구조 트였고 밝고환한방,https://www.zigbang.com/home/apt/items/49321185
2026-06-17 08:48:04,빌라투룸,49279295,월세,04,경상남도 창원시 진해구 석동,창원시 진해구,석동,500,45,0,49.8,15.06,2,직빵 위치 좋고 깔끔한 거실 넓은 투룸,https://www.zigbang.com/home/apt/items/49279295
2026-06-17 08:48:04,빌라투룸,49243683,월세,05,경상남도 창원시 진해구 석동,창원시 진해구,석동,2000,60,0,82.64,25.0,4,희망 위치좋은 깔끔한 주인채  방3  화장실2,https://www.zigbang.com/home/apt/items/49243683
2026-06-17 08:48:04,빌라투룸,49242502,월세,04,경상남도 창원시 진해구 석동,창원시 진해구,석동,500,40,0,42.98,13.0,3,전진 진해경찰서 뒤 주차편리 풀옵션 투룸,https://www.zigbang.com/home/apt/items/49242502
2026-06-17 08:48:04,빌라투룸,49152993,월세,06,경상남도 창원시 진해구 경화동,창원시 진해구,경화동,3000,85,0,120,36.3,4,강남 중부시장위 넓은럭셜A급복층형주인채 방5큰거실주방베란다,https://www.zigbang.com/home/apt/items/49152993
2026-06-17 08:48:05,빌라투룸,49388417,월세,04,경상남도 창원시 의창구 사림동,창원시 의창구,사림동,200,34,0,42.98,13.0,1,"이쁘고 아주밝은 완전풀옵션 투룸 아주싼가격 
즉시입주",https://www.zigbang.com/home/apt/items/49388417
2026-06-17 08:48:05,빌라투룸,49381823,월세,04,경상남도 창원시 의창구 사림동,창원시 의창구,사림동,1000,60,0,67,20.27,2,ㅁHAPPYㅁ 사림동 깔끔하게 잘 관리 되어있는 투룸,https://www.zigbang.com/home/apt/items/49381823
2026-06-17 08:48:05,빌라투룸,49365831,월세,05,경상남도 창원시 의창구 봉곡동,창원시 의창구,봉곡동,9000,30,0,59.5,18.0,1,전월세 조정가 리모델링 후 첫 입주 귀한 1층 안채 쓰리룸,https://www.zigbang.com/home/apt/items/49365831
2026-06-17 08:48:05,빌라투룸,49361859,월세,05,경상남도 창원시 의창구 봉곡동,창원시 의창구,봉곡동,2000,50,0,56.19,17.0,2,내부 리모델링 완료 깔끔 컨디션 실속있는 금액 쓰리룸,https://www.zigbang.com/home/apt/items/49361859
2026-06-17 08:48:05,빌라투룸,49358054,월세,05,경상남도 창원시 의창구 봉곡동,창원시 의창구,봉곡동,2000,50,0,60,18.15,2,ㅁHAPPYㅁ 봉곡동 쓰리룸,https://www.zigbang.com/home/apt/items/49358054
2026-06-17 08:48:05,빌라투룸,49308444,월세,04,경상남도 창원시 의창구 사림동,창원시 의창구,사림동,2000,45,0,49.5,14.97,2,창원대 인근 반려동물 가능한 투룸,https://www.zigbang.com/home/apt/items/49308444
2026-06-17 08:48:05,빌라투룸,49301128,월세,04,경상남도 창원시 의창구 봉곡동,창원시 의창구,봉곡동,1000,40,0,50,15.12,2,ㅁHAPPYㅁ 봉곡동 깔끔하고 구조 좋은 거실있는투룸,https://www.zigbang.com/home/apt/items/49301128
2026-06-17 08:48:05,빌라투룸,49126669,월세,04,경상남도 창원시 의창구 사림동,창원시 의창구,사림동,2000,30,0,57,17.24,2,ㅁHAPPYㅁ 사림동 투룸,https://www.zigbang.com/home/apt/items/49126669
2026-06-17 08:48:05,빌라투룸,49389519,월세,05,경상남도 김해시 내덕동,김해시,내덕동,2000,45,0,68.16,20.62,2,"주택20평이며,  거실이 넓어요",https://www.zigbang.com/home/apt/items/49389519
2026-06-17 08:48:05,빌라투룸,49389509,전세,06,경상남도 김해시 내덕동,김해시,내덕동,14000,0,0,170,51.42,3,"주인세대이며,올전세 또는 1억에 월30만원입니다.",https://www.zigbang.com/home/apt/items/49389509
2026-06-17 08:48:05,빌라투룸,49389498,월세,05,경상남도 김해시 내덕동,김해시,내덕동,1000,45,0,68.16,20.62,2,거실이 넓은 쓰리룸입니다.,https://www.zigbang.com/home/apt/items/49389498
2026-06-17 08:48:05,빌라투룸,49389490,월세,05,경상남도 김해시 내덕동,김해시,내덕동,1000,40,0,51,15.43,2,가격저렴한 쓰리룸입니다,https://www.zigbang.com/home/apt/items/49389490
2026-06-17 08:48:05,빌라투룸,49357287,월세,04,경상남도 김해시 내덕동,김해시,내덕동,1000,35,0,49.59,15.0,3,내덕동 깨끗한 투룸,https://www.zigbang.com/home/apt/items/49357287
2026-06-17 08:48:05,빌라투룸,49256958,월세,05,경상남도 김해시 주촌면 천곡리,김해시,주촌면,2000,65,0,43.55,13.17,3,"코스트코인근,신축,방2거실분리형",https://www.zigbang.com/home/apt/items/49256958
2026-06-17 08:48:05,빌라투룸,49165487,월세,06,경상남도 김해시 내덕동,김해시,내덕동,5000,100,0,130,39.32,3,대청동 신축급 주인세대 복층구조,https://www.zigbang.com/home/apt/items/49165487
2026-06-17 08:48:05,빌라투룸,49141458,월세,04,경상남도 김해시 내덕동,김해시,내덕동,1500,40,0,59.5,18.0,2,내덕동 신축급  깨끗한 투룸,https://www.zigbang.com/home/apt/items/49141458
2026-06-17 08:48:05,빌라투룸,49130132,월세,04,경상남도 김해시 내덕동,김해시,내덕동,500,55,0,58,17.54,2,에어컨설치 방2칸 거실 구조위치최고,https://www.zigbang.com/home/apt/items/49130132
2026-06-17 08:48:05,빌라투룸,49108925,월세,04,경상남도 김해시 내덕동,김해시,내덕동,500,50,0,49.59,15.0,2,내덕동 초특가  풀옵션 넓은 투룸,https://www.zigbang.com/home/apt/items/49108925
2026-06-17 08:48:05,빌라투룸,48992566,전세,05,경상남도 김해시 내덕동,김해시,내덕동,14000,0,0,100,30.25,3,내덕동 럭셔리 주인세대 옥탑,https://www.zigbang.com/home/apt/items/48992566
2026-06-17 08:48:06,빌라투룸,49150724,월세,05,부산시 강서구 범방동,강서구,범방동,2000,100,0,112.68,34.09,3,"귀한 탑층 대형평수 거실,방3,화2,에5, 대형테라스有",https://www.zigbang.com/home/apt/items/49150724
2026-06-17 08:48:06,빌라투룸,49396030,월세,04,경상남도 김해시 부원동,김해시,부원동,2000,37,0,49.59,15.0,4,NO.1옵션새로교체VV풀옵션VV역세권VV,https://www.zigbang.com/home/apt/items/49396030
2026-06-17 08:48:06,빌라투룸,49384542,월세,04,경상남도 김해시 어방동,김해시,어방동,2000,42,0,59.5,18.0,3,O 1세대1주차  어방동 귀한 신축급 O,https://www.zigbang.com/home/apt/items/49384542
2026-06-17 08:48:06,빌라투룸,49313692,월세,04,경상남도 김해시 삼정동,김해시,삼정동,3000,41,0,68,20.57,4,O 거실 커요 인제대역3분 O 에어컨2대 붙박이장,https://www.zigbang.com/home/apt/items/49313692
2026-06-17 08:48:06,빌라투룸,49312594,월세,04,경상남도 김해시 어방동,김해시,어방동,500,41,0,42.98,13.0,4,풀옵션v빌라식v100실매물v 초역세권,https://www.zigbang.com/home/apt/items/49312594
2026-06-17 08:48:06,빌라투룸,49312576,월세,04,경상남도 김해시 어방동,김해시,어방동,500,53,0,49.58,15.0,3,o 특별한 투룸의 매력 o 클릭해서 구경해보세요 o,https://www.zigbang.com/home/apt/items/49312576
2026-06-17 08:48:06,빌라투룸,49311330,월세,04,경상남도 김해시 삼정동,김해시,삼정동,500,36,0,45,13.61,4,"ll 복층구조 ll 화장실2, 주차편리한 집",https://www.zigbang.com/home/apt/items/49311330
2026-06-17 08:48:06,빌라투룸,49310609,월세,04,경상남도 김해시 삼정동,김해시,삼정동,2000,46,0,60,18.15,4,"ll 인제대역 ll 신축급내부시설, 방 2, 넓은 거실",https://www.zigbang.com/home/apt/items/49310609
2026-06-17 08:48:06,빌라투룸,49289199,월세,04,경상남도 김해시 삼정동,김해시,삼정동,1000,52,0,60,18.15,1,NO.1방2거실1VV풀옵션VV붙박이장있음VV,https://www.zigbang.com/home/apt/items/49289199
2026-06-17 08:48:06,빌라투룸,49287997,월세,04,경상남도 김해시 삼정동,김해시,삼정동,2000,61,0,49.59,15.0,3,NO.1신축급컨디션VV방2VV풀옵션VV역세권VV,https://www.zigbang.com/home/apt/items/49287997
2026-06-17 08:48:06,빌라투룸,49287789,월세,04,경상남도 김해시 삼정동,김해시,삼정동,2000,51,0,49.59,15.0,3,NO.1방2개거실1VV넓은거실VV채광좋음VV풀옵션,https://www.zigbang.com/home/apt/items/49287789
2026-06-17 08:48:06,빌라투룸,49231860,월세,04,경상남도 김해시 삼정동,김해시,삼정동,500,39,0,50,15.12,4,"ll한양쇼핑인근ll 방2, 남향 밝은 집, 가격 착한 집",https://www.zigbang.com/home/apt/items/49231860
2026-06-17 08:48:06,빌라투룸,49102501,월세,04,경상남도 김해시 안동,김해시,안동,500,31,0,39.67,12.0,3,방2v인기급상승v비교불가v완전풀옵션,https://www.zigbang.com/home/apt/items/49102501
2026-06-17 08:48:06,빌라투룸,49083557,월세,04,경상남도 김해시 어방동,김해시,어방동,8500,6,0,59,17.85,3,O LH가능 방2개 거실넓은 빌라구조 O 화이트톤 깔끔한집,https://www.zigbang.com/home/apt/items/49083557
2026-06-17 08:48:06,빌라투룸,49063850,월세,04,경상남도 김해시 안동,김해시,안동,1000,33,0,39.67,12.0,3,v방2 v넓은주방 v베란다 v주차용이,https://www.zigbang.com/home/apt/items/49063850
2026-06-17 08:48:06,빌라투룸,49312542,월세,04,경상남도 김해시 삼방동,김해시,삼방동,1000,46,0,56.19,17.0,1,올 리모델링 된  v 건조기까지 풀옵션 v  방2,https://www.zigbang.com/home/apt/items/49312542
2026-06-17 08:48:06,빌라투룸,49236810,월세,04,경상남도 김해시 삼방동,김해시,삼방동,300,30,0,43,13.01,3,v투룸천국 v올수리 v풀옵션,https://www.zigbang.com/home/apt/items/49236810
2026-06-17 08:48:06,빌라투룸,49102485,월세,04,경상남도 김해시 삼방동,김해시,삼방동,200,21,0,36.36,11.0,3,II 인테리어 깔끔  II 완전 풀옵 방2개 II,https://www.zigbang.com/home/apt/items/49102485
2026-06-17 08:48:07,빌라투룸,49369289,월세,04,경상남도 양산시 물금읍 범어리,양산시,물금읍,1000,55,0,59.5,18.0,4,WW 넓은 방과 대형복층 별도구조 퀼리티 좋은 투룸 월세,https://www.zigbang.com/home/apt/items/49369289
2026-06-17 08:48:07,빌라투룸,49340849,월세,04,경상남도 양산시 물금읍 가촌리,양산시,물금읍,1000,60,0,60,18.15,2,SoU.신축급 방2개 거실1개 넓은사이즈방,https://www.zigbang.com/home/apt/items/49340849
2026-06-17 08:48:07,빌라투룸,49280978,월세,04,경상남도 양산시 물금읍 범어리,양산시,물금읍,1000,55,0,57,17.24,3,WW 방2 화장실2 넓은 거실 엘리베이터 있음 저렴한 월세,https://www.zigbang.com/home/apt/items/49280978
2026-06-17 08:48:07,빌라투룸,49277448,월세,05,경상남도 양산시 물금읍 범어리,양산시,물금읍,600,45,0,50,15.12,4,SoU.방2개 거실1개 발코니공간까지 가성비 만점,https://www.zigbang.com/home/apt/items/49277448
2026-06-17 08:48:07,빌라투룸,49245036,월세,04,경상남도 양산시 물금읍 범어리,양산시,물금읍,600,45,0,42.97,13.0,4,"탑마트 인근, 방2칸 귀한 매물",https://www.zigbang.com/home/apt/items/49245036
2026-06-17 08:48:07,빌라투룸,49142064,월세,04,경상남도 양산시 물금읍 범어리,양산시,물금읍,4000,30,0,56.2,17.0,3,WW 저렴한 월세로 입주가능 투룸 방2 넓은거실 좋은 구조,https://www.zigbang.com/home/apt/items/49142064
2026-06-17 08:48:07,빌라투룸,49141965,전세,04,경상남도 양산시 물금읍 범어리,양산시,물금읍,8500,0,0,56.2,17.0,2,WW 조건좋은 투룸 방2 넓은 거실 붙박이장 전월세,https://www.zigbang.com/home/apt/items/49141965
2026-06-17 08:48:07,빌라투룸,49126867,월세,05,경상남도 양산시 물금읍 범어리,양산시,물금읍,1000,48,0,50,15.12,4,WW 방3 화장실2 대형테라스 풀옵션 정말 좋은 조건,https://www.zigbang.com/home/apt/items/49126867
2026-06-17 08:48:08,빌라투룸,49278667,월세,05,경상남도 양산시 교동,양산시,교동,1000,45,0,61.67,18.66,3,OK양산역 인근 교동지역 빌라 임대OK,https://www.zigbang.com/home/apt/items/49278667
2026-06-17 08:48:09,빌라투룸,49378897,월세,04,부산시 동래구 사직동,동래구,사직동,2000,55,0,25.96,7.85,7,사직역 최고 시설,https://www.zigbang.com/home/apt/items/49378897
2026-06-17 08:48:09,빌라투룸,49323078,월세,04,부산시 부산진구 연지동,부산진구,연지동,300,55,0,43.63,13.2,3,"방2, 거실1, 풀옵션, 단기가능, 상세설명 읽어주세요",https://www.zigbang.com/home/apt/items/49323078
2026-06-17 08:48:09,빌라투룸,49250941,월세,04,부산시 동래구 온천동,동래구,온천동,200,73,0,27.75,8.39,18,미남역 단기가능 신축 풀옵션,https://www.zigbang.com/home/apt/items/49250941
2026-06-17 08:48:09,빌라투룸,49322521,전세,04,부산시 금정구 부곡동,금정구,부곡동,13500,0,0,53.57,16.2,7,금정구청 부근 거실1 방2 오피스텔,https://www.zigbang.com/home/apt/items/49322521
2026-06-17 08:48:09,빌라투룸,49280931,월세,04,부산시 동래구 온천동,동래구,온천동,3000,50,0,76.56,23.16,2,온천장 부근  거실1 큰 방2 풀옵션,https://www.zigbang.com/home/apt/items/49280931
2026-06-17 08:48:09,빌라투룸,49254401,월세,04,부산시 동래구 명륜동,동래구,명륜동,2000,80,0,41.52,12.56,3,동래구청 부근 신축  거실1 방2 풀옵션 오피스텔,https://www.zigbang.com/home/apt/items/49254401
2026-06-17 08:48:09,빌라투룸,49235714,월세,06,부산시 금정구 장전동,금정구,장전동,12000,10,0,70.32,21.27,3,부산대 북문 부근 융자없는 올전세 방3 화2,https://www.zigbang.com/home/apt/items/49235714
2026-06-17 08:48:09,빌라투룸,49041076,월세,04,부산시 동래구 명장동,동래구,명장동,300,65,0,43.5,13.16,5,"테라스.방2개. 전입신고 가능, 신축급 베스트 가성비",https://www.zigbang.com/home/apt/items/49041076
2026-06-17 08:48:09,빌라투룸,48854625,월세,04,부산시 동래구 온천동,동래구,온천동,1000,55,0,22.38,6.77,5,보증금조절 가능.신축 1년차.건조기. 분리형 타입,https://www.zigbang.com/home/apt/items/48854625
2026-06-17 08:48:09,빌라투룸,48845507,월세,04,부산시 동래구 명장동,동래구,명장동,300,57,0,42.44,12.84,5,"방2, 거실1, 화이트톤, 전입신고 가능",https://www.zigbang.com/home/apt/items/48845507
2026-06-17 08:48:09,빌라투룸,48766230,월세,04,부산시 동래구 명장동,동래구,명장동,300,50,0,35.53,10.75,3,"가성비, 채광 너무 좋은. 방2개.",https://www.zigbang.com/home/apt/items/48766230
2026-06-17 08:48:09,빌라투룸,49374318,월세,04,부산시 수영구 망미동,수영구,망미동,2000,70,0,44.18,13.36,7,"귀한 탑층 빌라 거실,방2,화1,에어컨2대有, 남서향",https://www.zigbang.com/home/apt/items/49374318
2026-06-17 08:48:09,빌라투룸,49361491,월세,04,부산시 해운대구 재송동,해운대구,재송동,1000,80,0,53.13,16.07,3,"내부 깨끗한 풀옵션 거실,방2,화1,에2",https://www.zigbang.com/home/apt/items/49361491
2026-06-17 08:48:09,빌라투룸,49329735,월세,04,부산시 수영구 광안동,수영구,광안동,100,55,0,22.69,6.86,3,단기 금액조절x 전입x,https://www.zigbang.com/home/apt/items/49329735
2026-06-17 08:48:09,빌라투룸,49245366,월세,04,부산시 수영구 광안동,수영구,광안동,100,60,0,25.08,7.59,7,단기 전입x 금액조절x 풀옵션,https://www.zigbang.com/home/apt/items/49245366
2026-06-17 08:48:09,빌라투룸,49157734,전세,04,부산시 해운대구 반여동,해운대구,반여동,2500,0,0,46.42,14.04,4,LH전세 가능 반여동 빌라 전세,https://www.zigbang.com/home/apt/items/49157734
2026-06-17 08:48:09,빌라투룸,49349837,월세,04,부산시 해운대구 좌동,해운대구,좌동,2000,63,0,49.66,15.02,3,"내부 깨끗한 빌라 거실,방2,화1",https://www.zigbang.com/home/apt/items/49349837
2026-06-17 08:48:09,빌라투룸,49349080,월세,05,부산시 해운대구 중동,해운대구,중동,1000,90,0,64.73,19.58,2,"정말 귀한 풀옵션 빌라 거실,방3,화2,에2",https://www.zigbang.com/home/apt/items/49349080
2026-06-17 08:48:09,빌라투룸,49387145,월세,04,부산시 해운대구 반송동,해운대구,반송동,300,25,0,30.36,9.18,3,투룸 10만원 추가시 가전제품제공,https://www.zigbang.com/home/apt/items/49387145
2026-06-17 08:48:09,빌라투룸,49359269,월세,04,부산시 해운대구 반송동,해운대구,반송동,300,33,0,43.56,13.18,2,학교도보1분 채광좋은 투룸,https://www.zigbang.com/home/apt/items/49359269
2026-06-17 08:48:09,빌라투룸,49307287,전세,04,부산시 해운대구 반송동,해운대구,반송동,4500,0,0,43.22,13.07,2,평지 전세 풀옵션 입니다,https://www.zigbang.com/home/apt/items/49307287
2026-06-17 08:48:09,빌라투룸,49194831,전세,04,부산시 해운대구 반송동,해운대구,반송동,3000,0,0,46.39,14.03,2,올수리 풀옵션 갖춰진 햇살좋은 투룸전세,https://www.zigbang.com/home/apt/items/49194831
2026-06-17 08:48:09,빌라투룸,49158267,월세,04,부산시 해운대구 반송동,해운대구,반송동,300,20,0,38.26,11.57,1,아랫반송 수리 마친 저렴한 빌라,https://www.zigbang.com/home/apt/items/49158267
2026-06-17 08:48:09,빌라투룸,49158261,전세,04,부산시 해운대구 반송동,해운대구,반송동,6000,0,0,44.85,13.57,1,반송도서관 인근 평지에 위치한 최신식 리모델링,https://www.zigbang.com/home/apt/items/49158261
2026-06-17 08:48:09,빌라투룸,49157291,월세,04,부산시 금정구 회동동,금정구,회동동,3500,5,0,41.75,12.63,1,LH대출가능 리모델링 빌라 올전세,https://www.zigbang.com/home/apt/items/49157291
2026-06-17 08:48:09,빌라투룸,49216136,월세,06,부산시 금정구 남산동,금정구,남산동,300,150,0,83.73,25.33,10,단기 금액조절X,https://www.zigbang.com/home/apt/items/49216136
2026-06-17 08:48:09,빌라투룸,49136467,월세,05,부산시 금정구 남산동,금정구,남산동,1000,65,0,60.9,18.42,2,"귀한 내부 깨끗한 빌라 거실,방3,화1,에2",https://www.zigbang.com/home/apt/items/49136467
2026-06-17 08:48:09,빌라투룸,49120353,월세,04,부산시 금정구 남산동,금정구,남산동,2000,70,0,66,19.96,4,남산동  깔끔한 거실1 방2 ..옵션 없음,https://www.zigbang.com/home/apt/items/49120353
2026-06-17 08:48:09,빌라투룸,48992498,월세,06,부산시 금정구 남산동,금정구,남산동,250,120,0,68.97,20.86,7,남산역 단기가능 전입가능 포룸,https://www.zigbang.com/home/apt/items/48992498
2026-06-17 08:48:09,빌라투룸,49372061,월세,05,경상남도 양산시 동면 석산리,양산시,동면,1000,40,0,45.26,13.69,2,"OK남양산IC 인근 조용한 아파트 쓰리룸, 개인임대인OK",https://www.zigbang.com/home/apt/items/49372061
2026-06-17 08:48:09,빌라투룸,49342582,월세,06,경상남도 양산시 동면 금산리,양산시,동면,2000,62,0,113,34.18,3,방3개.화장실2개.넓은거실.버스정류장 도보가능,https://www.zigbang.com/home/apt/items/49342582
2026-06-17 08:48:09,빌라투룸,49339966,월세,05,경상남도 양산시 동면 석산리,양산시,동면,500,45,0,50,15.12,4,반려동물가능한 아파트,https://www.zigbang.com/home/apt/items/49339966
2026-06-17 08:48:09,빌라투룸,49332562,월세,05,경상남도 양산시 동면 금산리,양산시,동면,1000,55,0,59,17.85,2,에어컨1대  옵션유. 주차 좋은 조용한 위치,https://www.zigbang.com/home/apt/items/49332562
2026-06-17 08:48:10,빌라투룸,49394804,월세,05,부산시 기장군 정관읍 방곡리,기장군,정관읍,3000,100,0,115,34.79,4,"독채,35평과 복층25평,방3,에어컨3대,즉시입주 가능",https://www.zigbang.com/home/apt/items/49394804
2026-06-17 08:48:10,빌라투룸,49343626,월세,04,부산시 기장군 정관읍 방곡리,기장군,정관읍,500,45,0,49.59,15.0,2,"방2,에어컨2,집깨끗,즉시입주 가능",https://www.zigbang.com/home/apt/items/49343626
2026-06-17 08:48:10,빌라투룸,49214812,월세,04,부산시 기장군 정관읍 달산리,기장군,정관읍,1000,60,0,59.5,18.0,3,"22평 정도,보증금 조율가능,방2,큰 거실",https://www.zigbang.com/home/apt/items/49214812
2026-06-17 08:48:10,빌라투룸,49196903,월세,04,부산시 기장군 정관읍 방곡리,기장군,정관읍,2000,40,0,59.5,18.0,4,"1000,45가능,방2,넓은거실,베란다,풀옵션,채광굿",https://www.zigbang.com/home/apt/items/49196903
2026-06-17 08:48:10,빌라투룸,49198477,월세,05,부산시 기장군 기장읍 대라리,기장군,기장읍,2500,75,0,72.35,21.89,13,"정말 귀한 탑층 남서향 거실,방3,화2,에2",https://www.zigbang.com/home/apt/items/49198477
2026-06-17 08:48:11,빌라투룸,49380874,월세,04,경상남도 양산시 삼호동,양산시,삼호동,200,30,0,46.28,14.0,3,거실 넓은투룸,https://www.zigbang.com/home/apt/items/49380874
2026-06-17 08:48:11,빌라투룸,49357535,월세,05,경상남도 양산시 명동,양산시,명동,1000,50,0,59.5,18.0,4,테라스있는방 보증금조절가능,https://www.zigbang.com/home/apt/items/49357535
2026-06-17 08:48:11,빌라투룸,49332142,월세,04,경상남도 양산시 삼호동,양산시,삼호동,300,30,0,52.89,16.0,3,엘베 신축급 투룸,https://www.zigbang.com/home/apt/items/49332142
2026-06-17 08:48:11,빌라투룸,49332068,월세,04,경상남도 양산시 삼호동,양산시,삼호동,200,30,0,30,9.07,2,큼직큼직하게 잘 빠진 분리형 원룸,https://www.zigbang.com/home/apt/items/49332068
2026-06-17 08:48:11,빌라투룸,49318558,월세,05,경상남도 양산시 삼호동,양산시,삼호동,500,40,0,50,15.12,4,밝고 넓은거실 쓰리룸,https://www.zigbang.com/home/apt/items/49318558
2026-06-17 08:48:11,빌라투룸,49302289,월세,04,경상남도 양산시 삼호동,양산시,삼호동,200,30,0,39.67,12.0,2,조용한곳 밝은 투룸,https://www.zigbang.com/home/apt/items/49302289
2026-06-17 08:48:11,빌라투룸,49298304,월세,04,경상남도 양산시 삼호동,양산시,삼호동,300,30,0,49.59,15.0,3,시장인근 넓고 깔끔한 투룸,https://www.zigbang.com/home/apt/items/49298304
2026-06-17 08:48:11,빌라투룸,49290953,월세,05,경상남도 양산시 삼호동,양산시,삼호동,1500,35,0,56.1,16.97,2,엘베있는 넓은 쓰리룸,https://www.zigbang.com/home/apt/items/49290953
2026-06-17 08:48:11,빌라투룸,49256458,월세,05,경상남도 양산시 삼호동,양산시,삼호동,500,50,0,81.5,24.65,3,서창고부근 3층주인세대,https://www.zigbang.com/home/apt/items/49256458
2026-06-17 08:48:11,빌라투룸,49254601,전세,04,경상남도 양산시 명동,양산시,명동,3500,0,0,39.67,12.0,3,명동 투룸전세,https://www.zigbang.com/home/apt/items/49254601
2026-06-17 08:48:11,빌라투룸,49144587,월세,06,경상남도 양산시 명동,양산시,명동,8000,18,0,100,30.25,4,시원시원하게 잘빠진 주인세대랍니다,https://www.zigbang.com/home/apt/items/49144587
2026-06-17 08:48:11,빌라투룸,49143027,월세,04,경상남도 양산시 삼호동,양산시,삼호동,200,30,0,30,9.07,4,혼자살기 너무 좋은집,https://www.zigbang.com/home/apt/items/49143027
2026-06-17 08:48:11,빌라투룸,49092878,월세,04,경상남도 양산시 삼호동,양산시,삼호동,200,30,0,39.67,12.0,3,깔끔한 미니 투룸,https://www.zigbang.com/home/apt/items/49092878
2026-06-17 08:48:11,빌라투룸,49079972,월세,05,경상남도 양산시 주남동,양산시,주남동,500,41,0,49.59,15.0,2,화이트톤  신축  넓은 쓰리룸,https://www.zigbang.com/home/apt/items/49079972
2026-06-17 08:48:11,빌라투룸,49053444,월세,04,경상남도 양산시 삼호동,양산시,삼호동,200,30,0,33,9.98,4,편안하게 혼자 쉴수 있는 집,https://www.zigbang.com/home/apt/items/49053444
2026-06-17 08:48:12,빌라투룸,49343163,월세,04,울산시 울주군 온양읍 대안리,울주군,온양읍,200,45,0,35,10.59,3,즉시입주 단기가능해요,https://www.zigbang.com/home/apt/items/49343163
2026-06-17 08:48:12,빌라투룸,49323098,월세,05,울산시 울주군 온양읍 대안리,울주군,온양읍,500,57,0,60,18.15,2,2층 정남향 살기좋은 동네,https://www.zigbang.com/home/apt/items/49323098
2026-06-17 08:48:12,빌라투룸,49388865,월세,04,울산시 울주군 온양읍 대안리,울주군,온양읍,300,43,0,26.45,8.0,3,화이트톤 깨끗한 집,https://www.zigbang.com/home/apt/items/49388865
2026-06-17 08:48:12,빌라투룸,49343150,월세,04,울산시 울주군 온양읍 대안리,울주군,온양읍,200,45,0,35,10.59,4,즉시입주 공실,https://www.zigbang.com/home/apt/items/49343150
2026-06-17 08:48:12,빌라투룸,49323134,월세,05,울산시 울주군 온양읍 대안리,울주군,온양읍,500,60,0,60,18.15,2,아주 넓은 쓰리룸,https://www.zigbang.com/home/apt/items/49323134
2026-06-17 08:48:12,빌라투룸,49298924,월세,05,울산시 울주군 온양읍 대안리,울주군,온양읍,1000,80,0,84.74,25.63,7,주인세대급 깨끗한 아파트 귀한 월세 매물,https://www.zigbang.com/home/apt/items/49298924
2026-06-17 08:48:12,빌라투룸,49198488,월세,05,부산시 기장군 장안읍 길천리,기장군,장안읍,2000,60,0,60.71,18.36,3,"귀한 풀옵션 빌라 거실,방3,화1,에1",https://www.zigbang.com/home/apt/items/49198488
2026-06-17 08:48:13,빌라투룸,49372799,월세,04,울산시 울주군 청량읍 상남리,울주군,청량읍,500,56,0,50,15.12,3,방2 거실 풀옵션 실사진 공단출퇴근용이,https://www.zigbang.com/home/apt/items/49372799
2026-06-17 08:48:13,빌라투룸,49250391,월세,04,울산시 울주군 청량읍 상남리,울주군,청량읍,300,61,0,58,17.54,4,ꯁꯁ  상남리 공원앞 큰방2  거실겸주방1  베란다 집깨끗,https://www.zigbang.com/home/apt/items/49250391
2026-06-17 08:48:16,빌라투룸,49325011,월세,04,경상북도 경산시 사동,경산시,사동,300,28,0,50.5,15.28,3,OOO친절OO가성비투룸OO실사진OO구조굿OO살기좋은OO,https://www.zigbang.com/home/apt/items/49325011
2026-06-17 08:48:16,빌라투룸,49347002,월세,05,대구시 수성구 신매동,수성구,신매동,300,28,0,52.89,16.0,1,ㅁ저렴한ㅁ리모델링3룸ㅁ풀옵션ㅁTVㅁ침대ㅁ,https://www.zigbang.com/home/apt/items/49347002
2026-06-17 08:48:16,빌라투룸,49294461,월세,05,대구시 수성구 노변동,수성구,노변동,1000,55,0,51.94,15.71,2,ㅁ엘리베이터有ㅁ신축3룸ㅁ화이트톤ㅁ에어컨2대ㅁ붙박이장ㅁ남향ㅁ,https://www.zigbang.com/home/apt/items/49294461
2026-06-17 08:48:16,빌라투룸,49279472,월세,05,대구시 수성구 신매동,수성구,신매동,300,23,0,52.89,16.0,1,ㅁ추천매물ㅁ리모델링3룸ㅁ풀옵션ㅁTVㅁ남향ㅁ,https://www.zigbang.com/home/apt/items/49279472
2026-06-17 08:48:16,빌라투룸,49279469,월세,05,대구시 수성구 신매동,수성구,신매동,300,30,0,52.89,16.0,3,ㅁ리모델링3룸ㅁ화이트톤ㅁ풀옵션ㅁTVㅁ,https://www.zigbang.com/home/apt/items/49279469
2026-06-17 08:48:16,빌라투룸,49279457,월세,05,대구시 수성구 매호동,수성구,매호동,500,43,0,59.5,18.0,2,ㅁ엘리베이터有ㅁ리모델링3룸ㅁ풀옵션ㅁ붙박이장ㅁ남향ㅁ,https://www.zigbang.com/home/apt/items/49279457
2026-06-17 08:48:16,빌라투룸,49279456,월세,04,대구시 수성구 신매동,수성구,신매동,200,18,0,39.67,12.0,2,ㅁ완전저렴ㅁ리모델링ㅁ2룸ㅁ풀옵션ㅁ화이트톤ㅁ,https://www.zigbang.com/home/apt/items/49279456
2026-06-17 08:48:16,빌라투룸,49279453,월세,04,대구시 수성구 시지동,수성구,시지동,200,17,0,42.97,13.0,1,ㅁ완전저렴ㅁ리모델링ㅁ2룸ㅁ풀옵션ㅁ남향ㅁ,https://www.zigbang.com/home/apt/items/49279453
2026-06-17 08:48:16,빌라투룸,49279452,월세,05,대구시 수성구 신매동,수성구,신매동,300,28,0,52.89,16.0,1,ㅁ리모델링ㅁ3룸ㅁ풀옵션ㅁ침대ㅁTVㅁ쇼파ㅁ옷장ㅁ책상ㅁ남향ㅁ,https://www.zigbang.com/home/apt/items/49279452
2026-06-17 08:48:16,빌라투룸,49279450,월세,05,대구시 수성구 신매동,수성구,신매동,300,28,0,49.58,15.0,2,ㅁ리모델링3룸ㅁ화이트톤ㅁ풀옵션ㅁ,https://www.zigbang.com/home/apt/items/49279450
2026-06-17 08:48:16,빌라투룸,49268568,월세,05,대구시 수성구 신매동,수성구,신매동,200,21,0,46.28,14.0,2,이일대최저가ㅣ쓰리룸ㅣ대로변밝은곳ㅣ시지두성타운인근,https://www.zigbang.com/home/apt/items/49268568
2026-06-17 08:48:16,빌라투룸,49268559,월세,05,대구시 수성구 신매동,수성구,신매동,500,31,0,49.58,15.0,2,교습소가능매물ㅣ리모델링ㅣ쓰리룸ㅣ에어컨2대ㅣ햇살가득정남향,https://www.zigbang.com/home/apt/items/49268559
2026-06-17 08:48:16,빌라투룸,49251465,월세,05,대구시 수성구 매호동,수성구,매호동,500,39,0,52.89,16.0,3,ㅁ귀한매물ㅁ신축급3룸ㅁ화이트톤ㅁ1가구1주차ㅁ중문ㅁ남향ㅁ,https://www.zigbang.com/home/apt/items/49251465
2026-06-17 08:48:16,빌라투룸,49323830,월세,04,경상북도 경산시 진량읍 신제리,경산시,진량읍,300,45,0,50,15.12,3,엘리베이트 있어서 편리한 투룸,https://www.zigbang.com/home/apt/items/49323830
2026-06-17 08:48:16,빌라투룸,49092495,월세,04,경상북도 경산시 진량읍 신제리,경산시,진량읍,300,43,0,49.59,15.0,3,엘리베이터 있는 넓고 조용한 투룸,https://www.zigbang.com/home/apt/items/49092495
2026-06-17 08:48:16,빌라투룸,49397264,월세,04,경상북도 경산시 압량읍 신대리,경산시,압량읍,500,46,0,55.5,16.79,2,OOO친절OO,https://www.zigbang.com/home/apt/items/49397264
2026-06-17 08:48:16,빌라투룸,49357356,월세,04,경상북도 경산시 압량읍 신대리,경산시,압량읍,500,38,0,52.89,16.0,4,2R 위치 좋고 채광 좋은,https://www.zigbang.com/home/apt/items/49357356
2026-06-17 08:48:16,빌라투룸,49356108,월세,04,경상북도 경산시 압량면 신대리,경산시,압량면,1000,50,0,52.89,16.0,4,2R 엘베있고 전만 좋은 집,https://www.zigbang.com/home/apt/items/49356108
2026-06-17 08:48:16,빌라투룸,49325051,월세,04,경상북도 경산시 사동,경산시,사동,100,23,0,49.59,15.0,3,"OOO친절OO가성비투룸OO재활병원,한의대OO풀옵션OO구조굿",https://www.zigbang.com/home/apt/items/49325051
2026-06-17 08:48:16,빌라투룸,49324506,월세,05,경상북도 경산시 사동,경산시,사동,1000,41,0,55.5,16.79,4,"OO친절O한의대,재활병원인근O가성비쓰리룸O화이트톤O구조굿",https://www.zigbang.com/home/apt/items/49324506
2026-06-17 08:48:16,빌라투룸,49282946,월세,04,경상북도 경산시 압량읍 신대리,경산시,압량읍,2000,45,0,53,16.03,3,2R 엘베있는 미니 아파트,https://www.zigbang.com/home/apt/items/49282946
2026-06-17 08:48:16,빌라투룸,49279319,월세,05,경상북도 경산시 사동,경산시,사동,1000,41,0,62.8,19.0,4,"ㅣ쓰리룸ㅣ사동,쓰리룸 귀한매물 풀옵션 여기입니다",https://www.zigbang.com/home/apt/items/49279319
2026-06-17 08:48:16,빌라투룸,49279102,월세,05,경상북도 경산시 사동,경산시,사동,1000,41,0,80,24.2,4,ㅡGooDㅡ 풀옵션 리모델링 최저가 가성비 쓰리룸 사동방,https://www.zigbang.com/home/apt/items/49279102
2026-06-17 08:48:16,빌라투룸,49260903,월세,04,경상북도 경산시 압량읍 신대리,경산시,압량읍,1000,41,0,66.12,20.0,2,가ㅣ장ㅣ넓ㅣ은ㅣ투ㅣ룸,https://www.zigbang.com/home/apt/items/49260903
2026-06-17 08:48:16,빌라투룸,49256823,월세,05,경상북도 경산시 사동,경산시,사동,1000,41,0,80,24.2,4,ㅡ최저가ㅡ화이트톤ㅡ쓰리룸ㅡ,https://www.zigbang.com/home/apt/items/49256823
2026-06-17 08:48:16,빌라투룸,49200889,월세,04,경상북도 경산시 압량읍 신대리,경산시,압량읍,1000,50,0,76,22.99,4,2R 채광 좋고 깔끔한 주인세대,https://www.zigbang.com/home/apt/items/49200889
2026-06-17 08:48:16,빌라투룸,49200867,월세,05,경상북도 경산시 압량읍 신대리,경산시,압량읍,500,45,0,73,22.08,4,3R 가성비와 드레이스룸 아이방,https://www.zigbang.com/home/apt/items/49200867
2026-06-17 08:48:16,빌라투룸,49197109,월세,04,경상북도 경산시 압량읍 신대리,경산시,압량읍,500,50,0,59.5,18.0,4,"NEW 26.05.31 촬영, 화장실 2개 NEW",https://www.zigbang.com/home/apt/items/49197109
2026-06-17 08:48:17,빌라투룸,49356333,월세,04,울산시 울주군 삼남읍 교동리,울주군,삼남읍,500,46,0,58.1,17.58,2,방2거실 에어컨3 깔끔한방 엘베0,https://www.zigbang.com/home/apt/items/49356333
2026-06-17 08:48:17,빌라투룸,49342563,월세,04,울산시 울주군 삼남읍 교동리,울주군,삼남읍,500,46,0,57,17.24,2,ㅣ엘베ㅣBEST컨디션ㅣ방2넓은거실ㅣ관리잘된집,https://www.zigbang.com/home/apt/items/49342563
2026-06-17 08:48:17,빌라투룸,49340213,월세,04,울산시 울주군 삼남읍 교동리,울주군,삼남읍,500,46,0,56.19,17.0,2,ㄴ소장추천매물 방2거실 엘베 실사진 풀옵 깨끗 수영장가까움,https://www.zigbang.com/home/apt/items/49340213
2026-06-17 08:48:17,빌라투룸,49276371,월세,04,울산시 울주군 삼남읍 교동리,울주군,삼남읍,1000,64,0,66.1,20.0,2,ㄴ소장추천매물 2018년식 실사진 방2거실 엘리베이터O,https://www.zigbang.com/home/apt/items/49276371
2026-06-17 08:48:17,빌라투룸,49216927,월세,04,울산시 울주군 언양읍 동부리,울주군,언양읍,500,51,0,56.19,17.0,3,귀한매물 2014년식 방2거실 실사진 풀옵 서두르세요,https://www.zigbang.com/home/apt/items/49216927
2026-06-17 08:48:18,빌라투룸,49352466,월세,04,울산시 남구 무거동,남구,무거동,1000,61,0,56.2,17.0,3,ㅣ넓은방2개 주방 ㅣ채광만점ㅣ즉시입주가능 ㅣ,https://www.zigbang.com/home/apt/items/49352466
2026-06-17 08:48:18,빌라투룸,49313551,월세,04,울산시 남구 무거동,남구,무거동,2000,40,0,57.1,17.27,2,리모델링된방 방2거실 1000에50가능,https://www.zigbang.com/home/apt/items/49313551
2026-06-17 08:48:18,빌라투룸,49215396,월세,04,울산시 남구 무거동,남구,무거동,1000,61,0,57,17.24,3,ꯁꯁ 울대후문ㅣ주차최고 ㅣ엘베ㅣ방2주방ㅣ올도배ㅣ컨디션최고,https://www.zigbang.com/home/apt/items/49215396
2026-06-17 08:48:18,빌라투룸,49192565,월세,04,울산시 남구 무거동,남구,무거동,500,51,0,56.2,17.0,3,ㅣHOT매물ㅣ방2거실1구조ㅣ주차굿ㅣ가성비갑ㅣ,https://www.zigbang.com/home/apt/items/49192565
2026-06-17 08:48:18,빌라투룸,48997191,월세,05,울산시 남구 무거동,남구,무거동,500,45,0,58,17.54,2,방2칸과 거실 주방이 크서 구조좋고  내부 수리되어 깨끗함,https://www.zigbang.com/home/apt/items/48997191
2026-06-17 08:48:18,빌라투룸,49397010,월세,04,울산시 울주군 범서읍 굴화리,울주군,범서읍,500,46,0,55,16.64,2,방2거실 에어컨2 깔끔한방 가성비굿,https://www.zigbang.com/home/apt/items/49397010
2026-06-17 08:48:18,빌라투룸,49391150,월세,04,울산시 울주군 범서읍 굴화리,울주군,범서읍,500,46,0,50.86,15.39,2,ㅣ굴화초인근ㅣ방2개ㅣ미니쓰리룸ㅣ이주주차noㅣ귀한위치,https://www.zigbang.com/home/apt/items/49391150
2026-06-17 08:48:18,빌라투룸,49380097,월세,04,울산시 울주군 범서읍 구영리,울주군,범서읍,1000,66,0,57,17.24,3,ꯁꯁ 구영리 귀한매물 엘베 BEST컨디션 방2  거실겸주방,https://www.zigbang.com/home/apt/items/49380097
2026-06-17 08:48:18,빌라투룸,49368459,월세,05,울산시 중구 다운동,중구,다운동,2000,40,0,76.1,23.02,2,방3거실 싱크대교체 최고가성비,https://www.zigbang.com/home/apt/items/49368459
2026-06-17 08:48:18,빌라투룸,49352913,월세,04,울산시 울주군 범서읍 굴화리,울주군,범서읍,500,46,0,54,16.33,2,월드메르디앙근처 BEST컨디션 빠른선택가격굳 방2거실겸주방,https://www.zigbang.com/home/apt/items/49352913
2026-06-17 08:48:18,빌라투룸,49332730,월세,04,울산시 울주군 범서읍 굴화리,울주군,범서읍,500,46,0,56.2,17.0,2,ㅣHOT매물ㅣ방2주방1구조ㅣ주차굿ㅣ,https://www.zigbang.com/home/apt/items/49332730
2026-06-17 08:48:18,빌라투룸,49327894,월세,04,울산시 울주군 범서읍 굴화리,울주군,범서읍,500,46,0,50,15.12,2,방2거실 풀옵션 실사진 금방나가요,https://www.zigbang.com/home/apt/items/49327894
2026-06-17 08:48:18,빌라투룸,49255712,월세,04,울산시 울주군 범서읍 구영리,울주군,범서읍,500,61,0,60.12,18.19,3,풀옵션. 관리 잘 된 방2 분리형 주방,https://www.zigbang.com/home/apt/items/49255712
2026-06-17 08:48:18,빌라투룸,49223582,월세,04,울산시 울주군 범서읍 구영리,울주군,범서읍,1000,70,0,60.1,18.18,2,방2거실 에어컨2 엘베0 새로도배예정,https://www.zigbang.com/home/apt/items/49223582
2026-06-17 08:48:19,빌라투룸,49369668,월세,04,울산시 북구 호계동,북구,호계동,500,61,0,56.2,17.0,3,ㅣNEW 실매물ㅣ화이트톤ㅣ호계고 인근ㅣ인기 구조ㅣ,https://www.zigbang.com/home/apt/items/49369668
2026-06-17 08:48:19,빌라투룸,49367785,월세,04,울산시 북구 호계동,북구,호계동,500,60,0,62.8,19.0,3,준신축급 방2개 거실1 풀옵션,https://www.zigbang.com/home/apt/items/49367785
2026-06-17 08:48:19,빌라투룸,49367519,월세,04,울산시 북구 호계동,북구,호계동,500,61,0,55,16.64,3,방2 거실 신축급 실사진,https://www.zigbang.com/home/apt/items/49367519
2026-06-17 08:48:19,빌라투룸,49208202,월세,06,울산시 북구 호계동,북구,호계동,2000,90,0,115.7,35.0,4,방3화2.호계주인세대.즉시입주가능,https://www.zigbang.com/home/apt/items/49208202
2026-06-17 08:48:19,빌라투룸,49173284,월세,04,경상북도 경주시 외동읍 모화리,경주시,외동읍,300,65,0,63.1,19.09,2,MA 방2거실에어컨2 깔끔한방,https://www.zigbang.com/home/apt/items/49173284
2026-06-17 08:48:19,빌라투룸,49389879,월세,04,울산시 북구 중산동,북구,중산동,3000,51,0,60,18.15,2,ㅣ15년 준공ㅣ거실1방2ㅣ풀옵션ㅣ막힘 없어요ㅣ,https://www.zigbang.com/home/apt/items/49389879
2026-06-17 08:48:19,빌라투룸,49357276,월세,04,울산시 북구 중산동,북구,중산동,500,56,0,59.5,18.0,3,ㅣTop classㅣ풀옵션ㅣ거실1방2ㅣ남향ㅣ,https://www.zigbang.com/home/apt/items/49357276
2026-06-17 08:48:19,빌라투룸,49326042,월세,04,울산시 북구 중산동,북구,중산동,3000,51,0,56.19,17.0,2,ㄴ귀한매물 2015년식 실사진  방2거실 풀옵 서두르세요,https://www.zigbang.com/home/apt/items/49326042
2026-06-17 08:48:19,빌라투룸,49033281,월세,04,울산시 북구 중산동,북구,중산동,3000,50,0,65,19.66,2,거실1방2 넓은 평수,https://www.zigbang.com/home/apt/items/49033281
2026-06-17 08:48:21,빌라투룸,49264582,월세,05,경상북도 경주시 시래동,경주시,시래동,1000,65,0,69,20.87,3,"방3,욕2 천정형에어컨2대,붙박이장",https://www.zigbang.com/home/apt/items/49264582
2026-06-17 08:48:21,빌라투룸,49383759,월세,05,경상북도 경주시 성건동,경주시,성건동,1000,65,0,138.84,42.0,4,"주인세대,,,42평,,,방3 욕2,,,편리한 엘베",https://www.zigbang.com/home/apt/items/49383759
2026-06-17 08:48:21,빌라투룸,49383549,월세,05,경상북도 경주시 동천동,경주시,동천동,1000,57,0,105.79,32.0,4,"주인세대,,,방3 욕2,,,전망 좋은 방,,,32평",https://www.zigbang.com/home/apt/items/49383549
2026-06-17 08:48:21,빌라투룸,49377426,월세,05,경상북도 경주시 동천동,경주시,동천동,1000,57,0,80,24.2,4,"방3,욕2. 강변조망 일조권최상",https://www.zigbang.com/home/apt/items/49377426
2026-06-17 08:48:21,빌라투룸,49374375,전세,05,경상북도 경주시 동천동,경주시,동천동,4500,0,0,58.46,17.68,3,"방2,거실과주방  옵션없음",https://www.zigbang.com/home/apt/items/49374375
2026-06-17 08:48:21,빌라투룸,49374372,월세,04,경상북도 경주시 동천동,경주시,동천동,500,50,0,50,15.12,2,"방2,거실 풀옵션",https://www.zigbang.com/home/apt/items/49374372
2026-06-17 08:48:21,빌라투룸,49334707,월세,04,경상북도 경주시 동천동,경주시,동천동,500,60,0,60,18.15,4,ㅡ방2거실ㅡ신축ㅡ단독테라스ㅡ,https://www.zigbang.com/home/apt/items/49334707
2026-06-17 08:48:21,빌라투룸,49297846,월세,04,경상북도 경주시 동천동,경주시,동천동,300,43,0,55.95,16.92,2,"착한 월세,,,방2 거실,,,교육청 소방서 동천초등 방면",https://www.zigbang.com/home/apt/items/49297846
2026-06-17 08:48:21,빌라투룸,49173262,월세,05,경상북도 경주시 동천동,경주시,동천동,2000,81,0,99,29.95,4,ㅡ엘베ㅡ방3화2ㅡ예쁜집ㅡ,https://www.zigbang.com/home/apt/items/49173262
2026-06-17 08:48:23,빌라투룸,49226556,월세,04,경상북도 성주군 성주읍 학산리,성주군,성주읍,500,50,0,50,15.12,4,"산업단지 넓은 투룸, 즉시가능, 외국인 입주가능",https://www.zigbang.com/home/apt/items/49226556
2026-06-17 08:48:23,빌라투룸,49180075,전세,04,경상북도 성주군 성주읍 예산리,성주군,성주읍,7000,0,0,66,19.96,3,LH가능.도시가스 연결된 거실 넓은 신축 투룸,https://www.zigbang.com/home/apt/items/49180075
2026-06-17 08:48:23,빌라투룸,49179945,월세,04,경상북도 성주군 성주읍 성산리,성주군,성주읍,500,40,0,52.89,16.0,4,"가장 저렴한 투룸, 도시가스",https://www.zigbang.com/home/apt/items/49179945
2026-06-17 08:48:23,빌라투룸,49179888,월세,05,경상북도 성주군 성주읍 학산리,성주군,성주읍,500,70,0,90,27.22,3,성주산업단지 내 기숙사형 쓰리룸,https://www.zigbang.com/home/apt/items/49179888
2026-06-17 08:48:24,빌라투룸,49222001,월세,04,경상북도 김천시 신음동,김천시,신음동,500,48,0,60,18.15,2,최선을 다하겠습니다.신음동 롯데마트뒤 풀옵션 투룸월세,https://www.zigbang.com/home/apt/items/49222001
2026-06-17 08:48:24,빌라투룸,49221949,월세,04,경상북도 김천시 부곡동,김천시,부곡동,500,45,0,55,16.64,4,부곡동 푸르지오 아파트인근 퀄리티 최고의 투룸,https://www.zigbang.com/home/apt/items/49221949
2026-06-17 08:48:24,빌라투룸,48870605,월세,04,경상북도 김천시 모암동,김천시,모암동,500,43,0,50,15.12,2,김천 의료원인근 최신축 깔끔한 투룸 방2 거실1,https://www.zigbang.com/home/apt/items/48870605
2026-06-17 08:48:24,빌라투룸,48757851,월세,04,경상북도 김천시 신음동,김천시,신음동,500,43,0,50,15.12,2,김천시청 바로옆 신음동최저가 풀옵션 깔끔한 신축원룸,https://www.zigbang.com/home/apt/items/48757851
2026-06-17 08:48:24,빌라투룸,48757843,월세,04,경상북도 김천시 응명동,김천시,응명동,500,48,0,50,15.12,2,실매물보장 산업공단초입 최저가 풀옵션 투룸 방2 거실1,https://www.zigbang.com/home/apt/items/48757843
2026-06-17 08:48:24,빌라투룸,48870630,월세,04,경상북도 김천시 부곡동,김천시,부곡동,500,43,0,50,15.12,2,"보증금,월세 파격조정가능 주공아파트인근 최저가 풀옵션 투룸",https://www.zigbang.com/home/apt/items/48870630
2026-06-17 08:48:25,빌라투룸,49222011,월세,04,경상북도 김천시 덕곡동,김천시,덕곡동,500,43,0,50,15.12,2,김천혁신도시 인근신축 투룸방2거실,https://www.zigbang.com/home/apt/items/49222011
2026-06-17 08:48:25,빌라투룸,49221968,월세,05,경상북도 김천시 덕곡동,김천시,덕곡동,5000,38,0,80,24.2,4,김천시 덕곡동 보기힘든 방3개의 쓰리룸 반전세,https://www.zigbang.com/home/apt/items/49221968
2026-06-17 08:48:25,빌라투룸,49221959,월세,04,경상북도 김천시 덕곡동,김천시,덕곡동,500,43,0,57,17.24,2,덕곡동 무실삼거리 인근 방2개 거실 주방의 투룸 월세,https://www.zigbang.com/home/apt/items/49221959
2026-06-17 08:48:25,빌라투룸,48771492,월세,04,경상북도 김천시 덕곡동,김천시,덕곡동,500,43,0,50,15.12,3,덕곡무실삼거리 최신축 풀옵션 깔끔한 투룸 방2 거실1,https://www.zigbang.com/home/apt/items/48771492
2026-06-17 08:48:26,빌라투룸,49381739,월세,05,경상북도 구미시 봉곡동,구미시,봉곡동,700,35,0,85,25.71,4,봉곡동 쓰리룸 방3 욕실2,https://www.zigbang.com/home/apt/items/49381739
2026-06-17 08:48:26,빌라투룸,49363278,월세,04,경상북도 구미시 봉곡동,구미시,봉곡동,1000,50,0,67,20.27,2,리모델링 투룸 넓은거실 건조기까지,https://www.zigbang.com/home/apt/items/49363278
2026-06-17 08:48:26,빌라투룸,49362738,월세,04,경상북도 구미시 봉곡동,구미시,봉곡동,1000,55,0,67,20.27,3,봉곡동 우체국뒤 리모델링 투룸 풀옵션 즉시입주,https://www.zigbang.com/home/apt/items/49362738
2026-06-17 08:48:26,빌라투룸,49290083,전세,04,경상북도 구미시 봉곡동,구미시,봉곡동,9500,0,0,81.02,24.51,3,LH전세 대형 투룸 넓은 거실 넓은 주방 넓은 방 올리모델,https://www.zigbang.com/home/apt/items/49290083
2026-06-17 08:48:26,빌라투룸,49259099,월세,04,경상북도 구미시 봉곡동,구미시,봉곡동,2000,40,0,63,19.06,4,"금오산뷰,남향,풀옵션투룸",https://www.zigbang.com/home/apt/items/49259099
2026-06-17 08:48:26,빌라투룸,49234349,월세,04,경상북도 구미시 봉곡동,구미시,봉곡동,500,45,0,58,17.54,4,"투룸,리모델링,깔끔함",https://www.zigbang.com/home/apt/items/49234349
2026-06-17 08:48:26,빌라투룸,49120170,월세,04,경상북도 구미시 봉곡동,구미시,봉곡동,1000,55,0,67,20.27,2,"거실큰투룸,건조기,풀옵션",https://www.zigbang.com/home/apt/items/49120170
2026-06-17 08:48:26,빌라투룸,49104733,월세,04,경상북도 구미시 봉곡동,구미시,봉곡동,2000,56,0,60,18.15,2,봉곡동 법원인근 깔끔 리모델링 투룸은 바로 여기,https://www.zigbang.com/home/apt/items/49104733
2026-06-17 08:48:26,빌라투룸,49390789,월세,04,대구시 달서구 신당동,달서구,신당동,500,45,0,26.1,7.9,4,"NEW 계명대투룸ㅣ중문, 화이트톤ㅣ미친채광ㅣ마지막호실",https://www.zigbang.com/home/apt/items/49390789
2026-06-17 08:48:26,빌라투룸,49232301,월세,04,대구시 달성군 다사읍 세천리,달성군,다사읍,500,48,0,48.65,14.72,3,"풀옵션.투룸v 방2개,주방겸거실.베란다",https://www.zigbang.com/home/apt/items/49232301
2026-06-17 08:48:26,빌라투룸,49216112,월세,04,대구시 달성군 다사읍 세천리,달성군,다사읍,200,20,0,42.99,13.0,3,NEW미니투룸 I 관리잘된집 I 일등가격 I 빨리,https://www.zigbang.com/home/apt/items/49216112
2026-06-17 08:48:26,빌라투룸,49215782,월세,04,대구시 달성군 다사읍 세천리,달성군,다사읍,500,30,0,46.3,14.01,2,NEW투룸O 엘베O 중문O 가성비일등O 빨리O,https://www.zigbang.com/home/apt/items/49215782
2026-06-17 08:48:26,빌라투룸,49186930,월세,04,대구시 달성군 다사읍 세천리,달성군,다사읍,500,35,0,58.3,17.64,2,거실큰 정투룸 풀옵션 채광굿 방음굿 단열굿 내부굿,https://www.zigbang.com/home/apt/items/49186930
2026-06-17 08:48:26,빌라투룸,49397149,월세,04,경상북도 칠곡군 왜관읍 왜관리,칠곡군,왜관읍,500,45,0,82.64,25.0,3,"0투룸월세0쓰리룸크기,놓치면 후회합니다",https://www.zigbang.com/home/apt/items/49397149
2026-06-17 08:48:26,빌라투룸,49305573,월세,04,경상북도 칠곡군 왜관읍 왜관리,칠곡군,왜관읍,500,45,0,49.59,15.0,4,O투룸월세O왜관시내O버거킹부근 O준신축즉시입주,https://www.zigbang.com/home/apt/items/49305573
2026-06-17 08:48:26,빌라투룸,49305568,월세,04,경상북도 칠곡군 왜관읍 왜관리,칠곡군,왜관읍,1000,60,0,78.64,23.79,5,O왜관최초오피스텔O신축첫입주O복층형투룸O,https://www.zigbang.com/home/apt/items/49305568
2026-06-17 08:48:26,빌라투룸,49305555,월세,04,경상북도 칠곡군 왜관읍,칠곡군,왜관읍,4000,35,0,59.5,18.0,2,"O신축정투룸O태왕아너스,칠곡군립도서관부근",https://www.zigbang.com/home/apt/items/49305555
2026-06-17 08:48:26,빌라투룸,49296495,월세,04,경상북도 칠곡군 왜관읍 왜관리,칠곡군,왜관읍,500,45,0,59.5,18.0,3,㉧해 잘들어오는 투룸㉧ 버거킹 라인 입주 준비 완료,https://www.zigbang.com/home/apt/items/49296495
2026-06-17 08:48:26,빌라투룸,49296368,월세,04,경상북도 칠곡군 왜관읍 왜관리,칠곡군,왜관읍,500,45,0,59.5,18.0,2,㉧인기있는 투룸㉧ 넓은 구조 세련된 인테리어 달오지구,https://www.zigbang.com/home/apt/items/49296368
2026-06-17 08:48:26,빌라투룸,49285944,월세,04,경상북도 칠곡군 왜관읍 왜관리,칠곡군,왜관읍,500,40,0,59.5,18.0,2,㉧엘리베이터㉧ 풀옵션 투룸 왜관 달오지구 입주 청소 완료,https://www.zigbang.com/home/apt/items/49285944
2026-06-17 08:48:26,빌라투룸,49305562,월세,04,경상북도 칠곡군 왜관읍 석전리,칠곡군,왜관읍,1000,50,0,69.42,21.0,3,"O정투룸O북부정류장부근,왜관역부근O먼저보면임자O",https://www.zigbang.com/home/apt/items/49305562
2026-06-17 08:48:26,빌라투룸,49213367,월세,04,경상북도 칠곡군 왜관읍 석전리,칠곡군,왜관읍,500,35,0,59.5,18.0,3,㉧엘베 투룸㉧ 대출없음 북부정류장 옆 왜관시장 가까워요,https://www.zigbang.com/home/apt/items/49213367
2026-06-17 08:48:26,빌라투룸,48921758,월세,04,경상북도 칠곡군 왜관읍 석전리,칠곡군,왜관읍,500,40,0,59.5,18.0,2,㉧거실 큰 투룸㉧ 도배 새로 컨디션 최상 중앙초 인근 2층,https://www.zigbang.com/home/apt/items/48921758
2026-06-17 08:48:27,빌라투룸,49370546,월세,04,대구시 달서구 용산동,달서구,용산동,500,37,0,62.81,19.0,2,"주차Good,방大2,거실大ㅡ깨끗하고 좋은집",https://www.zigbang.com/home/apt/items/49370546
2026-06-17 08:48:27,빌라투룸,49340011,월세,04,대구시 달서구 용산동,달서구,용산동,300,28,0,59.5,18.0,3,리모델링  남향 따뜻하고 아늑한 방2 거실 베란다,https://www.zigbang.com/home/apt/items/49340011
2026-06-17 08:48:27,빌라투룸,49325903,월세,04,대구시 달서구 용산동,달서구,용산동,100,23,0,47.9,14.49,2,Pick 보100ㅣ올수리투룸ㅣ화이트톤ㅣ마지막호실ㅣ빨리,https://www.zigbang.com/home/apt/items/49325903
2026-06-17 08:48:27,빌라투룸,49323065,월세,05,대구시 달서구 이곡동,달서구,이곡동,300,38,0,58.9,17.82,2,ll 화이트톤 올수리 풀옵션 쓰리룸 ll 즉시입주가 ll,https://www.zigbang.com/home/apt/items/49323065
2026-06-17 08:48:27,빌라투룸,49264416,월세,05,대구시 달서구 용산동,달서구,용산동,1000,58,0,96.28,29.12,4,"올리모델링ㅡ주인세대ㅡ실물최상급ㅡ조정OKㅡ방3,거실大,욕실2",https://www.zigbang.com/home/apt/items/49264416
2026-06-17 08:48:27,빌라투룸,49254911,월세,04,대구시 달서구 용산동,달서구,용산동,100,20,0,42.9,12.98,1,보100 l 화이트리모델링 l 직접보시면압니다 l 빨리빨리,https://www.zigbang.com/home/apt/items/49254911
2026-06-17 08:48:27,빌라투룸,49238976,월세,04,대구시 달서구 용산동,달서구,용산동,100,20,0,47.9,14.49,1,"NEW 보100ㅣ올수리투룸,화이트톤ㅣ옵션빵빵ㅣ빨리",https://www.zigbang.com/home/apt/items/49238976
2026-06-17 08:48:27,빌라투룸,49173215,월세,04,대구시 달서구 용산동,달서구,용산동,200,21,0,42.98,13.0,1,"용산동,올리모델링투룸ㅣ정남향ㅣ풀옵션ㅣ즉시입주OKㅣ빨리빨리",https://www.zigbang.com/home/apt/items/49173215
2026-06-17 08:48:27,빌라투룸,49126034,전세,04,대구시 달서구 용산동,달서구,용산동,7000,0,0,54.89,16.6,1,"화이트올수리ㅡ방2,주방ㅡLH전세X,다용도가능",https://www.zigbang.com/home/apt/items/49126034
2026-06-17 08:48:27,빌라투룸,49087674,월세,04,대구시 달서구 용산동,달서구,용산동,200,22,0,59.5,18.0,3,용산파크아파트옆 투룸 저렴하고 좋은방  즉시입주가능,https://www.zigbang.com/home/apt/items/49087674
2026-06-17 08:48:27,빌라투룸,49011572,월세,04,대구시 달서구 이곡동,달서구,이곡동,500,30,0,62,18.75,2,이곡중부근 방2거실겸주방 베란다 올수리 화이트톤 즉시입주,https://www.zigbang.com/home/apt/items/49011572
2026-06-17 08:48:27,빌라투룸,49364983,월세,04,대구시 동구 불로동,동구,불로동,300,22,0,42.1,12.74,4,"시설깔끔. 방1칸大,거실大. 풀옵. 가성비甲. 주차편리",https://www.zigbang.com/home/apt/items/49364983
2026-06-17 08:48:27,빌라투룸,49349880,월세,04,대구시 동구 불로동,동구,불로동,500,32,0,45,13.61,4,넓은 거실과 방2개 채광 주차편리 즉시입주가능,https://www.zigbang.com/home/apt/items/49349880
2026-06-17 08:48:27,빌라투룸,49312560,월세,04,대구시 동구 불로동,동구,불로동,500,32,0,45,13.61,4,방2 거실 겸 주방 욕실 베란다 구,https://www.zigbang.com/home/apt/items/49312560
2026-06-17 08:48:27,빌라투룸,49259908,월세,04,대구시 동구 불로동,동구,불로동,300,35,0,45,13.61,3,방2 거1 ㅇ 이시아폴리스 인근 ㅇ 컨디션 최상,https://www.zigbang.com/home/apt/items/49259908
2026-06-17 08:48:27,빌라투룸,49226601,월세,04,대구시 동구 불로동,동구,불로동,300,30,0,42,12.7,3,방2거1 이시아폴리스 인근 신축급 풀옵션 매물,https://www.zigbang.com/home/apt/items/49226601
2026-06-17 08:48:27,빌라투룸,49207209,월세,04,대구시 동구 지저동,동구,지저동,300,30,0,43,13.01,2,방2 거실 주방 욕실 구조,https://www.zigbang.com/home/apt/items/49207209
2026-06-17 08:48:27,빌라투룸,49390947,월세,04,대구시 북구 학정동,북구,학정동,1000,40,0,35,10.59,3,w 인기많은 정투룸 w,https://www.zigbang.com/home/apt/items/49390947
2026-06-17 08:48:27,빌라투룸,49345696,월세,04,대구시 북구 학정동,북구,학정동,3000,71,0,45,13.61,2,V건조기까지 있는 신축 투룸V 학정동 인기 매물,https://www.zigbang.com/home/apt/items/49345696
2026-06-17 08:48:27,빌라투룸,49306669,월세,04,대구시 북구 학정동,북구,학정동,10000,15,0,50,15.12,2,ㅣ신축풀옵션투룸ㅣ경대병원인근즉시입주ㅣ,https://www.zigbang.com/home/apt/items/49306669
2026-06-17 08:48:27,빌라투룸,49285982,월세,04,대구시 북구 학정동,북구,학정동,1000,40,0,50,15.12,2,V학정동 넓은 투룸V채광 좋은 깔끔한 집,https://www.zigbang.com/home/apt/items/49285982
2026-06-17 08:48:27,빌라투룸,49067456,월세,04,대구시 북구 학정동,북구,학정동,1000,40,0,45,13.61,3,w 집이 밝은 구조 너무 좋은 학정동 투룸 w,https://www.zigbang.com/home/apt/items/49067456
2026-06-17 08:48:27,빌라투룸,48974955,월세,04,대구시 북구 학정동,북구,학정동,500,50,0,40,12.1,2,w 학정동 구조좋은 정투룸입니다 w,https://www.zigbang.com/home/apt/items/48974955
2026-06-17 08:48:28,빌라투룸,49383303,월세,04,경상북도 구미시 임수동,구미시,임수동,300,30,0,67,20.27,3,리모델링 투룸 방2개,https://www.zigbang.com/home/apt/items/49383303
2026-06-17 08:48:28,빌라투룸,49339804,월세,04,경상북도 구미시 비산동,구미시,비산동,500,40,0,50,15.12,3,리모델링 투룸ㅣ양문형 냉장고ㅣ이노텍ㅣ금오공대ㅣ구미IC,https://www.zigbang.com/home/apt/items/49339804
2026-06-17 08:48:28,빌라투룸,49308365,월세,04,경상북도 구미시 임은동,구미시,임은동,1000,50,0,50,15.12,3,리모델링 투룸ㅣ실링팬ㅣ채광 굿ㅣ공단이동 용이ㅣ상권  최고,https://www.zigbang.com/home/apt/items/49308365
2026-06-17 08:48:28,빌라투룸,49217037,월세,04,경상북도 구미시 비산동,구미시,비산동,300,30,0,60,18.15,2,"투룸V풀옵션V넓은 거실V도배,장판 새로 했어요V",https://www.zigbang.com/home/apt/items/49217037
2026-06-17 08:48:28,빌라투룸,49211439,월세,04,경상북도 구미시 신평동,구미시,신평동,500,38,0,60,18.15,4,ㅣPLUSㅣ투룸V풀옵션 구비V남향V채광 굿V넓은 거실V,https://www.zigbang.com/home/apt/items/49211439
2026-06-17 08:48:28,빌라투룸,49204499,월세,04,경상북도 구미시 임은동,구미시,임은동,500,35,0,50,15.12,4,준신축 깔끔하고 저렴한방 즉시입주 실사진임,https://www.zigbang.com/home/apt/items/49204499
2026-06-17 08:48:28,빌라투룸,49169160,월세,04,경상북도 구미시 임수동,구미시,임수동,300,30,0,59,17.85,3,GG인기급상승G실매물GALL리모델링G위치최상G러블리투룸,https://www.zigbang.com/home/apt/items/49169160
2026-06-17 08:48:28,빌라투룸,49155934,월세,04,경상북도 구미시 공단동,구미시,공단동,300,30,0,50,15.12,2,V투룸V옵션 구비V도로가 인접V즉시 입주 가능V,https://www.zigbang.com/home/apt/items/49155934
2026-06-17 08:48:29,빌라투룸,49371457,월세,04,경상북도 구미시 원평동,구미시,원평동,500,40,0,60,18.15,3,투룸V풀옵션V채광 굿V터미널 인접V,https://www.zigbang.com/home/apt/items/49371457
2026-06-17 08:48:29,빌라투룸,49357009,월세,04,경상북도 구미시 원평동,구미시,원평동,300,38,0,50,15.12,2,깜끔한 투룸ㅣ풀옵션ㅣ옷장ㅣ터미널ㅣ구미시청ㅣ문성 이동용이,https://www.zigbang.com/home/apt/items/49357009
2026-06-17 08:48:29,빌라투룸,49325012,월세,04,경상북도 구미시 원평동,구미시,원평동,1000,40,0,70,21.17,4,구미역 바로뒤 준신축 투룸 풀옵션 에어컨2대,https://www.zigbang.com/home/apt/items/49325012
2026-06-17 08:48:29,빌라투룸,49316813,월세,05,경상북도 구미시 신평동,구미시,신평동,500,45,0,65,19.66,4,쓰리룸V남향V채광 굿V즉시 입주 가능V,https://www.zigbang.com/home/apt/items/49316813
2026-06-17 08:48:29,빌라투룸,49286098,월세,04,경상북도 구미시 원평동,구미시,원평동,300,38,0,50,15.12,4,ㄴWOWㄱ풀옵션 투룸ㅣ구미역 인접ㅣ주차 차단기,https://www.zigbang.com/home/apt/items/49286098
2026-06-17 08:48:29,빌라투룸,49244753,월세,04,경상북도 구미시 남통동,구미시,남통동,500,50,0,60,18.15,3,투룸V채광 굿V폴옵션V채광 굿V금오산 인접V,https://www.zigbang.com/home/apt/items/49244753
2026-06-17 08:48:29,빌라투룸,49169302,월세,04,경상북도 구미시 원평동,구미시,원평동,300,36,0,60,18.15,2,구미역 도보 5분거리 거실 사이즈 엄청 넓은 투룸 월세,https://www.zigbang.com/home/apt/items/49169302
2026-06-17 08:48:29,빌라투룸,49120044,월세,04,경상북도 구미시 원평동,구미시,원평동,500,35,0,60,18.15,4,깔끔한 투룸ㅣ에어컨2대ㅣ선산이동 용이ㅣ구미시청ㅣ터미널,https://www.zigbang.com/home/apt/items/49120044
2026-06-17 08:48:29,빌라투룸,49113234,월세,04,경상북도 구미시 신평동,구미시,신평동,1000,45,0,60,18.15,4,V투룸V옵션 구비V넓은 거실V트여있는 전망V,https://www.zigbang.com/home/apt/items/49113234
2026-06-17 08:48:29,빌라투룸,49395166,월세,04,경상북도 구미시 옥계동,구미시,옥계동,300,25,0,52.89,16.0,3,옥계초 인근 밝고 깔끔한 투룸,https://www.zigbang.com/home/apt/items/49395166
2026-06-17 08:48:29,빌라투룸,49395066,월세,04,경상북도 구미시 옥계동,구미시,옥계동,300,33,0,56.2,17.0,2,도서관맞은편 풀옵션 갓성비투룸,https://www.zigbang.com/home/apt/items/49395066
2026-06-17 08:48:29,빌라투룸,49373499,월세,04,경상북도 구미시 옥계동,구미시,옥계동,500,40,0,60,18.15,2,ㅁ큰도로 인근 정남향 햇살가득 방도 위치도 기가막힌 투룸ㅁ,https://www.zigbang.com/home/apt/items/49373499
2026-06-17 08:48:29,빌라투룸,49303197,월세,04,경상북도 구미시 옥계동,구미시,옥계동,300,39,0,60,18.15,2,ㅁ동사무소 인근 깔끔하고 깨끗한 투룸ㅁ,https://www.zigbang.com/home/apt/items/49303197
2026-06-17 08:48:29,빌라투룸,49264999,월세,04,경상북도 구미시 산동읍 봉산리,구미시,산동읍,500,55,0,60,18.15,4,ㅁ큰도로 먹자골목인근 엘리베이터에 화장실2개 대박 오피스텔,https://www.zigbang.com/home/apt/items/49264999
2026-06-17 08:48:29,빌라투룸,49264952,월세,04,경상북도 구미시 옥계동,구미시,옥계동,200,26,0,50,15.12,2,ㅁ동사무소 인근 옥계에 이가격에 투룸이 대박사건ㅁ,https://www.zigbang.com/home/apt/items/49264952
2026-06-17 08:48:29,빌라투룸,49264916,월세,04,경상북도 구미시 옥계동,구미시,옥계동,500,30,0,45,13.61,1,ㅁ양포초 인근 화이트계열 올리모델링 몸만입쥬ㅁ,https://www.zigbang.com/home/apt/items/49264916
2026-06-17 08:48:31,빌라투룸,49234276,월세,05,경상북도 구미시 선산읍 교리,구미시,선산읍,500,55,0,85,25.71,4,쓰리룸 엘베있음 방3 욕실2 베란다2,https://www.zigbang.com/home/apt/items/49234276
2026-06-17 08:48:37,빌라투룸,49383092,월세,04,대구시 동구 서호동,동구,서호동,300,35,0,45,13.61,2,HOT . 반야월역 . 도보2분 . 화이트톤 . 깔끔한집,https://www.zigbang.com/home/apt/items/49383092
2026-06-17 08:48:37,빌라투룸,49374512,월세,05,대구시 동구 서호동,동구,서호동,1000,40,0,44.98,13.61,4,"화이트톤 大쓰리룸,,, 반야월역 인근 채광굿",https://www.zigbang.com/home/apt/items/49374512
2026-06-17 08:48:37,빌라투룸,49347702,월세,04,대구시 동구 율하동,동구,율하동,2000,40,0,52.8,15.97,3,ㅇ방2거실1ㅇ남향ㅇ신기역 인근ㅇ중문ㅇ,https://www.zigbang.com/home/apt/items/49347702
2026-06-17 08:48:37,빌라투룸,49334788,월세,05,대구시 동구 율하동,동구,율하동,1500,70,0,59.01,17.85,2,"ㅇ안일초3분ㅇ에어컨2대ㅇ2,3,4,층 사용ㅇ테라스 있음",https://www.zigbang.com/home/apt/items/49334788
2026-06-17 08:48:37,빌라투룸,49334635,월세,04,대구시 동구 각산동,동구,각산동,500,50,0,52.8,15.97,3,ㅇ안심지구대 인근ㅇ엘베Oㅇ방2 거실1ㅇ최고컨디션ㅇ,https://www.zigbang.com/home/apt/items/49334635
2026-06-17 08:48:37,빌라투룸,49334584,월세,04,대구시 동구 율하동,동구,율하동,700,50,0,52.8,15.97,2,ㅇ율하역 5분ㅇ리모델링ㅇ방2거실1ㅇ,https://www.zigbang.com/home/apt/items/49334584
2026-06-17 08:48:37,빌라투룸,49334483,월세,04,대구시 동구 율하동,동구,율하동,1000,40,0,52.8,15.97,3,ㅇ에어컨3대ㅇ방2거실1ㅇ엘베有ㅇ율하역 5분ㅇ,https://www.zigbang.com/home/apt/items/49334483
2026-06-17 08:48:37,빌라투룸,49288795,월세,04,대구시 동구 율하동,동구,율하동,300,30,0,40,12.1,2,HOT . 율하역3분 . 깔끔한투룸 . 가성비굳,https://www.zigbang.com/home/apt/items/49288795
2026-06-17 08:48:37,빌라투룸,49240092,월세,04,대구시 동구 서호동,동구,서호동,2000,40,0,44.98,13.61,4,ㅇ반야월역 5분ㅇ2022년ㅇ방2거실1ㅇ,https://www.zigbang.com/home/apt/items/49240092
2026-06-17 08:48:37,빌라투룸,49095647,월세,04,대구시 동구 율하동,동구,율하동,500,35,0,23.62,7.15,3,.거실1방1 율하신축투룸.200프로 실매물.붙박이장 엘베.,https://www.zigbang.com/home/apt/items/49095647
2026-06-17 08:48:37,빌라투룸,49379559,월세,04,대구시 동구 신서동,동구,신서동,300,25,0,42,12.7,2,투룸ㅡ풀옵션ㅡ실매물,https://www.zigbang.com/home/apt/items/49379559
2026-06-17 08:48:37,빌라투룸,49363270,월세,04,대구시 동구 동호동,동구,동호동,500,30,0,41,12.4,3,투룸 동부경찰서인근 실매물 엘베有,https://www.zigbang.com/home/apt/items/49363270
2026-06-17 08:48:37,빌라투룸,49338317,월세,04,대구시 동구 각산동,동구,각산동,500,45,0,49,14.82,2,"초래봉맞은편 넓고 깔끔한 가성비좋은 방2.거.남향투룸,즉입",https://www.zigbang.com/home/apt/items/49338317
2026-06-17 08:48:37,빌라투룸,49285447,월세,04,대구시 동구 각산동,동구,각산동,1000,47,0,49.59,15.0,3,"혁신도시복층형구조,확트인전망.사무실과주거분리공간,주차편리",https://www.zigbang.com/home/apt/items/49285447
2026-06-17 08:48:37,빌라투룸,49254856,전세,05,대구시 동구 신서동,동구,신서동,12000,0,0,99.17,30.0,3,"LH 전세가능한 융자없는 혁신도시주인세대,즉시입주가",https://www.zigbang.com/home/apt/items/49254856
2026-06-17 08:48:37,빌라투룸,49245823,월세,04,대구시 동구 각산동,동구,각산동,500,45,0,49.59,15.0,2,"새론중삼거리 아주넓고깔끔한방2 남향투룸,청소완료.즉시입주",https://www.zigbang.com/home/apt/items/49245823
2026-06-17 08:48:37,빌라투룸,49245776,월세,05,대구시 동구 신서동,동구,신서동,1000,65,0,100,30.25,3,새론중학교 공기관인근 월세저렴한 아파트형주인세대,https://www.zigbang.com/home/apt/items/49245776
2026-06-17 08:48:37,빌라투룸,49238717,월세,04,대구시 동구 동호동,동구,동호동,500,34,0,39.87,12.06,3,ꖛ통창투룸 ꖛ엘베 ꖛ치안확실 ꖛ풀옵션 ꖛ인기매물,https://www.zigbang.com/home/apt/items/49238717
2026-06-17 08:48:37,빌라투룸,49212370,월세,05,대구시 동구 각산동,동구,각산동,2000,90,0,132.61,40.11,4,ㅇ실사진ㅇ동부고 1분ㅇ방3욕실2ㅇ천장형에어컨2ㅇ,https://www.zigbang.com/home/apt/items/49212370
2026-06-17 08:48:37,빌라투룸,49117476,월세,04,대구시 동구 신서동,동구,신서동,300,38,0,28.26,8.55,3,.거실1방1 신서동신축투룸.200프로실매물.채광우수구조굿.,https://www.zigbang.com/home/apt/items/49117476
2026-06-17 08:48:38,빌라투룸,49375842,월세,04,경상북도 경산시 진량읍 신상리,경산시,진량읍,200,33,0,43,13.01,2,싼 투룸  주위주차할때는 많은집,https://www.zigbang.com/home/apt/items/49375842
2026-06-17 08:48:38,빌라투룸,49358747,월세,04,경상북도 경산시 진량읍 신상리,경산시,진량읍,200,34,0,52.89,16.0,4,최저가 넓은 거실 넓은 화장실,https://www.zigbang.com/home/apt/items/49358747
2026-06-17 08:48:38,빌라투룸,49345853,월세,04,경상북도 경산시 진량읍 신상리,경산시,진량읍,200,33,0,52,15.73,4,소개비 무 관리잘되는집 투룸,https://www.zigbang.com/home/apt/items/49345853
2026-06-17 08:48:38,빌라투룸,49345841,월세,04,경상북도 경산시 진량읍 신상리,경산시,진량읍,300,40,0,52,15.73,4,소개비 무 위치 좋은집 조용하며 관리잘됨,https://www.zigbang.com/home/apt/items/49345841
2026-06-17 08:48:38,빌라투룸,49338537,월세,04,경상북도 경산시 진량읍 신상리,경산시,진량읍,200,29,0,42.1,12.74,2,최저가 투룸입니다,https://www.zigbang.com/home/apt/items/49338537
2026-06-17 08:48:38,빌라투룸,49338439,월세,04,경상북도 경산시 진량읍 신상리,경산시,진량읍,200,32,0,46.1,13.95,2,가성비 좋은 투룸,https://www.zigbang.com/home/apt/items/49338439
2026-06-17 08:48:38,빌라투룸,49323771,월세,04,경상북도 경산시 진량읍 신상리,경산시,진량읍,200,35,0,52.89,16.0,2,편리한 집 투룸,https://www.zigbang.com/home/apt/items/49323771
2026-06-17 08:48:38,빌라투룸,49163748,월세,04,경상북도 경산시 하양읍 금락리,경산시,하양읍,300,45,0,66.12,20.0,4,하양초 옆 큰투룸 완전 착한임대,https://www.zigbang.com/home/apt/items/49163748
2026-06-17 08:48:42,빌라투룸,49398035,월세,05,경상북도 경주시 황성동,경주시,황성동,2000,75,0,82.64,25.0,4,"주인세대,,,풀 옵션,,,방3 욕2 ,,,25평",https://www.zigbang.com/home/apt/items/49398035
2026-06-17 08:48:42,빌라투룸,49395835,월세,05,경상북도 경주시 용강동,경주시,용강동,500,55,0,79.34,24.0,3,"풀옵션,,,방3 거실,,,장기 출장 하시는 분 추천",https://www.zigbang.com/home/apt/items/49395835
2026-06-17 08:48:42,빌라투룸,49393052,월세,04,경상북도 경주시 용강동,경주시,용강동,500,42,0,48.6,14.7,4,"남향 빌라4층 방2,넓은거실과주방 옵션없음",https://www.zigbang.com/home/apt/items/49393052
2026-06-17 08:48:42,빌라투룸,49272976,월세,04,경상북도 경주시 황성동,경주시,황성동,300,48,0,50,15.12,2,ㅡ방2 주방ㅡ예쁜 정투룸ㅡ주차편리ㅡ,https://www.zigbang.com/home/apt/items/49272976
2026-06-17 08:48:44,빌라투룸,49371437,월세,05,경상북도 포항시 북구 동빈1가,포항시 북구,동빈1가,1000,81,0,99.17,30.0,4,동빈동 북구청 인근 엘리베이터있는  주인세대 입니다.,https://www.zigbang.com/home/apt/items/49371437
2026-06-17 08:48:44,빌라투룸,49365069,월세,04,경상북도 포항시 북구 동빈2가,포항시 북구,동빈2가,300,40,0,57,17.24,2,가성비 좋은 옵션 정투룸T,https://www.zigbang.com/home/apt/items/49365069
2026-06-17 08:48:44,빌라투룸,49299093,월세,04,경상북도 포항시 북구 상원동,포항시 북구,상원동,500,45,0,58,17.54,4,엘리베이터 풀옵션 정투룸T,https://www.zigbang.com/home/apt/items/49299093
2026-06-17 08:48:44,빌라투룸,49290230,월세,04,경상북도 포항시 북구 동빈1가,포항시 북구,동빈1가,500,50,0,59.5,18.0,3,엘리베이터 건물  동빈동 북구청부근   투룸,https://www.zigbang.com/home/apt/items/49290230
2026-06-17 08:48:44,빌라투룸,49258379,전세,04,경상북도 포항시 북구 동빈1가,포항시 북구,동빈1가,6000,0,0,50,15.12,2,북구청 채움병원인근 깔끔한 정투 전세,https://www.zigbang.com/home/apt/items/49258379
2026-06-17 08:49:39,빌라투룸,49211813,월세,04,충청남도 서산시 동문동,서산시,동문동,1000,55,0,66.12,20.0,4,에어컨두대 풀옵션 투룸 신축급 반전세 뷰 채광 굿,https://www.zigbang.com/home/apt/items/49211813
2026-06-17 08:49:39,빌라투룸,49149384,월세,04,충청남도 서산시 동문동,서산시,동문동,1000,60,0,50,15.12,4,터미널가까운 신축급 풀옵션투룸,https://www.zigbang.com/home/apt/items/49149384
2026-06-17 08:49:39,빌라투룸,49096621,월세,04,충청남도 서산시 읍내동,서산시,읍내동,1000,55,0,63.2,19.12,2,문화회관인근 넓은 투룸 협의입주,https://www.zigbang.com/home/apt/items/49096621
2026-06-17 08:49:39,빌라투룸,49073676,월세,04,충청남도 서산시 읍내동,서산시,읍내동,500,44,0,49,14.82,2,"학돌초등학교 앞 협의입주,즉시입주가능",https://www.zigbang.com/home/apt/items/49073676
2026-06-17 08:50:09,빌라투룸,49375546,월세,04,인천시 중구 운남동,중구,운남동,5000,25,0,12,3.63,2,ㅡluckyㅡ 거실 넓고 구조좋은 투룸 저렴한 월세,https://www.zigbang.com/home/apt/items/49375546
2026-06-17 08:50:09,빌라투룸,49375369,월세,04,인천시 중구 운남동,중구,운남동,500,60,0,52.89,16.0,2,ㅡluckyㅡ 저렴한 단독 1층 투룸 보세요,https://www.zigbang.com/home/apt/items/49375369
2026-06-17 08:50:09,빌라투룸,49375264,월세,04,인천시 중구 운남동,중구,운남동,500,55,0,39.67,12.0,2,ㅡluckyㅡ 합리적월세 투룸 등장,https://www.zigbang.com/home/apt/items/49375264
2026-06-17 08:50:09,빌라투룸,49362678,월세,04,인천시 중구 운남동,중구,운남동,500,55,0,36.36,11.0,2,조용한 주거환경의 깔끔한 투룸,https://www.zigbang.com/home/apt/items/49362678
2026-06-17 08:50:09,빌라투룸,49323070,월세,04,인천시 중구 운남동,중구,운남동,500,65,0,46.3,14.01,2,공간 잘빠진 거실 큰 투룸,https://www.zigbang.com/home/apt/items/49323070
2026-06-17 08:50:09,빌라투룸,49305067,월세,04,인천시 중구 운남동,중구,운남동,500,65,0,49.59,15.0,2,에어컨 두대 최고 넓은 투룸,https://www.zigbang.com/home/apt/items/49305067
2026-06-17 08:50:09,빌라투룸,49298639,월세,04,인천시 중구 운남동,중구,운남동,500,60,0,46.28,14.0,3,화이트톤 대로변 큰 투룸,https://www.zigbang.com/home/apt/items/49298639
2026-06-17 08:50:09,빌라투룸,49051037,월세,05,인천시 중구 운남동,중구,운남동,2000,72,0,52.89,16.0,1,ㅡlcukyㅡ 신축 완전 저렴 3룸,https://www.zigbang.com/home/apt/items/49051037
2026-06-17 08:50:09,빌라투룸,49050967,월세,05,인천시 중구 운남동,중구,운남동,2000,86,0,49.85,15.08,4,ㅡluckyㅡ 반려동물 가능한 3룸 복층,https://www.zigbang.com/home/apt/items/49050967
2026-06-17 08:50:15,빌라투룸,49097887,매매,05,인천시 강화군 강화읍 관청리,강화군,강화읍,19000,0,19000,50.99,15.42,2,최저실입주로 가능한 학군위치 방3화2 신축컨디션 급매물,https://www.zigbang.com/home/apt/items/49097887
2026-06-17 08:51:09,빌라투룸,49361537,월세,04,충청남도 아산시 도고면 기곡리,아산시,도고면,200,45,0,50,15.12,4,신축급 투룸ㅣ엘베 . 풀옵션ㅣ도고농공단지 . 예산,https://www.zigbang.com/home/apt/items/49361537
2026-06-17 08:51:09,빌라투룸,49394140,월세,04,충청남도 당진시 신평면 금천리,당진시,신평면,500,54,0,39.6,11.98,4,신평 귀한 투룸 월세 옵션 좋은 집,https://www.zigbang.com/home/apt/items/49394140
2026-06-17 08:51:12,빌라투룸,49385433,월세,04,충청남도 아산시 온천동,아산시,온천동,1000,70,0,60,18.15,4,채광좋고 수납좋은 투룸 월세   보증금5천까지 가능,https://www.zigbang.com/home/apt/items/49385433
2026-06-17 08:51:12,빌라투룸,49381381,월세,04,충청남도 아산시 온천동,아산시,온천동,1000,70,0,70,21.17,2,OOO신축 투룸 붙박이장OOO,https://www.zigbang.com/home/apt/items/49381381
2026-06-17 08:51:12,빌라투룸,49378745,월세,04,충청남도 아산시 온천동,아산시,온천동,1000,70,0,60,18.15,2,ꔚꔣ 신축투룸 붙박이장 중문보유 ꔚꔣ,https://www.zigbang.com/home/apt/items/49378745
2026-06-17 08:51:12,빌라투룸,49378375,월세,04,충청남도 아산시 온천동,아산시,온천동,1000,55,0,62.81,19.0,3,white st 복개천 사계절이 예쁜뷰 투룸 시청 ev,https://www.zigbang.com/home/apt/items/49378375
2026-06-17 08:51:12,빌라투룸,49357085,월세,04,충청남도 아산시 온천동,아산시,온천동,500,40,0,55,16.64,4,ㅁㅁ 시청인근 최저가 ㅁㅁ,https://www.zigbang.com/home/apt/items/49357085
2026-06-17 08:51:12,빌라투룸,49341207,월세,04,충청남도 아산시 온천동,아산시,온천동,500,40,0,55,16.64,3,ꔪꔪ 최 ꔪ 저 ꔪ 가 ꔪ 투룸 급매물확보 ꔪꔪ,https://www.zigbang.com/home/apt/items/49341207
2026-06-17 08:51:12,빌라투룸,49329917,월세,04,충청남도 아산시 온천동,아산시,온천동,500,40,0,50,15.12,3,꧁즉시입주 가능한 가격착한 투룸•베란다 넓어요꧂,https://www.zigbang.com/home/apt/items/49329917
2026-06-17 08:51:12,빌라투룸,49258302,월세,04,충청남도 아산시 온천동,아산시,온천동,500,60,0,70,21.17,4,OOO아산시청 이근 신축 햇살가득 투룸OOO,https://www.zigbang.com/home/apt/items/49258302
2026-06-17 08:51:12,빌라투룸,49235551,월세,04,충청남도 아산시 온천동,아산시,온천동,500,60,0,58,17.54,4,에어컨2대 white st 시청쪽 중문 대형투룸 신축 EV,https://www.zigbang.com/home/apt/items/49235551
2026-06-17 08:51:12,빌라투룸,49231395,월세,04,충청남도 아산시 온천동,아산시,온천동,1000,70,0,70,21.17,2,ꔚꔣ 신축투룸 ꔚꔣ,https://www.zigbang.com/home/apt/items/49231395
2026-06-17 08:51:12,빌라투룸,49186173,월세,04,충청남도 아산시 온천동,아산시,온천동,1000,70,0,59.5,18.0,2,lll시청부근 신축급 엘베 투룸 거실넓음llll,https://www.zigbang.com/home/apt/items/49186173
2026-06-17 08:51:12,빌라투룸,48762493,월세,04,충청남도 아산시 온천동,아산시,온천동,500,70,0,65,19.66,2,ll시청 부근. 주인세대. 넓은거실.붙박이장.인터넷.ll,https://www.zigbang.com/home/apt/items/48762493
2026-06-17 08:51:12,빌라투룸,49253669,월세,04,충청남도 아산시 온천동,아산시,온천동,1000,70,0,55,16.64,2,꧁EV있어요•넓은테라스•세대수 적은 투룸꧂,https://www.zigbang.com/home/apt/items/49253669
2026-06-17 08:51:12,빌라투룸,49242627,월세,04,충청남도 아산시 온천동,아산시,온천동,1000,70,0,70,21.17,3,OOO테라스 넓은 투룸OOO,https://www.zigbang.com/home/apt/items/49242627
2026-06-17 08:51:12,빌라투룸,49241985,월세,04,충청남도 아산시 온천동,아산시,온천동,1000,75,0,60,18.15,2,ꔚꔣ 테라스 신축 투룸 ꔚꔣ,https://www.zigbang.com/home/apt/items/49241985
2026-06-17 08:51:12,빌라투룸,49394397,월세,04,충청남도 아산시 탕정면 갈산리,아산시,탕정면,500,60,0,33.05,10.0,2,I탕정크린I선문대 서문 탕정초 옆 투룸 . 주차 매우 편리,https://www.zigbang.com/home/apt/items/49394397
2026-06-17 08:51:12,빌라투룸,49384697,월세,04,충청남도 아산시 탕정면 갈산리,아산시,탕정면,300,60,0,36.36,11.0,2,I탕정크린I선문대 서문 삼봉 학교 초 인접 7월중순입주가능,https://www.zigbang.com/home/apt/items/49384697
2026-06-17 08:51:12,빌라투룸,49313765,월세,06,충청남도 아산시 탕정면 호산리,아산시,탕정면,3000,90,0,132.23,40.0,4,ㅇ선문대 및 삼성ㅇ 즉시입주. 복층남향주인세대. 방5 화3,https://www.zigbang.com/home/apt/items/49313765
2026-06-17 08:51:12,빌라투룸,49296401,월세,04,충청남도 아산시 탕정면 명암리,아산시,탕정면,300,50,0,49.59,15.0,3,ꔚꔣ 투룸 ꔚꔣ 풀옵션 바로입주 ꔚꔣ,https://www.zigbang.com/home/apt/items/49296401
2026-06-17 08:51:12,빌라투룸,49296383,월세,04,충청남도 아산시 탕정면 명암리,아산시,탕정면,500,70,0,90,27.22,3,ꔚ 인기매물 ꔚ 대형투룸 엘베보유 풀옵션 바로입주,https://www.zigbang.com/home/apt/items/49296383
2026-06-17 08:51:12,빌라투룸,49281517,월세,04,충청남도 아산시 탕정면 갈산리,아산시,탕정면,500,75,0,49.59,15.0,3,ㅇ탕정삼성ㅇ선문대서문ㅇ풀옵션ㅇ큰투룸ㅇ화장실2ㅇ주차장ㅇ엘베,https://www.zigbang.com/home/apt/items/49281517
2026-06-17 08:51:12,빌라투룸,49281435,월세,05,충청남도 아산시 탕정면 갈산리,아산시,탕정면,1000,75,0,56.19,17.0,4,ㅇ탕정삼성ㅇ선문대서문ㅇ복층3룸ㅇ방3화2ㅇ풀옵션ㅇ주차장ㅇ엘베,https://www.zigbang.com/home/apt/items/49281435
2026-06-17 08:51:12,빌라투룸,49246543,월세,06,충청남도 아산시 탕정면 호산리,아산시,탕정면,3000,95,0,132.23,40.0,4,ㅇ탕정삼성ㅇ선문대ㅇ복층주인세대월세ㅇ방4 화3ㅇ즉시입주ㅇ,https://www.zigbang.com/home/apt/items/49246543
2026-06-17 08:51:12,빌라투룸,49190324,월세,04,충청남도 아산시 탕정면 명암리,아산시,탕정면,500,60,0,50,15.12,2,탕정 지중해마을ㅣ넓은 투룸 . 테라스ㅣ즉시입주OK,https://www.zigbang.com/home/apt/items/49190324
2026-06-17 08:51:12,빌라투룸,49121862,월세,04,충청남도 아산시 탕정면 갈산리,아산시,탕정면,500,60,0,80,24.2,4,ꔚꔣ 투룸 화이트톤 채광좋음 ꔚꔣ,https://www.zigbang.com/home/apt/items/49121862
2026-06-17 08:51:12,빌라투룸,49109172,월세,04,충청남도 아산시 탕정면 명암리,아산시,탕정면,500,50,0,33.05,10.0,2,I탕정크린I 탕정 지중해마을. 삼성5분 . 인프라최고.도배,https://www.zigbang.com/home/apt/items/49109172
2026-06-17 08:51:12,빌라투룸,49073272,월세,06,충청남도 아산시 탕정면 호산리,아산시,탕정면,3000,90,0,132.23,40.0,4,"l탕정크린l 신축급 매우 넓은 주인세대, 전세도 가능",https://www.zigbang.com/home/apt/items/49073272
2026-06-17 08:51:12,빌라투룸,49073051,월세,04,충청남도 아산시 탕정면 갈산리,아산시,탕정면,500,60,0,39.66,12.0,3,"I탕정크린I선문대 서문 로타리. 방,주방,거실,베란다 분리",https://www.zigbang.com/home/apt/items/49073051
2026-06-17 08:51:13,빌라투룸,49396301,월세,04,충청남도 아산시 둔포면 신양리,아산시,둔포면,300,38,0,49.59,15.0,4,넓고 가격착한 투룸 월세,https://www.zigbang.com/home/apt/items/49396301
2026-06-17 08:51:13,빌라투룸,49377263,월세,04,충청남도 아산시 둔포면 신양리,아산시,둔포면,300,38,0,33.06,10.0,4,"신양리 귀한 투룸 , 가성비 최고 방",https://www.zigbang.com/home/apt/items/49377263
2026-06-17 08:51:13,빌라투룸,49375641,월세,04,충청남도 아산시 둔포면 신양리,아산시,둔포면,300,38,0,39.75,12.02,4,"실매물사진 l 신양리 투룸,2R 월세 l 4층 1개남음",https://www.zigbang.com/home/apt/items/49375641
2026-06-17 08:51:13,빌라투룸,49374986,월세,04,충청남도 아산시 둔포면 신양리,아산시,둔포면,300,46,0,32.25,9.76,3,"신양리 신축급  거실 넓은 투룸, 신축 3년차, 현재 사진",https://www.zigbang.com/home/apt/items/49374986
2026-06-17 08:51:13,빌라투룸,49339190,월세,04,충청남도 아산시 둔포면 석곡리,아산시,둔포면,300,56,0,55,16.64,2,"2R, 테크노 거실 넓은 투룸 빨리오세요.",https://www.zigbang.com/home/apt/items/49339190
2026-06-17 08:51:13,빌라투룸,49300175,월세,04,충청남도 아산시 둔포면 신양리,아산시,둔포면,300,46,0,40.55,12.27,4,"실매물사진 l 신양리 넓은 투룸,2R 월세 l 4층 1개",https://www.zigbang.com/home/apt/items/49300175
2026-06-17 08:51:13,빌라투룸,49276602,월세,04,충청남도 아산시 둔포면 신양리,아산시,둔포면,300,46,0,49.59,15.0,4,넓고 컨디션 좋은 투룸,https://www.zigbang.com/home/apt/items/49276602
2026-06-17 08:51:13,빌라투룸,49272364,월세,04,충청남도 아산시 둔포면 신양리,아산시,둔포면,300,46,0,31.62,9.57,4,"깔끔하고 귀한 투룸, 풀옵션, 즉시입주가능, 주차편리합니다",https://www.zigbang.com/home/apt/items/49272364
2026-06-17 08:51:13,빌라투룸,49388345,월세,04,충청남도 아산시 둔포면 신항리,아산시,둔포면,200,39,0,36.99,11.19,3,"실매물사진 l SFA인근 신항리 넓은투룸,2R 월세 l",https://www.zigbang.com/home/apt/items/49388345
2026-06-17 08:51:13,빌라투룸,49364346,월세,04,충청남도 아산시 둔포면 신항리,아산시,둔포면,200,36,0,33.05,10.0,3,"실매물사진 l 신항리 2R,투룸 월세 l 3층 l 입주환영",https://www.zigbang.com/home/apt/items/49364346
2026-06-17 08:51:13,빌라투룸,49357584,월세,04,충청남도 아산시 둔포면 신항리,아산시,둔포면,300,39,0,26.45,8.0,3,"신항리 거실 넓게 나온 투룸 , 금방 나가요",https://www.zigbang.com/home/apt/items/49357584
2026-06-17 08:51:13,빌라투룸,49327370,월세,04,충청남도 아산시 둔포면 산전리,아산시,둔포면,300,53,0,40,12.1,3,ㅇ신축투룸 ㅇ첫입주 ㅇ넓은구조 ㅇ좋은집,https://www.zigbang.com/home/apt/items/49327370
2026-06-17 08:51:13,빌라투룸,49270572,월세,04,충청남도 아산시 둔포면 신항리,아산시,둔포면,200,34,0,22,6.65,3,신항리 귀한 투룸이 나왔어요. 가성비 좋아요. 단기가능,https://www.zigbang.com/home/apt/items/49270572
2026-06-17 08:51:13,빌라투룸,49270554,월세,04,충청남도 아산시 둔포면 신항리,아산시,둔포면,200,34,0,22,6.65,3,둔포에서 가장저렴한투룸.풀옵션.즉시입주가능.단기가능,https://www.zigbang.com/home/apt/items/49270554
2026-06-17 08:51:13,빌라투룸,49208390,전세,04,충청남도 아산시 둔포면 관대리,아산시,둔포면,5500,0,0,39.66,12.0,2,"융자없는 투룸전세 평택15분거리,보증보험,LH전세 가능함",https://www.zigbang.com/home/apt/items/49208390
2026-06-17 08:51:13,빌라투룸,49187879,월세,04,충청남도 아산시 둔포면 관대리,아산시,둔포면,300,49,0,46.28,14.0,2,관대리 큰투룸 입니다.,https://www.zigbang.com/home/apt/items/49187879
2026-06-17 08:51:13,빌라투룸,49176221,월세,04,충청남도 아산시 둔포면 관대리,아산시,둔포면,300,39,0,42.97,13.0,4,관대리 투룸. 평택 20분거리. 교통편리합니다.,https://www.zigbang.com/home/apt/items/49176221
2026-06-17 08:51:13,빌라투룸,49176147,월세,04,충청남도 아산시 둔포면 신항리,아산시,둔포면,300,36,0,33.05,10.0,4,신항리 저렴한 투룸 월세 입니다.,https://www.zigbang.com/home/apt/items/49176147
2026-06-17 08:51:13,빌라투룸,49155149,전세,04,충청남도 아산시 둔포면 신항리,아산시,둔포면,5000,0,0,42.98,13.0,2,"투룸전세, 융자최소로 있음, 평택미군기지15분거리 입니다.",https://www.zigbang.com/home/apt/items/49155149
2026-06-17 08:51:13,빌라투룸,49370024,월세,04,충청남도 천안시 동남구 목천읍 신계리,천안시 동남구,목천읍,500,50,0,49.59,15.0,2,"투룸투룸, 목천읍, 완전풀옵션",https://www.zigbang.com/home/apt/items/49370024
2026-06-17 08:51:13,빌라투룸,49291387,월세,05,충청남도 천안시 동남구 북면 연춘리,천안시 동남구,북면,1000,56,0,59.8,18.09,3,I I I   애완가능 신축 쓰리룸 주목   I I I,https://www.zigbang.com/home/apt/items/49291387
2026-06-17 08:51:13,빌라투룸,49262384,월세,05,충청남도 천안시 동남구 북면 연춘리,천안시 동남구,북면,1000,60,0,59.98,18.14,1,연춘리 신축 쓰리룸 빌라 옵션 無 즉시입주 가능,https://www.zigbang.com/home/apt/items/49262384
2026-06-17 08:51:13,빌라투룸,49195155,월세,05,충청남도 천안시 동남구 북면 연춘리,천안시 동남구,북면,1000,60,0,59.83,18.1,3,JH 신축아파트 스타일 쓰리룸 쾌적하고 조용한 환경 JH,https://www.zigbang.com/home/apt/items/49195155
2026-06-17 08:51:13,빌라투룸,49195109,월세,05,충청남도 천안시 동남구 북면 연춘리,천안시 동남구,북면,1000,57,0,68,20.57,2,lll 신축급 거실 큰 3룸 lll 아파트형 화장실 2개,https://www.zigbang.com/home/apt/items/49195109
2026-06-17 08:51:14,빌라투룸,49174871,월세,04,충청남도 천안시 서북구 성환읍 매주리,천안시 서북구,성환읍,500,72,0,59.5,18.0,3,성환역 가까운 거실넓은 화이으톤 투룸 정남향 입니다.,https://www.zigbang.com/home/apt/items/49174871
2026-06-17 08:51:14,빌라투룸,49244240,월세,04,충청남도 천안시 서북구 성거읍 신월리,천안시 서북구,성거읍,500,58,0,49.59,15.0,3,"성거투룸, 서북구청옆, 리모델링 풀옵션",https://www.zigbang.com/home/apt/items/49244240
2026-06-17 08:51:14,빌라투룸,49202858,월세,04,충청남도 천안시 서북구 직산읍 삼은리,천안시 서북구,직산읍,1000,90,0,55,16.64,4,직산사거리 인근 화장실 2개 복층 투룸,https://www.zigbang.com/home/apt/items/49202858
2026-06-17 08:51:14,빌라투룸,49171119,월세,04,충청남도 천안시 서북구 직산읍 삼은리,천안시 서북구,직산읍,1000,85,0,53.36,16.14,4,ㅁ직산 사거리인근 복층형 투룸 화장실2개 깔끔한 매물ㅁ,https://www.zigbang.com/home/apt/items/49171119
2026-06-17 08:51:14,빌라투룸,48981686,월세,04,충청남도 천안시 서북구 직산읍 삼은리,천안시 서북구,직산읍,500,65,0,19.38,5.86,4,행정복지센터 근처 화이트톤 투룸 즉시입주 가능,https://www.zigbang.com/home/apt/items/48981686
2026-06-17 08:51:14,빌라투룸,49302811,월세,04,충청남도 천안시 서북구 성거읍 천흥리,천안시 서북구,성거읍,1000,72,0,56.2,17.0,3,즉시입주 가능 신축 투룸 넓은 거실 넓은 주차장,https://www.zigbang.com/home/apt/items/49302811
2026-06-17 08:51:14,빌라투룸,49247664,월세,05,충청남도 천안시 서북구 성거읍 천흥리,천안시 서북구,성거읍,2000,92,0,80,24.2,4,고급 인테리어 복층 쓰리룸 화장실2개 즉시 입주가능해요,https://www.zigbang.com/home/apt/items/49247664
2026-06-17 08:51:14,빌라투룸,49218600,월세,04,충청남도 천안시 서북구 성거읍 천흥리,천안시 서북구,성거읍,1000,75,0,59.5,18.0,3,ㅇ보증금 조절가능ㅇ신축 ㅇ투룸ㅇ,https://www.zigbang.com/home/apt/items/49218600
2026-06-17 08:51:14,빌라투룸,49155962,월세,04,충청남도 천안시 서북구 성거읍 천흥리,천안시 서북구,성거읍,300,44,0,45,13.61,2,단기가능한 투룸 가성비 최고 깔끔해요,https://www.zigbang.com/home/apt/items/49155962
2026-06-17 08:51:14,빌라투룸,49392331,월세,04,충청남도 천안시 동남구 안서동,천안시 동남구,안서동,500,73,0,47,14.22,2,호서대 뒤쪽 신축 큰 투룸,https://www.zigbang.com/home/apt/items/49392331
2026-06-17 08:51:14,빌라투룸,49302920,월세,04,충청남도 천안시 동남구 안서동,천안시 동남구,안서동,1000,65,0,49.59,15.0,2,신축 화장실 2개있는 큰 투룸ㅣ풀옵션에 드레스룸까지 완벽,https://www.zigbang.com/home/apt/items/49302920
2026-06-17 08:51:14,빌라투룸,49279554,월세,04,충청남도 천안시 동남구 안서동,천안시 동남구,안서동,300,50,0,55,16.64,4,"호서대 인근, 2명이 쉐어하기 딱 좋아요, 화장실겸욕실2개",https://www.zigbang.com/home/apt/items/49279554
2026-06-17 08:51:14,빌라투룸,49145694,월세,04,충청남도 천안시 동남구 안서동,천안시 동남구,안서동,30,67,0,31.4,9.5,4,"흔치않은 투룸 연세 매물, 공용건조기 및 깔끔한 인테리어",https://www.zigbang.com/home/apt/items/49145694
2026-06-17 08:51:14,빌라투룸,48933600,전세,04,충청남도 천안시 서북구 두정동,천안시 서북구,두정동,9000,0,0,49.58,15.0,2,V 투룸 전세 V 에어컨 2대 V두정역도보10분 V,https://www.zigbang.com/home/apt/items/48933600
2026-06-17 08:51:14,빌라투룸,48932602,전세,04,충청남도 천안시 서북구 두정동,천안시 서북구,두정동,7000,0,0,42.98,13.0,4,"버팀목가능, 주차편리, 베란다있는 방",https://www.zigbang.com/home/apt/items/48932602
2026-06-17 08:51:14,빌라투룸,48725811,전세,04,충청남도 천안시 서북구 두정동,천안시 서북구,두정동,11000,0,0,49.59,15.0,2,ㅇ삼성대로 인근 신축급 화이트톤 넓은 투룸 전세ㅇ,https://www.zigbang.com/home/apt/items/48725811
2026-06-17 08:51:14,빌라투룸,48725599,월세,06,충청남도 천안시 서북구 성성동,천안시 서북구,성성동,2000,120,0,80,24.2,4,성성호수공원 인근 저렴한 주인세대,https://www.zigbang.com/home/apt/items/48725599
2026-06-17 08:51:14,빌라투룸,48642331,전세,04,충청남도 천안시 서북구 성정동,천안시 서북구,성정동,8000,0,0,49.59,15.0,5,"롯데마트 바로 앞 투룸 전세, 월세 가능",https://www.zigbang.com/home/apt/items/48642331
2026-06-17 08:51:14,빌라투룸,48462724,전세,04,충청남도 천안시 서북구 두정동,천안시 서북구,두정동,7900,0,0,50,15.12,4,"해 엄청 잘 들어오는 넓은 투룸, 신대초인근",https://www.zigbang.com/home/apt/items/48462724
2026-06-17 08:51:14,빌라투룸,47870525,월세,04,충청남도 천안시 서북구 두정동,천안시 서북구,두정동,300,45,0,45,13.61,3,"투룸투룸, 가성비, 두정역도보가능",https://www.zigbang.com/home/apt/items/47870525
2026-06-17 08:51:16,빌라투룸,49368172,월세,05,경기도 평택시 현덕면 도대리,평택시,현덕면,1000,85,0,77.73,23.51,2,"주인세대,,쓰리룸ㅣ야외테라스ㅣ주차편함",https://www.zigbang.com/home/apt/items/49368172
2026-06-17 08:51:16,빌라투룸,49390663,월세,04,경기도 평택시 포승읍 원정리,평택시,포승읍,200,60,0,30,9.07,3,ㅁ 원정리 원룸 단지 내 숙소로 적합한 투룸 ㅁ,https://www.zigbang.com/home/apt/items/49390663
2026-06-17 08:51:16,빌라투룸,49377177,월세,04,경기도 평택시 포승읍 원정리,평택시,포승읍,300,52,0,50,15.12,4,투룸대형 보300월60만 큰방2개 큰거실 에어컨2개4층남향,https://www.zigbang.com/home/apt/items/49377177
2026-06-17 08:51:16,빌라투룸,49377039,월세,04,경기도 평택시 포승읍 도곡리,평택시,포승읍,500,57,0,43,13.01,2,인테리어양호투룸2층남향 보500만 월관65만 2017년건축,https://www.zigbang.com/home/apt/items/49377039
2026-06-17 08:51:16,빌라투룸,49366143,월세,04,경기도 평택시 포승읍 도곡리,평택시,포승읍,200,55,0,42.97,13.0,2,ㅁ 공단 내 가성비 좋은 투룸 ㅁ,https://www.zigbang.com/home/apt/items/49366143
2026-06-17 08:51:16,빌라투룸,49361318,월세,04,경기도 평택시 포승읍 도곡리,평택시,포승읍,300,60,0,30,9.07,3,"ㅁ 서평택 IC 차량 5분, 엘리베이터 설치된 투룸 ㅁ",https://www.zigbang.com/home/apt/items/49361318
2026-06-17 08:51:16,빌라투룸,49358116,월세,04,경기도 평택시 포승읍 도곡리,평택시,포승읍,300,55,0,46.28,14.0,3,"ㅁ단기가능ㅁ신축급ㅁ엘레베이터Oㅁ 포승공단, 서평택IC 인접",https://www.zigbang.com/home/apt/items/49358116
2026-06-17 08:51:16,빌라투룸,49349868,전세,04,경기도 평택시 포승읍 원정리,평택시,포승읍,4500,0,0,38,11.49,2,원정리4큰투룸전세,https://www.zigbang.com/home/apt/items/49349868
2026-06-17 08:51:16,빌라투룸,49183528,월세,04,경기도 평택시 포승읍 원정리,평택시,포승읍,200,43,0,35,10.59,1,올리모델링.넓은주창장.정남항,https://www.zigbang.com/home/apt/items/49183528
2026-06-17 08:51:16,빌라투룸,49175967,월세,04,경기도 평택시 포승읍 원정리,평택시,포승읍,200,47,0,40,12.1,2,투룸 보200만 월55만 방2개 방겸거실 2층조용 주차편리,https://www.zigbang.com/home/apt/items/49175967
2026-06-17 08:51:16,빌라투룸,48783402,월세,04,경기도 평택시 포승읍 원정리,평택시,포승읍,200,60,0,30,9.07,4,ㅁ단기가능ㅁ 기아자동차 인근 ㅁ 숙소로 적합한  투룸 ㅁ,https://www.zigbang.com/home/apt/items/48783402
2026-06-17 08:51:16,빌라투룸,49240498,월세,04,경기도 평택시 포승읍 도곡리,평택시,포승읍,300,55,0,30,9.07,2,ㅁ 내기삼거리 인근 ㅁ 넓고 가성비 좋은 투룸 ㅁ,https://www.zigbang.com/home/apt/items/49240498
2026-06-17 08:51:16,빌라투룸,49393358,매매,05,경기도 화성시 만세구 우정읍 조암리,화성시 만세구,우정읍,27500,0,27500,80.77,24.43,3,기아차 및 인근 산단 출퇴근 편리한 실수요자 추천 매물,https://www.zigbang.com/home/apt/items/49393358
2026-06-17 08:51:16,빌라투룸,49260817,매매,05,경기도 화성시 만세구 우정읍 화산리,화성시 만세구,우정읍,15500,0,15500,46.9,14.19,2,최저실입주금가능 대출문의환영 방3화2,https://www.zigbang.com/home/apt/items/49260817
2026-06-17 08:51:17,빌라투룸,49390285,월세,04,경기도 화성시 향남읍 구문천리,화성시,향남읍,300,45,0,42.98,13.0,3,안심매물 조용하고 저렴한투룸,https://www.zigbang.com/home/apt/items/49390285
2026-06-17 08:51:17,빌라투룸,49390259,월세,04,경기도 화성시 만세구 향남읍 구문천리,화성시 만세구,향남읍,500,50,0,165.29,50.0,3,쾌적하고 조용한 투룸,https://www.zigbang.com/home/apt/items/49390259
2026-06-17 08:51:17,빌라투룸,49390172,월세,04,경기도 화성시 만세구 향남읍 구문천리,화성시 만세구,향남읍,300,50,0,42.98,13.0,2,안심매물 조용하고 저렴한 투룸,https://www.zigbang.com/home/apt/items/49390172
2026-06-17 08:51:17,빌라투룸,49376071,월세,04,경기도 화성시 향남읍 구문천리,화성시,향남읍,500,60,0,55,16.64,4,안심매물 대궐같은거실투룸,https://www.zigbang.com/home/apt/items/49376071
2026-06-17 08:51:17,빌라투룸,49282110,월세,04,경기도 화성시 향남읍 구문천리,화성시,향남읍,500,60,0,42.98,13.0,3,"방 거실 큰 투룸으로 인터넷,유선방송 연결 되어 있습니다.",https://www.zigbang.com/home/apt/items/49282110
2026-06-17 08:51:17,빌라투룸,49091095,월세,04,경기도 화성시 만세구 향남읍 구문천리,화성시 만세구,향남읍,300,45,0,33.06,10.0,4,월세 저렴한 미니 투룸  입니다.,https://www.zigbang.com/home/apt/items/49091095
2026-06-17 08:51:17,빌라투룸,49091039,월세,04,경기도 화성시 향남읍 구문천리,화성시,향남읍,500,50,0,49.58,15.0,4,"방2,거실 크고 환한 투룸 월세 입니다.",https://www.zigbang.com/home/apt/items/49091039
2026-06-17 08:51:17,빌라투룸,49090964,월세,04,경기도 화성시 만세구 향남읍 구문천리,화성시 만세구,향남읍,300,55,0,45.97,13.91,2,올수리된 집으로 환하고 깨끗합니다.,https://www.zigbang.com/home/apt/items/49090964
2026-06-17 08:51:17,빌라투룸,49090900,월세,04,경기도 화성시 만세구 향남읍 구문천리,화성시 만세구,향남읍,300,50,0,42.97,13.0,4,도배등 올수리된 집으로 깨끗한 투룸 월세 입니다.,https://www.zigbang.com/home/apt/items/49090900
2026-06-17 08:51:17,빌라투룸,48632852,월세,04,경기도 화성시 만세구 향남읍 구문천리,화성시 만세구,향남읍,500,55,0,36,10.89,2,"풀옵션 투룸 월세, 기숙사 가능, 바로 입주 가능, 로또",https://www.zigbang.com/home/apt/items/48632852
2026-06-17 08:51:18,빌라투룸,49243359,전세,05,경기도 화성시 만세구 남양읍 장덕리,화성시 만세구,남양읍,18000,0,0,141.9,42.92,2,... 더 아이리스 ...정원이 아름다운 전원주택2층 전세,https://www.zigbang.com/home/apt/items/49243359
2026-06-17 08:51:18,빌라투룸,49223767,월세,04,경기도 화성시 만세구 팔탄면 지월리,화성시 만세구,팔탄면,300,53,0,42.97,13.0,3,팔탄면 지월리 풀옵션투룸 저렴하게 나온 방,https://www.zigbang.com/home/apt/items/49223767
2026-06-17 08:51:18,빌라투룸,49195995,매매,04,경기도 화성시 만세구 팔탄면 구장리,화성시 만세구,팔탄면,12000,0,12000,33.82,10.23,4,실매물 0 집주인인증 0 약속후 방문가능,https://www.zigbang.com/home/apt/items/49195995
2026-06-17 08:51:19,빌라투룸,49229181,매매,05,경기도 화성시 효행구 비봉면 양노리,화성시 효행구,비봉면,12500,0,12500,47.06,14.24,2,양노리 연식좋은 급매 쓰리룸,https://www.zigbang.com/home/apt/items/49229181
2026-06-17 08:51:19,빌라투룸,49386153,월세,04,경기도 평택시 팽성읍 본정리,평택시,팽성읍,300,40,0,45,13.61,1,저렴한 투룸 화1,https://www.zigbang.com/home/apt/items/49386153
2026-06-17 08:51:19,빌라투룸,49361778,월세,04,충청남도 아산시 둔포면 둔포리,아산시,둔포면,300,51,0,45,13.61,4,"2R, 둔포시내 에어컨 2개, 화장실 2개 투룸.",https://www.zigbang.com/home/apt/items/49361778
2026-06-17 08:51:19,빌라투룸,49360661,월세,04,충청남도 아산시 둔포면 송용리,아산시,둔포면,200,36,0,42.98,13.0,4,ㅇ미니투룸 ㅇ넓은구조 ㅇ저렴한가격,https://www.zigbang.com/home/apt/items/49360661
2026-06-17 08:51:19,빌라투룸,49327348,월세,04,충청남도 아산시 둔포면 송용리,아산시,둔포면,200,51,0,40,12.1,4,ㅇ넓은투룸 ㅇ좋은집 ㅇ도시가스 ㅇ테크노5분,https://www.zigbang.com/home/apt/items/49327348
2026-06-17 08:51:19,빌라투룸,49316919,월세,04,충청남도 아산시 둔포면 둔포리,아산시,둔포면,300,51,0,50,15.12,4,"2R, 방2, 욕실2, 에어컨2, 즉시입주.",https://www.zigbang.com/home/apt/items/49316919
2026-06-17 08:51:19,빌라투룸,49309210,월세,04,충청남도 아산시 둔포면 송용리,아산시,둔포면,300,41,0,40,12.1,2,ㅇ투룸 ㅇ넓은구조 ㅇ좋은집,https://www.zigbang.com/home/apt/items/49309210
2026-06-17 08:51:19,빌라투룸,49301809,월세,04,충청남도 아산시 둔포면 송용리,아산시,둔포면,300,51,0,46.28,14.0,3,"풀옵션 큰 투룸,테크노벨리,둔포시내 인접 ,도시가스",https://www.zigbang.com/home/apt/items/49301809
2026-06-17 08:51:19,빌라투룸,49217396,월세,04,충청남도 아산시 둔포면 송용리,아산시,둔포면,200,46,0,40,12.1,3,ㅇ투룸 ㅇ넓은구조 ㅇ도시가스 ㅇ테크노5분,https://www.zigbang.com/home/apt/items/49217396
2026-06-17 08:51:19,빌라투룸,49132113,월세,04,충청남도 아산시 둔포면 둔포리,아산시,둔포면,300,46,0,48,14.52,3,"2R, 가성비 좋고 조용한 생활 가능.",https://www.zigbang.com/home/apt/items/49132113
2026-06-17 08:51:20,빌라투룸,49287956,월세,04,경기도 평택시 청북읍 한산리,평택시,청북읍,200,40,0,23.14,7.0,2,산업단지 인근 가성비 최고의 투룸.,https://www.zigbang.com/home/apt/items/49287956
2026-06-17 08:51:20,빌라투룸,49298409,월세,04,경기도 화성시 양감면 대양리,화성시,양감면,1000,65,0,49.59,15.0,3,양감면 대양리 풀옵션투룸 화장실두개 기숙사환영,https://www.zigbang.com/home/apt/items/49298409
2026-06-17 08:51:20,빌라투룸,49286826,월세,04,경기도 평택시 청북읍 후사리,평택시,청북읍,1000,55,0,46.92,14.19,3,접근성 좋은 신축 투룸입니다,https://www.zigbang.com/home/apt/items/49286826
2026-06-17 08:51:20,빌라투룸,49395259,월세,04,경기도 평택시 청북읍 한산리,평택시,청북읍,500,71,0,46.92,14.19,3,어연한산산업단지 인근 신축 풀옵션 투룸.,https://www.zigbang.com/home/apt/items/49395259
2026-06-17 08:51:20,빌라투룸,49391704,월세,04,경기도 평택시 청북읍 어연리,평택시,청북읍,300,60,0,46.92,14.19,4,조용하고 착한가격의 풀옵션 투룸 임대,https://www.zigbang.com/home/apt/items/49391704
2026-06-17 08:51:20,빌라투룸,49391642,월세,04,경기도 평택시 청북읍 어연리,평택시,청북읍,500,71,0,42.09,12.73,3,산업단지 초입의 2022년 풀옵션 신축  투룸,https://www.zigbang.com/home/apt/items/49391642
2026-06-17 08:51:20,빌라투룸,49391601,월세,04,경기도 평택시 청북읍 어연리,평택시,청북읍,300,50,0,34.12,10.32,2,접근성 좋은 투룸 입니다.,https://www.zigbang.com/home/apt/items/49391601
2026-06-17 08:51:20,빌라투룸,49286579,매매,05,경기도 평택시 청북읍 어연리,평택시,청북읍,8000,0,8000,73.51,22.24,3,"어연 초등 인접 방3, 화 2 착한 가격의  빌라  매매",https://www.zigbang.com/home/apt/items/49286579
2026-06-17 08:51:20,빌라투룸,49286553,매매,05,경기도 평택시 청북읍 한산리,평택시,청북읍,22500,0,22500,126.72,38.33,3,테마가 있는 전원 주택 경험하세요,https://www.zigbang.com/home/apt/items/49286553
2026-06-17 08:51:21,빌라투룸,49301486,월세,05,충청남도 천안시 서북구 성환읍 성월리,천안시 서북구,성환읍,1000,70,0,76.9,23.26,4,ㅁ저렴한 방3 화2ㅁ 주차 편해요,https://www.zigbang.com/home/apt/items/49301486
2026-06-17 08:51:21,빌라투룸,49279938,월세,04,충청남도 천안시 서북구 성환읍 성환리,천안시 서북구,성환읍,1000,75,0,46.28,14.0,2,ㅇ큰 투룸ㅇ대박 채광ㅇ신축투룸ㅇ,https://www.zigbang.com/home/apt/items/49279938
2026-06-17 08:51:21,빌라투룸,49279782,전세,04,충청남도 천안시 서북구 성환읍 성환리,천안시 서북구,성환읍,9000,0,0,39.6,11.98,3,성환역 도보 5분 안전한 전세 큰 투룸 거실 1개 방2개,https://www.zigbang.com/home/apt/items/49279782
2026-06-17 08:51:21,빌라투룸,49394129,월세,04,충청남도 천안시 서북구 성환읍 성환리,천안시 서북구,성환읍,1000,70,0,40,12.1,4,ㄴ성환중학교 인근 깔끔한 투룸ㄱ,https://www.zigbang.com/home/apt/items/49394129
2026-06-17 08:51:21,빌라투룸,49177608,월세,04,충청남도 천안시 서북구 성환읍 성환리,천안시 서북구,성환읍,1000,70,0,59,17.85,3,"투룸, 남서울대, 성환역, 신축급투룸",https://www.zigbang.com/home/apt/items/49177608
2026-06-17 08:51:21,빌라투룸,49130492,월세,04,충청남도 천안시 서북구 성환읍 성환리,천안시 서북구,성환읍,1000,70,0,50,15.12,4,ㅁ성환중인근 엄청 넓고 깔끔한 투룸ㅁ,https://www.zigbang.com/home/apt/items/49130492
2026-06-17 08:51:22,빌라투룸,49282866,매매,05,경기도 안성시 공도읍 만정리,안성시,공도읍,16500,0,16500,79.87,24.16,8,실매물 0 집주인인증 0 방문약속가능,https://www.zigbang.com/home/apt/items/49282866
2026-06-17 08:51:22,빌라투룸,49180974,매매,05,경기도 안성시 공도읍 만정리,안성시,공도읍,13000,0,13000,57.09,17.27,4,실매물 0 집주인인증 0 방문약속가능,https://www.zigbang.com/home/apt/items/49180974
2026-06-17 08:51:22,빌라투룸,49346564,매매,05,경기도 안성시 대덕면 건지리,안성시,대덕면,17900,0,17900,68.5,20.72,1,실매물실사진 급매물현장 빠른입주 가능 가격굿 상태굿 위치굿,https://www.zigbang.com/home/apt/items/49346564
2026-06-17 08:51:22,빌라투룸,49223450,매매,05,경기도 평택시 지산동,평택시,지산동,19000,0,19000,84.39,25.53,4,넓은 평수의 타운하우스 쓰리룸 급매물 엘베OK,https://www.zigbang.com/home/apt/items/49223450
2026-06-17 08:51:22,빌라투룸,49381315,월세,04,경기도 화성시 향남읍 행정리,화성시,향남읍,2000,53,0,42,12.7,2,기숙사 강추 풀옵션 투룸 즉시입주가능,https://www.zigbang.com/home/apt/items/49381315
2026-06-17 08:51:22,빌라투룸,49302406,월세,04,경기도 화성시 만세구 향남읍 하길리,화성시 만세구,향남읍,1000,65,0,45,13.61,3,"동네 시세 보다 저렴하고 착한 풀옵션 투룸 월세, 로또",https://www.zigbang.com/home/apt/items/49302406
2026-06-17 08:51:22,빌라투룸,49269173,월세,04,경기도 화성시 만세구 향남읍 행정리,화성시 만세구,향남읍,4000,40,0,49.5,14.97,2,"뻥뷰, 베란다까지 완벽한 투룸 반전세",https://www.zigbang.com/home/apt/items/49269173
2026-06-17 08:51:22,빌라투룸,49193517,월세,04,경기도 화성시 만세구 향남읍 하길리,화성시 만세구,향남읍,1000,70,0,52,15.73,2,"인프라,채광 모두 다 가졌다, 쓰리베이 구조 투룸",https://www.zigbang.com/home/apt/items/49193517
2026-06-17 08:51:22,빌라투룸,49096107,월세,04,경기도 화성시 만세구 향남읍 하길리,화성시 만세구,향남읍,1000,72,0,50,15.12,3,"풀옵션 투룸 월세, 먹자골목 상가주택단지 내, 로또",https://www.zigbang.com/home/apt/items/49096107
2026-06-17 08:51:23,빌라투룸,49212611,월세,04,경기도 오산시 서동,오산시,서동,1000,70,0,58,17.54,2,ㅣH허브Hㅣꯁㅣ주차최고ㅣꯁㅣ남향ㅣꯁㅣ대형투룸ㅣ,https://www.zigbang.com/home/apt/items/49212611
2026-06-17 08:51:23,빌라투룸,49212033,월세,04,경기도 오산시 서동,오산시,서동,1000,71,0,40.1,12.13,2,ㅣH허브Hㅣ꩜투룸 맛집꩜十해 잘드는 방十외국인Xㅣ허위Noㅣ,https://www.zigbang.com/home/apt/items/49212033
2026-06-17 08:51:23,빌라투룸,49398859,월세,04,경기도 평택시 진위면 견산리,평택시,진위면,1000,75,0,39.66,12.0,2,ꯁGOODꯁ신축2룸ꯁ풀옵션ꯁ금액조정Oꯁ주차편리ꯁ,https://www.zigbang.com/home/apt/items/49398859
2026-06-17 08:51:23,빌라투룸,49335793,매매,05,경기도 평택시 진위면 견산리,평택시,진위면,12000,0,12000,57.59,17.42,5,엘베 있는 관리 잘 된 쓰리룸 최저실입 가능합니다,https://www.zigbang.com/home/apt/items/49335793
2026-06-17 08:51:23,빌라투룸,49310685,월세,05,경기도 평택시 진위면 가곡리,평택시,진위면,1000,100,0,79.32,23.99,4,"롯데제과 정문,진위산단 진위역 인접 거실이 넓은 복층쓰리룸",https://www.zigbang.com/home/apt/items/49310685
2026-06-17 08:51:23,빌라투룸,49278094,월세,05,경기도 평택시 진위면 가곡리,평택시,진위면,500,100,0,69.1,20.9,4,"롯데 제과 정문쪽, 넓은 평수의 복층쓰리룸 임대",https://www.zigbang.com/home/apt/items/49278094
2026-06-17 08:51:23,빌라투룸,49278037,월세,04,경기도 평택시 진위면 가곡리,평택시,진위면,300,70,0,55.4,16.76,3,롯데제과 정문쪽 진위역 진위산단 인접 가성비최고 투룸 임대,https://www.zigbang.com/home/apt/items/49278037
2026-06-17 08:51:23,빌라투룸,49268877,월세,04,경기도 오산시 갈곶동,오산시,갈곶동,12000,3,0,44.94,13.59,2,주차가능 보증보험가능 7월19이후입주가능,https://www.zigbang.com/home/apt/items/49268877
2026-06-17 08:51:23,빌라투룸,49268861,월세,05,경기도 오산시 갈곶동,오산시,갈곶동,7700,22,0,34.44,10.42,4,중기청 버팀목 복층 테라스  보증보험가입 계약금5프로,https://www.zigbang.com/home/apt/items/49268861
2026-06-17 08:51:23,빌라투룸,49260773,월세,04,경기도 오산시 고현동,오산시,고현동,500,75,0,42.97,13.0,3,ꯁGOODꯁ대형2룸ꯁ저렴함ꯁ주차편리ꯁ엘베O인유Oꔚ,https://www.zigbang.com/home/apt/items/49260773
2026-06-17 08:51:23,빌라투룸,49163583,월세,05,경기도 평택시 진위면 가곡리,평택시,진위면,5000,80,0,240,72.6,4,"롯데 제과 정문쪽, 넓은 평수의 복층쓰리룸 임대",https://www.zigbang.com/home/apt/items/49163583
2026-06-17 08:51:23,빌라투룸,49162327,월세,05,경기도 평택시 진위면 가곡리,평택시,진위면,3000,90,0,66.37,20.08,4,"롯데 제과 정문쪽, 명품 다가구 넓은 복층3룸 임대",https://www.zigbang.com/home/apt/items/49162327
2026-06-17 08:51:23,빌라투룸,49130004,월세,05,경기도 평택시 진위면 가곡리,평택시,진위면,3000,80,0,61.34,18.56,4,"롯데제과 정문,진위산단 초인접 테라스 있는 복층쓰리룸",https://www.zigbang.com/home/apt/items/49130004
2026-06-17 08:51:23,빌라투룸,48743970,월세,05,경기도 평택시 진위면 가곡리,평택시,진위면,5000,65,0,61.34,18.56,4,"롯데제과정문, 진위산단 인접 복층 3룸",https://www.zigbang.com/home/apt/items/48743970
2026-06-17 08:51:23,빌라투룸,48730568,전세,04,경기도 평택시 진위면 견산리,평택시,진위면,16000,0,0,42.97,13.0,3,ꯁGOODꯁ신축 전세2룸ꯁ보증보험Oꯁ1세대1주차ꔚ,https://www.zigbang.com/home/apt/items/48730568
2026-06-17 08:51:23,빌라투룸,48629993,월세,04,경기도 평택시 진위면 청호리,평택시,진위면,500,75,0,42.97,13.0,3,ꯁGOODꯁ큰2룸ꯁ진위산단ꯁ금액조정Oꯁ엘베O인유Oꔚ,https://www.zigbang.com/home/apt/items/48629993
2026-06-17 08:51:23,빌라투룸,49324079,매매,05,경기도 화성시 효행구 매송면 원평리,화성시 효행구,매송면,28000,0,28000,76.41,23.11,3,실매물 인증ㅣ3룸2화장실ㅣ허위근절ㅣ매물비교ㅣ금리상담,https://www.zigbang.com/home/apt/items/49324079
2026-06-17 08:51:25,빌라투룸,49392780,월세,05,경기도 용인시 기흥구 공세동,용인시 기흥구,공세동,4800,90,0,74.08,22.41,3,3룸.월세.전입가능.코스트코.롯데아울렛인근,https://www.zigbang.com/home/apt/items/49392780
2026-06-17 08:51:25,빌라투룸,49382821,월세,05,경기도 용인시 기흥구 공세동,용인시 기흥구,공세동,14500,10,0,38.15,11.54,2,무융자.LH.HUG버팀목대출가능.3룸.지정주차,https://www.zigbang.com/home/apt/items/49382821
2026-06-17 08:51:25,빌라투룸,49370224,전세,05,경기도 용인시 기흥구 보라동,용인시 기흥구,보라동,13000,0,0,52.89,16.0,1,무융자 안전한 쓰리룸 입주협의 대출은 불가능합니다,https://www.zigbang.com/home/apt/items/49370224
2026-06-17 08:51:25,빌라투룸,49323927,매매,05,경기도 용인시 기흥구 공세동,용인시 기흥구,공세동,21500,0,21500,69.64,21.07,5,o넓은테라스급매물o 최저실입주금 대출가능한 신축급3룸,https://www.zigbang.com/home/apt/items/49323927
2026-06-17 08:51:25,빌라투룸,49323814,매매,05,경기도 용인시 기흥구 공세동,용인시 기흥구,공세동,24500,0,24500,56.93,17.22,2,실매물 인증ㅣ3룸2화장실ㅣ허위근절ㅣ매물비교ㅣ금리상담,https://www.zigbang.com/home/apt/items/49323814
2026-06-17 08:51:25,빌라투룸,49290949,매매,05,경기도 용인시 기흥구 보라동,용인시 기흥구,보라동,35700,0,35700,67.03,20.28,2,신축빌라ㅣ3룸2화장실ㅣ1금융 대출ㅣ매물 비교,https://www.zigbang.com/home/apt/items/49290949
2026-06-17 08:51:25,빌라투룸,49197656,매매,05,경기도 용인시 기흥구 공세동,용인시 기흥구,공세동,23500,0,23500,56.93,17.22,2,ㅇ기흥초인근ㅇ준신축ㅇ공실ㅇ즉시입주ㅇ대출가능ㅇ,https://www.zigbang.com/home/apt/items/49197656
2026-06-17 08:51:25,빌라투룸,49161619,매매,05,경기도 용인시 기흥구 하갈동,용인시 기흥구,하갈동,25000,0,25000,72.61,21.96,3,넓은쓰리룸 채광까지 좋은 신축급쓰리룸입니다,https://www.zigbang.com/home/apt/items/49161619
2026-06-17 08:51:25,빌라투룸,49159161,월세,04,경기도 용인시 기흥구 보라동,용인시 기흥구,보라동,2000,80,0,50,15.12,1,깨끗하고 넓은 풀옵션 투룸입니다. 에어컨2대,https://www.zigbang.com/home/apt/items/49159161
2026-06-17 08:51:25,빌라투룸,49106046,매매,04,경기도 용인시 기흥구 보라동,용인시 기흥구,보라동,21000,0,21000,40.35,12.21,4,상갈역세권 교통 좋은 입지  깔끔한 2룸 매매 입주조율가능,https://www.zigbang.com/home/apt/items/49106046
2026-06-17 08:51:25,빌라투룸,49093579,월세,04,경기도 용인시 기흥구 보라동,용인시 기흥구,보라동,500,55,0,39.87,12.06,1,관리비x정말 저렴한 투룸월세입니다.,https://www.zigbang.com/home/apt/items/49093579
2026-06-17 08:51:25,빌라투룸,49079886,매매,05,경기도 용인시 기흥구 공세동,용인시 기흥구,공세동,20000,0,20000,51.64,15.62,2,저렴한3룸 최저입주금 도와드립니다,https://www.zigbang.com/home/apt/items/49079886
2026-06-17 08:51:25,빌라투룸,49263595,월세,05,경기도 용인시 처인구 삼가동,용인시 처인구,삼가동,1000,50,0,49.58,15.0,3,삼가역바로인근 교통편리 깨끗 서세보다싼집 수리완료,https://www.zigbang.com/home/apt/items/49263595
2026-06-17 08:51:25,빌라투룸,49207587,매매,04,경기도 용인시 처인구 삼가동,용인시 처인구,삼가동,15500,0,15500,43.33,13.11,2,실매물ㅣ허위근절ㅣ다양한 매물 금리상담으로 완벽한 내집 찾기,https://www.zigbang.com/home/apt/items/49207587
2026-06-17 08:51:25,빌라투룸,49081800,매매,05,경기도 용인시 기흥구 상하동,용인시 기흥구,상하동,25300,0,25300,52.52,15.89,2,100프로 실매물 최저 실입주금 상담가능,https://www.zigbang.com/home/apt/items/49081800
2026-06-17 08:51:25,빌라투룸,49061166,매매,05,경기도 용인시 기흥구 상하동,용인시 기흥구,상하동,23500,0,23500,55.14,16.68,4,상하중학교 도보가능 깔끔한 쓰리룸,https://www.zigbang.com/home/apt/items/49061166
2026-06-17 08:51:25,빌라투룸,49264593,전세,05,세종시 조치원읍 침산리,,조치원읍,9000,0,0,80,24.2,4,전세 위치좋고 깔끔한쓰리룸,https://www.zigbang.com/home/apt/items/49264593
2026-06-17 08:51:25,빌라투룸,49170621,월세,04,세종시 조치원읍 침산리,,조치원읍,500,50,0,45,13.61,4,가성비 침산리 투룸,https://www.zigbang.com/home/apt/items/49170621
2026-06-17 08:51:25,빌라투룸,49281369,매매,05,경기도 용인시 처인구 마평동,용인시 처인구,마평동,11000,0,11000,46.8,14.16,4,실매물ㅣ허위근절ㅣ다양한 매물 금리상담으로 완벽한 내집 찾기,https://www.zigbang.com/home/apt/items/49281369
2026-06-17 08:51:25,빌라투룸,49219829,월세,05,경기도 용인시 처인구 운학동,용인시 처인구,운학동,10000,70,0,120.75,36.53,1,"내부수리완료 주방, 방등 즉시입주가능",https://www.zigbang.com/home/apt/items/49219829
2026-06-17 08:51:25,빌라투룸,49358808,매매,05,경기도 용인시 처인구 남동,용인시 처인구,남동,47000,0,47000,84.71,25.62,2,은화삼 CC 차량 2분 타운하우스,https://www.zigbang.com/home/apt/items/49358808
2026-06-17 08:51:25,빌라투룸,49038004,매매,05,경기도 용인시 처인구 남동,용인시 처인구,남동,18000,0,18000,51.53,15.59,1,최저실입진행 채광좋고 넓은 방3화2 구조에요,https://www.zigbang.com/home/apt/items/49038004
2026-06-17 08:51:25,빌라투룸,49264540,매매,05,세종시 조치원읍 신안리,,조치원읍,17500,0,17500,79,23.9,1,30평 1층 신축빌라 급매,https://www.zigbang.com/home/apt/items/49264540
2026-06-17 08:51:26,빌라투룸,49352684,월세,05,충청북도 청주시 서원구 죽림동,청주시 서원구,죽림동,1000,70,0,66.12,20.0,4,반려동물 가능한 넓은 쓰리룸 월세 즉시입주가능,https://www.zigbang.com/home/apt/items/49352684
2026-06-17 08:51:26,빌라투룸,49396357,전세,05,충청북도 청주시 서원구 남이면 가마리,청주시 서원구,남이면,15000,0,0,106.58,32.24,4,"ㄱ반려동물 협의가능,신축급,월세도가능4000에80,권리안전",https://www.zigbang.com/home/apt/items/49396357
2026-06-17 08:51:26,빌라투룸,49191552,월세,05,충청북도 청주시 서원구 남이면 가마리,청주시 서원구,남이면,4000,80,0,106.58,32.24,4,깔끔 깨끗 주인세대 남향 베란다 큼,https://www.zigbang.com/home/apt/items/49191552
2026-06-17 08:51:27,빌라투룸,49396774,월세,05,충청북도 청주시 청원구 오창읍 주성리,청주시 청원구,오창읍,1000,65,0,70,21.17,4,오창읍 주성리  가성비좋은  주인세대 쓰리룸 월세,https://www.zigbang.com/home/apt/items/49396774
2026-06-17 08:51:27,빌라투룸,49276278,월세,04,충청북도 청주시 청원구 오창읍 주성리,청주시 청원구,오창읍,1000,60,0,59.5,18.0,3,신. 고품격 투룸 . 엘리베이터 . 축 LG엔솔 도보 3분,https://www.zigbang.com/home/apt/items/49276278
2026-06-17 08:51:27,빌라투룸,49229692,월세,05,충청북도 청주시 청원구 오창읍 주성리,청주시 청원구,오창읍,2000,80,0,68,20.57,3,오창2산단 신축급쓰리룸 남향 엘리베이터,https://www.zigbang.com/home/apt/items/49229692
2026-06-17 08:51:27,빌라투룸,49227779,월세,05,충청북도 청주시 청원구 오창읍 주성리,청주시 청원구,오창읍,1000,70,0,80,24.2,4,오창 2산단 정남향 햇살가득 주인세대 즉시입주가능,https://www.zigbang.com/home/apt/items/49227779
2026-06-17 08:51:27,빌라투룸,49184095,월세,04,충청북도 청주시 청원구 오창읍 주성리,청주시 청원구,오창읍,4000,20,0,59,17.85,3,오창 2산단 공원뷰 대형투룸  반전세 즉시입주가능,https://www.zigbang.com/home/apt/items/49184095
2026-06-17 08:51:27,빌라투룸,49183943,월세,04,충청북도 청주시 청원구 오창읍 주성리,청주시 청원구,오창읍,1000,60,0,50,15.12,3,오창 2산단 신축급투룸풀옵션엘리베이터,https://www.zigbang.com/home/apt/items/49183943
2026-06-17 08:51:27,빌라투룸,49183878,전세,04,충청북도 청주시 청원구 오창읍 주성리,청주시 청원구,오창읍,8000,0,0,59,17.85,3,오창 2산단신축급투룸풀옵션 엘리베이터,https://www.zigbang.com/home/apt/items/49183878
2026-06-17 08:51:27,빌라투룸,49113095,월세,04,충청북도 청주시 청원구 오창읍 주성리,청주시 청원구,오창읍,1000,55,0,52.9,16.0,3,.신축급 .Lg엔솔 도보 3분  초고품격 대형 투룸,https://www.zigbang.com/home/apt/items/49113095
2026-06-17 08:51:29,빌라투룸,49366038,전세,05,충청북도 청주시 청원구 오창읍 장대리,청주시 청원구,오창읍,8500,0,0,66.43,20.09,3,오창복지센터 V 반려동물OK V 컨디션 좋은 쓰리룸 V엘,https://www.zigbang.com/home/apt/items/49366038
2026-06-17 08:51:29,빌라투룸,49295733,월세,04,충청북도 증평군 증평읍 초중리,증평군,증평읍,500,42,0,58.8,17.79,3,투룸월세ㅣ방두개 실.용.적ㅣ착한월세,https://www.zigbang.com/home/apt/items/49295733
2026-06-17 08:51:29,빌라투룸,49295540,월세,04,충청북도 증평군 증평읍 초중리,증평군,증평읍,500,42,0,60.17,18.2,3,투룸월세ㅣ풀옵션 가성비좋은방,https://www.zigbang.com/home/apt/items/49295540
2026-06-17 08:51:29,빌라투룸,49287809,월세,04,충청북도 증평군 증평읍 초중리,증평군,증평읍,500,57,0,65.5,19.81,3,정남향 성당뷰 채광좋은 투룸ㅣ풀옵션,https://www.zigbang.com/home/apt/items/49287809
2026-06-17 08:51:29,빌라투룸,49271498,월세,04,충청북도 증평군 증평읍 초중리,증평군,증평읍,500,52,0,68.5,20.72,3,풀옵션투룸ㅣ공간분리 좋고 교통편리한 위치,https://www.zigbang.com/home/apt/items/49271498
2026-06-17 08:51:29,빌라투룸,49254150,월세,05,충청북도 증평군 증평읍 초중리,증평군,증평읍,500,45,0,75.5,22.84,2,채광좋은 쓰리룸월세ㅣ착한임대료,https://www.zigbang.com/home/apt/items/49254150
2026-06-17 08:51:29,빌라투룸,49254147,월세,04,충청북도 증평군 증평읍 초중리,증평군,증평읍,1500,37,0,68.8,20.81,4,큰 평수 투룸 반월세ㅣ착한임대료 위치 좋아요,https://www.zigbang.com/home/apt/items/49254147
2026-06-17 08:51:29,빌라투룸,49214652,월세,05,충청북도 증평군 증평읍 초중리,증평군,증평읍,3000,48,0,75,22.69,3,쓰리룸월세ㅣ필요옵션협의가능ㅣ서비스면적까지,https://www.zigbang.com/home/apt/items/49214652
2026-06-17 08:51:29,빌라투룸,49107223,월세,04,충청북도 증평군 증평읍 초중리,증평군,증평읍,500,52,0,66.12,20.0,3,남햔 채광 좋은 투룸,https://www.zigbang.com/home/apt/items/49107223
2026-06-17 08:51:29,빌라투룸,49044051,월세,04,충청북도 증평군 증평읍 초중리,증평군,증평읍,1000,42,0,60,18.15,3,풀옵션 투룸월세ㅣ정남향 채광좋고 경쾌한 집,https://www.zigbang.com/home/apt/items/49044051
2026-06-17 08:51:29,빌라투룸,49034369,월세,05,충청북도 증평군 증평읍 초중리,증평군,증평읍,1500,82,0,85,25.71,4,전.월세 모두 가능ㅣ모던쓰리룸ㅣ도배 및 리뉴얼 후 첫 입주,https://www.zigbang.com/home/apt/items/49034369
2026-06-17 08:51:29,빌라투룸,49172144,전세,04,충청북도 진천군 진천읍 성석리,진천군,진천읍,5500,0,0,46.5,14.07,2,"3천부터 가능투룸으로 방 크고  티2 에2 ,화, 엘베",https://www.zigbang.com/home/apt/items/49172144
2026-06-17 08:51:29,빌라투룸,49172138,전세,04,충청북도 진천군 진천읍 성석리,진천군,진천읍,7000,0,0,46.5,14.07,3,"큰 투룸,풀옵션에 전용18평 거실 엄청큼",https://www.zigbang.com/home/apt/items/49172138
2026-06-17 08:51:29,빌라투룸,49049463,전세,04,충청북도 진천군 진천읍 성석리,진천군,진천읍,6000,0,0,49.59,15.0,4,"큰 투룸, 거살 큼 티비2  에어컨2개 , 엘베유",https://www.zigbang.com/home/apt/items/49049463
2026-06-17 08:51:29,빌라투룸,49386673,월세,04,충청북도 진천군 덕산읍 산수리,진천군,덕산읍,300,48,0,46.28,14.0,2,"투룸 풀 옵션 화2에2 티비2.방 커요 거실 넓음,",https://www.zigbang.com/home/apt/items/49386673
2026-06-17 08:51:29,빌라투룸,49386643,월세,04,충청북도 진천군 이월면 중산리,진천군,이월면,300,52,0,39.67,12.0,2,화2 에어컨2 엘베유 풀 옵션,https://www.zigbang.com/home/apt/items/49386643
2026-06-17 08:51:29,빌라투룸,49369330,월세,05,충청북도 진천군 덕산읍 산수리,진천군,덕산읍,1000,62,0,66.12,20.0,3,산수산단내 풀옵션 쓰리룸 화장실2 엘베있음,https://www.zigbang.com/home/apt/items/49369330
2026-06-17 08:51:29,빌라투룸,49304576,월세,04,충청북도 진천군 덕산읍 산수리,진천군,덕산읍,400,43,0,42,12.7,2,즉시입주가능.화장실2개라 편리한 투룸,https://www.zigbang.com/home/apt/items/49304576
2026-06-17 08:51:29,빌라투룸,49116597,월세,04,충청북도 진천군 덕산읍 산수리,진천군,덕산읍,400,45,0,45,13.61,2,즉시입주 가능. 거실과방큰 투룸,https://www.zigbang.com/home/apt/items/49116597
2026-06-17 08:51:29,빌라투룸,49065164,월세,05,충청북도 진천군 덕산읍 산수리,진천군,덕산읍,900,65,0,55,16.64,2,빠른입주가능. 엘베있는 화장실2개. 신축의 쓰리룸,https://www.zigbang.com/home/apt/items/49065164
2026-06-17 08:51:29,빌라투룸,48104344,월세,05,충청북도 진천군 덕산읍,진천군,덕산읍,1000,61,0,59.5,18.0,4,"엘베있는 쓰리룸 방3,화장실2",https://www.zigbang.com/home/apt/items/48104344
2026-06-17 08:51:30,빌라투룸,49375997,월세,04,충청북도 음성군 맹동면 두성리,음성군,맹동면,5000,23,0,89.26,27.0,2,넓은 투룸 룸  상가건물 2층 방2개 욕실1,https://www.zigbang.com/home/apt/items/49375997
2026-06-17 08:51:30,빌라투룸,49362249,월세,04,충청북도 음성군 맹동면 두성리,음성군,맹동면,1000,75,0,74,22.38,2,"즉시입주, 혁신도시 상권 근접한 투룸, 도시가스",https://www.zigbang.com/home/apt/items/49362249
2026-06-17 08:51:30,빌라투룸,49221370,월세,04,충청북도 음성군 맹동면 두성리,음성군,맹동면,500,80,0,72.12,21.82,7,침대를 제외한 풀옵션 즉시입주,https://www.zigbang.com/home/apt/items/49221370
2026-06-17 08:51:30,빌라투룸,49139302,월세,04,충청북도 음성군 맹동면 두성리,음성군,맹동면,500,70,0,72.11,21.81,6,한국소비자원 뒤 위치 투룸형,https://www.zigbang.com/home/apt/items/49139302
2026-06-17 08:51:30,빌라투룸,48833295,월세,05,충청북도 음성군 맹동면 두성리,음성군,맹동면,3000,65,0,99.17,30.0,2,"즉시입주, 혁신도시 내 위치한 쓰리룸, 상권이용 편리",https://www.zigbang.com/home/apt/items/48833295
2026-06-17 08:51:34,빌라투룸,49277821,매매,05,경기도 안성시 금산동,안성시,금산동,16000,0,16000,62.79,18.99,4,ㅇ컨디션굿ㅇ트인 뷰ㅇ주차완비ㅇ대출가능ㅇ,https://www.zigbang.com/home/apt/items/49277821
2026-06-17 08:51:34,빌라투룸,49097895,매매,04,경기도 안성시 죽산면 죽산리,안성시,죽산면,8500,0,8500,52.6,15.91,3,"공실, 올리모델링, 생활인프라 이용 편리한 위치의 빌라",https://www.zigbang.com/home/apt/items/49097895
2026-06-17 08:51:34,빌라투룸,49172100,월세,04,충청북도 진천군 이월면 신월리,진천군,이월면,500,55,0,49.59,15.0,1,단독 주택으로 투룸독단적으로 사용,https://www.zigbang.com/home/apt/items/49172100
2026-06-17 08:51:34,빌라투룸,49289732,월세,04,충청북도 진천군 덕산읍 신척리,진천군,덕산읍,500,67,0,51.3,15.52,12,방2 거실1 화장실2 천정형에어컨3 신축 월세 첫입주,https://www.zigbang.com/home/apt/items/49289732
2026-06-17 08:51:34,빌라투룸,49241047,월세,04,충청북도 진천군 덕산읍 신척리,진천군,덕산읍,500,67,0,51.3,15.52,10,첫입주에 남동향의 햇살좋은 투룸형식 아파트,https://www.zigbang.com/home/apt/items/49241047
2026-06-17 08:51:34,빌라투룸,49241037,월세,04,충청북도 진천군 덕산읍 신척리,진천군,덕산읍,500,49,0,39.43,11.93,10,남동향의 햇살좋은 투베이형식 아파트,https://www.zigbang.com/home/apt/items/49241037
2026-06-17 08:51:34,빌라투룸,49214754,월세,04,충청북도 진천군 덕산읍 신척리,진천군,덕산읍,500,49,0,39.43,11.93,11,"남향 금액좋다 도시가스 거실1,방1, 화장실2",https://www.zigbang.com/home/apt/items/49214754
2026-06-17 08:51:34,빌라투룸,49163495,월세,04,충청북도 진천군 덕산읍 신척리,진천군,덕산읍,500,49,0,39.43,11.93,6,"남향의 햇살좋은 투베이형식 아파트, 첫입주에요",https://www.zigbang.com/home/apt/items/49163495
2026-06-17 08:51:34,빌라투룸,48667837,월세,04,충청북도 진천군 덕산읍 신척리,진천군,덕산읍,500,67,0,51.3,15.52,10,"투룸형 거실1,방2,화장실2",https://www.zigbang.com/home/apt/items/48667837
2026-06-17 08:51:34,빌라투룸,49388115,월세,04,충청북도 음성군 대소면 오류리,음성군,대소면,1000,45,0,50,15.12,3,풀옵션 투룸.깔끔한내부.반전세가능.승강기설치.ott가능,https://www.zigbang.com/home/apt/items/49388115
2026-06-17 08:51:34,빌라투룸,49388112,전세,04,충청북도 음성군 대소읍 오류리,음성군,대소읍,5000,0,0,50,15.12,3,ott시청가능.풀옵션.엘리베이터설치.투룸전세.반전세가능.,https://www.zigbang.com/home/apt/items/49388112
2026-06-17 08:51:34,빌라투룸,49380481,월세,04,충청북도 음성군 대소읍 오산리,음성군,대소읍,300,50,0,50,15.12,4,대소 초등 학교 부근. 투룸. 외국인 가능.,https://www.zigbang.com/home/apt/items/49380481
2026-06-17 08:51:34,빌라투룸,49310930,월세,05,충청북도 음성군 대소읍 태생리,음성군,대소읍,500,55,0,40.08,12.12,2,한국인 기숙사 가능. 애완견 불가. 도시가스.엘리베이터,https://www.zigbang.com/home/apt/items/49310930
2026-06-17 08:51:34,빌라투룸,49058358,전세,04,충청북도 음성군 대소읍 태생리,음성군,대소읍,7000,0,0,50,15.12,4,투룸. 방 2. 거실. 관리 잘된집.,https://www.zigbang.com/home/apt/items/49058358
2026-06-17 08:51:34,빌라투룸,49052146,월세,04,충청북도 음성군 대소읍 태생리,음성군,대소읍,300,48,0,50,15.12,4,큰 방 2. 에어컨 2대. 주차 공간 여유로움.,https://www.zigbang.com/home/apt/items/49052146
2026-06-17 08:51:35,빌라투룸,49374279,전세,05,충청북도 음성군 금왕읍 금석리,음성군,금왕읍,8000,0,0,85.95,26.0,4,금왕 3룸 빌라 전세. 주차편리한빌라,https://www.zigbang.com/home/apt/items/49374279
2026-06-17 08:51:35,빌라투룸,49374278,월세,04,충청북도 음성군 금왕읍 무극리,음성군,금왕읍,1000,65,0,65.79,19.9,2,금왕 거실 넓고 깨끗한 투룸 월세,https://www.zigbang.com/home/apt/items/49374278
2026-06-17 08:51:35,빌라투룸,49369459,월세,04,충청북도 음성군 금왕읍 무극리,음성군,금왕읍,300,42,0,49.59,15.0,3,"넓은 씽크대, 넓은 화장실, 저렴한 풀옵션 투룸",https://www.zigbang.com/home/apt/items/49369459
2026-06-17 08:51:35,빌라투룸,49365474,월세,04,충청북도 음성군 금왕읍 무극리,음성군,금왕읍,2000,50,0,50,15.12,5,"넓은 테라스 및 방이 아주큰, 신축 풀옵션 도시가스 투룸",https://www.zigbang.com/home/apt/items/49365474
2026-06-17 08:51:35,빌라투룸,49320127,월세,04,충청북도 음성군 금왕읍 무극리,음성군,금왕읍,1000,65,0,20.14,6.09,2,넓은 투룸 도시가스 풀옵션 엘리베이터 퀄리티 좋아요,https://www.zigbang.com/home/apt/items/49320127
2026-06-17 08:51:35,빌라투룸,49306384,전세,04,충청북도 음성군 금왕읍 금석리,음성군,금왕읍,5000,0,0,49.59,15.0,3,금왕 투룸  방2.거실.화장실1,https://www.zigbang.com/home/apt/items/49306384
2026-06-17 08:51:35,빌라투룸,49306341,전세,05,충청북도 음성군 금왕읍 금석리,음성군,금왕읍,8000,0,0,76.03,23.0,3,"금왕 3룸  방3,주방,거실,화장실2",https://www.zigbang.com/home/apt/items/49306341
2026-06-17 08:51:35,빌라투룸,49272549,월세,05,충청북도 음성군 금왕읍 무극리,음성군,금왕읍,1000,50,0,86.24,26.09,3,시내중심가 위치 좋은곳 방3 상가주택3층,https://www.zigbang.com/home/apt/items/49272549
2026-06-17 08:51:35,빌라투룸,49269362,월세,04,충청북도 음성군 금왕읍 무극리,음성군,금왕읍,2000,45,0,52.89,16.0,2,아늑하고 조용한 투룸입니다,https://www.zigbang.com/home/apt/items/49269362
2026-06-17 08:51:35,빌라투룸,49198911,월세,05,충청북도 음성군 금왕읍 무극리,음성군,금왕읍,1000,50,0,52,15.73,2,시내중심가 위치 좋은곳 상가주택 2층 리모델링후 첫입주,https://www.zigbang.com/home/apt/items/49198911
2026-06-17 08:51:35,빌라투룸,49174882,월세,05,충청북도 음성군 금왕읍 금석리,음성군,금왕읍,3000,75,0,85.95,26.0,4,3룸 월세  방3.화장실2.거실.주방.베란다,https://www.zigbang.com/home/apt/items/49174882
2026-06-17 08:51:35,빌라투룸,49145317,월세,04,충청북도 음성군 금왕읍 무극리,음성군,금왕읍,2000,40,0,36,10.89,3,퀄리티 좋은 투룸 풀옵션 엘리베이터 있음 위치좋은 곳,https://www.zigbang.com/home/apt/items/49145317
2026-06-17 08:51:35,빌라투룸,49143249,월세,04,충청북도 음성군 금왕읍 무극리,음성군,금왕읍,500,45,0,71.28,21.56,2,시내중심가 위치좋은 곳 상가주택 2층 도시가스사용,https://www.zigbang.com/home/apt/items/49143249
2026-06-17 08:51:35,빌라투룸,49142367,전세,04,충청북도 음성군 금왕읍 무극리,음성군,금왕읍,7500,0,0,85.95,26.0,4,"아주 큰 복층 및 테라스가 있는, 신축 풀옵션 복층형 투룸",https://www.zigbang.com/home/apt/items/49142367
2026-06-17 08:51:34,빌라투룸,49392376,월세,04,충청북도 음성군 맹동면 쌍정리,음성군,맹동면,500,42,0,40,12.1,3,엘리베이터있는  미니투룸  방2  중심상권  즉시 입주,https://www.zigbang.com/home/apt/items/49392376
2026-06-17 08:51:34,빌라투룸,49205267,월세,04,충청북도 음성군 맹동면 신돈리,음성군,맹동면,500,60,0,56.2,17.0,4,조용하고 채광이 좋으며   면적이 넓음 사진그대로,https://www.zigbang.com/home/apt/items/49205267
2026-06-17 08:51:35,빌라투룸,49341904,월세,04,충청북도 음성군 삼성면 덕정리,음성군,삼성면,500,55,0,50,15.12,2,삼성면 시내 위치. 투룸. 에어컨 2대,https://www.zigbang.com/home/apt/items/49341904
2026-06-17 08:51:36,빌라투룸,49349575,월세,04,경기도 용인시 처인구 원삼면 사암리,용인시 처인구,원삼면,500,160,0,45,13.61,4,원삼sk하이닉스 가까운 풀옵션 복층,https://www.zigbang.com/home/apt/items/49349575
2026-06-17 08:51:36,빌라투룸,49397313,매매,05,경기도 용인시 처인구 백암면 근창리,용인시 처인구,백암면,12100,0,12100,58.32,17.64,2,원삼sk하이닉스 셔틀도보 3분 올수리 동은아파트 월세,https://www.zigbang.com/home/apt/items/49397313
2026-06-17 08:51:36,빌라투룸,49395878,매매,05,경기도 용인시 처인구 백암면 백암리,용인시 처인구,백암면,22000,0,22000,50.07,15.15,2,원삼sk셔틀버스 도보3분거리 신축 빌라 매매,https://www.zigbang.com/home/apt/items/49395878
2026-06-17 08:51:36,빌라투룸,49349735,매매,04,경기도 용인시 처인구 백암면 근창리,용인시 처인구,백암면,17000,0,17000,59.94,18.13,17,원삼sk하이닉스 셔틀버스 도보3분거리 청와아파트 매매입니다,https://www.zigbang.com/home/apt/items/49349735
2026-06-17 08:51:36,빌라투룸,49349666,매매,05,경기도 용인시 처인구 백암면 백암리,용인시 처인구,백암면,24000,0,24000,63.17,19.11,4,원삼sk하이닉스 셔틀버스 도보3 백암시내 신축 자성리치빌,https://www.zigbang.com/home/apt/items/49349666
2026-06-17 08:51:36,빌라투룸,49219647,월세,06,경기도 용인시 처인구 양지읍 평창리,용인시 처인구,양지읍,3000,420,0,211,63.83,4,"원삼SK하이닉스 현장접근용이하며 다인수용가능 주차넉넉,",https://www.zigbang.com/home/apt/items/49219647
2026-06-17 08:51:36,빌라투룸,49370214,매매,05,경기도 용인시 처인구 양지읍 남곡리,용인시 처인구,양지읍,21500,0,21500,63.4,19.18,2,양지IC 초인접 고속도로 진입 최고 사통팔달 입지,https://www.zigbang.com/home/apt/items/49370214
2026-06-17 08:51:36,빌라투룸,49369977,매매,06,경기도 용인시 처인구 양지읍 양지리,용인시 처인구,양지읍,37500,0,37500,115.36,34.9,3,조용하고 쾌적한 주거 환경 가성비 최고 실거주 매물,https://www.zigbang.com/home/apt/items/49369977
2026-06-17 08:51:36,빌라투룸,49321090,매매,06,경기도 용인시 처인구 양지읍 양지리,용인시 처인구,양지읍,110000,0,110000,229.5,69.42,2,실매물싨가진 고급 전원주택 엘베있음 도로변,https://www.zigbang.com/home/apt/items/49321090
2026-06-17 08:51:36,빌라투룸,49271174,매매,04,경기도 용인시 처인구 양지읍 양지리,용인시 처인구,양지읍,12000,0,12000,52.45,15.87,1,실매물 인증ㅣ허위근절ㅣ매물비교ㅣ금리상담,https://www.zigbang.com/home/apt/items/49271174
2026-06-17 08:51:37,빌라투룸,49378657,월세,05,경기도 이천시 호법면 유산리,이천시,호법면,50,70,0,59.99,18.15,2,유산리 방3화2 단기임대,https://www.zigbang.com/home/apt/items/49378657
2026-06-17 08:51:37,빌라투룸,49356494,월세,04,경기도 이천시 호법면 후안리,이천시,호법면,1000,72,0,43,13.01,2,신축급 투룸 호법초인근,https://www.zigbang.com/home/apt/items/49356494
2026-06-17 08:51:37,빌라투룸,49325145,월세,04,경기도 이천시 호법면 유산리,이천시,호법면,1000,65,0,58.75,17.77,3,"즉시 입주가능, 풀옵션 투룸, 이천역 5분",https://www.zigbang.com/home/apt/items/49325145
2026-06-17 08:51:37,빌라투룸,49312519,월세,04,경기도 이천시 호법면 후안리,이천시,호법면,1000,72,0,42.97,13.0,2,후안리 신축  풀옵션 투룸 즉시입주,https://www.zigbang.com/home/apt/items/49312519
2026-06-17 08:51:37,빌라투룸,49159032,월세,04,경기도 이천시 호법면 안평리,이천시,호법면,5000,30,0,39.67,12.0,2,즉시 입주 가능한  2룸 월세 매물 입니다,https://www.zigbang.com/home/apt/items/49159032
2026-06-17 08:51:37,빌라투룸,49268713,전세,04,경기도 이천시 모가면 진가리,이천시,모가면,8500,0,0,35.02,10.59,2,빠른입주 가능한 신축 투룸 전세,https://www.zigbang.com/home/apt/items/49268713
2026-06-17 08:51:37,빌라투룸,49216532,월세,04,경기도 이천시 대월면 초지리,이천시,대월면,1000,75,0,56.8,17.18,4,깨끗한 풀옵션 주차가능,https://www.zigbang.com/home/apt/items/49216532
2026-06-17 08:51:37,빌라투룸,49391357,월세,04,경기도 이천시 대월면 사동리,이천시,대월면,500,60,0,56.31,17.03,3,"즉시입주가능, 투룸, SK하이닉스 차량 8분",https://www.zigbang.com/home/apt/items/49391357
2026-06-17 08:51:37,빌라투룸,49372868,전세,04,경기도 이천시 대월면 사동리,이천시,대월면,9900,0,0,44.14,13.35,2,"사동리 생활권 최강 투룸 빌라 전세. 엘베O,주차O",https://www.zigbang.com/home/apt/items/49372868
2026-06-17 08:51:37,빌라투룸,49359837,월세,04,경기도 이천시 대월면 초지리,이천시,대월면,300,50,0,40.5,12.25,1,"즉시입주가능, 저렴한 투룸, SK하이닉스 차량 5분",https://www.zigbang.com/home/apt/items/49359837
2026-06-17 08:51:37,빌라투룸,49303061,매매,04,경기도 이천시 대월면 사동리,이천시,대월면,13500,0,13500,44.14,13.35,2,이천하이닉스 인근 사동리 투룸빌라 매매,https://www.zigbang.com/home/apt/items/49303061
2026-06-17 08:51:37,빌라투룸,49255751,월세,04,경기도 이천시 대월면 사동리,이천시,대월면,500,60,0,39.67,12.0,2,"8월 6일 입주가능, 2베이, SK하이닉스 도보가능",https://www.zigbang.com/home/apt/items/49255751
2026-06-17 08:51:37,빌라투룸,49171148,전세,04,경기도 이천시 대월면 사동리,이천시,대월면,9500,0,0,52.95,16.02,2,하이닉스 도보7분거리 신축 투룸 주변 음식점 편의점 많음,https://www.zigbang.com/home/apt/items/49171148
2026-06-17 08:51:37,빌라투룸,48747281,월세,05,경기도 이천시 대월면 사동리,이천시,대월면,2000,90,0,73.61,22.27,2,sk하이닉스 도보 가능한 엘리베이터 있는 신축급 3룸 월세,https://www.zigbang.com/home/apt/items/48747281
2026-06-17 08:51:37,빌라투룸,48249374,매매,04,경기도 이천시 대월면 초지리,이천시,대월면,8500,0,8500,44.91,13.59,1,신축급  넓은평수 2룸,https://www.zigbang.com/home/apt/items/48249374
2026-06-17 08:51:37,빌라투룸,49397364,월세,04,경기도 이천시 부발읍 신하리,이천시,부발읍,1000,45,0,56.9,17.21,1,샷시포함 올수리 방2화1 아주깨끗 즉시입주가능합니다,https://www.zigbang.com/home/apt/items/49397364
2026-06-17 08:51:37,빌라투룸,49360238,월세,04,경기도 이천시 대월면 대흥리,이천시,대월면,500,62,0,33.06,10.0,2,하이닉스 인근 풀옵션 투룸,https://www.zigbang.com/home/apt/items/49360238
2026-06-17 08:51:37,빌라투룸,49351688,매매,05,경기도 이천시 부발읍 가좌리,이천시,부발읍,29500,0,29500,67.78,20.5,2,엘베OKㅣ3룸ㅣ다양한 매물 금리상담으로 완벽한 내집 찾기,https://www.zigbang.com/home/apt/items/49351688
2026-06-17 08:51:37,빌라투룸,49317583,월세,04,경기도 이천시 부발읍 신하리,이천시,부발읍,1000,70,0,49.59,15.0,4,이천시 신하리 다이소 뒷쪽 바로 입주 가능한 투룸월세,https://www.zigbang.com/home/apt/items/49317583
2026-06-17 08:51:37,빌라투룸,49275024,월세,04,경기도 이천시 부발읍 신하리,이천시,부발읍,1000,72,0,45,13.61,3,하이닉스 인근 투룸  월세,https://www.zigbang.com/home/apt/items/49275024
2026-06-17 08:51:37,빌라투룸,49226665,월세,04,경기도 이천시 부발읍 신하리,이천시,부발읍,1000,70,0,49.59,15.0,2,이천시 신하리 다이소뒷쪽 엘베있고 방넓은 투룸월세,https://www.zigbang.com/home/apt/items/49226665
2026-06-17 08:51:37,빌라투룸,49183125,월세,04,경기도 이천시 부발읍 가좌리,이천시,부발읍,1000,60,0,39.67,12.0,4,이천시 부발읍 가좌리 한우품인근 빠른입주 가능한 투룸월세,https://www.zigbang.com/home/apt/items/49183125
2026-06-17 08:51:37,빌라투룸,49168898,매매,05,경기도 이천시 부발읍 신하리,이천시,부발읍,14000,0,14000,49.91,15.1,4,신하리 방3 화2 깔끔한 컨디션 유지중인 준신축,https://www.zigbang.com/home/apt/items/49168898
2026-06-17 08:51:37,빌라투룸,49142122,월세,05,경기도 이천시 부발읍 신하리,이천시,부발읍,4000,30,0,68.36,20.68,3,앞뒤 베란다 넓은 집,https://www.zigbang.com/home/apt/items/49142122
2026-06-17 08:51:37,빌라투룸,48950270,매매,05,경기도 이천시 부발읍 신하리,이천시,부발읍,12500,0,12500,62.18,18.81,3,저렴한게 나온 넓은 구조의 쓰리룸 빌라 막힘 없는 뷰,https://www.zigbang.com/home/apt/items/48950270
2026-06-17 08:51:37,빌라투룸,49368438,전세,04,경기도 여주시 가남읍 태평리,여주시,가남읍,8000,0,0,27.12,8.2,4,터미널5분거리 식탁있는 풀옵션 투룸,https://www.zigbang.com/home/apt/items/49368438
2026-06-17 08:51:37,빌라투룸,49368409,전세,04,경기도 여주시 가남읍 태평리,여주시,가남읍,8000,0,0,45,13.61,4,층간소음없는 층 풀옵션 투룸. 터미널 도보5분거리 .,https://www.zigbang.com/home/apt/items/49368409
2026-06-17 08:51:37,빌라투룸,49341431,월세,04,경기도 여주시 가남읍 태평리,여주시,가남읍,500,50,0,45,13.61,3,초등학교 부근 싸고 저렴하고 채광좋은 투룸월세,https://www.zigbang.com/home/apt/items/49341431
2026-06-17 08:51:37,빌라투룸,49339983,월세,05,경기도 여주시 가남읍 태평리,여주시,가남읍,2000,100,0,100,30.25,4,터미널바로뒤  발코니가있는 복층구조 주인세대 월세 방3개,https://www.zigbang.com/home/apt/items/49339983
2026-06-17 08:51:37,빌라투룸,49283890,매매,05,경기도 여주시 가남읍 신해리,여주시,가남읍,14500,0,14500,57.18,17.3,1,아이들키우기 좋은 쓰리룸 빌라 1층매물,https://www.zigbang.com/home/apt/items/49283890
2026-06-17 08:51:37,빌라투룸,49283880,매매,05,경기도 여주시 가남읍 태평리,여주시,가남읍,13900,0,13900,57.99,17.54,4,태평리 쓰리룸 매매,https://www.zigbang.com/home/apt/items/49283880
2026-06-17 08:51:37,빌라투룸,49217103,매매,06,경기도 여주시 가남읍 태평리,여주시,가남읍,25000,0,25000,73.98,22.38,2,태평리 포룸 신축빌라,https://www.zigbang.com/home/apt/items/49217103
2026-06-17 08:51:37,빌라투룸,49141724,월세,05,경기도 여주시 가남읍 태평리,여주시,가남읍,2000,130,0,47.64,14.41,5,태평리 방4개 복층빌라 월세,https://www.zigbang.com/home/apt/items/49141724
2026-06-17 08:51:39,빌라투룸,49350292,월세,04,충청북도 충주시 봉방동,충주시,봉방동,500,40,0,46.28,14.0,3,세명대병원ㅣ남향채광ㅣ갓성비투룸,https://www.zigbang.com/home/apt/items/49350292
2026-06-17 08:51:39,빌라투룸,49209591,월세,04,충청북도 충주시 문화동,충주시,문화동,3000,31,0,49.59,15.0,2,"호암지근방.대형투룸,보증금조정가능",https://www.zigbang.com/home/apt/items/49209591
2026-06-17 08:51:39,빌라투룸,49168445,월세,04,충청북도 충주시 봉방동,충주시,봉방동,500,45,0,50,15.12,3,"방 과 거실 넉넉해요, 코지한 분위기의 관포52만원 투룸",https://www.zigbang.com/home/apt/items/49168445
2026-06-17 08:51:39,빌라투룸,49114644,월세,05,충청북도 충주시 칠금동,충주시,칠금동,500,51,0,49.59,15.0,2,위치최상 갓성비 3룸,https://www.zigbang.com/home/apt/items/49114644
2026-06-17 08:51:39,빌라투룸,49107014,월세,04,충청북도 충주시 문화동,충주시,문화동,1500,41,0,50,15.12,3,"남향,호암지,갓성비",https://www.zigbang.com/home/apt/items/49107014
2026-06-17 08:51:39,빌라투룸,48973284,전세,04,충청북도 충주시 봉방동,충주시,봉방동,5000,0,0,46.28,14.0,3,귀한전세ㅣ탁트인남향ㅣ풀옵션투룸,https://www.zigbang.com/home/apt/items/48973284
2026-06-17 08:51:39,빌라투룸,48946561,월세,05,충청북도 충주시 칠금동,충주시,칠금동,500,50,0,45,13.61,2,"칠금동사무소인근, 풀옵션 쓰리룸, 엘리베이터 없는 2층",https://www.zigbang.com/home/apt/items/48946561
2026-06-17 08:51:39,빌라투룸,49398383,월세,04,충청북도 충주시 호암동,충주시,호암동,1000,71,0,50.57,15.3,2,ㄴ호암동 신축  풀옵션 투룸ㄱ,https://www.zigbang.com/home/apt/items/49398383
2026-06-17 08:51:39,빌라투룸,49398330,월세,04,충청북도 충주시 호암동,충주시,호암동,1000,71,0,37.83,11.44,3,ㄴ호암동 신축 투룸ㄱ,https://www.zigbang.com/home/apt/items/49398330
2026-06-17 08:51:39,빌라투룸,49296585,월세,04,충청북도 충주시 호암동,충주시,호암동,700,61,0,51.6,15.61,3,ㄴ호암택지 신축 투룸ㄱ,https://www.zigbang.com/home/apt/items/49296585
2026-06-17 08:51:39,빌라투룸,49131638,월세,04,충청북도 충주시 호암동,충주시,호암동,1000,71,0,42.98,13.0,2,ㄴ호암동 신축 대형 투룸ㄱ,https://www.zigbang.com/home/apt/items/49131638
2026-06-17 08:51:39,빌라투룸,49093911,월세,04,충청북도 충주시 호암동,충주시,호암동,1000,81,0,52.24,15.8,3,"ㄴ호암동 최상급 투룸, 풀옵션ㄱ",https://www.zigbang.com/home/apt/items/49093911
2026-06-17 08:51:39,빌라투룸,49295322,월세,04,충청북도 충주시 중앙탑면 용전리,충주시,중앙탑면,500,50,0,40,12.1,옥탑방,풀옵션 옥탑투룸 세입니다,https://www.zigbang.com/home/apt/items/49295322
2026-06-17 08:51:39,빌라투룸,49122675,월세,04,충청북도 충주시 중앙탑면 용전리,충주시,중앙탑면,500,45,0,33,9.98,2,풀옵션 투룸 월세 매물입니다.,https://www.zigbang.com/home/apt/items/49122675
2026-06-17 08:51:41,빌라투룸,49350128,매매,05,경기도 여주시 점봉동,여주시,점봉동,10500,0,10500,43.39,13.13,1,"급급매 저렴한 깨끗한 빌라, 조용하고 살기 좋은곳",https://www.zigbang.com/home/apt/items/49350128
2026-06-17 08:51:41,빌라투룸,49339872,월세,04,경기도 여주시 점봉동,여주시,점봉동,6000,20,0,35,10.59,4,점봉동 투룸 반전세,https://www.zigbang.com/home/apt/items/49339872
2026-06-17 08:51:41,빌라투룸,49339866,월세,04,경기도 여주시 점봉동,여주시,점봉동,500,66,0,35,10.59,4,"점봉동 투룸,3룸.500만원95. 월세 7월중순입주",https://www.zigbang.com/home/apt/items/49339866
2026-06-17 08:51:41,빌라투룸,49339861,월세,04,경기도 여주시 점봉동,여주시,점봉동,1000,61,0,46.28,14.0,4,점봉동 신축  풀옵션 투룸 월세,https://www.zigbang.com/home/apt/items/49339861
2026-06-17 08:51:41,빌라투룸,49339852,월세,04,경기도 여주시 점봉동,여주시,점봉동,1000,61,0,35,10.59,1,점봉동위치는 풀옵션투룸 월세 즉시입주가능,https://www.zigbang.com/home/apt/items/49339852
2026-06-17 08:51:41,빌라투룸,49298651,월세,04,경기도 여주시 점봉동,여주시,점봉동,1000,62,0,39.67,12.0,3,신축급 저렴한 가격 거실 넓음,https://www.zigbang.com/home/apt/items/49298651
2026-06-17 08:51:41,빌라투룸,49089282,월세,04,경기도 여주시 점봉동,여주시,점봉동,1000,62,0,35,10.59,1,"풀옵션 투룸 ,깨끗함",https://www.zigbang.com/home/apt/items/49089282
2026-06-17 08:51:42,빌라투룸,49390173,월세,05,경기도 시흥시 정왕동,시흥시,정왕동,1000,81,0,90,27.22,5,문화복지센터 도보 3분 주인세대 넓은 쓰리룸,https://www.zigbang.com/home/apt/items/49390173
2026-06-17 08:51:42,빌라투룸,49383161,월세,05,경기도 시흥시 정왕동,시흥시,정왕동,1000,81,0,95,28.74,5,주차장엘베있는주인세대쓰리룸,https://www.zigbang.com/home/apt/items/49383161
2026-06-17 08:51:42,빌라투룸,49366882,월세,05,경기도 시흥시 정왕동,시흥시,정왕동,1000,66,0,59.5,18.0,1,거실넓은오이도쓰리룸빌라,https://www.zigbang.com/home/apt/items/49366882
2026-06-17 08:51:42,빌라투룸,49366870,매매,04,경기도 시흥시 정왕동,시흥시,정왕동,6500,0,6500,34.66,10.48,4,베란다넓은오이도투룸매매,https://www.zigbang.com/home/apt/items/49366870
2026-06-17 08:51:42,빌라투룸,49323551,월세,04,경기도 시흥시 정왕동,시흥시,정왕동,500,42,0,39.2,11.86,3,깔끔하게 정돈된 투룲월세,https://www.zigbang.com/home/apt/items/49323551
2026-06-17 08:51:42,빌라투룸,49273835,월세,04,경기도 시흥시 정왕동,시흥시,정왕동,3000,20,0,33.5,10.13,2,깔끔하게 리모텔링한 투룸,https://www.zigbang.com/home/apt/items/49273835
2026-06-17 08:51:42,빌라투룸,49258276,월세,04,경기도 시흥시 정왕동,시흥시,정왕동,3000,20,0,32.75,9.91,2,올수리 투룸 보증금3000 월세20 문화복지센터 도보3분,https://www.zigbang.com/home/apt/items/49258276
2026-06-17 08:51:42,빌라투룸,49255607,월세,04,경기도 시흥시 정왕동,시흥시,정왕동,500,39,0,45,13.61,3,풀옵션거실넓고밝은투룸월세,https://www.zigbang.com/home/apt/items/49255607
2026-06-17 08:51:42,빌라투룸,49250356,매매,05,경기도 시흥시 정왕동,시흥시,정왕동,9200,0,9200,59.33,17.95,2,최저가2층쓰리룸빌라급매,https://www.zigbang.com/home/apt/items/49250356
2026-06-17 08:51:42,빌라투룸,49197740,월세,04,경기도 시흥시 정왕동,시흥시,정왕동,500,39,0,40.5,12.25,3,넓은거실 착한가격 3층 투룸월세,https://www.zigbang.com/home/apt/items/49197740
2026-06-17 08:51:42,빌라투룸,49197707,월세,05,경기도 시흥시 정왕동,시흥시,정왕동,1000,66,0,59.2,17.91,1,생활하기 편한위치 3룸 월세 화장실2살,https://www.zigbang.com/home/apt/items/49197707
2026-06-17 08:51:42,빌라투룸,49179824,월세,04,경기도 시흥시 정왕동,시흥시,정왕동,500,39,0,37.57,11.36,3,채광최상 남동향 거실넓은 투룸 즉시입주,https://www.zigbang.com/home/apt/items/49179824
2026-06-17 08:51:42,빌라투룸,49049255,월세,04,경기도 시흥시 정왕동,시흥시,정왕동,3000,25,0,40,12.1,2,"벽걸이 에어컨, 큰냉장고, 인터넷 귀한투룸",https://www.zigbang.com/home/apt/items/49049255
2026-06-17 08:51:42,빌라투룸,49043434,매매,05,경기도 시흥시 정왕동,시흥시,정왕동,9000,0,9000,84,25.41,2,"오이도 인근 최저가 도전, 빌라 방 3개 넓은 구조",https://www.zigbang.com/home/apt/items/49043434
2026-06-17 08:51:42,빌라투룸,49017279,월세,05,경기도 시흥시 정왕동,시흥시,정왕동,2000,80,0,87.6,26.5,5,전 월세가능한 주인세대 엘베있는 집,https://www.zigbang.com/home/apt/items/49017279
2026-06-17 08:51:43,빌라투룸,49396147,월세,04,인천시 연수구 옥련동,연수구,옥련동,500,46,0,32,9.68,3,㊉ 옥련동투룸 베란다 ㊉,https://www.zigbang.com/home/apt/items/49396147
2026-06-17 08:51:43,빌라투룸,49261886,월세,04,인천시 연수구 옥련동,연수구,옥련동,500,46,0,42.98,13.0,3,ㅁ이사조율가능 투룸ㅁ,https://www.zigbang.com/home/apt/items/49261886
2026-06-17 08:51:43,빌라투룸,49104058,매매,05,인천시 연수구 옥련동,연수구,옥련동,10500,0,10500,38.52,11.65,1,초특급수리 남향 최저가 쓰리룸,https://www.zigbang.com/home/apt/items/49104058
2026-06-17 08:51:43,빌라투룸,49329151,매매,05,경기도 시흥시 월곶동,시흥시,월곶동,20300,0,20300,68.6,20.75,6,100프로 실매물. 안전한 권리 분석부터 유연한 입주 협의,https://www.zigbang.com/home/apt/items/49329151
2026-06-17 08:51:43,빌라투룸,49267460,월세,04,경기도 안산시 단원구 성곡동,안산시 단원구,성곡동,500,50,0,42.98,13.0,5,신축 오피스텔 주소이전가능   풀옵션 엘베  주차가능,https://www.zigbang.com/home/apt/items/49267460
2026-06-17 08:51:44,빌라투룸,49390437,월세,05,인천시 남동구 서창동,남동구,서창동,3000,80,0,56.82,17.19,4,ㅡㅡNEWㅣ서창동복층쓰리룸ㅣ방3화2ㅣ엘베Xㅣ,https://www.zigbang.com/home/apt/items/49390437
2026-06-17 08:51:44,빌라투룸,49312974,매매,05,인천시 남동구 서창동,남동구,서창동,16000,0,16000,75.64,22.88,2,서창동 3룸 넓은 집 찾는다면 강력추천 올수리,https://www.zigbang.com/home/apt/items/49312974
2026-06-17 08:51:45,빌라투룸,49291843,매매,05,경기도 시흥시 조남동,시흥시,조남동,48000,0,48000,82.85,25.06,2,목감역 도보5분거리 단독테라스세대,https://www.zigbang.com/home/apt/items/49291843
2026-06-17 08:51:45,빌라투룸,49393281,매매,05,경기도 시흥시 신천동,시흥시,신천동,29000,0,29000,39.76,12.03,3,신천동 부동산 헛걸음 그만 이번 주말 이 집 하나만 보세요,https://www.zigbang.com/home/apt/items/49393281
2026-06-17 08:51:45,빌라투룸,49389773,매매,05,경기도 시흥시 은행동,시흥시,은행동,27000,0,27000,74.78,22.62,8,실투3300만원 전액대출가능 방3화2 즉시입주,https://www.zigbang.com/home/apt/items/49389773
2026-06-17 08:51:45,빌라투룸,49383936,매매,04,경기도 시흥시 은행동,시흥시,은행동,14500,0,14500,40.23,12.17,2,은행동 2룸 21년식 준신축 시세대비 정말 저렴한 집,https://www.zigbang.com/home/apt/items/49383936
2026-06-17 08:51:45,빌라투룸,49344224,매매,04,경기도 시흥시 신천동,시흥시,신천동,9000,0,9000,30.8,9.32,3,신천역세권 채광좋은 넓은 투룸 급매물,https://www.zigbang.com/home/apt/items/49344224
2026-06-17 08:51:45,빌라투룸,49229397,매매,05,경기도 시흥시 신천동,시흥시,신천동,35800,0,35800,78.65,23.79,6,신천역 역세권 럭셔리한 쓰리룸,https://www.zigbang.com/home/apt/items/49229397
2026-06-17 08:51:45,빌라투룸,49229327,매매,05,경기도 시흥시 은행동,시흥시,은행동,29500,0,29500,56.38,17.05,4,허위매물에 더이상 속지마세요 신축급 3룸 최다보유중,https://www.zigbang.com/home/apt/items/49229327
2026-06-17 08:51:45,빌라투룸,49206549,매매,04,경기도 시흥시 은행동,시흥시,은행동,16000,0,16000,38.55,11.66,3,최저실입주가능 채광좋은집 신축컨디션,https://www.zigbang.com/home/apt/items/49206549
2026-06-17 08:51:45,빌라투룸,49197733,매매,06,경기도 시흥시 은행동,시흥시,은행동,31000,0,31000,64.39,19.48,5,ㅇ낭만있는집ㅇ복층ㅇ테라스ㅇ넓고 큰집ㅇ,https://www.zigbang.com/home/apt/items/49197733
2026-06-17 08:51:45,빌라투룸,49192180,매매,05,경기도 시흥시 매화동,시흥시,매화동,17000,0,17000,44.87,13.57,3,o대단지급매물o 매화동 초급매물 3룸 대출상담환영,https://www.zigbang.com/home/apt/items/49192180
2026-06-17 08:51:45,빌라투룸,49128478,매매,05,경기도 시흥시 신천동,시흥시,신천동,22000,0,22000,37.41,11.32,7,"엘베 O 방3 , 신천역 역세권",https://www.zigbang.com/home/apt/items/49128478
2026-06-17 08:51:45,빌라투룸,49115121,매매,04,경기도 시흥시 신천동,시흥시,신천동,14800,0,14800,42.66,12.9,4,가전제품 모두 증정. 특특올수리. 설명필독. 초특급 급매물,https://www.zigbang.com/home/apt/items/49115121
2026-06-17 08:51:45,빌라투룸,48861843,매매,05,경기도 시흥시 신천동,시흥시,신천동,20500,0,20500,39.47,11.94,6,실입주금2000  방3화2 엘베o,https://www.zigbang.com/home/apt/items/48861843
2026-06-17 08:51:45,빌라투룸,49387165,매매,05,경기도 안양시 만안구 안양동,안양시 만안구,안양동,31000,0,31000,58.51,17.7,4,준신축 쓰리룸과 거실,https://www.zigbang.com/home/apt/items/49387165
2026-06-17 08:51:45,빌라투룸,49384938,매매,05,경기도 안산시 상록구 수암동,안산시 상록구,수암동,30000,0,30000,55.05,16.65,3,"신축, 드레스룸 완비, 엘베O, 주차장 넓음, 위치 좋은곳",https://www.zigbang.com/home/apt/items/49384938
2026-06-17 08:51:45,빌라투룸,49373658,전세,05,경기도 안산시 상록구 수암동,안산시 상록구,수암동,14500,0,0,68.06,20.59,5,"주차장 완비된 깨끗한 쓰리룸, 융자 상환 조건, LH안됨",https://www.zigbang.com/home/apt/items/49373658
2026-06-17 08:51:45,빌라투룸,49364464,전세,05,경기도 안산시 상록구 수암동,안산시 상록구,수암동,16000,0,0,72.77,22.01,5,"방4개 대형평수 전세, LH 가능, 전세반환보증보험 가능",https://www.zigbang.com/home/apt/items/49364464
2026-06-17 08:51:45,빌라투룸,49277016,매매,05,경기도 안산시 상록구 수암동,안산시 상록구,수암동,18000,0,18000,60.74,18.37,3,강추 남향 넓고 구조좋은 쓰리룸빌라 매매,https://www.zigbang.com/home/apt/items/49277016
2026-06-17 08:51:45,빌라투룸,49199942,매매,04,경기도 안양시 만안구 안양동,안양시 만안구,안양동,21000,0,21000,31.91,9.65,4,준식축급ㅣ특가매물ㅣ컨디션최고,https://www.zigbang.com/home/apt/items/49199942
2026-06-17 08:51:45,빌라투룸,49185160,매매,04,경기도 안산시 상록구 장상동,안산시 상록구,장상동,18500,0,18500,70.42,21.3,5,"신축처럼 전체 올수리, 엘베있는 거실 넓은 투룸, 정남향",https://www.zigbang.com/home/apt/items/49185160
2026-06-17 08:51:45,빌라투룸,49185158,매매,04,경기도 안산시 상록구 수암동,안산시 상록구,수암동,11000,0,11000,51.23,15.5,5,"급매, 준신축급 깨끗한 투룸, 정남향, 주차장 완비",https://www.zigbang.com/home/apt/items/49185158
2026-06-17 08:51:45,빌라투룸,49159648,전세,05,경기도 안산시 상록구 수암동,안산시 상록구,수암동,4500,0,0,59.87,18.11,반지하,"LH 가능한 쓰리룸, 거실 넓음, 7월초 이사협의.",https://www.zigbang.com/home/apt/items/49159648
2026-06-17 08:51:45,빌라투룸,49118459,매매,05,경기도 안산시 상록구 수암동,안산시 상록구,수암동,17500,0,17500,60.74,18.37,3,"채광좋은 정남향 엄청나게 넓은 주방,거실 저렴하게나온 빌라",https://www.zigbang.com/home/apt/items/49118459
2026-06-17 08:51:45,빌라투룸,49109338,매매,05,경기도 안산시 상록구 장상동,안산시 상록구,장상동,16000,0,16000,73.93,22.36,4,"급매, 주자장 완비된 쓰리룸, 사방이 트인 밝고 환한 집,",https://www.zigbang.com/home/apt/items/49109338
2026-06-17 08:51:45,빌라투룸,49099358,월세,05,경기도 안산시 상록구 장상동,안산시 상록구,장상동,500,45,0,52.89,16.0,1,"방3개,  풀옵션, 즉시입주 가능합니다.",https://www.zigbang.com/home/apt/items/49099358
2026-06-17 08:51:45,빌라투룸,49070478,전세,06,경기도 안산시 상록구 수암동,안산시 상록구,수암동,14990,0,0,75.98,22.98,3,"방4개, 상태깨끗, 주차장 완비, 초등 가까움,LH 안됨",https://www.zigbang.com/home/apt/items/49070478
2026-06-17 08:51:45,빌라투룸,49009939,매매,04,경기도 안산시 상록구 수암동,안산시 상록구,수암동,7700,0,7700,38.61,11.68,1,"급매, 올수리, 1층 찾으시는 분들 추천합니다.",https://www.zigbang.com/home/apt/items/49009939
2026-06-17 08:51:46,빌라투룸,49331197,월세,05,인천시 중구 항동7가,중구,항동7가,150,65,0,45.39,13.73,9,l 단기임대 l 전입 ok l 애완 ok,https://www.zigbang.com/home/apt/items/49331197
2026-06-17 08:51:46,빌라투룸,49300396,월세,05,인천시 서구 청라동,서구,청라동,2000,85,0,76.03,23.0,2,청라동 3룸 호수공원인접 입주협의 내부사진X,https://www.zigbang.com/home/apt/items/49300396
2026-06-17 08:51:47,빌라투룸,49316849,월세,04,경기도 김포시 양촌읍 학운리,김포시,양촌읍,300,42,0,30,9.07,4,"보증금, 월세 저렴한 소형 2룸",https://www.zigbang.com/home/apt/items/49316849
2026-06-17 08:51:46,빌라투룸,49054458,월세,05,인천시 미추홀구 숭의동,미추홀구,숭의동,100,95,0,49.89,15.09,13,가성비좋은 쓰리룸입니다.,https://www.zigbang.com/home/apt/items/49054458
2026-06-17 08:51:46,빌라투룸,49033868,전세,04,인천시 미추홀구 주안동,미추홀구,주안동,4530,0,0,41.39,12.52,반지하,주안동 폴리텍인근 2룸반지하 전세 풀옵션0 공실 모든전세,https://www.zigbang.com/home/apt/items/49033868
2026-06-17 08:51:46,빌라투룸,49033807,매매,04,인천시 미추홀구 주안동,미추홀구,주안동,8900,0,8900,57.49,17.39,5,주안동 두진아파트 층간소음제로 저렴한 매매,https://www.zigbang.com/home/apt/items/49033807
2026-06-17 08:51:46,빌라투룸,48966101,매매,05,인천시 미추홀구 주안동,미추홀구,주안동,11000,0,11000,54.66,16.53,3,주안동 왕저렴 쓰리룸 아파트 매물,https://www.zigbang.com/home/apt/items/48966101
2026-06-17 08:51:46,빌라투룸,48889048,매매,05,인천시 미추홀구 주안동,미추홀구,주안동,12600,0,12600,59.17,17.9,1,"석암초 인근, 특올수리, 귀한1층",https://www.zigbang.com/home/apt/items/48889048
2026-06-17 08:51:46,빌라투룸,48877884,매매,05,인천시 미추홀구 주안동,미추홀구,주안동,9100,0,9100,37.55,11.36,1,"석암초 인근, 특올수리, 귀한1층",https://www.zigbang.com/home/apt/items/48877884
2026-06-17 08:51:50,빌라투룸,49055269,월세,04,서울시 구로구 구로동,구로구,구로동,26500,41,0,27.29,8.26,9,HUG실평수 넓은 투룸.반환보증보험가입가능.보증금조절가능,https://www.zigbang.com/home/apt/items/49055269
2026-06-17 08:51:50,빌라투룸,49053380,매매,05,서울시 영등포구 영등포동7가,영등포구,영등포동7가,45000,0,45000,59.75,18.07,2,"세입자 6월말만기, 영등포 쓰리룸 매매",https://www.zigbang.com/home/apt/items/49053380
2026-06-17 08:51:50,빌라투룸,49052297,매매,04,서울시 영등포구 영등포동3가,영등포구,영등포동3가,32500,0,32500,24.73,7.48,11,"만기 27년 5월 세입자 거주중, 영등포 투룸 매매",https://www.zigbang.com/home/apt/items/49052297
2026-06-17 08:51:50,빌라투룸,49049447,전세,04,서울시 영등포구 도림동,영등포구,도림동,30000,0,0,29.48,8.92,3,허그청년버팀목O 신도림역 신축급 2룸 풀옵션 안심전,https://www.zigbang.com/home/apt/items/49049447
2026-06-17 08:51:50,빌라투룸,49035107,매매,04,서울시 영등포구 당산동3가,영등포구,당산동3가,37500,0,37500,29.85,9.03,6,당산동 깔끔한 투룸,https://www.zigbang.com/home/apt/items/49035107
2026-06-17 08:51:50,빌라투룸,49035012,전세,04,서울시 영등포구 도림동,영등포구,도림동,31000,0,0,29.48,8.92,3,융자X전세대출0보증보험0전입신고0 신도림역세권 풀옵션 투룸,https://www.zigbang.com/home/apt/items/49035012
2026-06-17 08:51:50,빌라투룸,49006518,전세,04,서울시 영등포구 영등포동2가,영등포구,영등포동2가,30450,0,0,29.17,8.82,2,"S풀옵션 투룸 허그대출,보증보험O 신축급 인기매물",https://www.zigbang.com/home/apt/items/49006518
2026-06-17 08:51:50,빌라투룸,48986486,매매,05,서울시 구로구 구로동,구로구,구로동,28500,0,28500,34.35,10.39,2,급매 초중고 도보통학 쓰리룸 최저가 자주식주차 대출OK,https://www.zigbang.com/home/apt/items/48986486
2026-06-17 08:51:50,빌라투룸,48955072,월세,04,서울시 영등포구 영등포동3가,영등포구,영등포동3가,5000,115,0,27.97,8.46,7,"o법인등기, 영등포역 초역세권 인프라 완벽한 신축 투룸오피",https://www.zigbang.com/home/apt/items/48955072
2026-06-17 08:51:50,빌라투룸,48902968,월세,05,서울시 영등포구 대림동,영등포구,대림동,2000,140,0,34.37,10.4,2,애완동물 가능한 신축 쓰리룸,https://www.zigbang.com/home/apt/items/48902968
2026-06-17 08:51:50,빌라투룸,48882591,전세,04,서울시 영등포구 문래동3가,영등포구,문래동3가,31500,0,0,32.92,9.96,7,"문래역 도보5분 신혼부부버팀목,안심전세대출 가능한 2룸",https://www.zigbang.com/home/apt/items/48882591
2026-06-17 08:51:50,빌라투룸,48688537,월세,04,서울시 영등포구 양평동3가,영등포구,양평동3가,15000,82,0,15.8,4.78,11,"복층.화2 구조,고급인테리어,보증보험 및 모든 전세 대출가",https://www.zigbang.com/home/apt/items/48688537
2026-06-17 08:51:50,빌라투룸,48581523,전세,04,서울시 영등포구 신길동,영등포구,신길동,26500,0,0,29.61,8.96,2,"보증보험가능,허그버팀목가능, 컨디션 좋은 투룸 안심 전세",https://www.zigbang.com/home/apt/items/48581523
2026-06-17 08:51:50,빌라투룸,48290983,월세,04,서울시 영등포구 양평동2가,영등포구,양평동2가,1500,115,0,32.05,9.7,7,o양평동 2룸 2욕실 오피스텔 긴급중도퇴실,https://www.zigbang.com/home/apt/items/48290983
2026-06-17 08:51:50,빌라투룸,49378405,매매,06,서울시 강서구 방화동,강서구,방화동,59800,0,59800,84.15,25.46,6,방화역5호선 도보 5분 5룸 자주식주차,https://www.zigbang.com/home/apt/items/49378405
2026-06-17 08:51:50,빌라투룸,49229479,매매,05,서울시 강서구 방화동,강서구,방화동,21000,0,21000,35.37,10.7,2,엘o 방화역 초역세 쓰리룸 안보면 손헤,https://www.zigbang.com/home/apt/items/49229479
2026-06-17 08:51:50,빌라투룸,49394233,매매,05,경기도 김포시 고촌읍 신곡리,김포시,고촌읍,24800,0,24800,59.94,18.13,5,100프로 실매물 최저 실입주금 상담가능,https://www.zigbang.com/home/apt/items/49394233
2026-06-17 08:51:50,빌라투룸,49334518,매매,05,경기도 김포시 고촌읍 신곡리,김포시,고촌읍,33000,0,33000,49.26,14.9,5,고촌역 도보5분 역세권 복층 급매물,https://www.zigbang.com/home/apt/items/49334518
2026-06-17 08:51:50,빌라투룸,49229150,매매,05,경기도 김포시 고촌읍 신곡리,김포시,고촌읍,24500,0,24500,58.14,17.59,5,서울진출입 최고 고촌역 2억대 유일한 3룸,https://www.zigbang.com/home/apt/items/49229150
2026-06-17 08:51:50,빌라투룸,49055411,매매,05,경기도 김포시 고촌읍 신곡리,김포시,고촌읍,24800,0,24800,39.84,12.05,3,고촌읍 3룸 실평수 잘 빠졌어요,https://www.zigbang.com/home/apt/items/49055411
2026-06-17 08:51:51,빌라투룸,49208254,월세,05,경기도 고양시 덕양구 덕은동,고양시 덕양구,덕은동,3000,140,0,54.17,16.39,2,넓은3룸 화1 엘베 에어컨 빠른입주,https://www.zigbang.com/home/apt/items/49208254
2026-06-17 08:51:51,빌라투룸,49393379,매매,05,경기도 수원시 권선구 당수동,수원시 권선구,당수동,19500,0,19500,49.37,14.93,2,당수지구 호재 인접하고 출퇴근 편리한 실수요자 추천 매물,https://www.zigbang.com/home/apt/items/49393379
2026-06-17 08:51:51,빌라투룸,49388742,월세,04,경기도 수원시 권선구 호매실동,수원시 권선구,호매실동,5000,70,0,60,18.15,2,밝은 투룸이며 조용함,https://www.zigbang.com/home/apt/items/49388742
2026-06-17 08:51:51,빌라투룸,49370906,월세,04,경기도 수원시 권선구 호매실동,수원시 권선구,호매실동,5000,70,0,59.5,18.0,2,"반전세,공원인근, 채광좋은 투룸,구조 좋은 2룸",https://www.zigbang.com/home/apt/items/49370906
2026-06-17 08:51:51,빌라투룸,49338603,전세,05,경기도 수원시 권선구 금곡동,수원시 권선구,금곡동,20000,0,0,66.12,20.0,3,"LH전세가능.남향.채광이 너무 좋은 집,공원앞",https://www.zigbang.com/home/apt/items/49338603
2026-06-17 08:51:51,빌라투룸,49325434,전세,04,경기도 수원시 권선구 금곡동,수원시 권선구,금곡동,6000,0,0,37.88,11.46,3,베란다가 있는 빌라임,https://www.zigbang.com/home/apt/items/49325434
2026-06-17 08:51:51,빌라투룸,49325405,전세,05,경기도 수원시 권선구 호매실동,수원시 권선구,호매실동,18000,0,0,70,21.17,2,"거실에서 뷰가좋음
현재 공실임",https://www.zigbang.com/home/apt/items/49325405
2026-06-17 08:51:51,빌라투룸,49202878,전세,05,경기도 수원시 권선구 호매실동,수원시 권선구,호매실동,29000,0,0,123.21,37.27,4,"6월입주,채광좋은 탁트인남향뷰,넓은거실,넓은옥탑방,테라스",https://www.zigbang.com/home/apt/items/49202878
2026-06-17 08:51:51,빌라투룸,49202856,전세,04,경기도 수원시 권선구 호매실동,수원시 권선구,호매실동,18000,0,0,55.72,16.86,2,"채광좋은 투룸,구조 좋고,살기 편한집,즉시입주가능.",https://www.zigbang.com/home/apt/items/49202856
2026-06-17 08:51:51,빌라투룸,49202826,매매,05,경기도 수원시 권선구 금곡동,수원시 권선구,금곡동,190000,0,190000,175.6,53.12,1,"최상의 단독주택,편백인테리어,최상의 인테리어,채광좋은집",https://www.zigbang.com/home/apt/items/49202826
2026-06-17 08:51:51,빌라투룸,49058637,전세,04,경기도 수원시 권선구 호매실동,수원시 권선구,호매실동,16000,0,0,70,21.17,2,넓은 투룸 입니다,https://www.zigbang.com/home/apt/items/49058637
2026-06-17 08:51:51,빌라투룸,49058379,전세,05,경기도 수원시 권선구 호매실동,수원시 권선구,호매실동,29000,0,0,70,21.17,4,복층과 옥상 테라스가 있음,https://www.zigbang.com/home/apt/items/49058379
2026-06-17 08:51:51,빌라투룸,49051395,매매,04,서울시 양천구 신월동,양천구,신월동,14000,0,14000,31.04,9.39,5,대장홍대선 개통 호재 투자 급매 매물,https://www.zigbang.com/home/apt/items/49051395
2026-06-17 08:51:51,빌라투룸,49043982,매매,04,서울시 강서구 화곡동,강서구,화곡동,13500,0,13500,48.68,14.73,2,"엘베O 깔끔한 투룸 , 개별창고까지",https://www.zigbang.com/home/apt/items/49043982
2026-06-17 08:51:51,빌라투룸,49026588,전세,04,서울시 양천구 신월동,양천구,신월동,22000,0,0,27.71,8.38,5,"대출,보증보험o, 귀한올전세. 화곡역 인근 신축급 풀옵션",https://www.zigbang.com/home/apt/items/49026588
2026-06-17 08:51:51,빌라투룸,49024359,매매,05,서울시 강서구 화곡동,강서구,화곡동,19000,0,19000,48.2,14.58,3,급매 까치산역 인근 올수리 된 3층 3룸,https://www.zigbang.com/home/apt/items/49024359
2026-06-17 08:51:51,빌라투룸,49013482,매매,04,서울시 강서구 내발산동,강서구,내발산동,14500,0,14500,39.36,11.91,4,내발산동 급매 올리모델링 즉시입주 가능한 깔끔 투룸,https://www.zigbang.com/home/apt/items/49013482
2026-06-17 08:51:51,빌라투룸,48994752,월세,05,서울시 강서구 화곡동,강서구,화곡동,3000,89,0,63.16,19.11,3,역세권평지 전용넓은쓰리룸 수납짱 앞뒤통베란다 주차가능,https://www.zigbang.com/home/apt/items/48994752
2026-06-17 08:51:51,빌라투룸,48994035,매매,04,서울시 강서구 화곡동,강서구,화곡동,27500,0,27500,27.13,8.21,4,투자or실거주 모두 추천 매물,https://www.zigbang.com/home/apt/items/48994035
2026-06-17 08:51:51,빌라투룸,48978473,매매,04,서울시 강서구 화곡동,강서구,화곡동,24500,0,24500,22.81,6.9,4,아파트 2룸 화곡역 도보1분이내 초역세권 풀옵션 위치최고,https://www.zigbang.com/home/apt/items/48978473
2026-06-17 08:51:51,빌라투룸,48977282,매매,05,서울시 강서구 화곡동,강서구,화곡동,26000,0,26000,43.52,13.16,2,까치산역 인근 신축급 쓰리룸 공실 신정초 곰달래길 욕실2개,https://www.zigbang.com/home/apt/items/48977282
2026-06-17 08:51:51,빌라투룸,48954987,매매,04,서울시 양천구 신월동,양천구,신월동,15000,0,15000,24.55,7.43,5,대장홍대선 신월역 개통시 도보1분 초역세권 신축급 초엑기스,https://www.zigbang.com/home/apt/items/48954987
2026-06-17 08:51:51,빌라투룸,48936734,전세,05,서울시 강서구 등촌동,강서구,등촌동,34900,0,0,19.57,5.92,10,보증보험 가입가능한 쓰리룸 복층 신혼부부 안성맞춤 집,https://www.zigbang.com/home/apt/items/48936734
2026-06-17 08:51:51,빌라투룸,48896490,매매,04,서울시 강서구 가양동,강서구,가양동,25000,0,25000,28.89,8.74,3,양천향교 초역세권 신축급 투룸 전세가로 내집마련,https://www.zigbang.com/home/apt/items/48896490
2026-06-17 08:51:51,빌라투룸,48870923,매매,04,서울시 강서구 등촌동,강서구,등촌동,26000,0,26000,33.43,10.11,8,증미역 초역세권 전세보다 저렴한 신축급투룸,https://www.zigbang.com/home/apt/items/48870923
2026-06-17 08:51:51,빌라투룸,48592425,매매,04,서울시 강서구 화곡동,강서구,화곡동,24500,0,24500,28.73,8.69,5,할인분양 5호선 화곡역 실거주 가능한 왕저렴 투룸,https://www.zigbang.com/home/apt/items/48592425
2026-06-17 08:51:51,빌라투룸,48279434,매매,05,서울시 강서구 화곡동,강서구,화곡동,20000,0,20000,37.13,11.23,5,실매물 O 엘레베이터 O 정남향 방3화2 급매,https://www.zigbang.com/home/apt/items/48279434
2026-06-17 08:51:52,빌라투룸,49362712,전세,05,경기도 의왕시 이동,의왕시,이동,25000,0,0,68.87,20.83,2,ForU 요즘 진짜 찾기 힘든 보증보험 신축 쓰리룸,https://www.zigbang.com/home/apt/items/49362712
2026-06-17 08:51:52,빌라투룸,49067950,매매,06,경기도 수원시 장안구 파장동,수원시 장안구,파장동,46000,0,46000,80.4,24.32,5,수일초등학교 도보 5분 경기과학고 10분내 인접,https://www.zigbang.com/home/apt/items/49067950
2026-06-17 08:51:53,빌라투룸,49393442,매매,05,경기도 용인시 수지구 신봉동,용인시 수지구,신봉동,42700,0,42700,68.73,20.79,3,초중고 도보 통학 명문 학군에 내부 상태 아주 깔끔한 집,https://www.zigbang.com/home/apt/items/49393442
2026-06-17 08:51:53,빌라투룸,49371382,전세,04,경기도 용인시 수지구 풍덕천동,용인시 수지구,풍덕천동,25000,0,0,38.54,11.66,3,"수지구청,죽전역,동천역차량5분대,깨끗한2룸융자X 반전세가능",https://www.zigbang.com/home/apt/items/49371382
2026-06-17 08:51:53,빌라투룸,49371319,월세,04,경기도 용인시 수지구 풍덕천동,용인시 수지구,풍덕천동,14800,50,0,38.54,11.66,2,"수지구청,죽전역,동천역차량5분,깨끗한2룸,버팀목,보증보험O",https://www.zigbang.com/home/apt/items/49371319
2026-06-17 08:51:53,빌라투룸,49371265,월세,04,경기도 용인시 수지구 풍덕천동,용인시 수지구,풍덕천동,14000,45,0,46.62,14.1,1,수지구청역.죽전역.동천역차량5분 마당있는 넓은2룸보증보험O,https://www.zigbang.com/home/apt/items/49371265
2026-06-17 08:51:53,빌라투룸,49357773,전세,05,경기도 용인시 수지구 성복동,용인시 수지구,성복동,40600,0,0,51.02,15.43,2,귀한 3룸 전세집 HUG에서 보증보험 가능한 안전한 전세,https://www.zigbang.com/home/apt/items/49357773
2026-06-17 08:51:53,빌라투룸,49330544,월세,04,경기도 용인시 수지구 신봉동,용인시 수지구,신봉동,14000,20,0,40,12.1,3,"융무 , 깨끗한 투룸 l",https://www.zigbang.com/home/apt/items/49330544
2026-06-17 08:51:53,빌라투룸,49246297,매매,05,경기도 용인시 수지구 동천동,용인시 수지구,동천동,67000,0,67000,70.21,21.24,1,전원생활을 느낄수 있는 인테리어 이쁜 복층형 타운하우스,https://www.zigbang.com/home/apt/items/49246297
2026-06-17 08:51:53,빌라투룸,49398094,전세,04,경기도 의왕시 포일동,의왕시,포일동,26000,0,0,49.38,14.94,1,빠른이사가능 I 채광좋은 투룸,https://www.zigbang.com/home/apt/items/49398094
2026-06-17 08:51:53,빌라투룸,49396977,월세,05,경기도 의왕시 포일동,의왕시,포일동,5000,120,0,63,19.06,2,"V. 실개천 뷰, 채광,조망이 탁월한 쓰리룸 월세",https://www.zigbang.com/home/apt/items/49396977
2026-06-17 08:51:53,빌라투룸,49375226,월세,04,경기도 의왕시 청계동,의왕시,청계동,1000,95,0,52.89,16.0,2,투룸 실사용면적 넓고 채광좋음,https://www.zigbang.com/home/apt/items/49375226
2026-06-17 08:51:53,빌라투룸,49370996,월세,05,경기도 안양시 동안구 호계동,안양시 동안구,호계동,10000,70,0,55,16.64,2,"평촌학원가  거실있는 3룸, 하시입주, 올수리됨.",https://www.zigbang.com/home/apt/items/49370996
2026-06-17 08:51:53,빌라투룸,49370807,월세,04,경기도 안양시 동안구 호계동,안양시 동안구,호계동,2000,70,0,50,15.12,2,"갈산동 거실겸주방 넓은 2룸, 8월 입주",https://www.zigbang.com/home/apt/items/49370807
2026-06-17 08:51:53,빌라투룸,49348739,전세,04,경기도 의왕시 포일동,의왕시,포일동,23000,0,0,64.43,19.49,2,"보증보험가능,전세대출가능,6월말부터 입주협의",https://www.zigbang.com/home/apt/items/49348739
2026-06-17 08:51:53,빌라투룸,49334479,전세,04,경기도 안양시 동안구 호계동,안양시 동안구,호계동,18000,0,0,60,18.15,2,샷시까지 올수리 환하고 주변 환경도추차도 아주  좋습니다,https://www.zigbang.com/home/apt/items/49334479
2026-06-17 08:51:53,빌라투룸,49324685,매매,05,경기도 의왕시 포일동,의왕시,포일동,36500,0,36500,47.34,14.32,3,실매물 인증ㅣ3룸2화장실ㅣ허위근절ㅣ맞춤투어ㅣ금리상담,https://www.zigbang.com/home/apt/items/49324685
2026-06-17 08:51:53,빌라투룸,49320442,월세,04,경기도 안양시 동안구 호계동,안양시 동안구,호계동,1000,70,0,50.7,15.34,2,"평촌학원가 깨끗한 2룸 월세, 하시입주, 올수리예정",https://www.zigbang.com/home/apt/items/49320442
2026-06-17 08:51:53,빌라투룸,49292472,월세,05,경기도 안양시 동안구 호계동,안양시 동안구,호계동,5000,50,0,65,19.66,반지하,"갈산동 신기초 인근 뽀송한 반지층 3룸,  6월 입주가능",https://www.zigbang.com/home/apt/items/49292472
2026-06-17 08:51:53,빌라투룸,49170673,월세,04,경기도 안양시 동안구 평촌동,안양시 동안구,평촌동,3500,70,0,51,15.43,2,"귀인동 먹자골목 거실 넓은 2룸, 정상입주",https://www.zigbang.com/home/apt/items/49170673
2026-06-17 08:51:53,빌라투룸,49153900,전세,04,경기도 의왕시 포일동,의왕시,포일동,22000,0,0,48,14.52,2,"V. 빠른 입주 가능, 채광 우수한  밝은 투룸",https://www.zigbang.com/home/apt/items/49153900
2026-06-17 08:51:53,빌라투룸,49153107,월세,04,경기도 안양시 동안구 호계동,안양시 동안구,호계동,15500,15,0,60,18.15,2,샷시까지 올수리 중으로  현재 욕실과 문짝과 틀 수리 상태,https://www.zigbang.com/home/apt/items/49153107
2026-06-17 08:51:53,빌라투룸,49152284,월세,04,경기도 안양시 동안구 호계동,안양시 동안구,호계동,1000,50,0,52,15.73,반지하,반지층이지만 채광도 괜찮은 편이며  주변 환경아주 좋습니다,https://www.zigbang.com/home/apt/items/49152284
2026-06-17 08:51:53,빌라투룸,49149589,전세,04,경기도 의왕시 청계동,의왕시,청계동,25000,0,0,84,25.41,4,청계스타벅스 앞 투룸 전세,https://www.zigbang.com/home/apt/items/49149589
2026-06-17 08:51:54,빌라투룸,49354694,월세,05,경기도 의왕시 학의동,의왕시,학의동,20000,60,0,69.32,20.97,2,"융무,롯데몰옆조용숲세권,층고높음,천장에어컨풀,남향,신혼환영",https://www.zigbang.com/home/apt/items/49354694
2026-06-17 08:51:54,빌라투룸,49351651,매매,05,경기도 의왕시 학의동,의왕시,학의동,30500,0,30500,49.54,14.99,4,엘베OKㅣ3룸ㅣ다양한 매물 금리상담으로 완벽한 내집 찾기,https://www.zigbang.com/home/apt/items/49351651
2026-06-17 08:51:54,빌라투룸,49348708,전세,05,경기도 의왕시 학의동,의왕시,학의동,26000,0,0,56.42,17.07,2,채광좋은 쓰리룸 전세 I 대출0 I  보험0,https://www.zigbang.com/home/apt/items/49348708
2026-06-17 08:51:54,빌라투룸,49309341,월세,05,경기도 의왕시 학의동,의왕시,학의동,32000,10,0,75.06,22.71,3,조용하고 쾌적한 학의동 전세 보증보험 가능,https://www.zigbang.com/home/apt/items/49309341
2026-06-17 08:51:54,빌라투룸,49289537,월세,05,경기도 의왕시 학의동,의왕시,학의동,31700,9,0,69.54,21.04,5,숲세권 보증보험ㅇ 전세대출 가능 복층빌라,https://www.zigbang.com/home/apt/items/49289537
2026-06-17 08:51:54,빌라투룸,49273819,전세,06,경기도 의왕시 학의동,의왕시,학의동,45000,0,0,50.13,15.16,2,"2층과1층복층구조,아이키우기좋은환경,인테리어굿,풀옵션,남향",https://www.zigbang.com/home/apt/items/49273819
2026-06-17 08:51:54,빌라투룸,49245124,전세,04,경기도 의왕시 학의동,의왕시,학의동,30000,0,0,59.82,18.1,2,"융무,대출,보증보험가,귀한투룸전세,안방붙박이장,한쪽트인뷰",https://www.zigbang.com/home/apt/items/49245124
2026-06-17 08:51:54,빌라투룸,49245107,월세,06,경기도 의왕시 학의동,의왕시,학의동,20000,200,0,140.39,42.47,4,"주인세대,복층구조,넓은테라스 중정있는이쁜구조,에어컨풀,방4",https://www.zigbang.com/home/apt/items/49245107
2026-06-17 08:51:54,빌라투룸,49183582,전세,05,경기도 의왕시 학의동,의왕시,학의동,40000,0,0,75.65,22.88,3,"보증보험가능,롯데몰옆조용한주택단지,넓은거실과넓은방,붙박이장",https://www.zigbang.com/home/apt/items/49183582
2026-06-17 08:51:54,빌라투룸,49183558,전세,05,경기도 의왕시 학의동,의왕시,학의동,35000,0,0,84.83,25.66,2,"넓고개방감이있는 구조좋은집,공원뷰,천장에어컨,방3,화2,",https://www.zigbang.com/home/apt/items/49183558
2026-06-17 08:51:54,빌라투룸,49092725,매매,04,경기도 의왕시 학의동,의왕시,학의동,24200,0,24200,43.15,13.05,2,준신축급매물 넓은 투룸 저금리 기금대출가능 막힘없는 집,https://www.zigbang.com/home/apt/items/49092725
2026-06-17 08:51:54,빌라투룸,49324611,매매,05,경기도 의왕시 청계동,의왕시,청계동,33900,0,33900,49.18,14.88,2,실매물 인증ㅣ3룸 2화장실ㅣ허위근절ㅣ맞춤투어ㅣ금리상담,https://www.zigbang.com/home/apt/items/49324611
2026-06-17 08:51:54,빌라투룸,49246227,매매,05,경기도 의왕시 청계동,의왕시,청계동,33900,0,33900,49.18,14.88,2,마지막잔여세대 특가 신축현장으로 모십니다.,https://www.zigbang.com/home/apt/items/49246227
2026-06-17 08:51:54,빌라투룸,49237045,월세,05,경기도 성남시 수정구 금토동,성남시 수정구,금토동,5000,160,0,51.93,15.71,3,"신축 첫입주, 방3개,욕실2개, 붙박이장, 금토동 사옥도보",https://www.zigbang.com/home/apt/items/49237045
2026-06-17 08:51:54,빌라투룸,49237031,월세,05,경기도 성남시 수정구 금토동,성남시 수정구,금토동,5000,170,0,61.2,18.51,2,"첫입주집, 방3,화장실2, 조망좋은집,금토동사옥 도보출근",https://www.zigbang.com/home/apt/items/49237031
2026-06-17 08:51:54,빌라투룸,49119020,월세,04,경기도 성남시 수정구 금토동,성남시 수정구,금토동,2000,120,0,59,17.85,2,조용한주택 가투룸,https://www.zigbang.com/home/apt/items/49119020
2026-06-17 08:51:55,빌라투룸,49357313,매매,05,경기도 광주시 신현동,광주시,신현동,26800,0,26800,61.6,18.63,2,"뻥 뚫린 산뷰, 공기좋은 조용한 언덕 마지막 한세대 원가",https://www.zigbang.com/home/apt/items/49357313
2026-06-17 08:51:55,빌라투룸,49352401,매매,05,경기도 광주시 능평동,광주시,능평동,19300,0,19300,58.2,17.61,4,급매 복층및테라스 넓은 준신축 구조 올수리 저금리 기금대,https://www.zigbang.com/home/apt/items/49352401
2026-06-17 08:51:55,빌라투룸,49322735,매매,06,경기도 광주시 신현동,광주시,신현동,32000,0,32000,68.81,20.81,1,신현동 4룸 준신축 테라스 마당 엄청 넓은 집,https://www.zigbang.com/home/apt/items/49322735
2026-06-17 08:51:55,빌라투룸,49295157,월세,05,경기도 용인시 처인구 모현읍 능원리,용인시 처인구,모현읍,300,125,0,63.98,19.35,1,ㅡㅡ이사날짜확인부탁ㅣ단기가능ㅣ보증금조절Xㅣ,https://www.zigbang.com/home/apt/items/49295157
2026-06-17 08:51:55,빌라투룸,49226774,매매,05,경기도 용인시 처인구 모현읍 능원리,용인시 처인구,모현읍,19000,0,19000,50.04,15.14,2,실매물 0 집주인인증 0 방문약속가능,https://www.zigbang.com/home/apt/items/49226774
2026-06-17 08:51:55,빌라투룸,49140911,매매,05,경기도 광주시 능평동,광주시,능평동,23800,0,23800,92.25,27.91,반지하,능평동방3화2 실입주금1000만원부터 가능한현장,https://www.zigbang.com/home/apt/items/49140911
2026-06-17 08:51:55,빌라투룸,49130104,매매,05,경기도 광주시 능평동,광주시,능평동,26500,0,26500,62.91,19.03,2,100프로 실매물 최저 실입주금 상담가능,https://www.zigbang.com/home/apt/items/49130104
2026-06-17 08:51:55,빌라투룸,49363881,월세,04,경기도 용인시 처인구 포곡읍 전대리,용인시 처인구,포곡읍,2000,65,0,60,18.15,3,엘베 있는 투룸,https://www.zigbang.com/home/apt/items/49363881
2026-06-17 08:51:55,빌라투룸,49352862,매매,05,경기도 용인시 처인구 포곡읍 전대리,용인시 처인구,포곡읍,17500,0,17500,55.62,16.82,2,잘빠진 쓰리룸 엘베OK 초 급매물로 가격좋음,https://www.zigbang.com/home/apt/items/49352862
2026-06-17 08:51:55,빌라투룸,49344450,월세,04,경기도 용인시 처인구 포곡읍 둔전리,용인시 처인구,포곡읍,500,45,0,49.59,15.0,3,냉장고세탁기 가스렌지 신발장  방3  하나는트고 사는곳,https://www.zigbang.com/home/apt/items/49344450
2026-06-17 08:51:55,빌라투룸,49306838,매매,05,경기도 용인시 처인구 포곡읍 전대리,용인시 처인구,포곡읍,25300,0,25300,67.78,20.5,4,실사진실매물  상태좋은 이쁜집 준신축 도로변 가까운 평지,https://www.zigbang.com/home/apt/items/49306838
2026-06-17 08:51:55,빌라투룸,49229604,매매,05,경기도 용인시 처인구 포곡읍 둔전리,용인시 처인구,포곡읍,23900,0,23900,72.71,21.99,4,아이키우기 너무좋은 럭셔리쓰리룸,https://www.zigbang.com/home/apt/items/49229604
2026-06-17 08:51:55,빌라투룸,49208250,매매,05,경기도 용인시 처인구 포곡읍 전대리,용인시 처인구,포곡읍,17500,0,17500,71.55,21.64,3,실매물ㅣ허위근절ㅣ다양한 매물 금리상담으로 완벽한 내집 찾기,https://www.zigbang.com/home/apt/items/49208250
2026-06-17 08:51:55,빌라투룸,49202802,매매,05,경기도 용인시 처인구 포곡읍 둔전리,용인시 처인구,포곡읍,17000,0,17000,70.5,21.33,4,살기좋은 집 둔전역 및 학교 도보가능 대형평수 쓰리룸입니다,https://www.zigbang.com/home/apt/items/49202802
2026-06-17 08:51:55,빌라투룸,49192041,매매,05,경기도 용인시 처인구 포곡읍 둔전리,용인시 처인구,포곡읍,11500,0,11500,64.08,19.38,4,o올수리o 저렴하게 매매할수있는 3룸 대출상담환영,https://www.zigbang.com/home/apt/items/49192041
2026-06-17 08:51:55,빌라투룸,49147839,월세,05,경기도 용인시 처인구 포곡읍 둔전리,용인시 처인구,포곡읍,1000,60,0,72,21.78,3,방3화2 깨끗 학군교통편의시설경전철 모두굿 예쁘고환한집,https://www.zigbang.com/home/apt/items/49147839
2026-06-17 08:51:55,빌라투룸,49133925,매매,05,경기도 용인시 처인구 포곡읍 둔전리,용인시 처인구,포곡읍,11200,0,11200,85,25.71,5,학군 교통편의시설 경전철  신원 아파트 바로 옆 즉시,https://www.zigbang.com/home/apt/items/49133925
2026-06-17 08:51:55,빌라투룸,49175701,매매,05,경기도 용인시 처인구 모현읍 왕산리,용인시 처인구,모현읍,19500,0,19500,74.14,22.43,4,실매물 0 집주인인증 0 방문약속가능,https://www.zigbang.com/home/apt/items/49175701
2026-06-17 08:51:55,빌라투룸,49393295,매매,05,경기도 용인시 처인구 포곡읍 둔전리,용인시 처인구,포곡읍,25000,0,25000,73.27,22.16,2,주변 매물 싹 다 비교하고 오세요 결국 계약은 이 집입니다,https://www.zigbang.com/home/apt/items/49393295
2026-06-17 08:51:55,빌라투룸,49382346,매매,05,경기도 용인시 처인구 포곡읍 둔전리,용인시 처인구,포곡읍,25000,0,25000,73.27,22.16,2,최저입주금 신축 한세대남은 액기스 매물,https://www.zigbang.com/home/apt/items/49382346
2026-06-17 08:51:55,빌라투룸,49216480,월세,04,경기도 용인시 처인구 포곡읍 삼계리,용인시 처인구,포곡읍,5000,50,0,45,13.61,2,오피스텔형 고급진 집 엘베있고 즉시 주차좋고 환승구역교통굿,https://www.zigbang.com/home/apt/items/49216480
2026-06-17 08:51:55,빌라투룸,49216478,월세,04,경기도 용인시 처인구 포곡읍 삼계리,용인시 처인구,포곡읍,5000,50,0,36.8,11.13,6,신축급 엘베있고 주차굿 포곡도서관인근  환승구역투룸풀옵션,https://www.zigbang.com/home/apt/items/49216478
2026-06-17 08:51:55,빌라투룸,49160503,매매,05,경기도 용인시 처인구 포곡읍 둔전리,용인시 처인구,포곡읍,10000,0,10000,59.5,18.0,2,해잘들고 올수리 깨끗  둔전초와gs사이 주차굿 옵션있음,https://www.zigbang.com/home/apt/items/49160503
2026-06-17 08:51:55,빌라투룸,49133924,전세,04,경기도 용인시 처인구 포곡읍 삼계리,용인시 처인구,포곡읍,11000,0,0,40,12.1,2,주차좋고 환승구역 전세금 대출 안됨  방2베란다,https://www.zigbang.com/home/apt/items/49133924
2026-06-17 08:51:55,빌라투룸,49357769,매매,05,경기도 광주시 능평동,광주시,능평동,26500,0,26500,55.12,16.67,3,신혼부부들게 강추하는 인테리어 이뿐 주변대비 저렴한 3룸,https://www.zigbang.com/home/apt/items/49357769
2026-06-17 08:51:55,빌라투룸,49351773,매매,05,경기도 광주시 능평동,광주시,능평동,20800,0,20800,54.51,16.49,1,준신축급 개별창고 테라스 저금리 기금대출가능,https://www.zigbang.com/home/apt/items/49351773
2026-06-17 08:51:55,빌라투룸,49346574,매매,05,경기도 광주시 문형동,광주시,문형동,11500,0,11500,78.66,23.79,1,실매물실사진 도로변 성남권분당권 조용하고 상태좋음 넓은평수,https://www.zigbang.com/home/apt/items/49346574
2026-06-17 08:51:55,빌라투룸,49196756,매매,05,경기도 광주시 문형동,광주시,문형동,16000,0,16000,52.54,15.89,3,실매물실사진 층별단독세대 급매물빌라 개별창고있음 도로변근처,https://www.zigbang.com/home/apt/items/49196756
2026-06-17 08:51:55,빌라투룸,49194139,매매,05,경기도 광주시 능평동,광주시,능평동,15000,0,15000,53.04,16.04,3,추천 l 가성비 갑 l 위치굿 l 컨디션굿 l 채광굿,https://www.zigbang.com/home/apt/items/49194139
2026-06-17 08:51:55,빌라투룸,49191606,매매,05,경기도 광주시 문형동,광주시,문형동,16500,0,16500,59.13,17.89,2,실매물실사진 성남권 분당권 조용하고 상태좋음 넓은평수,https://www.zigbang.com/home/apt/items/49191606
2026-06-17 08:51:55,빌라투룸,49191577,매매,05,경기도 광주시 문형동,광주시,문형동,18500,0,18500,54.33,16.43,3,실사진실매물 상태좋은 넓은주차장 평지에위치 인기짱 빌라,https://www.zigbang.com/home/apt/items/49191577
2026-06-17 08:51:55,빌라투룸,49158423,월세,05,경기도 광주시 문형동,광주시,문형동,2000,80,0,52.54,15.89,2,실매물실사진 귀한 월세 성남권분당권 깔끔한 넓은평수 단지형,https://www.zigbang.com/home/apt/items/49158423
2026-06-17 08:51:55,빌라투룸,49122893,매매,05,경기도 광주시 문형동,광주시,문형동,16900,0,16900,56.16,16.99,3,실매물실사진 급매물 넓은평수 성남권 분당권 깔끔함,https://www.zigbang.com/home/apt/items/49122893
2026-06-17 08:51:55,빌라투룸,49094963,매매,05,경기도 광주시 문형동,광주시,문형동,26500,0,26500,60.14,18.19,2,크리스마스 선물집 너무 이쁜 준신축 넓은평수 실매물실사진,https://www.zigbang.com/home/apt/items/49094963
2026-06-17 08:51:55,빌라투룸,49024269,매매,06,경기도 광주시 문형동,광주시,문형동,16500,0,16500,128,38.72,1,실매물실사진 대형평수 정원 텃밭 산책로 힐링하는 귀한매물,https://www.zigbang.com/home/apt/items/49024269
2026-06-17 08:51:55,빌라투룸,49020153,매매,05,경기도 광주시 능평동,광주시,능평동,20000,0,20000,66.46,20.1,1,신축급 컨디션 유지 중 대출 걱정하지 마시고 연락 주세요,https://www.zigbang.com/home/apt/items/49020153
2026-06-17 08:51:55,빌라투룸,48975577,전세,05,경기도 용인시 처인구 모현읍 동림리,용인시 처인구,모현읍,38000,0,0,111.96,33.87,3,"HUG보증보험가능,신축 복층타운하우스,재택근무,전원풍,힐링",https://www.zigbang.com/home/apt/items/48975577
2026-06-17 08:51:55,빌라투룸,48940367,매매,05,경기도 용인시 처인구 모현읍 동림리,용인시 처인구,모현읍,22500,0,22500,47.81,14.46,2,넓은 쓰리룸 적은실입주금 고민하지말고 문의주세요,https://www.zigbang.com/home/apt/items/48940367
2026-06-17 08:51:56,빌라투룸,49378558,매매,05,경기도 광주시 태전동,광주시,태전동,16000,0,16000,59.76,18.08,1,위치좋고 테라스있는 1층 매물,https://www.zigbang.com/home/apt/items/49378558
2026-06-17 08:51:56,빌라투룸,49351032,매매,05,경기도 광주시 추자동,광주시,추자동,14800,0,14800,59.86,18.11,4,급매 준신축급 막힘없는 정남향 저금리 기금대출가능,https://www.zigbang.com/home/apt/items/49351032
2026-06-17 08:51:56,빌라투룸,49177957,매매,05,경기도 광주시 태전동,광주시,태전동,27000,0,27000,59.89,18.12,2,태전동 방3 화2 인기 최고 매물 깔끔한 컨디션 준신축,https://www.zigbang.com/home/apt/items/49177957
2026-06-17 08:51:56,빌라투룸,49363281,매매,06,경기도 광주시 태전동,광주시,태전동,23000,0,23000,56.25,17.02,4,태전지구 명품 인프라 다 누리는 귀한 매매 물건,https://www.zigbang.com/home/apt/items/49363281
2026-06-17 08:51:56,빌라투룸,49357750,매매,05,경기도 광주시 양벌동,광주시,양벌동,32000,0,32000,63.18,19.11,2,엘베OKㅣ3룸ㅣ다양한 매물 금리상담으로 완벽한 내집 찾기,https://www.zigbang.com/home/apt/items/49357750
2026-06-17 08:51:56,빌라투룸,49321104,매매,04,경기도 광주시 장지동,광주시,장지동,16500,0,16500,49.53,14.98,2,실사진실매물 위치좋은 상태 깔끔한 빌라 평지에위치 인기짱,https://www.zigbang.com/home/apt/items/49321104
2026-06-17 08:51:56,빌라투룸,49321099,매매,06,경기도 광주시 매산동,광주시,매산동,25500,0,25500,141.33,42.75,4,급매로나온 성남권 분당권 넓은대형평수 실매물실사진 주차2대,https://www.zigbang.com/home/apt/items/49321099
2026-06-17 08:51:56,빌라투룸,49304938,매매,05,경기도 광주시 양벌동,광주시,양벌동,17500,0,17500,48.8,14.76,3,"마트은행등 편의시설, 초.중학교 도보통학, 완전평지, 엘베",https://www.zigbang.com/home/apt/items/49304938
2026-06-17 08:51:56,빌라투룸,49276376,매매,05,경기도 광주시 양벌동,광주시,양벌동,15500,0,15500,48.2,14.58,1,"대로변 도보5분 거리, 관리상태 A급, 숲이 보이는 거실뷰",https://www.zigbang.com/home/apt/items/49276376
2026-06-17 08:51:56,빌라투룸,49262235,매매,05,경기도 광주시 장지동,광주시,장지동,15000,0,15000,54.41,16.46,2,인테리어 및 입주청소까지 완료된 컨디션좋은 쓰리룸,https://www.zigbang.com/home/apt/items/49262235
2026-06-17 08:51:56,빌라투룸,49233913,매매,05,경기도 광주시 양벌동,광주시,양벌동,13500,0,13500,52.2,15.79,2,"광주전철역 버스환승 편리, 대로변 도보2분, 2층 로얄층",https://www.zigbang.com/home/apt/items/49233913
2026-06-17 08:51:56,빌라투룸,49209207,매매,05,경기도 광주시 장지동,광주시,장지동,17900,0,17900,59.76,18.08,4,실사진실매물 위치좋은 상태 깔끔한 넓은평수 빌라 평지에위치,https://www.zigbang.com/home/apt/items/49209207
2026-06-17 08:51:56,빌라투룸,49197528,매매,05,경기도 광주시 양벌동,광주시,양벌동,18500,0,18500,50.18,15.18,3,ㅇ채광이 잘드는집ㅇ깔끔한 준신축ㅇ,https://www.zigbang.com/home/apt/items/49197528
2026-06-17 08:51:56,빌라투룸,49192362,매매,05,경기도 광주시 양벌동,광주시,양벌동,17000,0,17000,54.99,16.63,2,채광좋은 깔끔한 쓰리룸,https://www.zigbang.com/home/apt/items/49192362
2026-06-17 08:51:56,빌라투룸,48763276,매매,05,경기도 광주시 양벌동,광주시,양벌동,15500,0,15500,47.58,14.39,2,"대로변 버스정류장 도보3분, 양벌초 도보권",https://www.zigbang.com/home/apt/items/48763276
2026-06-17 08:51:56,빌라투룸,49382135,매매,05,경기도 광주시 중대동,광주시,중대동,17000,0,17000,72.04,21.79,4,"전용22평 넓은 구조, 가격많이 다운된 급매",https://www.zigbang.com/home/apt/items/49382135
2026-06-17 08:51:56,빌라투룸,49355547,매매,05,경기도 광주시 삼동,광주시,삼동,15600,0,15600,44.86,13.57,3,성남권 삼동역 조용하고 상태좋은 깔끔함 바로 요기요,https://www.zigbang.com/home/apt/items/49355547
2026-06-17 08:51:56,빌라투룸,49351474,매매,05,경기도 광주시 중대동,광주시,중대동,11700,0,11700,66.1,20.0,반지하,급매 햇빛도 잘드는지층 올수리 올리모델링,https://www.zigbang.com/home/apt/items/49351474
2026-06-17 08:51:56,빌라투룸,49349610,매매,05,경기도 광주시 삼동,광주시,삼동,16000,0,16000,55.7,16.85,3,"전체 올 리모델링, 삼동역 버스환승 편리, 채광 좋은 남향",https://www.zigbang.com/home/apt/items/49349610
2026-06-17 08:51:56,빌라투룸,49332202,매매,05,경기도 광주시 중대동,광주시,중대동,17000,0,17000,59.8,18.09,1,"삼동역 1정거장 환승, 넓은 거실과주방, 대로변 도보10분",https://www.zigbang.com/home/apt/items/49332202
2026-06-17 08:51:56,빌라투룸,49321109,매매,05,경기도 광주시 삼동,광주시,삼동,36500,0,36500,78.06,23.61,3,실매물실사진 넓은평수 성남권 신축현장 바로입주 가능,https://www.zigbang.com/home/apt/items/49321109
2026-06-17 08:51:56,빌라투룸,49317249,매매,05,경기도 광주시 목현동,광주시,목현동,16500,0,16500,49.72,15.04,3,성남 진입 편하고 위치좋은 준신축 급매물 인근시세대비 저렴,https://www.zigbang.com/home/apt/items/49317249
2026-06-17 08:51:56,빌라투룸,49268021,매매,05,경기도 광주시 삼동,광주시,삼동,17000,0,17000,47.5,14.37,3,삼동역세권 위치좋은 인근시세대비 저렴 구조잘나온 신축급매물,https://www.zigbang.com/home/apt/items/49268021
2026-06-17 08:51:56,빌라투룸,49267868,매매,05,경기도 광주시 삼동,광주시,삼동,25000,0,25000,53.4,16.15,2,삼동역세권 위치좋은 준신축급매물 인근시세대비 가격좋아요,https://www.zigbang.com/home/apt/items/49267868
2026-06-17 08:51:56,빌라투룸,49199930,매매,05,경기도 광주시 중대동,광주시,중대동,19200,0,19200,50.1,15.16,3,중대동에서 강남과 분당 출퇴근 15분거리 . 컨디션 최상,https://www.zigbang.com/home/apt/items/49199930
2026-06-17 08:51:56,빌라투룸,49196450,매매,05,경기도 광주시 태전동,광주시,태전동,18500,0,18500,59.94,18.13,2,위치좋은 주택가 깔끔하고밝은집 신축급매물 인근시세대비 저렴,https://www.zigbang.com/home/apt/items/49196450
2026-06-17 08:51:56,빌라투룸,49169818,매매,05,경기도 광주시 중대동,광주시,중대동,22500,0,22500,66.96,20.26,2,중대동 방3 화2 넓은 평수 개인 텃밭 끝내주는 쓰리룸,https://www.zigbang.com/home/apt/items/49169818
2026-06-17 08:51:56,빌라투룸,49166565,매매,05,경기도 광주시 중대동,광주시,중대동,20800,0,20800,54.51,16.49,2,준신축급 초대형3룸 테라스및개인텃밭 저금리기금대출,https://www.zigbang.com/home/apt/items/49166565
2026-06-17 08:51:56,빌라투룸,48982027,매매,05,경기도 광주시 목현동,광주시,목현동,18000,0,18000,66.6,20.15,1,화장실빼고 샷시까지 올수리된 공실 매물,https://www.zigbang.com/home/apt/items/48982027
2026-06-17 08:51:57,빌라투룸,48803208,매매,05,서울시 관악구 봉천동,관악구,봉천동,46500,0,46500,64.35,19.47,2,나홀로아파트 채광양호 주차 엘베,https://www.zigbang.com/home/apt/items/48803208
2026-06-17 08:51:57,빌라투룸,48431237,매매,05,서울시 관악구 남현동,관악구,남현동,57000,0,57000,53.87,16.3,1,사당역 신축 3룸 고급빌라 특가,https://www.zigbang.com/home/apt/items/48431237
2026-06-17 08:51:59,빌라투룸,49106745,월세,04,서울시 중구 신당동,중구,신당동,5000,200,0,29.68,8.98,2,신축 빌라 투룸 신당동 꿀매물 즉시입주가능,https://www.zigbang.com/home/apt/items/49106745
2026-06-17 08:51:59,빌라투룸,49095422,월세,04,서울시 중구 신당동,중구,신당동,5000,180,0,35.03,10.6,2,"전입,확정일자O , 신축 , 실거주 강추 , 깔끔하고 넓은",https://www.zigbang.com/home/apt/items/49095422
2026-06-17 08:51:59,빌라투룸,49089033,전세,04,서울시 중구 신당동,중구,신당동,32000,0,0,24.6,7.44,3,모든전세대출O보증보험O전입신고O청구역세권 풀옵션 투룸,https://www.zigbang.com/home/apt/items/49089033
2026-06-17 08:51:59,빌라투룸,49049398,전세,04,서울시 동대문구 용두동,동대문구,용두동,24000,0,0,26.27,7.95,4,용두역역세권 빌라 투룸 전세 주차가능,https://www.zigbang.com/home/apt/items/49049398
2026-06-17 08:51:59,빌라투룸,49011148,전세,04,서울시 중구 신당동,중구,신당동,33000,0,0,27.74,8.39,3,"전호실보유,보증보험O,청구역초역세권,첫입주, 안심투룸빌라",https://www.zigbang.com/home/apt/items/49011148
2026-06-17 08:51:59,빌라투룸,48998683,전세,04,서울시 중구 신당동,중구,신당동,35000,0,0,27.57,8.34,5,"전호실보유OHUG,HF버팀목대출O보증보험O풀옵션투룸",https://www.zigbang.com/home/apt/items/48998683
2026-06-17 08:51:59,빌라투룸,48771467,월세,05,서울시 중구 신당동,중구,신당동,13000,50,0,61.79,18.69,반지하,"숙박업 안됨,, 방 3, 방도 거실도 큰 집",https://www.zigbang.com/home/apt/items/48771467
2026-06-17 08:51:59,빌라투룸,48742652,매매,04,서울시 중구 신당동,중구,신당동,38000,0,38000,25.79,7.8,5,"투룸, 실8평, 엘리베이터, 1층도어락, 부분옵션, 베란다",https://www.zigbang.com/home/apt/items/48742652
2026-06-17 08:52:00,빌라투룸,49063308,월세,04,서울시 성북구 동소문동6가,성북구,동소문동6가,5000,130,0,26.85,8.12,2,반려동물ㅣ보증금조절ㅣ자주식주차 전부 O,https://www.zigbang.com/home/apt/items/49063308
2026-06-17 08:52:00,빌라투룸,49063231,매매,04,서울시 성북구 하월곡동,성북구,하월곡동,28800,0,28800,36,10.89,8,급매 2룸에 복층이 서비스  바로앞 동북선 개통예정 최고,https://www.zigbang.com/home/apt/items/49063231
2026-06-17 08:52:00,빌라투룸,49063175,매매,04,서울시 성북구 하월곡동,성북구,하월곡동,28800,0,28800,35,10.59,7,웅진베이스빌 최저가 특판 2룸넓은 복층은 서비스 인기최고,https://www.zigbang.com/home/apt/items/49063175
2026-06-17 08:52:00,빌라투룸,49062314,월세,04,서울시 성북구 안암동1가,성북구,안암동1가,2000,100,0,47.88,14.48,반지하,"성북천 지근거리,거실있음.방2, 깔끔하고 깨끗함.",https://www.zigbang.com/home/apt/items/49062314
2026-06-17 08:52:00,빌라투룸,49061237,월세,04,서울시 동대문구 제기동,동대문구,제기동,1000,100,0,26.5,8.02,2,고대역 초역세권 깔끔한 투룸,https://www.zigbang.com/home/apt/items/49061237
2026-06-17 08:52:00,빌라투룸,49050116,월세,04,서울시 성북구 안암동1가,성북구,안암동1가,2000,100,0,47.88,14.48,반지하,보문 역세권 예전 리모델링 한 최고급 여성전용,https://www.zigbang.com/home/apt/items/49050116
2026-06-17 08:52:00,빌라투룸,49043737,월세,04,서울시 성북구 삼선동5가,성북구,삼선동5가,2000,200,0,50,15.12,4,최상급 올리모델링 투룸으로 테라스2개 있음,https://www.zigbang.com/home/apt/items/49043737
2026-06-17 08:52:00,빌라투룸,48856221,월세,04,서울시 성북구 정릉동,성북구,정릉동,2000,70,0,29.75,9.0,5,"NO.1서경대 신축투룸 풀옵션 서경대3분거리,학생만가능",https://www.zigbang.com/home/apt/items/48856221
2026-06-17 08:52:00,빌라투룸,48751240,매매,05,서울시 성북구 동선동5가,성북구,동선동5가,38000,0,38000,45.85,13.87,4,신축급빌라 급매매 엘베 주차 방3 화2,https://www.zigbang.com/home/apt/items/48751240
2026-06-17 08:52:00,빌라투룸,48340412,매매,04,서울시 성북구 정릉동,성북구,정릉동,22000,0,22000,28.78,8.71,2,o신축 2룸o 엘베oㅣ방2화1ㅣ주차굿ㅣ즉시입주가능,https://www.zigbang.com/home/apt/items/48340412
2026-06-17 08:52:00,빌라투룸,48313242,매매,04,서울시 성북구 하월곡동,성북구,하월곡동,31000,0,31000,45.51,13.77,2,"전용면적 넓은 빌라 투룸, 월곡역5분, 초역세권, 정남향",https://www.zigbang.com/home/apt/items/48313242
2026-06-17 08:52:00,빌라투룸,48239902,매매,05,서울시 성북구 하월곡동,성북구,하월곡동,42000,0,42000,46.65,14.11,6,"전망 좋은 신축급 빌라 쓰리룸, 엘베, 상태 최상급",https://www.zigbang.com/home/apt/items/48239902
2026-06-17 08:52:00,빌라투룸,48140334,매매,04,서울시 성북구 동선동4가,성북구,동선동4가,28000,0,28000,29.73,8.99,9,o성신여대입구역 2룸o 초역세권 뻥뷰 풀옵션 즉시입주가능,https://www.zigbang.com/home/apt/items/48140334
2026-06-17 08:52:04,빌라투룸,49383833,전세,05,경기도 하남시 망월동,하남시,망월동,38000,0,0,69,20.87,1,"복층 3룸,화장실2개,Full시에어컨,애완동물,바로입주",https://www.zigbang.com/home/apt/items/49383833
2026-06-17 08:52:04,빌라투룸,49202178,매매,05,경기도 하남시 망월동,하남시,망월동,320000,0,320000,100,30.25,3,실 입주가능 총보증금 12억7000만원 대지평수 108평,https://www.zigbang.com/home/apt/items/49202178
2026-06-17 08:52:04,빌라투룸,49202133,매매,05,경기도 하남시 망월동,하남시,망월동,320000,0,320000,100,30.25,2,인테리어 퀄리티높음 실입주 총보증금15억1000 월세220,https://www.zigbang.com/home/apt/items/49202133
2026-06-17 08:52:04,빌라투룸,49202114,매매,06,경기도 하남시 망월동,하남시,망월동,240000,0,240000,100,30.25,2,실입주가능 총보증금 9.9억 정남향 코너위치 엘리베이터0K,https://www.zigbang.com/home/apt/items/49202114
2026-06-17 08:52:04,빌라투룸,49202093,매매,06,경기도 하남시 망월동,하남시,망월동,290000,0,290000,100,30.25,3,"인테리어굿 4가구 필로티 주차편리 총 보증금 1,780억원",https://www.zigbang.com/home/apt/items/49202093
2026-06-17 08:52:04,빌라투룸,49098805,월세,05,경기도 하남시 망월동,하남시,망월동,20000,210,0,75,22.69,2,"에어컨5대, 조용한 단독주택가, 주인세대 쓰리룸, 황토방",https://www.zigbang.com/home/apt/items/49098805
2026-06-17 08:52:04,빌라투룸,48876346,매매,05,경기도 하남시 망월동,하남시,망월동,260000,0,260000,85,25.71,2,따뜻한 정남향 4세대 복층구조 총 보증금 18억 갭투자가능,https://www.zigbang.com/home/apt/items/48876346
2026-06-17 08:52:04,빌라투룸,48876246,매매,06,경기도 하남시 망월동,하남시,망월동,260000,0,260000,273.73,82.8,1,나만의 1가구단독세대 정남향 조경 잘 조성된 독립된단독주택,https://www.zigbang.com/home/apt/items/48876246
2026-06-17 08:52:04,빌라투룸,49081812,매매,05,경기도 김포시 대곶면 율생리,김포시,대곶면,18500,0,18500,56.56,17.11,3,100프로 실매물 최저 실입주금 상담가능,https://www.zigbang.com/home/apt/items/49081812
2026-06-17 08:52:04,빌라투룸,49382246,매매,05,경기도 김포시 통진읍 서암리,김포시,통진읍,15900,0,15900,56.26,17.02,2,100프로 실매물 최저 실입주금 상담가능,https://www.zigbang.com/home/apt/items/49382246
2026-06-17 08:52:04,빌라투룸,49352200,전세,05,경기도 김포시 통진읍 마송리,김포시,통진읍,18000,0,0,59.6,18.03,6,"D1 버팀목0 HUG,HF보증보험O, 넓은거실과 3룸,화2",https://www.zigbang.com/home/apt/items/49352200
2026-06-17 08:52:04,빌라투룸,49229575,매매,05,경기도 김포시 통진읍 서암리,김포시,통진읍,15900,0,15900,56.26,17.02,2,서암리 신축급 방3 화2 고급 쓰리룸 빌라입니다,https://www.zigbang.com/home/apt/items/49229575
2026-06-17 08:52:04,빌라투룸,49229221,매매,05,경기도 김포시 통진읍 서암리,김포시,통진읍,19000,0,19000,54.17,16.39,4,서암리 럭셔리한 신축급3룸,https://www.zigbang.com/home/apt/items/49229221
2026-06-17 08:52:04,빌라투룸,49227787,전세,05,경기도 김포시 통진읍 마송리,김포시,통진읍,18000,0,0,59.6,18.03,3,"HH 무융자O버팀목O 신축급 방3화2, 대출가능 보증보험O",https://www.zigbang.com/home/apt/items/49227787
2026-06-17 08:52:04,빌라투룸,49223342,전세,05,경기도 김포시 통진읍 마송리,김포시,통진읍,18000,0,0,59.6,18.03,3,u1 허그안심대출 보증보험0  3룸 화2 아파텔 인프라굿,https://www.zigbang.com/home/apt/items/49223342
2026-06-17 08:52:04,빌라투룸,49152049,매매,05,경기도 김포시 통진읍 서암리,김포시,통진읍,14200,0,14200,50.7,15.34,2,통진초인근 방3화2 최저가 급매,https://www.zigbang.com/home/apt/items/49152049
2026-06-17 08:52:04,빌라투룸,49135294,매매,05,경기도 김포시 통진읍 마송리,김포시,통진읍,14000,0,14000,45.72,13.83,1,"최저실입주금OK, 외국인대출OK 방3화2",https://www.zigbang.com/home/apt/items/49135294
2026-06-17 08:52:04,빌라투룸,49133696,매매,05,경기도 김포시 통진읍 서암리,김포시,통진읍,13000,0,13000,53.76,16.26,3,대단지 준신축 쓰리룸,https://www.zigbang.com/home/apt/items/49133696
2026-06-17 08:52:04,빌라투룸,49229177,매매,05,경기도 김포시 통진읍 도사리,김포시,통진읍,19500,0,19500,65.14,19.7,2,도사리 럭셔리한 쓰리룸,https://www.zigbang.com/home/apt/items/49229177
2026-06-17 08:52:05,빌라투룸,49373596,매매,05,경기도 김포시 사우동,김포시,사우동,26500,0,26500,47.76,14.45,4,사우역세권 가성비 3룸화2 급매,https://www.zigbang.com/home/apt/items/49373596
2026-06-17 08:52:05,빌라투룸,49362683,매매,05,경기도 김포시 사우동,김포시,사우동,31300,0,31300,53.15,16.08,1,김포골드라인 사우역 도보권 마곡 여의도 출퇴근 스트레스X,https://www.zigbang.com/home/apt/items/49362683
2026-06-17 08:52:05,빌라투룸,49357863,매매,05,경기도 김포시 사우동,김포시,사우동,19200,0,19200,68.48,20.72,2,사우동 3룸 화장실2 단지형 빌라 아파트상권 전용 넓은 집,https://www.zigbang.com/home/apt/items/49357863
2026-06-17 08:52:05,빌라투룸,49336655,매매,05,경기도 김포시 감정동,김포시,감정동,13900,0,13900,34.9,10.56,3,"위치,학군 좋은 실매물 3룸 최저실입주금 대출가능",https://www.zigbang.com/home/apt/items/49336655
2026-06-17 08:52:05,빌라투룸,49336386,매매,05,경기도 김포시 사우동,김포시,사우동,19400,0,19400,45.04,13.62,5,100프로 실매물 최저 실입주금 상담가능,https://www.zigbang.com/home/apt/items/49336386
2026-06-17 08:52:05,빌라투룸,49334260,매매,05,경기도 김포시 사우동,김포시,사우동,18500,0,18500,45.04,13.62,5,사우동 역세권 3룸 준신축 급매물,https://www.zigbang.com/home/apt/items/49334260
2026-06-17 08:52:05,빌라투룸,49294536,매매,05,경기도 김포시 북변동,김포시,북변동,18900,0,18900,51.63,15.62,3,마지막 역대급 급매 초대형 쓰리룸,https://www.zigbang.com/home/apt/items/49294536
2026-06-17 08:52:05,빌라투룸,49229205,매매,05,경기도 김포시 사우동,김포시,사우동,19300,0,19300,45.04,13.62,5,o급매o사우역세권 신축급 3룸 놓치면 손해,https://www.zigbang.com/home/apt/items/49229205
2026-06-17 08:52:05,빌라투룸,49192468,매매,05,경기도 김포시 사우동,김포시,사우동,19900,0,19900,53,16.03,4,o테라스급매물o 올리모델링한 신축급3룸 적은돈으로 대출가능,https://www.zigbang.com/home/apt/items/49192468
2026-06-17 08:52:05,빌라투룸,49188513,매매,05,경기도 김포시 사우동,김포시,사우동,12500,0,12500,44.75,13.54,4,테라스 매물 최저가 관리 잘된 이쁜 빌라 애견인 추천,https://www.zigbang.com/home/apt/items/49188513
2026-06-17 08:52:05,빌라투룸,49188017,매매,05,경기도 김포시 사우동,김포시,사우동,19900,0,19900,53,16.03,4,사우역 도보 왕테라스 밝고 환한 집,https://www.zigbang.com/home/apt/items/49188017
2026-06-17 08:52:05,빌라투룸,49183194,매매,05,경기도 김포시 사우동,김포시,사우동,19000,0,19000,68.48,20.72,2,사우동 방3 화2 준신축 깔끔한 쓰리룸 위치구조 GOOD,https://www.zigbang.com/home/apt/items/49183194
2026-06-17 08:52:05,빌라투룸,49165997,매매,05,경기도 김포시 사우동,김포시,사우동,16500,0,16500,57.55,17.41,3,학세권 깔끔하고 저렴한 쓰리룸입니다,https://www.zigbang.com/home/apt/items/49165997
2026-06-17 08:52:05,빌라투룸,48964597,매매,05,경기도 김포시 사우동,김포시,사우동,12500,0,12500,44.75,13.54,4,사우역 도보 5분 생활 인프라 풍부한 사우동 핵심 입지,https://www.zigbang.com/home/apt/items/48964597
2026-06-17 08:52:05,빌라투룸,48961917,매매,05,경기도 김포시 북변동,김포시,북변동,17900,0,17900,50.64,15.32,3,개방감 있는 역대급 쓰리룸 급급매,https://www.zigbang.com/home/apt/items/48961917
2026-06-17 08:52:05,빌라투룸,49288200,월세,05,경기도 고양시 일산서구 덕이동,고양시 일산서구,덕이동,50,75,0,49.42,14.95,4,공실공실 단기단기 월세월세,https://www.zigbang.com/home/apt/items/49288200
2026-06-17 08:52:05,빌라투룸,49279042,매매,05,경기도 고양시 일산서구 덕이동,고양시 일산서구,덕이동,16500,0,16500,52.09,15.76,1,덕이동 3룸 준신축 컨디션 최고입니다,https://www.zigbang.com/home/apt/items/49279042
2026-06-17 08:52:05,빌라투룸,49192162,매매,05,경기도 고양시 일산서구 대화동,고양시 일산서구,대화동,19000,0,19000,52.64,15.92,2,o급매물o 대화동 급매물 준신축3룸입니다 최저실입주금 환영,https://www.zigbang.com/home/apt/items/49192162
2026-06-17 08:52:06,빌라투룸,49388196,월세,04,경기도 고양시 일산동구 마두동,고양시 일산동구,마두동,2000,70,0,58.5,17.7,2,"남향이라 햇살좋고 ,수리깨끗.주방공간이 넓고 구조좋아요",https://www.zigbang.com/home/apt/items/49388196
2026-06-17 08:52:06,빌라투룸,49361482,매매,05,경기도 고양시 덕양구 토당동,고양시 덕양구,토당동,35500,0,35500,84.19,25.47,6,100프로 실매물 최저 실입주금 상담가능,https://www.zigbang.com/home/apt/items/49361482
2026-06-17 08:52:06,빌라투룸,49226645,월세,04,경기도 고양시 일산동구 백석동,고양시 일산동구,백석동,1000,60,0,49.59,15.0,2,백석역세권  넓은 공간 공동주차가능,https://www.zigbang.com/home/apt/items/49226645
2026-06-17 08:52:06,빌라투룸,49188834,월세,04,경기도 고양시 일산동구 백석동,고양시 일산동구,백석동,500,70,0,55,16.64,반지하,올수리구조상태완벽한투룸입니다.,https://www.zigbang.com/home/apt/items/49188834
2026-06-17 08:52:06,빌라투룸,49151607,매매,05,경기도 고양시 덕양구 토당동,고양시 덕양구,토당동,39500,0,39500,45.23,13.68,4,능곡역세권 최저가 3룸화2 급매,https://www.zigbang.com/home/apt/items/49151607
2026-06-17 08:52:06,빌라투룸,49108082,월세,04,경기도 고양시 일산동구 백석동,고양시 일산동구,백석동,500,50,0,42.98,13.0,반지하,특올수리된 반지투룸  알미공원부근 반려동물 안됨 실내금연,https://www.zigbang.com/home/apt/items/49108082
2026-06-17 08:52:06,빌라투룸,49065629,월세,04,경기도 고양시 일산동구 백석동,고양시 일산동구,백석동,3000,70,0,52.89,16.0,1,특올수리   큰 거실 방이용시 미니쓰리룸 애완안됨,https://www.zigbang.com/home/apt/items/49065629
2026-06-17 08:52:07,빌라투룸,49389111,전세,05,경기도 고양시 덕양구 주교동,고양시 덕양구,주교동,25400,0,0,57.15,17.29,3,"신축,전세대출 가능,복층,넓은테라스,방3,화2,엘베O,주차",https://www.zigbang.com/home/apt/items/49389111
2026-06-17 08:52:07,빌라투룸,49356970,매매,05,경기도 고양시 덕양구 주교동,고양시 덕양구,주교동,22500,0,22500,55.34,16.74,2,최저입주금 진행가능 신축급 저렴한 3룸,https://www.zigbang.com/home/apt/items/49356970
2026-06-17 08:52:07,빌라투룸,49356844,매매,05,경기도 고양시 덕양구 주교동,고양시 덕양구,주교동,23100,0,23100,55.34,16.74,3,주교동 최저가 방3화2 급매,https://www.zigbang.com/home/apt/items/49356844
2026-06-17 08:52:08,빌라투룸,49361956,매매,05,경기도 파주시 조리읍 봉일천리,파주시,조리읍,25900,0,25900,53.54,16.2,2,실매물ㅣ허위근절ㅣ다양한 매물 금리상담으로 완벽한 내집 찾기,https://www.zigbang.com/home/apt/items/49361956
2026-06-17 08:52:08,빌라투룸,49361927,매매,05,경기도 파주시 조리읍 대원리,파주시,조리읍,26000,0,26000,68.92,20.85,4,실매물ㅣ허위근절ㅣ다양한 매물 금리상담으로 완벽한 내집 찾기,https://www.zigbang.com/home/apt/items/49361927
2026-06-17 08:52:08,빌라투룸,49336627,매매,05,경기도 고양시 일산동구 성석동,고양시 일산동구,성석동,14900,0,14900,55,16.64,2,o급매물o 신축급3룸 최저실입주금 대출가능,https://www.zigbang.com/home/apt/items/49336627
2026-06-17 08:52:08,빌라투룸,49303100,매매,05,경기도 고양시 일산동구 성석동,고양시 일산동구,성석동,15000,0,15000,57.17,17.29,4,급매 엘베 O 방3화2 미니드레스룸 최저가,https://www.zigbang.com/home/apt/items/49303100
2026-06-17 08:52:08,빌라투룸,49244752,매매,05,경기도 고양시 일산동구 성석동,고양시 일산동구,성석동,16500,0,16500,69.66,21.07,1,성석동 3룸 초급매 유럽풍 디자인 대단지 빌라,https://www.zigbang.com/home/apt/items/49244752
2026-06-17 08:52:08,빌라투룸,49199014,월세,05,경기도 고양시 일산동구 성석동,고양시 일산동구,성석동,50,60,0,57.28,17.33,3,공실 즉시입주가능 단기 월세월세,https://www.zigbang.com/home/apt/items/49199014
2026-06-17 08:52:08,빌라투룸,49191299,매매,05,경기도 고양시 일산동구 설문동,고양시 일산동구,설문동,19800,0,19800,55.08,16.66,2,설문동 즉시입주가능한 방3화2,https://www.zigbang.com/home/apt/items/49191299
2026-06-17 08:52:08,빌라투룸,48958811,매매,05,경기도 고양시 일산동구 성석동,고양시 일산동구,성석동,15000,0,15000,56.72,17.16,2,생활권 위치 굿 준신축 방3화2,https://www.zigbang.com/home/apt/items/48958811
2026-06-17 08:52:08,빌라투룸,49322631,매매,05,경기도 파주시 금촌동,파주시,금촌동,21000,0,21000,67.99,20.57,3,무입주금가능ㅣ최저입주금가능ㅣ외국인대출가능ㅣ,https://www.zigbang.com/home/apt/items/49322631
2026-06-17 08:52:08,빌라투룸,49265747,매매,05,경기도 파주시 야동동,파주시,야동동,12900,0,12900,57.49,17.39,4,공실 29p 올수리 초저가 3룸 시스템에어컨  지정주차,https://www.zigbang.com/home/apt/items/49265747
2026-06-17 08:52:08,빌라투룸,49255749,매매,05,경기도 파주시 야동동,파주시,야동동,15500,0,15500,53.81,16.28,3,"금촌역 차로 6분거리, 실26평, 시스템에어컨, 올리모델링",https://www.zigbang.com/home/apt/items/49255749
2026-06-17 08:52:08,빌라투룸,49229381,매매,06,경기도 파주시 금촌동,파주시,금촌동,26500,0,26500,64.18,19.41,3,3룸가격으로 4룸을 드립니다 신축급컨디션 급매,https://www.zigbang.com/home/apt/items/49229381
2026-06-17 08:52:08,빌라투룸,49229130,매매,05,경기도 파주시 금촌동,파주시,금촌동,19900,0,19900,57.65,17.44,3,최소실입주금가능합니다 대단지 고급신축3룸,https://www.zigbang.com/home/apt/items/49229130
2026-06-17 08:52:08,빌라투룸,49229111,매매,05,경기도 파주시 금촌동,파주시,금촌동,23000,0,23000,70.86,21.44,3,대단지 고급신축3룸 실입주금1000만원,https://www.zigbang.com/home/apt/items/49229111
2026-06-17 08:52:08,빌라투룸,49193384,매매,05,경기도 파주시 금촌동,파주시,금촌동,15900,0,15900,49.89,15.09,4,실입주금 1000만원 급매건 컨디션최고 방3화2,https://www.zigbang.com/home/apt/items/49193384
2026-06-17 08:52:08,빌라투룸,49190427,매매,05,경기도 파주시 금촌동,파주시,금촌동,19000,0,19000,58.19,17.6,4,실매물 0 집주인인증 0 방문약속가능,https://www.zigbang.com/home/apt/items/49190427
2026-06-17 08:52:08,빌라투룸,49166106,매매,05,경기도 파주시 금촌동,파주시,금촌동,11800,0,11800,45.54,13.78,2,최저가 금촌역 도보10분 공실 엘리베이터 방3개 욕실2개,https://www.zigbang.com/home/apt/items/49166106
2026-06-17 08:52:08,빌라투룸,49070385,매매,05,경기도 파주시 금촌동,파주시,금촌동,11800,0,11800,45.54,13.78,2,초급매 금촌역 엘베O 막힘없는 올수리 방3화2,https://www.zigbang.com/home/apt/items/49070385
2026-06-17 08:52:08,빌라투룸,48959493,매매,05,경기도 파주시 금촌동,파주시,금촌동,16000,0,16000,62.01,18.76,4,엘베  O 준신축 방3화2,https://www.zigbang.com/home/apt/items/48959493
2026-06-17 08:52:08,빌라투룸,49270392,매매,05,경기도 고양시 덕양구 내유동,고양시 덕양구,내유동,18000,0,18000,58.58,17.72,4,허위매물에 더이상 속지마세요 신축급 3룸 최다보유중,https://www.zigbang.com/home/apt/items/49270392
2026-06-17 08:52:08,빌라투룸,49229417,매매,05,경기도 고양시 덕양구 내유동,고양시 덕양구,내유동,17500,0,17500,50.12,15.16,3,최소실입주금가능 내유동 고급빌라 대출상담환영,https://www.zigbang.com/home/apt/items/49229417
2026-06-17 08:52:08,빌라투룸,49192044,매매,05,경기도 고양시 덕양구 내유동,고양시 덕양구,내유동,15000,0,15000,50.47,15.27,4,o급매물신축o 저렴하게 매매할수있는 신축3룸 최저입주금환영,https://www.zigbang.com/home/apt/items/49192044
2026-06-17 08:52:08,빌라투룸,49168139,매매,05,경기도 고양시 덕양구 내유동,고양시 덕양구,내유동,13500,0,13500,38.22,11.56,2,실매물 0 집주인인증 0 방문약속가능,https://www.zigbang.com/home/apt/items/49168139
2026-06-17 08:52:08,빌라투룸,49167393,매매,05,경기도 고양시 덕양구 내유동,고양시 덕양구,내유동,14500,0,14500,59.15,17.89,3,내유동 방3 화2 구조 좋은 쓰리룸 빌라,https://www.zigbang.com/home/apt/items/49167393
2026-06-17 08:52:08,빌라투룸,49362021,매매,05,경기도 고양시 덕양구 고양동,고양시 덕양구,고양동,22000,0,22000,47.44,14.35,3,실매물ㅣ허위근절ㅣ다양한 매물 금리상담으로 완벽한 내집 찾기,https://www.zigbang.com/home/apt/items/49362021
2026-06-17 08:52:09,빌라투룸,49187011,전세,04,경기도 파주시 탄현면 법흥리,파주시,탄현면,6000,0,0,45,13.61,1,따뜻하고 안전한 투룸 전세입니다. 깨끗하고 주차가능합니다.,https://www.zigbang.com/home/apt/items/49187011
2026-06-17 08:52:11,빌라투룸,49223883,매매,04,경기도 파주시 파주읍 봉암리,파주시,파주읍,11000,0,11000,28.62,8.66,4,깔끔하고 저렴한 투룸 최저입주금진행,https://www.zigbang.com/home/apt/items/49223883
2026-06-17 08:52:11,빌라투룸,49229248,매매,05,경기도 파주시 파주읍 봉서리,파주시,파주읍,16000,0,16000,61.7,18.66,1,"최소실입주금가능,고급단지형빌라,정남향 넓은3룸",https://www.zigbang.com/home/apt/items/49229248
2026-06-17 08:52:11,빌라투룸,48411971,매매,05,경기도 파주시 문산읍 선유리,파주시,문산읍,13000,0,13000,58.1,17.58,3,실입주금 2천만원 문산역 도보권 신축 쓰리룸,https://www.zigbang.com/home/apt/items/48411971
2026-06-17 08:52:12,빌라투룸,49361888,매매,05,경기도 파주시 법원읍 법원리,파주시,법원읍,24500,0,24500,64.67,19.56,4,엘베OKㅣ3룸ㅣ다양한 매물 금리상담으로 완벽한 내집 찾기,https://www.zigbang.com/home/apt/items/49361888
2026-06-17 08:52:12,빌라투룸,49336302,매매,05,경기도 파주시 법원읍 대능리,파주시,법원읍,26500,0,26500,72.16,21.83,1,100프로 실매물 최저 실입주금 상담가능,https://www.zigbang.com/home/apt/items/49336302
2026-06-17 08:52:15,빌라투룸,49296001,매매,05,경기도 양주시 백석읍 복지리,양주시,백석읍,14000,0,14000,65.95,19.95,3,1억대 관리잘된 신축급 구조좋은 3룸입니다,https://www.zigbang.com/home/apt/items/49296001
2026-06-17 08:52:14,빌라투룸,49274209,매매,05,경기도 양주시 장흥면 일영리,양주시,장흥면,32000,0,32000,68.83,20.82,3,단독주택과 아파트와 빌라의 장점을 모아서 만든집,https://www.zigbang.com/home/apt/items/49274209
2026-06-17 08:52:14,빌라투룸,49192088,매매,05,경기도 양주시 장흥면 일영리,양주시,장흥면,18900,0,18900,79.41,24.02,6,o대형평수 급매물o 적은실입주금 대출가능한 넓은준신축3룸,https://www.zigbang.com/home/apt/items/49192088
2026-06-17 08:52:16,빌라투룸,49394954,월세,04,경기도 남양주시 별내동,남양주시,별내동,2000,85,0,49,14.82,3,별가람역 인근 3룸 빠른 입주 가능.,https://www.zigbang.com/home/apt/items/49394954
2026-06-17 08:52:16,빌라투룸,49369060,전세,04,경기도 남양주시 별내동,남양주시,별내동,18000,0,0,50,15.12,2,저렴한 2룸. 융무. 별내별가람역 도보 이용 가능.,https://www.zigbang.com/home/apt/items/49369060
2026-06-17 08:52:16,빌라투룸,49349452,전세,06,경기도 남양주시 별내동,남양주시,별내동,37000,0,0,89.17,26.97,4,별가람역 인근 넓은 복층 테라스. 주인세대 4룸,https://www.zigbang.com/home/apt/items/49349452
2026-06-17 08:52:16,빌라투룸,49303576,월세,04,경기도 남양주시 별내동,남양주시,별내동,13000,50,0,49,14.82,2,조망좋은 투룸 하시입주,https://www.zigbang.com/home/apt/items/49303576
2026-06-17 08:52:16,빌라투룸,49300927,전세,05,경기도 남양주시 별내동,남양주시,별내동,28000,0,0,68,20.57,3,"별가람역 도보5분거리, 방3,화1, 융자없는 집",https://www.zigbang.com/home/apt/items/49300927
2026-06-17 08:52:16,빌라투룸,49213393,전세,05,경기도 남양주시 별내동,남양주시,별내동,35000,0,0,78.49,23.74,2,식송마을 2층 단독가구 입주 협의 가능.,https://www.zigbang.com/home/apt/items/49213393
2026-06-17 08:52:16,빌라투룸,49388048,전세,04,경기도 양주시 광사동,양주시,광사동,6500,0,0,33.06,10.0,3,광사동 상가주택 투룸 입니다,https://www.zigbang.com/home/apt/items/49388048
2026-06-17 08:52:16,빌라투룸,49366786,매매,05,경기도 의정부시 금오동,의정부시,금오동,16900,0,16900,46.89,14.18,4,최저실입가능 ㅣ 외국인대출가능 ㅣ 엘베있음 ㅣ 디딤돌,https://www.zigbang.com/home/apt/items/49366786
2026-06-17 08:52:16,빌라투룸,49357764,매매,05,경기도 의정부시 금오동,의정부시,금오동,28900,0,28900,54.08,16.36,3,실매물ㅣ허위근절ㅣ다양한 매물 금리상담으로 완벽한 내집 찾기,https://www.zigbang.com/home/apt/items/49357764
2026-06-17 08:52:16,빌라투룸,49337071,매매,05,경기도 의정부시 금오동,의정부시,금오동,20800,0,20800,72.73,22.0,4,l 초대형 3룸 l 팬트리 굿 l 신축 첫 입주 l,https://www.zigbang.com/home/apt/items/49337071
2026-06-17 08:52:16,빌라투룸,49229117,매매,05,경기도 의정부시 금오동,의정부시,금오동,22000,0,22000,69.97,21.17,7,의정부 최저실입주금 정남향 단지형 고급 쓰리룸,https://www.zigbang.com/home/apt/items/49229117
2026-06-17 08:52:16,빌라투룸,49220834,매매,05,경기도 의정부시 금오동,의정부시,금오동,21500,0,21500,53.8,16.27,2,금오중 도보1분 깔끔하고 넓은쓰리룸 최저입주금 문의주세요,https://www.zigbang.com/home/apt/items/49220834
2026-06-17 08:52:16,빌라투룸,49197785,매매,05,경기도 의정부시 금오동,의정부시,금오동,21000,0,21000,67.27,20.35,4,ㅇ큰평수ㅇ조용한동네ㅇ주차ㅇ엘베ㅇ가성비좋은집ㅇ,https://www.zigbang.com/home/apt/items/49197785
2026-06-17 08:52:16,빌라투룸,49189508,월세,05,경기도 의정부시 금오동,의정부시,금오동,3000,90,0,49.27,14.9,5,금오초 인근 숲세권 채광 굿 지하주차장 신축급 3룸,https://www.zigbang.com/home/apt/items/49189508
2026-06-17 08:52:16,빌라투룸,48540594,매매,05,경기도 의정부시 금오동,의정부시,금오동,20800,0,20800,71.57,21.65,5,신축  초특가 3룸,https://www.zigbang.com/home/apt/items/48540594
2026-06-17 08:52:16,빌라투룸,49268860,매매,05,경기도 남양주시 금곡동,남양주시,금곡동,29800,0,29800,51.53,15.59,3,실매물ㅣ허위근절ㅣ다양한 매물 금리상담으로 완벽한 내집 찾기,https://www.zigbang.com/home/apt/items/49268860
2026-06-17 08:52:16,빌라투룸,49368638,월세,04,경기도 남양주시 오남읍 오남리,남양주시,오남읍,5000,50,0,40,12.1,3,오남리시내  투룸,https://www.zigbang.com/home/apt/items/49368638
2026-06-17 08:52:16,빌라투룸,49365815,월세,04,경기도 남양주시 오남읍 오남리,남양주시,오남읍,1000,65,0,40,12.1,5,오남리 귀한테라스 투룸,https://www.zigbang.com/home/apt/items/49365815
2026-06-17 08:52:16,빌라투룸,49365777,전세,04,경기도 남양주시 오남읍 오남리,남양주시,오남읍,14000,0,0,36,10.89,4,오남리 풀옵션투룸,https://www.zigbang.com/home/apt/items/49365777
2026-06-17 08:52:16,빌라투룸,49360371,월세,04,경기도 남양주시 오남읍 오남리,남양주시,오남읍,2000,60,0,36,10.89,4,오남리 투룸월세,https://www.zigbang.com/home/apt/items/49360371
2026-06-17 08:52:16,빌라투룸,49297195,매매,05,경기도 남양주시 오남읍 양지리,남양주시,오남읍,19500,0,19500,52.4,15.85,2,오남역앞 초역세권 위치좋은 준신축매물 생활권편리 구조좋아요,https://www.zigbang.com/home/apt/items/49297195
2026-06-17 08:52:16,빌라투룸,49295391,매매,05,경기도 남양주시 오남읍 양지리,남양주시,오남읍,21500,0,21500,55.96,16.93,2,오남역세권 역도보3분거리 신축매물  인근시세대비 저렴해요,https://www.zigbang.com/home/apt/items/49295391
2026-06-17 08:52:16,빌라투룸,49271061,매매,05,경기도 남양주시 오남읍 양지리,남양주시,오남읍,25500,0,25500,73.02,22.09,2,실매물ㅣ허위근절ㅣ다양한 매물 금리상담으로 완벽한 내집 찾기,https://www.zigbang.com/home/apt/items/49271061
2026-06-17 08:52:16,빌라투룸,49268487,매매,05,경기도 남양주시 오남읍 양지리,남양주시,오남읍,23000,0,23000,59.77,18.08,3,오남역바로앞 초역세권 준신축급매물 구조잘빠진 넓은집 위치굿,https://www.zigbang.com/home/apt/items/49268487
2026-06-17 08:52:16,빌라투룸,49231447,전세,04,경기도 남양주시 오남읍 오남리,남양주시,오남읍,14000,0,0,42.98,13.0,3,오남리 원룸단지 투룸전세 반전세,https://www.zigbang.com/home/apt/items/49231447
2026-06-17 08:52:16,빌라투룸,49229141,매매,05,경기도 남양주시 오남읍 양지리,남양주시,오남읍,24800,0,24800,59.73,18.07,2,"오남역세권,엘베ㅇ,넓은3룸,화장실2개",https://www.zigbang.com/home/apt/items/49229141
2026-06-17 08:52:16,빌라투룸,49193927,매매,05,경기도 남양주시 오남읍 오남리,남양주시,오남읍,18000,0,18000,54.5,16.49,4,오남읍 방3화1베1 면적 잘 나온 주택,https://www.zigbang.com/home/apt/items/49193927
2026-06-17 08:52:16,빌라투룸,49190954,매매,05,경기도 남양주시 오남읍 양지리,남양주시,오남읍,24200,0,24200,59.77,18.08,3,신축급 역세권매물 최저입주금진행,https://www.zigbang.com/home/apt/items/49190954
2026-06-17 08:52:16,빌라투룸,49180248,매매,05,경기도 남양주시 오남읍 오남리,남양주시,오남읍,20000,0,20000,59.28,17.93,5,오남읍 3룸 20년식 준신축 오남초 코 앞,https://www.zigbang.com/home/apt/items/49180248
2026-06-17 08:52:16,빌라투룸,49118208,매매,05,경기도 남양주시 오남읍 오남리,남양주시,오남읍,21000,0,21000,59.28,17.93,5,오남초 바로 앞 깔끔한 신축급 쓰리룸입니다,https://www.zigbang.com/home/apt/items/49118208
2026-06-17 08:52:16,빌라투룸,48978049,매매,05,경기도 남양주시 오남읍 양지리,남양주시,오남읍,18900,0,18900,75.2,22.75,3,오남역 바로앞 인근 인근동일평형 시세대비 신축급매물 등장,https://www.zigbang.com/home/apt/items/48978049
2026-06-17 08:52:16,빌라투룸,49285300,매매,05,경기도 남양주시 호평동,남양주시,호평동,17500,0,17500,34.96,10.58,2,급매저렴ㅣ준신축급매물ㅣ대출잘나옴ㅣ최저실입가능,https://www.zigbang.com/home/apt/items/49285300
2026-06-17 08:52:17,빌라투룸,49372879,전세,04,경기도 의정부시 민락동,의정부시,민락동,10000,0,0,49,14.82,4,민락동 에어컨2있음 테라스1 거실서비스룸별도 세탁실별도있음,https://www.zigbang.com/home/apt/items/49372879
2026-06-17 08:52:17,빌라투룸,49360021,전세,05,경기도 의정부시 민락동,의정부시,민락동,12000,0,0,59.5,18.0,3,민락2지구 초저가 3룸 전세,https://www.zigbang.com/home/apt/items/49360021
2026-06-17 08:52:17,빌라투룸,49339664,월세,05,경기도 의정부시 민락동,의정부시,민락동,3000,100,0,60.1,18.18,2,민락천변 l 넓은 거실 l 쓰리룸 l 빠른이사가능,https://www.zigbang.com/home/apt/items/49339664
2026-06-17 08:52:17,빌라투룸,49326000,월세,04,경기도 의정부시 민락동,의정부시,민락동,500,40,0,40,12.1,3,민락동2룸 에어컨1가스렌지옵션 싱크대교체됨 8월입주,https://www.zigbang.com/home/apt/items/49326000
2026-06-17 08:52:17,빌라투룸,49317201,전세,05,경기도 의정부시 민락동,의정부시,민락동,22000,0,0,80,24.2,4,넓은 야외테라스가 있는 깨끗한 상가주택 3룸복층전세,https://www.zigbang.com/home/apt/items/49317201
2026-06-17 08:52:17,빌라투룸,49177706,월세,05,경기도 의정부시 민락동,의정부시,민락동,3000,100,0,60,18.15,2,민락2지구 깨끗한 3룸 월세,https://www.zigbang.com/home/apt/items/49177706
2026-06-17 08:52:17,빌라투룸,49075391,월세,04,경기도 의정부시 민락동,의정부시,민락동,1000,65,0,46.28,14.0,2,민락2지구 신축2룸 상태최상엘베주차가능상태최상 8월입주협의,https://www.zigbang.com/home/apt/items/49075391
2026-06-17 08:52:16,빌라투룸,49362317,월세,04,경기도 남양주시 호평동,남양주시,호평동,2000,70,0,52.89,16.0,3,호평동 물놀이터 부근 투룸 월세.,https://www.zigbang.com/home/apt/items/49362317
2026-06-17 08:52:16,빌라투룸,49324326,매매,05,경기도 남양주시 평내동,남양주시,평내동,17000,0,17000,59.7,18.06,3,"탁 트인 채광과 넓은 거실, 저렴한 가격의 준신축급 빌라",https://www.zigbang.com/home/apt/items/49324326
2026-06-17 08:52:16,빌라투룸,49312363,매매,05,경기도 남양주시 평내동,남양주시,평내동,15900,0,15900,57.8,17.48,3,주차채광컨디션좋은 3룸빌라,https://www.zigbang.com/home/apt/items/49312363
2026-06-17 08:52:16,빌라투룸,49311973,월세,04,경기도 남양주시 호평동,남양주시,호평동,2000,70,0,55,16.64,3,평내호평역부근 넓은2룸,https://www.zigbang.com/home/apt/items/49311973
2026-06-17 08:52:16,빌라투룸,49275692,월세,05,경기도 남양주시 호평동,남양주시,호평동,10000,110,0,114.53,34.65,3,3츰 단독 사용하는 3룸에 복층,https://www.zigbang.com/home/apt/items/49275692
2026-06-17 08:52:16,빌라투룸,49275654,월세,04,경기도 남양주시 호평동,남양주시,호평동,8000,20,0,46.28,14.0,2,구조좋은 투룸 월세.,https://www.zigbang.com/home/apt/items/49275654
2026-06-17 08:52:16,빌라투룸,49236029,매매,05,경기도 남양주시 평내동,남양주시,평내동,29000,0,29000,74.48,22.53,2,평내동 방3 화2 넓은평수 준신축 깔끔한 구조,https://www.zigbang.com/home/apt/items/49236029
2026-06-17 08:52:16,빌라투룸,49196339,매매,05,경기도 남양주시 호평동,남양주시,호평동,16000,0,16000,45.84,13.87,2,최저실입가능 ㅣ 외국인대출가능 ㅣ 디딤돌 ㅣ 방3 화2,https://www.zigbang.com/home/apt/items/49196339
2026-06-17 08:52:16,빌라투룸,49067873,매매,05,경기도 남양주시 평내동,남양주시,평내동,17000,0,17000,57.8,17.48,4,주차컨디션좋은복층 쓰리룸빌라,https://www.zigbang.com/home/apt/items/49067873
2026-06-17 08:52:17,빌라투룸,49191944,매매,05,경기도 남양주시 진접읍 내각리,남양주시,진접읍,23500,0,23500,59.58,18.02,4,이쁜인테리어 급매물3룸 적은실입주금 대출가능,https://www.zigbang.com/home/apt/items/49191944
2026-06-17 08:52:17,빌라투룸,48844868,매매,05,경기도 남양주시 진접읍 장현리,남양주시,진접읍,24000,0,24000,59.34,17.95,4,준신축  3룸 특가매매,https://www.zigbang.com/home/apt/items/48844868
2026-06-17 08:52:17,빌라투룸,49175093,월세,05,경기도 의정부시 낙양동,의정부시,낙양동,10000,35,0,60,18.15,2,정말 구하기힘든 깨끗한 3룸 월세 및 전세,https://www.zigbang.com/home/apt/items/49175093
2026-06-17 08:52:17,빌라투룸,49380498,월세,04,경기도 남양주시 오남읍 양지리,남양주시,오남읍,1000,65,0,40,12.1,1,오남역인근  투룸월세,https://www.zigbang.com/home/apt/items/49380498
2026-06-17 08:52:17,빌라투룸,49365862,월세,04,경기도 남양주시 진접읍 금곡리,남양주시,진접읍,1000,65,0,36,10.89,3,진접역인근 투룸월세,https://www.zigbang.com/home/apt/items/49365862
2026-06-17 08:52:17,빌라투룸,49365761,전세,04,경기도 남양주시 진접읍 금곡리,남양주시,진접읍,13000,0,0,45,13.61,2,진접역인근 투룸전세,https://www.zigbang.com/home/apt/items/49365761
2026-06-17 08:52:17,빌라투룸,49328659,월세,04,경기도 남양주시 진접읍 금곡리,남양주시,진접읍,1000,60,0,45,13.61,반지하,진접역인근 반지층 투룸,https://www.zigbang.com/home/apt/items/49328659
2026-06-17 08:52:17,빌라투룸,49314557,월세,04,경기도 남양주시 진접읍 연평리,남양주시,진접읍,3000,90,0,46,13.91,3,연평리 신축투룸,https://www.zigbang.com/home/apt/items/49314557
2026-06-17 08:52:17,빌라투룸,49277441,매매,05,경기도 남양주시 진접읍 장현리,남양주시,진접읍,12000,0,12000,43.14,13.05,4,"급매, 최저입주금, 1억대 방3화2",https://www.zigbang.com/home/apt/items/49277441
2026-06-17 08:52:17,빌라투룸,49229589,매매,05,경기도 남양주시 오남읍 양지리,남양주시,오남읍,19400,0,19400,68.03,20.58,2,남양주오남읍 위치좋은 신축급3룸,https://www.zigbang.com/home/apt/items/49229589
2026-06-17 08:52:17,빌라투룸,49229503,매매,05,경기도 남양주시 오남읍 양지리,남양주시,오남읍,23000,0,23000,54.01,16.34,3,"오남역세권,대단지고급빌라",https://www.zigbang.com/home/apt/items/49229503
2026-06-17 08:52:17,빌라투룸,49196264,매매,05,경기도 남양주시 오남읍 양지리,남양주시,오남읍,21500,0,21500,68.03,20.58,2,깔끔하고 넓은쓰리룸입니다 최저입주금 상담가능합니다,https://www.zigbang.com/home/apt/items/49196264
2026-06-17 08:52:17,빌라투룸,49144874,월세,04,경기도 남양주시 진접읍 연평리,남양주시,진접읍,5000,100,0,45,13.61,4,연평리 테라스형 투룸,https://www.zigbang.com/home/apt/items/49144874
2026-06-17 08:52:18,빌라투룸,49383855,월세,04,경기도 양주시 덕계동,양주시,덕계동,1000,50,0,36.82,11.14,2,"방2화1. 즉시입주가능, 반려동물X",https://www.zigbang.com/home/apt/items/49383855
2026-06-17 08:52:18,빌라투룸,49368609,매매,05,경기도 양주시 덕계동,양주시,덕계동,14500,0,14500,46.74,14.14,5,최저입주금 준신축 엘베있는 쓰리룸,https://www.zigbang.com/home/apt/items/49368609
2026-06-17 08:52:18,빌라투룸,49366297,매매,05,경기도 양주시 덕계동,양주시,덕계동,14000,0,14000,44.52,13.47,3,"방3화2베1. 준신축. 엘베유, 천장에어컨설치",https://www.zigbang.com/home/apt/items/49366297
2026-06-17 08:52:18,빌라투룸,49361211,매매,05,경기도 양주시 덕계동,양주시,덕계동,17500,0,17500,61.96,18.74,2,방3화2베2. 준신축. 엘베유. 막힘없는뷰,https://www.zigbang.com/home/apt/items/49361211
2026-06-17 08:52:18,빌라투룸,49285741,매매,05,경기도 양주시 덕계동,양주시,덕계동,14300,0,14300,68.85,20.83,8,초급매물 엘베유 준신축컨디션 최저금리 기금대출진행가능,https://www.zigbang.com/home/apt/items/49285741
2026-06-17 08:52:18,빌라투룸,49229603,매매,05,경기도 양주시 덕계동,양주시,덕계동,15000,0,15000,79.33,24.0,6,방3화2베1. 환하고밝은집. 이사협의,https://www.zigbang.com/home/apt/items/49229603
2026-06-17 08:52:18,빌라투룸,49226116,매매,06,경기도 양주시 덕계동,양주시,덕계동,19900,0,19900,70.25,21.25,4,"방4화2베1. 준신축, 급매",https://www.zigbang.com/home/apt/items/49226116
2026-06-17 08:52:18,빌라투룸,49194274,매매,05,경기도 양주시 덕계동,양주시,덕계동,12300,0,12300,56.13,16.98,2,강추 l 신축급 컨디션 l 구조굿 l 채광굿 l 내부깔끔,https://www.zigbang.com/home/apt/items/49194274
2026-06-17 08:52:18,빌라투룸,49191146,매매,05,경기도 양주시 덕계동,양주시,덕계동,9500,0,9500,60.91,18.43,4,급매 최저실입주금 진행가능 관리잘된 3룸,https://www.zigbang.com/home/apt/items/49191146
2026-06-17 08:52:18,빌라투룸,49190684,매매,06,경기도 양주시 덕계동,양주시,덕계동,21000,0,21000,70.25,21.25,4,실매물 0 집주인인증 0 방문약속가능,https://www.zigbang.com/home/apt/items/49190684
2026-06-17 08:52:18,빌라투룸,49120271,매매,05,경기도 양주시 덕계동,양주시,덕계동,17500,0,17500,54.91,16.61,2,실입주금 2000 덕계동 최저가매물 방3화2,https://www.zigbang.com/home/apt/items/49120271
2026-06-17 08:52:18,빌라투룸,49301292,매매,05,경기도 양주시 백석읍 오산리,양주시,백석읍,12000,0,12000,63.87,19.32,4,급매 깔끔한신축급 쓰리룸 최저실입주금 가능합니다,https://www.zigbang.com/home/apt/items/49301292
2026-06-17 08:52:18,빌라투룸,49192168,매매,06,경기도 양주시 백석읍 오산리,양주시,백석읍,16500,0,16500,68.99,20.87,4,o대형포룸o 대가족도 살수있는 신축급4룸 대출상담환영,https://www.zigbang.com/home/apt/items/49192168
2026-06-17 08:52:18,빌라투룸,49295979,매매,05,경기도 양주시 고암동,양주시,고암동,15000,0,15000,50.17,15.18,5,덕정역세권 신축급 최저입주금 가능한 3룸입니다,https://www.zigbang.com/home/apt/items/49295979
2026-06-17 08:52:18,빌라투룸,49385179,매매,05,경기도 양주시 고읍동,양주시,고읍동,26400,0,26400,68.65,20.77,2,"최저실입 ,신축 큰쓰리룸, 7호선 개통예정",https://www.zigbang.com/home/apt/items/49385179
2026-06-17 08:52:18,빌라투룸,49384650,월세,06,경기도 양주시 고암동,양주시,고암동,2000,130,0,85,25.71,4,"이쁜 복층,방3개,다락,작은테라스,반려동물가능,주차편리",https://www.zigbang.com/home/apt/items/49384650
2026-06-17 08:52:18,빌라투룸,49382108,월세,06,경기도 양주시 고암동,양주시,고암동,2000,130,0,113.16,34.23,4,"주인세대 복층 ,나만의 테라스 ,다락방 포함 포룸",https://www.zigbang.com/home/apt/items/49382108
2026-06-17 08:52:18,빌라투룸,49354460,월세,05,경기도 양주시 고암동,양주시,고암동,2000,120,0,80,24.2,3,"넓은3룸,언제든집보기가능,작은반려동물가능,에어컨4대,남서향",https://www.zigbang.com/home/apt/items/49354460
2026-06-17 08:52:18,빌라투룸,49311371,월세,05,경기도 양주시 고암동,양주시,고암동,2000,120,0,62.81,19.0,3,"6월 입주가능, 정남향,전체 시스템에어컨,공기청정기설치,",https://www.zigbang.com/home/apt/items/49311371
2026-06-17 08:52:18,빌라투룸,49300196,매매,04,경기도 양주시 광사동,양주시,광사동,15500,0,15500,35.68,10.79,4,학교 병원 대형마트 인근 신축급컨디션 입니다 최저입주금가능,https://www.zigbang.com/home/apt/items/49300196
2026-06-17 08:52:18,빌라투룸,49297926,매매,05,경기도 양주시 덕계동,양주시,덕계동,19800,0,19800,66.84,20.22,4,덕계역도보 13분 저렴한 준신축 방3개 화장실 2개 깔끔,https://www.zigbang.com/home/apt/items/49297926
2026-06-17 08:52:18,빌라투룸,49229597,매매,05,경기도 양주시 덕계동,양주시,덕계동,19900,0,19900,83.23,25.18,2,덕계동 럭셔리한 쓰리룸,https://www.zigbang.com/home/apt/items/49229597
2026-06-17 08:52:18,빌라투룸,49188497,매매,05,경기도 양주시 덕계동,양주시,덕계동,20000,0,20000,60.85,18.41,4,덕계역 도보가능 최저입주금진행,https://www.zigbang.com/home/apt/items/49188497
2026-06-17 08:52:18,빌라투룸,49185534,월세,05,경기도 양주시 고암동,양주시,고암동,5000,90,0,90,27.22,4,"방3개,다락방,개별테라스,복층,에어컨 중문완비,작은애견가능",https://www.zigbang.com/home/apt/items/49185534
2026-06-17 08:52:18,빌라투룸,49169335,매매,05,경기도 양주시 덕계동,양주시,덕계동,20500,0,20500,60.85,18.41,4,덕계동 방3 화2 준신축 깔끔한 구조,https://www.zigbang.com/home/apt/items/49169335
2026-06-17 08:52:18,빌라투룸,49137596,월세,06,경기도 양주시 고암동,양주시,고암동,5000,90,0,122.35,37.01,4,"복층개별테라스,바로입주,층고높은다락방,전체바닥 폴리싱타일",https://www.zigbang.com/home/apt/items/49137596
2026-06-17 08:52:18,빌라투룸,48983028,매매,05,경기도 양주시 고읍동,양주시,고읍동,25800,0,25800,68.65,20.77,1,v 고읍역 신설예정 v 신축 v아파트형v 3번대체도로옆v,https://www.zigbang.com/home/apt/items/48983028
2026-06-17 08:52:18,빌라투룸,48961556,월세,04,경기도 양주시 고암동,양주시,고암동,5000,50,0,50,15.12,2,"귀한 투룸,거실,넓은화장실,다용도실,엘레베이터,에어콘,추천",https://www.zigbang.com/home/apt/items/48961556
2026-06-17 08:52:19,빌라투룸,49351746,매매,05,경기도 동두천시 생연동,동두천시,생연동,13500,0,13500,52.25,15.81,3,급매물입니다. 엘배유 준신축 저금리 기금대출가능,https://www.zigbang.com/home/apt/items/49351746
2026-06-17 08:52:19,빌라투룸,49241257,매매,05,경기도 동두천시 생연동,동두천시,생연동,12000,0,12000,58.87,17.81,6,동두천 중앙역 초 역세권 대로변 준신축 쓰리룸 즉시입주,https://www.zigbang.com/home/apt/items/49241257
2026-06-17 08:52:19,빌라투룸,49229703,매매,05,경기도 동두천시 생연동,동두천시,생연동,13500,0,13500,59.7,18.06,5,"실입주금1000만,고급신축급3룸",https://www.zigbang.com/home/apt/items/49229703
2026-06-17 08:52:19,빌라투룸,49124111,월세,06,경기도 동두천시 상패동,동두천시,상패동,2000,80,0,73.44,22.22,3,첫입주 4룸월세,https://www.zigbang.com/home/apt/items/49124111
2026-06-17 08:52:19,빌라투룸,49124083,월세,06,경기도 동두천시 상패동,동두천시,상패동,2000,80,0,73.44,22.22,5,신축4룸 첫입주 월세,https://www.zigbang.com/home/apt/items/49124083
2026-06-17 08:52:19,빌라투룸,48099931,매매,05,경기도 동두천시 생연동,동두천시,생연동,16800,0,16800,76.15,23.04,5,신축 위치좋은 특가 1세대,https://www.zigbang.com/home/apt/items/48099931
2026-06-17 08:52:19,빌라투룸,49398270,전세,05,경기도 동두천시 상봉암동,동두천시,상봉암동,16000,0,0,68.74,20.79,3,보증보험가능 소요산역세권 고급 인테리어 신축 넓은 3룸,https://www.zigbang.com/home/apt/items/49398270
2026-06-17 08:52:19,빌라투룸,49316904,매매,05,경기도 동두천시 동두천동,동두천시,동두천동,8000,0,8000,46.59,14.09,2,동두천역까지 도보267m 엘베있는 신축급쓰리룸 입니다,https://www.zigbang.com/home/apt/items/49316904
2026-06-17 08:52:19,빌라투룸,49295186,월세,05,경기도 동두천시 동두천동,동두천시,동두천동,50,50,0,66.24,20.04,4,공실공실 단기단기  월세월세,https://www.zigbang.com/home/apt/items/49295186
2026-06-17 08:52:19,빌라투룸,49384550,월세,04,경기도 양주시 옥정동,양주시,옥정동,2000,65,0,43,13.01,4,"완벽 풀옵션 투룸,집보기언제든,빠른입주,방2개,거실,화장실",https://www.zigbang.com/home/apt/items/49384550
2026-06-17 08:52:19,빌라투룸,49069090,월세,06,경기도 양주시 옥정동,양주시,옥정동,5000,200,0,194.84,58.94,1,",단독주택,4룸,화3,테라스,도심속의전원생활즐겨보세요",https://www.zigbang.com/home/apt/items/49069090
2026-06-17 08:52:19,빌라투룸,49041303,매매,05,경기도 포천시 소흘읍 이동교리,포천시,소흘읍,11500,0,11500,70.23,21.24,2,이동교리 쓰리룸 매매,https://www.zigbang.com/home/apt/items/49041303
2026-06-17 08:52:19,빌라투룸,49363292,월세,05,경기도 양주시 옥정동,양주시,옥정동,5000,60,0,59.5,18.0,2,"넓은 쓰리룸,보증금 월세 상향조정가능",https://www.zigbang.com/home/apt/items/49363292
2026-06-17 08:52:19,빌라투룸,49156790,매매,05,경기도 포천시 소흘읍 송우리,포천시,소흘읍,13500,0,13500,64.06,19.38,3,가성비 급매 올리모델링 방3화2,https://www.zigbang.com/home/apt/items/49156790
2026-06-17 08:52:19,빌라투룸,49363707,월세,05,경기도 포천시 선단동,포천시,선단동,1500,75,0,59.37,17.96,3,대진대입구 사거리 신축급 넓은 3룸,https://www.zigbang.com/home/apt/items/49363707
2026-06-17 08:52:19,빌라투룸,49329230,매매,05,경기도 포천시 선단동,포천시,선단동,22000,0,22000,68.48,20.72,3,100프로 실매물. 안전한 권리 분석부터 유연한 입주 협의,https://www.zigbang.com/home/apt/items/49329230
2026-06-17 08:52:19,빌라투룸,49329162,매매,05,경기도 포천시 선단동,포천시,선단동,15300,0,15300,45.61,13.8,5,"월세 보증금으로 내 집 마련. 최저실입 1,000만원 부터",https://www.zigbang.com/home/apt/items/49329162
2026-06-17 08:52:19,빌라투룸,49269312,매매,06,경기도 포천시 설운동,포천시,설운동,29800,0,29800,70.17,21.23,1,실매물ㅣ허위근절ㅣ다양한 매물 금리상담으로 완벽한 내집 찾기,https://www.zigbang.com/home/apt/items/49269312
2026-06-17 08:52:19,빌라투룸,49229461,매매,05,경기도 포천시 선단동,포천시,선단동,22500,0,22500,69.32,20.97,3,실입주금1000만 궁전급급매로 나왔습니다,https://www.zigbang.com/home/apt/items/49229461
2026-06-17 08:52:19,빌라투룸,49225016,매매,05,경기도 포천시 선단동,포천시,선단동,13800,0,13800,63.73,19.28,5,실입주금 1000만 신축급 넓은 쓰리룸 도배 입주청소 완료,https://www.zigbang.com/home/apt/items/49225016
2026-06-17 08:52:19,빌라투룸,49192267,매매,05,경기도 포천시 선단동,포천시,선단동,17700,0,17700,61.09,18.48,4,o사업성공한집o고급인테리어 신축급3룸 최저입주금 대출가능,https://www.zigbang.com/home/apt/items/49192267
2026-06-17 08:52:19,빌라투룸,49187932,매매,04,경기도 포천시 선단동,포천시,선단동,9000,0,9000,31.92,9.66,5,귀한 투룸매물 엘베o 즉시입주가능 최저입주금진행,https://www.zigbang.com/home/apt/items/49187932
2026-06-17 08:52:19,빌라투룸,49122748,매매,05,경기도 포천시 선단동,포천시,선단동,16500,0,16500,56.4,17.06,3,100프로 실매물 최저 실입주금 상담가능,https://www.zigbang.com/home/apt/items/49122748
2026-06-17 08:52:19,빌라투룸,49068764,매매,05,경기도 포천시 선단동,포천시,선단동,12500,0,12500,55.99,16.94,5,급매.선단IC바로앞.이마트인근.엘베있음,https://www.zigbang.com/home/apt/items/49068764
2026-06-17 08:52:19,빌라투룸,49062348,매매,05,경기도 포천시 선단동,포천시,선단동,11000,0,11000,57.2,17.3,3,실입주금 3천만원 선단동 쓰리룸 매매,https://www.zigbang.com/home/apt/items/49062348
2026-06-17 08:52:19,빌라투룸,48805820,매매,05,경기도 포천시 선단동,포천시,선단동,15900,0,15900,45.61,13.8,5,신축  특가 1세대,https://www.zigbang.com/home/apt/items/48805820
2026-06-17 08:52:19,빌라투룸,49357754,매매,05,경기도 포천시 소흘읍 이가팔리,포천시,소흘읍,25000,0,25000,75.23,22.76,3,실매물ㅣ허위근절ㅣ다양한 매물 금리상담으로 완벽한 내집 찾기,https://www.zigbang.com/home/apt/items/49357754
2026-06-17 08:52:19,빌라투룸,49200843,매매,05,경기도 포천시 소흘읍 이가팔리,포천시,소흘읍,12000,0,12000,47.42,14.34,3,"필름, 도배, 줄눈 시공 올리모델링완료 컨디션좋은 쓰리룸",https://www.zigbang.com/home/apt/items/49200843
2026-06-17 08:52:19,빌라투룸,49191973,매매,05,경기도 포천시 소흘읍 송우리,포천시,소흘읍,19500,0,19500,73.19,22.14,2,대형평수 위치좋은 신축급3룸 실입주금 없이 대출가능합니다,https://www.zigbang.com/home/apt/items/49191973
2026-06-17 08:52:20,빌라투룸,49122141,매매,05,경기도 포천시 가산면 마산리,포천시,가산면,12300,0,12300,68.57,20.74,2,무입주가능 방3화2 학세권위치입니다,https://www.zigbang.com/home/apt/items/49122141
2026-06-17 08:52:20,빌라투룸,49397093,매매,05,경기도 포천시 어룡동,포천시,어룡동,18300,0,18300,75.92,22.97,2,최저실입주로 가능한 방3화2 신축급컨디션 급매,https://www.zigbang.com/home/apt/items/49397093
2026-06-17 08:52:20,빌라투룸,49287516,매매,05,경기도 포천시 어룡동,포천시,어룡동,18900,0,18900,75.1,22.72,3,포천 가성비 최고 고급 인테리어 신축 첫 입주,https://www.zigbang.com/home/apt/items/49287516
2026-06-17 08:52:20,빌라투룸,49229191,매매,05,경기도 포천시 어룡동,포천시,어룡동,18800,0,18800,75.92,22.97,2,"무입주금가능,광활한 넓은3룸 단지형빌라 서울출퇴근 인접",https://www.zigbang.com/home/apt/items/49229191
2026-06-17 08:52:20,빌라투룸,49192114,매매,05,경기도 포천시 어룡동,포천시,어룡동,16900,0,16900,62.68,18.96,1,o전용테라스o 급매물 준신축3룸 대출걱정마세요 문의환영,https://www.zigbang.com/home/apt/items/49192114
2026-06-17 08:52:20,빌라투룸,49187689,매매,05,경기도 포천시 신북면 가채리,포천시,신북면,16500,0,16500,71.64,21.67,3,신축급 쓰리룸매물 최저입주금진행,https://www.zigbang.com/home/apt/items/49187689
2026-06-17 08:52:20,빌라투룸,49025783,매매,06,경기도 포천시 신읍동,포천시,신읍동,23800,0,23800,72.71,21.99,5,100프로 실매물 최저 실입주금 상담가능,https://www.zigbang.com/home/apt/items/49025783
2026-06-17 08:52:20,빌라투룸,48931423,매매,05,경기도 포천시 어룡동,포천시,어룡동,18800,0,18800,75.92,22.97,3,신축 첫 입주 큰평수 특가,https://www.zigbang.com/home/apt/items/48931423
2026-06-17 08:52:21,빌라투룸,49321146,매매,05,경기도 광주시 도척면 상림리,광주시,도척면,19800,0,19800,73.16,22.13,3,힐링하는 1억대 첫입주 무입주금 입주가능 산책로테라스텃밭,https://www.zigbang.com/home/apt/items/49321146
2026-06-17 08:52:21,빌라투룸,49336635,매매,05,경기도 광주시 도척면 진우리,광주시,도척면,17000,0,17000,64.37,19.47,3,o급매물준신축o 최저실입주금 대출가능한 3룸입니다,https://www.zigbang.com/home/apt/items/49336635
2026-06-17 08:52:21,빌라투룸,49226641,매매,05,경기도 광주시 곤지암읍 곤지암리,광주시,곤지암읍,14500,0,14500,54.32,16.43,2,즉시입주가능매물 방3화2 최저입주금가능,https://www.zigbang.com/home/apt/items/49226641
2026-06-17 08:52:21,빌라투룸,49209022,매매,05,경기도 광주시 곤지암읍 곤지암리,광주시,곤지암읍,16800,0,16800,54.11,16.37,3,실매물ㅣ허위근절ㅣ다양한 매물 금리상담으로 완벽한 내집 찾기,https://www.zigbang.com/home/apt/items/49209022
2026-06-17 08:52:21,빌라투룸,49196114,매매,05,경기도 광주시 도척면 진우리,광주시,도척면,16500,0,16500,50.94,15.41,2,실입주금 2000 대단지 준신축 쓰리룸 추천,https://www.zigbang.com/home/apt/items/49196114
2026-06-17 08:52:21,빌라투룸,49156681,매매,05,경기도 광주시 곤지암읍 곤지암리,광주시,곤지암읍,17100,0,17100,54.11,16.37,3,곤지암역세권 가성비 방3화2 급매,https://www.zigbang.com/home/apt/items/49156681
2026-06-17 08:52:21,빌라투룸,49357742,매매,05,경기도 이천시 신둔면 수광리,이천시,신둔면,27500,0,27500,72.97,22.07,3,엘베OKㅣ3룸ㅣ다양한 매물 금리상담으로 완벽한 내집 찾기,https://www.zigbang.com/home/apt/items/49357742
2026-06-17 08:52:21,빌라투룸,49357727,매매,05,경기도 이천시 신둔면 남정리,이천시,신둔면,29000,0,29000,61.62,18.64,3,엘베OKㅣ3룸ㅣ다양한 매물 금리상담으로 완벽한 내집 찾기,https://www.zigbang.com/home/apt/items/49357727
2026-06-17 08:52:21,빌라투룸,49095055,매매,05,경기도 이천시 신둔면 남정리,이천시,신둔면,29000,0,29000,61.62,18.64,2,적은실입주금 입주가능 실매물실사진 전절역 도보가능 넓은평수,https://www.zigbang.com/home/apt/items/49095055
2026-06-17 08:52:21,빌라투룸,49371818,월세,05,경기도 광주시 초월읍 산이리,광주시,초월읍,200,80,0,72.66,21.98,3,l미래l 경기도광주도로공사 인근 넓은쓰리룸 빠른문의,https://www.zigbang.com/home/apt/items/49371818
2026-06-17 08:52:21,빌라투룸,49313241,월세,05,경기도 광주시 초월읍 산이리,광주시,초월읍,100,80,0,72.66,21.98,3,공실공실 단기단기 월세월세 에어컨에어컨,https://www.zigbang.com/home/apt/items/49313241
2026-06-17 08:52:21,빌라투룸,49169143,매매,05,경기도 광주시 초월읍 산이리,광주시,초월읍,22000,0,22000,66.44,20.1,1,초월읍 방3화2베1 복층 테라스있는 구조 좋은 빌라,https://www.zigbang.com/home/apt/items/49169143
2026-06-17 08:52:21,빌라투룸,49381886,매매,05,경기도 광주시 쌍령동,광주시,쌍령동,14000,0,14000,76.58,23.17,4,아래쌍령동 빌라 급매,https://www.zigbang.com/home/apt/items/49381886
2026-06-17 08:52:21,빌라투룸,49376768,월세,05,경기도 광주시 쌍령동,광주시,쌍령동,100,80,0,55.96,16.93,1,공실공실 단기단기 월세월세,https://www.zigbang.com/home/apt/items/49376768
2026-06-17 08:52:21,빌라투룸,49336483,매매,05,경기도 광주시 쌍령동,광주시,쌍령동,16500,0,16500,59.75,18.07,1,o급매물테라스o 대단지 신축급3룸 적은실입주금 가능,https://www.zigbang.com/home/apt/items/49336483
2026-06-17 08:52:21,빌라투룸,49324307,매매,05,경기도 광주시 초월읍 지월리,광주시,초월읍,15000,0,15000,51.36,15.54,2,최저실입주금 가능ㅣ외국인대출가능ㅣ신축급컨디션ㅣ급매저렴,https://www.zigbang.com/home/apt/items/49324307
2026-06-17 08:52:21,빌라투룸,49272664,매매,05,경기도 광주시 초월읍 지월리,광주시,초월읍,20000,0,20000,61.22,18.52,3,초월읍 방3화2베1 구조 잘 빠진 빌라,https://www.zigbang.com/home/apt/items/49272664
2026-06-17 08:52:21,빌라투룸,49180022,매매,04,경기도 광주시 쌍령동,광주시,쌍령동,11500,0,11500,29.8,9.01,4,"유명프렌차이즈 상권, 초교 도보통학, 광주역 버스환승편리",https://www.zigbang.com/home/apt/items/49180022
2026-06-17 08:52:21,빌라투룸,49093317,매매,05,경기도 광주시 초월읍 지월리,광주시,초월읍,20000,0,20000,59.31,17.94,1,지월리 3룸 준신축 테라스에 개인창고까지,https://www.zigbang.com/home/apt/items/49093317
2026-06-17 08:52:21,빌라투룸,49357747,매매,05,경기도 광주시 곤지암읍 오향리,광주시,곤지암읍,25000,0,25000,58.51,17.7,2,엘베OKㅣ3룸ㅣ다양한 매물 금리상담으로 완벽한 내집 찾기,https://www.zigbang.com/home/apt/items/49357747
2026-06-17 08:52:21,빌라투룸,49353755,매매,04,경기도 광주시 곤지암읍 오향리,광주시,곤지암읍,18000,0,18000,43.32,13.1,1,가격착한 신축2룸 3룸도 있음 깔끔한 실사진실매물 가즈아,https://www.zigbang.com/home/apt/items/49353755
2026-06-17 08:52:22,빌라투룸,49397798,월세,06,경기도 이천시 부발읍 신원리,이천시,부발읍,1000,100,0,84.42,25.54,4,테라스 있는 복층 방4개 욕실2개 리모델링된 깨끗한집,https://www.zigbang.com/home/apt/items/49397798
2026-06-17 08:52:22,빌라투룸,49365080,월세,04,경기도 이천시 부발읍 무촌리,이천시,부발읍,2000,50,0,26.18,7.92,2,부발읍 신축 투룸월세 종합운동장인근 빠른입주가능,https://www.zigbang.com/home/apt/items/49365080
2026-06-17 08:52:22,빌라투룸,49317654,월세,04,경기도 이천시 부발읍 무촌리,이천시,부발읍,1000,60,0,39.67,12.0,4,이천시 무촌리 부발초 맞은편 투룸월세,https://www.zigbang.com/home/apt/items/49317654
2026-06-17 08:52:22,빌라투룸,49295511,월세,04,경기도 이천시 부발읍 신원리,이천시,부발읍,2000,60,0,35.2,10.65,3,"보증금 조정 가능, 넓은 풀옵션 투룸, 반려동물가능",https://www.zigbang.com/home/apt/items/49295511
2026-06-17 08:52:22,빌라투룸,49258123,매매,05,경기도 이천시 부발읍 무촌리,이천시,부발읍,14000,0,14000,48.27,14.6,2,실매물ㅣ허위근절ㅣ다양한 매물 금리상담으로 완벽한 내집 찾기,https://www.zigbang.com/home/apt/items/49258123
2026-06-17 08:52:22,빌라투룸,49226623,전세,04,경기도 이천시 부발읍 무촌리,이천시,부발읍,7875,0,0,39.67,12.0,3,이천시 무촌리 보증보험 가능한 투룸전세,https://www.zigbang.com/home/apt/items/49226623
2026-06-17 08:52:22,빌라투룸,49380702,월세,05,경기도 이천시 백사면 모전리,이천시,백사면,50,70,0,64.12,19.4,1,모전리 신축급컨디션 방3화2,https://www.zigbang.com/home/apt/items/49380702
2026-06-17 08:52:22,빌라투룸,49322696,전세,06,경기도 이천시 백사면 모전리,이천시,백사면,13800,0,0,59.06,17.87,4,층간 소음 해방 독립된 복층공간 및 야외테라스 세대 전세,https://www.zigbang.com/home/apt/items/49322696
2026-06-17 08:52:23,빌라투룸,49321098,매매,04,경기도 여주시 흥천면 내사리,여주시,흥천면,29900,0,29900,98.19,29.7,1,건평30평 대지150평 실사진실매물 집주인 거주중 준신축급,https://www.zigbang.com/home/apt/items/49321098
2026-06-17 08:52:22,빌라투룸,49378677,월세,05,경기도 여주시 월송동,여주시,월송동,1000,70,0,61.16,18.5,3,"엘베있는  깨끗한 빌라,주차 편리",https://www.zigbang.com/home/apt/items/49378677
2026-06-17 08:52:22,빌라투룸,49320012,월세,04,경기도 여주시 월송동,여주시,월송동,1000,75,0,50,15.12,3,"신축 조용하고 깨끗한 마을에 위치,단출한 다가구",https://www.zigbang.com/home/apt/items/49320012
2026-06-17 08:52:22,빌라투룸,49042716,월세,06,경기도 여주시 월송동,여주시,월송동,2000,150,0,300,90.75,1,"월송동 넓은 단독주택 ,도시가스 사용,방4화장실3",https://www.zigbang.com/home/apt/items/49042716
2026-06-17 08:52:23,빌라투룸,49321143,매매,05,경기도 광주시 퇴촌면 관음리,광주시,퇴촌면,14500,0,14500,58.34,17.65,1,텃밭 실매물실사진 도로변 근처 평지 상태좋은 방3 욕실2개,https://www.zigbang.com/home/apt/items/49321143
2026-06-17 08:52:23,빌라투룸,49321141,매매,05,경기도 광주시 퇴촌면 관음리,광주시,퇴촌면,9500,0,9500,51.44,15.56,4,실매물실사진 급매물빌라 상태좋음 도로변 공기좋고 위치좋고,https://www.zigbang.com/home/apt/items/49321141
2026-06-17 08:52:23,빌라투룸,49321112,매매,05,경기도 광주시 퇴촌면 광동리,광주시,퇴촌면,29900,0,29900,63.86,19.32,6,실사진실매물 퇴촌 시내위치 평지 뷰가 너무좋은 준신축빌라,https://www.zigbang.com/home/apt/items/49321112
2026-06-17 08:52:23,빌라투룸,49209227,매매,05,경기도 광주시 퇴촌면 관음리,광주시,퇴촌면,19000,0,19000,74.51,22.54,2,대형평수 신축급 실매물실사진 공기 좋은 평지에위치,https://www.zigbang.com/home/apt/items/49209227
2026-06-17 08:52:23,빌라투룸,49209197,매매,05,경기도 광주시 퇴촌면 관음리,광주시,퇴촌면,27500,0,27500,66.71,20.18,2,신축 놀라운가격 실매물실사진 싸다 좋다 평지에위치 요기요,https://www.zigbang.com/home/apt/items/49209197
2026-06-17 08:52:23,빌라투룸,49095070,매매,05,경기도 광주시 퇴촌면 도수리,광주시,퇴촌면,10500,0,10500,56.4,17.06,2,실매물실사진 급매물빌라 상태좋음 퇴촌 시내권 도로변 초중학,https://www.zigbang.com/home/apt/items/49095070
2026-06-17 08:52:24,빌라투룸,49344888,월세,05,경기도 광주시 남종면 분원리,광주시,남종면,300,100,0,76.58,23.17,1,l 신축 l 쓰리룸 단기 ok 애완 협의가능,https://www.zigbang.com/home/apt/items/49344888
2026-06-17 08:52:24,빌라투룸,49063745,매매,05,경기도 남양주시 조안면 삼봉리,남양주시,조안면,15000,0,15000,62.99,19.05,4,전망좋은 쓰리룸매매,https://www.zigbang.com/home/apt/items/49063745
2026-06-17 08:52:26,빌라투룸,49339844,월세,04,경기도 여주시 홍문동,여주시,홍문동,1000,65,0,35,10.59,4,"홍문동 위치 좋은 투룸 월세 .즉시입주,",https://www.zigbang.com/home/apt/items/49339844
2026-06-17 08:52:26,빌라투룸,49268536,월세,04,경기도 여주시 점봉동,여주시,점봉동,500,81,0,66,19.96,4,"전용20평 넓은 투룸, 풀옵션, 화장실2, 엘베있음,깨끗함",https://www.zigbang.com/home/apt/items/49268536
2026-06-17 08:52:26,빌라투룸,49140447,월세,04,경기도 여주시 상동,여주시,상동,1000,72,0,42.98,13.0,2,상동 조용하고 주차좋은 신축급 투룸 풀옵션입니다.,https://www.zigbang.com/home/apt/items/49140447
2026-06-17 08:52:26,빌라투룸,48960242,전세,05,경기도 여주시 점봉동,여주시,점봉동,17000,0,0,82.64,25.0,1,"아파트형 빌라 ,상태 아주깨끗함,주차공간 좋음",https://www.zigbang.com/home/apt/items/48960242
2026-06-17 08:52:27,빌라투룸,49286300,월세,04,강원도 원주시 단계동,원주시,단계동,500,55,0,50,15.12,2,단계동 해잘드는 준신축투룸풀옵션,https://www.zigbang.com/home/apt/items/49286300
2026-06-17 08:52:28,빌라투룸,49283755,월세,04,강원도 원주시 지정면 가곡리,원주시,지정면,1000,75,0,69.42,21.0,3,클릭 섬강중학교 맞은편 준신축 넓은 풀옵션 투룸,https://www.zigbang.com/home/apt/items/49283755
2026-06-17 08:52:28,빌라투룸,49347479,월세,04,강원도 원주시 단계동,원주시,단계동,1000,70,0,66.11,20.0,2,클릭 푸르지오아파트부근 준신축 넓은 풀옵션 투룸,https://www.zigbang.com/home/apt/items/49347479
2026-06-17 08:52:28,빌라투룸,49359438,월세,04,강원도 원주시 단계동,원주시,단계동,500,63,0,50,15.12,4,"단계동 반려동물가 신축방, 주차장넓은 투룸",https://www.zigbang.com/home/apt/items/49359438
2026-06-17 08:52:31,빌라투룸,49212263,월세,04,경기도 남양주시 화도읍 마석우리,남양주시,화도읍,3000,40,0,33.06,10.0,2,공실 수리된 넓은 투룸,https://www.zigbang.com/home/apt/items/49212263
2026-06-17 08:52:31,빌라투룸,49265174,월세,04,경기도 남양주시 화도읍 마석우리,남양주시,화도읍,50,60,0,53.33,16.13,4,공실 즉시입주가능 무보증 단기월세,https://www.zigbang.com/home/apt/items/49265174
2026-06-17 08:52:31,빌라투룸,49229389,매매,05,경기도 남양주시 화도읍 묵현리,남양주시,화도읍,23500,0,23500,59.81,18.09,5,묵현리 고급신축3룸 고급인테리어,https://www.zigbang.com/home/apt/items/49229389
2026-06-17 08:52:31,빌라투룸,49196343,매매,05,경기도 남양주시 화도읍 묵현리,남양주시,화도읍,13800,0,13800,53.37,16.14,3,최저실입가능 ㅣ 외국인대출가능 ㅣ 디딤돌 ㅣ 컨디션 최상,https://www.zigbang.com/home/apt/items/49196343
2026-06-17 08:52:31,빌라투룸,49196336,매매,05,경기도 남양주시 화도읍 묵현리,남양주시,화도읍,17000,0,17000,54.03,16.34,2,최저실입가능 ㅣ 외국인대출가능 ㅣ 엘베있음 ㅣ 디딤돌,https://www.zigbang.com/home/apt/items/49196336
2026-06-17 08:52:13,빌라투룸,49364529,전세,04,서울시 도봉구 쌍문동,도봉구,쌍문동,10000,0,0,29.64,8.97,3,"쌍문역, 올수리된 2룸, 즉시입주가능",https://www.zigbang.com/home/apt/items/49364529
2026-06-17 08:52:13,빌라투룸,49356520,매매,05,서울시 도봉구 쌍문동,도봉구,쌍문동,21500,0,21500,48.99,14.82,4,ㅁ가격다운 초급매ㅁ채광끝내주는 올리모델링 쓰리룸ㅁ,https://www.zigbang.com/home/apt/items/49356520
2026-06-17 08:52:13,빌라투룸,49337039,매매,05,서울시 도봉구 쌍문동,도봉구,쌍문동,35000,0,35000,45.2,13.67,4,l 뷰맛집 l 테라스2개 l 복층형 3룸 l,https://www.zigbang.com/home/apt/items/49337039
2026-06-17 08:52:13,빌라투룸,49277560,월세,04,서울시 도봉구 창동,도봉구,창동,3000,105,0,34.09,10.31,3,o2룸 월세o 창동역ㅣ시스템에어컨,https://www.zigbang.com/home/apt/items/49277560
2026-06-17 08:52:13,빌라투룸,49271010,매매,04,서울시 도봉구 창동,도봉구,창동,22000,0,22000,29.95,9.06,7,ㅁ17년준공 넓고깔끔한 투룸 보러오세요ㅁ,https://www.zigbang.com/home/apt/items/49271010
2026-06-17 08:52:13,빌라투룸,49231329,매매,05,서울시 도봉구 쌍문동,도봉구,쌍문동,28000,0,28000,42.8,12.95,5,현공실 컨디션 좋은 초급매 3룸,https://www.zigbang.com/home/apt/items/49231329
2026-06-17 08:52:13,빌라투룸,49141591,매매,04,서울시 도봉구 쌍문동,도봉구,쌍문동,17000,0,17000,43.28,13.09,4,먼저 보세요 신축급컨디션 넓은2룸 초저가급매,https://www.zigbang.com/home/apt/items/49141591
2026-06-17 08:52:35,빌라투룸,49167139,전세,04,강원도 홍천군 남면 양덕원리,홍천군,남면,5500,0,0,38.76,11.72,3,깨끗한 풀옵션 미니투룸.반전세가능,https://www.zigbang.com/home/apt/items/49167139
2026-06-17 08:52:35,빌라투룸,49078328,전세,04,강원도 홍천군 남면 양덕원리,홍천군,남면,7500,0,0,39.67,12.0,3,풀옵션 투룸홍천 남면.즉시입주,https://www.zigbang.com/home/apt/items/49078328
2026-06-17 08:52:36,빌라투룸,49393477,전세,04,강원도 홍천군 홍천읍 갈마곡리,홍천군,홍천읍,7000,0,0,36.36,11.0,2,홍천 신시가지 풀옵션 미니투룸,https://www.zigbang.com/home/apt/items/49393477
2026-06-17 08:52:36,빌라투룸,49371934,월세,04,강원도 홍천군 홍천읍 갈마곡리,홍천군,홍천읍,2000,50,0,39.67,12.0,3,강츄매물  보증금조율가능,https://www.zigbang.com/home/apt/items/49371934
2026-06-17 08:52:36,빌라투룸,49313004,월세,04,강원도 홍천군 홍천읍,홍천군,홍천읍,1000,63,0,46.26,13.99,2,신축풀옵션 투룸.,https://www.zigbang.com/home/apt/items/49313004
2026-06-17 08:52:36,빌라투룸,49312993,월세,04,강원도 홍천군 홍천읍,홍천군,홍천읍,1000,63,0,48.96,14.81,2,투룸 풀옵션 방2.거실,https://www.zigbang.com/home/apt/items/49312993
2026-06-17 08:52:36,빌라투룸,49310774,월세,04,강원도 홍천군 홍천읍 갈마곡리,홍천군,홍천읍,500,60,0,45.2,13.67,4,전망틔이고 즉시입주 가능한 투룸,https://www.zigbang.com/home/apt/items/49310774
2026-06-17 08:52:36,빌라투룸,49281725,월세,04,강원도 홍천군 홍천읍 갈마곡리,홍천군,홍천읍,5000,30,0,49.59,15.0,2,즉시입주가능  옵션있는 투룸 인테리어최상,https://www.zigbang.com/home/apt/items/49281725
2026-06-17 08:52:36,빌라투룸,49359986,월세,04,강원도 홍천군 홍천읍 연봉리,홍천군,홍천읍,500,45,0,45,13.61,3,방2 화장실1 넓은다용도실,https://www.zigbang.com/home/apt/items/49359986
2026-06-17 08:52:36,빌라투룸,49084705,월세,04,강원도 홍천군 홍천읍 연봉리,홍천군,홍천읍,1000,60,0,39.67,12.0,2,신축 투룸  풀옵션 엘레베이터유 인테리어 예쁜집  즉시입주,https://www.zigbang.com/home/apt/items/49084705
2026-06-17 08:52:37,빌라투룸,49381654,전세,04,강원도 춘천시 동내면 학곡리,춘천시,동내면,9000,0,0,55,16.64,3,"학곡리 하나로마트 부근, 거실OK 준신축 투룸",https://www.zigbang.com/home/apt/items/49381654
2026-06-17 08:52:37,빌라투룸,49380431,월세,04,강원도 춘천시 동내면 학곡리,춘천시,동내면,500,60,0,49.59,15.0,3,학곡리 가격이 저렴하면서 구조가 좋은 신축 투룸,https://www.zigbang.com/home/apt/items/49380431
2026-06-17 08:52:37,빌라투룸,49380412,월세,04,강원도 춘천시 동내면 학곡리,춘천시,동내면,500,58,0,45,13.61,3,"ㅁㅁ 학곡리 신축 풀옵션 투룸, 구조 좋아요,",https://www.zigbang.com/home/apt/items/49380412
2026-06-17 08:52:37,빌라투룸,49340406,월세,04,강원도 춘천시 동내면 학곡리,춘천시,동내면,500,47,0,43,13.01,2,"ㅁㅁ 학곡리 신축 풀옵션 투룸, 엘리베이터,",https://www.zigbang.com/home/apt/items/49340406
2026-06-17 08:52:37,빌라투룸,49332883,월세,04,강원도 춘천시 동내면 학곡리,춘천시,동내면,500,52,0,45,13.61,2,"ㅁㅁ 학곡리 신축, 풀옵션 투룸 월세,",https://www.zigbang.com/home/apt/items/49332883
2026-06-17 08:52:37,빌라투룸,49322210,월세,04,강원도 춘천시 동내면 학곡리,춘천시,동내면,500,57,0,45,13.61,3,"ㅁㅁ 학곡리 신축 투룸, 조용하고 주차 편리,",https://www.zigbang.com/home/apt/items/49322210
2026-06-17 08:52:37,빌라투룸,49273239,월세,04,강원도 춘천시 동내면 학곡리,춘천시,동내면,500,57,0,45,13.61,3,ㅣ학곡리 내ㅣ주차편리ㅣ깔끔한 인테리어ㅣ신축투룸ㅣ,https://www.zigbang.com/home/apt/items/49273239
2026-06-17 08:52:37,빌라투룸,49151702,월세,04,강원도 춘천시 동내면 학곡리,춘천시,동내면,500,57,0,47,14.22,3,학곡리 신축급 풀옵션 깨끗하고 넓은 최상급 투룸 입니다.,https://www.zigbang.com/home/apt/items/49151702
2026-06-17 08:52:37,빌라투룸,49118279,월세,04,강원도 춘천시 동내면 학곡리,춘천시,동내면,1000,55,0,48,14.52,4,조용하고 주차편리한 학곡리 깨끗한 투룸,https://www.zigbang.com/home/apt/items/49118279
2026-06-17 08:52:37,빌라투룸,49055883,월세,04,강원도 춘천시 동내면 학곡리,춘천시,동내면,500,57,0,48,14.52,3,학곡리 인테리어 좋은 신축급 투룸,https://www.zigbang.com/home/apt/items/49055883
2026-06-17 08:52:38,빌라투룸,49086150,매매,04,강원도 춘천시 신북읍 천전리,춘천시,신북읍,32000,0,32000,82.98,25.1,1,신북읍 천전리 언덕지곳에 위치한 전원주택 방2개,https://www.zigbang.com/home/apt/items/49086150
2026-06-17 08:52:38,빌라투룸,49395250,월세,04,강원도 춘천시 후평동,춘천시,후평동,500,53,0,42,12.7,3,"ㅁㅁ 동광오거리쪽, 채광 좋은 풀옵션 투룸,",https://www.zigbang.com/home/apt/items/49395250
2026-06-17 08:52:38,빌라투룸,49380562,월세,05,강원도 춘천시 후평동,춘천시,후평동,3000,95,0,110,33.27,4,후평동 신축급 깨끗하고 넓은 최상급 주인세대 입니다.,https://www.zigbang.com/home/apt/items/49380562
2026-06-17 08:52:38,빌라투룸,49379911,월세,04,강원도 춘천시 후평동,춘천시,후평동,500,60,0,50,15.12,2,후평동 기공인근 거실넓은 신축급 풀옵션 깨끗한 투룸 입니다,https://www.zigbang.com/home/apt/items/49379911
2026-06-17 08:52:38,빌라투룸,49357165,월세,04,강원도 춘천시 동면 만천리,춘천시,동면,500,50,0,40.98,12.4,3,만천초등학교 인근 한적한 곳에 위치한 투룸 월세,https://www.zigbang.com/home/apt/items/49357165
2026-06-17 08:52:38,빌라투룸,49330770,월세,04,강원도 춘천시 후평동,춘천시,후평동,500,60,0,49.59,15.0,1,후평동 거실이 매우 넓은 신축 투룸,https://www.zigbang.com/home/apt/items/49330770
2026-06-17 08:52:38,빌라투룸,49329875,월세,04,강원도 춘천시 후평동,춘천시,후평동,500,53,0,43,13.01,3,"ㅁㅁ 후평동 동광오거리쪽, 채광 좋은 투룸,",https://www.zigbang.com/home/apt/items/49329875
2026-06-17 08:52:38,빌라투룸,49322173,월세,05,강원도 춘천시 후평동,춘천시,후평동,3000,95,0,110,33.27,4,"ㅁㅁ 후평동 탑층 쓰리룸, 고급스런 인테리어,",https://www.zigbang.com/home/apt/items/49322173
2026-06-17 08:52:38,빌라투룸,49319886,월세,04,강원도 춘천시 후평동,춘천시,후평동,500,55,0,45,13.61,3,ㅣ한전 부근ㅣ도보상권 좋음ㅣ깔끔한 인테리어ㅣ투룸ㅣ,https://www.zigbang.com/home/apt/items/49319886
2026-06-17 08:52:38,빌라투룸,49300070,전세,04,강원도 춘천시 동면 장학리,춘천시,동면,12000,0,0,46.28,14.0,3,한림성심대인근 구조좋은 투룸입니다,https://www.zigbang.com/home/apt/items/49300070
2026-06-17 08:52:38,빌라투룸,49210471,월세,04,강원도 춘천시 후평동,춘천시,후평동,1000,65,0,42.98,13.0,2,거실공간 넓고  깔끔한 투룸,https://www.zigbang.com/home/apt/items/49210471
2026-06-17 08:52:38,빌라투룸,49139862,월세,04,강원도 춘천시 후평동,춘천시,후평동,500,55,0,48,14.52,3,후평동 동광오거리 인근 가성비 좋은 깨끗한 투룸,https://www.zigbang.com/home/apt/items/49139862
2026-06-17 08:52:38,빌라투룸,49092410,월세,04,강원도 춘천시 동면 장학리,춘천시,동면,500,60,0,46.98,14.21,3,장학택지내 넓은거실과 방,https://www.zigbang.com/home/apt/items/49092410
2026-06-17 08:52:40,빌라투룸,49381673,월세,04,경상북도 문경시 모전동,문경시,모전동,500,44,0,50.98,15.42,3,풀옵션에 투룸월세 입니다,https://www.zigbang.com/home/apt/items/49381673
2026-06-17 08:52:40,빌라투룸,49361824,전세,04,경상북도 문경시 모전동,문경시,모전동,10000,0,0,62.81,19.0,2,깨끗하고 깔끔한 여중후문에있는 정투룸,https://www.zigbang.com/home/apt/items/49361824
2026-06-17 08:52:40,빌라투룸,49353245,전세,04,경상북도 문경시 모전동,문경시,모전동,10000,0,0,50,15.12,2,문경여중 뒤 투룸 월세,https://www.zigbang.com/home/apt/items/49353245
2026-06-17 08:52:40,빌라투룸,49334303,월세,04,경상북도 문경시 모전동,문경시,모전동,5000,30,0,60,18.15,4,방과 거실이 커서 아파트20평 정도 됨,https://www.zigbang.com/home/apt/items/49334303
2026-06-17 08:52:40,빌라투룸,49316290,매매,04,경상북도 문경시 모전동,문경시,모전동,10000,0,10000,63.47,19.2,2,"방2,화1,거실 있어요 남향에 가까운 남동향으로 일조권좋음",https://www.zigbang.com/home/apt/items/49316290
2026-06-17 08:52:40,빌라투룸,49254028,월세,04,경상북도 문경시 모전동,문경시,모전동,5000,26,0,50,15.12,4,상태가 아주 좋은 투룸,https://www.zigbang.com/home/apt/items/49254028
2026-06-17 08:52:40,빌라투룸,49167073,월세,04,경상북도 문경시 모전동,문경시,모전동,300,55,0,46.28,14.0,2,풀옵션 투룸입니다.,https://www.zigbang.com/home/apt/items/49167073
2026-06-17 08:52:40,빌라투룸,49316302,매매,05,경상북도 문경시 모전동,문경시,모전동,16500,0,16500,77.36,23.4,3,"정남향으로 샤시까지 전체 올리모델링 ,집 상태 최상입니다",https://www.zigbang.com/home/apt/items/49316302
2026-06-17 08:52:40,빌라투룸,49316265,월세,05,경상북도 문경시 모전동,문경시,모전동,1000,50,0,27,8.17,4,"방3,화2,거실 있는 상가주택 월세 나왔어요",https://www.zigbang.com/home/apt/items/49316265
2026-06-17 08:52:40,빌라투룸,49316315,매매,05,경상북도 문경시 흥덕동,문경시,흥덕동,10500,0,10500,79.01,23.9,5,즉시입주 가능 도시가스 부분리모델링 되어 깨끗함,https://www.zigbang.com/home/apt/items/49316315
2026-06-17 08:52:45,빌라투룸,49169175,월세,04,경상북도 영주시 휴천동,영주시,휴천동,500,58,0,56.2,17.0,3,대영중 인근 좋은 정투룸,https://www.zigbang.com/home/apt/items/49169175
2026-06-17 08:52:45,빌라투룸,49056961,월세,04,경상북도 영주시 휴천동,영주시,휴천동,500,57,0,28.06,8.49,3,대영고인근 준신축급 남향 투룸입니다,https://www.zigbang.com/home/apt/items/49056961
2026-06-17 08:52:46,빌라투룸,49266421,월세,04,경상북도 영주시 가흥동,영주시,가흥동,500,53,0,49.59,15.0,2,"제일고인근 화장실2개, 답답하지 않은 신축급 투룸입니다.",https://www.zigbang.com/home/apt/items/49266421
2026-06-17 08:52:46,빌라투룸,49057678,월세,04,경상북도 영주시 영주동,영주시,영주동,1000,53,0,50,15.12,2,시내 인근 정투룸 입니다.,https://www.zigbang.com/home/apt/items/49057678
2026-06-17 08:53:29,빌라투룸,49197846,월세,04,강원도 강릉시 옥계면 현내리,강릉시,옥계면,200,45,0,33.06,10.0,4,강릉시 옥계면 면사무소 앞 넓은 미투형식 투룸,https://www.zigbang.com/home/apt/items/49197846
2026-06-17 08:53:29,빌라투룸,49197843,월세,04,강원도 강릉시 옥계면 현내리,강릉시,옥계면,300,45,0,51.12,15.46,3,강릉시 옥계면에 위치한 깔끔한 투룸.,https://www.zigbang.com/home/apt/items/49197843
2026-06-17 08:53:32,빌라투룸,49262269,월세,04,강원도 강릉시 교동,강릉시,교동,500,65,0,65,19.66,2,풀옵션  투룸  주차장넓음   엘베있음 관리최상  즉시,https://www.zigbang.com/home/apt/items/49262269
2026-06-17 08:53:32,빌라투룸,49262212,월세,04,강원도 강릉시 교동,강릉시,교동,500,53,0,52.89,16.0,1,도배새로함   도시가스   넓은 1.5룸  주차시설  즉시,https://www.zigbang.com/home/apt/items/49262212
2026-06-17 08:53:32,빌라투룸,49262113,월세,04,강원도 강릉시 교동,강릉시,교동,500,60,0,60.5,18.3,2,풀옵션 투룸   도시가스  베란더있음  주차시설,https://www.zigbang.com/home/apt/items/49262113
2026-06-17 08:53:32,빌라투룸,49145884,월세,04,강원도 강릉시 지변동,강릉시,지변동,300,60,0,56.2,17.0,3,방2 욕실2 풀옵션  도시가스  엘베 주차시설  단기도가능,https://www.zigbang.com/home/apt/items/49145884
2026-06-17 08:53:32,빌라투룸,49359618,월세,04,강원도 강릉시 내곡동,강릉시,내곡동,500,60,0,55.98,16.93,반지하,내곡동 관대 투룸 월세 임대입니다,https://www.zigbang.com/home/apt/items/49359618
2026-06-17 08:53:32,빌라투룸,49347453,월세,04,강원도 강릉시 내곡동,강릉시,내곡동,300,70,0,29.3,8.86,3,관동대후문 투룸 월세 임대입니다,https://www.zigbang.com/home/apt/items/49347453
2026-06-17 08:54:17,빌라투룸,49128983,전세,04,강원도 속초시 청호동,속초시,청호동,8000,0,0,60,18.15,2,즉시입주가능 투룸,https://www.zigbang.com/home/apt/items/49128983
2026-06-17 08:54:17,빌라투룸,49089619,전세,04,강원도 속초시 영랑동,속초시,영랑동,7000,0,0,50,15.12,5,즉시입주가능합니다,https://www.zigbang.com/home/apt/items/49089619
2026-06-17 08:54:17,빌라투룸,49380614,월세,04,강원도 속초시 교동,속초시,교동,500,70,0,50,15.12,3,방2개 거실1개 넓은구조 옵션완비,https://www.zigbang.com/home/apt/items/49380614
2026-06-17 08:54:17,빌라투룸,49350674,월세,04,강원도 속초시 교동,속초시,교동,500,58,0,49.59,15.0,2,경찰서 뒤 인기좋은 투룸,https://www.zigbang.com/home/apt/items/49350674
2026-06-17 08:54:17,빌라투룸,49233116,월세,04,강원도 속초시 교동,속초시,교동,500,50,0,50,15.12,3,상가주택 투룸 에어컨 붙박이옵션 관리비x,https://www.zigbang.com/home/apt/items/49233116
2026-06-17 08:54:17,빌라투룸,49053799,월세,04,강원도 속초시 교동,속초시,교동,1000,55,0,50,15.12,3,투룸 풀옵션 즉시입주,https://www.zigbang.com/home/apt/items/49053799
2026-06-17 08:54:17,빌라투룸,49053779,매매,05,강원도 속초시 노학동,속초시,노학동,37000,0,37000,96,29.04,2,온천수가 나오는 테르바움 급급매,https://www.zigbang.com/home/apt/items/49053779
2026-06-17 08:55:22,빌라투룸,49382968,월세,04,울산시 동구 전하동,동구,전하동,300,51,0,57,17.24,3,V우수V 남향집 주차장넓음,https://www.zigbang.com/home/apt/items/49382968
2026-06-17 08:55:22,빌라투룸,49318429,월세,04,울산시 동구 전하동,동구,전하동,300,51,0,56.2,17.0,3,V우수V 방2 화장실2,https://www.zigbang.com/home/apt/items/49318429
2026-06-17 08:55:22,빌라투룸,49314352,월세,04,울산시 동구 전하동,동구,전하동,500,56,0,57,17.24,3,ꯁꯁ 동부경찰서부근 BEST컨디션 귀한매물 방2 거실겸주방,https://www.zigbang.com/home/apt/items/49314352
2026-06-17 08:55:22,빌라투룸,49262233,월세,04,울산시 동구 전하동,동구,전하동,300,51,0,56.2,17.0,4,방2주방 채광좋은집,https://www.zigbang.com/home/apt/items/49262233
2026-06-17 08:55:22,빌라투룸,49177710,월세,04,울산시 동구 전하동,동구,전하동,3700,16,0,52.89,16.0,2,귀한매물 방2 미쓰 현중출퇴근굿 조용한동네,https://www.zigbang.com/home/apt/items/49177710
2026-06-17 08:55:22,빌라투룸,49277255,월세,04,울산시 북구 염포동,북구,염포동,300,56,0,56.19,17.0,3,ㄴ귀한매물 방2거실 실사진 풀옵 현차출퇴근좋아요 서두르세요,https://www.zigbang.com/home/apt/items/49277255
2026-06-17 08:55:22,빌라투룸,49271201,월세,04,울산시 북구 염포동,북구,염포동,300,55,0,60,18.15,3,거실1방2 풀옵션,https://www.zigbang.com/home/apt/items/49271201
2026-06-17 08:55:22,빌라투룸,49256941,월세,04,울산시 북구 염포동,북구,염포동,300,56,0,50,15.12,3,방2 거실 풀옵션 신축급,https://www.zigbang.com/home/apt/items/49256941
2026-06-17 08:55:22,빌라투룸,49250383,월세,04,울산시 북구 염포동,북구,염포동,300,56,0,56,16.94,3,풀옵 염포동귀한 매물 큰방2  큰거실겸주방1  베란다집깨끗,https://www.zigbang.com/home/apt/items/49250383
2026-06-17 08:55:31,빌라투룸,49386867,월세,04,경상북도 포항시 북구 장성동,포항시 북구,장성동,500,46,0,56.2,17.0,3,신축 투룸으로 내부 컨디션이 매우 우수합니다.,https://www.zigbang.com/home/apt/items/49386867
2026-06-17 08:55:31,빌라투룸,49384761,월세,04,경상북도 포항시 북구 장성동,포항시 북구,장성동,4000,51,0,85,25.71,4,엘베있는 남향 주인세대,https://www.zigbang.com/home/apt/items/49384761
2026-06-17 08:55:31,빌라투룸,49363512,전세,04,경상북도 포항시 북구 양덕동,포항시 북구,양덕동,5000,0,0,62.81,19.0,3,투룸ㅡ풀옵션ㅡ하나로마트,https://www.zigbang.com/home/apt/items/49363512
2026-06-17 08:55:31,빌라투룸,49244591,월세,04,경상북도 포항시 북구 양덕동,포항시 북구,양덕동,5000,31,0,59.5,18.0,2,에어컨2대 풀옵션 정투룸,https://www.zigbang.com/home/apt/items/49244591
2026-06-17 08:55:31,빌라투룸,49227727,월세,04,경상북도 포항시 북구 장성동,포항시 북구,장성동,500,41,0,50,15.12,2,상가주택 풀옵션 정투룸,https://www.zigbang.com/home/apt/items/49227727
2026-06-17 08:55:31,빌라투룸,49148573,월세,04,경상북도 포항시 북구 장성동,포항시 북구,장성동,300,40,0,50,15.12,2,맥도날드뒤 최저가 정투룸,https://www.zigbang.com/home/apt/items/49148573
2026-06-17 08:55:31,빌라투룸,49106460,월세,04,경상북도 포항시 북구 양덕동,포항시 북구,양덕동,5000,40,0,49.59,15.0,2,양덕 하나로마트 길건너 정투룸 반전세,https://www.zigbang.com/home/apt/items/49106460
2026-06-17 08:55:31,빌라투룸,49089445,월세,05,경상북도 포항시 북구 양덕동,포항시 북구,양덕동,3000,51,0,95.87,29.0,2,양덕초 인근 테라스가 있는 상가주택 주인세대,https://www.zigbang.com/home/apt/items/49089445
2026-06-17 08:57:13,오피스텔,49176441,매매,01,제주도 서귀포시 중문동,서귀포시,중문동,3800,0,3800,40.93,12.38,4,테라스 있음. 풀옵션. 침대 시스템 에어컨 드럼세탁기 냉장,https://www.zigbang.com/home/apt/items/49176441
2026-06-17 08:57:13,오피스텔,49365430,월세,02,제주도 서귀포시 중문동,서귀포시,중문동,200,40,0,47.82,14.47,3,분리형 1.5룸 방 거실 넓음. 동향 확트인 경관. 침대,https://www.zigbang.com/home/apt/items/49365430
2026-06-17 08:57:13,오피스텔,49334992,월세,02,제주도 서귀포시 중문동,서귀포시,중문동,200,45,0,49.6,15.0,4,남향 바다경관 최상. 분리형 1.5룸. 침대 소파 풀옵션,https://www.zigbang.com/home/apt/items/49334992
2026-06-17 08:57:13,오피스텔,49302658,월세,01,제주도 서귀포시 중문동,서귀포시,중문동,200,33,0,37.59,11.37,4,단기가능.중문관광단지 인근 풀옵션 원룸,https://www.zigbang.com/home/apt/items/49302658
2026-06-17 08:57:13,오피스텔,49329302,월세,01,제주도 서귀포시 중문동,서귀포시,중문동,200,35,0,41.69,12.61,8,맨윗층. 테라스 있음. 동향 확트인 경관. 풀옵션. 침대,https://www.zigbang.com/home/apt/items/49329302
2026-06-17 08:57:13,오피스텔,49206354,월세,02,제주도 서귀포시 중문동,서귀포시,중문동,200,39,0,49.6,15.0,저,단기가능.풀옵션 1.5룸,https://www.zigbang.com/home/apt/items/49206354
2026-06-17 08:57:13,오피스텔,49107654,월세,01,제주도 서귀포시 중문동,서귀포시,중문동,200,35,0,37.5,11.34,6,테라스 있음. 확트인 한라산 경관. 자주식 주차. 클린하우,https://www.zigbang.com/home/apt/items/49107654
2026-06-17 08:57:13,오피스텔,49062741,월세,01,제주도 서귀포시 서귀동,서귀포시,서귀동,200,42,0,29.75,9.0,4,신축 건물  JS라메르 2차,https://www.zigbang.com/home/apt/items/49062741
2026-06-17 08:57:13,오피스텔,48978847,월세,01,제주도 서귀포시 서귀동,서귀포시,서귀동,200,40,0,24,7.26,3,더그레이튼 중앙로터리부근 오피스텔,https://www.zigbang.com/home/apt/items/48978847
2026-06-17 08:57:13,오피스텔,49294959,월세,01,제주도 서귀포시 서귀동,서귀포시,서귀동,300,50,0,29.75,9.0,8,중앙로터리 신축 남향,https://www.zigbang.com/home/apt/items/49294959
2026-06-17 08:57:13,오피스텔,49239015,월세,01,제주도 서귀포시 서귀동,서귀포시,서귀동,200,50,0,26,7.86,7,신축 오피스텔  위치 최고  전입가능,https://www.zigbang.com/home/apt/items/49239015
2026-06-17 08:57:13,오피스텔,49239000,월세,01,제주도 서귀포시 서귀동,서귀포시,서귀동,200,40,0,24,7.26,중,올레시장 근처 신축 오피스텔,https://www.zigbang.com/home/apt/items/49239000
2026-06-17 08:57:13,오피스텔,49254848,월세,01,제주도 서귀포시 강정동,서귀포시,강정동,200,38,0,25,7.56,중,"단기가능,전입가능. 서귀포 이마트 인근 풀옵션 남향 원룸",https://www.zigbang.com/home/apt/items/49254848
2026-06-17 08:57:13,오피스텔,49206909,월세,01,제주도 서귀포시 강정동,서귀포시,강정동,200,38,0,35,10.59,7,서귀포 제2청사 인근 풀옵션 원룸,https://www.zigbang.com/home/apt/items/49206909
2026-06-17 08:57:13,오피스텔,49254843,월세,01,제주도 서귀포시 강정동,서귀포시,강정동,200,33,0,21,6.35,3,"전입가능,단기가능. 서귀포 이마트 인근 풀옵션 원룸",https://www.zigbang.com/home/apt/items/49254843
2026-06-17 08:57:13,오피스텔,49372442,월세,01,제주도 서귀포시 강정동,서귀포시,강정동,200,38,0,29,8.77,8,베란다 있는 깨끗한 원룸,https://www.zigbang.com/home/apt/items/49372442
2026-06-17 08:57:13,오피스텔,49287273,월세,01,제주도 서귀포시 법환동,서귀포시,법환동,200,50,0,24.84,7.51,9,신시가지 중심지 풀옵션 오션뷰 오피스텔.,https://www.zigbang.com/home/apt/items/49287273
2026-06-17 08:57:13,오피스텔,49327259,월세,01,제주도 서귀포시 법환동,서귀포시,법환동,200,35,0,38.25,11.57,6,신시가지 중심지 오피스텔,https://www.zigbang.com/home/apt/items/49327259
2026-06-17 08:57:13,오피스텔,49294938,월세,01,제주도 서귀포시 법환동,서귀포시,법환동,200,40,0,36.36,11.0,10,너무 큰 원룸  위치는 이마트앞  3개월 가능,https://www.zigbang.com/home/apt/items/49294938
2026-06-17 08:57:13,오피스텔,48952767,매매,01,제주도 서귀포시 법환동,서귀포시,법환동,4500,0,4500,38.25,11.57,5,신시가지 중심지 풀옵션  오피스텔.,https://www.zigbang.com/home/apt/items/48952767
2026-06-17 08:57:13,오피스텔,49380154,월세,04,제주도 서귀포시 강정동,서귀포시,강정동,50,100,0,99.1,29.98,6,"넓은투룸, 풀옵션 ,신시가지 삼다오피스텔",https://www.zigbang.com/home/apt/items/49380154
2026-06-17 08:57:13,오피스텔,49372538,월세,01,제주도 서귀포시 법환동,서귀포시,법환동,200,30,0,29.75,9.0,2,깨끗하고 저렴한 원,https://www.zigbang.com/home/apt/items/49372538
2026-06-17 08:57:13,오피스텔,49076227,월세,01,제주도 서귀포시 강정동,서귀포시,강정동,200,33,0,33.06,10.0,고,루스트 건물 풀옵션 원룸,https://www.zigbang.com/home/apt/items/49076227
2026-06-17 08:57:13,오피스텔,49238997,월세,01,제주도 서귀포시 법환동,서귀포시,법환동,200,38,0,29.75,9.0,3,단기 3개월 가능,https://www.zigbang.com/home/apt/items/49238997
2026-06-17 08:57:18,오피스텔,49305509,월세,04,제주도 제주시 외도일동,제주시,외도일동,1000,87,0,73.13,22.12,9,외도일동 최상의 위치 깔끔하고 넓은 풀옵션급 투룸 년세,https://www.zigbang.com/home/apt/items/49305509
2026-06-17 08:57:18,오피스텔,49344742,월세,02,제주도 제주시 도두일동,제주시,도두일동,200,50,0,54,16.33,5,도두천마에코피아 분리형 원룸 월세,https://www.zigbang.com/home/apt/items/49344742
2026-06-17 08:57:18,오피스텔,49377783,월세,01,제주도 제주시 도두일동,제주시,도두일동,200,63,0,35,10.59,10,도두 코앞 바다뷰 원룸,https://www.zigbang.com/home/apt/items/49377783
2026-06-17 08:57:18,오피스텔,49096952,월세,02,제주도 제주시 도두일동,제주시,도두일동,300,60,0,55.42,16.76,2,도두 천마오피스텔 분리형원룸,https://www.zigbang.com/home/apt/items/49096952
2026-06-17 08:57:32,오피스텔,48647905,월세,02,제주도 제주시 조천읍 신촌리,제주시,조천읍,100,75,0,62.25,18.83,3,조천읍 신촌리 신축 첫입주 풀옵션급 거실넓은 1.5룸 년세,https://www.zigbang.com/home/apt/items/48647905
2026-06-17 08:57:32,오피스텔,48529910,월세,01,제주도 제주시 조천읍 신촌리,제주시,조천읍,100,66,0,41.97,12.7,3,조천읍 신촌리 신축 막힘없는 풀옵션급 평수 넓은 원룸 년세,https://www.zigbang.com/home/apt/items/48529910
2026-06-17 09:02:17,오피스텔,49243006,월세,04,전라남도 나주시 빛가람동,나주시,빛가람동,3000,55,0,95.87,29.0,12,빛가람동 중흥메가티움 2차 2룸임대,https://www.zigbang.com/home/apt/items/49243006
2026-06-17 09:02:17,오피스텔,49315485,월세,02,전라남도 나주시 빛가람동,나주시,빛가람동,6000,30,0,70.7,21.39,고,빛가람동 토담휴로스1차 분리형원룸 임대,https://www.zigbang.com/home/apt/items/49315485
2026-06-17 09:02:17,오피스텔,49140781,월세,04,전라남도 나주시 빛가람동,나주시,빛가람동,1000,75,0,95.87,29.0,12,빛가람동 중흥메가티움 2룸 임대,https://www.zigbang.com/home/apt/items/49140781
2026-06-17 09:02:18,오피스텔,49170031,전세,01,광주시 광산구 송정동,광산구,송정동,4700,0,0,34.3,10.38,고,송정공원역 코앞  도시형생활주택 월세,https://www.zigbang.com/home/apt/items/49170031
2026-06-17 09:02:18,오피스텔,49374284,월세,01,광주시 광산구 송정동,광산구,송정동,100,36,0,39.68,12.0,중,풀옵션 도시형생활주택 월세,https://www.zigbang.com/home/apt/items/49374284
2026-06-17 09:02:18,오피스텔,49261744,월세,04,광주시 광산구 송정동,광산구,송정동,500,60,0,79.33,24.0,고,도시형생활주택 월세,https://www.zigbang.com/home/apt/items/49261744
2026-06-17 09:02:18,오피스텔,49196664,월세,01,광주시 광산구 송정동,광산구,송정동,300,40,0,29.6,8.95,5,KORㅇ송정공원역5분ㅇ화이트톤ㅇ넉넉한수납공간ㅇ,https://www.zigbang.com/home/apt/items/49196664
2026-06-17 09:02:18,오피스텔,49393710,월세,01,광주시 광산구 송정동,광산구,송정동,300,36,0,38.97,11.79,저,풀옵션 오피스텔 월세,https://www.zigbang.com/home/apt/items/49393710
2026-06-17 09:02:28,오피스텔,49169003,월세,01,전라남도 여수시 웅천동,여수시,웅천동,200,48,0,49.84,15.08,4,빌트인 가전 풀옵션 레지던스. 즉시입주,https://www.zigbang.com/home/apt/items/49169003
2026-06-17 09:02:28,오피스텔,49168964,월세,01,전라남도 여수시 웅천동,여수시,웅천동,200,40,0,49.84,15.08,2,시세대비 저렴한 2층세대,https://www.zigbang.com/home/apt/items/49168964
2026-06-17 09:02:28,오피스텔,49396791,월세,01,전라남도 여수시 웅천동,여수시,웅천동,500,45,0,72.74,22.0,중,답답함 없는 시티뷰 티비 및 빌트인가전 풀옵션세대.,https://www.zigbang.com/home/apt/items/49396791
2026-06-17 09:02:31,오피스텔,49052553,월세,01,전라남도 순천시 남정동,순천시,남정동,100,25,0,33.06,10.0,5,남정지역최대규모오피스텔 즉시입주가능11평형 200만월35만,https://www.zigbang.com/home/apt/items/49052553
2026-06-17 09:02:31,오피스텔,49157210,월세,01,전라남도 순천시 조곡동,순천시,조곡동,300,35,0,38,11.49,6,"순천역 부근 오피스텔 임대 , 풀옵션",https://www.zigbang.com/home/apt/items/49157210
2026-06-17 09:02:31,오피스텔,49244307,월세,01,전라남도 순천시 풍덕동,순천시,풍덕동,300,38,0,36.36,11.0,중,순천시 풍덕동 홈플러스 부근 풀옵션 오피스텔 임대,https://www.zigbang.com/home/apt/items/49244307
2026-06-17 09:02:33,오피스텔,49279828,월세,01,전라남도 광양시 마동,광양시,마동,500,45,0,36.45,11.03,8,신축 오피스텔 남향 이순신 대교 뷰 로열층 매물 추천해요,https://www.zigbang.com/home/apt/items/49279828
2026-06-17 09:02:33,오피스텔,49279870,월세,01,전라남도 광양시 마동,광양시,마동,300,47,0,36.45,11.03,8,정남향 로열층 뷰 좋은 인기 8층 매물 풀옵션 인기 매물,https://www.zigbang.com/home/apt/items/49279870
2026-06-17 09:02:34,오피스텔,49282478,월세,01,전라남도 광양시 마동,광양시,마동,300,42,0,36.45,11.03,4,"스마트시티 2차 A 타입 귀한 매물, 빠른 입주 가능해요.",https://www.zigbang.com/home/apt/items/49282478
2026-06-17 09:03:15,오피스텔,49372256,월세,03,경상남도 진주시 가좌동,진주시,가좌동,500,55,0,33.06,10.0,고,"전입신고 가능 금방 나갑니다 풀옵션TV,침대 오피스텔",https://www.zigbang.com/home/apt/items/49372256
2026-06-17 09:03:15,오피스텔,49230366,월세,01,경상남도 진주시 가좌동,진주시,가좌동,500,55,0,66.31,20.06,중,ㅁ실매물ㅁ 신축 풀옵션 최고의 조건 오피스텔,https://www.zigbang.com/home/apt/items/49230366
2026-06-17 09:03:15,오피스텔,49251095,월세,01,경상남도 진주시 가좌동,진주시,가좌동,500,45,0,49.59,15.0,중,ㅁ경상대 바로 앞 풀옵션 오피스텔 금방 나갑니다ㅁ,https://www.zigbang.com/home/apt/items/49251095
2026-06-17 09:03:15,오피스텔,49150496,월세,01,경상남도 진주시 가좌동,진주시,가좌동,500,50,0,66.31,20.06,4,ㅡ줌테라스ㅡ올전세도 가능,https://www.zigbang.com/home/apt/items/49150496
2026-06-17 09:03:15,오피스텔,49363962,월세,01,경상남도 진주시 가좌동,진주시,가좌동,500,55,0,52,15.73,5,신진주 역세권 더 퍼스트웰가 시티 오피스텔 원룸형,https://www.zigbang.com/home/apt/items/49363962
2026-06-17 09:03:15,오피스텔,49230348,월세,01,경상남도 진주시 가좌동,진주시,가좌동,500,50,0,50,15.12,고,ㅁ대학생 강력추천ㅁ경상대 바로 앞 오피스텔 금방 나갑니다,https://www.zigbang.com/home/apt/items/49230348
2026-06-17 09:03:15,오피스텔,49230466,월세,04,경상남도 진주시 가좌동,진주시,가좌동,1000,85,0,101.83,30.8,중,ㅁㅁ복층 테라스 투룸ㅁㅁ인기최강 풀풀옵션 오피스텔,https://www.zigbang.com/home/apt/items/49230466
2026-06-17 09:03:15,오피스텔,49363970,월세,01,경상남도 진주시 가좌동,진주시,가좌동,500,50,0,33.06,10.0,저,신진주 역세권 줌시티 오피스텔 원룸형,https://www.zigbang.com/home/apt/items/49363970
2026-06-17 09:03:15,오피스텔,49373078,월세,03,경상남도 진주시 가좌동,진주시,가좌동,500,55,0,55.11,16.67,중,신진주 역세권 줌테라스 복층 단기가능,https://www.zigbang.com/home/apt/items/49373078
2026-06-17 09:03:15,오피스텔,49326415,월세,03,경상남도 진주시 가좌동,진주시,가좌동,500,55,0,48.43,14.65,10,㉧ㅡ서빈No.1구해줘홈즈ㅡ㉧추천BEST꿀방,https://www.zigbang.com/home/apt/items/49326415
2026-06-17 09:03:15,오피스텔,49304401,월세,03,경상남도 진주시 가좌동,진주시,가좌동,500,55,0,27.63,8.36,5,가좌동 역세권 신축 복층 오피스텔,https://www.zigbang.com/home/apt/items/49304401
2026-06-17 09:03:15,오피스텔,49137513,월세,01,경상남도 진주시 정촌면 예하리,진주시,정촌면,300,43,0,61.71,18.67,5,㉧ㅡ서빈No.1구해줘홈즈ㅡ㉧추천BEST꿀방,https://www.zigbang.com/home/apt/items/49137513
2026-06-17 09:03:16,오피스텔,49369522,월세,01,경상남도 통영시 무전동,통영시,무전동,300,32,0,36.75,11.12,저,집컨디션 너무 좋아요1인거주 오피스텔 구하시는분 추천드려요,https://www.zigbang.com/home/apt/items/49369522
2026-06-17 09:03:27,오피스텔,49333242,월세,04,경상남도 거제시 옥포동,거제시,옥포동,300,50,0,87.54,26.48,고,에이원 오피스텔 큰 정투룸 풀집기 몸만오세요,https://www.zigbang.com/home/apt/items/49333242
2026-06-17 09:03:27,오피스텔,49301770,월세,04,경상남도 거제시 옥포동,거제시,옥포동,300,38,0,79.34,24.0,저,중앙시장부근 대교2차오피스텔 방2개 거실  확트인 전망,https://www.zigbang.com/home/apt/items/49301770
2026-06-17 09:03:27,오피스텔,49272595,월세,04,경상남도 거제시 옥포동,거제시,옥포동,500,55,0,85.95,26.0,중,신축같은 오피스텔  신화더블루 방2 거실 주방  최고급옵션,https://www.zigbang.com/home/apt/items/49272595
2026-06-17 09:03:27,오피스텔,49393144,월세,02,경상남도 거제시 옥포동,거제시,옥포동,300,43,0,66.52,20.12,중,까멜리아오피스텔 큰방1 거실 주방 렌탈풀집기 아주깨끗해요,https://www.zigbang.com/home/apt/items/49393144
2026-06-17 09:03:27,오피스텔,49076479,월세,04,경상남도 거제시 옥포동,거제시,옥포동,500,55,0,87.42,26.44,중,신화더블루 오피스텔 풀집기 방2 거실 몸만오세요,https://www.zigbang.com/home/apt/items/49076479
2026-06-17 09:03:27,오피스텔,49387064,월세,04,경상남도 거제시 옥포동,거제시,옥포동,300,38,0,80.17,24.25,중,대교2차오피스텔 도시가스 풀집기 방2 거실 투룸,https://www.zigbang.com/home/apt/items/49387064
2026-06-17 09:03:27,오피스텔,49316802,월세,05,경상남도 거제시 옥포동,거제시,옥포동,500,60,0,118.58,35.87,중,보광센츄어리3차 오피스텔 방3 욕실2 쓰리룸,https://www.zigbang.com/home/apt/items/49316802
2026-06-17 09:03:27,오피스텔,49320069,월세,04,경상남도 거제시 옥포동,거제시,옥포동,300,53,0,87,26.32,고,옥포중심상업지 고급 렌탈풀집기 에이원오피스텔 넓은거실 방2,https://www.zigbang.com/home/apt/items/49320069
2026-06-17 09:03:29,오피스텔,49342350,월세,02,경상남도 창원시 진해구 용원동,창원시 진해구,용원동,500,60,0,87.62,26.5,고,"인기 있는 A형, 바다전망뷰  대단지  오피스텔",https://www.zigbang.com/home/apt/items/49342350
2026-06-17 09:03:29,오피스텔,49289752,월세,04,경상남도 창원시 진해구 용원동,창원시 진해구,용원동,500,50,0,87.12,26.35,고,시세보다 저렴한 월세를 자랑하는 대단지 신축오피스텔,https://www.zigbang.com/home/apt/items/49289752
2026-06-17 09:03:29,오피스텔,49342329,월세,04,경상남도 창원시 진해구 용원동,창원시 진해구,용원동,500,55,0,88.31,26.71,중,탁 트인 전망과 바다뷰도 볼 수 있는  대단지  오피스텔,https://www.zigbang.com/home/apt/items/49342329
2026-06-17 09:03:29,오피스텔,49289694,전세,04,경상남도 창원시 진해구 용원동,창원시 진해구,용원동,11000,0,0,87.12,26.35,12,인기 있는 A형에 어시장뷰 귀한 전세 대규모오피스텔,https://www.zigbang.com/home/apt/items/49289694
2026-06-17 09:03:30,오피스텔,49228482,월세,01,부산시 강서구 신호동,강서구,신호동,300,30,0,46.01,13.92,중,"전입가능,명지오피스텔,청년,중소기업",https://www.zigbang.com/home/apt/items/49228482
2026-06-17 09:03:30,오피스텔,49225238,월세,01,부산시 강서구 신호동,강서구,신호동,300,30,0,45.06,13.63,3,"신호동 유일한 오피스텔,바로입주가능,엘베",https://www.zigbang.com/home/apt/items/49225238
2026-06-17 09:03:30,오피스텔,49058330,전세,01,부산시 강서구 송정동,강서구,송정동,9000,0,0,57.86,17.5,고,급전세 넓고 깔끔한 오피스텔,https://www.zigbang.com/home/apt/items/49058330
2026-06-17 09:03:30,오피스텔,49310440,월세,01,부산시 강서구 송정동,강서구,송정동,300,35,0,46.17,13.97,고,급월세 넓고 깔끔한 원룸,https://www.zigbang.com/home/apt/items/49310440
2026-06-17 09:03:30,오피스텔,49362643,월세,01,부산시 강서구 송정동,강서구,송정동,500,45,0,50.5,15.28,3,ꯁ송정동 신축 테라스 오피스텔l풀옵션 즉시 입주 가능ꯁ,https://www.zigbang.com/home/apt/items/49362643
2026-06-17 09:03:30,오피스텔,49263238,월세,01,부산시 강서구 송정동,강서구,송정동,300,35,0,43.22,13.07,고,급월세  넓고 깔금한 원룸 오피스텔,https://www.zigbang.com/home/apt/items/49263238
2026-06-17 09:03:30,오피스텔,49150156,전세,01,부산시 강서구 송정동,강서구,송정동,9500,0,0,59,17.85,17,보증보험가입가능 전세자금대출가능,https://www.zigbang.com/home/apt/items/49150156
2026-06-17 09:03:30,오피스텔,49274680,전세,01,부산시 강서구 송정동,강서구,송정동,7000,0,0,45.59,13.79,12,"전세대출가능,보증보험가능,6월말 입주가능",https://www.zigbang.com/home/apt/items/49274680
2026-06-17 09:03:30,오피스텔,49274740,월세,01,부산시 강서구 송정동,강서구,송정동,2000,30,0,44.33,13.41,중,"전입가능,보증금 월세 조절가능,빠른입주가능",https://www.zigbang.com/home/apt/items/49274740
2026-06-17 09:03:30,오피스텔,49263231,월세,01,부산시 강서구 송정동,강서구,송정동,500,38,0,48.61,14.7,고,급월세  넓고 깔끔한 오피스텔,https://www.zigbang.com/home/apt/items/49263231
2026-06-17 09:03:30,오피스텔,49321337,월세,01,부산시 강서구 신호동,강서구,신호동,300,30,0,51.22,15.49,중,급월세 일조권 좋고 트임 좋은 집,https://www.zigbang.com/home/apt/items/49321337
2026-06-17 09:03:30,오피스텔,49350679,전세,01,부산시 강서구 송정동,강서구,송정동,6500,0,0,46.17,13.97,고,급전세 일조권 좋고 트임 좋은 오피스텔 원룸,https://www.zigbang.com/home/apt/items/49350679
2026-06-17 09:03:30,오피스텔,49115404,월세,01,부산시 강서구 송정동,강서구,송정동,500,45,0,57.86,17.5,고,급월세  넓고 트임좋은 오피스텔 베란다있는 넓은집,https://www.zigbang.com/home/apt/items/49115404
2026-06-17 09:03:30,오피스텔,49314829,월세,01,부산시 사하구 하단동,사하구,하단동,3000,28,0,29.95,9.06,고,경비실 입주민헬스장 고급,https://www.zigbang.com/home/apt/items/49314829
2026-06-17 09:03:30,오피스텔,49380713,월세,01,부산시 사하구 하단동,사하구,하단동,500,38,0,31.72,9.6,5,통학꿀위치 정문앞,https://www.zigbang.com/home/apt/items/49380713
2026-06-17 09:03:30,오피스텔,49306571,월세,01,부산시 사하구 하단동,사하구,하단동,500,38,0,28.59,8.65,6,동아대학교 앞 ㅁ 풀 옵션 ㅁ 8월입주,https://www.zigbang.com/home/apt/items/49306571
2026-06-17 09:03:30,오피스텔,49311976,월세,01,부산시 사하구 하단동,사하구,하단동,500,45,0,33.37,10.09,2,린다전속 입주민헬스장O,https://www.zigbang.com/home/apt/items/49311976
2026-06-17 09:03:30,오피스텔,49367775,월세,02,부산시 사하구 하단동,사하구,하단동,2800,34,0,32.16,9.73,7,자취로망 실현 투룸,https://www.zigbang.com/home/apt/items/49367775
2026-06-17 09:03:30,오피스텔,49366516,월세,01,부산시 사하구 당리동,사하구,당리동,500,38,0,27.78,8.4,11,고층 양창 v 채광 조망 좋은 오피스텔,https://www.zigbang.com/home/apt/items/49366516
2026-06-17 09:03:30,오피스텔,49252159,월세,02,부산시 사하구 당리동,사하구,당리동,300,33,0,26.82,8.11,4,I 초역세권 I 경비실있음 I 풀옵션 I,https://www.zigbang.com/home/apt/items/49252159
2026-06-17 09:03:30,오피스텔,49378028,월세,02,부산시 사하구 당리동,사하구,당리동,500,40,0,27.77,8.4,중,당리역1분 l 주방분리 l 넓은 원룸,https://www.zigbang.com/home/apt/items/49378028
2026-06-17 09:03:30,오피스텔,49138520,월세,02,부산시 사하구 당리동,사하구,당리동,300,33,0,26.09,7.89,중,o준신축o풀옵션o당리초역세권o,https://www.zigbang.com/home/apt/items/49138520
2026-06-17 09:03:33,오피스텔,49374294,월세,01,부산시 남구 감만동,남구,감만동,500,35,0,68.14,20.61,10,내부 깨끗한 넓은 오피스텔,https://www.zigbang.com/home/apt/items/49374294
2026-06-17 09:03:36,오피스텔,49132988,월세,01,광주시 광산구 우산동,광산구,우산동,300,35,0,39.66,12.0,11,빌트인옵션 즉시 입주가능,https://www.zigbang.com/home/apt/items/49132988
2026-06-17 09:03:36,오피스텔,49253893,월세,01,광주시 광산구 우산동,광산구,우산동,300,35,0,42.97,13.0,고,42인치 티비 풀옵션 즉시입주가능,https://www.zigbang.com/home/apt/items/49253893
2026-06-17 09:03:36,오피스텔,49354245,전세,01,광주시 광산구 소촌동,광산구,소촌동,6400,0,0,39.66,12.0,고,풀옵션 .LH가능.주차장넓음,https://www.zigbang.com/home/apt/items/49354245
2026-06-17 09:03:36,오피스텔,49354267,월세,01,광주시 광산구 우산동,광산구,우산동,300,35,0,39.66,12.0,5,욕실이 넓음 일조좋음,https://www.zigbang.com/home/apt/items/49354267
2026-06-17 09:03:36,오피스텔,49386005,월세,01,광주시 광산구 우산동,광산구,우산동,200,30,0,44.47,13.45,7,ㅇ광주여대5분ㅇ드림시티ㅇ즉시입주가ㅇ내부넓음,https://www.zigbang.com/home/apt/items/49386005
2026-06-17 09:03:36,오피스텔,49120484,월세,01,광주시 광산구 소촌동,광산구,소촌동,300,38,0,39,11.8,7,KOREAㅇㅇ반려가ㅇ전망좋은집ㅇ정남향ㅇ휘트니스센터,https://www.zigbang.com/home/apt/items/49120484
2026-06-17 09:03:36,오피스텔,49196669,월세,01,광주시 광산구 우산동,광산구,우산동,200,30,0,36.4,11.01,7,단기가능ㅇ광주여대5분ㅇ즉시입주가ㅇ내부넓음,https://www.zigbang.com/home/apt/items/49196669
2026-06-17 09:03:36,오피스텔,49158221,월세,01,광주시 광산구 소촌동,광산구,소촌동,300,41,0,39.67,12.0,13,주차편리ㅇ반려가능ㅇ풀옵션ㅇ휘트니스센터ㅇ,https://www.zigbang.com/home/apt/items/49158221
2026-06-17 09:03:36,오피스텔,49315694,월세,01,광주시 서구 치평동,서구,치평동,2000,35,0,49.58,15.0,중,"전망 좋은 방향,내부완전 깨끗하고, 귀한 반전세 매물",https://www.zigbang.com/home/apt/items/49315694
2026-06-17 09:03:36,오피스텔,49183056,월세,03,광주시 서구 치평동,서구,치평동,500,45,0,71.74,21.7,7,"부분 리모델링, 빌트인, 내부깨끗,이중창,바닥난방",https://www.zigbang.com/home/apt/items/49183056
2026-06-17 09:03:36,오피스텔,49369813,월세,01,광주시 서구 치평동,서구,치평동,500,42,0,49.59,15.0,중,햇살좋은 남향 도배완료 즉시입주가능해요,https://www.zigbang.com/home/apt/items/49369813
2026-06-17 09:03:36,오피스텔,49288691,월세,01,광주시 서구 치평동,서구,치평동,300,47,0,49.59,15.0,고,"고층 뷰의 전망 좋은 집,빠른 입주 가능,전입신고 가능",https://www.zigbang.com/home/apt/items/49288691
2026-06-17 09:03:36,오피스텔,49262252,월세,01,광주시 서구 치평동,서구,치평동,500,43,0,49.59,15.0,중,초저가 가성비  좋고 방크고 업체 청소  깨끗한 오피스텔,https://www.zigbang.com/home/apt/items/49262252
2026-06-17 09:03:36,오피스텔,49183036,월세,03,광주시 서구 치평동,서구,치평동,500,50,0,95.99,29.04,12,"이중창,개별냉난방, 바닥난방,즉시 입주가, 내부깨끗,빌트인",https://www.zigbang.com/home/apt/items/49183036
2026-06-17 09:03:36,오피스텔,49369953,월세,03,광주시 서구 치평동,서구,치평동,300,35,0,52.57,15.9,11,"도배완료,  즉시입주가, 빌트인,   개별냉난방",https://www.zigbang.com/home/apt/items/49369953
2026-06-17 09:03:36,오피스텔,49312717,월세,01,광주시 서구 치평동,서구,치평동,500,45,0,49.59,15.0,중,"예쁜공원조망 도배,입주,에어컨통청소완료 즉시입주가능해요",https://www.zigbang.com/home/apt/items/49312717
2026-06-17 09:03:36,오피스텔,49304025,월세,01,광주시 서구 치평동,서구,치평동,500,45,0,49.58,15.0,고,"전입가능하고,입주청소 완료된 즉시입주 전망좋은 방향",https://www.zigbang.com/home/apt/items/49304025
2026-06-17 09:03:36,오피스텔,49265289,월세,01,광주시 서구 치평동,서구,치평동,500,45,0,49.59,15.0,중,조망좋은 꼐끗한집 전입가능 즉시입주가능해요,https://www.zigbang.com/home/apt/items/49265289
2026-06-17 09:03:36,오피스텔,49369651,월세,03,광주시 서구 치평동,서구,치평동,300,38,0,52.57,15.9,9,"바닥 난방, 개별냉난방, 빌트인,즉시입주 가능,이중창",https://www.zigbang.com/home/apt/items/49369651
2026-06-17 09:03:36,오피스텔,49146989,월세,02,광주시 광산구 월계동,광산구,월계동,500,58,0,44.75,13.54,고,거실1 방1 즉시입주,https://www.zigbang.com/home/apt/items/49146989
2026-06-17 09:03:36,오피스텔,49394459,월세,01,광주시 광산구 월계동,광산구,월계동,500,47,0,41.1,12.43,7,지구대 바로 건너편 넓고 깨끗한 원룸형,https://www.zigbang.com/home/apt/items/49394459
2026-06-17 09:03:36,오피스텔,49105182,월세,02,광주시 광산구 쌍암동,광산구,쌍암동,1000,60,0,58.22,17.61,19,첨단 아파트형 오피스텔입니다.,https://www.zigbang.com/home/apt/items/49105182
2026-06-17 09:03:36,오피스텔,49309801,월세,02,광주시 광산구 쌍암동,광산구,쌍암동,500,48,0,47.78,14.45,9,첨단 아파트형 오피스텔입니다.,https://www.zigbang.com/home/apt/items/49309801
2026-06-17 09:03:36,오피스텔,49364818,월세,03,광주시 광산구 월계동,광산구,월계동,2000,80,0,53.72,16.25,9,O 트레비엔 D타입 복층 투룸 O 방1 거실1 복층 구조,https://www.zigbang.com/home/apt/items/49364818
2026-06-17 09:03:36,오피스텔,49238027,월세,01,광주시 광산구 쌍암동,광산구,쌍암동,300,38,0,37.74,11.42,4,6월초입주가능 전입신고가능 1000에27가능,https://www.zigbang.com/home/apt/items/49238027
2026-06-17 09:03:36,오피스텔,49073484,월세,01,광주시 광산구 월계동,광산구,월계동,200,40,0,29.91,9.05,고,빠른입주가능한매물도있음 베란다있는  원룸형,https://www.zigbang.com/home/apt/items/49073484
2026-06-17 09:03:36,오피스텔,49340923,월세,03,광주시 광산구 월계동,광산구,월계동,500,60,0,53.72,16.25,고,"해를담은복층형2룸,최저가,가격좋음,구조좋음,입주일체크",https://www.zigbang.com/home/apt/items/49340923
2026-06-17 09:03:36,오피스텔,49385843,월세,02,광주시 광산구 월계동,광산구,월계동,500,54,0,37.69,11.4,5,R 첨단 제이지3차 R 풀옵션 l 신축오피 l 창2,https://www.zigbang.com/home/apt/items/49385843
2026-06-17 09:03:36,오피스텔,49364554,월세,01,광주시 광산구 쌍암동,광산구,쌍암동,1000,36,0,37.74,11.42,고,도휘에드가 부분 리모델링 l 깨끗한 방 l,https://www.zigbang.com/home/apt/items/49364554
2026-06-17 09:03:36,오피스텔,49176159,전세,02,광주시 광산구 쌍암동,광산구,쌍암동,9600,0,0,47.78,14.45,17,첨단 아파트형 오피스텔입니다.,https://www.zigbang.com/home/apt/items/49176159
2026-06-17 09:03:36,오피스텔,49238358,월세,01,광주시 광산구 쌍암동,광산구,쌍암동,500,40,0,40.16,12.15,중,SJ 서진부동산 믿을 수 있는 즉시입주가능  전입가능,https://www.zigbang.com/home/apt/items/49238358
2026-06-17 09:03:49,오피스텔,49369320,월세,02,전라북도 전주시 완산구 효자동2가,전주시 완산구,효자동2가,2000,60,0,46.04,13.93,고,v신축오피스텔v상권최상v건조기까지완전풀옵션v귀한매물v,https://www.zigbang.com/home/apt/items/49369320
2026-06-17 09:03:49,오피스텔,49319512,월세,03,전라북도 전주시 덕진구 금암동,전주시 덕진구,금암동,500,35,0,55.97,16.93,중,초대형오피스텔ㅇ전북대부근ㅇ가성비좋은ㅇ오피스텔ㅇ마감임박ㅇ인기,https://www.zigbang.com/home/apt/items/49319512
2026-06-17 09:03:49,오피스텔,49183018,월세,03,전라북도 전주시 덕진구 금암동,전주시 덕진구,금암동,500,35,0,50,15.12,중,㉧원룸 복층㉧ 엘베㉧ 저렴한 오피스텔㉧ 붙박이장,https://www.zigbang.com/home/apt/items/49183018
2026-06-17 09:03:50,오피스텔,49275417,월세,01,전라북도 전주시 완산구 서노송동,전주시 완산구,서노송동,300,55,0,22.6,6.84,저,중간크기v오피스텔v전망좋음v위치최상v탁트인뷰v최상의컨디션v,https://www.zigbang.com/home/apt/items/49275417
2026-06-17 09:04:05,오피스텔,49216134,월세,01,전라북도 군산시 나운동,군산시,나운동,500,30,0,91.23,27.6,10,"남동향의 전망이 너무 아름다운 오피스텔, 사무실로 적합",https://www.zigbang.com/home/apt/items/49216134
2026-06-17 09:04:05,오피스텔,49130549,월세,01,전라북도 군산시 나운동,군산시,나운동,200,25,0,51.18,15.48,12,"오피스텔 월세25만원, 전망이 아름다움",https://www.zigbang.com/home/apt/items/49130549
2026-06-17 09:04:05,오피스텔,49154893,월세,01,전라북도 군산시 나운동,군산시,나운동,200,25,0,62.84,19.01,14,오피스텔 9평형 25만원으로 바닥난방및 냉난방기등 풀옵션,https://www.zigbang.com/home/apt/items/49154893
2026-06-17 09:04:05,오피스텔,49279536,월세,01,전라북도 군산시 나운동,군산시,나운동,200,30,0,51.18,15.48,10,임대오피스텔 8평형 200만원30만원,https://www.zigbang.com/home/apt/items/49279536
2026-06-17 09:04:05,오피스텔,49219813,매매,01,전라북도 군산시 나운동,군산시,나운동,1800,0,1800,54.77,16.57,11,"오피스텔 매매 1800만원, 리모델링완료",https://www.zigbang.com/home/apt/items/49219813
2026-06-17 09:04:08,오피스텔,49393090,전세,05,전라북도 익산시 어양동,익산시,어양동,17000,0,0,125,37.81,중,"신축도시형생활주택,풀옵션,방3개,욕실2",https://www.zigbang.com/home/apt/items/49393090
2026-06-17 09:04:08,오피스텔,49393023,전세,04,전라북도 익산시 어양동,익산시,어양동,17000,0,0,127.09,38.44,18,"풀옵션신축오피스텔,즉시입주가능",https://www.zigbang.com/home/apt/items/49393023
2026-06-17 09:04:11,오피스텔,49368856,월세,02,충청남도 논산시 내동,논산시,내동,500,45,0,62.81,19.0,4,오피스텔  월세1.5룸,https://www.zigbang.com/home/apt/items/49368856
2026-06-17 09:04:11,오피스텔,49251470,전세,01,충청남도 논산시 내동,논산시,내동,7000,0,0,46.02,13.92,중,신축 오피스텔,https://www.zigbang.com/home/apt/items/49251470
2026-06-17 09:04:18,오피스텔,49355183,월세,02,세종시 세종 해밀동,,해밀동,1000,80,0,52.99,16.03,4,"펜트라움1.5룸 월세,신축",https://www.zigbang.com/home/apt/items/49355183
2026-06-17 09:04:26,오피스텔,49226705,월세,05,대전시 서구 도안동,서구,도안동,2000,110,0,83.07,25.13,1,"신축첫입주,씨스템에어컨등풀옵션",https://www.zigbang.com/home/apt/items/49226705
2026-06-17 09:04:26,오피스텔,49226592,월세,05,대전시 서구 도안동,서구,도안동,3000,100,0,83.07,25.13,1,신축 첫입주 즉시입주가능,https://www.zigbang.com/home/apt/items/49226592
2026-06-17 09:04:26,오피스텔,49226551,월세,05,대전시 서구 도안동,서구,도안동,4000,90,0,83.07,25.13,1,신축첫입주씨스템에어컨4대등풀옵션,https://www.zigbang.com/home/apt/items/49226551
2026-06-17 09:04:27,오피스텔,49307332,월세,04,대전시 대덕구 중리동,대덕구,중리동,14500,12,0,50,15.12,2,무융자 6월입주 건조기 투룸아파트 주,https://www.zigbang.com/home/apt/items/49307332
2026-06-17 09:04:27,오피스텔,49076360,전세,04,대전시 대덕구 중리동,대덕구,중리동,16500,0,0,60.12,18.19,5,ㅣ무융자 ㅣ즉시입주 ㅣ건조기ㅣ투룸아파트ㅣ주차ㅣ안심매물ㅣ,https://www.zigbang.com/home/apt/items/49076360
2026-06-17 09:04:27,오피스텔,49076416,전세,04,대전시 대덕구 중리동,대덕구,중리동,17000,0,0,44.2,13.37,9,무융자 보증보험 투룸아파트 건조기 티비까지 풀옵션 주차,https://www.zigbang.com/home/apt/items/49076416
2026-06-17 09:04:27,오피스텔,49086490,전세,04,대전시 대덕구 중리동,대덕구,중리동,16500,0,0,58.32,17.64,중,"무융자 HUG 보증보험가능, 큰투룸,건조기 시스템에어컨2대",https://www.zigbang.com/home/apt/items/49086490
2026-06-17 09:04:26,오피스텔,49122144,월세,02,대전시 서구 괴정동,서구,괴정동,300,56,0,43.01,13.01,고,여성인기매물 예쁜투룸식원룸 인기매물 선착순 채광굿 보안굿,https://www.zigbang.com/home/apt/items/49122144
2026-06-17 09:04:26,오피스텔,49122152,월세,02,대전시 서구 괴정동,서구,괴정동,300,56,0,43.01,13.01,5,즉시입주가능 고층 인기매물 선착순 풀옵션 도로변 채광좋음,https://www.zigbang.com/home/apt/items/49122152
2026-06-17 09:04:26,오피스텔,49225292,월세,01,대전시 서구 용문동,서구,용문동,500,30,0,25.29,7.65,7,"ㄴ찜ㄱ 용문역, 롯데백화점인근, 엘베, 원룸형 도생",https://www.zigbang.com/home/apt/items/49225292
2026-06-17 09:04:26,오피스텔,49142929,매매,05,대전시 서구 용문동,서구,용문동,31700,0,31700,187.11,56.6,5,"신축 첫분양, KCC건설 84타입 오피스텔, 최대지원혜택",https://www.zigbang.com/home/apt/items/49142929
2026-06-17 09:04:26,오피스텔,49010538,월세,01,대전시 서구 용문동,서구,용문동,500,40,0,43.52,13.16,5,V용문역 초인접 신축급 도생1룸V주차편리V안전한위치V깔끔,https://www.zigbang.com/home/apt/items/49010538
2026-06-17 09:04:26,오피스텔,49274482,월세,01,대전시 서구 용문동,서구,용문동,200,28,0,23.74,7.18,저,V용문역 초인접 도생1룸V가성비갑V안전한위치V깨끗하고깔끔,https://www.zigbang.com/home/apt/items/49274482
2026-06-17 09:04:26,오피스텔,49110948,월세,01,대전시 서구 용문동,서구,용문동,500,55,0,53.98,16.33,6,V1.5룸 크기에 대궐같은 도생1룸V주차편리V용문역초인접,https://www.zigbang.com/home/apt/items/49110948
2026-06-17 09:04:26,오피스텔,49105187,월세,01,대전시 서구 괴정동,서구,괴정동,300,56,0,42.52,12.86,2,도시형깔끔한 풀옵션 신축급 오피스텔,https://www.zigbang.com/home/apt/items/49105187
2026-06-17 09:04:26,오피스텔,49378212,월세,01,대전시 서구 용문동,서구,용문동,200,29,0,22.88,6.92,8,vv마스터vv 역세권 도시형생활주택 깔끔한 옵션 즉입,https://www.zigbang.com/home/apt/items/49378212
2026-06-17 09:04:26,오피스텔,49305503,월세,02,대전시 서구 괴정동,서구,괴정동,2000,45,0,63.86,19.32,4,"ㄴ찜ㄱ 용문역, 스타일러, 빌트인, 수납좋은 도생",https://www.zigbang.com/home/apt/items/49305503
2026-06-17 09:04:26,오피스텔,49142931,매매,05,대전시 서구 용문동,서구,용문동,33000,0,33000,187.11,56.6,중,"남향 신축 첫입주 분양, KCC건설 오피스텔, 최대지원혜택",https://www.zigbang.com/home/apt/items/49142931
2026-06-17 09:04:26,오피스텔,49203126,월세,01,대전시 서구 용문동,서구,용문동,200,30,0,24.9,7.53,중,용문역 도보 3분 깔끔한 풀옵션 오피스텔,https://www.zigbang.com/home/apt/items/49203126
2026-06-17 09:04:26,오피스텔,49275038,월세,01,대전시 서구 용문동,서구,용문동,300,30,0,29.75,9.0,고,ll 롯백 도시형생활주택 ll 깔끔한 오피스텔 안전한위치,https://www.zigbang.com/home/apt/items/49275038
2026-06-17 09:04:26,오피스텔,49122174,월세,02,대전시 서구 괴정동,서구,괴정동,300,54,0,43.01,13.01,6,독점 매물 인기 좋은 매물 수납 좋은 풀옵션 일점오룸.,https://www.zigbang.com/home/apt/items/49122174
2026-06-17 09:04:28,오피스텔,49233250,월세,01,대전시 유성구 반석동,유성구,반석동,500,45,0,25,7.56,4,반석동 최고의매물 주거용오피스텔 이제 확인하세요,https://www.zigbang.com/home/apt/items/49233250
2026-06-17 09:04:28,오피스텔,49233292,월세,01,대전시 유성구 반석동,유성구,반석동,500,45,0,29.75,9.0,6,신축형 주거용 오피스텔원룸 풀옵션 반석역,https://www.zigbang.com/home/apt/items/49233292
2026-06-17 09:04:28,오피스텔,49323303,전세,01,세종시 세종 대평동,,대평동,8000,0,0,59.13,17.89,6,8월말입주.전입및대출가능.전세권설정가능.,https://www.zigbang.com/home/apt/items/49323303
2026-06-17 09:04:28,오피스텔,49354493,월세,01,세종시 세종 대평동,,대평동,500,55,0,56.11,16.97,5,8월초입주. 전입신고X.,https://www.zigbang.com/home/apt/items/49354493
2026-06-17 09:04:28,오피스텔,49335428,월세,01,세종시 세종 대평동,,대평동,500,60,0,49.59,15.0,고,"7월5일부터협의입주, 깨끗한 방, 트인 뷰",https://www.zigbang.com/home/apt/items/49335428
2026-06-17 09:04:28,오피스텔,49354583,월세,01,세종시 세종 대평동,,대평동,500,55,0,59.13,17.89,7,단기가능.7월중입주가능. 전입X,https://www.zigbang.com/home/apt/items/49354583
2026-06-17 09:04:28,오피스텔,49357042,월세,01,세종시 세종 대평동,,대평동,500,55,0,58.88,17.81,중,"해피라움페스타 신축오피스텔,빠른 입주 가능해요",https://www.zigbang.com/home/apt/items/49357042
2026-06-17 09:04:28,오피스텔,49180054,월세,03,세종시 세종 대평동,,대평동,500,80,0,38.05,11.51,4,해피라움 복층 월세,https://www.zigbang.com/home/apt/items/49180054
2026-06-17 09:04:28,오피스텔,49212925,월세,01,세종시 세종 대평동,,대평동,500,55,0,38.05,11.51,고,"해피라움페스타 신축 오피스텔 월세,부가세 별도",https://www.zigbang.com/home/apt/items/49212925
2026-06-17 09:04:28,오피스텔,49399285,월세,01,세종시 세종 대평동,,대평동,500,55,0,59.13,17.89,중,세종터미널 인근 교통편리한 깔끔한 오피스텔,https://www.zigbang.com/home/apt/items/49399285
2026-06-17 09:04:28,오피스텔,49375735,월세,04,대전시 유성구 관평동,유성구,관평동,500,65,0,95.86,29.0,10,귀한 투룸 월세.현대아울렛인근거리.,https://www.zigbang.com/home/apt/items/49375735
2026-06-17 09:04:28,오피스텔,49381309,월세,01,대전시 유성구 관평동,유성구,관평동,500,55,0,64.91,19.64,2,"신축, 편한구조.넓은 주차장,남향",https://www.zigbang.com/home/apt/items/49381309
2026-06-17 09:04:28,오피스텔,49318297,월세,03,대전시 유성구 관평동,유성구,관평동,500,66,0,74.9,22.66,8,"신축,중앙하이츠.조용함,주차시설굿.3평 여유공간 으로 사용",https://www.zigbang.com/home/apt/items/49318297
2026-06-17 09:04:28,오피스텔,49375758,월세,01,대전시 유성구 관평동,유성구,관평동,500,66,0,103,31.16,5,"전입신고 전망굿.큰원룸. 병원,은행   주상복합식 오피스텔",https://www.zigbang.com/home/apt/items/49375758
2026-06-17 09:04:28,오피스텔,49389600,월세,01,대전시 유성구 관평동,유성구,관평동,500,65,0,89,26.92,10,"전입신고 가능.큰원룸,탁트인 전망  ,.",https://www.zigbang.com/home/apt/items/49389600
2026-06-17 09:04:29,오피스텔,49344534,월세,04,대전시 대덕구 덕암동,대덕구,덕암동,3000,75,0,60,18.15,2,23신축아파트 건조기 티비 풀옵션 주차 전세가능,https://www.zigbang.com/home/apt/items/49344534
2026-06-17 09:04:34,오피스텔,49389642,월세,01,경상남도 진주시 평거동,진주시,평거동,300,35,0,35,10.59,3,㉧ㅡ서빈No.1구해줘홈즈ㅡ㉧추천BEST꿀방,https://www.zigbang.com/home/apt/items/49389642
2026-06-17 09:04:34,오피스텔,49131535,월세,03,경상남도 진주시 평거동,진주시,평거동,1000,60,0,66.12,20.0,8,㉧ㅡ서빈No.1구해줘홈즈ㅡ㉧추천BEST꿀방,https://www.zigbang.com/home/apt/items/49131535
2026-06-17 09:04:40,오피스텔,49374736,월세,01,경상남도 창원시 의창구 명서동,창원시 의창구,명서동,300,38,0,49.59,15.0,8,이쁘고 아주밝은 큰방.남향 귀한전세.완전풀옵션주차완비헬스장,https://www.zigbang.com/home/apt/items/49374736
2026-06-17 09:04:40,오피스텔,49386265,매매,01,경상남도 창원시 의창구 명서동,창원시 의창구,명서동,6200,0,6200,49.59,15.0,10,"이쁘고 아주밝은 완전풀옵션 아주큰방 
뷰가이쁜집 즉시입주",https://www.zigbang.com/home/apt/items/49386265
2026-06-17 09:04:40,오피스텔,49089711,전세,02,경상남도 창원시 마산회원구 양덕동,창원시 마산회원구,양덕동,5500,0,0,54.69,16.54,6,마산 수출공단 인근 방1 거실1,https://www.zigbang.com/home/apt/items/49089711
2026-06-17 09:04:40,오피스텔,49274898,월세,01,경상남도 창원시 마산회원구 합성동,창원시 마산회원구,합성동,500,35,0,36.04,10.9,3,합성동 올수리 첫입주   풀옵션,https://www.zigbang.com/home/apt/items/49274898
2026-06-17 09:04:40,오피스텔,49041038,월세,02,경상남도 창원시 마산회원구 합성동,창원시 마산회원구,합성동,200,41,0,29.75,9.0,2,합성동 단기방 가능 올리모델링,https://www.zigbang.com/home/apt/items/49041038
2026-06-17 09:04:40,오피스텔,49135282,월세,01,경상남도 창원시 마산회원구 합성동,창원시 마산회원구,합성동,150,35,0,26.45,8.0,2,합성동  단기가능 풀옵션 티비 인터넷완비,https://www.zigbang.com/home/apt/items/49135282
2026-06-17 09:04:39,오피스텔,49296492,월세,02,경상남도 창원시 마산합포구 오동동,창원시 마산합포구,오동동,1000,57,0,83.97,25.4,고,"오동동 해안대로변  주차가 좋은 1.5룸,풀옵션 입니다.",https://www.zigbang.com/home/apt/items/49296492
2026-06-17 09:04:39,오피스텔,49382091,월세,01,경상남도 창원시 마산회원구 석전동,창원시 마산회원구,석전동,200,25,0,39.67,12.0,9,경남은행본점뒤 석전오피.최고의 가성비 굿  베란다도 있어요,https://www.zigbang.com/home/apt/items/49382091
2026-06-17 09:04:39,오피스텔,49341130,월세,01,경상남도 창원시 마산합포구 오동동,창원시 마산합포구,오동동,500,45,0,49.59,15.0,14,신축6년차 엄청 이쁜 고려오피스텔.실내 엄청 커요.,https://www.zigbang.com/home/apt/items/49341130
2026-06-17 09:04:39,오피스텔,49392858,월세,01,경상남도 창원시 마산합포구 오동동,창원시 마산합포구,오동동,500,40,0,48.33,14.62,고,오동동 대로변 바다전망이  좋은 복층 오피스텔입니다.,https://www.zigbang.com/home/apt/items/49392858
2026-06-17 09:04:39,오피스텔,49392920,월세,02,경상남도 창원시 마산합포구 오동동,창원시 마산합포구,오동동,1000,57,0,83.97,25.4,중,오동동 해안대로변 신축급 1.5룸 풀옵션 오피스텔입니다.,https://www.zigbang.com/home/apt/items/49392920
2026-06-17 09:04:39,오피스텔,49371372,월세,01,경상남도 창원시 마산합포구 오동동,창원시 마산합포구,오동동,300,28,0,38.04,11.51,7,"건물내  유흥시설 무,여성분 선호.",https://www.zigbang.com/home/apt/items/49371372
2026-06-17 09:04:39,오피스텔,49398310,월세,02,경상남도 창원시 마산합포구 동성동,창원시 마산합포구,동성동,500,40,0,48.44,14.65,2,"리치클,남동향,아구찜거리,방1,주방겸거실,화1.베란다.",https://www.zigbang.com/home/apt/items/49398310
2026-06-17 09:04:39,오피스텔,49080015,월세,01,경상남도 창원시 마산합포구 산호동,창원시 마산합포구,산호동,300,30,0,41.4,12.52,6,산호동 야구장인근 저렴한 월세,https://www.zigbang.com/home/apt/items/49080015
2026-06-17 09:04:39,오피스텔,49356679,월세,01,경상남도 창원시 마산합포구 산호동,창원시 마산합포구,산호동,300,30,0,41.4,12.52,8,산호동 야구장인근  깨끗한싱크대 오피스텔,https://www.zigbang.com/home/apt/items/49356679
2026-06-17 09:04:39,오피스텔,49355257,월세,02,경상남도 창원시 마산합포구 동성동,창원시 마산합포구,동성동,1500,25,0,48.44,14.65,2,"리치클2,아구찜거리.",https://www.zigbang.com/home/apt/items/49355257
2026-06-17 09:04:39,오피스텔,49320431,월세,01,경상남도 창원시 마산합포구 오동동,창원시 마산합포구,오동동,500,45,0,52.85,15.99,8,"고려타워,마창대교,마산앞바다조망,건령8년.남동향.",https://www.zigbang.com/home/apt/items/49320431
2026-06-17 09:04:39,오피스텔,49392940,월세,01,경상남도 창원시 마산합포구 오동동,창원시 마산합포구,오동동,500,40,0,43.88,13.27,고,오동동 해안대로변 깨끗한 바다전망 복층 오피스텔입니다.,https://www.zigbang.com/home/apt/items/49392940
2026-06-17 09:04:39,오피스텔,49351958,매매,01,경상남도 창원시 마산합포구 동성동,창원시 마산합포구,동성동,2500,0,2500,43.83,13.26,고,"차종구분없이주차가능,주차비무료",https://www.zigbang.com/home/apt/items/49351958
2026-06-17 09:04:39,오피스텔,49087925,월세,01,경상남도 창원시 마산회원구 석전동,창원시 마산회원구,석전동,300,25,0,46.28,14.0,4,마산역옆 유광오피스텔 착한가격 내부 넓은곳,https://www.zigbang.com/home/apt/items/49087925
2026-06-17 09:04:39,오피스텔,49205315,월세,01,경상남도 창원시 마산회원구 석전동,창원시 마산회원구,석전동,500,30,0,42.98,13.0,6,석전초앞 보양엠비션 오피..리모델링 새로해서 내부 이뻐요,https://www.zigbang.com/home/apt/items/49205315
2026-06-17 09:04:40,오피스텔,49374733,월세,01,경상남도 창원시 의창구 봉곡동,창원시 의창구,봉곡동,300,38,0,52.89,16.0,저,"이쁘고 아주밝은 완전풀옵션 아주큰방 즉시입주 
큰화장실",https://www.zigbang.com/home/apt/items/49374733
2026-06-17 09:04:40,오피스텔,49374723,월세,01,경상남도 창원시 의창구 봉곡동,창원시 의창구,봉곡동,300,35,0,49.59,15.0,5,"이쁘고 아주밝은 완전풀옵션 아주큰방 주변상권좋음 
조용한방",https://www.zigbang.com/home/apt/items/49374723
2026-06-17 09:04:40,오피스텔,49388435,월세,01,경상남도 창원시 의창구 봉곡동,창원시 의창구,봉곡동,300,35,0,49.59,15.0,5,"이쁘고 아주밝은 완전풀옵션 아주큰방 
위치좋음 주차좋음",https://www.zigbang.com/home/apt/items/49388435
2026-06-17 09:04:40,오피스텔,49224790,월세,04,경상남도 창원시 의창구 중동,창원시 의창구,중동,2000,115,0,144.47,43.7,12,투룸 풀옵션 구조    즉시 입주,https://www.zigbang.com/home/apt/items/49224790
2026-06-17 09:04:40,오피스텔,49010943,월세,01,경상남도 창원시 의창구 중동,창원시 의창구,중동,1000,70,0,77.28,23.38,16,풀옵션 원룸 빠른 입주,https://www.zigbang.com/home/apt/items/49010943
2026-06-17 09:04:40,오피스텔,49271210,전세,04,경상남도 창원시 의창구 중동,창원시 의창구,중동,26000,0,0,144.47,43.7,21,투룸 풀옵션  선호도 높은 B타입,https://www.zigbang.com/home/apt/items/49271210
2026-06-17 09:04:40,오피스텔,49258558,월세,01,경상남도 창원시 의창구 팔용동,창원시 의창구,팔용동,500,55,0,45.35,13.72,23,신축 창원역인근 신화더플렉스시티 깔끔한 옵션,https://www.zigbang.com/home/apt/items/49258558
2026-06-17 09:04:40,오피스텔,49381218,월세,04,경상남도 창원시 마산회원구 구암동,창원시 마산회원구,구암동,2000,60,0,90,27.22,17,마크원오피스텔 가장 큰평수 투룸.에어컨2대 양문형냉장고,https://www.zigbang.com/home/apt/items/49381218
2026-06-17 09:04:40,오피스텔,49135290,월세,01,경상남도 창원시 의창구 팔용동,창원시 의창구,팔용동,500,65,0,45.35,13.72,19,신화더플렉스시티  오피스텔  예쁜테라스,https://www.zigbang.com/home/apt/items/49135290
2026-06-17 09:04:49,오피스텔,49271097,월세,01,대구시 달서구 두류동,달서구,두류동,500,50,0,50,15.12,11,특급가성비추천 방이뻐요 전입0 조절가 인프라 풀옵션적극추천,https://www.zigbang.com/home/apt/items/49271097
2026-06-17 09:04:49,오피스텔,49176902,월세,03,대구시 남구 대명동,남구,대명동,500,45,0,44.24,13.38,2,"남구카톨릭대인근ㅇ오피스텔복층.풀옵션EV완비,상권교통최고지",https://www.zigbang.com/home/apt/items/49176902
2026-06-17 09:04:49,오피스텔,49379649,월세,04,대구시 남구 대명동,남구,대명동,800,60,0,76.92,23.27,5,방2 거실넓어요 신축급 전입o 단기o 반려동물o 특급조건o,https://www.zigbang.com/home/apt/items/49379649
2026-06-17 09:04:49,오피스텔,49172845,월세,01,대구시 남구 대명동,남구,대명동,500,37,0,36.96,11.18,고,영부 1.원룸형 3.반려동물 3.전입신고 4.귀한 일반세대,https://www.zigbang.com/home/apt/items/49172845
2026-06-17 09:04:49,오피스텔,49329364,월세,01,대구시 달서구 월암동,달서구,월암동,300,40,0,38.99,11.79,7,성서공단중심 가성비최고 풀옵션 깨끗해요 전입가능,https://www.zigbang.com/home/apt/items/49329364
2026-06-17 09:04:49,오피스텔,49165716,월세,04,대구시 달서구 이곡동,달서구,이곡동,500,65,0,95.87,29.0,4,초 역세권 오피스텔 복층 형 풀옵션,https://www.zigbang.com/home/apt/items/49165716
2026-06-17 09:04:49,오피스텔,49165754,월세,04,대구시 달서구 이곡동,달서구,이곡동,1000,65,0,98.72,29.86,10,초역세권 오피스텔 깔끔한 스타일 복층형,https://www.zigbang.com/home/apt/items/49165754
2026-06-17 09:04:49,오피스텔,49388307,월세,01,대구시 달서구 이곡동,달서구,이곡동,500,47,0,39.67,12.0,6,원룸형 오피스텔 쇼핑월드 성서산단역 1분,https://www.zigbang.com/home/apt/items/49388307
2026-06-17 09:04:49,오피스텔,49388315,월세,04,대구시 달서구 이곡동,달서구,이곡동,500,65,0,59.5,18.0,9,"업무용 오피스텔, 계산서발행, 풀옵션 복층형 오피스텔",https://www.zigbang.com/home/apt/items/49388315
2026-06-17 09:04:50,오피스텔,49349852,전세,04,경상남도 김해시 신문동,김해시,신문동,18000,0,0,66.8,20.21,고,"에어컨,세탁기,냉장고,전입가능",https://www.zigbang.com/home/apt/items/49349852
2026-06-17 09:04:50,오피스텔,49349900,매매,01,경상남도 김해시 신문동,김해시,신문동,10000,0,10000,27.86,8.43,중,"기존 분양보다 저렴한 분양가, 집보기예약",https://www.zigbang.com/home/apt/items/49349900
2026-06-17 09:04:50,오피스텔,49349824,월세,01,경상남도 김해시 신문동,김해시,신문동,500,55,0,27.86,8.43,중,"에어컨,냉장고,세탁기,전입가능",https://www.zigbang.com/home/apt/items/49349824
2026-06-17 09:04:50,오피스텔,49225917,월세,04,경상남도 김해시 신문동,김해시,신문동,2000,80,0,66.8,20.21,중,"전입가능,에어컨2대,",https://www.zigbang.com/home/apt/items/49225917
2026-06-17 09:04:50,오피스텔,49349774,월세,02,경상남도 김해시 신문동,김해시,신문동,2000,65,0,49.53,14.98,중,"에2,세탁기,냉장고,전입가능",https://www.zigbang.com/home/apt/items/49349774
2026-06-17 09:04:51,오피스텔,49372838,월세,01,경상남도 김해시 진영읍 여래리,김해시,진영읍,500,40,0,452.59,136.91,5,"사업자 숙소가능, 부가세4만",https://www.zigbang.com/home/apt/items/49372838
2026-06-17 09:04:51,오피스텔,49281883,월세,01,경상남도 김해시 진영읍 여래리,김해시,진영읍,500,43,0,49.37,14.93,6,원룸형 오피스텔 입주일협의,https://www.zigbang.com/home/apt/items/49281883
2026-06-17 09:04:51,오피스텔,49372702,월세,01,경상남도 김해시 진영읍 여래리,김해시,진영읍,500,42,0,49.37,14.93,10,7평형 원룸 깔끔한 오피스텔,https://www.zigbang.com/home/apt/items/49372702
2026-06-17 09:04:51,오피스텔,49282004,월세,01,경상남도 김해시 진영읍 여래리,김해시,진영읍,500,46,0,49.37,14.93,4,테라스있는6말7초입주가능,https://www.zigbang.com/home/apt/items/49282004
2026-06-17 09:04:51,오피스텔,49281949,월세,01,경상남도 김해시 진영읍 여래리,김해시,진영읍,500,43,0,42.59,12.88,4,테라스 있는 빠른 입주,https://www.zigbang.com/home/apt/items/49281949
2026-06-17 09:04:51,오피스텔,49310311,월세,02,경상남도 김해시 부원동,김해시,부원동,500,60,0,59.6,18.03,3,"역인근,반려동물가능,준신축,방1거실분리형",https://www.zigbang.com/home/apt/items/49310311
2026-06-17 09:04:51,오피스텔,49310386,월세,01,경상남도 김해시 부원동,김해시,부원동,300,45,0,58.05,17.56,3,"역인근,반려동물가능,준신축오피스텔원룸",https://www.zigbang.com/home/apt/items/49310386
2026-06-17 09:04:51,오피스텔,49320968,월세,02,경상남도 김해시 내동,김해시,내동,1000,55,0,62.15,18.8,4,NO.1신축오피스텔VV경보더숨시티VV주차편리VV역세권VV,https://www.zigbang.com/home/apt/items/49320968
2026-06-17 09:04:51,오피스텔,49228802,월세,04,경상남도 김해시 내동,김해시,내동,5000,50,0,65.39,19.78,13,"박물관역인근,준신축,반려동물가능소형견",https://www.zigbang.com/home/apt/items/49228802
2026-06-17 09:04:51,오피스텔,49310366,월세,01,경상남도 김해시 부원동,김해시,부원동,500,40,0,42.98,13.0,중,"역인근,반려동물가능,준신축오피스텔원룸",https://www.zigbang.com/home/apt/items/49310366
2026-06-17 09:04:51,오피스텔,49369137,월세,02,경상남도 김해시 외동,김해시,외동,3000,48,0,59,17.85,10,"역인근,백화점인근,방1거실분리형",https://www.zigbang.com/home/apt/items/49369137
2026-06-17 09:04:51,오피스텔,49240526,월세,04,경상남도 김해시 삼계동,김해시,삼계동,1000,55,0,69.1,20.9,10,당일등록 아주귀한 매물초특가 급매물,https://www.zigbang.com/home/apt/items/49240526
2026-06-17 09:04:51,오피스텔,49309688,월세,01,경상남도 김해시 삼계동,김해시,삼계동,100,28,0,44.22,13.38,고,"oO올리모델링 오피스텔Oo초특가,방범,보안아주좋아요",https://www.zigbang.com/home/apt/items/49309688
2026-06-17 09:04:51,오피스텔,49161948,월세,04,경상남도 김해시 삼계동,김해시,삼계동,1000,50,0,61.48,18.6,4,oO집주인사정상 초급매Oo 먼저하시는분임자입니다 급급매물,https://www.zigbang.com/home/apt/items/49161948
2026-06-17 09:04:51,오피스텔,49161938,월세,04,경상남도 김해시 삼계동,김해시,삼계동,2000,65,0,85.01,25.72,5,신축오피스텔 좋은호실 골라잡기 보증금월세조절가능,https://www.zigbang.com/home/apt/items/49161938
2026-06-17 09:04:51,오피스텔,49348047,월세,01,경상남도 김해시 삼계동,김해시,삼계동,300,45,0,48,14.52,고,초특가oO코아루오피스텔Oo 보증금월세 조절가능,https://www.zigbang.com/home/apt/items/49348047
2026-06-17 09:04:52,오피스텔,49350995,월세,05,경상남도 양산시 물금읍 범어리,양산시,물금읍,1000,70,0,94.98,28.73,중,"업무용임,남향,즉시입주,풀옵션,초역세권,이쁜구조,주차",https://www.zigbang.com/home/apt/items/49350995
2026-06-17 09:04:52,오피스텔,49246196,전세,05,경상남도 양산시 물금읍 범어리,양산시,물금읍,13000,0,0,91.14,27.57,중,"귀한전세,채광및조망굿,남서향,6월중순입주,풀옵션,초역세권,",https://www.zigbang.com/home/apt/items/49246196
2026-06-17 09:04:52,오피스텔,49328818,전세,05,경상남도 양산시 물금읍 범어리,양산시,물금읍,13500,0,0,91.14,27.57,고,"채광및조망굿,남동향7월입주,풀옵션,초역세권,전세자금대출가능",https://www.zigbang.com/home/apt/items/49328818
2026-06-17 09:04:52,오피스텔,49291374,월세,05,경상남도 양산시 물금읍 범어리,양산시,물금읍,1000,70,0,91.14,27.57,고,"채광및전망굿,북동향,8월중순입주,풀옵션,초역세권,주차확실",https://www.zigbang.com/home/apt/items/49291374
2026-06-17 09:04:52,오피스텔,49194330,월세,02,부산시 북구 금곡동,북구,금곡동,500,50,0,59.5,18.0,4,방  거실  마감임박,https://www.zigbang.com/home/apt/items/49194330
2026-06-17 09:04:52,오피스텔,49372630,월세,01,부산시 북구 금곡동,북구,금곡동,500,52,0,47.03,14.23,저,"실매물,  실사진,  실가격",https://www.zigbang.com/home/apt/items/49372630
2026-06-17 09:04:54,오피스텔,49169176,월세,02,부산시 동래구 온천동,동래구,온천동,8000,15,0,33.44,10.12,4,"미남역,신축,중기청,버팀목,보증보험,분리형,보증금조절",https://www.zigbang.com/home/apt/items/49169176
2026-06-17 09:04:54,오피스텔,49241666,전세,02,부산시 동래구 온천동,동래구,온천동,12000,0,0,38.48,11.64,10,"르씨엘,버팀목,중기청,보증보험가입,반환조건,보증조절가능",https://www.zigbang.com/home/apt/items/49241666
2026-06-17 09:04:54,오피스텔,49377330,전세,02,부산시 동래구 온천동,동래구,온천동,12000,0,0,38.44,11.63,14,"ll 공휴일 정상운영, 전호실 보유중 ll",https://www.zigbang.com/home/apt/items/49377330
2026-06-17 09:04:54,오피스텔,49242278,전세,02,부산시 동래구 온천동,동래구,온천동,12000,0,0,38.44,11.63,중,현금 100만원드립니다. 더이상 허위매물에 속지마세요.,https://www.zigbang.com/home/apt/items/49242278
2026-06-17 09:04:55,오피스텔,49278535,월세,04,부산시 해운대구 반송동,해운대구,반송동,1000,60,0,64.95,19.65,6,"방2거실1베란다,초역세권,신축급오피,주차편리,즉시입주",https://www.zigbang.com/home/apt/items/49278535
2026-06-17 09:04:55,오피스텔,49173356,전세,05,부산시 해운대구 반여동,해운대구,반여동,24500,0,0,112.4,34.0,고,"센텀우성거실,방3,욕실2ㅣ귀한월세ㅣ컨디션최고",https://www.zigbang.com/home/apt/items/49173356
2026-06-17 09:04:54,오피스텔,49379086,월세,01,부산시 연제구 연산동,연제구,연산동,220,58,0,32.56,9.85,16,"최대할인, 초역세권 가성비 풀옵션 레지던스",https://www.zigbang.com/home/apt/items/49379086
2026-06-17 09:04:54,오피스텔,49228413,월세,01,부산시 연제구 연산동,연제구,연산동,220,58,0,32.56,9.85,고,"최대할인, 초역세권 가성비 풀옵션 레지던스",https://www.zigbang.com/home/apt/items/49228413
2026-06-17 09:04:54,오피스텔,49228389,월세,01,부산시 연제구 연산동,연제구,연산동,50,63,0,38.27,11.58,13,"최대할인, 합리적 보증금, 단기임대 가능한 풀옵션 레지던스",https://www.zigbang.com/home/apt/items/49228389
2026-06-17 09:04:54,오피스텔,49351040,월세,02,부산시 연제구 연산동,연제구,연산동,2800,63,0,42.43,12.84,중,"연산역,버팀목,보증보험,건조기겸용,스타일러,보증금조절",https://www.zigbang.com/home/apt/items/49351040
2026-06-17 09:04:54,오피스텔,49382900,월세,01,부산시 연제구 연산동,연제구,연산동,50,63,0,32.56,9.85,10,"최대할인, 합리적 보증금, 단기임대 가능한 풀옵션 레지던스",https://www.zigbang.com/home/apt/items/49382900
2026-06-17 09:04:54,오피스텔,49377871,전세,02,부산시 연제구 연산동,연제구,연산동,12000,0,0,42.61,12.89,12,연산더힐 전호실 보유중,https://www.zigbang.com/home/apt/items/49377871
2026-06-17 09:04:54,오피스텔,49178146,월세,01,부산시 연제구 연산동,연제구,연산동,200,38,0,32.53,9.84,16,수납공간아주 좋은 초역세권 오피스텔,https://www.zigbang.com/home/apt/items/49178146
2026-06-17 09:04:54,오피스텔,49382889,월세,01,부산시 연제구 연산동,연제구,연산동,100,55,0,32.53,9.84,8,연산동 귀한 단기임대 역세권 오피스텔 큐브아이,https://www.zigbang.com/home/apt/items/49382889
2026-06-17 09:04:54,오피스텔,49358496,월세,01,부산시 연제구 연산동,연제구,연산동,200,45,0,32.56,9.85,21,연산역 역세권 신축 오피스텔 고층 테라스까지,https://www.zigbang.com/home/apt/items/49358496
2026-06-17 09:04:54,오피스텔,49347291,월세,02,부산시 연제구 연산동,연제구,연산동,500,72,0,41.6,12.58,2,"연산역, 스타일러, 드레스룸 구조.",https://www.zigbang.com/home/apt/items/49347291
2026-06-17 09:04:54,오피스텔,49367797,월세,01,부산시 연제구 연산동,연제구,연산동,200,38,0,32.53,9.84,13,단기도 가능한 수납공간아주 좋은 초역세권 오피스텔,https://www.zigbang.com/home/apt/items/49367797
2026-06-17 09:04:54,오피스텔,49249321,월세,01,부산시 연제구 연산동,연제구,연산동,200,45,0,32.56,9.85,저,연산역 도보1분  신축급 애완동물 단기도 가능합니다,https://www.zigbang.com/home/apt/items/49249321
2026-06-17 09:04:54,오피스텔,49336312,전세,02,부산시 연제구 거제동,연제구,거제동,12000,0,0,39.79,12.04,8,"온천천뷰,중기,버팀목,반환조건,보증보험,인기매물,보증금조절",https://www.zigbang.com/home/apt/items/49336312
2026-06-17 09:04:54,오피스텔,49195856,월세,02,부산시 연제구 연산동,연제구,연산동,2800,63,0,42.43,12.84,5,"보증보험,중기청,버팀목,반환조건,연산역,건조기,보증금조절",https://www.zigbang.com/home/apt/items/49195856
2026-06-17 09:04:54,오피스텔,49377164,월세,02,부산시 수영구 망미동,수영구,망미동,1000,61,0,42.32,12.8,9,망미역 최고 시설,https://www.zigbang.com/home/apt/items/49377164
2026-06-17 09:04:56,오피스텔,49373106,월세,01,부산시 기장군 정관읍 매학리,기장군,정관읍,300,52,0,51.14,15.47,5,"즉입, 트인조망, 인기라인",https://www.zigbang.com/home/apt/items/49373106
2026-06-17 09:04:56,오피스텔,49256007,월세,01,부산시 기장군 정관읍 매학리,기장군,정관읍,300,55,0,51.14,15.47,4,"풀옵션, 티비,건조기,전자렌지 추가옵션, 빠른입주",https://www.zigbang.com/home/apt/items/49256007
2026-06-17 09:04:56,오피스텔,49373115,월세,02,부산시 기장군 정관읍 매학리,기장군,정관읍,1000,75,0,51.14,15.47,6,"귀한 투룸, 넓은 펜트리, 발코니, 넓은 붙박이장",https://www.zigbang.com/home/apt/items/49373115
2026-06-17 09:04:56,오피스텔,49256087,월세,02,부산시 기장군 정관읍 매학리,기장군,정관읍,300,52,0,51.14,15.47,11,"트인조망, 빠른입주, 1.5룸,신축",https://www.zigbang.com/home/apt/items/49256087
2026-06-17 09:04:56,오피스텔,49394431,월세,01,부산시 기장군 정관읍 매학리,기장군,정관읍,300,50,0,46.28,14.0,8,정관에서 가장 인기있는 신축급 오피스텔입니다. 귀한 단기방,https://www.zigbang.com/home/apt/items/49394431
2026-06-17 09:04:56,오피스텔,49336900,매매,01,부산시 기장군 정관읍 매학리,기장군,정관읍,5500,0,5500,46.28,14.0,5,정관 인기좋은 신축급 웰메이드시티 오피스텔,https://www.zigbang.com/home/apt/items/49336900
2026-06-17 09:04:56,오피스텔,49373124,월세,02,부산시 기장군 정관읍 매학리,기장군,정관읍,300,52,0,51.14,15.47,9,"즉입되는 귀한 매물, 1.5룸,발코니, 중문,최신오피스텔",https://www.zigbang.com/home/apt/items/49373124
2026-06-17 09:04:56,오피스텔,49071404,월세,01,부산시 해운대구 송정동,해운대구,송정동,300,25,0,29.75,9.0,3,"송정 해변가 바로 인근,대로변 오피스텔 구조,방이 큽니다.",https://www.zigbang.com/home/apt/items/49071404
2026-06-17 09:04:56,오피스텔,49373529,월세,05,부산시 해운대구 송정동,해운대구,송정동,2000,100,0,169.12,51.16,고,"지하주차장, 첫입주 월세 방3칸, 에어컨4 중문 7월 입주",https://www.zigbang.com/home/apt/items/49373529
2026-06-17 09:04:56,오피스텔,49124609,월세,04,부산시 기장군 기장읍 시랑리,기장군,기장읍,1000,130,0,150.31,45.47,고,리조트형주거시설ㅡ 헬스장ㅡ스크린골프,https://www.zigbang.com/home/apt/items/49124609
2026-06-17 09:04:56,오피스텔,49253787,월세,05,부산시 해운대구 송정동,해운대구,송정동,3000,120,0,169.12,51.16,9,전입신고 가능. 에어컨4대 반려동물없는 분. 7월중순입주,https://www.zigbang.com/home/apt/items/49253787
2026-06-17 09:04:56,오피스텔,49271776,월세,01,부산시 해운대구 송정동,해운대구,송정동,500,57,0,36.86,11.15,10,기장에서 가장 가까운 송정 깔끔하고 뷰나오는 전호실오피스텔,https://www.zigbang.com/home/apt/items/49271776
2026-06-17 09:04:56,오피스텔,49124581,월세,04,부산시 기장군 기장읍 시랑리,기장군,기장읍,1000,140,0,149.08,45.1,고,바다뷰ㅣ최저가월세ㅣ구조good,https://www.zigbang.com/home/apt/items/49124581
2026-06-17 09:04:56,오피스텔,49354028,전세,05,부산시 해운대구 송정동,해운대구,송정동,25000,0,0,169.12,51.16,중,"바로 입주가능. 전입가능. 방3 에어컨4 오븐렌지,지하주차",https://www.zigbang.com/home/apt/items/49354028
2026-06-17 09:04:56,오피스텔,49277281,월세,01,부산시 해운대구 송정동,해운대구,송정동,1000,69,0,47.03,14.23,9,안전하고 깔끔한 오션뷰 오피스텔 송정해안가 2분 편세권,https://www.zigbang.com/home/apt/items/49277281
2026-06-17 09:04:56,오피스텔,49271768,월세,01,부산시 해운대구 송정동,해운대구,송정동,1000,63,0,39.09,11.82,12,송정에서 제일 안전하고 깔끔한 전호실 오션뷰 오피스텔,https://www.zigbang.com/home/apt/items/49271768
2026-06-17 09:04:56,오피스텔,49277128,월세,01,부산시 해운대구 송정동,해운대구,송정동,500,59,0,47.03,14.23,5,"송정 내방에서 바라보는 오션뷰 투룸,오시리아 관광특구 선호",https://www.zigbang.com/home/apt/items/49277128
2026-06-17 09:04:56,오피스텔,49173348,월세,04,부산시 기장군 기장읍 시랑리,기장군,기장읍,1000,140,0,149.08,45.1,중,"1000,130ㅣA타입최저가ㅣ풀옵션",https://www.zigbang.com/home/apt/items/49173348
2026-06-17 09:04:56,오피스텔,49124589,월세,04,부산시 기장군 기장읍 시랑리,기장군,기장읍,1000,140,0,149.08,45.1,중,에어컨.세탁기.냉장고.건조기.스타일러ㅣ월세ㅣ구조good,https://www.zigbang.com/home/apt/items/49124589
2026-06-17 09:04:56,오피스텔,49173355,월세,05,부산시 기장군 기장읍 시랑리,기장군,기장읍,1000,180,0,168.32,50.92,중,"거실,방3,욕실2ㅣ바다뷰풀옵션최저가",https://www.zigbang.com/home/apt/items/49173355
2026-06-17 09:04:57,오피스텔,49301031,월세,01,부산시 기장군 기장읍 청강리,기장군,기장읍,300,35,0,48,14.52,9,"전입신고 가능, 2층 피트니스 센터 있는 기장 오피스텔",https://www.zigbang.com/home/apt/items/49301031
2026-06-17 09:04:57,오피스텔,49386602,월세,02,부산시 기장군 기장읍 청강리,기장군,기장읍,500,45,0,51.99,15.73,저,기장역 인근 방1거실1 넓은구조,https://www.zigbang.com/home/apt/items/49386602
2026-06-17 09:04:57,오피스텔,49097266,월세,01,부산시 기장군 기장읍 청강리,기장군,기장읍,300,35,0,41.51,12.56,9,기장 오피스텔 보안최고,https://www.zigbang.com/home/apt/items/49097266
2026-06-17 09:04:57,오피스텔,49105938,월세,01,부산시 기장군 기장읍 청강리,기장군,기장읍,300,35,0,48.02,14.53,20,P 기장 가장 인기 있는 오피스텔,https://www.zigbang.com/home/apt/items/49105938
2026-06-17 09:04:57,오피스텔,49122326,월세,01,부산시 기장군 기장읍 청강리,기장군,기장읍,300,35,0,48,14.52,8,2층 피트니센터가 있는 기장최신축 오피스텔,https://www.zigbang.com/home/apt/items/49122326
2026-06-17 09:04:57,오피스텔,49097263,월세,02,부산시 기장군 기장읍 청강리,기장군,기장읍,500,43,0,46.36,14.02,7,기장 오피스텔 보안최고,https://www.zigbang.com/home/apt/items/49097263
2026-06-17 09:04:57,오피스텔,49250858,월세,02,부산시 기장군 기장읍 대라리,기장군,기장읍,500,40,0,40.44,12.23,10,기장에서 제일예쁜 오피스텔,https://www.zigbang.com/home/apt/items/49250858
2026-06-17 09:04:57,오피스텔,49097278,월세,02,부산시 기장군 기장읍 대라리,기장군,기장읍,500,40,0,40.44,12.23,13,기장 오피스텔 위치최고 컨디션최고,https://www.zigbang.com/home/apt/items/49097278
2026-06-17 09:04:57,오피스텔,49058700,월세,02,부산시 기장군 기장읍 연화리,기장군,기장읍,600,66,0,61.65,18.65,7,오션뷰 첫입주 저렴한 월세. 풀옵션 신축 오피스텔. 공실,https://www.zigbang.com/home/apt/items/49058700
2026-06-17 09:04:57,오피스텔,49140023,월세,01,부산시 기장군 기장읍 연화리,기장군,기장읍,200,85,0,126.27,38.2,8,고급 오피스텔 풀퍼니시드 오션뷰,https://www.zigbang.com/home/apt/items/49140023
2026-06-17 09:04:59,오피스텔,49218947,월세,01,부산시 기장군 장안읍 반룡리,기장군,장안읍,200,45,0,42.98,13.0,고,장안 유일한 오피스텔 즉시입주가능 고정관리비,https://www.zigbang.com/home/apt/items/49218947
2026-06-17 09:04:59,오피스텔,49195609,월세,01,부산시 기장군 장안읍 반룡리,기장군,장안읍,200,50,0,42.98,13.0,고,빠른입주 장안산단 내 유일한 햇빛 잘 드는 신축급 풀옵션,https://www.zigbang.com/home/apt/items/49195609
2026-06-17 09:05:05,오피스텔,49373869,월세,01,울산시 중구 우정동,중구,우정동,500,58,0,52.67,15.93,중,8월1일입주 조용하고 뷰예쁨  좋은매물,https://www.zigbang.com/home/apt/items/49373869
2026-06-17 09:05:05,오피스텔,49244716,월세,01,울산시 중구 우정동,중구,우정동,300,65,0,52.67,15.93,저,7월25일 입주 단기3개월부터가능  뷰예쁨   좋은매물,https://www.zigbang.com/home/apt/items/49244716
2026-06-17 09:05:05,오피스텔,49392101,월세,01,울산시 중구 우정동,중구,우정동,500,60,0,52.67,15.93,중,8월1일입주가능. 해잘들고 뷰 좋아요  . 좋은매물,https://www.zigbang.com/home/apt/items/49392101
2026-06-17 09:05:05,오피스텔,49379084,월세,01,울산시 중구 우정동,중구,우정동,500,60,0,52.67,15.93,중,7월28일입주가능. 해잘들고. 뷰예쁨. 귀한월세.,https://www.zigbang.com/home/apt/items/49379084
2026-06-17 09:05:05,오피스텔,49392449,월세,01,울산시 중구 우정동,중구,우정동,500,57,0,52.67,15.93,고,8월1일입주  조용하고 뷰좋음  귀한월세매물,https://www.zigbang.com/home/apt/items/49392449
2026-06-17 09:05:05,오피스텔,49282147,매매,05,울산시 중구 학성동,중구,학성동,34000,0,34000,117.86,35.65,저,초급매ㅇ모델하우스같은컨디션ㅇ즉시입주가능ㅇ방3화장실2ㅇ수납짱,https://www.zigbang.com/home/apt/items/49282147
2026-06-17 09:05:05,오피스텔,49351453,월세,03,울산시 남구 신정동,남구,신정동,500,60,0,94.93,28.72,저,"유씨티,풀옵션,동향,복층형,제일큰타입,롯데마트옆.",https://www.zigbang.com/home/apt/items/49351453
2026-06-17 09:05:05,오피스텔,49320889,월세,01,울산시 남구 신정동,남구,신정동,500,50,0,50.31,15.22,중,"유씨티,원룸형,풀옵션,롯데마트옆, 편리한생활권,1인거주인기",https://www.zigbang.com/home/apt/items/49320889
2026-06-17 09:05:05,오피스텔,49364165,월세,02,울산시 남구 신정동,남구,신정동,1000,65,0,74.29,22.47,중,"하트랜드,큰방1,거실1 분리형,풀옵션,공업탑,교통생활권좋음",https://www.zigbang.com/home/apt/items/49364165
2026-06-17 09:05:05,오피스텔,49320787,월세,02,울산시 남구 신정동,남구,신정동,500,60,0,69.65,21.07,중,"하트랜드,풀옵션,투룸형,수납,교통,생활권편리, 1인거주인기",https://www.zigbang.com/home/apt/items/49320787
2026-06-17 09:05:05,오피스텔,49393170,매매,01,울산시 남구 신정동,남구,신정동,9900,0,9900,57.64,17.44,중,"리더스파크,급매매,풀옵션,상태양호,9월28일입주,강추.",https://www.zigbang.com/home/apt/items/49393170
2026-06-17 09:05:05,오피스텔,49393244,매매,04,울산시 남구 달동,남구,달동,17800,0,17800,63.98,19.35,저,"즉시입주,방2거실1,풀옵션,신축급,상태양호,롯데마트인근.",https://www.zigbang.com/home/apt/items/49393244
2026-06-17 09:05:05,오피스텔,49365857,월세,01,울산시 남구 신정동,남구,신정동,500,60,0,66,19.96,중,"오펠리움,풀옵션,인기타입,탁트인전망.",https://www.zigbang.com/home/apt/items/49365857
2026-06-17 09:05:05,오피스텔,49283670,월세,01,울산시 남구 달동,남구,달동,500,52,0,39.26,11.88,중,7월초입주ㅇ단층풀옵셥ㅇ생활권편리ㅇ대중교통편리,https://www.zigbang.com/home/apt/items/49283670
2026-06-17 09:05:05,오피스텔,49282108,매매,04,울산시 남구 신정동,남구,신정동,16700,0,16700,85.05,25.73,중,급매ㅇ신혼부부추천ㅇ즉시입주가능ㅇ방2넓은거실ㅇ시스템에어컨2,https://www.zigbang.com/home/apt/items/49282108
2026-06-17 09:05:05,오피스텔,49278540,월세,01,울산시 남구 신정동,남구,신정동,500,60,0,66,19.96,고,"오펠리움,풀옵션,로얄층,인기타입,상태양호,탁트인전망.",https://www.zigbang.com/home/apt/items/49278540
2026-06-17 09:05:05,오피스텔,49298001,월세,01,울산시 남구 신정동,남구,신정동,500,50,0,48.47,14.66,중,8월초ㅇ햇살따뜻한 정남향집ㅇ단층풀옵션ㅇ태화강산책도보2분,https://www.zigbang.com/home/apt/items/49298001
2026-06-17 09:05:05,오피스텔,49072800,월세,05,울산시 남구 달동,남구,달동,2000,90,0,94.64,28.63,22,현대해상사거리 신축 첫입주 풀옵션 쓰리룸 복층 즉시입주,https://www.zigbang.com/home/apt/items/49072800
2026-06-17 09:05:05,오피스텔,49363788,월세,01,울산시 남구 신정동,남구,신정동,500,52,0,59.24,17.92,중,7월중순ㅇ제일큰평수집ㅇ남향고층풀옵션ㅇ태화강산책하기좋은집,https://www.zigbang.com/home/apt/items/49363788
2026-06-17 09:05:05,오피스텔,49131485,월세,05,울산시 남구 달동,남구,달동,1000,95,0,97.82,29.59,12,현대해상사거리 신축 1년차  풀옵션  오피 위치 옵션 최상,https://www.zigbang.com/home/apt/items/49131485
2026-06-17 09:05:10,오피스텔,49331639,전세,02,경상북도 김천시 율곡동,김천시,율곡동,9000,0,0,72,21.78,고,"코아루C,분리형큰방,7월초입주",https://www.zigbang.com/home/apt/items/49331639
2026-06-17 09:05:10,오피스텔,49185221,월세,02,경상북도 김천시 율곡동,김천시,율곡동,500,60,0,71.07,21.5,22,"써밋E타입,분리형큰방,7월중순",https://www.zigbang.com/home/apt/items/49185221
2026-06-17 09:05:10,오피스텔,49355531,전세,01,경상북도 김천시 율곡동,김천시,율곡동,8000,0,0,52.89,16.0,8,"써밋,A타입,8월말",https://www.zigbang.com/home/apt/items/49355531
2026-06-17 09:05:10,오피스텔,49278187,월세,01,경상북도 김천시 율곡동,김천시,율곡동,300,45,0,46.28,14.0,17,율곡동 혁신도시ktx역사 바로 앞 오피스텔 입니다,https://www.zigbang.com/home/apt/items/49278187
2026-06-17 09:05:10,오피스텔,49278805,월세,02,경상북도 김천시 율곡동,김천시,율곡동,500,55,0,80.33,24.3,고,"영무오피,전망뚫림,분리형큰방,7월3일",https://www.zigbang.com/home/apt/items/49278805
2026-06-17 09:05:10,오피스텔,49355511,월세,01,경상북도 김천시 율곡동,김천시,율곡동,300,44,0,49.59,15.0,고,"써밋,A타입,8월말",https://www.zigbang.com/home/apt/items/49355511
2026-06-17 09:05:10,오피스텔,49355568,전세,01,경상북도 김천시 율곡동,김천시,율곡동,8000,0,0,56.19,17.0,고,"써밋B,9평큰방,7월협의",https://www.zigbang.com/home/apt/items/49355568
2026-06-17 09:05:10,오피스텔,49197644,월세,01,경상북도 김천시 율곡동,김천시,율곡동,300,38,0,42.97,13.0,8,율곡동 혁신도시 ktx 역 바로 앞 오피스텔입니다,https://www.zigbang.com/home/apt/items/49197644
2026-06-17 09:05:10,오피스텔,49375749,전세,01,경상북도 김천시 율곡동,김천시,율곡동,9000,0,0,70.03,21.18,13,"코아루,분리형큰방,9월초",https://www.zigbang.com/home/apt/items/49375749
2026-06-17 09:05:10,오피스텔,49351239,월세,01,경상북도 김천시 율곡동,김천시,율곡동,300,40,0,42,12.7,중,김천시 율곡동 혁신1 ktx 바로 앞 오피스텔,https://www.zigbang.com/home/apt/items/49351239
2026-06-17 09:05:12,오피스텔,49166088,월세,01,대구시 동구 신천동,동구,신천동,500,50,0,58.67,17.75,15,"테라스,,,교통좋고 전망좋은 풀옵션 넓은타입의 인기오피스",https://www.zigbang.com/home/apt/items/49166088
2026-06-17 09:05:12,오피스텔,49239496,월세,01,대구시 동구 신천동,동구,신천동,1000,40,0,54.75,16.56,저,"테라스,,,교통좋고 풀옵션에 구조예쁜 착한월세의 인기오피스",https://www.zigbang.com/home/apt/items/49239496
2026-06-17 09:05:12,오피스텔,49240253,월세,01,대구시 동구 신천동,동구,신천동,500,40,0,55.51,16.79,중,동대구역 바로앞 관리잘된 오피스텔 최저가 착한임대인 전입o,https://www.zigbang.com/home/apt/items/49240253
2026-06-17 09:05:12,오피스텔,49210148,월세,01,대구시 동구 신천동,동구,신천동,500,43,0,52.89,16.0,고,전입ok 입주청소완료 착한임대인 즉시입주가능 깔끔한호실,https://www.zigbang.com/home/apt/items/49210148
2026-06-17 09:05:12,오피스텔,49166132,월세,01,대구시 동구 신천동,동구,신천동,500,38,0,46.12,13.95,9,"테라스,,,동대구환승센타앞 풀옵션 착한가격의 인기오피스텔",https://www.zigbang.com/home/apt/items/49166132
2026-06-17 09:05:13,오피스텔,49334738,월세,01,경상북도 구미시 임수동,구미시,임수동,100,37,0,47.03,14.23,8,"주차편리,인근e마트,동락공원,편리한붙박이장",https://www.zigbang.com/home/apt/items/49334738
2026-06-17 09:05:13,오피스텔,49071815,월세,01,경상북도 구미시 임수동,구미시,임수동,300,38,0,47.03,14.23,7,"주차편리,깨끗한방,인근e마트,동락공원",https://www.zigbang.com/home/apt/items/49071815
2026-06-17 09:05:13,오피스텔,49071403,매매,01,경상북도 구미시 임수동,구미시,임수동,6400,0,6400,47.03,14.23,19,"멋진낙동강과 동락공원뷰, 생활편리한구조",https://www.zigbang.com/home/apt/items/49071403
2026-06-17 09:05:13,오피스텔,49193537,월세,01,경상북도 구미시 임수동,구미시,임수동,200,36,0,47.03,14.23,9,"주차아주편리,바로옆e마트,동락공원",https://www.zigbang.com/home/apt/items/49193537
2026-06-17 09:05:13,오피스텔,49334722,전세,01,경상북도 구미시 임수동,구미시,임수동,7000,0,0,47.03,14.23,18,"멋진낙동강뷰,8월초입주,생활편리한구조,인근e마트",https://www.zigbang.com/home/apt/items/49334722
2026-06-17 09:06:51,오피스텔,49362519,월세,01,인천시 중구 운서동,중구,운서동,300,25,0,54.39,16.45,10,무료셔틀버스 운행,https://www.zigbang.com/home/apt/items/49362519
2026-06-17 09:06:51,오피스텔,49328637,월세,01,인천시 중구 운서동,중구,운서동,300,25,0,50.16,15.17,중,무료셔틀버스 인천공항 및 화물터미널 운행,https://www.zigbang.com/home/apt/items/49328637
2026-06-17 09:06:51,오피스텔,49285249,월세,01,인천시 중구 운서동,중구,운서동,1000,80,0,112.39,34.0,5,인천공항공사 바로앞 국제업무단지 오피스,https://www.zigbang.com/home/apt/items/49285249
2026-06-17 09:06:51,오피스텔,49248036,월세,01,인천시 중구 운서동,중구,운서동,300,30,0,64.72,19.58,10,"엘지에클라트 서향, 풀옵션, 무료셔틀버스 운행",https://www.zigbang.com/home/apt/items/49248036
2026-06-17 09:06:51,오피스텔,49328629,월세,04,인천시 중구 운서동,중구,운서동,500,45,0,83.6,25.29,12,"방, 거실 분리 구조 분양25평 무료셔틀버스 운행",https://www.zigbang.com/home/apt/items/49328629
2026-06-17 09:06:52,오피스텔,49198996,월세,03,인천시 중구 중산동,중구,중산동,300,45,0,66.12,20.0,23,탁트인 바다뷰 복층 •전입가능,https://www.zigbang.com/home/apt/items/49198996
2026-06-17 09:06:52,오피스텔,49390246,월세,03,인천시 중구 중산동,중구,중산동,500,65,0,57.97,17.54,22,"전입 신고 가능, 신축, 탑층, 남서향, 복층형 원룸",https://www.zigbang.com/home/apt/items/49390246
2026-06-17 09:06:52,오피스텔,49390162,월세,03,인천시 중구 중산동,중구,중산동,300,40,0,40.92,12.38,20,"복층형 원룸, 공간감 좋고 탁트인 시티뷰, 단기 가능",https://www.zigbang.com/home/apt/items/49390162
2026-06-17 09:06:52,오피스텔,49180161,월세,02,인천시 중구 중산동,중구,중산동,500,62,0,27,8.17,18,통창 신축 l 1.5룸 l 풀옵션 전입가능,https://www.zigbang.com/home/apt/items/49180161
2026-06-17 09:06:52,오피스텔,49180079,월세,04,인천시 중구 중산동,중구,중산동,1000,85,0,35,10.59,20,오션뷰 신축 . 투룸 . 전입가능 . 풀옵션,https://www.zigbang.com/home/apt/items/49180079
2026-06-17 09:06:52,오피스텔,49268103,월세,02,인천시 중구 중산동,중구,중산동,500,62,0,34.79,10.52,중,十귀한전입가능한세대十채광좋음十빠른입주가능十내부컨디션좋음十,https://www.zigbang.com/home/apt/items/49268103
2026-06-17 09:06:52,오피스텔,49390232,월세,02,인천시 중구 중산동,중구,중산동,500,65,0,57.97,17.54,7,"귀한 전입 가능, 신축, 1.5룸, 수납과 공간 모두 좋음",https://www.zigbang.com/home/apt/items/49390232
2026-06-17 09:06:52,오피스텔,49370607,월세,04,인천시 중구 중산동,중구,중산동,1000,70,0,45,13.61,6,신축 바다뷰투룸 .주차무료,https://www.zigbang.com/home/apt/items/49370607
2026-06-17 09:06:52,오피스텔,49390221,월세,04,인천시 중구 중산동,중구,중산동,1000,70,0,54.04,16.35,18,"귀한 투룸, 빠른 입주, 남동향, 오션뷰, 빠른 입주 가능",https://www.zigbang.com/home/apt/items/49390221
2026-06-17 09:07:53,오피스텔,49381812,월세,01,충청남도 당진시 수청동,당진시,수청동,50,67,0,61.11,18.49,9,"최대할인, 출장용 추천, 호텔식 풀옵션",https://www.zigbang.com/home/apt/items/49381812
2026-06-17 09:07:53,오피스텔,49228215,월세,01,충청남도 당진시 수청동,당진시,수청동,185,62,0,61.11,18.49,고,"최대할인, 버스터미널 5분, 풀옵션",https://www.zigbang.com/home/apt/items/49228215
2026-06-17 09:07:57,오피스텔,49388508,월세,02,충청남도 아산시 온천동,아산시,온천동,500,44,0,45.7,13.82,고,ㅣㅣㅣ  아산 일번 도시형 생활주택  ㅣㅣㅣ,https://www.zigbang.com/home/apt/items/49388508
2026-06-17 09:07:57,오피스텔,49225693,월세,01,충청남도 아산시 온천동,아산시,온천동,300,37,0,36.69,11.1,저,아산 갤러리휴리움,https://www.zigbang.com/home/apt/items/49225693
2026-06-17 09:07:57,오피스텔,49279529,월세,04,충청남도 아산시 온천동,아산시,온천동,500,60,0,49.59,15.0,6,온양온천 역전 인근 올리브힐 투룸형 아파트풀옵션,https://www.zigbang.com/home/apt/items/49279529
2026-06-17 09:07:57,오피스텔,49279528,월세,01,충청남도 아산시 온천동,아산시,온천동,300,35,0,34,10.28,4,온양온천 전철역세 권 원룸,https://www.zigbang.com/home/apt/items/49279528
2026-06-17 09:07:57,오피스텔,49210438,월세,01,충청남도 아산시 온천동,아산시,온천동,500,40,0,39.67,12.0,중,ooO귀한 오피스텔  온양온천역 도보가능 베란다유 oO,https://www.zigbang.com/home/apt/items/49210438
2026-06-17 09:07:57,오피스텔,49302760,월세,01,충청남도 아산시 온천동,아산시,온천동,300,45,0,23.5,7.11,10,100퍼센트 실매물  풀옵션  원룸형 안심중개사매물,https://www.zigbang.com/home/apt/items/49302760
2026-06-17 09:07:57,오피스텔,49242877,월세,01,충청남도 아산시 온천동,아산시,온천동,300,35,0,33.06,10.0,중,llll 온천역 부근 신축 도시형생활주택 llll,https://www.zigbang.com/home/apt/items/49242877
2026-06-17 09:07:57,오피스텔,49130336,월세,01,충청남도 아산시 온천동,아산시,온천동,300,35,0,40,12.1,6,OOo최고 선호도 높은 오피스텔 조절가능OOo,https://www.zigbang.com/home/apt/items/49130336
2026-06-17 09:07:57,오피스텔,49212378,월세,01,충청남도 아산시 온천동,아산시,온천동,300,35,0,32.13,9.72,9,아산 갤러리휴리움,https://www.zigbang.com/home/apt/items/49212378
2026-06-17 09:07:57,오피스텔,49350018,월세,01,충청남도 아산시 온천동,아산시,온천동,300,35,0,33.06,10.0,5,온양온천역7분 신축 오피스텔 원룸 풀옵션 월세 반려동물0,https://www.zigbang.com/home/apt/items/49350018
2026-06-17 09:07:57,오피스텔,49202059,월세,01,충청남도 아산시 온천동,아산시,온천동,300,37,0,36.69,11.1,9,아산 갤러리휴리움,https://www.zigbang.com/home/apt/items/49202059
2026-06-17 09:07:57,오피스텔,49196041,월세,01,충청남도 아산시 온천동,아산시,온천동,500,35,0,46.28,14.0,6,ㅣㅣㅣ 아산 일번 도시형생활주택 ㅣㅣㅣ,https://www.zigbang.com/home/apt/items/49196041
2026-06-17 09:07:57,오피스텔,49146019,월세,01,충청남도 아산시 온천동,아산시,온천동,300,34,0,32.13,9.72,4,아산 갤러리휴리움,https://www.zigbang.com/home/apt/items/49146019
2026-06-17 09:07:57,오피스텔,49311558,월세,02,충청남도 아산시 배방읍 북수리,아산시,배방읍,1000,46,0,36.37,11.0,3,"북수리 유일 오피스텔,큰길,완벽주차,풀옵션",https://www.zigbang.com/home/apt/items/49311558
2026-06-17 09:07:57,오피스텔,49181358,월세,02,충청남도 아산시 배방읍 북수리,아산시,배방읍,1000,46,0,36.37,11.0,3,"북수리 유일 오피스텔,큰길,완벽주차,풀옵션",https://www.zigbang.com/home/apt/items/49181358
2026-06-17 09:07:57,오피스텔,49311543,월세,02,충청남도 아산시 배방읍 북수리,아산시,배방읍,1000,43,0,37.95,11.48,6,"북수리 유일 오피스텔,큰길,완벽주차,풀옵션",https://www.zigbang.com/home/apt/items/49311543
2026-06-17 09:07:57,오피스텔,49327685,월세,01,충청남도 아산시 탕정면 용두리,아산시,탕정면,52,52,0,28.64,8.66,8,전입가능한 단기매물 풀옵션원룸 전망좋음 주차편리,https://www.zigbang.com/home/apt/items/49327685
2026-06-17 09:07:57,오피스텔,49031139,월세,01,충청남도 아산시 탕정면 용두리,아산시,탕정면,300,45,0,55,16.64,7,브라운스톤 원룸. 기숙사 환영 업무용,https://www.zigbang.com/home/apt/items/49031139
2026-06-17 09:07:57,오피스텔,49327716,월세,01,충청남도 아산시 탕정면 용두리,아산시,탕정면,50,50,0,25.04,7.57,10,단기매물 전입가능 전망굿 풀옵션 원룸 즉시입주,https://www.zigbang.com/home/apt/items/49327716
2026-06-17 09:07:57,오피스텔,49252022,월세,02,충청남도 아산시 탕정면 용두리,아산시,탕정면,300,55,0,57.65,17.44,6,전입가능하고 전망이쁜 분리형 구조 풀옵션 관리비저렴,https://www.zigbang.com/home/apt/items/49252022
2026-06-17 09:07:57,오피스텔,49195458,월세,01,충청남도 아산시 모종동,아산시,모종동,500,35,0,42.97,13.0,3,아산터미널 인근,https://www.zigbang.com/home/apt/items/49195458
2026-06-17 09:07:57,오피스텔,49196713,월세,03,충청남도 아산시 권곡동,아산시,권곡동,300,28,0,40,12.1,1,lll 복층형 오피스텔 최저가 보장 llll,https://www.zigbang.com/home/apt/items/49196713
2026-06-17 09:07:57,오피스텔,49167148,월세,03,충청남도 아산시 모종동,아산시,모종동,300,40,0,62,18.75,중,oO빅싸이즈 오피스텔 내가 대장이다  oO,https://www.zigbang.com/home/apt/items/49167148
2026-06-17 09:07:57,오피스텔,49353013,월세,02,충청남도 아산시 권곡동,아산시,권곡동,300,33,0,40.33,12.2,5,oO럭셔리한 오피스텔 라이프 원해 층수에따라 조율가능oO,https://www.zigbang.com/home/apt/items/49353013
2026-06-17 09:07:57,오피스텔,49350009,월세,02,충청남도 아산시 온천동,아산시,온천동,300,25,0,60,18.15,6,온양온천역5분 넓은 원룸 풀옵션 월세,https://www.zigbang.com/home/apt/items/49350009
2026-06-17 09:07:57,오피스텔,49301526,월세,03,충청남도 아산시 권곡동,아산시,권곡동,300,33,0,60,18.15,4,역전10분 깔끔한 복층 원룸 풀옵션 월세,https://www.zigbang.com/home/apt/items/49301526
2026-06-17 09:07:57,오피스텔,49349925,월세,01,충청남도 아산시 온천동,아산시,온천동,300,34,0,60,18.15,1,온양온천역5분 첫입주 넓은 원룸 풀옵션 월세,https://www.zigbang.com/home/apt/items/49349925
2026-06-17 09:07:57,오피스텔,49349942,월세,03,충청남도 아산시 권곡동,아산시,권곡동,300,28,0,60,18.15,1,역전10분 깔끔한 복층 원룸 풀옵션 월세,https://www.zigbang.com/home/apt/items/49349942
2026-06-17 09:07:57,오피스텔,49210405,월세,01,충청남도 아산시 온천동,아산시,온천동,100,30,0,31,9.38,2,OOOo온양온천역 도보 OK  단기 가능OK OOOo,https://www.zigbang.com/home/apt/items/49210405
2026-06-17 09:07:57,오피스텔,49294656,월세,03,충청남도 아산시 모종동,아산시,모종동,300,40,0,64.53,19.52,9,lll 그냥 엣지 아님 엄청 큰 엣지입니다.lll,https://www.zigbang.com/home/apt/items/49294656
2026-06-17 09:07:57,오피스텔,49302797,월세,03,충청남도 아산시 모종동,아산시,모종동,500,35,0,57.06,17.26,11,원룸보다 2배 정도 큰 복층형 입니다.,https://www.zigbang.com/home/apt/items/49302797
2026-06-17 09:07:59,오피스텔,49307279,월세,01,충청남도 천안시 동남구 안서동,천안시 동남구,안서동,500,47,0,48,14.52,7,"보증금조절가능,안전한 오피스텔,대학교 근처, 입지좋음",https://www.zigbang.com/home/apt/items/49307279
2026-06-17 09:08:02,오피스텔,49326800,월세,01,경기도 화성시 만세구 향남읍 하길리,화성시 만세구,향남읍,300,50,0,49.42,14.95,고,중심상가내.넓은 원룸구조.생활형숙박시설. 테라스O.전입X,https://www.zigbang.com/home/apt/items/49326800
2026-06-17 09:08:02,오피스텔,49326880,월세,04,경기도 화성시 만세구 향남읍 상신리,화성시 만세구,향남읍,2000,100,0,70,21.17,고,신축 오피스텔. 전입가능 투룸형 구조.시스템에어컨O.,https://www.zigbang.com/home/apt/items/49326880
2026-06-17 09:08:02,오피스텔,49320922,월세,01,경기도 화성시 만세구 향남읍 하길리,화성시 만세구,향남읍,300,50,0,33.14,10.02,고,"O비전호텔리아O, 롯시데시네마인근 인프라최고, 개방감최고",https://www.zigbang.com/home/apt/items/49320922
2026-06-17 09:08:02,오피스텔,49386223,월세,04,경기도 화성시 만세구 향남읍 상신리,화성시 만세구,향남읍,1000,80,0,78.31,23.69,저,"수아주APT형 오피스텔, 풀옵션OK전입신고OK.",https://www.zigbang.com/home/apt/items/49386223
2026-06-17 09:08:02,오피스텔,49336114,월세,01,경기도 화성시 만세구 남양읍 남양리,화성시 만세구,남양읍,500,40,0,26.45,8.0,5,임대료 저렴하며  수납공간  많으며  버스정류장등 가까움,https://www.zigbang.com/home/apt/items/49336114
2026-06-17 09:08:02,오피스텔,49282462,월세,02,경기도 화성시 만세구 남양읍 남양리,화성시 만세구,남양읍,100,65,0,51.6,15.61,11,단기임대  화성시청앞 신축 오피스텔 1.5룸,https://www.zigbang.com/home/apt/items/49282462
2026-06-17 09:08:02,오피스텔,49336311,월세,01,경기도 화성시 만세구 남양읍 남양리,화성시 만세구,남양읍,500,40,0,39.67,12.0,4,수납공간 좋으며 조용하며 주차편리  버스정류장등 가까움,https://www.zigbang.com/home/apt/items/49336311
2026-06-17 09:08:02,오피스텔,49118758,월세,02,경기도 화성시 만세구 남양읍 남양리,화성시 만세구,남양읍,500,65,0,42.98,13.0,고,컨디션 좋은  주방 분리형   수납공간 많음 주차 아주편리,https://www.zigbang.com/home/apt/items/49118758
2026-06-17 09:08:02,오피스텔,49265235,월세,01,경기도 화성시 만세구 남양읍 남양리,화성시 만세구,남양읍,200,50,0,42.98,13.0,2,수납공간 많으며  방 넓음 단기임대도 전입신고 가능,https://www.zigbang.com/home/apt/items/49265235
2026-06-17 09:08:02,오피스텔,49343105,월세,01,경기도 화성시 만세구 남양읍 남양리,화성시 만세구,남양읍,300,50,0,39.67,12.0,3,방 넓어 침대 쇼파가능  수납공간 많음 세금계산서  발행,https://www.zigbang.com/home/apt/items/49343105
2026-06-17 09:08:04,오피스텔,49217469,월세,01,경기도 평택시 합정동,평택시,합정동,500,52,0,65.52,19.82,중,ㅁF1RSTㅁ실속과프레스티지를완성한공간ㅁ주차환경S클래스ㅁ선,https://www.zigbang.com/home/apt/items/49217469
2026-06-17 09:08:04,오피스텔,49343177,전세,02,경기도 평택시 합정동,평택시,합정동,6000,0,0,36.93,11.17,고,8월입주 평택역 전세대출 보증보험가능풀옵션큰분리형원룸전세,https://www.zigbang.com/home/apt/items/49343177
2026-06-17 09:08:04,오피스텔,49343009,월세,03,경기도 평택시 합정동,평택시,합정동,300,65,0,84.64,25.6,중,"8월입주 평택역 주차왕,수납왕,남향,복층다락 풀옵션 월세",https://www.zigbang.com/home/apt/items/49343009
2026-06-17 09:08:04,오피스텔,49342995,월세,01,경기도 평택시 합정동,평택시,합정동,300,65,0,75.59,22.87,고,"7월입주 평택역주차왕,수납왕,서향,높은층드레스룸풀옵션월세",https://www.zigbang.com/home/apt/items/49342995
2026-06-17 09:08:04,오피스텔,49343191,전세,02,경기도 평택시 합정동,평택시,합정동,6000,0,0,36.93,11.17,고,8월입주 평택역 전세대출보증보험가능풀옵션 큰 분리형원룸전세,https://www.zigbang.com/home/apt/items/49343191
2026-06-17 09:08:04,오피스텔,49217437,월세,01,경기도 평택시 합정동,평택시,합정동,500,52,0,65.52,19.82,11,ㅁF1RSTㅁ균형잡힌공간가치ㅁS급주차인프라ㅁ체감만족도상위ㅁ,https://www.zigbang.com/home/apt/items/49217437
2026-06-17 09:08:05,오피스텔,49326824,월세,03,경기도 화성시 만세구 향남읍 행정리,화성시 만세구,향남읍,500,48,0,36.36,11.0,2,감성있는 복층 원룸 오피스텔. 1지구 유일,https://www.zigbang.com/home/apt/items/49326824
2026-06-17 09:08:06,오피스텔,49333707,월세,03,경기도 용인시 기흥구 서천동,용인시 기흥구,서천동,100,65,0,43.7,13.22,8,"신축 풀옵션, 기흥 테라타워, 삼성전자, 경희대 근접",https://www.zigbang.com/home/apt/items/49333707
2026-06-17 09:08:06,오피스텔,49330438,월세,01,경기도 용인시 기흥구 서천동,용인시 기흥구,서천동,500,60,0,40.31,12.19,8,복층 생활형숙박시설.높은 층고로 개방감 좋음.전입신고 안됨,https://www.zigbang.com/home/apt/items/49330438
2026-06-17 09:08:06,오피스텔,49292006,월세,03,경기도 용인시 기흥구 서천동,용인시 기흥구,서천동,500,65,0,43.7,13.22,중,"전망 좋은 신축 생활형 숙박시설.전입신고 불가.건조기
옵션",https://www.zigbang.com/home/apt/items/49292006
2026-06-17 09:08:06,오피스텔,49333684,매매,03,경기도 용인시 기흥구 서천동,용인시 기흥구,서천동,11000,0,11000,46.84,14.17,7,"안정적 수익형,복층원룸, 경희대, 삼성DSR 근접",https://www.zigbang.com/home/apt/items/49333684
2026-06-17 09:08:06,오피스텔,49333645,월세,03,경기도 용인시 기흥구 서천동,용인시 기흥구,서천동,500,70,0,71.94,21.76,4,"복층형 원룸, 삼성DSR, 기흥테라타워, 경희대 도보가능",https://www.zigbang.com/home/apt/items/49333645
2026-06-17 09:08:06,오피스텔,49253588,월세,03,경기도 용인시 기흥구 서천동,용인시 기흥구,서천동,500,60,0,19.83,6.0,3,복층 신축.층고 높아 개방감 있음.전입불가.,https://www.zigbang.com/home/apt/items/49253588
2026-06-17 09:08:06,오피스텔,49333667,월세,03,경기도 용인시 기흥구 서천동,용인시 기흥구,서천동,500,60,0,40.21,12.16,4,"복층형, 경희대 , 기흥테라타워, 삼성기흥반도체 도보가능",https://www.zigbang.com/home/apt/items/49333667
2026-06-17 09:08:06,오피스텔,49363029,매매,01,경기도 화성시 동탄구 석우동,화성시 동탄구,석우동,5800,0,5800,49.84,15.08,중,초급매매.소액투자.즉시수익가능,https://www.zigbang.com/home/apt/items/49363029
2026-06-17 09:08:06,오피스텔,49326273,전세,01,경기도 화성시 동탄구 석우동,화성시 동탄구,석우동,10000,0,0,56.05,16.96,고,무융자 버팀목 모든대출 가능 보증보험 가능 준신축,https://www.zigbang.com/home/apt/items/49326273
2026-06-17 09:08:06,오피스텔,49140191,월세,01,경기도 화성시 동탄구 석우동,화성시 동탄구,석우동,1000,50,0,56.06,16.96,4,즉시입주. 전입불가. 높은천장. 오픈형원룸. 풀옵션,https://www.zigbang.com/home/apt/items/49140191
2026-06-17 09:08:06,오피스텔,49165034,월세,01,경기도 용인시 기흥구 서천동,용인시 기흥구,서천동,500,60,0,26.45,8.0,5,생활형 숙박시설.전입신고불가.,https://www.zigbang.com/home/apt/items/49165034
2026-06-17 09:08:06,오피스텔,49393419,월세,01,경기도 용인시 기흥구 서천동,용인시 기흥구,서천동,500,53,0,19.83,6.0,2,경희마크329.단층. 세탁기.냉장고 .에어컨.전입불가,https://www.zigbang.com/home/apt/items/49393419
2026-06-17 09:08:06,오피스텔,49319591,월세,03,경기도 용인시 기흥구 서천동,용인시 기흥구,서천동,500,60,0,43.58,13.18,6,"공원뷰 풀옵션, 기흥테라타워, 삼성기흥반도체, 경희대 근접",https://www.zigbang.com/home/apt/items/49319591
2026-06-17 09:08:07,오피스텔,49261736,월세,01,경기도 용인시 처인구 김량장동,용인시 처인구,김량장동,500,55,0,33.06,10.0,3,"용인터미널옆 오피스텔, 주차장 만차로 주차대기필요",https://www.zigbang.com/home/apt/items/49261736
2026-06-17 09:08:07,오피스텔,49382498,매매,04,경기도 용인시 처인구 김량장동,용인시 처인구,김량장동,12000,0,12000,68.9,20.84,고,"용인터미널건너편,투룸형주거용오피스텔,급매물.",https://www.zigbang.com/home/apt/items/49382498
2026-06-17 09:08:07,오피스텔,49370843,매매,01,경기도 용인시 처인구 김량장동,용인시 처인구,김량장동,9000,0,9000,33.06,10.0,3,용인터미널 신축오피스텔형 원룸,https://www.zigbang.com/home/apt/items/49370843
2026-06-17 09:08:07,오피스텔,49146921,매매,01,경기도 용인시 처인구 김량장동,용인시 처인구,김량장동,6500,0,6500,33.05,10.0,11,용인터미널옆 에스원스마트빌 오피스텔주차불가,https://www.zigbang.com/home/apt/items/49146921
2026-06-17 09:08:07,오피스텔,49370717,월세,01,경기도 용인시 처인구 김량장동,용인시 처인구,김량장동,3000,40,0,30,9.07,중,"북향,교통 생활 편리한 시내권 원룸",https://www.zigbang.com/home/apt/items/49370717
2026-06-17 09:08:07,오피스텔,49189504,매매,01,경기도 용인시 처인구 김량장동,용인시 처인구,김량장동,6800,0,6800,34.45,10.42,4,"용인터미널부근,원룸형오피스텔,급매물.",https://www.zigbang.com/home/apt/items/49189504
2026-06-17 09:08:07,오피스텔,49257049,전세,01,경기도 용인시 처인구 김량장동,용인시 처인구,김량장동,8000,0,0,31.81,9.62,6,"남향,교통편리,생활 편리한 시내권 원룸",https://www.zigbang.com/home/apt/items/49257049
2026-06-17 09:08:07,오피스텔,49372408,월세,01,경기도 용인시 처인구 김량장동,용인시 처인구,김량장동,100,65,0,34.45,10.42,7,"용인터미널건너편,주거용원룸형오피스텔.",https://www.zigbang.com/home/apt/items/49372408
2026-06-17 09:08:07,오피스텔,49385199,월세,01,경기도 용인시 처인구 김량장동,용인시 처인구,김량장동,500,55,0,33.05,10.0,13,에스원스마트빌 깔끔하고 밝은 방입니다.주차불가,https://www.zigbang.com/home/apt/items/49385199
2026-06-17 09:08:07,오피스텔,49372513,월세,01,경기도 용인시 처인구 김량장동,용인시 처인구,김량장동,500,60,0,34.45,10.42,고,"용인터미널부근, 원룸형주거용오피스텔.",https://www.zigbang.com/home/apt/items/49372513
2026-06-17 09:08:07,오피스텔,49247784,월세,01,경기도 용인시 처인구 김량장동,용인시 처인구,김량장동,2000,45,0,32.12,9.72,10,"용인터미널건너편,원룸형오피스텔.",https://www.zigbang.com/home/apt/items/49247784
2026-06-17 09:08:07,오피스텔,49396584,월세,01,경기도 용인시 기흥구 중동,용인시 기흥구,중동,2500,45,0,29.75,9.0,6,초당역앞 풀옵션 오피스텔 임대,https://www.zigbang.com/home/apt/items/49396584
2026-06-17 09:08:07,오피스텔,49280738,월세,01,경기도 용인시 기흥구 중동,용인시 기흥구,중동,1500,50,0,29.75,9.0,9,초당역앞 풀옵션 오피스텔,https://www.zigbang.com/home/apt/items/49280738
2026-06-17 09:08:07,오피스텔,49311336,월세,01,세종시 세종 조치원읍 남리,,조치원읍,200,30,0,24,7.26,고,햇살가득한 오피스텔형 원룸,https://www.zigbang.com/home/apt/items/49311336
2026-06-17 09:08:07,오피스텔,49345275,월세,01,세종시 세종 조치원읍 상리,,조치원읍,200,32,0,24,7.26,고,"오피스텔형 원룸 , 풀셋팅",https://www.zigbang.com/home/apt/items/49345275
2026-06-17 09:08:07,오피스텔,49345292,월세,01,세종시 세종 조치원읍 원리,,조치원읍,500,40,0,36.36,11.0,고,인프라 최강  신축급,https://www.zigbang.com/home/apt/items/49345292
2026-06-17 09:08:07,오피스텔,49311320,월세,01,세종시 세종 조치원읍 원리,,조치원읍,200,32,0,21,6.35,4,인프라 최고  준신축 원룸,https://www.zigbang.com/home/apt/items/49311320
2026-06-17 09:08:07,오피스텔,49311468,월세,01,세종시 세종 조치원읍 남리,,조치원읍,100,32,0,23.14,7.0,중,준신축 햇살가득한 방 풀셋팅,https://www.zigbang.com/home/apt/items/49311468
2026-06-17 09:08:09,오피스텔,49287241,월세,01,충청북도 청주시 청원구 오창읍 양청리,청주시 청원구,오창읍,300,60,0,47.01,14.22,고,"6월중순 입주, 신축 풀옵션, 단기가능",https://www.zigbang.com/home/apt/items/49287241
2026-06-17 09:08:09,오피스텔,49375928,월세,04,충청북도 청주시 청원구 오창읍 양청리,청주시 청원구,오창읍,500,70,0,59.5,18.0,저,"전입가능, 주거용 오피스텔, 7월7일이후 입주가능",https://www.zigbang.com/home/apt/items/49375928
2026-06-17 09:08:09,오피스텔,49293464,월세,02,충청북도 청주시 청원구 오창읍 양청리,청주시 청원구,오창읍,500,60,0,59,17.85,중,ll 희소매물 ll 엘파크투베이 ll,https://www.zigbang.com/home/apt/items/49293464
2026-06-17 09:08:09,오피스텔,49389349,월세,01,충청북도 청주시 청원구 오창읍 양청리,청주시 청원구,오창읍,300,50,0,44,13.31,저,ll  A타입 ll 오피스형원룸 ll,https://www.zigbang.com/home/apt/items/49389349
2026-06-17 09:08:09,오피스텔,49157460,월세,04,충청북도 청주시 청원구 오창읍 양청리,청주시 청원구,오창읍,500,70,0,68.69,20.78,중,ll 인기좋은 ll 호수뷰투룸 ll,https://www.zigbang.com/home/apt/items/49157460
2026-06-17 09:08:09,오피스텔,49287101,월세,01,충청북도 청주시 청원구 오창읍 양청리,청주시 청원구,오창읍,300,50,0,44,13.31,고,"엘파크 로얄층, 7월초, 단기조정가능",https://www.zigbang.com/home/apt/items/49287101
2026-06-17 09:08:09,오피스텔,49352497,전세,04,충청북도 청주시 청원구 오창읍 양청리,청주시 청원구,오창읍,9000,0,0,68,20.57,중,ll 귀한전세 ll 엘파크 투룸 ll,https://www.zigbang.com/home/apt/items/49352497
2026-06-17 09:08:09,오피스텔,49319280,월세,04,충청북도 청주시 청원구 오창읍 양청리,청주시 청원구,오창읍,1000,60,0,68,20.57,중,ll 엘파크 ll 위치굿컨디션굿굿 ll,https://www.zigbang.com/home/apt/items/49319280
2026-06-17 09:08:09,오피스텔,49300801,월세,01,충청북도 청주시 상당구 남문로1가,청주시 상당구,남문로1가,300,40,0,49.59,15.0,고,뜨레비앙원룸 오피스텔,https://www.zigbang.com/home/apt/items/49300801
2026-06-17 09:08:09,오피스텔,49096285,월세,01,충청북도 청주시 상당구 북문로2가,청주시 상당구,북문로2가,300,35,0,39.66,12.0,중,월세최저가   완전풀옵션,https://www.zigbang.com/home/apt/items/49096285
2026-06-17 09:08:09,오피스텔,49287156,월세,01,충청북도 청주시 청원구 오창읍 송대리,청주시 청원구,오창읍,200,35,0,29.75,9.0,중,"빠른입주, 깔끔한 원룸 풀옵션, 단기가능",https://www.zigbang.com/home/apt/items/49287156
2026-06-17 09:08:09,오피스텔,49271459,월세,01,충청북도 청주시 청원구 오창읍 송대리,청주시 청원구,오창읍,200,35,0,26.45,8.0,10,ll 최저가즉시입주월세 ll,https://www.zigbang.com/home/apt/items/49271459
2026-06-17 09:08:09,오피스텔,48991601,월세,01,충청북도 청주시 청원구 오창읍 송대리,청주시 청원구,오창읍,200,35,0,36.51,11.04,중,"즉시 입주가능, 풀옵션 원룸형, 6개월단기",https://www.zigbang.com/home/apt/items/48991601
2026-06-17 09:08:09,오피스텔,49264326,월세,01,충청북도 청주시 청원구 오창읍 송대리,청주시 청원구,오창읍,200,35,0,26.45,8.0,중,ll 중층뻥뷰 ll 즉시입주 ll,https://www.zigbang.com/home/apt/items/49264326
2026-06-17 09:08:09,오피스텔,49396997,월세,01,충청북도 청주시 청원구 오창읍 송대리,청주시 청원구,오창읍,200,35,0,26.45,8.0,11,ll 즉시입주 가능 저렴매물 ll,https://www.zigbang.com/home/apt/items/49396997
2026-06-17 09:08:09,오피스텔,49264344,월세,01,충청북도 청주시 청원구 오창읍 송대리,청주시 청원구,오창읍,200,35,0,26.45,8.0,중,ll 최저가월세  ll 즉시입주 ll,https://www.zigbang.com/home/apt/items/49264344
2026-06-17 09:08:09,오피스텔,49271472,월세,01,충청북도 청주시 청원구 오창읍 송대리,청주시 청원구,오창읍,200,35,0,26.45,8.0,10,ll  당일입주 ll 최저가선점 ll,https://www.zigbang.com/home/apt/items/49271472
2026-06-17 09:08:11,오피스텔,49059993,월세,01,충청북도 음성군 맹동면 두성리,음성군,맹동면,500,50,0,57.58,17.42,8,호텔급 내부시설 최신시설   발코니유 8월12일 이후 입주,https://www.zigbang.com/home/apt/items/49059993
2026-06-17 09:08:23,오피스텔,49298578,월세,01,경기도 시흥시 정왕동,시흥시,정왕동,500,36,0,42.22,12.77,12,"옵션있음. 센트럴병원, 공학대 근처",https://www.zigbang.com/home/apt/items/49298578
2026-06-17 09:08:23,오피스텔,49298557,월세,03,경기도 시흥시 정왕동,시흥시,정왕동,500,45,0,75.88,22.95,6,즉시입주가능. 복층구조 옵션있음. 주차편리,https://www.zigbang.com/home/apt/items/49298557
2026-06-17 09:08:23,오피스텔,49298536,월세,01,경기도 시흥시 정왕동,시흥시,정왕동,300,29,0,47.76,14.45,2,도배 청소완료. 즉시입주 원룸형 복도안에 위치함,https://www.zigbang.com/home/apt/items/49298536
2026-06-17 09:08:23,오피스텔,49319023,월세,01,경기도 시흥시 정왕동,시흥시,정왕동,500,35,0,54.77,16.57,2,26년6월15입주가능. 메가폴리스 내 원룸구조.,https://www.zigbang.com/home/apt/items/49319023
2026-06-17 09:08:23,오피스텔,49338528,월세,03,경기도 시흥시 정왕동,시흥시,정왕동,500,45,0,68.98,20.87,5,복층구조 녹지전망. 빠른입주가능함.,https://www.zigbang.com/home/apt/items/49338528
2026-06-17 09:08:24,오피스텔,49378647,월세,05,인천시 연수구 연수동,연수구,연수동,2000,80,0,183,55.36,3,"수인선 연수역 초역세권 연수푸르지오오피스텔, 55평형,월세",https://www.zigbang.com/home/apt/items/49378647
2026-06-17 09:08:24,오피스텔,49251879,월세,05,인천시 연수구 연수동,연수구,연수동,2000,85,0,72.72,22.0,중,"연수역 이레하이니스오피스텔 22평형 전세,방3개 부가세별도",https://www.zigbang.com/home/apt/items/49251879
2026-06-17 09:08:24,오피스텔,49390321,월세,03,인천시 연수구 연수동,연수구,연수동,500,45,0,42.97,13.0,고,두손메카 오피스텔,https://www.zigbang.com/home/apt/items/49390321
2026-06-17 09:08:24,오피스텔,49171875,전세,01,인천시 연수구 연수동,연수구,연수동,7000,0,0,69.42,21.0,8,연수역초역세권 만인타워 오피스텔 21평형  전세,https://www.zigbang.com/home/apt/items/49171875
2026-06-17 09:08:24,오피스텔,49270127,월세,02,인천시 연수구 연수동,연수구,연수동,1000,75,0,103,31.16,3,"수인선 연수역초역세권,연수푸르지오오피스텔,31평형,전입불가",https://www.zigbang.com/home/apt/items/49270127
2026-06-17 09:08:24,오피스텔,49363254,월세,02,인천시 연수구 청학동,연수구,청학동,5000,50,0,86,26.01,5,연수역 초역세권 연수푸르지오오피스텔 26평형 월세 전입가능,https://www.zigbang.com/home/apt/items/49363254
2026-06-17 09:08:24,오피스텔,49188039,월세,01,인천시 연수구 연수동,연수구,연수동,300,45,0,46.28,14.0,중,연수동 깨끗한 오피스텔,https://www.zigbang.com/home/apt/items/49188039
2026-06-17 09:08:24,오피스텔,49390357,월세,01,인천시 연수구 연수동,연수구,연수동,50,32,0,19.83,6.0,8,연수동  무보증 단기임대  오피스텔,https://www.zigbang.com/home/apt/items/49390357
2026-06-17 09:08:24,오피스텔,49390341,월세,01,인천시 연수구 연수동,연수구,연수동,300,35,0,33.06,10.0,7,연수동 중심가 오피스텔,https://www.zigbang.com/home/apt/items/49390341
2026-06-17 09:08:24,오피스텔,49180021,전세,02,인천시 연수구 송도동,연수구,송도동,18500,0,0,105.79,32.0,저,송도내 넓은 1.5룸구조,https://www.zigbang.com/home/apt/items/49180021
2026-06-17 09:08:24,오피스텔,49390372,월세,01,인천시 연수구 연수동,연수구,연수동,500,40,0,49,14.82,중,연수동 연수역 바로앞 오피스텔,https://www.zigbang.com/home/apt/items/49390372
2026-06-17 09:08:25,오피스텔,48968266,월세,01,경기도 시흥시 정왕동,시흥시,정왕동,500,45,0,89.1,26.95,11,"정왕동 제일 안전한 오피스텔,시설 아주 좋아유",https://www.zigbang.com/home/apt/items/48968266
2026-06-17 09:08:25,오피스텔,49355571,월세,01,경기도 시흥시 정왕동,시흥시,정왕동,300,48,0,27.16,8.22,저,정왕역도보 풀옵션 빌트인,https://www.zigbang.com/home/apt/items/49355571
2026-06-17 09:08:25,오피스텔,49125878,월세,01,경기도 시흥시 정왕동,시흥시,정왕동,300,48,0,27.26,8.25,중,"보안 최상, 신축급 오피스텔,  보증금 조정가능, 정왕역,",https://www.zigbang.com/home/apt/items/49125878
2026-06-17 09:08:25,오피스텔,49270128,매매,01,경기도 시흥시 정왕동,시흥시,정왕동,5800,0,5800,37.9,11.46,고,정왕역앞 위치 좋고 편의시설인접,https://www.zigbang.com/home/apt/items/49270128
2026-06-17 09:08:25,오피스텔,49270263,월세,01,경기도 시흥시 정왕동,시흥시,정왕동,400,40,0,43.41,13.13,고,깔끔한 원룸 정왕역바로앞,https://www.zigbang.com/home/apt/items/49270263
2026-06-17 09:08:25,오피스텔,49267956,월세,01,경기도 시흥시 정왕동,시흥시,정왕동,1000,43,0,14.31,4.33,9,"뻥뷰 신축 보안철저 생활편의  완벽한곳, 보증금 조정가능",https://www.zigbang.com/home/apt/items/49267956
2026-06-17 09:08:25,오피스텔,49300209,월세,01,경기도 시흥시 정왕동,시흥시,정왕동,500,45,0,27.26,8.25,중,식자재.정왕역도보 주차시설이 잘되어있어요,https://www.zigbang.com/home/apt/items/49300209
2026-06-17 09:08:25,오피스텔,49227016,월세,01,경기도 시흥시 정왕동,시흥시,정왕동,300,48,0,27.16,8.22,저,위치좋고 깔끔한 원룸,https://www.zigbang.com/home/apt/items/49227016
2026-06-17 09:08:25,오피스텔,49305968,월세,01,경기도 시흥시 정왕동,시흥시,정왕동,500,45,0,27.26,8.25,중,"보안최상,신축급 오피스텔,침대,보증금조정가능,  정왕역",https://www.zigbang.com/home/apt/items/49305968
2026-06-17 09:08:25,오피스텔,49392487,전세,03,경기도 시흥시 정왕동,시흥시,정왕동,4200,0,0,42.65,12.9,3,ㅇㅕㄱㅣㅇㅓㄸㅐ  깔끔한 복층 오피스텔,https://www.zigbang.com/home/apt/items/49392487
2026-06-17 09:08:26,오피스텔,49362218,월세,01,경기도 시흥시 월곶동,시흥시,월곶동,300,45,0,49.59,15.0,중,"즉시입주가능,풀옵션 원룸,월곶역앞",https://www.zigbang.com/home/apt/items/49362218
2026-06-17 09:08:26,오피스텔,49368066,월세,04,경기도 시흥시 월곶동,시흥시,월곶동,1000,80,0,101.06,30.57,12,"업무용,방2,넓은거실,확트인 남서향,바다뷰,전입가능",https://www.zigbang.com/home/apt/items/49368066
2026-06-17 09:08:26,오피스텔,49313016,월세,01,경기도 시흥시 월곶동,시흥시,월곶동,300,32,0,33.06,10.0,중,"남서향,월곶역세권,풀옵션원룸,공실",https://www.zigbang.com/home/apt/items/49313016
2026-06-17 09:08:26,오피스텔,49290385,전세,01,경기도 시흥시 월곶동,시흥시,월곶동,6200,0,0,43.72,13.23,12,"LH ,전세대출가능,보증보험가입가능,월곶역세권 풀옵션원룸",https://www.zigbang.com/home/apt/items/49290385
2026-06-17 09:08:26,오피스텔,49200798,월세,01,경기도 시흥시 월곶동,시흥시,월곶동,500,45,0,41.37,12.51,10,"공실,풀옵션,월곶역1분거리,깨끗함",https://www.zigbang.com/home/apt/items/49200798
2026-06-17 09:08:26,오피스텔,49226746,월세,05,경기도 시흥시 능곡동,시흥시,능곡동,1000,130,0,129.57,39.19,9,"전인신고 가능, 시흥능곡역 바로 앞 신축 오피스텔입니다.",https://www.zigbang.com/home/apt/items/49226746
2026-06-17 09:08:26,오피스텔,49314603,월세,05,경기도 시흥시 장현동,시흥시,장현동,500,110,0,83.76,25.34,저,"ㅇㅕㄱㅣㅇㅓㄸㅐ  단기, 신축 첫입주급 오피스텔",https://www.zigbang.com/home/apt/items/49314603
2026-06-17 09:08:26,오피스텔,49307300,월세,04,경기도 시흥시 장현동,시흥시,장현동,3000,100,0,123.21,37.27,10,"전입신고 가능, 풀옵션 투룸 오피스텔입니다.",https://www.zigbang.com/home/apt/items/49307300
2026-06-17 09:08:26,오피스텔,49361681,월세,04,경기도 시흥시 능곡동,시흥시,능곡동,1000,110,0,113.58,34.36,6,"전입신고 가능, 시흥능곡역 2번 출구 바로 앞 오피스텔",https://www.zigbang.com/home/apt/items/49361681
2026-06-17 09:08:26,오피스텔,49392978,매매,01,경기도 시흥시 장현동,시흥시,장현동,10000,0,10000,22.83,6.91,2,"풀옵션 원룸, 시흥시청역에서 도보로 약 5분거리",https://www.zigbang.com/home/apt/items/49392978
2026-06-17 09:08:26,오피스텔,49369738,전세,01,경기도 시흥시 장현동,시흥시,장현동,9500,0,0,22.83,6.91,6,"시흥시청역에서 도보로 약5분거리, 풀옵션 원룸",https://www.zigbang.com/home/apt/items/49369738
2026-06-17 09:08:27,오피스텔,49390004,월세,01,인천시 중구 중산동,중구,중산동,300,39,0,44.88,13.58,중,"KK오션뷰,테라스있음,풀옵션,즉시입주,상태좋음,VAT별도",https://www.zigbang.com/home/apt/items/49390004
2026-06-17 09:08:27,오피스텔,49390348,월세,03,인천시 중구 중산동,중구,중산동,200,45,0,38.69,11.7,고,"신축, 복층형원룸, 남서향, 사이드 오션뷰, 빠른 입주",https://www.zigbang.com/home/apt/items/49390348
2026-06-17 09:08:27,오피스텔,49390201,월세,01,인천시 중구 중산동,중구,중산동,200,37,0,44.88,13.58,고,"신축, 원룸, 시티뷰, 테라스O, 단기 가능, 빠른 입주",https://www.zigbang.com/home/apt/items/49390201
2026-06-17 09:08:27,오피스텔,49343885,월세,03,인천시 중구 중산동,중구,중산동,300,45,0,39.13,11.84,18,"귀한전입가능매물,풀옵션,바다뷰",https://www.zigbang.com/home/apt/items/49343885
2026-06-17 09:08:27,오피스텔,49268084,월세,03,인천시 중구 중산동,중구,중산동,200,40,0,40,12.1,고,十풀오션十내부컨디션좋음十최저가월세十빠른입주가능十,https://www.zigbang.com/home/apt/items/49268084
2026-06-17 09:08:27,오피스텔,49372407,월세,03,인천시 중구 중산동,중구,중산동,200,45,0,42.98,13.0,중,十빠른입주가능十전면오션뷰十최저가월세十풀옵션十,https://www.zigbang.com/home/apt/items/49372407
2026-06-17 09:08:27,오피스텔,49268116,월세,03,인천시 중구 중산동,중구,중산동,200,40,0,39,11.8,중,十최저가월세十내부컨디션좋음十빠른입주가능十,https://www.zigbang.com/home/apt/items/49268116
2026-06-17 09:08:27,오피스텔,49390626,월세,03,인천시 중구 중산동,중구,중산동,200,42,0,39.55,11.96,고,"신축, 복층형 원룸, 최저가 월세, 즉시 입주, 단기O",https://www.zigbang.com/home/apt/items/49390626
2026-06-17 09:08:27,오피스텔,49390133,월세,03,인천시 중구 중산동,중구,중산동,200,40,0,44.88,13.58,중,"신축, 복층형원룸, 남동향, 오션뷰, 테라스O, 채광 좋음",https://www.zigbang.com/home/apt/items/49390133
2026-06-17 09:08:27,오피스텔,49391255,월세,03,인천시 중구 중산동,중구,중산동,300,35,0,44.88,13.58,중,"KK입주협의,복층 테라스 시티뷰,풀옵션,노을맛집KK",https://www.zigbang.com/home/apt/items/49391255
2026-06-17 09:08:27,오피스텔,49096134,월세,03,인천시 중구 중산동,중구,중산동,200,37,0,33.06,10.0,6,"복층 풀옵션 테라스 , 주차원활ㆍ중개비없음",https://www.zigbang.com/home/apt/items/49096134
2026-06-17 09:08:27,오피스텔,49359120,월세,01,인천시 중구 중산동,중구,중산동,200,40,0,39.67,12.0,중,탁트인 시티뷰  고층 ㆍ테라스  풀옵션ㆍ단기가능,https://www.zigbang.com/home/apt/items/49359120
2026-06-17 09:08:27,오피스텔,49343984,월세,03,인천시 중구 중산동,중구,중산동,200,45,0,39,11.8,중,十테라스十전면오션뷰十빠른입주가능十내부컨디션좋음十,https://www.zigbang.com/home/apt/items/49343984
2026-06-17 09:08:27,오피스텔,49353057,월세,02,인천시 부평구 부평동,부평구,부평동,1000,95,0,100,30.25,중,"즉시입주,전망좋아요,풀옵션,부평역초역세권,주차편리",https://www.zigbang.com/home/apt/items/49353057
2026-06-17 09:08:27,오피스텔,49348183,월세,04,인천시 부평구 부평동,부평구,부평동,2000,130,0,139.89,42.32,중,풀옵션 . 채광좋은 정남향. 이사협의해요,https://www.zigbang.com/home/apt/items/49348183
2026-06-17 09:08:27,오피스텔,49169082,전세,02,인천시 부평구 부평동,부평구,부평동,21000,0,0,100,30.25,고,"전입가능,전세대출가능,풀옵션,부평역10분",https://www.zigbang.com/home/apt/items/49169082
2026-06-17 09:08:27,오피스텔,49364093,월세,02,인천시 부평구 부평동,부평구,부평동,1000,105,0,103.44,31.29,중,전입신고가능.내부최상.풀옵션.주차장넓음.이사여유있게,https://www.zigbang.com/home/apt/items/49364093
2026-06-17 09:08:27,오피스텔,49331463,매매,02,인천시 부평구 부평동,부평구,부평동,23100,0,23100,100.41,30.37,중,채광굿.뻥뷰.전세가로매수하세요.첫입주.풀옵션.넓은주차장,https://www.zigbang.com/home/apt/items/49331463
2026-06-17 09:08:27,오피스텔,49354024,월세,01,인천시 남동구 만수동,남동구,만수동,30,35,0,24,7.26,고,•••••만수동 준신축 오픈형 단기•••••,https://www.zigbang.com/home/apt/items/49354024
2026-06-17 09:08:27,오피스텔,49157010,월세,02,인천시 부평구 부평동,부평구,부평동,4800,75,0,103.44,31.29,중,전입가능해요.에어컨2대 풀옵션.최고뻥뷰시티.내부상태최상급,https://www.zigbang.com/home/apt/items/49157010
2026-06-17 09:08:28,오피스텔,49398092,월세,01,인천시 서구 마전동,서구,마전동,100,57,0,53.1,16.06,6,이수ㅡ초역세권ㅡ즉시입주ㅡ신축오피스텔ㅡ저렴보증금,https://www.zigbang.com/home/apt/items/49398092
2026-06-17 09:08:28,오피스텔,49330454,월세,02,인천시 서구 마전동,서구,마전동,300,65,0,66.82,20.21,7,이수ㅡ분리형타입ㅡ듀클래스ㅡ 신축 대형 오피스텔,https://www.zigbang.com/home/apt/items/49330454
2026-06-17 09:08:28,오피스텔,49191519,월세,03,인천시 서구 왕길동,서구,왕길동,200,40,0,36.37,11.0,10,단기가능 역세권 풀옵션 복층원룸,https://www.zigbang.com/home/apt/items/49191519
2026-06-17 09:08:28,오피스텔,49178719,월세,04,인천시 서구 마전동,서구,마전동,500,110,0,107.75,32.59,중,"K 거실 넓은 투룸, 초역세권,  신축 풀옵션 .주차완비",https://www.zigbang.com/home/apt/items/49178719
2026-06-17 09:08:28,오피스텔,49249686,전세,03,인천시 서구 왕길동,서구,왕길동,11850,0,0,58.77,17.78,9,역세권 깔끔한 복층형 원룸,https://www.zigbang.com/home/apt/items/49249686
2026-06-17 09:08:28,오피스텔,48991121,월세,03,인천시 서구 왕길동,서구,왕길동,70,40,0,39.3,11.89,10,왕길동 검단사거리역앞 복층형원룸 월세 단기 공실,https://www.zigbang.com/home/apt/items/48991121
2026-06-17 09:08:28,오피스텔,49330432,월세,01,인천시 서구 마전동,서구,마전동,300,50,0,53.1,16.06,중,이수ㅡ초역세권ㅡ신축오피스텔ㅡ컨디션최고,https://www.zigbang.com/home/apt/items/49330432
2026-06-17 09:08:28,오피스텔,49274246,월세,03,인천시 서구 마전동,서구,마전동,100,55,0,49.43,14.95,중,풀옵션 복층 도배하고 청소해드림 단기 가능,https://www.zigbang.com/home/apt/items/49274246
2026-06-17 09:08:28,오피스텔,49215848,월세,02,인천시 서구 마전동,서구,마전동,500,60,0,64.6,19.54,저,H 분리형 원룸 초역세권 신축 풀옵션,https://www.zigbang.com/home/apt/items/49215848
2026-06-17 09:08:28,오피스텔,49289544,월세,02,인천시 서구 마전동,서구,마전동,120,68,0,66.82,20.21,10,단기ㅡ큰분리형구조ㅡ 초역세권ㅡ 신축 오피스텔ㅡ반려동물가능,https://www.zigbang.com/home/apt/items/49289544
2026-06-17 09:08:28,오피스텔,49163019,전세,03,인천시 서구 왕길동,서구,왕길동,11850,0,0,58.77,17.78,고,검단사거리역 복층 풀옵션 오피스텔 LH전세,https://www.zigbang.com/home/apt/items/49163019
2026-06-17 09:08:28,오피스텔,49178653,월세,01,인천시 서구 마전동,서구,마전동,500,50,0,52.95,16.02,중,D 검단사거리 초역세권 신축 풀옵션,https://www.zigbang.com/home/apt/items/49178653
2026-06-17 09:08:28,오피스텔,49178778,월세,02,인천시 서구 마전동,서구,마전동,2000,75,0,94.19,28.49,중,G 방 1 거실 1 귀한 매물 초역세권  신축 풀옵션,https://www.zigbang.com/home/apt/items/49178778
2026-06-17 09:08:29,오피스텔,49363736,전세,02,서울시 구로구 천왕동,구로구,천왕동,21800,0,0,38.63,11.69,3,천왕역이용가능 테라스 풀옵션 1.5룸 복층 오피스텔 전세,https://www.zigbang.com/home/apt/items/49363736
2026-06-17 09:08:29,오피스텔,49388006,전세,03,서울시 구로구 천왕동,구로구,천왕동,21800,0,0,38.63,11.69,중,방1개거실1개화장실1개복층 전세 2억 1800만원,https://www.zigbang.com/home/apt/items/49388006
2026-06-17 09:08:29,오피스텔,49374111,월세,02,서울시 구로구 천왕동,구로구,천왕동,150,75,0,35.2,10.65,8,천왕역 도보10분 1.5룸 복층 풀옵션오피스텔  더메종,https://www.zigbang.com/home/apt/items/49374111
2026-06-17 09:08:29,오피스텔,49387926,월세,03,서울시 구로구 천왕동,구로구,천왕동,150,75,0,34.98,10.58,고,풀옵션 통유리 단기 가능,https://www.zigbang.com/home/apt/items/49387926
2026-06-17 09:08:29,오피스텔,49350117,전세,04,서울시 구로구 천왕동,구로구,천왕동,20000,0,0,41.4,12.52,9,뻥뷰1.5룸 HUG버팀목 보험100,https://www.zigbang.com/home/apt/items/49350117
2026-06-17 09:08:30,오피스텔,49159854,월세,01,경기도 부천시 오정구 오정동,부천시 오정구,오정동,500,42,0,31.36,9.49,8,효행복마을도시형생활주택,https://www.zigbang.com/home/apt/items/49159854
2026-06-17 09:08:29,오피스텔,49397334,월세,01,경기도 부천시 원미구 중동,부천시 원미구,중동,500,48,0,43.76,13.24,6,신중동 5분거리 대로변 단층 오피스텔 월세,https://www.zigbang.com/home/apt/items/49397334
2026-06-17 09:08:29,오피스텔,49277479,월세,03,경기도 부천시 원미구 중동,부천시 원미구,중동,500,50,0,51.35,15.53,고,복층구조 풀옵션 오피 주차 전입 트인뷰,https://www.zigbang.com/home/apt/items/49277479
2026-06-17 09:08:31,오피스텔,49081312,전세,04,경기도 김포시 고촌읍 신곡리,김포시,고촌읍,19800,0,0,79.75,24.12,중,"전세보증보험ok, 고촌역3분거리, 투룸, 풀옵션 오피스텔",https://www.zigbang.com/home/apt/items/49081312
2026-06-17 09:08:31,오피스텔,49249433,월세,02,경기도 김포시 고촌읍 신곡리,김포시,고촌읍,1000,70,0,67.09,20.29,7,"주소전입X,업무용,부가세별도,건조기풀옵션,김포공항1정거장",https://www.zigbang.com/home/apt/items/49249433
2026-06-17 09:08:31,오피스텔,49247692,월세,02,경기도 김포시 고촌읍 신곡리,김포시,고촌읍,1000,75,0,73.14,22.12,5,"고촌역세권, 업무용, 풀옵션 오피스텔",https://www.zigbang.com/home/apt/items/49247692
2026-06-17 09:08:31,오피스텔,49384577,월세,04,경기도 김포시 고촌읍 신곡리,김포시,고촌읍,3000,190,0,129.14,39.06,15,"전용17.7p 주거용 풀옵션 오피스텔, 빠른 입주가능",https://www.zigbang.com/home/apt/items/49384577
2026-06-17 09:08:31,오피스텔,49248633,월세,02,경기도 김포시 고촌읍 신곡리,김포시,고촌읍,1000,70,0,67.1,20.3,중,"1.5룸, 업무용, 고촌역세권, 풀옵션 오피스텔",https://www.zigbang.com/home/apt/items/49248633
2026-06-17 09:08:31,오피스텔,49130345,월세,02,경기도 김포시 고촌읍 신곡리,김포시,고촌읍,1000,75,0,63.09,19.08,7,"주거용,주소이전가능,7월입주, 풀옵션,마곡접근성 좋음",https://www.zigbang.com/home/apt/items/49130345
2026-06-17 09:08:31,오피스텔,49312023,월세,01,경기도 김포시 고촌읍 신곡리,김포시,고촌읍,500,50,0,45.78,13.85,4,"고촌역세권,풀옵션원룸,업무용,부별,빠른입점가능",https://www.zigbang.com/home/apt/items/49312023
2026-06-17 09:08:31,오피스텔,49386281,월세,02,경기도 김포시 고촌읍 신곡리,김포시,고촌읍,10000,80,0,109.71,33.19,8,"전용19.8평, 큰 투룸, 풀옵션, 고촌역세권, 업무용",https://www.zigbang.com/home/apt/items/49386281
2026-06-17 09:08:31,오피스텔,49386303,전세,04,경기도 김포시 고촌읍 신곡리,김포시,고촌읍,30000,0,0,109.71,33.19,8,"풀옵션투룸,보증보험ok,빠른입주가능",https://www.zigbang.com/home/apt/items/49386303
2026-06-17 09:08:32,오피스텔,49244570,월세,03,경기도 고양시 덕양구 향동동,고양시 덕양구,향동동,1000,70,0,19.93,6.03,고,월70 복층 원룸 ㅣ개인창고와 헬스시설 OK ㅣ드레스룸,https://www.zigbang.com/home/apt/items/49244570
2026-06-17 09:08:32,오피스텔,49136725,월세,03,경기도 고양시 덕양구 향동동,고양시 덕양구,향동동,1000,80,0,19.99,6.05,저,세대내에 개인테라스 복층 원룸 ㅣ상암동 5분거리,https://www.zigbang.com/home/apt/items/49136725
2026-06-17 09:08:32,오피스텔,49295562,월세,02,경기도 고양시 덕양구 향동동,고양시 덕양구,향동동,1000,100,0,29.99,9.07,중,전입가능한 뷰좋고 쾌적한 1.5룸 복층,https://www.zigbang.com/home/apt/items/49295562
2026-06-17 09:08:32,오피스텔,49303052,월세,03,서울시 은평구 신사동,은평구,신사동,1000,60,0,46.3,14.01,4,응암역 도보 3분 복층 오피스텔 월세정원 오피스텔,https://www.zigbang.com/home/apt/items/49303052
2026-06-17 09:08:32,오피스텔,49218259,월세,03,경기도 고양시 덕양구 향동동,고양시 덕양구,향동동,1000,70,0,21,6.35,중,원룸 복층 숲세권 오피스텔I빠른입주,https://www.zigbang.com/home/apt/items/49218259
2026-06-17 09:08:32,오피스텔,49116725,월세,02,경기도 고양시 덕양구 향동동,고양시 덕양구,향동동,1000,100,0,29.99,9.07,고,풀옵션 1.5 복층 I주차공간최고I단기가능,https://www.zigbang.com/home/apt/items/49116725
2026-06-17 09:08:32,오피스텔,49202106,월세,02,경기도 고양시 덕양구 향동동,고양시 덕양구,향동동,5000,90,0,69.42,21.0,8,전입신고가능 7월입주협의  남향 전망굳 버티컬설치,https://www.zigbang.com/home/apt/items/49202106
2026-06-17 09:08:32,오피스텔,49362103,월세,02,경기도 수원시 권선구 금곡동,수원시 권선구,금곡동,3000,50,0,73,22.08,중,"ACE,전입,방따로,드레스룸,1.5룸복층,귀한구조,.",https://www.zigbang.com/home/apt/items/49362103
2026-06-17 09:08:32,오피스텔,49290482,월세,02,경기도 수원시 권선구 금곡동,수원시 권선구,금곡동,500,90,0,77.44,23.43,중,"ACE,신축,초특급인테리어,세탁실별도,업무용",https://www.zigbang.com/home/apt/items/49290482
2026-06-17 09:08:32,오피스텔,49288277,월세,04,경기도 수원시 권선구 금곡동,수원시 권선구,금곡동,1000,85,0,51.48,15.57,4,다인1차 투룸형 복층 주거용 전입가능,https://www.zigbang.com/home/apt/items/49288277
2026-06-17 09:08:32,오피스텔,49362041,월세,02,경기도 수원시 권선구 금곡동,수원시 권선구,금곡동,1000,85,0,72.03,21.79,고,"ACE,남향,예쁜인테리어,복도개별창고,개별세탁실",https://www.zigbang.com/home/apt/items/49362041
2026-06-17 09:08:32,오피스텔,49253203,월세,01,경기도 수원시 권선구 금곡동,수원시 권선구,금곡동,2000,60,0,70.77,21.41,5,.R.깔끔한 오피스텔 사업자가능 전입X 빠른입주가능,https://www.zigbang.com/home/apt/items/49253203
2026-06-17 09:08:32,오피스텔,49080985,월세,04,경기도 수원시 권선구 금곡동,수원시 권선구,금곡동,1000,130,0,119.01,36.0,저,"ACE,귀한전입,초록전망,넓은투룸,복층,욕실2개,개별창고",https://www.zigbang.com/home/apt/items/49080985
2026-06-17 09:08:32,오피스텔,49373866,월세,01,경기도 수원시 권선구 금곡동,수원시 권선구,금곡동,100,80,0,85.77,25.95,5,.R.단기계약O 주 단위O 테라스있는 깔끔 오피스텔 넓어요,https://www.zigbang.com/home/apt/items/49373866
2026-06-17 09:08:32,오피스텔,49380954,전세,01,경기도 수원시 권선구 금곡동,수원시 권선구,금곡동,15000,0,0,81,24.5,중,리브 오픈형 원룸 주거용 저렴한 전세입니다,https://www.zigbang.com/home/apt/items/49380954
2026-06-17 09:08:32,오피스텔,49393208,월세,02,경기도 수원시 권선구 금곡동,수원시 권선구,금곡동,1000,85,0,73,22.08,중,"ACE,예쁜집,방따로1.5룸에 알파룸까지.",https://www.zigbang.com/home/apt/items/49393208
2026-06-17 09:08:32,오피스텔,49362171,월세,02,경기도 수원시 권선구 금곡동,수원시 권선구,금곡동,1000,68,0,78,23.59,저,"A,전입,1.5룸,트윈복층,조용한오피스텔",https://www.zigbang.com/home/apt/items/49362171
2026-06-17 09:08:32,오피스텔,49296996,월세,01,경기도 수원시 권선구 금곡동,수원시 권선구,금곡동,500,50,0,51.48,15.57,중,세종타운 오픈형 원룸 부가세 별도 업무용,https://www.zigbang.com/home/apt/items/49296996
2026-06-17 09:08:32,오피스텔,49310318,월세,02,경기도 수원시 권선구 금곡동,수원시 권선구,금곡동,1000,70,0,62,18.75,고,"ACE,전망굿,슬라이딩1.5룸,트윈복층,주거용전입",https://www.zigbang.com/home/apt/items/49310318
2026-06-17 09:08:32,오피스텔,49125900,월세,04,경기도 수원시 권선구 금곡동,수원시 권선구,금곡동,2000,125,0,118.98,35.99,중,"ACE,업무용,전망굿,예쁜신축오피,투룸,알파룸,풀옵션",https://www.zigbang.com/home/apt/items/49125900
2026-06-17 09:08:32,오피스텔,49301757,월세,04,경기도 수원시 권선구 금곡동,수원시 권선구,금곡동,1000,130,0,161.6,48.88,중,ꔚ 전속매물 I 전입가능 I 즉시 I 반려가능,https://www.zigbang.com/home/apt/items/49301757
2026-06-17 09:08:32,오피스텔,49233871,전세,02,경기도 수원시 권선구 금곡동,수원시 권선구,금곡동,16500,0,0,86.45,26.15,8,"무융자 보증보험, 대형 분리형, HUG대출 가능 풀옵",https://www.zigbang.com/home/apt/items/49233871
2026-06-17 09:08:33,오피스텔,49164440,전세,01,경기도 군포시 당동,군포시,당동,7000,0,0,39.66,12.0,저,당정역 도보5분거리,https://www.zigbang.com/home/apt/items/49164440
2026-06-17 09:08:33,오피스텔,49368495,월세,03,경기도 군포시 도마교동,군포시,도마교동,500,60,0,56.4,17.06,13,전입신고 불가. 사업자 있는분만 연락주세요,https://www.zigbang.com/home/apt/items/49368495
2026-06-17 09:08:33,오피스텔,49170195,전세,02,경기도 군포시 당동,군포시,당동,13600,0,0,35.17,10.64,중,준신축급인 오피스텔.융무.모든대출가능,https://www.zigbang.com/home/apt/items/49170195
2026-06-17 09:08:33,오피스텔,49368793,매매,03,경기도 군포시 도마교동,군포시,도마교동,9000,0,9000,56.4,17.06,3,주거용오피스텔로  투자용. 거주용 모두 가능합니다.,https://www.zigbang.com/home/apt/items/49368793
2026-06-17 09:08:33,오피스텔,49312853,전세,04,경기도 군포시 당동,군포시,당동,9600,0,0,57.52,17.4,2,전세대출가능.반환보증보험가능.융무.상담필수.LH안됨,https://www.zigbang.com/home/apt/items/49312853
2026-06-17 09:08:33,오피스텔,49273753,월세,03,경기도 군포시 도마교동,군포시,도마교동,500,60,0,56.4,17.06,2,전입신고불가.부가세별도금액으로 사업자있는분만,https://www.zigbang.com/home/apt/items/49273753
2026-06-17 09:08:33,오피스텔,49284888,전세,04,경기도 군포시 당동,군포시,당동,10000,0,0,49.58,15.0,고,보증금대출되는  오피스텔,https://www.zigbang.com/home/apt/items/49284888
2026-06-17 09:08:33,오피스텔,49244653,매매,03,경기도 군포시 부곡동,군포시,부곡동,10000,0,10000,46.28,14.0,4,의왕역 초근접 풀옵션 오피스텔입니다.,https://www.zigbang.com/home/apt/items/49244653
2026-06-17 09:08:33,오피스텔,49346187,월세,05,경기도 의왕시 삼동,의왕시,삼동,3000,140,0,136.26,41.22,7,의왕역과 시장 바로 눈앞 복복층 화장실3개 독립세대,https://www.zigbang.com/home/apt/items/49346187
2026-06-17 09:08:33,오피스텔,49312911,전세,04,경기도 군포시 당동,군포시,당동,18400,0,0,94.82,28.68,중,준신축.  아주좋음. 탁트임. 융무. 모든대출반환보증가능,https://www.zigbang.com/home/apt/items/49312911
2026-06-17 09:08:33,오피스텔,49343279,월세,05,경기도 의왕시 삼동,의왕시,삼동,3000,140,0,136.26,41.22,7,"방3화3 넓은 복복층, 가족거주하기 좋은곳,의왕역 역세권",https://www.zigbang.com/home/apt/items/49343279
2026-06-17 09:08:33,오피스텔,49244641,매매,04,경기도 군포시 부곡동,군포시,부곡동,18000,0,18000,96.12,29.08,고,투룸 복층 풀옵션 오피스텔입니다. 투자용,https://www.zigbang.com/home/apt/items/49244641
2026-06-17 09:08:34,오피스텔,49085070,매매,02,경기도 용인시 수지구 풍덕천동,용인시 수지구,풍덕천동,27500,0,27500,68.76,20.8,4,"정상입주,분리형원룸",https://www.zigbang.com/home/apt/items/49085070
2026-06-17 09:08:34,오피스텔,49348129,매매,01,경기도 용인시 수지구 풍덕천동,용인시 수지구,풍덕천동,15300,0,15300,42.94,12.99,13,"26년10월입주,성복역도보5분거리,공실no",https://www.zigbang.com/home/apt/items/49348129
2026-06-17 09:08:34,오피스텔,49271488,월세,01,경기도 용인시 수지구 풍덕천동,용인시 수지구,풍덕천동,10000,40,0,42.94,12.99,13,"7월초,전입가능한주거용오피스텔",https://www.zigbang.com/home/apt/items/49271488
2026-06-17 09:08:34,오피스텔,49348104,월세,01,경기도 용인시 수지구 풍덕천동,용인시 수지구,풍덕천동,1000,80,0,42.94,12.99,6,"전입가능,즉시입주",https://www.zigbang.com/home/apt/items/49348104
2026-06-17 09:08:33,오피스텔,49355300,월세,01,경기도 수원시 팔달구 인계동,수원시 팔달구,인계동,500,65,0,43.59,13.19,5,ㅣ화이트톤ㅣ떳다ㅣ최저가ㅣ,https://www.zigbang.com/home/apt/items/49355300
2026-06-17 09:08:33,오피스텔,49311759,월세,01,경기도 수원시 팔달구 인계동,수원시 팔달구,인계동,500,46,0,30,9.07,중,㉦ 역세권최강자 ㉦ 등장 ㉦,https://www.zigbang.com/home/apt/items/49311759
2026-06-17 09:08:33,오피스텔,49300893,월세,02,경기도 수원시 팔달구 인계동,수원시 팔달구,인계동,150,90,0,70.96,21.47,8,에이벨 l 공원뷰 화이트톤 단기꿀매물 풀옵션 주차편리 l,https://www.zigbang.com/home/apt/items/49300893
2026-06-17 09:08:33,오피스텔,49355943,전세,05,경기도 수원시 장안구 연무동,수원시 장안구,연무동,28000,0,0,115.45,34.92,13,예쁜집 집앞산책로,https://www.zigbang.com/home/apt/items/49355943
2026-06-17 09:08:33,오피스텔,49300775,월세,04,경기도 수원시 팔달구 인계동,수원시 팔달구,인계동,150,120,0,90.76,27.45,7,에이벨 l 공원뷰 화이트톤 단기꿀매물 풀옵션 주차편리 l,https://www.zigbang.com/home/apt/items/49300775
2026-06-17 09:08:33,오피스텔,49379916,전세,05,경기도 수원시 장안구 연무동,수원시 장안구,연무동,28000,0,0,115.45,34.92,13,"융자말소조건,신축 주거용 오피스텔, 보증보험 전세대출",https://www.zigbang.com/home/apt/items/49379916
2026-06-17 09:08:33,오피스텔,49373741,월세,01,경기도 수원시 팔달구 인계동,수원시 팔달구,인계동,500,35,0,31.41,9.5,중,.R.깔끔한 오피스텔 전입O 즉시입주O,https://www.zigbang.com/home/apt/items/49373741
2026-06-17 09:08:33,오피스텔,49177664,월세,03,경기도 수원시 팔달구 인계동,수원시 팔달구,인계동,3000,40,0,52.89,16.0,중,"융무,전입가능,애완절대불가",https://www.zigbang.com/home/apt/items/49177664
2026-06-17 09:08:35,오피스텔,49083719,월세,02,경기도 성남시 수정구 금토동,성남시 수정구,금토동,2000,90,0,86.96,26.31,고,"O1.5룸, 가성비 좋은 분리형, 사업자 부가세 별도.",https://www.zigbang.com/home/apt/items/49083719
2026-06-17 09:08:35,오피스텔,49234663,월세,05,경기도 성남시 수정구 금토동,성남시 수정구,금토동,3000,290,0,207.69,62.83,중,"L 업무용,블라인드, 방3,화장실2팬트리,스타일러외",https://www.zigbang.com/home/apt/items/49234663
2026-06-17 09:08:35,오피스텔,49236695,월세,02,경기도 성남시 수정구 금토동,성남시 수정구,금토동,2000,90,0,63.48,19.2,8,"O 1.5룸, 최고충 , 남향",https://www.zigbang.com/home/apt/items/49236695
2026-06-17 09:08:35,오피스텔,49364820,월세,05,경기도 성남시 수정구 금토동,성남시 수정구,금토동,3000,290,0,207.69,62.83,중,"L 조정가능,직장인가능,방3,욕실2,드레스룸외,",https://www.zigbang.com/home/apt/items/49364820
2026-06-17 09:08:35,오피스텔,49392591,월세,02,경기도 성남시 수정구 금토동,성남시 수정구,금토동,1000,140,0,117.31,35.49,8,"O 넓은 1.5룸, 고급 풀옵션, 펜트리장.",https://www.zigbang.com/home/apt/items/49392591
2026-06-17 09:08:35,오피스텔,49382589,월세,02,경기도 성남시 수정구 금토동,성남시 수정구,금토동,2000,200,0,149.65,45.27,중,"L 2룸, 직장인OK, 드레스룸, 세탁기,건조기, 전입불가",https://www.zigbang.com/home/apt/items/49382589
2026-06-17 09:08:35,오피스텔,49345839,월세,02,경기도 성남시 수정구 금토동,성남시 수정구,금토동,1500,165,0,121,36.6,중,"O 2룸, 넓은 거실, 아파트형 중문.",https://www.zigbang.com/home/apt/items/49345839
2026-06-17 09:08:35,오피스텔,49357993,월세,02,경기도 성남시 수정구 금토동,성남시 수정구,금토동,2000,180,0,145.78,44.1,4,"O 공실, 2룸, 넓은 거실,아파트형 구조, O 풀가전",https://www.zigbang.com/home/apt/items/49357993
2026-06-17 09:08:35,오피스텔,49214974,월세,04,경기도 성남시 수정구 금토동,성남시 수정구,금토동,2000,170,0,129.8,39.26,중,"L 방2, 팬트리,  붙박이장, 수납 공간굿, 전입X",https://www.zigbang.com/home/apt/items/49214974
2026-06-17 09:08:35,오피스텔,49374353,월세,01,경기도 용인시 기흥구 중동,용인시 기흥구,중동,4000,45,0,30,9.07,7,"전입가,풀옵션,예쁜 원룸형 아파트,수납 풍부함,남향",https://www.zigbang.com/home/apt/items/49374353
2026-06-17 09:08:35,오피스텔,49374351,월세,01,경기도 용인시 기흥구 중동,용인시 기흥구,중동,500,60,0,30,9.07,5,"전입가,풀옵션,수납장 많은 예쁜 원룸아파트,남향,즉시입주",https://www.zigbang.com/home/apt/items/49374351
2026-06-17 09:08:35,오피스텔,49396948,월세,01,경기도 성남시 분당구 판교동,성남시 분당구,판교동,1000,85,0,60.49,18.3,7,"사업자, 전만 좋은집, 깔끔하고 테라스있는집",https://www.zigbang.com/home/apt/items/49396948
2026-06-17 09:08:38,오피스텔,49361351,월세,01,서울시 관악구 봉천동,관악구,봉천동,2000,53,0,25.41,7.69,고,대로변 오피스텔 매물,https://www.zigbang.com/home/apt/items/49361351
2026-06-17 09:08:38,오피스텔,49382148,월세,01,서울시 관악구 봉천동,관악구,봉천동,1000,60,0,26.45,8.0,중,해짱 안전짱 역30초 여성전용,https://www.zigbang.com/home/apt/items/49382148
2026-06-17 09:08:38,오피스텔,49361363,월세,01,서울시 관악구 봉천동,관악구,봉천동,2000,50,0,27.82,8.42,저,낙성대역 위치 가장 좋은 집,https://www.zigbang.com/home/apt/items/49361363
2026-06-17 09:08:38,오피스텔,49373555,월세,02,서울시 동작구 사당동,동작구,사당동,2000,105,0,33.23,10.05,7,사당역 초인기 1.5룸형 오피스텔 빠른계약예상,https://www.zigbang.com/home/apt/items/49373555
2026-06-17 09:08:38,오피스텔,48924461,전세,01,서울시 관악구 남현동,관악구,남현동,18000,0,0,21.65,6.55,9,"귀한 ALL전세매물 , 버팀목HF, 보증보험가입",https://www.zigbang.com/home/apt/items/48924461
2026-06-17 09:08:38,오피스텔,49386793,월세,01,서울시 관악구 남현동,관악구,남현동,1000,60,0,22.82,6.9,4,"사당역코닿을거리초역세권,주차무료,채광굿,전입o오피스텔매물.",https://www.zigbang.com/home/apt/items/49386793
2026-06-17 09:08:38,오피스텔,49157152,전세,01,서울시 관악구 남현동,관악구,남현동,19000,0,0,19.9,6.02,8,"HF대출 가능,보증보험가입, 월세 불가",https://www.zigbang.com/home/apt/items/49157152
2026-06-17 09:08:39,오피스텔,49359233,월세,01,서울시 송파구 잠실동,송파구,잠실동,150,105,0,43.74,13.23,고,꒳꒳아주 깔끔한 가성비 좋은 오피스텔꒳꒳,https://www.zigbang.com/home/apt/items/49359233
2026-06-17 09:08:39,오피스텔,49296319,월세,02,서울시 강남구 삼성동,강남구,삼성동,3000,290,0,94.98,28.73,고,청담역 초역세권 신축도생 실평수11평 자주식주차 전입ok,https://www.zigbang.com/home/apt/items/49296319
2026-06-17 09:08:39,오피스텔,48806612,월세,01,서울시 송파구 잠실동,송파구,잠실동,1000,110,0,45.04,13.62,중,ꯁ 잠실쌍용 전지역매물보유 ꯁ 최저가 ꯁ,https://www.zigbang.com/home/apt/items/48806612
2026-06-17 09:08:39,오피스텔,49393190,월세,01,서울시 송파구 잠실동,송파구,잠실동,1000,81,0,45,13.61,저,ㅣ중개사추천ㅣ전입O 무융자 즉시입주가능,https://www.zigbang.com/home/apt/items/49393190
2026-06-17 09:08:39,오피스텔,49391621,월세,02,서울시 송파구 잠실동,송파구,잠실동,200,145,0,38.86,11.76,고,GD 신축급 깨끗한 오피스텔 실금액 실사진 리얼 계약매물,https://www.zigbang.com/home/apt/items/49391621
2026-06-17 09:08:39,오피스텔,49099465,월세,01,서울시 송파구 잠실동,송파구,잠실동,1000,105,0,25.8,7.8,6,종합운동장역 도보5분 전입OK 복층형 신축 원룸,https://www.zigbang.com/home/apt/items/49099465
2026-06-17 09:08:39,오피스텔,49356968,월세,01,서울시 송파구 잠실동,송파구,잠실동,150,125,0,42.97,13.0,12,ㅁ안심추천매물ㅁ 잠실새내역 바로 앞 초고층 씨티뷰,https://www.zigbang.com/home/apt/items/49356968
2026-06-17 09:08:39,오피스텔,49331206,월세,01,서울시 송파구 잠실동,송파구,잠실동,200,140,0,45.04,13.62,고,"ꕥꕥ 실매물실가격 ꕥꕥ 뷰,채광 끝내주는 신축 오피스텔",https://www.zigbang.com/home/apt/items/49331206
2026-06-17 09:08:39,오피스텔,49304855,전세,01,서울시 송파구 잠실동,송파구,잠실동,21000,0,0,28.68,8.68,고,"실매물O 전세대출O보증보험O 허그버팀목O, 내부상태 최상",https://www.zigbang.com/home/apt/items/49304855
2026-06-17 09:08:39,오피스텔,49170973,월세,01,서울시 송파구 삼전동,송파구,삼전동,1000,83,0,26.46,8.0,고,삼전역2분. 트인뷰. 가성비op. 자주식주차. 깔끔,https://www.zigbang.com/home/apt/items/49170973
2026-06-17 09:08:39,오피스텔,49311068,월세,01,서울시 송파구 삼전동,송파구,삼전동,1000,75,0,29.44,8.91,14,전입OK. 삼전역 도보1분 갓성비 원룸,https://www.zigbang.com/home/apt/items/49311068
2026-06-17 09:08:39,오피스텔,49285503,월세,01,서울시 송파구 삼전동,송파구,삼전동,150,110,0,24.72,7.48,고,꒳꒳꒳꒳고층 리모델링 호실 뷰 좋음꒳꒳꒳꒳,https://www.zigbang.com/home/apt/items/49285503
2026-06-17 09:08:39,오피스텔,49363899,월세,01,서울시 송파구 삼전동,송파구,삼전동,150,110,0,31.68,9.58,고,GD 삼전역도보 2분 즉시O 실매물 실금액 실사진,https://www.zigbang.com/home/apt/items/49363899
2026-06-17 09:08:39,오피스텔,49367813,월세,01,서울시 송파구 잠실동,송파구,잠실동,100,90,0,37.6,11.37,고,l 채광만점 l 최상급 보안 l 사이즈 good l,https://www.zigbang.com/home/apt/items/49367813
2026-06-17 09:08:41,오피스텔,49389506,월세,02,서울시 중랑구 상봉동,중랑구,상봉동,18500,9,0,33,9.98,17,전액보증보험 융자X 1.5룸 버팀목HF 서울시대출 주차,https://www.zigbang.com/home/apt/items/49389506
2026-06-17 09:08:41,오피스텔,49352174,월세,01,서울시 중랑구 상봉동,중랑구,상봉동,5000,79,0,28,8.47,20,"상봉역5분거리, 신축급 완벽한 1.5룸, 스타일러까지풀옵션",https://www.zigbang.com/home/apt/items/49352174
2026-06-17 09:08:41,오피스텔,49398636,전세,03,서울시 중랑구 상봉동,중랑구,상봉동,20000,0,0,35.08,10.61,저,ꯁ 선착순 전세 ꯁ 위버루체 전매물 보유 찐 최저가 ꯁ,https://www.zigbang.com/home/apt/items/49398636
2026-06-17 09:08:42,오피스텔,49325440,월세,01,서울시 송파구 문정동,송파구,문정동,200,130,0,48,14.52,13,"풀옵션 I 단기임대 I 인터넷,TV포함 I 몸만 오세요 I",https://www.zigbang.com/home/apt/items/49325440
2026-06-17 09:08:42,오피스텔,49351140,월세,01,서울시 송파구 문정동,송파구,문정동,200,130,0,48.74,14.74,13,"6월 27일 입주 I 풀옵션 단기임대 I 인터넷,TV포함",https://www.zigbang.com/home/apt/items/49351140
2026-06-17 09:08:42,오피스텔,49384031,전세,01,서울시 송파구 문정동,송파구,문정동,20700,0,0,42,12.7,7,"주거용,대출불가능,보험가능,상태최상,문정역연결,월세없음",https://www.zigbang.com/home/apt/items/49384031
2026-06-17 09:08:43,오피스텔,49342966,월세,03,서울시 송파구 방이동,송파구,방이동,10000,45,0,34.89,10.55,고,보증보험 HUG버팀목 가능 귀한 복층 반전세,https://www.zigbang.com/home/apt/items/49342966
2026-06-17 09:08:43,오피스텔,49296034,월세,03,서울시 송파구 방이동,송파구,방이동,150,120,0,50,15.12,6,방이동 신축 복층 오피스텔,https://www.zigbang.com/home/apt/items/49296034
2026-06-17 09:08:43,오피스텔,49381780,월세,03,서울시 송파구 방이동,송파구,방이동,20200,20,0,44.45,13.45,11,햇살 따뜻한 남향 보증보험 SH 버팀목 가능,https://www.zigbang.com/home/apt/items/49381780
2026-06-17 09:08:43,오피스텔,49393179,월세,03,서울시 송파구 방이동,송파구,방이동,17900,20,0,44.53,13.47,저,ㅣ중개사추천ㅣ보증보험 버팀목 모두 가능해요,https://www.zigbang.com/home/apt/items/49393179
2026-06-17 09:08:43,오피스텔,49382695,월세,04,서울시 송파구 가락동,송파구,가락동,1000,220,0,51.15,15.47,중,JRoad l 신축 투룸 풀옵션 역세권 전입신고 반려 주차,https://www.zigbang.com/home/apt/items/49382695
2026-06-17 09:08:43,오피스텔,49315280,월세,02,서울시 송파구 방이동,송파구,방이동,24000,50,0,50.67,15.33,중,올림픽공원과 지하철 8. 9호선 더블역세권 오피스텔,https://www.zigbang.com/home/apt/items/49315280
2026-06-17 09:08:43,오피스텔,49139191,월세,03,서울시 송파구 방이동,송파구,방이동,10000,50,0,38.69,11.7,고,귀한 반전세 매물 주거용,https://www.zigbang.com/home/apt/items/49139191
2026-06-17 09:08:43,오피스텔,49377715,월세,04,서울시 송파구 가락동,송파구,가락동,1000,210,0,50.83,15.38,6,신축 투룸 전입신고가능 역세권 대로변 풀옵션 인테리어 반려,https://www.zigbang.com/home/apt/items/49377715
2026-06-17 09:08:44,오피스텔,49327848,월세,01,서울시 강동구 천호동,강동구,천호동,1000,75,0,28.6,8.65,2,애완동물 가능 전입신고 확정일자 가능,https://www.zigbang.com/home/apt/items/49327848
2026-06-17 09:08:46,오피스텔,49270049,월세,02,경기도 김포시 운양동,김포시,운양동,1000,65,0,84.76,25.64,5,탑층 뻥뷰 전용13평 1.5룸  업무용 세금계 산서가능,https://www.zigbang.com/home/apt/items/49270049
2026-06-17 09:08:46,오피스텔,49253068,전세,01,경기도 김포시 운양동,김포시,운양동,8000,0,0,54.18,16.39,6,"8월중협의, 테라스형, 풀옵션, 전세자금대출, 보증보험가능",https://www.zigbang.com/home/apt/items/49253068
2026-06-17 09:08:46,오피스텔,49201941,월세,02,경기도 김포시 운양동,김포시,운양동,500,65,0,70.29,21.26,5,전용9.2 1.5룸 전입신고가능 최신스타일러 턱트인전망,https://www.zigbang.com/home/apt/items/49201941
2026-06-17 09:08:46,오피스텔,49221917,월세,01,경기도 김포시 장기동,김포시,장기동,500,45,0,39.67,12.0,5,"D1  장기동 수납대박 넓은 풀옵션오피스텔, 상태최상",https://www.zigbang.com/home/apt/items/49221917
2026-06-17 09:08:46,오피스텔,49381662,월세,02,경기도 김포시 운양동,김포시,운양동,100,75,0,54.59,16.51,고,q1.5룸ㅇ거실.중문.풀옵션ㅇ귀한호실ㅇ단기,https://www.zigbang.com/home/apt/items/49381662
2026-06-17 09:08:46,오피스텔,49264014,전세,01,경기도 김포시 운양동,김포시,운양동,8500,0,0,54.18,16.39,5,빠른입주 버팀목 보증보험가능  남향  융자무,https://www.zigbang.com/home/apt/items/49264014
2026-06-17 09:08:46,오피스텔,49391632,전세,04,경기도 김포시 운양동,김포시,운양동,15000,0,0,78.33,23.69,1,귀한2룸 전세대출 보증보험가능 남향 운양역5분,https://www.zigbang.com/home/apt/items/49391632
2026-06-17 09:08:46,오피스텔,49333470,월세,01,경기도 김포시 운양동,김포시,운양동,1000,50,0,53.13,16.07,10,"탁트인 한강뷰, 조용하고 집중력높은호실, 주거용, 융자무",https://www.zigbang.com/home/apt/items/49333470
2026-06-17 09:08:46,오피스텔,49381028,월세,01,경기도 김포시 장기동,김포시,장기동,500,45,0,46.21,13.98,중,q 빠른입주ok라베니체 유일 오피스텔O인프라굿ㅇ산책코스,https://www.zigbang.com/home/apt/items/49381028
2026-06-17 09:08:46,오피스텔,49159621,월세,02,경기도 김포시 운양동,김포시,운양동,500,55,0,58.49,17.69,9,1.5룸 남향 전입은안되요 6월말 기둥돌출없는방,https://www.zigbang.com/home/apt/items/49159621
2026-06-17 09:08:46,오피스텔,49181129,전세,01,경기도 김포시 운양동,김포시,운양동,6000,0,0,45,13.61,4,"빠른입주, 융자무, 탁트인개방감, 탑층, 풀옵션",https://www.zigbang.com/home/apt/items/49181129
2026-06-17 09:08:46,오피스텔,49316271,월세,01,경기도 김포시 장기동,김포시,장기동,500,45,0,46.21,13.98,5,u1  인프라최고 라베니체 빠른입주,https://www.zigbang.com/home/apt/items/49316271
2026-06-17 09:08:46,오피스텔,49364174,월세,01,경기도 김포시 장기동,김포시,장기동,500,45,0,33.15,10.03,6,HH 장기 유일 오피스텔o 라베니체 수로o예약필수,https://www.zigbang.com/home/apt/items/49364174
2026-06-17 09:08:46,오피스텔,49253137,전세,02,경기도 김포시 운양동,김포시,운양동,10500,0,0,67.79,20.51,4,"분리형1.5룸, 융자무, 풀옵션, 전세대출, 보증보험가능",https://www.zigbang.com/home/apt/items/49253137
2026-06-17 09:08:46,오피스텔,49342641,월세,02,경기도 김포시 운양동,김포시,운양동,4800,25,0,61.7,18.66,5,"분리형, 8월초 입주협의,보증금조정가능, 융자무",https://www.zigbang.com/home/apt/items/49342641
2026-06-17 09:08:48,오피스텔,49364597,월세,03,경기도 파주시 다율동,파주시,다율동,500,70,0,26.75,8.09,4,풀옵션 복층 사무실 전입불가 전용13평 엄청넓음,https://www.zigbang.com/home/apt/items/49364597
2026-06-17 09:08:48,오피스텔,49341681,월세,03,경기도 파주시 다율동,파주시,다율동,500,65,0,85.27,25.79,고,"넓은 원룸 복층 ,사업자만,전입불가, 풀옵션, 입주협의",https://www.zigbang.com/home/apt/items/49341681
2026-06-17 09:08:48,오피스텔,49249938,월세,03,경기도 고양시 일산동구 장항동,고양시 일산동구,장항동,500,65,0,56,16.94,고,일어설수 있는  높은복층청원레이크빌 2차 오피스텔,https://www.zigbang.com/home/apt/items/49249938
2026-06-17 09:08:48,오피스텔,49310268,월세,01,경기도 고양시 일산동구 장항동,고양시 일산동구,장항동,300,45,0,46,13.91,7,외부 동남향,https://www.zigbang.com/home/apt/items/49310268
2026-06-17 09:08:48,오피스텔,49372744,월세,01,경기도 고양시 일산동구 장항동,고양시 일산동구,장항동,300,45,0,44.82,13.56,4,막힘없는 남동향 깨끗한  방  ..풀옵션...우림오피스텔,https://www.zigbang.com/home/apt/items/49372744
2026-06-17 09:08:48,오피스텔,49394721,월세,01,경기도 고양시 일산동구 장항동,고양시 일산동구,장항동,300,42,0,44,13.31,10,옵션올교체 역세권  외부향 고층,https://www.zigbang.com/home/apt/items/49394721
2026-06-17 09:08:48,오피스텔,49373061,월세,01,경기도 고양시 일산동구 장항동,고양시 일산동구,장항동,600,70,0,69,20.87,8,주거용 전입가능 인기많은경찰서방향 전망굿,https://www.zigbang.com/home/apt/items/49373061
2026-06-17 09:08:48,오피스텔,49281246,월세,03,경기도 고양시 일산동구 장항동,고양시 일산동구,장항동,100,70,0,50,15.12,9,凹凹저렴한 복층 단기凹凹,https://www.zigbang.com/home/apt/items/49281246
2026-06-17 09:08:48,오피스텔,49397089,월세,03,경기도 고양시 일산동구 장항동,고양시 일산동구,장항동,1000,60,0,59.5,18.0,13,실제집사진 업청깨끗 밝고환한남향 럭셔리한 넓은복층입니다,https://www.zigbang.com/home/apt/items/49397089
2026-06-17 09:08:49,오피스텔,49326070,월세,01,경기도 고양시 덕양구 화정동,고양시 덕양구,화정동,1000,55,0,46.28,14.0,저,실11 공원앞 풀옵션 깨끗한 오피스텔 전입불가,https://www.zigbang.com/home/apt/items/49326070
2026-06-17 09:08:49,오피스텔,49385554,월세,04,경기도 고양시 덕양구 주교동,고양시 덕양구,주교동,2000,100,0,91.41,27.65,저,oO전입 최저가Oo 적 극 조 율  방2화1  놓치면후회,https://www.zigbang.com/home/apt/items/49385554
2026-06-17 09:08:49,오피스텔,49282342,월세,04,경기도 고양시 덕양구 주교동,고양시 덕양구,주교동,1000,110,0,119,36.0,저,ㅁ신축더블복층2룸ㅁ화장실2ㅁ에어컨ㅁ첫입주ㅁ추가옵션협의가능,https://www.zigbang.com/home/apt/items/49282342
2026-06-17 09:08:52,오피스텔,49321633,매매,03,경기도 파주시 월롱면 덕은리,파주시,월롱면,2600,0,2600,66.65,20.16,저,풀옵션  복층 오피스텔 세안고 매매,https://www.zigbang.com/home/apt/items/49321633
2026-06-17 09:08:52,오피스텔,49216566,월세,03,경기도 파주시 월롱면 덕은리,파주시,월롱면,200,28,0,66.65,20.16,고,즉시 입주가능한 깨끗한 오피스텔,https://www.zigbang.com/home/apt/items/49216566
2026-06-17 09:08:53,오피스텔,49315186,전세,03,서울시 은평구 대조동,은평구,대조동,15400,0,0,33.55,10.15,고,"연신내역 유진아이디움 복층, 전세자금대출가능",https://www.zigbang.com/home/apt/items/49315186
2026-06-17 09:08:53,오피스텔,49291665,월세,03,서울시 은평구 불광동,은평구,불광동,500,39,0,20.73,6.27,고,"연신내역 복층, 저렴한 오피스텔복층구조",https://www.zigbang.com/home/apt/items/49291665
2026-06-17 09:08:53,오피스텔,49207596,전세,02,서울시 은평구 갈현동,은평구,갈현동,20750,0,0,36.36,11.0,고,연신내인근 모든대출 복층1.5룸 전세 풀옵션 붙박이장,https://www.zigbang.com/home/apt/items/49207596
2026-06-17 09:08:53,오피스텔,49136232,월세,03,서울시 은평구 대조동,은평구,대조동,1000,80,0,30.92,9.35,고,"신축급 복층, 트리플 초역세권 최고급 밝고 깨끗",https://www.zigbang.com/home/apt/items/49136232
2026-06-17 09:08:53,오피스텔,49387924,월세,01,서울시 은평구 진관동,은평구,진관동,150,65,0,51.44,15.56,고,풀옵션 통유리 보증금 150만원에 월세 65만원 단기 가능,https://www.zigbang.com/home/apt/items/49387924
2026-06-17 09:08:53,오피스텔,49346947,월세,01,서울시 은평구 진관동,은평구,진관동,150,65,0,51.44,15.56,11,3호선 구파발역 도보3분 풀옵션 은평헤스티아 단기 월세,https://www.zigbang.com/home/apt/items/49346947
2026-06-17 09:08:53,오피스텔,49354430,월세,01,서울시 은평구 진관동,은평구,진관동,150,65,0,51.44,15.56,고,3호선 구파발역 도보2분 풀옵션 은평헤스티아 단기 월세,https://www.zigbang.com/home/apt/items/49354430
2026-06-17 09:08:53,오피스텔,49385831,월세,03,서울시 은평구 대조동,은평구,대조동,12700,13,0,33.55,10.15,고,"대출 및 보증보험 가능 ,신축급 복층, 밝고 깨끗 초역세권",https://www.zigbang.com/home/apt/items/49385831
2026-06-17 09:08:53,오피스텔,49254978,전세,04,서울시 은평구 갈현동,은평구,갈현동,38000,0,0,64.87,19.62,중,"3,6호선 연신내역 2분 모든대출 가능 풀옵션넓은투룸전세",https://www.zigbang.com/home/apt/items/49254978
2026-06-17 09:08:53,오피스텔,49387030,월세,03,서울시 은평구 대조동,은평구,대조동,2000,75,0,41.55,12.57,7,"신축급 복층, 완전 밝고 깨끗, 트리플 초역세권",https://www.zigbang.com/home/apt/items/49387030
2026-06-17 09:08:53,오피스텔,49265009,전세,02,서울시 은평구 갈현동,은평구,갈현동,20750,0,0,45.77,13.85,9,"3,6호선, GTX 연신내역9분 대출가능한 1.5룸 전세",https://www.zigbang.com/home/apt/items/49265009
2026-06-17 09:08:53,오피스텔,49388671,전세,02,서울시 은평구 갈현동,은평구,갈현동,17600,0,0,43.83,13.26,중,"1.5룸 전세 LH,중기청 모든대출가능연신내역안심귀가",https://www.zigbang.com/home/apt/items/49388671
2026-06-17 09:08:54,오피스텔,49312094,월세,01,서울시 노원구 상계동,노원구,상계동,500,70,0,33.06,10.0,고,7월7일이후 노원역1분 풀옵션 전입x,https://www.zigbang.com/home/apt/items/49312094
2026-06-17 09:08:54,오피스텔,49249372,매매,01,서울시 노원구 상계동,노원구,상계동,10000,0,10000,26.45,8.0,8,노원역 신축 원룸 오피스텔,https://www.zigbang.com/home/apt/items/49249372
2026-06-17 09:08:54,오피스텔,49350604,월세,03,서울시 노원구 상계동,노원구,상계동,1000,70,0,39.32,11.89,6,"노원역, 보미 오피스텔, 원룸 복층형 풀옵션 신축",https://www.zigbang.com/home/apt/items/49350604
2026-06-17 09:08:54,오피스텔,49272204,전세,04,서울시 도봉구 창동,도봉구,창동,34000,0,0,62.16,18.8,15,고층뻥뷰 2룸복층 풀옵션 대출보증보험 가능,https://www.zigbang.com/home/apt/items/49272204
2026-06-17 09:08:54,오피스텔,49050870,월세,01,서울시 노원구 상계동,노원구,상계동,1000,55,0,27.55,8.33,고,신축 소담빌 도시형생활주택및오피스텔,https://www.zigbang.com/home/apt/items/49050870
2026-06-17 09:08:54,오피스텔,49377555,월세,01,서울시 노원구 공릉동,노원구,공릉동,1000,68,0,26.2,7.93,19,"미라쉘, 6.7호선 출구앞, 전망이 좋은 고층 서북향",https://www.zigbang.com/home/apt/items/49377555
2026-06-17 09:08:54,오피스텔,49352188,월세,03,서울시 노원구 상계동,노원구,상계동,1000,70,0,29.76,9.0,4,풀옵션 신축복층 원룸.노원역 도보 2분,https://www.zigbang.com/home/apt/items/49352188
2026-06-17 09:08:54,오피스텔,49249404,매매,01,서울시 노원구 상계동,노원구,상계동,10000,0,10000,26.45,8.0,고,소담빌오피스텔및도시형생활주택,https://www.zigbang.com/home/apt/items/49249404
2026-06-17 09:08:54,오피스텔,49284796,전세,03,서울시 도봉구 창동,도봉구,창동,34000,0,0,66.12,20.0,저,허그버팀목ㅣ보증보험ㅣ투룸복층ㅣ신축첫입주,https://www.zigbang.com/home/apt/items/49284796
2026-06-17 09:08:54,오피스텔,49341077,전세,01,서울시 도봉구 방학동,도봉구,방학동,13800,0,0,38.52,11.65,6,"근저당없음, LH, SH가능,방학역 바로 앞, 이안오피스텔",https://www.zigbang.com/home/apt/items/49341077
2026-06-17 09:08:54,오피스텔,49368050,월세,01,서울시 도봉구 방학동,도봉구,방학동,1000,61,0,38.52,11.65,중,"초역세권, 전입신고가능, 주거형 오피스텔, 저렴한보증금",https://www.zigbang.com/home/apt/items/49368050
2026-06-17 09:08:54,오피스텔,49131925,전세,01,서울시 도봉구 방학동,도봉구,방학동,14000,0,0,28,8.47,6,LH.SH전세 방학역 초역세권,https://www.zigbang.com/home/apt/items/49131925
2026-06-17 09:08:54,오피스텔,49166454,월세,03,서울시 도봉구 방학동,도봉구,방학동,1000,65,0,23.14,7.0,11,"방학 신화하니엘씨티 월세, 전입신고 불가",https://www.zigbang.com/home/apt/items/49166454
2026-06-17 09:08:54,오피스텔,49136435,전세,01,서울시 도봉구 방학동,도봉구,방학동,14000,0,0,38.52,11.65,6,"LH가능, 이안테라디움 오피스텔, 원룸형 풀옵션",https://www.zigbang.com/home/apt/items/49136435
2026-06-17 09:08:54,오피스텔,49343215,월세,01,서울시 도봉구 방학동,도봉구,방학동,1000,61,0,38.52,11.65,중,"주거형오피스텔, 전입신고가능, 초역세권, 주변편의시설 다수",https://www.zigbang.com/home/apt/items/49343215
2026-06-17 09:08:54,오피스텔,49312256,월세,01,서울시 노원구 상계동,노원구,상계동,500,60,0,21,6.35,고,사업자 풀옵션 주차 수락산역코앞,https://www.zigbang.com/home/apt/items/49312256
2026-06-17 09:08:54,오피스텔,49276836,매매,05,경기도 의정부시 호원동,의정부시,호원동,24000,0,24000,89.48,27.07,5,신혼부부들께 강추드리는 인기있는 3룸 구조,https://www.zigbang.com/home/apt/items/49276836
2026-06-17 09:08:56,오피스텔,49333053,월세,02,경기도 의정부시 고산동,의정부시,고산동,1000,75,0,35.89,10.86,4,"빠른입주가능,전입안됨,부가세별도,귀한1.5룸,주차와수납넉",https://www.zigbang.com/home/apt/items/49333053
2026-06-17 09:08:56,오피스텔,49332835,월세,02,경기도 의정부시 고산동,의정부시,고산동,500,55,0,24.03,7.27,고,입주협의ㅇ업무용ㅇ풀옵션ㅇ분리형원룸ㅇ자주식주차1대무료,https://www.zigbang.com/home/apt/items/49332835
2026-06-17 09:08:56,오피스텔,49354359,전세,02,경기도 의정부시 고산동,의정부시,고산동,12500,0,0,24.03,7.27,고,LH가능ㅣ버팀목가능ㅣ중기청가능ㅣ풀옵션ㅣ주차최고,https://www.zigbang.com/home/apt/items/49354359
2026-06-17 09:08:56,오피스텔,49396972,월세,02,경기도 의정부시 고산동,의정부시,고산동,500,65,0,24.03,7.27,중,업무용. 부가세별도. 풀옵션. 분리형원룸,https://www.zigbang.com/home/apt/items/49396972
2026-06-17 09:08:56,오피스텔,49397855,월세,04,경기도 의정부시 고산동,의정부시,고산동,1000,90,0,134,40.53,고,"천변뷰,2룸,욕실2,지하5층까지 자주식주차,풀옵션",https://www.zigbang.com/home/apt/items/49397855
2026-06-17 09:08:56,오피스텔,49325955,월세,02,경기도 의정부시 고산동,의정부시,고산동,500,60,0,58.55,17.71,고,전입안되요.입주협의.분리형원룸.좋은매물최다보유.업무용,https://www.zigbang.com/home/apt/items/49325955
2026-06-17 09:08:56,오피스텔,49390085,월세,04,경기도 의정부시 고산동,의정부시,고산동,1000,110,0,56.58,17.12,고,"전입되는 투룸,신축,기본가전옵션 완비,빠른입주가능",https://www.zigbang.com/home/apt/items/49390085
2026-06-17 09:08:56,오피스텔,49391608,월세,02,경기도 의정부시 고산동,의정부시,고산동,1000,55,0,53.04,16.04,중,전입안되요.입주협의.분리형원룸.좋은매물최다보유.풀옵션,https://www.zigbang.com/home/apt/items/49391608
2026-06-17 09:08:57,오피스텔,49313289,월세,03,경기도 남양주시 진접읍 장현리,남양주시,진접읍,500,70,0,30,9.07,15,장현시내 신축급 1.5룸,https://www.zigbang.com/home/apt/items/49313289
2026-06-17 09:08:57,오피스텔,49393470,월세,03,경기도 남양주시 진접읍 장현리,남양주시,진접읍,300,50,0,27.93,8.45,중,장단기 가능하며 단기는 요금올라갑니다,https://www.zigbang.com/home/apt/items/49393470
2026-06-17 09:08:57,오피스텔,49196860,월세,02,경기도 남양주시 진접읍 장현리,남양주시,진접읍,500,70,0,40.93,12.38,고,즉시 입실가능한 고층 남향 1.5 룸 입니다,https://www.zigbang.com/home/apt/items/49196860
2026-06-17 09:08:41,오피스텔,49347357,월세,04,서울시 동대문구 장안동,동대문구,장안동,3000,210,0,114.01,34.49,고,보증금조정가능ㅣ2룸최저가ㅣ7월초빠른입주ㅣ신축투룸ㅣ전입불가,https://www.zigbang.com/home/apt/items/49347357
2026-06-17 09:08:41,오피스텔,49248413,월세,05,서울시 동대문구 장안동,동대문구,장안동,5000,260,0,150.97,45.67,고,GORE l 3룸화2 l 전입O l 자주식주차 l 입주협의,https://www.zigbang.com/home/apt/items/49248413
2026-06-17 09:08:41,오피스텔,48981858,월세,02,서울시 동대문구 장안동,동대문구,장안동,3000,150,0,75.35,22.79,저,ꯁ 관람은 여기서 ꯁ 현재 유일 매물 ꯁ  사업자 환영 ꯁ,https://www.zigbang.com/home/apt/items/48981858
2026-06-17 09:08:41,오피스텔,49305152,월세,01,서울시 동대문구 장안동,동대문구,장안동,1000,90,0,27.97,8.46,고,전입Oㅣ주차Oㅣ내부 넓은 오피스텔ㅣ내부컨디션 GOOD,https://www.zigbang.com/home/apt/items/49305152
2026-06-17 09:08:41,오피스텔,49297326,월세,01,서울시 동대문구 장안동,동대문구,장안동,1000,90,0,27.48,8.31,고,로얄층 관리 잘 되는 오피스텔 l 융자X주차O l 풀옵션,https://www.zigbang.com/home/apt/items/49297326
2026-06-17 09:08:58,오피스텔,49129567,월세,01,경기도 양주시 광사동,양주시,광사동,500,55,0,38.49,11.64,7,"첫입주 오피스텔,주차가능,즉시입주,풀옵션,전입신고,애견가능",https://www.zigbang.com/home/apt/items/49129567
2026-06-17 09:08:58,오피스텔,49365486,월세,02,경기도 양주시 광사동,양주시,광사동,500,65,0,40,12.1,6,"즉시입주가능한 오피스텔,풀옵션,스타일러,상권좋고 주차가능",https://www.zigbang.com/home/apt/items/49365486
2026-06-17 09:08:59,오피스텔,49333441,월세,03,경기도 양주시 옥정동,양주시,옥정동,500,65,0,38,11.49,6,"완벽풀옵션오피스텔,옥정중심상가 내위치.신축,관리잘됨",https://www.zigbang.com/home/apt/items/49333441
2026-06-17 09:08:59,오피스텔,49319214,월세,03,경기도 양주시 옥정동,양주시,옥정동,100,63,0,49.59,15.0,5,o단기가능o신축북층형o오피스텔o,https://www.zigbang.com/home/apt/items/49319214
2026-06-17 09:08:59,오피스텔,49365501,월세,03,경기도 양주시 옥정동,양주시,옥정동,500,55,0,44,13.31,3,"입주가능,풀옵션,옥정중심상가내 위치해서 상권,편의시설",https://www.zigbang.com/home/apt/items/49365501
2026-06-17 09:08:59,오피스텔,49360857,월세,03,경기도 양주시 옥정동,양주시,옥정동,100,63,0,41.12,12.44,3,선납방X 단기가능 옥정신도시 유일한 오피스텔,https://www.zigbang.com/home/apt/items/49360857
2026-06-17 09:08:59,오피스텔,49360863,월세,03,경기도 양주시 옥정동,양주시,옥정동,100,65,0,45.76,13.84,5,선납방Xl 단기임대 l 신축 북층형 오피스텔,https://www.zigbang.com/home/apt/items/49360863
2026-06-17 09:08:59,오피스텔,49365492,월세,04,경기도 양주시 옥정동,양주시,옥정동,1000,85,0,93.55,28.3,5,"렌트프리1달.고급 2룸 오피스텔,첫입주,완벽풀옵션,주차편리",https://www.zigbang.com/home/apt/items/49365492
2026-06-17 09:09:01,오피스텔,49332168,매매,01,경기도 이천시 창전동,이천시,창전동,7900,0,7900,21.02,6.36,중,수익률 8프로이상 풀옵션 50만원씩 월세 받으실분,https://www.zigbang.com/home/apt/items/49332168
2026-06-17 09:09:01,오피스텔,49219908,전세,04,경기도 이천시 중리동,이천시,중리동,16500,0,0,97.93,29.62,15,코아루페라즈 투룸,https://www.zigbang.com/home/apt/items/49219908
2026-06-17 09:09:01,오피스텔,49388226,월세,01,경기도 이천시 중리동,이천시,중리동,200,47,0,38.97,11.79,6,"이천시내 인접 생활형숙박시설 월세,부가세 별도,단기가능",https://www.zigbang.com/home/apt/items/49388226
2026-06-17 09:09:05,오피스텔,49354319,월세,01,강원도 원주시 단계동,원주시,단계동,500,60,0,42.33,12.8,10,버스터미널 인근 신축 풀옵션 오피스텔,https://www.zigbang.com/home/apt/items/49354319
2026-06-17 09:09:05,오피스텔,49248466,월세,01,강원도 원주시 단구동,원주시,단구동,200,45,0,28,8.47,4,단기1개월가능 의료원도보10분 혁신도시셔틀라인 위치최상,https://www.zigbang.com/home/apt/items/49248466
2026-06-17 09:09:05,오피스텔,49198365,월세,01,강원도 원주시 무실동,원주시,무실동,500,65,0,72.88,22.05,고,중심상권 층간소음 없는 탑층 넓은전용 시원한시티뷰 7월초입,https://www.zigbang.com/home/apt/items/49198365
2026-06-17 09:09:05,오피스텔,49248493,월세,01,강원도 원주시 단계동,원주시,단계동,1000,55,0,24.5,7.41,5,24년신축오피스텔 컨디션굳 양면창으로해잘들어요 위치최상,https://www.zigbang.com/home/apt/items/49248493
2026-06-17 09:09:14,오피스텔,49120613,전세,01,강원도 춘천시 소양로1가,춘천시,소양로1가,8500,0,0,45.73,13.83,13,"전세대출가능,   풀옵션, 소양강뷰최고, 빠른입주가능",https://www.zigbang.com/home/apt/items/49120613
2026-06-17 09:09:14,오피스텔,49349875,월세,02,강원도 춘천시 소양로1가,춘천시,소양로1가,2000,40,0,62.49,18.9,중,"풀옵션, 분리형1.5룸,넉넉한수납장 1.5룸 ,6월23입주",https://www.zigbang.com/home/apt/items/49349875
2026-06-17 09:09:14,오피스텔,49333142,전세,01,강원도 춘천시 소양로1가,춘천시,소양로1가,8500,0,0,45.82,13.86,4,"LH전세대출가능, 소양강뷰 일품 ,풀옵션,8월 14일 입주",https://www.zigbang.com/home/apt/items/49333142
2026-06-17 09:09:14,오피스텔,49333188,월세,01,강원도 춘천시 소양로1가,춘천시,소양로1가,300,50,0,45.73,13.83,9,"소양강뷰 , 풀옵션, 원룸  6월 말 입주가능합니다.",https://www.zigbang.com/home/apt/items/49333188
2026-06-17 09:09:14,오피스텔,49120628,월세,04,강원도 춘천시 소양로1가,춘천시,소양로1가,500,80,0,90.83,27.48,중,"투룸,전망최고,풀옵션,전입불가, 사택가능, 즉시입주가능",https://www.zigbang.com/home/apt/items/49120628
2026-06-17 09:09:14,오피스텔,49381923,월세,02,강원도 춘천시 소양로1가,춘천시,소양로1가,500,60,0,46.28,14.0,중,환상의 뷰를 자랑하는 스마트 오피스텔,https://www.zigbang.com/home/apt/items/49381923
2026-06-17 09:09:14,오피스텔,49381962,월세,01,강원도 춘천시 소양로1가,춘천시,소양로1가,500,50,0,33.06,10.0,8,환상의 조망 최고의 뷰. 럭셔리 AAA급,https://www.zigbang.com/home/apt/items/49381962
2026-06-17 09:09:44,오피스텔,49357093,월세,01,강원도 원주시 반곡동,원주시,반곡동,2500,35,0,58.99,17.84,중,"7월14일,남향,귀한 반전세, 공기업 도보가능",https://www.zigbang.com/home/apt/items/49357093
2026-06-17 09:09:44,오피스텔,49215340,월세,01,강원도 원주시 반곡동,원주시,반곡동,500,55,0,67.04,20.28,중,"가장인기좋은 오피스텔,넓고 주차편리,이중창,건물관리잘됨",https://www.zigbang.com/home/apt/items/49215340
2026-06-17 09:09:44,오피스텔,49396556,월세,01,강원도 원주시 반곡동,원주시,반곡동,300,50,0,61.26,18.53,고,"7월23일,전망, 공기업 도보 가능",https://www.zigbang.com/home/apt/items/49396556
2026-06-17 09:09:44,오피스텔,49356400,전세,01,강원도 원주시 반곡동,원주시,반곡동,8000,0,0,53.14,16.07,16,각종관공서 출퇴근가능하여 인기있는 소형오피스텔 실거주도 가,https://www.zigbang.com/home/apt/items/49356400
2026-06-17 09:09:44,오피스텔,49395205,월세,01,강원도 원주시 반곡동,원주시,반곡동,6000,10,0,53.14,16.07,고,"7월중 협의, 전세대출,보증보험 협조, 건강보험공단 맞은편",https://www.zigbang.com/home/apt/items/49395205
2026-06-17 09:09:44,오피스텔,49396630,월세,01,강원도 원주시 반곡동,원주시,반곡동,300,50,0,60.4,18.27,중,"7월하순,6개월은 월세인상됨. 전망, 공기업 도보가능",https://www.zigbang.com/home/apt/items/49396630
2026-06-17 09:09:44,오피스텔,49395628,전세,01,강원도 원주시 반곡동,원주시,반곡동,10000,0,0,56.97,17.23,고,"8월7일,전입,전세대출 협조, 심사평가원 맞은편",https://www.zigbang.com/home/apt/items/49395628
2026-06-17 09:09:44,오피스텔,49179490,월세,01,강원도 원주시 반곡동,원주시,반곡동,500,60,0,80.59,24.38,9,"단기가능,건보등 관공서인접,중문있는 화이트 오피스텔",https://www.zigbang.com/home/apt/items/49179490
2026-06-17 09:10:06,오피스텔,49081446,월세,01,강원도 강릉시 홍제동,강릉시,홍제동,300,53,0,42.98,13.0,2,풀옵션  도시가스  주차시설 전입신고가능  남향 단기가능,https://www.zigbang.com/home/apt/items/49081446
2026-06-17 09:10:06,오피스텔,49339766,월세,01,강원도 강릉시 홍제동,강릉시,홍제동,500,45,0,43,13.01,7,풀옵션  도시가스   전입신고가능  남향   주차시설,https://www.zigbang.com/home/apt/items/49339766
2026-06-17 09:10:06,오피스텔,49123956,월세,01,강원도 강릉시 유천동,강릉시,유천동,300,48,0,39.66,12.0,5,뻥뷰  풀옵션 주차편리 일조권최상   전입신고가능 단기가능,https://www.zigbang.com/home/apt/items/49123956
2026-06-17 09:10:06,오피스텔,49339786,월세,01,강원도 강릉시 유천동,강릉시,유천동,300,48,0,42.05,12.72,3,풀옵션  도시가스 주차편리  남향 전입신고가능 즉시입주,https://www.zigbang.com/home/apt/items/49339786
2026-06-17 09:10:06,오피스텔,49232244,월세,01,강원도 강릉시 교동,강릉시,교동,300,50,0,50.91,15.4,10,강릉역앞  신축급  풀옵션  도시가스  주차시설  단기가능,https://www.zigbang.com/home/apt/items/49232244
2026-06-17 09:10:06,오피스텔,49329711,월세,01,강원도 강릉시 교동,강릉시,교동,300,50,0,50.92,15.4,16,"16층,8월1일 입주가능,전입신고가능,",https://www.zigbang.com/home/apt/items/49329711
2026-06-17 09:10:06,오피스텔,49260057,월세,01,강원도 강릉시 교동,강릉시,교동,500,50,0,50.91,15.4,14,"7월3일이후입주가능, 14층,주차1대무료,",https://www.zigbang.com/home/apt/items/49260057
2026-06-17 09:10:53,오피스텔,49378759,월세,01,강원도 속초시 교동,속초시,교동,220,58,0,57.93,17.52,6,"청초호수공원, 오션뷰를 갖춘 풀옵션 레지던스",https://www.zigbang.com/home/apt/items/49378759
2026-06-17 09:10:53,오피스텔,49381738,월세,01,강원도 속초시 교동,속초시,교동,50,63,0,57.93,17.52,6,속초중심지 풀옵션 레지던스,https://www.zigbang.com/home/apt/items/49381738
2026-06-17 09:10:53,오피스텔,49138820,월세,01,강원도 속초시 조양동,속초시,조양동,170,57,0,30.62,9.26,3,"속초중심지 풀옵션 레지던스, 무료주차 지원",https://www.zigbang.com/home/apt/items/49138820
2026-06-17 09:10:53,오피스텔,49297240,월세,01,강원도 속초시 영랑동,속초시,영랑동,200,53,0,47.65,14.41,저,"속초바다 한달살이, 호텔식 풀옵션",https://www.zigbang.com/home/apt/items/49297240
2026-06-17 09:10:53,오피스텔,49297307,월세,01,강원도 속초시 영랑동,속초시,영랑동,50,58,0,47.49,14.37,저,"단기임대 전용 보증금 할인, 풀옵션 레지던스",https://www.zigbang.com/home/apt/items/49297307
2026-06-17 09:10:53,오피스텔,49382745,월세,01,강원도 속초시 조양동,속초시,조양동,50,61,0,51.51,15.58,6,"한달살기 최적, 침대, 이불, 커피머신까지 모두 제공",https://www.zigbang.com/home/apt/items/49382745
2026-06-17 09:10:53,오피스텔,49079752,월세,01,강원도 속초시 조양동,속초시,조양동,500,50,0,26.45,8.0,10,원룸형 오피스텔입니다,https://www.zigbang.com/home/apt/items/49079752
2026-06-17 09:10:53,오피스텔,49382608,월세,01,강원도 속초시 조양동,속초시,조양동,170,57,0,51.51,15.58,5,"속초중심지 풀옵션 레지던스, 무료주차 지원",https://www.zigbang.com/home/apt/items/49382608
2026-06-17 09:10:53,오피스텔,49297680,월세,01,강원도 속초시 조양동,속초시,조양동,250,65,0,64.06,19.38,중,"가성비 UP, 입주일 조정가능, 풀옵션 레지던스, 무료주차",https://www.zigbang.com/home/apt/items/49297680
2026-06-17 09:10:53,오피스텔,49382574,월세,01,강원도 속초시 영랑동,속초시,영랑동,50,58,0,40.91,12.38,12,"단기임대 전용 보증금 할인, 풀옵션 레지던스",https://www.zigbang.com/home/apt/items/49382574
2026-06-17 09:10:53,오피스텔,49350066,월세,02,강원도 속초시 조양동,속초시,조양동,500,60,0,46.28,14.0,25,속초해수욕장 고속터미널 바로옆,https://www.zigbang.com/home/apt/items/49350066
2026-06-17 09:10:53,오피스텔,49297372,월세,01,강원도 속초시 조양동,속초시,조양동,50,61,0,30.57,9.25,3,가성비 UP 호텔식 풀옵션,https://www.zigbang.com/home/apt/items/49297372
2026-06-17 09:10:53,오피스텔,49382545,월세,01,강원도 속초시 영랑동,속초시,영랑동,200,53,0,40.91,12.38,12,"속초바다 한달살이, 호텔식 풀옵션",https://www.zigbang.com/home/apt/items/49382545
2026-06-17 09:10:53,오피스텔,49350089,월세,01,강원도 속초시 조양동,속초시,조양동,500,50,0,26.45,8.0,19,원룸형 3개월 6개월단기 가능,https://www.zigbang.com/home/apt/items/49350089
2026-06-17 09:10:53,오피스텔,49350103,월세,02,강원도 속초시 조양동,속초시,조양동,500,70,0,52.89,16.0,19,바다전망 1.5룸,https://www.zigbang.com/home/apt/items/49350103
2026-06-17 09:10:53,오피스텔,49177685,월세,02,강원도 속초시 조양동,속초시,조양동,500,45,0,40,12.1,5,방1 거실1 구조 오피스텔,https://www.zigbang.com/home/apt/items/49177685
