수집시간,매물유형,매물ID,거래유형,방유형,시도,구군,읍면동,보증금(만원),월세(만원),매매가(만원),면적(m2),평,층,제목,URL
2026-08-12 05:11:16,원룸,50003656,월세,01,제주도 서귀포시 대정읍 구억리,서귀포시,대정읍,300,50,0,40,12.1,3,대정영어마을인근.깨끗넓은원룸.풀옵션.반려동물ok.월세,https://www.zigbang.com/home/apt/items/50003656
2026-08-12 05:11:16,원룸,49913235,월세,01,제주도 제주시 한림읍 금능리,제주시,한림읍,300,60,0,30.04,9.09,4,금능해수욕장인근 풀옵션 원룸 브리타니,https://www.zigbang.com/home/apt/items/49913235
2026-08-12 05:11:16,원룸,49531328,월세,01,제주도 서귀포시 중문동,서귀포시,중문동,200,35,0,37.5,11.34,7,테라스 있음. 확트인 한라산 경관. 자주식 주차. 클린하우,https://www.zigbang.com/home/apt/items/49531328
2026-08-12 05:11:16,원룸,49698323,월세,02,제주도 서귀포시 중문동,서귀포시,중문동,200,40,0,29.75,9.0,3,중문입구 교차로 부근 한적한 1.5룸,https://www.zigbang.com/home/apt/items/49698323
2026-08-12 05:11:16,원룸,49776172,월세,02,제주도 서귀포시 중문동,서귀포시,중문동,200,45,0,49.6,15.0,4,바다뷰 풀옵션 분리형 원룸,https://www.zigbang.com/home/apt/items/49776172
2026-08-12 05:11:16,원룸,49843172,월세,02,제주도 서귀포시 중문동,서귀포시,중문동,200,45,0,49.6,15.0,6,남향 바다경관 최상. 분리형 1.5룸 방 거실 넓음,https://www.zigbang.com/home/apt/items/49843172
2026-08-12 05:11:16,원룸,49895913,월세,01,제주도 서귀포시 중문동,서귀포시,중문동,200,30,0,40.93,12.38,7,테라스 있음. 클린하우스 코인세탁방 헬스클럽 골프퍼팅장,https://www.zigbang.com/home/apt/items/49895913
2026-08-12 05:11:16,원룸,49924708,월세,04,제주도 서귀포시 중문동,서귀포시,중문동,200,45,0,56.14,16.98,4,전입신고 가능. 분리형. 작은방 2개. 시스템 에어컨 2대,https://www.zigbang.com/home/apt/items/49924708
2026-08-12 05:11:16,원룸,50013339,월세,01,제주도 서귀포시 중문동,서귀포시,중문동,200,38,0,43.63,13.2,7,고층.테라스창고사용가능.중문 관광단지 인근 풀옵션 원룸,https://www.zigbang.com/home/apt/items/50013339
2026-08-12 05:11:16,원룸,50013348,월세,02,제주도 서귀포시 중문동,서귀포시,중문동,200,39,0,49.6,15.0,저,단기가능.풀옵션 1.5룸,https://www.zigbang.com/home/apt/items/50013348
2026-08-12 05:11:16,원룸,50013446,월세,02,제주도 서귀포시 중문동,서귀포시,중문동,200,45,0,60.03,18.16,5,"방,거실 분리형",https://www.zigbang.com/home/apt/items/50013446
2026-08-12 05:11:16,원룸,50013460,월세,01,제주도 서귀포시 중문동,서귀포시,중문동,200,43,0,57.87,17.51,3,중문관광단지 인근 넓은 풀옵션 원룸,https://www.zigbang.com/home/apt/items/50013460
2026-08-12 05:11:17,원룸,49767116,전세,02,제주도 서귀포시 대포동,서귀포시,대포동,8500,0,0,52.41,15.85,3,"분리형 1,5룸 방 거실 넓음. 풀옵션. 시스템 에어컨.",https://www.zigbang.com/home/apt/items/49767116
2026-08-12 05:11:17,원룸,49923959,월세,03,제주도 서귀포시 도순동,서귀포시,도순동,200,38,0,26.45,8.0,옥탑방,도순동 한적하고 오션뷰 복층형 원룸,https://www.zigbang.com/home/apt/items/49923959
2026-08-12 05:11:17,원룸,49925295,월세,01,제주도 서귀포시 서귀동,서귀포시,서귀동,200,40,0,24,7.26,저,더그레이튼 중앙로터리부근 오피스텔,https://www.zigbang.com/home/apt/items/49925295
2026-08-12 05:11:17,원룸,49925982,월세,01,제주도 서귀포시 서귀동,서귀포시,서귀동,200,50,0,24,7.26,7,단기 부터 사용 가능한 오피스텔,https://www.zigbang.com/home/apt/items/49925982
2026-08-12 05:11:17,원룸,49926166,월세,01,제주도 서귀포시 서귀동,서귀포시,서귀동,300,60,0,49.58,15.0,6,고급스러운 원,https://www.zigbang.com/home/apt/items/49926166
2026-08-12 05:11:17,원룸,49926799,월세,01,제주도 서귀포시 서귀동,서귀포시,서귀동,200,45,0,28.09,8.5,5,단기 6개월 부터 계약되는 오피스텔,https://www.zigbang.com/home/apt/items/49926799
2026-08-12 05:11:22,원룸,49702368,월세,02,제주도 제주시 애월읍 장전리,제주시,애월읍,200,45,0,33.06,10.0,2,"즉시 입주 가능, 장전리 벚꽃길 인근, 풀옵션, 넓은 원룸",https://www.zigbang.com/home/apt/items/49702368
2026-08-12 05:11:22,원룸,49859812,월세,03,제주도 제주시 애월읍 유수암리,제주시,애월읍,500,80,0,32.34,9.78,1,독채 애월 평화로 풀옵션 일년살기,https://www.zigbang.com/home/apt/items/49859812
2026-08-12 05:11:22,원룸,49757948,월세,01,제주도 제주시 애월읍 광령리,제주시,애월읍,500,65,0,42.9,12.98,1,㉧리모델링㉧소형반려견.단독 넓은원룸.풀옵션.년월세 가능,https://www.zigbang.com/home/apt/items/49757948
2026-08-12 05:11:22,원룸,49867025,월세,01,제주도 제주시 애월읍 광령리,제주시,애월읍,300,60,0,40,12.1,1,"즉시 입주, 력셔리 원룸,  애완견, 풀옵션, 전기비 포함",https://www.zigbang.com/home/apt/items/49867025
2026-08-12 05:11:22,원룸,49910738,월세,02,제주도 제주시 도평동,제주시,도평동,200,55,0,35,10.59,3,도평초 인근 거실O 테라스O 풀옵션 저렴한 1.5룸 월세,https://www.zigbang.com/home/apt/items/49910738
2026-08-12 05:11:22,원룸,49914282,월세,02,제주도 제주시 도평동,제주시,도평동,200,55,0,33,9.98,3,도평동 깔끔하고 주차좋은 분리형원룸,https://www.zigbang.com/home/apt/items/49914282
2026-08-12 05:11:22,원룸,49916110,월세,01,제주도 제주시 노형동,제주시,노형동,100,35,0,27.15,8.21,2,가격너무 좋고 방크기좋고 뷰 좋고 놓치지마세요,https://www.zigbang.com/home/apt/items/49916110
2026-08-12 05:11:22,원룸,49920329,월세,02,제주도 제주시 도평동,제주시,도평동,200,55,0,33.06,10.0,3,ㅁㅁ도평초.주차편한.테라스.풀옵션.1.5룸ㅁㅁ,https://www.zigbang.com/home/apt/items/49920329
2026-08-12 05:11:22,원룸,49920364,월세,02,제주도 제주시 도평동,제주시,도평동,200,55,0,33.06,10.0,3,ㅁㅁ도평초.주차편한.테라스.풀옵션.1.5룸ㅁㅁ,https://www.zigbang.com/home/apt/items/49920364
2026-08-12 05:11:22,원룸,49931950,월세,02,제주도 제주시 도평동,제주시,도평동,200,55,0,33.06,10.0,3,ㅁㅁ도평초.주차편한.테라스.풀옵션.1.5룸ㅁㅁ,https://www.zigbang.com/home/apt/items/49931950
2026-08-12 05:11:22,원룸,49962525,월세,01,제주도 제주시 노형동,제주시,노형동,200,43,0,23.14,7.0,3,"즉시 입주, 노형중 부근, 주차 공간 많음, 풀옵션",https://www.zigbang.com/home/apt/items/49962525
2026-08-12 05:11:22,원룸,49970695,월세,01,제주도 제주시 애월읍 광령리,제주시,애월읍,300,60,0,59.5,18.0,1,"애완견 가능 럭셔리 원룸,  전원주택 생활이 가능, 풀옵션",https://www.zigbang.com/home/apt/items/49970695
2026-08-12 05:11:22,원룸,49970861,월세,02,제주도 제주시 도평동,제주시,도평동,200,55,0,40,12.1,2,"깨끗,예쁜1.5룸.월세.편리한주차",https://www.zigbang.com/home/apt/items/49970861
2026-08-12 05:11:22,원룸,49985778,월세,02,제주도 제주시 도평동,제주시,도평동,100,450,0,39,11.8,2,가성비 으뜸 넓은 통풍 채광 최상 노형 5분 외도 3분,https://www.zigbang.com/home/apt/items/49985778
2026-08-12 05:11:22,원룸,49899483,월세,02,제주도 제주시 아라일동,제주시,아라일동,500,54,0,26,7.86,4,아라초분리형원룸년월,https://www.zigbang.com/home/apt/items/49899483
2026-08-12 05:11:22,원룸,49919070,월세,02,제주도 제주시 아라일동,제주시,아라일동,600,65,0,40,12.1,4,"아이파크공원인근  상태, 구조좋은 분리형 원룸",https://www.zigbang.com/home/apt/items/49919070
2026-08-12 05:11:22,원룸,49923513,월세,02,제주도 제주시 아라일동,제주시,아라일동,500,59,0,33.06,10.0,2,"구산 롯데시네마 인근 분리형 원룸,상태최상",https://www.zigbang.com/home/apt/items/49923513
2026-08-12 05:11:22,원룸,49944393,월세,01,제주도 제주시 아라일동,제주시,아라일동,300,45,0,23.55,7.12,2,제대병원 도보10분이내  풀옵션  깔끔한 원룸,https://www.zigbang.com/home/apt/items/49944393
2026-08-12 05:11:22,원룸,49987504,월세,02,제주도 제주시 오등동,제주시,오등동,300,60,0,43,13.01,2,오등동 한라산전망 분리형원룸 임대,https://www.zigbang.com/home/apt/items/49987504
2026-08-12 05:11:22,원룸,49988653,월세,02,제주도 제주시 오등동,제주시,오등동,300,65,0,50,15.12,2,오등동 한라산전망 분리형원룸,https://www.zigbang.com/home/apt/items/49988653
2026-08-12 05:11:22,원룸,50000602,월세,01,제주도 제주시 아라이동,제주시,아라이동,100,36,0,23.14,7.0,1,제주시 아라이동  자치경찰단 인근주방분리형 원룸,https://www.zigbang.com/home/apt/items/50000602
2026-08-12 05:11:22,원룸,50006731,월세,01,제주도 제주시 아라일동,제주시,아라일동,200,50,0,40,12.1,2,아라.깨끗한원룸.년세,https://www.zigbang.com/home/apt/items/50006731
2026-08-12 05:11:22,원룸,50008113,월세,02,제주도 제주시 오등동,제주시,오등동,300,60,0,47.31,14.31,2,쿠팡인근 제대병원 차량5분거리 넓은 분리형1.5룸,https://www.zigbang.com/home/apt/items/50008113
2026-08-12 05:11:22,원룸,50018185,월세,01,제주도 제주시 아라일동,제주시,아라일동,200,50,0,30,9.07,2,"입주는 8월20일 이후, 풀옵션, 원룸",https://www.zigbang.com/home/apt/items/50018185
2026-08-12 05:11:22,원룸,50027064,월세,01,제주도 제주시 아라일동,제주시,아라일동,100,36,0,23.14,7.0,1,제주대 후문 . 연세로 430만원임.,https://www.zigbang.com/home/apt/items/50027064
2026-08-12 05:11:22,원룸,50028626,월세,01,제주도 제주시 아라일동,제주시,아라일동,200,39,0,23.14,7.0,1,ㅁㅁ아라일동.풀옵션원룸.연월세가능ㅁㅁ,https://www.zigbang.com/home/apt/items/50028626
2026-08-12 05:11:22,원룸,49869328,월세,01,제주도 제주시 애월읍 하귀1리,제주시,애월읍,300,50,0,50,15.12,7,전입가능 하귀하나로옆 주차좋은 모닝시티 오피스텔 월세,https://www.zigbang.com/home/apt/items/49869328
2026-08-12 05:11:22,원룸,50022021,월세,02,제주도 제주시 이호일동,제주시,이호일동,300,78,0,40,12.1,3,도리초 인근 소형반려동물 가능한 아주 넓은 분리형원룸 월세,https://www.zigbang.com/home/apt/items/50022021
2026-08-12 05:11:22,원룸,50028446,월세,01,제주도 제주시 연동,제주시,연동,100,50,0,30,9.07,고,단기가능 I 소파있음 I 모던.깔끔 I 풀옵원룸,https://www.zigbang.com/home/apt/items/50028446
2026-08-12 05:11:22,원룸,50028481,월세,01,제주도 제주시 연동,제주시,연동,200,45,0,30,9.07,7,단기.전입가능 I 베란다보유 I 원룸,https://www.zigbang.com/home/apt/items/50028481
2026-08-12 05:11:22,원룸,50028748,월세,01,제주도 제주시 연동,제주시,연동,200,45,0,33,9.98,3,"누웨마루 거리, 풀옵션, 즉시 입주 가능",https://www.zigbang.com/home/apt/items/50028748
2026-08-12 05:11:29,원룸,49543201,월세,01,제주도 서귀포시 동홍동,서귀포시,동홍동,200,37,0,26.45,8.0,2,동홍초인근 오픈형 원룸,https://www.zigbang.com/home/apt/items/49543201
2026-08-12 05:11:29,원룸,49697834,월세,01,제주도 서귀포시 동홍동,서귀포시,동홍동,100,37,0,23.14,7.0,4,서귀포 오일시장 맞은편 한적한 원룸,https://www.zigbang.com/home/apt/items/49697834
2026-08-12 05:11:29,원룸,49710329,월세,01,제주도 서귀포시 동홍동,서귀포시,동홍동,200,35,0,30.37,9.19,고,동홍동 플라스마트 남쪽 깔끔한 원룸,https://www.zigbang.com/home/apt/items/49710329
2026-08-12 05:11:29,원룸,49771956,월세,01,제주도 서귀포시 동홍동,서귀포시,동홍동,200,30,0,33.06,10.0,2,동홍사거리인근 오픈형 원룸,https://www.zigbang.com/home/apt/items/49771956
2026-08-12 05:11:29,원룸,49923887,월세,03,제주도 서귀포시 동홍동,서귀포시,동홍동,200,50,0,26.29,7.95,4,동홍동 비석거리 인근 복층형 원룸,https://www.zigbang.com/home/apt/items/49923887
2026-08-12 05:11:29,원룸,49992049,전세,02,제주도 서귀포시 동홍동,서귀포시,동홍동,10000,0,0,39.69,12.01,1,1층올리모델링 주공1단지 전세권1순위,https://www.zigbang.com/home/apt/items/49992049
2026-08-12 05:11:35,원룸,49911298,월세,01,제주도 제주시 조천읍 신촌리,제주시,조천읍,100,66,0,41.97,12.7,3,조천읍 신촌리 신축 막힘없는 풀옵션급 평수 넓은 원룸 년세,https://www.zigbang.com/home/apt/items/49911298
2026-08-12 05:11:35,원룸,49911011,월세,03,제주도 제주시 삼양일동,제주시,삼양일동,200,50,0,22,6.65,2,단기1ㅡ6도가능 삼양해수욕장 인근 풀옵션급 복층형원룸 년세,https://www.zigbang.com/home/apt/items/49911011
2026-08-12 05:11:35,원룸,49927883,월세,02,제주도 제주시 도련일동,제주시,도련일동,300,65,0,38,11.49,1,삼화초 인근 분리형 원룸 월세,https://www.zigbang.com/home/apt/items/49927883
2026-08-12 05:11:35,원룸,50000788,월세,01,제주도 제주시 삼양일동,제주시,삼양일동,200,40,0,29.75,9.0,2,삼양동 해수욕장 앞 넓은 오픈형 원룸,https://www.zigbang.com/home/apt/items/50000788
2026-08-12 05:11:35,원룸,50001013,월세,02,제주도 제주시 도련일동,제주시,도련일동,300,60,0,36.23,10.96,1,"삼화지구 신축급 거실,침실구조 1.5룸",https://www.zigbang.com/home/apt/items/50001013
2026-08-12 05:11:35,원룸,50002796,월세,02,제주도 제주시 화북이동,제주시,화북이동,200,60,0,40,12.1,2,황영도 황사평 갤럭시타운 인근 분리형원룸 월세,https://www.zigbang.com/home/apt/items/50002796
2026-08-12 05:11:35,원룸,50007300,월세,01,제주도 제주시 삼양일동,제주시,삼양일동,100,47,0,26.25,7.94,1,제주시 삼양동 넓은 오픈형 원룸월세임대,https://www.zigbang.com/home/apt/items/50007300
2026-08-12 05:13:13,원룸,49853018,전세,02,전남광주시 진도군 조도면 맹골도리,진도군,조도면,1234,0,0,79,23.9,6,QA SH 원룸 매물입니다.,https://www.zigbang.com/home/apt/items/49853018
2026-08-12 05:13:13,원룸,49853033,월세,02,전남광주시 진도군 조도면 맹골도리,진도군,조도면,12345,50,0,89,26.92,1,QA SH 오피스텔3 매물입니다. 월세,https://www.zigbang.com/home/apt/items/49853033
2026-08-12 05:13:13,원룸,49870318,전세,01,전라남도 진도군 조도면 맹골도리,진도군,조도면,10000,0,0,99.99,30.25,1,QA자동화 테스트 매물,https://www.zigbang.com/home/apt/items/49870318
2026-08-12 05:13:13,원룸,49871202,월세,01,전라남도 진도군 조도면 맹골도리,진도군,조도면,500,50,0,99.99,30.25,1,QA자동화 테스트 매물,https://www.zigbang.com/home/apt/items/49871202
2026-08-12 05:13:13,원룸,49871204,전세,03,전라남도 진도군 조도면 맹골도리,진도군,조도면,15000,0,0,99.99,30.25,1,QA자동화 테스트 매물,https://www.zigbang.com/home/apt/items/49871204
2026-08-12 05:13:13,원룸,49871212,전세,02,전남광주시 진도군 조도면 맹골도리,진도군,조도면,5000,0,0,77.1,23.32,1,QA자동화 오피스텔 매물,https://www.zigbang.com/home/apt/items/49871212
2026-08-12 05:13:13,원룸,49871214,전세,05,전남광주시 진도군 조도면 맹골도리,진도군,조도면,8000,0,0,77.1,23.32,1,QA자동화 오피스텔 매물,https://www.zigbang.com/home/apt/items/49871214
2026-08-12 05:13:13,원룸,49942521,월세,03,전남광주시 진도군 조도면 맹골도리,진도군,조도면,33333,44,0,32.33,9.78,1,32미리제곱미터 방임,https://www.zigbang.com/home/apt/items/49942521
2026-08-12 05:13:13,원룸,50011959,월세,03,전남광주시 진도군 조도면 맹골도리,진도군,조도면,33333,44,0,32.33,9.78,1,32미리제곱미터 방임,https://www.zigbang.com/home/apt/items/50011959
2026-08-12 05:13:21,원룸,49698693,전세,02,전남광주시 진도군 조도면 맹골도리,진도군,조도면,4500,0,0,79,23.9,3,SH 통합광고 원룸 매물 관리비 확인 불가 사유 3번째,https://www.zigbang.com/home/apt/items/49698693
2026-08-12 05:13:21,원룸,49704126,전세,01,전남광주시 진도군 조도면 맹골도리,진도군,조도면,5000,0,0,15,4.54,반지하,직방 테스트입니다.,https://www.zigbang.com/home/apt/items/49704126
2026-08-12 05:13:21,원룸,49720265,전세,02,전남광주시 진도군 조도면 맹골도리,진도군,조도면,5500,0,0,84,25.41,2,QA 통합매물 원룸 7.15 오후 등록,https://www.zigbang.com/home/apt/items/49720265
2026-08-12 05:13:21,원룸,50004702,월세,02,전남광주시 진도군 조도면 맹골도리,진도군,조도면,3500,30,0,84,25.41,7,QA SH 원룸 19 매물 입니다. 0612,https://www.zigbang.com/home/apt/items/50004702
2026-08-12 05:13:21,원룸,50012047,전세,02,전남광주시 진도군 조도면 맹골도리,진도군,조도면,33333,0,0,42.98,13.0,1,테스트입니다.테스트입니다.,https://www.zigbang.com/home/apt/items/50012047
2026-08-12 05:13:21,원룸,50012173,전세,02,전남광주시 진도군 조도면 맹골도리,진도군,조도면,50000,0,0,38.24,11.57,1,관리비 없음 매물,https://www.zigbang.com/home/apt/items/50012173
2026-08-12 05:13:21,원룸,50013772,월세,02,전남광주시 진도군 조도면 맹골도리,진도군,조도면,500,10,0,20,6.05,1,매물 등록 테스트,https://www.zigbang.com/home/apt/items/50013772
2026-08-12 05:13:46,원룸,49925293,월세,02,전남광주시 목포시 죽교동,목포시,죽교동,200,40,0,33.06,10.0,3,00신축   침대  주방분리  중문  북항부근00,https://www.zigbang.com/home/apt/items/49925293
2026-08-12 05:13:46,원룸,50027301,월세,01,전남광주시 목포시 산정동,목포시,산정동,200,30,0,23.14,7.0,1,00 침대없음   학생환영 북항00,https://www.zigbang.com/home/apt/items/50027301
2026-08-12 05:13:46,원룸,50027576,월세,01,전남광주시 목포시 죽교동,목포시,죽교동,200,32,0,26.45,8.0,1,00통원룸  학생 환영 북항00,https://www.zigbang.com/home/apt/items/50027576
2026-08-12 05:13:46,원룸,50027580,월세,02,전남광주시 목포시 죽교동,목포시,죽교동,200,42,0,46.28,14.0,2,북항 죽교동 목포대교가까움 삼호출퇴근용이 즉시입주,https://www.zigbang.com/home/apt/items/50027580
2026-08-12 05:13:46,원룸,50028713,월세,02,전남광주시 목포시 죽교동,목포시,죽교동,300,41,0,33.06,10.0,2,00주방분리  중문   북항부근00,https://www.zigbang.com/home/apt/items/50028713
2026-08-12 05:13:46,원룸,50028943,월세,02,전남광주시 목포시 산정동,목포시,산정동,200,30,0,26,7.86,1,목포대교부근 삼호출퇴근용이 즉시입주가능,https://www.zigbang.com/home/apt/items/50028943
2026-08-12 05:13:46,원룸,50024539,월세,01,전남광주시 영암군 삼호읍 용앙리,영암군,삼호읍,150,45,0,25,7.56,2,.삼호버스터미널 부근. 신축 첫입주 깨끗한방,https://www.zigbang.com/home/apt/items/50024539
2026-08-12 05:13:47,원룸,49948963,월세,02,전남광주시 영암군 삼호읍 용앙리,영암군,삼호읍,1000,120,0,104.22,31.53,1,O NEW O올리모델링O 첫입주 O 단독주택 O,https://www.zigbang.com/home/apt/items/49948963
2026-08-12 05:13:47,원룸,49949009,월세,02,전남광주시 영암군 삼호읍 용앙리,영암군,삼호읍,1000,80,0,80.82,24.45,2,O NEW O 올리모델링 O 첫입주 O거실1방3화1O,https://www.zigbang.com/home/apt/items/49949009
2026-08-12 05:13:46,원룸,49948207,월세,01,전남광주시 목포시 옥암동,목포시,옥암동,200,40,0,30,9.07,6,O NEW O 평광O 천변 뷰 O 엘베 O  관리비 없음O,https://www.zigbang.com/home/apt/items/49948207
2026-08-12 05:13:46,원룸,49948724,월세,01,전남광주시 목포시 옥암동,목포시,옥암동,200,27,0,26.45,8.0,3,00 단기협의2달월50 어두운방 외국인협의  평화광장00,https://www.zigbang.com/home/apt/items/49948724
2026-08-12 05:13:46,원룸,50010989,월세,01,전남광주시 목포시 옥암동,목포시,옥암동,200,40,0,29.75,9.0,4,00엘리베이터 주차장완비 동물협의 단기협의 평화광장부근00,https://www.zigbang.com/home/apt/items/50010989
2026-08-12 05:13:46,원룸,50017063,월세,02,전남광주시 목포시 상동,목포시,상동,500,39,0,37.62,11.38,4,"十 1.5룸, 평화광장",https://www.zigbang.com/home/apt/items/50017063
2026-08-12 05:13:48,원룸,50009617,월세,01,전남광주시 신안군 암태면 당사리,신안군,암태면,99999999,5000000,0,23,6.96,1,테스트 중입니다.,https://www.zigbang.com/home/apt/items/50009617
2026-08-12 05:13:50,원룸,49910648,월세,02,전남광주시 목포시 산정동,목포시,산정동,300,40,0,40,12.1,3,중앙시장 인근 넓은방.주방겸 거실,https://www.zigbang.com/home/apt/items/49910648
2026-08-12 05:13:50,원룸,49969699,월세,02,전남광주시 목포시 산정동,목포시,산정동,200,28,0,26.45,8.0,2,시청부근 깨끗하고 넓고 조용한 원룸,https://www.zigbang.com/home/apt/items/49969699
2026-08-12 05:13:50,원룸,49969711,월세,02,전남광주시 목포시 산정동,목포시,산정동,200,30,0,33.06,10.0,1,보건소 부근 깨꿋하고 조용한 원룸,https://www.zigbang.com/home/apt/items/49969711
2026-08-12 05:13:50,원룸,50003363,월세,01,전남광주시 목포시 산정동,목포시,산정동,200,32,0,26.45,8.0,4,00넓은원룸주방분리저렴한가격 중시00,https://www.zigbang.com/home/apt/items/50003363
2026-08-12 05:13:50,원룸,50019539,월세,01,전남광주시 목포시 산정동,목포시,산정동,200,30,0,23.14,7.0,1,00신축원룸 중앙시장 부근00,https://www.zigbang.com/home/apt/items/50019539
2026-08-12 05:13:50,원룸,50027732,월세,02,전남광주시 목포시 산정동,목포시,산정동,200,38,0,40,12.1,1,중앙시장 인근 방.주방.거실분리,https://www.zigbang.com/home/apt/items/50027732
2026-08-12 05:13:50,원룸,50028896,월세,02,전남광주시 목포시 산정동,목포시,산정동,500,50,0,33,9.98,2,신축 1.5룸 방볼수있고 8월말입주가능,https://www.zigbang.com/home/apt/items/50028896
2026-08-12 05:13:51,원룸,49805402,월세,01,전남광주시 무안군 삼향읍 남악리,무안군,삼향읍,1000,60,0,26.45,8.0,3,"V, 복층  풀옵션,, 화장실2,야외테라스 있음",https://www.zigbang.com/home/apt/items/49805402
2026-08-12 05:14:59,원룸,49925336,월세,01,전라북도 군산시 오식도동,군산시,오식도동,80,25,0,20,6.05,3,준신축  원룸 단기가능,https://www.zigbang.com/home/apt/items/49925336
2026-08-12 05:15:06,원룸,49907567,월세,01,충청남도 보령시 신흑동,보령시,신흑동,100,55,0,18,5.44,3,"1인기준이며단기가능 수도요금,인터넷, 난방비,전기요금다포함",https://www.zigbang.com/home/apt/items/49907567
2026-08-12 05:15:42,원룸,49787407,월세,02,전남광주시 나주시 빛가람동,나주시,빛가람동,1000,60,0,64.89,19.63,16,3룸 에어컨3 풀옵션 조망굿 내부갈끔 조용하고 즉시입주가,https://www.zigbang.com/home/apt/items/49787407
2026-08-12 05:15:42,원룸,49918269,전세,02,전남광주시 나주시 빛가람동,나주시,빛가람동,7500,0,0,78.3,23.69,2,남향 즉시입주 생활권편리 내부깔끔 방2개 거실 화장실,https://www.zigbang.com/home/apt/items/49918269
2026-08-12 05:15:42,원룸,50016933,월세,01,전남광주시 나주시 산포면 매성리,나주시,산포면,100,30,0,29.16,8.82,3,매성리 관리잘된 풀옵션 원룸 혁신도시5분거리 LPG사용,https://www.zigbang.com/home/apt/items/50016933
2026-08-12 05:15:42,원룸,49532194,월세,03,전남광주시 나주시 빛가람동,나주시,빛가람동,300,40,0,22.64,6.85,3,호텔형 풀옵션원룸  내부깔끔 침대포함  업체청소함 즉시입주,https://www.zigbang.com/home/apt/items/49532194
2026-08-12 05:15:42,원룸,49795967,월세,01,전남광주시 나주시 빛가람동,나주시,빛가람동,500,50,0,30.77,9.31,6,생활권이 편리한 오피스텔입니다.,https://www.zigbang.com/home/apt/items/49795967
2026-08-12 05:15:42,원룸,49798590,월세,01,전남광주시 나주시 빛가람동,나주시,빛가람동,1000,48,0,30.77,9.31,중,생활권편리한 신축 오피스텔입니다.,https://www.zigbang.com/home/apt/items/49798590
2026-08-12 05:15:42,원룸,49845384,월세,02,전남광주시 나주시 빛가람동,나주시,빛가람동,1000,55,0,70.7,21.39,중,빛가람동 토담휴로스1차 분리형원룸 임대,https://www.zigbang.com/home/apt/items/49845384
2026-08-12 05:15:42,원룸,49862215,월세,01,전남광주시 나주시 빛가람동,나주시,빛가람동,300,42,0,46.28,14.0,11,빛가람동 중흥메가티움2차 원룸 임대,https://www.zigbang.com/home/apt/items/49862215
2026-08-12 05:15:42,원룸,49989399,월세,04,전남광주시 나주시 빛가람동,나주시,빛가람동,3000,55,0,95.87,29.0,12,빛가람동 중흥메가티움 2차 2룸임대,https://www.zigbang.com/home/apt/items/49989399
2026-08-12 05:15:42,원룸,49997501,월세,01,전남광주시 나주시 빛가람동,나주시,빛가람동,300,43,0,46,13.91,9,빛가람동 중흥1차 원룸 임대,https://www.zigbang.com/home/apt/items/49997501
2026-08-12 05:15:42,원룸,50016946,월세,02,전남광주시 나주시 빛가람동,나주시,빛가람동,500,50,0,28,8.47,3,1.5룸  풀옵션 내부깔끔  생활권편리 단기가능,https://www.zigbang.com/home/apt/items/50016946
2026-08-12 05:15:43,원룸,49688021,월세,02,전남광주시 남구 송하동,남구,송하동,200,29,0,33.06,10.0,3,ㅣ실시간 업데이트 ㅣ실매물ㅣ가성비 좋은방ㅣ,https://www.zigbang.com/home/apt/items/49688021
2026-08-12 05:15:43,원룸,49812606,월세,02,전남광주시 남구 진월동,남구,진월동,200,21,0,29.75,9.0,4,P㉧INT II눈부신채광II가성비갑II놓치면 후회III,https://www.zigbang.com/home/apt/items/49812606
2026-08-12 05:15:43,원룸,49873133,월세,01,전남광주시 남구 송하동,남구,송하동,300,31,0,21,6.35,3,Choiceㅣ최고의 선택 광주대코앞I빌트인구조,https://www.zigbang.com/home/apt/items/49873133
2026-08-12 05:15:43,원룸,49892045,월세,02,전남광주시 남구 행암동,남구,행암동,200,28,0,28.87,8.73,2,J 행암동 분리형원룸 J 가성비 갑 J 깔끔한방 J,https://www.zigbang.com/home/apt/items/49892045
2026-08-12 05:15:43,원룸,49897050,월세,02,전남광주시 남구 진월동,남구,진월동,100,29,0,27,8.17,3,Choiceㅣ최고의 선택 진월동C건조기C드럼세탁기탑재,https://www.zigbang.com/home/apt/items/49897050
2026-08-12 05:15:43,원룸,49920726,월세,02,전남광주시 남구 진월동,남구,진월동,200,21,0,29.75,9.0,2,POINT III 가성비끝 III 눈부신채광 III,https://www.zigbang.com/home/apt/items/49920726
2026-08-12 05:15:43,원룸,49920822,월세,01,전남광주시 남구 진월동,남구,진월동,200,21,0,28.99,8.77,2,POINT III 가성비끝 III 눈부신채광 III,https://www.zigbang.com/home/apt/items/49920822
2026-08-12 05:15:43,원룸,49962365,월세,02,전남광주시 남구 진월동,남구,진월동,300,38,0,36.25,10.97,고,ㅁ진월동 광주대생 원픽 신축 풀옵션 원룸 화이트톤 귀한방,https://www.zigbang.com/home/apt/items/49962365
2026-08-12 05:15:45,원룸,49696245,월세,02,전남광주시 화순군 화순읍 일심리,화순군,화순읍,200,31,0,23.14,7.0,2,II P II 화이트톤 I 깔끔 I 사이즈굿,https://www.zigbang.com/home/apt/items/49696245
2026-08-12 05:15:52,원룸,49720347,월세,02,전남광주시 여수시 문수동,여수시,문수동,100,28,0,23.14,7.0,4,llSOLll여서동로터리 인근ll관리상태 좋은집ll즉시입주,https://www.zigbang.com/home/apt/items/49720347
2026-08-12 05:15:52,원룸,49720740,월세,02,전남광주시 여수시 여서동,여수시,여서동,200,35,0,23.1,6.99,2,llSOLll부영초 인근ll분리형원룸 구조ll풀옵션,https://www.zigbang.com/home/apt/items/49720740
2026-08-12 05:15:52,원룸,49731056,월세,02,전남광주시 여수시 문수동,여수시,문수동,200,48,0,40,12.1,2,New 부영9차인근 준신축 깔끔한 투룸,https://www.zigbang.com/home/apt/items/49731056
2026-08-12 05:15:52,원룸,49759510,월세,01,전남광주시 여수시 문수동,여수시,문수동,200,33,0,26,7.86,2,New 부영9차인근 넓고 깔끔한 원룸,https://www.zigbang.com/home/apt/items/49759510
2026-08-12 05:15:52,원룸,49777980,월세,01,전남광주시 여수시 웅천동,여수시,웅천동,500,45,0,72.74,22.0,중,답답함 없는 시티뷰 티비 및 빌트인가전 풀옵션세대.,https://www.zigbang.com/home/apt/items/49777980
2026-08-12 05:15:52,원룸,49875702,월세,01,전남광주시 여수시 문수동,여수시,문수동,200,30,0,25,7.56,1,한려초등인근 리모델링한방 깔끔합니다 도배새로해요,https://www.zigbang.com/home/apt/items/49875702
2026-08-12 05:15:52,원룸,49881589,월세,02,전남광주시 여수시 문수동,여수시,문수동,200,38,0,33,9.98,3,"문수동 부영9차 인근
거실방1구조
풀옵션",https://www.zigbang.com/home/apt/items/49881589
2026-08-12 05:15:52,원룸,49942226,월세,02,전남광주시 여수시 웅천동,여수시,웅천동,1000,39,0,55.14,16.68,고,"1년특가, 풀옵션 발코니 원룸, 단기가능",https://www.zigbang.com/home/apt/items/49942226
2026-08-12 05:15:52,원룸,49944833,월세,02,전남광주시 여수시 문수동,여수시,문수동,200,35,0,38,11.49,2,New 부영9차인근 깨끗하고 가성비 좋은 투룸,https://www.zigbang.com/home/apt/items/49944833
2026-08-12 05:15:52,원룸,49969666,월세,01,전남광주시 여수시 문수동,여수시,문수동,200,30,0,22,6.65,1,New 한려초인근 올리모델링 깔끔한 1층 원룸,https://www.zigbang.com/home/apt/items/49969666
2026-08-12 05:15:52,원룸,49981726,월세,02,전남광주시 여수시 신기동,여수시,신기동,200,40,0,40,12.1,2,New 시전주민센터인근 깔끔 깨끗한 투룸,https://www.zigbang.com/home/apt/items/49981726
2026-08-12 05:15:52,원룸,49983054,월세,03,전남광주시 여수시 웅천동,여수시,웅천동,500,55,0,33.06,10.0,고,웅천 롯데캐슬마리나ll오션뷰ll최신축 풀옵션ll즉시입주ll,https://www.zigbang.com/home/apt/items/49983054
2026-08-12 05:15:52,원룸,49763344,월세,01,전남광주시 여수시 미평동,여수시,미평동,200,35,0,26,7.86,2,New 전남대인근 A급 깔끔한 원룸,https://www.zigbang.com/home/apt/items/49763344
2026-08-12 05:15:52,원룸,49843880,월세,01,전남광주시 여수시 미평동,여수시,미평동,100,28,0,25,7.56,4,미평동 풀옵션 넓은 원룸 즉시입주,https://www.zigbang.com/home/apt/items/49843880
2026-08-12 05:15:52,원룸,49888232,월세,01,전남광주시 여수시 미평동,여수시,미평동,200,35,0,26,7.86,4,New 전남대인근 A급 깔끔한 원룸,https://www.zigbang.com/home/apt/items/49888232
2026-08-12 05:15:52,원룸,49962767,월세,01,전남광주시 여수시 미평동,여수시,미평동,100,30,0,25,7.56,3,미평동 엘베유 대학생 직장인 풀옵션 원룸,https://www.zigbang.com/home/apt/items/49962767
2026-08-12 05:15:52,원룸,50000290,월세,01,전남광주시 여수시 미평동,여수시,미평동,100,30,0,25,7.56,4,한국전력공사뒤쪽 원룸 풀옵션 엘베 주차장넓음,https://www.zigbang.com/home/apt/items/50000290
2026-08-12 05:15:52,원룸,49653148,월세,02,전남광주시 여수시 돌산읍 우두리,여수시,돌산읍,300,43,0,33,9.98,2,동백초 인근최 신축 풀옵션   거실 방1 구조,https://www.zigbang.com/home/apt/items/49653148
2026-08-12 05:15:52,원룸,49881696,월세,01,전남광주시 여수시 돌산읍 우두리,여수시,돌산읍,200,30,0,25,7.56,3,돌산읍우두리 신축원룸 엘베 운영중 바로 입주 가능,https://www.zigbang.com/home/apt/items/49881696
2026-08-12 05:15:55,원룸,49804291,월세,01,전남광주시 여수시 율촌면 신풍리,여수시,율촌면,200,35,0,25,7.56,2,여수공항근처 신축 원룸 풀옵션 엘베 즉시입주,https://www.zigbang.com/home/apt/items/49804291
2026-08-12 05:15:55,원룸,49808583,월세,02,전남광주시 여수시 율촌면 월산리,여수시,율촌면,300,48,0,30.72,9.29,3,분리형 투룸.신축으로 깔끔하고 깨끗하게 관리.즉시 입주가능,https://www.zigbang.com/home/apt/items/49808583
2026-08-12 05:15:55,원룸,49808571,월세,01,전남광주시 순천시 덕월동,순천시,덕월동,300,36,0,29.75,9.0,2,올리모델링 즉시입주 풀옵션 오천지구 도보5분거리,https://www.zigbang.com/home/apt/items/49808571
2026-08-12 05:15:55,원룸,49848812,월세,02,전남광주시 순천시 연향동,순천시,연향동,300,32,0,26,7.86,1,연향3지구 풀옵션 신축  원룸 임대 즉시입주,https://www.zigbang.com/home/apt/items/49848812
2026-08-12 05:15:55,원룸,49848851,월세,01,전남광주시 순천시 연향동,순천시,연향동,200,30,0,26.45,8.0,2,연향3지구 가성비 좋은 저렴한 풀옵션 원룸 임대,https://www.zigbang.com/home/apt/items/49848851
2026-08-12 05:15:55,원룸,49945248,월세,01,전남광주시 순천시 연향동,순천시,연향동,200,35,0,26.45,8.0,2,연향3지구 깨끗하고 넓은 원룸 임대 남향,https://www.zigbang.com/home/apt/items/49945248
2026-08-12 05:15:55,원룸,49945275,월세,02,전남광주시 순천시 연향동,순천시,연향동,200,40,0,39.67,12.0,3,연향3지구  농협 부근 남향 깨끗한 투룸 임대,https://www.zigbang.com/home/apt/items/49945275
2026-08-12 05:15:55,원룸,49952733,월세,02,전남광주시 순천시 연향동,순천시,연향동,200,32,0,26.45,8.0,2,연향3지구 풀옵션 분리형 원룸 임대 깨끗하게 관리됨,https://www.zigbang.com/home/apt/items/49952733
2026-08-12 05:15:55,원룸,49977233,월세,01,전남광주시 순천시 덕월동,순천시,덕월동,200,30,0,33.06,10.0,2,청암대 부근 깨끗한 풀옵션 원룸임대 엘리베이터있음,https://www.zigbang.com/home/apt/items/49977233
2026-08-12 05:15:55,원룸,49977263,월세,02,전남광주시 순천시 연향동,순천시,연향동,200,38,0,38,11.49,3,연향3지구 농협뒷편 깨끗하게 관리된 투룸 임대,https://www.zigbang.com/home/apt/items/49977263
2026-08-12 05:15:56,원룸,49707912,월세,01,전남광주시 순천시 해룡면 상삼리,순천시,해룡면,200,32,0,26.44,8.0,4,신원아르시스 인근 깨끗한 채광좋은 엘리베이터 원룸임대.,https://www.zigbang.com/home/apt/items/49707912
2026-08-12 05:15:56,원룸,49769856,월세,01,전남광주시 광양시 광양읍 덕례리,광양시,광양읍,200,38,0,24,7.26,2,광양LF아울렛 맞은편에 위치한 원룸임대,https://www.zigbang.com/home/apt/items/49769856
2026-08-12 05:15:56,원룸,49844585,월세,01,전남광주시 광양시 광양읍 덕례리,광양시,광양읍,200,35,0,23,6.96,1,광양LF아울렛 맞은편에 위치한 신축원룸 임대,https://www.zigbang.com/home/apt/items/49844585
2026-08-12 05:15:56,원룸,49900649,월세,01,전남광주시 순천시 해룡면 상삼리,순천시,해룡면,100,29,0,33.06,10.0,2,"금당 원룸 , 남향, 팔마초부근 깨끗한 원룸  임대",https://www.zigbang.com/home/apt/items/49900649
2026-08-12 05:15:56,원룸,49923409,월세,02,전남광주시 순천시 조례동,순천시,조례동,200,40,0,34,10.28,3,드라마세트장 깔끔하게 정비된 1.5룸 임대,https://www.zigbang.com/home/apt/items/49923409
2026-08-12 05:15:56,원룸,49960746,월세,01,전남광주시 순천시 해룡면 상삼리,순천시,해룡면,200,30,0,26.45,8.0,2,팔마초 옆 깨끗하고 저렴한 원룸 임대,https://www.zigbang.com/home/apt/items/49960746
2026-08-12 05:15:56,원룸,49977248,전세,01,전남광주시 순천시 해룡면 상삼리,순천시,해룡면,5000,0,0,23.14,7.0,2,"팔마초 부근 풀옵션 원룸 임대, 주방분리형",https://www.zigbang.com/home/apt/items/49977248
2026-08-12 05:15:56,원룸,49999636,월세,01,전남광주시 순천시 해룡면 상삼리,순천시,해룡면,200,30,0,27,8.17,2,순천 팔마초 인근 깔끔하게 정비된 원룸.,https://www.zigbang.com/home/apt/items/49999636
2026-08-12 05:15:56,원룸,50001630,월세,02,전남광주시 광양시 광양읍 덕례리,광양시,광양읍,100,30,0,26.45,8.0,2,덕례리 엘베있는 컨디션 좋은 분리형 원룸,https://www.zigbang.com/home/apt/items/50001630
2026-08-12 05:15:56,원룸,50001641,월세,02,전남광주시 광양시 광양읍 덕례리,광양시,광양읍,100,27,0,26,7.86,2,덕례리 컨디션 좋은 분리형 원룸,https://www.zigbang.com/home/apt/items/50001641
2026-08-12 05:15:56,원룸,50005488,월세,01,전남광주시 광양시 광양읍 덕례리,광양시,광양읍,100,30,0,21.3,6.44,3,ㅕ좋은집 소개ㅑ LF몰 인근 깔끔하고 저렴한  원룸임대,https://www.zigbang.com/home/apt/items/50005488
2026-08-12 05:15:56,원룸,50005521,월세,01,전남광주시 광양시 광양읍 덕례리,광양시,광양읍,200,30,0,22.3,6.75,3,ㅕ좋은집 소개ㅑ깔끔하고 조용하고 깨끗한 분리형 원룸 임대,https://www.zigbang.com/home/apt/items/50005521
2026-08-12 05:15:56,원룸,50005583,월세,02,전남광주시 광양시 광양읍 덕례리,광양시,광양읍,200,40,0,27.5,8.32,2,ㅕ좋은집 소개ㅑLF몰 인근. 신축. 막힘없는 조망. 깔끔,https://www.zigbang.com/home/apt/items/50005583
2026-08-12 05:15:56,원룸,50010804,월세,01,전남광주시 광양시 광양읍 덕례리,광양시,광양읍,200,40,0,24,7.26,2,광양LF아울렛 맞은편 옵션유 즉시입주가능 엘리베이터유,https://www.zigbang.com/home/apt/items/50010804
2026-08-12 05:15:56,원룸,50001619,월세,02,전남광주시 광양시 광양읍 덕례리,광양시,광양읍,100,27,0,26,7.86,3,덕례리 위치 좋고 옵션최상 바로입주 가능한 분리형 원룸,https://www.zigbang.com/home/apt/items/50001619
2026-08-12 05:15:56,원룸,50001666,월세,02,전남광주시 광양시 광양읍 칠성리,광양시,광양읍,100,25,0,27,8.17,2,광양읍사무소와 서천변 가까운 조용하고 주차편한 원룸,https://www.zigbang.com/home/apt/items/50001666
2026-08-12 05:15:57,원룸,49413752,월세,02,전남광주시 광양시 광양읍 구산리,광양시,광양읍,200,37,0,16.53,5.0,2,은하수원룸입니다,https://www.zigbang.com/home/apt/items/49413752
2026-08-12 05:15:57,원룸,49738734,월세,02,전남광주시 광양시 광양읍 구산리,광양시,광양읍,500,35,0,16.53,5.0,2,주땍지라서 조용해서 살기좋아요,https://www.zigbang.com/home/apt/items/49738734
2026-08-12 05:15:57,원룸,49918021,월세,02,전남광주시 광양시 광양읍 구산리,광양시,광양읍,200,27,0,16.53,5.0,4,은하수원룸입니다,https://www.zigbang.com/home/apt/items/49918021
2026-08-12 05:15:57,원룸,49918022,월세,02,전남광주시 광양시 광양읍 구산리,광양시,광양읍,200,37,0,23.14,7.0,4,은하수원룸입니다,https://www.zigbang.com/home/apt/items/49918022
2026-08-12 05:15:57,원룸,49918023,월세,02,전남광주시 광양시 광양읍 구산리,광양시,광양읍,300,50,0,39.67,12.0,4,주택지라서 조용해서 살기가좋아요,https://www.zigbang.com/home/apt/items/49918023
2026-08-12 05:15:57,원룸,49969427,월세,02,전남광주시 광양시 광양읍 구산리,광양시,광양읍,100,28,0,16.53,5.0,4,엘도라도 원룸입니다,https://www.zigbang.com/home/apt/items/49969427
2026-08-12 05:15:58,원룸,49932537,월세,02,전남광주시 광양시 중동,광양시,중동,200,29,0,29.75,9.0,2,관리잘된 아주깨끗한방. 주차편리,https://www.zigbang.com/home/apt/items/49932537
2026-08-12 05:15:58,원룸,49991087,월세,01,전남광주시 광양시 마동,광양시,마동,500,35,0,14.79,4.47,3,"신축 오피스텔 스마트시티, 풀옵션에 가성비 매물 추천 해요",https://www.zigbang.com/home/apt/items/49991087
2026-08-12 05:15:58,원룸,49991090,월세,01,전남광주시 광양시 마동,광양시,마동,500,35,0,36.45,11.03,3,신축 오피스텔 저렴한 인기 호실 추천해요,https://www.zigbang.com/home/apt/items/49991090
2026-08-12 05:16:36,원룸,49801104,월세,02,경상남도 사천시 사남면 월성리,사천시,사남면,300,30,0,26.45,8.0,2,"도시가스,풀옵션",https://www.zigbang.com/home/apt/items/49801104
2026-08-12 05:16:36,원룸,49858117,월세,02,경상남도 사천시 사남면 월성리,사천시,사남면,300,30,0,23.14,7.0,2,"가성비 좋은 원룸. 카이,사천공단 도보 가능",https://www.zigbang.com/home/apt/items/49858117
2026-08-12 05:16:36,원룸,49938472,월세,02,경상남도 사천시 사남면 월성리,사천시,사남면,300,30,0,26.45,8.0,4,"깔끔한 원룸. 카이,사남공단 도보 출퇴근",https://www.zigbang.com/home/apt/items/49938472
2026-08-12 05:16:36,원룸,50001526,월세,02,경상남도 사천시 사남면 화전리,사천시,사남면,100,23,0,26.45,8.0,3,"풀옵션,큰방,가격저렴",https://www.zigbang.com/home/apt/items/50001526
2026-08-12 05:16:36,원룸,50022975,월세,02,경상남도 사천시 정동면 예수리,사천시,정동면,100,30,0,33.06,10.0,2,"도시가스,풀옵션,큰원룸",https://www.zigbang.com/home/apt/items/50022975
2026-08-12 05:16:36,원룸,49219178,월세,02,경상남도 사천시 사천읍 사주리,사천시,사천읍,300,30,0,33.06,10.0,3,"도시가스,풀옵션,큰원룸",https://www.zigbang.com/home/apt/items/49219178
2026-08-12 05:16:36,원룸,49612166,월세,02,경상남도 사천시 사천읍 사주리,사천시,사천읍,500,30,0,26.45,8.0,3,"도시가스,풀옵션,신축성",https://www.zigbang.com/home/apt/items/49612166
2026-08-12 05:16:36,원룸,49798192,월세,02,경상남도 사천시 사천읍 정의리,사천시,사천읍,200,26,0,30,9.07,2,사천읍 사천공항 가까운 공설운동장 부근 최고조건원룸,https://www.zigbang.com/home/apt/items/49798192
2026-08-12 05:16:36,원룸,49830354,월세,02,경상남도 사천시 사천읍 선인리,사천시,사천읍,200,28,0,30,9.07,4,넓고 가성비 좋은 원룸. 시외버스터미널 도보5분,https://www.zigbang.com/home/apt/items/49830354
2026-08-12 05:16:36,원룸,49852273,월세,02,경상남도 사천시 사천읍 선인리,사천시,사천읍,2000,27,0,33,9.98,3,거실있는 1.5룸 반전세. 깨끗하고 이쁜 방,https://www.zigbang.com/home/apt/items/49852273
2026-08-12 05:16:36,원룸,49888058,월세,02,경상남도 사천시 사천읍 사주리,사천시,사천읍,300,30,0,26.45,8.0,3,"도시가스,풀옵션",https://www.zigbang.com/home/apt/items/49888058
2026-08-12 05:16:36,원룸,49926986,월세,02,경상남도 사천시 사천읍 선인리,사천시,사천읍,200,28,0,27,8.17,3,가성비 좋은 원룸. 버스터미널 걸어서 10분. 엘리베이터,https://www.zigbang.com/home/apt/items/49926986
2026-08-12 05:16:36,원룸,49944593,월세,02,경상남도 사천시 사천읍 선인리,사천시,사천읍,2000,20,0,26,7.86,4,S급 원룸 반전세. 엘레베이터와 정수기커피머신까지.,https://www.zigbang.com/home/apt/items/49944593
2026-08-12 05:16:36,원룸,49969675,월세,02,경상남도 사천시 정동면 고읍리,사천시,정동면,100,30,0,26.45,8.0,5,"도시가스,풀옵션, 엘베",https://www.zigbang.com/home/apt/items/49969675
2026-08-12 05:16:36,원룸,49972235,월세,02,경상남도 사천시 정동면 고읍리,사천시,정동면,500,25,0,26.45,8.0,3,"도시가스,풀옵션,리모델링",https://www.zigbang.com/home/apt/items/49972235
2026-08-12 05:16:36,원룸,50008517,월세,02,경상남도 사천시 사천읍 선인리,사천시,사천읍,500,30,0,33.06,10.0,2,거실있는 1.5룸. 시외버스터미널 인근,https://www.zigbang.com/home/apt/items/50008517
2026-08-12 05:16:36,원룸,50009406,월세,02,경상남도 사천시 사천읍 선인리,사천시,사천읍,300,30,0,26,7.86,2,깔끔한 원룸. 시외버스터미널 걸어서 15분,https://www.zigbang.com/home/apt/items/50009406
2026-08-12 05:16:36,원룸,50014175,월세,02,경상남도 사천시 사천읍 사주리,사천시,사천읍,500,35,0,26.45,8.0,2,도시가스.풀옵션,https://www.zigbang.com/home/apt/items/50014175
2026-08-12 05:16:36,원룸,50028572,월세,02,경상남도 사천시 사천읍 선인리,사천시,사천읍,300,30,0,24.79,7.5,3,"도시가스,풀옵션",https://www.zigbang.com/home/apt/items/50028572
2026-08-12 05:16:36,원룸,49775686,월세,02,경상남도 진주시 정촌면 예하리,진주시,정촌면,300,29,0,26.43,8.0,2,㉧ㅡ서빈No.1구해줘홈즈ㅡ㉧추천BEST꿀방,https://www.zigbang.com/home/apt/items/49775686
2026-08-12 05:16:38,원룸,49965495,월세,01,경상남도 통영시 항남동,통영시,항남동,200,40,0,36,10.89,3,즉시입주가능한 풀웁션원룸,https://www.zigbang.com/home/apt/items/49965495
2026-08-12 05:16:38,원룸,49790426,월세,02,경상남도 통영시 광도면 노산리,통영시,광도면,200,25,0,30,9.07,2,신축같이 깨끗한 큰 원룸,https://www.zigbang.com/home/apt/items/49790426
2026-08-12 05:16:39,원룸,49776605,월세,02,경상남도 거제시 연초면 오비리,거제시,연초면,200,30,0,42.98,13.0,3,ㅇ말도안되는 가격 최신축 전망좋은 최저가 미투ㅇ,https://www.zigbang.com/home/apt/items/49776605
2026-08-12 05:16:39,원룸,49806873,월세,01,경상남도 거제시 장평동,거제시,장평동,200,33,0,26.45,8.0,4,풀옵션 침대 책상있는 원룸 . 홈플러스인근,https://www.zigbang.com/home/apt/items/49806873
2026-08-12 05:16:39,원룸,49922484,월세,02,경상남도 거제시 고현동,거제시,고현동,150,18,0,22,6.65,1,가장싼방. 신축건물.1층.정말이쁜집.선착순.중곡동소재,https://www.zigbang.com/home/apt/items/49922484
2026-08-12 05:16:39,원룸,49937390,월세,02,경상남도 거제시 장평동,거제시,장평동,100,30,0,33.06,10.0,2,ㄷ장평후문출퇴근5분 도배 청소완료 가스렌지도 새거로교체ㄱ,https://www.zigbang.com/home/apt/items/49937390
2026-08-12 05:16:39,원룸,49984900,월세,02,경상남도 거제시 장평동,거제시,장평동,200,35,0,40,12.1,3,ㄷ장평정문 출퇴근3분거리 넓은 미투 저렴한 월세 도배 완료,https://www.zigbang.com/home/apt/items/49984900
2026-08-12 05:16:39,원룸,50014396,월세,02,경상남도 거제시 장평동,거제시,장평동,100,33,0,33.06,10.0,2,ㄷ장평정문 도보3분거리 도배완료된 깨끗하고 완벽한 원룸ㄱ,https://www.zigbang.com/home/apt/items/50014396
2026-08-12 05:16:39,원룸,50029048,월세,02,경상남도 거제시 장평동,거제시,장평동,200,35,0,33,9.98,2,ㄷ장평정문 컨디션 매우좋은곳 이사협의위해 상담해주세요ㄱ,https://www.zigbang.com/home/apt/items/50029048
2026-08-12 05:16:39,원룸,49823863,월세,02,경상남도 거제시 연초면 연사리,거제시,연초면,100,20,0,36.36,11.0,4,ㅇ금액대비 최상품 신축 가성비 최고 넓은 원룸ㅇ,https://www.zigbang.com/home/apt/items/49823863
2026-08-12 05:16:39,원룸,49836097,월세,02,경상남도 거제시 수월동,거제시,수월동,100,25,0,39.67,12.0,4,춘광아파트부근. 엘베. 특미니투룸.옥상사용.선착순.최고싼방,https://www.zigbang.com/home/apt/items/49836097
2026-08-12 05:16:39,원룸,49875455,월세,02,경상남도 거제시 수월동,거제시,수월동,100,25,0,35,10.59,3,초특대형원룸.엘리유리안2차정문쪽. 3층.남동향.선착순,https://www.zigbang.com/home/apt/items/49875455
2026-08-12 05:16:39,원룸,49904249,월세,02,경상남도 거제시 연초면 죽토리,거제시,연초면,200,30,0,46.28,14.0,2,ㅇ무조건계약할 최신축 남향 정투룸ㅇ,https://www.zigbang.com/home/apt/items/49904249
2026-08-12 05:16:39,원룸,49915330,월세,02,경상남도 거제시 연초면 오비리,거제시,연초면,200,25,0,33.06,10.0,반지하,ㄷ오비리 저렴하고 깨끗하고 넓은 미니 투룸 관리 잘된곳ㄱ,https://www.zigbang.com/home/apt/items/49915330
2026-08-12 05:16:39,원룸,49922774,월세,02,경상남도 거제시 연초면 오비리,거제시,연초면,200,33,0,52.89,16.0,3,ㅇ이 동네에서 제일좋은 금액저렴 추천 투룸같은방ㅇ,https://www.zigbang.com/home/apt/items/49922774
2026-08-12 05:16:39,원룸,49977803,월세,02,경상남도 거제시 연초면 오비리,거제시,연초면,200,30,0,42.98,13.0,2,ㅇ맘에드는방  엘리베이터 붙박이장 대형 미니투룸ㅇ,https://www.zigbang.com/home/apt/items/49977803
2026-08-12 05:16:39,원룸,50021777,월세,02,경상남도 거제시 수월동,거제시,수월동,100,20,0,33.06,10.0,2,엘리유리안2차부근. 6개월가능. 가장싼방.외국인가능.선착순,https://www.zigbang.com/home/apt/items/50021777
2026-08-12 05:16:49,원룸,49815487,월세,04,경상남도 거제시 장승포동,거제시,장승포동,100,50,0,111.54,33.74,고,"장승포 마이투스 아파트 첫입주,즉시입주가능",https://www.zigbang.com/home/apt/items/49815487
2026-08-12 05:16:49,원룸,49993297,월세,02,경상남도 거제시 장승포동,거제시,장승포동,50,35,0,59.63,18.04,4,"장승포 마이투스 오피스텔 ,단기가능",https://www.zigbang.com/home/apt/items/49993297
2026-08-12 05:16:51,원룸,50004924,월세,02,부산시 강서구 지사동,강서구,지사동,100,26,0,26.2,7.93,3,V단기가능V 빠른입주가능V,https://www.zigbang.com/home/apt/items/50004924
2026-08-12 05:16:51,원룸,50005188,월세,02,부산시 강서구 지사동,강서구,지사동,100,26,0,23.14,7.0,3,ㅁ 깔끔한저렴이 ㅁ 채광좋은집 ㅁ 분리형원룸 ㅁ,https://www.zigbang.com/home/apt/items/50005188
2026-08-12 05:16:51,원룸,50022813,월세,02,부산시 강서구 지사동,강서구,지사동,200,36,0,26.11,7.9,2,ㅣ남향 1.5룸ㅣ외국인 가능ㅣ,https://www.zigbang.com/home/apt/items/50022813
2026-08-12 05:16:52,원룸,49860065,월세,02,부산시 강서구 범방동,강서구,범방동,300,30,0,23.14,7.0,2,범방동 원룸   풀옵션,https://www.zigbang.com/home/apt/items/49860065
2026-08-12 05:16:52,원룸,49913000,월세,02,부산시 강서구 범방동,강서구,범방동,300,27,0,23.13,7.0,3,ㅣ귀한원룸ㅣ공실ㅣ,https://www.zigbang.com/home/apt/items/49913000
2026-08-12 05:16:52,원룸,49956876,월세,02,부산시 강서구 범방동,강서구,범방동,300,39,0,26.8,8.11,2,"ㅣ방1, 거실1ㅣ직원숙소 추천ㅣ",https://www.zigbang.com/home/apt/items/49956876
2026-08-12 05:16:52,원룸,50026733,월세,02,부산시 강서구 범방동,강서구,범방동,500,51,0,28.75,8.7,3,ㅣ큰 신축 투룸ㅣ직원 숙소ㅣ,https://www.zigbang.com/home/apt/items/50026733
2026-08-12 05:16:52,원룸,49701939,월세,01,부산시 사상구 엄궁동,사상구,엄궁동,300,30,0,22,6.65,3,ㅁ주차 가능ㅁ실매물,https://www.zigbang.com/home/apt/items/49701939
2026-08-12 05:16:52,원룸,49792213,월세,01,부산시 사상구 학장동,사상구,학장동,100,16,0,16.52,5.0,1,NEW 리모델링 ㅣ 최저가ㅣ단기가능ㅣ실매물,https://www.zigbang.com/home/apt/items/49792213
2026-08-12 05:16:52,원룸,49896754,월세,01,부산시 사하구 하단동,사하구,하단동,500,40,0,22,6.65,2,정남향에 풀옵션인 신축원룸,https://www.zigbang.com/home/apt/items/49896754
2026-08-12 05:16:52,원룸,49896937,월세,01,부산시 사하구 하단동,사하구,하단동,1000,35,0,22,6.65,2,정남향에 이쁘고 빠른입주 가능한 신축원룸,https://www.zigbang.com/home/apt/items/49896937
2026-08-12 05:16:52,원룸,49898308,월세,01,부산시 사하구 하단동,사하구,하단동,500,38,0,31.72,9.6,4,통학꿀위치 정문앞,https://www.zigbang.com/home/apt/items/49898308
2026-08-12 05:16:52,원룸,49905319,월세,01,부산시 사하구 하단동,사하구,하단동,100,20,0,26.45,8.0,1,o동아대1분o올수리o,https://www.zigbang.com/home/apt/items/49905319
2026-08-12 05:16:52,원룸,49960111,월세,01,부산시 사하구 하단동,사하구,하단동,300,25,0,26.45,8.0,3,o동아대10초o원룸같은원룸o,https://www.zigbang.com/home/apt/items/49960111
2026-08-12 05:16:52,원룸,49961362,월세,02,부산시 사하구 하단동,사하구,하단동,500,42,0,31,9.38,2,거실넓은 투룸 둘이살자,https://www.zigbang.com/home/apt/items/49961362
2026-08-12 05:16:52,원룸,49973632,월세,01,부산시 사하구 하단동,사하구,하단동,1000,35,0,28.66,8.67,4,문의많은 0 인기쟁이 0 위드빌,https://www.zigbang.com/home/apt/items/49973632
2026-08-12 05:16:52,원룸,49980089,월세,02,부산시 사하구 하단동,사하구,하단동,200,20,0,26.45,8.0,3,o동아대10초o단기가능o,https://www.zigbang.com/home/apt/items/49980089
2026-08-12 05:16:52,원룸,49989714,월세,02,부산시 사하구 하단동,사하구,하단동,200,18,0,24.5,7.41,1,학교바로 앞 ㅁ 깔끔,https://www.zigbang.com/home/apt/items/49989714
2026-08-12 05:16:52,원룸,50014672,월세,01,부산시 사하구 하단동,사하구,하단동,1000,35,0,15.65,4.73,2,남향 2년차신축건물,https://www.zigbang.com/home/apt/items/50014672
2026-08-12 05:16:52,원룸,50006860,월세,02,부산시 부산진구 개금동,부산진구,개금동,1000,30,0,25.2,7.62,5,남향 고층 채광좋은 풀옵션 오피스텔 깔끔하고 넓은집,https://www.zigbang.com/home/apt/items/50006860
2026-08-12 05:16:52,원룸,50007683,월세,02,부산시 서구 동대신동2가,서구,동대신동2가,300,32,0,16.3,4.93,5,베란다 있는 햇살 좋은 집,https://www.zigbang.com/home/apt/items/50007683
2026-08-12 05:16:52,원룸,50008773,월세,01,부산시 부산진구 개금동,부산진구,개금동,200,24,0,19,5.75,3,여성선호높은집  화이트톤 큰대로변 초역세권 선착순 1명,https://www.zigbang.com/home/apt/items/50008773
2026-08-12 05:16:52,원룸,50009135,월세,02,부산시 서구 서대신동3가,서구,서대신동3가,2000,50,0,40.06,12.12,2,투룸특大.채광좋고.베란다.붙박이장 역세권.가성비굿.인프라굿,https://www.zigbang.com/home/apt/items/50009135
2026-08-12 05:16:52,원룸,50010895,월세,02,부산시 서구 동대신동3가,서구,동대신동3가,500,30,0,13.72,4.15,5,"동아대병원, 동아대구덕캠 인근 가성비 매물",https://www.zigbang.com/home/apt/items/50010895
2026-08-12 05:16:52,원룸,50011680,월세,01,부산시 부산진구 개금동,부산진구,개금동,200,25,0,16,4.84,3,HOT  치안좋은 대로변,https://www.zigbang.com/home/apt/items/50011680
2026-08-12 05:16:52,원룸,50011909,월세,01,부산시 사상구 주례동,사상구,주례동,300,20,0,23.36,7.07,3,ㅁ주례역 도보3분ㅁ,https://www.zigbang.com/home/apt/items/50011909
2026-08-12 05:16:52,원룸,50017051,월세,02,부산시 사상구 주례동,사상구,주례동,300,23,0,14.23,4.3,3,"S2,,분리형구조 화이트톤 이쁜집 ,,S2",https://www.zigbang.com/home/apt/items/50017051
2026-08-12 05:16:52,원룸,50022843,월세,02,부산시 사하구 괴정동,사하구,괴정동,500,46,0,27.04,8.18,2,ㅣ침대있는투룸ㅣ공원앞ㅣ,https://www.zigbang.com/home/apt/items/50022843
2026-08-12 05:16:52,원룸,50023929,월세,01,부산시 사하구 괴정동,사하구,괴정동,1000,41,0,27.72,8.39,7,ㅣ23년생ㅣ신축원룸ㅣ,https://www.zigbang.com/home/apt/items/50023929
2026-08-12 05:16:52,원룸,50024007,월세,01,부산시 사하구 괴정동,사하구,괴정동,200,26,0,26.11,7.9,5,ㅣ테라스있는큰원룸ㅣ남향,https://www.zigbang.com/home/apt/items/50024007
2026-08-12 05:16:52,원룸,50025699,월세,01,부산시 서구 토성동1가,서구,토성동1가,2000,20,0,28.04,8.48,고,"수납공간 굿, 넓고 깔끔한, 위치 좋은 방",https://www.zigbang.com/home/apt/items/50025699
2026-08-12 05:16:52,원룸,50028124,월세,01,부산시 서구 부용동2가,서구,부용동2가,300,30,0,14.92,4.51,4,"동아대부민캠퍼스 도보5분이내,풀옵션원룸",https://www.zigbang.com/home/apt/items/50028124
2026-08-12 05:16:55,원룸,49584649,월세,01,부산시 영도구 동삼동,영도구,동삼동,300,11,0,18,5.44,3,NEWㅣ 최저가 리모델링ㅣ단기가능,https://www.zigbang.com/home/apt/items/49584649
2026-08-12 05:16:55,원룸,48595518,월세,01,부산시 영도구 동삼동,영도구,동삼동,100,20,0,19.83,6.0,3,NEW리모델링ㅣ단기가능ㅣ보증금조절가능ㅣ해양대앞,https://www.zigbang.com/home/apt/items/48595518
2026-08-12 05:16:55,원룸,48987063,월세,01,부산시 영도구 동삼동,영도구,동삼동,100,10,0,15,4.54,3,NEW 리모델링ㅣ단기가능ㅣ보증금조절가능ㅣ최저가,https://www.zigbang.com/home/apt/items/48987063
2026-08-12 05:16:55,원룸,49451300,월세,01,부산시 영도구 동삼동,영도구,동삼동,500,25,0,15.17,4.59,4,NEW 리모델링ㅣ엘베있음ㅣ단기가능ㅣ보증금조절가능ㅣ,https://www.zigbang.com/home/apt/items/49451300
2026-08-12 05:16:55,원룸,49476967,월세,01,부산시 영도구 동삼동,영도구,동삼동,300,27,0,19.83,6.0,4,NEW 리모델링ㅣ주방분리ㅣ단기가능 학생환영ㅣ주차가능,https://www.zigbang.com/home/apt/items/49476967
2026-08-12 05:16:55,원룸,49508575,월세,01,부산시 영도구 동삼동,영도구,동삼동,300,30,0,16.52,5.0,2,NEW 리모델링ㅣ단기가능ㅣ해양대전문ㅣ해양대앞,https://www.zigbang.com/home/apt/items/49508575
2026-08-12 05:16:55,원룸,49585422,월세,01,부산시 영도구 동삼동,영도구,동삼동,500,30,0,23.14,7.0,3,NEW 리모델링ㅣ넓은원룸ㅣ단기가능ㅣ해양대환영ㅣ,https://www.zigbang.com/home/apt/items/49585422
2026-08-12 05:16:55,원룸,49881827,월세,01,부산시 남구 용호동,남구,용호동,100,25,0,16.52,5.0,5,세입자의 입장에서 안내하겠습니다,https://www.zigbang.com/home/apt/items/49881827
2026-08-12 05:16:55,원룸,49887549,월세,01,부산시 영도구 동삼동,영도구,동삼동,100,19,0,16.52,5.0,5,NEW 리모델링ㅣ최저가ㅣ엘베있음 ㅣ단기가능,https://www.zigbang.com/home/apt/items/49887549
2026-08-12 05:16:55,원룸,50010074,월세,01,부산시 중구 중앙동4가,중구,중앙동4가,500,60,0,30.75,9.3,6,단기가능.오션뷰.깔끔한신축오피스텔.중앙역H,https://www.zigbang.com/home/apt/items/50010074
2026-08-12 05:16:55,원룸,50011039,전세,02,부산시 중구 부평동3가,중구,부평동3가,6000,0,0,26.8,8.11,6,"보증보험. 화장대, 붙박이장 오피스텔.",https://www.zigbang.com/home/apt/items/50011039
2026-08-12 05:16:55,원룸,50014951,월세,01,부산시 중구 중앙동4가,중구,중앙동4가,500,53,0,44.55,13.48,15,애완동물가능.전입가능.베란다有.중앙역.보증금조절가능H,https://www.zigbang.com/home/apt/items/50014951
2026-08-12 05:16:55,원룸,50015310,월세,01,부산시 중구 중앙동4가,중구,중앙동4가,500,53,0,44.55,13.48,15,V베란다 V남동향 V애완동물 V보증금조절 V컨디션좋은집Q,https://www.zigbang.com/home/apt/items/50015310
2026-08-12 05:16:55,원룸,50017086,월세,01,부산시 중구 중앙동4가,중구,중앙동4가,500,50,0,42.5,12.86,15,V베란다 V남서향 V애완동물 V보증금조절 V컨디션좋은집Q,https://www.zigbang.com/home/apt/items/50017086
2026-08-12 05:16:55,원룸,50018084,월세,01,부산시 중구 중앙동4가,중구,중앙동4가,500,50,0,42.5,12.86,15,"전입,중앙역.부산역,베란다,애완동물,보증금조절D",https://www.zigbang.com/home/apt/items/50018084
2026-08-12 05:16:55,원룸,50019987,월세,02,부산시 중구 영주동,중구,영주동,500,35,0,16.15,4.89,3,V남향집 V주방분리형 V풀옵션 V보증금월세조절Q,https://www.zigbang.com/home/apt/items/50019987
2026-08-12 05:16:55,원룸,50022656,월세,01,부산시 영도구 대교동1가,영도구,대교동1가,500,55,0,45.85,13.87,19,"오션뷰, 남포역, 롯데백화점, 건물내 스타벅스 입점.",https://www.zigbang.com/home/apt/items/50022656
2026-08-12 05:16:55,원룸,50022844,월세,02,부산시 중구 중앙동5가,중구,중앙동5가,500,50,0,43.94,13.29,중,"넓은1.5룸,양창분리형,초역세권풀옵션,전입가능,올도배",https://www.zigbang.com/home/apt/items/50022844
2026-08-12 05:16:55,원룸,50022845,월세,04,부산시 중구 대청동1가,중구,대청동1가,1500,70,0,74.3,22.48,고,큰투룸v고층남향v올인테리어v역세권풀옵션v전입가능,https://www.zigbang.com/home/apt/items/50022845
2026-08-12 05:16:55,원룸,50024710,월세,01,부산시 중구 중앙동2가,중구,중앙동2가,300,30,0,19,5.75,2,"단기가능,중앙역옆,남포동,용두산공원도보D",https://www.zigbang.com/home/apt/items/50024710
2026-08-12 05:16:55,원룸,50027071,월세,02,부산시 중구 동광동5가,중구,동광동5가,100,15,0,19.85,6.0,3,베란다.남향.화이트톤리모델링.중앙역.가성비H,https://www.zigbang.com/home/apt/items/50027071
2026-08-12 05:16:58,원룸,49824539,월세,02,전남광주시 광산구 오선동,광산구,오선동,200,27,0,28,8.47,2,ㅁ추천매물 NOㅁ인기매물 채광굿 풀옵션 원룸,https://www.zigbang.com/home/apt/items/49824539
2026-08-12 05:16:58,원룸,49882725,월세,02,전남광주시 광산구 오선동,광산구,오선동,100,26,0,18.85,5.7,3,ㅣ실시간 A급 인기매물ㅣ신축ㅣ예쁜방ㅣ귀한매물ㅣ깔끔ㅣ,https://www.zigbang.com/home/apt/items/49882725
2026-08-12 05:16:58,원룸,49904703,월세,02,전남광주시 광산구 오선동,광산구,오선동,200,28,0,21.08,6.38,3,ㅣ실시간 A급 인기매물ㅣ갓성비ㅣ채광 굿ㅣ,https://www.zigbang.com/home/apt/items/49904703
2026-08-12 05:16:58,원룸,49938400,월세,02,전남광주시 광산구 오선동,광산구,오선동,300,31,0,29.75,9.0,3,II P II 신축급 l 붙박이장 l 엘베 l 대형크기,https://www.zigbang.com/home/apt/items/49938400
2026-08-12 05:16:58,원룸,49938435,월세,02,전남광주시 광산구 오선동,광산구,오선동,200,24,0,19.14,5.79,2,II P II 신축 l 채광맛집 l 엘베 l 제일싼 가성비,https://www.zigbang.com/home/apt/items/49938435
2026-08-12 05:16:58,원룸,49948034,월세,02,전남광주시 광산구 오선동,광산구,오선동,200,26,0,28,8.47,2,ㅁNew추천매물ㅁ수납좋고 채광좋은 풀옵션 원룸,https://www.zigbang.com/home/apt/items/49948034
2026-08-12 05:16:58,원룸,49958441,월세,02,전남광주시 광산구 오선동,광산구,오선동,200,26,0,19.85,6.0,2,진곡산단 신축 I 깔끔 화이트톤 I 채광 가득,https://www.zigbang.com/home/apt/items/49958441
2026-08-12 05:16:58,원룸,49986627,월세,02,전남광주시 광산구 오선동,광산구,오선동,200,35,0,24,7.26,4,ㅣ진곡산단ㅣ신축 주택가ㅣ방이 큰ㅣ주차편리ㅣ조용하고 깔끔ㅣ,https://www.zigbang.com/home/apt/items/49986627
2026-08-12 05:16:58,원룸,49995901,월세,02,전남광주시 광산구 오선동,광산구,오선동,100,26,0,26.45,8.0,2,I 실시간 업데이트 I 실매물 I 가성비 좋은 방 I,https://www.zigbang.com/home/apt/items/49995901
2026-08-12 05:16:58,원룸,50009006,월세,02,전남광주시 광산구 오선동,광산구,오선동,200,26,0,26.46,8.0,3,II P II 신축급 l 한국인전용 l 엘베 l 가성비,https://www.zigbang.com/home/apt/items/50009006
2026-08-12 05:17:10,원룸,49974768,월세,01,전라북도 전주시 완산구 효자동3가,전주시 완산구,효자동3가,50,18,0,28,8.47,3,ꯁ전주대 스타타워 인근원룸ꯁ인근 최저가ꯁ위치 최상급 원룸ꯁ,https://www.zigbang.com/home/apt/items/49974768
2026-08-12 05:17:10,원룸,49924217,월세,02,전라북도 전주시 완산구 동서학동,전주시 완산구,동서학동,300,30,0,28,8.47,4,H교대 도보5분H풀옵션 원룸H즉시입주H,https://www.zigbang.com/home/apt/items/49924217
2026-08-12 05:17:10,원룸,49927470,월세,01,전라북도 전주시 완산구 동서학동,전주시 완산구,동서학동,300,28,0,33.06,10.0,2,ㅁㅁ교대인근ㅁ신축원룸ㅁ풀옵션매물ㅁ인기매물ㅁ즉시입주가능ㅁㅁ,https://www.zigbang.com/home/apt/items/49927470
2026-08-12 05:17:10,원룸,49944346,월세,02,전라북도 전주시 완산구 중화산동1가,전주시 완산구,중화산동1가,200,26,0,33.05,10.0,2,100프로실매물 예수병원도보3분 깔끔한 신축 풀옵션남향원룸,https://www.zigbang.com/home/apt/items/49944346
2026-08-12 05:17:10,원룸,49944348,월세,02,전라북도 전주시 완산구 중화산동1가,전주시 완산구,중화산동1가,300,31,0,39.67,12.0,2,100프로실매물 깔끔한 고품격 신축 풀옵션 주방분리 원룸,https://www.zigbang.com/home/apt/items/49944348
2026-08-12 05:17:10,원룸,50004283,월세,01,전라북도 전주시 완산구 평화동2가,전주시 완산구,평화동2가,300,28,0,23.14,7.0,2,o원룸o 상태깨끗 원룸,https://www.zigbang.com/home/apt/items/50004283
2026-08-12 05:17:10,원룸,50021335,월세,01,전라북도 전주시 완산구 평화동2가,전주시 완산구,평화동2가,300,27,0,23.14,7.0,3,o원룸o 상태깨끗 원룸,https://www.zigbang.com/home/apt/items/50021335
2026-08-12 05:17:13,원룸,49951365,월세,01,전라북도 남원시 왕정동,남원시,왕정동,3000,25,0,39.67,12.0,4,왕정동 신축급 큰원룸 임대합니다.,https://www.zigbang.com/home/apt/items/49951365
2026-08-12 05:17:22,원룸,49816975,월세,02,경상남도 거창군 거창읍 송정리,거창군,거창읍,1000,40,0,39.76,12.03,1,"내부시설깨끗,풀옵션,즉시입주가",https://www.zigbang.com/home/apt/items/49816975
2026-08-12 05:17:23,원룸,49816674,월세,01,경상남도 거창군 거창읍 대평리,거창군,거창읍,500,33,0,24,7.26,3,"정남향,내부시설깨끗,엘베있음",https://www.zigbang.com/home/apt/items/49816674
2026-08-12 05:17:24,원룸,49841784,월세,01,전라북도 군산시 오식도동,군산시,오식도동,100,25,0,20,6.05,4,오식도 번화가 원룸,https://www.zigbang.com/home/apt/items/49841784
2026-08-12 05:17:24,원룸,49917705,월세,01,전라북도 군산시 오식도동,군산시,오식도동,100,25,0,23.14,7.0,3,정남향 뻥뷰원룸,https://www.zigbang.com/home/apt/items/49917705
2026-08-12 05:17:24,원룸,49917708,월세,02,전라북도 군산시 오식도동,군산시,오식도동,100,25,0,19.83,6.0,3,정남향 환한 3층,https://www.zigbang.com/home/apt/items/49917708
2026-08-12 05:17:24,원룸,49917711,월세,02,전라북도 군산시 오식도동,군산시,오식도동,100,25,0,23.14,7.0,3,1.5룸  원룸가격,https://www.zigbang.com/home/apt/items/49917711
2026-08-12 05:17:24,원룸,49917730,월세,01,전라북도 군산시 오식도동,군산시,오식도동,100,25,0,19.83,6.0,3,준신축급 원룸,https://www.zigbang.com/home/apt/items/49917730
2026-08-12 05:17:24,원룸,49925321,월세,01,전라북도 군산시 오식도동,군산시,오식도동,100,22,0,21,6.35,3,위치 좋은 준신축 원룸,https://www.zigbang.com/home/apt/items/49925321
2026-08-12 05:17:24,원룸,49925332,월세,02,전라북도 군산시 오식도동,군산시,오식도동,100,35,0,27,8.17,4,탁트인뷰 층간소음없음,https://www.zigbang.com/home/apt/items/49925332
2026-08-12 05:17:24,원룸,49925350,월세,01,전라북도 군산시 오식도동,군산시,오식도동,100,30,0,20,6.05,3,"산업단지 인근 준신축 앞트여있음 1,5룸 크기",https://www.zigbang.com/home/apt/items/49925350
2026-08-12 05:17:24,원룸,49925444,월세,01,전라북도 군산시 오식도동,군산시,오식도동,60,20,0,22,6.65,4,벽지 전체 교체,https://www.zigbang.com/home/apt/items/49925444
2026-08-12 05:17:27,원룸,49770253,월세,01,전라북도 전주시 덕진구 여의동2가,전주시 덕진구,여의동2가,300,37,0,29.75,9.0,2,ㅁㅁ이건못참지ㅁㅁ여의동신축원룸ㅁㅁ도촌초인근 신축원룸등장ㅁㅁ,https://www.zigbang.com/home/apt/items/49770253
2026-08-12 05:17:27,원룸,49838718,월세,02,전라북도 전주시 덕진구 반월동,전주시 덕진구,반월동,300,32,0,35.99,10.89,2,신축ㅇ채광좋음ㅇ넓은주차ㅇ옵션좋음ㅇ깨끗ㅇ탁트인뷰ㅇ살기좋은집,https://www.zigbang.com/home/apt/items/49838718
2026-08-12 05:17:27,원룸,49945436,월세,01,전라북도 전주시 덕진구 반월동,전주시 덕진구,반월동,300,30,0,33.06,10.0,2,ㅁㅁ신축급매물ㅁ인기매물ㅁ엘리베이터ㅁ햇빛ㅁ주방분리ㅁ좋은집ㅁㅁ,https://www.zigbang.com/home/apt/items/49945436
2026-08-12 05:17:27,원룸,50015002,월세,01,전라북도 전주시 덕진구 여의동2가,전주시 덕진구,여의동2가,300,35,0,33.06,10.0,2,ㅇ남향ㅇ햇살가득ㅇ탁트인뷰ㅇ엘베포함ㅇ깔끔원룸ㅇ,https://www.zigbang.com/home/apt/items/50015002
2026-08-12 05:17:28,원룸,49734003,월세,01,전라북도 완주군 삼례읍 후정리,완주군,삼례읍,100,25,0,33.03,9.99,2,"ㅁ가성비최고 ㅁ분리형원룸 ㅁ풀옵션 ㅁ교육관, 대운동장 인근",https://www.zigbang.com/home/apt/items/49734003
2026-08-12 05:17:28,원룸,49885938,월세,02,전라북도 완주군 삼례읍 삼례리,완주군,삼례읍,500,36,0,36.36,11.0,3,0삼례신축급0분리형주방0엘베0삼례ic근접0삼례우석대0넓은방,https://www.zigbang.com/home/apt/items/49885938
2026-08-12 05:17:28,원룸,49971831,월세,02,전라북도 완주군 삼례읍 삼례리,완주군,삼례읍,1500,20,0,33.06,10.0,2,米BEST원룸 米안심주택 米주차좋음 米준신축급米엘베,https://www.zigbang.com/home/apt/items/49971831
2026-08-12 05:17:28,원룸,49972034,월세,02,전라북도 완주군 삼례읍 삼례리,완주군,삼례읍,500,35,0,33.06,10.0,2,ꗄꗄ신축급ꗄꗄ엘베ꗄꗄ풀옵션ꗄꗄ안심주택ꗄꗄ우석대학ꗄꗄ조용함,https://www.zigbang.com/home/apt/items/49972034
2026-08-12 05:17:29,원룸,49945154,월세,02,전라북도 전주시 덕진구 송천동1가,전주시 덕진구,송천동1가,300,30,0,35,10.59,3,ꕥ신축넓은원룸ꕥㆀ햇살좋은넓은방ㆀꕥ에코시티十예비군훈련장十w,https://www.zigbang.com/home/apt/items/49945154
2026-08-12 05:17:29,원룸,49978387,월세,02,전라북도 전주시 덕진구 송천동1가,전주시 덕진구,송천동1가,300,30,0,35,10.59,2,ꕥ탁트인뷰ꕥㆀ햇살좋은넓은방ㆀꕥ에코시티十신축밝은집十w,https://www.zigbang.com/home/apt/items/49978387
2026-08-12 05:17:31,원룸,49589055,월세,02,충청남도 논산시 취암동,논산시,취암동,1000,45,0,33.06,10.0,4,공영주차장 근처 반투룸,https://www.zigbang.com/home/apt/items/49589055
2026-08-12 05:17:31,원룸,49768444,전세,04,충청남도 논산시 취암동,논산시,취암동,13500,0,0,85,25.71,7,보증보험됩니다,https://www.zigbang.com/home/apt/items/49768444
2026-08-12 05:17:31,원룸,49778596,전세,04,충청남도 논산시 취암동,논산시,취암동,13500,0,0,82.64,25.0,고,보증보험가능한 건물이예요,https://www.zigbang.com/home/apt/items/49778596
2026-08-12 05:17:31,원룸,49890519,전세,02,충청남도 논산시 취암동,논산시,취암동,8000,0,0,42.98,13.0,4,"좋은방, 신축같은1.5룸",https://www.zigbang.com/home/apt/items/49890519
2026-08-12 05:17:31,원룸,49944646,월세,02,충청남도 논산시 취암동,논산시,취암동,1000,45,0,36,10.89,4,"아주 깔끔한 1,5룸의 원룸임",https://www.zigbang.com/home/apt/items/49944646
2026-08-12 05:17:31,원룸,49965598,월세,02,충청남도 논산시 취암동,논산시,취암동,1500,45,0,42.98,13.0,2,신축.진짜방은 좋아용.보증금 조절가능도되구여,https://www.zigbang.com/home/apt/items/49965598
2026-08-12 05:17:31,원룸,49970699,월세,02,충청남도 논산시 강산동,논산시,강산동,200,28,0,23,6.96,3,부영근처 풀옵션 원룸,https://www.zigbang.com/home/apt/items/49970699
2026-08-12 05:17:31,원룸,49995606,월세,02,충청남도 논산시 취암동,논산시,취암동,200,27,0,23.14,7.0,4,부영아파트 부근의 예쁜 햇살좋은 원룸,https://www.zigbang.com/home/apt/items/49995606
2026-08-12 05:17:32,원룸,50002506,월세,02,충청남도 논산시 연무읍 안심리,논산시,연무읍,1000,35,0,35,10.59,2,예쁜반투룸입니다..,https://www.zigbang.com/home/apt/items/50002506
2026-08-12 05:17:33,원룸,49914418,월세,01,충청남도 보령시 궁촌동,보령시,궁촌동,500,44,0,21,6.35,9,터미널과대천역도보로가능한 도시형오피스텔,https://www.zigbang.com/home/apt/items/49914418
2026-08-12 05:17:35,원룸,49921393,월세,01,충청남도 보령시 주교면 주교리,보령시,주교면,200,43,0,23.14,7.0,3,"관창공단, 아주대 근처 주교삼거리에 2017년생 깔끔한원룸",https://www.zigbang.com/home/apt/items/49921393
2026-08-12 05:17:40,원룸,49964534,월세,01,세종시 장군면 도계리,,장군면,100,27,0,16.53,5.0,1,"장군면 최저가, 편의시설 좋아요 세종청사 15분거리",https://www.zigbang.com/home/apt/items/49964534
2026-08-12 05:17:40,원룸,49965712,월세,01,세종시 장군면 대교리,,장군면,100,27,0,23,6.96,2,장군면 풀옵션 원룸,https://www.zigbang.com/home/apt/items/49965712
2026-08-12 05:17:40,원룸,49979992,월세,02,세종시 장군면 봉안리,,장군면,6000,5,0,30,9.07,4,"어진동,도담동10분, 풀옵션침대,책상 1.5룸 반전세",https://www.zigbang.com/home/apt/items/49979992
2026-08-12 05:17:40,원룸,49992013,월세,02,세종시 장군면 봉안리,,장군면,200,31,0,23.14,7.0,3,"버스정류장 근접, 어진동,나성동10분  큰방 분리형 원룸",https://www.zigbang.com/home/apt/items/49992013
2026-08-12 05:17:40,원룸,49995414,월세,02,세종시 장군면 도계리,,장군면,200,38,0,36.36,11.0,4,"분리형 투베이, 넓은방,정부청사10분거리 공주10거리",https://www.zigbang.com/home/apt/items/49995414
2026-08-12 05:17:40,원룸,50005788,월세,01,세종시 장군면 도계리,,장군면,200,30,0,25,7.56,2,세종시 장군면 풀옵션 원룸 월세,https://www.zigbang.com/home/apt/items/50005788
2026-08-12 05:17:40,원룸,50006466,월세,01,세종시 장군면 봉안리,,장군면,200,32,0,23.14,7.0,4,봉안리 풀옵션방 크고 저렴하며 즉시입주 가능한방,https://www.zigbang.com/home/apt/items/50006466
2026-08-12 05:17:40,원룸,50006475,월세,01,세종시 장군면 대교리,,장군면,100,27,0,18.18,5.5,2,세종 최저 저렴이 원룸 빌트인장 수납공간 多싸게 딱 좋아,https://www.zigbang.com/home/apt/items/50006475
2026-08-12 05:17:40,원룸,50018910,월세,01,세종시 장군면 봉안리,,장군면,100,27,0,19.83,6.0,2,"빌트인장,정류장앞 봉안리, 세종청사 10분거리 좋아요",https://www.zigbang.com/home/apt/items/50018910
2026-08-12 05:17:40,원룸,50024267,월세,01,세종시 장군면 도계리,,장군면,200,30,0,23.14,7.0,3,정부청사10분 BRT정류장 바로 앞 원룸,https://www.zigbang.com/home/apt/items/50024267
2026-08-12 05:17:40,원룸,50025519,월세,01,세종시 장군면 은용리,,장군면,100,25,0,19.83,6.0,3,"세종시 베란다있는 초저렴한 원룸,세종청사10분,주차 좋아요",https://www.zigbang.com/home/apt/items/50025519
2026-08-12 05:17:40,원룸,50028547,월세,02,세종시 장군면 봉안리,,장군면,300,33,0,23,6.96,4,"버스정류장주변,큰길가, 전망좋은 남동향 도배됨 복층 원룸",https://www.zigbang.com/home/apt/items/50028547
2026-08-12 05:17:40,원룸,50028753,월세,02,세종시 장군면 봉안리,,장군면,200,35,0,22,6.65,3,"새롬동,나성동10분 남향 깔끔책상,침대,전자렌지 풀옵션원룸",https://www.zigbang.com/home/apt/items/50028753
2026-08-12 05:17:47,원룸,49986805,월세,02,대전시 유성구 계산동,유성구,계산동,300,40,0,26,7.86,2,o 가성비 BEST o 계산동 넓은구조 분리형 원룸 o,https://www.zigbang.com/home/apt/items/49986805
2026-08-12 05:17:47,원룸,50000641,월세,02,대전시 유성구 계산동,유성구,계산동,1000,38,0,33,9.98,4,SS계산동SS 신축급 1.5룸 풀옵션 즉시가능 EV,https://www.zigbang.com/home/apt/items/50000641
2026-08-12 05:17:47,원룸,50026967,월세,01,대전시 유성구 덕명동,유성구,덕명동,100,26,0,23.14,7.0,3,가격착한 풀옵션 원룸 한밭대 바로앞 원룸입니다,https://www.zigbang.com/home/apt/items/50026967
2026-08-12 05:17:47,원룸,50027019,월세,01,대전시 유성구 덕명동,유성구,덕명동,200,30,0,23.14,7.0,3,건조기있는 한밭대 정문1분거리신축 완전 풀옵션 원룸,https://www.zigbang.com/home/apt/items/50027019
2026-08-12 05:17:47,원룸,50027035,월세,01,대전시 유성구 덕명동,유성구,덕명동,200,30,0,21.49,6.5,3,한밭대 정문에 위치한 건조기가 있는 원룸입니다.,https://www.zigbang.com/home/apt/items/50027035
2026-08-12 05:17:47,원룸,50027041,전세,02,대전시 유성구 덕명동,유성구,덕명동,4300,0,0,23.14,7.0,2,한밭대 도보30초 신축 완전풀옵션 원룸입니다,https://www.zigbang.com/home/apt/items/50027041
2026-08-12 05:17:47,원룸,50024430,월세,01,대전시 서구 도안동,서구,도안동,1000,50,0,39.67,12.0,2,SS 신축급 대형 럭셔리 오픈형 풀옵션  SS,https://www.zigbang.com/home/apt/items/50024430
2026-08-12 05:17:47,원룸,50025788,월세,02,대전시 서구 도안동,서구,도안동,1000,50,0,33,9.98,2,ll괜찮은ll 대박 넓은 오픈형 1.5룸,https://www.zigbang.com/home/apt/items/50025788
2026-08-12 05:17:47,원룸,50026262,월세,02,대전시 서구 도안동,서구,도안동,2000,55,0,25.16,7.61,3,ll괜찮은ll 럭셔리한 신축 1.5룸,https://www.zigbang.com/home/apt/items/50026262
2026-08-12 05:17:47,원룸,50026891,월세,02,대전시 서구 관저동,서구,관저동,200,28,0,19.83,6.0,2,감동 풀옵션 원룸,https://www.zigbang.com/home/apt/items/50026891
2026-08-12 05:17:47,원룸,50027408,월세,01,대전시 서구 관저동,서구,관저동,200,30,0,19.83,6.0,2,ꕥ실매물ꕥ실사진ꕥ 깔끔하고 저렴한 원룸 건양대 가까워요,https://www.zigbang.com/home/apt/items/50027408
2026-08-12 05:17:47,원룸,50027456,월세,02,대전시 서구 관저동,서구,관저동,200,29,0,19.83,6.0,3,ꕥ실매물ꕥ실사진ꕥ 햇빛 잘들고 보안까지 완벽한 저렴원룸,https://www.zigbang.com/home/apt/items/50027456
2026-08-12 05:17:47,원룸,50028150,월세,02,대전시 유성구 원신흥동,유성구,원신흥동,500,40,0,20,6.05,2,Oo미니테라스v귀한분리형원룸oO,https://www.zigbang.com/home/apt/items/50028150
2026-08-12 05:17:47,원룸,50028879,월세,01,대전시 서구 관저동,서구,관저동,300,35,0,23.14,7.0,2,ꕥ실매물ꕥ실사진ꕥ 양창구조 환기 최강 넓은크기 깔끔 원룸,https://www.zigbang.com/home/apt/items/50028879
2026-08-12 05:17:48,원룸,49900464,월세,02,대전시 동구 낭월동,동구,낭월동,500,40,0,29.75,9.0,2,ㅡㅡ 1.5룸 ㅡㅡ 300만가능 반려동물 엘베 선호위치,https://www.zigbang.com/home/apt/items/49900464
2026-08-12 05:17:48,원룸,49935142,월세,02,대전시 동구 낭월동,동구,낭월동,300,32,0,23.14,7.0,1,햇살좋은 신축 완전 풀옵션 원룸입니다,https://www.zigbang.com/home/apt/items/49935142
2026-08-12 05:17:48,원룸,49937503,월세,02,대전시 동구 낭월동,동구,낭월동,300,30,0,24,7.26,1,ꯁꯁ 꿀매물 ꯁꯁ 남대전IC 직장인선호위치 인기매물,https://www.zigbang.com/home/apt/items/49937503
2026-08-12 05:17:48,원룸,49941526,월세,02,대전시 동구 낭월동,동구,낭월동,500,35,0,26.45,8.0,2,방이 넓고 채광 좋은 분리형원룸,https://www.zigbang.com/home/apt/items/49941526
2026-08-12 05:17:48,원룸,49951835,월세,02,대전시 동구 낭월동,동구,낭월동,500,40,0,33,9.98,옥탑방,ꔫ웰ꔫㅣ빅사이즈1.5룸ㅣ개인테라스ㅣ저렴한월세ㅣ내부상태최상,https://www.zigbang.com/home/apt/items/49951835
2026-08-12 05:17:48,원룸,49999633,월세,02,대전시 동구 낭월동,동구,낭월동,500,35,0,24,7.26,2,ㅡㅡ 인기매물 ㅡㅡ 깔끔관리 직장인선호위치 남대전ic,https://www.zigbang.com/home/apt/items/49999633
2026-08-12 05:17:48,원룸,50011720,월세,02,대전시 동구 낭월동,동구,낭월동,300,33,0,23.14,7.0,2,옵션 다양하고 갈끔한 분리형원룸입니다.,https://www.zigbang.com/home/apt/items/50011720
2026-08-12 05:17:48,원룸,50015645,월세,02,대전시 동구 낭월동,동구,낭월동,300,33,0,24,7.26,2,ꔫ웰ꔫㅣ갓성비 풀옵션 분리형 원룸ㅣ깔끔한붙박이장ㅣ,https://www.zigbang.com/home/apt/items/50015645
2026-08-12 05:17:50,원룸,49934422,월세,01,대전시 유성구 지족동,유성구,지족동,500,35,0,30,9.07,3,ll 지족동 마지막 한호실 ll 풀옵션 즉시가능,https://www.zigbang.com/home/apt/items/49934422
2026-08-12 05:17:50,원룸,50025867,월세,01,대전시 유성구 지족동,유성구,지족동,1000,52,0,29.75,9.0,2,신축형 주차양호 거주여건좋은  1.5룸 풀옵션,https://www.zigbang.com/home/apt/items/50025867
2026-08-12 05:18:01,원룸,49615098,월세,03,경상남도 진주시 평거동,진주시,평거동,500,32,0,33,9.98,4,㉧ㅡ서빈No.1구해줘홈즈ㅡ㉧추천BEST꿀방,https://www.zigbang.com/home/apt/items/49615098
2026-08-12 05:18:01,원룸,49775653,월세,02,경상남도 진주시 평거동,진주시,평거동,300,26,0,26.43,8.0,3,㉧ㅡ서빈No.1구해줘홈즈ㅡ㉧추천BEST꿀방,https://www.zigbang.com/home/apt/items/49775653
2026-08-12 05:18:01,원룸,49890208,월세,02,경상남도 진주시 평거동,진주시,평거동,200,21,0,26.43,8.0,1,㉧ㅡ서빈No.1구해줘홈즈ㅡ㉧추천BEST꿀방,https://www.zigbang.com/home/apt/items/49890208
2026-08-12 05:18:01,원룸,49890214,월세,02,경상남도 진주시 평거동,진주시,평거동,500,36,0,39.66,12.0,2,㉧ㅡ서빈No.1구해줘홈즈ㅡ㉧추천BEST꿀방,https://www.zigbang.com/home/apt/items/49890214
2026-08-12 05:18:01,원룸,49890385,월세,02,경상남도 진주시 평거동,진주시,평거동,200,26,0,26.43,8.0,2,㉧ㅡ서빈No.1구해줘홈즈ㅡ㉧추천BEST꿀방,https://www.zigbang.com/home/apt/items/49890385
2026-08-12 05:18:01,원룸,49890409,월세,02,경상남도 진주시 평거동,진주시,평거동,300,31,0,26.43,8.0,2,㉧ㅡ서빈No.1구해줘홈즈ㅡ㉧추천BEST꿀방,https://www.zigbang.com/home/apt/items/49890409
2026-08-12 05:18:01,원룸,49890497,월세,01,경상남도 진주시 평거동,진주시,평거동,300,35,0,33.06,10.0,3,㉧ㅡ서빈No.1구해줘홈즈ㅡ㉧추천BEST꿀방,https://www.zigbang.com/home/apt/items/49890497
2026-08-12 05:18:01,원룸,49894377,월세,02,경상남도 진주시 평거동,진주시,평거동,300,23,0,16.58,5.02,4,경해여고부근 신축급 미니풀옵션 인기원룸,https://www.zigbang.com/home/apt/items/49894377
2026-08-12 05:18:02,원룸,49759148,월세,02,경상남도 진주시 봉래동,진주시,봉래동,300,21,0,26.5,8.02,2,ㅇㅡ베스트 추 천ㅡ ㅇ 반려동물가능 리모델링되어있는 꿀방,https://www.zigbang.com/home/apt/items/49759148
2026-08-12 05:18:02,원룸,49775651,월세,02,경상남도 진주시 봉래동,진주시,봉래동,200,23,0,26.43,8.0,2,㉧ㅡ서빈No.1구해줘홈즈ㅡ㉧추천BEST꿀방,https://www.zigbang.com/home/apt/items/49775651
2026-08-12 05:18:02,원룸,50017472,월세,01,경상남도 진주시 상봉동,진주시,상봉동,100,10,0,26.45,8.0,2,상봉동 진주중학교 담벼락 부근 도시가스 원룸,https://www.zigbang.com/home/apt/items/50017472
2026-08-12 05:18:02,원룸,49775677,월세,02,경상남도 진주시 초전동,진주시,초전동,500,41,0,39.66,12.0,2,㉧ㅡ서빈No.1구해줘홈즈ㅡ㉧추천BEST꿀방,https://www.zigbang.com/home/apt/items/49775677
2026-08-12 05:18:02,원룸,49862464,월세,02,경상남도 진주시 초전동,진주시,초전동,500,38,0,40,12.1,3,초전동 신축 귀한 1.5룸 원플원 월세 빠른 입주 정남향,https://www.zigbang.com/home/apt/items/49862464
2026-08-12 05:18:02,원룸,49862683,월세,02,경상남도 진주시 초전동,진주시,초전동,2000,31,0,36.36,11.0,2,㉧희망부동산㉧초전동 푸루지오 2단지 앞㉧넓은 원플㉧,https://www.zigbang.com/home/apt/items/49862683
2026-08-12 05:18:02,원룸,49890316,월세,02,경상남도 진주시 초전동,진주시,초전동,500,36,0,39.66,12.0,3,㉧ㅡ서빈No.1구해줘홈즈ㅡ㉧추천BEST꿀방,https://www.zigbang.com/home/apt/items/49890316
2026-08-12 05:18:02,원룸,49890333,월세,02,경상남도 진주시 초전동,진주시,초전동,500,41,0,39.66,12.0,2,㉧ㅡ서빈No.1구해줘홈즈ㅡ㉧추천BEST꿀방,https://www.zigbang.com/home/apt/items/49890333
2026-08-12 05:18:02,원룸,49989970,월세,02,경상남도 진주시 초전동,진주시,초전동,200,30,0,43,13.01,2,화이트톤 이쁜원플원 선착순1명,https://www.zigbang.com/home/apt/items/49989970
2026-08-12 05:18:08,원룸,49705350,전세,02,경상남도 창원시 진해구 여좌동,창원시 진해구,여좌동,4000,0,0,34,10.28,2,황금알 진해여고뒷편 주차하기 좋고 분리형원룸,https://www.zigbang.com/home/apt/items/49705350
2026-08-12 05:18:08,원룸,49916052,월세,02,경상남도 창원시 마산회원구 내서읍 중리,창원시 마산회원구,내서읍,100,26,0,23.14,7.0,2,BEST 마산대 옆 인터넷 수도 난방 전기 포함 월세 30,https://www.zigbang.com/home/apt/items/49916052
2026-08-12 05:18:08,원룸,49684914,월세,03,경상남도 창원시 성산구 반지동,창원시 성산구,반지동,500,35,0,33.05,10.0,2,교통 편리 준신축 깔끔 넓은 햇볕 잘드는 복층 형태의 넓은,https://www.zigbang.com/home/apt/items/49684914
2026-08-12 05:18:08,원룸,49690386,월세,03,경상남도 창원시 성산구 반지동,창원시 성산구,반지동,500,35,0,27,8.17,2,ㅁHAPPYㅁ 반지동 풀옵션 복층형원룸,https://www.zigbang.com/home/apt/items/49690386
2026-08-12 05:18:08,원룸,49899527,월세,02,경상남도 창원시 성산구 반지동,창원시 성산구,반지동,200,32,0,23.14,7.0,2,2층 생활권편리 조용하고 깨끗한 주방분리형원룸입니다.,https://www.zigbang.com/home/apt/items/49899527
2026-08-12 05:18:08,원룸,49899532,월세,02,경상남도 창원시 성산구 반지동,창원시 성산구,반지동,200,30,0,19.83,6.0,1,문성대인근 생활권편리한 원룸입니다.,https://www.zigbang.com/home/apt/items/49899532
2026-08-12 05:18:08,원룸,49938699,월세,02,경상남도 창원시 성산구 반지동,창원시 성산구,반지동,1000,30,0,29.75,9.0,2,ㅡBESTㅡ 반지동 세코인근 ll 풀옵션 신축급분리형 ll,https://www.zigbang.com/home/apt/items/49938699
2026-08-12 05:18:08,원룸,50022984,월세,01,경상남도 창원시 의창구 봉곡동,창원시 의창구,봉곡동,200,28,0,39.67,12.0,1,"이쁘고 밝은 깔끔한 완전풀옵션 아주큰방
장농.마트옆",https://www.zigbang.com/home/apt/items/50022984
2026-08-12 05:18:08,원룸,50023005,월세,02,경상남도 창원시 의창구 명서동,창원시 의창구,명서동,200,29,0,33.06,10.0,2,"이쁘고 아주밝은 완전풀옵션 분리형 원룸 
큰방  주차좋음",https://www.zigbang.com/home/apt/items/50023005
2026-08-12 05:18:08,원룸,50023025,월세,01,경상남도 창원시 의창구 명서동,창원시 의창구,명서동,500,35,0,36.36,11.0,5,"사무실 용도로  쓸수잇음
즉시입주",https://www.zigbang.com/home/apt/items/50023025
2026-08-12 05:18:14,원룸,49714661,월세,02,대구시 달성군 유가읍 금리,달성군,유가읍,300,30,0,30,9.07,2,즉시입주 가능한 신축급 분리형 원룸,https://www.zigbang.com/home/apt/items/49714661
2026-08-12 05:18:14,원룸,49839740,월세,02,대구시 달성군 유가읍 금리,달성군,유가읍,300,30,0,33.06,10.0,2,"신축급매물등장, 대형원룸미투저리가",https://www.zigbang.com/home/apt/items/49839740
2026-08-12 05:18:14,원룸,49961032,월세,02,대구시 달성군 유가읍 금리,달성군,유가읍,200,30,0,42.98,13.0,2,"미니투룸 , 풀옵션 , 주차완비 , 주방분리 , 방大",https://www.zigbang.com/home/apt/items/49961032
2026-08-12 05:18:14,원룸,49961052,월세,02,대구시 달성군 유가읍 금리,달성군,유가읍,200,25,0,29.75,9.0,2,"신축 원룸 , 풀옵션 , 주차완비 , 주방분리 , 방大",https://www.zigbang.com/home/apt/items/49961052
2026-08-12 05:18:14,원룸,49973102,월세,02,대구시 달성군 유가읍 금리,달성군,유가읍,300,28,0,26.44,8.0,4,귀한엘베있는원룸ㅣ유곡공원맞은편ㅣ식자재마트 도보3분,https://www.zigbang.com/home/apt/items/49973102
2026-08-12 05:18:14,원룸,50010118,월세,01,대구시 달성군 유가읍 금리,달성군,유가읍,300,30,0,26.44,8.0,4,"즉시입주, 케이스마트 인근, 엘엔에프,구지공단,쿠팡 출퇴",https://www.zigbang.com/home/apt/items/50010118
2026-08-12 05:18:14,원룸,50010130,월세,02,대구시 달성군 유가읍 금리,달성군,유가읍,500,38,0,29.75,9.0,3,"즉시입주,미투, 케이스식자재마트,대주기계,구지iC방면",https://www.zigbang.com/home/apt/items/50010130
2026-08-12 05:18:14,원룸,50010141,월세,02,대구시 달성군 유가읍 금리,달성군,유가읍,300,37,0,29.75,9.0,2,유가제빵소 인근내 위치 현풍IC방면 구지방면 미투,https://www.zigbang.com/home/apt/items/50010141
2026-08-12 05:18:16,원룸,49780602,월세,02,대구시 달성군 유가읍 쌍계리,달성군,유가읍,300,25,0,23,6.96,2,"화이트톤,저렴한원룸,즉시입주가능",https://www.zigbang.com/home/apt/items/49780602
2026-08-12 05:18:16,원룸,49785595,월세,02,대구시 달성군 유가읍 봉리,달성군,유가읍,200,25,0,27,8.17,3,꿀원룸 덜렁이집 학생직장인모두 덜렁,https://www.zigbang.com/home/apt/items/49785595
2026-08-12 05:18:16,원룸,49793097,월세,01,대구시 달성군 현풍읍 중리,달성군,현풍읍,300,40,0,19.83,6.0,12,"줌시티 오피스텔, 풀옵션, 보안철저, 깨끗함",https://www.zigbang.com/home/apt/items/49793097
2026-08-12 05:18:16,원룸,49806601,월세,01,대구시 달성군 현풍읍 중리,달성군,현풍읍,300,35,0,26.45,8.0,2,신축 첫입주급 깔끔한  디지스트정문앞 EV有,https://www.zigbang.com/home/apt/items/49806601
2026-08-12 05:18:16,원룸,49837659,월세,02,대구시 달성군 현풍읍 중리,달성군,현풍읍,300,40,0,50,15.12,2,학교앞 정투룸 O 오늘바로 O 아빠몰래입주,https://www.zigbang.com/home/apt/items/49837659
2026-08-12 05:18:16,원룸,49860627,월세,02,대구시 달성군 논공읍 북리,달성군,논공읍,300,30,0,26.44,8.0,3,논공신축원룸ㅣ넓은원룸ㅣ깔끔한컨디션ㅣ한국인,https://www.zigbang.com/home/apt/items/49860627
2026-08-12 05:18:16,원룸,49871461,월세,02,대구시 달성군 현풍읍 중리,달성군,현풍읍,200,20,0,27,8.17,2,ㅇ 이거는 평범한 원룸 입니다 ㅇ,https://www.zigbang.com/home/apt/items/49871461
2026-08-12 05:18:16,원룸,49918450,월세,02,대구시 달성군 유가읍 쌍계리,달성군,유가읍,300,26,0,26.44,8.0,3,공간넓은 분리형원룸 조용한 주거환경 입주조율가능,https://www.zigbang.com/home/apt/items/49918450
2026-08-12 05:18:16,원룸,49950798,월세,01,대구시 달성군 현풍읍 중리,달성군,현풍읍,300,33,0,23.14,7.0,2,디지스트 정문 초근접 준신축 원룸,https://www.zigbang.com/home/apt/items/49950798
2026-08-12 05:18:16,원룸,49950893,월세,02,대구시 달성군 유가읍 봉리,달성군,유가읍,500,35,0,49.58,15.0,2,디지스트 정문 바로 앞 깨끗한 정남향 미니투룸,https://www.zigbang.com/home/apt/items/49950893
2026-08-12 05:18:16,원룸,49961003,월세,02,대구시 달성군 유가읍 봉리,달성군,유가읍,200,25,0,33.2,10.04,2,"깔끔한 원룸 , 풀옵션 , 주차완비 , 주방분리 , 방大",https://www.zigbang.com/home/apt/items/49961003
2026-08-12 05:18:16,원룸,49961038,월세,02,대구시 달성군 현풍읍 중리,달성군,현풍읍,300,35,0,42.98,13.0,2,"준신축 미투 , 가성비 , 주차완비 , 큰방",https://www.zigbang.com/home/apt/items/49961038
2026-08-12 05:18:16,원룸,49961048,월세,02,대구시 달성군 유가읍 봉리,달성군,유가읍,300,42,0,52.89,16.0,2,"준신축 투룸 , 풀옵션 , 주차완비 , 주방분리 , 방大",https://www.zigbang.com/home/apt/items/49961048
2026-08-12 05:18:16,원룸,49997861,월세,02,대구시 달성군 현풍읍 중리,달성군,현풍읍,200,22,0,26.45,8.0,3,ㄴ월세저렴 따뜻한 아재감성  여기입니다ㄱ,https://www.zigbang.com/home/apt/items/49997861
2026-08-12 05:18:16,원룸,50004513,월세,02,대구시 달성군 현풍읍 중리,달성군,현풍읍,200,25,0,26.44,8.0,2,현풍 테크노폴리스 중심 디지스트 정문 인근 최고 원,https://www.zigbang.com/home/apt/items/50004513
2026-08-12 05:18:16,원룸,49749120,월세,01,대구시 달성군 논공읍 북리,달성군,논공읍,100,20,0,31,9.38,2,분리형 특대 원룸,https://www.zigbang.com/home/apt/items/49749120
2026-08-12 05:18:16,원룸,49865272,월세,02,대구시 달성군 논공읍 남리,달성군,논공읍,100,15,0,26.45,8.0,2,정말 저렴한 원룸이다  가성비쵝오,https://www.zigbang.com/home/apt/items/49865272
2026-08-12 05:18:16,원룸,49918460,월세,02,대구시 달성군 논공읍 북리,달성군,논공읍,200,25,0,33,9.98,3,미니투룸 도배완료 풀옵션 입주협의가능,https://www.zigbang.com/home/apt/items/49918460
2026-08-12 05:18:16,원룸,49924922,월세,02,대구시 달성군 논공읍 북리,달성군,논공읍,100,20,0,26.44,8.0,2,HIgh teer 논공읍 깔끔한  원룸 입니다.,https://www.zigbang.com/home/apt/items/49924922
2026-08-12 05:18:16,원룸,49949664,월세,02,대구시 달성군 논공읍 북리,달성군,논공읍,200,35,0,33,9.98,4,넓은 테라스 있는 미투 I 풀옵션 I 채광좋음 I 즉시입주,https://www.zigbang.com/home/apt/items/49949664
2026-08-12 05:18:16,원룸,50004608,월세,02,대구시 달성군 논공읍 남리,달성군,논공읍,200,30,0,39.66,12.0,2,논공 미니투룸 No.1 햇빛 잘드는 큼지막한 방,https://www.zigbang.com/home/apt/items/50004608
2026-08-12 05:18:16,원룸,50016011,월세,02,대구시 달성군 논공읍 남리,달성군,논공읍,100,23,0,26.44,8.0,2,"깔끔,편리,저렴 3박자 완벽. 논공읍 엘베 원룸 청소완료",https://www.zigbang.com/home/apt/items/50016011
2026-08-12 05:18:16,원룸,49933549,월세,02,대구시 달성군 논공읍 금포리,달성군,논공읍,200,20,0,39.66,12.0,2,달성군청 인근 가성비 최고 퀄리티 원룸,https://www.zigbang.com/home/apt/items/49933549
2026-08-12 05:18:16,원룸,49949726,월세,01,대구시 달성군 논공읍 금포리,달성군,논공읍,200,25,0,25,7.56,3,"가성비 좋은 방, 주차편함, 풀옵션, 논공 출퇴근 편함",https://www.zigbang.com/home/apt/items/49949726
2026-08-12 05:18:16,원룸,49950816,월세,02,대구시 달성군 옥포읍 강림리,달성군,옥포읍,300,25,0,23.14,7.0,1,귀하디 귀한 남향 원룸,https://www.zigbang.com/home/apt/items/49950816
2026-08-12 05:18:16,원룸,49950827,월세,02,대구시 달성군 논공읍 금포리,달성군,논공읍,200,20,0,23.14,7.0,3,"최저가 옥포, 논공 가성비 원룸",https://www.zigbang.com/home/apt/items/49950827
2026-08-12 05:18:16,원룸,49978206,월세,02,대구시 달성군 옥포읍 강림리,달성군,옥포읍,200,20,0,29.75,9.0,2,.옥포 흔치않은 가성비 원룸.200프로 실매물.채광우수.,https://www.zigbang.com/home/apt/items/49978206
2026-08-12 05:18:16,원룸,49997852,월세,02,대구시 달성군 논공읍 금포리,달성군,논공읍,200,22,0,27,8.17,3,ㄴ금포리 풀옵션 원룸ㄱ,https://www.zigbang.com/home/apt/items/49997852
2026-08-12 05:18:16,원룸,49999455,월세,02,대구시 달성군 옥포읍 강림리,달성군,옥포읍,300,25,0,23.14,7.0,2,옥포깔끔한원룸ㅣ주방분리형ㅣ마트1분ㅣ생활권우수,https://www.zigbang.com/home/apt/items/49999455
2026-08-12 05:18:16,원룸,50000560,월세,02,대구시 달성군 옥포읍 강림리,달성군,옥포읍,300,25,0,26.44,8.0,2,옥포큰원룸ㅣ주방분리형ㅣ넓은구조ㅣ생활권우수,https://www.zigbang.com/home/apt/items/50000560
2026-08-12 05:18:16,원룸,50004058,월세,02,대구시 달성군 논공읍 금포리,달성군,논공읍,200,20,0,26.45,8.0,2,달성군청 인근 논공읍 금포 외국인 가능 원룸,https://www.zigbang.com/home/apt/items/50004058
2026-08-12 05:18:16,원룸,50025300,월세,02,대구시 달성군 옥포읍 강림리,달성군,옥포읍,300,25,0,26.44,8.0,3,강림리 귀한 월세매물 즉시입주가능 내부깔끔,https://www.zigbang.com/home/apt/items/50025300
2026-08-12 05:18:16,원룸,49860555,월세,02,대구시 달성군 화원읍 명곡리,달성군,화원읍,300,27,0,30,9.07,2,설화명곡역 최신축원룸,https://www.zigbang.com/home/apt/items/49860555
2026-08-12 05:18:16,원룸,49964432,월세,02,대구시 달성군 화원읍 명곡리,달성군,화원읍,300,20,0,29,8.77,3,설화명곡역 역세권ㅡ햇살가득 방大,https://www.zigbang.com/home/apt/items/49964432
2026-08-12 05:18:16,원룸,49996497,월세,01,대구시 달성군 화원읍 명곡리,달성군,화원읍,300,30,0,30,9.07,2,설화명곡역세권 특大사이즈 분리형구조 채광좋은방 풀옵션,https://www.zigbang.com/home/apt/items/49996497
2026-08-12 05:18:17,원룸,49951669,월세,02,대구시 달서구 도원동,달서구,도원동,200,25,0,28.9,8.74,2,"㋹도원동㋹ 보훈병원㋹ 분리형원룸,,,풀옵션,,,화이트톤",https://www.zigbang.com/home/apt/items/49951669
2026-08-12 05:18:17,원룸,50018416,월세,02,대구시 달서구 이곡동,달서구,이곡동,300,25,0,29.75,9.0,3,"이곡역 도보 1분,100프로 실매물,컨디션 좋은 미투",https://www.zigbang.com/home/apt/items/50018416
2026-08-12 05:18:17,원룸,50018755,월세,02,대구시 달서구 장기동,달서구,장기동,300,30,0,33.65,10.18,3,"이곡역 도보1분, 양방향주차, 엘베O, 가성비 투룸",https://www.zigbang.com/home/apt/items/50018755
2026-08-12 05:18:17,원룸,50019442,월세,02,대구시 달서구 상인동,달서구,상인동,100,18,0,26.4,7.99,2,"역세권ㅡ거실1,방1ㅡ단기가능ㅡ반전세가능",https://www.zigbang.com/home/apt/items/50019442
2026-08-12 05:18:17,원룸,50021927,월세,01,대구시 달서구 본리동,달서구,본리동,100,18,0,25.55,7.73,2,저렴하고 왕깔끔한집 풀옵션 바로입주,https://www.zigbang.com/home/apt/items/50021927
2026-08-12 05:18:17,원룸,50021966,월세,02,대구시 달서구 장기동,달서구,장기동,200,25,0,26.45,8.0,2,햇살 가득한 가성비원룸 바로입주,https://www.zigbang.com/home/apt/items/50021966
2026-08-12 05:18:17,원룸,50022081,월세,02,대구시 달서구 감삼동,달서구,감삼동,100,15,0,27.33,8.27,2,엘베 有 화이트톤 왕깔끔 바로입주가능,https://www.zigbang.com/home/apt/items/50022081
2026-08-12 05:18:17,원룸,50022112,월세,02,대구시 달서구 죽전동,달서구,죽전동,200,20,0,39.66,12.0,2,투룸 역세권 가성비 좋은집 바로입주가능,https://www.zigbang.com/home/apt/items/50022112
2026-08-12 05:18:17,원룸,50028519,월세,02,대구시 달서구 감삼동,달서구,감삼동,100,15,0,23.14,7.0,3,"ㅡ역1분ㅡ엘베ㅡ단기가능,반전세가능ㅡ최저가ㅡ",https://www.zigbang.com/home/apt/items/50028519
2026-08-12 05:18:18,원룸,50026736,월세,02,경상남도 창원시 성산구 중앙동,창원시 성산구,중앙동,200,40,0,26.44,8.0,3,"깔끔 리모델링, 붙박이, 인터넷, 베란다 풀옵 분리형 원룸",https://www.zigbang.com/home/apt/items/50026736
2026-08-12 05:18:18,원룸,50026892,월세,01,경상남도 창원시 성산구 상남동,창원시 성산구,상남동,500,55,0,59.3,17.94,12,선호하는방향 . 즉시 입주 가능,https://www.zigbang.com/home/apt/items/50026892
2026-08-12 05:18:18,원룸,49716038,월세,02,경상남도 창원시 의창구 봉곡동,창원시 의창구,봉곡동,300,30,0,24,7.26,2,ㅁHAPPYㅁ 봉곡동 컨디션 좋은 가성비 풀옵션 분리형원룸,https://www.zigbang.com/home/apt/items/49716038
2026-08-12 05:18:18,원룸,49728684,월세,02,경상남도 창원시 의창구 봉곡동,창원시 의창구,봉곡동,500,35,0,37,11.19,1,ㅁHAPPYㅁ 봉곡동 분리형원룸 원룸2개 붙인 구조,https://www.zigbang.com/home/apt/items/49728684
2026-08-12 05:18:18,원룸,49730827,전세,02,경상남도 창원시 의창구 사림동,창원시 의창구,사림동,4000,0,0,20,6.05,1,ㅁHAPPYㅁ 사림동 풀옵션 분리형원룸,https://www.zigbang.com/home/apt/items/49730827
2026-08-12 05:18:18,원룸,49938253,월세,02,경상남도 창원시 의창구 봉곡동,창원시 의창구,봉곡동,200,35,0,21,6.35,2,ㅁHAPPYㅁ 봉곡동 준신축 풀옵션 원룸,https://www.zigbang.com/home/apt/items/49938253
2026-08-12 05:18:18,원룸,49959044,월세,01,경상남도 창원시 의창구 사림동,창원시 의창구,사림동,200,28,0,18,5.44,1,ㅁHAPPYㅁ 사림동 풀옵션 원룸,https://www.zigbang.com/home/apt/items/49959044
2026-08-12 05:18:18,원룸,50013228,월세,02,경상남도 창원시 의창구 사림동,창원시 의창구,사림동,300,35,0,23.14,7.0,2,창원대학 후문인근 조용한 주방분리형원룸입니다.,https://www.zigbang.com/home/apt/items/50013228
2026-08-12 05:18:18,원룸,50028546,월세,01,경상남도 창원시 의창구 사림동,창원시 의창구,사림동,200,28,0,16.53,5.0,1,창원대후문 조용하고 깨끗한 원룸입니다.,https://www.zigbang.com/home/apt/items/50028546
2026-08-12 05:18:19,원룸,49899455,월세,02,부산시 강서구 범방동,강서구,범방동,500,51,0,28.11,8.5,2,"ㅣ첫입주, 신축투룸ㅣ",https://www.zigbang.com/home/apt/items/49899455
2026-08-12 05:18:19,원룸,49827551,월세,02,부산시 사상구 감전동,사상구,감전동,200,20,0,13.4,4.05,4,ㅇ리모델링원룸ㅇ풀옵션ㅇ가성비굿ㅇ몸만들어오세요..,https://www.zigbang.com/home/apt/items/49827551
2026-08-12 05:18:19,원룸,49850465,월세,01,부산시 사상구 감전동,사상구,감전동,200,20,0,13.4,4.05,4,ll가성비원룸ll 저렴한원룸.막힘없는뷰.화이트톤.,https://www.zigbang.com/home/apt/items/49850465
2026-08-12 05:18:20,원룸,50018577,월세,02,경상남도 김해시 삼방동,김해시,삼방동,500,31,0,39.67,12.0,4,ㅁ에이스매물.No1ㅁ대형방ㅁ테라스ㅁ햇살가득인기방,https://www.zigbang.com/home/apt/items/50018577
2026-08-12 05:18:25,원룸,49580752,월세,02,부산시 금정구 금사동,금정구,금사동,300,30,0,16.53,5.0,1,서금사 리모델링 안락한 보금자리,https://www.zigbang.com/home/apt/items/49580752
2026-08-12 05:18:25,원룸,49738695,전세,04,부산시 해운대구 반여동,해운대구,반여동,21000,0,0,124.31,37.6,중,보증보험가입안전매물ㅣ세탁기.건조기.에어컨.냉장고,https://www.zigbang.com/home/apt/items/49738695
2026-08-12 05:18:25,원룸,49800480,월세,01,부산시 금정구 회동동,금정구,회동동,300,29,0,23.14,7.0,1,회동동 채광좋은 원룸,https://www.zigbang.com/home/apt/items/49800480
2026-08-12 05:18:25,원룸,49801214,월세,01,부산시 해운대구 반송동,해운대구,반송동,200,21,0,23.14,7.0,3,롯데리아옆 청소잘된 원룸,https://www.zigbang.com/home/apt/items/49801214
2026-08-12 05:18:25,원룸,49812375,월세,01,부산시 해운대구 반송동,해운대구,반송동,300,33,0,19.83,6.0,옥탑방,모던한 스타일 채광좋은 넓은 원룸,https://www.zigbang.com/home/apt/items/49812375
2026-08-12 05:18:25,원룸,49813620,전세,05,부산시 해운대구 반여동,해운대구,반여동,27000,0,0,112.4,34.0,고,"센텀우성거실,방3,욕실2ㅣ귀한전세ㅣ컨디션최고",https://www.zigbang.com/home/apt/items/49813620
2026-08-12 05:18:25,원룸,49938137,월세,02,부산시 해운대구 반여동,해운대구,반여동,2000,95,0,124.31,37.6,중,"센텀우성거실,방2,욕실1 ㅣ 시세보다저렴한월세",https://www.zigbang.com/home/apt/items/49938137
2026-08-12 05:18:25,원룸,49971641,월세,02,부산시 해운대구 반송동,해운대구,반송동,100,25,0,20.1,6.08,1,학교 3분 거리 밝은 원룸,https://www.zigbang.com/home/apt/items/49971641
2026-08-12 05:18:25,원룸,49971840,월세,02,부산시 해운대구 반송동,해운대구,반송동,300,32,0,40.95,12.39,3,특대형 넓은 채광좋은 원룸,https://www.zigbang.com/home/apt/items/49971840
2026-08-12 05:18:25,원룸,49992778,월세,02,부산시 해운대구 반송동,해운대구,반송동,300,27,0,21.7,6.56,1,큰길가에 위치한 깨끗한 원룸,https://www.zigbang.com/home/apt/items/49992778
2026-08-12 05:18:25,원룸,50010125,월세,04,부산시 해운대구 반송동,해운대구,반송동,1000,60,0,64.95,19.65,6,"방2거실1베란다,초역세권,신축급오피,주차편리,즉시입주",https://www.zigbang.com/home/apt/items/50010125
2026-08-12 05:18:25,원룸,50022574,월세,01,부산시 금정구 금사동,금정구,금사동,500,20,0,23.14,7.0,1,전기세포함 분리형 채광좋은 풀옵션 1층 원룸,https://www.zigbang.com/home/apt/items/50022574
2026-08-12 05:18:26,원룸,49818013,월세,01,부산시 기장군 정관읍 방곡리,기장군,정관읍,300,28,0,26.45,8.0,2,"저렴한 월세,풀옵션,즉시입주 가능",https://www.zigbang.com/home/apt/items/49818013
2026-08-12 05:18:26,원룸,49818063,월세,02,부산시 기장군 정관읍 방곡리,기장군,정관읍,500,35,0,33.06,10.0,3,"분리형 원룸 1.5룸, 넓고 깨끗한집",https://www.zigbang.com/home/apt/items/49818063
2026-08-12 05:18:26,원룸,49949206,월세,02,부산시 기장군 정관읍 매학리,기장군,정관읍,300,50,0,51.14,15.47,10,"8월말 입주가능, 분리형,발코니",https://www.zigbang.com/home/apt/items/49949206
2026-08-12 05:18:26,원룸,49953043,월세,01,부산시 기장군 정관읍 방곡리,기장군,정관읍,300,25,0,23.14,7.0,1,"시세보다 싼집, 즉시입주",https://www.zigbang.com/home/apt/items/49953043
2026-08-12 05:18:26,원룸,49979022,월세,02,부산시 기장군 정관읍 매학리,기장군,정관읍,300,50,0,51.14,15.47,13,"입주협의, 1.5룸,발코니, 중문,최신오피스텔",https://www.zigbang.com/home/apt/items/49979022
2026-08-12 05:18:26,원룸,50016791,월세,02,부산시 기장군 정관읍 방곡리,기장군,정관읍,250,31,0,26.44,8.0,3,"시세보다싼집, 즉시입주 가능",https://www.zigbang.com/home/apt/items/50016791
2026-08-12 05:18:26,원룸,50024359,월세,01,부산시 기장군 정관읍 매학리,기장군,정관읍,300,40,0,46.28,14.0,13,정관 신축급 웰메이드시티 오피스텔 전입 가능,https://www.zigbang.com/home/apt/items/50024359
2026-08-12 05:18:26,원룸,50024545,월세,01,부산시 기장군 정관읍 매학리,기장군,정관읍,300,40,0,47.02,14.22,10,"정관 인기있는 신축급 웰메이드시티오피스텔, 전입가능",https://www.zigbang.com/home/apt/items/50024545
2026-08-12 05:18:26,원룸,50028689,월세,02,부산시 기장군 정관읍 달산리,기장군,정관읍,300,35,0,33.06,10.0,2,"주방 분리형,귀한 1.5룸.집깨끗,채광굿",https://www.zigbang.com/home/apt/items/50028689
2026-08-12 05:18:27,원룸,49748928,월세,01,부산시 기장군 일광읍 칠암리,기장군,일광읍,300,25,0,19.83,6.0,3,옵션좋고 조용한 원룸칠암초인근보증금월세조정가능,https://www.zigbang.com/home/apt/items/49748928
2026-08-12 05:18:28,원룸,49972608,월세,02,경상남도 양산시 상북면 석계리,양산시,상북면,500,35,0,33.06,10.0,3,AA석계산단입구 살기좋은 거실겸주방이있는남향방베란다있음,https://www.zigbang.com/home/apt/items/49972608
2026-08-12 05:18:28,원룸,49727206,월세,02,경상남도 양산시 평산동,양산시,평산동,300,30,0,33,9.98,3,"방,거실 분리형 방입니다",https://www.zigbang.com/home/apt/items/49727206
2026-08-12 05:18:28,원룸,49881597,월세,01,경상남도 양산시 평산동,양산시,평산동,200,23,0,28,8.47,4,"방,부엌 분리형",https://www.zigbang.com/home/apt/items/49881597
2026-08-12 05:18:28,원룸,49937933,월세,02,경상남도 양산시 평산동,양산시,평산동,300,30,0,35,10.59,3,밝고 깨끗한 방,https://www.zigbang.com/home/apt/items/49937933
2026-08-12 05:18:28,원룸,49948629,월세,01,경상남도 양산시 평산동,양산시,평산동,300,22,0,29.75,9.0,4,햇살가득한집 정남향,https://www.zigbang.com/home/apt/items/49948629
2026-08-12 05:18:30,원룸,49878974,월세,01,부산시 기장군 장안읍 반룡리,기장군,장안읍,200,50,0,42.98,13.0,고,빠른입주 장안산단 내 유일한 햇빛 잘 드는 신축급 풀옵션,https://www.zigbang.com/home/apt/items/49878974
2026-08-12 05:18:30,원룸,49823590,월세,02,울산시 울주군 온양읍 운화리,울주군,온양읍,500,50,0,50,15.12,4,엘리베이트 있는집입니다,https://www.zigbang.com/home/apt/items/49823590
2026-08-12 05:18:30,원룸,49823714,월세,02,울산시 울주군 온양읍 대안리,울주군,온양읍,200,35,0,30,9.07,3,입지 좋은 원룸입니다.,https://www.zigbang.com/home/apt/items/49823714
2026-08-12 05:18:30,원룸,49823802,월세,02,울산시 울주군 온양읍 운화리,울주군,온양읍,200,35,0,30,9.07,3,투룸같이 크게 잘빠진 원룸입니다.,https://www.zigbang.com/home/apt/items/49823802
2026-08-12 05:18:30,원룸,49914802,월세,01,울산시 울주군 온양읍 운화리,울주군,온양읍,200,35,0,26.45,8.0,3,단기 가능해요  보증금 조절,https://www.zigbang.com/home/apt/items/49914802
2026-08-12 05:18:30,원룸,49962203,월세,01,울산시 울주군 온양읍 대안리,울주군,온양읍,100,40,0,20,6.05,2,즉시입주가능해요,https://www.zigbang.com/home/apt/items/49962203
2026-08-12 05:18:30,원룸,49988319,월세,02,울산시 울주군 온양읍 대안리,울주군,온양읍,200,35,0,27,8.17,2,주변에 공원이 있어서 조용한 원룸,https://www.zigbang.com/home/apt/items/49988319
2026-08-12 05:18:30,원룸,49988428,월세,02,울산시 울주군 온양읍 대안리,울주군,온양읍,200,31,0,30,9.07,1,크게 잘 빠진 원룸,https://www.zigbang.com/home/apt/items/49988428
2026-08-12 05:18:30,원룸,49999023,월세,02,울산시 울주군 온양읍 남창리,울주군,온양읍,200,40,0,23.14,7.0,2,역세권 깨끗한 원룸,https://www.zigbang.com/home/apt/items/49999023
2026-08-12 05:18:30,원룸,49823903,월세,02,울산시 울주군 온양읍 대안리,울주군,온양읍,200,35,0,30,9.07,3,"방, 주방이 크게 빠진 원룸입니다.",https://www.zigbang.com/home/apt/items/49823903
2026-08-12 05:18:30,원룸,49824008,월세,02,울산시 울주군 온양읍 대안리,울주군,온양읍,200,35,0,30,9.07,2,동향으로 햇살 좋고 밝은방 입니다.,https://www.zigbang.com/home/apt/items/49824008
2026-08-12 05:18:30,원룸,49866519,월세,01,울산시 울주군 온양읍 대안리,울주군,온양읍,200,35,0,25,7.56,3,조용하고 관리잘된 원룸 단기가능해요,https://www.zigbang.com/home/apt/items/49866519
2026-08-12 05:18:30,원룸,49987916,월세,02,울산시 울주군 온양읍 대안리,울주군,온양읍,200,35,0,30,9.07,2,이중주차 걱정 없는 원룸,https://www.zigbang.com/home/apt/items/49987916
2026-08-12 05:18:30,원룸,49988089,월세,02,울산시 울주군 온양읍 대안리,울주군,온양읍,200,35,0,30,9.07,3,미투 같은 원룸입니다.,https://www.zigbang.com/home/apt/items/49988089
2026-08-12 05:18:30,원룸,49988539,월세,02,울산시 울주군 온양읍 대안리,울주군,온양읍,200,35,0,27,8.17,2,깔끔하고 아늑한 컨디션 좋은 원룸,https://www.zigbang.com/home/apt/items/49988539
2026-08-12 05:18:30,원룸,49999046,월세,01,울산시 울주군 온양읍 대안리,울주군,온양읍,200,35,0,20,6.05,3,즉시입주가능,https://www.zigbang.com/home/apt/items/49999046
2026-08-12 05:18:30,원룸,50008724,월세,01,울산시 울주군 온양읍 대안리,울주군,온양읍,100,26,0,30,9.07,3,저렴한원룸 풀옵션 실사진,https://www.zigbang.com/home/apt/items/50008724
2026-08-12 05:18:30,원룸,49738524,월세,02,울산시 울주군 온산읍 강양리,울주군,온산읍,100,31,0,23.14,7.0,3,Vv주방분리 깔끔쾌적 화이트톤 깔끔한집 vV,https://www.zigbang.com/home/apt/items/49738524
2026-08-12 05:18:30,원룸,49797170,월세,02,울산시 울주군 서생면 진하리,울주군,서생면,300,56,0,49.9,15.09,4,진하바다까지 도보 1분거리,https://www.zigbang.com/home/apt/items/49797170
2026-08-12 05:18:31,원룸,49837450,월세,01,울산시 울주군 청량읍 상남리,울주군,청량읍,100,31,0,26,7.86,2,귀한매물 엘베있음 가격저렴 공단출퇴근최고,https://www.zigbang.com/home/apt/items/49837450
2026-08-12 05:18:31,원룸,49847139,월세,01,울산시 울주군 청량읍 상남리,울주군,청량읍,100,31,0,25,7.56,2,원룸 풀옵션 실사진  공단출퇴근용이,https://www.zigbang.com/home/apt/items/49847139
2026-08-12 05:18:31,원룸,49930883,월세,01,울산시 울주군 청량읍 상남리,울주군,청량읍,100,26,0,20.42,6.18,3,공단 출퇴근 용이. 컨디션 좋고 가성비 좋은 방,https://www.zigbang.com/home/apt/items/49930883
2026-08-12 05:18:31,원룸,49961601,월세,02,울산시 울주군 청량읍 상남리,울주군,청량읍,300,36,0,33,9.98,3,ㅣ풀옵션 큰주방 귀한매물 가격저렴 컨디션BEST 햇살좋음ㅣ,https://www.zigbang.com/home/apt/items/49961601
2026-08-12 05:18:31,원룸,49972025,월세,02,울산시 울주군 청량읍 상남리,울주군,청량읍,500,45,0,55,16.64,3,거실1 방1 풀옵션 주차장이 넓습니다.,https://www.zigbang.com/home/apt/items/49972025
2026-08-12 05:18:31,원룸,49977670,월세,02,울산시 울주군 청량읍 상남리,울주군,청량읍,300,35,0,40,12.1,3,분리형 원룸 풀옵션 시원한 바람이 부는 집,https://www.zigbang.com/home/apt/items/49977670
2026-08-12 05:18:31,원룸,50008692,월세,02,울산시 울주군 청량읍 상남리,울주군,청량읍,500,46,0,40,12.1,3,방1 거실 풀옵션 실사진 공단 출퇴근용이,https://www.zigbang.com/home/apt/items/50008692
2026-08-12 05:18:31,원룸,50026791,월세,02,울산시 울주군 청량읍 상남리,울주군,청량읍,500,46,0,40,12.1,2,ꯁꯁ 풀옵ㅣ2015준공ㅣ큰거실큰방ㅣ햇살좋은집ㅣ귀한매물,https://www.zigbang.com/home/apt/items/50026791
2026-08-12 05:18:19,원룸,50021621,월세,01,부산시 북구 구포동,북구,구포동,100,18,0,21,6.35,4,"과기대부근, 대박매물, 넓은원룸, 초대박할인, 선착순",https://www.zigbang.com/home/apt/items/50021621
2026-08-12 05:18:19,원룸,50021651,월세,02,부산시 북구 구포동,북구,구포동,200,20,0,21.15,6.4,5,"올리모델링, 주방분리, 화이트톤, 풀옵션, 인기매물",https://www.zigbang.com/home/apt/items/50021651
2026-08-12 05:18:19,원룸,50021714,월세,02,부산시 북구 구포동,북구,구포동,100,22,0,23.9,7.23,5,"과기대부근, 넓은원룸, 주방분리, 풀옵션, 채광좋음, 인기",https://www.zigbang.com/home/apt/items/50021714
2026-08-12 05:18:19,원룸,50022153,월세,01,부산시 북구 구포동,북구,구포동,100,20,0,23.67,7.16,4,"초대형원룸,넓은베란다.즉시입주,과기대바로앞",https://www.zigbang.com/home/apt/items/50022153
2026-08-12 05:18:19,원룸,50022369,월세,01,부산시 북구 구포동,북구,구포동,100,20,0,19.48,5.89,4,과기대학생환영. 편의점앞. 대형원룸. 풀옵션. 귀한매물.,https://www.zigbang.com/home/apt/items/50022369
2026-08-12 05:18:34,원룸,49884677,월세,02,대구시 수성구 매호동,수성구,매호동,300,27,0,29.75,9.0,2,ㅁ신매역2분ㅁ신축급1룸ㅁ화이트톤ㅁ풀옵션ㅁTVㅁ전자레인지ㅁ,https://www.zigbang.com/home/apt/items/49884677
2026-08-12 05:18:34,원룸,49917788,월세,02,대구시 수성구 매호동,수성구,매호동,300,27,0,29.75,9.0,2,ㅁ초강추ㅁ신축급1룸ㅁ풀옵션ㅁTVㅁ침대ㅁ중문ㅁ남향ㅁ,https://www.zigbang.com/home/apt/items/49917788
2026-08-12 05:18:34,원룸,49917832,월세,02,대구시 수성구 매호동,수성구,매호동,500,32,0,36.36,11.0,2,ㅁ신매역2분ㅁ신축급ㅁ미니2룸ㅁ풀옵션ㅁTVㅁ옷장ㅁ,https://www.zigbang.com/home/apt/items/49917832
2026-08-12 05:18:34,원룸,49917834,월세,02,대구시 수성구 시지동,수성구,시지동,200,19,0,36.36,11.0,2,ㅁ완전저렴ㅁ리모델링ㅁ미니2룸ㅁ화이트톤ㅁ풀옵션ㅁ,https://www.zigbang.com/home/apt/items/49917834
2026-08-12 05:18:34,원룸,49917836,월세,01,대구시 수성구 신매동,수성구,신매동,200,18,0,29.75,9.0,3,ㅁ저렴한ㅁ올리모델링1룸ㅁ화이트톤ㅁ풀옵션ㅁ,https://www.zigbang.com/home/apt/items/49917836
2026-08-12 05:18:34,원룸,49917851,월세,02,대구시 수성구 신매동,수성구,신매동,200,20,0,33.05,10.0,3,ㅁ화이트톤ㅁ올리모델링1룸ㅁ풀옵션ㅁTVㅁ침대ㅁ,https://www.zigbang.com/home/apt/items/49917851
2026-08-12 05:18:34,원룸,49917869,월세,02,대구시 수성구 매호동,수성구,매호동,300,25,0,29.75,9.0,3,ㅁ엘리베이터有ㅁ신축급1룸ㅁ풀옵션ㅁTVㅁ중문ㅁ남향ㅁ,https://www.zigbang.com/home/apt/items/49917869
2026-08-12 05:18:34,원룸,49917976,월세,02,대구시 수성구 신매동,수성구,신매동,300,30,0,33.06,10.0,4,ㅁ올리모델링ㅁ신축급1룸ㅁ풀옵션ㅁTVㅁ침대ㅁ옷장ㅁ,https://www.zigbang.com/home/apt/items/49917976
2026-08-12 05:18:34,원룸,49917977,월세,01,대구시 수성구 신매동,수성구,신매동,300,26,0,29.75,9.0,3,ㅁ완전강추ㅁ신축급1룸ㅁ풀옵션ㅁ침대ㅁ옷장ㅁTVㅁ,https://www.zigbang.com/home/apt/items/49917977
2026-08-12 05:18:34,원룸,49917979,월세,01,대구시 수성구 매호동,수성구,매호동,300,27,0,29.75,9.0,3,ㅁ초역세권ㅁ신축급1룸ㅁ화이트톤ㅁ풀옵션ㅁTVㅁ붙박이장ㅁ남향ㅁ,https://www.zigbang.com/home/apt/items/49917979
2026-08-12 05:18:34,원룸,49917980,월세,02,대구시 수성구 시지동,수성구,시지동,300,28,0,36.36,11.0,1,ㅁ리모델링ㅁ미니2룸ㅁ풀옵션ㅁ화이트톤ㅁ붙박이장ㅁ남향ㅁ,https://www.zigbang.com/home/apt/items/49917980
2026-08-12 05:18:34,원룸,49994359,월세,02,대구시 수성구 노변동,수성구,노변동,500,30,0,33.05,10.0,3,ㅁ신축급1룸ㅁ풀옵션ㅁ화이트톤ㅁ붙박이장ㅁ남향ㅁ양방향주차ㅁ,https://www.zigbang.com/home/apt/items/49994359
2026-08-12 05:18:34,원룸,50014542,월세,01,대구시 수성구 신매동,수성구,신매동,300,20,0,26.5,8.02,2,"올수리 大원룸,, 주차편리 신매시장",https://www.zigbang.com/home/apt/items/50014542
2026-08-12 05:18:34,원룸,50014557,월세,01,대구시 수성구 욱수동,수성구,욱수동,300,25,0,30.1,9.11,2,"올수리 大원룸,, EV엘베 시지고 채광굿",https://www.zigbang.com/home/apt/items/50014557
2026-08-12 05:18:34,원룸,50025079,월세,01,대구시 수성구 신매동,수성구,신매동,300,25,0,29.75,9.0,1,ㅁ올리모델링ㅁ신축1룸ㅁ풀옵션ㅁ침대ㅁ옷장ㅁ책상ㅁ남향ㅁ,https://www.zigbang.com/home/apt/items/50025079
2026-08-12 05:18:34,원룸,49827273,월세,02,경상북도 경산시 유곡동,경산시,유곡동,100,16,0,27.74,8.39,4,ㅡGooDㅡ 한의대바로앞 풀옵션 최저가 인기 원룸,https://www.zigbang.com/home/apt/items/49827273
2026-08-12 05:18:34,원룸,49827472,월세,02,경상북도 경산시 사동,경산시,사동,100,26,0,48,14.52,2,ㅡ한의대인기ㅡ부영5차ㅡ풀옵션ㅡ최저가미투ㅡ,https://www.zigbang.com/home/apt/items/49827472
2026-08-12 05:18:34,원룸,49827966,월세,02,경상북도 경산시 유곡동,경산시,유곡동,100,16,0,27.35,8.27,4,ㅡ오피스텔형ㅡ학교최단거리ㅡ풀옵션 원룸ㅡ,https://www.zigbang.com/home/apt/items/49827966
2026-08-12 05:18:34,원룸,49827993,월세,02,경상북도 경산시 점촌동,경산시,점촌동,100,21,0,39.67,12.0,2,ㅡ한의대인기ㅡ올리모델링원룸ㅡ,https://www.zigbang.com/home/apt/items/49827993
2026-08-12 05:18:34,원룸,49891048,월세,01,경상북도 경산시 유곡동,경산시,유곡동,50,11,0,33.06,10.0,2,최ㅣ저ㅣ가ㅣ학ㅣ교ㅣ1ㅣ분,https://www.zigbang.com/home/apt/items/49891048
2026-08-12 05:18:34,원룸,49184060,월세,01,경상북도 경산시 진량읍 신제리,경산시,진량읍,300,33,0,22.05,6.67,2,조용한 신축 풀옵션 원룸,https://www.zigbang.com/home/apt/items/49184060
2026-08-12 05:18:34,원룸,49319617,월세,02,경상북도 경산시 진량읍 신제리,경산시,진량읍,500,40,0,23.67,7.16,3,신축 풀옵션 정남향 미니투룸,https://www.zigbang.com/home/apt/items/49319617
2026-08-12 05:18:34,원룸,49865283,월세,02,경상북도 경산시 진량읍 대원리,경산시,진량읍,100,25,0,22.12,6.69,3,진량공단 인근  원룸,https://www.zigbang.com/home/apt/items/49865283
2026-08-12 05:18:34,원룸,49948380,월세,02,경상북도 경산시 진량읍 신제리,경산시,진량읍,200,30,0,33.06,10.0,4,엘리베이터 있는 미니투룸,https://www.zigbang.com/home/apt/items/49948380
2026-08-12 05:18:34,원룸,49963699,월세,01,경상북도 경산시 진량읍 대원리,경산시,진량읍,200,28,0,26.45,8.0,4,베란다 주방 완벽 분리형 원룸  진량공단인접,https://www.zigbang.com/home/apt/items/49963699
2026-08-12 05:18:34,원룸,49979389,월세,02,경상북도 경산시 진량읍 신제리,경산시,진량읍,300,37,0,33,9.98,3,소개비무 엘리베이트 있어서 편리한집 신축 깨끗한집 풀옵션,https://www.zigbang.com/home/apt/items/49979389
2026-08-12 05:18:34,원룸,49982423,월세,02,경상북도 경산시 진량읍 신제리,경산시,진량읍,300,41,0,40.14,12.14,3,엘리베이터있는 투룸,https://www.zigbang.com/home/apt/items/49982423
2026-08-12 05:18:34,원룸,50016132,월세,02,경상북도 경산시 압량읍 신대리,경산시,압량읍,200,25,0,40,12.1,2,"NEW 26.08.11 촬영, 영대 동문 최저가 미니투룸",https://www.zigbang.com/home/apt/items/50016132
2026-08-12 05:18:34,원룸,50016310,월세,02,경상북도 경산시 압량읍 신대리,경산시,압량읍,150,20,0,28,8.47,3,"NEW 26.08.11 촬영, 영대 동문 채광 끝판왕 원룸",https://www.zigbang.com/home/apt/items/50016310
2026-08-12 05:18:34,원룸,50016489,월세,02,경상북도 경산시 압량읍 신대리,경산시,압량읍,100,18,0,26.45,8.0,3,"NEW 26.08.11 촬영, 영대 동문 가성비 종결",https://www.zigbang.com/home/apt/items/50016489
2026-08-12 05:18:34,원룸,50016690,월세,02,경상북도 경산시 압량읍 신대리,경산시,압량읍,100,27,0,29.75,9.0,2,"NEW 26.08.11 촬영, 영대 정문 가성비 종결",https://www.zigbang.com/home/apt/items/50016690
2026-08-12 05:18:34,원룸,50016862,월세,01,경상북도 경산시 압량읍 신대리,경산시,압량읍,80,13,0,23.14,7.0,2,OOO친절OO최저가원룸O영대동문O신대O살기좋은,https://www.zigbang.com/home/apt/items/50016862
2026-08-12 05:18:34,원룸,50016880,월세,02,경상북도 경산시 압량읍 신대리,경산시,압량읍,100,20,0,26.45,8.0,2,"NEW 26.08.11 촬영, 영대 동문 가성비 최상급",https://www.zigbang.com/home/apt/items/50016880
2026-08-12 05:18:36,원룸,49780636,월세,02,울산시 울주군 언양읍 서부리,울주군,언양읍,300,31,0,27.2,8.23,2,저렴한월세 미니투룸 넓은구조 엘베O 풀옵션,https://www.zigbang.com/home/apt/items/49780636
2026-08-12 05:18:36,원룸,49774771,월세,02,울산시 울주군 언양읍 동부리,울주군,언양읍,300,28,0,29.75,9.0,3,귀한매물 2016년식 방1 분리형 풀옵 서두르세요,https://www.zigbang.com/home/apt/items/49774771
2026-08-12 05:18:36,원룸,49852119,월세,02,울산시 울주군 삼남읍 교동리,울주군,삼남읍,300,36,0,40.1,12.13,3,산업고인근 방1거실 엘베ㅇ 넓은공간,https://www.zigbang.com/home/apt/items/49852119
2026-08-12 05:18:36,원룸,49892966,월세,02,울산시 울주군 삼남읍 교동리,울주군,삼남읍,300,31,0,38,11.49,3,ꯁꯁ 컨디션최상ㅣ넓은방ㅣ거실겸주방ㅣ집예뻐요ㅣ분리형,https://www.zigbang.com/home/apt/items/49892966
2026-08-12 05:18:36,원룸,49895916,월세,02,울산시 울주군 삼남읍 교동리,울주군,삼남읍,500,31,0,33,9.98,3,ꯁꯁ2015년준공ㅣBest컨디션ㅣ엘베ㅣ분리형ㅣ주차최,https://www.zigbang.com/home/apt/items/49895916
2026-08-12 05:18:36,원룸,49900556,월세,02,울산시 울주군 언양읍 동부리,울주군,언양읍,400,31,0,29.75,9.0,2,ㄴ추천매물 2018년식 방1 분리형 엘리베이터 풀옵 깨끗,https://www.zigbang.com/home/apt/items/49900556
2026-08-12 05:18:36,원룸,49914501,월세,02,울산시 울주군 언양읍 동부리,울주군,언양읍,400,36,0,40,12.1,3,ꯁꯁ 2018준공ㅣ엘베있음ㅣ컨디션굳ㅣ집너무예뻐요,https://www.zigbang.com/home/apt/items/49914501
2026-08-12 05:18:36,원룸,49931657,월세,02,울산시 울주군 언양읍 동부리,울주군,언양읍,400,31,0,30.1,9.11,2,18년준공 분리형 화이트톤깔끔 엘베0,https://www.zigbang.com/home/apt/items/49931657
2026-08-12 05:18:36,원룸,49981264,월세,02,울산시 울주군 언양읍 동부리,울주군,언양읍,400,31,0,30,9.07,2,"신축급 엘베O 깔끔한 분리형 원룸, 풀옵션",https://www.zigbang.com/home/apt/items/49981264
2026-08-12 05:18:36,원룸,49994819,월세,02,울산시 울주군 언양읍 남부리,울주군,언양읍,200,26,0,26.45,8.0,3,ㄴ최저가매물 2015년식 실사진방1 분리형 풀옵 선점하세요,https://www.zigbang.com/home/apt/items/49994819
2026-08-12 05:18:36,원룸,50010087,월세,02,울산시 울주군 언양읍 동부리,울주군,언양읍,500,31,0,29.75,9.0,2,최저가매물 방1거실 실사진 풀옵 행정복지센터앞 서두르세요,https://www.zigbang.com/home/apt/items/50010087
2026-08-12 05:18:36,원룸,50022874,월세,02,울산시 울주군 삼남읍 교동리,울주군,삼남읍,300,29,0,29.75,9.0,2,ㄴ최저가매물 방1 분리형 엘리베이터 풀옵 서두르세요,https://www.zigbang.com/home/apt/items/50022874
2026-08-12 05:18:37,원룸,49887638,월세,01,울산시 중구 태화동,중구,태화동,500,34,0,36.36,11.0,2,전속매물  태화동 월세 저렴한실매물풀옵션  국가정원인근,https://www.zigbang.com/home/apt/items/49887638
2026-08-12 05:18:37,원룸,49887641,월세,02,울산시 중구 태화동,중구,태화동,500,35,0,33.06,10.0,3,태화동 국가정원인근   관리잘된 분리형원룸,https://www.zigbang.com/home/apt/items/49887641
2026-08-12 05:18:37,원룸,49981959,월세,02,울산시 중구 태화동,중구,태화동,300,30,0,33.06,10.0,3,태화동관리잘된분리형원룸도배완료다양한매물보유,https://www.zigbang.com/home/apt/items/49981959
2026-08-12 05:18:38,원룸,49767201,월세,02,울산시 북구 중산동,북구,중산동,500,41,0,42,12.7,3,풀옵션 큰거실겸주방1 큰방1베란다 집깨끗 햇살좋아요,https://www.zigbang.com/home/apt/items/49767201
2026-08-12 05:18:38,원룸,49800348,월세,02,울산시 북구 중산동,북구,중산동,500,41,0,45.12,13.65,3,메아리학교 인근ㅣ풀옵션ㅣ넓은 방1 거실1ㅣ채광 굿,https://www.zigbang.com/home/apt/items/49800348
2026-08-12 05:18:38,원룸,49844300,월세,02,울산시 북구 중산동,북구,중산동,500,41,0,36.36,11.0,2,추천매물 방1거실 실사진 풀옵 주차넉넉 채광굿 선점하세요,https://www.zigbang.com/home/apt/items/49844300
2026-08-12 05:18:38,원룸,49880927,월세,02,울산시 북구 중산동,북구,중산동,500,40,0,50,15.12,3,거실1 방1  정남향,https://www.zigbang.com/home/apt/items/49880927
2026-08-12 05:18:38,원룸,49918100,월세,02,울산시 북구 매곡동,북구,매곡동,500,34,0,29.75,9.0,3,귀한매물 방1 분리형 풀옵 매곡공단도보 서두르세요,https://www.zigbang.com/home/apt/items/49918100
2026-08-12 05:18:38,원룸,49974669,월세,01,울산시 북구 매곡동,북구,매곡동,300,30,0,13.23,4.0,3,"ꗰ단기가능,오픈형원룸.1인거주.월세저렴.외국인가능ꗰ",https://www.zigbang.com/home/apt/items/49974669
2026-08-12 05:18:38,원룸,49993640,월세,02,울산시 북구 중산동,북구,중산동,300,31,0,33,9.98,3,풀옵션 주차완벽 best컨디션 큰방 햇살좋은 가격저렴,https://www.zigbang.com/home/apt/items/49993640
2026-08-12 05:18:38,원룸,50009087,월세,02,경상북도 경주시 외동읍 모화리,경주시,외동읍,200,50,0,53.1,16.06,4,MA 방1 특대사이즈거실,https://www.zigbang.com/home/apt/items/50009087
2026-08-12 05:18:38,원룸,50015087,월세,02,울산시 북구 중산동,북구,중산동,500,40,0,42.98,13.0,3,큰거실ㅣ큰방ㅣ깔끔하고 구조좋게 잘빠진 방,https://www.zigbang.com/home/apt/items/50015087
2026-08-12 05:18:39,원룸,49690545,월세,02,경상북도 경주시 충효동,경주시,충효동,200,30,0,28.1,8.5,3,oO 충효동 풀옵션 관리최고 우수 Oo 매물최다보유,https://www.zigbang.com/home/apt/items/49690545
2026-08-12 05:18:39,원룸,49695461,월세,01,경상북도 경주시 충효동,경주시,충효동,100,23,0,26.45,8.0,3,가성비 좋은 원룸100실매물,https://www.zigbang.com/home/apt/items/49695461
2026-08-12 05:18:39,원룸,49855098,월세,02,경상북도 경주시 충효동,경주시,충효동,200,30,0,33,9.98,3,oO 초가성비 1.5룸 Oo 실사진 매물,https://www.zigbang.com/home/apt/items/49855098
2026-08-12 05:18:39,원룸,49896526,월세,02,경상북도 경주시 충효동,경주시,충효동,200,30,0,28.1,8.5,3,"oO 관리우수 원룸 Oo 깨끗,풀옵션",https://www.zigbang.com/home/apt/items/49896526
2026-08-12 05:18:40,원룸,49775091,월세,02,경상북도 경주시 외동읍 입실리,경주시,외동읍,100,30,0,28.1,8.5,4,MA 분리형 저렴한월세,https://www.zigbang.com/home/apt/items/49775091
2026-08-12 05:18:40,원룸,49783402,월세,02,경상북도 경주시 외동읍 입실리,경주시,외동읍,200,45,0,42,12.7,4,쓰리룸공실임대,https://www.zigbang.com/home/apt/items/49783402
2026-08-12 05:18:40,원룸,49956417,월세,02,경상북도 경주시 외동읍 구어리,경주시,외동읍,300,37,0,30.1,9.11,4,MA 공단도보출퇴 외국인X 2018년식 분리형,https://www.zigbang.com/home/apt/items/49956417
2026-08-12 05:18:40,원룸,49963107,월세,02,경상북도 경주시 외동읍 입실리,경주시,외동읍,100,30,0,30,9.07,3,원룸 공실 임대,https://www.zigbang.com/home/apt/items/49963107
2026-08-12 05:18:40,원룸,49983979,월세,02,경상북도 경주시 외동읍 입실리,경주시,외동읍,150,40,0,36,10.89,4,투룸 공실임대,https://www.zigbang.com/home/apt/items/49983979
2026-08-12 05:18:40,원룸,49999032,월세,02,경상북도 경주시 외동읍 입실리,경주시,외동읍,200,35,0,30,9.07,2,미니투룸 공실 임대,https://www.zigbang.com/home/apt/items/49999032
2026-08-12 05:18:40,원룸,49999061,월세,02,경상북도 경주시 외동읍 입실리,경주시,외동읍,200,35,0,30,9.07,4,원룸 공실 임대,https://www.zigbang.com/home/apt/items/49999061
2026-08-12 05:18:40,원룸,50009574,월세,02,경상북도 경주시 외동읍 입실리,경주시,외동읍,100,32,0,31.1,9.41,4,MA 분리형 방크기굿 깔끔,https://www.zigbang.com/home/apt/items/50009574
2026-08-12 05:18:40,원룸,50027578,월세,02,경상북도 경주시 외동읍 입실리,경주시,외동읍,200,35,0,32.1,9.71,3,MA 분리형 화이트톤깔끔 외국인X,https://www.zigbang.com/home/apt/items/50027578
2026-08-12 05:18:40,원룸,50027662,월세,02,경상북도 경주시 외동읍 입실리,경주시,외동읍,100,35,0,30.1,9.11,4,MA 분리형 방상태깔끔 한국인만가능,https://www.zigbang.com/home/apt/items/50027662
2026-08-12 05:18:40,원룸,49783580,월세,02,경상북도 경주시 시래동,경주시,시래동,200,32,0,27,8.17,4,원룸공실 임대,https://www.zigbang.com/home/apt/items/49783580
2026-08-12 05:18:40,원룸,49783591,월세,01,경상북도 경주시 시래동,경주시,시래동,200,27,0,27,8.17,3,원룸 공실 임대,https://www.zigbang.com/home/apt/items/49783591
2026-08-12 05:18:40,원룸,49783609,월세,02,경상북도 경주시 시래동,경주시,시래동,300,45,0,56.2,17.0,2,쓰리룸 공실 임대,https://www.zigbang.com/home/apt/items/49783609
2026-08-12 05:18:40,원룸,49783428,월세,02,경상북도 경주시 구정동,경주시,구정동,200,28,0,27,8.17,2,원룸공실 임대,https://www.zigbang.com/home/apt/items/49783428
2026-08-12 05:18:40,원룸,49783554,월세,02,경상북도 경주시 시래동,경주시,시래동,200,30,0,27,8.17,3,원룸 공실임대,https://www.zigbang.com/home/apt/items/49783554
2026-08-12 05:18:42,원룸,49908636,월세,02,경상북도 성주군 성주읍 예산리,성주군,성주읍,300,33,0,23,6.96,3,"깔끔하고 원룸, 엘베있음, 도시가스사용",https://www.zigbang.com/home/apt/items/49908636
2026-08-12 05:18:42,원룸,49908764,월세,01,경상북도 성주군 성주읍 성산리,성주군,성주읍,300,33,0,23,6.96,3,"강변미니투룸,엘베있음,즉시가능,도시가스",https://www.zigbang.com/home/apt/items/49908764
2026-08-12 05:18:42,원룸,49944038,월세,01,경상북도 성주군 성주읍 성산리,성주군,성주읍,300,30,0,34,10.28,5,엘리베이터있는 오피스텔형 원룸,https://www.zigbang.com/home/apt/items/49944038
2026-08-12 05:18:42,원룸,49944041,월세,02,경상북도 성주군 성주읍 성산리,성주군,성주읍,500,35,0,46.28,14.0,4,성주시내 남향 미니투룸,https://www.zigbang.com/home/apt/items/49944041
2026-08-12 05:18:42,원룸,49954146,월세,01,경상북도 성주군 성주읍 백전리,성주군,성주읍,300,27,0,21,6.35,3,"하나로2차아파트인근 원룸,풀옵션,3층",https://www.zigbang.com/home/apt/items/49954146
2026-08-12 05:18:42,원룸,50010873,월세,01,경상북도 성주군 성주읍 성산리,성주군,성주읍,200,30,0,33,9.98,3,엘리베이터있는 성주시내 도시가스 연결된 원룸,https://www.zigbang.com/home/apt/items/50010873
2026-08-12 05:18:42,원룸,50011020,월세,02,경상북도 성주군 성주읍 성산리,성주군,성주읍,300,37,0,45,13.61,4,테라스가 있는 감성더한 미니투룸,https://www.zigbang.com/home/apt/items/50011020
2026-08-12 05:18:42,원룸,50021403,월세,01,경상북도 성주군 성주읍 예산리,성주군,성주읍,300,32,0,26.45,8.0,3,"읍사무소인근 원룸,도시가스,도배,청소 해줌",https://www.zigbang.com/home/apt/items/50021403
2026-08-12 05:18:43,원룸,49697566,월세,01,경상북도 김천시 부곡동,김천시,부곡동,200,25,0,34,10.28,2,부곡동 김천중.고 인근 초신축 초저가 원룸,https://www.zigbang.com/home/apt/items/49697566
2026-08-12 05:18:43,원룸,49860024,월세,01,경상북도 김천시 부곡동,김천시,부곡동,200,25,0,29.75,9.0,3,부곡동 현대아파트 인근 저렴한 원룸 입니다,https://www.zigbang.com/home/apt/items/49860024
2026-08-12 05:18:43,원룸,49975039,월세,01,경상북도 김천시 부곡동,김천시,부곡동,200,25,0,34,10.28,2,실매물인증완료 남향 김천고인근 최신축 주차편리한 풀옵션원룸,https://www.zigbang.com/home/apt/items/49975039
2026-08-12 05:18:43,원룸,50016611,월세,02,경상북도 김천시 부곡동,김천시,부곡동,200,25,0,33,9.98,3,부곡 김천중고등학교 맛고을 인근 신축같이 깨끗하고 안전한방,https://www.zigbang.com/home/apt/items/50016611
2026-08-12 05:18:43,원룸,49803096,월세,01,경상북도 김천시 지좌동,김천시,지좌동,200,25,0,33,9.98,3,지좌행정복지센터 바로뒤 깔끔한 최신축 풀옵션 원룸,https://www.zigbang.com/home/apt/items/49803096
2026-08-12 05:18:43,원룸,49803100,월세,01,경상북도 김천시 용두동,김천시,용두동,200,25,0,33,9.98,3,김천황금시장 초인근 최저가 풀옵션 원룸입니다,https://www.zigbang.com/home/apt/items/49803100
2026-08-12 05:18:43,원룸,49949824,월세,01,경상북도 김천시 지좌동,김천시,지좌동,200,25,0,34,10.28,2,제일저렴하고 좋은방 지좌동 주민센터인근,https://www.zigbang.com/home/apt/items/49949824
2026-08-12 05:18:43,원룸,50016280,월세,01,경상북도 김천시 지좌동,김천시,지좌동,200,25,0,33.06,10.0,3,김천혁신도시 5분 동부초등 인근 바이크게나온 신축같은 원룸,https://www.zigbang.com/home/apt/items/50016280
2026-08-12 05:18:43,원룸,49803098,월세,01,경상북도 김천시 삼락동,김천시,삼락동,200,22,0,33,9.98,3,교동 법원 바로앞 조용하고 깨끗한 최저가 풀옵션 원룸,https://www.zigbang.com/home/apt/items/49803098
2026-08-12 05:18:43,원룸,49891814,월세,01,경상북도 김천시 다수동,김천시,다수동,100,20,0,33,9.98,3,다수초등학교 초인근 최저가 풀옵션 원룸입니다,https://www.zigbang.com/home/apt/items/49891814
2026-08-12 05:18:43,원룸,49903910,월세,01,경상북도 김천시 부곡동,김천시,부곡동,200,25,0,33,9.98,3,부곡 맛고을내 최저가 풀옵션 까끔한 원룸,https://www.zigbang.com/home/apt/items/49903910
2026-08-12 05:18:43,원룸,49903920,월세,01,경상북도 김천시 삼락동,김천시,삼락동,100,20,0,30,9.07,2,김천대 후문 관리잘된 최저가 풀옵션 깔끔한 원룸,https://www.zigbang.com/home/apt/items/49903920
2026-08-12 05:18:43,원룸,49974974,월세,01,경상북도 김천시 삼락동,김천시,삼락동,100,20,0,30,9.07,2,"김대,보건대 도보3분거리 최신축 올인원풀옵션 원룸몸만오세요",https://www.zigbang.com/home/apt/items/49974974
2026-08-12 05:18:43,원룸,49974995,월세,01,경상북도 김천시 부곡동,김천시,부곡동,200,25,0,34,10.28,2,최신축 김고인근 대학생추천 상권좋고 살기좋은 풀옵션 원룸,https://www.zigbang.com/home/apt/items/49974995
2026-08-12 05:18:43,원룸,49983211,월세,01,경상북도 김천시 삼락동,김천시,삼락동,200,26,0,30,9.07,2,대학생강력추천 최최신신축축 화이트톤 이쁜 자취방 원룸,https://www.zigbang.com/home/apt/items/49983211
2026-08-12 05:18:43,원룸,49989413,월세,01,경상북도 김천시 삼락동,김천시,삼락동,100,20,0,28,8.47,2,김대 보건대 자취방 최저가 풀옵션 원룸 햇살가득해요,https://www.zigbang.com/home/apt/items/49989413
2026-08-12 05:18:43,원룸,50016311,월세,01,경상북도 김천시 삼락동,김천시,삼락동,100,20,0,33,9.98,1,김천대 보건대 인근 단기계약 가능한 풀옵션 신축같은 원룸,https://www.zigbang.com/home/apt/items/50016311
2026-08-12 05:18:43,원룸,50016462,월세,01,경상북도 김천시 삼락동,김천시,삼락동,100,21,0,33,9.98,1,찐매물 김천대보건대 월세조정협의가능 풀옵션 신축같은원룸,https://www.zigbang.com/home/apt/items/50016462
2026-08-12 05:18:43,원룸,50016547,월세,01,경상북도 김천시 삼락동,김천시,삼락동,200,23,0,33,9.98,2,김천 법원 스포츠센터 인근 신축같이 깨끗하고 조용한 원룸,https://www.zigbang.com/home/apt/items/50016547
2026-08-12 05:18:43,원룸,50016560,월세,02,경상북도 김천시 부곡동,김천시,부곡동,300,34,0,41,12.4,2,부곡 자이아파트인근 큰방1큰거실1구조의 신축같은 럭셔리한방,https://www.zigbang.com/home/apt/items/50016560
2026-08-12 05:18:43,원룸,50019428,월세,01,경상북도 김천시 삼락동,김천시,삼락동,200,28,0,30,9.07,2,완전 최신축 이쁜 다있는 올인원풀옵션 몸만들어오면되는 원룸,https://www.zigbang.com/home/apt/items/50019428
2026-08-12 05:18:44,원룸,49860125,월세,01,경상북도 김천시 아포읍 국사리,김천시,아포읍,200,17,0,34,10.28,2,최저가 원룸 아포읍 국사리 덕일한마음아파트인근 원룸,https://www.zigbang.com/home/apt/items/49860125
2026-08-12 05:18:44,원룸,49949797,월세,01,경상북도 김천시 남면 봉천리,김천시,남면,200,24,0,34,10.28,2,단기가능 김천혁신도시인근 한전기술마을 풀옵션 원룸월세,https://www.zigbang.com/home/apt/items/49949797
2026-08-12 05:18:44,원룸,50016578,월세,01,경상북도 김천시 남면 봉천리,김천시,남면,200,25,0,33,9.98,2,김천혁신도시인근 신축처럼 깨끗하고 조용하고 살기좋은 원룸,https://www.zigbang.com/home/apt/items/50016578
2026-08-12 05:18:45,원룸,49794775,월세,02,대구시 달성군 다사읍 세천리,달성군,다사읍,400,29,0,35,10.59,2,세천 초가성비 거실넓은 분리형 원룸,https://www.zigbang.com/home/apt/items/49794775
2026-08-12 05:18:45,원룸,49816726,월세,02,대구시 달성군 다사읍 세천리,달성군,다사읍,200,23,0,29.75,9.0,3,풀옵션 깔끔한방위치굿편의시설 완전 잘 갖춰진곳,https://www.zigbang.com/home/apt/items/49816726
2026-08-12 05:18:45,원룸,49843727,월세,02,대구시 달성군 다사읍 세천리,달성군,다사읍,300,25,0,25,7.56,2,강추 세천 올화이트톤 깔끔한 분리형 원룸,https://www.zigbang.com/home/apt/items/49843727
2026-08-12 05:18:45,원룸,49872467,월세,02,대구시 달성군 다사읍 세천리,달성군,다사읍,200,20,0,26.45,8.0,2,세천리 분리형 원룸 풀옵션 즉시입주가능 화이트톤,https://www.zigbang.com/home/apt/items/49872467
2026-08-12 05:18:45,원룸,49884339,월세,01,대구시 달성군 다사읍 매곡리,달성군,다사읍,200,18,0,30,9.07,1,다사역 최저가원룸,https://www.zigbang.com/home/apt/items/49884339
2026-08-12 05:18:45,원룸,49897099,월세,02,대구시 달성군 다사읍 세천리,달성군,다사읍,300,25,0,42.97,13.0,3,방1거실1 햇살 잘들어오는 남향 예쁜집 위치도 굿,https://www.zigbang.com/home/apt/items/49897099
2026-08-12 05:18:45,원룸,49958732,월세,02,대구시 달성군 다사읍 매곡리,달성군,다사읍,300,20,0,25,7.56,3,화이트톤 완전깨끗한 가성비 원룸,https://www.zigbang.com/home/apt/items/49958732
2026-08-12 05:18:45,원룸,49962236,월세,02,대구시 달성군 다사읍 세천리,달성군,다사읍,200,20,0,33.06,10.0,2,5차산업단지 안전한위치  햇살잘드는 예쁜방,https://www.zigbang.com/home/apt/items/49962236
2026-08-12 05:18:45,원룸,49973594,월세,01,대구시 달성군 다사읍 매곡리,달성군,다사읍,200,17,0,25,7.56,1,최저가 준신축원룸,https://www.zigbang.com/home/apt/items/49973594
2026-08-12 05:18:45,원룸,49973607,월세,02,대구시 달성군 다사읍 매곡리,달성군,다사읍,500,39,0,45,13.61,3,최신축 미니투룸,https://www.zigbang.com/home/apt/items/49973607
2026-08-12 05:18:45,원룸,50007499,월세,02,대구시 달성군 다사읍 세천리,달성군,다사읍,300,28,0,28,8.47,2,세천 바로입주 1.5룸 미니투룸 분리형 풀옵션,https://www.zigbang.com/home/apt/items/50007499
2026-08-12 05:18:45,원룸,50012141,월세,02,대구시 달성군 다사읍 세천리,달성군,다사읍,100,21,0,29.75,9.0,2,화이트톤인테리어 주방분리형구조 풀옵션 주방분리 베란다,https://www.zigbang.com/home/apt/items/50012141
2026-08-12 05:18:45,원룸,49611153,월세,01,경상북도 칠곡군 왜관읍 왜관리,칠곡군,왜관읍,200,27,0,26.44,8.0,3,㉧미군부대 후문 근처 원룸㉧ 방 크고 쾌적해요 조용한 동네,https://www.zigbang.com/home/apt/items/49611153
2026-08-12 05:18:46,원룸,49643045,월세,01,경상북도 칠곡군 왜관읍 석전리,칠곡군,왜관읍,200,27,0,27,8.17,3,인근 원룸중 방이 가장넓은 방 가려지는 건물 없는방,https://www.zigbang.com/home/apt/items/49643045
2026-08-12 05:18:46,원룸,49846087,월세,02,경상북도 칠곡군 왜관읍 석전리,칠곡군,왜관읍,300,30,0,39.67,12.0,4,㉧미군부대 후문 미니투룸㉧ 대화아파트 인근 조용한 동네,https://www.zigbang.com/home/apt/items/49846087
2026-08-12 05:18:46,원룸,49775232,월세,02,대구시 달서구 용산동,달서구,용산동,100,10,0,36.36,11.0,2,복가득한방.방1 거실1 풀옵션 도배장판 청소완료.바로입주가,https://www.zigbang.com/home/apt/items/49775232
2026-08-12 05:18:46,원룸,49780631,월세,02,대구시 달서구 이곡동,달서구,이곡동,200,15,0,26.45,8.0,3,이곡 체육공원 깔끔한 신축 가성비 최고인 예쁜방,https://www.zigbang.com/home/apt/items/49780631
2026-08-12 05:18:46,원룸,49872837,월세,01,대구시 달서구 용산동,달서구,용산동,100,15,0,26.44,8.0,2,"올수리ㅡ오픈형원룸大ㅡ풀옵션ㅡ실물Good,REAL깨끗",https://www.zigbang.com/home/apt/items/49872837
2026-08-12 05:18:46,원룸,49911568,월세,01,대구시 달서구 용산동,달서구,용산동,100,13,0,30.31,9.17,2,올리모델링 방大 도배완료 배란다大 가성비甲 원룸,https://www.zigbang.com/home/apt/items/49911568
2026-08-12 05:18:46,원룸,49943107,월세,02,대구시 달서구 용산동,달서구,용산동,100,10,0,33.06,10.0,3,복가득한방.이중문 화이트톤 올수리 완전깨끗하고 예쁜방,https://www.zigbang.com/home/apt/items/49943107
2026-08-12 05:18:46,원룸,49962795,월세,02,대구시 달서구 용산동,달서구,용산동,100,13,0,26.12,7.9,1,도배완료 장판완료 풀옵션 주방분리 가성비甲 원룸,https://www.zigbang.com/home/apt/items/49962795
2026-08-12 05:18:46,원룸,49991768,월세,02,대구시 달서구 이곡동,달서구,이곡동,200,21,0,26.45,8.0,3,화이트톤 방큰 신축원룸...침대,https://www.zigbang.com/home/apt/items/49991768
2026-08-12 05:18:47,원룸,49429425,월세,02,대구시 북구 읍내동,북구,읍내동,300,22,0,33.06,10.0,2,읍내동 가성비 최강 구조 완벽한 큰방 풀옵션 원룸,https://www.zigbang.com/home/apt/items/49429425
2026-08-12 05:18:47,원룸,49688480,월세,01,대구시 북구 학정동,북구,학정동,300,29,0,28,8.47,3,V엘베있는 깔끔한 원룸을 찾으신다면V바로 여기,https://www.zigbang.com/home/apt/items/49688480
2026-08-12 05:18:47,원룸,49757675,월세,02,대구시 북구 학정동,북구,학정동,300,30,0,37,11.19,3,"경대병원,3지구등접근성좋은 가성비 좋은 미니투룸,주차양호",https://www.zigbang.com/home/apt/items/49757675
2026-08-12 05:18:47,원룸,49801589,월세,02,대구시 북구 읍내동,북구,읍내동,200,22,0,30,9.07,2,팔거천인근 준신축급 주차완벽 관리최상,https://www.zigbang.com/home/apt/items/49801589
2026-08-12 05:18:47,원룸,49807086,월세,02,대구시 북구 학정동,북구,학정동,100,21,0,30,9.07,2,경대병원실습 단기가능 풀옵션 원룸,https://www.zigbang.com/home/apt/items/49807086
2026-08-12 05:18:47,원룸,49840757,월세,02,대구시 북구 학정동,북구,학정동,2000,26,0,40,12.1,3,학정동 드레스룸 겸비신축 오피스텔 이중보안으로 치안매우우수,https://www.zigbang.com/home/apt/items/49840757
2026-08-12 05:18:47,원룸,49894054,월세,02,대구시 북구 학정동,북구,학정동,300,33,0,35,10.59,3,주차완벽 경대병원 및 직장인 추천 넓은 원룸,https://www.zigbang.com/home/apt/items/49894054
2026-08-12 05:18:47,원룸,49994422,월세,02,대구시 북구 학정동,북구,학정동,300,25,0,30,9.07,3,"경대도보,관리최상 풀옵션 인기방 베란다 넓은호실,주차완벽",https://www.zigbang.com/home/apt/items/49994422
2026-08-12 05:18:47,원룸,49995982,월세,02,대구시 북구 학정동,북구,학정동,100,21,0,30,9.07,1,단기가능 풀옵션원룸 병원바로앞 즉시입주가능,https://www.zigbang.com/home/apt/items/49995982
2026-08-12 05:18:47,원룸,49996030,월세,02,대구시 북구 읍내동,북구,읍내동,200,22,0,30,9.07,2,주차완벽 준신축2층 풀옵션원룸 즉시입주가능,https://www.zigbang.com/home/apt/items/49996030
2026-08-12 05:18:47,원룸,49996123,월세,02,대구시 북구 읍내동,북구,읍내동,300,28,0,30,9.07,3,엘베있음 준신축 풀옵션원룸 풀옵션 즉시입주가능,https://www.zigbang.com/home/apt/items/49996123
2026-08-12 05:18:47,원룸,50004255,월세,02,대구시 북구 학정동,북구,학정동,100,21,0,26.45,8.0,1,"1개월부터 단기가능 경대병원 코앞가성비 풀옵션,선점필수",https://www.zigbang.com/home/apt/items/50004255
2026-08-12 05:18:46,원룸,49731963,월세,02,대구시 동구 불로동,동구,불로동,500,30,0,39,11.8,4,"허위제로ㅣ대형사이즈 투룸, 거실과 방, 중문 있고 풀옵션",https://www.zigbang.com/home/apt/items/49731963
2026-08-12 05:18:46,원룸,49850209,월세,02,대구시 동구 불로동,동구,불로동,500,30,0,39,11.8,2,"허위제로I대형투룸, 화이트톤 넓은거실과 방, 풀옵션입니다.",https://www.zigbang.com/home/apt/items/49850209
2026-08-12 05:18:46,원룸,50005511,월세,02,대구시 동구 불로동,동구,불로동,400,30,0,39,11.8,3,"허위제로ㅣ남향 대형투룸, 거실과 방, 풀옵션입니다.",https://www.zigbang.com/home/apt/items/50005511
2026-08-12 05:18:46,원룸,50023431,월세,01,대구시 동구 불로동,동구,불로동,300,25,0,27.5,8.32,3,VV신축급V관리잘된V깔끔한 원룸V풀옵션V햇살 가득VV,https://www.zigbang.com/home/apt/items/50023431
2026-08-12 05:18:46,원룸,50023444,월세,01,대구시 동구 불로동,동구,불로동,100,17,0,23.14,7.0,2,VV불로시장V싼방V풀옵션V깔끔VV,https://www.zigbang.com/home/apt/items/50023444
2026-08-12 05:18:46,원룸,50023876,월세,01,대구시 북구 검단동,북구,검단동,100,15,0,26.44,8.0,2,VV검단동V싸고V큰방V풀옵션V착한 가격VV,https://www.zigbang.com/home/apt/items/50023876
2026-08-12 05:18:46,원룸,50024422,월세,01,대구시 동구 불로동,동구,불로동,200,22,0,27.5,8.32,3,VV깔끔한 원룸V채광 좋고V관리가 잘된집V풀옵션VV,https://www.zigbang.com/home/apt/items/50024422
2026-08-12 05:18:46,원룸,50024599,월세,01,대구시 동구 불로동,동구,불로동,200,22,0,27.5,8.32,2,VV관리잘된V깔끔한 원룸V예쁜방V풀옵션V안전한 위치VV,https://www.zigbang.com/home/apt/items/50024599
2026-08-12 05:18:46,원룸,50024707,월세,01,대구시 동구 불로동,동구,불로동,200,18,0,26.44,8.0,2,VV불로시장V싸고V깔끔한 원룸V풀옵션V가성비 좋은 집VV,https://www.zigbang.com/home/apt/items/50024707
2026-08-12 05:18:46,원룸,50025073,월세,01,대구시 동구 불로동,동구,불로동,200,20,0,27.5,8.32,2,VV불로동V싸고V깔끔한 원룸V풀옵션V가성비 최고VV,https://www.zigbang.com/home/apt/items/50025073
2026-08-12 05:18:46,원룸,50017026,월세,02,대구시 북구 태전동,북구,태전동,300,30,0,30,9.07,2,신축 1.5룸 풀옵션 최저가 도배청소완료 즉시입주가능,https://www.zigbang.com/home/apt/items/50017026
2026-08-12 05:18:46,원룸,50020866,월세,02,대구시 북구 태전동,북구,태전동,100,15,0,28,8.47,2,초가성비 구조완벽 예쁜 원룸,https://www.zigbang.com/home/apt/items/50020866
2026-08-12 05:18:46,원룸,50021407,월세,02,대구시 북구 태전동,북구,태전동,300,35,0,38,11.49,2,올리모델링 풀옵션 화이트톤 완벽 미니투룸,https://www.zigbang.com/home/apt/items/50021407
2026-08-12 05:18:46,원룸,50022685,월세,01,대구시 북구 관음동,북구,관음동,300,28,0,30,9.07,1,칠곡ic 화이트 빌트인 인기방 고양이가능 즉시입주가능,https://www.zigbang.com/home/apt/items/50022685
2026-08-12 05:18:46,원룸,50022739,월세,02,대구시 북구 태전동,북구,태전동,100,20,0,30,9.07,4,"개방감,가성비 최상급 원룸,구암,태전역세권,직장,1인,대학",https://www.zigbang.com/home/apt/items/50022739
2026-08-12 05:18:46,원룸,50022946,월세,01,대구시 북구 태전동,북구,태전동,200,20,0,30,9.07,1,"운암역, 귀한매물, 준신축 풀옵션 원룸",https://www.zigbang.com/home/apt/items/50022946
2026-08-12 05:18:46,원룸,50025701,월세,02,대구시 북구 태전동,북구,태전동,200,20,0,30,9.07,3,태전동 주차차단기 올리모델링 화이트톤 넓은 분리형 원룸,https://www.zigbang.com/home/apt/items/50025701
2026-08-12 05:18:46,원룸,50029008,월세,01,대구시 북구 태전동,북구,태전동,200,18,0,27,8.17,1,"구암역, 리모델링 풀옵션 원룸",https://www.zigbang.com/home/apt/items/50029008
2026-08-12 05:18:53,원룸,49729208,월세,01,경상북도 구미시 선산읍 교리,구미시,선산읍,200,18,0,33.06,10.0,2,선산교리 원룸 엘베있음,https://www.zigbang.com/home/apt/items/49729208
2026-08-12 05:18:53,원룸,49919672,월세,02,경상북도 구미시 선산읍 동부리,구미시,선산읍,300,30,0,39.67,12.0,2,선산 중심지역 미니투룸,https://www.zigbang.com/home/apt/items/49919672
2026-08-12 05:18:53,원룸,49919676,월세,01,경상북도 구미시 선산읍 동부리,구미시,선산읍,200,20,0,33.06,10.0,2,선산읍 중심지역 원룸,https://www.zigbang.com/home/apt/items/49919676
2026-08-12 05:18:53,원룸,50005019,월세,02,경상북도 구미시 선산읍 교리,구미시,선산읍,300,30,0,45,13.61,2,엘베있는 미니투룸,https://www.zigbang.com/home/apt/items/50005019
2026-08-12 05:19:03,원룸,49843252,월세,02,경상북도 경산시 하양읍 부호리,경산시,하양읍,30,30,0,26.45,8.0,3,경일대 1분거리 최신축 선착순,https://www.zigbang.com/home/apt/items/49843252
2026-08-12 05:19:04,원룸,49606060,월세,02,경상북도 경산시 진량읍 평사리(坪沙),경산시,진량읍,20,250,0,19.83,6.0,2,ㄱ대구대 한림 원룸..최고밀집 최저가격..26년7월도시가스,https://www.zigbang.com/home/apt/items/49606060
2026-08-12 05:19:04,원룸,49758901,전세,02,경상북도 경산시 진량읍 내리리,경산시,진량읍,5000,0,0,25,7.56,2,대구대 원룸임대,https://www.zigbang.com/home/apt/items/49758901
2026-08-12 05:19:04,원룸,49758906,월세,01,경상북도 경산시 진량읍 평사리(坪沙),경산시,진량읍,20,260,0,24,7.26,1,대구대 인근 가성비졸은 원룸,https://www.zigbang.com/home/apt/items/49758906
2026-08-12 05:19:04,원룸,49843694,월세,01,경상북도 경산시 진량읍 평사리(平沙),경산시,진량읍,20,240,0,23.2,7.02,1,대구대가성비좋은 원룸,https://www.zigbang.com/home/apt/items/49843694
2026-08-12 05:19:04,원룸,49843768,월세,01,경상북도 경산시 진량읍 평사리(坪沙),경산시,진량읍,20,260,0,23.2,7.02,1,대구대인근 원룸,https://www.zigbang.com/home/apt/items/49843768
2026-08-12 05:19:04,원룸,49870870,월세,01,경상북도 경산시 진량읍 평사리(平沙),경산시,진량읍,20,430,0,24,7.26,4,대구대 인근 원룸,https://www.zigbang.com/home/apt/items/49870870
2026-08-12 05:19:04,원룸,49952672,월세,01,경상북도 경산시 진량읍 평사리(平沙),경산시,진량읍,20,230,0,23.2,7.02,1,대구대인근원룸,https://www.zigbang.com/home/apt/items/49952672
2026-08-12 05:19:04,원룸,50011638,월세,01,경상북도 경산시 진량읍 평사리(坪沙),경산시,진량읍,20,270,0,24,7.26,3,대구대원룸임대,https://www.zigbang.com/home/apt/items/50011638
2026-08-12 05:19:04,원룸,49753453,월세,02,경상북도 영천시 문외동,영천시,문외동,400,34,0,33,9.98,3,문외동 중앙초 인근 미니투룸,https://www.zigbang.com/home/apt/items/49753453
2026-08-12 05:19:04,원룸,49753520,월세,02,경상북도 영천시 문외동,영천시,문외동,500,30,0,27,8.17,3,문외동 삼산아파트 인근 원룸,https://www.zigbang.com/home/apt/items/49753520
2026-08-12 05:19:04,원룸,49810970,월세,02,경상북도 영천시 문외동,영천시,문외동,300,30,0,35,10.59,2,시청인근미니투룸 ㅇ 삼산아파트옆,https://www.zigbang.com/home/apt/items/49810970
2026-08-12 05:19:04,원룸,49811898,전세,02,경상북도 영천시 문외동,영천시,문외동,4000,0,0,42,12.7,4,"시청인근 방2,거실 정투룸 전세",https://www.zigbang.com/home/apt/items/49811898
2026-08-12 05:19:04,원룸,49897105,월세,02,경상북도 영천시 문내동,영천시,문내동,300,31,0,33,9.98,2,"문내동 미니투룸 ,중앙초등학교 후문 인근",https://www.zigbang.com/home/apt/items/49897105
2026-08-12 05:19:04,원룸,49939437,월세,02,경상북도 영천시 문외동,영천시,문외동,300,30,0,27,8.17,4,문외동 삼산아파트 인근 원룸,https://www.zigbang.com/home/apt/items/49939437
2026-08-12 05:19:04,원룸,49963198,월세,02,경상북도 영천시 문외동,영천시,문외동,1000,34,0,33,9.98,3,문외동  보건소 인근 미니투룸,https://www.zigbang.com/home/apt/items/49963198
2026-08-12 05:19:04,원룸,49963466,월세,02,경상북도 영천시 문외동,영천시,문외동,500,47,0,55,16.64,4,문외동 도서관 인근 투룸,https://www.zigbang.com/home/apt/items/49963466
2026-08-12 05:19:04,원룸,49968630,월세,02,경상북도 영천시 문외동,영천시,문외동,300,30,0,26,7.86,2,문외동 원룸 I 센트럴타운아파트 후문,https://www.zigbang.com/home/apt/items/49968630
2026-08-12 05:19:04,원룸,50019225,월세,02,경상북도 영천시 화룡동,영천시,화룡동,300,32,0,33,9.98,2,화룡동 영천교육청 인근 미투,https://www.zigbang.com/home/apt/items/50019225
2026-08-12 05:19:08,원룸,49869671,월세,01,경상북도 경주시 용강동,경주시,용강동,1500,20,0,30,9.07,3,"시청,보건소 도보가능 즉시입주",https://www.zigbang.com/home/apt/items/49869671
2026-08-12 05:19:08,원룸,49923781,월세,01,경상북도 경주시 용강동,경주시,용강동,200,40,0,30,9.07,3,"복층 구조,,, 깔끔한 내부,,, 비교적 넓은 방",https://www.zigbang.com/home/apt/items/49923781
2026-08-12 05:19:08,원룸,49931182,월세,01,경상북도 경주시 황성동,경주시,황성동,300,40,0,29.75,9.0,1,"리모델링,,, 비교적 넓은 방",https://www.zigbang.com/home/apt/items/49931182
2026-08-12 05:19:08,원룸,49944700,월세,02,경상북도 경주시 용강동,경주시,용강동,200,33,0,29.75,9.0,3,ㅡ엘베ㅡ보건소ㅡ황성공원ㅡ신축ㅡ,https://www.zigbang.com/home/apt/items/49944700
2026-08-12 05:19:08,원룸,49945674,월세,01,경상북도 경주시 용강동,경주시,용강동,200,28,0,29.75,9.0,2,"비교적 넓은 방,,, 시청 보건소 용강스타벅스 도보 가능",https://www.zigbang.com/home/apt/items/49945674
2026-08-12 05:19:08,원룸,49971705,월세,01,경상북도 경주시 용강동,경주시,용강동,100,30,0,29.75,9.0,2,"저렴한 월세,,, 비교적 넓은 방",https://www.zigbang.com/home/apt/items/49971705
2026-08-12 05:19:08,원룸,50004017,월세,01,경상북도 경주시 황성동,경주시,황성동,200,33,0,29.75,9.0,3,"비교적 넓은 방,,,계림중고등학교,,,동국대 방면",https://www.zigbang.com/home/apt/items/50004017
2026-08-12 05:19:08,원룸,49926108,월세,02,경상북도 포항시 남구 연일읍 유강리,포항시 남구,연일읍,300,36,0,26.44,8.0,2,"포항공대인근ㅡ침대,책상등 풀옵션원룸ㅡ",https://www.zigbang.com/home/apt/items/49926108
2026-08-12 05:19:10,원룸,49995275,월세,01,경상북도 포항시 북구 흥해읍 초곡리,포항시 북구,흥해읍,300,35,0,26.45,8.0,2,ㅡ전 세 가 능 ㅡ초곡 선린대 바로앞 원룸,https://www.zigbang.com/home/apt/items/49995275
2026-08-12 05:19:10,원룸,49713257,월세,01,경상북도 포항시 북구 흥해읍 옥성리,포항시 북구,흥해읍,300,35,0,33.06,10.0,1,원룸월세.단기가능.ktx5분분.초곡현장3분거리.생활권좋은곳,https://www.zigbang.com/home/apt/items/49713257
2026-08-12 05:19:10,원룸,49713261,월세,02,경상북도 포항시 북구 흥해읍 중성리,포항시 북구,흥해읍,200,30,0,40,12.1,1,흥해시장인근.에코프로7분.포항역5분.초곡3분.정남향,https://www.zigbang.com/home/apt/items/49713261
2026-08-12 05:19:10,원룸,49713268,월세,02,경상북도 포항시 북구 흥해읍 옥성리,포항시 북구,흥해읍,300,35,0,43,13.01,2,미니투룸.동부청사5분.선린대1정거장.초곡5분.주차공간많음,https://www.zigbang.com/home/apt/items/49713268
2026-08-12 05:19:10,원룸,49934286,월세,02,경상북도 포항시 북구 흥해읍 중성리,포항시 북구,흥해읍,300,35,0,42.98,13.0,4,흥해시장안 미니투룸,https://www.zigbang.com/home/apt/items/49934286
2026-08-12 05:19:12,원룸,49896036,월세,02,경상북도 안동시 태화동,안동시,태화동,500,51,0,49.59,15.0,3,1 강변대로변 인근 파스텔톤 이쁜 정투룸,https://www.zigbang.com/home/apt/items/49896036
2026-08-12 05:19:12,원룸,49939062,월세,02,경상북도 안동시 옥동,안동시,옥동,300,31,0,30,9.07,1,"옥동 영호초 인근 방,베란다 사이즈 Good 풀옵션 원룸",https://www.zigbang.com/home/apt/items/49939062
2026-08-12 05:19:12,원룸,49949900,월세,02,경상북도 안동시 옥동,안동시,옥동,300,29,0,30,9.07,1,옥동 영호초 부근  원룸 월세,https://www.zigbang.com/home/apt/items/49949900
2026-08-12 05:19:12,원룸,49949984,월세,02,경상북도 안동시 옥동,안동시,옥동,300,31,0,30,9.07,2,옥동 영호초 부근   원룸 월세,https://www.zigbang.com/home/apt/items/49949984
2026-08-12 05:19:12,원룸,49980827,월세,02,경상북도 안동시 옥동,안동시,옥동,200,25,0,35,10.59,3,이마트 가성비 분리형 원룸 즉시입주 BEST 1ROOM,https://www.zigbang.com/home/apt/items/49980827
2026-08-12 05:19:12,원룸,49992802,월세,02,경상북도 안동시 옥동,안동시,옥동,200,29,0,35,10.59,2,NEW그레이 모노톤 다이소3분거리  분리형 원룸,https://www.zigbang.com/home/apt/items/49992802
2026-08-12 05:19:12,원룸,49995359,월세,01,경상북도 안동시 수상동,안동시,수상동,200,26,0,30,9.07,3,ㅇ 안동 병원 즉시 입주 방 넓고 깔끔한 풀옵션 원룸 ㅇ,https://www.zigbang.com/home/apt/items/49995359
2026-08-12 05:19:12,원룸,50004441,월세,02,경상북도 안동시 옥동,안동시,옥동,300,31,0,33.06,10.0,2,옥동 이마트부근  원룸 월세,https://www.zigbang.com/home/apt/items/50004441
2026-08-12 05:19:12,원룸,49922873,월세,02,경상북도 안동시 용상동,안동시,용상동,300,29,0,33.06,10.0,3,1 용상동 방 넓게 잘 빠진 분리형 원룸,https://www.zigbang.com/home/apt/items/49922873
2026-08-12 05:19:12,원룸,49842504,월세,02,경상북도 안동시 용상동,안동시,용상동,300,30,0,30,9.07,3,용상 풍림 아파트 인근 깔끔한 풀옵션 주방 분리형 원룸,https://www.zigbang.com/home/apt/items/49842504
2026-08-12 05:19:12,원룸,49884839,월세,02,경상북도 안동시 정하동,안동시,정하동,500,46,0,40,12.1,2,정하동 쾌적한 환경 사이즈 좋은 풀옵션 미니 투룸,https://www.zigbang.com/home/apt/items/49884839
2026-08-12 05:19:12,원룸,49892503,월세,02,경상북도 안동시 용상동,안동시,용상동,300,26,0,30,9.07,2,용상 CGV 인근 가성비 최고 주방 분리형 풀옵션 원룸,https://www.zigbang.com/home/apt/items/49892503
2026-08-12 05:19:12,원룸,49941781,전세,01,경상북도 안동시 용상동,안동시,용상동,4000,0,0,49.58,15.0,4,1 용상동 안동병원 인근 미투 전세 반전세 가능,https://www.zigbang.com/home/apt/items/49941781
2026-08-12 05:19:12,원룸,49953965,월세,02,경상북도 안동시 용상동,안동시,용상동,300,25,0,33.06,10.0,2,1 깔끔 편세권 풀옵션 분리형 원룸,https://www.zigbang.com/home/apt/items/49953965
2026-08-12 05:19:12,원룸,50009524,월세,02,경상북도 안동시 정하동,안동시,정하동,500,41,0,40,12.1,2,"ㅇ 정하동 즉시 입주, 상권 좋고 깔끔한 남향 미니투룸 ㅇ",https://www.zigbang.com/home/apt/items/50009524
2026-08-12 05:20:25,원룸,49641613,월세,01,인천시 영종구 운서동,영종구,운서동,300,28,0,72.14,21.82,2,월드게이트  남향  무료셔틀버스 운행,https://www.zigbang.com/home/apt/items/49641613
2026-08-12 05:20:25,원룸,49690680,월세,01,인천시 영종구 운서동,영종구,운서동,1000,80,0,112.39,34.0,5,인천공항공사 바로앞 국제업무단지 오피스,https://www.zigbang.com/home/apt/items/49690680
2026-08-12 05:20:25,원룸,49807166,월세,01,인천시 영종구 운서동,영종구,운서동,300,25,0,50.16,15.17,11,무료셔틀버스 인천공항 및 화물터미널 운행,https://www.zigbang.com/home/apt/items/49807166
2026-08-12 05:20:25,원룸,49892082,월세,01,인천시 영종구 운서동,영종구,운서동,300,38,0,61.03,18.46,7,"전망좋음, 전입신고 가능, 리모델링방, 즉시입주",https://www.zigbang.com/home/apt/items/49892082
2026-08-12 05:20:25,원룸,50025985,월세,04,인천시 영종구 운서동,영종구,운서동,500,45,0,83.6,25.29,12,"방, 거실 분리 구조 분양25평 무료셔틀버스 운행",https://www.zigbang.com/home/apt/items/50025985
2026-08-12 05:20:26,원룸,49727937,월세,02,인천시 영종구 중산동,영종구,중산동,500,62,0,27,8.17,18,통창 신축 l 1.5룸 l 풀옵션 전입가능,https://www.zigbang.com/home/apt/items/49727937
2026-08-12 05:20:26,원룸,49876718,전세,02,인천시 영종구 중산동,영종구,중산동,10500,0,0,57.94,17.53,19,"깔금한 내부상태, 1인가구, 직장인 추천",https://www.zigbang.com/home/apt/items/49876718
2026-08-12 05:20:26,원룸,49945555,월세,02,인천시 영종구 중산동,영종구,중산동,500,65,0,39.67,12.0,중,전입되는 남서향 바다뷰 신축 1.5,https://www.zigbang.com/home/apt/items/49945555
2026-08-12 05:20:26,원룸,49952596,월세,01,인천시 영종구 중산동,영종구,중산동,200,40,0,66.12,20.0,19,탁트인 남동향 바다뷰 단층,https://www.zigbang.com/home/apt/items/49952596
2026-08-12 05:20:26,원룸,49986312,월세,04,인천시 영종구 중산동,영종구,중산동,1000,90,0,35,10.59,6,오션뷰 신축 . 투룸 . 전입가능 . 풀옵션,https://www.zigbang.com/home/apt/items/49986312
2026-08-12 05:20:26,원룸,50002000,월세,03,인천시 영종구 중산동,영종구,중산동,300,38,0,40.92,12.38,20,"복층형 원룸, 공간감 좋고 탁트인 시티뷰, 단기 가능",https://www.zigbang.com/home/apt/items/50002000
2026-08-12 05:20:26,원룸,50002144,월세,02,인천시 영종구 중산동,영종구,중산동,300,50,0,57.97,17.54,10,"신축, 1.5룸, 남서향, 인천대교 오션뷰, vat별도",https://www.zigbang.com/home/apt/items/50002144
2026-08-12 05:20:26,원룸,50022385,월세,03,인천시 영종구 중산동,영종구,중산동,200,45,0,66.12,20.0,19,탁트인  시티뷰 복층 전입가능,https://www.zigbang.com/home/apt/items/50022385
2026-08-12 05:20:26,원룸,50023237,월세,01,인천시 영종구 중산동,영종구,중산동,200,35,0,29.75,9.0,중,十단기협의十최저가월세十빠른입주가능十,https://www.zigbang.com/home/apt/items/50023237
2026-08-12 05:20:26,원룸,50023947,월세,02,인천시 영종구 운남동,영종구,운남동,300,30,0,26.45,8.0,2,화이트톤 큰 분리형 신축급 원룸,https://www.zigbang.com/home/apt/items/50023947
2026-08-12 05:20:26,원룸,50024215,월세,02,인천시 영종구 운남동,영종구,운남동,300,28,0,23.14,7.0,3,수납짱짱 화이트톤 깔끔뽀짝 주방분리형,https://www.zigbang.com/home/apt/items/50024215
2026-08-12 05:20:26,원룸,50024930,월세,02,인천시 영종구 운남동,영종구,운남동,300,43,0,33.06,10.0,1,깔끔한 대박 귀한 매물 1.5룸,https://www.zigbang.com/home/apt/items/50024930
2026-08-12 05:20:26,원룸,50025268,월세,02,인천시 영종구 운남동,영종구,운남동,500,40,0,33.06,10.0,2,남향남향완전남향 넓은 1.5룸,https://www.zigbang.com/home/apt/items/50025268
2026-08-12 05:20:26,원룸,50026247,월세,02,인천시 영종구 운남동,영종구,운남동,300,40,0,28,8.47,3,"하나로마트 2분컷, 1.5룸",https://www.zigbang.com/home/apt/items/50026247
2026-08-12 05:20:26,원룸,50026286,월세,01,인천시 영종구 운남동,영종구,운남동,200,25,0,22,6.65,2,월세 저렴한데 깔끔하고 좋아요,https://www.zigbang.com/home/apt/items/50026286
2026-08-12 05:20:26,원룸,50027321,월세,02,인천시 영종구 운남동,영종구,운남동,300,43,0,33.06,10.0,1,중구청 코 앞 거실있는 1.5룸,https://www.zigbang.com/home/apt/items/50027321
2026-08-12 05:20:26,원룸,50027821,월세,02,인천시 영종구 운남동,영종구,운남동,500,40,0,33.06,10.0,3,화이트톤 해 잘드는 깔쌈한 1.5룸,https://www.zigbang.com/home/apt/items/50027821
2026-08-12 05:20:26,원룸,50028114,월세,02,인천시 영종구 운남동,영종구,운남동,4000,28,0,28,8.47,4,"뷰가 정말 좋아요, 넓게 잘나옴 1.5룸 빨리오세요",https://www.zigbang.com/home/apt/items/50028114
2026-08-12 05:20:26,원룸,50028881,월세,03,인천시 영종구 중산동,영종구,중산동,200,50,0,30,9.07,저,十귀한전입十전면오션뷰十테라스十十내부컨디션좋음十빠른입주가능十,https://www.zigbang.com/home/apt/items/50028881
2026-08-12 05:21:18,원룸,49978307,월세,02,충청남도 홍성군 홍성읍 월산리,홍성군,홍성읍,300,30,0,21,6.35,3,법원 인근에 위치한 1.5룸 풀옵션 매물,https://www.zigbang.com/home/apt/items/49978307
2026-08-12 05:21:18,원룸,49978478,월세,02,충청남도 홍성군 홍성읍 월산리,홍성군,홍성읍,500,48,0,37,11.19,3,"법원·검찰청 인근 깔끔하게 관리된 풀옵션 투룸, 엘베있음",https://www.zigbang.com/home/apt/items/49978478
2026-08-12 05:21:18,원룸,49978548,월세,02,충청남도 홍성군 홍성읍 월산리,홍성군,홍성읍,200,30,0,21,6.35,2,법원 인근 깨끗한  상태의 풀옵션  방이큰 원룸,https://www.zigbang.com/home/apt/items/49978548
2026-08-12 05:21:18,원룸,49978701,월세,02,충청남도 홍성군 홍성읍 월산리,홍성군,홍성읍,200,27,0,21,6.35,4,법원 인근 관리 잘된 풀옵션 원룸,https://www.zigbang.com/home/apt/items/49978701
2026-08-12 05:21:18,원룸,50018579,월세,02,충청남도 홍성군 홍성읍 월산리,홍성군,홍성읍,300,30,0,21,6.35,2,홍성법원옆 조용하고 깨끗한 관리잘된 원룸,https://www.zigbang.com/home/apt/items/50018579
2026-08-12 05:21:18,원룸,49908058,월세,02,충청남도 홍성군 홍성읍 대교리,홍성군,홍성읍,300,30,0,21,6.35,1,홍성여고가 인접하여  조용하고 보안상태 좋고 깨끗한 원룸,https://www.zigbang.com/home/apt/items/49908058
2026-08-12 05:21:18,원룸,49908182,월세,01,충청남도 홍성군 홍성읍 대교리,홍성군,홍성읍,300,30,0,21,6.35,1,홍성여고 인접 조용하고 깨끗한 원룸,https://www.zigbang.com/home/apt/items/49908182
2026-08-12 05:21:18,원룸,49908203,월세,02,충청남도 홍성군 홍성읍 월산리,홍성군,홍성읍,200,27,0,21,6.35,4,법원인근에 있는 합리적인 가격의 원룸 입니다.,https://www.zigbang.com/home/apt/items/49908203
2026-08-12 05:21:18,원룸,49978293,월세,02,충청남도 홍성군 홍성읍 월산리,홍성군,홍성읍,200,30,0,21,6.35,2,법원 인근 e편한세상 바로 앞 조용하고 깨끗한 가성비 최고,https://www.zigbang.com/home/apt/items/49978293
2026-08-12 05:21:19,원룸,49914711,월세,01,충청남도 홍성군 홍북읍 대동리,홍성군,홍북읍,300,35,0,19.83,6.0,2,신축 원룸 풀옵션,https://www.zigbang.com/home/apt/items/49914711
2026-08-12 05:21:19,원룸,50007455,월세,01,충청남도 홍성군 홍북읍 대동리,홍성군,홍북읍,300,34,0,19.83,6.0,1,신축 원룸 풀옵션,https://www.zigbang.com/home/apt/items/50007455
2026-08-12 05:21:19,원룸,50007470,월세,01,충청남도 홍성군 홍북읍 대동리,홍성군,홍북읍,300,30,0,19.83,6.0,2,신축 원룸 풀옵션,https://www.zigbang.com/home/apt/items/50007470
2026-08-12 05:21:19,원룸,50027910,월세,02,충청남도 홍성군 홍북읍 대동리,홍성군,홍북읍,300,40,0,33.06,10.0,3,신축 1.5룸 풀옵션,https://www.zigbang.com/home/apt/items/50027910
2026-08-12 05:21:19,원룸,50028064,월세,02,충청남도 홍성군 홍북읍 대동리,홍성군,홍북읍,300,43,0,36.36,11.0,3,신축 풀옵션 1.5룸,https://www.zigbang.com/home/apt/items/50028064
2026-08-12 05:21:20,원룸,50013497,월세,01,충청남도 당진시 수청동,당진시,수청동,240,64,0,61.11,18.49,고,"최대할인, 버스터미널 5분, 풀옵션",https://www.zigbang.com/home/apt/items/50013497
2026-08-12 05:21:20,원룸,50015026,월세,01,충청남도 당진시 수청동,당진시,수청동,90,73,0,61.11,18.49,9,"최대할인, 출장용 추천, 호텔식 풀옵션",https://www.zigbang.com/home/apt/items/50015026
2026-08-12 05:21:21,원룸,49768248,월세,01,충청남도 당진시 신평면 금천리,당진시,신평면,300,29,0,16.52,5.0,2,"대형원룸 주차편리 편의점 ,버스정류장 바로 앞",https://www.zigbang.com/home/apt/items/49768248
2026-08-12 05:21:22,원룸,49523752,월세,02,충청남도 아산시 배방읍 세출리,아산시,배방읍,30,40,0,26.45,8.0,2,호서대 행복 기숙사동   아래 준신축 원룸,https://www.zigbang.com/home/apt/items/49523752
2026-08-12 05:21:22,원룸,49941351,월세,01,충청남도 아산시 배방읍 세출리,아산시,배방읍,30,35,0,26.45,8.0,3,정문도보3분 년세400.반년세 가능,https://www.zigbang.com/home/apt/items/49941351
2026-08-12 05:21:23,원룸,49957155,월세,02,세종시 전의면 읍내리,,전의면,300,30,0,28,8.47,2,전의역 인근 넓은 원룸입니다 즉시입주가능,https://www.zigbang.com/home/apt/items/49957155
2026-08-12 05:21:23,원룸,49966308,월세,01,충청남도 천안시 동남구 풍세면 용정리,천안시 동남구,풍세면,100,30,0,24.87,7.52,2,태학산 인근 신축급 컨디션 원룸 화이트톤,https://www.zigbang.com/home/apt/items/49966308
2026-08-12 05:21:23,원룸,49966405,월세,01,충청남도 천안시 동남구 풍세면 용정리,천안시 동남구,풍세면,200,29,0,23.14,7.0,3,보증금 조절가능 산업단지 인근 깔끔한 신축급 컨디션,https://www.zigbang.com/home/apt/items/49966405
2026-08-12 05:21:23,원룸,49966862,월세,02,충청남도 천안시 동남구 풍세면 용정리,천안시 동남구,풍세면,200,29,0,23.14,7.0,3,산업단지 인근 풀옵션 신축급 저렴한 원룸,https://www.zigbang.com/home/apt/items/49966862
2026-08-12 05:21:23,원룸,49360768,월세,01,충청남도 아산시 온천동,아산시,온천동,300,28,0,33.3,10.07,2,lllll 온천역 도보5분 엘베있는 엄청큰 원룸 lllll,https://www.zigbang.com/home/apt/items/49360768
2026-08-12 05:21:23,원룸,49683944,월세,02,충청남도 아산시 온천동,아산시,온천동,300,30,0,40,12.1,2,OOO온양온천역 역세권 넓은 방OOO,https://www.zigbang.com/home/apt/items/49683944
2026-08-12 05:21:23,원룸,49709662,월세,02,충청남도 아산시 온천동,아산시,온천동,300,30,0,33,9.98,2,ꔪ 역 ꔪ 세 ꔪ 권 ꔪ 오 ꔪ 피 ꔪ 스 ꔪ 텔 ꔪ,https://www.zigbang.com/home/apt/items/49709662
2026-08-12 05:21:23,원룸,49710659,월세,02,충청남도 아산시 온천동,아산시,온천동,200,22,0,33.06,10.0,3,ꔚꔣ최저가ꔚꔣ오피스텔ꔚꔣ• 단기가능 • 역세권 •,https://www.zigbang.com/home/apt/items/49710659
2026-08-12 05:21:23,원룸,49784997,월세,01,충청남도 아산시 온천동,아산시,온천동,300,30,0,33.06,10.0,2,ꗟꗟ 역세권 오피스텔 ꗟꗟ,https://www.zigbang.com/home/apt/items/49784997
2026-08-12 05:21:23,원룸,49785021,월세,01,충청남도 아산시 방축동,아산시,방축동,100,26,0,33.06,10.0,2,ꗟꗟ 최저가 리모델링 원룸 ꗟꗟ 신정호 인근 ꗟꗟ,https://www.zigbang.com/home/apt/items/49785021
2026-08-12 05:21:23,원룸,49802848,월세,02,충청남도 아산시 온천동,아산시,온천동,200,29,0,24,7.26,3,역인근 가성비 원룸,https://www.zigbang.com/home/apt/items/49802848
2026-08-12 05:21:23,원룸,49829399,월세,02,충청남도 아산시 온천동,아산시,온천동,300,28,0,34,10.28,3,ㅁㅁ 빌트인 대형원룸 ㅁㅁ,https://www.zigbang.com/home/apt/items/49829399
2026-08-12 05:21:23,원룸,49836398,월세,01,충청남도 아산시 온천동,아산시,온천동,200,23,0,30,9.07,2,ㅣ온양온천역5분ㅣ역세권ㅣ풀옵션엘베ㅣ주차OKㅣ,https://www.zigbang.com/home/apt/items/49836398
2026-08-12 05:21:23,원룸,49841538,전세,01,충청남도 아산시 온천동,아산시,온천동,4000,0,0,33.06,10.0,5,v온양역부근 v풀옵션v월세 가능 v주차장,https://www.zigbang.com/home/apt/items/49841538
2026-08-12 05:21:23,원룸,49860365,월세,02,충청남도 아산시 용화동,아산시,용화동,1000,37,0,42,12.7,2,OOO넓은 엘베있는 투베이OOO,https://www.zigbang.com/home/apt/items/49860365
2026-08-12 05:21:23,원룸,49871372,월세,01,충청남도 아산시 온천동,아산시,온천동,200,23,0,33.06,10.0,5,㉧GOOD㉧온양온천역세권㉧오피스텔㉧침대㉧엘베㉧조망권좋아요㉧,https://www.zigbang.com/home/apt/items/49871372
2026-08-12 05:21:23,원룸,49987966,월세,01,충청남도 아산시 온천동,아산시,온천동,200,23,0,33,9.98,2,ꗃꔪ  역세권••오픽스텔 ꔪꔪ 온양온천역••도보5분 ꗃꔪ,https://www.zigbang.com/home/apt/items/49987966
2026-08-12 05:21:24,원룸,49565585,월세,02,충청남도 아산시 온천동,아산시,온천동,300,28,0,35,10.59,3,시청5분 깔끔한 가성비 원룸 풀옵션 월세,https://www.zigbang.com/home/apt/items/49565585
2026-08-12 05:21:24,원룸,49661433,월세,02,충청남도 아산시 온천동,아산시,온천동,300,30,0,40,12.1,3,시청5분 넓은 신축 풀옵션 원룸 월세,https://www.zigbang.com/home/apt/items/49661433
2026-08-12 05:21:24,원룸,49668051,월세,02,충청남도 아산시 온천동,아산시,온천동,500,45,0,42.98,13.0,3,OOO시청앞 신축 투베이OOO,https://www.zigbang.com/home/apt/items/49668051
2026-08-12 05:21:24,원룸,49847137,월세,02,충청남도 아산시 방축동,아산시,방축동,100,25,0,33.06,10.0,2,ꔚꈍPickupꈍꔚ최저가.원룸.풀옵션.바로입주.,https://www.zigbang.com/home/apt/items/49847137
2026-08-12 05:21:24,원룸,49858690,월세,02,충청남도 아산시 온천동,아산시,온천동,1500,45,0,40,12.1,2,시청 신축 큰 투베이,https://www.zigbang.com/home/apt/items/49858690
2026-08-12 05:21:24,원룸,49872406,월세,03,충청남도 아산시 온천동,아산시,온천동,300,24,0,39.67,12.0,6,ꗄ역세권ꔚNew Updateꔚ시장인근복층원룸㉧,https://www.zigbang.com/home/apt/items/49872406
2026-08-12 05:21:24,원룸,49883094,월세,02,충청남도 아산시 온천동,아산시,온천동,500,35,0,42,12.7,3,ꘜꘜꘜ 투베이 1.5룸 화이트톤 ꘜꘜꘜ,https://www.zigbang.com/home/apt/items/49883094
2026-08-12 05:21:24,원룸,49883623,월세,02,충청남도 아산시 온천동,아산시,온천동,500,35,0,42.98,13.0,3,OOO시청 신축 투베이OOO,https://www.zigbang.com/home/apt/items/49883623
2026-08-12 05:21:24,원룸,49891792,월세,02,충청남도 아산시 온천동,아산시,온천동,500,35,0,42.96,13.0,3,ꔷꔷꔷ 최저가 신축 투베이 1.5룸ꔷꔷꔷ,https://www.zigbang.com/home/apt/items/49891792
2026-08-12 05:21:24,원룸,49905392,월세,02,충청남도 아산시 온천동,아산시,온천동,500,40,0,42.98,13.0,3,new white st 시청 온천천옆  남향투베이 ev,https://www.zigbang.com/home/apt/items/49905392
2026-08-12 05:21:24,원룸,49925181,월세,01,충청남도 아산시 신창면 남성리,아산시,신창면,200,27,0,33.06,10.0,2,v가성비 좋은 원룸v신축 v풀옵션 v주차장,https://www.zigbang.com/home/apt/items/49925181
2026-08-12 05:21:24,원룸,49997381,월세,02,충청남도 아산시 온천동,아산시,온천동,300,30,0,33.06,10.0,3,ꗟꗟ 화이트톤 신축 원룸 ꗟꗟ 아산시청 인근 ꗟꗟ,https://www.zigbang.com/home/apt/items/49997381
2026-08-12 05:21:24,원룸,50014453,월세,02,충청남도 아산시 온천동,아산시,온천동,500,35,0,45,13.61,3,"ꕻꖒ투베이 신축, 주차GOODꖒꕻ",https://www.zigbang.com/home/apt/items/50014453
2026-08-12 05:21:25,원룸,49503021,월세,02,충청남도 천안시 동남구 목천읍 신계리,천안시 동남구,목천읍,500,40,0,40,12.1,1,분리형투베이 주차장 널널 즉시입주가능.,https://www.zigbang.com/home/apt/items/49503021
2026-08-12 05:21:25,원룸,49678037,월세,02,충청남도 천안시 동남구 목천읍 신계리,천안시 동남구,목천읍,500,40,0,33,9.98,1,신계리  신도1차APT근처 방 넓은 투베이,https://www.zigbang.com/home/apt/items/49678037
2026-08-12 05:21:25,원룸,49821448,월세,02,충청남도 천안시 동남구 목천읍 천정리,천안시 동남구,목천읍,500,45,0,42,12.7,3,준신축 화이톤투베이 거실넓음 즉시입주 가능,https://www.zigbang.com/home/apt/items/49821448
2026-08-12 05:21:25,원룸,49911741,월세,02,충청남도 천안시 동남구 목천읍 신계리,천안시 동남구,목천읍,500,40,0,28,8.47,2,건조기있는 신축 원룸입니다,https://www.zigbang.com/home/apt/items/49911741
2026-08-12 05:21:25,원룸,49942259,월세,02,충청남도 천안시 동남구 목천읍 신계리,천안시 동남구,목천읍,300,30,0,26.44,8.0,3,"단기가능, 세입자방 단독, 반전세 협의전화.",https://www.zigbang.com/home/apt/items/49942259
2026-08-12 05:21:25,원룸,49942355,전세,02,충청남도 천안시 동남구 목천읍 신계리,천안시 동남구,목천읍,3500,0,0,26.44,8.0,2,투베.투룸전세도있어요. 반전세 협의전화주세요.,https://www.zigbang.com/home/apt/items/49942355
2026-08-12 05:21:25,원룸,50002384,월세,02,충청남도 천안시 동남구 목천읍 신계리,천안시 동남구,목천읍,500,40,0,39.67,12.0,2,1.5룸.방하나 거실하나.깔끔신축,https://www.zigbang.com/home/apt/items/50002384
2026-08-12 05:21:26,원룸,49759459,월세,02,충청남도 천안시 서북구 성환읍 매주리,천안시 서북구,성환읍,500,57,0,46.28,14.0,3,성환역 인근 귀한 분리형 화이트톤 넓은 투베이,https://www.zigbang.com/home/apt/items/49759459
2026-08-12 05:21:26,원룸,49797002,월세,02,충청남도 천안시 서북구 성환읍 매주리,천안시 서북구,성환읍,500,48,0,33.06,10.0,3,성환역 가까운 신축급 화이트 원룸,https://www.zigbang.com/home/apt/items/49797002
2026-08-12 05:21:26,원룸,49912851,월세,02,충청남도 천안시 서북구 성환읍 성환리,천안시 서북구,성환읍,500,46,0,33.05,10.0,3,햇살가득한 신축 원룸,https://www.zigbang.com/home/apt/items/49912851
2026-08-12 05:21:26,원룸,50009967,월세,02,충청남도 천안시 서북구 성환읍 성환리,천안시 서북구,성환읍,500,45,0,26.45,8.0,4,남서울대학교 인근  화이트 분리형 원룸,https://www.zigbang.com/home/apt/items/50009967
2026-08-12 05:21:26,원룸,50027779,월세,02,충청남도 천안시 서북구 성환읍 매주리,천안시 서북구,성환읍,1000,58,0,38,11.49,4,성환역 도보7분거리에 있는 입지좋은 투베이,https://www.zigbang.com/home/apt/items/50027779
2026-08-12 05:21:26,원룸,49782992,전세,02,충청남도 천안시 서북구 직산읍 삼은리,천안시 서북구,직산읍,4000,0,0,26.44,8.0,3,"세입자방 전속, LH 가능, 보증보험 가능,  안전한 전세",https://www.zigbang.com/home/apt/items/49782992
2026-08-12 05:21:26,원룸,49807229,월세,02,충청남도 천안시 서북구 성거읍 신월리,천안시 서북구,성거읍,500,43,0,33.4,10.1,4,ㅁ주차 굿ㅁ 투베이,https://www.zigbang.com/home/apt/items/49807229
2026-08-12 05:21:26,원룸,49829731,월세,02,충청남도 천안시 서북구 직산읍 삼은리,천안시 서북구,직산읍,500,53,0,37.5,11.34,3,"ㅡ분리형 투베이ㅡ화이트톤 신축 , 직산 파출소 인근",https://www.zigbang.com/home/apt/items/49829731
2026-08-12 05:21:26,원룸,49945911,월세,02,충청남도 천안시 서북구 성거읍 신월리,천안시 서북구,성거읍,300,36,0,23.14,7.0,2,"서북구청, 리모델링, 풀옵션",https://www.zigbang.com/home/apt/items/49945911
2026-08-12 05:21:26,원룸,49973089,월세,02,충청남도 천안시 서북구 직산읍 삼은리,천안시 서북구,직산읍,500,45,0,33.06,10.0,3,가성비 아주좋은 화이트톤 신축급 원룸 수납좋아요,https://www.zigbang.com/home/apt/items/49973089
2026-08-12 05:21:26,원룸,49911804,월세,01,충청남도 천안시 서북구 입장면 하장리,천안시 서북구,입장면,300,35,0,33.06,10.0,2,귀한 원룸 주차장도 널널해요 위치 좋아요,https://www.zigbang.com/home/apt/items/49911804
2026-08-12 05:21:26,원룸,48896657,월세,01,충청남도 천안시 서북구 성거읍 천흥리,천안시 서북구,성거읍,300,30,0,26.44,8.0,2,O추천매물O성거 시내O 저렴하고 성거에서 제일큰  원룸O성,https://www.zigbang.com/home/apt/items/48896657
2026-08-12 05:21:26,원룸,48979284,월세,02,충청남도 천안시 서북구 성거읍 천흥리,천안시 서북구,성거읍,500,55,0,42.99,13.0,3,O신축 O중문있는  큰 분리형 투베이,https://www.zigbang.com/home/apt/items/48979284
2026-08-12 05:21:26,원룸,49675121,월세,02,충청남도 천안시 서북구 성거읍 저리,천안시 서북구,성거읍,500,45,0,39.66,12.0,2,O성거 시내O귀한 분리형 투베이 O저렴한 투베이O,https://www.zigbang.com/home/apt/items/49675121
2026-08-12 05:21:26,원룸,49741619,월세,02,충청남도 천안시 서북구 성거읍 저리,천안시 서북구,성거읍,500,58,0,60,18.15,3,화이트톤 분리형 투베이 넓은 수납장 첫입주 입니다.,https://www.zigbang.com/home/apt/items/49741619
2026-08-12 05:21:26,원룸,49759479,월세,02,충청남도 천안시 서북구 성거읍 천흥리,천안시 서북구,성거읍,200,30,0,27,8.17,1,가성비 최고 즉시 입주 가능한 원룸 인터넷포함,https://www.zigbang.com/home/apt/items/49759479
2026-08-12 05:21:26,원룸,49838208,월세,02,충청남도 천안시 서북구 성거읍 저리,천안시 서북구,성거읍,300,47,0,33.06,10.0,3,신축 첫입주 넓은 분리형 화이트톤 원룸입니다.,https://www.zigbang.com/home/apt/items/49838208
2026-08-12 05:21:26,원룸,49879873,월세,02,충청남도 천안시 서북구 성거읍 천흥리,천안시 서북구,성거읍,500,40,0,26.45,8.0,3,"신축급원룸, SKC인근, 깔끔한 인테리어",https://www.zigbang.com/home/apt/items/49879873
2026-08-12 05:21:26,원룸,49911793,월세,02,충청남도 천안시 서북구 성거읍 천흥리,천안시 서북구,성거읍,300,32,0,33.06,10.0,2,성거 화이트톤 깔끔한 분리형 원룸 즉시입주 가능해요,https://www.zigbang.com/home/apt/items/49911793
2026-08-12 05:21:26,원룸,49911798,월세,02,충청남도 천안시 서북구 성거읍 천흥리,천안시 서북구,성거읍,500,42,0,33.06,10.0,3,성거 신축급 화이트톤 수납장까지 완벽한 원룸,https://www.zigbang.com/home/apt/items/49911798
2026-08-12 05:21:26,원룸,49961951,월세,02,충청남도 천안시 서북구 성거읍 저리,천안시 서북구,성거읍,200,30,0,29.75,9.0,3,주차장 널널하고 한적한 귀한 성거 분리형 원룸,https://www.zigbang.com/home/apt/items/49961951
2026-08-12 05:21:26,원룸,49987771,월세,02,충청남도 천안시 서북구 성거읍 천흥리,천안시 서북구,성거읍,500,40,0,27,8.17,2,"성거초 인근, 감성인테리어, 신축 분리형 원룸",https://www.zigbang.com/home/apt/items/49987771
2026-08-12 05:21:26,원룸,49989160,월세,01,충청남도 천안시 서북구 성거읍 저리,천안시 서북구,성거읍,500,47,0,21,6.35,2,신축 원룸으로 내부컨디션 최상입니다,https://www.zigbang.com/home/apt/items/49989160
2026-08-12 05:21:29,원룸,49803385,월세,01,경기도 평택시 포승읍 도곡리,평택시,포승읍,200,40,0,20,6.05,2,ㅁ단기가능 ㅁ 화양지구 출퇴근 용이한 원룸 ㅁ 즉시입주 ㅁ,https://www.zigbang.com/home/apt/items/49803385
2026-08-12 05:21:29,원룸,49924701,월세,02,경기도 평택시 포승읍 도곡리,평택시,포승읍,100,20,0,19.83,6.0,2,"ㅁ가성비 굿ㅁ포승 공단, 항만, 서평택TG 인접",https://www.zigbang.com/home/apt/items/49924701
2026-08-12 05:21:29,원룸,49935834,월세,01,경기도 평택시 포승읍 도곡리,평택시,포승읍,200,30,0,20,6.05,1,ㅁ 내기삼거리 인근 ㅁ 즉시입주 가능한 원룸 ㅁ,https://www.zigbang.com/home/apt/items/49935834
2026-08-12 05:21:29,원룸,50002467,월세,02,경기도 평택시 포승읍 석정리,평택시,포승읍,100,25,0,17.5,5.29,3,"ㅁ단기 가능ㅁ깔끔 분리형 1룸ㅁ 포승공단, 화양지구 인접",https://www.zigbang.com/home/apt/items/50002467
2026-08-12 05:21:29,원룸,49964063,월세,01,경기도 평택시 포승읍 원정리,평택시,포승읍,40,40,0,25.9,7.83,1,ㅁ 단기가능 ㅁ기아자동차 출퇴근 용이한 원룸 ㅁ,https://www.zigbang.com/home/apt/items/49964063
2026-08-12 05:21:29,원룸,49964084,월세,01,경기도 평택시 포승읍 원정리,평택시,포승읍,200,35,0,20,6.05,2,"ㅁ기아자동차, 석유공사 출퇴근 용이한 원룸 ㅁ 단기가능 ㅁ",https://www.zigbang.com/home/apt/items/49964084
2026-08-12 05:21:31,원룸,49980364,월세,01,경기도 화성시 만세구 장안면 수촌리,화성시 만세구,장안면,300,35,0,15.04,4.55,2,최저가 원룸 즉시입주 신축 풀옵션 주차1대 채광굿 편익최고,https://www.zigbang.com/home/apt/items/49980364
2026-08-12 05:21:32,원룸,49911046,월세,03,경기도 화성시 만세구 향남읍 장짐리,화성시 만세구,향남읍,1000,54,0,45,13.61,4,빠른입주가능. 층고높은 복층 원룸. 컨디션 굿굿,https://www.zigbang.com/home/apt/items/49911046
2026-08-12 05:21:32,원룸,49924369,월세,02,경기도 화성시 만세구 팔탄면 율암리,화성시 만세구,팔탄면,200,35,0,25,7.56,1,대박1룸. 주차스트레스NO. 빠른 입주.,https://www.zigbang.com/home/apt/items/49924369
2026-08-12 05:21:32,원룸,49953910,월세,03,경기도 화성시 만세구 향남읍 장짐리,화성시 만세구,향남읍,1000,53,0,40,12.1,4,ꯁ룸메추천ꯁ 복층구조 풀옵션 분리형 완전 큰 원룸,https://www.zigbang.com/home/apt/items/49953910
2026-08-12 05:21:32,원룸,49358025,월세,01,경기도 화성시 만세구 마도면 청원리,화성시 만세구,마도면,200,33,0,16.8,5.08,3,신축 첫입주이며 층 호수  선택가능함 임대료 관리비저렴,https://www.zigbang.com/home/apt/items/49358025
2026-08-12 05:21:32,원룸,49828810,월세,01,경기도 화성시 만세구 마도면 청원리,화성시 만세구,마도면,200,33,0,20,6.05,4,첫입주 바이오밸리산업 단지 인접 풀옵션입니다.,https://www.zigbang.com/home/apt/items/49828810
2026-08-12 05:21:32,원룸,49959074,월세,01,경기도 화성시 만세구 마도면 청원리,화성시 만세구,마도면,200,33,0,15.72,4.76,4,보리.즉시입주.풀옵션.신축원룸,https://www.zigbang.com/home/apt/items/49959074
2026-08-12 05:21:32,원룸,49990332,월세,01,경기도 화성시 만세구 마도면 청원리,화성시 만세구,마도면,200,35,0,20,6.05,4,첫입주 신축입니다 즉시입주 풀옵션 바이오밸리 인접합니다.,https://www.zigbang.com/home/apt/items/49990332
2026-08-12 05:21:34,원룸,49997460,월세,01,경기도 평택시 청북읍 현곡리,평택시,청북읍,200,35,0,21.82,6.6,3,"ㅁ청북IC 인근, 마켓컬리,고렴산단 출퇴근용이 ㅁ",https://www.zigbang.com/home/apt/items/49997460
2026-08-12 05:21:34,원룸,49900919,월세,02,경기도 평택시 청북읍 한산리,평택시,청북읍,200,30,0,26.44,8.0,4,"어연한산공단 인근,주방 분리형 원룸,단기가능",https://www.zigbang.com/home/apt/items/49900919
2026-08-12 05:21:34,원룸,49971345,월세,02,경기도 평택시 오성면 숙성리,평택시,오성면,300,40,0,42,12.7,4,투베이 공실,https://www.zigbang.com/home/apt/items/49971345
2026-08-12 05:21:34,원룸,49974643,월세,02,경기도 평택시 오성면 숙성리,평택시,오성면,300,35,0,21,6.35,4,분리형원룸 공실,https://www.zigbang.com/home/apt/items/49974643
2026-08-12 05:21:34,원룸,49944733,월세,02,경기도 평택시 청북읍 어소리,평택시,청북읍,300,30,0,23.4,7.08,3,주차걱정없는  주방분리형 아주 넓은 원룸예요,https://www.zigbang.com/home/apt/items/49944733
2026-08-12 05:21:34,원룸,49900342,월세,02,경기도 평택시 청북읍 어연리,평택시,청북읍,500,40,0,20.73,6.27,3,어연산업단지 분리형 원룸 9월 중순 입주 가능,https://www.zigbang.com/home/apt/items/49900342
2026-08-12 05:21:34,원룸,49900889,월세,01,경기도 평택시 청북읍 한산리,평택시,청북읍,200,28,0,17.06,5.16,2,어연한산인근 제일 가성비 좋은 원룸,https://www.zigbang.com/home/apt/items/49900889
2026-08-12 05:21:34,원룸,49900905,월세,02,경기도 평택시 청북읍 어연리,평택시,청북읍,300,30,0,22.17,6.71,3,"위치,시설,편리성최고인 원룸 인근서 가장 인기많아요",https://www.zigbang.com/home/apt/items/49900905
2026-08-12 05:21:34,원룸,49900960,월세,02,경기도 평택시 청북읍 어연리,평택시,청북읍,2100,30,0,15.69,4.75,2,최적의 위치에 내부가 이쁜 원룸 입니다.,https://www.zigbang.com/home/apt/items/49900960
2026-08-12 05:21:34,원룸,50018887,월세,02,경기도 평택시 청북읍 어연리,평택시,청북읍,300,46,0,30.33,9.17,2,어연 산업단지 분리형 원룸,https://www.zigbang.com/home/apt/items/50018887
2026-08-12 05:21:34,원룸,50021273,월세,01,경기도 평택시 청북읍 어연리,평택시,청북읍,200,35,0,19.83,6.0,2,어연한산 산업단지내  가성비 최고의  원룸  정말 좋아요,https://www.zigbang.com/home/apt/items/50021273
2026-08-12 05:21:35,원룸,48116456,월세,02,충청남도 천안시 서북구 성환읍 성환리,천안시 서북구,성환읍,500,45,0,23.14,7.0,2,"성환읍, 신축급 원룸, 깔끔한 화이트톤",https://www.zigbang.com/home/apt/items/48116456
2026-08-12 05:21:35,원룸,49587048,월세,02,충청남도 천안시 서북구 성환읍 성환리,천안시 서북구,성환읍,300,43,0,24.5,7.41,4,ㅡ분리형 큰원룸ㅡ 주차장 학교 지하철 인근 교통 편의,https://www.zigbang.com/home/apt/items/49587048
2026-08-12 05:21:35,원룸,49660266,월세,02,충청남도 천안시 서북구 성환읍 성월리,천안시 서북구,성환읍,300,45,0,33.06,10.0,2,성환역도보8분 산축 풀옵션 원룸입니다,https://www.zigbang.com/home/apt/items/49660266
2026-08-12 05:21:35,원룸,49742244,월세,01,충청남도 천안시 서북구 성환읍 성환리,천안시 서북구,성환읍,100,28,0,20,6.05,2,성환역앞 편리한 위치입니다,https://www.zigbang.com/home/apt/items/49742244
2026-08-12 05:21:35,원룸,49932211,월세,02,충청남도 천안시 서북구 성환읍 성월리,천안시 서북구,성환읍,500,47,0,30,9.07,4,성환터미널 성환역 인접 신축 원룸입니다,https://www.zigbang.com/home/apt/items/49932211
2026-08-12 05:21:35,원룸,49959875,전세,02,충청남도 천안시 서북구 성환읍 성환리,천안시 서북구,성환읍,6000,0,0,29.75,9.0,3,"월세가능,반전세협의전화,투룸전세도 있어요.",https://www.zigbang.com/home/apt/items/49959875
2026-08-12 05:21:35,원룸,49962711,월세,02,충청남도 천안시 서북구 성환읍 성환리,천안시 서북구,성환읍,50,28,0,10,3.02,3,성환역5분 경제적인 분리형원룸입니다,https://www.zigbang.com/home/apt/items/49962711
2026-08-12 05:21:35,원룸,49989172,월세,01,충청남도 천안시 서북구 성환읍 성환리,천안시 서북구,성환읍,500,47,0,21,6.35,3,교통편한 신축급 깔끔한 원룸입니다.,https://www.zigbang.com/home/apt/items/49989172
2026-08-12 05:21:35,원룸,49989423,월세,01,충청남도 천안시 서북구 성환읍 성환리,천안시 서북구,성환읍,100,28,0,29.75,9.0,2,성환역앞 낡았지만 경제적인 원룸입니다,https://www.zigbang.com/home/apt/items/49989423
2026-08-12 05:21:35,원룸,49989460,월세,02,충청남도 천안시 서북구 성환읍 성환리,천안시 서북구,성환읍,300,49,0,39.66,12.0,3,성환역세권 깨끗한 투베이  거실 1 방1 입니다,https://www.zigbang.com/home/apt/items/49989460
2026-08-12 05:21:35,원룸,49998311,월세,02,충청남도 천안시 서북구 성환읍 성환리,천안시 서북구,성환읍,300,43,0,33.05,10.0,3,성환역과 성환터미날에서 가까운 깨끗한 신축 원룸입니다.,https://www.zigbang.com/home/apt/items/49998311
2026-08-12 05:21:35,원룸,47965380,월세,02,충청남도 천안시 서북구 성환읍 성환리,천안시 서북구,성환읍,500,45,0,23.14,7.0,3,남서울대 성환역 신축급원룸,https://www.zigbang.com/home/apt/items/47965380
2026-08-12 05:21:35,원룸,49778823,월세,01,충청남도 천안시 서북구 성환읍 성환리,천안시 서북구,성환읍,500,43,0,33.06,10.0,4,"남서울대도보가능, 신축풀옵션",https://www.zigbang.com/home/apt/items/49778823
2026-08-12 05:21:35,원룸,49802698,월세,02,충청남도 천안시 서북구 성환읍 성월리,천안시 서북구,성환읍,300,42,0,26.44,8.0,2,성환터미날과 남대 사이 신축 원룸입니다,https://www.zigbang.com/home/apt/items/49802698
2026-08-12 05:21:35,원룸,49827442,월세,01,충청남도 천안시 서북구 성환읍 성월리,천안시 서북구,성환읍,200,37,0,33.06,10.0,2,학사촌 넓고 깨끗한 분리형 원룸입니다,https://www.zigbang.com/home/apt/items/49827442
2026-08-12 05:21:35,원룸,49912896,월세,02,충청남도 천안시 서북구 성환읍 성환리,천안시 서북구,성환읍,500,54,0,40,12.1,3,"남서울대, 성환역 인근 신축 투베이",https://www.zigbang.com/home/apt/items/49912896
2026-08-12 05:21:35,원룸,49925499,월세,01,충청남도 천안시 서북구 성환읍 성월리,천안시 서북구,성환읍,500,50,0,28.6,8.65,4,성환 남서울대학교 대로변 사거리 화이튼 신축 원룸,https://www.zigbang.com/home/apt/items/49925499
2026-08-12 05:21:35,원룸,49966057,월세,01,충청남도 천안시 서북구 성환읍 성환리,천안시 서북구,성환읍,1500,41,0,21,6.35,2,남서울대생 환영합니다.깨끗한 신축원룸,https://www.zigbang.com/home/apt/items/49966057
2026-08-12 05:21:35,원룸,49992971,전세,01,충청남도 천안시 서북구 성환읍 성월리,천안시 서북구,성환읍,4500,0,0,29.75,9.0,2,O남서울대 인접 연세 전세 풀옵션 즉시입주O,https://www.zigbang.com/home/apt/items/49992971
2026-08-12 05:21:36,원룸,49776855,월세,02,충청남도 천안시 서북구 입장면 하장리,천안시 서북구,입장면,300,37,0,26.44,8.0,4,O입장에서 제일 큰 원룸 O,https://www.zigbang.com/home/apt/items/49776855
2026-08-12 05:21:36,원룸,49849392,월세,02,충청남도 천안시 서북구 입장면 독정리,천안시 서북구,입장면,500,33,0,29.75,9.0,2,입장면 교통편 위치 좋은 분리형 원룸 빠른 입주가능,https://www.zigbang.com/home/apt/items/49849392
2026-08-12 05:21:36,원룸,49682783,월세,01,경기도 안성시 대덕면 내리,안성시,대덕면,200,46,0,20,6.05,4,0베란다0깔끔한 원룸.풀옵션0,https://www.zigbang.com/home/apt/items/49682783
2026-08-12 05:21:36,원룸,50008000,월세,01,경기도 안성시 대덕면 내리,안성시,대덕면,200,49,0,33.06,10.0,4,"0주차좋아요, 풀옵션. 깔끔한방0",https://www.zigbang.com/home/apt/items/50008000
2026-08-12 05:21:36,원룸,50010724,월세,01,경기도 안성시 대덕면 내리,안성시,대덕면,200,46,0,18,5.44,2,0리모델링 원룸.풀옵션.깔끔0,https://www.zigbang.com/home/apt/items/50010724
2026-08-12 05:21:37,원룸,49721970,월세,01,경기도 안성시 원곡면 외가천리,안성시,원곡면,200,46,0,22,6.65,2,"㉧ 8월10일 확인매물 ㉧ 깔끔한 리모델링 원룸, 숙소환영",https://www.zigbang.com/home/apt/items/49721970
2026-08-12 05:21:37,원룸,49804013,월세,01,경기도 안성시 원곡면 외가천리,안성시,원곡면,200,46,0,20,6.05,2,"㉧ 8월10일 확인매물 ㉧ 깔끔한 리모델링원룸, 1인거주",https://www.zigbang.com/home/apt/items/49804013
2026-08-12 05:21:37,원룸,49997748,월세,01,경기도 안성시 원곡면 외가천리,안성시,원곡면,200,35,0,22,6.65,1,"넓은 원룸, 완전풀옵션 굿",https://www.zigbang.com/home/apt/items/49997748
2026-08-12 05:21:37,원룸,49862759,월세,01,경기도 평택시 도일동,평택시,도일동,200,45,0,21,6.35,2,원룸 신축 풀옵션,https://www.zigbang.com/home/apt/items/49862759
2026-08-12 05:21:37,원룸,49937283,월세,02,경기도 평택시 도일동,평택시,도일동,500,65,0,36.2,10.95,2,투베이 공실 신축 첫입주,https://www.zigbang.com/home/apt/items/49937283
2026-08-12 05:21:37,원룸,49895007,전세,01,경기도 안성시 공도읍 마정리,안성시,공도읍,10000,0,0,100,30.25,4,방3개 화장실2개 중문 전망트임 엘리베이터 주차시설,https://www.zigbang.com/home/apt/items/49895007
2026-08-12 05:21:37,원룸,49946883,전세,02,경기도 안성시 공도읍 마정리,안성시,공도읍,6000,0,0,36.36,11.0,3,신축  풀옵션 넓고 깨끗한 투베이 전세입니다.,https://www.zigbang.com/home/apt/items/49946883
2026-08-12 05:21:37,원룸,50005627,월세,02,경기도 안성시 공도읍 마정리,안성시,공도읍,500,51,0,39.67,12.0,5,탑층. 풀옵션  에어컨 2대 넓은 투베이.9월중순입주가능,https://www.zigbang.com/home/apt/items/50005627
2026-08-12 05:21:37,원룸,50009408,월세,01,경기도 안성시 공도읍 마정리,안성시,공도읍,200,31,0,25,7.56,2,9월초 입주가능. 풀옵션 넓고 깨끗한원룸. 롯데마트인근.,https://www.zigbang.com/home/apt/items/50009408
2026-08-12 05:21:37,원룸,50017399,월세,02,경기도 안성시 공도읍 마정리,안성시,공도읍,300,51,0,36.36,11.0,3,풀옵션 신축 고급엘리베이터  깨끗한 투베이.9월초입주가능,https://www.zigbang.com/home/apt/items/50017399
2026-08-12 05:21:37,원룸,50019076,월세,02,경기도 안성시 공도읍 마정리,안성시,공도읍,300,52,0,33.06,10.0,3,방한개  거실  베란다 전망트임  엘리베이터 넓은 씽크대,https://www.zigbang.com/home/apt/items/50019076
2026-08-12 05:21:37,원룸,50020835,전세,02,경기도 안성시 공도읍 마정리,안성시,공도읍,4500,0,0,40,12.1,2,"대림동산 공원 바로앞 분리형  방1, 거실1",https://www.zigbang.com/home/apt/items/50020835
2026-08-12 05:21:37,원룸,50020852,전세,02,경기도 안성시 공도읍 마정리,안성시,공도읍,7000,0,0,92.5,27.98,5,2룸에 욕실2개있는 저렴한 전세입니다,https://www.zigbang.com/home/apt/items/50020852
2026-08-12 05:21:37,원룸,50020893,전세,01,경기도 안성시 공도읍 마정리,안성시,공도읍,5000,0,0,23.14,7.0,3,대림동산 입구 신축원룸 입니다.,https://www.zigbang.com/home/apt/items/50020893
2026-08-12 05:21:37,원룸,49919894,월세,03,경기도 안성시 신소현동,안성시,신소현동,1000,63,0,41.26,12.48,12,ꔚ9.28이후입주가능ꔚ신축원룸복층ꔚ도시형생활주택ꔚ,https://www.zigbang.com/home/apt/items/49919894
2026-08-12 05:21:37,원룸,49948859,월세,03,경기도 안성시 신소현동,안성시,신소현동,1000,59,0,19.83,6.0,7,"탑층원룸복층,기본옵션구비,9월중순입주",https://www.zigbang.com/home/apt/items/49948859
2026-08-12 05:21:37,원룸,49948889,월세,03,경기도 안성시 신소현동,안성시,신소현동,1000,59,0,19.83,6.0,5,"원룸복층,9월중순입주가능,주차시설좋음",https://www.zigbang.com/home/apt/items/49948889
2026-08-12 05:21:37,원룸,49948905,월세,03,경기도 안성시 신소현동,안성시,신소현동,1000,63,0,19.83,6.0,12,"8월말입주,기본옵션,주차시설좋음.2000.53가능",https://www.zigbang.com/home/apt/items/49948905
2026-08-12 05:21:37,원룸,49948913,월세,01,경기도 안성시 대덕면 내리,안성시,대덕면,5000,28,0,26.4,7.99,3,"8월10이후입주,주방분리형원룸,베란다,주차시설좋음,",https://www.zigbang.com/home/apt/items/49948913
2026-08-12 05:21:37,원룸,50014780,월세,03,경기도 안성시 신소현동,안성시,신소현동,1000,59,0,41.26,12.48,9,ꔚ9.5이후입주가능ꔚ신축원룸복층ꔚ도시형생활주택ꔚ,https://www.zigbang.com/home/apt/items/50014780
2026-08-12 05:21:38,원룸,49895985,월세,02,경기도 화성시 효행구 정남면 덕절리,화성시 효행구,정남면,500,45,0,25,7.56,3,ꔪꔪ우리ꔪꔪ분리형원룸ꔪꔪ실매물ꔪꔪ,https://www.zigbang.com/home/apt/items/49895985
2026-08-12 05:21:38,원룸,49997376,월세,02,경기도 화성시 효행구 정남면 덕절리,화성시 효행구,정남면,500,42,0,25,7.56,4,ꔪꔪ우리ꔪꔪ덕절리ꔪꔪ원룸월세ꔪꔪ,https://www.zigbang.com/home/apt/items/49997376
2026-08-12 05:21:38,원룸,49794117,월세,01,경기도 오산시 가장동,오산시,가장동,500,50,0,27,8.17,2,ㅣH허브Hㅣꯁㅣ가.장.산.단ㅣꯁㅣ신.축.큰.방ㅣꯁㅣ주.차ㅣ,https://www.zigbang.com/home/apt/items/49794117
2026-08-12 05:21:38,원룸,49794238,월세,01,경기도 오산시 가장동,오산시,가장동,500,48,0,25.1,7.59,2,ㅣH허브Hㅣ꩜원룸 맛집꩜十무.조.건.주.차.十ㅣ허위Noㅣ,https://www.zigbang.com/home/apt/items/49794238
2026-08-12 05:21:38,원룸,49898076,월세,01,경기도 오산시 가장동,오산시,가장동,500,62,0,19.99,6.05,2,ll가장산업단지 인근 풀옵션원룸ll 즉시입주 가능,https://www.zigbang.com/home/apt/items/49898076
2026-08-12 05:21:38,원룸,49952273,월세,01,경기도 오산시 가장동,오산시,가장동,500,44,0,26.45,8.0,4,ll한신ll 가장산업단지 l 통1.5룸 l 풀옵션,https://www.zigbang.com/home/apt/items/49952273
2026-08-12 05:21:38,원룸,49953360,월세,01,경기도 오산시 가장동,오산시,가장동,500,53,0,27,8.17,2,ꔚ 황제 ꔚ 신축 풀옵션 ꔚ 전용주차,https://www.zigbang.com/home/apt/items/49953360
2026-08-12 05:21:38,원룸,49966437,월세,01,경기도 오산시 가장동,오산시,가장동,500,48,0,30,9.07,3,ㅣo믿음oㅣꕻㅣ가장동대장신축ㅣꕻㅣ.풀옵션.ㅣꕻㅣ,https://www.zigbang.com/home/apt/items/49966437
2026-08-12 05:21:38,원룸,50019305,월세,02,경기도 오산시 서동,오산시,서동,500,48,0,30,9.07,3,ㅣO믿음Oㅣꕻㅣ신.축.1.3룸ㅣꕻㅣ1.인.1.주.차.ㅣꕻㅣ,https://www.zigbang.com/home/apt/items/50019305
2026-08-12 05:21:38,원룸,50020909,월세,02,경기도 오산시 서동,오산시,서동,500,46,0,28,8.47,3,ㅣO믿음Oㅣꕻㅣ.신.축.주차편리.ㅣꕻㅣ.풀.옵.션.ㅣꕻㅣ,https://www.zigbang.com/home/apt/items/50020909
2026-08-12 05:21:38,원룸,50020929,월세,02,경기도 오산시 서동,오산시,서동,500,46,0,28,8.47,3,ㅣO믿음Oㅣꕻㅣ.신.축.1.5룸.ㅣꕻㅣ.풀.옵.션.ㅣꕻㅣ,https://www.zigbang.com/home/apt/items/50020929
2026-08-12 05:21:38,원룸,49630241,월세,01,경기도 화성시 효행구 정남면 문학리,화성시 효행구,정남면,2000,39,0,26.45,8.0,2,ㅁ신축원룸ㅁ주차편리ㅁ조용한원룸ㅁ,https://www.zigbang.com/home/apt/items/49630241
2026-08-12 05:21:38,원룸,49854753,월세,02,경기도 화성시 효행구 정남면 문학리,화성시 효행구,정남면,3000,45,0,39.67,12.0,4,ㅁ주차편리ㅁ신축1.5룸ㅁ특급옵션ㅁ,https://www.zigbang.com/home/apt/items/49854753
2026-08-12 05:21:38,원룸,50018717,월세,02,경기도 화성시 효행구 정남면 문학리,화성시 효행구,정남면,500,60,0,39.67,12.0,4,1.5룸특급옵션월세넓은테라스주차편리,https://www.zigbang.com/home/apt/items/50018717
2026-08-12 05:21:38,원룸,50018729,월세,02,경기도 화성시 효행구 정남면 문학리,화성시 효행구,정남면,1000,55,0,39.67,12.0,4,신축1.8룸넓은테라스주차걱정NO보증금조절가능,https://www.zigbang.com/home/apt/items/50018729
2026-08-12 05:21:39,원룸,50012318,월세,04,경기도 수원시 권선구 서둔동,수원시 권선구,서둔동,1000,110,0,125.62,38.0,6,"1층원룸2층원룸 , 분리되어있어 작업실 즉시입주",https://www.zigbang.com/home/apt/items/50012318
2026-08-12 05:21:39,원룸,50012338,월세,01,경기도 수원시 권선구 서둔동,수원시 권선구,서둔동,500,60,0,69.42,21.0,고,OO 7평형 잘빠진 원룸형 오피스텔.주차편리,https://www.zigbang.com/home/apt/items/50012338
2026-08-12 05:21:39,원룸,50012457,월세,05,경기도 수원시 권선구 고색동,수원시 권선구,고색동,2000,140,0,181.64,54.95,고,OO드레스룸 통돌이세탁기 냉장고 아파트형 오피스텔,https://www.zigbang.com/home/apt/items/50012457
2026-08-12 05:21:39,원룸,50012475,월세,05,경기도 수원시 권선구 고색동,수원시 권선구,고색동,1500,145,0,151,45.68,저,"아파트형구조.신혼부부,직장인 추천.깨끗하고 조용함.",https://www.zigbang.com/home/apt/items/50012475
2026-08-12 05:21:39,원룸,50012717,전세,05,경기도 수원시 권선구 고색동,수원시 권선구,고색동,33000,0,0,181.64,54.95,저,OO융자없는 조건임 집주인거주 냉장고 옵션이에요,https://www.zigbang.com/home/apt/items/50012717
2026-08-12 05:21:39,원룸,50016024,월세,05,경기도 수원시 권선구 고색동,수원시 권선구,고색동,1500,145,0,146.48,44.31,고,RR 완전풀옵 뻥뷰 보증금조정가능해요,https://www.zigbang.com/home/apt/items/50016024
2026-08-12 05:21:39,원룸,50018643,월세,05,경기도 수원시 권선구 서둔동,수원시 권선구,서둔동,2000,150,0,172.23,52.1,고,oO전입신고가능.수원역 3룸Oo대형가전 풀옵.몸만들어오세요,https://www.zigbang.com/home/apt/items/50018643
2026-08-12 05:21:40,원룸,50018482,월세,01,경기도 오산시 고현동,오산시,고현동,300,40,0,19,5.75,3,ꔪꔪㅡNEWㅡꔪꔪ즉시입주ꔪꔪ 풀옵션 원룸ꔪꔪ,https://www.zigbang.com/home/apt/items/50018482
2026-08-12 05:21:26,원룸,49979009,월세,02,충청남도 천안시 동남구 안서동,천안시 동남구,안서동,50,54,0,21.98,6.65,2,"백석대, 단국대,  단대병원이동편리, 백석삼거리초입",https://www.zigbang.com/home/apt/items/49979009
2026-08-12 05:21:26,원룸,49794088,전세,02,충청남도 천안시 서북구 부대동,천안시 서북구,부대동,8000,0,0,30,9.07,2,부대동 공주대 인근 투베이 전세,https://www.zigbang.com/home/apt/items/49794088
2026-08-12 05:21:26,원룸,49908489,월세,01,충청남도 천안시 서북구 신당동,천안시 서북구,신당동,30,30,0,25,7.56,1,"반연세, 연세 가능 공주대 도보 1분 원룸",https://www.zigbang.com/home/apt/items/49908489
2026-08-12 05:21:26,원룸,49967054,월세,01,충청남도 천안시 서북구 부대동,천안시 서북구,부대동,500,50,0,27.32,8.26,2,부대동 공주대 도보권 신축 풀옵션 분리형 원룸,https://www.zigbang.com/home/apt/items/49967054
2026-08-12 05:21:26,원룸,50010185,월세,02,충청남도 천안시 서북구 부대동,천안시 서북구,부대동,500,50,0,33,9.98,1,공주대 인근에서 제일 깨끗한집입니다.,https://www.zigbang.com/home/apt/items/50010185
2026-08-12 05:21:26,원룸,49915932,월세,02,충청남도 천안시 서북구 신당동,천안시 서북구,신당동,50,35,0,33.05,10.0,2,"연세, 반연세, 공주대도보3분",https://www.zigbang.com/home/apt/items/49915932
2026-08-12 05:21:41,원룸,49752886,월세,01,경기도 용인시 기흥구 상갈동,용인시 기흥구,상갈동,500,30,0,23.14,7.0,4,"앞트여 환함,깔끔하게입주준비해드려요..상갈역3분,",https://www.zigbang.com/home/apt/items/49752886
2026-08-12 05:21:41,원룸,49775121,월세,02,경기도 용인시 기흥구 보라동,용인시 기흥구,보라동,500,50,0,25.45,7.7,2,깔끔하고 방이 정말 넓은 분리형 원룸입니다.,https://www.zigbang.com/home/apt/items/49775121
2026-08-12 05:21:41,원룸,49862113,월세,02,경기도 용인시 기흥구 공세동,용인시 기흥구,공세동,4000,45,0,25,7.56,3,ㅁ청년ㅁ 신축느낌 1.5룸 I 빠른입주 I 주차OK,https://www.zigbang.com/home/apt/items/49862113
2026-08-12 05:21:41,원룸,49886586,월세,01,경기도 용인시 기흥구 상갈동,용인시 기흥구,상갈동,300,36,0,23.14,7.0,2,햇살좋은 베란다넓은집.500에34가능 상갈역5분,https://www.zigbang.com/home/apt/items/49886586
2026-08-12 05:21:41,원룸,49894485,월세,02,경기도 용인시 기흥구 보라동,용인시 기흥구,보라동,300,32,0,23.14,7.0,3,앞트여있어 환한집입니다.,https://www.zigbang.com/home/apt/items/49894485
2026-08-12 05:21:41,원룸,49985588,월세,02,경기도 용인시 기흥구 상갈동,용인시 기흥구,상갈동,500,37,0,26,7.86,3,올수리. 분리형원룸.상갈역5분,https://www.zigbang.com/home/apt/items/49985588
2026-08-12 05:21:41,원룸,49986028,월세,02,경기도 용인시 기흥구 상갈동,용인시 기흥구,상갈동,300,45,0,26.45,8.0,2,넉넉한사이즈..위치 구조 가격  옵션최상.,https://www.zigbang.com/home/apt/items/49986028
2026-08-12 05:21:41,원룸,49987378,월세,02,경기도 용인시 기흥구 상갈동,용인시 기흥구,상갈동,500,47,0,29.75,9.0,3,"상갈역초근접위치,넉넉한사이즈.깔끔A.",https://www.zigbang.com/home/apt/items/49987378
2026-08-12 05:21:41,원룸,49987437,월세,01,경기도 용인시 기흥구 상갈동,용인시 기흥구,상갈동,500,35,0,23.14,7.0,2,심플한 오픈형.상갈역5분,https://www.zigbang.com/home/apt/items/49987437
2026-08-12 05:21:41,원룸,50002549,월세,02,경기도 용인시 기흥구 보라동,용인시 기흥구,보라동,1000,45,0,27,8.17,1,해가 잘드는 1.5룸 월세입니다.,https://www.zigbang.com/home/apt/items/50002549
2026-08-12 05:21:41,원룸,50004871,월세,01,경기도 용인시 기흥구 보라동,용인시 기흥구,보라동,500,45,0,25,7.56,3,넓고 깨끗한 남향원룸입니다.,https://www.zigbang.com/home/apt/items/50004871
2026-08-12 05:21:41,원룸,50006056,월세,02,경기도 용인시 기흥구 공세동,용인시 기흥구,공세동,500,56,0,39.6,11.98,3,완벽분리 도배완료 융자 무 빠른 입주,https://www.zigbang.com/home/apt/items/50006056
2026-08-12 05:21:41,원룸,50011040,월세,01,경기도 용인시 기흥구 상갈동,용인시 기흥구,상갈동,500,35,0,26.45,8.0,2,심플한 오픈형으로 넓어요..상갈역 도보5분,https://www.zigbang.com/home/apt/items/50011040
2026-08-12 05:21:41,원룸,50020232,월세,01,경기도 용인시 기흥구 상갈동,용인시 기흥구,상갈동,300,34,0,23.14,7.0,2,"상갈역 5분거리,교통편리",https://www.zigbang.com/home/apt/items/50020232
2026-08-12 05:21:41,원룸,50023273,월세,01,경기도 용인시 기흥구 상갈동,용인시 기흥구,상갈동,300,28,0,26.45,8.0,반지하,깔끔A.1층같은반지층.상갈역5분,https://www.zigbang.com/home/apt/items/50023273
2026-08-12 05:21:42,원룸,49860645,월세,01,경기도 용인시 기흥구 중동,용인시 기흥구,중동,500,48,0,17.46,5.28,3,전입OK 신축급 컨디션 빠른입주협의,https://www.zigbang.com/home/apt/items/49860645
2026-08-12 05:21:42,원룸,50009487,월세,01,경기도 용인시 기흥구 중동,용인시 기흥구,중동,1500,50,0,29.75,9.0,3,초당역앞 풀옵션 오피스텔,https://www.zigbang.com/home/apt/items/50009487
2026-08-12 05:21:42,원룸,50009491,월세,01,경기도 용인시 기흥구 중동,용인시 기흥구,중동,2500,45,0,29.75,9.0,중,초당역앞 풀옵션 오피스텔 임대,https://www.zigbang.com/home/apt/items/50009491
2026-08-12 05:21:43,원룸,50024631,전세,02,세종시 조치원읍 침산리,,조치원읍,4000,0,0,23.14,7.0,2,丷NO.1丷 넓고 환한방 ꔛ 문화예술회관 인근,https://www.zigbang.com/home/apt/items/50024631
2026-08-12 05:21:43,원룸,50024677,월세,02,세종시 조치원읍 침산리,,조치원읍,200,30,0,23.14,7.0,3,丷NO.1丷 최강 컨디션 ꔛ 엘리베이터o,https://www.zigbang.com/home/apt/items/50024677
2026-08-12 05:21:43,원룸,50024853,월세,02,세종시 조치원읍 침산리,,조치원읍,200,32,0,26,7.86,2,위치좋은.엘베있는.깨끗한 원룸입니다.,https://www.zigbang.com/home/apt/items/50024853
2026-08-12 05:21:43,원룸,50025248,월세,01,세종시 조치원읍 침산리,,조치원읍,200,30,0,25,7.56,3,인기좋은 풀옵션원룸 깔끔한 주거공간 주차편함  바로입주,https://www.zigbang.com/home/apt/items/50025248
2026-08-12 05:21:43,원룸,50026007,월세,01,세종시 조치원읍 서창리,,조치원읍,100,30,0,23.14,7.0,2,넓고 관리가 잘되는 집,https://www.zigbang.com/home/apt/items/50026007
2026-08-12 05:21:43,원룸,50026206,월세,02,세종시 조치원읍 서창리,,조치원읍,5500,20,0,26.45,8.0,3,엘베ㅣ분리형ㅣ신축급 원룸 반전세,https://www.zigbang.com/home/apt/items/50026206
2026-08-12 05:21:43,원룸,50026859,월세,02,세종시 연서면 봉암리,,연서면,200,31,0,23.5,7.11,4,ꕃꕃ 1룸 ㅇㅇㅇ 침대옵션 ㅇㅇㅇ 즉시가능,https://www.zigbang.com/home/apt/items/50026859
2026-08-12 05:21:43,원룸,50026871,월세,02,세종시 연서면 봉암리,,연서면,200,32,0,23.5,7.11,4,ꕃꕃ 깔끔 1룸 ㅇ 즉시가능 ㅇ봉암 중심가,https://www.zigbang.com/home/apt/items/50026871
2026-08-12 05:21:43,원룸,50028054,월세,02,세종시 조치원읍 남리,,조치원읍,300,30,0,36,10.89,2,10평.상권편리.수납공간 여유롭고 조용한 넓은원룸,https://www.zigbang.com/home/apt/items/50028054
2026-08-12 05:21:43,원룸,50028136,전세,01,세종시 세종 조치원읍 원리,,조치원읍,4000,0,0,24,7.26,10,"조치원역에서 3분거리,깔끔 풀옵,즉시입주",https://www.zigbang.com/home/apt/items/50028136
2026-08-12 05:21:44,원룸,49831352,월세,02,충청북도 청주시 흥덕구 강내면 월곡리,청주시 흥덕구,강내면,300,35,0,29,8.77,3,"큰원룸 친구랑 같이 큰원룸, 학생 환영, 직장인 환영",https://www.zigbang.com/home/apt/items/49831352
2026-08-12 05:21:44,원룸,49843068,월세,02,충청북도 청주시 흥덕구 강내면 월곡리,청주시 흥덕구,강내면,1500,18,0,24,7.26,1,"충청대 정문앞, 오송, 청주, 오창, 직장인 출퇴근 최적",https://www.zigbang.com/home/apt/items/49843068
2026-08-12 05:21:44,원룸,49875258,월세,02,충청북도 청주시 흥덕구 강내면 월곡리,청주시 흥덕구,강내면,300,30,0,24,7.26,3,"최신트랜드 정남향 원룸, 충청대 후문위치, 오송, 오창인접",https://www.zigbang.com/home/apt/items/49875258
2026-08-12 05:21:44,원룸,49979274,월세,02,충청북도 청주시 흥덕구 강내면 월탄리,청주시 흥덕구,강내면,300,35,0,27.81,8.41,2,"ll 신축첫입주,단기가능 ll 투베이,풀옵션,주차가능",https://www.zigbang.com/home/apt/items/49979274
2026-08-12 05:21:44,원룸,49992936,월세,01,충청북도 청주시 흥덕구 강내면 월탄리,청주시 흥덕구,강내면,300,20,0,21,6.35,3,"ll 채광가득 ll 단기가능,풀옵션,주차가능,학생강추",https://www.zigbang.com/home/apt/items/49992936
2026-08-12 05:21:45,원룸,49834913,월세,02,충청남도 천안시 동남구 수신면 속창리,천안시 동남구,수신면,300,38,0,45,13.61,3,깔끔한 분리형 투베이 즉시입주가능 합니다.,https://www.zigbang.com/home/apt/items/49834913
2026-08-12 05:21:46,원룸,50024073,월세,01,충청북도 청주시 청원구 오창읍 양청리,청주시 청원구,오창읍,200,29,0,27,8.17,3,"햇살맛집,보면반할,러블리원룸,침대옵션,컨디션최상",https://www.zigbang.com/home/apt/items/50024073
2026-08-12 05:21:46,원룸,50024196,월세,01,충청북도 청주시 청원구 오창읍 양청리,청주시 청원구,오창읍,200,26,0,28,8.47,2,"대박깔끔 큰원룸,화이트인테리어,보면반할원픽",https://www.zigbang.com/home/apt/items/50024196
2026-08-12 05:21:46,원룸,50025759,월세,02,충청북도 청주시 청원구 오창읍 양청리,청주시 청원구,오창읍,300,35,0,40,12.1,1,좋은구조.밝고 환한 방.편리한  주변 주차 여건,https://www.zigbang.com/home/apt/items/50025759
2026-08-12 05:21:46,원룸,50028870,월세,02,충청북도 청주시 청원구 오창읍 양청리,청주시 청원구,오창읍,300,21,0,26.44,8.0,2,엘베있음 생명공학연구원인근 양청리,https://www.zigbang.com/home/apt/items/50028870
2026-08-12 05:21:46,원룸,50029210,월세,02,충청북도 청주시 청원구 오창읍 양청리,청주시 청원구,오창읍,200,21,0,27.12,8.2,1,전문관리 업체가 직접관리해주는 건물 분리형 원룸,https://www.zigbang.com/home/apt/items/50029210
2026-08-12 05:21:54,원룸,49759455,월세,02,충청남도 천안시 동남구 병천면 가전리,천안시 동남구,병천면,100,30,0,26.45,8.0,3,한기대 인근 가성비 아주좋은 주차장 널널 인터넷까지,https://www.zigbang.com/home/apt/items/49759455
2026-08-12 05:21:56,원룸,49900769,월세,01,충청북도 진천군 진천읍 장관리,진천군,진천읍,500,38,0,22.81,6.9,4,"번화가보다  아파트 단지 근처에 있어요,",https://www.zigbang.com/home/apt/items/49900769
2026-08-12 05:21:56,원룸,49884104,월세,02,충청북도 진천군 진천읍 교성리,진천군,진천읍,500,35,0,27,8.17,2,진천군청 앞 엘베有 테라스가 있는 신축급 투베이,https://www.zigbang.com/home/apt/items/49884104
2026-08-12 05:21:56,원룸,49900778,월세,01,충청북도 진천군 진천읍 교성리,진천군,진천읍,300,32,0,17,5.14,2,"우석대, 군청, 진천어린이집 인근 원룸이에요",https://www.zigbang.com/home/apt/items/49900778
2026-08-12 05:21:56,원룸,49922712,월세,02,충청북도 진천군 진천읍 교성리,진천군,진천읍,500,35,0,18.79,5.68,2,읍사무소 인근에 있는 분리형 원룸입니다.,https://www.zigbang.com/home/apt/items/49922712
2026-08-12 05:21:56,원룸,49957622,월세,01,충청북도 진천군 진천읍 교성리,진천군,진천읍,300,44,0,26.45,8.0,4,우석대 정문 근처 에 있는  도시가스되는 신축원룸입니다.,https://www.zigbang.com/home/apt/items/49957622
2026-08-12 05:21:56,원룸,49999845,월세,02,충청북도 진천군 진천읍 교성리,진천군,진천읍,500,36,0,24,7.26,2,"진천군청,우석대학교 인근 풀옵션원룸 엘베있음",https://www.zigbang.com/home/apt/items/49999845
2026-08-12 05:21:56,원룸,50005080,월세,02,충청북도 진천군 진천읍 교성리,진천군,진천읍,300,35,0,26.45,8.0,2,"우석대인근, 화랑공원 인근 원룸입니다.",https://www.zigbang.com/home/apt/items/50005080
2026-08-12 05:21:56,원룸,50003813,월세,02,충청북도 청주시 청원구 오창읍 장대리,청주시 청원구,오창읍,500,50,0,45,13.61,2,오창 신축급 투베이 풀옵션 엘리베이터,https://www.zigbang.com/home/apt/items/50003813
2026-08-12 05:21:57,원룸,49701299,월세,01,충청북도 증평군 증평읍 송산리,증평군,증평읍,300,40,0,30,9.07,2,조용하니 살기 좋은 깔끔한 원룸입니다.,https://www.zigbang.com/home/apt/items/49701299
2026-08-12 05:21:57,원룸,49800769,월세,02,충청북도 증평군 증평읍 증평리,증평군,증평읍,300,35,0,24,7.26,3,증평초중고 재래시장 군청의원등도보가능한 원룸,https://www.zigbang.com/home/apt/items/49800769
2026-08-12 05:21:57,원룸,49803451,월세,01,충청북도 증평군 증평읍 송산리,증평군,증평읍,300,30,0,33.9,10.25,3,"문의 많은 송산리 원룸ㅣ넓고 환한 화이트톤, 보강천뷰까지",https://www.zigbang.com/home/apt/items/49803451
2026-08-12 05:21:57,원룸,49945078,월세,02,충청북도 증평군 증평읍 송산리,증평군,증평읍,500,65,0,55,16.64,3,바로입주 가능한 아주 깔끔한 투룸 입니다.,https://www.zigbang.com/home/apt/items/49945078
2026-08-12 05:21:57,원룸,50008094,월세,01,충청북도 증평군 증평읍 송산리,증평군,증평읍,300,33,0,31.4,9.5,2,엘베완비ㅣ보안좋고 수납좋은 깔끔한 원룸,https://www.zigbang.com/home/apt/items/50008094
2026-08-12 05:21:57,원룸,50026204,월세,01,충청북도 증평군 증평읍 송산리,증평군,증평읍,300,40,0,30,9.07,2,바로 입주 가능한 깔끔한 원룸입니다.,https://www.zigbang.com/home/apt/items/50026204
2026-08-12 05:21:57,원룸,49403045,월세,02,충청북도 증평군 증평읍 증평리,증평군,증평읍,300,30,0,33.06,10.0,2,"시내권 풀옵션 원룸ㅣ엘베완비ㅣ증평역1분, 터미널10분컷",https://www.zigbang.com/home/apt/items/49403045
2026-08-12 05:21:57,원룸,49760317,월세,01,충청북도 증평군 증평읍 증평리,증평군,증평읍,300,32,0,33.06,10.0,3,시내인근ㅣ원룸월세ㅣ풀옵션 엘베완비ㅣ증평역.석미APT인근,https://www.zigbang.com/home/apt/items/49760317
2026-08-12 05:21:57,원룸,50013157,월세,01,충청북도 증평군 증평읍 초중리,증평군,증평읍,300,30,0,28.5,8.62,3,채광 좋은 풀옵션 원룸,https://www.zigbang.com/home/apt/items/50013157
2026-08-12 05:21:57,원룸,50013169,월세,01,충청북도 증평군 증평읍 초중리,증평군,증평읍,300,30,0,29.75,9.0,4,신축 풀옵션 원룸,https://www.zigbang.com/home/apt/items/50013169
2026-08-12 05:21:57,원룸,50013773,월세,01,충청북도 증평군 증평읍 초중리,증평군,증평읍,300,30,0,33.06,10.0,4,테라스가 있는 풀옵션 원룸,https://www.zigbang.com/home/apt/items/50013773
2026-08-12 05:21:57,원룸,50014720,월세,01,충청북도 증평군 증평읍 초중리,증평군,증평읍,300,29,0,33.06,10.0,3,신축 풀옵션 깔끔한 원룸,https://www.zigbang.com/home/apt/items/50014720
2026-08-12 05:21:57,원룸,50014741,월세,02,충청북도 증평군 증평읍 초중리,증평군,증평읍,100,35,0,26.45,8.0,3,신축 엘레베이터 있는 깔끔한 원룸,https://www.zigbang.com/home/apt/items/50014741
2026-08-12 05:21:57,원룸,49900740,월세,01,충청북도 진천군 진천읍 교성리,진천군,진천읍,500,37,0,15.2,4.6,2,"우석대, 성당인근 도시가스되며, 엘레베이터 있는 원룸입니다",https://www.zigbang.com/home/apt/items/49900740
2026-08-12 05:21:57,원룸,49900783,월세,02,충청북도 진천군 진천읍 신정리,진천군,진천읍,300,30,0,19.83,6.0,2,우석대 인근 원룸입니다.,https://www.zigbang.com/home/apt/items/49900783
2026-08-12 05:21:57,원룸,49900829,월세,01,충청북도 진천군 진천읍 신정리,진천군,진천읍,500,34,0,15.37,4.65,2,진천고등학교 인근 에 있는 베란다 분리된 원룸입니다.,https://www.zigbang.com/home/apt/items/49900829
2026-08-12 05:21:57,원룸,49900839,월세,02,충청북도 진천군 진천읍 교성리,진천군,진천읍,300,35,0,16.53,5.0,2,"우석대, 성당 인근 원룸입니다.",https://www.zigbang.com/home/apt/items/49900839
2026-08-12 05:21:57,원룸,50004982,월세,02,충청북도 진천군 진천읍 교성리,진천군,진천읍,500,37,0,13.5,4.08,5,"우석대, 화랑공원 인근 도시가스 되고, 엘레베이터 있는원룸",https://www.zigbang.com/home/apt/items/50004982
2026-08-12 05:21:57,원룸,49876584,월세,02,충청북도 진천군 덕산읍 산수리,진천군,덕산읍,200,28,0,23.14,7.0,4,"도배새로  풀 옵션,",https://www.zigbang.com/home/apt/items/49876584
2026-08-12 05:21:57,원룸,49876610,월세,02,충청북도 진천군 덕산읍 산수리,진천군,덕산읍,200,35,0,39.67,12.0,3,산단안 풀옵션3층,https://www.zigbang.com/home/apt/items/49876610
2026-08-12 05:21:57,원룸,49930058,월세,02,충청북도 진천군 덕산읍 산수리,진천군,덕산읍,200,28,0,26.45,8.0,2,"산단안 풀 옵션 원룸 주차 편리, 침대무",https://www.zigbang.com/home/apt/items/49930058
2026-08-12 05:21:57,원룸,49930214,월세,02,충청북도 진천군 덕산읍 산수리,진천군,덕산읍,200,30,0,23.14,7.0,2,산단안 풀 옵션 원룸,https://www.zigbang.com/home/apt/items/49930214
2026-08-12 05:21:57,원룸,49978186,월세,02,충청북도 진천군 이월면 중산리,진천군,이월면,300,32,0,26.45,8.0,2,대형주차 편리하며 엘베유 조용.1.룸 환해요,https://www.zigbang.com/home/apt/items/49978186
2026-08-12 05:21:58,원룸,49716003,월세,01,충청북도 음성군 맹동면 두성리,음성군,맹동면,500,55,0,55.17,16.69,6,발코니 및어닝설치  추천  남향 제일선호 침대o 전입신고x,https://www.zigbang.com/home/apt/items/49716003
2026-08-12 05:21:58,원룸,49767953,월세,01,충청북도 음성군 맹동면 두성리,음성군,맹동면,300,50,0,36.06,10.91,8,신축으로  첫입주 동향 . 1층 2층 주차장 단기임대가능,https://www.zigbang.com/home/apt/items/49767953
2026-08-12 05:21:58,원룸,49939594,월세,01,충청북도 진천군 덕산읍 두촌리,진천군,덕산읍,300,35,0,23,6.96,2,쉐어룸 입니다 여성분만 가능하세요  반려동물및 흡연금지,https://www.zigbang.com/home/apt/items/49939594
2026-08-12 05:21:58,원룸,49949034,월세,01,충청북도 음성군 맹동면 두성리,음성군,맹동면,300,50,0,36.05,10.91,8,신축  인기 많은  매물  중심 상권 인접,https://www.zigbang.com/home/apt/items/49949034
2026-08-12 05:21:58,원룸,49949285,월세,01,충청북도 음성군 맹동면 두성리,음성군,맹동면,300,50,0,36.54,11.05,4,위치  한국소지바원 바로 뒤 위치,https://www.zigbang.com/home/apt/items/49949285
2026-08-12 05:21:58,원룸,49954415,월세,02,충청북도 음성군 맹동면 두성리,음성군,맹동면,300,45,0,36.05,10.91,2,주변 상권 풍부  터미널 인접   급매물,https://www.zigbang.com/home/apt/items/49954415
2026-08-12 05:21:58,원룸,50014412,월세,01,충청북도 음성군 맹동면 두성리,음성군,맹동면,300,45,0,36.05,10.91,9,한국가스안전공사 바로 뒤에 위치,https://www.zigbang.com/home/apt/items/50014412
2026-08-12 05:21:58,원룸,50017587,월세,01,충청북도 음성군 맹동면 두성리,음성군,맹동면,300,55,0,57.58,17.42,고,탁트인 조망  산뷰  인기 많은 저렴한 오피스텔 전입신고x,https://www.zigbang.com/home/apt/items/50017587
2026-08-12 05:22:03,원룸,49844548,월세,02,충청북도 진천군 광혜원면 죽현리,진천군,광혜원면,500,33,0,23.14,7.0,2,신축 농공단지 인접 엘베OK,https://www.zigbang.com/home/apt/items/49844548
2026-08-12 05:22:03,원룸,49951666,월세,02,충청북도 진천군 이월면 송림리,진천군,이월면,500,46,0,36.36,11.0,4,진천테크노폴리스 인근 신축 투베이 1.5룸 풀옵션,https://www.zigbang.com/home/apt/items/49951666
2026-08-12 05:22:03,원룸,49691471,월세,01,경기도 안성시 구포동,안성시,구포동,500,60,0,26.44,8.0,1,ꔚ구포동ꔚ풀옵션 원룸ꔚ,https://www.zigbang.com/home/apt/items/49691471
2026-08-12 05:22:03,원룸,49738606,월세,01,경기도 안성시 구포동,안성시,구포동,500,60,0,21.82,6.6,1,"o우리o 시내 구포동, 풀옵션 원룸 1층",https://www.zigbang.com/home/apt/items/49738606
2026-08-12 05:22:03,원룸,49849708,전세,01,경기도 안성시 명륜동,안성시,명륜동,5000,0,0,23.2,7.02,2,ꔚ명륜동ꔚ원룸전세ꔚ방넓고 깔끔해요ꔚ,https://www.zigbang.com/home/apt/items/49849708
2026-08-12 05:22:03,원룸,49876523,전세,02,경기도 안성시 도기동,안성시,도기동,7000,0,0,49.6,15.0,4,O우리O 인지사거리 인근 안성천변 풀옵션 1.5룸 전세,https://www.zigbang.com/home/apt/items/49876523
2026-08-12 05:22:03,원룸,49925954,월세,01,경기도 안성시 명륜동,안성시,명륜동,300,42,0,23.14,7.0,3,"O우리O 안법고 안성초 인근 풀옵션 원룸, 9월초 입주가능",https://www.zigbang.com/home/apt/items/49925954
2026-08-12 05:22:03,원룸,49995290,월세,02,경기도 안성시 봉산동,안성시,봉산동,300,45,0,33,9.98,2,8.16 입주가능ꔚ봉산로타리인근ꔚ넓은 1.5룸월세ꔚ,https://www.zigbang.com/home/apt/items/49995290
2026-08-12 05:22:03,원룸,50006627,월세,01,경기도 안성시 숭인동,안성시,숭인동,500,45,0,23.14,7.0,2,"O우리O 안성초인근, 주방분리 풀옵션",https://www.zigbang.com/home/apt/items/50006627
2026-08-12 05:22:03,원룸,49930242,월세,02,충청북도 진천군 이월면 신월리,진천군,이월면,300,33,0,33.06,10.0,1,풀 옵션 시골 전원주택 분위기 이며 1층에 1층,https://www.zigbang.com/home/apt/items/49930242
2026-08-12 05:22:03,원룸,49793658,월세,02,충청북도 음성군 대소읍 오류리,음성군,대소읍,300,33,0,24.5,7.41,2,저렴하면서 채광좋은.풀옵션원룸.대풍물류단지.대풍산단인근위치,https://www.zigbang.com/home/apt/items/49793658
2026-08-12 05:22:03,원룸,49845007,월세,01,충청북도 음성군 대소읍 오류리,음성군,대소읍,300,30,0,25,7.56,4,대소 유통단지 인근 풀옵션 원룸 즉시입주가능,https://www.zigbang.com/home/apt/items/49845007
2026-08-12 05:22:03,원룸,49926218,월세,01,충청북도 음성군 대소읍 오류리,음성군,대소읍,300,30,0,18,5.44,3,깔끔하고.저렴한.원룸월세.음성물류단지 앞,https://www.zigbang.com/home/apt/items/49926218
2026-08-12 05:22:03,원룸,49947569,월세,01,충청북도 음성군 대소읍 오류리,음성군,대소읍,200,28,0,20,6.05,4,대소 유통단지 인근 풀옵션 원룸,https://www.zigbang.com/home/apt/items/49947569
2026-08-12 05:22:03,원룸,49950937,월세,01,충청북도 음성군 대소읍 오류리,음성군,대소읍,300,30,0,18.18,5.5,4,저렴하면서 깔끔한 가성비높은 EV있는 풀옵션원룸,https://www.zigbang.com/home/apt/items/49950937
2026-08-12 05:22:03,원룸,49951181,월세,02,충청북도 음성군 대소읍 오류리,음성군,대소읍,500,50,0,40,12.1,5,경제적인도시가스난방.거실별도갖춘.투베이.주차편리.승강기,https://www.zigbang.com/home/apt/items/49951181
2026-08-12 05:22:03,원룸,50018307,월세,02,충청북도 음성군 대소읍 오류리,음성군,대소읍,300,34,0,24,7.26,4,"대소ic인근 ,유통지구 앞 풀옵션 원룸 엘베유",https://www.zigbang.com/home/apt/items/50018307
2026-08-12 05:22:03,원룸,50029179,월세,01,충청북도 음성군 대소읍 오류리,음성군,대소읍,300,33,0,20,6.05,4,저렴한.투베이월세.거실갖춘.풀옵션.음성물류단지위치.,https://www.zigbang.com/home/apt/items/50029179
2026-08-12 05:22:03,원룸,49214776,월세,02,충청북도 진천군 덕산읍 신척리,진천군,덕산읍,500,49,0,39.43,11.93,10,특가 도시가스 투베이형 넓다,https://www.zigbang.com/home/apt/items/49214776
2026-08-12 05:22:03,원룸,49214786,월세,02,충청북도 진천군 덕산읍 신척리,진천군,덕산읍,500,49,0,39.43,11.93,8,"넓고 좋다 거실1,방1 시스템에어컨",https://www.zigbang.com/home/apt/items/49214786
2026-08-12 05:22:03,원룸,49253432,월세,02,충청북도 진천군 덕산읍 신척리,진천군,덕산읍,500,49,0,39.43,11.93,9,"이벤트 확인 필. 첫입주 거실1, 방1, 화장실2 월세",https://www.zigbang.com/home/apt/items/49253432
2026-08-12 05:22:03,원룸,49884128,월세,02,충청북도 진천군 덕산읍 신척리,진천군,덕산읍,500,49,0,39.43,11.93,3,방1 거실1 화장실2 천정형에어컨2 신축 월세 첫입주,https://www.zigbang.com/home/apt/items/49884128
2026-08-12 05:22:03,원룸,50000757,월세,02,충청북도 진천군 덕산읍 신척리,진천군,덕산읍,300,30,0,26,7.86,2,신척저수지 인근 신축원룸 월세 풀옵션 즉시입주가능,https://www.zigbang.com/home/apt/items/50000757
2026-08-12 05:22:03,원룸,47998100,월세,02,충청북도 음성군 금왕읍 본대리,음성군,금왕읍,300,45,0,29.75,9.0,4,넓직하게 쓰고 싶으면 여기 투베이 월세,https://www.zigbang.com/home/apt/items/47998100
2026-08-12 05:22:03,원룸,49316676,월세,02,충청북도 음성군 금왕읍 본대리,음성군,금왕읍,300,37,0,24,7.26,3,최신축 원룸 월세,https://www.zigbang.com/home/apt/items/49316676
2026-08-12 05:22:03,원룸,49316797,월세,02,충청북도 음성군 금왕읍 본대리,음성군,금왕읍,300,37,0,24,7.26,4,신축급 풀옵션 원룸입니다,https://www.zigbang.com/home/apt/items/49316797
2026-08-12 05:22:03,원룸,49317141,월세,02,충청북도 음성군 금왕읍 본대리,음성군,금왕읍,300,37,0,24,7.26,4,깔끔하고 넓은 원룸은 여기 추천합니다.,https://www.zigbang.com/home/apt/items/49317141
2026-08-12 05:22:03,원룸,49617249,월세,02,충청북도 음성군 금왕읍 본대리,음성군,금왕읍,300,33,0,23.14,7.0,4,탁 트인 뷰. 원룸 월세,https://www.zigbang.com/home/apt/items/49617249
2026-08-12 05:22:03,원룸,49810815,월세,02,충청북도 음성군 금왕읍 본대리,음성군,금왕읍,300,45,0,39.67,12.0,2,두 명도 넓게 쓰기 좋은 투베이 월세,https://www.zigbang.com/home/apt/items/49810815
2026-08-12 05:22:03,원룸,49810994,월세,02,충청북도 음성군 금왕읍 본대리,음성군,금왕읍,300,35,0,23.14,7.0,3,초가성비 최신축 풀옵션 원룸 월세,https://www.zigbang.com/home/apt/items/49810994
2026-08-12 05:22:03,원룸,49842788,월세,02,충청북도 음성군 금왕읍 본대리,음성군,금왕읍,300,40,0,28,8.47,2,실물깡패 풀옵션 투베이에요,https://www.zigbang.com/home/apt/items/49842788
2026-08-12 05:22:03,원룸,49842814,월세,02,충청북도 음성군 금왕읍 본대리,음성군,금왕읍,300,37,0,24,7.26,3,로얄층에 조망까지 굿 깨끗한 풀옵션원룸,https://www.zigbang.com/home/apt/items/49842814
2026-08-12 05:22:03,원룸,49900580,월세,02,충청북도 음성군 금왕읍 본대리,음성군,금왕읍,300,37,0,24,7.26,2,컨디션 좋고 깨끗한 준신축 원룸이에요..,https://www.zigbang.com/home/apt/items/49900580
2026-08-12 05:22:03,원룸,49933581,월세,02,충청북도 음성군 금왕읍 본대리,음성군,금왕읍,300,45,0,26.44,8.0,2,신축 투베이 월세 있어요,https://www.zigbang.com/home/apt/items/49933581
2026-08-12 05:22:03,원룸,49933840,월세,02,충청북도 음성군 금왕읍 본대리,음성군,금왕읍,300,37,0,19.83,6.0,4,몸만 오면 되는 풀옵션 원룸 월세,https://www.zigbang.com/home/apt/items/49933840
2026-08-12 05:22:03,원룸,49955547,월세,01,충청북도 음성군 대소읍 태생리,음성군,대소읍,200,29,0,13.3,4.02,3,깨끗하고 가성비 좋은 원룸임.,https://www.zigbang.com/home/apt/items/49955547
2026-08-12 05:22:03,원룸,50010967,월세,02,충청북도 음성군 금왕읍 본대리,음성군,금왕읍,300,45,0,33,9.98,4,동향의 햇살좋은 풀옵션투베이 에어컨2대,https://www.zigbang.com/home/apt/items/50010967
2026-08-12 05:22:04,원룸,49461834,월세,02,충청북도 음성군 맹동면 쌍정리,음성군,맹동면,500,40,0,26.45,8.0,3,굿인테리어 원룸  요기요기,https://www.zigbang.com/home/apt/items/49461834
2026-08-12 05:22:04,원룸,49765981,월세,02,충청북도 음성군 맹동면 쌍정리,음성군,맹동면,300,43,0,26.45,8.0,4,넓고 신축급 엘베있으요,https://www.zigbang.com/home/apt/items/49765981
2026-08-12 05:22:04,원룸,49842770,월세,02,충청북도 음성군 맹동면 쌍정리,음성군,맹동면,500,40,0,26.45,8.0,4,"관리 굿 ,상태 굿 ,층간소음 노노 풀옵션원룸 엘베유",https://www.zigbang.com/home/apt/items/49842770
2026-08-12 05:22:04,원룸,49914974,월세,02,충청북도 음성군 맹동면 쌍정리,음성군,맹동면,2000,15,0,19,5.75,2,맹동산단 인근 채광좋고 부담없는 원룸 반전세,https://www.zigbang.com/home/apt/items/49914974
2026-08-12 05:22:04,원룸,49960123,월세,01,충청북도 음성군 맹동면 본성리,음성군,맹동면,300,35,0,21,6.35,3,충북혁신도시  도보 10분출근가능   즉시입주,https://www.zigbang.com/home/apt/items/49960123
2026-08-12 05:22:04,원룸,50010718,월세,02,충청북도 음성군 맹동면 쌍정리,음성군,맹동면,300,40,0,25,7.56,4,엄청 넓고 깔끔한 풀옵션원룸 엘베있어요......,https://www.zigbang.com/home/apt/items/50010718
2026-08-12 05:22:04,원룸,50016954,월세,02,충청북도 음성군 맹동면 본성리,음성군,맹동면,300,32,0,23.14,7.0,4,동성초 인근 신축원룸 풀옵션 월세,https://www.zigbang.com/home/apt/items/50016954
2026-08-12 05:22:04,원룸,50023494,월세,02,충청북도 음성군 맹동면 쌍정리,음성군,맹동면,300,40,0,27,8.17,3,깔끔하고 넓은 신축원룸 풀옵션 월세 즉시입주가능,https://www.zigbang.com/home/apt/items/50023494
2026-08-12 05:22:04,원룸,50023518,월세,02,충청북도 음성군 맹동면 쌍정리,음성군,맹동면,200,32,0,26,7.86,2,유촌산단 인근 준신축원룸 월세 풀옵션,https://www.zigbang.com/home/apt/items/50023518
2026-08-12 05:22:04,원룸,49922002,월세,02,충청북도 음성군 삼성면 덕정리,음성군,삼성면,300,37,0,26,7.86,3,삼성면 덕정리 깔끔한 신축원룸 월세 풀옵션 즉시입주가능,https://www.zigbang.com/home/apt/items/49922002
2026-08-12 05:22:04,원룸,49316782,월세,02,충청북도 음성군 금왕읍 본대리,음성군,금왕읍,300,37,0,24,7.26,3,풀옵션 원룸 월세 여기에요,https://www.zigbang.com/home/apt/items/49316782
2026-08-12 05:22:04,원룸,49401270,월세,02,충청북도 음성군 금왕읍 본대리,음성군,금왕읍,300,40,0,33.06,10.0,3,혼자 살기 넉넉한 1.5룸 월세,https://www.zigbang.com/home/apt/items/49401270
2026-08-12 05:22:04,원룸,49614313,월세,02,충청북도 음성군 금왕읍 본대리,음성군,금왕읍,300,40,0,26.44,8.0,4,남향이라 해 잘드는 1.5룸,https://www.zigbang.com/home/apt/items/49614313
2026-08-12 05:22:04,원룸,49617232,월세,02,충청북도 음성군 금왕읍 본대리,음성군,금왕읍,500,42,0,33.06,10.0,4,"남향이라 해 잘들고, 가전 좋은 투베이",https://www.zigbang.com/home/apt/items/49617232
2026-08-12 05:22:04,원룸,49810892,월세,02,충청북도 음성군 금왕읍 본대리,음성군,금왕읍,500,56,0,42.97,13.0,2,성본산단 3분 신축 투룸 월세. 풀옵션,https://www.zigbang.com/home/apt/items/49810892
2026-08-12 05:22:04,원룸,49842724,월세,02,충청북도 음성군 금왕읍 본대리,음성군,금왕읍,500,42,0,33,9.98,4,햇살 좋은 남향의 풀옵션 투베이,https://www.zigbang.com/home/apt/items/49842724
2026-08-12 05:22:04,원룸,49842738,월세,02,충청북도 음성군 금왕읍 본대리,음성군,금왕읍,300,45,0,33,9.98,3,"컨디션 굿, 사이즈 굿 , 깨끗한 풀옵션 투베이",https://www.zigbang.com/home/apt/items/49842738
2026-08-12 05:22:04,원룸,49924715,월세,02,충청북도 음성군 금왕읍 오선리,음성군,금왕읍,300,50,0,30,9.07,4,"원칙을 지키는 중개, 바른부동산",https://www.zigbang.com/home/apt/items/49924715
2026-08-12 05:22:04,원룸,49933590,월세,02,충청북도 음성군 금왕읍 본대리,음성군,금왕읍,300,45,0,33.06,10.0,3,"신축 투베이. 성본산단 3분, 풀옵션",https://www.zigbang.com/home/apt/items/49933590
2026-08-12 05:22:04,원룸,49933625,월세,02,충청북도 음성군 금왕읍 본대리,음성군,금왕읍,300,45,0,33.06,10.0,3,두명쓰기도 넉넉하고 해 잘드는 풀옵션 투베이 월세,https://www.zigbang.com/home/apt/items/49933625
2026-08-12 05:22:04,원룸,49924752,월세,02,충청북도 음성군 금왕읍 각회리,음성군,금왕읍,500,55,0,68,20.57,2,"원칙을 지키는 중개, 바른부동산",https://www.zigbang.com/home/apt/items/49924752
2026-08-12 05:22:05,원룸,49914785,월세,02,경기도 용인시 처인구 원삼면 죽능리,용인시 처인구,원삼면,500,100,0,23.2,7.02,1,ㅇ즉시입주ㅇSK현장 차5분ㅇ신축 풀옵션 분리형 원룸ㅇ주차ㅇ,https://www.zigbang.com/home/apt/items/49914785
2026-08-12 05:22:05,원룸,50026799,월세,01,경기도 용인시 처인구 백암면 근창리,용인시 처인구,백암면,300,60,0,23,6.96,2,원삼 하이닉스 셔틀도보 5분거리 풀옵션 원룸,https://www.zigbang.com/home/apt/items/50026799
2026-08-12 05:22:05,원룸,50027399,월세,01,경기도 용인시 처인구 백암면 백봉리,용인시 처인구,백암면,500,55,0,23,6.96,2,원삼 셔틀 도보 15분거리 풀옵션 저렴한 원룸 월세,https://www.zigbang.com/home/apt/items/50027399
2026-08-12 05:22:05,원룸,50022643,월세,01,경기도 용인시 처인구 원삼면 독성리,용인시 처인구,원삼면,500,120,0,20,6.05,2,ㅇ26호실 일괄임대ㅇ현장 바로 앞ㅇ풀옵션 신축 원룸ㅇ,https://www.zigbang.com/home/apt/items/50022643
2026-08-12 05:22:05,원룸,49914693,월세,01,경기도 용인시 처인구 원삼면 사암리,용인시 처인구,원삼면,500,90,0,25,7.56,3,원삼sk 셔틀버스 도보가능한 신축 풀옵 원룸입니다,https://www.zigbang.com/home/apt/items/49914693
2026-08-12 05:22:05,원룸,49968840,월세,01,경기도 용인시 처인구 원삼면 사암리,용인시 처인구,원삼면,500,90,0,23.2,7.02,2,ㅇ빠른입주ㅇSK현장 차5분ㅇ신축급 풀옵션 원룸ㅇ주차ㅇ엘베ㅇ,https://www.zigbang.com/home/apt/items/49968840
2026-08-12 05:22:05,원룸,50025329,월세,01,경기도 용인시 처인구 백암면 가창리,용인시 처인구,백암면,105,35,0,20,6.05,1,원삼 하이닉스 자차 13분거리 풀옵션 초저렴 즉시입주가능,https://www.zigbang.com/home/apt/items/50025329
2026-08-12 05:22:06,원룸,49738435,월세,01,경기도 이천시 마장면 이치리,이천시,마장면,300,50,0,21,6.35,2,즉시입주  풀옵션  엘베 유  회사환영,https://www.zigbang.com/home/apt/items/49738435
2026-08-12 05:22:06,원룸,49966695,월세,01,경기도 이천시 마장면 오천리,이천시,마장면,300,40,0,21,6.35,4,오천리  마장신도시  인근 풀옵션  즉시입주,https://www.zigbang.com/home/apt/items/49966695
2026-08-12 05:22:06,원룸,49718492,월세,02,경기도 이천시 호법면 안평리,이천시,호법면,500,50,0,33,9.98,3,빠른 입주 풀옵션   엘리베이터 유,https://www.zigbang.com/home/apt/items/49718492
2026-08-12 05:22:06,원룸,49767669,월세,02,경기도 이천시 호법면 후안리,이천시,호법면,3000,30,0,33.06,10.0,4,나이키물류센터 인근. 빠른 협의 입주 가능한 1.5룸 월세,https://www.zigbang.com/home/apt/items/49767669
2026-08-12 05:22:06,원룸,49780729,월세,02,경기도 이천시 호법면 후안리,이천시,호법면,3000,30,0,33,9.98,4,1.5룸 나이키 물류센터 인근 엄청넓음,https://www.zigbang.com/home/apt/items/49780729
2026-08-12 05:22:06,원룸,49885059,전세,02,경기도 이천시 호법면 후안리,이천시,호법면,6500,0,0,34,10.28,4,"호법 나이키물류인근, 거실넓은 1.5룸",https://www.zigbang.com/home/apt/items/49885059
2026-08-12 05:22:06,원룸,49885206,전세,02,경기도 이천시 호법면 후안리,이천시,호법면,6500,0,0,33.06,10.0,4,나이키 물류센터 인근. 넓은 1.5룸 전세 매물입니다,https://www.zigbang.com/home/apt/items/49885206
2026-08-12 05:22:06,원룸,49927109,월세,02,경기도 이천시 호법면 후안리,이천시,호법면,1000,52,0,33.06,10.0,3,넓은1.5룸 완전에이스매물,https://www.zigbang.com/home/apt/items/49927109
2026-08-12 05:22:06,원룸,49927185,월세,01,경기도 이천시 증일동,이천시,증일동,300,40,0,26.44,8.0,3,"증일동 저렴하고 주차편한 원룸월세, 즉시입주가능",https://www.zigbang.com/home/apt/items/49927185
2026-08-12 05:22:06,원룸,49941341,월세,02,경기도 이천시 호법면 안평리,이천시,호법면,500,42,0,26.4,7.99,4,깨끗한 분리형 원룸,https://www.zigbang.com/home/apt/items/49941341
2026-08-12 05:22:06,원룸,49744194,전세,02,경기도 이천시 대월면 사동리,이천시,대월면,5000,0,0,23.14,7.0,2,사동리 빠른협의입주 가능한 풀옵션 원룸. 전세자금대출동의,https://www.zigbang.com/home/apt/items/49744194
2026-08-12 05:22:06,원룸,49800142,월세,02,경기도 이천시 대월면 사동리,이천시,대월면,3000,24,0,24.19,7.32,3,SK하이닉스 도보 출퇴근 가능한 풀옵션 원룸 반전세,https://www.zigbang.com/home/apt/items/49800142
2026-08-12 05:22:06,원룸,49863398,전세,02,경기도 이천시 대월면 사동리,이천시,대월면,5000,0,0,24.19,7.32,4,"SK하이닉스 인근 풀옵션 원룸. 반전세매물, 전세도 가능",https://www.zigbang.com/home/apt/items/49863398
2026-08-12 05:22:06,원룸,50000715,월세,02,경기도 이천시 대월면 사동리,이천시,대월면,500,50,0,27.99,8.47,3,"9월1일 입주 가능, 풀옵션 원룸, SK하이닉스 도보가능",https://www.zigbang.com/home/apt/items/50000715
2026-08-12 05:22:06,원룸,50021211,월세,02,경기도 이천시 대월면 사동리,이천시,대월면,500,53,0,33.06,10.0,3,1.5룸 신축 깔끔하고 넓은 풀옵션,https://www.zigbang.com/home/apt/items/50021211
2026-08-12 05:22:06,원룸,50026134,월세,02,경기도 이천시 대월면 사동리,이천시,대월면,500,47,0,24.57,7.43,2,하이닉스 도보 가능한   분리형 원룸 월세,https://www.zigbang.com/home/apt/items/50026134
2026-08-12 05:22:06,원룸,49784796,전세,02,경기도 여주시 가남읍 태평리,여주시,가남읍,5000,0,0,27.6,8.35,3,가남 태평리 시내권에 속한 즉시 입주 가능한 1.5룸,https://www.zigbang.com/home/apt/items/49784796
2026-08-12 05:22:06,원룸,49921975,전세,02,경기도 여주시 가남읍 태평리,여주시,가남읍,5000,0,0,28,8.47,3,태평리 풀옵션 1.5룸 전세,https://www.zigbang.com/home/apt/items/49921975
2026-08-12 05:22:06,원룸,49945747,전세,02,경기도 여주시 가남읍 태평리,여주시,가남읍,5400,0,0,23.85,7.21,3,전세금대출가능한  풀옵션 분리형 원룸,https://www.zigbang.com/home/apt/items/49945747
2026-08-12 05:22:06,원룸,49865944,월세,01,경기도 여주시 연라동,여주시,연라동,300,30,0,23.14,7.0,4,작지만 옵션 잘되어있고 깨끗함,https://www.zigbang.com/home/apt/items/49865944
2026-08-12 05:22:07,원룸,49823732,전세,02,충청북도 음성군 음성읍 읍내리,음성군,음성읍,4500,0,0,39.67,12.0,3,방넓은 1.5룸 반전세.월세 가능함 보증금조율가능,https://www.zigbang.com/home/apt/items/49823732
2026-08-12 05:22:08,원룸,49987769,월세,02,충청북도 충주시 호암동,충주시,호암동,500,71,0,50.32,15.22,4,"ㄴ개별 테라스 신축 1년이내, 넓은 투베이ㄱ",https://www.zigbang.com/home/apt/items/49987769
2026-08-12 05:22:08,원룸,49848533,월세,01,충청북도 충주시 대소원면 완오리,충주시,대소원면,300,35,0,23.14,7.0,5,"첨단지역 도보 출근 가능 지역, 즉시 입주 가능",https://www.zigbang.com/home/apt/items/49848533
2026-08-12 05:22:08,원룸,49885249,월세,02,충청북도 충주시 용두동,충주시,용두동,100,30,0,23,6.96,1,"교통대앞,풀옵션,즉시입주",https://www.zigbang.com/home/apt/items/49885249
2026-08-12 05:22:08,원룸,49937028,전세,01,충청북도 충주시 대소원면 완오리,충주시,대소원면,3675,0,0,21.24,6.43,6,보증보험 가입 원룸입니다. 테라스가 있습니다.,https://www.zigbang.com/home/apt/items/49937028
2026-08-12 05:22:08,원룸,50004969,월세,02,충청북도 충주시 대소원면 완오리,충주시,대소원면,300,33,0,16.72,5.06,4,유한킴벌리 앞 풀옵션 원룸 월세입니다.,https://www.zigbang.com/home/apt/items/50004969
2026-08-12 05:22:08,원룸,49558601,월세,01,충청북도 충주시 호암동,충주시,호암동,630,55,0,31.37,9.49,2,ㄴ호암동 굿인테리어 투베이급ㄱ,https://www.zigbang.com/home/apt/items/49558601
2026-08-12 05:22:08,원룸,49806686,월세,02,충청북도 충주시 호암동,충주시,호암동,1000,36,0,23.14,7.0,2,예쁜오피스텔형원룸,https://www.zigbang.com/home/apt/items/49806686
2026-08-12 05:22:08,원룸,49845399,월세,02,충청북도 충주시 호암동,충주시,호암동,1000,71,0,31.64,9.57,3,ㄴ파우더룸 따로 있는 넓은 호암동 신축ㄱ,https://www.zigbang.com/home/apt/items/49845399
2026-08-12 05:22:08,원룸,49870724,월세,02,충청북도 충주시 호암동,충주시,호암동,1000,71,0,31.64,9.57,3,"호암지구, 남향 풀옵션 투베이, 조용한 주택가, 슬세권",https://www.zigbang.com/home/apt/items/49870724
2026-08-12 05:22:08,원룸,49882798,월세,01,충청북도 충주시 호암동,충주시,호암동,500,55,0,29.37,8.88,3,"호암동 신도심의 편리함,햇살 가득 남향",https://www.zigbang.com/home/apt/items/49882798
2026-08-12 05:22:08,원룸,49923047,월세,02,충청북도 충주시 호암동,충주시,호암동,500,56,0,35.38,10.7,2,호암동 버거킹 부근 투베이 건대통학,https://www.zigbang.com/home/apt/items/49923047
2026-08-12 05:22:08,원룸,49926911,월세,02,충청북도 충주시 호암동,충주시,호암동,500,51,0,34.91,10.56,3,ㄴ호암택지 신축 투베이ㄱ,https://www.zigbang.com/home/apt/items/49926911
2026-08-12 05:22:08,원룸,49927327,월세,02,충청북도 충주시 호암동,충주시,호암동,300,32,0,25,7.56,2,"ㄴ호암동 즉시입주가능, 대형 원룸ㄱ",https://www.zigbang.com/home/apt/items/49927327
2026-08-12 05:22:08,원룸,50029059,월세,01,충청북도 충주시 호암동,충주시,호암동,300,41,0,20.52,6.21,2,"ㄴㄱ호암동 신축 원룸, 깔끔 ㄱ",https://www.zigbang.com/home/apt/items/50029059
2026-08-12 05:22:08,원룸,49962060,월세,01,충청북도 충주시 목행동,충주시,목행동,200,30,0,23.14,7.0,4,"목행동 산단 출퇴근 5분, 넓은 주차장, 즉시입주 가능",https://www.zigbang.com/home/apt/items/49962060
2026-08-12 05:22:09,원룸,49846161,월세,01,강원도 원주시 부론면 노림리,원주시,부론면,50,35,0,33.05,10.0,1,밥심 l 2학기 사용 I 건조기 풀옵션 I 1층 편한 집,https://www.zigbang.com/home/apt/items/49846161
2026-08-12 05:22:09,원룸,49942336,월세,02,강원도 원주시 부론면 노림리,원주시,부론면,50,35,0,33.06,10.0,1,10월 25일 입주 I 신축컨디션 건조기 풀옵션 1층,https://www.zigbang.com/home/apt/items/49942336
2026-08-12 05:22:11,원룸,50015003,월세,03,경기도 시흥시 정왕동,시흥시,정왕동,112,93,0,78.99,23.89,9,"복층 풀옵션, 거북섬 한달살기 특가",https://www.zigbang.com/home/apt/items/50015003
2026-08-12 05:22:11,원룸,50015076,월세,01,경기도 시흥시 정왕동,시흥시,정왕동,90,73,0,63.22,19.12,11,"입주일 조정가능, 호텔식 풀옵션, 무료주차",https://www.zigbang.com/home/apt/items/50015076
2026-08-12 05:22:11,원룸,50015162,월세,01,경기도 시흥시 정왕동,시흥시,정왕동,240,64,0,63.22,19.12,13,고정관리비로 추가청구 걱정없는 풀옵션 레지던스,https://www.zigbang.com/home/apt/items/50015162
2026-08-12 05:22:11,원룸,50016098,월세,02,경기도 시흥시 정왕동,시흥시,정왕동,200,27,0,26.3,7.96,3,사용하기 편리한 엘베있는 원룸,https://www.zigbang.com/home/apt/items/50016098
2026-08-12 05:22:11,원룸,50023403,월세,01,경기도 시흥시 정왕동,시흥시,정왕동,300,40,0,46.68,14.12,9,전입가능  남동향 풀옵션 신축 오피스텔,https://www.zigbang.com/home/apt/items/50023403
2026-08-12 05:22:11,원룸,50026294,월세,02,경기도 시흥시 정왕동,시흥시,정왕동,200,28,0,28,8.47,3,"방,주방도넓은1.5룸",https://www.zigbang.com/home/apt/items/50026294
2026-08-12 05:22:11,원룸,50027329,월세,02,경기도 시흥시 정왕동,시흥시,정왕동,100,23,0,27,8.17,3,침대있는.특대형원룸,https://www.zigbang.com/home/apt/items/50027329
2026-08-12 05:22:13,원룸,49899950,월세,02,경기도 안산시 상록구 일동,안산시 상록구,일동,500,40,0,23.14,7.0,2,준신축필로티 분리형원룸,https://www.zigbang.com/home/apt/items/49899950
2026-08-12 05:22:13,원룸,49978394,월세,01,경기도 안산시 상록구 일동,안산시 상록구,일동,300,38,0,26.45,8.0,2,신축급 올리모델링 침대 옷장까지 완전풀옵션원룸입니다,https://www.zigbang.com/home/apt/items/49978394
2026-08-12 05:22:13,원룸,50021736,월세,02,경기도 안산시 상록구 일동,안산시 상록구,일동,200,25,0,23.14,7.0,2,리모델링수리o중앙병원정문앞o분리형 가성비굿,https://www.zigbang.com/home/apt/items/50021736
2026-08-12 05:22:14,원룸,49817798,월세,02,경기도 시흥시 장현동,시흥시,장현동,5000,50,0,22.83,6.91,10,"전입불가, 부가세 별도, 신축 1.5룸 오피스텔",https://www.zigbang.com/home/apt/items/49817798
2026-08-12 05:22:14,원룸,49869054,전세,02,경기도 시흥시 장현동,시흥시,장현동,22000,0,0,95.5,28.89,10,"전입가능, 신축 오피스텔, 시흥시청역 도보권",https://www.zigbang.com/home/apt/items/49869054
2026-08-12 05:22:14,원룸,49949635,전세,01,경기도 시흥시 장현동,시흥시,장현동,9500,0,0,22.83,6.91,3,"보증보험 가입조건으로 가능, 시흥시청역 도보권, 풀옵션",https://www.zigbang.com/home/apt/items/49949635
2026-08-12 05:22:14,원룸,50020646,월세,02,경기도 시흥시 장현동,시흥시,장현동,1000,80,0,95.5,28.89,7,"전입불가, 신축 1.5룸 오피스텔입니다. 시흥시청역 도보권",https://www.zigbang.com/home/apt/items/50020646
2026-08-12 05:22:13,원룸,50025251,월세,02,경기도 안산시 상록구 이동,안산시 상록구,이동,300,37,0,26.44,8.0,2,채광 좋은 분리형 원룸 중앙역 도보,https://www.zigbang.com/home/apt/items/50025251
2026-08-12 05:22:13,원룸,50025570,월세,02,경기도 안산시 상록구 이동,안산시 상록구,이동,200,29,0,23.14,7.0,2,강추ㅡ넓고큰방 채광굿ㅡ한대앞5분ㅡ즉입,https://www.zigbang.com/home/apt/items/50025570
2026-08-12 05:22:13,원룸,50026218,월세,02,경기도 안산시 상록구 월피동,안산시 상록구,월피동,500,40,0,22,6.65,4,V월피동 원룸 분리형 서울예대인근,https://www.zigbang.com/home/apt/items/50026218
2026-08-12 05:22:13,원룸,50026617,월세,02,경기도 안산시 상록구 이동,안산시 상록구,이동,300,30,0,19.83,6.0,3,강추ㅡ한대앞역ㅡ준신축 인터넷ㅡ가성비굿 컨디션굿,https://www.zigbang.com/home/apt/items/50026617
2026-08-12 05:22:13,원룸,50027119,월세,02,경기도 안산시 상록구 월피동,안산시 상록구,월피동,1000,65,0,48.88,14.79,13,마스터큐브 1.5룸입니다.,https://www.zigbang.com/home/apt/items/50027119
2026-08-12 05:22:13,원룸,50028824,월세,02,경기도 안산시 상록구 이동,안산시 상록구,이동,300,29,0,23.14,7.0,2,ll좋은ll 방크기 굳 주차편리한 분리형 원룸 즉시입주,https://www.zigbang.com/home/apt/items/50028824
2026-08-12 05:22:13,원룸,50029098,월세,02,경기도 안산시 상록구 이동,안산시 상록구,이동,300,33,0,20,6.05,3,인터넷 가능한 밝은 원룸 월세,https://www.zigbang.com/home/apt/items/50029098
2026-08-12 05:22:13,원룸,50029175,월세,03,경기도 안산시 단원구 고잔동,안산시 단원구,고잔동,500,45,0,50.67,15.33,고,시청앞 복층형 풀옵션 오피스텔,https://www.zigbang.com/home/apt/items/50029175
2026-08-12 05:22:14,원룸,49912848,월세,01,경기도 안산시 상록구 수암동,안산시 상록구,수암동,300,35,0,16.52,5.0,2,"엘베있는 깨끗한 원룸, 풀옵션, 즉시 입주 가능합니다.",https://www.zigbang.com/home/apt/items/49912848
2026-08-12 05:22:14,원룸,49923740,월세,02,경기도 안양시 만안구 안양동,안양시 만안구,안양동,1000,45,0,19.83,6.0,2,원룸월세  분리형원룸 풀옵션 완전 깔끔한 원룸,https://www.zigbang.com/home/apt/items/49923740
2026-08-12 05:22:14,원룸,49976696,월세,01,경기도 안산시 상록구 장상동,안산시 상록구,장상동,300,30,0,16,4.84,1,"저렴한 원룸, 풀옵션, 즉시 입주 가능",https://www.zigbang.com/home/apt/items/49976696
2026-08-12 05:22:15,원룸,49789648,월세,01,인천시 서해구 원창동,서해구,원창동,300,40,0,23.5,7.11,4,엘베있는 깔끔한 준신축 원룸,https://www.zigbang.com/home/apt/items/49789648
2026-08-12 05:22:15,원룸,49825725,월세,01,인천시 서해구 원창동,서해구,원창동,300,40,0,20.05,6.07,2,원창동 풀옵션 원룸 월세,https://www.zigbang.com/home/apt/items/49825725
2026-08-12 05:22:15,원룸,49841461,월세,01,인천시 서해구 원창동,서해구,원창동,300,35,0,20,6.05,2,"신축급컨디션 갓성비 풀옵션 즉시입주,협의ok",https://www.zigbang.com/home/apt/items/49841461
2026-08-12 05:22:15,원룸,49842393,월세,02,인천시 서해구 원창동,서해구,원창동,300,40,0,20,6.05,2,"신축급컨디션, 즉시입주OK, 채광 굿",https://www.zigbang.com/home/apt/items/49842393
2026-08-12 05:22:15,원룸,49916734,월세,02,인천시 서해구 원창동,서해구,원창동,300,40,0,21,6.35,4,"북항,원창동 근무자 적극추천 풀옵션 원룸",https://www.zigbang.com/home/apt/items/49916734
2026-08-12 05:22:15,원룸,50003910,월세,01,인천시 서해구 원창동,서해구,원창동,300,40,0,22.5,6.81,2,원창동 인근 오픈원룸 월세 깔끔 공실 엘배0,https://www.zigbang.com/home/apt/items/50003910
2026-08-12 05:22:15,원룸,49994796,월세,02,인천시 제물포구 항동7가,제물포구,항동7가,40,33,0,23.14,7.0,1,단기가능주방분리 풀옵션원룸,https://www.zigbang.com/home/apt/items/49994796
2026-08-12 05:22:15,원룸,49901300,월세,03,인천시 영종구 중산동,영종구,중산동,200,40,0,40,12.1,고,十풀옵션十내부컨디션좋음十최저가월세十빠른입주가능十,https://www.zigbang.com/home/apt/items/49901300
2026-08-12 05:22:15,원룸,49901306,월세,03,인천시 영종구 중산동,영종구,중산동,200,40,0,39,11.8,중,十시티뷰 十최저가월세十내부컨디션좋음十빠른입주가능十,https://www.zigbang.com/home/apt/items/49901306
2026-08-12 05:22:15,원룸,49902174,월세,03,인천시 영종구 중산동,영종구,중산동,200,45,0,42.98,13.0,중,十빠른입주가능十전면오션뷰十최저가월세十풀옵션十,https://www.zigbang.com/home/apt/items/49902174
2026-08-12 05:22:15,원룸,49953755,월세,03,인천시 영종구 중산동,영종구,중산동,250,50,0,39.67,12.0,21,남동향 바다뷰 귀한 통창  풀옵션 복층,https://www.zigbang.com/home/apt/items/49953755
2026-08-12 05:22:15,원룸,49986270,월세,03,인천시 영종구 중산동,영종구,중산동,300,40,0,21.7,6.56,4,"전입 가능, 복층 테라스 구조, 북서향, 시티뷰, 주차가능",https://www.zigbang.com/home/apt/items/49986270
2026-08-12 05:22:15,원룸,50001969,월세,03,인천시 영종구 중산동,영종구,중산동,200,37,0,44.88,13.58,중,"신축, 복층형원룸, 시티뷰 테라스O, 단기 가능, 즉시입주",https://www.zigbang.com/home/apt/items/50001969
2026-08-12 05:22:15,원룸,50001976,월세,01,인천시 영종구 중산동,영종구,중산동,200,37,0,44.88,13.58,중,"신축, 원룸, 시티뷰, 테라스O, 단기 가능, 빠른 입주",https://www.zigbang.com/home/apt/items/50001976
2026-08-12 05:22:15,원룸,50001983,월세,01,인천시 영종구 중산동,영종구,중산동,200,38,0,41.58,12.58,고,"신축, 원룸, 풀옵션, 남동향, 파노라마 오션뷰, 단기O",https://www.zigbang.com/home/apt/items/50001983
2026-08-12 05:22:15,원룸,50002049,월세,03,인천시 영종구 중산동,영종구,중산동,200,40,0,39.55,11.96,고,"신축, 복층형 원룸, 시티뷰, 최저가 월세, 빠른 입주",https://www.zigbang.com/home/apt/items/50002049
2026-08-12 05:22:15,원룸,50002182,월세,01,인천시 영종구 중산동,영종구,중산동,300,40,0,42.29,12.79,21,"신축, 원룸, 풀옵션, 테라스O, 드레스룸O, Vat별도",https://www.zigbang.com/home/apt/items/50002182
2026-08-12 05:22:15,원룸,50022379,월세,01,인천시 영종구 중산동,영종구,중산동,200,33,0,66.12,20.0,고,탁트인  바다뷰 침대풀옵션,https://www.zigbang.com/home/apt/items/50022379
2026-08-12 05:22:16,원룸,49724405,월세,02,인천시 검단구 오류동,검단구,오류동,2500,60,0,40,12.1,2,"검단오류역, 완전신축급, 컨디션좋은 방",https://www.zigbang.com/home/apt/items/49724405
2026-08-12 05:22:16,원룸,49912870,월세,05,인천시 검단구 오류동,검단구,오류동,500,90,0,100,30.25,고,3룸 신축급 6년차 옵션 자유,https://www.zigbang.com/home/apt/items/49912870
2026-08-12 05:22:16,원룸,49980146,월세,04,인천시 검단구 오류동,검단구,오류동,500,90,0,100,30.25,고,3룸 신축급 6년차 옵션 자유,https://www.zigbang.com/home/apt/items/49980146
2026-08-12 05:22:16,원룸,49453004,월세,02,경기도 김포시 양촌읍 학운리,김포시,양촌읍,300,40,0,27,8.17,2,ㅁ분리형 남향집 1.5룸 ㅁ,https://www.zigbang.com/home/apt/items/49453004
2026-08-12 05:22:16,원룸,49644261,월세,02,경기도 김포시 양촌읍 학운리,김포시,양촌읍,300,42,0,33,9.98,4,기숙사추천.분리된 공간,https://www.zigbang.com/home/apt/items/49644261
2026-08-12 05:22:16,원룸,49700900,월세,03,경기도 김포시 양촌읍 학운리,김포시,양촌읍,300,33,0,19.83,6.0,3,학운산업단지내 인기 있는 복층 원룸입니다.,https://www.zigbang.com/home/apt/items/49700900
2026-08-12 05:22:16,원룸,49700903,월세,01,경기도 김포시 양촌읍 학운리,김포시,양촌읍,300,30,0,19.83,6.0,3,오피스텔구조 뷰가 좋은 방,https://www.zigbang.com/home/apt/items/49700903
2026-08-12 05:22:16,원룸,49703252,월세,02,경기도 김포시 양촌읍 학운리,김포시,양촌읍,2000,96,0,80,24.2,4,ㅁ신축 엘베있는 복층 테라스사용 ㅁ,https://www.zigbang.com/home/apt/items/49703252
2026-08-12 05:22:16,원룸,49730082,월세,01,경기도 김포시 양촌읍 학운리,김포시,양촌읍,300,40,0,30,9.07,2,ㅁ산업단지 깔끔한 1.5룸ㅁ,https://www.zigbang.com/home/apt/items/49730082
2026-08-12 05:22:16,원룸,49878019,월세,02,경기도 김포시 양촌읍 학운리,김포시,양촌읍,300,30,0,19.83,6.0,3,산업단지내 신축 풀옵션 분리형 원룸,https://www.zigbang.com/home/apt/items/49878019
2026-08-12 05:22:16,원룸,49921295,월세,02,경기도 김포시 양촌읍 학운리,김포시,양촌읍,300,30,0,29.75,9.0,4,"대형 베란다, 1.5룸 방큼,  베란다넓음, 애완동물 가능",https://www.zigbang.com/home/apt/items/49921295
2026-08-12 05:22:16,원룸,49926917,월세,02,경기도 김포시 양촌읍 학운리,김포시,양촌읍,300,30,0,20,6.05,3,신축 풀옵션 원룸,https://www.zigbang.com/home/apt/items/49926917
2026-08-12 05:22:16,원룸,49998459,월세,01,경기도 김포시 양촌읍 학운리,김포시,양촌읍,300,30,0,19.83,6.0,4,엘베있는 신축 풀원룸,https://www.zigbang.com/home/apt/items/49998459
2026-08-12 05:22:22,원룸,49922792,월세,01,경기도 부천시 오정구 오정동,부천시 오정구,오정동,500,44,0,23.6,7.14,7,효행복마을도시형생활주택,https://www.zigbang.com/home/apt/items/49922792
2026-08-12 05:22:22,원룸,49982915,월세,02,인천시 계양구 용종동,계양구,용종동,50,31,0,26.45,8.0,3,주방분리 단기원룸 입니다,https://www.zigbang.com/home/apt/items/49982915
2026-08-12 05:22:24,원룸,49910523,월세,02,경기도 김포시 고촌읍 신곡리,김포시,고촌읍,500,55,0,46.37,14.03,4,"고촌역세권,풀옵션,업무용,9월말입주가능",https://www.zigbang.com/home/apt/items/49910523
2026-08-12 05:22:24,원룸,49934727,월세,04,경기도 김포시 고촌읍 신곡리,김포시,고촌읍,4500,170,0,129.14,39.06,15,"전용17.7p 주거용 풀옵션 오피스텔, 빠른 입주가능",https://www.zigbang.com/home/apt/items/49934727
2026-08-12 05:22:24,원룸,49968975,월세,02,경기도 김포시 고촌읍 신곡리,김포시,고촌읍,2000,90,0,83.5,25.26,고,"풀옵션,업무용,인기많은 특수타입",https://www.zigbang.com/home/apt/items/49968975
2026-08-12 05:22:24,원룸,50017062,월세,01,경기도 김포시 고촌읍 신곡리,김포시,고촌읍,500,50,0,80.34,24.3,4,"고촌역세권, 저렴한 오피스텔, 전입가능",https://www.zigbang.com/home/apt/items/50017062
2026-08-12 05:22:27,원룸,49716093,전세,03,경기도 수원시 권선구 금곡동,수원시 권선구,금곡동,13000,0,0,53.4,16.15,6,동광뷰엘 복층형 원룸 쾌적하고 살기좋은 오피입니다,https://www.zigbang.com/home/apt/items/49716093
2026-08-12 05:22:27,원룸,49719657,월세,01,경기도 수원시 권선구 금곡동,수원시 권선구,금곡동,1000,63,0,41,12.4,고,"ACE,전입,전망트인,드레스룸,넓은 복층",https://www.zigbang.com/home/apt/items/49719657
2026-08-12 05:22:27,원룸,49774072,월세,02,경기도 수원시 권선구 금곡동,수원시 권선구,금곡동,3500,52,0,74.58,22.56,고,"ACE,전입,트윈복층,분리형 1.5룸",https://www.zigbang.com/home/apt/items/49774072
2026-08-12 05:22:27,원룸,49818854,월세,03,경기도 수원시 권선구 금곡동,수원시 권선구,금곡동,500,50,0,42.2,12.77,고,세종헤르메스 복층형 원룸 주거용 전입가능,https://www.zigbang.com/home/apt/items/49818854
2026-08-12 05:22:27,원룸,49859124,월세,04,경기도 수원시 권선구 금곡동,수원시 권선구,금곡동,1000,80,0,101.14,30.59,고,다인2차 투룸형 복층 주거용,https://www.zigbang.com/home/apt/items/49859124
2026-08-12 05:22:27,원룸,49921430,전세,03,경기도 수원시 권선구 금곡동,수원시 권선구,금곡동,12500,0,0,58,17.54,9,"ACE,전입,전세대출,보증보험,복층넓은원룸.드레스룸구비",https://www.zigbang.com/home/apt/items/49921430
2026-08-12 05:22:27,원룸,49934661,전세,04,경기도 수원시 권선구 금곡동,수원시 권선구,금곡동,14000,0,0,69,20.87,4,아주리센 투룸 전세 공원보이는 조망,https://www.zigbang.com/home/apt/items/49934661
2026-08-12 05:22:27,원룸,49942517,월세,01,경기도 수원시 권선구 금곡동,수원시 권선구,금곡동,1000,35,0,20,6.05,옥탑방,"옥탑방,전입신고불가, 잠만주무실분환영,상업지인근,즉시입주가",https://www.zigbang.com/home/apt/items/49942517
2026-08-12 05:22:27,원룸,49970419,월세,02,경기도 수원시 권선구 금곡동,수원시 권선구,금곡동,1000,85,0,94.63,28.63,고,ꔚ전속매물 I 완벽분리 I 단1세대,https://www.zigbang.com/home/apt/items/49970419
2026-08-12 05:22:27,원룸,50001609,월세,01,경기도 수원시 권선구 금곡동,수원시 권선구,금곡동,500,68,0,64,19.36,중,"ACE,주거용,복층형넓은원룸,별도드레스룸,",https://www.zigbang.com/home/apt/items/50001609
2026-08-12 05:22:27,원룸,50005196,월세,01,경기도 수원시 권선구 금곡동,수원시 권선구,금곡동,100,80,0,85.77,25.95,5,.R.테라스있는 깔끔 오피스텔 단기o 주단위o,https://www.zigbang.com/home/apt/items/50005196
2026-08-12 05:22:27,원룸,50011399,전세,01,경기도 수원시 권선구 금곡동,수원시 권선구,금곡동,8000,0,0,51.48,15.57,중,세종타운 오픈형 원룸 주거용 귀한전세입니다,https://www.zigbang.com/home/apt/items/50011399
2026-08-12 05:22:27,원룸,50028347,월세,01,경기도 수원시 권선구 금곡동,수원시 권선구,금곡동,1000,35,0,18,5.44,4,"혼자살기 좋은 원룸,잠만주무실분 환영,풀옵션,상업지인근",https://www.zigbang.com/home/apt/items/50028347
2026-08-12 05:22:29,원룸,49695828,월세,01,경기도 수원시 장안구 파장동,수원시 장안구,파장동,200,30,0,25,7.56,2,즉시입주가능 저렴하고 깨끗한 원룸 전세3000가능,https://www.zigbang.com/home/apt/items/49695828
2026-08-12 05:22:28,원룸,50022508,월세,01,경기도 수원시 팔달구 매산로1가,수원시 팔달구,매산로1가,500,40,0,52.89,16.0,중,㉧전입신고 가능한 비젼포에버㉧,https://www.zigbang.com/home/apt/items/50022508
2026-08-12 05:22:28,원룸,50022943,전세,01,경기도 수원시 장안구 율전동,수원시 장안구,율전동,9800,0,0,19.83,6.0,3,성균관대 쪽문 1분거리 분리형 원룸입니다,https://www.zigbang.com/home/apt/items/50022943
2026-08-12 05:22:28,원룸,50023192,월세,01,경기도 수원시 팔달구 화서동,수원시 팔달구,화서동,200,45,0,26,7.86,1,방이 크고 밝은 풀옵션 원룸 월세,https://www.zigbang.com/home/apt/items/50023192
2026-08-12 05:22:28,원룸,50026919,월세,01,경기도 수원시 장안구 율전동,수원시 장안구,율전동,500,38,0,16.62,5.03,3,성대역부근 저렴하고 상태깨끗합니다,https://www.zigbang.com/home/apt/items/50026919
2026-08-12 05:22:28,원룸,50027023,월세,01,경기도 수원시 장안구 율전동,수원시 장안구,율전동,200,38,0,19.83,6.0,3,"신축급깔끔,주방공용,쪽문1분",https://www.zigbang.com/home/apt/items/50027023
2026-08-12 05:22:28,원룸,50027152,전세,02,경기도 수원시 권선구 구운동,수원시 권선구,구운동,3500,0,0,23.14,7.0,4,엘베.주차장.남향.깨끗.반려동물x.입주협의가능,https://www.zigbang.com/home/apt/items/50027152
2026-08-12 05:22:28,원룸,50028901,월세,01,경기도 수원시 권선구 호매실동,수원시 권선구,호매실동,100,55,0,22.02,6.66,2,호매실동 원룸 단기,https://www.zigbang.com/home/apt/items/50028901
2026-08-12 05:22:28,원룸,50029180,월세,02,경기도 수원시 장안구 천천동,수원시 장안구,천천동,500,35,0,23.14,7.0,3,위치좋고 깨끗한 분리형원룸 싱크대교체됨,https://www.zigbang.com/home/apt/items/50029180
2026-08-12 05:22:15,원룸,49927155,월세,04,인천시 부평구 부평동,부평구,부평동,4800,120,0,139.89,42.32,고,전입가능.이사일협의가능.넓은 투룸.풀옵션 .채광좋은 남향.,https://www.zigbang.com/home/apt/items/49927155
2026-08-12 05:22:15,원룸,49927301,월세,02,인천시 부평구 부평동,부평구,부평동,3000,95,0,103.44,31.29,중,전입가능해요.이사9월중순부터.풀옵션.내부상태최상,https://www.zigbang.com/home/apt/items/49927301
2026-08-12 05:22:30,원룸,50028586,월세,03,경기도 용인시 수지구 상현동,용인시 수지구,상현동,5000,70,0,56.23,17.01,고,남향. 확트인 뷰. 전입0. 아주 깔끔한 집. 융자없어요,https://www.zigbang.com/home/apt/items/50028586
2026-08-12 05:22:30,원룸,50013675,월세,02,경기도 용인시 수지구 성복동,용인시 수지구,성복동,500,63,0,74.17,22.44,1,"성복역 역세권, 롯데몰 3분거리, 주변 편의시설 좋음",https://www.zigbang.com/home/apt/items/50013675
2026-08-12 05:22:30,원룸,50013838,월세,02,경기도 용인시 수지구 성복동,용인시 수지구,성복동,500,65,0,72.45,21.92,1,"성복역 역세권, 롯데몰3분거리,생활편의시설 풍부",https://www.zigbang.com/home/apt/items/50013838
2026-08-12 05:22:30,원룸,50015172,월세,01,경기도 용인시 수지구 성복동,용인시 수지구,성복동,500,61,0,69.03,20.88,2,"성복역 역세권,롯데몰 3분거리, 생활편의시설 풍부",https://www.zigbang.com/home/apt/items/50015172
2026-08-12 05:22:30,원룸,50019661,월세,01,경기도 용인시 수지구 신봉동,용인시 수지구,신봉동,4000,20,0,20,6.05,2,깨끗한 풀옵션 원룸,https://www.zigbang.com/home/apt/items/50019661
2026-08-12 05:22:30,원룸,50024225,월세,01,경기도 용인시 수지구 풍덕천동,용인시 수지구,풍덕천동,5000,65,0,42.94,12.99,16,"전입가능,주거용오피스텔,융무,빠른입주가능",https://www.zigbang.com/home/apt/items/50024225
2026-08-12 05:22:30,원룸,50024248,월세,01,경기도 용인시 수지구 풍덕천동,용인시 수지구,풍덕천동,12000,30,0,42.94,12.99,13,"8월중입주희망,전입가능한주거용오피스텔",https://www.zigbang.com/home/apt/items/50024248
2026-08-12 05:22:30,원룸,50024327,월세,01,경기도 용인시 수지구 풍덕천동,용인시 수지구,풍덕천동,1000,80,0,42.98,13.0,15,"전입가능,융무,9월6일이후입주",https://www.zigbang.com/home/apt/items/50024327
2026-08-12 05:22:32,원룸,49771417,월세,02,경기도 의왕시 청계동,의왕시,청계동,6000,50,0,33.06,10.0,1,거실공간있는 1.5룸 월세 I 빠른이사가능,https://www.zigbang.com/home/apt/items/49771417
2026-08-12 05:22:32,원룸,49997756,월세,01,경기도 의왕시 학의동,의왕시,학의동,500,45,0,16.52,5.0,3,숲뷰 I 저렴한임대 I 조용한지역 I 주차편리,https://www.zigbang.com/home/apt/items/49997756
2026-08-12 05:22:32,원룸,49997103,월세,01,경기도 용인시 수지구 고기동,용인시 수지구,고기동,1000,65,0,30,9.07,2,조용하고깨끗한원룸,https://www.zigbang.com/home/apt/items/49997103
2026-08-12 05:22:31,원룸,50026371,월세,01,경기도 군포시 산본동,군포시,산본동,500,60,0,30,9.07,2,넓은 풀옵션원룸,https://www.zigbang.com/home/apt/items/50026371
2026-08-12 05:22:31,원룸,50026727,월세,01,경기도 군포시 금정동,군포시,금정동,500,30,0,25,7.56,2,금정역도보5분이내 상태양호 1룸,https://www.zigbang.com/home/apt/items/50026727
2026-08-12 05:22:31,원룸,50026744,월세,02,경기도 군포시 산본동,군포시,산본동,500,40,0,25,7.56,반지하,금정역도보10분이내 리모델링 즉시입주가능한 분리형 1룸,https://www.zigbang.com/home/apt/items/50026744
2026-08-12 05:22:31,원룸,50026761,월세,01,경기도 군포시 산본동,군포시,산본동,1000,45,0,30,9.07,2,금정역도보7분 풀옵션 상태좋은 1룸,https://www.zigbang.com/home/apt/items/50026761
2026-08-12 05:22:31,원룸,50026851,월세,01,경기도 군포시 산본동,군포시,산본동,500,45,0,20,6.05,2,즉시입주가능 풀옵션 도배O 깨꿋한 원룸,https://www.zigbang.com/home/apt/items/50026851
2026-08-12 05:22:31,원룸,50027783,월세,02,경기도 군포시 금정동,군포시,금정동,1000,40,0,36.1,10.92,4,"교통편리한,분리형 원룸,옵션,엘베,주차가능,이사협의 가능",https://www.zigbang.com/home/apt/items/50027783
2026-08-12 05:22:31,원룸,50027804,월세,02,경기도 군포시 금정동,군포시,금정동,1000,30,0,33,9.98,2,"교통편리, 올수리한 분리형 원룸,보증금조정 가능,바로입주가",https://www.zigbang.com/home/apt/items/50027804
2026-08-12 05:22:31,원룸,50028311,전세,01,경기도 군포시 산본동,군포시,산본동,12000,0,0,23.14,7.0,3,금정역인근 풀옵원룸 주차장유 신축급  lh포함대출가,https://www.zigbang.com/home/apt/items/50028311
2026-08-12 05:22:31,원룸,50028354,월세,02,경기도 군포시 산본동,군포시,산본동,500,40,0,27,8.17,1,금정역5분 풀옵션 분리형원룸 즉시가능 창고유,https://www.zigbang.com/home/apt/items/50028354
2026-08-12 05:22:31,원룸,50028450,월세,01,경기도 군포시 산본동,군포시,산본동,1000,35,0,26,7.86,5,금정역 바로 전망좋은 원룸 넓게 쓰실만한공간유 즉시가,https://www.zigbang.com/home/apt/items/50028450
2026-08-12 05:22:31,원룸,50029071,월세,01,경기도 군포시 산본동,군포시,산본동,1000,35,0,23.14,7.0,5,"금정역2분거리,깨끗",https://www.zigbang.com/home/apt/items/50029071
2026-08-12 05:22:33,원룸,49826875,월세,05,경기도 성남시 수정구 금토동,성남시 수정구,금토동,3000,290,0,207.69,62.83,중,"L 업무용, 2년계약, 방3,팬트리,스타일러외",https://www.zigbang.com/home/apt/items/49826875
2026-08-12 05:22:33,원룸,49902360,월세,02,경기도 성남시 수정구 금토동,성남시 수정구,금토동,1000,100,0,48,14.52,8,"O 1.5룸, 남향, 최고층,사업자.",https://www.zigbang.com/home/apt/items/49902360
2026-08-12 05:22:33,원룸,49957022,월세,02,경기도 성남시 수정구 금토동,성남시 수정구,금토동,2000,90,0,63.48,19.2,8,"O 1.5룸, 전문입주청소 , 8.8일 이후 입주, 남향",https://www.zigbang.com/home/apt/items/49957022
2026-08-12 05:22:33,원룸,49995331,월세,05,경기도 성남시 수정구 금토동,성남시 수정구,금토동,3000,290,0,207.69,62.83,중,"L 2년계약,보증5천,월250선택가능,직장인가능,방3",https://www.zigbang.com/home/apt/items/49995331
2026-08-12 05:22:33,원룸,50009041,월세,02,경기도 성남시 수정구 금토동,성남시 수정구,금토동,1000,95,0,63.48,19.2,중,"O 1.5룸, 남향, 9월초",https://www.zigbang.com/home/apt/items/50009041
2026-08-12 05:22:33,원룸,50025633,월세,02,경기도 성남시 수정구 금토동,성남시 수정구,금토동,1000,95,0,63.83,19.31,고,"L  분리형, 준신축, 전입안되요, 직장인가능",https://www.zigbang.com/home/apt/items/50025633
2026-08-12 05:22:33,원룸,49636301,전세,02,경기도 용인시 처인구 포곡읍 둔전리,용인시 처인구,포곡읍,5460,0,0,23.86,7.22,3,"대출 및 보증보험 가능, 준신축 1.5룸, 8월 중순 입주",https://www.zigbang.com/home/apt/items/49636301
2026-08-12 05:22:33,원룸,49778818,월세,02,경기도 용인시 처인구 포곡읍 둔전리,용인시 처인구,포곡읍,500,55,0,32.55,9.85,2,넓은 투룸같은 1.5룸 풀옵션 신축5년차 교통 경전철 편리,https://www.zigbang.com/home/apt/items/49778818
2026-08-12 05:22:33,원룸,49835080,월세,02,경기도 용인시 처인구 포곡읍 둔전리,용인시 처인구,포곡읍,500,40,0,23.25,7.03,3,보라뒤 해잘들고 풀옵션 주차좋음 즉시입주가능 주방 분리,https://www.zigbang.com/home/apt/items/49835080
2026-08-12 05:22:33,원룸,49943344,월세,02,경기도 용인시 처인구 포곡읍 둔전리,용인시 처인구,포곡읍,500,45,0,35,10.59,3,풀옵션아주넓은곳다이소인근 학군교통 편의시설 경전철굿,https://www.zigbang.com/home/apt/items/49943344
2026-08-12 05:22:33,원룸,49961377,월세,01,경기도 용인시 처인구 포곡읍 둔전리,용인시 처인구,포곡읍,500,35,0,23.14,7.0,3,"주차 보장, 상권 중심지,  즉시입주",https://www.zigbang.com/home/apt/items/49961377
2026-08-12 05:22:33,원룸,49998413,월세,02,경기도 용인시 처인구 포곡읍 둔전리,용인시 처인구,포곡읍,2000,85,0,48.88,14.79,2,"준신축 깨끗한 투룸, 옵션 있음, 보증금 조정",https://www.zigbang.com/home/apt/items/49998413
2026-08-12 05:22:33,원룸,50018900,월세,01,경기도 용인시 처인구 포곡읍 둔전리,용인시 처인구,포곡읍,500,40,0,26,7.86,3,즉시입주가능 도시가스  둔전 뚜레쥬르 인근 교통편리함,https://www.zigbang.com/home/apt/items/50018900
2026-08-12 05:22:33,원룸,50025448,월세,02,경기도 용인시 처인구 포곡읍 전대리,용인시 처인구,포곡읍,300,37,0,28,8.47,2,조용하고해잘들고 에버랜드경전철가까움 시세보다 저렴하고싼곳,https://www.zigbang.com/home/apt/items/50025448
2026-08-12 05:22:33,원룸,50026211,월세,02,경기도 용인시 처인구 포곡읍 전대리,용인시 처인구,포곡읍,300,37,0,23.14,7.0,2,"저렴하고 깨끗, 채광 굿, 8월말 입주",https://www.zigbang.com/home/apt/items/50026211
2026-08-12 05:22:34,원룸,49733276,월세,02,경기도 용인시 처인구 포곡읍 삼계리,용인시 처인구,포곡읍,300,40,0,39.66,12.0,3,넓고올수리된집 시세보다싼집 고급진가구 서두르세요 풀옵션,https://www.zigbang.com/home/apt/items/49733276
2026-08-12 05:22:34,원룸,49923550,월세,02,경기도 용인시 처인구 포곡읍 둔전리,용인시 처인구,포곡읍,300,30,0,26.44,8.0,2,"가성비 최고 분리형 원룸, 8월말 입주",https://www.zigbang.com/home/apt/items/49923550
2026-08-12 05:22:34,원룸,49942066,전세,02,경기도 용인시 처인구 포곡읍 금어리,용인시 처인구,포곡읍,8000,0,0,35.09,10.61,2,"대출 및 보증보험, 1.5룸, 조용 쾌적,9월말 이후 입주",https://www.zigbang.com/home/apt/items/49942066
2026-08-12 05:22:34,원룸,49961582,월세,02,경기도 용인시 처인구 포곡읍 금어리,용인시 처인구,포곡읍,1000,50,0,41.64,12.6,2,"넓고 깨끗한 1.5룸, 조용 쾌적, 11월 입주협의",https://www.zigbang.com/home/apt/items/49961582
2026-08-12 05:22:34,원룸,50026280,월세,01,경기도 용인시 처인구 포곡읍 삼계리,용인시 처인구,포곡읍,300,35,0,23.14,7.0,3,"포곡우체국 인근 넓음, 9월 중순 입주",https://www.zigbang.com/home/apt/items/50026280
2026-08-12 05:22:34,원룸,50025646,월세,02,경기도 용인시 처인구 모현읍 동림리,용인시 처인구,모현읍,500,40,0,30,9.07,4,"풀옵션,조용한 힐링,친자연 환경,죽전용인 이동용이,상가마트",https://www.zigbang.com/home/apt/items/50025646
2026-08-12 05:22:34,원룸,50017561,월세,01,경기도 성남시 분당구 야탑동,성남시 분당구,야탑동,500,45,0,26.45,8.0,반지하,야탑역 도보 2분 내부 깨긋하고 넓은 원룸입니다.,https://www.zigbang.com/home/apt/items/50017561
2026-08-12 05:22:34,원룸,50020565,월세,01,경기도 성남시 중원구 성남동,성남시 중원구,성남동,14200,20,0,46.28,14.0,8,건축4년 모란역 5분 풀옵션 주차기능 전세대출 보증보험가능,https://www.zigbang.com/home/apt/items/50020565
2026-08-12 05:22:34,원룸,50020591,월세,01,경기도 성남시 중원구 성남동,성남시 중원구,성남동,1000,63,0,33.06,10.0,2,준신축 모란역3분거리 주차가능 풀옵션 깔끔함 베란다있음,https://www.zigbang.com/home/apt/items/50020591
2026-08-12 05:22:34,원룸,50020622,월세,01,경기도 성남시 중원구 성남동,성남시 중원구,성남동,2000,60,0,19,5.75,5,"건축2 모란역5분  깔끔,채광상태좋음  1000  65가능",https://www.zigbang.com/home/apt/items/50020622
2026-08-12 05:22:34,원룸,50021185,월세,01,경기도 성남시 수정구 시흥동,성남시 수정구,시흥동,1000,95,0,85.21,25.78,고,"O 사업자, 실 8.2평.",https://www.zigbang.com/home/apt/items/50021185
2026-08-12 05:22:34,원룸,50021870,월세,01,경기도 성남시 수정구 수진동,성남시 수정구,수진동,500,50,0,23,6.96,3,태평역인근 전용면적넓은 풀옵션 통원룸 월세입니다,https://www.zigbang.com/home/apt/items/50021870
2026-08-12 05:22:34,원룸,50022068,월세,01,경기도 성남시 수정구 시흥동,성남시 수정구,시흥동,1000,106,0,71,21.48,5,판교최고의 오피스텔 디어스룸 전문중개로 한번에 비교 설명0,https://www.zigbang.com/home/apt/items/50022068
2026-08-12 05:22:34,원룸,50022080,월세,01,경기도 성남시 수정구 시흥동,성남시 수정구,시흥동,1000,109,0,71,21.48,7,"판교디어스 비교는 으뜸에서,전입·조식·셔틀 한번에  설명0",https://www.zigbang.com/home/apt/items/50022080
2026-08-12 05:22:34,원룸,50023092,월세,02,경기도 성남시 중원구 성남동,성남시 중원구,성남동,500,43,0,21.5,6.5,옥탑방,"옥탑 분리형, 모란역3분, 주택가, 빠른입주",https://www.zigbang.com/home/apt/items/50023092
2026-08-12 05:22:34,원룸,50024542,월세,01,경기도 성남시 수정구 태평동,성남시 수정구,태평동,7500,15,0,23.04,6.97,5,"태평역3분거리, 풀옵션, 주차, 햇볕좋음,전입신고됨",https://www.zigbang.com/home/apt/items/50024542
2026-08-12 05:22:34,원룸,50024834,월세,01,경기도 성남시 분당구 삼평동,성남시 분당구,삼평동,1000,100,0,59.5,18.0,15,"실평 7.5평, 사업자용, 전불가능, 부가세별도",https://www.zigbang.com/home/apt/items/50024834
2026-08-12 05:22:34,원룸,50025509,월세,01,경기도 성남시 수정구 시흥동,성남시 수정구,시흥동,5000,75,0,83.77,25.34,1,"전입가능 주거용 오피스텔, 가성비으뜸월세,판교,금토 5분",https://www.zigbang.com/home/apt/items/50025509
2026-08-12 05:22:34,원룸,50025875,월세,02,경기도 성남시 중원구 성남동,성남시 중원구,성남동,500,60,0,26.5,8.02,1,분리형 풀옵션 원룸,https://www.zigbang.com/home/apt/items/50025875
2026-08-12 05:22:34,원룸,50027018,월세,03,경기도 성남시 중원구 하대원동,성남시 중원구,하대원동,1000,50,0,17,5.14,5,"깔끔한원룸, 인터넷기본제공",https://www.zigbang.com/home/apt/items/50027018
2026-08-12 05:22:34,원룸,50028849,월세,02,경기도 성남시 수정구 수진동,성남시 수정구,수진동,300,47,0,13.77,4.17,반지하,태평역바로인근 위치한 1층같은 반지층 풀옵션 분리원룸 월세,https://www.zigbang.com/home/apt/items/50028849
2026-08-12 05:22:36,원룸,49712447,월세,01,경기도 광주시 송정동,광주시,송정동,500,40,0,26.45,8.0,2,깨끗한  베란다 있는 대형 원룸입니다,https://www.zigbang.com/home/apt/items/49712447
2026-08-12 05:22:36,원룸,49725178,월세,01,경기도 광주시 송정동,광주시,송정동,400,35,0,25,7.56,2,보건소가 가까운 원룸 입니다,https://www.zigbang.com/home/apt/items/49725178
2026-08-12 05:22:36,원룸,49972345,월세,01,경기도 광주시 역동,광주시,역동,1000,40,0,25,7.56,2,"역동중심권 오피스텔 월세,보증금 조절가능",https://www.zigbang.com/home/apt/items/49972345
2026-08-12 05:22:36,원룸,50000030,월세,01,경기도 광주시 송정동,광주시,송정동,300,35,0,20,6.05,1,tv유선과 와이파이가  들어와 있는 준신축입니다,https://www.zigbang.com/home/apt/items/50000030
2026-08-12 05:22:36,원룸,50022949,월세,01,경기도 광주시 송정동,광주시,송정동,300,33,0,25,7.56,2,저렴한 원룸입니다,https://www.zigbang.com/home/apt/items/50022949
2026-08-12 05:22:36,원룸,50025156,월세,01,경기도 광주시 송정동,광주시,송정동,200,28,0,15,4.54,4,저렴하고 깨끗한 원룸입니다,https://www.zigbang.com/home/apt/items/50025156
2026-08-12 05:22:36,원룸,50025316,월세,01,경기도 광주시 경안동,광주시,경안동,300,40,0,25,7.56,4,이마트 건너편 원룸 월세,https://www.zigbang.com/home/apt/items/50025316
2026-08-12 05:22:21,원룸,50026015,월세,01,서울시 영등포구 영등포동8가,영등포구,영등포동8가,2000,57,0,31.03,9.39,고,풀옵션 큰길 보안굿 전입신고가능 협의입주,https://www.zigbang.com/home/apt/items/50026015
2026-08-12 05:22:21,원룸,50026139,월세,01,서울시 영등포구 영등포동7가,영등포구,영등포동7가,5000,90,0,38.96,11.79,저,대로변ㅣ풀옵션오피스텔ㅣ전입Oㅣ여의도가까운곳,https://www.zigbang.com/home/apt/items/50026139
2026-08-12 05:22:21,원룸,50026518,월세,02,서울시 영등포구 영등포동7가,영등포구,영등포동7가,5000,90,0,38.96,11.79,2,LL 인기매물 떴다 예쁜 1.5룸 오피스텔 컨디션 좋아,https://www.zigbang.com/home/apt/items/50026518
2026-08-12 05:22:21,원룸,50026954,월세,01,서울시 영등포구 당산동,영등포구,당산동,1000,45,0,23.8,7.2,4,"당산역,시장역 부근 여의도 코앞 깔끔하고 사이즈큰 원룸",https://www.zigbang.com/home/apt/items/50026954
2026-08-12 05:22:21,원룸,50027052,전세,01,서울시 영등포구 영등포동7가,영등포구,영등포동7가,16500,0,0,17.63,5.33,3,"빠른입주가능,허그버팀목,보증보험가능한 풀옵션 원룸",https://www.zigbang.com/home/apt/items/50027052
2026-08-12 05:22:21,원룸,50027096,월세,02,서울시 영등포구 영등포동7가,영등포구,영등포동7가,5000,90,0,38.96,11.79,2,S 풀옵션 1.5룸 오피스텔 전입O 인기매물,https://www.zigbang.com/home/apt/items/50027096
2026-08-12 05:22:21,원룸,50027612,월세,02,서울시 영등포구 영등포동7가,영등포구,영등포동7가,5000,90,0,38.96,11.79,2,"전입가능,인기 많은 대로변 1.5룸 오피스텔",https://www.zigbang.com/home/apt/items/50027612
2026-08-12 05:22:21,원룸,50027792,월세,02,서울시 영등포구 영등포동7가,영등포구,영등포동7가,3000,40,0,21.49,6.5,4,여의도 국회의사당 도보 출퇴가능한 분리형 원룸,https://www.zigbang.com/home/apt/items/50027792
2026-08-12 05:22:21,원룸,50028398,전세,02,서울시 영등포구 당산동,영등포구,당산동,17500,0,0,52.66,15.93,4,빠른입주가능.보증보험가능.대출가능.여의도 출퇴근 용이,https://www.zigbang.com/home/apt/items/50028398
2026-08-12 05:22:21,원룸,50028760,월세,02,서울시 영등포구 당산동,영등포구,당산동,3000,30,0,20.12,6.09,3,당산동 인기많은 분리형 원룸 가성비 최고,https://www.zigbang.com/home/apt/items/50028760
2026-08-12 05:22:21,원룸,50029152,월세,02,서울시 영등포구 영등포동7가,영등포구,영등포동7가,3000,40,0,21.44,6.49,6,영등포 시장역 역세권 큰 분리형원룸 찾으시면 클릭,https://www.zigbang.com/home/apt/items/50029152
2026-08-12 05:22:55,원룸,50028823,월세,01,서울시 중랑구 면목동,중랑구,면목동,13400,20,0,16.56,5.01,2,"LH,허그보증, 버팀목등 , 반려가능, 테라스 , 풀옵션",https://www.zigbang.com/home/apt/items/50028823
2026-08-12 05:22:57,원룸,49849676,월세,02,경기도 김포시 통진읍 마송리,김포시,통진읍,500,59,0,45,13.61,1,투룸 깨끗합니다,https://www.zigbang.com/home/apt/items/49849676
2026-08-12 05:22:58,원룸,49871899,월세,03,경기도 파주시 다율동,파주시,다율동,1000,80,0,103.04,31.17,고,엄청넓은 복층형 전용16 풀옵션 남향,https://www.zigbang.com/home/apt/items/49871899
2026-08-12 05:22:58,원룸,49908063,월세,01,경기도 파주시 다율동,파주시,다율동,300,35,0,16.53,5.0,2,다율동 원룸.,https://www.zigbang.com/home/apt/items/49908063
2026-08-12 05:22:58,원룸,49908131,월세,01,경기도 파주시 문발동,파주시,문발동,300,32,0,19.83,6.0,3,깨끗한 원룸.,https://www.zigbang.com/home/apt/items/49908131
2026-08-12 05:22:58,원룸,49908157,월세,01,경기도 파주시 문발동,파주시,문발동,300,35,0,16.53,5.0,3,문발동 원룸.,https://www.zigbang.com/home/apt/items/49908157
2026-08-12 05:22:58,원룸,49908183,월세,02,경기도 파주시 다율동,파주시,다율동,500,43,0,16.53,5.0,3,다율동 깨끗한 1.5룸.,https://www.zigbang.com/home/apt/items/49908183
2026-08-12 05:22:58,원룸,49989144,월세,03,경기도 파주시 다율동,파주시,다율동,500,65,0,88.43,26.75,고,업무용.전용13평.천장형냉난방기.주방풀옵션.개별화장실.,https://www.zigbang.com/home/apt/items/49989144
2026-08-12 05:22:58,원룸,50004906,월세,01,경기도 파주시 동패동,파주시,동패동,500,45,0,26,7.86,4,즉시입주  아담한 오픈형 원룸 풀옵션 까페거리내 단기가능,https://www.zigbang.com/home/apt/items/50004906
2026-08-12 05:22:58,원룸,50016660,월세,02,경기도 파주시 동패동,파주시,동패동,1000,60,0,39.67,12.0,옥탑방,즉시 옥탑테라스 있는 넓은 1.5룸 옵션0 동패고주거전용,https://www.zigbang.com/home/apt/items/50016660
2026-08-12 05:22:58,원룸,50019215,월세,01,경기도 파주시 동패동,파주시,동패동,500,55,0,27.9,8.44,2,중문. 세탁실주방 분리구조.GTX도보.대중교통편리.즉시입주,https://www.zigbang.com/home/apt/items/50019215
2026-08-12 05:23:00,원룸,49736951,월세,02,경기도 고양시 덕양구 내유동,고양시 덕양구,내유동,1000,50,0,46.9,14.19,1,단독주택입니다 버스정류장까지 가깝습니다,https://www.zigbang.com/home/apt/items/49736951
2026-08-12 05:23:01,원룸,49806374,월세,02,경기도 파주시 탄현면 대동리,파주시,탄현면,1000,45,0,38,11.49,2,"준신축, 채광이 좋습니다. 방과 거실이 분리, 주차 가능",https://www.zigbang.com/home/apt/items/49806374
2026-08-12 05:23:01,원룸,50024471,월세,02,경기도 파주시 탄현면 법흥리,파주시,탄현면,500,38,0,38,11.49,1,"귀한 1.5룸, 풀옵션, 깨끗하고 안전하며 주차가능합니다.",https://www.zigbang.com/home/apt/items/50024471
2026-08-12 05:23:02,원룸,49857627,월세,01,경기도 파주시 문산읍 당동리,파주시,문산읍,100,30,0,18,5.44,4,당동원룸 I 깔끔하게 관리 잘된 시내쪽 원룸,https://www.zigbang.com/home/apt/items/49857627
2026-08-12 05:23:02,원룸,49878981,월세,01,경기도 파주시 문산읍 당동리,파주시,문산읍,500,35,0,20,6.05,5,당동리  엘베있는 깔끔한 원룸,https://www.zigbang.com/home/apt/items/49878981
2026-08-12 05:23:02,원룸,49966494,월세,01,경기도 파주시 문산읍 당동리,파주시,문산읍,100,30,0,17,5.14,2,㉧모든공과금 관리비에 포함㉧단기가능㉧저보증금㉧풀옵션㉧,https://www.zigbang.com/home/apt/items/49966494
2026-08-12 05:23:02,원룸,50028728,월세,01,경기도 파주시 문산읍 선유리,파주시,문산읍,100,30,0,19,5.75,3,선유리 원룸 I 수납함 여유있는 저렴한 원룸,https://www.zigbang.com/home/apt/items/50028728
2026-08-12 05:23:02,원룸,50028731,월세,02,경기도 파주시 문산읍 선유리,파주시,문산읍,100,40,0,20,6.05,3,선유리 원룸 I 옷장 수납함 넉넉한 분리형 원룸입니다.,https://www.zigbang.com/home/apt/items/50028731
2026-08-12 05:23:02,원룸,50028787,월세,01,경기도 파주시 문산읍 당동리,파주시,문산읍,100,30,0,18,5.44,4,당동원룸 I 한달 월세 관리비 35만원 그외비용없음,https://www.zigbang.com/home/apt/items/50028787
2026-08-12 05:23:02,원룸,50028803,월세,01,경기도 파주시 문산읍 선유리,파주시,문산읍,200,30,0,20,6.05,3,선유리 원룸 I 풀옵션 I 한달40만원 그외비용 없음,https://www.zigbang.com/home/apt/items/50028803
2026-08-12 05:23:02,원룸,50028817,월세,01,경기도 파주시 문산읍 선유리,파주시,문산읍,100,30,0,20,6.05,3,선유리 원룸 I 월세 관리비 공과금 40만원 그외 비용없음,https://www.zigbang.com/home/apt/items/50028817
2026-08-12 05:23:02,원룸,49804459,월세,01,경기도 파주시 월롱면 덕은리,파주시,월롱면,100,20,0,18,5.44,3,대로변  원룸 주차편함  풀옵션구성 관리비는 난방비제외.,https://www.zigbang.com/home/apt/items/49804459
2026-08-12 05:23:02,원룸,49804495,월세,02,경기도 파주시 월롱면 능산리,파주시,월롱면,200,40,0,35,10.59,5,"1.5룸 분리형 풀옵션 깨끗함 주차편함,엘리베이트.",https://www.zigbang.com/home/apt/items/49804495
2026-08-12 05:23:02,원룸,49804546,월세,02,경기도 파주시 월롱면 덕은리,파주시,월롱면,200,50,0,50,15.12,3,"분리형 2룸  풀옵션 에어컨2대 ,냉장고,세탁기등 풀옵션,",https://www.zigbang.com/home/apt/items/49804546
2026-08-12 05:23:02,원룸,49866897,월세,02,경기도 파주시 월롱면 덕은리,파주시,월롱면,100,50,0,40,12.1,3,"깨끗1.5룸 ,주변편의상권형성 , 풀옵션 에어컨 냉장고등.",https://www.zigbang.com/home/apt/items/49866897
2026-08-12 05:23:02,원룸,49866994,월세,02,경기도 파주시 월롱면 덕은리,파주시,월롱면,200,55,0,50,15.12,4,"2룸넓고 깨끗함, 풀옵션 화장실2개,에어컨2,세탁기냉장고",https://www.zigbang.com/home/apt/items/49866994
2026-08-12 05:23:02,원룸,49867048,월세,02,경기도 파주시 월롱면 덕은리,파주시,월롱면,100,40,0,36.3,10.98,4,깨끗한 1.5룸 넓음 주차가능 풀옵션.,https://www.zigbang.com/home/apt/items/49867048
2026-08-12 05:23:02,원룸,49918006,월세,01,경기도 파주시 월롱면 덕은리,파주시,월롱면,100,30,0,19.83,6.0,4,"P7,P8 인근 대출없고 전입신고 가능한 깨끗한 원룸",https://www.zigbang.com/home/apt/items/49918006
2026-08-12 05:23:02,원룸,49918311,월세,01,경기도 파주시 월롱면 덕은리,파주시,월롱면,100,25,0,20,6.05,3,깨끗풀옵션 단지형  원룸 넓은주차장  파주 LCD  P8,https://www.zigbang.com/home/apt/items/49918311
2026-08-12 05:23:02,원룸,49931847,월세,03,경기도 파주시 월롱면 덕은리,파주시,월롱면,200,30,0,66.65,20.16,고,"즉시 입주, 깨끗하고 전입신고 가능한 풀옵션 오피스텔",https://www.zigbang.com/home/apt/items/49931847
2026-08-12 05:23:02,원룸,49956530,월세,01,경기도 파주시 월롱면 덕은리,파주시,월롱면,50,30,0,23.14,7.0,3,"전입신고가능, 조용하고 주차가 편한 풀옵션 넓은 원룸",https://www.zigbang.com/home/apt/items/49956530
2026-08-12 05:23:02,원룸,50008863,월세,03,경기도 파주시 월롱면 덕은리,파주시,월롱면,200,30,0,66.65,20.16,2,도배 새로한 전입신고 가능한  풀옵션 오피스텔,https://www.zigbang.com/home/apt/items/50008863
2026-08-12 05:23:02,원룸,50022854,월세,03,경기도 파주시 월롱면 덕은리,파주시,월롱면,200,25,0,66.65,20.16,고,도배깨끗 세금계산서 발행  전입신고 가능 풀옵션 오피스텔,https://www.zigbang.com/home/apt/items/50022854
2026-08-12 05:22:45,원룸,50028459,월세,01,서울시 중랑구 묵동,중랑구,묵동,1000,60,0,25,7.56,6,"먹골역,엘베유,넓은풀옵션원룸,즉시입주가능",https://www.zigbang.com/home/apt/items/50028459
2026-08-12 05:22:45,원룸,49661071,월세,01,서울시 중랑구 묵동,중랑구,묵동,1000,50,0,17,5.14,2,"먹골역2분 정남향 풀옵션 원룸,입주날짜 조정가능,주차가능",https://www.zigbang.com/home/apt/items/49661071
2026-08-12 05:22:45,원룸,49914240,월세,01,서울시 중랑구 묵동,중랑구,묵동,1000,45,0,16.53,5.0,2,"주차가능 원룸,풀옵션,먹골역 도보6분,빠른입주가능",https://www.zigbang.com/home/apt/items/49914240
2026-08-12 05:22:45,원룸,49943830,월세,01,서울시 중랑구 묵동,중랑구,묵동,1000,50,0,19.83,6.0,2,"먹골역2분, 넓은 풀옵션 원룸,완전깔끔,애완x, 주차가능",https://www.zigbang.com/home/apt/items/49943830
2026-08-12 05:22:45,원룸,50008219,월세,01,서울시 중랑구 묵동,중랑구,묵동,1000,50,0,19.83,6.0,2,"먹골역2분, 넓은 풀옵션 원룸,완전깔끔,애완x, 주차가능",https://www.zigbang.com/home/apt/items/50008219
2026-08-12 05:22:45,원룸,50013291,전세,01,서울시 중랑구 묵동,중랑구,묵동,16000,0,0,34,10.28,2,"먹골역2분 공간넓은 빌라형 대형원룸,LH,SH가능,주차O",https://www.zigbang.com/home/apt/items/50013291
2026-08-12 05:22:45,원룸,49950810,월세,01,서울시 중랑구 묵동,중랑구,묵동,1000,45,0,22.5,6.81,1,"먹골역 도보 5분거리 남향원룸. 바닥1층, 남성분좋아요",https://www.zigbang.com/home/apt/items/49950810
2026-08-12 05:22:45,원룸,50019030,월세,02,서울시 중랑구 묵동,중랑구,묵동,500,38,0,26.45,8.0,반지하,"풀옵션,즉시입주,넓은화장실",https://www.zigbang.com/home/apt/items/50019030
2026-08-12 05:23:04,원룸,49743688,월세,01,서울시 도봉구 방학동,도봉구,방학동,500,58,0,26.55,8.03,1,도깨비시장 부근 방학동 살기좋은 원룸,https://www.zigbang.com/home/apt/items/49743688
2026-08-12 05:23:04,원룸,49833758,전세,03,서울시 도봉구 방학동,도봉구,방학동,14000,0,0,26.45,8.0,14,방학신화하니엘시티 LH.SH 전세,https://www.zigbang.com/home/apt/items/49833758
2026-08-12 05:23:04,원룸,49867582,월세,01,서울시 도봉구 방학동,도봉구,방학동,200,40,0,19.53,5.91,2,도봉구 방학동  살기좋은 원룸,https://www.zigbang.com/home/apt/items/49867582
2026-08-12 05:23:04,원룸,49977254,월세,01,서울시 도봉구 도봉동,도봉구,도봉동,1000,50,0,33.06,10.0,6,방큰원룸 신축급 풀옵션 여성전용 엘베있슴 도봉산역 주차가,https://www.zigbang.com/home/apt/items/49977254
2026-08-12 05:23:04,원룸,49977360,월세,01,서울시 도봉구 도봉동,도봉구,도봉동,1000,45,0,33.1,10.01,4,신축급 큰방풀옵션 시설깨끗 역세권 도봉산역 엘베 주차가,https://www.zigbang.com/home/apt/items/49977360
2026-08-12 05:23:04,원룸,49977431,월세,01,서울시 도봉구 도봉동,도봉구,도봉동,300,32,0,16.52,5.0,4,풀옵션깨끗 역세권1호선도봉역 4분 버스전용 20개노선,https://www.zigbang.com/home/apt/items/49977431
2026-08-12 05:23:04,원룸,49977950,월세,01,서울시 도봉구 도봉동,도봉구,도봉동,1000,45,0,18.75,5.67,4,"도봉산역,신축급,내외부깨끗,엘베",https://www.zigbang.com/home/apt/items/49977950
2026-08-12 05:23:04,원룸,50003592,월세,01,서울시 도봉구 방학동,도봉구,방학동,500,65,0,29.75,9.0,6,"신축급풀옵션  시설깨끗 초역세권 방학역 ,주차가",https://www.zigbang.com/home/apt/items/50003592
2026-08-12 05:23:04,원룸,50011101,월세,03,서울시 도봉구 방학동,도봉구,방학동,1000,60,0,42.98,13.0,2,"방학역하니엘씨티 월세, 사업자 또는 전입신고 안하는 조건",https://www.zigbang.com/home/apt/items/50011101
2026-08-12 05:23:04,원룸,50016960,월세,01,서울시 도봉구 도봉동,도봉구,도봉동,500,45,0,33.06,10.0,2,"신축급풀옵션 방큰원룸 9평 역세권1,7호선 도봉산역",https://www.zigbang.com/home/apt/items/50016960
2026-08-12 05:23:04,원룸,49736459,전세,01,서울시 노원구 상계동,노원구,상계동,2500,0,0,15.08,4.56,반지하,풀 옵션 입니다.,https://www.zigbang.com/home/apt/items/49736459
2026-08-12 05:23:04,원룸,49833820,월세,01,서울시 노원구 상계동,노원구,상계동,500,40,0,17,5.14,2,집앞주차 옵션 상계역5분 입주일조정가능,https://www.zigbang.com/home/apt/items/49833820
2026-08-12 05:23:04,원룸,49842699,월세,02,경기도 의정부시 호원동,의정부시,호원동,500,38,0,19.83,6.0,2,주방분리형1.5룸 풀옵션 깨끗,https://www.zigbang.com/home/apt/items/49842699
2026-08-12 05:23:04,원룸,49844406,월세,02,경기도 의정부시 호원동,의정부시,호원동,300,40,0,21.49,6.5,2,신축1.5룸 분리형 풀옵션 깨끗,https://www.zigbang.com/home/apt/items/49844406
2026-08-12 05:23:04,원룸,49845387,월세,01,서울시 노원구 상계동,노원구,상계동,2500,15,0,25.5,7.71,옥탑방,깨끗합니다..,https://www.zigbang.com/home/apt/items/49845387
2026-08-12 05:23:04,원룸,49860617,월세,01,서울시 노원구 상계동,노원구,상계동,300,30,0,23,6.96,1,8월23일이후 냉장고세탁기 가스렌지 1층 상계역5분,https://www.zigbang.com/home/apt/items/49860617
2026-08-12 05:23:04,원룸,49872373,월세,01,서울시 노원구 상계동,노원구,상계동,1000,35,0,18.5,5.6,2,상계역 도보5분,https://www.zigbang.com/home/apt/items/49872373
2026-08-12 05:23:04,원룸,49880263,월세,01,경기도 의정부시 호원동,의정부시,호원동,100,35,0,19.83,6.0,2,단기계약가능 2020년신축 풀옵션 깨끗 엘리베이터있음,https://www.zigbang.com/home/apt/items/49880263
2026-08-12 05:23:04,원룸,49889874,전세,01,서울시 노원구 상계동,노원구,상계동,5000,0,0,19.05,5.76,3,상계역 도보5분,https://www.zigbang.com/home/apt/items/49889874
2026-08-12 05:23:04,원룸,50011659,전세,01,서울시 노원구 상계동,노원구,상계동,2500,0,0,15,4.54,반지하,공실 가전제품옵션 상계역3분,https://www.zigbang.com/home/apt/items/50011659
2026-08-12 05:23:04,원룸,50013794,월세,01,서울시 노원구 중계동,노원구,중계동,300,30,0,15,4.54,2,상계역1분.월세저렴한.풀옵션.빠입주,https://www.zigbang.com/home/apt/items/50013794
2026-08-12 05:23:04,원룸,50021044,월세,02,서울시 노원구 공릉동,노원구,공릉동,3000,50,0,22.98,6.95,1,"거실 과 방이 모두 넓은 분리형 원룸, 8월 말입주 가능",https://www.zigbang.com/home/apt/items/50021044
2026-08-12 05:23:04,원룸,50021923,월세,01,서울시 노원구 공릉동,노원구,공릉동,500,30,0,18,5.44,3,"태릉입구역 1분 남향 발고 환해요 가성비까지 최고, 엘베0",https://www.zigbang.com/home/apt/items/50021923
2026-08-12 05:23:04,원룸,50022655,월세,01,서울시 노원구 공릉동,노원구,공릉동,1000,49,0,19.83,6.0,3,큰방 수납짱 양창문 깔끔한 풀옵션 원룸,https://www.zigbang.com/home/apt/items/50022655
2026-08-12 05:23:04,원룸,50025901,월세,01,서울시 노원구 공릉동,노원구,공릉동,1000,60,0,16.52,5.0,1,풀옵션원룸과기대 정문도보4분,https://www.zigbang.com/home/apt/items/50025901
2026-08-12 05:23:04,원룸,50025994,월세,01,서울시 노원구 공릉동,노원구,공릉동,1500,72,0,16.53,5.0,4,2008년풀옵션원룸공릉역도보9분 과기대 정문도보4분,https://www.zigbang.com/home/apt/items/50025994
2026-08-12 05:23:04,원룸,50026105,전세,01,서울시 노원구 하계동,노원구,하계동,6500,0,0,13.22,4.0,2,"풀옵션원룸,과기대후문 도보 2분",https://www.zigbang.com/home/apt/items/50026105
2026-08-12 05:23:04,원룸,50026446,전세,01,서울시 노원구 하계동,노원구,하계동,9300,0,0,19.83,6.0,3,대출안됨 풀옵션원룸하계역도보3분,https://www.zigbang.com/home/apt/items/50026446
2026-08-12 05:23:04,원룸,50028439,월세,01,서울시 노원구 공릉동,노원구,공릉동,2000,35,0,16.5,4.99,3,"태릉입구,화랑대역 투역세권, 신축급 원룸",https://www.zigbang.com/home/apt/items/50028439
2026-08-12 05:23:04,원룸,50029236,월세,01,서울시 노원구 공릉동,노원구,공릉동,500,35,0,19,5.75,반지하,큰방.화랑대역 조용하고 깨끗한 집,https://www.zigbang.com/home/apt/items/50029236
2026-08-12 05:23:05,원룸,49734059,월세,02,경기도 의정부시 가능동,의정부시,가능동,300,40,0,36.36,11.0,반지하,큰길 가깝습니다 옵션있어요 즉시입주가능합니다,https://www.zigbang.com/home/apt/items/49734059
2026-08-12 05:23:05,원룸,49809128,월세,02,경기도 의정부시 가능동,의정부시,가능동,100,15,0,33.06,10.0,3,"저렴한 원룸입니다 ,거주공간 편하게 출입가능합니다",https://www.zigbang.com/home/apt/items/49809128
2026-08-12 05:23:05,원룸,49923242,월세,02,경기도 의정부시 가능동,의정부시,가능동,500,40,0,30,9.07,3,주방 분리형 큰방 풀옵션,https://www.zigbang.com/home/apt/items/49923242
2026-08-12 05:23:05,원룸,49939872,월세,02,경기도 의정부시 가능동,의정부시,가능동,400,32,0,23,6.96,1,"ꪑꪑ실매물ꪑꪑ 분리형깔끔, 가성비 최고, 주차 굿",https://www.zigbang.com/home/apt/items/49939872
2026-08-12 05:23:05,원룸,49941201,월세,02,경기도 의정부시 녹양동,의정부시,녹양동,300,32,0,23.14,7.0,5,분리형 원룸 베란다까지 있어 편리,https://www.zigbang.com/home/apt/items/49941201
2026-08-12 05:23:05,원룸,49981781,월세,01,경기도 의정부시 가능동,의정부시,가능동,400,32,0,23.14,7.0,3,VV안심중개사VV 완벽한 분려형원룸 조용해요.실사진 제공.,https://www.zigbang.com/home/apt/items/49981781
2026-08-12 05:23:05,원룸,49981783,월세,02,경기도 의정부시 가능동,의정부시,가능동,400,32,0,23.14,7.0,3,VV안심중개사VV 풀옵션 조용한 분리형원룸 .실사진 제공.,https://www.zigbang.com/home/apt/items/49981783
2026-08-12 05:23:05,원룸,50006796,월세,02,경기도 의정부시 가능동,의정부시,가능동,300,39,0,23,6.96,2,VV안심중개사VV 보300 풀옵션 분리형원룸.실사진 제공.,https://www.zigbang.com/home/apt/items/50006796
2026-08-12 05:23:05,원룸,50006839,월세,02,경기도 의정부시 가능동,의정부시,가능동,300,39,0,23.14,7.0,2,VV안심중개사VV 역세권 분리형원룸 아늑 .실사진 제공.,https://www.zigbang.com/home/apt/items/50006839
2026-08-12 05:23:05,원룸,50006869,월세,02,경기도 의정부시 가능동,의정부시,가능동,300,39,0,23,6.96,2,VV안심중개사VV 완벽한 풀옵션 분리형원룸 .실사진 제공.,https://www.zigbang.com/home/apt/items/50006869
2026-08-12 05:23:05,원룸,50016892,월세,02,경기도 의정부시 가능동,의정부시,가능동,200,20,0,28,8.47,반지하,에어컨이 있는 반지층 방1개,https://www.zigbang.com/home/apt/items/50016892
2026-08-12 05:23:05,원룸,50018695,월세,02,경기도 의정부시 가능동,의정부시,가능동,100,15,0,33.06,10.0,2,"저렴한방입니다 
즉시입주가능합니다 
보증금에따라 조정가능",https://www.zigbang.com/home/apt/items/50018695
2026-08-12 05:23:05,원룸,50027885,월세,01,경기도 의정부시 녹양동,의정부시,녹양동,300,30,0,21,6.35,4,가성비원룸 즉시입주가능 상태좋음,https://www.zigbang.com/home/apt/items/50027885
2026-08-12 05:23:05,원룸,50028138,월세,01,경기도 의정부시 녹양동,의정부시,녹양동,300,35,0,23,6.96,3,세탁기 교체등 정비완료 종합운동장 근처로 월주차2만원,https://www.zigbang.com/home/apt/items/50028138
2026-08-12 05:23:05,원룸,50029067,월세,03,경기도 의정부시 녹양동,의정부시,녹양동,500,36,0,26.44,8.0,2,"db 복층형 원룸, 녹양역 도보가능, 저렴한가격 db",https://www.zigbang.com/home/apt/items/50029067
2026-08-12 05:23:05,원룸,49783757,월세,03,경기도 남양주시 별내동,남양주시,별내동,6000,22,0,22,6.65,3,"식송2블럭, 복층원룸, 전입가능,입주협의",https://www.zigbang.com/home/apt/items/49783757
2026-08-12 05:23:05,원룸,49951197,월세,03,경기도 남양주시 별내동,남양주시,별내동,2000,49,0,22,6.65,4,"별가람역 도보10분 뷰 좋은 복층형 풀옵션 원룸, 빠른입주",https://www.zigbang.com/home/apt/items/49951197
2026-08-12 05:23:05,원룸,50021825,월세,02,경기도 의정부시 의정부동,의정부시,의정부동,2000,38,0,23.14,7.0,14,SH주방분리v초초역세권v환하고넓은방SH,https://www.zigbang.com/home/apt/items/50021825
2026-08-12 05:23:05,원룸,50021886,월세,02,경기도 의정부시 의정부동,의정부시,의정부동,2000,40,0,23.15,7.0,2,ㅡ 주방분리형ㅣ발코니구조ㅣ지하철3분 ㅡ 풀옵션ㅣ전입ㅣ주차,https://www.zigbang.com/home/apt/items/50021886
2026-08-12 05:23:05,원룸,50022963,월세,02,경기도 의정부시 의정부동,의정부시,의정부동,3000,31,0,25,7.56,9,VV안심중개사VV 큰평수 깔끔한 분리형원룸.보증금조절가능.,https://www.zigbang.com/home/apt/items/50022963
2026-08-12 05:23:05,원룸,50022965,월세,02,경기도 의정부시 의정부동,의정부시,의정부동,3000,31,0,25,7.56,9,VV안심중개사VV반전세 초역세권 분리형원룸.보증금조절가능.,https://www.zigbang.com/home/apt/items/50022965
2026-08-12 05:23:05,원룸,50022966,월세,02,경기도 의정부시 의정부동,의정부시,의정부동,3000,31,0,25,7.56,9,VV안심중개사VV초역세권 풀옵션 분리형원룸.보증금조절가능.,https://www.zigbang.com/home/apt/items/50022966
2026-08-12 05:23:05,원룸,50024590,월세,01,경기도 의정부시 의정부동,의정부시,의정부동,200,36,0,19.5,5.9,3,보200ㅣ빠른입주ㅣ전입Oㅣ풀옵션ㅣ,https://www.zigbang.com/home/apt/items/50024590
2026-08-12 05:23:05,원룸,50025290,월세,02,경기도 의정부시 의정부동,의정부시,의정부동,2000,41,0,25,7.56,2,VV안심중개사VV 고품격 반전세 분리형원룸.보증금조절가능.,https://www.zigbang.com/home/apt/items/50025290
2026-08-12 05:23:05,원룸,50025298,월세,02,경기도 의정부시 의정부동,의정부시,의정부동,2000,41,0,25,7.56,2,VV안심중개사VV 고품격 베란다 분리형원룸.보증금조절가능.,https://www.zigbang.com/home/apt/items/50025298
2026-08-12 05:23:05,원룸,50025307,월세,02,경기도 의정부시 의정부동,의정부시,의정부동,2000,41,0,25,7.56,2,VV안심중개사VV초역세권 베란다 분리형원룸.보증금조절가능.,https://www.zigbang.com/home/apt/items/50025307
2026-08-12 05:23:05,원룸,50025736,월세,02,경기도 의정부시 의정부동,의정부시,의정부동,2000,40,0,17.52,5.3,2,SH주방분리 ㅇ 베란다V초역세권V신축급풀옵션원룸SH,https://www.zigbang.com/home/apt/items/50025736
2026-08-12 05:23:05,원룸,50028170,월세,01,경기도 의정부시 호원동,의정부시,호원동,300,32,0,19.83,6.0,2,보500도가능 대로변안전 신축급깨끗 풀옵션 엘리베이터있음,https://www.zigbang.com/home/apt/items/50028170
2026-08-12 05:23:05,원룸,50028182,월세,01,경기도 의정부시 호원동,의정부시,호원동,100,35,0,19.83,6.0,4,주차가능 풀옵션 조용하고 한산한곳,https://www.zigbang.com/home/apt/items/50028182
2026-08-12 05:23:05,원룸,50028359,월세,02,경기도 의정부시 의정부동,의정부시,의정부동,500,40,0,22,6.65,1,"•No.1 안심중개• 가성비 좋은ㅣ분리형,풀옵션ㅣ전입가능",https://www.zigbang.com/home/apt/items/50028359
2026-08-12 05:23:05,원룸,50028371,월세,02,경기도 의정부시 의정부동,의정부시,의정부동,500,40,0,22,6.65,1,•No.1 안심추천• 월세저렴ㅣ전입가능ㅣ위치좋은ㅣ분리형원룸,https://www.zigbang.com/home/apt/items/50028371
2026-08-12 05:23:05,원룸,50028382,월세,02,경기도 의정부시 의정부동,의정부시,의정부동,500,40,0,22,6.65,1,•No.1 안심중개• 가성비ㅣ전입가능ㅣ위치좋은ㅣ풀옵션원룸,https://www.zigbang.com/home/apt/items/50028382
2026-08-12 05:23:06,원룸,49918776,월세,01,경기도 남양주시 금곡동,남양주시,금곡동,100,55,0,33,9.98,3,"넓은풀옵션원룸 , 단기임대가능 3개월부터, 큰냉장고,비데o",https://www.zigbang.com/home/apt/items/49918776
2026-08-12 05:23:06,원룸,49918789,월세,01,경기도 남양주시 금곡동,남양주시,금곡동,500,30,0,28,8.47,4,"저렴한 풀옵션, 즉시입주가능",https://www.zigbang.com/home/apt/items/49918789
2026-08-12 05:23:06,원룸,49918822,월세,01,경기도 남양주시 금곡동,남양주시,금곡동,500,50,0,30,9.07,5,"금곡역세권, 빠른입주가능, 엘레베이터o",https://www.zigbang.com/home/apt/items/49918822
2026-08-12 05:23:06,원룸,50000157,월세,01,경기도 남양주시 금곡동,남양주시,금곡동,30,32,0,11.5,3.48,7,"엘레베이터o,주차가능,금곡역세권,즉시입주,전입신고x",https://www.zigbang.com/home/apt/items/50000157
2026-08-12 05:23:06,원룸,50022842,월세,01,경기도 남양주시 진건읍 사능리,남양주시,진건읍,500,32,0,29.75,9.0,1,"전원주택마을에위치. 전입신고 x 인터넷, 수도세,전기세포함",https://www.zigbang.com/home/apt/items/50022842
2026-08-12 05:23:07,원룸,49961186,전세,01,경기도 의정부시 낙양동,의정부시,낙양동,7500,0,0,20,6.05,2,건축6차 깨끗한 풀옵션원룸 전세,https://www.zigbang.com/home/apt/items/49961186
2026-08-12 05:23:07,원룸,49961223,전세,01,경기도 의정부시 낙양동,의정부시,낙양동,7500,0,0,20,6.05,2,건축6차 깨끗한 풀옵션원룸 전세,https://www.zigbang.com/home/apt/items/49961223
2026-08-12 05:23:07,원룸,50029215,월세,01,경기도 의정부시 낙양동,의정부시,낙양동,1000,50,0,20,6.05,2,민락2지구 깨끗한 풀옵션 원룸월세,https://www.zigbang.com/home/apt/items/50029215
2026-08-12 05:23:07,원룸,50029271,월세,01,경기도 의정부시 낙양동,의정부시,낙양동,500,50,0,19.83,6.0,2,민락2지구 깨끗한 풀옵션 원룸월세,https://www.zigbang.com/home/apt/items/50029271
2026-08-12 05:23:07,원룸,50004117,월세,02,경기도 양주시 광적면 석우리,양주시,광적면,200,30,0,19.83,6.0,2,분리형 원룸.남향.전세가능,https://www.zigbang.com/home/apt/items/50004117
2026-08-12 05:23:07,원룸,50004138,월세,01,경기도 양주시 광적면 석우리,양주시,광적면,200,27,0,19.83,6.0,2,관리비포함30만원.1층필로티주자장,https://www.zigbang.com/home/apt/items/50004138
2026-08-12 05:23:07,원룸,50004152,월세,01,경기도 양주시 광적면 가납리,양주시,광적면,300,30,0,19.83,6.0,2,수납좋고 깨끗함,https://www.zigbang.com/home/apt/items/50004152
2026-08-12 05:23:07,원룸,50004622,월세,02,경기도 양주시 광적면 가납리,양주시,광적면,300,30,0,23.14,7.0,3,분리형.버스정유장 접,https://www.zigbang.com/home/apt/items/50004622
2026-08-12 05:23:07,원룸,50004716,월세,02,경기도 양주시 광적면 석우리,양주시,광적면,200,30,0,19.83,6.0,3,꼬끼오 옆 분리형 원룸,https://www.zigbang.com/home/apt/items/50004716
2026-08-12 05:23:07,원룸,49927241,전세,01,경기도 양주시 덕계동,양주시,덕계동,4000,0,0,19.83,6.0,3,"풀옵션, 위치좋은원룸, 전세입니다.",https://www.zigbang.com/home/apt/items/49927241
2026-08-12 05:23:07,원룸,49982902,월세,01,경기도 양주시 덕계동,양주시,덕계동,500,55,0,20.2,6.11,2,"준신축. 풀옵션, 즉시입주, 엘베설치",https://www.zigbang.com/home/apt/items/49982902
2026-08-12 05:23:07,원룸,49850506,전세,05,경기도 양주시 덕계동,양주시,덕계동,24900,0,0,70.43,21.3,2,"왕왕 추천,에어컨2대,엘리베이터,빠른입주가능해요",https://www.zigbang.com/home/apt/items/49850506
2026-08-12 05:23:07,원룸,49900978,월세,01,경기도 양주시 고암동,양주시,고암동,300,25,0,26.45,8.0,1,원룸. 오픈형 넓은 방  옵션 좋은 방.즉시 입주,https://www.zigbang.com/home/apt/items/49900978
2026-08-12 05:23:07,원룸,49940495,월세,01,경기도 양주시 고암동,양주시,고암동,500,53,0,20,6.05,3,"공실,준신축,새련된 인테리어,주차편리,CCTV,버스정류장",https://www.zigbang.com/home/apt/items/49940495
2026-08-12 05:23:07,원룸,49940515,월세,01,경기도 양주시 광사동,양주시,광사동,500,55,0,38.49,11.64,7,"첫입주 오피스텔,주차가능,즉시입주,풀옵션,전입신고,애견가능",https://www.zigbang.com/home/apt/items/49940515
2026-08-12 05:23:07,원룸,49940582,월세,02,경기도 양주시 광사동,양주시,광사동,500,65,0,40,12.1,6,"즉시입주가능한 오피스텔,풀옵션,스타일러,상권좋고 주차가능",https://www.zigbang.com/home/apt/items/49940582
2026-08-12 05:23:07,원룸,49979386,월세,01,경기도 양주시 덕계동,양주시,덕계동,400,49,0,23.15,7.0,2,"신축. 풀옵션. 즉시입주, 엘베설치",https://www.zigbang.com/home/apt/items/49979386
2026-08-12 05:23:07,원룸,50011017,전세,01,경기도 양주시 고암동,양주시,고암동,3500,0,0,26.45,8.0,4,오픈형 넓은 원룸 리모델링 헤서 깔끔함,https://www.zigbang.com/home/apt/items/50011017
2026-08-12 05:23:07,원룸,50028738,월세,02,경기도 양주시 덕계동,양주시,덕계동,2000,60,0,33.9,10.25,2,U풀옵션 1.5룸U 역세권 U 신축U 두번째입주U,https://www.zigbang.com/home/apt/items/50028738
2026-08-12 05:23:07,원룸,50028800,월세,02,경기도 양주시 고암동,양주시,고암동,2000,55,0,33.9,10.25,2,U초대형 U 분리형 1.5룸 U 풀옵션 U 빠른입주가능 U,https://www.zigbang.com/home/apt/items/50028800
2026-08-12 05:23:07,원룸,50028838,월세,01,경기도 양주시 고암동,양주시,고암동,300,30,0,26.45,8.0,3,오픈형 넓은 원룸 공실 즉시입주,https://www.zigbang.com/home/apt/items/50028838
2026-08-12 05:23:08,원룸,49834515,월세,01,경기도 양주시 남면 신산리,양주시,남면,1,35,0,20,6.05,1,"무보증,즉시입주.주차편리.농협하나로마트1분,남면초도보1분.",https://www.zigbang.com/home/apt/items/49834515
2026-08-12 05:23:08,원룸,49901258,월세,03,경기도 양주시 옥정동,양주시,옥정동,100,63,0,41.12,12.44,3,선납방X 단기가능 옥정신도시 입주날짜확인,https://www.zigbang.com/home/apt/items/49901258
2026-08-12 05:23:08,원룸,50004217,월세,02,경기도 양주시 옥정동,양주시,옥정동,500,55,0,24,7.26,3,"1.5룸,화이트톤,풀옵션,주차편리,1000.50가능",https://www.zigbang.com/home/apt/items/50004217
2026-08-12 05:23:08,원룸,50010983,월세,04,경기도 양주시 옥정동,양주시,옥정동,250,100,0,100.63,30.44,4,선납방X  옥정유일한 단기임대 l 투룸 l,https://www.zigbang.com/home/apt/items/50010983
2026-08-12 05:23:08,원룸,50010999,월세,03,경기도 양주시 옥정동,양주시,옥정동,100,67,0,45.76,13.84,5,선납방Xl 단기임대 l 신축 북층형 오피스텔,https://www.zigbang.com/home/apt/items/50010999
2026-08-12 05:23:08,원룸,50011150,월세,04,경기도 양주시 옥정동,양주시,옥정동,250,100,0,74.05,22.4,고,ㅡㅡNEW단기임대 가능 신축 투룸 북층형 오피스텔,https://www.zigbang.com/home/apt/items/50011150
2026-08-12 05:23:08,원룸,50018516,월세,02,경기도 양주시 옥정동,양주시,옥정동,500,55,0,33.6,10.16,3,"분리형1.5룸,넓어요,환해요,풀옵션",https://www.zigbang.com/home/apt/items/50018516
2026-08-12 05:23:08,원룸,50022218,월세,03,경기도 양주시 옥정동,양주시,옥정동,500,58,0,49.77,15.06,12,"옥정 상권좋음,복층형원룸,풀옵션,주차가능,고급스런 오피스텔",https://www.zigbang.com/home/apt/items/50022218
2026-08-12 05:23:08,원룸,49843995,월세,02,경기도 동두천시 동두천동,동두천시,동두천동,500,40,0,23.76,7.19,4,"최신원룸, 엘레베이트 유 주방분리형 , 동양대 큰 방.",https://www.zigbang.com/home/apt/items/49843995
2026-08-12 05:23:08,원룸,49871887,월세,01,경기도 동두천시 동두천동,동두천시,동두천동,500,40,0,29.75,9.0,5,"큰방 원룸, 동양대 바로앞, 미군부대, 역 5분",https://www.zigbang.com/home/apt/items/49871887
2026-08-12 05:23:08,원룸,49874961,월세,01,경기도 동두천시 동두천동,동두천시,동두천동,400,29,0,23.14,7.0,2,"동양대코앞원룸, 미군부대, 세코닉스 가격좋고 예쁜 원룸",https://www.zigbang.com/home/apt/items/49874961
2026-08-12 05:23:09,원룸,49909464,월세,03,경기도 양주시 옥정동,양주시,옥정동,500,80,0,29.7,8.98,4,"복층 분리형 1.5룸,신축 첫입주 ,풀옵션",https://www.zigbang.com/home/apt/items/49909464
2026-08-12 05:23:09,원룸,50004382,월세,01,경기도 양주시 옥정동,양주시,옥정동,300,50,0,20,6.05,2,"원룸,즉시입주가능,주차너무 편리,집보기언제든,풀옵션,엘베",https://www.zigbang.com/home/apt/items/50004382
2026-08-12 05:23:09,원룸,49749495,전세,01,경기도 포천시 선단동,포천시,선단동,3500,0,0,18.05,5.46,4,선단동 동사무소 인근 넓고 깨끗한 원룸 입니다,https://www.zigbang.com/home/apt/items/49749495
2026-08-12 05:23:09,원룸,49767389,월세,01,경기도 포천시 선단동,포천시,선단동,500,60,0,23.82,7.21,4,신축 선단초부근 차단기있어 주차아주좋음 풀옵션 입주날짜협의,https://www.zigbang.com/home/apt/items/49767389
2026-08-12 05:23:09,원룸,49957527,월세,01,경기도 포천시 선단동,포천시,선단동,2000,25,0,16.53,5.0,4,선단동 동사무소 인근 넓은 원룸 입니다,https://www.zigbang.com/home/apt/items/49957527
2026-08-12 05:23:09,원룸,49991654,월세,01,경기도 포천시 선단동,포천시,선단동,100,29,0,9.92,3.0,2,선단동 주민센터 앞 대명 원룸텔 206호,https://www.zigbang.com/home/apt/items/49991654
2026-08-12 05:23:10,원룸,49851264,월세,01,경기도 이천시 신둔면 고척리,이천시,신둔면,300,39,0,24,7.26,2,단기가능  풀옵션 원룸 즉시 입주,https://www.zigbang.com/home/apt/items/49851264
2026-08-12 05:23:10,원룸,49879544,월세,01,경기도 이천시 신둔면 고척리,이천시,신둔면,300,42,0,26.45,8.0,2,관광대학교 정문앞 풀옵션 빠른입주,https://www.zigbang.com/home/apt/items/49879544
2026-08-12 05:23:10,원룸,49904917,월세,01,경기도 이천시 신둔면 고척리,이천시,신둔면,300,37,0,23.14,7.0,2,폴옵션 즉시입주,https://www.zigbang.com/home/apt/items/49904917
2026-08-12 05:23:10,원룸,49935871,월세,02,경기도 이천시 신둔면 고척리,이천시,신둔면,300,42,0,23.14,7.0,2,"단기가능한 한국관광대학교 인근, 깔끔한 풀옵션 원룸",https://www.zigbang.com/home/apt/items/49935871
2026-08-12 05:23:10,원룸,49941746,월세,03,경기도 이천시 신둔면 고척리,이천시,신둔면,500,50,0,25,7.56,3,채광좋은 층고 높은 풀옵션 복층 원룸,https://www.zigbang.com/home/apt/items/49941746
2026-08-12 05:23:10,원룸,49972473,월세,01,경기도 이천시 신둔면 고척리,이천시,신둔면,300,40,0,23.14,7.0,2,깨끗한 풀옵션 주차가능 9월입주가능,https://www.zigbang.com/home/apt/items/49972473
2026-08-12 05:23:10,원룸,50009399,월세,01,경기도 이천시 신둔면 고척리,이천시,신둔면,300,40,0,26.45,8.0,2,"풀옵션, 빠른입주가능, 상태 좋고 주차 좋습니다",https://www.zigbang.com/home/apt/items/50009399
2026-08-12 05:23:11,원룸,50019456,월세,02,경기도 광주시 쌍령동,광주시,쌍령동,200,70,0,73.92,22.36,2,쌍령동 저렴한 쓰리룸 단기월세,https://www.zigbang.com/home/apt/items/50019456
2026-08-12 05:23:10,원룸,49718451,월세,02,경기도 이천시 신둔면 남정리,이천시,신둔면,500,48,0,28,8.47,2,신둔도예촌촌역 인근 신축 급 분리형 원룸 즉시 입주,https://www.zigbang.com/home/apt/items/49718451
2026-08-12 05:23:10,원룸,49845979,전세,02,경기도 이천시 신둔면 수광리,이천시,신둔면,7500,0,0,35,10.59,3,도예천역 도보 가능한 신축급 1.5룸,https://www.zigbang.com/home/apt/items/49845979
2026-08-12 05:23:10,원룸,49895515,전세,02,경기도 이천시 신둔면 수광리,이천시,신둔면,7500,0,0,29.75,9.0,3,완전분리형 원룸 거실따로 있어요 21년 신축,https://www.zigbang.com/home/apt/items/49895515
2026-08-12 05:23:12,원룸,49773491,전세,02,경기도 이천시 부발읍 무촌리,이천시,부발읍,5250,0,0,23.14,7.0,2,이천시 부발읍 무촌리 보증보험 가입가능한 분리형원룸 전세,https://www.zigbang.com/home/apt/items/49773491
2026-08-12 05:23:12,원룸,49780966,월세,02,경기도 이천시 부발읍 무촌리,이천시,부발읍,500,50,0,33,9.98,3,방 1 거실1  1.5룽신축 급 풀옵션,https://www.zigbang.com/home/apt/items/49780966
2026-08-12 05:23:12,원룸,49895942,월세,01,경기도 이천시 부발읍 무촌리,이천시,부발읍,300,40,0,23,6.96,3,"부발초 인근, 보증금 조절 가능한 저렴한 월세 단기가능",https://www.zigbang.com/home/apt/items/49895942
2026-08-12 05:23:12,원룸,49943599,월세,02,경기도 이천시 부발읍 무촌리,이천시,부발읍,100,50,0,20,6.05,3,단기가능 숙소용추천 부발초인근원룸,https://www.zigbang.com/home/apt/items/49943599
2026-08-12 05:23:12,원룸,49964571,월세,01,경기도 이천시 부발읍 무촌리,이천시,부발읍,300,40,0,21,6.35,4,하나로 마트 인근 신축 급 오픈형 원룸,https://www.zigbang.com/home/apt/items/49964571
2026-08-12 05:23:12,원룸,50020219,월세,02,경기도 이천시 부발읍 무촌리,이천시,부발읍,500,47,0,30,9.07,3,"즉시입주가능, 무촌리 컨디션좋고 깨끗한 1.5룸",https://www.zigbang.com/home/apt/items/50020219
2026-08-12 05:23:12,원룸,49904016,월세,02,경기도 이천시 백사면 현방리,이천시,백사면,500,45,0,29.75,9.0,1,백사면 현방리 신축1.5룸월세임대합니다,https://www.zigbang.com/home/apt/items/49904016
2026-08-12 05:23:12,원룸,49956335,월세,02,경기도 이천시 백사면 현방리,이천시,백사면,500,45,0,29.75,9.0,1,백사면 현방리 신축1.5룸월세임대합니다,https://www.zigbang.com/home/apt/items/49956335
2026-08-12 05:23:12,원룸,50000404,월세,01,경기도 여주시 월송동,여주시,월송동,500,41,0,36.1,10.92,3,"깔끔한 1.5룸,가남,골프장 , 출,퇴근편리,풀옵션",https://www.zigbang.com/home/apt/items/50000404
2026-08-12 05:23:12,원룸,50000623,월세,02,경기도 여주시 월송동,여주시,월송동,500,39,0,42.3,12.8,4,"깨끗한 준신축 1,5룸,막힘없는뷰,생활편의시설좋음,조용함",https://www.zigbang.com/home/apt/items/50000623
2026-08-12 05:23:15,원룸,49806368,월세,01,경기도 여주시 현암동,여주시,현암동,300,40,0,23.14,7.0,2,풀 옵션 집 상태 최상 생활권 편리 대신방향 출 퇴근편리,https://www.zigbang.com/home/apt/items/49806368
2026-08-12 05:23:15,원룸,49806394,월세,02,경기도 여주시 오학동,여주시,오학동,300,43,0,35.1,10.62,4,"애완동물가능,풀옵션,즉시입주,햇살가득한집,집상태최상",https://www.zigbang.com/home/apt/items/49806394
2026-08-12 05:23:15,원룸,49806465,월세,02,경기도 여주시 현암동,여주시,현암동,500,53,0,43,13.01,5,"넓고 조용함,풀옵션, 집상태최상,대신,이천방향 출 퇴근편리",https://www.zigbang.com/home/apt/items/49806465
2026-08-12 05:23:15,원룸,49806497,월세,02,경기도 여주시 오학동,여주시,오학동,300,43,0,35.3,10.68,4,"애완동물가능,집상태최상 남서향,풀옵션 대중교통이용 대신방향",https://www.zigbang.com/home/apt/items/49806497
2026-08-12 05:23:15,원룸,49859984,월세,01,경기도 여주시 현암동,여주시,현암동,500,47,0,23,6.96,2,1년된 신축급급 원룸입니다.조용하고 깨끗해요,https://www.zigbang.com/home/apt/items/49859984
2026-08-12 05:23:15,원룸,49864455,월세,01,경기도 여주시 현암동,여주시,현암동,500,47,0,23,6.96,2,현암동 준신축 원룸으로 깨끗합니다,https://www.zigbang.com/home/apt/items/49864455
2026-08-12 05:23:15,원룸,49931856,월세,02,경기도 여주시 현암동,여주시,현암동,500,54,0,47,14.22,3,"큰1.5룸,럭셔리옵션,북내,대신방향출,퇴근편리,조용한 집",https://www.zigbang.com/home/apt/items/49931856
2026-08-12 05:23:15,원룸,49946429,월세,02,경기도 여주시 현암동,여주시,현암동,500,45,0,21,6.35,2,현암동 준 신축으로 아주깔끔한 분리형 원룸월세,https://www.zigbang.com/home/apt/items/49946429
2026-08-12 05:23:15,원룸,49946581,월세,02,경기도 여주시 현암동,여주시,현암동,500,45,0,21,6.35,3,현암동 준신축 아주 깔끔한 집 즉시입주,https://www.zigbang.com/home/apt/items/49946581
2026-08-12 05:23:15,원룸,49947163,월세,02,경기도 여주시 오학동,여주시,오학동,300,40,0,19,5.75,3,"오학동 원룸,투베이 월세 ,1년",https://www.zigbang.com/home/apt/items/49947163
2026-08-12 05:23:15,원룸,49979020,월세,02,경기도 여주시 현암동,여주시,현암동,500,45,0,25,7.56,3,현암동 넓은 분히형 원룸 월세 관리비포함 52만원,https://www.zigbang.com/home/apt/items/49979020
2026-08-12 05:23:15,원룸,49979150,월세,01,경기도 여주시 현암동,여주시,현암동,500,45,0,25,7.56,2,준신축  풀옵션 원룸월세,https://www.zigbang.com/home/apt/items/49979150
2026-08-12 05:23:15,원룸,50000463,월세,02,경기도 여주시 오학동,여주시,오학동,300,43,0,48.1,14.55,3,"풀옵션,애완동물가능,집상태최상,생활편의시설좋음,대신방향 출",https://www.zigbang.com/home/apt/items/50000463
2026-08-12 05:23:15,원룸,50000513,월세,01,경기도 여주시 오학동,여주시,오학동,300,40,0,24.1,7.29,3,"애완동물가능,풀옵션,북내,대신,물류창고 출 퇴근 편리",https://www.zigbang.com/home/apt/items/50000513
2026-08-12 05:23:15,원룸,50000563,월세,02,경기도 여주시 현암동,여주시,현암동,500,43,0,39.9,12.07,4,"준신축,풀옵션,침대,햇살 가득한 남향,집상태최상, 큰 원룸",https://www.zigbang.com/home/apt/items/50000563
2026-08-12 05:23:16,원룸,49873806,월세,01,강원도 원주시 문막읍 문막리,원주시,문막읍,300,40,0,23.14,7.0,3,문막볼링장 인근 개인테라스 있는 분리형원룸 입니다,https://www.zigbang.com/home/apt/items/49873806
2026-08-12 05:23:16,원룸,49963669,월세,02,강원도 원주시 문막읍 문막리,원주시,문막읍,300,45,0,23.8,7.2,3,경동대 셔틀 인근 깨끗한원룸 유성볼링장,https://www.zigbang.com/home/apt/items/49963669
2026-08-12 05:23:16,원룸,49778557,월세,02,강원도 원주시 문막읍 동화리,원주시,문막읍,300,40,0,22.9,6.93,4,"문막 동화초등학교 인근 깔끔한 1,5룸 입니다",https://www.zigbang.com/home/apt/items/49778557
2026-08-12 05:23:16,원룸,49778943,월세,02,강원도 원주시 문막읍 동화리,원주시,문막읍,300,40,0,23.14,7.0,3,동화초 완전 넓고관리잘된가격도 착한원룸입니다,https://www.zigbang.com/home/apt/items/49778943
2026-08-12 05:23:16,원룸,49825009,월세,02,강원도 원주시 문막읍 동화리,원주시,문막읍,300,38,0,23.14,7.0,2,문막 완전 풀옵션  깔끔한 원룸  침대랜덤,https://www.zigbang.com/home/apt/items/49825009
2026-08-12 05:23:16,원룸,49825019,월세,02,강원도 원주시 문막읍 동화리,원주시,문막읍,300,40,0,39.67,12.0,5,동화초등학교 인근  넓고 깨끗한 1.5룸,https://www.zigbang.com/home/apt/items/49825019
2026-08-12 05:23:16,원룸,49716916,월세,01,강원도 원주시 단계동,원주시,단계동,500,40,0,33.05,10.0,2,"주변환경쾌적한 풀옵션,인테리어예쁜 분리형",https://www.zigbang.com/home/apt/items/49716916
2026-08-12 05:23:16,원룸,49783885,월세,02,강원도 원주시 단계동,원주시,단계동,300,45,0,34,10.28,2,즉시입주 신축 단계동 인기 원룸 전망길 조용한 주거환경,https://www.zigbang.com/home/apt/items/49783885
2026-08-12 05:23:16,원룸,50015118,월세,01,강원도 원주시 무실동,원주시,무실동,50,45,0,19.83,6.0,3,ll2개월OKllS급신축.인기폭발ll,https://www.zigbang.com/home/apt/items/50015118
2026-08-12 05:23:16,원룸,49933343,월세,01,강원도 원주시 흥업면 흥업리,원주시,흥업면,200,30,0,33.06,10.0,2,"흥업리 신축원룸 풀풀옵션, 강원대 도보로 2분,단기가능",https://www.zigbang.com/home/apt/items/49933343
2026-08-12 05:23:16,원룸,49901829,월세,02,강원도 원주시 지정면 가곡리,원주시,지정면,500,50,0,46.28,14.0,2,클릭 섬강중학교 맞은편 준신축 풀옵션 1.5룸,https://www.zigbang.com/home/apt/items/49901829
2026-08-12 05:23:17,원룸,49830950,월세,01,강원도 원주시 우산동,원주시,우산동,30,160,0,33.06,10.0,1,ll4개월.반학기OKll풀옵션ll,https://www.zigbang.com/home/apt/items/49830950
2026-08-12 05:23:17,원룸,49900645,월세,02,강원도 원주시 우산동,원주시,우산동,100,27,0,33.06,10.0,2,ll반학기OKll상지대5분.풀옵션ll,https://www.zigbang.com/home/apt/items/49900645
2026-08-12 05:23:17,원룸,49958510,월세,01,강원도 원주시 우산동,원주시,우산동,500,41,0,19.8,5.99,3,"상지대 코앞, 화이트톤 신축첫입주 풀옵션 원룸",https://www.zigbang.com/home/apt/items/49958510
2026-08-12 05:23:17,원룸,49968858,월세,01,강원도 원주시 우산동,원주시,우산동,200,30,0,33.05,10.0,1,우산동 상지대 정문쪽 깨끗한 신축급 넓은원룸 풀풀옵션,https://www.zigbang.com/home/apt/items/49968858
2026-08-12 05:23:17,원룸,49971113,월세,02,강원도 원주시 단계동,원주시,단계동,300,40,0,42.98,13.0,3,"단계동 단계사거리 인근 신축급1.5룸 풀옵션, 예쁜방",https://www.zigbang.com/home/apt/items/49971113
2026-08-12 05:23:17,원룸,49982922,월세,01,강원도 원주시 우산동,원주시,우산동,50,25,0,26.45,8.0,1,"우산동 상지대 앞에 원룸 풀옵션,모든 공과금포함,단기 가능",https://www.zigbang.com/home/apt/items/49982922
2026-08-12 05:23:17,원룸,49985677,월세,02,강원도 원주시 단계동,원주시,단계동,300,40,0,36,10.89,3,"신축, 풀옵션1.5룸, 즉시입주, 남향, 주차0",https://www.zigbang.com/home/apt/items/49985677
2026-08-12 05:23:17,원룸,49988994,월세,02,강원도 원주시 우산동,원주시,우산동,500,40,0,33.06,10.0,3,우산동 상지대 인근 엘레베이터 있는 신축1.5룸 풀풀옵션,https://www.zigbang.com/home/apt/items/49988994
2026-08-12 05:23:17,원룸,49989770,월세,02,강원도 원주시 우산동,원주시,우산동,200,29,0,33.06,10.0,4,"우산동 전망 좋은 신축급 주방분리형원룸 풀옵션,단기 가능",https://www.zigbang.com/home/apt/items/49989770
2026-08-12 05:23:17,원룸,49992406,월세,02,강원도 원주시 우산동,원주시,우산동,300,45,0,42.98,13.0,3,"우산동 상지대 인근 신축급 1.5룸 풀풀옵션, 좋은방",https://www.zigbang.com/home/apt/items/49992406
2026-08-12 05:23:17,원룸,50009531,월세,01,강원도 원주시 우산동,원주시,우산동,300,30,0,33.06,10.0,1,"우산동 상지대 정문 부근 깨끗한 신축급 원룸 풀옵션,예쁜방",https://www.zigbang.com/home/apt/items/50009531
2026-08-12 05:23:17,원룸,49499500,월세,02,강원도 원주시 단계동,원주시,단계동,300,42,0,34,10.28,2,봉화산푸르지오인근 준신축 1.5룸 엘베잇음,https://www.zigbang.com/home/apt/items/49499500
2026-08-12 05:23:17,원룸,49875786,월세,02,강원도 원주시 단계동,원주시,단계동,30,30,0,29.75,9.0,3,ll1개월.동물OKll주차짱ll,https://www.zigbang.com/home/apt/items/49875786
2026-08-12 05:23:17,원룸,49929608,월세,02,강원도 원주시 단계동,원주시,단계동,500,45,0,30,9.07,2,ㅇ신ㅇ엘베있는신축 완전깔끔예쁜1.5룸  봉화산푸르지오인근,https://www.zigbang.com/home/apt/items/49929608
2026-08-12 05:23:17,원룸,50018930,월세,02,강원도 원주시 단계동,원주시,단계동,500,45,0,37,11.19,2,단계동 준신축 1.5룸 엘베있음,https://www.zigbang.com/home/apt/items/50018930
2026-08-12 05:23:19,원룸,49962307,월세,02,경기도 남양주시 화도읍 가곡리,남양주시,화도읍,500,40,0,26.45,8.0,4,풀옵션  냉장고 세탁기   1.5룸,https://www.zigbang.com/home/apt/items/49962307
2026-08-12 05:23:21,원룸,49739498,월세,01,경기도 포천시 일동면 기산리,포천시,일동면,500,30,0,20,6.05,1,시내에 있는 신축급 원룸 1층 임대,https://www.zigbang.com/home/apt/items/49739498
2026-08-12 05:23:21,원룸,49739513,월세,01,경기도 포천시 일동면 기산리,포천시,일동면,500,30,0,25,7.56,2,약간 시외에 떨어진 조용한곳에 위치한 원룸 임대 단기가능,https://www.zigbang.com/home/apt/items/49739513
2026-08-12 05:23:21,원룸,49788615,월세,01,경기도 포천시 일동면 기산리,포천시,일동면,3500,10,0,25,7.56,1,시내 주택가에 위치한  원룸 반전세 전세 1층 임대,https://www.zigbang.com/home/apt/items/49788615
2026-08-12 05:23:21,원룸,49788617,전세,03,경기도 포천시 일동면 기산리,포천시,일동면,5000,0,0,40,12.1,1,시내에서 약간떨어진 조용한곳에 위치한 복층형원룸 전세임대,https://www.zigbang.com/home/apt/items/49788617
2026-08-12 05:23:21,원룸,49807552,월세,01,경기도 포천시 일동면 기산리,포천시,일동면,500,30,0,20,6.05,3,시내에 위치한 원룸 월세 임대,https://www.zigbang.com/home/apt/items/49807552
2026-08-12 05:23:21,원룸,49851527,월세,01,경기도 포천시 일동면,포천시,일동면,500,50,0,33,9.98,2,일동 초입에 위치한 신축 원룸 임대,https://www.zigbang.com/home/apt/items/49851527
2026-08-12 05:23:21,원룸,49877649,월세,01,경기도 포천시 일동면 기산리,포천시,일동면,2500,20,0,25,7.56,5,시내 인근에 위치한 리모델링한 원룸 월세 임대,https://www.zigbang.com/home/apt/items/49877649
2026-08-12 05:23:21,원룸,49904920,월세,01,경기도 포천시 일동면 기산리,포천시,일동면,300,25,0,25,7.56,1,일동초입에 위치한 원룸치고 넓은 방 1층 월세,https://www.zigbang.com/home/apt/items/49904920
2026-08-12 05:23:21,원룸,49972477,월세,01,경기도 포천시 일동면 기산리,포천시,일동면,300,30,0,17,5.14,3,시내에 위치한 작지만 깔끔한 원룸 임대,https://www.zigbang.com/home/apt/items/49972477
2026-08-12 05:23:21,원룸,50003098,월세,01,경기도 포천시 일동면 기산리,포천시,일동면,300,20,0,20,6.05,6,위치좋은곳에 있는 6층 원룸 임대,https://www.zigbang.com/home/apt/items/50003098
2026-08-12 05:23:22,원룸,49959944,월세,01,강원도 홍천군 남면 양덕원리,홍천군,남면,1000,30,0,27,8.17,2,홍천 남면 양덕원리 풀옵션원룸,https://www.zigbang.com/home/apt/items/49959944
2026-08-12 05:23:22,원룸,49974882,전세,02,강원도 홍천군 남면 양덕원리,홍천군,남면,5000,0,0,45,13.61,3,준신축1.5룸 전세 나 반전세가능 풀옵션 즉시입주가능,https://www.zigbang.com/home/apt/items/49974882
2026-08-12 05:23:23,원룸,49806092,월세,02,강원도 홍천군 홍천읍 연봉리,홍천군,홍천읍,500,40,0,49.58,15.0,2,연봉리 우체국 주변. 분리형 미니투룸 큰 거실,https://www.zigbang.com/home/apt/items/49806092
2026-08-12 05:23:23,원룸,49885766,월세,02,강원도 홍천군 홍천읍 연봉리,홍천군,홍천읍,500,40,0,33.06,10.0,2,분린형원룸풀옵션,https://www.zigbang.com/home/apt/items/49885766
2026-08-12 05:23:23,원룸,49939836,월세,02,강원도 홍천군 홍천읍 연봉리,홍천군,홍천읍,300,30,0,33.06,10.0,3,저렴하고 가성비좋은 원룸,https://www.zigbang.com/home/apt/items/49939836
2026-08-12 05:23:23,원룸,49974764,월세,01,강원도 홍천군 홍천읍 연봉리,홍천군,홍천읍,2000,30,0,33.06,10.0,6,홍천터미널 인근 홍천강 조망  풀옵션 원룸 전망매우좋음,https://www.zigbang.com/home/apt/items/49974764
2026-08-12 05:23:23,원룸,49974772,월세,01,강원도 홍천군 홍천읍 연봉리,홍천군,홍천읍,500,40,0,30,9.07,8,아파트형원룸 풀옵션 엘리베이터 有,https://www.zigbang.com/home/apt/items/49974772
2026-08-12 05:23:23,원룸,49974808,월세,02,강원도 홍천군 홍천읍 연봉리,홍천군,홍천읍,300,38,0,33.05,10.0,4,"풀옵션분리형원룸,가격저렴.풀옵션 입주협의가능",https://www.zigbang.com/home/apt/items/49974808
2026-08-12 05:23:23,원룸,50002504,월세,02,강원도 홍천군 홍천읍 연봉리,홍천군,홍천읍,3000,25,0,33.05,10.0,2,풀옵션 원룸 8월입주,https://www.zigbang.com/home/apt/items/50002504
2026-08-12 05:23:23,원룸,50012510,월세,01,강원도 홍천군 홍천읍 연봉리,홍천군,홍천읍,300,35,0,30,9.07,2,준신축원룸 풀옵션 즉시입주가능,https://www.zigbang.com/home/apt/items/50012510
2026-08-12 05:23:27,원룸,49750625,월세,02,경상북도 문경시 모전동,문경시,모전동,500,45,0,40,12.1,4,엘레베이트있는 분리형원룸,https://www.zigbang.com/home/apt/items/49750625
2026-08-12 05:23:27,원룸,49794081,월세,02,경상북도 문경시 모전동,문경시,모전동,500,45,0,30,9.07,2,상태가 아주 좋은 원룸으로 풀옵션입니다,https://www.zigbang.com/home/apt/items/49794081
2026-08-12 05:23:27,원룸,50012520,월세,01,경상북도 문경시 모전동,문경시,모전동,300,30,0,26.45,8.0,3,9월3일 부터 입주 가능합니다,https://www.zigbang.com/home/apt/items/50012520
2026-08-12 05:23:27,원룸,49776218,월세,01,경상북도 문경시 모전동,문경시,모전동,500,40,0,30,9.07,4,문경여중지구내 신축 오피스텔식 원룸,https://www.zigbang.com/home/apt/items/49776218
2026-08-12 05:23:27,원룸,49855849,월세,02,경상북도 문경시 모전동,문경시,모전동,500,40,0,30,9.07,4,제일병원인근 위치한 깨끗한 원룸,https://www.zigbang.com/home/apt/items/49855849
2026-08-12 05:23:27,원룸,49855907,월세,01,경상북도 문경시 흥덕동,문경시,흥덕동,500,30,0,27,8.17,2,터미널에서  바로앞에 위치한 깨끗한 원룸,https://www.zigbang.com/home/apt/items/49855907
2026-08-12 05:23:27,원룸,49940656,월세,01,경상북도 문경시 모전동,문경시,모전동,500,40,0,27,8.17,3,신원아침도시 앞 현 건축중인 신축 원룸,https://www.zigbang.com/home/apt/items/49940656
2026-08-12 05:23:27,원룸,49984735,전세,02,경상북도 문경시 모전동,문경시,모전동,8000,0,0,40,12.1,3,신원아침도시 앞 현 건축중인 신축 미니투룸 월세,https://www.zigbang.com/home/apt/items/49984735
2026-08-12 05:23:27,원룸,50012421,월세,01,경상북도 문경시 모전동,문경시,모전동,300,31,0,25,7.56,3,풀옵션 원룸 월세 입니다,https://www.zigbang.com/home/apt/items/50012421
2026-08-12 05:23:27,원룸,50014220,월세,01,경상북도 문경시 점촌동,문경시,점촌동,2000,20,0,26.45,8.0,2,점촌동 깨끗한 원룸전세,https://www.zigbang.com/home/apt/items/50014220
2026-08-12 05:23:27,원룸,50020599,월세,01,경상북도 문경시 모전동,문경시,모전동,500,40,0,23.14,7.0,3,제일병원 인근 신축급 원룸 월세,https://www.zigbang.com/home/apt/items/50020599
2026-08-12 05:23:30,원룸,50019384,월세,01,경상북도 안동시 서후면 명리,안동시,서후면,100,25,0,29.75,9.0,1,과학대 근처 낮은 보증금에 깔끔한  원룸 월세,https://www.zigbang.com/home/apt/items/50019384
2026-08-12 05:23:33,원룸,49547021,월세,02,경상북도 영주시 영주동,영주시,영주동,300,30,0,23.54,7.12,3,"영광중학교,롯데시네마 인근 깔끔한 원룸",https://www.zigbang.com/home/apt/items/49547021
2026-08-12 05:23:33,원룸,49953529,전세,01,경상북도 영주시 영주동,영주시,영주동,4000,0,0,21,6.35,4,귀한 원룸 전세 매물,https://www.zigbang.com/home/apt/items/49953529
2026-08-12 05:23:33,원룸,49953545,월세,01,경상북도 영주시 영주동,영주시,영주동,300,33,0,21,6.35,2,깔끔한 풀옵션 원룸,https://www.zigbang.com/home/apt/items/49953545
2026-08-12 05:23:33,원룸,49980908,월세,01,경상북도 영주시 가흥동,영주시,가흥동,300,38,0,26.45,8.0,2,넓직하고 쾌적한 신축급 원룸입니다.,https://www.zigbang.com/home/apt/items/49980908
2026-08-12 05:23:33,원룸,49977876,월세,02,경상북도 영주시 휴천동,영주시,휴천동,200,33,0,26.44,8.0,3,남산초.영주중인근 원룸,https://www.zigbang.com/home/apt/items/49977876
2026-08-12 05:23:33,원룸,49988234,월세,02,경상북도 영주시 휴천동,영주시,휴천동,200,30,0,24,7.26,3,남산초등학교 인근 깨끗하게 관리잘된 원룸,https://www.zigbang.com/home/apt/items/49988234
2026-08-12 05:23:33,원룸,50019660,월세,02,경상북도 영주시 휴천동,영주시,휴천동,500,56,0,49,14.82,3,영주역 인근 엘리베이터 있는 깨끗한 정투룸,https://www.zigbang.com/home/apt/items/50019660
2026-08-12 05:23:36,원룸,49463311,월세,01,충청북도 제천시 왕암동,제천시,왕암동,300,36,0,33.06,10.0,2,"왕암동 상권좋은곳에 위치한 깨끗한방,도시가스",https://www.zigbang.com/home/apt/items/49463311
2026-08-12 05:23:36,원룸,49760901,월세,02,충청북도 제천시 왕암동,제천시,왕암동,300,36,0,33.05,10.0,3,휴일없음 I 왕암동 엘베 있는 최신축 풀옵션 넓은 원룸,https://www.zigbang.com/home/apt/items/49760901
2026-08-12 05:23:36,원룸,49796124,월세,02,충청북도 제천시 왕암동,제천시,왕암동,500,41,0,27,8.17,2,휴일없음 왕암동 바이오벨리 깔끔한 풀옵션 미투,https://www.zigbang.com/home/apt/items/49796124
2026-08-12 05:23:36,원룸,49800651,월세,02,충청북도 제천시 왕암동,제천시,왕암동,500,45,0,42.98,13.0,2,"왕암동코아루인근,신축미니투룸,풀옵션,도시가스",https://www.zigbang.com/home/apt/items/49800651
2026-08-12 05:23:37,원룸,49907776,월세,01,충청북도 제천시 모산동,제천시,모산동,200,30,0,25,7.56,2,휴일없음 의림지인근 조용한 풀옵션 원룸,https://www.zigbang.com/home/apt/items/49907776
2026-08-12 05:23:40,원룸,49896280,월세,02,경상북도 안동시 당북동,안동시,당북동,300,28,0,33.06,10.0,3,1 위치 좋은 중문있는 화이트톤 깔끔 원룸,https://www.zigbang.com/home/apt/items/49896280
2026-08-12 05:23:40,원룸,49896362,월세,02,경상북도 안동시 법상동,안동시,법상동,100,29,0,33.06,10.0,3,1 보증금 100 전기세만 별도 분리형 원룸,https://www.zigbang.com/home/apt/items/49896362
2026-08-12 05:23:40,원룸,50008931,월세,02,경상북도 안동시 평화동,안동시,평화동,200,20,0,35,10.59,2,안동 초저가 준신축 원룸 빅세일 가성비 굳굳,https://www.zigbang.com/home/apt/items/50008931
2026-08-12 05:23:40,원룸,49830355,월세,02,경상북도 안동시 노하동,안동시,노하동,300,28,0,33,9.98,2,ㅣSSSㅣ오피스텔느낌ㅣ선착순예상ㅣ컨디션GOODㅣ,https://www.zigbang.com/home/apt/items/49830355
2026-08-12 05:23:40,원룸,49895819,월세,02,경상북도 안동시 태화동,안동시,태화동,300,27,0,33.06,10.0,3,1 화이트톤 주차걱정 없고 깔끔한 풀옵션 분리형 원룸,https://www.zigbang.com/home/apt/items/49895819
2026-08-12 05:23:40,원룸,49896096,월세,02,경상북도 안동시 평화동,안동시,평화동,400,34,0,49.59,15.0,3,1 태화오거리 인근 인프라 편리 방 넓은 정남향 미니투룸,https://www.zigbang.com/home/apt/items/49896096
2026-08-12 05:23:40,원룸,49896227,월세,02,경상북도 안동시 태화동,안동시,태화동,300,36,0,49.59,15.0,4,1 태오 초 깔끔 실사진 200 미니투룸,https://www.zigbang.com/home/apt/items/49896227
2026-08-12 05:23:40,원룸,49930735,전세,01,경상북도 안동시 옥동,안동시,옥동,4600,0,0,39.67,12.0,4,1 엘베있고 방 넓은 햇살 짱짱 오피스텔 보증보험 가능,https://www.zigbang.com/home/apt/items/49930735
2026-08-12 05:23:40,원룸,49949604,월세,02,경상북도 안동시 송현동,안동시,송현동,300,29,0,30,9.07,4,송현동 깔끔한 원룸  월세,https://www.zigbang.com/home/apt/items/49949604
2026-08-12 05:23:40,원룸,49974795,월세,02,경상북도 안동시 평화동,안동시,평화동,300,29,0,35,10.59,3,HOT태화 오거리인근 분리형 원룸 현재는 도배되어있습니당,https://www.zigbang.com/home/apt/items/49974795
2026-08-12 05:23:40,원룸,49992035,월세,02,경상북도 안동시 송현동,안동시,송현동,200,26,0,35,10.59,2,NEW주차공간 굳굳 화이트톤 송현오거리인근 분리형원룸입니다,https://www.zigbang.com/home/apt/items/49992035
2026-08-12 05:23:40,원룸,50002683,월세,02,경상북도 안동시 옥동,안동시,옥동,500,56,0,66.12,20.0,2,AR 옥동 주 정투룸 월세 단독매물,https://www.zigbang.com/home/apt/items/50002683
2026-08-12 05:23:40,원룸,50004995,월세,02,경상북도 안동시 옥동,안동시,옥동,300,29,0,30,9.07,3,옥동 사거리 부근  원룸 월세,https://www.zigbang.com/home/apt/items/50004995
2026-08-12 05:23:40,원룸,50008564,월세,02,경상북도 안동시 옥동,안동시,옥동,300,31,0,35,10.59,3,옥동 사거리 준신축 대도로변인근 화이트 네이비 조합입니당,https://www.zigbang.com/home/apt/items/50008564
2026-08-12 05:24:14,원룸,49736108,월세,02,강원도 강릉시 내곡동,강릉시,내곡동,200,50,0,55.98,16.93,반지하,내곡 관대 1.5룸 월세 임대입니다,https://www.zigbang.com/home/apt/items/49736108
2026-08-12 05:24:14,원룸,49865297,월세,01,강원도 강릉시 내곡동,강릉시,내곡동,200,30,0,23.14,7.0,2,"자이 아파트 인근, 베란다 있음,주차양호.도로변,인근..",https://www.zigbang.com/home/apt/items/49865297
2026-08-12 05:24:14,원룸,50017018,전세,01,강원도 강릉시 회산동,강릉시,회산동,6000,0,0,20.35,6.16,4,회산동 관동타운 전세입니다,https://www.zigbang.com/home/apt/items/50017018
2026-08-12 05:24:14,원룸,50018174,월세,01,강원도 강릉시 내곡동,강릉시,내곡동,50,550,0,28.29,8.56,4,"년선세원룸,엘베,관리비및퇴실청소비 없음,컨디션 아주 좋음",https://www.zigbang.com/home/apt/items/50018174
2026-08-12 05:24:14,원룸,50023232,월세,01,강원도 강릉시 내곡동,강릉시,내곡동,100,35,0,22,6.65,2,...관동대 인근 풀옵션 원룸,https://www.zigbang.com/home/apt/items/50023232
2026-08-12 05:24:14,원룸,49852234,월세,02,강원도 강릉시 노암동,강릉시,노암동,500,40,0,33.5,10.13,2,강릉교육문화관 인근 신축급 분리형1.5룸 ....,https://www.zigbang.com/home/apt/items/49852234
2026-08-12 05:24:14,원룸,49924941,월세,02,강원도 강릉시 노암동,강릉시,노암동,300,48,0,34.15,10.33,3,강릉교육청 인근 신축급분리형원룸 ....,https://www.zigbang.com/home/apt/items/49924941
2026-08-12 05:24:53,원룸,49704216,월세,02,강원도 속초시 조양동,속초시,조양동,500,50,0,33.06,10.0,2,1.5룸 저렴한 월세,https://www.zigbang.com/home/apt/items/49704216
2026-08-12 05:24:53,원룸,49704339,월세,02,강원도 속초시 조양동,속초시,조양동,2000,30,0,33,9.98,3,방1 거실1 구조 안방 남향햇빛드는집,https://www.zigbang.com/home/apt/items/49704339
2026-08-12 05:24:53,원룸,49804328,월세,02,강원도 속초시 조양동,속초시,조양동,100,65,0,36.36,11.0,1,한달 단기 임대,https://www.zigbang.com/home/apt/items/49804328
2026-08-12 05:25:50,원룸,49707233,월세,01,울산시 북구 염포동,북구,염포동,500,41,0,33.05,10.0,3,o염포동o현차5공장인근o엄청큰원룸o깔끔o풀옵션o,https://www.zigbang.com/home/apt/items/49707233
2026-08-12 05:25:50,원룸,49707288,월세,02,울산시 북구 염포동,북구,염포동,1000,61,0,66.12,20.0,3,o염포동o현대차인근o방2개화1개o거실큰구조o,https://www.zigbang.com/home/apt/items/49707288
2026-08-12 05:25:50,원룸,49783021,월세,02,울산시 북구 양정동,북구,양정동,300,50,0,63,19.06,3,o양정동o현대차정문인근o방3개화1개o내부올리모델링깔끔한집o,https://www.zigbang.com/home/apt/items/49783021
2026-08-12 05:25:50,원룸,49789276,월세,01,울산시 북구 양정동,북구,양정동,500,46,0,42.98,13.0,3,o양정동o현차정문앞o방1거실1o엘베유o풀옵o,https://www.zigbang.com/home/apt/items/49789276
2026-08-12 05:25:50,원룸,49851097,월세,01,울산시 북구 염포동,북구,염포동,200,20,0,25,7.56,2,원룸 저렴한가격 풀옵션,https://www.zigbang.com/home/apt/items/49851097
2026-08-12 05:25:50,원룸,49853662,월세,02,울산시 북구 양정동,북구,양정동,1000,45,0,82.4,24.93,4,o양정동o현대차정문인근o방3개화장실2개o,https://www.zigbang.com/home/apt/items/49853662
2026-08-12 05:25:50,원룸,49864591,월세,01,울산시 북구 염포동,북구,염포동,200,20,0,25.12,7.6,2,현차. 미포 출퇴근 용이ㅣ착한 월세ㅣ가성비 굿,https://www.zigbang.com/home/apt/items/49864591
2026-08-12 05:25:50,원룸,49871724,월세,02,울산시 북구 양정동,북구,양정동,500,40,0,54,16.33,2,o양정동o방3개o주택o에어컨냉장고세탁기있음o빠른입주가능o,https://www.zigbang.com/home/apt/items/49871724
2026-08-12 05:25:50,원룸,49889092,전세,02,울산시 북구 양정동,북구,양정동,7000,0,0,77.05,23.31,4,o양정동o방3개화장실1개o내부리모델링o도배장판해드려요o,https://www.zigbang.com/home/apt/items/49889092
2026-08-12 05:25:50,원룸,49892845,월세,02,울산시 북구 염포동,북구,염포동,1000,50,0,69.18,20.93,1,o염포동o빌라월세o방3개화1개o거실큰구조o리모델링완료,https://www.zigbang.com/home/apt/items/49892845
2026-08-12 05:25:50,원룸,49894272,월세,02,울산시 북구 염포동,북구,염포동,300,41,0,35,10.59,2,o염포동o현차도보출근가능o분리형o방커요o풀옵션o,https://www.zigbang.com/home/apt/items/49894272
2026-08-12 05:25:50,원룸,49938820,월세,02,울산시 북구 양정동,북구,양정동,300,35,0,45,13.61,2,"현대자동차 정문인근
아주밝은집  집앞주차가능함.",https://www.zigbang.com/home/apt/items/49938820
2026-08-12 05:25:50,원룸,49985676,월세,02,울산시 북구 양정동,북구,양정동,500,45,0,33,9.98,1,현대자동차 정문 4정문사이 리모델링되어깨끗함.,https://www.zigbang.com/home/apt/items/49985676
2026-08-12 05:25:50,원룸,50017410,월세,02,울산시 북구 양정동,북구,양정동,300,36,0,33.05,10.0,3,o양정동o정문에서2공장사이o엘베o풀옵o,https://www.zigbang.com/home/apt/items/50017410
2026-08-12 05:25:50,원룸,50019015,월세,02,울산시 북구 염포동,북구,염포동,200,44,0,34,10.28,3,ꯁꯁ  2016년준공 best 컨디션 햇살좋은 분리형 깨끗,https://www.zigbang.com/home/apt/items/50019015
2026-08-12 05:27:23,빌라투룸,49911636,월세,04,제주도 서귀포시 대정읍 구억리,서귀포시,대정읍,500,65,0,32.78,9.92,2,소형견O 대정읍 영어교육도시 인근 신축 풀옵션급 투룸 월세,https://www.zigbang.com/home/apt/items/49911636
2026-08-12 05:27:24,빌라투룸,49926956,월세,04,제주도 서귀포시 중문동,서귀포시,중문동,300,55,0,41.32,12.5,2,중문 저렴한 투룸 입니다.,https://www.zigbang.com/home/apt/items/49926956
2026-08-12 05:27:24,빌라투룸,49948307,월세,05,제주도 제주시 한림읍 협재리,제주시,한림읍,1000,1700,0,84.45,25.55,2,협재리 더마라칸타운하우스  재릉초 통학 셔틀운행,https://www.zigbang.com/home/apt/items/49948307
2026-08-12 05:27:24,빌라투룸,49812498,월세,04,제주도 서귀포시 월평동,서귀포시,월평동,300,59,0,50,15.12,2,하원마을 조용한 투룸 채광굿,https://www.zigbang.com/home/apt/items/49812498
2026-08-12 05:27:28,빌라투룸,49753049,월세,05,제주도 제주시 한림읍 동명리,제주시,한림읍,1000,100,0,73.49,22.23,2,한림읍.종합운동장교차로인접.신축급.방3화2.반려가능.월세O,https://www.zigbang.com/home/apt/items/49753049
2026-08-12 05:27:28,빌라투룸,49959521,월세,05,제주도 제주시 애월읍 신엄리,제주시,애월읍,2000,175,0,85.95,26.0,1,신엄리 풍경마을 타운하우스 풀옵션 단기 임대 가능,https://www.zigbang.com/home/apt/items/49959521
2026-08-12 05:27:28,빌라투룸,49959544,월세,05,제주도 제주시 애월읍 신엄리,제주시,애월읍,3000,317,0,132.23,40.0,1,럭셔리한 신엄리 풍경마을 풀옵션 연세 농어촌민박 가능,https://www.zigbang.com/home/apt/items/49959544
2026-08-12 05:27:28,빌라투룸,49942295,전세,05,제주도 제주시 애월읍 납읍리,제주시,애월읍,21000,0,0,95.87,29.0,1,"곽지 해수욕장 3km 타운 하우스 전세, 풀옵션",https://www.zigbang.com/home/apt/items/49942295
2026-08-12 05:27:28,빌라투룸,50018627,전세,05,제주도 제주시 애월읍 납읍리,제주시,애월읍,21000,0,0,94.98,28.73,1,곽지해수욕장 인근 예쁜 타운 하우스 전세,https://www.zigbang.com/home/apt/items/50018627
2026-08-12 05:27:29,빌라투룸,49959567,매매,05,제주도 제주시 애월읍 하귀2리,제주시,애월읍,31000,0,31000,84.97,25.7,3,6500만원 파격 할인 귀일중 앞 신축 하귀푸르미르 매매,https://www.zigbang.com/home/apt/items/49959567
2026-08-12 05:27:29,빌라투룸,49959608,월세,05,제주도 제주시 애월읍 하귀2리,제주시,애월읍,2000,150,0,84,25.41,3,신축 첫입주 귀일중 인근 에코그린빌16차 연세,https://www.zigbang.com/home/apt/items/49959608
2026-08-12 05:27:29,빌라투룸,50027228,월세,05,제주도 제주시 애월읍 하귀2리,제주시,애월읍,200,62,0,82.64,25.0,4,"강아지 가능한 가성비 좋은 깨끗한 쓰리룸, 무옵션",https://www.zigbang.com/home/apt/items/50027228
2026-08-12 05:27:29,빌라투룸,49612118,매매,05,제주도 제주시 애월읍 광령리,제주시,애월읍,30800,0,30800,74.67,22.59,3,바다뷰 I 텃밭사용가능 I 애월 I 쓰리룸,https://www.zigbang.com/home/apt/items/49612118
2026-08-12 05:27:29,빌라투룸,49703413,월세,05,제주도 제주시 애월읍 광령리,제주시,애월읍,1000,1500,0,82.64,25.0,3,"년세만 가능1,500만, 화장실2개인 쓰리룸, 주차 좋음",https://www.zigbang.com/home/apt/items/49703413
2026-08-12 05:27:29,빌라투룸,49823845,월세,04,제주도 제주시 노형동,제주시,노형동,200,42,0,42.98,13.0,1,"즉시 입주가능,  년세만 가능  500만, 무옵션",https://www.zigbang.com/home/apt/items/49823845
2026-08-12 05:27:29,빌라투룸,49906038,월세,04,제주도 제주시 노형동,제주시,노형동,200,42,0,46,13.91,1,노형동 착한 연세 아담한 투룸 임대,https://www.zigbang.com/home/apt/items/49906038
2026-08-12 05:27:29,빌라투룸,49918840,월세,04,제주도 제주시 해안동,제주시,해안동,1000,125,0,89.26,27.0,1,"애완견 가능한 단독주택 월세,년세둘다가능",https://www.zigbang.com/home/apt/items/49918840
2026-08-12 05:27:29,빌라투룸,49943261,월세,05,제주도 제주시 노형동,제주시,노형동,500,71,0,65.61,19.85,3,B노형동.노형초인접 관리잘된 쓰리룸 연세,https://www.zigbang.com/home/apt/items/49943261
2026-08-12 05:27:29,빌라투룸,49962190,월세,04,제주도 제주시 애월읍 광령리,제주시,애월읍,300,60,0,40,12.1,1,"애완견 가능한 투룸,  전원주택 생활, 풀옵션",https://www.zigbang.com/home/apt/items/49962190
2026-08-12 05:27:29,빌라투룸,50022297,월세,04,제주도 제주시 노형동,제주시,노형동,5000,60,0,40.67,12.3,3,반전세 노형중인근 거실 넓은 투룸. 연세만가능,https://www.zigbang.com/home/apt/items/50022297
2026-08-12 05:27:29,빌라투룸,49740628,월세,05,제주도 제주시 애월읍 고성리,제주시,애월읍,500,83,0,66.12,20.0,1,"연세만가능, 1층전원주택 생활이 가능한 곳,",https://www.zigbang.com/home/apt/items/49740628
2026-08-12 05:27:30,빌라투룸,49739998,월세,04,제주도 제주시 외도일동,제주시,외도일동,500,67,0,39.67,12.0,2,"즉시 입주, 년세만 가능 800만, 무옵션, 1주차 가능",https://www.zigbang.com/home/apt/items/49739998
2026-08-12 05:27:30,빌라투룸,49911312,매매,05,제주도 제주시 외도일동,제주시,외도일동,35500,0,35500,84.7,25.62,5,외도일동 3억대 아파트 전용26평 넓은 쓰리룸 매매,https://www.zigbang.com/home/apt/items/49911312
2026-08-12 05:27:30,빌라투룸,49911511,매매,05,제주도 제주시 외도일동,제주시,외도일동,37000,0,37000,68.62,20.76,3,외도일동 3억대 저렴한 신축 아파트 첫입주 쓰리룸 매매,https://www.zigbang.com/home/apt/items/49911511
2026-08-12 05:27:30,빌라투룸,49911622,월세,04,제주도 제주시 외도이동,제주시,외도이동,500,110,0,81,24.5,1,반려견묘O 타운하우스풀옵 외도이동 신라스테이 인근 테라스O,https://www.zigbang.com/home/apt/items/49911622
2026-08-12 05:27:30,빌라투룸,49981706,월세,04,제주도 제주시 외도일동,제주시,외도일동,500,67,0,59.5,18.0,2,"즉시 입주, 년세만 가능 800만, 풀옵션, 1주차",https://www.zigbang.com/home/apt/items/49981706
2026-08-12 05:27:30,빌라투룸,49627069,월세,05,제주도 제주시 내도동,제주시,내도동,1000,100,0,65.7,19.87,1,년세만가능 리모델링 단독주택 주차가능,https://www.zigbang.com/home/apt/items/49627069
2026-08-12 05:27:30,빌라투룸,49931973,월세,05,제주도 제주시 외도일동,제주시,외도일동,1000,108,0,77.11,23.33,7,외도일동 외도초교 도보가능한 복층 주거용오피스텔.연세만,https://www.zigbang.com/home/apt/items/49931973
2026-08-12 05:27:30,빌라투룸,49959498,월세,05,제주도 제주시 외도일동,제주시,외도일동,1500,159,0,131.34,39.73,5,"외도동 더큐브 복층형 쓰리룸 탑층 연세 전용 옥상, 태양광",https://www.zigbang.com/home/apt/items/49959498
2026-08-12 05:27:30,빌라투룸,49979388,월세,04,제주도 제주시 도두일동,제주시,도두일동,1050,92,0,56.2,17.0,3,도두해안도로  해수사우나인근 신축급 투룸,https://www.zigbang.com/home/apt/items/49979388
2026-08-12 05:27:30,빌라투룸,49992009,월세,05,제주도 제주시 외도일동,제주시,외도일동,1000,1500,0,84.98,25.71,7,외도부영2차아파트 부분리모델링 로얄츨 년세,https://www.zigbang.com/home/apt/items/49992009
2026-08-12 05:27:30,빌라투룸,50025042,월세,04,제주도 제주시 도두일동,제주시,도두일동,1050,92,0,50.9,15.4,3,도두해안도로 인근 쾌적한 신축급 투룸,https://www.zigbang.com/home/apt/items/50025042
2026-08-12 05:27:36,빌라투룸,49994534,전세,04,제주도 서귀포시 동홍동,서귀포시,동홍동,10000,0,0,39.7,12.01,1,빠른협의입주가능 동홍주공1단지 올리모델링 1층 전세권1순위,https://www.zigbang.com/home/apt/items/49994534
2026-08-12 05:27:42,빌라투룸,49688571,월세,05,제주도 제주시 도련일동,제주시,도련일동,1000,133,0,72.78,22.02,1,삼화지구.삼화초인접.산책로인근.1층.준신축급.방3화2.연세,https://www.zigbang.com/home/apt/items/49688571
2026-08-12 05:27:42,빌라투룸,49911485,월세,05,제주도 제주시 도련일동,제주시,도련일동,1000,133,0,74.1,22.42,1,도련일동 삼화초 인근 깔끔하고 넓은 신축 쓰리룸 년세,https://www.zigbang.com/home/apt/items/49911485
2026-08-12 05:27:42,빌라투룸,49911582,월세,05,제주도 제주시 도련일동,제주시,도련일동,1000,141,0,73.98,22.38,3,도련일동 삼화초 인근 넓은 신축 복층 테라스 쓰리룸 년세,https://www.zigbang.com/home/apt/items/49911582
2026-08-12 05:27:42,빌라투룸,49968907,월세,05,제주도 제주시 도련일동,제주시,도련일동,2000,192,0,111.85,33.83,3,B도련일동.신축급 관리상태 우수 풀옵션 쓰리룸,https://www.zigbang.com/home/apt/items/49968907
2026-08-12 05:27:42,빌라투룸,49899490,월세,04,제주도 제주시 조천읍 조천리,제주시,조천읍,900,75,0,57.56,17.41,3,애견가능투룸년월세,https://www.zigbang.com/home/apt/items/49899490
2026-08-12 05:27:42,빌라투룸,49911571,월세,04,제주도 제주시 조천읍 신촌리,제주시,조천읍,100,100,0,58.48,17.69,2,조천읍 신촌리 신축 첫입주 귀한 풀옵션급 저렴한 투룸 년세,https://www.zigbang.com/home/apt/items/49911571
2026-08-12 05:27:42,빌라투룸,49960570,월세,04,제주도 제주시 조천읍 조천리,제주시,조천읍,100,115,0,57.56,17.41,2,애견가능투룸단기가능,https://www.zigbang.com/home/apt/items/49960570
2026-08-12 05:27:42,빌라투룸,49963242,월세,04,제주도 제주시 조천읍 조천리,제주시,조천읍,900,75,0,57.56,17.41,3,소형견묘O 조천초 인근 전용17평 풀옵션 신축급 투룸 년세,https://www.zigbang.com/home/apt/items/49963242
2026-08-12 05:27:42,빌라투룸,49717051,월세,04,제주도 제주시 조천읍 대흘리,제주시,조천읍,2000,141,0,74,22.38,2,"대흘초 인근 예쁜 타운 하우스 전세, 연세",https://www.zigbang.com/home/apt/items/49717051
2026-08-12 05:27:43,빌라투룸,49959555,월세,06,제주도 제주시 구좌읍 덕천리,제주시,구좌읍,1000,150,0,99.57,30.12,1,구좌읍 덕천리 신축 글로리아힐즈 타운하우스 풀옵션 연세,https://www.zigbang.com/home/apt/items/49959555
2026-08-12 05:29:18,빌라투룸,49637495,매매,05,전남광주시 진도군 조도면 맹골도리,진도군,조도면,6500,0,6500,84,25.41,2,QA 통합광고 안심추천 구독 일반 매물,https://www.zigbang.com/home/apt/items/49637495
2026-08-12 05:29:18,빌라투룸,49728739,전세,06,전남광주시 진도군 조도면 맹골도리,진도군,조도면,5500,0,0,79,23.9,2,QA 통합광고 빌라 관리비 직접 테스트,https://www.zigbang.com/home/apt/items/49728739
2026-08-12 05:29:18,빌라투룸,49773584,월세,04,전남광주시 진도군 조도면 맹골도리,진도군,조도면,8000,80,0,33.06,10.0,1,QA 테스트 매물입니다,https://www.zigbang.com/home/apt/items/49773584
2026-08-12 05:29:18,빌라투룸,49853043,월세,06,전남광주시 진도군 조도면 맹골도리,진도군,조도면,1234,12,0,59,17.85,7,QA SH 빌라 월세 매물입니다,https://www.zigbang.com/home/apt/items/49853043
2026-08-12 05:29:18,빌라투룸,49871206,전세,05,전라남도 진도군 조도면 맹골도리,진도군,조도면,12000,0,0,77.1,23.32,1,QA자동화 빌라 매물,https://www.zigbang.com/home/apt/items/49871206
2026-08-12 05:29:18,빌라투룸,49871209,월세,04,전라남도 진도군 조도면 맹골도리,진도군,조도면,1500,70,0,77.1,23.32,1,QA자동화 빌라 매물,https://www.zigbang.com/home/apt/items/49871209
2026-08-12 05:29:18,빌라투룸,49871211,월세,04,전라남도 진도군 조도면 맹골도리,진도군,조도면,110,11,0,77.1,23.32,1,QA자동화 빌라 매물,https://www.zigbang.com/home/apt/items/49871211
2026-08-12 05:29:27,빌라투룸,49717944,전세,05,전남광주시 진도군 조도면 맹골도리,진도군,조도면,5000,0,0,84,25.41,2,QA 통합광고 빌라 매물 관리비 천원단위,https://www.zigbang.com/home/apt/items/49717944
2026-08-12 05:29:27,빌라투룸,49728833,매매,06,전남광주시 진도군 조도면 맹골도리,진도군,조도면,6500,0,6500,59,17.85,2,QA 통합광고 빌라 관리비 기준,https://www.zigbang.com/home/apt/items/49728833
2026-08-12 05:29:27,빌라투룸,49942532,전세,05,전남광주시 진도군 조도면 맹골도리,진도군,조도면,5000,0,0,66.88,20.23,1,테스트 매물입니다.,https://www.zigbang.com/home/apt/items/49942532
2026-08-12 05:29:27,빌라투룸,50011985,전세,05,전남광주시 진도군 조도면 맹골도리,진도군,조도면,5000,0,0,66.88,20.23,1,테스트 매물입니다.,https://www.zigbang.com/home/apt/items/50011985
2026-08-12 05:29:53,빌라투룸,49760035,월세,04,전남광주시 목포시 상동,목포시,상동,300,45,0,49.58,15.0,2,주차장 있는 중앙여중 부근 조용하고 깨끗한 투룸,https://www.zigbang.com/home/apt/items/49760035
2026-08-12 05:29:56,빌라투룸,49995485,월세,04,전남광주시 목포시 산정동,목포시,산정동,200,35,0,39.67,12.0,3,중앙시장 부근 깨끗하고 조용한 투룸,https://www.zigbang.com/home/apt/items/49995485
2026-08-12 05:29:57,빌라투룸,50017152,월세,04,전남광주시 목포시 옥암동,목포시,옥암동,2000,50,0,43,13.01,3,"十 신축 복층 투룸, 풀옵션, 화장실2개, 베란다",https://www.zigbang.com/home/apt/items/50017152
2026-08-12 05:29:57,빌라투룸,50019319,월세,04,전남광주시 무안군 삼향읍 남악리,무안군,삼향읍,500,55,0,60,18.15,2,"투룸,입주협의,집상태는깨끗합니다",https://www.zigbang.com/home/apt/items/50019319
2026-08-12 05:29:57,빌라투룸,49899710,월세,04,전남광주시 무안군 삼향읍 남악리,무안군,삼향읍,1000,60,0,43,13.01,3,"十 신축 복층 투룸, 풀옵션,화장실2개,베란다",https://www.zigbang.com/home/apt/items/49899710
2026-08-12 05:31:08,빌라투룸,49778524,월세,04,전라북도 군산시 오식도동,군산시,오식도동,100,37,0,43,13.01,2,오식도 귀한 2층투룸,https://www.zigbang.com/home/apt/items/49778524
2026-08-12 05:31:08,빌라투룸,49917714,월세,04,전라북도 군산시 오식도동,군산시,오식도동,100,35,0,45.7,13.82,4,방2 화장실2,https://www.zigbang.com/home/apt/items/49917714
2026-08-12 05:31:08,빌라투룸,49925400,월세,05,전라북도 군산시 오식도동,군산시,오식도동,150,51,0,50,15.12,3,3층 신축급 쓰리룸 화장실2개,https://www.zigbang.com/home/apt/items/49925400
2026-08-12 05:31:15,빌라투룸,49921914,월세,04,충청남도 보령시 신흑동,보령시,신흑동,500,57,0,45,13.61,3,2014년생 신흑동 어항에 위치한 방2개 구조 즉시입주가능,https://www.zigbang.com/home/apt/items/49921914
2026-08-12 05:31:51,빌라투룸,49935066,월세,04,전남광주시 나주시 송월동,나주시,송월동,1000,31,0,30.5,9.23,4,포근한 우리집 I 채광 맛집 I 구조 좋은 집,https://www.zigbang.com/home/apt/items/49935066
2026-08-12 05:31:52,빌라투룸,49765955,월세,04,전남광주시 남구 행암동,남구,행암동,300,38,0,40.11,12.13,2,ll P ll 실제 가격 ll 실제 매물 ll 빌트인 수납,https://www.zigbang.com/home/apt/items/49765955
2026-08-12 05:31:52,빌라투룸,49891679,월세,05,전남광주시 남구 행암동,남구,행암동,200,41,0,40,12.1,3,행암동 깔끔하고 가성비좋은 방,https://www.zigbang.com/home/apt/items/49891679
2026-08-12 05:31:52,빌라투룸,49891685,월세,04,전남광주시 남구 임암동,남구,임암동,200,38,0,26.11,7.9,3,임암동 화이트톤 깔끔한방 채광굿,https://www.zigbang.com/home/apt/items/49891685
2026-08-12 05:31:52,빌라투룸,49919488,월세,04,전남광주시 남구 행암동,남구,행암동,300,29,0,39.66,12.0,2,P㉧INT III 눈부신채광 III 합리적인가격 III,https://www.zigbang.com/home/apt/items/49919488
2026-08-12 05:31:52,빌라투룸,49950476,월세,05,전남광주시 남구 임암동,남구,임암동,300,50,0,29.84,9.03,2,O임암동 인기 매물 O 가성비 좋은 매물 O 화이트톤 매물,https://www.zigbang.com/home/apt/items/49950476
2026-08-12 05:31:52,빌라투룸,50002843,월세,04,전남광주시 남구 임암동,남구,임암동,300,39,0,20.88,6.32,2,I 라운드 I 인기많은 매물 I 깨끗한 방 I 실매물 l,https://www.zigbang.com/home/apt/items/50002843
2026-08-12 05:31:52,빌라투룸,50022678,월세,04,전남광주시 남구 송하동,남구,송하동,300,44,0,27.5,8.32,3,송하동 신축 투룸 ㅣ 인기 많은집 ㅣ깔끔한 내부ㅣ실매물,https://www.zigbang.com/home/apt/items/50022678
2026-08-12 05:31:52,빌라투룸,50002767,월세,04,전남광주시 남구 월산동,남구,월산동,200,38,0,40,12.1,3,라운드 l 인기 많은 방 l 귀한매물 l 가성비 좋은 방,https://www.zigbang.com/home/apt/items/50002767
2026-08-12 05:31:52,빌라투룸,50003684,월세,04,전남광주시 남구 백운동,남구,백운동,200,26,0,33.05,10.0,3,I Daily I 실시간 실매물 I 24시 상담가능 I,https://www.zigbang.com/home/apt/items/50003684
2026-08-12 05:31:52,빌라투룸,50007512,월세,04,전남광주시 서구 농성동,서구,농성동,300,38,0,40,12.1,3,THE바른ㅣ건강관리협회 인근 A급 가성비 투룸,https://www.zigbang.com/home/apt/items/50007512
2026-08-12 05:31:52,빌라투룸,50010043,월세,04,전남광주시 남구 주월동,남구,주월동,300,39,0,38.05,11.51,3,I 실시간 업데이트 I 실매물 I 가성비 좋은 방 I,https://www.zigbang.com/home/apt/items/50010043
2026-08-12 05:31:52,빌라투룸,50010630,전세,05,전남광주시 남구 서동,남구,서동,9500,0,0,42.98,13.0,2,가성비 쓰리룸 ㅣ 올리모델링 ㅣ화이트톤ㅣLH가능,https://www.zigbang.com/home/apt/items/50010630
2026-08-12 05:31:52,빌라투룸,50010757,월세,04,전남광주시 서구 화정동,서구,화정동,200,30,0,21.24,6.43,2,ㅣ실시간 A급 인기매물ㅣ구조 좋은 집ㅣ갓성비ㅣ예쁜 방ㅣ,https://www.zigbang.com/home/apt/items/50010757
2026-08-12 05:31:52,빌라투룸,50011748,월세,04,전남광주시 남구 백운동,남구,백운동,200,34,0,39.66,12.0,3,I Daily I 실시간 실매물 I 24시 상담가능 I,https://www.zigbang.com/home/apt/items/50011748
2026-08-12 05:31:52,빌라투룸,50017717,월세,05,전남광주시 서구 풍암동,서구,풍암동,300,29,0,37.36,11.3,4,"최저가쓰리룸 , 금당초인접 , 채광좋은집 , 공간활용좋은집",https://www.zigbang.com/home/apt/items/50017717
2026-08-12 05:31:52,빌라투룸,50017757,월세,04,전남광주시 남구 백운동,남구,백운동,200,36,0,26.62,8.05,2,백운동 초깔끔 구조좋고 채광좋은집,https://www.zigbang.com/home/apt/items/50017757
2026-08-12 05:31:52,빌라투룸,50023789,월세,05,전남광주시 서구 풍암동,서구,풍암동,500,52,0,54.8,16.58,4,O 풍암동 리모델링 넓은쓰리룸 O  주차편리  O,https://www.zigbang.com/home/apt/items/50023789
2026-08-12 05:31:52,빌라투룸,50023898,월세,05,전남광주시 남구 월산동,남구,월산동,500,65,0,41.42,12.53,2,ㅁ월산동 넓은쓰리룸 ㅁ아파트구조식,https://www.zigbang.com/home/apt/items/50023898
2026-08-12 05:31:52,빌라투룸,50026528,월세,05,전남광주시 동구 금남로5가,동구,금남로5가,500,61,0,29.77,9.01,3,II P II 보증금 월세 조정가능I 신축I,https://www.zigbang.com/home/apt/items/50026528
2026-08-12 05:31:52,빌라투룸,50027426,월세,05,전남광주시 남구 백운동,남구,백운동,300,48,0,64.67,19.56,3,O 백운동 인기매물 O 넓은거실 O 인기매물 O,https://www.zigbang.com/home/apt/items/50027426
2026-08-12 05:32:05,빌라투룸,50001590,월세,05,전남광주시 광양시 광양읍 인서리,광양시,광양읍,1000,20,0,59,17.85,5,"순천,여수,광양 출퇴근 편리한 위치에 올리모델링되었어요",https://www.zigbang.com/home/apt/items/50001590
2026-08-12 05:32:05,빌라투룸,50001700,월세,04,전남광주시 광양시 광양읍 덕례리,광양시,광양읍,200,35,0,33,9.98,3,덕례리 인근산단 출퇴근 편하고 편의시설 가까운 투룸,https://www.zigbang.com/home/apt/items/50001700
2026-08-12 05:32:05,빌라투룸,50001715,월세,04,전남광주시 광양시 광양읍 덕례리,광양시,광양읍,200,35,0,33,9.98,4,덕례리 엘베있는 남향의 가격좋은 투룸,https://www.zigbang.com/home/apt/items/50001715
2026-08-12 05:32:05,빌라투룸,50001747,월세,04,전남광주시 광양시 광양읍 칠성리,광양시,광양읍,100,32,0,32,9.68,2,"순천,여수,인근산단 출퇴근 편리한 조용하고 관리잘된 투룸",https://www.zigbang.com/home/apt/items/50001747
2026-08-12 05:32:05,빌라투룸,50001855,월세,05,전남광주시 광양시 광양읍 인동리,광양시,광양읍,300,62,0,45.12,13.65,2,공용주차장있고 엘리베이터 있는 조용한 신축급 쓰리룸,https://www.zigbang.com/home/apt/items/50001855
2026-08-12 05:32:05,빌라투룸,50001683,월세,04,전남광주시 광양시 광양읍 덕례리,광양시,광양읍,150,30,0,34,10.28,2,"덕례리 순천,여수,인근산단 출퇴근 편리한 깔끔한 투룸",https://www.zigbang.com/home/apt/items/50001683
2026-08-12 05:32:44,빌라투룸,49723034,월세,04,경상남도 진주시 가좌동,진주시,가좌동,2000,76,0,70,21.17,2,가좌동 역세권 신축 깔끔한 인기최강 투룸,https://www.zigbang.com/home/apt/items/49723034
2026-08-12 05:32:44,빌라투룸,49744620,월세,04,경상남도 진주시 가좌동,진주시,가좌동,300,46,0,60,18.15,4,ㅁ복층 투룸ㅁ인기최강 구조 풀옵션 금방 나갑니다,https://www.zigbang.com/home/apt/items/49744620
2026-08-12 05:32:44,빌라투룸,49890537,월세,04,경상남도 진주시 정촌면 예하리,진주시,정촌면,500,50,0,45.96,13.9,5,㉧ㅡ서빈No.1구해줘홈즈ㅡ㉧추천BEST꿀방,https://www.zigbang.com/home/apt/items/49890537
2026-08-12 05:32:46,빌라투룸,49836017,월세,04,경상남도 거제시 상동동,거제시,상동동,300,40,0,49.59,15.0,3,ㅇ럭셔리 끝판왕 최신축 도시가스 대박매물 정투룸ㅇ,https://www.zigbang.com/home/apt/items/49836017
2026-08-12 05:32:45,빌라투룸,49840712,월세,04,경상남도 통영시 태평동,통영시,태평동,2000,45,0,60,18.15,2,엘베있는  투룸,https://www.zigbang.com/home/apt/items/49840712
2026-08-12 05:32:45,빌라투룸,49909333,월세,05,경상남도 통영시 정량동,통영시,정량동,2000,58,0,72.73,22.0,4,엘베 있고 구조좋고 깨끗한 쓰리룸 보2000 월58,https://www.zigbang.com/home/apt/items/49909333
2026-08-12 05:32:45,빌라투룸,49909440,월세,04,경상남도 통영시 태평동,통영시,태평동,1000,50,0,52.89,16.0,3,태평동 깨끗한 신축에 가까운 투룸,https://www.zigbang.com/home/apt/items/49909440
2026-08-12 05:32:46,빌라투룸,49680571,월세,04,경상남도 거제시 고현동,거제시,고현동,300,35,0,46,13.91,4,시장부근 가성비 좋은 투룸,https://www.zigbang.com/home/apt/items/49680571
2026-08-12 05:32:46,빌라투룸,49800090,월세,06,경상남도 거제시 장평동,거제시,장평동,1000,72,0,115.7,35.0,4,"주인세대ㅡ방4, 욕실2, 쾌적한 방",https://www.zigbang.com/home/apt/items/49800090
2026-08-12 05:32:46,빌라투룸,49906248,월세,04,경상남도 거제시 장평동,거제시,장평동,200,45,0,46.28,14.0,1,ㅇ사무실용도가능 리모델링 도시가스 정투룸ㅇ,https://www.zigbang.com/home/apt/items/49906248
2026-08-12 05:32:46,빌라투룸,49977909,월세,04,경상남도 거제시 고현동,거제시,고현동,300,38,0,42.98,13.0,3,ㅇ지금잡으세요 최저가  도시가스 가성비 정투룸ㅇ,https://www.zigbang.com/home/apt/items/49977909
2026-08-12 05:32:46,빌라투룸,49978139,월세,04,경상남도 거제시 고현동,거제시,고현동,300,35,0,50,15.12,2,서원탑마트 부근 가성비 좋은 정투룸,https://www.zigbang.com/home/apt/items/49978139
2026-08-12 05:32:46,빌라투룸,50008299,월세,04,경상남도 거제시 고현동,거제시,고현동,300,40,0,48,14.52,2,고현시장인근 깨끗한 투룸,https://www.zigbang.com/home/apt/items/50008299
2026-08-12 05:32:46,빌라투룸,50009515,월세,05,경상남도 거제시 고현동,거제시,고현동,500,50,0,85.95,26.0,4,ㅇ가성비 최강 도시가스 남향 주인세대 복층형 쓰리룸ㅇ,https://www.zigbang.com/home/apt/items/50009515
2026-08-12 05:32:46,빌라투룸,50009516,월세,04,경상남도 거제시 고현동,거제시,고현동,300,37,0,46.28,14.0,3,ㅇ후회없는 선택 신축 도시가스 화이트 정투룸ㅇ,https://www.zigbang.com/home/apt/items/50009516
2026-08-12 05:32:46,빌라투룸,50016664,월세,04,경상남도 거제시 장평동,거제시,장평동,200,40,0,46.5,14.07,2,"방2, 에어컨2, 쾌적한 투룸",https://www.zigbang.com/home/apt/items/50016664
2026-08-12 05:32:49,빌라투룸,49997023,월세,04,경상남도 창원시 진해구 충의동,창원시 진해구,충의동,2000,60,0,70,21.17,3,"전진  해군사관학교 군부대 인근 투룸 큰거실, 풀옵션",https://www.zigbang.com/home/apt/items/49997023
2026-08-12 05:32:58,빌라투룸,49884053,월세,04,부산시 강서구 신호동,강서구,신호동,200,36,0,42.9,12.98,1,다리아프신분 강추 투룸. 남향. 풀옵션. 위치최상 굿.,https://www.zigbang.com/home/apt/items/49884053
2026-08-12 05:32:58,빌라투룸,49913992,월세,05,부산시 강서구 신호동,강서구,신호동,2500,35,0,76,22.99,1,매우 넓은 쓰리룸. 즉시입주가능. 편의시설근접. 생활편리.,https://www.zigbang.com/home/apt/items/49913992
2026-08-12 05:32:58,빌라투룸,49985241,월세,04,부산시 강서구 신호동,강서구,신호동,3000,25,0,49.5,14.97,2,풀옵션 투룸.쓰리룸 평수대 동일.신호공원.주차가능.준신축.,https://www.zigbang.com/home/apt/items/49985241
2026-08-12 05:32:59,빌라투룸,49709441,월세,04,부산시 서구 서대신동1가,서구,서대신동1가,1000,50,0,39.11,11.83,5,"투룸의 왕. 방, 거실 활용도 좋음.",https://www.zigbang.com/home/apt/items/49709441
2026-08-12 05:32:59,빌라투룸,49772930,전세,04,부산시 중구 보수동2가,중구,보수동2가,11000,0,0,28.79,8.71,14,보수동 베스타빌 투룸 보증보험,https://www.zigbang.com/home/apt/items/49772930
2026-08-12 05:32:59,빌라투룸,49772942,전세,04,부산시 중구 보수동2가,중구,보수동2가,10000,0,0,24.12,7.3,14,보증보험 동아대 선호도 1위 베스타빌,https://www.zigbang.com/home/apt/items/49772942
2026-08-12 05:32:59,빌라투룸,49914258,월세,05,부산시 서구 암남동,서구,암남동,1000,75,0,72.3,21.87,8,"오션뷰 넓고 구조 좋은 거실,방3,화2, 편한 지면 주차",https://www.zigbang.com/home/apt/items/49914258
2026-08-12 05:32:59,빌라투룸,49916364,월세,04,부산시 서구 토성동2가,서구,토성동2가,1000,45,0,17.31,5.24,7,토성역 도보 1분 투룸,https://www.zigbang.com/home/apt/items/49916364
2026-08-12 05:32:59,빌라투룸,49941524,월세,04,부산시 서구 서대신동1가,서구,서대신동1가,1000,64,0,29.92,9.05,9,대신동 최고의 오피스텔 완전 풀옵션,https://www.zigbang.com/home/apt/items/49941524
2026-08-12 05:32:59,빌라투룸,49993000,월세,04,부산시 중구 보수동2가,중구,보수동2가,2000,40,0,26.07,7.89,5,보수동 투룸 깔끔한 오피스텔,https://www.zigbang.com/home/apt/items/49993000
2026-08-12 05:32:59,빌라투룸,50011067,월세,04,부산시 서구 서대신동1가,서구,서대신동1가,500,40,0,27.3,8.26,3,"방 2개, 주방분리, 붙박이장, 베란다",https://www.zigbang.com/home/apt/items/50011067
2026-08-12 05:32:59,빌라투룸,49800483,월세,04,부산시 사상구 주례동,사상구,주례동,1000,40,0,57.84,17.5,1,.마당있는 독채 복층 방2칸.,https://www.zigbang.com/home/apt/items/49800483
2026-08-12 05:32:59,빌라투룸,49839378,월세,04,부산시 사하구 신평동,사하구,신평동,500,30,0,50,15.12,2,리모델링주택ㅣ방2ㅣ에어컨ㅣ가스렌지ㅣ세탁실,https://www.zigbang.com/home/apt/items/49839378
2026-08-12 05:32:59,빌라투룸,49956103,월세,05,부산시 사하구 신평동,사하구,신평동,2000,40,0,66.12,20.0,2,올리모델링주택ㅣ깔끔ㅣ방3ㅣ베란다2ㅣ보증금조절,https://www.zigbang.com/home/apt/items/49956103
2026-08-12 05:32:59,빌라투룸,49976839,월세,04,부산시 사하구 신평동,사하구,신평동,500,30,0,53,16.03,2,복층주택ㅣ정남향ㅣ방2ㅣ거실ㅣ야외베란다,https://www.zigbang.com/home/apt/items/49976839
2026-08-12 05:32:59,빌라투룸,50013280,월세,04,부산시 사하구 신평동,사하구,신평동,500,30,0,50,15.12,2,리모델링주택ㅣ방2ㅣ넓은욕실ㅣ에어컨ㅣ보증금조절,https://www.zigbang.com/home/apt/items/50013280
2026-08-12 05:32:59,빌라투룸,50016959,월세,04,부산시 사하구 신평동,사하구,신평동,1000,20,0,50,15.12,2,저렴주택ㅣ방2ㅣ넓은화장실ㅣ보증금조절,https://www.zigbang.com/home/apt/items/50016959
2026-08-12 05:33:01,빌라투룸,49939676,월세,04,부산시 부산진구 가야동,부산진구,가야동,1000,35,0,37.76,11.42,3,"귀한 내부 깨끗한 빌라 거실,방2,화1, 남서향",https://www.zigbang.com/home/apt/items/49939676
2026-08-12 05:33:01,빌라투룸,49916359,월세,04,부산시 서구 토성동1가,서구,토성동1가,500,45,0,28.22,8.54,5,토성동 가성비 투룸,https://www.zigbang.com/home/apt/items/49916359
2026-08-12 05:33:01,빌라투룸,49939206,월세,04,부산시 중구 대청동4가,중구,대청동4가,500,40,0,38.56,11.66,2,"귀한 풀옵션 빌라 거실,방2,화2,에1, 남동향",https://www.zigbang.com/home/apt/items/49939206
2026-08-12 05:33:01,빌라투룸,49939629,월세,04,부산시 중구 영주동,중구,영주동,1000,45,0,48.5,14.67,4,"내부깨끗한 거실,방2,화1,에1, 주차가능",https://www.zigbang.com/home/apt/items/49939629
2026-08-12 05:33:01,빌라투룸,50011088,전세,04,부산시 중구 부평동3가,중구,부평동3가,8000,0,0,28.47,8.61,4,버팀목 전세자금 대출 가능,https://www.zigbang.com/home/apt/items/50011088
2026-08-12 05:33:01,빌라투룸,49917909,월세,04,부산시 수영구 광안동,수영구,광안동,2000,95,0,56.19,17.0,2,"귀한 아파텔 거실,방2,화1, 시스템 에어컨2대",https://www.zigbang.com/home/apt/items/49917909
2026-08-12 05:33:03,빌라투룸,49707203,월세,06,전남광주시 광산구 삼거동,광산구,삼거동,1000,91,0,122.16,36.95,3,II P II 신축 l 초대형 l 엘베 l 안집,https://www.zigbang.com/home/apt/items/49707203
2026-08-12 05:33:03,빌라투룸,49860149,월세,05,전남광주시 광산구 오선동,광산구,오선동,500,46,0,39.68,12.0,3,II P II 신축 l 엘베 l 화이트톤 l 예쁜방 l,https://www.zigbang.com/home/apt/items/49860149
2026-08-12 05:33:03,빌라투룸,49911454,월세,04,전남광주시 광산구 오선동,광산구,오선동,500,41,0,42,12.7,2,ㅁNew인기매물ㅁ너무깔끔 채광좋은 풀옵션 투룸,https://www.zigbang.com/home/apt/items/49911454
2026-08-12 05:33:03,빌라투룸,49964380,월세,06,전남광주시 광산구 오선동,광산구,오선동,2000,131,0,105.7,31.97,4,II P II 신축급 l 엘베 l 테라스 l 시스템에어컨,https://www.zigbang.com/home/apt/items/49964380
2026-08-12 05:33:03,빌라투룸,50019819,월세,04,전남광주시 광산구 오선동,광산구,오선동,300,50,0,33,9.98,2,ㅣ진곡산단ㅣ신축 주택가ㅣ2.5룸ㅣ주차편리ㅣ조용하고 깔끔ㅣ,https://www.zigbang.com/home/apt/items/50019819
2026-08-12 05:33:03,빌라투룸,49999912,월세,04,전남광주시 북구 오치동,북구,오치동,100,28,0,42.98,13.0,4,인기 많은 매물 l 가성비 좋은 매물 l  화이트톤 매물,https://www.zigbang.com/home/apt/items/49999912
2026-08-12 05:33:03,빌라투룸,50003295,월세,04,전남광주시 북구 중흥동,북구,중흥동,300,45,0,18.38,5.56,4,THE바른ㅣNC백화점 인근 22년도 신축 화이트톤 투룸,https://www.zigbang.com/home/apt/items/50003295
2026-08-12 05:33:03,빌라투룸,50006710,월세,06,전남광주시 북구 용봉동,북구,용봉동,1000,66,0,92.16,27.88,4,II P II 리모델링 I 독채 주인세대 I,https://www.zigbang.com/home/apt/items/50006710
2026-08-12 05:33:03,빌라투룸,50006714,월세,04,전남광주시 서구 농성동,서구,농성동,400,37,0,37,11.19,2,THE바른ㅣ농성동 위치좋은 투룸. 엘베있음,https://www.zigbang.com/home/apt/items/50006714
2026-08-12 05:33:03,빌라투룸,50014980,월세,05,전남광주시 북구 용봉동,북구,용봉동,300,36,0,45.11,13.65,3,P㉧INT III쓰리룸최강자 III 합리적인가격 III,https://www.zigbang.com/home/apt/items/50014980
2026-08-12 05:33:03,빌라투룸,50015045,월세,04,전남광주시 북구 운암동,북구,운암동,300,35,0,39.3,11.89,3,P㉧INT III 귀한투룸 III 둘이살기좋은집 III,https://www.zigbang.com/home/apt/items/50015045
2026-08-12 05:33:03,빌라투룸,50015149,월세,05,전남광주시 북구 용봉동,북구,용봉동,300,41,0,39.67,12.0,2,P㉧INT III진리관1분ll넓은쓰리룸ll각방에어컨ll,https://www.zigbang.com/home/apt/items/50015149
2026-08-12 05:33:03,빌라투룸,50015390,월세,04,전남광주시 북구 운암동,북구,운암동,200,38,0,22.04,6.67,2,I 실시간 업데이트 I 실매물 I 가성비 좋은 방 I,https://www.zigbang.com/home/apt/items/50015390
2026-08-12 05:33:03,빌라투룸,50020319,월세,04,전남광주시 북구 삼각동,북구,삼각동,200,25,0,43.2,13.07,3,P㉧INTIII삼각동귀한대형투룸ll너무나저렴한방ll,https://www.zigbang.com/home/apt/items/50020319
2026-08-12 05:33:03,빌라투룸,50023487,월세,04,전남광주시 북구 오치동,북구,오치동,300,40,0,33.66,10.18,2,예쁜 투룸ㅣ 올리모델링ㅣ건조기 붙박이장ㅣ 반려가능,https://www.zigbang.com/home/apt/items/50023487
2026-08-12 05:33:03,빌라투룸,50023759,월세,04,전남광주시 북구 용봉동,북구,용봉동,200,36,0,49.59,15.0,3,P㉧INTII전철우신축투룸ll갓성비ll엘베ll,https://www.zigbang.com/home/apt/items/50023759
2026-08-12 05:33:03,빌라투룸,50026522,월세,04,전남광주시 북구 신안동,북구,신안동,200,38,0,42.98,13.0,3,II P II 신축 I 엘베 I 대형 사이즈 I 깔 끔,https://www.zigbang.com/home/apt/items/50026522
2026-08-12 05:33:15,빌라투룸,49855847,월세,05,전라북도 전주시 덕진구 만성동,전주시 덕진구,만성동,2000,90,0,80,24.2,1,"만성,혁신부근 두현마을 1층주인세대, 에어컨2대,화장실2",https://www.zigbang.com/home/apt/items/49855847
2026-08-12 05:33:15,빌라투룸,49884723,월세,04,전라북도 완주군 이서면 갈산리,완주군,이서면,500,43,0,55,16.64,3,"전기,가스,인터넷,수도 공과금 올포함금액ㅁ넓은SIZE투룸",https://www.zigbang.com/home/apt/items/49884723
2026-08-12 05:33:15,빌라투룸,49890445,월세,04,전라북도 전주시 덕진구 만성동,전주시 덕진구,만성동,1000,130,0,50,15.12,2,ꗟꗟ만성동ꯁ오피스텔ꯁ풀옵션ꯁ고급 인테리어ꯁ엘베ꯁ,https://www.zigbang.com/home/apt/items/49890445
2026-08-12 05:33:15,빌라투룸,49917503,월세,05,전라북도 전주시 덕진구 만성동,전주시 덕진구,만성동,5000,91,0,70,21.17,4,만성동쓰리룸복층 ㅇ신축급 ㅇ엘베 ㅇ화장실2개 ㅇ국민연금부근,https://www.zigbang.com/home/apt/items/49917503
2026-08-12 05:33:15,빌라투룸,49923427,월세,04,전라북도 전주시 덕진구 만성동,전주시 덕진구,만성동,1000,50,0,44,13.31,3,"두현마을 핵귀한 2룸, 엘베있는건물, 넓은구조, 주차편리",https://www.zigbang.com/home/apt/items/49923427
2026-08-12 05:33:15,빌라투룸,49993893,월세,06,전라북도 전주시 덕진구 만성동,전주시 덕진구,만성동,2500,341,0,113,34.18,5,0풀옵션0주인서대0방5개0스크린골프0노래방0양현초.중학교,https://www.zigbang.com/home/apt/items/49993893
2026-08-12 05:33:15,빌라투룸,50005454,월세,06,전라북도 전주시 덕진구 만성동,전주시 덕진구,만성동,5000,170,0,110,33.27,2,ㅁ신축컨디션ㅁ시스템4대ㅁ펜트리ㅁ입주청소완ㅁ반려동물안됨,https://www.zigbang.com/home/apt/items/50005454
2026-08-12 05:33:15,빌라투룸,49658303,월세,04,전라북도 전주시 완산구 다가동1가,전주시 완산구,다가동1가,500,29,0,50,15.12,2,ㅁㅁ웨리단길인근ㅁ착한가격ㅁ위치최고ㅁ좋은구조ㅁ인기매물ㅁㅁ,https://www.zigbang.com/home/apt/items/49658303
2026-08-12 05:33:15,빌라투룸,49735415,월세,04,전라북도 전주시 완산구 다가동1가,전주시 완산구,다가동1가,500,29,0,52.89,16.0,2,객리단길v한옥마을부근v탁트인뷰v잘빠진투룸v주방분리v깨끗깔끔,https://www.zigbang.com/home/apt/items/49735415
2026-08-12 05:33:15,빌라투룸,49900873,월세,04,전라북도 전주시 완산구 다가동1가,전주시 완산구,다가동1가,500,30,0,40,12.1,3,O다가동 풀옵션 투룸O가성비좋음O방넓음O즉시입주O,https://www.zigbang.com/home/apt/items/49900873
2026-08-12 05:33:15,빌라투룸,49902316,월세,04,전라북도 전주시 완산구 서서학동,전주시 완산구,서서학동,500,31,0,33.06,10.0,2,V신축급투룸V엘베V풀옵션V남초등학교부근V,https://www.zigbang.com/home/apt/items/49902316
2026-08-12 05:33:15,빌라투룸,49910374,월세,04,전라북도 전주시 완산구 다가동1가,전주시 완산구,다가동1가,500,30,0,40,12.1,2,다가동 투룸 웨리단길 기전대 인근 넓은집 풀옵션 즉시입주,https://www.zigbang.com/home/apt/items/49910374
2026-08-12 05:33:15,빌라투룸,49944354,월세,04,전라북도 전주시 완산구 중화산동1가,전주시 완산구,중화산동1가,300,31,0,50,15.12,2,100프로실매물 착한가격 깔끔 구조 잘빠진 넓은 남향 투룸,https://www.zigbang.com/home/apt/items/49944354
2026-08-12 05:33:15,빌라투룸,49988534,월세,04,전라북도 전주시 완산구 평화동1가,전주시 완산구,평화동1가,500,34,0,36.36,11.0,3,o투룸o  상태깨끗 교통편리 투룸,https://www.zigbang.com/home/apt/items/49988534
2026-08-12 05:33:15,빌라투룸,49988595,월세,04,전라북도 전주시 완산구 평화동1가,전주시 완산구,평화동1가,1000,40,0,36.36,11.0,3,o투룸o  상태깨끗 교통편리 투룸,https://www.zigbang.com/home/apt/items/49988595
2026-08-12 05:33:15,빌라투룸,49992472,월세,04,전라북도 전주시 완산구 동서학동,전주시 완산구,동서학동,1000,30,0,45,13.61,4,o동서학동투룸o전주교육대o엘베o풀옵션o생활권굿o즉시입주o,https://www.zigbang.com/home/apt/items/49992472
2026-08-12 05:33:15,빌라투룸,49993523,월세,05,전라북도 전주시 완산구 효자동1가,전주시 완산구,효자동1가,1000,41,0,60,18.15,2,효자동쓰리룸0즉시입주0깔끔매물0갓성비0화장실2개0베란다2개,https://www.zigbang.com/home/apt/items/49993523
2026-08-12 05:33:15,빌라투룸,50014537,전세,06,전라북도 전주시 완산구 서서학동,전주시 완산구,서서학동,10000,0,0,110,33.27,4,H32평 대형평수 주인세대H조용하게 살기좋은 포룸H즉시입주,https://www.zigbang.com/home/apt/items/50014537
2026-08-12 05:33:15,빌라투룸,50027107,월세,04,전라북도 전주시 완산구 효자동2가,전주시 완산구,효자동2가,500,36,0,49.1,14.85,3,0전주투룸0가성비엄지척0노고민0즉시입주0신시가지투룸,https://www.zigbang.com/home/apt/items/50027107
2026-08-12 05:33:15,빌라투룸,50027502,월세,04,전라북도 전주시 완산구 효자동2가,전주시 완산구,효자동2가,300,30,0,45,13.61,3,ㅡ신시가지 투룸ㅡ운동장크기ㅡ,https://www.zigbang.com/home/apt/items/50027502
2026-08-12 05:33:15,빌라투룸,50028071,월세,05,전라북도 전주시 완산구 효자동2가,전주시 완산구,효자동2가,1000,50,0,57,17.24,3,ꯁ엘베있는 신축쓰리룸ꯁ포스코인근ꯁ오피스텔보다좋은 쓰리룸ꯁ,https://www.zigbang.com/home/apt/items/50028071
2026-08-12 05:33:31,빌라투룸,49841856,월세,05,전라북도 군산시 오식도동,군산시,오식도동,200,52,0,60,18.15,4,오식도 준신축건물,https://www.zigbang.com/home/apt/items/49841856
2026-08-12 05:33:31,빌라투룸,49917716,월세,04,전라북도 군산시 오식도동,군산시,오식도동,100,35,0,40.1,12.13,2,화장실2  남향투룸,https://www.zigbang.com/home/apt/items/49917716
2026-08-12 05:33:31,빌라투룸,49917726,월세,04,전라북도 군산시 오식도동,군산시,오식도동,100,33,0,40,12.1,3,정남향  밝은투룸,https://www.zigbang.com/home/apt/items/49917726
2026-08-12 05:33:31,빌라투룸,49925365,월세,04,전라북도 군산시 오식도동,군산시,오식도동,100,40,0,42.3,12.8,3,화장실 2개  넓은 투룸,https://www.zigbang.com/home/apt/items/49925365
2026-08-12 05:33:31,빌라투룸,49925375,월세,05,전라북도 군산시 오식도동,군산시,오식도동,200,51,0,40,12.1,4,화장실 2개 쓰리룸 단기가능,https://www.zigbang.com/home/apt/items/49925375
2026-08-12 05:33:31,빌라투룸,49925385,월세,04,전라북도 군산시 오식도동,군산시,오식도동,100,45,0,32,9.68,2,화장실2개 투룸,https://www.zigbang.com/home/apt/items/49925385
2026-08-12 05:33:31,빌라투룸,49925411,월세,04,전라북도 군산시 오식도동,군산시,오식도동,100,35,0,30,9.07,3,위치좋고 구조 좋은 투룸,https://www.zigbang.com/home/apt/items/49925411
2026-08-12 05:33:35,빌라투룸,49788801,월세,04,전라북도 익산시 신흥동,익산시,신흥동,300,35,0,39.67,12.0,2,"Oo공단인근 투룸oO주차굿, 안락함oO",https://www.zigbang.com/home/apt/items/49788801
2026-08-12 05:33:35,빌라투룸,49849784,월세,04,전라북도 익산시 영등동,익산시,영등동,300,35,0,42.97,13.0,3,ㅁ영등동 신축 투룸 깔끔하고 저렴한 투룸ㅁ동부시장 오거리ㅁ,https://www.zigbang.com/home/apt/items/49849784
2026-08-12 05:33:35,빌라투룸,49931996,월세,04,전라북도 익산시 마동,익산시,마동,300,40,0,42.97,13.0,2,Oo마동 투룸oO 풀옵션oO,https://www.zigbang.com/home/apt/items/49931996
2026-08-12 05:33:35,빌라투룸,49932049,전세,04,전라북도 익산시 남중동,익산시,남중동,4000,0,0,36.36,11.0,3,"Oo남중동 투룸전세oO풀옵션,채광,통풍굿oO",https://www.zigbang.com/home/apt/items/49932049
2026-08-12 05:33:35,빌라투룸,49932050,월세,05,전라북도 익산시 남중동,익산시,남중동,500,40,0,56.2,17.0,4,"Oo남중동 쓰리룸oO화장실2개,채광굿oO",https://www.zigbang.com/home/apt/items/49932050
2026-08-12 05:33:35,빌라투룸,49937300,월세,04,전라북도 익산시 마동,익산시,마동,300,40,0,40,12.1,2,AA 마동 큰 투룸 남향 임대,https://www.zigbang.com/home/apt/items/49937300
2026-08-12 05:33:35,빌라투룸,49937361,월세,04,전라북도 익산시 마동,익산시,마동,300,40,0,40,12.1,2,"AA 마동 넓은투룸,남향",https://www.zigbang.com/home/apt/items/49937361
2026-08-12 05:33:35,빌라투룸,49957094,월세,05,전라북도 익산시 남중동,익산시,남중동,500,40,0,50,15.12,4,"AA 쓰리룸,남향,남중동",https://www.zigbang.com/home/apt/items/49957094
2026-08-12 05:33:35,빌라투룸,49957107,월세,05,전라북도 익산시 남중동,익산시,남중동,500,40,0,50,15.12,4,"AA 남중동 쓰리룸,욕실2개,남향",https://www.zigbang.com/home/apt/items/49957107
2026-08-12 05:33:35,빌라투룸,49963022,월세,05,전라북도 익산시 남중동,익산시,남중동,500,40,0,50,15.12,4,"AA 남중동 쓰리룸,욕실 남향",https://www.zigbang.com/home/apt/items/49963022
2026-08-12 05:33:35,빌라투룸,49979195,월세,05,전라북도 익산시 영등동,익산시,영등동,300,50,0,50,15.12,4,"AA 영등동,쓰리룸,승강기",https://www.zigbang.com/home/apt/items/49979195
2026-08-12 05:33:35,빌라투룸,49979231,월세,04,전라북도 익산시 영등동,익산시,영등동,300,50,0,50,15.12,4,"AA 영등동 쓰리룸,승강기",https://www.zigbang.com/home/apt/items/49979231
2026-08-12 05:33:35,빌라투룸,50004068,월세,05,전라북도 익산시 남중동,익산시,남중동,500,40,0,60,18.15,4,"AA 방2개,욕실2개 즉시입주 남향",https://www.zigbang.com/home/apt/items/50004068
2026-08-12 05:33:35,빌라투룸,49796150,월세,04,전라북도 전주시 덕진구 여의동2가,전주시 덕진구,여의동2가,500,35,0,52.89,16.0,3,여의동투룸ㅇ탁트인뷰ㅇ넓은구조ㅇ귀한투룸ㅇㅇ완전깔끔ㅇ서두르세요,https://www.zigbang.com/home/apt/items/49796150
2026-08-12 05:33:35,빌라투룸,49822671,월세,04,전라북도 전주시 덕진구 여의동2가,전주시 덕진구,여의동2가,700,40,0,56.4,17.06,3,사진보다 실물이 더 넓습니다 신축급 대형 투룸,https://www.zigbang.com/home/apt/items/49822671
2026-08-12 05:33:35,빌라투룸,49876295,월세,04,전라북도 전주시 덕진구 여의동2가,전주시 덕진구,여의동2가,500,43,0,52.89,16.0,3,여의동투룸ㅇ이쁨ㅇ옵션좋음ㅇ편한주차ㅇ탁트인뷰ㅇ깨끗ㅇ잘풀리는집,https://www.zigbang.com/home/apt/items/49876295
2026-08-12 05:33:35,빌라투룸,49913768,월세,04,전라북도 전주시 덕진구 여의동2가,전주시 덕진구,여의동2가,500,50,0,48,14.52,3,ㅇ여의동 깔끔한 풀옵션 투룸ㅇ입주조절 가능ㅇ,https://www.zigbang.com/home/apt/items/49913768
2026-08-12 05:33:35,빌라투룸,49917516,월세,04,전라북도 전주시 덕진구 여의동2가,전주시 덕진구,여의동2가,700,39,0,45,13.61,3,여의동투룸 ㅇ즉시입주 ㅇ채광 ㅇ깔끔 ㅇ풀옵션 ㅇ조촌초부근,https://www.zigbang.com/home/apt/items/49917516
2026-08-12 05:33:35,빌라투룸,49986206,월세,04,전라북도 전주시 덕진구 여의동2가,전주시 덕진구,여의동2가,500,46,0,47,14.22,3,여의동준신축투룸0컨디션굿0채광굿0귀한매물0노고민0조정,https://www.zigbang.com/home/apt/items/49986206
2026-08-12 05:33:35,빌라투룸,49987600,월세,04,전라북도 전주시 덕진구 여의동2가,전주시 덕진구,여의동2가,500,46,0,50,15.12,3,여의동투룸0깔끔매물0화이트인테리어0풀옵션0노고민,https://www.zigbang.com/home/apt/items/49987600
2026-08-12 05:33:35,빌라투룸,49991261,월세,04,전라북도 전주시 덕진구 여의동2가,전주시 덕진구,여의동2가,700,39,0,49,14.82,2,여의동준신축투룸0컨디션굿0넓은구조0주방분리0틔인뷰0환기굿0,https://www.zigbang.com/home/apt/items/49991261
2026-08-12 05:33:35,빌라투룸,49991527,월세,04,전라북도 전주시 덕진구 여의동2가,전주시 덕진구,여의동2가,500,40,0,52.89,16.0,3,ㅁㅁ초대형투룸ㅁ위치최고ㅁ여의동귀한매물ㅁ즉시입주가능ㅁㅁ,https://www.zigbang.com/home/apt/items/49991527
2026-08-12 05:33:35,빌라투룸,49992732,월세,04,전라북도 전주시 덕진구 여의동2가,전주시 덕진구,여의동2가,500,46,0,42.98,13.0,3,0조촌초0전주ic0노고민0깔끔한투룸0즉시입주0청소완료,https://www.zigbang.com/home/apt/items/49992732
2026-08-12 05:33:35,빌라투룸,50012755,월세,04,전라북도 전주시 덕진구 여의동2가,전주시 덕진구,여의동2가,700,35,0,55,16.64,3,ꕥ정말예쁜투룸ꕥㆀ햇살좋은집ㆀꕥ十여의동 주민센터부근十w,https://www.zigbang.com/home/apt/items/50012755
2026-08-12 05:33:35,빌라투룸,50017981,월세,04,전라북도 전주시 덕진구 여의동2가,전주시 덕진구,여의동2가,500,38,0,42.98,13.0,2,one pick 투룸 신축 풀옵션OK보안OK주차OK,https://www.zigbang.com/home/apt/items/50017981
2026-08-12 05:33:35,빌라투룸,49906635,월세,05,전라북도 완주군 삼례읍 삼례리,완주군,삼례읍,2000,51,0,62.81,19.0,2,0삼례우석대0삼례ic근접0신축급0우석대룸메0엘베0컨디션굿,https://www.zigbang.com/home/apt/items/49906635
2026-08-12 05:33:35,빌라투룸,49908689,월세,05,전라북도 완주군 삼례읍 삼례리,완주군,삼례읍,2000,50,0,61.3,18.54,2,ꗄꗄ신축급ꗄꗄBEST쓰리룸ꗄꗄ안심주택ꗄꗄ가격조정가ꗄꗄ엘베,https://www.zigbang.com/home/apt/items/49908689
2026-08-12 05:33:35,빌라투룸,49908721,월세,04,전라북도 완주군 삼례읍 삼례리,완주군,삼례읍,500,50,0,50,15.12,3,ꗄꗄ신축급ꗄꗄ풀옵션ꗄꗄ엘베ꗄꗄBEST투룸ꗄꗄ안심주택ꗄꗄ깔끔,https://www.zigbang.com/home/apt/items/49908721
2026-08-12 05:33:35,빌라투룸,49971971,월세,05,전라북도 완주군 삼례읍 삼례리,완주군,삼례읍,2000,40,0,60,18.15,2,ㅁ준신축급ㅁ풀옵션ㅁ엘베ㅁ귀한매물ㅁ좋은집ㅁ안심주택,https://www.zigbang.com/home/apt/items/49971971
2026-08-12 05:33:36,빌라투룸,49935719,월세,04,전라북도 전주시 덕진구 송천동1가,전주시 덕진구,송천동1가,500,43,0,50,15.12,2,ㄴ 에코시티o투룸 ㄱ 풀옵션十조용한집十인테리어 깔끔.,https://www.zigbang.com/home/apt/items/49935719
2026-08-12 05:33:36,빌라투룸,49936128,월세,04,전라북도 전주시 덕진구 송천동1가,전주시 덕진구,송천동1가,500,49,0,50,15.12,2,송천동투룸0거실이넓은구조0대형사이즈0주방분리형구조0노고민,https://www.zigbang.com/home/apt/items/49936128
2026-08-12 05:33:36,빌라투룸,49937031,월세,04,전라북도 전주시 덕진구 송천동1가,전주시 덕진구,송천동1가,500,49,0,40,12.1,2,O추천O 송천동 투룸 넓은방 생활권 좋은 추천매물 즉시입주,https://www.zigbang.com/home/apt/items/49937031
2026-08-12 05:33:36,빌라투룸,49937942,월세,04,전라북도 전주시 덕진구 송천동1가,전주시 덕진구,송천동1가,500,45,0,52.89,16.0,2,ㅁㅁ송천동투룸ㅁ에코시티맞은편ㅁ위치최고ㅁ인기매물ㅁㅁ,https://www.zigbang.com/home/apt/items/49937942
2026-08-12 05:33:36,빌라투룸,49945092,월세,04,전라북도 전주시 덕진구 송천동1가,전주시 덕진구,송천동1가,500,45,0,55,16.64,2,ꕥ신축급대형투룸ꕥ에코시티十예비군훈련장十빠른입주가능w,https://www.zigbang.com/home/apt/items/49945092
2026-08-12 05:33:36,빌라투룸,49968904,월세,04,전라북도 전주시 덕진구 송천동1가,전주시 덕진구,송천동1가,500,49,0,43,13.01,2,o송천동투룸o한라비발디2차o풀옵션o생활권굿o깔끔o즉시입주o,https://www.zigbang.com/home/apt/items/49968904
2026-08-12 05:33:36,빌라투룸,49993455,월세,04,전라북도 전주시 덕진구 송천동1가,전주시 덕진구,송천동1가,500,49,0,43,13.01,2,송천동투룸0즉시입주0깔끔매물0노고민0풀옵션0햇살굿,https://www.zigbang.com/home/apt/items/49993455
2026-08-12 05:33:38,빌라투룸,49922178,전세,04,충청남도 논산시 취암동,논산시,취암동,12000,0,0,55.89,16.91,3,보증금조절가능.신축투룸.월세도가능3천에70,https://www.zigbang.com/home/apt/items/49922178
2026-08-12 05:33:38,빌라투룸,50001959,전세,04,충청남도 논산시 취암동,논산시,취암동,12000,0,0,52.89,16.0,4,신축투룸....,https://www.zigbang.com/home/apt/items/50001959
2026-08-12 05:33:38,빌라투룸,50022284,월세,04,충청남도 논산시 취암동,논산시,취암동,1000,65,0,62.7,18.97,4,올리모델링 되어 있는 신혼집 같은 쓰리룸,https://www.zigbang.com/home/apt/items/50022284
2026-08-12 05:33:38,빌라투룸,49719354,매매,05,충청남도 논산시 연무읍 안심리,논산시,연무읍,11500,0,11500,77,23.29,2,아주 좋은 연립,https://www.zigbang.com/home/apt/items/49719354
2026-08-12 05:33:38,빌라투룸,49951005,전세,04,충청남도 논산시 연무읍 안심리,논산시,연무읍,5500,0,0,66.12,20.0,1,전원생활을느낄수있는집입니다.풀옵션입니다.,https://www.zigbang.com/home/apt/items/49951005
2026-08-12 05:33:39,빌라투룸,49690985,월세,04,충청남도 보령시 대천동,보령시,대천동,3000,50,0,40,12.1,2,대천2동사무소 근처 방2 화장실2개구조 투룸 월세 즉시입주,https://www.zigbang.com/home/apt/items/49690985
2026-08-12 05:33:39,빌라투룸,49742511,월세,04,충청남도 보령시 대천동,보령시,대천동,5000,40,0,54,16.33,2,"대천동 시내가까움, 엘레베이터있음,방2,거실",https://www.zigbang.com/home/apt/items/49742511
2026-08-12 05:33:39,빌라투룸,49922583,월세,04,충청남도 보령시 대천동,보령시,대천동,5000,30,0,45,13.61,2,대천동 구시 문화의전당근처 2016년생 방2 거실 구조,https://www.zigbang.com/home/apt/items/49922583
2026-08-12 05:33:39,빌라투룸,49922600,전세,05,충청남도 보령시 대천동,보령시,대천동,14000,0,0,56.15,16.99,3,"대천여고 근처 2017년생  세련된 인터리어, 조용한 빌라",https://www.zigbang.com/home/apt/items/49922600
2026-08-12 05:33:39,빌라투룸,49952453,월세,04,충청남도 보령시 명천동,보령시,명천동,1000,55,0,54,16.33,4,"초,중 도보3분이내,생활권편리",https://www.zigbang.com/home/apt/items/49952453
2026-08-12 05:33:39,빌라투룸,49987008,전세,05,충청남도 보령시 남곡동,보령시,남곡동,12000,0,0,72.48,21.93,1,쓰리룸 빌라 전세 화2 방3  편익시설 근처좋음  옵션X,https://www.zigbang.com/home/apt/items/49987008
2026-08-12 05:33:39,빌라투룸,50025721,월세,06,충청남도 보령시 명천동,보령시,명천동,4500,100,0,100,30.25,4,신축급 포룸  입지좋음,https://www.zigbang.com/home/apt/items/50025721
2026-08-12 05:33:39,빌라투룸,50025739,월세,06,충청남도 보령시 명천동,보령시,명천동,3000,110,0,110,33.27,4,신축급 포룸 화장실3개,https://www.zigbang.com/home/apt/items/50025739
2026-08-12 05:33:40,빌라투룸,49712265,월세,05,충청남도 보령시 동대동,보령시,동대동,1000,100,0,130.52,39.48,3,동대동  3층으로  넓은거실  쓰리룸 사실분 추천드려요,https://www.zigbang.com/home/apt/items/49712265
2026-08-12 05:33:40,빌라투룸,49737680,전세,04,충청남도 보령시 동대동,보령시,동대동,8000,0,0,60,18.15,4,생횔권 편리한 투룸,https://www.zigbang.com/home/apt/items/49737680
2026-08-12 05:33:40,빌라투룸,49737696,전세,04,충청남도 보령시 동대동,보령시,동대동,9000,0,0,65,19.66,3,"입주빠름,인테리어가 예쁘고 생활권 편리한 위치 투룸",https://www.zigbang.com/home/apt/items/49737696
2026-08-12 05:33:40,빌라투룸,49742478,전세,04,충청남도 보령시 동대동,보령시,동대동,8000,0,0,57,17.24,4,"보증금조율가능,풀옵션,방2,거실,편리한생활권",https://www.zigbang.com/home/apt/items/49742478
2026-08-12 05:33:40,빌라투룸,49914379,전세,04,충청남도 보령시 동대동,보령시,동대동,8000,0,0,46,13.91,3,동대동 신설사거리부근 투룸전세,https://www.zigbang.com/home/apt/items/49914379
2026-08-12 05:33:40,빌라투룸,49936598,전세,04,충청남도 보령시 동대동,보령시,동대동,9000,0,0,54,16.33,3,"동대동 융자없는 투룸,생활권편리,",https://www.zigbang.com/home/apt/items/49936598
2026-08-12 05:33:40,빌라투룸,50015365,월세,04,충청남도 보령시 동대동,보령시,동대동,2000,71,0,50.04,15.14,3,"로타리근처 위치좋은 투룸방2,거실",https://www.zigbang.com/home/apt/items/50015365
2026-08-12 05:33:45,빌라투룸,49817298,전세,04,세종시 장군면 봉안리,,장군면,7300,0,0,38,11.49,4,"봉안리 초입 , 큰길가, 도로변 탑층 복층 투룸 전세",https://www.zigbang.com/home/apt/items/49817298
2026-08-12 05:33:45,빌라투룸,50028265,월세,04,세종시 장군면 봉안리,,장군면,500,55,0,38,11.49,2,"고운동다정동3분 정류장앞,단지로구성된저층 풀옵션투룸월세",https://www.zigbang.com/home/apt/items/50028265
2026-08-12 05:33:52,빌라투룸,49894895,월세,04,대전시 서구 관저동,서구,관저동,2000,60,0,45,13.61,2,Oo화이트톤v풀옵션v엘베v주차가능oO,https://www.zigbang.com/home/apt/items/49894895
2026-08-12 05:33:52,빌라투룸,49926779,월세,04,대전시 서구 관저동,서구,관저동,3000,60,0,50,15.12,3,ꯊ 신축. 남향. 깔끔한 투룸. 관저동.,https://www.zigbang.com/home/apt/items/49926779
2026-08-12 05:33:52,빌라투룸,49926834,월세,04,대전시 서구 관저동,서구,관저동,3000,60,0,50,15.12,2,ꯊ 신축.깔끔한 투룸. 관저동.,https://www.zigbang.com/home/apt/items/49926834
2026-08-12 05:33:52,빌라투룸,49930082,월세,04,대전시 서구 관저동,서구,관저동,500,65,0,50,15.12,2,Oo풀옵션투룸v엘베v최저가oO,https://www.zigbang.com/home/apt/items/49930082
2026-08-12 05:33:52,빌라투룸,49951352,월세,04,대전시 유성구 원내동,유성구,원내동,300,40,0,45,13.61,2,S 초특가투룸 S 건조기풀옵션 소형거실 원룸가격 투룸임대,https://www.zigbang.com/home/apt/items/49951352
2026-08-12 05:33:52,빌라투룸,49953267,월세,04,대전시 유성구 원내동,유성구,원내동,300,40,0,43,13.01,2,SS 거실투룸 특가임대 마지막한개호실 즉시입주가능,https://www.zigbang.com/home/apt/items/49953267
2026-08-12 05:33:52,빌라투룸,49975881,월세,04,대전시 서구 관저동,서구,관저동,2000,80,0,62.12,18.79,4,강아지와함께 건조기티비까지풀옵 이쁜신축,https://www.zigbang.com/home/apt/items/49975881
2026-08-12 05:33:52,빌라투룸,49985531,월세,05,대전시 서구 관저동,서구,관저동,5000,100,0,88,26.62,2,신축 채광좋고 통창 뷰  ꕥ쓰리룸ꕥ 대전 전지역 매물보유,https://www.zigbang.com/home/apt/items/49985531
2026-08-12 05:33:52,빌라투룸,49985556,월세,04,대전시 서구 관저동,서구,관저동,2000,60,0,62,18.75,3,컨디션 최상 BEST 완벽 ꕥ투룸ꕥ 대전 전지역 매물보유,https://www.zigbang.com/home/apt/items/49985556
2026-08-12 05:33:52,빌라투룸,49985573,월세,04,대전시 서구 관저동,서구,관저동,2000,70,0,62,18.75,3,서대전IC부근 채광좋은집 ꕥ투룸ꕥ 대전 전지역 매물보유,https://www.zigbang.com/home/apt/items/49985573
2026-08-12 05:33:52,빌라투룸,49985582,월세,05,대전시 서구 관저동,서구,관저동,5000,100,0,88,26.62,2,통창 뷰 채광 완벽한  ꕥ쓰리룸ꕥ 대전 전지역 매물보유,https://www.zigbang.com/home/apt/items/49985582
2026-08-12 05:33:52,빌라투룸,49985620,월세,04,대전시 서구 관저동,서구,관저동,3000,70,0,62,18.75,4,신축 숲뷰 1인1주차 베란다 ꕥ투룸ꕥ 대전 전지역 매물보유,https://www.zigbang.com/home/apt/items/49985620
2026-08-12 05:33:52,빌라투룸,49991284,월세,04,대전시 서구 관저동,서구,관저동,2000,80,0,50,15.12,4,v애완가능 신축v관저동 풀옵션 투룸v채광좋아요v,https://www.zigbang.com/home/apt/items/49991284
2026-08-12 05:33:52,빌라투룸,49994345,월세,04,대전시 서구 관저동,서구,관저동,2000,60,0,42,12.7,2,"누리울마을 인프라 이용, 깔끔한 화이트 톤 인테리어, 주차",https://www.zigbang.com/home/apt/items/49994345
2026-08-12 05:33:52,빌라투룸,49515512,월세,04,대전시 서구 복수동,서구,복수동,1000,75,0,59.5,18.0,3,o친구o천변뷰.햇살좋은 남서향대형투룸.APT구조.엘리베이터,https://www.zigbang.com/home/apt/items/49515512
2026-08-12 05:33:52,빌라투룸,49576666,월세,05,대전시 서구 복수동,서구,복수동,1000,100,0,95.7,28.95,4,II보증금 월세조절II 극 가성비 채광맛집 넓은 쓰리룸O,https://www.zigbang.com/home/apt/items/49576666
2026-08-12 05:33:52,빌라투룸,49793795,월세,04,대전시 서구 복수동,서구,복수동,1000,40,0,49.59,15.0,3,넓고 저렴한투룸.  밝고 환한 방.  즉시입주,https://www.zigbang.com/home/apt/items/49793795
2026-08-12 05:33:52,빌라투룸,49819704,월세,04,대전시 서구 복수동,서구,복수동,1000,52,0,60,18.15,3,o친구o가격착한대형투룸.실매물.채광좋은남동.1층주차,https://www.zigbang.com/home/apt/items/49819704
2026-08-12 05:33:52,빌라투룸,49881817,월세,04,대전시 중구 안영동,중구,안영동,300,30,0,46.5,14.07,4,MM애완동물가능초저가풀옵션투룸세탁기티비새옵션있음.대형베란다,https://www.zigbang.com/home/apt/items/49881817
2026-08-12 05:33:52,빌라투룸,49905506,매매,04,대전시 중구 사정동,중구,사정동,15000,0,15000,53.68,16.24,3,산성초 도로변빌라,https://www.zigbang.com/home/apt/items/49905506
2026-08-12 05:33:52,빌라투룸,49949636,월세,05,대전시 서구 복수동,서구,복수동,5000,80,0,72.73,22.0,4,엘리베이터 있는 쓰리룸. 남향. 밝고 환한집. 즉시입주.,https://www.zigbang.com/home/apt/items/49949636
2026-08-12 05:33:52,빌라투룸,49949783,월세,05,대전시 서구 복수동,서구,복수동,3000,70,0,70,21.17,2,"방3, 욕실2.  남향으로  리모델링 되어있습니다.",https://www.zigbang.com/home/apt/items/49949783
2026-08-12 05:33:52,빌라투룸,49970588,월세,04,대전시 서구 복수동,서구,복수동,1000,45,0,49.59,15.0,3,"풀옵션 투룸. 남향.조용한 주택가. 밝고 환한방, 주차편리",https://www.zigbang.com/home/apt/items/49970588
2026-08-12 05:33:52,빌라투룸,49970890,전세,05,대전시 서구 복수동,서구,복수동,11500,0,0,91.5,27.68,4,"주인세대.  방3, 욕실3개로 구성.  초,중,고 도보가능",https://www.zigbang.com/home/apt/items/49970890
2026-08-12 05:33:52,빌라투룸,49985587,월세,05,대전시 서구 복수동,서구,복수동,2000,65,0,62,18.75,2,갓성비 리모델링 인프라 굿 ꕥ쓰리룸ꕥ 대전 전지역 매물보유,https://www.zigbang.com/home/apt/items/49985587
2026-08-12 05:33:52,빌라투룸,49994587,월세,04,대전시 서구 복수동,서구,복수동,300,40,0,40,12.1,2,MM월세저렴한풀옵션투룸출입구ㄱ억자구조베란다있는완전풀옵션투룸,https://www.zigbang.com/home/apt/items/49994587
2026-08-12 05:33:52,빌라투룸,50006251,월세,04,대전시 중구 안영동,중구,안영동,500,45,0,49.6,15.0,4,MM풀옵션투룸위치채광좋은출입구ㄱ억자구조에어콘2대.풀옵션투룸,https://www.zigbang.com/home/apt/items/50006251
2026-08-12 05:33:52,빌라투룸,50006564,월세,04,대전시 서구 복수동,서구,복수동,300,40,0,30,9.07,3,미니투룸월세.. 풀옵션. 직접보면반함. 주차공간넉넉함,https://www.zigbang.com/home/apt/items/50006564
2026-08-12 05:33:52,빌라투룸,50015530,월세,04,대전시 서구 복수동,서구,복수동,1000,50,0,50,15.12,3,넓은 투룸.  주차편리.  정우마트 인근 조용한 주택가위치,https://www.zigbang.com/home/apt/items/50015530
2026-08-12 05:33:52,빌라투룸,49737185,월세,04,대전시 유성구 계산동,유성구,계산동,2000,45,0,53.11,16.07,2,착한가격ㅣ즉시입주ㅣ사이즈 굿ㅣ주차가능,https://www.zigbang.com/home/apt/items/49737185
2026-08-12 05:33:52,빌라투룸,49737207,월세,04,대전시 유성구 계산동,유성구,계산동,2000,45,0,53.11,16.07,2,강아지와함께 가성비최강투룸 인프라최강,https://www.zigbang.com/home/apt/items/49737207
2026-08-12 05:33:52,빌라투룸,49883967,월세,06,대전시 유성구 계산동,유성구,계산동,5000,150,0,124.65,37.71,4,초대형 복층 방6개.화장실3개.건축사가 직접지은 최고건물,https://www.zigbang.com/home/apt/items/49883967
2026-08-12 05:33:52,빌라투룸,49884443,월세,05,대전시 유성구 계산동,유성구,계산동,3000,85,0,80,24.2,2,Oo반려동물가능v최저가쓰리룸v보증금조절가능oO,https://www.zigbang.com/home/apt/items/49884443
2026-08-12 05:33:52,빌라투룸,49898678,월세,04,대전시 유성구 계산동,유성구,계산동,1000,70,0,50,15.12,2,ㅣ극 가성비 0 거대한 투룸 0 올 화이트톤 0 ㅣ,https://www.zigbang.com/home/apt/items/49898678
2026-08-12 05:33:52,빌라투룸,49985558,월세,04,대전시 유성구 학하동,유성구,학하동,3000,70,0,62,18.75,3,신축 중문 울트라거실 ㄱ주방 ꕥ투룸ꕥ 대전 전지역 매물보유,https://www.zigbang.com/home/apt/items/49985558
2026-08-12 05:33:52,빌라투룸,49767410,월세,04,대전시 유성구 구암동,유성구,구암동,2000,84,0,60.95,18.44,3,대형신축투룸 한적한주택가 공원인근,https://www.zigbang.com/home/apt/items/49767410
2026-08-12 05:33:52,빌라투룸,49788499,월세,04,대전시 유성구 구암동,유성구,구암동,1000,55,0,50,15.12,3,S덕명네거리S 풀옵션 거실있는 투룸 베란다,https://www.zigbang.com/home/apt/items/49788499
2026-08-12 05:33:52,빌라투룸,49887049,월세,04,대전시 유성구 덕명동,유성구,덕명동,3000,50,0,55,16.64,2,"S 덕명네거리 S 거실 넓은 투룸 ,  공원뷰",https://www.zigbang.com/home/apt/items/49887049
2026-08-12 05:33:52,빌라투룸,49959148,전세,04,대전시 유성구 구암동,유성구,구암동,10000,0,0,45.29,13.7,3,융자적은 안전보증전세.토스ㄷㅊ가능한.애견가능한 투룸,https://www.zigbang.com/home/apt/items/49959148
2026-08-12 05:33:52,빌라투룸,49959218,월세,04,대전시 유성구 복용동,유성구,복용동,3000,70,0,57,17.24,3,학하지구 II 뷰좋은 애견동반되는 풀옵션 투룸 II 단독,https://www.zigbang.com/home/apt/items/49959218
2026-08-12 05:33:52,빌라투룸,49968652,월세,05,대전시 유성구 덕명동,유성구,덕명동,2000,90,0,63,19.06,3,"ll 덕명동 ll 신축급 ,방3 화장실2 , 밝고 넓은 집",https://www.zigbang.com/home/apt/items/49968652
2026-08-12 05:33:52,빌라투룸,50020041,월세,04,대전시 유성구 덕명동,유성구,덕명동,2000,90,0,80,24.2,3,v쓰리룸v주변에 공원 구비v풀옵션,https://www.zigbang.com/home/apt/items/50020041
2026-08-12 05:33:53,빌라투룸,49882680,월세,04,대전시 동구 낭월동,동구,낭월동,1000,65,0,59.6,18.03,2,ㅡㅡ 풀옵션 ㅡㅡ 욕실2 에어컨2 대형투룸 남대전ic,https://www.zigbang.com/home/apt/items/49882680
2026-08-12 05:33:52,빌라투룸,50020454,월세,04,대전시 서구 변동,서구,변동,500,60,0,58.19,17.6,4,넓은거실.실용구조.반려동물.통베란다.전용주차.햇살가득,https://www.zigbang.com/home/apt/items/50020454
2026-08-12 05:33:52,빌라투룸,50020464,월세,04,대전시 서구 괴정동,서구,괴정동,1000,70,0,29.74,9.0,2,신축급투룸.대형거실.애완동물.엘베.편의시설.인기,https://www.zigbang.com/home/apt/items/50020464
2026-08-12 05:33:52,빌라투룸,50020517,월세,04,대전시 서구 괴정동,서구,괴정동,1000,50,0,59.5,18.0,3,괴정동.올리모델링.주방분리.베란다2.햇살가득.인기투룸,https://www.zigbang.com/home/apt/items/50020517
2026-08-12 05:33:52,빌라투룸,50026478,월세,04,대전시 중구 산성동,중구,산성동,1000,55,0,59.55,18.01,3,㉿㉿초깔끔㉿㉿ 에어컨2 반려동물 남향깔끔 도배청소 넓은주차,https://www.zigbang.com/home/apt/items/50026478
2026-08-12 05:33:52,빌라투룸,50027673,월세,04,대전시 서구 용문동,서구,용문동,1000,75,0,28.89,8.74,2,용문역도보5분.엘베.편의시설.주차편리,https://www.zigbang.com/home/apt/items/50027673
2026-08-12 05:33:52,빌라투룸,50027963,월세,04,대전시 서구 가장동,서구,가장동,500,65,0,52.9,16.0,2,ㅡㅡ 풀옵션 ㅡㅡ 넓은투룸 가성비 필로티주차장 밝은집,https://www.zigbang.com/home/apt/items/50027963
2026-08-12 05:33:52,빌라투룸,50028166,월세,04,대전시 서구 괴정동,서구,괴정동,500,44,0,49.59,15.0,2,괴정롯데인근.대로변.용문역도보.가격저렴.편의시설.인기,https://www.zigbang.com/home/apt/items/50028166
2026-08-12 05:33:53,빌라투룸,50021180,월세,05,대전시 서구 월평동,서구,월평동,1000,80,0,73,22.08,3,쓰리룸 I 애완가능 I 가성비최상 I 화이트톤 I 역세권,https://www.zigbang.com/home/apt/items/50021180
2026-08-12 05:33:53,빌라투룸,50022248,월세,04,대전시 서구 월평동,서구,월평동,300,43,0,49.58,15.0,2,풀옵션투룸 초역세권 대로변인접 추천매물,https://www.zigbang.com/home/apt/items/50022248
2026-08-12 05:33:53,빌라투룸,50022296,월세,04,대전시 서구 갈마동,서구,갈마동,500,60,0,59.5,18.0,2,풀옵션 거실큰투룸 붙박이장 1층주차장 남향 도로변인접,https://www.zigbang.com/home/apt/items/50022296
2026-08-12 05:33:53,빌라투룸,50022302,월세,04,대전시 서구 월평동,서구,월평동,300,40,0,49.58,15.0,3,최저가 풀옵션투룸 역세권 남향 대로변인접 강력추천,https://www.zigbang.com/home/apt/items/50022302
2026-08-12 05:33:53,빌라투룸,50023227,월세,04,대전시 서구 갈마동,서구,갈마동,500,47,0,56.2,17.0,2,Monster.화이트리모델링.풀옵션.탄방역세권.깔끔한욕실,https://www.zigbang.com/home/apt/items/50023227
2026-08-12 05:33:53,빌라투룸,50026429,월세,04,대전시 서구 둔산동,서구,둔산동,3000,60,0,46.28,14.0,2,ㅇ남선공원인근ㅇ투룸ㅇ예쁜방ㅇ즉시입주ㅇ,https://www.zigbang.com/home/apt/items/50026429
2026-08-12 05:33:53,빌라투룸,50027735,전세,04,대전시 서구 월평동,서구,월평동,8000,0,0,50,15.12,1,v안전한 투룸 전세v월평역 인근v깔끔한디자인v,https://www.zigbang.com/home/apt/items/50027735
2026-08-12 05:33:53,빌라투룸,50028564,월세,04,대전시 서구 월평동,서구,월평동,500,42,0,52.89,16.0,2,초역세권 넓직한 풀옵션투룸 밝은채광 대로변인접,https://www.zigbang.com/home/apt/items/50028564
2026-08-12 05:33:53,빌라투룸,50029069,월세,04,대전시 서구 갈마동,서구,갈마동,200,32,0,49.58,15.0,반지하,역세권 리모델링 풀옵션투룸 대로변인접 추천매물,https://www.zigbang.com/home/apt/items/50029069
2026-08-12 05:33:53,빌라투룸,50029377,월세,04,대전시 서구 갈마동,서구,갈마동,500,50,0,40,12.1,2,갈마공원인근 가성비 너무좋은 풀옵션 햇빛빵빵 투룸,https://www.zigbang.com/home/apt/items/50029377
2026-08-12 05:33:53,빌라투룸,50029455,월세,04,대전시 서구 갈마동,서구,갈마동,500,35,0,52.9,16.0,반지하,By청자.화이트풀리모델링.첫입주.완전깨끗.풀옵션투룸,https://www.zigbang.com/home/apt/items/50029455
2026-08-12 05:33:55,빌라투룸,49942951,월세,05,대전시 유성구 전민동,유성구,전민동,2000,100,0,79.02,23.9,3,"O 미친감성 단독옥상 신축 쓰리룸, 올 리모델링 채광맛집O",https://www.zigbang.com/home/apt/items/49942951
2026-08-12 05:33:55,빌라투룸,49985870,월세,04,세종시 금남면 용포리,,금남면,300,65,0,42.98,13.0,4,8월 말입주가능한 풀옵션 투룸입니다.,https://www.zigbang.com/home/apt/items/49985870
2026-08-12 05:33:55,빌라투룸,49673839,월세,04,대전시 유성구 송강동,유성구,송강동,300,45,0,49,14.82,2,"단기가능, 송강시장 풀옵션투룸",https://www.zigbang.com/home/apt/items/49673839
2026-08-12 05:33:55,빌라투룸,49811190,월세,04,대전시 유성구 봉산동,유성구,봉산동,7000,15,0,76.04,23.0,1,ㅡ한솔랜드 추천ㅡ대형사이즈의 올리모델링 투룸,https://www.zigbang.com/home/apt/items/49811190
2026-08-12 05:33:55,빌라투룸,49911342,월세,04,대전시 유성구 송강동,유성구,송강동,300,45,0,49.58,15.0,2,ㅡ한솔랜드 추천ㅡ단기 가능한 주차장 있는 풀옵션 투룸,https://www.zigbang.com/home/apt/items/49911342
2026-08-12 05:33:55,빌라투룸,49968030,월세,04,대전시 유성구 송강동,유성구,송강동,300,40,0,45,13.61,3,ㅡ한솔랜드 추천ㅡ옵션있는 저렴한 투룸,https://www.zigbang.com/home/apt/items/49968030
2026-08-12 05:33:55,빌라투룸,49917918,월세,05,대전시 유성구 관평동,유성구,관평동,3000,90,0,95,28.74,3,"관평동 주인세대 즉시입주가능,",https://www.zigbang.com/home/apt/items/49917918
2026-08-12 05:33:55,빌라투룸,49932089,월세,04,대전시 유성구 전민동,유성구,전민동,1000,50,0,49.5,14.97,1,NEMO 전민동 조용한 실속형 투룸• 연구소 출퇴근 편리,https://www.zigbang.com/home/apt/items/49932089
2026-08-12 05:33:55,빌라투룸,49981113,월세,04,대전시 유성구 관평동,유성구,관평동,300,37,0,42,12.7,4,관평동 상태 좋은 컨디션 좋은 풀옵션 옥탑 투룸,https://www.zigbang.com/home/apt/items/49981113
2026-08-12 05:33:55,빌라투룸,49991322,월세,04,대전시 유성구 관평동,유성구,관평동,2000,40,0,50,15.12,2,관평동 중심가 가성비 좋은 투룸,https://www.zigbang.com/home/apt/items/49991322
2026-08-12 05:33:55,빌라투룸,50021844,월세,04,대전시 유성구 관평동,유성구,관평동,2000,80,0,95,28.74,2,"대형평수, 투룸, 사무실사용가능, 싱크대새것설치해줌",https://www.zigbang.com/home/apt/items/50021844
2026-08-12 05:33:55,빌라투룸,49416553,월세,05,대전시 유성구 반석동,유성구,반석동,3000,80,0,44,13.31,3,채광좋은 넎은 쓰리룸,https://www.zigbang.com/home/apt/items/49416553
2026-08-12 05:33:55,빌라투룸,49427110,월세,05,대전시 유성구 반석동,유성구,반석동,4000,80,0,47,14.22,3,반석역 인근 방4칸,https://www.zigbang.com/home/apt/items/49427110
2026-08-12 05:33:55,빌라투룸,49684598,월세,04,대전시 유성구 신성동,유성구,신성동,2000,65,0,49,14.82,4,"금성 넓은거실 복층 테라스 풀옵션 투룸, 채광이 최고",https://www.zigbang.com/home/apt/items/49684598
2026-08-12 05:33:55,빌라투룸,49723495,월세,04,대전시 유성구 신성동,유성구,신성동,1000,50,0,59.5,18.0,3,대림 애경연 정문앞 18평 넓고 깔끔한 투룸,https://www.zigbang.com/home/apt/items/49723495
2026-08-12 05:33:55,빌라투룸,49780379,월세,04,대전시 유성구 신성동,유성구,신성동,500,50,0,50,15.12,2,금성 자운대 애경연 대림연 1분컷 가성비 갑인 투룸,https://www.zigbang.com/home/apt/items/49780379
2026-08-12 05:33:55,빌라투룸,49800656,월세,05,대전시 유성구 신성동,유성구,신성동,2000,100,0,119,36.0,4,"연구단지 자운대 인근 준신축 쓰리룸 주인세대,월세조정가능",https://www.zigbang.com/home/apt/items/49800656
2026-08-12 05:33:55,빌라투룸,49800714,월세,05,대전시 유성구 신성동,유성구,신성동,5000,80,0,90,27.22,4,"근린공원앞,주변산책로,채광경관이 좋은 주인세대,월세조정가능",https://www.zigbang.com/home/apt/items/49800714
2026-08-12 05:33:55,빌라투룸,49853625,전세,04,대전시 유성구 반석동,유성구,반석동,8000,0,0,36.36,11.0,2,반석역인근 깔끔한 투룸,https://www.zigbang.com/home/apt/items/49853625
2026-08-12 05:33:55,빌라투룸,49853639,월세,04,대전시 유성구 반석동,유성구,반석동,1000,40,0,49.59,15.0,4,가성비 최강저렴한 투룸,https://www.zigbang.com/home/apt/items/49853639
2026-08-12 05:33:55,빌라투룸,49931116,월세,05,대전시 유성구 반석동,유성구,반석동,2000,70,0,50,15.12,2,채광 좋은 남향쓰리룸입니다,https://www.zigbang.com/home/apt/items/49931116
2026-08-12 05:33:55,빌라투룸,50021857,월세,05,대전시 유성구 신성동,유성구,신성동,1000,60,0,60,18.15,4,"복층쓰리룸,풀옵션",https://www.zigbang.com/home/apt/items/50021857
2026-08-12 05:33:55,빌라투룸,49913378,월세,04,대전시 대덕구 신탄진동,대덕구,신탄진동,200,37,0,42,12.7,2,신탄진동 석봉초옆 주택가 가성비 최상 투룸,https://www.zigbang.com/home/apt/items/49913378
2026-08-12 05:33:55,빌라투룸,49942212,월세,04,대전시 대덕구 석봉동,대덕구,석봉동,2000,65,0,62,18.75,5,"석봉동 신축 투룸, 대형거실, 화장실2개",https://www.zigbang.com/home/apt/items/49942212
2026-08-12 05:33:55,빌라투룸,49944457,월세,04,대전시 대덕구 석봉동,대덕구,석봉동,500,45,0,45,13.61,5,석봉동 신탄진초등학교 풀옵션투룸,https://www.zigbang.com/home/apt/items/49944457
2026-08-12 05:33:55,빌라투룸,49969161,월세,04,대전시 대덕구 석봉동,대덕구,석봉동,500,35,0,55,16.64,1,"석봉동 주택가, 넓은거실, 방 살림살이 많으신분들 추천",https://www.zigbang.com/home/apt/items/49969161
2026-08-12 05:33:55,빌라투룸,50007980,월세,04,대전시 대덕구 목상동,대덕구,목상동,500,35,0,52,15.73,3,"목상동 투룸, 큰방, 작은방,",https://www.zigbang.com/home/apt/items/50007980
2026-08-12 05:33:55,빌라투룸,49921164,월세,04,세종시 연기면 연기리,,연기면,300,60,0,46.28,14.0,옥탑방,더조은 v 옥탑 나만의공간 테라스 v,https://www.zigbang.com/home/apt/items/49921164
2026-08-12 05:33:55,빌라투룸,49921532,월세,04,세종시 연기면 연기리,,연기면,200,50,0,42.97,13.0,3,더조은 v2룸 단기가능  5.6생활권 초근접 v,https://www.zigbang.com/home/apt/items/49921532
2026-08-12 05:33:55,빌라투룸,49921843,월세,04,세종시 연기면 연기리,,연기면,200,62,0,49.58,15.0,3,더조은 v 2룸 넓은거실 즉시입주 v,https://www.zigbang.com/home/apt/items/49921843
2026-08-12 05:33:55,빌라투룸,49927168,월세,04,세종시 연기면 연기리,,연기면,300,60,0,46.28,14.0,5,ㅁ 엄지척 옥탑 투룸 테라스 세종.부강.오송 ㅁ,https://www.zigbang.com/home/apt/items/49927168
2026-08-12 05:33:55,빌라투룸,49932402,월세,04,세종시 연기면 연기리,,연기면,200,65,0,49,14.82,4,ㅁ 엄지척 5생활권 6생활권 근접 투룸,https://www.zigbang.com/home/apt/items/49932402
2026-08-12 05:33:55,빌라투룸,49934507,월세,04,세종시 연기면 보통리,,연기면,1000,70,0,46.28,14.0,2,더조은v 2룸 신축급 엘베 깔끔구조 v,https://www.zigbang.com/home/apt/items/49934507
2026-08-12 05:33:55,빌라투룸,49950236,월세,04,세종시 연기면 연기리,,연기면,200,57,0,49.58,15.0,4,더조은 v 2룸 부강오소15분소요 5.6생초근접 v,https://www.zigbang.com/home/apt/items/49950236
2026-08-12 05:33:55,빌라투룸,50018161,월세,04,세종시 연기면 연기리,,연기면,200,55,0,46.28,14.0,3,ㅁ 엄지척 투룸 단기가능 ㅡ 세종근접ㅡㅁ,https://www.zigbang.com/home/apt/items/50018161
2026-08-12 05:33:56,빌라투룸,49686299,월세,04,세종시 부강면 부강리,,부강면,3000,60,0,60,18.15,2,지원l리모델링2룸l신제품가전l보증금조절가능,https://www.zigbang.com/home/apt/items/49686299
2026-08-12 05:33:56,빌라투룸,49686303,전세,04,세종시 부강면 부강리,,부강면,6500,0,0,55,16.64,3,지원l깨끗한2룸전세l위치최상l부강역인근,https://www.zigbang.com/home/apt/items/49686303
2026-08-12 05:33:56,빌라투룸,49860902,월세,04,세종시 부강면 부강리,,부강면,500,55,0,59.5,18.0,2,지원l가성비GOODV 편의시설 다양V바로앞편의점,https://www.zigbang.com/home/apt/items/49860902
2026-08-12 05:33:56,빌라투룸,49935296,월세,04,세종시 부강면 부강리,,부강면,200,70,0,59.5,18.0,3,"지원l2룸l1,2,3개월가능l즉시입주l신축풀옵션",https://www.zigbang.com/home/apt/items/49935296
2026-08-12 05:33:56,빌라투룸,49946144,월세,04,세종시 부강면 부강리,,부강면,500,65,0,60,18.15,3,지원l기숙사형2룸l화장실2개l각방에에어컨과티비별도설치,https://www.zigbang.com/home/apt/items/49946144
2026-08-12 05:34:00,빌라투룸,49559082,월세,04,경상남도 진주시 평거동,진주시,평거동,1000,57,0,55,16.64,2,㉧ㅡ서빈No.1구해줘홈즈ㅡ㉧추천BEST꿀방,https://www.zigbang.com/home/apt/items/49559082
2026-08-12 05:34:00,빌라투룸,49886495,월세,04,경상남도 진주시 평거동,진주시,평거동,1000,41,0,55,16.64,2,㉧ㅡ서빈No.1구해줘홈즈ㅡ㉧추천BEST꿀방,https://www.zigbang.com/home/apt/items/49886495
2026-08-12 05:34:00,빌라투룸,49905324,월세,04,경상남도 진주시 평거동,진주시,평거동,1000,48,0,55,16.64,2,평거동 엘리베이터 O 거실 넓은 근저당X 안전한 집,https://www.zigbang.com/home/apt/items/49905324
2026-08-12 05:34:00,빌라투룸,50001155,월세,04,경상남도 진주시 평거동,진주시,평거동,1000,48,0,50,15.12,2,평거동 엘리베이터 O 거실 넓은 근저당X 안전한 집,https://www.zigbang.com/home/apt/items/50001155
2026-08-12 05:34:00,빌라투룸,49886613,월세,04,경상남도 진주시 초전동,진주시,초전동,2000,51,0,60,18.15,3,㉧ㅡ서빈No.1구해줘홈즈ㅡ㉧추천BEST꿀방,https://www.zigbang.com/home/apt/items/49886613
2026-08-12 05:34:00,빌라투룸,49886618,월세,04,경상남도 진주시 초전동,진주시,초전동,2000,51,0,60,18.15,2,㉧ㅡ서빈No.1구해줘홈즈ㅡ㉧추천BEST꿀방,https://www.zigbang.com/home/apt/items/49886618
2026-08-12 05:34:00,빌라투룸,49890545,월세,04,경상남도 진주시 초전동,진주시,초전동,1000,61,0,60,18.15,2,㉧ㅡ서빈No.1구해줘홈즈ㅡ㉧추천BEST꿀방,https://www.zigbang.com/home/apt/items/49890545
2026-08-12 05:34:00,빌라투룸,49886607,월세,04,경상남도 진주시 봉래동,진주시,봉래동,500,33,0,55,16.64,2,㉧ㅡ서빈No.1구해줘홈즈ㅡ㉧추천BEST꿀방,https://www.zigbang.com/home/apt/items/49886607
2026-08-12 05:34:00,빌라투룸,49918584,월세,04,경상남도 진주시 상봉동,진주시,상봉동,2500,30,0,59.5,18.0,1,상봉동 애완동물 가능하고 깔끔한 리모델링 단독주택 투룸,https://www.zigbang.com/home/apt/items/49918584
2026-08-12 05:34:04,빌라투룸,49713701,월세,04,경상남도 창원시 마산회원구 양덕동,창원시 마산회원구,양덕동,2000,60,0,58.94,17.83,3,양덕동 새마을금고 인근 넓은 거실있는 투룸,https://www.zigbang.com/home/apt/items/49713701
2026-08-12 05:34:04,빌라투룸,49726304,월세,04,경상남도 창원시 마산회원구 양덕동,창원시 마산회원구,양덕동,3000,20,0,37.92,11.47,2,양덕동  메트로시티인근 올수리된 독채,https://www.zigbang.com/home/apt/items/49726304
2026-08-12 05:34:04,빌라투룸,49761054,월세,04,경상남도 창원시 마산회원구 양덕동,창원시 마산회원구,양덕동,5000,40,0,39.57,11.97,3,양덕동 중앙시장인근 방2  거실 대출가능,https://www.zigbang.com/home/apt/items/49761054
2026-08-12 05:34:04,빌라투룸,49781815,월세,04,경상남도 창원시 마산회원구 양덕동,창원시 마산회원구,양덕동,6000,20,0,49,14.82,3,LH가능.고속터미널인근  풀옵션 투룸 엘베있어요,https://www.zigbang.com/home/apt/items/49781815
2026-08-12 05:34:04,빌라투룸,49812870,매매,04,경상남도 창원시 마산회원구 양덕동,창원시 마산회원구,양덕동,9000,0,9000,56.63,17.13,3,양덕동 홈플 인근  올리모델링 방2,https://www.zigbang.com/home/apt/items/49812870
2026-08-12 05:34:04,빌라투룸,49891856,월세,04,경상남도 창원시 마산회원구 양덕동,창원시 마산회원구,양덕동,1000,60,0,57,17.24,3,양덕초 맞은편 거실넓은 투룸,https://www.zigbang.com/home/apt/items/49891856
2026-08-12 05:34:04,빌라투룸,49907779,월세,04,경상남도 창원시 마산합포구 산호동,창원시 마산합포구,산호동,500,50,0,46,13.91,3,산호경동리인인근 거실있는 풀옵션 투룸,https://www.zigbang.com/home/apt/items/49907779
2026-08-12 05:34:04,빌라투룸,49932346,월세,04,경상남도 창원시 마산회원구 양덕동,창원시 마산회원구,양덕동,300,37,0,39.57,11.97,3,양덕동 고속버스터미널인근 방2 풀옵션,https://www.zigbang.com/home/apt/items/49932346
2026-08-12 05:34:04,빌라투룸,49945954,월세,05,경상남도 창원시 마산회원구 양덕동,창원시 마산회원구,양덕동,5000,20,0,44.2,13.37,1,양덕동 중앙시장인근 방3 올전세  lh가능,https://www.zigbang.com/home/apt/items/49945954
2026-08-12 05:34:04,빌라투룸,49542160,월세,04,경상남도 창원시 성산구 반지동,창원시 성산구,반지동,1500,60,0,66.11,20.0,2,ㅡBESTㅡ 반지동 신축급 에어컨2대 ll 남서향 깔끔투룸,https://www.zigbang.com/home/apt/items/49542160
2026-08-12 05:34:04,빌라투룸,49865950,월세,04,경상남도 창원시 성산구 반지동,창원시 성산구,반지동,3000,25,0,41,12.4,2,ㅁHAPPYㅁ 반지동 부분 리모델링 깔끔한 미니투룸,https://www.zigbang.com/home/apt/items/49865950
2026-08-12 05:34:04,빌라투룸,50023047,월세,04,경상남도 창원시 의창구 명서동,창원시 의창구,명서동,1000,70,0,54.59,16.51,2,이쁜 복층  투룸 신축   즉시입주   보시면 만족하실겁니,https://www.zigbang.com/home/apt/items/50023047
2026-08-12 05:34:05,빌라투룸,49686308,월세,04,경상남도 창원시 마산회원구 구암동,창원시 마산회원구,구암동,300,21,0,39.57,11.97,1,구암동 저렴한 월세 방2  가성비 최고,https://www.zigbang.com/home/apt/items/49686308
2026-08-12 05:34:05,빌라투룸,49724329,전세,04,경상남도 창원시 의창구 팔용동,창원시 의창구,팔용동,6000,0,0,39.67,12.0,2,팔용동 방2  귀한올전세 LH전세대출가능,https://www.zigbang.com/home/apt/items/49724329
2026-08-12 05:34:05,빌라투룸,49812869,월세,04,경상남도 창원시 마산회원구 구암동,창원시 마산회원구,구암동,1000,30,0,44.3,13.4,2,구암동 구암고등학교인근  방2  독채,https://www.zigbang.com/home/apt/items/49812869
2026-08-12 05:34:05,빌라투룸,49867678,월세,04,경상남도 창원시 의창구 서상동,창원시 의창구,서상동,1000,62,0,43,13.01,2,ㅁHAPPYㅁ 서상동 풀옵션 투룸,https://www.zigbang.com/home/apt/items/49867678
2026-08-12 05:34:05,빌라투룸,49992850,월세,05,경상남도 창원시 의창구 팔용동,창원시 의창구,팔용동,8000,30,0,59.2,17.91,2,팔용동 방3 전세대출가능 공원뷰,https://www.zigbang.com/home/apt/items/49992850
2026-08-12 05:34:05,빌라투룸,49548927,월세,04,경상남도 창원시 의창구 봉곡동,창원시 의창구,봉곡동,1000,45,0,57,17.24,2,ㅁHAPPYㅁ 봉곡동 옵션 투룸,https://www.zigbang.com/home/apt/items/49548927
2026-08-12 05:34:05,빌라투룸,49728608,월세,04,경상남도 창원시 의창구 명서동,창원시 의창구,명서동,500,40,0,41,12.4,2,ㅁHAPPYㅁ 명서동 풀옵션 투룸,https://www.zigbang.com/home/apt/items/49728608
2026-08-12 05:34:05,빌라투룸,49768410,월세,04,경상남도 창원시 의창구 봉곡동,창원시 의창구,봉곡동,3000,40,0,60,18.15,2,ㅁHAPPYㅁ 봉곡동 투룸,https://www.zigbang.com/home/apt/items/49768410
2026-08-12 05:34:05,빌라투룸,49778222,월세,04,경상남도 창원시 의창구 봉곡동,창원시 의창구,봉곡동,1000,40,0,42,12.7,2,ㅁHAPPYㅁ 봉곡동 옵션 투룸,https://www.zigbang.com/home/apt/items/49778222
2026-08-12 05:34:05,빌라투룸,49782073,전세,04,경상남도 창원시 의창구 봉곡동,창원시 의창구,봉곡동,12000,0,0,50,15.12,2,ㅁHAPPYㅁ 봉곡동 준신축 느낌의 깔끔한 투룸,https://www.zigbang.com/home/apt/items/49782073
2026-08-12 05:34:05,빌라투룸,49807514,월세,04,경상남도 창원시 의창구 명서동,창원시 의창구,명서동,1000,50,0,45,13.61,2,ㅁHAPPYㅁ 명서동 리모델링 투룸,https://www.zigbang.com/home/apt/items/49807514
2026-08-12 05:34:05,빌라투룸,49869189,월세,04,경상남도 창원시 의창구 봉곡동,창원시 의창구,봉곡동,7000,10,0,50,15.12,2,ㅁHAPPYㅁ 봉곡동 투룸,https://www.zigbang.com/home/apt/items/49869189
2026-08-12 05:34:05,빌라투룸,49908091,월세,04,경상남도 창원시 의창구 봉곡동,창원시 의창구,봉곡동,500,40,0,50,15.12,2,남향 일조권최고 방2칸풀옵션 투룸입니다.,https://www.zigbang.com/home/apt/items/49908091
2026-08-12 05:34:05,빌라투룸,49936743,월세,04,경상남도 창원시 의창구 봉곡동,창원시 의창구,봉곡동,300,30,0,41,12.4,2,ㅁHAPPYㅁ 봉곡동 저렴하고 컨디션 좋은 풀옵션 투룸,https://www.zigbang.com/home/apt/items/49936743
2026-08-12 05:34:05,빌라투룸,49936837,월세,04,경상남도 창원시 의창구 봉곡동,창원시 의창구,봉곡동,500,35,0,45,13.61,1,ㅁHAPPYㅁ 봉곡동 저렴하고 깔끔한 풀옵션 미니투룸,https://www.zigbang.com/home/apt/items/49936837
2026-08-12 05:34:05,빌라투룸,49947947,월세,04,경상남도 창원시 의창구 명서동,창원시 의창구,명서동,500,30,0,30,9.07,2,ㅁHAPPYㅁ 명서동 미니투룸,https://www.zigbang.com/home/apt/items/49947947
2026-08-12 05:34:05,빌라투룸,50011495,월세,05,경상남도 창원시 의창구 봉곡동,창원시 의창구,봉곡동,5000,35,0,77,23.29,2,ㅁHAPPYㅁ 봉곡동 귀한 독채 쓰리룸,https://www.zigbang.com/home/apt/items/50011495
2026-08-12 05:34:05,빌라투룸,50023045,전세,05,경상남도 창원시 의창구 도계동,창원시 의창구,도계동,8000,0,0,76.03,23.0,2,이쁘고  밝은 방3개 즉시입주 초급매.  귀한전세 공원앞,https://www.zigbang.com/home/apt/items/50023045
2026-08-12 05:34:05,빌라투룸,50023049,매매,05,경상남도 창원시 의창구 도계동,창원시 의창구,도계동,14000,0,14000,72.72,22.0,4,"이쁘고 밝은  .LH자금됨
주차좋음 방3. 밝은 남향",https://www.zigbang.com/home/apt/items/50023049
2026-08-12 05:34:12,빌라투룸,49652425,월세,04,대구시 달서구 신당동,달서구,신당동,500,40,0,32.12,9.72,3,계명대앞 정투룸 풀옵션짱짱,https://www.zigbang.com/home/apt/items/49652425
2026-08-12 05:34:12,빌라투룸,49747955,월세,04,대구시 달서구 신당동,달서구,신당동,300,40,0,45.98,13.91,3,정투룸 풀옵션 채광굿 방음굿 단열굿 내부깨끗,https://www.zigbang.com/home/apt/items/49747955
2026-08-12 05:34:12,빌라투룸,49815190,월세,04,대구시 달서구 신당동,달서구,신당동,500,40,0,59.32,17.94,2,내부올리모델링된 정투룸입니다 풀옵션완비,https://www.zigbang.com/home/apt/items/49815190
2026-08-12 05:34:12,빌라투룸,49822122,월세,04,대구시 달서구 신당동,달서구,신당동,300,30,0,42.23,12.77,2,리모델링된 정투룸 풀옵션 내부깨끗 방음굿 단열굿,https://www.zigbang.com/home/apt/items/49822122
2026-08-12 05:34:12,빌라투룸,49854113,월세,04,대구시 달서구 신당동,달서구,신당동,300,40,0,46.3,14.01,4,"계명대역정투룸,학생두명환영",https://www.zigbang.com/home/apt/items/49854113
2026-08-12 05:34:12,빌라투룸,49858594,월세,04,대구시 달서구 호산동,달서구,호산동,500,55,0,42.9,12.98,2,호산동 방2거실1ㅣ엘베Oㅣ양방주차ㅣ3차산업단지,https://www.zigbang.com/home/apt/items/49858594
2026-08-12 05:34:12,빌라투룸,49951712,월세,04,대구시 달서구 신당동,달서구,신당동,500,40,0,45.21,13.68,2,올수리된정투룸 풀옵션 내부굿굿,https://www.zigbang.com/home/apt/items/49951712
2026-08-12 05:34:12,빌라투룸,49956096,월세,04,대구시 달서구 호산동,달서구,호산동,500,45,0,29.81,9.02,4,"신축,화이트톤투룸ㅣ풀옵션,에어컨2대,TV,침대ㅣ엘베,중문ㅣ",https://www.zigbang.com/home/apt/items/49956096
2026-08-12 05:34:12,빌라투룸,49972126,월세,04,대구시 달서구 신당동,달서구,신당동,500,40,0,33.26,10.06,2,신축 미니투룸 단기가능,https://www.zigbang.com/home/apt/items/49972126
2026-08-12 05:34:12,빌라투룸,49972768,월세,04,대구시 달서구 신당동,달서구,신당동,300,40,0,46.3,14.01,2,리모델링한 깔끔한투룸,https://www.zigbang.com/home/apt/items/49972768
2026-08-12 05:34:12,빌라투룸,49974477,월세,04,대구시 달성군 다사읍 죽곡리,달성군,다사읍,500,40,0,58.12,17.58,2,내부리모델링된 거실큰 정투룸입니다,https://www.zigbang.com/home/apt/items/49974477
2026-08-12 05:34:12,빌라투룸,50005877,월세,04,대구시 달서구 신당동,달서구,신당동,500,35,0,46.3,14.01,2,신축1.5룸 풀옵션,https://www.zigbang.com/home/apt/items/50005877
2026-08-12 05:34:13,빌라투룸,49928940,월세,04,대구시 수성구 범물동,수성구,범물동,300,30,0,34.2,10.35,2,ㅁ실매물실가격ㅁ신축급 범물동ㅁ올화이트 대형 투룸ㅁ완전 강추,https://www.zigbang.com/home/apt/items/49928940
2026-08-12 05:34:12,빌라투룸,49861987,월세,05,대구시 달서구 상인동,달서구,상인동,300,20,0,58,17.54,2,가성비최고인 방3개 주방겸거실 욕실 다용도실,https://www.zigbang.com/home/apt/items/49861987
2026-08-12 05:34:12,빌라투룸,49862115,월세,05,대구시 달서구 상인동,달서구,상인동,1000,40,0,68.14,20.61,2,올리모델링된 방3개 주방별도 거실별도세탁실 다용도실,https://www.zigbang.com/home/apt/items/49862115
2026-08-12 05:34:12,빌라투룸,49902750,월세,05,대구시 달서구 상인동,달서구,상인동,300,30,0,59.5,18.0,2,"월곡네거리,풀옵션쓰리룸ㅣ리모델링완료ㅣ미친가성비ㅣ빨리빨리ㅣ",https://www.zigbang.com/home/apt/items/49902750
2026-08-12 05:34:12,빌라투룸,49906924,전세,06,대구시 달서구 상인동,달서구,상인동,9000,0,0,76.16,23.04,1,LH가능 상인동 1층 단독주택 욕실 올수리,https://www.zigbang.com/home/apt/items/49906924
2026-08-12 05:34:12,빌라투룸,49911986,월세,04,대구시 달서구 상인동,달서구,상인동,200,20,0,42.98,13.0,2,실매물인증 l 상인동 넓은 투룸 l 미친가성비 l 채광맛집,https://www.zigbang.com/home/apt/items/49911986
2026-08-12 05:34:12,빌라투룸,49956800,월세,05,대구시 달서구 상인동,달서구,상인동,300,30,0,88.2,26.68,2,"NEW 최저가쓰리룸ㅣ관리비Xㅣ올수리,화이트톤ㅣ빨리",https://www.zigbang.com/home/apt/items/49956800
2026-08-12 05:34:12,빌라투룸,49999591,전세,06,대구시 달서구 도원동,달서구,도원동,8000,0,0,84,25.41,3,LH가능 방3개 욕실2개 도원동 주인세대,https://www.zigbang.com/home/apt/items/49999591
2026-08-12 05:34:13,빌라투룸,49574561,월세,05,경상남도 창원시 진해구 석동,창원시 진해구,석동,2000,61,0,116,35.09,4,거방3실넓고 구조좋은 34평 아파트형  주인채,https://www.zigbang.com/home/apt/items/49574561
2026-08-12 05:34:13,빌라투룸,49832052,월세,05,경상남도 창원시 진해구 경화동,창원시 진해구,경화동,500,65,0,76.03,23.0,4,"전진 방3 화2, 소파 식탁 침대, 풀옵션 , 단기가능",https://www.zigbang.com/home/apt/items/49832052
2026-08-12 05:34:13,빌라투룸,49879586,월세,04,경상남도 창원시 진해구 석동,창원시 진해구,석동,500,45,0,59.5,18.0,2,전진 진해경찰서뒤 롯데마트인근 풀옵션 투룸,https://www.zigbang.com/home/apt/items/49879586
2026-08-12 05:34:13,빌라투룸,49900010,월세,04,경상남도 창원시 진해구 경화동,창원시 진해구,경화동,1000,50,0,66.11,20.0,2,직빵 지정주차 방2 거실 주방이넓고 에어컨2대풀옵션,https://www.zigbang.com/home/apt/items/49900010
2026-08-12 05:34:13,빌라투룸,49919904,월세,05,경상남도 창원시 진해구 석동,창원시 진해구,석동,5000,33,0,113,34.18,4,황금알l 롯데마트 앞 4층 방3개 주인세대,https://www.zigbang.com/home/apt/items/49919904
2026-08-12 05:34:13,빌라투룸,49972994,월세,04,경상남도 창원시 진해구 석동,창원시 진해구,석동,500,45,0,50,15.12,2,"황금알 진해경찰서인근, 주차하기좋고, 풀옵션 투룸",https://www.zigbang.com/home/apt/items/49972994
2026-08-12 05:34:13,빌라투룸,49991034,월세,05,경상남도 창원시 진해구 석동,창원시 진해구,석동,2000,60,0,82.64,25.0,4,희망 위치좋은 깔끔한 주인채  방3  화장실2,https://www.zigbang.com/home/apt/items/49991034
2026-08-12 05:34:14,빌라투룸,49693629,월세,05,경상남도 김해시 주촌면 선지리,김해시,주촌면,2000,70,0,78.75,23.82,2,"신축,주촌초등학교,코스트코인근",https://www.zigbang.com/home/apt/items/49693629
2026-08-12 05:34:14,빌라투룸,49801638,월세,04,경상남도 김해시 내덕동,김해시,내덕동,500,45,0,49.59,15.0,2,내덕동 초특가  풀옵션 넓은 투룸,https://www.zigbang.com/home/apt/items/49801638
2026-08-12 05:34:14,빌라투룸,49816675,월세,06,경상남도 김해시 내덕동,김해시,내덕동,1000,65,0,100,30.25,3,내덕중 근처 초특가 복층 주인세대,https://www.zigbang.com/home/apt/items/49816675
2026-08-12 05:34:14,빌라투룸,49895721,월세,04,경상남도 김해시 내덕동,김해시,내덕동,1000,50,0,58,17.54,2,내덕중 근처 초특가 투룸,https://www.zigbang.com/home/apt/items/49895721
2026-08-12 05:34:14,빌라투룸,49920064,월세,04,경상남도 김해시 내덕동,김해시,내덕동,1000,35,0,49.59,15.0,3,내덕동 깨끗한 투룸,https://www.zigbang.com/home/apt/items/49920064
2026-08-12 05:34:14,빌라투룸,49952057,월세,04,경상남도 김해시 내덕동,김해시,내덕동,1000,50,0,55,16.64,2,"방2,거실,욕실1 풀옵션 투룸. 반려동물 동반 입주 문의",https://www.zigbang.com/home/apt/items/49952057
2026-08-12 05:34:14,빌라투룸,49965322,월세,04,경상남도 김해시 주촌면 선지리,김해시,주촌면,2000,65,0,80,24.2,2,REALㅇ신축ㅇ방2거실ㅇ엘베ㅇ넓은집ㅇㅇㅇㅇㅍ,https://www.zigbang.com/home/apt/items/49965322
2026-08-12 05:34:14,빌라투룸,49967613,월세,06,경상남도 김해시 내덕동,김해시,내덕동,5000,100,0,130,39.32,3,대청동 신축급 주인세대 복층구조,https://www.zigbang.com/home/apt/items/49967613
2026-08-12 05:34:14,빌라투룸,50023253,월세,05,경상남도 김해시 내덕동,김해시,내덕동,1000,40,0,68.16,20.62,2,깨끗한 쓰리룸입니다,https://www.zigbang.com/home/apt/items/50023253
2026-08-12 05:34:14,빌라투룸,50023257,월세,05,경상남도 김해시 내덕동,김해시,내덕동,500,42,0,60,18.15,2,방2개와 거실이며 깨끗한 방입니다,https://www.zigbang.com/home/apt/items/50023257
2026-08-12 05:34:14,빌라투룸,50023261,월세,06,경상남도 김해시 내덕동,김해시,내덕동,1000,70,0,115.7,35.0,2,주인세대와 옥탑이 아주좋아요,https://www.zigbang.com/home/apt/items/50023261
2026-08-12 05:34:14,빌라투룸,50023267,월세,05,경상남도 김해시 내덕동,김해시,내덕동,1000,40,0,55,16.64,2,방2개와 거실입니다,https://www.zigbang.com/home/apt/items/50023267
2026-08-12 05:34:14,빌라투룸,50023275,월세,05,경상남도 김해시 내덕동,김해시,내덕동,2000,45,0,68.16,20.62,2,"주택20평이며,  거실이 넓어요",https://www.zigbang.com/home/apt/items/50023275
2026-08-12 05:34:14,빌라투룸,49626388,월세,04,경상남도 창원시 의창구 사림동,창원시 의창구,사림동,500,35,0,41,12.4,2,ㅁHAPPYㅁ 사림동 가성비 좋은 풀옵션 미니투룸 도배완료,https://www.zigbang.com/home/apt/items/49626388
2026-08-12 05:34:14,빌라투룸,49690913,월세,04,경상남도 창원시 의창구 사림동,창원시 의창구,사림동,500,40,0,53,16.03,2,ㅁHAPPYㅁ 사림동 투룸,https://www.zigbang.com/home/apt/items/49690913
2026-08-12 05:34:14,빌라투룸,49691601,월세,04,경상남도 창원시 의창구 사림동,창원시 의창구,사림동,1000,60,0,61,18.45,2,ㅁHAPPYㅁ 사림동 깔끔하게 잘 관리 되어있는 투룸,https://www.zigbang.com/home/apt/items/49691601
2026-08-12 05:34:14,빌라투룸,49694772,월세,04,경상남도 창원시 의창구 봉곡동,창원시 의창구,봉곡동,1000,50,0,47,14.22,2,ㅁHAPPYㅁ 올리모델링 봉곡동 투룸,https://www.zigbang.com/home/apt/items/49694772
2026-08-12 05:34:14,빌라투룸,49806715,월세,04,경상남도 창원시 의창구 사림동,창원시 의창구,사림동,500,30,0,40,12.1,1,ㅁHAPPYㅁ 에어컨O 미니투룸 사림동,https://www.zigbang.com/home/apt/items/49806715
2026-08-12 05:34:14,빌라투룸,49931441,월세,04,경상남도 창원시 의창구 사림동,창원시 의창구,사림동,1000,57,0,59.5,18.0,2,"ㅡBESTㅡ에어컨, 테라스 세탁실 별도 ll 준신축 투룸",https://www.zigbang.com/home/apt/items/49931441
2026-08-12 05:34:14,빌라투룸,49966099,월세,04,경상남도 창원시 의창구 사림동,창원시 의창구,사림동,5000,35,0,53,16.03,2,ㅁHAPPYㅁ 사림동 투룸,https://www.zigbang.com/home/apt/items/49966099
2026-08-12 05:34:14,빌라투룸,50014528,월세,04,경상남도 창원시 의창구 봉곡동,창원시 의창구,봉곡동,1000,40,0,56.19,17.0,1,"ㅡBESTㅡ봉곡동 옵션투룸 ll 내부수리, 구조좋고 깔끔",https://www.zigbang.com/home/apt/items/50014528
2026-08-12 05:34:15,빌라투룸,49914256,월세,05,부산시 강서구 범방동,강서구,범방동,3000,90,0,112.68,34.09,3,"귀한 탑층 대형평수 거실,방3,화2,에5, 대형테라스有",https://www.zigbang.com/home/apt/items/49914256
2026-08-12 05:34:15,빌라투룸,49584279,월세,05,경상남도 김해시 삼정동,김해시,삼정동,2000,49,0,59.5,18.0,3,O 반려동물가능 엘리베이터 방2개 O 거실넓어요 에어컨2대,https://www.zigbang.com/home/apt/items/49584279
2026-08-12 05:34:15,빌라투룸,49696770,월세,05,경상남도 김해시 지내동,김해시,지내동,6250,15,0,73.61,22.27,5,O LH전세임대가능 O 방3개 화이트톤 깔끔한집,https://www.zigbang.com/home/apt/items/49696770
2026-08-12 05:34:15,빌라투룸,49778142,월세,04,경상남도 김해시 삼정동,김해시,삼정동,1000,56,0,50,15.12,3,"ll 엘베있는신축 ll 방 2, 거실있는 집",https://www.zigbang.com/home/apt/items/49778142
2026-08-12 05:34:15,빌라투룸,49786400,월세,04,경상남도 김해시 부원동,김해시,부원동,2000,37,0,49.59,15.0,4,NO.1옵션새로교체VV풀옵션VV역세권VV,https://www.zigbang.com/home/apt/items/49786400
2026-08-12 05:34:15,빌라투룸,49790093,월세,04,경상남도 김해시 어방동,김해시,어방동,1000,51,0,50,15.12,4,"ll 어방동신축 ll 방 2, 거실있는 분리형 구조",https://www.zigbang.com/home/apt/items/49790093
2026-08-12 05:34:15,빌라투룸,49790188,월세,04,경상남도 김해시 부원동,김해시,부원동,2000,36,0,45,13.61,4,"ll 시청역인근 ll 방2개, 관리 잘된 깔끔한 집",https://www.zigbang.com/home/apt/items/49790188
2026-08-12 05:34:15,빌라투룸,49877240,전세,04,경상남도 김해시 어방동,김해시,어방동,5500,0,0,50,15.12,3,O LH전세가능 방2개 O 어방동 깔끔한집이에요,https://www.zigbang.com/home/apt/items/49877240
2026-08-12 05:34:15,빌라투룸,49906781,월세,04,경상남도 김해시 삼정동,김해시,삼정동,1000,57,0,60,18.15,2,VNew UpdteV더블역세권V준신축,https://www.zigbang.com/home/apt/items/49906781
2026-08-12 05:34:15,빌라투룸,49961543,월세,04,경상남도 김해시 삼정동,김해시,삼정동,1000,56,0,58,17.54,2,O 역세권 깔끔한 방2개 투룸 O 스타벅스 바로 뒤쪽,https://www.zigbang.com/home/apt/items/49961543
2026-08-12 05:34:15,빌라투룸,49963461,월세,04,경상남도 김해시 삼정동,김해시,삼정동,2000,61,0,60,18.15,2,NO.1신축VV거실1방2VV풀옵션VV채광좋음,https://www.zigbang.com/home/apt/items/49963461
2026-08-12 05:34:15,빌라투룸,50004405,월세,04,경상남도 김해시 어방동,김해시,어방동,1000,66,0,46.28,14.0,3,"ll 주차편리 ll 신축,동김해IC 방2개, 거실있는 집",https://www.zigbang.com/home/apt/items/50004405
2026-08-12 05:34:15,빌라투룸,49896115,전세,04,부산시 북구 구포동,북구,구포동,14000,0,0,40.33,12.2,5,방2.거실1. 베란다. 세탁실 有. 융자말소조건,https://www.zigbang.com/home/apt/items/49896115
2026-08-12 05:34:15,빌라투룸,49684825,월세,05,경상남도 김해시 구산동,김해시,구산동,1500,45,0,73.02,22.09,1,"역인근,준신축,반려동물가능",https://www.zigbang.com/home/apt/items/49684825
2026-08-12 05:34:15,빌라투룸,49842348,월세,04,경상남도 김해시 삼계동,김해시,삼계동,500,41,0,50,15.12,2,ㄴ깔끔한매물ㄱ 풀옵션 방2개있는 매물,https://www.zigbang.com/home/apt/items/49842348
2026-08-12 05:34:15,빌라투룸,49842390,월세,04,경상남도 김해시 삼계동,김해시,삼계동,1000,50,0,60,18.15,3,ㄴ초등학교 근처 매물ㄱ이번에 도배 장판 새로한 매물,https://www.zigbang.com/home/apt/items/49842390
2026-08-12 05:34:15,빌라투룸,49842405,월세,04,경상남도 김해시 삼계동,김해시,삼계동,1000,53,0,60,18.15,2,ㄴ방2개ㄱㄴ화장실2개ㄱㄴ준신축ㄱㄴ역세권ㄱ,https://www.zigbang.com/home/apt/items/49842405
2026-08-12 05:34:15,빌라투룸,49888611,월세,05,경상남도 김해시 구산동,김해시,구산동,5000,65,0,95,28.74,2,"연지공원역인근,준신축,방2거실분리형",https://www.zigbang.com/home/apt/items/49888611
2026-08-12 05:34:15,빌라투룸,49917408,월세,04,경상남도 김해시 구산동,김해시,구산동,1500,46,0,73.02,22.09,1,방2칸 옵션있음 경전철 가까움,https://www.zigbang.com/home/apt/items/49917408
2026-08-12 05:34:15,빌라투룸,49917409,월세,04,경상남도 김해시 구산동,김해시,구산동,2000,36,0,49.59,15.0,1,역세권 방2개,https://www.zigbang.com/home/apt/items/49917409
2026-08-12 05:34:15,빌라투룸,49917411,월세,05,경상남도 김해시 구산동,김해시,구산동,1000,41,0,50,15.12,4,"방3개 복층형,연지공원역인근",https://www.zigbang.com/home/apt/items/49917411
2026-08-12 05:34:15,빌라투룸,49925384,월세,05,경상남도 김해시 구산동,김해시,구산동,500,48,0,49.59,15.0,4,REALㅇ방2ㅇ복층ㅇ깔끔ㅇ풀옵ㅇㅇㄴ,https://www.zigbang.com/home/apt/items/49925384
2026-08-12 05:34:15,빌라투룸,49967900,월세,04,경상남도 김해시 구산동,김해시,구산동,2000,30,0,60,18.15,2,구산동 대로변 방2개 상가주택,https://www.zigbang.com/home/apt/items/49967900
2026-08-12 05:34:15,빌라투룸,49984245,월세,04,경상남도 김해시 구산동,김해시,구산동,2000,46,0,55,16.64,3,O 건조기까지 풀옵션 신축급 O 강일병원 부근,https://www.zigbang.com/home/apt/items/49984245
2026-08-12 05:34:15,빌라투룸,49995837,월세,04,경상남도 김해시 구산동,김해시,구산동,2000,46,0,50,15.12,3,"ll 신축 방2개 ll 건조기까지 옵션,주차편리",https://www.zigbang.com/home/apt/items/49995837
2026-08-12 05:34:15,빌라투룸,50020248,월세,05,경상남도 김해시 구산동,김해시,구산동,1000,50,0,60,18.15,2,넓은거실방2칸 연지공원역인근,https://www.zigbang.com/home/apt/items/50020248
2026-08-12 05:34:15,빌라투룸,50021282,월세,04,경상남도 김해시 구산동,김해시,구산동,2000,50,0,62.81,19.0,2,역세권 방2개 거실 옵션있음,https://www.zigbang.com/home/apt/items/50021282
2026-08-12 05:34:16,빌라투룸,49562990,전세,04,경상남도 양산시 물금읍 범어리,양산시,물금읍,8500,0,0,56.2,17.0,2,WW 조건좋은 투룸 방2 넓은 거실 붙박이장 전월세,https://www.zigbang.com/home/apt/items/49562990
2026-08-12 05:34:16,빌라투룸,49805234,월세,05,경상남도 양산시 물금읍 범어리,양산시,물금읍,600,45,0,60,18.15,4,SoU.방2개 거실1개 발코니공간까지 가성비 만점,https://www.zigbang.com/home/apt/items/49805234
2026-08-12 05:34:16,빌라투룸,49853715,월세,04,경상남도 양산시 물금읍 범어리,양산시,물금읍,1000,55,0,60,18.15,2,SoU.신축급 방2개 거실1개 화이트톤의 깔끔한 인테리어,https://www.zigbang.com/home/apt/items/49853715
2026-08-12 05:34:16,빌라투룸,49882559,월세,04,경상남도 양산시 물금읍 범어리,양산시,물금읍,1000,55,0,60,18.15,3,WW 대형 투룸 방2 넓은 거실  에어컨 2in1 붙박이장,https://www.zigbang.com/home/apt/items/49882559
2026-08-12 05:34:16,빌라투룸,49945315,월세,05,경상남도 양산시 물금읍 범어리,양산시,물금읍,1000,70,0,68,20.57,3,방3개. 넓은 거실과 주방. 채광 좋고 살림하기 좋은 집,https://www.zigbang.com/home/apt/items/49945315
2026-08-12 05:34:16,빌라투룸,49948430,월세,05,경상남도 양산시 물금읍 범어리,양산시,물금읍,8000,100,0,132,39.93,4,주인세대 끝판왕,https://www.zigbang.com/home/apt/items/49948430
2026-08-12 05:34:16,빌라투룸,49987518,월세,05,경상남도 양산시 물금읍 범어리,양산시,물금읍,3000,55,0,60,18.15,2,"방2개, 넓은 거실과 주방. 전세도 가능.",https://www.zigbang.com/home/apt/items/49987518
2026-08-12 05:34:16,빌라투룸,50003303,월세,04,경상남도 양산시 동면 금산리,양산시,동면,500,32,0,56.19,17.0,옥탑방,넓 은 옥 탑. 공과금 모두 포함된 착한 분리형룸,https://www.zigbang.com/home/apt/items/50003303
2026-08-12 05:34:16,빌라투룸,50025604,월세,06,경상남도 양산시 물금읍 물금리,양산시,물금읍,3000,90,0,130.26,39.4,3,넓은 주인세대. 채광 좋고 넓은 옥탑있는 주인세대,https://www.zigbang.com/home/apt/items/50025604
2026-08-12 05:34:18,빌라투룸,49686903,월세,04,부산시 연제구 연산동,연제구,연산동,2000,80,0,45.19,13.67,11,"개인명의,근저당X,연산역1분,방2거실1,인기매물,보증금조절",https://www.zigbang.com/home/apt/items/49686903
2026-08-12 05:34:18,빌라투룸,49803567,월세,04,부산시 부산진구 양정동,부산진구,양정동,8000,15,0,33.04,9.99,5,"시청,방2,거실1,베란다,소형아파트형,버팀목,보증보험",https://www.zigbang.com/home/apt/items/49803567
2026-08-12 05:34:18,빌라투룸,49888792,월세,04,부산시 연제구 연산동,연제구,연산동,500,35,0,40.92,12.38,1,연산역인근 투룸,https://www.zigbang.com/home/apt/items/49888792
2026-08-12 05:34:18,빌라투룸,49931678,월세,04,부산시 연제구 연산동,연제구,연산동,200,80,0,46.98,14.21,10,"풀옵션,최상컨디션, 소형아파트식 구조.",https://www.zigbang.com/home/apt/items/49931678
2026-08-12 05:34:18,빌라투룸,49934068,월세,04,부산시 부산진구 양정동,부산진구,양정동,2000,55,0,18.64,5.64,8,"시청역,버팀목,대출가능,반환조건,보증금조절",https://www.zigbang.com/home/apt/items/49934068
2026-08-12 05:34:18,빌라투룸,49934736,월세,04,부산시 연제구 연산동,연제구,연산동,500,58,0,28.14,8.51,2,"시청역,짐많고 답답한거 싫으신분,노면주차",https://www.zigbang.com/home/apt/items/49934736
2026-08-12 05:34:18,빌라투룸,49984635,월세,04,부산시 연제구 연산동,연제구,연산동,1000,70,0,51.38,15.54,11,"공휴일 정상운영, 연산역 30초",https://www.zigbang.com/home/apt/items/49984635
2026-08-12 05:34:18,빌라투룸,49984655,월세,04,부산시 수영구 망미동,수영구,망미동,1000,61,0,25.31,7.66,3,망미역 최고 시설,https://www.zigbang.com/home/apt/items/49984655
2026-08-12 05:34:18,빌라투룸,50006455,월세,04,부산시 연제구 연산동,연제구,연산동,1000,70,0,40.11,12.13,5,"융자없는 개인명의, 큰투룸 ,연산역코앞, 전호실보유",https://www.zigbang.com/home/apt/items/50006455
2026-08-12 05:34:18,빌라투룸,50015424,월세,04,부산시 부산진구 양정동,부산진구,양정동,2000,70,0,43.31,13.1,3,"시청인근,방2,거실1,베란다,소형아파트형,버팀목,보증금조절",https://www.zigbang.com/home/apt/items/50015424
2026-08-12 05:34:18,빌라투룸,50022726,월세,04,부산시 연제구 연산동,연제구,연산동,2000,55,0,32.14,9.72,4,이 지역 제일 넓은 방. 수납력 최고. 베란다까지,https://www.zigbang.com/home/apt/items/50022726
2026-08-12 05:34:18,빌라투룸,50027443,월세,04,부산시 연제구 연산동,연제구,연산동,500,30,0,42,12.7,1,환기 잘되고 작은 마당있는 방2칸,https://www.zigbang.com/home/apt/items/50027443
2026-08-12 05:34:18,빌라투룸,49763937,월세,04,부산시 부산진구 개금동,부산진구,개금동,15600,15,0,59.76,18.08,3,방2.거실1.세탁실 귀한 전세매물. 모든대출o LH가능,https://www.zigbang.com/home/apt/items/49763937
2026-08-12 05:34:18,빌라투룸,49764670,전세,04,부산시 동래구 사직동,동래구,사직동,11000,0,0,25.96,7.85,10,"사직역,신축첫입주급,건조기,스타일러,중기청,버팀목",https://www.zigbang.com/home/apt/items/49764670
2026-08-12 05:34:18,빌라투룸,49915754,월세,04,부산시 부산진구 전포동,부산진구,전포동,500,79,0,55.21,16.7,3,"귀한 풀옵션 거실,방2,화1,에1",https://www.zigbang.com/home/apt/items/49915754
2026-08-12 05:34:18,빌라투룸,49917931,월세,04,부산시 부산진구 부전동,부산진구,부전동,1000,60,0,39.33,11.9,1,"귀한 풀옵션 거실,방2,화1,에어컨 3대",https://www.zigbang.com/home/apt/items/49917931
2026-08-12 05:34:18,빌라투룸,49817879,월세,04,부산시 동래구 수안동,동래구,수안동,1000,59,0,23.47,7.1,13,"수안역 코앞,신축오피스텔,선착순 입주",https://www.zigbang.com/home/apt/items/49817879
2026-08-12 05:34:18,빌라투룸,49854754,월세,04,부산시 금정구 장전동,금정구,장전동,2000,55,0,28.79,8.71,3,부산대 북문 부근 두분이 사시기 좋은 방2 화2 풀옵션,https://www.zigbang.com/home/apt/items/49854754
2026-08-12 05:34:18,빌라투룸,49855984,월세,04,부산시 금정구 부곡동,금정구,부곡동,1000,60,0,26.34,7.97,2,부곡동  거실1 방2 풀옵션..개인명의..융자없음,https://www.zigbang.com/home/apt/items/49855984
2026-08-12 05:34:18,빌라투룸,49907945,월세,04,부산시 동래구 온천동,동래구,온천동,2000,55,0,16.02,4.85,9,신축 분리형 베스트. 최강 옵션. 저층 할인가능,https://www.zigbang.com/home/apt/items/49907945
2026-08-12 05:34:18,빌라투룸,49908461,월세,04,부산시 동래구 온천동,동래구,온천동,2000,55,0,22.38,6.77,5,보증금조절 가능.신축 1년차.건조기. 분리형 타입,https://www.zigbang.com/home/apt/items/49908461
2026-08-12 05:34:18,빌라투룸,49915727,월세,04,부산시 금정구 장전동,금정구,장전동,500,45,0,38.61,11.68,5,"귀한 풀옵션 탑층 거실,방2,화1,에1, 자주식 주차",https://www.zigbang.com/home/apt/items/49915727
2026-08-12 05:34:18,빌라투룸,49917496,월세,04,부산시 동래구 온천동,동래구,온천동,2000,55,0,40.57,12.27,5,온천장 부근  거실1 큰 방2 풀옵션,https://www.zigbang.com/home/apt/items/49917496
2026-08-12 05:34:18,빌라투룸,49945918,월세,04,부산시 동래구 온천동,동래구,온천동,2000,40,0,22.49,6.8,4,"방1거실1,남향집,극가성비,신축급,즉시입주",https://www.zigbang.com/home/apt/items/49945918
2026-08-12 05:34:18,빌라투룸,49982757,월세,04,부산시 금정구 부곡동,금정구,부곡동,3000,70,0,62.17,18.81,5,금정세무소 부근 깔끔한  거실1 방2.. 풀옵션,https://www.zigbang.com/home/apt/items/49982757
2026-08-12 05:34:18,빌라투룸,49984601,월세,04,부산시 동래구 수안동,동래구,수안동,1000,59,0,23.47,7.1,14,"2026 신축, 전호실 보유 중",https://www.zigbang.com/home/apt/items/49984601
2026-08-12 05:34:18,빌라투룸,49984612,월세,04,부산시 동래구 수안동,동래구,수안동,2500,51,0,25.09,7.59,14,"2026 신축, 전호실 보유중",https://www.zigbang.com/home/apt/items/49984612
2026-08-12 05:34:18,빌라투룸,50023178,월세,04,부산시 동래구 수안동,동래구,수안동,1000,61,0,21.96,6.64,12,"신축 첫 입주 , 즉시입주 , 현금 100만원 드립니다",https://www.zigbang.com/home/apt/items/50023178
2026-08-12 05:34:18,빌라투룸,49888712,전세,04,부산시 해운대구 반여동,해운대구,반여동,2300,0,0,46.42,14.04,4,LH전세 가능 반여동 빌라 전세,https://www.zigbang.com/home/apt/items/49888712
2026-08-12 05:34:18,빌라투룸,49984660,전세,05,부산시 수영구 광안동,수영구,광안동,19000,0,0,24.07,7.28,6,"방2, 거실1, 복층, 테라스",https://www.zigbang.com/home/apt/items/49984660
2026-08-12 05:34:18,빌라투룸,49917964,월세,05,부산시 금정구 남산동,금정구,남산동,2000,70,0,64.57,19.53,6,"귀한 탑층 가장 좋은 호실 방3,화1,에3, 자주식 주차",https://www.zigbang.com/home/apt/items/49917964
2026-08-12 05:34:18,빌라투룸,49953617,월세,04,부산시 금정구 남산동,금정구,남산동,2000,75,0,36.68,11.1,6,범어사역 부근 신축  거실1  방2 풀옵션,https://www.zigbang.com/home/apt/items/49953617
2026-08-12 05:34:18,빌라투룸,49969157,월세,04,부산시 금정구 구서동,금정구,구서동,700,65,0,44.84,13.56,4,"풀옵션, 방2, 거실1,",https://www.zigbang.com/home/apt/items/49969157
2026-08-12 05:34:18,빌라투룸,49711062,전세,04,부산시 해운대구 반송동,해운대구,반송동,4500,0,0,43.22,13.07,2,평지 전세 풀옵션 입니다,https://www.zigbang.com/home/apt/items/49711062
2026-08-12 05:34:18,빌라투룸,49717749,월세,04,부산시 해운대구 반송동,해운대구,반송동,300,33,0,43.56,13.18,2,학교도보1분 채광좋은 투룸,https://www.zigbang.com/home/apt/items/49717749
2026-08-12 05:34:18,빌라투룸,49862992,월세,04,부산시 해운대구 반송동,해운대구,반송동,200,23,0,43.56,13.18,4,방2칸 냉장고 세탁기 가스렌지,https://www.zigbang.com/home/apt/items/49862992
2026-08-12 05:34:18,빌라투룸,49888724,전세,04,부산시 해운대구 반송동,해운대구,반송동,6000,0,0,44.85,13.57,1,반송도서관 인근 평지에 위치한 최신식 리모델링,https://www.zigbang.com/home/apt/items/49888724
2026-08-12 05:34:18,빌라투룸,49915425,월세,05,부산시 해운대구 반송동,해운대구,반송동,500,56,0,40.96,12.39,4,복층 방3칸 학생 여러명 거주 가능,https://www.zigbang.com/home/apt/items/49915425
2026-08-12 05:34:18,빌라투룸,49915464,월세,04,부산시 해운대구 반송동,해운대구,반송동,300,35,0,43.56,13.18,3,"각방 모두 채광좋고, 침대2개 에어컨2대 설치",https://www.zigbang.com/home/apt/items/49915464
2026-08-12 05:34:18,빌라투룸,49929462,월세,04,부산시 해운대구 반송동,해운대구,반송동,300,35,0,40.92,12.38,3,넓은공간 원하는 1인 학생 맞춤 리모델링 투룸,https://www.zigbang.com/home/apt/items/49929462
2026-08-12 05:34:18,빌라투룸,49959893,월세,04,부산시 해운대구 반송동,해운대구,반송동,500,30,0,46.39,14.03,2,올수리 풀옵션 갖춰진 햇살좋은 투룸,https://www.zigbang.com/home/apt/items/49959893
2026-08-12 05:34:18,빌라투룸,49970230,월세,04,부산시 금정구 금사동,금정구,금사동,500,35,0,54.24,16.41,1,"가격 대비 최고 넓은 거실,방,2화1, 자주식주차",https://www.zigbang.com/home/apt/items/49970230
2026-08-12 05:34:18,빌라투룸,49986450,월세,04,부산시 금정구 금사동,금정구,금사동,500,35,0,54.24,16.41,1,방2칸 넓은 거실 및 주방,https://www.zigbang.com/home/apt/items/49986450
2026-08-12 05:34:18,빌라투룸,49536539,월세,05,경상남도 양산시 동면 석산리,양산시,동면,1000,40,0,45.26,13.69,2,"OK남양산IC 인근 조용한 아파트 쓰리룸, 개인임대인OK",https://www.zigbang.com/home/apt/items/49536539
2026-08-12 05:34:18,빌라투룸,49753992,월세,05,경상남도 양산시 동면 석산리,양산시,동면,500,50,0,50,15.12,4,반려동물가능한 풀옵션 아파트,https://www.zigbang.com/home/apt/items/49753992
2026-08-12 05:34:18,빌라투룸,49966467,전세,06,경상남도 양산시 동면 석산리,양산시,동면,5000,0,0,85.08,25.74,2,LH가능한 전세,https://www.zigbang.com/home/apt/items/49966467
2026-08-12 05:34:18,빌라투룸,49999201,월세,06,경상남도 양산시 동면 석산리,양산시,동면,500,65,0,82,24.8,4,옵션있는넓은포룸,https://www.zigbang.com/home/apt/items/49999201
2026-08-12 05:34:18,빌라투룸,50005902,월세,05,경상남도 양산시 동면 금산리,양산시,동면,1000,53,0,80,24.2,2,"방3개 넓은룸,막힘없는 거실.에어컨1대 옵션",https://www.zigbang.com/home/apt/items/50005902
2026-08-12 05:34:19,빌라투룸,49818045,월세,04,부산시 기장군 정관읍 방곡리,기장군,정관읍,500,45,0,49.59,15.0,2,"방2,에어컨2,집깨끗,즉시입주 가능",https://www.zigbang.com/home/apt/items/49818045
2026-08-12 05:34:19,빌라투룸,49884281,전세,04,부산시 기장군 정관읍 방곡리,기장군,정관읍,6000,0,0,59.5,18.0,1,"방2,거실,주방,욕실",https://www.zigbang.com/home/apt/items/49884281
2026-08-12 05:34:19,빌라투룸,50017006,월세,05,부산시 기장군 정관읍 방곡리,기장군,정관읍,1000,65,0,80,24.2,2,"24평,방3칸,거실,에어컨 있음",https://www.zigbang.com/home/apt/items/50017006
2026-08-12 05:34:19,빌라투룸,50028667,월세,04,부산시 기장군 정관읍 방곡리,기장군,정관읍,300,45,0,49.59,15.0,3,"방2칸,주방분리,저렴한 월세,풀옵션",https://www.zigbang.com/home/apt/items/50028667
2026-08-12 05:34:20,빌라투룸,49884249,월세,04,부산시 기장군 정관읍 모전리,기장군,정관읍,9500,15,0,39.83,12.05,4,"독채, LH ,1000,50도 가능,중기청년대출,한수원",https://www.zigbang.com/home/apt/items/49884249
2026-08-12 05:34:21,빌라투룸,49866904,전세,05,울산시 울주군 온양읍 운화리,울주군,온양읍,7000,0,0,60,18.15,2,조용하고 살기좋은 2층,https://www.zigbang.com/home/apt/items/49866904
2026-08-12 05:34:21,빌라투룸,49889520,월세,06,울산시 울주군 온양읍 운화리,울주군,온양읍,3000,61,0,85.95,26.0,4,살기좋은 주인세대,https://www.zigbang.com/home/apt/items/49889520
2026-08-12 05:34:21,빌라투룸,49914805,월세,04,울산시 울주군 온양읍 대안리,울주군,온양읍,200,45,0,30,9.07,2,대안리 귀한 투룸,https://www.zigbang.com/home/apt/items/49914805
2026-08-12 05:34:21,빌라투룸,49973480,월세,05,울산시 울주군 온양읍 대안리,울주군,온양읍,300,60,0,60,18.15,2,온산공단 출퇴근 길 좋아요,https://www.zigbang.com/home/apt/items/49973480
2026-08-12 05:34:21,빌라투룸,49999085,월세,04,울산시 울주군 온양읍 대안리,울주군,온양읍,200,45,0,20,6.05,4,즉시입주 공실,https://www.zigbang.com/home/apt/items/49999085
2026-08-12 05:34:21,빌라투룸,50014882,월세,04,울산시 울주군 청량읍 상남리,울주군,청량읍,300,51,0,52,15.73,3,덕하역 주차좋고귀한매물 저렴한가격 방2주방 컨디션최상,https://www.zigbang.com/home/apt/items/50014882
2026-08-12 05:34:24,빌라투룸,49917838,월세,05,대구시 수성구 시지동,수성구,시지동,1000,57,0,43.9,13.28,2,ㅁ엘리베이터有ㅁ신축3룸ㅁ화이트톤ㅁ풀옵션ㅁ에어컨2대ㅁ중문ㅁ,https://www.zigbang.com/home/apt/items/49917838
2026-08-12 05:34:24,빌라투룸,49917848,월세,05,대구시 수성구 신매동,수성구,신매동,300,28,0,52.89,16.0,1,ㅁ저렴한ㅁ리모델링3룸ㅁ풀옵션ㅁTVㅁ침대ㅁ,https://www.zigbang.com/home/apt/items/49917848
2026-08-12 05:34:24,빌라투룸,49917849,월세,04,대구시 수성구 시지동,수성구,시지동,200,18,0,42.97,13.0,1,ㅁ완전저렴ㅁ리모델링ㅁ2룸ㅁ풀옵션ㅁ남향ㅁ,https://www.zigbang.com/home/apt/items/49917849
2026-08-12 05:34:24,빌라투룸,49917874,월세,04,대구시 수성구 신매동,수성구,신매동,200,16,0,39.67,12.0,3,ㅁ완전저렴ㅁ2룸ㅁ풀옵션ㅁ가격대비최고ㅁ,https://www.zigbang.com/home/apt/items/49917874
2026-08-12 05:34:24,빌라투룸,49917967,월세,05,대구시 수성구 신매동,수성구,신매동,300,28,0,52.89,16.0,1,ㅁ리모델링ㅁ3룸ㅁ풀옵션ㅁ침대ㅁTVㅁ쇼파ㅁ옷장ㅁ책상ㅁ남향ㅁ,https://www.zigbang.com/home/apt/items/49917967
2026-08-12 05:34:24,빌라투룸,49917992,월세,05,대구시 수성구 매호동,수성구,매호동,500,50,0,59.5,18.0,2,ㅁ엘리베이터有ㅁ신축급3룸ㅁ화이트톤ㅁ풀옵션ㅁ남향ㅁ양방향주차ㅁ,https://www.zigbang.com/home/apt/items/49917992
2026-08-12 05:34:24,빌라투룸,49944495,월세,05,대구시 수성구 시지동,수성구,시지동,500,32,0,52.89,16.0,3,ㅁ추천매물ㅁ리모델링3룸ㅁ풀옵션ㅁ남향ㅁ,https://www.zigbang.com/home/apt/items/49944495
2026-08-12 05:34:24,빌라투룸,50011517,월세,05,대구시 수성구 신매동,수성구,신매동,500,30,0,52.9,16.0,3,ㅁ화이트톤ㅁ리모델링3룸ㅁ풀옵션ㅁ대형붙박이장ㅁ남향ㅁ,https://www.zigbang.com/home/apt/items/50011517
2026-08-12 05:34:24,빌라투룸,50011605,월세,04,대구시 수성구 신매동,수성구,신매동,200,23,0,42.97,13.0,2,ㅁ리모델링ㅁ2룸ㅁ화이트톤ㅁ풀옵션ㅁ중문ㅁ,https://www.zigbang.com/home/apt/items/50011605
2026-08-12 05:34:24,빌라투룸,49092495,월세,04,경상북도 경산시 진량읍 신제리,경산시,진량읍,300,43,0,49.59,15.0,3,엘리베이터 있는 넓고 조용한 투룸,https://www.zigbang.com/home/apt/items/49092495
2026-08-12 05:34:24,빌라투룸,49773951,월세,04,경상북도 경산시 진량읍 신제리,경산시,진량읍,300,45,0,46,13.91,3,소개비무 엘리베이트 있어서 편리한 투룸,https://www.zigbang.com/home/apt/items/49773951
2026-08-12 05:34:24,빌라투룸,49977848,월세,04,경상북도 경산시 진량읍 신제리,경산시,진량읍,1000,65,0,43,13.01,2,소개비 무 신축 깨끗한집 엘리베이트 풀옵션 큰차대기 좋은집,https://www.zigbang.com/home/apt/items/49977848
2026-08-12 05:34:24,빌라투룸,49956697,월세,04,경상북도 경산시 사동,경산시,사동,300,28,0,50.5,15.28,3,OOO친절OO가성비투룸OO실사진OO구조굿OO살기좋은OO,https://www.zigbang.com/home/apt/items/49956697
2026-08-12 05:34:24,빌라투룸,49754318,월세,04,경상북도 경산시 압량읍 신대리,경산시,압량읍,500,45,0,49.58,15.0,2,"NEW 26.07.18 촬영, 채광 좋은 투룸",https://www.zigbang.com/home/apt/items/49754318
2026-08-12 05:34:24,빌라투룸,49774569,월세,04,경상북도 경산시 압량읍 신대리,경산시,압량읍,300,45,0,49.58,15.0,3,"NEW 26.07.20 촬영, 큰길가 정투룸",https://www.zigbang.com/home/apt/items/49774569
2026-08-12 05:34:24,빌라투룸,49774661,월세,04,경상북도 경산시 압량읍 신대리,경산시,압량읍,500,50,0,59.5,18.0,2,"NEW 26.07.20 촬영, 큰길가 정투룸",https://www.zigbang.com/home/apt/items/49774661
2026-08-12 05:34:24,빌라투룸,49774873,월세,04,경상북도 경산시 압량읍 신대리,경산시,압량읍,500,40,0,49.58,15.0,1,"NEW 26.07.18 촬영, 가성비 좋은 투룸",https://www.zigbang.com/home/apt/items/49774873
2026-08-12 05:34:24,빌라투룸,49815129,월세,04,경상북도 경산시 압량읍 신대리,경산시,압량읍,300,40,0,50,15.12,3,2R 가성비 초등학교 앞 정투룸,https://www.zigbang.com/home/apt/items/49815129
2026-08-12 05:34:24,빌라투룸,49815138,월세,04,경상북도 경산시 압량읍 신대리,경산시,압량읍,500,38,0,52.89,16.0,4,2R 위치 좋고 채광 좋은,https://www.zigbang.com/home/apt/items/49815138
2026-08-12 05:34:24,빌라투룸,49815156,월세,04,경상북도 경산시 압량읍 신대리,경산시,압량읍,1000,50,0,66,19.96,4,2R 주인세대 전세도 가능합니다,https://www.zigbang.com/home/apt/items/49815156
2026-08-12 05:34:24,빌라투룸,49815168,월세,05,경상북도 경산시 압량읍 신대리,경산시,압량읍,500,45,0,69,20.87,4,3R 가성비와 드레이스룸 아이방,https://www.zigbang.com/home/apt/items/49815168
2026-08-12 05:34:24,빌라투룸,49866410,월세,04,경상북도 경산시 압량읍 신대리,경산시,압량읍,1000,50,0,53,16.03,3,2R 엘베있는 미니 아파트,https://www.zigbang.com/home/apt/items/49866410
2026-08-12 05:34:24,빌라투룸,49928490,월세,04,경상북도 경산시 압량읍 신대리,경산시,압량읍,200,26,0,50.89,15.39,3,"OO친절OO가성비투룸OO살기좋은,동네O풀옵션O구조굿",https://www.zigbang.com/home/apt/items/49928490
2026-08-12 05:34:24,빌라투룸,49956688,월세,04,경상북도 경산시 압량읍 신대리,경산시,압량읍,500,46,0,55.5,16.79,2,OOO친절OO신대O영대동문O거실넓음,https://www.zigbang.com/home/apt/items/49956688
2026-08-12 05:34:24,빌라투룸,49956698,월세,04,경상북도 경산시 압량읍 신대리,경산시,압량읍,300,41,0,55.5,16.79,3,OOO친절OO영남대 동문O신대O정투룸O컨디션좋음O살기좋은O,https://www.zigbang.com/home/apt/items/49956698
2026-08-12 05:34:24,빌라투룸,49956700,월세,04,경상북도 경산시 압량읍 신대리,경산시,압량읍,500,36,0,55.5,16.79,1,OOO친절OO영남대동문O신대O정투룸O가성비O,https://www.zigbang.com/home/apt/items/49956700
2026-08-12 05:34:24,빌라투룸,49988176,월세,04,경상북도 경산시 압량읍 신대리,경산시,압량읍,300,41,0,66.12,20.0,3,구ㅣ하ㅣ기ㅣ힘ㅣ든ㅣ정ㅣ투룸,https://www.zigbang.com/home/apt/items/49988176
2026-08-12 05:34:25,빌라투룸,49810950,월세,04,울산시 울주군 삼남읍 교동리,울주군,삼남읍,500,41,0,39.66,12.0,2,ㄴ최저가매물 방2 실사진 미쓰 보람병원도보 풀옵 깨끗,https://www.zigbang.com/home/apt/items/49810950
2026-08-12 05:34:25,빌라투룸,49858803,월세,04,울산시 울주군 삼남읍 교동리,울주군,삼남읍,300,46,0,57.1,17.27,2,산업고인근 방2거실주방분리 엘베0 화이트톤,https://www.zigbang.com/home/apt/items/49858803
2026-08-12 05:34:25,빌라투룸,49882656,월세,04,울산시 울주군 삼남읍 교동리,울주군,삼남읍,1000,41,0,58.1,17.58,3,산업고인근 방2거실 새로도배완료,https://www.zigbang.com/home/apt/items/49882656
2026-08-12 05:34:25,빌라투룸,49898047,월세,04,울산시 울주군 삼남읍 교동리,울주군,삼남읍,300,46,0,52.89,16.0,2,ㄴ추천매물 방2거실 실사진 엘리베이터 풀옵 서두르세요,https://www.zigbang.com/home/apt/items/49898047
2026-08-12 05:34:25,빌라투룸,49914681,월세,04,울산시 울주군 삼남읍 교동리,울주군,삼남읍,1000,41,0,56.19,17.0,3,ㄴ최저가매물 방2거실 풀옵 산업고인근 메가마트 서두르세요,https://www.zigbang.com/home/apt/items/49914681
2026-08-12 05:34:25,빌라투룸,49949327,월세,04,울산시 울주군 삼남읍 교동리,울주군,삼남읍,500,41,0,50,15.12,2,방2 주방 풀옵션 실사진 남향 저렴한가격,https://www.zigbang.com/home/apt/items/49949327
2026-08-12 05:34:25,빌라투룸,50016047,월세,04,울산시 울주군 삼남읍 교동리,울주군,삼남읍,300,41,0,50,15.12,3,방2 거실겸주방 풀옵션,https://www.zigbang.com/home/apt/items/50016047
2026-08-12 05:34:25,빌라투룸,50016179,월세,04,울산시 울주군 삼남읍 교동리,울주군,삼남읍,300,41,0,56.2,17.0,3,ㄴ추천매물 방2거실 풀옵 깨끗 서두르세요,https://www.zigbang.com/home/apt/items/50016179
2026-08-12 05:34:25,빌라투룸,50016184,월세,04,울산시 울주군 언양읍 서부리,울주군,언양읍,500,61,0,56.19,17.0,2,ㄴ최저가매물 방2거실 엘베 실사진 풀옵 즉시입주 서두르세요,https://www.zigbang.com/home/apt/items/50016184
2026-08-12 05:34:25,빌라투룸,50027714,월세,04,울산시 울주군 삼남읍 교동리,울주군,삼남읍,300,41,0,55,16.64,3,ꯁꯁ교동리ㅣ귀한매물ㅣ실제엘베있음ㅣ방2컨디션bestㅣ주차굳,https://www.zigbang.com/home/apt/items/50027714
2026-08-12 05:34:26,빌라투룸,49834135,월세,04,울산시 남구 옥동,남구,옥동,500,80,0,55.5,16.79,2,올리모델링 첫입주 세제품 방2개 거실1개 깨끗한 구조,https://www.zigbang.com/home/apt/items/49834135
2026-08-12 05:34:26,빌라투룸,49867045,월세,04,울산시 남구 옥동,남구,옥동,500,81,0,43,13.01,2,옥서초 인근.방2거실.리모델링 첫입주,https://www.zigbang.com/home/apt/items/49867045
2026-08-12 05:34:26,빌라투룸,49960928,월세,04,울산시 남구 무거동,남구,무거동,300,41,0,50,15.12,2,방2 거실 울대도보가능,https://www.zigbang.com/home/apt/items/49960928
2026-08-12 05:34:26,빌라투룸,49989395,월세,05,울산시 남구 무거동,남구,무거동,300,40,0,43,13.01,1,남향 밝음. 방2칸 거실겸 주방 욕실로 구조좋고 깨끗함,https://www.zigbang.com/home/apt/items/49989395
2026-08-12 05:34:26,빌라투룸,49989405,월세,06,울산시 남구 무거동,남구,무거동,2000,70,0,131.66,39.83,4,주인세대 독채 방3칸 거실 욕실2개. 전체수리되어 깨끗함,https://www.zigbang.com/home/apt/items/49989405
2026-08-12 05:34:26,빌라투룸,49993783,월세,04,울산시 남구 무거동,남구,무거동,500,66,0,63.1,19.09,2,방2거실 넓은공간 무거천 뷰,https://www.zigbang.com/home/apt/items/49993783
2026-08-12 05:34:26,빌라투룸,50009005,월세,04,울산시 남구 무거동,남구,무거동,500,66,0,60.89,18.42,3,무거천 바로 앞ㅣ컨디션 굿ㅣ방2 넓은 거실ㅣ채광 굿,https://www.zigbang.com/home/apt/items/50009005
2026-08-12 05:34:26,빌라투룸,50009067,월세,04,울산시 남구 무거동,남구,무거동,500,66,0,56.2,17.0,3,ㅣ방2개 넓은거실 ㅣ깔끔한 풀옵션 ㅣ무거천 뷰ㅣ,https://www.zigbang.com/home/apt/items/50009067
2026-08-12 05:34:26,빌라투룸,50015038,월세,04,울산시 남구 무거동,남구,무거동,500,66,0,55,16.64,3,방2 거실 위치 좋음,https://www.zigbang.com/home/apt/items/50015038
2026-08-12 05:34:26,빌라투룸,49850692,월세,04,울산시 중구 다운동,중구,다운동,500,30,0,50.1,15.16,2,복층 방2거실 리모델링된집 가성비최고,https://www.zigbang.com/home/apt/items/49850692
2026-08-12 05:34:26,빌라투룸,49948135,월세,04,울산시 울주군 범서읍 굴화리,울주군,범서읍,300,39,0,49.59,15.0,2,ㅣ방2주방1구조ㅣ주차굿ㅣ위치최상ㅣ,https://www.zigbang.com/home/apt/items/49948135
2026-08-12 05:34:26,빌라투룸,50014893,월세,04,울산시 중구 태화동,중구,태화동,1000,51,0,52.89,16.0,3,방2 거실 풀옵션 남향 실사진,https://www.zigbang.com/home/apt/items/50014893
2026-08-12 05:34:26,빌라투룸,49655758,월세,04,울산시 중구 옥교동,중구,옥교동,500,51,0,50.89,15.39,4,풀옵션 방2 주방 따로ㅣ상권 굿ㅣ주차 가능ㅣ채광 굿,https://www.zigbang.com/home/apt/items/49655758
2026-08-12 05:34:26,빌라투룸,49859545,월세,04,울산시 중구 성안동,중구,성안동,1000,51,0,56.19,17.0,2,ㄴ추천매물 방2거실 엘리베이터 풀옵 서두르세요,https://www.zigbang.com/home/apt/items/49859545
2026-08-12 05:34:26,빌라투룸,49873546,월세,04,울산시 중구 우정동,중구,우정동,1000,45,0,63.1,19.09,2,방2 에어컨2 리모델링0 넓은공간 깔끔한방,https://www.zigbang.com/home/apt/items/49873546
2026-08-12 05:34:26,빌라투룸,49892946,월세,04,울산시 중구 교동,중구,교동,1000,35,0,57.1,17.27,1,리모델링0 방2에어컨2 깔끔 애완동물0,https://www.zigbang.com/home/apt/items/49892946
2026-08-12 05:34:26,빌라투룸,49897436,월세,04,울산시 중구 성안동,중구,성안동,1000,61,0,56.19,17.0,3,ㄴ방2거실 엘리베이터O 풀옵 서두르세요,https://www.zigbang.com/home/apt/items/49897436
2026-08-12 05:34:26,빌라투룸,49917511,월세,04,울산시 중구 성안동,중구,성안동,4000,46,0,80.1,24.23,2,24평 방2화장실2에어컨2  주방도분리 드레스룸0,https://www.zigbang.com/home/apt/items/49917511
2026-08-12 05:34:26,빌라투룸,49987723,월세,04,울산시 중구 성안동,중구,성안동,300,36,0,49.59,15.0,2,방2 주방 풀옵션 실사진 저렴한월세,https://www.zigbang.com/home/apt/items/49987723
2026-08-12 05:34:26,빌라투룸,50012952,월세,04,울산시 중구 성안동,중구,성안동,500,65,0,60,18.15,3,ㅁ주차최상 ㅁ엘베유 ㅁ방2 ㅁ도배완료,https://www.zigbang.com/home/apt/items/50012952
2026-08-12 05:34:26,빌라투룸,50023171,월세,04,울산시 중구 복산동,중구,복산동,500,35,0,58.1,17.58,2,방2거실 에어컨0 테라스사용0 주차0,https://www.zigbang.com/home/apt/items/50023171
2026-08-12 05:34:26,빌라투룸,50027077,월세,04,울산시 중구 성안동,중구,성안동,500,51,0,57,17.24,3,ꯁꯁ 성안동ㅣ14년준공ㅣ햇살좋은집ㅣ방2거실겸주방ㅣ컨디션굳,https://www.zigbang.com/home/apt/items/50027077
2026-08-12 05:34:26,빌라투룸,50028994,월세,04,울산시 중구 성안동,중구,성안동,500,51,0,67.1,20.3,3,방2거실 깔끔한방 넓은공간 가성비최고,https://www.zigbang.com/home/apt/items/50028994
2026-08-12 05:34:27,빌라투룸,49514459,월세,05,울산시 북구 호계동,북구,호계동,2000,76,0,115.89,35.06,4,주인집. 컨디션 좋은 방3 화장실2 넓은 거실,https://www.zigbang.com/home/apt/items/49514459
2026-08-12 05:34:27,빌라투룸,49770801,월세,04,울산시 북구 호계동,북구,호계동,500,65,0,66.12,20.0,2,거실1방2 풀옵션 신축,https://www.zigbang.com/home/apt/items/49770801
2026-08-12 05:34:27,빌라투룸,49836817,월세,05,울산시 북구 호계동,북구,호계동,2000,75,0,139,42.05,4,주인세대 방3 화장실2,https://www.zigbang.com/home/apt/items/49836817
2026-08-12 05:34:27,빌라투룸,49939599,월세,04,울산시 북구 호계동,북구,호계동,500,46,0,57.1,17.27,2,방2거실 넓은안방 수납공간굿,https://www.zigbang.com/home/apt/items/49939599
2026-08-12 05:34:27,빌라투룸,49965039,월세,04,울산시 북구 호계동,북구,호계동,3000,30,0,56.2,17.0,3,NEW호계동ㅣ방2.거실1ㅣ1세대1주차ㅣ,https://www.zigbang.com/home/apt/items/49965039
2026-08-12 05:34:27,빌라투룸,49969095,월세,04,경상북도 경주시 외동읍 모화리,경주시,외동읍,200,60,0,60.1,18.18,4,MA 2016년식 방2거실 에어컨2,https://www.zigbang.com/home/apt/items/49969095
2026-08-12 05:34:27,빌라투룸,49800579,월세,05,경상북도 경주시 외동읍 모화리,경주시,외동읍,500,70,0,130.1,39.36,2,MA주인세대 방3화장실2 풀옵션 상태도굿,https://www.zigbang.com/home/apt/items/49800579
2026-08-12 05:34:27,빌라투룸,49978389,월세,04,울산시 북구 중산동,북구,중산동,500,59,0,50,15.12,3,방2 거실  엘베있음,https://www.zigbang.com/home/apt/items/49978389
2026-08-12 05:34:27,빌라투룸,49980973,월세,04,울산시 북구 중산동,북구,중산동,500,59,0,56.2,17.0,3,ㅣ중산 산업단지인근ㅣ거실1방2ㅣ엘베有ㅣ,https://www.zigbang.com/home/apt/items/49980973
2026-08-12 05:34:27,빌라투룸,49981331,월세,04,울산시 북구 중산동,북구,중산동,500,59,0,60.89,18.42,3,"EV. 주차 편리ㅣBEST컨디션ㅣ넓은 거실, 방2",https://www.zigbang.com/home/apt/items/49981331
2026-08-12 05:34:27,빌라투룸,49990960,월세,04,경상북도 경주시 외동읍 모화리,경주시,외동읍,200,42,0,43.1,13.04,2,MA 방2 주방분리에어컨2 가성비굿,https://www.zigbang.com/home/apt/items/49990960
2026-08-12 05:34:27,빌라투룸,49991042,월세,04,울산시 북구 중산동,북구,중산동,500,59,0,63.1,19.09,3,2016년식 방2 엘베0 넓은공간 방상태최상,https://www.zigbang.com/home/apt/items/49991042
2026-08-12 05:34:27,빌라투룸,50011568,월세,04,울산시 북구 중산동,북구,중산동,500,58,0,68,20.57,3,거실1 방2 주방 분리형 거실,https://www.zigbang.com/home/apt/items/50011568
2026-08-12 05:34:27,빌라투룸,50018614,월세,04,경상북도 경주시 외동읍 모화리,경주시,외동읍,100,44,0,50.1,15.16,2,MA 방2주방분리 방상태굿,https://www.zigbang.com/home/apt/items/50018614
2026-08-12 05:34:28,빌라투룸,49807335,월세,04,경상북도 경주시 충효동,경주시,충효동,2000,55,0,55.97,16.93,2,"방2,넓은거실  옵션있음 엘리베이터",https://www.zigbang.com/home/apt/items/49807335
2026-08-12 05:34:28,빌라투룸,49839390,월세,04,경상북도 경주시 시래동,경주시,시래동,300,45,0,56.2,17.0,4,"방2 거실,,,비교적 넓은 방,,,넓은 주차장",https://www.zigbang.com/home/apt/items/49839390
2026-08-12 05:34:28,빌라투룸,49829665,월세,04,경상북도 경주시 황오동,경주시,황오동,500,40,0,40,12.1,1,주택1층 풀옵션 조용한1인거주만가능 세탁기없음,https://www.zigbang.com/home/apt/items/49829665
2026-08-12 05:34:28,빌라투룸,49865544,월세,04,경상북도 경주시 동천동,경주시,동천동,500,50,0,59.5,18.0,1,"1층 방2,거실겸주방 애완동물협의가능",https://www.zigbang.com/home/apt/items/49865544
2026-08-12 05:34:28,빌라투룸,49993104,월세,04,경상북도 경주시 동천동,경주시,동천동,500,55,0,56.19,17.0,2,"교육청 근접 쓰리룸 방2,거실 풀옵션 EV",https://www.zigbang.com/home/apt/items/49993104
2026-08-12 05:34:28,빌라투룸,49993122,월세,04,경상북도 경주시 동천동,경주시,동천동,300,45,0,40,12.1,2,"방2,주방 풀옵션 남향 빌라 계약기간2년 10월초입주",https://www.zigbang.com/home/apt/items/49993122
2026-08-12 05:34:28,빌라투룸,50000807,월세,04,경상북도 경주시 동천동,경주시,동천동,300,50,0,56,16.94,2,"방2 거실,,, 시청 도보 가능,,,지정 주차",https://www.zigbang.com/home/apt/items/50000807
2026-08-12 05:34:28,빌라투룸,50008121,월세,04,경상북도 경주시 동천동,경주시,동천동,300,55,0,56.2,17.0,3,"A급 신축,,,편리한 엘베,,,방2 거실",https://www.zigbang.com/home/apt/items/50008121
2026-08-12 05:34:28,빌라투룸,50009045,월세,05,경상북도 경주시 동천동,경주시,동천동,2000,81,0,100,30.25,4,ㅡ엘베ㅡ방3화2ㅡ예쁜집ㅡ,https://www.zigbang.com/home/apt/items/50009045
2026-08-12 05:34:28,빌라투룸,49794443,월세,04,경상북도 경주시 시래동,경주시,시래동,300,45,0,29.75,9.0,3,"방2 거실,,,비교적 넓은 방",https://www.zigbang.com/home/apt/items/49794443
2026-08-12 05:34:28,빌라투룸,49895626,월세,04,경상북도 경주시 시래동,경주시,시래동,300,45,0,56.2,17.0,3,"방2 거실,,,비교적 넓은 방,,,넓은 주차장",https://www.zigbang.com/home/apt/items/49895626
2026-08-12 05:34:30,빌라투룸,49908914,월세,04,경상북도 성주군 성주읍 예산리,성주군,성주읍,2000,35,0,52.89,16.0,3,"예산리투룸, 즉시가능, 도배청소완료,도시가스사용",https://www.zigbang.com/home/apt/items/49908914
2026-08-12 05:34:30,빌라투룸,49908936,월세,04,경상북도 성주군 성주읍 학산리,성주군,성주읍,500,50,0,56.2,17.0,2,"산업단지투룸,풀옵션,즉시가능",https://www.zigbang.com/home/apt/items/49908936
2026-08-12 05:34:30,빌라투룸,49910270,월세,04,경상북도 성주군 성주읍 학산리,성주군,성주읍,500,45,0,60,18.15,4,"성주산업단지내 넓은 투룸, 즉시가능, 정남향",https://www.zigbang.com/home/apt/items/49910270
2026-08-12 05:34:30,빌라투룸,49910371,월세,04,경상북도 성주군 성주읍 성산리,성주군,성주읍,300,45,0,59.5,18.0,4,"성주읍사무소 인근 투룸,도시가스사용, 즉시가능",https://www.zigbang.com/home/apt/items/49910371
2026-08-12 05:34:30,빌라투룸,49910558,월세,04,경상북도 성주군 성주읍 성산리,성주군,성주읍,3000,35,0,56.2,17.0,3,"대구은행인근, 투룸반전세, 도시가스",https://www.zigbang.com/home/apt/items/49910558
2026-08-12 05:34:30,빌라투룸,49944045,월세,05,경상북도 성주군 성주읍 학산리,성주군,성주읍,500,53,0,66,19.96,2,성주산업단지 내 기숙사형 투룸or쓰리룸,https://www.zigbang.com/home/apt/items/49944045
2026-08-12 05:34:30,빌라투룸,50018723,전세,04,경상북도 성주군 성주읍 예산리,성주군,성주읍,6000,0,0,59.5,18.0,2,"실리안아파트인근 정남향 투룸, 전세, 2층,월세도가능",https://www.zigbang.com/home/apt/items/50018723
2026-08-12 05:34:31,빌라투룸,48757843,월세,04,경상북도 김천시 응명동,김천시,응명동,500,48,0,50,15.12,2,실매물보장 산업공단초입 최저가 풀옵션 투룸 방2 거실1,https://www.zigbang.com/home/apt/items/48757843
2026-08-12 05:34:31,빌라투룸,48757851,월세,04,경상북도 김천시 신음동,김천시,신음동,500,43,0,50,15.12,2,김천시청 바로옆 신음동최저가 풀옵션 깔끔한 신축원룸,https://www.zigbang.com/home/apt/items/48757851
2026-08-12 05:34:31,빌라투룸,48870605,월세,04,경상북도 김천시 모암동,김천시,모암동,500,43,0,50,15.12,2,김천 의료원인근 최신축 깔끔한 투룸 방2 거실1,https://www.zigbang.com/home/apt/items/48870605
2026-08-12 05:34:31,빌라투룸,48870630,월세,04,경상북도 김천시 부곡동,김천시,부곡동,500,43,0,50,15.12,2,"보증금,월세 파격조정가능 주공아파트인근 최저가 풀옵션 투룸",https://www.zigbang.com/home/apt/items/48870630
2026-08-12 05:34:31,빌라투룸,48771492,월세,04,경상북도 김천시 덕곡동,김천시,덕곡동,500,43,0,50,15.12,3,덕곡무실삼거리 최신축 풀옵션 깔끔한 투룸 방2 거실1,https://www.zigbang.com/home/apt/items/48771492
2026-08-12 05:34:31,빌라투룸,49773664,전세,04,경상북도 김천시 덕곡동,김천시,덕곡동,7500,0,0,59.5,18.0,4,덕곡동 하나로마트 인근 투룸전세 7500만원,https://www.zigbang.com/home/apt/items/49773664
2026-08-12 05:34:31,빌라투룸,49829274,월세,04,경상북도 김천시 덕곡동,김천시,덕곡동,500,43,0,55,16.64,2,김천시 덕곡동 하나로마트 뒤 보기힘든 투룸월세,https://www.zigbang.com/home/apt/items/49829274
2026-08-12 05:34:31,빌라투룸,49829279,월세,04,경상북도 김천시 덕곡동,김천시,덕곡동,500,43,0,55,16.64,2,김천혁신도시 인근신축 투룸방2거실,https://www.zigbang.com/home/apt/items/49829279
2026-08-12 05:34:31,빌라투룸,49859896,월세,04,경상북도 김천시 덕곡동,김천시,덕곡동,500,50,0,59.5,18.0,3,덕곡동 물레방아 인근 투룸 방2거실1,https://www.zigbang.com/home/apt/items/49859896
2026-08-12 05:34:31,빌라투룸,49859907,전세,04,경상북도 김천시 덕곡동,김천시,덕곡동,7500,0,0,59.5,18.0,2,덕곡동 하나로마트 인근 투룸전세 7500만원,https://www.zigbang.com/home/apt/items/49859907
2026-08-12 05:34:31,빌라투룸,49859920,월세,04,경상북도 김천시 덕곡동,김천시,덕곡동,500,50,0,62.81,19.0,3,덕곡동 신축 방2거실1깔끔한 투룸 입니다,https://www.zigbang.com/home/apt/items/49859920
2026-08-12 05:34:32,빌라투룸,49742814,월세,04,경상북도 김천시 아포읍 국사리,김천시,아포읍,300,31,0,55,16.64,4,김천시 아포읍국사리 덕일한마음 아파트인근 초저가 투룸 월,https://www.zigbang.com/home/apt/items/49742814
2026-08-12 05:34:32,빌라투룸,49525477,월세,04,경상북도 구미시 봉곡동,구미시,봉곡동,1000,50,0,60,18.15,2,"첫입주투룸,화이트리모델링",https://www.zigbang.com/home/apt/items/49525477
2026-08-12 05:34:32,빌라투룸,49766178,월세,04,경상북도 구미시 봉곡동,구미시,봉곡동,8500,31,0,45,13.61,2,봉곡동 선주고등학교 인근 올리모델링 LH 전세 투룸,https://www.zigbang.com/home/apt/items/49766178
2026-08-12 05:34:32,빌라투룸,49908654,월세,04,경상북도 구미시 봉곡동,구미시,봉곡동,300,45,0,64,19.36,2,"0리모델링,풀옵션,저렴한보증금0",https://www.zigbang.com/home/apt/items/49908654
2026-08-12 05:34:32,빌라투룸,49908794,월세,05,경상북도 구미시 봉곡동,구미시,봉곡동,300,35,0,80,24.2,4,복층투룸 에어컨3대 옥상단독사용가능,https://www.zigbang.com/home/apt/items/49908794
2026-08-12 05:34:32,빌라투룸,49979365,전세,04,경상북도 구미시 봉곡동,구미시,봉곡동,9500,0,0,55,16.64,2,"LH전세,리모델링공사중",https://www.zigbang.com/home/apt/items/49979365
2026-08-12 05:34:32,빌라투룸,50028759,월세,04,경상북도 구미시 봉곡동,구미시,봉곡동,1000,50,0,70,21.17,2,리모델링 투룸 넓은거실 건조기까지,https://www.zigbang.com/home/apt/items/50028759
2026-08-12 05:34:32,빌라투룸,49900434,월세,04,대구시 달성군 다사읍 세천리,달성군,다사읍,300,40,0,46.5,14.07,3,NEW 투룸 I 넓은사이즈 I 화이트톤 I 바로계약,https://www.zigbang.com/home/apt/items/49900434
2026-08-12 05:34:32,빌라투룸,49965919,전세,06,대구시 달성군 다사읍 세천리,달성군,다사읍,14000,0,0,84.5,25.56,4,LH가능 세천 주인세대,https://www.zigbang.com/home/apt/items/49965919
2026-08-12 05:34:33,빌라투룸,49703647,월세,04,경상북도 칠곡군 왜관읍 왜관리,칠곡군,왜관읍,500,45,0,49.59,15.0,4,O투룸월세O왜관시내O버거킹부근 O준신축즉시입주,https://www.zigbang.com/home/apt/items/49703647
2026-08-12 05:34:33,빌라투룸,49802655,월세,04,경상북도 칠곡군 왜관읍,칠곡군,왜관읍,2000,50,0,59.5,18.0,2,"O신축정투룸O태왕아너스,칠곡군립도서관부근,보증금조절가능",https://www.zigbang.com/home/apt/items/49802655
2026-08-12 05:34:33,빌라투룸,49906334,월세,04,경상북도 칠곡군 왜관읍 왜관리,칠곡군,왜관읍,500,40,0,49.59,15.0,3,㉧풀옵션 투룸㉧ 왜관 달오지구 입주 준비 완료 주차 편해요,https://www.zigbang.com/home/apt/items/49906334
2026-08-12 05:34:33,빌라투룸,49991462,월세,04,경상북도 칠곡군 왜관읍 왜관리,칠곡군,왜관읍,500,35,0,49.59,15.0,2,㉧왜관초 옆 투룸㉧ 에어컨 2대 풀옵션 내부 깔끔해요,https://www.zigbang.com/home/apt/items/49991462
2026-08-12 05:34:33,빌라투룸,49997660,월세,04,경상북도 칠곡군 왜관읍 왜관리,칠곡군,왜관읍,6500,10,0,60,18.15,2,"O신축정투룸O반전세,보증금조절가능,칠곡군립도서관부근",https://www.zigbang.com/home/apt/items/49997660
2026-08-12 05:34:33,빌라투룸,49703641,월세,04,경상북도 칠곡군 왜관읍 왜관리,칠곡군,왜관읍,1000,50,0,66.12,20.0,3,O투룸월세O이원리버빌아파트앞O깔끔한 투룸,https://www.zigbang.com/home/apt/items/49703641
2026-08-12 05:34:33,빌라투룸,49786449,월세,04,경상북도 칠곡군 왜관읍 석전리,칠곡군,왜관읍,500,50,0,49.59,15.0,3,㉧북부정류장 옆㉧ 해 잘들어오는 남향 도시가스 인기좋은 방,https://www.zigbang.com/home/apt/items/49786449
2026-08-12 05:34:33,빌라투룸,49938308,월세,04,경상북도 칠곡군 왜관읍 석전리,칠곡군,왜관읍,500,50,0,69.42,21.0,3,"O정투룸O북부정류장부근,왜관역부근O먼저보면임자O",https://www.zigbang.com/home/apt/items/49938308
2026-08-12 05:34:33,빌라투룸,50020108,월세,04,경상북도 칠곡군 왜관읍 왜관리,칠곡군,왜관읍,1000,45,0,49.59,15.0,2,㉧왜관시장 도보 1분㉧ 도시가스 구조 좋고 개방감 좋아요,https://www.zigbang.com/home/apt/items/50020108
2026-08-12 05:34:33,빌라투룸,50024594,월세,04,경상북도 칠곡군 왜관읍 석전리,칠곡군,왜관읍,500,40,0,59.5,18.0,4,㉧중앙초 인근㉧ 풀옵션 투룸 내부 매우 깔끔 인기 매물,https://www.zigbang.com/home/apt/items/50024594
2026-08-12 05:34:33,빌라투룸,49733492,월세,04,대구시 달서구 용산동,달서구,용산동,300,28,0,59.5,18.0,3,리모델링  남향 따뜻하고 아늑한 방2 거실 베란다,https://www.zigbang.com/home/apt/items/49733492
2026-08-12 05:34:33,빌라투룸,49900923,월세,04,대구시 달서구 용산동,달서구,용산동,300,25,0,59.5,18.0,1,"NEW리모델링투룸 I 방2개, 거실겸주방1개 I 빨리",https://www.zigbang.com/home/apt/items/49900923
2026-08-12 05:34:33,빌라투룸,49906390,월세,04,대구시 달서구 용산동,달서구,용산동,300,28,0,40,12.1,2,"투룸ㅣ양방주차,주차가능ㅣ가성비끝판왕ㅣ사이즈大ㅣ풀옵션ㅣ빨리",https://www.zigbang.com/home/apt/items/49906390
2026-08-12 05:34:33,빌라투룸,49943063,월세,04,대구시 달서구 용산동,달서구,용산동,200,22,0,59.5,18.0,3,용산파크아파트옆 투룸 저렴하고 좋은방  즉시입주가능,https://www.zigbang.com/home/apt/items/49943063
2026-08-12 05:34:33,빌라투룸,49956795,월세,04,대구시 달서구 용산동,달서구,용산동,100,20,0,47.9,14.49,1,"NEW 보100ㅣ올수리투룸,화이트톤ㅣ옵션빵빵ㅣ빨리",https://www.zigbang.com/home/apt/items/49956795
2026-08-12 05:34:33,빌라투룸,49964181,월세,04,대구시 달서구 용산동,달서구,용산동,500,37,0,62.81,19.0,2,"주차Good,방大2,거실大ㅡ깨끗하고 좋은집",https://www.zigbang.com/home/apt/items/49964181
2026-08-12 05:34:33,빌라투룸,50005925,월세,04,대구시 달서구 용산동,달서구,용산동,300,25,0,51.89,15.7,3,"깔끔수리ㅡ방2,주방ㅡ실물Goodㅡ주차Good",https://www.zigbang.com/home/apt/items/50005925
2026-08-12 05:34:33,빌라투룸,49952195,월세,05,대구시 동구 불로동,동구,불로동,2000,45,0,56.6,17.12,1,"리모델링 단층주택. 방3,거실. 에어컨3대. 냉장고. 옷장",https://www.zigbang.com/home/apt/items/49952195
2026-08-12 05:34:33,빌라투룸,49955868,월세,05,대구시 동구 도동,동구,도동,500,40,0,76.51,23.14,반지하,"올리모델링 빌라. 방3칸,거실1,베란다大. 주차편리. 공실",https://www.zigbang.com/home/apt/items/49955868
2026-08-12 05:34:34,빌라투룸,49706824,월세,04,대구시 북구 학정동,북구,학정동,3000,71,0,48,14.52,2,V건조기까지 있는 신축 투룸V 학정동 인기 매물,https://www.zigbang.com/home/apt/items/49706824
2026-08-12 05:34:34,빌라투룸,49899940,월세,04,대구시 북구 학정동,북구,학정동,500,50,0,59.5,18.0,3,"경대 인근, 옵션있는 정투룸 거실형,방2,인기방 선점필수",https://www.zigbang.com/home/apt/items/49899940
2026-08-12 05:34:34,빌라투룸,49906564,월세,04,대구시 북구 학정동,북구,학정동,500,45,0,48,14.52,3,"경대인근,최가성비 넓은투룸,방2,에어컨2,주차완벽",https://www.zigbang.com/home/apt/items/49906564
2026-08-12 05:34:34,빌라투룸,49932210,월세,05,대구시 북구 학정동,북구,학정동,2000,70,0,100,30.25,4,ꯁ 허위ZERO ꯁ 특급매물 ꯁ 방3욕실2 ꯁ 옥상단독 ꯁ,https://www.zigbang.com/home/apt/items/49932210
2026-08-12 05:34:34,빌라투룸,49991485,월세,05,대구시 북구 학정동,북구,학정동,2000,70,0,100,30.25,4,ꯁ허위ZEROꯁ특급매물ꯁ즉시입주가능,https://www.zigbang.com/home/apt/items/49991485
2026-08-12 05:34:35,빌라투룸,49753789,월세,04,경상북도 구미시 신평동,구미시,신평동,400,35,0,60,18.15,4,투룸V트여있는 전망V채광 좋아요V즉시입주 가능V,https://www.zigbang.com/home/apt/items/49753789
2026-08-12 05:34:35,빌라투룸,49753845,월세,04,경상북도 구미시 신평동,구미시,신평동,300,40,0,55,16.64,4,투룸V리모델링V신축화V풀옵션V채광 좋아요V,https://www.zigbang.com/home/apt/items/49753845
2026-08-12 05:34:35,빌라투룸,49834018,월세,04,경상북도 구미시 비산동,구미시,비산동,500,40,0,60,18.15,2,1공단인접ㅣ강변아파트인근ㅣ준신축투룸,https://www.zigbang.com/home/apt/items/49834018
2026-08-12 05:34:35,빌라투룸,49834040,월세,04,경상북도 구미시 비산동,구미시,비산동,300,20,0,50,15.12,4,전원리빙필인근ㅣ투룸,https://www.zigbang.com/home/apt/items/49834040
2026-08-12 05:34:35,빌라투룸,49834112,월세,04,경상북도 구미시 비산동,구미시,비산동,500,35,0,60,18.15,4,테라스ㅣ남향 투룸ㅣ에어컨2대ㅣ채광 좋음,https://www.zigbang.com/home/apt/items/49834112
2026-08-12 05:34:35,빌라투룸,49859780,월세,05,경상북도 구미시 임은동,구미시,임은동,1000,50,0,80,24.2,4,임은동 쓰리룸 에어컨넣으드림,https://www.zigbang.com/home/apt/items/49859780
2026-08-12 05:34:35,빌라투룸,49874321,월세,04,경상북도 구미시 비산동,구미시,비산동,200,20,0,50.06,15.14,4,저렴하고깔끔한투룸 각종인프라이용편리,https://www.zigbang.com/home/apt/items/49874321
2026-08-12 05:34:35,빌라투룸,49916564,월세,04,경상북도 구미시 임은동,구미시,임은동,1000,40,0,66.12,20.0,2,ㅣ가성비 리모델링  정투룸ㅣ공단초입구ㅣ깔끔심플ㅣ,https://www.zigbang.com/home/apt/items/49916564
2026-08-12 05:34:35,빌라투룸,49916834,월세,04,경상북도 구미시 광평동,구미시,광평동,500,45,0,50,15.12,3,ㄴWOWㄱ대형마트인접ㅣ준신축 깔끔 풀옵션ㅣ공단출퇴근편리,https://www.zigbang.com/home/apt/items/49916834
2026-08-12 05:34:35,빌라투룸,49966801,월세,04,경상북도 구미시 비산동,구미시,비산동,1000,45,0,66.12,20.0,3,"남향 신축 투룸v에어컨2대,건조기,시스템옷장",https://www.zigbang.com/home/apt/items/49966801
2026-08-12 05:34:35,빌라투룸,49979409,월세,04,경상북도 구미시 비산동,구미시,비산동,1000,45,0,68,20.57,3,"0남향,시스템행거,건조기0",https://www.zigbang.com/home/apt/items/49979409
2026-08-12 05:34:35,빌라투룸,49982021,월세,04,경상북도 구미시 비산동,구미시,비산동,1000,45,0,60,18.15,3,정투룸V남향ㅣ채광 굿V풀옵션V리모델링V,https://www.zigbang.com/home/apt/items/49982021
2026-08-12 05:34:35,빌라투룸,49791522,월세,04,경상북도 구미시 신평동,구미시,신평동,500,40,0,50,15.12,2,ㄴWOWㄱ풀옵션 투룸ㅣ신평 사거리ㅣ넓은 구조ㅣ주차편리,https://www.zigbang.com/home/apt/items/49791522
2026-08-12 05:34:35,빌라투룸,49817961,월세,04,경상북도 구미시 원평동,구미시,원평동,500,35,0,60,18.15,4,깔끔한 투룸ㅣ에어컨2대ㅣ선산이동 용이ㅣ구미시청ㅣ터미널,https://www.zigbang.com/home/apt/items/49817961
2026-08-12 05:34:35,빌라투룸,49837070,월세,04,경상북도 구미시 신평동,구미시,신평동,500,45,0,66.12,20.0,2,"첫입주 신축 투룸ㅣ건조기,에어컨2대,양문형냉장고",https://www.zigbang.com/home/apt/items/49837070
2026-08-12 05:34:35,빌라투룸,49838373,월세,04,경상북도 구미시 원평동,구미시,원평동,300,38,0,50,15.12,4,ㄴWOWㄱ풀옵션 투룸ㅣ구미역 인접ㅣ주차 차단기,https://www.zigbang.com/home/apt/items/49838373
2026-08-12 05:34:35,빌라투룸,49867698,월세,04,경상북도 구미시 원평동,구미시,원평동,300,38,0,45,13.61,2,깜끔한 투룸ㅣ풀옵션ㅣ옷장ㅣ터미널ㅣ구미시청ㅣ문성 이동용이,https://www.zigbang.com/home/apt/items/49867698
2026-08-12 05:34:35,빌라투룸,49870120,월세,04,경상북도 구미시 신평동,구미시,신평동,500,45,0,66,19.96,2,"리모델링투룸 건조기,양문형냉장고",https://www.zigbang.com/home/apt/items/49870120
2026-08-12 05:34:35,빌라투룸,49879946,월세,04,경상북도 구미시 원평동,구미시,원평동,500,45,0,66,19.96,2,구미역 도보5분 준신축투룸 풀옵션,https://www.zigbang.com/home/apt/items/49879946
2026-08-12 05:34:35,빌라투룸,49882770,월세,04,경상북도 구미시 신평동,구미시,신평동,500,45,0,60,18.15,2,리모델링 풀옵션 투룸ㅣ지산체육공원ㅣ넥스원ㅣ 한화ㅣ신평시장,https://www.zigbang.com/home/apt/items/49882770
2026-08-12 05:34:35,빌라투룸,49908569,월세,04,경상북도 구미시 원평동,구미시,원평동,500,40,0,67,20.27,4,구미역 바로뒤 준신축 투룸 풀옵션 에어컨2대,https://www.zigbang.com/home/apt/items/49908569
2026-08-12 05:34:35,빌라투룸,49913391,월세,04,경상북도 구미시 신평동,구미시,신평동,1000,45,0,60,18.15,4,V투룸V옵션 구비V넓은 거실V트여있는 전망V,https://www.zigbang.com/home/apt/items/49913391
2026-08-12 05:34:35,빌라투룸,49984285,월세,04,경상북도 구미시 원평동,구미시,원평동,500,45,0,60,18.15,2,ㅣPLUSㅣ투룸구미역 인접풀옵션,https://www.zigbang.com/home/apt/items/49984285
2026-08-12 05:34:35,빌라투룸,49984338,월세,04,경상북도 구미시 원평동,구미시,원평동,500,45,0,60,18.15,2,투룸V리모델링V붙박이장V터미널 인접V,https://www.zigbang.com/home/apt/items/49984338
2026-08-12 05:34:35,빌라투룸,49989622,월세,04,경상북도 구미시 원평동,구미시,원평동,300,38,0,60,18.15,2,투룸V풀옵션V분리형 주방V구미역 인접V,https://www.zigbang.com/home/apt/items/49989622
2026-08-12 05:34:35,빌라투룸,50023061,월세,04,경상북도 구미시 도량동,구미시,도량동,200,35,0,70,21.17,3,도량동 넓은 투룸 풀옵션,https://www.zigbang.com/home/apt/items/50023061
2026-08-12 05:34:35,빌라투룸,49725121,월세,04,경상북도 구미시 옥계동,구미시,옥계동,500,40,0,50,15.12,2,ㅁ큰도로 인근 정남향 햇살가득 방도 위치도 기가막힌 투룸ㅁ,https://www.zigbang.com/home/apt/items/49725121
2026-08-12 05:34:35,빌라투룸,49810583,월세,04,경상북도 구미시 산동읍 봉산리,구미시,산동읍,500,45,0,60,18.15,4,ㅁ큰도로 인근 찾기힘든 정남향 기운좋은 깔끔한 투룸ㅁ,https://www.zigbang.com/home/apt/items/49810583
2026-08-12 05:34:35,빌라투룸,49810595,월세,05,경상북도 구미시 옥계동,구미시,옥계동,1000,60,0,60,18.15,4,ㅁ동사무소 인근 저렴하고 깔끔한 쓰리룸 선착순ㅁ,https://www.zigbang.com/home/apt/items/49810595
2026-08-12 05:34:35,빌라투룸,50020350,월세,04,경상북도 구미시 옥계동,구미시,옥계동,300,25,0,52.89,16.0,2,양포초앞 풀옵션  갓성비 투룸,https://www.zigbang.com/home/apt/items/50020350
2026-08-12 05:34:35,빌라투룸,50020544,월세,04,경상북도 구미시 옥계동,구미시,옥계동,500,45,0,59.5,18.0,4,옥계동 에2 대왕베란다 리모델링 풀옵션 투룸,https://www.zigbang.com/home/apt/items/50020544
2026-08-12 05:34:42,빌라투룸,49724669,월세,04,대구시 동구 율하동,동구,율하동,300,30,0,35.08,10.61,2,HOT . 율하역3분 . 깔끔한투룸 . 가성비굳,https://www.zigbang.com/home/apt/items/49724669
2026-08-12 05:34:42,빌라투룸,49748364,전세,05,대구시 동구 율하동,동구,율하동,16000,0,0,95.7,28.95,4,ㅇ주인세대ㅇ방3욕실2ㅇ남향ㅇ대출없는 집ㅇ,https://www.zigbang.com/home/apt/items/49748364
2026-08-12 05:34:42,빌라투룸,49800003,월세,04,대구시 동구 서호동,동구,서호동,300,35,0,45,13.61,2,HOT . 반야월역 . 도보2분 . 화이트톤 . 깔끔한집,https://www.zigbang.com/home/apt/items/49800003
2026-08-12 05:34:42,빌라투룸,49829501,월세,04,대구시 동구 서호동,동구,서호동,300,38,0,28.16,8.52,3,.거실1방1 서호신축투룸.200프로실매물.채광우수 구조굿.,https://www.zigbang.com/home/apt/items/49829501
2026-08-12 05:34:42,빌라투룸,49860648,월세,04,대구시 동구 율하동,동구,율하동,300,35,0,42.9,12.98,3,"ㅇ방2,주방1ㅇ주차편리ㅇ가성비ㅇ즉시입주가능ㅇ",https://www.zigbang.com/home/apt/items/49860648
2026-08-12 05:34:42,빌라투룸,49860668,월세,05,대구시 동구 동호동,동구,동호동,2000,60,0,78.23,23.66,4,ㅇ방3욕실2ㅇ복층 주인세대ㅇ반야월역 인근ㅇ,https://www.zigbang.com/home/apt/items/49860668
2026-08-12 05:34:42,빌라투룸,49886844,월세,04,대구시 동구 동호동,동구,동호동,300,28,0,33.11,10.02,4,ㅇ수리완료ㅇ방2주방1ㅇ햇빛잘들어오는집ㅇ,https://www.zigbang.com/home/apt/items/49886844
2026-08-12 05:34:42,빌라투룸,49909024,월세,05,대구시 동구 신기동,동구,신기동,500,30,0,60,18.15,3,HOT . 신기동 쓰리룸 . 풀옵션 . 애견 가능,https://www.zigbang.com/home/apt/items/49909024
2026-08-12 05:34:42,빌라투룸,49917646,월세,05,대구시 동구 신평동,동구,신평동,2000,50,0,59.8,18.09,1,"올리모델링. 1가구만 거주. 에어컨有. 방3칸,거실.",https://www.zigbang.com/home/apt/items/49917646
2026-08-12 05:34:42,빌라투룸,49939461,월세,05,대구시 동구 율하동,동구,율하동,1000,40,0,47.47,14.36,3,o올리모델링o첫입주o화이트톤o대박깔끔한집,https://www.zigbang.com/home/apt/items/49939461
2026-08-12 05:34:42,빌라투룸,49939644,월세,05,대구시 동구 동호동,동구,동호동,2000,60,0,84,25.41,4,o나왔다복층주인세대o즉시입주가능o반야월역3분거리o,https://www.zigbang.com/home/apt/items/49939644
2026-08-12 05:34:42,빌라투룸,49958249,월세,04,대구시 동구 율하동,동구,율하동,500,50,0,50,15.12,3,o올리모델링o지하철1분거리o정투룸,https://www.zigbang.com/home/apt/items/49958249
2026-08-12 05:34:42,빌라투룸,49977958,월세,04,대구시 동구 율하동,동구,율하동,500,35,0,23.62,7.15,3,.거실1방1 율하신축투룸.200프로 실매물.붙박이장 엘베.,https://www.zigbang.com/home/apt/items/49977958
2026-08-12 05:34:42,빌라투룸,50015654,월세,04,대구시 동구 동호동,동구,동호동,300,28,0,33.11,10.02,4,o풀옵션o정투룸방2o리o주차편리o,https://www.zigbang.com/home/apt/items/50015654
2026-08-12 05:34:43,빌라투룸,49827886,월세,04,대구시 동구 각산동,동구,각산동,1000,40,0,45,13.61,2,"새론중학교삼거리 저렴한남향투룸,청소완료즉시입주",https://www.zigbang.com/home/apt/items/49827886
2026-08-12 05:34:43,빌라투룸,49860658,월세,04,대구시 동구 각산동,동구,각산동,500,45,0,49.59,15.0,2,ㅇ물빛서원 3분ㅇ비나리공원 1분ㅇ주차편리ㅇ,https://www.zigbang.com/home/apt/items/49860658
2026-08-12 05:34:43,빌라투룸,49860676,월세,05,대구시 동구 신서동,동구,신서동,1000,55,0,59.5,18.0,2,ㅇ부동산원 1분ㅇ방3욕실2ㅇ가성비ㅇ마운틴뷰ㅇ,https://www.zigbang.com/home/apt/items/49860676
2026-08-12 05:34:43,빌라투룸,49893792,전세,04,대구시 동구 신서동,동구,신서동,8000,0,0,49.59,15.0,2,"신보옆 아주넓은융자없는 LH 가능한전세,월세가능.가성비좋음",https://www.zigbang.com/home/apt/items/49893792
2026-08-12 05:34:43,빌라투룸,49896084,월세,04,대구시 동구 신서동,동구,신서동,500,50,0,45,13.61,2,"혁신도시 공기관가장근접한 방2 깔끔한투룸,즉시입주,청소완비",https://www.zigbang.com/home/apt/items/49896084
2026-08-12 05:34:43,빌라투룸,49932923,월세,04,대구시 동구 신서동,동구,신서동,500,45,0,49.6,15.0,2,ㅇ건조기 옵션ㅇ방2거실1ㅇ부동산원 3분ㅇ,https://www.zigbang.com/home/apt/items/49932923
2026-08-12 05:34:43,빌라투룸,49982529,월세,04,대구시 동구 각산동,동구,각산동,500,45,0,45,13.61,2,혁신도시 초래봉입구 즉시입주가능 투룸.햇볕잘드는남향,https://www.zigbang.com/home/apt/items/49982529
2026-08-12 05:34:43,빌라투룸,49982556,전세,05,대구시 동구 신서동,동구,신서동,12000,0,0,99.17,30.0,3,"LH 전세가능한 융자없는 혁신도시주인세대,즉시입주가.월세가",https://www.zigbang.com/home/apt/items/49982556
2026-08-12 05:34:43,빌라투룸,49990602,월세,04,대구시 동구 동호동,동구,동호동,500,34,0,39.87,12.06,3,ꖛ통창투룸 ꖛ엘베 ꖛ치안확실 ꖛ풀옵션 ꖛ인기매물,https://www.zigbang.com/home/apt/items/49990602
2026-08-12 05:34:43,빌라투룸,49931593,월세,05,경상북도 경산시 하양읍 금락리,경산시,하양읍,1000,80,0,82.8,25.05,4,하양역 도보 8분내 쓰리룸 주인세대 하나로마트 인접,https://www.zigbang.com/home/apt/items/49931593
2026-08-12 05:34:43,빌라투룸,49697429,월세,04,경상북도 경산시 진량읍 신상리,경산시,진량읍,200,35,0,46,13.91,2,소개비무 편리한 집 투룸,https://www.zigbang.com/home/apt/items/49697429
2026-08-12 05:34:43,빌라투룸,49797775,월세,04,경상북도 경산시 진량읍 신상리,경산시,진량읍,300,45,0,48,14.52,3,소개비무 조용한집 깨끗한집 여성분살기 좋은집 풀옵션,https://www.zigbang.com/home/apt/items/49797775
2026-08-12 05:34:43,빌라투룸,49865476,월세,04,경상북도 경산시 진량읍 신상리,경산시,진량읍,200,33,0,48.9,14.79,2,넓은 화장실 넓은 방 투룸,https://www.zigbang.com/home/apt/items/49865476
2026-08-12 05:34:43,빌라투룸,49989704,월세,04,경상북도 경산시 진량읍 신상리,경산시,진량읍,200,33,0,49.1,14.85,4,가성비 좋은 투룸,https://www.zigbang.com/home/apt/items/49989704
2026-08-12 05:34:43,빌라투룸,49990635,월세,04,경상북도 경산시 진량읍 신상리,경산시,진량읍,300,43,0,56.9,17.21,3,가성비 좋은 쓰리룸 가격 조정 가능,https://www.zigbang.com/home/apt/items/49990635
2026-08-12 05:34:43,빌라투룸,49995842,월세,04,경상북도 경산시 진량읍 신상리,경산시,진량읍,300,40,0,42.1,12.74,2,깔끔한 화이트톤 인테리어 가성비  투룸,https://www.zigbang.com/home/apt/items/49995842
2026-08-12 05:34:43,빌라투룸,49999914,월세,04,경상북도 경산시 진량읍 신상리,경산시,진량읍,200,39,0,52.6,15.91,4,넓은 투룸 에어컨 2대,https://www.zigbang.com/home/apt/items/49999914
2026-08-12 05:34:43,빌라투룸,50023463,월세,04,경상북도 경산시 진량읍 신상리,경산시,진량읍,200,32,0,46,13.91,3,소개비 무 좋은 위치 투룸 사용하기 편함,https://www.zigbang.com/home/apt/items/50023463
2026-08-12 05:34:49,빌라투룸,49796997,월세,04,경상북도 포항시 북구 대신동,포항시 북구,대신동,300,35,0,68,20.57,4,22평 옵션있는 정투룸T,https://www.zigbang.com/home/apt/items/49796997
2026-08-12 05:34:49,빌라투룸,49860995,월세,05,경상북도 포항시 북구 동빈1가,포항시 북구,동빈1가,2000,65,0,90,27.22,4,롯데백화점 인근 주인세대,https://www.zigbang.com/home/apt/items/49860995
2026-08-12 05:34:49,빌라투룸,49880306,월세,04,경상북도 포항시 북구 동빈2가,포항시 북구,동빈2가,300,40,0,57,17.24,2,가성비 좋은 옵션 정투룸T,https://www.zigbang.com/home/apt/items/49880306
2026-08-12 05:34:49,빌라투룸,49906784,월세,04,경상북도 포항시 북구 여천동,포항시 북구,여천동,500,41,0,64.7,19.57,4,육거리 cgv영화관 부근 옵션있는 정투룸,https://www.zigbang.com/home/apt/items/49906784
2026-08-12 05:34:49,빌라투룸,49924444,월세,04,경상북도 포항시 북구 학산동,포항시 북구,학산동,500,43,0,50,15.12,4,롯데백화점인근 풀옵션 정투룸 북부해수욕장,https://www.zigbang.com/home/apt/items/49924444
2026-08-12 05:34:49,빌라투룸,49924587,월세,04,경상북도 포항시 북구 덕수동,포항시 북구,덕수동,500,45,0,50,15.12,2,세무소인근 냉장고 세탁기 옵션있는 정투룸,https://www.zigbang.com/home/apt/items/49924587
2026-08-12 05:34:49,빌라투룸,49931955,월세,04,경상북도 포항시 북구 동빈1가,포항시 북구,동빈1가,500,50,0,59.5,18.0,3,엘리베이터 건물  동빈동 북구청부근   투룸,https://www.zigbang.com/home/apt/items/49931955
2026-08-12 05:34:49,빌라투룸,49994564,월세,04,경상북도 포항시 북구 대신동,포항시 북구,대신동,500,45,0,62.81,19.0,2,롯데백화점  선린병원 인근 위치 좋은 투룸 입니다.,https://www.zigbang.com/home/apt/items/49994564
2026-08-12 05:34:49,빌라투룸,50019975,월세,04,경상북도 포항시 북구 동빈1가,포항시 북구,동빈1가,500,50,0,63,19.06,2,준신축 엘리베이터 정투룸T,https://www.zigbang.com/home/apt/items/50019975
2026-08-12 05:34:49,빌라투룸,50026504,월세,04,경상북도 포항시 북구 동빈2가,포항시 북구,동빈2가,300,40,0,59.5,18.0,2,퓰옵션 투룸.육거리..북구CGV.포은도서관부근,https://www.zigbang.com/home/apt/items/50026504
2026-08-12 05:35:37,빌라투룸,49953654,월세,05,충청남도 서산시 읍내동,서산시,읍내동,1000,45,0,65,19.66,3,문화회관인근 깔끔한 쓰리룸 즉시입주가능,https://www.zigbang.com/home/apt/items/49953654
2026-08-12 05:35:37,빌라투룸,49992764,월세,04,충청남도 서산시 읍내동,서산시,읍내동,1000,55,0,63.2,19.12,2,문화회관인근 넓은 투룸 협의입주,https://www.zigbang.com/home/apt/items/49992764
2026-08-12 05:35:37,빌라투룸,49995887,월세,04,충청남도 서산시 동문동,서산시,동문동,1000,30,0,49.59,15.0,4,조용한 주택가에 상태양호한 풀옵션 미니 투룸,https://www.zigbang.com/home/apt/items/49995887
2026-08-12 05:36:03,빌라투룸,49802335,월세,04,인천시 영종구 운남동,영종구,운남동,3000,40,0,40,12.1,2,ㅡluckyㅡ 거실 넓고 구조좋은 투룸 저렴한 월세,https://www.zigbang.com/home/apt/items/49802335
2026-08-12 05:36:03,빌라투룸,49848172,월세,05,인천시 영종구 운남동,영종구,운남동,2000,72,0,52.89,16.0,1,ㅡlcukyㅡ 신축 완전 저렴 3룸,https://www.zigbang.com/home/apt/items/49848172
2026-08-12 05:36:03,빌라투룸,49895894,월세,04,인천시 영종구 운남동,영종구,운남동,2000,65,0,45,13.61,2,ㅡluckyㅡ 단독 테라스가 있는 넓은 투룸,https://www.zigbang.com/home/apt/items/49895894
2026-08-12 05:36:03,빌라투룸,49966398,월세,04,인천시 영종구 운남동,영종구,운남동,500,67,0,45,13.61,3,ㅡluckyㅡ 완전 SS급 큰사이즈 투룸,https://www.zigbang.com/home/apt/items/49966398
2026-08-12 05:36:03,빌라투룸,49996255,월세,05,인천시 영종구 운남동,영종구,운남동,1000,100,0,66.12,20.0,4,ㅡluckyㅡ 단독테라스 고급스러운 주인세대 월세,https://www.zigbang.com/home/apt/items/49996255
2026-08-12 05:36:03,빌라투룸,50013832,월세,04,인천시 영종구 운남동,영종구,운남동,500,57,0,46.28,14.0,2,거실넓고 해잘드는 투룸,https://www.zigbang.com/home/apt/items/50013832
2026-08-12 05:36:03,빌라투룸,50023999,월세,04,인천시 영종구 운남동,영종구,운남동,500,57,0,46.28,14.0,2,거실 있는 정석 완벽 투룸,https://www.zigbang.com/home/apt/items/50023999
2026-08-12 05:36:03,빌라투룸,50027624,월세,04,인천시 영종구 운남동,영종구,운남동,500,55,0,39.67,12.0,3,화이트톤 신축급 예쁜 투룸,https://www.zigbang.com/home/apt/items/50027624
2026-08-12 05:36:03,빌라투룸,50028440,월세,04,인천시 영종구 운남동,영종구,운남동,500,55,0,39.67,12.0,3,인기폭주 착한가격 깔끔투룸,https://www.zigbang.com/home/apt/items/50028440
2026-08-12 05:36:03,빌라투룸,50029232,월세,04,인천시 영종구 운남동,영종구,운남동,300,50,0,46.28,14.0,2,거실 넓고 가격 착한 투룸,https://www.zigbang.com/home/apt/items/50029232
2026-08-12 05:36:56,빌라투룸,49765165,월세,04,충청남도 당진시 신평면 금천리,당진시,신평면,500,54,0,39.6,11.98,4,신평 귀한 투룸 월세 옵션 좋은 집,https://www.zigbang.com/home/apt/items/49765165
2026-08-12 05:36:59,빌라투룸,49698119,월세,04,충청남도 아산시 탕정면 갈산리,아산시,탕정면,500,75,0,49.59,15.0,3,ㅇ탕정삼성ㅇ선문대서문ㅇ풀옵션ㅇ큰투룸ㅇ화장실2ㅇ주차장ㅇ엘베,https://www.zigbang.com/home/apt/items/49698119
2026-08-12 05:36:59,빌라투룸,49980559,월세,06,충청남도 아산시 탕정면 호산리,아산시,탕정면,3000,95,0,132.23,40.0,4,ㅇ탕정삼성ㅇ선문대ㅇ복층주인세대월세ㅇ방4 화3ㅇ즉시입주ㅇ,https://www.zigbang.com/home/apt/items/49980559
2026-08-12 05:36:59,빌라투룸,50020200,월세,04,충청남도 아산시 탕정면 매곡리,아산시,탕정면,200,60,0,49.59,15.0,4,ㅇ선문대동문ㅇ2인기준ㅇ깨끗한투룸ㅇEVㅇ풀옵션ㅇ주차장ㅇ1년ㅇ,https://www.zigbang.com/home/apt/items/50020200
2026-08-12 05:36:59,빌라투룸,50020318,월세,04,충청남도 아산시 탕정면 갈산리,아산시,탕정면,500,50,0,46.28,14.0,4,ㅇ탕정삼성ㅇ선문대3분거리ㅇ깨끗투룸ㅇ풀옵션ㅇ주차장ㅇ엘베ㅇ,https://www.zigbang.com/home/apt/items/50020318
2026-08-12 05:36:59,빌라투룸,49711648,월세,04,충청남도 아산시 온천동,아산시,온천동,1000,65,0,59.5,18.0,2,lll시청부근 신축급 엘베 투룸 거실넓음llll,https://www.zigbang.com/home/apt/items/49711648
2026-08-12 05:36:59,빌라투룸,49784938,월세,04,충청남도 아산시 온천동,아산시,온천동,1000,55,0,56.2,17.0,3,ꗟꗟ 중문 있는 신축투룸 ꗟꗟ온천천view ꗟꗟ,https://www.zigbang.com/home/apt/items/49784938
2026-08-12 05:36:59,빌라투룸,49917407,월세,04,충청남도 아산시 온천동,아산시,온천동,500,38,0,50,15.12,3,OOO가성비 투룸 넓은 베란다OOO,https://www.zigbang.com/home/apt/items/49917407
2026-08-12 05:36:59,빌라투룸,49927419,월세,04,충청남도 아산시 온천동,아산시,온천동,500,38,0,55,16.64,4,ㅁㅁ 시청인근 최저가 ㅁㅁ,https://www.zigbang.com/home/apt/items/49927419
2026-08-12 05:36:59,빌라투룸,49991828,월세,05,충청남도 아산시 온천동,아산시,온천동,2000,85,0,110,33.27,4,ꗃꔪ 테라스••쓰리룸 ꔪꔪ 고급주택••반함주의 ꗃꔪ,https://www.zigbang.com/home/apt/items/49991828
2026-08-12 05:36:59,빌라투룸,49991839,월세,05,충청남도 아산시 온천동,아산시,온천동,2000,85,0,110,33.27,4,ꔪꔪ 테라스신축 주인세대 ꔪꔪ 귀한매물 ꔪꔪ 빠른선점요망,https://www.zigbang.com/home/apt/items/49991839
2026-08-12 05:36:59,빌라투룸,49993733,월세,04,충청남도 아산시 온천동,아산시,온천동,1000,70,0,60,18.15,2,ll시청 부근. 주인세대. 넓은거실.붙박이장.인터넷.ll,https://www.zigbang.com/home/apt/items/49993733
2026-08-12 05:36:59,빌라투룸,50014132,월세,05,충청남도 아산시 온천동,아산시,온천동,2000,85,0,110,33.27,4,ꕻꖒ최신축 테라스 주인세대 인기매물ꖒꕻ,https://www.zigbang.com/home/apt/items/50014132
2026-08-12 05:36:59,빌라투룸,50024540,전세,04,충청남도 아산시 온천동,아산시,온천동,9500,0,0,72.73,22.0,3,v남향에 넓은 투룸v신축 v주차장,https://www.zigbang.com/home/apt/items/50024540
2026-08-12 05:37:00,빌라투룸,49953110,월세,04,충청남도 아산시 음봉면 신휴리,아산시,음봉면,400,56,0,33,9.98,3,ll 2R ll 남동향 신축 투룸 나왔습니다 보구가세요,https://www.zigbang.com/home/apt/items/49953110
2026-08-12 05:37:00,빌라투룸,50001795,월세,04,충청남도 아산시 음봉면 신휴리,아산시,음봉면,400,56,0,33.06,10.0,3,신휴리 신축급 귀한 투룸  금방 나가요,https://www.zigbang.com/home/apt/items/50001795
2026-08-12 05:37:00,빌라투룸,50013328,월세,04,충청남도 아산시 음봉면 신휴리,아산시,음봉면,400,56,0,40,12.1,3,"각방 에어컨, 넓은방, 신축급으로 최신식 옵션, 즉시입주가",https://www.zigbang.com/home/apt/items/50013328
2026-08-12 05:37:00,빌라투룸,50013599,월세,04,충청남도 아산시 음봉면 신휴리,아산시,음봉면,400,56,0,40.55,12.27,3,"실매물사진 l 딱 1개, 넓은 투룸,2R 월세 l 제2테크",https://www.zigbang.com/home/apt/items/50013599
2026-08-12 05:37:00,빌라투룸,49907436,월세,05,충청남도 천안시 동남구 북면 연춘리,천안시 동남구,북면,1000,60,0,59.83,18.1,3,JH 신축아파트 스타일 쓰리룸 쾌적하고 조용한 환경 JH,https://www.zigbang.com/home/apt/items/49907436
2026-08-12 05:37:00,빌라투룸,49934156,월세,05,충청남도 천안시 동남구 북면 연춘리,천안시 동남구,북면,1000,56,0,59.8,18.09,3,I I I   애완가능 신축 쓰리룸 주목   I I I,https://www.zigbang.com/home/apt/items/49934156
2026-08-12 05:37:00,빌라투룸,49996725,월세,05,충청남도 천안시 동남구 북면 연춘리,천안시 동남구,북면,1000,57,0,80,24.2,4,lll 신축급 거실 큰 3룸 lll 아파트형 화장실 2개,https://www.zigbang.com/home/apt/items/49996725
2026-08-12 05:37:00,빌라투룸,49906108,월세,04,충청남도 천안시 동남구 목천읍 신계리,천안시 동남구,목천읍,500,60,0,55.8,16.88,2,신도1차APT근처 투룸 빌라 옵션X,https://www.zigbang.com/home/apt/items/49906108
2026-08-12 05:37:00,빌라투룸,49846640,월세,04,충청남도 아산시 둔포면 관대리,아산시,둔포면,300,41,0,26.45,8.0,3,관대리 퍼스트 타운  원룸 단지 가성비 좋은  투룸,https://www.zigbang.com/home/apt/items/49846640
2026-08-12 05:37:00,빌라투룸,49898332,전세,04,충청남도 아산시 둔포면 신항리,아산시,둔포면,5000,0,0,33,9.98,3,"투룸전세, 융자최소로 있음, 평택미군기지15분거리 입니다.",https://www.zigbang.com/home/apt/items/49898332
2026-08-12 05:37:00,빌라투룸,49905808,전세,04,충청남도 아산시 둔포면 관대리,아산시,둔포면,5000,0,0,42.98,13.0,2,전세자금대출가능 평택까지 15분거리,https://www.zigbang.com/home/apt/items/49905808
2026-08-12 05:37:00,빌라투룸,49909088,월세,04,충청남도 아산시 둔포면 관대리,아산시,둔포면,300,39,0,42.98,13.0,4,관대리 투룸월세.  평택15분거리 입니다.,https://www.zigbang.com/home/apt/items/49909088
2026-08-12 05:37:00,빌라투룸,49909105,월세,04,충청남도 아산시 둔포면 관대리,아산시,둔포면,300,39,0,42.97,13.0,4,융자없는 관대리 투룸. 평택 20분거리. 교통편리합니다.,https://www.zigbang.com/home/apt/items/49909105
2026-08-12 05:37:00,빌라투룸,49936513,월세,04,충청남도 아산시 둔포면 신항리,아산시,둔포면,300,39,0,36.55,11.06,3,"깔끔투룸 l SFA회사 인근 신항리 2R,투룸 월세 l",https://www.zigbang.com/home/apt/items/49936513
2026-08-12 05:37:00,빌라투룸,50010566,월세,04,충청남도 아산시 둔포면 관대리,아산시,둔포면,200,41,0,33.06,10.0,3,"저렴한 투룸, 풀도배완료,즉시입주가능,엘레베이터",https://www.zigbang.com/home/apt/items/50010566
2026-08-12 05:37:00,빌라투룸,50025845,월세,04,충청남도 아산시 둔포면 신항리,아산시,둔포면,300,39,0,33.05,10.0,4,융자없는 투룸월세 에어콘2대 퍼스트아울렛 5분거리 입니다.,https://www.zigbang.com/home/apt/items/50025845
2026-08-12 05:37:01,빌라투룸,49962041,월세,05,충청남도 천안시 서북구 성환읍 성월리,천안시 서북구,성환읍,2000,90,0,82.64,25.0,5,성환 귀한 쓰리룸  거실 넓고  방 넓고 좋아요,https://www.zigbang.com/home/apt/items/49962041
2026-08-12 05:37:01,빌라투룸,49615188,월세,04,충청남도 천안시 서북구 성거읍 신월리,천안시 서북구,성거읍,500,58,0,49.59,15.0,3,"성거투룸, 서북구청옆, 리모델링 풀옵션",https://www.zigbang.com/home/apt/items/49615188
2026-08-12 05:37:01,빌라투룸,49857893,월세,04,충청남도 천안시 서북구 직산읍 삼은리,천안시 서북구,직산읍,1000,90,0,70,21.17,4,직산사거리 인근 화장실 2개 복층 투룸,https://www.zigbang.com/home/apt/items/49857893
2026-08-12 05:37:01,빌라투룸,49884192,월세,04,충청남도 천안시 서북구 직산읍 삼은리,천안시 서북구,직산읍,500,60,0,59,17.85,3,거실넓은 최고 가성비 투룸 화이트톤  깔끔해요,https://www.zigbang.com/home/apt/items/49884192
2026-08-12 05:37:01,빌라투룸,49916504,월세,04,충청남도 천안시 서북구 성거읍 신월리,천안시 서북구,성거읍,500,53,0,49.59,15.0,4,기숙사 환영 리모델링 투룸 주차넓고  저렴합니다.,https://www.zigbang.com/home/apt/items/49916504
2026-08-12 05:37:01,빌라투룸,49972483,월세,04,충청남도 천안시 서북구 직산읍 삼은리,천안시 서북구,직산읍,1000,65,0,60.45,18.29,3,투룸..초신축 건조기 인덕션 까지 있는 어벤져스급 가전,https://www.zigbang.com/home/apt/items/49972483
2026-08-12 05:37:01,빌라투룸,49502757,월세,04,충청남도 천안시 서북구 성거읍 천흥리,천안시 서북구,성거읍,300,44,0,45,13.61,2,단기가능한 투룸 가성비 최고 깔끔해요,https://www.zigbang.com/home/apt/items/49502757
2026-08-12 05:37:01,빌라투룸,50021154,월세,04,충청남도 천안시 서북구 두정동,천안시 서북구,두정동,300,45,0,45,13.61,2,O BEST추천 O두정역인근 투룸 풀옵션,https://www.zigbang.com/home/apt/items/50021154
2026-08-12 05:37:01,빌라투룸,50021269,월세,04,충청남도 천안시 서북구 두정동,천안시 서북구,두정동,1000,57,0,50,15.12,4,"O BEST추천 O 정남향ㅣ풀옵션ㅣ호수공원, 두정역인근",https://www.zigbang.com/home/apt/items/50021269
2026-08-12 05:37:01,빌라투룸,50021366,월세,04,충청남도 천안시 서북구 두정동,천안시 서북구,두정동,1000,52,0,50,15.12,3,"O BEST추천 O 500가능ㅣ풀옵션ㅣ호수공원, 두정역인근",https://www.zigbang.com/home/apt/items/50021366
2026-08-12 05:37:01,빌라투룸,50025911,월세,04,충청남도 천안시 서북구 두정동,천안시 서북구,두정동,1000,65,0,52.89,16.0,4,囗두정역 인근囗풀옵션투룸囗갑자기나온방囗선착순1세대囗,https://www.zigbang.com/home/apt/items/50025911
2026-08-12 05:37:01,빌라투룸,50026426,월세,04,충청남도 천안시 서북구 두정동,천안시 서북구,두정동,500,40,0,46.28,14.0,6,ㅣ천안Room 가성비ㅣ풀옵션2룸ㅣ협의입주가능ㅣ정말선착순V,https://www.zigbang.com/home/apt/items/50026426
2026-08-12 05:37:01,빌라투룸,50027784,월세,04,충청남도 천안시 서북구 두정동,천안시 서북구,두정동,500,52,0,47,14.22,2,"투룸,인터넷,풀옵션",https://www.zigbang.com/home/apt/items/50027784
2026-08-12 05:37:01,빌라투룸,50027901,월세,04,충청남도 천안시 서북구 성정동,천안시 서북구,성정동,500,53,0,42.98,13.0,3,"대박, 위치와 가성비 좋은 풀옵션 투룸",https://www.zigbang.com/home/apt/items/50027901
2026-08-12 05:37:01,빌라투룸,50027946,월세,04,충청남도 천안시 서북구 두정동,천안시 서북구,두정동,1000,65,0,47,14.22,4,"두정역부근,투룸,풀옵션",https://www.zigbang.com/home/apt/items/50027946
2026-08-12 05:37:01,빌라투룸,50028269,월세,04,충청남도 천안시 서북구 성정동,천안시 서북구,성정동,1000,60,0,52.89,16.0,2,꒰성정 여성회관꒱꒰가성비 투룸꒱꒰주차완벽꒱꒰두정먹골통계청꒱,https://www.zigbang.com/home/apt/items/50028269
2026-08-12 05:37:01,빌라투룸,50028273,월세,04,충청남도 천안시 서북구 두정동,천안시 서북구,두정동,500,50,0,52.89,16.0,3,ㅁ풀옵션 두정동 깔끔 투룸ㅁ현대차 사거거리ㅁ투베이 가격ㅁ,https://www.zigbang.com/home/apt/items/50028273
2026-08-12 05:37:01,빌라투룸,50028402,월세,04,충청남도 천안시 서북구 두정동,천안시 서북구,두정동,1000,65,0,49.59,15.0,4,"투룸, 두정역 역세권, 현대차 인근",https://www.zigbang.com/home/apt/items/50028402
2026-08-12 05:37:01,빌라투룸,50028553,월세,04,충청남도 천안시 서북구 두정동,천안시 서북구,두정동,1000,65,0,52,15.73,4,"ㅁ탑층ㅁ두정역,현대차인근ㅁ넓은거실ㅁ깔끔한 투룸ㅁ",https://www.zigbang.com/home/apt/items/50028553
2026-08-12 05:37:01,빌라투룸,50029164,월세,04,충청남도 천안시 서북구 성정동,천안시 서북구,성정동,1000,60,0,50,15.12,4,"큰투룸,성정공원부근,풀옵션",https://www.zigbang.com/home/apt/items/50029164
2026-08-12 05:37:01,빌라투룸,49899495,월세,05,충청남도 천안시 동남구 안서동,천안시 동남구,안서동,2000,100,0,70,21.17,4,"호서대인근 최고급 쓰리룸,주인세대, 사진 보세요",https://www.zigbang.com/home/apt/items/49899495
2026-08-12 05:37:01,빌라투룸,49899591,월세,04,충청남도 천안시 동남구 안서동,천안시 동남구,안서동,1000,52,0,50,15.12,3,"2명쉐어딱 좋아요,방2,세탁기2,화장실2,베란다2,에어컨2",https://www.zigbang.com/home/apt/items/49899591
2026-08-12 05:37:01,빌라투룸,49899617,월세,04,충청남도 천안시 동남구 안서동,천안시 동남구,안서동,500,60,0,50,15.12,2,"투룸, 넓은 거실, 신축건물, 경쟁치열",https://www.zigbang.com/home/apt/items/49899617
2026-08-12 05:37:02,빌라투룸,49708395,월세,04,경기도 평택시 포승읍 원정리,평택시,포승읍,200,50,0,42.98,13.0,2,ㅁ 6개월 가능 ㅁ 가성비 좋은 투룸 ㅁ 즉시입주 가능 ㅁ,https://www.zigbang.com/home/apt/items/49708395
2026-08-12 05:37:02,빌라투룸,49794461,월세,04,경기도 평택시 포승읍 희곡리,평택시,포승읍,300,60,0,30,9.07,2,ㅁ 지식산업센터 도보 출근가능한 거실 넓은 투룸 ㅁ,https://www.zigbang.com/home/apt/items/49794461
2026-08-12 05:37:02,빌라투룸,49806040,월세,04,경기도 평택시 포승읍 원정리,평택시,포승읍,200,43,0,35,10.59,2,가성비좋은투룸.주차장넓음,https://www.zigbang.com/home/apt/items/49806040
2026-08-12 05:37:02,빌라투룸,49806057,전세,04,경기도 평택시 포승읍 원정리,평택시,포승읍,4500,0,0,35,10.59,2,원정리4큰투룸전세,https://www.zigbang.com/home/apt/items/49806057
2026-08-12 05:37:02,빌라투룸,49845993,월세,04,경기도 평택시 포승읍 도곡리,평택시,포승읍,300,60,0,30,9.07,3,"ㅁ 전용공간 매우 넓은, 가정집으로 적합한 투룸 ㅁ",https://www.zigbang.com/home/apt/items/49845993
2026-08-12 05:37:02,빌라투룸,49921604,월세,04,경기도 평택시 포승읍 원정리,평택시,포승읍,200,47,0,40,12.1,3,3층투룸 보200 월관55만  풀옵션 긴거실 도시가스 공실,https://www.zigbang.com/home/apt/items/49921604
2026-08-12 05:37:02,빌라투룸,49977770,월세,04,경기도 평택시 포승읍 원정리,평택시,포승읍,200,50,0,30,9.07,3,ㅁ 원정리 단기 가능한 저렴한 투룸 ㅁ,https://www.zigbang.com/home/apt/items/49977770
2026-08-12 05:37:02,빌라투룸,49999157,월세,04,경기도 평택시 포승읍 도곡리,평택시,포승읍,300,50,0,47,14.22,4,거실이 있는 큰투룸  풀옵션 한샘마트앞 보300 월관58만,https://www.zigbang.com/home/apt/items/49999157
2026-08-12 05:37:02,빌라투룸,50000944,월세,04,경기도 평택시 포승읍 원정리,평택시,포승읍,200,42,0,42.98,13.0,2,투룸 2층남향 방2개 풀옵션 도시가스 보200만 월관50만,https://www.zigbang.com/home/apt/items/50000944
2026-08-12 05:37:02,빌라투룸,50014159,월세,04,경기도 평택시 포승읍 원정리,평택시,포승읍,250,47,0,39.67,12.0,4,"ㅁ입지좋은 깔끔 2룸ㅁ 공단, 해군2함대, 화성KIA 인접",https://www.zigbang.com/home/apt/items/50014159
2026-08-12 05:37:02,빌라투룸,50024783,월세,04,경기도 평택시 포승읍 원정리,평택시,포승읍,200,55,0,30,9.07,2,ㅁ단기가능ㅁ 기아자동차 인근 ㅁ 숙소로 적합한  투룸 ㅁ,https://www.zigbang.com/home/apt/items/50024783
2026-08-12 05:37:02,빌라투룸,50014167,전세,04,경기도 평택시 포승읍 석정리,평택시,포승읍,5000,0,0,40,12.1,2,ㅁ2룸 전세ㅁ 깔끔함 ㅁ 엘레베이터O ㅁ,https://www.zigbang.com/home/apt/items/50014167
2026-08-12 05:37:03,빌라투룸,49548751,매매,05,경기도 화성시 만세구 우정읍 화산리,화성시 만세구,우정읍,18000,0,18000,50.1,15.16,1,100프로 실매물. 최저실입 상담가능.,https://www.zigbang.com/home/apt/items/49548751
2026-08-12 05:37:03,빌라투룸,49894127,매매,05,경기도 화성시 만세구 우정읍 화산리,화성시 만세구,우정읍,15500,0,15500,46.9,14.19,2,최저실입주금가능 대출문의환영 방3화2,https://www.zigbang.com/home/apt/items/49894127
2026-08-12 05:37:03,빌라투룸,49575948,월세,04,경기도 화성시 만세구 향남읍 구문천리,화성시 만세구,향남읍,500,60,0,42.98,13.0,3,"방 거실 큰 투룸으로 인터넷,유선방송 연결 되어 있습니다.",https://www.zigbang.com/home/apt/items/49575948
2026-08-12 05:37:03,빌라투룸,49575965,월세,04,경기도 화성시 만세구 향남읍 구문천리,화성시 만세구,향남읍,300,55,0,49.58,15.0,3,"방2,거실 크고 환한 투룸 월세 입니다.",https://www.zigbang.com/home/apt/items/49575965
2026-08-12 05:37:03,빌라투룸,49977911,월세,04,경기도 화성시 만세구 향남읍 구문천리,화성시 만세구,향남읍,300,55,0,42.98,13.0,2,방 2개 거실 큰 분리형 투룸 월세 입니다.,https://www.zigbang.com/home/apt/items/49977911
2026-08-12 05:37:03,빌라투룸,49977954,월세,04,경기도 화성시 만세구 향남읍 구문천리,화성시 만세구,향남읍,300,45,0,33.06,10.0,4,월세 저렴한 미니 투룸  입니다.,https://www.zigbang.com/home/apt/items/49977954
2026-08-12 05:37:03,빌라투룸,49978037,월세,04,경기도 화성시 만세구 향남읍 구문천리,화성시 만세구,향남읍,300,50,0,46.28,14.0,2,보증금 월세 저렴한 투룸 월세입니다.,https://www.zigbang.com/home/apt/items/49978037
2026-08-12 05:37:03,빌라투룸,50018566,월세,04,경기도 화성시 만세구 향남읍 구문천리,화성시 만세구,향남읍,500,57,0,45,13.61,2,"로또, 향남제약단지 기숙사 전용 다가구주택 투룸 월세",https://www.zigbang.com/home/apt/items/50018566
2026-08-12 05:37:04,빌라투룸,49781656,전세,05,경기도 화성시 만세구 남양읍 장덕리,화성시 만세구,남양읍,18000,0,0,141.9,42.92,2,... 더 아이리스 ...정원이 아름다운 전원주택2층 전세,https://www.zigbang.com/home/apt/items/49781656
2026-08-12 05:37:04,빌라투룸,49732326,전세,04,경기도 화성시 만세구 송산면 사강리,화성시 만세구,송산면,12000,0,0,52.89,16.0,4,화장실2개. 신축 엘베 풀옵션,https://www.zigbang.com/home/apt/items/49732326
2026-08-12 05:37:04,빌라투룸,49986894,월세,05,경기도 화성시 만세구 장안면 수촌리,화성시 만세구,장안면,1000,80,0,72.48,21.93,1,쓰리룸 빌라 월세 화2 방3  최저가  옵션X 즉시입주,https://www.zigbang.com/home/apt/items/49986894
2026-08-12 05:37:04,빌라투룸,49906894,월세,04,경기도 화성시 만세구 팔탄면 지월리,화성시 만세구,팔탄면,300,53,0,42.97,13.0,4,팔탄면 지월리 풀옵션투룸 저렴하게 나온 방,https://www.zigbang.com/home/apt/items/49906894
2026-08-12 05:37:04,빌라투룸,49988017,매매,04,경기도 화성시 만세구 팔탄면 구장리,화성시 만세구,팔탄면,12000,0,12000,33.82,10.23,4,실매물 0 집주인인증 0 약속후 방문가능,https://www.zigbang.com/home/apt/items/49988017
2026-08-12 05:37:04,빌라투룸,50002229,매매,05,경기도 화성시 만세구 팔탄면 구장리,화성시 만세구,팔탄면,20000,0,20000,62.95,19.04,2,"구장리 방3 화2 엘베 O 인프라,구조좋은 쓰리룸 빌라",https://www.zigbang.com/home/apt/items/50002229
2026-08-12 05:37:05,빌라투룸,49987114,매매,05,경기도 화성시 만세구 팔탄면 기천리,화성시 만세구,팔탄면,90000,0,90000,99.86,30.21,1,잘 정돈된 전원주택으로서 생활하는데 최고,https://www.zigbang.com/home/apt/items/49987114
2026-08-12 05:37:05,빌라투룸,49673037,월세,04,충청남도 아산시 둔포면 송용리,아산시,둔포면,200,51,0,33.06,10.0,3,송용리 귀한 투룸,https://www.zigbang.com/home/apt/items/49673037
2026-08-12 05:37:05,빌라투룸,49836139,월세,05,충청남도 아산시 둔포면 둔포리,아산시,둔포면,2000,71,0,62.81,19.0,3,복층형 쓰리룸 월세,https://www.zigbang.com/home/apt/items/49836139
2026-08-12 05:37:05,빌라투룸,49837589,월세,04,경기도 평택시 팽성읍 두정리,평택시,팽성읍,300,45,0,50,15.12,2,두정리 미군부대인근 투룸화1 공실 풀옵션 lpg,https://www.zigbang.com/home/apt/items/49837589
2026-08-12 05:37:05,빌라투룸,49879370,월세,04,경기도 평택시 팽성읍 두정리,평택시,팽성읍,300,30,0,45,13.61,2,투룸화1 풀옵션 공실 lpg,https://www.zigbang.com/home/apt/items/49879370
2026-08-12 05:37:05,빌라투룸,49917797,월세,04,충청남도 아산시 둔포면 송용리,아산시,둔포면,200,51,0,46.28,14.0,3,"풀옵션 큰 투룸,테크노벨리,둔포시내 인접 ,도시가스",https://www.zigbang.com/home/apt/items/49917797
2026-08-12 05:37:05,빌라투룸,49927164,전세,04,충청남도 아산시 둔포면 송용리,아산시,둔포면,5000,0,0,40,12.1,3,ㅇ전세투룸 ㅇ넓은구조 ㅇ좋은집,https://www.zigbang.com/home/apt/items/49927164
2026-08-12 05:37:05,빌라투룸,49945485,월세,04,충청남도 아산시 둔포면 송용리,아산시,둔포면,200,41,0,34.71,10.5,3,"둔포시내3분, 에어컨2대 신규, 도배완료, 엘베, 도시가스",https://www.zigbang.com/home/apt/items/49945485
2026-08-12 05:37:05,빌라투룸,49947694,월세,04,충청남도 아산시 둔포면 송용리,아산시,둔포면,300,41,0,39.67,12.0,4,"깔끔한 투룸,둔포시내 인접,도시가스,엘베,풀옵션",https://www.zigbang.com/home/apt/items/49947694
2026-08-12 05:37:05,빌라투룸,49947709,월세,04,충청남도 아산시 둔포면 송용리,아산시,둔포면,1000,61,0,82.64,25.0,4,"둔포시내,테크노벨리 인접,도시가스,엘베설치,큰 투룸",https://www.zigbang.com/home/apt/items/49947709
2026-08-12 05:37:05,빌라투룸,49965349,월세,04,충청남도 아산시 둔포면 송용리,아산시,둔포면,300,41,0,40,12.1,2,ㅇ투룸 ㅇ넓은구조 ㅇ좋은집,https://www.zigbang.com/home/apt/items/49965349
2026-08-12 05:37:05,빌라투룸,49965356,월세,04,충청남도 아산시 둔포면 송용리,아산시,둔포면,200,51,0,45,13.61,3,ㅇ넓은투룸 ㅇ좋은집 ㅇ도시가스 ㅇ테크노5분,https://www.zigbang.com/home/apt/items/49965356
2026-08-12 05:37:05,빌라투룸,49974681,월세,04,경기도 평택시 팽성읍 두정리,평택시,팽성읍,300,35,0,50,15.12,4,투룸화2 공실 lpg,https://www.zigbang.com/home/apt/items/49974681
2026-08-12 05:37:05,빌라투룸,50001877,월세,04,경기도 평택시 청북읍 후사리,평택시,청북읍,1000,55,0,46.92,14.19,3,접근성 좋은 신축 투룸입니다,https://www.zigbang.com/home/apt/items/50001877
2026-08-12 05:37:05,빌라투룸,49837556,월세,05,경기도 평택시 팽성읍 안정리,평택시,팽성읍,500,100,0,50,15.12,4,3룸화2 풀옵션 안정리 k6 인근,https://www.zigbang.com/home/apt/items/49837556
2026-08-12 05:37:05,빌라투룸,49914007,월세,05,경기도 평택시 팽성읍 안정리,평택시,팽성읍,300,50,0,36.54,11.05,1,3룸화1 세탁기 냉장고 에어컨,https://www.zigbang.com/home/apt/items/49914007
2026-08-12 05:37:06,빌라투룸,49952003,월세,05,경기도 평택시 오성면 숙성리,평택시,오성면,500,78,0,56.85,17.2,1,3룸화2 공실 풀옵션,https://www.zigbang.com/home/apt/items/49952003
2026-08-12 05:37:06,빌라투룸,50026641,월세,05,경기도 평택시 오성면 죽리,평택시,오성면,500,95,0,54.52,16.49,4,깔끔한쓰리룸 베스트,https://www.zigbang.com/home/apt/items/50026641
2026-08-12 05:37:06,빌라투룸,49726651,월세,04,경기도 화성시 만세구 양감면 대양리,화성시 만세구,양감면,1000,65,0,49.59,15.0,4,양감면 기숙사 강추 풀옵션 투룸 화장실 무려 두개,https://www.zigbang.com/home/apt/items/49726651
2026-08-12 05:37:06,빌라투룸,49901064,매매,05,경기도 평택시 청북읍 어연리,평택시,청북읍,8000,0,8000,73.51,22.24,3,"어연 초등 인접 방3, 화 2 착한 가격의  빌라  매매",https://www.zigbang.com/home/apt/items/49901064
2026-08-12 05:37:06,빌라투룸,49901186,전세,05,경기도 평택시 청북읍 어연리,평택시,청북읍,16000,0,0,117.37,35.5,2,넓고 뷰가 좋은 단독주택 전세 입니다.,https://www.zigbang.com/home/apt/items/49901186
2026-08-12 05:37:06,빌라투룸,49963404,월세,04,경기도 평택시 청북읍 어연리,평택시,청북읍,500,71,0,42.09,12.73,3,산업단지 초입의 2022년 풀옵션 신축  투룸,https://www.zigbang.com/home/apt/items/49963404
2026-08-12 05:37:06,빌라투룸,49786190,월세,04,경기도 평택시 서정동,평택시,서정동,500,86,0,60,18.15,3,ꘜ1세대1주차ꘜ넓은2룸1화ꘜ숙소짱ꘜ신축급ꘜ화이트톤ꘜ예쁜집ꘜ,https://www.zigbang.com/home/apt/items/49786190
2026-08-12 05:37:06,빌라투룸,49846333,월세,05,경기도 평택시 고덕면 두릉리,평택시,고덕면,1000,120,0,113,34.18,1,방3.화3.풀옵션,https://www.zigbang.com/home/apt/items/49846333
2026-08-12 05:37:06,빌라투룸,49892529,월세,05,경기도 평택시 신장동,평택시,신장동,500,82,0,71.3,21.57,1,방3.화2.풀옵션,https://www.zigbang.com/home/apt/items/49892529
2026-08-12 05:37:06,빌라투룸,49905841,월세,04,경기도 평택시 고덕면 당현리,평택시,고덕면,300,65,0,45.72,13.83,1,주차 좋은 깨끗하고 예쁜 풀옵션 투룸입니다 삼성기숙사가능,https://www.zigbang.com/home/apt/items/49905841
2026-08-12 05:37:06,빌라투룸,49905988,월세,05,경기도 평택시 고덕면 두릉리,평택시,고덕면,1000,100,0,112.79,34.12,2,두릉리 단독주택 단지내에 위치한 예쁜 복층주택 입니다.,https://www.zigbang.com/home/apt/items/49905988
2026-08-12 05:37:06,빌라투룸,49906831,월세,04,경기도 평택시 서정동,평택시,서정동,500,86,0,50,15.12,3,㉧2룸1화 ㉧공군부대 인근 ㉧풀옵션 ㉧깔끔한 방 ㉧,https://www.zigbang.com/home/apt/items/49906831
2026-08-12 05:37:06,빌라투룸,49955739,전세,05,경기도 평택시 서탄면 장등리,평택시,서탄면,13000,0,0,154.06,46.6,1,넓은 48평형 빌라1층 9월30일이후 입주,https://www.zigbang.com/home/apt/items/49955739
2026-08-12 05:37:06,빌라투룸,49985918,월세,06,경기도 평택시 고덕동,평택시,고덕동,1000,190,0,72.57,21.95,4,방5화4乃 실물乃 위아래테라스乃 각방에어컨乃,https://www.zigbang.com/home/apt/items/49985918
2026-08-12 05:37:06,빌라투룸,49986022,월세,05,경기도 평택시 고덕면 당현리,평택시,고덕면,500,91,0,114.7,34.7,3,9월입주 고덕외각 조용한 시골집대형평수쓰리룸테라스풀옵션월세,https://www.zigbang.com/home/apt/items/49986022
2026-08-12 05:37:06,빌라투룸,49991623,월세,05,경기도 평택시 고덕면 두릉리,평택시,고덕면,500,85,0,55.38,16.75,4,ꯁ오늘매물ꯁ 복층포함 방3개 ll 테라스2 ll 에에컨4대,https://www.zigbang.com/home/apt/items/49991623
2026-08-12 05:37:06,빌라투룸,49993959,월세,05,경기도 평택시 신장동,평택시,신장동,1000,110,0,84.71,25.62,1,3룸화2 공실 풀옵션 삼성셔틀 9분 도보,https://www.zigbang.com/home/apt/items/49993959
2026-08-12 05:37:06,빌라투룸,50003044,월세,05,경기도 평택시 서탄면 금각리,평택시,서탄면,500,93,0,74.77,22.62,3,방3.화2.풀옵션,https://www.zigbang.com/home/apt/items/50003044
2026-08-12 05:37:06,빌라투룸,49735120,월세,05,충청남도 천안시 서북구 성환읍 성월리,천안시 서북구,성환읍,1000,72,0,90,27.22,4,투룸 가격에 쓰리룸 방3개 화장실2개 즉시 입주가능해요,https://www.zigbang.com/home/apt/items/49735120
2026-08-12 05:37:06,빌라투룸,49767078,월세,04,충청남도 천안시 서북구 성환읍 성환리,천안시 서북구,성환읍,1000,65,0,49.59,15.0,2,성환 넓은 신축 투룸,https://www.zigbang.com/home/apt/items/49767078
2026-08-12 05:37:06,빌라투룸,49912978,월세,04,충청남도 천안시 서북구 성환읍 성환리,천안시 서북구,성환읍,1000,75,0,50,15.12,3,"남서울대, 성환역 인근 신축 투룸",https://www.zigbang.com/home/apt/items/49912978
2026-08-12 05:37:06,빌라투룸,49917940,월세,04,충청남도 천안시 서북구 성환읍 성환리,천안시 서북구,성환읍,1000,70,0,48,14.52,5,ㅇ옥상단독사용ㅇ신축첫입주ㅇ예쁜풀옵ㅇ,https://www.zigbang.com/home/apt/items/49917940
2026-08-12 05:37:07,빌라투룸,49721016,월세,05,경기도 평택시 지산동,평택시,지산동,1000,180,0,100.12,30.29,1,동막 단독 전원 주택 월세,https://www.zigbang.com/home/apt/items/49721016
2026-08-12 05:37:07,빌라투룸,49885034,매매,05,경기도 안성시 공도읍 만정리,안성시,공도읍,15800,0,15800,79.87,24.16,6,최저가 엑기스매물  뻥뷰 학군위치 방3화2 신축컨디션급매,https://www.zigbang.com/home/apt/items/49885034
2026-08-12 05:37:07,빌라투룸,50000955,매매,05,경기도 안성시 공도읍 만정리,안성시,공도읍,16500,0,16500,79.87,24.16,8,실매물 0 집주인인증 0 방문약속가능,https://www.zigbang.com/home/apt/items/50000955
2026-08-12 05:37:07,빌라투룸,50025723,월세,04,경기도 평택시 용이동,평택시,용이동,6000,70,0,46.27,14.0,3,"LH전세X,신축급큰투룸반전세,채광좋은,안성ic차량으로 3분",https://www.zigbang.com/home/apt/items/50025723
2026-08-12 05:37:07,빌라투룸,49911478,매매,05,경기도 안성시 대덕면 건지리,안성시,대덕면,17900,0,17900,68.5,20.72,1,실매물실사진 급매물현장 빠른입주 가능 가격굿 상태굿 위치굿,https://www.zigbang.com/home/apt/items/49911478
2026-08-12 05:37:08,빌라투룸,49595939,월세,04,경기도 화성시 만세구 향남읍 행정리,화성시 만세구,향남읍,1000,70,0,50,15.12,1,ꩁ 명당 ꩁ  넓고 주차 용이하고 해들어오는 2룸,https://www.zigbang.com/home/apt/items/49595939
2026-08-12 05:37:08,빌라투룸,49642320,월세,04,경기도 화성시 만세구 향남읍 하길리,화성시 만세구,향남읍,1000,72,0,50,15.12,2,"먹자골목, 채광 좋고 거실 잘 빠진 투룸 월세, 로또",https://www.zigbang.com/home/apt/items/49642320
2026-08-12 05:37:08,빌라투룸,49796815,월세,05,경기도 화성시 만세구 향남읍 하길리,화성시 만세구,향남읍,1000,75,0,65,19.66,3,향남 중심상가인근 즉시입주가능한 3룸월세,https://www.zigbang.com/home/apt/items/49796815
2026-08-12 05:37:08,빌라투룸,49809580,월세,04,경기도 화성시 만세구 향남읍 하길리,화성시 만세구,향남읍,4000,37,0,55,16.64,2,향남2지구 투룸반전세,https://www.zigbang.com/home/apt/items/49809580
2026-08-12 05:37:08,빌라투룸,49822251,월세,05,경기도 화성시 만세구 향남읍 하길리,화성시 만세구,향남읍,1000,76,0,69.42,21.0,3,즉시입주가능한중심상가귀한3룸,https://www.zigbang.com/home/apt/items/49822251
2026-08-12 05:37:08,빌라투룸,49830322,월세,04,경기도 화성시 만세구 향남읍 하길리,화성시 만세구,향남읍,1000,71,0,59.5,18.0,2,엘베있고에어컨2대에TV까지있는완전넓은2룸,https://www.zigbang.com/home/apt/items/49830322
2026-08-12 05:37:08,빌라투룸,49857165,월세,05,경기도 화성시 만세구 향남읍 하길리,화성시 만세구,향남읍,6000,63,0,66,19.96,3,쓰리룸 반전세. 바로 입주 가능. 생활인프라 넘쳐요,https://www.zigbang.com/home/apt/items/49857165
2026-08-12 05:37:08,빌라투룸,49927675,월세,04,경기도 화성시 만세구 향남읍 하길리,화성시 만세구,향남읍,1000,71,0,50,15.12,3,"로또, 하길리 상가주택단지 내 풀옵션 투룸 월세",https://www.zigbang.com/home/apt/items/49927675
2026-08-12 05:37:08,빌라투룸,49954225,월세,04,경기도 화성시 만세구 향남읍 하길리,화성시 만세구,향남읍,4000,52,0,52,15.73,2,"눈부신 채광, 넓은 평형, 정갈하게 관리된 투룸",https://www.zigbang.com/home/apt/items/49954225
2026-08-12 05:37:08,빌라투룸,49988590,전세,05,경기도 화성시 만세구 향남읍 행정리,화성시 만세구,향남읍,12000,0,0,60,18.15,3,무융자 향남1지구 반전세 가능 구조좋아,https://www.zigbang.com/home/apt/items/49988590
2026-08-12 05:37:08,빌라투룸,49988861,월세,04,경기도 화성시 만세구 향남읍 하길리,화성시 만세구,향남읍,1000,72,0,55,16.64,2,향남2지구 먹자골목내 투룸,https://www.zigbang.com/home/apt/items/49988861
2026-08-12 05:37:08,빌라투룸,50004759,전세,05,경기도 화성시 만세구 향남읍 하길리,화성시 만세구,향남읍,15000,0,0,90,27.22,4,무융자 안전한 전세 반전세 가능,https://www.zigbang.com/home/apt/items/50004759
2026-08-12 05:37:08,빌라투룸,50018713,월세,04,경기도 화성시 만세구 향남읍 행정리,화성시 만세구,향남읍,1000,65,0,50,15.12,3,"로또, 행정초등학교 인근 상가주택단지 내 풀옵션 투룸 월세",https://www.zigbang.com/home/apt/items/50018713
2026-08-12 05:37:08,빌라투룸,50021399,월세,04,경기도 화성시 만세구 향남읍 하길리,화성시 만세구,향남읍,3000,52,0,50,15.12,2,초특가 투룸 반전세 이 정도면 원룸가격이에요,https://www.zigbang.com/home/apt/items/50021399
2026-08-12 05:37:08,빌라투룸,50027626,월세,05,경기도 화성시 만세구 향남읍 행정리,화성시 만세구,향남읍,2000,80,0,66.12,20.0,2,행정초등학교 인근 위치 좋은 곳 쓰리룸 월세 귀한 매물,https://www.zigbang.com/home/apt/items/50027626
2026-08-12 05:37:08,빌라투룸,49679210,매매,05,경기도 화성시 효행구 봉담읍 왕림리,화성시 효행구,봉담읍,22000,0,22000,61.1,18.48,3,최저실입진행 엘베o주차o 즉시입주가능 방3화2,https://www.zigbang.com/home/apt/items/49679210
2026-08-12 05:37:08,빌라투룸,49546700,매매,05,경기도 화성시 병점구 안녕동,화성시 병점구,안녕동,13000,0,13000,76.3,23.08,3,안녕동 금성그린맨션 매매,https://www.zigbang.com/home/apt/items/49546700
2026-08-12 05:37:08,빌라투룸,49846869,매매,05,경기도 화성시 병점구 안녕동,화성시 병점구,안녕동,22500,0,22500,48.73,14.74,2,신축 안녕동 쓰리룸빌라 매매,https://www.zigbang.com/home/apt/items/49846869
2026-08-12 05:37:08,빌라투룸,49927534,월세,04,경기도 화성시 병점구 안녕동,화성시 병점구,안녕동,500,45,0,44.32,13.41,4,부분수리되어 있는 투룸빌라입니다.,https://www.zigbang.com/home/apt/items/49927534
2026-08-12 05:37:08,빌라투룸,49927901,월세,04,경기도 화성시 병점구 안녕동,화성시 병점구,안녕동,1000,55,0,39.67,12.0,3,"체대,공대 통학하기 좋은 투룸",https://www.zigbang.com/home/apt/items/49927901
2026-08-12 05:37:08,빌라투룸,49931723,매매,05,경기도 화성시 효행구 봉담읍 동화리,화성시 효행구,봉담읍,22500,0,22500,59.78,18.08,2,최저가 엑기스매물 아파트 대단지 및 학군위치 방3화2 급매,https://www.zigbang.com/home/apt/items/49931723
2026-08-12 05:37:08,빌라투룸,49945682,매매,05,경기도 화성시 병점구 안녕동,화성시 병점구,안녕동,22500,0,22500,48.75,14.75,2,수원대 중문 근방 신축빌라 쓰리룸 매매,https://www.zigbang.com/home/apt/items/49945682
2026-08-12 05:37:08,빌라투룸,49960889,매매,04,경기도 화성시 병점구 안녕동,화성시 병점구,안녕동,5000,0,5000,45.04,13.62,2,수원대근방 우성빌라매매,https://www.zigbang.com/home/apt/items/49960889
2026-08-12 05:37:08,빌라투룸,49960910,매매,05,경기도 화성시 병점구 안녕동,화성시 병점구,안녕동,14000,0,14000,74.96,22.68,2,수원대중문 부성빌라 매매,https://www.zigbang.com/home/apt/items/49960910
2026-08-12 05:37:08,빌라투룸,50021110,월세,04,경기도 화성시 병점구 안녕동,화성시 병점구,안녕동,500,65,0,49.59,15.0,2,수원대학교인근 투룸빌라,https://www.zigbang.com/home/apt/items/50021110
2026-08-12 05:37:08,빌라투룸,49843159,매매,04,경기도 화성시 효행구 봉담읍 동화리,화성시 효행구,봉담읍,18900,0,18900,54.09,16.36,5,막힘없는복층 넓은테라스 급매로 모시겠습니다 저금리기금대출,https://www.zigbang.com/home/apt/items/49843159
2026-08-12 05:37:08,빌라투룸,49987408,매매,05,경기도 수원시 권선구 호매실동,수원시 권선구,호매실동,94000,0,94000,99,29.95,1,칠보산 입구 전원주택임,https://www.zigbang.com/home/apt/items/49987408
2026-08-12 05:37:08,빌라투룸,49994952,전세,05,경기도 수원시 권선구 호매실동,수원시 권선구,호매실동,20000,0,0,65,19.66,2,칠보산아래 조용한집,https://www.zigbang.com/home/apt/items/49994952
2026-08-12 05:37:08,빌라투룸,50017880,매매,05,경기도 화성시 효행구 매송면 원평리,화성시 효행구,매송면,28000,0,28000,76.41,23.11,3,l대출잘나오는l실매물l 대출 걱정 끝 허위 없는 진짜 매매,https://www.zigbang.com/home/apt/items/50017880
2026-08-12 05:37:08,빌라투룸,49845748,월세,04,경기도 수원시 권선구 고색동,수원시 권선구,고색동,2000,60,0,40,12.1,1,고색동 깔끔한 투룸,https://www.zigbang.com/home/apt/items/49845748
2026-08-12 05:37:08,빌라투룸,49877059,월세,04,경기도 수원시 권선구 고색동,수원시 권선구,고색동,150,120,0,50,15.12,10,반려동물가능 단기가능 풀옵션2룸,https://www.zigbang.com/home/apt/items/49877059
2026-08-12 05:37:08,빌라투룸,49915292,매매,06,경기도 수원시 권선구 고색동,수원시 권선구,고색동,29000,0,29000,63.98,19.35,5,복층 단독테라스 고색역 도보 5분 고색초 인근,https://www.zigbang.com/home/apt/items/49915292
2026-08-12 05:37:08,빌라투룸,49922944,매매,05,경기도 수원시 권선구 서둔동,수원시 권선구,서둔동,19300,0,19300,37.29,11.28,4,신축급컨디션ㅣ수원역도보가능ㅣ최저실입가능,https://www.zigbang.com/home/apt/items/49922944
2026-08-12 05:37:08,빌라투룸,49942540,월세,04,경기도 수원시 권선구 호매실동,수원시 권선구,호매실동,3000,75,0,50,15.12,2,"빠른입주가능,구조좋음.조용한주택가,호매실ic 인근",https://www.zigbang.com/home/apt/items/49942540
2026-08-12 05:37:08,빌라투룸,49973080,월세,04,경기도 수원시 권선구 오목천동,수원시 권선구,오목천동,2500,85,0,47.28,14.3,3,.R.신축투룸 넓직해요 오목천역 도보가능 전입가능O,https://www.zigbang.com/home/apt/items/49973080
2026-08-12 05:37:08,빌라투룸,49981332,월세,05,경기도 수원시 권선구 고색동,수원시 권선구,고색동,15000,60,0,61.59,18.63,3,ㅇ초역세권ㅇ쓰리룸ㅇ보증보험ㅇ,https://www.zigbang.com/home/apt/items/49981332
2026-08-12 05:37:08,빌라투룸,49990731,월세,04,경기도 수원시 권선구 고색동,수원시 권선구,고색동,1000,140,0,50.18,15.18,11,ㅣ나와따ㅣ선착순ㅣ겟하세요ㅣ,https://www.zigbang.com/home/apt/items/49990731
2026-08-12 05:37:08,빌라투룸,49995441,월세,04,경기도 수원시 권선구 고색동,수원시 권선구,고색동,150,120,0,50,15.12,10,에이벨ㅣ2024신축ㅣ전입가능ㅣ반려동물OKㅣ풀옵션ㅣ입주협의ㅣ,https://www.zigbang.com/home/apt/items/49995441
2026-08-12 05:37:08,빌라투룸,50011192,매매,05,경기도 수원시 권선구 고색동,수원시 권선구,고색동,27000,0,27000,46.31,14.01,2,부족한 실입주금 환영합니다ㅣ3룸 2화장실ㅣ무료상담 환영,https://www.zigbang.com/home/apt/items/50011192
2026-08-12 05:37:08,빌라투룸,50011493,월세,04,경기도 수원시 권선구 고색동,수원시 권선구,고색동,150,110,0,50,15.12,10,에이벨 I 반려동물 가능 신축 투룸 I 풀옵션 I,https://www.zigbang.com/home/apt/items/50011493
2026-08-12 05:37:08,빌라투룸,50018134,매매,04,경기도 수원시 권선구 오목천동,수원시 권선구,오목천동,12500,0,12500,46.14,13.96,4,l대출잘나오는l실매물l 오목천역 도보 1분거리 이가격 실화,https://www.zigbang.com/home/apt/items/50018134
2026-08-12 05:37:08,빌라투룸,50018149,매매,05,경기도 수원시 권선구 고색동,수원시 권선구,고색동,29500,0,29500,57.09,17.27,2,l대출잘나오는l실매물l 역세권에 초등학교 앞 3룸 귀한매물,https://www.zigbang.com/home/apt/items/50018149
2026-08-12 05:37:08,빌라투룸,50023743,월세,04,경기도 수원시 권선구 고색동,수원시 권선구,고색동,500,40,0,41,12.4,1,ꔚ도심 속 시골 감성 혼자 사실 분,https://www.zigbang.com/home/apt/items/50023743
2026-08-12 05:37:09,빌라투룸,49622335,월세,04,경기도 오산시 내삼미동,오산시,내삼미동,500,65,0,50,15.12,2,오산대역 동탄에서 가까운 깨끗한투룸 월세 강력추천,https://www.zigbang.com/home/apt/items/49622335
2026-08-12 05:37:09,빌라투룸,49820084,월세,05,경기도 화성시 동탄구 능동,화성시 동탄구,능동,2000,120,0,100,30.25,3,복층형 3층 주인세대 월세. 1년 계약만 가능한분,https://www.zigbang.com/home/apt/items/49820084
2026-08-12 05:37:09,빌라투룸,49905290,전세,05,경기도 화성시 동탄구 능동,화성시 동탄구,능동,25000,0,0,100,30.25,4,복층다락방과 테라스 있는 4층. 엘베 없음. 빠른입주,https://www.zigbang.com/home/apt/items/49905290
2026-08-12 05:37:09,빌라투룸,49905504,전세,06,경기도 화성시 동탄구 능동,화성시 동탄구,능동,30000,0,0,140,42.35,3,40평대 주인세대. 도배.바닥.씽크대.붙박이장 리모델링완료,https://www.zigbang.com/home/apt/items/49905504
2026-08-12 05:37:09,빌라투룸,49923418,전세,04,경기도 화성시 동탄구 반송동,화성시 동탄구,반송동,18000,0,0,58,17.54,2,2룸  엘베유  10월중입주가능 산과천과공원산책로좋은노작,https://www.zigbang.com/home/apt/items/49923418
2026-08-12 05:37:09,빌라투룸,49937549,월세,06,경기도 화성시 동탄구 반송동,화성시 동탄구,반송동,18000,30,0,105.79,32.0,3,반송동 주인세대 옥탑방,https://www.zigbang.com/home/apt/items/49937549
2026-08-12 05:37:09,빌라투룸,49937564,전세,04,경기도 화성시 동탄구 반송동,화성시 동탄구,반송동,10000,0,0,45,13.61,2,반송동 작은 투룸입니다.,https://www.zigbang.com/home/apt/items/49937564
2026-08-12 05:37:09,빌라투룸,49943009,전세,04,경기도 화성시 동탄구 능동,화성시 동탄구,능동,16500,0,0,56.2,17.0,3,깨끗한 투룸 .풀옵션 .. 보증보험 가입가능. 엘베있음.,https://www.zigbang.com/home/apt/items/49943009
2026-08-12 05:37:09,빌라투룸,49996827,전세,05,경기도 화성시 동탄구 능동,화성시 동탄구,능동,30000,0,0,110,33.27,3,올 인테리어 거실 주방 분리 사이즈 큰 방4개임,https://www.zigbang.com/home/apt/items/49996827
2026-08-12 05:37:09,빌라투룸,50003977,월세,04,경기도 화성시 동탄구 능동,화성시 동탄구,능동,1000,65,0,36,10.89,4,나래울인근 작은  투룸 . 4층. 8월말 입주. 풀옵션,https://www.zigbang.com/home/apt/items/50003977
2026-08-12 05:37:09,빌라투룸,50004952,전세,05,경기도 화성시 동탄구 능동,화성시 동탄구,능동,17000,0,0,66,19.96,2,3룸 전세. 중문설치됨. 전세 반환 보증보험 가능,https://www.zigbang.com/home/apt/items/50004952
2026-08-12 05:37:09,빌라투룸,50016857,월세,04,경기도 화성시 동탄구 능동,화성시 동탄구,능동,10000,40,0,56.2,17.0,2,이쁜 투룸. 에어컨옵션. 엘베있음 .8월말부터 이사,https://www.zigbang.com/home/apt/items/50016857
2026-08-12 05:37:09,빌라투룸,50025984,월세,04,경기도 화성시 동탄구 능동,화성시 동탄구,능동,1000,75,0,56.2,17.0,2,엘베있는 투룸월세. 풀옵션. 11월초입주가능,https://www.zigbang.com/home/apt/items/50025984
2026-08-12 05:37:09,빌라투룸,50026074,월세,04,경기도 오산시 내삼미동,오산시,내삼미동,500,65,0,46.28,14.0,2,남 향V기 숙 사O합 리 적 비용,https://www.zigbang.com/home/apt/items/50026074
2026-08-12 05:37:10,빌라투룸,49744566,매매,05,경기도 용인시 기흥구 보라동,용인시 기흥구,보라동,25000,0,25000,59.47,17.99,3,최저입주금가능ㅣ외국인대출가능ㅣ엘베OKㅣ디딤돌 ㅣ 컨디션최상,https://www.zigbang.com/home/apt/items/49744566
2026-08-12 05:37:10,빌라투룸,49806405,전세,04,경기도 용인시 기흥구 공세동,용인시 기흥구,공세동,15000,0,0,34.82,10.53,3,HUG보증보험가입완료.2룸.동탄인접.롯데아울렛인접,https://www.zigbang.com/home/apt/items/49806405
2026-08-12 05:37:10,빌라투룸,49815781,매매,05,경기도 용인시 기흥구 보라동,용인시 기흥구,보라동,23500,0,23500,59.47,17.99,3,보라동 방3화2 학세권 도보5분이내 인프라 다 몰려있어요,https://www.zigbang.com/home/apt/items/49815781
2026-08-12 05:37:10,빌라투룸,49825858,매매,05,경기도 용인시 기흥구 공세동,용인시 기흥구,공세동,21500,0,21500,69.64,21.07,5,o넓은테라스급매물o 최저실입주금 대출가능한 신축급3룸,https://www.zigbang.com/home/apt/items/49825858
2026-08-12 05:37:10,빌라투룸,49916702,매매,05,경기도 용인시 기흥구 공세동,용인시 기흥구,공세동,23000,0,23000,56.93,17.22,2,ㅇ기흥초인근ㅇ준신축ㅇ공실ㅇ즉시입주ㅇ대출가능ㅇ,https://www.zigbang.com/home/apt/items/49916702
2026-08-12 05:37:10,빌라투룸,49934147,매매,04,경기도 용인시 기흥구 보라동,용인시 기흥구,보라동,20000,0,20000,40.35,12.21,4,상갈역도보권  대중교통편리실평수약18평 깔끔한2룸 매매,https://www.zigbang.com/home/apt/items/49934147
2026-08-12 05:37:10,빌라투룸,49937826,월세,04,경기도 용인시 기흥구 보라동,용인시 기흥구,보라동,500,55,0,39.87,12.06,1,관리비x정말 저렴한 투룸월세입니다.,https://www.zigbang.com/home/apt/items/49937826
2026-08-12 05:37:10,빌라투룸,50014651,월세,04,경기도 용인시 기흥구 보라동,용인시 기흥구,보라동,2000,70,0,40,12.1,2,깔끔한 투룸월세입니다.,https://www.zigbang.com/home/apt/items/50014651
2026-08-12 05:37:10,빌라투룸,50027348,월세,04,경기도 용인시 기흥구 보라동,용인시 기흥구,보라동,1000,80,0,40,12.1,4,빠른입주 가능 2000에75가능 깔끔한 투룸입니다.,https://www.zigbang.com/home/apt/items/50027348
2026-08-12 05:37:10,빌라투룸,49941272,매매,05,경기도 용인시 기흥구 상하동,용인시 기흥구,상하동,22000,0,22000,55.14,16.68,3,엘o 기흥구 2억초반 18년식 귀한 준신축 최저실입가능,https://www.zigbang.com/home/apt/items/49941272
2026-08-12 05:37:10,빌라투룸,49891560,월세,04,세종시 조치원읍 침산리,,조치원읍,300,51,0,33,9.98,3,방2 거실 내부상태최상 26.8.10이후 입주,https://www.zigbang.com/home/apt/items/49891560
2026-08-12 05:37:10,빌라투룸,49894183,월세,04,세종시 연서면 봉암리,,연서면,200,35,0,50.28,15.21,1,ㅁ엄지척 초저가 투룸주택,https://www.zigbang.com/home/apt/items/49894183
2026-08-12 05:37:10,빌라투룸,49926835,월세,05,세종시 연서면 봉암리,,연서면,1000,79,0,78,23.59,4,ㅁ엄지척전속3룸화2쾌적하고 살기좋은집,https://www.zigbang.com/home/apt/items/49926835
2026-08-12 05:37:10,빌라투룸,49927595,전세,05,세종시 조치원읍 침산리,,조치원읍,9000,0,0,82,24.8,4,위치촣은 남향쓰리룸,https://www.zigbang.com/home/apt/items/49927595
2026-08-12 05:37:10,빌라투룸,49901165,매매,05,경기도 용인시 처인구 마평동,용인시 처인구,마평동,11000,0,11000,46.8,14.16,4,l대출잘나오는l실매물l 매달 내는 월세 아깝다면 매매,https://www.zigbang.com/home/apt/items/49901165
2026-08-12 05:37:10,빌라투룸,49264540,매매,05,세종시 조치원읍 신안리,,조치원읍,17500,0,17500,79,23.9,1,30평 1층 신축빌라 급매,https://www.zigbang.com/home/apt/items/49264540
2026-08-12 05:37:10,빌라투룸,50023603,월세,05,충청북도 청주시 흥덕구 강내면 궁현리,청주시 흥덕구,강내면,3000,120,0,84.42,25.54,1,반려동물가능 정원이 있는 복층 전원주택 한번쯤 살아보세요,https://www.zigbang.com/home/apt/items/50023603
2026-08-12 05:37:10,빌라투룸,49960755,월세,04,충청북도 청주시 흥덕구 수의동,청주시 흥덕구,수의동,3000,80,0,67.5,20.42,1,단독 전원주택으로 신축 첫 입주 시골 생활을 원하시는 분,https://www.zigbang.com/home/apt/items/49960755
2026-08-12 05:37:11,빌라투룸,49999047,월세,04,충청북도 청주시 서원구 남이면 가마리,청주시 서원구,남이면,1000,50,0,52.9,16.0,3,ꗄ탁트인뷰ꗄ투룸ꗄ시스템장옵션ꗄ착한집주인ꗄ,https://www.zigbang.com/home/apt/items/49999047
2026-08-12 05:37:12,빌라투룸,49944689,월세,04,충청북도 청주시 청원구 오창읍 주성리,청주시 청원구,오창읍,500,60,0,52.9,16.0,2,황금챤스.LG엔솔 도보5분 신축급 투룸 .4월단기가능,https://www.zigbang.com/home/apt/items/49944689
2026-08-12 05:37:12,빌라투룸,49972644,월세,05,충청북도 청주시 청원구 오창읍 주성리,청주시 청원구,오창읍,2000,80,0,70,21.17,3,오창2산단 신축급쓰리룸 남향 엘리베이터,https://www.zigbang.com/home/apt/items/49972644
2026-08-12 05:37:12,빌라투룸,49972666,월세,04,충청북도 청주시 청원구 오창읍 주성리,청주시 청원구,오창읍,1000,60,0,65,19.66,3,오창 2산단 신축급투룸풀옵션엘리베이터,https://www.zigbang.com/home/apt/items/49972666
2026-08-12 05:37:12,빌라투룸,49978132,월세,05,충청북도 청주시 청원구 오창읍 주성리,청주시 청원구,오창읍,2000,76,0,59.5,18.0,3,lll 주성리 lll 신축쓰리룸 엘베있는집 lll,https://www.zigbang.com/home/apt/items/49978132
2026-08-12 05:37:12,빌라투룸,49981768,월세,04,충청북도 청주시 청원구 오창읍 주성리,청주시 청원구,오창읍,1000,60,0,59.5,18.0,3,신. 고품격 투룸 . 엘리베이터 . 축 LG엔솔 도보 3분,https://www.zigbang.com/home/apt/items/49981768
2026-08-12 05:37:12,빌라투룸,49981785,월세,05,충청북도 청주시 청원구 오창읍 주성리,청주시 청원구,오창읍,2000,80,0,77,23.29,3,"엘베.화장실2개,에어콘2대.쓰리룸",https://www.zigbang.com/home/apt/items/49981785
2026-08-12 05:37:12,빌라투룸,50003899,월세,04,충청북도 청주시 청원구 오창읍 주성리,청주시 청원구,오창읍,500,60,0,55,16.64,3,오창 2산단 투룸 남향 엘리베이터 풀옵션,https://www.zigbang.com/home/apt/items/50003899
2026-08-12 05:37:12,빌라투룸,50003958,월세,04,충청북도 청주시 청원구 오창읍 주성리,청주시 청원구,오창읍,500,60,0,55,16.64,2,오창 2산단 넓은구조 채광좋은 투룸,https://www.zigbang.com/home/apt/items/50003958
2026-08-12 05:37:12,빌라투룸,50008816,월세,04,충청북도 청주시 청원구 오창읍 주성리,청주시 청원구,오창읍,1000,45,0,52.9,16.0,3,.신축급 .Lg엔솔 도보 3분 V 초고품격 대형 투룸,https://www.zigbang.com/home/apt/items/50008816
2026-08-12 05:37:12,빌라투룸,50008822,월세,04,충청북도 청주시 청원구 오창읍 주성리,청주시 청원구,오창읍,1000,60,0,55,16.64,3,Lg엔솔 도보 3분 거리. 대형 고품격 투룸,https://www.zigbang.com/home/apt/items/50008822
2026-08-12 05:37:12,빌라투룸,50008943,월세,04,충청북도 청주시 청원구 오창읍 주성리,청주시 청원구,오창읍,500,70,0,55,16.64,3,신축v Lg엔솔도보5분v엘리베이터v대형 v풀옵션v빌트인,https://www.zigbang.com/home/apt/items/50008943
2026-08-12 05:37:14,빌라투룸,49627573,월세,04,충청북도 증평군 증평읍 초중리,증평군,증평읍,1500,37,0,68.8,20.81,4,큰 평수 투룸 반월세ㅣ착한임대료 위치 좋아요,https://www.zigbang.com/home/apt/items/49627573
2026-08-12 05:37:14,빌라투룸,49830905,전세,05,충청북도 증평군 증평읍 초중리,증평군,증평읍,9000,0,0,84.2,25.47,4,전.월세 모두 가능ㅣ모던쓰리룸ㅣ도배 및 리뉴얼 후 첫 입주,https://www.zigbang.com/home/apt/items/49830905
2026-08-12 05:37:14,빌라투룸,49899257,월세,04,충청북도 증평군 증평읍 초중리,증평군,증평읍,500,57,0,65.5,19.81,3,정남향 성당뷰 채광좋은 투룸ㅣ풀옵션,https://www.zigbang.com/home/apt/items/49899257
2026-08-12 05:37:14,빌라투룸,49899273,월세,04,충청북도 증평군 증평읍 초중리,증평군,증평읍,500,50,0,61.5,18.6,3,20평 풀옵션 큰 투룸ㅣ채광 좋아요,https://www.zigbang.com/home/apt/items/49899273
2026-08-12 05:37:14,빌라투룸,49937845,월세,04,충청북도 증평군 증평읍 초중리,증평군,증평읍,1000,52,0,56.2,17.0,3,투룸월세ㅣ엘베완비ㅣ채광 좋은 수납형 투룸ㅣ절충가능,https://www.zigbang.com/home/apt/items/49937845
2026-08-12 05:37:14,빌라투룸,49975878,월세,04,충청북도 증평군 증평읍 초중리,증평군,증평읍,500,42,0,60.17,18.2,3,투룸월세ㅣ정남향 탁 트인 개방감 있는 투룸,https://www.zigbang.com/home/apt/items/49975878
2026-08-12 05:37:14,빌라투룸,50019864,월세,04,충청북도 증평군 증평읍 초중리,증평군,증평읍,400,42,0,60,18.15,4,풀옵션 투룸ㅣ착한임대료로 가성비 좋은 월세ㅣ절충가능,https://www.zigbang.com/home/apt/items/50019864
2026-08-12 05:37:14,빌라투룸,50020060,월세,04,충청북도 증평군 증평읍 초중리,증평군,증평읍,500,48,0,59.5,18.0,2,투룸월세ㅣ큰 거실창이 매력적인 우드베이지톤 풀옵션 매물,https://www.zigbang.com/home/apt/items/50020060
2026-08-12 05:37:14,빌라투룸,49966733,월세,04,충청북도 증평군 증평읍 초중리,증평군,증평읍,1000,52,0,64.46,19.5,3,대형투룸 월세.반월세 가능ㅣ시내인근 편의시설 좋아요,https://www.zigbang.com/home/apt/items/49966733
2026-08-12 05:37:14,빌라투룸,49854575,전세,04,충청북도 진천군 진천읍 성석리,진천군,진천읍,6000,0,0,49.59,15.0,4,"큰 투룸, 거살 큼 티비2  에어컨2개 , 엘베유",https://www.zigbang.com/home/apt/items/49854575
2026-08-12 05:37:14,빌라투룸,49627727,월세,04,충청북도 증평군 증평읍 송산리,증평군,증평읍,500,52,0,61.5,18.6,3,공원뷰 풀옵션 투룸월세ㅣ조용하고 쾌적한 위치,https://www.zigbang.com/home/apt/items/49627727
2026-08-12 05:37:14,빌라투룸,49957306,월세,04,충청북도 증평군 증평읍 송산리,증평군,증평읍,500,65,0,55,16.64,3,즉시 입주 가능한 깔끔한 투룸,https://www.zigbang.com/home/apt/items/49957306
2026-08-12 05:37:14,빌라투룸,49538771,월세,04,충청북도 진천군 덕산읍 산수리,진천군,덕산읍,300,52,0,52.89,16.0,2,신축급 둘이 살기 좋은 투룸,https://www.zigbang.com/home/apt/items/49538771
2026-08-12 05:37:14,빌라투룸,49705222,월세,05,충청북도 진천군 덕산읍 옥동리,진천군,덕산읍,1000,80,0,76.03,23.0,4,월세 또는전세1억 또는 반전세 가능  쓰리룸,https://www.zigbang.com/home/apt/items/49705222
2026-08-12 05:37:14,빌라투룸,49756182,월세,04,충청북도 진천군 덕산읍 합목리,진천군,덕산읍,500,50,0,46.28,14.0,3,엘베있음 각방마다 각각풀옵션 화장실2 신축급 투룸,https://www.zigbang.com/home/apt/items/49756182
2026-08-12 05:37:14,빌라투룸,49830924,월세,05,충청북도 진천군 덕산읍 용몽리,진천군,덕산읍,1000,77,0,82.64,25.0,4,덕산읍내 엘베있음 최상의 쓰리룸 주인세대 풀옵션,https://www.zigbang.com/home/apt/items/49830924
2026-08-12 05:37:14,빌라투룸,49854605,월세,04,충청북도 진천군 덕산읍 산수리,진천군,덕산읍,300,47,0,46.28,14.0,3,"단기가능, 에어컨2, 화2, 침대2  환하고 좋음 방 크고",https://www.zigbang.com/home/apt/items/49854605
2026-08-12 05:37:14,빌라투룸,49854616,월세,04,충청북도 진천군 덕산읍 합목리,진천군,덕산읍,300,51,0,49.58,15.0,3,투룸 으로  화2 .  환기 잘되고. 전원주택분위기,https://www.zigbang.com/home/apt/items/49854616
2026-08-12 05:37:14,빌라투룸,49855299,월세,04,충청북도 진천군 덕산읍 산수리,진천군,덕산읍,300,43,0,46.28,14.0,3,둘이살기 좋은 투룸,https://www.zigbang.com/home/apt/items/49855299
2026-08-12 05:37:14,빌라투룸,49911627,월세,04,충청북도 진천군 덕산읍 산수리,진천군,덕산읍,500,49,0,50,15.12,2,신축급 깔끔한 풀옵션 투룸입니다,https://www.zigbang.com/home/apt/items/49911627
2026-08-12 05:37:14,빌라투룸,49927585,월세,04,충청북도 진천군 덕산읍 합목리,진천군,덕산읍,300,47,0,49.58,15.0,3,"단기 가능, 풀옵션에 화장실2개  투룸 좋아요 에어컨",https://www.zigbang.com/home/apt/items/49927585
2026-08-12 05:37:14,빌라투룸,49927594,월세,04,충청북도 진천군 덕산읍 산수리,진천군,덕산읍,300,52,0,33.06,10.0,3,"단기가능,투룸 풀 옵션 화2 에2  티2",https://www.zigbang.com/home/apt/items/49927594
2026-08-12 05:37:14,빌라투룸,49929666,월세,04,충청북도 진천군 덕산읍 합목리,진천군,덕산읍,300,55,0,49.59,15.0,3,"화장실 두개 정 투룸,",https://www.zigbang.com/home/apt/items/49929666
2026-08-12 05:37:14,빌라투룸,49929877,월세,04,충청북도 진천군 덕산읍 합목리,진천군,덕산읍,300,57,0,49.59,15.0,3,단기가능 엘베유 풀 옵션 에2개 화2개 티비2개  환하고,https://www.zigbang.com/home/apt/items/49929877
2026-08-12 05:37:14,빌라투룸,49929934,월세,04,충청북도 진천군 덕산읍 합목리,진천군,덕산읍,500,59,0,46.96,14.21,2,덕산읍 해오름오피 투룸으로 거실및 방 크며 에2개,https://www.zigbang.com/home/apt/items/49929934
2026-08-12 05:37:14,빌라투룸,49988627,월세,05,충청북도 진천군 덕산읍 합목리,진천군,덕산읍,500,75,0,60,18.15,4,방3 에어컨2 화장실2 엘베있음 숙소형 쓰리룸,https://www.zigbang.com/home/apt/items/49988627
2026-08-12 05:37:14,빌라투룸,50000121,월세,04,충청북도 진천군 덕산읍 합목리,진천군,덕산읍,2000,23,0,35,10.59,4,가성비 굿 풀옵션투룸이에요.. 엘베있음,https://www.zigbang.com/home/apt/items/50000121
2026-08-12 05:37:14,빌라투룸,49854591,월세,04,충청북도 진천군 이월면 중산리,진천군,이월면,300,60,0,39.67,12.0,2,넓은 투룸으로 보증금 300부터 가능 풀 옵션,https://www.zigbang.com/home/apt/items/49854591
2026-08-12 05:37:14,빌라투룸,49875655,월세,04,충청북도 진천군 덕산읍 산수리,진천군,덕산읍,300,46,0,49.59,15.0,3,산단안 투룸으로 화2개 티비2 에어컨 2개,https://www.zigbang.com/home/apt/items/49875655
2026-08-12 05:37:14,빌라투룸,49929698,월세,04,충청북도 진천군 이월면 중산리,진천군,이월면,300,52,0,39.67,12.0,2,화2 에어컨2 엘베유 풀 옵션,https://www.zigbang.com/home/apt/items/49929698
2026-08-12 05:37:14,빌라투룸,49935452,월세,04,충청북도 진천군 덕산읍 산수리,진천군,덕산읍,500,55,0,56.2,17.0,3,해잘들고 넓은 공간 굿뜨,https://www.zigbang.com/home/apt/items/49935452
2026-08-12 05:37:14,빌라투룸,49988385,월세,04,충청북도 진천군 덕산읍 산수리,진천군,덕산읍,500,41,0,50,15.12,2,산수산단 내 투룸월세 방2 에어컨2 TV2 화장실2,https://www.zigbang.com/home/apt/items/49988385
2026-08-12 05:37:18,빌라투룸,49765957,월세,04,충청북도 진천군 광혜원면 죽현리,진천군,광혜원면,1000,56,0,43,13.01,3,"정투룸 거실1,방2 엘베 신축급",https://www.zigbang.com/home/apt/items/49765957
2026-08-12 05:37:18,빌라투룸,49884893,매매,05,경기도 안성시 금산동,안성시,금산동,16000,0,16000,62.79,18.99,4,ㅇ컨디션굿ㅇ트인 뷰ㅇ주차완비ㅇ대출가능ㅇ,https://www.zigbang.com/home/apt/items/49884893
2026-08-12 05:37:18,빌라투룸,49901328,월세,05,경기도 안성시 봉산동,안성시,봉산동,2500,65,0,59,17.85,2,"봉산로타리인근 빌라 방3개화2,인터넷가능",https://www.zigbang.com/home/apt/items/49901328
2026-08-12 05:37:18,빌라투룸,49997365,매매,04,경기도 안성시 죽산면 죽산리,안성시,죽산면,8500,0,8500,58.26,17.62,5,"엘베O, 올리모델링 완료된 깔끔한 주택",https://www.zigbang.com/home/apt/items/49997365
2026-08-12 05:37:18,빌라투룸,49929713,월세,04,충청북도 진천군 이월면 신월리,진천군,이월면,300,35,0,33.06,10.0,1,", 풀 옵션으로 몸만 오실분 좋아요.",https://www.zigbang.com/home/apt/items/49929713
2026-08-12 05:37:18,빌라투룸,49929722,월세,04,충청북도 진천군 이월면 신월리,진천군,이월면,500,55,0,49.59,15.0,1,단독 주택으로 투룸독단적으로 사용,https://www.zigbang.com/home/apt/items/49929722
2026-08-12 05:37:18,빌라투룸,49793711,월세,04,충청북도 음성군 대소읍 삼정리,음성군,대소읍,1000,65,0,53,16.03,2,깔끔한 신축 풀옵션투룸.대소시내중심위치.승강기설치.,https://www.zigbang.com/home/apt/items/49793711
2026-08-12 05:37:18,빌라투룸,49214754,월세,04,충청북도 진천군 덕산읍 신척리,진천군,덕산읍,500,49,0,39.43,11.93,11,"남향 금액좋다 도시가스 거실1,방1, 화장실2",https://www.zigbang.com/home/apt/items/49214754
2026-08-12 05:37:18,빌라투룸,49842748,월세,04,충청북도 진천군 덕산읍 신척리,진천군,덕산읍,500,49,0,39.43,11.93,6,"남향의 햇살좋은 투베이형식 아파트, 첫입주에요",https://www.zigbang.com/home/apt/items/49842748
2026-08-12 05:37:18,빌라투룸,49842760,월세,04,충청북도 진천군 덕산읍 신척리,진천군,덕산읍,500,49,0,39.43,11.93,5,남동향의 햇살좋은 투베이형식 아파트,https://www.zigbang.com/home/apt/items/49842760
2026-08-12 05:37:19,빌라투룸,49709827,월세,04,충청북도 음성군 금왕읍 본대리,음성군,금왕읍,500,57,0,48,14.52,2,남향의 옵션 가득 풀옵션 투룸,https://www.zigbang.com/home/apt/items/49709827
2026-08-12 05:37:18,빌라투룸,49925515,월세,05,충청북도 음성군 대소읍 오류리,음성군,대소읍,1000,70,0,60.41,18.27,2,넓은쓰리룸.풀옵션.도시가스난방.엘리베이터.넓은주차장,https://www.zigbang.com/home/apt/items/49925515
2026-08-12 05:37:18,빌라투룸,49950788,월세,04,충청북도 음성군 대소읍 오류리,음성군,대소읍,500,50,0,47,14.22,1,풀옵션 투룸.깔끔한내부.대소ic5분거리.,https://www.zigbang.com/home/apt/items/49950788
2026-08-12 05:37:19,빌라투룸,49972753,월세,04,충청북도 음성군 삼성면 덕정리,음성군,삼성면,500,48,0,30.4,9.2,2,"깔끔한 투베이, 채광 우수, 생활 편의시설 완비된 풀옵션.",https://www.zigbang.com/home/apt/items/49972753
2026-08-12 05:37:19,빌라투룸,50018497,월세,05,충청북도 음성군 금왕읍 각회리,음성군,금왕읍,1500,60,0,106.23,32.13,1,단독주택 올수리후 첫입주 시스템에어컨 첫사용,https://www.zigbang.com/home/apt/items/50018497
2026-08-12 05:37:20,빌라투룸,50009332,월세,04,경기도 용인시 처인구 원삼면 맹리,용인시 처인구,원삼면,500,100,0,45,13.61,1,ㅇ즉시입주ㅇSK현장 차량10분ㅇ주차ㅇ풀옵션 투룸ㅇ,https://www.zigbang.com/home/apt/items/50009332
2026-08-12 05:37:20,빌라투룸,50022673,월세,04,경기도 용인시 처인구 원삼면 좌항리,용인시 처인구,원삼면,500,100,0,48.6,14.7,2,ㅇ즉시입주ㅇSK현장 차량10분ㅇ풀옵션 넓은 투룸ㅇ,https://www.zigbang.com/home/apt/items/50022673
2026-08-12 05:37:20,빌라투룸,49821509,매매,05,경기도 용인시 처인구 양지읍 남곡리,용인시 처인구,양지읍,19500,0,19500,57.08,17.27,1,엑기스매물 반도체클러스트 입지로 인한 호재 방3화2 급매,https://www.zigbang.com/home/apt/items/49821509
2026-08-12 05:37:20,빌라투룸,49883581,매매,05,경기도 용인시 처인구 양지읍 남곡리,용인시 처인구,양지읍,19500,0,19500,57.08,17.27,1,남곡리 방3 화2 가성비 최고매물 인기 제일 많은 집,https://www.zigbang.com/home/apt/items/49883581
2026-08-12 05:37:20,빌라투룸,49907385,매매,04,경기도 용인시 처인구 양지읍 양지리,용인시 처인구,양지읍,12000,0,12000,52.45,15.87,1,l대출잘나오는l실매물l 월세 낼 돈으로 내 집 마련 성공,https://www.zigbang.com/home/apt/items/49907385
2026-08-12 05:37:20,빌라투룸,49909651,매매,06,경기도 용인시 처인구 양지읍 양지리,용인시 처인구,양지읍,110000,0,110000,229.5,69.42,2,실매물싨가진 고급 전원주택 엘베있음 도로변,https://www.zigbang.com/home/apt/items/49909651
2026-08-12 05:37:20,빌라투룸,50018029,매매,05,경기도 용인시 처인구 양지읍 남곡리,용인시 처인구,양지읍,19400,0,19400,57.08,17.27,1,l대출잘나오는l실매물l 승인율 최고 자금 걱정 끝냅니다,https://www.zigbang.com/home/apt/items/50018029
2026-08-12 05:37:20,빌라투룸,49963222,월세,05,경기도 용인시 처인구 원삼면 사암리,용인시 처인구,원삼면,2000,250,0,100,30.25,1,ㅇ빠입주ㅇSK현장 차량10분ㅇ방3화3ㅇ풀옵션ㅇ신축급ㅇ주차ㅇ,https://www.zigbang.com/home/apt/items/49963222
2026-08-12 05:37:20,빌라투룸,50022660,월세,06,경기도 용인시 처인구 호동,용인시 처인구,호동,2000,400,0,198.34,60.0,1,ㅇ8월말ㅇ방5.화장실5ㅇ60평형ㅇSK현장 차15분ㅇ주차ㅇ,https://www.zigbang.com/home/apt/items/50022660
2026-08-12 05:37:20,빌라투룸,49998763,월세,06,경기도 용인시 처인구 백암면 근창리,용인시 처인구,백암면,1500,250,0,100,30.25,2,ㅇ즉시입주ㅇSK현장 차량10분ㅇ신축ㅇ방4화3ㅇ풀옵션ㅇ주차ㅇ,https://www.zigbang.com/home/apt/items/49998763
2026-08-12 05:37:20,빌라투룸,50019142,매매,05,경기도 용인시 처인구 백암면 백암리,용인시 처인구,백암면,22000,0,22000,50.07,15.15,2,l대출잘나오는l실매물l 매달 내는 월세 아깝다면 매매,https://www.zigbang.com/home/apt/items/50019142
2026-08-12 05:37:20,빌라투룸,50003153,월세,04,경기도 이천시 마장면 해월리,이천시,마장면,100,90,0,40,12.1,4,원삼 하이닉스 자차15분거리 풀옵션 깨끗하고 넓은 투룸,https://www.zigbang.com/home/apt/items/50003153
2026-08-12 05:37:21,빌라투룸,49729247,월세,04,경기도 이천시 호법면 후안리,이천시,호법면,1000,70,0,45,13.61,2,신축급  넓은   투룸 풀옵션 주차굿,https://www.zigbang.com/home/apt/items/49729247
2026-08-12 05:37:21,빌라투룸,49729688,월세,04,경기도 이천시 호법면 후안리,이천시,호법면,1000,70,0,42.97,13.0,3,후안리 신축  풀옵션 투룸 즉시입주,https://www.zigbang.com/home/apt/items/49729688
2026-08-12 05:37:21,빌라투룸,49851501,월세,04,경기도 이천시 호법면 안평리,이천시,호법면,1000,68,0,42.98,13.0,3,에이스 매물 신축급 투룸  엘베 빠른입주,https://www.zigbang.com/home/apt/items/49851501
2026-08-12 05:37:21,빌라투룸,49883434,월세,04,경기도 이천시 호법면 후안리,이천시,호법면,1000,55,0,42.98,13.0,3,"호법면 저렴한 투룸 , 풀옵션 투룸입니다.",https://www.zigbang.com/home/apt/items/49883434
2026-08-12 05:37:21,빌라투룸,49898558,월세,04,경기도 이천시 호법면 후안리,이천시,호법면,1000,80,0,42.98,13.0,3,화이트톤으로 예쁜 투룸 풀옵션,https://www.zigbang.com/home/apt/items/49898558
2026-08-12 05:37:21,빌라투룸,49904751,월세,04,경기도 이천시 호법면 안평리,이천시,호법면,1000,68,0,42.98,13.0,3,안평리 풀옵션 투룸 월세임대합니다,https://www.zigbang.com/home/apt/items/49904751
2026-08-12 05:37:21,빌라투룸,49906487,월세,04,경기도 이천시 호법면 안평리,이천시,호법면,1000,68,0,42.98,13.0,2,"마장, 호법 이동 편리 주변 편의점 있고 거실 있는 2룸",https://www.zigbang.com/home/apt/items/49906487
2026-08-12 05:37:21,빌라투룸,49912856,월세,04,경기도 이천시 호법면 후안리,이천시,호법면,1000,70,0,45,13.61,3,호법면 후안리 투룸월세,https://www.zigbang.com/home/apt/items/49912856
2026-08-12 05:37:21,빌라투룸,49913334,월세,04,경기도 이천시 호법면 후안리,이천시,호법면,1000,70,0,42.98,13.0,3,호법 후안리 호법초인근신축풀옵션투룸  월세,https://www.zigbang.com/home/apt/items/49913334
2026-08-12 05:37:21,빌라투룸,49920637,월세,04,경기도 이천시 호법면 후안리,이천시,호법면,1000,70,0,50,15.12,3,"준신축 내부풀옵션, 컨디션 굿, 2룸 주차100프로",https://www.zigbang.com/home/apt/items/49920637
2026-08-12 05:37:21,빌라투룸,49934397,월세,04,경기도 이천시 호법면 후안리,이천시,호법면,1000,70,0,45,13.61,3,호법 집 넓고 깨끗합니다.,https://www.zigbang.com/home/apt/items/49934397
2026-08-12 05:37:21,빌라투룸,49935061,월세,04,경기도 이천시 호법면 후안리,이천시,호법면,1000,70,0,46.2,13.98,2,"엘베있고 준신축으로 깨끗하고 환하고, 주차좋은 투룸입니다.",https://www.zigbang.com/home/apt/items/49935061
2026-08-12 05:37:21,빌라투룸,49940924,월세,04,경기도 이천시 호법면 후안리,이천시,호법면,1000,70,0,40,12.1,3,풀옵션 신축급 투룸,https://www.zigbang.com/home/apt/items/49940924
2026-08-12 05:37:21,빌라투룸,49678310,전세,05,경기도 이천시 모가면 진가리,이천시,모가면,11000,0,0,70.92,21.45,1,"LH 가능, 주차 가능하며, 입주는 빠른  입주 가능합니다",https://www.zigbang.com/home/apt/items/49678310
2026-08-12 05:37:21,빌라투룸,49905188,전세,04,경기도 이천시 모가면 진가리,이천시,모가면,8500,0,0,35.02,10.59,2,빠른입주 가능한 신축 투룸 전세,https://www.zigbang.com/home/apt/items/49905188
2026-08-12 05:37:21,빌라투룸,50027489,월세,04,경기도 이천시 대월면 초지리,이천시,대월면,1000,75,0,56.8,17.18,4,깨끗한 풀옵션 주차가능,https://www.zigbang.com/home/apt/items/50027489
2026-08-12 05:37:21,빌라투룸,49819905,월세,04,경기도 이천시 대월면 사동리,이천시,대월면,1000,50,0,49.26,14.9,1,"즉시입주가능, 투룸빌라, SK하이닉스 도보가능",https://www.zigbang.com/home/apt/items/49819905
2026-08-12 05:37:21,빌라투룸,49884301,전세,04,경기도 이천시 대월면 사동리,이천시,대월면,9200,0,0,52.95,16.02,2,하이닉스 도보7분거리 신축 투룸 주변 음식점 편의점 많음,https://www.zigbang.com/home/apt/items/49884301
2026-08-12 05:37:21,빌라투룸,49885049,월세,04,경기도 이천시 대월면 사동리,이천시,대월면,500,67,0,45,13.61,3,하이닉스 인근 사동리 깔끔하고 위치좋은 투룸,https://www.zigbang.com/home/apt/items/49885049
2026-08-12 05:37:21,빌라투룸,49921105,월세,05,경기도 이천시 대월면 사동리,이천시,대월면,300,63,0,42.9,12.98,2,"즉시입주, 쓰리룸 옵션O, SK하이닉스 차량 5분",https://www.zigbang.com/home/apt/items/49921105
2026-08-12 05:37:21,빌라투룸,49961084,월세,04,경기도 이천시 대월면 사동리,이천시,대월면,500,67,0,48,14.52,2,신축급 투룸 가성비최강 컨디션굿 엘베있음,https://www.zigbang.com/home/apt/items/49961084
2026-08-12 05:37:21,빌라투룸,49499284,월세,04,경기도 여주시 가남읍 태평리,여주시,가남읍,500,51,0,45,13.61,4,싸고 저렴하고 전망좋은 투룸월세,https://www.zigbang.com/home/apt/items/49499284
2026-08-12 05:37:21,빌라투룸,49922023,월세,05,경기도 여주시 가남읍 태평리,여주시,가남읍,2000,130,0,47.64,14.41,5,태평리 방4개 복층빌라 월세,https://www.zigbang.com/home/apt/items/49922023
2026-08-12 05:37:21,빌라투룸,49922035,매매,05,경기도 여주시 가남읍 신해리,여주시,가남읍,14500,0,14500,57.18,17.3,1,아이들키우기 좋은 쓰리룸 빌라 1층매물,https://www.zigbang.com/home/apt/items/49922035
2026-08-12 05:37:21,빌라투룸,49922075,전세,04,경기도 여주시 가남읍 태평리,여주시,가남읍,8000,0,0,52,15.73,5,태평리 컨디션좋은 투룸 전세,https://www.zigbang.com/home/apt/items/49922075
2026-08-12 05:37:21,빌라투룸,49922149,매매,06,경기도 여주시 가남읍 태평리,여주시,가남읍,25000,0,25000,73.98,22.38,2,태평리 포룸 신축빌라,https://www.zigbang.com/home/apt/items/49922149
2026-08-12 05:37:21,빌라투룸,49951642,월세,04,경기도 여주시 가남읍 태평리,여주시,가남읍,500,60,0,52.89,16.0,3,"하나로마트 옆 방2개,화장실 2개인 풀옵션 투룸월세전세가능",https://www.zigbang.com/home/apt/items/49951642
2026-08-12 05:37:21,빌라투룸,50013627,매매,05,경기도 여주시 가남읍 은봉리,여주시,가남읍,5000,0,5000,84.87,25.67,3,"5천만원 가남읍 안산마을아파트 전용84㎡ 넓은 구조, 남동",https://www.zigbang.com/home/apt/items/50013627
2026-08-12 05:37:21,빌라투룸,50018255,매매,05,경기도 여주시 가남읍 신해리,여주시,가남읍,13500,0,13500,59.85,18.1,3,준신축급  3룸 급매,https://www.zigbang.com/home/apt/items/50018255
2026-08-12 05:37:23,빌라투룸,49822274,월세,04,충청북도 충주시 호암동,충주시,호암동,500,77,0,47.66,14.42,2,ㄴMBC 근방 호암택지 신축 투룸ㄱ,https://www.zigbang.com/home/apt/items/49822274
2026-08-12 05:37:23,빌라투룸,48973284,전세,04,충청북도 충주시 봉방동,충주시,봉방동,5000,0,0,46.28,14.0,3,귀한전세ㅣ탁트인남향ㅣ풀옵션투룸,https://www.zigbang.com/home/apt/items/48973284
2026-08-12 05:37:23,빌라투룸,49930043,월세,05,충청북도 충주시 문화동,충주시,문화동,1000,71,0,85,25.71,3,"쓰리룸,풀옵션,대형베란다",https://www.zigbang.com/home/apt/items/49930043
2026-08-12 05:37:23,빌라투룸,49966022,월세,04,충청북도 충주시 봉방동,충주시,봉방동,500,56,0,50.76,15.35,2,"신축,1000.60ok관포",https://www.zigbang.com/home/apt/items/49966022
2026-08-12 05:37:23,빌라투룸,49787341,월세,04,충청북도 충주시 호암동,충주시,호암동,700,62,0,51.6,15.61,2,ㄴ호암택지 신축 투룸ㄱ,https://www.zigbang.com/home/apt/items/49787341
2026-08-12 05:37:23,빌라투룸,49858683,월세,04,충청북도 충주시 호암동,충주시,호암동,1000,71,0,37.83,11.44,3,ㄴ호암동 신축 투룸ㄱ,https://www.zigbang.com/home/apt/items/49858683
2026-08-12 05:37:23,빌라투룸,50025976,월세,04,충청북도 충주시 호암동,충주시,호암동,700,61,0,51.6,15.61,2,"호암지구,신축투룸",https://www.zigbang.com/home/apt/items/50025976
2026-08-12 05:37:23,빌라투룸,49917225,월세,04,충청북도 충주시 중앙탑면 용전리,충주시,중앙탑면,500,55,0,45,13.61,4,상권에 근접한 깔끔한 풀옵션 투룸입니다.,https://www.zigbang.com/home/apt/items/49917225
2026-08-12 05:37:23,빌라투룸,49919136,월세,04,충청북도 충주시 중앙탑면 용전리,충주시,중앙탑면,500,45,0,40,12.1,2,풀옵션 투룸 월세 매물입니다.,https://www.zigbang.com/home/apt/items/49919136
2026-08-12 05:37:23,빌라투룸,50027091,월세,04,충청북도 충주시 중앙탑면 용전리,충주시,중앙탑면,500,50,0,50,15.12,3,풀옵션 투룸 월세입니,https://www.zigbang.com/home/apt/items/50027091
2026-08-12 05:37:24,빌라투룸,49711628,매매,05,경기도 여주시 점봉동,여주시,점봉동,10500,0,10500,43.39,13.13,1,"급급매 저렴한 깨끗한 빌라, 조용하고 살기 좋은곳",https://www.zigbang.com/home/apt/items/49711628
2026-08-12 05:37:24,빌라투룸,49732309,매매,05,경기도 여주시 점봉동,여주시,점봉동,15000,0,15000,56.18,16.99,3,상태 아주 좋아요,https://www.zigbang.com/home/apt/items/49732309
2026-08-12 05:37:24,빌라투룸,49732558,매매,05,경기도 여주시 점봉동,여주시,점봉동,15000,0,15000,72.12,21.82,2,대형마트 버스정류장 식당 도보1분거리,https://www.zigbang.com/home/apt/items/49732558
2026-08-12 05:37:24,빌라투룸,49872495,월세,04,경기도 여주시 점봉동,여주시,점봉동,1000,67,0,40,12.1,4,"깨끗한 투룸 ,풀옵션",https://www.zigbang.com/home/apt/items/49872495
2026-08-12 05:37:24,빌라투룸,49965580,월세,04,경기도 여주시 점봉동,여주시,점봉동,1000,66,0,35,10.59,4,점봉동 준신축  풀옵션 작은 투룸 월세입니다.,https://www.zigbang.com/home/apt/items/49965580
2026-08-12 05:37:24,빌라투룸,49965615,월세,04,경기도 여주시 점봉동,여주시,점봉동,1000,76,0,46.28,14.0,3,점봉동 작년 신축 풀옵션 투룸 위치 아주 좋아요,https://www.zigbang.com/home/apt/items/49965615
2026-08-12 05:37:24,빌라투룸,49965647,월세,04,경기도 여주시 점봉동,여주시,점봉동,1000,70,0,40,12.1,2,"점봉동 투룸 월세 풀옵션, 아울렛,물류센터,이동하기 좋음",https://www.zigbang.com/home/apt/items/49965647
2026-08-12 05:37:24,빌라투룸,50006302,월세,04,경기도 여주시 점봉동,여주시,점봉동,1000,67,0,42.98,13.0,2,여주 점봉동 신축급 투룸 풀옵션 월세입니다.,https://www.zigbang.com/home/apt/items/50006302
2026-08-12 05:37:24,빌라투룸,50021711,월세,04,경기도 여주시 점봉동,여주시,점봉동,1000,67,0,37,11.19,4,"신축급 투룸 풀옵션  ,집앞 편의점, 버스정류장 1분거리",https://www.zigbang.com/home/apt/items/50021711
2026-08-12 05:37:24,빌라투룸,50021775,월세,04,경기도 여주시 점봉동,여주시,점봉동,1000,76,0,43,13.01,3,편의점 바로앞 신축급 투룸,https://www.zigbang.com/home/apt/items/50021775
2026-08-12 05:37:26,빌라투룸,49825872,매매,05,인천시 연수구 옥련동,연수구,옥련동,15400,0,15400,42.99,13.0,4,o리모델링급매물o 방3화2 신축급3룸 최저실입 대출가능,https://www.zigbang.com/home/apt/items/49825872
2026-08-12 05:37:26,빌라투룸,49883377,월세,04,인천시 연수구 옥련동,연수구,옥련동,100,100,0,42.98,13.0,2,ㅁ단기투룸 선불 깨끗ㅁ,https://www.zigbang.com/home/apt/items/49883377
2026-08-12 05:37:26,빌라투룸,49883386,월세,04,인천시 연수구 옥련동,연수구,옥련동,500,42,0,42.98,13.0,2,ㅁ밝은 투룸 2층ㅁ,https://www.zigbang.com/home/apt/items/49883386
2026-08-12 05:37:26,빌라투룸,49947667,매매,05,인천시 연수구 옥련동,연수구,옥련동,15500,0,15500,42.99,13.0,4,막힘없고 남향  상태 최고 엘베OK 에어컨 완비 방3 화2,https://www.zigbang.com/home/apt/items/49947667
2026-08-12 05:37:26,빌라투룸,50028283,월세,04,인천시 연수구 옥련동,연수구,옥련동,500,42,0,45,13.61,5,ꯁ귀한 투룸ꯁ옥련동ꯁ깔끔한 투룸,https://www.zigbang.com/home/apt/items/50028283
2026-08-12 05:37:26,빌라투룸,50028362,월세,04,인천시 연수구 옥련동,연수구,옥련동,500,40,0,45,13.61,1,ㅁ옥련동 1층투룸ㅁ,https://www.zigbang.com/home/apt/items/50028362
2026-08-12 05:37:26,빌라투룸,50028387,월세,04,인천시 연수구 옥련동,연수구,옥련동,500,42,0,42.98,13.0,5,ㅁ집 전체 채광 최고ㅁ,https://www.zigbang.com/home/apt/items/50028387
2026-08-12 05:37:26,빌라투룸,49790014,매매,05,경기도 시흥시 월곶동,시흥시,월곶동,21000,0,21000,68.6,20.75,6,100프로 실매물. 안전한 권리 분석부터 유연한 입주 협의,https://www.zigbang.com/home/apt/items/49790014
2026-08-12 05:37:26,빌라투룸,49915482,매매,05,경기도 시흥시 월곶동,시흥시,월곶동,31000,0,31000,70.93,21.46,4,부족한 실입주금 상담 환영합니다ㅣ3룸 2화장실ㅣ무료상담,https://www.zigbang.com/home/apt/items/49915482
2026-08-12 05:37:27,빌라투룸,49725782,월세,04,경기도 시흥시 정왕동,시흥시,정왕동,1000,53,0,42.9,12.98,6,야무진 복층  완벽한 분리공간  개방감 최고,https://www.zigbang.com/home/apt/items/49725782
2026-08-12 05:37:27,빌라투룸,49725792,월세,04,경기도 시흥시 정왕동,시흥시,정왕동,500,42,0,39.6,11.98,3,미니투룸요    원룸 아쉬운 분들께 추천해요,https://www.zigbang.com/home/apt/items/49725792
2026-08-12 05:37:27,빌라투룸,49932973,매매,05,경기도 시흥시 정왕동,시흥시,정왕동,13000,0,13000,41.79,12.64,3,필로티형구조 넓고 깨끗합니다,https://www.zigbang.com/home/apt/items/49932973
2026-08-12 05:37:27,빌라투룸,49996949,월세,04,경기도 시흥시 정왕동,시흥시,정왕동,5000,33,0,40,12.1,6,"복층, ㅇ ㅕㄱ ㅣㅇ ㅓㄸ ㅐ  , 화장실2개  에어컨2",https://www.zigbang.com/home/apt/items/49996949
2026-08-12 05:37:28,빌라투룸,49693652,매매,05,인천시 남동구 서창동,남동구,서창동,13800,0,13800,49.29,14.91,3,주변인프라 좋고 평지 3룸 필로티구조 3층 로얄층 매매,https://www.zigbang.com/home/apt/items/49693652
2026-08-12 05:37:28,빌라투룸,49886409,월세,05,인천시 남동구 서창동,남동구,서창동,2000,80,0,73.87,22.35,3,공기좋고 15년 빌라형 주택월세 방3 화2 넓은거실지정주차,https://www.zigbang.com/home/apt/items/49886409
2026-08-12 05:37:28,빌라투룸,49999625,월세,05,인천시 남동구 서창동,남동구,서창동,2000,80,0,66.21,20.03,3,공기좋은 서창동15년식 방3 화2 넓은거실 1층주차 굿,https://www.zigbang.com/home/apt/items/49999625
2026-08-12 05:37:26,빌라투룸,50019478,매매,05,경기도 안산시 단원구 와동,안산시 단원구,와동,18800,0,18800,71.98,21.77,3,트인 남향 V 전용넓은 3룸 V 2014년식 빌라,https://www.zigbang.com/home/apt/items/50019478
2026-08-12 05:37:26,빌라투룸,50019690,월세,04,경기도 안산시 단원구 와동,안산시 단원구,와동,300,30,0,46.28,14.0,반지하,풀옵션 사이즈 넓은 2룸 반지하 월세,https://www.zigbang.com/home/apt/items/50019690
2026-08-12 05:37:26,빌라투룸,50020855,매매,05,경기도 안산시 단원구 선부동,안산시 단원구,선부동,33900,0,33900,70.03,21.18,2,"l 추천 l 보기드문 구조의 대형 3룸 빌라, 최고급 럭셔",https://www.zigbang.com/home/apt/items/50020855
2026-08-12 05:37:26,빌라투룸,50022483,매매,04,경기도 안산시 단원구 와동,안산시 단원구,와동,7800,0,7800,35.58,10.76,2,풀옵션 v 깨끗히 정리 된 집,https://www.zigbang.com/home/apt/items/50022483
2026-08-12 05:37:26,빌라투룸,50025422,월세,04,경기도 안산시 단원구 와동,안산시 단원구,와동,1000,45,0,43,13.01,2,도배예정V  구조 좋은 집,https://www.zigbang.com/home/apt/items/50025422
2026-08-12 05:37:26,빌라투룸,50025540,매매,05,경기도 안산시 단원구 와동,안산시 단원구,와동,18800,0,18800,71.98,21.77,3,준신축급 정남향 트인 3룸빌라매매,https://www.zigbang.com/home/apt/items/50025540
2026-08-12 05:37:26,빌라투룸,50025618,월세,05,경기도 안산시 단원구 와동,안산시 단원구,와동,5000,100,0,115.08,34.81,5,대형 35평형 사이즈 3룸 빌라월세,https://www.zigbang.com/home/apt/items/50025618
2026-08-12 05:37:26,빌라투룸,50028217,매매,05,경기도 안산시 단원구 와동,안산시 단원구,와동,22000,0,22000,76.29,23.08,3,신축처럼 깨긋한 빌라 ㅣ정남향,https://www.zigbang.com/home/apt/items/50028217
2026-08-12 05:37:26,빌라투룸,50028551,월세,04,경기도 안산시 단원구 와동,안산시 단원구,와동,200,30,0,39.67,12.0,반지하,풀옵션 올수리된 2룸 반지하 월세,https://www.zigbang.com/home/apt/items/50028551
2026-08-12 05:37:26,빌라투룸,50028566,월세,04,경기도 안산시 단원구 선부동,안산시 단원구,선부동,200,30,0,36.36,11.0,반지하,풀옵션 2룸 반지하 월세,https://www.zigbang.com/home/apt/items/50028566
2026-08-12 05:37:26,빌라투룸,50029199,월세,04,경기도 안산시 단원구 선부동,안산시 단원구,선부동,500,45,0,45,13.61,2,귀한 남향집 투룸 있어요.롯데마트인근,https://www.zigbang.com/home/apt/items/50029199
2026-08-12 05:37:27,빌라투룸,50029133,전세,04,경기도 안산시 상록구 일동,안산시 상록구,일동,7000,0,0,36.96,11.18,3,실매물ㅡ안산대인근 투룸 채광굿 방크기 좋은집,https://www.zigbang.com/home/apt/items/50029133
2026-08-12 05:37:27,빌라투룸,50029567,매매,04,경기도 안산시 상록구 본오동,안산시 상록구,본오동,7500,0,7500,37.23,11.26,2,2층로얄층 깔끔한 인테리어 공원인근 방2개큼,https://www.zigbang.com/home/apt/items/50029567
2026-08-12 05:37:28,빌라투룸,49549820,매매,04,경기도 시흥시 은행동,시흥시,은행동,15000,0,15000,38.55,11.66,3,실입주금2000 급매 낮은매매가 신축컨디션.,https://www.zigbang.com/home/apt/items/49549820
2026-08-12 05:37:28,빌라투룸,49817734,매매,05,경기도 시흥시 매화동,시흥시,매화동,15900,0,15900,49.86,15.08,4,초 급매물 쓰리룸ㅣ엘베OK l 학세권에 살기 좋은 동네,https://www.zigbang.com/home/apt/items/49817734
2026-08-12 05:37:28,빌라투룸,49874242,매매,06,경기도 시흥시 은행동,시흥시,은행동,31000,0,31000,64.39,19.48,5,ㅇ낭만있는집ㅇ복층ㅇ테라스ㅇ넓고 큰집ㅇ,https://www.zigbang.com/home/apt/items/49874242
2026-08-12 05:37:28,빌라투룸,49907288,매매,05,경기도 시흥시 신천동,시흥시,신천동,29000,0,29000,39.76,12.03,3,l대출잘나오는l실매물l 사진속 그집그대로 즉시입주가능,https://www.zigbang.com/home/apt/items/49907288
2026-08-12 05:37:28,빌라투룸,49915692,매매,05,경기도 시흥시 매화동,시흥시,매화동,16000,0,16000,44.87,13.57,3,급매 준신축 대단지 쓰리룸,https://www.zigbang.com/home/apt/items/49915692
2026-08-12 05:37:28,빌라투룸,49932939,매매,05,경기도 시흥시 신천동,시흥시,신천동,22000,0,22000,37.41,11.32,7,"엘베 O 방3 , 컨디션 굿 신천역 역세권",https://www.zigbang.com/home/apt/items/49932939
2026-08-12 05:37:28,빌라투룸,49865620,매매,05,경기도 시흥시 목감동,시흥시,목감동,23800,0,23800,75.53,22.85,4,급매물 신축급컨디션 넓은평수 인프라최상 집구경 서두르세요,https://www.zigbang.com/home/apt/items/49865620
2026-08-12 05:37:28,빌라투룸,49562676,매매,05,경기도 안산시 상록구 수암동,안산시 상록구,수암동,18000,0,18000,60.74,18.37,3,강추 남향 넓고 구조좋은 쓰리룸빌라 매매,https://www.zigbang.com/home/apt/items/49562676
2026-08-12 05:37:28,빌라투룸,49757791,매매,05,경기도 안양시 만안구 안양동,안양시 만안구,안양동,23500,0,23500,45.57,13.78,3,최저가 엑기스매물 방3화2 23년 준공 트인 산뷰 급매,https://www.zigbang.com/home/apt/items/49757791
2026-08-12 05:37:28,빌라투룸,49826311,매매,05,경기도 안산시 상록구 수암동,안산시 상록구,수암동,17500,0,17500,60.74,18.37,3,"채광좋은 정남향 엄청나게 넓은 주방,거실 저렴하게나온 빌라",https://www.zigbang.com/home/apt/items/49826311
2026-08-12 05:37:28,빌라투룸,49835979,매매,06,경기도 안양시 만안구 안양동,안양시 만안구,안양동,32000,0,32000,59.92,18.13,4,초급매 포룸 입니다 금액 컨디션 사이즈 좋습니다,https://www.zigbang.com/home/apt/items/49835979
2026-08-12 05:37:28,빌라투룸,49860714,전세,05,경기도 안산시 상록구 수암동,안산시 상록구,수암동,6000,0,0,49.63,15.01,3,"방3개, LH, 경기도시공사 가능, 남향으로 채광좋은 집",https://www.zigbang.com/home/apt/items/49860714
2026-08-12 05:37:28,빌라투룸,49882594,월세,05,경기도 안산시 상록구 수암동,안산시 상록구,수암동,500,45,0,36.08,10.91,2,"방3개, 화1개, 거실겸 주방 구조,8월15일 이후 입주가",https://www.zigbang.com/home/apt/items/49882594
2026-08-12 05:37:28,빌라투룸,49914910,매매,04,경기도 안양시 만안구 안양동,안양시 만안구,안양동,21000,0,21000,31.91,9.65,4,준식축급ㅣ특가매물ㅣ컨디션최고,https://www.zigbang.com/home/apt/items/49914910
2026-08-12 05:37:28,빌라투룸,49970276,매매,05,경기도 안산시 상록구 수암동,안산시 상록구,수암동,31900,0,31900,81.02,24.51,2,부족한 실입주금 상담 환영합니다ㅣ3룸 2화장실ㅣ무료상담,https://www.zigbang.com/home/apt/items/49970276
2026-08-12 05:37:28,빌라투룸,50013828,전세,05,경기도 안양시 만안구 안양동,안양시 만안구,안양동,24000,0,0,58.51,17.7,4,준신축  모든대출 및 보증보험가능한  쓰리룸과 거실,https://www.zigbang.com/home/apt/items/50013828
2026-08-12 05:37:28,빌라투룸,50021534,매매,05,경기도 안산시 상록구 수암동,안산시 상록구,수암동,31000,0,31000,55.05,16.65,3,"신축, 드레스룸 완비, 엘베O, 주차장 넓음, 위치 좋은곳",https://www.zigbang.com/home/apt/items/50021534
2026-08-12 05:37:29,빌라투룸,49993547,월세,04,경기도 김포시 양촌읍 학운리,김포시,양촌읍,300,41,0,33.05,10.0,2,"보증금, 월세 저렴한 소형 2룸",https://www.zigbang.com/home/apt/items/49993547
2026-08-12 05:37:30,빌라투룸,50004181,매매,04,인천시 서해구 연희동,서해구,연희동,9000,0,9000,38.85,11.75,2,"위치 좋은 특올수리 후 첫 입주 매물, 초중고교 도보 5분",https://www.zigbang.com/home/apt/items/50004181
2026-08-12 05:37:30,빌라투룸,50005907,매매,05,인천시 서해구 연희동,서해구,연희동,11800,0,11800,52.16,15.78,2,"위치좋은 특올수리 후 첫입주 빌라,생활편의시설 모두 도보권",https://www.zigbang.com/home/apt/items/50005907
2026-08-12 05:37:30,빌라투룸,50007713,매매,05,인천시 서해구 연희동,서해구,연희동,12500,0,12500,59.64,18.04,1,역도보이용.초중고앞.넓은방3화2.2층높이.상태깨끗.주차편리,https://www.zigbang.com/home/apt/items/50007713
2026-08-12 05:37:30,빌라투룸,50008091,매매,05,인천시 서해구 검암동,서해구,검암동,16900,0,16900,45.74,13.84,4,엘베있고 올수리 되어 있어요,https://www.zigbang.com/home/apt/items/50008091
2026-08-12 05:37:30,빌라투룸,50008148,매매,05,인천시 서해구 검암동,서해구,검암동,14500,0,14500,37.09,11.22,3,직접방문 했을때 깔끔하다.라는 인상을 주는 집입니다,https://www.zigbang.com/home/apt/items/50008148
2026-08-12 05:37:30,빌라투룸,50008176,매매,04,인천시 서해구 연희동,서해구,연희동,9200,0,9200,38.85,11.75,2,깔끔한 1억원 이하 투룸,https://www.zigbang.com/home/apt/items/50008176
2026-08-12 05:37:30,빌라투룸,50012478,매매,05,인천시 서해구 검암동,서해구,검암동,14500,0,14500,51.7,15.64,2,검바위역 도보 올수리 신축급 감성 알찬 구조 로열 2층,https://www.zigbang.com/home/apt/items/50012478
2026-08-12 05:37:30,빌라투룸,50015011,매매,05,인천시 서해구 연희동,서해구,연희동,13000,0,13000,59.92,18.13,1,"특올수리 후 첫 입주인 귀한 1층 매물, 방3 화1 베1",https://www.zigbang.com/home/apt/items/50015011
2026-08-12 05:37:30,빌라투룸,50021437,매매,04,인천시 서해구 검암동,서해구,검암동,9900,0,9900,38.19,11.55,3,검암동 검바위역인근 2룸 매매 거실 깔끔 공실 즉시,https://www.zigbang.com/home/apt/items/50021437
2026-08-12 05:37:30,빌라투룸,50027346,매매,05,인천시 서해구 검암동,서해구,검암동,15900,0,15900,39.78,12.03,2,라인조명 실링팬 하이엔드 올수리 2층 검암동 가성비 매물,https://www.zigbang.com/home/apt/items/50027346
2026-08-12 05:37:30,빌라투룸,50027417,매매,05,인천시 서해구 검암동,서해구,검암동,15900,0,15900,78.4,23.72,2,실평 넓은 방3 화2 따뜻한 남서향 깔끔한 인테리어 2층,https://www.zigbang.com/home/apt/items/50027417
2026-08-12 05:37:31,빌라투룸,50026021,월세,04,서울시 구로구 고척동,구로구,고척동,2000,85,0,38,11.49,3,새건물 옵션있는 큰방2  거실  엘베있음,https://www.zigbang.com/home/apt/items/50026021
2026-08-12 05:37:31,빌라투룸,50026402,월세,04,서울시 구로구 고척동,구로구,고척동,2000,85,0,39.67,12.0,2,신축 투룸. 대로변. 교통편리.보증금조절가능,https://www.zigbang.com/home/apt/items/50026402
2026-08-12 05:37:31,빌라투룸,50026883,월세,04,서울시 양천구 신정동,양천구,신정동,5000,100,0,27.21,8.23,2,"신정역역세권 l 애완,전입ok l 투룸월세",https://www.zigbang.com/home/apt/items/50026883
2026-08-12 05:37:31,빌라투룸,50027718,매매,05,서울시 구로구 궁동,구로구,궁동,23000,0,23000,42.98,13.0,2,"준신축,엘레베이터유,빠른입주 좋아요",https://www.zigbang.com/home/apt/items/50027718
2026-08-12 05:37:32,빌라투룸,49740896,매매,05,경기도 김포시 고촌읍 신곡리,김포시,고촌읍,32000,0,32000,49.26,14.9,5,고촌역 도보5분 역세권 복층 급매물,https://www.zigbang.com/home/apt/items/49740896
2026-08-12 05:37:32,빌라투룸,49915849,매매,05,경기도 김포시 고촌읍 신곡리,김포시,고촌읍,33900,0,33900,38.39,11.61,5,부족한 실입주금 상담 환영합니다ㅣ3룸 2화장실ㅣ무료상담,https://www.zigbang.com/home/apt/items/49915849
2026-08-12 05:37:32,빌라투룸,49982785,매매,04,경기도 김포시 고촌읍 신곡리,김포시,고촌읍,17500,0,17500,48.87,14.78,1,l대출잘나오는l실매물l 자금부족 고민끝 진짜빌라 확인,https://www.zigbang.com/home/apt/items/49982785
2026-08-12 05:37:32,빌라투룸,49904501,매매,06,서울시 강서구 방화동,강서구,방화동,59800,0,59800,84.15,25.46,6,방화역5호선 도보 5분 5룸 자주식주차,https://www.zigbang.com/home/apt/items/49904501
2026-08-12 05:37:32,빌라투룸,50014909,매매,05,경기도 고양시 덕양구 행주내동,고양시 덕양구,행주내동,31000,0,31000,74.99,22.68,2,행주내동 최고 컨디션ㅣ3룸 2화장실ㅣ무료상담,https://www.zigbang.com/home/apt/items/50014909
2026-08-12 05:37:32,빌라투룸,50020266,월세,04,서울시 마포구 합정동,마포구,합정동,1500,100,0,33.05,10.0,1,보증금조정O 1.5층O 베란다O 도배예정O 투룸입니다,https://www.zigbang.com/home/apt/items/50020266
2026-08-12 05:37:32,빌라투룸,50021770,월세,04,서울시 마포구 합정동,마포구,합정동,1000,100,0,30,9.07,2,"보증금조정가,위치굿 채광굿 방2 귀한월세,인프라 좋은 동네",https://www.zigbang.com/home/apt/items/50021770
2026-08-12 05:37:32,빌라투룸,50021806,월세,05,서울시 마포구 합정동,마포구,합정동,5000,170,0,63.3,19.15,1,"1.5층, 완전깔끔, 올수리, 방3 넓은거실, 금방 나가요",https://www.zigbang.com/home/apt/items/50021806
2026-08-12 05:37:32,빌라투룸,50022281,전세,04,서울시 마포구 성산동,마포구,성산동,26000,0,0,22.48,6.8,2,"채광좋은 남향 신축 투룸, HUG버팀목,보증보험",https://www.zigbang.com/home/apt/items/50022281
2026-08-12 05:37:32,빌라투룸,50022542,월세,04,서울시 마포구 성산동,마포구,성산동,8000,70,0,40,12.1,3,다가구 융자무 2룸 거실 욕1 다용도실유 대출0,https://www.zigbang.com/home/apt/items/50022542
2026-08-12 05:37:32,빌라투룸,50026347,전세,04,서울시 영등포구 양평동4가,영등포구,양평동4가,29000,0,0,25.5,7.71,3,투룸.깔끔.화이트톤.위치굿.추천매물,https://www.zigbang.com/home/apt/items/50026347
2026-08-12 05:37:33,빌라투룸,49874602,전세,05,경기도 수원시 권선구 호매실동,수원시 권선구,호매실동,18000,0,0,70,21.17,3,칠보산이 바로 보이는 뷰가 좋은 주택으로 남향입니다,https://www.zigbang.com/home/apt/items/49874602
2026-08-12 05:37:33,빌라투룸,49942533,매매,04,경기도 수원시 권선구 당수동,수원시 권선구,당수동,16000,0,16000,42.21,12.77,5,"월세안고 매매, 26년 8월 만기,탁트인조망,넓은 발코니,",https://www.zigbang.com/home/apt/items/49942533
2026-08-12 05:37:33,빌라투룸,49953468,매매,05,경기도 수원시 권선구 당수동,수원시 권선구,당수동,19500,0,19500,49.37,14.93,2,부족한 실입주금 환영합니다ㅣ3룸 2화장실ㅣ무료상담 환영,https://www.zigbang.com/home/apt/items/49953468
2026-08-12 05:37:33,빌라투룸,50028438,매매,05,경기도 수원시 권선구 호매실동,수원시 권선구,호매실동,9000,0,9000,43.5,13.16,4,"샷시포함,풀올수리, 옵션있음,월세안고 매,채광좋은남향",https://www.zigbang.com/home/apt/items/50028438
2026-08-12 05:37:33,빌라투룸,50028705,매매,05,경기도 수원시 권선구 금곡동,수원시 권선구,금곡동,190000,0,190000,175.6,53.12,1,"최상의 단독주택,편백인테리어,최상의 인테리어,채광좋은집",https://www.zigbang.com/home/apt/items/50028705
2026-08-12 05:37:33,빌라투룸,49771919,월세,05,경기도 의왕시 고천동,의왕시,고천동,5000,140,0,64.12,19.4,3,"시스템에어컨4, 실링펜, 신축 첫입주, 주차완벽",https://www.zigbang.com/home/apt/items/49771919
2026-08-12 05:37:33,빌라투룸,49891156,월세,04,경기도 수원시 장안구 파장동,수원시 장안구,파장동,1000,60,0,38,11.49,2,1번국도인근 대형마트 교통편함 내부깨끗 애견불가,https://www.zigbang.com/home/apt/items/49891156
2026-08-12 05:37:33,빌라투룸,49947768,월세,04,경기도 수원시 장안구 파장동,수원시 장안구,파장동,1000,60,0,45,13.61,2,파장 행정복지센터 인근 투룸 월세,https://www.zigbang.com/home/apt/items/49947768
2026-08-12 05:37:33,빌라투룸,50010762,월세,05,경기도 의왕시 고천동,의왕시,고천동,5700,92,0,84.83,25.66,10,GH 특화형 매입임대주택,https://www.zigbang.com/home/apt/items/50010762
2026-08-12 05:37:33,빌라투룸,50023278,전세,05,경기도 수원시 권선구 구운동,수원시 권선구,구운동,11700,0,0,59.88,18.11,4,"V탑스피드사무소V  대출없는 빌라, 일반 전세만 가능 3룸",https://www.zigbang.com/home/apt/items/50023278
2026-08-12 05:37:33,빌라투룸,50023350,월세,04,경기도 수원시 권선구 구운동,수원시 권선구,구운동,1000,60,0,49.59,15.0,2,"남향집,방2,내부깨끗,9월말입주가능",https://www.zigbang.com/home/apt/items/50023350
2026-08-12 05:37:33,빌라투룸,50023369,매매,05,경기도 수원시 권선구 구운동,수원시 권선구,구운동,18500,0,18500,76.89,23.26,2,"방3.화2,거실,통베란다,2층,로얄층,공실,1주차가능",https://www.zigbang.com/home/apt/items/50023369
2026-08-12 05:37:33,빌라투룸,50024979,전세,05,경기도 수원시 권선구 구운동,수원시 권선구,구운동,11700,0,0,59.88,18.11,4,"9월중순이후,융자없음,전세대출가능,방3화2",https://www.zigbang.com/home/apt/items/50024979
2026-08-12 05:37:33,빌라투룸,50026635,월세,05,경기도 수원시 권선구 탑동,수원시 권선구,탑동,3000,90,0,79.16,23.95,3,탑동빌라 넓은  쓰리룸 월세,https://www.zigbang.com/home/apt/items/50026635
2026-08-12 05:37:33,빌라투룸,50028482,월세,04,경기도 수원시 권선구 금곡동,수원시 권선구,금곡동,3000,80,0,56.2,17.0,2,"남향,준신축,구조좋은 2룸, 9월말입주",https://www.zigbang.com/home/apt/items/50028482
2026-08-12 05:37:33,빌라투룸,50029497,전세,05,경기도 수원시 권선구 탑동,수원시 권선구,탑동,13000,0,0,72.12,21.82,5,"월세15만원별도,LH및GH가능, 11월말입주협의",https://www.zigbang.com/home/apt/items/50029497
2026-08-12 05:37:34,빌라투룸,49955846,전세,04,경기도 용인시 수지구 신봉동,용인시 수지구,신봉동,14000,0,0,40,12.1,3,융무 깨끗한 투룸 애완X,https://www.zigbang.com/home/apt/items/49955846
2026-08-12 05:37:34,빌라투룸,49586042,전세,05,경기도 의왕시 청계동,의왕시,청계동,25000,0,0,67,20.27,2,"방3,화1  반전세도 됨. 즉시입주가능",https://www.zigbang.com/home/apt/items/49586042
2026-08-12 05:37:34,빌라투룸,49787278,전세,04,경기도 안양시 동안구 호계동,안양시 동안구,호계동,16000,0,0,47,14.22,2,"평촌학원가 2룸,  8월말 입주",https://www.zigbang.com/home/apt/items/49787278
2026-08-12 05:37:34,빌라투룸,49830455,매매,05,경기도 의왕시 포일동,의왕시,포일동,27000,0,27000,46.64,14.11,3,급급매 추천 채광 좋은 내부깔끔한 3층 빌라매매,https://www.zigbang.com/home/apt/items/49830455
2026-08-12 05:37:34,빌라투룸,49844461,월세,05,경기도 의왕시 청계동,의왕시,청계동,15000,50,0,60,18.15,2,"거실,안방이넓은 쓰리룸 즉시입주",https://www.zigbang.com/home/apt/items/49844461
2026-08-12 05:37:34,빌라투룸,49855853,전세,04,경기도 의왕시 청계동,의왕시,청계동,25000,0,0,84,25.41,4,넓은 거실 I 투룸 I 화장실2 I 융자무 I 전세ok,https://www.zigbang.com/home/apt/items/49855853
2026-08-12 05:37:34,빌라투룸,49867520,월세,04,경기도 안양시 동안구 평촌동,안양시 동안구,평촌동,5000,55,0,40,12.1,2,학원가 투룸 월세,https://www.zigbang.com/home/apt/items/49867520
2026-08-12 05:37:34,빌라투룸,49920286,전세,05,경기도 의왕시 청계동,의왕시,청계동,25000,0,0,66.12,20.0,2,귀한 쓰리룸 전세 I 반전세가능 I 집상태굿,https://www.zigbang.com/home/apt/items/49920286
2026-08-12 05:37:34,빌라투룸,49998751,전세,04,경기도 의왕시 청계동,의왕시,청계동,25000,0,0,84,25.41,4,넓은 거실 I 넓은베란다 I 방2 화2 I 즉시입주,https://www.zigbang.com/home/apt/items/49998751
2026-08-12 05:37:34,빌라투룸,50004277,전세,04,경기도 의왕시 포일동,의왕시,포일동,22000,0,0,52,15.73,2,"V. 빠른 입주 가능, 채광 우수한  밝은 투룸",https://www.zigbang.com/home/apt/items/50004277
2026-08-12 05:37:34,빌라투룸,50004299,월세,04,경기도 의왕시 포일동,의왕시,포일동,10000,75,0,56.2,17.0,2,"생활하기 참 좋은 숲속마을 투룸, 월세",https://www.zigbang.com/home/apt/items/50004299
2026-08-12 05:37:34,빌라투룸,50010232,전세,05,경기도 의왕시 청계동,의왕시,청계동,27300,0,0,61.3,18.54,3,보증보험가능 덕장중 뒤 3룸 빌라 전세,https://www.zigbang.com/home/apt/items/50010232
2026-08-12 05:37:34,빌라투룸,50017980,매매,05,경기도 의왕시 포일동,의왕시,포일동,36500,0,36500,47.34,14.32,3,대출잘나오는l실매물l 여기저기 찔러보다 지친 분 클릭,https://www.zigbang.com/home/apt/items/50017980
2026-08-12 05:37:34,빌라투룸,50029594,월세,04,경기도 수원시 팔달구 인계동,수원시 팔달구,인계동,1000,80,0,45,13.61,6,ㅣ수원Room 다나와ㅣ풀옵션2룸ㅣ채광GOODㅣ반려동물OK,https://www.zigbang.com/home/apt/items/50029594
2026-08-12 05:37:35,빌라투룸,49821122,매매,05,경기도 의왕시 학의동,의왕시,학의동,28000,0,28000,52.33,15.83,3,학의동 20년식 3룸 준신축 막힘없는 뻥뷰 급매물,https://www.zigbang.com/home/apt/items/49821122
2026-08-12 05:37:35,빌라투룸,49847251,매매,04,경기도 의왕시 학의동,의왕시,학의동,23600,0,23600,43.15,13.05,2,준신축급매물 넓은 투룸 저금리 기금대출가능 막힘없는 집,https://www.zigbang.com/home/apt/items/49847251
2026-08-12 05:37:35,빌라투룸,49902352,전세,06,경기도 의왕시 학의동,의왕시,학의동,50000,0,0,69.85,21.13,4,"보증보험가,주인세대복층,넓은테라스,시스템에어컨풀,방4,화3",https://www.zigbang.com/home/apt/items/49902352
2026-08-12 05:37:35,빌라투룸,49902410,월세,06,경기도 의왕시 학의동,의왕시,학의동,20000,200,0,140.39,42.47,4,"주인세대,복층구조,넓은테라스 중정있는이쁜구조,에어컨풀,방4",https://www.zigbang.com/home/apt/items/49902410
2026-08-12 05:37:35,빌라투룸,49902423,전세,05,경기도 의왕시 학의동,의왕시,학의동,40000,0,0,75.65,22.88,3,"보증보험가능,롯데몰옆주택단지,넓은거실과큰방3개,큰드레스룸,",https://www.zigbang.com/home/apt/items/49902423
2026-08-12 05:37:35,빌라투룸,49902433,전세,05,경기도 의왕시 학의동,의왕시,학의동,30000,0,0,60.79,18.39,2,"융무,대출보증보험가,,커뮤니티시설및초중교인접,시스템에어컨풀",https://www.zigbang.com/home/apt/items/49902433
2026-08-12 05:37:35,빌라투룸,49902447,전세,04,경기도 의왕시 학의동,의왕시,학의동,28000,0,0,75.38,22.8,2,"커뮤니티시설및초중교인접,조용한주택단지,큰방2,넓은거실",https://www.zigbang.com/home/apt/items/49902447
2026-08-12 05:37:35,빌라투룸,49902459,전세,04,경기도 의왕시 학의동,의왕시,학의동,30000,0,0,59.82,18.1,2,"융무,대출,보증보험가,안방드레스룸,한쪽트인뷰,시스템에어컨",https://www.zigbang.com/home/apt/items/49902459
2026-08-12 05:37:35,빌라투룸,49902491,월세,06,경기도 의왕시 학의동,의왕시,학의동,20000,140,0,69.85,21.13,4,"복층주인세대,테라스,실사용면적은훨씬넓음,방4,화3,풀에어컨",https://www.zigbang.com/home/apt/items/49902491
2026-08-12 05:37:35,빌라투룸,49902528,전세,05,경기도 의왕시 학의동,의왕시,학의동,30000,0,0,60.79,18.39,3,"융무,보증보험가,커뮤니티인접,주택단지,에어컨풀,방3,화2",https://www.zigbang.com/home/apt/items/49902528
2026-08-12 05:37:35,빌라투룸,49907224,매매,05,경기도 의왕시 학의동,의왕시,학의동,30500,0,30500,49.54,14.99,4,l대출잘나오는l실매물l 대출 걱정 끝 허위 없는 진짜 매매,https://www.zigbang.com/home/apt/items/49907224
2026-08-12 05:37:35,빌라투룸,49980987,전세,05,경기도 의왕시 학의동,의왕시,학의동,32000,0,0,73.12,22.12,2,"융무,보증보험가,위치좋고넓고이쁜집,넓은팬트리,천장에어컨2대",https://www.zigbang.com/home/apt/items/49980987
2026-08-12 05:37:35,빌라투룸,50026338,전세,04,경기도 의왕시 학의동,의왕시,학의동,23500,0,0,42.38,12.82,2,신축 I 판교방향 주택가 I 방2화1 엘베 I 귀한전세,https://www.zigbang.com/home/apt/items/50026338
2026-08-12 05:37:35,빌라투룸,49894107,매매,05,경기도 의왕시 청계동,의왕시,청계동,35000,0,35000,72.32,21.88,2,I 급매 I 거실 뻥뷰 I 인테리어굿 I 구조굿 I 강추,https://www.zigbang.com/home/apt/items/49894107
2026-08-12 05:37:35,빌라투룸,50017989,매매,05,경기도 의왕시 청계동,의왕시,청계동,33900,0,33900,49.18,14.88,2,l대출잘나오는l실매물l 매달 버리는 월세 이제 탈출하세요,https://www.zigbang.com/home/apt/items/50017989
2026-08-12 05:37:35,빌라투룸,49812832,월세,04,경기도 성남시 수정구 금토동,성남시 수정구,금토동,2000,120,0,59,17.85,2,조용한주택 가투룸,https://www.zigbang.com/home/apt/items/49812832
2026-08-12 05:37:36,빌라투룸,49729787,매매,05,경기도 용인시 처인구 포곡읍 전대리,용인시 처인구,포곡읍,15000,0,15000,59.96,18.14,5,실매물ㅇ집주인인증ㅇ방문예약가능,https://www.zigbang.com/home/apt/items/49729787
2026-08-12 05:37:36,빌라투룸,49775957,전세,05,경기도 용인시 처인구 포곡읍 전대리,용인시 처인구,포곡읍,6000,0,0,56.2,17.0,4,포곡초후문집 크고 방3화1 남향해잘들고 학군교통편의경전철,https://www.zigbang.com/home/apt/items/49775957
2026-08-12 05:37:36,빌라투룸,49775958,매매,05,경기도 용인시 처인구 포곡읍 전대리,용인시 처인구,포곡읍,7500,0,7500,58,17.54,4,깨끗 남향 포곡초후문인근 올수리된 학군교통 편의시설굿,https://www.zigbang.com/home/apt/items/49775958
2026-08-12 05:37:36,빌라투룸,49825992,매매,05,경기도 용인시 처인구 포곡읍 둔전리,용인시 처인구,포곡읍,11500,0,11500,64.08,19.38,4,o올수리o 저렴하게 매매할수있는 3룸 대출상담환영,https://www.zigbang.com/home/apt/items/49825992
2026-08-12 05:37:36,빌라투룸,49829903,매매,05,경기도 용인시 처인구 포곡읍 둔전리,용인시 처인구,포곡읍,19000,0,19000,64.47,19.5,3,실매물ㅇ집주인인증ㅇ방문예약가능,https://www.zigbang.com/home/apt/items/49829903
2026-08-12 05:37:36,빌라투룸,49883303,매매,05,경기도 용인시 처인구 포곡읍 둔전리,용인시 처인구,포곡읍,15000,0,15000,48.75,14.75,4,둔전리 방3 화2 구조 좋은 넓은 평수 쓰리룸 빌라,https://www.zigbang.com/home/apt/items/49883303
2026-08-12 05:37:36,빌라투룸,49907581,매매,05,경기도 용인시 처인구 포곡읍 전대리,용인시 처인구,포곡읍,17500,0,17500,71.55,21.64,3,l대출잘나오는l실매물l 헛걸음이제그만 한도맞춤형 빌라,https://www.zigbang.com/home/apt/items/49907581
2026-08-12 05:37:36,빌라투룸,49908823,매매,05,경기도 용인시 처인구 포곡읍 둔전리,용인시 처인구,포곡읍,23000,0,23000,69.18,20.93,5,엘o 방3 주택 21년식 에버라인 역세권 최저실입 가능,https://www.zigbang.com/home/apt/items/49908823
2026-08-12 05:37:36,빌라투룸,49932218,매매,05,경기도 용인시 처인구 포곡읍 전대리,용인시 처인구,포곡읍,15500,0,15500,73.99,22.38,4,실매물ㅇ집주인인증ㅇ방문예약가능,https://www.zigbang.com/home/apt/items/49932218
2026-08-12 05:37:36,빌라투룸,49971126,매매,05,경기도 용인시 처인구 포곡읍 전대리,용인시 처인구,포곡읍,17500,0,17500,55.62,16.82,2,잘빠진 쓰리룸 엘베OK 초 급매물로 가격좋음,https://www.zigbang.com/home/apt/items/49971126
2026-08-12 05:37:36,빌라투룸,50002242,매매,05,경기도 용인시 처인구 포곡읍 전대리,용인시 처인구,포곡읍,30000,0,30000,68.66,20.77,2,전대리역 도보5분 넓은 3룸 신축분양 적은 실입주금,https://www.zigbang.com/home/apt/items/50002242
2026-08-12 05:37:36,빌라투룸,49853540,매매,05,경기도 광주시 신현동,광주시,신현동,26800,0,26800,61.6,18.63,2,"마지막 한세대 해약 원가 뻥 뚫린 산뷰, 공기좋고 실27평",https://www.zigbang.com/home/apt/items/49853540
2026-08-12 05:37:36,빌라투룸,49901323,월세,05,경기도 용인시 처인구 모현읍 능원리,용인시 처인구,모현읍,300,125,0,63.98,19.35,1,ㅡㅡ복층ㅣ단기가능ㅣ보증금조절Xㅣ,https://www.zigbang.com/home/apt/items/49901323
2026-08-12 05:37:36,빌라투룸,49907489,매매,05,경기도 광주시 신현동,광주시,신현동,18000,0,18000,55,16.64,3,신현동 3룸 구조좋은 올수리 급매물,https://www.zigbang.com/home/apt/items/49907489
2026-08-12 05:37:36,빌라투룸,49907547,매매,06,경기도 광주시 신현동,광주시,신현동,32000,0,32000,68.81,20.81,1,신현동 4룸 준신축 테라스 마당 엄청 넓은 집,https://www.zigbang.com/home/apt/items/49907547
2026-08-12 05:37:36,빌라투룸,49954701,매매,05,경기도 광주시 능평동,광주시,능평동,19300,0,19300,58.2,17.61,4,복층특가 신축급컨디션 채광굿 막힘없는뷰,https://www.zigbang.com/home/apt/items/49954701
2026-08-12 05:37:36,빌라투룸,49972220,매매,05,경기도 용인시 처인구 모현읍 능원리,용인시 처인구,모현읍,19800,0,19800,72.96,22.07,2,o대형평수급매물o 방3화2 밝은채광 소액으로대출가능한집,https://www.zigbang.com/home/apt/items/49972220
2026-08-12 05:37:36,빌라투룸,49996984,월세,05,경기도 광주시 능평동,광주시,능평동,200,80,0,52.83,15.98,2,공실공실 단기단기 월세월세,https://www.zigbang.com/home/apt/items/49996984
2026-08-12 05:37:36,빌라투룸,50009936,월세,05,경기도 광주시 능평동,광주시,능평동,200,70,0,33.39,10.1,3,공실공실 단기단기 월세월세,https://www.zigbang.com/home/apt/items/50009936
2026-08-12 05:37:36,빌라투룸,50010449,매매,05,경기도 광주시 능평동,광주시,능평동,19500,0,19500,58.63,17.74,2,l대출잘나오는l실매물l 일단 보고 결정하는 진짜 알짜배기,https://www.zigbang.com/home/apt/items/50010449
2026-08-12 05:37:36,빌라투룸,49656552,매매,05,경기도 광주시 능평동,광주시,능평동,20800,0,20800,54.51,16.49,1,준신축급 개별창고 테라스 저금리 기금대출가능,https://www.zigbang.com/home/apt/items/49656552
2026-08-12 05:37:36,빌라투룸,49731704,전세,05,경기도 용인시 처인구 모현읍 동림리,용인시 처인구,모현읍,38000,0,0,111.96,33.87,3,"HUG보증보험가능,신축 복층타운하우스,재택근무,전원풍,힐링",https://www.zigbang.com/home/apt/items/49731704
2026-08-12 05:37:36,빌라투룸,49759735,매매,05,경기도 광주시 문형동,광주시,문형동,13500,0,13500,74.1,22.42,1,실매물ㅇ 집주인인증ㅇ방문예약가능,https://www.zigbang.com/home/apt/items/49759735
2026-08-12 05:37:36,빌라투룸,49800341,매매,05,경기도 광주시 문형동,광주시,문형동,26500,0,26500,60.14,18.19,2,크리스마스 선물집 너무 이쁜 준신축 넓은평수 실매물실사진,https://www.zigbang.com/home/apt/items/49800341
2026-08-12 05:37:36,빌라투룸,49883126,매매,05,경기도 광주시 능평동,광주시,능평동,15000,0,15000,53.04,16.04,3,추천 l 가성비 갑 l 위치굿 l 컨디션굿 l 채광굿,https://www.zigbang.com/home/apt/items/49883126
2026-08-12 05:37:36,빌라투룸,49894138,매매,05,경기도 용인시 처인구 모현읍 동림리,용인시 처인구,모현읍,22500,0,22500,47.81,14.46,2,넓은 쓰리룸 적은실입주금 고민하지말고 문의주세요,https://www.zigbang.com/home/apt/items/49894138
2026-08-12 05:37:36,빌라투룸,49909631,매매,06,경기도 광주시 문형동,광주시,문형동,16000,0,16000,128.69,38.93,1,실매물실사진 숲속개울가 정원 텃밭 산책로 힐링하는 귀한매물,https://www.zigbang.com/home/apt/items/49909631
2026-08-12 05:37:36,빌라투룸,49912819,매매,05,경기도 광주시 문형동,광주시,문형동,10900,0,10900,78.66,23.79,1,실매물실사진 도로변 성남권분당권 조용하고 상태좋음 넓은평수,https://www.zigbang.com/home/apt/items/49912819
2026-08-12 05:37:36,빌라투룸,49941267,매매,05,경기도 광주시 능평동,광주시,능평동,18900,0,18900,66.46,20.1,1,엘o 방3 뻥뷰 17년식 1억대 급매 준신축 최저실입가능,https://www.zigbang.com/home/apt/items/49941267
2026-08-12 05:37:36,빌라투룸,49997504,매매,05,경기도 광주시 문형동,광주시,문형동,15500,0,15500,52.54,15.89,3,실매물실사진 층별단독세대 급매물빌라 개별창고있음 도로변근처,https://www.zigbang.com/home/apt/items/49997504
2026-08-12 05:37:36,빌라투룸,49998346,월세,05,경기도 광주시 문형동,광주시,문형동,200,75,0,56.38,17.05,2,공실공실 단기단기 월세월세,https://www.zigbang.com/home/apt/items/49998346
2026-08-12 05:37:37,빌라투룸,49847387,매매,05,경기도 광주시 태전동,광주시,태전동,25800,0,25800,59.89,18.12,2,마지막찬스 신축급컨디션 넓은3룸 광역버스 5분거리,https://www.zigbang.com/home/apt/items/49847387
2026-08-12 05:37:37,빌라투룸,50002171,매매,05,경기도 광주시 태전동,광주시,태전동,27000,0,27000,59.89,18.12,2,태전동 방3 화2 인기 최고 매물 깔끔한 컨디션 준신축,https://www.zigbang.com/home/apt/items/50002171
2026-08-12 05:37:37,빌라투룸,49710218,매매,05,경기도 광주시 목현동,광주시,목현동,19000,0,19000,62.78,18.99,1,4년전 올수리된 깨끗한집,https://www.zigbang.com/home/apt/items/49710218
2026-08-12 05:37:37,빌라투룸,49793790,매매,05,경기도 광주시 목현동,광주시,목현동,17500,0,17500,45.29,13.7,2,ㅇ귀한2층ㅇ채광굿ㅇ내부컨디션 굿ㅇ공실ㅇ항시방문,https://www.zigbang.com/home/apt/items/49793790
2026-08-12 05:37:37,빌라투룸,49796888,매매,05,경기도 광주시 태전동,광주시,태전동,18500,0,18500,59.94,18.13,2,위치좋은 주택가 깔끔하고밝은집 신축급매물 인근시세대비 저렴,https://www.zigbang.com/home/apt/items/49796888
2026-08-12 05:37:37,빌라투룸,49844024,매매,05,경기도 광주시 목현동,광주시,목현동,17500,0,17500,56.86,17.2,3,"엘베있는 로얄3층, 깨끗하게 관리된 실사진 실매물",https://www.zigbang.com/home/apt/items/49844024
2026-08-12 05:37:37,빌라투룸,49844807,매매,05,경기도 광주시 목현동,광주시,목현동,21000,0,21000,59.7,18.06,1,"테라스가 있는 넓은 3룸, 성남 출퇴근 편리한 목현동 초입",https://www.zigbang.com/home/apt/items/49844807
2026-08-12 05:37:37,빌라투룸,49867378,매매,05,경기도 광주시 목현동,광주시,목현동,16500,0,16500,49.72,15.04,3,성남 진입 편하고 위치좋은 준신축 급매물 인근시세대비 저렴,https://www.zigbang.com/home/apt/items/49867378
2026-08-12 05:37:37,빌라투룸,49910042,매매,05,경기도 광주시 삼동,광주시,삼동,36500,0,36500,78.06,23.61,3,실매물실사진 넓은평수 성남권 신축현장 바로입주 가능,https://www.zigbang.com/home/apt/items/49910042
2026-08-12 05:37:37,빌라투룸,49912389,매매,05,경기도 광주시 삼동,광주시,삼동,16000,0,16000,47.5,14.37,3,삼동역세권 위치좋은 인근시세대비 저렴 구조잘나온 신축급매물,https://www.zigbang.com/home/apt/items/49912389
2026-08-12 05:37:37,빌라투룸,49914909,매매,05,경기도 광주시 중대동,광주시,중대동,17000,0,17000,72.04,21.79,4,"전용22평 넓은 구조, 가격많이 다운된 급매",https://www.zigbang.com/home/apt/items/49914909
2026-08-12 05:37:37,빌라투룸,49932286,매매,05,경기도 광주시 삼동,광주시,삼동,16000,0,16000,55.7,16.85,3,"전체 올 리모델링, 삼동역 버스환승 편리, 채광 좋은 남향",https://www.zigbang.com/home/apt/items/49932286
2026-08-12 05:37:37,빌라투룸,49961835,매매,05,경기도 광주시 목현동,광주시,목현동,15500,0,15500,45.9,13.88,2,"그림같은 숲전망, 대로변 도보 8분거리, 새집같은 컨디션",https://www.zigbang.com/home/apt/items/49961835
2026-08-12 05:37:37,빌라투룸,49987289,매매,05,경기도 광주시 삼동,광주시,삼동,15000,0,15000,54.06,16.35,1,삼동 위치좋은 주택가 지역에 시세대비 저렴한 준신축 매물,https://www.zigbang.com/home/apt/items/49987289
2026-08-12 05:37:37,빌라투룸,49992651,매매,05,경기도 광주시 중대동,광주시,중대동,17000,0,17000,59.8,18.09,1,"삼동역 1정거장 환승, 넓은 거실과주방, 대로변 도보10분",https://www.zigbang.com/home/apt/items/49992651
2026-08-12 05:37:37,빌라투룸,49997478,매매,05,경기도 광주시 삼동,광주시,삼동,15500,0,15500,44.86,13.57,3,성남권 삼동역 조용하고 상태좋은 깔끔함 바로 요기요,https://www.zigbang.com/home/apt/items/49997478
2026-08-12 05:37:37,빌라투룸,50012282,매매,05,경기도 광주시 목현동,광주시,목현동,18000,0,18000,62.78,18.99,2,"주변시세대비 급매, 넓게 잘빠진 구조",https://www.zigbang.com/home/apt/items/50012282
2026-08-12 05:37:38,빌라투룸,50017108,월세,04,서울시 관악구 봉천동,관악구,봉천동,13000,30,0,42.57,12.88,2,LH.SH 대출가능 보증보험가 채광좋은 낙성대역 빌라,https://www.zigbang.com/home/apt/items/50017108
2026-08-12 05:37:38,빌라투룸,50017599,월세,04,서울시 동작구 사당동,동작구,사당동,5000,63,0,52.42,15.86,5,"신축형 투룸 빌라, 16평",https://www.zigbang.com/home/apt/items/50017599
2026-08-12 05:37:38,빌라투룸,50019092,월세,04,서울시 관악구 봉천동,관악구,봉천동,2000,70,0,33.06,10.0,1,채광양호 평지위치 1.5층 투룸,https://www.zigbang.com/home/apt/items/50019092
2026-08-12 05:37:38,빌라투룸,50019394,월세,04,서울시 관악구 봉천동,관악구,봉천동,2000,70,0,40,12.1,1,초가성비 투룸. 계약되기전에 얼른 연락주세요.,https://www.zigbang.com/home/apt/items/50019394
2026-08-12 05:37:38,빌라투룸,50020347,월세,04,서울시 관악구 봉천동,관악구,봉천동,2000,70,0,39.67,12.0,1,실물 2층 낙성대 채광 좋은 깨끗한 투룸ㅣ애완x,https://www.zigbang.com/home/apt/items/50020347
2026-08-12 05:37:38,빌라투룸,50027368,월세,04,서울시 관악구 봉천동,관악구,봉천동,3000,85,0,40,12.1,1,낙성대역 도보2분 크기 넉넉하고 채광좋은 2룸,https://www.zigbang.com/home/apt/items/50027368
2026-08-12 05:37:38,빌라투룸,50028648,월세,04,서울시 동작구 사당동,동작구,사당동,17000,75,0,28.66,8.67,2,"보증보험0 전세대출0 주차가능, 방2개, 엘베0",https://www.zigbang.com/home/apt/items/50028648
2026-08-12 05:37:38,빌라투룸,50029321,월세,04,서울시 동작구 사당동,동작구,사당동,3000,140,0,29.9,9.04,4,"사당역 역세권, 주차 가능, 빠른 입주 가능한 투룸 매물",https://www.zigbang.com/home/apt/items/50029321
2026-08-12 05:37:38,빌라투룸,50029504,전세,04,서울시 동작구 사당동,동작구,사당동,31500,0,0,35.18,10.64,4,"신축급 럭셔리 투룸, 보증보험",https://www.zigbang.com/home/apt/items/50029504
2026-08-12 05:37:38,빌라투룸,50029548,전세,04,서울시 동작구 사당동,동작구,사당동,32000,0,0,45.23,13.68,3,"HUG보증보험, 전세대출, 엘베, 주차가능, 2,4,7호선",https://www.zigbang.com/home/apt/items/50029548
2026-08-12 05:37:40,빌라투룸,50022878,전세,04,서울시 성동구 하왕십리동,성동구,하왕십리동,28000,0,0,20.67,6.25,4,"hug가능,전호실 보,보증보험,풀옵션,버팀목,초역세권",https://www.zigbang.com/home/apt/items/50022878
2026-08-12 05:37:40,빌라투룸,50022903,전세,04,서울시 중구 신당동,중구,신당동,35000,0,0,26.79,8.1,4,"신혼버팀목,신혼부부환영,초역세권,풀옵션,뻥트인뷰",https://www.zigbang.com/home/apt/items/50022903
2026-08-12 05:37:40,빌라투룸,50023060,월세,04,서울시 중구 황학동,중구,황학동,10000,50,0,40,12.1,2,올수리.넓은투룸.즉시입주,https://www.zigbang.com/home/apt/items/50023060
2026-08-12 05:37:40,빌라투룸,50024578,전세,04,서울시 중구 신당동,중구,신당동,33500,0,0,24.6,7.44,4,"뻥트인뷰,신혼부부환영,초역세권,풀옵션,안심전세",https://www.zigbang.com/home/apt/items/50024578
2026-08-12 05:37:40,빌라투룸,50025143,전세,04,서울시 동대문구 용두동,동대문구,용두동,24000,0,0,26.27,7.95,4,용두역역세권 빌라 투룸 전세 주차가능,https://www.zigbang.com/home/apt/items/50025143
2026-08-12 05:37:40,빌라투룸,50025839,전세,04,서울시 중구 황학동,중구,황학동,39000,0,0,39.02,11.8,7,보증보험Oㅣ모든대출Oㅣ즉시입주ㅣ풀옵션,https://www.zigbang.com/home/apt/items/50025839
2026-08-12 05:37:40,빌라투룸,50029505,전세,05,서울시 성동구 도선동,성동구,도선동,37000,0,0,61.74,18.68,2,"상왕십리역 도보3분 주택가 방3, 거실, 화1 앞뒤 베란다",https://www.zigbang.com/home/apt/items/50029505
2026-08-12 05:37:43,빌라투룸,49819468,월세,05,경기도 하남시 망월동,하남시,망월동,30000,120,0,59.57,18.02,4,주차 편리하고 실속있는 주인세대,https://www.zigbang.com/home/apt/items/49819468
2026-08-12 05:37:43,빌라투룸,49861820,전세,04,경기도 하남시 덕풍동,하남시,덕풍동,50000,0,0,84,25.41,1,고급 전원주택,https://www.zigbang.com/home/apt/items/49861820
2026-08-12 05:37:43,빌라투룸,49876657,전세,05,경기도 하남시 덕풍동,하남시,덕풍동,60000,0,0,89.26,27.0,2,최상급 주인세대,https://www.zigbang.com/home/apt/items/49876657
2026-08-12 05:37:43,빌라투룸,49892474,월세,04,경기도 하남시 풍산동,하남시,풍산동,300,200,0,43.67,13.21,7,사이즈넓은 투룸 풀옵션 단기임대 가능,https://www.zigbang.com/home/apt/items/49892474
2026-08-12 05:37:43,빌라투룸,49902279,월세,05,경기도 하남시 신장동,하남시,신장동,10000,70,0,75,22.69,3,실평23평 3층 방 3 넓고 좋아요. 입주협의가능합니다.,https://www.zigbang.com/home/apt/items/49902279
2026-08-12 05:37:43,빌라투룸,49902371,전세,04,경기도 하남시 덕풍동,하남시,덕풍동,9000,0,0,44,13.31,2,넓은 방2 거실겸 주방 공실 좋아요.,https://www.zigbang.com/home/apt/items/49902371
2026-08-12 05:37:43,빌라투룸,49962169,전세,04,경기도 하남시 덕풍동,하남시,덕풍동,50000,0,0,84,25.41,2,고급 전원주택,https://www.zigbang.com/home/apt/items/49962169
2026-08-12 05:37:43,빌라투룸,49991173,전세,05,경기도 하남시 덕풍동,하남시,덕풍동,22000,0,0,77.08,23.32,2,넓은 쓰리룸 전세입니다.,https://www.zigbang.com/home/apt/items/49991173
2026-08-12 05:37:43,빌라투룸,49993884,월세,04,경기도 하남시 덕풍동,하남시,덕풍동,3000,80,0,46,13.91,반지하,올수리 투룸 반지층 월세입니다,https://www.zigbang.com/home/apt/items/49993884
2026-08-12 05:37:43,빌라투룸,50014178,월세,04,경기도 하남시 풍산동,하남시,풍산동,300,180,0,43.47,13.15,8,투룸 복층형 오피스텔 풀옵션,https://www.zigbang.com/home/apt/items/50014178
2026-08-12 05:37:43,빌라투룸,50024812,월세,05,경기도 하남시 신장동,하남시,신장동,3000,80,0,65.73,19.88,1,넓고 깨끗한 쓰리룸 월세 입니다.,https://www.zigbang.com/home/apt/items/50024812
2026-08-12 05:37:43,빌라투룸,50029207,월세,04,경기도 하남시 덕풍동,하남시,덕풍동,1000,40,0,30,9.07,1,올수리 방2 싱크대 설치 예정 깨끗 수리된집입니다.,https://www.zigbang.com/home/apt/items/50029207
2026-08-12 05:37:43,빌라투룸,49543424,매매,06,경기도 하남시 망월동,하남시,망월동,240000,0,240000,100,30.25,2,실입주가능 총보증금 9.9억 정남향 코너위치 엘리베이터0K,https://www.zigbang.com/home/apt/items/49543424
2026-08-12 05:37:43,빌라투룸,49543453,매매,06,경기도 하남시 망월동,하남시,망월동,260000,0,260000,273.73,82.8,1,나만의 1가구단독세대 정남향 조경 잘 조성된 독립된단독주택,https://www.zigbang.com/home/apt/items/49543453
2026-08-12 05:37:43,빌라투룸,49701456,매매,06,경기도 하남시 망월동,하남시,망월동,280000,0,280000,120,36.3,3,"인테리어굿 4가구 필로티 주차편리 총 보증금 1,780억원",https://www.zigbang.com/home/apt/items/49701456
2026-08-12 05:37:43,빌라투룸,49707091,매매,05,경기도 하남시 망월동,하남시,망월동,320000,0,320000,100,30.25,2,인테리어 퀄리티높음 실입주 총보증금15억6000 월세230,https://www.zigbang.com/home/apt/items/49707091
2026-08-12 05:37:43,빌라투룸,49932756,매매,05,경기도 하남시 망월동,하남시,망월동,260000,0,260000,99.17,30.0,2,따뜻한 정남향 4세대 복층구조 총 보증금 18억 갭투자가능,https://www.zigbang.com/home/apt/items/49932756
2026-08-12 05:37:43,빌라투룸,49932766,매매,05,경기도 하남시 망월동,하남시,망월동,320000,0,320000,99.17,30.0,3,실 입주가능 총보증금 12억7000만원 대지평수 108평,https://www.zigbang.com/home/apt/items/49932766
2026-08-12 05:37:43,빌라투룸,49932870,매매,06,경기도 하남시 망월동,하남시,망월동,280000,0,280000,99.17,30.0,3,"인테리어굿 4가구 필로티 주차편리 총 보증금 1,780억원",https://www.zigbang.com/home/apt/items/49932870
2026-08-12 05:37:43,빌라투룸,50005636,월세,04,경기도 하남시 망월동,하남시,망월동,28500,65,0,65,19.66,2,"넓은 투룸,에어컨, 붙박이장, 산책로뷰",https://www.zigbang.com/home/apt/items/50005636
2026-08-12 05:37:43,빌라투룸,50010170,월세,05,경기도 하남시 망월동,하남시,망월동,50000,30,0,82.64,25.0,1,대출O보증보험O 거실넓은 편안한구조 조용한위치 지정주차1대,https://www.zigbang.com/home/apt/items/50010170
2026-08-12 05:37:44,빌라투룸,49908755,매매,05,경기도 김포시 통진읍 서암리,김포시,통진읍,16000,0,16000,55.59,16.82,4,엘o 17년식 통진 급매 준신축 학세권 1억대 최저실입가능,https://www.zigbang.com/home/apt/items/49908755
2026-08-12 05:37:44,빌라투룸,49932098,매매,05,경기도 김포시 통진읍 서암리,김포시,통진읍,19600,0,19600,62.27,18.84,3,대단지 신축급 신축급 쓰리룸,https://www.zigbang.com/home/apt/items/49932098
2026-08-12 05:37:44,빌라투룸,49994277,매매,05,경기도 김포시 통진읍 서암리,김포시,통진읍,16500,0,16500,57.93,17.52,1,ㅇ준신축급 컨디션ㅇ폴리싱타일ㅇ채광굿ㅇ공실ㅇ항시방문ㅇ,https://www.zigbang.com/home/apt/items/49994277
2026-08-12 05:37:43,빌라투룸,49671899,매매,05,경기도 김포시 대곶면 율생리,김포시,대곶면,18300,0,18300,56.56,17.11,3,3룸 신축 컨디션 그대로 저렴한집,https://www.zigbang.com/home/apt/items/49671899
2026-08-12 05:37:43,빌라투룸,50026526,월세,04,경기도 김포시 마산동,김포시,마산동,1000,75,0,60,18.15,2,ㅡ이룸ㅡ 공원앞 확트인조망 최상급 대형사이즈 역세권 투룸,https://www.zigbang.com/home/apt/items/50026526
2026-08-12 05:37:43,빌라투룸,50026943,월세,04,경기도 김포시 마산동,김포시,마산동,3000,65,0,60,18.15,3,丷NO.1丷넓은 거실 트인 조망으로 햇빛이 최고,https://www.zigbang.com/home/apt/items/50026943
2026-08-12 05:37:43,빌라투룸,50028737,월세,04,경기도 김포시 마산동,김포시,마산동,7000,35,0,60,18.15,2,o햇살o합법건물 월부담없이 거주 넓은방 투룸,https://www.zigbang.com/home/apt/items/50028737
2026-08-12 05:37:43,빌라투룸,50029086,월세,05,경기도 김포시 마산동,김포시,마산동,3000,70,0,66.12,20.0,3,HH 마산역초역세권O 저렴한 풀옵션3룸O 예약필수,https://www.zigbang.com/home/apt/items/50029086
2026-08-12 05:37:43,빌라투룸,50029211,월세,04,경기도 김포시 마산동,김포시,마산동,1000,80,0,49.59,15.0,2,HH  마산역세권 2룸 입주협의,https://www.zigbang.com/home/apt/items/50029211
2026-08-12 05:37:44,빌라투룸,49980795,전세,04,경기도 김포시 통진읍 마송리,김포시,통진읍,7000,0,0,45,13.61,2,귀한 투룸  전세,https://www.zigbang.com/home/apt/items/49980795
2026-08-12 05:37:44,빌라투룸,49993242,매매,05,경기도 김포시 통진읍 도사리,김포시,통진읍,16700,0,16700,51.03,15.44,2,신축급 컨디션 좋은쓰리룸 최저실입주금 가능합니다,https://www.zigbang.com/home/apt/items/49993242
2026-08-12 05:37:44,빌라투룸,49294536,매매,05,경기도 김포시 북변동,김포시,북변동,18900,0,18900,51.63,15.62,3,마지막 역대급 급급매 초대형 쓰리룸,https://www.zigbang.com/home/apt/items/49294536
2026-08-12 05:37:44,빌라투룸,49552101,매매,05,경기도 김포시 사우동,김포시,사우동,18500,0,18500,45.04,13.62,5,사우동 역세권 3룸 준신축 급매물,https://www.zigbang.com/home/apt/items/49552101
2026-08-12 05:37:44,빌라투룸,49822609,매매,05,경기도 김포시 북변동,김포시,북변동,17900,0,17900,50.64,15.32,3,개방감 있는 역대급 쓰리룸 급급매,https://www.zigbang.com/home/apt/items/49822609
2026-08-12 05:37:44,빌라투룸,49825898,매매,05,경기도 김포시 사우동,김포시,사우동,18900,0,18900,53,16.03,4,o테라스급매물o 올리모델링한 신축급3룸 적은돈으로 대출가능,https://www.zigbang.com/home/apt/items/49825898
2026-08-12 05:37:44,빌라투룸,49826092,매매,05,경기도 김포시 감정동,김포시,감정동,13900,0,13900,34.9,10.56,3,"위치,학군 좋은 실매물 3룸 최저실입주금 대출가능",https://www.zigbang.com/home/apt/items/49826092
2026-08-12 05:37:44,빌라투룸,49852856,매매,05,경기도 김포시 사우동,김포시,사우동,12500,0,12500,44.75,13.54,4,사우역 도보 5분 생활 인프라 풍부한 사우동 핵심 입지,https://www.zigbang.com/home/apt/items/49852856
2026-08-12 05:37:44,빌라투룸,49907691,매매,05,경기도 김포시 사우동,김포시,사우동,31300,0,31300,53.15,16.08,1,김포골드라인 사우역 도보권 마곡 여의도 출퇴근 스트레스X,https://www.zigbang.com/home/apt/items/49907691
2026-08-12 05:37:44,빌라투룸,49914917,매매,05,경기도 김포시 북변동,김포시,북변동,18000,0,18000,44.27,13.39,2,"학세권, 역세권 최상입지 깔끔한 쓰리룸",https://www.zigbang.com/home/apt/items/49914917
2026-08-12 05:37:44,빌라투룸,49941286,매매,05,경기도 김포시 사우동,김포시,사우동,25800,0,25800,47.76,14.45,4,엘o 20년식 방3 급매물 사우역 초역세권 최저실입가능,https://www.zigbang.com/home/apt/items/49941286
2026-08-12 05:37:44,빌라투룸,49958870,매매,04,경기도 김포시 사우동,김포시,사우동,10300,0,10300,32.84,9.93,4,"바닥공사 등 내부 수리완료, 넓은 베란다,  생활가전 완비",https://www.zigbang.com/home/apt/items/49958870
2026-08-12 05:37:44,빌라투룸,50029196,매매,05,경기도 김포시 감정동,김포시,감정동,18500,0,18500,44.76,13.54,3,주변 마트 및 단지형 아파트 사이 방3화2신축급컨디션 급매,https://www.zigbang.com/home/apt/items/50029196
2026-08-12 05:37:45,빌라투룸,49671934,매매,05,경기도 고양시 일산서구 대화동,고양시 일산서구,대화동,22000,0,22000,52.47,15.87,3,초중고 도보 10분이내 방3화2 급매,https://www.zigbang.com/home/apt/items/49671934
2026-08-12 05:37:45,빌라투룸,49825852,매매,05,경기도 고양시 일산서구 대화동,고양시 일산서구,대화동,18000,0,18000,52.64,15.92,2,o급매물o 대화동 급매물 준신축3룸입니다 최저실입주금 환영,https://www.zigbang.com/home/apt/items/49825852
2026-08-12 05:37:45,빌라투룸,49982838,매매,05,경기도 고양시 일산서구 대화동,고양시 일산서구,대화동,21800,0,21800,56.66,17.14,2,준신축 방3 GTX 대화역 인접 가성비 급매물 최저실입주금,https://www.zigbang.com/home/apt/items/49982838
2026-08-12 05:37:45,빌라투룸,50014706,매매,05,경기도 고양시 일산서구 가좌동,고양시 일산서구,가좌동,32300,0,32300,64.15,19.41,2,가좌동 최고의 매물ㅣ3룸 2화장실ㅣ무료상담,https://www.zigbang.com/home/apt/items/50014706
2026-08-12 05:37:46,빌라투룸,49671907,매매,05,경기도 고양시 일산동구 풍동,고양시 일산동구,풍동,20500,0,20500,57.67,17.45,1,백마역세권 가성비 급매 방3화2 베란다에 테라스까지,https://www.zigbang.com/home/apt/items/49671907
2026-08-12 05:37:46,빌라투룸,49944108,월세,04,경기도 고양시 일산동구 백석동,고양시 일산동구,백석동,500,65,0,60,18.15,반지하,올수리구조상태완벽한투룸입니다.,https://www.zigbang.com/home/apt/items/49944108
2026-08-12 05:37:46,빌라투룸,49998436,매매,05,경기도 고양시 덕양구 토당동,고양시 덕양구,토당동,39500,0,39500,45.23,13.68,4,능곡역 도보5분컷 첫입주 방3화2 급매,https://www.zigbang.com/home/apt/items/49998436
2026-08-12 05:37:46,빌라투룸,50012378,월세,04,경기도 고양시 일산동구 백석동,고양시 일산동구,백석동,1000,55,0,70,21.17,옥탑방,풀옵션옥탑방투룸입니다.,https://www.zigbang.com/home/apt/items/50012378
2026-08-12 05:37:46,빌라투룸,49671977,매매,05,경기도 고양시 덕양구 주교동,고양시 덕양구,주교동,21900,0,21900,55.34,16.74,2,급매 깔끔 심플한 방3화2 주차가능,https://www.zigbang.com/home/apt/items/49671977
2026-08-12 05:37:46,빌라투룸,49949546,매매,05,경기도 고양시 덕양구 주교동,고양시 덕양구,주교동,31000,0,31000,51.69,15.64,5,19년식 쓰리룸 아파트 위치좋고 컨디션 너무 좋습니다,https://www.zigbang.com/home/apt/items/49949546
2026-08-12 05:37:46,빌라투룸,49994387,월세,05,경기도 고양시 일산동구 사리현동,고양시 일산동구,사리현동,70,70,0,47.81,14.46,3,3개월치씩 선납하는 3룸 저보증금 단기매물,https://www.zigbang.com/home/apt/items/49994387
2026-08-12 05:37:46,빌라투룸,50024039,전세,05,경기도 고양시 덕양구 주교동,고양시 덕양구,주교동,25400,0,0,57.15,17.29,3,"신축,전세대출 가능,복층,넓은테라스,방3,화2,엘베O,주차",https://www.zigbang.com/home/apt/items/50024039
2026-08-12 05:37:47,빌라투룸,49725512,매매,05,경기도 고양시 일산동구 성석동,고양시 일산동구,성석동,12000,0,12000,50.22,15.19,1,최저실입가능 ㅣ 외국인대출가능 ㅣ 디딤돌가능 ㅣ 컨디션최상,https://www.zigbang.com/home/apt/items/49725512
2026-08-12 05:37:47,빌라투룸,49757112,매매,05,경기도 고양시 일산동구 문봉동,고양시 일산동구,문봉동,11000,0,11000,45.5,13.76,2,14년식 올리모델링 쓰리룸  최소실입 가능 1억초 급매,https://www.zigbang.com/home/apt/items/49757112
2026-08-12 05:37:47,빌라투룸,49757796,매매,05,경기도 고양시 일산동구 성석동,고양시 일산동구,성석동,16000,0,16000,50.05,15.14,3,최저가 성석동 단지형 빌라 방3화2 신축급컨디션 급매,https://www.zigbang.com/home/apt/items/49757796
2026-08-12 05:37:47,빌라투룸,49826082,매매,05,경기도 고양시 일산동구 성석동,고양시 일산동구,성석동,14900,0,14900,55,16.64,2,o급매물o 신축급3룸 최저실입주금 대출가능,https://www.zigbang.com/home/apt/items/49826082
2026-08-12 05:37:47,빌라투룸,49877884,매매,05,경기도 고양시 일산동구 성석동,고양시 일산동구,성석동,15000,0,15000,56.72,17.16,2,생활권 위치 굿 준신축 방3화2,https://www.zigbang.com/home/apt/items/49877884
2026-08-12 05:37:47,빌라투룸,49907622,매매,05,경기도 고양시 일산동구 성석동,고양시 일산동구,성석동,16500,0,16500,69.66,21.07,1,성석동 3룸 초급매 유럽풍 디자인 대단지 빌라,https://www.zigbang.com/home/apt/items/49907622
2026-08-12 05:37:47,빌라투룸,49922128,매매,05,경기도 고양시 일산동구 성석동,고양시 일산동구,성석동,16000,0,16000,49.73,15.04,2,2018년식 상태좋은 방3화2,https://www.zigbang.com/home/apt/items/49922128
2026-08-12 05:37:47,빌라투룸,49707468,월세,05,경기도 파주시 검산동,파주시,검산동,2000,83,0,47.62,14.4,3,NO.1귀한월세 관리 잘된 채광좋고 공실빌라,https://www.zigbang.com/home/apt/items/49707468
2026-08-12 05:37:47,빌라투룸,49738160,매매,05,경기도 파주시 금촌동,파주시,금촌동,12000,0,12000,45.54,13.78,2,금촌동 19년식 준신축 3룸 급매,https://www.zigbang.com/home/apt/items/49738160
2026-08-12 05:37:47,빌라투룸,49826117,매매,05,경기도 파주시 아동동,파주시,아동동,20000,0,20000,64.17,19.41,4,금촌역세권 인프라좋고 관리잘된 3룸,https://www.zigbang.com/home/apt/items/49826117
2026-08-12 05:37:47,빌라투룸,49865028,매매,05,경기도 파주시 아동동,파주시,아동동,17500,0,17500,68.41,20.69,4,금촌역 도보1분이내 넓은3룸 갓성비매물 문의환영,https://www.zigbang.com/home/apt/items/49865028
2026-08-12 05:37:47,빌라투룸,49916151,매매,05,경기도 파주시 금촌동,파주시,금촌동,12000,0,12000,45.54,13.78,2,"금촌동 초급매, 방3화2 올수리 빌라, 엘리베이터",https://www.zigbang.com/home/apt/items/49916151
2026-08-12 05:37:47,빌라투룸,49916289,매매,05,경기도 파주시 야동동,파주시,야동동,15500,0,15500,53.81,16.28,3,"올수리 공실, 실27평, 주방 거실이 큰집",https://www.zigbang.com/home/apt/items/49916289
2026-08-12 05:37:47,빌라투룸,49916401,매매,05,경기도 파주시 금촌동,파주시,금촌동,12000,0,12000,45.54,13.78,2,최저가 금촌역 도보10분 공실 엘리베이터 방3개 욕실2개,https://www.zigbang.com/home/apt/items/49916401
2026-08-12 05:37:47,빌라투룸,49973159,매매,05,경기도 파주시 야동동,파주시,야동동,13500,0,13500,51.86,15.69,4,급매 준신축급 컨디션 마지막가격인하 서두르세요.,https://www.zigbang.com/home/apt/items/49973159
2026-08-12 05:37:47,빌라투룸,49483283,매매,05,경기도 고양시 덕양구 내유동,고양시 덕양구,내유동,14500,0,14500,50.47,15.27,4,내유동 올리모델링 넓은 쓰리룸 준신축빌라,https://www.zigbang.com/home/apt/items/49483283
2026-08-12 05:37:47,빌라투룸,49644510,매매,05,경기도 고양시 덕양구 내유동,고양시 덕양구,내유동,17000,0,17000,58.39,17.66,2,내유동 연식대비 가장 저렴한 준식축 꿀매,https://www.zigbang.com/home/apt/items/49644510
2026-08-12 05:37:47,빌라투룸,49763203,매매,05,경기도 고양시 덕양구 내유동,고양시 덕양구,내유동,13500,0,13500,48.29,14.61,2,초급매 방3화2베1 실평넓은집 버세권 편세권 대로 상담환영,https://www.zigbang.com/home/apt/items/49763203
2026-08-12 05:37:47,빌라투룸,49825824,매매,05,경기도 고양시 덕양구 내유동,고양시 덕양구,내유동,15000,0,15000,50.47,15.27,4,o급매물신축o 저렴하게 매매할수있는 신축3룸 최저입주금환영,https://www.zigbang.com/home/apt/items/49825824
2026-08-12 05:37:47,빌라투룸,49911316,매매,05,경기도 고양시 덕양구 내유동,고양시 덕양구,내유동,22500,0,22500,66.39,20.08,1,개인테라스있는 준신축 급매물가격 시세대비저렴 구조잘빠진큰집,https://www.zigbang.com/home/apt/items/49911316
2026-08-12 05:37:47,빌라투룸,49933121,매매,05,경기도 고양시 덕양구 관산동,고양시 덕양구,관산동,11500,0,11500,41.79,12.64,2,조용한 주택가지역 시세대비 저렴한 신축급매물 밝은집,https://www.zigbang.com/home/apt/items/49933121
2026-08-12 05:37:47,빌라투룸,49997239,매매,05,경기도 고양시 덕양구 관산동,고양시 덕양구,관산동,20500,0,20500,54.94,16.62,2,개별창고 있는 신축급 빌라,https://www.zigbang.com/home/apt/items/49997239
2026-08-12 05:37:49,빌라투룸,49826151,매매,05,경기도 파주시 문산읍 문산리,파주시,문산읍,15000,0,15000,53.64,16.23,2,최저입주금 가능합니다 19년식 쓰리룸,https://www.zigbang.com/home/apt/items/49826151
2026-08-12 05:37:49,빌라투룸,49547660,매매,05,경기도 파주시 파주읍 봉서리,파주시,파주읍,15500,0,15500,67.62,20.45,2,"최저실입진행 시스템에어컨,주차,엘베, 대형평수.",https://www.zigbang.com/home/apt/items/49547660
2026-08-12 05:37:49,빌라투룸,49894132,매매,05,경기도 파주시 파주읍 봉서리,파주시,파주읍,18500,0,18500,67.62,20.45,4,복층테라스 방3화2 구조좋고 층고높은복층 최저실입상담가능,https://www.zigbang.com/home/apt/items/49894132
2026-08-12 05:37:49,빌라투룸,49998388,매매,05,경기도 파주시 문산읍 선유리,파주시,문산읍,12000,0,12000,72.88,22.05,2,최초입주3억대 감정가2억대 신축급 쓰리룸 1억초반대 급매,https://www.zigbang.com/home/apt/items/49998388
2026-08-12 05:37:49,빌라투룸,50002289,매매,05,경기도 파주시 파주읍 봉서리,파주시,파주읍,15900,0,15900,64.96,19.65,2,봉서리 방3 화2 테라스 트인 뷰 구조 좋은 쓰리룸 빌라,https://www.zigbang.com/home/apt/items/50002289
2026-08-12 05:37:49,빌라투룸,49755092,매매,05,경기도 파주시 파주읍 봉암리,파주시,파주읍,15800,0,15800,51.9,15.7,3,역세권 1억대 최저입주금 진행가능 방3화2,https://www.zigbang.com/home/apt/items/49755092
2026-08-12 05:37:51,빌라투룸,49825989,매매,05,경기도 양주시 장흥면 일영리,양주시,장흥면,18900,0,18900,79.41,24.02,6,o대형평수 급매물o 적은실입주금 대출가능한 넓은준신축3룸,https://www.zigbang.com/home/apt/items/49825989
2026-08-12 05:37:51,빌라투룸,49900716,매매,05,경기도 양주시 장흥면 일영리,양주시,장흥면,32000,0,32000,68.83,20.82,2,건축주 마진포기 급매 수입자재로 잘지은 별장같은 집,https://www.zigbang.com/home/apt/items/49900716
2026-08-12 05:37:51,빌라투룸,49900726,매매,05,경기도 양주시 장흥면 일영리,양주시,장흥면,38000,0,38000,68.83,20.82,1,펜트하우스 넓은 테라스 있는집 고급자재로 인테리어 최상,https://www.zigbang.com/home/apt/items/49900726
2026-08-12 05:37:51,빌라투룸,49900760,매매,05,경기도 양주시 장흥면 일영리,양주시,장흥면,44000,0,44000,84.84,25.66,1,펜트하우스 테라스호실 38000부터44000만원까지,https://www.zigbang.com/home/apt/items/49900760
2026-08-12 05:37:51,빌라투룸,49900766,매매,05,경기도 양주시 장흥면 일영리,양주시,장흥면,32000,0,32000,68.83,20.82,2,건축주 마진포기 급매 수입자재로 잘지은 별장같은 집,https://www.zigbang.com/home/apt/items/49900766
2026-08-12 05:37:52,빌라투룸,49890059,매매,05,경기도 양주시 백석읍 복지리,양주시,백석읍,14000,0,14000,65.95,19.95,3,1억대 관리잘된 신축급 구조좋은 3룸입니다,https://www.zigbang.com/home/apt/items/49890059
2026-08-12 05:37:53,빌라투룸,49819891,월세,04,경기도 의정부시 가능동,의정부시,가능동,500,35,0,40,12.1,2,조용한 주택가 투룸,https://www.zigbang.com/home/apt/items/49819891
2026-08-12 05:37:53,빌라투룸,49836088,매매,05,경기도 의정부시 금오동,의정부시,금오동,21500,0,21500,53.8,16.27,2,금오중 도보1분 깔끔하고 넓은쓰리룸 최저입주금 문의주세요,https://www.zigbang.com/home/apt/items/49836088
2026-08-12 05:37:53,빌라투룸,49916160,매매,05,경기도 의정부시 금오동,의정부시,금오동,22200,0,22200,71.57,21.65,4,신축  초특가 3룸,https://www.zigbang.com/home/apt/items/49916160
2026-08-12 05:37:53,빌라투룸,49953075,매매,05,경기도 의정부시 금오동,의정부시,금오동,17000,0,17000,61.88,18.72,3,채광우수 남동향 깔끔한 감성 인테리어 3룸,https://www.zigbang.com/home/apt/items/49953075
2026-08-12 05:37:53,빌라투룸,49994856,매매,05,경기도 의정부시 금오동,의정부시,금오동,16500,0,16500,46.89,14.18,4,ㅁ정남향ㅁ14년식 주택등기ㅁ공실 즉시입주가능ㅁ,https://www.zigbang.com/home/apt/items/49994856
2026-08-12 05:37:53,빌라투룸,50013649,매매,05,경기도 의정부시 금오동,의정부시,금오동,20800,0,20800,72.73,22.0,4,l 초대형 3룸 l 팬트리 굿 l 신축 첫 입주 l,https://www.zigbang.com/home/apt/items/50013649
2026-08-12 05:37:53,빌라투룸,50018024,매매,05,경기도 의정부시 금오동,의정부시,금오동,28900,0,28900,54.08,16.36,3,l대출잘나오는l실매물l 일단 보고 결정하는 진짜 알짜배기,https://www.zigbang.com/home/apt/items/50018024
2026-08-12 05:37:53,빌라투룸,50022933,월세,05,경기도 양주시 광사동,양주시,광사동,10000,30,0,60,18.15,4,광사동 상가주택 쓰리룸입니다,https://www.zigbang.com/home/apt/items/50022933
2026-08-12 05:37:53,빌라투룸,49838049,월세,04,경기도 남양주시 진건읍 용정리,남양주시,진건읍,500,40,0,36,10.89,반지하,"왕숙신도시인접, 투룸, 빠른입주가능",https://www.zigbang.com/home/apt/items/49838049
2026-08-12 05:37:53,빌라투룸,49885047,전세,05,경기도 남양주시 진건읍 배양리,남양주시,진건읍,21000,0,0,90.48,27.37,3,"넓은3룸,화장실2,엘레베이터 없어요",https://www.zigbang.com/home/apt/items/49885047
2026-08-12 05:37:53,빌라투룸,49765181,월세,04,경기도 남양주시 별내동,남양주시,별내동,13000,50,0,50,15.12,2,조망좋은 투룸 하시입주,https://www.zigbang.com/home/apt/items/49765181
2026-08-12 05:37:53,빌라투룸,49908302,월세,04,경기도 남양주시 별내동,남양주시,별내동,14000,40,0,56,16.94,3,별가람역 도보 7분  방2 엘리베이터있어요  입주협의,https://www.zigbang.com/home/apt/items/49908302
2026-08-12 05:37:53,빌라투룸,49914621,월세,04,경기도 남양주시 별내동,남양주시,별내동,12000,40,0,44,13.31,2,별내별가람역 인근 융무 2룸. 엘베O,https://www.zigbang.com/home/apt/items/49914621
2026-08-12 05:37:53,빌라투룸,49914622,전세,06,경기도 남양주시 별내동,남양주시,별내동,37000,0,0,89.17,26.97,4,별가람역 인근 넓은 복층 테라스. 주인세대 4룸,https://www.zigbang.com/home/apt/items/49914622
2026-08-12 05:37:54,빌라투룸,50000193,월세,05,경기도 남양주시 진건읍 사능리,남양주시,진건읍,1000,60,0,44.64,13.5,3,"깨끗 , 주차가, 융자무, 넉넉한사이즈 , 앞뒤베란다.",https://www.zigbang.com/home/apt/items/50000193
2026-08-12 05:37:54,빌라투룸,50009050,월세,04,경기도 남양주시 진건읍 용정리,남양주시,진건읍,2000,80,0,68,20.57,4,"왕숙신도시인접, 넓은 투룸, 넓은 거실공간, 빠른입주가능",https://www.zigbang.com/home/apt/items/50009050
2026-08-12 05:37:54,빌라투룸,49780307,매매,05,경기도 남양주시 오남읍 양지리,남양주시,오남읍,18500,0,18500,75.2,22.75,3,"최저실입진행 역세권위치,방3화2,대형평수입니다",https://www.zigbang.com/home/apt/items/49780307
2026-08-12 05:37:54,빌라투룸,49796897,매매,05,경기도 남양주시 오남읍 양지리,남양주시,오남읍,18900,0,18900,75.2,22.75,3,오남역 바로앞 인근 인근동일평형 시세대비 신축급매물 등장,https://www.zigbang.com/home/apt/items/49796897
2026-08-12 05:37:54,빌라투룸,49825958,매매,05,경기도 남양주시 오남읍 오남리,남양주시,오남읍,19800,0,19800,72.73,22.0,4,o대형평수급매물o 엘배o 방3화2 단독세대 소액으로대출가능,https://www.zigbang.com/home/apt/items/49825958
2026-08-12 05:37:54,빌라투룸,49836082,매매,05,경기도 남양주시 오남읍 양지리,남양주시,오남읍,24200,0,24200,59.77,18.08,3,신축급 역세권매물 최저입주금진행,https://www.zigbang.com/home/apt/items/49836082
2026-08-12 05:37:54,빌라투룸,49883139,매매,05,경기도 남양주시 오남읍 오남리,남양주시,오남읍,18000,0,18000,54.5,16.49,4,오남읍 방3화1베1 면적 잘 나온 주택,https://www.zigbang.com/home/apt/items/49883139
2026-08-12 05:37:54,빌라투룸,50006708,매매,05,경기도 남양주시 오남읍 오남리,남양주시,오남읍,18500,0,18500,59.28,17.93,5,준신축 엘베있는 쓰리룸 최소입주금 가능 합니다,https://www.zigbang.com/home/apt/items/50006708
2026-08-12 05:37:54,빌라투룸,50020386,월세,04,경기도 남양주시 오남읍 양지리,남양주시,오남읍,1000,63,0,33,9.98,3,오남역인근 신축급 투룸,https://www.zigbang.com/home/apt/items/50020386
2026-08-12 05:37:54,빌라투룸,49796408,매매,05,경기도 남양주시 호평동,남양주시,호평동,16000,0,16000,45.84,13.87,2,최저실입가능 ㅣ 외국인대출가능 ㅣ 디딤돌 ㅣ 방3 화2,https://www.zigbang.com/home/apt/items/49796408
2026-08-12 05:37:54,빌라투룸,49923051,매매,05,경기도 남양주시 평내동,남양주시,평내동,17000,0,17000,59.7,18.06,3,"탁 트인 채광과 넓은 거실, 저렴한 가격의 준신축급 빌라",https://www.zigbang.com/home/apt/items/49923051
2026-08-12 05:37:54,빌라투룸,49925551,전세,04,경기도 남양주시 호평동,남양주시,호평동,9000,0,0,42.98,13.0,3,호평역 가까운 투룸 전세,https://www.zigbang.com/home/apt/items/49925551
2026-08-12 05:37:54,빌라투룸,50014280,월세,05,경기도 남양주시 호평동,남양주시,호평동,500,80,0,57.5,17.39,3,조용한 단기월세 가능한 빌라,https://www.zigbang.com/home/apt/items/50014280
2026-08-12 05:37:54,빌라투룸,50019830,매매,05,경기도 남양주시 호평동,남양주시,호평동,22000,0,22000,59.92,18.13,4,준신축 채광주차ㆍ컨디션좋은남향집,https://www.zigbang.com/home/apt/items/50019830
2026-08-12 05:37:54,빌라투룸,50029310,매매,05,경기도 남양주시 평내동,남양주시,평내동,15300,0,15300,57.8,17.48,3,주차채광컨디션좋은 3룸빌라,https://www.zigbang.com/home/apt/items/50029310
2026-08-12 05:37:54,빌라투룸,50029446,전세,05,경기도 남양주시 평내동,남양주시,평내동,14000,0,0,57.8,17.48,3,주차.조망채광 컨디션좋은빌라.LH전세X,https://www.zigbang.com/home/apt/items/50029446
2026-08-12 05:37:54,빌라투룸,49902670,전세,05,경기도 의정부시 민락동,의정부시,민락동,22000,0,0,80,24.2,4,아주 이쁘게 건축한 넓은3룸 복층 전세,https://www.zigbang.com/home/apt/items/49902670
2026-08-12 05:37:54,빌라투룸,49922952,매매,05,경기도 남양주시 호평동,남양주시,호평동,17500,0,17500,34.96,10.58,2,급매저렴ㅣ준신축급매물ㅣ대출잘나옴ㅣ최저실입가능,https://www.zigbang.com/home/apt/items/49922952
2026-08-12 05:37:54,빌라투룸,48844868,매매,05,경기도 남양주시 진접읍 장현리,남양주시,진접읍,24000,0,24000,59.34,17.95,4,준신축  3룸 특가매매,https://www.zigbang.com/home/apt/items/48844868
2026-08-12 05:37:54,빌라투룸,49826006,매매,05,경기도 남양주시 진접읍 내각리,남양주시,진접읍,23500,0,23500,59.58,18.02,4,이쁜인테리어 급매물3룸 적은실입주금 대출가능,https://www.zigbang.com/home/apt/items/49826006
2026-08-12 05:37:55,빌라투룸,49834617,매매,05,경기도 남양주시 진접읍 장현리,남양주시,진접읍,12000,0,12000,43.14,13.05,4,급매 최저입주금가능 1억대 방3화2,https://www.zigbang.com/home/apt/items/49834617
2026-08-12 05:37:55,빌라투룸,49869463,매매,05,경기도 남양주시 오남읍 양지리,남양주시,오남읍,20000,0,20000,68.03,20.58,2,엘o 20년식 4호선오남역세권 급매물 준신축 최저실입가능,https://www.zigbang.com/home/apt/items/49869463
2026-08-12 05:37:55,빌라투룸,49902206,전세,04,경기도 남양주시 진접읍 금곡리,남양주시,진접읍,13000,0,0,45,13.61,2,진접역인근 투룸전세,https://www.zigbang.com/home/apt/items/49902206
2026-08-12 05:37:55,빌라투룸,49902221,월세,04,경기도 남양주시 진접읍 연평리,남양주시,진접읍,5000,100,0,39,11.8,4,연평리 테라스형 투룸,https://www.zigbang.com/home/apt/items/49902221
2026-08-12 05:37:55,빌라투룸,49902273,전세,04,경기도 남양주시 진접읍 금곡리,남양주시,진접읍,13000,0,0,40,12.1,2,진접역인근 투룸,https://www.zigbang.com/home/apt/items/49902273
2026-08-12 05:37:55,빌라투룸,49965486,월세,04,경기도 남양주시 진접읍 연평리,남양주시,진접읍,5000,100,0,40,12.1,4,연평리 테라스형 투룸,https://www.zigbang.com/home/apt/items/49965486
2026-08-12 05:37:55,빌라투룸,50002165,매매,05,경기도 남양주시 진접읍 장현리,남양주시,진접읍,25500,0,25500,48.36,14.63,3,장현리 방3 화2 준신축 깔끔한 컨디션 유지중인 쓰리룸,https://www.zigbang.com/home/apt/items/50002165
2026-08-12 05:37:55,빌라투룸,49612085,월세,05,경기도 양주시 덕계동,양주시,덕계동,5000,130,0,136.54,41.3,3,"왕왕 추천,대형 럭셔리 최고급빌라",https://www.zigbang.com/home/apt/items/49612085
2026-08-12 05:37:55,빌라투룸,49773699,매매,05,경기도 양주시 덕계동,양주시,덕계동,24000,0,24000,80.03,24.21,1,"왕왕 추천,입주 협의가능,에어컨2대,분양가 이하로 매매해요",https://www.zigbang.com/home/apt/items/49773699
2026-08-12 05:37:55,빌라투룸,49927106,매매,05,경기도 양주시 덕계동,양주시,덕계동,17500,0,17500,61.96,18.74,2,방3화2베2. 준신축. 엘베유. 뻥뷰,https://www.zigbang.com/home/apt/items/49927106
2026-08-12 05:37:55,빌라투룸,49927190,매매,06,경기도 양주시 덕계동,양주시,덕계동,22000,0,22000,70.25,21.25,4,"방4화2베1. 준신축, 위치짱, 이사협의",https://www.zigbang.com/home/apt/items/49927190
2026-08-12 05:37:55,빌라투룸,49947955,매매,05,경기도 양주시 덕계동,양주시,덕계동,15500,0,15500,62.04,18.77,10,"방3화2베1. 준신축, 층간소음없는탑층, 이사협의",https://www.zigbang.com/home/apt/items/49947955
2026-08-12 05:37:55,빌라투룸,49970901,매매,05,경기도 양주시 덕계동,양주시,덕계동,14000,0,14000,44.52,13.47,3,"방3화2베1. 준신축, 막힘없는뷰",https://www.zigbang.com/home/apt/items/49970901
2026-08-12 05:37:55,빌라투룸,49551377,매매,05,경기도 양주시 백석읍 오산리,양주시,백석읍,12000,0,12000,63.87,19.32,4,급매 깔끔한신축급 쓰리룸 최저실입주금 가능합니다,https://www.zigbang.com/home/apt/items/49551377
2026-08-12 05:37:55,빌라투룸,49825982,매매,06,경기도 양주시 백석읍 오산리,양주시,백석읍,16500,0,16500,68.99,20.87,4,o대형포룸o 대가족도 살수있는 신축급4룸 대출상담환영,https://www.zigbang.com/home/apt/items/49825982
2026-08-12 05:37:55,빌라투룸,49671888,매매,05,경기도 양주시 덕정동,양주시,덕정동,22500,0,22500,59.2,17.91,5,3룸 복층 신축 컨디션 그대로,https://www.zigbang.com/home/apt/items/49671888
2026-08-12 05:37:55,빌라투룸,49803480,매매,05,경기도 양주시 고암동,양주시,고암동,29000,0,29000,84.58,25.59,5,테라스와 미니주방이 있는 45평형 여유로운 프리미엄 복층,https://www.zigbang.com/home/apt/items/49803480
2026-08-12 05:37:55,빌라투룸,49832885,매매,05,경기도 양주시 고암동,양주시,고암동,16000,0,16000,61.07,18.47,2,고양동 방3화2베1 깔끔한 구조 엘베있는 빌라,https://www.zigbang.com/home/apt/items/49832885
2026-08-12 05:37:55,빌라투룸,49834605,매매,05,경기도 양주시 고암동,양주시,고암동,15000,0,15000,50.17,15.18,5,덕정역세권 신축급 최저입주금 가능한 3룸입니다,https://www.zigbang.com/home/apt/items/49834605
2026-08-12 05:37:55,빌라투룸,48983028,매매,05,경기도 양주시 고읍동,양주시,고읍동,25800,0,25800,68.65,20.77,1,v 고읍역 신설예정 v 신축 v아파트형v 3번대체도로옆v,https://www.zigbang.com/home/apt/items/48983028
2026-08-12 05:37:55,빌라투룸,49484007,매매,05,경기도 양주시 덕계동,양주시,덕계동,19500,0,19500,83.22,25.17,2,덕계동 O 방3화2베1 O 준신축 오피스텔,https://www.zigbang.com/home/apt/items/49484007
2026-08-12 05:37:55,빌라투룸,49611785,월세,05,경기도 양주시 고읍동,양주시,고읍동,3000,120,0,68.65,20.77,1,"왕왕 추천,에어컨4대,7호선 옥정역부근 예쁜집 ,첫입주",https://www.zigbang.com/home/apt/items/49611785
2026-08-12 05:37:55,빌라투룸,49757798,매매,05,경기도 양주시 덕계동,양주시,덕계동,20000,0,20000,60.85,18.41,4,덕계역 도보 5분거리내외 방3화2 최저가 신축급컨디션 급매,https://www.zigbang.com/home/apt/items/49757798
2026-08-12 05:37:55,빌라투룸,49777062,매매,05,경기도 양주시 고읍동,양주시,고읍동,26400,0,26400,68.65,20.77,2,"최저실입 ,신축 큰쓰리룸, 7호선 개통예정",https://www.zigbang.com/home/apt/items/49777062
2026-08-12 05:37:55,빌라투룸,49834854,매매,05,경기도 양주시 회정동,양주시,회정동,17000,0,17000,65.51,19.82,5,급매 복층 테라스 최저실입 진행가능 신축급,https://www.zigbang.com/home/apt/items/49834854
2026-08-12 05:37:55,빌라투룸,49850965,월세,05,경기도 양주시 회정동,양주시,회정동,2500,130,0,72.73,22.0,2,"왕왕 추천,첫입주,에어컨,자세한 내용은 전화주세요",https://www.zigbang.com/home/apt/items/49850965
2026-08-12 05:37:55,빌라투룸,49904570,월세,05,경기도 양주시 고암동,양주시,고암동,2000,100,0,56,16.94,3,"화이트톤에 이쁜3룸,집보기가능,주차편리,엘베,에어컨완비",https://www.zigbang.com/home/apt/items/49904570
2026-08-12 05:37:55,빌라투룸,50002212,매매,05,경기도 양주시 덕계동,양주시,덕계동,20500,0,20500,60.85,18.41,4,덕계동 방3 화2 준신축 깔끔한 구조,https://www.zigbang.com/home/apt/items/50002212
2026-08-12 05:37:55,빌라투룸,50007458,매매,04,경기도 양주시 덕계동,양주시,덕계동,8000,0,8000,44.73,13.53,3,"방2화1베란다1. 올수리, 이사협의",https://www.zigbang.com/home/apt/items/50007458
2026-08-12 05:37:55,빌라투룸,50017739,전세,06,경기도 양주시 옥정동,양주시,옥정동,45000,0,0,195.04,59.0,1,"전세,지금 안 잡으면 후회할 수도 있어요",https://www.zigbang.com/home/apt/items/50017739
2026-08-12 05:37:56,빌라투룸,48099931,매매,05,경기도 동두천시 생연동,동두천시,생연동,16800,0,16800,76.15,23.04,5,신축 위치좋은 특가 1세대,https://www.zigbang.com/home/apt/items/48099931
2026-08-12 05:37:56,빌라투룸,49671916,매매,05,경기도 동두천시 생연동,동두천시,생연동,20500,0,20500,69.17,20.92,9,신축 컨디션 그대로 뻥뷰 고층 저렴한집,https://www.zigbang.com/home/apt/items/49671916
2026-08-12 05:37:56,빌라투룸,49671939,매매,05,경기도 동두천시 생연동,동두천시,생연동,11500,0,11500,51.78,15.66,2,급매 방3화2 깔끔한 역세권과 학군,https://www.zigbang.com/home/apt/items/49671939
2026-08-12 05:37:56,빌라투룸,49678047,매매,05,경기도 동두천시 생연동,동두천시,생연동,14500,0,14500,52.25,15.81,3,막힘없는 뷰 엘베있는 쓰리룸 최저입주금진행,https://www.zigbang.com/home/apt/items/49678047
2026-08-12 05:37:56,빌라투룸,49905868,매매,05,경기도 동두천시 동두천동,동두천시,동두천동,6500,0,6500,49.2,14.88,4,동두천역세권 채광 전망 가성비 좋은 깔끔한 3룸,https://www.zigbang.com/home/apt/items/49905868
2026-08-12 05:37:56,빌라투룸,49905878,매매,05,경기도 동두천시 상봉암동,동두천시,상봉암동,22500,0,22500,68.74,20.79,4,소요산역세권 대단지 고급 인테리어 신축 첫 입주 넓은 3룸,https://www.zigbang.com/home/apt/items/49905878
2026-08-12 05:37:56,빌라투룸,49826005,매매,05,경기도 포천시 소흘읍 송우리,포천시,소흘읍,19500,0,19500,73.19,22.14,2,대형평수 위치좋은 신축급3룸 실입주금 없이 대출가능합니다,https://www.zigbang.com/home/apt/items/49826005
2026-08-12 05:37:56,빌라투룸,49909496,매매,06,경기도 양주시 옥정동,양주시,옥정동,54000,0,54000,104.82,31.71,1,"초 급매,아늑한 정남향,단독주택,복층.풀 시스템에어컨",https://www.zigbang.com/home/apt/items/49909496
2026-08-12 05:37:56,빌라투룸,49909605,매매,06,경기도 양주시 옥정동,양주시,옥정동,70000,0,70000,201.65,61.0,1,"5룸,단독주택, 두번째입주,입주협의가능",https://www.zigbang.com/home/apt/items/49909605
2026-08-12 05:37:56,빌라투룸,49909667,매매,06,경기도 양주시 옥정동,양주시,옥정동,65000,0,65000,194.84,58.94,1,",단독주택,4룸,화3,테라스,도심속의전원생활즐겨보세요",https://www.zigbang.com/home/apt/items/49909667
2026-08-12 05:37:56,빌라투룸,49909727,월세,05,경기도 양주시 옥정동,양주시,옥정동,5000,80,0,59.9,18.12,3,컨디션 굿  넓은쓰리룸  행복해지는 주거공간,https://www.zigbang.com/home/apt/items/49909727
2026-08-12 05:37:56,빌라투룸,49983533,월세,05,경기도 양주시 옥정동,양주시,옥정동,4000,95,0,71,21.48,2,"너무 이쁜3룸,상권좋아 살기좋은 동네,학세권,호수공원도보가",https://www.zigbang.com/home/apt/items/49983533
2026-08-12 05:37:56,빌라투룸,50004133,월세,04,경기도 양주시 옥정동,양주시,옥정동,1000,75,0,43,13.01,4,"완벽 풀옵션,입주협의,방2개,거실,화장실",https://www.zigbang.com/home/apt/items/50004133
2026-08-12 05:37:56,빌라투룸,49700625,매매,05,경기도 포천시 소흘읍 송우리,포천시,소흘읍,15000,0,15000,64.06,19.38,3,송우리 올수리 엘베있는 밝고 환한집 주방에 냉장고3대 가능,https://www.zigbang.com/home/apt/items/49700625
2026-08-12 05:37:56,빌라투룸,49909356,월세,05,경기도 양주시 옥정동,양주시,옥정동,5000,60,0,59.5,18.0,2,"넓은 쓰리룸,보증금 월세 상향조정가능",https://www.zigbang.com/home/apt/items/49909356
2026-08-12 05:37:56,빌라투룸,50018203,월세,05,경기도 양주시 옥정동,양주시,옥정동,2000,130,0,76.3,23.08,4,"층간 소음해방, 입주 협의가능,개별테라스, 복층 쓰리룸",https://www.zigbang.com/home/apt/items/50018203
2026-08-12 05:37:56,빌라투룸,50018430,월세,05,경기도 양주시 옥정동,양주시,옥정동,2000,130,0,73.6,22.26,4,"신축,엘베유,방마다 시스템에어컨,남향,바로입주가능",https://www.zigbang.com/home/apt/items/50018430
2026-08-12 05:37:56,빌라투룸,49545311,매매,05,경기도 포천시 선단동,포천시,선단동,13800,0,13800,63.73,19.28,5,실입주금 1000만 신축급 넓은 쓰리룸 도배 입주청소 완료,https://www.zigbang.com/home/apt/items/49545311
2026-08-12 05:37:56,빌라투룸,49693816,매매,05,경기도 포천시 선단동,포천시,선단동,12500,0,12500,55.99,16.94,5,급매.선단IC바로앞.이마트인근.엘베있음,https://www.zigbang.com/home/apt/items/49693816
2026-08-12 05:37:56,빌라투룸,49826026,매매,05,경기도 포천시 선단동,포천시,선단동,17700,0,17700,61.09,18.48,4,o사업성공한집o고급인테리어 신축급3룸 최저입주금 대출가능,https://www.zigbang.com/home/apt/items/49826026
2026-08-12 05:37:56,빌라투룸,49837759,매매,05,경기도 포천시 선단동,포천시,선단동,15700,0,15700,45.61,13.8,5,신축  특가 1세대,https://www.zigbang.com/home/apt/items/49837759
2026-08-12 05:37:56,빌라투룸,49904415,매매,04,경기도 포천시 선단동,포천시,선단동,8900,0,8900,31.92,9.66,5,귀한 투룸매물 엘베o 즉시입주가능 최저입주금진행,https://www.zigbang.com/home/apt/items/49904415
2026-08-12 05:37:56,빌라투룸,49905829,월세,06,경기도 포천시 선단동,포천시,선단동,2000,100,0,73.34,22.19,3,선단동 숲세권 대단지 빌라 신축급 넓은 4룸,https://www.zigbang.com/home/apt/items/49905829
2026-08-12 05:37:56,빌라투룸,49908787,매매,05,경기도 포천시 선단동,포천시,선단동,15700,0,15700,56.4,17.06,3,엘o 방3 포천 인프라좋은 이마트 인근 1억중반 급매물,https://www.zigbang.com/home/apt/items/49908787
2026-08-12 05:37:57,빌라투룸,49793573,월세,05,경기도 광주시 도척면 노곡리,광주시,도척면,50,70,0,73.55,22.25,2,노곡리 넓고 깔끔한 방3화2 입니다 반려동물가능,https://www.zigbang.com/home/apt/items/49793573
2026-08-12 05:37:57,빌라투룸,49816240,매매,05,경기도 광주시 도척면 노곡리,광주시,도척면,28900,0,28900,70.84,21.43,2,실평27평대 적은실입주금 풀옵션 신축3룸 내집마련기회,https://www.zigbang.com/home/apt/items/49816240
2026-08-12 05:37:57,빌라투룸,49477109,매매,05,경기도 포천시 어룡동,포천시,어룡동,12500,0,12500,50.93,15.41,3,어룡동 햇님어린이집 인근 넓고 밝은 정남향 집,https://www.zigbang.com/home/apt/items/49477109
2026-08-12 05:37:57,빌라투룸,49529478,매매,05,경기도 포천시 어룡동,포천시,어룡동,18600,0,18600,75.92,22.97,3,신축 첫 입주 큰평수 특가,https://www.zigbang.com/home/apt/items/49529478
2026-08-12 05:37:57,빌라투룸,49707781,매매,05,경기도 포천시 신읍동,포천시,신읍동,15800,0,15800,68.05,20.59,2,1억대 신축급3룸 최저입주금진행,https://www.zigbang.com/home/apt/items/49707781
2026-08-12 05:37:57,빌라투룸,49763977,매매,05,경기도 포천시 신읍동,포천시,신읍동,15000,0,15000,72.84,22.03,4,신읍동 엘유 방3화2 정남향 채광맛집 갓성비 문의 환영,https://www.zigbang.com/home/apt/items/49763977
2026-08-12 05:37:57,빌라투룸,49780237,매매,06,경기도 포천시 신읍동,포천시,신읍동,21000,0,21000,72.71,21.99,5,100프로 실매물 최저 실입주금 상담가능,https://www.zigbang.com/home/apt/items/49780237
2026-08-12 05:37:57,빌라투룸,49845445,매매,05,경기도 포천시 어룡동,포천시,어룡동,10500,0,10500,50.93,15.41,3,어룡동 신축 컨디션 그대로 가장 저렴한집 급매물,https://www.zigbang.com/home/apt/items/49845445
2026-08-12 05:37:57,빌라투룸,49889986,매매,05,경기도 포천시 어룡동,포천시,어룡동,18900,0,18900,75.92,22.97,1,실입주금 1000만원 가능 넓은평수 방3화2,https://www.zigbang.com/home/apt/items/49889986
2026-08-12 05:37:57,빌라투룸,49963534,매매,06,경기도 포천시 어룡동,포천시,어룡동,21000,0,21000,75.1,22.72,4,포천 특별가 완전 대형 신축빌라 첫입주  밝은 복층 테라스,https://www.zigbang.com/home/apt/items/49963534
2026-08-12 05:37:57,빌라투룸,49968205,매매,06,경기도 포천시 신읍동,포천시,신읍동,22000,0,22000,72.7,21.99,5,포천고 인근 가성비 4룸 화2 급매,https://www.zigbang.com/home/apt/items/49968205
2026-08-12 05:37:57,빌라투룸,49910584,매매,05,경기도 광주시 도척면 상림리,광주시,도척면,19800,0,19800,73.16,22.13,3,힐링하는 1억대 첫입주 무입주금 입주가능 산책로테라스텃밭,https://www.zigbang.com/home/apt/items/49910584
2026-08-12 05:37:58,빌라투룸,49825835,매매,05,경기도 광주시 곤지암읍 곤지암리,광주시,곤지암읍,15000,0,15000,51.94,15.71,2,o밝은채광급매물o방3화2 신축급컨디션 소액으로 대출가능한집,https://www.zigbang.com/home/apt/items/49825835
2026-08-12 05:37:58,빌라투룸,49826058,매매,05,경기도 광주시 도척면 진우리,광주시,도척면,17000,0,17000,64.37,19.47,3,o급매물준신축o 최저실입주금 대출가능한 3룸입니다,https://www.zigbang.com/home/apt/items/49826058
2026-08-12 05:37:58,빌라투룸,49836092,매매,05,경기도 광주시 곤지암읍 곤지암리,광주시,곤지암읍,14500,0,14500,54.32,16.43,2,즉시입주가능매물 방3화2 최저입주금가능,https://www.zigbang.com/home/apt/items/49836092
2026-08-12 05:37:58,빌라투룸,49905434,매매,05,경기도 광주시 곤지암읍 곤지암리,광주시,곤지암읍,16800,0,16800,54.11,16.37,3,l대출잘나오는l실매물l 대출 걱정 끝 허위 없는 진짜 매매,https://www.zigbang.com/home/apt/items/49905434
2026-08-12 05:37:58,빌라투룸,49556361,매매,05,경기도 광주시 초월읍 지월리,광주시,초월읍,17500,0,17500,91.54,27.69,반지하,광주 최저가 도전. 한층 전체사용. 대형 창고함께 매매,https://www.zigbang.com/home/apt/items/49556361
2026-08-12 05:37:58,빌라투룸,49731546,매매,05,경기도 광주시 초월읍 지월리,광주시,초월읍,14300,0,14300,56.42,17.07,1,"급매,사이즈 좋고 주차 가능한 꿀매물",https://www.zigbang.com/home/apt/items/49731546
2026-08-12 05:37:58,빌라투룸,49743964,매매,05,경기도 광주시 쌍령동,광주시,쌍령동,14000,0,14000,76.58,23.17,4,아래쌍령동 빌라 급매,https://www.zigbang.com/home/apt/items/49743964
2026-08-12 05:37:58,빌라투룸,49793638,월세,04,경기도 광주시 쌍령동,광주시,쌍령동,50,60,0,44.39,13.43,4,쌍령동 투룸입니다.,https://www.zigbang.com/home/apt/items/49793638
2026-08-12 05:37:58,빌라투룸,49826066,매매,05,경기도 광주시 쌍령동,광주시,쌍령동,16500,0,16500,59.75,18.07,1,o급매물테라스o 대단지 신축급3룸 적은실입주금 가능,https://www.zigbang.com/home/apt/items/49826066
2026-08-12 05:37:58,빌라투룸,49879781,월세,04,경기도 광주시 쌍령동,광주시,쌍령동,1000,70,0,46.28,14.0,3,"주차 편리한 투룸 월세,풀옵션 조건",https://www.zigbang.com/home/apt/items/49879781
2026-08-12 05:37:58,빌라투룸,49931715,매매,06,경기도 광주시 쌍령동,광주시,쌍령동,26500,0,26500,70.91,21.45,4,성남권분당권 엘베있는 급매 복층빌라 실매물실사진 놓치면후회,https://www.zigbang.com/home/apt/items/49931715
2026-08-12 05:37:58,빌라투룸,49958616,매매,05,경기도 광주시 초월읍 지월리,광주시,초월읍,15000,0,15000,51.36,15.54,2,최저실입주금 가능ㅣ외국인대출가능ㅣ신축급컨디션ㅣ급매저렴,https://www.zigbang.com/home/apt/items/49958616
2026-08-12 05:37:58,빌라투룸,49809914,매매,05,경기도 광주시 곤지암읍 삼리,광주시,곤지암읍,15000,0,15000,64.3,19.45,4,초급매 넓은3룸 올수리올리모델링 빨리잡으세요,https://www.zigbang.com/home/apt/items/49809914
2026-08-12 05:37:58,빌라투룸,49952444,매매,05,경기도 광주시 초월읍 늑현리,광주시,초월읍,25000,0,25000,63.76,19.29,3,실매물실사진 초월역 곤지암IC 막힘없는 뷰 신축급 컨디션,https://www.zigbang.com/home/apt/items/49952444
2026-08-12 05:37:58,빌라투룸,49616746,매매,05,경기도 이천시 신둔면 도암리,이천시,신둔면,12800,0,12800,59.5,18.0,3,도암초 맞은편 대단지,https://www.zigbang.com/home/apt/items/49616746
2026-08-12 05:37:58,빌라투룸,49971044,매매,05,경기도 이천시 신둔면 남정리,이천시,신둔면,29000,0,29000,61.62,18.64,2,적은실입주금 입주가능 실매물실사진 전절역 도보가능 넓은평수,https://www.zigbang.com/home/apt/items/49971044
2026-08-12 05:37:58,빌라투룸,49890053,매매,05,경기도 광주시 곤지암읍 오향리,광주시,곤지암읍,17000,0,17000,60.63,18.34,4,"급매, 넓은3룸 적은 입주금으로 내 집 마련",https://www.zigbang.com/home/apt/items/49890053
2026-08-12 05:37:58,빌라투룸,49924504,매매,05,경기도 광주시 곤지암읍 오향리,광주시,곤지암읍,19000,0,19000,60.63,18.34,3,l대출잘나오는l실매물l 관리잘된 귀한 신축급매물입니다,https://www.zigbang.com/home/apt/items/49924504
2026-08-12 05:37:58,빌라투룸,49979301,월세,05,경기도 광주시 곤지암읍 오향리,광주시,곤지암읍,200,80,0,58.03,17.55,3,공실공실 단기단기  월세월세,https://www.zigbang.com/home/apt/items/49979301
2026-08-12 05:37:58,빌라투룸,49981430,월세,05,경기도 광주시 곤지암읍 오향리,광주시,곤지암읍,200,80,0,58.03,17.55,3,l미래l 이쁜집 쓰리룸 빠른입주 선착순,https://www.zigbang.com/home/apt/items/49981430
2026-08-12 05:37:59,빌라투룸,49773910,월세,04,경기도 이천시 부발읍 무촌리,이천시,부발읍,1000,60,0,39.67,12.0,2,이천시 무촌리 부발초 맞은편 투룸월세,https://www.zigbang.com/home/apt/items/49773910
2026-08-12 05:37:59,빌라투룸,49939739,월세,04,경기도 이천시 부발읍 무촌리,이천시,부발읍,100,80,0,34,10.28,3,단기가능투룸 숙소로추천 부발초인근,https://www.zigbang.com/home/apt/items/49939739
2026-08-12 05:37:59,빌라투룸,49963954,월세,05,경기도 이천시 부발읍 신원리,이천시,부발읍,3000,80,0,73.71,22.3,3,"쓰리룸빌라 애완동물가능, 숙소가능",https://www.zigbang.com/home/apt/items/49963954
2026-08-12 05:37:59,빌라투룸,50017457,월세,05,경기도 이천시 부발읍 죽당리,이천시,부발읍,1000,80,0,59.9,18.12,2,"애완동물가능한 쓰리룸빌라, 엘베0 넓어요",https://www.zigbang.com/home/apt/items/50017457
2026-08-12 05:37:59,빌라투룸,49528916,매매,05,경기도 이천시 백사면 모전리,이천시,백사면,13900,0,13900,58.57,17.72,3,급매 모전리 이페리온 준신축급 쓰리룸 동일평형 최저가 매매,https://www.zigbang.com/home/apt/items/49528916
2026-08-12 05:37:59,빌라투룸,49793577,월세,05,경기도 이천시 백사면 모전리,이천시,백사면,50,70,0,64.12,19.4,3,모전리 신축급 컨디션 쓰리룸입니다 6개월 단기임대,https://www.zigbang.com/home/apt/items/49793577
2026-08-12 05:37:59,빌라투룸,49923570,매매,04,경기도 이천시 신둔면 도봉리,이천시,신둔면,4700,0,4700,41.56,12.57,2,올 리모델링한 착한 가격의 빌라매매,https://www.zigbang.com/home/apt/items/49923570
2026-08-12 05:37:59,빌라투룸,49693615,월세,04,경기도 여주시 월송동,여주시,월송동,1000,75,0,50,15.12,3,"신축 조용하고 깨끗한 마을에 위치,단출한 다가구",https://www.zigbang.com/home/apt/items/49693615
2026-08-12 05:37:59,빌라투룸,49733447,매매,05,경기도 여주시 월송동,여주시,월송동,16000,0,16000,70.78,21.41,2,"깨끗하고 조용한 빌라 ,주차편리함",https://www.zigbang.com/home/apt/items/49733447
2026-08-12 05:37:59,빌라투룸,49875429,월세,04,경기도 여주시 월송동,여주시,월송동,1000,60,0,40,12.1,2,"신축급 깨끗한 투룸 ,즉시입주",https://www.zigbang.com/home/apt/items/49875429
2026-08-12 05:37:59,빌라투룸,49965663,월세,04,경기도 여주시 월송동,여주시,월송동,1000,61,0,26.45,8.0,2,월송동투룸월세,https://www.zigbang.com/home/apt/items/49965663
2026-08-12 05:37:59,빌라투룸,49912102,매매,04,경기도 여주시 흥천면 내사리,여주시,흥천면,29900,0,29900,98.19,29.7,1,건평30평 대지150평 실사진실매물 집주인 거주중 준신축급,https://www.zigbang.com/home/apt/items/49912102
2026-08-12 05:38:00,빌라투룸,49864064,매매,05,경기도 광주시 퇴촌면 관음리,광주시,퇴촌면,14500,0,14500,58.34,17.65,1,텃밭 실매물실사진 도로변 근처 평지 상태좋은 방3 욕실2개,https://www.zigbang.com/home/apt/items/49864064
2026-08-12 05:38:00,빌라투룸,49910255,매매,05,경기도 광주시 퇴촌면 관음리,광주시,퇴촌면,9500,0,9500,51.44,15.56,4,실매물실사진 급매물빌라 상태좋음 도로변 공기좋고 위치좋고,https://www.zigbang.com/home/apt/items/49910255
2026-08-12 05:38:00,빌라투룸,49911915,매매,04,경기도 광주시 퇴촌면 도수리,광주시,퇴촌면,10500,0,10500,56.4,17.06,2,실매물실사진 급매물빌라 상태좋음 퇴촌 시내권 도로변 초중학,https://www.zigbang.com/home/apt/items/49911915
2026-08-12 05:38:00,빌라투룸,49931626,매매,05,경기도 광주시 퇴촌면 광동리,광주시,퇴촌면,15500,0,15500,64,19.36,3,실사진실매물 퇴촌농협 시내권 위치 막힘없는뷰 옥상 사용가능,https://www.zigbang.com/home/apt/items/49931626
2026-08-12 05:38:00,빌라투룸,49994383,월세,05,경기도 광주시 퇴촌면 도수리,광주시,퇴촌면,100,65,0,55.93,16.92,2,한달한달 월세내는 3룸 저보증금 단기매물,https://www.zigbang.com/home/apt/items/49994383
2026-08-12 05:38:01,빌라투룸,49965381,전세,05,경기도 남양주시 조안면 삼봉리,남양주시,조안면,17000,0,0,55.52,16.79,4,남한강 보이는 복층 3룸 전세,https://www.zigbang.com/home/apt/items/49965381
2026-08-12 05:38:01,빌라투룸,49985701,매매,05,경기도 남양주시 조안면 삼봉리,남양주시,조안면,15000,0,15000,62.99,19.05,4,전망좋은 쓰리룸매매,https://www.zigbang.com/home/apt/items/49985701
2026-08-12 05:38:02,빌라투룸,49819366,월세,04,경기도 여주시 하동,여주시,하동,1000,62,0,42.98,13.0,4,여주시내 하동 투룸 풀옵션 월세입니다.,https://www.zigbang.com/home/apt/items/49819366
2026-08-12 05:38:02,빌라투룸,49839831,월세,04,경기도 여주시 점봉동,여주시,점봉동,6000,40,0,42.9,12.98,3,점봉동 신축급 풀옵션 투룸월세입니다.보증금 조정가능,https://www.zigbang.com/home/apt/items/49839831
2026-08-12 05:38:02,빌라투룸,49919302,월세,04,경기도 여주시 홍문동,여주시,홍문동,1000,72,0,42.9,12.98,4,이마트 홍문지구 바로앞 신축형 풀옵션 투룸입니다.즉시입주,https://www.zigbang.com/home/apt/items/49919302
2026-08-12 05:38:02,빌라투룸,49933111,매매,05,경기도 여주시 현암동,여주시,현암동,16500,0,16500,48.17,14.57,2,위치좋은 주택가지역 신축급매물 2층짜리 이쁜집 시세대비저렴,https://www.zigbang.com/home/apt/items/49933111
2026-08-12 05:38:02,빌라투룸,49965625,월세,04,경기도 여주시 점봉동,여주시,점봉동,1000,69,0,40.28,12.18,3,"점봉동 준신축 투룸 월세,",https://www.zigbang.com/home/apt/items/49965625
2026-08-12 05:38:02,빌라투룸,50018370,월세,04,경기도 여주시 하동,여주시,하동,500,64,0,39.67,12.0,3,"여주시내 하동 풀옵션 투룸 월세,즉시입주가",https://www.zigbang.com/home/apt/items/50018370
2026-08-12 05:38:02,빌라투룸,50021801,월세,04,경기도 여주시 가업동,여주시,가업동,1000,60,0,50,15.12,3,"거실 넓고, 해 잘들고,깨끗한 투룸 저렴한가격",https://www.zigbang.com/home/apt/items/50021801
2026-08-12 05:38:04,빌라투룸,49948105,월세,04,강원도 원주시 우산동,원주시,우산동,300,55,0,46.28,14.0,2,클릭 상지대정문 도보8분거리 깔끔한 풀옵션 투룸,https://www.zigbang.com/home/apt/items/49948105
2026-08-12 05:38:03,빌라투룸,49901923,월세,04,강원도 원주시 지정면 가곡리,원주시,지정면,1000,75,0,69.42,21.0,3,클릭 섬강중학교 맞은편 준신축 넓은 풀옵션 투룸,https://www.zigbang.com/home/apt/items/49901923
2026-08-12 05:37:51,빌라투룸,49856987,매매,05,서울시 도봉구 쌍문동,도봉구,쌍문동,21000,0,21000,48.99,14.82,4,ㅁ가격다운 초급매ㅁ채광끝내주는 올리모델링 쓰리룸ㅁ,https://www.zigbang.com/home/apt/items/49856987
2026-08-12 05:37:51,빌라투룸,49914670,매매,04,서울시 도봉구 쌍문동,도봉구,쌍문동,18000,0,18000,40,12.1,5,대형 평수 투룸 컨디션 채광 싸이즈 가격 모든걸 맞춘매물,https://www.zigbang.com/home/apt/items/49914670
2026-08-12 05:37:51,빌라투룸,49915685,매매,04,서울시 도봉구 창동,도봉구,창동,22500,0,22500,29.95,9.06,7,ㅁ17년준공 넓고깔끔한 투룸 보러오세요ㅁ,https://www.zigbang.com/home/apt/items/49915685
2026-08-12 05:37:51,빌라투룸,50013777,매매,05,서울시 도봉구 쌍문동,도봉구,쌍문동,35000,0,35000,45.2,13.67,4,l 뷰맛집 l 테라스2개 l 복층형 3룸 l,https://www.zigbang.com/home/apt/items/50013777
2026-08-12 05:38:06,빌라투룸,49037016,매매,05,경기도 남양주시 화도읍 묵현리,남양주시,화도읍,24500,0,24500,58.57,17.72,4,신축 조망좋은  특가 3룸,https://www.zigbang.com/home/apt/items/49037016
2026-08-12 05:38:06,빌라투룸,49545903,매매,05,경기도 남양주시 화도읍 차산리,남양주시,화도읍,36000,0,36000,84.94,25.69,1,100프로 실매물 최저 실입주금 상담가능,https://www.zigbang.com/home/apt/items/49545903
2026-08-12 05:38:06,빌라투룸,49671884,매매,05,경기도 남양주시 화도읍 마석우리,남양주시,화도읍,17000,0,17000,69.3,20.96,2,깨끗한 3룸 엘베없는 2층매물,https://www.zigbang.com/home/apt/items/49671884
2026-08-12 05:38:06,빌라투룸,49732648,매매,05,경기도 남양주시 화도읍 창현리,남양주시,화도읍,27000,0,27000,69.25,20.95,2,마석역 도보 14분 롯데마트 도보 8분,https://www.zigbang.com/home/apt/items/49732648
2026-08-12 05:38:06,빌라투룸,49759621,매매,05,경기도 남양주시 화도읍 창현리,남양주시,화도읍,21000,0,21000,50.26,15.2,3,최저입주금가능ㅣ외국인대출가능ㅣ엘베OKㅣ디딤돌 ㅣ 컨디션최상,https://www.zigbang.com/home/apt/items/49759621
2026-08-12 05:38:06,빌라투룸,49776042,매매,05,경기도 남양주시 화도읍 묵현리,남양주시,화도읍,13500,0,13500,67.5,20.42,4,실매물 0 집주인인증 0 방문약속가능,https://www.zigbang.com/home/apt/items/49776042
2026-08-12 05:38:06,빌라투룸,49867108,월세,04,경기도 남양주시 화도읍 묵현리,남양주시,화도읍,1000,50,0,30,9.07,2,"공실 즉시입주 방2, 화1 베란다 천마산역인근",https://www.zigbang.com/home/apt/items/49867108
2026-08-12 05:38:06,빌라투룸,49916561,매매,05,경기도 남양주시 화도읍 묵현리,남양주시,화도읍,16000,0,16000,52.98,16.03,3,올리모델링 보일러교체 입주청소까지 완료된 깔끔한쓰리룸,https://www.zigbang.com/home/apt/items/49916561
2026-08-12 05:38:06,빌라투룸,49958994,월세,05,경기도 남양주시 화도읍 창현리,남양주시,화도읍,1000,80,0,50,15.12,2,10월초 입주가능 2층 쓰리룸,https://www.zigbang.com/home/apt/items/49958994
2026-08-12 05:38:06,빌라투룸,49977135,월세,04,경기도 남양주시 화도읍 마석우리,남양주시,화도읍,1000,50,0,36.36,11.0,3,화도읍행정센타 후문 주변  투룸,https://www.zigbang.com/home/apt/items/49977135
2026-08-12 05:38:06,빌라투룸,50018449,월세,04,경기도 남양주시 화도읍 창현리,남양주시,화도읍,1000,60,0,30,9.07,1,빠른입주가능한 1층 투룸,https://www.zigbang.com/home/apt/items/50018449
2026-08-12 05:38:06,빌라투룸,50023519,월세,04,경기도 남양주시 화도읍 마석우리,남양주시,화도읍,500,54,0,27.01,8.17,1,"oO1층투룸,세탁기, 집앞버정,중심상가5분컷Oo",https://www.zigbang.com/home/apt/items/50023519
2026-08-12 05:38:06,빌라투룸,50023548,월세,05,경기도 남양주시 화도읍 마석우리,남양주시,화도읍,2000,70,0,60.01,18.15,2,oO심석고 부근 생활권 편리한 깨끗하고 넓은 쓰리룸Oo,https://www.zigbang.com/home/apt/items/50023548
2026-08-12 05:38:06,빌라투룸,50024536,월세,04,경기도 남양주시 화도읍 마석우리,남양주시,화도읍,1000,50,0,27.01,8.17,1,"oO풀옵션,귀한투룸,집상태깔끔,위치굿,1층투룸,교통편리Oo",https://www.zigbang.com/home/apt/items/50024536
2026-08-12 05:38:06,빌라투룸,50023562,월세,05,경기도 남양주시 화도읍 묵현리,남양주시,화도읍,12000,15,0,59.5,18.0,3,"oO채광굿,방3,화2,전세대출가능,보증보험가능Oo",https://www.zigbang.com/home/apt/items/50023562
2026-08-12 05:38:06,빌라투룸,50005996,월세,04,경기도 남양주시 화도읍 마석우리,남양주시,화도읍,3000,40,0,33.06,10.0,2,공실 수리된집 기름보일러 전세6000가능,https://www.zigbang.com/home/apt/items/50005996
2026-08-12 05:38:06,빌라투룸,50023567,월세,04,경기도 남양주시 화도읍 마석우리,남양주시,화도읍,1000,55,0,42.97,13.0,1,"oO마석역도보2분컷,하나로마트,마석시내,주차불가Oo",https://www.zigbang.com/home/apt/items/50023567
2026-08-12 05:38:09,빌라투룸,49842485,월세,04,강원도 홍천군 남면 양덕원리,홍천군,남면,2000,50,0,39.67,12.0,3,풀옵션 투룸홍천 남면.즉시입주.전세가능,https://www.zigbang.com/home/apt/items/49842485
2026-08-12 05:38:09,빌라투룸,49959363,전세,04,강원도 홍천군 남면 양덕원리,홍천군,남면,5000,0,0,38.76,11.72,3,깨끗한 풀옵션 미니투룸.반전세가능,https://www.zigbang.com/home/apt/items/49959363
2026-08-12 05:38:10,빌라투룸,49545988,월세,04,강원도 홍천군 홍천읍,홍천군,홍천읍,1000,63,0,48.96,14.81,2,투룸 풀옵션 방2.거실,https://www.zigbang.com/home/apt/items/49545988
2026-08-12 05:38:10,빌라투룸,49650639,월세,04,강원도 홍천군 홍천읍 갈마곡리,홍천군,홍천읍,5000,30,0,49.59,15.0,2,즉시입주가능  옵션있는 투룸 인테리어최상 전세1억 가능,https://www.zigbang.com/home/apt/items/49650639
2026-08-12 05:38:10,빌라투룸,49856944,월세,04,강원도 홍천군 홍천읍 희망리,홍천군,홍천읍,500,50,0,49.58,15.0,3,가성비 최고 가성비 좋은월세,https://www.zigbang.com/home/apt/items/49856944
2026-08-12 05:38:10,빌라투룸,49862310,월세,04,강원도 홍천군 홍천읍 갈마곡리,홍천군,홍천읍,1000,65,0,44.19,13.37,3,신혼부부환영 인테리어이쁨.. 저렴하게 전세도 가능해요..,https://www.zigbang.com/home/apt/items/49862310
2026-08-12 05:38:10,빌라투룸,49895810,전세,04,강원도 홍천군 홍천읍 갈마곡리,홍천군,홍천읍,7000,0,0,36.36,11.0,2,홍천 신시가지 풀옵션 미니투룸,https://www.zigbang.com/home/apt/items/49895810
2026-08-12 05:38:10,빌라투룸,49965815,월세,04,강원도 홍천군 홍천읍 갈마곡리,홍천군,홍천읍,2000,50,0,39.67,12.0,2,풀옵션 거실있는 투룸  심플한 인테리어,https://www.zigbang.com/home/apt/items/49965815
2026-08-12 05:38:10,빌라투룸,50018912,월세,05,강원도 홍천군 홍천읍 갈마곡리,홍천군,홍천읍,3000,70,0,99.17,30.0,4,상태좋은 쓰리룸전망있고 개인옥상있음전망트임,https://www.zigbang.com/home/apt/items/50018912
2026-08-12 05:38:11,빌라투룸,49446192,전세,04,강원도 춘천시 동내면 학곡리,춘천시,동내면,11000,0,0,49.59,15.0,3,"준신축2룸.풀옵션 전세.엘베, 주차장 넓어요",https://www.zigbang.com/home/apt/items/49446192
2026-08-12 05:38:11,빌라투룸,49696092,매매,05,강원도 춘천시 동내면 학곡리,춘천시,동내면,45000,0,45000,88.4,26.74,1,전원생활하면서텃밭가꾸기 좋은 매물이며 주변시세대비저렴함,https://www.zigbang.com/home/apt/items/49696092
2026-08-12 05:38:11,빌라투룸,49710748,월세,05,강원도 춘천시 동내면 학곡리,춘천시,동내면,3000,110,0,132.23,40.0,4,"학곡리.신축,주인세대 .대형3룸",https://www.zigbang.com/home/apt/items/49710748
2026-08-12 05:38:11,빌라투룸,49779312,월세,04,강원도 춘천시 동내면 학곡리,춘천시,동내면,500,55,0,43,13.01,3,ㅣ학곡리 내ㅣ주차편리ㅣ깔끔한 인테리어ㅣ신축투룸ㅣ,https://www.zigbang.com/home/apt/items/49779312
2026-08-12 05:38:11,빌라투룸,49803357,월세,04,강원도 춘천시 동내면 학곡리,춘천시,동내면,500,55,0,48,14.52,3,학곡리 인근 화이트 AAA급 신축급 투룸,https://www.zigbang.com/home/apt/items/49803357
2026-08-12 05:38:11,빌라투룸,49840298,월세,04,강원도 춘천시 동내면 학곡리,춘천시,동내면,500,50,0,49.59,15.0,2,학곡리 아기자기한 투룸,https://www.zigbang.com/home/apt/items/49840298
2026-08-12 05:38:11,빌라투룸,49851435,월세,04,강원도 춘천시 동내면 학곡리,춘천시,동내면,500,55,0,42,12.7,3,"ㅁㅁ 학곡리 신축 풀옵션, 주차장, 엘리베이터,",https://www.zigbang.com/home/apt/items/49851435
2026-08-12 05:38:11,빌라투룸,49865871,월세,04,강원도 춘천시 동내면 학곡리,춘천시,동내면,500,57,0,45,13.61,3,ㅣ학곡리 내ㅣ주차편리ㅣ깔끔한 인테리어ㅣ신축투룸ㅣ,https://www.zigbang.com/home/apt/items/49865871
2026-08-12 05:38:11,빌라투룸,49969646,월세,04,강원도 춘천시 동내면 학곡리,춘천시,동내면,500,53,0,45,13.61,2,"ㅁㅁ 학곡리 신축, 풀옵션 투룸 월세,",https://www.zigbang.com/home/apt/items/49969646
2026-08-12 05:38:11,빌라투룸,49971539,월세,04,강원도 춘천시 동내면 학곡리,춘천시,동내면,500,53,0,46.28,14.0,2,학곡리 조용학 주차편한 좋은 구조의 투룸,https://www.zigbang.com/home/apt/items/49971539
2026-08-12 05:38:11,빌라투룸,49989921,월세,04,강원도 춘천시 동내면 학곡리,춘천시,동내면,7000,24,0,55,16.64,2,"학곡리 하나로마트 3분, 거실OK 햇볕 쨍쨍 신축 투룸",https://www.zigbang.com/home/apt/items/49989921
2026-08-12 05:38:11,빌라투룸,49992121,월세,04,강원도 춘천시 동내면 학곡리,춘천시,동내면,500,49,0,42,12.7,2,"ㅁㅁ 학곡리 신축 풀옵션 투룸, 엘리베이터,",https://www.zigbang.com/home/apt/items/49992121
2026-08-12 05:38:11,빌라투룸,50006783,월세,04,강원도 춘천시 동내면 학곡리,춘천시,동내면,500,57,0,48,14.52,3,학곡리 인테리어 좋은 신축급 투룸,https://www.zigbang.com/home/apt/items/50006783
2026-08-12 05:38:11,빌라투룸,49768148,매매,04,강원도 춘천시 신북읍 천전리,춘천시,신북읍,31000,0,31000,82.98,25.1,1,신북읍 천전리 언덕지곳에 위치한 전원주택 방2개,https://www.zigbang.com/home/apt/items/49768148
2026-08-12 05:38:11,빌라투룸,49755274,월세,04,강원도 춘천시 동면 장학리,춘천시,동면,500,60,0,46.98,14.21,3,장학택지내 넓은거실과 방,https://www.zigbang.com/home/apt/items/49755274
2026-08-12 05:38:11,빌라투룸,49755286,전세,05,강원도 춘천시 동면 지내리,춘천시,동면,7500,0,0,62.49,18.9,2,남향 주인거주로 깔끔합니다.,https://www.zigbang.com/home/apt/items/49755286
2026-08-12 05:38:11,빌라투룸,49765866,월세,04,강원도 춘천시 후평동,춘천시,후평동,500,61,0,42.98,13.0,3,신축급  채광좋으며 집상태최상,https://www.zigbang.com/home/apt/items/49765866
2026-08-12 05:38:11,빌라투룸,49766501,월세,04,강원도 춘천시 후평동,춘천시,후평동,500,61,0,46.28,14.0,3,ㅁㅁ후평동 종합청사 근처 풀옵션 신축급 투룸ㅁㅁ,https://www.zigbang.com/home/apt/items/49766501
2026-08-12 05:38:11,빌라투룸,49868927,월세,04,강원도 춘천시 후평동,춘천시,후평동,500,60,0,45,13.61,3,"ㅁㅁ 동광오거리쪽, 풀옵션 투룸,",https://www.zigbang.com/home/apt/items/49868927
2026-08-12 05:38:11,빌라투룸,49877145,월세,04,강원도 춘천시 후평동,춘천시,후평동,500,60,0,50.3,15.22,3,l동광오거리 l방크기 여유로운l 투룸 월세l,https://www.zigbang.com/home/apt/items/49877145
2026-08-12 05:38:11,빌라투룸,49911529,월세,04,강원도 춘천시 동면 장학리,춘천시,동면,600,67,0,46.28,14.0,3,장학리 한림성심대인근 넓은 투룸입니다 전세도가능합니다,https://www.zigbang.com/home/apt/items/49911529
2026-08-12 05:38:11,빌라투룸,49930372,월세,05,강원도 춘천시 후평동,춘천시,후평동,6500,70,0,100,30.25,5,"후평동 동광오거리 부근, 옥상단독사용 주인세대 복층 쓰리룸",https://www.zigbang.com/home/apt/items/49930372
2026-08-12 05:38:11,빌라투룸,49939592,월세,04,강원도 춘천시 후평동,춘천시,후평동,5000,25,0,52.89,16.0,1,"후평동 아이파크 부근, 전세도OK 깔끔 투룸",https://www.zigbang.com/home/apt/items/49939592
2026-08-12 05:38:11,빌라투룸,49978534,월세,04,강원도 춘천시 후평동,춘천시,후평동,500,60,0,47,14.22,2,ㅣ춘천기공 부근ㅣ넓은 구조ㅣ깔끔한 인테리어ㅣ신축투룸ㅣ,https://www.zigbang.com/home/apt/items/49978534
2026-08-12 05:38:11,빌라투룸,49994814,월세,04,강원도 춘천시 동면 장학리,춘천시,동면,500,55,0,42.98,13.0,3,신축급 깔끔하고 넓은 투룸,https://www.zigbang.com/home/apt/items/49994814
2026-08-12 05:38:11,빌라투룸,50001112,월세,04,강원도 춘천시 후평동,춘천시,후평동,500,60,0,59.5,18.0,3,구조Good.거실 반듯한 2룸.,https://www.zigbang.com/home/apt/items/50001112
2026-08-12 05:38:11,빌라투룸,50004890,월세,04,강원도 춘천시 후평동,춘천시,후평동,500,60,0,49.59,15.0,2,후평동 거실이 매우 넓은 신축 투룸,https://www.zigbang.com/home/apt/items/50004890
2026-08-12 05:38:13,빌라투룸,49911327,매매,05,경상북도 문경시 공평동,문경시,공평동,15000,0,15000,70.76,21.4,2,엘리베이터 있는 빌라입니다.,https://www.zigbang.com/home/apt/items/49911327
2026-08-12 05:38:13,빌라투룸,49911440,매매,05,경상북도 문경시 모전동,문경시,모전동,16300,0,16300,77.36,23.4,3,"정남향으로 샤시까지 전체 올리모델링 ,집 상태 최상입니다",https://www.zigbang.com/home/apt/items/49911440
2026-08-12 05:38:13,빌라투룸,49940947,매매,05,경상북도 문경시 공평동,문경시,공평동,15000,0,15000,76.03,23.0,2,엘리베이터 있는 신축급 빌라 입니다,https://www.zigbang.com/home/apt/items/49940947
2026-08-12 05:38:13,빌라투룸,49940975,월세,05,경상북도 문경시 모전동,문경시,모전동,2000,51,0,78,23.59,3,"즉시입주 가능한 주인세대,  방3,화2,넓은거실",https://www.zigbang.com/home/apt/items/49940975
2026-08-12 05:38:14,빌라투룸,49361824,전세,04,경상북도 문경시 모전동,문경시,모전동,10000,0,0,62.81,19.0,2,깨끗하고 깔끔한 여중후문에있는 정투룸,https://www.zigbang.com/home/apt/items/49361824
2026-08-12 05:38:14,빌라투룸,49879603,월세,04,경상북도 문경시 모전동,문경시,모전동,500,40,0,40,12.1,3,상태가 아주 좋은 투룸입니다.,https://www.zigbang.com/home/apt/items/49879603
2026-08-12 05:38:14,빌라투룸,49911365,매매,04,경상북도 문경시 모전동,문경시,모전동,10000,0,10000,63.47,19.2,2,"방2,화1,거실 있어요 남향에 가까운 남동향으로 일조권좋음",https://www.zigbang.com/home/apt/items/49911365
2026-08-12 05:38:14,빌라투룸,49911400,매매,05,경상북도 문경시 흥덕동,문경시,흥덕동,15500,0,15500,84.74,25.63,4,"현재 공실,집 상태  좋습니다,전실이 있어 편리합니다",https://www.zigbang.com/home/apt/items/49911400
2026-08-12 05:38:14,빌라투룸,50012452,월세,04,경상북도 문경시 모전동,문경시,모전동,500,51,0,55,16.64,2,풀옵션 투룸 월세 나왔어요,https://www.zigbang.com/home/apt/items/50012452
2026-08-12 05:38:14,빌라투룸,50014728,월세,04,경상북도 문경시 점촌동,문경시,점촌동,500,55,0,50,15.12,3,점촌1동 동사무소 인근 투룸 월세,https://www.zigbang.com/home/apt/items/50014728
2026-08-12 05:38:14,빌라투룸,49911461,매매,05,경상북도 문경시 흥덕동,문경시,흥덕동,10500,0,10500,79.01,23.9,5,즉시입주 가능 도시가스 부분리모델링 되어 깨끗함,https://www.zigbang.com/home/apt/items/49911461
2026-08-12 05:38:19,빌라투룸,49429217,월세,05,경상북도 영주시 영주동,영주시,영주동,5000,53,0,84,25.41,3,영주초인근 쓰리룸 반전세 전세가능,https://www.zigbang.com/home/apt/items/49429217
2026-08-12 05:38:19,빌라투룸,49947303,월세,05,경상북도 영주시 가흥동,영주시,가흥동,2000,70,0,74,22.38,3,제일고 인근 쓰리룸,https://www.zigbang.com/home/apt/items/49947303
2026-08-12 05:38:59,빌라투룸,49736126,월세,04,강원도 강릉시 내곡동,강릉시,내곡동,500,60,0,55.98,16.93,반지하,내곡동 관대 투룸 월세 임대입니다,https://www.zigbang.com/home/apt/items/49736126
2026-08-12 05:38:59,빌라투룸,50000852,월세,05,강원도 강릉시 교동,강릉시,교동,2000,90,0,98.5,29.8,3,즉시입주가능   도배 줄눈 새로함  에어컨3대  도시가스,https://www.zigbang.com/home/apt/items/50000852
2026-08-12 05:38:59,빌라투룸,50000915,월세,04,강원도 강릉시 홍제동,강릉시,홍제동,1000,65,0,56.2,17.0,2,유천지구 신축 풀옵션 투룸  도시가스 주차시설,https://www.zigbang.com/home/apt/items/50000915
2026-08-12 05:39:08,빌라투룸,50003667,월세,05,경기도 연천군 전곡읍 전곡리,연천군,전곡읍,50,60,0,54.71,16.55,3,전곡리 방3화2 반려동물 전입신고 ok,https://www.zigbang.com/home/apt/items/50003667
2026-08-12 05:39:08,빌라투룸,50003792,월세,04,경기도 연천군 전곡읍 전곡리,연천군,전곡읍,50,55,0,36.08,10.91,3,전곡리 투룸 입니다 반려동물가능,https://www.zigbang.com/home/apt/items/50003792
2026-08-12 05:39:39,빌라투룸,49810622,전세,04,강원도 속초시 영랑동,속초시,영랑동,6000,0,0,70,21.17,5,즉시입주가능합니다,https://www.zigbang.com/home/apt/items/49810622
2026-08-12 05:39:39,빌라투룸,49810826,월세,04,강원도 속초시 영랑동,속초시,영랑동,3000,40,0,75,22.69,5,영랑호 부근 산책하기좋고 베란다에서  차한잔의 여유를 즐기,https://www.zigbang.com/home/apt/items/49810826
2026-08-12 05:39:39,빌라투룸,49918261,전세,04,강원도 속초시 청호동,속초시,청호동,8000,0,0,70,21.17,2,즉시입주가능 투룸,https://www.zigbang.com/home/apt/items/49918261
2026-08-12 05:39:39,빌라투룸,49732247,월세,04,강원도 속초시 조양동,속초시,조양동,300,45,0,39,11.8,3,투룸 넓은 다세대주택,https://www.zigbang.com/home/apt/items/49732247
2026-08-12 05:39:39,빌라투룸,49704571,월세,04,강원도 속초시 교동,속초시,교동,500,58,0,49.59,15.0,2,경찰서 뒤 인기좋은 투룸,https://www.zigbang.com/home/apt/items/49704571
2026-08-12 05:39:39,빌라투룸,49704659,월세,04,강원도 속초시 교동,속초시,교동,500,70,0,60,18.15,2,방2개 거실1개 넓은구조 옵션완비,https://www.zigbang.com/home/apt/items/49704659
2026-08-12 05:39:39,빌라투룸,49918264,전세,04,강원도 속초시 교동,속초시,교동,10000,0,0,78.87,23.86,5,주차편리한주인세대,https://www.zigbang.com/home/apt/items/49918264
2026-08-12 05:39:39,빌라투룸,49976962,월세,04,강원도 속초시 교동,속초시,교동,1000,55,0,60,18.15,5,월세는 관리비포함금액이며  보증금은 조율가능합니다.,https://www.zigbang.com/home/apt/items/49976962
2026-08-12 05:40:31,빌라투룸,49744879,월세,05,울산시 동구 방어동,동구,방어동,500,70,0,77.24,23.36,2,합리적인 가격빌라 상진항인근,https://www.zigbang.com/home/apt/items/49744879
2026-08-12 05:40:31,빌라투룸,49875831,월세,04,울산시 동구 전하동,동구,전하동,300,46,0,59.5,18.0,3,V우수V 남향 채광 좋은집방2 거실,https://www.zigbang.com/home/apt/items/49875831
2026-08-12 05:40:31,빌라투룸,49932496,월세,04,울산시 동구 화정동,동구,화정동,500,45,0,56.2,17.0,3,가성비방ㅣ방2개ㅣ깔끔한집ㅣ서두르세요,https://www.zigbang.com/home/apt/items/49932496
2026-08-12 05:40:31,빌라투룸,49937529,월세,04,울산시 동구 방어동,동구,방어동,500,56,0,58,17.54,3,풀옵션 엘베있는2014준공 best컨디션 거실넓은 깨끗한집,https://www.zigbang.com/home/apt/items/49937529
2026-08-12 05:40:31,빌라투룸,49937798,월세,04,울산시 동구 화정동,동구,화정동,500,46,0,56.2,17.0,3,V우수V 방2 주방채광좋은남향집,https://www.zigbang.com/home/apt/items/49937798
2026-08-12 05:40:31,빌라투룸,49949312,월세,04,울산시 동구 화정동,동구,화정동,1000,65,0,80,24.2,5,V우수V TV에서나 보던집,https://www.zigbang.com/home/apt/items/49949312
2026-08-12 05:40:31,빌라투룸,49952891,월세,04,울산시 동구 전하동,동구,전하동,500,51,0,59.5,18.0,3,V우수V 방2거실남동향채광좋음,https://www.zigbang.com/home/apt/items/49952891
2026-08-12 05:40:31,빌라투룸,49956754,월세,04,울산시 동구 방어동,동구,방어동,500,59,0,66.12,20.0,3,V우수V 방2 거실사이즈 넓음,https://www.zigbang.com/home/apt/items/49956754
2026-08-12 05:40:31,빌라투룸,49972329,월세,05,울산시 동구 방어동,동구,방어동,300,58,0,52.89,16.0,3,전속 겁나크 밝은집 풀옵션 즉시입주 쓰리룸,https://www.zigbang.com/home/apt/items/49972329
2026-08-12 05:40:31,빌라투룸,49997904,월세,05,울산시 동구 전하동,동구,전하동,1000,68,0,49.58,15.0,3,준신축급ㅣ방2화1ㅣ거실활용가능ㅣ풀옵션ㅣ,https://www.zigbang.com/home/apt/items/49997904
2026-08-12 05:40:36,빌라투룸,49886023,월세,04,울산시 동구 전하동,동구,전하동,300,61,0,56.2,17.0,3,V우수V 방2 화장실2,https://www.zigbang.com/home/apt/items/49886023
2026-08-12 05:40:36,빌라투룸,49703514,월세,04,울산시 북구 양정동,북구,양정동,1000,51,0,55.12,16.67,2,현차 출퇴근 용이. 컨디션 좋은 방2 거실 부엌 따로,https://www.zigbang.com/home/apt/items/49703514
2026-08-12 05:40:36,빌라투룸,49731832,전세,05,울산시 북구 염포동,북구,염포동,9000,0,0,86,26.01,4,방3 거실 주인세대 안전한전세,https://www.zigbang.com/home/apt/items/49731832
2026-08-12 05:40:36,빌라투룸,49780905,월세,05,울산시 북구 염포동,북구,염포동,1000,50,0,90.1,27.26,3,리모델링된방 방3 복층 넓은공간,https://www.zigbang.com/home/apt/items/49780905
2026-08-12 05:40:36,빌라투룸,50016135,월세,05,울산시 북구 양정동,북구,양정동,500,75,0,85.4,25.83,1,방3개 화장실2개 발코니 주차장 없음,https://www.zigbang.com/home/apt/items/50016135
2026-08-12 05:40:44,빌라투룸,49544702,전세,04,경상북도 포항시 북구 양덕동,포항시 북구,양덕동,5000,0,0,62.81,19.0,3,투룸ㅡ풀옵션ㅡ하나로마트,https://www.zigbang.com/home/apt/items/49544702
2026-08-12 05:40:44,빌라투룸,49802522,월세,05,경상북도 포항시 북구 양덕동,포항시 북구,양덕동,3000,51,0,95.87,29.0,2,양덕초 인근 테라스가 있는 상가주택 주인세대,https://www.zigbang.com/home/apt/items/49802522
2026-08-12 05:40:44,빌라투룸,49804598,전세,05,경상북도 포항시 북구 장성동,포항시 북구,장성동,12000,0,0,142.57,43.13,5,환호힐스테이트2단지 인근 신축 첫입주 럭셔리한 주인세대,https://www.zigbang.com/home/apt/items/49804598
2026-08-12 05:40:44,빌라투룸,49816711,월세,04,경상북도 포항시 북구 장성동,포항시 북구,장성동,500,50,0,63,19.06,2,대형투룸ㅡ힐스테이트인근ㅡ깔끔,https://www.zigbang.com/home/apt/items/49816711
2026-08-12 05:40:44,빌라투룸,49842571,월세,04,경상북도 포항시 북구 장성동,포항시 북구,장성동,500,50,0,17,5.14,2,환호공원힐스테이트 인근 채광 통풍 관리 잘된  신축 투룸,https://www.zigbang.com/home/apt/items/49842571
2026-08-12 05:40:44,빌라투룸,49872753,월세,05,경상북도 포항시 북구 장성동,포항시 북구,장성동,400,41,0,80,24.2,4,양덕해마트인근ㅡ쓰리룸,https://www.zigbang.com/home/apt/items/49872753
2026-08-12 05:40:44,빌라투룸,49878726,월세,04,경상북도 포항시 북구 장성동,포항시 북구,장성동,300,34,0,60,18.15,4,투룸ㅡ두산위브인근 ㅡ장성파출소인근,https://www.zigbang.com/home/apt/items/49878726
2026-08-12 05:40:44,빌라투룸,49915488,월세,04,경상북도 포항시 북구 장성동,포항시 북구,장성동,300,36,0,59.5,18.0,4,두산위브부근 풀옵션 정투룸,https://www.zigbang.com/home/apt/items/49915488
2026-08-12 05:40:44,빌라투룸,49920348,월세,04,경상북도 포항시 북구 양덕동,포항시 북구,양덕동,5000,40,0,49.59,15.0,2,양덕 하나로마트 길건너 정투룸 반전세,https://www.zigbang.com/home/apt/items/49920348
2026-08-12 05:40:44,빌라투룸,49920548,월세,04,경상북도 포항시 북구 장성동,포항시 북구,장성동,500,51,0,62.81,19.0,2,학생문화회관 인근 귀한 정투룸,https://www.zigbang.com/home/apt/items/49920548
2026-08-12 05:40:44,빌라투룸,49921381,월세,04,경상북도 포항시 북구 장성동,포항시 북구,장성동,500,36,0,49.7,15.03,2,경성홈타운 인근 위치한 깔끔하게 리모델링된 투룸입니다.,https://www.zigbang.com/home/apt/items/49921381
2026-08-12 05:40:44,빌라투룸,49921567,월세,04,경상북도 포항시 북구 장성동,포항시 북구,장성동,1000,51,0,52.89,16.0,2,"두산위브 인근, 프리미엄 신축 오피스텔형 투룸급",https://www.zigbang.com/home/apt/items/49921567
2026-08-12 05:40:44,빌라투룸,49934334,월세,04,경상북도 포항시 북구 장성동,포항시 북구,장성동,500,41,0,50,15.12,2,상가주택 풀옵션 정투룸,https://www.zigbang.com/home/apt/items/49934334
2026-08-12 05:40:44,빌라투룸,50020764,월세,04,경상북도 포항시 북구 장성동,포항시 북구,장성동,2000,35,0,49.59,15.0,3,"옵션새것, 뻥뷰, 반전세, 깔끔한, 정투룸",https://www.zigbang.com/home/apt/items/50020764
2026-08-12 05:42:10,오피스텔,49960961,매매,02,제주도 서귀포시 대정읍 보성리,서귀포시,대정읍,15000,0,15000,66.12,20.0,4,영어마을 1.5룸 오피스텔 매매,https://www.zigbang.com/home/apt/items/49960961
2026-08-12 05:42:11,오피스텔,50013339,월세,01,제주도 서귀포시 중문동,서귀포시,중문동,200,38,0,43.63,13.2,7,고층.테라스창고사용가능.중문 관광단지 인근 풀옵션 원룸,https://www.zigbang.com/home/apt/items/50013339
2026-08-12 05:42:11,오피스텔,50013348,월세,02,제주도 서귀포시 중문동,서귀포시,중문동,200,39,0,49.6,15.0,저,단기가능.풀옵션 1.5룸,https://www.zigbang.com/home/apt/items/50013348
2026-08-12 05:42:11,오피스텔,49843172,월세,02,제주도 서귀포시 중문동,서귀포시,중문동,200,45,0,49.6,15.0,6,남향 바다경관 최상. 분리형 1.5룸 방 거실 넓음,https://www.zigbang.com/home/apt/items/49843172
2026-08-12 05:42:11,오피스텔,49531328,월세,01,제주도 서귀포시 중문동,서귀포시,중문동,200,35,0,37.5,11.34,7,테라스 있음. 확트인 한라산 경관. 자주식 주차. 클린하우,https://www.zigbang.com/home/apt/items/49531328
2026-08-12 05:42:11,오피스텔,49924708,월세,04,제주도 서귀포시 중문동,서귀포시,중문동,200,45,0,56.14,16.98,4,전입신고 가능. 분리형. 작은방 2개. 시스템 에어컨 2대,https://www.zigbang.com/home/apt/items/49924708
2026-08-12 05:42:11,오피스텔,50013446,월세,02,제주도 서귀포시 중문동,서귀포시,중문동,200,45,0,60.03,18.16,5,"방,거실 분리형",https://www.zigbang.com/home/apt/items/50013446
2026-08-12 05:42:11,오피스텔,49776172,월세,02,제주도 서귀포시 중문동,서귀포시,중문동,200,45,0,49.6,15.0,4,바다뷰 풀옵션 분리형 원룸,https://www.zigbang.com/home/apt/items/49776172
2026-08-12 05:42:11,오피스텔,50013460,월세,01,제주도 서귀포시 중문동,서귀포시,중문동,200,43,0,57.87,17.51,3,중문관광단지 인근 넓은 풀옵션 원룸,https://www.zigbang.com/home/apt/items/50013460
2026-08-12 05:42:11,오피스텔,49895913,월세,01,제주도 서귀포시 중문동,서귀포시,중문동,200,30,0,40.93,12.38,7,테라스 있음. 클린하우스 코인세탁방 헬스클럽 골프퍼팅장,https://www.zigbang.com/home/apt/items/49895913
2026-08-12 05:42:11,오피스텔,49767116,전세,02,제주도 서귀포시 대포동,서귀포시,대포동,8500,0,0,52.41,15.85,3,"분리형 1,5룸 방 거실 넓음. 풀옵션. 시스템 에어컨.",https://www.zigbang.com/home/apt/items/49767116
2026-08-12 05:42:11,오피스텔,49925295,월세,01,제주도 서귀포시 서귀동,서귀포시,서귀동,200,40,0,24,7.26,저,더그레이튼 중앙로터리부근 오피스텔,https://www.zigbang.com/home/apt/items/49925295
2026-08-12 05:42:11,오피스텔,49925982,월세,01,제주도 서귀포시 서귀동,서귀포시,서귀동,200,50,0,24,7.26,7,단기 부터 사용 가능한 오피스텔,https://www.zigbang.com/home/apt/items/49925982
2026-08-12 05:42:11,오피스텔,49926166,월세,01,제주도 서귀포시 서귀동,서귀포시,서귀동,300,60,0,49.58,15.0,6,고급스러운 원,https://www.zigbang.com/home/apt/items/49926166
2026-08-12 05:42:11,오피스텔,49926799,월세,01,제주도 서귀포시 서귀동,서귀포시,서귀동,200,45,0,28.09,8.5,5,단기 6개월 부터 계약되는 오피스텔,https://www.zigbang.com/home/apt/items/49926799
2026-08-12 05:42:11,오피스텔,49710254,월세,01,제주도 서귀포시 법환동,서귀포시,법환동,200,40,0,30.02,9.08,7,서귀포 김정문화로 인근 깔끔한 오픈형 원룸,https://www.zigbang.com/home/apt/items/49710254
2026-08-12 05:42:11,오피스텔,50007483,월세,01,제주도 서귀포시 법환동,서귀포시,법환동,200,45,0,29.75,9.0,5,3개월 단기 계약 가능하며 바다가보이는 정남,https://www.zigbang.com/home/apt/items/50007483
2026-08-12 05:42:11,오피스텔,49969282,월세,04,제주도 서귀포시 강정동,서귀포시,강정동,50,100,0,99.1,29.98,10,"넓은투룸, 풀옵션 ,신시가지 삼다오피스텔",https://www.zigbang.com/home/apt/items/49969282
2026-08-12 05:42:11,오피스텔,49965252,월세,01,제주도 서귀포시 강정동,서귀포시,강정동,200,33,0,33.06,10.0,중,루스트 건물 풀옵션 원룸,https://www.zigbang.com/home/apt/items/49965252
2026-08-12 05:42:11,오피스텔,49842729,월세,01,제주도 서귀포시 강정동,서귀포시,강정동,200,35,0,33.53,10.14,중,신시가지 루스트플레이스 건물 오픈형 원룸,https://www.zigbang.com/home/apt/items/49842729
2026-08-12 05:42:11,오피스텔,49925339,월세,01,제주도 서귀포시 법환동,서귀포시,법환동,200,35,0,29.75,9.0,1,단기 3개월 가능,https://www.zigbang.com/home/apt/items/49925339
2026-08-12 05:42:11,오피스텔,49841346,월세,01,제주도 서귀포시 법환동,서귀포시,법환동,200,35,0,25.26,7.64,2,신시가지 중심지 원룸 오피스텔,https://www.zigbang.com/home/apt/items/49841346
2026-08-12 05:42:11,오피스텔,50007325,월세,01,제주도 서귀포시 강정동,서귀포시,강정동,200,40,0,24,7.26,10,베란다가 있는 원룸,https://www.zigbang.com/home/apt/items/50007325
2026-08-12 05:42:16,오피스텔,49961830,매매,02,제주도 제주시 아라일동,제주시,아라일동,9000,0,9000,39,11.8,고,아라동 깔끔한 1.5룸. 입주가능,https://www.zigbang.com/home/apt/items/49961830
2026-08-12 05:42:16,오피스텔,49869328,월세,01,제주도 제주시 애월읍 하귀1리,제주시,애월읍,300,50,0,50,15.12,7,전입가능 하귀하나로옆 주차좋은 모닝시티 오피스텔 월세,https://www.zigbang.com/home/apt/items/49869328
2026-08-12 05:42:23,오피스텔,49710329,월세,01,제주도 서귀포시 동홍동,서귀포시,동홍동,200,35,0,30.37,9.19,고,동홍동 플라스마트 남쪽 깔끔한 원룸,https://www.zigbang.com/home/apt/items/49710329
2026-08-12 05:42:29,오피스텔,49911298,월세,01,제주도 제주시 조천읍 신촌리,제주시,조천읍,100,66,0,41.97,12.7,3,조천읍 신촌리 신축 막힘없는 풀옵션급 평수 넓은 원룸 년세,https://www.zigbang.com/home/apt/items/49911298
2026-08-12 05:44:07,오피스텔,50011969,매매,01,전남광주시 진도군 조도면 맹골도리,진도군,조도면,50000,0,50000,88.88,26.89,8,테스트 매물입니다. 소속중개,https://www.zigbang.com/home/apt/items/50011969
2026-08-12 05:44:07,오피스텔,49853033,월세,02,전남광주시 진도군 조도면 맹골도리,진도군,조도면,12345,50,0,89,26.92,1,QA SH 오피스텔3 매물입니다. 월세,https://www.zigbang.com/home/apt/items/49853033
2026-08-12 05:44:07,오피스텔,49871212,전세,02,전남광주시 진도군 조도면 맹골도리,진도군,조도면,5000,0,0,77.1,23.32,1,QA자동화 오피스텔 매물,https://www.zigbang.com/home/apt/items/49871212
2026-08-12 05:44:07,오피스텔,49871214,전세,05,전남광주시 진도군 조도면 맹골도리,진도군,조도면,8000,0,0,77.1,23.32,1,QA자동화 오피스텔 매물,https://www.zigbang.com/home/apt/items/49871214
2026-08-12 05:46:35,오피스텔,49989399,월세,04,전남광주시 나주시 빛가람동,나주시,빛가람동,3000,55,0,95.87,29.0,12,빛가람동 중흥메가티움 2차 2룸임대,https://www.zigbang.com/home/apt/items/49989399
2026-08-12 05:46:35,오피스텔,49798590,월세,01,전남광주시 나주시 빛가람동,나주시,빛가람동,1000,48,0,30.77,9.31,중,생활권편리한 신축 오피스텔입니다.,https://www.zigbang.com/home/apt/items/49798590
2026-08-12 05:46:35,오피스텔,49795967,월세,01,전남광주시 나주시 빛가람동,나주시,빛가람동,500,50,0,30.77,9.31,6,생활권이 편리한 오피스텔입니다.,https://www.zigbang.com/home/apt/items/49795967
2026-08-12 05:46:35,오피스텔,49845384,월세,02,전남광주시 나주시 빛가람동,나주시,빛가람동,1000,55,0,70.7,21.39,중,빛가람동 토담휴로스1차 분리형원룸 임대,https://www.zigbang.com/home/apt/items/49845384
2026-08-12 05:46:35,오피스텔,49862215,월세,01,전남광주시 나주시 빛가람동,나주시,빛가람동,300,42,0,46.28,14.0,11,빛가람동 중흥메가티움2차 원룸 임대,https://www.zigbang.com/home/apt/items/49862215
2026-08-12 05:46:35,오피스텔,49997501,월세,01,전남광주시 나주시 빛가람동,나주시,빛가람동,300,43,0,46,13.91,9,빛가람동 중흥1차 원룸 임대,https://www.zigbang.com/home/apt/items/49997501
2026-08-12 05:46:35,오피스텔,49798745,매매,01,전남광주시 나주시 빛가람동,나주시,빛가람동,8500,0,8500,30.77,9.31,중,생활권이 편리한 오피스텔입니다.,https://www.zigbang.com/home/apt/items/49798745
2026-08-12 05:46:36,오피스텔,49962365,월세,02,전남광주시 남구 진월동,남구,진월동,300,38,0,36.25,10.97,고,ㅁ진월동 광주대생 원픽 신축 풀옵션 원룸 화이트톤 귀한방,https://www.zigbang.com/home/apt/items/49962365
2026-08-12 05:46:35,오피스텔,49916902,월세,01,전남광주시 광산구 송정동,광산구,송정동,300,33,0,18.94,5.73,6,송정공원역 5분거리 도시형생활주택,https://www.zigbang.com/home/apt/items/49916902
2026-08-12 05:46:35,오피스텔,49916624,월세,01,전남광주시 광산구 송정동,광산구,송정동,300,38,0,29.6,8.95,3,KORㅇ송정공원역5분ㅇ화이트톤ㅇ넉넉한수납공간ㅇ,https://www.zigbang.com/home/apt/items/49916624
2026-08-12 05:46:35,오피스텔,50015771,월세,04,전남광주시 광산구 송정동,광산구,송정동,500,50,0,67.29,20.36,저,송정역 도보 5분거리  투룸형 오피스텔 월세,https://www.zigbang.com/home/apt/items/50015771
2026-08-12 05:46:35,오피스텔,49931766,월세,01,전남광주시 광산구 송정동,광산구,송정동,300,37,0,38.97,11.79,중,풀옵션 도시형생활주택 월세,https://www.zigbang.com/home/apt/items/49931766
2026-08-12 05:46:35,오피스텔,49697579,전세,01,전남광주시 광산구 송정동,광산구,송정동,4700,0,0,34.3,10.38,고,송정공원역 코앞  도시형생활주택 월세,https://www.zigbang.com/home/apt/items/49697579
2026-08-12 05:46:35,오피스텔,49931767,월세,04,전남광주시 광산구 송정동,광산구,송정동,1000,70,0,88.61,26.8,중,"송정역 역세권 오피스텔   월세,전세",https://www.zigbang.com/home/apt/items/49931767
2026-08-12 05:46:35,오피스텔,49867650,전세,01,전남광주시 광산구 송정동,광산구,송정동,4700,0,0,16.85,5.1,고,LH 전세가능  송정공원역 5분거리  도시형 생활주택,https://www.zigbang.com/home/apt/items/49867650
2026-08-12 05:46:35,오피스텔,49793494,전세,01,전남광주시 광산구 송정동,광산구,송정동,6000,0,0,39.68,12.0,13,풀옵션 도시형생활주택 전세,https://www.zigbang.com/home/apt/items/49793494
2026-08-12 05:46:44,오피스텔,49777980,월세,01,전남광주시 여수시 웅천동,여수시,웅천동,500,45,0,72.74,22.0,중,답답함 없는 시티뷰 티비 및 빌트인가전 풀옵션세대.,https://www.zigbang.com/home/apt/items/49777980
2026-08-12 05:46:44,오피스텔,49942226,월세,02,전남광주시 여수시 웅천동,여수시,웅천동,1000,39,0,55.14,16.68,고,"1년특가, 풀옵션 발코니 원룸, 단기가능",https://www.zigbang.com/home/apt/items/49942226
2026-08-12 05:46:44,오피스텔,49983054,월세,03,전남광주시 여수시 웅천동,여수시,웅천동,500,55,0,33.06,10.0,고,웅천 롯데캐슬마리나ll오션뷰ll최신축 풀옵션ll즉시입주ll,https://www.zigbang.com/home/apt/items/49983054
2026-08-12 05:46:44,오피스텔,49720099,월세,02,전남광주시 여수시 연등동,여수시,연등동,2000,59,0,56.2,17.0,중,llSOLll거실싸이즈 대박ll보증금 조정가능ll즉시입주,https://www.zigbang.com/home/apt/items/49720099
2026-08-12 05:46:44,오피스텔,49720068,월세,02,전남광주시 여수시 연등동,여수시,연등동,2400,63,0,56.2,17.0,중,llSOLll보증금 조정가능ll방1 거실1ll즉시입주 가능,https://www.zigbang.com/home/apt/items/49720068
2026-08-12 05:46:44,오피스텔,49720142,월세,01,전남광주시 여수시 연등동,여수시,연등동,1000,40,0,26.45,8.0,중,llSOLll보증금 조정가능ll즉시입주ll전입신고 가능ll,https://www.zigbang.com/home/apt/items/49720142
2026-08-12 05:46:44,오피스텔,49720014,월세,01,전남광주시 여수시 연등동,여수시,연등동,300,45,0,21.25,6.43,중,"llSOLll최신축 건물ll시스템AC, 공기청정기ll",https://www.zigbang.com/home/apt/items/49720014
2026-08-12 05:46:47,오피스텔,49690016,월세,01,전남광주시 순천시 남정동,순천시,남정동,100,25,0,33.06,10.0,5,남정지역최대규모오피스텔 즉시입주가능,https://www.zigbang.com/home/apt/items/49690016
2026-08-12 05:46:49,오피스텔,49991090,월세,01,전남광주시 광양시 마동,광양시,마동,500,35,0,36.45,11.03,3,신축 오피스텔 저렴한 인기 호실 추천해요,https://www.zigbang.com/home/apt/items/49991090
2026-08-12 05:47:27,오피스텔,49890503,월세,01,경상남도 진주시 가좌동,진주시,가좌동,500,50,0,66.31,20.06,4,ㅡ줌테라스ㅡ올전세도 가능,https://www.zigbang.com/home/apt/items/49890503
2026-08-12 05:47:27,오피스텔,49968067,월세,01,경상남도 진주시 가좌동,진주시,가좌동,500,55,0,66.31,20.06,중,ㅁ실매물ㅁ 신축 풀옵션 최고의 조건 오피스텔,https://www.zigbang.com/home/apt/items/49968067
2026-08-12 05:47:27,오피스텔,49968061,월세,01,경상남도 진주시 가좌동,진주시,가좌동,300,40,0,49.59,15.0,고,ㅁ대학생 강력추천ㅁ경상대 인기 폭발 두산오피스텔,https://www.zigbang.com/home/apt/items/49968061
2026-08-12 05:47:27,오피스텔,49559963,월세,01,경상남도 진주시 가좌동,진주시,가좌동,2000,30,0,30.91,9.35,3,단기가능㉧ㅡ8월중순입주가능ㅡ㉧추천BEST꿀방,https://www.zigbang.com/home/apt/items/49559963
2026-08-12 05:47:27,오피스텔,50000082,월세,03,경상남도 진주시 가좌동,진주시,가좌동,500,60,0,26,7.86,고,신진주 코아루웰가 큰평수 c타입 직장인추천,https://www.zigbang.com/home/apt/items/50000082
2026-08-12 05:47:27,오피스텔,49861255,월세,01,경상남도 진주시 가좌동,진주시,가좌동,500,54,0,53.57,16.2,중,신진주역세권 인기최강 오피스텔 금방나갑니다,https://www.zigbang.com/home/apt/items/49861255
2026-08-12 05:47:27,오피스텔,49990108,월세,01,경상남도 진주시 가좌동,진주시,가좌동,300,50,0,33.06,10.0,고,신진주 역세권 줌시티 오피스텔 원룸형,https://www.zigbang.com/home/apt/items/49990108
2026-08-12 05:47:27,오피스텔,49775171,전세,03,경상남도 진주시 가좌동,진주시,가좌동,9300,0,0,50,15.12,중,정말 귀한 신축 복층 풀옵션 전세 오피스텔,https://www.zigbang.com/home/apt/items/49775171
2026-08-12 05:47:27,오피스텔,49990106,월세,03,경상남도 진주시 가좌동,진주시,가좌동,300,57,0,27.63,8.36,11,가좌동 역세권 신축 복층 오피스텔,https://www.zigbang.com/home/apt/items/49990106
2026-08-12 05:47:27,오피스텔,49983030,월세,01,경상남도 진주시 가좌동,진주시,가좌동,500,50,0,51,15.43,고,신진주역세권 줌테라스 원룸형 오피스텔,https://www.zigbang.com/home/apt/items/49983030
2026-08-12 05:47:27,오피스텔,49771528,월세,03,경상남도 진주시 가좌동,진주시,가좌동,500,55,0,55.11,16.67,중,신진주 역세권 줌테라스 복층 단기가능,https://www.zigbang.com/home/apt/items/49771528
2026-08-12 05:47:27,오피스텔,49991105,월세,02,경상남도 진주시 가좌동,진주시,가좌동,500,45,0,28.03,8.48,6,ㅁ대학생 강력 추천ㅁ정말 귀한 미켈란젤로 오피스텔 임대,https://www.zigbang.com/home/apt/items/49991105
2026-08-12 05:47:28,오피스텔,49953391,월세,01,경상남도 통영시 무전동,통영시,무전동,500,40,0,56.2,17.0,5,무전동 중심지에 위치한 삼성오피스텔 큰 평수 임대,https://www.zigbang.com/home/apt/items/49953391
2026-08-12 05:47:37,오피스텔,49993286,월세,02,경상남도 거제시 아주동,거제시,아주동,300,50,0,56.3,17.03,고,아주동 경동리인타워 예쁜집 확트인 전망 협의 입주가능,https://www.zigbang.com/home/apt/items/49993286
2026-08-12 05:47:37,오피스텔,49906626,월세,04,경상남도 거제시 아주동,거제시,아주동,500,48,0,63.01,19.06,저,아주동 씨앤스타빌 예쁜집  즉시입주,https://www.zigbang.com/home/apt/items/49906626
2026-08-12 05:47:37,오피스텔,50027113,월세,02,경상남도 거제시 옥포동,거제시,옥포동,300,40,0,41.3,12.49,고,롯마인근 오피스텔,https://www.zigbang.com/home/apt/items/50027113
2026-08-12 05:47:37,오피스텔,50029571,월세,02,경상남도 거제시 아주동,거제시,아주동,500,55,0,76.03,23.0,중,경동리인 큰평수 베란다 넓은 호실,https://www.zigbang.com/home/apt/items/50029571
2026-08-12 05:47:37,오피스텔,50029623,월세,01,경상남도 거제시 아주동,거제시,아주동,300,40,0,46.28,14.0,저,아주동 경동리인타워 14평 월세,https://www.zigbang.com/home/apt/items/50029623
2026-08-12 05:47:37,오피스텔,50029591,월세,02,경상남도 거제시 아주동,거제시,아주동,300,40,0,49.59,15.0,8,아주동 경동리인타워 분리형14평 월세,https://www.zigbang.com/home/apt/items/50029591
2026-08-12 05:47:37,오피스텔,50029581,월세,02,경상남도 거제시 아주동,거제시,아주동,300,45,0,45.63,13.8,중,스타타워1차  분리형 원룸 월세,https://www.zigbang.com/home/apt/items/50029581
2026-08-12 05:47:37,오피스텔,49825203,월세,02,경상남도 거제시 아주동,거제시,아주동,300,45,0,41.53,12.56,저,아주동 스타타워 오피스텔 협의입주가능,https://www.zigbang.com/home/apt/items/49825203
2026-08-12 05:47:37,오피스텔,49962976,월세,02,경상남도 거제시 옥포동,거제시,옥포동,300,36,0,32.8,9.92,4,오션프라자 도보3분. 엘베유 풀옵션 오피스텔,https://www.zigbang.com/home/apt/items/49962976
2026-08-12 05:47:37,오피스텔,49969150,월세,01,경상남도 거제시 아주동,거제시,아주동,300,40,0,39.59,11.98,13,거제 경동리인타워  확트인조망 아주동 최고위치,https://www.zigbang.com/home/apt/items/49969150
2026-08-12 05:47:37,오피스텔,49993289,월세,01,경상남도 거제시 아주동,거제시,아주동,300,40,0,39.59,11.98,10,"아주 경동리인타워 빠른입주,반려동물가능",https://www.zigbang.com/home/apt/items/49993289
2026-08-12 05:47:37,오피스텔,49562501,월세,02,경상남도 거제시 아주동,거제시,아주동,300,48,0,66.54,20.13,20,아주동 경동리인타워  즉시입주  확트인 전망 채광 굿,https://www.zigbang.com/home/apt/items/49562501
2026-08-12 05:47:37,오피스텔,49988326,월세,02,경상남도 거제시 옥포동,거제시,옥포동,300,40,0,59.43,17.98,4,오션플라자부근 이던필오피스텔 거실넓은 미니투룸 렌탈풀집기,https://www.zigbang.com/home/apt/items/49988326
2026-08-12 05:47:37,오피스텔,50029607,월세,04,경상남도 거제시 아주동,거제시,아주동,300,50,0,52.89,16.0,고,아주동 스타타워 투룸 월세,https://www.zigbang.com/home/apt/items/50029607
2026-08-12 05:47:37,오피스텔,49815487,월세,04,경상남도 거제시 장승포동,거제시,장승포동,100,50,0,111.54,33.74,고,"장승포 마이투스 아파트 첫입주,즉시입주가능",https://www.zigbang.com/home/apt/items/49815487
2026-08-12 05:47:37,오피스텔,49993297,월세,02,경상남도 거제시 장승포동,거제시,장승포동,50,35,0,59.63,18.04,4,"장승포 마이투스 오피스텔 ,단기가능",https://www.zigbang.com/home/apt/items/49993297
2026-08-12 05:47:37,오피스텔,49886780,월세,05,경상남도 거제시 옥포동,거제시,옥포동,1000,55,0,110.02,33.28,고,옥포 보광오피스텔2차   풀집기 쓰리룸,https://www.zigbang.com/home/apt/items/49886780
2026-08-12 05:47:37,오피스텔,49967518,월세,02,경상남도 거제시 옥포동,거제시,옥포동,200,40,0,56.54,17.1,7,"옥포동 메인거리의 가성비 좋은 오피스텔. 단기가능,상담필",https://www.zigbang.com/home/apt/items/49967518
2026-08-12 05:47:37,오피스텔,50020459,월세,04,경상남도 거제시 옥포동,거제시,옥포동,300,38,0,80.17,24.25,저,대교2차오피스텔 도시가스 풀집기 방2 거실 투룸,https://www.zigbang.com/home/apt/items/50020459
2026-08-12 05:47:37,오피스텔,49995555,월세,02,경상남도 거제시 옥포동,거제시,옥포동,200,35,0,62.8,19.0,고,오션플라자부근 단기가능 오피스텔 방1 넓은거실 몸만오세요,https://www.zigbang.com/home/apt/items/49995555
2026-08-12 05:47:37,오피스텔,49973233,월세,02,경상남도 거제시 옥포동,거제시,옥포동,200,40,0,41.74,12.63,8,단기 가능 오피스텔,https://www.zigbang.com/home/apt/items/49973233
2026-08-12 05:47:37,오피스텔,49886792,월세,04,경상남도 거제시 옥포동,거제시,옥포동,500,55,0,87.42,26.44,중,신화더블루 오피스텔 방2 투룸  풀집기 즉시입주,https://www.zigbang.com/home/apt/items/49886792
2026-08-12 05:47:37,오피스텔,49914482,월세,04,경상남도 거제시 옥포동,거제시,옥포동,500,60,0,79.42,24.02,5,"옥포동 메인, 오션프라자 도보 출근가능 신화더블루 오피스텔",https://www.zigbang.com/home/apt/items/49914482
2026-08-12 05:47:37,오피스텔,49977991,월세,04,경상남도 거제시 옥포동,거제시,옥포동,500,55,0,85.95,26.0,중,신축같은 오피스텔  신화더블루 방2 거실 주방  최고급옵션,https://www.zigbang.com/home/apt/items/49977991
2026-08-12 05:47:37,오피스텔,49968241,월세,04,경상남도 거제시 옥포동,거제시,옥포동,300,47,0,70.79,21.41,중,"에이원 오피스텔  정투룸 풀옵션 가전,가구 몸만오세요",https://www.zigbang.com/home/apt/items/49968241
2026-08-12 05:47:37,오피스텔,49732313,월세,04,경상남도 거제시 옥포동,거제시,옥포동,300,50,0,72.42,21.91,14,까멜리아 오피스텔 뷰맛집,https://www.zigbang.com/home/apt/items/49732313
2026-08-12 05:47:37,오피스텔,49725071,월세,02,경상남도 거제시 옥포동,거제시,옥포동,500,50,0,56.3,17.03,저,신화더블루 오피스텔 1.5룸 렌탈풀집기,https://www.zigbang.com/home/apt/items/49725071
2026-08-12 05:47:37,오피스텔,49997303,월세,02,경상남도 거제시 옥포동,거제시,옥포동,500,45,0,59,17.85,9,옥포중심지 신축오피스텔 신화더블루 방1 거실주방렌탈풀집기,https://www.zigbang.com/home/apt/items/49997303
2026-08-12 05:47:37,오피스텔,49978063,월세,04,경상남도 거제시 옥포동,거제시,옥포동,300,50,0,78,23.59,중,확트인채광 렌탈풀집기 에이원오피스텔 넓은거실 방2몸만오세요,https://www.zigbang.com/home/apt/items/49978063
2026-08-12 05:47:39,오피스텔,50019170,월세,04,경상남도 창원시 진해구 용원동,창원시 진해구,용원동,500,60,0,87.12,26.35,고,V남향V전입가능V귀한A타입V,https://www.zigbang.com/home/apt/items/50019170
2026-08-12 05:47:39,오피스텔,50018938,월세,04,경상남도 창원시 진해구 용원동,창원시 진해구,용원동,1000,53,0,85.95,26.0,9,조망과 일조가 좋습니다,https://www.zigbang.com/home/apt/items/50018938
2026-08-12 05:47:39,오피스텔,50004705,월세,03,경상남도 창원시 진해구 용원동,창원시 진해구,용원동,500,40,0,57.53,17.4,저,V전입가능 V원룸 복층V,https://www.zigbang.com/home/apt/items/50004705
2026-08-12 05:47:39,오피스텔,49867133,월세,04,경상남도 창원시 진해구 용원동,창원시 진해구,용원동,500,53,0,88.31,26.71,중,VV단기가능VV,https://www.zigbang.com/home/apt/items/49867133
2026-08-12 05:47:39,오피스텔,49929781,월세,03,경상남도 창원시 진해구 용원동,창원시 진해구,용원동,500,60,0,85.95,26.0,중,2차 a타입으로 조망이 좋습니다,https://www.zigbang.com/home/apt/items/49929781
2026-08-12 05:47:40,오피스텔,50024076,월세,01,부산시 강서구 신호동,강서구,신호동,300,30,0,51.22,15.49,중,급월세 일조권 좋고 트임 좋은 집,https://www.zigbang.com/home/apt/items/50024076
2026-08-12 05:47:40,오피스텔,49977877,월세,01,부산시 강서구 신호동,강서구,신호동,300,35,0,32.64,9.87,6,아침 햇살이 좋은 넓고 시원한 집,https://www.zigbang.com/home/apt/items/49977877
2026-08-12 05:47:40,오피스텔,50024091,월세,01,부산시 강서구 송정동,강서구,송정동,300,35,0,44.33,13.41,14,급월세 깔끔하고 저렴한 오피스텔,https://www.zigbang.com/home/apt/items/50024091
2026-08-12 05:47:40,오피스텔,49842195,월세,01,부산시 강서구 송정동,강서구,송정동,500,45,0,57.86,17.5,고,급월세  넓고 트임좋은 오피스텔 베란다있는 넓은집,https://www.zigbang.com/home/apt/items/49842195
2026-08-12 05:47:40,오피스텔,49842181,전세,01,부산시 강서구 송정동,강서구,송정동,9000,0,0,57.86,17.5,고,급전세 넓고 깔끔한 오피스텔,https://www.zigbang.com/home/apt/items/49842181
2026-08-12 05:47:40,오피스텔,49869201,전세,01,부산시 강서구 송정동,강서구,송정동,6500,0,0,45.59,13.79,14,"전세대출가능,보증보험가능,7월말 입주가능",https://www.zigbang.com/home/apt/items/49869201
2026-08-12 05:47:40,오피스텔,49867187,월세,01,부산시 강서구 신호동,강서구,신호동,300,35,0,45.06,13.63,중,"신호동 유일한 오피스텔,바로입주가능,엘베",https://www.zigbang.com/home/apt/items/49867187
2026-08-12 05:47:40,오피스텔,49842172,전세,01,부산시 강서구 송정동,강서구,송정동,6500,0,0,46.17,13.97,고,급전세 일조권 좋고 트임 좋은 오피스텔 원룸,https://www.zigbang.com/home/apt/items/49842172
2026-08-12 05:47:40,오피스텔,49972416,월세,01,부산시 강서구 신호동,강서구,신호동,300,35,0,51.22,15.49,5,"큰방,남향,지하주차장,명지저렴월세",https://www.zigbang.com/home/apt/items/49972416
2026-08-12 05:47:40,오피스텔,49973632,월세,01,부산시 사하구 하단동,사하구,하단동,1000,35,0,28.66,8.67,4,문의많은 0 인기쟁이 0 위드빌,https://www.zigbang.com/home/apt/items/49973632
2026-08-12 05:47:40,오피스텔,49898308,월세,01,부산시 사하구 하단동,사하구,하단동,500,38,0,31.72,9.6,4,통학꿀위치 정문앞,https://www.zigbang.com/home/apt/items/49898308
2026-08-12 05:47:40,오피스텔,49974840,월세,01,부산시 사하구 당리동,사하구,당리동,300,38,0,271.32,82.07,9,o당리초역세권o넓은통유리o정남향o,https://www.zigbang.com/home/apt/items/49974840
2026-08-12 05:47:40,오피스텔,50028579,월세,02,부산시 사하구 당리동,사하구,당리동,500,40,0,32,9.68,고,휴누리 제일 넓은 호실,https://www.zigbang.com/home/apt/items/50028579
2026-08-12 05:47:40,오피스텔,49973644,월세,01,부산시 사하구 당리동,사하구,당리동,300,38,0,33.06,10.0,6,I 대로변 I 구조좋음 I 인기방 I,https://www.zigbang.com/home/apt/items/49973644
2026-08-12 05:47:40,오피스텔,49867207,월세,01,부산시 사하구 신평동,사하구,신평동,200,23,0,22.78,6.89,3,V동매역 바로앞V단기가능V,https://www.zigbang.com/home/apt/items/49867207
2026-08-12 05:47:40,오피스텔,49755166,전세,01,부산시 사하구 당리동,사하구,당리동,6000,0,0,28.35,8.58,고,보증보험 가입 ㅁ  즉시입주,https://www.zigbang.com/home/apt/items/49755166
2026-08-12 05:47:40,오피스텔,49975143,전세,01,부산시 사하구 당리동,사하구,당리동,6000,0,0,23.14,7.0,중,o이집이 사하구최고 오피스텔o 보증보험ok,https://www.zigbang.com/home/apt/items/49975143
2026-08-12 05:47:40,오피스텔,49995531,월세,01,부산시 사하구 당리동,사하구,당리동,2000,30,0,27,8.17,7,당리에서 가장 깔끔한 신축 오피스텔 suv 주차가능,https://www.zigbang.com/home/apt/items/49995531
2026-08-12 05:47:40,오피스텔,49759336,월세,01,부산시 사하구 당리동,사하구,당리동,500,38,0,27.78,8.4,9,I 전세가능 I 위치대박 I,https://www.zigbang.com/home/apt/items/49759336
2026-08-12 05:47:40,오피스텔,50000514,월세,01,부산시 사하구 당리동,사하구,당리동,2000,27,0,27.78,8.4,중,당리최고신축 수납좋은 깔끔오피스텔,https://www.zigbang.com/home/apt/items/50000514
2026-08-12 05:47:40,오피스텔,49977041,월세,01,부산시 사하구 당리동,사하구,당리동,500,38,0,27.78,8.4,중,채광좋은 오피스텔 v 금액조절가능,https://www.zigbang.com/home/apt/items/49977041
2026-08-12 05:47:40,오피스텔,49755131,월세,02,부산시 사하구 당리동,사하구,당리동,400,35,0,25.17,7.61,고,O따뜻한 남향 O깔끔한 컨디션,https://www.zigbang.com/home/apt/items/49755131
2026-08-12 05:47:40,오피스텔,50029635,월세,02,부산시 사하구 당리동,사하구,당리동,300,33,0,26.82,8.11,4,당리역 3분거리 ㅣ경비 상주 ㅣ안심귀가,https://www.zigbang.com/home/apt/items/50029635
2026-08-12 05:47:40,오피스텔,49974744,월세,02,부산시 사하구 당리동,사하구,당리동,300,33,0,26.09,7.89,8,o경비실있음o풀옵션o당리초역세권o,https://www.zigbang.com/home/apt/items/49974744
2026-08-12 05:47:40,오피스텔,49976629,월세,02,부산시 사하구 당리동,사하구,당리동,300,33,0,27.09,8.19,중,당리역3분 v 주방분리 v 남향 v 즉시입주,https://www.zigbang.com/home/apt/items/49976629
2026-08-12 05:47:45,오피스텔,49836689,전세,01,전남광주시 광산구 소촌동,광산구,소촌동,5500,0,0,39.67,12.0,2,ㅇLH가능ㅇ반려가ㅇ풀옵션ㅇ휘트니스센터ㅇ,https://www.zigbang.com/home/apt/items/49836689
2026-08-12 05:47:45,오피스텔,50005834,월세,01,전남광주시 광산구 소촌동,광산구,소촌동,300,39,0,39.66,12.0,중,tv.전자렌지포함 풀옵션 원룸형.,https://www.zigbang.com/home/apt/items/50005834
2026-08-12 05:47:45,오피스텔,50005074,월세,01,전남광주시 광산구 우산동,광산구,우산동,300,35,0,38,11.49,12,도시형생활주택.,https://www.zigbang.com/home/apt/items/50005074
2026-08-12 05:47:45,오피스텔,50018841,월세,01,전남광주시 광산구 우산동,광산구,우산동,300,35,0,42.97,13.0,고,42인치 티비 풀옵션 즉시입주가능,https://www.zigbang.com/home/apt/items/50018841
2026-08-12 05:47:45,오피스텔,49836687,월세,01,전남광주시 광산구 우산동,광산구,우산동,200,30,0,36.4,11.01,7,단기가능ㅇ광주여대5분ㅇ즉시입주가ㅇ내부넓음,https://www.zigbang.com/home/apt/items/49836687
2026-08-12 05:47:45,오피스텔,50000004,전세,04,전남광주시 광산구 하남동,광산구,하남동,17980,0,0,54.02,16.34,저,신축급 오피스텔 l 전세매물 l 보증보험 가입,https://www.zigbang.com/home/apt/items/50000004
2026-08-12 05:47:45,오피스텔,50022756,월세,01,전남광주시 광산구 우산동,광산구,우산동,300,35,0,39.66,12.0,6,빌트인옵션 즉시 입주가능,https://www.zigbang.com/home/apt/items/50022756
2026-08-12 05:47:45,오피스텔,50018869,전세,01,전남광주시 광산구 소촌동,광산구,소촌동,6700,0,0,39.66,12.0,중,풀옵션 주차장넓음,https://www.zigbang.com/home/apt/items/50018869
2026-08-12 05:47:45,오피스텔,50029028,월세,01,전남광주시 광산구 소촌동,광산구,소촌동,300,41,0,39.66,12.0,13,KOREAㅇ풀옵션ㅇ더뷰ㅇ광주여대10분ㅇB1휘트니스센터,https://www.zigbang.com/home/apt/items/50029028
2026-08-12 05:47:45,오피스텔,49836679,월세,01,전남광주시 광산구 소촌동,광산구,소촌동,300,39,0,39.67,12.0,7,주차편리ㅇ반려가능ㅇ풀옵션ㅇ휘트니스센터ㅇ,https://www.zigbang.com/home/apt/items/49836679
2026-08-12 05:47:46,오피스텔,50021769,전세,05,전남광주시 북구 양산동,북구,양산동,18000,0,0,145,43.86,5,유탑 전세1.8억 10월말입주,https://www.zigbang.com/home/apt/items/50021769
2026-08-12 05:47:46,오피스텔,50010355,전세,05,전남광주시 북구 양산동,북구,양산동,20000,0,0,169.09,51.15,5,"아파트형 오피스텔, 방3화징실2, 10월말입주가능",https://www.zigbang.com/home/apt/items/50010355
2026-08-12 05:47:48,오피스텔,49719839,월세,05,전남광주시 북구 문흥동,북구,문흥동,1,50,0,94.25,28.51,17,6개월단기.보증금0원.전호실보유.중개보수무료.반려동물OK.,https://www.zigbang.com/home/apt/items/49719839
2026-08-12 05:47:48,오피스텔,49677705,월세,05,전남광주시 북구 문흥동,북구,문흥동,1,50,0,94.27,28.52,20,ꯁ구해줘ꯁ풀옵션ꯁ단기6개월ꯁ반려동물가능ꯁ,https://www.zigbang.com/home/apt/items/49677705
2026-08-12 05:47:48,오피스텔,49609977,월세,05,전남광주시 북구 문흥동,북구,문흥동,1,60,0,104.95,31.75,13,복비X 전세대 보유 l 무보증 l 단기6개월 l 풀옵션,https://www.zigbang.com/home/apt/items/49609977
2026-08-12 05:47:48,오피스텔,49720131,월세,05,전남광주시 북구 문흥동,북구,문흥동,1,60,0,104.95,31.75,13,6개월단기.보증금0원.전호실보유.반려동물OK.중개보수없음.,https://www.zigbang.com/home/apt/items/49720131
2026-08-12 05:47:48,오피스텔,49994290,월세,05,전남광주시 북구 각화동,북구,각화동,1000,90,0,146.93,44.45,23,vV 각화동 서희스타힐스 Vv 귀한 월세매물,https://www.zigbang.com/home/apt/items/49994290
2026-08-12 05:47:48,오피스텔,50002810,월세,02,전남광주시 동구 계림동,동구,계림동,2000,40,0,45.66,13.81,7,계림동 SG빌리지 l 중문분리형 l 반려가능 l 건조기,https://www.zigbang.com/home/apt/items/50002810
2026-08-12 05:47:48,오피스텔,49610037,월세,05,전남광주시 북구 문흥동,북구,문흥동,1,50,0,94.25,28.51,10,복비X 전세대보유 l 무보증 l 단기6개월 l 풀옵션,https://www.zigbang.com/home/apt/items/49610037
2026-08-12 05:47:57,오피스텔,50025806,월세,03,전라북도 전주시 덕진구 금암동,전주시 덕진구,금암동,500,35,0,50,15.12,고,㉧원룸 복층㉧ 엘베㉧ 저렴한 오피스텔㉧ 붙박이장,https://www.zigbang.com/home/apt/items/50025806
2026-08-12 05:47:57,오피스텔,50029404,월세,03,전라북도 전주시 덕진구 금암동,전주시 덕진구,금암동,500,35,0,55.97,16.93,고,초대형오피스텔ㅇ전북대부근ㅇ가성비좋은ㅇ오피스텔ㅇ마감임박ㅇ인기,https://www.zigbang.com/home/apt/items/50029404
2026-08-12 05:48:10,오피스텔,50018903,월세,01,전라북도 군산시 나운동,군산시,나운동,200,25,0,58.26,17.62,11,"오피스텔 월세 25만원, 월세조정가능, 매매가능",https://www.zigbang.com/home/apt/items/50018903
2026-08-12 05:48:10,오피스텔,49841342,월세,01,전라북도 군산시 나운동,군산시,나운동,200,23,0,48.67,14.72,13,"오피스텔 월세 23만원, 동향의 아름다운 시티뷰",https://www.zigbang.com/home/apt/items/49841342
2026-08-12 05:48:10,오피스텔,49851857,월세,01,전라북도 군산시 나운동,군산시,나운동,200,25,0,50.57,15.3,10,"오피스텔 월세25만원, 풀옵션, 전망좋음",https://www.zigbang.com/home/apt/items/49851857
2026-08-12 05:48:10,오피스텔,50018971,월세,04,전라북도 군산시 나운동,군산시,나운동,300,30,0,109.93,33.25,14,"오피스텔 임대 전용16평, 300만원30만원, 전망이 좋음",https://www.zigbang.com/home/apt/items/50018971
2026-08-12 05:48:10,오피스텔,49841389,월세,01,전라북도 군산시 나운동,군산시,나운동,300,25,0,47.39,14.34,16,"엘리베이터 사용 오피스텔 냉난방,온수,편안한 시설",https://www.zigbang.com/home/apt/items/49841389
2026-08-12 05:48:13,오피스텔,49864949,월세,01,전라북도 익산시 창인동1가,익산시,창인동1가,500,48,0,27.77,8.4,19,"익산역과 가까운아파트,전입신고가능,TV,커텐있음",https://www.zigbang.com/home/apt/items/49864949
2026-08-12 05:48:13,오피스텔,49928979,월세,01,전라북도 익산시 창인동1가,익산시,창인동1가,500,47,0,27,8.17,19,"익산역과 가까운 아파트,전입신고가능",https://www.zigbang.com/home/apt/items/49928979
2026-08-12 05:48:13,오피스텔,49929273,전세,02,전라북도 익산시 창인동1가,익산시,창인동1가,9500,0,0,53,16.03,18,"익산역과 가까운 아파트,보9500만원 월164,000원",https://www.zigbang.com/home/apt/items/49929273
2026-08-12 05:48:13,오피스텔,49924940,전세,02,전라북도 익산시 창인동1가,익산시,창인동1가,9500,0,0,53.86,16.29,16,"익산역과가까운아파트,보증보험가능,보9500만월164,000",https://www.zigbang.com/home/apt/items/49924940
2026-08-12 05:48:13,오피스텔,49991815,월세,02,전라북도 익산시 창인동1가,익산시,창인동1가,500,66,0,50,15.12,6,"AA 인기신축,오피스텔1.5룸,익산역5분",https://www.zigbang.com/home/apt/items/49991815
2026-08-12 05:48:13,오피스텔,49959325,월세,01,전라북도 익산시 창인동1가,익산시,창인동1가,500,40,0,52,15.73,중,익산역과 가까운 오피스텔,https://www.zigbang.com/home/apt/items/49959325
2026-08-12 05:48:13,오피스텔,49991817,월세,02,전라북도 익산시 창인동1가,익산시,창인동1가,500,66,0,46.28,14.0,중,"AA오피스텔1.5룸 신축,편의시설 좋음",https://www.zigbang.com/home/apt/items/49991817
2026-08-12 05:48:13,오피스텔,49813540,월세,02,전라북도 익산시 창인동1가,익산시,창인동1가,500,65,0,95.26,28.82,중,"익산역과 가까운 오피스텔,전입신고불가능",https://www.zigbang.com/home/apt/items/49813540
2026-08-12 05:48:13,오피스텔,49924969,전세,01,전라북도 익산시 창인동1가,익산시,창인동1가,6200,0,0,29.54,8.94,중,"익산역과 가까운 아파트,전입신고가능",https://www.zigbang.com/home/apt/items/49924969
2026-08-12 05:48:13,오피스텔,49991809,월세,02,전라북도 익산시 창인동1가,익산시,창인동1가,500,66,0,50,15.12,6,"AA 인기1.5룸,오피스텔,신축익산역5분",https://www.zigbang.com/home/apt/items/49991809
2026-08-12 05:48:13,오피스텔,49963033,월세,02,전라북도 익산시 창인동1가,익산시,창인동1가,500,66,0,50,15.12,6,"AA 신축,오피스텔,1.5룸, 익산역5분",https://www.zigbang.com/home/apt/items/49963033
2026-08-12 05:48:13,오피스텔,49966858,월세,02,전라북도 익산시 창인동1가,익산시,창인동1가,1000,64,0,79.2,23.96,19,"익산역과 가까운 아파트,전입신고가능",https://www.zigbang.com/home/apt/items/49966858
2026-08-12 05:48:13,오피스텔,49928926,월세,02,전라북도 익산시 창인동1가,익산시,창인동1가,500,60,0,74.52,22.54,7,"익산역과 가까운 오피스텔,전입신고불가능",https://www.zigbang.com/home/apt/items/49928926
2026-08-12 05:48:13,오피스텔,49963029,월세,02,전라북도 익산시 창인동1가,익산시,창인동1가,500,66,0,50,15.12,6,"AA 신축 오피스텔,1.5룸,남향",https://www.zigbang.com/home/apt/items/49963029
2026-08-12 05:48:14,오피스텔,49724588,전세,04,전라북도 익산시 어양동,익산시,어양동,17000,0,0,127.09,38.44,18,"풀옵션신축오피스텔,즉시입주가능",https://www.zigbang.com/home/apt/items/49724588
2026-08-12 05:48:14,오피스텔,50002217,월세,03,전라북도 전주시 덕진구 송천동2가,전주시 덕진구,송천동2가,1000,55,0,83.24,25.18,고,ㅇ전입신고가능ㅇ오피스텔ㅇ복층테라스ㅇ역세권ㅇ럭셔리ㅇ귀한매물,https://www.zigbang.com/home/apt/items/50002217
2026-08-12 05:48:14,오피스텔,49726596,월세,01,전라북도 전주시 덕진구 송천동2가,전주시 덕진구,송천동2가,500,55,0,57.65,17.44,중,오피스텔ㅇ신축ㅇ편의시설ㅇ편한주차ㅇ상권최상ㅇ귀한매물ㅇ최상ㅇ,https://www.zigbang.com/home/apt/items/49726596
2026-08-12 05:48:16,오피스텔,49778596,전세,04,충청남도 논산시 취암동,논산시,취암동,13500,0,0,82.64,25.0,고,보증보험가능한 건물이예요,https://www.zigbang.com/home/apt/items/49778596
2026-08-12 05:48:16,오피스텔,49768444,전세,04,충청남도 논산시 취암동,논산시,취암동,13500,0,0,85,25.71,7,보증보험됩니다,https://www.zigbang.com/home/apt/items/49768444
2026-08-12 05:48:16,오피스텔,49954119,월세,01,충청남도 논산시 취암동,논산시,취암동,1000,47,0,28,8.47,8,1인1주차가능한에버그린,https://www.zigbang.com/home/apt/items/49954119
2026-08-12 05:48:16,오피스텔,49940087,월세,01,충청남도 논산시 취암동,논산시,취암동,1000,47,0,45,13.61,11,신축 오피스텔,https://www.zigbang.com/home/apt/items/49940087
2026-08-12 05:48:16,오피스텔,50001485,월세,01,충청남도 논산시 취암동,논산시,취암동,1700,46,0,24.18,7.31,7,깔끔한 오피스텔,https://www.zigbang.com/home/apt/items/50001485
2026-08-12 05:48:16,오피스텔,49954196,월세,01,충청남도 논산시 취암동,논산시,취암동,1000,47,0,36.36,11.0,11,전입신고가능오피스텔,https://www.zigbang.com/home/apt/items/49954196
2026-08-12 05:48:17,오피스텔,49914418,월세,01,충청남도 보령시 궁촌동,보령시,궁촌동,500,44,0,21,6.35,9,터미널과대천역도보로가능한 도시형오피스텔,https://www.zigbang.com/home/apt/items/49914418
2026-08-12 05:48:30,오피스텔,49934034,월세,05,대전시 유성구 용계동,유성구,용계동,3000,130,0,161.27,48.78,5,최고급 풀옵션 신축.식기세척기.시스템에어컨.키친핏냉장고,https://www.zigbang.com/home/apt/items/49934034
2026-08-12 05:48:30,오피스텔,50028040,월세,04,대전시 대덕구 중리동,대덕구,중리동,14500,10,0,45.38,13.73,2,무융자 l보증보험 전세권설정 l 투룸 l 풀옵션 l 주차,https://www.zigbang.com/home/apt/items/50028040
2026-08-12 05:48:30,오피스텔,49562140,전세,04,대전시 대덕구 중리동,대덕구,중리동,16000,0,0,58.32,17.64,중,"무융자 HUG 보증보험가능, 큰투룸,건조기 시스템에어컨2대",https://www.zigbang.com/home/apt/items/49562140
2026-08-12 05:48:30,오피스텔,49780291,전세,04,대전시 대덕구 중리동,대덕구,중리동,16000,0,0,80,24.2,2,ㅣ무융자 ㅣ보증보험 ㅣ건조기ㅣ투룸아파트ㅣ주차ㅣ안심매물ㅣ,https://www.zigbang.com/home/apt/items/49780291
2026-08-12 05:48:30,오피스텔,50028374,월세,01,대전시 서구 괴정동,서구,괴정동,300,56,0,42.52,12.86,5,l도시형l깔끔한 풀옵션 신축급 오피스텔l,https://www.zigbang.com/home/apt/items/50028374
2026-08-12 05:48:30,오피스텔,49929417,월세,02,대전시 서구 괴정동,서구,괴정동,300,54,0,43.01,13.01,6,독점 매물 인기 좋은 매물 수납 좋은 풀옵션 일점오룸.,https://www.zigbang.com/home/apt/items/49929417
2026-08-12 05:48:30,오피스텔,49828756,월세,02,대전시 서구 괴정동,서구,괴정동,300,56,0,43.01,13.01,5,즉시입주가능 고층 인기매물 선착순 풀옵션 도로변 채광좋음,https://www.zigbang.com/home/apt/items/49828756
2026-08-12 05:48:30,오피스텔,49976359,월세,01,대전시 서구 용문동,서구,용문동,500,50,0,32.32,9.78,7,"ㅡ 초역세권 도생, 시스템장, 엘베 ,",https://www.zigbang.com/home/apt/items/49976359
2026-08-12 05:48:30,오피스텔,49937587,월세,01,대전시 서구 용문동,서구,용문동,500,40,0,31.02,9.38,5,vv마스터vv 역세권 오피스텔 엘리베이터 주차장,https://www.zigbang.com/home/apt/items/49937587
2026-08-12 05:48:30,오피스텔,49828751,월세,02,대전시 서구 괴정동,서구,괴정동,300,56,0,43.01,13.01,5,"인기매물, 도로변 오피스텔, 풀옵션, 고층, 채광 좋음,",https://www.zigbang.com/home/apt/items/49828751
2026-08-12 05:48:30,오피스텔,49892968,월세,01,대전시 서구 용문동,서구,용문동,300,29,0,25.29,7.65,8,"ㄴ찜ㄱ 용문역, 롯데백화점인근, 엘베, 원룸형 도생",https://www.zigbang.com/home/apt/items/49892968
2026-08-12 05:48:30,오피스텔,49978254,월세,01,대전시 서구 용문동,서구,용문동,200,29,0,22.88,6.92,7,vv마스터vv 역세권 도시형생활주택 깔끔한 옵션,https://www.zigbang.com/home/apt/items/49978254
2026-08-12 05:48:30,오피스텔,49755307,월세,01,대전시 서구 용문동,서구,용문동,300,29,0,24.9,7.53,5,vv마스터vv 역세권 풀옵션 깔끔한 오피스텔,https://www.zigbang.com/home/apt/items/49755307
2026-08-12 05:48:30,오피스텔,49835036,월세,02,대전시 서구 괴정동,서구,괴정동,1000,60,0,49.57,14.99,10,"cC용문역 도보3분,풀옵션1.5룸,깔끔관리,스타일러,엘베",https://www.zigbang.com/home/apt/items/49835036
2026-08-12 05:48:30,오피스텔,49828732,월세,02,대전시 서구 괴정동,서구,괴정동,300,56,0,43.01,13.01,고,여성인기매물 예쁜투룸식원룸 인기매물 선착순 채광굿 보안굿,https://www.zigbang.com/home/apt/items/49828732
2026-08-12 05:48:30,오피스텔,49985220,월세,01,대전시 서구 용문동,서구,용문동,300,40,0,35,10.59,중,"ㅡ 초역세권 도시형. 대형사이즈, 엘베2",https://www.zigbang.com/home/apt/items/49985220
2026-08-12 05:48:30,오피스텔,50028388,월세,01,대전시 서구 괴정동,서구,괴정동,300,51,0,44.57,13.48,3,l도시형l깔끔한 풀옵션 신축급 오피스텔l,https://www.zigbang.com/home/apt/items/50028388
2026-08-12 05:48:30,오피스텔,49985208,월세,01,대전시 서구 용문동,서구,용문동,300,29,0,24.9,7.53,고,"ㅡ 초역세권 도시형생활주택, 엘베",https://www.zigbang.com/home/apt/items/49985208
2026-08-12 05:48:30,오피스텔,49917294,월세,01,대전시 서구 용문동,서구,용문동,200,28,0,22.88,6.92,4,초역세권.도시형 오피스텔.통베란다.실속가.햇살가득.인기,https://www.zigbang.com/home/apt/items/49917294
2026-08-12 05:48:30,오피스텔,49816521,월세,01,대전시 중구 선화동,중구,선화동,500,50,0,26.45,8.0,고,OㅡO대형신축건조기OㅡO 럭셔리 신축 풀옵션원룸,https://www.zigbang.com/home/apt/items/49816521
2026-08-12 05:48:30,오피스텔,49969504,월세,01,대전시 중구 선화동,중구,선화동,200,30,0,33.05,10.0,고,풀옵션 도시형 생활주택 초저가 월세,https://www.zigbang.com/home/apt/items/49969504
2026-08-12 05:48:30,오피스텔,49975412,월세,01,대전시 중구 선화동,중구,선화동,500,50,0,24.83,7.51,저,"ㄴ풀옵션원룸ㄱ중구청역 도보5분,건조기,깔끔관리,안전해요",https://www.zigbang.com/home/apt/items/49975412
2026-08-12 05:48:30,오피스텔,49879574,월세,01,대전시 중구 대흥동,중구,대흥동,300,35,0,27,8.17,중,OㅡO도시형원룸OㅡO중구청역1분거리 도시형원룸,https://www.zigbang.com/home/apt/items/49879574
2026-08-12 05:48:30,오피스텔,49897674,월세,01,대전시 중구 선화동,중구,선화동,300,32,0,28.76,8.7,6,"ㄴ찜ㄱ 중구청역, 엘베, 원룸형도시형생활주택",https://www.zigbang.com/home/apt/items/49897674
2026-08-12 05:48:30,오피스텔,49937755,월세,01,대전시 중구 선화동,중구,선화동,300,35,0,27,8.17,중,OㅡO도시형대형원룸OㅡO중구청역2분거리 도시형 풀옵션원룸,https://www.zigbang.com/home/apt/items/49937755
2026-08-12 05:48:30,오피스텔,49934434,월세,01,대전시 중구 대흥동,중구,대흥동,300,30,0,28,8.47,중,OㅡO고층도시형원룸OㅡO  도시형 고층 풀옵션 대형원룸,https://www.zigbang.com/home/apt/items/49934434
2026-08-12 05:48:30,오피스텔,49937727,월세,01,대전시 중구 선화동,중구,선화동,200,33,0,25,7.56,4,OㅡO도시형원룸OㅡO고층 도시형 풀옵션원룸,https://www.zigbang.com/home/apt/items/49937727
2026-08-12 05:48:30,오피스텔,49821860,월세,02,대전시 중구 선화동,중구,선화동,500,50,0,80,24.2,3,풀오션 1.5룸 월세,https://www.zigbang.com/home/apt/items/49821860
2026-08-12 05:48:30,오피스텔,49953763,월세,01,대전시 중구 선화동,중구,선화동,300,26,0,60,18.15,고,수리된 오피스텔입니다.,https://www.zigbang.com/home/apt/items/49953763
2026-08-12 05:48:30,오피스텔,49696634,월세,01,대전시 중구 선화동,중구,선화동,300,33,0,30.87,9.34,6,"ㄴ찜ㄱ 중앙로역, 중구청역, 도로변, 원룸형 도생",https://www.zigbang.com/home/apt/items/49696634
2026-08-12 05:48:30,오피스텔,49953672,월세,02,대전시 중구 선화동,중구,선화동,500,35,0,95.86,29.0,고,유원오피스텔 넓고 쾌적한 곳,https://www.zigbang.com/home/apt/items/49953672
2026-08-12 05:48:30,오피스텔,49957908,월세,01,대전시 중구 대흥동,중구,대흥동,300,30,0,19.89,6.02,5,"o마스터대표o 엘베o 풀옵션, 깔끔해요, 안전해요",https://www.zigbang.com/home/apt/items/49957908
2026-08-12 05:48:30,오피스텔,50026114,월세,02,대전시 동구 원동,동구,원동,2000,105,0,122.29,36.99,3,융자x 대전역 중앙로역 인근 헬스장 무료이용 막힘없는 뷰,https://www.zigbang.com/home/apt/items/50026114
2026-08-12 05:48:30,오피스텔,50025955,월세,01,대전시 동구 원동,동구,원동,1000,60,0,55,16.64,6,대전역 신축오피스텔 무융자 안심 전입신고 가능,https://www.zigbang.com/home/apt/items/50025955
2026-08-12 05:48:30,오피스텔,49898066,월세,01,대전시 서구 둔산동,서구,둔산동,100,45,0,29.81,9.02,10,둔산동 시청역 2분 풀옵션 원룸,https://www.zigbang.com/home/apt/items/49898066
2026-08-12 05:48:30,오피스텔,49966319,월세,01,대전시 서구 둔산동,서구,둔산동,300,37,0,39.07,11.82,저,v 둔산동 시청역 도보가능 경비원있는 안전한건물 v,https://www.zigbang.com/home/apt/items/49966319
2026-08-12 05:48:30,오피스텔,49966306,월세,01,대전시 서구 둔산동,서구,둔산동,500,37,0,34.48,10.43,중,v 둔산동 오피스텔 시청역 초인접 v,https://www.zigbang.com/home/apt/items/49966306
2026-08-12 05:48:32,오피스텔,49853995,월세,01,대전시 유성구 반석동,유성구,반석동,500,45,0,29.75,9.0,6,신축형 주거용 오피스텔원룸 풀옵션 반석역,https://www.zigbang.com/home/apt/items/49853995
2026-08-12 05:48:32,오피스텔,49853674,월세,01,대전시 유성구 반석동,유성구,반석동,500,45,0,26.45,8.0,2,"반석동, 편리한 생활의 시작 주거용 오피스텔",https://www.zigbang.com/home/apt/items/49853674
2026-08-12 05:48:32,오피스텔,49854560,월세,01,대전시 유성구 반석동,유성구,반석동,500,50,0,29.75,9.0,6,반석동 풀옵션 주거용 오피스텔 원룸신축형,https://www.zigbang.com/home/apt/items/49854560
2026-08-12 05:48:32,오피스텔,49853800,월세,01,대전시 유성구 반석동,유성구,반석동,500,45,0,25,7.56,4,반석동 최고의매물 주거용오피스텔 이제 확인하세요,https://www.zigbang.com/home/apt/items/49853800
2026-08-12 05:48:32,오피스텔,49942699,월세,03,대전시 유성구 관평동,유성구,관평동,500,66,0,74.9,22.66,8,"신축,중앙하이츠.조용함,주차시설굿.3평 여유공간 으로 사용",https://www.zigbang.com/home/apt/items/49942699
2026-08-12 05:48:32,오피스텔,50025991,월세,04,대전시 유성구 관평동,유성구,관평동,1000,80,0,179.11,54.18,중,"귀한 투룸.관리비저렴,조용함.",https://www.zigbang.com/home/apt/items/50025991
2026-08-12 05:48:32,오피스텔,49961066,월세,04,대전시 유성구 관평동,유성구,관평동,500,70,0,95.86,29.0,10,전입신고 가능.귀한 투룸 월세.현대아울렛인근거리.,https://www.zigbang.com/home/apt/items/49961066
2026-08-12 05:48:32,오피스텔,49994404,월세,01,세종시 세종 대평동,,대평동,100,75,0,38.23,11.56,7,"공실,즉시협의입주,퀸침대,TV,책상,프린터등 풀옵션",https://www.zigbang.com/home/apt/items/49994404
2026-08-12 05:48:32,오피스텔,49953052,월세,04,대전시 대덕구 덕암동,대덕구,덕암동,3000,80,0,52.44,15.86,3,l 23년 준공 깔끔 아파트 l 풀옵션투룸 l 주차 l,https://www.zigbang.com/home/apt/items/49953052
2026-08-12 05:48:37,오피스텔,49890497,월세,01,경상남도 진주시 평거동,진주시,평거동,300,35,0,33.06,10.0,3,㉧ㅡ서빈No.1구해줘홈즈ㅡ㉧추천BEST꿀방,https://www.zigbang.com/home/apt/items/49890497
2026-08-12 05:48:37,오피스텔,50029257,월세,01,경상남도 진주시 평거동,진주시,평거동,500,45,0,49.59,15.0,4,㉧ㅡ서빈No.1구해줘홈즈ㅡ㉧추천BEST꿀방,https://www.zigbang.com/home/apt/items/50029257
2026-08-12 05:48:37,오피스텔,49868480,월세,01,경상남도 진주시 봉곡동,진주시,봉곡동,100,25,0,33.06,10.0,4,봉곡동 선샤인오피스텔 갤러리아백화점 인근 깔끔한 컨디션,https://www.zigbang.com/home/apt/items/49868480
2026-08-12 05:48:37,오피스텔,50029275,월세,04,경상남도 진주시 평거동,진주시,평거동,1000,60,0,154,46.58,10,㉧ㅡ서빈No.1구해줘홈즈ㅡ㉧추천BEST꿀방,https://www.zigbang.com/home/apt/items/50029275
2026-08-12 05:48:37,오피스텔,49890489,월세,01,경상남도 진주시 충무공동,진주시,충무공동,500,55,0,42.97,13.0,중,㉧ㅡ서빈No.1구해줘홈즈ㅡ㉧추천BEST꿀방,https://www.zigbang.com/home/apt/items/49890489
2026-08-12 05:48:37,오피스텔,49930441,월세,01,경상남도 진주시 충무공동,진주시,충무공동,500,40,0,34.74,10.51,6,전망좋은 깨끗한 방,https://www.zigbang.com/home/apt/items/49930441
2026-08-12 05:48:37,오피스텔,49930370,월세,01,경상남도 진주시 충무공동,진주시,충무공동,500,50,0,50.62,15.31,7,전망좋은 넓은 방,https://www.zigbang.com/home/apt/items/49930370
2026-08-12 05:48:41,오피스텔,50023025,월세,01,경상남도 창원시 의창구 명서동,창원시 의창구,명서동,500,35,0,36.36,11.0,5,"사무실 용도로  쓸수잇음
즉시입주",https://www.zigbang.com/home/apt/items/50023025
2026-08-12 05:48:41,오피스텔,49994853,매매,01,경상남도 창원시 의창구 명서동,창원시 의창구,명서동,6200,0,6200,49.59,15.0,10,"이쁘고 아주밝은 완전풀옵션 아주큰방 
뷰가이쁜집 즉시입주",https://www.zigbang.com/home/apt/items/49994853
2026-08-12 05:48:41,오피스텔,49915299,월세,01,경상남도 창원시 마산합포구 산호동,창원시 마산합포구,산호동,300,30,0,41.4,12.52,6,산호동 야구장인근 저렴한 월세,https://www.zigbang.com/home/apt/items/49915299
2026-08-12 05:48:41,오피스텔,49838058,전세,01,경상남도 창원시 마산합포구 오동동,창원시 마산합포구,오동동,2500,0,0,42,12.7,고,오동동 해안대로변  부동산이 보증하는 전세 물건입니다.,https://www.zigbang.com/home/apt/items/49838058
2026-08-12 05:48:41,오피스텔,49812733,월세,01,경상남도 창원시 마산회원구 석전동,창원시 마산회원구,석전동,200,25,0,39.67,12.0,9,경남은행본점뒤 석전오피.최고의 가성비 굿  베란다도 있어요,https://www.zigbang.com/home/apt/items/49812733
2026-08-12 05:48:41,오피스텔,50023033,매매,03,경상남도 창원시 마산합포구 신포동2가,창원시 마산합포구,신포동2가,8000,0,8000,36.36,11.0,27,"이쁘고밝은남향 급임대.완전신축 롯데백화점 옆
.완전풀옵션",https://www.zigbang.com/home/apt/items/50023033
2026-08-12 05:48:41,오피스텔,49998411,월세,02,경상남도 창원시 마산합포구 오동동,창원시 마산합포구,오동동,500,40,0,78.91,23.87,저,오동동 해안대로변 투룸 정말 싸게 나왔습니다.,https://www.zigbang.com/home/apt/items/49998411
2026-08-12 05:48:41,오피스텔,49810979,월세,01,경상남도 창원시 마산합포구 동성동,창원시 마산합포구,동성동,500,40,0,33.18,10.04,6,"오동동,해안대로변 넓고 올리모텔링된 최고의 오피스텔입니다.",https://www.zigbang.com/home/apt/items/49810979
2026-08-12 05:48:41,오피스텔,49994682,월세,02,경상남도 창원시 마산합포구 동성동,창원시 마산합포구,동성동,500,38,0,48.44,14.65,저,오동동아구거리 부엌과 방이 분리된 투룸입니다.,https://www.zigbang.com/home/apt/items/49994682
2026-08-12 05:48:41,오피스텔,50003456,월세,01,경상남도 창원시 마산합포구 산호동,창원시 마산합포구,산호동,200,17,0,59.5,18.0,고,"동원한울오피스텔,임대료아주저렴.",https://www.zigbang.com/home/apt/items/50003456
2026-08-12 05:48:41,오피스텔,49958394,월세,02,경상남도 창원시 마산합포구 동성동,창원시 마산합포구,동성동,500,38,0,48.44,14.65,저,"리치클,남동향,아구찜거리,방1,주방겸거실,화1.베란다.",https://www.zigbang.com/home/apt/items/49958394
2026-08-12 05:48:41,오피스텔,50002076,월세,01,경상남도 창원시 마산합포구 오동동,창원시 마산합포구,오동동,500,45,0,52.85,15.99,고,"고려타워,마창대교,마산앞바다조망,건령8년.남동향.",https://www.zigbang.com/home/apt/items/50002076
2026-08-12 05:48:41,오피스텔,49992090,월세,01,경상남도 창원시 마산합포구 오동동,창원시 마산합포구,오동동,300,28,0,39.67,12.0,고,건물내 유흥시설 무.여성분 선호.,https://www.zigbang.com/home/apt/items/49992090
2026-08-12 05:48:41,오피스텔,49959738,전세,01,경상남도 창원시 마산합포구 오동동,창원시 마산합포구,오동동,2500,0,0,39.67,12.0,고,"상지솔리움,해안도로변,귀한올전세.",https://www.zigbang.com/home/apt/items/49959738
2026-08-12 05:48:41,오피스텔,49957551,월세,01,경상남도 창원시 마산합포구 오동동,창원시 마산합포구,오동동,500,40,0,48.88,14.79,고,"오동동,해안대로변 바다가 보이는  복층 오피스텔입니다.",https://www.zigbang.com/home/apt/items/49957551
2026-08-12 05:48:41,오피스텔,49695686,월세,02,경상남도 창원시 마산합포구 상남동,창원시 마산합포구,상남동,500,42,0,56.2,17.0,7,리모델링된 한우하우스텔 내부 정말 넓어요.,https://www.zigbang.com/home/apt/items/49695686
2026-08-12 05:48:41,오피스텔,49800662,월세,01,경상남도 창원시 마산회원구 석전동,창원시 마산회원구,석전동,500,30,0,42.98,13.0,6,석전초앞 보양엠비션 오피..리모델링 새로해서 내부 이뻐요,https://www.zigbang.com/home/apt/items/49800662
2026-08-12 05:48:41,오피스텔,49915300,월세,01,경상남도 창원시 마산회원구 합성동,창원시 마산회원구,합성동,150,35,0,26.45,8.0,2,합성동  단기가능 풀옵션 티비 인터넷완비,https://www.zigbang.com/home/apt/items/49915300
2026-08-12 05:48:41,오피스텔,49934505,전세,02,경상남도 창원시 마산회원구 양덕동,창원시 마산회원구,양덕동,5500,0,0,54.69,16.54,6,마산 수출공단 인근 방1 거실1,https://www.zigbang.com/home/apt/items/49934505
2026-08-12 05:48:41,오피스텔,49906126,매매,01,경상남도 창원시 의창구 중동,창원시 의창구,중동,18000,0,18000,77.28,23.38,14,수익성 풀옵션 오피스텔 매매,https://www.zigbang.com/home/apt/items/49906126
2026-08-12 05:48:41,오피스텔,49902452,월세,01,경상남도 창원시 의창구 팔용동,창원시 의창구,팔용동,500,60,0,45.36,13.72,20,고층 남동향 채광전망좋음 즉시입주 주차편리 수납좋음,https://www.zigbang.com/home/apt/items/49902452
2026-08-12 05:48:41,오피스텔,49760975,매매,04,경상남도 창원시 의창구 중동,창원시 의창구,중동,30000,0,30000,144.47,43.7,21,수익성 오피스텔 투룸,https://www.zigbang.com/home/apt/items/49760975
2026-08-12 05:48:41,오피스텔,49760971,매매,04,경상남도 창원시 의창구 중동,창원시 의창구,중동,28000,0,28000,143.53,43.42,중,오피스텔 투룸 3베이 급매,https://www.zigbang.com/home/apt/items/49760971
2026-08-12 05:48:41,오피스텔,49760969,월세,04,경상남도 창원시 의창구 중동,창원시 의창구,중동,2000,115,0,144.47,43.7,12,투룸 풀옵션 구조    즉시 입주,https://www.zigbang.com/home/apt/items/49760969
2026-08-12 05:48:41,오피스텔,49827457,월세,01,경상남도 창원시 의창구 중동,창원시 의창구,중동,1000,70,0,77.28,23.38,18,풀옵션 원룸형 주거용 오피스텔,https://www.zigbang.com/home/apt/items/49827457
2026-08-12 05:48:42,오피스텔,50023028,월세,01,경상남도 창원시 의창구 봉곡동,창원시 의창구,봉곡동,300,35,0,49.59,15.0,7,"이쁘고 아주밝은 완전풀옵션 아주큰방 주변상권좋음 
조용한방",https://www.zigbang.com/home/apt/items/50023028
2026-08-12 05:48:42,오피스텔,50023040,매매,01,경상남도 창원시 의창구 봉곡동,창원시 의창구,봉곡동,5200,0,5200,46.28,14.0,5,"이쁘고 아주밝은 아주큰방  즉시입주 풀옵션
마트옆 주차완비",https://www.zigbang.com/home/apt/items/50023040
2026-08-12 05:48:49,오피스텔,49811620,월세,04,대구시 남구 대명동,남구,대명동,1000,60,0,75.18,22.74,고,영부 1.즉시안내 2.렌탈프리 3.반려동물 가능,https://www.zigbang.com/home/apt/items/49811620
2026-08-12 05:48:49,오피스텔,49952392,월세,01,대구시 달서구 두류동,달서구,두류동,500,50,0,50,15.12,11,특급가성비추천 방이뻐요 전입0 조절가 인프라 풀옵션적극추천,https://www.zigbang.com/home/apt/items/49952392
2026-08-12 05:48:49,오피스텔,49998232,월세,03,대구시 남구 대명동,남구,대명동,1000,53,0,47.69,14.43,13,특급가성비 이쁜복층 전입가능 풀옵션 인테리어최고에요,https://www.zigbang.com/home/apt/items/49998232
2026-08-12 05:48:49,오피스텔,50010614,월세,04,대구시 달서구 이곡동,달서구,이곡동,1000,65,0,95.87,29.0,고,초 역세권 오피스텔 복층 형 풀옵션,https://www.zigbang.com/home/apt/items/50010614
2026-08-12 05:48:49,오피스텔,49726097,월세,04,대구시 달서구 이곡동,달서구,이곡동,500,65,0,98.75,29.87,고,"신축, 풀옵션, 복층, 초역세권, 전입신고가능",https://www.zigbang.com/home/apt/items/49726097
2026-08-12 05:48:49,오피스텔,49767175,월세,04,대구시 달서구 이곡동,달서구,이곡동,500,65,0,98.75,29.87,고,"신축, 초역세권, 복층, 전입신고 가능",https://www.zigbang.com/home/apt/items/49767175
2026-08-12 05:48:49,오피스텔,49767350,월세,04,대구시 달서구 이곡동,달서구,이곡동,500,67,0,95.01,28.74,고,"신축, 초역세권, 풀옵션, 복층, 전입신고 가능",https://www.zigbang.com/home/apt/items/49767350
2026-08-12 05:48:49,오피스텔,49918478,월세,04,대구시 달서구 이곡동,달서구,이곡동,500,65,0,98.72,29.86,10,"깔끔한 오피스텔, 둘이 살기 좋아요. 복층형, 거실, 주차",https://www.zigbang.com/home/apt/items/49918478
2026-08-12 05:48:49,오피스텔,49713565,월세,04,대구시 달서구 이곡동,달서구,이곡동,500,65,0,98.75,29.87,고,"신축,풀옵션,복층,초역세권,전입신고가능",https://www.zigbang.com/home/apt/items/49713565
2026-08-12 05:48:51,오피스텔,49824316,월세,01,경상남도 김해시 진영읍 여래리,김해시,진영읍,500,45,0,49.37,14.93,4,테라스있는6말7초입주가능,https://www.zigbang.com/home/apt/items/49824316
2026-08-12 05:48:51,오피스텔,50026538,월세,03,경상남도 김해시 진영읍 여래리,김해시,진영읍,500,45,0,42.59,12.88,9,복층형 오피스텔,https://www.zigbang.com/home/apt/items/50026538
2026-08-12 05:48:51,오피스텔,49824353,월세,01,경상남도 김해시 진영읍 여래리,김해시,진영읍,500,43,0,49.37,14.93,7,입주일은 협의해서 조정가능,https://www.zigbang.com/home/apt/items/49824353
2026-08-12 05:48:51,오피스텔,49863477,월세,01,경상남도 김해시 진영읍 여래리,김해시,진영읍,500,38,0,42.59,12.88,6,빠른입주 가능,https://www.zigbang.com/home/apt/items/49863477
2026-08-12 05:48:51,오피스텔,50007989,월세,01,경상남도 김해시 진영읍 여래리,김해시,진영읍,500,41,0,49.37,14.93,5,빠른입주 깔끔,https://www.zigbang.com/home/apt/items/50007989
2026-08-12 05:48:51,오피스텔,49775755,월세,02,경상남도 김해시 내동,김해시,내동,500,50,0,57.7,17.45,10,NO.1테라스파크VV실매물VV화끈한뷰VV,https://www.zigbang.com/home/apt/items/49775755
2026-08-12 05:48:51,오피스텔,50019052,전세,02,경상남도 김해시 내동,김해시,내동,9700,0,0,62.15,18.8,10,NO.1경보더숨시티VV신축분리형오피스텔VV자주식주차VV,https://www.zigbang.com/home/apt/items/50019052
2026-08-12 05:48:51,오피스텔,50011787,월세,01,경상남도 김해시 부원동,김해시,부원동,300,45,0,42.98,13.0,4,"부역원인근,준신축원룸,반려동물가능",https://www.zigbang.com/home/apt/items/50011787
2026-08-12 05:48:51,오피스텔,49775745,월세,04,경상남도 김해시 내동,김해시,내동,1000,67,0,104.73,31.68,고,NO.1내외동 최고고컬리티VV주상복합오피스텔VV경보더숨시티,https://www.zigbang.com/home/apt/items/49775745
2026-08-12 05:48:51,오피스텔,49950700,월세,02,경상남도 김해시 부원동,김해시,부원동,100,60,0,59.6,18.03,12,"준신축분리형 반려동물가능,부원역인근",https://www.zigbang.com/home/apt/items/49950700
2026-08-12 05:48:51,오피스텔,49775748,월세,04,경상남도 김해시 내동,김해시,내동,2000,63,0,104.74,31.68,9,NO.1경보더숨시티VV신축오피스텔VV방2개넓은거실VV풀옵션,https://www.zigbang.com/home/apt/items/49775748
2026-08-12 05:48:51,오피스텔,49462542,월세,02,경상남도 김해시 외동,김해시,외동,3000,50,0,66.18,20.02,11,"신세계,이마트,역인근,준신축분리형",https://www.zigbang.com/home/apt/items/49462542
2026-08-12 05:48:51,오피스텔,49943269,월세,04,경상남도 김해시 부원동,김해시,부원동,100,80,0,91.49,27.68,13,"준신축거실넓은방2칸 반려동물가능,역인근",https://www.zigbang.com/home/apt/items/49943269
2026-08-12 05:48:51,오피스텔,49950570,월세,04,경상남도 김해시 내동,김해시,내동,4000,50,0,65.39,19.78,7,"박물관역인근,준신축,반려동물가능소형견",https://www.zigbang.com/home/apt/items/49950570
2026-08-12 05:48:51,오피스텔,49954896,월세,05,경상남도 김해시 삼계동,김해시,삼계동,2000,70,0,111.04,33.59,8,oO당일등록 블루시티퀸덤Oo월세 보증금 조절 가능합니다,https://www.zigbang.com/home/apt/items/49954896
2026-08-12 05:48:51,오피스텔,49836236,월세,01,경상남도 김해시 삼계동,김해시,삼계동,300,45,0,48,14.52,고,초특가oO코아루오피스텔Oo 보증금월세 조절가능,https://www.zigbang.com/home/apt/items/49836236
2026-08-12 05:48:51,오피스텔,50009963,월세,01,경상남도 김해시 삼계동,김해시,삼계동,100,28,0,44.22,13.38,고,"oO올리모델링 오피스텔Oo초특가,방범,보안아주좋아요",https://www.zigbang.com/home/apt/items/50009963
2026-08-12 05:48:51,오피스텔,49935880,월세,04,경상남도 김해시 삼계동,김해시,삼계동,500,50,0,61.48,18.6,4,oO집주인사정상 초급매Oo 먼저하시는분임자입니다 급급매물,https://www.zigbang.com/home/apt/items/49935880
2026-08-12 05:48:51,오피스텔,49914492,월세,04,경상남도 김해시 삼계동,김해시,삼계동,500,60,0,69.1,20.9,10,당일등록 아주귀한 매물초특가 급매물,https://www.zigbang.com/home/apt/items/49914492
2026-08-12 05:48:52,오피스텔,49869323,월세,02,부산시 북구 금곡동,북구,금곡동,500,50,0,59.5,18.0,3,방  거실  마감임박,https://www.zigbang.com/home/apt/items/49869323
2026-08-12 05:48:52,오피스텔,49753180,월세,05,경상남도 양산시 물금읍 범어리,양산시,물금읍,1000,70,0,94.98,28.73,중,"업무용임,남향,즉시입주,풀옵션,초역세권,이쁜구조,주차",https://www.zigbang.com/home/apt/items/49753180
2026-08-12 05:48:52,오피스텔,50025458,월세,04,경상남도 양산시 물금읍 범어리,양산시,물금읍,1000,65,0,94.7,28.65,중,방2개. 채광 좋고 전망 좋은 쓰리룸. 즉시입주 가능,https://www.zigbang.com/home/apt/items/50025458
2026-08-12 05:48:52,오피스텔,49809772,월세,02,경상남도 양산시 물금읍 범어리,양산시,물금읍,500,35,0,55.65,16.83,고,"귀한월세,남동향풀옵션,역세권,이쁜구조,주차확실,",https://www.zigbang.com/home/apt/items/49809772
2026-08-12 05:48:52,오피스텔,49921065,월세,02,경상남도 양산시 물금읍 범어리,양산시,물금읍,10400,15,0,89.65,27.12,19,채광 좋고 전망 좋은 투룸.,https://www.zigbang.com/home/apt/items/49921065
2026-08-12 05:48:52,오피스텔,50025414,월세,01,경상남도 양산시 물금읍 범어리,양산시,물금읍,5100,5,0,40.69,12.31,저,보증보험 가능한 오피스텔 원룸. 이사협의 가능,https://www.zigbang.com/home/apt/items/50025414
2026-08-12 05:48:52,오피스텔,49973176,월세,05,경상남도 양산시 물금읍 범어리,양산시,물금읍,1000,70,0,94.98,28.73,고,"조망굿,북동향,즉시입주,풀옵션,초역세권,이쁜구조,주차확실",https://www.zigbang.com/home/apt/items/49973176
2026-08-12 05:48:52,오피스텔,49973284,월세,05,경상남도 양산시 물금읍 범어리,양산시,물금읍,1000,70,0,94.98,28.73,중,"근린생활시설용,남동향,풀옵션,초역세권,이쁜구조,주차확실,",https://www.zigbang.com/home/apt/items/49973284
2026-08-12 05:48:52,오피스텔,49940711,전세,05,경상남도 양산시 물금읍 범어리,양산시,물금읍,12500,0,0,91.14,27.57,중,"귀한전세,채광및조망굿,남서향,즉시입주가능,풀옵션,초역세권,",https://www.zigbang.com/home/apt/items/49940711
2026-08-12 05:48:54,오피스텔,49984428,월세,02,부산시 동래구 온천동,동래구,온천동,500,55,0,42.13,12.74,5,"ll 공휴일 정상운영,  전호실 보유중 ll",https://www.zigbang.com/home/apt/items/49984428
2026-08-12 05:48:54,오피스텔,49899404,월세,02,부산시 동래구 온천동,동래구,온천동,8000,15,0,38.48,11.64,중,방1거실1옷방1 지하철역바로앞 애완동물가능 보증보험호실,https://www.zigbang.com/home/apt/items/49899404
2026-08-12 05:48:54,오피스텔,49848154,월세,02,부산시 동래구 온천동,동래구,온천동,2300,55,0,38.48,11.64,10,"르씨엘,버팀목,중기청,보증보험가입,반환조건,보증조절가능",https://www.zigbang.com/home/apt/items/49848154
2026-08-12 05:48:54,오피스텔,49925656,월세,02,부산시 동래구 온천동,동래구,온천동,500,55,0,42.13,12.74,5,"lll포르테시티 전호실 보유 중,방1 거실1 분리형lll",https://www.zigbang.com/home/apt/items/49925656
2026-08-12 05:48:54,오피스텔,49984298,전세,02,부산시 동래구 온천동,동래구,온천동,12000,0,0,38.44,11.63,14,"ll 공휴일 정상운영, 전호실 보유중 ll",https://www.zigbang.com/home/apt/items/49984298
2026-08-12 05:48:54,오피스텔,49981530,월세,02,부산시 동래구 온천동,동래구,온천동,2000,47,0,33.44,10.12,8,"미남역, 방1 거실 구조.",https://www.zigbang.com/home/apt/items/49981530
2026-08-12 05:48:54,오피스텔,50000302,월세,02,부산시 동래구 온천동,동래구,온천동,1000,55,0,33.44,10.12,8,"반려동물ok, 신축방1거실1, 건조기ㅇ 풀옵션",https://www.zigbang.com/home/apt/items/50000302
2026-08-12 05:48:54,오피스텔,49803407,월세,02,부산시 동래구 온천동,동래구,온천동,1000,66,0,37.69,11.4,2,"미남역,방1거실1,신축급,남향집,빠른입",https://www.zigbang.com/home/apt/items/49803407
2026-08-12 05:48:54,오피스텔,49958053,월세,02,부산시 동래구 온천동,동래구,온천동,8000,15,0,33.44,10.12,4,"미남역,중기청,버팀목,HUG보증보험,분리형,보증금조절",https://www.zigbang.com/home/apt/items/49958053
2026-08-12 05:48:54,오피스텔,50009040,월세,01,부산시 동래구 온천동,동래구,온천동,100,50,0,37.64,11.39,고,"전입불가, 단기3개월 연장가능 전호실보유, 저보증금 매물",https://www.zigbang.com/home/apt/items/50009040
2026-08-12 05:48:54,오피스텔,49977027,월세,02,부산시 동래구 온천동,동래구,온천동,2000,50,0,38.48,11.64,중,방1거실1 보증금월세조절가능,https://www.zigbang.com/home/apt/items/49977027
2026-08-12 05:48:54,오피스텔,49784407,월세,02,부산시 동래구 온천동,동래구,온천동,100,50,0,48.77,14.75,17,전입불가 단기 3개월 연장가능 방1거실1구조,https://www.zigbang.com/home/apt/items/49784407
2026-08-12 05:48:54,오피스텔,49813620,전세,05,부산시 해운대구 반여동,해운대구,반여동,27000,0,0,112.4,34.0,고,"센텀우성거실,방3,욕실2ㅣ귀한전세ㅣ컨디션최고",https://www.zigbang.com/home/apt/items/49813620
2026-08-12 05:48:54,오피스텔,49738695,전세,04,부산시 해운대구 반여동,해운대구,반여동,21000,0,0,124.31,37.6,중,보증보험가입안전매물ㅣ세탁기.건조기.에어컨.냉장고,https://www.zigbang.com/home/apt/items/49738695
2026-08-12 05:48:54,오피스텔,50010125,월세,04,부산시 해운대구 반송동,해운대구,반송동,1000,60,0,64.95,19.65,6,"방2거실1베란다,초역세권,신축급오피,주차편리,즉시입주",https://www.zigbang.com/home/apt/items/50010125
2026-08-12 05:48:54,오피스텔,49938137,월세,02,부산시 해운대구 반여동,해운대구,반여동,2000,95,0,124.31,37.6,중,"센텀우성거실,방2,욕실1 ㅣ 시세보다저렴한월세",https://www.zigbang.com/home/apt/items/49938137
2026-08-12 05:48:54,오피스텔,49586443,전세,01,부산시 부산진구 범전동,부산진구,범전동,13000,0,0,44,13.31,중,"드레스룸o,개인, 근저당x, 8,9,10월 입주협의 가능",https://www.zigbang.com/home/apt/items/49586443
2026-08-12 05:48:54,오피스텔,49984388,전세,01,부산시 동래구 사직동,동래구,사직동,7000,0,0,30.01,9.08,5,"보증보험, 시설깨끗",https://www.zigbang.com/home/apt/items/49984388
2026-08-12 05:48:54,오피스텔,49984444,월세,01,부산시 동래구 사직동,동래구,사직동,2800,30,0,27.02,8.17,저,사직역 도보 2분,https://www.zigbang.com/home/apt/items/49984444
2026-08-12 05:48:54,오피스텔,49984395,전세,02,부산시 동래구 사직동,동래구,사직동,11000,0,0,37.37,11.3,9,ll 사직역 최고시설 ll,https://www.zigbang.com/home/apt/items/49984395
2026-08-12 05:48:54,오피스텔,49994148,월세,02,부산시 부산진구 전포동,부산진구,전포동,2000,57,0,38.42,11.62,5,"부전역, 송상현광장, 건조기 옵션.",https://www.zigbang.com/home/apt/items/49994148
2026-08-12 05:48:54,오피스텔,49934004,전세,02,부산시 동래구 사직동,동래구,사직동,11000,0,0,37.37,11.3,9,"사직역,신축,건조기,스타일러,이지역 대장 오피스텔",https://www.zigbang.com/home/apt/items/49934004
2026-08-12 05:48:54,오피스텔,49936959,월세,02,부산시 부산진구 전포동,부산진구,전포동,2000,57,0,38.42,11.62,5,"반려가능,부전역,신축,버팀목,반환조건,건조기,보증금조절",https://www.zigbang.com/home/apt/items/49936959
2026-08-12 05:48:54,오피스텔,49969407,월세,02,부산시 부산진구 범전동,부산진구,범전동,500,63,0,48.24,14.59,2,QQ 송상현 광장앞 QQ 막힘없는뷰 QQ 보증금 조절가능,https://www.zigbang.com/home/apt/items/49969407
2026-08-12 05:48:54,오피스텔,49686845,월세,01,부산시 동래구 사직동,동래구,사직동,5000,10,0,30.01,9.08,5,"사직역앞,버팀목,중기청,보증보험갱신완료,신축,보증금조절",https://www.zigbang.com/home/apt/items/49686845
2026-08-12 05:48:54,오피스텔,49942742,전세,02,부산시 연제구 연산동,연제구,연산동,14000,0,0,43.35,13.11,11,ll 연산더힐 전호실 보유중  ll,https://www.zigbang.com/home/apt/items/49942742
2026-08-12 05:48:54,오피스텔,49826120,전세,02,부산시 연제구 연산동,연제구,연산동,12000,0,0,42.43,12.84,중,"연산역,버팀목,보증보험,건조기겸용,스타일러,보증금조절",https://www.zigbang.com/home/apt/items/49826120
2026-08-12 05:48:54,오피스텔,49987623,월세,01,부산시 연제구 연산동,연제구,연산동,100,55,0,32.53,9.84,17,연산동 귀한 단기임대 역세권 오피스텔 큐브아이,https://www.zigbang.com/home/apt/items/49987623
2026-08-12 05:48:54,오피스텔,49958093,월세,02,부산시 연제구 연산동,연제구,연산동,1000,71,0,42.43,12.84,10,"보증보험,중기청,버팀목,반환조건,연산역,건조기,보증금조절",https://www.zigbang.com/home/apt/items/49958093
2026-08-12 05:48:54,오피스텔,50015252,월세,01,부산시 연제구 연산동,연제구,연산동,234,62,0,32.56,9.85,고,"최대할인, 초역세권 가성비 풀옵션 레지던스",https://www.zigbang.com/home/apt/items/50015252
2026-08-12 05:48:54,오피스텔,49984331,월세,02,부산시 연제구 연산동,연제구,연산동,2000,63,0,42.43,12.84,7,ll 연산더힐 전호실 보유중 ll,https://www.zigbang.com/home/apt/items/49984331
2026-08-12 05:48:54,오피스텔,50029258,월세,02,부산시 연제구 연산동,연제구,연산동,2000,61,0,43.32,13.1,11,"방1,거실1, 정남향의 채광,펜트리,스타일러",https://www.zigbang.com/home/apt/items/50029258
2026-08-12 05:48:54,오피스텔,49626159,전세,02,부산시 연제구 연산동,연제구,연산동,13000,0,0,40.09,12.13,5,"연산역,신축,버팀목,HUG보증보험,보증금조절",https://www.zigbang.com/home/apt/items/49626159
2026-08-12 05:48:54,오피스텔,49762313,월세,02,부산시 연제구 연산동,연제구,연산동,2000,63,0,42.43,12.84,중,"전호실확인,중기청,버팀목,반환조건,스타일러,보증금조절",https://www.zigbang.com/home/apt/items/49762313
2026-08-12 05:48:54,오피스텔,49777023,월세,02,부산시 연제구 거제동,연제구,거제동,12000,15,0,49.59,15.0,저,신축투룸 개인명의 근저당없음 전세보증가능,https://www.zigbang.com/home/apt/items/49777023
2026-08-12 05:48:54,오피스텔,49984311,월세,02,부산시 수영구 망미동,수영구,망미동,1000,61,0,42.32,12.8,5,망미역 최고 시설,https://www.zigbang.com/home/apt/items/49984311
2026-08-12 05:48:54,오피스텔,49882569,월세,03,부산시 연제구 연산동,연제구,연산동,300,35,0,40.27,12.18,고,이동네 유일한 복층입니다. 내부 올수리로 아주 깨끗합니다.,https://www.zigbang.com/home/apt/items/49882569
2026-08-12 05:48:55,오피스텔,49949206,월세,02,부산시 기장군 정관읍 매학리,기장군,정관읍,300,50,0,51.14,15.47,10,"8월말 입주가능, 분리형,발코니",https://www.zigbang.com/home/apt/items/49949206
2026-08-12 05:48:55,오피스텔,49979022,월세,02,부산시 기장군 정관읍 매학리,기장군,정관읍,300,50,0,51.14,15.47,13,"입주협의, 1.5룸,발코니, 중문,최신오피스텔",https://www.zigbang.com/home/apt/items/49979022
2026-08-12 05:48:55,오피스텔,50024359,월세,01,부산시 기장군 정관읍 매학리,기장군,정관읍,300,40,0,46.28,14.0,13,정관 신축급 웰메이드시티 오피스텔 전입 가능,https://www.zigbang.com/home/apt/items/50024359
2026-08-12 05:48:55,오피스텔,50024545,월세,01,부산시 기장군 정관읍 매학리,기장군,정관읍,300,40,0,47.02,14.22,10,"정관 인기있는 신축급 웰메이드시티오피스텔, 전입가능",https://www.zigbang.com/home/apt/items/50024545
2026-08-12 05:48:55,오피스텔,49271768,월세,01,부산시 해운대구 송정동,해운대구,송정동,1000,63,0,39.09,11.82,12,송정에서 제일 안전하고 깔끔한 전호실 오션뷰 오피스텔,https://www.zigbang.com/home/apt/items/49271768
2026-08-12 05:48:55,오피스텔,49969244,월세,01,부산시 해운대구 송정동,해운대구,송정동,1000,64,0,47.03,14.23,5,"송정 내방에서 바라보는 오션뷰 투룸,오시리아 관광특구 선호",https://www.zigbang.com/home/apt/items/49969244
2026-08-12 05:48:55,오피스텔,50022830,월세,04,부산시 기장군 기장읍 시랑리,기장군,기장읍,1000,140,0,149.08,45.1,중,"1000,140ㅣA타입최저가ㅣ풀옵션",https://www.zigbang.com/home/apt/items/50022830
2026-08-12 05:48:55,오피스텔,50027144,월세,05,부산시 해운대구 송정동,해운대구,송정동,10000,70,0,169.12,51.16,21,오시리아 송정천 산과 바다 조망 에어컨4 전세2.5억가능,https://www.zigbang.com/home/apt/items/50027144
2026-08-12 05:48:55,오피스텔,49938218,월세,05,부산시 기장군 기장읍 시랑리,기장군,기장읍,1000,180,0,168.32,50.92,중,"거실,방3,욕실2ㅣ바다뷰풀옵션최저가",https://www.zigbang.com/home/apt/items/49938218
2026-08-12 05:48:55,오피스텔,49837287,월세,04,부산시 기장군 기장읍 시랑리,기장군,기장읍,1000,140,0,149.08,45.1,고,바다뷰ㅣ최저가월세ㅣ구조good,https://www.zigbang.com/home/apt/items/49837287
2026-08-12 05:48:55,오피스텔,49837302,월세,04,부산시 기장군 기장읍 시랑리,기장군,기장읍,1000,130,0,150.31,45.47,고,리조트형주거시설ㅡ 헬스장ㅡ스크린골프,https://www.zigbang.com/home/apt/items/49837302
2026-08-12 05:48:55,오피스텔,49882469,월세,01,부산시 해운대구 송정동,해운대구,송정동,300,25,0,29.75,9.0,3,"송정 해변가 바로 인근,대로변 오피스텔 구조,방이 큽니다.",https://www.zigbang.com/home/apt/items/49882469
2026-08-12 05:48:55,오피스텔,49989901,전세,05,부산시 해운대구 송정동,해운대구,송정동,25000,0,0,169.1,51.15,중,"바다조망, 전세 대출 가능, 에어컨4대 중문 즉시입주가능",https://www.zigbang.com/home/apt/items/49989901
2026-08-12 05:48:55,오피스텔,49837292,월세,04,부산시 기장군 기장읍 시랑리,기장군,기장읍,1000,140,0,149.08,45.1,중,에어컨.세탁기.냉장고.건조기.스타일러ㅣ월세ㅣ구조good,https://www.zigbang.com/home/apt/items/49837292
2026-08-12 05:48:55,오피스텔,49980839,월세,01,부산시 해운대구 송정동,해운대구,송정동,1000,64,0,36.86,11.15,13,기장에서 가장 가까운 송정 깔끔하고 뷰나오는 전호실오피스텔,https://www.zigbang.com/home/apt/items/49980839
2026-08-12 05:48:55,오피스텔,49833649,매매,04,부산시 기장군 기장읍 대라리,기장군,기장읍,14000,0,14000,169.88,51.39,11,"탑층 야외테라스 단독 독채, 10월 입주 대형 반려견 추천",https://www.zigbang.com/home/apt/items/49833649
2026-08-12 05:48:55,오피스텔,50029205,월세,01,부산시 기장군 기장읍 청강리,기장군,기장읍,300,35,0,48,14.52,9,"전입신고 가능, 2층 피트니스 센터 있는 기장 오피스텔",https://www.zigbang.com/home/apt/items/50029205
2026-08-12 05:48:55,오피스텔,50019866,월세,01,부산시 기장군 기장읍 청강리,기장군,기장읍,300,35,0,41.51,12.56,9,기장 오피스텔 보안최고,https://www.zigbang.com/home/apt/items/50019866
2026-08-12 05:48:55,오피스텔,49907624,월세,01,부산시 기장군 기장읍 청강리,기장군,기장읍,300,35,0,48.02,14.53,고,단기임대 가능 기장 가장 인기 있는 오피스텔,https://www.zigbang.com/home/apt/items/49907624
2026-08-12 05:48:55,오피스텔,50019863,월세,02,부산시 기장군 기장읍 청강리,기장군,기장읍,500,43,0,46.36,14.02,7,기장 오피스텔 보안최고,https://www.zigbang.com/home/apt/items/50019863
2026-08-12 05:48:55,오피스텔,50029276,월세,02,부산시 기장군 기장읍 청강리,기장군,기장읍,500,43,0,52.71,15.94,14,"대로변 오피스텔, 사진보다 실제로 보시면 더 큽니다.",https://www.zigbang.com/home/apt/items/50029276
2026-08-12 05:48:55,오피스텔,49917921,월세,01,부산시 기장군 기장읍 대라리,기장군,기장읍,500,40,0,64.14,19.4,3,"기장에서 가격 대비 가장 좋은 오피스텔, 대형suv주차가능",https://www.zigbang.com/home/apt/items/49917921
2026-08-12 05:48:55,오피스텔,49687205,월세,02,부산시 기장군 기장읍 청강리,기장군,기장읍,500,45,0,51.99,15.73,저,기장역 인근 방1거실1 넓은구조,https://www.zigbang.com/home/apt/items/49687205
2026-08-12 05:48:55,오피스텔,49757480,매매,04,부산시 기장군 기장읍 대라리,기장군,기장읍,10000,0,10000,68.33,20.67,3,급매 방2칸 기장역 도보 3분 실입주나 투자 모두 가능,https://www.zigbang.com/home/apt/items/49757480
2026-08-12 05:48:55,오피스텔,50019880,월세,02,부산시 기장군 기장읍 대라리,기장군,기장읍,500,40,0,40.44,12.23,13,기장 오피스텔 위치최고 컨디션최고,https://www.zigbang.com/home/apt/items/50019880
2026-08-12 05:48:55,오피스텔,49794086,월세,01,부산시 기장군 기장읍 청강리,기장군,기장읍,300,35,0,48,14.52,8,2층 피트니센터가 있는 기장최신축 오피스텔,https://www.zigbang.com/home/apt/items/49794086
2026-08-12 05:48:55,오피스텔,49896671,월세,02,부산시 기장군 기장읍 연화리,기장군,기장읍,700,77,0,44.12,13.35,10,오션뷰 깔끔한신축첫입주 오피스텔,https://www.zigbang.com/home/apt/items/49896671
2026-08-12 05:48:55,오피스텔,49896758,월세,02,부산시 기장군 기장읍 연화리,기장군,기장읍,600,66,0,33.56,10.15,8,오션뷰 엄청깔끔하고 예쁜신축오피스텔,https://www.zigbang.com/home/apt/items/49896758
2026-08-12 05:48:57,오피스텔,49878974,월세,01,부산시 기장군 장안읍 반룡리,기장군,장안읍,200,50,0,42.98,13.0,고,빠른입주 장안산단 내 유일한 햇빛 잘 드는 신축급 풀옵션,https://www.zigbang.com/home/apt/items/49878974
2026-08-12 05:49:02,오피스텔,49950288,월세,01,울산시 중구 복산동,중구,복산동,500,53,0,71.76,21.71,2,ㅣ귀한 올 화이트톤 오피ㅣ실매물ㅣ풀옵션ㅣ,https://www.zigbang.com/home/apt/items/49950288
2026-08-12 05:49:02,오피스텔,49954488,월세,01,울산시 중구 복산동,중구,복산동,1000,53,0,67.83,20.52,저,넓은원룸형ㅇ귀한월세ㅇ9월하순ㅇMBC방송국앞,https://www.zigbang.com/home/apt/items/49954488
2026-08-12 05:49:02,오피스텔,49954815,월세,01,울산시 중구 반구동,중구,반구동,500,50,0,40.14,12.14,중,10월하순ㅇ큰평수원룸형ㅇ침대TV풀옵션ㅇ착한월세,https://www.zigbang.com/home/apt/items/49954815
2026-08-12 05:49:02,오피스텔,50009421,월세,02,울산시 중구 유곡동,중구,유곡동,5000,50,0,76.39,23.11,중,"방하나 거실 투룸형 넓은거실, 다양한옵션",https://www.zigbang.com/home/apt/items/50009421
2026-08-12 05:49:02,오피스텔,49965045,월세,01,울산시 중구 우정동,중구,우정동,500,65,0,52.67,15.93,고,8월26일입주.  남향.  뷰좋아요.  좋은매물,https://www.zigbang.com/home/apt/items/49965045
2026-08-12 05:49:02,오피스텔,49915781,월세,01,울산시 중구 유곡동,중구,유곡동,500,52,0,50.56,15.29,11,원룰형 도로변  풀옵션 TV포함,https://www.zigbang.com/home/apt/items/49915781
2026-08-12 05:49:02,오피스텔,50009413,월세,01,울산시 중구 우정동,중구,우정동,500,55,0,52.67,15.93,중,귀한 월세 풀옵션  고층 편의시설인근,https://www.zigbang.com/home/apt/items/50009413
2026-08-12 05:49:02,오피스텔,49998002,월세,01,울산시 중구 우정동,중구,우정동,8000,15,0,50.01,15.13,중,귀한매물 보증보험가능 8월18일입주. 해잘들고 뷰좋아요,https://www.zigbang.com/home/apt/items/49998002
2026-08-12 05:49:02,오피스텔,49839944,월세,01,울산시 중구 우정동,중구,우정동,1000,60,0,52.67,15.93,고,9월1일입주. 귀한매물. 해잘들고 뷰좋아요.,https://www.zigbang.com/home/apt/items/49839944
2026-08-12 05:49:02,오피스텔,49951967,월세,01,울산시 중구 우정동,중구,우정동,500,60,0,52.67,15.93,중,9월1일입주가능. 조용하고  뷰 좋아요. 좋은매물,https://www.zigbang.com/home/apt/items/49951967
2026-08-12 05:49:02,오피스텔,50009411,전세,02,울산시 중구 유곡동,중구,유곡동,12300,0,0,76.39,23.11,6,"귀한월세 투룸형 넓은거실,보증보험 전세대출 가능 다양한옵션",https://www.zigbang.com/home/apt/items/50009411
2026-08-12 05:49:07,오피스텔,49983279,월세,01,경상북도 김천시 율곡동,김천시,율곡동,300,45,0,52.89,16.0,고,"써밋,A타입,10월10일",https://www.zigbang.com/home/apt/items/49983279
2026-08-12 05:49:07,오피스텔,49735221,월세,02,경상북도 김천시 율곡동,김천시,율곡동,500,60,0,59.5,18.0,9,"써밋D,분리형큰방,10월초",https://www.zigbang.com/home/apt/items/49735221
2026-08-12 05:49:07,오피스텔,49834602,전세,01,경상북도 김천시 율곡동,김천시,율곡동,8000,0,0,56.19,17.0,고,"써밋B,9평큰방,날짜협의",https://www.zigbang.com/home/apt/items/49834602
2026-08-12 05:49:07,오피스텔,50022650,월세,01,경상북도 김천시 율곡동,김천시,율곡동,300,47,0,56.2,17.0,고,"써밋B타입,9평큰방,10월1일",https://www.zigbang.com/home/apt/items/50022650
2026-08-12 05:49:07,오피스텔,50027263,월세,01,경상북도 김천시 율곡동,김천시,율곡동,300,45,0,49.59,15.0,고,"써밋A타입,9월6일",https://www.zigbang.com/home/apt/items/50027263
2026-08-12 05:49:07,오피스텔,49940000,월세,01,경상북도 김천시 율곡동,김천시,율곡동,1000,35,0,70.03,21.18,중,혁신도시 ktx 김천 구미역 바로 앞 오피스텔,https://www.zigbang.com/home/apt/items/49940000
2026-08-12 05:49:07,오피스텔,49957041,월세,01,경상북도 김천시 율곡동,김천시,율곡동,5400,15,0,49.59,15.0,중,"휴오피,주차편리,10월1일,보증보험가능",https://www.zigbang.com/home/apt/items/49957041
2026-08-12 05:49:07,오피스텔,49940245,월세,01,경상북도 김천시 율곡동,김천시,율곡동,500,55,0,70,21.17,중,김천시 혁신도시 ktx 인근 오피스텔 주차 하기 아주 좋은,https://www.zigbang.com/home/apt/items/49940245
2026-08-12 05:49:07,오피스텔,49982027,월세,02,경상북도 김천시 율곡동,김천시,율곡동,1000,70,0,89.25,27.0,고,"써밋G,제일큰평수,남향,10월협의",https://www.zigbang.com/home/apt/items/49982027
2026-08-12 05:49:07,오피스텔,49992813,전세,02,경상북도 김천시 율곡동,김천시,율곡동,14000,0,0,100,30.25,중,"코아루E,투룸형제일큰방,즉시입주",https://www.zigbang.com/home/apt/items/49992813
2026-08-12 05:49:07,오피스텔,49940070,월세,01,경상북도 김천시 율곡동,김천시,율곡동,300,45,0,49.7,15.03,11,김천혁신도시 깨끗한 오피스텔 신축 입니다 단기만 가능,https://www.zigbang.com/home/apt/items/49940070
2026-08-12 05:49:07,오피스텔,49939951,월세,01,경상북도 김천시 율곡동,김천시,율곡동,300,45,0,39.66,12.0,중,율곡동 ktx인근  주차하기 좋은 중간 층 오피스텔 입니다,https://www.zigbang.com/home/apt/items/49939951
2026-08-12 05:49:07,오피스텔,49981985,월세,01,경상북도 김천시 율곡동,김천시,율곡동,300,40,0,56,16.94,중,"코아루A,9평,북향,9월2일,6개월가능",https://www.zigbang.com/home/apt/items/49981985
2026-08-12 05:49:09,오피스텔,50018145,월세,01,대구시 동구 신천동,동구,신천동,500,40,0,50.08,15.15,4,"테라스,,,단기세도 가능함, 풀옵션 구조예쁜 착한월세 오피",https://www.zigbang.com/home/apt/items/50018145
2026-08-12 05:49:09,오피스텔,49673328,월세,01,대구시 동구 신천동,동구,신천동,200,40,0,44.52,13.47,7,㋹사진그대로 ㋹초대형OP ㋹햇살가득 ㋹뷰맛집,https://www.zigbang.com/home/apt/items/49673328
2026-08-12 05:49:09,오피스텔,50010716,월세,01,대구시 동구 신천동,동구,신천동,300,43,0,46.12,13.95,5,"테라스,,,교통좋고 전망좋은 풀옵션 착한월세의 인기오피스텔",https://www.zigbang.com/home/apt/items/50010716
2026-08-12 05:49:09,오피스텔,50022285,월세,01,대구시 동구 신천동,동구,신천동,500,40,0,55.51,16.79,저,동대구역 바로앞 관리잘된 오피스텔 최저가 착한임대인 전입o,https://www.zigbang.com/home/apt/items/50022285
2026-08-12 05:49:09,오피스텔,50011083,매매,01,대구시 동구 신천동,동구,신천동,6000,0,6000,50.08,15.15,3,"테라스,,,동대구환승센타앞 수익률 좋은 초급매 오피스텔",https://www.zigbang.com/home/apt/items/50011083
2026-08-12 05:49:09,오피스텔,50026003,월세,01,대구시 동구 신천동,동구,신천동,500,40,0,50.08,15.15,중,"테라스,,,교통좋고 전망좋은 풀옵션 구조예쁜 인기오피스텔",https://www.zigbang.com/home/apt/items/50026003
2026-08-12 05:49:09,오피스텔,49782010,전세,01,대구시 동구 신천동,동구,신천동,6700,0,0,54.75,16.56,고,"테라스,,,동대구환승센타 앞 넓은타입 귀한전세 오피스텔",https://www.zigbang.com/home/apt/items/49782010
2026-08-12 05:49:09,오피스텔,49793523,월세,01,대구시 동구 신천동,동구,신천동,500,42,0,52.89,16.0,고,전입ok 입주청소완료 착한임대인 입주협의가능 깔끔한호실,https://www.zigbang.com/home/apt/items/49793523
2026-08-12 05:49:09,오피스텔,49800763,월세,01,경상북도 구미시 임수동,구미시,임수동,200,37,0,47.03,14.23,6,"즈차편리,인근e마트,운동하기최적동락공원",https://www.zigbang.com/home/apt/items/49800763
2026-08-12 05:49:09,오피스텔,49966082,월세,01,경상북도 구미시 임수동,구미시,임수동,300,35,0,47.03,14.23,15,"주차편리,생활편리한붙박이장,인근e마트,동락공원",https://www.zigbang.com/home/apt/items/49966082
2026-08-12 05:49:09,오피스텔,49987035,월세,01,경상북도 구미시 임수동,구미시,임수동,200,36,0,47.03,14.23,15,"바로입주가능,주차편리,생활편리,조용한방",https://www.zigbang.com/home/apt/items/49987035
2026-08-12 05:49:09,오피스텔,49965917,월세,01,경상북도 구미시 임수동,구미시,임수동,200,36,0,47.03,14.23,15,"탁트인뷰,주차편리,바로옆e마트로셍활편리",https://www.zigbang.com/home/apt/items/49965917
2026-08-12 05:49:09,오피스텔,49697692,매매,01,경상북도 구미시 임수동,구미시,임수동,6400,0,6400,47.03,14.23,19,"멋진낙동강과 동락공원뷰, 생활편리한구조",https://www.zigbang.com/home/apt/items/49697692
2026-08-12 05:50:36,오피스텔,50025985,월세,04,인천시 영종구 운서동,영종구,운서동,500,45,0,83.6,25.29,12,"방, 거실 분리 구조 분양25평 무료셔틀버스 운행",https://www.zigbang.com/home/apt/items/50025985
2026-08-12 05:50:36,오피스텔,49641613,월세,01,인천시 영종구 운서동,영종구,운서동,300,28,0,72.14,21.82,2,월드게이트  남향  무료셔틀버스 운행,https://www.zigbang.com/home/apt/items/49641613
2026-08-12 05:50:36,오피스텔,49892082,월세,01,인천시 영종구 운서동,영종구,운서동,300,38,0,61.03,18.46,7,"전망좋음, 전입신고 가능, 리모델링방, 즉시입주",https://www.zigbang.com/home/apt/items/49892082
2026-08-12 05:50:36,오피스텔,49690680,월세,01,인천시 영종구 운서동,영종구,운서동,1000,80,0,112.39,34.0,5,인천공항공사 바로앞 국제업무단지 오피스,https://www.zigbang.com/home/apt/items/49690680
2026-08-12 05:50:36,오피스텔,49807166,월세,01,인천시 영종구 운서동,영종구,운서동,300,25,0,50.16,15.17,11,무료셔틀버스 인천공항 및 화물터미널 운행,https://www.zigbang.com/home/apt/items/49807166
2026-08-12 05:50:37,오피스텔,50022385,월세,03,인천시 영종구 중산동,영종구,중산동,200,45,0,66.12,20.0,19,탁트인  시티뷰 복층 전입가능,https://www.zigbang.com/home/apt/items/50022385
2026-08-12 05:50:37,오피스텔,49945555,월세,02,인천시 영종구 중산동,영종구,중산동,500,65,0,39.67,12.0,중,전입되는 남서향 바다뷰 신축 1.5,https://www.zigbang.com/home/apt/items/49945555
2026-08-12 05:50:37,오피스텔,49727937,월세,02,인천시 영종구 중산동,영종구,중산동,500,62,0,27,8.17,18,통창 신축 l 1.5룸 l 풀옵션 전입가능,https://www.zigbang.com/home/apt/items/49727937
2026-08-12 05:50:37,오피스텔,50002144,월세,02,인천시 영종구 중산동,영종구,중산동,300,50,0,57.97,17.54,10,"신축, 1.5룸, 남서향, 인천대교 오션뷰, vat별도",https://www.zigbang.com/home/apt/items/50002144
2026-08-12 05:50:37,오피스텔,50002000,월세,03,인천시 영종구 중산동,영종구,중산동,300,38,0,40.92,12.38,20,"복층형 원룸, 공간감 좋고 탁트인 시티뷰, 단기 가능",https://www.zigbang.com/home/apt/items/50002000
2026-08-12 05:50:37,오피스텔,49952596,월세,01,인천시 영종구 중산동,영종구,중산동,200,40,0,66.12,20.0,19,탁트인 남동향 바다뷰 단층,https://www.zigbang.com/home/apt/items/49952596
2026-08-12 05:50:37,오피스텔,49986312,월세,04,인천시 영종구 중산동,영종구,중산동,1000,90,0,35,10.59,6,오션뷰 신축 . 투룸 . 전입가능 . 풀옵션,https://www.zigbang.com/home/apt/items/49986312
2026-08-12 05:50:37,오피스텔,49876718,전세,02,인천시 영종구 중산동,영종구,중산동,10500,0,0,57.94,17.53,19,"깔금한 내부상태, 1인가구, 직장인 추천",https://www.zigbang.com/home/apt/items/49876718
2026-08-12 05:51:31,오피스텔,50015026,월세,01,충청남도 당진시 수청동,당진시,수청동,90,73,0,61.11,18.49,9,"최대할인, 출장용 추천, 호텔식 풀옵션",https://www.zigbang.com/home/apt/items/50015026
2026-08-12 05:51:31,오피스텔,50013497,월세,01,충청남도 당진시 수청동,당진시,수청동,240,64,0,61.11,18.49,고,"최대할인, 버스터미널 5분, 풀옵션",https://www.zigbang.com/home/apt/items/50013497
2026-08-12 05:51:34,오피스텔,49712157,월세,03,충청남도 아산시 모종동,아산시,모종동,300,40,0,64.53,19.52,10,lll 그냥 엣지 아님 엄청 큰 엣지입니다.lll,https://www.zigbang.com/home/apt/items/49712157
2026-08-12 05:51:34,오피스텔,49886820,월세,03,충청남도 아산시 권곡동,아산시,권곡동,300,33,0,60,18.15,4,역전10분 깔끔한 복층 원룸 풀옵션 월세,https://www.zigbang.com/home/apt/items/49886820
2026-08-12 05:51:34,오피스텔,49871382,월세,02,충청남도 아산시 온천동,아산시,온천동,100,30,0,60,18.15,고,온양온천역5분 넓은 원룸 풀옵션 월세  단기 0,https://www.zigbang.com/home/apt/items/49871382
2026-08-12 05:51:34,오피스텔,49807125,월세,01,충청남도 아산시 온천동,아산시,온천동,300,34,0,60,18.15,4,온양온천역5분 첫입주 오피 넓은 원룸 풀옵션 월세,https://www.zigbang.com/home/apt/items/49807125
2026-08-12 05:51:34,오피스텔,49949671,전세,03,충청남도 아산시 모종동,아산시,모종동,5000,0,0,55.72,16.86,고,"아산터미널 옆에 위치한  복층원룸
조용하고, 경치좋음",https://www.zigbang.com/home/apt/items/49949671
2026-08-12 05:51:34,오피스텔,49196713,월세,03,충청남도 아산시 권곡동,아산시,권곡동,300,28,0,40,12.1,1,lll 복층형 오피스텔 최저가 보장 llll,https://www.zigbang.com/home/apt/items/49196713
2026-08-12 05:51:34,오피스텔,49486326,월세,03,충청남도 아산시 권곡동,아산시,권곡동,300,28,0,60,18.15,1,역전10분 깔끔한 복층 원룸 풀옵션 월세,https://www.zigbang.com/home/apt/items/49486326
2026-08-12 05:51:34,오피스텔,49885726,월세,01,충청남도 아산시 온천동,아산시,온천동,300,37,0,36.69,11.1,6,아산 갤러리휴리움,https://www.zigbang.com/home/apt/items/49885726
2026-08-12 05:51:34,오피스텔,49886271,월세,01,충청남도 아산시 온천동,아산시,온천동,300,36,0,36.69,11.1,저,아산 갤러리휴리움,https://www.zigbang.com/home/apt/items/49886271
2026-08-12 05:51:34,오피스텔,49712828,월세,01,충청남도 아산시 온천동,아산시,온천동,300,35,0,33.06,10.0,저,llll 역도보가능.최신축.도시형생활주택 llll,https://www.zigbang.com/home/apt/items/49712828
2026-08-12 05:51:34,오피스텔,49994273,월세,04,충청남도 아산시 온천동,아산시,온천동,500,60,0,75.63,22.88,6,"공실, 투룸형 .  풀옵션.",https://www.zigbang.com/home/apt/items/49994273
2026-08-12 05:51:34,오피스텔,49981792,월세,02,충청남도 아산시 온천동,아산시,온천동,500,45,0,45.82,13.86,고,"온양온천 전철역 , 철도역과  도보 5분거리 오피스텔",https://www.zigbang.com/home/apt/items/49981792
2026-08-12 05:51:34,오피스텔,49486311,월세,01,충청남도 아산시 온천동,아산시,온천동,300,35,0,33.06,10.0,7,온양온천역7분 신축 오피스텔 원룸 풀옵션 월세 반려동물0,https://www.zigbang.com/home/apt/items/49486311
2026-08-12 05:51:34,오피스텔,49995170,월세,01,충청남도 아산시 온천동,아산시,온천동,500,52,0,57,17.24,12,lll 모노 17평형 정 남향 lll,https://www.zigbang.com/home/apt/items/49995170
2026-08-12 05:51:34,오피스텔,49995148,월세,01,충청남도 아산시 온천동,아산시,온천동,500,40,0,46.28,14.0,4,ㅣㅣㅣ 아산 일번 도시형생활주택 ㅣㅣㅣ,https://www.zigbang.com/home/apt/items/49995148
2026-08-12 05:51:34,오피스텔,49886236,월세,01,충청남도 아산시 온천동,아산시,온천동,300,34,0,32.13,9.72,9,아산 갤러리휴리움,https://www.zigbang.com/home/apt/items/49886236
2026-08-12 05:51:34,오피스텔,49723027,월세,01,충청남도 아산시 온천동,아산시,온천동,300,34,0,32.13,9.72,중,아산 갤러리휴리움,https://www.zigbang.com/home/apt/items/49723027
2026-08-12 05:51:34,오피스텔,49978652,월세,01,충청남도 아산시 온천동,아산시,온천동,300,34,0,32.13,9.72,5,아산 갤러리휴리움,https://www.zigbang.com/home/apt/items/49978652
2026-08-12 05:51:34,오피스텔,49708592,월세,02,충청남도 아산시 배방읍 북수리,아산시,배방읍,1000,46,0,36.37,11.0,5,"북수리 유일 오피스텔,큰길,완벽주차,풀옵션",https://www.zigbang.com/home/apt/items/49708592
2026-08-12 05:51:34,오피스텔,49940607,월세,02,충청남도 아산시 배방읍 북수리,아산시,배방읍,1000,46,0,36.37,11.0,5,"북수리 유일 오피스텔,큰길,완벽주차,풀옵션",https://www.zigbang.com/home/apt/items/49940607
2026-08-12 05:51:34,오피스텔,50025801,월세,01,충청남도 아산시 탕정면 용두리,아산시,탕정면,300,50,0,32.33,9.78,5,신축 풀옵션 원룸 주차편리 수납공간풍부 전입불가,https://www.zigbang.com/home/apt/items/50025801
2026-08-12 05:51:35,오피스텔,49954586,월세,04,충청남도 천안시 동남구 청당동,천안시 동남구,청당동,1000,70,0,68,20.57,4,"화이트 리모델링 쓰리룸 방 3개, 화장실 2개",https://www.zigbang.com/home/apt/items/49954586
2026-08-12 05:51:35,오피스텔,49896281,전세,05,충청남도 천안시 동남구 청당동,천안시 동남구,청당동,10000,0,0,72,21.78,4,방3개 화장실2개 청당초옆 빌라형,https://www.zigbang.com/home/apt/items/49896281
2026-08-12 05:51:35,오피스텔,49954602,월세,05,충청남도 천안시 동남구 청당동,천안시 동남구,청당동,1000,75,0,68,20.57,고,"올리모델링 쓰리룸 방 3개, 화장실 2개",https://www.zigbang.com/home/apt/items/49954602
2026-08-12 05:51:35,오피스텔,49894362,월세,05,충청남도 천안시 동남구 청당동,천안시 동남구,청당동,1000,75,0,72,21.78,5,이번에올수리함 즉시입주가능 청당초옆에이디빌 방3화2,https://www.zigbang.com/home/apt/items/49894362
2026-08-12 05:51:35,오피스텔,49855980,월세,02,충청남도 천안시 서북구 불당동,천안시 서북구,불당동,1000,80,0,78.29,23.68,중,"신축,1.5룸,큰 투베이,드레스룸,베란다있는 럭셔리오피스텔",https://www.zigbang.com/home/apt/items/49855980
2026-08-12 05:51:35,오피스텔,49833089,전세,02,충청남도 천안시 서북구 불당동,천안시 서북구,불당동,10000,0,0,58.41,17.67,중,"보증보험가능, 대출가능 전세, 좋은가격, 신불당라이프",https://www.zigbang.com/home/apt/items/49833089
2026-08-12 05:51:35,오피스텔,49639659,월세,02,충청남도 천안시 서북구 불당동,천안시 서북구,불당동,2000,90,0,91.65,27.72,고,"큰 투베이,건조기,스타일러옵션,호텔 같은 오피스텔,1.5룸",https://www.zigbang.com/home/apt/items/49639659
2026-08-12 05:51:35,오피스텔,49967378,월세,01,충청남도 천안시 서북구 불당동,천안시 서북구,불당동,1000,65,0,59.42,17.97,4,라드니체 귀한 뻥뷰원룸.선점필수,https://www.zigbang.com/home/apt/items/49967378
2026-08-12 05:51:35,오피스텔,50029447,월세,05,충청남도 천안시 서북구 불당동,천안시 서북구,불당동,2000,125,0,181.25,54.83,저,라드니체 쓰리룸 귀한 주거용.전입가능,https://www.zigbang.com/home/apt/items/50029447
2026-08-12 05:51:35,오피스텔,50028506,월세,04,충청남도 천안시 서북구 백석동,천안시 서북구,백석동,1000,50,0,75.2,22.75,9,전입 투룸 거실 넓은주방 풀옵션 가성비굿,https://www.zigbang.com/home/apt/items/50028506
2026-08-12 05:51:35,오피스텔,49978382,월세,02,충청남도 천안시 서북구 불당동,천안시 서북구,불당동,500,80,0,85.64,25.91,중,"모나크중 가장큰투베이,옵션굿,위치최상, 옵션굿",https://www.zigbang.com/home/apt/items/49978382
2026-08-12 05:51:35,오피스텔,50026136,월세,02,충청남도 천안시 서북구 불당동,천안시 서북구,불당동,1000,75,0,79.88,24.16,중,"시청맞은편,위치최상,복층형넓은투베이,풀옵션",https://www.zigbang.com/home/apt/items/50026136
2026-08-12 05:51:35,오피스텔,49939608,월세,02,충청남도 천안시 서북구 불당동,천안시 서북구,불당동,1000,75,0,74.55,22.55,고,"시청맞은편,채광좋은 고층정남향,최고입지,옵션풍부,테라스",https://www.zigbang.com/home/apt/items/49939608
2026-08-12 05:51:35,오피스텔,49967206,월세,04,충청남도 천안시 서북구 백석동,천안시 서북구,백석동,7000,10,0,70.21,21.24,7,빠른입주 버팀목 보증금대출 보증보험 투룸 풀옵션,https://www.zigbang.com/home/apt/items/49967206
2026-08-12 05:51:35,오피스텔,50018360,월세,02,충청남도 천안시 서북구 불당동,천안시 서북구,불당동,500,65,0,69.74,21.1,중,"시청맞은편, 복층형투베이,입지최상,옵션다양,고층테라스",https://www.zigbang.com/home/apt/items/50018360
2026-08-12 05:51:35,오피스텔,49705064,월세,04,충청남도 천안시 서북구 불당동,천안시 서북구,불당동,2000,130,0,112.3,33.97,중,"신불당중심,채광좋은정남향,럭셔리풀옵션,투룸,넓은테라스",https://www.zigbang.com/home/apt/items/49705064
2026-08-12 05:51:35,오피스텔,50020283,월세,03,충청남도 천안시 서북구 불당동,천안시 서북구,불당동,500,60,0,58.41,17.67,고,"귀한 주거용,전입신고가능,탑층,층간소음걱정NO,조용함",https://www.zigbang.com/home/apt/items/50020283
2026-08-12 05:51:37,오피스텔,49904947,월세,05,경기도 평택시 포승읍 만호리,평택시,포승읍,500,80,0,127.58,38.59,17,"3룸 복층 화장실3개 제일 큰 방, 주소이전 안됨",https://www.zigbang.com/home/apt/items/49904947
2026-08-12 05:51:37,오피스텔,50017020,월세,02,경기도 평택시 포승읍 만호리,평택시,포승읍,200,39,0,39.66,12.0,중,전망 좋은 남서향 집,https://www.zigbang.com/home/apt/items/50017020
2026-08-12 05:51:37,오피스텔,49997115,월세,01,경기도 평택시 포승읍 만호리,평택시,포승읍,100,30,0,40,12.1,고,"단기 가능, 취사 하지 않을 분",https://www.zigbang.com/home/apt/items/49997115
2026-08-12 05:51:37,오피스텔,50013896,월세,04,경기도 평택시 포승읍 만호리,평택시,포승읍,300,47,0,52.89,16.0,고,가성비 좋은 미니투룸,https://www.zigbang.com/home/apt/items/50013896
2026-08-12 05:51:37,오피스텔,49828282,월세,01,경기도 평택시 포승읍 도곡리,평택시,포승읍,5100,10,0,36.73,11.11,중,ll 반환보증보험 ll 준신축급 ll 풀옵션 ll,https://www.zigbang.com/home/apt/items/49828282
2026-08-12 05:51:37,오피스텔,49886077,월세,01,경기도 평택시 포승읍 만호리,평택시,포승읍,100,33,0,40,12.1,중,"단기 가능,  취사가능 주소이전가능",https://www.zigbang.com/home/apt/items/49886077
2026-08-12 05:51:37,오피스텔,50000748,월세,02,경기도 평택시 포승읍 만호리,평택시,포승읍,300,40,0,49.59,15.0,4,테라스 있는 도시형 생활주택 1.5룸형,https://www.zigbang.com/home/apt/items/50000748
2026-08-12 05:51:37,오피스텔,50002381,월세,02,경기도 평택시 포승읍 만호리,평택시,포승읍,300,38,0,39.66,12.0,중,전망 좋은 방,https://www.zigbang.com/home/apt/items/50002381
2026-08-12 05:51:37,오피스텔,50014018,월세,02,경기도 평택시 포승읍 만호리,평택시,포승읍,300,37,0,44.65,13.51,저,"풀옵션, 전망 좋은 방,그외 좋은 방 다량 보유",https://www.zigbang.com/home/apt/items/50014018
2026-08-12 05:51:39,오피스텔,50021713,월세,01,경기도 화성시 만세구 남양읍 남양리,화성시 만세구,남양읍,1000,45,0,46.28,14.0,5,전면 막힘 없으며 수납공간 많음  전입신고 가능함,https://www.zigbang.com/home/apt/items/50021713
2026-08-12 05:51:39,오피스텔,49803639,월세,02,경기도 화성시 만세구 남양읍 남양리,화성시 만세구,남양읍,120,65,0,51.6,15.61,11,단기임대  화성시청앞 신축 오피스텔 1.5룸,https://www.zigbang.com/home/apt/items/49803639
2026-08-12 05:51:39,오피스텔,49997427,월세,01,경기도 화성시 만세구 남양읍 남양리,화성시 만세구,남양읍,500,40,0,39.67,12.0,4,수납공간 좋으며 조용하며 주차편리  버스정류장등 가까움,https://www.zigbang.com/home/apt/items/49997427
2026-08-12 05:51:39,오피스텔,49923800,월세,02,경기도 화성시 만세구 남양읍 남양리,화성시 만세구,남양읍,1000,60,0,42.98,13.0,고,컨디션 좋은  주방 분리형   수납공간 많음 주차 아주편리,https://www.zigbang.com/home/apt/items/49923800
2026-08-12 05:51:39,오피스텔,50020637,전세,02,경기도 화성시 만세구 남양읍 남양리,화성시 만세구,남양읍,8500,0,0,51.6,15.61,저,"화성시청 사거리, 신축 깨끗한 풀옵션 귀한 전세",https://www.zigbang.com/home/apt/items/50020637
2026-08-12 05:51:39,오피스텔,49923774,전세,01,경기도 화성시 만세구 남양읍 남양리,화성시 만세구,남양읍,5500,0,0,33.06,10.0,4,관리비 저렴하며  주변 편의시설 이용 편리 대출 없음,https://www.zigbang.com/home/apt/items/49923774
2026-08-12 05:51:39,오피스텔,49971056,월세,01,경기도 화성시 만세구 남양읍 남양리,화성시 만세구,남양읍,300,50,0,39.67,12.0,2,방 넓어 침대 쇼파가능  수납공간 많음 세금계산서  발행가,https://www.zigbang.com/home/apt/items/49971056
2026-08-12 05:51:39,오피스텔,49892198,월세,01,경기도 화성시 만세구 향남읍 하길리,화성시 만세구,향남읍,500,50,0,33.14,10.02,고,"O비전호텔리아O, 롯시데시네마인근 인프라최고, 개방감최고",https://www.zigbang.com/home/apt/items/49892198
2026-08-12 05:51:39,오피스텔,50006397,월세,01,경기도 화성시 만세구 향남읍 상신리,화성시 만세구,향남읍,500,60,0,29.75,9.0,3,단기가능. 향남 뷰좋은 고층 원룸 오피스텔. 즉시입주ok,https://www.zigbang.com/home/apt/items/50006397
2026-08-12 05:51:39,오피스텔,49999756,월세,01,경기도 화성시 만세구 향남읍 하길리,화성시 만세구,향남읍,500,50,0,49.42,14.95,고,중심상가내.넓은 원룸구조.생활형숙박시설. 테라스O.전입X,https://www.zigbang.com/home/apt/items/49999756
2026-08-12 05:51:40,오피스텔,49730638,월세,01,경기도 평택시 합정동,평택시,합정동,2000,75,0,122.87,37.17,고,ㅁF1RSTㅁ펜.트.하.우.스FEELㅁ온유안유일한공간ㅁ,https://www.zigbang.com/home/apt/items/49730638
2026-08-12 05:51:40,오피스텔,49807912,월세,01,경기도 평택시 합정동,평택시,합정동,2000,75,0,122.87,37.17,고,o온1차 1개밖에 없는 제일 큰 방 o주차편리 o평택역인근,https://www.zigbang.com/home/apt/items/49807912
2026-08-12 05:51:40,오피스텔,49730534,월세,01,경기도 평택시 합정동,평택시,합정동,2000,75,0,122.87,37.17,고,ㅁF1RSTㅁ펜.트.하.우.스 FEELㅁ온유안 유일한 집ㅁ,https://www.zigbang.com/home/apt/items/49730534
2026-08-12 05:51:40,오피스텔,49986477,월세,02,경기도 평택시 합정동,평택시,합정동,300,60,0,77.22,23.36,중,"9월입주 평택역 주차왕,수납왕,분리형 풀옵션 월세 BT1차",https://www.zigbang.com/home/apt/items/49986477
2026-08-12 05:51:40,오피스텔,49984775,월세,01,경기도 평택시 합정동,평택시,합정동,500,55,0,64.75,19.59,20,ㅁFIRSTㅁ평택역핵심생활권ㅁ주차만족도우수ㅁ프리미엄풀옵션ㅁ,https://www.zigbang.com/home/apt/items/49984775
2026-08-12 05:51:40,오피스텔,49984782,월세,01,경기도 평택시 합정동,평택시,합정동,500,55,0,64.75,19.59,고,FIRSTㅁ평택역핵심ㅁ주차만족도최상ㅁ프리미엄풀옵션ㅁ실속형,https://www.zigbang.com/home/apt/items/49984782
2026-08-12 05:51:40,오피스텔,49986430,월세,01,경기도 평택시 합정동,평택시,합정동,500,55,0,64.77,19.59,고,"10월입주 평택역 주차왕,수납왕 서향 풀옵션 월세 BT1차",https://www.zigbang.com/home/apt/items/49986430
2026-08-12 05:51:40,오피스텔,49732103,월세,03,경기도 평택시 합정동,평택시,합정동,500,60,0,84.64,25.6,중,o남향 복층 큰방o주차편리 o넉넉한 수납 o화이트인테리어,https://www.zigbang.com/home/apt/items/49732103
2026-08-12 05:51:40,오피스텔,49953570,전세,01,경기도 평택시 평택동,평택시,평택동,8000,0,0,31.52,9.53,고,전세 평택경찰서앞 준신축급 원룸 엘베ㅣ8월30일후입주,https://www.zigbang.com/home/apt/items/49953570
2026-08-12 05:51:40,오피스텔,49986486,월세,03,경기도 평택시 합정동,평택시,합정동,300,65,0,84.64,25.6,중,"9월입주 평택역 주차왕,수납왕,남향,복층다락 풀옵션 월세",https://www.zigbang.com/home/apt/items/49986486
2026-08-12 05:51:40,오피스텔,49986458,월세,01,경기도 평택시 합정동,평택시,합정동,300,65,0,75.59,22.87,고,8월입주 빠른입주 평택역 주차왕 높은층 드레스룸풀옵션월세,https://www.zigbang.com/home/apt/items/49986458
2026-08-12 05:51:41,오피스텔,50014780,월세,03,경기도 안성시 신소현동,안성시,신소현동,1000,59,0,41.26,12.48,9,ꔚ9.5이후입주가능ꔚ신축원룸복층ꔚ도시형생활주택ꔚ,https://www.zigbang.com/home/apt/items/50014780
2026-08-12 05:51:41,오피스텔,49919894,월세,03,경기도 안성시 신소현동,안성시,신소현동,1000,63,0,41.26,12.48,12,ꔚ9.28이후입주가능ꔚ신축원룸복층ꔚ도시형생활주택ꔚ,https://www.zigbang.com/home/apt/items/49919894
2026-08-12 05:51:41,오피스텔,49706192,월세,03,경기도 화성시 만세구 향남읍 행정리,화성시 만세구,향남읍,500,48,0,36.36,11.0,2,감성있는 복층 원룸 오피스텔. 1지구 유일,https://www.zigbang.com/home/apt/items/49706192
2026-08-12 05:51:41,오피스텔,49948747,월세,03,경기도 화성시 만세구 향남읍 행정리,화성시 만세구,향남읍,500,48,0,26.45,8.0,중,"인프라최고 1지구 고급오피, 복층구조 빠른이사",https://www.zigbang.com/home/apt/items/49948747
2026-08-12 05:51:42,오피스텔,49827481,매매,03,경기도 용인시 기흥구 서천동,용인시 기흥구,서천동,12000,0,12000,43.7,13.22,7,"경희대, 삼성반도체 임대수요 안정정인 수익형 매물",https://www.zigbang.com/home/apt/items/49827481
2026-08-12 05:51:42,오피스텔,49823546,월세,01,경기도 수원시 영통구 영통동,수원시 영통구,영통동,500,40,0,30.33,9.17,고,영통역 도보5분 경희대 도보15분,https://www.zigbang.com/home/apt/items/49823546
2026-08-12 05:51:42,오피스텔,50021368,월세,03,경기도 용인시 기흥구 서천동,용인시 기흥구,서천동,100,65,0,43.7,13.22,6,"신축 풀옵션, 기흥 테라타워, 삼성전자, 경희대 근접",https://www.zigbang.com/home/apt/items/50021368
2026-08-12 05:51:42,오피스텔,50017926,월세,03,경기도 수원시 영통구 영통동,수원시 영통구,영통동,1000,40,0,33.69,10.19,1,ㅣ초대형ㅣ복층ㅣ선착순ㅣ,https://www.zigbang.com/home/apt/items/50017926
2026-08-12 05:51:42,오피스텔,50007983,월세,03,경기도 수원시 영통구 영통동,수원시 영통구,영통동,500,50,0,34,10.28,6,영통역 도보5분 경희대 도보15분,https://www.zigbang.com/home/apt/items/50007983
2026-08-12 05:51:42,오피스텔,49689257,매매,03,경기도 용인시 기흥구 서천동,용인시 기흥구,서천동,11000,0,11000,46.84,14.17,7,"안정적 수익형,복층원룸, 경희대, 삼성DSR 근접",https://www.zigbang.com/home/apt/items/49689257
2026-08-12 05:51:42,오피스텔,50019266,월세,01,경기도 용인시 기흥구 서천동,용인시 기흥구,서천동,500,60,0,40.31,12.19,7,복층 생활형숙박시설.높은 층고로 개방감 좋음.전입신고 안됨,https://www.zigbang.com/home/apt/items/50019266
2026-08-12 05:51:42,오피스텔,50019295,월세,03,경기도 용인시 기흥구 서천동,용인시 기흥구,서천동,500,60,0,19.83,6.0,5,복층 신축.층고 높아 개방감 있음.전입불가.,https://www.zigbang.com/home/apt/items/50019295
2026-08-12 05:51:42,오피스텔,50021608,월세,03,경기도 용인시 기흥구 서천동,용인시 기흥구,서천동,200,65,0,46.84,14.17,7,"풀옵션 복층원룸, 삼성DSR, 기흥테라타워, 경희대 도보권",https://www.zigbang.com/home/apt/items/50021608
2026-08-12 05:51:43,오피스텔,49833091,전세,05,경기도 화성시 동탄구 송동,화성시 동탄구,송동,45000,0,0,168,50.82,중,최고의호수공원뷰 빠른입주 융소 보증보험 가능 인테리어된호실,https://www.zigbang.com/home/apt/items/49833091
2026-08-12 05:51:43,오피스텔,49737684,전세,05,경기도 화성시 동탄구 송동,화성시 동탄구,송동,43000,0,0,150,45.37,20,호수뻥뷰 신축 3룸 에4 전입가능 융무,https://www.zigbang.com/home/apt/items/49737684
2026-08-12 05:51:43,오피스텔,49837943,전세,01,경기도 화성시 동탄구 송동,화성시 동탄구,송동,24000,0,0,68,20.57,고,"신축,남향,풀옵션,융무,전입가능 대출가능",https://www.zigbang.com/home/apt/items/49837943
2026-08-12 05:51:43,오피스텔,49833080,전세,05,경기도 화성시 동탄구 송동,화성시 동탄구,송동,42000,0,0,144,43.56,고,"호수뷰 , 전입가능 ,풀옵션 ,대출 가능 ,융무",https://www.zigbang.com/home/apt/items/49833080
2026-08-12 05:51:43,오피스텔,49979777,월세,01,경기도 화성시 동탄구 송동,화성시 동탄구,송동,500,70,0,44,13.31,중,신축 원룸 풀옵션 남향 전입불가 사업자 환영,https://www.zigbang.com/home/apt/items/49979777
2026-08-12 05:51:43,오피스텔,49833075,전세,04,경기도 화성시 동탄구 송동,화성시 동탄구,송동,41000,0,0,144,43.56,중,호수뻥뷰 3룸 귀한전세 융무 보증보험 가능,https://www.zigbang.com/home/apt/items/49833075
2026-08-12 05:51:43,오피스텔,49951141,월세,02,경기도 화성시 동탄구 송동,화성시 동탄구,송동,2000,100,0,68,20.57,중,신축 호수뷰 1.5룸 전입불가 사업자 환영 개인가능,https://www.zigbang.com/home/apt/items/49951141
2026-08-12 05:51:43,오피스텔,50022705,전세,02,경기도 화성시 동탄구 송동,화성시 동탄구,송동,24000,0,0,79.1,23.93,고,v뻥뷰인 호수뷰v융무v전입가능v1.5룸풀옵션v주거용,https://www.zigbang.com/home/apt/items/50022705
2026-08-12 05:51:43,오피스텔,49811028,전세,05,경기도 화성시 동탄구 송동,화성시 동탄구,송동,45000,0,0,192.8,58.32,중,v융무v전입가능v뻥뷰인호수뷰v보증보험가능,https://www.zigbang.com/home/apt/items/49811028
2026-08-12 05:51:43,오피스텔,49833099,월세,01,경기도 화성시 동탄구 송동,화성시 동탄구,송동,500,70,0,44,13.31,중,원룸  풀옵션 전입불가 개인가능,https://www.zigbang.com/home/apt/items/49833099
2026-08-12 05:51:43,오피스텔,49691670,월세,02,경기도 화성시 동탄구 송동,화성시 동탄구,송동,2000,100,0,79.13,23.94,34,v뻥뷰v확트인호수뷰v전입xv1.5룸풀옵션,https://www.zigbang.com/home/apt/items/49691670
2026-08-12 05:51:43,오피스텔,49690366,월세,02,경기도 화성시 동탄구 송동,화성시 동탄구,송동,2000,100,0,79.13,23.94,고,개인가능 부가세 별도1.5룸 탑층 호수공원 뷰 풀옵션,https://www.zigbang.com/home/apt/items/49690366
2026-08-12 05:51:43,오피스텔,49736319,월세,01,경기도 화성시 동탄구 송동,화성시 동탄구,송동,500,70,0,51.09,15.45,중,v전입xv원룸 풀옵션v사업자,https://www.zigbang.com/home/apt/items/49736319
2026-08-12 05:51:43,오피스텔,50014051,전세,02,경기도 화성시 동탄구 송동,화성시 동탄구,송동,16530,0,0,79.1,23.93,고,v귀한 주임사물건v융무v전입가능v1.5룸풀옵션v빠른입주가능,https://www.zigbang.com/home/apt/items/50014051
2026-08-12 05:51:43,오피스텔,50009491,월세,01,경기도 용인시 기흥구 중동,용인시 기흥구,중동,2500,45,0,29.75,9.0,중,초당역앞 풀옵션 오피스텔 임대,https://www.zigbang.com/home/apt/items/50009491
2026-08-12 05:51:43,오피스텔,50009487,월세,01,경기도 용인시 기흥구 중동,용인시 기흥구,중동,1500,50,0,29.75,9.0,3,초당역앞 풀옵션 오피스텔,https://www.zigbang.com/home/apt/items/50009487
2026-08-12 05:51:44,오피스텔,49954995,월세,01,세종시 세종 조치원읍 원리,,조치원읍,100,30,0,21,6.35,2,깔끔옵션v 조치원역에서 3분거리v 즉시입주,https://www.zigbang.com/home/apt/items/49954995
2026-08-12 05:51:44,오피스텔,49878102,월세,01,세종시 세종 조치원읍 남리,,조치원읍,200,30,0,23.14,7.0,중,준신축 햇살가득한 방 풀셋팅,https://www.zigbang.com/home/apt/items/49878102
2026-08-12 05:51:44,오피스텔,50028136,전세,01,세종시 세종 조치원읍 원리,,조치원읍,4000,0,0,24,7.26,10,"조치원역에서 3분거리,깔끔 풀옵,즉시입주",https://www.zigbang.com/home/apt/items/50028136
2026-08-12 05:51:44,오피스텔,49754550,월세,01,세종시 세종 조치원읍 상리,,조치원읍,200,32,0,24,7.26,고,"오피스텔형 원룸 , 풀셋팅",https://www.zigbang.com/home/apt/items/49754550
2026-08-12 05:51:44,오피스텔,49754775,월세,01,세종시 세종 조치원읍 상리,,조치원읍,300,37,0,26.45,8.0,8,햇살가득 풀옵션   원룸,https://www.zigbang.com/home/apt/items/49754775
2026-08-12 05:51:43,오피스텔,50004037,월세,01,경기도 용인시 처인구 김량장동,용인시 처인구,김량장동,100,70,0,34.45,10.42,9,"용인터미널건너편,주거용원룸형오피스텔.",https://www.zigbang.com/home/apt/items/50004037
2026-08-12 05:51:43,오피스텔,49766167,월세,04,경기도 용인시 처인구 김량장동,용인시 처인구,김량장동,2000,80,0,68.9,20.84,14,용인터미널 맞은편에 위치한 투룸형주거용오피스텔 .,https://www.zigbang.com/home/apt/items/49766167
2026-08-12 05:51:43,오피스텔,50006509,월세,01,경기도 용인시 처인구 김량장동,용인시 처인구,김량장동,500,60,0,33.06,10.0,6,용인터미널옆 오피스텔형 원룸  전입가능,https://www.zigbang.com/home/apt/items/50006509
2026-08-12 05:51:43,오피스텔,50000561,매매,04,경기도 용인시 처인구 김량장동,용인시 처인구,김량장동,12000,0,12000,68.9,20.84,고,"용인터미널건너편,투룸형주거용오피스텔,급매물.",https://www.zigbang.com/home/apt/items/50000561
2026-08-12 05:51:43,오피스텔,50006431,월세,01,경기도 용인시 처인구 김량장동,용인시 처인구,김량장동,4500,23,0,33.06,10.0,13,"용인터미널옆 오피스텔 반전세, 주차장 만차로 주차대기필요",https://www.zigbang.com/home/apt/items/50006431
2026-08-12 05:51:43,오피스텔,49840506,매매,01,경기도 용인시 처인구 김량장동,용인시 처인구,김량장동,6600,0,6600,33.05,10.0,3,용인터미널옆 에스원스마트빌 오피스텔주차불가,https://www.zigbang.com/home/apt/items/49840506
2026-08-12 05:51:43,오피스텔,49840487,매매,01,경기도 용인시 처인구 김량장동,용인시 처인구,김량장동,8900,0,8900,33.06,10.0,3,용인터미널 신축오피스텔형 원룸,https://www.zigbang.com/home/apt/items/49840487
2026-08-12 05:51:43,오피스텔,50000609,매매,01,경기도 용인시 처인구 김량장동,용인시 처인구,김량장동,7500,0,7500,34.45,10.42,14,"용인터미널부근,원룸형오피스텔.",https://www.zigbang.com/home/apt/items/50000609
2026-08-12 05:51:43,오피스텔,49840559,매매,01,경기도 용인시 처인구 김량장동,용인시 처인구,김량장동,6400,0,6400,36.36,11.0,4,"용인터미널옆 오피스텔용인대,명지대,송담대 근처",https://www.zigbang.com/home/apt/items/49840559
2026-08-12 05:51:45,오피스텔,49882939,월세,01,충청북도 청주시 청원구 오창읍 양청리,청주시 청원구,오창읍,300,50,0,44,13.31,저,ll  부가세없음 ll 오피스형원룸 ll,https://www.zigbang.com/home/apt/items/49882939
2026-08-12 05:51:45,오피스텔,49938506,월세,01,충청북도 청주시 청원구 오창읍 양청리,청주시 청원구,오창읍,300,50,0,44,13.31,7,ll 부가세별도 ll A타입 ll 호수뷰 ll,https://www.zigbang.com/home/apt/items/49938506
2026-08-12 05:51:45,오피스텔,49829882,월세,01,충청북도 청주시 청원구 오창읍 양청리,청주시 청원구,오창읍,300,50,0,44,13.31,저,ll 터미널인근 ll 신축남동향 ll,https://www.zigbang.com/home/apt/items/49829882
2026-08-12 05:51:45,오피스텔,50018431,월세,01,충청북도 청주시 청원구 오창읍 양청리,청주시 청원구,오창읍,300,50,0,44,13.31,저,"엘파크 원룸, 즉시입주, 부가세별도",https://www.zigbang.com/home/apt/items/50018431
2026-08-12 05:51:45,오피스텔,49988978,매매,04,충청북도 청주시 청원구 오창읍 양청리,청주시 청원구,오창읍,30000,0,30000,137.58,41.62,14,오창.메인상권.복층.투룸.71타입.14층.오피스텔매매,https://www.zigbang.com/home/apt/items/49988978
2026-08-12 05:51:45,오피스텔,50018372,월세,01,충청북도 청주시 청원구 오창읍 양청리,청주시 청원구,오창읍,300,53,0,44,13.31,저,"엘파크 원룸, 즉시입주, 단기가능",https://www.zigbang.com/home/apt/items/50018372
2026-08-12 05:51:45,오피스텔,49929783,월세,04,충청북도 청주시 청원구 오창읍 양청리,청주시 청원구,오창읍,500,70,0,68,20.57,중,ll 실속형 ll 신축오피스텔투룸 ll,https://www.zigbang.com/home/apt/items/49929783
2026-08-12 05:51:45,오피스텔,50003943,월세,01,충청북도 청주시 상당구 북문로2가,청주시 상당구,북문로2가,300,36,0,39.66,12.0,고,월세최저가   완전풀옵션,https://www.zigbang.com/home/apt/items/50003943
2026-08-12 05:51:45,오피스텔,49997083,월세,01,충청북도 청주시 서원구 사창동,청주시 서원구,사창동,500,50,0,49.74,15.05,4,하트리움에덴  오픈형원룸 교통편리함,https://www.zigbang.com/home/apt/items/49997083
2026-08-12 05:51:45,오피스텔,49915853,월세,01,충청북도 청주시 서원구 개신동,청주시 서원구,개신동,300,45,0,34.57,10.46,고,홈플러스 부근 오피스텔 방이 크고 베란다와 넉넉한 수납장,https://www.zigbang.com/home/apt/items/49915853
2026-08-12 05:51:45,오피스텔,49816696,매매,04,충청북도 청주시 흥덕구 봉명동,청주시 흥덕구,봉명동,13000,0,13000,87.76,26.55,20,"급매,,2026년2월20일 전세 만기임",https://www.zigbang.com/home/apt/items/49816696
2026-08-12 05:51:45,오피스텔,49866005,매매,04,충청북도 청주시 흥덕구 봉명동,청주시 흥덕구,봉명동,13800,0,13800,73.02,22.09,19,"급급매..투룸,고층,정남향",https://www.zigbang.com/home/apt/items/49866005
2026-08-12 05:51:45,오피스텔,49997100,월세,04,충청북도 청주시 서원구 사창동,청주시 서원구,사창동,2000,65,0,85.15,25.76,중,에덴투룸  내부상태양호 교통편리 편의시설으뜸,https://www.zigbang.com/home/apt/items/49997100
2026-08-12 05:51:45,오피스텔,49997128,전세,01,충청북도 청주시 서원구 사창동,청주시 서원구,사창동,3000,0,0,60.72,18.37,고,융자없음  내부상태 양호  빠른입주가능 로얄층 사창사거리,https://www.zigbang.com/home/apt/items/49997128
2026-08-12 05:51:45,오피스텔,49974565,월세,04,충청북도 청주시 흥덕구 봉명동,청주시 흥덕구,봉명동,1000,80,0,73.02,22.09,14,"즉시입주가능함,정남향,블라인드,건조기,전자레인지있음.",https://www.zigbang.com/home/apt/items/49974565
2026-08-12 05:51:45,오피스텔,49965789,월세,01,충청북도 청주시 청원구 오창읍 송대리,청주시 청원구,오창읍,200,45,0,26.45,8.0,19,ll 귀한고층월세 ll,https://www.zigbang.com/home/apt/items/49965789
2026-08-12 05:51:45,오피스텔,49965814,월세,01,충청북도 청주시 청원구 오창읍 송대리,청주시 청원구,오창읍,200,45,0,26.45,8.0,고,ll 고층뻥뷰 ll 즉시입주 ll,https://www.zigbang.com/home/apt/items/49965814
2026-08-12 05:51:45,오피스텔,49965805,월세,01,충청북도 청주시 청원구 오창읍 송대리,청주시 청원구,오창읍,200,45,0,26.45,8.0,7,ll  당일입주 ll 귀한월세 ll,https://www.zigbang.com/home/apt/items/49965805
2026-08-12 05:51:45,오피스텔,49965799,월세,01,충청북도 청주시 청원구 오창읍 송대리,청주시 청원구,오창읍,200,45,0,26.45,8.0,13,ll 고층뻥뷰매물 ll 즉시입주호실 ll,https://www.zigbang.com/home/apt/items/49965799
2026-08-12 05:51:45,오피스텔,49980916,월세,01,충청북도 청주시 청원구 오창읍 송대리,청주시 청원구,오창읍,200,45,0,26.45,8.0,중,ll 최저가월세  ll 즉시입주 ll,https://www.zigbang.com/home/apt/items/49980916
2026-08-12 05:51:45,오피스텔,50018342,월세,01,충청북도 청주시 청원구 오창읍 송대리,청주시 청원구,오창읍,200,40,0,36.51,11.04,고,"8월20일 이후, 원룸형, 3개월이상 단기가능",https://www.zigbang.com/home/apt/items/50018342
2026-08-12 05:51:45,오피스텔,50018328,월세,01,충청북도 청주시 청원구 오창읍 송대리,청주시 청원구,오창읍,200,40,0,36.51,11.04,중,"즉시 입주가능, 풀옵션 원룸형, 3개월이상 단기가능",https://www.zigbang.com/home/apt/items/50018328
2026-08-12 05:51:47,오피스텔,50017587,월세,01,충청북도 음성군 맹동면 두성리,음성군,맹동면,300,55,0,57.58,17.42,고,탁트인 조망  산뷰  인기 많은 저렴한 오피스텔 전입신고x,https://www.zigbang.com/home/apt/items/50017587
2026-08-12 05:51:47,오피스텔,49716003,월세,01,충청북도 음성군 맹동면 두성리,음성군,맹동면,500,55,0,55.17,16.69,6,발코니 및어닝설치  추천  남향 제일선호 침대o 전입신고x,https://www.zigbang.com/home/apt/items/49716003
2026-08-12 05:51:57,오피스텔,50012379,월세,01,경기도 시흥시 정왕동,시흥시,정왕동,300,35,0,54.77,16.57,2,즉시입주가능. 메가폴리스 내 원룸구조.,https://www.zigbang.com/home/apt/items/50012379
2026-08-12 05:51:57,오피스텔,50014091,월세,03,경기도 시흥시 정왕동,시흥시,정왕동,500,45,0,76,22.99,6,"빠른입주. 주차편리,옵션있음.",https://www.zigbang.com/home/apt/items/50014091
2026-08-12 05:51:57,오피스텔,50012361,월세,01,경기도 시흥시 정왕동,시흥시,정왕동,300,30,0,47.76,14.45,2,도배 청소완료. 즉시입주 원룸형 복도안에 위치함.,https://www.zigbang.com/home/apt/items/50012361
2026-08-12 05:51:57,오피스텔,50027297,월세,01,경기도 시흥시 정왕동,시흥시,정왕동,300,40,0,51.24,15.5,6,"즉시입주가능. 옵션있음. 센트럴병원, 공학대 근처",https://www.zigbang.com/home/apt/items/50027297
2026-08-12 05:51:57,오피스텔,50027505,월세,01,경기도 시흥시 정왕동,시흥시,정왕동,300,40,0,43.3,13.1,17,즉시입주가능. 전입불가 .옵션있음.,https://www.zigbang.com/home/apt/items/50027505
2026-08-12 05:51:57,오피스텔,49938387,월세,05,인천시 미추홀구 학익동,미추홀구,학익동,3000,120,0,165,49.91,30,"풀옵션,즉시입주가능,첫입주,일반사업자환영",https://www.zigbang.com/home/apt/items/49938387
2026-08-12 05:51:57,오피스텔,49743248,월세,01,인천시 연수구 연수동,연수구,연수동,300,45,0,49,14.82,중,연수동 연수역 바로앞 오피스텔,https://www.zigbang.com/home/apt/items/49743248
2026-08-12 05:51:57,오피스텔,49997146,월세,05,인천시 연수구 연수동,연수구,연수동,1000,100,0,188.81,57.11,중,연수역초역세권 연수푸르지오오피스텔 56평형 월세,https://www.zigbang.com/home/apt/items/49997146
2026-08-12 05:51:57,오피스텔,49892404,월세,01,인천시 연수구 연수동,연수구,연수동,500,37,0,56.2,17.0,6,수인선 연수역 역세권 메카리움오피스텔 17평형 월세,https://www.zigbang.com/home/apt/items/49892404
2026-08-12 05:51:57,오피스텔,50002772,월세,04,인천시 연수구 연수동,연수구,연수동,1000,110,0,155.37,47.0,12,연수역초역세권 연수푸르지오오피스텔 47평 월세 부가세별도,https://www.zigbang.com/home/apt/items/50002772
2026-08-12 05:51:57,오피스텔,49795751,월세,01,인천시 연수구 청학동,연수구,청학동,500,36,0,34.05,10.3,고,ㅣ전입가능ㅣ풀옵션ㅣ주차가능ㅣ연수역ㅣ,https://www.zigbang.com/home/apt/items/49795751
2026-08-12 05:51:57,오피스텔,49743225,월세,03,인천시 연수구 연수동,연수구,연수동,500,45,0,42.97,13.0,고,두손메카 오피스텔,https://www.zigbang.com/home/apt/items/49743225
2026-08-12 05:51:57,오피스텔,49906603,월세,01,인천시 연수구 연수동,연수구,연수동,40,42,0,18,5.44,고,2달 3달 가능 연수역 3분 오피스텔,https://www.zigbang.com/home/apt/items/49906603
2026-08-12 05:51:57,오피스텔,49743258,월세,01,인천시 연수구 연수동,연수구,연수동,50,32,0,19.83,6.0,8,연수동  무보증 단기임대  오피스텔,https://www.zigbang.com/home/apt/items/49743258
2026-08-12 05:51:57,오피스텔,49863074,월세,01,인천시 연수구 연수동,연수구,연수동,500,55,0,69.42,21.0,7,연수역초역세권 만인타워 오피스텔 21평형  전세,https://www.zigbang.com/home/apt/items/49863074
2026-08-12 05:51:57,오피스텔,50002686,월세,05,인천시 연수구 연수동,연수구,연수동,2000,75,0,183,55.36,3,"수인선 연수역 초역세권 연수푸르지오오피스텔, 55평형,월세",https://www.zigbang.com/home/apt/items/50002686
2026-08-12 05:51:57,오피스텔,49743233,월세,01,인천시 연수구 연수동,연수구,연수동,300,35,0,33.06,10.0,7,연수동 중심가 오피스텔,https://www.zigbang.com/home/apt/items/49743233
2026-08-12 05:51:57,오피스텔,49906820,월세,01,인천시 연수구 연수동,연수구,연수동,40,33,0,18,5.44,고,3개월가능 연수역 도보 4분이내 학생 직장인 환영,https://www.zigbang.com/home/apt/items/49906820
2026-08-12 05:51:57,오피스텔,49968620,전세,05,인천시 연수구 연수동,연수구,연수동,35000,0,0,269.78,81.61,12,"방 4개, 은행전세, 보험, 전용 49평, 전기차충전소",https://www.zigbang.com/home/apt/items/49968620
2026-08-12 05:51:57,오피스텔,49879838,월세,01,인천시 연수구 연수동,연수구,연수동,300,45,0,46.28,14.0,중,연수동 깨끗한 오피스텔,https://www.zigbang.com/home/apt/items/49879838
2026-08-12 05:51:58,오피스텔,49694152,월세,01,경기도 시흥시 정왕동,시흥시,정왕동,500,50,0,27.26,8.25,고,보증금조정가능 정왕역도보 깔끔,https://www.zigbang.com/home/apt/items/49694152
2026-08-12 05:51:58,오피스텔,50000461,전세,03,경기도 시흥시 정왕동,시흥시,정왕동,4200,0,0,42.65,12.9,3,ㅇㅕㄱㅣㅇㅓㄸㅐ  깔끔한 복층 오피스텔,https://www.zigbang.com/home/apt/items/50000461
2026-08-12 05:51:58,오피스텔,49907015,월세,01,경기도 시흥시 정왕동,시흥시,정왕동,500,50,0,89.1,26.95,11,"정왕동 제일 안전한 오피스텔,시설 아주 좋아유",https://www.zigbang.com/home/apt/items/49907015
2026-08-12 05:51:58,오피스텔,49842158,월세,01,경기도 시흥시 정왕동,시흥시,정왕동,500,48,0,27.26,8.25,중,식자재.정왕역도보 주차시설이 잘되어있어요,https://www.zigbang.com/home/apt/items/49842158
2026-08-12 05:51:58,오피스텔,49971464,월세,01,경기도 시흥시 정왕동,시흥시,정왕동,300,50,0,27.16,8.22,고,정왕역도보 풀옵션 빌트인,https://www.zigbang.com/home/apt/items/49971464
2026-08-12 05:51:58,오피스텔,50028122,월세,01,경기도 시흥시 정왕동,시흥시,정왕동,500,50,0,27.26,8.25,저,주차및 밝은원룸 깔끔해요,https://www.zigbang.com/home/apt/items/50028122
2026-08-12 05:51:58,오피스텔,49907080,월세,01,경기도 시흥시 정왕동,시흥시,정왕동,500,50,0,27.26,8.25,고,"신축급 오피스텔, 안전 보장, 침대",https://www.zigbang.com/home/apt/items/49907080
2026-08-12 05:51:58,오피스텔,49907049,월세,01,경기도 시흥시 정왕동,시흥시,정왕동,1000,48,0,14.31,4.33,10,"신축급 오피스텔, 안전 보장 보안 최상,500가능",https://www.zigbang.com/home/apt/items/49907049
2026-08-12 05:51:58,오피스텔,49842080,월세,01,경기도 시흥시 정왕동,시흥시,정왕동,300,50,0,27.16,8.22,저,위치좋고 깔끔한 원룸,https://www.zigbang.com/home/apt/items/49842080
2026-08-12 05:51:59,오피스텔,50020646,월세,02,경기도 시흥시 장현동,시흥시,장현동,1000,80,0,95.5,28.89,7,"전입불가, 신축 1.5룸 오피스텔입니다. 시흥시청역 도보권",https://www.zigbang.com/home/apt/items/50020646
2026-08-12 05:51:59,오피스텔,49869054,전세,02,경기도 시흥시 장현동,시흥시,장현동,22000,0,0,95.5,28.89,10,"전입가능, 신축 오피스텔, 시흥시청역 도보권",https://www.zigbang.com/home/apt/items/49869054
2026-08-12 05:51:59,오피스텔,49949635,전세,01,경기도 시흥시 장현동,시흥시,장현동,9500,0,0,22.83,6.91,3,"보증보험 가입조건으로 가능, 시흥시청역 도보권, 풀옵션",https://www.zigbang.com/home/apt/items/49949635
2026-08-12 05:51:59,오피스텔,49817798,월세,02,경기도 시흥시 장현동,시흥시,장현동,5000,50,0,22.83,6.91,10,"전입불가, 부가세 별도, 신축 1.5룸 오피스텔",https://www.zigbang.com/home/apt/items/49817798
2026-08-12 05:51:59,오피스텔,49749781,매매,01,경기도 시흥시 장현동,시흥시,장현동,10000,0,10000,22.83,6.91,2,"풀옵션 원룸, 시흥시청역에서 도보로 약 5분거리",https://www.zigbang.com/home/apt/items/49749781
2026-08-12 05:51:59,오피스텔,49919338,월세,01,경기도 시흥시 월곶동,시흥시,월곶동,300,40,0,28,8.47,고,"남서향,월곶역앞,깨끗함,풀옵션원룸,9월1일입주가능",https://www.zigbang.com/home/apt/items/49919338
2026-08-12 05:51:59,오피스텔,49884322,전세,01,경기도 시흥시 월곶동,시흥시,월곶동,6820,0,0,42.98,13.0,고,"뷰좋은 원룸, 월곶역 바로앞 , 깨끗한 방",https://www.zigbang.com/home/apt/items/49884322
2026-08-12 05:51:59,오피스텔,49919348,전세,01,경기도 시흥시 월곶동,시흥시,월곶동,6200,0,0,43.72,13.23,12,"버팀목전세대출가능,보증보험가입가능,월곶역세권 풀옵션원룸",https://www.zigbang.com/home/apt/items/49919348
2026-08-12 05:51:59,오피스텔,49966877,월세,04,경기도 시흥시 월곶동,시흥시,월곶동,1000,75,0,101.06,30.57,12,"공실,업무용,방2,넓은거실,확트인 남서향,바다뷰",https://www.zigbang.com/home/apt/items/49966877
2026-08-12 05:51:59,오피스텔,49919294,월세,01,경기도 시흥시 월곶동,시흥시,월곶동,300,33,0,28,8.47,9,"공실,도배 입주청소완료즉시입주가능,월곶역바로앞 풀옵션 원룸",https://www.zigbang.com/home/apt/items/49919294
2026-08-12 05:52:00,오피스텔,50002049,월세,03,인천시 영종구 중산동,영종구,중산동,200,40,0,39.55,11.96,고,"신축, 복층형 원룸, 시티뷰, 최저가 월세, 빠른 입주",https://www.zigbang.com/home/apt/items/50002049
2026-08-12 05:52:00,오피스텔,49986270,월세,03,인천시 영종구 중산동,영종구,중산동,300,40,0,21.7,6.56,4,"전입 가능, 복층 테라스 구조, 북서향, 시티뷰, 주차가능",https://www.zigbang.com/home/apt/items/49986270
2026-08-12 05:52:00,오피스텔,49953755,월세,03,인천시 영종구 중산동,영종구,중산동,250,50,0,39.67,12.0,21,남동향 바다뷰 귀한 통창  풀옵션 복층,https://www.zigbang.com/home/apt/items/49953755
2026-08-12 05:52:00,오피스텔,49901306,월세,03,인천시 영종구 중산동,영종구,중산동,200,40,0,39,11.8,중,十시티뷰 十최저가월세十내부컨디션좋음十빠른입주가능十,https://www.zigbang.com/home/apt/items/49901306
2026-08-12 05:52:00,오피스텔,49901300,월세,03,인천시 영종구 중산동,영종구,중산동,200,40,0,40,12.1,고,十풀옵션十내부컨디션좋음十최저가월세十빠른입주가능十,https://www.zigbang.com/home/apt/items/49901300
2026-08-12 05:52:00,오피스텔,50001969,월세,03,인천시 영종구 중산동,영종구,중산동,200,37,0,44.88,13.58,중,"신축, 복층형원룸, 시티뷰 테라스O, 단기 가능, 즉시입주",https://www.zigbang.com/home/apt/items/50001969
2026-08-12 05:52:00,오피스텔,49902174,월세,03,인천시 영종구 중산동,영종구,중산동,200,45,0,42.98,13.0,중,十빠른입주가능十전면오션뷰十최저가월세十풀옵션十,https://www.zigbang.com/home/apt/items/49902174
2026-08-12 05:52:00,오피스텔,50022379,월세,01,인천시 영종구 중산동,영종구,중산동,200,33,0,66.12,20.0,고,탁트인  바다뷰 침대풀옵션,https://www.zigbang.com/home/apt/items/50022379
2026-08-12 05:52:00,오피스텔,50001983,월세,01,인천시 영종구 중산동,영종구,중산동,200,38,0,41.58,12.58,고,"신축, 원룸, 풀옵션, 남동향, 파노라마 오션뷰, 단기O",https://www.zigbang.com/home/apt/items/50001983
2026-08-12 05:52:00,오피스텔,50002182,월세,01,인천시 영종구 중산동,영종구,중산동,300,40,0,42.29,12.79,21,"신축, 원룸, 풀옵션, 테라스O, 드레스룸O, Vat별도",https://www.zigbang.com/home/apt/items/50002182
2026-08-12 05:52:00,오피스텔,50001976,월세,01,인천시 영종구 중산동,영종구,중산동,200,37,0,44.88,13.58,중,"신축, 원룸, 시티뷰, 테라스O, 단기 가능, 빠른 입주",https://www.zigbang.com/home/apt/items/50001976
2026-08-12 05:52:01,오피스텔,49980146,월세,04,인천시 검단구 오류동,검단구,오류동,500,90,0,100,30.25,고,3룸 신축급 6년차 옵션 자유,https://www.zigbang.com/home/apt/items/49980146
2026-08-12 05:52:01,오피스텔,49912870,월세,05,인천시 검단구 오류동,검단구,오류동,500,90,0,100,30.25,고,3룸 신축급 6년차 옵션 자유,https://www.zigbang.com/home/apt/items/49912870
2026-08-12 05:52:01,오피스텔,50015306,월세,01,인천시 검단구 마전동,검단구,마전동,500,50,0,53.1,16.06,저,i  신축 풀옵션  검단사거리역 1분 주차용이,https://www.zigbang.com/home/apt/items/50015306
2026-08-12 05:52:01,오피스텔,49971845,월세,03,인천시 검단구 왕길동,검단구,왕길동,500,45,0,29.75,9.0,9,보300가능ㅡ역세권ㅡ전입가능매물ㅡ엘스테이오피스텔,https://www.zigbang.com/home/apt/items/49971845
2026-08-12 05:52:01,오피스텔,50015423,월세,01,인천시 검단구 마전동,검단구,마전동,300,55,0,52.95,16.02,6,D 단기가능 검단사거리 초역세권 신축 풀옵션 주차편리,https://www.zigbang.com/home/apt/items/50015423
2026-08-12 05:52:01,오피스텔,50007231,월세,02,인천시 검단구 마전동,검단구,마전동,500,60,0,58.78,17.78,4,이수ㅡ분리형타입ㅡ듀클래스ㅡ 신축 대형 오피스텔,https://www.zigbang.com/home/apt/items/50007231
2026-08-12 05:52:01,오피스텔,49956830,월세,03,인천시 검단구 마전동,검단구,마전동,100,55,0,49.43,14.95,중,풀옵션 복층 도배하고 청소해드림 단기 가능,https://www.zigbang.com/home/apt/items/49956830
2026-08-12 05:52:01,오피스텔,49694948,월세,01,인천시 검단구 마전동,검단구,마전동,500,50,0,52.95,16.02,고,D 검단사거리 초역세권 주차용이 풀옵션,https://www.zigbang.com/home/apt/items/49694948
2026-08-12 05:52:01,오피스텔,49663143,전세,03,인천시 검단구 왕길동,검단구,왕길동,11850,0,0,58.77,17.78,고,검단사거리역 복층 풀옵션 오피스텔 LH전세 도시공사,https://www.zigbang.com/home/apt/items/49663143
2026-08-12 05:52:01,오피스텔,49991435,월세,01,인천시 검단구 마전동,검단구,마전동,120,60,0,53.1,16.06,9,단기임대가능ㅡ검단사거리역 듀클래스ㅡ신축대형오피스텔ㅡ초역세권,https://www.zigbang.com/home/apt/items/49991435
2026-08-12 05:52:01,오피스텔,49942927,월세,02,인천시 검단구 마전동,검단구,마전동,500,60,0,66.82,20.21,중,B 분리형 원룸 초역세권 신축 풀옵션,https://www.zigbang.com/home/apt/items/49942927
2026-08-12 05:52:01,오피스텔,50007248,월세,01,인천시 검단구 마전동,검단구,마전동,300,55,0,52.65,15.93,6,보증금300ㅡ초역세권ㅡ신축 듀클래스 오피스텔,https://www.zigbang.com/home/apt/items/50007248
2026-08-12 05:52:01,오피스텔,49902764,전세,03,인천시 검단구 왕길동,검단구,왕길동,11850,0,0,58.77,17.78,9,역세권 깔끔한 복층형 원룸,https://www.zigbang.com/home/apt/items/49902764
2026-08-12 05:52:01,오피스텔,49955155,월세,01,인천시 계양구 용종동,계양구,용종동,300,40,0,56.2,17.0,4,이중샷시 설치로 따뜻하고 실 면적이 넓음,https://www.zigbang.com/home/apt/items/49955155
2026-08-12 05:52:01,오피스텔,49883762,월세,01,인천시 계양구 용종동,계양구,용종동,500,38,0,52.89,16.0,8,"이중샷시 및 씽크대, 가전 교체된 집으로 아주 깔끔함",https://www.zigbang.com/home/apt/items/49883762
2026-08-12 05:52:01,오피스텔,49880617,월세,01,인천시 계양구 용종동,계양구,용종동,300,35,0,42.98,13.0,4,"이중샷시 ,도배, 장판, 청소 완료된 집으로 즉시 입주가능",https://www.zigbang.com/home/apt/items/49880617
2026-08-12 05:52:01,오피스텔,50019224,월세,01,인천시 계양구 계산동,계양구,계산동,300,30,0,47,14.22,3,"경복궁맞은편위치 깔끔하고 수납많고 생활편리,입주협의",https://www.zigbang.com/home/apt/items/50019224
2026-08-12 05:52:01,오피스텔,49989064,월세,03,인천시 계양구 계산동,계양구,계산동,500,41,0,54,16.33,저,씽크대교체 수리된집 창고따로 자주식주차,https://www.zigbang.com/home/apt/items/49989064
2026-08-12 05:52:01,오피스텔,49883914,월세,01,인천시 계양구 계산동,계양구,계산동,500,40,0,52.89,16.0,11,귀한단층임 전망최고 자주식주차 창고따로,https://www.zigbang.com/home/apt/items/49883914
2026-08-12 05:52:01,오피스텔,50019113,월세,01,인천시 계양구 계산동,계양구,계산동,300,35,0,50,15.12,4,"계양구청부근 깔끔하며, 편리한시설의 오피스텔",https://www.zigbang.com/home/apt/items/50019113
2026-08-12 05:52:01,오피스텔,50019031,월세,02,인천시 계양구 계산동,계양구,계산동,1000,55,0,69.18,20.93,13,"상업지역내 방과 거실분리형이며, 방은큰방임.복도에 창고별도",https://www.zigbang.com/home/apt/items/50019031
2026-08-12 05:52:01,오피스텔,49989773,월세,01,인천시 계양구 계산동,계양구,계산동,300,37,0,55,16.64,12,별장전망 수리되서깨끗한 복층 기계식주차,https://www.zigbang.com/home/apt/items/49989773
2026-08-12 05:52:01,오피스텔,49989028,월세,01,인천시 계양구 계산동,계양구,계산동,300,35,0,46,13.91,10,전망좋고 깨끗히수리된오피스 기계식주차,https://www.zigbang.com/home/apt/items/49989028
2026-08-12 05:52:01,오피스텔,49887241,전세,04,인천시 계양구 작전동,계양구,작전동,15300,0,0,74.23,22.45,9,경인교대역 5분 도시형생활주택,https://www.zigbang.com/home/apt/items/49887241
2026-08-12 05:52:01,오피스텔,50019026,월세,01,인천시 계양구 계산동,계양구,계산동,300,32,0,40,12.1,6,"빌트인구조로 깔끔하며, 생활하기 편리한 오피스텔입니다",https://www.zigbang.com/home/apt/items/50019026
2026-08-12 05:52:01,오피스텔,50018995,월세,01,인천시 계양구 계산동,계양구,계산동,300,37,0,49.59,15.0,3,"빌트인 구조로 깔끔하며, 생활하기 편리한 오피스텔",https://www.zigbang.com/home/apt/items/50018995
2026-08-12 05:52:01,오피스텔,49991837,월세,03,인천시 계양구 계산동,계양구,계산동,500,43,0,54.02,16.34,7,8월9일최신 풀옵션 즉시입주가능한 곳,https://www.zigbang.com/home/apt/items/49991837
2026-08-12 05:52:01,오피스텔,50008716,월세,01,인천시 계양구 계산동,계양구,계산동,300,38,0,45,13.61,6,"깨끗저렴한월세 창고따로있는  자주,기계식주차",https://www.zigbang.com/home/apt/items/50008716
2026-08-12 05:52:00,오피스텔,49795808,매매,05,인천시 부평구 부평동,부평구,부평동,17500,0,17500,75.64,22.88,2,"부평시장역인근,학세권,주거분리,입주청소완료,채광좋은집",https://www.zigbang.com/home/apt/items/49795808
2026-08-12 05:52:00,오피스텔,49955074,월세,05,인천시 부평구 부평동,부평구,부평동,2000,90,0,82.64,25.0,중,깔끔한 부평신축빌라 월세,https://www.zigbang.com/home/apt/items/49955074
2026-08-12 05:52:02,오피스텔,49910826,매매,01,경기도 광명시 광명동,광명시,광명동,11000,0,11000,44.23,13.38,중,l 월드 l 초역세권 대로변 엘베O 주차O 원룸 오피스텔,https://www.zigbang.com/home/apt/items/49910826
2026-08-12 05:52:02,오피스텔,49904798,전세,02,서울시 구로구 천왕동,구로구,천왕동,21000,0,0,38.63,11.69,3,천왕역이용가능 테라스 풀옵션 1.5룸 복층 오피스텔 전세,https://www.zigbang.com/home/apt/items/49904798
2026-08-12 05:52:02,오피스텔,49928509,전세,02,서울시 구로구 천왕동,구로구,천왕동,21800,0,0,38.63,11.69,3,"천왕역 더메종 복층 1.5룸 HUG,HE등 모든대출가능",https://www.zigbang.com/home/apt/items/49928509
2026-08-12 05:52:02,오피스텔,50002084,월세,04,서울시 구로구 천왕동,구로구,천왕동,5000,110,0,50,15.12,중,"투룸 실14평 모든보증금 가능,전세대출,보증보험ok",https://www.zigbang.com/home/apt/items/50002084
2026-08-12 05:52:02,오피스텔,49994437,전세,03,서울시 구로구 천왕동,구로구,천왕동,21800,0,0,38.63,11.69,중,방1개거실1개화장실1개복층 전세 2억 1800만원,https://www.zigbang.com/home/apt/items/49994437
2026-08-12 05:52:02,오피스텔,49818356,전세,04,경기도 광명시 광명동,광명시,광명동,37000,0,0,108.24,32.74,4,"광명사거리역 역세권,주차가능,대출,보증보험 가능,풀옵션양창",https://www.zigbang.com/home/apt/items/49818356
2026-08-12 05:52:03,오피스텔,49910523,월세,02,경기도 김포시 고촌읍 신곡리,김포시,고촌읍,500,55,0,46.37,14.03,4,"고촌역세권,풀옵션,업무용,9월말입주가능",https://www.zigbang.com/home/apt/items/49910523
2026-08-12 05:52:03,오피스텔,49671929,매매,05,경기도 김포시 고촌읍 신곡리,김포시,고촌읍,24500,0,24500,68.03,20.58,5,신축 컨디션 그대로 깨끗한집,https://www.zigbang.com/home/apt/items/49671929
2026-08-12 05:52:03,오피스텔,49934727,월세,04,경기도 김포시 고촌읍 신곡리,김포시,고촌읍,4500,170,0,129.14,39.06,15,"전용17.7p 주거용 풀옵션 오피스텔, 빠른 입주가능",https://www.zigbang.com/home/apt/items/49934727
2026-08-12 05:52:03,오피스텔,50017062,월세,01,경기도 김포시 고촌읍 신곡리,김포시,고촌읍,500,50,0,80.34,24.3,4,"고촌역세권, 저렴한 오피스텔, 전입가능",https://www.zigbang.com/home/apt/items/50017062
2026-08-12 05:52:03,오피스텔,49968975,월세,02,경기도 김포시 고촌읍 신곡리,김포시,고촌읍,2000,90,0,83.5,25.26,고,"풀옵션,업무용,인기많은 특수타입",https://www.zigbang.com/home/apt/items/49968975
2026-08-12 05:52:03,오피스텔,49922792,월세,01,경기도 부천시 오정구 오정동,부천시 오정구,오정동,500,44,0,23.6,7.14,7,효행복마을도시형생활주택,https://www.zigbang.com/home/apt/items/49922792
2026-08-12 05:52:04,오피스텔,49818854,월세,03,경기도 수원시 권선구 금곡동,수원시 권선구,금곡동,500,50,0,42.2,12.77,고,세종헤르메스 복층형 원룸 주거용 전입가능,https://www.zigbang.com/home/apt/items/49818854
2026-08-12 05:52:04,오피스텔,49970419,월세,02,경기도 수원시 권선구 금곡동,수원시 권선구,금곡동,1000,85,0,94.63,28.63,고,ꔚ전속매물 I 완벽분리 I 단1세대,https://www.zigbang.com/home/apt/items/49970419
2026-08-12 05:52:04,오피스텔,49921430,전세,03,경기도 수원시 권선구 금곡동,수원시 권선구,금곡동,12500,0,0,58,17.54,9,"ACE,전입,전세대출,보증보험,복층넓은원룸.드레스룸구비",https://www.zigbang.com/home/apt/items/49921430
2026-08-12 05:52:04,오피스텔,50001609,월세,01,경기도 수원시 권선구 금곡동,수원시 권선구,금곡동,500,68,0,64,19.36,중,"ACE,주거용,복층형넓은원룸,별도드레스룸,",https://www.zigbang.com/home/apt/items/50001609
2026-08-12 05:52:04,오피스텔,49774072,월세,02,경기도 수원시 권선구 금곡동,수원시 권선구,금곡동,3500,52,0,74.58,22.56,고,"ACE,전입,트윈복층,분리형 1.5룸",https://www.zigbang.com/home/apt/items/49774072
2026-08-12 05:52:04,오피스텔,49859124,월세,04,경기도 수원시 권선구 금곡동,수원시 권선구,금곡동,1000,80,0,101.14,30.59,고,다인2차 투룸형 복층 주거용,https://www.zigbang.com/home/apt/items/49859124
2026-08-12 05:52:04,오피스텔,49934661,전세,04,경기도 수원시 권선구 금곡동,수원시 권선구,금곡동,14000,0,0,69,20.87,4,아주리센 투룸 전세 공원보이는 조망,https://www.zigbang.com/home/apt/items/49934661
2026-08-12 05:52:04,오피스텔,50005196,월세,01,경기도 수원시 권선구 금곡동,수원시 권선구,금곡동,100,80,0,85.77,25.95,5,.R.테라스있는 깔끔 오피스텔 단기o 주단위o,https://www.zigbang.com/home/apt/items/50005196
2026-08-12 05:52:04,오피스텔,49719657,월세,01,경기도 수원시 권선구 금곡동,수원시 권선구,금곡동,1000,63,0,41,12.4,고,"ACE,전입,전망트인,드레스룸,넓은 복층",https://www.zigbang.com/home/apt/items/49719657
2026-08-12 05:52:04,오피스텔,49716093,전세,03,경기도 수원시 권선구 금곡동,수원시 권선구,금곡동,13000,0,0,53.4,16.15,6,동광뷰엘 복층형 원룸 쾌적하고 살기좋은 오피입니다,https://www.zigbang.com/home/apt/items/49716093
2026-08-12 05:52:04,오피스텔,50011399,전세,01,경기도 수원시 권선구 금곡동,수원시 권선구,금곡동,8000,0,0,51.48,15.57,중,세종타운 오픈형 원룸 주거용 귀한전세입니다,https://www.zigbang.com/home/apt/items/50011399
2026-08-12 05:52:05,오피스텔,50013398,월세,02,경기도 군포시 부곡동,군포시,부곡동,1000,65,0,63.1,19.09,4,"사업자만가능,상태양호,1.5룸,기숙사용도가능,8월말입주",https://www.zigbang.com/home/apt/items/50013398
2026-08-12 05:52:05,오피스텔,49696231,매매,04,경기도 군포시 부곡동,군포시,부곡동,18000,0,18000,96.12,29.08,고,투룸 복층 풀옵션 오피스텔입니다. 투자용,https://www.zigbang.com/home/apt/items/49696231
2026-08-12 05:52:05,오피스텔,49741368,매매,03,경기도 군포시 도마교동,군포시,도마교동,9000,0,9000,56.4,17.06,3,주거용오피스텔로  투자용. 거주용 모두 가능합니다.,https://www.zigbang.com/home/apt/items/49741368
2026-08-12 05:52:05,오피스텔,49742401,매매,03,경기도 군포시 부곡동,군포시,부곡동,10000,0,10000,46.28,14.0,4,의왕역 초근접 풀옵션 오피스텔입니다.,https://www.zigbang.com/home/apt/items/49742401
2026-08-12 05:52:05,오피스텔,50003133,월세,03,경기도 군포시 도마교동,군포시,도마교동,500,60,0,56.4,17.06,2,전입신고불가.부가세별도금액으로 사업자있는분만,https://www.zigbang.com/home/apt/items/50003133
2026-08-12 05:52:05,오피스텔,50003111,월세,03,경기도 군포시 도마교동,군포시,도마교동,500,60,0,56.4,17.06,11,전입신고 불가. 사업자 있는분만 연락주세요,https://www.zigbang.com/home/apt/items/50003111
2026-08-12 05:52:05,오피스텔,50003103,월세,04,경기도 군포시 도마교동,군포시,도마교동,2000,94,0,119.79,36.24,9,"전입신고 가능한 귀한 매물입니다.
전용13평",https://www.zigbang.com/home/apt/items/50003103
2026-08-12 05:52:05,오피스텔,49934833,전세,04,경기도 군포시 당동,군포시,당동,8900,0,0,49.59,15.0,중,주차시설 좋은 오피스텔형 투룸,https://www.zigbang.com/home/apt/items/49934833
2026-08-12 05:52:05,오피스텔,49701699,월세,04,경기도 군포시 당동,군포시,당동,3000,110,0,93.58,28.31,11,"군포역 주변,신축5년차,방2,거실,주방,욕실,시스템에어컨.",https://www.zigbang.com/home/apt/items/49701699
2026-08-12 05:52:05,오피스텔,49877749,월세,02,경기도 군포시 당동,군포시,당동,7300,5,0,48.07,14.54,3,분리형.1.5룸.모든대출가능.반환보증보험가능.남향으로햇빛좋,https://www.zigbang.com/home/apt/items/49877749
2026-08-12 05:52:05,오피스텔,49877820,월세,04,경기도 군포시 당동,군포시,당동,8400,5,0,48.07,14.54,5,"모든대출 ,반환보증보험가능,월세선불.lh안됨",https://www.zigbang.com/home/apt/items/49877820
2026-08-12 05:52:05,오피스텔,50024327,월세,01,경기도 용인시 수지구 풍덕천동,용인시 수지구,풍덕천동,1000,80,0,42.98,13.0,15,"전입가능,융무,9월6일이후입주",https://www.zigbang.com/home/apt/items/50024327
2026-08-12 05:52:05,오피스텔,50024225,월세,01,경기도 용인시 수지구 풍덕천동,용인시 수지구,풍덕천동,5000,65,0,42.94,12.99,16,"전입가능,주거용오피스텔,융무,빠른입주가능",https://www.zigbang.com/home/apt/items/50024225
2026-08-12 05:52:05,오피스텔,50015172,월세,01,경기도 용인시 수지구 성복동,용인시 수지구,성복동,500,61,0,69.03,20.88,2,"성복역 역세권,롯데몰 3분거리, 생활편의시설 풍부",https://www.zigbang.com/home/apt/items/50015172
2026-08-12 05:52:05,오피스텔,50024248,월세,01,경기도 용인시 수지구 풍덕천동,용인시 수지구,풍덕천동,12000,30,0,42.94,12.99,13,"8월중입주희망,전입가능한주거용오피스텔",https://www.zigbang.com/home/apt/items/50024248
2026-08-12 05:52:05,오피스텔,50013675,월세,02,경기도 용인시 수지구 성복동,용인시 수지구,성복동,500,63,0,74.17,22.44,1,"성복역 역세권, 롯데몰 3분거리, 주변 편의시설 좋음",https://www.zigbang.com/home/apt/items/50013675
2026-08-12 05:52:05,오피스텔,50013838,월세,02,경기도 용인시 수지구 성복동,용인시 수지구,성복동,500,65,0,72.45,21.92,1,"성복역 역세권, 롯데몰3분거리,생활편의시설 풍부",https://www.zigbang.com/home/apt/items/50013838
2026-08-12 05:52:05,오피스텔,49742631,매매,02,경기도 용인시 수지구 풍덕천동,용인시 수지구,풍덕천동,26500,0,26500,68.76,20.8,4,"정상입주,분리형원룸,가격굿",https://www.zigbang.com/home/apt/items/49742631
2026-08-12 05:52:06,오피스텔,49970712,월세,02,경기도 과천시 갈현동,과천시,갈현동,3000,150,0,119.03,36.01,저,"업무용o , 1.5룸 , 신축첫입주 , 저렴월세",https://www.zigbang.com/home/apt/items/49970712
2026-08-12 05:52:06,오피스텔,49831805,월세,01,경기도 안양시 동안구 관양동,안양시 동안구,관양동,10000,15,0,41,12.4,2,0보증보험가입대출0인덕원3분0풀옵션0조정가능0전입가능0,https://www.zigbang.com/home/apt/items/49831805
2026-08-12 05:52:06,오피스텔,50005934,월세,01,경기도 안양시 동안구 관양동,안양시 동안구,관양동,1000,85,0,30,9.07,2,ㅇ인덕원역3분ㅇ풀옵션ㅇ넓어용,https://www.zigbang.com/home/apt/items/50005934
2026-08-12 05:52:06,오피스텔,49970721,월세,04,경기도 과천시 갈현동,과천시,갈현동,5000,260,0,183.03,55.37,고,"전입가능o , 테라스호실 , 넓은투룸 , 신축첫입주",https://www.zigbang.com/home/apt/items/49970721
2026-08-12 05:52:06,오피스텔,49970730,월세,05,경기도 과천시 갈현동,과천시,갈현동,5000,220,0,192.4,58.2,13,"업무용o , 방3개화장실2개 , 양창구조  , 남서향",https://www.zigbang.com/home/apt/items/49970730
2026-08-12 05:52:06,오피스텔,49908439,월세,01,경기도 과천시 갈현동,과천시,갈현동,300,150,0,58.31,17.64,저,귀한 단기 임대 매물 I 신축 원룸 풀옵션,https://www.zigbang.com/home/apt/items/49908439
2026-08-12 05:52:06,오피스텔,49932936,월세,01,경기도 과천시 별양동,과천시,별양동,20000,45,0,50.05,15.14,19,"저렴월세 , 전입가능 , 신축첫입주 , 원룸풀옵션",https://www.zigbang.com/home/apt/items/49932936
2026-08-12 05:52:06,오피스텔,49970680,전세,04,경기도 과천시 별양동,과천시,별양동,54000,0,0,116.94,35.37,15,"2룸 , 고층남동향 , 워시타워 및 스타일러 , 신축첫입주",https://www.zigbang.com/home/apt/items/49970680
2026-08-12 05:52:06,오피스텔,49995645,전세,01,경기도 과천시 별양동,과천시,별양동,27000,0,0,37.52,11.35,중,보증보험 가능 I 원룸 풀옵션 I 지하철 1분,https://www.zigbang.com/home/apt/items/49995645
2026-08-12 05:52:06,오피스텔,49970674,전세,04,경기도 과천시 별양동,과천시,별양동,50000,0,0,107.24,32.44,고,"귀한전세O , 남동향 , 신축첫입주 , 50타입",https://www.zigbang.com/home/apt/items/49970674
2026-08-12 05:52:06,오피스텔,49976849,전세,01,경기도 과천시 별양동,과천시,별양동,27000,0,0,37.52,11.35,중,"최저가전세 , 보증보험가능 , 신축첫입주",https://www.zigbang.com/home/apt/items/49976849
2026-08-12 05:52:06,오피스텔,49970692,월세,01,경기도 과천시 별양동,과천시,별양동,45000,60,0,109.63,33.16,중,"전입O , 반전세 , 정부청사역도보1분 , 신축풀옵션",https://www.zigbang.com/home/apt/items/49970692
2026-08-12 05:52:07,오피스텔,50009041,월세,02,경기도 성남시 수정구 금토동,성남시 수정구,금토동,1000,95,0,63.48,19.2,중,"O 1.5룸, 남향, 9월초",https://www.zigbang.com/home/apt/items/50009041
2026-08-12 05:52:07,오피스텔,50025633,월세,02,경기도 성남시 수정구 금토동,성남시 수정구,금토동,1000,95,0,63.83,19.31,고,"L  분리형, 준신축, 전입안되요, 직장인가능",https://www.zigbang.com/home/apt/items/50025633
2026-08-12 05:52:07,오피스텔,49957022,월세,02,경기도 성남시 수정구 금토동,성남시 수정구,금토동,2000,90,0,63.48,19.2,8,"O 1.5룸, 전문입주청소 , 8.8일 이후 입주, 남향",https://www.zigbang.com/home/apt/items/49957022
2026-08-12 05:52:07,오피스텔,49902360,월세,02,경기도 성남시 수정구 금토동,성남시 수정구,금토동,1000,100,0,48,14.52,8,"O 1.5룸, 남향, 최고층,사업자.",https://www.zigbang.com/home/apt/items/49902360
2026-08-12 05:52:07,오피스텔,49826875,월세,05,경기도 성남시 수정구 금토동,성남시 수정구,금토동,3000,290,0,207.69,62.83,중,"L 업무용, 2년계약, 방3,팬트리,스타일러외",https://www.zigbang.com/home/apt/items/49826875
2026-08-12 05:52:07,오피스텔,49995331,월세,05,경기도 성남시 수정구 금토동,성남시 수정구,금토동,3000,290,0,207.69,62.83,중,"L 2년계약,보증5천,월250선택가능,직장인가능,방3",https://www.zigbang.com/home/apt/items/49995331
2026-08-12 05:52:07,오피스텔,49991252,월세,01,경기도 용인시 기흥구 중동,용인시 기흥구,중동,6600,25,0,30,9.07,7,"전입가 ,대출,보증보험가,원룸형 아파트,수납 풍부함,남향",https://www.zigbang.com/home/apt/items/49991252
2026-08-12 05:52:07,오피스텔,49991249,월세,01,경기도 용인시 기흥구 중동,용인시 기흥구,중동,4800,25,0,29,8.77,2,"전입가,풀옵션,수납장풍부,9월초",https://www.zigbang.com/home/apt/items/49991249
2026-08-12 05:52:09,오피스텔,49980486,월세,01,서울시 관악구 봉천동,관악구,봉천동,2000,50,0,27.82,8.42,저,낙성대역 위치 가장 좋은 집,https://www.zigbang.com/home/apt/items/49980486
2026-08-12 05:52:09,오피스텔,50025463,월세,01,서울시 관악구 봉천동,관악구,봉천동,5000,55,0,22.05,6.67,고,LH 및 HUG 대출 가능 오피스텔,https://www.zigbang.com/home/apt/items/50025463
2026-08-12 05:52:09,오피스텔,50029769,월세,01,서울시 관악구 봉천동,관악구,봉천동,6000,65,0,49.85,15.08,9,"낙성대역 2분, 대로변에 위치한 보증보험 가능한 대형원룸",https://www.zigbang.com/home/apt/items/50029769
2026-08-12 05:52:09,오피스텔,49980468,월세,01,서울시 관악구 봉천동,관악구,봉천동,2000,53,0,25.41,7.69,고,대로변 오피스텔 매물,https://www.zigbang.com/home/apt/items/49980468
2026-08-12 05:52:09,오피스텔,49914537,전세,02,서울시 서초구 방배동,서초구,방배동,26000,0,0,73.22,22.15,3,방배역세권. 방1.거실1. 풀옵션. 주차가능.신혼도 적당,https://www.zigbang.com/home/apt/items/49914537
2026-08-12 05:52:09,오피스텔,49856794,전세,01,서울시 관악구 남현동,관악구,남현동,18000,0,0,21.91,6.63,13,"귀한 ALL전세 , 버팀목HF, 보증보험가입",https://www.zigbang.com/home/apt/items/49856794
2026-08-12 05:52:09,오피스텔,49914575,매매,02,서울시 서초구 방배동,서초구,방배동,49000,0,49000,50.28,15.21,4,재건축 추진 중. 주택 수에 산입되지 않음. 수리되어 깔끔,https://www.zigbang.com/home/apt/items/49914575
2026-08-12 05:52:09,오피스텔,49998623,월세,01,서울시 강남구 개포동,강남구,개포동,300,85,0,30.21,9.14,고,ㅁ안심추천매물ㅁ 개포동 유일한 단기임대 오피스텔,https://www.zigbang.com/home/apt/items/49998623
2026-08-12 05:52:09,오피스텔,50020706,월세,01,서울시 강남구 개포동,강남구,개포동,300,85,0,33.06,10.0,고,ꯁꯁ오피스텔 맛집ꯁꯁ개포동 귀한 가성비굳 오피스텔,https://www.zigbang.com/home/apt/items/50020706
2026-08-12 05:52:10,오피스텔,49987294,월세,02,서울시 성동구 상왕십리동,성동구,상왕십리동,7000,95,0,33.3,10.07,고,"전입신고가능, 분리형1.5룸, 9월초입주가능",https://www.zigbang.com/home/apt/items/49987294
2026-08-12 05:52:10,오피스텔,49689545,전세,01,서울시 동대문구 신설동,동대문구,신설동,18500,0,0,37,11.19,중,"신축급,버팀목허대출가능,풀옵션 스타일러,주차가능",https://www.zigbang.com/home/apt/items/49689545
2026-08-12 05:52:10,오피스텔,49970405,매매,01,서울시 성동구 마장동,성동구,마장동,17500,0,17500,24.1,7.29,고,"실거주,투자 선택가능 왕십리 초역세",https://www.zigbang.com/home/apt/items/49970405
2026-08-12 05:52:10,오피스텔,49944571,월세,02,서울시 성동구 도선동,성동구,도선동,27000,20,0,37.94,11.48,7,왕십리역세권 신축급 복층1.5룸 오피스텔 hug보증보험가능,https://www.zigbang.com/home/apt/items/49944571
2026-08-12 05:52:10,오피스텔,49860629,월세,01,서울시 동대문구 신설동,동대문구,신설동,5000,65,0,37.03,11.2,고,전입0 정남향 청계천뷰 신설동5분 풀옵션 오피스텔,https://www.zigbang.com/home/apt/items/49860629
2026-08-12 05:52:10,오피스텔,50028462,월세,02,서울시 성동구 도선동,성동구,도선동,2000,130,0,46.91,14.19,5,왕십리역인근 신축 복층 1.5룸 사업자등록 가능한 오피스텔,https://www.zigbang.com/home/apt/items/50028462
2026-08-12 05:52:11,오피스텔,50026300,월세,02,서울시 중랑구 상봉동,중랑구,상봉동,5000,74,0,20,6.05,저,GORE l 실사진O l 역세권 풀옵션 원룸 l 보증금조절,https://www.zigbang.com/home/apt/items/50026300
2026-08-12 05:52:11,오피스텔,49698578,전세,03,서울시 중랑구 상봉동,중랑구,상봉동,23000,0,0,32.84,9.93,16,허그 등 모든대출 고층환한뷰 보증보험100 주차,https://www.zigbang.com/home/apt/items/49698578
2026-08-12 05:52:13,오피스텔,49995377,월세,01,서울시 강동구 천호동,강동구,천호동,150,120,0,53.35,16.14,16,단기 풀옵 공실제로 천호역 도보 5분 자주식주차 무료 원룸,https://www.zigbang.com/home/apt/items/49995377
2026-08-12 05:52:13,오피스텔,49903797,매매,04,서울시 강동구 천호동,강동구,천호동,40000,0,40000,49.05,14.84,4,위치좋은 공원바로앞 대출가능 2룸 풀옵션 27년봄입주가능,https://www.zigbang.com/home/apt/items/49903797
2026-08-12 05:52:13,오피스텔,49904707,전세,03,서울시 강동구 암사동,강동구,암사동,17860,0,0,23.84,7.21,4,"융자 및 위반X, 보증보험 및 대출 OK, 선착순 계약",https://www.zigbang.com/home/apt/items/49904707
2026-08-12 05:52:13,오피스텔,49971473,월세,03,서울시 강동구 천호동,강동구,천호동,15000,35,0,26.81,8.11,7,HUG안심전세 보증보험 천호역 초역세권 풀옵션 복층 원룸,https://www.zigbang.com/home/apt/items/49971473
2026-08-12 05:52:13,오피스텔,49994037,월세,01,서울시 강동구 천호동,강동구,천호동,150,115,0,54.21,16.4,중,"단기임대 3개월계약기준 금액입니다.
 자주식 주차 오피스텔",https://www.zigbang.com/home/apt/items/49994037
2026-08-12 05:52:13,오피스텔,49970421,월세,01,서울시 강동구 천호동,강동구,천호동,150,115,0,53.83,16.28,16,"단기임대 침대,tv,쇼파.세탁기등 풀옵션,교통및주차편리",https://www.zigbang.com/home/apt/items/49970421
2026-08-12 05:52:15,오피스텔,49986191,월세,04,경기도 김포시 운양동,김포시,운양동,3000,100,0,148.14,44.81,4,귀한2룸 전입가능 화장실2  신혼부부추천 전용20평,https://www.zigbang.com/home/apt/items/49986191
2026-08-12 05:52:15,오피스텔,50023628,월세,01,경기도 김포시 운양동,김포시,운양동,500,50,0,53.46,16.17,8,"원룸, 전입불가,세금계산서발행물건, 9월말일 이사가능",https://www.zigbang.com/home/apt/items/50023628
2026-08-12 05:52:15,오피스텔,49873767,전세,02,경기도 김포시 운양동,김포시,운양동,11000,0,0,67.8,20.51,고,"10월말 ,  분리형1.5룸,   풀옵션, 전세자금대출협조",https://www.zigbang.com/home/apt/items/49873767
2026-08-12 05:52:15,오피스텔,49874019,전세,01,경기도 김포시 운양동,김포시,운양동,8500,0,0,54.18,16.39,9,"10월중, 개방감굿, 풀옵션, 주거용, 월세8만원,융자무",https://www.zigbang.com/home/apt/items/49874019
2026-08-12 05:52:15,오피스텔,49881409,전세,01,경기도 김포시 운양동,김포시,운양동,7800,0,0,53.39,16.15,5,빠른입주 환한호실 전세대출보증보험가능 초역세권,https://www.zigbang.com/home/apt/items/49881409
2026-08-12 05:52:15,오피스텔,50011719,전세,01,경기도 김포시 운양동,김포시,운양동,8500,0,0,54.18,16.39,5,빠른입주 버팀목 보증보험가능  남향  융자무,https://www.zigbang.com/home/apt/items/50011719
2026-08-12 05:52:15,오피스텔,49980434,월세,02,경기도 김포시 운양동,김포시,운양동,500,58,0,65.52,19.82,3,"10월중 , 주거용, 분리형1.5룸,  조용하고 개방감굿",https://www.zigbang.com/home/apt/items/49980434
2026-08-12 05:52:16,오피스텔,49871899,월세,03,경기도 파주시 다율동,파주시,다율동,1000,80,0,103.04,31.17,고,엄청넓은 복층형 전용16 풀옵션 남향,https://www.zigbang.com/home/apt/items/49871899
2026-08-12 05:52:16,오피스텔,49989144,월세,03,경기도 파주시 다율동,파주시,다율동,500,65,0,88.43,26.75,고,업무용.전용13평.천장형냉난방기.주방풀옵션.개별화장실.,https://www.zigbang.com/home/apt/items/49989144
2026-08-12 05:52:17,오피스텔,49976405,월세,04,경기도 고양시 일산동구 장항동,고양시 일산동구,장항동,300,120,0,85.95,26.0,9,"凹凹 단ㄱ ㅣ  투룸거실 오피스텔 凹凹TV, 침대 풀옵션",https://www.zigbang.com/home/apt/items/49976405
2026-08-12 05:52:17,오피스텔,49995463,월세,01,경기도 고양시 일산동구 장항동,고양시 일산동구,장항동,100,85,0,66,19.96,14,단기 장기 사용도 가능 방거실 별도,https://www.zigbang.com/home/apt/items/49995463
2026-08-12 05:52:17,오피스텔,49895846,월세,03,경기도 고양시 일산동구 장항동,고양시 일산동구,장항동,100,100,0,69,20.87,5,공실 즉시입주 무보증단기임대  엄청깨끗 강선향전망,https://www.zigbang.com/home/apt/items/49895846
2026-08-12 05:52:17,오피스텔,49869956,월세,01,경기도 고양시 일산동구 장항동,고양시 일산동구,장항동,2000,35,0,46.28,14.0,8,"8월21일 입주,  융자 없슴,  깨끗, 주소이전 가능",https://www.zigbang.com/home/apt/items/49869956
2026-08-12 05:52:17,오피스텔,49875462,월세,03,경기도 고양시 일산동구 장항동,고양시 일산동구,장항동,8300,5,0,50,15.12,4,대출가능 동남향 복층형원룸,https://www.zigbang.com/home/apt/items/49875462
2026-08-12 05:52:17,오피스텔,50029004,월세,03,경기도 고양시 일산동구 장항동,고양시 일산동구,장항동,500,60,0,66.11,20.0,5,"도배새로, 옵셙교체",https://www.zigbang.com/home/apt/items/50029004
2026-08-12 05:52:17,오피스텔,50013726,월세,01,경기도 고양시 일산동구 장항동,고양시 일산동구,장항동,4300,22,0,44,13.31,9,"빠른  입주, 햇살굿, 밝고 쾌적합니다",https://www.zigbang.com/home/apt/items/50013726
2026-08-12 05:52:17,오피스텔,50010823,월세,04,경기도 고양시 일산동구 장항동,고양시 일산동구,장항동,200,120,0,99.17,30.0,9,빠른입주  옵션교체   방2개 넓은겨실  전망굿,https://www.zigbang.com/home/apt/items/50010823
2026-08-12 05:52:17,오피스텔,49727869,월세,01,경기도 고양시 일산서구 탄현동,고양시 일산서구,탄현동,1000,32,0,39.66,12.0,8,"탄현역풀옵션원룸,탄현역도보5분거리",https://www.zigbang.com/home/apt/items/49727869
2026-08-12 05:52:17,오피스텔,49670388,월세,01,경기도 고양시 일산서구 탄현동,고양시 일산서구,탄현동,500,35,0,39.66,12.0,6,"탄현역풀옵션원룸탄현역풀옵션오피스텔,단기가능",https://www.zigbang.com/home/apt/items/49670388
2026-08-12 05:52:17,오피스텔,49994944,전세,03,경기도 고양시 일산동구 장항동,고양시 일산동구,장항동,8300,0,0,50.76,15.35,9,"원하시는날에, 전세대출, 보증보험가능, 복층,로데오시티",https://www.zigbang.com/home/apt/items/49994944
2026-08-12 05:52:19,오피스텔,50008863,월세,03,경기도 파주시 월롱면 덕은리,파주시,월롱면,200,30,0,66.65,20.16,2,도배 새로한 전입신고 가능한  풀옵션 오피스텔,https://www.zigbang.com/home/apt/items/50008863
2026-08-12 05:52:19,오피스텔,50022854,월세,03,경기도 파주시 월롱면 덕은리,파주시,월롱면,200,25,0,66.65,20.16,고,도배깨끗 세금계산서 발행  전입신고 가능 풀옵션 오피스텔,https://www.zigbang.com/home/apt/items/50022854
2026-08-12 05:52:19,오피스텔,49931847,월세,03,경기도 파주시 월롱면 덕은리,파주시,월롱면,200,30,0,66.65,20.16,고,"즉시 입주, 깨끗하고 전입신고 가능한 풀옵션 오피스텔",https://www.zigbang.com/home/apt/items/49931847
2026-08-12 05:52:20,오피스텔,49940433,전세,04,서울시 은평구 갈현동,은평구,갈현동,25100,0,0,56.29,17.03,중,"버팀목,보험가3,6호선,GTX 연신내역9분 막힘없는뷰풀옵션",https://www.zigbang.com/home/apt/items/49940433
2026-08-12 05:52:20,오피스텔,49708289,전세,04,서울시 은평구 갈현동,은평구,갈현동,25100,0,0,32.99,9.98,중,은평구 모든대출가능 풀옵션2룸 전체벽면붙박이장 컨디션최상급,https://www.zigbang.com/home/apt/items/49708289
2026-08-12 05:52:20,오피스텔,50015840,월세,01,서울시 은평구 대조동,은평구,대조동,10000,30,0,22.74,6.88,고,"버팀목, 보증보험가 3,6호선 연신내역1분, 원룸 반전세",https://www.zigbang.com/home/apt/items/50015840
2026-08-12 05:52:20,오피스텔,49919205,전세,04,서울시 은평구 갈현동,은평구,갈현동,36000,0,0,64.87,19.62,중,"3,6호선 연신내역 2분 모든대출 가능 풀옵션넓은투룸전세",https://www.zigbang.com/home/apt/items/49919205
2026-08-12 05:52:20,오피스텔,50021875,월세,01,경기도 고양시 덕양구 지축동,고양시 덕양구,지축동,1000,65,0,73.72,22.3,고,전입가능 역세권 풀옵션,https://www.zigbang.com/home/apt/items/50021875
2026-08-12 05:52:20,오피스텔,49931407,월세,04,경기도 고양시 덕양구 지축동,고양시 덕양구,지축동,50,130,0,29.8,9.01,고,다락이 방보다 복층 넓은 오피스텔,https://www.zigbang.com/home/apt/items/49931407
2026-08-12 05:52:20,오피스텔,49927559,월세,01,경기도 고양시 덕양구 지축동,고양시 덕양구,지축동,1000,70,0,74.02,22.39,5,"지축역 도보6분,신축급 깔끔,광폭주차,풀옵션,힐링오피스텔",https://www.zigbang.com/home/apt/items/49927559
2026-08-12 05:52:20,오피스텔,49979176,전세,01,서울시 은평구 대조동,은평구,대조동,13600,0,0,38.45,11.63,6,"연신내역 유진아이디움  오피스텔,전세자금대출,보증보험가능",https://www.zigbang.com/home/apt/items/49979176
2026-08-12 05:52:20,오피스텔,50029650,전세,01,서울시 은평구 대조동,은평구,대조동,13500,0,0,38.45,11.63,6,"착한 전세금, 대출 및 보증보험, 신축급 트리플 초역세권",https://www.zigbang.com/home/apt/items/50029650
2026-08-12 05:52:20,오피스텔,50017264,월세,01,서울시 은평구 대조동,은평구,대조동,10000,30,0,20.15,6.1,고,"은평구 GTX,3호선,6호선 연신내역 최고위치. 컨디션최상",https://www.zigbang.com/home/apt/items/50017264
2026-08-12 05:52:20,오피스텔,50003592,월세,01,서울시 도봉구 방학동,도봉구,방학동,500,65,0,29.75,9.0,6,"신축급풀옵션  시설깨끗 초역세권 방학역 ,주차가",https://www.zigbang.com/home/apt/items/50003592
2026-08-12 05:52:20,오피스텔,49833758,전세,03,서울시 도봉구 방학동,도봉구,방학동,14000,0,0,26.45,8.0,14,방학신화하니엘시티 LH.SH 전세,https://www.zigbang.com/home/apt/items/49833758
2026-08-12 05:52:20,오피스텔,50011101,월세,03,서울시 도봉구 방학동,도봉구,방학동,1000,60,0,42.98,13.0,2,"방학역하니엘씨티 월세, 사업자 또는 전입신고 안하는 조건",https://www.zigbang.com/home/apt/items/50011101
2026-08-12 05:52:20,오피스텔,49904397,매매,05,경기도 의정부시 호원동,의정부시,호원동,24000,0,24000,89.48,27.07,5,신혼부부들께 강추드리는 인기있는 3룸 구조,https://www.zigbang.com/home/apt/items/49904397
2026-08-12 05:52:20,오피스텔,49865234,매매,01,서울시 노원구 상계동,노원구,상계동,10000,0,10000,26.45,8.0,8,노원역 신축 원룸 오피스텔,https://www.zigbang.com/home/apt/items/49865234
2026-08-12 05:52:20,오피스텔,49998075,전세,04,서울시 노원구 공릉동,노원구,공릉동,20000,0,0,44.4,13.43,4,"태릉입구역, LH, 버팀목, 허그 불가, 은행대출만 가능",https://www.zigbang.com/home/apt/items/49998075
2026-08-12 05:52:20,오피스텔,50016527,월세,03,서울시 노원구 상계동,노원구,상계동,1000,67,0,52,15.73,중,노원역 도보 2분 풀옵션 복층 전입가능한 오피스텔,https://www.zigbang.com/home/apt/items/50016527
2026-08-12 05:52:20,오피스텔,49890178,월세,01,서울시 노원구 상계동,노원구,상계동,1000,85,0,47.86,14.48,고,노원 초 역세권 특올수리 오피스텔 업무용,https://www.zigbang.com/home/apt/items/49890178
2026-08-12 05:52:20,오피스텔,49994542,월세,01,서울시 노원구 상계동,노원구,상계동,500,60,0,26.45,8.0,고,소담빌 오피스텔도시형생활주택,https://www.zigbang.com/home/apt/items/49994542
2026-08-12 05:52:20,오피스텔,49957860,월세,01,서울시 노원구 상계동,노원구,상계동,500,60,0,26.45,8.0,고,도시형생활주택 및 오피스텔,https://www.zigbang.com/home/apt/items/49957860
2026-08-12 05:52:20,오피스텔,49890281,월세,03,서울시 노원구 상계동,노원구,상계동,1000,85,0,39.35,11.9,중,"신축 호텔느낌 오피스텔  노원역 1분거리 초역세권,전입불가",https://www.zigbang.com/home/apt/items/49890281
2026-08-12 05:52:20,오피스텔,49865178,매매,01,서울시 노원구 상계동,노원구,상계동,10000,0,10000,26.45,8.0,고,소담빌오피스텔및도시형생활주택,https://www.zigbang.com/home/apt/items/49865178
2026-08-12 05:52:20,오피스텔,49979332,월세,01,서울시 노원구 공릉동,노원구,공릉동,7500,9,0,21,6.35,고,"여성전용, 역세권 넓은 원룸 빠른입주 가능",https://www.zigbang.com/home/apt/items/49979332
2026-08-12 05:52:20,오피스텔,49953940,월세,01,서울시 노원구 상계동,노원구,상계동,150,55,0,28.24,8.54,2,상계동 중앙프라자 풀옵션 단기 월세,https://www.zigbang.com/home/apt/items/49953940
2026-08-12 05:52:20,오피스텔,49745445,월세,01,서울시 노원구 상계동,노원구,상계동,9700,20,0,26,7.86,고,LH SH 모든대출 보증보험 엘베  풀옵션  노원역도보가능,https://www.zigbang.com/home/apt/items/49745445
2026-08-12 05:52:20,오피스텔,49954358,월세,01,서울시 노원구 상계동,노원구,상계동,150,55,0,28.24,8.54,2,상계역이용가능 풀옵션 원룸 단기월세,https://www.zigbang.com/home/apt/items/49954358
2026-08-12 05:52:20,오피스텔,50027087,월세,01,서울시 도봉구 창동,도봉구,창동,1000,55,0,40.12,12.14,3,ll넓은집 ll 오피스텔 깔끔쌍문역 5분,https://www.zigbang.com/home/apt/items/50027087
2026-08-12 05:52:20,오피스텔,49887702,월세,04,서울시 도봉구 창동,도봉구,창동,3000,105,0,44.17,13.36,11,"I 전입O, 주차,반려동물O,22년식 신축 투룸오피스텔 I",https://www.zigbang.com/home/apt/items/49887702
2026-08-12 05:52:20,오피스텔,49729130,매매,01,서울시 도봉구 창동,도봉구,창동,16500,0,16500,25,7.56,11,"임차인 맞추어진 소형아파트,도시형생활주택",https://www.zigbang.com/home/apt/items/49729130
2026-08-12 05:52:20,오피스텔,49780171,전세,04,서울시 도봉구 창동,도봉구,창동,20500,0,0,41.8,12.64,고,창동 라르플레이스 전세,https://www.zigbang.com/home/apt/items/49780171
2026-08-12 05:52:20,오피스텔,49944204,전세,01,서울시 도봉구 창동,도봉구,창동,14100,0,0,26.82,8.11,고,"전세대출,보증보험가능한 대로변 풀옵션 도시형생활주택입니다",https://www.zigbang.com/home/apt/items/49944204
2026-08-12 05:52:20,오피스텔,49814991,월세,04,서울시 도봉구 창동,도봉구,창동,17500,10,0,44.63,13.5,3,창동 라르플레이스 근저당 잔금일 말소조건,https://www.zigbang.com/home/apt/items/49814991
2026-08-12 05:52:20,오피스텔,49875483,매매,01,서울시 도봉구 창동,도봉구,창동,16500,0,16500,25.24,7.64,10,"쌍문역 도보 3분 대로변 남향 풀옵션, 몸만 오세요",https://www.zigbang.com/home/apt/items/49875483
2026-08-12 05:52:22,오피스텔,49977712,월세,02,경기도 남양주시 호평동,남양주시,호평동,1000,51,0,44.98,13.61,3,풀옵션 분리형 내부조망,https://www.zigbang.com/home/apt/items/49977712
2026-08-12 05:52:22,오피스텔,49888380,월세,01,경기도 남양주시 호평동,남양주시,호평동,500,57,0,49.02,14.83,6,풀옵션 큰원룸 입주협의,https://www.zigbang.com/home/apt/items/49888380
2026-08-12 05:52:22,오피스텔,49888363,월세,01,경기도 남양주시 호평동,남양주시,호평동,2000,37,0,31.79,9.62,5,풀옵션원룸 조망,https://www.zigbang.com/home/apt/items/49888363
2026-08-12 05:52:22,오피스텔,49959300,월세,02,경기도 의정부시 고산동,의정부시,고산동,1000,95,0,114.26,34.56,고,"풀옵션,방1화1,몸만오세요,전입가능귀한월세",https://www.zigbang.com/home/apt/items/49959300
2026-08-12 05:52:22,오피스텔,50005455,월세,04,경기도 의정부시 고산동,의정부시,고산동,2000,100,0,113.54,34.35,4,전입가능한투룸.풀옵션.10월중순이후입주가능.반려동물가능,https://www.zigbang.com/home/apt/items/50005455
2026-08-12 05:52:22,오피스텔,49819189,월세,04,경기도 의정부시 고산동,의정부시,고산동,1000,100,0,55.1,16.67,저,ㅿ풀옵션ㅿ방2화2ㅿ주차편리ㅿ쾌적한 남향구조ㅿ입주협의ㅿ,https://www.zigbang.com/home/apt/items/49819189
2026-08-12 05:52:22,오피스텔,49825696,월세,04,경기도 의정부시 고산동,의정부시,고산동,1000,100,0,134.01,40.54,저,"넓은투룸,방2화2,업무용,풀옵션완비,10월하순입주협의",https://www.zigbang.com/home/apt/items/49825696
2026-08-12 05:52:22,오피스텔,50028885,월세,04,경기도 의정부시 고산동,의정부시,고산동,1000,100,0,126.58,38.29,5,"귀한월세,완벽풀옵션,방2화1,전입가능,주거용오피스텔",https://www.zigbang.com/home/apt/items/50028885
2026-08-12 05:52:22,오피스텔,49959333,월세,05,경기도 의정부시 고산동,의정부시,고산동,4000,95,0,164.95,49.9,중,"귀한월세,방3화1,풀옵션,전입가능,몸만오세요,반려동물OK",https://www.zigbang.com/home/apt/items/49959333
2026-08-12 05:52:22,오피스텔,50026499,월세,01,경기도 의정부시 고산동,의정부시,고산동,500,60,0,58.55,17.71,2,9월초입주협의.원룸.풀옵션.업무용.주차1대무료.반려동물불가,https://www.zigbang.com/home/apt/items/50026499
2026-08-12 05:52:22,오피스텔,49801482,전세,02,경기도 의정부시 고산동,의정부시,고산동,12000,0,0,24.03,7.27,고,일반대출가능ㅣ풀옵션ㅣ주차최고,https://www.zigbang.com/home/apt/items/49801482
2026-08-12 05:52:22,오피스텔,50028165,월세,04,경기도 의정부시 고산동,의정부시,고산동,1000,100,0,122.49,37.05,중,전입가능한 투룸.9월입주협의.반려동물가능.주차지하4층까지,https://www.zigbang.com/home/apt/items/50028165
2026-08-12 05:52:22,오피스텔,50004168,월세,02,경기도 의정부시 고산동,의정부시,고산동,1000,95,0,109.72,33.19,8,인기수변뷰.넓은거실1.넓은방1.전입가능.풀옵션.반려동물가능,https://www.zigbang.com/home/apt/items/50004168
2026-08-12 05:52:22,오피스텔,50004034,월세,05,경기도 의정부시 고산동,의정부시,고산동,4000,95,0,160.21,48.46,5,전입가능 쓰리룸 방3화1.풀옵션.애완동물가능.9월말입주협의,https://www.zigbang.com/home/apt/items/50004034
2026-08-12 05:52:22,오피스텔,49880037,월세,02,경기도 남양주시 진접읍 장현리,남양주시,진접읍,500,70,0,40,12.1,중,장현 스카이마크,https://www.zigbang.com/home/apt/items/49880037
2026-08-12 05:52:22,오피스텔,49997962,월세,03,경기도 남양주시 진접읍 장현리,남양주시,진접읍,100,60,0,27.93,8.45,저,3개월  단기  가능한 호실입니다,https://www.zigbang.com/home/apt/items/49997962
2026-08-12 05:52:22,오피스텔,50010619,월세,03,경기도 남양주시 진접읍 장현리,남양주시,진접읍,300,50,0,21,6.35,19,장현시내 오피스텔,https://www.zigbang.com/home/apt/items/50010619
2026-08-12 05:52:22,오피스텔,49933283,월세,03,경기도 남양주시 진접읍 장현리,남양주시,진접읍,300,50,0,21,6.35,6,장현시내 오피스텔,https://www.zigbang.com/home/apt/items/49933283
2026-08-12 05:52:22,오피스텔,49919290,월세,03,경기도 남양주시 진접읍 장현리,남양주시,진접읍,300,50,0,21,6.35,11,장현시내 오피스텔,https://www.zigbang.com/home/apt/items/49919290
2026-08-12 05:52:22,오피스텔,49997916,월세,03,경기도 남양주시 진접읍 장현리,남양주시,진접읍,200,50,0,27.93,8.45,중,남서향으로 해 잘드는 곳입니다,https://www.zigbang.com/home/apt/items/49997916
2026-08-12 05:52:22,오피스텔,49997988,월세,03,경기도 남양주시 진접읍 장현리,남양주시,진접읍,300,50,0,27.93,8.45,중,깨끗한 숙소를 찾는다면 여기입니다,https://www.zigbang.com/home/apt/items/49997988
2026-08-12 05:52:23,오피스텔,49850506,전세,05,경기도 양주시 덕계동,양주시,덕계동,24900,0,0,70.43,21.3,2,"왕왕 추천,에어컨2대,엘리베이터,빠른입주가능해요",https://www.zigbang.com/home/apt/items/49850506
2026-08-12 05:52:23,오피스텔,49940582,월세,02,경기도 양주시 광사동,양주시,광사동,500,65,0,40,12.1,6,"즉시입주가능한 오피스텔,풀옵션,스타일러,상권좋고 주차가능",https://www.zigbang.com/home/apt/items/49940582
2026-08-12 05:52:23,오피스텔,49940515,월세,01,경기도 양주시 광사동,양주시,광사동,500,55,0,38.49,11.64,7,"첫입주 오피스텔,주차가능,즉시입주,풀옵션,전입신고,애견가능",https://www.zigbang.com/home/apt/items/49940515
2026-08-12 05:52:23,오피스텔,49986632,월세,02,경기도 동두천시 생연동,동두천시,생연동,500,40,0,23.14,7.0,4,"청소완료..중앙역 초역세권, 승강기, 주방분리형 풀옵션",https://www.zigbang.com/home/apt/items/49986632
2026-08-12 05:52:24,오피스텔,49901258,월세,03,경기도 양주시 옥정동,양주시,옥정동,100,63,0,41.12,12.44,3,선납방X 단기가능 옥정신도시 입주날짜확인,https://www.zigbang.com/home/apt/items/49901258
2026-08-12 05:52:24,오피스텔,50011150,월세,04,경기도 양주시 옥정동,양주시,옥정동,250,100,0,74.05,22.4,고,ㅡㅡNEW단기임대 가능 신축 투룸 북층형 오피스텔,https://www.zigbang.com/home/apt/items/50011150
2026-08-12 05:52:24,오피스텔,50010983,월세,04,경기도 양주시 옥정동,양주시,옥정동,250,100,0,100.63,30.44,4,선납방X  옥정유일한 단기임대 l 투룸 l,https://www.zigbang.com/home/apt/items/50010983
2026-08-12 05:52:24,오피스텔,50022218,월세,03,경기도 양주시 옥정동,양주시,옥정동,500,58,0,49.77,15.06,12,"옥정 상권좋음,복층형원룸,풀옵션,주차가능,고급스런 오피스텔",https://www.zigbang.com/home/apt/items/50022218
2026-08-12 05:52:24,오피스텔,50010999,월세,03,경기도 양주시 옥정동,양주시,옥정동,100,67,0,45.76,13.84,5,선납방Xl 단기임대 l 신축 북층형 오피스텔,https://www.zigbang.com/home/apt/items/50010999
2026-08-12 05:52:25,오피스텔,49937365,매매,02,경기도 이천시 중리동,이천시,중리동,11800,0,11800,59,17.85,9,급매  전세보다 싼 매매,https://www.zigbang.com/home/apt/items/49937365
2026-08-12 05:52:25,오피스텔,49809938,매매,01,경기도 이천시 창전동,이천시,창전동,7900,0,7900,21.02,6.36,중,수익률 8프로이상 풀옵션 50만원씩 월세 받으실분,https://www.zigbang.com/home/apt/items/49809938
2026-08-12 05:52:25,오피스텔,49961815,월세,01,경기도 이천시 중리동,이천시,중리동,500,53,0,46.23,13.98,20,센트럴시티 원룸 풀옵션,https://www.zigbang.com/home/apt/items/49961815
2026-08-12 05:52:25,오피스텔,49996490,월세,01,경기도 이천시 중리동,이천시,중리동,500,53,0,48.45,14.66,3,"이천터미널3분이내,시내 인접",https://www.zigbang.com/home/apt/items/49996490
2026-08-12 05:52:25,오피스텔,49982560,월세,01,경기도 이천시 창전동,이천시,창전동,200,55,0,33,9.98,고,준신축 오피스텔 내부 넓고 위치 최고 풀옵션 주차1대가능,https://www.zigbang.com/home/apt/items/49982560
2026-08-12 05:52:25,오피스텔,50021469,전세,01,경기도 이천시 안흥동,이천시,안흥동,10000,0,0,63,19.06,고,코아루휴티스 신축  일반오피스텔과 차별화,https://www.zigbang.com/home/apt/items/50021469
2026-08-12 05:52:25,오피스텔,50025166,월세,01,경기도 이천시 안흥동,이천시,안흥동,500,51,0,54.9,16.61,13,양우내안애오피스텔 9월말입주,https://www.zigbang.com/home/apt/items/50025166
2026-08-12 05:52:25,오피스텔,49854629,월세,01,경기도 이천시 안흥동,이천시,안흥동,500,60,0,35,10.59,17,코아루휴티 월세,https://www.zigbang.com/home/apt/items/49854629
2026-08-12 05:52:25,오피스텔,49996521,월세,01,경기도 이천시 안흥동,이천시,안흥동,500,60,0,63.08,19.08,27,"신축급 ,풀옵션,산책로 인근,부가세별도",https://www.zigbang.com/home/apt/items/49996521
2026-08-12 05:52:25,오피스텔,50021446,월세,03,경기도 이천시 안흥동,이천시,안흥동,500,60,0,52.43,15.86,중,하이앤드천년가 생활형 숙박시설,https://www.zigbang.com/home/apt/items/50021446
2026-08-12 05:52:25,오피스텔,49960511,월세,05,경기도 이천시 중리동,이천시,중리동,160,80,0,87.11,26.35,5,이천종합터미널 인근 신축 쓰리룸 컨디션 굿 실거주만족도 굿,https://www.zigbang.com/home/apt/items/49960511
2026-08-12 05:52:29,오피스텔,49874106,월세,01,강원도 원주시 단계동,원주시,단계동,100,65,0,49.11,14.86,8,초단기가능 양면창 남동향 뷰최상 24년신축 플레이스 즉시입,https://www.zigbang.com/home/apt/items/49874106
2026-08-12 05:52:36,오피스텔,49759933,월세,02,강원도 춘천시 소양로1가,춘천시,소양로1가,500,60,0,46.28,14.0,중,환상의 뷰를 자랑하는 스마트 오피스텔,https://www.zigbang.com/home/apt/items/49759933
2026-08-12 05:52:36,오피스텔,49759937,월세,01,강원도 춘천시 요선동,춘천시,요선동,300,50,0,33.06,10.0,7,너무 좋은 위치 테라스 있는 오피스텔,https://www.zigbang.com/home/apt/items/49759937
2026-08-12 05:52:36,오피스텔,49459307,전세,02,강원도 춘천시 요선동,춘천시,요선동,9000,0,0,48,14.52,9,분리형원룸으로 풀옵션.전입확정일자가능 6월말입주가능,https://www.zigbang.com/home/apt/items/49459307
2026-08-12 05:52:36,오피스텔,49966427,월세,01,강원도 춘천시 소양로1가,춘천시,소양로1가,300,50,0,45.73,13.83,14,"착한보증금, 소양강뷰 , 풀옵션, 원룸  빠른입주가능",https://www.zigbang.com/home/apt/items/49966427
2026-08-12 05:52:36,오피스텔,49759924,월세,01,강원도 춘천시 소양로1가,춘천시,소양로1가,500,50,0,33.06,10.0,8,환상의 조망 최고의 뷰. 럭셔리 AAA급,https://www.zigbang.com/home/apt/items/49759924
2026-08-12 05:52:36,오피스텔,49945660,전세,01,강원도 춘천시 소양로1가,춘천시,소양로1가,8000,0,0,45.73,13.83,13,"전세대출가능,   풀옵션, 소양강뷰최고, 빠른입주가능",https://www.zigbang.com/home/apt/items/49945660
2026-08-12 05:52:36,오피스텔,49705080,전세,01,강원도 춘천시 소양로1가,춘천시,소양로1가,8500,0,0,45.82,13.86,4,"LH전세대출가능, 소양강뷰 일품 ,풀옵션,8월 14일 입주",https://www.zigbang.com/home/apt/items/49705080
2026-08-12 05:53:03,오피스텔,49958107,월세,01,강원도 원주시 반곡동,원주시,반곡동,500,45,0,53.14,16.07,중,"9월중순, 전망, 전입, 건강보험공단 맞은편",https://www.zigbang.com/home/apt/items/49958107
2026-08-12 05:53:03,오피스텔,49827585,월세,01,강원도 원주시 반곡동,원주시,반곡동,500,50,0,60.4,18.27,고,"8월중순, 전망, 건강보험공단 맞은편",https://www.zigbang.com/home/apt/items/49827585
2026-08-12 05:53:03,오피스텔,49898011,월세,01,강원도 원주시 반곡동,원주시,반곡동,500,50,0,58.99,17.84,15,"고층 관광공사,건보도보권위치,전망최상 주차편리 9월초",https://www.zigbang.com/home/apt/items/49898011
2026-08-12 05:53:03,오피스텔,49727086,전세,01,강원도 원주시 반곡동,원주시,반곡동,8000,0,0,61.26,18.53,중,"즉시입주,전세대출 협조, 융무,전입, 건강보허공단 맞은편",https://www.zigbang.com/home/apt/items/49727086
2026-08-12 05:53:03,오피스텔,50017199,월세,01,강원도 원주시 반곡동,원주시,반곡동,3000,20,0,53.4,16.15,17,"보안좋은 소형오피스텔,귀한반전세.저렴하고 임대인 좋아요",https://www.zigbang.com/home/apt/items/50017199
2026-08-12 05:53:03,오피스텔,49995315,월세,01,강원도 원주시 반곡동,원주시,반곡동,500,50,0,60.4,18.27,고,"9월초, 전망,전입, 건강보험공단 맞은편",https://www.zigbang.com/home/apt/items/49995315
2026-08-12 05:53:22,오피스텔,49999980,월세,01,강원도 강릉시 유천동,강릉시,유천동,300,50,0,39.67,12.0,5,주차편리  전입신고가능   풀옵션  침대있음  단기가능 즉,https://www.zigbang.com/home/apt/items/49999980
2026-08-12 05:53:22,오피스텔,49951310,전세,01,강원도 강릉시 유천동,강릉시,유천동,6000,0,0,33,9.98,4,전입신고가능  풀옵션   주차시설편리  침대있음  즉시,https://www.zigbang.com/home/apt/items/49951310
2026-08-12 05:53:22,오피스텔,49908715,월세,01,강원도 강릉시 홍제동,강릉시,홍제동,300,53,0,43,13.01,7,풀옵션  도시가스  전입신고가능  남향   주차시설 단기가,https://www.zigbang.com/home/apt/items/49908715
2026-08-12 05:53:22,오피스텔,49999932,월세,01,강원도 강릉시 유천동,강릉시,유천동,300,48,0,39.66,12.0,3,뻥뷰  풀옵션 주차편리 전입신고가능  단기가능,https://www.zigbang.com/home/apt/items/49999932
2026-08-12 05:53:23,오피스텔,50011094,월세,01,강원도 강릉시 교동,강릉시,교동,500,60,0,50.91,15.4,17,"9월1일이후입주가능, 바다조망 다락있음,전입신고 불가",https://www.zigbang.com/home/apt/items/50011094
2026-08-12 05:53:23,오피스텔,49839080,월세,01,강원도 강릉시 교동,강릉시,교동,300,55,0,50.92,15.4,9,"9층,즉시 입주가능",https://www.zigbang.com/home/apt/items/49839080
2026-08-12 05:53:23,오피스텔,50011323,월세,01,강원도 강릉시 교동,강릉시,교동,100,60,0,50.91,15.4,7,"단기3개월이상 일시불임, 즉시입주가능",https://www.zigbang.com/home/apt/items/50011323
2026-08-12 05:54:04,오피스텔,49732275,월세,01,강원도 속초시 조양동,속초시,조양동,500,50,0,26.45,8.0,19,원룸형 3개월 6개월단기 가능,https://www.zigbang.com/home/apt/items/49732275
2026-08-12 05:54:04,오피스텔,50013161,월세,01,강원도 속초시 교동,속초시,교동,240,64,0,57.93,17.52,6,"청초호수공원, 오션뷰를 갖춘 풀옵션 레지던스",https://www.zigbang.com/home/apt/items/50013161
2026-08-12 05:54:04,오피스텔,50013764,월세,01,강원도 속초시 교동,속초시,교동,90,73,0,57.93,17.52,6,속초중심지 풀옵션 레지던스,https://www.zigbang.com/home/apt/items/50013764
2026-08-12 05:54:04,오피스텔,49804336,월세,01,강원도 속초시 교동,속초시,교동,300,45,0,26.45,8.0,17,전입신고가능 원룸형도시형생활주택,https://www.zigbang.com/home/apt/items/49804336
2026-08-12 05:54:04,오피스텔,49804348,월세,01,강원도 속초시 조양동,속초시,조양동,500,50,0,26.45,8.0,10,원룸형 오피스텔입니다,https://www.zigbang.com/home/apt/items/49804348
2026-08-12 05:54:04,오피스텔,50015335,월세,01,강원도 속초시 영랑동,속초시,영랑동,207,54,0,40.91,12.38,12,"속초바다 장기거주, 호텔식 풀옵션",https://www.zigbang.com/home/apt/items/50015335
2026-08-12 05:54:04,오피스텔,50012886,월세,01,강원도 속초시 영랑동,속초시,영랑동,77,61,0,47.49,14.37,저,"단기임대 전용 보증금 할인, 풀옵션 레지던스",https://www.zigbang.com/home/apt/items/50012886
2026-08-12 05:54:04,오피스텔,49984171,월세,02,강원도 속초시 조양동,속초시,조양동,1000,60,0,46.28,14.0,27,고층형  코아루월세,https://www.zigbang.com/home/apt/items/49984171
2026-08-12 05:54:04,오피스텔,50015697,월세,01,강원도 속초시 조양동,속초시,조양동,83,67,0,51.51,15.58,6,"한달살기 최적, 침대, 이불, 커피머신까지 모두 제공",https://www.zigbang.com/home/apt/items/50015697
2026-08-12 05:54:04,오피스텔,50012647,월세,01,강원도 속초시 영랑동,속초시,영랑동,207,54,0,47.65,14.41,4,"속초바다 한달살이, 호텔식 풀옵션",https://www.zigbang.com/home/apt/items/50012647
2026-08-12 05:54:04,오피스텔,50013596,월세,01,강원도 속초시 조양동,속초시,조양동,247,66,0,64.06,19.38,중,"가성비 UP, 입주일 조정가능, 풀옵션 레지던스, 무료주차",https://www.zigbang.com/home/apt/items/50013596
2026-08-12 05:54:04,오피스텔,50013505,월세,01,강원도 속초시 중앙동,속초시,중앙동,1000,50,0,29.75,9.0,9,전입x 힐스테이트 오피스텔,https://www.zigbang.com/home/apt/items/50013505
2026-08-12 05:54:04,오피스텔,50013729,월세,01,강원도 속초시 조양동,속초시,조양동,224,59,0,30.62,9.26,3,"속초중심지 풀옵션 레지던스, 무료주차 지원",https://www.zigbang.com/home/apt/items/50013729
2026-08-12 05:54:04,오피스텔,50015670,월세,01,강원도 속초시 조양동,속초시,조양동,224,59,0,51.51,15.58,5,"속초중심지 풀옵션 레지던스, 무료주차 지원",https://www.zigbang.com/home/apt/items/50015670
2026-08-12 05:54:04,오피스텔,50013103,월세,01,강원도 속초시 조양동,속초시,조양동,83,67,0,30.57,9.25,3,가성비 UP 호텔식 풀옵션,https://www.zigbang.com/home/apt/items/50013103
2026-08-12 05:54:04,오피스텔,50015371,월세,01,강원도 속초시 영랑동,속초시,영랑동,77,61,0,40.91,12.38,12,"단기임대 전용 보증금 할인, 풀옵션 레지던스",https://www.zigbang.com/home/apt/items/50015371
