수집시간,매물유형,매물ID,거래유형,상가업종,시도,구군,읍면동,보증금(만원),월세(만원),매매가(만원),권리금(만원),면적(m2),평,층,제목,URL
2026-06-27 07:29:09,상가사무실,928817,임대,기타,제주특별자치도,서귀포시,안덕면,4000,350,0,9500,1157.02,350.0,반지하층,제주국제학교인근 프리미엄실내골프연습장개인레슨스튜디오,https://www.zigbang.com/home/store/items/928817
2026-06-27 07:29:11,상가사무실,926428,임대,퓨전/쌀국수,제주특별자치도,서귀포시,서귀동,3000,260,0,0,188.43,57.0,2층,거주가능.단독마다포함임대.감성자리.상업지역,https://www.zigbang.com/home/store/items/926428
2026-06-27 07:29:28,상가사무실,902197,임대,카페/커피,제주특별자치도,제주시,삼도일동,500,42,0,2500,26.45,8.0,1층,제주시 전농로 왕벚꽃 메인거리,https://www.zigbang.com/home/store/items/902197
2026-06-27 07:35:33,상가사무실,913721,임대,카페/커피,광주광역시,광산구,월전동,2000,150,0,0,125.62,38.0,1층,유동인구 최고위치! 1층 카페 임대-바로 영업 가능,https://www.zigbang.com/home/store/items/913721
2026-06-27 07:35:33,상가사무실,613265,임대,기타,광주광역시,광산구,선암동,2000,120,0,0,264.5,80.01,2층,아파트 밀집 지역에 위치한 선암동 상가 공실,https://www.zigbang.com/home/store/items/613265
2026-06-27 07:35:33,상가사무실,729996,임대,기타,광주광역시,광산구,월전동,3000,350,0,0,115.2,34.85,1층,월전동 층고 높고 넓은 평수의 다용도  1층 상가,https://www.zigbang.com/home/store/items/729996
2026-06-27 07:35:33,상가사무실,729997,임대,기타,광주광역시,광산구,월전동,1500,105,0,0,115.2,34.85,2층,"월전동 넓은 평수의 다용도 가능한  2층 상가, 사무실",https://www.zigbang.com/home/store/items/729997
2026-06-27 07:35:33,상가사무실,744983,임대,치킨/닭요리,광주광역시,광산구,선암동,2000,120,0,0,82,24.8,1층,선암동  대로변 1층 상가,https://www.zigbang.com/home/store/items/744983
2026-06-27 07:35:33,상가사무실,918667,임대,사무실,광주광역시,광산구,송정동,1000,55,0,0,109.09,33.0,3층,완전 깨끗한 사무실,https://www.zigbang.com/home/store/items/918667
2026-06-27 07:35:33,상가사무실,890517,임대,한식/고기집,광주광역시,광산구,송정동,500,55,0,2500,66,19.96,1층,광주 광산구의 주택가에 위치한 배달 전문 고기집 임대,https://www.zigbang.com/home/store/items/890517
2026-06-27 07:35:33,상가사무실,878323,임대,기타,광주광역시,광산구,소촌동,2000,140,0,0,274.32,82.98,2층,"무권리, 광산구 소촌동, 즉시입주가능한 2,3층 상가",https://www.zigbang.com/home/store/items/878323
2026-06-27 07:35:33,상가사무실,878321,임대,기타,광주광역시,광산구,소촌동,1000,70,0,0,135.13,40.88,3층,"무권리, 광산구 소촌동, 즉시입주가능한 3층 상가",https://www.zigbang.com/home/store/items/878321
2026-06-27 07:35:33,상가사무실,878320,임대,기타,광주광역시,광산구,소촌동,1000,70,0,0,139.19,42.1,2층,"무권리, 광산구 소촌동, 즉시입주가능한 2층 상가",https://www.zigbang.com/home/store/items/878320
2026-06-27 07:35:33,상가사무실,846085,매매,편의점/슈퍼,광주광역시,광산구,송정동,0,0,48000,0,86.57,26.19,1층,광산구 송정동 현재 임차중인 단지내 1층 구분 상가 매매,https://www.zigbang.com/home/store/items/846085
2026-06-27 07:35:33,상가사무실,836548,임대,편의점/슈퍼,광주광역시,광산구,송정동,2000,120,0,0,116.64,35.28,1층,"광주송정역 인근, 송정동 주택가상권에 위치한 1층 단층 상가",https://www.zigbang.com/home/store/items/836548
2026-06-27 07:35:33,상가사무실,608316,매매,기타,광주광역시,광산구,신촌동,0,0,87000,0,134.9,40.81,2층,"대로변 상권, 주목도 높은 광주 신촌동 건물 통매매",https://www.zigbang.com/home/store/items/608316
2026-06-27 07:35:33,상가사무실,829470,매매,분식,광주광역시,광산구,도산동,0,0,190000,0,76.03,23.0,2층,"대로변 코너, 주목도 높은 2층 도산동 김밥",https://www.zigbang.com/home/store/items/829470
2026-06-27 07:35:33,상가사무실,792211,임대,학원/학업관련,광주광역시,광산구,도산동,3000,300,0,22000,210,63.52,2층,광산구 도산동  접근성좋은 2층 구분상가 임대,https://www.zigbang.com/home/store/items/792211
2026-06-27 07:35:33,상가사무실,792214,매매,학원/학업관련,광주광역시,광산구,도산동,0,0,100000,0,210,63.52,2층,광산구 도산동  접근성 좋은 2층 구분상가 매매,https://www.zigbang.com/home/store/items/792214
2026-06-27 07:35:33,상가사무실,632621,임대,카페/커피,광주광역시,광산구,우산동,1000,80,0,4000,79.3,23.99,1층,우산동 세계수영선수촌 아파트 단지 앞 커피 및 피자판매점,https://www.zigbang.com/home/store/items/632621
2026-06-27 07:35:33,상가사무실,743352,임대,기타주점,광주광역시,광산구,송정동,1000,75,0,6000,100,30.25,1층,광산구 송정동 위치 좋은 1층 상가,https://www.zigbang.com/home/store/items/743352
2026-06-27 07:35:33,상가사무실,678803,임대,기타,광주광역시,광산구,송정동,3000,100,0,0,231.4,70.0,2층,"도로변 코너 상권, 주목도 높은 송정동 공실",https://www.zigbang.com/home/store/items/678803
2026-06-27 07:35:33,상가사무실,904692,임대,한식/고기집,광주광역시,남구,진월동,3000,160,0,1900,454.75,137.56,2층,광주대앞 100평대 요리주점 급매합니다.,https://www.zigbang.com/home/store/items/904692
2026-06-27 07:35:33,상가사무실,874984,임대,기타,광주광역시,남구,진월동,1000,80,0,0,36.79,11.13,1층,광주대학교 정문 앞 무권리 1층 건물 통임대,https://www.zigbang.com/home/store/items/874984
2026-06-27 07:35:33,상가사무실,876198,임대,기타소매,광주광역시,남구,진월동,2000,140,0,0,101.68,30.76,1층,"광주대 정문 상권 위치, 가시성 뛰어난 진월동 1층 상가",https://www.zigbang.com/home/store/items/876198
2026-06-27 07:35:33,상가사무실,836574,임대,기타,광주광역시,남구,진월동,2000,150,0,0,62.96,19.05,지하1층,남구 진월동 즉시 입주가능한 신축 상가 임대,https://www.zigbang.com/home/store/items/836574
2026-06-27 07:35:33,상가사무실,836575,매매,기타,광주광역시,남구,진월동,0,0,50000,0,62.96,19.05,지하1층,남구 진월동 접근성 좋은 신축 상가 매매,https://www.zigbang.com/home/store/items/836575
2026-06-27 07:35:33,상가사무실,775445,임대,기타,광주광역시,남구,임암동,1000,40,0,0,33.06,10.0,2층,남구 임암동 접근성 좋은 대로변 2층상가,https://www.zigbang.com/home/store/items/775445
2026-06-27 07:35:33,상가사무실,756154,임대,기타,광주광역시,남구,임암동,2000,140,0,0,68.4,20.69,2층,깔끔한 시설 완비된 남구 임암동 공실 상가,https://www.zigbang.com/home/store/items/756154
2026-06-27 07:35:33,상가사무실,756603,임대,노래방/PC방/당구장/기타,광주광역시,남구,노대동,2000,80,0,4000,171.9,52.0,2층,"단골고객 보유, 깔끔한 시설 집기 완비된 남구 노대동 코인노래방",https://www.zigbang.com/home/store/items/756603
2026-06-27 07:35:33,상가사무실,721552,임대,기타,광주광역시,남구,진월동,2000,120,0,0,49.59,15.0,1층,"진월동 대학교 근처, 대로변 1층 상가",https://www.zigbang.com/home/store/items/721552
2026-06-27 07:35:33,상가사무실,721551,임대,기타,광주광역시,남구,진월동,3000,250,0,0,115.7,35.0,1층,"진월동 대학교 근처, 대로변 1층 상가",https://www.zigbang.com/home/store/items/721551
2026-06-27 07:35:33,상가사무실,704153,매매,가구/가전,광주광역시,남구,행암동,0,0,20000,0,105,31.76,4층,"주거지 상권, 수요도 많은 행암동 매장",https://www.zigbang.com/home/store/items/704153
2026-06-27 07:35:33,상가사무실,704154,매매,학원/학업관련,광주광역시,남구,행암동,0,0,30000,0,147.47,44.61,5층,"도로변 상권, 주목도 높은 행암동 매장",https://www.zigbang.com/home/store/items/704154
2026-06-27 07:35:33,상가사무실,939837,임대,미용/네일/피부관리,광주광역시,서구,쌍촌동,1000,90,0,1500,34.2,10.35,1층,"1인 미용실,헤어,저 비용 창업 가능 , 초역세권",https://www.zigbang.com/home/store/items/939837
2026-06-27 07:35:33,상가사무실,919283,임대,사무실,광주광역시,서구,매월동,2000,180,0,0,70.67,21.38,2층,사무실 임대,https://www.zigbang.com/home/store/items/919283
2026-06-27 07:35:33,상가사무실,894821,임대,일식/해산물,광주광역시,서구,치평동,15000,580,0,5000,115.7,35.0,1층,광주 상무지구 메인자리 오토매장 갯벌의조개,https://www.zigbang.com/home/store/items/894821
2026-06-27 07:35:33,상가사무실,887187,임대,퓨전/쌀국수,광주광역시,서구,쌍촌동,500,55,0,0,13.22,4.0,1층,"설비 완비, 즉시 입주가능한 쌍촌동 공유주방 임대",https://www.zigbang.com/home/store/items/887187
2026-06-27 07:35:33,상가사무실,916061,임대,기타,광주광역시,서구,치평동,2000,150,0,3000,149.74,45.3,3층,상무지구 합법적으로 운영하고있는 홀덤펍 양도합니다!,https://www.zigbang.com/home/store/items/916061
2026-06-27 07:35:33,상가사무실,904182,임대,기타,광주광역시,서구,쌍촌동,500,10,0,1300,16.53,5.0,1층,현 수선가계 인수인계해요.,https://www.zigbang.com/home/store/items/904182
2026-06-27 07:35:33,상가사무실,899094,임대,기타,광주광역시,서구,쌍촌동,3000,200,0,0,62.9,19.03,1층,상무센트럴자이 단지내상가 406호 임대합니다,https://www.zigbang.com/home/store/items/899094
2026-06-27 07:35:33,상가사무실,898683,임대,기타,광주광역시,서구,치평동,4000,190,0,500,42.98,13.0,1층,샐러디 광주상무점,https://www.zigbang.com/home/store/items/898683
2026-06-27 07:35:33,상가사무실,903165,임대,한식/고기집,광주광역시,서구,치평동,5000,400,0,5000,264.46,80.0,1층,상가내놓습니다,https://www.zigbang.com/home/store/items/903165
2026-06-27 07:35:33,상가사무실,892275,임대,요가/마사지,광주광역시,서구,치평동,1000,270,0,2000,143,43.26,4층,인천 서구 치평동 위치한 마사지 샵 임대,https://www.zigbang.com/home/store/items/892275
2026-06-27 07:35:33,상가사무실,553587,임대,사무실,광주광역시,서구,치평동,15190,282,0,0,201.7,61.01,5층,치평동 깔끔한 사무실 공실 안내,https://www.zigbang.com/home/store/items/553587
2026-06-27 07:35:33,상가사무실,887185,임대,퓨전/쌀국수,광주광역시,서구,쌍촌동,300,50,0,0,13.22,4.0,1층,"설비 완비, 즉시 입주가능한 쌍촌동 공유주방 임대",https://www.zigbang.com/home/store/items/887185
2026-06-27 07:35:33,상가사무실,887076,임대,기타,광주광역시,서구,쌍촌동,2000,100,0,0,48.77,14.75,2층,쌍촌역 역세권 접근성 좋은 쌍촌동 신축상가,https://www.zigbang.com/home/store/items/887076
2026-06-27 07:35:33,상가사무실,887075,임대,기타,광주광역시,서구,쌍촌동,2000,100,0,0,49.32,14.92,2층,쌍촌역 역세권 즉시입주 가능한 쌍촌동 신축상가,https://www.zigbang.com/home/store/items/887075
2026-06-27 07:35:33,상가사무실,885197,임대,한식/고기집,광주광역시,서구,치평동,5000,450,0,4000,214.88,65.0,2층,깔끔한 인테리어 및 시설 완비된 치평동 고깃집,https://www.zigbang.com/home/store/items/885197
2026-06-27 07:35:33,상가사무실,876684,임대,일식/해산물,광주광역시,서구,치평동,6000,560,0,25000,99.17,30.0,1층,"상무지구, 유동 인구 많은 치평동 조개요리집",https://www.zigbang.com/home/store/items/876684
2026-06-27 07:35:33,상가사무실,875642,임대,사무실,광주광역시,서구,치평동,500,60,0,0,66.12,20.0,8층,서구 치평동 즉시 입주가능한 사무실 임대,https://www.zigbang.com/home/store/items/875642
2026-06-27 07:35:33,상가사무실,875641,임대,사무실,광주광역시,서구,치평동,500,80,0,0,66.12,20.0,6층,서구 치평동 즉시 입주가능한 사무실 임대,https://www.zigbang.com/home/store/items/875641
2026-06-27 07:35:33,상가사무실,875639,임대,사무실,광주광역시,서구,치평동,3000,200,0,0,191.67,57.98,3층,서구 치평동 즉시 입주가능한 3층 사무실 임대,https://www.zigbang.com/home/store/items/875639
2026-06-27 07:35:33,상가사무실,875637,임대,사무실,광주광역시,서구,치평동,3000,200,0,0,191.67,57.98,2층,서구 치평동 즉시 입주가능한 2층 사무실 임대,https://www.zigbang.com/home/store/items/875637
2026-06-27 07:35:33,상가사무실,707726,임대,카페/커피,광주광역시,서구,금호동,5000,170,0,3000,42.98,13.0,1층,"대로변 코너 상권, 주목도 높은 금호동 매장",https://www.zigbang.com/home/store/items/707726
2026-06-27 07:35:33,상가사무실,859322,임대,기타주점,광주광역시,서구,치평동,4000,280,0,2500,84.3,25.5,지하1층,"시설집기 포함, 인테리어 완비된 치평동 노래주점",https://www.zigbang.com/home/store/items/859322
2026-06-27 07:35:33,상가사무실,842549,임대,기타,광주광역시,서구,금호동,600,70,0,5000,97.47,29.48,3층,"번화가 상권, 유동인구 많은 금호동 파티룸",https://www.zigbang.com/home/store/items/842549
2026-06-27 07:35:33,상가사무실,835704,임대,치킨/닭요리,광주광역시,서구,쌍촌동,2000,67,0,5800,82.64,25.0,1층,쌍촌동 주거밀집지역의 1층 치킨집,https://www.zigbang.com/home/store/items/835704
2026-06-27 07:35:33,상가사무실,832687,임대,사무실,광주광역시,서구,치평동,7520,94,0,0,148.76,45.0,5층,"서구 치평동, 상무역 인근 접근성 좋은 사무실",https://www.zigbang.com/home/store/items/832687
2026-06-27 07:35:33,상가사무실,832689,임대,사무실,광주광역시,서구,치평동,15040,188,0,0,294.21,89.0,7층,"서구 치평동, 상무역 인근 접근성 좋은 사무실",https://www.zigbang.com/home/store/items/832689
2026-06-27 07:35:33,상가사무실,828241,매매,기타,광주광역시,서구,매월동,0,0,45000,0,163.29,49.4,1층,"대로변 1층, 전편제 앞에 위치한 매월동 공실",https://www.zigbang.com/home/store/items/828241
2026-06-27 07:35:33,상가사무실,820031,임대,기타주점,광주광역시,서구,금호동,1500,110,0,2000,112.4,34.0,2층,"중심 상권, 유동인구 많은 2층 금호동 점포",https://www.zigbang.com/home/store/items/820031
2026-06-27 07:35:33,상가사무실,817059,임대,가구/가전,광주광역시,서구,풍암동,30000,300,0,0,283.95,85.89,2층,"무권리, 서구 풍암동 주택가상권에 위치한 2층 상가",https://www.zigbang.com/home/store/items/817059
2026-06-27 07:35:33,상가사무실,817056,임대,기타소매,광주광역시,서구,풍암동,100000,1500,0,0,797.44,241.22,1층,"무권리, 서구 풍암동 주택가상권에 위치한 1층 상가",https://www.zigbang.com/home/store/items/817056
2026-06-27 07:35:33,상가사무실,813351,임대,기타주점,광주광역시,서구,치평동,3000,300,0,7000,353.72,107.0,3층,번화가 상권 단골고객 많은 치평동 유흥주점,https://www.zigbang.com/home/store/items/813351
2026-06-27 07:35:33,상가사무실,810595,임대,학원/학업관련,광주광역시,서구,금호동,5000,190,0,2000,233.77,70.72,2층,"시설 집기포함, 인테리어 완비된 금호동 스터디카페",https://www.zigbang.com/home/store/items/810595
2026-06-27 07:35:33,상가사무실,799073,임대,미용/네일/피부관리,광주광역시,서구,마륵동,2000,120,0,7000,112.4,34.0,1층,마륵동 인테리어가 완비된 고급스러운 피부샵,https://www.zigbang.com/home/store/items/799073
2026-06-27 07:35:33,상가사무실,799117,임대,사무실,광주광역시,서구,치평동,24000,1200,0,0,846.28,256.0,8층,"치평동 상무지구, 뷰가 좋은 사무실",https://www.zigbang.com/home/store/items/799117
2026-06-27 07:35:33,상가사무실,782487,임대,기타,광주광역시,서구,치평동,10000,450,0,0,274.38,83.0,2층,"무권리, 넓은 면적의 치평동 2층 상가",https://www.zigbang.com/home/store/items/782487
2026-06-27 07:35:33,상가사무실,777669,임대,사무실,광주광역시,서구,치평동,3000,170,0,0,172.87,52.29,3층,깔끔한 치평동 사무실,https://www.zigbang.com/home/store/items/777669
2026-06-27 07:35:33,상가사무실,750713,임대,기타주점,광주광역시,서구,치평동,3000,330,0,3500,247.93,75.0,지하1층,치평동 시설 완비 된 넓은 평수의 단란 주점,https://www.zigbang.com/home/store/items/750713
2026-06-27 07:35:33,상가사무실,742021,임대,기타,광주광역시,서구,쌍촌동,4000,200,0,0,198.35,60.0,2층,서구 쌍촌동 대로변 접근성 좋은 2층 상가,https://www.zigbang.com/home/store/items/742021
2026-06-27 07:35:33,상가사무실,742024,임대,기타,광주광역시,서구,쌍촌동,1500,85,0,0,99.17,30.0,3층,서구 쌍촌동 대로변 상가 3층,https://www.zigbang.com/home/store/items/742024
2026-06-27 07:35:33,상가사무실,734285,매매,기타,광주광역시,서구,쌍촌동,0,0,260000,0,466.32,141.06,1층,"주거지 상권, 교통이 편리한 쌍촌동 건물 통매매",https://www.zigbang.com/home/store/items/734285
2026-06-27 07:35:33,상가사무실,728881,임대,치킨/닭요리,광주광역시,서구,쌍촌동,1000,67,0,5900,83.97,25.4,1층,"쌍촌동 인지도 높고 배달, 홀 가능한 치킨,피자 매장",https://www.zigbang.com/home/store/items/728881
2026-06-27 07:35:33,상가사무실,541839,임대,기타,광주광역시,서구,쌍촌동,1000,80,0,0,49.6,15.0,1층,골목 사거리 코너 1층 가시성 좋은 쌍촌동 도서 대여점 매물,https://www.zigbang.com/home/store/items/541839
2026-06-27 07:35:33,상가사무실,729417,임대,베이커리,광주광역시,서구,쌍촌동,2000,120,0,3500,55.53,16.8,1층,"도로변 상권, 주목도 높은 쌍촌동 매장",https://www.zigbang.com/home/store/items/729417
2026-06-27 07:35:33,상가사무실,716857,임대,패스트푸드/피자,광주광역시,서구,치평동,700,70,0,1000,29.75,9.0,1층,서구 치평동  대형쇼핑 센터 내 1층 상가,https://www.zigbang.com/home/store/items/716857
2026-06-27 07:35:33,상가사무실,945087,임대,사무실,광주광역시,서구,내방동,1000,70,0,0,115.11,34.82,3층,사무실 천장형 냉난방기 무료 지원가능,https://www.zigbang.com/home/store/items/945087
2026-06-27 07:35:33,상가사무실,937958,임대,기타,광주광역시,서구,양동,3000,255,0,0,313.49,94.83,4층,돌고개역 인근 대로변 대형 공간 임대,https://www.zigbang.com/home/store/items/937958
2026-06-27 07:35:33,상가사무실,936248,임대,학원/학업관련,광주광역시,동구,호남동,1000,65,0,0,85.95,26.0,3층,최근 내외부 인테리어 완비된 사무실,https://www.zigbang.com/home/store/items/936248
2026-06-27 07:35:33,상가사무실,936198,임대,사무실,광주광역시,동구,호남동,1000,55,0,0,72.73,22.0,3층,리모델링완비된 실속있는 사무실,https://www.zigbang.com/home/store/items/936198
2026-06-27 07:35:33,상가사무실,936193,임대,기타,광주광역시,동구,수기동,2000,180,0,0,50.68,15.33,1층,주상복합 신축상가 ,https://www.zigbang.com/home/store/items/936193
2026-06-27 07:35:33,상가사무실,936190,임대,기타,광주광역시,동구,수기동,2000,100,0,0,30.55,9.24,1층,주상복합 신축 상가,https://www.zigbang.com/home/store/items/936190
2026-06-27 07:35:33,상가사무실,936153,임대,기타,광주광역시,동구,수기동,1000,60,0,0,33.06,10.0,1층,광주 천변 상가 임대,https://www.zigbang.com/home/store/items/936153
2026-06-27 07:35:33,상가사무실,936150,임대,기타소매,광주광역시,동구,수기동,2000,130,0,0,82.64,25.0,1층,"천변,주차 편리한 1층 상가임대",https://www.zigbang.com/home/store/items/936150
2026-06-27 07:35:33,상가사무실,936120,임대,미용/네일/피부관리,광주광역시,동구,수기동,2000,90,0,0,25.76,7.79,1층,광주천변 신축 주상복합 상가 임대,https://www.zigbang.com/home/store/items/936120
2026-06-27 07:35:33,상가사무실,936133,임대,기타,광주광역시,동구,수기동,1000,105,0,0,82.61,24.99,2층,"신축,2층,소형상가",https://www.zigbang.com/home/store/items/936133
2026-06-27 07:35:33,상가사무실,936111,임대,미용/네일/피부관리,광주광역시,남구,서동,1000,58,0,0,42.98,13.0,1층,대성초교 인근 주택가 상권 소형 상가 임대,https://www.zigbang.com/home/store/items/936111
2026-06-27 07:35:33,상가사무실,936104,임대,학원/학업관련,광주광역시,남구,서동,2500,150,0,0,199.2,60.26,3층,"대성초교인근,배후아파트,학원,독서실 모든업종가능",https://www.zigbang.com/home/store/items/936104
2026-06-27 07:35:33,상가사무실,935891,임대,기타,광주광역시,동구,금남로5가,1000,85,0,0,45,13.61,1층,금남로 인근 주차 편리한 소형 사무실,https://www.zigbang.com/home/store/items/935891
2026-06-27 07:35:33,상가사무실,900893,임대,기타,광주광역시,동구,수기동,2000,60,0,0,7.79,2.36,1층,렌탈프리가능 월세협의가능 신축상가 ,https://www.zigbang.com/home/store/items/900893
2026-06-27 07:35:33,상가사무실,928066,임대,기타소매,광주광역시,서구,내방동,2000,120,0,0,115.11,34.82,1층,쌍촌역 화정역 라인 대로변 1층 상가,https://www.zigbang.com/home/store/items/928066
2026-06-27 07:35:33,상가사무실,928070,임대,사무실,광주광역시,서구,내방동,1000,80,0,0,115.11,34.82,2층,화정역 쌍촌역 대로변 사무실 임대,https://www.zigbang.com/home/store/items/928070
2026-06-27 07:35:33,상가사무실,930389,임대,기타,광주광역시,동구,황금동,1000,70,0,0,170,51.42,4층,충장로 인근 신축급 리모델링 후 첫 입주,https://www.zigbang.com/home/store/items/930389
2026-06-27 07:35:33,상가사무실,923966,임대,의류/멀티샵,광주광역시,동구,황금동,3000,300,0,0,68,20.57,1층,"광주 충장로 중심상권 초입상권 , NC백화점 방면",https://www.zigbang.com/home/store/items/923966
2026-06-27 07:35:33,상가사무실,916842,임대,사무실,광주광역시,동구,금남로5가,300,31,0,0,52.89,16.0,2층,금남로 남선빌딩 2층 201호,https://www.zigbang.com/home/store/items/916842
2026-06-27 07:35:33,상가사무실,916845,임대,사무실,광주광역시,동구,금남로5가,1000,65,0,0,115.7,35.0,2층,금남로 남선빌딩 사무실 임대,https://www.zigbang.com/home/store/items/916845
2026-06-27 07:35:33,상가사무실,898179,매매,카페/커피,광주광역시,남구,주월동,0,0,22000,0,35.7,10.8,1층,광주 주월동 대로변 버스정류장앞 알짜 상가 헐값에 매매 합니다,https://www.zigbang.com/home/store/items/898179
2026-06-27 07:35:33,상가사무실,896925,임대,학원/학업관련,광주광역시,남구,서동,1000,70,0,500,176.76,53.47,3층,확장이전하게 되어 학원 매물 올립니다.,https://www.zigbang.com/home/store/items/896925
2026-06-27 07:35:33,상가사무실,897104,임대,일식/해산물,광주광역시,서구,풍암동,1500,110,0,3000,36.36,11.0,1층,룸이있는 식당,https://www.zigbang.com/home/store/items/897104
2026-06-27 07:35:33,상가사무실,896131,임대,기타,광주광역시,남구,월산동,500,35,0,0,39.67,12.0,1층,조용한주택가  교통편리,https://www.zigbang.com/home/store/items/896131
2026-06-27 07:35:33,상가사무실,901367,임대,기타,광주광역시,동구,황금동,3500,170,0,0,241.32,73.0,3층,접근성이 좋고 대중교통이 편리하고 충장로 상권이 가깝습니다,https://www.zigbang.com/home/store/items/901367
2026-06-27 07:35:33,상가사무실,901373,임대,기타,광주광역시,동구,황금동,3500,160,0,0,241.32,73.0,4층,접근성이 좋고 대중교통이 편리하고 충장로 상권이 가깝습니다,https://www.zigbang.com/home/store/items/901373
2026-06-27 07:35:33,상가사무실,901375,임대,기타,광주광역시,동구,황금동,350,160,0,0,234.71,71.0,5층,접근성이 좋고 대중교통이 편리하고 충장로 상권이 가깝습니다,https://www.zigbang.com/home/store/items/901375
2026-06-27 07:35:33,상가사무실,901323,임대,기타,광주광역시,동구,황금동,15000,1500,0,0,204.96,62.0,1층,"접근성이 뛰어나고,대중교통 편리, 대로변이고, 충장로 인접",https://www.zigbang.com/home/store/items/901323
2026-06-27 07:35:33,상가사무실,895554,임대,기타,광주광역시,서구,화정동,1000,60,0,0,56.2,17.0,1층,점포전면이 넓게도로면에접함,https://www.zigbang.com/home/store/items/895554
2026-06-27 07:35:33,상가사무실,903789,임대,사무실,광주광역시,북구,누문동,8200,820,0,0,561.98,170.0,10층,💕금남로5가 I 대형사무실 I 무권리 I 깨끗한 사무실 추천,https://www.zigbang.com/home/store/items/903789
2026-06-27 07:35:33,상가사무실,673397,임대,치킨/닭요리,광주광역시,서구,풍암동,1000,62,0,3900,39.67,12.0,1층,단골고객 많은 풍암동 치킨집,https://www.zigbang.com/home/store/items/673397
2026-06-27 07:35:33,상가사무실,890506,임대,기타,광주광역시,서구,화정동,1000,80,0,0,29,8.77,1층,광주 서구 화정동 신축 상가 임대,https://www.zigbang.com/home/store/items/890506
2026-06-27 07:35:33,상가사무실,773595,임대,기타,광주광역시,북구,북동,3000,150,0,0,106.31,32.16,2층,현대적 감각의 건물모양이 수려한 3면이 통유리로된 신축 상가,https://www.zigbang.com/home/store/items/773595
2026-06-27 07:35:33,상가사무실,884919,임대,퓨전/쌀국수,광주광역시,서구,화정동,2000,85,0,1000,49.59,15.0,1층,서구 화정동 접근성좋은 1층 상가 임대 ,https://www.zigbang.com/home/store/items/884919
2026-06-27 07:35:33,상가사무실,880310,임대,분식,광주광역시,남구,주월동,2300,135,0,1500,26.45,8.0,1층,깔끔한 인테리어 및 시설 완비된 주월동 1층 떡볶이전문점,https://www.zigbang.com/home/store/items/880310
2026-06-27 07:35:33,상가사무실,878686,임대,기타소매,광주광역시,동구,금남로5가,2000,116,0,0,47.47,14.36,1층,"무권리, 역세권 위치, 즉시입주가능한 금남로5가 1층 상가",https://www.zigbang.com/home/store/items/878686
2026-06-27 07:35:33,상가사무실,874956,매매,카페/커피,광주광역시,서구,풍암동,0,0,13000,0,43.2,13.07,2층,급매 배후수요 풍부한 풍암동 아파트 단지내 상가 매매,https://www.zigbang.com/home/store/items/874956
2026-06-27 07:35:33,상가사무실,871749,임대,한식/고기집,광주광역시,남구,진월동,6000,543,0,3000,96.03,29.05,1층,남구 진월동 위치좋은 대로변 1층 상가 임대,https://www.zigbang.com/home/store/items/871749
2026-06-27 07:35:33,상가사무실,729047,임대,기타,광주광역시,서구,화정동,600,45,0,0,33.06,10.0,1층,"네일아트샵 추천, 주택가에 위치한 광주광역시 화정동 공실",https://www.zigbang.com/home/store/items/729047
2026-06-27 07:35:33,상가사무실,868922,임대,사무실,광주광역시,동구,금남로5가,17057,860,0,0,733.88,222.0,1층,"역세권 위치, 접근성 및 가시성 우수한 금남로5가 1,2층 사무실",https://www.zigbang.com/home/store/items/868922
2026-06-27 07:35:33,상가사무실,868915,임대,사무실,광주광역시,동구,금남로5가,3490,96,0,0,125.62,38.0,4층,"역세권 위치, 접근성 우수한 금남로5가 4층 사무실",https://www.zigbang.com/home/store/items/868915
2026-06-27 07:35:33,상가사무실,868911,임대,사무실,광주광역시,동구,금남로5가,4492,124,0,0,165.29,50.0,5층,"역세권 위치, 접근성 우수한 금남로5가 5층 사무실",https://www.zigbang.com/home/store/items/868911
2026-06-27 07:35:33,상가사무실,868695,임대,사무실,광주광역시,동구,충장로4가,1000,40,0,0,86.94,26.3,3층,"역세권 위치, 즉시입주가능한 금남로4가 3층 사무실",https://www.zigbang.com/home/store/items/868695
2026-06-27 07:35:33,상가사무실,595436,임대,기타,광주광역시,동구,금남로5가,3000,170,0,0,165.3,50.0,4층,"대로변 상권, 주목도 높은 금남로 공실",https://www.zigbang.com/home/store/items/595436
2026-06-27 07:35:33,상가사무실,838977,임대,일식/해산물,광주광역시,남구,주월동,3000,150,0,0,77.58,23.47,1층,"무권리, 남구 주월동 접근성 우수한 1층 상가",https://www.zigbang.com/home/store/items/838977
2026-06-27 07:35:33,상가사무실,845798,임대,기타,광주광역시,서구,농성동,1500,120,0,0,132.23,40.0,3층,"대로변 3층, 농성광장 인근에 위치한 농성동 공실",https://www.zigbang.com/home/store/items/845798
2026-06-27 07:35:33,상가사무실,844077,임대,기타소매,광주광역시,서구,화정동,2000,130,0,2000,32.85,9.94,1층,화정동 도로변에 위치한 가시성 뛰어난 1층 단지내 상가,https://www.zigbang.com/home/store/items/844077
2026-06-27 07:35:33,상가사무실,842216,임대,기타,광주광역시,남구,양림동,1000,130,0,2500,56.43,17.07,1층,양림동 분위기 있는 한옥 양식의 1층 건물 통임대,https://www.zigbang.com/home/store/items/842216
2026-06-27 07:35:33,상가사무실,820629,임대,사무실,광주광역시,동구,금남로5가,300,25,0,0,52.89,16.0,3층,"대로변, 주목도 높은 금남로5가 3층 사무실",https://www.zigbang.com/home/store/items/820629
2026-06-27 07:35:33,상가사무실,651324,임대,카페/커피,광주광역시,남구,월산동,2000,80,0,0,56.2,17.0,1층,광주 남구 월산동 리모델링 공실,https://www.zigbang.com/home/store/items/651324
2026-06-27 07:35:33,상가사무실,826095,매매,기타주점,광주광역시,서구,화정동,0,0,32000,0,51.74,15.65,1층,"프렌차이즈 호프집 양도양수,  화정동 단지 내  상가매매",https://www.zigbang.com/home/store/items/826095
2026-06-27 07:35:33,상가사무실,825753,임대,,광주광역시,남구,월산동,2000,150,0,2200,136.23,41.21,지하1층,"남구 월산동, 대로변 위치, 인테리어 완비된 노래방",https://www.zigbang.com/home/store/items/825753
2026-06-27 07:35:33,상가사무실,821572,임대,사무실,광주광역시,동구,금남로5가,300,37,0,0,52.89,16.0,2층,"대로변, 주목도 높은 금남로5가 2층 사무실",https://www.zigbang.com/home/store/items/821572
2026-06-27 07:35:33,상가사무실,822809,매매,사무실,광주광역시,동구,수기동,0,0,8000,0,71.25,21.55,2층,"교통 편리, 즉시입주가능, 깔끔한 수기동 2층 사무실 매매",https://www.zigbang.com/home/store/items/822809
2026-06-27 07:35:33,상가사무실,820616,임대,사무실,광주광역시,동구,금남로5가,300,32,0,0,66.12,20.0,2층,"대로변, 주목도 높은 금남로5가 2층 사무실",https://www.zigbang.com/home/store/items/820616
2026-06-27 07:35:33,상가사무실,820621,임대,사무실,광주광역시,동구,금남로5가,300,30,0,0,62.81,19.0,2층,"대로변, 주목도 높은 금남로5가 2층 사무실",https://www.zigbang.com/home/store/items/820621
2026-06-27 07:35:33,상가사무실,820623,임대,사무실,광주광역시,동구,금남로5가,300,37,0,0,76.03,23.0,7층,"대로변, 주목도 높은 금남로5가 7층 사무실",https://www.zigbang.com/home/store/items/820623
2026-06-27 07:35:33,상가사무실,820625,임대,사무실,광주광역시,동구,금남로5가,300,32,0,0,66.12,20.0,5층,"대로변, 주목도 높은 금남로5가 5층 사무실",https://www.zigbang.com/home/store/items/820625
2026-06-27 07:35:33,상가사무실,822616,임대,사무실,광주광역시,서구,농성동,1000,120,0,0,132.23,40.0,3층,"대로변, 주목도 높은 3층 능성동 사무실",https://www.zigbang.com/home/store/items/822616
2026-06-27 07:35:33,상가사무실,792207,매매,기타,광주광역시,서구,양동,0,0,27000,0,64.8,19.6,1층,서구 양동 투자가치 좋은  상가 주택 매매,https://www.zigbang.com/home/store/items/792207
2026-06-27 07:35:33,상가사무실,816949,임대,의류/멀티샵,광주광역시,서구,화정동,2000,60,0,500,19.92,6.03,1층,"서구 화정동, 주택가상권에 위치한 1층 여성의류판매점",https://www.zigbang.com/home/store/items/816949
2026-06-27 07:35:33,상가사무실,722308,매매,기타,광주광역시,남구,주월동,0,0,99500,0,110.48,33.42,2층,주월동 대로변에 있어 노출 홍보에 좋은 상가,https://www.zigbang.com/home/store/items/722308
2026-06-27 07:35:33,상가사무실,804359,임대,기타,광주광역시,남구,진월동,2000,100,0,0,87.3,26.41,6층,남구 진월동 즉시 입주가능한 6층 구분상가,https://www.zigbang.com/home/store/items/804359
2026-06-27 07:35:33,상가사무실,796849,임대,골프/헬스,광주광역시,남구,진월동,1000,70,0,0,33.06,10.0,1층,"단지 내 상가, 무권리 진월동 골프연습장",https://www.zigbang.com/home/store/items/796849
2026-06-27 07:35:33,상가사무실,784583,매매,학원/학업관련,광주광역시,남구,양림동,0,0,11000,0,52.92,16.01,2층,"주택밀집 지역, 대단지 아파트 상가 양림동 학원",https://www.zigbang.com/home/store/items/784583
2026-06-27 07:35:33,상가사무실,740125,임대,기타,광주광역시,서구,화정동,2000,120,0,0,92.56,28.0,3층,서구 화정동 접근성 좋은 3층 상가,https://www.zigbang.com/home/store/items/740125
2026-06-27 07:35:33,상가사무실,737614,임대,사무실,광주광역시,동구,충장로4가,3000,70,0,0,90.33,27.32,2층,충장로4가 역세권에 위치한 넓은 평수의  사무실,https://www.zigbang.com/home/store/items/737614
2026-06-27 07:35:33,상가사무실,733805,매매,기타,광주광역시,서구,화정동,0,0,482000,0,1311.45,396.71,1층,"역세권 상권, 주목도 높은 화정동 건물 통매매",https://www.zigbang.com/home/store/items/733805
2026-06-27 07:35:33,상가사무실,730103,임대,카페/커피,광주광역시,동구,불로동,6000,660,0,1000,262.6,79.44,1층,"도로변 코너 상권, 주목도 높은 불로동 카페",https://www.zigbang.com/home/store/items/730103
2026-06-27 07:35:33,상가사무실,729061,임대,의류/멀티샵,광주광역시,서구,화정동,1000,120,0,1700,49.59,15.0,1층,유동인구 많고 인테리어 예쁜 화정동 의류판매점,https://www.zigbang.com/home/store/items/729061
2026-06-27 07:35:33,상가사무실,724827,임대,사무실,광주광역시,동구,호남동,1000,50,0,0,108.05,32.68,지하1층,호남동 대로변에 위치한 지층 사무실,https://www.zigbang.com/home/store/items/724827
2026-06-27 07:35:33,상가사무실,724828,임대,사무실,광주광역시,동구,호남동,1000,70,0,0,120.17,36.35,3층,호남동 대로변에 위치한 3층 사무실,https://www.zigbang.com/home/store/items/724828
2026-06-27 07:35:33,상가사무실,528215,임대,가구/가전,광주광역시,남구,봉선동,3000,150,0,0,26.4,7.99,1층,★봉선동 야채가게 매물입니다.★,https://www.zigbang.com/home/store/items/528215
2026-06-27 07:35:33,상가사무실,699744,임대,사무실,광주광역시,남구,월산동,500,70,0,0,85,25.71,3층,"대로변 상권, 주목도 높은 월산동 공실 사무실",https://www.zigbang.com/home/store/items/699744
2026-06-27 07:35:36,상가사무실,928072,임대,사무실,광주광역시,동구,월남동,2000,100,0,0,181.82,55.0,2층,"인테리어 완비된 대형사무실 주차,엘베있음",https://www.zigbang.com/home/store/items/928072
2026-06-27 07:35:36,상가사무실,928060,임대,기타,광주광역시,동구,월남동,2000,150,0,0,132.23,40.0,1층,"월남동 주차편리,인근아파트단지 상권 내 1층상가",https://www.zigbang.com/home/store/items/928060
2026-06-27 07:35:36,상가사무실,928062,임대,기타,광주광역시,동구,월남동,2000,140,0,0,132.23,40.0,1층,월남동 주차편리한 1층 상가,https://www.zigbang.com/home/store/items/928062
2026-06-27 07:35:36,상가사무실,783665,임대,기타,광주광역시,동구,운림동,3000,120,0,0,182.82,55.3,2층,동구 운림동 접근성 좋은  2층 상가,https://www.zigbang.com/home/store/items/783665
2026-06-27 07:35:36,상가사무실,939957,임대,기타,광주광역시,동구,남동,500,90,0,0,179.5,54.3,1층,대로변 시안성 좋은 건물 전체 임대,https://www.zigbang.com/home/store/items/939957
2026-06-27 07:35:36,상가사무실,939961,임대,카페/커피,광주광역시,동구,서석동,5000,400,0,0,161.62,48.89,1층,"동구청앞,전남대학병원 사거리 코너상가임대",https://www.zigbang.com/home/store/items/939961
2026-06-27 07:35:36,상가사무실,939258,임대,사무실,광주광역시,동구,금남로2가,14000,690,0,0,678.3,205.18,5층,"무권리,금남로사무실,역세권,주차장,주차타워완비",https://www.zigbang.com/home/store/items/939258
2026-06-27 07:35:36,상가사무실,923970,임대,카페/커피,광주광역시,동구,충장로1가,3000,250,0,0,147.53,44.63,2층,"냉난방기완비,문화전당인근,2,3층연층임대매물(분할가능)",https://www.zigbang.com/home/store/items/923970
2026-06-27 07:35:36,상가사무실,935495,임대,기타소매,광주광역시,동구,남동,1000,42,0,0,39.67,12.0,1층,전남대학병원인근 대로변 소형 상가,https://www.zigbang.com/home/store/items/935495
2026-06-27 07:35:36,상가사무실,935489,임대,카페/커피,광주광역시,동구,서석동,0,125,0,0,23.14,7.0,1층,"전남대학교병원인근,소형매장,연납조건",https://www.zigbang.com/home/store/items/935489
2026-06-27 07:35:36,상가사무실,935390,임대,퓨전/쌀국수,광주광역시,동구,충장로3가,3000,250,0,0,124.95,37.8,1층,"충장로 3가,음식점 설비 완비,냉난방기 완비",https://www.zigbang.com/home/store/items/935390
2026-06-27 07:35:36,상가사무실,873066,임대,사무실,광주광역시,동구,지산동,1000,75,0,0,66.12,20.0,4층,광주지방법원 옆 즉시입주 가능한 지산동 사무실,https://www.zigbang.com/home/store/items/873066
2026-06-27 07:35:36,상가사무실,930949,임대,사무실,광주광역시,동구,금남로4가,1100,180,0,0,234.55,70.95,2층,금남로 대로변 초역세권 사무실임대,https://www.zigbang.com/home/store/items/930949
2026-06-27 07:35:36,상가사무실,928627,임대,기타,광주광역시,동구,지산동,1000,60,0,400,36.36,11.0,1층,"시설완비,배달전문,음식점설비",https://www.zigbang.com/home/store/items/928627
2026-06-27 07:35:36,상가사무실,926159,임대,사무실,광주광역시,동구,금남로3가,5000,410,0,0,378.23,114.41,3층,금남로대로변사무실&학원기재변경완료 학원가능,https://www.zigbang.com/home/store/items/926159
2026-06-27 07:35:36,상가사무실,926154,임대,기타,광주광역시,동구,금남로1가,3000,250,0,0,302.6,91.54,2층,"문화전당인근,대형상가임대",https://www.zigbang.com/home/store/items/926154
2026-06-27 07:35:36,상가사무실,926138,임대,학원/학업관련,광주광역시,동구,궁동,2000,180,0,0,371.4,112.35,3층,학원연층임대,https://www.zigbang.com/home/store/items/926138
2026-06-27 07:35:36,상가사무실,915352,임대,의류/멀티샵,광주광역시,동구,불로동,1000,100,0,0,33.06,10.0,1층,인테리어 완비된 실속있는 매물,https://www.zigbang.com/home/store/items/915352
2026-06-27 07:35:36,상가사무실,907554,임대,미용/네일/피부관리,광주광역시,동구,황금동,3000,220,0,1500,271,81.98,2층,충장로 중심지 내부넓은 미용실,https://www.zigbang.com/home/store/items/907554
2026-06-27 07:35:36,상가사무실,898288,임대,사무실,광주광역시,동구,지산동,1000,55,0,0,76.03,23.0,2층,버스 정류장 바로 앞 위치 상가 ,https://www.zigbang.com/home/store/items/898288
2026-06-27 07:35:36,상가사무실,906031,임대,사무실,광주광역시,동구,금남로3가,3000,240,0,0,232.4,70.3,9층,금남로 메인도로 업무시설,https://www.zigbang.com/home/store/items/906031
2026-06-27 07:35:36,상가사무실,904760,매매,기타,광주광역시,동구,불로동,0,0,330000,0,737,222.94,4층,불로동 웨딩의거리 상가건물 매매,https://www.zigbang.com/home/store/items/904760
2026-06-27 07:35:36,상가사무실,891869,임대,기타,광주광역시,동구,남동,3000,120,0,0,72.73,22.0,1층,광주 문화전당역 도보권 즉시 입주 가능한 공실 임대,https://www.zigbang.com/home/store/items/891869
2026-06-27 07:35:36,상가사무실,891470,임대,기타,광주광역시,동구,용산동,2000,120,0,0,43.31,13.1,1층,광주 동구 용산동 조은프라자 1층 공실 상가 임대,https://www.zigbang.com/home/store/items/891470
2026-06-27 07:35:36,상가사무실,886925,임대,기타,광주광역시,동구,궁동,2000,70,0,0,164.81,49.85,4층,동구 궁동 즉시입주 가능한 대로변 상가 4층 임대,https://www.zigbang.com/home/store/items/886925
2026-06-27 07:35:36,상가사무실,886924,임대,기타,광주광역시,동구,궁동,2000,80,0,0,164.81,49.85,3층,동구 궁동 접근성좋은 대로변 3층상가 임대,https://www.zigbang.com/home/store/items/886924
2026-06-27 07:35:36,상가사무실,886927,매매,기타,광주광역시,동구,궁동,0,0,110000,0,988.11,298.9,4층,동구 궁동 임차중인 대로변 근생건물 매매,https://www.zigbang.com/home/store/items/886927
2026-06-27 07:35:36,상가사무실,886920,임대,학원/학업관련,광주광역시,동구,궁동,2000,100,0,0,164.81,49.85,2층,동구 궁동 위치좋은 대로변 2층 상가 임대,https://www.zigbang.com/home/store/items/886920
2026-06-27 07:35:36,상가사무실,882298,임대,의류/멀티샵,광주광역시,동구,장동,2000,100,0,200,45,13.61,2층,동구 장동 성업중인 의류 판매점 임대,https://www.zigbang.com/home/store/items/882298
2026-06-27 07:35:36,상가사무실,879736,임대,가구/가전,광주광역시,동구,지산동,2000,125,0,0,149.94,45.36,2층,"무권리, 조선대 대학가상권에 위치한 지산동 2층 상가",https://www.zigbang.com/home/store/items/879736
2026-06-27 07:35:36,상가사무실,879738,임대,사무실,광주광역시,동구,학동,2000,44,0,0,106.77,32.3,3층,"학동 대로변 위치, 가시성 우수한 3층 공실",https://www.zigbang.com/home/store/items/879738
2026-06-27 07:35:36,상가사무실,879735,임대,기타소매,광주광역시,동구,지산동,3000,93,0,0,53.04,16.04,1층,"무권리, 조선대 대학가상권에 위치한 지산동 1층 상가",https://www.zigbang.com/home/store/items/879735
2026-06-27 07:35:36,상가사무실,878692,임대,기타소매,광주광역시,동구,지산동,1000,46,0,0,27.04,8.18,1층,"무권리, 조선대 대학가상권 위치, 지산동 1층 상가",https://www.zigbang.com/home/store/items/878692
2026-06-27 07:35:36,상가사무실,872704,임대,사무실,광주광역시,동구,지산동,1000,55,0,0,77.28,23.38,2층,동구 지산동 접근성 좋은 2층 사무실 임대,https://www.zigbang.com/home/store/items/872704
2026-06-27 07:35:36,상가사무실,869224,임대,기타,광주광역시,동구,충장로3가,500,50,0,0,151.4,45.8,4층,중심상권 유동인구 풍부한 충장로3가 4층 상가,https://www.zigbang.com/home/store/items/869224
2026-06-27 07:35:36,상가사무실,869223,임대,기타,광주광역시,동구,충장로3가,1000,100,0,0,151.4,45.8,3층,충장로 메인상권 유동인구 많은 충장로3가 3층 상가,https://www.zigbang.com/home/store/items/869223
2026-06-27 07:35:36,상가사무실,869207,매매,기타,광주광역시,동구,용산동,0,0,26000,0,29.74,9.0,1층,아파트 단지 맞은편 즉시입주 가능한 용산동 1층 코너상가 매매,https://www.zigbang.com/home/store/items/869207
2026-06-27 07:35:36,상가사무실,869208,매매,기타,광주광역시,동구,용산동,0,0,24000,0,29.28,8.86,1층,아파트 단지 맞은편 즉시입주 가능한 용산동 1층 상가 매매,https://www.zigbang.com/home/store/items/869208
2026-06-27 07:35:36,상가사무실,858001,임대,기타,광주광역시,동구,충장로3가,2000,200,0,0,151.4,45.8,2층,"동구 충장로3가 무권리, 위치 좋은 2층 상가 임대",https://www.zigbang.com/home/store/items/858001
2026-06-27 07:35:36,상가사무실,863106,임대,기타,광주광역시,동구,금남로1가,2000,285,0,2000,289.15,87.47,3층,"금남로1가 역세권, 접근성 훌륭한 사진스튜디오",https://www.zigbang.com/home/store/items/863106
2026-06-27 07:35:36,상가사무실,844447,임대,사무실,광주광역시,동구,금남로3가,5000,415,0,0,347.91,105.24,4층,"동구 금남로, 접근성 탁월한 신규 리모델링 대형 사무실",https://www.zigbang.com/home/store/items/844447
2026-06-27 07:35:36,상가사무실,844450,임대,사무실,광주광역시,동구,금남로3가,5000,415,0,0,347.91,105.24,7층,"동구 금남로, 접근성 탁월한 신규 리모델링 대형 사무실",https://www.zigbang.com/home/store/items/844450
2026-06-27 07:35:36,상가사무실,844449,임대,사무실,광주광역시,동구,금남로3가,5000,415,0,0,376.86,114.0,6층,"동구 금남로, 접근성 탁월한 신규 리모델링 114평 대형 사무실",https://www.zigbang.com/home/store/items/844449
2026-06-27 07:35:36,상가사무실,844448,임대,사무실,광주광역시,동구,금남로3가,5000,415,0,0,376.86,114.0,5층,"동구 금남로, 접근성 탁월한 신규 리모델링 114평 대형 사무실",https://www.zigbang.com/home/store/items/844448
2026-06-27 07:35:36,상가사무실,837441,매매,카페/커피,광주광역시,동구,동명동,0,0,37000,0,64.44,19.49,1층,동명동  핫한 카페 및 식당 형성 거리 단층건물 매매,https://www.zigbang.com/home/store/items/837441
2026-06-27 07:35:36,상가사무실,835915,임대,한식/고기집,광주광역시,동구,대인동,2000,101,0,500,786.45,237.9,지하1층,동구 대인동 오랜 영업으로 단골이 많은 지층 상가,https://www.zigbang.com/home/store/items/835915
2026-06-27 07:35:36,상가사무실,822525,임대,기타,광주광역시,동구,학동,2500,140,0,0,166.27,50.3,1층,공간활용도 높은 학동 1층 상가,https://www.zigbang.com/home/store/items/822525
2026-06-27 07:35:36,상가사무실,821435,임대,사무실,광주광역시,동구,금남로4가,1000,98,0,0,72.73,22.0,22층,접근성 좋은 초역세권 금남로4가 오피스텔,https://www.zigbang.com/home/store/items/821435
2026-06-27 07:35:36,상가사무실,765547,임대,한식/고기집,광주광역시,동구,지산동,3000,160,0,3000,160,48.4,1층,"대학가 상권, 매출 보장된 동구 지산동 한식점",https://www.zigbang.com/home/store/items/765547
2026-06-27 07:35:36,상가사무실,780809,임대,의류/멀티샵,광주광역시,동구,충장로3가,40000,2300,0,0,935.04,282.85,1층,"충장로 3가 중심 상권에 위치한 1, 2, 3층 상가",https://www.zigbang.com/home/store/items/780809
2026-06-27 07:35:36,상가사무실,776891,임대,카페/커피,광주광역시,동구,대의동,3000,220,0,6000,158.68,48.0,1층,동구 대의동  접근성좋은 1층 상가,https://www.zigbang.com/home/store/items/776891
2026-06-27 07:35:36,상가사무실,765399,매매,기타,광주광역시,동구,충장로1가,0,0,300000,0,866.31,262.06,1층,"충장로1가 역세권 위치, 임대 수익에 좋은 건물 전체 매매",https://www.zigbang.com/home/store/items/765399
2026-06-27 07:35:36,상가사무실,763342,임대,카페/커피,광주광역시,동구,지산동,3500,180,0,12000,307.44,93.0,2층,"지산동 인테리어, 시설 잘 되어 있는 2층 카페",https://www.zigbang.com/home/store/items/763342
2026-06-27 07:35:36,상가사무실,753747,임대,퓨전/쌀국수,광주광역시,동구,학동,2000,95,0,600,39.67,12.0,1층,"학동 전남대학교 병원 바로 앞, 대로변 1층에 위치한 죽 전문점",https://www.zigbang.com/home/store/items/753747
2026-06-27 07:35:36,상가사무실,753405,매매,가구/가전,광주광역시,동구,금남로5가,0,0,10000,0,18.3,5.54,1층,금남로5가 소매점으로 임대 좋은 건물 통매매,https://www.zigbang.com/home/store/items/753405
2026-06-27 07:35:36,상가사무실,733228,매매,한식/고기집,광주광역시,동구,지산동,0,0,153000,0,106.7,32.28,1층,지산동 무등산 보리밥거리에 위치한 1층 음식점,https://www.zigbang.com/home/store/items/733228
2026-06-27 07:35:36,상가사무실,739291,임대,카페/커피,광주광역시,동구,지산동,3000,150,0,4000,82.64,25.0,1층,동구 지산동 도로변 1층 상가,https://www.zigbang.com/home/store/items/739291
2026-06-27 07:35:36,상가사무실,724826,임대,기타주점,광주광역시,동구,금동,2000,250,0,0,76.03,23.0,1층,금동 유동 인구 많은 번화가 상권 1층 상가,https://www.zigbang.com/home/store/items/724826
2026-06-27 07:35:36,상가사무실,690145,임대,사무실,광주광역시,동구,지산동,2000,120,0,0,119.01,36.0,2층,광주지방법원 인근에 위치한 주목도 높은 지산동 사무실,https://www.zigbang.com/home/store/items/690145
2026-06-27 07:35:36,상가사무실,674685,임대,한식/고기집,광주광역시,동구,지산동,1000,65,0,3300,62.81,19.0,2층,"시설 집기 포함, 지산동 상가",https://www.zigbang.com/home/store/items/674685
2026-06-27 07:36:20,상가사무실,859097,매매,기타,경상남도,거제시,남부면,0,0,53000,0,268.23,81.14,1층,"남부면 다포리, 다대다포항 선착장 입구 앞 상가 건물 통매매",https://www.zigbang.com/home/store/items/859097
2026-06-27 07:36:24,상가사무실,893112,임대,사무실,경상남도,거제시,고현동,400,40,0,0,39.67,12.0,1층,고현 중심가 1층 다용도 사무실,https://www.zigbang.com/home/store/items/893112
2026-06-27 07:36:24,상가사무실,893108,임대,사무실,경상남도,거제시,고현동,1200,120,0,0,109.09,33.0,1층,"고현시장, 시청, 세무서 인근 1층 상가 임대",https://www.zigbang.com/home/store/items/893108
2026-06-27 07:36:24,상가사무실,883878,임대,기타,경상남도,거제시,고현동,20000,450,0,0,451.8,136.67,2층,"중심상권, 유동인구 많은 고현동 상가 2층 3층 동시임대",https://www.zigbang.com/home/store/items/883878
2026-06-27 07:36:24,상가사무실,883877,임대,기타,경상남도,거제시,고현동,10000,250,0,0,225.9,68.33,2층,대로변 코너 노출도 좋은 고현동 2층 상가,https://www.zigbang.com/home/store/items/883877
2026-06-27 07:36:24,상가사무실,883876,임대,기타,경상남도,거제시,고현동,10000,200,0,0,225.9,68.33,3층,"중심상권, 유동인구 많은 고현동 3층 공실",https://www.zigbang.com/home/store/items/883876
2026-06-27 07:36:24,상가사무실,865188,임대,기타,경상남도,거제시,고현동,10000,700,0,0,389.12,117.71,1층,"고현동 거제 법원 앞, 즉시 입주 가능한 1층 공실",https://www.zigbang.com/home/store/items/865188
2026-06-27 07:36:24,상가사무실,858441,매매,숙박/펜션,경상남도,거제시,장평동,0,0,140000,0,958.68,290.0,8층,위치 좋은 장평동 모텔 매매,https://www.zigbang.com/home/store/items/858441
2026-06-27 07:36:24,상가사무실,823819,임대,학원/학업관련,경상남도,거제시,고현동,5000,100,0,0,161.98,49.0,4층,월세 평당 2.02만원으로 저렴한 4층 고현동 학원,https://www.zigbang.com/home/store/items/823819
2026-06-27 07:36:24,상가사무실,811222,매매,가구/가전,경상남도,거제시,고현동,0,0,150000,0,942.48,285.1,1층,"거제시청 바로 앞 위치, 고현동 도로변에 위치한 건물 1,2,3층 통매매",https://www.zigbang.com/home/store/items/811222
2026-06-27 07:36:24,상가사무실,766045,임대,사무실,경상남도,거제시,상동동,2000,45,0,0,76.03,23.0,2층,거제 상동동에 위치한 접근성 좋은 2층 사무실,https://www.zigbang.com/home/store/items/766045
2026-06-27 07:36:24,상가사무실,743035,임대,기타주점,경상남도,거제시,장평동,1000,120,0,1500,99.17,30.0,2층,"주거지 상권, 수요도 많은 장평동 매장",https://www.zigbang.com/home/store/items/743035
2026-06-27 07:36:24,상가사무실,477878,임대,기타,경상남도,거제시,장평동,3000,120,0,0,132.2,39.99,4층,"장평동 매물 , 공실 , 근린상가 , 아파트 밀접지역",https://www.zigbang.com/home/store/items/477878
2026-06-27 07:36:24,상가사무실,692284,임대,기타,경상남도,거제시,고현동,3000,200,0,0,254.55,77.0,5층,무권리 고현동 공실 상가,https://www.zigbang.com/home/store/items/692284
2026-06-27 07:36:24,상가사무실,690202,매매,기타,경상남도,거제시,장평동,0,0,32000,0,132.23,40.0,4층,유동 인구 많은 거리의 장평동 스터디카페,https://www.zigbang.com/home/store/items/690202
2026-06-27 07:36:24,상가사무실,681833,임대,기타,경상남도,거제시,장평동,3000,150,0,200,99,29.95,1층,"대로변 1층, 주목도 높은 장평동 1층 공실 상가",https://www.zigbang.com/home/store/items/681833
2026-06-27 07:36:24,상가사무실,949842,임대,퓨전/쌀국수,경상남도,거제시,상동동,1000,95,0,0,57.88,17.51,1층,상동동 대로변 1층 상가🔥권리금 없음🔥주차 편리,https://www.zigbang.com/home/store/items/949842
2026-06-27 07:36:24,상가사무실,736210,임대,기타,경상남도,거제시,양정동,2000,100,0,3500,161.98,49.0,3층,거제시 양정동 대로변 2층 상가,https://www.zigbang.com/home/store/items/736210
2026-06-27 07:36:25,상가사무실,891670,임대,기타,경상남도,거제시,사등면,2000,100,0,0,151.6,45.86,3층,바다를 내려다보는 상가 사무실,https://www.zigbang.com/home/store/items/891670
2026-06-27 07:36:25,상가사무실,831284,임대,기타,경상남도,거제시,사등면,2000,130,0,0,151.6,45.86,3층,거제미래미라지아파트 단지 내 상가에 위치한 3층 성포리 공실,https://www.zigbang.com/home/store/items/831284
2026-06-27 07:36:25,상가사무실,813208,매매,기타,경상남도,거제시,연초면,0,0,225000,0,1084.5,328.06,1층,연초면 한내리 접근성좋은 공장 건물 매매,https://www.zigbang.com/home/store/items/813208
2026-06-27 07:36:25,상가사무실,651483,매매,기타,경상남도,거제시,연초면,0,0,52000,0,198.35,60.0,1층,한내리 임차 맞춰진 상가 매매,https://www.zigbang.com/home/store/items/651483
2026-06-27 07:36:25,상가사무실,870330,임대,기타,경상남도,거제시,수월동,3000,140,0,0,52.89,16.0,1층,"대로변 상권, 접근성 좋은 수월동 1층 상가",https://www.zigbang.com/home/store/items/870330
2026-06-27 07:36:25,상가사무실,719676,매매,학원/학업관련,경상남도,거제시,고현동,0,0,7000,0,41,12.4,3층,고현동 상가 많은 위치 3층 매장,https://www.zigbang.com/home/store/items/719676
2026-06-27 07:36:25,상가사무실,647358,임대,기타,경상남도,거제시,고현동,3000,150,0,3000,145.45,44.0,4층,"주거지 상권, 수요도 많은 고현동 매장",https://www.zigbang.com/home/store/items/647358
2026-06-27 07:36:26,상가사무실,832876,임대,노래방/PC방/당구장/기타,경상남도,창원시 마산합포구,진동면,10000,308,0,17000,338.96,102.53,2층,"진동리 주택가상권 위치, 접근성 우수, 시설 완비된 PC방",https://www.zigbang.com/home/store/items/832876
2026-06-27 07:36:27,상가사무실,893966,임대,퓨전/쌀국수,경상남도,창원시 마산합포구,현동,2000,100,0,1300,50.41,15.25,1층,창원 마산 현동 처갓집치킨 양도 합니다,https://www.zigbang.com/home/store/items/893966
2026-06-27 07:36:27,상가사무실,873898,매매,퓨전/쌀국수,경상남도,창원시 마산합포구,우산동,0,0,13900,0,33.06,10.0,1층,창원 우산동 접근성 좋은 대로변 1층 상가 매매,https://www.zigbang.com/home/store/items/873898
2026-06-27 07:36:27,상가사무실,571967,임대,기타,경상남도,창원시 마산합포구,우산동,1000,70,0,0,33.1,10.01,1층,우산동 항아리상권 점포,https://www.zigbang.com/home/store/items/571967
2026-06-27 07:36:27,상가사무실,835490,매매,기타,경상남도,창원시 마산합포구,현동,0,0,135000,0,426.23,128.93,1층,"학교 앞, 공실걱정 없는 현동 상가주택",https://www.zigbang.com/home/store/items/835490
2026-06-27 07:36:27,상가사무실,710940,임대,기타,경상남도,창원시 마산합포구,가포동,5000,200,0,0,231.4,70.0,3층,가포동 벚꽃길 근방에 위치한 눈에 띄는 공실,https://www.zigbang.com/home/store/items/710940
2026-06-27 07:36:27,상가사무실,908320,임대,사무실,경상남도,창원시 진해구,여좌동,300,30,0,0,64.48,19.51,3층,화장품 제조시설 양도(창업하실분 오세요),https://www.zigbang.com/home/store/items/908320
2026-06-27 07:36:27,상가사무실,892476,임대,기타주점,경상남도,창원시 진해구,화천동,1000,120,0,1000,59.5,18.0,3층,경남 창원시 진해구 화천동 맥주호프 전문점 임대,https://www.zigbang.com/home/store/items/892476
2026-06-27 07:36:27,상가사무실,876224,임대,기타주점,경상남도,창원시 진해구,화천동,1000,120,0,1000,66.12,20.0,1층,"화천동 번화가 상권 위치, 유동 인구 풍부한 1층 맥주 호프점",https://www.zigbang.com/home/store/items/876224
2026-06-27 07:36:27,상가사무실,870856,임대,기타,경상남도,창원시 진해구,태평동,1000,35,0,0,99.17,30.0,지하1층,즉시입주 가능한 태평동 지하상가,https://www.zigbang.com/home/store/items/870856
2026-06-27 07:36:27,상가사무실,829259,임대,한식/고기집,경상남도,창원시 진해구,송학동,1500,110,0,5500,165.29,50.0,1층,"대로변 1층, 제황산 사거리 인근에 위치한 역세권 송학동 한식점",https://www.zigbang.com/home/store/items/829259
2026-06-27 07:36:27,상가사무실,816563,임대,기타,경상남도,창원시 진해구,태평동,3000,80,0,0,125.62,38.0,1층,진해구 태평동  즉시 입주 가능한 1층 상가 임대,https://www.zigbang.com/home/store/items/816563
2026-06-27 07:36:27,상가사무실,817939,임대,기타,경상남도,창원시 진해구,태평동,1000,40,0,0,99.17,30.0,지하1층,진해구 태평동  즉시 입주 가능한 지층 상가 임대,https://www.zigbang.com/home/store/items/817939
2026-06-27 07:36:27,상가사무실,815575,임대,기타주점,경상남도,창원시 진해구,충무동,600,55,0,600,131,39.63,1층,"진해구 충무동, 번화가 상권에 위치한 1층 다용도 상가",https://www.zigbang.com/home/store/items/815575
2026-06-27 07:36:33,상가사무실,857359,임대,기타소매,경상남도,거제시,두모동,2000,120,0,0,102.35,30.96,1층,"무권리, 거제시 두모동, 즉시입주 가능한 1층 공실 상가",https://www.zigbang.com/home/store/items/857359
2026-06-27 07:36:33,상가사무실,777959,매매,숙박/펜션,경상남도,거제시,능포동,0,0,150000,0,938.84,284.0,1층,거제시 능포동 위치좋은 모텔 건물 매매,https://www.zigbang.com/home/store/items/777959
2026-06-27 07:36:33,상가사무실,689678,임대,기타,경상남도,거제시,아주동,2000,180,0,0,155.37,47.0,2층,무권리 아주동 공실 상가,https://www.zigbang.com/home/store/items/689678
2026-06-27 07:36:33,상가사무실,860491,임대,한식/고기집,경상남도,거제시,아주동,2000,200,0,5000,102.47,31.0,1층,"시설 집기 포함, 인테리어 완비된 아주동 고깃집",https://www.zigbang.com/home/store/items/860491
2026-06-27 07:36:33,상가사무실,776215,매매,퓨전/쌀국수,경상남도,거제시,옥포동,0,0,85000,0,275.23,83.26,1층,"급매, 깔끔한 시설의 옥포동 상가 매매",https://www.zigbang.com/home/store/items/776215
2026-06-27 07:36:33,상가사무실,769556,임대,기타주점,경상남도,거제시,옥포동,3000,100,0,1500,66.12,20.0,1층,거제시 옥포동 위치좋은 1층 구분상가,https://www.zigbang.com/home/store/items/769556
2026-06-27 07:36:33,상가사무실,767503,임대,일식/해산물,경상남도,거제시,옥포동,2000,110,0,2500,99.17,30.0,1층,"옥포동 양도 양수 가능, 시설 완비 된 1층 일식점",https://www.zigbang.com/home/store/items/767503
2026-06-27 07:36:33,상가사무실,719204,임대,기타주점,경상남도,거제시,옥포동,2000,70,0,2500,73.47,22.22,1층,거제시 옥포동  인테리어 이쁜1층 와인바,https://www.zigbang.com/home/store/items/719204
2026-06-27 07:36:33,상가사무실,710186,임대,기타주점,경상남도,거제시,옥포동,1500,130,0,2700,178.51,54.0,2층,건물 2층 전체 사용 가능한 옥포동 가라오케,https://www.zigbang.com/home/store/items/710186
2026-06-27 07:36:33,상가사무실,704341,임대,기타,경상남도,거제시,옥포동,2000,150,0,0,148.76,45.0,3층,옥포동 대로변 상가,https://www.zigbang.com/home/store/items/704341
2026-06-27 07:36:33,상가사무실,698360,임대,기타,경상남도,거제시,아주동,3000,200,0,0,165.29,50.0,1층,유동인구 많은 상권 아주동 1층 상가 공실,https://www.zigbang.com/home/store/items/698360
2026-06-27 07:36:33,상가사무실,806714,매매,카페/커피,경상남도,거제시,일운면,0,0,45000,0,214.32,64.83,1층,"거제시 교외상권, 깔끔한 인테리어 완비된 카페 건물 통매매",https://www.zigbang.com/home/store/items/806714
2026-06-27 07:36:33,상가사무실,770334,임대,기타,경상남도,거제시,일운면,200,45,0,0,19.83,6.0,1층,"무권리, 중심 상권으로 유동인구 많은 일운면 지세포리 공방",https://www.zigbang.com/home/store/items/770334
2026-06-27 07:36:33,상가사무실,863062,임대,의류/멀티샵,경상남도,거제시,옥포동,1000,70,0,500,66,19.96,1층,"깔끔한 인테리어 완비, 즉시입주가능한 옥포동 1층 의류판매점",https://www.zigbang.com/home/store/items/863062
2026-06-27 07:36:33,상가사무실,582005,매매,기타,경상남도,거제시,옥포동,0,0,17500,0,86,26.01,3층,옥포동 항아리상권 매매,https://www.zigbang.com/home/store/items/582005
2026-06-27 07:36:33,상가사무실,824145,임대,기타,경상남도,거제시,옥포동,500,43,0,1000,85.95,26.0,2층,"학교 및 아파트단지에 위치한 2층 파티룸, 키즈카페, 장소대여 스튜디오",https://www.zigbang.com/home/store/items/824145
2026-06-27 07:36:33,상가사무실,790490,임대,편의점/슈퍼,경상남도,거제시,옥포동,3500,90,0,500,79.34,24.0,1층,옥포동 주거지 코너에 위치한 1층 상가,https://www.zigbang.com/home/store/items/790490
2026-06-27 07:36:33,상가사무실,786727,임대,요가/마사지,경상남도,거제시,옥포동,1000,60,0,0,128.54,38.88,2층,옥포동 무권리 내부 룸 7개 상가,https://www.zigbang.com/home/store/items/786727
2026-06-27 07:36:33,상가사무실,772335,임대,의류/멀티샵,경상남도,거제시,옥포동,1000,64,0,1700,56.2,17.0,1층,"깔끔한 시설 완비, 유동인구 많은 옥포동 옷가게",https://www.zigbang.com/home/store/items/772335
2026-06-27 07:36:33,상가사무실,749507,임대,기타,경상남도,거제시,옥포동,1000,50,0,0,120.6,36.48,3층,"대로변 상권, 주목도 높은 옥포동 공실",https://www.zigbang.com/home/store/items/749507
2026-06-27 07:36:34,상가사무실,912432,매매,숙박/펜션,경상남도,거제시,장목면,0,0,150000,10000,489.26,148.0,1층,가성비 좋은 키즈풀빌라,https://www.zigbang.com/home/store/items/912432
2026-06-27 07:36:34,상가사무실,904898,매매,기타,경상남도,거제시,장목면,0,0,150000,15000,462.81,140.0,4층,수익성이 너무 좋은 키즈풀빌라입니다,https://www.zigbang.com/home/store/items/904898
2026-06-27 07:36:35,상가사무실,905085,매매,숙박/펜션,경상남도,거제시,장목면,0,0,150000,10000,450,136.12,4층,멋진 오션뷰와 수익성이 최고!!,https://www.zigbang.com/home/store/items/905085
2026-06-27 07:36:35,상가사무실,845091,임대,기타소매,경상남도,거제시,장목면,3000,100,0,0,52.2,15.79,1층,"무권리, 농소몽돌해변 바로 앞에 위치한 송진포리 1층 상가",https://www.zigbang.com/home/store/items/845091
2026-06-27 07:36:35,상가사무실,845093,임대,기타,경상남도,거제시,장목면,3000,100,0,0,39.6,11.98,2층,"무권리, 농소몽돌해변 바로 앞에 위치한 송진포리 2층 공실 상가",https://www.zigbang.com/home/store/items/845093
2026-06-27 07:36:35,상가사무실,845096,임대,기타소매,경상남도,거제시,장목면,5000,180,0,0,91.8,27.77,1층,"무권리, 농소몽돌해변 바로 앞에 위치한 송진포리 건물통임대",https://www.zigbang.com/home/store/items/845096
2026-06-27 07:36:35,상가사무실,902399,임대,미용/네일/피부관리,경상남도,창원시 진해구,남문동,2000,85,0,1000,96.74,29.26,3층,월세 부담없는 경쟁없는 독점 피부관리실 ,https://www.zigbang.com/home/store/items/902399
2026-06-27 07:36:35,상가사무실,860678,임대,기타,경상남도,창원시 진해구,남문동,1000,85,0,1000,46.8,14.16,1층,인테리어 및 시설 완비된 남문동 대단지아파트 상가 내 세탁소 ,https://www.zigbang.com/home/store/items/860678
2026-06-27 07:36:35,상가사무실,859890,임대,한식/고기집,경상남도,창원시 진해구,남문동,3000,158,0,3000,99.17,30.0,1층,진해구 남문동 위치좋은 1층 상가 임대,https://www.zigbang.com/home/store/items/859890
2026-06-27 07:36:35,상가사무실,776335,임대,기타,경상남도,창원시 진해구,남문동,1000,60,0,200,36.36,11.0,1층,"깔끔한 시설, 주거지역에 위치한 진해구 남문동 상가",https://www.zigbang.com/home/store/items/776335
2026-06-27 07:36:35,상가사무실,911067,임대,미용/네일/피부관리,경상남도,창원시 진해구,자은동,2000,130,0,3700,99.17,30.0,1층, 깔끔하고 안정적인 매출의 미용실 양도 다른업종도 가능해요,https://www.zigbang.com/home/store/items/911067
2026-06-27 07:36:35,상가사무실,898309,임대,한식/고기집,경상남도,창원시 진해구,석동,2000,100,0,6800,138.84,42.0,1층,"소곱창,대창구이,전골 전문점",https://www.zigbang.com/home/store/items/898309
2026-06-27 07:36:35,상가사무실,898127,임대,한식/고기집,경상남도,창원시 진해구,석동,3000,110,0,100,42.8,12.95,1층,급매 권리금100 진해 석동 목좋은 대로변위치 3000/110,https://www.zigbang.com/home/store/items/898127
2026-06-27 07:36:35,상가사무실,886243,임대,기타주점,경상남도,창원시 진해구,석동,700,73,0,800,81.06,24.52,2층,진해구 석동 위취좋은 2층 상가 임대,https://www.zigbang.com/home/store/items/886243
2026-06-27 07:36:35,상가사무실,876131,매매,사무실,경상남도,창원시 진해구,풍호동,0,0,8000,0,77.24,23.36,2층,"창원시 풍호동, 즉시입주가능한 2층 사무실 매매",https://www.zigbang.com/home/store/items/876131
2026-06-27 07:36:35,상가사무실,873832,임대,카페/커피,경상남도,창원시 진해구,장천동,3000,210,0,2500,38.85,11.75,1층,대로변 1층 접근성 좋은 장천동 카페,https://www.zigbang.com/home/store/items/873832
2026-06-27 07:36:35,상가사무실,870158,임대,미용/네일/피부관리,경상남도,창원시 진해구,자은동,1000,80,0,450,99.2,30.01,3층,"인테리어 완비, 배후수요 탄탄한 자은동 상가",https://www.zigbang.com/home/store/items/870158
2026-06-27 07:36:35,상가사무실,857798,임대,기타,경상남도,창원시 진해구,자은동,2000,130,0,0,176.48,53.38,4층,"무권리, 자은동 주택가 상권 위치, 즉시입주 가능한 4층 상가",https://www.zigbang.com/home/store/items/857798
2026-06-27 07:36:35,상가사무실,830201,임대,분식,경상남도,창원시 진해구,자은동,1000,80,0,2500,27.9,8.44,1층,"시설집기 포함, 인테링 완비된 자은동 분식집",https://www.zigbang.com/home/store/items/830201
2026-06-27 07:36:35,상가사무실,774216,임대,기타,경상남도,창원시 진해구,이동,1000,60,0,400,33.84,10.24,1층,접근성 좋은 이동 대로변 1층 상가,https://www.zigbang.com/home/store/items/774216
2026-06-27 07:36:35,상가사무실,797770,매매,기타,경상남도,창원시 진해구,석동,0,0,30000,0,92.5,27.98,2층,진해구 석동  접근성좋은  대로변 2층 구분상가 매매,https://www.zigbang.com/home/store/items/797770
2026-06-27 07:36:35,상가사무실,797767,임대,기타,경상남도,창원시 진해구,석동,1000,70,0,0,92.5,27.98,2층,진해구 석동  즉시 입주가능한   대로변 2층 구분상가,https://www.zigbang.com/home/store/items/797767
2026-06-27 07:36:35,상가사무실,796702,임대,기타,경상남도,창원시 진해구,장천동,2000,85,0,500,112,33.88,2층,"대로변 상권, 주목도 높은 장천동 상가",https://www.zigbang.com/home/store/items/796702
2026-06-27 07:36:35,상가사무실,771102,임대,양식/레스토랑,경상남도,창원시 진해구,안곡동,5000,450,0,15000,263.16,79.61,2층,"진해 안곡동 시설 집기 포함, 오션뷰가 돋보이는 깔끔한 레스토랑",https://www.zigbang.com/home/store/items/771102
2026-06-27 07:36:35,상가사무실,740243,매매,학원/학업관련,경상남도,창원시 진해구,장천동,0,0,25000,0,112,33.88,5층,"중심 상권, 유동인구 많은 진해구 장천동 상가 매매",https://www.zigbang.com/home/store/items/740243
2026-06-27 07:36:35,상가사무실,638333,임대,한식/고기집,경상남도,창원시 진해구,이동,3000,180,0,3500,162,49.0,2층,창원시 이동 대로변 상권 카페,https://www.zigbang.com/home/store/items/638333
2026-06-27 07:36:35,상가사무실,736498,임대,기타,경상남도,창원시 진해구,이동,2000,150,0,0,224.79,68.0,2층,진해구 이동 대로변 접근성 좋은 2층상가,https://www.zigbang.com/home/store/items/736498
2026-06-27 07:36:35,상가사무실,736496,임대,기타,경상남도,창원시 진해구,이동,1000,100,0,0,171.9,52.0,지하1층,진해구 이동 대로변 위치 좋은 상가,https://www.zigbang.com/home/store/items/736496
2026-06-27 07:36:35,상가사무실,730695,임대,기타,경상남도,창원시 진해구,자은동,2000,110,0,0,55.4,16.76,1층,"중심 상권, 유동 인구 많은 자은동 공실",https://www.zigbang.com/home/store/items/730695
2026-06-27 07:36:35,상가사무실,717749,임대,한식/고기집,경상남도,창원시 진해구,이동,2000,80,0,3000,148.76,45.0,1층,원시 진해구 이동 인기많은 한식당,https://www.zigbang.com/home/store/items/717749
2026-06-27 07:36:35,상가사무실,516646,임대,기타,경상남도,창원시 진해구,장천동,2000,70,0,0,62.8,19.0,4층,★경남 창원시에 있는 상가 임대 매물입니다.★,https://www.zigbang.com/home/store/items/516646
2026-06-27 07:36:35,상가사무실,926045,임대,기타,경상남도,창원시 진해구,용원동,1000,170,0,500,152.07,46.0,2층,인테리어 되어 있음,https://www.zigbang.com/home/store/items/926045
2026-06-27 07:36:35,상가사무실,901174,임대,미용/네일/피부관리,경상남도,창원시 진해구,안골동,1000,23,0,100,25.41,7.69,2층,"접근성 좋은 2층 상가, 깔끔한 인테리어 / 바로 영업 가",https://www.zigbang.com/home/store/items/901174
2026-06-27 07:36:35,상가사무실,874788,매매,학원/학업관련,경상남도,창원시 진해구,용원동,0,0,20000,0,115.9,35.06,3층,진해구 용원동 학원으로 임차중인 상가 매매,https://www.zigbang.com/home/store/items/874788
2026-06-27 07:36:35,상가사무실,860393,임대,기타,경상남도,창원시 진해구,용원동,5000,90,0,0,150.66,45.57,6층,"용원동, 유동인구 많은 번화가 무권리 키즈카페 임대",https://www.zigbang.com/home/store/items/860393
2026-06-27 07:36:35,상가사무실,860392,매매,기타,경상남도,창원시 진해구,용원동,0,0,20500,3000,150.66,45.57,6층,"용원동, 유동인구 많은 번화가 주목도 높은 수익상가 매매",https://www.zigbang.com/home/store/items/860392
2026-06-27 07:36:35,상가사무실,857591,임대,치킨/닭요리,경상남도,창원시 진해구,용원동,1000,70,0,1000,59.5,18.0,1층,대로변 1층 접근성 좋은 용원동 치킨집,https://www.zigbang.com/home/store/items/857591
2026-06-27 07:36:35,상가사무실,843541,임대,카페/커피,경상남도,창원시 진해구,용원동,2000,120,0,3500,91.43,27.66,2층,진해구 용원동 접근성 좋은 2층 상가,https://www.zigbang.com/home/store/items/843541
2026-06-27 07:36:35,상가사무실,843009,임대,한식/고기집,경상남도,창원시 진해구,용원동,3000,275,0,1300,109.09,33.0,1층,"진해구 용원동, 깔끔한 인테리어 완비된 1층 음식점",https://www.zigbang.com/home/store/items/843009
2026-06-27 07:36:35,상가사무실,838118,임대,한식/고기집,경상남도,창원시 진해구,용원동,2000,145,0,5000,145.5,44.01,1층,진해구 용원동  위치좋은 1층 상가 임대,https://www.zigbang.com/home/store/items/838118
2026-06-27 07:36:35,상가사무실,761953,임대,요가/마사지,경상남도,창원시 진해구,용원동,1000,80,0,3500,39,11.8,1층,"단골고객 보유, 시설 깔끔한 진해구 용원동 디톡스 족욕샵",https://www.zigbang.com/home/store/items/761953
2026-06-27 07:36:35,상가사무실,742756,임대,기타,경상남도,창원시 진해구,용원동,1000,50,0,0,66.12,20.0,4층,"주거지 상권, 채광 좋은 진해구 용원동 공실",https://www.zigbang.com/home/store/items/742756
2026-06-27 07:36:35,상가사무실,708060,매매,기타,경상남도,창원시 진해구,용원동,0,0,20000,0,13.22,4.0,1층,중심 상권에 위치한 용원동 1층 음식점,https://www.zigbang.com/home/store/items/708060
2026-06-27 07:36:35,상가사무실,856117,임대,기타소매,경상남도,창원시 진해구,용원동,2000,70,0,0,33.6,10.16,1층,"무권리, 진해구 용원동, 아파트 단지 내 1층 상가",https://www.zigbang.com/home/store/items/856117
2026-06-27 07:36:35,상가사무실,735006,매매,가구/가전,경상남도,창원시 진해구,용원동,0,0,19000,1500,33.6,10.16,1층,"경쟁점포 없이 독점운영 가능, 유동인구 많은 진해구 용원동 상가",https://www.zigbang.com/home/store/items/735006
2026-06-27 07:36:36,상가사무실,937563,임대,편의점/슈퍼,부산광역시,사하구,다대동,3000,157,0,1000,80,24.2,1층,대단지 아파트 단독상권 1층 상가 / 업종 다양 / 즉시 입점 가능,https://www.zigbang.com/home/store/items/937563
2026-06-27 07:36:36,상가사무실,935483,임대,골프/헬스,부산광역시,사하구,다대동,17000,235,0,15000,476.03,144.0,2층,빠르게 골프존 인수하실분 모십니다.룸5개 연습장타석5개,https://www.zigbang.com/home/store/items/935483
2026-06-27 07:36:36,상가사무실,872897,임대,기타,부산광역시,사하구,다대동,5000,220,0,0,93.34,28.24,1층,사하구 다대동  접근성좋은 도로변 1층 상가 임대,https://www.zigbang.com/home/store/items/872897
2026-06-27 07:36:36,상가사무실,558437,매매,,부산광역시,사하구,다대동,0,0,16000,0,53,16.03,3층,전망 좋은 해수욕장이 앞에 있는 다대동 공실 매물,https://www.zigbang.com/home/store/items/558437
2026-06-27 07:36:36,상가사무실,809551,임대,기타,부산광역시,사하구,다대동,5000,150,0,0,237.14,71.73,4층,사하구 다대동 즉시입주가능한 4층 상가 임대,https://www.zigbang.com/home/store/items/809551
2026-06-27 07:36:36,상가사무실,809491,임대,기타,부산광역시,사하구,다대동,5000,100,0,0,147.82,44.72,6층,사하구 다대동 즉시입주가능한 6층 상가 임대,https://www.zigbang.com/home/store/items/809491
2026-06-27 07:36:36,상가사무실,937981,임대,기타,부산광역시,사하구,다대동,5000,300,0,0,337.19,102.0,2층,무권리 대단지 항아리상권에 있는 인테리어 깨끗한 주차여유있는 상가 사무실,https://www.zigbang.com/home/store/items/937981
2026-06-27 07:36:36,상가사무실,922696,임대,퓨전/쌀국수,부산광역시,사하구,다대동,5000,300,0,0,330.58,100.0,2층,"부산 사하구 다대포 상가 2층 임대합니다(1층 식당, 권리금 없음)",https://www.zigbang.com/home/store/items/922696
2026-06-27 07:36:36,상가사무실,921886,임대,기타,부산광역시,사하구,다대동,3000,170,0,0,244,73.81,2층,다대포 상가 임대,https://www.zigbang.com/home/store/items/921886
2026-06-27 07:36:36,상가사무실,877625,매매,기타,부산광역시,사하구,다대동,0,0,23000,0,41.1,12.43,2층,사하구 다대동 임차중인 단지내 2층 상가 매매,https://www.zigbang.com/home/store/items/877625
2026-06-27 07:36:36,상가사무실,719102,임대,기타,부산광역시,사하구,다대동,10000,750,0,0,491.69,148.74,5층,매출 보장 다대동 공실,https://www.zigbang.com/home/store/items/719102
2026-06-27 07:36:36,상가사무실,880243,임대,사무실,부산광역시,강서구,신호동,60,30,0,0,9.92,3.0,6층,"깔끔한 공간, 신호동 공유오피스 내 사무실 임대",https://www.zigbang.com/home/store/items/880243
2026-06-27 07:36:36,상가사무실,813548,임대,사무실,부산광역시,강서구,신호동,5000,350,0,0,403.88,122.17,2층,"강서구 산호동, 즉시입주 가능, 깔끔한 2층 사무실 임대",https://www.zigbang.com/home/store/items/813548
2026-06-27 07:36:36,상가사무실,549422,임대,기타,부산광역시,강서구,신호동,2000,150,0,0,218.03,65.95,2층,대로변 코너에 위치한 신호동 공실,https://www.zigbang.com/home/store/items/549422
2026-06-27 07:36:36,상가사무실,540162,매매,기타,부산광역시,강서구,녹산동,0,0,72000,0,185.1,55.99,1층,부산 강서구에 위치한 상가 매매 매물,https://www.zigbang.com/home/store/items/540162
2026-06-27 07:36:36,상가사무실,803131,임대,기타,부산광역시,강서구,범방동,3000,150,0,0,119.54,36.16,1층,강서구 범방동 즉시 입주 가능한 1층 상가,https://www.zigbang.com/home/store/items/803131
2026-06-27 07:36:36,상가사무실,712733,임대,기타,부산광역시,강서구,녹산동,5000,190,0,0,238.61,72.18,1층,"대로변 상권, 주목도 높은 녹산동 건물 통임대",https://www.zigbang.com/home/store/items/712733
2026-06-27 07:36:36,상가사무실,945401,임대,한식/고기집,부산광역시,강서구,명지동,3000,300,0,0,181.82,55.0,1층,에코델타시티 귀한 큰평수 상가임대,https://www.zigbang.com/home/store/items/945401
2026-06-27 07:36:36,상가사무실,928767,임대,기타,부산광역시,사하구,괴정동,1000,50,0,0,39.67,12.0,1층,배달음식 사무실,https://www.zigbang.com/home/store/items/928767
2026-06-27 07:36:36,상가사무실,948423,임대,퓨전/쌀국수,부산광역시,서구,서대신동2가,2000,99,0,1700,44.67,13.51,1층,프랜차이즈 치킨점 양도양수,https://www.zigbang.com/home/store/items/948423
2026-06-27 07:36:36,상가사무실,938877,매매,사무실,부산광역시,사하구,감천동,0,0,7000,0,72.73,22.0,1층,저렴한 사무실 및 창고,https://www.zigbang.com/home/store/items/938877
2026-06-27 07:36:36,상가사무실,921063,임대,가구/가전,부산광역시,사하구,감천동,1000,100,0,9000,33.06,10.0,1층,감천문화마을 마지막 매물,https://www.zigbang.com/home/store/items/921063
2026-06-27 07:36:36,상가사무실,923020,임대,카페/커피,부산광역시,서구,아미동2가,10000,300,0,0,132.23,40.0,1층,프리미엄 커피전문점,https://www.zigbang.com/home/store/items/923020
2026-06-27 07:36:36,상가사무실,928890,임대,기타,부산광역시,서구,암남동,4000,240,0,0,213.22,64.5,지하2층,"부산 서구 송도 병원, 사무실, 음식점 입점 강력 추천드립니다!!",https://www.zigbang.com/home/store/items/928890
2026-06-27 07:36:36,상가사무실,928446,임대,기타,부산광역시,사하구,감천동,500,35,0,0,82.64,25.0,반지하층,25평 사무실 또는 창고,https://www.zigbang.com/home/store/items/928446
2026-06-27 07:36:36,상가사무실,928237,임대,퓨전/쌀국수,부산광역시,사하구,괴정동,1000,50,0,0,39.67,12.0,1층,괴정 크로바호텔 뒤 1층 상가 및 사무실 용도 ,https://www.zigbang.com/home/store/items/928237
2026-06-27 07:36:36,상가사무실,926962,임대,사무실,부산광역시,서구,남부민동,300,33,0,0,34.58,10.46,2층,"남부민동 사무실 임대(남녀 화장실 분리, CCTV)",https://www.zigbang.com/home/store/items/926962
2026-06-27 07:36:36,상가사무실,924677,임대,사무실,부산광역시,사하구,감천동,1000,40,0,0,73.06,22.1,반지하층,"저렴한 사무실, 창고, 거주",https://www.zigbang.com/home/store/items/924677
2026-06-27 07:36:36,상가사무실,924672,매매,사무실,부산광역시,사하구,감천동,0,0,9000,0,73.06,22.1,반지하층,저렴한 사무실 및 창고,https://www.zigbang.com/home/store/items/924672
2026-06-27 07:36:36,상가사무실,919011,매매,기타,부산광역시,서구,토성동2가,0,0,2000,0,13.85,4.19,1층,상가,https://www.zigbang.com/home/store/items/919011
2026-06-27 07:36:36,상가사무실,897785,매매,기타,부산광역시,사하구,감천동,0,0,10000,0,73.09,22.11,지하1층,삼성여고 인근 저렴한 사무실,https://www.zigbang.com/home/store/items/897785
2026-06-27 07:36:36,상가사무실,900879,임대,기타,부산광역시,사하구,괴정동,2000,80,0,0,115.11,34.82,1층,괴정역 3번출구 도보5분 이내 거리,https://www.zigbang.com/home/store/items/900879
2026-06-27 07:36:36,상가사무실,873679,임대,기타,부산광역시,사하구,괴정동,4000,240,0,0,241.32,73.0,3층,사하구 괴정동 대로변 아파트 상가 단독 층 사용 매물,https://www.zigbang.com/home/store/items/873679
2026-06-27 07:36:36,상가사무실,873675,임대,기타,부산광역시,사하구,괴정동,5000,320,0,0,409.92,124.0,지하1층,사하구 괴정동 대로변 아파트 상가 매물,https://www.zigbang.com/home/store/items/873675
2026-06-27 07:36:36,상가사무실,865180,매매,숙박/펜션,부산광역시,서구,암남동,0,0,640000,0,1436.18,434.44,1층,암남동 송도해변로 위치좋은 모텔 통매매,https://www.zigbang.com/home/store/items/865180
2026-06-27 07:36:36,상가사무실,861693,매매,학원/학업관련,부산광역시,사하구,구평동,0,0,16000,0,29.75,9.0,2층,"사하구 구평동, 대단지 아파트 내 2층 상가 매매",https://www.zigbang.com/home/store/items/861693
2026-06-27 07:36:36,상가사무실,833100,임대,기타,부산광역시,사하구,괴정동,2000,125,0,0,184.84,55.91,3층,괴정동 거주민 유동인구 많은  56평 공실 상가,https://www.zigbang.com/home/store/items/833100
2026-06-27 07:36:36,상가사무실,833099,임대,학원/학업관련,부산광역시,사하구,괴정동,5000,150,0,0,184.84,55.91,2층,괴정동 대로변 유동인구 많은 56평 상가,https://www.zigbang.com/home/store/items/833099
2026-06-27 07:36:36,상가사무실,828520,임대,기타,부산광역시,사하구,괴정동,3000,160,0,0,42,12.7,지하2층,"사하역 역세권, 접근성 좋은 괴정동 단지내 상가",https://www.zigbang.com/home/store/items/828520
2026-06-27 07:36:36,상가사무실,826927,임대,사무실,부산광역시,서구,초장동,4000,140,0,0,165.29,50.0,2층,"대로변 2층, 주목도 높은 초역세권 초장동 공실",https://www.zigbang.com/home/store/items/826927
2026-06-27 07:36:36,상가사무실,824754,임대,사무실,부산광역시,사하구,괴정동,1000,60,0,0,82,24.8,3층,"대로변 상권, 접근성 좋은 괴정동 공실",https://www.zigbang.com/home/store/items/824754
2026-06-27 07:36:36,상가사무실,802096,임대,기타,부산광역시,사하구,괴정동,5000,350,0,0,203.34,61.51,2층,사하구 괴정동 괴정역 역세권 1층 상가 임대,https://www.zigbang.com/home/store/items/802096
2026-06-27 07:36:36,상가사무실,777335,임대,기타,부산광역시,사하구,감천동,5000,100,0,0,166.52,50.37,2층,"주거지 상권, 넓은 면적의 감천동 공실",https://www.zigbang.com/home/store/items/777335
2026-06-27 07:36:36,상가사무실,731569,임대,기타,부산광역시,사하구,장림동,2000,90,0,0,155.08,46.91,3층,신장림역과 가깝고 거주민의 유동인구가 많은 장림동 3층 공실,https://www.zigbang.com/home/store/items/731569
2026-06-27 07:36:36,상가사무실,731564,임대,기타,부산광역시,사하구,장림동,3000,110,0,0,155.08,46.91,2층,신장림역과 가깝고 거주민의 유동인구가 많은 장림동 2층 공실,https://www.zigbang.com/home/store/items/731564
2026-06-27 07:36:36,상가사무실,725971,임대,기타,부산광역시,서구,암남동,3000,100,0,0,66.12,20.0,1층,"암남동 대학교 근처, 다용도 점포 가능한 1층 상가, 사무실",https://www.zigbang.com/home/store/items/725971
2026-06-27 07:36:36,상가사무실,686176,매매,기타,부산광역시,사하구,당리동,0,0,7000,0,23.14,7.0,1층,당리동 주거밀집지역의 아파트 상가,https://www.zigbang.com/home/store/items/686176
2026-06-27 07:36:36,상가사무실,943460,임대,한식/고기집,부산광역시,사하구,장림동,3000,190,0,1500,99,29.95,1층,● 일반음식점 식당 임대 즉시계약가능 ●,https://www.zigbang.com/home/store/items/943460
2026-06-27 07:36:36,상가사무실,934811,임대,기타,부산광역시,사하구,하단동,10000,600,0,0,310.74,94.0,6층,"역세권 내부 기둥없는 구조의 대형 사무실 및 병원,의원 추천드립니다",https://www.zigbang.com/home/store/items/934811
2026-06-27 07:36:36,상가사무실,897433,임대,사무실,부산광역시,사하구,당리동,2000,80,0,0,35.27,10.67,8층,"위치 좋고 뷰 좋은 ""루푸트탑 사무실""",https://www.zigbang.com/home/store/items/897433
2026-06-27 07:36:36,상가사무실,923367,임대,분식,부산광역시,사하구,당리동,1000,110,0,500,23.14,7.0,1층,당리 롯데슈퍼 맞은편 1층 상가 당리 최대 요충지 ,https://www.zigbang.com/home/store/items/923367
2026-06-27 07:36:36,상가사무실,920576,임대,미용/네일/피부관리,부산광역시,사하구,하단동,2000,98,0,2000,82.64,25.0,2층,"네일•피부•반영구•왁싱 추천 상가! 인테리어 완료, 즉시영업 가능",https://www.zigbang.com/home/store/items/920576
2026-06-27 07:36:36,상가사무실,877739,임대,사무실,부산광역시,사하구,당리동,2000,50,0,0,55.73,16.86,5층,테라스와 루프탑을 갖춘 당리동 공실 상가 임대,https://www.zigbang.com/home/store/items/877739
2026-06-27 07:36:36,상가사무실,907784,임대,기타,부산광역시,사하구,하단동,3000,180,0,0,198.35,60.0,4층,하단 오거리  최고 번화가 입니다.,https://www.zigbang.com/home/store/items/907784
2026-06-27 07:36:36,상가사무실,902941,임대,기타,부산광역시,사하구,당리동,3000,190,0,0,191.74,58.0,4층, 당리 오거리 유동인구 많은 코너 통유리로된 개방감있는 건물 임대,https://www.zigbang.com/home/store/items/902941
2026-06-27 07:36:36,상가사무실,891880,임대,기타,부산광역시,사하구,하단동,4000,200,0,0,67.44,20.4,1층,"1층 상가 임대, 대로 변, 하단역 10번 출구 근처 ",https://www.zigbang.com/home/store/items/891880
2026-06-27 07:36:36,상가사무실,888683,임대,기타,부산광역시,사하구,하단동,1000,100,0,0,22.1,6.69,1층,하단역 9번출구 도보 1분 거리에 위치한 하단동 1층 공실,https://www.zigbang.com/home/store/items/888683
2026-06-27 07:36:36,상가사무실,884892,매매,사무실,부산광역시,사하구,신평동,0,0,36000,0,79.38,24.01,2층,사하구 신평동 위치좋은 신축 지식산업센터내 사무실 매매 ,https://www.zigbang.com/home/store/items/884892
2026-06-27 07:36:36,상가사무실,884890,임대,사무실,부산광역시,사하구,신평동,2000,120,0,0,79.38,24.01,2층,사하구 신평동 즉시입주 가능한 지식산업센터내 사무실 임대 ,https://www.zigbang.com/home/store/items/884890
2026-06-27 07:36:36,상가사무실,864810,임대,기타,부산광역시,사하구,하단동,3000,220,0,0,69.12,20.91,1층,사하구 하단동 위치좋은 1층 상가  임대,https://www.zigbang.com/home/store/items/864810
2026-06-27 07:36:36,상가사무실,847013,임대,기타,부산광역시,사하구,하단동,5000,250,0,0,181.82,55.0,2층,"무권리, 당리역 역세권, 대로변에 위치한 하단동 2층 상가",https://www.zigbang.com/home/store/items/847013
2026-06-27 07:36:36,상가사무실,824743,매매,기타,부산광역시,사하구,장림동,0,0,86000,0,188.4,56.99,2층,"대로변 상권, 주목도 높은 장림동 상가 매매",https://www.zigbang.com/home/store/items/824743
2026-06-27 07:36:36,상가사무실,817811,임대,기타,부산광역시,사하구,장림동,8000,400,0,0,180.26,54.53,2층,"장림역 인근, 초역세권 장림동 2층 공실",https://www.zigbang.com/home/store/items/817811
2026-06-27 07:36:36,상가사무실,817812,임대,기타,부산광역시,사하구,장림동,7000,350,0,0,180.26,54.53,2층,"장림역 인근, 초역세권 장림동 2층 공실",https://www.zigbang.com/home/store/items/817812
2026-06-27 07:36:36,상가사무실,789700,임대,사무실,부산광역시,사하구,하단동,2000,60,0,0,27.8,8.41,지하1층,"하단역 초역세권, 유동인구 많은 하단동 상가",https://www.zigbang.com/home/store/items/789700
2026-06-27 07:36:36,상가사무실,770607,매매,학원/학업관련,부산광역시,사하구,하단동,0,0,23000,0,47.06,14.24,1층,시설 완비된 사하구 하단동 피아노 학원 급매,https://www.zigbang.com/home/store/items/770607
2026-06-27 07:36:36,상가사무실,780625,매매,기타,부산광역시,사하구,괴정동,0,0,38000,0,40.81,12.34,지하1층,"깔끔한 시설, 거주민 유동인구 많은 괴정동 2층 공실 매매",https://www.zigbang.com/home/store/items/780625
2026-06-27 07:36:36,상가사무실,780621,임대,기타,부산광역시,사하구,괴정동,5000,180,0,0,34.58,10.46,지하2층,"깔끔한 시설, 거주민 유동인구 많은 괴정동 1층 공실",https://www.zigbang.com/home/store/items/780621
2026-06-27 07:36:36,상가사무실,780558,매매,기타,부산광역시,사하구,괴정동,0,0,65000,0,34.58,10.46,1층,"깔끔한 시설, 거주민 유동인구 많은 괴정동 1층 공실 매매",https://www.zigbang.com/home/store/items/780558
2026-06-27 07:36:36,상가사무실,765157,임대,병원,부산광역시,사하구,당리동,5000,200,0,0,208.26,63.0,6층,부산 1호선 당리역 인근에 위치한 6층 무권리 상가,https://www.zigbang.com/home/store/items/765157
2026-06-27 07:36:36,상가사무실,717845,매매,기타,부산광역시,사하구,하단동,0,0,110000,0,181.82,55.0,1층,사하구 하단동  대로변 오피스텔내 상가매매,https://www.zigbang.com/home/store/items/717845
2026-06-27 07:36:36,상가사무실,950121,임대,퓨전/쌀국수,부산광역시,강서구,명지동,3000,180,0,500,55.87,16.9,1층,명지 국제신도시 메인 상권 유동많은곳 점포 급매,https://www.zigbang.com/home/store/items/950121
2026-06-27 07:36:36,상가사무실,948455,임대,미용/네일/피부관리,부산광역시,강서구,명지동,1000,90,0,1000,69.42,21.0,3층,명지 중흥 및 호반 대단지 중심 상권 ,https://www.zigbang.com/home/store/items/948455
2026-06-27 07:36:36,상가사무실,949455,임대,분식,부산광역시,강서구,명지동,1000,80,0,1000,99.17,30.0,1층,상가주택 코너위치 식당 급매,https://www.zigbang.com/home/store/items/949455
2026-06-27 07:36:36,상가사무실,949453,임대,요가/마사지,부산광역시,강서구,명지동,1500,55,0,1000,33,9.98,1층,명지오션시티 아파트상가 아담하고 이쁜 피부마사지샵양도,https://www.zigbang.com/home/store/items/949453
2026-06-27 07:36:36,상가사무실,948140,임대,요가/마사지,부산광역시,강서구,명지동,3000,230,0,1500,198.02,59.9,3층,명지 마사지샵급매,https://www.zigbang.com/home/store/items/948140
2026-06-27 07:36:36,상가사무실,947185,임대,기타,부산광역시,강서구,명지동,1000,90,0,0,85.95,26.0,8층,교습소 무권리임대,https://www.zigbang.com/home/store/items/947185
2026-06-27 07:36:36,상가사무실,946963,임대,퓨전/쌀국수,부산광역시,강서구,명지동,1000,100,0,1000,33.06,10.0,1층,대로변 포장배달점포급매,https://www.zigbang.com/home/store/items/946963
2026-06-27 07:36:36,상가사무실,915038,임대,학원/학업관련,부산광역시,강서구,명지동,1000,80,0,0,59.5,18.0,1층,교습소무권리임대,https://www.zigbang.com/home/store/items/915038
2026-06-27 07:36:36,상가사무실,946965,임대,퓨전/쌀국수,부산광역시,강서구,명지동,1000,60,0,1000,59.5,18.0,1층,오피스텔상권 배달홀점포급매,https://www.zigbang.com/home/store/items/946965
2026-06-27 07:36:36,상가사무실,938607,임대,한식/고기집,부산광역시,강서구,명지동,1000,65,0,0,62.81,19.0,1층,평수큰 배달집 급매,https://www.zigbang.com/home/store/items/938607
2026-06-27 07:36:36,상가사무실,930390,임대,한식/고기집,부산광역시,강서구,명지동,1000,40,0,0,16.53,5.0,1층,월세저렴한 배달집 무권리임대,https://www.zigbang.com/home/store/items/930390
2026-06-27 07:36:36,상가사무실,946791,임대,퓨전/쌀국수,부산광역시,강서구,명지동,1000,163,0,0,42.98,13.0,1층,11자 상가 포장판매업 하던곳 무권리임대,https://www.zigbang.com/home/store/items/946791
2026-06-27 07:36:36,상가사무실,946781,임대,요가/마사지,부산광역시,강서구,명지동,1000,100,0,0,52.89,16.0,1층,아파트 유동많은곳 단골손님 확보된 피부마사지샵 무권리임대,https://www.zigbang.com/home/store/items/946781
2026-06-27 07:36:36,상가사무실,946767,임대,편의점/슈퍼,부산광역시,강서구,명지동,3000,210,0,0,113.73,34.4,1층,편의점 무권리임대,https://www.zigbang.com/home/store/items/946767
2026-06-27 07:36:36,상가사무실,946589,임대,퓨전/쌀국수,부산광역시,강서구,명지동,1000,65,0,0,62.81,19.0,1층,배달업 하던 점포 무권리임대,https://www.zigbang.com/home/store/items/946589
2026-06-27 07:36:36,상가사무실,929270,임대,한식/고기집,부산광역시,강서구,명지동,1000,40,0,0,16.53,5.0,1층,대로변 배달집무권리양도,https://www.zigbang.com/home/store/items/929270
2026-06-27 07:36:36,상가사무실,946586,임대,퓨전/쌀국수,부산광역시,강서구,명지동,1500,80,0,0,35.4,10.71,1층,배달집무권리임대,https://www.zigbang.com/home/store/items/946586
2026-06-27 07:36:36,상가사무실,946585,임대,사무실,부산광역시,강서구,명지동,500,50,0,0,13.22,4.0,1층,임대료 저렴한 시설되어있는 사무실임대,https://www.zigbang.com/home/store/items/946585
2026-06-27 07:36:36,상가사무실,936994,임대,카페/커피,부산광역시,강서구,명지동,2000,100,0,3000,59.5,18.0,7층,유명 프랜차이즈 음식점 양도양수합니다,https://www.zigbang.com/home/store/items/936994
2026-06-27 07:36:36,상가사무실,946107,임대,한식/고기집,부산광역시,강서구,명지동,2000,150,0,1000,52.89,16.0,1층,대로변 술집(식당)급매,https://www.zigbang.com/home/store/items/946107
2026-06-27 07:36:36,상가사무실,946101,임대,기타,부산광역시,강서구,명지동,1500,95,0,500,62.81,19.0,1층,아담한 어린이실내수영장 급매,https://www.zigbang.com/home/store/items/946101
2026-06-27 07:36:36,상가사무실,876156,임대,한식/고기집,부산광역시,강서구,명지동,3500,180,0,0,125.6,37.99,1층,명지신도시 아파트 근처 유동인구 많은 위치 ,https://www.zigbang.com/home/store/items/876156
2026-06-27 07:36:36,상가사무실,936257,임대,퓨전/쌀국수,부산광역시,강서구,명지동,2000,150,0,1000,52.89,16.0,1층,브런치까페인테리어양도,https://www.zigbang.com/home/store/items/936257
2026-06-27 07:36:36,상가사무실,933940,임대,한식/고기집,부산광역시,강서구,명지동,2000,180,0,800,148.76,45.0,1층,보기드문큰평수 브런치까페양도,https://www.zigbang.com/home/store/items/933940
2026-06-27 07:36:36,상가사무실,943555,매매,가구/가전,부산광역시,강서구,명지동,0,0,60000,0,115.7,35.0,2층,상가매매(40% D/C),https://www.zigbang.com/home/store/items/943555
2026-06-27 07:36:36,상가사무실,941613,임대,일식/해산물,부산광역시,강서구,명지동,2000,100,0,0,62.81,19.0,1층,스시집 무권리급매,https://www.zigbang.com/home/store/items/941613
2026-06-27 07:36:36,상가사무실,933941,임대,한식/고기집,부산광역시,강서구,명지동,3000,200,0,2500,148.76,45.0,반지하층,먹자골목내 고기집양도,https://www.zigbang.com/home/store/items/933941
2026-06-27 07:36:36,상가사무실,517125,임대,한식/고기집,부산광역시,강서구,명지동,2000,200,0,0,99.2,30.01,1층,명지국제신도시 대로변 고기집양도 (무권리금),https://www.zigbang.com/home/store/items/517125
2026-06-27 07:36:36,상가사무실,939298,임대,한식/고기집,부산광역시,강서구,명지동,2000,140,0,3000,105.79,32.0,1층,공원쪽 식당 양도,https://www.zigbang.com/home/store/items/939298
2026-06-27 07:36:36,상가사무실,929258,임대,퓨전/쌀국수,부산광역시,강서구,명지동,3000,240,0,0,115.7,35.0,1층,대로변 맥주집 무권리양도,https://www.zigbang.com/home/store/items/929258
2026-06-27 07:36:36,상가사무실,938838,임대,미용/네일/피부관리,부산광역시,강서구,명지동,1000,75,0,800,28.4,8.59,2층,✔ 즉시 영업 가능 | 인테리어 깔끔한 매장,https://www.zigbang.com/home/store/items/938838
2026-06-27 07:36:36,상가사무실,810540,임대,카페/커피,부산광역시,강서구,명지동,5000,140,0,0,145.5,44.01,1층,명지동 바다뷰가 이쁜 까페,https://www.zigbang.com/home/store/items/810540
2026-06-27 07:36:36,상가사무실,936792,임대,카페/커피,부산광역시,강서구,명지동,3000,220,0,2000,143.54,43.42,1층,공원뷰 이쁜 인테리어까페 급매,https://www.zigbang.com/home/store/items/936792
2026-06-27 07:36:36,상가사무실,936186,임대,한식/고기집,부산광역시,강서구,명지동,1000,80,0,0,33.06,10.0,1층,대로변아담한포차무권리임대,https://www.zigbang.com/home/store/items/936186
2026-06-27 07:36:36,상가사무실,875960,임대,한식/고기집,부산광역시,강서구,명지동,2000,120,0,1000,66.1,20.0,1층,코너 원목의 세련된 감성의 식당양도,https://www.zigbang.com/home/store/items/875960
2026-06-27 07:36:36,상가사무실,932541,임대,기타소매,부산광역시,강서구,명지동,1000,80,0,1000,56.2,17.0,1층,이쁜꽃집 양도,https://www.zigbang.com/home/store/items/932541
2026-06-27 07:36:36,상가사무실,622063,임대,한식/고기집,부산광역시,강서구,명지동,3500,180,0,0,112.4,34.0,1층,명지국제신도시 고기집 무권리양도양수,https://www.zigbang.com/home/store/items/622063
2026-06-27 07:36:36,상가사무실,927451,임대,기타,부산광역시,강서구,명지동,1000,70,0,1000,52.68,15.94,4층,4층 단독사용 최신설비 루프탑설치 비비큐파티 공간대여 장소로 탁월,https://www.zigbang.com/home/store/items/927451
2026-06-27 07:36:36,상가사무실,925345,임대,기타,부산광역시,강서구,명지동,1500,95,0,1300,72.73,22.0,1층,명지동 미니풀 및 공간대여 장소로 추천드리는 곳입니다.,https://www.zigbang.com/home/store/items/925345
2026-06-27 07:36:36,상가사무실,923465,임대,퓨전/쌀국수,부산광역시,강서구,명지동,3000,150,0,1000,56.2,17.0,1층,명지 가마치통닭 양도 합니다,https://www.zigbang.com/home/store/items/923465
2026-06-27 07:36:36,상가사무실,912235,임대,기타,부산광역시,강서구,명지동,3000,200,0,0,152.07,46.0,1층,명지국제신도시 큰평수 카인테리어샵 급매,https://www.zigbang.com/home/store/items/912235
2026-06-27 07:36:36,상가사무실,910866,임대,양식/레스토랑,부산광역시,강서구,명지동,2000,110,0,1000,66.12,20.0,1층,아담한 브런치까페 급매,https://www.zigbang.com/home/store/items/910866
2026-06-27 07:36:36,상가사무실,911424,임대,기타,부산광역시,강서구,명지동,3000,200,0,0,208.26,63.0,2층,실내테니스장 하던곳 무권리임대,https://www.zigbang.com/home/store/items/911424
2026-06-27 07:36:36,상가사무실,909192,임대,미용/네일/피부관리,부산광역시,강서구,명지동,2000,75,0,0,28.4,8.59,1층,강아지미용실,https://www.zigbang.com/home/store/items/909192
2026-06-27 07:36:36,상가사무실,904547,임대,사무실,부산광역시,강서구,명지동,2000,200,0,0,202.91,61.38,지하4층,부산 애견유치원+호텔 애견업종 양도합니다,https://www.zigbang.com/home/store/items/904547
2026-06-27 07:36:36,상가사무실,903332,임대,문구/펜시,부산광역시,강서구,명지동,1000,66,0,0,33.56,10.15,지하2층,명지 대단지 아파트 상권,https://www.zigbang.com/home/store/items/903332
2026-06-27 07:36:36,상가사무실,903223,임대,문구/펜시,부산광역시,강서구,명지동,1000,55,0,0,24.5,7.41,지하1층,명지오션시티 월세저렴,https://www.zigbang.com/home/store/items/903223
2026-06-27 07:36:36,상가사무실,892369,매매,가구/가전,부산광역시,강서구,명지동,0,0,25000,0,86.58,26.19,3층, 명지파출소 옆 중심상업지역 1층 상가,https://www.zigbang.com/home/store/items/892369
2026-06-27 07:36:36,상가사무실,672013,임대,기타,부산광역시,강서구,명지동,3000,300,0,0,165.29,50.0,2층,"주거지 상권, 주목도 높은 명지동 공실",https://www.zigbang.com/home/store/items/672013
2026-06-27 07:36:36,상가사무실,672014,임대,기타,부산광역시,강서구,명지동,3000,160,0,0,122.31,37.0,3층,"주거지 상권, 수요도 많은 명지동 공실",https://www.zigbang.com/home/store/items/672014
2026-06-27 07:36:36,상가사무실,672015,임대,기타,부산광역시,강서구,명지동,3000,140,0,0,109.09,33.0,3층,"대로변 상권, 주목도 높은 명지동 공실",https://www.zigbang.com/home/store/items/672015
2026-06-27 07:36:36,상가사무실,876580,임대,의류/멀티샵,부산광역시,강서구,명지동,2000,100,0,0,33.1,10.01,1층,깨끗한 인테리어의 옷가게 무권리양도(기타업종가능),https://www.zigbang.com/home/store/items/876580
2026-06-27 07:36:36,상가사무실,866283,임대,기타,부산광역시,강서구,명지동,2000,110,0,0,102.48,31.0,1층,즉시입주 가능한 명지동 1층 상가,https://www.zigbang.com/home/store/items/866283
2026-06-27 07:36:36,상가사무실,886708,임대,기타,부산광역시,강서구,명지동,6000,220,0,0,385.53,116.62,6층,강서구 명지동 접근성 좋은 고층 상가 임대,https://www.zigbang.com/home/store/items/886708
2026-06-27 07:36:36,상가사무실,886707,매매,기타,부산광역시,강서구,명지동,0,0,83000,0,385.53,116.62,6층,강서구 명지동 접근성 좋은 6층 상가 매매 ,https://www.zigbang.com/home/store/items/886707
2026-06-27 07:36:36,상가사무실,886705,매매,기타,부산광역시,강서구,명지동,0,0,70000,0,199.2,60.26,2층,강서구 명지동 위치좋은 2층 상가 매매,https://www.zigbang.com/home/store/items/886705
2026-06-27 07:36:36,상가사무실,886702,임대,기타,부산광역시,강서구,명지동,3000,150,0,0,199.2,60.26,2층,강서구 명지동 즉시 입주 가능한 2층 상가 임대 ,https://www.zigbang.com/home/store/items/886702
2026-06-27 07:36:36,상가사무실,883618,매매,학원/학업관련,부산광역시,강서구,명지동,0,0,45000,0,111.62,33.77,2층,"배후수요 풍부, 가시성 뛰어난 명지동 상가 매매",https://www.zigbang.com/home/store/items/883618
2026-06-27 07:36:36,상가사무실,856791,임대,기타,부산광역시,강서구,명지동,2000,180,0,0,115.7,35.0,1층,대로변 시설A급 카인테리어 양도(기타업종가능),https://www.zigbang.com/home/store/items/856791
2026-06-27 07:36:36,상가사무실,863721,매매,학원/학업관련,부산광역시,강서구,명지동,0,0,78000,0,210.09,63.55,3층,"메인 상권, 안정적인 수익창출 가능한 명지동 상가 매매",https://www.zigbang.com/home/store/items/863721
2026-06-27 07:36:36,상가사무실,863214,매매,기타,부산광역시,강서구,명지동,0,0,300000,0,1307.94,395.65,4층,강서구 명지동  시설좋은 스파랜드로 임차중인 상가 매매,https://www.zigbang.com/home/store/items/863214
2026-06-27 07:36:36,상가사무실,844213,임대,미용/네일/피부관리,부산광역시,강서구,명지동,1000,60,0,0,16.53,5.0,1층,강서구 명지동 위치 좋은 1층 상가,https://www.zigbang.com/home/store/items/844213
2026-06-27 07:36:36,상가사무실,843203,임대,기타,부산광역시,강서구,명지동,2000,110,0,0,129.88,39.29,4층,강서구 명지동 위치좋은 4층 상가 임대,https://www.zigbang.com/home/store/items/843203
2026-06-27 07:36:36,상가사무실,826738,매매,미용/네일/피부관리,부산광역시,강서구,명지동,0,0,25000,0,86.58,26.19,3층,명지동 스타필드 인근 3층 상가 매매,https://www.zigbang.com/home/store/items/826738
2026-06-27 07:36:36,상가사무실,823375,매매,학원/학업관련,부산광역시,강서구,명지동,0,0,30000,0,126.48,38.26,7층,부산 강서구 명지동 대규모 아파트 단지 주변에 위치한 상가 매매,https://www.zigbang.com/home/store/items/823375
2026-06-27 07:36:36,상가사무실,753010,매매,골프/헬스,부산광역시,강서구,명지동,0,0,99000,0,561.98,170.0,9층,"명지동 상업지역, 주변 아파트 단지 많은 9층 상가 매매",https://www.zigbang.com/home/store/items/753010
2026-06-27 07:36:36,상가사무실,806965,임대,기타,부산광역시,강서구,명지동,2000,150,0,0,105,31.76,2층,강서구 명지동 즉시 입주가능한 2층 구분상가 임대,https://www.zigbang.com/home/store/items/806965
2026-06-27 07:36:36,상가사무실,791761,임대,기타,부산광역시,강서구,명지동,2000,90,0,0,106.88,32.33,2층,"명지동 중심 상권, 다양한 업종 가능한 2층 공실",https://www.zigbang.com/home/store/items/791761
2026-06-27 07:36:36,상가사무실,791551,임대,기타,부산광역시,강서구,명지동,2000,180,0,0,109.79,33.21,1층,강서구 명지동  즉시입주 가능한  1층 상가 임대,https://www.zigbang.com/home/store/items/791551
2026-06-27 07:36:36,상가사무실,780888,매매,기타,부산광역시,강서구,명지동,0,0,27000,0,64.96,19.65,2층,"깔끔한 시설, 유동인구 많은 명지동 2층 공실 매매",https://www.zigbang.com/home/store/items/780888
2026-06-27 07:36:36,상가사무실,780884,임대,기타,부산광역시,강서구,명지동,2000,70,0,0,64.96,19.65,2층,"렌트프리 제공, 유동인구 많은 명지동 2층 공실",https://www.zigbang.com/home/store/items/780884
2026-06-27 07:36:36,상가사무실,773292,매매,학원/학업관련,부산광역시,강서구,명지동,0,0,30000,0,53.53,16.19,2층,"저렴한 매매가, 유동인구 많은 강서구 명지동 상가 매매",https://www.zigbang.com/home/store/items/773292
2026-06-27 07:36:36,상가사무실,763927,임대,기타,부산광역시,강서구,명지동,2000,100,0,0,87.5,26.47,3층,명지동 다용도 점포 입점 가능한 넓은 평수의 상가,https://www.zigbang.com/home/store/items/763927
2026-06-27 07:36:36,상가사무실,763928,매매,기타,부산광역시,강서구,명지동,0,0,37000,0,87.5,26.47,3층,명지동 다용도 점포 입점 가능한 넓은 평수의 상가 매매,https://www.zigbang.com/home/store/items/763928
2026-06-27 07:36:36,상가사무실,731427,임대,기타,부산광역시,강서구,명지동,5000,300,0,0,406.61,123.0,5층,강서구 명지동 근생 건물내 5층 상가 매매,https://www.zigbang.com/home/store/items/731427
2026-06-27 07:36:36,상가사무실,736586,매매,기타,부산광역시,강서구,명지동,0,0,90000,0,52.89,16.0,1층,강서구 명지동 접근성좋은 1 층 상가 매매,https://www.zigbang.com/home/store/items/736586
2026-06-27 07:36:36,상가사무실,733173,임대,기타,부산광역시,강서구,명지동,2000,110,0,0,62.73,18.98,1층,명지동 대로변에 위치한 1층 상가,https://www.zigbang.com/home/store/items/733173
2026-06-27 07:36:36,상가사무실,730391,매매,기타,부산광역시,강서구,명지동,0,0,32000,0,103.63,31.35,8층,유동인구 많고 건물 내외부 깨끗한 명지동 8층 공실,https://www.zigbang.com/home/store/items/730391
2026-06-27 07:36:36,상가사무실,722732,임대,병원,부산광역시,강서구,명지동,2400,150,0,0,180,54.45,4층,명지동 위치 좋은 호실의 4층 상가,https://www.zigbang.com/home/store/items/722732
2026-06-27 07:36:36,상가사무실,718469,임대,기타,부산광역시,강서구,명지동,2000,100,0,0,136.67,41.34,4층,시티뷰로 전경이 좋은 명지동 공실,https://www.zigbang.com/home/store/items/718469
2026-06-27 07:36:36,상가사무실,693554,임대,사무실,부산광역시,강서구,명지동,5000,300,0,0,137.76,41.67,21층,무권리 명지동 공실 사무실,https://www.zigbang.com/home/store/items/693554
2026-06-27 07:36:36,상가사무실,693556,임대,사무실,부산광역시,강서구,명지동,5000,270,0,0,125.62,38.0,21층,무권리 명지동 공실 사무실,https://www.zigbang.com/home/store/items/693556
2026-06-27 07:36:37,상가사무실,939393,임대,카페/커피,부산광역시,사상구,엄궁동,3000,100,0,3000,50,15.12,1층,엄궁대단지 진입로 노출좋은 휴개음식점 자리 입니다.,https://www.zigbang.com/home/store/items/939393
2026-06-27 07:36:37,상가사무실,929049,임대,기타,부산광역시,사하구,하단동,2000,70,0,0,82.32,24.9,3층,대로변 3층 역세권 상가,https://www.zigbang.com/home/store/items/929049
2026-06-27 07:36:37,상가사무실,744596,임대,기타,부산광역시,사상구,엄궁동,500,140,0,0,92.56,28.0,2층,엄궁동 도로변 좋은 위치의 2층 상가,https://www.zigbang.com/home/store/items/744596
2026-06-27 07:36:37,상가사무실,592103,임대,기타,부산광역시,서구,동대신동3가,2500,150,0,0,102.48,31.0,2층,대학병원 부근에 위치한 동대신동 엘리베이터있는 2층 상가,https://www.zigbang.com/home/store/items/592103
2026-06-27 07:36:37,상가사무실,932610,임대,기타,부산광역시,서구,서대신동3가,3000,150,0,0,128.93,39.0,3층,동아대병원 정문 앞 신축건물 3층 전용40평 | 의원·사무실·학원,https://www.zigbang.com/home/store/items/932610
2026-06-27 07:36:37,상가사무실,928616,임대,미용/네일/피부관리,부산광역시,부산진구,개금동,5000,200,0,0,59.5,18.0,1층,역세권·대단지 상가｜개금역 금강펜테리움 103호,https://www.zigbang.com/home/store/items/928616
2026-06-27 07:36:37,상가사무실,912425,임대,기타,부산광역시,사상구,주례동,300,20,0,0,43,13.01,지하1층,열린도서관 2분,https://www.zigbang.com/home/store/items/912425
2026-06-27 07:36:37,상가사무실,897842,임대,기타,부산광역시,사상구,주례동,10000,450,0,0,271.07,82.0,1층,"냉정역 1번 출구 대로변, 유동인구 많은 1층 상가 임대",https://www.zigbang.com/home/store/items/897842
2026-06-27 07:36:37,상가사무실,897422,임대,사무실,부산광역시,사상구,주례동,1600,94,0,0,119,36.0,3층,온라인 쇼핑 판매 사무실 임대,https://www.zigbang.com/home/store/items/897422
2026-06-27 07:36:37,상가사무실,897123,매매,중식,부산광역시,부산진구,개금동,0,0,15000,0,62.81,19.0,1층,대단지 아파트 상가 매매,https://www.zigbang.com/home/store/items/897123
2026-06-27 07:36:37,상가사무실,874052,임대,학원/학업관련,부산광역시,사상구,주례동,2000,60,0,0,25.92,7.84,1층,"주례동 아파트 상가, 다얗하게 이용 가능한 교습소",https://www.zigbang.com/home/store/items/874052
2026-06-27 07:36:37,상가사무실,862040,매매,사무실,부산광역시,사상구,감전동,0,0,38000,0,135.92,41.12,5층,"사상구 감전동, 접근성 우수한 지식산업센터 사무실 매매",https://www.zigbang.com/home/store/items/862040
2026-06-27 07:36:37,상가사무실,862130,매매,사무실,부산광역시,사상구,감전동,0,0,38000,0,135.92,41.12,5층,"사상구 감전동, 접근성 우수한 지식산업센터 사무실 매매",https://www.zigbang.com/home/store/items/862130
2026-06-27 07:36:37,상가사무실,862132,매매,사무실,부산광역시,사상구,감전동,0,0,76000,0,271.84,82.23,5층,"사상구 감전동, 접근성 우수한 지식산업센터 사무실 매매",https://www.zigbang.com/home/store/items/862132
2026-06-27 07:36:37,상가사무실,843740,매매,중식,부산광역시,서구,동대신동3가,0,0,150000,0,178.61,54.03,1층,"동아대 대학가상권, 인테리어 완비된 동대신동3가 중국집 매매",https://www.zigbang.com/home/store/items/843740
2026-06-27 07:36:37,상가사무실,837300,매매,카페/커피,부산광역시,부산진구,개금동,0,0,113000,0,95.6,28.92,지하2층,부산진구 개금동 위치좋은 단지내 상가 매매,https://www.zigbang.com/home/store/items/837300
2026-06-27 07:36:37,상가사무실,819190,임대,사무실,부산광역시,사상구,학장동,1000,55,0,0,141.45,42.79,2층,사상구 학장동 즉시 입주가능한 2층 사무실,https://www.zigbang.com/home/store/items/819190
2026-06-27 07:36:37,상가사무실,815501,임대,기타,부산광역시,서구,서대신동3가,2000,80,0,0,47.8,14.46,1층,"대로변, 접근성 좋은 1층 서대신동3가 공실",https://www.zigbang.com/home/store/items/815501
2026-06-27 07:36:37,상가사무실,805642,임대,기타,부산광역시,사상구,감전동,500,80,0,0,76.03,23.0,지하1층,"감전역 인근,지층 감전동 공실 임대",https://www.zigbang.com/home/store/items/805642
2026-06-27 07:36:37,상가사무실,779960,임대,기타,부산광역시,사상구,주례동,2000,100,0,0,79.34,24.0,5층,"대로변 상권, 주목도 높은 주례동 상가",https://www.zigbang.com/home/store/items/779960
2026-06-27 07:36:37,상가사무실,777841,임대,기타,부산광역시,사상구,학장동,1500,90,0,0,59.5,18.0,1층,"대로변 1층, 무권리의 학장동 공실",https://www.zigbang.com/home/store/items/777841
2026-06-27 07:36:37,상가사무실,746605,임대,한식/고기집,부산광역시,서구,서대신동3가,2500,70,0,0,47.21,14.28,1층,서대신동 구덕산 승학산 등산로 입구 대로변 1층 상가,https://www.zigbang.com/home/store/items/746605
2026-06-27 07:36:37,상가사무실,746763,임대,기타,부산광역시,사상구,주례동,3000,350,0,0,132.23,40.0,1층,"주거지 상권, 수요도 많은 주례동 공실",https://www.zigbang.com/home/store/items/746763
2026-06-27 07:36:37,상가사무실,746764,임대,기타,부산광역시,사상구,주례동,3000,300,0,0,132.23,40.0,2층,"역세권 상권, 주목도 높은 주례동 공실",https://www.zigbang.com/home/store/items/746764
2026-06-27 07:36:37,상가사무실,743110,임대,기타,부산광역시,서구,동대신동3가,2000,150,0,0,89.26,27.0,지하2층,"주거지 상권, 주목도 높은 동대신동 공실",https://www.zigbang.com/home/store/items/743110
2026-06-27 07:36:37,상가사무실,731731,매매,숙박/펜션,부산광역시,사상구,감전동,0,0,100000,0,639.4,193.42,3층,"감전역 역세권, 업력 10년의 감전동 여관",https://www.zigbang.com/home/store/items/731731
2026-06-27 07:36:39,상가사무실,816799,임대,사무실,부산광역시,중구,중앙동3가,500,30,0,0,32.63,9.87,3층,"중앙역 역세권, 접근성 우수한 3층 사무실",https://www.zigbang.com/home/store/items/816799
2026-06-27 07:36:39,상가사무실,940761,임대,의류/멀티샵,부산광역시,중구,부평동1가,3000,110,0,2000,13.22,4.0,1층,부산 깡통시장내 상가점포 임대합니다!!!!!,https://www.zigbang.com/home/store/items/940761
2026-06-27 07:36:39,상가사무실,932446,임대,기타,부산광역시,중구,동광동3가,2000,70,0,3000,67.11,20.3,1층,"명품수선샵 기술교육&매장양도(1인창업,소규모창업,청년/여성/노후창업)",https://www.zigbang.com/home/store/items/932446
2026-06-27 07:36:39,상가사무실,930839,임대,기타소매,부산광역시,영도구,영선동4가,1000,92,0,5500,46.28,14.0,1층,영도 흰여울마을 내 감성 소품샵 양도,https://www.zigbang.com/home/store/items/930839
2026-06-27 07:36:39,상가사무실,906885,매매,기타,부산광역시,중구,대청동2가,0,0,250000,0,198.35,60.0,3층,컨테이너 정식 건축 허가 받은 건물,https://www.zigbang.com/home/store/items/906885
2026-06-27 07:36:39,상가사무실,839301,임대,기타,부산광역시,중구,남포동5가,5000,300,0,0,115.7,35.0,1층,"무권리, 남포동5가 대로변 1층 상가",https://www.zigbang.com/home/store/items/839301
2026-06-27 07:36:39,상가사무실,941169,임대,기타,부산광역시,서구,남부민동,5000,250,0,0,142.15,43.0,1층,대로변 코너 신축상가,https://www.zigbang.com/home/store/items/941169
2026-06-27 07:36:39,상가사무실,763498,임대,기타,부산광역시,영도구,신선동3가,1000,30,0,0,98.08,29.67,2층,월세 저렴한 신선동 공실,https://www.zigbang.com/home/store/items/763498
2026-06-27 07:36:39,상가사무실,751581,임대,사무실,부산광역시,중구,남포동6가,500,21,0,0,39.67,12.0,6층,"자갈치역 역세권, 전경 좋은 남포동 6가 공실 사무실",https://www.zigbang.com/home/store/items/751581
2026-06-27 07:36:39,상가사무실,932266,임대,사무실,부산광역시,영도구,대평동2가,0,7,0,0,40,12.1,2층,소규모 작업이 가능한 공유 오피스,https://www.zigbang.com/home/store/items/932266
2026-06-27 07:36:39,상가사무실,932134,임대,양식/레스토랑,부산광역시,중구,남포동6가,10000,600,0,0,128.93,39.0,2층,자갈치 유일한 남항대교뷰 2층 단독사용 옥상 루프탑 이벤트가 있습니다.,https://www.zigbang.com/home/store/items/932134
2026-06-27 07:36:39,상가사무실,932132,임대,퓨전/쌀국수,부산광역시,중구,남포동6가,10000,600,0,0,277.69,84.0,2층, 남포동 유일한  남항대교 뷰  루프탑 포함 86평,https://www.zigbang.com/home/store/items/932132
2026-06-27 07:36:39,상가사무실,846837,임대,사무실,부산광역시,중구,중앙동4가,350,45,0,0,49.59,15.0,3층,"중앙역 역세권, 접근성 우수한 중앙동4가 3층 사무실",https://www.zigbang.com/home/store/items/846837
2026-06-27 07:36:39,상가사무실,930385,임대,기타,부산광역시,중구,남포동6가,1000,80,0,0,29.81,9.02,2층,"더베이먼트 99, 2층 211호",https://www.zigbang.com/home/store/items/930385
2026-06-27 07:36:39,상가사무실,930148,임대,사무실,부산광역시,중구,중앙동4가,2000,45,0,0,67,20.27,4층,아주 조용하고 깨끗한 공간,https://www.zigbang.com/home/store/items/930148
2026-06-27 07:36:39,상가사무실,930120,임대,기타,부산광역시,중구,중앙동4가,2000,30,0,0,67,20.27,4층,아주 조용하고 독립된 공간,https://www.zigbang.com/home/store/items/930120
2026-06-27 07:36:39,상가사무실,929797,임대,퓨전/쌀국수,부산광역시,중구,신창동2가,6000,500,0,0,79.34,24.0,1층,로컬 유명음식점이 였던곳,https://www.zigbang.com/home/store/items/929797
2026-06-27 07:36:39,상가사무실,925630,임대,기타주점,부산광역시,중구,동광동2가,2000,90,0,500,132.23,40.0,지하1층,남포역 인근 단란주점 임대,https://www.zigbang.com/home/store/items/925630
2026-06-27 07:36:39,상가사무실,925278,매매,카페/커피,부산광역시,중구,신창동2가,0,0,29000,0,68,20.57,1층,국제시장 상가주택 매입할 기회입니다.내부인테리어 좋고 바로입주 가능한 곳,https://www.zigbang.com/home/store/items/925278
2026-06-27 07:36:39,상가사무실,923459,임대,가구/가전,부산광역시,중구,중앙동4가,500,40,0,5000,9.92,3.0,1층,중앙역 초역세권 1층｜500/40｜중앙동 최고입지,https://www.zigbang.com/home/store/items/923459
2026-06-27 07:36:39,상가사무실,920454,임대,카페/커피,부산광역시,중구,중앙동5가,5000,220,0,0,87.61,26.5,2층,북항시대최적의 장소 ,https://www.zigbang.com/home/store/items/920454
2026-06-27 07:36:39,상가사무실,917902,임대,퓨전/쌀국수,부산광역시,영도구,남항동1가,600,60,0,0,89.26,27.0,반지하층,남항동시장 인근상가,https://www.zigbang.com/home/store/items/917902
2026-06-27 07:36:39,상가사무실,917822,임대,사무실,부산광역시,중구,동광동4가,1000,39,0,0,52.99,16.03,3층,동광동 40계단 바로 위에 있습니다,https://www.zigbang.com/home/store/items/917822
2026-06-27 07:36:39,상가사무실,917898,매매,퓨전/쌀국수,부산광역시,영도구,남항동1가,0,0,12000,1,142.15,43.0,반지하층,영도 번화가에 위치한 상가,https://www.zigbang.com/home/store/items/917898
2026-06-27 07:36:39,상가사무실,915622,임대,사무실,부산광역시,중구,중앙동4가,953,99,0,0,77.98,23.59,16층,교보생명 중앙동사옥 사무실 임대,https://www.zigbang.com/home/store/items/915622
2026-06-27 07:36:39,상가사무실,913432,임대,카페/커피,부산광역시,중구,보수동1가,500,40,0,0,89.26,27.0,지하1층,책방골목길 카페 창업 가능,https://www.zigbang.com/home/store/items/913432
2026-06-27 07:36:39,상가사무실,909631,임대,기타,부산광역시,중구,부평동2가,1000,100,0,0,182.8,55.3,2층,유동인구(관광객)많은 국제시장 입구 건물 ,https://www.zigbang.com/home/store/items/909631
2026-06-27 07:36:39,상가사무실,909633,임대,기타,부산광역시,중구,부평동2가,1000,70,0,0,91.4,27.65,3층,유동인구(관광객)많은 국제시장 입구 건물,https://www.zigbang.com/home/store/items/909633
2026-06-27 07:36:39,상가사무실,909625,임대,기타,부산광역시,중구,부평동2가,600,50,0,0,91.4,27.65,지하1층,유동인구 많은 국제시장에 있는 건물,https://www.zigbang.com/home/store/items/909625
2026-06-27 07:36:39,상가사무실,909624,임대,기타,부산광역시,중구,부평동2가,1000,100,0,0,92.56,28.0,3층,유동인구(관광객)많은 국제시장 입구입니다,https://www.zigbang.com/home/store/items/909624
2026-06-27 07:36:39,상가사무실,906954,임대,퓨전/쌀국수,부산광역시,중구,대청동2가,3000,300,0,0,66.12,20.0,3층,장사가잘되는골목  줄서는골목  커피앤베이커리대박,https://www.zigbang.com/home/store/items/906954
2026-06-27 07:36:39,상가사무실,901621,임대,기타,부산광역시,중구,중앙동4가,5745,574,0,0,260.36,78.76,1층,"💕부산 중앙동 I 대형카페, 전시장 등 I 무권리 I 오피스 상권 추천",https://www.zigbang.com/home/store/items/901621
2026-06-27 07:36:39,상가사무실,900619,임대,사무실,부산광역시,영도구,청학동,3000,110,0,0,165.29,50.0,3층,"영도구청 바로 아래, 깔끔한 50평 사무실",https://www.zigbang.com/home/store/items/900619
2026-06-27 07:36:39,상가사무실,900620,임대,사무실,부산광역시,영도구,청학동,3000,110,0,0,165.29,50.0,3층,"영도구청 바로 아래, 깨끗한 50평 사무실",https://www.zigbang.com/home/store/items/900620
2026-06-27 07:36:39,상가사무실,900621,임대,사무실,부산광역시,영도구,청학동,5000,180,0,0,328,99.22,4층,"영도구청 바로 아래, 깨끗한 100평 대형 사무실",https://www.zigbang.com/home/store/items/900621
2026-06-27 07:36:39,상가사무실,900622,임대,사무실,부산광역시,영도구,청학동,2000,70,0,0,82.64,25.0,5층,"영도구청 바로 아래, 깔끔한 25평 사무실",https://www.zigbang.com/home/store/items/900622
2026-06-27 07:36:39,상가사무실,900623,임대,사무실,부산광역시,영도구,청학동,2000,70,0,0,82.64,25.0,5층,"영도구청 바로 아래, 깔끔한 25평 사무실",https://www.zigbang.com/home/store/items/900623
2026-06-27 07:36:39,상가사무실,900610,임대,사무실,부산광역시,영도구,청학동,5000,180,0,0,328,99.22,4층,"영도구청 바로 아래, 100평 대형 사무실",https://www.zigbang.com/home/store/items/900610
2026-06-27 07:36:39,상가사무실,854673,임대,기타,부산광역시,중구,중앙동3가,1000,100,0,0,109.48,33.12,1층,40계단길 인근 중앙동 단독건물 복층 상가,https://www.zigbang.com/home/store/items/854673
2026-06-27 07:36:39,상가사무실,888876,임대,가구/가전,부산광역시,중구,남포동6가,3000,300,0,0,49.59,15.0,1층,부산 자갈치로 1층 상가 임대,https://www.zigbang.com/home/store/items/888876
2026-06-27 07:36:39,상가사무실,675845,임대,기타,부산광역시,중구,대청동4가,1000,80,0,0,102,30.85,4층,"대로변, 주목도 높은 대청동 공실 상가",https://www.zigbang.com/home/store/items/675845
2026-06-27 07:36:39,상가사무실,675846,임대,기타,부산광역시,중구,대청동4가,1500,100,0,0,102,30.85,3층,"대로변, 주목도 높은 대청동 공실 상가",https://www.zigbang.com/home/store/items/675846
2026-06-27 07:36:39,상가사무실,675848,임대,기타,부산광역시,중구,대청동4가,3000,200,0,0,102,30.85,2층,"대로변, 주목도 높은 대청동 공실 상가",https://www.zigbang.com/home/store/items/675848
2026-06-27 07:36:39,상가사무실,675852,임대,기타,부산광역시,중구,대청동4가,1500,130,0,0,102,30.85,1층,"대로변, 주목도 높은 대청동 공실 상가",https://www.zigbang.com/home/store/items/675852
2026-06-27 07:36:39,상가사무실,883532,매매,기타,부산광역시,중구,보수동1가,0,0,110000,0,492.07,148.85,1층,"중구 보수동1가, 목욕탕 운영중인 상가주택 건물 전체 매매",https://www.zigbang.com/home/store/items/883532
2026-06-27 07:36:39,상가사무실,877847,매매,사무실,부산광역시,중구,중앙동5가,0,0,21500,0,19.37,5.86,14층,중구 중앙동5가 현재 임차중인 오피스텔 매매,https://www.zigbang.com/home/store/items/877847
2026-06-27 07:36:39,상가사무실,846544,임대,기타,부산광역시,중구,신창동4가,3000,160,0,0,31.74,9.6,1층,"무권리, 유동인구 풍부한 신창동4가 1층 상가",https://www.zigbang.com/home/store/items/846544
2026-06-27 07:36:39,상가사무실,867978,매매,카페/커피,부산광역시,중구,창선동1가,0,0,400000,0,1042.35,315.31,1층,중구 창선동1가 접근성좋고 임차중인 근생건물 매매,https://www.zigbang.com/home/store/items/867978
2026-06-27 07:36:39,상가사무실,867975,임대,카페/커피,부산광역시,중구,창선동1가,4000,350,0,0,144.67,43.76,1층,중구 창선동1가 인테리어 좋은 1층 카페 임대,https://www.zigbang.com/home/store/items/867975
2026-06-27 07:36:39,상가사무실,861369,매매,기타,부산광역시,영도구,봉래동2가,0,0,28000,0,39.69,12.01,1층,영도구 봉래동 2가 접근성 좋은 단지 내 1층 상가 매매,https://www.zigbang.com/home/store/items/861369
2026-06-27 07:36:39,상가사무실,859881,매매,가구/가전,부산광역시,중구,부평동2가,0,0,4000,0,8.64,2.61,1층,중구 부평동2가 접근성좋은 1층 소형상가 매매,https://www.zigbang.com/home/store/items/859881
2026-06-27 07:36:39,상가사무실,854672,매매,기타,부산광역시,중구,중앙동3가,0,0,55000,0,109.48,33.12,1층,40계단길 인근 중앙동 단독건물 복층 상가 매매,https://www.zigbang.com/home/store/items/854672
2026-06-27 07:36:39,상가사무실,847163,임대,미용/네일/피부관리,부산광역시,중구,대청동2가,2000,150,0,0,42.98,13.0,2층,중구 대청동2가 접근성 좋은 2층 상가 임대,https://www.zigbang.com/home/store/items/847163
2026-06-27 07:36:39,상가사무실,846835,임대,사무실,부산광역시,중구,중앙동4가,1500,180,0,0,189.08,57.2,2층,"중앙역 역세권, 접근성 우수한 중앙동4가 2층 사무실",https://www.zigbang.com/home/store/items/846835
2026-06-27 07:36:39,상가사무실,846839,임대,사무실,부산광역시,중구,중앙동4가,350,45,0,0,39.67,12.0,4층,"중앙역 역세권, 접근성 우수한 중앙동4가 4층 사무실",https://www.zigbang.com/home/store/items/846839
2026-06-27 07:36:39,상가사무실,846282,매매,기타,부산광역시,중구,남포동3가,0,0,820000,0,860.4,260.27,1층,"자갈치역 역세권, 남포동3가 번화가에 위치한 건물 통매매",https://www.zigbang.com/home/store/items/846282
2026-06-27 07:36:39,상가사무실,846278,임대,카페/커피,부산광역시,중구,남포동3가,50000,1050,0,0,348.96,105.56,1층,"무권리, 자갈치역 역세권, 남포동 3가 번화가에 위치한 1,2층 상가",https://www.zigbang.com/home/store/items/846278
2026-06-27 07:36:39,상가사무실,845277,임대,기타,부산광역시,중구,남포동5가,1000,80,0,0,92.76,28.06,3층,"중구 남포동, 자갈치역 도보 1분, 번화가 무권리 공실",https://www.zigbang.com/home/store/items/845277
2026-06-27 07:36:39,상가사무실,843100,임대,카페/커피,부산광역시,중구,남포동3가,40000,700,0,0,174.48,52.78,1층,"무권리, 자갈치역 역세권, 남포동 3가 번화가에 위치한 1층 상가",https://www.zigbang.com/home/store/items/843100
2026-06-27 07:36:39,상가사무실,834531,임대,기타,부산광역시,중구,보수동1가,500,40,0,0,148.76,45.0,지하1층,보수동 국제시장 인근 접근성 좋은 지층 45평 공실,https://www.zigbang.com/home/store/items/834531
2026-06-27 07:36:39,상가사무실,831793,매매,숙박/펜션,부산광역시,중구,부평동2가,0,0,700000,0,1711.05,517.59,12층,부평족발골목 인근에 위치한 2층부터 12층 역세권 부평동2가 호텔,https://www.zigbang.com/home/store/items/831793
2026-06-27 07:36:39,상가사무실,831791,임대,숙박/펜션,부산광역시,중구,부평동2가,50000,1700,0,0,1711.05,517.59,12층,부평족발골목 인근에 위치한 2층부터 12층 역세권 부평동2가 호텔,https://www.zigbang.com/home/store/items/831791
2026-06-27 07:36:39,상가사무실,522396,임대,사무실,부산광역시,중구,중앙동4가,400,50,0,0,66.1,20.0,3층,부산역 도보 4분 이내 위치 내부 정말 깔끔한 소형 사무실 임대,https://www.zigbang.com/home/store/items/522396
2026-06-27 07:36:39,상가사무실,813272,임대,기타,부산광역시,영도구,신선동3가,1000,55,0,0,140.22,42.42,3층,"무권리, 즉시입주가능한 영도구 신선동 3층 상가",https://www.zigbang.com/home/store/items/813272
2026-06-27 07:36:39,상가사무실,805723,임대,사무실,부산광역시,중구,중앙동4가,1900,60,0,0,92.56,28.0,9층,"중앙역 초역세권, 즉시입주가능한 9층 사무실",https://www.zigbang.com/home/store/items/805723
2026-06-27 07:36:39,상가사무실,798849,임대,학원/학업관련,부산광역시,영도구,봉래동3가,2000,70,0,0,132,39.93,3층,봉래동3가 주택가 상권에 위치한 3층 학원 임대,https://www.zigbang.com/home/store/items/798849
2026-06-27 07:36:39,상가사무실,794687,임대,기타,부산광역시,중구,동광동1가,5000,350,0,0,165.42,50.04,7층,중구 동광동1가 남포역 역세권상가 7층 상가 임대,https://www.zigbang.com/home/store/items/794687
2026-06-27 07:36:39,상가사무실,794681,임대,기타,부산광역시,중구,동광동1가,5000,350,0,0,165.42,50.04,3층,중구 동광동1가역세권 신축   상가 임대,https://www.zigbang.com/home/store/items/794681
2026-06-27 07:36:39,상가사무실,794680,임대,기타,부산광역시,중구,동광동1가,8000,380,0,0,165.42,50.04,2층,중구 동광동1가역세권 메디컬  상가 임대,https://www.zigbang.com/home/store/items/794680
2026-06-27 07:36:39,상가사무실,794688,임대,기타,부산광역시,중구,동광동1가,5000,350,0,0,165.42,50.04,8층,중구 동광동1가 남포역 역세권 상가  임대,https://www.zigbang.com/home/store/items/794688
2026-06-27 07:36:39,상가사무실,713598,매매,기타,부산광역시,영도구,청학동,0,0,55000,0,129.96,39.31,1층,"주거지 상권, 주목도 높은 청학동 건물 통매매",https://www.zigbang.com/home/store/items/713598
2026-06-27 07:36:39,상가사무실,772058,임대,의류/멀티샵,부산광역시,중구,신창동2가,2500,180,0,0,29.75,9.0,1층,신창동2가 내부 인테리어 잘 되어 있는 1층 의류판매점,https://www.zigbang.com/home/store/items/772058
2026-06-27 07:36:39,상가사무실,735606,임대,사무실,부산광역시,중구,창선동2가,2000,130,0,0,185.12,56.0,3층,중구 창선동 위치좋은 3층 사무실,https://www.zigbang.com/home/store/items/735606
2026-06-27 07:36:39,상가사무실,737992,임대,기타,부산광역시,영도구,영선동1가,3000,200,0,0,263.77,79.79,3층,"도로변 상권, 수요도 많은 영선동 공실",https://www.zigbang.com/home/store/items/737992
2026-06-27 07:36:39,상가사무실,737117,임대,가구/가전,부산광역시,중구,보수동1가,1600,60,0,0,15,4.54,1층,보수동 책방골목길에 위치한 1층 상가,https://www.zigbang.com/home/store/items/737117
2026-06-27 07:36:39,상가사무실,570803,매매,편의점/슈퍼,부산광역시,중구,중앙동6가,0,0,50000,0,66.1,20.0,1층,"초역세권 상권, 중앙동 편의점",https://www.zigbang.com/home/store/items/570803
2026-06-27 07:36:39,상가사무실,725824,임대,기타,부산광역시,중구,신창동4가,2000,120,0,0,15.93,4.82,1층,"부산 국제시장 안에 위치한, 유동인구 많은 신창동 공실",https://www.zigbang.com/home/store/items/725824
2026-06-27 07:36:39,상가사무실,708048,임대,기타,부산광역시,중구,신창동1가,10000,280,0,0,257.85,78.0,1층,부산 신창동 리모델링한  건물 1층 상가,https://www.zigbang.com/home/store/items/708048
2026-06-27 07:36:39,상가사무실,710547,임대,기타,부산광역시,중구,동광동4가,1000,70,0,0,33.06,10.0,1층,부산 동광동 최근 리모델링 한 1층 상가,https://www.zigbang.com/home/store/items/710547
2026-06-27 07:36:39,상가사무실,709388,임대,기타,부산광역시,중구,신창동1가,3000,100,0,0,205.06,62.03,2층,부산 신창동 리모델링한  건물 2층 상가,https://www.zigbang.com/home/store/items/709388
2026-06-27 07:36:39,상가사무실,709392,임대,기타,부산광역시,중구,신창동1가,3000,80,0,0,205.06,62.03,3층,부산 신창동 리모델링한  건물 3층 상가,https://www.zigbang.com/home/store/items/709392
2026-06-27 07:36:39,상가사무실,706926,임대,기타,부산광역시,중구,남포동3가,2000,150,0,0,148.76,45.0,3층,남포동 구둣방골목 위치좋은 상가 연층 임대,https://www.zigbang.com/home/store/items/706926
2026-06-27 07:36:39,상가사무실,705857,임대,기타,부산광역시,중구,남포동3가,3000,250,0,0,148.76,45.0,2층,남포동 구둣방골목 위치좋은 상가 연층 임대,https://www.zigbang.com/home/store/items/705857
2026-06-27 07:36:39,상가사무실,679589,매매,학원/학업관련,부산광역시,영도구,청학동,0,0,7000,0,36.36,11.0,3층,"중심 상권, 유동 인구 많은 청학동 상가",https://www.zigbang.com/home/store/items/679589
2026-06-27 07:36:39,상가사무실,932128,임대,기타주점,부산광역시,영도구,동삼동,1500,100,0,600,49.8,15.06,1층,하리항 인근 음식점,https://www.zigbang.com/home/store/items/932128
2026-06-27 07:36:39,상가사무실,943754,임대,퓨전/쌀국수,부산광역시,영도구,동삼동,1000,1000,0,0,82.64,25.0,2층,. 이 지역은 버스 정류장이 있는 특일급 지역입니다. 롯데마트가 있는 곳,https://www.zigbang.com/home/store/items/943754
2026-06-27 07:36:39,상가사무실,783112,매매,학원/학업관련,부산광역시,남구,용호동,0,0,18000,0,56.09,16.97,2층,"깔끔한 시설, 유동인구 많은 용호동 2층 사무실",https://www.zigbang.com/home/store/items/783112
2026-06-27 07:36:39,상가사무실,811813,임대,가구/가전,부산광역시,영도구,동삼동,2000,100,0,0,138.18,41.8,2층,"무권리, 즉시입주 가능한 동삼동 2층 상가",https://www.zigbang.com/home/store/items/811813
2026-06-27 07:36:39,상가사무실,811816,임대,사무실,부산광역시,영도구,동삼동,2000,80,0,0,147.42,44.59,3층,"즉시입주가능, 접근성 우수한 동삼동 3층 사무실",https://www.zigbang.com/home/store/items/811816
2026-06-27 07:36:39,상가사무실,772900,임대,미용/네일/피부관리,부산광역시,영도구,동삼동,2000,80,0,0,29.75,9.0,지하2층,"대로변1층, 유동인구 많은 동삼동 미용실",https://www.zigbang.com/home/store/items/772900
2026-06-27 07:36:39,상가사무실,721321,매매,편의점/슈퍼,부산광역시,영도구,동삼동,0,0,55000,0,72.73,22.0,1층,영도구 동삼동 단지내 1층상가 매매,https://www.zigbang.com/home/store/items/721321
2026-06-27 07:36:39,상가사무실,932212,임대,양식/레스토랑,부산광역시,수영구,광안동,2000,120,0,1000,142.15,43.0,2층,#광리단길 6.22 급매 변경 43평 일반음식점 급매 상가,https://www.zigbang.com/home/store/items/932212
2026-06-27 07:36:39,상가사무실,925681,임대,기타,부산광역시,수영구,남천동,3000,150,0,0,158.68,48.0,2층,광안리수영구청 유동인구많음,https://www.zigbang.com/home/store/items/925681
2026-06-27 07:36:39,상가사무실,939053,임대,퓨전/쌀국수,부산광역시,수영구,광안동,2000,170,0,4500,76.46,23.13,2층,광안리  해수욕장 인근 내부시설 좋은 카페입니다,https://www.zigbang.com/home/store/items/939053
2026-06-27 07:36:39,상가사무실,923948,임대,한식/고기집,부산광역시,수영구,민락동,7000,550,0,10000,204,61.71,1층,광안리 해변뷰 상가 임대,https://www.zigbang.com/home/store/items/923948
2026-06-27 07:36:39,상가사무실,941819,임대,퓨전/쌀국수,부산광역시,수영구,남천동,5500,270,0,4500,78,23.59,1층,광안리 해수욕장 진입로 유동인구 활발한 반듯한 상가점포 입니다.,https://www.zigbang.com/home/store/items/941819
2026-06-27 07:36:39,상가사무실,930443,임대,기타,부산광역시,수영구,민락동,3000,130,0,0,46.28,14.0,2층,"부산명소 광안리 민락동 신축상가,오피스텔 입주자 +외부유입 인구 소비상가",https://www.zigbang.com/home/store/items/930443
2026-06-27 07:36:39,상가사무실,904747,임대,미용/네일/피부관리,부산광역시,수영구,광안동,3000,110,0,0,39.67,12.0,1층,"#1층 무권리 광안리 입구, 컨디션 좋은 곳!!!",https://www.zigbang.com/home/store/items/904747
2026-06-27 07:36:39,상가사무실,904746,임대,의류/멀티샵,부산광역시,수영구,광안동,3000,110,0,0,39.67,12.0,1층,"*광안리 1층 무권리, 바다가는 길 초입!!!",https://www.zigbang.com/home/store/items/904746
2026-06-27 07:36:39,상가사무실,928984,임대,한식/고기집,부산광역시,수영구,민락동,3000,220,0,4500,66.12,20.0,1층,#광안리2선급매 기회 잡으세요!!!!,https://www.zigbang.com/home/store/items/928984
2026-06-27 07:36:39,상가사무실,928303,임대,기타,부산광역시,남구,용호동,2000,160,0,0,39.67,12.0,1층,무권리 대로변 노출좋은 1층 모든업종 가능 신축급 깔끔한 건물입니다.,https://www.zigbang.com/home/store/items/928303
2026-06-27 07:36:39,상가사무실,928300,임대,기타,부산광역시,남구,용호동,3000,200,0,0,109.09,33.0,2층,무권리 엘리베이터있는 단독사용 가능한 2층 사무실 모든업종가능,https://www.zigbang.com/home/store/items/928300
2026-06-27 07:36:39,상가사무실,919818,임대,기타,부산광역시,수영구,광안동,15000,1000,0,0,280.69,84.91,1층,부산광안리 광안마티나 1층  상가 임대,https://www.zigbang.com/home/store/items/919818
2026-06-27 07:36:39,상가사무실,910047,임대,학원/학업관련,부산광역시,수영구,남천동,5000,300,0,0,189.45,57.31,2층,광안리 바닷가 도보 1분 사거리,https://www.zigbang.com/home/store/items/910047
2026-06-27 07:36:39,상가사무실,344662,임대,기타,부산광역시,수영구,민락동,2000,120,0,0,66.1,20.0,2층,## [실사진] 광안 테라스 강력추천 ##,https://www.zigbang.com/home/store/items/344662
2026-06-27 07:36:39,상가사무실,901297,임대,미용/네일/피부관리,부산광역시,수영구,민락동,3000,160,0,0,142.15,43.0,6층,#광안리 완벽 오션뷰를 자랑하는 무권리 공간!!!,https://www.zigbang.com/home/store/items/901297
2026-06-27 07:36:39,상가사무실,901295,임대,사무실,부산광역시,수영구,민락동,3000,160,0,0,142.15,43.0,6층,광안대교 오션뷰가 멋진 깨끗깔끔 사무실!!!,https://www.zigbang.com/home/store/items/901295
2026-06-27 07:36:39,상가사무실,738112,임대,카페/커피,부산광역시,수영구,민락동,3000,200,0,0,49.6,15.0,1층,#바닷가10초 무권리무권리무권리 테라스 주택개조!!!,https://www.zigbang.com/home/store/items/738112
2026-06-27 07:36:39,상가사무실,737536,임대,기타주점,부산광역시,수영구,민락동,3000,200,0,0,49.6,15.0,1층,#무권리테라스무권리테라스_광안리 바다 바로 앞 마당까지 있는 상가주택,https://www.zigbang.com/home/store/items/737536
2026-06-27 07:36:39,상가사무실,200503,임대,양식/레스토랑,부산광역시,수영구,민락동,5000,400,0,0,99.2,30.01,1층,#바다 앞 30평 무권리_테라스 있는 감성주택상가!!!,https://www.zigbang.com/home/store/items/200503
2026-06-27 07:36:39,상가사무실,769236,임대,양식/레스토랑,부산광역시,수영구,광안동,2000,70,0,0,66.1,20.0,2층,## 광안리 카페하기 좋아 ##,https://www.zigbang.com/home/store/items/769236
2026-06-27 07:36:39,상가사무실,902677,임대,기타,부산광역시,남구,용호동,2000,170,0,0,195.86,59.25,8층,권리금 없는 사무실 용도 추천드려요!,https://www.zigbang.com/home/store/items/902677
2026-06-27 07:36:39,상가사무실,902488,임대,요가/마사지,부산광역시,남구,용호동,2000,180,0,0,195.86,59.25,5층,"시설비,권리금 없이 바로 수업가능한 운동센터임대!",https://www.zigbang.com/home/store/items/902488
2026-06-27 07:36:39,상가사무실,886778,임대,사무실,부산광역시,수영구,남천동,2000,130,0,0,130.24,39.4,3층,수영구 남천동 즉시 입주가능한 3층 사무실 임대,https://www.zigbang.com/home/store/items/886778
2026-06-27 07:36:39,상가사무실,885915,임대,기타,부산광역시,수영구,민락동,3000,170,0,0,44.06,13.33,3층,"무권리, 수영구 민락동, 즉시입주가능한 3층 공실 상가",https://www.zigbang.com/home/store/items/885915
2026-06-27 07:36:39,상가사무실,818847,매매,카페/커피,부산광역시,해운대구,우동,0,0,13000,0,39.37,11.91,지하1층,"대로변, 주목도 높은 지층 우동 점포 매매",https://www.zigbang.com/home/store/items/818847
2026-06-27 07:36:39,상가사무실,817942,임대,기타,부산광역시,수영구,민락동,3000,200,0,0,45.64,13.81,2층,"번화가 상권, 유동인구 많은 민락동 상가",https://www.zigbang.com/home/store/items/817942
2026-06-27 07:36:39,상가사무실,817945,매매,기타,부산광역시,수영구,민락동,0,0,58000,0,45.64,13.81,2층,"번화가 상권, 유동인구 많은 민락동 상가매매",https://www.zigbang.com/home/store/items/817945
2026-06-27 07:36:39,상가사무실,810610,매매,한식/고기집,부산광역시,수영구,민락동,0,0,81184,0,42.36,12.81,1층,"광안리 해수욕장 인근, 접근성 좋은 1층 민락동 점포 매매",https://www.zigbang.com/home/store/items/810610
2026-06-27 07:36:39,상가사무실,810606,임대,한식/고기집,부산광역시,수영구,민락동,3000,299,0,0,42.36,12.81,1층,"광안리 해수욕장 인근, 접근성 좋은 1층 민락동 점포 임대",https://www.zigbang.com/home/store/items/810606
2026-06-27 07:36:39,상가사무실,760905,매매,사무실,부산광역시,수영구,광안동,0,0,27000,0,21.58,6.53,16층,수영구 광안동 접근성 좋은 오피스텔내  구분 사무실 매매,https://www.zigbang.com/home/store/items/760905
2026-06-27 07:36:39,상가사무실,725298,임대,기타,부산광역시,수영구,민락동,5000,400,0,0,42.36,12.81,1층,접근성이 좋고 유동인구가 많은 민락동 1층 신축공실,https://www.zigbang.com/home/store/items/725298
2026-06-27 07:36:39,상가사무실,697762,매매,기타,부산광역시,수영구,민락동,0,0,80000,0,36.36,11.0,1층,민락동 임차 맞춰진 상가,https://www.zigbang.com/home/store/items/697762
2026-06-27 07:36:39,상가사무실,949768,임대,학원/학업관련,부산광역시,남구,대연동,2000,95,0,100,24,7.26,2층,"대단지 아파트상가(유동인구,학생밀집지역), 못골역3분, 주차가능",https://www.zigbang.com/home/store/items/949768
2026-06-27 07:36:39,상가사무실,948771,임대,기타,부산광역시,남구,대연동,300,35,0,0,69.98,21.17,지하1층,활용도 높은 지하 1층 창고형 상가 ,https://www.zigbang.com/home/store/items/948771
2026-06-27 07:36:39,상가사무실,948574,임대,퓨전/쌀국수,부산광역시,남구,대연동,2000,150,0,0,66.12,20.0,1층,"[부산 대연동 상가 임대] 경성대 메인 상권, 유동인구 최상의 1층 ",https://www.zigbang.com/home/store/items/948574
2026-06-27 07:36:39,상가사무실,948458,임대,사무실,부산광역시,남구,문현동,2000,90,0,0,138.84,42.0,3층,3층 42평 단독상요 및 20평 구분사용가능한 사무실입니다.,https://www.zigbang.com/home/store/items/948458
2026-06-27 07:36:39,상가사무실,901226,임대,기타,부산광역시,남구,문현동,1000,50,0,0,135.54,41.0,지하1층,지하철역 10분 거리로 교통 편리,https://www.zigbang.com/home/store/items/901226
2026-06-27 07:36:39,상가사무실,948361,임대,가구/가전,부산광역시,남구,우암동,1000,60,0,0,56.2,17.0,2층,"대단지 입주,대로변｜우암동 2층 상가·사무실 임대",https://www.zigbang.com/home/store/items/948361
2026-06-27 07:36:39,상가사무실,948122,임대,기타주점,부산광역시,수영구,남천동,2000,200,0,2000,96.46,29.18,1층,한식일반음식점 깨끗하고 반듯한 상가 매물,https://www.zigbang.com/home/store/items/948122
2026-06-27 07:36:39,상가사무실,947644,임대,사무실,부산광역시,남구,대연동,2000,130,0,0,128.93,39.0,3층,"경성대 부경대역 도보거리 상가역세권 (교육원,사무실,뷰티업종 추천)",https://www.zigbang.com/home/store/items/947644
2026-06-27 07:36:39,상가사무실,943308,임대,카페/커피,부산광역시,남구,용당동,500,65,0,2500,393.39,119.0,반지하층,소자금으로 창업 가능한 상가 점포,https://www.zigbang.com/home/store/items/943308
2026-06-27 07:36:39,상가사무실,929924,임대,퓨전/쌀국수,부산광역시,남구,대연동,2000,120,0,1200,62.81,19.0,2층,집전세사기로 판매,https://www.zigbang.com/home/store/items/929924
2026-06-27 07:36:39,상가사무실,924769,임대,골프/헬스,부산광역시,남구,대연동,5000,370,0,4000,283,85.61,2층,골프연습장  양도 앙수,https://www.zigbang.com/home/store/items/924769
2026-06-27 07:36:39,상가사무실,945085,임대,일식/해산물,부산광역시,남구,대연동,2500,295,0,7000,99.17,30.0,1층,경성대.부경대 메인상가.유동인구활발.다용도 업종가능.최요지,https://www.zigbang.com/home/store/items/945085
2026-06-27 07:36:39,상가사무실,945065,임대,사무실,부산광역시,수영구,남천동,1000,90,0,0,39.67,12.0,4층,#금련산역 1인 사무실 추천 무권리 상가 급매,https://www.zigbang.com/home/store/items/945065
2026-06-27 07:36:39,상가사무실,942483,임대,카페/커피,부산광역시,남구,대연동,1500,150,0,0,135.54,41.0,2층,부경대 대로변 맞은편 상가,https://www.zigbang.com/home/store/items/942483
2026-06-27 07:36:39,상가사무실,759212,임대,패스트푸드/피자,부산광역시,남구,대연동,500,33,0,2500,33.06,10.0,1층,남구 대연동 인기많은 대학가  1층 토스트 가게,https://www.zigbang.com/home/store/items/759212
2026-06-27 07:36:39,상가사무실,846347,임대,치킨/닭요리,부산광역시,남구,대연동,2000,100,0,2500,26.45,8.0,1층,대연역 역세권 접근성 좋은 대연동 1층 상가,https://www.zigbang.com/home/store/items/846347
2026-06-27 07:36:39,상가사무실,826429,임대,기타,부산광역시,남구,대연동,2000,60,0,2000,70.72,21.39,3층,대연동 접근성 좋은 초역세권 파티룸,https://www.zigbang.com/home/store/items/826429
2026-06-27 07:36:39,상가사무실,817749,임대,기타,부산광역시,남구,대연동,2500,200,0,1500,231,69.88,3층,"경성대부경대역 초역세권, 즉시입주 가능한 3층 상가",https://www.zigbang.com/home/store/items/817749
2026-06-27 07:36:39,상가사무실,816935,임대,카페/커피,부산광역시,남구,대연동,5000,200,0,7000,71.56,21.65,1층,남구 대연동 접근성 좋은 1층 상가,https://www.zigbang.com/home/store/items/816935
2026-06-27 07:36:39,상가사무실,800242,임대,카페/커피,부산광역시,남구,대연동,3000,220,0,1000,157.6,47.67,1층,"경성대부경대역 역세권, 대학가 메인상권에 위치한 1,2층 통건물 카페",https://www.zigbang.com/home/store/items/800242
2026-06-27 07:36:39,상가사무실,796728,임대,한식/고기집,부산광역시,남구,대연동,5000,290,0,3000,85.95,26.0,1층,"경성대, 부경대 대학가상권 메인에 위치한 1층 고깃집",https://www.zigbang.com/home/store/items/796728
2026-06-27 07:36:39,상가사무실,790699,임대,한식/고기집,부산광역시,남구,대연동,6000,300,0,5000,138.84,42.0,1층,"경성대부경대역 역세권, 유동인구 많은 대연동 고깃집",https://www.zigbang.com/home/store/items/790699
2026-06-27 07:36:39,상가사무실,782572,임대,기타주점,부산광역시,남구,대연동,6000,300,0,5000,95.87,29.0,1층,남구 대연동 위치좋은  1층상가,https://www.zigbang.com/home/store/items/782572
2026-06-27 07:36:39,상가사무실,769292,임대,기타,부산광역시,남구,대연동,2000,140,0,2500,28.85,8.73,1층,"대연동 대학가 위치, 다용도 점포 가능한 1층 상가",https://www.zigbang.com/home/store/items/769292
2026-06-27 07:36:39,상가사무실,696174,임대,기타주점,부산광역시,남구,대연동,1500,130,0,3000,89.26,27.0,3층,유동인구 많은 역세권 대연동 주류점,https://www.zigbang.com/home/store/items/696174
2026-06-27 07:36:39,상가사무실,730179,임대,퓨전/쌀국수,부산광역시,남구,대연동,2000,210,0,3700,46.28,14.0,1층,남구 대연동 접근성좋은 1층 상가,https://www.zigbang.com/home/store/items/730179
2026-06-27 07:36:39,상가사무실,731088,임대,한식/고기집,부산광역시,남구,대연동,6000,500,0,5000,148.76,45.0,1층,지하철역과 가깝고 유동인구 많은 대연동 고깃집,https://www.zigbang.com/home/store/items/731088
2026-06-27 07:36:39,상가사무실,727197,임대,기타,부산광역시,남구,대연동,1500,120,0,2000,26.45,8.0,1층,대연동 역세권에 유동 인구 많은 대학교 근처 1층 상가,https://www.zigbang.com/home/store/items/727197
2026-06-27 07:36:39,상가사무실,751566,임대,의류/멀티샵,부산광역시,남구,대연동,1000,50,0,1200,9.92,3.0,1층,"주거지 상권, 인테리어 완비된 대연동 매장",https://www.zigbang.com/home/store/items/751566
2026-06-27 07:36:39,상가사무실,707927,임대,기타,부산광역시,남구,대연동,2000,100,0,2000,62.81,19.0,2층,매출 보장 대연동 가게,https://www.zigbang.com/home/store/items/707927
2026-06-27 07:36:39,상가사무실,874988,임대,기타,부산광역시,남구,대연동,5000,250,0,0,95.87,29.0,1층,부산 대연동 대로변 코너 가시성 좋은 1층 상가 임대,https://www.zigbang.com/home/store/items/874988
2026-06-27 07:36:39,상가사무실,943882,임대,기타,부산광역시,남구,문현동,3000,55,0,0,102.4,30.98,3층,무권리 내부시설 인테리어 잘되어 있는 점포 사무실 입니다.,https://www.zigbang.com/home/store/items/943882
2026-06-27 07:36:39,상가사무실,789892,임대,기타,부산광역시,남구,대연동,300,25,0,0,16.53,5.0,2층,지게골역 도보 10분 내외 역세권 공실,https://www.zigbang.com/home/store/items/789892
2026-06-27 07:36:39,상가사무실,868887,임대,기타주점,부산광역시,남구,대연동,3000,230,0,2000,110.1,33.31,1층,"경성대 대학가상권 위치, 유동인구 풍부한 대연동 1층 실내포차",https://www.zigbang.com/home/store/items/868887
2026-06-27 07:36:39,상가사무실,943172,임대,기타,부산광역시,남구,대연동,3000,180,0,0,33.06,10.0,1층,★ 부경대 메인 라인! 트렌디한 감성의 세련된 1층 10평 상가입니다,https://www.zigbang.com/home/store/items/943172
2026-06-27 07:36:39,상가사무실,943163,임대,기타,부산광역시,남구,대연동,6000,350,0,0,66.12,20.0,1층,부경대·경성대 중심 상권에 위치한 감각적인 1층 상가입니다.,https://www.zigbang.com/home/store/items/943163
2026-06-27 07:36:39,상가사무실,943154,임대,기타,부산광역시,남구,대연동,2000,150,0,0,82.64,25.0,1층,부경대 후문(학생들 바글바글함)인근에서 가성비갑,https://www.zigbang.com/home/store/items/943154
2026-06-27 07:36:39,상가사무실,943136,임대,기타,부산광역시,남구,대연동,12000,550,0,0,390.08,118.0,1층,(경성대·부경대 메인 상권! 118평 무권리 파격 조건 1층 대형 상가),https://www.zigbang.com/home/store/items/943136
2026-06-27 07:36:39,상가사무실,648946,임대,기타소매,부산광역시,남구,대연동,5000,300,0,10000,79.34,24.0,1층,"역세권 상권, 주목도 높은 대연동 매장",https://www.zigbang.com/home/store/items/648946
2026-06-27 07:36:39,상가사무실,674927,임대,학원/학업관련,부산광역시,남구,대연동,3000,110,0,1200,56.2,17.0,2층,대연동 아파트 단지 내 상가,https://www.zigbang.com/home/store/items/674927
2026-06-27 07:36:39,상가사무실,566723,임대,기타,부산광역시,남구,대연동,5000,300,0,0,171.9,52.0,2층,남구 역세권에 있는 공실 매물,https://www.zigbang.com/home/store/items/566723
2026-06-27 07:36:39,상가사무실,942482,임대,퓨전/쌀국수,부산광역시,남구,대연동,2000,150,0,0,136.14,41.18,2층,부경대 맞은편에 위치한 상가,https://www.zigbang.com/home/store/items/942482
2026-06-27 07:36:39,상가사무실,787971,임대,가구/가전,부산광역시,남구,대연동,4000,200,0,0,115.7,35.0,1층,"대학가상권, 유동인구 많은 대연동 소품샵",https://www.zigbang.com/home/store/items/787971
2026-06-27 07:36:39,상가사무실,810289,임대,카페/커피,부산광역시,남구,대연동,3500,190,0,7000,23.14,7.0,1층,남구 대연동 위치좋은 대로변 1층 상가 임대,https://www.zigbang.com/home/store/items/810289
2026-06-27 07:36:39,상가사무실,750594,임대,편의점/슈퍼,부산광역시,남구,대연동,4000,170,0,2500,82.64,25.0,1층,"도로변 상권, 수요도 많은 대연동 매장",https://www.zigbang.com/home/store/items/750594
2026-06-27 07:36:39,상가사무실,936061,임대,미용/네일/피부관리,부산광역시,남구,대연동,1000,60,0,0,33.06,10.0,4층,★ 대연동상가임대 역세권 위치한 깔끔한 상,https://www.zigbang.com/home/store/items/936061
2026-06-27 07:36:39,상가사무실,885101,임대,골프/헬스,부산광역시,남구,대연동,3000,160,0,500,157.5,47.64,3층,"대학가상권 위치, 유동인구 풍부한 대연동 PT샵",https://www.zigbang.com/home/store/items/885101
2026-06-27 07:36:39,상가사무실,932640,임대,기타,부산광역시,수영구,남천동,4000,140,0,0,80,24.2,2층,부산 수영구 남천 1동 해변시장과 1분 거리,https://www.zigbang.com/home/store/items/932640
2026-06-27 07:36:39,상가사무실,924392,임대,골프/헬스,부산광역시,남구,대연동,5000,370,0,4500,283,85.61,2층,부산 골프연습장 양도 양수,https://www.zigbang.com/home/store/items/924392
2026-06-27 07:36:39,상가사무실,922872,임대,기타,부산광역시,수영구,남천동,2000,195,0,1300,33.06,10.0,1층,남천동 상가 권리양도합니다,https://www.zigbang.com/home/store/items/922872
2026-06-27 07:36:39,상가사무실,912650,매매,기타,부산광역시,수영구,남천동,0,0,75000,0,49.59,15.0,1층,수영구 아파트 상가  매매,https://www.zigbang.com/home/store/items/912650
2026-06-27 07:36:39,상가사무실,907848,임대,사무실,부산광역시,수영구,남천동,5000,190,0,0,188.43,57.0,12층,"감성깔끔 인테리어, 독립 공간 多, 에어컨9대,  초역세권 고객방문 편리",https://www.zigbang.com/home/store/items/907848
2026-06-27 07:36:39,상가사무실,193411,임대,기타,부산광역시,부산진구,전포동,2000,120,0,0,76,22.99,1층,#전포사잇길 월세저렴한 무권리 통건물!!!,https://www.zigbang.com/home/store/items/193411
2026-06-27 07:36:39,상가사무실,892680,임대,액세서리,부산광역시,남구,대연동,1000,80,0,0,25.32,7.66,1층,"**경성대, 부경대에 위치한 핫한 매물입니다**",https://www.zigbang.com/home/store/items/892680
2026-06-27 07:36:39,상가사무실,901225,임대,사무실,부산광역시,남구,문현동,1000,50,0,0,66.12,20.0,3층,지하철(지게골역) 10분 거리 조용한 사무실,https://www.zigbang.com/home/store/items/901225
2026-06-27 07:36:39,상가사무실,898229,매매,부동산중개소,부산광역시,수영구,남천동,0,0,72000,0,52.89,16.0,1층,부산남천동 분양예정인 써밋아파트 근처1층상가,https://www.zigbang.com/home/store/items/898229
2026-06-27 07:36:39,상가사무실,880087,매매,기타,부산광역시,수영구,남천동,0,0,3000000,0,5542.86,1676.71,1층,수영구 남천동 대로변 건물 매매,https://www.zigbang.com/home/store/items/880087
2026-06-27 07:36:39,상가사무실,887335,임대,기타,부산광역시,남구,용호동,1000,70,0,0,191.4,57.9,지하1층,남구 용호동 즉시 입주가능한 지층 상가 임대 ,https://www.zigbang.com/home/store/items/887335
2026-06-27 07:36:39,상가사무실,877894,매매,학원/학업관련,부산광역시,남구,용당동,0,0,40000,0,305.39,92.38,5층,"남구 용당동, 배후수요 풍부한 대형 평수 학원 매매",https://www.zigbang.com/home/store/items/877894
2026-06-27 07:36:39,상가사무실,872225,임대,기타,부산광역시,남구,대연동,2000,160,0,0,92.16,27.88,지하1층,남구 대연동 즉시 입주 가능한 지층 상가 임대,https://www.zigbang.com/home/store/items/872225
2026-06-27 07:36:39,상가사무실,864110,임대,기타,부산광역시,남구,대연동,3000,110,0,0,42.98,13.0,1층,남구 대연동 즉시 입주 가능한 1층 상가 임대,https://www.zigbang.com/home/store/items/864110
2026-06-27 07:36:39,상가사무실,840649,임대,사무실,부산광역시,남구,대연동,1000,100,0,0,76.15,23.04,5층,남구 대연동 위치좋은 5층사무실 임대,https://www.zigbang.com/home/store/items/840649
2026-06-27 07:36:39,상가사무실,836149,임대,기타,부산광역시,남구,문현동,2000,140,0,100,74.7,22.6,2층,남구 문현동  즉시 입주 가능한 2층 상가,https://www.zigbang.com/home/store/items/836149
2026-06-27 07:36:39,상가사무실,827604,임대,학원/학업관련,부산광역시,남구,용호동,6000,280,0,0,117.31,35.49,4층,"대로변 코너, 부경대학교 인근에 위치한 4층 용호동 학원",https://www.zigbang.com/home/store/items/827604
2026-06-27 07:36:39,상가사무실,765487,임대,기타,부산광역시,남구,대연동,1000,170,0,0,148.76,45.0,2층,남구 대연동  접근성좋은 대로변 2층 상가,https://www.zigbang.com/home/store/items/765487
2026-06-27 07:36:39,상가사무실,801546,임대,사무실,부산광역시,남구,대연동,3000,185,0,0,198.35,60.0,4층,"대연동 초역세권, 접근성 훌륭한 사무실",https://www.zigbang.com/home/store/items/801546
2026-06-27 07:36:39,상가사무실,786976,임대,기타,부산광역시,남구,용당동,7900,330,0,0,200.23,60.57,4층,남구 용당동 위치좋은 대로변 4층 상가 임대,https://www.zigbang.com/home/store/items/786976
2026-06-27 07:36:39,상가사무실,786974,임대,기타,부산광역시,남구,용당동,8400,350,0,0,211.96,64.12,3층,남구 용당동 접근성 좋은 대로변 3층 상가 임대,https://www.zigbang.com/home/store/items/786974
2026-06-27 07:36:39,상가사무실,717540,매매,기타,부산광역시,남구,용호동,0,0,110000,0,39.67,12.0,1층,남구 용호동 아파트내 상가 매매,https://www.zigbang.com/home/store/items/717540
2026-06-27 07:36:39,상가사무실,717545,매매,기타,부산광역시,남구,용호동,0,0,220000,0,82.64,25.0,1층,남구 용호동 아파트내 상가 1층 매매,https://www.zigbang.com/home/store/items/717545
2026-06-27 07:36:39,상가사무실,717550,매매,기타,부산광역시,남구,용호동,0,0,220000,0,82.64,25.0,1층,남구 용호동 대로변 아파트내 상가 1층 매매,https://www.zigbang.com/home/store/items/717550
2026-06-27 07:36:39,상가사무실,717554,매매,기타,부산광역시,남구,용호동,0,0,180000,0,66.12,20.0,1층,남구 용호동 대로변 대단지아파트 내 상가 1층 매매,https://www.zigbang.com/home/store/items/717554
2026-06-27 07:36:39,상가사무실,950413,임대,기타,부산광역시,부산진구,전포동,3000,130,0,0,54.46,16.47,3층,무권리 내부시설 깨끗한 상가 사무실 모든업종 가능합니다.,https://www.zigbang.com/home/store/items/950413
2026-06-27 07:36:39,상가사무실,930557,임대,기타,부산광역시,부산진구,부전동,1000,80,0,0,31.7,9.59,2층,신축 2층 상가 조율가능,https://www.zigbang.com/home/store/items/930557
2026-06-27 07:36:39,상가사무실,949503,임대,카페/커피,부산광역시,동구,초량동,1500,80,0,12000,46.28,14.0,1층,❤️ 아정당부동산중개법인,https://www.zigbang.com/home/store/items/949503
2026-06-27 07:36:39,상가사무실,929981,임대,기타,부산광역시,부산진구,범천동,1000,80,0,0,34.8,10.53,지하2층,무권리 현황상 1층 전면노출 좋은 아파트단지내 상가 모든업종 가능합니다.,https://www.zigbang.com/home/store/items/929981
2026-06-27 07:36:39,상가사무실,932835,임대,요가/마사지,부산광역시,부산진구,범천동,1000,100,0,0,16.53,5.0,1층,예쁘고 화사한 공간을 함꺼 채워나갈 소중한 파트너를 찾고 있어요!,https://www.zigbang.com/home/store/items/932835
2026-06-27 07:36:39,상가사무실,675086,임대,사무실,부산광역시,동구,초량동,2000,145,0,0,102.48,31.0,8층,"대로변 상권, 주목도 높은 초량동 사무실",https://www.zigbang.com/home/store/items/675086
2026-06-27 07:36:39,상가사무실,948193,임대,가구/가전,부산광역시,부산진구,범천동,1000,80,0,0,19.84,6.0,1층,평화시장 초입 자리좋음,https://www.zigbang.com/home/store/items/948193
2026-06-27 07:36:39,상가사무실,947015,임대,한식/고기집,부산광역시,부산진구,가야동,3000,220,0,0,198.35,60.0,1층,가야공원 입구 대로변 상가1층 모든업종 가능합니다.,https://www.zigbang.com/home/store/items/947015
2026-06-27 07:36:39,상가사무실,946847,임대,기타주점,부산광역시,부산진구,부전동,2000,175,0,1000,142.15,43.0,지하1층,부산 서면 메인 상권 위락시설 힙합클럽/펍 매도합니다,https://www.zigbang.com/home/store/items/946847
2026-06-27 07:36:39,상가사무실,946485,임대,사무실,부산광역시,부산진구,부전동,2000,170,0,0,146.5,44.32,5층,#신축급 컨디션 완벽한 사무실!!!,https://www.zigbang.com/home/store/items/946485
2026-06-27 07:36:39,상가사무실,946481,임대,미용/네일/피부관리,부산광역시,부산진구,부전동,2000,170,0,0,146.5,44.32,5층,#완벽하고 가격좋은 신축건물!!!,https://www.zigbang.com/home/store/items/946481
2026-06-27 07:36:39,상가사무실,861801,임대,기타,부산광역시,부산진구,부전동,1000,60,0,0,33.06,10.0,3층,부산진구 부전동 접근성 좋은 3층 상가 임대,https://www.zigbang.com/home/store/items/861801
2026-06-27 07:36:39,상가사무실,898948,임대,기타,부산광역시,부산진구,전포동,2500,65,0,700,59.5,18.0,1층,"▷전포사잇길 트랜디한 인테리어 1층 월세,권리금 최저급매★",https://www.zigbang.com/home/store/items/898948
2026-06-27 07:36:39,상가사무실,946175,매매,가구/가전,부산광역시,부산진구,부전동,0,0,165000,0,357.02,108.0,지하1층,수익률 좋은 상가 5.3% 안정적인 임차인 계약중입니다.,https://www.zigbang.com/home/store/items/946175
2026-06-27 07:36:39,상가사무실,934115,임대,분식,부산광역시,남구,문현동,500,50,0,1500,39.67,12.0,1층,전면노출 좋은 음식점 상가 월세 가벼운 음식점,https://www.zigbang.com/home/store/items/934115
2026-06-27 07:36:39,상가사무실,932275,임대,퓨전/쌀국수,부산광역시,동구,초량동,3000,200,0,6000,66.12,20.0,1층,프랜차이즈치킨 부산초량점 양도양수합니다.,https://www.zigbang.com/home/store/items/932275
2026-06-27 07:36:39,상가사무실,932365,임대,가구/가전,부산광역시,동구,수정동,1000,85,0,500,115.7,35.0,1층,초량역 인근 1층 노출좋은 상가점포 ,https://www.zigbang.com/home/store/items/932365
2026-06-27 07:36:39,상가사무실,932548,임대,미용/네일/피부관리,부산광역시,부산진구,범천동,500,55,0,4000,42.98,13.0,1층,미용네일아트 상가 급매,https://www.zigbang.com/home/store/items/932548
2026-06-27 07:36:39,상가사무실,945406,임대,기타,부산광역시,동구,범일동,3000,160,0,10000,217.9,65.91,3층,조방 먹거리 상권 중심지 모든업종 가능한 전면 노출 좋은 상가,https://www.zigbang.com/home/store/items/945406
2026-06-27 07:36:39,상가사무실,943051,임대,사무실,부산광역시,부산진구,부전동,2000,170,0,0,132.23,40.0,5층,#서면사무실임대 시설 완벽한 상가,https://www.zigbang.com/home/store/items/943051
2026-06-27 07:36:39,상가사무실,941259,임대,한식/고기집,부산광역시,부산진구,가야동,3000,200,0,2500,80.4,24.32,1층,가야공원로 교차로 상권 인테리어 손볼곳 없는 음식점은 이곳입니다.,https://www.zigbang.com/home/store/items/941259
2026-06-27 07:36:39,상가사무실,902921,임대,기타,부산광역시,부산진구,전포동,2500,200,0,3500,99.94,30.23,4층,전포동 핫플 신축건물 / 전포역 도보 10초거리,https://www.zigbang.com/home/store/items/902921
2026-06-27 07:36:39,상가사무실,820816,임대,기타,부산광역시,부산진구,부전동,1000,55,0,0,39.67,12.0,지하1층,"무권리, 서면역 역세권, 즉시입주가능한 뷰티 샵인샵 상가",https://www.zigbang.com/home/store/items/820816
2026-06-27 07:36:39,상가사무실,818794,임대,기타,부산광역시,부산진구,부전동,500,30,0,0,39.67,12.0,2층,"무권리, 서면역 역세권, 즉시입주가능한 샵인샵 상가",https://www.zigbang.com/home/store/items/818794
2026-06-27 07:36:39,상가사무실,934848,임대,미용/네일/피부관리,부산광역시,부산진구,전포동,1500,80,0,0,39.67,12.0,4층,#전포동상가임대 무권리 급매!!,https://www.zigbang.com/home/store/items/934848
2026-06-27 07:36:39,상가사무실,931347,임대,가구/가전,부산광역시,부산진구,부전동,1500,100,0,0,112.4,34.0,지하1층,서면역 도보 5분! 지하1층 상가 임대,https://www.zigbang.com/home/store/items/931347
2026-06-27 07:36:39,상가사무실,929115,임대,일식/해산물,부산광역시,동구,수정동,1000,90,0,4500,82.64,25.0,1층,해수부인근 돈까스전문점입니다,https://www.zigbang.com/home/store/items/929115
2026-06-27 07:36:39,상가사무실,927224,임대,노래방/PC방/당구장/기타,부산광역시,부산진구,부전동,2400,250,0,5000,187.51,56.72,2층,서면 중심가 노래방 매물,https://www.zigbang.com/home/store/items/927224
2026-06-27 07:36:39,상가사무실,927005,임대,기타,부산광역시,동구,초량동,2000,140,0,0,32,9.68,1층,아파트 구분상가 임차인 찾습니다.,https://www.zigbang.com/home/store/items/927005
2026-06-27 07:36:39,상가사무실,926651,임대,기타,부산광역시,동구,범일동,2000,120,0,0,127.53,38.58,2층,시장입구에 위치한 동네 요지,https://www.zigbang.com/home/store/items/926651
2026-06-27 07:36:39,상가사무실,758100,임대,기타,부산광역시,부산진구,전포동,1000,50,0,2000,52.9,16.0,4층,【 전포동 화이트 채광 좋은 곳!! 】,https://www.zigbang.com/home/store/items/758100
2026-06-27 07:36:39,상가사무실,922043,임대,액세서리,부산광역시,부산진구,범천동,2000,142,0,0,5,1.51,1층,범일동 골드테마길 오픈매장내 상가 임대합니다,https://www.zigbang.com/home/store/items/922043
2026-06-27 07:36:39,상가사무실,820817,임대,기타,부산광역시,부산진구,부전동,500,60,0,0,39.67,12.0,지하1층,"무권리, 서면역 역세권, 즉시입주가능한 뷰티 샵인샵 상가",https://www.zigbang.com/home/store/items/820817
2026-06-27 07:36:39,상가사무실,912313,임대,기타,부산광역시,부산진구,부전동,20000,1760,0,0,236,71.39,1층,서면 중심가 위치!!!,https://www.zigbang.com/home/store/items/912313
2026-06-27 07:36:39,상가사무실,912310,임대,기타,부산광역시,부산진구,부전동,10000,500,0,0,191.74,58.0,1층,히,https://www.zigbang.com/home/store/items/912310
2026-06-27 07:36:39,상가사무실,911853,임대,액세서리,부산광역시,부산진구,범천동,2000,142,0,0,97.75,29.57,1층,범일동 골드테마길 귀금속오픈상가 매장에 관심있으신분 연락바랍니다.,https://www.zigbang.com/home/store/items/911853
2026-06-27 07:36:39,상가사무실,909578,임대,카페/커피,부산광역시,동구,범일동,4000,270,0,0,60.75,18.38,1층,ㅇ커피 동일타워점입니다 ,https://www.zigbang.com/home/store/items/909578
2026-06-27 07:36:39,상가사무실,893832,임대,사무실,부산광역시,동구,범일동,1000,140,0,0,181.82,55.0,3층,"일반사무실, 쇼핑몰사무실, 창고 임대 내놓아요",https://www.zigbang.com/home/store/items/893832
2026-06-27 07:36:39,상가사무실,908248,임대,학원/학업관련,부산광역시,동구,수정동,1000,50,0,0,90.79,27.46,지하1층,층고2M,https://www.zigbang.com/home/store/items/908248
2026-06-27 07:36:39,상가사무실,908246,임대,사무실,부산광역시,동구,수정동,500,20,0,0,33.06,10.0,2층,맑은 공기 조용하고 깔끔한 사무실,https://www.zigbang.com/home/store/items/908246
2026-06-27 07:36:39,상가사무실,894275,임대,가구/가전,부산광역시,동구,수정동,2500,40,0,0,66.12,20.0,1층,부산 동구 수정동 1층 깨끗한 20평 상가,https://www.zigbang.com/home/store/items/894275
2026-06-27 07:36:39,상가사무실,903632,임대,기타,부산광역시,부산진구,부전동,10000,500,0,0,280.99,85.0,3층,상가 · 281m² · 서면역/전포역 90평 24시간 개방 에어컨 화장실,https://www.zigbang.com/home/store/items/903632
2026-06-27 07:36:39,상가사무실,360348,임대,기타,부산광역시,부산진구,전포동,2000,100,0,0,33.1,10.01,1층,## 신축 테라스 있는 무권리 ##,https://www.zigbang.com/home/store/items/360348
2026-06-27 07:36:39,상가사무실,509276,임대,의류/멀티샵,부산광역시,부산진구,전포동,500,55,0,700,23.1,6.99,1층,#전포동 저렴해서 좋은 카페거리 매장,https://www.zigbang.com/home/store/items/509276
2026-06-27 07:36:39,상가사무실,588913,임대,의류/멀티샵,부산광역시,부산진구,전포동,1000,80,0,0,66.1,20.0,1층,#전포사잇길 20평 무권리 내부 화장실!!!,https://www.zigbang.com/home/store/items/588913
2026-06-27 07:36:39,상가사무실,32708,임대,가구/가전,부산광역시,부산진구,전포동,2000,60,0,0,49.6,15.0,1층,#전포사잇길 무권리가 왔어요!,https://www.zigbang.com/home/store/items/32708
2026-06-27 07:36:39,상가사무실,895633,임대,미용/네일/피부관리,부산광역시,부산진구,전포동,2000,120,0,0,47.5,14.37,2층,깔끔한신축건물,https://www.zigbang.com/home/store/items/895633
2026-06-27 07:36:39,상가사무실,863485,임대,기타,부산광역시,부산진구,전포동,3000,150,0,0,105.79,32.0,4층,"무권리, 서면 번화가 위치, 즉시입주가능한 전포동 주상복합상가",https://www.zigbang.com/home/store/items/863485
2026-06-27 07:36:39,상가사무실,902198,임대,의류/멀티샵,부산광역시,부산진구,전포동,3000,160,0,0,66.12,20.0,1층,#전포동 완벽입지 무권리 공간!!!,https://www.zigbang.com/home/store/items/902198
2026-06-27 07:36:39,상가사무실,902196,임대,카페/커피,부산광역시,부산진구,전포동,3000,160,0,0,66.12,20.0,1층,"#전포동 무권리, 와이드한 입구 폴딩도어 까지 설치완료!!!",https://www.zigbang.com/home/store/items/902196
2026-06-27 07:36:39,상가사무실,899650,임대,기타,부산광역시,동구,초량동,5000,400,0,1,46.28,14.0,1층,[신축상가] 롯데캐슬 드메르 A동 1층 105호 – 입구 코너,https://www.zigbang.com/home/store/items/899650
2026-06-27 07:36:39,상가사무실,894214,임대,사무실,부산광역시,부산진구,범천동,2000,50,0,0,59.5,18.0,지하1층,입주아파트 근방 최초 자리,https://www.zigbang.com/home/store/items/894214
2026-06-27 07:36:39,상가사무실,891614,임대,의류/멀티샵,부산광역시,부산진구,부전동,2000,80,0,0,51.39,15.55,지하1층,"부산진구 부전동 의류집기 포함, 즉시 영업 가능한 공실 상가 임대",https://www.zigbang.com/home/store/items/891614
2026-06-27 07:36:39,상가사무실,883559,임대,기타,부산광역시,부산진구,범천동,2000,100,0,0,18.04,5.46,1층,범내골 초역세권 접근성 좋은 범천동 1층 상가,https://www.zigbang.com/home/store/items/883559
2026-06-27 07:36:39,상가사무실,882556,임대,기타,부산광역시,부산진구,가야동,1500,120,0,0,165.29,50.0,지하1층,"무권리, 동의대역 인근 접근성 우수한 가야2동 지층 상가",https://www.zigbang.com/home/store/items/882556
2026-06-27 07:36:39,상가사무실,879582,임대,기타,부산광역시,동구,범일동,700,40,0,0,9.84,2.98,1층,동구 범일동 즉시 입주 가능한 1층 상가 임대,https://www.zigbang.com/home/store/items/879582
2026-06-27 07:36:39,상가사무실,872558,임대,기타주점,부산광역시,부산진구,부전동,3000,190,0,0,82.73,25.03,5층,부산진구 부전동 성업중인 모던바 임대,https://www.zigbang.com/home/store/items/872558
2026-06-27 07:36:39,상가사무실,857511,매매,기타,부산광역시,동구,범일동,0,0,35000,0,169.35,51.23,1층,안정적인 임대수익 창출 가능한 범일동 상가 매매,https://www.zigbang.com/home/store/items/857511
2026-06-27 07:36:39,상가사무실,855071,매매,부동산중개소,부산광역시,동구,범일동,0,0,5000,0,23,6.96,지하1층,동구 범일동 위치좋은 대로변 지층 상가 매매,https://www.zigbang.com/home/store/items/855071
2026-06-27 07:36:39,상가사무실,847027,임대,사무실,부산광역시,동구,초량동,1190,106,0,0,79.34,24.0,10층,동구 초량동 위치 좋은 대로변 10층 사무실 임대,https://www.zigbang.com/home/store/items/847027
2026-06-27 07:36:39,상가사무실,847029,임대,사무실,부산광역시,동구,초량동,2090,184,0,0,142.15,43.0,10층,동구 초량동 위치 좋은 대로변 10층 사무실 임대,https://www.zigbang.com/home/store/items/847029
2026-06-27 07:36:39,상가사무실,847030,임대,사무실,부산광역시,동구,초량동,1670,147,0,0,112.4,34.0,13층,동구 초량동 위치 좋은 대로변 고층 사무실 임대,https://www.zigbang.com/home/store/items/847030
2026-06-27 07:36:39,상가사무실,846275,임대,기타,부산광역시,동구,좌천동,1000,150,0,0,245.47,74.25,5층,동구 좌천동 바로 입주 가능한 상가 임대,https://www.zigbang.com/home/store/items/846275
2026-06-27 07:36:39,상가사무실,845837,임대,기타,부산광역시,동구,범일동,4000,100,0,0,66.12,20.0,5층,"무권리, 접근성 우수, 유동인구 풍부한 범일동 5층 상가",https://www.zigbang.com/home/store/items/845837
2026-06-27 07:36:39,상가사무실,845831,임대,기타,부산광역시,동구,범일동,2000,50,0,0,33.06,10.0,5층,"무권리, 접근성 우수, 유동인구 풍부한 범일동 5층 상가",https://www.zigbang.com/home/store/items/845831
2026-06-27 07:36:39,상가사무실,845830,임대,기타,부산광역시,동구,범일동,2000,50,0,0,33.06,10.0,5층,"무권리, 접근성 우수, 유동인구 풍부한 범일동 5층 상가",https://www.zigbang.com/home/store/items/845830
2026-06-27 07:36:39,상가사무실,845828,임대,기타,부산광역시,동구,범일동,500,40,0,0,16.53,5.0,5층,"무권리, 접근성 우수, 유동인구 풍부한 범일동 5층 상가",https://www.zigbang.com/home/store/items/845828
2026-06-27 07:36:39,상가사무실,840459,매매,사무실,부산광역시,중구,영주동,0,0,2990,0,13.72,4.15,3층,"부산역 역세권, 접근성 좋은 영주동 오피스텔 매매",https://www.zigbang.com/home/store/items/840459
2026-06-27 07:36:39,상가사무실,837935,임대,사무실,부산광역시,부산진구,범천동,5000,300,0,0,224.01,67.76,2층,부산진구 범천동 위치좋은 2층 사무실 임대,https://www.zigbang.com/home/store/items/837935
2026-06-27 07:36:39,상가사무실,815177,임대,기타,부산광역시,부산진구,범천동,1000,100,0,0,82.64,25.0,3층,"대로변, 주목도 높은 3층 범천동 샵인샵 점포",https://www.zigbang.com/home/store/items/815177
2026-06-27 07:36:39,상가사무실,835697,임대,사무실,부산광역시,부산진구,범천동,1000,75,0,0,132.23,40.0,3층,"범내골역역세권, 접근성 좋은 범천동 사무실",https://www.zigbang.com/home/store/items/835697
2026-06-27 07:36:39,상가사무실,832447,임대,기타,부산광역시,동구,범일동,2000,80,0,0,100,30.25,2층,"대로변, 부산진성공원 인근에 위치한 역세권 2층 범일동 공실",https://www.zigbang.com/home/store/items/832447
2026-06-27 07:36:39,상가사무실,831747,임대,사무실,부산광역시,부산진구,범천동,5000,92,0,0,148.76,45.0,7층,"부산진구 범천동, 범내골역 인근 접근성 좋은 사무실",https://www.zigbang.com/home/store/items/831747
2026-06-27 07:36:39,상가사무실,826255,임대,카페/커피,부산광역시,동구,초량동,5000,400,0,0,286.92,86.79,2층,"무권리, 초량역 역세권, 즉시입주가능한 2층 상가",https://www.zigbang.com/home/store/items/826255
2026-06-27 07:36:39,상가사무실,821909,임대,사무실,부산광역시,부산진구,전포동,10000,700,0,0,562.68,170.21,3층,"전포역 역세권, 깔끔한 시설 완비된 3층 사무실",https://www.zigbang.com/home/store/items/821909
2026-06-27 07:36:39,상가사무실,820820,임대,기타,부산광역시,부산진구,부전동,500,70,0,0,39.67,12.0,지하1층,"무권리, 서면역 역세권, 즉시입주가능한 뷰티 샵인샵 상가",https://www.zigbang.com/home/store/items/820820
2026-06-27 07:36:39,상가사무실,819995,임대,기타,부산광역시,부산진구,전포동,3000,150,0,0,31.08,9.4,1층,부산진구 전포동  위치 좋은  상가 임대,https://www.zigbang.com/home/store/items/819995
2026-06-27 07:36:39,상가사무실,819996,임대,기타,부산광역시,부산진구,전포동,3000,150,0,0,41.08,12.43,1층,부산진구 전포동  위치좋은  상가 임대,https://www.zigbang.com/home/store/items/819996
2026-06-27 07:36:39,상가사무실,819453,매매,요가/마사지,부산광역시,부산진구,전포동,0,0,150000,0,376.34,113.84,1층,부산진구 전포동 전포역 역세권 2층 상가 매매,https://www.zigbang.com/home/store/items/819453
2026-06-27 07:36:39,상가사무실,818779,임대,기타소매,부산광역시,부산진구,부전동,1500,145,0,0,5.2,1.57,지하1층,"무권리, 즉시입주가능한 서면 번화가 쇼핑몰 지층 상가",https://www.zigbang.com/home/store/items/818779
2026-06-27 07:36:39,상가사무실,818598,매매,기타,부산광역시,부산진구,전포동,0,0,213400,0,1071.26,324.05,2층,"전포역 역세권, 대로변에 위치한 가시성 좋은 2층 상가 매매",https://www.zigbang.com/home/store/items/818598
2026-06-27 07:36:39,상가사무실,818341,임대,의류/멀티샵,부산광역시,부산진구,부전동,2500,187,0,0,23.14,7.0,지하1층,"서면역 인근, 주목도 높은 지층 부전동 점포",https://www.zigbang.com/home/store/items/818341
2026-06-27 07:36:39,상가사무실,817750,임대,기타,부산광역시,동구,수정동,5000,300,0,0,115.7,35.0,1층,부산진역 역세권 접근성 좋은 수정동 1층 상가,https://www.zigbang.com/home/store/items/817750
2026-06-27 07:36:39,상가사무실,810000,임대,기타,부산광역시,부산진구,부전동,2000,140,0,0,36.36,11.0,지하1층,"번화가 상권, 유동인구 많은 부전동 쥬디스태화 내 상가",https://www.zigbang.com/home/store/items/810000
2026-06-27 07:36:39,상가사무실,799510,임대,의류/멀티샵,부산광역시,부산진구,부전동,1500,140,0,0,13.2,3.99,지하1층,부산 서면 젊음의거리 메인상권에 위치한 지하1층 상가,https://www.zigbang.com/home/store/items/799510
2026-06-27 07:36:39,상가사무실,803775,임대,가구/가전,부산광역시,부산진구,개금동,3000,250,0,0,84.83,25.66,2층,"무권리, 신축공실, 즉시입주가능한 개금동 2층 상가",https://www.zigbang.com/home/store/items/803775
2026-06-27 07:36:39,상가사무실,800109,임대,의류/멀티샵,부산광역시,부산진구,부전동,3700,363,0,0,31.13,9.42,지하1층,부산 서면 젊음의거리 메인상권에 위치한 지하1층 상가,https://www.zigbang.com/home/store/items/800109
2026-06-27 07:36:39,상가사무실,800106,임대,의류/멀티샵,부산광역시,부산진구,부전동,1500,160,0,0,17.6,5.32,지하1층,부산 서면 젊음의거리 메인상권에 위치한 지하1층 상가,https://www.zigbang.com/home/store/items/800106
2026-06-27 07:36:39,상가사무실,799836,임대,의류/멀티샵,부산광역시,부산진구,부전동,2000,235,0,0,21.83,6.6,지하1층,부산 서면 젊음의거리 메인상권에 위치한 지하1층 상가,https://www.zigbang.com/home/store/items/799836
2026-06-27 07:36:39,상가사무실,799834,임대,의류/멀티샵,부산광역시,부산진구,부전동,1200,130,0,0,29.13,8.81,지하1층,부산 서면 젊음의거리 메인상권에 위치한 지하1층 상가,https://www.zigbang.com/home/store/items/799834
2026-06-27 07:36:39,상가사무실,799832,임대,의류/멀티샵,부산광역시,부산진구,부전동,1200,120,0,0,19.13,5.79,지하1층,부산 서면 젊음의거리 메인상권에 위치한 지하1층 상가,https://www.zigbang.com/home/store/items/799832
2026-06-27 07:36:39,상가사무실,799826,임대,의류/멀티샵,부산광역시,부산진구,부전동,1000,135,0,0,22.19,6.71,지하1층,부산 서면 젊음의거리 메인상권에 위치한 지하1층 상가,https://www.zigbang.com/home/store/items/799826
2026-06-27 07:36:39,상가사무실,799823,임대,의류/멀티샵,부산광역시,부산진구,부전동,2000,170,0,0,18.26,5.52,지하1층,부산 서면 젊음의거리 메인상권에 위치한 지하1층 상가,https://www.zigbang.com/home/store/items/799823
2026-06-27 07:36:39,상가사무실,799595,임대,의류/멀티샵,부산광역시,부산진구,부전동,1500,140,0,0,13.2,3.99,지하1층,부산 서면 젊음의거리 메인상권에 위치한 지하1층 상가,https://www.zigbang.com/home/store/items/799595
2026-06-27 07:36:39,상가사무실,799594,임대,의류/멀티샵,부산광역시,부산진구,부전동,1500,140,0,0,13.2,3.99,지하1층,부산 서면 젊음의거리 메인상권에 위치한 지하1층 상가,https://www.zigbang.com/home/store/items/799594
2026-06-27 07:36:39,상가사무실,799514,임대,의류/멀티샵,부산광역시,부산진구,부전동,3000,280,0,0,26.8,8.11,지하1층,부산 서면 젊음의거리 메인상권에 위치한 지하1층 상가,https://www.zigbang.com/home/store/items/799514
2026-06-27 07:36:39,상가사무실,799508,임대,의류/멀티샵,부산광역시,부산진구,부전동,2000,150,0,0,13.2,3.99,지하1층,부산 서면 젊음의거리 메인상권에 위치한 지하1층 상가,https://www.zigbang.com/home/store/items/799508
2026-06-27 07:36:39,상가사무실,799504,임대,의류/멀티샵,부산광역시,부산진구,부전동,2500,215,0,0,20.23,6.12,지하1층,부산 서면 젊음의거리 메인상권에 위치한 지하1층 상가,https://www.zigbang.com/home/store/items/799504
2026-06-27 07:36:39,상가사무실,799500,임대,의류/멀티샵,부산광역시,부산진구,부전동,3000,235,0,0,28.06,8.49,지하1층,부산 서면 젊음의거리 메인상권에 위치한 지하1층 상가,https://www.zigbang.com/home/store/items/799500
2026-06-27 07:36:39,상가사무실,799290,임대,의류/멀티샵,부산광역시,부산진구,부전동,2000,205,0,0,42.93,12.99,지하1층,부산 서면 젊음의거리 메인상권에 위치한 지하1층 상가,https://www.zigbang.com/home/store/items/799290
2026-06-27 07:36:39,상가사무실,799168,임대,의류/멀티샵,부산광역시,부산진구,부전동,2400,160,0,0,22.47,6.8,지하1층,부산 서면 젊음의거리 메인상권에 위치한 지하1층 상가,https://www.zigbang.com/home/store/items/799168
2026-06-27 07:36:39,상가사무실,799167,임대,의류/멀티샵,부산광역시,부산진구,부전동,1000,160,0,0,21.72,6.57,지하1층,부산 서면 젊음의거리 메인상권에 위치한 지하1층 상가,https://www.zigbang.com/home/store/items/799167
2026-06-27 07:36:39,상가사무실,799164,임대,의류/멀티샵,부산광역시,부산진구,부전동,2000,160,0,0,21.72,6.57,지하1층,부산 서면 젊음의거리 메인상권에 위치한 지하1층 상가,https://www.zigbang.com/home/store/items/799164
2026-06-27 07:36:39,상가사무실,799162,임대,의류/멀티샵,부산광역시,부산진구,부전동,1000,120,0,0,25.19,7.62,지하1층,부산 서면 젊음의거리 메인상권에 위치한 지하1층 상가,https://www.zigbang.com/home/store/items/799162
2026-06-27 07:36:39,상가사무실,799160,임대,의류/멀티샵,부산광역시,부산진구,부전동,2000,180,0,0,37.55,11.36,지하1층,부산 서면 젊음의거리 메인상권에 위치한 지하1층 상가,https://www.zigbang.com/home/store/items/799160
2026-06-27 07:36:39,상가사무실,798863,임대,의류/멀티샵,부산광역시,부산진구,부전동,1800,160,0,0,13.95,4.22,지하1층,부산 서면 젊음의거리 메인상권에 위치한 지하1층 상가,https://www.zigbang.com/home/store/items/798863
2026-06-27 07:36:39,상가사무실,798865,임대,의류/멀티샵,부산광역시,부산진구,부전동,2000,230,0,0,26.44,8.0,지하1층,부산 서면 젊음의거리 메인상권에 위치한 지하1층 상가,https://www.zigbang.com/home/store/items/798865
2026-06-27 07:36:39,상가사무실,791982,임대,기타,부산광역시,부산진구,부전동,3000,270,0,0,33.44,10.12,지하1층,"서면역 역세권, 무권리의 부전동 공실",https://www.zigbang.com/home/store/items/791982
2026-06-27 07:36:39,상가사무실,786418,매매,기타,부산광역시,동구,범일동,0,0,21000,0,73.12,22.12,1층,동구 범일동 위치 좋은 대로변 2층 상가주택 건물 매매,https://www.zigbang.com/home/store/items/786418
2026-06-27 07:36:39,상가사무실,780801,임대,의류/멀티샵,부산광역시,부산진구,부전동,30000,1000,0,0,235.6,71.27,1층,"부전동 상상마당 사거리 위치, 인테리어 완비된 1층 상가",https://www.zigbang.com/home/store/items/780801
2026-06-27 07:36:39,상가사무실,762415,임대,사무실,부산광역시,동구,초량동,500,99,0,0,99.17,30.0,지하1층,무권리 초량동 공실,https://www.zigbang.com/home/store/items/762415
2026-06-27 07:36:39,상가사무실,762418,임대,사무실,부산광역시,동구,초량동,3000,300,0,0,264.46,80.0,1층,"대로변 1층, 주목도 높은 초량동 공실",https://www.zigbang.com/home/store/items/762418
2026-06-27 07:36:39,상가사무실,762423,임대,사무실,부산광역시,동구,초량동,1000,99,0,0,66.12,20.0,4층,대로변 위치 좋은 초량동 공실,https://www.zigbang.com/home/store/items/762423
2026-06-27 07:36:39,상가사무실,762425,임대,사무실,부산광역시,동구,초량동,1000,150,0,0,165.29,50.0,5층,무권리 대로변 상권 초량동 공실,https://www.zigbang.com/home/store/items/762425
2026-06-27 07:36:39,상가사무실,761994,임대,사무실,부산광역시,동구,초량동,1000,130,0,0,82.64,25.0,5층,동구 초량동 위치 좋은 대로변 5층 사무실 임대,https://www.zigbang.com/home/store/items/761994
2026-06-27 07:36:39,상가사무실,761998,임대,사무실,부산광역시,동구,초량동,1000,150,0,0,198.35,60.0,6층,동구 초량동 위치 좋은 대로변 6층 사무실 임대,https://www.zigbang.com/home/store/items/761998
2026-06-27 07:36:39,상가사무실,749547,매매,사무실,부산광역시,남구,문현동,0,0,83000,0,142.15,43.0,6층,남구 문현동 대로변 위치 좋은 6층 구분 사무실 매매,https://www.zigbang.com/home/store/items/749547
2026-06-27 07:36:39,상가사무실,742042,매매,기타,부산광역시,부산진구,범천동,0,0,200000,0,611.11,184.86,반지하층,"범천동 시장 초입에 위치한 상가,주택 건물 통매매",https://www.zigbang.com/home/store/items/742042
2026-06-27 07:36:39,상가사무실,742067,임대,기타,부산광역시,부산진구,범천동,5000,250,0,0,129.82,39.27,1층,"오피스 상권, 수요도 많은 범천동 공실",https://www.zigbang.com/home/store/items/742067
2026-06-27 07:36:39,상가사무실,740312,임대,기타,부산광역시,동구,범일동,3000,230,0,0,148.76,45.0,2층,"초 역세권 상권, 유동인구 많은 범일동 공실",https://www.zigbang.com/home/store/items/740312
2026-06-27 07:36:39,상가사무실,739187,임대,사무실,부산광역시,부산진구,부전동,4000,211,0,0,233.82,70.73,7층,"교통 편리, 넓은 면적의 부산진구 부전동 공실",https://www.zigbang.com/home/store/items/739187
2026-06-27 07:36:39,상가사무실,731161,임대,기타소매,부산광역시,부산진구,부전동,5000,300,0,0,41,12.4,1층,부전동 권리금 없는대로변에  1층 상가,https://www.zigbang.com/home/store/items/731161
2026-06-27 07:36:39,상가사무실,720003,임대,기타,부산광역시,동구,범일동,5000,300,0,0,221.49,67.0,1층,"중심 상권, 유동 인구 많은 범일동 공실",https://www.zigbang.com/home/store/items/720003
2026-06-27 07:36:39,상가사무실,712845,임대,기타,부산광역시,부산진구,부전동,9500,510,0,0,258.93,78.33,지하1층,"주거지 상권, 수요도 많은 부전동 공실",https://www.zigbang.com/home/store/items/712845
2026-06-27 07:36:39,상가사무실,706730,임대,기타,부산광역시,동구,초량동,2000,160,0,0,159.6,48.28,4층,"역세권 상권, 주목도 높은 초량동 공실",https://www.zigbang.com/home/store/items/706730
2026-06-27 07:36:40,상가사무실,739612,임대,기타,광주광역시,광산구,삼거동,10000,250,0,0,178.51,54.0,1층,광산구 삼거동 신축 건물 1층 상가,https://www.zigbang.com/home/store/items/739612
2026-06-27 07:36:41,상가사무실,911468,임대,기타,광주광역시,광산구,신가동,1000,40,0,2500,125.62,38.0,3층,광주 광산구 월40 렌탈스튜디오+파티룸 양도,https://www.zigbang.com/home/store/items/911468
2026-06-27 07:36:41,상가사무실,910122,임대,기타,광주광역시,서구,쌍촌동,1000,60,0,0,33.06,10.0,1층,상일중학교 정문 앞 깨끗한 사무실 임대합니다.,https://www.zigbang.com/home/store/items/910122
2026-06-27 07:36:41,상가사무실,913907,임대,기타,광주광역시,서구,쌍촌동,1000,80,0,0,115.7,35.0,4층,상일중학교 정문 앞 4층 상가입니다.,https://www.zigbang.com/home/store/items/913907
2026-06-27 07:36:41,상가사무실,887761,임대,기타주점,광주광역시,광산구,수완동,2000,135,0,2000,142,42.95,2층,광산구 수완동 성업중인 2층 모던바 양도,https://www.zigbang.com/home/store/items/887761
2026-06-27 07:36:41,상가사무실,887370,매매,기타,광주광역시,광산구,신창동,0,0,20000,0,42,12.7,1층,광산구 신창동 접근성 대로변 1층 상가 매매 ,https://www.zigbang.com/home/store/items/887370
2026-06-27 07:36:41,상가사무실,880673,임대,기타소매,광주광역시,광산구,신가동,2000,100,0,700,26.45,8.0,1층,대로변상권 접근성 좋은 신가동 휴대폰매장,https://www.zigbang.com/home/store/items/880673
2026-06-27 07:36:41,상가사무실,866183,임대,기타소매,광주광역시,서구,쌍촌동,2000,120,0,0,120.99,36.6,1층,"무권리, 서구 쌍촌동, 즉시입주가능한 1층 공실 상가",https://www.zigbang.com/home/store/items/866183
2026-06-27 07:36:41,상가사무실,869925,임대,미용/네일/피부관리,광주광역시,서구,동천동,3000,130,0,2000,46.28,14.0,1층,서구 동천동 위치좋은 1층 네일  임대,https://www.zigbang.com/home/store/items/869925
2026-06-27 07:36:41,상가사무실,842562,임대,사무실,광주광역시,서구,쌍촌동,3000,80,0,0,113,34.18,4층,"대로변 상권, 접근성 좋은 쌍촌동 공실",https://www.zigbang.com/home/store/items/842562
2026-06-27 07:36:41,상가사무실,845384,임대,화장품,광주광역시,서구,동천동,2000,140,0,3000,49.59,15.0,1층,서구 동천동 접근성 좋은 1층 상가 임대,https://www.zigbang.com/home/store/items/845384
2026-06-27 07:36:41,상가사무실,824720,임대,기타,광주광역시,북구,동림동,4000,230,0,200,65.64,19.86,1층,"사거리코너, 접근성 좋은 동림동 1층 상가",https://www.zigbang.com/home/store/items/824720
2026-06-27 07:36:41,상가사무실,823663,임대,기타,광주광역시,서구,쌍촌동,1000,110,0,4500,123.78,37.44,2층,"쌍촌동 주택가상권 위치, 인테리어 완비된 애견유치원",https://www.zigbang.com/home/store/items/823663
2026-06-27 07:36:41,상가사무실,813480,매매,사무실,광주광역시,북구,동림동,0,0,7000,0,113.47,34.33,4층,"무권리, 공간활용도 높은 동림동 단지 내 공실매매",https://www.zigbang.com/home/store/items/813480
2026-06-27 07:36:41,상가사무실,811450,임대,기타소매,광주광역시,서구,쌍촌동,15000,0,0,0,30.81,9.32,1층,"무권리, 고정수요 탄탄한 쌍촌동 단지내 상가 전세",https://www.zigbang.com/home/store/items/811450
2026-06-27 07:36:41,상가사무실,807214,매매,기타,광주광역시,서구,쌍촌동,0,0,25000,0,30.81,9.32,1층,고정수요 탄탄한 쌍촌동 단지내 상가 매매,https://www.zigbang.com/home/store/items/807214
2026-06-27 07:36:41,상가사무실,810060,임대,분식,광주광역시,서구,쌍촌동,1000,71,0,3000,109.2,33.03,1층,"대로변 상권, 주목도 높은 쌍촌동 1층 상가",https://www.zigbang.com/home/store/items/810060
2026-06-27 07:36:41,상가사무실,793732,임대,한식/고기집,광주광역시,서구,치평동,2000,100,0,3500,113.12,34.22,1층,서구 치평동  먹자골목 내  1층 상가 임대,https://www.zigbang.com/home/store/items/793732
2026-06-27 07:36:41,상가사무실,783462,임대,중식,광주광역시,서구,치평동,1000,110,0,3800,121.68,36.81,1층,"시청 먹자골목 위치, 시설 집기 완비된 치평동 중식당",https://www.zigbang.com/home/store/items/783462
2026-06-27 07:36:41,상가사무실,777197,임대,기타,광주광역시,광산구,신가동,2000,120,0,0,240.38,72.71,3층,"깔끔한 시설, 주거지역에 위치한 신가동 공실",https://www.zigbang.com/home/store/items/777197
2026-06-27 07:36:41,상가사무실,764607,임대,기타,광주광역시,서구,쌍촌동,1000,120,0,0,71.59,21.66,1층,서구 쌍촌동 접근성 좋은 1층 상가,https://www.zigbang.com/home/store/items/764607
2026-06-27 07:36:41,상가사무실,730102,임대,카페/커피,광주광역시,서구,치평동,2000,115,0,8000,43.88,13.27,1층,"오피스 상권, 단골손님 많은 치평동 카페",https://www.zigbang.com/home/store/items/730102
2026-06-27 07:36:41,상가사무실,678871,임대,기타,광주광역시,서구,유촌동,5000,120,0,0,132.23,40.0,1층,무권리 유촌동 상가,https://www.zigbang.com/home/store/items/678871
2026-06-27 07:36:41,상가사무실,678865,임대,기타,광주광역시,서구,유촌동,4000,50,0,0,112.4,34.0,5층,무권리 유촌동 상가,https://www.zigbang.com/home/store/items/678865
2026-06-27 07:36:41,상가사무실,654946,임대,기타,광주광역시,광산구,신창동,3000,200,0,0,198.35,60.0,3층,무권리 신창동 공실 상가,https://www.zigbang.com/home/store/items/654946
2026-06-27 07:36:41,상가사무실,654947,임대,기타,광주광역시,광산구,신창동,4500,300,0,0,198.35,60.0,2층,무권리 신창동 공실 상가,https://www.zigbang.com/home/store/items/654947
2026-06-27 07:36:41,상가사무실,939327,임대,기타,광주광역시,광산구,흑석동,2000,200,0,0,181.82,55.0,3층,하남 광산세무서 사무실 상가 스튜디오 시설완비,https://www.zigbang.com/home/store/items/939327
2026-06-27 07:36:41,상가사무실,922605,임대,카페/커피,광주광역시,광산구,장덕동,3000,190,0,0,48.6,14.7,1층,[공차 임대중] 버스정류장 앞 1층 상가,https://www.zigbang.com/home/store/items/922605
2026-06-27 07:36:41,상가사무실,913116,임대,사무실,광주광역시,광산구,흑석동,2000,230,0,0,181.82,55.0,3층,우솔 빌딩,https://www.zigbang.com/home/store/items/913116
2026-06-27 07:36:41,상가사무실,898181,임대,분식,광주광역시,광산구,산정동,2000,110,0,0,42.98,13.0,1층,하남2지구 하남도서관 맞은편 상가 ,https://www.zigbang.com/home/store/items/898181
2026-06-27 07:36:41,상가사무실,861182,임대,패스트푸드/피자,광주광역시,광산구,운남동,2000,160,0,8500,59.5,18.0,1층,"아파트 밀집지역, 단골고객 많은 프랜차이즈피자 양도양수",https://www.zigbang.com/home/store/items/861182
2026-06-27 07:36:41,상가사무실,887545,매매,카페/커피,광주광역시,광산구,산정동,0,0,20000,0,35.75,10.81,1층,안정적인 수익 창출 가능한 산정동 아파트 단지내 상가 매매,https://www.zigbang.com/home/store/items/887545
2026-06-27 07:36:41,상가사무실,820598,임대,기타,광주광역시,광산구,장덕동,4000,250,0,0,89.26,27.0,1층,광산구 장덕동  위치좋은 1층 상가 임대,https://www.zigbang.com/home/store/items/820598
2026-06-27 07:36:41,상가사무실,887362,임대,편의점/슈퍼,광주광역시,광산구,하남동,2000,140,0,2000,66.32,20.06,1층,광산구 하남동 성업중인 주택가 1층 편의점 양도 ,https://www.zigbang.com/home/store/items/887362
2026-06-27 07:36:41,상가사무실,820578,임대,기타소매,광주광역시,광산구,하남동,1000,80,0,0,34.56,10.45,1층,"무권리, 하남동 대로변에 위치한 1층 상가 임대",https://www.zigbang.com/home/store/items/820578
2026-06-27 07:36:41,상가사무실,886109,매매,기타,광주광역시,광산구,산정동,0,0,170000,0,253.19,76.59,1층,광산구 산정동 위치 좋은 상가 주택 임대  ,https://www.zigbang.com/home/store/items/886109
2026-06-27 07:36:41,상가사무실,886107,임대,기타,광주광역시,광산구,산정동,5000,300,0,0,253.19,76.59,1층,광산구 산정동 접근성좋은 상가 주택 임대  ,https://www.zigbang.com/home/store/items/886107
2026-06-27 07:36:41,상가사무실,868099,임대,패스트푸드/피자,광주광역시,광산구,장덕동,3000,150,0,200,39.67,12.0,1층,광주 장덕동 대로변 코너 피자 매물,https://www.zigbang.com/home/store/items/868099
2026-06-27 07:36:41,상가사무실,843239,임대,가구/가전,광주광역시,광산구,하남동,3000,160,0,3000,89,26.92,1층,하남동 접근성 좋은 대로변 1층 정육점,https://www.zigbang.com/home/store/items/843239
2026-06-27 07:36:41,상가사무실,820579,매매,기타소매,광주광역시,광산구,하남동,0,0,48000,0,34.56,10.45,1층,"하남동 대로변 위치, 가시성 뛰어난 1층 상가 매매",https://www.zigbang.com/home/store/items/820579
2026-06-27 07:36:41,상가사무실,809175,임대,일식/해산물,광주광역시,광산구,우산동,10000,700,0,35000,143.94,43.54,1층,광산구 우산동  접근성 좋은 대로변 단지내 1층 구분상가 임대,https://www.zigbang.com/home/store/items/809175
2026-06-27 07:36:41,상가사무실,797551,임대,미용/네일/피부관리,광주광역시,광산구,장덕동,1500,77,0,1300,33.06,10.0,1층,"장덕동 장덕공원 옆, 내부 시설 등 모두 양도 하는 눈썹미용샵",https://www.zigbang.com/home/store/items/797551
2026-06-27 07:36:41,상가사무실,796788,임대,미용/네일/피부관리,광주광역시,광산구,하남동,1000,70,0,1500,66.12,20.0,1층,"경암근린공원 부근, 주택가상권에 위치한 1층 미용실",https://www.zigbang.com/home/store/items/796788
2026-06-27 07:36:41,상가사무실,791541,임대,가구/가전,광주광역시,광산구,장덕동,1000,85,0,2400,33.06,10.0,1층,장덕동 대로변에 위치한 24시 무인 애견용품 샵,https://www.zigbang.com/home/store/items/791541
2026-06-27 07:36:41,상가사무실,786800,임대,기타,광주광역시,광산구,신가동,6000,320,0,0,119.01,36.0,1층,광산구 신가동  위치 좋은 대로변 1층 상가,https://www.zigbang.com/home/store/items/786800
2026-06-27 07:36:41,상가사무실,774664,임대,기타,광주광역시,광산구,우산동,3000,150,0,0,49.59,15.0,1층,광산구 우산동 위치좋은 1층 상가,https://www.zigbang.com/home/store/items/774664
2026-06-27 07:36:41,상가사무실,614582,임대,분식,광주광역시,광산구,하남동,2000,160,0,5000,49.6,15.0,1층,"번화가 상권, 광주 하남동 분식집",https://www.zigbang.com/home/store/items/614582
2026-06-27 07:36:41,상가사무실,550927,매매,치킨/닭요리,광주광역시,광산구,하남동,0,0,50000,6000,66.1,20.0,1층,발달된 상권에 위치한 하남동 치킨집,https://www.zigbang.com/home/store/items/550927
2026-06-27 07:36:41,상가사무실,752940,임대,기타,광주광역시,광산구,신가동,3000,150,0,0,99.17,30.0,2층,"중심 상권, 유동인구 많으며 향후 전망 좋은 신가동 공실",https://www.zigbang.com/home/store/items/752940
2026-06-27 07:36:41,상가사무실,752936,임대,기타,광주광역시,광산구,신가동,5000,200,0,0,66.12,20.0,1층,"중심 상권, 유동인구 많으며 향후 전망 좋은 신가동 공실",https://www.zigbang.com/home/store/items/752936
2026-06-27 07:36:41,상가사무실,716668,임대,일식/해산물,광주광역시,광산구,장덕동,2000,150,0,2800,44.72,13.53,1층,매출 보장 장덕동 상가,https://www.zigbang.com/home/store/items/716668
2026-06-27 07:36:41,상가사무실,716019,임대,노래방/PC방/당구장/기타,광주광역시,광산구,흑석동,1000,75,0,2000,66.12,20.0,1층,흑석동 시설 완비 된 1층 매장,https://www.zigbang.com/home/store/items/716019
2026-06-27 07:36:41,상가사무실,711277,임대,의류/멀티샵,광주광역시,광산구,흑석동,1000,110,0,1500,67.3,20.36,1층,고급진 인테리어의 흑석동 옷가게,https://www.zigbang.com/home/store/items/711277
2026-06-27 07:36:41,상가사무실,936845,임대,사무실,광주광역시,북구,유동,1500,148,0,0,198.35,60.0,7층,"사무실 특화건물 , 공유 오피스급 시설완비 책상의자에어컨지원",https://www.zigbang.com/home/store/items/936845
2026-06-27 07:36:41,상가사무실,936548,임대,병원,광주광역시,북구,유동,5000,600,0,0,405.68,122.72,6층,"대로변 , 대단지 신축 인근 , 모든 업종 환영합니다 적극 협의 가능",https://www.zigbang.com/home/store/items/936548
2026-06-27 07:36:41,상가사무실,936256,임대,기타,광주광역시,북구,유동,1500,200,0,0,264.4,79.98,4층,"대형사무실,대형학원,지하주차장,대로변접",https://www.zigbang.com/home/store/items/936256
2026-06-27 07:36:41,상가사무실,908299,임대,기타소매,광주광역시,서구,화정동,300,5,0,0,32.13,9.72,2층,전자제품 업무용 임대합니다 ,https://www.zigbang.com/home/store/items/908299
2026-06-27 07:36:41,상가사무실,894282,임대,기타소매,광주광역시,북구,용봉동,2000,110,0,9500,66.12,20.0,1층,여름 시즌 대박템 요거트 월드 광주북구점 양도 양수,https://www.zigbang.com/home/store/items/894282
2026-06-27 07:36:41,상가사무실,893351,임대,카페/커피,광주광역시,북구,신안동,5000,275,0,7000,130,39.32,1층,전남대 광주캠퍼스 정문 앞 가장 좋은 자리,https://www.zigbang.com/home/store/items/893351
2026-06-27 07:36:41,상가사무실,891549,임대,한식/고기집,광주광역시,북구,운암동,700,59,0,0,19.8,5.99,1층,경신여고 사거리 번화가에 위치,https://www.zigbang.com/home/store/items/891549
2026-06-27 07:36:41,상가사무실,891850,임대,사무실,광주광역시,북구,신안동,2000,95,0,0,199.45,60.33,2층,광주 북구 오피스 상권 내 2층 공실 임대,https://www.zigbang.com/home/store/items/891850
2026-06-27 07:36:41,상가사무실,882879,임대,기타,광주광역시,북구,용봉동,2000,230,0,0,216.72,65.56,1층,"대학가상권, 유동인구 많은 용봉동 1층 상가",https://www.zigbang.com/home/store/items/882879
2026-06-27 07:36:41,상가사무실,875011,임대,카페/커피,광주광역시,북구,매곡동,3000,220,0,6000,132.23,40.0,1층,광주 매곡동 프랜차이즈 카페 1층 상가 임대,https://www.zigbang.com/home/store/items/875011
2026-06-27 07:36:41,상가사무실,862702,임대,사무실,광주광역시,서구,농성동,1500,120,0,0,89.99,27.22,2층,"서구 농성동, 대로변 코너 위치, 접근성 뛰어난 2층 사무실",https://www.zigbang.com/home/store/items/862702
2026-06-27 07:36:41,상가사무실,862703,매매,사무실,광주광역시,서구,농성동,0,0,71400,0,89.99,27.22,2층,"서구 농성동, 대로변 코너 위치, 접근성 뛰어난 2층 사무실 매매",https://www.zigbang.com/home/store/items/862703
2026-06-27 07:36:41,상가사무실,862704,임대,사무실,광주광역시,서구,농성동,1000,110,0,0,89.99,27.22,3층,"서구 농성동, 대로변 코너 위치, 접근성 뛰어난 3층 사무실",https://www.zigbang.com/home/store/items/862704
2026-06-27 07:36:41,상가사무실,862705,매매,사무실,광주광역시,서구,농성동,0,0,61800,0,89.99,27.22,3층,"서구 농성동, 대로변 코너 위치, 접근성 뛰어난 3층 사무실 매매",https://www.zigbang.com/home/store/items/862705
2026-06-27 07:36:41,상가사무실,862706,임대,사무실,광주광역시,서구,농성동,1000,100,0,0,83.66,25.31,3층,"서구 농성동, 대로변 코너 위치, 접근성 뛰어난 3층 사무실",https://www.zigbang.com/home/store/items/862706
2026-06-27 07:36:41,상가사무실,862708,매매,사무실,광주광역시,서구,농성동,0,0,46600,0,83.66,25.31,3층,"서구 농성동, 대로변 코너 위치, 접근성 뛰어난 3층 사무실 매매",https://www.zigbang.com/home/store/items/862708
2026-06-27 07:36:41,상가사무실,864168,임대,양식/레스토랑,광주광역시,북구,용봉동,1500,70,0,8000,92.11,27.86,1층,"매출보장, 전대후문 인테리어 완비된 용봉동 음식점",https://www.zigbang.com/home/store/items/864168
2026-06-27 07:36:41,상가사무실,863774,임대,기타,광주광역시,북구,용봉동,2000,150,0,0,138.84,42.0,2층,"무권리, 다용도로 활용 가능한 용봉동 2층 공실 상가",https://www.zigbang.com/home/store/items/863774
2026-06-27 07:36:41,상가사무실,863772,임대,기타,광주광역시,북구,용봉동,1000,70,0,0,66.12,20.0,2층,"무권리, 다용도로 활용 가능한 용봉동 2층 공실 상가",https://www.zigbang.com/home/store/items/863772
2026-06-27 07:36:41,상가사무실,863771,임대,기타,광주광역시,북구,용봉동,1000,80,0,0,72.73,22.0,2층,"무권리, 다용도로 활용 가능한 용봉동 2층 공실 상가",https://www.zigbang.com/home/store/items/863771
2026-06-27 07:36:41,상가사무실,800509,임대,한식/고기집,광주광역시,북구,용봉동,10000,300,0,6000,210.77,63.76,1층,북구 용봉동 위치 좋은 1층 상가 임대,https://www.zigbang.com/home/store/items/800509
2026-06-27 07:36:41,상가사무실,859633,임대,기타,광주광역시,북구,유동,3000,200,0,0,138.09,41.77,2층,북구 유동 즉시 입주 가능한 2층 상가 임대,https://www.zigbang.com/home/store/items/859633
2026-06-27 07:36:41,상가사무실,859632,임대,기타,광주광역시,북구,유동,3000,200,0,0,127.71,38.63,2층,북구 유동 즉시 입주 가능한 2층 상가 임대,https://www.zigbang.com/home/store/items/859632
2026-06-27 07:36:41,상가사무실,859630,임대,기타,광주광역시,북구,유동,3000,200,0,0,127.71,38.63,2층,북구 유동 즉시 입주 가능한 2층 상가 임대,https://www.zigbang.com/home/store/items/859630
2026-06-27 07:36:41,상가사무실,859629,임대,기타,광주광역시,북구,유동,3000,200,0,0,126.36,38.22,2층,북구 유동 즉시 입주 가능한 2층 상가 임대,https://www.zigbang.com/home/store/items/859629
2026-06-27 07:36:41,상가사무실,859628,임대,기타,광주광역시,북구,유동,3000,200,0,0,131.47,39.77,2층,북구 유동 즉시 입주 가능한 2층 상가 임대,https://www.zigbang.com/home/store/items/859628
2026-06-27 07:36:41,상가사무실,859290,임대,기타,광주광역시,북구,유동,3000,200,0,0,132.23,40.0,1층,북구 유동 즉시 입주 가능한 1층 상가,https://www.zigbang.com/home/store/items/859290
2026-06-27 07:36:41,상가사무실,845516,임대,기타,광주광역시,북구,매곡동,2000,100,0,0,177.1,53.57,3층,북구 매곡동 접근성좋은 3층 상가 임대,https://www.zigbang.com/home/store/items/845516
2026-06-27 07:36:41,상가사무실,824248,매매,기타,광주광역시,북구,용봉동,0,0,156000,0,921.11,278.63,1층,다용도로 활용 가능한 용봉동 근생 상가 건물 통매매,https://www.zigbang.com/home/store/items/824248
2026-06-27 07:36:41,상가사무실,824237,임대,기타,광주광역시,북구,용봉동,1000,65,0,0,69.42,21.0,3층,"무권리, 다용도로 활용 가능한 용봉동 공실 상가",https://www.zigbang.com/home/store/items/824237
2026-06-27 07:36:41,상가사무실,819262,임대,기타,광주광역시,북구,양산동,2000,30,0,3000,39.67,12.0,1층,북구 양산동 접근성좋은 대로변 1층 상가,https://www.zigbang.com/home/store/items/819262
2026-06-27 07:36:41,상가사무실,807149,임대,미용/네일/피부관리,광주광역시,북구,용봉동,1000,52,0,1000,68.2,20.63,2층,북구 용봉동   위치좋은대로변  2층 뷰티샵 임대,https://www.zigbang.com/home/store/items/807149
2026-06-27 07:36:41,상가사무실,804870,매매,기타,광주광역시,서구,화정동,0,0,5000,0,33.06,10.0,2층,"농성역 인근, 2층 화정동 공실 매매",https://www.zigbang.com/home/store/items/804870
2026-06-27 07:36:41,상가사무실,785200,매매,미용/네일/피부관리,광주광역시,북구,용봉동,0,0,11000,0,36.7,11.1,1층,용봉동 아파트 단지 입구 1층 피부관리샵,https://www.zigbang.com/home/store/items/785200
2026-06-27 07:36:41,상가사무실,786836,임대,학원/학업관련,광주광역시,북구,오치동,1000,80,0,2500,148.76,45.0,3층,북구 오치동 내부시설 좋은 음악학원,https://www.zigbang.com/home/store/items/786836
2026-06-27 07:36:41,상가사무실,747828,임대,기타,광주광역시,북구,용봉동,1000,90,0,0,95.87,29.0,2층,북구 용봉동 학원 인테리어 갖춘 2층 상가,https://www.zigbang.com/home/store/items/747828
2026-06-27 07:36:41,상가사무실,768333,임대,카페/커피,광주광역시,북구,중흥동,1000,90,0,2900,26.45,8.0,1층,북구 중흥동 인테리어 이쁜 1층 카페,https://www.zigbang.com/home/store/items/768333
2026-06-27 07:36:41,상가사무실,763151,임대,카페/커피,광주광역시,북구,운암동,1000,80,0,3500,28.06,8.49,1층,단골고객 많은 운암동 샌드위치 카페,https://www.zigbang.com/home/store/items/763151
2026-06-27 07:36:41,상가사무실,752660,매매,숙박/펜션,광주광역시,북구,신안동,0,0,330000,0,1202.03,363.61,1층,"상업지 상권, 유동인구 많은 신안동 건물 통매매",https://www.zigbang.com/home/store/items/752660
2026-06-27 07:36:41,상가사무실,743393,임대,기타,광주광역시,북구,용봉동,7000,350,0,0,132.23,40.0,1층,"대학교 상권, 주목도 높은 용봉동 공실",https://www.zigbang.com/home/store/items/743393
2026-06-27 07:36:41,상가사무실,732353,임대,기타,광주광역시,북구,신안동,2000,130,0,0,49.59,15.0,1층,유동인구 많고 교통편이 좋은 신안동 1층 공실,https://www.zigbang.com/home/store/items/732353
2026-06-27 07:36:41,상가사무실,738279,임대,학원/학업관련,광주광역시,북구,신안동,2000,103,0,2000,178.8,54.09,2층,"대로변 상권, 주목도 높은 신안동 매장",https://www.zigbang.com/home/store/items/738279
2026-06-27 07:36:41,상가사무실,732357,임대,기타,광주광역시,북구,신안동,2500,150,0,0,177.37,53.65,2층,유동인구 많고 교통편이 좋은 신안동 2층 공실,https://www.zigbang.com/home/store/items/732357
2026-06-27 07:36:41,상가사무실,558551,임대,패스트푸드/피자,광주광역시,북구,용봉동,1000,45,0,5000,49.6,15.0,1층,광주 북구에 위치한 피자점 양도,https://www.zigbang.com/home/store/items/558551
2026-06-27 07:36:41,상가사무실,558397,임대,사무실,광주광역시,북구,매곡동,500,30,0,0,50,15.12,4층,0하백초등학교와 도보로 5분거리0,https://www.zigbang.com/home/store/items/558397
2026-06-27 07:36:41,상가사무실,558393,임대,사무실,광주광역시,북구,매곡동,1000,50,0,0,68,20.57,3층,0하백초등학교와 도보로 5분거리0,https://www.zigbang.com/home/store/items/558393
2026-06-27 07:36:41,상가사무실,553454,임대,사무실,광주광역시,북구,용봉동,2000,80,0,0,119,36.0,6층,■대로변에 위치하고 있어서 접근성 및 편리성 매우 높은 사무실 임대■,https://www.zigbang.com/home/store/items/553454
2026-06-27 07:36:41,상가사무실,553450,임대,사무실,광주광역시,북구,신안동,1000,50,0,0,112.4,34.0,2층,■대로변에 위치하고 있어서 접근성 및 편리성 매우 높은 사무실 임대■,https://www.zigbang.com/home/store/items/553450
2026-06-27 07:36:41,상가사무실,709911,임대,기타,광주광역시,북구,용봉동,2000,180,0,4000,69.42,21.0,1층,"시설집기 포함, 대로변 1층 용봉동 상가",https://www.zigbang.com/home/store/items/709911
2026-06-27 07:36:41,상가사무실,715159,임대,학원/학업관련,광주광역시,북구,중흥동,5000,350,0,9000,198.35,60.0,2층,"전남대 후문 도보 3분, 고객 수요 많은 인테리어 최상 스터디카페",https://www.zigbang.com/home/store/items/715159
2026-06-27 07:36:41,상가사무실,690540,임대,기타,광주광역시,서구,농성동,5000,320,0,0,138.84,42.0,2층,컨디션이 좋은 신축 농성동 상가 공실,https://www.zigbang.com/home/store/items/690540
2026-06-27 07:36:41,상가사무실,672590,임대,기타,광주광역시,북구,매곡동,2000,140,0,3500,99.17,30.0,1층,매곡동 대로변 상권 인테리어 깔끔한 판매점,https://www.zigbang.com/home/store/items/672590
2026-06-27 07:36:41,상가사무실,926144,임대,학원/학업관련,광주광역시,광산구,수완동,5000,400,0,0,230,69.57,2층,"압도적인 주차시설,수완대로변라인,예식장라인",https://www.zigbang.com/home/store/items/926144
2026-06-27 07:36:41,상가사무실,888688,매매,기타,광주광역시,광산구,오선동,0,0,23000,0,87.4,26.44,3층,하남 일반산업단지 내에 위치한 오선동 공실,https://www.zigbang.com/home/store/items/888688
2026-06-27 07:36:41,상가사무실,888687,임대,기타,광주광역시,광산구,오선동,1000,80,0,0,87.4,26.44,3층,하남 일반산업단지 내에 위치한 오선동 공실,https://www.zigbang.com/home/store/items/888687
2026-06-27 07:36:41,상가사무실,867788,임대,치킨/닭요리,광주광역시,광산구,비아동,1000,65,0,1000,74.82,22.63,1층,"광산구 비아동, 인테리어 및 시설 완비된 1층 치킨전문점",https://www.zigbang.com/home/store/items/867788
2026-06-27 07:36:41,상가사무실,829878,임대,미용/네일/피부관리,광주광역시,광산구,장덕동,2500,120,0,2000,30,9.07,1층,"광산구 장덕동, 깔끔한 인테리어 완비된 1층 미용실",https://www.zigbang.com/home/store/items/829878
2026-06-27 07:36:41,상가사무실,855123,임대,한식/고기집,광주광역시,광산구,도천동,1000,50,0,1000,31.9,9.65,1층,"광산구 도천동, 항아리상권 가시성 좋은 1층 주점",https://www.zigbang.com/home/store/items/855123
2026-06-27 07:36:41,상가사무실,828878,매매,사무실,광주광역시,광산구,오선동,0,0,20000,0,85.64,25.91,7층,산업단지 주목도 높은 광산구 오선동 중형 사무실,https://www.zigbang.com/home/store/items/828878
2026-06-27 07:36:41,상가사무실,828876,임대,사무실,광주광역시,광산구,오선동,800,80,0,0,85.64,25.91,7층,산업단지 주목도 높은 광산구 오선동 중형 사무실,https://www.zigbang.com/home/store/items/828876
2026-06-27 07:36:41,상가사무실,828887,매매,기타,광주광역시,광산구,오선동,0,0,30000,0,85.64,25.91,3층,산업단지 주목도 높은 중형 공장,https://www.zigbang.com/home/store/items/828887
2026-06-27 07:36:41,상가사무실,828883,매매,기타,광주광역시,광산구,오선동,0,0,30000,0,85.64,25.91,3층,산업단지 주목도 높은 중형 공장,https://www.zigbang.com/home/store/items/828883
2026-06-27 07:36:41,상가사무실,785960,매매,기타,광주광역시,광산구,오선동,0,0,38000,0,132.41,40.05,2층,오선동 신축 지식산업센터 내 공실상가 매매,https://www.zigbang.com/home/store/items/785960
2026-06-27 07:36:41,상가사무실,785961,임대,기타,광주광역시,광산구,오선동,2000,150,0,0,132.41,40.05,2층,오선동 신축 지식산업센터 내 무권리 공실상가,https://www.zigbang.com/home/store/items/785961
2026-06-27 07:36:41,상가사무실,751703,임대,기타,광주광역시,광산구,비아동,6000,250,0,0,105.79,32.0,2층,광산구 비아동 위치 좋은 1층 상가,https://www.zigbang.com/home/store/items/751703
2026-06-27 07:36:41,상가사무실,713224,임대,기타,광주광역시,광산구,수완동,2000,30,0,1000,9.92,3.0,1층,아기자기한 수완동 공실,https://www.zigbang.com/home/store/items/713224
2026-06-27 07:36:41,상가사무실,703555,임대,퓨전/쌀국수,광주광역시,광산구,도천동,5000,200,0,3500,168.6,51.0,1층,단골 고객이 많은 도천동 1층 음식점,https://www.zigbang.com/home/store/items/703555
2026-06-27 07:36:41,상가사무실,910074,임대,미용/네일/피부관리,광주광역시,북구,양산동,3000,146,0,5000,109.84,33.23,1층,바로 영업가능 미용실,https://www.zigbang.com/home/store/items/910074
2026-06-27 07:36:41,상가사무실,810625,임대,편의점/슈퍼,광주광역시,북구,양산동,3000,150,0,1000,92.39,27.95,1층,"양산동 주택가 상권 위치, 아파트단지 내 1층 상가 임대",https://www.zigbang.com/home/store/items/810625
2026-06-27 07:36:41,상가사무실,939517,임대,퓨전/쌀국수,광주광역시,북구,연제동,5000,170,0,0,125.11,37.85,1층,"코너변,무권리,첨단2지구,먹거리상권",https://www.zigbang.com/home/store/items/939517
2026-06-27 07:36:41,상가사무실,898731,매매,기타,광주광역시,광산구,산월동,0,0,220000,0,661.16,200.0,3층,첨단제일풍경채옆 노유자시설 모든업종가능,https://www.zigbang.com/home/store/items/898731
2026-06-27 07:36:41,상가사무실,901051,임대,미용/네일/피부관리,광주광역시,광산구,쌍암동,3000,150,0,0,92.88,28.1,2층,첨단 시너지길 메인거리 가시성 좋은 2층 상가,https://www.zigbang.com/home/store/items/901051
2026-06-27 07:36:41,상가사무실,885230,임대,기타,광주광역시,광산구,월계동,2000,55,0,0,66.16,20.01,2층,배후수요 풍부한 월계동 아파트 단지내 상가,https://www.zigbang.com/home/store/items/885230
2026-06-27 07:36:41,상가사무실,878175,임대,기타,광주광역시,광산구,쌍암동,6000,400,0,0,207.69,62.83,2층,"메인상권, 유동인구 많은 쌍암동 2층 대형상가",https://www.zigbang.com/home/store/items/878175
2026-06-27 07:36:41,상가사무실,844247,임대,기타소매,광주광역시,광산구,월계동,10000,600,0,0,145.21,43.93,1층,광산구 월계동 위치좋은 대로변 1층 상가 임대,https://www.zigbang.com/home/store/items/844247
2026-06-27 07:36:41,상가사무실,844287,임대,패스트푸드/피자,광주광역시,광산구,쌍암동,1000,80,0,2500,80.27,24.28,1층,"광산구 쌍암동, 오피스 및 주거 상권 피자전문점",https://www.zigbang.com/home/store/items/844287
2026-06-27 07:36:41,상가사무실,843792,임대,노래방/PC방/당구장/기타,광주광역시,광산구,월계동,1000,60,0,1300,130.92,39.6,지하1층,"시설집기 포함, 인테리어 완비된 월계동 노래방",https://www.zigbang.com/home/store/items/843792
2026-06-27 07:36:41,상가사무실,842825,매매,기타,광주광역시,북구,연제동,0,0,32000,0,197.48,59.74,5층,신용동 대로변 주목도 높은 수익상가 매매,https://www.zigbang.com/home/store/items/842825
2026-06-27 07:36:41,상가사무실,840596,임대,요가/마사지,광주광역시,광산구,쌍암동,1500,110,0,3000,165,49.91,2층,쌍암동 번화가 먹자골목 가시성 좋은 2층 마사지 샵,https://www.zigbang.com/home/store/items/840596
2026-06-27 07:36:41,상가사무실,839970,임대,미용/네일/피부관리,광주광역시,광산구,월계동,500,60,0,2000,63.45,19.19,2층,월계동 첨단 대로변 주목도높은 상가 뷰티샵,https://www.zigbang.com/home/store/items/839970
2026-06-27 07:36:41,상가사무실,814315,매매,기타,광주광역시,북구,연제동,0,0,35000,0,50.4,15.25,1층,북구 신용동 위치좋은 1층 상가 매매,https://www.zigbang.com/home/store/items/814315
2026-06-27 07:36:41,상가사무실,831924,임대,사무실,광주광역시,광산구,쌍암동,2000,90,0,0,86.4,26.14,3층,광산구 쌍암동 위치좋은 3층 사무실 임대,https://www.zigbang.com/home/store/items/831924
2026-06-27 07:36:41,상가사무실,799975,임대,사무실,광주광역시,광산구,쌍암동,3000,170,0,0,163.64,49.5,3층,광산구 쌍암동 위치좋은 3층 사무실 임대,https://www.zigbang.com/home/store/items/799975
2026-06-27 07:36:41,상가사무실,825661,매매,,광주광역시,광산구,쌍암동,0,0,51000,0,181.82,55.0,4층,광주 광산구에 위치한 중식당 양도,https://www.zigbang.com/home/store/items/825661
2026-06-27 07:36:41,상가사무실,558578,임대,중식,광주광역시,광산구,쌍암동,3000,150,0,0,184,55.66,4층,광주 광산구에 위치한 중식당 양도,https://www.zigbang.com/home/store/items/558578
2026-06-27 07:36:41,상가사무실,817655,매매,사무실,광주광역시,북구,오룡동,0,0,14000,0,40.74,12.32,12층,"깔끔한 시설,  오룡동 지식산업센터 내 사무실 매매",https://www.zigbang.com/home/store/items/817655
2026-06-27 07:36:41,상가사무실,816319,매매,기타,광주광역시,광산구,쌍암동,0,0,115000,0,76.22,23.06,1층,"중심 상권, 유동인구 많은 1층 쌍암동 공실 매매",https://www.zigbang.com/home/store/items/816319
2026-06-27 07:36:41,상가사무실,816318,임대,기타,광주광역시,광산구,쌍암동,6000,360,0,0,76.22,23.06,1층,"중심 상권, 유동인구 많은 1층 쌍암동 공실 임대",https://www.zigbang.com/home/store/items/816318
2026-06-27 07:36:41,상가사무실,807470,임대,분식,광주광역시,광산구,쌍암동,1000,105,0,3000,73.5,22.23,1층,"대로변 상권, 접근성 좋은 쌍암동 분식점",https://www.zigbang.com/home/store/items/807470
2026-06-27 07:36:41,상가사무실,805660,임대,베이커리,광주광역시,광산구,월계동,8000,773,0,2000,396.69,120.0,5층,"테라스,루프탑이 있는 월계동 5층 베이커리 카페",https://www.zigbang.com/home/store/items/805660
2026-06-27 07:36:41,상가사무실,804847,임대,기타소매,광주광역시,북구,신용동,2000,120,0,0,40.89,12.37,1층,"무권리, 즉시입주가능, 북구 신용동 아파트단지 내 1층 상가",https://www.zigbang.com/home/store/items/804847
2026-06-27 07:36:41,상가사무실,804189,임대,퓨전/쌀국수,광주광역시,북구,신용동,3000,200,0,3500,62.1,18.79,1층,북구 신용동  위치 좋은 1층 상가,https://www.zigbang.com/home/store/items/804189
2026-06-27 07:36:41,상가사무실,797753,임대,기타주점,광주광역시,북구,신용동,3000,110,0,3500,69.85,21.13,1층,"신용동 항아리상권, 인테리어 완비된 이자카야",https://www.zigbang.com/home/store/items/797753
2026-06-27 07:36:41,상가사무실,782659,임대,편의점/슈퍼,광주광역시,광산구,월계동,20000,1000,0,0,394.2,119.24,1층,"주거지역, 단골 고객 많은 월계동 마트",https://www.zigbang.com/home/store/items/782659
2026-06-27 07:36:41,상가사무실,776101,임대,기타,광주광역시,광산구,월계동,2000,100,0,0,68.11,20.6,2층,"중심 상권, 유동 인구 많은 월계동 공실",https://www.zigbang.com/home/store/items/776101
2026-06-27 07:36:41,상가사무실,625023,임대,기타,광주광역시,광산구,월계동,5000,410,0,4000,492.6,149.01,1층,월계동 주목도 높은 애견 업종 건물 통임차,https://www.zigbang.com/home/store/items/625023
2026-06-27 07:36:41,상가사무실,763155,임대,기타주점,광주광역시,광산구,월계동,6000,561,0,7000,264.46,80.0,3층,광산구 월계동 인테리어 이쁜 3층 상가,https://www.zigbang.com/home/store/items/763155
2026-06-27 07:36:41,상가사무실,758402,임대,기타,광주광역시,광산구,쌍암동,4000,293,0,0,49.59,15.0,1층,광산구 쌍암동 위치 좋은 1층 상가,https://www.zigbang.com/home/store/items/758402
2026-06-27 07:36:41,상가사무실,756931,임대,기타,광주광역시,광산구,쌍암동,3500,200,0,0,62.13,18.79,지하1층,"상업지 상권, 수요도 많은 쌍암동 공실",https://www.zigbang.com/home/store/items/756931
2026-06-27 07:36:41,상가사무실,756932,임대,퓨전/쌀국수,광주광역시,광산구,쌍암동,5000,470,0,5000,307.97,93.16,3층,"번화가 상권, 유동인구 많은 쌍암동 매장",https://www.zigbang.com/home/store/items/756932
2026-06-27 07:36:41,상가사무실,726197,임대,기타,광주광역시,광산구,월계동,2000,90,0,0,242,73.2,지하1층,"주거지 상권, 주목도 높은 월계동 매장",https://www.zigbang.com/home/store/items/726197
2026-06-27 07:36:41,상가사무실,558384,임대,사무실,광주광역시,광산구,쌍암동,10000,450,0,0,380.2,115.01,2층,0대로변 코너에 위치0,https://www.zigbang.com/home/store/items/558384
2026-06-27 07:36:41,상가사무실,553517,임대,사무실,광주광역시,북구,오룡동,3000,70,0,0,86,26.01,7층,■이면에 위치해 조용한 지식산업센터 깔끔한 사무실 임대 안내■,https://www.zigbang.com/home/store/items/553517
2026-06-27 07:36:41,상가사무실,553515,임대,사무실,광주광역시,북구,오룡동,3000,70,0,0,86,26.01,7층,■이면에 위치해 조용한 지식산업센터 깔끔한 사무실 임대 안내■,https://www.zigbang.com/home/store/items/553515
2026-06-27 07:36:41,상가사무실,553514,임대,사무실,광주광역시,북구,오룡동,3000,70,0,0,86,26.01,6층,■이면에 위치해 조용한 지식산업센터 깔끔한 사무실 임대 안내■,https://www.zigbang.com/home/store/items/553514
2026-06-27 07:36:41,상가사무실,553513,임대,사무실,광주광역시,북구,오룡동,3000,70,0,0,86,26.01,6층,■이면에 위치해 조용한 지식산업센터 깔끔한 사무실 임대 안내■,https://www.zigbang.com/home/store/items/553513
2026-06-27 07:36:41,상가사무실,553509,임대,사무실,광주광역시,북구,오룡동,3000,70,0,0,86,26.01,6층,■이면에 위치해 조용한 지식산업센터 깔끔한 사무실 임대 안내■,https://www.zigbang.com/home/store/items/553509
2026-06-27 07:36:41,상가사무실,553507,임대,사무실,광주광역시,북구,오룡동,3000,70,0,0,86,26.01,6층,■이면에 위치해 조용한 지식산업센터 깔끔한 사무실 임대 안내■,https://www.zigbang.com/home/store/items/553507
2026-06-27 07:36:41,상가사무실,553504,임대,사무실,광주광역시,북구,오룡동,3000,70,0,0,86,26.01,5층,■이면에 위치해 조용한 지식산업센터 깔끔한 사무실 임대 안내■,https://www.zigbang.com/home/store/items/553504
2026-06-27 07:36:41,상가사무실,553503,임대,사무실,광주광역시,북구,오룡동,3000,70,0,0,86,26.01,5층,■이면에 위치해 조용한 지식산업센터 깔끔한 사무실 임대 안내■,https://www.zigbang.com/home/store/items/553503
2026-06-27 07:36:41,상가사무실,553501,임대,사무실,광주광역시,북구,오룡동,3000,70,0,0,86,26.01,5층,■이면에 위치해 조용한 지식산업센터 깔끔한 사무실 임대 안내■,https://www.zigbang.com/home/store/items/553501
2026-06-27 07:36:41,상가사무실,553498,임대,사무실,광주광역시,북구,오룡동,3000,70,0,0,86,26.01,5층,■이면에 위치해 조용한 지식산업센터 깔끔한 사무실 임대 안내■,https://www.zigbang.com/home/store/items/553498
2026-06-27 07:36:41,상가사무실,553497,임대,사무실,광주광역시,북구,오룡동,3000,70,0,0,86,26.01,4층,■이면에 위치해 조용한 지식산업센터 깔끔한 사무실 임대 안내■,https://www.zigbang.com/home/store/items/553497
2026-06-27 07:36:41,상가사무실,553496,임대,사무실,광주광역시,북구,오룡동,3000,70,0,0,86,26.01,4층,■이면에 위치해 조용한 지식산업센터 깔끔한 사무실 임대 안내■,https://www.zigbang.com/home/store/items/553496
2026-06-27 07:36:41,상가사무실,553493,임대,사무실,광주광역시,북구,오룡동,3000,70,0,0,86,26.01,4층,■이면에 위치해 조용한 지식산업센터 깔끔한 사무실 임대 안내■,https://www.zigbang.com/home/store/items/553493
2026-06-27 07:36:41,상가사무실,553491,임대,사무실,광주광역시,북구,오룡동,3000,70,0,0,86,26.01,4층,■이면에 위치해 조용한 지식산업센터 깔끔한 사무실 임대 안내■,https://www.zigbang.com/home/store/items/553491
2026-06-27 07:36:41,상가사무실,553489,임대,사무실,광주광역시,북구,오룡동,3000,70,0,0,86,26.01,3층,■이면에 위치해 조용한 지식산업센터 깔끔한 사무실 임대 안내■,https://www.zigbang.com/home/store/items/553489
2026-06-27 07:36:41,상가사무실,553484,임대,사무실,광주광역시,북구,오룡동,3000,70,0,0,86,26.01,3층,■이면에 위치해 조용한 지식산업센터 깔끔한 사무실 임대 안내■,https://www.zigbang.com/home/store/items/553484
2026-06-27 07:36:41,상가사무실,553483,임대,사무실,광주광역시,북구,오룡동,3000,70,0,0,86,26.01,2층,■이면에 위치해 조용한 지식산업센터 깔끔한 사무실 임대 안내■,https://www.zigbang.com/home/store/items/553483
2026-06-27 07:36:41,상가사무실,695548,임대,기타소매,광주광역시,광산구,쌍암동,2000,170,0,700,56.2,17.0,1층,"대로변 상권, 주목도 높은 쌍암동 1층 상가",https://www.zigbang.com/home/store/items/695548
2026-06-27 07:36:44,상가사무실,937092,임대,기타,광주광역시,동구,계림동,1000,100,0,0,33.06,10.0,지하1층,계림동아이파크 1층 상가임대,https://www.zigbang.com/home/store/items/937092
2026-06-27 07:36:44,상가사무실,937085,임대,기타소매,광주광역시,북구,우산동,2000,130,0,0,123.88,37.47,1층,"매장앞 주정차편리,구호전인근,대단지무등산자이인근",https://www.zigbang.com/home/store/items/937085
2026-06-27 07:36:44,상가사무실,917092,임대,기타,광주광역시,북구,문흥동,1000,60,0,0,99.17,30.0,2층,먹자골목 완전 코너 2층 전용테라스보유,https://www.zigbang.com/home/store/items/917092
2026-06-27 07:36:44,상가사무실,891921,임대,화장품,광주광역시,북구,두암동,1000,90,0,0,297.5,89.99,5층,경관좋은 교통편리 바로 사용가능한 사무실,https://www.zigbang.com/home/store/items/891921
2026-06-27 07:36:44,상가사무실,911237,임대,사무실,광주광역시,동구,계림동,500,25,0,0,17.45,5.28,2층,구계림동이마트2층상가,https://www.zigbang.com/home/store/items/911237
2026-06-27 07:36:44,상가사무실,880519,임대,기타,광주광역시,북구,중흥동,1500,90,0,0,82.52,24.96,1층,"주거밀집지역, 유동인구 많은 중흥동 1층 상가",https://www.zigbang.com/home/store/items/880519
2026-06-27 07:36:44,상가사무실,900371,임대,기타,광주광역시,북구,문흥동,3000,181,0,0,33.06,10.0,1층,스카이골프클럽 내 골프삽 운영자 모집,https://www.zigbang.com/home/store/items/900371
2026-06-27 07:36:44,상가사무실,890632,임대,기타,광주광역시,북구,두암동,6000,200,0,0,82.64,25.0,3층,"광주 북구 동문대로변, 다양한 업종에 최적화된 넓은 상가 임대",https://www.zigbang.com/home/store/items/890632
2026-06-27 07:36:44,상가사무실,871666,임대,한식/고기집,광주광역시,북구,두암동,2000,115,0,5000,78.38,23.71,1층,북구 두암동 성업중인 1층 상가 임대,https://www.zigbang.com/home/store/items/871666
2026-06-27 07:36:44,상가사무실,873464,임대,편의점/슈퍼,광주광역시,북구,문흥동,10000,400,0,1000,142.15,43.0,1층,대로변 1층 접근성 좋은 문흥동 코너상가,https://www.zigbang.com/home/store/items/873464
2026-06-27 07:36:44,상가사무실,866321,임대,퓨전/쌀국수,광주광역시,북구,오치동,1000,50,0,1700,61.3,18.54,1층,북구 오치동 위치좋은 1층 배달상점 양도,https://www.zigbang.com/home/store/items/866321
2026-06-27 07:36:44,상가사무실,835176,임대,카페/커피,광주광역시,북구,풍향동,3000,200,0,5000,196.09,59.32,1층,"배후수요 풍부, 인테리어 완비된 풍향동 베이커리카페",https://www.zigbang.com/home/store/items/835176
2026-06-27 07:36:44,상가사무실,829744,매매,카페/커피,광주광역시,동구,계림동,0,0,75000,0,63.97,19.35,1층,"동구 계림동, 접근성 좋은 대단지아파트 내 1층 상가 매매",https://www.zigbang.com/home/store/items/829744
2026-06-27 07:36:44,상가사무실,637594,매매,,광주광역시,동구,계림동,0,0,18000,0,33,9.98,1층,"주거지 상권, 수요도 많은 계림동 공실 매물",https://www.zigbang.com/home/store/items/637594
2026-06-27 07:36:44,상가사무실,802341,매매,,광주광역시,북구,문흥동,0,0,21000,0,92.04,27.84,1층,북구 문흥동 현재 임차 중인 단지 내  1층 구분상가 매매,https://www.zigbang.com/home/store/items/802341
2026-06-27 07:36:44,상가사무실,810885,임대,치킨/닭요리,광주광역시,북구,문흥동,1000,70,0,9000,41.31,12.5,1층,북구 문흥동 접근성 좋은 단지내 상가 1층 치킨집 임대,https://www.zigbang.com/home/store/items/810885
2026-06-27 07:36:44,상가사무실,771433,임대,기타,광주광역시,북구,풍향동,300,50,0,2500,36.36,11.0,1층,"깔끔한 시설 완비, 배달 상권 좋은 풍향동 빙수 전문점",https://www.zigbang.com/home/store/items/771433
2026-06-27 07:36:44,상가사무실,776521,임대,중식,광주광역시,북구,중흥동,3000,200,0,3000,185.12,56.0,2층,"시설 집기 포함, 중흥동 음식점",https://www.zigbang.com/home/store/items/776521
2026-06-27 07:36:44,상가사무실,775856,임대,기타,광주광역시,북구,두암동,1000,50,0,0,85.41,25.84,3층,무권리 두암동 3층 공실,https://www.zigbang.com/home/store/items/775856
2026-06-27 07:36:44,상가사무실,776320,임대,기타,광주광역시,북구,두암동,2000,100,0,0,102.48,31.0,2층,두암동 유동인구 많은 홈플러스 인접 2층 무권리 공실 상가,https://www.zigbang.com/home/store/items/776320
2026-06-27 07:36:44,상가사무실,775229,임대,기타,광주광역시,동구,계림동,3000,250,0,0,84.58,25.59,1층,"대로변 상권, 주목도 높은 계림동 상가",https://www.zigbang.com/home/store/items/775229
2026-06-27 07:36:44,상가사무실,765461,임대,의류/멀티샵,광주광역시,북구,문흥동,3000,160,0,3500,99.17,30.0,1층,"대로변 1층, 주목도 높은 문흥동 상가",https://www.zigbang.com/home/store/items/765461
2026-06-27 07:36:44,상가사무실,761941,임대,한식/고기집,광주광역시,북구,두암동,1500,70,0,500,122.31,37.0,1층,북구 두암동 위치  좋은 대로변 1층 상가,https://www.zigbang.com/home/store/items/761941
2026-06-27 07:36:44,상가사무실,749683,임대,기타,광주광역시,북구,우산동,2000,150,0,0,109.71,33.19,2층,"주거지 상권, 수요도 많은 우산동 공실",https://www.zigbang.com/home/store/items/749683
2026-06-27 07:36:44,상가사무실,719202,임대,베이커리,광주광역시,북구,각화동,5000,279,0,38000,148.76,45.0,1층,광주 월매출 잘 나오는 프랜차이즈 베이커리 1층 매장,https://www.zigbang.com/home/store/items/719202
2026-06-27 07:36:44,상가사무실,553444,임대,사무실,광주광역시,북구,두암동,1000,60,0,0,145.5,44.01,3층,■대로변에 위치하고 있어서 접근성 및 편리성 매우 높은 사무실 임대■,https://www.zigbang.com/home/store/items/553444
2026-06-27 07:36:44,상가사무실,704161,임대,카페/커피,광주광역시,북구,문흥동,10000,420,0,1500,185,55.96,1층,"대로변 상권, 수요도 많은 문흥동 카페",https://www.zigbang.com/home/store/items/704161
2026-06-27 07:36:44,상가사무실,678217,임대,사무실,광주광역시,동구,산수동,3000,170,0,0,198.35,60.0,6층,광주 동구 깔끔하고 상권 발달한 넓은 사무실,https://www.zigbang.com/home/store/items/678217
