수집시간,매물유형,매물ID,거래유형,방유형,시도,구군,읍면동,보증금(만원),월세(만원),매매가(만원),면적(m2),평,층,제목,URL
2026-08-08 04:35:59,원룸,49980649,월세,01,제주도 서귀포시 대정읍 구억리,서귀포시,대정읍,300,50,0,40,12.1,3,대정영어마을인근.깨끗넓은원룸.풀옵션.반려동물ok.월세,https://www.zigbang.com/home/apt/items/49980649
2026-08-08 04:35:59,원룸,49913235,월세,01,제주도 제주시 한림읍 금능리,제주시,한림읍,300,60,0,30.04,9.09,4,금능해수욕장인근 풀옵션 원룸 브리타니,https://www.zigbang.com/home/apt/items/49913235
2026-08-08 04:35:59,원룸,49531328,월세,01,제주도 서귀포시 중문동,서귀포시,중문동,200,35,0,37.5,11.34,7,테라스 있음. 확트인 한라산 경관. 자주식 주차. 클린하우,https://www.zigbang.com/home/apt/items/49531328
2026-08-08 04:35:59,원룸,49698323,월세,02,제주도 서귀포시 중문동,서귀포시,중문동,200,40,0,29.75,9.0,3,중문입구 교차로 부근 한적한 1.5룸,https://www.zigbang.com/home/apt/items/49698323
2026-08-08 04:35:59,원룸,49776172,월세,02,제주도 서귀포시 중문동,서귀포시,중문동,200,45,0,49.6,15.0,4,바다뷰 풀옵션 분리형 원룸,https://www.zigbang.com/home/apt/items/49776172
2026-08-08 04:35:59,원룸,49843172,월세,02,제주도 서귀포시 중문동,서귀포시,중문동,200,45,0,49.6,15.0,6,남향 바다경관 최상. 분리형 1.5룸 방 거실 넓음,https://www.zigbang.com/home/apt/items/49843172
2026-08-08 04:35:59,원룸,49895913,월세,01,제주도 서귀포시 중문동,서귀포시,중문동,200,30,0,40.93,12.38,7,테라스 있음. 클린하우스 코인세탁방 헬스클럽 골프퍼팅장,https://www.zigbang.com/home/apt/items/49895913
2026-08-08 04:35:59,원룸,49924708,월세,04,제주도 서귀포시 중문동,서귀포시,중문동,200,45,0,56.14,16.98,4,전입신고 가능. 분리형. 작은방 2개. 시스템 에어컨 2대,https://www.zigbang.com/home/apt/items/49924708
2026-08-08 04:36:00,원룸,49925295,월세,01,제주도 서귀포시 서귀동,서귀포시,서귀동,200,40,0,24,7.26,저,더그레이튼 중앙로터리부근 오피스텔,https://www.zigbang.com/home/apt/items/49925295
2026-08-08 04:36:00,원룸,49925982,월세,01,제주도 서귀포시 서귀동,서귀포시,서귀동,200,50,0,24,7.26,7,단기 부터 사용 가능한 오피스텔,https://www.zigbang.com/home/apt/items/49925982
2026-08-08 04:36:00,원룸,49926166,월세,01,제주도 서귀포시 서귀동,서귀포시,서귀동,300,60,0,49.58,15.0,6,고급스러운 원,https://www.zigbang.com/home/apt/items/49926166
2026-08-08 04:36:00,원룸,49926799,월세,01,제주도 서귀포시 서귀동,서귀포시,서귀동,200,45,0,28.09,8.5,5,단기 6개월 부터 계약되는 오피스텔,https://www.zigbang.com/home/apt/items/49926799
2026-08-08 04:35:59,원룸,49767116,전세,02,제주도 서귀포시 대포동,서귀포시,대포동,8500,0,0,52.41,15.85,3,"분리형 1,5룸 방 거실 넓음. 풀옵션. 시스템 에어컨.",https://www.zigbang.com/home/apt/items/49767116
2026-08-08 04:35:59,원룸,49923959,월세,03,제주도 서귀포시 도순동,서귀포시,도순동,200,38,0,26.45,8.0,옥탑방,도순동 한적하고 오션뷰 복층형 원룸,https://www.zigbang.com/home/apt/items/49923959
2026-08-08 04:36:05,원룸,49702368,월세,02,제주도 제주시 애월읍 장전리,제주시,애월읍,200,45,0,33.06,10.0,2,"즉시 입주 가능, 장전리 벚꽃길 인근, 풀옵션, 넓은 원룸",https://www.zigbang.com/home/apt/items/49702368
2026-08-08 04:36:05,원룸,49859812,월세,03,제주도 제주시 애월읍 유수암리,제주시,애월읍,500,80,0,32.34,9.78,1,독채 애월 평화로 풀옵션 일년살기,https://www.zigbang.com/home/apt/items/49859812
2026-08-08 04:36:05,원룸,49757948,월세,01,제주도 제주시 애월읍 광령리,제주시,애월읍,500,65,0,42.9,12.98,1,㉧리모델링㉧소형반려견.단독 넓은원룸.풀옵션.년월세 가능,https://www.zigbang.com/home/apt/items/49757948
2026-08-08 04:36:05,원룸,49867025,월세,01,제주도 제주시 애월읍 광령리,제주시,애월읍,300,60,0,40,12.1,1,"즉시 입주, 력셔리 원룸,  애완견, 풀옵션, 전기비 포함",https://www.zigbang.com/home/apt/items/49867025
2026-08-08 04:36:05,원룸,49910738,월세,02,제주도 제주시 도평동,제주시,도평동,200,55,0,35,10.59,3,도평초 인근 거실O 테라스O 풀옵션 저렴한 1.5룸 월세,https://www.zigbang.com/home/apt/items/49910738
2026-08-08 04:36:05,원룸,49914282,월세,02,제주도 제주시 도평동,제주시,도평동,200,55,0,33,9.98,3,도평동 깔끔하고 주차좋은 분리형원룸,https://www.zigbang.com/home/apt/items/49914282
2026-08-08 04:36:05,원룸,49916110,월세,01,제주도 제주시 노형동,제주시,노형동,100,35,0,27.15,8.21,2,가격너무 좋고 방크기좋고 뷰 좋고 놓치지마세요,https://www.zigbang.com/home/apt/items/49916110
2026-08-08 04:36:05,원룸,49920329,월세,02,제주도 제주시 도평동,제주시,도평동,200,55,0,33.06,10.0,3,ㅁㅁ도평초.주차편한.테라스.풀옵션.1.5룸ㅁㅁ,https://www.zigbang.com/home/apt/items/49920329
2026-08-08 04:36:05,원룸,49920364,월세,02,제주도 제주시 도평동,제주시,도평동,200,55,0,33.06,10.0,3,ㅁㅁ도평초.주차편한.테라스.풀옵션.1.5룸ㅁㅁ,https://www.zigbang.com/home/apt/items/49920364
2026-08-08 04:36:05,원룸,49931950,월세,02,제주도 제주시 도평동,제주시,도평동,200,55,0,33.06,10.0,3,ㅁㅁ도평초.주차편한.테라스.풀옵션.1.5룸ㅁㅁ,https://www.zigbang.com/home/apt/items/49931950
2026-08-08 04:36:05,원룸,49962525,월세,01,제주도 제주시 노형동,제주시,노형동,200,43,0,23.14,7.0,3,"즉시 입주, 노형중 부근, 주차 공간 많음, 풀옵션",https://www.zigbang.com/home/apt/items/49962525
2026-08-08 04:36:05,원룸,49970695,월세,01,제주도 제주시 애월읍 광령리,제주시,애월읍,300,60,0,59.5,18.0,1,"애완견 가능 럭셔리 원룸,  전원주택 생활이 가능, 풀옵션",https://www.zigbang.com/home/apt/items/49970695
2026-08-08 04:36:05,원룸,49970861,월세,02,제주도 제주시 도평동,제주시,도평동,200,55,0,40,12.1,2,"깨끗,예쁜1.5룸.월세.편리한주차",https://www.zigbang.com/home/apt/items/49970861
2026-08-08 04:36:05,원룸,49985778,월세,02,제주도 제주시 도평동,제주시,도평동,100,450,0,39,11.8,2,가성비 으뜸 넓은 통풍 채광 최상 노형 5분 외도 3분,https://www.zigbang.com/home/apt/items/49985778
2026-08-08 04:36:05,원룸,49869328,월세,01,제주도 제주시 애월읍 하귀1리,제주시,애월읍,300,50,0,50,15.12,7,전입가능 하귀하나로옆 주차좋은 모닝시티 오피스텔 월세,https://www.zigbang.com/home/apt/items/49869328
2026-08-08 04:36:06,원룸,49672447,월세,02,제주도 제주시 이호일동,제주시,이호일동,600,50,0,40,12.1,2,"바다 5분,  분리형 원룸, 년세만 가능600만, 풀옵션",https://www.zigbang.com/home/apt/items/49672447
2026-08-08 04:36:06,원룸,49918886,월세,02,제주도 제주시 이호일동,제주시,이호일동,300,78,0,42,12.7,3,"도리초 인근 반려동물가능 한 아주 넓은 1.5룸 월세,년세",https://www.zigbang.com/home/apt/items/49918886
2026-08-08 04:36:06,원룸,49928582,월세,02,제주도 제주시 이호일동,제주시,이호일동,300,78,0,30,9.07,3,이호 도리초등학교인근 분리형원룸,https://www.zigbang.com/home/apt/items/49928582
2026-08-08 04:36:06,원룸,49939266,월세,02,제주도 제주시 이호일동,제주시,이호일동,300,78,0,40,12.1,3,도리초 인근 소형반려동물 가능한 아주 넓은 분리형원룸 월세,https://www.zigbang.com/home/apt/items/49939266
2026-08-08 04:36:05,원룸,49876057,월세,02,제주도 제주시 아라이동,제주시,아라이동,200,44,0,21.8,6.59,2,내부깔끔한 풀옵션 1.5룸 분리형 원룸,https://www.zigbang.com/home/apt/items/49876057
2026-08-08 04:36:05,원룸,49899483,월세,02,제주도 제주시 아라일동,제주시,아라일동,500,54,0,26,7.86,4,아라초분리형원룸년월,https://www.zigbang.com/home/apt/items/49899483
2026-08-08 04:36:05,원룸,49919070,월세,02,제주도 제주시 아라일동,제주시,아라일동,600,65,0,40,12.1,4,"아이파크공원인근  상태, 구조좋은 분리형 원룸",https://www.zigbang.com/home/apt/items/49919070
2026-08-08 04:36:05,원룸,49923513,월세,02,제주도 제주시 아라일동,제주시,아라일동,500,59,0,33.06,10.0,2,"구산 롯데시네마 인근 분리형 원룸,상태최상",https://www.zigbang.com/home/apt/items/49923513
2026-08-08 04:36:05,원룸,49931303,월세,01,제주도 제주시 아라이동,제주시,아라이동,100,36,0,23.14,7.0,1,제주시 아라이동  자치경찰단 인근주방분리형 원룸,https://www.zigbang.com/home/apt/items/49931303
2026-08-08 04:36:05,원룸,49944393,월세,01,제주도 제주시 아라일동,제주시,아라일동,300,45,0,23.55,7.12,2,제대병원 도보10분이내  풀옵션  깔끔한 원룸,https://www.zigbang.com/home/apt/items/49944393
2026-08-08 04:36:05,원룸,49980693,월세,01,제주도 제주시 아라일동,제주시,아라일동,100,40,0,30,9.07,1,아라.깔끔한원룸.저렴한월세,https://www.zigbang.com/home/apt/items/49980693
2026-08-08 04:36:06,원룸,49979229,월세,01,제주도 제주시 연동,제주시,연동,300,57,0,37.04,11.2,고,연동원룸 전입가능 깔끔한 디자인 에코퓨리,https://www.zigbang.com/home/apt/items/49979229
2026-08-08 04:36:06,원룸,49979232,월세,02,제주도 제주시 연동,제주시,연동,200,52,0,33,9.98,4,oO 연동 1.5룸 풀옵션 주차편리 Oo,https://www.zigbang.com/home/apt/items/49979232
2026-08-08 04:36:06,원룸,49979318,월세,01,제주도 제주시 노형동,제주시,노형동,200,46,0,26.16,7.91,3,노형동 남녕고 인근 깔끔하고 베란다 넓은 풀옵션 원룸 월세,https://www.zigbang.com/home/apt/items/49979318
2026-08-08 04:36:06,원룸,49979320,월세,02,제주도 제주시 연동,제주시,연동,200,55,0,38,11.49,3,oO 삼무공원인근 넓은 1.5룸 주차편리 Oo,https://www.zigbang.com/home/apt/items/49979320
2026-08-08 04:36:06,원룸,49979564,월세,02,제주도 제주시 노형동,제주시,노형동,300,50,0,29.73,8.99,저,oO 노형오거리 신축급 1.5룸 풀옵션 Oo,https://www.zigbang.com/home/apt/items/49979564
2026-08-08 04:36:06,원룸,49980137,월세,01,제주도 제주시 연동,제주시,연동,200,40,0,33,9.98,중,연동 빕스인근 도령해든빌 풀옵션 도시가스사용,https://www.zigbang.com/home/apt/items/49980137
2026-08-08 04:36:06,원룸,49981434,월세,01,제주도 제주시 연동,제주시,연동,300,56,0,37,11.19,10,ll 선호도1위 ll 연동제원 넓은수납 ㄷ자형주방,https://www.zigbang.com/home/apt/items/49981434
2026-08-08 04:36:06,원룸,49981870,월세,02,제주도 제주시 연동,제주시,연동,400,72,0,49.41,14.95,3,oO 신축급 1.5룸 suv주차가능 Oo,https://www.zigbang.com/home/apt/items/49981870
2026-08-08 04:36:06,원룸,49981878,월세,02,제주도 제주시 연동,제주시,연동,400,72,0,49.41,14.95,저,oO 신축급 1.5룸 suv주차가능 Oo,https://www.zigbang.com/home/apt/items/49981878
2026-08-08 04:36:06,원룸,49981891,월세,02,제주도 제주시 연동,제주시,연동,400,72,0,49.41,14.95,저,깔끔하고 매우 넓은 1.5룸 분리형원룸 에코힐튼,https://www.zigbang.com/home/apt/items/49981891
2026-08-08 04:36:14,원룸,49543201,월세,01,제주도 서귀포시 동홍동,서귀포시,동홍동,200,37,0,26.45,8.0,2,동홍초인근 오픈형 원룸,https://www.zigbang.com/home/apt/items/49543201
2026-08-08 04:36:14,원룸,49697834,월세,01,제주도 서귀포시 동홍동,서귀포시,동홍동,100,37,0,23.14,7.0,4,서귀포 오일시장 맞은편 한적한 원룸,https://www.zigbang.com/home/apt/items/49697834
2026-08-08 04:36:14,원룸,49710329,월세,01,제주도 서귀포시 동홍동,서귀포시,동홍동,200,35,0,30.37,9.19,고,동홍동 플라스마트 남쪽 깔끔한 원룸,https://www.zigbang.com/home/apt/items/49710329
2026-08-08 04:36:14,원룸,49771956,월세,01,제주도 서귀포시 동홍동,서귀포시,동홍동,200,30,0,33.06,10.0,2,동홍사거리인근 오픈형 원룸,https://www.zigbang.com/home/apt/items/49771956
2026-08-08 04:36:14,원룸,49923887,월세,03,제주도 서귀포시 동홍동,서귀포시,동홍동,200,50,0,26.29,7.95,4,동홍동 비석거리 인근 복층형 원룸,https://www.zigbang.com/home/apt/items/49923887
2026-08-08 04:36:14,원룸,49939052,전세,02,제주도 서귀포시 동홍동,서귀포시,동홍동,10000,0,0,39.69,12.01,1,1층올리모델링 주공1단지 전세권1순위,https://www.zigbang.com/home/apt/items/49939052
2026-08-08 04:36:20,원룸,49911011,월세,03,제주도 제주시 삼양일동,제주시,삼양일동,200,50,0,22,6.65,2,단기1ㅡ6도가능 삼양해수욕장 인근 풀옵션급 복층형원룸 년세,https://www.zigbang.com/home/apt/items/49911011
2026-08-08 04:36:20,원룸,49927883,월세,02,제주도 제주시 도련일동,제주시,도련일동,300,65,0,38,11.49,1,삼화초 인근 분리형 원룸 월세,https://www.zigbang.com/home/apt/items/49927883
2026-08-08 04:36:20,원룸,49911298,월세,01,제주도 제주시 조천읍 신촌리,제주시,조천읍,100,66,0,41.97,12.7,3,조천읍 신촌리 신축 막힘없는 풀옵션급 평수 넓은 원룸 년세,https://www.zigbang.com/home/apt/items/49911298
2026-08-08 04:36:21,원룸,49803668,월세,01,제주도 제주시 구좌읍 한동리,제주시,구좌읍,150,40,0,25.23,7.63,2,구좌읍 한동리 오픈형 원룸 월세임대,https://www.zigbang.com/home/apt/items/49803668
2026-08-08 04:37:58,원룸,49853018,전세,02,전남광주시 진도군 조도면 맹골도리,진도군,조도면,1234,0,0,79,23.9,6,QA SH 원룸 매물입니다.,https://www.zigbang.com/home/apt/items/49853018
2026-08-08 04:37:58,원룸,49853033,월세,02,전남광주시 진도군 조도면 맹골도리,진도군,조도면,12345,50,0,89,26.92,1,QA SH 오피스텔3 매물입니다. 월세,https://www.zigbang.com/home/apt/items/49853033
2026-08-08 04:37:58,원룸,49870318,전세,01,전라남도 진도군 조도면 맹골도리,진도군,조도면,10000,0,0,99.99,30.25,1,QA자동화 테스트 매물,https://www.zigbang.com/home/apt/items/49870318
2026-08-08 04:37:58,원룸,49871202,월세,01,전라남도 진도군 조도면 맹골도리,진도군,조도면,500,50,0,99.99,30.25,1,QA자동화 테스트 매물,https://www.zigbang.com/home/apt/items/49871202
2026-08-08 04:37:58,원룸,49871204,전세,03,전라남도 진도군 조도면 맹골도리,진도군,조도면,15000,0,0,99.99,30.25,1,QA자동화 테스트 매물,https://www.zigbang.com/home/apt/items/49871204
2026-08-08 04:37:58,원룸,49871212,전세,02,전남광주시 진도군 조도면 맹골도리,진도군,조도면,5000,0,0,77.1,23.32,1,QA자동화 오피스텔 매물,https://www.zigbang.com/home/apt/items/49871212
2026-08-08 04:37:58,원룸,49871214,전세,05,전남광주시 진도군 조도면 맹골도리,진도군,조도면,8000,0,0,77.1,23.32,1,QA자동화 오피스텔 매물,https://www.zigbang.com/home/apt/items/49871214
2026-08-08 04:37:58,원룸,49942521,월세,03,전남광주시 진도군 조도면 맹골도리,진도군,조도면,33333,44,0,32.33,9.78,1,32미리제곱미터 방임,https://www.zigbang.com/home/apt/items/49942521
2026-08-08 04:38:06,원룸,49698693,전세,02,전남광주시 진도군 조도면 맹골도리,진도군,조도면,4500,0,0,79,23.9,3,SH 통합광고 원룸 매물 관리비 확인 불가 사유 3번째,https://www.zigbang.com/home/apt/items/49698693
2026-08-08 04:38:06,원룸,49704126,전세,01,전남광주시 진도군 조도면 맹골도리,진도군,조도면,5000,0,0,15,4.54,반지하,직방 테스트입니다.,https://www.zigbang.com/home/apt/items/49704126
2026-08-08 04:38:06,원룸,49720265,전세,02,전남광주시 진도군 조도면 맹골도리,진도군,조도면,5500,0,0,84,25.41,2,QA 통합매물 원룸 7.15 오후 등록,https://www.zigbang.com/home/apt/items/49720265
2026-08-08 04:38:31,원룸,49735364,월세,01,전남광주시 목포시 산정동,목포시,산정동,200,30,0,23.14,7.0,2,00 침대없음   학생환영 북항00,https://www.zigbang.com/home/apt/items/49735364
2026-08-08 04:38:31,원룸,49925293,월세,02,전남광주시 목포시 죽교동,목포시,죽교동,200,40,0,33.06,10.0,3,00신축   침대  주방분리  중문  북항부근00,https://www.zigbang.com/home/apt/items/49925293
2026-08-08 04:38:31,원룸,49941954,월세,02,전남광주시 목포시 산정동,목포시,산정동,300,41,0,40,12.1,3,서부초 인근 투룸,https://www.zigbang.com/home/apt/items/49941954
2026-08-08 04:38:32,원룸,49948963,월세,02,전남광주시 영암군 삼호읍 용앙리,영암군,삼호읍,1000,120,0,104.22,31.53,1,O NEW O올리모델링O 첫입주 O 단독주택 O,https://www.zigbang.com/home/apt/items/49948963
2026-08-08 04:38:32,원룸,49949009,월세,02,전남광주시 영암군 삼호읍 용앙리,영암군,삼호읍,1000,80,0,80.82,24.45,2,O NEW O 올리모델링 O 첫입주 O거실1방3화1O,https://www.zigbang.com/home/apt/items/49949009
2026-08-08 04:38:32,원룸,49899832,월세,02,전남광주시 목포시 상동,목포시,상동,500,39,0,37.62,11.38,7,"十 1.5룸, 평화광장",https://www.zigbang.com/home/apt/items/49899832
2026-08-08 04:38:32,원룸,49948207,월세,01,전남광주시 목포시 옥암동,목포시,옥암동,200,40,0,30,9.07,6,O NEW O 평광O 천변 뷰 O 엘베 O  관리비 없음O,https://www.zigbang.com/home/apt/items/49948207
2026-08-08 04:38:32,원룸,49948724,월세,01,전남광주시 목포시 옥암동,목포시,옥암동,200,27,0,26.45,8.0,3,00 단기협의2달월50 어두운방 외국인협의  평화광장00,https://www.zigbang.com/home/apt/items/49948724
2026-08-08 04:38:32,원룸,49796313,월세,01,전남광주시 영암군 삼호읍 용앙리,영암군,삼호읍,150,50,0,25,7.56,4,.삼호버스터미널부근. 신축 깨끗한방 즉시입주가능,https://www.zigbang.com/home/apt/items/49796313
2026-08-08 04:38:36,원룸,49734864,월세,01,전남광주시 목포시 산정동,목포시,산정동,200,30,0,23.14,7.0,1,00신축원룸 중앙시장 부근00,https://www.zigbang.com/home/apt/items/49734864
2026-08-08 04:38:36,원룸,49811756,월세,02,전남광주시 목포시 산정동,목포시,산정동,100,30,0,29.75,9.0,3,중앙시장 인근 분리원룸,https://www.zigbang.com/home/apt/items/49811756
2026-08-08 04:38:36,원룸,49910648,월세,02,전남광주시 목포시 산정동,목포시,산정동,300,40,0,40,12.1,3,중앙시장 인근 넓은방.주방겸 거실,https://www.zigbang.com/home/apt/items/49910648
2026-08-08 04:38:36,원룸,49969699,월세,02,전남광주시 목포시 산정동,목포시,산정동,200,28,0,26.45,8.0,2,시청부근 깨끗하고 넓고 조용한 원룸,https://www.zigbang.com/home/apt/items/49969699
2026-08-08 04:38:36,원룸,49969711,월세,02,전남광주시 목포시 산정동,목포시,산정동,200,30,0,33.06,10.0,1,보건소 부근 깨꿋하고 조용한 원룸,https://www.zigbang.com/home/apt/items/49969711
2026-08-08 04:38:36,원룸,49982282,월세,02,전남광주시 목포시 산정동,목포시,산정동,200,35,0,29.75,9.0,3,00침대 없음 저렴한투룸  중앙시장부근00,https://www.zigbang.com/home/apt/items/49982282
2026-08-08 04:38:36,원룸,49805402,월세,01,전남광주시 무안군 삼향읍 남악리,무안군,삼향읍,1000,60,0,26.45,8.0,3,"V, 복층  풀옵션,, 화장실2,야외테라스 있음",https://www.zigbang.com/home/apt/items/49805402
2026-08-08 04:39:44,원룸,49925336,월세,01,전라북도 군산시 오식도동,군산시,오식도동,80,25,0,20,6.05,3,준신축  원룸 단기가능,https://www.zigbang.com/home/apt/items/49925336
2026-08-08 04:39:50,원룸,49907567,월세,01,충청남도 보령시 신흑동,보령시,신흑동,100,55,0,18,5.44,3,"1인기준이며단기가능 수도요금,인터넷, 난방비,전기요금다포함",https://www.zigbang.com/home/apt/items/49907567
2026-08-08 04:40:26,원룸,49532194,월세,03,전남광주시 나주시 빛가람동,나주시,빛가람동,300,40,0,22.64,6.85,3,호텔형 풀옵션원룸  내부깔끔 침대포함  업체청소함 즉시입주,https://www.zigbang.com/home/apt/items/49532194
2026-08-08 04:40:26,원룸,49690988,월세,04,전남광주시 나주시 빛가람동,나주시,빛가람동,1000,80,0,99.17,30.0,12,"남향 호수조망 2룸  방2,거실1 월세 임대",https://www.zigbang.com/home/apt/items/49690988
2026-08-08 04:40:26,원룸,49795967,월세,01,전남광주시 나주시 빛가람동,나주시,빛가람동,500,50,0,30.77,9.31,6,생활권이 편리한 오피스텔입니다.,https://www.zigbang.com/home/apt/items/49795967
2026-08-08 04:40:26,원룸,49798590,월세,01,전남광주시 나주시 빛가람동,나주시,빛가람동,1000,48,0,30.77,9.31,중,생활권편리한 신축 오피스텔입니다.,https://www.zigbang.com/home/apt/items/49798590
2026-08-08 04:40:26,원룸,49801876,월세,01,전남광주시 나주시 빛가람동,나주시,빛가람동,300,43,0,46,13.91,9,빛가람동 중흥1차 원룸 임대,https://www.zigbang.com/home/apt/items/49801876
2026-08-08 04:40:26,원룸,49845384,월세,02,전남광주시 나주시 빛가람동,나주시,빛가람동,1000,55,0,70.7,21.39,중,빛가람동 토담휴로스1차 분리형원룸 임대,https://www.zigbang.com/home/apt/items/49845384
2026-08-08 04:40:26,원룸,49862215,월세,01,전남광주시 나주시 빛가람동,나주시,빛가람동,300,42,0,46.28,14.0,11,빛가람동 중흥메가티움2차 원룸 임대,https://www.zigbang.com/home/apt/items/49862215
2026-08-08 04:40:26,원룸,49948393,월세,02,전남광주시 나주시 빛가람동,나주시,빛가람동,500,50,0,28,8.47,3,1.5룸  풀옵션 내부깔끔  생활권편리 단기가능 즉시입주,https://www.zigbang.com/home/apt/items/49948393
2026-08-08 04:40:26,원룸,49787407,월세,02,전남광주시 나주시 빛가람동,나주시,빛가람동,1000,60,0,64.89,19.63,16,3룸 에어컨3 풀옵션 조망굿 내부갈끔 조용하고 즉시입주가,https://www.zigbang.com/home/apt/items/49787407
2026-08-08 04:40:27,원룸,49682406,월세,01,전남광주시 나주시 산포면 매성리,나주시,산포면,100,30,0,29.16,8.82,3,매성리 관리잘된 풀옵션 원룸 혁신도시5분거리 LPG사용,https://www.zigbang.com/home/apt/items/49682406
2026-08-08 04:40:27,원룸,49918269,전세,02,전남광주시 나주시 빛가람동,나주시,빛가람동,7500,0,0,78.3,23.69,2,남향 즉시입주 생활권편리 내부깔끔 방2개 거실 화장실,https://www.zigbang.com/home/apt/items/49918269
2026-08-08 04:40:27,원룸,49688021,월세,02,전남광주시 남구 송하동,남구,송하동,200,29,0,33.06,10.0,3,ㅣ실시간 업데이트 ㅣ실매물ㅣ가성비 좋은방ㅣ,https://www.zigbang.com/home/apt/items/49688021
2026-08-08 04:40:27,원룸,49812606,월세,02,전남광주시 남구 진월동,남구,진월동,200,21,0,29.75,9.0,4,P㉧INT II눈부신채광II가성비갑II놓치면 후회III,https://www.zigbang.com/home/apt/items/49812606
2026-08-08 04:40:27,원룸,49873133,월세,01,전남광주시 남구 송하동,남구,송하동,300,31,0,21,6.35,3,Choiceㅣ최고의 선택 광주대코앞I빌트인구조,https://www.zigbang.com/home/apt/items/49873133
2026-08-08 04:40:27,원룸,49892045,월세,02,전남광주시 남구 행암동,남구,행암동,200,28,0,28.87,8.73,2,J 행암동 분리형원룸 J 가성비 갑 J 깔끔한방 J,https://www.zigbang.com/home/apt/items/49892045
2026-08-08 04:40:27,원룸,49897050,월세,02,전남광주시 남구 진월동,남구,진월동,100,29,0,27,8.17,3,Choiceㅣ최고의 선택 진월동C건조기C드럼세탁기탑재,https://www.zigbang.com/home/apt/items/49897050
2026-08-08 04:40:27,원룸,49920726,월세,02,전남광주시 남구 진월동,남구,진월동,200,21,0,29.75,9.0,2,POINT III 가성비끝 III 눈부신채광 III,https://www.zigbang.com/home/apt/items/49920726
2026-08-08 04:40:27,원룸,49920822,월세,01,전남광주시 남구 진월동,남구,진월동,200,21,0,28.99,8.77,2,POINT III 가성비끝 III 눈부신채광 III,https://www.zigbang.com/home/apt/items/49920822
2026-08-08 04:40:27,원룸,49962365,월세,02,전남광주시 남구 진월동,남구,진월동,300,38,0,36.25,10.97,고,ㅁ진월동 광주대생 원픽 신축 풀옵션 원룸 화이트톤 귀한방,https://www.zigbang.com/home/apt/items/49962365
2026-08-08 04:40:30,원룸,49653677,월세,02,전남광주시 화순군 화순읍 일심리,화순군,화순읍,200,24,0,23.14,7.0,2,ll P ll 단기가능 l갓성비l SS급 매물l,https://www.zigbang.com/home/apt/items/49653677
2026-08-08 04:40:30,원룸,49696245,월세,02,전남광주시 화순군 화순읍 일심리,화순군,화순읍,200,31,0,23.14,7.0,2,II P II 화이트톤 I 깔끔 I 사이즈굿,https://www.zigbang.com/home/apt/items/49696245
2026-08-08 04:40:37,원룸,49653148,월세,02,전남광주시 여수시 돌산읍 우두리,여수시,돌산읍,300,43,0,33,9.98,2,동백초 인근최 신축 풀옵션   거실 방1 구조,https://www.zigbang.com/home/apt/items/49653148
2026-08-08 04:40:37,원룸,49881696,월세,01,전남광주시 여수시 돌산읍 우두리,여수시,돌산읍,200,30,0,25,7.56,3,돌산읍우두리 신축원룸 엘베 운영중 바로 입주 가능,https://www.zigbang.com/home/apt/items/49881696
2026-08-08 04:40:37,원룸,49720347,월세,02,전남광주시 여수시 문수동,여수시,문수동,100,28,0,23.14,7.0,4,llSOLll여서동로터리 인근ll관리상태 좋은집ll즉시입주,https://www.zigbang.com/home/apt/items/49720347
2026-08-08 04:40:37,원룸,49720740,월세,02,전남광주시 여수시 여서동,여수시,여서동,200,35,0,23.1,6.99,2,llSOLll부영초 인근ll분리형원룸 구조ll풀옵션,https://www.zigbang.com/home/apt/items/49720740
2026-08-08 04:40:37,원룸,49731056,월세,02,전남광주시 여수시 문수동,여수시,문수동,200,48,0,40,12.1,2,New 부영9차인근 준신축 깔끔한 투룸,https://www.zigbang.com/home/apt/items/49731056
2026-08-08 04:40:37,원룸,49759510,월세,01,전남광주시 여수시 문수동,여수시,문수동,200,33,0,26,7.86,2,New 부영9차인근 넓고 깔끔한 원룸,https://www.zigbang.com/home/apt/items/49759510
2026-08-08 04:40:37,원룸,49777980,월세,01,전남광주시 여수시 웅천동,여수시,웅천동,500,45,0,72.74,22.0,중,답답함 없는 시티뷰 티비 및 빌트인가전 풀옵션세대.,https://www.zigbang.com/home/apt/items/49777980
2026-08-08 04:40:37,원룸,49875702,월세,01,전남광주시 여수시 문수동,여수시,문수동,200,30,0,25,7.56,1,한려초등인근 리모델링한방 깔끔합니다 도배새로해요,https://www.zigbang.com/home/apt/items/49875702
2026-08-08 04:40:37,원룸,49881589,월세,02,전남광주시 여수시 문수동,여수시,문수동,200,38,0,33,9.98,3,"문수동 부영9차 인근
거실방1구조
풀옵션",https://www.zigbang.com/home/apt/items/49881589
2026-08-08 04:40:37,원룸,49919352,월세,02,전남광주시 여수시 문수동,여수시,문수동,200,45,0,42,12.7,4,New 부양9차인근 올리모델링 넓고 깔끔한 투룸,https://www.zigbang.com/home/apt/items/49919352
2026-08-08 04:40:37,원룸,49942226,월세,02,전남광주시 여수시 웅천동,여수시,웅천동,1000,39,0,55.14,16.68,고,"1년특가, 풀옵션 발코니 원룸, 단기가능",https://www.zigbang.com/home/apt/items/49942226
2026-08-08 04:40:37,원룸,49944833,월세,02,전남광주시 여수시 문수동,여수시,문수동,200,35,0,38,11.49,2,New 부영9차인근 깨끗하고 가성비 좋은 투룸,https://www.zigbang.com/home/apt/items/49944833
2026-08-08 04:40:37,원룸,49969666,월세,01,전남광주시 여수시 문수동,여수시,문수동,200,30,0,22,6.65,1,New 한려초인근 올리모델링 깔끔한 1층 원룸,https://www.zigbang.com/home/apt/items/49969666
2026-08-08 04:40:37,원룸,49981726,월세,02,전남광주시 여수시 신기동,여수시,신기동,200,40,0,40,12.1,2,New 시전주민센터인근 깔끔 깨끗한 투룸,https://www.zigbang.com/home/apt/items/49981726
2026-08-08 04:40:37,원룸,49983054,월세,03,전남광주시 여수시 웅천동,여수시,웅천동,500,55,0,33.06,10.0,고,웅천 롯데캐슬마리나ll오션뷰ll최신축 풀옵션ll즉시입주ll,https://www.zigbang.com/home/apt/items/49983054
2026-08-08 04:40:37,원룸,49763344,월세,01,전남광주시 여수시 미평동,여수시,미평동,200,35,0,26,7.86,2,New 전남대인근 A급 깔끔한 원룸,https://www.zigbang.com/home/apt/items/49763344
2026-08-08 04:40:37,원룸,49843880,월세,01,전남광주시 여수시 미평동,여수시,미평동,100,28,0,25,7.56,4,미평동 풀옵션 넓은 원룸 즉시입주,https://www.zigbang.com/home/apt/items/49843880
2026-08-08 04:40:37,원룸,49888232,월세,01,전남광주시 여수시 미평동,여수시,미평동,200,35,0,26,7.86,4,New 전남대인근 A급 깔끔한 원룸,https://www.zigbang.com/home/apt/items/49888232
2026-08-08 04:40:37,원룸,49962767,월세,01,전남광주시 여수시 미평동,여수시,미평동,100,30,0,25,7.56,3,미평동 엘베유 대학생 직장인 풀옵션 원룸,https://www.zigbang.com/home/apt/items/49962767
2026-08-08 04:40:40,원룸,49804291,월세,01,전남광주시 여수시 율촌면 신풍리,여수시,율촌면,200,35,0,25,7.56,2,여수공항근처 신축 원룸 풀옵션 엘베 즉시입주,https://www.zigbang.com/home/apt/items/49804291
2026-08-08 04:40:40,원룸,49808583,월세,02,전남광주시 여수시 율촌면 월산리,여수시,율촌면,300,48,0,30.72,9.29,3,분리형 투룸.신축으로 깔끔하고 깨끗하게 관리.즉시 입주가능,https://www.zigbang.com/home/apt/items/49808583
2026-08-08 04:40:40,원룸,49810717,전세,02,전남광주시 순천시 석현동,순천시,석현동,6000,0,0,33.3,10.07,3,"순천대학교 부근 신축 투룸 전세 임대,엘리베이터있음",https://www.zigbang.com/home/apt/items/49810717
2026-08-08 04:40:40,원룸,49844602,월세,01,전남광주시 순천시 가곡동,순천시,가곡동,100,27,0,19,5.75,2,가곡동 송광실버하우스 부근 원룸임대,https://www.zigbang.com/home/apt/items/49844602
2026-08-08 04:40:40,원룸,49808571,월세,01,전남광주시 순천시 덕월동,순천시,덕월동,300,36,0,29.75,9.0,2,올리모델링 즉시입주 풀옵션 오천지구 도보5분거리,https://www.zigbang.com/home/apt/items/49808571
2026-08-08 04:40:40,원룸,49848812,월세,02,전남광주시 순천시 연향동,순천시,연향동,300,32,0,26,7.86,1,연향3지구 풀옵션 신축  원룸 임대 즉시입주,https://www.zigbang.com/home/apt/items/49848812
2026-08-08 04:40:40,원룸,49848851,월세,01,전남광주시 순천시 연향동,순천시,연향동,200,30,0,26.45,8.0,2,연향3지구 가성비 좋은 저렴한 풀옵션 원룸 임대,https://www.zigbang.com/home/apt/items/49848851
2026-08-08 04:40:40,원룸,49945248,월세,01,전남광주시 순천시 연향동,순천시,연향동,200,35,0,26.45,8.0,2,연향3지구 깨끗하고 넓은 원룸 임대 남향,https://www.zigbang.com/home/apt/items/49945248
2026-08-08 04:40:40,원룸,49945275,월세,02,전남광주시 순천시 연향동,순천시,연향동,200,40,0,39.67,12.0,3,연향3지구  농협 부근 남향 깨끗한 투룸 임대,https://www.zigbang.com/home/apt/items/49945275
2026-08-08 04:40:40,원룸,49952733,월세,02,전남광주시 순천시 연향동,순천시,연향동,200,32,0,26.45,8.0,2,연향3지구 풀옵션 분리형 원룸 임대 깨끗하게 관리됨,https://www.zigbang.com/home/apt/items/49952733
2026-08-08 04:40:40,원룸,49977233,월세,01,전남광주시 순천시 덕월동,순천시,덕월동,200,30,0,33.06,10.0,2,청암대 부근 깨끗한 풀옵션 원룸임대 엘리베이터있음,https://www.zigbang.com/home/apt/items/49977233
2026-08-08 04:40:40,원룸,49977263,월세,02,전남광주시 순천시 연향동,순천시,연향동,200,38,0,38,11.49,3,연향3지구 농협뒷편 깨끗하게 관리된 투룸 임대,https://www.zigbang.com/home/apt/items/49977263
2026-08-08 04:40:40,원룸,49707912,월세,01,전남광주시 순천시 해룡면 상삼리,순천시,해룡면,200,32,0,26.44,8.0,4,신원아르시스 인근 깨끗한 채광좋은 엘리베이터 원룸임대.,https://www.zigbang.com/home/apt/items/49707912
2026-08-08 04:40:40,원룸,49769856,월세,01,전남광주시 광양시 광양읍 덕례리,광양시,광양읍,200,38,0,24,7.26,2,광양LF아울렛 맞은편에 위치한 원룸임대,https://www.zigbang.com/home/apt/items/49769856
2026-08-08 04:40:40,원룸,49844585,월세,01,전남광주시 광양시 광양읍 덕례리,광양시,광양읍,200,35,0,23,6.96,1,광양LF아울렛 맞은편에 위치한 신축원룸 임대,https://www.zigbang.com/home/apt/items/49844585
2026-08-08 04:40:40,원룸,49900649,월세,01,전남광주시 순천시 해룡면 상삼리,순천시,해룡면,100,29,0,33.06,10.0,2,"금당 원룸 , 남향, 팔마초부근 깨끗한 원룸  임대",https://www.zigbang.com/home/apt/items/49900649
2026-08-08 04:40:40,원룸,49901492,월세,01,전남광주시 광양시 광양읍 덕례리,광양시,광양읍,100,30,0,21.3,6.44,3,ㅕ좋은집 소개ㅑ LF몰 인근 깔끔하고 저렴한  원룸임대,https://www.zigbang.com/home/apt/items/49901492
2026-08-08 04:40:40,원룸,49901510,월세,02,전남광주시 광양시 광양읍 덕례리,광양시,광양읍,200,40,0,27.5,8.32,2,ㅕ좋은집 소개ㅑLF몰 인근. 신축. 막힘없는 조망. 깔끔,https://www.zigbang.com/home/apt/items/49901510
2026-08-08 04:40:40,원룸,49901570,월세,01,전남광주시 광양시 광양읍 덕례리,광양시,광양읍,200,30,0,22.3,6.75,3,ㅕ좋은집 소개ㅑ깔끔하고 조용하고 깨끗한 분리형 원룸 임대,https://www.zigbang.com/home/apt/items/49901570
2026-08-08 04:40:40,원룸,49923409,월세,02,전남광주시 순천시 조례동,순천시,조례동,200,40,0,34,10.28,3,드라마세트장 깔끔하게 정비된 1.5룸 임대,https://www.zigbang.com/home/apt/items/49923409
2026-08-08 04:40:40,원룸,49951156,월세,02,전남광주시 광양시 광양읍 덕례리,광양시,광양읍,100,27,0,26.45,8.0,4,덕례리 방크고 깨끗한  관리최상분리형 원룸,https://www.zigbang.com/home/apt/items/49951156
2026-08-08 04:40:40,원룸,49951445,월세,02,전남광주시 광양시 광양읍 덕례리,광양시,광양읍,100,27,0,27,8.17,2,덕례리 컨디션 좋은 분리형 원룸,https://www.zigbang.com/home/apt/items/49951445
2026-08-08 04:40:40,원룸,49951512,월세,02,전남광주시 광양시 광양읍 덕례리,광양시,광양읍,100,30,0,26.45,8.0,2,덕례리 엘베있는 컨디션 좋은 분리형 원룸,https://www.zigbang.com/home/apt/items/49951512
2026-08-08 04:40:40,원룸,49960746,월세,01,전남광주시 순천시 해룡면 상삼리,순천시,해룡면,200,30,0,26.45,8.0,2,팔마초 옆 깨끗하고 저렴한 원룸 임대,https://www.zigbang.com/home/apt/items/49960746
2026-08-08 04:40:40,원룸,49977248,전세,01,전남광주시 순천시 해룡면 상삼리,순천시,해룡면,5000,0,0,23.14,7.0,2,"팔마초 부근 풀옵션 원룸 임대, 주방분리형",https://www.zigbang.com/home/apt/items/49977248
2026-08-08 04:40:40,원룸,49951549,월세,02,전남광주시 광양시 광양읍 덕례리,광양시,광양읍,100,27,0,27,8.17,3,덕례리 위치 좋고 옵션최상 바로입주 가능한 분리형 원룸,https://www.zigbang.com/home/apt/items/49951549
2026-08-08 04:40:40,원룸,49951560,월세,02,전남광주시 광양시 광양읍 칠성리,광양시,광양읍,100,25,0,26,7.86,2,광양읍사무소와 서천변 가까운 조용하고 주차편한 원룸,https://www.zigbang.com/home/apt/items/49951560
2026-08-08 04:40:42,원룸,49413752,월세,02,전남광주시 광양시 광양읍 구산리,광양시,광양읍,200,37,0,16.53,5.0,2,은하수원룸입니다,https://www.zigbang.com/home/apt/items/49413752
2026-08-08 04:40:42,원룸,49683296,월세,02,전남광주시 광양시 광양읍 구산리,광양시,광양읍,200,27,0,23.14,7.0,2,무지개원룸입니다,https://www.zigbang.com/home/apt/items/49683296
2026-08-08 04:40:42,원룸,49738734,월세,02,전남광주시 광양시 광양읍 구산리,광양시,광양읍,500,35,0,16.53,5.0,2,주땍지라서 조용해서 살기좋아요,https://www.zigbang.com/home/apt/items/49738734
2026-08-08 04:40:42,원룸,49918021,월세,02,전남광주시 광양시 광양읍 구산리,광양시,광양읍,200,27,0,16.53,5.0,4,은하수원룸입니다,https://www.zigbang.com/home/apt/items/49918021
2026-08-08 04:40:42,원룸,49918022,월세,02,전남광주시 광양시 광양읍 구산리,광양시,광양읍,200,37,0,23.14,7.0,4,은하수원룸입니다,https://www.zigbang.com/home/apt/items/49918022
2026-08-08 04:40:42,원룸,49918023,월세,02,전남광주시 광양시 광양읍 구산리,광양시,광양읍,300,50,0,39.67,12.0,4,주택지라서 조용해서 살기가좋아요,https://www.zigbang.com/home/apt/items/49918023
2026-08-08 04:40:42,원룸,49969427,월세,02,전남광주시 광양시 광양읍 구산리,광양시,광양읍,100,28,0,16.53,5.0,4,엘도라도 원룸입니다,https://www.zigbang.com/home/apt/items/49969427
2026-08-08 04:40:43,원룸,49833857,월세,01,전남광주시 광양시 마동,광양시,마동,500,35,0,36.45,11.03,8,신축 오피스텔 저렴한 인기 호실 추천해요 단기매물,https://www.zigbang.com/home/apt/items/49833857
2026-08-08 04:40:43,원룸,49868064,월세,01,전남광주시 광양시 마동,광양시,마동,1000,40,0,36.45,11.03,8,"스마트시티 귀한 남향 매물, 광양제철소 및 여수산단 인접",https://www.zigbang.com/home/apt/items/49868064
2026-08-08 04:40:43,원룸,49868082,월세,01,전남광주시 광양시 마동,광양시,마동,1000,40,0,14.79,4.47,8,신축 인기 도시형생활주택 남향 이순신대교 오션뷰 인기 호실,https://www.zigbang.com/home/apt/items/49868082
2026-08-08 04:40:43,원룸,49932537,월세,02,전남광주시 광양시 중동,광양시,중동,200,29,0,29.75,9.0,2,관리잘된 아주깨끗한방. 주차편리,https://www.zigbang.com/home/apt/items/49932537
2026-08-08 04:41:20,원룸,49801104,월세,02,경상남도 사천시 사남면 월성리,사천시,사남면,300,30,0,26.45,8.0,2,"도시가스,풀옵션",https://www.zigbang.com/home/apt/items/49801104
2026-08-08 04:41:20,원룸,49858117,월세,02,경상남도 사천시 사남면 월성리,사천시,사남면,300,30,0,23.14,7.0,2,"가성비 좋은 원룸. 카이,사천공단 도보 가능",https://www.zigbang.com/home/apt/items/49858117
2026-08-08 04:41:20,원룸,49938472,월세,02,경상남도 사천시 사남면 월성리,사천시,사남면,300,30,0,26.45,8.0,4,"깔끔한 원룸. 카이,사남공단 도보 출퇴근",https://www.zigbang.com/home/apt/items/49938472
2026-08-08 04:41:20,원룸,49974760,월세,02,경상남도 사천시 정동면 예수리,사천시,정동면,100,30,0,33.06,10.0,3,"도시가스,풀옵션,큰원룸",https://www.zigbang.com/home/apt/items/49974760
2026-08-08 04:41:20,원룸,49775686,월세,02,경상남도 진주시 정촌면 예하리,진주시,정촌면,300,29,0,26.43,8.0,2,㉧ㅡ서빈No.1구해줘홈즈ㅡ㉧추천BEST꿀방,https://www.zigbang.com/home/apt/items/49775686
2026-08-08 04:41:21,원룸,49965495,월세,01,경상남도 통영시 항남동,통영시,항남동,200,40,0,36,10.89,3,즉시입주가능한 풀웁션원룸,https://www.zigbang.com/home/apt/items/49965495
2026-08-08 04:41:22,원룸,49790426,월세,02,경상남도 통영시 광도면 노산리,통영시,광도면,200,25,0,30,9.07,2,신축같이 깨끗한 큰 원룸,https://www.zigbang.com/home/apt/items/49790426
2026-08-08 04:41:23,원룸,49823863,월세,02,경상남도 거제시 연초면 연사리,거제시,연초면,100,20,0,36.36,11.0,4,ㅇ금액대비 최상품 신축 가성비 최고 넓은 원룸ㅇ,https://www.zigbang.com/home/apt/items/49823863
2026-08-08 04:41:23,원룸,49836097,월세,02,경상남도 거제시 수월동,거제시,수월동,100,25,0,39.67,12.0,4,춘광아파트부근. 엘베. 특미니투룸.옥상사용.선착순.최고싼방,https://www.zigbang.com/home/apt/items/49836097
2026-08-08 04:41:23,원룸,49875455,월세,02,경상남도 거제시 수월동,거제시,수월동,100,25,0,35,10.59,3,초특대형원룸.엘리유리안2차정문쪽. 3층.남동향.선착순,https://www.zigbang.com/home/apt/items/49875455
2026-08-08 04:41:23,원룸,49904249,월세,02,경상남도 거제시 연초면 죽토리,거제시,연초면,200,30,0,46.28,14.0,2,ㅇ무조건계약할 최신축 남향 정투룸ㅇ,https://www.zigbang.com/home/apt/items/49904249
2026-08-08 04:41:23,원룸,49915330,월세,02,경상남도 거제시 연초면 오비리,거제시,연초면,200,25,0,33.06,10.0,반지하,ㄷ오비리 저렴하고 깨끗하고 넓은 미니 투룸 관리 잘된곳ㄱ,https://www.zigbang.com/home/apt/items/49915330
2026-08-08 04:41:23,원룸,49922774,월세,02,경상남도 거제시 연초면 오비리,거제시,연초면,200,33,0,52.89,16.0,3,ㅇ이 동네에서 제일좋은 금액저렴 추천 투룸같은방ㅇ,https://www.zigbang.com/home/apt/items/49922774
2026-08-08 04:41:23,원룸,49977803,월세,02,경상남도 거제시 연초면 오비리,거제시,연초면,200,30,0,42.98,13.0,2,ㅇ맘에드는방  엘리베이터 붙박이장 대형 미니투룸ㅇ,https://www.zigbang.com/home/apt/items/49977803
2026-08-08 04:41:23,원룸,49703157,월세,02,경상남도 거제시 고현동,거제시,고현동,200,25,0,33,9.98,3,ㄷ중곡동 시내 인프라최상 의 원룸 문의 주세요ㄱ,https://www.zigbang.com/home/apt/items/49703157
2026-08-08 04:41:23,원룸,49776605,월세,02,경상남도 거제시 연초면 오비리,거제시,연초면,200,30,0,42.98,13.0,3,ㅇ말도안되는 가격 최신축 전망좋은 최저가 미투ㅇ,https://www.zigbang.com/home/apt/items/49776605
2026-08-08 04:41:23,원룸,49806873,월세,01,경상남도 거제시 장평동,거제시,장평동,200,33,0,26.45,8.0,4,풀옵션 침대 책상있는 원룸 . 홈플러스인근,https://www.zigbang.com/home/apt/items/49806873
2026-08-08 04:41:23,원룸,49915348,월세,02,경상남도 거제시 장평동,거제시,장평동,200,33,0,33,9.98,2,ㄷ장평정문 도보3분거리 도배완료된 깨끗하고 완벽한 원룸ㄱ,https://www.zigbang.com/home/apt/items/49915348
2026-08-08 04:41:23,원룸,49922484,월세,02,경상남도 거제시 고현동,거제시,고현동,150,18,0,22,6.65,1,가장싼방. 신축건물.1층.정말이쁜집.선착순.중곡동소재,https://www.zigbang.com/home/apt/items/49922484
2026-08-08 04:41:23,원룸,49937390,월세,02,경상남도 거제시 장평동,거제시,장평동,100,30,0,33.06,10.0,2,ㄷ장평후문출퇴근5분 도배 청소완료 가스렌지도 새거로교체ㄱ,https://www.zigbang.com/home/apt/items/49937390
2026-08-08 04:41:23,원룸,49959172,월세,02,경상남도 거제시 장평동,거제시,장평동,200,35,0,33,9.98,2,ㄷ장평정문 컨디션 매우좋은곳 이사협의위해 상담해주세요ㄱ,https://www.zigbang.com/home/apt/items/49959172
2026-08-08 04:41:23,원룸,49983893,월세,02,경상남도 거제시 장평동,거제시,장평동,100,33,0,33,9.98,4,ㄷ장평정문 출퇴근1분거리 저렴한보증금 청소및도배중 깨끗ㄱ,https://www.zigbang.com/home/apt/items/49983893
2026-08-08 04:41:23,원룸,49984900,월세,02,경상남도 거제시 장평동,거제시,장평동,200,35,0,40,12.1,3,ㄷ장평정문 출퇴근3분거리 넓은 미투 저렴한 월세 도배 완료,https://www.zigbang.com/home/apt/items/49984900
2026-08-08 04:41:25,원룸,49904174,월세,02,경상남도 창원시 진해구 회현동,창원시 진해구,회현동,300,30,0,26.45,8.0,4,황금알 공설운동장인근 1년이상 계약만 가능 심야전기 원룸,https://www.zigbang.com/home/apt/items/49904174
2026-08-08 04:41:25,원룸,49909445,월세,02,경상남도 창원시 진해구 회현동,창원시 진해구,회현동,300,30,0,30,9.07,4,황금알 군부대인근 심야전기 분리형원룸 1년이상계약만 가능,https://www.zigbang.com/home/apt/items/49909445
2026-08-08 04:41:25,원룸,49951554,월세,02,경상남도 창원시 진해구 여좌동,창원시 진해구,여좌동,200,30,0,23.14,7.0,4,"황금알 진해역인근, 탁트인조망, 해군군무원 출퇴근좋은원룸",https://www.zigbang.com/home/apt/items/49951554
2026-08-08 04:41:31,원룸,49815487,월세,04,경상남도 거제시 장승포동,거제시,장승포동,100,50,0,111.54,33.74,고,"장승포 마이투스 아파트 첫입주,즉시입주가능",https://www.zigbang.com/home/apt/items/49815487
2026-08-08 04:41:31,원룸,49912576,월세,02,경상남도 거제시 장승포동,거제시,장승포동,50,35,0,59.63,18.04,4,"장승포 마이투스 오피스텔 ,단기가능",https://www.zigbang.com/home/apt/items/49912576
2026-08-08 04:41:34,원룸,49950589,월세,02,부산시 강서구 지사동,강서구,지사동,200,31,0,26.11,7.9,2,ㅣ남향 1.5룸ㅣ외국인 가능ㅣ,https://www.zigbang.com/home/apt/items/49950589
2026-08-08 04:41:34,원룸,49666530,월세,02,부산시 강서구 범방동,강서구,범방동,200,25,0,23.14,7.0,2,부산 강서구 가성비 원룸  즉시입주  미음 생곡 지사,https://www.zigbang.com/home/apt/items/49666530
2026-08-08 04:41:34,원룸,49666588,월세,02,부산시 강서구 범방동,강서구,범방동,300,40,0,35,10.59,2,범방동 투룸 즉시입주 가능,https://www.zigbang.com/home/apt/items/49666588
2026-08-08 04:41:34,원룸,49860065,월세,02,부산시 강서구 범방동,강서구,범방동,300,30,0,23.14,7.0,2,범방동 원룸   풀옵션,https://www.zigbang.com/home/apt/items/49860065
2026-08-08 04:41:34,원룸,49864502,월세,02,부산시 강서구 범방동,강서구,범방동,500,51,0,28.75,8.7,3,ㅣ큰 신축 투룸ㅣ직원 숙소ㅣ,https://www.zigbang.com/home/apt/items/49864502
2026-08-08 04:41:34,원룸,49913000,월세,02,부산시 강서구 범방동,강서구,범방동,300,27,0,23.13,7.0,3,ㅣ귀한원룸ㅣ공실ㅣ,https://www.zigbang.com/home/apt/items/49913000
2026-08-08 04:41:34,원룸,49956876,월세,02,부산시 강서구 범방동,강서구,범방동,300,39,0,26.8,8.11,2,"ㅣ방1, 거실1ㅣ직원숙소 추천ㅣ",https://www.zigbang.com/home/apt/items/49956876
2026-08-08 04:41:34,원룸,49701939,월세,01,부산시 사상구 엄궁동,사상구,엄궁동,300,30,0,22,6.65,3,ㅁ주차 가능ㅁ실매물,https://www.zigbang.com/home/apt/items/49701939
2026-08-08 04:41:34,원룸,49792213,월세,01,부산시 사상구 학장동,사상구,학장동,100,16,0,16.52,5.0,1,NEW 리모델링 ㅣ 최저가ㅣ단기가능ㅣ실매물,https://www.zigbang.com/home/apt/items/49792213
2026-08-08 04:41:34,원룸,49799924,월세,01,부산시 사하구 하단동,사하구,하단동,3000,28,0,29.95,9.06,중,경비실 입주민헬스장 고급,https://www.zigbang.com/home/apt/items/49799924
2026-08-08 04:41:34,원룸,49892085,월세,01,부산시 사하구 하단동,사하구,하단동,1000,35,0,15.65,4.73,2,남향 2년차신축건물,https://www.zigbang.com/home/apt/items/49892085
2026-08-08 04:41:34,원룸,49896754,월세,01,부산시 사하구 하단동,사하구,하단동,500,40,0,22,6.65,2,정남향에 풀옵션인 신축원룸,https://www.zigbang.com/home/apt/items/49896754
2026-08-08 04:41:34,원룸,49896937,월세,01,부산시 사하구 하단동,사하구,하단동,1000,35,0,22,6.65,2,정남향에 이쁘고 빠른입주 가능한 신축원룸,https://www.zigbang.com/home/apt/items/49896937
2026-08-08 04:41:34,원룸,49898308,월세,01,부산시 사하구 하단동,사하구,하단동,500,38,0,31.72,9.6,4,통학꿀위치 정문앞,https://www.zigbang.com/home/apt/items/49898308
2026-08-08 04:41:34,원룸,49905319,월세,01,부산시 사하구 하단동,사하구,하단동,100,20,0,26.45,8.0,1,o동아대1분o올수리o,https://www.zigbang.com/home/apt/items/49905319
2026-08-08 04:41:34,원룸,49960111,월세,01,부산시 사하구 하단동,사하구,하단동,300,25,0,26.45,8.0,3,o동아대10초o원룸같은원룸o,https://www.zigbang.com/home/apt/items/49960111
2026-08-08 04:41:34,원룸,49961362,월세,02,부산시 사하구 하단동,사하구,하단동,500,42,0,31,9.38,2,거실넓은 투룸 둘이살자,https://www.zigbang.com/home/apt/items/49961362
2026-08-08 04:41:34,원룸,49973632,월세,01,부산시 사하구 하단동,사하구,하단동,1000,35,0,28.66,8.67,4,문의많은 0 인기쟁이 0 위드빌,https://www.zigbang.com/home/apt/items/49973632
2026-08-08 04:41:34,원룸,49980089,월세,02,부산시 사하구 하단동,사하구,하단동,200,20,0,26.45,8.0,3,o동아대10초o단기가능o,https://www.zigbang.com/home/apt/items/49980089
2026-08-08 04:41:35,원룸,49975497,전세,02,부산시 서구 동대신동3가,서구,동대신동3가,4500,0,0,19.24,5.82,3,LH전문 LH가능 버팀목 카뱅 토스등 모든대출 가능,https://www.zigbang.com/home/apt/items/49975497
2026-08-08 04:41:35,원룸,49975887,월세,01,부산시 사상구 주례동,사상구,주례동,200,24,0,16.08,4.86,4,...S2냉정역 2분 화이트톤 이쁜 원룸S2...,https://www.zigbang.com/home/apt/items/49975887
2026-08-08 04:41:35,원룸,49984606,월세,02,부산시 부산진구 개금동,부산진구,개금동,2000,30,0,24.67,7.46,5,ㅎ방1.거실1.역세권 풀옵션.수납많음ㅎ,https://www.zigbang.com/home/apt/items/49984606
2026-08-08 04:41:35,원룸,49984631,월세,01,부산시 부산진구 개금동,부산진구,개금동,300,25,0,19.65,5.94,2,ㅎ역세권.조용한 위치.풀옵션.밝은 방ㅎ,https://www.zigbang.com/home/apt/items/49984631
2026-08-08 04:41:35,원룸,49985311,월세,01,부산시 서구 동대신동3가,서구,동대신동3가,300,27,0,32.65,9.88,4,ㅇ특대ㅇ화이트톤ㅇ동아대병원 도보ㅇ베란다ㅇ채광최고ㅇ평지ㅇ,https://www.zigbang.com/home/apt/items/49985311
2026-08-08 04:41:34,원룸,49980895,월세,02,부산시 중구 보수동2가,중구,보수동2가,200,30,0,20.91,6.33,2,주방분리.최저가.동아대앞.깔끔한방 풀옵션.가성비굿.인프라굿,https://www.zigbang.com/home/apt/items/49980895
2026-08-08 04:41:34,원룸,49980983,월세,01,부산시 서구 서대신동1가,서구,서대신동1가,500,28,0,16.21,4.9,6,초역세권.탑층.채광좋고.동아대인근 풀옵션.가성비굿.인프라굿,https://www.zigbang.com/home/apt/items/49980983
2026-08-08 04:41:34,원룸,49983855,전세,02,부산시 중구 보수동3가,중구,보수동3가,6000,0,0,20.04,6.06,2,방1 거실 주방 주차좋음 LH전문,https://www.zigbang.com/home/apt/items/49983855
2026-08-08 04:41:34,원룸,49984202,전세,04,부산시 서구 서대신동1가,서구,서대신동1가,16900,0,0,73.3,22.17,9,방2개 드레스룸 거실 뷰 맛집,https://www.zigbang.com/home/apt/items/49984202
2026-08-08 04:41:34,원룸,49984232,전세,01,부산시 서구 서대신동1가,서구,서대신동1가,9500,0,0,31.41,9.5,9,"근저당 없음, 청년버팀목 가능",https://www.zigbang.com/home/apt/items/49984232
2026-08-08 04:41:34,원룸,49984249,월세,02,부산시 서구 서대신동1가,서구,서대신동1가,500,42,0,28.71,8.68,2,투룸 방1 거실1 주방 베란다 보증금조절가능,https://www.zigbang.com/home/apt/items/49984249
2026-08-08 04:41:34,원룸,49984511,월세,01,부산시 서구 토성동5가,서구,토성동5가,500,30,0,25.54,7.73,4,ㅇ특대원룸ㅇ자갈치역ㅇ부산대학교병원ㅇ서구청도보ㅇ채광최고위치짱,https://www.zigbang.com/home/apt/items/49984511
2026-08-08 04:41:34,원룸,49984696,월세,02,부산시 서구 아미동1가,서구,아미동1가,1000,27,0,17.25,5.22,2,ㅇ화이트톤ㅇ최우선변제금OKㅇ부산대학교병원ㅇ토성역ㅇ,https://www.zigbang.com/home/apt/items/49984696
2026-08-08 04:41:37,원룸,49284509,월세,02,부산시 영도구 동삼동,영도구,동삼동,100,22,0,23.14,7.0,1,NEW 리모델링 ㅣ방1 거실 1ㅣ보증금조절가능,https://www.zigbang.com/home/apt/items/49284509
2026-08-08 04:41:37,원룸,49584649,월세,01,부산시 영도구 동삼동,영도구,동삼동,300,11,0,18,5.44,3,NEWㅣ 최저가 리모델링ㅣ단기가능,https://www.zigbang.com/home/apt/items/49584649
2026-08-08 04:41:37,원룸,48595518,월세,01,부산시 영도구 동삼동,영도구,동삼동,100,20,0,19.83,6.0,3,NEW리모델링ㅣ단기가능ㅣ보증금조절가능ㅣ해양대앞,https://www.zigbang.com/home/apt/items/48595518
2026-08-08 04:41:37,원룸,48987063,월세,01,부산시 영도구 동삼동,영도구,동삼동,100,10,0,15,4.54,3,NEW 리모델링ㅣ단기가능ㅣ보증금조절가능ㅣ최저가,https://www.zigbang.com/home/apt/items/48987063
2026-08-08 04:41:37,원룸,49451300,월세,01,부산시 영도구 동삼동,영도구,동삼동,500,25,0,15.17,4.59,4,NEW 리모델링ㅣ엘베있음ㅣ단기가능ㅣ보증금조절가능ㅣ,https://www.zigbang.com/home/apt/items/49451300
2026-08-08 04:41:37,원룸,49476967,월세,01,부산시 영도구 동삼동,영도구,동삼동,300,27,0,19.83,6.0,4,NEW 리모델링ㅣ주방분리ㅣ단기가능 학생환영ㅣ주차가능,https://www.zigbang.com/home/apt/items/49476967
2026-08-08 04:41:37,원룸,49508575,월세,01,부산시 영도구 동삼동,영도구,동삼동,300,30,0,16.52,5.0,2,NEW 리모델링ㅣ단기가능ㅣ해양대전문ㅣ해양대앞,https://www.zigbang.com/home/apt/items/49508575
2026-08-08 04:41:37,원룸,49585422,월세,01,부산시 영도구 동삼동,영도구,동삼동,500,30,0,23.14,7.0,3,NEW 리모델링ㅣ넓은원룸ㅣ단기가능ㅣ해양대환영ㅣ,https://www.zigbang.com/home/apt/items/49585422
2026-08-08 04:41:37,원룸,49881827,월세,01,부산시 남구 용호동,남구,용호동,100,25,0,16.52,5.0,5,세입자의 입장에서 안내하겠습니다,https://www.zigbang.com/home/apt/items/49881827
2026-08-08 04:41:37,원룸,49887549,월세,01,부산시 영도구 동삼동,영도구,동삼동,100,19,0,16.52,5.0,5,NEW 리모델링ㅣ최저가ㅣ엘베있음 ㅣ단기가능,https://www.zigbang.com/home/apt/items/49887549
2026-08-08 04:41:37,원룸,49977542,전세,02,부산시 중구 부평동2가,중구,부평동2가,8000,0,0,40.19,12.16,3,ㅇ화이트톤ㅇ방1거실1ㅇ보증보험OKㅇ부평동ㅇ토성동ㅇ자갈치역ㅇ,https://www.zigbang.com/home/apt/items/49977542
2026-08-08 04:41:37,원룸,49978717,월세,01,부산시 중구 중앙동4가,중구,중앙동4가,500,50,0,33.27,10.06,고,"준신축풀옵션,전입가능,융자없음,보증금조절가능,빠른입주가능",https://www.zigbang.com/home/apt/items/49978717
2026-08-08 04:41:37,원룸,49980497,월세,02,부산시 중구 중앙동4가,중구,중앙동4가,1000,80,0,48.33,14.62,20,"탑층 투룸 펜트하우스 오션뷰 테라스, 보증금조절가능 풀옵션",https://www.zigbang.com/home/apt/items/49980497
2026-08-08 04:41:37,원룸,49983955,월세,02,부산시 중구 중앙동4가,중구,중앙동4가,500,59,0,47.1,14.25,중,ㅡ미라주 드레스룸 있는 방1 거실1 귀한매물ㅡ,https://www.zigbang.com/home/apt/items/49983955
2026-08-08 04:41:37,원룸,49983972,전세,02,부산시 중구 중앙동4가,중구,중앙동4가,12000,0,0,47.1,14.25,중,O거실1.방1 통유리드레스룸O근저당없이 안심전세O,https://www.zigbang.com/home/apt/items/49983972
2026-08-08 04:41:37,원룸,49984546,월세,01,부산시 중구 영주동,중구,영주동,100,18,0,10,3.02,1,ㅇ초저가ㅇ풀옵션ㅇ부산역ㅇ중앙역ㅇ코모도호텔ㅇ,https://www.zigbang.com/home/apt/items/49984546
2026-08-08 04:41:37,원룸,49984844,월세,02,부산시 중구 대청동2가,중구,대청동2가,300,25,0,12.68,3.84,5,ㅇ초저렴ㅇ광복로도보ㅇ남포동ㅇ중앙역ㅇ롯데백화점 이동 가능,https://www.zigbang.com/home/apt/items/49984844
2026-08-08 04:41:37,원룸,49985178,월세,02,부산시 중구 영주동,중구,영주동,500,32,0,14.7,4.45,3,분리형.부산역.풀옵션.즉시입주.보증금조절가능H,https://www.zigbang.com/home/apt/items/49985178
2026-08-08 04:41:37,원룸,49985216,월세,02,부산시 중구 영주동,중구,영주동,500,32,0,14.7,4.45,3,V남향 V부산역도보권 V주방분리형 V보증금월세조절 Q,https://www.zigbang.com/home/apt/items/49985216
2026-08-08 04:41:40,원룸,49824539,월세,02,전남광주시 광산구 오선동,광산구,오선동,200,27,0,28,8.47,2,ㅁ추천매물 NOㅁ인기매물 채광굿 풀옵션 원룸,https://www.zigbang.com/home/apt/items/49824539
2026-08-08 04:41:40,원룸,49882725,월세,02,전남광주시 광산구 오선동,광산구,오선동,100,26,0,18.85,5.7,3,ㅣ실시간 A급 인기매물ㅣ신축ㅣ예쁜방ㅣ귀한매물ㅣ깔끔ㅣ,https://www.zigbang.com/home/apt/items/49882725
2026-08-08 04:41:40,원룸,49888795,월세,02,전남광주시 광산구 오선동,광산구,오선동,100,26,0,26.45,8.0,2,I 실시간 업데이트 I 실매물 I 가성비 좋은 방 I,https://www.zigbang.com/home/apt/items/49888795
2026-08-08 04:41:40,원룸,49904703,월세,02,전남광주시 광산구 오선동,광산구,오선동,200,28,0,21.08,6.38,3,ㅣ실시간 A급 인기매물ㅣ갓성비ㅣ채광 굿ㅣ,https://www.zigbang.com/home/apt/items/49904703
2026-08-08 04:41:40,원룸,49938400,월세,02,전남광주시 광산구 오선동,광산구,오선동,300,31,0,29.75,9.0,3,II P II 신축급 l 붙박이장 l 엘베 l 대형크기,https://www.zigbang.com/home/apt/items/49938400
2026-08-08 04:41:40,원룸,49938435,월세,02,전남광주시 광산구 오선동,광산구,오선동,200,24,0,19.14,5.79,2,II P II 신축 l 채광맛집 l 엘베 l 제일싼 가성비,https://www.zigbang.com/home/apt/items/49938435
2026-08-08 04:41:40,원룸,49940186,월세,02,전남광주시 광산구 오선동,광산구,오선동,200,32,0,26.44,8.0,4,진곡산단 내 주차편리한 주택가 넓고 쾌적한 분리형 원룸,https://www.zigbang.com/home/apt/items/49940186
2026-08-08 04:41:40,원룸,49948034,월세,02,전남광주시 광산구 오선동,광산구,오선동,200,26,0,28,8.47,2,ㅁNew추천매물ㅁ수납좋고 채광좋은 풀옵션 원룸,https://www.zigbang.com/home/apt/items/49948034
2026-08-08 04:41:40,원룸,49958441,월세,02,전남광주시 광산구 오선동,광산구,오선동,200,26,0,19.85,6.0,2,진곡산단 신축 I 깔끔 화이트톤 I 채광 가득,https://www.zigbang.com/home/apt/items/49958441
2026-08-08 04:41:51,원룸,49974768,월세,01,전라북도 전주시 완산구 효자동3가,전주시 완산구,효자동3가,50,18,0,28,8.47,3,ꯁ전주대 스타타워 인근원룸ꯁ인근 최저가ꯁ위치 최상급 원룸ꯁ,https://www.zigbang.com/home/apt/items/49974768
2026-08-08 04:41:51,원룸,49754588,월세,02,전라북도 전주시 완산구 효자동3가,전주시 완산구,효자동3가,100,20,0,27,8.17,2,"ꯁ스타타워 인근 초대형원룸ꯁ침대,책상풀옵션ꯁ최저가 넓은원룸",https://www.zigbang.com/home/apt/items/49754588
2026-08-08 04:41:51,원룸,49793301,월세,01,전라북도 전주시 완산구 효자동3가,전주시 완산구,효자동3가,100,17,0,34,10.28,1,O전주대 최저가 풀옵션원룸O보증금100만O넓고좋은구조O추추,https://www.zigbang.com/home/apt/items/49793301
2026-08-08 04:41:51,원룸,49813879,월세,01,전라북도 전주시 완산구 효자동3가,전주시 완산구,효자동3가,100,13,0,34,10.28,3,O전주대 최저가 원룸O구정문10초O풀옵션O가성비끝판왕O,https://www.zigbang.com/home/apt/items/49813879
2026-08-08 04:41:51,원룸,49834138,월세,02,전라북도 완주군 이서면 갈산리,완주군,이서면,300,35,0,33.06,10.0,2,전기ㅇ가스ㅇ수도ㅇ난방모든게포함ㅇ혁신도시원룸ㅇ귀한매물ㅇ깨끗ㅇ,https://www.zigbang.com/home/apt/items/49834138
2026-08-08 04:41:51,원룸,49838200,월세,01,전라북도 전주시 완산구 효자동3가,전주시 완산구,효자동3가,100,18,0,28,8.47,3,ꯁ스타타워 인근 풀옵션원룸ꯁ단기 가능ꯁ최저가 넓은원룸ꯁ,https://www.zigbang.com/home/apt/items/49838200
2026-08-08 04:41:51,원룸,49880346,월세,02,전라북도 전주시 완산구 효자동3가,전주시 완산구,효자동3가,100,20,0,34,10.28,2,O전주대 풀옵션 원룸O화이트톤O넓고좋은구조O구정문5분O추추,https://www.zigbang.com/home/apt/items/49880346
2026-08-08 04:41:51,원룸,49888467,월세,01,전라북도 전주시 완산구 효자동3가,전주시 완산구,효자동3가,100,20,0,27,8.17,1,ꯁ부분 리모델링 원룸ꯁ풀풀옵션ꯁ화이트톤ꯁ선착순 매물ꯁ,https://www.zigbang.com/home/apt/items/49888467
2026-08-08 04:41:51,원룸,49889040,월세,02,전라북도 전주시 완산구 효자동3가,전주시 완산구,효자동3가,100,22,0,27,8.17,3,ꯁ전주대 최저가 풀옵션 원룸ꯁ정남향ꯁ진짜 선착순 매물ꯁ,https://www.zigbang.com/home/apt/items/49889040
2026-08-08 04:41:51,원룸,49891482,월세,02,전라북도 전주시 완산구 효자동3가,전주시 완산구,효자동3가,100,20,0,29,8.77,1,ꯁ전주대 스타타워 인근ꯁ완전풀옵션 원룸ꯁ분리형 초대형원룸ꯁ,https://www.zigbang.com/home/apt/items/49891482
2026-08-08 04:41:51,원룸,49917183,월세,01,전라북도 전주시 완산구 효자동3가,전주시 완산구,효자동3가,100,20,0,33.06,10.0,3,A전주대도보1분A풀옵션원룸A인근최저가A즉시입주가능A,https://www.zigbang.com/home/apt/items/49917183
2026-08-08 04:41:51,원룸,49940896,월세,01,전라북도 전주시 덕진구 만성동,전주시 덕진구,만성동,300,30,0,35,10.59,3,귀한 뻥뷰 원룸 ㅡ 햇살 좋음 ㅡ,https://www.zigbang.com/home/apt/items/49940896
2026-08-08 04:41:51,원룸,49943797,월세,01,전라북도 전주시 덕진구 만성동,전주시 덕진구,만성동,300,35,0,39.67,12.0,2,"큰 대형 원룸 찾으시면 여기, 정남향 햇빛쨍쨍",https://www.zigbang.com/home/apt/items/49943797
2026-08-08 04:41:51,원룸,49982418,월세,01,전라북도 전주시 덕진구 만성동,전주시 덕진구,만성동,300,30,0,33.06,10.0,3,두현마을 엘베있는 풀옵션 원룸ㅁ선착순1분ㅁ,https://www.zigbang.com/home/apt/items/49982418
2026-08-08 04:41:52,원룸,49924217,월세,02,전라북도 전주시 완산구 동서학동,전주시 완산구,동서학동,300,30,0,28,8.47,4,H교대 도보5분H풀옵션 원룸H즉시입주H,https://www.zigbang.com/home/apt/items/49924217
2026-08-08 04:41:52,원룸,49927470,월세,01,전라북도 전주시 완산구 동서학동,전주시 완산구,동서학동,300,28,0,33.06,10.0,2,ㅁㅁ교대인근ㅁ신축원룸ㅁ풀옵션매물ㅁ인기매물ㅁ즉시입주가능ㅁㅁ,https://www.zigbang.com/home/apt/items/49927470
2026-08-08 04:41:52,원룸,49944346,월세,02,전라북도 전주시 완산구 중화산동1가,전주시 완산구,중화산동1가,200,26,0,33.05,10.0,2,100프로실매물 예수병원도보3분 깔끔한 신축 풀옵션남향원룸,https://www.zigbang.com/home/apt/items/49944346
2026-08-08 04:41:52,원룸,49944348,월세,02,전라북도 전주시 완산구 중화산동1가,전주시 완산구,중화산동1가,300,31,0,39.67,12.0,2,100프로실매물 깔끔한 고품격 신축 풀옵션 주방분리 원룸,https://www.zigbang.com/home/apt/items/49944348
2026-08-08 04:41:55,원룸,49951365,월세,01,전라북도 남원시 왕정동,남원시,왕정동,3000,25,0,39.67,12.0,4,왕정동 신축급 큰원룸 임대합니다.,https://www.zigbang.com/home/apt/items/49951365
2026-08-08 04:42:04,원룸,49816975,월세,02,경상남도 거창군 거창읍 송정리,거창군,거창읍,1000,40,0,39.76,12.03,1,"내부시설깨끗,풀옵션,즉시입주가",https://www.zigbang.com/home/apt/items/49816975
2026-08-08 04:42:05,원룸,49816674,월세,01,경상남도 거창군 거창읍 대평리,거창군,거창읍,500,33,0,24,7.26,3,"정남향,내부시설깨끗,엘베있음",https://www.zigbang.com/home/apt/items/49816674
2026-08-08 04:42:06,원룸,49841784,월세,01,전라북도 군산시 오식도동,군산시,오식도동,100,25,0,20,6.05,4,오식도 번화가 원룸,https://www.zigbang.com/home/apt/items/49841784
2026-08-08 04:42:06,원룸,49917705,월세,01,전라북도 군산시 오식도동,군산시,오식도동,100,25,0,23.14,7.0,3,정남향 뻥뷰원룸,https://www.zigbang.com/home/apt/items/49917705
2026-08-08 04:42:06,원룸,49917708,월세,02,전라북도 군산시 오식도동,군산시,오식도동,100,25,0,19.83,6.0,3,정남향 환한 3층,https://www.zigbang.com/home/apt/items/49917708
2026-08-08 04:42:06,원룸,49917711,월세,02,전라북도 군산시 오식도동,군산시,오식도동,100,25,0,23.14,7.0,3,1.5룸  원룸가격,https://www.zigbang.com/home/apt/items/49917711
2026-08-08 04:42:06,원룸,49917730,월세,01,전라북도 군산시 오식도동,군산시,오식도동,100,25,0,19.83,6.0,3,준신축급 원룸,https://www.zigbang.com/home/apt/items/49917730
2026-08-08 04:42:06,원룸,49925321,월세,01,전라북도 군산시 오식도동,군산시,오식도동,100,22,0,21,6.35,3,위치 좋은 준신축 원룸,https://www.zigbang.com/home/apt/items/49925321
2026-08-08 04:42:06,원룸,49925332,월세,02,전라북도 군산시 오식도동,군산시,오식도동,100,35,0,27,8.17,4,탁트인뷰 층간소음없음,https://www.zigbang.com/home/apt/items/49925332
2026-08-08 04:42:06,원룸,49925350,월세,01,전라북도 군산시 오식도동,군산시,오식도동,100,30,0,20,6.05,3,"산업단지 인근 준신축 앞트여있음 1,5룸 크기",https://www.zigbang.com/home/apt/items/49925350
2026-08-08 04:42:06,원룸,49925444,월세,01,전라북도 군산시 오식도동,군산시,오식도동,60,20,0,22,6.65,4,벽지 전체 교체,https://www.zigbang.com/home/apt/items/49925444
2026-08-08 04:42:06,원룸,49657763,월세,01,전라북도 군산시 미룡동,군산시,미룡동,20,30,0,33,9.98,1,"미룡동 군산대 도보5분, 내부깔끔, 즉시입주, 생활권최상",https://www.zigbang.com/home/apt/items/49657763
2026-08-08 04:42:06,원룸,49730819,월세,01,전라북도 군산시 미룡동,군산시,미룡동,500,38,0,22.46,6.79,3,깔끔한 군산대정문 앞 오피스텔,https://www.zigbang.com/home/apt/items/49730819
2026-08-08 04:42:06,원룸,49733299,월세,01,전라북도 군산시 미룡동,군산시,미룡동,20,32,0,17,5.14,1,군산대 정문에서 도보로 6분 이내 위치함.1층입니다.,https://www.zigbang.com/home/apt/items/49733299
2026-08-08 04:42:06,원룸,49772610,월세,02,전라북도 군산시 미룡동,군산시,미룡동,20,30,0,33,9.98,1,"사진클릭, 군산대도보5분, 내부깔끔1등 풀옵션, 남향",https://www.zigbang.com/home/apt/items/49772610
2026-08-08 04:42:06,원룸,49773460,월세,02,전라북도 군산시 미룡동,군산시,미룡동,100,28,0,30,9.07,1,군산대 도보7분,https://www.zigbang.com/home/apt/items/49773460
2026-08-08 04:42:06,원룸,49864130,월세,02,전라북도 군산시 미룡동,군산시,미룡동,10,30,0,34,10.28,3,"CCTV보안좋음, 군산대 도보5분, 화이트톤 내부깔끔",https://www.zigbang.com/home/apt/items/49864130
2026-08-08 04:42:06,원룸,49872857,월세,02,전라북도 군산시 미룡동,군산시,미룡동,100,28,0,19,5.75,2,군산대 정문에서 7분 거리 위치.,https://www.zigbang.com/home/apt/items/49872857
2026-08-08 04:42:06,원룸,49872877,월세,02,전라북도 군산시 미룡동,군산시,미룡동,100,34,0,19,5.75,2,군산대 정문에서 7분 거리위치.주변환경 조용하고 쾌적함.,https://www.zigbang.com/home/apt/items/49872877
2026-08-08 04:42:06,원룸,49879611,월세,01,전라북도 군산시 미룡동,군산시,미룡동,500,38,0,33.06,10.0,2,•　오피스텔　•　신축　•　엘리베이터　•,https://www.zigbang.com/home/apt/items/49879611
2026-08-08 04:42:06,원룸,49897180,월세,02,전라북도 군산시 미룡동,군산시,미룡동,500,38,0,34,10.28,3,ꗄꗄ군산대 신축 엘베有ꗄꗄ제일 이쁘당ꗄꗄ,https://www.zigbang.com/home/apt/items/49897180
2026-08-08 04:42:06,원룸,49925696,월세,01,전라북도 군산시 미룡동,군산시,미룡동,20,33,0,34,10.28,1,"사진클릭, 귀한 3층, 세련된인테리어, 등교5분내",https://www.zigbang.com/home/apt/items/49925696
2026-08-08 04:42:06,원룸,49951201,월세,02,전라북도 군산시 미룡동,군산시,미룡동,30,36,0,33,9.98,1,"추천원룸, 붙박이장, 깔끔구조, 재계약율높은방,등교5분",https://www.zigbang.com/home/apt/items/49951201
2026-08-08 04:42:06,원룸,49951429,월세,02,전라북도 군산시 미룡동,군산시,미룡동,20,35,0,33,9.98,1,"사진클릭, 등교2분, 떳다 예쁜원룸, 채광1등, 실용적구조",https://www.zigbang.com/home/apt/items/49951429
2026-08-08 04:42:06,원룸,49951590,월세,02,전라북도 군산시 미룡동,군산시,미룡동,20,30,0,33,9.98,2,"사진클릭, 가성비갑 풀옵 넓은원룸, 내부최상, 로얄층남향",https://www.zigbang.com/home/apt/items/49951590
2026-08-08 04:42:10,원룸,49734003,월세,01,전라북도 완주군 삼례읍 후정리,완주군,삼례읍,100,25,0,33.03,9.99,2,"ㅁ가성비최고 ㅁ분리형원룸 ㅁ풀옵션 ㅁ교육관, 대운동장 인근",https://www.zigbang.com/home/apt/items/49734003
2026-08-08 04:42:10,원룸,49885938,월세,02,전라북도 완주군 삼례읍 삼례리,완주군,삼례읍,500,36,0,36.36,11.0,3,0삼례신축급0분리형주방0엘베0삼례ic근접0삼례우석대0넓은방,https://www.zigbang.com/home/apt/items/49885938
2026-08-08 04:42:10,원룸,49944112,월세,01,전라북도 완주군 삼례읍 삼례리,완주군,삼례읍,100,30,0,33.06,10.0,2,ꗄꗄ풀옵션ꗄꗄ깔끔함ꗄꗄ우석대초인접ꗄꗄ안심주택ꗄꗄ가성비짱,https://www.zigbang.com/home/apt/items/49944112
2026-08-08 04:42:10,원룸,49971831,월세,02,전라북도 완주군 삼례읍 삼례리,완주군,삼례읍,1500,20,0,33.06,10.0,2,米BEST원룸 米안심주택 米주차좋음 米준신축급米엘베,https://www.zigbang.com/home/apt/items/49971831
2026-08-08 04:42:10,원룸,49972034,월세,02,전라북도 완주군 삼례읍 삼례리,완주군,삼례읍,500,35,0,33.06,10.0,2,ꗄꗄ신축급ꗄꗄ엘베ꗄꗄ풀옵션ꗄꗄ안심주택ꗄꗄ우석대학ꗄꗄ조용함,https://www.zigbang.com/home/apt/items/49972034
2026-08-08 04:42:10,원룸,49716895,월세,01,전라북도 전주시 덕진구 여의동2가,전주시 덕진구,여의동2가,300,35,0,33.06,10.0,2,ㅇ남향ㅇ햇살가득ㅇ탁트인뷰ㅇ엘베포함ㅇ깔끔원룸ㅇ,https://www.zigbang.com/home/apt/items/49716895
2026-08-08 04:42:10,원룸,49770253,월세,01,전라북도 전주시 덕진구 여의동2가,전주시 덕진구,여의동2가,300,37,0,29.75,9.0,2,ㅁㅁ이건못참지ㅁㅁ여의동신축원룸ㅁㅁ도촌초인근 신축원룸등장ㅁㅁ,https://www.zigbang.com/home/apt/items/49770253
2026-08-08 04:42:10,원룸,49838718,월세,02,전라북도 전주시 덕진구 반월동,전주시 덕진구,반월동,300,32,0,35.99,10.89,2,신축ㅇ채광좋음ㅇ넓은주차ㅇ옵션좋음ㅇ깨끗ㅇ탁트인뷰ㅇ살기좋은집,https://www.zigbang.com/home/apt/items/49838718
2026-08-08 04:42:10,원룸,49945436,월세,01,전라북도 전주시 덕진구 반월동,전주시 덕진구,반월동,300,30,0,33.06,10.0,2,ㅁㅁ신축급매물ㅁ인기매물ㅁ엘리베이터ㅁ햇빛ㅁ주방분리ㅁ좋은집ㅁㅁ,https://www.zigbang.com/home/apt/items/49945436
2026-08-08 04:42:11,원룸,49945154,월세,02,전라북도 전주시 덕진구 송천동1가,전주시 덕진구,송천동1가,300,30,0,35,10.59,3,ꕥ신축넓은원룸ꕥㆀ햇살좋은넓은방ㆀꕥ에코시티十예비군훈련장十w,https://www.zigbang.com/home/apt/items/49945154
2026-08-08 04:42:11,원룸,49978387,월세,02,전라북도 전주시 덕진구 송천동1가,전주시 덕진구,송천동1가,300,30,0,35,10.59,2,ꕥ탁트인뷰ꕥㆀ햇살좋은넓은방ㆀꕥ에코시티十신축밝은집十w,https://www.zigbang.com/home/apt/items/49978387
2026-08-08 04:42:11,원룸,49972106,월세,02,전라북도 완주군 봉동읍 낙평리,완주군,봉동읍,300,26,0,29.75,9.0,3,米착한가격 米신축급 米주차OK 米깔끔함 米안심주택,https://www.zigbang.com/home/apt/items/49972106
2026-08-08 04:42:11,원룸,49979366,월세,02,전라북도 완주군 봉동읍 낙평리,완주군,봉동읍,300,26,0,24.9,7.53,3,0삼봉지구근접0노고민0분리형0주차편함0,https://www.zigbang.com/home/apt/items/49979366
2026-08-08 04:42:13,원룸,49589055,월세,02,충청남도 논산시 취암동,논산시,취암동,1000,45,0,33.06,10.0,4,공영주차장 근처 반투룸,https://www.zigbang.com/home/apt/items/49589055
2026-08-08 04:42:13,원룸,49650704,월세,02,충청남도 논산시 취암동,논산시,취암동,500,65,0,50,15.12,2,아주 깔끔하고 신혼살림도 가능한 전망좋음,https://www.zigbang.com/home/apt/items/49650704
2026-08-08 04:42:13,원룸,49768444,전세,04,충청남도 논산시 취암동,논산시,취암동,13500,0,0,85,25.71,7,보증보험됩니다,https://www.zigbang.com/home/apt/items/49768444
2026-08-08 04:42:13,원룸,49769275,월세,02,충청남도 논산시 취암동,논산시,취암동,300,30,0,23.14,7.0,2,항공고 부근의 깔끔한 원룸,https://www.zigbang.com/home/apt/items/49769275
2026-08-08 04:42:13,원룸,49778596,전세,04,충청남도 논산시 취암동,논산시,취암동,13500,0,0,82.64,25.0,고,보증보험가능한 건물이예요,https://www.zigbang.com/home/apt/items/49778596
2026-08-08 04:42:13,원룸,49851629,월세,04,충청남도 논산시 반월동,논산시,반월동,500,40,0,29,8.77,11,도시형생활주택으로 도심속에 아늑한 공간임,https://www.zigbang.com/home/apt/items/49851629
2026-08-08 04:42:13,원룸,49890519,전세,02,충청남도 논산시 취암동,논산시,취암동,8000,0,0,42.98,13.0,4,"좋은방, 신축같은1.5룸",https://www.zigbang.com/home/apt/items/49890519
2026-08-08 04:42:13,원룸,49944646,월세,02,충청남도 논산시 취암동,논산시,취암동,1000,45,0,36,10.89,4,"아주 깔끔한 1,5룸의 원룸임",https://www.zigbang.com/home/apt/items/49944646
2026-08-08 04:42:13,원룸,49965598,월세,02,충청남도 논산시 취암동,논산시,취암동,1500,45,0,42.98,13.0,2,신축.진짜방은 좋아용.보증금 조절가능도되구여,https://www.zigbang.com/home/apt/items/49965598
2026-08-08 04:42:13,원룸,49970699,월세,02,충청남도 논산시 강산동,논산시,강산동,200,28,0,23,6.96,3,부영근처 풀옵션 원룸,https://www.zigbang.com/home/apt/items/49970699
2026-08-08 04:42:14,원룸,49671877,월세,02,충청남도 논산시 연무읍 안심리,논산시,연무읍,1000,35,0,35,10.59,2,예쁜반투룸입니다..,https://www.zigbang.com/home/apt/items/49671877
2026-08-08 04:42:15,원룸,49914418,월세,01,충청남도 보령시 궁촌동,보령시,궁촌동,500,44,0,21,6.35,9,터미널과대천역도보로가능한 도시형오피스텔,https://www.zigbang.com/home/apt/items/49914418
2026-08-08 04:42:16,원룸,49921393,월세,01,충청남도 보령시 주교면 주교리,보령시,주교면,200,43,0,23.14,7.0,3,"관창공단, 아주대 근처 주교삼거리에 2017년생 깔끔한원룸",https://www.zigbang.com/home/apt/items/49921393
2026-08-08 04:42:22,원룸,49871756,월세,02,세종시 장군면 봉안리,,장군면,200,31,0,23.14,7.0,2,"버스정류장 근접, 어진동,나성동10분  큰방 분리형 원룸",https://www.zigbang.com/home/apt/items/49871756
2026-08-08 04:42:22,원룸,49883308,월세,01,세종시 장군면 대교리,,장군면,100,27,0,18.18,5.5,2,세종 최저 저렴이 원룸 빌트인장 수납공간 多싸게 딱 좋아,https://www.zigbang.com/home/apt/items/49883308
2026-08-08 04:42:22,원룸,49945039,월세,01,세종시 장군면 봉안리,,장군면,200,32,0,23.14,7.0,4,봉안리 풀옵션방 크고 저렴하며 즉시입주 가능한방,https://www.zigbang.com/home/apt/items/49945039
2026-08-08 04:42:22,원룸,49959174,월세,01,세종시 장군면 봉안리,,장군면,100,27,0,18.18,5.5,2,"정류장앞,세종시 최고 저렴한 원룸 세종청사10분거리",https://www.zigbang.com/home/apt/items/49959174
2026-08-08 04:42:22,원룸,49964534,월세,01,세종시 장군면 도계리,,장군면,100,27,0,16.53,5.0,1,"장군면 최저가, 편의시설 좋아요 세종청사 15분거리",https://www.zigbang.com/home/apt/items/49964534
2026-08-08 04:42:22,원룸,49965712,월세,01,세종시 장군면 대교리,,장군면,100,27,0,23,6.96,2,장군면 풀옵션 원룸,https://www.zigbang.com/home/apt/items/49965712
2026-08-08 04:42:22,원룸,49965810,월세,02,세종시 장군면 봉안리,,장군면,100,28,0,21.49,6.5,1,"버스 정류장앞,봉안리 남양유업 부근 세종청사 가까운 원룸",https://www.zigbang.com/home/apt/items/49965810
2026-08-08 04:42:22,원룸,49979992,월세,02,세종시 장군면 봉안리,,장군면,6000,5,0,30,9.07,4,"어진동,도담동10분, 풀옵션침대,책상 1.5룸 반전세",https://www.zigbang.com/home/apt/items/49979992
2026-08-08 04:42:29,원룸,49798277,월세,02,대전시 유성구 학하동,유성구,학하동,1000,40,0,35,10.59,5,"사이즈 좋은 분리형 원룸, 500에 45도 가능",https://www.zigbang.com/home/apt/items/49798277
2026-08-08 04:42:30,원룸,49801787,월세,02,대전시 동구 낭월동,동구,낭월동,300,32,0,24,7.26,1,ꔫ웰ꔫㅣ갓성비 풀옵션 분리형 원룸ㅣ깔끔한붙박이장ㅣ,https://www.zigbang.com/home/apt/items/49801787
2026-08-08 04:42:30,원룸,49818407,월세,02,대전시 동구 낭월동,동구,낭월동,500,42,0,36.36,11.0,3,최강옵션 깔끔한 완전 풀옵션 1.5룸입니다,https://www.zigbang.com/home/apt/items/49818407
2026-08-08 04:42:30,원룸,49900464,월세,02,대전시 동구 낭월동,동구,낭월동,500,40,0,29.75,9.0,2,ㅡㅡ 1.5룸 ㅡㅡ 300만가능 반려동물 엘베 선호위치,https://www.zigbang.com/home/apt/items/49900464
2026-08-08 04:42:30,원룸,49935142,월세,02,대전시 동구 낭월동,동구,낭월동,300,32,0,23.14,7.0,1,햇살좋은 신축 완전 풀옵션 원룸입니다,https://www.zigbang.com/home/apt/items/49935142
2026-08-08 04:42:30,원룸,49937503,월세,02,대전시 동구 낭월동,동구,낭월동,300,30,0,24,7.26,1,ꯁꯁ 꿀매물 ꯁꯁ 남대전IC 직장인선호위치 인기매물,https://www.zigbang.com/home/apt/items/49937503
2026-08-08 04:42:30,원룸,49941526,월세,02,대전시 동구 낭월동,동구,낭월동,500,35,0,26.45,8.0,2,방이 넓고 채광 좋은 분리형원룸,https://www.zigbang.com/home/apt/items/49941526
2026-08-08 04:42:30,원룸,49951835,월세,02,대전시 동구 낭월동,동구,낭월동,500,40,0,33,9.98,옥탑방,ꔫ웰ꔫㅣ빅사이즈1.5룸ㅣ개인테라스ㅣ저렴한월세ㅣ내부상태최상,https://www.zigbang.com/home/apt/items/49951835
2026-08-08 04:42:32,원룸,49666563,월세,01,대전시 유성구 지족동,유성구,지족동,1000,52,0,29.75,9.0,2,신축형 주차양호 거주여건좋은  1.5룸 풀옵션,https://www.zigbang.com/home/apt/items/49666563
2026-08-08 04:42:32,원룸,49792658,월세,02,대전시 유성구 지족동,유성구,지족동,500,40,0,23.14,7.0,3,ꔫ웰ꔫㅣ반석역인근ㅣ엘리베이터ㅣ분리형ㅣ풀옵션ㅣ즉시입주OK,https://www.zigbang.com/home/apt/items/49792658
2026-08-08 04:42:32,원룸,49934422,월세,01,대전시 유성구 지족동,유성구,지족동,500,35,0,30,9.07,3,ll 지족동 마지막 한호실 ll 풀옵션 즉시가능,https://www.zigbang.com/home/apt/items/49934422
2026-08-08 04:42:43,원룸,49615098,월세,03,경상남도 진주시 평거동,진주시,평거동,500,32,0,33,9.98,4,㉧ㅡ서빈No.1구해줘홈즈ㅡ㉧추천BEST꿀방,https://www.zigbang.com/home/apt/items/49615098
2026-08-08 04:42:43,원룸,49684365,월세,02,경상남도 진주시 평거동,진주시,평거동,500,26,0,26.43,8.0,3,㉧ㅡ서빈No.1구해줘홈즈ㅡ㉧추천BEST꿀방,https://www.zigbang.com/home/apt/items/49684365
2026-08-08 04:42:43,원룸,49775653,월세,02,경상남도 진주시 평거동,진주시,평거동,300,26,0,26.43,8.0,3,㉧ㅡ서빈No.1구해줘홈즈ㅡ㉧추천BEST꿀방,https://www.zigbang.com/home/apt/items/49775653
2026-08-08 04:42:43,원룸,49890208,월세,02,경상남도 진주시 평거동,진주시,평거동,200,21,0,26.43,8.0,1,㉧ㅡ서빈No.1구해줘홈즈ㅡ㉧추천BEST꿀방,https://www.zigbang.com/home/apt/items/49890208
2026-08-08 04:42:43,원룸,49890214,월세,02,경상남도 진주시 평거동,진주시,평거동,500,36,0,39.66,12.0,2,㉧ㅡ서빈No.1구해줘홈즈ㅡ㉧추천BEST꿀방,https://www.zigbang.com/home/apt/items/49890214
2026-08-08 04:42:43,원룸,49890385,월세,02,경상남도 진주시 평거동,진주시,평거동,200,26,0,26.43,8.0,2,㉧ㅡ서빈No.1구해줘홈즈ㅡ㉧추천BEST꿀방,https://www.zigbang.com/home/apt/items/49890385
2026-08-08 04:42:43,원룸,49890409,월세,02,경상남도 진주시 평거동,진주시,평거동,300,31,0,26.43,8.0,2,㉧ㅡ서빈No.1구해줘홈즈ㅡ㉧추천BEST꿀방,https://www.zigbang.com/home/apt/items/49890409
2026-08-08 04:42:43,원룸,49890497,월세,01,경상남도 진주시 평거동,진주시,평거동,300,35,0,33.06,10.0,3,㉧ㅡ서빈No.1구해줘홈즈ㅡ㉧추천BEST꿀방,https://www.zigbang.com/home/apt/items/49890497
2026-08-08 04:42:43,원룸,49894377,월세,02,경상남도 진주시 평거동,진주시,평거동,300,23,0,16.58,5.02,4,경해여고부근 신축급 미니풀옵션 인기원룸,https://www.zigbang.com/home/apt/items/49894377
2026-08-08 04:42:44,원룸,49759148,월세,02,경상남도 진주시 봉래동,진주시,봉래동,300,21,0,26.5,8.02,2,ㅇㅡ베스트 추 천ㅡ ㅇ 반려동물가능 리모델링되어있는 꿀방,https://www.zigbang.com/home/apt/items/49759148
2026-08-08 04:42:44,원룸,49775651,월세,02,경상남도 진주시 봉래동,진주시,봉래동,200,23,0,26.43,8.0,2,㉧ㅡ서빈No.1구해줘홈즈ㅡ㉧추천BEST꿀방,https://www.zigbang.com/home/apt/items/49775651
2026-08-08 04:42:44,원룸,49925572,월세,01,경상남도 진주시 상봉동,진주시,상봉동,100,10,0,26.45,8.0,2,상봉동 진주중학교 담벼락 부근 도시가스 원룸,https://www.zigbang.com/home/apt/items/49925572
2026-08-08 04:42:44,원룸,49775677,월세,02,경상남도 진주시 초전동,진주시,초전동,500,41,0,39.66,12.0,2,㉧ㅡ서빈No.1구해줘홈즈ㅡ㉧추천BEST꿀방,https://www.zigbang.com/home/apt/items/49775677
2026-08-08 04:42:44,원룸,49862464,월세,02,경상남도 진주시 초전동,진주시,초전동,500,38,0,40,12.1,3,초전동 신축 귀한 1.5룸 원플원 월세 빠른 입주 정남향,https://www.zigbang.com/home/apt/items/49862464
2026-08-08 04:42:44,원룸,49862683,월세,02,경상남도 진주시 초전동,진주시,초전동,2000,31,0,36.36,11.0,2,㉧희망부동산㉧초전동 푸루지오 2단지 앞㉧넓은 원플㉧,https://www.zigbang.com/home/apt/items/49862683
2026-08-08 04:42:44,원룸,49890316,월세,02,경상남도 진주시 초전동,진주시,초전동,500,36,0,39.66,12.0,3,㉧ㅡ서빈No.1구해줘홈즈ㅡ㉧추천BEST꿀방,https://www.zigbang.com/home/apt/items/49890316
2026-08-08 04:42:44,원룸,49890333,월세,02,경상남도 진주시 초전동,진주시,초전동,500,41,0,39.66,12.0,2,㉧ㅡ서빈No.1구해줘홈즈ㅡ㉧추천BEST꿀방,https://www.zigbang.com/home/apt/items/49890333
2026-08-08 04:42:49,원룸,49696581,월세,02,경상남도 창원시 마산합포구 완월동,창원시 마산합포구,완월동,200,27,0,23.14,7.0,2,best. 완월동 올풀옵션의 믿을 수 없는 월세 가성비 굿,https://www.zigbang.com/home/apt/items/49696581
2026-08-08 04:42:49,원룸,49696653,월세,01,경상남도 창원시 마산합포구 청계동,창원시 마산합포구,청계동,500,40,0,29.7,8.98,2,BEST. 경남대 인기 풀옵션 원룸 베란다 주차 굿,https://www.zigbang.com/home/apt/items/49696653
2026-08-08 04:42:49,원룸,49745267,월세,02,경상남도 창원시 마산합포구 월영동,창원시 마산합포구,월영동,5000,25,0,26.45,8.0,3,BEST경남대 최고의위치 월세저렴한 반전세 분리형 풀옵원룸,https://www.zigbang.com/home/apt/items/49745267
2026-08-08 04:42:49,원룸,49779220,월세,01,경상남도 창원시 마산합포구 해운동,창원시 마산합포구,해운동,50,23,0,16.53,5.0,3,모든걸 갖춘 올 풀옵션 원룸..4개월이상 단기도 가능,https://www.zigbang.com/home/apt/items/49779220
2026-08-08 04:42:49,원룸,49816617,월세,01,경상남도 창원시 마산합포구 창포동3가,창원시 마산합포구,창포동3가,500,29,0,23.14,7.0,3,BEST 댓거리 롯데마트 인근 금액좋은 풀옵션 원룸,https://www.zigbang.com/home/apt/items/49816617
2026-08-08 04:42:49,원룸,49817100,월세,02,경상남도 창원시 마산합포구 유록동,창원시 마산합포구,유록동,1000,35,0,26.44,8.0,4,b.e.s.t경남대인근 분리형원룸 베란다있음,https://www.zigbang.com/home/apt/items/49817100
2026-08-08 04:42:49,원룸,49847227,월세,01,경상남도 창원시 마산합포구 청계동,창원시 마산합포구,청계동,500,36,0,26.4,7.99,2,best. 경남대 인근 인기 베란다있는 풀옵션 원룸,https://www.zigbang.com/home/apt/items/49847227
2026-08-08 04:42:49,원룸,49847259,월세,02,경상남도 창원시 마산합포구 월영동,창원시 마산합포구,월영동,200,25,0,23.1,6.99,1,BEST. 경남대 창조관 인근 저렴한 풀옵션 분리형 원룸,https://www.zigbang.com/home/apt/items/49847259
2026-08-08 04:42:49,원룸,49847291,월세,01,경상남도 창원시 마산합포구 해운동,창원시 마산합포구,해운동,200,30,0,23.1,6.99,2,BEST 경남대 도보1분 공과금 모두 포함한 월세 단기가능,https://www.zigbang.com/home/apt/items/49847291
2026-08-08 04:42:49,원룸,49881884,월세,02,경상남도 창원시 마산합포구 월영동,창원시 마산합포구,월영동,300,37,0,26.45,8.0,3,b.e.s.t 가격대비 굿 풀옵션 분리형원룸 즉시입주,https://www.zigbang.com/home/apt/items/49881884
2026-08-08 04:42:49,원룸,49915654,월세,02,경상남도 창원시 마산합포구 홍문동,창원시 마산합포구,홍문동,500,38,0,26.45,8.0,3,BEST 경남대인근 월세 싸고 방평수 좋은 분리형 풀옵원룸,https://www.zigbang.com/home/apt/items/49915654
2026-08-08 04:42:49,원룸,49916055,월세,01,경상남도 창원시 마산합포구 월남동2가,창원시 마산합포구,월남동2가,500,38,0,26.44,8.0,2,B.E.S.T 연세병원인근 깔끔원룸 베란다도있음,https://www.zigbang.com/home/apt/items/49916055
2026-08-08 04:42:49,원룸,49916989,월세,01,경상남도 창원시 마산합포구 월남동2가,창원시 마산합포구,월남동2가,500,38,0,24.45,7.4,2,best.연세병원인근 풀옵션 원룸 인프라 방컨디션 굿,https://www.zigbang.com/home/apt/items/49916989
2026-08-08 04:42:49,원룸,49705350,전세,02,경상남도 창원시 진해구 여좌동,창원시 진해구,여좌동,4000,0,0,34,10.28,2,황금알 진해여고뒷편 주차하기 좋고 분리형원룸,https://www.zigbang.com/home/apt/items/49705350
2026-08-08 04:42:49,원룸,49881249,전세,02,경상남도 창원시 진해구 여좌동,창원시 진해구,여좌동,4000,0,0,39.67,12.0,2,강남 진해여고뒤 럭셜 A급반투 신축 주차굿구조굿 큰방 깔끔,https://www.zigbang.com/home/apt/items/49881249
2026-08-08 04:42:49,원룸,49684914,월세,03,경상남도 창원시 성산구 반지동,창원시 성산구,반지동,500,35,0,33.05,10.0,2,교통 편리 준신축 깔끔 넓은 햇볕 잘드는 복층 형태의 넓은,https://www.zigbang.com/home/apt/items/49684914
2026-08-08 04:42:49,원룸,49690386,월세,03,경상남도 창원시 성산구 반지동,창원시 성산구,반지동,500,35,0,27,8.17,2,ㅁHAPPYㅁ 반지동 풀옵션 복층형원룸,https://www.zigbang.com/home/apt/items/49690386
2026-08-08 04:42:49,원룸,49899527,월세,02,경상남도 창원시 성산구 반지동,창원시 성산구,반지동,200,32,0,23.14,7.0,2,2층 생활권편리 조용하고 깨끗한 주방분리형원룸입니다.,https://www.zigbang.com/home/apt/items/49899527
2026-08-08 04:42:49,원룸,49899532,월세,02,경상남도 창원시 성산구 반지동,창원시 성산구,반지동,200,30,0,19.83,6.0,1,문성대인근 생활권편리한 원룸입니다.,https://www.zigbang.com/home/apt/items/49899532
2026-08-08 04:42:49,원룸,49938699,월세,02,경상남도 창원시 성산구 반지동,창원시 성산구,반지동,1000,30,0,29.75,9.0,2,ㅡBESTㅡ 반지동 세코인근 ll 풀옵션 신축급분리형 ll,https://www.zigbang.com/home/apt/items/49938699
2026-08-08 04:42:49,원룸,49944691,월세,02,경상남도 창원시 의창구 명서동,창원시 의창구,명서동,200,29,0,33.06,10.0,2,"이쁘고 아주밝은 완전풀옵션 분리형 원룸 
큰방  주차좋음",https://www.zigbang.com/home/apt/items/49944691
2026-08-08 04:42:49,원룸,49981307,월세,01,경상남도 창원시 의창구 명서동,창원시 의창구,명서동,500,35,0,36.36,11.0,5,"사무실 용도로  쓸수잇음
즉시입주",https://www.zigbang.com/home/apt/items/49981307
2026-08-08 04:42:49,원룸,49982085,월세,01,경상남도 창원시 의창구 봉곡동,창원시 의창구,봉곡동,200,28,0,39.67,12.0,1,"이쁘고 밝은 깔끔한 완전풀옵션 아주큰방
장농.마트옆",https://www.zigbang.com/home/apt/items/49982085
2026-08-08 04:42:49,원룸,49982107,월세,01,경상남도 창원시 의창구 명서동,창원시 의창구,명서동,500,38,0,49.59,15.0,10,이쁘고 아주밝은 큰방.남향 귀한전세.완전풀옵션주차완비헬스장,https://www.zigbang.com/home/apt/items/49982107
2026-08-08 04:42:49,원룸,49916052,월세,02,경상남도 창원시 마산회원구 내서읍 중리,창원시 마산회원구,내서읍,100,26,0,23.14,7.0,2,BEST 마산대 옆 인터넷 수도 난방 전기 포함 월세 30,https://www.zigbang.com/home/apt/items/49916052
2026-08-08 04:42:56,원룸,49714661,월세,02,대구시 달성군 유가읍 금리,달성군,유가읍,300,30,0,30,9.07,2,즉시입주 가능한 신축급 분리형 원룸,https://www.zigbang.com/home/apt/items/49714661
2026-08-08 04:42:56,원룸,49839740,월세,02,대구시 달성군 유가읍 금리,달성군,유가읍,300,30,0,33.06,10.0,2,"신축급매물등장, 대형원룸미투저리가",https://www.zigbang.com/home/apt/items/49839740
2026-08-08 04:42:56,원룸,49961032,월세,02,대구시 달성군 유가읍 금리,달성군,유가읍,200,30,0,42.98,13.0,2,"미니투룸 , 풀옵션 , 주차완비 , 주방분리 , 방大",https://www.zigbang.com/home/apt/items/49961032
2026-08-08 04:42:56,원룸,49961052,월세,02,대구시 달성군 유가읍 금리,달성군,유가읍,200,25,0,29.75,9.0,2,"신축 원룸 , 풀옵션 , 주차완비 , 주방분리 , 방大",https://www.zigbang.com/home/apt/items/49961052
2026-08-08 04:42:56,원룸,49973102,월세,02,대구시 달성군 유가읍 금리,달성군,유가읍,300,28,0,26.44,8.0,4,귀한엘베있는원룸ㅣ유곡공원맞은편ㅣ식자재마트 도보3분,https://www.zigbang.com/home/apt/items/49973102
2026-08-08 04:42:56,원룸,49979961,월세,02,대구시 달성군 유가읍 금리,달성군,유가읍,300,37,0,29.75,9.0,2,유가제빵소 인근내 위치 현풍IC방면 구지방면 미투,https://www.zigbang.com/home/apt/items/49979961
2026-08-08 04:42:56,원룸,49979969,월세,02,대구시 달성군 유가읍 금리,달성군,유가읍,500,38,0,29.75,9.0,3,"즉시입주,미투, 케이스식자재마트,대주기계,구지iC방면",https://www.zigbang.com/home/apt/items/49979969
2026-08-08 04:42:56,원룸,49979976,월세,01,대구시 달성군 유가읍 금리,달성군,유가읍,300,30,0,26.44,8.0,4,"즉시입주, 케이스마트 인근, 엘엔에프,구지공단,쿠팡 출퇴",https://www.zigbang.com/home/apt/items/49979976
2026-08-08 04:42:57,원룸,49749120,월세,01,대구시 달성군 논공읍 북리,달성군,논공읍,100,20,0,31,9.38,2,분리형 특대 원룸,https://www.zigbang.com/home/apt/items/49749120
2026-08-08 04:42:57,원룸,49782478,월세,02,대구시 달성군 논공읍 남리,달성군,논공읍,100,20,0,33.1,10.01,2,논공읍 미니투룸 처럼 주방 넓은 원룸 갓,https://www.zigbang.com/home/apt/items/49782478
2026-08-08 04:42:57,원룸,49782526,월세,02,대구시 달성군 논공읍 남리,달성군,논공읍,200,30,0,39.66,12.0,2,I am 미니투룸이에요 북동초  인근 최대크기 미니투룸,https://www.zigbang.com/home/apt/items/49782526
2026-08-08 04:42:57,원룸,49865272,월세,02,대구시 달성군 논공읍 남리,달성군,논공읍,100,15,0,26.45,8.0,2,정말 저렴한 원룸이다  가성비쵝오,https://www.zigbang.com/home/apt/items/49865272
2026-08-08 04:42:57,원룸,49918460,월세,02,대구시 달성군 논공읍 북리,달성군,논공읍,200,25,0,33,9.98,3,미니투룸 도배완료 풀옵션 입주협의가능,https://www.zigbang.com/home/apt/items/49918460
2026-08-08 04:42:57,원룸,49924922,월세,02,대구시 달성군 논공읍 북리,달성군,논공읍,100,20,0,26.44,8.0,2,HIgh teer 논공읍 깔끔한  원룸 입니다.,https://www.zigbang.com/home/apt/items/49924922
2026-08-08 04:42:57,원룸,49949664,월세,02,대구시 달성군 논공읍 북리,달성군,논공읍,200,35,0,33,9.98,4,넓은 테라스 있는 미투 I 풀옵션 I 채광좋음 I 즉시입주,https://www.zigbang.com/home/apt/items/49949664
2026-08-08 04:42:58,원룸,49723417,월세,02,대구시 달성군 논공읍 금포리,달성군,논공읍,200,22,0,27,8.17,3,ㄴ금포리 풀옵션 원룸ㄱ,https://www.zigbang.com/home/apt/items/49723417
2026-08-08 04:42:58,원룸,49918399,월세,02,대구시 달성군 옥포읍 강림리,달성군,옥포읍,300,25,0,26.44,8.0,3,강림리 귀한 월세매물 즉시입주가능 내부깔끔,https://www.zigbang.com/home/apt/items/49918399
2026-08-08 04:42:58,원룸,49933549,월세,02,대구시 달성군 논공읍 금포리,달성군,논공읍,200,20,0,39.66,12.0,2,달성군청 인근 가성비 최고 퀄리티 원룸,https://www.zigbang.com/home/apt/items/49933549
2026-08-08 04:42:58,원룸,49949726,월세,01,대구시 달성군 논공읍 금포리,달성군,논공읍,200,25,0,25,7.56,3,"가성비 좋은 방, 주차편함, 풀옵션, 논공 출퇴근 편함",https://www.zigbang.com/home/apt/items/49949726
2026-08-08 04:42:58,원룸,49950816,월세,02,대구시 달성군 옥포읍 강림리,달성군,옥포읍,300,25,0,23.14,7.0,1,귀하디 귀한 남향 원룸,https://www.zigbang.com/home/apt/items/49950816
2026-08-08 04:42:58,원룸,49950827,월세,02,대구시 달성군 논공읍 금포리,달성군,논공읍,200,20,0,23.14,7.0,3,"최저가 옥포, 논공 가성비 원룸",https://www.zigbang.com/home/apt/items/49950827
2026-08-08 04:42:58,원룸,49978206,월세,02,대구시 달성군 옥포읍 강림리,달성군,옥포읍,200,20,0,29.75,9.0,2,.옥포 흔치않은 가성비 원룸.200프로 실매물.채광우수.,https://www.zigbang.com/home/apt/items/49978206
2026-08-08 04:42:57,원룸,49723426,월세,02,대구시 달성군 현풍읍 중리,달성군,현풍읍,200,22,0,26.45,8.0,3,ㄴ월세저렴 따뜻한 아재감성  여기입니다ㄱ,https://www.zigbang.com/home/apt/items/49723426
2026-08-08 04:42:57,원룸,49780602,월세,02,대구시 달성군 유가읍 쌍계리,달성군,유가읍,300,25,0,23,6.96,2,"화이트톤,저렴한원룸,즉시입주가능",https://www.zigbang.com/home/apt/items/49780602
2026-08-08 04:42:57,원룸,49785595,월세,02,대구시 달성군 유가읍 봉리,달성군,유가읍,200,25,0,27,8.17,3,꿀원룸 덜렁이집 학생직장인모두 덜렁,https://www.zigbang.com/home/apt/items/49785595
2026-08-08 04:42:57,원룸,49793097,월세,01,대구시 달성군 현풍읍 중리,달성군,현풍읍,300,40,0,19.83,6.0,12,"줌시티 오피스텔, 풀옵션, 보안철저, 깨끗함",https://www.zigbang.com/home/apt/items/49793097
2026-08-08 04:42:57,원룸,49806601,월세,01,대구시 달성군 현풍읍 중리,달성군,현풍읍,300,35,0,26.45,8.0,2,신축 첫입주급 깔끔한  디지스트정문앞 EV有,https://www.zigbang.com/home/apt/items/49806601
2026-08-08 04:42:57,원룸,49837659,월세,02,대구시 달성군 현풍읍 중리,달성군,현풍읍,300,40,0,50,15.12,2,학교앞 정투룸 O 오늘바로 O 아빠몰래입주,https://www.zigbang.com/home/apt/items/49837659
2026-08-08 04:42:57,원룸,49860627,월세,02,대구시 달성군 논공읍 북리,달성군,논공읍,300,30,0,26.44,8.0,3,논공신축원룸ㅣ넓은원룸ㅣ깔끔한컨디션ㅣ한국인,https://www.zigbang.com/home/apt/items/49860627
2026-08-08 04:42:57,원룸,49871461,월세,02,대구시 달성군 현풍읍 중리,달성군,현풍읍,200,20,0,27,8.17,2,ㅇ 이거는 평범한 원룸 입니다 ㅇ,https://www.zigbang.com/home/apt/items/49871461
2026-08-08 04:42:57,원룸,49918450,월세,02,대구시 달성군 유가읍 쌍계리,달성군,유가읍,300,26,0,26.44,8.0,3,공간넓은 분리형원룸 조용한 주거환경 입주조율가능,https://www.zigbang.com/home/apt/items/49918450
2026-08-08 04:42:57,원룸,49950798,월세,01,대구시 달성군 현풍읍 중리,달성군,현풍읍,300,33,0,23.14,7.0,2,디지스트 정문 초근접 준신축 원룸,https://www.zigbang.com/home/apt/items/49950798
2026-08-08 04:42:57,원룸,49950893,월세,02,대구시 달성군 유가읍 봉리,달성군,유가읍,500,35,0,49.58,15.0,2,디지스트 정문 바로 앞 깨끗한 정남향 미니투룸,https://www.zigbang.com/home/apt/items/49950893
2026-08-08 04:42:57,원룸,49961003,월세,02,대구시 달성군 유가읍 봉리,달성군,유가읍,200,25,0,33.2,10.04,2,"깔끔한 원룸 , 풀옵션 , 주차완비 , 주방분리 , 방大",https://www.zigbang.com/home/apt/items/49961003
2026-08-08 04:42:57,원룸,49961038,월세,02,대구시 달성군 현풍읍 중리,달성군,현풍읍,300,35,0,42.98,13.0,2,"준신축 미투 , 가성비 , 주차완비 , 큰방",https://www.zigbang.com/home/apt/items/49961038
2026-08-08 04:42:57,원룸,49961048,월세,02,대구시 달성군 유가읍 봉리,달성군,유가읍,300,42,0,52.89,16.0,2,"준신축 투룸 , 풀옵션 , 주차완비 , 주방분리 , 방大",https://www.zigbang.com/home/apt/items/49961048
2026-08-08 04:42:58,원룸,49860555,월세,02,대구시 달성군 화원읍 명곡리,달성군,화원읍,300,27,0,30,9.07,2,설화명곡역 최신축원룸,https://www.zigbang.com/home/apt/items/49860555
2026-08-08 04:42:58,원룸,49918735,월세,01,대구시 달성군 화원읍 명곡리,달성군,화원읍,300,30,0,30,9.07,2,설화명곡역세권 특大사이즈 분리형구조 채광좋은방 풀옵션,https://www.zigbang.com/home/apt/items/49918735
2026-08-08 04:42:58,원룸,49964432,월세,02,대구시 달성군 화원읍 명곡리,달성군,화원읍,300,20,0,29,8.77,3,설화명곡역 역세권ㅡ햇살가득 방大,https://www.zigbang.com/home/apt/items/49964432
2026-08-08 04:42:59,원룸,49951669,월세,02,대구시 달서구 도원동,달서구,도원동,200,25,0,28.9,8.74,2,"㋹도원동㋹ 보훈병원㋹ 분리형원룸,,,풀옵션,,,화이트톤",https://www.zigbang.com/home/apt/items/49951669
2026-08-08 04:42:59,원룸,49971864,월세,02,대구시 달서구 장기동,달서구,장기동,100,23,0,24.45,7.4,3,"용산역2분ㅡ월세,반전세OKㅡ엘베有,방1,풀옵션ㅡ주차Good",https://www.zigbang.com/home/apt/items/49971864
2026-08-08 04:42:59,원룸,49971879,전세,02,대구시 달서구 용산동,달서구,용산동,2500,0,0,26.45,8.0,1,"1층ㅡ안심전세ㅡ원룸大ㅡREAL깨끗,금액조정OK",https://www.zigbang.com/home/apt/items/49971879
2026-08-08 04:42:59,원룸,49975255,월세,02,대구시 달서구 상인동,달서구,상인동,200,20,0,29.75,9.0,2,"상인역 도보1분, 감성있는 조명,풀옵션 신축 원룸",https://www.zigbang.com/home/apt/items/49975255
2026-08-08 04:42:59,원룸,49977257,월세,02,대구시 달서구 감삼동,달서구,감삼동,200,20,0,25.06,7.58,2,BEST 문의폭주 화이트톤 분리형 풀옵션,https://www.zigbang.com/home/apt/items/49977257
2026-08-08 04:42:59,원룸,49977947,월세,02,대구시 달서구 장기동,달서구,장기동,100,20,0,26.5,8.02,3,성서IC 바로 옆. 중문. 붙박이장. 실매물,https://www.zigbang.com/home/apt/items/49977947
2026-08-08 04:42:59,원룸,49978011,월세,02,대구시 달서구 상인동,달서구,상인동,200,20,0,20.06,6.07,3,.200프로실매물.붙박이장 엘베.상인역 코앞 직장인환영.,https://www.zigbang.com/home/apt/items/49978011
2026-08-08 04:42:59,원룸,49978194,월세,02,대구시 달서구 장기동,달서구,장기동,200,25,0,19.65,5.94,3,.이곡역 깔끔원룸.200프로 실매물.TV 엘베 붙박이장.,https://www.zigbang.com/home/apt/items/49978194
2026-08-08 04:42:59,원룸,49979284,월세,02,대구시 달서구 이곡동,달서구,이곡동,200,20,0,25.06,7.58,2,BEST 이곡역 초역세권 풀옵션 깔끔한집 편의시설다수,https://www.zigbang.com/home/apt/items/49979284
2026-08-08 04:42:59,원룸,49979682,월세,02,대구시 달서구 상인동,달서구,상인동,100,20,0,24,7.26,2,ㅡ거실1방1ㅡ역세권ㅡ단기가능ㅡ반전세가능,https://www.zigbang.com/home/apt/items/49979682
2026-08-08 04:42:59,원룸,49982622,월세,01,대구시 달서구 월성동,달서구,월성동,100,20,0,25.51,7.72,2,조암중인근 1룸 화이트톤,https://www.zigbang.com/home/apt/items/49982622
2026-08-08 04:42:59,원룸,49984673,월세,02,대구시 달서구 감삼동,달서구,감삼동,100,15,0,23.14,7.0,3,"ㅡ역1분ㅡ엘베ㅡ단기가능,반전세가능ㅡ최저가ㅡ",https://www.zigbang.com/home/apt/items/49984673
2026-08-08 04:43:00,원룸,49716038,월세,02,경상남도 창원시 의창구 봉곡동,창원시 의창구,봉곡동,300,30,0,24,7.26,2,ㅁHAPPYㅁ 봉곡동 컨디션 좋은 가성비 풀옵션 분리형원룸,https://www.zigbang.com/home/apt/items/49716038
2026-08-08 04:43:00,원룸,49728684,월세,02,경상남도 창원시 의창구 봉곡동,창원시 의창구,봉곡동,500,35,0,37,11.19,1,ㅁHAPPYㅁ 봉곡동 분리형원룸 원룸2개 붙인 구조,https://www.zigbang.com/home/apt/items/49728684
2026-08-08 04:43:00,원룸,49730827,전세,02,경상남도 창원시 의창구 사림동,창원시 의창구,사림동,4000,0,0,20,6.05,1,ㅁHAPPYㅁ 사림동 풀옵션 분리형원룸,https://www.zigbang.com/home/apt/items/49730827
2026-08-08 04:43:00,원룸,49914373,월세,01,경상남도 창원시 의창구 사림동,창원시 의창구,사림동,200,28,0,16.53,5.0,1,창원대후문 조용하고 깨끗한 원룸입니다.,https://www.zigbang.com/home/apt/items/49914373
2026-08-08 04:43:00,원룸,49920901,월세,01,경상남도 창원시 의창구 사림동,창원시 의창구,사림동,200,30,0,20,6.05,2,ㅁHAPPYㅁ 사림동 풀옵션 원룸,https://www.zigbang.com/home/apt/items/49920901
2026-08-08 04:43:00,원룸,49938253,월세,02,경상남도 창원시 의창구 봉곡동,창원시 의창구,봉곡동,200,35,0,21,6.35,2,ㅁHAPPYㅁ 봉곡동 준신축 풀옵션 원룸,https://www.zigbang.com/home/apt/items/49938253
2026-08-08 04:43:00,원룸,49952087,월세,02,경상남도 창원시 의창구 사림동,창원시 의창구,사림동,200,20,0,20,6.05,반지하,ㅁHAPPYㅁ 사림동 풀옵션 분리형원룸,https://www.zigbang.com/home/apt/items/49952087
2026-08-08 04:43:00,원룸,49959044,월세,01,경상남도 창원시 의창구 사림동,창원시 의창구,사림동,200,28,0,18,5.44,1,ㅁHAPPYㅁ 사림동 풀옵션 원룸,https://www.zigbang.com/home/apt/items/49959044
2026-08-08 04:43:01,원룸,49899455,월세,02,부산시 강서구 범방동,강서구,범방동,500,51,0,28.11,8.5,2,"ㅣ첫입주, 신축투룸ㅣ",https://www.zigbang.com/home/apt/items/49899455
2026-08-08 04:43:01,원룸,49827551,월세,02,부산시 사상구 감전동,사상구,감전동,200,20,0,13.4,4.05,4,ㅇ리모델링원룸ㅇ풀옵션ㅇ가성비굿ㅇ몸만들어오세요..,https://www.zigbang.com/home/apt/items/49827551
2026-08-08 04:43:01,원룸,49850465,월세,01,부산시 사상구 감전동,사상구,감전동,200,20,0,13.4,4.05,4,ll가성비원룸ll 저렴한원룸.막힘없는뷰.화이트톤.,https://www.zigbang.com/home/apt/items/49850465
2026-08-08 04:43:06,원룸,49451158,월세,01,부산시 금정구 금사동,금정구,금사동,500,20,0,23.14,7.0,1,전기세포함 분리형 채광좋은 풀옵션 1층 원룸,https://www.zigbang.com/home/apt/items/49451158
2026-08-08 04:43:06,원룸,49580752,월세,02,부산시 금정구 금사동,금정구,금사동,300,30,0,16.53,5.0,1,서금사 리모델링 안락한 보금자리,https://www.zigbang.com/home/apt/items/49580752
2026-08-08 04:43:06,원룸,49738695,전세,04,부산시 해운대구 반여동,해운대구,반여동,21000,0,0,124.31,37.6,중,보증보험가입안전매물ㅣ세탁기.건조기.에어컨.냉장고,https://www.zigbang.com/home/apt/items/49738695
2026-08-08 04:43:06,원룸,49800480,월세,01,부산시 금정구 회동동,금정구,회동동,300,29,0,23.14,7.0,1,회동동 채광좋은 원룸,https://www.zigbang.com/home/apt/items/49800480
2026-08-08 04:43:06,원룸,49801214,월세,01,부산시 해운대구 반송동,해운대구,반송동,200,21,0,23.14,7.0,3,롯데리아옆 청소잘된 원룸,https://www.zigbang.com/home/apt/items/49801214
2026-08-08 04:43:06,원룸,49812375,월세,01,부산시 해운대구 반송동,해운대구,반송동,300,33,0,19.83,6.0,옥탑방,모던한 스타일 채광좋은 넓은 원룸,https://www.zigbang.com/home/apt/items/49812375
2026-08-08 04:43:06,원룸,49813620,전세,05,부산시 해운대구 반여동,해운대구,반여동,27000,0,0,112.4,34.0,고,"센텀우성거실,방3,욕실2ㅣ귀한전세ㅣ컨디션최고",https://www.zigbang.com/home/apt/items/49813620
2026-08-08 04:43:06,원룸,49915518,월세,01,부산시 해운대구 반송동,해운대구,반송동,100,25,0,16.52,5.0,4,채광좋은 화이트톤 깔끔한 원룸,https://www.zigbang.com/home/apt/items/49915518
2026-08-08 04:43:06,원룸,49938137,월세,02,부산시 해운대구 반여동,해운대구,반여동,2000,95,0,124.31,37.6,중,"센텀우성거실,방2,욕실1 ㅣ 시세보다저렴한월세",https://www.zigbang.com/home/apt/items/49938137
2026-08-08 04:43:06,원룸,49971641,월세,02,부산시 해운대구 반송동,해운대구,반송동,100,25,0,20.1,6.08,1,학교 3분 거리 밝은 원룸,https://www.zigbang.com/home/apt/items/49971641
2026-08-08 04:43:06,원룸,49971840,월세,02,부산시 해운대구 반송동,해운대구,반송동,300,32,0,40.95,12.39,3,특대형 넓은 채광좋은 원룸,https://www.zigbang.com/home/apt/items/49971840
2026-08-08 04:43:08,원룸,49705814,월세,01,부산시 기장군 정관읍 매학리,기장군,정관읍,500,38,0,46.28,14.0,11,정관 신축급 웰메이드시티 오피스텔 전입 가능,https://www.zigbang.com/home/apt/items/49705814
2026-08-08 04:43:08,원룸,49818013,월세,01,부산시 기장군 정관읍 방곡리,기장군,정관읍,300,28,0,26.45,8.0,2,"저렴한 월세,풀옵션,즉시입주 가능",https://www.zigbang.com/home/apt/items/49818013
2026-08-08 04:43:08,원룸,49818019,월세,01,부산시 기장군 정관읍 방곡리,기장군,정관읍,300,30,0,26.45,8.0,3,"깨끗한 원룸,신축,즉시입주 가능",https://www.zigbang.com/home/apt/items/49818019
2026-08-08 04:43:08,원룸,49818063,월세,02,부산시 기장군 정관읍 방곡리,기장군,정관읍,500,35,0,33.06,10.0,3,"분리형 원룸 1.5룸, 넓고 깨끗한집",https://www.zigbang.com/home/apt/items/49818063
2026-08-08 04:43:08,원룸,49949206,월세,02,부산시 기장군 정관읍 매학리,기장군,정관읍,300,50,0,51.14,15.47,10,"8월말 입주가능, 분리형,발코니",https://www.zigbang.com/home/apt/items/49949206
2026-08-08 04:43:08,원룸,49953043,월세,01,부산시 기장군 정관읍 방곡리,기장군,정관읍,300,25,0,23.14,7.0,1,"시세보다 싼집, 즉시입주",https://www.zigbang.com/home/apt/items/49953043
2026-08-08 04:43:08,원룸,49978982,월세,02,부산시 기장군 정관읍 매학리,기장군,정관읍,300,53,0,51.14,15.47,11,"분리형 원룸, 발코니,중문, 빠른입주",https://www.zigbang.com/home/apt/items/49978982
2026-08-08 04:43:08,원룸,49979022,월세,02,부산시 기장군 정관읍 매학리,기장군,정관읍,300,50,0,51.14,15.47,13,"입주협의, 1.5룸,발코니, 중문,최신오피스텔",https://www.zigbang.com/home/apt/items/49979022
2026-08-08 04:43:09,원룸,49748928,월세,01,부산시 기장군 일광읍 칠암리,기장군,일광읍,300,25,0,19.83,6.0,3,옵션좋고 조용한 원룸칠암초인근보증금월세조정가능,https://www.zigbang.com/home/apt/items/49748928
2026-08-08 04:43:10,원룸,49972608,월세,02,경상남도 양산시 상북면 석계리,양산시,상북면,500,35,0,33.06,10.0,3,AA석계산단입구 살기좋은 거실겸주방이있는남향방베란다있음,https://www.zigbang.com/home/apt/items/49972608
2026-08-08 04:43:10,원룸,49649885,월세,01,경상남도 양산시 평산동,양산시,평산동,300,25,0,30,9.07,2,이트레이더스 인근,https://www.zigbang.com/home/apt/items/49649885
2026-08-08 04:43:10,원룸,49727206,월세,02,경상남도 양산시 평산동,양산시,평산동,300,30,0,33,9.98,3,"방,거실 분리형 방입니다",https://www.zigbang.com/home/apt/items/49727206
2026-08-08 04:43:10,원룸,49881597,월세,01,경상남도 양산시 평산동,양산시,평산동,200,23,0,28,8.47,4,"방,부엌 분리형",https://www.zigbang.com/home/apt/items/49881597
2026-08-08 04:43:10,원룸,49937708,월세,02,경상남도 양산시 평산동,양산시,평산동,300,31,0,39.67,12.0,4,정남향 햇살가득한방,https://www.zigbang.com/home/apt/items/49937708
2026-08-08 04:43:10,원룸,49937933,월세,02,경상남도 양산시 평산동,양산시,평산동,300,30,0,35,10.59,3,밝고 깨끗한 방,https://www.zigbang.com/home/apt/items/49937933
2026-08-08 04:43:10,원룸,49948629,월세,01,경상남도 양산시 평산동,양산시,평산동,300,22,0,29.75,9.0,4,햇살가득한집 정남향,https://www.zigbang.com/home/apt/items/49948629
2026-08-08 04:43:11,원룸,49809595,월세,02,울산시 울주군 온양읍 남창리,울주군,온양읍,200,40,0,23.14,7.0,2,역세권 깨끗한 원룸,https://www.zigbang.com/home/apt/items/49809595
2026-08-08 04:43:11,원룸,49823590,월세,02,울산시 울주군 온양읍 운화리,울주군,온양읍,500,50,0,50,15.12,4,엘리베이트 있는집입니다,https://www.zigbang.com/home/apt/items/49823590
2026-08-08 04:43:11,원룸,49823714,월세,02,울산시 울주군 온양읍 대안리,울주군,온양읍,200,35,0,30,9.07,3,입지 좋은 원룸입니다.,https://www.zigbang.com/home/apt/items/49823714
2026-08-08 04:43:11,원룸,49823802,월세,02,울산시 울주군 온양읍 운화리,울주군,온양읍,200,35,0,30,9.07,3,투룸같이 크게 잘빠진 원룸입니다.,https://www.zigbang.com/home/apt/items/49823802
2026-08-08 04:43:11,원룸,49914802,월세,01,울산시 울주군 온양읍 운화리,울주군,온양읍,200,35,0,26.45,8.0,3,단기 가능해요  보증금 조절,https://www.zigbang.com/home/apt/items/49914802
2026-08-08 04:43:11,원룸,49937123,월세,02,울산시 울주군 온양읍 대안리,울주군,온양읍,100,31,0,41.45,12.54,1,방1 넓은주방 풀옵션 실사진,https://www.zigbang.com/home/apt/items/49937123
2026-08-08 04:43:11,원룸,49962203,월세,01,울산시 울주군 온양읍 대안리,울주군,온양읍,100,40,0,20,6.05,2,즉시입주가능해요,https://www.zigbang.com/home/apt/items/49962203
2026-08-08 04:43:11,원룸,49964704,월세,01,울산시 울주군 온양읍 대안리,울주군,온양읍,300,36,0,27.5,8.32,2,일동미라주 인근 깔끔한 풀옵션 원룸 즉시입주가능해요,https://www.zigbang.com/home/apt/items/49964704
2026-08-08 04:43:11,원룸,49878974,월세,01,부산시 기장군 장안읍 반룡리,기장군,장안읍,200,50,0,42.98,13.0,고,빠른입주 장안산단 내 유일한 햇빛 잘 드는 신축급 풀옵션,https://www.zigbang.com/home/apt/items/49878974
2026-08-08 04:43:12,원룸,49823903,월세,02,울산시 울주군 온양읍 대안리,울주군,온양읍,200,35,0,30,9.07,3,"방, 주방이 크게 빠진 원룸입니다.",https://www.zigbang.com/home/apt/items/49823903
2026-08-08 04:43:12,원룸,49824008,월세,02,울산시 울주군 온양읍 대안리,울주군,온양읍,200,35,0,30,9.07,2,동향으로 햇살 좋고 밝은방 입니다.,https://www.zigbang.com/home/apt/items/49824008
2026-08-08 04:43:12,원룸,49866519,월세,01,울산시 울주군 온양읍 대안리,울주군,온양읍,200,35,0,25,7.56,3,조용하고 관리잘된 원룸 단기가능해요,https://www.zigbang.com/home/apt/items/49866519
2026-08-08 04:43:12,원룸,49738524,월세,02,울산시 울주군 온산읍 강양리,울주군,온산읍,100,31,0,23.14,7.0,3,Vv주방분리 깔끔쾌적 화이트톤 깔끔한집 vV,https://www.zigbang.com/home/apt/items/49738524
2026-08-08 04:43:12,원룸,49797170,월세,02,울산시 울주군 서생면 진하리,울주군,서생면,300,56,0,49.9,15.09,4,진하바다까지 도보 1분거리,https://www.zigbang.com/home/apt/items/49797170
2026-08-08 04:43:13,원룸,49810656,월세,02,울산시 울주군 청량읍 상남리,울주군,청량읍,500,51,0,45,13.61,2,ꯁꯁ 상남리 귀한 매물 큰거실 큰방 BEST컨디션 햇살굳,https://www.zigbang.com/home/apt/items/49810656
2026-08-08 04:43:13,원룸,49837450,월세,01,울산시 울주군 청량읍 상남리,울주군,청량읍,100,31,0,26,7.86,2,귀한매물 엘베있음 가격저렴 공단출퇴근최고,https://www.zigbang.com/home/apt/items/49837450
2026-08-08 04:43:13,원룸,49847139,월세,01,울산시 울주군 청량읍 상남리,울주군,청량읍,100,31,0,25,7.56,2,원룸 풀옵션 실사진  공단출퇴근용이,https://www.zigbang.com/home/apt/items/49847139
2026-08-08 04:43:13,원룸,49930883,월세,01,울산시 울주군 청량읍 상남리,울주군,청량읍,100,26,0,20.42,6.18,3,공단 출퇴근 용이. 컨디션 좋고 가성비 좋은 방,https://www.zigbang.com/home/apt/items/49930883
2026-08-08 04:43:13,원룸,49960757,월세,02,울산시 울주군 청량읍 상남리,울주군,청량읍,300,36,0,30,9.07,3,귀한매물 분리형원룸 풀옵션  공단출퇴근용이,https://www.zigbang.com/home/apt/items/49960757
2026-08-08 04:43:13,원룸,49961601,월세,02,울산시 울주군 청량읍 상남리,울주군,청량읍,300,36,0,33,9.98,3,ㅣ풀옵션 큰주방 귀한매물 가격저렴 컨디션BEST 햇살좋음ㅣ,https://www.zigbang.com/home/apt/items/49961601
2026-08-08 04:43:13,원룸,49972025,월세,02,울산시 울주군 청량읍 상남리,울주군,청량읍,500,45,0,55,16.64,3,거실1 방1 풀옵션 주차장이 넓습니다.,https://www.zigbang.com/home/apt/items/49972025
2026-08-08 04:43:13,원룸,49977670,월세,02,울산시 울주군 청량읍 상남리,울주군,청량읍,300,35,0,40,12.1,3,분리형 원룸 풀옵션 시원한 바람이 부는 집,https://www.zigbang.com/home/apt/items/49977670
2026-08-08 04:43:01,원룸,49950818,월세,01,부산시 북구 구포동,북구,구포동,300,30,0,23,6.96,5,No.1 옷장하나.붙박이장까지,https://www.zigbang.com/home/apt/items/49950818
2026-08-08 04:43:01,원룸,49956030,월세,01,부산시 북구 구포동,북구,구포동,100,20,0,21.46,6.49,3,o구포 초대형매물 조용한위치 초가성비 편의점30초o,https://www.zigbang.com/home/apt/items/49956030
2026-08-08 04:43:01,원룸,49962659,월세,01,부산시 북구 구포동,북구,구포동,100,20,0,20.43,6.18,2,과기대1분 올화이트톤 건조기,https://www.zigbang.com/home/apt/items/49962659
2026-08-08 04:43:01,원룸,49963023,월세,01,부산시 북구 구포동,북구,구포동,200,20,0,18.06,5.46,5,o구포 신축급매물. 대형마트옆. 화이트톤. 풀옵션o,https://www.zigbang.com/home/apt/items/49963023
2026-08-08 04:43:01,원룸,49969720,월세,01,부산시 북구 구포동,북구,구포동,100,10,0,12.75,3.86,3,저렴한 보증금과월세 풀옵션 깔끔한방,https://www.zigbang.com/home/apt/items/49969720
2026-08-08 04:43:01,원룸,49973347,월세,01,부산시 북구 구포동,북구,구포동,100,20,0,23.14,7.0,2,ㅣ올리모델링ㅣ화이트톤ㅣ선착순ㅣ인기매물ㅣ,https://www.zigbang.com/home/apt/items/49973347
2026-08-08 04:43:01,원룸,49974025,월세,01,부산시 북구 구포동,북구,구포동,100,20,0,24.69,7.47,2,"과기대밑, 올리모델링, 화이트톤, 넓은원룸, 인기매물",https://www.zigbang.com/home/apt/items/49974025
2026-08-08 04:43:01,원룸,49974082,월세,01,부산시 북구 구포동,북구,구포동,100,20,0,21.25,6.43,2,"과기대, 올수리 화이트톤 l 퓰옵션, 신축급컨디션",https://www.zigbang.com/home/apt/items/49974082
2026-08-08 04:43:01,원룸,49974208,월세,01,부산시 북구 구포동,북구,구포동,100,20,0,20.11,6.08,2,과기대부근 버정코앞. all리모델링. all화이트. 신축급,https://www.zigbang.com/home/apt/items/49974208
2026-08-08 04:43:01,원룸,49975699,월세,01,부산시 북구 구포동,북구,구포동,100,20,0,24.69,7.47,1,과기대밑. 정류장앞. 올리모델링. 화이트톤. 완전인기매물.,https://www.zigbang.com/home/apt/items/49975699
2026-08-08 04:43:16,원룸,49884677,월세,02,대구시 수성구 매호동,수성구,매호동,300,27,0,29.75,9.0,2,ㅁ신매역2분ㅁ신축급1룸ㅁ화이트톤ㅁ풀옵션ㅁTVㅁ전자레인지ㅁ,https://www.zigbang.com/home/apt/items/49884677
2026-08-08 04:43:16,원룸,49917788,월세,02,대구시 수성구 매호동,수성구,매호동,300,27,0,29.75,9.0,2,ㅁ초강추ㅁ신축급1룸ㅁ풀옵션ㅁTVㅁ침대ㅁ중문ㅁ남향ㅁ,https://www.zigbang.com/home/apt/items/49917788
2026-08-08 04:43:16,원룸,49917832,월세,02,대구시 수성구 매호동,수성구,매호동,500,32,0,36.36,11.0,2,ㅁ신매역2분ㅁ신축급ㅁ미니2룸ㅁ풀옵션ㅁTVㅁ옷장ㅁ,https://www.zigbang.com/home/apt/items/49917832
2026-08-08 04:43:16,원룸,49917834,월세,02,대구시 수성구 시지동,수성구,시지동,200,19,0,36.36,11.0,2,ㅁ완전저렴ㅁ리모델링ㅁ미니2룸ㅁ화이트톤ㅁ풀옵션ㅁ,https://www.zigbang.com/home/apt/items/49917834
2026-08-08 04:43:16,원룸,49917836,월세,01,대구시 수성구 신매동,수성구,신매동,200,18,0,29.75,9.0,3,ㅁ저렴한ㅁ올리모델링1룸ㅁ화이트톤ㅁ풀옵션ㅁ,https://www.zigbang.com/home/apt/items/49917836
2026-08-08 04:43:16,원룸,49917851,월세,02,대구시 수성구 신매동,수성구,신매동,200,20,0,33.05,10.0,3,ㅁ화이트톤ㅁ올리모델링1룸ㅁ풀옵션ㅁTVㅁ침대ㅁ,https://www.zigbang.com/home/apt/items/49917851
2026-08-08 04:43:16,원룸,49917869,월세,02,대구시 수성구 매호동,수성구,매호동,300,25,0,29.75,9.0,3,ㅁ엘리베이터有ㅁ신축급1룸ㅁ풀옵션ㅁTVㅁ중문ㅁ남향ㅁ,https://www.zigbang.com/home/apt/items/49917869
2026-08-08 04:43:16,원룸,49917976,월세,02,대구시 수성구 신매동,수성구,신매동,300,30,0,33.06,10.0,4,ㅁ올리모델링ㅁ신축급1룸ㅁ풀옵션ㅁTVㅁ침대ㅁ옷장ㅁ,https://www.zigbang.com/home/apt/items/49917976
2026-08-08 04:43:16,원룸,49917977,월세,01,대구시 수성구 신매동,수성구,신매동,300,26,0,29.75,9.0,3,ㅁ완전강추ㅁ신축급1룸ㅁ풀옵션ㅁ침대ㅁ옷장ㅁTVㅁ,https://www.zigbang.com/home/apt/items/49917977
2026-08-08 04:43:16,원룸,49917979,월세,01,대구시 수성구 매호동,수성구,매호동,300,27,0,29.75,9.0,3,ㅁ초역세권ㅁ신축급1룸ㅁ화이트톤ㅁ풀옵션ㅁTVㅁ붙박이장ㅁ남향ㅁ,https://www.zigbang.com/home/apt/items/49917979
2026-08-08 04:43:16,원룸,49917980,월세,02,대구시 수성구 시지동,수성구,시지동,300,28,0,36.36,11.0,1,ㅁ리모델링ㅁ미니2룸ㅁ풀옵션ㅁ화이트톤ㅁ붙박이장ㅁ남향ㅁ,https://www.zigbang.com/home/apt/items/49917980
2026-08-08 04:43:16,원룸,49935494,월세,01,대구시 수성구 신매동,수성구,신매동,300,20,0,26.5,8.02,2,"올수리 大원룸,, 주차편리 신매시장",https://www.zigbang.com/home/apt/items/49935494
2026-08-08 04:43:16,원룸,49935718,월세,01,대구시 수성구 욱수동,수성구,욱수동,300,25,0,30.1,9.11,2,"올수리 大원룸,, EV엘베 시지고 채광굿",https://www.zigbang.com/home/apt/items/49935718
2026-08-08 04:43:17,원룸,49755417,월세,02,경상북도 경산시 유곡동,경산시,유곡동,100,16,0,24.09,7.29,4,"ㅡ여기어때ㅡ한의대도보10초, 풀옵션, 리모델링",https://www.zigbang.com/home/apt/items/49755417
2026-08-08 04:43:17,원룸,49827273,월세,02,경상북도 경산시 유곡동,경산시,유곡동,100,16,0,27.74,8.39,4,ㅡGooDㅡ 한의대바로앞 풀옵션 최저가 인기 원룸,https://www.zigbang.com/home/apt/items/49827273
2026-08-08 04:43:17,원룸,49827472,월세,02,경상북도 경산시 사동,경산시,사동,100,26,0,48,14.52,2,ㅡ한의대인기ㅡ부영5차ㅡ풀옵션ㅡ최저가미투ㅡ,https://www.zigbang.com/home/apt/items/49827472
2026-08-08 04:43:17,원룸,49827966,월세,02,경상북도 경산시 유곡동,경산시,유곡동,100,16,0,27.35,8.27,4,ㅡ오피스텔형ㅡ학교최단거리ㅡ풀옵션 원룸ㅡ,https://www.zigbang.com/home/apt/items/49827966
2026-08-08 04:43:17,원룸,49827993,월세,02,경상북도 경산시 점촌동,경산시,점촌동,100,21,0,39.67,12.0,2,ㅡ한의대인기ㅡ올리모델링원룸ㅡ,https://www.zigbang.com/home/apt/items/49827993
2026-08-08 04:43:17,원룸,49891048,월세,01,경상북도 경산시 유곡동,경산시,유곡동,50,11,0,33.06,10.0,2,최ㅣ저ㅣ가ㅣ학ㅣ교ㅣ1ㅣ분,https://www.zigbang.com/home/apt/items/49891048
2026-08-08 04:43:17,원룸,49927165,월세,02,경상북도 경산시 사동,경산시,사동,1000,31,0,49.59,15.0,3,한ㅣ의ㅣ대ㅣ역ㅣ대ㅣ급ㅣ미ㅣ투,https://www.zigbang.com/home/apt/items/49927165
2026-08-08 04:43:17,원룸,49184060,월세,01,경상북도 경산시 진량읍 신제리,경산시,진량읍,300,33,0,22.05,6.67,2,조용한 신축 풀옵션 원룸,https://www.zigbang.com/home/apt/items/49184060
2026-08-08 04:43:17,원룸,49319617,월세,02,경상북도 경산시 진량읍 신제리,경산시,진량읍,500,40,0,23.67,7.16,3,신축 풀옵션 정남향 미니투룸,https://www.zigbang.com/home/apt/items/49319617
2026-08-08 04:43:17,원룸,49865283,월세,02,경상북도 경산시 진량읍 대원리,경산시,진량읍,100,25,0,22.12,6.69,3,진량공단 인근  원룸,https://www.zigbang.com/home/apt/items/49865283
2026-08-08 04:43:17,원룸,49948380,월세,02,경상북도 경산시 진량읍 신제리,경산시,진량읍,200,30,0,33.06,10.0,4,엘리베이터 있는 미니투룸,https://www.zigbang.com/home/apt/items/49948380
2026-08-08 04:43:17,원룸,49963699,월세,01,경상북도 경산시 진량읍 대원리,경산시,진량읍,200,28,0,26.45,8.0,4,베란다 주방 완벽 분리형 원룸  진량공단인접,https://www.zigbang.com/home/apt/items/49963699
2026-08-08 04:43:17,원룸,49978410,월세,02,경상북도 경산시 진량읍 신제리,경산시,진량읍,1000,50,0,38,11.49,2,소개비 무 신축 엘리베이트 깨끗하고 조용한집 풀옵션,https://www.zigbang.com/home/apt/items/49978410
2026-08-08 04:43:17,원룸,49979389,월세,02,경상북도 경산시 진량읍 신제리,경산시,진량읍,300,37,0,33,9.98,3,소개비무 엘리베이트 있어서 편리한집 신축 깨끗한집 풀옵션,https://www.zigbang.com/home/apt/items/49979389
2026-08-08 04:43:17,원룸,49982423,월세,02,경상북도 경산시 진량읍 신제리,경산시,진량읍,300,41,0,40.14,12.14,3,엘리베이터있는 투룸,https://www.zigbang.com/home/apt/items/49982423
2026-08-08 04:43:17,원룸,49982563,월세,02,경상북도 경산시 진량읍 신제리,경산시,진량읍,200,30,0,34.01,10.29,4,진량공단 인근 엘리베이터있는 미니투룸,https://www.zigbang.com/home/apt/items/49982563
2026-08-08 04:43:17,원룸,49956610,월세,02,경상북도 경산시 압량읍 부적리,경산시,압량읍,300,28,0,25.5,7.71,6,"OOO친절OO영남대부근O엘베,원룸O풀옵션O깔끔O",https://www.zigbang.com/home/apt/items/49956610
2026-08-08 04:43:17,원룸,49956611,월세,02,경상북도 경산시 압량읍 신대리,경산시,압량읍,100,23,0,37.5,11.34,3,OO친절OO가성비미투OO실사진OO구조굿OO살기좋은OO,https://www.zigbang.com/home/apt/items/49956611
2026-08-08 04:43:17,원룸,49956624,월세,02,경상북도 경산시 압량읍 부적리,경산시,압량읍,100,19,0,26.45,8.0,3,OO친절OO가성비원룸OO미대뒷길OO풀옵션OO구조굿O살기좋은,https://www.zigbang.com/home/apt/items/49956624
2026-08-08 04:43:17,원룸,49956640,월세,02,경상북도 경산시 압량읍 신대리,경산시,압량읍,200,27,0,35.5,10.74,2,OOO친절O영남대동문O신대O가성비미투O깔끔OOO,https://www.zigbang.com/home/apt/items/49956640
2026-08-08 04:43:17,원룸,49956651,월세,02,경상북도 경산시 압량읍 신대리,경산시,압량읍,80,14,0,25.5,7.71,2,"OOO친절OO가성비원룸O영대동문,신대O풀옵션",https://www.zigbang.com/home/apt/items/49956651
2026-08-08 04:43:17,원룸,49956670,월세,02,경상북도 경산시 사동,경산시,사동,50,14,0,26.45,8.0,3,"OO친절OO한의대,재활병원OO가성비원룸OO풀옵션OO구조굿",https://www.zigbang.com/home/apt/items/49956670
2026-08-08 04:43:17,원룸,49956671,월세,02,경상북도 경산시 사동,경산시,사동,50,14,0,26.45,8.0,2,"OO친절OO가성비원룸O한의대,재활병원O풀옵션O구조굿",https://www.zigbang.com/home/apt/items/49956671
2026-08-08 04:43:17,원룸,49956674,월세,01,경상북도 경산시 압량읍 신대리,경산시,압량읍,50,13,0,23.14,7.0,2,OOO친절OO최저가원룸O영대동문O신대O살기좋은,https://www.zigbang.com/home/apt/items/49956674
2026-08-08 04:43:17,원룸,49960193,월세,01,경상북도 경산시 압량읍 신대리,경산시,압량읍,200,26,0,25.5,7.71,4,먼ㅣ저ㅣ보ㅣ자ㅣ빨ㅣ리ㅣ빨리,https://www.zigbang.com/home/apt/items/49960193
2026-08-08 04:43:17,원룸,49966485,월세,02,경상북도 경산시 압량읍 신대리,경산시,압량읍,300,30,0,39.67,12.0,2,M2R 거실 넓은 미니투룸,https://www.zigbang.com/home/apt/items/49966485
2026-08-08 04:43:17,원룸,49973465,월세,01,경상북도 경산시 압량읍 신대리,경산시,압량읍,100,16,0,25,7.56,2,햇ㅣ살ㅣ가ㅣ득ㅣ깔ㅣ끔ㅣ원ㅣ룸,https://www.zigbang.com/home/apt/items/49973465
2026-08-08 04:43:17,원룸,49976069,월세,02,경상북도 경산시 압량읍 신대리,경산시,압량읍,100,20,0,27,8.17,3,"NEW 26.08.07 촬영, 영대 동문, 채광 끝판왕",https://www.zigbang.com/home/apt/items/49976069
2026-08-08 04:43:17,원룸,49976173,월세,02,경상북도 경산시 압량읍 신대리,경산시,압량읍,100,19,0,28,8.47,4,"NEW 26.08.07 촬영, 베란다가 이렇게 넓다니",https://www.zigbang.com/home/apt/items/49976173
2026-08-08 04:43:17,원룸,49984368,월세,01,경상북도 경산시 압량읍 부적리,경산시,압량읍,200,29,0,33.06,10.0,3,엘ㅣ베ㅣ무ㅣ드ㅣ감ㅣ성ㅣ,https://www.zigbang.com/home/apt/items/49984368
2026-08-08 04:43:18,원룸,49780636,월세,02,울산시 울주군 언양읍 서부리,울주군,언양읍,300,31,0,27.2,8.23,2,저렴한월세 미니투룸 넓은구조 엘베O 풀옵션,https://www.zigbang.com/home/apt/items/49780636
2026-08-08 04:43:18,원룸,49784773,월세,02,울산시 울주군 언양읍 서부리,울주군,언양읍,300,31,0,27.21,8.23,2,12평 미니투룸 엘베0 채광굿 넓은공간,https://www.zigbang.com/home/apt/items/49784773
2026-08-08 04:43:18,원룸,49785691,월세,01,울산시 울주군 상북면 천전리,울주군,상북면,300,26,0,30.1,9.11,2,넓은공간 남향 채광굿 가성비굿,https://www.zigbang.com/home/apt/items/49785691
2026-08-08 04:43:18,원룸,49787484,월세,02,울산시 울주군 언양읍 서부리,울주군,언양읍,300,31,0,27.65,8.36,2,넓은방 원룸 풀옵션,https://www.zigbang.com/home/apt/items/49787484
2026-08-08 04:43:18,원룸,49764865,월세,02,울산시 울주군 삼남읍 교동리,울주군,삼남읍,300,31,0,36.35,11.0,2,ㅣㅣ분리형 BEST컨디션 트인전망 방1넓은주방ㅣㅣ,https://www.zigbang.com/home/apt/items/49764865
2026-08-08 04:43:18,원룸,49774771,월세,02,울산시 울주군 언양읍 동부리,울주군,언양읍,300,28,0,29.75,9.0,3,귀한매물 2016년식 방1 분리형 풀옵 서두르세요,https://www.zigbang.com/home/apt/items/49774771
2026-08-08 04:43:18,원룸,49812910,월세,02,울산시 울주군 삼남읍 교동리,울주군,삼남읍,300,31,0,29.75,9.0,3,ㄴ추천매물 방1 분리형 풀옵 산업고인근 서두르세요,https://www.zigbang.com/home/apt/items/49812910
2026-08-08 04:43:18,원룸,49852119,월세,02,울산시 울주군 삼남읍 교동리,울주군,삼남읍,300,36,0,40.1,12.13,3,산업고인근 방1거실 엘베ㅇ 넓은공간,https://www.zigbang.com/home/apt/items/49852119
2026-08-08 04:43:18,원룸,49892966,월세,02,울산시 울주군 삼남읍 교동리,울주군,삼남읍,300,31,0,38,11.49,3,ꯁꯁ 컨디션최상ㅣ넓은방ㅣ거실겸주방ㅣ집예뻐요ㅣ분리형,https://www.zigbang.com/home/apt/items/49892966
2026-08-08 04:43:18,원룸,49895916,월세,02,울산시 울주군 삼남읍 교동리,울주군,삼남읍,500,31,0,33,9.98,3,ꯁꯁ2015년준공ㅣBest컨디션ㅣ엘베ㅣ분리형ㅣ주차최,https://www.zigbang.com/home/apt/items/49895916
2026-08-08 04:43:18,원룸,49900547,월세,02,울산시 울주군 삼남읍 교동리,울주군,삼남읍,500,31,0,29.75,9.0,3,추천매물 2015년식 방1 분리형 엘베 풀옵 보람병원인근,https://www.zigbang.com/home/apt/items/49900547
2026-08-08 04:43:18,원룸,49900556,월세,02,울산시 울주군 언양읍 동부리,울주군,언양읍,400,31,0,29.75,9.0,2,ㄴ추천매물 2018년식 방1 분리형 엘리베이터 풀옵 깨끗,https://www.zigbang.com/home/apt/items/49900556
2026-08-08 04:43:18,원룸,49914501,월세,02,울산시 울주군 언양읍 동부리,울주군,언양읍,400,36,0,40,12.1,3,ꯁꯁ 2018준공ㅣ엘베있음ㅣ컨디션굳ㅣ집너무예뻐요,https://www.zigbang.com/home/apt/items/49914501
2026-08-08 04:43:18,원룸,49920048,월세,02,울산시 울주군 언양읍 동부리,울주군,언양읍,400,36,0,36.36,11.0,3,ㄴ추천매물 방1거실 실사진 엘베 풀옵 시외버스터미널 인근,https://www.zigbang.com/home/apt/items/49920048
2026-08-08 04:43:18,원룸,49931657,월세,02,울산시 울주군 언양읍 동부리,울주군,언양읍,400,31,0,30.1,9.11,2,18년준공 분리형 화이트톤깔끔 엘베0,https://www.zigbang.com/home/apt/items/49931657
2026-08-08 04:43:18,원룸,49956969,월세,02,울산시 울주군 삼남읍 교동리,울주군,삼남읍,300,36,0,36.36,11.0,3,추천매물 방1거실 실사진 엘베 풀옵 넓은방 산업고인근,https://www.zigbang.com/home/apt/items/49956969
2026-08-08 04:43:18,원룸,49970443,월세,02,울산시 울주군 언양읍 남부리,울주군,언양읍,200,26,0,27.1,8.2,3,분리형 깔끔한방 엘베0  풀옵션 남향 저렴한월세,https://www.zigbang.com/home/apt/items/49970443
2026-08-08 04:43:18,원룸,49981264,월세,02,울산시 울주군 언양읍 동부리,울주군,언양읍,400,31,0,30,9.07,2,"신축급 엘베O 깔끔한 분리형 원룸, 풀옵션",https://www.zigbang.com/home/apt/items/49981264
2026-08-08 04:43:18,원룸,49981686,월세,02,울산시 울주군 삼남읍 교동리,울주군,삼남읍,300,39,0,12,3.63,2,ㄴ추천매물 방1거실 엘베O 풀옵 보람병원인근,https://www.zigbang.com/home/apt/items/49981686
2026-08-08 04:43:19,원룸,49887638,월세,01,울산시 중구 태화동,중구,태화동,500,34,0,36.36,11.0,2,전속매물  태화동 월세 저렴한실매물풀옵션  국가정원인근,https://www.zigbang.com/home/apt/items/49887638
2026-08-08 04:43:19,원룸,49887641,월세,02,울산시 중구 태화동,중구,태화동,500,35,0,33.06,10.0,3,태화동 국가정원인근   관리잘된 분리형원룸,https://www.zigbang.com/home/apt/items/49887641
2026-08-08 04:43:19,원룸,49981959,월세,02,울산시 중구 태화동,중구,태화동,300,30,0,33.06,10.0,3,태화동관리잘된분리형원룸도배완료다양한매물보유,https://www.zigbang.com/home/apt/items/49981959
2026-08-08 04:43:19,원룸,49971747,월세,02,울산시 남구 삼산동,남구,삼산동,1000,63,0,59.5,18.0,2,l방2거실ㅣ풀옵션ㅣ9월3일이후ㅣ미리찜ㅣ,https://www.zigbang.com/home/apt/items/49971747
2026-08-08 04:43:19,원룸,49973332,월세,02,울산시 남구 달동,남구,달동,300,42,0,29.75,9.0,2,시외터미널 인근.날개1주차.엘베.분리형,https://www.zigbang.com/home/apt/items/49973332
2026-08-08 04:43:19,원룸,49974006,월세,01,울산시 남구 삼산동,남구,삼산동,300,39,0,34,10.28,1,"개방감 좋은 넓은 원룸, 해 잘들고 시원합니다",https://www.zigbang.com/home/apt/items/49974006
2026-08-08 04:43:19,원룸,49975409,월세,02,울산시 남구 삼산동,남구,삼산동,500,65,0,58.7,17.76,2,ㅣ넓은구조ㅣ인기짱ㅣ방2거실ㅣ구조짱ㅣ주차짱ㅣ,https://www.zigbang.com/home/apt/items/49975409
2026-08-08 04:43:19,원룸,49976771,월세,01,울산시 남구 야음동,남구,야음동,300,36,0,29,8.77,2,"88 단독, 올리모델링, 귀한야음동 88",https://www.zigbang.com/home/apt/items/49976771
2026-08-08 04:43:19,원룸,49977983,월세,02,울산시 남구 삼산동,남구,삼산동,300,51,0,39.67,12.0,3,ㅣ세미분리형ㅣ개별주차ㅣ엘리베이터,https://www.zigbang.com/home/apt/items/49977983
2026-08-08 04:43:19,원룸,49978324,월세,01,울산시 남구 달동,남구,달동,300,30,0,30.5,9.23,2,넓은방 깨끗한 구조 풀옵션 가성비 굳,https://www.zigbang.com/home/apt/items/49978324
2026-08-08 04:43:19,원룸,49979505,월세,02,울산시 남구 달동,남구,달동,500,68,0,54.62,16.52,고,"즉시입주,신축수납장짱,터미널.롯데백화점도보5분,옆방소음제로",https://www.zigbang.com/home/apt/items/49979505
2026-08-08 04:43:19,원룸,49979833,월세,01,울산시 남구 달동,남구,달동,300,31,0,29.7,8.98,2,ㅣ시외버스터미널 인근 ㅣ깔끔한 풀옵션 ㅣ즉시입주가능 ㅣ,https://www.zigbang.com/home/apt/items/49979833
2026-08-08 04:43:19,원룸,49982424,월세,02,울산시 남구 달동,남구,달동,500,51,0,46.28,14.0,3,NEW시외버스터미널인근ㅣ거실방1개ㅣ이중주차noㅣ,https://www.zigbang.com/home/apt/items/49982424
2026-08-08 04:43:19,원룸,49985563,월세,01,울산시 남구 달동,남구,달동,300,30,0,26.45,8.0,2,ꯁꯁ 달동.시외버스터미널뒤.초록빛공원부근.넓은방.풀옵션,https://www.zigbang.com/home/apt/items/49985563
2026-08-08 04:43:21,원룸,49767201,월세,02,울산시 북구 중산동,북구,중산동,500,41,0,42,12.7,3,풀옵션 큰거실겸주방1 큰방1베란다 집깨끗 햇살좋아요,https://www.zigbang.com/home/apt/items/49767201
2026-08-08 04:43:21,원룸,49800348,월세,02,울산시 북구 중산동,북구,중산동,500,41,0,45.12,13.65,3,메아리학교 인근ㅣ풀옵션ㅣ넓은 방1 거실1ㅣ채광 굿,https://www.zigbang.com/home/apt/items/49800348
2026-08-08 04:43:21,원룸,49844300,월세,02,울산시 북구 중산동,북구,중산동,500,41,0,36.36,11.0,2,추천매물 방1거실 실사진 풀옵 주차넉넉 채광굿 선점하세요,https://www.zigbang.com/home/apt/items/49844300
2026-08-08 04:43:21,원룸,49880927,월세,02,울산시 북구 중산동,북구,중산동,500,40,0,50,15.12,3,거실1 방1  정남향,https://www.zigbang.com/home/apt/items/49880927
2026-08-08 04:43:21,원룸,49918100,월세,02,울산시 북구 매곡동,북구,매곡동,500,34,0,29.75,9.0,3,귀한매물 방1 분리형 풀옵 매곡공단도보 서두르세요,https://www.zigbang.com/home/apt/items/49918100
2026-08-08 04:43:21,원룸,49956305,월세,02,울산시 북구 중산동,북구,중산동,300,31,0,30.1,9.11,2,중산현대아파트인근 분리형 채광굿,https://www.zigbang.com/home/apt/items/49956305
2026-08-08 04:43:21,원룸,49956379,월세,02,경상북도 경주시 외동읍 모화리,경주시,외동읍,200,50,0,45.1,13.64,4,MA 방1 특대사이즈거실,https://www.zigbang.com/home/apt/items/49956379
2026-08-08 04:43:21,원룸,49960967,월세,02,울산시 북구 중산동,북구,중산동,300,31,0,30,9.07,2,위치 좋은 분리형 원룸,https://www.zigbang.com/home/apt/items/49960967
2026-08-08 04:43:21,원룸,49965493,월세,02,울산시 북구 중산동,북구,중산동,300,28,0,29.75,9.0,2,추천매물 방1 분리형 풀옵 서두르세요,https://www.zigbang.com/home/apt/items/49965493
2026-08-08 04:43:21,원룸,49971217,월세,02,울산시 북구 중산동,북구,중산동,500,40,0,42.98,13.0,3,큰거실ㅣ큰방ㅣ깔끔하고 구조좋게 잘빠진 방,https://www.zigbang.com/home/apt/items/49971217
2026-08-08 04:43:21,원룸,49974669,월세,01,울산시 북구 매곡동,북구,매곡동,300,30,0,13.23,4.0,3,"ꗰ단기가능,오픈형원룸.1인거주.월세저렴.외국인가능ꗰ",https://www.zigbang.com/home/apt/items/49974669
2026-08-08 04:43:21,원룸,49980975,월세,02,울산시 북구 중산동,북구,중산동,300,28,0,40,12.1,2,분리형 원룸 깨끗한 집 풀옵션,https://www.zigbang.com/home/apt/items/49980975
2026-08-08 04:43:22,원룸,49690545,월세,02,경상북도 경주시 충효동,경주시,충효동,200,30,0,28.1,8.5,3,oO 충효동 풀옵션 관리최고 우수 Oo 매물최다보유,https://www.zigbang.com/home/apt/items/49690545
2026-08-08 04:43:22,원룸,49695461,월세,01,경상북도 경주시 충효동,경주시,충효동,100,23,0,26.45,8.0,3,가성비 좋은 원룸100실매물,https://www.zigbang.com/home/apt/items/49695461
2026-08-08 04:43:22,원룸,49855098,월세,02,경상북도 경주시 충효동,경주시,충효동,200,30,0,33,9.98,3,oO 초가성비 1.5룸 Oo 실사진 매물,https://www.zigbang.com/home/apt/items/49855098
2026-08-08 04:43:22,원룸,49896526,월세,02,경상북도 경주시 충효동,경주시,충효동,200,30,0,28.1,8.5,3,"oO 관리우수 원룸 Oo 깨끗,풀옵션",https://www.zigbang.com/home/apt/items/49896526
2026-08-08 04:43:22,원룸,49775091,월세,02,경상북도 경주시 외동읍 입실리,경주시,외동읍,100,30,0,28.1,8.5,4,MA 분리형 저렴한월세,https://www.zigbang.com/home/apt/items/49775091
2026-08-08 04:43:22,원룸,49783402,월세,02,경상북도 경주시 외동읍 입실리,경주시,외동읍,200,45,0,42,12.7,4,쓰리룸공실임대,https://www.zigbang.com/home/apt/items/49783402
2026-08-08 04:43:22,원룸,49881415,월세,02,경상북도 경주시 외동읍 입실리,경주시,외동읍,200,35,0,29.1,8.8,2,MA 행정센터인근 분리형,https://www.zigbang.com/home/apt/items/49881415
2026-08-08 04:43:22,원룸,49956417,월세,02,경상북도 경주시 외동읍 구어리,경주시,외동읍,300,37,0,30.1,9.11,4,MA 공단도보출퇴 외국인X 2018년식 분리형,https://www.zigbang.com/home/apt/items/49956417
2026-08-08 04:43:22,원룸,49963107,월세,02,경상북도 경주시 외동읍 입실리,경주시,외동읍,100,30,0,30,9.07,3,원룸 공실 임대,https://www.zigbang.com/home/apt/items/49963107
2026-08-08 04:43:22,원룸,49963150,월세,02,경상북도 경주시 외동읍 입실리,경주시,외동읍,200,32,0,30,9.07,4,원룸 공실 임대,https://www.zigbang.com/home/apt/items/49963150
2026-08-08 04:43:22,원룸,49983979,월세,02,경상북도 경주시 외동읍 입실리,경주시,외동읍,150,40,0,36,10.89,4,투룸 공실임대,https://www.zigbang.com/home/apt/items/49983979
2026-08-08 04:43:22,원룸,49205156,월세,02,경상북도 경주시 시래동,경주시,시래동,200,30,0,30,9.07,2,원룸 공실 임대,https://www.zigbang.com/home/apt/items/49205156
2026-08-08 04:43:22,원룸,49783580,월세,02,경상북도 경주시 시래동,경주시,시래동,200,32,0,27,8.17,4,원룸공실 임대,https://www.zigbang.com/home/apt/items/49783580
2026-08-08 04:43:22,원룸,49783591,월세,01,경상북도 경주시 시래동,경주시,시래동,200,27,0,27,8.17,3,원룸 공실 임대,https://www.zigbang.com/home/apt/items/49783591
2026-08-08 04:43:22,원룸,49783609,월세,02,경상북도 경주시 시래동,경주시,시래동,300,45,0,56.2,17.0,2,쓰리룸 공실 임대,https://www.zigbang.com/home/apt/items/49783609
2026-08-08 04:43:23,원룸,49783428,월세,02,경상북도 경주시 구정동,경주시,구정동,200,28,0,27,8.17,2,원룸공실 임대,https://www.zigbang.com/home/apt/items/49783428
2026-08-08 04:43:23,원룸,49783554,월세,02,경상북도 경주시 시래동,경주시,시래동,200,30,0,27,8.17,3,원룸 공실임대,https://www.zigbang.com/home/apt/items/49783554
2026-08-08 04:43:24,원룸,49908636,월세,02,경상북도 성주군 성주읍 예산리,성주군,성주읍,300,33,0,23,6.96,3,"깔끔하고 원룸, 엘베있음, 도시가스사용",https://www.zigbang.com/home/apt/items/49908636
2026-08-08 04:43:24,원룸,49908764,월세,01,경상북도 성주군 성주읍 성산리,성주군,성주읍,300,33,0,23,6.96,3,"강변미니투룸,엘베있음,즉시가능,도시가스",https://www.zigbang.com/home/apt/items/49908764
2026-08-08 04:43:24,원룸,49944038,월세,01,경상북도 성주군 성주읍 성산리,성주군,성주읍,300,30,0,34,10.28,5,엘리베이터있는 오피스텔형 원룸,https://www.zigbang.com/home/apt/items/49944038
2026-08-08 04:43:24,원룸,49944041,월세,02,경상북도 성주군 성주읍 성산리,성주군,성주읍,500,35,0,46.28,14.0,4,성주시내 남향 미니투룸,https://www.zigbang.com/home/apt/items/49944041
2026-08-08 04:43:24,원룸,49954146,월세,01,경상북도 성주군 성주읍 백전리,성주군,성주읍,300,27,0,21,6.35,3,"하나로2차아파트인근 원룸,풀옵션,3층",https://www.zigbang.com/home/apt/items/49954146
2026-08-08 04:43:25,원룸,49697566,월세,01,경상북도 김천시 부곡동,김천시,부곡동,200,25,0,34,10.28,2,부곡동 김천중.고 인근 초신축 초저가 원룸,https://www.zigbang.com/home/apt/items/49697566
2026-08-08 04:43:25,원룸,49860024,월세,01,경상북도 김천시 부곡동,김천시,부곡동,200,25,0,29.75,9.0,3,부곡동 현대아파트 인근 저렴한 원룸 입니다,https://www.zigbang.com/home/apt/items/49860024
2026-08-08 04:43:25,원룸,49959984,월세,01,경상북도 김천시 부곡동,김천시,부곡동,200,25,0,33,9.98,4,부곡 김천고 위치좋은 신축같은 원룸세입자 조건 우선맞춰드림,https://www.zigbang.com/home/apt/items/49959984
2026-08-08 04:43:25,원룸,49960140,월세,02,경상북도 김천시 부곡동,김천시,부곡동,200,25,0,33,9.98,3,부곡 김천고등 주변 단기 가능한 신축같이 깨끗하고 안전한방,https://www.zigbang.com/home/apt/items/49960140
2026-08-08 04:43:25,원룸,49975039,월세,01,경상북도 김천시 부곡동,김천시,부곡동,200,25,0,34,10.28,2,실매물인증완료 남향 김천고인근 최신축 주차편리한 풀옵션원룸,https://www.zigbang.com/home/apt/items/49975039
2026-08-08 04:43:25,원룸,49803096,월세,01,경상북도 김천시 지좌동,김천시,지좌동,200,25,0,33,9.98,3,지좌행정복지센터 바로뒤 깔끔한 최신축 풀옵션 원룸,https://www.zigbang.com/home/apt/items/49803096
2026-08-08 04:43:25,원룸,49803100,월세,01,경상북도 김천시 용두동,김천시,용두동,200,25,0,33,9.98,3,김천황금시장 초인근 최저가 풀옵션 원룸입니다,https://www.zigbang.com/home/apt/items/49803100
2026-08-08 04:43:25,원룸,49949824,월세,01,경상북도 김천시 지좌동,김천시,지좌동,200,25,0,34,10.28,2,제일저렴하고 좋은방 지좌동 주민센터인근,https://www.zigbang.com/home/apt/items/49949824
2026-08-08 04:43:25,원룸,49960030,월세,01,경상북도 김천시 지좌동,김천시,지좌동,200,25,0,33.06,10.0,3,김천혁신도시 5분 동부초등 인근 바이크게나온 신축같은 원룸,https://www.zigbang.com/home/apt/items/49960030
2026-08-08 04:43:26,원룸,49706930,월세,01,경상북도 김천시 삼락동,김천시,삼락동,100,20,0,28,8.47,2,김대 보건대 자취방 최저가 풀옵션 원룸 햇살가득해요,https://www.zigbang.com/home/apt/items/49706930
2026-08-08 04:43:26,원룸,49803098,월세,01,경상북도 김천시 삼락동,김천시,삼락동,200,22,0,33,9.98,3,교동 법원 바로앞 조용하고 깨끗한 최저가 풀옵션 원룸,https://www.zigbang.com/home/apt/items/49803098
2026-08-08 04:43:26,원룸,49831907,월세,01,경상북도 김천시 삼락동,김천시,삼락동,300,26,0,28,8.47,1,완전 최신축 이쁜 다있는 올인원풀옵션 몸만들어오면되는 원룸,https://www.zigbang.com/home/apt/items/49831907
2026-08-08 04:43:26,원룸,49891814,월세,01,경상북도 김천시 다수동,김천시,다수동,100,20,0,33,9.98,3,다수초등학교 초인근 최저가 풀옵션 원룸입니다,https://www.zigbang.com/home/apt/items/49891814
2026-08-08 04:43:26,원룸,49903910,월세,01,경상북도 김천시 부곡동,김천시,부곡동,200,25,0,33,9.98,3,부곡 맛고을내 최저가 풀옵션 까끔한 원룸,https://www.zigbang.com/home/apt/items/49903910
2026-08-08 04:43:26,원룸,49903920,월세,01,경상북도 김천시 삼락동,김천시,삼락동,100,20,0,30,9.07,2,김천대 후문 관리잘된 최저가 풀옵션 깔끔한 원룸,https://www.zigbang.com/home/apt/items/49903920
2026-08-08 04:43:26,원룸,49960067,월세,01,경상북도 김천시 삼락동,김천시,삼락동,100,20,0,33,9.98,1,김천대 보건대 인근 단기계약 가능한 풀옵션 신축같은 원룸,https://www.zigbang.com/home/apt/items/49960067
2026-08-08 04:43:26,원룸,49960154,월세,01,경상북도 김천시 삼락동,김천시,삼락동,100,21,0,33,9.98,1,찐매물 김천대보건대 월세조정협의가능 풀옵션 신축같은원룸,https://www.zigbang.com/home/apt/items/49960154
2026-08-08 04:43:26,원룸,49960232,월세,01,경상북도 김천시 삼락동,김천시,삼락동,200,23,0,33,9.98,2,김천 법원 스포츠센터 인근 신축같이 깨끗하고 조용한 원룸,https://www.zigbang.com/home/apt/items/49960232
2026-08-08 04:43:26,원룸,49960262,월세,02,경상북도 김천시 부곡동,김천시,부곡동,300,34,0,41,12.4,2,부곡 자이아파트인근 큰방1큰거실1구조의 신축같은 럭셔리한방,https://www.zigbang.com/home/apt/items/49960262
2026-08-08 04:43:26,원룸,49974974,월세,01,경상북도 김천시 삼락동,김천시,삼락동,100,20,0,30,9.07,2,"김대,보건대 도보3분거리 최신축 올인원풀옵션 원룸몸만오세요",https://www.zigbang.com/home/apt/items/49974974
2026-08-08 04:43:26,원룸,49974995,월세,01,경상북도 김천시 부곡동,김천시,부곡동,200,25,0,34,10.28,2,최신축 김고인근 대학생추천 상권좋고 살기좋은 풀옵션 원룸,https://www.zigbang.com/home/apt/items/49974995
2026-08-08 04:43:26,원룸,49983211,월세,01,경상북도 김천시 삼락동,김천시,삼락동,200,26,0,30,9.07,2,대학생강력추천 최최신신축축 화이트톤 이쁜 자취방 원룸,https://www.zigbang.com/home/apt/items/49983211
2026-08-08 04:43:27,원룸,49949797,월세,01,경상북도 김천시 남면 봉천리,김천시,남면,200,24,0,34,10.28,2,단기가능 김천혁신도시인근 한전기술마을 풀옵션 원룸월세,https://www.zigbang.com/home/apt/items/49949797
2026-08-08 04:43:27,원룸,49960300,월세,01,경상북도 김천시 남면 봉천리,김천시,남면,200,25,0,33,9.98,2,김천혁신도시인근 신축처럼 깨끗하고 조용하고 살기좋은 원룸,https://www.zigbang.com/home/apt/items/49960300
2026-08-08 04:43:27,원룸,49860125,월세,01,경상북도 김천시 아포읍 국사리,김천시,아포읍,200,17,0,34,10.28,2,최저가 원룸 아포읍 국사리 덕일한마음아파트인근 원룸,https://www.zigbang.com/home/apt/items/49860125
2026-08-08 04:43:27,원룸,49748055,월세,02,대구시 달성군 다사읍 세천리,달성군,다사읍,200,20,0,27.2,8.23,2,리모델링된 풀옵션 미니투룸식구조입니다.,https://www.zigbang.com/home/apt/items/49748055
2026-08-08 04:43:27,원룸,49794775,월세,02,대구시 달성군 다사읍 세천리,달성군,다사읍,400,29,0,35,10.59,2,세천 초가성비 거실넓은 분리형 원룸,https://www.zigbang.com/home/apt/items/49794775
2026-08-08 04:43:27,원룸,49799998,월세,02,대구시 달서구 신당동,달서구,신당동,300,25,0,22.9,6.93,3,신축급 깔끔 깨끗한 인테리어 컨디션 최고 조용한 위치 원룸,https://www.zigbang.com/home/apt/items/49799998
2026-08-08 04:43:27,원룸,49816726,월세,02,대구시 달성군 다사읍 세천리,달성군,다사읍,200,23,0,29.75,9.0,3,풀옵션 깔끔한방위치굿편의시설 완전 잘 갖춰진곳,https://www.zigbang.com/home/apt/items/49816726
2026-08-08 04:43:27,원룸,49843727,월세,02,대구시 달성군 다사읍 세천리,달성군,다사읍,300,25,0,25,7.56,2,강추 세천 올화이트톤 깔끔한 분리형 원룸,https://www.zigbang.com/home/apt/items/49843727
2026-08-08 04:43:27,원룸,49872467,월세,02,대구시 달성군 다사읍 세천리,달성군,다사읍,200,20,0,26.45,8.0,2,세천리 분리형 원룸 풀옵션 즉시입주가능 화이트톤,https://www.zigbang.com/home/apt/items/49872467
2026-08-08 04:43:27,원룸,49884339,월세,01,대구시 달성군 다사읍 매곡리,달성군,다사읍,200,18,0,30,9.07,1,다사역 최저가원룸,https://www.zigbang.com/home/apt/items/49884339
2026-08-08 04:43:27,원룸,49897099,월세,02,대구시 달성군 다사읍 세천리,달성군,다사읍,300,25,0,42.97,13.0,3,방1거실1 햇살 잘들어오는 남향 예쁜집 위치도 굿,https://www.zigbang.com/home/apt/items/49897099
2026-08-08 04:43:27,원룸,49958732,월세,02,대구시 달성군 다사읍 매곡리,달성군,다사읍,300,20,0,25,7.56,3,화이트톤 완전깨끗한 가성비 원룸,https://www.zigbang.com/home/apt/items/49958732
2026-08-08 04:43:27,원룸,49962236,월세,02,대구시 달성군 다사읍 세천리,달성군,다사읍,200,20,0,33.06,10.0,2,5차산업단지 안전한위치  햇살잘드는 예쁜방,https://www.zigbang.com/home/apt/items/49962236
2026-08-08 04:43:27,원룸,49973594,월세,01,대구시 달성군 다사읍 매곡리,달성군,다사읍,200,17,0,25,7.56,1,최저가 준신축원룸,https://www.zigbang.com/home/apt/items/49973594
2026-08-08 04:43:27,원룸,49973607,월세,02,대구시 달성군 다사읍 매곡리,달성군,다사읍,500,39,0,45,13.61,3,최신축 미니투룸,https://www.zigbang.com/home/apt/items/49973607
2026-08-08 04:43:28,원룸,49611153,월세,01,경상북도 칠곡군 왜관읍 왜관리,칠곡군,왜관읍,200,27,0,26.44,8.0,3,㉧미군부대 후문 근처 원룸㉧ 방 크고 쾌적해요 조용한 동네,https://www.zigbang.com/home/apt/items/49611153
2026-08-08 04:43:28,원룸,49643045,월세,01,경상북도 칠곡군 왜관읍 석전리,칠곡군,왜관읍,200,27,0,27,8.17,3,인근 원룸중 방이 가장넓은 방 가려지는 건물 없는방,https://www.zigbang.com/home/apt/items/49643045
2026-08-08 04:43:28,원룸,49781578,월세,02,경상북도 칠곡군 왜관읍 석전리,칠곡군,왜관읍,300,30,0,40,12.1,4,저렴한월세 풀옵션미니투룸 공실상태 깨끗한방 즉시입주,https://www.zigbang.com/home/apt/items/49781578
2026-08-08 04:43:28,원룸,49846087,월세,02,경상북도 칠곡군 왜관읍 석전리,칠곡군,왜관읍,300,30,0,39.67,12.0,4,㉧미군부대 후문 미니투룸㉧ 대화아파트 인근 조용한 동네,https://www.zigbang.com/home/apt/items/49846087
2026-08-08 04:43:28,원룸,49665282,월세,02,대구시 달서구 이곡동,달서구,이곡동,100,14,0,25,7.56,3,가성비 끝판왕 풀옵션 원룸입니다,https://www.zigbang.com/home/apt/items/49665282
2026-08-08 04:43:28,원룸,49775232,월세,02,대구시 달서구 용산동,달서구,용산동,100,10,0,36.36,11.0,2,복가득한방.방1 거실1 풀옵션 도배장판 청소완료.바로입주가,https://www.zigbang.com/home/apt/items/49775232
2026-08-08 04:43:28,원룸,49780631,월세,02,대구시 달서구 이곡동,달서구,이곡동,200,15,0,26.45,8.0,3,이곡 체육공원 깔끔한 신축 가성비 최고인 예쁜방,https://www.zigbang.com/home/apt/items/49780631
2026-08-08 04:43:28,원룸,49802516,월세,02,대구시 달서구 용산동,달서구,용산동,100,10,0,26.45,8.0,1,1층.단기방OKㅡREAL원룸大大ㅡ주차Good,https://www.zigbang.com/home/apt/items/49802516
2026-08-08 04:43:28,원룸,49872837,월세,01,대구시 달서구 용산동,달서구,용산동,100,15,0,26.44,8.0,2,"올수리ㅡ오픈형원룸大ㅡ풀옵션ㅡ실물Good,REAL깨끗",https://www.zigbang.com/home/apt/items/49872837
2026-08-08 04:43:28,원룸,49911568,월세,01,대구시 달서구 용산동,달서구,용산동,100,13,0,30.31,9.17,2,올리모델링 방大 도배완료 배란다大 가성비甲 원룸,https://www.zigbang.com/home/apt/items/49911568
2026-08-08 04:43:28,원룸,49943107,월세,02,대구시 달서구 용산동,달서구,용산동,100,10,0,33.06,10.0,3,복가득한방.이중문 화이트톤 올수리 완전깨끗하고 예쁜방,https://www.zigbang.com/home/apt/items/49943107
2026-08-08 04:43:28,원룸,49962795,월세,02,대구시 달서구 용산동,달서구,용산동,100,13,0,26.12,7.9,1,도배완료 장판완료 풀옵션 주방분리 가성비甲 원룸,https://www.zigbang.com/home/apt/items/49962795
2026-08-08 04:43:29,원룸,49731963,월세,02,대구시 동구 불로동,동구,불로동,500,30,0,39,11.8,4,"허위제로ㅣ대형사이즈 투룸, 거실과 방, 중문 있고 풀옵션",https://www.zigbang.com/home/apt/items/49731963
2026-08-08 04:43:29,원룸,49731980,월세,01,대구시 동구 불로동,동구,불로동,200,20,0,27,8.17,2,"허위제로I 이시아폴리스 최인접, 주방분리에 풀옵션 원룸",https://www.zigbang.com/home/apt/items/49731980
2026-08-08 04:43:29,원룸,49850209,월세,02,대구시 동구 불로동,동구,불로동,500,30,0,39,11.8,2,"허위제로I대형투룸, 화이트톤 넓은거실과 방, 풀옵션입니다.",https://www.zigbang.com/home/apt/items/49850209
2026-08-08 04:43:29,원룸,49969779,월세,01,대구시 동구 불로동,동구,불로동,300,25,0,27.5,8.32,3,VV신축급V관리잘된V깔끔한 원룸V풀옵션V햇살 가득VV,https://www.zigbang.com/home/apt/items/49969779
2026-08-08 04:43:29,원룸,49969819,월세,01,대구시 북구 검단동,북구,검단동,100,15,0,26.44,8.0,2,VV검단동V싸고V큰방V풀옵션V착한 가격VV,https://www.zigbang.com/home/apt/items/49969819
2026-08-08 04:43:29,원룸,49969963,월세,01,대구시 동구 불로동,동구,불로동,200,22,0,27.5,8.32,3,VV깔끔한 원룸V채광 좋고V관리가 잘된집V풀옵션VV,https://www.zigbang.com/home/apt/items/49969963
2026-08-08 04:43:29,원룸,49970054,월세,01,대구시 동구 불로동,동구,불로동,200,22,0,27.5,8.32,2,VV관리잘된V깔끔한 원룸V예쁜방V풀옵션V안전한 위치VV,https://www.zigbang.com/home/apt/items/49970054
2026-08-08 04:43:29,원룸,49970128,월세,01,대구시 동구 불로동,동구,불로동,200,18,0,26.44,8.0,2,VV불로시장V싸고V깔끔한 원룸V풀옵션V가성비 좋은 집VV,https://www.zigbang.com/home/apt/items/49970128
2026-08-08 04:43:29,원룸,49970525,월세,01,대구시 동구 불로동,동구,불로동,100,17,0,23.14,7.0,2,VV불로시장V싼방V풀옵션V깔끔VV,https://www.zigbang.com/home/apt/items/49970525
2026-08-08 04:43:29,원룸,49970623,월세,01,대구시 동구 불로동,동구,불로동,200,20,0,27.5,8.32,2,VV불로동V싸고V깔끔한 원룸V풀옵션V가성비 최고VV,https://www.zigbang.com/home/apt/items/49970623
2026-08-08 04:43:30,원룸,49429425,월세,02,대구시 북구 읍내동,북구,읍내동,300,22,0,33.06,10.0,2,읍내동 가성비 최강 구조 완벽한 큰방 풀옵션 원룸,https://www.zigbang.com/home/apt/items/49429425
2026-08-08 04:43:30,원룸,49636560,월세,02,대구시 북구 학정동,북구,학정동,100,21,0,26.45,8.0,1,"1개월부터 단기가능 경대병원 코앞가성비 풀옵션,선점필수",https://www.zigbang.com/home/apt/items/49636560
2026-08-08 04:43:30,원룸,49688480,월세,01,대구시 북구 학정동,북구,학정동,300,29,0,28,8.47,3,V엘베있는 깔끔한 원룸을 찾으신다면V바로 여기,https://www.zigbang.com/home/apt/items/49688480
2026-08-08 04:43:30,원룸,49757668,월세,02,대구시 북구 학정동,북구,학정동,300,20,0,26.45,8.0,2,"경대병원 초인근, 최신축 최저가 원룸,직장,대학,1인가구등",https://www.zigbang.com/home/apt/items/49757668
2026-08-08 04:43:30,원룸,49757675,월세,02,대구시 북구 학정동,북구,학정동,300,30,0,37,11.19,3,"경대병원,3지구등접근성좋은 가성비 좋은 미니투룸,주차양호",https://www.zigbang.com/home/apt/items/49757675
2026-08-08 04:43:30,원룸,49801589,월세,02,대구시 북구 읍내동,북구,읍내동,200,22,0,30,9.07,2,팔거천인근 준신축급 주차완벽 관리최상,https://www.zigbang.com/home/apt/items/49801589
2026-08-08 04:43:30,원룸,49807086,월세,02,대구시 북구 학정동,북구,학정동,100,21,0,30,9.07,2,경대병원실습 단기가능 풀옵션 원룸,https://www.zigbang.com/home/apt/items/49807086
2026-08-08 04:43:30,원룸,49815175,월세,02,대구시 북구 읍내동,북구,읍내동,200,22,0,30,9.07,2,주차완벽 준신축2층 풀옵션원룸 즉시입주가능,https://www.zigbang.com/home/apt/items/49815175
2026-08-08 04:43:30,원룸,49815219,월세,02,대구시 북구 학정동,북구,학정동,100,21,0,30,9.07,1,단기가능 풀옵션원룸 병원바로앞 즉시입주가능,https://www.zigbang.com/home/apt/items/49815219
2026-08-08 04:43:30,원룸,49815464,월세,02,대구시 북구 읍내동,북구,읍내동,300,28,0,30,9.07,3,엘베있음 준신축 풀옵션원룸 풀옵션 즉시입주가능,https://www.zigbang.com/home/apt/items/49815464
2026-08-08 04:43:30,원룸,49840757,월세,02,대구시 북구 학정동,북구,학정동,2000,26,0,40,12.1,3,학정동 드레스룸 겸비신축 오피스텔 이중보안으로 치안매우우수,https://www.zigbang.com/home/apt/items/49840757
2026-08-08 04:43:30,원룸,49894054,월세,02,대구시 북구 학정동,북구,학정동,300,33,0,35,10.59,3,주차완벽 경대병원 및 직장인 추천 넓은 원룸,https://www.zigbang.com/home/apt/items/49894054
2026-08-08 04:43:29,원룸,49969943,월세,01,대구시 북구 태전동,북구,태전동,10,25,0,30,9.07,1,신축.풀옵션 원룸.보안상태 최고,https://www.zigbang.com/home/apt/items/49969943
2026-08-08 04:43:29,원룸,49973522,월세,02,대구시 북구 태전동,북구,태전동,500,40,0,45,13.61,3,신축투룸 풀옵션 최저가 주차편리 즉시입주가능,https://www.zigbang.com/home/apt/items/49973522
2026-08-08 04:43:35,원룸,49729208,월세,01,경상북도 구미시 선산읍 교리,구미시,선산읍,200,18,0,33.06,10.0,2,선산교리 원룸 엘베있음,https://www.zigbang.com/home/apt/items/49729208
2026-08-08 04:43:35,원룸,49919672,월세,02,경상북도 구미시 선산읍 동부리,구미시,선산읍,300,30,0,39.67,12.0,2,선산 중심지역 미니투룸,https://www.zigbang.com/home/apt/items/49919672
2026-08-08 04:43:35,원룸,49919676,월세,01,경상북도 구미시 선산읍 동부리,구미시,선산읍,200,20,0,33.06,10.0,2,선산읍 중심지역 원룸,https://www.zigbang.com/home/apt/items/49919676
2026-08-08 04:43:43,원룸,49843252,월세,02,경상북도 경산시 하양읍 부호리,경산시,하양읍,30,30,0,26.45,8.0,3,경일대 1분거리 최신축 선착순,https://www.zigbang.com/home/apt/items/49843252
2026-08-08 04:43:44,원룸,49606060,월세,02,경상북도 경산시 진량읍 평사리(坪沙),경산시,진량읍,20,250,0,19.83,6.0,2,ㄱ대구대 한림 원룸..최고밀집 최저가격..26년7월도시가스,https://www.zigbang.com/home/apt/items/49606060
2026-08-08 04:43:44,원룸,49758901,전세,02,경상북도 경산시 진량읍 내리리,경산시,진량읍,5000,0,0,25,7.56,2,대구대 원룸임대,https://www.zigbang.com/home/apt/items/49758901
2026-08-08 04:43:44,원룸,49758906,월세,01,경상북도 경산시 진량읍 평사리(坪沙),경산시,진량읍,20,260,0,24,7.26,1,대구대 인근 가성비졸은 원룸,https://www.zigbang.com/home/apt/items/49758906
2026-08-08 04:43:44,원룸,49843694,월세,01,경상북도 경산시 진량읍 평사리(平沙),경산시,진량읍,20,240,0,23.2,7.02,1,대구대가성비좋은 원룸,https://www.zigbang.com/home/apt/items/49843694
2026-08-08 04:43:44,원룸,49843768,월세,01,경상북도 경산시 진량읍 평사리(坪沙),경산시,진량읍,20,260,0,23.2,7.02,1,대구대인근 원룸,https://www.zigbang.com/home/apt/items/49843768
2026-08-08 04:43:44,원룸,49857447,월세,01,경상북도 경산시 진량읍 평사리(坪沙),경산시,진량읍,20,260,0,24,7.26,3,대구대원룸임대,https://www.zigbang.com/home/apt/items/49857447
2026-08-08 04:43:44,원룸,49870870,월세,01,경상북도 경산시 진량읍 평사리(平沙),경산시,진량읍,20,430,0,24,7.26,4,대구대 인근 원룸,https://www.zigbang.com/home/apt/items/49870870
2026-08-08 04:43:44,원룸,49952672,월세,01,경상북도 경산시 진량읍 평사리(平沙),경산시,진량읍,20,230,0,23.2,7.02,1,대구대인근원룸,https://www.zigbang.com/home/apt/items/49952672
2026-08-08 04:43:44,원룸,49753453,월세,02,경상북도 영천시 문외동,영천시,문외동,400,34,0,33,9.98,3,문외동 중앙초 인근 미니투룸,https://www.zigbang.com/home/apt/items/49753453
2026-08-08 04:43:44,원룸,49753520,월세,02,경상북도 영천시 문외동,영천시,문외동,500,30,0,27,8.17,3,문외동 삼산아파트 인근 원룸,https://www.zigbang.com/home/apt/items/49753520
2026-08-08 04:43:44,원룸,49810970,월세,02,경상북도 영천시 문외동,영천시,문외동,300,30,0,35,10.59,2,시청인근미니투룸 ㅇ 삼산아파트옆,https://www.zigbang.com/home/apt/items/49810970
2026-08-08 04:43:44,원룸,49811898,전세,02,경상북도 영천시 문외동,영천시,문외동,4000,0,0,42,12.7,4,"시청인근 방2,거실 정투룸 전세",https://www.zigbang.com/home/apt/items/49811898
2026-08-08 04:43:44,원룸,49850314,월세,02,경상북도 영천시 화룡동,영천시,화룡동,300,29,0,27,8.17,4,화룡동 영천교육청 인근 원룸,https://www.zigbang.com/home/apt/items/49850314
2026-08-08 04:43:44,원룸,49897105,월세,02,경상북도 영천시 문내동,영천시,문내동,300,31,0,33,9.98,2,"문내동 미니투룸 ,중앙초등학교 후문 인근",https://www.zigbang.com/home/apt/items/49897105
2026-08-08 04:43:44,원룸,49939437,월세,02,경상북도 영천시 문외동,영천시,문외동,300,30,0,27,8.17,4,문외동 삼산아파트 인근 원룸,https://www.zigbang.com/home/apt/items/49939437
2026-08-08 04:43:44,원룸,49963198,월세,02,경상북도 영천시 문외동,영천시,문외동,1000,34,0,33,9.98,3,문외동  보건소 인근 미니투룸,https://www.zigbang.com/home/apt/items/49963198
2026-08-08 04:43:44,원룸,49963466,월세,02,경상북도 영천시 문외동,영천시,문외동,500,47,0,55,16.64,4,문외동 도서관 인근 투룸,https://www.zigbang.com/home/apt/items/49963466
2026-08-08 04:43:44,원룸,49968630,월세,02,경상북도 영천시 문외동,영천시,문외동,300,30,0,26,7.86,2,문외동 원룸 I 센트럴타운아파트 후문,https://www.zigbang.com/home/apt/items/49968630
2026-08-08 04:43:47,원룸,49713534,월세,02,경상북도 경주시 용강동,경주시,용강동,200,31,0,29.75,9.0,3,ㅡ보건소ㅡ넓은방ㅡ황성공원 시청 도보ㅡ,https://www.zigbang.com/home/apt/items/49713534
2026-08-08 04:43:47,원룸,49869671,월세,01,경상북도 경주시 용강동,경주시,용강동,1500,20,0,30,9.07,3,"시청,보건소 도보가능 즉시입주",https://www.zigbang.com/home/apt/items/49869671
2026-08-08 04:43:47,원룸,49894466,월세,02,경상북도 경주시 용강동,경주시,용강동,300,35,0,39.66,12.0,3,oO가성비미니투룸Oo올포함40,https://www.zigbang.com/home/apt/items/49894466
2026-08-08 04:43:47,원룸,49901447,월세,01,경상북도 경주시 용강동,경주시,용강동,200,27,0,26.45,8.0,4,"시청,보건소 근접 층간소음없는최상층 단기가능",https://www.zigbang.com/home/apt/items/49901447
2026-08-08 04:43:47,원룸,49923781,월세,01,경상북도 경주시 용강동,경주시,용강동,200,40,0,30,9.07,3,"복층 구조,,, 깔끔한 내부,,, 비교적 넓은 방",https://www.zigbang.com/home/apt/items/49923781
2026-08-08 04:43:47,원룸,49931182,월세,01,경상북도 경주시 황성동,경주시,황성동,300,40,0,29.75,9.0,1,"리모델링,,, 비교적 넓은 방",https://www.zigbang.com/home/apt/items/49931182
2026-08-08 04:43:47,원룸,49944700,월세,02,경상북도 경주시 용강동,경주시,용강동,200,33,0,29.75,9.0,3,ㅡ엘베ㅡ보건소ㅡ황성공원ㅡ신축ㅡ,https://www.zigbang.com/home/apt/items/49944700
2026-08-08 04:43:47,원룸,49945674,월세,01,경상북도 경주시 용강동,경주시,용강동,200,28,0,29.75,9.0,2,"비교적 넓은 방,,, 시청 보건소 용강스타벅스 도보 가능",https://www.zigbang.com/home/apt/items/49945674
2026-08-08 04:43:47,원룸,49971705,월세,01,경상북도 경주시 용강동,경주시,용강동,100,30,0,29.75,9.0,2,"저렴한 월세,,, 비교적 넓은 방",https://www.zigbang.com/home/apt/items/49971705
2026-08-08 04:43:48,원룸,49926108,월세,02,경상북도 포항시 남구 연일읍 유강리,포항시 남구,연일읍,300,36,0,26.44,8.0,2,"포항공대인근ㅡ침대,책상등 풀옵션원룸ㅡ",https://www.zigbang.com/home/apt/items/49926108
2026-08-08 04:43:48,원룸,49980921,월세,01,경상북도 경주시 강동면 유금리,경주시,강동면,200,25,0,26.44,8.0,2,위덕대 인근 풀옵션 원룸,https://www.zigbang.com/home/apt/items/49980921
2026-08-08 04:43:49,원룸,49663770,월세,01,경상북도 포항시 북구 흥해읍 초곡리,포항시 북구,흥해읍,300,35,0,26.45,8.0,2,ㅡ전 세 가 능 ㅡ초곡 선린대 바로앞 원룸,https://www.zigbang.com/home/apt/items/49663770
2026-08-08 04:43:49,원룸,49713257,월세,01,경상북도 포항시 북구 흥해읍 옥성리,포항시 북구,흥해읍,300,35,0,33.06,10.0,1,원룸월세.단기가능.ktx5분분.초곡현장3분거리.생활권좋은곳,https://www.zigbang.com/home/apt/items/49713257
2026-08-08 04:43:49,원룸,49713261,월세,02,경상북도 포항시 북구 흥해읍 중성리,포항시 북구,흥해읍,200,30,0,40,12.1,1,흥해시장인근.에코프로7분.포항역5분.초곡3분.정남향,https://www.zigbang.com/home/apt/items/49713261
2026-08-08 04:43:49,원룸,49713268,월세,02,경상북도 포항시 북구 흥해읍 옥성리,포항시 북구,흥해읍,300,35,0,43,13.01,2,미니투룸.동부청사5분.선린대1정거장.초곡5분.주차공간많음,https://www.zigbang.com/home/apt/items/49713268
2026-08-08 04:43:49,원룸,49934286,월세,02,경상북도 포항시 북구 흥해읍 중성리,포항시 북구,흥해읍,300,35,0,42.98,13.0,4,흥해시장안 미니투룸,https://www.zigbang.com/home/apt/items/49934286
2026-08-08 04:43:52,원룸,49878149,월세,02,경상북도 안동시 옥동,안동시,옥동,300,28,0,35,10.59,1,옥동 우체국인근  그레이 모노톤의 깔끔한 도배 굳굳,https://www.zigbang.com/home/apt/items/49878149
2026-08-08 04:43:52,원룸,49896036,월세,02,경상북도 안동시 태화동,안동시,태화동,500,51,0,49.59,15.0,3,1 강변대로변 인근 파스텔톤 이쁜 정투룸,https://www.zigbang.com/home/apt/items/49896036
2026-08-08 04:43:52,원룸,49939062,월세,02,경상북도 안동시 옥동,안동시,옥동,300,31,0,30,9.07,1,"옥동 영호초 인근 방,베란다 사이즈 Good 풀옵션 원룸",https://www.zigbang.com/home/apt/items/49939062
2026-08-08 04:43:52,원룸,49949900,월세,02,경상북도 안동시 옥동,안동시,옥동,300,29,0,30,9.07,1,옥동 영호초 부근  원룸 월세,https://www.zigbang.com/home/apt/items/49949900
2026-08-08 04:43:52,원룸,49949984,월세,02,경상북도 안동시 옥동,안동시,옥동,300,31,0,30,9.07,2,옥동 영호초 부근   원룸 월세,https://www.zigbang.com/home/apt/items/49949984
2026-08-08 04:43:52,원룸,49980827,월세,02,경상북도 안동시 옥동,안동시,옥동,200,25,0,35,10.59,3,이마트 가성비 분리형 원룸 즉시입주 BEST 1ROOM,https://www.zigbang.com/home/apt/items/49980827
2026-08-08 04:43:52,원룸,49842504,월세,02,경상북도 안동시 용상동,안동시,용상동,300,30,0,30,9.07,3,용상 풍림 아파트 인근 깔끔한 풀옵션 주방 분리형 원룸,https://www.zigbang.com/home/apt/items/49842504
2026-08-08 04:43:52,원룸,49884839,월세,02,경상북도 안동시 정하동,안동시,정하동,500,46,0,40,12.1,2,정하동 쾌적한 환경 사이즈 좋은 풀옵션 미니 투룸,https://www.zigbang.com/home/apt/items/49884839
2026-08-08 04:43:52,원룸,49892503,월세,02,경상북도 안동시 용상동,안동시,용상동,300,26,0,30,9.07,2,용상 CGV 인근 가성비 최고 주방 분리형 풀옵션 원룸,https://www.zigbang.com/home/apt/items/49892503
2026-08-08 04:43:52,원룸,49922619,월세,02,경상북도 안동시 용상동,안동시,용상동,200,31,0,33.06,10.0,2,1 용상동 편세권 준신축급 관리 잘 된 깔끔 분리형 원룸,https://www.zigbang.com/home/apt/items/49922619
2026-08-08 04:43:52,원룸,49941781,전세,01,경상북도 안동시 용상동,안동시,용상동,4000,0,0,49.58,15.0,4,1 용상동 안동병원 인근 미투 전세 반전세 가능,https://www.zigbang.com/home/apt/items/49941781
2026-08-08 04:43:52,원룸,49953965,월세,02,경상북도 안동시 용상동,안동시,용상동,300,25,0,33.06,10.0,2,1 깔끔 편세권 풀옵션 분리형 원룸,https://www.zigbang.com/home/apt/items/49953965
2026-08-08 04:43:52,원룸,49968186,월세,02,경상북도 안동시 정하동,안동시,정하동,200,27,0,35,10.59,2,NEW정하동 깔끔한 분리형원룸  강남초인근 원룸준신축입니당,https://www.zigbang.com/home/apt/items/49968186
2026-08-08 04:43:52,원룸,49984906,월세,02,경상북도 안동시 정하동,안동시,정하동,500,46,0,40,12.1,2,"정하동 즉시 입주, 상권 좋고 깔끔한 남향 미니 투룸",https://www.zigbang.com/home/apt/items/49984906
2026-08-08 04:43:52,원룸,49922873,월세,02,경상북도 안동시 용상동,안동시,용상동,300,29,0,33.06,10.0,3,1 용상동 방 넓게 잘 빠진 분리형 원룸,https://www.zigbang.com/home/apt/items/49922873
2026-08-08 04:43:52,원룸,49941765,월세,02,경상북도 안동시 용상동,안동시,용상동,500,38,0,49.59,15.0,2,1 방 깔끔하고 구조 좋아 가구배치 좋은 미니투룸,https://www.zigbang.com/home/apt/items/49941765
2026-08-08 04:45:04,원룸,49641613,월세,01,인천시 영종구 운서동,영종구,운서동,300,28,0,72.14,21.82,2,월드게이트  남향  무료셔틀버스 운행,https://www.zigbang.com/home/apt/items/49641613
2026-08-08 04:45:04,원룸,49690680,월세,01,인천시 영종구 운서동,영종구,운서동,1000,80,0,112.39,34.0,5,인천공항공사 바로앞 국제업무단지 오피스,https://www.zigbang.com/home/apt/items/49690680
2026-08-08 04:45:04,원룸,49807166,월세,01,인천시 영종구 운서동,영종구,운서동,300,25,0,50.16,15.17,11,무료셔틀버스 인천공항 및 화물터미널 운행,https://www.zigbang.com/home/apt/items/49807166
2026-08-08 04:45:04,원룸,49892082,월세,01,인천시 영종구 운서동,영종구,운서동,300,38,0,61.03,18.46,7,"전망좋음, 전입신고 가능, 리모델링방, 즉시입주",https://www.zigbang.com/home/apt/items/49892082
2026-08-08 04:45:05,원룸,49727937,월세,02,인천시 영종구 중산동,영종구,중산동,500,62,0,27,8.17,18,통창 신축 l 1.5룸 l 풀옵션 전입가능,https://www.zigbang.com/home/apt/items/49727937
2026-08-08 04:45:05,원룸,49876718,전세,02,인천시 영종구 중산동,영종구,중산동,10500,0,0,57.94,17.53,19,"깔금한 내부상태, 1인가구, 직장인 추천",https://www.zigbang.com/home/apt/items/49876718
2026-08-08 04:45:05,원룸,49945555,월세,02,인천시 영종구 중산동,영종구,중산동,500,65,0,39.67,12.0,중,전입되는 남서향 바다뷰 신축 1.5,https://www.zigbang.com/home/apt/items/49945555
2026-08-08 04:45:05,원룸,49948538,월세,02,인천시 영종구 중산동,영종구,중산동,500,60,0,39.67,12.0,19,대각선 바다뷰 복층 신축 1.5 분리형 전입가능,https://www.zigbang.com/home/apt/items/49948538
2026-08-08 04:45:05,원룸,49952596,월세,01,인천시 영종구 중산동,영종구,중산동,200,40,0,66.12,20.0,19,탁트인 남동향 바다뷰 단층,https://www.zigbang.com/home/apt/items/49952596
2026-08-08 04:45:05,원룸,49959518,월세,03,인천시 영종구 중산동,영종구,중산동,300,38,0,40.92,12.38,20,"복층형 원룸, 공간감 좋고 탁트인 시티뷰, 단기 가능",https://www.zigbang.com/home/apt/items/49959518
2026-08-08 04:45:05,원룸,49959602,월세,02,인천시 영종구 중산동,영종구,중산동,500,60,0,57.97,17.54,10,"전입 신고 가능, 신축, 1.5룸, 주차 가능, 이사 협의",https://www.zigbang.com/home/apt/items/49959602
2026-08-08 04:45:05,원룸,49959606,월세,04,인천시 영종구 중산동,영종구,중산동,1000,75,0,54.04,16.35,17,"귀한 신축 투룸, 전입 불가, 빠른 입주, 남서향, 오션뷰",https://www.zigbang.com/home/apt/items/49959606
2026-08-08 04:45:05,원룸,49970781,월세,02,인천시 영종구 운남동,영종구,운남동,200,26,0,23.14,7.0,2,해 잘드는 분리형 착한 원룸,https://www.zigbang.com/home/apt/items/49970781
2026-08-08 04:45:05,원룸,49970788,월세,01,인천시 영종구 운남동,영종구,운남동,200,25,0,23.14,7.0,2,중문있는 소음걱정 제로 풀옵원룸,https://www.zigbang.com/home/apt/items/49970788
2026-08-08 04:45:05,원룸,49973790,월세,01,인천시 영종구 운남동,영종구,운남동,200,25,0,23,6.96,2,월세 저렴한데 깔끔하고 좋아요,https://www.zigbang.com/home/apt/items/49973790
2026-08-08 04:45:05,원룸,49975759,월세,02,인천시 영종구 운남동,영종구,운남동,300,25,0,23.13,7.0,1,분리형 원룸. 세탁실까지 분리형,https://www.zigbang.com/home/apt/items/49975759
2026-08-08 04:45:05,원룸,49976561,월세,01,인천시 영종구 운남동,영종구,운남동,300,33,0,23.14,7.0,2,"신축급 예쁜원룸 주차,엘베 ㅇ",https://www.zigbang.com/home/apt/items/49976561
2026-08-08 04:45:05,원룸,49977010,월세,01,인천시 영종구 운남동,영종구,운남동,150,20,0,23.14,7.0,2,최저가로 모십니다,https://www.zigbang.com/home/apt/items/49977010
2026-08-08 04:45:05,원룸,49977179,월세,01,인천시 영종구 운남동,영종구,운남동,200,26,0,23.14,7.0,2,저렴한 월세 밝고 환한 큰 방,https://www.zigbang.com/home/apt/items/49977179
2026-08-08 04:45:05,원룸,49982030,월세,02,인천시 영종구 운남동,영종구,운남동,1000,35,0,31,9.38,2,"조용한 1.5룸 빌트인으로 깔끔한 인테리어,엘베설치",https://www.zigbang.com/home/apt/items/49982030
2026-08-08 04:45:05,원룸,49982050,월세,01,인천시 영종구 중산동,영종구,중산동,200,35,0,29.75,9.0,중,十전입가능十단기협의十최저가월세十빠른입주가능十,https://www.zigbang.com/home/apt/items/49982050
2026-08-08 04:45:05,원룸,49984131,월세,02,인천시 영종구 운남동,영종구,운남동,2000,30,0,35,10.59,2,"ㅡlukcyㅡ 깔끔 쾌적한 1.5룸 풀옵 엘베,주차장까지",https://www.zigbang.com/home/apt/items/49984131
2026-08-08 04:45:05,원룸,49984252,전세,03,인천시 영종구 중산동,영종구,중산동,8000,0,0,53.53,16.19,5,"LH전세,도공,은행,보험,엘베0,풀옵션, 복층, 주차100",https://www.zigbang.com/home/apt/items/49984252
2026-08-08 04:45:05,원룸,49986180,월세,01,인천시 영종구 중산동,영종구,중산동,300,35,0,35.12,10.62,고,전입불가 빠른입주가능 슬세권 생활편리,https://www.zigbang.com/home/apt/items/49986180
2026-08-08 04:45:56,원룸,49978307,월세,02,충청남도 홍성군 홍성읍 월산리,홍성군,홍성읍,300,30,0,21,6.35,3,법원 인근에 위치한 1.5룸 풀옵션 매물,https://www.zigbang.com/home/apt/items/49978307
2026-08-08 04:45:56,원룸,49978478,월세,02,충청남도 홍성군 홍성읍 월산리,홍성군,홍성읍,500,48,0,37,11.19,3,"법원·검찰청 인근 깔끔하게 관리된 풀옵션 투룸, 엘베있음",https://www.zigbang.com/home/apt/items/49978478
2026-08-08 04:45:56,원룸,49978548,월세,02,충청남도 홍성군 홍성읍 월산리,홍성군,홍성읍,200,30,0,21,6.35,2,법원 인근 깨끗한  상태의 풀옵션  방이큰 원룸,https://www.zigbang.com/home/apt/items/49978548
2026-08-08 04:45:56,원룸,49978701,월세,02,충청남도 홍성군 홍성읍 월산리,홍성군,홍성읍,200,27,0,21,6.35,4,법원 인근 관리 잘된 풀옵션 원룸,https://www.zigbang.com/home/apt/items/49978701
2026-08-08 04:45:56,원룸,49908203,월세,02,충청남도 홍성군 홍성읍 월산리,홍성군,홍성읍,200,27,0,21,6.35,4,법원인근에 있는 합리적인 가격의 원룸 입니다.,https://www.zigbang.com/home/apt/items/49908203
2026-08-08 04:45:56,원룸,49978293,월세,02,충청남도 홍성군 홍성읍 월산리,홍성군,홍성읍,200,30,0,21,6.35,2,법원 인근 e편한세상 바로 앞 조용하고 깨끗한 가성비 최고,https://www.zigbang.com/home/apt/items/49978293
2026-08-08 04:45:56,원룸,49908058,월세,02,충청남도 홍성군 홍성읍 대교리,홍성군,홍성읍,300,30,0,21,6.35,1,홍성여고가 인접하여  조용하고 보안상태 좋고 깨끗한 원룸,https://www.zigbang.com/home/apt/items/49908058
2026-08-08 04:45:56,원룸,49908182,월세,01,충청남도 홍성군 홍성읍 대교리,홍성군,홍성읍,300,30,0,21,6.35,1,홍성여고 인접 조용하고 깨끗한 원룸,https://www.zigbang.com/home/apt/items/49908182
2026-08-08 04:45:57,원룸,49789500,월세,01,충청남도 홍성군 홍북읍 대동리,홍성군,홍북읍,300,30,0,18,5.44,2,신축 원룸 풀옵션,https://www.zigbang.com/home/apt/items/49789500
2026-08-08 04:45:57,원룸,49824670,월세,01,충청남도 홍성군 홍북읍 대동리,홍성군,홍북읍,300,35,0,19.83,6.0,3,신축 원룸 풀옵션,https://www.zigbang.com/home/apt/items/49824670
2026-08-08 04:45:57,원룸,49914711,월세,01,충청남도 홍성군 홍북읍 대동리,홍성군,홍북읍,300,35,0,19.83,6.0,2,신축 원룸 풀옵션,https://www.zigbang.com/home/apt/items/49914711
2026-08-08 04:45:57,원룸,49929401,월세,02,충청남도 홍성군 홍북읍 대동리,홍성군,홍북읍,300,43,0,36.36,11.0,3,신축 풀옵션 1.5룸,https://www.zigbang.com/home/apt/items/49929401
2026-08-08 04:45:57,원룸,49809675,월세,01,충청남도 홍성군 홍북읍 대동리,홍성군,홍북읍,300,37,0,23.14,7.0,2,신축 원룸 풀옵션,https://www.zigbang.com/home/apt/items/49809675
2026-08-08 04:45:59,원룸,49785473,월세,01,충청남도 당진시 수청동,당진시,수청동,185,64,0,61.11,18.49,고,"최대할인, 버스터미널 5분, 풀옵션",https://www.zigbang.com/home/apt/items/49785473
2026-08-08 04:45:59,원룸,49935469,월세,01,충청남도 당진시 수청동,당진시,수청동,50,73,0,61.11,18.49,9,"최대할인, 출장용 추천, 호텔식 풀옵션",https://www.zigbang.com/home/apt/items/49935469
2026-08-08 04:45:59,원룸,49768248,월세,01,충청남도 당진시 신평면 금천리,당진시,신평면,300,29,0,16.52,5.0,2,"대형원룸 주차편리 편의점 ,버스정류장 바로 앞",https://www.zigbang.com/home/apt/items/49768248
2026-08-08 04:46:00,원룸,49523752,월세,02,충청남도 아산시 배방읍 세출리,아산시,배방읍,30,40,0,26.45,8.0,2,호서대 행복 기숙사동   아래 준신축 원룸,https://www.zigbang.com/home/apt/items/49523752
2026-08-08 04:46:00,원룸,49941351,월세,01,충청남도 아산시 배방읍 세출리,아산시,배방읍,30,35,0,26.45,8.0,3,정문도보3분 년세400.반년세 가능,https://www.zigbang.com/home/apt/items/49941351
2026-08-08 04:46:01,원룸,49966308,월세,01,충청남도 천안시 동남구 풍세면 용정리,천안시 동남구,풍세면,100,30,0,24.87,7.52,2,태학산 인근 신축급 컨디션 원룸 화이트톤,https://www.zigbang.com/home/apt/items/49966308
2026-08-08 04:46:01,원룸,49966405,월세,01,충청남도 천안시 동남구 풍세면 용정리,천안시 동남구,풍세면,200,29,0,23.14,7.0,3,보증금 조절가능 산업단지 인근 깔끔한 신축급 컨디션,https://www.zigbang.com/home/apt/items/49966405
2026-08-08 04:46:01,원룸,49966862,월세,02,충청남도 천안시 동남구 풍세면 용정리,천안시 동남구,풍세면,200,29,0,23.14,7.0,3,산업단지 인근 풀옵션 신축급 저렴한 원룸,https://www.zigbang.com/home/apt/items/49966862
2026-08-08 04:46:01,원룸,49957155,월세,02,세종시 전의면 읍내리,,전의면,300,30,0,28,8.47,2,전의역 인근 넓은 원룸입니다 즉시입주가능,https://www.zigbang.com/home/apt/items/49957155
2026-08-08 04:46:02,원룸,49565585,월세,02,충청남도 아산시 온천동,아산시,온천동,300,28,0,35,10.59,3,시청5분 깔끔한 가성비 원룸 풀옵션 월세,https://www.zigbang.com/home/apt/items/49565585
2026-08-08 04:46:02,원룸,49661433,월세,02,충청남도 아산시 온천동,아산시,온천동,300,30,0,40,12.1,3,시청5분 넓은 신축 풀옵션 원룸 월세,https://www.zigbang.com/home/apt/items/49661433
2026-08-08 04:46:02,원룸,49662419,월세,02,충청남도 아산시 온천동,아산시,온천동,500,45,0,33.06,10.0,3,ꔣ Daily ㅣ 시청앞투베이 ㅣ풀옵션 바로입주 ꔣ,https://www.zigbang.com/home/apt/items/49662419
2026-08-08 04:46:02,원룸,49668051,월세,02,충청남도 아산시 온천동,아산시,온천동,500,45,0,42.98,13.0,3,OOO시청앞 신축 투베이OOO,https://www.zigbang.com/home/apt/items/49668051
2026-08-08 04:46:02,원룸,49847137,월세,02,충청남도 아산시 방축동,아산시,방축동,100,25,0,33.06,10.0,2,ꔚꈍPickupꈍꔚ최저가.원룸.풀옵션.바로입주.,https://www.zigbang.com/home/apt/items/49847137
2026-08-08 04:46:02,원룸,49858690,월세,02,충청남도 아산시 온천동,아산시,온천동,1500,45,0,40,12.1,2,시청 신축 큰 투베이,https://www.zigbang.com/home/apt/items/49858690
2026-08-08 04:46:02,원룸,49872406,월세,03,충청남도 아산시 온천동,아산시,온천동,300,24,0,39.67,12.0,6,ꗄ역세권ꔚNew Updateꔚ시장인근복층원룸㉧,https://www.zigbang.com/home/apt/items/49872406
2026-08-08 04:46:02,원룸,49883094,월세,02,충청남도 아산시 온천동,아산시,온천동,500,35,0,42,12.7,3,ꘜꘜꘜ 투베이 1.5룸 화이트톤 ꘜꘜꘜ,https://www.zigbang.com/home/apt/items/49883094
2026-08-08 04:46:02,원룸,49883623,월세,02,충청남도 아산시 온천동,아산시,온천동,500,35,0,42.98,13.0,3,OOO시청 신축 투베이OOO,https://www.zigbang.com/home/apt/items/49883623
2026-08-08 04:46:02,원룸,49886082,월세,02,충청남도 아산시 온천동,아산시,온천동,500,35,0,45,13.61,3,ꪑꔪ투베이ꔪALL화이트ꔪ즉시입주ꔪꪑ,https://www.zigbang.com/home/apt/items/49886082
2026-08-08 04:46:02,원룸,49891792,월세,02,충청남도 아산시 온천동,아산시,온천동,500,35,0,42.96,13.0,3,ꔷꔷꔷ 최저가 신축 투베이 1.5룸ꔷꔷꔷ,https://www.zigbang.com/home/apt/items/49891792
2026-08-08 04:46:02,원룸,49894369,월세,02,충청남도 아산시 온천동,아산시,온천동,500,35,0,45,13.61,3,ꔪꔪ 신축투베이 ꔪꔪ 시청최저가보장 ꔪꔪ 빠른선점요망 ꔪꔪ,https://www.zigbang.com/home/apt/items/49894369
2026-08-08 04:46:02,원룸,49905392,월세,02,충청남도 아산시 온천동,아산시,온천동,500,40,0,42.98,13.0,3,new white st 시청 온천천옆  남향투베이 ev,https://www.zigbang.com/home/apt/items/49905392
2026-08-08 04:46:02,원룸,49925181,월세,01,충청남도 아산시 신창면 남성리,아산시,신창면,200,27,0,33.06,10.0,2,v가성비 좋은 원룸v신축 v풀옵션 v주차장,https://www.zigbang.com/home/apt/items/49925181
2026-08-08 04:46:02,원룸,49360768,월세,01,충청남도 아산시 온천동,아산시,온천동,300,28,0,33.3,10.07,2,lllll 온천역 도보5분 엘베있는 엄청큰 원룸 lllll,https://www.zigbang.com/home/apt/items/49360768
2026-08-08 04:46:02,원룸,49683944,월세,02,충청남도 아산시 온천동,아산시,온천동,300,30,0,40,12.1,2,OOO온양온천역 역세권 넓은 방OOO,https://www.zigbang.com/home/apt/items/49683944
2026-08-08 04:46:02,원룸,49709662,월세,02,충청남도 아산시 온천동,아산시,온천동,300,30,0,33,9.98,2,ꔪ 역 ꔪ 세 ꔪ 권 ꔪ 오 ꔪ 피 ꔪ 스 ꔪ 텔 ꔪ,https://www.zigbang.com/home/apt/items/49709662
2026-08-08 04:46:02,원룸,49710659,월세,02,충청남도 아산시 온천동,아산시,온천동,200,22,0,33.06,10.0,3,ꔚꔣ최저가ꔚꔣ오피스텔ꔚꔣ• 단기가능 • 역세권 •,https://www.zigbang.com/home/apt/items/49710659
2026-08-08 04:46:02,원룸,49784997,월세,01,충청남도 아산시 온천동,아산시,온천동,300,30,0,33.06,10.0,2,ꗟꗟ 역세권 오피스텔 ꗟꗟ,https://www.zigbang.com/home/apt/items/49784997
2026-08-08 04:46:02,원룸,49785021,월세,01,충청남도 아산시 방축동,아산시,방축동,100,26,0,33.06,10.0,2,ꗟꗟ 최저가 리모델링 원룸 ꗟꗟ 신정호 인근 ꗟꗟ,https://www.zigbang.com/home/apt/items/49785021
2026-08-08 04:46:02,원룸,49802848,월세,02,충청남도 아산시 온천동,아산시,온천동,200,29,0,24,7.26,3,역인근 가성비 원룸,https://www.zigbang.com/home/apt/items/49802848
2026-08-08 04:46:02,원룸,49805877,월세,01,충청남도 아산시 방축동,아산시,방축동,100,26,0,33.06,10.0,2,ꔚꔣ 역세권 원룸  ꔚꔣ 풀옵션 ꔚꔣ,https://www.zigbang.com/home/apt/items/49805877
2026-08-08 04:46:02,원룸,49829399,월세,02,충청남도 아산시 온천동,아산시,온천동,300,28,0,34,10.28,3,ㅁㅁ 빌트인 대형원룸 ㅁㅁ,https://www.zigbang.com/home/apt/items/49829399
2026-08-08 04:46:02,원룸,49836398,월세,01,충청남도 아산시 온천동,아산시,온천동,200,23,0,30,9.07,2,ㅣ온양온천역5분ㅣ역세권ㅣ풀옵션엘베ㅣ주차OKㅣ,https://www.zigbang.com/home/apt/items/49836398
2026-08-08 04:46:02,원룸,49841538,전세,01,충청남도 아산시 온천동,아산시,온천동,4000,0,0,33.06,10.0,5,v온양역부근 v풀옵션v월세 가능 v주차장,https://www.zigbang.com/home/apt/items/49841538
2026-08-08 04:46:02,원룸,49859436,월세,02,충청남도 아산시 용화동,아산시,용화동,1000,37,0,42,12.7,2,ꔚꔣ 투베이 화이트톤 ꔚꔣ 풀옵션 ꔚꔣ,https://www.zigbang.com/home/apt/items/49859436
2026-08-08 04:46:02,원룸,49860365,월세,02,충청남도 아산시 용화동,아산시,용화동,1000,37,0,42,12.7,2,OOO넓은 엘베있는 투베이OOO,https://www.zigbang.com/home/apt/items/49860365
2026-08-08 04:46:02,원룸,49871372,월세,01,충청남도 아산시 온천동,아산시,온천동,200,23,0,33.06,10.0,5,㉧GOOD㉧온양온천역세권㉧오피스텔㉧침대㉧엘베㉧조망권좋아요㉧,https://www.zigbang.com/home/apt/items/49871372
2026-08-08 04:46:02,원룸,49929831,월세,01,충청남도 아산시 온천동,아산시,온천동,200,23,0,33,9.98,2,ꔪꔪ 역세권오픽스텔 ꔪꔪ 온양온천역 도보5분 ꔪꔪ,https://www.zigbang.com/home/apt/items/49929831
2026-08-08 04:46:03,원룸,49503021,월세,02,충청남도 천안시 동남구 목천읍 신계리,천안시 동남구,목천읍,500,40,0,40,12.1,1,분리형투베이 주차장 널널 즉시입주가능.,https://www.zigbang.com/home/apt/items/49503021
2026-08-08 04:46:03,원룸,49678037,월세,02,충청남도 천안시 동남구 목천읍 신계리,천안시 동남구,목천읍,500,40,0,33,9.98,1,신계리  신도1차APT근처 방 넓은 투베이,https://www.zigbang.com/home/apt/items/49678037
2026-08-08 04:46:03,원룸,49821448,월세,02,충청남도 천안시 동남구 목천읍 천정리,천안시 동남구,목천읍,500,45,0,42,12.7,3,준신축 화이톤투베이 거실넓음 즉시입주 가능,https://www.zigbang.com/home/apt/items/49821448
2026-08-08 04:46:03,원룸,49868527,월세,02,충청남도 천안시 동남구 목천읍 신계리,천안시 동남구,목천읍,500,40,0,39.67,12.0,2,1.5룸.방하나 거실하나.깔끔신축,https://www.zigbang.com/home/apt/items/49868527
2026-08-08 04:46:03,원룸,49911741,월세,02,충청남도 천안시 동남구 목천읍 신계리,천안시 동남구,목천읍,500,40,0,28,8.47,2,건조기있는 신축 원룸입니다,https://www.zigbang.com/home/apt/items/49911741
2026-08-08 04:46:03,원룸,49942259,월세,02,충청남도 천안시 동남구 목천읍 신계리,천안시 동남구,목천읍,300,30,0,26.44,8.0,3,"단기가능, 세입자방 단독, 반전세 협의전화.",https://www.zigbang.com/home/apt/items/49942259
2026-08-08 04:46:03,원룸,49942355,전세,02,충청남도 천안시 동남구 목천읍 신계리,천안시 동남구,목천읍,3500,0,0,26.44,8.0,2,투베.투룸전세도있어요. 반전세 협의전화주세요.,https://www.zigbang.com/home/apt/items/49942355
2026-08-08 04:46:04,원룸,49731652,월세,02,충청남도 천안시 서북구 성거읍 신월리,천안시 서북구,성거읍,500,40,0,33.06,10.0,2,"분리형투베이, 서북구청, 리모델링",https://www.zigbang.com/home/apt/items/49731652
2026-08-08 04:46:04,원룸,49782992,전세,02,충청남도 천안시 서북구 직산읍 삼은리,천안시 서북구,직산읍,4000,0,0,26.44,8.0,3,"세입자방 전속, LH 가능, 보증보험 가능,  안전한 전세",https://www.zigbang.com/home/apt/items/49782992
2026-08-08 04:46:04,원룸,49807229,월세,02,충청남도 천안시 서북구 성거읍 신월리,천안시 서북구,성거읍,500,43,0,33.4,10.1,4,ㅁ주차 굿ㅁ 투베이,https://www.zigbang.com/home/apt/items/49807229
2026-08-08 04:46:04,원룸,49829731,월세,02,충청남도 천안시 서북구 직산읍 삼은리,천안시 서북구,직산읍,500,53,0,37.5,11.34,3,"ㅡ분리형 투베이ㅡ화이트톤 신축 , 직산 파출소 인근",https://www.zigbang.com/home/apt/items/49829731
2026-08-08 04:46:04,원룸,49945911,월세,02,충청남도 천안시 서북구 성거읍 신월리,천안시 서북구,성거읍,300,36,0,23.14,7.0,2,"서북구청, 리모델링, 풀옵션",https://www.zigbang.com/home/apt/items/49945911
2026-08-08 04:46:04,원룸,49973089,월세,02,충청남도 천안시 서북구 직산읍 삼은리,천안시 서북구,직산읍,500,45,0,33.06,10.0,3,가성비 아주좋은 화이트톤 신축급 원룸 수납좋아요,https://www.zigbang.com/home/apt/items/49973089
2026-08-08 04:46:04,원룸,49759459,월세,02,충청남도 천안시 서북구 성환읍 매주리,천안시 서북구,성환읍,500,57,0,46.28,14.0,3,성환역 인근 귀한 분리형 화이트톤 넓은 투베이,https://www.zigbang.com/home/apt/items/49759459
2026-08-08 04:46:04,원룸,49797002,월세,02,충청남도 천안시 서북구 성환읍 매주리,천안시 서북구,성환읍,500,48,0,33.06,10.0,3,성환역 가까운 신축급 화이트 원룸,https://www.zigbang.com/home/apt/items/49797002
2026-08-08 04:46:04,원룸,49912851,월세,02,충청남도 천안시 서북구 성환읍 성환리,천안시 서북구,성환읍,500,46,0,33.05,10.0,3,햇살가득한 신축 원룸,https://www.zigbang.com/home/apt/items/49912851
2026-08-08 04:46:05,원룸,49911804,월세,01,충청남도 천안시 서북구 입장면 하장리,천안시 서북구,입장면,300,35,0,33.06,10.0,2,귀한 원룸 주차장도 널널해요 위치 좋아요,https://www.zigbang.com/home/apt/items/49911804
2026-08-08 04:46:07,원룸,49803385,월세,01,경기도 평택시 포승읍 도곡리,평택시,포승읍,200,40,0,20,6.05,2,ㅁ단기가능 ㅁ 화양지구 출퇴근 용이한 원룸 ㅁ 즉시입주 ㅁ,https://www.zigbang.com/home/apt/items/49803385
2026-08-08 04:46:07,원룸,49924701,월세,02,경기도 평택시 포승읍 도곡리,평택시,포승읍,100,20,0,19.83,6.0,2,"ㅁ가성비 굿ㅁ포승 공단, 항만, 서평택TG 인접",https://www.zigbang.com/home/apt/items/49924701
2026-08-08 04:46:07,원룸,49935834,월세,01,경기도 평택시 포승읍 도곡리,평택시,포승읍,200,30,0,20,6.05,1,ㅁ 내기삼거리 인근 ㅁ 즉시입주 가능한 원룸 ㅁ,https://www.zigbang.com/home/apt/items/49935834
2026-08-08 04:46:07,원룸,49965475,월세,02,경기도 평택시 포승읍 도곡리,평택시,포승읍,100,20,0,19.83,6.0,1,"ㅁ1개월도 가능ㅁ포승 공단, 항만, 서평택TG 인접",https://www.zigbang.com/home/apt/items/49965475
2026-08-08 04:46:07,원룸,49965840,월세,02,경기도 평택시 포승읍 도곡리,평택시,포승읍,100,20,0,19.83,6.0,1,"ㅁ1개월도 가능ㅁ포승 공단, 항만, 서평택TG 인접",https://www.zigbang.com/home/apt/items/49965840
2026-08-08 04:46:07,원룸,49964063,월세,01,경기도 평택시 포승읍 원정리,평택시,포승읍,40,40,0,25.9,7.83,1,ㅁ 단기가능 ㅁ기아자동차 출퇴근 용이한 원룸 ㅁ,https://www.zigbang.com/home/apt/items/49964063
2026-08-08 04:46:07,원룸,49964084,월세,01,경기도 평택시 포승읍 원정리,평택시,포승읍,200,35,0,20,6.05,2,"ㅁ기아자동차, 석유공사 출퇴근 용이한 원룸 ㅁ 단기가능 ㅁ",https://www.zigbang.com/home/apt/items/49964084
2026-08-08 04:46:09,원룸,49980364,월세,01,경기도 화성시 만세구 장안면 수촌리,화성시 만세구,장안면,300,35,0,15.04,4.55,2,최저가 원룸 즉시입주 신축 풀옵션 주차1대 채광굿 편익최고,https://www.zigbang.com/home/apt/items/49980364
2026-08-08 04:46:10,원룸,49358025,월세,01,경기도 화성시 만세구 마도면 청원리,화성시 만세구,마도면,200,33,0,16.8,5.08,3,신축 첫입주이며 층 호수  선택가능함 임대료 관리비저렴,https://www.zigbang.com/home/apt/items/49358025
2026-08-08 04:46:10,원룸,49828810,월세,01,경기도 화성시 만세구 마도면 청원리,화성시 만세구,마도면,200,33,0,20,6.05,4,첫입주 바이오밸리산업 단지 인접 풀옵션입니다.,https://www.zigbang.com/home/apt/items/49828810
2026-08-08 04:46:10,원룸,49959074,월세,01,경기도 화성시 만세구 마도면 청원리,화성시 만세구,마도면,200,33,0,15.72,4.76,4,보리.즉시입주.풀옵션.신축원룸,https://www.zigbang.com/home/apt/items/49959074
2026-08-08 04:46:10,원룸,49848246,월세,02,경기도 화성시 만세구 향남읍 장짐리,화성시 만세구,향남읍,700,73,0,33.06,10.0,2,없는 게 없는 풀옵션 1.5룸. 지하주차O. 깔끔 신축,https://www.zigbang.com/home/apt/items/49848246
2026-08-08 04:46:10,원룸,49911046,월세,03,경기도 화성시 만세구 향남읍 장짐리,화성시 만세구,향남읍,1000,54,0,45,13.61,4,빠른입주가능. 층고높은 복층 원룸. 컨디션 굿굿,https://www.zigbang.com/home/apt/items/49911046
2026-08-08 04:46:10,원룸,49924369,월세,02,경기도 화성시 만세구 팔탄면 율암리,화성시 만세구,팔탄면,200,35,0,25,7.56,1,대박1룸. 주차스트레스NO. 빠른 입주.,https://www.zigbang.com/home/apt/items/49924369
2026-08-08 04:46:10,원룸,49953910,월세,03,경기도 화성시 만세구 향남읍 장짐리,화성시 만세구,향남읍,1000,53,0,40,12.1,4,ꯁ룸메추천ꯁ 복층구조 풀옵션 분리형 완전 큰 원룸,https://www.zigbang.com/home/apt/items/49953910
2026-08-08 04:46:12,원룸,49883209,월세,01,경기도 평택시 청북읍 현곡리,평택시,청북읍,100,40,0,20,6.05,2,"ㅁ 마켓컬리, 고렴산업단지 출퇴근 용이한 원룸 ㅁ",https://www.zigbang.com/home/apt/items/49883209
2026-08-08 04:46:12,원룸,49944733,월세,02,경기도 평택시 청북읍 어소리,평택시,청북읍,300,30,0,23.4,7.08,3,주차걱정없는  주방분리형 아주 넓은 원룸예요,https://www.zigbang.com/home/apt/items/49944733
2026-08-08 04:46:12,원룸,49900919,월세,02,경기도 평택시 청북읍 한산리,평택시,청북읍,200,30,0,26.44,8.0,4,"어연한산공단 인근,주방 분리형 원룸,단기가능",https://www.zigbang.com/home/apt/items/49900919
2026-08-08 04:46:12,원룸,49971345,월세,02,경기도 평택시 오성면 숙성리,평택시,오성면,300,40,0,42,12.7,4,투베이 공실,https://www.zigbang.com/home/apt/items/49971345
2026-08-08 04:46:12,원룸,49974643,월세,02,경기도 평택시 오성면 숙성리,평택시,오성면,300,35,0,21,6.35,4,분리형원룸 공실,https://www.zigbang.com/home/apt/items/49974643
2026-08-08 04:46:12,원룸,49900342,월세,02,경기도 평택시 청북읍 어연리,평택시,청북읍,500,40,0,20.73,6.27,3,어연산업단지 분리형 원룸 9월 중순 입주 가능,https://www.zigbang.com/home/apt/items/49900342
2026-08-08 04:46:12,원룸,49900346,월세,02,경기도 평택시 청북읍 어연리,평택시,청북읍,500,51,0,19.12,5.78,4,어연산업단지 구조 좋은 1.5룸 빠른 입주 가능,https://www.zigbang.com/home/apt/items/49900346
2026-08-08 04:46:12,원룸,49900401,월세,02,경기도 평택시 청북읍 어연리,평택시,청북읍,2000,41,0,18.78,5.68,3,어연 산업단지 1.5룸 빠른 입주 가능,https://www.zigbang.com/home/apt/items/49900401
2026-08-08 04:46:12,원룸,49900889,월세,01,경기도 평택시 청북읍 한산리,평택시,청북읍,200,28,0,17.06,5.16,2,어연한산인근 제일 가성비 좋은 원룸,https://www.zigbang.com/home/apt/items/49900889
2026-08-08 04:46:12,원룸,49900905,월세,02,경기도 평택시 청북읍 어연리,평택시,청북읍,300,30,0,22.17,6.71,3,"위치,시설,편리성최고인 원룸 인근서 가장 인기많아요",https://www.zigbang.com/home/apt/items/49900905
2026-08-08 04:46:12,원룸,49900960,월세,02,경기도 평택시 청북읍 어연리,평택시,청북읍,2100,30,0,15.69,4.75,2,최적의 위치에 내부가 이쁜 원룸 입니다.,https://www.zigbang.com/home/apt/items/49900960
2026-08-08 04:46:12,원룸,49933084,월세,01,경기도 평택시 청북읍 어연리,평택시,청북읍,300,40,0,19.38,5.86,5,2022 년 신축 풀 옵션 원룸 임대합니다.,https://www.zigbang.com/home/apt/items/49933084
2026-08-08 04:46:13,원룸,48116456,월세,02,충청남도 천안시 서북구 성환읍 성환리,천안시 서북구,성환읍,500,45,0,23.14,7.0,2,"성환읍, 신축급 원룸, 깔끔한 화이트톤",https://www.zigbang.com/home/apt/items/48116456
2026-08-08 04:46:13,원룸,49587048,월세,02,충청남도 천안시 서북구 성환읍 성환리,천안시 서북구,성환읍,300,43,0,24.5,7.41,4,ㅡ분리형 큰원룸ㅡ 주차장 학교 지하철 인근 교통 편의,https://www.zigbang.com/home/apt/items/49587048
2026-08-08 04:46:13,원룸,49660266,월세,02,충청남도 천안시 서북구 성환읍 성월리,천안시 서북구,성환읍,300,45,0,33.06,10.0,2,성환역도보8분 산축 풀옵션 원룸입니다,https://www.zigbang.com/home/apt/items/49660266
2026-08-08 04:46:13,원룸,49742244,월세,01,충청남도 천안시 서북구 성환읍 성환리,천안시 서북구,성환읍,100,28,0,20,6.05,2,성환역앞 편리한 위치입니다,https://www.zigbang.com/home/apt/items/49742244
2026-08-08 04:46:13,원룸,49932211,월세,02,충청남도 천안시 서북구 성환읍 성월리,천안시 서북구,성환읍,500,47,0,30,9.07,4,성환터미널 성환역 인접 신축 원룸입니다,https://www.zigbang.com/home/apt/items/49932211
2026-08-08 04:46:13,원룸,49951129,월세,02,충청남도 천안시 서북구 성환읍 성환리,천안시 서북구,성환읍,100,38,0,30,9.07,2,성환역앞 경제적인 분리형 원룸입니다,https://www.zigbang.com/home/apt/items/49951129
2026-08-08 04:46:13,원룸,49959875,전세,02,충청남도 천안시 서북구 성환읍 성환리,천안시 서북구,성환읍,6000,0,0,29.75,9.0,3,"월세가능,반전세협의전화,투룸전세도 있어요.",https://www.zigbang.com/home/apt/items/49959875
2026-08-08 04:46:13,원룸,49962711,월세,02,충청남도 천안시 서북구 성환읍 성환리,천안시 서북구,성환읍,50,28,0,10,3.02,3,성환역5분 경제적인 분리형원룸입니다,https://www.zigbang.com/home/apt/items/49962711
2026-08-08 04:46:13,원룸,49966000,월세,01,충청남도 천안시 서북구 성환읍 성환리,천안시 서북구,성환읍,300,43,0,21,6.35,3,보증금 저렴한 깔끔한 원룸으로 즉시입주 가능합니다.,https://www.zigbang.com/home/apt/items/49966000
2026-08-08 04:46:13,원룸,49981794,월세,02,경기도 평택시 지제동,평택시,지제동,4000,31,0,20.43,6.18,3,ꕻ고덕삼성1.5룸ꕻ지제역인근ꕻ고덕삼성도보출퇴근ꕻ즉시입주ꕻ,https://www.zigbang.com/home/apt/items/49981794
2026-08-08 04:46:13,원룸,49982939,월세,03,경기도 평택시 고덕동,평택시,고덕동,500,90,0,29.75,9.0,고,8월 17일 이후 입주 가능 전입가능,https://www.zigbang.com/home/apt/items/49982939
2026-08-08 04:46:13,원룸,49983438,월세,02,경기도 평택시 모곡동,평택시,모곡동,300,61,0,25,7.56,2,"㉧ 8월8일 확인매물 ㉧ 모곡동 넓고깔끔한원룸, 숙소환영",https://www.zigbang.com/home/apt/items/49983438
2026-08-08 04:46:13,원룸,49983493,월세,02,경기도 평택시 모곡동,평택시,모곡동,300,61,0,25,7.56,3,"㉧ 8월8일 확인매물 ㉧ 송탄산업단지 입구, 깔끔한원룸",https://www.zigbang.com/home/apt/items/49983493
2026-08-08 04:46:13,원룸,49983921,전세,01,경기도 평택시 장당동,평택시,장당동,13500,0,0,60.1,18.18,중,보증보험 가능 융자 상환조건  입주는 8월하순 입주 가능,https://www.zigbang.com/home/apt/items/49983921
2026-08-08 04:46:13,원룸,49983990,전세,01,경기도 평택시 장당동,평택시,장당동,13500,0,0,60.1,18.18,중,융자상환 조건 보증보험 가능 입주는 8월하순입니다.,https://www.zigbang.com/home/apt/items/49983990
2026-08-08 04:46:13,원룸,49984031,전세,01,경기도 평택시 장당동,평택시,장당동,13500,0,0,60.1,18.18,중,보증보험 가능 융자 상환조건  입주는 8월말입주 가능,https://www.zigbang.com/home/apt/items/49984031
2026-08-08 04:46:13,원룸,49984153,월세,02,경기도 평택시 장당동,평택시,장당동,500,95,0,85.9,25.98,고,즉시  입주 최저가 사업자 계약 서두르세요 요즘 귀해요,https://www.zigbang.com/home/apt/items/49984153
2026-08-08 04:46:13,원룸,49984536,월세,02,경기도 평택시 장당동,평택시,장당동,300,75,0,69.09,20.9,중,즉시입주 가능 월세  계속 오르고 있습니다. 사업자에요,https://www.zigbang.com/home/apt/items/49984536
2026-08-08 04:46:13,원룸,49984597,월세,02,경기도 평택시 모곡동,평택시,모곡동,300,39,0,23.8,7.2,3,ㅿ지제역인근ㅿ고덕삼성ㅿ산업단지ㅿ출퇴짱ㅿ1.5룸급큰방ㅿ,https://www.zigbang.com/home/apt/items/49984597
2026-08-08 04:46:13,원룸,49984838,월세,02,경기도 평택시 장당동,평택시,장당동,300,75,0,85.9,25.98,고,8월말 입주 최저가 사업자 계약 서두르세요 요즘 귀해요,https://www.zigbang.com/home/apt/items/49984838
2026-08-08 04:46:13,원룸,49985353,월세,01,경기도 평택시 장당동,평택시,장당동,500,75,0,60.1,18.18,저,복층 즉시 입주가능 공실 집보기 가능 전입가능 귀한물건,https://www.zigbang.com/home/apt/items/49985353
2026-08-08 04:46:13,원룸,49985368,월세,01,경기도 평택시 장당동,평택시,장당동,500,75,0,60.1,18.18,4,전입가능 중도 퇴실 협의 입주 가장 빠른 호실 복층이에요,https://www.zigbang.com/home/apt/items/49985368
2026-08-08 04:46:13,원룸,47965380,월세,02,충청남도 천안시 서북구 성환읍 성환리,천안시 서북구,성환읍,500,45,0,23.14,7.0,3,남서울대 성환역 신축급원룸,https://www.zigbang.com/home/apt/items/47965380
2026-08-08 04:46:13,원룸,49684721,월세,01,충청남도 천안시 서북구 성환읍 성월리,천안시 서북구,성환읍,200,34,0,26.45,8.0,4,풀옵션  깨끗하고 경제적인 원룸입니다,https://www.zigbang.com/home/apt/items/49684721
2026-08-08 04:46:13,원룸,49778823,월세,01,충청남도 천안시 서북구 성환읍 성환리,천안시 서북구,성환읍,500,43,0,33.06,10.0,4,"남서울대도보가능, 신축풀옵션",https://www.zigbang.com/home/apt/items/49778823
2026-08-08 04:46:13,원룸,49802698,월세,02,충청남도 천안시 서북구 성환읍 성월리,천안시 서북구,성환읍,300,42,0,26.44,8.0,2,성환터미날과 남대 사이 신축 원룸입니다,https://www.zigbang.com/home/apt/items/49802698
2026-08-08 04:46:13,원룸,49827442,월세,01,충청남도 천안시 서북구 성환읍 성월리,천안시 서북구,성환읍,200,37,0,33.06,10.0,2,학사촌 넓고 깨끗한 분리형 원룸입니다,https://www.zigbang.com/home/apt/items/49827442
2026-08-08 04:46:13,원룸,49912896,월세,02,충청남도 천안시 서북구 성환읍 성환리,천안시 서북구,성환읍,500,54,0,40,12.1,3,"남서울대, 성환역 인근 신축 투베이",https://www.zigbang.com/home/apt/items/49912896
2026-08-08 04:46:13,원룸,49925499,월세,01,충청남도 천안시 서북구 성환읍 성월리,천안시 서북구,성환읍,500,50,0,28.6,8.65,4,성환 남서울대학교 대로변 사거리 화이튼 신축 원룸,https://www.zigbang.com/home/apt/items/49925499
2026-08-08 04:46:13,원룸,49932202,월세,02,충청남도 천안시 서북구 성환읍 성월리,천안시 서북구,성환읍,200,30,0,20,6.05,3,학사촌 분리형 깨끗한 원룸입니다,https://www.zigbang.com/home/apt/items/49932202
2026-08-08 04:46:13,원룸,49959046,월세,01,충청남도 천안시 서북구 성환읍 성환리,천안시 서북구,성환읍,100,30,0,26.44,8.0,2,성환 터미널 도보 5분거리입니다,https://www.zigbang.com/home/apt/items/49959046
2026-08-08 04:46:13,원룸,49966031,월세,02,충청남도 천안시 서북구 성환읍 성월리,천안시 서북구,성환읍,300,40,0,21,6.35,3,"남서울대 정문까지8분이내,내부깔끔한 원룸입니다",https://www.zigbang.com/home/apt/items/49966031
2026-08-08 04:46:13,원룸,49966057,월세,01,충청남도 천안시 서북구 성환읍 성환리,천안시 서북구,성환읍,1500,41,0,21,6.35,2,남서울대생 환영합니다.깨끗한 신축원룸,https://www.zigbang.com/home/apt/items/49966057
2026-08-08 04:46:14,원룸,49776855,월세,02,충청남도 천안시 서북구 입장면 하장리,천안시 서북구,입장면,300,37,0,26.44,8.0,4,O입장에서 제일 큰 원룸 O,https://www.zigbang.com/home/apt/items/49776855
2026-08-08 04:46:14,원룸,49849392,월세,02,충청남도 천안시 서북구 입장면 독정리,천안시 서북구,입장면,500,33,0,29.75,9.0,2,입장면 교통편 위치 좋은 분리형 원룸 빠른 입주가능,https://www.zigbang.com/home/apt/items/49849392
2026-08-08 04:46:13,원룸,49983892,월세,01,경기도 평택시 이충동,평택시,이충동,300,60,0,38.98,11.79,10,ꘜ깨끗한신축ꘜ뷰좋은테라스ꘜ넓은오픈형ꘜ풀옵션ꘜ9월입주ꘜ,https://www.zigbang.com/home/apt/items/49983892
2026-08-08 04:46:13,원룸,49983903,월세,02,경기도 평택시 서정동,평택시,서정동,300,70,0,46.69,14.12,고,艹1.5룸艹풀옵션艹서정리역도보3분艹빠른입주艹깔끔한방艹저렴,https://www.zigbang.com/home/apt/items/49983903
2026-08-08 04:46:13,원룸,49983914,월세,01,경기도 평택시 지산동,평택시,지산동,100,50,0,39.08,11.82,고,十송탄역도보5분十빠른입주가능十초특가원룸오피스텔十풀옵션十,https://www.zigbang.com/home/apt/items/49983914
2026-08-08 04:46:13,원룸,49984229,월세,01,경기도 평택시 서정동,평택시,서정동,500,60,0,41.46,12.54,저,"서정리역세권 도생월세매물, 전입가능",https://www.zigbang.com/home/apt/items/49984229
2026-08-08 04:46:13,원룸,49985038,월세,02,경기도 평택시 서정동,평택시,서정동,300,24,0,19.83,6.0,1,착한가격의 원룸전세,https://www.zigbang.com/home/apt/items/49985038
2026-08-08 04:46:13,원룸,49985299,월세,01,경기도 평택시 지산동,평택시,지산동,200,50,0,33.06,10.0,14,ㅇ오늘입주ㅇ넓은방ㅇ,https://www.zigbang.com/home/apt/items/49985299
2026-08-08 04:46:13,원룸,49985352,월세,01,경기도 평택시 지산동,평택시,지산동,200,48,0,28.45,8.61,고,ㅇ신축급풀옵션ㅇ셔틀버스코앞ㅇ,https://www.zigbang.com/home/apt/items/49985352
2026-08-08 04:46:13,원룸,49985817,월세,02,경기도 평택시 지산동,평택시,지산동,200,51,0,22,6.65,5,㉧송탄역 도보3분 ㉧풀옵션 ㉧분리형 ㉧베란다 ㉧ ㉧,https://www.zigbang.com/home/apt/items/49985817
2026-08-08 04:46:15,원룸,49862759,월세,01,경기도 평택시 도일동,평택시,도일동,200,45,0,21,6.35,2,원룸 신축 풀옵션,https://www.zigbang.com/home/apt/items/49862759
2026-08-08 04:46:15,원룸,49937283,월세,02,경기도 평택시 도일동,평택시,도일동,500,65,0,36.2,10.95,2,투베이 공실 신축 첫입주,https://www.zigbang.com/home/apt/items/49937283
2026-08-08 04:46:14,원룸,49682783,월세,01,경기도 안성시 대덕면 내리,안성시,대덕면,200,46,0,20,6.05,4,0베란다0깔끔한 원룸.풀옵션0,https://www.zigbang.com/home/apt/items/49682783
2026-08-08 04:46:15,원룸,49721970,월세,01,경기도 안성시 원곡면 외가천리,안성시,원곡면,200,46,0,22,6.65,2,"㉧ 8월6일 확인매물 ㉧ 깔끔한 리모델링 원룸, 숙소환영",https://www.zigbang.com/home/apt/items/49721970
2026-08-08 04:46:15,원룸,49804013,월세,01,경기도 안성시 원곡면 외가천리,안성시,원곡면,200,46,0,20,6.05,2,"㉧ 8월6일 확인매물 ㉧ 깔끔한 리모델링원룸, 1인거주",https://www.zigbang.com/home/apt/items/49804013
2026-08-08 04:46:15,원룸,49934188,월세,02,경기도 평택시 용이동,평택시,용이동,300,45,0,24.14,7.3,3,하이닉스셔틀버스정류장도보8분원룸월세공원뷰,https://www.zigbang.com/home/apt/items/49934188
2026-08-08 04:46:15,원룸,49892112,전세,02,경기도 안성시 공도읍 마정리,안성시,공도읍,4500,0,0,40,12.1,2,"대림동산 공원 바로앞 분리형  방1, 거실1",https://www.zigbang.com/home/apt/items/49892112
2026-08-08 04:46:15,원룸,49892123,전세,02,경기도 안성시 공도읍 마정리,안성시,공도읍,7000,0,0,92.5,27.98,5,2룸에 욕실2개있는 저렴한 전세입니다,https://www.zigbang.com/home/apt/items/49892123
2026-08-08 04:46:15,원룸,49895007,전세,01,경기도 안성시 공도읍 마정리,안성시,공도읍,10000,0,0,100,30.25,4,방3개 화장실2개 중문 전망트임 엘리베이터 주차시설,https://www.zigbang.com/home/apt/items/49895007
2026-08-08 04:46:15,원룸,49946883,전세,02,경기도 안성시 공도읍 마정리,안성시,공도읍,6000,0,0,36.36,11.0,3,신축  풀옵션 넓고 깨끗한 투베이 전세입니다.,https://www.zigbang.com/home/apt/items/49946883
2026-08-08 04:46:15,원룸,49980218,월세,01,경기도 안성시 공도읍 마정리,안성시,공도읍,200,30,0,21,6.35,4,풀옵션  환기잘되는 깨끗한원룸.롯데마트 도보10분거리,https://www.zigbang.com/home/apt/items/49980218
2026-08-08 04:46:15,원룸,49919894,월세,03,경기도 안성시 신소현동,안성시,신소현동,1000,63,0,41.26,12.48,12,ꔚ9.28이후입주가능ꔚ신축원룸복층ꔚ도시형생활주택ꔚ,https://www.zigbang.com/home/apt/items/49919894
2026-08-08 04:46:15,원룸,49948859,월세,03,경기도 안성시 신소현동,안성시,신소현동,1000,59,0,19.83,6.0,7,"탑층원룸복층,기본옵션구비,9월중순입주",https://www.zigbang.com/home/apt/items/49948859
2026-08-08 04:46:15,원룸,49948889,월세,03,경기도 안성시 신소현동,안성시,신소현동,1000,59,0,19.83,6.0,5,"원룸복층,9월중순입주가능,주차시설좋음",https://www.zigbang.com/home/apt/items/49948889
2026-08-08 04:46:15,원룸,49948905,월세,03,경기도 안성시 신소현동,안성시,신소현동,1000,63,0,19.83,6.0,12,"8월말입주,기본옵션,주차시설좋음.2000.53가능",https://www.zigbang.com/home/apt/items/49948905
2026-08-08 04:46:15,원룸,49948913,월세,01,경기도 안성시 대덕면 내리,안성시,대덕면,5000,28,0,26.4,7.99,3,"8월10이후입주,주방분리형원룸,베란다,주차시설좋음,",https://www.zigbang.com/home/apt/items/49948913
2026-08-08 04:46:16,원룸,49630241,월세,01,경기도 화성시 효행구 정남면 문학리,화성시 효행구,정남면,2000,39,0,26.45,8.0,2,ㅁ신축원룸ㅁ주차편리ㅁ조용한원룸ㅁ,https://www.zigbang.com/home/apt/items/49630241
2026-08-08 04:46:16,원룸,49630297,월세,02,경기도 화성시 효행구 정남면 문학리,화성시 효행구,정남면,1000,55,0,39.67,12.0,4,신축1.8룸넓은테라스주차걱정NO보증금조절가능,https://www.zigbang.com/home/apt/items/49630297
2026-08-08 04:46:16,원룸,49668143,월세,02,경기도 화성시 효행구 정남면 문학리,화성시 효행구,정남면,500,60,0,39.67,12.0,4,1.5룸특급옵션월세넓은테라스주차편리,https://www.zigbang.com/home/apt/items/49668143
2026-08-08 04:46:16,원룸,49854753,월세,02,경기도 화성시 효행구 정남면 문학리,화성시 효행구,정남면,3000,45,0,39.67,12.0,4,ㅁ주차편리ㅁ신축1.5룸ㅁ특급옵션ㅁ,https://www.zigbang.com/home/apt/items/49854753
2026-08-08 04:46:16,원룸,49835229,월세,02,경기도 화성시 효행구 정남면 덕절리,화성시 효행구,정남면,2000,40,0,33.06,10.0,4,ꔪꔪ우리ꔪꔪ덕절리1.5룸ꔪꔪ8월만기ꔪꔪ,https://www.zigbang.com/home/apt/items/49835229
2026-08-08 04:46:16,원룸,49835332,월세,02,경기도 화성시 효행구 정남면 덕절리,화성시 효행구,정남면,3000,25,0,33,9.98,4,ꔪꔪ우리ꔪꔪ덕절리ꔪꔪ실매물ꔪꔪ,https://www.zigbang.com/home/apt/items/49835332
2026-08-08 04:46:16,원룸,49895985,월세,02,경기도 화성시 효행구 정남면 덕절리,화성시 효행구,정남면,500,45,0,25,7.56,3,ꔪꔪ우리ꔪꔪ분리형원룸ꔪꔪ실매물ꔪꔪ,https://www.zigbang.com/home/apt/items/49895985
2026-08-08 04:46:16,원룸,49794117,월세,01,경기도 오산시 가장동,오산시,가장동,500,50,0,27,8.17,2,ㅣH허브Hㅣꯁㅣ가.장.산.단ㅣꯁㅣ신.축.큰.방ㅣꯁㅣ주.차ㅣ,https://www.zigbang.com/home/apt/items/49794117
2026-08-08 04:46:16,원룸,49794238,월세,01,경기도 오산시 가장동,오산시,가장동,500,48,0,25.1,7.59,2,ㅣH허브Hㅣ꩜원룸 맛집꩜十무.조.건.주.차.十ㅣ허위Noㅣ,https://www.zigbang.com/home/apt/items/49794238
2026-08-08 04:46:16,원룸,49898076,월세,01,경기도 오산시 가장동,오산시,가장동,500,62,0,19.99,6.05,2,ll가장산업단지 인근 풀옵션원룸ll 즉시입주 가능,https://www.zigbang.com/home/apt/items/49898076
2026-08-08 04:46:16,원룸,49952273,월세,01,경기도 오산시 가장동,오산시,가장동,500,44,0,26.45,8.0,4,ll한신ll 가장산업단지 l 통1.5룸 l 풀옵션,https://www.zigbang.com/home/apt/items/49952273
2026-08-08 04:46:16,원룸,49953360,월세,01,경기도 오산시 가장동,오산시,가장동,500,53,0,27,8.17,2,ꔚ 황제 ꔚ 신축 풀옵션 ꔚ 전용주차,https://www.zigbang.com/home/apt/items/49953360
2026-08-08 04:46:16,원룸,49966437,월세,01,경기도 오산시 가장동,오산시,가장동,500,48,0,30,9.07,3,ㅣo믿음oㅣꕻㅣ가장동대장신축ㅣꕻㅣ.풀옵션.ㅣꕻㅣ,https://www.zigbang.com/home/apt/items/49966437
2026-08-08 04:46:03,원룸,49922271,월세,01,충청남도 천안시 서북구 백석동,천안시 서북구,백석동,100,25,0,20,6.05,1,I 백석동 가성비최고 풀옵션 원룸 I 이외 원룸 매물 多,https://www.zigbang.com/home/apt/items/49922271
2026-08-08 04:46:03,원룸,49923538,월세,01,충청남도 천안시 서북구 백석동,천안시 서북구,백석동,200,21,0,24,7.26,3,백석 요양병원 인근 가성비,https://www.zigbang.com/home/apt/items/49923538
2026-08-08 04:46:03,원룸,49936694,월세,01,충청남도 천안시 서북구 백석동,천안시 서북구,백석동,100,25,0,23.14,7.0,4,ㅁ초저렴원룸ㅁ불당동가까운위치ㅁ단기도가능ㅁ보증금조절가능ㅁ,https://www.zigbang.com/home/apt/items/49936694
2026-08-08 04:46:03,원룸,49936827,월세,01,충청남도 천안시 서북구 백석동,천안시 서북구,백석동,100,24,0,20,6.05,2,I원룸 매물 多I 새 가전 주는 가성비 혜자 원룸 I,https://www.zigbang.com/home/apt/items/49936827
2026-08-08 04:46:03,원룸,49940374,월세,02,충청남도 천안시 서북구 백석동,천안시 서북구,백석동,200,24,0,30,9.07,3,주방 분리형 깔끔한 원룸ㅣ귀한 백석동 가성비 원룸,https://www.zigbang.com/home/apt/items/49940374
2026-08-08 04:46:03,원룸,49945065,월세,02,충청남도 천안시 서북구 성정동,천안시 서북구,성정동,1000,50,0,45,13.61,4,준신축급 분리형 투베이 화이트디자인 깔끔스타일 주차굿 즉시,https://www.zigbang.com/home/apt/items/49945065
2026-08-08 04:46:03,원룸,49961043,월세,02,충청남도 천안시 서북구 성정동,천안시 서북구,성정동,200,28,0,26.45,8.0,5,보증금100만원.6개월 가능.수납공간 좋은 깔끔한 원룸,https://www.zigbang.com/home/apt/items/49961043
2026-08-08 04:46:03,원룸,49961164,월세,01,충청남도 천안시 서북구 백석동,천안시 서북구,백석동,200,21,0,19.83,6.0,5,백석동최저가상큼한오렌지빛원룸,https://www.zigbang.com/home/apt/items/49961164
2026-08-08 04:46:03,원룸,49961177,월세,02,충청남도 천안시 서북구 성정동,천안시 서북구,성정동,200,25,0,23.14,7.0,3,"실매물 분리형,베란다,주차장,엘베",https://www.zigbang.com/home/apt/items/49961177
2026-08-08 04:46:03,원룸,49965361,월세,02,충청남도 천안시 서북구 백석동,천안시 서북구,백석동,400,45,0,35,10.59,2,ㅁ백석 현대A인근 화이트톤 오픈형 투베이ㅁ,https://www.zigbang.com/home/apt/items/49965361
2026-08-08 04:46:03,원룸,49966516,월세,02,충청남도 천안시 서북구 성정동,천안시 서북구,성정동,1000,55,0,24.8,7.5,4,신축급 거실넓은 분리형투베이 즉시입주,https://www.zigbang.com/home/apt/items/49966516
2026-08-08 04:46:03,원룸,49967206,월세,04,충청남도 천안시 서북구 백석동,천안시 서북구,백석동,7000,10,0,70.21,21.24,7,빠른입주 버팀목 보증금대출 보증보험 투룸 풀옵션,https://www.zigbang.com/home/apt/items/49967206
2026-08-08 04:46:03,원룸,49973518,월세,01,충청남도 천안시 서북구 성정동,천안시 서북구,성정동,500,38,0,28,8.47,2,ㅁ구상골사거리인근ㅁ신축ㅁ주방분리형ㅁ,https://www.zigbang.com/home/apt/items/49973518
2026-08-08 04:46:17,원룸,49984795,월세,01,경기도 수원시 권선구 서둔동,수원시 권선구,서둔동,500,57,0,64.39,19.48,고,㉧저렴한월세 오피스텔 ㉧주차편함. 수원역도보가능.풀옵션,https://www.zigbang.com/home/apt/items/49984795
2026-08-08 04:46:17,원룸,49985654,월세,01,경기도 화성시 효행구 기안동,화성시 효행구,기안동,500,50,0,33,9.98,3,압도적 평수 버스정류장 도보 1분 답답함 제로 원룸,https://www.zigbang.com/home/apt/items/49985654
2026-08-08 04:46:18,원룸,49980209,월세,01,경기도 오산시 고현동,오산시,고현동,300,40,0,19.83,6.0,3,ㅏACEㅓ 1룸ꗄ풀옵션ꗄLG디지털단지인근ꗄ주차편리ꗄ즉시입주,https://www.zigbang.com/home/apt/items/49980209
2026-08-08 04:46:19,원룸,49981782,월세,01,경기도 용인시 처인구 남사읍 봉무리,용인시 처인구,남사읍,500,55,0,23.2,7.02,1,ㅇ즉시 입주ㅇ주차ㅇ풀옵션ㅇ신축급 넓은 원룸ㅇ베란다ㅇ,https://www.zigbang.com/home/apt/items/49981782
2026-08-08 04:46:20,원룸,49750321,월세,02,경기도 용인시 기흥구 상갈동,용인시 기흥구,상갈동,300,32,0,23.14,7.0,반지하,"올수리,.1층같은 반지층.상갈역 5분.",https://www.zigbang.com/home/apt/items/49750321
2026-08-08 04:46:20,원룸,49752886,월세,01,경기도 용인시 기흥구 상갈동,용인시 기흥구,상갈동,500,30,0,23.14,7.0,4,"앞트여 환함,깔끔하게입주준비해드려요..상갈역3분,",https://www.zigbang.com/home/apt/items/49752886
2026-08-08 04:46:20,원룸,49775121,월세,02,경기도 용인시 기흥구 보라동,용인시 기흥구,보라동,500,50,0,25.45,7.7,2,깔끔하고 방이 정말 넓은 분리형 원룸입니다.,https://www.zigbang.com/home/apt/items/49775121
2026-08-08 04:46:20,원룸,49775123,월세,01,경기도 용인시 기흥구 보라동,용인시 기흥구,보라동,2000,25,0,18,5.44,3,즉시입주가능 저렴한 원룸입니다.,https://www.zigbang.com/home/apt/items/49775123
2026-08-08 04:46:20,원룸,49816635,월세,02,경기도 용인시 기흥구 상갈동,용인시 기흥구,상갈동,1000,40,0,26.45,8.0,3,"전세7000가능,분리형 원룸.상갈역6분거리.",https://www.zigbang.com/home/apt/items/49816635
2026-08-08 04:46:20,원룸,49831034,월세,02,경기도 용인시 기흥구 보라동,용인시 기흥구,보라동,4200,15,0,23.14,7.0,3,"엘베있는 분리형.교통,주차편리.",https://www.zigbang.com/home/apt/items/49831034
2026-08-08 04:46:20,원룸,49853869,월세,01,경기도 용인시 기흥구 보라동,용인시 기흥구,보라동,500,45,0,25,7.56,2,넓고 깨끗한 남향원룸입니다.,https://www.zigbang.com/home/apt/items/49853869
2026-08-08 04:46:20,원룸,49862113,월세,02,경기도 용인시 기흥구 공세동,용인시 기흥구,공세동,4000,45,0,25,7.56,3,ㅁ청년ㅁ 신축느낌 1.5룸 I 빠른입주 I 주차OK,https://www.zigbang.com/home/apt/items/49862113
2026-08-08 04:46:20,원룸,49886586,월세,01,경기도 용인시 기흥구 상갈동,용인시 기흥구,상갈동,300,36,0,23.14,7.0,2,햇살좋은 베란다넓은집.500에34가능 상갈역5분,https://www.zigbang.com/home/apt/items/49886586
2026-08-08 04:46:20,원룸,49894225,월세,02,경기도 용인시 기흥구 보라동,용인시 기흥구,보라동,500,50,0,27,8.17,1,해가 잘드는 남향1.5룸입니다.,https://www.zigbang.com/home/apt/items/49894225
2026-08-08 04:46:20,원룸,49894485,월세,02,경기도 용인시 기흥구 보라동,용인시 기흥구,보라동,300,32,0,23.14,7.0,3,앞트여있어 환한집입니다.,https://www.zigbang.com/home/apt/items/49894485
2026-08-08 04:46:20,원룸,49940976,월세,02,경기도 용인시 기흥구 상갈동,용인시 기흥구,상갈동,500,50,0,33.06,10.0,반지하,완벽한올수리.옵션최상으로 편리한이사,https://www.zigbang.com/home/apt/items/49940976
2026-08-08 04:46:20,원룸,49984526,월세,01,경기도 용인시 기흥구 상갈동,용인시 기흥구,상갈동,300,37,0,23.14,7.0,3,가성비최상.상갈역5분,https://www.zigbang.com/home/apt/items/49984526
2026-08-08 04:46:20,원룸,49985588,월세,02,경기도 용인시 기흥구 상갈동,용인시 기흥구,상갈동,500,37,0,26,7.86,3,올수리. 분리형원룸.상갈역5분,https://www.zigbang.com/home/apt/items/49985588
2026-08-08 04:46:20,원룸,49986028,월세,02,경기도 용인시 기흥구 상갈동,용인시 기흥구,상갈동,300,45,0,26.45,8.0,2,넉넉한사이즈..위치 구조 가격  옵션최상.,https://www.zigbang.com/home/apt/items/49986028
2026-08-08 04:46:20,원룸,49786283,월세,01,경기도 용인시 기흥구 중동,용인시 기흥구,중동,2500,45,0,29.75,9.0,8,초당역앞 풀옵션 오피스텔 임대,https://www.zigbang.com/home/apt/items/49786283
2026-08-08 04:46:20,원룸,49786327,월세,01,경기도 용인시 기흥구 중동,용인시 기흥구,중동,1500,50,0,29.75,9.0,3,초당역앞 풀옵션 오피스텔,https://www.zigbang.com/home/apt/items/49786327
2026-08-08 04:46:20,원룸,49854830,월세,01,경기도 용인시 기흥구 중동,용인시 기흥구,중동,2000,47,0,22.27,6.74,고,전입ok 확정일자ok 채광 좋은 남서향,https://www.zigbang.com/home/apt/items/49854830
2026-08-08 04:46:20,원룸,49860645,월세,01,경기도 용인시 기흥구 중동,용인시 기흥구,중동,500,48,0,17.46,5.28,3,전입OK 신축급 컨디션 빠른입주협의,https://www.zigbang.com/home/apt/items/49860645
2026-08-08 04:46:20,원룸,49942086,월세,02,경기도 용인시 처인구 이동읍 천리,용인시 처인구,이동읍,700,66,0,29.75,9.0,3,"주차가 편한 넓은 원룸, SK셔틀 집앞",https://www.zigbang.com/home/apt/items/49942086
2026-08-08 04:46:21,원룸,49978360,전세,02,세종시 조치원읍 남리,,조치원읍,4000,0,0,26,7.86,4,8평. 안전한 전세. 인프라좋아요,https://www.zigbang.com/home/apt/items/49978360
2026-08-08 04:46:21,원룸,49979333,전세,02,세종시 조치원읍 침산리,,조치원읍,3500,0,0,29,8.77,3,귀한 투베이 전세. 전자제품 풀옵션. 남향. 즉시입주,https://www.zigbang.com/home/apt/items/49979333
2026-08-08 04:46:21,원룸,49982194,월세,02,세종시 연서면 봉암리,,연서면,200,30,0,24,7.26,2,깔끔한 풀옵션완비방 단기가능 세종청사10분  바로입주,https://www.zigbang.com/home/apt/items/49982194
2026-08-08 04:46:21,원룸,49982297,월세,02,세종시 연서면 봉암리,,연서면,200,30,0,25,7.56,3,빅사이즈 풀옵션 완비방 짐만 챙겨오세요  주차편함 단기가능,https://www.zigbang.com/home/apt/items/49982297
2026-08-08 04:46:21,원룸,49982378,월세,01,세종시 연서면 봉암리,,연서면,200,31,0,24,7.26,4,맘에 쏙드는방  풀옵션완비 깔끔한 주방분리형 정류장1분,https://www.zigbang.com/home/apt/items/49982378
2026-08-08 04:46:21,원룸,49982408,월세,02,세종시 연서면 봉암리,,연서면,300,41,0,36.67,11.09,2,가성비좋은 1.5룸  풀옵션완비  짐만가져오세요 바로입주,https://www.zigbang.com/home/apt/items/49982408
2026-08-08 04:46:21,원룸,49983063,월세,02,세종시 조치원읍 침산리,,조치원읍,200,31,0,25,7.56,3,문화예술 회관인근.분리형 1룸.즉시입주가능,https://www.zigbang.com/home/apt/items/49983063
2026-08-08 04:46:21,원룸,49984769,월세,02,세종시 조치원읍 침산리,,조치원읍,200,31,0,25,7.56,2,분리형.침산리하천변.조용하고.깔끔한집.연세도 가능.,https://www.zigbang.com/home/apt/items/49984769
2026-08-08 04:46:23,원룸,49816946,월세,01,충청북도 청주시 흥덕구 강내면 월탄리,청주시 흥덕구,강내면,200,20,0,21,6.35,3,"ll 단기가능 ll 즉시입주,풀옵션,주차가능",https://www.zigbang.com/home/apt/items/49816946
2026-08-08 04:46:23,원룸,49831352,월세,02,충청북도 청주시 흥덕구 강내면 월곡리,청주시 흥덕구,강내면,300,35,0,29,8.77,3,"큰원룸 친구랑 같이 큰원룸, 학생 환영, 직장인 환영",https://www.zigbang.com/home/apt/items/49831352
2026-08-08 04:46:23,원룸,49843068,월세,02,충청북도 청주시 흥덕구 강내면 월곡리,청주시 흥덕구,강내면,1500,18,0,24,7.26,1,"충청대 정문앞, 오송, 청주, 오창, 직장인 출퇴근 최적",https://www.zigbang.com/home/apt/items/49843068
2026-08-08 04:46:23,원룸,49875258,월세,02,충청북도 청주시 흥덕구 강내면 월곡리,청주시 흥덕구,강내면,300,30,0,24,7.26,3,"최신트랜드 정남향 원룸, 충청대 후문위치, 오송, 오창인접",https://www.zigbang.com/home/apt/items/49875258
2026-08-08 04:46:23,원룸,49946833,월세,01,충청북도 청주시 흥덕구 강내면 월탄리,청주시 흥덕구,강내면,200,20,0,21,6.35,3,"ll 채광가득 ll 단기가능,풀옵션,주차가능,학생강추",https://www.zigbang.com/home/apt/items/49946833
2026-08-08 04:46:23,원룸,49979274,월세,02,충청북도 청주시 흥덕구 강내면 월탄리,청주시 흥덕구,강내면,300,35,0,27.81,8.41,2,"ll 신축첫입주,단기가능 ll 투베이,풀옵션,주차가능",https://www.zigbang.com/home/apt/items/49979274
2026-08-08 04:46:23,원룸,49731208,월세,02,충청남도 천안시 동남구 수신면 속창리,천안시 동남구,수신면,100,28,0,28,8.47,3,NEW 속창리 원룸,https://www.zigbang.com/home/apt/items/49731208
2026-08-08 04:46:23,원룸,49834913,월세,02,충청남도 천안시 동남구 수신면 속창리,천안시 동남구,수신면,300,38,0,45,13.61,3,깔끔한 분리형 투베이 즉시입주가능 합니다.,https://www.zigbang.com/home/apt/items/49834913
2026-08-08 04:46:29,원룸,49629199,월세,01,충청북도 청주시 청원구 오창읍 창리,청주시 청원구,오창읍,500,40,0,29.75,9.0,2,오창 2산단 신축급 추천 풀옵션 엘리베이터,https://www.zigbang.com/home/apt/items/49629199
2026-08-08 04:46:29,원룸,49663631,월세,01,충청북도 청주시 청원구 오창읍 주성리,청주시 청원구,오창읍,300,28,0,29.75,9.0,2,오창 2산단 신축급 저렴하고 넓은 원룸,https://www.zigbang.com/home/apt/items/49663631
2026-08-08 04:46:29,원룸,49785448,월세,01,충청북도 청주시 청원구 오창읍 창리,청주시 청원구,오창읍,500,40,0,23.6,7.14,3,귀한 신축원룸 놓치면 안돼요 ㅠ0ㅠ,https://www.zigbang.com/home/apt/items/49785448
2026-08-08 04:46:29,원룸,49825234,월세,02,충청북도 청주시 청원구 오창읍 주성리,청주시 청원구,오창읍,1000,30,0,40,12.1,2,Lg엔솔 도보 5분초가성비 준신축 고품격 투베이.황금매물,https://www.zigbang.com/home/apt/items/49825234
2026-08-08 04:46:29,원룸,49858634,월세,02,충청북도 청주시 청원구 오창읍 창리,청주시 청원구,오창읍,500,40,0,21.38,6.47,2,2산단 1등 V 오피스텔형 신축 풀옵션 원룸 V 컨디션최고,https://www.zigbang.com/home/apt/items/49858634
2026-08-08 04:46:29,원룸,49905986,월세,01,충청북도 청주시 청원구 오창읍 주성리,청주시 청원구,오창읍,300,35,0,19.82,6.0,3,"넓고 깔끔한 원룸 l 엘베, 채광 YES",https://www.zigbang.com/home/apt/items/49905986
2026-08-08 04:46:29,원룸,49929023,월세,01,충청북도 청주시 청원구 오창읍 주성리,청주시 청원구,오창읍,300,36,0,29.75,9.0,2,lll 엘베 lll 빌트인오피스텔형원룸 lll,https://www.zigbang.com/home/apt/items/49929023
2026-08-08 04:46:29,원룸,49944092,월세,01,충청북도 청주시 청원구 오창읍 주성리,청주시 청원구,오창읍,300,31,0,29.75,9.0,3,lll 2산단 lll 신축원룸 lll,https://www.zigbang.com/home/apt/items/49944092
2026-08-08 04:46:29,원룸,49965789,월세,01,충청북도 청주시 청원구 오창읍 송대리,청주시 청원구,오창읍,200,45,0,26.45,8.0,19,ll 귀한고층월세 ll,https://www.zigbang.com/home/apt/items/49965789
2026-08-08 04:46:29,원룸,49965799,월세,01,충청북도 청주시 청원구 오창읍 송대리,청주시 청원구,오창읍,200,45,0,26.45,8.0,13,ll 고층뻥뷰매물 ll 즉시입주호실 ll,https://www.zigbang.com/home/apt/items/49965799
2026-08-08 04:46:29,원룸,49965805,월세,01,충청북도 청주시 청원구 오창읍 송대리,청주시 청원구,오창읍,200,45,0,26.45,8.0,7,ll  당일입주 ll 귀한월세 ll,https://www.zigbang.com/home/apt/items/49965805
2026-08-08 04:46:29,원룸,49965814,월세,01,충청북도 청주시 청원구 오창읍 송대리,청주시 청원구,오창읍,200,45,0,26.45,8.0,고,ll 고층뻥뷰 ll 즉시입주 ll,https://www.zigbang.com/home/apt/items/49965814
2026-08-08 04:46:29,원룸,49972696,월세,02,충청북도 청주시 청원구 오창읍 주성리,청주시 청원구,오창읍,500,38,0,40,12.1,2,오창 2산단주성리 풀옵션 투베이,https://www.zigbang.com/home/apt/items/49972696
2026-08-08 04:46:29,원룸,49980916,월세,01,충청북도 청주시 청원구 오창읍 송대리,청주시 청원구,오창읍,200,45,0,26.45,8.0,중,ll 최저가월세  ll 즉시입주 ll,https://www.zigbang.com/home/apt/items/49980916
2026-08-08 04:46:29,원룸,49981740,월세,01,충청북도 청주시 청원구 오창읍 주성리,청주시 청원구,오창읍,1000,25,0,30,9.07,3,엘베.엘지엔솔 도보3분 .침대.남향 .,https://www.zigbang.com/home/apt/items/49981740
2026-08-08 04:46:33,원룸,49759455,월세,02,충청남도 천안시 동남구 병천면 가전리,천안시 동남구,병천면,100,30,0,26.45,8.0,3,한기대 인근 가성비 아주좋은 주차장 널널 인터넷까지,https://www.zigbang.com/home/apt/items/49759455
2026-08-08 04:46:34,원룸,49900769,월세,01,충청북도 진천군 진천읍 장관리,진천군,진천읍,500,38,0,22.81,6.9,4,"번화가보다  아파트 단지 근처에 있어요,",https://www.zigbang.com/home/apt/items/49900769
2026-08-08 04:46:34,원룸,49884104,월세,02,충청북도 진천군 진천읍 교성리,진천군,진천읍,500,35,0,27,8.17,2,진천군청 앞 엘베有 테라스가 있는 신축급 투베이,https://www.zigbang.com/home/apt/items/49884104
2026-08-08 04:46:34,원룸,49900778,월세,01,충청북도 진천군 진천읍 교성리,진천군,진천읍,300,32,0,17,5.14,2,"우석대, 군청, 진천어린이집 인근 원룸이에요",https://www.zigbang.com/home/apt/items/49900778
2026-08-08 04:46:34,원룸,49922712,월세,02,충청북도 진천군 진천읍 교성리,진천군,진천읍,500,35,0,18.79,5.68,2,읍사무소 인근에 있는 분리형 원룸입니다.,https://www.zigbang.com/home/apt/items/49922712
2026-08-08 04:46:34,원룸,49957622,월세,01,충청북도 진천군 진천읍 교성리,진천군,진천읍,300,44,0,26.45,8.0,4,우석대 정문 근처 에 있는  도시가스되는 신축원룸입니다.,https://www.zigbang.com/home/apt/items/49957622
2026-08-08 04:46:35,원룸,49403045,월세,02,충청북도 증평군 증평읍 증평리,증평군,증평읍,300,30,0,33.06,10.0,2,"시내권 풀옵션 원룸ㅣ엘베완비ㅣ증평역1분, 터미널10분컷",https://www.zigbang.com/home/apt/items/49403045
2026-08-08 04:46:35,원룸,49760317,월세,01,충청북도 증평군 증평읍 증평리,증평군,증평읍,300,32,0,33.06,10.0,3,시내인근ㅣ원룸월세ㅣ풀옵션 엘베완비ㅣ증평역.석미APT인근,https://www.zigbang.com/home/apt/items/49760317
2026-08-08 04:46:35,원룸,49900733,월세,01,충청북도 진천군 진천읍 교성리,진천군,진천읍,300,38,0,16.53,5.0,2,"우석대, 화랑공원인근 있어요",https://www.zigbang.com/home/apt/items/49900733
2026-08-08 04:46:35,원룸,49900740,월세,01,충청북도 진천군 진천읍 교성리,진천군,진천읍,500,37,0,15.2,4.6,2,"우석대, 성당인근 도시가스되며, 엘레베이터 있는 원룸입니다",https://www.zigbang.com/home/apt/items/49900740
2026-08-08 04:46:35,원룸,49900783,월세,02,충청북도 진천군 진천읍 신정리,진천군,진천읍,300,30,0,19.83,6.0,2,우석대 인근 원룸입니다.,https://www.zigbang.com/home/apt/items/49900783
2026-08-08 04:46:35,원룸,49900829,월세,01,충청북도 진천군 진천읍 신정리,진천군,진천읍,500,34,0,15.37,4.65,2,진천고등학교 인근 에 있는 베란다 분리된 원룸입니다.,https://www.zigbang.com/home/apt/items/49900829
2026-08-08 04:46:35,원룸,49900839,월세,02,충청북도 진천군 진천읍 교성리,진천군,진천읍,300,35,0,16.53,5.0,2,"우석대, 성당 인근 원룸입니다.",https://www.zigbang.com/home/apt/items/49900839
2026-08-08 04:46:35,원룸,49701299,월세,01,충청북도 증평군 증평읍 송산리,증평군,증평읍,300,40,0,30,9.07,2,조용하니 살기 좋은 깔끔한 원룸입니다.,https://www.zigbang.com/home/apt/items/49701299
2026-08-08 04:46:35,원룸,49800769,월세,02,충청북도 증평군 증평읍 증평리,증평군,증평읍,300,35,0,24,7.26,3,증평초중고 재래시장 군청의원등도보가능한 원룸,https://www.zigbang.com/home/apt/items/49800769
2026-08-08 04:46:35,원룸,49803451,월세,01,충청북도 증평군 증평읍 송산리,증평군,증평읍,300,30,0,33.9,10.25,3,"문의 많은 송산리 원룸ㅣ넓고 환한 화이트톤, 보강천뷰까지",https://www.zigbang.com/home/apt/items/49803451
2026-08-08 04:46:35,원룸,49945078,월세,02,충청북도 증평군 증평읍 송산리,증평군,증평읍,500,65,0,55,16.64,3,바로입주 가능한 아주 깔끔한 투룸 입니다.,https://www.zigbang.com/home/apt/items/49945078
2026-08-08 04:46:35,원룸,49876584,월세,02,충청북도 진천군 덕산읍 산수리,진천군,덕산읍,200,28,0,23.14,7.0,4,"도배새로  풀 옵션,",https://www.zigbang.com/home/apt/items/49876584
2026-08-08 04:46:35,원룸,49876610,월세,02,충청북도 진천군 덕산읍 산수리,진천군,덕산읍,200,35,0,39.67,12.0,3,산단안 풀옵션3층,https://www.zigbang.com/home/apt/items/49876610
2026-08-08 04:46:35,원룸,49930058,월세,02,충청북도 진천군 덕산읍 산수리,진천군,덕산읍,200,28,0,26.45,8.0,2,"산단안 풀 옵션 원룸 주차 편리, 침대무",https://www.zigbang.com/home/apt/items/49930058
2026-08-08 04:46:35,원룸,49930214,월세,02,충청북도 진천군 덕산읍 산수리,진천군,덕산읍,200,30,0,23.14,7.0,2,산단안 풀 옵션 원룸,https://www.zigbang.com/home/apt/items/49930214
2026-08-08 04:46:35,원룸,49978186,월세,02,충청북도 진천군 이월면 중산리,진천군,이월면,300,32,0,26.45,8.0,2,대형주차 편리하며 엘베유 조용.1.룸 환해요,https://www.zigbang.com/home/apt/items/49978186
2026-08-08 04:46:36,원룸,49716003,월세,01,충청북도 음성군 맹동면 두성리,음성군,맹동면,500,55,0,55.17,16.69,6,발코니 및어닝설치  추천  남향 제일선호 침대o 전입신고x,https://www.zigbang.com/home/apt/items/49716003
2026-08-08 04:46:36,원룸,49767953,월세,01,충청북도 음성군 맹동면 두성리,음성군,맹동면,300,50,0,36.06,10.91,8,신축으로  첫입주 동향 . 1층 2층 주차장 단기임대가능,https://www.zigbang.com/home/apt/items/49767953
2026-08-08 04:46:36,원룸,49838060,월세,02,충청북도 음성군 맹동면 두성리,음성군,맹동면,1500,17,0,26,7.86,1,유촌산단 인근 신축 넓은 원룸 풀옵션  반전세 월세가능,https://www.zigbang.com/home/apt/items/49838060
2026-08-08 04:46:36,원룸,49939594,월세,01,충청북도 진천군 덕산읍 두촌리,진천군,덕산읍,300,35,0,23,6.96,2,쉐어룸 입니다 여성분만 가능하세요  반려동물및 흡연금지,https://www.zigbang.com/home/apt/items/49939594
2026-08-08 04:46:36,원룸,49949034,월세,01,충청북도 음성군 맹동면 두성리,음성군,맹동면,300,50,0,36.05,10.91,8,신축  인기 많은  매물  중심 상권 인접,https://www.zigbang.com/home/apt/items/49949034
2026-08-08 04:46:36,원룸,49949285,월세,01,충청북도 음성군 맹동면 두성리,음성군,맹동면,300,50,0,36.54,11.05,4,위치  한국소지바원 바로 뒤 위치,https://www.zigbang.com/home/apt/items/49949285
2026-08-08 04:46:36,원룸,49954415,월세,02,충청북도 음성군 맹동면 두성리,음성군,맹동면,300,45,0,36.05,10.91,2,주변 상권 풍부  터미널 인접   급매물,https://www.zigbang.com/home/apt/items/49954415
2026-08-08 04:46:36,원룸,49974722,월세,01,충청북도 음성군 맹동면 두성리,음성군,맹동면,300,45,0,36.05,10.91,7,넓고 쾌적하고 조용 합니다  도시가스 급매물,https://www.zigbang.com/home/apt/items/49974722
2026-08-08 04:46:40,원룸,49844548,월세,02,충청북도 진천군 광혜원면 죽현리,진천군,광혜원면,500,33,0,23.14,7.0,2,신축 농공단지 인접 엘베OK,https://www.zigbang.com/home/apt/items/49844548
2026-08-08 04:46:40,원룸,49951666,월세,02,충청북도 진천군 이월면 송림리,진천군,이월면,500,46,0,36.36,11.0,4,진천테크노폴리스 인근 신축 투베이 1.5룸 풀옵션,https://www.zigbang.com/home/apt/items/49951666
2026-08-08 04:46:40,원룸,49691471,월세,01,경기도 안성시 구포동,안성시,구포동,500,60,0,26.44,8.0,1,ꔚ구포동ꔚ풀옵션 원룸ꔚ,https://www.zigbang.com/home/apt/items/49691471
2026-08-08 04:46:40,원룸,49738606,월세,01,경기도 안성시 구포동,안성시,구포동,500,60,0,21.82,6.6,1,"O우리O 시내 구포동, 풀옵션 원룸 1층",https://www.zigbang.com/home/apt/items/49738606
2026-08-08 04:46:40,원룸,49849708,전세,01,경기도 안성시 명륜동,안성시,명륜동,5000,0,0,23.2,7.02,2,ꔚ명륜동ꔚ원룸전세ꔚ방넓고 깔끔해요ꔚ,https://www.zigbang.com/home/apt/items/49849708
2026-08-08 04:46:40,원룸,49876523,전세,02,경기도 안성시 도기동,안성시,도기동,7000,0,0,49.6,15.0,4,O우리O 인지사거리 인근 안성천변 풀옵션 1.5룸 전세,https://www.zigbang.com/home/apt/items/49876523
2026-08-08 04:46:40,원룸,49925954,월세,01,경기도 안성시 명륜동,안성시,명륜동,300,42,0,23.14,7.0,3,"O우리O 안법고 안성초 인근 풀옵션 원룸, 9월초 입주가능",https://www.zigbang.com/home/apt/items/49925954
2026-08-08 04:46:40,원룸,49935049,월세,01,경기도 안성시 도기동,안성시,도기동,300,50,0,23,6.96,2,9.7이후입주가능ꔚ도기동 안성천뷰 원룸ꔚꔚ,https://www.zigbang.com/home/apt/items/49935049
2026-08-08 04:46:41,원룸,49793658,월세,02,충청북도 음성군 대소읍 오류리,음성군,대소읍,300,33,0,24.5,7.41,2,저렴하면서 채광좋은.풀옵션원룸.대풍물류단지.대풍산단인근위치,https://www.zigbang.com/home/apt/items/49793658
2026-08-08 04:46:41,원룸,49845007,월세,01,충청북도 음성군 대소읍 오류리,음성군,대소읍,300,30,0,25,7.56,4,대소 유통단지 인근 풀옵션 원룸 즉시입주가능,https://www.zigbang.com/home/apt/items/49845007
2026-08-08 04:46:41,원룸,49925676,월세,02,충청북도 음성군 대소읍 오류리,음성군,대소읍,300,33,0,27,8.17,3,넓은분리형 원룸.퀸사이즈 침대도 문제 없어요,https://www.zigbang.com/home/apt/items/49925676
2026-08-08 04:46:41,원룸,49926218,월세,01,충청북도 음성군 대소읍 오류리,음성군,대소읍,300,30,0,18,5.44,3,깔끔하고.저렴한.원룸월세.음성물류단지 앞,https://www.zigbang.com/home/apt/items/49926218
2026-08-08 04:46:41,원룸,49947569,월세,01,충청북도 음성군 대소읍 오류리,음성군,대소읍,200,28,0,20,6.05,4,대소 유통단지 인근 풀옵션 원룸,https://www.zigbang.com/home/apt/items/49947569
2026-08-08 04:46:41,원룸,49950937,월세,01,충청북도 음성군 대소읍 오류리,음성군,대소읍,300,30,0,18.18,5.5,4,저렴하면서 깔끔한 가성비높은 EV있는 풀옵션원룸,https://www.zigbang.com/home/apt/items/49950937
2026-08-08 04:46:41,원룸,49951181,월세,02,충청북도 음성군 대소읍 오류리,음성군,대소읍,500,50,0,40,12.1,5,경제적인도시가스난방.거실별도갖춘.투베이.주차편리.승강기,https://www.zigbang.com/home/apt/items/49951181
2026-08-08 04:46:41,원룸,49930242,월세,02,충청북도 진천군 이월면 신월리,진천군,이월면,300,33,0,33.06,10.0,1,풀 옵션 시골 전원주택 분위기 이며 1층에 1층,https://www.zigbang.com/home/apt/items/49930242
2026-08-08 04:46:41,원룸,47998100,월세,02,충청북도 음성군 금왕읍 본대리,음성군,금왕읍,300,45,0,29.75,9.0,4,넓직하게 쓰고 싶으면 여기 투베이 월세,https://www.zigbang.com/home/apt/items/47998100
2026-08-08 04:46:41,원룸,49316676,월세,02,충청북도 음성군 금왕읍 본대리,음성군,금왕읍,300,37,0,24,7.26,3,최신축 원룸 월세,https://www.zigbang.com/home/apt/items/49316676
2026-08-08 04:46:41,원룸,49316797,월세,02,충청북도 음성군 금왕읍 본대리,음성군,금왕읍,300,37,0,24,7.26,4,신축급 풀옵션 원룸입니다,https://www.zigbang.com/home/apt/items/49316797
2026-08-08 04:46:41,원룸,49317141,월세,02,충청북도 음성군 금왕읍 본대리,음성군,금왕읍,300,37,0,24,7.26,4,깔끔하고 넓은 원룸은 여기 추천합니다.,https://www.zigbang.com/home/apt/items/49317141
2026-08-08 04:46:41,원룸,49617249,월세,02,충청북도 음성군 금왕읍 본대리,음성군,금왕읍,300,33,0,23.14,7.0,4,탁 트인 뷰. 원룸 월세,https://www.zigbang.com/home/apt/items/49617249
2026-08-08 04:46:41,원룸,49810815,월세,02,충청북도 음성군 금왕읍 본대리,음성군,금왕읍,300,45,0,39.67,12.0,2,두 명도 넓게 쓰기 좋은 투베이 월세,https://www.zigbang.com/home/apt/items/49810815
2026-08-08 04:46:41,원룸,49810994,월세,02,충청북도 음성군 금왕읍 본대리,음성군,금왕읍,300,35,0,23.14,7.0,3,초가성비 최신축 풀옵션 원룸 월세,https://www.zigbang.com/home/apt/items/49810994
2026-08-08 04:46:41,원룸,49842788,월세,02,충청북도 음성군 금왕읍 본대리,음성군,금왕읍,300,40,0,28,8.47,2,실물깡패 풀옵션 투베이에요,https://www.zigbang.com/home/apt/items/49842788
2026-08-08 04:46:41,원룸,49842814,월세,02,충청북도 음성군 금왕읍 본대리,음성군,금왕읍,300,37,0,24,7.26,3,로얄층에 조망까지 굿 깨끗한 풀옵션원룸,https://www.zigbang.com/home/apt/items/49842814
2026-08-08 04:46:41,원룸,49900580,월세,02,충청북도 음성군 금왕읍 본대리,음성군,금왕읍,300,37,0,24,7.26,2,컨디션 좋고 깨끗한 준신축 원룸이에요..,https://www.zigbang.com/home/apt/items/49900580
2026-08-08 04:46:41,원룸,49933581,월세,02,충청북도 음성군 금왕읍 본대리,음성군,금왕읍,300,45,0,26.44,8.0,2,신축 투베이 월세 있어요,https://www.zigbang.com/home/apt/items/49933581
2026-08-08 04:46:41,원룸,49933840,월세,02,충청북도 음성군 금왕읍 본대리,음성군,금왕읍,300,37,0,19.83,6.0,4,몸만 오면 되는 풀옵션 원룸 월세,https://www.zigbang.com/home/apt/items/49933840
2026-08-08 04:46:41,원룸,49955547,월세,01,충청북도 음성군 대소읍 태생리,음성군,대소읍,200,29,0,13.3,4.02,3,깨끗하고 가성비 좋은 원룸임.,https://www.zigbang.com/home/apt/items/49955547
2026-08-08 04:46:41,원룸,49214776,월세,02,충청북도 진천군 덕산읍 신척리,진천군,덕산읍,500,49,0,39.43,11.93,10,특가 도시가스 투베이형 넓다,https://www.zigbang.com/home/apt/items/49214776
2026-08-08 04:46:41,원룸,49214786,월세,02,충청북도 진천군 덕산읍 신척리,진천군,덕산읍,500,49,0,39.43,11.93,8,"넓고 좋다 거실1,방1 시스템에어컨",https://www.zigbang.com/home/apt/items/49214786
2026-08-08 04:46:41,원룸,49253432,월세,02,충청북도 진천군 덕산읍 신척리,진천군,덕산읍,500,49,0,39.43,11.93,9,"이벤트 확인 필. 첫입주 거실1, 방1, 화장실2 월세",https://www.zigbang.com/home/apt/items/49253432
2026-08-08 04:46:41,원룸,49884128,월세,02,충청북도 진천군 덕산읍 신척리,진천군,덕산읍,500,49,0,39.43,11.93,3,방1 거실1 화장실2 천정형에어컨2 신축 월세 첫입주,https://www.zigbang.com/home/apt/items/49884128
2026-08-08 04:46:41,원룸,49461834,월세,02,충청북도 음성군 맹동면 쌍정리,음성군,맹동면,500,40,0,26.45,8.0,3,굿인테리어 원룸  요기요기,https://www.zigbang.com/home/apt/items/49461834
2026-08-08 04:46:41,원룸,49765981,월세,02,충청북도 음성군 맹동면 쌍정리,음성군,맹동면,300,43,0,26.45,8.0,4,넓고 신축급 엘베있으요,https://www.zigbang.com/home/apt/items/49765981
2026-08-08 04:46:41,원룸,49791241,월세,02,충청북도 음성군 맹동면 쌍정리,음성군,맹동면,300,40,0,27,8.17,3,깔끔하고 넓은 신축원룸 풀옵션 월세 즉시입주가능,https://www.zigbang.com/home/apt/items/49791241
2026-08-08 04:46:41,원룸,49842770,월세,02,충청북도 음성군 맹동면 쌍정리,음성군,맹동면,500,40,0,26.45,8.0,4,"관리 굿 ,상태 굿 ,층간소음 노노 풀옵션원룸 엘베유",https://www.zigbang.com/home/apt/items/49842770
2026-08-08 04:46:41,원룸,49877309,월세,02,충청북도 음성군 맹동면 쌍정리,음성군,맹동면,500,42,0,24,7.26,2,"동향의 햇살가득 멋찐 풀옵션원룸,엘베유",https://www.zigbang.com/home/apt/items/49877309
2026-08-08 04:46:41,원룸,49888490,월세,02,충청북도 음성군 맹동면 쌍정리,음성군,맹동면,200,32,0,26,7.86,2,유촌산단 인근 준신축원룸 월세 풀옵션,https://www.zigbang.com/home/apt/items/49888490
2026-08-08 04:46:41,원룸,49914974,월세,02,충청북도 음성군 맹동면 쌍정리,음성군,맹동면,2000,15,0,19,5.75,2,맹동산단 인근 채광좋고 부담없는 원룸 반전세,https://www.zigbang.com/home/apt/items/49914974
2026-08-08 04:46:41,원룸,49946981,월세,02,충청북도 음성군 맹동면 쌍정리,음성군,맹동면,300,40,0,24,7.26,2,엄청 넓고 깔끔한 풀옵션원룸 엘베있어요......,https://www.zigbang.com/home/apt/items/49946981
2026-08-08 04:46:41,원룸,49960123,월세,01,충청북도 음성군 맹동면 본성리,음성군,맹동면,300,35,0,21,6.35,3,충북혁신도시  도보 10분출근가능   즉시입주,https://www.zigbang.com/home/apt/items/49960123
2026-08-08 04:46:41,원룸,49981861,월세,01,충청북도 음성군 맹동면 본성리,음성군,맹동면,200,30,0,23.61,7.14,2,충북혁신도시입구위치  한국가스안전공사까지도보15분,https://www.zigbang.com/home/apt/items/49981861
2026-08-08 04:46:42,원룸,49922002,월세,02,충청북도 음성군 삼성면 덕정리,음성군,삼성면,300,37,0,26,7.86,3,삼성면 덕정리 깔끔한 신축원룸 월세 풀옵션 즉시입주가능,https://www.zigbang.com/home/apt/items/49922002
2026-08-08 04:46:42,원룸,49316782,월세,02,충청북도 음성군 금왕읍 본대리,음성군,금왕읍,300,37,0,24,7.26,3,풀옵션 원룸 월세 여기에요,https://www.zigbang.com/home/apt/items/49316782
2026-08-08 04:46:42,원룸,49401270,월세,02,충청북도 음성군 금왕읍 본대리,음성군,금왕읍,300,40,0,33.06,10.0,3,혼자 살기 넉넉한 1.5룸 월세,https://www.zigbang.com/home/apt/items/49401270
2026-08-08 04:46:42,원룸,49539305,월세,02,충청북도 음성군 금왕읍 오선리,음성군,금왕읍,300,45,0,30,9.07,4,금왕산단인근  넉넉한 거주공간  잘빠진 투베이 1.5룸,https://www.zigbang.com/home/apt/items/49539305
2026-08-08 04:46:42,원룸,49614313,월세,02,충청북도 음성군 금왕읍 본대리,음성군,금왕읍,300,40,0,26.44,8.0,4,남향이라 해 잘드는 1.5룸,https://www.zigbang.com/home/apt/items/49614313
2026-08-08 04:46:42,원룸,49617232,월세,02,충청북도 음성군 금왕읍 본대리,음성군,금왕읍,500,42,0,33.06,10.0,4,"남향이라 해 잘들고, 가전 좋은 투베이",https://www.zigbang.com/home/apt/items/49617232
2026-08-08 04:46:42,원룸,49810892,월세,02,충청북도 음성군 금왕읍 본대리,음성군,금왕읍,500,56,0,42.97,13.0,2,성본산단 3분 신축 투룸 월세. 풀옵션,https://www.zigbang.com/home/apt/items/49810892
2026-08-08 04:46:42,원룸,49842724,월세,02,충청북도 음성군 금왕읍 본대리,음성군,금왕읍,500,42,0,33,9.98,4,햇살 좋은 남향의 풀옵션 투베이,https://www.zigbang.com/home/apt/items/49842724
2026-08-08 04:46:42,원룸,49842738,월세,02,충청북도 음성군 금왕읍 본대리,음성군,금왕읍,300,45,0,33,9.98,3,"컨디션 굿, 사이즈 굿 , 깨끗한 풀옵션 투베이",https://www.zigbang.com/home/apt/items/49842738
2026-08-08 04:46:42,원룸,49924715,월세,02,충청북도 음성군 금왕읍 오선리,음성군,금왕읍,300,50,0,30,9.07,4,"원칙을 지키는 중개, 바른부동산",https://www.zigbang.com/home/apt/items/49924715
2026-08-08 04:46:42,원룸,49933590,월세,02,충청북도 음성군 금왕읍 본대리,음성군,금왕읍,300,45,0,33.06,10.0,3,"신축 투베이. 성본산단 3분, 풀옵션",https://www.zigbang.com/home/apt/items/49933590
2026-08-08 04:46:42,원룸,49933625,월세,02,충청북도 음성군 금왕읍 본대리,음성군,금왕읍,300,45,0,33.06,10.0,3,두명쓰기도 넉넉하고 해 잘드는 풀옵션 투베이 월세,https://www.zigbang.com/home/apt/items/49933625
2026-08-08 04:46:43,원룸,49924752,월세,02,충청북도 음성군 금왕읍 각회리,음성군,금왕읍,500,55,0,68,20.57,2,"원칙을 지키는 중개, 바른부동산",https://www.zigbang.com/home/apt/items/49924752
2026-08-08 04:46:43,원룸,49914785,월세,02,경기도 용인시 처인구 원삼면 죽능리,용인시 처인구,원삼면,500,100,0,23.2,7.02,1,ㅇ즉시입주ㅇSK현장 차5분ㅇ신축 풀옵션 분리형 원룸ㅇ주차ㅇ,https://www.zigbang.com/home/apt/items/49914785
2026-08-08 04:46:43,원룸,49952090,월세,02,경기도 용인시 처인구 원삼면 두창리,용인시 처인구,원삼면,500,100,0,33.05,10.0,1,ㅇ즉시입주ㅇSK현장 차량5분ㅇ주차ㅇ거실넓은 분리형 원룸ㅇ,https://www.zigbang.com/home/apt/items/49952090
2026-08-08 04:46:43,원룸,49914693,월세,01,경기도 용인시 처인구 원삼면 사암리,용인시 처인구,원삼면,500,90,0,25,7.56,3,원삼sk 셔틀버스 도보가능한 신축 풀옵 원룸입니다,https://www.zigbang.com/home/apt/items/49914693
2026-08-08 04:46:43,원룸,49968769,월세,01,경기도 용인시 처인구 원삼면 사암리,용인시 처인구,원삼면,300,70,0,20,6.05,2,ㅇ즉시입주ㅇ단기ㅇSK현장 차5분ㅇ풀옵션 원룸ㅇ주차ㅇ,https://www.zigbang.com/home/apt/items/49968769
2026-08-08 04:46:43,원룸,49968840,월세,01,경기도 용인시 처인구 원삼면 사암리,용인시 처인구,원삼면,500,90,0,23.2,7.02,2,ㅇ빠른입주ㅇSK현장 차5분ㅇ신축급 풀옵션 원룸ㅇ주차ㅇ엘베ㅇ,https://www.zigbang.com/home/apt/items/49968840
2026-08-08 04:46:43,원룸,49914697,월세,01,경기도 용인시 처인구 백암면 근창리,용인시 처인구,백암면,500,75,0,28,8.47,3,원삼sk하이닉스 셔틀버스 도보3분거리 신축 풀옵 원룸,https://www.zigbang.com/home/apt/items/49914697
2026-08-08 04:46:43,원룸,49919027,월세,01,경기도 용인시 처인구 백암면 백암리,용인시 처인구,백암면,200,45,0,20,6.05,4,원삼 셔틀버스 도보 5분거리 고시원 즉시입주,https://www.zigbang.com/home/apt/items/49919027
2026-08-08 04:46:43,원룸,49925939,월세,02,경기도 용인시 처인구 백암면 고안리,용인시 처인구,백암면,300,52,0,30,9.07,4,원삼sk하이닉스 자차 15분거리 풀옵션 1.5룸 월세,https://www.zigbang.com/home/apt/items/49925939
2026-08-08 04:46:44,원룸,49738435,월세,01,경기도 이천시 마장면 이치리,이천시,마장면,300,50,0,21,6.35,2,즉시입주  풀옵션  엘베 유  회사환영,https://www.zigbang.com/home/apt/items/49738435
2026-08-08 04:46:44,원룸,49818981,월세,02,경기도 이천시 마장면 표교리,이천시,마장면,500,47,0,23.14,7.0,3,아울렛도보가능한 표교리 분리형원룸,https://www.zigbang.com/home/apt/items/49818981
2026-08-08 04:46:44,원룸,49904068,월세,02,경기도 이천시 마장면 표교리,이천시,마장면,500,48,0,26.45,8.0,3,마장면 롯데아울렛  인근 풀옵션 분리형 월세,https://www.zigbang.com/home/apt/items/49904068
2026-08-08 04:46:44,원룸,49909865,월세,02,경기도 이천시 마장면 표교리,이천시,마장면,500,47,0,26.45,8.0,3,마장면 롯데아울렛  인근 풀옵션 분리형 월세,https://www.zigbang.com/home/apt/items/49909865
2026-08-08 04:46:44,원룸,49966695,월세,01,경기도 이천시 마장면 오천리,이천시,마장면,300,40,0,21,6.35,4,오천리  마장신도시  인근 풀옵션  즉시입주,https://www.zigbang.com/home/apt/items/49966695
2026-08-08 04:46:44,원룸,49718492,월세,02,경기도 이천시 호법면 안평리,이천시,호법면,500,50,0,33,9.98,3,빠른 입주 풀옵션   엘리베이터 유,https://www.zigbang.com/home/apt/items/49718492
2026-08-08 04:46:44,원룸,49767669,월세,02,경기도 이천시 호법면 후안리,이천시,호법면,3000,30,0,33.06,10.0,4,나이키물류센터 인근. 빠른 협의 입주 가능한 1.5룸 월세,https://www.zigbang.com/home/apt/items/49767669
2026-08-08 04:46:44,원룸,49780729,월세,02,경기도 이천시 호법면 후안리,이천시,호법면,3000,30,0,33,9.98,4,1.5룸 나이키 물류센터 인근 엄청넓음,https://www.zigbang.com/home/apt/items/49780729
2026-08-08 04:46:44,원룸,49885059,전세,02,경기도 이천시 호법면 후안리,이천시,호법면,6500,0,0,34,10.28,4,"호법 나이키물류인근, 거실넓은 1.5룸",https://www.zigbang.com/home/apt/items/49885059
2026-08-08 04:46:44,원룸,49885206,전세,02,경기도 이천시 호법면 후안리,이천시,호법면,6500,0,0,33.06,10.0,4,나이키 물류센터 인근. 넓은 1.5룸 전세 매물입니다,https://www.zigbang.com/home/apt/items/49885206
2026-08-08 04:46:44,원룸,49927109,월세,02,경기도 이천시 호법면 후안리,이천시,호법면,1000,52,0,33.06,10.0,3,넓은1.5룸 완전에이스매물,https://www.zigbang.com/home/apt/items/49927109
2026-08-08 04:46:44,원룸,49927185,월세,01,경기도 이천시 증일동,이천시,증일동,300,40,0,26.44,8.0,3,"증일동 저렴하고 주차편한 원룸월세, 즉시입주가능",https://www.zigbang.com/home/apt/items/49927185
2026-08-08 04:46:44,원룸,49941341,월세,02,경기도 이천시 호법면 안평리,이천시,호법면,500,42,0,26.4,7.99,4,깨끗한 분리형 원룸,https://www.zigbang.com/home/apt/items/49941341
2026-08-08 04:46:45,원룸,49423700,전세,02,경기도 이천시 대월면 사동리,이천시,대월면,5000,0,0,25.4,7.68,3,sk하이닉스 도보 가능한 풀옵션 원룸,https://www.zigbang.com/home/apt/items/49423700
2026-08-08 04:46:45,원룸,49744194,전세,02,경기도 이천시 대월면 사동리,이천시,대월면,5000,0,0,23.14,7.0,2,사동리 빠른협의입주 가능한 풀옵션 원룸. 전세자금대출동의,https://www.zigbang.com/home/apt/items/49744194
2026-08-08 04:46:45,원룸,49800142,월세,02,경기도 이천시 대월면 사동리,이천시,대월면,3000,24,0,24.19,7.32,3,SK하이닉스 도보 출퇴근 가능한 풀옵션 원룸 반전세,https://www.zigbang.com/home/apt/items/49800142
2026-08-08 04:46:45,원룸,49863398,전세,02,경기도 이천시 대월면 사동리,이천시,대월면,5000,0,0,24.19,7.32,4,"SK하이닉스 인근 풀옵션 원룸. 반전세매물, 전세도 가능",https://www.zigbang.com/home/apt/items/49863398
2026-08-08 04:46:45,원룸,49784796,전세,02,경기도 여주시 가남읍 태평리,여주시,가남읍,5000,0,0,27.6,8.35,3,가남 태평리 시내권에 속한 즉시 입주 가능한 1.5룸,https://www.zigbang.com/home/apt/items/49784796
2026-08-08 04:46:45,원룸,49921975,전세,02,경기도 여주시 가남읍 태평리,여주시,가남읍,5000,0,0,28,8.47,3,태평리 풀옵션 1.5룸 전세,https://www.zigbang.com/home/apt/items/49921975
2026-08-08 04:46:45,원룸,49945747,전세,02,경기도 여주시 가남읍 태평리,여주시,가남읍,5400,0,0,23.85,7.21,3,전세금대출가능한  풀옵션 분리형 원룸,https://www.zigbang.com/home/apt/items/49945747
2026-08-08 04:46:45,원룸,49865944,월세,01,경기도 여주시 연라동,여주시,연라동,300,30,0,23.14,7.0,4,작지만 옵션 잘되어있고 깨끗함,https://www.zigbang.com/home/apt/items/49865944
2026-08-08 04:46:45,원룸,49823732,전세,02,충청북도 음성군 음성읍 읍내리,음성군,음성읍,4500,0,0,39.67,12.0,3,방넓은 1.5룸 반전세.월세 가능함 보증금조율가능,https://www.zigbang.com/home/apt/items/49823732
2026-08-08 04:46:46,원룸,49714874,월세,02,충청북도 충주시 대소원면 완오리,충주시,대소원면,300,33,0,16.72,5.06,4,유한킴벌리 앞 풀옵션 원룸 월세입니다.,https://www.zigbang.com/home/apt/items/49714874
2026-08-08 04:46:46,원룸,49848533,월세,01,충청북도 충주시 대소원면 완오리,충주시,대소원면,300,35,0,23.14,7.0,5,"첨단지역 도보 출근 가능 지역, 즉시 입주 가능",https://www.zigbang.com/home/apt/items/49848533
2026-08-08 04:46:46,원룸,49885249,월세,02,충청북도 충주시 용두동,충주시,용두동,100,30,0,23,6.96,1,"교통대앞,풀옵션,즉시입주",https://www.zigbang.com/home/apt/items/49885249
2026-08-08 04:46:46,원룸,49937028,전세,01,충청북도 충주시 대소원면 완오리,충주시,대소원면,3675,0,0,21.24,6.43,6,보증보험 가입 원룸입니다. 테라스가 있습니다.,https://www.zigbang.com/home/apt/items/49937028
2026-08-08 04:46:46,원룸,49976483,전세,01,충청북도 충주시 대소원면 완오리,충주시,대소원면,3675,0,0,23.5,7.11,6,"보증보험 가입건물, 도배완료, 직주접근 최적지",https://www.zigbang.com/home/apt/items/49976483
2026-08-08 04:46:46,원룸,49558601,월세,01,충청북도 충주시 호암동,충주시,호암동,630,55,0,31.37,9.49,2,ㄴ호암동 굿인테리어 투베이급ㄱ,https://www.zigbang.com/home/apt/items/49558601
2026-08-08 04:46:46,원룸,49806686,월세,02,충청북도 충주시 호암동,충주시,호암동,1000,36,0,23.14,7.0,2,예쁜오피스텔형원룸,https://www.zigbang.com/home/apt/items/49806686
2026-08-08 04:46:46,원룸,49830993,월세,02,충청북도 충주시 호암동,충주시,호암동,500,61,0,31.43,9.51,2,ㄴ호암동 넓은 대형 투베이ㄱ,https://www.zigbang.com/home/apt/items/49830993
2026-08-08 04:46:46,원룸,49845399,월세,02,충청북도 충주시 호암동,충주시,호암동,1000,71,0,31.64,9.57,3,ㄴ파우더룸 따로 있는 넓은 호암동 신축ㄱ,https://www.zigbang.com/home/apt/items/49845399
2026-08-08 04:46:46,원룸,49870724,월세,02,충청북도 충주시 호암동,충주시,호암동,1000,71,0,31.64,9.57,3,"호암지구, 남향 풀옵션 투베이, 조용한 주택가, 슬세권",https://www.zigbang.com/home/apt/items/49870724
2026-08-08 04:46:46,원룸,49882798,월세,01,충청북도 충주시 호암동,충주시,호암동,500,55,0,29.37,8.88,3,"호암동 신도심의 편리함,햇살 가득 남향",https://www.zigbang.com/home/apt/items/49882798
2026-08-08 04:46:46,원룸,49923047,월세,02,충청북도 충주시 호암동,충주시,호암동,500,56,0,35.38,10.7,2,호암동 버거킹 부근 투베이 건대통학,https://www.zigbang.com/home/apt/items/49923047
2026-08-08 04:46:46,원룸,49926911,월세,02,충청북도 충주시 호암동,충주시,호암동,500,51,0,34.91,10.56,3,ㄴ호암택지 신축 투베이ㄱ,https://www.zigbang.com/home/apt/items/49926911
2026-08-08 04:46:46,원룸,49927327,월세,02,충청북도 충주시 호암동,충주시,호암동,300,32,0,25,7.56,2,"ㄴ호암동 즉시입주가능, 대형 원룸ㄱ",https://www.zigbang.com/home/apt/items/49927327
2026-08-08 04:46:47,원룸,49962060,월세,01,충청북도 충주시 목행동,충주시,목행동,200,30,0,23.14,7.0,4,"목행동 산단 출퇴근 5분, 넓은 주차장, 즉시입주 가능",https://www.zigbang.com/home/apt/items/49962060
2026-08-08 04:46:48,원룸,49846161,월세,01,강원도 원주시 부론면 노림리,원주시,부론면,50,35,0,33.05,10.0,1,밥심 l 2학기 사용 I 건조기 풀옵션 I 1층 편한 집,https://www.zigbang.com/home/apt/items/49846161
2026-08-08 04:46:48,원룸,49942336,월세,02,강원도 원주시 부론면 노림리,원주시,부론면,50,35,0,33.06,10.0,1,10월 25일 입주 I 신축컨디션 건조기 풀옵션 1층,https://www.zigbang.com/home/apt/items/49942336
2026-08-08 04:46:49,원룸,49983004,월세,01,경기도 시흥시 정왕동,시흥시,정왕동,200,30,0,24.2,7.32,옥탑방,나만의 자유 그림같은 옥탑생활하기,https://www.zigbang.com/home/apt/items/49983004
2026-08-08 04:46:49,원룸,49983018,월세,02,경기도 시흥시 정왕동,시흥시,정왕동,70,25,0,24.5,7.41,5,준 신축 5층 엘베있는  단기원룸,https://www.zigbang.com/home/apt/items/49983018
2026-08-08 04:46:49,원룸,49983031,월세,02,경기도 시흥시 정왕동,시흥시,정왕동,50,20,0,24.2,7.32,3,"가성비 최고 단기, 장기가능한 원룸",https://www.zigbang.com/home/apt/items/49983031
2026-08-08 04:46:49,원룸,49983232,월세,02,경기도 시흥시 정왕동,시흥시,정왕동,200,33,0,26,7.86,2,채광좋은 1.5룸 상권 접근굿,https://www.zigbang.com/home/apt/items/49983232
2026-08-08 04:46:49,원룸,49983358,월세,02,경기도 시흥시 정왕동,시흥시,정왕동,200,22,0,25,7.56,2,리모델링한깔끔한원룸침대있어요,https://www.zigbang.com/home/apt/items/49983358
2026-08-08 04:46:49,원룸,49983359,월세,02,경기도 시흥시 정왕동,시흥시,정왕동,200,33,0,16,4.84,3,큰 원룸 상권접근 굿,https://www.zigbang.com/home/apt/items/49983359
2026-08-08 04:46:49,원룸,49983408,월세,02,경기도 시흥시 정왕동,시흥시,정왕동,1500,20,0,16,4.84,2,"상권, 교통 접근 좋은 큰 원룸",https://www.zigbang.com/home/apt/items/49983408
2026-08-08 04:46:49,원룸,49983672,월세,02,경기도 시흥시 정왕동,시흥시,정왕동,300,33,0,26,7.86,5,"비교적 조용한구역, 아담한 오이도공원, 문화복지센터",https://www.zigbang.com/home/apt/items/49983672
2026-08-08 04:46:49,원룸,49983867,월세,02,경기도 시흥시 정왕동,시흥시,정왕동,200,31,0,29,8.77,4,빨간등대 도보 3분 채광최상 풀옵션 방·주방 넓은 1.5룸,https://www.zigbang.com/home/apt/items/49983867
2026-08-08 04:46:51,원룸,49899950,월세,02,경기도 안산시 상록구 일동,안산시 상록구,일동,500,40,0,23.14,7.0,2,준신축필로티 분리형원룸,https://www.zigbang.com/home/apt/items/49899950
2026-08-08 04:46:51,원룸,49956865,월세,02,경기도 안산시 상록구 일동,안산시 상록구,일동,100,60,0,59.14,17.89,2,보증금 100만원에 월세 60만원 단기 가능,https://www.zigbang.com/home/apt/items/49956865
2026-08-08 04:46:51,원룸,49959779,월세,02,경기도 안산시 상록구 일동,안산시 상록구,일동,100,60,0,59.14,17.89,2,전입신고 가능한 상록구 일동 단기임대,https://www.zigbang.com/home/apt/items/49959779
2026-08-08 04:46:51,원룸,49978394,월세,01,경기도 안산시 상록구 일동,안산시 상록구,일동,300,38,0,26.45,8.0,2,신축급 올리모델링 침대 옷장까지 완전풀옵션원룸입니다,https://www.zigbang.com/home/apt/items/49978394
2026-08-08 04:46:51,원룸,49984920,월세,02,경기도 안산시 상록구 본오동,안산시 상록구,본오동,300,30,0,23.14,7.0,3,본오중학교건너편 버스정류장앞,https://www.zigbang.com/home/apt/items/49984920
2026-08-08 04:46:51,원룸,49985297,월세,02,경기도 안산시 상록구 사동,안산시 상록구,사동,100,31,0,26.26,7.94,1,ㅁ 풀 옵 션 ㅁ,https://www.zigbang.com/home/apt/items/49985297
2026-08-08 04:46:51,원룸,49985411,월세,02,경기도 안산시 상록구 사동,안산시 상록구,사동,300,51,0,26.45,8.0,3,초대형 실속형 원룸입니다.,https://www.zigbang.com/home/apt/items/49985411
2026-08-08 04:46:52,원룸,49817798,월세,02,경기도 시흥시 장현동,시흥시,장현동,5000,50,0,22.83,6.91,10,"전입불가, 부가세 별도, 신축 1.5룸 오피스텔",https://www.zigbang.com/home/apt/items/49817798
2026-08-08 04:46:52,원룸,49869054,전세,02,경기도 시흥시 장현동,시흥시,장현동,22000,0,0,95.5,28.89,10,"전입가능, 신축 오피스텔, 시흥시청역 도보권",https://www.zigbang.com/home/apt/items/49869054
2026-08-08 04:46:52,원룸,49949635,전세,01,경기도 시흥시 장현동,시흥시,장현동,9500,0,0,22.83,6.91,3,"보증보험 가입조건으로 가능, 시흥시청역 도보권, 풀옵션",https://www.zigbang.com/home/apt/items/49949635
2026-08-08 04:46:52,원룸,49970354,월세,02,경기도 시흥시 장현동,시흥시,장현동,5000,50,0,95.5,28.89,10,"전입불가, 신축 1.5룸 오피스텔입니다. 시흥시청역 도보권",https://www.zigbang.com/home/apt/items/49970354
2026-08-08 04:46:52,원룸,49972964,월세,01,경기도 시흥시 신천동,시흥시,신천동,1000,55,0,60.86,18.41,3,신천역초역세권  신축오피스텔  풀옵션 주차가능전입가능,https://www.zigbang.com/home/apt/items/49972964
2026-08-08 04:46:53,원룸,49726867,월세,02,인천시 제물포구 항동7가,제물포구,항동7가,40,33,0,23.14,7.0,1,단기가능주방분리 풀옵션원룸,https://www.zigbang.com/home/apt/items/49726867
2026-08-08 04:46:52,원룸,49912848,월세,01,경기도 안산시 상록구 수암동,안산시 상록구,수암동,300,35,0,16.52,5.0,2,"엘베있는 깨끗한 원룸, 풀옵션, 즉시 입주 가능합니다.",https://www.zigbang.com/home/apt/items/49912848
2026-08-08 04:46:52,원룸,49923740,월세,02,경기도 안양시 만안구 안양동,안양시 만안구,안양동,1000,45,0,19.83,6.0,2,원룸월세  분리형원룸 풀옵션 완전 깔끔한 원룸,https://www.zigbang.com/home/apt/items/49923740
2026-08-08 04:46:52,원룸,49976696,월세,01,경기도 안산시 상록구 장상동,안산시 상록구,장상동,300,30,0,16,4.84,1,"저렴한 원룸, 풀옵션, 즉시 입주 가능",https://www.zigbang.com/home/apt/items/49976696
2026-08-08 04:46:53,원룸,49789648,월세,01,인천시 서해구 원창동,서해구,원창동,300,40,0,23.5,7.11,4,엘베있는 깔끔한 준신축 원룸,https://www.zigbang.com/home/apt/items/49789648
2026-08-08 04:46:53,원룸,49825725,월세,01,인천시 서해구 원창동,서해구,원창동,300,40,0,20.05,6.07,2,원창동 풀옵션 원룸 월세,https://www.zigbang.com/home/apt/items/49825725
2026-08-08 04:46:53,원룸,49841461,월세,01,인천시 서해구 원창동,서해구,원창동,300,35,0,20,6.05,2,"신축급컨디션 갓성비 풀옵션 즉시입주,협의ok",https://www.zigbang.com/home/apt/items/49841461
2026-08-08 04:46:53,원룸,49842393,월세,02,인천시 서해구 원창동,서해구,원창동,300,40,0,20,6.05,2,"신축급컨디션, 즉시입주OK, 채광 굿",https://www.zigbang.com/home/apt/items/49842393
2026-08-08 04:46:53,원룸,49906618,월세,01,인천시 서해구 원창동,서해구,원창동,300,35,0,20,6.05,5,"신축급 컨디션, 분리형 원룸, 즉시입주OK",https://www.zigbang.com/home/apt/items/49906618
2026-08-08 04:46:53,원룸,49916734,월세,02,인천시 서해구 원창동,서해구,원창동,300,40,0,21,6.35,4,"북항,원창동 근무자 적극추천 풀옵션 원룸",https://www.zigbang.com/home/apt/items/49916734
2026-08-08 04:46:53,원룸,49901300,월세,03,인천시 영종구 중산동,영종구,중산동,200,40,0,40,12.1,고,十풀옵션十내부컨디션좋음十최저가월세十빠른입주가능十,https://www.zigbang.com/home/apt/items/49901300
2026-08-08 04:46:53,원룸,49901306,월세,03,인천시 영종구 중산동,영종구,중산동,200,40,0,39,11.8,중,十시티뷰 十최저가월세十내부컨디션좋음十빠른입주가능十,https://www.zigbang.com/home/apt/items/49901306
2026-08-08 04:46:53,원룸,49902174,월세,03,인천시 영종구 중산동,영종구,중산동,200,45,0,42.98,13.0,중,十빠른입주가능十전면오션뷰十최저가월세十풀옵션十,https://www.zigbang.com/home/apt/items/49902174
2026-08-08 04:46:53,원룸,49915495,월세,01,인천시 영종구 중산동,영종구,중산동,200,38,0,39.67,12.0,중,탁트인 시티뷰  고층 ㆍ테라스  풀옵션ㆍ단기가능,https://www.zigbang.com/home/apt/items/49915495
2026-08-08 04:46:53,원룸,49953714,월세,03,인천시 영종구 중산동,영종구,중산동,100,55,0,42.98,13.0,고,침대 풀옵션 복층 .단기가능,https://www.zigbang.com/home/apt/items/49953714
2026-08-08 04:46:53,원룸,49953755,월세,03,인천시 영종구 중산동,영종구,중산동,250,50,0,39.67,12.0,21,남동향 바다뷰 귀한 통창  풀옵션 복층,https://www.zigbang.com/home/apt/items/49953755
2026-08-08 04:46:53,원룸,49959566,월세,01,인천시 영종구 중산동,영종구,중산동,200,37,0,44.88,13.58,중,"신축, 원룸, 시티뷰, 테라스O, 단기 가능, 빠른 입주",https://www.zigbang.com/home/apt/items/49959566
2026-08-08 04:46:53,원룸,49959569,월세,03,인천시 영종구 중산동,영종구,중산동,200,37,0,44.88,13.58,중,"신축, 복층형원룸, 시티뷰 테라스O, 단기 가능, 즉시입주",https://www.zigbang.com/home/apt/items/49959569
2026-08-08 04:46:53,원룸,49959584,월세,03,인천시 영종구 중산동,영종구,중산동,200,50,0,39.55,11.96,고,"신축, 복층형 원룸, 남동향O, 오션뷰O, 단기 가능",https://www.zigbang.com/home/apt/items/49959584
2026-08-08 04:46:53,원룸,49959630,월세,01,인천시 영종구 중산동,영종구,중산동,200,38,0,41.58,12.58,고,"신축, 원룸, 풀옵션, 남동향, 파노라마 오션뷰, 단기O",https://www.zigbang.com/home/apt/items/49959630
2026-08-08 04:46:53,원룸,49986270,월세,03,인천시 영종구 중산동,영종구,중산동,300,40,0,21.7,6.56,4,"전입 가능, 복층 테라스 구조, 북서향, 시티뷰, 주차가능",https://www.zigbang.com/home/apt/items/49986270
2026-08-08 04:46:54,원룸,49453004,월세,02,경기도 김포시 양촌읍 학운리,김포시,양촌읍,300,40,0,27,8.17,2,ㅁ분리형 남향집 1.5룸 ㅁ,https://www.zigbang.com/home/apt/items/49453004
2026-08-08 04:46:54,원룸,49644261,월세,02,경기도 김포시 양촌읍 학운리,김포시,양촌읍,300,42,0,33,9.98,4,기숙사추천.분리된 공간,https://www.zigbang.com/home/apt/items/49644261
2026-08-08 04:46:54,원룸,49700900,월세,03,경기도 김포시 양촌읍 학운리,김포시,양촌읍,300,33,0,19.83,6.0,3,학운산업단지내 인기 있는 복층 원룸입니다.,https://www.zigbang.com/home/apt/items/49700900
2026-08-08 04:46:54,원룸,49700903,월세,01,경기도 김포시 양촌읍 학운리,김포시,양촌읍,300,30,0,19.83,6.0,3,오피스텔구조 뷰가 좋은 방,https://www.zigbang.com/home/apt/items/49700903
2026-08-08 04:46:54,원룸,49703252,월세,02,경기도 김포시 양촌읍 학운리,김포시,양촌읍,2000,96,0,80,24.2,4,ㅁ신축 엘베있는 복층 테라스사용 ㅁ,https://www.zigbang.com/home/apt/items/49703252
2026-08-08 04:46:54,원룸,49730082,월세,01,경기도 김포시 양촌읍 학운리,김포시,양촌읍,300,40,0,30,9.07,2,ㅁ산업단지 깔끔한 1.5룸ㅁ,https://www.zigbang.com/home/apt/items/49730082
2026-08-08 04:46:54,원룸,49853984,월세,02,경기도 김포시 양촌읍 학운리,김포시,양촌읍,400,52,0,39.67,12.0,4,신축 풀옵션 방.거실넓은집,https://www.zigbang.com/home/apt/items/49853984
2026-08-08 04:46:54,원룸,49878019,월세,02,경기도 김포시 양촌읍 학운리,김포시,양촌읍,300,30,0,19.83,6.0,3,산업단지내 신축 풀옵션 분리형 원룸,https://www.zigbang.com/home/apt/items/49878019
2026-08-08 04:46:54,원룸,49921295,월세,02,경기도 김포시 양촌읍 학운리,김포시,양촌읍,300,30,0,29.75,9.0,4,"대형 베란다, 1.5룸 방큼,  베란다넓음, 애완동물 가능",https://www.zigbang.com/home/apt/items/49921295
2026-08-08 04:46:54,원룸,49926917,월세,02,경기도 김포시 양촌읍 학운리,김포시,양촌읍,300,30,0,20,6.05,3,신축 풀옵션 원룸,https://www.zigbang.com/home/apt/items/49926917
2026-08-08 04:46:54,원룸,49724405,월세,02,인천시 검단구 오류동,검단구,오류동,2500,60,0,40,12.1,2,"검단오류역, 완전신축급, 컨디션좋은 방",https://www.zigbang.com/home/apt/items/49724405
2026-08-08 04:46:54,원룸,49912870,월세,05,인천시 검단구 오류동,검단구,오류동,500,90,0,100,30.25,고,3룸 신축급 6년차 옵션 자유,https://www.zigbang.com/home/apt/items/49912870
2026-08-08 04:46:54,원룸,49980146,월세,04,인천시 검단구 오류동,검단구,오류동,500,90,0,100,30.25,고,3룸 신축급 6년차 옵션 자유,https://www.zigbang.com/home/apt/items/49980146
2026-08-08 04:46:59,원룸,49922792,월세,01,경기도 부천시 오정구 오정동,부천시 오정구,오정동,500,44,0,23.6,7.14,7,효행복마을도시형생활주택,https://www.zigbang.com/home/apt/items/49922792
2026-08-08 04:46:59,원룸,49982915,월세,02,인천시 계양구 용종동,계양구,용종동,50,31,0,26.45,8.0,3,주방분리 단기원룸 입니다,https://www.zigbang.com/home/apt/items/49982915
2026-08-08 04:46:59,원룸,49855116,월세,02,경기도 김포시 고촌읍 신곡리,김포시,고촌읍,1000,65,0,56.77,17.17,고,"고촌역세권, 풀옵션,1.5룸,업무용,부가세별도",https://www.zigbang.com/home/apt/items/49855116
2026-08-08 04:46:59,원룸,49910523,월세,02,경기도 김포시 고촌읍 신곡리,김포시,고촌읍,500,55,0,46.37,14.03,4,"고촌역세권,풀옵션,업무용,9월말입주가능",https://www.zigbang.com/home/apt/items/49910523
2026-08-08 04:46:59,원룸,49934727,월세,04,경기도 김포시 고촌읍 신곡리,김포시,고촌읍,4500,170,0,129.14,39.06,15,"전용17.7p 주거용 풀옵션 오피스텔, 빠른 입주가능",https://www.zigbang.com/home/apt/items/49934727
2026-08-08 04:46:59,원룸,49968975,월세,02,경기도 김포시 고촌읍 신곡리,김포시,고촌읍,2000,90,0,83.5,25.26,고,"풀옵션,업무용,인기많은 특수타입",https://www.zigbang.com/home/apt/items/49968975
2026-08-08 04:47:04,원룸,49716093,전세,03,경기도 수원시 권선구 금곡동,수원시 권선구,금곡동,13000,0,0,53.4,16.15,6,동광뷰엘 복층형 원룸 쾌적하고 살기좋은 오피입니다,https://www.zigbang.com/home/apt/items/49716093
2026-08-08 04:47:04,원룸,49719657,월세,01,경기도 수원시 권선구 금곡동,수원시 권선구,금곡동,1000,63,0,41,12.4,고,"ACE,전입,전망트인,드레스룸,넓은 복층",https://www.zigbang.com/home/apt/items/49719657
2026-08-08 04:47:04,원룸,49774072,월세,02,경기도 수원시 권선구 금곡동,수원시 권선구,금곡동,3500,52,0,74.58,22.56,고,"ACE,전입,트윈복층,분리형 1.5룸",https://www.zigbang.com/home/apt/items/49774072
2026-08-08 04:47:04,원룸,49791043,월세,01,경기도 수원시 권선구 금곡동,수원시 권선구,금곡동,1000,65,0,64,19.36,고,"ACE,트인전망,전입,넓은원룸복층,별도드레스룸",https://www.zigbang.com/home/apt/items/49791043
2026-08-08 04:47:04,원룸,49818854,월세,03,경기도 수원시 권선구 금곡동,수원시 권선구,금곡동,500,50,0,42.2,12.77,고,세종헤르메스 복층형 원룸 주거용 전입가능,https://www.zigbang.com/home/apt/items/49818854
2026-08-08 04:47:04,원룸,49859124,월세,04,경기도 수원시 권선구 금곡동,수원시 권선구,금곡동,1000,80,0,101.14,30.59,고,다인2차 투룸형 복층 주거용,https://www.zigbang.com/home/apt/items/49859124
2026-08-08 04:47:04,원룸,49867836,월세,01,경기도 수원시 권선구 금곡동,수원시 권선구,금곡동,100,80,0,85.77,25.95,5,.R.단기계약O 주단위O 깔끔 오피스텔 넓어요 8월중순입주,https://www.zigbang.com/home/apt/items/49867836
2026-08-08 04:47:04,원룸,49871905,월세,01,경기도 수원시 권선구 금곡동,수원시 권선구,금곡동,500,68,0,64,19.36,중,"ACE,주거용,복층형넓은원룸,별도드레스룸,",https://www.zigbang.com/home/apt/items/49871905
2026-08-08 04:47:04,원룸,49921430,전세,03,경기도 수원시 권선구 금곡동,수원시 권선구,금곡동,12500,0,0,58,17.54,9,"ACE,전입,전세대출,보증보험,복층넓은원룸.드레스룸구비",https://www.zigbang.com/home/apt/items/49921430
2026-08-08 04:47:04,원룸,49933493,월세,01,경기도 수원시 권선구 금곡동,수원시 권선구,금곡동,500,52,0,48,14.52,4,세종타운 오픈형 원룸 업무용 부가세 별도,https://www.zigbang.com/home/apt/items/49933493
2026-08-08 04:47:04,원룸,49934661,전세,04,경기도 수원시 권선구 금곡동,수원시 권선구,금곡동,14000,0,0,69,20.87,4,아주리센 투룸 전세 공원보이는 조망,https://www.zigbang.com/home/apt/items/49934661
2026-08-08 04:47:04,원룸,49938158,전세,04,경기도 수원시 권선구 금곡동,수원시 권선구,금곡동,17500,0,0,87.82,26.57,3,"테라스 있는 2룸 오피스텔,관리잘되어있음,입주협의,풀옵션,",https://www.zigbang.com/home/apt/items/49938158
2026-08-08 04:47:04,원룸,49942517,월세,01,경기도 수원시 권선구 금곡동,수원시 권선구,금곡동,1000,35,0,20,6.05,옥탑방,"옥탑방,전입신고불가, 잠만주무실분환영,상업지인근,즉시입주가",https://www.zigbang.com/home/apt/items/49942517
2026-08-08 04:47:04,원룸,49970419,월세,02,경기도 수원시 권선구 금곡동,수원시 권선구,금곡동,1000,85,0,94.63,28.63,고,ꔚ전속매물 I 완벽분리 I 단1세대,https://www.zigbang.com/home/apt/items/49970419
2026-08-08 04:47:06,원룸,49695828,월세,01,경기도 수원시 장안구 파장동,수원시 장안구,파장동,200,30,0,25,7.56,2,즉시입주가능 저렴하고 깨끗한 원룸 전세3000가능,https://www.zigbang.com/home/apt/items/49695828
2026-08-08 04:47:04,원룸,49982680,월세,01,경기도 수원시 팔달구 매산로1가,수원시 팔달구,매산로1가,200,30,0,16.53,5.0,4,관리비에 개인 전기 가스 수도 인터넷 모두포함,https://www.zigbang.com/home/apt/items/49982680
2026-08-08 04:47:04,원룸,49982686,월세,02,경기도 수원시 권선구 서둔동,수원시 권선구,서둔동,1000,125,0,99.9,30.22,중,"oO 전입가능 Oo 넓고 쾌적한 1.5룸, 수원역 초인접",https://www.zigbang.com/home/apt/items/49982686
2026-08-08 04:47:04,원룸,49984912,월세,02,경기도 수원시 권선구 구운동,수원시 권선구,구운동,500,32,0,18.9,5.72,2,햇살좋은 깔끔한 분리형원룸 엘리베이터,https://www.zigbang.com/home/apt/items/49984912
2026-08-08 04:47:04,원룸,49985230,월세,02,경기도 수원시 장안구 율전동,수원시 장안구,율전동,500,40,0,19.83,6.0,4,"추천원룸,풀옵션,분리형,엘베있음,즉시이사",https://www.zigbang.com/home/apt/items/49985230
2026-08-08 04:47:04,원룸,49985289,월세,01,경기도 수원시 장안구 율전동,수원시 장안구,율전동,300,32,0,23,6.96,반지하,성대역도보가능 밝은반지층,https://www.zigbang.com/home/apt/items/49985289
2026-08-08 04:47:04,원룸,49985765,월세,01,경기도 수원시 팔달구 매산로1가,수원시 팔달구,매산로1가,500,55,0,37.9,11.46,저,"신축,풀옵션,초역세권생활숙박시설,넓고깨끗함.주차가능",https://www.zigbang.com/home/apt/items/49985765
2026-08-08 04:47:07,원룸,49984657,전세,02,경기도 수원시 영통구 매탄동,수원시 영통구,매탄동,9000,0,0,36.36,11.0,3,"풀옵션  엄청 큰 1.8룸 베란다 주차 lh, gh 가능",https://www.zigbang.com/home/apt/items/49984657
2026-08-08 04:47:07,원룸,49985489,월세,02,경기도 수원시 영통구 원천동,수원시 영통구,원천동,300,30,0,23.14,7.0,4,"아주 밝음, 더 쌀수 없는 원룸, 화장실 큼",https://www.zigbang.com/home/apt/items/49985489
2026-08-08 04:47:07,원룸,49985958,전세,02,경기도 수원시 영통구 매탄동,수원시 영통구,매탄동,10000,0,0,24,7.26,3,"올 리모델링, 무융자, LH전세 가능, 보증보험가능",https://www.zigbang.com/home/apt/items/49985958
2026-08-08 04:47:07,원룸,49825964,월세,01,경기도 용인시 수지구 풍덕천동,용인시 수지구,풍덕천동,10000,40,0,42.94,12.99,16,"전입가능,주거용오피스텔,융무,빠른입주가능",https://www.zigbang.com/home/apt/items/49825964
2026-08-08 04:47:07,원룸,49887175,월세,01,경기도 용인시 수지구 풍덕천동,용인시 수지구,풍덕천동,11000,35,0,42.94,12.99,13,"8월중입주희망,전입가능한주거용오피스텔",https://www.zigbang.com/home/apt/items/49887175
2026-08-08 04:47:07,원룸,49953276,전세,02,경기도 용인시 수지구 신봉동,용인시 수지구,신봉동,10500,0,0,26.44,8.0,3,"서수지IC차량5분,성복역차량10분 풀옵션1.5룸,보험가입O",https://www.zigbang.com/home/apt/items/49953276
2026-08-08 04:47:07,원룸,49974762,월세,01,경기도 용인시 수지구 풍덕천동,용인시 수지구,풍덕천동,1000,80,0,42.94,12.99,4,"융무,전입가능,8월 12일부터 즉시입주",https://www.zigbang.com/home/apt/items/49974762
2026-08-08 04:47:08,원룸,49980504,월세,02,경기도 안양시 만안구 안양동,안양시 만안구,안양동,10000,18,0,36.57,11.06,9,비전하우스 융자없고 전입가능하며 보증금 월세조정 가능한건물,https://www.zigbang.com/home/apt/items/49980504
2026-08-08 04:47:08,원룸,49980516,월세,02,경기도 안양시 만안구 안양동,안양시 만안구,안양동,3000,60,0,28.73,8.69,9,비전하우스 융자없고 전입가능하며 보증금 월세조정 가능한건물,https://www.zigbang.com/home/apt/items/49980516
2026-08-08 04:47:08,원룸,49980528,월세,01,경기도 안양시 만안구 안양동,안양시 만안구,안양동,1000,52,0,35.9,10.86,4,비젼하우스즉시입주가능융자없고 전입가능하며 보중금월세조정가능,https://www.zigbang.com/home/apt/items/49980528
2026-08-08 04:47:08,원룸,49980841,월세,01,경기도 군포시 당정동,군포시,당정동,5000,49,0,49,14.82,6,보증금조정가  오피스텔형 기숙사 전입가능 전세대출안됨,https://www.zigbang.com/home/apt/items/49980841
2026-08-08 04:47:08,원룸,49980861,전세,01,경기도 군포시 당정동,군포시,당정동,9000,0,0,49.62,15.01,6,풀옵션 신축급 오피스텔형 기숙사  전입신고가능,https://www.zigbang.com/home/apt/items/49980861
2026-08-08 04:47:08,원룸,49981835,월세,02,경기도 군포시 당동,군포시,당동,3000,60,0,35.36,10.7,5,신축급 풀옵션 오피스텔. 군포역 도보가능. 도배.청소 완료,https://www.zigbang.com/home/apt/items/49981835
2026-08-08 04:47:08,원룸,49982018,월세,01,경기도 군포시 산본동,군포시,산본동,1000,60,0,62,18.75,고,"역세권,신축,전망좋음,사업자용,부가세별도",https://www.zigbang.com/home/apt/items/49982018
2026-08-08 04:47:08,원룸,49984329,전세,02,경기도 군포시 금정동,군포시,금정동,32000,0,0,122.36,37.01,고,"풀옵션, 주거용전입가능, 입주협의가능, 금정역역사연결",https://www.zigbang.com/home/apt/items/49984329
2026-08-08 04:47:08,원룸,49984362,월세,02,경기도 군포시 금정동,군포시,금정동,25000,60,0,133.15,40.28,고,"주거용전입가능,전세대출,반환보증보험가능, 풀옵션, 뻥트인뷰",https://www.zigbang.com/home/apt/items/49984362
2026-08-08 04:47:08,원룸,49985056,월세,02,경기도 안양시 만안구 안양동,안양시 만안구,안양동,300,35,0,21,6.35,1,명학역13분 분리형원룸 풀옵션 즉시입주,https://www.zigbang.com/home/apt/items/49985056
2026-08-08 04:47:08,원룸,49985162,월세,01,경기도 안양시 만안구 안양동,안양시 만안구,안양동,300,40,0,18,5.44,2,명학역13분 오픈형원룸 풀옵션 즉시입주,https://www.zigbang.com/home/apt/items/49985162
2026-08-08 04:47:08,원룸,49985941,전세,01,경기도 군포시 산본동,군포시,산본동,11000,0,0,61.72,18.67,11,"산본 역세권 오피스텔전세,주거용",https://www.zigbang.com/home/apt/items/49985941
2026-08-08 04:46:54,원룸,49872781,월세,03,인천시 부평구 청천동,부평구,청천동,500,50,0,18.38,5.56,15,갈산역  대로변 컨디션good 고층뷰 신축풀옵션,https://www.zigbang.com/home/apt/items/49872781
2026-08-08 04:46:54,원룸,49872795,월세,03,인천시 부평구 청천동,부평구,청천동,500,50,0,18.38,5.56,15,갈산.부평.작전  역세권 신축 풀옵션 복층 주차가능,https://www.zigbang.com/home/apt/items/49872795
2026-08-08 04:46:54,원룸,49872805,월세,03,인천시 부평구 청천동,부평구,청천동,500,55,0,18.38,5.56,13,갈산역5분 남향 풀옵션 고층뷰 굿 헬스장 주차가능,https://www.zigbang.com/home/apt/items/49872805
2026-08-08 04:46:54,원룸,49877942,월세,03,인천시 부평구 청천동,부평구,청천동,500,49,0,18.38,5.56,13,갈산역 신축복층 몸만와요 완전 풀옵션 주차가능,https://www.zigbang.com/home/apt/items/49877942
2026-08-08 04:46:54,원룸,49881201,월세,03,인천시 부평구 청천동,부평구,청천동,500,50,0,18.38,5.56,13,갈산역 초근접 거주 만족도 최상,https://www.zigbang.com/home/apt/items/49881201
2026-08-08 04:46:54,원룸,49899473,월세,03,인천시 부평구 청천동,부평구,청천동,150,65,0,26.45,8.0,14,o8월업데이트o단기o풀옵션oo저렴한방oo공실24시항시대기,https://www.zigbang.com/home/apt/items/49899473
2026-08-08 04:46:54,원룸,49899528,월세,03,인천시 부평구 청천동,부평구,청천동,150,65,0,26.45,8.0,14,o8월업데이트o단기o풀옵션oo저렴한방o공실24시항시대기,https://www.zigbang.com/home/apt/items/49899528
2026-08-08 04:46:54,원룸,49905536,월세,03,인천시 부평구 청천동,부평구,청천동,150,65,0,26.45,8.0,14,ꔫㅡBESTㅡꔫ 신축 알뜰형복층 단기가능,https://www.zigbang.com/home/apt/items/49905536
2026-08-08 04:46:54,원룸,49953746,월세,03,인천시 부평구 청천동,부평구,청천동,500,55,0,18.38,5.56,13,갈산역5분 고층스카이뷰 몸만와요 옵션빵빵 청소완료,https://www.zigbang.com/home/apt/items/49953746
2026-08-08 04:46:54,원룸,49961868,월세,01,인천시 부평구 갈산동,부평구,갈산동,300,30,0,18.18,5.5,4,갈산역인근 엘리베이터있는 아담한원룸,https://www.zigbang.com/home/apt/items/49961868
2026-08-08 04:46:54,원룸,49881124,월세,03,인천시 계양구 작전동,계양구,작전동,1000,46,0,30.6,9.26,3,"넓은 풀옵션 복층 원룸, 지하철 근접",https://www.zigbang.com/home/apt/items/49881124
2026-08-08 04:46:54,원룸,49961832,월세,01,인천시 부평구 갈산동,부평구,갈산동,300,30,0,19.83,6.0,3,"원룸 대비 넓은 평수, 가성비 오픈형 원룸",https://www.zigbang.com/home/apt/items/49961832
2026-08-08 04:46:54,원룸,49961851,월세,01,인천시 부평구 갈산동,부평구,갈산동,300,30,0,23.14,7.0,4,"갈산시장, 관리 잘 된 원룸",https://www.zigbang.com/home/apt/items/49961851
2026-08-08 04:47:09,원룸,49771417,월세,02,경기도 의왕시 청계동,의왕시,청계동,6000,50,0,33.06,10.0,1,거실공간있는 1.5룸 월세 I 빠른이사가능,https://www.zigbang.com/home/apt/items/49771417
2026-08-08 04:47:09,원룸,49920607,월세,01,경기도 의왕시 학의동,의왕시,학의동,500,45,0,15,4.54,2,숲뷰 I 조용한지역 I 주차편리 I 채광굿,https://www.zigbang.com/home/apt/items/49920607
2026-08-08 04:47:10,원룸,49815015,월세,05,경기도 성남시 수정구 금토동,성남시 수정구,금토동,3000,290,0,207.69,62.83,중,"L 2년계약시250,직장인가능,방3,욕실2,드레스룸외",https://www.zigbang.com/home/apt/items/49815015
2026-08-08 04:47:10,원룸,49826875,월세,05,경기도 성남시 수정구 금토동,성남시 수정구,금토동,3000,290,0,207.69,62.83,중,"L 업무용,블라인드, 방3,화장실2팬트리,스타일러외",https://www.zigbang.com/home/apt/items/49826875
2026-08-08 04:47:10,원룸,49850434,월세,02,경기도 성남시 수정구 금토동,성남시 수정구,금토동,1000,95,0,63.83,19.31,중,"L  분리형, 준신축, 전입안되요, 직장인가능",https://www.zigbang.com/home/apt/items/49850434
2026-08-08 04:47:10,원룸,49902360,월세,02,경기도 성남시 수정구 금토동,성남시 수정구,금토동,1000,100,0,48,14.52,8,"O 1.5룸, 남향, 최고층,사업자.",https://www.zigbang.com/home/apt/items/49902360
2026-08-08 04:47:10,원룸,49902527,월세,02,경기도 성남시 수정구 금토동,성남시 수정구,금토동,1500,160,0,129.83,39.27,고,"O 2룸,  아파트형, 직장인도 가능",https://www.zigbang.com/home/apt/items/49902527
2026-08-08 04:47:10,원룸,49957022,월세,02,경기도 성남시 수정구 금토동,성남시 수정구,금토동,2000,90,0,63.48,19.2,8,"O 1.5룸, 전문입주청소 , 8.8일 이후 입주, 남향",https://www.zigbang.com/home/apt/items/49957022
2026-08-08 04:47:11,원룸,49636301,전세,02,경기도 용인시 처인구 포곡읍 둔전리,용인시 처인구,포곡읍,5460,0,0,23.86,7.22,3,"대출 및 보증보험 가능, 준신축 1.5룸, 8월 중순 입주",https://www.zigbang.com/home/apt/items/49636301
2026-08-08 04:47:11,원룸,49778818,월세,02,경기도 용인시 처인구 포곡읍 둔전리,용인시 처인구,포곡읍,500,55,0,32.55,9.85,2,넓은 투룸같은 1.5룸 풀옵션 신축5년차 교통 경전철 편리,https://www.zigbang.com/home/apt/items/49778818
2026-08-08 04:47:11,원룸,49835080,월세,02,경기도 용인시 처인구 포곡읍 둔전리,용인시 처인구,포곡읍,500,40,0,23.25,7.03,3,보라뒤 해잘들고 풀옵션 주차좋음 즉시입주가능 주방 분리,https://www.zigbang.com/home/apt/items/49835080
2026-08-08 04:47:11,원룸,49907957,월세,02,경기도 용인시 처인구 포곡읍 둔전리,용인시 처인구,포곡읍,500,35,0,23.14,7.0,2,"가성비 굿, 신원사거리 인근, 8월 16일 입주",https://www.zigbang.com/home/apt/items/49907957
2026-08-08 04:47:11,원룸,49934195,월세,02,경기도 용인시 처인구 포곡읍 전대리,용인시 처인구,포곡읍,500,60,0,24.13,7.3,5,"최고급풀옵션 원룸, 1년미만단기불가",https://www.zigbang.com/home/apt/items/49934195
2026-08-08 04:47:11,원룸,49943344,월세,02,경기도 용인시 처인구 포곡읍 둔전리,용인시 처인구,포곡읍,500,45,0,35,10.59,3,풀옵션아주넓은곳다이소인근 학군교통 편의시설 경전철굿,https://www.zigbang.com/home/apt/items/49943344
2026-08-08 04:47:11,원룸,49961377,월세,01,경기도 용인시 처인구 포곡읍 둔전리,용인시 처인구,포곡읍,500,35,0,23.14,7.0,3,"주차 보장, 상권 중심지,  즉시입주",https://www.zigbang.com/home/apt/items/49961377
2026-08-08 04:47:11,원룸,49961639,월세,02,경기도 용인시 처인구 포곡읍 둔전리,용인시 처인구,포곡읍,500,43,0,24.3,7.35,2,"깨끗하고 넓은 분리형, 가성비 굿, 8월말 입주",https://www.zigbang.com/home/apt/items/49961639
2026-08-08 04:47:11,원룸,49983743,월세,02,경기도 용인시 처인구 포곡읍 둔전리,용인시 처인구,포곡읍,2000,85,0,48.88,14.79,2,"준신축 깨끗한 투룸, 옵션 있음, 즉시입주",https://www.zigbang.com/home/apt/items/49983743
2026-08-08 04:47:11,원룸,49733276,월세,02,경기도 용인시 처인구 포곡읍 삼계리,용인시 처인구,포곡읍,300,40,0,39.66,12.0,3,넓고올수리된집 시세보다싼집 고급진가구 서두르세요 풀옵션,https://www.zigbang.com/home/apt/items/49733276
2026-08-08 04:47:11,원룸,49775945,월세,02,경기도 용인시 처인구 포곡읍 삼계리,용인시 처인구,포곡읍,300,37,0,26,7.86,3,풀옵션 시세보다싼집 채광좋고 조용주차굿보안잘됨 도시가스,https://www.zigbang.com/home/apt/items/49775945
2026-08-08 04:47:11,원룸,49923550,월세,02,경기도 용인시 처인구 포곡읍 둔전리,용인시 처인구,포곡읍,300,30,0,26.44,8.0,2,"가성비 최고 분리형 원룸, 8월말 입주",https://www.zigbang.com/home/apt/items/49923550
2026-08-08 04:47:11,원룸,49942066,전세,02,경기도 용인시 처인구 포곡읍 금어리,용인시 처인구,포곡읍,8000,0,0,35.09,10.61,2,"대출 및 보증보험, 1.5룸, 조용 쾌적,9월말 이후 입주",https://www.zigbang.com/home/apt/items/49942066
2026-08-08 04:47:11,원룸,49961582,월세,02,경기도 용인시 처인구 포곡읍 금어리,용인시 처인구,포곡읍,1000,50,0,41.64,12.6,2,"넓고 깨끗한 1.5룸, 조용 쾌적, 11월 입주협의",https://www.zigbang.com/home/apt/items/49961582
2026-08-08 04:47:12,원룸,49982964,월세,01,경기도 성남시 중원구 성남동,성남시 중원구,성남동,14200,20,0,46.28,14.0,8,건축4년 모란역 5분 풀옵션 주차기능 전세대출 보증보험가능,https://www.zigbang.com/home/apt/items/49982964
2026-08-08 04:47:12,원룸,49982972,월세,01,경기도 성남시 중원구 성남동,성남시 중원구,성남동,6000,35,0,18.18,5.5,2,"7천30가능, 주차가능, 모란역3분, 현관보안, 즉시입주",https://www.zigbang.com/home/apt/items/49982972
2026-08-08 04:47:12,원룸,49983035,월세,01,경기도 성남시 중원구 성남동,성남시 중원구,성남동,500,25,0,10,3.02,10,"모란역 5분, 깔끔한 풀옵션 원룸, 빠른입주가능",https://www.zigbang.com/home/apt/items/49983035
2026-08-08 04:47:12,원룸,49983060,월세,01,경기도 성남시 중원구 성남동,성남시 중원구,성남동,2000,60,0,18,5.44,5,"건축2 모란역5분  깔끔,채광상태좋음  1000  65가능",https://www.zigbang.com/home/apt/items/49983060
2026-08-08 04:47:12,원룸,49983073,월세,01,경기도 성남시 중원구 성남동,성남시 중원구,성남동,1000,50,0,20,6.05,4,모란역5분 분리형  풀옵션입니다 방 넒어요,https://www.zigbang.com/home/apt/items/49983073
2026-08-08 04:47:12,원룸,49983119,월세,01,경기도 성남시 중원구 하대원동,성남시 중원구,하대원동,1000,65,0,20,6.05,3,모란역 5분 풀옵션 원룸입니다 깔끔함 전입신고가능,https://www.zigbang.com/home/apt/items/49983119
2026-08-08 04:47:12,원룸,49983135,월세,02,경기도 성남시 중원구 하대원동,성남시 중원구,하대원동,2000,95,0,39.67,12.0,5,모란역5분  건축6년 분리형 방 거실거실  넒어요 풀옵션,https://www.zigbang.com/home/apt/items/49983135
2026-08-08 04:47:12,원룸,49983344,월세,01,경기도 성남시 중원구 성남동,성남시 중원구,성남동,1000,70,0,18,5.44,6,"8월24부터, 신축건물, 대로변, 2천65가능, 채광좋음",https://www.zigbang.com/home/apt/items/49983344
2026-08-08 04:47:12,원룸,49983376,월세,02,경기도 성남시 중원구 성남동,성남시 중원구,성남동,2000,65,0,18,5.44,6,"깔끔한 풀옵션, 원룸건물 주택가, 주차가능, 동물X",https://www.zigbang.com/home/apt/items/49983376
2026-08-08 04:47:12,원룸,49984361,월세,01,경기도 성남시 중원구 하대원동,성남시 중원구,하대원동,5000,36,0,19.83,6.0,4,"6천31가능, 9월19이사, 신축7년원룸건물, 모란역5분",https://www.zigbang.com/home/apt/items/49984361
2026-08-08 04:47:12,원룸,49985517,월세,01,경기도 성남시 중원구 성남동,성남시 중원구,성남동,2000,55,0,18,5.44,2,"9월말이후, 3천50 주차가능, 사업자가능, 모란역3분",https://www.zigbang.com/home/apt/items/49985517
2026-08-08 04:47:12,원룸,49986015,월세,01,경기도 성남시 중원구 성남동,성남시 중원구,성남동,1000,63,0,35,10.59,2,"즉시,관리비포함89.2만원,계약2년,주거용,풀옵션",https://www.zigbang.com/home/apt/items/49986015
2026-08-08 04:47:13,원룸,49677599,월세,01,경기도 광주시 송정동,광주시,송정동,1000,35,0,25,7.56,4,부엌분리형 원룸 월세,https://www.zigbang.com/home/apt/items/49677599
2026-08-08 04:47:13,원룸,49700847,월세,02,경기도 광주시 송정동,광주시,송정동,300,37,0,23.14,7.0,3,주방분리형 원룸 입니다,https://www.zigbang.com/home/apt/items/49700847
2026-08-08 04:47:13,원룸,49712447,월세,01,경기도 광주시 송정동,광주시,송정동,500,40,0,26.45,8.0,2,깨끗한  베란다 있는 대형 원룸입니다,https://www.zigbang.com/home/apt/items/49712447
2026-08-08 04:47:13,원룸,49725178,월세,01,경기도 광주시 송정동,광주시,송정동,400,35,0,25,7.56,2,보건소가 가까운 원룸 입니다,https://www.zigbang.com/home/apt/items/49725178
2026-08-08 04:47:13,원룸,49845511,월세,01,경기도 광주시 경안동,광주시,경안동,300,40,0,25,7.56,4,이마트 건너편 원룸 월세,https://www.zigbang.com/home/apt/items/49845511
2026-08-08 04:47:13,원룸,49930547,월세,01,경기도 광주시 송정동,광주시,송정동,500,40,0,25,7.56,2,이마트와 가까운 원룸입니다,https://www.zigbang.com/home/apt/items/49930547
2026-08-08 04:47:13,원룸,49972271,월세,01,경기도 광주시 경안동,광주시,경안동,500,40,0,23.14,7.0,2,공설운동장 인근 원룸 월세,https://www.zigbang.com/home/apt/items/49972271
2026-08-08 04:47:13,원룸,49972345,월세,01,경기도 광주시 역동,광주시,역동,1000,40,0,25,7.56,2,"역동중심권 오피스텔 월세,보증금 조절가능",https://www.zigbang.com/home/apt/items/49972345
2026-08-08 04:47:13,원룸,49893353,월세,02,서울시 동작구 흑석동,동작구,흑석동,3000,55,0,19.83,6.0,2,중앙대원룸전문 신축급분리형 풀옵션 원룸 실매물,https://www.zigbang.com/home/apt/items/49893353
2026-08-08 04:47:13,원룸,49901823,월세,02,서울시 동작구 흑석동,동작구,흑석동,5000,65,0,17,5.14,2,중대중문 3분 신축 지상층 양창 깔끔하고 햇빛 잘드는 방,https://www.zigbang.com/home/apt/items/49901823
2026-08-08 04:47:13,원룸,49901842,월세,02,서울시 동작구 흑석동,동작구,흑석동,5000,60,0,18.5,5.6,3,중앙대정문 도보4분 넓은 신축 분리형원룸 실4층 귀한지상층,https://www.zigbang.com/home/apt/items/49901842
2026-08-08 04:47:13,원룸,49929830,월세,01,서울시 동작구 노량진동,동작구,노량진동,1000,47,0,17.5,5.29,2,㉧BEST㉧리모델링 깔끔한 풀옵션원룸,https://www.zigbang.com/home/apt/items/49929830
2026-08-08 04:47:13,원룸,49962124,월세,01,서울시 동작구 노량진동,동작구,노량진동,200,39,0,16.54,5.0,반지하,㉦TOP㉦가성비 최고 ㉦깔끔한㉦풀옵션 원룸㉦,https://www.zigbang.com/home/apt/items/49962124
2026-08-08 04:47:13,원룸,49968954,월세,02,서울시 동작구 흑석동,동작구,흑석동,500,53,0,19,5.75,반지하,중문인근. 깔끔하고 쾌적한 화이트톤 분리형.,https://www.zigbang.com/home/apt/items/49968954
2026-08-08 04:47:13,원룸,49981105,월세,02,서울시 동작구 흑석동,동작구,흑석동,3000,75,0,18,5.44,반지하,"의대,약대 중대중문3분 신축 지상층 넓은 분리형풀옵션",https://www.zigbang.com/home/apt/items/49981105
2026-08-08 04:47:13,원룸,49675199,월세,02,서울시 용산구 이촌동,용산구,이촌동,2000,120,0,39.81,12.04,3,HUG가능 풀옵션 분리형원룸 12평 주차 전세가능,https://www.zigbang.com/home/apt/items/49675199
2026-08-08 04:47:34,원룸,49849676,월세,02,경기도 김포시 통진읍 마송리,김포시,통진읍,500,59,0,45,13.61,1,투룸 깨끗합니다,https://www.zigbang.com/home/apt/items/49849676
2026-08-08 04:47:35,원룸,49364597,월세,03,경기도 파주시 다율동,파주시,다율동,500,70,0,26.75,8.09,4,풀옵션 복층 사무실 전입불가 전용13평 엄청넓음,https://www.zigbang.com/home/apt/items/49364597
2026-08-08 04:47:35,원룸,49871899,월세,03,경기도 파주시 다율동,파주시,다율동,1000,80,0,103.04,31.17,고,엄청넓은 복층형 전용16 풀옵션 남향,https://www.zigbang.com/home/apt/items/49871899
2026-08-08 04:47:35,원룸,49908063,월세,01,경기도 파주시 다율동,파주시,다율동,300,35,0,16.53,5.0,2,다율동 원룸.,https://www.zigbang.com/home/apt/items/49908063
2026-08-08 04:47:35,원룸,49908123,월세,03,경기도 파주시 다율동,파주시,다율동,500,65,0,88.43,26.75,고,업무용.전용13평.천장형냉난방기.주방풀옵션.개별화장실.,https://www.zigbang.com/home/apt/items/49908123
2026-08-08 04:47:35,원룸,49908131,월세,01,경기도 파주시 문발동,파주시,문발동,300,32,0,19.83,6.0,3,깨끗한 원룸.,https://www.zigbang.com/home/apt/items/49908131
2026-08-08 04:47:35,원룸,49908157,월세,01,경기도 파주시 문발동,파주시,문발동,300,35,0,16.53,5.0,3,문발동 원룸.,https://www.zigbang.com/home/apt/items/49908157
2026-08-08 04:47:35,원룸,49908183,월세,02,경기도 파주시 다율동,파주시,다율동,500,43,0,16.53,5.0,3,다율동 깨끗한 1.5룸.,https://www.zigbang.com/home/apt/items/49908183
2026-08-08 04:47:37,원룸,49736951,월세,02,경기도 고양시 덕양구 내유동,고양시 덕양구,내유동,1000,50,0,46.9,14.19,1,단독주택입니다 버스정류장까지 가깝습니다,https://www.zigbang.com/home/apt/items/49736951
2026-08-08 04:47:37,원룸,49726840,월세,02,경기도 파주시 탄현면 법흥리,파주시,탄현면,500,38,0,37,11.19,1,"귀한 1.5룸, 풀옵션, 깨끗하고 안전하며 주차가능합니다.",https://www.zigbang.com/home/apt/items/49726840
2026-08-08 04:47:37,원룸,49806374,월세,02,경기도 파주시 탄현면 대동리,파주시,탄현면,1000,45,0,38,11.49,2,"준신축, 채광이 좋습니다. 방과 거실이 분리, 주차 가능",https://www.zigbang.com/home/apt/items/49806374
2026-08-08 04:47:38,원룸,49804459,월세,01,경기도 파주시 월롱면 덕은리,파주시,월롱면,100,20,0,18,5.44,3,대로변  원룸 주차편함  풀옵션구성 관리비는 난방비제외.,https://www.zigbang.com/home/apt/items/49804459
2026-08-08 04:47:38,원룸,49804495,월세,02,경기도 파주시 월롱면 능산리,파주시,월롱면,200,40,0,35,10.59,5,"1.5룸 분리형 풀옵션 깨끗함 주차편함,엘리베이트.",https://www.zigbang.com/home/apt/items/49804495
2026-08-08 04:47:38,원룸,49804546,월세,02,경기도 파주시 월롱면 덕은리,파주시,월롱면,200,50,0,50,15.12,3,"분리형 2룸  풀옵션 에어컨2대 ,냉장고,세탁기등 풀옵션,",https://www.zigbang.com/home/apt/items/49804546
2026-08-08 04:47:38,원룸,49866897,월세,02,경기도 파주시 월롱면 덕은리,파주시,월롱면,100,50,0,40,12.1,3,"깨끗1.5룸 ,주변편의상권형성 , 풀옵션 에어컨 냉장고등.",https://www.zigbang.com/home/apt/items/49866897
2026-08-08 04:47:38,원룸,49866994,월세,02,경기도 파주시 월롱면 덕은리,파주시,월롱면,200,55,0,50,15.12,4,"2룸넓고 깨끗함, 풀옵션 화장실2개,에어컨2,세탁기냉장고",https://www.zigbang.com/home/apt/items/49866994
2026-08-08 04:47:38,원룸,49867048,월세,02,경기도 파주시 월롱면 덕은리,파주시,월롱면,100,40,0,36.3,10.98,4,깨끗한 1.5룸 넓음 주차가능 풀옵션.,https://www.zigbang.com/home/apt/items/49867048
2026-08-08 04:47:38,원룸,49918006,월세,01,경기도 파주시 월롱면 덕은리,파주시,월롱면,100,30,0,19.83,6.0,4,"P7,P8 인근 대출없고 전입신고 가능한 깨끗한 원룸",https://www.zigbang.com/home/apt/items/49918006
2026-08-08 04:47:38,원룸,49918311,월세,01,경기도 파주시 월롱면 덕은리,파주시,월롱면,100,25,0,20,6.05,3,깨끗풀옵션 단지형  원룸 넓은주차장  파주 LCD  P8,https://www.zigbang.com/home/apt/items/49918311
2026-08-08 04:47:38,원룸,49931847,월세,03,경기도 파주시 월롱면 덕은리,파주시,월롱면,200,30,0,66.65,20.16,고,"즉시 입주, 깨끗하고 전입신고 가능한 풀옵션 오피스텔",https://www.zigbang.com/home/apt/items/49931847
2026-08-08 04:47:38,원룸,49944084,월세,03,경기도 파주시 월롱면 덕은리,파주시,월롱면,200,30,0,66.65,20.16,6,"남향,도배깨끗, 전입신고 가능한  풀옵션 오피스텔",https://www.zigbang.com/home/apt/items/49944084
2026-08-08 04:47:38,원룸,49956530,월세,01,경기도 파주시 월롱면 덕은리,파주시,월롱면,50,30,0,23.14,7.0,3,"전입신고가능, 조용하고 주차가 편한 풀옵션 넓은 원룸",https://www.zigbang.com/home/apt/items/49956530
2026-08-08 04:47:38,원룸,49684139,월세,01,경기도 파주시 문산읍 선유리,파주시,문산읍,100,30,0,19,5.75,3,선유리 원룸 I 수납함 여유있는 저렴한 원룸,https://www.zigbang.com/home/apt/items/49684139
2026-08-08 04:47:38,원룸,49684140,월세,02,경기도 파주시 문산읍 선유리,파주시,문산읍,100,40,0,20,6.05,3,선유리 원룸 I 옷장 수납함 넉넉한 분리형 원룸입니다.,https://www.zigbang.com/home/apt/items/49684140
2026-08-08 04:47:38,원룸,49684145,월세,01,경기도 파주시 문산읍 당동리,파주시,문산읍,100,30,0,18,5.44,4,당동원룸 I 한달 월세 관리비 35만원 그외비용없음,https://www.zigbang.com/home/apt/items/49684145
2026-08-08 04:47:38,원룸,49684147,월세,01,경기도 파주시 문산읍 선유리,파주시,문산읍,100,35,0,20,6.05,2,선유리 원룸 I가성비 좋은 오픈형 원룸,https://www.zigbang.com/home/apt/items/49684147
2026-08-08 04:47:38,원룸,49684155,월세,01,경기도 파주시 문산읍 선유리,파주시,문산읍,200,30,0,20,6.05,3,선유리 원룸 I 풀옵션 I 한달40만원 그외비용 없음,https://www.zigbang.com/home/apt/items/49684155
2026-08-08 04:47:38,원룸,49684161,월세,01,경기도 파주시 문산읍 선유리,파주시,문산읍,100,30,0,20,6.05,3,선유리 원룸 I 월세 관리비 공과금 40만원 그외 비용없음,https://www.zigbang.com/home/apt/items/49684161
2026-08-08 04:47:38,원룸,49857627,월세,01,경기도 파주시 문산읍 당동리,파주시,문산읍,100,30,0,18,5.44,4,당동원룸 I 깔끔하게 관리 잘된 시내쪽 원룸,https://www.zigbang.com/home/apt/items/49857627
2026-08-08 04:47:38,원룸,49878981,월세,01,경기도 파주시 문산읍 당동리,파주시,문산읍,500,35,0,20,6.05,5,당동리  엘베있는 깔끔한 원룸,https://www.zigbang.com/home/apt/items/49878981
2026-08-08 04:47:38,원룸,49966494,월세,01,경기도 파주시 문산읍 당동리,파주시,문산읍,100,30,0,17,5.14,2,㉧모든공과금 관리비에 포함㉧단기가능㉧저보증금㉧풀옵션㉧,https://www.zigbang.com/home/apt/items/49966494
2026-08-08 04:47:40,원룸,49743688,월세,01,서울시 도봉구 방학동,도봉구,방학동,500,58,0,26.55,8.03,1,도깨비시장 부근 방학동 살기좋은 원룸,https://www.zigbang.com/home/apt/items/49743688
2026-08-08 04:47:40,원룸,49833758,전세,03,서울시 도봉구 방학동,도봉구,방학동,14000,0,0,26.45,8.0,14,방학신화하니엘시티 LH.SH 전세,https://www.zigbang.com/home/apt/items/49833758
2026-08-08 04:47:40,원룸,49867582,월세,01,서울시 도봉구 방학동,도봉구,방학동,200,40,0,19.53,5.91,2,도봉구 방학동  살기좋은 원룸,https://www.zigbang.com/home/apt/items/49867582
2026-08-08 04:47:40,원룸,49943231,월세,03,서울시 도봉구 방학동,도봉구,방학동,500,62,0,32.07,9.7,저,"방학 신화하니엘시티 월세, 전입신고 가능",https://www.zigbang.com/home/apt/items/49943231
2026-08-08 04:47:40,원룸,49944533,월세,01,서울시 도봉구 방학동,도봉구,방학동,180,73,0,33.05,10.0,고,"신축급풀옵션, 단기가능.역세권 방학역1분, 주차가",https://www.zigbang.com/home/apt/items/49944533
2026-08-08 04:47:40,원룸,49977254,월세,01,서울시 도봉구 도봉동,도봉구,도봉동,1000,50,0,33.06,10.0,6,방큰원룸 신축급 풀옵션 여성전용 엘베있슴 도봉산역 주차가,https://www.zigbang.com/home/apt/items/49977254
2026-08-08 04:47:40,원룸,49977360,월세,01,서울시 도봉구 도봉동,도봉구,도봉동,1000,45,0,33.1,10.01,4,신축급 큰방풀옵션 시설깨끗 역세권 도봉산역 엘베 주차가,https://www.zigbang.com/home/apt/items/49977360
2026-08-08 04:47:40,원룸,49977431,월세,01,서울시 도봉구 도봉동,도봉구,도봉동,300,32,0,16.52,5.0,4,풀옵션깨끗 역세권1호선도봉역 4분 버스전용 20개노선,https://www.zigbang.com/home/apt/items/49977431
2026-08-08 04:47:40,원룸,49977468,월세,01,서울시 도봉구 방학동,도봉구,방학동,500,65,0,29.75,9.0,6,"신축급풀옵션 즉시입주  시설깨끗 초역세권 방학역 ,주차가",https://www.zigbang.com/home/apt/items/49977468
2026-08-08 04:47:40,원룸,49977950,월세,01,서울시 도봉구 도봉동,도봉구,도봉동,1000,45,0,18.75,5.67,4,"도봉산역,신축급,내외부깨끗,엘베",https://www.zigbang.com/home/apt/items/49977950
2026-08-08 04:47:40,원룸,49668357,전세,01,서울시 노원구 상계동,노원구,상계동,2500,0,0,14,4.23,반지하,공실 가전제품옵션 상계역3분,https://www.zigbang.com/home/apt/items/49668357
2026-08-08 04:47:40,원룸,49736459,전세,01,서울시 노원구 상계동,노원구,상계동,2500,0,0,15.08,4.56,반지하,풀 옵션 입니다.,https://www.zigbang.com/home/apt/items/49736459
2026-08-08 04:47:40,원룸,49833820,월세,01,서울시 노원구 상계동,노원구,상계동,500,40,0,17,5.14,2,집앞주차 옵션 상계역5분 입주일조정가능,https://www.zigbang.com/home/apt/items/49833820
2026-08-08 04:47:40,원룸,49842699,월세,02,경기도 의정부시 호원동,의정부시,호원동,500,38,0,19.83,6.0,2,주방분리형1.5룸 풀옵션 깨끗,https://www.zigbang.com/home/apt/items/49842699
2026-08-08 04:47:40,원룸,49844406,월세,02,경기도 의정부시 호원동,의정부시,호원동,300,40,0,21.49,6.5,2,신축1.5룸 분리형 풀옵션 깨끗,https://www.zigbang.com/home/apt/items/49844406
2026-08-08 04:47:40,원룸,49845387,월세,01,서울시 노원구 상계동,노원구,상계동,2500,15,0,25.5,7.71,옥탑방,깨끗합니다..,https://www.zigbang.com/home/apt/items/49845387
2026-08-08 04:47:40,원룸,49860617,월세,01,서울시 노원구 상계동,노원구,상계동,300,30,0,23,6.96,1,8월23일이후 냉장고세탁기 가스렌지 1층 상계역5분,https://www.zigbang.com/home/apt/items/49860617
2026-08-08 04:47:40,원룸,49872373,월세,01,서울시 노원구 상계동,노원구,상계동,1000,35,0,18.5,5.6,2,상계역 도보5분,https://www.zigbang.com/home/apt/items/49872373
2026-08-08 04:47:40,원룸,49880263,월세,01,경기도 의정부시 호원동,의정부시,호원동,100,35,0,19.83,6.0,2,단기계약가능 2020년신축 풀옵션 깨끗 엘리베이터있음,https://www.zigbang.com/home/apt/items/49880263
2026-08-08 04:47:40,원룸,49889296,월세,01,서울시 노원구 상계동,노원구,상계동,500,45,0,16.53,5.0,4,상계역 도보7분 깔끔 저렴한 풀옵션,https://www.zigbang.com/home/apt/items/49889296
2026-08-08 04:47:40,원룸,49889874,전세,01,서울시 노원구 상계동,노원구,상계동,5000,0,0,19.05,5.76,3,상계역 도보5분,https://www.zigbang.com/home/apt/items/49889874
2026-08-08 04:47:40,원룸,49940416,월세,02,서울시 노원구 상계동,노원구,상계동,3000,10,0,27,8.17,반지하,방1 수리되어깨끗 상계역5분 입주일조정가능,https://www.zigbang.com/home/apt/items/49940416
2026-08-08 04:47:40,원룸,49957145,월세,02,서울시 노원구 상계동,노원구,상계동,300,30,0,23,6.96,반지하,방1  공실 수리완료 상계역5분,https://www.zigbang.com/home/apt/items/49957145
2026-08-08 04:47:40,원룸,49968842,월세,01,서울시 노원구 중계동,노원구,중계동,300,30,0,15,4.54,2,상계역1분.월세저렴한.풀옵션.빠입주,https://www.zigbang.com/home/apt/items/49968842
2026-08-08 04:47:22,원룸,49950810,월세,01,서울시 중랑구 묵동,중랑구,묵동,1000,45,0,22.5,6.81,1,"먹골역 도보 5분거리 남향원룸. 바닥1층, 남성분좋아요",https://www.zigbang.com/home/apt/items/49950810
2026-08-08 04:47:22,원룸,49968983,월세,01,서울시 중랑구 묵동,중랑구,묵동,1000,45,0,22.5,6.81,1,"채광좋은 남향, 역세권5분위치, 바닥층1층, 넓은 원룸",https://www.zigbang.com/home/apt/items/49968983
2026-08-08 04:47:41,원룸,49734059,월세,02,경기도 의정부시 가능동,의정부시,가능동,300,40,0,36.36,11.0,반지하,큰길 가깝습니다 옵션있어요 즉시입주가능합니다,https://www.zigbang.com/home/apt/items/49734059
2026-08-08 04:47:41,원룸,49809128,월세,02,경기도 의정부시 가능동,의정부시,가능동,100,15,0,33.06,10.0,3,"저렴한 원룸입니다 ,거주공간 편하게 출입가능합니다",https://www.zigbang.com/home/apt/items/49809128
2026-08-08 04:47:41,원룸,49897004,월세,02,경기도 의정부시 가능동,의정부시,가능동,100,25,0,33,9.98,1,옵션  에어컨.  가스렌지. 즉시입주가능합니다,https://www.zigbang.com/home/apt/items/49897004
2026-08-08 04:47:41,원룸,49923242,월세,02,경기도 의정부시 가능동,의정부시,가능동,500,40,0,30,9.07,3,주방 분리형 큰방 풀옵션,https://www.zigbang.com/home/apt/items/49923242
2026-08-08 04:47:41,원룸,49939872,월세,02,경기도 의정부시 가능동,의정부시,가능동,400,32,0,23,6.96,1,"ꪑꪑ실매물ꪑꪑ 분리형깔끔, 가성비 최고, 주차 굿",https://www.zigbang.com/home/apt/items/49939872
2026-08-08 04:47:41,원룸,49941201,월세,02,경기도 의정부시 녹양동,의정부시,녹양동,300,32,0,23.14,7.0,5,분리형 원룸 베란다까지 있어 편리,https://www.zigbang.com/home/apt/items/49941201
2026-08-08 04:47:41,원룸,49948236,월세,01,경기도 의정부시 녹양동,의정부시,녹양동,400,39,0,23.14,7.0,6,"너무 넓은 사이즈, 주차완전 넉넉, 쾌적한환경 이마트30초",https://www.zigbang.com/home/apt/items/49948236
2026-08-08 04:47:41,원룸,49962259,월세,02,경기도 의정부시 가능동,의정부시,가능동,1,50,0,34,10.28,3,무보증.녹양역 7분.소형반려견가능. 분리형1.5룸.즉시입주,https://www.zigbang.com/home/apt/items/49962259
2026-08-08 04:47:41,원룸,49972043,월세,02,경기도 의정부시 가능동,의정부시,가능동,100,33,0,33.06,10.0,반지하,"저렴합니다
하이샷시. 방화문입니다 
즉시입주가능합니다",https://www.zigbang.com/home/apt/items/49972043
2026-08-08 04:47:41,원룸,49981781,월세,01,경기도 의정부시 가능동,의정부시,가능동,400,32,0,23.14,7.0,3,VV안심중개사VV 완벽한 분려형원룸 조용해요.실사진 제공.,https://www.zigbang.com/home/apt/items/49981781
2026-08-08 04:47:41,원룸,49981783,월세,02,경기도 의정부시 가능동,의정부시,가능동,400,32,0,23.14,7.0,3,VV안심중개사VV 풀옵션 조용한 분리형원룸 .실사진 제공.,https://www.zigbang.com/home/apt/items/49981783
2026-08-08 04:47:42,원룸,49783757,월세,03,경기도 남양주시 별내동,남양주시,별내동,6000,22,0,22,6.65,3,"식송2블럭, 복층원룸, 전입가능,입주협의",https://www.zigbang.com/home/apt/items/49783757
2026-08-08 04:47:42,원룸,49951197,월세,03,경기도 남양주시 별내동,남양주시,별내동,2000,49,0,22,6.65,4,"별가람역 도보10분 뷰 좋은 복층형 풀옵션 원룸, 빠른입주",https://www.zigbang.com/home/apt/items/49951197
2026-08-08 04:47:42,원룸,49918776,월세,01,경기도 남양주시 금곡동,남양주시,금곡동,100,55,0,33,9.98,3,"넓은풀옵션원룸 , 단기임대가능 3개월부터, 큰냉장고,비데o",https://www.zigbang.com/home/apt/items/49918776
2026-08-08 04:47:42,원룸,49918789,월세,01,경기도 남양주시 금곡동,남양주시,금곡동,500,30,0,28,8.47,4,"저렴한 풀옵션, 즉시입주가능",https://www.zigbang.com/home/apt/items/49918789
2026-08-08 04:47:42,원룸,49918822,월세,01,경기도 남양주시 금곡동,남양주시,금곡동,500,50,0,30,9.07,5,"금곡역세권, 빠른입주가능, 엘레베이터o",https://www.zigbang.com/home/apt/items/49918822
2026-08-08 04:47:42,원룸,49918831,월세,01,경기도 남양주시 금곡동,남양주시,금곡동,30,32,0,11.5,3.48,7,"엘레베이터o,주차가능,금곡역세권,즉시입주,전입신고x",https://www.zigbang.com/home/apt/items/49918831
2026-08-08 04:47:42,원룸,49920792,월세,01,경기도 남양주시 오남읍 오남리,남양주시,오남읍,1000,45,0,19.83,6.0,4,오남리 두산인근 원룸,https://www.zigbang.com/home/apt/items/49920792
2026-08-08 04:47:43,원룸,49905436,월세,01,경기도 의정부시 낙양동,의정부시,낙양동,500,50,0,18,5.44,2,민락2지구 깨끗한 풀옵션 원룸월세,https://www.zigbang.com/home/apt/items/49905436
2026-08-08 04:47:43,원룸,49961186,전세,01,경기도 의정부시 낙양동,의정부시,낙양동,7500,0,0,20,6.05,2,건축6차 깨끗한 풀옵션원룸 전세,https://www.zigbang.com/home/apt/items/49961186
2026-08-08 04:47:43,원룸,49961223,전세,01,경기도 의정부시 낙양동,의정부시,낙양동,7500,0,0,20,6.05,2,건축6차 깨끗한 풀옵션원룸 전세,https://www.zigbang.com/home/apt/items/49961223
2026-08-08 04:47:43,원룸,49650608,월세,02,경기도 양주시 광적면 석우리,양주시,광적면,200,30,0,19.83,6.0,2,분리형 원룸.남향.전세가능,https://www.zigbang.com/home/apt/items/49650608
2026-08-08 04:47:43,원룸,49650892,월세,02,경기도 양주시 광적면 석우리,양주시,광적면,200,30,0,19.83,6.0,3,꼬끼오 옆 분리형 원룸,https://www.zigbang.com/home/apt/items/49650892
2026-08-08 04:47:43,원룸,49873013,월세,01,경기도 양주시 광적면 가납리,양주시,광적면,300,30,0,21.49,6.5,3,수납좋고 채광좋음,https://www.zigbang.com/home/apt/items/49873013
2026-08-08 04:47:44,원룸,49927241,전세,01,경기도 양주시 덕계동,양주시,덕계동,4000,0,0,19.83,6.0,3,"풀옵션, 위치좋은원룸, 전세입니다.",https://www.zigbang.com/home/apt/items/49927241
2026-08-08 04:47:44,원룸,49982902,월세,01,경기도 양주시 덕계동,양주시,덕계동,500,55,0,20.2,6.11,2,"준신축. 풀옵션, 즉시입주, 엘베설치",https://www.zigbang.com/home/apt/items/49982902
2026-08-08 04:47:44,원룸,49850506,전세,05,경기도 양주시 덕계동,양주시,덕계동,24900,0,0,70.43,21.3,2,"왕왕 추천,에어컨2대,엘리베이터,빠른입주가능해요",https://www.zigbang.com/home/apt/items/49850506
2026-08-08 04:47:44,원룸,49900942,월세,01,경기도 양주시 고암동,양주시,고암동,200,27,0,23.14,7.0,2,원룸 오픈형 옵션좋고 조용한 방이예요,https://www.zigbang.com/home/apt/items/49900942
2026-08-08 04:47:44,원룸,49900951,전세,01,경기도 양주시 고암동,양주시,고암동,3500,0,0,26.45,8.0,4,오픈형 넓은 원룸 리모델링 헤서 깔끔함,https://www.zigbang.com/home/apt/items/49900951
2026-08-08 04:47:44,원룸,49900970,월세,01,경기도 양주시 고암동,양주시,고암동,200,27,0,23.14,7.0,2,원룸.. 저렴하고 가성비 좋은 공실,https://www.zigbang.com/home/apt/items/49900970
2026-08-08 04:47:44,원룸,49900978,월세,01,경기도 양주시 고암동,양주시,고암동,300,25,0,26.45,8.0,1,원룸. 오픈형 넓은 방  옵션 좋은 방.즉시 입주,https://www.zigbang.com/home/apt/items/49900978
2026-08-08 04:47:44,원룸,49909269,월세,02,경기도 양주시 고암동,양주시,고암동,3000,50,0,33.9,10.25,2,U초대형 U 분리형 1.5룸 U 풀옵션 U 빠른입주가능 U,https://www.zigbang.com/home/apt/items/49909269
2026-08-08 04:47:44,원룸,49909372,월세,02,경기도 양주시 고암동,양주시,고암동,500,53,0,29.7,8.98,3,"딱떨어지는 원룸, 풀옵션,환하고 밝고 좋아요",https://www.zigbang.com/home/apt/items/49909372
2026-08-08 04:47:44,원룸,49909418,월세,02,경기도 양주시 덕계동,양주시,덕계동,3000,55,0,33.9,10.25,2,U풀옵션 1.5룸U 역세권 U 신축U 두번째입주U,https://www.zigbang.com/home/apt/items/49909418
2026-08-08 04:47:44,원룸,49909511,월세,02,경기도 양주시 고암동,양주시,고암동,300,36,0,26.5,8.02,2,"바로입주가능,환하고밝아요,조용한 분리형원룸",https://www.zigbang.com/home/apt/items/49909511
2026-08-08 04:47:44,원룸,49940495,월세,01,경기도 양주시 고암동,양주시,고암동,500,53,0,20,6.05,3,"공실,준신축,새련된 인테리어,주차편리,CCTV,버스정류장",https://www.zigbang.com/home/apt/items/49940495
2026-08-08 04:47:44,원룸,49940515,월세,01,경기도 양주시 광사동,양주시,광사동,500,55,0,38.49,11.64,7,"첫입주 오피스텔,주차가능,즉시입주,풀옵션,전입신고,애견가능",https://www.zigbang.com/home/apt/items/49940515
2026-08-08 04:47:44,원룸,49940582,월세,02,경기도 양주시 광사동,양주시,광사동,500,65,0,40,12.1,6,"즉시입주가능한 오피스텔,풀옵션,스타일러,상권좋고 주차가능",https://www.zigbang.com/home/apt/items/49940582
2026-08-08 04:47:44,원룸,49979386,월세,01,경기도 양주시 덕계동,양주시,덕계동,400,49,0,23.15,7.0,2,"신축. 풀옵션. 즉시입주, 엘베설치",https://www.zigbang.com/home/apt/items/49979386
2026-08-08 04:47:44,원룸,49834515,월세,01,경기도 양주시 남면 신산리,양주시,남면,1,35,0,20,6.05,1,"무보증,즉시입주.주차편리.농협하나로마트1분,남면초도보1분.",https://www.zigbang.com/home/apt/items/49834515
2026-08-08 04:47:44,원룸,49844613,월세,01,경기도 양주시 남면 신산리,양주시,남면,200,30,0,24,7.26,4,즉시입주 주차편리. 신산시장 도보 1분. 남면초등학교 도보,https://www.zigbang.com/home/apt/items/49844613
2026-08-08 04:47:44,원룸,49901187,월세,03,경기도 양주시 옥정동,양주시,옥정동,100,65,0,45.76,13.84,5,선납방Xl 단기임대 l 신축 북층형 오피스텔,https://www.zigbang.com/home/apt/items/49901187
2026-08-08 04:47:44,원룸,49901258,월세,03,경기도 양주시 옥정동,양주시,옥정동,100,63,0,41.12,12.44,3,선납방X 단기가능 옥정신도시 입주날짜확인,https://www.zigbang.com/home/apt/items/49901258
2026-08-08 04:47:44,원룸,49901752,월세,04,경기도 양주시 옥정동,양주시,옥정동,300,100,0,100.63,30.44,4,선납방X  옥정유일한 단기임대 l 투룸 l,https://www.zigbang.com/home/apt/items/49901752
2026-08-08 04:47:44,원룸,49901818,월세,04,경기도 양주시 옥정동,양주시,옥정동,300,110,0,74.05,22.4,고,ㅡㅡNEW단기임대 가능 신축 투룸 북층형 오피스텔,https://www.zigbang.com/home/apt/items/49901818
2026-08-08 04:47:44,원룸,49843995,월세,02,경기도 동두천시 동두천동,동두천시,동두천동,500,40,0,23.76,7.19,4,"최신원룸, 엘레베이트 유 주방분리형 , 동양대 큰 방.",https://www.zigbang.com/home/apt/items/49843995
2026-08-08 04:47:44,원룸,49871887,월세,01,경기도 동두천시 동두천동,동두천시,동두천동,500,40,0,29.75,9.0,5,"큰방 원룸, 동양대 바로앞, 미군부대, 역 5분",https://www.zigbang.com/home/apt/items/49871887
2026-08-08 04:47:44,원룸,49874961,월세,01,경기도 동두천시 동두천동,동두천시,동두천동,400,29,0,23.14,7.0,2,"동양대코앞원룸, 미군부대, 세코닉스 가격좋고 예쁜 원룸",https://www.zigbang.com/home/apt/items/49874961
2026-08-08 04:47:45,원룸,49909464,월세,03,경기도 양주시 옥정동,양주시,옥정동,500,80,0,29.7,8.98,4,"복층 분리형 1.5룸,신축 첫입주 ,풀옵션",https://www.zigbang.com/home/apt/items/49909464
2026-08-08 04:47:45,원룸,49940859,월세,03,경기도 양주시 옥정동,양주시,옥정동,500,80,0,30,9.07,4,"신축 첫입주,복층형,넓어요,두분살기도 좋아요,완벽 풀옵션",https://www.zigbang.com/home/apt/items/49940859
2026-08-08 04:47:45,원룸,49682615,월세,01,경기도 포천시 선단동,포천시,선단동,500,58,0,30.96,9.37,2,신축 원룸 해 잘드는 집 공실 바로입주가능 관리잘됨,https://www.zigbang.com/home/apt/items/49682615
2026-08-08 04:47:45,원룸,49749495,전세,01,경기도 포천시 선단동,포천시,선단동,3500,0,0,18.05,5.46,4,선단동 동사무소 인근 넓고 깨끗한 원룸 입니다,https://www.zigbang.com/home/apt/items/49749495
2026-08-08 04:47:45,원룸,49767389,월세,01,경기도 포천시 선단동,포천시,선단동,500,60,0,23.82,7.21,4,신축 선단초부근 차단기있어 주차아주좋음 풀옵션 입주날짜협의,https://www.zigbang.com/home/apt/items/49767389
2026-08-08 04:47:45,원룸,49957527,월세,01,경기도 포천시 선단동,포천시,선단동,2000,25,0,16.53,5.0,4,선단동 동사무소 인근 넓은 원룸 입니다,https://www.zigbang.com/home/apt/items/49957527
2026-08-08 04:47:45,원룸,49967689,월세,01,경기도 포천시 선단동,포천시,선단동,100,29,0,9.92,3.0,2,선단동 주민센터 앞 대명 원룸텔 206호,https://www.zigbang.com/home/apt/items/49967689
2026-08-08 04:47:46,원룸,49851264,월세,01,경기도 이천시 신둔면 고척리,이천시,신둔면,300,39,0,24,7.26,2,단기가능  풀옵션 원룸 즉시 입주,https://www.zigbang.com/home/apt/items/49851264
2026-08-08 04:47:46,원룸,49879544,월세,01,경기도 이천시 신둔면 고척리,이천시,신둔면,300,42,0,26.45,8.0,2,관광대학교 정문앞 풀옵션 빠른입주,https://www.zigbang.com/home/apt/items/49879544
2026-08-08 04:47:46,원룸,49904917,월세,01,경기도 이천시 신둔면 고척리,이천시,신둔면,300,37,0,23.14,7.0,2,폴옵션 즉시입주,https://www.zigbang.com/home/apt/items/49904917
2026-08-08 04:47:46,원룸,49935871,월세,02,경기도 이천시 신둔면 고척리,이천시,신둔면,300,42,0,23.14,7.0,2,"단기가능한 한국관광대학교 인근, 깔끔한 풀옵션 원룸",https://www.zigbang.com/home/apt/items/49935871
2026-08-08 04:47:46,원룸,49941746,월세,03,경기도 이천시 신둔면 고척리,이천시,신둔면,500,50,0,25,7.56,3,채광좋은 층고 높은 풀옵션 복층 원룸,https://www.zigbang.com/home/apt/items/49941746
2026-08-08 04:47:46,원룸,49972473,월세,01,경기도 이천시 신둔면 고척리,이천시,신둔면,300,40,0,23.14,7.0,2,깨끗한 풀옵션 주차가능 9월입주가능,https://www.zigbang.com/home/apt/items/49972473
2026-08-08 04:47:46,원룸,49718451,월세,02,경기도 이천시 신둔면 남정리,이천시,신둔면,500,48,0,28,8.47,2,신둔도예촌촌역 인근 신축 급 분리형 원룸 즉시 입주,https://www.zigbang.com/home/apt/items/49718451
2026-08-08 04:47:46,원룸,49845979,전세,02,경기도 이천시 신둔면 수광리,이천시,신둔면,7500,0,0,35,10.59,3,도예천역 도보 가능한 신축급 1.5룸,https://www.zigbang.com/home/apt/items/49845979
2026-08-08 04:47:46,원룸,49895515,전세,02,경기도 이천시 신둔면 수광리,이천시,신둔면,7500,0,0,29.75,9.0,3,완전분리형 원룸 거실따로 있어요 21년 신축,https://www.zigbang.com/home/apt/items/49895515
2026-08-08 04:47:47,원룸,49904016,월세,02,경기도 이천시 백사면 현방리,이천시,백사면,500,45,0,29.75,9.0,1,백사면 현방리 신축1.5룸월세임대합니다,https://www.zigbang.com/home/apt/items/49904016
2026-08-08 04:47:47,원룸,49956335,월세,02,경기도 이천시 백사면 현방리,이천시,백사면,500,45,0,29.75,9.0,1,백사면 현방리 신축1.5룸월세임대합니다,https://www.zigbang.com/home/apt/items/49956335
2026-08-08 04:47:47,원룸,49773491,전세,02,경기도 이천시 부발읍 무촌리,이천시,부발읍,5250,0,0,23.14,7.0,2,이천시 부발읍 무촌리 보증보험 가입가능한 분리형원룸 전세,https://www.zigbang.com/home/apt/items/49773491
2026-08-08 04:47:47,원룸,49780966,월세,02,경기도 이천시 부발읍 무촌리,이천시,부발읍,500,50,0,33,9.98,3,방 1 거실1  1.5룽신축 급 풀옵션,https://www.zigbang.com/home/apt/items/49780966
2026-08-08 04:47:47,원룸,49895942,월세,01,경기도 이천시 부발읍 무촌리,이천시,부발읍,300,40,0,23,6.96,3,"부발초 인근, 보증금 조절 가능한 저렴한 월세 단기가능",https://www.zigbang.com/home/apt/items/49895942
2026-08-08 04:47:47,원룸,49930369,월세,02,경기도 이천시 부발읍 무촌리,이천시,부발읍,500,50,0,28,8.47,3,1.5룸 즉시입주 풀옵션,https://www.zigbang.com/home/apt/items/49930369
2026-08-08 04:47:47,원룸,49943599,월세,02,경기도 이천시 부발읍 무촌리,이천시,부발읍,100,50,0,20,6.05,3,단기가능 숙소용추천 부발초인근원룸,https://www.zigbang.com/home/apt/items/49943599
2026-08-08 04:47:47,원룸,49964571,월세,01,경기도 이천시 부발읍 무촌리,이천시,부발읍,300,40,0,21,6.35,4,하나로 마트 인근 신축 급 오픈형 원룸,https://www.zigbang.com/home/apt/items/49964571
2026-08-08 04:47:47,원룸,49527486,월세,02,경기도 여주시 월송동,여주시,월송동,500,36,0,42.3,12.8,4,"깨끗한 준신축 1,5룸,막힘없는뷰,생활편의시설좋음,조용함",https://www.zigbang.com/home/apt/items/49527486
2026-08-08 04:47:47,원룸,49738408,월세,01,경기도 여주시 월송동,여주시,월송동,500,41,0,36.1,10.92,4,"깔끔한 1.5룸,가남,골프장 , 출,퇴근편리,풀옵션",https://www.zigbang.com/home/apt/items/49738408
2026-08-08 04:47:49,원룸,49932877,월세,02,경기도 남양주시 조안면 능내리,남양주시,조안면,1500,55,0,40.46,12.24,1,"빠른입주원함,채광 좋고 공기 좋은 단독 주택 저렴한 월세",https://www.zigbang.com/home/apt/items/49932877
2026-08-08 04:47:51,원룸,49738367,월세,02,경기도 여주시 현암동,여주시,현암동,500,42,0,39.9,12.07,4,"준신축,풀옵션,침대,햇살 가득한 남향,집상태최상, 큰 원룸",https://www.zigbang.com/home/apt/items/49738367
2026-08-08 04:47:51,원룸,49738379,월세,01,경기도 여주시 오학동,여주시,오학동,300,35,0,24.1,7.29,4,"애완동물가능,풀옵션,북내,대신,물류창고 출 퇴근 편리",https://www.zigbang.com/home/apt/items/49738379
2026-08-08 04:47:51,원룸,49738392,월세,02,경기도 여주시 오학동,여주시,오학동,300,43,0,48.1,14.55,4,"풀옵션,애완동물가능,집상태최상,생활편의시설좋음,대신방향 출",https://www.zigbang.com/home/apt/items/49738392
2026-08-08 04:47:51,원룸,49806368,월세,01,경기도 여주시 현암동,여주시,현암동,300,40,0,23.14,7.0,2,풀 옵션 집 상태 최상 생활권 편리 대신방향 출 퇴근편리,https://www.zigbang.com/home/apt/items/49806368
2026-08-08 04:47:51,원룸,49806394,월세,02,경기도 여주시 오학동,여주시,오학동,300,43,0,35.1,10.62,4,"애완동물가능,풀옵션,즉시입주,햇살가득한집,집상태최상",https://www.zigbang.com/home/apt/items/49806394
2026-08-08 04:47:51,원룸,49806465,월세,02,경기도 여주시 현암동,여주시,현암동,500,53,0,43,13.01,5,"넓고 조용함,풀옵션, 집상태최상,대신,이천방향 출 퇴근편리",https://www.zigbang.com/home/apt/items/49806465
2026-08-08 04:47:51,원룸,49806497,월세,02,경기도 여주시 오학동,여주시,오학동,300,43,0,35.3,10.68,4,"애완동물가능,집상태최상 남서향,풀옵션 대중교통이용 대신방향",https://www.zigbang.com/home/apt/items/49806497
2026-08-08 04:47:51,원룸,49859984,월세,01,경기도 여주시 현암동,여주시,현암동,500,47,0,23,6.96,2,1년된 신축급급 원룸입니다.조용하고 깨끗해요,https://www.zigbang.com/home/apt/items/49859984
2026-08-08 04:47:51,원룸,49864455,월세,01,경기도 여주시 현암동,여주시,현암동,500,47,0,23,6.96,2,현암동 준신축 원룸으로 깨끗합니다,https://www.zigbang.com/home/apt/items/49864455
2026-08-08 04:47:51,원룸,49931856,월세,02,경기도 여주시 현암동,여주시,현암동,500,54,0,47,14.22,3,"큰1.5룸,럭셔리옵션,북내,대신방향출,퇴근편리,조용한 집",https://www.zigbang.com/home/apt/items/49931856
2026-08-08 04:47:51,원룸,49946429,월세,02,경기도 여주시 현암동,여주시,현암동,500,45,0,21,6.35,2,현암동 준 신축으로 아주깔끔한 분리형 원룸월세,https://www.zigbang.com/home/apt/items/49946429
2026-08-08 04:47:51,원룸,49946581,월세,02,경기도 여주시 현암동,여주시,현암동,500,45,0,21,6.35,3,현암동 준신축 아주 깔끔한 집 즉시입주,https://www.zigbang.com/home/apt/items/49946581
2026-08-08 04:47:51,원룸,49947163,월세,02,경기도 여주시 오학동,여주시,오학동,300,40,0,19,5.75,3,"오학동 원룸,투베이 월세 ,1년",https://www.zigbang.com/home/apt/items/49947163
2026-08-08 04:47:51,원룸,49979020,월세,02,경기도 여주시 현암동,여주시,현암동,500,45,0,25,7.56,3,현암동 넓은 분히형 원룸 월세 관리비포함 52만원,https://www.zigbang.com/home/apt/items/49979020
2026-08-08 04:47:51,원룸,49979150,월세,01,경기도 여주시 현암동,여주시,현암동,500,45,0,25,7.56,2,준신축  풀옵션 원룸월세,https://www.zigbang.com/home/apt/items/49979150
2026-08-08 04:47:51,원룸,49873806,월세,01,강원도 원주시 문막읍 문막리,원주시,문막읍,300,40,0,23.14,7.0,3,문막볼링장 인근 개인테라스 있는 분리형원룸 입니다,https://www.zigbang.com/home/apt/items/49873806
2026-08-08 04:47:51,원룸,49963669,월세,02,강원도 원주시 문막읍 문막리,원주시,문막읍,300,45,0,23.8,7.2,3,경동대 셔틀 인근 깨끗한원룸 유성볼링장,https://www.zigbang.com/home/apt/items/49963669
2026-08-08 04:47:52,원룸,49778557,월세,02,강원도 원주시 문막읍 동화리,원주시,문막읍,300,40,0,22.9,6.93,4,"문막 동화초등학교 인근 깔끔한 1,5룸 입니다",https://www.zigbang.com/home/apt/items/49778557
2026-08-08 04:47:52,원룸,49778943,월세,02,강원도 원주시 문막읍 동화리,원주시,문막읍,300,40,0,23.14,7.0,3,동화초 완전 넓고관리잘된가격도 착한원룸입니다,https://www.zigbang.com/home/apt/items/49778943
2026-08-08 04:47:52,원룸,49825009,월세,02,강원도 원주시 문막읍 동화리,원주시,문막읍,300,38,0,23.14,7.0,2,문막 완전 풀옵션  깔끔한 원룸  침대랜덤,https://www.zigbang.com/home/apt/items/49825009
2026-08-08 04:47:52,원룸,49825019,월세,02,강원도 원주시 문막읍 동화리,원주시,문막읍,300,40,0,39.67,12.0,5,동화초등학교 인근  넓고 깨끗한 1.5룸,https://www.zigbang.com/home/apt/items/49825019
2026-08-08 04:47:52,원룸,49716916,월세,01,강원도 원주시 단계동,원주시,단계동,500,40,0,33.05,10.0,2,"주변환경쾌적한 풀옵션,인테리어예쁜 분리형",https://www.zigbang.com/home/apt/items/49716916
2026-08-08 04:47:52,원룸,49783885,월세,02,강원도 원주시 단계동,원주시,단계동,300,45,0,34,10.28,2,즉시입주 신축 단계동 인기 원룸 전망길 조용한 주거환경,https://www.zigbang.com/home/apt/items/49783885
2026-08-08 04:47:52,원룸,49933343,월세,01,강원도 원주시 흥업면 흥업리,원주시,흥업면,200,30,0,33.06,10.0,2,"흥업리 신축원룸 풀풀옵션, 강원대 도보로 2분,단기가능",https://www.zigbang.com/home/apt/items/49933343
2026-08-08 04:47:52,원룸,49901829,월세,02,강원도 원주시 지정면 가곡리,원주시,지정면,500,50,0,46.28,14.0,2,클릭 섬강중학교 맞은편 준신축 풀옵션 1.5룸,https://www.zigbang.com/home/apt/items/49901829
2026-08-08 04:47:52,원룸,49499500,월세,02,강원도 원주시 단계동,원주시,단계동,300,42,0,34,10.28,2,봉화산푸르지오인근 준신축 1.5룸 엘베잇음,https://www.zigbang.com/home/apt/items/49499500
2026-08-08 04:47:52,원룸,49875786,월세,02,강원도 원주시 단계동,원주시,단계동,30,30,0,29.75,9.0,3,ll1개월.동물OKll주차짱ll,https://www.zigbang.com/home/apt/items/49875786
2026-08-08 04:47:52,원룸,49929608,월세,02,강원도 원주시 단계동,원주시,단계동,500,45,0,30,9.07,2,ㅇ신ㅇ엘베있는신축 완전깔끔예쁜1.5룸  봉화산푸르지오인근,https://www.zigbang.com/home/apt/items/49929608
2026-08-08 04:47:53,원룸,49830950,월세,01,강원도 원주시 우산동,원주시,우산동,30,160,0,33.06,10.0,1,ll4개월.반학기OKll풀옵션ll,https://www.zigbang.com/home/apt/items/49830950
2026-08-08 04:47:53,원룸,49900645,월세,02,강원도 원주시 우산동,원주시,우산동,100,27,0,33.06,10.0,2,ll반학기OKll상지대5분.풀옵션ll,https://www.zigbang.com/home/apt/items/49900645
2026-08-08 04:47:53,원룸,49934906,월세,02,강원도 원주시 우산동,원주시,우산동,500,48,0,42.98,13.0,3,"우산동 상지대 후문 엘베있는 신축1.5룸 풀풀옵션,예쁜방",https://www.zigbang.com/home/apt/items/49934906
2026-08-08 04:47:53,원룸,49953868,월세,02,강원도 원주시 우산동,원주시,우산동,300,31,0,33.05,10.0,4,"우산동 인기 있는 좋은방, 신축급1.5룸 풀풀옵션, 융자무",https://www.zigbang.com/home/apt/items/49953868
2026-08-08 04:47:53,원룸,49958510,월세,01,강원도 원주시 우산동,원주시,우산동,500,41,0,19.8,5.99,3,"상지대 코앞, 화이트톤 신축첫입주 풀옵션 원룸",https://www.zigbang.com/home/apt/items/49958510
2026-08-08 04:47:53,원룸,49968858,월세,01,강원도 원주시 우산동,원주시,우산동,200,30,0,33.05,10.0,1,우산동 상지대 정문쪽 깨끗한 신축급 넓은원룸 풀풀옵션,https://www.zigbang.com/home/apt/items/49968858
2026-08-08 04:47:53,원룸,49971113,월세,02,강원도 원주시 단계동,원주시,단계동,300,40,0,42.98,13.0,3,"단계동 단계사거리 인근 신축급1.5룸 풀옵션, 예쁜방",https://www.zigbang.com/home/apt/items/49971113
2026-08-08 04:47:53,원룸,49982922,월세,01,강원도 원주시 우산동,원주시,우산동,50,25,0,26.45,8.0,1,"우산동 상지대 앞에 원룸 풀옵션,모든 공과금포함,단기 가능",https://www.zigbang.com/home/apt/items/49982922
2026-08-08 04:47:53,원룸,49985677,월세,02,강원도 원주시 단계동,원주시,단계동,300,40,0,36,10.89,3,"신축, 풀옵션1.5룸, 즉시입주, 남향, 주차0",https://www.zigbang.com/home/apt/items/49985677
2026-08-08 04:47:40,원룸,49945631,월세,04,서울시 도봉구 창동,도봉구,창동,18000,10,0,45,13.61,고,"LH전세 환영, 건조기, 스타일러 등 풀옵션",https://www.zigbang.com/home/apt/items/49945631
2026-08-08 04:47:40,원룸,49960220,월세,01,서울시 도봉구 쌍문동,도봉구,쌍문동,500,50,0,16.5,4.99,6,ㅣ즉시입주ㅣ엘베Oㅣ공과금 전기만ㅣ주차가능ㅣ,https://www.zigbang.com/home/apt/items/49960220
2026-08-08 04:47:40,원룸,49979290,월세,01,서울시 도봉구 쌍문동,도봉구,쌍문동,200,40,0,19.83,6.0,3,ll 관리비 모든 공과금 포함. 저렴하게 GET ll,https://www.zigbang.com/home/apt/items/49979290
2026-08-08 04:47:40,원룸,49982719,월세,01,서울시 도봉구 쌍문동,도봉구,쌍문동,500,50,0,19.8,5.99,6,ll주차무료ll 엘베O 사이즈 큰방 즉시입주,https://www.zigbang.com/home/apt/items/49982719
2026-08-08 04:47:55,원룸,49962307,월세,02,경기도 남양주시 화도읍 가곡리,남양주시,화도읍,500,40,0,26.45,8.0,4,풀옵션  냉장고 세탁기   1.5룸,https://www.zigbang.com/home/apt/items/49962307
2026-08-08 04:47:57,원룸,49662483,월세,01,경기도 포천시 일동면 기산리,포천시,일동면,300,20,0,20,6.05,6,위치좋은곳에 있는 6층 원룸 임대,https://www.zigbang.com/home/apt/items/49662483
2026-08-08 04:47:57,원룸,49739498,월세,01,경기도 포천시 일동면 기산리,포천시,일동면,500,30,0,20,6.05,1,시내에 있는 신축급 원룸 1층 임대,https://www.zigbang.com/home/apt/items/49739498
2026-08-08 04:47:57,원룸,49739513,월세,01,경기도 포천시 일동면 기산리,포천시,일동면,500,30,0,25,7.56,2,약간 시외에 떨어진 조용한곳에 위치한 원룸 임대 단기가능,https://www.zigbang.com/home/apt/items/49739513
2026-08-08 04:47:57,원룸,49788615,월세,01,경기도 포천시 일동면 기산리,포천시,일동면,3500,10,0,25,7.56,1,시내 주택가에 위치한  원룸 반전세 전세 1층 임대,https://www.zigbang.com/home/apt/items/49788615
2026-08-08 04:47:57,원룸,49788617,전세,03,경기도 포천시 일동면 기산리,포천시,일동면,5000,0,0,40,12.1,1,시내에서 약간떨어진 조용한곳에 위치한 복층형원룸 전세임대,https://www.zigbang.com/home/apt/items/49788617
2026-08-08 04:47:57,원룸,49807552,월세,01,경기도 포천시 일동면 기산리,포천시,일동면,500,30,0,20,6.05,3,시내에 위치한 원룸 월세 임대,https://www.zigbang.com/home/apt/items/49807552
2026-08-08 04:47:57,원룸,49851527,월세,01,경기도 포천시 일동면,포천시,일동면,500,50,0,33,9.98,2,일동 초입에 위치한 신축 원룸 임대,https://www.zigbang.com/home/apt/items/49851527
2026-08-08 04:47:57,원룸,49877649,월세,01,경기도 포천시 일동면 기산리,포천시,일동면,2500,20,0,25,7.56,5,시내 인근에 위치한 리모델링한 원룸 월세 임대,https://www.zigbang.com/home/apt/items/49877649
2026-08-08 04:47:57,원룸,49904920,월세,01,경기도 포천시 일동면 기산리,포천시,일동면,300,25,0,25,7.56,1,일동초입에 위치한 원룸치고 넓은 방 1층 월세,https://www.zigbang.com/home/apt/items/49904920
2026-08-08 04:47:57,원룸,49972477,월세,01,경기도 포천시 일동면 기산리,포천시,일동면,300,30,0,17,5.14,3,시내에 위치한 작지만 깔끔한 원룸 임대,https://www.zigbang.com/home/apt/items/49972477
2026-08-08 04:47:58,원룸,49959944,월세,01,강원도 홍천군 남면 양덕원리,홍천군,남면,1000,30,0,27,8.17,2,홍천 남면 양덕원리 풀옵션원룸,https://www.zigbang.com/home/apt/items/49959944
2026-08-08 04:47:58,원룸,49974882,전세,02,강원도 홍천군 남면 양덕원리,홍천군,남면,5000,0,0,45,13.61,3,준신축1.5룸 전세 나 반전세가능 풀옵션 즉시입주가능,https://www.zigbang.com/home/apt/items/49974882
2026-08-08 04:47:59,원룸,49767002,월세,01,강원도 홍천군 홍천읍 연봉리,홍천군,홍천읍,500,40,0,33.06,10.0,3,준신축 원룸 풀옵션 주방분리형 중문설치 홍천터미널인근,https://www.zigbang.com/home/apt/items/49767002
2026-08-08 04:47:59,원룸,49806092,월세,02,강원도 홍천군 홍천읍 연봉리,홍천군,홍천읍,500,40,0,49.58,15.0,2,연봉리 우체국 주변. 분리형 미니투룸 큰 거실,https://www.zigbang.com/home/apt/items/49806092
2026-08-08 04:47:59,원룸,49862191,월세,02,강원도 홍천군 홍천읍 연봉리,홍천군,홍천읍,500,42,0,29.3,8.86,3,연봉리  분리형 미니투룸   엘레베유 터미널근접,https://www.zigbang.com/home/apt/items/49862191
2026-08-08 04:47:59,원룸,49885766,월세,02,강원도 홍천군 홍천읍 연봉리,홍천군,홍천읍,500,40,0,33.06,10.0,2,분린형원룸풀옵션,https://www.zigbang.com/home/apt/items/49885766
2026-08-08 04:47:59,원룸,49939836,월세,02,강원도 홍천군 홍천읍 연봉리,홍천군,홍천읍,300,30,0,33.06,10.0,3,저렴하고 가성비좋은 원룸,https://www.zigbang.com/home/apt/items/49939836
2026-08-08 04:47:59,원룸,49974764,월세,01,강원도 홍천군 홍천읍 연봉리,홍천군,홍천읍,2000,30,0,33.06,10.0,6,홍천터미널 인근 홍천강 조망  풀옵션 원룸 전망매우좋음,https://www.zigbang.com/home/apt/items/49974764
2026-08-08 04:47:59,원룸,49974772,월세,01,강원도 홍천군 홍천읍 연봉리,홍천군,홍천읍,500,40,0,30,9.07,8,아파트형원룸 풀옵션 엘리베이터 有,https://www.zigbang.com/home/apt/items/49974772
2026-08-08 04:47:59,원룸,49974808,월세,02,강원도 홍천군 홍천읍 연봉리,홍천군,홍천읍,300,38,0,33.05,10.0,4,"풀옵션분리형원룸,가격저렴.풀옵션 입주협의가능",https://www.zigbang.com/home/apt/items/49974808
2026-08-08 04:47:59,원룸,49975266,월세,02,강원도 홍천군 홍천읍 희망리,홍천군,홍천읍,300,40,0,33.05,10.0,2,터미널부근 8월 초 입주가능  풀옵션 미니투룸,https://www.zigbang.com/home/apt/items/49975266
2026-08-08 04:47:59,원룸,49766848,월세,01,강원도 홍천군 홍천읍 연봉리,홍천군,홍천읍,500,35,0,23.14,7.0,2,햇살 잘들어오는 원룸 상태좋음 풀옵션,https://www.zigbang.com/home/apt/items/49766848
2026-08-08 04:47:59,원룸,49767421,월세,01,강원도 홍천군 홍천읍 연봉리,홍천군,홍천읍,1500,20,0,22.71,6.87,1,저렴한 반전세 입니다.,https://www.zigbang.com/home/apt/items/49767421
2026-08-08 04:47:59,원룸,49780931,월세,02,강원도 홍천군 홍천읍 연봉리,홍천군,홍천읍,500,50,0,56,16.94,2,"미니투룸 풀옵션 상태 최상 엘리베이터 有,단기가능",https://www.zigbang.com/home/apt/items/49780931
2026-08-08 04:47:59,원룸,49781156,월세,02,강원도 홍천군 홍천읍 연봉리,홍천군,홍천읍,500,48,0,45,13.61,4,"1.5룸형 원룸 풀옵션 주방중문 및 거실,개별방1개 ,욕실",https://www.zigbang.com/home/apt/items/49781156
2026-08-08 04:47:59,원룸,49806251,월세,02,강원도 홍천군 홍천읍 희망리,홍천군,홍천읍,1000,30,0,33.05,10.0,3,군청근접   분리형 미니투룸,https://www.zigbang.com/home/apt/items/49806251
2026-08-08 04:47:59,원룸,49820832,전세,02,강원도 홍천군 홍천읍 연봉리,홍천군,홍천읍,5500,0,0,45,13.61,3,1.5룸 전세 풀옵션 주방분리 거실 및 방1개 상태좋음,https://www.zigbang.com/home/apt/items/49820832
2026-08-08 04:47:59,원룸,49896563,전세,02,강원도 홍천군 홍천읍 갈마곡리,홍천군,홍천읍,5000,0,0,23.14,7.0,2,홍여중부근 빠른입주 생활권편리 상태최상 반전세가능,https://www.zigbang.com/home/apt/items/49896563
2026-08-08 04:47:59,원룸,49934970,월세,02,강원도 홍천군 홍천읍 희망리,홍천군,홍천읍,300,35,0,39.67,12.0,1,분리형원룸 단기가능,https://www.zigbang.com/home/apt/items/49934970
2026-08-08 04:47:59,원룸,49935610,월세,01,강원도 홍천군 홍천읍 희망리,홍천군,홍천읍,500,45,0,30.2,9.14,2,신축 ..신축..  오픈형 원룸. 터미널도보가능,https://www.zigbang.com/home/apt/items/49935610
2026-08-08 04:47:59,원룸,49954893,월세,02,강원도 홍천군 홍천읍 갈마곡리,홍천군,홍천읍,1500,30,0,33.05,10.0,2,갈마곡리 가성비좋은월세생활권편리,https://www.zigbang.com/home/apt/items/49954893
2026-08-08 04:47:59,원룸,49966898,월세,01,강원도 홍천군 홍천읍 연봉리,홍천군,홍천읍,300,38,0,33.06,10.0,1,진짜 방  깔끔한 분리형 미니투룸,https://www.zigbang.com/home/apt/items/49966898
2026-08-08 04:47:59,원룸,49974759,전세,01,강원도 홍천군 홍천읍 연봉리,홍천군,홍천읍,3500,0,0,23.14,7.0,2,원룸 풀옵션 즉시입주 단기가능,https://www.zigbang.com/home/apt/items/49974759
2026-08-08 04:47:59,원룸,49979504,전세,02,강원도 홍천군 홍천읍 갈마곡리,홍천군,홍천읍,7000,0,0,33.06,10.0,4,신축 1.5룸 홍여중앞 풀옵션    빠른입주,https://www.zigbang.com/home/apt/items/49979504
2026-08-08 04:47:59,원룸,49979615,월세,02,강원도 홍천군 홍천읍 갈마곡리,홍천군,홍천읍,2000,30,0,23.14,7.0,4,"도시가스  인테리어짱.  풀옵션,보증금 조율가능",https://www.zigbang.com/home/apt/items/49979615
2026-08-08 04:48:03,원룸,49750625,월세,02,경상북도 문경시 모전동,문경시,모전동,500,45,0,40,12.1,4,엘레베이트있는 분리형원룸,https://www.zigbang.com/home/apt/items/49750625
2026-08-08 04:48:03,원룸,49794081,월세,02,경상북도 문경시 모전동,문경시,모전동,500,45,0,30,9.07,2,상태가 아주 좋은 원룸으로 풀옵션입니다,https://www.zigbang.com/home/apt/items/49794081
2026-08-08 04:48:03,원룸,49776218,월세,01,경상북도 문경시 모전동,문경시,모전동,500,40,0,30,9.07,4,문경여중지구내 신축 오피스텔식 원룸,https://www.zigbang.com/home/apt/items/49776218
2026-08-08 04:48:03,원룸,49855849,월세,02,경상북도 문경시 모전동,문경시,모전동,500,40,0,30,9.07,4,제일병원인근 위치한 깨끗한 원룸,https://www.zigbang.com/home/apt/items/49855849
2026-08-08 04:48:03,원룸,49855907,월세,01,경상북도 문경시 흥덕동,문경시,흥덕동,500,30,0,27,8.17,2,터미널에서  바로앞에 위치한 깨끗한 원룸,https://www.zigbang.com/home/apt/items/49855907
2026-08-08 04:48:03,원룸,49922562,월세,02,경상북도 문경시 모전동,문경시,모전동,500,40,0,39.67,12.0,2,풀옵션 미니투룸 월세,https://www.zigbang.com/home/apt/items/49922562
2026-08-08 04:48:03,원룸,49940656,월세,01,경상북도 문경시 모전동,문경시,모전동,500,40,0,27,8.17,3,신원아침도시 앞 현 건축중인 신축 원룸,https://www.zigbang.com/home/apt/items/49940656
2026-08-08 04:48:03,원룸,49984735,전세,02,경상북도 문경시 모전동,문경시,모전동,8000,0,0,40,12.1,3,신원아침도시 앞 현 건축중인 신축 미니투룸 월세,https://www.zigbang.com/home/apt/items/49984735
2026-08-08 04:48:08,원룸,49634343,월세,02,경상북도 영주시 휴천동,영주시,휴천동,500,50,0,39.67,12.0,3,기관차사무소 인근 미니투룸,https://www.zigbang.com/home/apt/items/49634343
2026-08-08 04:48:08,원룸,49713432,월세,02,경상북도 영주시 휴천동,영주시,휴천동,500,48,0,19.61,5.93,3,대영고인근 신축급 미니투룸입니다,https://www.zigbang.com/home/apt/items/49713432
2026-08-08 04:48:08,원룸,49842769,월세,02,경상북도 영주시 휴천동,영주시,휴천동,500,50,0,33.06,10.0,3,휴천동 대영중 인근.기차역 신축급 미투,https://www.zigbang.com/home/apt/items/49842769
2026-08-08 04:48:08,원룸,49976249,월세,02,경상북도 영주시 휴천동,영주시,휴천동,500,46,0,39,11.8,3,"엘레베이터 있는 신축급 깨끗한 미투룸, 영주역 인근",https://www.zigbang.com/home/apt/items/49976249
2026-08-08 04:48:08,원룸,49977876,월세,02,경상북도 영주시 휴천동,영주시,휴천동,200,33,0,26.44,8.0,3,남산초.영주중인근 원룸,https://www.zigbang.com/home/apt/items/49977876
2026-08-08 04:48:08,원룸,49547021,월세,02,경상북도 영주시 영주동,영주시,영주동,300,30,0,23.54,7.12,3,"영광중학교,롯데시네마 인근 깔끔한 원룸",https://www.zigbang.com/home/apt/items/49547021
2026-08-08 04:48:08,원룸,49842754,월세,02,경상북도 영주시 영주동,영주시,영주동,300,34,0,23.14,7.0,3,영광중.롯데시네마 인근 엘베 있는 원룸,https://www.zigbang.com/home/apt/items/49842754
2026-08-08 04:48:08,원룸,49953529,전세,01,경상북도 영주시 영주동,영주시,영주동,4000,0,0,21,6.35,4,귀한 원룸 전세 매물,https://www.zigbang.com/home/apt/items/49953529
2026-08-08 04:48:08,원룸,49953545,월세,01,경상북도 영주시 영주동,영주시,영주동,300,33,0,21,6.35,2,깔끔한 풀옵션 원룸,https://www.zigbang.com/home/apt/items/49953545
2026-08-08 04:48:08,원룸,49980908,월세,01,경상북도 영주시 가흥동,영주시,가흥동,300,38,0,26.45,8.0,2,넓직하고 쾌적한 신축급 원룸입니다.,https://www.zigbang.com/home/apt/items/49980908
2026-08-08 04:48:11,원룸,49463311,월세,01,충청북도 제천시 왕암동,제천시,왕암동,300,36,0,33.06,10.0,2,"왕암동 상권좋은곳에 위치한 깨끗한방,도시가스",https://www.zigbang.com/home/apt/items/49463311
2026-08-08 04:48:11,원룸,49760901,월세,02,충청북도 제천시 왕암동,제천시,왕암동,300,36,0,33.05,10.0,3,휴일없음 I 왕암동 엘베 있는 최신축 풀옵션 넓은 원룸,https://www.zigbang.com/home/apt/items/49760901
2026-08-08 04:48:11,원룸,49796124,월세,02,충청북도 제천시 왕암동,제천시,왕암동,500,41,0,27,8.17,2,휴일없음 왕암동 바이오벨리 깔끔한 풀옵션 미투,https://www.zigbang.com/home/apt/items/49796124
2026-08-08 04:48:11,원룸,49800651,월세,02,충청북도 제천시 왕암동,제천시,왕암동,500,45,0,42.98,13.0,2,"왕암동코아루인근,신축미니투룸,풀옵션,도시가스",https://www.zigbang.com/home/apt/items/49800651
2026-08-08 04:48:11,원룸,49907776,월세,01,충청북도 제천시 모산동,제천시,모산동,200,30,0,25,7.56,2,휴일없음 의림지인근 조용한 풀옵션 원룸,https://www.zigbang.com/home/apt/items/49907776
2026-08-08 04:48:15,원룸,49896280,월세,02,경상북도 안동시 당북동,안동시,당북동,300,28,0,33.06,10.0,3,1 위치 좋은 중문있는 화이트톤 깔끔 원룸,https://www.zigbang.com/home/apt/items/49896280
2026-08-08 04:48:15,원룸,49896362,월세,02,경상북도 안동시 법상동,안동시,법상동,100,29,0,33.06,10.0,3,1 보증금 100 전기세만 별도 분리형 원룸,https://www.zigbang.com/home/apt/items/49896362
2026-08-08 04:48:15,원룸,49896391,월세,02,경상북도 안동시 명륜동,안동시,명륜동,500,40,0,49.59,15.0,2,1 정남향으로 햇살 한가득 엘베있는 깔끔 미니투룸,https://www.zigbang.com/home/apt/items/49896391
2026-08-08 04:48:15,원룸,49896430,월세,02,경상북도 안동시 운흥동,안동시,운흥동,200,27,0,33.06,10.0,3,1 인프라 최강 침대있는 풀옵션 저렴이 분리형원룸,https://www.zigbang.com/home/apt/items/49896430
2026-08-08 04:48:15,원룸,49959412,월세,02,경상북도 안동시 광석동,안동시,광석동,300,30,0,35,10.59,3,BEST 1ROOM  성소병원 시청부근  준신축원룸,https://www.zigbang.com/home/apt/items/49959412
2026-08-08 04:48:15,원룸,49976703,월세,02,경상북도 안동시 안기동,안동시,안기동,500,37,0,42.98,13.0,2,사전예액필수 안기동 신축급 미니투룸월세,https://www.zigbang.com/home/apt/items/49976703
2026-08-08 04:48:15,원룸,49830355,월세,02,경상북도 안동시 노하동,안동시,노하동,300,28,0,33,9.98,2,ㅣSSSㅣ오피스텔느낌ㅣ선착순예상ㅣ컨디션GOODㅣ,https://www.zigbang.com/home/apt/items/49830355
2026-08-08 04:48:15,원룸,49895819,월세,02,경상북도 안동시 태화동,안동시,태화동,300,27,0,33.06,10.0,3,1 화이트톤 주차걱정 없고 깔끔한 풀옵션 분리형 원룸,https://www.zigbang.com/home/apt/items/49895819
2026-08-08 04:48:15,원룸,49896096,월세,02,경상북도 안동시 평화동,안동시,평화동,400,34,0,49.59,15.0,3,1 태화오거리 인근 인프라 편리 방 넓은 정남향 미니투룸,https://www.zigbang.com/home/apt/items/49896096
2026-08-08 04:48:15,원룸,49896227,월세,02,경상북도 안동시 태화동,안동시,태화동,300,36,0,49.59,15.0,4,1 태오 초 깔끔 실사진 200 미니투룸,https://www.zigbang.com/home/apt/items/49896227
2026-08-08 04:48:15,원룸,49896325,월세,02,경상북도 안동시 태화동,안동시,태화동,200,28,0,33.06,10.0,2,1 준신축 초깔끔 풀옵션 햇살 한가득 들어오는 분리형 원룸,https://www.zigbang.com/home/apt/items/49896325
2026-08-08 04:48:15,원룸,49930561,월세,02,경상북도 안동시 송현동,안동시,송현동,500,36,0,50,15.12,2,NEW주차공간 넓직한 미니투룸  화이트톤 송현오거리인근,https://www.zigbang.com/home/apt/items/49930561
2026-08-08 04:48:15,원룸,49930735,전세,01,경상북도 안동시 옥동,안동시,옥동,4600,0,0,39.67,12.0,4,1 엘베있고 방 넓은 햇살 짱짱 오피스텔 보증보험 가능,https://www.zigbang.com/home/apt/items/49930735
2026-08-08 04:48:15,원룸,49949604,월세,02,경상북도 안동시 송현동,안동시,송현동,300,29,0,30,9.07,4,송현동 깔끔한 원룸  월세,https://www.zigbang.com/home/apt/items/49949604
2026-08-08 04:48:15,원룸,49968161,월세,02,경상북도 안동시 송현동,안동시,송현동,300,36,0,50,15.12,2,이안아파트 인근 그레이모노톤의  깔끔한 미니투룸입니당,https://www.zigbang.com/home/apt/items/49968161
2026-08-08 04:48:15,원룸,49974795,월세,02,경상북도 안동시 평화동,안동시,평화동,300,29,0,35,10.59,3,HOT태화 오거리인근 분리형 원룸 현재는 도배되어있습니당,https://www.zigbang.com/home/apt/items/49974795
2026-08-08 04:48:15,원룸,49974909,월세,02,경상북도 안동시 송현동,안동시,송현동,400,36,0,50,15.12,3,NEW 화이트톤의  깔끔한 미니투룸 송현오거리 미투의정석,https://www.zigbang.com/home/apt/items/49974909
2026-08-08 04:48:15,원룸,49975058,월세,02,경상북도 안동시 송현동,안동시,송현동,300,28,0,35,10.59,2,New송현동 화이트 깔끔한 분리형 원룸 위치굳,https://www.zigbang.com/home/apt/items/49975058
2026-08-08 04:48:15,원룸,49975185,월세,02,경상북도 안동시 평화동,안동시,평화동,300,49,0,59.5,18.0,2,1세대1주차  가능한 즉시입주 투룸월세,https://www.zigbang.com/home/apt/items/49975185
2026-08-08 04:48:45,원룸,49670043,월세,01,강원도 강릉시 옥계면 현내리,강릉시,옥계면,200,35,0,19.83,6.0,4,옥계면 하나로마트 인근 깔끔한 원룸,https://www.zigbang.com/home/apt/items/49670043
2026-08-08 04:48:47,원룸,49532315,월세,01,강원도 강릉시 회산동,강릉시,회산동,300,44,0,24.95,7.55,2,"관동대후문 원룸임대,세입자 퇴실로 즉시 입주 가능",https://www.zigbang.com/home/apt/items/49532315
2026-08-08 04:48:47,원룸,49622624,월세,01,강원도 강릉시 내곡동,강릉시,내곡동,300,40,0,24.6,7.44,3,농협하나로마트 인근 대로변 위치 좋은 원룸..,https://www.zigbang.com/home/apt/items/49622624
2026-08-08 04:48:47,원룸,49659857,전세,01,강원도 강릉시 회산동,강릉시,회산동,6000,0,0,20.35,6.16,4,회산동 관동타운 전세입니다,https://www.zigbang.com/home/apt/items/49659857
2026-08-08 04:48:47,원룸,49736108,월세,02,강원도 강릉시 내곡동,강릉시,내곡동,200,50,0,55.98,16.93,반지하,내곡 관대 1.5룸 월세 임대입니다,https://www.zigbang.com/home/apt/items/49736108
2026-08-08 04:48:47,원룸,49865297,월세,01,강원도 강릉시 내곡동,강릉시,내곡동,200,30,0,23.14,7.0,2,"자이 아파트 인근, 베란다 있음,주차양호.도로변,인근..",https://www.zigbang.com/home/apt/items/49865297
2026-08-08 04:48:47,원룸,49942680,월세,01,강원도 강릉시 내곡동,강릉시,내곡동,300,30,0,28,8.47,1,"내곡동 현대 아파트 인근 초저렴한 깨끗하고 큰방,풀옵션..",https://www.zigbang.com/home/apt/items/49942680
2026-08-08 04:48:47,원룸,49852234,월세,02,강원도 강릉시 노암동,강릉시,노암동,500,40,0,33.5,10.13,2,강릉교육문화관 인근 신축급 분리형1.5룸 ....,https://www.zigbang.com/home/apt/items/49852234
2026-08-08 04:48:47,원룸,49924941,월세,02,강원도 강릉시 노암동,강릉시,노암동,300,48,0,34.15,10.33,3,강릉교육청 인근 신축급분리형원룸 ....,https://www.zigbang.com/home/apt/items/49924941
2026-08-08 04:49:28,원룸,49704216,월세,02,강원도 속초시 조양동,속초시,조양동,500,50,0,33.06,10.0,2,1.5룸 저렴한 월세,https://www.zigbang.com/home/apt/items/49704216
2026-08-08 04:49:28,원룸,49704339,월세,02,강원도 속초시 조양동,속초시,조양동,2000,30,0,33,9.98,3,방1 거실1 구조 안방 남향햇빛드는집,https://www.zigbang.com/home/apt/items/49704339
2026-08-08 04:49:28,원룸,49804328,월세,02,강원도 속초시 조양동,속초시,조양동,100,65,0,36.36,11.0,1,한달 단기 임대,https://www.zigbang.com/home/apt/items/49804328
2026-08-08 04:49:28,원룸,49954966,월세,02,강원도 속초시 조양동,속초시,조양동,500,40,0,33,9.98,4,1.5룸 가성비 좋은 원룸,https://www.zigbang.com/home/apt/items/49954966
2026-08-08 04:49:28,원룸,49649778,월세,02,강원도 속초시 조양동,속초시,조양동,500,45,0,60,18.15,2,"즉시입주, 입주청소완조양동 주민센타인근",https://www.zigbang.com/home/apt/items/49649778
2026-08-08 04:49:28,원룸,49651625,월세,02,강원도 속초시 조양동,속초시,조양동,1000,57,0,33.06,10.0,3,신축원룸   풀옵션 1.5룸  조양동  원룸단지내  신축,https://www.zigbang.com/home/apt/items/49651625
2026-08-08 04:49:28,원룸,49664251,월세,02,강원도 속초시 조양동,속초시,조양동,500,55,0,27.26,8.25,2,조양동 속초시립체육관 부근  풀옵션 분리형 1.5룸,https://www.zigbang.com/home/apt/items/49664251
2026-08-08 04:49:28,원룸,49669902,월세,02,강원도 속초시 조양동,속초시,조양동,500,60,0,49.59,15.0,1,넓은 1.5 풀옵션,https://www.zigbang.com/home/apt/items/49669902
2026-08-08 04:49:28,원룸,49705863,월세,02,강원도 속초시 조양동,속초시,조양동,500,40,0,23.14,7.0,2,조양동 분리형원룸,https://www.zigbang.com/home/apt/items/49705863
2026-08-08 04:49:28,원룸,49707052,월세,02,강원도 속초시 조양동,속초시,조양동,500,45,0,26,7.86,2,분리형원룸 풀옵션 즉시입주가능,https://www.zigbang.com/home/apt/items/49707052
2026-08-08 04:49:28,원룸,49712131,전세,02,강원도 속초시 조양동,속초시,조양동,8000,0,0,30,9.07,2,조양동  KCC 아파트 부근 신축 풀옵션 1.5룸,https://www.zigbang.com/home/apt/items/49712131
2026-08-08 04:49:28,원룸,49732275,월세,01,강원도 속초시 조양동,속초시,조양동,500,50,0,26.45,8.0,19,원룸형 3개월 6개월단기 가능,https://www.zigbang.com/home/apt/items/49732275
2026-08-08 04:49:28,원룸,49788996,전세,02,강원도 속초시 조양동,속초시,조양동,7000,0,0,45,13.61,2,입주청소및 도배완료상태,https://www.zigbang.com/home/apt/items/49788996
2026-08-08 04:49:28,원룸,49805236,전세,02,강원도 속초시 조양동,속초시,조양동,5000,0,0,25,7.56,2,분리형원룸 전세 풀옵션입니다,https://www.zigbang.com/home/apt/items/49805236
2026-08-08 04:49:28,원룸,49830857,월세,02,강원도 속초시 조양동,속초시,조양동,300,48,0,29.75,9.0,2,남향 조양동 속초해수욕장 부근,https://www.zigbang.com/home/apt/items/49830857
2026-08-08 04:49:28,원룸,49870162,월세,02,강원도 속초시 조양동,속초시,조양동,500,45,0,29,8.77,2,선사로 메인길 바로앞 편의점 도배장판완료,https://www.zigbang.com/home/apt/items/49870162
2026-08-08 04:49:28,원룸,49922762,월세,02,강원도 속초시 조양동,속초시,조양동,500,50,0,29.75,9.0,3,햇빛 잘드는 구조 분리형원룸,https://www.zigbang.com/home/apt/items/49922762
2026-08-08 04:49:28,원룸,49979172,월세,02,강원도 속초시 조양동,속초시,조양동,3000,30,0,33,9.98,1,월세 반전세 가능합니다,https://www.zigbang.com/home/apt/items/49979172
2026-08-08 04:50:30,원룸,49881210,월세,01,경상북도 포항시 남구 해도동,포항시 남구,해도동,200,23,0,30,9.07,4,해도운하인근 주차편한 깔끔한 원룸,https://www.zigbang.com/home/apt/items/49881210
2026-08-08 04:51:58,빌라투룸,49911636,월세,04,제주도 서귀포시 대정읍 구억리,서귀포시,대정읍,500,65,0,32.78,9.92,2,소형견O 대정읍 영어교육도시 인근 신축 풀옵션급 투룸 월세,https://www.zigbang.com/home/apt/items/49911636
2026-08-08 04:51:58,빌라투룸,49689955,월세,05,제주도 서귀포시 안덕면 서광리,서귀포시,안덕면,300,75,0,70,21.17,4,신화월드 차량 5분거리 깔끔한 3룸,https://www.zigbang.com/home/apt/items/49689955
2026-08-08 04:51:58,빌라투룸,49748598,월세,04,제주도 제주시 한림읍 협재리,제주시,한림읍,300,150,0,81.56,24.67,2,연세가능 방2화2 협재제이블루오션,https://www.zigbang.com/home/apt/items/49748598
2026-08-08 04:51:58,빌라투룸,49948307,월세,05,제주도 제주시 한림읍 협재리,제주시,한림읍,1000,1700,0,84.45,25.55,2,협재리 더마라칸타운하우스  재릉초 통학 셔틀운행,https://www.zigbang.com/home/apt/items/49948307
2026-08-08 04:51:59,빌라투룸,49812498,월세,04,제주도 서귀포시 월평동,서귀포시,월평동,300,59,0,50,15.12,2,하원마을 조용한 투룸 채광굿,https://www.zigbang.com/home/apt/items/49812498
2026-08-08 04:51:59,빌라투룸,49926956,월세,04,제주도 서귀포시 중문동,서귀포시,중문동,300,55,0,41.32,12.5,2,중문 저렴한 투룸 입니다.,https://www.zigbang.com/home/apt/items/49926956
2026-08-08 04:52:03,빌라투룸,49753049,월세,05,제주도 제주시 한림읍 동명리,제주시,한림읍,1000,100,0,73.49,22.23,2,한림읍.종합운동장교차로인접.신축급.방3화2.반려가능.월세O,https://www.zigbang.com/home/apt/items/49753049
2026-08-08 04:52:03,빌라투룸,49942295,전세,05,제주도 제주시 애월읍 납읍리,제주시,애월읍,21000,0,0,95.87,29.0,1,"곽지 해수욕장 3km 타운 하우스 전세, 풀옵션",https://www.zigbang.com/home/apt/items/49942295
2026-08-08 04:52:03,빌라투룸,49959521,월세,05,제주도 제주시 애월읍 신엄리,제주시,애월읍,2000,175,0,85.95,26.0,1,신엄리 풍경마을 타운하우스 풀옵션 단기 임대 가능,https://www.zigbang.com/home/apt/items/49959521
2026-08-08 04:52:03,빌라투룸,49959544,월세,05,제주도 제주시 애월읍 신엄리,제주시,애월읍,3000,317,0,132.23,40.0,1,럭셔리한 신엄리 풍경마을 풀옵션 연세 농어촌민박 가능,https://www.zigbang.com/home/apt/items/49959544
2026-08-08 04:52:03,빌라투룸,49740628,월세,05,제주도 제주시 애월읍 고성리,제주시,애월읍,500,83,0,66.12,20.0,1,"연세만가능, 1층전원주택 생활이 가능한 곳,",https://www.zigbang.com/home/apt/items/49740628
2026-08-08 04:52:04,빌라투룸,49959567,매매,05,제주도 제주시 애월읍 하귀2리,제주시,애월읍,31000,0,31000,84.97,25.7,3,6500만원 파격 할인 귀일중 앞 신축 하귀푸르미르 매매,https://www.zigbang.com/home/apt/items/49959567
2026-08-08 04:52:04,빌라투룸,49959608,월세,05,제주도 제주시 애월읍 하귀2리,제주시,애월읍,2000,150,0,84,25.41,3,신축 첫입주 귀일중 인근 에코그린빌16차 연세,https://www.zigbang.com/home/apt/items/49959608
2026-08-08 04:52:04,빌라투룸,49739998,월세,04,제주도 제주시 외도일동,제주시,외도일동,500,67,0,39.67,12.0,2,"즉시 입주, 년세만 가능 800만, 무옵션, 1주차 가능",https://www.zigbang.com/home/apt/items/49739998
2026-08-08 04:52:04,빌라투룸,49911312,매매,05,제주도 제주시 외도일동,제주시,외도일동,35500,0,35500,84.7,25.62,5,외도일동 3억대 아파트 전용26평 넓은 쓰리룸 매매,https://www.zigbang.com/home/apt/items/49911312
2026-08-08 04:52:04,빌라투룸,49911511,매매,05,제주도 제주시 외도일동,제주시,외도일동,37000,0,37000,68.62,20.76,3,외도일동 3억대 저렴한 신축 아파트 첫입주 쓰리룸 매매,https://www.zigbang.com/home/apt/items/49911511
2026-08-08 04:52:04,빌라투룸,49911622,월세,04,제주도 제주시 외도이동,제주시,외도이동,500,110,0,81,24.5,1,반려견묘O 타운하우스풀옵 외도이동 신라스테이 인근 테라스O,https://www.zigbang.com/home/apt/items/49911622
2026-08-08 04:52:04,빌라투룸,49981706,월세,04,제주도 제주시 외도일동,제주시,외도일동,500,67,0,59.5,18.0,2,"즉시 입주, 년세만 가능 800만, 풀옵션, 1주차",https://www.zigbang.com/home/apt/items/49981706
2026-08-08 04:52:04,빌라투룸,49612118,매매,05,제주도 제주시 애월읍 광령리,제주시,애월읍,30800,0,30800,74.67,22.59,3,바다뷰 I 텃밭사용가능 I 애월 I 쓰리룸,https://www.zigbang.com/home/apt/items/49612118
2026-08-08 04:52:04,빌라투룸,49672595,월세,05,제주도 제주시 노형동,제주시,노형동,1000,100,0,75,22.69,2,"년세만 가능 1,200만, 소형견 , 도시가스, 즉시 입주",https://www.zigbang.com/home/apt/items/49672595
2026-08-08 04:52:04,빌라투룸,49703413,월세,05,제주도 제주시 애월읍 광령리,제주시,애월읍,1000,1500,0,82.64,25.0,3,"년세만 가능1,500만, 화장실2개인 쓰리룸, 주차 좋음",https://www.zigbang.com/home/apt/items/49703413
2026-08-08 04:52:04,빌라투룸,49823845,월세,04,제주도 제주시 노형동,제주시,노형동,200,42,0,42.98,13.0,1,"즉시 입주가능,  년세만 가능  500만, 무옵션",https://www.zigbang.com/home/apt/items/49823845
2026-08-08 04:52:04,빌라투룸,49841258,월세,05,제주도 제주시 노형동,제주시,노형동,500,71,0,75,22.69,3,"년세만 가능850만 , 노옵션 단 에어컨, 가스렌지 있음",https://www.zigbang.com/home/apt/items/49841258
2026-08-08 04:52:04,빌라투룸,49906038,월세,04,제주도 제주시 노형동,제주시,노형동,200,42,0,46,13.91,1,노형동 착한 연세 아담한 투룸 임대,https://www.zigbang.com/home/apt/items/49906038
2026-08-08 04:52:04,빌라투룸,49918840,월세,04,제주도 제주시 해안동,제주시,해안동,1000,125,0,89.26,27.0,1,"애완견 가능한 단독주택 월세,년세둘다가능",https://www.zigbang.com/home/apt/items/49918840
2026-08-08 04:52:04,빌라투룸,49943261,월세,05,제주도 제주시 노형동,제주시,노형동,500,71,0,65.61,19.85,3,B노형동.노형초인접 관리잘된 쓰리룸 연세,https://www.zigbang.com/home/apt/items/49943261
2026-08-08 04:52:04,빌라투룸,49962190,월세,04,제주도 제주시 애월읍 광령리,제주시,애월읍,300,60,0,40,12.1,1,"애완견 가능한 투룸,  전원주택 생활, 풀옵션",https://www.zigbang.com/home/apt/items/49962190
2026-08-08 04:52:04,빌라투룸,49980086,월세,06,제주도 제주시 노형동,제주시,노형동,5000,130,0,85.52,25.87,5,노형중인근 주인세대 방4  다락있는 집,https://www.zigbang.com/home/apt/items/49980086
2026-08-08 04:52:04,빌라투룸,49792230,월세,05,제주도 제주시 아라일동,제주시,아라일동,1000,83,0,48.2,14.58,4,B아라일동.제대병원차량5분.테라스O.투룸.기본가전O.연세만,https://www.zigbang.com/home/apt/items/49792230
2026-08-08 04:52:04,빌라투룸,49845658,월세,04,제주도 제주시 아라일동,제주시,아라일동,500,75,0,52.74,15.95,2,B아라일동.관리양호 옵션 우수 깔끔한 투룸 제대병원 인근,https://www.zigbang.com/home/apt/items/49845658
2026-08-08 04:52:04,빌라투룸,49911625,월세,05,제주도 제주시 아라일동,제주시,아라일동,1000,130,0,100.79,30.49,4,아라일동 스위첸 인근 넓은 쓰리룸테라스 풀옵션급 귀한 월세,https://www.zigbang.com/home/apt/items/49911625
2026-08-08 04:52:04,빌라투룸,49918804,월세,04,제주도 제주시 아라일동,제주시,아라일동,800,75,0,55,16.64,3,아라롯데시네마 인근 내부 상태 최상 구산마을 투룸 월세,https://www.zigbang.com/home/apt/items/49918804
2026-08-08 04:52:04,빌라투룸,49918832,월세,04,제주도 제주시 오등동,제주시,오등동,500,63,0,51.13,15.47,2,반려동물 가능한 오등동 조용한 투룸 년세만 가능,https://www.zigbang.com/home/apt/items/49918832
2026-08-08 04:52:04,빌라투룸,49922439,월세,04,제주도 제주시 아라일동,제주시,아라일동,500,68,0,42.98,13.0,3,"제주대 병원 부근, 1주차 가능, 풀옵션",https://www.zigbang.com/home/apt/items/49922439
2026-08-08 04:52:04,빌라투룸,49931930,월세,04,제주도 제주시 아라일동,제주시,아라일동,1000,66,0,55,16.64,3,"아라아이파크 인근 엘레베이터 있는 투룸 년세,년세만가능",https://www.zigbang.com/home/apt/items/49931930
2026-08-08 04:52:04,빌라투룸,49957172,월세,05,제주도 제주시 아라일동,제주시,아라일동,1000,130,0,90.71,27.44,4,B아라초 인근 넓은 쓰리룸 준신축급 깔끔 입주일 조율가능,https://www.zigbang.com/home/apt/items/49957172
2026-08-08 04:52:04,빌라투룸,49957187,월세,04,제주도 제주시 아라일동,제주시,아라일동,1000,84,0,48.2,14.58,4,제대병원차량5분.4층.방2.테라스O.반려X.연세만,https://www.zigbang.com/home/apt/items/49957187
2026-08-08 04:52:04,빌라투룸,49965842,월세,04,제주도 제주시 아라일동,제주시,아라일동,400,60,0,59,17.85,2,제대병원인근투룸년월세,https://www.zigbang.com/home/apt/items/49965842
2026-08-08 04:52:04,빌라투룸,49976304,월세,04,제주도 제주시 아라일동,제주시,아라일동,500,75,0,64.02,19.37,3,ㅁㅁ반려묘가능.제대병원.풀옵션.복층형2룸.연월세ㅁㅁ,https://www.zigbang.com/home/apt/items/49976304
2026-08-08 04:52:04,빌라투룸,49976325,월세,04,제주도 제주시 아라일동,제주시,아라일동,500,75,0,64.02,19.37,3,ㅁㅁ반려묘가능.제대병원.풀옵션.복층형2룸.연세ㅁㅁ,https://www.zigbang.com/home/apt/items/49976325
2026-08-08 04:52:04,빌라투룸,49627069,월세,05,제주도 제주시 내도동,제주시,내도동,1000,100,0,65.7,19.87,1,년세만가능 리모델링 단독주택 주차가능,https://www.zigbang.com/home/apt/items/49627069
2026-08-08 04:52:04,빌라투룸,49823870,월세,04,제주도 제주시 이호이동,제주시,이호이동,100,42,0,42.98,13.0,3,"애완견 가능, 노옵션의 투룸, 에어컨만 있음",https://www.zigbang.com/home/apt/items/49823870
2026-08-08 04:52:04,빌라투룸,49931973,월세,05,제주도 제주시 외도일동,제주시,외도일동,1000,108,0,77.11,23.33,7,외도일동 외도초교 도보가능한 복층 주거용오피스텔.연세만,https://www.zigbang.com/home/apt/items/49931973
2026-08-08 04:52:04,빌라투룸,49939009,월세,05,제주도 제주시 외도일동,제주시,외도일동,1000,1500,0,84.98,25.71,7,외도부영2차아파트 부분리모델링 로얄츨 년세,https://www.zigbang.com/home/apt/items/49939009
2026-08-08 04:52:04,빌라투룸,49959498,월세,05,제주도 제주시 외도일동,제주시,외도일동,1500,159,0,131.34,39.73,5,"외도동 더큐브 복층형 쓰리룸 탑층 연세 전용 옥상, 태양광",https://www.zigbang.com/home/apt/items/49959498
2026-08-08 04:52:04,빌라투룸,49979388,월세,04,제주도 제주시 도두일동,제주시,도두일동,1050,92,0,56.2,17.0,3,도두해안도로  해수사우나인근 신축급 투룸,https://www.zigbang.com/home/apt/items/49979388
2026-08-08 04:52:11,빌라투룸,49938993,전세,04,제주도 서귀포시 동홍동,서귀포시,동홍동,10000,0,0,39.7,12.01,1,빠른협의입주가능 동홍주공1단지 올리모델링 1층 전세권1순위,https://www.zigbang.com/home/apt/items/49938993
2026-08-08 04:52:17,빌라투룸,49688571,월세,05,제주도 제주시 도련일동,제주시,도련일동,1000,133,0,72.78,22.02,1,삼화지구.삼화초인접.산책로인근.1층.준신축급.방3화2.연세,https://www.zigbang.com/home/apt/items/49688571
2026-08-08 04:52:17,빌라투룸,49911485,월세,05,제주도 제주시 도련일동,제주시,도련일동,1000,133,0,74.1,22.42,1,도련일동 삼화초 인근 깔끔하고 넓은 신축 쓰리룸 년세,https://www.zigbang.com/home/apt/items/49911485
2026-08-08 04:52:17,빌라투룸,49911582,월세,05,제주도 제주시 도련일동,제주시,도련일동,1000,141,0,73.98,22.38,3,도련일동 삼화초 인근 넓은 신축 복층 테라스 쓰리룸 년세,https://www.zigbang.com/home/apt/items/49911582
2026-08-08 04:52:17,빌라투룸,49948319,매매,05,제주도 제주시 화북일동,제주시,화북일동,13000,0,13000,80.1,24.23,4,화북종합시장인근 쓰리룸빌라 매매 4층,https://www.zigbang.com/home/apt/items/49948319
2026-08-08 04:52:17,빌라투룸,49968907,월세,05,제주도 제주시 도련일동,제주시,도련일동,2000,192,0,111.85,33.83,3,B도련일동.신축급 관리상태 우수 풀옵션 쓰리룸,https://www.zigbang.com/home/apt/items/49968907
2026-08-08 04:52:17,빌라투룸,49980398,매매,05,제주도 제주시 봉개동,제주시,봉개동,26000,0,26000,67.85,20.52,2,현앤수빌리지 즉시입주 가능한 깔끔한 단지형 빌라,https://www.zigbang.com/home/apt/items/49980398
2026-08-08 04:52:17,빌라투룸,49717051,월세,04,제주도 제주시 조천읍 대흘리,제주시,조천읍,2000,141,0,74,22.38,2,"대흘초 인근 예쁜 타운 하우스 전세, 연세",https://www.zigbang.com/home/apt/items/49717051
2026-08-08 04:52:17,빌라투룸,49899490,월세,04,제주도 제주시 조천읍 조천리,제주시,조천읍,900,75,0,57.56,17.41,3,애견가능투룸년월세,https://www.zigbang.com/home/apt/items/49899490
2026-08-08 04:52:17,빌라투룸,49911571,월세,04,제주도 제주시 조천읍 신촌리,제주시,조천읍,100,100,0,58.48,17.69,2,조천읍 신촌리 신축 첫입주 귀한 풀옵션급 저렴한 투룸 년세,https://www.zigbang.com/home/apt/items/49911571
2026-08-08 04:52:17,빌라투룸,49960570,월세,04,제주도 제주시 조천읍 조천리,제주시,조천읍,100,115,0,57.56,17.41,2,애견가능투룸단기가능,https://www.zigbang.com/home/apt/items/49960570
2026-08-08 04:52:17,빌라투룸,49963242,월세,04,제주도 제주시 조천읍 조천리,제주시,조천읍,900,75,0,57.56,17.41,3,소형견묘O 조천초 인근 전용17평 풀옵션 신축급 투룸 년세,https://www.zigbang.com/home/apt/items/49963242
2026-08-08 04:52:18,빌라투룸,49959555,월세,06,제주도 제주시 구좌읍 덕천리,제주시,구좌읍,1000,150,0,99.57,30.12,1,구좌읍 덕천리 신축 글로리아힐즈 타운하우스 풀옵션 연세,https://www.zigbang.com/home/apt/items/49959555
2026-08-08 04:53:56,빌라투룸,49637399,매매,04,전남광주시 진도군 조도면 맹골도리,진도군,조도면,6500,0,6500,84,25.41,1,QA 안심구독 없는 일반 매물 빌라,https://www.zigbang.com/home/apt/items/49637399
2026-08-08 04:53:56,빌라투룸,49637495,매매,05,전남광주시 진도군 조도면 맹골도리,진도군,조도면,6500,0,6500,84,25.41,2,QA 통합광고 안심추천 구독 일반 매물,https://www.zigbang.com/home/apt/items/49637495
2026-08-08 04:53:56,빌라투룸,49728739,전세,06,전남광주시 진도군 조도면 맹골도리,진도군,조도면,5500,0,0,79,23.9,2,QA 통합광고 빌라 관리비 직접 테스트,https://www.zigbang.com/home/apt/items/49728739
2026-08-08 04:53:56,빌라투룸,49773584,월세,04,전남광주시 진도군 조도면 맹골도리,진도군,조도면,8000,80,0,33.06,10.0,1,QA 테스트 매물입니다,https://www.zigbang.com/home/apt/items/49773584
2026-08-08 04:53:56,빌라투룸,49853043,월세,06,전남광주시 진도군 조도면 맹골도리,진도군,조도면,1234,12,0,59,17.85,7,QA SH 빌라 월세 매물입니다,https://www.zigbang.com/home/apt/items/49853043
2026-08-08 04:53:56,빌라투룸,49871206,전세,05,전라남도 진도군 조도면 맹골도리,진도군,조도면,12000,0,0,77.1,23.32,1,QA자동화 빌라 매물,https://www.zigbang.com/home/apt/items/49871206
2026-08-08 04:53:56,빌라투룸,49871209,월세,04,전라남도 진도군 조도면 맹골도리,진도군,조도면,1500,70,0,77.1,23.32,1,QA자동화 빌라 매물,https://www.zigbang.com/home/apt/items/49871209
2026-08-08 04:53:56,빌라투룸,49871211,월세,04,전라남도 진도군 조도면 맹골도리,진도군,조도면,110,11,0,77.1,23.32,1,QA자동화 빌라 매물,https://www.zigbang.com/home/apt/items/49871211
2026-08-08 04:53:56,빌라투룸,49942530,매매,06,전남광주시 진도군 조도면 맹골도리,진도군,조도면,1111,0,1111,33.33,10.08,반지하,융자금 없음없음없음,https://www.zigbang.com/home/apt/items/49942530
2026-08-08 04:54:05,빌라투룸,49717944,전세,05,전남광주시 진도군 조도면 맹골도리,진도군,조도면,5000,0,0,84,25.41,2,QA 통합광고 빌라 매물 관리비 천원단위,https://www.zigbang.com/home/apt/items/49717944
2026-08-08 04:54:05,빌라투룸,49728833,매매,06,전남광주시 진도군 조도면 맹골도리,진도군,조도면,6500,0,6500,59,17.85,2,QA 통합광고 빌라 관리비 기준,https://www.zigbang.com/home/apt/items/49728833
2026-08-08 04:54:05,빌라투룸,49942532,전세,05,전남광주시 진도군 조도면 맹골도리,진도군,조도면,5000,0,0,66.88,20.23,1,테스트 매물입니다.,https://www.zigbang.com/home/apt/items/49942532
2026-08-08 04:54:30,빌라투룸,49760035,월세,04,전남광주시 목포시 상동,목포시,상동,300,45,0,49.58,15.0,2,주차장 있는 중앙여중 부근 조용하고 깨끗한 투룸,https://www.zigbang.com/home/apt/items/49760035
2026-08-08 04:54:34,빌라투룸,49760042,월세,04,전남광주시 목포시 산정동,목포시,산정동,200,37,0,26.45,8.0,1,중앙시장 부근 깨끗하고 조용한 투룸,https://www.zigbang.com/home/apt/items/49760042
2026-08-08 04:54:34,빌라투룸,49924764,월세,04,전남광주시 목포시 산정동,목포시,산정동,200,35,0,39.67,12.0,2,중앙시장 부근 깨끗하고 조용한 투룸,https://www.zigbang.com/home/apt/items/49924764
2026-08-08 04:54:34,빌라투룸,49924784,월세,04,전남광주시 목포시 산정동,목포시,산정동,200,35,0,42.98,13.0,2,중앙시장 부근 깨끗하고 조용한 투룸,https://www.zigbang.com/home/apt/items/49924784
2026-08-08 04:54:34,빌라투룸,49900023,월세,04,전남광주시 목포시 옥암동,목포시,옥암동,2000,50,0,43,13.01,3,"十 신축 복층 투룸, 풀옵션, 화장실2개, 베란다",https://www.zigbang.com/home/apt/items/49900023
2026-08-08 04:54:35,빌라투룸,49899710,월세,04,전남광주시 무안군 삼향읍 남악리,무안군,삼향읍,1000,60,0,43,13.01,3,"十 신축 복층 투룸, 풀옵션,화장실2개,베란다",https://www.zigbang.com/home/apt/items/49899710
2026-08-08 04:55:45,빌라투룸,49778524,월세,04,전라북도 군산시 오식도동,군산시,오식도동,100,37,0,43,13.01,2,오식도 귀한 2층투룸,https://www.zigbang.com/home/apt/items/49778524
2026-08-08 04:55:45,빌라투룸,49917714,월세,04,전라북도 군산시 오식도동,군산시,오식도동,100,35,0,45.7,13.82,4,방2 화장실2,https://www.zigbang.com/home/apt/items/49917714
2026-08-08 04:55:45,빌라투룸,49925400,월세,05,전라북도 군산시 오식도동,군산시,오식도동,150,51,0,50,15.12,3,3층 신축급 쓰리룸 화장실2개,https://www.zigbang.com/home/apt/items/49925400
2026-08-08 04:55:52,빌라투룸,49921914,월세,04,충청남도 보령시 신흑동,보령시,신흑동,500,57,0,45,13.61,3,2014년생 신흑동 어항에 위치한 방2개 구조 즉시입주가능,https://www.zigbang.com/home/apt/items/49921914
2026-08-08 04:55:52,빌라투룸,49664391,월세,04,충청남도 보령시 주교면 은포리,보령시,주교면,300,45,0,52.4,15.85,4,은포리 해잘들어오는 투룸,https://www.zigbang.com/home/apt/items/49664391
2026-08-08 04:56:27,빌라투룸,49935066,월세,04,전남광주시 나주시 송월동,나주시,송월동,1000,31,0,30.5,9.23,4,포근한 우리집 I 채광 맛집 I 구조 좋은 집,https://www.zigbang.com/home/apt/items/49935066
2026-08-08 04:56:27,빌라투룸,49822951,월세,04,전남광주시 나주시 남내동,나주시,남내동,500,43,0,39,11.8,3,Choiceㅣ최고의 선택 ㅣ남내동ㅣ나주시내부근ㅣ초깔끔투룸,https://www.zigbang.com/home/apt/items/49822951
2026-08-08 04:56:28,빌라투룸,49765955,월세,04,전남광주시 남구 행암동,남구,행암동,300,38,0,40.11,12.13,2,ll P ll 실제 가격 ll 실제 매물 ll 빌트인 수납,https://www.zigbang.com/home/apt/items/49765955
2026-08-08 04:56:28,빌라투룸,49891679,월세,05,전남광주시 남구 행암동,남구,행암동,200,41,0,40,12.1,3,행암동 깔끔하고 가성비좋은 방,https://www.zigbang.com/home/apt/items/49891679
2026-08-08 04:56:28,빌라투룸,49891685,월세,04,전남광주시 남구 임암동,남구,임암동,200,38,0,26.11,7.9,3,임암동 화이트톤 깔끔한방 채광굿,https://www.zigbang.com/home/apt/items/49891685
2026-08-08 04:56:28,빌라투룸,49919274,월세,05,전남광주시 남구 행암동,남구,행암동,200,39,0,43,13.01,3,행암동 가성비좋고 깔끔한방,https://www.zigbang.com/home/apt/items/49919274
2026-08-08 04:56:28,빌라투룸,49919488,월세,04,전남광주시 남구 행암동,남구,행암동,300,29,0,39.66,12.0,2,P㉧INT III 눈부신채광 III 합리적인가격 III,https://www.zigbang.com/home/apt/items/49919488
2026-08-08 04:56:28,빌라투룸,49919644,월세,04,전남광주시 남구 진월동,남구,진월동,300,36,0,39.66,12.0,3,P㉧INT III 깔끔한방 III 합리적인가격 III,https://www.zigbang.com/home/apt/items/49919644
2026-08-08 04:56:28,빌라투룸,49950476,월세,05,전남광주시 남구 임암동,남구,임암동,300,50,0,29.84,9.03,2,O임암동 인기 매물 O 가성비 좋은 매물 O 화이트톤 매물,https://www.zigbang.com/home/apt/items/49950476
2026-08-08 04:56:28,빌라투룸,49974973,월세,04,전남광주시 남구 주월동,남구,주월동,500,56,0,59.5,18.0,2,"방2,거실.넓음.에어컨2대.채광좋음.보안철저.정비완료.",https://www.zigbang.com/home/apt/items/49974973
2026-08-08 04:56:28,빌라투룸,49975250,월세,05,전남광주시 남구 서동,남구,서동,500,55,0,29.87,9.04,4,구조 좋은 대형쓰리룸 ㅣ 예쁜방 ㅣ 귀한매물,https://www.zigbang.com/home/apt/items/49975250
2026-08-08 04:56:28,빌라투룸,49976848,월세,04,전남광주시 서구 풍암동,서구,풍암동,100,26,0,37.12,11.23,3,예쁨 가득 I 채광 가득 I 구조까지 완벽,https://www.zigbang.com/home/apt/items/49976848
2026-08-08 04:56:28,빌라투룸,49977100,월세,06,전남광주시 서구 농성동,서구,농성동,2000,86,0,76.89,23.26,4,II P II 복층형 주인세대 I 엘베 I 개인테라스,https://www.zigbang.com/home/apt/items/49977100
2026-08-08 04:56:28,빌라투룸,49978912,월세,06,전남광주시 서구 내방동,서구,내방동,1000,100,0,113.23,34.25,3,II P II 방4개 I 리모델링 I 단독 주인세대 I,https://www.zigbang.com/home/apt/items/49978912
2026-08-08 04:56:28,빌라투룸,49981953,월세,04,전남광주시 서구 쌍촌동,서구,쌍촌동,300,56,0,20.1,6.08,3,ll쌍촌동 넓은 투룸ll채광 위치 좋음ll귀한 매물ll,https://www.zigbang.com/home/apt/items/49981953
2026-08-08 04:56:40,빌라투룸,49951585,월세,04,전남광주시 광양시 광양읍 덕례리,광양시,광양읍,200,33,0,33,9.98,2,"덕례리 순천,여수,인근산단 출퇴근 편리한 깔끔한 투룸",https://www.zigbang.com/home/apt/items/49951585
2026-08-08 04:56:40,빌라투룸,49951633,월세,04,전남광주시 광양시 광양읍 칠성리,광양시,광양읍,100,32,0,32,9.68,2,"순천,여수,인근산단 출퇴근 편리한 조용하고 관리잘된 투룸",https://www.zigbang.com/home/apt/items/49951633
2026-08-08 04:56:40,빌라투룸,49951638,월세,04,전남광주시 광양시 광양읍 덕례리,광양시,광양읍,200,35,0,33,9.98,4,덕례리 엘베있는 남향의 가격좋은 투룸,https://www.zigbang.com/home/apt/items/49951638
2026-08-08 04:56:40,빌라투룸,49951739,월세,04,전남광주시 광양시 광양읍 덕례리,광양시,광양읍,200,35,0,33,9.98,3,덕례리 인근산단 출퇴근 편하고 편의시설 가까운 투룸,https://www.zigbang.com/home/apt/items/49951739
2026-08-08 04:57:19,빌라투룸,49723034,월세,04,경상남도 진주시 가좌동,진주시,가좌동,2000,76,0,70,21.17,2,가좌동 역세권 신축 깔끔한 인기최강 투룸,https://www.zigbang.com/home/apt/items/49723034
2026-08-08 04:57:19,빌라투룸,49744620,월세,04,경상남도 진주시 가좌동,진주시,가좌동,300,46,0,60,18.15,4,ㅁ복층 투룸ㅁ인기최강 구조 풀옵션 금방 나갑니다,https://www.zigbang.com/home/apt/items/49744620
2026-08-08 04:57:19,빌라투룸,49890537,월세,04,경상남도 진주시 정촌면 예하리,진주시,정촌면,500,50,0,45.96,13.9,5,㉧ㅡ서빈No.1구해줘홈즈ㅡ㉧추천BEST꿀방,https://www.zigbang.com/home/apt/items/49890537
2026-08-08 04:57:20,빌라투룸,49840712,월세,04,경상남도 통영시 태평동,통영시,태평동,2000,45,0,60,18.15,2,엘베있는  투룸,https://www.zigbang.com/home/apt/items/49840712
2026-08-08 04:57:20,빌라투룸,49909333,월세,05,경상남도 통영시 정량동,통영시,정량동,2000,58,0,72.73,22.0,4,엘베 있고 구조좋고 깨끗한 쓰리룸 보2000 월58,https://www.zigbang.com/home/apt/items/49909333
2026-08-08 04:57:20,빌라투룸,49909440,월세,04,경상남도 통영시 태평동,통영시,태평동,1000,50,0,52.89,16.0,3,태평동 깨끗한 신축에 가까운 투룸,https://www.zigbang.com/home/apt/items/49909440
2026-08-08 04:57:21,빌라투룸,49836017,월세,04,경상남도 거제시 상동동,거제시,상동동,300,40,0,49.59,15.0,3,ㅇ럭셔리 끝판왕 최신축 도시가스 대박매물 정투룸ㅇ,https://www.zigbang.com/home/apt/items/49836017
2026-08-08 04:57:21,빌라투룸,49677667,월세,05,경상남도 거제시 고현동,거제시,고현동,300,42,0,60,18.15,4,올 리모델링 도시가스 쓰리룸,https://www.zigbang.com/home/apt/items/49677667
2026-08-08 04:57:21,빌라투룸,49680378,월세,04,경상남도 거제시 고현동,거제시,고현동,300,40,0,55,16.64,4,"시청, 구동사무소 부근 햇살가득한 남향 정투룸",https://www.zigbang.com/home/apt/items/49680378
2026-08-08 04:57:21,빌라투룸,49680571,월세,04,경상남도 거제시 고현동,거제시,고현동,300,35,0,46,13.91,4,시장부근 가성비 좋은 투룸,https://www.zigbang.com/home/apt/items/49680571
2026-08-08 04:57:21,빌라투룸,49715101,월세,05,경상남도 거제시 고현동,거제시,고현동,500,50,0,85.95,26.0,4,ㅇ가성비 최강 도시가스 남향 주인세대 복층형 쓰리룸ㅇ,https://www.zigbang.com/home/apt/items/49715101
2026-08-08 04:57:21,빌라투룸,49741066,월세,04,경상남도 거제시 고현동,거제시,고현동,300,37,0,46.28,14.0,3,ㅇ후회없는 선택 신축 도시가스 화이트 정투룸ㅇ,https://www.zigbang.com/home/apt/items/49741066
2026-08-08 04:57:21,빌라투룸,49800090,월세,06,경상남도 거제시 장평동,거제시,장평동,1000,72,0,115.7,35.0,4,"주인세대ㅡ방4, 욕실2, 쾌적한 방",https://www.zigbang.com/home/apt/items/49800090
2026-08-08 04:57:21,빌라투룸,49906248,월세,04,경상남도 거제시 장평동,거제시,장평동,200,45,0,46.28,14.0,1,ㅇ사무실용도가능 리모델링 도시가스 정투룸ㅇ,https://www.zigbang.com/home/apt/items/49906248
2026-08-08 04:57:21,빌라투룸,49977909,월세,04,경상남도 거제시 고현동,거제시,고현동,300,38,0,42.98,13.0,3,ㅇ지금잡으세요 최저가  도시가스 가성비 정투룸ㅇ,https://www.zigbang.com/home/apt/items/49977909
2026-08-08 04:57:21,빌라투룸,49978139,월세,04,경상남도 거제시 고현동,거제시,고현동,300,35,0,50,15.12,2,서원탑마트 부근 가성비 좋은 정투룸,https://www.zigbang.com/home/apt/items/49978139
2026-08-08 04:57:23,빌라투룸,49807494,월세,04,경상남도 창원시 진해구 충의동,창원시 진해구,충의동,3000,60,0,80,24.2,3,"전진  해군사관학교 군부대 인근 투룸 큰거실, 풀옵션",https://www.zigbang.com/home/apt/items/49807494
2026-08-08 04:57:33,빌라투룸,49468289,월세,04,부산시 사하구 신평동,사하구,신평동,500,30,0,50,15.12,2,리모델링주택ㅣ방2ㅣ넓은욕실ㅣ에어컨ㅣ보증금조절,https://www.zigbang.com/home/apt/items/49468289
2026-08-08 04:57:33,빌라투룸,49713339,월세,05,부산시 사하구 신평동,사하구,신평동,1000,40,0,75,22.69,3,방3ㅣ거실ㅣ주방별도ㅣ야외베란다ㅣ보증금조절,https://www.zigbang.com/home/apt/items/49713339
2026-08-08 04:57:33,빌라투룸,49839378,월세,04,부산시 사하구 신평동,사하구,신평동,500,30,0,50,15.12,2,리모델링주택ㅣ방2ㅣ에어컨ㅣ가스렌지ㅣ세탁실,https://www.zigbang.com/home/apt/items/49839378
2026-08-08 04:57:33,빌라투룸,49956103,월세,05,부산시 사하구 신평동,사하구,신평동,2000,40,0,66.12,20.0,2,리모델링주택ㅣ채광ㅣ방3ㅣ베란다,https://www.zigbang.com/home/apt/items/49956103
2026-08-08 04:57:33,빌라투룸,49976839,월세,04,부산시 사하구 신평동,사하구,신평동,500,30,0,53,16.03,2,복층주택ㅣ정남향ㅣ방2ㅣ거실ㅣ야외베란다,https://www.zigbang.com/home/apt/items/49976839
2026-08-08 04:57:33,빌라투룸,49884053,월세,04,부산시 강서구 신호동,강서구,신호동,200,36,0,42.9,12.98,1,다리아프신분 강추 투룸. 남향. 풀옵션. 위치최상 굿.,https://www.zigbang.com/home/apt/items/49884053
2026-08-08 04:57:33,빌라투룸,49913992,월세,05,부산시 강서구 신호동,강서구,신호동,2500,35,0,76,22.99,1,매우 넓은 쓰리룸. 즉시입주가능. 편의시설근접. 생활편리.,https://www.zigbang.com/home/apt/items/49913992
2026-08-08 04:57:33,빌라투룸,49914036,월세,05,부산시 강서구 신호동,강서구,신호동,1000,46,0,59.6,18.03,2,풀옵션 쓰리룸. 현대적 인테리어. 위치최상. 밝고 안전.,https://www.zigbang.com/home/apt/items/49914036
2026-08-08 04:57:33,빌라투룸,49985241,월세,04,부산시 강서구 신호동,강서구,신호동,3000,25,0,49.5,14.97,2,풀옵션 투룸.쓰리룸 평수대 동일.신호공원.주차가능.준신축.,https://www.zigbang.com/home/apt/items/49985241
2026-08-08 04:57:33,빌라투룸,49800483,월세,04,부산시 사상구 주례동,사상구,주례동,1000,40,0,57.84,17.5,1,.마당있는 독채 복층 방2칸.,https://www.zigbang.com/home/apt/items/49800483
2026-08-08 04:57:33,빌라투룸,49575663,월세,04,부산시 서구 서대신동1가,서구,서대신동1가,500,40,0,27.3,8.26,3,"방 2개, 주방분리, 붙박이장, 베란다",https://www.zigbang.com/home/apt/items/49575663
2026-08-08 04:57:33,빌라투룸,49704234,전세,04,부산시 서구 부용동1가,서구,부용동1가,8000,0,0,25.83,7.81,2,부민캠퍼스 맢은편 투룸 전세 학생대출가능,https://www.zigbang.com/home/apt/items/49704234
2026-08-08 04:57:33,빌라투룸,49709441,월세,04,부산시 서구 서대신동1가,서구,서대신동1가,1000,50,0,39.11,11.83,5,"투룸의 왕. 방, 거실 활용도 좋음.",https://www.zigbang.com/home/apt/items/49709441
2026-08-08 04:57:33,빌라투룸,49772930,전세,04,부산시 중구 보수동2가,중구,보수동2가,11000,0,0,28.79,8.71,14,보수동 베스타빌 투룸 보증보험,https://www.zigbang.com/home/apt/items/49772930
2026-08-08 04:57:33,빌라투룸,49772942,전세,04,부산시 중구 보수동2가,중구,보수동2가,10000,0,0,24.12,7.3,14,보증보험 동아대 선호도 1위 베스타빌,https://www.zigbang.com/home/apt/items/49772942
2026-08-08 04:57:33,빌라투룸,49883711,월세,04,부산시 중구 보수동2가,중구,보수동2가,2000,47,0,24.12,7.3,5,동아대 도보 스타일러 건조기 보증금 조절가능,https://www.zigbang.com/home/apt/items/49883711
2026-08-08 04:57:33,빌라투룸,49914258,월세,05,부산시 서구 암남동,서구,암남동,1000,75,0,72.3,21.87,8,"오션뷰 넓고 구조 좋은 거실,방3,화2, 편한 지면 주차",https://www.zigbang.com/home/apt/items/49914258
2026-08-08 04:57:33,빌라투룸,49916364,월세,04,부산시 서구 토성동2가,서구,토성동2가,1000,45,0,17.31,5.24,7,토성역 도보 1분 투룸,https://www.zigbang.com/home/apt/items/49916364
2026-08-08 04:57:33,빌라투룸,49941524,월세,04,부산시 서구 서대신동1가,서구,서대신동1가,1000,64,0,29.92,9.05,9,대신동 최고의 오피스텔 완전 풀옵션,https://www.zigbang.com/home/apt/items/49941524
2026-08-08 04:57:35,빌라투룸,49354367,전세,04,부산시 중구 부평동3가,중구,부평동3가,8000,0,0,28.47,8.61,4,버팀목 전세자금 대출 가능,https://www.zigbang.com/home/apt/items/49354367
2026-08-08 04:57:35,빌라투룸,49916359,월세,04,부산시 서구 토성동1가,서구,토성동1가,500,45,0,28.22,8.54,5,토성동 가성비 투룸,https://www.zigbang.com/home/apt/items/49916359
2026-08-08 04:57:35,빌라투룸,49939206,월세,04,부산시 중구 대청동4가,중구,대청동4가,500,40,0,38.56,11.66,2,"귀한 풀옵션 빌라 거실,방2,화2,에1, 남동향",https://www.zigbang.com/home/apt/items/49939206
2026-08-08 04:57:35,빌라투룸,49939629,월세,04,부산시 중구 영주동,중구,영주동,1000,45,0,48.5,14.67,4,"내부깨끗한 거실,방2,화1,에1, 주차가능",https://www.zigbang.com/home/apt/items/49939629
2026-08-08 04:57:36,빌라투룸,49939676,월세,04,부산시 부산진구 가야동,부산진구,가야동,1000,35,0,37.76,11.42,3,"귀한 내부 깨끗한 빌라 거실,방2,화1, 남서향",https://www.zigbang.com/home/apt/items/49939676
2026-08-08 04:57:36,빌라투룸,49917909,월세,04,부산시 수영구 광안동,수영구,광안동,2000,95,0,56.19,17.0,2,"귀한 아파텔 거실,방2,화1, 시스템 에어컨2대",https://www.zigbang.com/home/apt/items/49917909
2026-08-08 04:57:37,빌라투룸,49707203,월세,06,전남광주시 광산구 삼거동,광산구,삼거동,1000,91,0,122.16,36.95,3,II P II 신축 l 초대형 l 엘베 l 안집,https://www.zigbang.com/home/apt/items/49707203
2026-08-08 04:57:37,빌라투룸,49971025,월세,06,전남광주시 광산구 삼거동,광산구,삼거동,1000,91,0,125.3,37.9,2,ii 빛그린산단 안집 매물 ii 구조 최고 ii 주차편리,https://www.zigbang.com/home/apt/items/49971025
2026-08-08 04:57:38,빌라투룸,49700245,월세,05,전남광주시 광산구 오선동,광산구,오선동,400,62,0,36.36,11.0,2,진곡산단 신축급 컨디션 최상 정남향 구조 좋은 쓰리룸,https://www.zigbang.com/home/apt/items/49700245
2026-08-08 04:57:38,빌라투룸,49860149,월세,05,전남광주시 광산구 오선동,광산구,오선동,500,46,0,39.68,12.0,3,II P II 신축 l 엘베 l 화이트톤 l 예쁜방 l,https://www.zigbang.com/home/apt/items/49860149
2026-08-08 04:57:38,빌라투룸,49910262,월세,04,전남광주시 광산구 오선동,광산구,오선동,300,42,0,38.23,11.56,3,ㅣ실시간 A급 인기매물ㅣ신축ㅣ대형붙박이장ㅣ채광굿ㅣ귀한매물ㅣ,https://www.zigbang.com/home/apt/items/49910262
2026-08-08 04:57:38,빌라투룸,49911454,월세,04,전남광주시 광산구 오선동,광산구,오선동,500,41,0,42,12.7,2,ㅁNew인기매물ㅁ너무깔끔 채광좋은 풀옵션 투룸,https://www.zigbang.com/home/apt/items/49911454
2026-08-08 04:57:38,빌라투룸,49964380,월세,06,전남광주시 광산구 오선동,광산구,오선동,2000,131,0,105.7,31.97,4,II P II 신축급 l 엘베 l 테라스 l 시스템에어컨,https://www.zigbang.com/home/apt/items/49964380
2026-08-08 04:57:38,빌라투룸,49967680,월세,04,전남광주시 북구 중흥동,북구,중흥동,300,41,0,42.98,13.0,3,P㉧INT III 시스템에어컨 III 예쁜신축급 III,https://www.zigbang.com/home/apt/items/49967680
2026-08-08 04:57:38,빌라투룸,49967685,월세,04,전남광주시 북구 신안동,북구,신안동,200,39,0,40.11,12.13,2,P㉧INT III 예쁜빌트인 III 합리적인가격 III,https://www.zigbang.com/home/apt/items/49967685
2026-08-08 04:57:38,빌라투룸,49978996,월세,04,전남광주시 북구 용봉동,북구,용봉동,300,48,0,36.36,11.0,2,ㅣ올리모델링 ㅣ냉장고 들어왔습니다ㅣ가성비 좋은방ㅣ,https://www.zigbang.com/home/apt/items/49978996
2026-08-08 04:57:38,빌라투룸,49981635,월세,04,전남광주시 북구 중흥동,북구,중흥동,200,29,0,40.11,12.13,3,P㉧INT III 눈부신채광 III 합리적인가격 III,https://www.zigbang.com/home/apt/items/49981635
2026-08-08 04:57:38,빌라투룸,49985144,월세,04,전남광주시 북구 신안동,북구,신안동,100,30,0,30,9.07,3,실시간 따뜻한 실매물 l 화이트톤 l 구조좋은 매물,https://www.zigbang.com/home/apt/items/49985144
2026-08-08 04:57:49,빌라투룸,49855847,월세,05,전라북도 전주시 덕진구 만성동,전주시 덕진구,만성동,2000,90,0,80,24.2,1,"만성,혁신부근 두현마을 1층주인세대, 에어컨2대,화장실2",https://www.zigbang.com/home/apt/items/49855847
2026-08-08 04:57:49,빌라투룸,49884723,월세,04,전라북도 완주군 이서면 갈산리,완주군,이서면,500,43,0,55,16.64,3,"전기,가스,인터넷,수도 공과금 올포함금액ㅁ넓은SIZE투룸",https://www.zigbang.com/home/apt/items/49884723
2026-08-08 04:57:49,빌라투룸,49890445,월세,04,전라북도 전주시 덕진구 만성동,전주시 덕진구,만성동,1000,130,0,50,15.12,2,ꗟꗟ만성동ꯁ오피스텔ꯁ풀옵션ꯁ고급 인테리어ꯁ엘베ꯁ,https://www.zigbang.com/home/apt/items/49890445
2026-08-08 04:57:49,빌라투룸,49917503,월세,05,전라북도 전주시 덕진구 만성동,전주시 덕진구,만성동,5000,91,0,70,21.17,4,만성동쓰리룸복층 ㅇ신축급 ㅇ엘베 ㅇ화장실2개 ㅇ국민연금부근,https://www.zigbang.com/home/apt/items/49917503
2026-08-08 04:57:49,빌라투룸,49923427,월세,04,전라북도 전주시 덕진구 만성동,전주시 덕진구,만성동,1000,50,0,44,13.31,3,"두현마을 핵귀한 2룸, 엘베있는건물, 넓은구조, 주차편리",https://www.zigbang.com/home/apt/items/49923427
2026-08-08 04:57:49,빌라투룸,49658303,월세,04,전라북도 전주시 완산구 다가동1가,전주시 완산구,다가동1가,500,29,0,50,15.12,2,ㅁㅁ웨리단길인근ㅁ착한가격ㅁ위치최고ㅁ좋은구조ㅁ인기매물ㅁㅁ,https://www.zigbang.com/home/apt/items/49658303
2026-08-08 04:57:49,빌라투룸,49735415,월세,04,전라북도 전주시 완산구 다가동1가,전주시 완산구,다가동1가,500,29,0,52.89,16.0,2,객리단길v한옥마을부근v탁트인뷰v잘빠진투룸v주방분리v깨끗깔끔,https://www.zigbang.com/home/apt/items/49735415
2026-08-08 04:57:49,빌라투룸,49900873,월세,04,전라북도 전주시 완산구 다가동1가,전주시 완산구,다가동1가,500,30,0,40,12.1,3,O다가동 풀옵션 투룸O가성비좋음O방넓음O즉시입주O,https://www.zigbang.com/home/apt/items/49900873
2026-08-08 04:57:49,빌라투룸,49902316,월세,04,전라북도 전주시 완산구 서서학동,전주시 완산구,서서학동,500,31,0,33.06,10.0,2,V신축급투룸V엘베V풀옵션V남초등학교부근V,https://www.zigbang.com/home/apt/items/49902316
2026-08-08 04:57:49,빌라투룸,49910374,월세,04,전라북도 전주시 완산구 다가동1가,전주시 완산구,다가동1가,500,30,0,40,12.1,2,다가동 투룸 웨리단길 기전대 인근 넓은집 풀옵션 즉시입주,https://www.zigbang.com/home/apt/items/49910374
2026-08-08 04:57:49,빌라투룸,49924343,월세,06,전라북도 전주시 완산구 서서학동,전주시 완산구,서서학동,5000,50,0,110,33.27,4,H32평 대형평수 주인세대H조용하게 살기좋은 포룸H즉시입주,https://www.zigbang.com/home/apt/items/49924343
2026-08-08 04:57:49,빌라투룸,49928276,월세,04,전라북도 전주시 완산구 평화동1가,전주시 완산구,평화동1가,500,43,0,36.3,10.98,2,o투룸o  상태깨끗 교통편리 투룸,https://www.zigbang.com/home/apt/items/49928276
2026-08-08 04:57:49,빌라투룸,49928340,월세,04,전라북도 전주시 완산구 평화동1가,전주시 완산구,평화동1가,1000,40,0,36.3,10.98,2,o투룸o  상태깨끗 교통편리 투룸,https://www.zigbang.com/home/apt/items/49928340
2026-08-08 04:57:49,빌라투룸,49931906,월세,06,전라북도 전주시 완산구 동서학동,전주시 완산구,동서학동,2000,141,0,133,40.23,4,동서학동o넓은주인세대o전주교대o복층o엘베o테라스o즉시입주o,https://www.zigbang.com/home/apt/items/49931906
2026-08-08 04:57:49,빌라투룸,49944354,월세,04,전라북도 전주시 완산구 중화산동1가,전주시 완산구,중화산동1가,300,31,0,50,15.12,2,100프로실매물 착한가격 깔끔 구조 잘빠진 넓은 남향 투룸,https://www.zigbang.com/home/apt/items/49944354
2026-08-08 04:57:49,빌라투룸,49977271,월세,05,전라북도 전주시 완산구 효자동2가,전주시 완산구,효자동2가,500,50,0,66.1,20.0,2,ꔫBestꔫ깔끔쓰리룸ll신시가지부근ll가성비굿굿ll즉시입주,https://www.zigbang.com/home/apt/items/49977271
2026-08-08 04:57:49,빌라투룸,49977273,월세,05,전라북도 전주시 완산구 효자동2가,전주시 완산구,효자동2가,500,50,0,66.12,20.0,2,With.귀한풀옵쓰리룸ꖛ신시근접ꖛ옵션빵빵이ꖛ갓성비1등ꖛ굿굿,https://www.zigbang.com/home/apt/items/49977273
2026-08-08 04:57:49,빌라투룸,49977533,월세,05,전라북도 전주시 완산구 효자동2가,전주시 완산구,효자동2가,4000,45,0,50,15.12,2,"쓰리룸 반전세, 채광 맛집, 애완동물 조율가능",https://www.zigbang.com/home/apt/items/49977533
2026-08-08 04:57:49,빌라투룸,49977583,월세,05,전라북도 전주시 완산구 효자동2가,전주시 완산구,효자동2가,500,50,0,50,15.12,2,O리모델링 풀옵션 쓰리룸O화이트톤O도배후첫입주O깔끔한구조O,https://www.zigbang.com/home/apt/items/49977583
2026-08-08 04:57:49,빌라투룸,49977659,월세,04,전라북도 전주시 완산구 중화산동2가,전주시 완산구,중화산동2가,300,29,0,43,13.01,2,중화산동엘베있는투룸0반려동물0가성비0컨디션굿0환기굿0중산초,https://www.zigbang.com/home/apt/items/49977659
2026-08-08 04:57:49,빌라투룸,49979221,월세,04,전라북도 전주시 완산구 중화산동2가,전주시 완산구,중화산동2가,300,31,0,40,12.1,3,0전주투룸0종로약국0전주병원0중산초0노고민0가성비0엄지척,https://www.zigbang.com/home/apt/items/49979221
2026-08-08 04:57:49,빌라투룸,49982351,월세,05,전라북도 전주시 완산구 효자동2가,전주시 완산구,효자동2가,400,25,0,57,17.24,3,"ꯁ전주대 최저가쓰리룸ꯁ냉,세 풀옵션ꯁ화이트톤 넓은쓰리룸ꯁ",https://www.zigbang.com/home/apt/items/49982351
2026-08-08 04:57:49,빌라투룸,49982394,월세,05,전라북도 전주시 완산구 효자동2가,전주시 완산구,효자동2가,400,31,0,60,18.15,3,효자동쓰리룸 ㅇ즉시입주 ㅇ가성비 ㅇ우정청 ㅇ풀옵션 ㅇ노고민,https://www.zigbang.com/home/apt/items/49982394
2026-08-08 04:57:49,빌라투룸,49983924,월세,05,전라북도 전주시 완산구 중화산동2가,전주시 완산구,중화산동2가,3000,61,0,60,18.15,2,0중화산동쓰리룸0엘베0햇살굿0굿초이스,https://www.zigbang.com/home/apt/items/49983924
2026-08-08 04:57:49,빌라투룸,49983958,월세,05,전라북도 전주시 완산구 효자동2가,전주시 완산구,효자동2가,400,31,0,52.1,15.76,3,0전주쓰리룸0가성비초대박0도배새로함0싱크대교체0동향0전주대,https://www.zigbang.com/home/apt/items/49983958
2026-08-08 04:57:49,빌라투룸,49983980,월세,05,전라북도 전주시 완산구 효자동3가,전주시 완산구,효자동3가,500,40,0,57,17.24,4,"ꯁ전주대 개인테라스ꯁ냉,세풀옵션ꯁ두명살기 딱좋은 쓰리룸ꯁ",https://www.zigbang.com/home/apt/items/49983980
2026-08-08 04:57:49,빌라투룸,49984671,월세,04,전라북도 전주시 완산구 효자동3가,전주시 완산구,효자동3가,300,33,0,35,10.59,4,ꯁ전주대 초대형 투룸ꯁ전주대 최저가ꯁ구조좋은 이쁜투룸ꯁ,https://www.zigbang.com/home/apt/items/49984671
2026-08-08 04:57:49,빌라투룸,49985282,월세,04,전라북도 전주시 완산구 효자동3가,전주시 완산구,효자동3가,200,42,0,43,13.01,2,"전주대 신정문 근접 투룸, 남향햇빛좋아요, 즉시입주가능",https://www.zigbang.com/home/apt/items/49985282
2026-08-08 04:57:49,빌라투룸,49986244,월세,04,전라북도 전주시 완산구 효자동2가,전주시 완산구,효자동2가,500,45,0,42.98,13.0,3,ㅡ전체리모델링 신축급 투룸 ㅡ감각적인 인테리어 ㅡ강츄매물,https://www.zigbang.com/home/apt/items/49986244
2026-08-08 04:58:05,빌라투룸,49841856,월세,05,전라북도 군산시 오식도동,군산시,오식도동,200,52,0,60,18.15,4,오식도 준신축건물,https://www.zigbang.com/home/apt/items/49841856
2026-08-08 04:58:05,빌라투룸,49917716,월세,04,전라북도 군산시 오식도동,군산시,오식도동,100,35,0,40.1,12.13,2,화장실2  남향투룸,https://www.zigbang.com/home/apt/items/49917716
2026-08-08 04:58:05,빌라투룸,49917726,월세,04,전라북도 군산시 오식도동,군산시,오식도동,100,33,0,40,12.1,3,정남향  밝은투룸,https://www.zigbang.com/home/apt/items/49917726
2026-08-08 04:58:05,빌라투룸,49925365,월세,04,전라북도 군산시 오식도동,군산시,오식도동,100,40,0,42.3,12.8,3,화장실 2개  넓은 투룸,https://www.zigbang.com/home/apt/items/49925365
2026-08-08 04:58:05,빌라투룸,49925375,월세,05,전라북도 군산시 오식도동,군산시,오식도동,200,51,0,40,12.1,4,화장실 2개 쓰리룸 단기가능,https://www.zigbang.com/home/apt/items/49925375
2026-08-08 04:58:05,빌라투룸,49925385,월세,04,전라북도 군산시 오식도동,군산시,오식도동,100,45,0,32,9.68,2,화장실2개 투룸,https://www.zigbang.com/home/apt/items/49925385
2026-08-08 04:58:05,빌라투룸,49925411,월세,04,전라북도 군산시 오식도동,군산시,오식도동,100,35,0,30,9.07,3,위치좋고 구조 좋은 투룸,https://www.zigbang.com/home/apt/items/49925411
2026-08-08 04:58:05,빌라투룸,49682984,월세,04,전라북도 군산시 미룡동,군산시,미룡동,300,45,0,49.59,15.0,3,2R 실사진 준신축 화이트톤 채광 매우 우수,https://www.zigbang.com/home/apt/items/49682984
2026-08-08 04:58:05,빌라투룸,49922585,월세,04,전라북도 군산시 미룡동,군산시,미룡동,300,46,0,46.28,14.0,3,군산대 은파후문 인접 투룸 풀옵션,https://www.zigbang.com/home/apt/items/49922585
2026-08-08 04:58:09,빌라투룸,49292068,월세,05,전라북도 익산시 동산동,익산시,동산동,500,45,0,46.28,14.0,2,Oo동산동 넓은쓰리룸oO채광굿oO,https://www.zigbang.com/home/apt/items/49292068
2026-08-08 04:58:09,빌라투룸,49805683,월세,05,전라북도 익산시 동산동,익산시,동산동,500,45,0,50,15.12,3,"AA 이마트근처,쓰리룸,풀옵션",https://www.zigbang.com/home/apt/items/49805683
2026-08-08 04:58:09,빌라투룸,49806506,월세,05,전라북도 익산시 남중동,익산시,남중동,500,51,0,60,18.15,4,"AA 신축 쓰리룸, 승강기",https://www.zigbang.com/home/apt/items/49806506
2026-08-08 04:58:09,빌라투룸,49832977,월세,04,전라북도 익산시 모현동1가,익산시,모현동1가,300,35,0,46.28,14.0,4,ㅁ모현동  투룸 테라스가 있는 투룸ㅁ엘리베이터,https://www.zigbang.com/home/apt/items/49832977
2026-08-08 04:58:09,빌라투룸,49860590,월세,05,전라북도 익산시 남중동,익산시,남중동,500,51,0,60,18.15,4,"AA 쓰리룸,승강기,즉시입주",https://www.zigbang.com/home/apt/items/49860590
2026-08-08 04:58:09,빌라투룸,49872314,전세,04,전라북도 익산시 마동,익산시,마동,4500,0,0,42.97,13.0,3,ㅁ마동 투룸 전세ㅁ  전북대캠퍼스 부근ㅁ엘리베이터,https://www.zigbang.com/home/apt/items/49872314
2026-08-08 04:58:09,빌라투룸,49920157,월세,05,전라북도 익산시 남중동,익산시,남중동,500,51,0,60,18.15,4,"AA 신축급, 쓰리룸 승강기",https://www.zigbang.com/home/apt/items/49920157
2026-08-08 04:58:09,빌라투룸,49964882,전세,04,전라북도 익산시 동산동,익산시,동산동,4500,0,0,39.67,12.0,2,"Oo동산동 LH투룸전세oO채광굿,주차굿oO",https://www.zigbang.com/home/apt/items/49964882
2026-08-08 04:58:09,빌라투룸,49965512,월세,05,전라북도 익산시 동산동,익산시,동산동,1000,91,0,89.25,27.0,4,"Oo동산동 주인세대oO방3,동선구조굿,샤워시설굿oO",https://www.zigbang.com/home/apt/items/49965512
2026-08-08 04:58:09,빌라투룸,49965599,월세,05,전라북도 익산시 동산동,익산시,동산동,7000,25,0,89.25,27.0,4,"Oo동산동 럭셔리주인세대oO방3,동선구조굿,샤워시설굿oO",https://www.zigbang.com/home/apt/items/49965599
2026-08-08 04:58:09,빌라투룸,49968040,월세,05,전라북도 익산시 동산동,익산시,동산동,500,41,0,50,15.12,3,"AA 즉시입주,쓰리룸,풀옵션",https://www.zigbang.com/home/apt/items/49968040
2026-08-08 04:58:09,빌라투룸,49968063,월세,05,전라북도 익산시 동산동,익산시,동산동,500,45,0,50,15.12,2,"AA 이마트앞,쓰리룸,주차편리",https://www.zigbang.com/home/apt/items/49968063
2026-08-08 04:58:09,빌라투룸,49968071,월세,05,전라북도 익산시 동산동,익산시,동산동,500,45,0,50,15.12,2,"AA 이마트 근처 쓰리룸,주차편리",https://www.zigbang.com/home/apt/items/49968071
2026-08-08 04:58:09,빌라투룸,49968083,월세,05,전라북도 익산시 동산동,익산시,동산동,500,41,0,49.59,15.0,2,"AA 쓰리룸,이마트근처",https://www.zigbang.com/home/apt/items/49968083
2026-08-08 04:58:09,빌라투룸,49968139,월세,05,전라북도 익산시 동산동,익산시,동산동,500,45,0,50,15.12,2,"AA 이마트근처 쓰리룸,주차편리",https://www.zigbang.com/home/apt/items/49968139
2026-08-08 04:58:09,빌라투룸,49906635,월세,05,전라북도 완주군 삼례읍 삼례리,완주군,삼례읍,2000,51,0,62.81,19.0,2,0삼례우석대0삼례ic근접0신축급0우석대룸메0엘베0컨디션굿,https://www.zigbang.com/home/apt/items/49906635
2026-08-08 04:58:09,빌라투룸,49908689,월세,05,전라북도 완주군 삼례읍 삼례리,완주군,삼례읍,2000,50,0,61.3,18.54,2,ꗄꗄ신축급ꗄꗄBEST쓰리룸ꗄꗄ안심주택ꗄꗄ가격조정가ꗄꗄ엘베,https://www.zigbang.com/home/apt/items/49908689
2026-08-08 04:58:09,빌라투룸,49908721,월세,04,전라북도 완주군 삼례읍 삼례리,완주군,삼례읍,500,50,0,50,15.12,3,ꗄꗄ신축급ꗄꗄ풀옵션ꗄꗄ엘베ꗄꗄBEST투룸ꗄꗄ안심주택ꗄꗄ깔끔,https://www.zigbang.com/home/apt/items/49908721
2026-08-08 04:58:09,빌라투룸,49971971,월세,05,전라북도 완주군 삼례읍 삼례리,완주군,삼례읍,2000,40,0,60,18.15,2,ㅁ준신축급ㅁ풀옵션ㅁ엘베ㅁ귀한매물ㅁ좋은집ㅁ안심주택,https://www.zigbang.com/home/apt/items/49971971
2026-08-08 04:58:09,빌라투룸,49788801,월세,04,전라북도 익산시 신흥동,익산시,신흥동,300,35,0,39.67,12.0,2,"Oo공단인근 투룸oO주차굿, 안락함oO",https://www.zigbang.com/home/apt/items/49788801
2026-08-08 04:58:09,빌라투룸,49825016,월세,04,전라북도 익산시 영등동,익산시,영등동,200,40,0,39.67,12.0,2,AA 영등동 넓은투룸,https://www.zigbang.com/home/apt/items/49825016
2026-08-08 04:58:09,빌라투룸,49849784,월세,04,전라북도 익산시 영등동,익산시,영등동,300,35,0,42.97,13.0,3,ㅁ영등동 신축 투룸 깔끔하고 저렴한 투룸ㅁ동부시장 오거리ㅁ,https://www.zigbang.com/home/apt/items/49849784
2026-08-08 04:58:09,빌라투룸,49931996,월세,04,전라북도 익산시 마동,익산시,마동,300,40,0,42.97,13.0,2,Oo마동 투룸oO 풀옵션oO,https://www.zigbang.com/home/apt/items/49931996
2026-08-08 04:58:09,빌라투룸,49932049,전세,04,전라북도 익산시 남중동,익산시,남중동,4000,0,0,36.36,11.0,3,"Oo남중동 투룸전세oO풀옵션,채광,통풍굿oO",https://www.zigbang.com/home/apt/items/49932049
2026-08-08 04:58:09,빌라투룸,49932050,월세,05,전라북도 익산시 남중동,익산시,남중동,500,40,0,56.2,17.0,4,"Oo남중동 쓰리룸oO화장실2개,채광굿oO",https://www.zigbang.com/home/apt/items/49932050
2026-08-08 04:58:09,빌라투룸,49937300,월세,04,전라북도 익산시 마동,익산시,마동,300,40,0,40,12.1,2,AA 마동 큰 투룸 남향 임대,https://www.zigbang.com/home/apt/items/49937300
2026-08-08 04:58:09,빌라투룸,49937361,월세,04,전라북도 익산시 마동,익산시,마동,300,40,0,40,12.1,2,"AA 마동 넓은투룸,남향",https://www.zigbang.com/home/apt/items/49937361
2026-08-08 04:58:09,빌라투룸,49957094,월세,05,전라북도 익산시 남중동,익산시,남중동,500,40,0,50,15.12,4,"AA 쓰리룸,남향,남중동",https://www.zigbang.com/home/apt/items/49957094
2026-08-08 04:58:09,빌라투룸,49957107,월세,05,전라북도 익산시 남중동,익산시,남중동,500,40,0,50,15.12,4,"AA 남중동 쓰리룸,욕실2개,남향",https://www.zigbang.com/home/apt/items/49957107
2026-08-08 04:58:09,빌라투룸,49963022,월세,05,전라북도 익산시 남중동,익산시,남중동,500,40,0,50,15.12,4,"AA 남중동 쓰리룸,욕실 남향",https://www.zigbang.com/home/apt/items/49963022
2026-08-08 04:58:09,빌라투룸,49965809,월세,04,전라북도 익산시 영등동,익산시,영등동,200,40,0,39.67,12.0,4,"AA 투룸,풀옵션,인기좋은방",https://www.zigbang.com/home/apt/items/49965809
2026-08-08 04:58:09,빌라투룸,49979195,월세,05,전라북도 익산시 영등동,익산시,영등동,300,50,0,50,15.12,4,"AA 영등동,쓰리룸,승강기",https://www.zigbang.com/home/apt/items/49979195
2026-08-08 04:58:09,빌라투룸,49979231,월세,04,전라북도 익산시 영등동,익산시,영등동,300,50,0,50,15.12,4,"AA 영등동 쓰리룸,승강기",https://www.zigbang.com/home/apt/items/49979231
2026-08-08 04:58:09,빌라투룸,49623136,월세,04,전라북도 전주시 덕진구 여의동2가,전주시 덕진구,여의동2가,500,50,0,52.89,16.0,3,신축급ㅇ엘베ㅇ이쁨이쁨ㅇ깔끔하고심플한ㅇ옵션좋음ㅇ살기좋은구조ㅇ,https://www.zigbang.com/home/apt/items/49623136
2026-08-08 04:58:09,빌라투룸,49796150,월세,04,전라북도 전주시 덕진구 여의동2가,전주시 덕진구,여의동2가,500,35,0,52.89,16.0,3,여의동투룸ㅇ탁트인뷰ㅇ넓은구조ㅇ귀한투룸ㅇㅇ완전깔끔ㅇ서두르세요,https://www.zigbang.com/home/apt/items/49796150
2026-08-08 04:58:09,빌라투룸,49822671,월세,04,전라북도 전주시 덕진구 여의동2가,전주시 덕진구,여의동2가,700,40,0,56.4,17.06,3,사진보다 실물이 더 넓습니다 신축급 대형 투룸,https://www.zigbang.com/home/apt/items/49822671
2026-08-08 04:58:09,빌라투룸,49876295,월세,04,전라북도 전주시 덕진구 여의동2가,전주시 덕진구,여의동2가,500,43,0,52.89,16.0,3,여의동투룸ㅇ이쁨ㅇ옵션좋음ㅇ편한주차ㅇ탁트인뷰ㅇ깨끗ㅇ잘풀리는집,https://www.zigbang.com/home/apt/items/49876295
2026-08-08 04:58:09,빌라투룸,49906871,월세,04,전라북도 전주시 덕진구 여의동2가,전주시 덕진구,여의동2가,500,51,0,40,12.1,3,전주투룸0신축급0엘베0주차넓음0마트0만성동.장동.혁신도시0,https://www.zigbang.com/home/apt/items/49906871
2026-08-08 04:58:09,빌라투룸,49911471,월세,04,전라북도 전주시 덕진구 여의동2가,전주시 덕진구,여의동2가,500,38,0,42.98,13.0,3,one pick 투룸 신축 풀옵션OK보안OK주차OK,https://www.zigbang.com/home/apt/items/49911471
2026-08-08 04:58:09,빌라투룸,49913768,월세,04,전라북도 전주시 덕진구 여의동2가,전주시 덕진구,여의동2가,500,50,0,48,14.52,3,ㅇ여의동 깔끔한 풀옵션 투룸ㅇ입주조절 가능ㅇ,https://www.zigbang.com/home/apt/items/49913768
2026-08-08 04:58:09,빌라투룸,49915724,월세,04,전라북도 전주시 덕진구 여의동2가,전주시 덕진구,여의동2가,500,50,0,46.28,14.0,3,ㅁㅁ한번보면 자꾸생각나는투룸ㅁㅁ신축급 투룸ㅁㅁ풀옵숀투룸ㅁㅁ,https://www.zigbang.com/home/apt/items/49915724
2026-08-08 04:58:09,빌라투룸,49917516,월세,04,전라북도 전주시 덕진구 여의동2가,전주시 덕진구,여의동2가,700,39,0,45,13.61,3,여의동투룸 ㅇ즉시입주 ㅇ채광 ㅇ깔끔 ㅇ풀옵션 ㅇ조촌초부근,https://www.zigbang.com/home/apt/items/49917516
2026-08-08 04:58:09,빌라투룸,49917577,월세,04,전라북도 전주시 덕진구 여의동2가,전주시 덕진구,여의동2가,700,39,0,49.9,15.09,3,o조촌초o준신축급o노고민o전주ic진입o자동차전용도o생활권,https://www.zigbang.com/home/apt/items/49917577
2026-08-08 04:58:09,빌라투룸,49986206,월세,04,전라북도 전주시 덕진구 여의동2가,전주시 덕진구,여의동2가,500,46,0,47,14.22,3,여의동준신축투룸0컨디션굿0채광굿0귀한매물0노고민0조정,https://www.zigbang.com/home/apt/items/49986206
2026-08-08 04:58:10,빌라투룸,49907638,월세,05,전라북도 전주시 덕진구 송천동2가,전주시 덕진구,송천동2가,1000,61,0,66.12,20.0,2,o에코시티o풀옵션o세병호o남서향o가성비굿o준신축급o노고민,https://www.zigbang.com/home/apt/items/49907638
2026-08-08 04:58:10,빌라투룸,49935719,월세,04,전라북도 전주시 덕진구 송천동1가,전주시 덕진구,송천동1가,500,43,0,50,15.12,2,ㄴ 에코시티o투룸 ㄱ 풀옵션十조용한집十인테리어 깔끔.,https://www.zigbang.com/home/apt/items/49935719
2026-08-08 04:58:10,빌라투룸,49936128,월세,04,전라북도 전주시 덕진구 송천동1가,전주시 덕진구,송천동1가,500,49,0,50,15.12,2,송천동투룸0거실이넓은구조0대형사이즈0주방분리형구조0노고민,https://www.zigbang.com/home/apt/items/49936128
2026-08-08 04:58:10,빌라투룸,49937031,월세,04,전라북도 전주시 덕진구 송천동1가,전주시 덕진구,송천동1가,500,49,0,40,12.1,2,O추천O 송천동 투룸 넓은방 생활권 좋은 추천매물 즉시입주,https://www.zigbang.com/home/apt/items/49937031
2026-08-08 04:58:10,빌라투룸,49937942,월세,04,전라북도 전주시 덕진구 송천동1가,전주시 덕진구,송천동1가,500,45,0,52.89,16.0,2,ㅁㅁ송천동투룸ㅁ에코시티맞은편ㅁ위치최고ㅁ인기매물ㅁㅁ,https://www.zigbang.com/home/apt/items/49937942
2026-08-08 04:58:10,빌라투룸,49945092,월세,04,전라북도 전주시 덕진구 송천동1가,전주시 덕진구,송천동1가,500,45,0,55,16.64,2,ꕥ신축급대형투룸ꕥ에코시티十예비군훈련장十빠른입주가능w,https://www.zigbang.com/home/apt/items/49945092
2026-08-08 04:58:10,빌라투룸,49968904,월세,04,전라북도 전주시 덕진구 송천동1가,전주시 덕진구,송천동1가,500,49,0,43,13.01,2,o송천동투룸o한라비발디2차o풀옵션o생활권굿o깔끔o즉시입주o,https://www.zigbang.com/home/apt/items/49968904
2026-08-08 04:58:10,빌라투룸,49974071,월세,04,전라북도 전주시 덕진구 송천동1가,전주시 덕진구,송천동1가,500,49,0,45,13.61,2,송천동투룸0즉시입주0깔끔매물0노고민0풀옵션0햇살굿,https://www.zigbang.com/home/apt/items/49974071
2026-08-08 04:58:12,빌라투룸,49655813,월세,04,충청남도 논산시 취암동,논산시,취암동,1000,60,0,50,15.12,2,주거입지조건이 아주 좋은 투룸임,https://www.zigbang.com/home/apt/items/49655813
2026-08-08 04:58:12,빌라투룸,49886014,월세,04,충청남도 논산시 취암동,논산시,취암동,1000,65,0,62.7,18.97,4,올리모델링 되어 있는 신혼집 같은 쓰리룸,https://www.zigbang.com/home/apt/items/49886014
2026-08-08 04:58:12,빌라투룸,49886549,월세,04,충청남도 논산시 강산동,논산시,강산동,500,40,0,43.1,13.04,2,가성비 굿인 입지좋은 투룸,https://www.zigbang.com/home/apt/items/49886549
2026-08-08 04:58:12,빌라투룸,49922178,전세,04,충청남도 논산시 취암동,논산시,취암동,12000,0,0,55.89,16.91,3,보증금조절가능.신축투룸.월세도가능3천에70,https://www.zigbang.com/home/apt/items/49922178
2026-08-08 04:58:12,빌라투룸,49719354,매매,05,충청남도 논산시 연무읍 안심리,논산시,연무읍,11500,0,11500,77,23.29,2,아주 좋은 연립,https://www.zigbang.com/home/apt/items/49719354
2026-08-08 04:58:12,빌라투룸,49951005,전세,04,충청남도 논산시 연무읍 안심리,논산시,연무읍,5500,0,0,66.12,20.0,1,전원생활을느낄수있는집입니다.풀옵션입니다.,https://www.zigbang.com/home/apt/items/49951005
2026-08-08 04:58:13,빌라투룸,49672362,월세,04,충청남도 보령시 명천동,보령시,명천동,2000,80,0,55,16.64,2,명천택지 깨끗한 투룸,https://www.zigbang.com/home/apt/items/49672362
2026-08-08 04:58:13,빌라투룸,49672400,월세,04,충청남도 보령시 명천동,보령시,명천동,2000,80,0,60,18.15,2,"풀옵션,시스템에어컨3대, 방2,욕실2",https://www.zigbang.com/home/apt/items/49672400
2026-08-08 04:58:13,빌라투룸,49870774,월세,06,충청남도 보령시 명천동,보령시,명천동,3000,110,0,110,33.27,4,신축급 포룸 화장실3개,https://www.zigbang.com/home/apt/items/49870774
2026-08-08 04:58:13,빌라투룸,49878873,월세,06,충청남도 보령시 명천동,보령시,명천동,4500,100,0,110,33.27,4,신축급 포룸  입지좋음,https://www.zigbang.com/home/apt/items/49878873
2026-08-08 04:58:13,빌라투룸,49664291,전세,04,충청남도 보령시 동대동,보령시,동대동,9000,0,0,50.04,15.14,3,"로타리근처 위치좋은 투룸방2,거실",https://www.zigbang.com/home/apt/items/49664291
2026-08-08 04:58:13,빌라투룸,49712265,월세,05,충청남도 보령시 동대동,보령시,동대동,1000,100,0,130.52,39.48,3,동대동  3층으로  넓은거실  쓰리룸 사실분 추천드려요,https://www.zigbang.com/home/apt/items/49712265
2026-08-08 04:58:13,빌라투룸,49737680,전세,04,충청남도 보령시 동대동,보령시,동대동,8000,0,0,60,18.15,4,생횔권 편리한 투룸,https://www.zigbang.com/home/apt/items/49737680
2026-08-08 04:58:13,빌라투룸,49737696,전세,04,충청남도 보령시 동대동,보령시,동대동,9000,0,0,65,19.66,3,"입주빠름,인테리어가 예쁘고 생활권 편리한 위치 투룸",https://www.zigbang.com/home/apt/items/49737696
2026-08-08 04:58:13,빌라투룸,49742478,전세,04,충청남도 보령시 동대동,보령시,동대동,8000,0,0,57,17.24,4,"보증금조율가능,풀옵션,방2,거실,편리한생활권",https://www.zigbang.com/home/apt/items/49742478
2026-08-08 04:58:13,빌라투룸,49914379,전세,04,충청남도 보령시 동대동,보령시,동대동,8000,0,0,46,13.91,3,동대동 신설사거리부근 투룸전세,https://www.zigbang.com/home/apt/items/49914379
2026-08-08 04:58:13,빌라투룸,49936598,전세,04,충청남도 보령시 동대동,보령시,동대동,9000,0,0,54,16.33,3,"동대동 융자없는 투룸,생활권편리,",https://www.zigbang.com/home/apt/items/49936598
2026-08-08 04:58:13,빌라투룸,49952453,월세,04,충청남도 보령시 명천동,보령시,명천동,1000,55,0,54,16.33,4,"초,중 도보3분이내,생활권편리",https://www.zigbang.com/home/apt/items/49952453
2026-08-08 04:58:13,빌라투룸,49672459,월세,04,충청남도 보령시 대천동,보령시,대천동,3000,51,0,60,18.15,2,깔끔한 투룸  방2개욕실2개,https://www.zigbang.com/home/apt/items/49672459
2026-08-08 04:58:13,빌라투룸,49690985,월세,04,충청남도 보령시 대천동,보령시,대천동,3000,50,0,40,12.1,2,대천2동사무소 근처 방2 화장실2개구조 투룸 월세 즉시입주,https://www.zigbang.com/home/apt/items/49690985
2026-08-08 04:58:13,빌라투룸,49720341,월세,04,충청남도 보령시 대천동,보령시,대천동,2000,60,0,49,14.82,4,"거실,방2,화2구조로 신혼부부, 직장인 추천드려요",https://www.zigbang.com/home/apt/items/49720341
2026-08-08 04:58:13,빌라투룸,49742511,월세,04,충청남도 보령시 대천동,보령시,대천동,5000,40,0,54,16.33,2,"대천동 시내가까움, 엘레베이터있음,방2,거실",https://www.zigbang.com/home/apt/items/49742511
2026-08-08 04:58:13,빌라투룸,49922583,월세,04,충청남도 보령시 대천동,보령시,대천동,5000,30,0,45,13.61,2,대천동 구시 문화의전당근처 2016년생 방2 거실 구조,https://www.zigbang.com/home/apt/items/49922583
2026-08-08 04:58:13,빌라투룸,49922600,전세,05,충청남도 보령시 대천동,보령시,대천동,14000,0,0,56.15,16.99,3,"대천여고 근처 2017년생  세련된 인터리어, 조용한 빌라",https://www.zigbang.com/home/apt/items/49922600
2026-08-08 04:58:13,빌라투룸,49952898,월세,04,충청남도 보령시 동대동,보령시,동대동,500,62,0,52,15.73,4,"넓게 빠진 방2,거실,생활권편리",https://www.zigbang.com/home/apt/items/49952898
2026-08-08 04:58:19,빌라투룸,49817298,전세,04,세종시 장군면 봉안리,,장군면,7300,0,0,38,11.49,4,"봉안리 초입 , 큰길가, 도로변 탑층 복층 투룸 전세",https://www.zigbang.com/home/apt/items/49817298
2026-08-08 04:58:25,빌라투룸,49894895,월세,04,대전시 서구 관저동,서구,관저동,2000,60,0,45,13.61,2,Oo화이트톤v풀옵션v엘베v주차가능oO,https://www.zigbang.com/home/apt/items/49894895
2026-08-08 04:58:25,빌라투룸,49926779,월세,04,대전시 서구 관저동,서구,관저동,3000,60,0,50,15.12,3,ꯊ 신축. 남향. 깔끔한 투룸. 관저동.,https://www.zigbang.com/home/apt/items/49926779
2026-08-08 04:58:25,빌라투룸,49926834,월세,04,대전시 서구 관저동,서구,관저동,3000,60,0,50,15.12,2,ꯊ 신축.깔끔한 투룸. 관저동.,https://www.zigbang.com/home/apt/items/49926834
2026-08-08 04:58:25,빌라투룸,49930082,월세,04,대전시 서구 관저동,서구,관저동,500,65,0,50,15.12,2,Oo풀옵션투룸v엘베v최저가oO,https://www.zigbang.com/home/apt/items/49930082
2026-08-08 04:58:25,빌라투룸,49951352,월세,04,대전시 유성구 원내동,유성구,원내동,300,40,0,45,13.61,2,S 초특가투룸 S 건조기풀옵션 소형거실 원룸가격 투룸임대,https://www.zigbang.com/home/apt/items/49951352
2026-08-08 04:58:25,빌라투룸,49953267,월세,04,대전시 유성구 원내동,유성구,원내동,300,40,0,43,13.01,2,SS 거실투룸 특가임대 마지막한개호실 즉시입주가능,https://www.zigbang.com/home/apt/items/49953267
2026-08-08 04:58:25,빌라투룸,49975881,월세,04,대전시 서구 관저동,서구,관저동,2000,80,0,62.12,18.79,4,강아지와함께 건조기티비까지풀옵 이쁜신축,https://www.zigbang.com/home/apt/items/49975881
2026-08-08 04:58:26,빌라투룸,49737185,월세,04,대전시 유성구 계산동,유성구,계산동,2000,45,0,53.11,16.07,2,착한가격ㅣ즉시입주ㅣ사이즈 굿ㅣ주차가능,https://www.zigbang.com/home/apt/items/49737185
2026-08-08 04:58:26,빌라투룸,49737207,월세,04,대전시 유성구 계산동,유성구,계산동,2000,45,0,53.11,16.07,2,강아지와함께 가성비최강투룸 인프라최강,https://www.zigbang.com/home/apt/items/49737207
2026-08-08 04:58:26,빌라투룸,49883967,월세,06,대전시 유성구 계산동,유성구,계산동,5000,150,0,124.65,37.71,4,초대형 복층 방6개.화장실3개.건축사가 직접지은 최고건물,https://www.zigbang.com/home/apt/items/49883967
2026-08-08 04:58:26,빌라투룸,49884443,월세,05,대전시 유성구 계산동,유성구,계산동,3000,85,0,80,24.2,2,Oo반려동물가능v최저가쓰리룸v보증금조절가능oO,https://www.zigbang.com/home/apt/items/49884443
2026-08-08 04:58:26,빌라투룸,49898678,월세,04,대전시 유성구 계산동,유성구,계산동,1000,70,0,50,15.12,2,ㅣ극 가성비 0 거대한 투룸 0 올 화이트톤 0 ㅣ,https://www.zigbang.com/home/apt/items/49898678
2026-08-08 04:58:25,빌라투룸,49515512,월세,04,대전시 서구 복수동,서구,복수동,1000,75,0,59.5,18.0,3,o친구o천변뷰.햇살좋은 남서향대형투룸.APT구조.엘리베이터,https://www.zigbang.com/home/apt/items/49515512
2026-08-08 04:58:25,빌라투룸,49576666,월세,05,대전시 서구 복수동,서구,복수동,1000,100,0,95.7,28.95,4,II보증금 월세조절II 극 가성비 채광맛집 넓은 쓰리룸O,https://www.zigbang.com/home/apt/items/49576666
2026-08-08 04:58:25,빌라투룸,49793795,월세,04,대전시 서구 복수동,서구,복수동,1000,40,0,49.59,15.0,3,넓고 저렴한투룸.  밝고 환한 방.  즉시입주,https://www.zigbang.com/home/apt/items/49793795
2026-08-08 04:58:25,빌라투룸,49819704,월세,04,대전시 서구 복수동,서구,복수동,1000,52,0,60,18.15,3,o친구o가격착한대형투룸.실매물.채광좋은남동.1층주차,https://www.zigbang.com/home/apt/items/49819704
2026-08-08 04:58:25,빌라투룸,49830957,월세,05,대전시 서구 복수동,서구,복수동,3000,75,0,82.64,25.0,3,l 리모델링  이쁜집 l 화이트우드 l  집상태 좋음 l,https://www.zigbang.com/home/apt/items/49830957
2026-08-08 04:58:25,빌라투룸,49830980,월세,04,대전시 서구 복수동,서구,복수동,1000,50,0,50,15.12,3,넓은 투룸.  주차편리.  정우마트 인근 조용한 주택가위치,https://www.zigbang.com/home/apt/items/49830980
2026-08-08 04:58:25,빌라투룸,49881817,월세,04,대전시 중구 안영동,중구,안영동,300,30,0,46.5,14.07,4,MM애완동물가능초저가풀옵션투룸세탁기티비새옵션있음.대형베란다,https://www.zigbang.com/home/apt/items/49881817
2026-08-08 04:58:25,빌라투룸,49905506,매매,04,대전시 중구 사정동,중구,사정동,15000,0,15000,53.68,16.24,3,산성초 도로변빌라,https://www.zigbang.com/home/apt/items/49905506
2026-08-08 04:58:25,빌라투룸,49949636,월세,05,대전시 서구 복수동,서구,복수동,5000,80,0,72.73,22.0,4,엘리베이터 있는 쓰리룸. 남향. 밝고 환한집. 즉시입주.,https://www.zigbang.com/home/apt/items/49949636
2026-08-08 04:58:25,빌라투룸,49949783,월세,05,대전시 서구 복수동,서구,복수동,3000,70,0,70,21.17,2,"방3, 욕실2.  남향으로  리모델링 되어있습니다.",https://www.zigbang.com/home/apt/items/49949783
2026-08-08 04:58:25,빌라투룸,49970588,월세,04,대전시 서구 복수동,서구,복수동,1000,45,0,49.59,15.0,3,"풀옵션 투룸. 남향.조용한 주택가. 밝고 환한방, 주차편리",https://www.zigbang.com/home/apt/items/49970588
2026-08-08 04:58:25,빌라투룸,49970890,전세,05,대전시 서구 복수동,서구,복수동,11500,0,0,91.5,27.68,4,"주인세대.  방3, 욕실3개로 구성.  초,중,고 도보가능",https://www.zigbang.com/home/apt/items/49970890
2026-08-08 04:58:25,빌라투룸,49970912,월세,04,대전시 서구 복수동,서구,복수동,1000,55,0,49.59,15.0,2,남향.  햇살짱짱. 엘리베이터 있는 넓은 투룸.,https://www.zigbang.com/home/apt/items/49970912
2026-08-08 04:58:26,빌라투룸,49767410,월세,04,대전시 유성구 구암동,유성구,구암동,2000,84,0,60.95,18.44,3,대형신축투룸 한적한주택가 공원인근,https://www.zigbang.com/home/apt/items/49767410
2026-08-08 04:58:26,빌라투룸,49788499,월세,04,대전시 유성구 구암동,유성구,구암동,1000,55,0,50,15.12,3,S덕명네거리S 풀옵션 거실있는 투룸 베란다,https://www.zigbang.com/home/apt/items/49788499
2026-08-08 04:58:26,빌라투룸,49887049,월세,04,대전시 유성구 덕명동,유성구,덕명동,3000,50,0,55,16.64,2,"S 덕명네거리 S 거실 넓은 투룸 ,  공원뷰",https://www.zigbang.com/home/apt/items/49887049
2026-08-08 04:58:26,빌라투룸,49914045,월세,04,대전시 유성구 덕명동,유성구,덕명동,600,60,0,50,15.12,3,S덕명네거리S 솔숲공원 인근 깔끔 투룸 채광좋아요,https://www.zigbang.com/home/apt/items/49914045
2026-08-08 04:58:26,빌라투룸,49927099,월세,04,대전시 유성구 지족동,유성구,지족동,1000,65,0,34.99,10.58,2,ꯊ 신축. 노은3지구. 풀옵션. 남향 투룸. 지족동,https://www.zigbang.com/home/apt/items/49927099
2026-08-08 04:58:26,빌라투룸,49959148,전세,04,대전시 유성구 구암동,유성구,구암동,10000,0,0,45.29,13.7,3,융자적은 안전보증전세.토스ㄷㅊ가능한.애견가능한 투룸,https://www.zigbang.com/home/apt/items/49959148
2026-08-08 04:58:26,빌라투룸,49959218,월세,04,대전시 유성구 복용동,유성구,복용동,3000,70,0,57,17.24,3,학하지구 II 뷰좋은 애견동반되는 풀옵션 투룸 II 단독,https://www.zigbang.com/home/apt/items/49959218
2026-08-08 04:58:26,빌라투룸,49968652,월세,05,대전시 유성구 덕명동,유성구,덕명동,2000,90,0,63,19.06,3,"ll 덕명동 ll 신축급 ,방3 화장실2 , 밝고 넓은 집",https://www.zigbang.com/home/apt/items/49968652
2026-08-08 04:58:26,빌라투룸,49984133,월세,04,대전시 유성구 덕명동,유성구,덕명동,1000,65,0,60,18.15,3,SS 신축급 SS 대형 운동장만한 거실 있는 투룸 EV,https://www.zigbang.com/home/apt/items/49984133
2026-08-08 04:58:27,빌라투룸,49882680,월세,04,대전시 동구 낭월동,동구,낭월동,1000,65,0,59.6,18.03,2,ㅡㅡ 풀옵션 ㅡㅡ 욕실2 에어컨2 대형투룸 남대전ic,https://www.zigbang.com/home/apt/items/49882680
2026-08-08 04:58:27,빌라투룸,49673729,월세,04,대전시 대덕구 비래동,대덕구,비래동,2000,65,0,29.49,8.92,3,㉿㉿초대박㉿㉿ 에어컨2 중문 엘베 신축17평 전망채광 주차,https://www.zigbang.com/home/apt/items/49673729
2026-08-08 04:58:27,빌라투룸,49732531,월세,04,대전시 동구 가양동,동구,가양동,2000,70,0,56.2,17.0,5,ㅡㅡ 대형투룸 ㅡㅡ 신축 중문 컨디션최고 햇살굿 주차굿,https://www.zigbang.com/home/apt/items/49732531
2026-08-08 04:58:27,빌라투룸,49742712,월세,05,대전시 동구 가양동,동구,가양동,2500,110,0,100,30.25,4,"II보증금 월세조절II 넓은거실 주인세대쓰리룸 주차,엘베O",https://www.zigbang.com/home/apt/items/49742712
2026-08-08 04:58:27,빌라투룸,49762627,월세,04,대전시 대덕구 비래동,대덕구,비래동,300,50,0,50,15.12,4,"극 가성비 채광좋은 단독테라스 , 넓은 크기의 신축급 투룸",https://www.zigbang.com/home/apt/items/49762627
2026-08-08 04:58:27,빌라투룸,49833292,월세,05,대전시 동구 가양동,동구,가양동,3000,90,0,99.17,30.0,4,"거실 큰 깨끗한 주인세대 쓰리 룸, 욕실 2, 반려동물 가",https://www.zigbang.com/home/apt/items/49833292
2026-08-08 04:58:27,빌라투룸,49839133,월세,05,대전시 동구 가양동,동구,가양동,5000,120,0,50,15.12,4,Oㅣ올화이트톤Oㅣ넓은쓰리룸Oㅣ채광Oㅣ터미널 차량5분Oㅣ,https://www.zigbang.com/home/apt/items/49839133
2026-08-08 04:58:27,빌라투룸,49856061,월세,05,대전시 대덕구 비래동,대덕구,비래동,2000,80,0,115.7,35.0,4,"깨끗한 주인세대 쓰리룸, 에어컨 2, 주차장",https://www.zigbang.com/home/apt/items/49856061
2026-08-08 04:58:27,빌라투룸,49858376,월세,04,대전시 동구 자양동,동구,자양동,3000,75,0,50,15.12,5,테라스 겸비한 고급진 인테리어 신축 가성비 투룸 선착순,https://www.zigbang.com/home/apt/items/49858376
2026-08-08 04:58:27,빌라투룸,49925050,월세,04,대전시 대덕구 비래동,대덕구,비래동,300,75,0,44.85,13.57,2,"보증금월세조절O 신축투룸 , 옵션조절,주차,엘베,,채광완벽",https://www.zigbang.com/home/apt/items/49925050
2026-08-08 04:58:27,빌라투룸,49925672,월세,05,대전시 대덕구 비래동,대덕구,비래동,2000,100,0,90,27.22,5,II보증금 월세조절II 공간활용끝판왕 복층형쓰리룸 화2 O,https://www.zigbang.com/home/apt/items/49925672
2026-08-08 04:58:27,빌라투룸,49933652,월세,04,대전시 동구 가양동,동구,가양동,1000,75,0,25.56,7.73,3,ㅡㅡ신축 테라스 ㅡㅡ 플옵션 엘베 가양네거리 대전IC,https://www.zigbang.com/home/apt/items/49933652
2026-08-08 04:58:27,빌라투룸,49949708,월세,05,대전시 동구 가양동,동구,가양동,3000,130,0,119.32,36.09,4,"ㅡ 주인세대 쓰리룸 ㅡ 에어컨 2대 옵션 , 붙박이장 완비",https://www.zigbang.com/home/apt/items/49949708
2026-08-08 04:58:27,빌라투룸,49949773,월세,05,대전시 동구 가양동,동구,가양동,3000,90,0,100,30.25,4,ㅡ 주인세대 쓰리룸 ㅡ 가양동 흥룡초 바로 앞,https://www.zigbang.com/home/apt/items/49949773
2026-08-08 04:58:27,빌라투룸,49961991,월세,04,대전시 대덕구 비래동,대덕구,비래동,2000,65,0,29.49,8.92,3,ㅡㅡ 에어컨2 ㅡㅡ 최신축 중문 깔끔관리 대전IC인근,https://www.zigbang.com/home/apt/items/49961991
2026-08-08 04:58:27,빌라투룸,49973969,월세,05,대전시 동구 가양동,동구,가양동,2000,65,0,80,24.2,4,"O극가성비 주인세대 쓰리룸 , 밝은 채광과 넓은 거실까지",https://www.zigbang.com/home/apt/items/49973969
2026-08-08 04:58:26,빌라투룸,49981345,월세,04,대전시 서구 갈마동,서구,갈마동,500,50,0,60,18.15,4,애완가능 경성큰마을 인근 갓성비 최고 엄청 넓은 투룸,https://www.zigbang.com/home/apt/items/49981345
2026-08-08 04:58:26,빌라투룸,49983218,월세,04,대전시 서구 갈마동,서구,갈마동,300,30,0,49.59,15.0,옥탑방,"A급.단독테라스,최저가풀옵션투룸,채광좋은방,통베란다",https://www.zigbang.com/home/apt/items/49983218
2026-08-08 04:58:26,빌라투룸,49983285,월세,04,대전시 서구 갈마동,서구,갈마동,300,48,0,49.59,15.0,2,"A급.화이트리모델링 풀옵션투룸,너무예쁜투룸,둔산동도보가능",https://www.zigbang.com/home/apt/items/49983285
2026-08-08 04:58:26,빌라투룸,49983767,월세,04,대전시 서구 갈마동,서구,갈마동,500,50,0,49.59,15.0,2,"A급.화이트풀옵션투룸,둔산동도보가능,가격대비굿,도로변인접",https://www.zigbang.com/home/apt/items/49983767
2026-08-08 04:58:26,빌라투룸,49983804,월세,04,대전시 서구 갈마동,서구,갈마동,300,48,0,59.5,18.0,1,Monster화이트리모델링.풀옵션.대형방.깔끔한욕실.정남향,https://www.zigbang.com/home/apt/items/49983804
2026-08-08 04:58:26,빌라투룸,49984423,월세,04,대전시 서구 갈마동,서구,갈마동,300,48,0,50,15.12,2,"A급.화이트리모델링 풀옵션투룸,1층주차장,주차편리,대형방",https://www.zigbang.com/home/apt/items/49984423
2026-08-08 04:58:26,빌라투룸,49985543,월세,05,대전시 서구 갈마동,서구,갈마동,300,40,0,49.59,15.0,3,"A급.역세권,리모델링최저가풀옵션투룸,통베란다,둔산동인접",https://www.zigbang.com/home/apt/items/49985543
2026-08-08 04:58:26,빌라투룸,49986018,월세,04,대전시 서구 갈마동,서구,갈마동,300,40,0,49.59,15.0,옥탑방,"A급.단독테라스,최저가풀옵션투룸,채광좋은방,통베란다",https://www.zigbang.com/home/apt/items/49986018
2026-08-08 04:58:26,빌라투룸,49986369,월세,04,대전시 서구 월평동,서구,월평동,1000,100,0,66.1,20.0,3,By청자.大대형투룸.신축급.월평역3분.건조기포함완벽옵션,https://www.zigbang.com/home/apt/items/49986369
2026-08-08 04:58:28,빌라투룸,49985870,월세,04,세종시 금남면 용포리,,금남면,300,65,0,42.98,13.0,4,8월 말입주가능한 풀옵션 투룸입니다.,https://www.zigbang.com/home/apt/items/49985870
2026-08-08 04:58:28,빌라투룸,49917918,월세,05,대전시 유성구 관평동,유성구,관평동,3000,90,0,95,28.74,3,"관평동 주인세대 즉시입주가능,",https://www.zigbang.com/home/apt/items/49917918
2026-08-08 04:58:28,빌라투룸,49932089,월세,04,대전시 유성구 전민동,유성구,전민동,1000,50,0,49.5,14.97,1,NEMO 전민동 조용한 실속형 투룸• 연구소 출퇴근 편리,https://www.zigbang.com/home/apt/items/49932089
2026-08-08 04:58:28,빌라투룸,49951997,월세,04,대전시 유성구 관평동,유성구,관평동,1000,70,0,85,25.71,2,"대형평수, 투룸, 사무실사용가능, 싱크대새것설치해줌",https://www.zigbang.com/home/apt/items/49951997
2026-08-08 04:58:28,빌라투룸,49981113,월세,04,대전시 유성구 관평동,유성구,관평동,300,37,0,42,12.7,4,관평동 상태 좋은 컨디션 좋은 풀옵션 옥탑 투룸,https://www.zigbang.com/home/apt/items/49981113
2026-08-08 04:58:28,빌라투룸,49740601,월세,05,대전시 유성구 전민동,유성구,전민동,2000,60,0,72.73,22.0,2,"가성비 좋은 깨끗한 풀 옵션 쓰리 룸, 에어컨 2",https://www.zigbang.com/home/apt/items/49740601
2026-08-08 04:58:28,빌라투룸,49942951,월세,05,대전시 유성구 전민동,유성구,전민동,2000,100,0,79.02,23.9,3,"O 미친감성 단독옥상 신축 쓰리룸, 올 리모델링 채광맛집O",https://www.zigbang.com/home/apt/items/49942951
2026-08-08 04:58:28,빌라투룸,49416553,월세,05,대전시 유성구 반석동,유성구,반석동,3000,80,0,44,13.31,3,채광좋은 넎은 쓰리룸,https://www.zigbang.com/home/apt/items/49416553
2026-08-08 04:58:28,빌라투룸,49427110,월세,05,대전시 유성구 반석동,유성구,반석동,4000,80,0,47,14.22,3,반석역 인근 방4칸,https://www.zigbang.com/home/apt/items/49427110
2026-08-08 04:58:28,빌라투룸,49684598,월세,04,대전시 유성구 신성동,유성구,신성동,2000,65,0,49,14.82,4,"금성 넓은거실 복층 테라스 풀옵션 투룸, 채광이 최고",https://www.zigbang.com/home/apt/items/49684598
2026-08-08 04:58:28,빌라투룸,49723495,월세,04,대전시 유성구 신성동,유성구,신성동,1000,50,0,59.5,18.0,3,대림 애경연 정문 앞 18평 넓고 깔끔한 투룸,https://www.zigbang.com/home/apt/items/49723495
2026-08-08 04:58:28,빌라투룸,49780379,월세,04,대전시 유성구 신성동,유성구,신성동,500,50,0,50,15.12,2,금성 자운대 애경연 대림연 1분 컷 가성비 갑인 투룸,https://www.zigbang.com/home/apt/items/49780379
2026-08-08 04:58:28,빌라투룸,49800656,월세,05,대전시 유성구 신성동,유성구,신성동,2000,100,0,119,36.0,4,금성 연구단지 자운대 인접 가성비 갑 쓰리룸 주인세대,https://www.zigbang.com/home/apt/items/49800656
2026-08-08 04:58:28,빌라투룸,49800714,월세,05,대전시 유성구 신성동,유성구,신성동,5000,80,0,90,27.22,4,"근린공원 바로 앞, 주변산책로,채광,경관이 좋은 쓰리룸",https://www.zigbang.com/home/apt/items/49800714
2026-08-08 04:58:28,빌라투룸,49853625,전세,04,대전시 유성구 반석동,유성구,반석동,8000,0,0,36.36,11.0,2,반석역인근 깔끔한 투룸,https://www.zigbang.com/home/apt/items/49853625
2026-08-08 04:58:28,빌라투룸,49853639,월세,04,대전시 유성구 반석동,유성구,반석동,1000,40,0,49.59,15.0,4,가성비 최강저렴한 투룸,https://www.zigbang.com/home/apt/items/49853639
2026-08-08 04:58:28,빌라투룸,49931116,월세,05,대전시 유성구 반석동,유성구,반석동,2000,70,0,50,15.12,2,채광 좋은 남향쓰리룸입니다,https://www.zigbang.com/home/apt/items/49931116
2026-08-08 04:58:28,빌라투룸,49673839,월세,04,대전시 유성구 송강동,유성구,송강동,300,45,0,49,14.82,2,"단기가능, 송강시장 풀옵션투룸",https://www.zigbang.com/home/apt/items/49673839
2026-08-08 04:58:28,빌라투룸,49811190,월세,04,대전시 유성구 봉산동,유성구,봉산동,7000,15,0,76.04,23.0,1,ㅡ한솔랜드 추천ㅡ대형사이즈의 올리모델링 투룸,https://www.zigbang.com/home/apt/items/49811190
2026-08-08 04:58:28,빌라투룸,49885014,월세,05,대전시 유성구 봉산동,유성구,봉산동,1000,45,0,95,28.74,4,"봉산동 주인세대 최상 가성비 갑,",https://www.zigbang.com/home/apt/items/49885014
2026-08-08 04:58:28,빌라투룸,49911342,월세,04,대전시 유성구 송강동,유성구,송강동,300,45,0,49.58,15.0,2,ㅡ한솔랜드 추천ㅡ단기 가능한 주차장 있는 풀옵션 투룸,https://www.zigbang.com/home/apt/items/49911342
2026-08-08 04:58:28,빌라투룸,49968030,월세,04,대전시 유성구 송강동,유성구,송강동,300,40,0,45,13.61,3,ㅡ한솔랜드 추천ㅡ옵션있는 저렴한 투룸,https://www.zigbang.com/home/apt/items/49968030
2026-08-08 04:58:29,빌라투룸,49870021,월세,04,세종시 연기면 보통리,,연기면,300,45,0,42.98,13.0,4,ㅁ 엄지척 작은투룸 짧은단기가능 o 에어컨2대 주차 굿,https://www.zigbang.com/home/apt/items/49870021
2026-08-08 04:58:29,빌라투룸,49921164,월세,04,세종시 연기면 연기리,,연기면,300,60,0,46.28,14.0,옥탑방,더조은 v 옥탑 나만의공간 테라스 v,https://www.zigbang.com/home/apt/items/49921164
2026-08-08 04:58:29,빌라투룸,49921532,월세,04,세종시 연기면 연기리,,연기면,200,50,0,42.97,13.0,3,더조은 v2룸 단기가능  5.6생활권 초근접 v,https://www.zigbang.com/home/apt/items/49921532
2026-08-08 04:58:29,빌라투룸,49921843,월세,04,세종시 연기면 연기리,,연기면,200,62,0,49.58,15.0,3,더조은 v 2룸 넓은거실 즉시입주 v,https://www.zigbang.com/home/apt/items/49921843
2026-08-08 04:58:29,빌라투룸,49927168,월세,04,세종시 연기면 연기리,,연기면,300,60,0,46.28,14.0,5,ㅁ 엄지척 옥탑 투룸 테라스 세종.부강.오송 ㅁ,https://www.zigbang.com/home/apt/items/49927168
2026-08-08 04:58:29,빌라투룸,49932402,월세,04,세종시 연기면 연기리,,연기면,200,65,0,49,14.82,4,ㅁ 엄지척 5생활권 6생활권 근접 투룸,https://www.zigbang.com/home/apt/items/49932402
2026-08-08 04:58:29,빌라투룸,49934507,월세,04,세종시 연기면 보통리,,연기면,1000,70,0,46.28,14.0,2,더조은v 2룸 신축급 엘베 깔끔구조 v,https://www.zigbang.com/home/apt/items/49934507
2026-08-08 04:58:29,빌라투룸,49950236,월세,04,세종시 연기면 연기리,,연기면,200,57,0,49.58,15.0,4,더조은 v 2룸 부강오소15분소요 5.6생초근접 v,https://www.zigbang.com/home/apt/items/49950236
2026-08-08 04:58:29,빌라투룸,49686299,월세,04,세종시 부강면 부강리,,부강면,3000,60,0,60,18.15,2,지원l리모델링2룸l신제품가전l보증금조절가능,https://www.zigbang.com/home/apt/items/49686299
2026-08-08 04:58:29,빌라투룸,49686303,전세,04,세종시 부강면 부강리,,부강면,6500,0,0,55,16.64,3,지원l깨끗한2룸전세l위치최상l부강역인근,https://www.zigbang.com/home/apt/items/49686303
2026-08-08 04:58:29,빌라투룸,49860902,월세,04,세종시 부강면 부강리,,부강면,500,55,0,59.5,18.0,2,지원l가성비GOODV 편의시설 다양V바로앞편의점,https://www.zigbang.com/home/apt/items/49860902
2026-08-08 04:58:29,빌라투룸,49935296,월세,04,세종시 부강면 부강리,,부강면,200,70,0,59.5,18.0,3,"지원l2룸l1,2,3개월가능l즉시입주l신축풀옵션",https://www.zigbang.com/home/apt/items/49935296
2026-08-08 04:58:29,빌라투룸,49946144,월세,04,세종시 부강면 부강리,,부강면,500,65,0,60,18.15,3,지원l기숙사형2룸l화장실2개l각방에에어컨과티비별도설치,https://www.zigbang.com/home/apt/items/49946144
2026-08-08 04:58:28,빌라투룸,49913378,월세,04,대전시 대덕구 신탄진동,대덕구,신탄진동,200,37,0,42,12.7,2,신탄진동 석봉초옆 주택가 가성비 최상 투룸,https://www.zigbang.com/home/apt/items/49913378
2026-08-08 04:58:28,빌라투룸,49942212,월세,04,대전시 대덕구 석봉동,대덕구,석봉동,2000,65,0,62,18.75,5,"석봉동 신축 투룸, 대형거실, 화장실2개",https://www.zigbang.com/home/apt/items/49942212
2026-08-08 04:58:28,빌라투룸,49944457,월세,04,대전시 대덕구 석봉동,대덕구,석봉동,500,45,0,45,13.61,5,석봉동 신탄진초등학교 풀옵션투룸,https://www.zigbang.com/home/apt/items/49944457
2026-08-08 04:58:28,빌라투룸,49964193,월세,04,대전시 대덕구 덕암동,대덕구,덕암동,1000,55,0,54,16.33,3,"풀옵션가능, 덕암동 정남향, 최상가성비 준신축 투룸",https://www.zigbang.com/home/apt/items/49964193
2026-08-08 04:58:28,빌라투룸,49969161,월세,04,대전시 대덕구 석봉동,대덕구,석봉동,500,35,0,55,16.64,1,"석봉동 주택가, 넓은거실, 방 살림살이 많으신분들 추천",https://www.zigbang.com/home/apt/items/49969161
2026-08-08 04:58:33,빌라투룸,49559082,월세,04,경상남도 진주시 평거동,진주시,평거동,1000,57,0,55,16.64,2,㉧ㅡ서빈No.1구해줘홈즈ㅡ㉧추천BEST꿀방,https://www.zigbang.com/home/apt/items/49559082
2026-08-08 04:58:33,빌라투룸,49886495,월세,04,경상남도 진주시 평거동,진주시,평거동,1000,41,0,55,16.64,2,㉧ㅡ서빈No.1구해줘홈즈ㅡ㉧추천BEST꿀방,https://www.zigbang.com/home/apt/items/49886495
2026-08-08 04:58:33,빌라투룸,49905324,월세,04,경상남도 진주시 평거동,진주시,평거동,1000,48,0,55,16.64,2,평거동 엘리베이터 O 거실 넓은 근저당X 안전한 집,https://www.zigbang.com/home/apt/items/49905324
2026-08-08 04:58:34,빌라투룸,49886607,월세,04,경상남도 진주시 봉래동,진주시,봉래동,500,33,0,55,16.64,2,㉧ㅡ서빈No.1구해줘홈즈ㅡ㉧추천BEST꿀방,https://www.zigbang.com/home/apt/items/49886607
2026-08-08 04:58:34,빌라투룸,49918584,월세,04,경상남도 진주시 상봉동,진주시,상봉동,2500,30,0,59.5,18.0,1,상봉동 애완동물 가능하고 깔끔한 리모델링 단독주택 투룸,https://www.zigbang.com/home/apt/items/49918584
2026-08-08 04:58:34,빌라투룸,49886613,월세,04,경상남도 진주시 초전동,진주시,초전동,2000,51,0,60,18.15,3,㉧ㅡ서빈No.1구해줘홈즈ㅡ㉧추천BEST꿀방,https://www.zigbang.com/home/apt/items/49886613
2026-08-08 04:58:34,빌라투룸,49886618,월세,04,경상남도 진주시 초전동,진주시,초전동,2000,51,0,60,18.15,2,㉧ㅡ서빈No.1구해줘홈즈ㅡ㉧추천BEST꿀방,https://www.zigbang.com/home/apt/items/49886618
2026-08-08 04:58:34,빌라투룸,49890545,월세,04,경상남도 진주시 초전동,진주시,초전동,1000,61,0,60,18.15,2,㉧ㅡ서빈No.1구해줘홈즈ㅡ㉧추천BEST꿀방,https://www.zigbang.com/home/apt/items/49890545
2026-08-08 04:58:38,빌라투룸,49713701,월세,04,경상남도 창원시 마산회원구 양덕동,창원시 마산회원구,양덕동,2000,60,0,58.94,17.83,3,양덕동 새마을금고 인근 넓은 거실있는 투룸,https://www.zigbang.com/home/apt/items/49713701
2026-08-08 04:58:38,빌라투룸,49726304,월세,04,경상남도 창원시 마산회원구 양덕동,창원시 마산회원구,양덕동,3000,20,0,37.92,11.47,2,양덕동  메트로시티인근 올수리된 독채,https://www.zigbang.com/home/apt/items/49726304
2026-08-08 04:58:38,빌라투룸,49761054,월세,04,경상남도 창원시 마산회원구 양덕동,창원시 마산회원구,양덕동,5000,40,0,39.57,11.97,3,양덕동 중앙시장인근 방2  거실 대출가능,https://www.zigbang.com/home/apt/items/49761054
2026-08-08 04:58:38,빌라투룸,49781815,월세,04,경상남도 창원시 마산회원구 양덕동,창원시 마산회원구,양덕동,6000,20,0,49,14.82,3,LH가능.고속터미널인근  풀옵션 투룸 엘베있어요,https://www.zigbang.com/home/apt/items/49781815
2026-08-08 04:58:38,빌라투룸,49812870,매매,04,경상남도 창원시 마산회원구 양덕동,창원시 마산회원구,양덕동,9000,0,9000,56.63,17.13,3,양덕동 홈플 인근  올리모델링 방2,https://www.zigbang.com/home/apt/items/49812870
2026-08-08 04:58:38,빌라투룸,49891856,월세,04,경상남도 창원시 마산회원구 양덕동,창원시 마산회원구,양덕동,1000,60,0,57,17.24,3,양덕초 맞은편 거실넓은 투룸,https://www.zigbang.com/home/apt/items/49891856
2026-08-08 04:58:38,빌라투룸,49907779,월세,04,경상남도 창원시 마산합포구 산호동,창원시 마산합포구,산호동,500,50,0,46,13.91,3,산호경동리인인근 거실있는 풀옵션 투룸,https://www.zigbang.com/home/apt/items/49907779
2026-08-08 04:58:38,빌라투룸,49932346,월세,04,경상남도 창원시 마산회원구 양덕동,창원시 마산회원구,양덕동,300,37,0,39.57,11.97,3,양덕동 고속버스터미널인근 방2 풀옵션,https://www.zigbang.com/home/apt/items/49932346
2026-08-08 04:58:38,빌라투룸,49945954,월세,05,경상남도 창원시 마산회원구 양덕동,창원시 마산회원구,양덕동,5000,20,0,44.2,13.37,1,양덕동 중앙시장인근 방3 올전세  lh가능,https://www.zigbang.com/home/apt/items/49945954
2026-08-08 04:58:38,빌라투룸,49869334,월세,05,경상남도 창원시 진해구 여좌동,창원시 진해구,여좌동,2000,40,0,80,24.2,2,전진 진해고 대야초 인근 방3 거실 옥상도 사용,https://www.zigbang.com/home/apt/items/49869334
2026-08-08 04:58:38,빌라투룸,49542160,월세,04,경상남도 창원시 성산구 반지동,창원시 성산구,반지동,1500,60,0,66.11,20.0,2,ㅡBESTㅡ 반지동 신축급 에어컨2대 ll 남서향 깔끔투룸,https://www.zigbang.com/home/apt/items/49542160
2026-08-08 04:58:38,빌라투룸,49665332,월세,04,경상남도 창원시 성산구 반지동,창원시 성산구,반지동,500,35,0,37,11.19,2,ㅁHAPPYㅁ 반지동 저렴하고 깔끔한 미니투룸,https://www.zigbang.com/home/apt/items/49665332
2026-08-08 04:58:38,빌라투룸,49677749,전세,04,경상남도 창원시 성산구 반지동,창원시 성산구,반지동,8000,0,0,52.89,16.0,2,ㅡBESTㅡ 반지동 싱크대교체완료 ll 깔끔 투룸 올전세,https://www.zigbang.com/home/apt/items/49677749
2026-08-08 04:58:38,빌라투룸,49865950,월세,04,경상남도 창원시 성산구 반지동,창원시 성산구,반지동,3000,25,0,41,12.4,2,ㅁHAPPYㅁ 반지동 부분 리모델링 깔끔한 미니투룸,https://www.zigbang.com/home/apt/items/49865950
2026-08-08 04:58:38,빌라투룸,49936672,월세,04,경상남도 창원시 성산구 반지동,창원시 성산구,반지동,1000,30,0,57,17.24,2,ㅁHAPPYㅁ 반지동 관리 잘 되어있는 가성비 투룸,https://www.zigbang.com/home/apt/items/49936672
2026-08-08 04:58:38,빌라투룸,49958989,월세,04,경상남도 창원시 성산구 반지동,창원시 성산구,반지동,500,35,0,53,16.03,2,ㅁHAPPYㅁ 반지동 투룸 도배장판 재시공예정,https://www.zigbang.com/home/apt/items/49958989
2026-08-08 04:58:38,빌라투룸,49982137,월세,04,경상남도 창원시 의창구 명서동,창원시 의창구,명서동,1000,70,0,54.59,16.51,2,이쁜 복층  투룸 신축   즉시입주   보시면 만족하실겁니,https://www.zigbang.com/home/apt/items/49982137
2026-08-08 04:58:38,빌라투룸,49686308,월세,04,경상남도 창원시 마산회원구 구암동,창원시 마산회원구,구암동,300,21,0,39.57,11.97,1,구암동 저렴한 월세 방2  가성비 최고,https://www.zigbang.com/home/apt/items/49686308
2026-08-08 04:58:38,빌라투룸,49724329,전세,04,경상남도 창원시 의창구 팔용동,창원시 의창구,팔용동,6000,0,0,39.67,12.0,2,팔용동 방2  귀한올전세 LH전세대출가능,https://www.zigbang.com/home/apt/items/49724329
2026-08-08 04:58:38,빌라투룸,49726325,월세,05,경상남도 창원시 의창구 팔용동,창원시 의창구,팔용동,7000,30,0,59.2,17.91,2,팔용동 방3 전세대출가능 공원뷰,https://www.zigbang.com/home/apt/items/49726325
2026-08-08 04:58:38,빌라투룸,49812869,월세,04,경상남도 창원시 마산회원구 구암동,창원시 마산회원구,구암동,1000,30,0,44.3,13.4,2,구암동 구암고등학교인근  방2  독채,https://www.zigbang.com/home/apt/items/49812869
2026-08-08 04:58:38,빌라투룸,49867678,월세,04,경상남도 창원시 의창구 서상동,창원시 의창구,서상동,1000,62,0,43,13.01,2,ㅁHAPPYㅁ 서상동 풀옵션 투룸,https://www.zigbang.com/home/apt/items/49867678
2026-08-08 04:58:46,빌라투룸,49652425,월세,04,대구시 달서구 신당동,달서구,신당동,500,40,0,32.12,9.72,3,계명대앞 정투룸 풀옵션짱짱,https://www.zigbang.com/home/apt/items/49652425
2026-08-08 04:58:46,빌라투룸,49652515,월세,04,대구시 달서구 신당동,달서구,신당동,500,35,0,46.3,14.01,2,신축1.5룸 풀옵션,https://www.zigbang.com/home/apt/items/49652515
2026-08-08 04:58:46,빌라투룸,49747955,월세,04,대구시 달서구 신당동,달서구,신당동,300,40,0,45.98,13.91,3,정투룸 풀옵션 채광굿 방음굿 단열굿 내부깨끗,https://www.zigbang.com/home/apt/items/49747955
2026-08-08 04:58:46,빌라투룸,49815190,월세,04,대구시 달서구 신당동,달서구,신당동,500,40,0,59.32,17.94,2,내부올리모델링된 정투룸입니다 풀옵션완비,https://www.zigbang.com/home/apt/items/49815190
2026-08-08 04:58:46,빌라투룸,49822122,월세,04,대구시 달서구 신당동,달서구,신당동,300,30,0,42.23,12.77,2,리모델링된 정투룸 풀옵션 내부깨끗 방음굿 단열굿,https://www.zigbang.com/home/apt/items/49822122
2026-08-08 04:58:46,빌라투룸,49854113,월세,04,대구시 달서구 신당동,달서구,신당동,300,40,0,46.3,14.01,4,"계명대역정투룸,학생두명환영",https://www.zigbang.com/home/apt/items/49854113
2026-08-08 04:58:46,빌라투룸,49858594,월세,04,대구시 달서구 호산동,달서구,호산동,500,55,0,42.9,12.98,2,호산동 방2거실1ㅣ엘베Oㅣ양방주차ㅣ3차산업단지,https://www.zigbang.com/home/apt/items/49858594
2026-08-08 04:58:46,빌라투룸,49951712,월세,04,대구시 달서구 신당동,달서구,신당동,500,40,0,45.21,13.68,2,올수리된정투룸 풀옵션 내부굿굿,https://www.zigbang.com/home/apt/items/49951712
2026-08-08 04:58:46,빌라투룸,49956096,월세,04,대구시 달서구 호산동,달서구,호산동,500,45,0,29.81,9.02,4,"신축,화이트톤투룸ㅣ풀옵션,에어컨2대,TV,침대ㅣ엘베,중문ㅣ",https://www.zigbang.com/home/apt/items/49956096
2026-08-08 04:58:46,빌라투룸,49972126,월세,04,대구시 달서구 신당동,달서구,신당동,500,40,0,33.26,10.06,2,신축 미니투룸 단기가능,https://www.zigbang.com/home/apt/items/49972126
2026-08-08 04:58:46,빌라투룸,49972768,월세,04,대구시 달서구 신당동,달서구,신당동,300,40,0,46.3,14.01,2,리모델링한 깔끔한투룸,https://www.zigbang.com/home/apt/items/49972768
2026-08-08 04:58:46,빌라투룸,49974477,월세,04,대구시 달성군 다사읍 죽곡리,달성군,다사읍,500,40,0,58.12,17.58,2,내부리모델링된 거실큰 정투룸입니다,https://www.zigbang.com/home/apt/items/49974477
2026-08-08 04:58:47,빌라투룸,49861987,월세,05,대구시 달서구 상인동,달서구,상인동,300,20,0,58,17.54,2,가성비최고인 방3개 주방겸거실 욕실 다용도실,https://www.zigbang.com/home/apt/items/49861987
2026-08-08 04:58:47,빌라투룸,49862115,월세,05,대구시 달서구 상인동,달서구,상인동,1000,40,0,68.14,20.61,2,올리모델링된 방3개 주방별도 거실별도세탁실 다용도실,https://www.zigbang.com/home/apt/items/49862115
2026-08-08 04:58:47,빌라투룸,49902750,월세,05,대구시 달서구 상인동,달서구,상인동,300,30,0,59.5,18.0,2,"월곡네거리,풀옵션쓰리룸ㅣ리모델링완료ㅣ미친가성비ㅣ빨리빨리ㅣ",https://www.zigbang.com/home/apt/items/49902750
2026-08-08 04:58:47,빌라투룸,49906924,전세,06,대구시 달서구 상인동,달서구,상인동,9000,0,0,76.16,23.04,1,LH가능 상인동 1층 단독주택 욕실 올수리,https://www.zigbang.com/home/apt/items/49906924
2026-08-08 04:58:47,빌라투룸,49911986,월세,04,대구시 달서구 상인동,달서구,상인동,200,20,0,42.98,13.0,2,실매물인증 l 상인동 넓은 투룸 l 미친가성비 l 채광맛집,https://www.zigbang.com/home/apt/items/49911986
2026-08-08 04:58:47,빌라투룸,49956800,월세,05,대구시 달서구 상인동,달서구,상인동,300,30,0,88.2,26.68,2,"NEW 최저가쓰리룸ㅣ관리비Xㅣ올수리,화이트톤ㅣ빨리",https://www.zigbang.com/home/apt/items/49956800
2026-08-08 04:58:47,빌라투룸,49928940,월세,04,대구시 수성구 범물동,수성구,범물동,300,30,0,34.2,10.35,2,ㅁ실매물실가격ㅁ신축급 범물동ㅁ올화이트 대형 투룸ㅁ완전 강추,https://www.zigbang.com/home/apt/items/49928940
2026-08-08 04:58:48,빌라투룸,49358212,월세,04,경상남도 창원시 진해구 경화동,창원시 진해구,경화동,1000,50,0,60,18.15,2,황금알l 중부시장 인근 2014년식 거실 있는 투룸,https://www.zigbang.com/home/apt/items/49358212
2026-08-08 04:58:48,빌라투룸,49574561,월세,05,경상남도 창원시 진해구 석동,창원시 진해구,석동,2000,61,0,116,35.09,4,거방3실넓고 구조좋은 34평 아파트형  주인채,https://www.zigbang.com/home/apt/items/49574561
2026-08-08 04:58:48,빌라투룸,49832052,월세,05,경상남도 창원시 진해구 경화동,창원시 진해구,경화동,500,65,0,76.03,23.0,4,"전진 방3 화2, 소파 식탁 침대, 풀옵션 , 단기가능",https://www.zigbang.com/home/apt/items/49832052
2026-08-08 04:58:48,빌라투룸,49879586,월세,04,경상남도 창원시 진해구 석동,창원시 진해구,석동,500,45,0,59.5,18.0,2,전진 진해경찰서뒤 롯데마트인근 풀옵션 투룸,https://www.zigbang.com/home/apt/items/49879586
2026-08-08 04:58:48,빌라투룸,49900010,월세,04,경상남도 창원시 진해구 경화동,창원시 진해구,경화동,1000,50,0,66.11,20.0,2,직빵 지정주차 방2 거실 주방이넓고 에어컨2대풀옵션,https://www.zigbang.com/home/apt/items/49900010
2026-08-08 04:58:48,빌라투룸,49919904,월세,05,경상남도 창원시 진해구 석동,창원시 진해구,석동,5000,33,0,113,34.18,4,황금알l 롯데마트 앞 4층 방3개 주인세대,https://www.zigbang.com/home/apt/items/49919904
2026-08-08 04:58:48,빌라투룸,49972994,월세,04,경상남도 창원시 진해구 석동,창원시 진해구,석동,500,45,0,50,15.12,2,"황금알 진해경찰서인근, 주차하기좋고, 풀옵션 투룸",https://www.zigbang.com/home/apt/items/49972994
2026-08-08 04:58:48,빌라투룸,49975649,월세,04,경상남도 창원시 진해구 석동,창원시 진해구,석동,500,30,0,46.28,14.0,3,희망  관리 잘된 깔끔한투룸 지정 주차장있음,https://www.zigbang.com/home/apt/items/49975649
2026-08-08 04:58:48,빌라투룸,49626388,월세,04,경상남도 창원시 의창구 사림동,창원시 의창구,사림동,500,35,0,41,12.4,2,ㅁHAPPYㅁ 사림동 가성비 좋은 풀옵션 미니투룸 도배완료,https://www.zigbang.com/home/apt/items/49626388
2026-08-08 04:58:48,빌라투룸,49690913,월세,04,경상남도 창원시 의창구 사림동,창원시 의창구,사림동,500,40,0,53,16.03,2,ㅁHAPPYㅁ 사림동 투룸,https://www.zigbang.com/home/apt/items/49690913
2026-08-08 04:58:48,빌라투룸,49691601,월세,04,경상남도 창원시 의창구 사림동,창원시 의창구,사림동,1000,60,0,61,18.45,2,ㅁHAPPYㅁ 사림동 깔끔하게 잘 관리 되어있는 투룸,https://www.zigbang.com/home/apt/items/49691601
2026-08-08 04:58:48,빌라투룸,49694772,월세,04,경상남도 창원시 의창구 봉곡동,창원시 의창구,봉곡동,1000,50,0,47,14.22,2,ㅁHAPPYㅁ 올리모델링 봉곡동 투룸,https://www.zigbang.com/home/apt/items/49694772
2026-08-08 04:58:48,빌라투룸,49765864,월세,04,경상남도 창원시 의창구 사림동,창원시 의창구,사림동,2000,60,0,57,17.24,2,ㅁHAPPYㅁ 사림동 투룸,https://www.zigbang.com/home/apt/items/49765864
2026-08-08 04:58:48,빌라투룸,49806715,월세,04,경상남도 창원시 의창구 사림동,창원시 의창구,사림동,500,30,0,40,12.1,1,ㅁHAPPYㅁ 에어컨O 미니투룸 사림동,https://www.zigbang.com/home/apt/items/49806715
2026-08-08 04:58:48,빌라투룸,49931441,월세,04,경상남도 창원시 의창구 사림동,창원시 의창구,사림동,1000,57,0,59.5,18.0,2,"ㅡBESTㅡ에어컨, 테라스 세탁실 별도 ll 준신축 투룸",https://www.zigbang.com/home/apt/items/49931441
2026-08-08 04:58:48,빌라투룸,49966099,월세,04,경상남도 창원시 의창구 사림동,창원시 의창구,사림동,5000,35,0,53,16.03,2,ㅁHAPPYㅁ 사림동 투룸,https://www.zigbang.com/home/apt/items/49966099
2026-08-08 04:58:48,빌라투룸,49982150,월세,04,경상남도 창원시 의창구 사림동,창원시 의창구,사림동,200,34,0,42.98,13.0,2,"이쁘고 아주밝은 완전풀옵션 투룸 아주싼가격 
즉시입주",https://www.zigbang.com/home/apt/items/49982150
2026-08-08 04:58:48,빌라투룸,49631639,월세,04,경상남도 김해시 삼문동,김해시,삼문동,300,45,0,57,17.24,3,삼문동 깨끗한 투룸,https://www.zigbang.com/home/apt/items/49631639
2026-08-08 04:58:48,빌라투룸,49670345,월세,04,경상남도 김해시 삼문동,김해시,삼문동,1000,50,0,59.5,18.0,2,삼문동 초특가 깨끗한 투룸,https://www.zigbang.com/home/apt/items/49670345
2026-08-08 04:58:48,빌라투룸,49730074,월세,04,경상남도 김해시 대청동,김해시,대청동,1000,50,0,60,18.15,2,롯데마트근처 방2거실1 에어컨설치,https://www.zigbang.com/home/apt/items/49730074
2026-08-08 04:58:48,빌라투룸,49795187,월세,05,경상남도 김해시 관동동,김해시,관동동,2000,100,0,95,28.74,2,신축급 주인세대 구조위치 최고,https://www.zigbang.com/home/apt/items/49795187
2026-08-08 04:58:48,빌라투룸,49796431,월세,04,경상남도 김해시 대청동,김해시,대청동,500,55,0,59.5,18.0,2,풀옵션 서부경찰서인근 방2 욕실2,https://www.zigbang.com/home/apt/items/49796431
2026-08-08 04:58:48,빌라투룸,49811031,월세,04,경상남도 김해시 대청동,김해시,대청동,1000,50,0,60,18.15,2,"투룸, 해 잘들어요, 컨디션 굿, 방2개,화1개, 즉시입주",https://www.zigbang.com/home/apt/items/49811031
2026-08-08 04:58:48,빌라투룸,49829153,월세,06,경상남도 김해시 삼문동,김해시,삼문동,3000,60,0,70,21.17,3,방3칸.화장3칸.복층방 구조위치최고,https://www.zigbang.com/home/apt/items/49829153
2026-08-08 04:58:48,빌라투룸,49884966,월세,04,경상남도 김해시 관동동,김해시,관동동,1000,45,0,55,16.64,2,남향 거실.방2칸 구조위치 조용하게살기좋은집,https://www.zigbang.com/home/apt/items/49884966
2026-08-08 04:58:48,빌라투룸,49887775,월세,05,경상남도 김해시 관동동,김해시,관동동,2000,75,0,94,28.43,3,올리모델링됨 방3.화장실2칸 에어컨 완전밝고 기운이 좋은집,https://www.zigbang.com/home/apt/items/49887775
2026-08-08 04:58:48,빌라투룸,49899265,월세,04,경상남도 김해시 삼문동,김해시,삼문동,1000,50,0,62,18.75,2,밝고 구조좋은 넓은거실 방2칸,https://www.zigbang.com/home/apt/items/49899265
2026-08-08 04:58:48,빌라투룸,49909595,월세,05,경상남도 김해시 관동동,김해시,관동동,2000,70,0,120,36.3,3,관리잘된 주인세대 구조위치최고,https://www.zigbang.com/home/apt/items/49909595
2026-08-08 04:58:48,빌라투룸,49926009,월세,04,경상남도 김해시 대청동,김해시,대청동,2000,63,0,100,30.25,3,"준신축 메가병원인근 주인세대 복층 방2,욕실2,",https://www.zigbang.com/home/apt/items/49926009
2026-08-08 04:58:48,빌라투룸,49938622,월세,04,경상남도 김해시 삼문동,김해시,삼문동,1000,50,0,58,17.54,2,"삼문중,고인근 방2",https://www.zigbang.com/home/apt/items/49938622
2026-08-08 04:58:48,빌라투룸,49938825,월세,04,경상남도 김해시 관동동,김해시,관동동,1000,45,0,60,18.15,2,햇빛짱짱 거실.방2칸 구조위치 최고,https://www.zigbang.com/home/apt/items/49938825
2026-08-08 04:58:48,빌라투룸,49984000,월세,05,경상남도 김해시 관동동,김해시,관동동,2000,75,0,90,27.22,3,"방3,욕실2,거실 주인세대. 채광 좋은 집",https://www.zigbang.com/home/apt/items/49984000
2026-08-08 04:58:48,빌라투룸,49693629,월세,05,경상남도 김해시 주촌면 선지리,김해시,주촌면,2000,70,0,78.75,23.82,2,"신축,주촌초등학교,코스트코인근",https://www.zigbang.com/home/apt/items/49693629
2026-08-08 04:58:48,빌라투룸,49801638,월세,04,경상남도 김해시 내덕동,김해시,내덕동,500,45,0,49.59,15.0,2,내덕동 초특가  풀옵션 넓은 투룸,https://www.zigbang.com/home/apt/items/49801638
2026-08-08 04:58:48,빌라투룸,49816675,월세,06,경상남도 김해시 내덕동,김해시,내덕동,1000,65,0,100,30.25,3,내덕중 근처 초특가 복층 주인세대,https://www.zigbang.com/home/apt/items/49816675
2026-08-08 04:58:48,빌라투룸,49895721,월세,04,경상남도 김해시 내덕동,김해시,내덕동,1000,50,0,58,17.54,2,내덕중 근처 초특가 투룸,https://www.zigbang.com/home/apt/items/49895721
2026-08-08 04:58:48,빌라투룸,49920064,월세,04,경상남도 김해시 내덕동,김해시,내덕동,1000,35,0,49.59,15.0,3,내덕동 깨끗한 투룸,https://www.zigbang.com/home/apt/items/49920064
2026-08-08 04:58:48,빌라투룸,49952057,월세,04,경상남도 김해시 내덕동,김해시,내덕동,1000,50,0,55,16.64,2,"방2,거실,욕실1 풀옵션 투룸. 반려동물 동반 입주 문의",https://www.zigbang.com/home/apt/items/49952057
2026-08-08 04:58:48,빌라투룸,49965322,월세,04,경상남도 김해시 주촌면 선지리,김해시,주촌면,2000,65,0,80,24.2,2,REALㅇ신축ㅇ방2거실ㅇ엘베ㅇ넓은집ㅇㅇㅇㅇㅍ,https://www.zigbang.com/home/apt/items/49965322
2026-08-08 04:58:48,빌라투룸,49967613,월세,06,경상남도 김해시 내덕동,김해시,내덕동,5000,100,0,130,39.32,3,대청동 신축급 주인세대 복층구조,https://www.zigbang.com/home/apt/items/49967613
2026-08-08 04:58:48,빌라투룸,49986510,월세,05,경상남도 김해시 내덕동,김해시,내덕동,1000,40,0,68.16,20.62,2,깨끗한 쓰리룸입니다,https://www.zigbang.com/home/apt/items/49986510
2026-08-08 04:58:48,빌라투룸,49986522,월세,05,경상남도 김해시 내덕동,김해시,내덕동,500,42,0,60,18.15,2,방2개와 거실이며 깨끗한 방입니다,https://www.zigbang.com/home/apt/items/49986522
2026-08-08 04:58:49,빌라투룸,49914256,월세,05,부산시 강서구 범방동,강서구,범방동,3000,90,0,112.68,34.09,3,"귀한 탑층 대형평수 거실,방3,화2,에5, 대형테라스有",https://www.zigbang.com/home/apt/items/49914256
2026-08-08 04:58:49,빌라투룸,49942956,전세,05,경상남도 김해시 대동면 예안리,김해시,대동면,14000,0,0,103,31.16,1,"즉시입주,동물가능,큰마당,대출가능,보증금조절가능",https://www.zigbang.com/home/apt/items/49942956
2026-08-08 04:58:49,빌라투룸,49896115,전세,04,부산시 북구 구포동,북구,구포동,14000,0,0,40.33,12.2,5,방2.거실1. 베란다. 세탁실 有. 융자말소조건,https://www.zigbang.com/home/apt/items/49896115
2026-08-08 04:58:49,빌라투룸,49584279,월세,05,경상남도 김해시 삼정동,김해시,삼정동,2000,49,0,59.5,18.0,3,O 반려동물가능 엘리베이터 방2개 O 거실넓어요 에어컨2대,https://www.zigbang.com/home/apt/items/49584279
2026-08-08 04:58:49,빌라투룸,49659796,월세,04,경상남도 김해시 삼정동,김해시,삼정동,1000,52,0,60,18.15,1,NO.1방2거실1VV풀옵션VV붙박이장있음VV,https://www.zigbang.com/home/apt/items/49659796
2026-08-08 04:58:49,빌라투룸,49659813,월세,04,경상남도 김해시 삼정동,김해시,삼정동,2000,61,0,49.59,15.0,3,NO.1신축급컨디션VV방2VV풀옵션VV역세권VV,https://www.zigbang.com/home/apt/items/49659813
2026-08-08 04:58:49,빌라투룸,49696770,월세,05,경상남도 김해시 지내동,김해시,지내동,6250,15,0,73.61,22.27,5,O LH전세임대가능 O 방3개 화이트톤 깔끔한집,https://www.zigbang.com/home/apt/items/49696770
2026-08-08 04:58:49,빌라투룸,49778096,월세,04,경상남도 김해시 삼정동,김해시,삼정동,500,36,0,40,12.1,4,"ll 복층구조 ll 화장실2, 주차편리한 집",https://www.zigbang.com/home/apt/items/49778096
2026-08-08 04:58:49,빌라투룸,49778142,월세,04,경상남도 김해시 삼정동,김해시,삼정동,1000,56,0,50,15.12,3,"ll 엘베있는신축 ll 방 2, 거실있는 집",https://www.zigbang.com/home/apt/items/49778142
2026-08-08 04:58:49,빌라투룸,49786400,월세,04,경상남도 김해시 부원동,김해시,부원동,2000,37,0,49.59,15.0,4,NO.1옵션새로교체VV풀옵션VV역세권VV,https://www.zigbang.com/home/apt/items/49786400
2026-08-08 04:58:49,빌라투룸,49790093,월세,04,경상남도 김해시 어방동,김해시,어방동,1000,51,0,50,15.12,4,"ll 어방동신축 ll 방 2, 거실있는 분리형 구조",https://www.zigbang.com/home/apt/items/49790093
2026-08-08 04:58:49,빌라투룸,49790167,월세,04,경상남도 김해시 어방동,김해시,어방동,1000,51,0,59.5,18.0,2,"ll pick ll 삼성초등학교인근, 엘베있는 집, 방2",https://www.zigbang.com/home/apt/items/49790167
2026-08-08 04:58:49,빌라투룸,49790188,월세,04,경상남도 김해시 부원동,김해시,부원동,2000,36,0,45,13.61,4,"ll 시청역인근 ll 방2개, 관리 잘된 깔끔한 집",https://www.zigbang.com/home/apt/items/49790188
2026-08-08 04:58:49,빌라투룸,49877240,전세,04,경상남도 김해시 어방동,김해시,어방동,5500,0,0,50,15.12,3,O LH전세가능 방2개 O 어방동 깔끔한집이에요,https://www.zigbang.com/home/apt/items/49877240
2026-08-08 04:58:49,빌라투룸,49906781,월세,04,경상남도 김해시 삼정동,김해시,삼정동,1000,57,0,60,18.15,2,VNew UpdteV더블역세권V준신축,https://www.zigbang.com/home/apt/items/49906781
2026-08-08 04:58:49,빌라투룸,49961543,월세,04,경상남도 김해시 삼정동,김해시,삼정동,1000,56,0,58,17.54,2,O 역세권 깔끔한 방2개 투룸 O 스타벅스 바로 뒤쪽,https://www.zigbang.com/home/apt/items/49961543
2026-08-08 04:58:49,빌라투룸,49963461,월세,04,경상남도 김해시 삼정동,김해시,삼정동,2000,61,0,60,18.15,2,NO.1신축VV거실1방2VV풀옵션VV채광좋음,https://www.zigbang.com/home/apt/items/49963461
2026-08-08 04:58:49,빌라투룸,49684825,월세,05,경상남도 김해시 구산동,김해시,구산동,1500,45,0,73.02,22.09,1,"역인근,준신축,반려동물가능",https://www.zigbang.com/home/apt/items/49684825
2026-08-08 04:58:49,빌라투룸,49842348,월세,04,경상남도 김해시 삼계동,김해시,삼계동,500,41,0,50,15.12,2,ㄴ깔끔한매물ㄱ 풀옵션 방2개있는 매물,https://www.zigbang.com/home/apt/items/49842348
2026-08-08 04:58:49,빌라투룸,49842390,월세,04,경상남도 김해시 삼계동,김해시,삼계동,1000,50,0,60,18.15,3,ㄴ초등학교 근처 매물ㄱ이번에 도배 장판 새로한 매물,https://www.zigbang.com/home/apt/items/49842390
2026-08-08 04:58:49,빌라투룸,49842405,월세,04,경상남도 김해시 삼계동,김해시,삼계동,1000,53,0,60,18.15,2,ㄴ방2개ㄱㄴ화장실2개ㄱㄴ준신축ㄱㄴ역세권ㄱ,https://www.zigbang.com/home/apt/items/49842405
2026-08-08 04:58:49,빌라투룸,49888611,월세,05,경상남도 김해시 구산동,김해시,구산동,5000,65,0,95,28.74,2,"연지공원역인근,준신축,방2거실분리형",https://www.zigbang.com/home/apt/items/49888611
2026-08-08 04:58:49,빌라투룸,49892499,월세,05,경상남도 김해시 구산동,김해시,구산동,2000,47,0,66.78,20.2,2,준신축구조좋은방2칸 연지공원역인근,https://www.zigbang.com/home/apt/items/49892499
2026-08-08 04:58:49,빌라투룸,49917408,월세,04,경상남도 김해시 구산동,김해시,구산동,1500,46,0,73.02,22.09,1,방2칸 옵션있음 경전철 가까움,https://www.zigbang.com/home/apt/items/49917408
2026-08-08 04:58:49,빌라투룸,49917409,월세,04,경상남도 김해시 구산동,김해시,구산동,2000,36,0,49.59,15.0,1,역세권 방2개,https://www.zigbang.com/home/apt/items/49917409
2026-08-08 04:58:49,빌라투룸,49917411,월세,05,경상남도 김해시 구산동,김해시,구산동,1000,41,0,50,15.12,4,"방3개 복층형,연지공원역인근",https://www.zigbang.com/home/apt/items/49917411
2026-08-08 04:58:49,빌라투룸,49925384,월세,05,경상남도 김해시 구산동,김해시,구산동,500,48,0,49.59,15.0,4,REALㅇ방2ㅇ복층ㅇ깔끔ㅇ풀옵ㅇㅇㄴ,https://www.zigbang.com/home/apt/items/49925384
2026-08-08 04:58:49,빌라투룸,49936991,월세,04,경상남도 김해시 구산동,김해시,구산동,2000,50,0,62.81,19.0,2,역세권 방2개 거실 옵션있음,https://www.zigbang.com/home/apt/items/49936991
2026-08-08 04:58:49,빌라투룸,49957769,월세,05,경상남도 김해시 구산동,김해시,구산동,500,50,0,50,15.12,2,준신축방2칸에어컨2대 연지공원역인근,https://www.zigbang.com/home/apt/items/49957769
2026-08-08 04:58:49,빌라투룸,49967900,월세,04,경상남도 김해시 구산동,김해시,구산동,2000,30,0,60,18.15,2,구산동 대로변 방2개 상가주택,https://www.zigbang.com/home/apt/items/49967900
2026-08-08 04:58:49,빌라투룸,49984245,월세,04,경상남도 김해시 구산동,김해시,구산동,2000,46,0,55,16.64,3,O 건조기까지 풀옵션 신축급 O 강일병원 부근,https://www.zigbang.com/home/apt/items/49984245
2026-08-08 04:58:50,빌라투룸,49562990,전세,04,경상남도 양산시 물금읍 범어리,양산시,물금읍,8500,0,0,56.2,17.0,2,WW 조건좋은 투룸 방2 넓은 거실 붙박이장 전월세,https://www.zigbang.com/home/apt/items/49562990
2026-08-08 04:58:50,빌라투룸,49718906,월세,05,경상남도 양산시 물금읍 범어리,양산시,물금읍,2000,60,0,60,18.15,2,"방2개, 넓은 거실과 주방. 전세도 가능.",https://www.zigbang.com/home/apt/items/49718906
2026-08-08 04:58:50,빌라투룸,49805234,월세,05,경상남도 양산시 물금읍 범어리,양산시,물금읍,600,45,0,60,18.15,4,SoU.방2개 거실1개 발코니공간까지 가성비 만점,https://www.zigbang.com/home/apt/items/49805234
2026-08-08 04:58:50,빌라투룸,49814479,월세,04,경상남도 양산시 동면 금산리,양산시,동면,500,32,0,56.19,17.0,옥탑방,넓 은 옥 탑. 공과금 모두 포함된 착한 분리형룸,https://www.zigbang.com/home/apt/items/49814479
2026-08-08 04:58:50,빌라투룸,49853715,월세,04,경상남도 양산시 물금읍 범어리,양산시,물금읍,1000,55,0,60,18.15,2,SoU.신축급 방2개 거실1개 화이트톤의 깔끔한 인테리어,https://www.zigbang.com/home/apt/items/49853715
2026-08-08 04:58:50,빌라투룸,49881941,월세,04,경상남도 양산시 물금읍 범어리,양산시,물금읍,1000,60,0,59.5,18.0,3,ㅇㅇ100프로 허위매물없는 채움ㅇㅇ,https://www.zigbang.com/home/apt/items/49881941
2026-08-08 04:58:50,빌라투룸,49882559,월세,04,경상남도 양산시 물금읍 범어리,양산시,물금읍,1000,55,0,60,18.15,3,WW 대형 투룸 방2 넓은 거실  에어컨 2in1 붙박이장,https://www.zigbang.com/home/apt/items/49882559
2026-08-08 04:58:50,빌라투룸,49939725,월세,04,경상남도 양산시 물금읍 범어리,양산시,물금읍,7000,10,0,60,18.15,3,방2개. 보증금 비율조정 가능. 빠른입주 가능,https://www.zigbang.com/home/apt/items/49939725
2026-08-08 04:58:50,빌라투룸,49945315,월세,05,경상남도 양산시 물금읍 범어리,양산시,물금읍,1000,70,0,68,20.57,3,방3개. 넓은 거실과 주방. 채광 좋고 살림하기 좋은 집,https://www.zigbang.com/home/apt/items/49945315
2026-08-08 04:58:50,빌라투룸,49948430,월세,05,경상남도 양산시 물금읍 범어리,양산시,물금읍,8000,100,0,132,39.93,4,주인세대 끝판왕,https://www.zigbang.com/home/apt/items/49948430
2026-08-08 04:58:52,빌라투룸,49686903,월세,04,부산시 연제구 연산동,연제구,연산동,2000,80,0,45.19,13.67,11,"개인명의,근저당X,연산역1분,방2거실1,인기매물,보증금조절",https://www.zigbang.com/home/apt/items/49686903
2026-08-08 04:58:52,빌라투룸,49803567,월세,04,부산시 부산진구 양정동,부산진구,양정동,8000,15,0,33.04,9.99,5,"시청,방2,거실1,베란다,소형아파트형,버팀목,보증보험",https://www.zigbang.com/home/apt/items/49803567
2026-08-08 04:58:52,빌라투룸,49888792,월세,04,부산시 연제구 연산동,연제구,연산동,500,35,0,40.92,12.38,1,연산역인근 투룸,https://www.zigbang.com/home/apt/items/49888792
2026-08-08 04:58:52,빌라투룸,49907870,월세,05,부산시 동래구 안락동,동래구,안락동,300,75,0,44.01,13.31,3,방3. 거실. 풀옵션. 단기가능,https://www.zigbang.com/home/apt/items/49907870
2026-08-08 04:58:52,빌라투룸,49931678,월세,04,부산시 연제구 연산동,연제구,연산동,200,80,0,46.98,14.21,10,"풀옵션,최상컨디션, 소형아파트식 구조.",https://www.zigbang.com/home/apt/items/49931678
2026-08-08 04:58:52,빌라투룸,49932508,월세,04,부산시 연제구 연산동,연제구,연산동,2000,55,0,35.14,10.63,12,베란다 있는 신축 분리형 V 고층.남향 V,https://www.zigbang.com/home/apt/items/49932508
2026-08-08 04:58:52,빌라투룸,49934068,월세,04,부산시 부산진구 양정동,부산진구,양정동,2000,55,0,18.64,5.64,8,"시청역,버팀목,대출가능,반환조건,보증금조절",https://www.zigbang.com/home/apt/items/49934068
2026-08-08 04:58:52,빌라투룸,49934736,월세,04,부산시 연제구 연산동,연제구,연산동,500,58,0,28.14,8.51,2,"시청역,짐많고 답답한거 싫으신분,노면주차",https://www.zigbang.com/home/apt/items/49934736
2026-08-08 04:58:52,빌라투룸,49948197,월세,04,부산시 연제구 연산동,연제구,연산동,1000,70,0,40.11,12.13,14,"융자없는 개인명의, 큰투룸 ,연산역코앞, 전호실보유",https://www.zigbang.com/home/apt/items/49948197
2026-08-08 04:58:52,빌라투룸,49984635,월세,04,부산시 연제구 연산동,연제구,연산동,1000,70,0,51.38,15.54,11,"공휴일 정상운영, 연산역 30초",https://www.zigbang.com/home/apt/items/49984635
2026-08-08 04:58:52,빌라투룸,49984655,월세,04,부산시 수영구 망미동,수영구,망미동,1000,61,0,25.31,7.66,3,망미역 최고 시설,https://www.zigbang.com/home/apt/items/49984655
2026-08-08 04:58:52,빌라투룸,49932499,월세,04,부산시 동래구 온천동,동래구,온천동,1000,50,0,33.51,10.14,7,가장 넓은 분리형. 보증금 조절가능,https://www.zigbang.com/home/apt/items/49932499
2026-08-08 04:58:52,빌라투룸,49934365,월세,04,부산시 동래구 온천동,동래구,온천동,2000,58,0,29.54,8.94,2,"미남역,보증금조절,신축급,빠른입주",https://www.zigbang.com/home/apt/items/49934365
2026-08-08 04:58:52,빌라투룸,49763937,월세,04,부산시 부산진구 개금동,부산진구,개금동,15600,15,0,59.76,18.08,3,방2.거실1.세탁실 귀한 전세매물. 모든대출o LH가능,https://www.zigbang.com/home/apt/items/49763937
2026-08-08 04:58:52,빌라투룸,49764670,전세,04,부산시 동래구 사직동,동래구,사직동,11000,0,0,25.96,7.85,10,"사직역,신축첫입주급,건조기,스타일러,중기청,버팀목",https://www.zigbang.com/home/apt/items/49764670
2026-08-08 04:58:52,빌라투룸,49915754,월세,04,부산시 부산진구 전포동,부산진구,전포동,500,79,0,55.21,16.7,3,"귀한 풀옵션 거실,방2,화1,에1",https://www.zigbang.com/home/apt/items/49915754
2026-08-08 04:58:52,빌라투룸,49917931,월세,04,부산시 부산진구 부전동,부산진구,부전동,1000,60,0,39.33,11.9,1,"귀한 풀옵션 거실,방2,화1,에어컨 3대",https://www.zigbang.com/home/apt/items/49917931
2026-08-08 04:58:52,빌라투룸,49580800,월세,05,부산시 금정구 서동,금정구,서동,3000,40,0,58.89,17.81,1,전용주차가능 방3칸 올리모델링,https://www.zigbang.com/home/apt/items/49580800
2026-08-08 04:58:52,빌라투룸,49817879,월세,04,부산시 동래구 수안동,동래구,수안동,1000,59,0,23.47,7.1,13,"수안역 코앞,신축오피스텔,선착순 입주",https://www.zigbang.com/home/apt/items/49817879
2026-08-08 04:58:52,빌라투룸,49854754,월세,04,부산시 금정구 장전동,금정구,장전동,2000,55,0,28.79,8.71,3,부산대 북문 부근 두분이 사시기 좋은 방2 화2 풀옵션,https://www.zigbang.com/home/apt/items/49854754
2026-08-08 04:58:52,빌라투룸,49855984,월세,04,부산시 금정구 부곡동,금정구,부곡동,1000,60,0,26.34,7.97,2,부곡동  거실1 방2 풀옵션..개인명의..융자없음,https://www.zigbang.com/home/apt/items/49855984
2026-08-08 04:58:52,빌라투룸,49907945,월세,04,부산시 동래구 온천동,동래구,온천동,2000,55,0,16.02,4.85,9,신축 분리형 베스트. 최강 옵션. 저층 할인가능,https://www.zigbang.com/home/apt/items/49907945
2026-08-08 04:58:52,빌라투룸,49907956,월세,04,부산시 동래구 온천동,동래구,온천동,1000,45,0,32.7,9.89,5,채광.베란다. 넓은 평수. 자주식 주차,https://www.zigbang.com/home/apt/items/49907956
2026-08-08 04:58:52,빌라투룸,49908461,월세,04,부산시 동래구 온천동,동래구,온천동,2000,55,0,22.38,6.77,5,보증금조절 가능.신축 1년차.건조기. 분리형 타입,https://www.zigbang.com/home/apt/items/49908461
2026-08-08 04:58:52,빌라투룸,49908512,월세,04,부산시 동래구 온천동,동래구,온천동,1000,50,0,29.96,9.06,8,즉시입주 가능. 가성비 분리형 베스트. 통창.채광.넓은방,https://www.zigbang.com/home/apt/items/49908512
2026-08-08 04:58:52,빌라투룸,49915727,월세,04,부산시 금정구 장전동,금정구,장전동,500,45,0,38.61,11.68,5,"귀한 풀옵션 탑층 거실,방2,화1,에1, 자주식 주차",https://www.zigbang.com/home/apt/items/49915727
2026-08-08 04:58:52,빌라투룸,49917496,월세,04,부산시 동래구 온천동,동래구,온천동,2000,55,0,40.57,12.27,5,온천장 부근  거실1 큰 방2 풀옵션,https://www.zigbang.com/home/apt/items/49917496
2026-08-08 04:58:52,빌라투룸,49945918,월세,04,부산시 동래구 온천동,동래구,온천동,2000,40,0,22.49,6.8,4,"방1거실1,남향집,극가성비,신축급,즉시입주",https://www.zigbang.com/home/apt/items/49945918
2026-08-08 04:58:52,빌라투룸,49982757,월세,04,부산시 금정구 부곡동,금정구,부곡동,3000,70,0,62.17,18.81,5,금정세무소 부근 깔끔한  거실1 방2.. 풀옵션,https://www.zigbang.com/home/apt/items/49982757
2026-08-08 04:58:52,빌라투룸,49984601,월세,04,부산시 동래구 수안동,동래구,수안동,1000,59,0,23.47,7.1,14,"2026 신축, 전호실 보유 중",https://www.zigbang.com/home/apt/items/49984601
2026-08-08 04:58:52,빌라투룸,49984612,월세,04,부산시 동래구 수안동,동래구,수안동,2500,51,0,25.09,7.59,14,"2026 신축, 전호실 보유중",https://www.zigbang.com/home/apt/items/49984612
2026-08-08 04:58:52,빌라투룸,49711062,전세,04,부산시 해운대구 반송동,해운대구,반송동,4500,0,0,43.22,13.07,2,평지 전세 풀옵션 입니다,https://www.zigbang.com/home/apt/items/49711062
2026-08-08 04:58:52,빌라투룸,49717749,월세,04,부산시 해운대구 반송동,해운대구,반송동,300,33,0,43.56,13.18,2,학교도보1분 채광좋은 투룸,https://www.zigbang.com/home/apt/items/49717749
2026-08-08 04:58:52,빌라투룸,49862992,월세,04,부산시 해운대구 반송동,해운대구,반송동,200,23,0,43.56,13.18,4,방2칸 냉장고 세탁기 가스렌지,https://www.zigbang.com/home/apt/items/49862992
2026-08-08 04:58:52,빌라투룸,49888724,전세,04,부산시 해운대구 반송동,해운대구,반송동,6000,0,0,44.85,13.57,1,반송도서관 인근 평지에 위치한 최신식 리모델링,https://www.zigbang.com/home/apt/items/49888724
2026-08-08 04:58:52,빌라투룸,49915425,월세,05,부산시 해운대구 반송동,해운대구,반송동,500,56,0,40.96,12.39,4,복층 방3칸 학생 여러명 거주 가능,https://www.zigbang.com/home/apt/items/49915425
2026-08-08 04:58:52,빌라투룸,49915464,월세,04,부산시 해운대구 반송동,해운대구,반송동,300,35,0,43.56,13.18,3,"각방 모두 채광좋고, 침대2개 에어컨2대 설치",https://www.zigbang.com/home/apt/items/49915464
2026-08-08 04:58:52,빌라투룸,49929462,월세,04,부산시 해운대구 반송동,해운대구,반송동,300,35,0,40.92,12.38,3,넓은공간 원하는 1인 학생 맞춤 리모델링 투룸,https://www.zigbang.com/home/apt/items/49929462
2026-08-08 04:58:52,빌라투룸,49959893,월세,04,부산시 해운대구 반송동,해운대구,반송동,500,30,0,46.39,14.03,2,올수리 풀옵션 갖춰진 햇살좋은 투룸,https://www.zigbang.com/home/apt/items/49959893
2026-08-08 04:58:52,빌라투룸,49970230,월세,04,부산시 금정구 금사동,금정구,금사동,500,35,0,54.24,16.41,1,"가격 대비 최고 넓은 거실,방,2화1, 자주식주차",https://www.zigbang.com/home/apt/items/49970230
2026-08-08 04:58:52,빌라투룸,49986450,월세,04,부산시 금정구 금사동,금정구,금사동,500,35,0,54.24,16.41,1,방2칸 넓은 거실 및 주방,https://www.zigbang.com/home/apt/items/49986450
2026-08-08 04:58:52,빌라투룸,49888712,전세,04,부산시 해운대구 반여동,해운대구,반여동,2300,0,0,46.42,14.04,4,LH전세 가능 반여동 빌라 전세,https://www.zigbang.com/home/apt/items/49888712
2026-08-08 04:58:52,빌라투룸,49984660,전세,05,부산시 수영구 광안동,수영구,광안동,19000,0,0,24.07,7.28,6,"방2, 거실1, 복층, 테라스",https://www.zigbang.com/home/apt/items/49984660
2026-08-08 04:58:53,빌라투룸,49907916,월세,05,부산시 금정구 구서동,금정구,구서동,700,75,0,49.92,15.1,5,"전입가능, 방3, 거실1,  가성비 신축, 상세설명 필독",https://www.zigbang.com/home/apt/items/49907916
2026-08-08 04:58:53,빌라투룸,49917964,월세,05,부산시 금정구 남산동,금정구,남산동,2000,70,0,64.57,19.53,6,"귀한 탑층 가장 좋은 호실 방3,화1,에3, 자주식 주차",https://www.zigbang.com/home/apt/items/49917964
2026-08-08 04:58:53,빌라투룸,49953617,월세,04,부산시 금정구 남산동,금정구,남산동,2000,75,0,36.68,11.1,6,범어사역 부근 신축  거실1  방2 풀옵션,https://www.zigbang.com/home/apt/items/49953617
2026-08-08 04:58:53,빌라투룸,49969157,월세,04,부산시 금정구 구서동,금정구,구서동,700,65,0,44.84,13.56,4,"풀옵션, 방2, 거실1,",https://www.zigbang.com/home/apt/items/49969157
2026-08-08 04:58:53,빌라투룸,49536539,월세,05,경상남도 양산시 동면 석산리,양산시,동면,1000,40,0,45.26,13.69,2,"OK남양산IC 인근 조용한 아파트 쓰리룸, 개인임대인OK",https://www.zigbang.com/home/apt/items/49536539
2026-08-08 04:58:53,빌라투룸,49753992,월세,05,경상남도 양산시 동면 석산리,양산시,동면,500,50,0,50,15.12,4,반려동물가능한 풀옵션 아파트,https://www.zigbang.com/home/apt/items/49753992
2026-08-08 04:58:53,빌라투룸,49966467,전세,06,경상남도 양산시 동면 석산리,양산시,동면,5000,0,0,85.08,25.74,2,LH가능한 전세,https://www.zigbang.com/home/apt/items/49966467
2026-08-08 04:58:53,빌라투룸,49818035,월세,05,부산시 기장군 정관읍 방곡리,기장군,정관읍,3000,100,0,115,34.79,4,"독채,35평과 복층25평,방3,에어컨3대,즉시입주 가능",https://www.zigbang.com/home/apt/items/49818035
2026-08-08 04:58:53,빌라투룸,49818045,월세,04,부산시 기장군 정관읍 방곡리,기장군,정관읍,500,45,0,49.59,15.0,2,"방2,에어컨2,집깨끗,즉시입주 가능",https://www.zigbang.com/home/apt/items/49818045
2026-08-08 04:58:53,빌라투룸,49884281,전세,04,부산시 기장군 정관읍 방곡리,기장군,정관읍,6000,0,0,59.5,18.0,1,"방2,거실,주방,욕실",https://www.zigbang.com/home/apt/items/49884281
2026-08-08 04:58:54,빌라투룸,49884249,월세,04,부산시 기장군 정관읍 모전리,기장군,정관읍,9500,15,0,39.83,12.05,4,"독채, LH ,1000,50도 가능,중기청년대출,한수원",https://www.zigbang.com/home/apt/items/49884249
2026-08-08 04:58:54,빌라투룸,49668040,월세,04,경상남도 양산시 삼호동,양산시,삼호동,500,35,0,30,9.07,3,엘베 화이트 투룸,https://www.zigbang.com/home/apt/items/49668040
2026-08-08 04:58:54,빌라투룸,49716569,월세,04,경상남도 양산시 삼호동,양산시,삼호동,300,30,0,46.28,14.0,3,깔끔한 투룸 넓은 거실,https://www.zigbang.com/home/apt/items/49716569
2026-08-08 04:58:54,빌라투룸,49862744,월세,05,경상남도 양산시 명동,양산시,명동,1500,35,0,50,15.12,3,엘베있는 명동쓰리룸,https://www.zigbang.com/home/apt/items/49862744
2026-08-08 04:58:54,빌라투룸,49868279,월세,04,경상남도 양산시 삼호동,양산시,삼호동,100,28,0,36.36,11.0,4,깔끔한 투룸 즉시 입주가능,https://www.zigbang.com/home/apt/items/49868279
2026-08-08 04:58:54,빌라투룸,49869010,월세,04,경상남도 양산시 삼호동,양산시,삼호동,200,30,0,39.67,12.0,2,대동이미지부근 투룸,https://www.zigbang.com/home/apt/items/49869010
2026-08-08 04:58:54,빌라투룸,49907334,월세,06,경상남도 양산시 삼호동,양산시,삼호동,3000,51,0,89.26,27.0,4,깔끔한 테라스있는 주인세대,https://www.zigbang.com/home/apt/items/49907334
2026-08-08 04:58:54,빌라투룸,49916863,월세,04,경상남도 양산시 명동,양산시,명동,200,30,0,42.98,13.0,3,명동 깔끔한 투룸,https://www.zigbang.com/home/apt/items/49916863
2026-08-08 04:58:54,빌라투룸,49953196,월세,04,경상남도 양산시 삼호동,양산시,삼호동,300,30,0,49.59,15.0,3,시장인근 넓고 깔끔한 투룸,https://www.zigbang.com/home/apt/items/49953196
2026-08-08 04:58:54,빌라투룸,49960652,월세,04,경상남도 양산시 삼호동,양산시,삼호동,500,35,0,35,10.59,3,엘베있는 큰 투룸,https://www.zigbang.com/home/apt/items/49960652
2026-08-08 04:58:54,빌라투룸,49960679,월세,04,경상남도 양산시 삼호동,양산시,삼호동,200,30,0,30,9.07,4,혼자살기 너무 좋은집,https://www.zigbang.com/home/apt/items/49960679
2026-08-08 04:58:54,빌라투룸,49960768,월세,05,경상남도 양산시 삼호동,양산시,삼호동,1000,45,0,45,13.61,3,위치좋고 엘베 쓰리룸,https://www.zigbang.com/home/apt/items/49960768
2026-08-08 04:58:55,빌라투룸,49866904,전세,05,울산시 울주군 온양읍 운화리,울주군,온양읍,7000,0,0,60,18.15,2,조용하고 살기좋은 2층,https://www.zigbang.com/home/apt/items/49866904
2026-08-08 04:58:55,빌라투룸,49889520,월세,06,울산시 울주군 온양읍 운화리,울주군,온양읍,3000,61,0,85.95,26.0,4,살기좋은 주인세대,https://www.zigbang.com/home/apt/items/49889520
2026-08-08 04:58:55,빌라투룸,49914805,월세,04,울산시 울주군 온양읍 대안리,울주군,온양읍,200,45,0,30,9.07,2,대안리 귀한 투룸,https://www.zigbang.com/home/apt/items/49914805
2026-08-08 04:58:55,빌라투룸,49974528,월세,04,울산시 울주군 온양읍 대안리,울주군,온양읍,200,50,0,38,11.49,2,즉시입주가능,https://www.zigbang.com/home/apt/items/49974528
2026-08-08 04:58:55,빌라투룸,49973480,월세,05,울산시 울주군 온양읍 대안리,울주군,온양읍,300,60,0,60,18.15,2,온산공단 출퇴근 길 좋아요,https://www.zigbang.com/home/apt/items/49973480
2026-08-08 04:58:58,빌라투룸,49956697,월세,04,경상북도 경산시 사동,경산시,사동,300,28,0,50.5,15.28,3,OOO친절OO가성비투룸OO실사진OO구조굿OO살기좋은OO,https://www.zigbang.com/home/apt/items/49956697
2026-08-08 04:58:58,빌라투룸,49917838,월세,05,대구시 수성구 시지동,수성구,시지동,1000,57,0,43.9,13.28,2,ㅁ엘리베이터有ㅁ신축3룸ㅁ화이트톤ㅁ풀옵션ㅁ에어컨2대ㅁ중문ㅁ,https://www.zigbang.com/home/apt/items/49917838
2026-08-08 04:58:58,빌라투룸,49917848,월세,05,대구시 수성구 신매동,수성구,신매동,300,28,0,52.89,16.0,1,ㅁ저렴한ㅁ리모델링3룸ㅁ풀옵션ㅁTVㅁ침대ㅁ,https://www.zigbang.com/home/apt/items/49917848
2026-08-08 04:58:58,빌라투룸,49917849,월세,04,대구시 수성구 시지동,수성구,시지동,200,18,0,42.97,13.0,1,ㅁ완전저렴ㅁ리모델링ㅁ2룸ㅁ풀옵션ㅁ남향ㅁ,https://www.zigbang.com/home/apt/items/49917849
2026-08-08 04:58:58,빌라투룸,49917874,월세,04,대구시 수성구 신매동,수성구,신매동,200,16,0,39.67,12.0,3,ㅁ완전저렴ㅁ2룸ㅁ풀옵션ㅁ가격대비최고ㅁ,https://www.zigbang.com/home/apt/items/49917874
2026-08-08 04:58:58,빌라투룸,49917967,월세,05,대구시 수성구 신매동,수성구,신매동,300,28,0,52.89,16.0,1,ㅁ리모델링ㅁ3룸ㅁ풀옵션ㅁ침대ㅁTVㅁ쇼파ㅁ옷장ㅁ책상ㅁ남향ㅁ,https://www.zigbang.com/home/apt/items/49917967
2026-08-08 04:58:58,빌라투룸,49917992,월세,05,대구시 수성구 매호동,수성구,매호동,500,50,0,59.5,18.0,2,ㅁ엘리베이터有ㅁ신축급3룸ㅁ화이트톤ㅁ풀옵션ㅁ남향ㅁ양방향주차ㅁ,https://www.zigbang.com/home/apt/items/49917992
2026-08-08 04:58:58,빌라투룸,49944495,월세,05,대구시 수성구 시지동,수성구,시지동,500,32,0,52.89,16.0,3,ㅁ추천매물ㅁ리모델링3룸ㅁ풀옵션ㅁ남향ㅁ,https://www.zigbang.com/home/apt/items/49944495
2026-08-08 04:58:58,빌라투룸,49092495,월세,04,경상북도 경산시 진량읍 신제리,경산시,진량읍,300,43,0,49.59,15.0,3,엘리베이터 있는 넓고 조용한 투룸,https://www.zigbang.com/home/apt/items/49092495
2026-08-08 04:58:58,빌라투룸,49773951,월세,04,경상북도 경산시 진량읍 신제리,경산시,진량읍,300,45,0,46,13.91,3,소개비무 엘리베이트 있어서 편리한 투룸,https://www.zigbang.com/home/apt/items/49773951
2026-08-08 04:58:58,빌라투룸,49977848,월세,04,경상북도 경산시 진량읍 신제리,경산시,진량읍,1000,65,0,43,13.01,2,소개비 무 신축 깨끗한집 엘리베이트 풀옵션 큰차대기 좋은집,https://www.zigbang.com/home/apt/items/49977848
2026-08-08 04:59:00,빌라투룸,49703374,월세,04,울산시 울주군 언양읍 서부리,울주군,언양읍,500,61,0,56.19,17.0,2,ㄴ최저가매물 방2거실 엘베 실사진 풀옵 즉시입주 서두르세요,https://www.zigbang.com/home/apt/items/49703374
2026-08-08 04:59:00,빌라투룸,49767061,월세,04,울산시 울주군 삼남읍 교동리,울주군,삼남읍,500,46,0,55,16.64,3,2016준공ㅣ엘베있음확인ㅣ컨디션최상ㅣ방2거실겸주방,https://www.zigbang.com/home/apt/items/49767061
2026-08-08 04:59:00,빌라투룸,49788520,월세,04,울산시 울주군 삼남읍 교동리,울주군,삼남읍,500,41,0,50.1,15.16,2,보람병원인근 방2주방분리 에어컨2 가성비굿,https://www.zigbang.com/home/apt/items/49788520
2026-08-08 04:59:00,빌라투룸,49810950,월세,04,울산시 울주군 삼남읍 교동리,울주군,삼남읍,500,41,0,39.66,12.0,2,ㄴ최저가매물 방2 실사진 미쓰 보람병원도보 풀옵 깨끗,https://www.zigbang.com/home/apt/items/49810950
2026-08-08 04:59:00,빌라투룸,49858803,월세,04,울산시 울주군 삼남읍 교동리,울주군,삼남읍,300,46,0,57.1,17.27,2,산업고인근 방2거실주방분리 엘베0 화이트톤,https://www.zigbang.com/home/apt/items/49858803
2026-08-08 04:59:00,빌라투룸,49882656,월세,04,울산시 울주군 삼남읍 교동리,울주군,삼남읍,1000,41,0,58.1,17.58,3,산업고인근 방2거실 새로도배완료,https://www.zigbang.com/home/apt/items/49882656
2026-08-08 04:59:00,빌라투룸,49898047,월세,04,울산시 울주군 삼남읍 교동리,울주군,삼남읍,300,46,0,52.89,16.0,2,ㄴ추천매물 방2거실 실사진 엘리베이터 풀옵 서두르세요,https://www.zigbang.com/home/apt/items/49898047
2026-08-08 04:59:00,빌라투룸,49914681,월세,04,울산시 울주군 삼남읍 교동리,울주군,삼남읍,1000,41,0,56.19,17.0,3,ㄴ최저가매물 방2거실 풀옵 산업고인근 메가마트 서두르세요,https://www.zigbang.com/home/apt/items/49914681
2026-08-08 04:59:00,빌라투룸,49949327,월세,04,울산시 울주군 삼남읍 교동리,울주군,삼남읍,500,41,0,50,15.12,2,방2 주방 풀옵션 실사진 남향 저렴한가격,https://www.zigbang.com/home/apt/items/49949327
2026-08-08 04:59:00,빌라투룸,49949439,월세,04,울산시 울주군 삼남읍 교동리,울주군,삼남읍,300,46,0,50,15.12,3,방2 주방 풀옵션 실사진 엘베ok,https://www.zigbang.com/home/apt/items/49949439
2026-08-08 04:59:00,빌라투룸,49772574,월세,06,울산시 남구 무거동,남구,무거동,2000,70,0,131.66,39.83,4,주인세대 독채 방3칸 거실 욕실2개. 전체수리되어 깨끗함,https://www.zigbang.com/home/apt/items/49772574
2026-08-08 04:59:00,빌라투룸,49834135,월세,04,울산시 남구 옥동,남구,옥동,500,80,0,55.5,16.79,2,올리모델링 첫입주 세제품 방2개 거실1개 깨끗한 구조,https://www.zigbang.com/home/apt/items/49834135
2026-08-08 04:59:00,빌라투룸,49867045,월세,04,울산시 남구 옥동,남구,옥동,500,81,0,43,13.01,2,옥서초 인근.방2거실.리모델링 첫입주,https://www.zigbang.com/home/apt/items/49867045
2026-08-08 04:59:00,빌라투룸,49896159,월세,05,울산시 남구 무거동,남구,무거동,300,40,0,43,13.01,1,남향 밝음. 방2칸 거실겸 주방 욕실로 구조좋고 깨끗함,https://www.zigbang.com/home/apt/items/49896159
2026-08-08 04:59:00,빌라투룸,49932350,월세,04,울산시 남구 무거동,남구,무거동,300,41,0,56.19,17.0,2,l HOT매물 l 방2주방1구조ㅣ리모델링ㅣ위치짱ㅣ,https://www.zigbang.com/home/apt/items/49932350
2026-08-08 04:59:00,빌라투룸,49960928,월세,04,울산시 남구 무거동,남구,무거동,300,41,0,50,15.12,2,방2 거실 울대도보가능,https://www.zigbang.com/home/apt/items/49960928
2026-08-08 04:59:00,빌라투룸,49850692,월세,04,울산시 중구 다운동,중구,다운동,500,30,0,50.1,15.16,2,복층 방2거실 리모델링된집 가성비최고,https://www.zigbang.com/home/apt/items/49850692
2026-08-08 04:59:00,빌라투룸,49934944,월세,04,울산시 울주군 범서읍 구영리,울주군,범서읍,1000,46,0,52,15.73,3,ꯁꯁ 구영리ㅣ귀한매물ㅣ엘베ㅣ방2거실겸주방ㅣ컨디션최고,https://www.zigbang.com/home/apt/items/49934944
2026-08-08 04:59:00,빌라투룸,49948135,월세,04,울산시 울주군 범서읍 굴화리,울주군,범서읍,300,39,0,49.59,15.0,2,ㅣ방2주방1구조ㅣ주차굿ㅣ위치최상ㅣ,https://www.zigbang.com/home/apt/items/49948135
2026-08-08 04:59:01,빌라투룸,49655758,월세,04,울산시 중구 옥교동,중구,옥교동,500,51,0,50.89,15.39,4,풀옵션 방2 주방 따로ㅣ상권 굿ㅣ주차 가능ㅣ채광 굿,https://www.zigbang.com/home/apt/items/49655758
2026-08-08 04:59:01,빌라투룸,49738628,월세,04,울산시 중구 성안동,중구,성안동,500,65,0,60,18.15,3,ㅁ주차최상 ㅁ엘베유 ㅁ방2 ㅁ도배완료,https://www.zigbang.com/home/apt/items/49738628
2026-08-08 04:59:01,빌라투룸,49859545,월세,04,울산시 중구 성안동,중구,성안동,1000,51,0,56.19,17.0,2,ㄴ추천매물 방2거실 엘리베이터 풀옵 서두르세요,https://www.zigbang.com/home/apt/items/49859545
2026-08-08 04:59:01,빌라투룸,49873546,월세,04,울산시 중구 우정동,중구,우정동,1000,45,0,63.1,19.09,2,방2 에어컨2 리모델링0 넓은공간 깔끔한방,https://www.zigbang.com/home/apt/items/49873546
2026-08-08 04:59:01,빌라투룸,49879392,월세,04,울산시 중구 우정동,중구,우정동,1000,45,0,60,18.15,2,방2 거실 일부시리 실사진,https://www.zigbang.com/home/apt/items/49879392
2026-08-08 04:59:01,빌라투룸,49892946,월세,04,울산시 중구 교동,중구,교동,1000,35,0,57.1,17.27,1,리모델링0 방2에어컨2 깔끔 가성비굿,https://www.zigbang.com/home/apt/items/49892946
2026-08-08 04:59:01,빌라투룸,49897436,월세,04,울산시 중구 성안동,중구,성안동,1000,61,0,56.19,17.0,3,ㄴ방2거실 엘리베이터O 풀옵 서두르세요,https://www.zigbang.com/home/apt/items/49897436
2026-08-08 04:59:01,빌라투룸,49917511,월세,04,울산시 중구 성안동,중구,성안동,4000,46,0,80.1,24.23,2,24평 방2화장실2에어컨2  주방도분리 드레스룸0,https://www.zigbang.com/home/apt/items/49917511
2026-08-08 04:59:01,빌라투룸,49917707,월세,04,울산시 중구 복산동,중구,복산동,500,35,0,58.1,17.58,2,방2거실 에어컨0 테라스사용0 성지아파트인근,https://www.zigbang.com/home/apt/items/49917707
2026-08-08 04:59:01,빌라투룸,49514459,월세,05,울산시 북구 호계동,북구,호계동,2000,76,0,115.89,35.06,4,주인집. 컨디션 좋은 방3 화장실2 넓은 거실,https://www.zigbang.com/home/apt/items/49514459
2026-08-08 04:59:01,빌라투룸,49760643,월세,04,울산시 북구 호계동,북구,호계동,3000,31,0,60.1,18.18,3,호계초인근 방2거실 낮은월세,https://www.zigbang.com/home/apt/items/49760643
2026-08-08 04:59:01,빌라투룸,49770801,월세,04,울산시 북구 호계동,북구,호계동,500,65,0,66.12,20.0,2,거실1방2 풀옵션 신축,https://www.zigbang.com/home/apt/items/49770801
2026-08-08 04:59:01,빌라투룸,49836817,월세,05,울산시 북구 호계동,북구,호계동,2000,75,0,139,42.05,4,주인세대 방3 화장실2,https://www.zigbang.com/home/apt/items/49836817
2026-08-08 04:59:01,빌라투룸,49939599,월세,04,울산시 북구 호계동,북구,호계동,500,46,0,57.1,17.27,2,방2거실 넓은안방 수납공간굿,https://www.zigbang.com/home/apt/items/49939599
2026-08-08 04:59:01,빌라투룸,49965039,월세,04,울산시 북구 호계동,북구,호계동,3000,30,0,56.2,17.0,3,NEW호계동ㅣ방2.거실1ㅣ1세대1주차ㅣ,https://www.zigbang.com/home/apt/items/49965039
2026-08-08 04:59:01,빌라투룸,49969095,월세,04,경상북도 경주시 외동읍 모화리,경주시,외동읍,200,60,0,60.1,18.18,4,MA 2016년식 방2거실 에어컨2,https://www.zigbang.com/home/apt/items/49969095
2026-08-08 04:59:01,빌라투룸,49800579,월세,05,경상북도 경주시 외동읍 모화리,경주시,외동읍,500,70,0,130.1,39.36,2,MA주인세대 방3화장실2 풀옵션 상태도굿,https://www.zigbang.com/home/apt/items/49800579
2026-08-08 04:59:01,빌라투룸,49973752,월세,04,경상북도 경주시 외동읍 모화리,경주시,외동읍,200,42,0,43.1,13.04,2,MA 방2 주방분리 가성비굿,https://www.zigbang.com/home/apt/items/49973752
2026-08-08 04:59:01,빌라투룸,49978389,월세,04,울산시 북구 중산동,북구,중산동,500,59,0,50,15.12,3,방2 거실  엘베있음,https://www.zigbang.com/home/apt/items/49978389
2026-08-08 04:59:01,빌라투룸,49980973,월세,04,울산시 북구 중산동,북구,중산동,500,59,0,56.2,17.0,3,ㅣ중산 산업단지인근ㅣ거실1방2ㅣ엘베有ㅣ,https://www.zigbang.com/home/apt/items/49980973
2026-08-08 04:59:01,빌라투룸,49980991,월세,04,울산시 북구 중산동,북구,중산동,500,58,0,60,18.15,3,거실1 방2 주방 분리형 거실,https://www.zigbang.com/home/apt/items/49980991
2026-08-08 04:59:01,빌라투룸,49981331,월세,04,울산시 북구 중산동,북구,중산동,500,59,0,60.89,18.42,3,"EV. 주차 편리ㅣBEST컨디션ㅣ넓은 거실, 방2",https://www.zigbang.com/home/apt/items/49981331
2026-08-08 04:59:02,빌라투룸,49807335,월세,04,경상북도 경주시 충효동,경주시,충효동,2000,55,0,55.97,16.93,2,"방2,넓은거실  옵션있음 엘리베이터",https://www.zigbang.com/home/apt/items/49807335
2026-08-08 04:59:03,빌라투룸,49794443,월세,04,경상북도 경주시 시래동,경주시,시래동,300,45,0,29.75,9.0,3,"방2 거실,,,비교적 넓은 방",https://www.zigbang.com/home/apt/items/49794443
2026-08-08 04:59:03,빌라투룸,49895626,월세,04,경상북도 경주시 시래동,경주시,시래동,300,45,0,56.2,17.0,3,"방2 거실,,,비교적 넓은 방,,,넓은 주차장",https://www.zigbang.com/home/apt/items/49895626
2026-08-08 04:59:03,빌라투룸,49839390,월세,04,경상북도 경주시 시래동,경주시,시래동,300,45,0,56.2,17.0,4,"방2 거실,,,비교적 넓은 방,,,넓은 주차장",https://www.zigbang.com/home/apt/items/49839390
2026-08-08 04:59:03,빌라투룸,49588118,월세,05,경상북도 경주시 동천동,경주시,동천동,2000,81,0,100,30.25,4,ㅡ엘베ㅡ방3화2ㅡ예쁜집ㅡ,https://www.zigbang.com/home/apt/items/49588118
2026-08-08 04:59:03,빌라투룸,49829665,월세,04,경상북도 경주시 황오동,경주시,황오동,500,40,0,40,12.1,1,주택1층 풀옵션 조용한1인거주만가능 세탁기없음,https://www.zigbang.com/home/apt/items/49829665
2026-08-08 04:59:03,빌라투룸,49850576,월세,05,경상북도 경주시 성건동,경주시,성건동,500,55,0,59.5,18.0,3,ㅡ강변뷰ㅡ방2거실ㅡ엘베ㅡ,https://www.zigbang.com/home/apt/items/49850576
2026-08-08 04:59:03,빌라투룸,49865544,월세,04,경상북도 경주시 동천동,경주시,동천동,500,50,0,59.5,18.0,1,"1층 방2,거실겸주방 애완동물협의가능",https://www.zigbang.com/home/apt/items/49865544
2026-08-08 04:59:04,빌라투룸,49908885,전세,04,경상북도 성주군 성주읍 예산리,성주군,성주읍,6000,0,0,59.5,18.0,2,"실리안아파트인근 정남향 투룸, 전세, 2층",https://www.zigbang.com/home/apt/items/49908885
2026-08-08 04:59:04,빌라투룸,49908914,월세,04,경상북도 성주군 성주읍 예산리,성주군,성주읍,2000,35,0,52.89,16.0,3,"예산리투룸, 즉시가능, 도배청소완료,도시가스사용",https://www.zigbang.com/home/apt/items/49908914
2026-08-08 04:59:04,빌라투룸,49908936,월세,04,경상북도 성주군 성주읍 학산리,성주군,성주읍,500,50,0,56.2,17.0,2,"산업단지투룸,풀옵션,즉시가능",https://www.zigbang.com/home/apt/items/49908936
2026-08-08 04:59:04,빌라투룸,49910270,월세,04,경상북도 성주군 성주읍 학산리,성주군,성주읍,500,45,0,60,18.15,4,"성주산업단지내 넓은 투룸, 즉시가능, 정남향",https://www.zigbang.com/home/apt/items/49910270
2026-08-08 04:59:04,빌라투룸,49910371,월세,04,경상북도 성주군 성주읍 성산리,성주군,성주읍,300,45,0,59.5,18.0,4,"성주읍사무소 인근 투룸,도시가스사용, 즉시가능",https://www.zigbang.com/home/apt/items/49910371
2026-08-08 04:59:04,빌라투룸,49910558,월세,04,경상북도 성주군 성주읍 성산리,성주군,성주읍,3000,35,0,56.2,17.0,3,"대구은행인근, 투룸반전세, 도시가스",https://www.zigbang.com/home/apt/items/49910558
2026-08-08 04:59:04,빌라투룸,49944045,월세,05,경상북도 성주군 성주읍 학산리,성주군,성주읍,500,53,0,66,19.96,2,성주산업단지 내 기숙사형 투룸or쓰리룸,https://www.zigbang.com/home/apt/items/49944045
2026-08-08 04:59:05,빌라투룸,48757843,월세,04,경상북도 김천시 응명동,김천시,응명동,500,48,0,50,15.12,2,실매물보장 산업공단초입 최저가 풀옵션 투룸 방2 거실1,https://www.zigbang.com/home/apt/items/48757843
2026-08-08 04:59:05,빌라투룸,48757851,월세,04,경상북도 김천시 신음동,김천시,신음동,500,43,0,50,15.12,2,김천시청 바로옆 신음동최저가 풀옵션 깔끔한 신축원룸,https://www.zigbang.com/home/apt/items/48757851
2026-08-08 04:59:05,빌라투룸,48870605,월세,04,경상북도 김천시 모암동,김천시,모암동,500,43,0,50,15.12,2,김천 의료원인근 최신축 깔끔한 투룸 방2 거실1,https://www.zigbang.com/home/apt/items/48870605
2026-08-08 04:59:05,빌라투룸,49658386,전세,04,경상북도 김천시 신음동,김천시,신음동,6000,0,0,58,17.54,2,신음동 이마트뒤 신축투룸 방2 거실 전세,https://www.zigbang.com/home/apt/items/49658386
2026-08-08 04:59:06,빌라투룸,48771492,월세,04,경상북도 김천시 덕곡동,김천시,덕곡동,500,43,0,50,15.12,3,덕곡무실삼거리 최신축 풀옵션 깔끔한 투룸 방2 거실1,https://www.zigbang.com/home/apt/items/48771492
2026-08-08 04:59:06,빌라투룸,49773664,전세,04,경상북도 김천시 덕곡동,김천시,덕곡동,7500,0,0,59.5,18.0,4,덕곡동 하나로마트 인근 투룸전세 7500만원,https://www.zigbang.com/home/apt/items/49773664
2026-08-08 04:59:06,빌라투룸,49829274,월세,04,경상북도 김천시 덕곡동,김천시,덕곡동,500,43,0,55,16.64,2,김천시 덕곡동 하나로마트 뒤 보기힘든 투룸월세,https://www.zigbang.com/home/apt/items/49829274
2026-08-08 04:59:06,빌라투룸,49829279,월세,04,경상북도 김천시 덕곡동,김천시,덕곡동,500,43,0,55,16.64,2,김천혁신도시 인근신축 투룸방2거실,https://www.zigbang.com/home/apt/items/49829279
2026-08-08 04:59:06,빌라투룸,49859896,월세,04,경상북도 김천시 덕곡동,김천시,덕곡동,500,50,0,59.5,18.0,3,덕곡동 물레방아 인근 투룸 방2거실1,https://www.zigbang.com/home/apt/items/49859896
2026-08-08 04:59:06,빌라투룸,49859907,전세,04,경상북도 김천시 덕곡동,김천시,덕곡동,7500,0,0,59.5,18.0,2,덕곡동 하나로마트 인근 투룸전세 7500만원,https://www.zigbang.com/home/apt/items/49859907
2026-08-08 04:59:06,빌라투룸,49859920,월세,04,경상북도 김천시 덕곡동,김천시,덕곡동,500,50,0,62.81,19.0,3,덕곡동 신축 방2거실1깔끔한 투룸 입니다,https://www.zigbang.com/home/apt/items/49859920
2026-08-08 04:59:05,빌라투룸,48870630,월세,04,경상북도 김천시 부곡동,김천시,부곡동,500,43,0,50,15.12,2,"보증금,월세 파격조정가능 주공아파트인근 최저가 풀옵션 투룸",https://www.zigbang.com/home/apt/items/48870630
2026-08-08 04:59:06,빌라투룸,49525477,월세,04,경상북도 구미시 봉곡동,구미시,봉곡동,1000,50,0,60,18.15,2,"첫입주투룸,화이트리모델링",https://www.zigbang.com/home/apt/items/49525477
2026-08-08 04:59:06,빌라투룸,49766178,월세,04,경상북도 구미시 봉곡동,구미시,봉곡동,8500,31,0,45,13.61,2,봉곡동 선주고등학교 인근 올리모델링 LH 전세 투룸,https://www.zigbang.com/home/apt/items/49766178
2026-08-08 04:59:06,빌라투룸,49908654,월세,04,경상북도 구미시 봉곡동,구미시,봉곡동,300,45,0,64,19.36,2,"0리모델링,풀옵션,저렴한보증금0",https://www.zigbang.com/home/apt/items/49908654
2026-08-08 04:59:06,빌라투룸,49908794,월세,05,경상북도 구미시 봉곡동,구미시,봉곡동,300,35,0,80,24.2,4,복층투룸 에어컨3대 옥상단독사용가능,https://www.zigbang.com/home/apt/items/49908794
2026-08-08 04:59:06,빌라투룸,49948628,월세,04,경상북도 구미시 봉곡동,구미시,봉곡동,1000,50,0,67,20.27,2,리모델링 투룸 넓은거실 건조기까지,https://www.zigbang.com/home/apt/items/49948628
2026-08-08 04:59:06,빌라투룸,49950522,월세,04,경상북도 구미시 봉곡동,구미시,봉곡동,300,40,0,59.5,18.0,3,법원인근 스타일러 드레스룸 하얗게 예쁜 리모델링 풀옵션투룸,https://www.zigbang.com/home/apt/items/49950522
2026-08-08 04:59:06,빌라투룸,49979365,전세,04,경상북도 구미시 봉곡동,구미시,봉곡동,9500,0,0,55,16.64,2,"LH전세,리모델링공사중",https://www.zigbang.com/home/apt/items/49979365
2026-08-08 04:59:06,빌라투룸,49742814,월세,04,경상북도 김천시 아포읍 국사리,김천시,아포읍,300,31,0,55,16.64,4,김천시 아포읍국사리 덕일한마음 아파트인근 초저가 투룸 월,https://www.zigbang.com/home/apt/items/49742814
2026-08-08 04:59:07,빌라투룸,49900434,월세,04,대구시 달성군 다사읍 세천리,달성군,다사읍,300,40,0,46.5,14.07,3,NEW 투룸 I 넓은사이즈 I 화이트톤 I 바로계약,https://www.zigbang.com/home/apt/items/49900434
2026-08-08 04:59:07,빌라투룸,49965919,전세,06,대구시 달성군 다사읍 세천리,달성군,다사읍,14000,0,0,84.5,25.56,4,LH가능 세천 주인세대,https://www.zigbang.com/home/apt/items/49965919
2026-08-08 04:59:07,빌라투룸,49703647,월세,04,경상북도 칠곡군 왜관읍 왜관리,칠곡군,왜관읍,500,45,0,49.59,15.0,4,O투룸월세O왜관시내O버거킹부근 O준신축즉시입주,https://www.zigbang.com/home/apt/items/49703647
2026-08-08 04:59:07,빌라투룸,49802655,월세,04,경상북도 칠곡군 왜관읍,칠곡군,왜관읍,2000,50,0,59.5,18.0,2,"O신축정투룸O태왕아너스,칠곡군립도서관부근,보증금조절가능",https://www.zigbang.com/home/apt/items/49802655
2026-08-08 04:59:07,빌라투룸,49906334,월세,04,경상북도 칠곡군 왜관읍 왜관리,칠곡군,왜관읍,500,40,0,49.59,15.0,3,㉧풀옵션 투룸㉧ 왜관 달오지구 입주 준비 완료 주차 편해요,https://www.zigbang.com/home/apt/items/49906334
2026-08-08 04:59:07,빌라투룸,49906993,월세,04,경상북도 칠곡군 왜관읍 왜관리,칠곡군,왜관읍,300,40,0,49.59,15.0,2,㉧왜관초 옆 투룸㉧ 에어컨 2대 풀옵션 내부 깔끔해요,https://www.zigbang.com/home/apt/items/49906993
2026-08-08 04:59:07,빌라투룸,49703641,월세,04,경상북도 칠곡군 왜관읍 왜관리,칠곡군,왜관읍,1000,50,0,66.12,20.0,3,O투룸월세O이원리버빌아파트앞O깔끔한 투룸,https://www.zigbang.com/home/apt/items/49703641
2026-08-08 04:59:07,빌라투룸,49786449,월세,04,경상북도 칠곡군 왜관읍 석전리,칠곡군,왜관읍,500,50,0,49.59,15.0,3,㉧북부정류장 옆㉧ 해 잘들어오는 남향 도시가스 인기좋은 방,https://www.zigbang.com/home/apt/items/49786449
2026-08-08 04:59:07,빌라투룸,49829763,월세,04,경상북도 칠곡군 왜관읍 석전리,칠곡군,왜관읍,500,40,0,59.5,18.0,4,㉧중앙초 인근㉧ 풀옵션 투룸 내부 매우 깔끔 인기 매물,https://www.zigbang.com/home/apt/items/49829763
2026-08-08 04:59:07,빌라투룸,49927242,월세,05,경상북도 칠곡군 왜관읍 석전리,칠곡군,왜관읍,1000,50,0,59.5,18.0,4,㉧풀옵션 쓰리룸㉧ 방3욕실2 북부정류장 옆 도시가스,https://www.zigbang.com/home/apt/items/49927242
2026-08-08 04:59:07,빌라투룸,49938308,월세,04,경상북도 칠곡군 왜관읍 석전리,칠곡군,왜관읍,500,50,0,69.42,21.0,3,"O정투룸O북부정류장부근,왜관역부근O먼저보면임자O",https://www.zigbang.com/home/apt/items/49938308
2026-08-08 04:59:08,빌라투룸,49733492,월세,04,대구시 달서구 용산동,달서구,용산동,300,28,0,59.5,18.0,3,리모델링  남향 따뜻하고 아늑한 방2 거실 베란다,https://www.zigbang.com/home/apt/items/49733492
2026-08-08 04:59:08,빌라투룸,49772161,월세,04,대구시 달서구 용산동,달서구,용산동,300,25,0,51.89,15.7,3,"깔끔수리ㅡ방2,주방ㅡ실물Goodㅡ주차Good",https://www.zigbang.com/home/apt/items/49772161
2026-08-08 04:59:08,빌라투룸,49900923,월세,04,대구시 달서구 용산동,달서구,용산동,300,25,0,59.5,18.0,1,"NEW리모델링투룸 I 방2개, 거실겸주방1개 I 빨리",https://www.zigbang.com/home/apt/items/49900923
2026-08-08 04:59:08,빌라투룸,49906390,월세,04,대구시 달서구 용산동,달서구,용산동,300,28,0,40,12.1,2,"투룸ㅣ양방주차,주차가능ㅣ가성비끝판왕ㅣ사이즈大ㅣ풀옵션ㅣ빨리",https://www.zigbang.com/home/apt/items/49906390
2026-08-08 04:59:08,빌라투룸,49943063,월세,04,대구시 달서구 용산동,달서구,용산동,200,22,0,59.5,18.0,3,용산파크아파트옆 투룸 저렴하고 좋은방  즉시입주가능,https://www.zigbang.com/home/apt/items/49943063
2026-08-08 04:59:08,빌라투룸,49953113,월세,04,대구시 달서구 용산동,달서구,용산동,100,20,0,43.5,13.16,1,ll 용산동 가성비 최고투룸 ll 빵빵한옵션 몸만들어오세요,https://www.zigbang.com/home/apt/items/49953113
2026-08-08 04:59:08,빌라투룸,49956795,월세,04,대구시 달서구 용산동,달서구,용산동,100,20,0,47.9,14.49,1,"NEW 보100ㅣ올수리투룸,화이트톤ㅣ옵션빵빵ㅣ빨리",https://www.zigbang.com/home/apt/items/49956795
2026-08-08 04:59:08,빌라투룸,49964181,월세,04,대구시 달서구 용산동,달서구,용산동,500,37,0,62.81,19.0,2,"주차Good,방大2,거실大ㅡ깨끗하고 좋은집",https://www.zigbang.com/home/apt/items/49964181
2026-08-08 04:59:08,빌라투룸,49952195,월세,05,대구시 동구 불로동,동구,불로동,2000,45,0,56.6,17.12,1,"리모델링 단층주택. 방3,거실. 에어컨3대. 냉장고. 옷장",https://www.zigbang.com/home/apt/items/49952195
2026-08-08 04:59:08,빌라투룸,49955868,월세,05,대구시 동구 도동,동구,도동,500,40,0,76.51,23.14,반지하,"올리모델링 빌라. 방3칸,거실1,베란다大. 주차편리. 공실",https://www.zigbang.com/home/apt/items/49955868
2026-08-08 04:59:08,빌라투룸,49706824,월세,04,대구시 북구 학정동,북구,학정동,3000,71,0,48,14.52,2,V건조기까지 있는 신축 투룸V 학정동 인기 매물,https://www.zigbang.com/home/apt/items/49706824
2026-08-08 04:59:08,빌라투룸,49899940,월세,04,대구시 북구 학정동,북구,학정동,500,50,0,59.5,18.0,3,"경대 인근, 옵션있는 정투룸 거실형,방2,인기방 선점필수",https://www.zigbang.com/home/apt/items/49899940
2026-08-08 04:59:08,빌라투룸,49906564,월세,04,대구시 북구 학정동,북구,학정동,500,45,0,48,14.52,3,"경대인근,최가성비 넓은투룸,방2,에어컨2,주차완벽",https://www.zigbang.com/home/apt/items/49906564
2026-08-08 04:59:08,빌라투룸,49932210,월세,05,대구시 북구 학정동,북구,학정동,2000,70,0,100,30.25,4,ꯁ 허위ZERO ꯁ 특급매물 ꯁ 방3욕실2 ꯁ 옥상단독 ꯁ,https://www.zigbang.com/home/apt/items/49932210
2026-08-08 04:59:09,빌라투룸,49753789,월세,04,경상북도 구미시 신평동,구미시,신평동,400,35,0,60,18.15,4,투룸V트여있는 전망V채광 좋아요V즉시입주 가능V,https://www.zigbang.com/home/apt/items/49753789
2026-08-08 04:59:09,빌라투룸,49753845,월세,04,경상북도 구미시 신평동,구미시,신평동,300,40,0,55,16.64,4,투룸V리모델링V신축화V풀옵션V채광 좋아요V,https://www.zigbang.com/home/apt/items/49753845
2026-08-08 04:59:09,빌라투룸,49834018,월세,04,경상북도 구미시 비산동,구미시,비산동,500,40,0,60,18.15,2,1공단인접ㅣ강변아파트인근ㅣ준신축투룸,https://www.zigbang.com/home/apt/items/49834018
2026-08-08 04:59:09,빌라투룸,49834040,월세,04,경상북도 구미시 비산동,구미시,비산동,300,20,0,50,15.12,4,전원리빙필인근ㅣ투룸,https://www.zigbang.com/home/apt/items/49834040
2026-08-08 04:59:09,빌라투룸,49834112,월세,04,경상북도 구미시 비산동,구미시,비산동,500,35,0,60,18.15,4,테라스ㅣ남향 투룸ㅣ에어컨2대ㅣ채광 좋음,https://www.zigbang.com/home/apt/items/49834112
2026-08-08 04:59:09,빌라투룸,49837822,월세,04,경상북도 구미시 신평동,구미시,신평동,400,38,0,50,15.12,4,ㅣPLUSㅣ투룸V풀옵션 구비V남향V채광 굿V넓은 거실V,https://www.zigbang.com/home/apt/items/49837822
2026-08-08 04:59:09,빌라투룸,49859780,월세,05,경상북도 구미시 임은동,구미시,임은동,1000,50,0,80,24.2,4,임은동 쓰리룸 에어컨넣으드림,https://www.zigbang.com/home/apt/items/49859780
2026-08-08 04:59:09,빌라투룸,49874321,월세,04,경상북도 구미시 비산동,구미시,비산동,200,20,0,50.06,15.14,4,저렴하고깔끔한투룸 각종인프라이용편리,https://www.zigbang.com/home/apt/items/49874321
2026-08-08 04:59:09,빌라투룸,49916564,월세,04,경상북도 구미시 임은동,구미시,임은동,1000,40,0,66.12,20.0,2,ㅣ가성비 리모델링  정투룸ㅣ공단초입구ㅣ깔끔심플ㅣ,https://www.zigbang.com/home/apt/items/49916564
2026-08-08 04:59:09,빌라투룸,49916834,월세,04,경상북도 구미시 광평동,구미시,광평동,500,45,0,50,15.12,3,ㄴWOWㄱ대형마트인접ㅣ준신축 깔끔 풀옵션ㅣ공단출퇴근편리,https://www.zigbang.com/home/apt/items/49916834
2026-08-08 04:59:09,빌라투룸,49953776,전세,04,경상북도 구미시 비산동,구미시,비산동,7000,0,0,66.12,20.0,3,"LH 투룸 즉시입주ㅣ건조기,스스템행거,양문형냉장고",https://www.zigbang.com/home/apt/items/49953776
2026-08-08 04:59:09,빌라투룸,49966801,월세,04,경상북도 구미시 비산동,구미시,비산동,1000,45,0,66.12,20.0,3,"남향 신축 투룸v에어컨2대,건조기,시스템옷장",https://www.zigbang.com/home/apt/items/49966801
2026-08-08 04:59:09,빌라투룸,49979409,월세,04,경상북도 구미시 비산동,구미시,비산동,1000,45,0,68,20.57,3,"0남향,시스템행거,건조기0",https://www.zigbang.com/home/apt/items/49979409
2026-08-08 04:59:09,빌라투룸,49982021,월세,04,경상북도 구미시 비산동,구미시,비산동,1000,45,0,60,18.15,3,정투룸V남향ㅣ채광 굿V풀옵션V리모델링V,https://www.zigbang.com/home/apt/items/49982021
2026-08-08 04:59:10,빌라투룸,49791522,월세,04,경상북도 구미시 신평동,구미시,신평동,500,40,0,50,15.12,2,ㄴWOWㄱ풀옵션 투룸ㅣ신평 사거리ㅣ넓은 구조ㅣ주차편리,https://www.zigbang.com/home/apt/items/49791522
2026-08-08 04:59:10,빌라투룸,49817961,월세,04,경상북도 구미시 원평동,구미시,원평동,500,35,0,60,18.15,4,깔끔한 투룸ㅣ에어컨2대ㅣ선산이동 용이ㅣ구미시청ㅣ터미널,https://www.zigbang.com/home/apt/items/49817961
2026-08-08 04:59:10,빌라투룸,49837070,월세,04,경상북도 구미시 신평동,구미시,신평동,500,45,0,66.12,20.0,2,"첫입주 신축 투룸ㅣ건조기,에어컨2대,양문형냉장고",https://www.zigbang.com/home/apt/items/49837070
2026-08-08 04:59:10,빌라투룸,49838373,월세,04,경상북도 구미시 원평동,구미시,원평동,300,38,0,50,15.12,4,ㄴWOWㄱ풀옵션 투룸ㅣ구미역 인접ㅣ주차 차단기,https://www.zigbang.com/home/apt/items/49838373
2026-08-08 04:59:10,빌라투룸,49867698,월세,04,경상북도 구미시 원평동,구미시,원평동,300,38,0,45,13.61,2,깜끔한 투룸ㅣ풀옵션ㅣ옷장ㅣ터미널ㅣ구미시청ㅣ문성 이동용이,https://www.zigbang.com/home/apt/items/49867698
2026-08-08 04:59:10,빌라투룸,49870120,월세,04,경상북도 구미시 신평동,구미시,신평동,500,45,0,66,19.96,2,"리모델링투룸 건조기,양문형냉장고",https://www.zigbang.com/home/apt/items/49870120
2026-08-08 04:59:10,빌라투룸,49879946,월세,04,경상북도 구미시 원평동,구미시,원평동,500,45,0,66,19.96,2,구미역 도보5분 준신축투룸 풀옵션,https://www.zigbang.com/home/apt/items/49879946
2026-08-08 04:59:10,빌라투룸,49880194,월세,04,경상북도 구미시 도량동,구미시,도량동,200,35,0,66,19.96,3,도량동 넓은 투룸 풀옵션,https://www.zigbang.com/home/apt/items/49880194
2026-08-08 04:59:10,빌라투룸,49882770,월세,04,경상북도 구미시 신평동,구미시,신평동,500,45,0,60,18.15,2,리모델링 풀옵션 투룸ㅣ지산체육공원ㅣ넥스원ㅣ 한화ㅣ신평시장,https://www.zigbang.com/home/apt/items/49882770
2026-08-08 04:59:10,빌라투룸,49882777,월세,04,경상북도 구미시 신평동,구미시,신평동,500,45,0,60,18.15,2,투룸V리모델링V폴옵션V붙박이장V채광 굿V,https://www.zigbang.com/home/apt/items/49882777
2026-08-08 04:59:10,빌라투룸,49908569,월세,04,경상북도 구미시 원평동,구미시,원평동,500,40,0,67,20.27,4,구미역 바로뒤 준신축 투룸 풀옵션 에어컨2대,https://www.zigbang.com/home/apt/items/49908569
2026-08-08 04:59:10,빌라투룸,49913391,월세,04,경상북도 구미시 신평동,구미시,신평동,1000,45,0,60,18.15,4,V투룸V옵션 구비V넓은 거실V트여있는 전망V,https://www.zigbang.com/home/apt/items/49913391
2026-08-08 04:59:10,빌라투룸,49984285,월세,04,경상북도 구미시 원평동,구미시,원평동,500,45,0,60,18.15,2,ㅣPLUSㅣ투룸구미역 인접풀옵션,https://www.zigbang.com/home/apt/items/49984285
2026-08-08 04:59:10,빌라투룸,49984338,월세,04,경상북도 구미시 원평동,구미시,원평동,500,45,0,60,18.15,2,투룸V리모델링V붙박이장V터미널 인접V,https://www.zigbang.com/home/apt/items/49984338
2026-08-08 04:59:10,빌라투룸,49725121,월세,04,경상북도 구미시 옥계동,구미시,옥계동,500,40,0,50,15.12,2,ㅁ큰도로 인근 정남향 햇살가득 방도 위치도 기가막힌 투룸ㅁ,https://www.zigbang.com/home/apt/items/49725121
2026-08-08 04:59:10,빌라투룸,49810583,월세,04,경상북도 구미시 산동읍 봉산리,구미시,산동읍,500,45,0,60,18.15,4,ㅁ큰도로 인근 찾기힘든 정남향 기운좋은 깔끔한 투룸ㅁ,https://www.zigbang.com/home/apt/items/49810583
2026-08-08 04:59:10,빌라투룸,49810595,월세,05,경상북도 구미시 옥계동,구미시,옥계동,1000,60,0,60,18.15,4,ㅁ동사무소 인근 저렴하고 깔끔한 쓰리룸 선착순ㅁ,https://www.zigbang.com/home/apt/items/49810595
2026-08-08 04:59:10,빌라투룸,49910265,월세,04,경상북도 구미시 옥계동,구미시,옥계동,500,45,0,59.5,18.0,4,옥계동 에2 대왕베란다 리모델링 풀옵션 투룸,https://www.zigbang.com/home/apt/items/49910265
2026-08-08 04:59:10,빌라투룸,49950612,월세,04,경상북도 구미시 옥계동,구미시,옥계동,300,25,0,52.89,16.0,2,양포초앞 풀옵션  갓성비 투룸,https://www.zigbang.com/home/apt/items/49950612
2026-08-08 04:59:18,빌라투룸,49772775,월세,04,대구시 동구 동호동,동구,동호동,500,34,0,39.87,12.06,3,ꖛ통창투룸 ꖛ엘베 ꖛ치안확실 ꖛ풀옵션 ꖛ인기매물,https://www.zigbang.com/home/apt/items/49772775
2026-08-08 04:59:18,빌라투룸,49827886,월세,04,대구시 동구 각산동,동구,각산동,1000,40,0,45,13.61,2,"새론중학교삼거리 저렴한남향투룸,청소완료즉시입주",https://www.zigbang.com/home/apt/items/49827886
2026-08-08 04:59:18,빌라투룸,49860658,월세,04,대구시 동구 각산동,동구,각산동,500,45,0,49.59,15.0,2,ㅇ물빛서원 3분ㅇ비나리공원 1분ㅇ주차편리ㅇ,https://www.zigbang.com/home/apt/items/49860658
2026-08-08 04:59:18,빌라투룸,49860676,월세,05,대구시 동구 신서동,동구,신서동,1000,55,0,59.5,18.0,2,ㅇ부동산원 1분ㅇ방3욕실2ㅇ가성비ㅇ마운틴뷰ㅇ,https://www.zigbang.com/home/apt/items/49860676
2026-08-08 04:59:18,빌라투룸,49893792,전세,04,대구시 동구 신서동,동구,신서동,8000,0,0,49.59,15.0,2,"신보옆 아주넓은융자없는 LH 가능한전세,월세가능.가성비좋음",https://www.zigbang.com/home/apt/items/49893792
2026-08-08 04:59:18,빌라투룸,49896084,월세,04,대구시 동구 신서동,동구,신서동,500,50,0,45,13.61,2,"혁신도시 공기관가장근접한 방2 깔끔한투룸,즉시입주,청소완비",https://www.zigbang.com/home/apt/items/49896084
2026-08-08 04:59:18,빌라투룸,49932923,월세,04,대구시 동구 신서동,동구,신서동,500,45,0,49.6,15.0,2,ㅇ건조기 옵션ㅇ방2거실1ㅇ부동산원 3분ㅇ,https://www.zigbang.com/home/apt/items/49932923
2026-08-08 04:59:18,빌라투룸,49982529,월세,04,대구시 동구 각산동,동구,각산동,500,45,0,45,13.61,2,혁신도시 초래봉입구 즉시입주가능 투룸.햇볕잘드는남향,https://www.zigbang.com/home/apt/items/49982529
2026-08-08 04:59:18,빌라투룸,49982556,전세,05,대구시 동구 신서동,동구,신서동,12000,0,0,99.17,30.0,3,"LH 전세가능한 융자없는 혁신도시주인세대,즉시입주가.월세가",https://www.zigbang.com/home/apt/items/49982556
2026-08-08 04:59:18,빌라투룸,49724669,월세,04,대구시 동구 율하동,동구,율하동,300,30,0,35.08,10.61,2,HOT . 율하역3분 . 깔끔한투룸 . 가성비굳,https://www.zigbang.com/home/apt/items/49724669
2026-08-08 04:59:18,빌라투룸,49748364,전세,05,대구시 동구 율하동,동구,율하동,16000,0,0,95.7,28.95,4,ㅇ주인세대ㅇ방3욕실2ㅇ남향ㅇ대출없는 집ㅇ,https://www.zigbang.com/home/apt/items/49748364
2026-08-08 04:59:18,빌라투룸,49800003,월세,04,대구시 동구 서호동,동구,서호동,300,35,0,45,13.61,2,HOT . 반야월역 . 도보2분 . 화이트톤 . 깔끔한집,https://www.zigbang.com/home/apt/items/49800003
2026-08-08 04:59:18,빌라투룸,49829501,월세,04,대구시 동구 서호동,동구,서호동,300,38,0,28.16,8.52,3,.거실1방1 서호신축투룸.200프로실매물.채광우수 구조굿.,https://www.zigbang.com/home/apt/items/49829501
2026-08-08 04:59:18,빌라투룸,49860648,월세,04,대구시 동구 율하동,동구,율하동,300,35,0,42.9,12.98,3,"ㅇ방2,주방1ㅇ주차편리ㅇ가성비ㅇ즉시입주가능ㅇ",https://www.zigbang.com/home/apt/items/49860648
2026-08-08 04:59:18,빌라투룸,49860668,월세,05,대구시 동구 동호동,동구,동호동,2000,60,0,78.23,23.66,4,ㅇ방3욕실2ㅇ복층 주인세대ㅇ반야월역 인근ㅇ,https://www.zigbang.com/home/apt/items/49860668
2026-08-08 04:59:18,빌라투룸,49886844,월세,04,대구시 동구 동호동,동구,동호동,300,28,0,33.11,10.02,4,ㅇ수리완료ㅇ방2주방1ㅇ햇빛잘들어오는집ㅇ,https://www.zigbang.com/home/apt/items/49886844
2026-08-08 04:59:18,빌라투룸,49909024,월세,05,대구시 동구 신기동,동구,신기동,500,30,0,60,18.15,3,HOT . 신기동 쓰리룸 . 풀옵션 . 애견 가능,https://www.zigbang.com/home/apt/items/49909024
2026-08-08 04:59:18,빌라투룸,49914100,월세,04,대구시 동구 서호동,동구,서호동,2000,40,0,44.98,13.61,4,"방2거1, 동물협의, 22년식 햇살 좋은 집.",https://www.zigbang.com/home/apt/items/49914100
2026-08-08 04:59:18,빌라투룸,49917646,월세,05,대구시 동구 신평동,동구,신평동,2000,50,0,59.8,18.09,1,"올리모델링. 1가구만 거주. 에어컨有. 방3칸,거실.",https://www.zigbang.com/home/apt/items/49917646
2026-08-08 04:59:18,빌라투룸,49939461,월세,05,대구시 동구 율하동,동구,율하동,1000,40,0,47.47,14.36,3,o올리모델링o첫입주o화이트톤o대박깔끔한집,https://www.zigbang.com/home/apt/items/49939461
2026-08-08 04:59:18,빌라투룸,49939644,월세,05,대구시 동구 동호동,동구,동호동,2000,60,0,84,25.41,4,o나왔다복층주인세대o즉시입주가능o반야월역3분거리o,https://www.zigbang.com/home/apt/items/49939644
2026-08-08 04:59:18,빌라투룸,49958249,월세,04,대구시 동구 율하동,동구,율하동,500,50,0,50,15.12,3,o올리모델링o지하철1분거리o정투룸,https://www.zigbang.com/home/apt/items/49958249
2026-08-08 04:59:18,빌라투룸,49977958,월세,04,대구시 동구 율하동,동구,율하동,500,35,0,23.62,7.15,3,.거실1방1 율하신축투룸.200프로 실매물.붙박이장 엘베.,https://www.zigbang.com/home/apt/items/49977958
2026-08-08 04:59:18,빌라투룸,49697429,월세,04,경상북도 경산시 진량읍 신상리,경산시,진량읍,200,35,0,46,13.91,2,소개비무 편리한 집 투룸,https://www.zigbang.com/home/apt/items/49697429
2026-08-08 04:59:18,빌라투룸,49718810,월세,04,경상북도 경산시 진량읍 신상리,경산시,진량읍,300,43,0,52.89,16.0,3,가성비 좋은 쓰리룸 가격 조정 가능,https://www.zigbang.com/home/apt/items/49718810
2026-08-08 04:59:18,빌라투룸,49797775,월세,04,경상북도 경산시 진량읍 신상리,경산시,진량읍,300,45,0,48,14.52,3,소개비무 조용한집 깨끗한집 여성분살기 좋은집 풀옵션,https://www.zigbang.com/home/apt/items/49797775
2026-08-08 04:59:18,빌라투룸,49837913,월세,04,경상북도 경산시 진량읍 신상리,경산시,진량읍,200,30,0,42.1,12.74,2,최저가 투룸입니다,https://www.zigbang.com/home/apt/items/49837913
2026-08-08 04:59:18,빌라투룸,49865476,월세,04,경상북도 경산시 진량읍 신상리,경산시,진량읍,200,33,0,48.9,14.79,2,넓은 화장실 넓은 방 투룸,https://www.zigbang.com/home/apt/items/49865476
2026-08-08 04:59:18,빌라투룸,49869609,월세,04,경상북도 경산시 진량읍 신상리,경산시,진량읍,200,33,0,46,13.91,4,소개비 무 싼 투룸  주위주차할때는 많은집,https://www.zigbang.com/home/apt/items/49869609
2026-08-08 04:59:18,빌라투룸,49906305,월세,04,경상북도 경산시 진량읍 신상리,경산시,진량읍,100,29,0,35,10.59,4,깔끔한 최저가 투룸,https://www.zigbang.com/home/apt/items/49906305
2026-08-08 04:59:18,빌라투룸,49906364,월세,04,경상북도 경산시 진량읍 신상리,경산시,진량읍,200,30,0,35,10.59,3,베란다 주방 분리 방이 큰 투룸,https://www.zigbang.com/home/apt/items/49906364
2026-08-08 04:59:18,빌라투룸,49931593,월세,05,경상북도 경산시 하양읍 금락리,경산시,하양읍,1000,80,0,82.8,25.05,4,하양역 도보 8분내 쓰리룸 주인세대 하나로마트 인접,https://www.zigbang.com/home/apt/items/49931593
2026-08-08 04:59:24,빌라투룸,49780879,월세,04,경상북도 포항시 북구 동빈1가,포항시 북구,동빈1가,500,50,0,61,18.45,2,준신축 엘리베이터 정투룸T,https://www.zigbang.com/home/apt/items/49780879
2026-08-08 04:59:24,빌라투룸,49796997,월세,04,경상북도 포항시 북구 대신동,포항시 북구,대신동,300,35,0,68,20.57,4,22평 옵션있는 정투룸T,https://www.zigbang.com/home/apt/items/49796997
2026-08-08 04:59:24,빌라투룸,49860995,월세,05,경상북도 포항시 북구 동빈1가,포항시 북구,동빈1가,2000,65,0,90,27.22,4,롯데백화점 인근 주인세대,https://www.zigbang.com/home/apt/items/49860995
2026-08-08 04:59:24,빌라투룸,49880306,월세,04,경상북도 포항시 북구 동빈2가,포항시 북구,동빈2가,300,40,0,57,17.24,2,가성비 좋은 옵션 정투룸T,https://www.zigbang.com/home/apt/items/49880306
2026-08-08 04:59:24,빌라투룸,49906784,월세,04,경상북도 포항시 북구 여천동,포항시 북구,여천동,500,41,0,64.7,19.57,4,육거리 cgv영화관 부근 옵션있는 정투룸,https://www.zigbang.com/home/apt/items/49906784
2026-08-08 04:59:24,빌라투룸,49920466,월세,04,경상북도 포항시 북구 동빈2가,포항시 북구,동빈2가,300,40,0,59.5,18.0,2,퓰옵션 투룸.육거리..북구CGV.포은도서관부근,https://www.zigbang.com/home/apt/items/49920466
2026-08-08 04:59:24,빌라투룸,49924444,월세,04,경상북도 포항시 북구 학산동,포항시 북구,학산동,500,43,0,50,15.12,4,롯데백화점인근 풀옵션 정투룸 북부해수욕장,https://www.zigbang.com/home/apt/items/49924444
2026-08-08 04:59:24,빌라투룸,49924587,월세,04,경상북도 포항시 북구 덕수동,포항시 북구,덕수동,500,45,0,50,15.12,2,세무소인근 냉장고 세탁기 옵션있는 정투룸,https://www.zigbang.com/home/apt/items/49924587
2026-08-08 04:59:24,빌라투룸,49931955,월세,04,경상북도 포항시 북구 동빈1가,포항시 북구,동빈1가,500,50,0,59.5,18.0,3,엘리베이터 건물  동빈동 북구청부근   투룸,https://www.zigbang.com/home/apt/items/49931955
2026-08-08 04:59:24,빌라투룸,49931962,월세,04,경상북도 포항시 북구 대신동,포항시 북구,대신동,500,50,0,62.81,19.0,3,롯데백화점  선린병원 인근 위치 좋은 투룸 입니다.,https://www.zigbang.com/home/apt/items/49931962
2026-08-08 05:00:18,빌라투룸,49658132,월세,04,충청남도 서산시 읍내동,서산시,읍내동,1000,55,0,63.2,19.12,2,문화회관인근 넓은 투룸 협의입주,https://www.zigbang.com/home/apt/items/49658132
2026-08-08 05:00:18,빌라투룸,49953654,월세,05,충청남도 서산시 읍내동,서산시,읍내동,1000,45,0,65,19.66,3,문화회관인근 깔끔한 쓰리룸 즉시입주가능,https://www.zigbang.com/home/apt/items/49953654
2026-08-08 05:00:18,빌라투룸,49971530,월세,04,충청남도 서산시 동문동,서산시,동문동,1000,30,0,49.59,15.0,4,조용한 주택가에 상태양호한 풀옵션 미니 투룸,https://www.zigbang.com/home/apt/items/49971530
2026-08-08 05:00:44,빌라투룸,49768842,월세,04,인천시 영종구 운남동,영종구,운남동,500,60,0,46.28,14.0,2,거실넓고 해잘드는 투룸,https://www.zigbang.com/home/apt/items/49768842
2026-08-08 05:00:44,빌라투룸,49802335,월세,04,인천시 영종구 운남동,영종구,운남동,3000,40,0,40,12.1,2,ㅡluckyㅡ 거실 넓고 구조좋은 투룸 저렴한 월세,https://www.zigbang.com/home/apt/items/49802335
2026-08-08 05:00:44,빌라투룸,49840869,월세,04,인천시 영종구 운남동,영종구,운남동,2000,65,0,50,15.12,2,단독야외테라스 멋진 쾌적한 투룸,https://www.zigbang.com/home/apt/items/49840869
2026-08-08 05:00:44,빌라투룸,49842982,월세,04,인천시 영종구 운남동,영종구,운남동,2000,65,0,47,14.22,2,개인테라스 남향 투룸 좋다,https://www.zigbang.com/home/apt/items/49842982
2026-08-08 05:00:44,빌라투룸,49848172,월세,05,인천시 영종구 운남동,영종구,운남동,2000,72,0,52.89,16.0,1,ㅡlcukyㅡ 신축 완전 저렴 3룸,https://www.zigbang.com/home/apt/items/49848172
2026-08-08 05:00:44,빌라투룸,49895894,월세,04,인천시 영종구 운남동,영종구,운남동,2000,65,0,45,13.61,2,ㅡluckyㅡ 단독 테라스가 있는 넓은 투룸,https://www.zigbang.com/home/apt/items/49895894
2026-08-08 05:00:44,빌라투룸,49958580,월세,04,인천시 영종구 운남동,영종구,운남동,500,65,0,49.59,15.0,4,위치 좋고 거실 있는 엄청 큰 투룸,https://www.zigbang.com/home/apt/items/49958580
2026-08-08 05:00:44,빌라투룸,49958602,월세,04,인천시 영종구 운남동,영종구,운남동,500,65,0,42.98,13.0,4,영종도 대박사이즈즉시입주가능혼자 딱좋아요,https://www.zigbang.com/home/apt/items/49958602
2026-08-08 05:00:44,빌라투룸,49966398,월세,04,인천시 영종구 운남동,영종구,운남동,500,67,0,45,13.61,3,ㅡluckyㅡ 완전 SS급 큰사이즈 투룸,https://www.zigbang.com/home/apt/items/49966398
2026-08-08 05:00:44,빌라투룸,49975905,월세,05,인천시 영종구 운남동,영종구,운남동,100,100,0,66.12,20.0,4,ㅡluckyㅡ 단독테라스 고급스러운 주인세대 월세,https://www.zigbang.com/home/apt/items/49975905
2026-08-08 05:01:42,빌라투룸,49765165,월세,04,충청남도 당진시 신평면 금천리,당진시,신평면,500,54,0,39.6,11.98,4,신평 귀한 투룸 월세 옵션 좋은 집,https://www.zigbang.com/home/apt/items/49765165
2026-08-08 05:01:44,빌라투룸,49711648,월세,04,충청남도 아산시 온천동,아산시,온천동,1000,65,0,59.5,18.0,2,lll시청부근 신축급 엘베 투룸 거실넓음llll,https://www.zigbang.com/home/apt/items/49711648
2026-08-08 05:01:44,빌라투룸,49784899,월세,04,충청남도 아산시 온천동,아산시,온천동,500,38,0,60,18.15,3,• Check In • 투룸 • 화이트톤 • 풀옵션 •,https://www.zigbang.com/home/apt/items/49784899
2026-08-08 05:01:44,빌라투룸,49784938,월세,04,충청남도 아산시 온천동,아산시,온천동,1000,55,0,56.2,17.0,3,ꗟꗟ 중문 있는 신축투룸 ꗟꗟ온천천view ꗟꗟ,https://www.zigbang.com/home/apt/items/49784938
2026-08-08 05:01:44,빌라투룸,49917407,월세,04,충청남도 아산시 온천동,아산시,온천동,500,38,0,50,15.12,3,OOO가성비 투룸 넓은 베란다OOO,https://www.zigbang.com/home/apt/items/49917407
2026-08-08 05:01:44,빌라투룸,49927419,월세,04,충청남도 아산시 온천동,아산시,온천동,500,38,0,55,16.64,4,ㅁㅁ 시청인근 최저가 ㅁㅁ,https://www.zigbang.com/home/apt/items/49927419
2026-08-08 05:01:44,빌라투룸,49933647,월세,05,충청남도 아산시 온천동,아산시,온천동,1000,105,0,110,33.27,4,ꗇ최신축 테라스 주인세대 인기매물ꗇ,https://www.zigbang.com/home/apt/items/49933647
2026-08-08 05:01:44,빌라투룸,49947865,월세,05,충청남도 아산시 온천동,아산시,온천동,1000,105,0,110,33.27,4,ꔪꔪ 신축테라스 쓰리룸 ꔪꔪ 고급진ST 반함주의 ꔪꔪ,https://www.zigbang.com/home/apt/items/49947865
2026-08-08 05:01:44,빌라투룸,49947941,월세,05,충청남도 아산시 온천동,아산시,온천동,1000,105,0,110,33.27,4,ꔪꔪ 테라스신축 주인세대 ꔪꔪ 귀한매물 ꔪꔪ 빠른선점요망,https://www.zigbang.com/home/apt/items/49947941
2026-08-08 05:01:44,빌라투룸,49698119,월세,04,충청남도 아산시 탕정면 갈산리,아산시,탕정면,500,75,0,49.59,15.0,3,ㅇ탕정삼성ㅇ선문대서문ㅇ풀옵션ㅇ큰투룸ㅇ화장실2ㅇ주차장ㅇ엘베,https://www.zigbang.com/home/apt/items/49698119
2026-08-08 05:01:44,빌라투룸,49765921,월세,04,충청남도 아산시 탕정면 명암리,아산시,탕정면,500,65,0,60,18.15,2,ꔚꔣ 삼성디스플레이 투룸 풀옵션 ꔚꔣ,https://www.zigbang.com/home/apt/items/49765921
2026-08-08 05:01:44,빌라투룸,49809202,월세,05,충청남도 아산시 탕정면 갈산리,아산시,탕정면,1000,75,0,56.19,17.0,4,ㅇ탕정삼성ㅇ선문대서문ㅇ복층3룸ㅇ방3화2ㅇ풀옵션ㅇ주차장ㅇ엘베,https://www.zigbang.com/home/apt/items/49809202
2026-08-08 05:01:44,빌라투룸,49809282,월세,04,충청남도 아산시 탕정면 갈산리,아산시,탕정면,500,50,0,46.28,14.0,4,ㅇ탕정삼성ㅇ선문대3분거리ㅇ깨끗투룸ㅇ풀옵션ㅇ주차장ㅇ엘베ㅇ,https://www.zigbang.com/home/apt/items/49809282
2026-08-08 05:01:44,빌라투룸,49980559,월세,06,충청남도 아산시 탕정면 호산리,아산시,탕정면,3000,95,0,132.23,40.0,4,ㅇ탕정삼성ㅇ선문대ㅇ복층주인세대월세ㅇ방4 화3ㅇ즉시입주ㅇ,https://www.zigbang.com/home/apt/items/49980559
2026-08-08 05:01:45,빌라투룸,49845100,월세,04,충청남도 아산시 둔포면 관대리,아산시,둔포면,200,41,0,33.06,10.0,3,"저렴한 투룸, 풀도배완료,즉시입주가능,엘레베이터",https://www.zigbang.com/home/apt/items/49845100
2026-08-08 05:01:45,빌라투룸,49846640,월세,04,충청남도 아산시 둔포면 관대리,아산시,둔포면,300,41,0,26.45,8.0,3,관대리 퍼스트 타운  원룸 단지 가성비 좋은  투룸,https://www.zigbang.com/home/apt/items/49846640
2026-08-08 05:01:45,빌라투룸,49898332,전세,04,충청남도 아산시 둔포면 신항리,아산시,둔포면,5000,0,0,33,9.98,3,"투룸전세, 융자최소로 있음, 평택미군기지15분거리 입니다.",https://www.zigbang.com/home/apt/items/49898332
2026-08-08 05:01:45,빌라투룸,49905808,전세,04,충청남도 아산시 둔포면 관대리,아산시,둔포면,5000,0,0,42.98,13.0,2,전세자금대출가능 평택까지 15분거리,https://www.zigbang.com/home/apt/items/49905808
2026-08-08 05:01:45,빌라투룸,49909088,월세,04,충청남도 아산시 둔포면 관대리,아산시,둔포면,300,39,0,42.98,13.0,4,관대리 투룸월세.  평택15분거리 입니다.,https://www.zigbang.com/home/apt/items/49909088
2026-08-08 05:01:45,빌라투룸,49909105,월세,04,충청남도 아산시 둔포면 관대리,아산시,둔포면,300,39,0,42.97,13.0,4,융자없는 관대리 투룸. 평택 20분거리. 교통편리합니다.,https://www.zigbang.com/home/apt/items/49909105
2026-08-08 05:01:45,빌라투룸,49909191,월세,04,충청남도 아산시 둔포면 신항리,아산시,둔포면,300,39,0,33.05,10.0,2,융자없는 투룸 월세 퍼스트아울렛 5분거리 입니다.,https://www.zigbang.com/home/apt/items/49909191
2026-08-08 05:01:45,빌라투룸,49936513,월세,04,충청남도 아산시 둔포면 신항리,아산시,둔포면,300,39,0,36.55,11.06,3,"깔끔투룸 l SFA회사 인근 신항리 2R,투룸 월세 l",https://www.zigbang.com/home/apt/items/49936513
2026-08-08 05:01:45,빌라투룸,49953110,월세,04,충청남도 아산시 음봉면 신휴리,아산시,음봉면,400,56,0,33,9.98,3,ll 2R ll 남동향 신축 투룸 나왔습니다 보구가세요,https://www.zigbang.com/home/apt/items/49953110
2026-08-08 05:01:45,빌라투룸,49906108,월세,04,충청남도 천안시 동남구 목천읍 신계리,천안시 동남구,목천읍,500,60,0,55.8,16.88,2,신도1차APT근처 투룸 빌라 옵션X,https://www.zigbang.com/home/apt/items/49906108
2026-08-08 05:01:46,빌라투룸,49669964,월세,05,충청남도 천안시 동남구 북면 연춘리,천안시 동남구,북면,1000,57,0,70,21.17,4,lll 신축급 거실 큰 3룸 lll 아파트형 화장실 2개,https://www.zigbang.com/home/apt/items/49669964
2026-08-08 05:01:46,빌라투룸,49907436,월세,05,충청남도 천안시 동남구 북면 연춘리,천안시 동남구,북면,1000,60,0,59.83,18.1,3,JH 신축아파트 스타일 쓰리룸 쾌적하고 조용한 환경 JH,https://www.zigbang.com/home/apt/items/49907436
2026-08-08 05:01:46,빌라투룸,49933999,월세,05,충청남도 천안시 동남구 북면 연춘리,천안시 동남구,북면,1000,56,0,59.8,18.09,3,I I I   애완가능 신축 쓰리룸 주목   I I I,https://www.zigbang.com/home/apt/items/49933999
2026-08-08 05:01:46,빌라투룸,49934156,월세,05,충청남도 천안시 동남구 북면 연춘리,천안시 동남구,북면,1000,56,0,59.8,18.09,3,I I I   애완가능 신축 쓰리룸 주목   I I I,https://www.zigbang.com/home/apt/items/49934156
2026-08-08 05:01:46,빌라투룸,49937791,월세,04,충청남도 천안시 서북구 성환읍 매주리,천안시 서북구,성환읍,500,72,0,59.5,18.0,3,성환역 가까운 거실넓은 화이으톤 투룸 정남향 입니다.,https://www.zigbang.com/home/apt/items/49937791
2026-08-08 05:01:46,빌라투룸,49962041,월세,05,충청남도 천안시 서북구 성환읍 성월리,천안시 서북구,성환읍,2000,90,0,82.64,25.0,5,성환 귀한 쓰리룸  거실 넓고  방 넓고 좋아요,https://www.zigbang.com/home/apt/items/49962041
2026-08-08 05:01:46,빌라투룸,49537163,전세,04,충청남도 천안시 동남구 안서동,천안시 동남구,안서동,10000,0,0,50,15.12,3,신축 큰 투룸ㅣ방과 거실에 에어컨 구비ㅣ햇살가득한 남향,https://www.zigbang.com/home/apt/items/49537163
2026-08-08 05:01:46,빌라투룸,49899495,월세,05,충청남도 천안시 동남구 안서동,천안시 동남구,안서동,2000,100,0,70,21.17,4,"호서대인근 최고급 쓰리룸,주인세대, 사진 보세요",https://www.zigbang.com/home/apt/items/49899495
2026-08-08 05:01:46,빌라투룸,49899591,월세,04,충청남도 천안시 동남구 안서동,천안시 동남구,안서동,1000,52,0,50,15.12,3,"2명쉐어딱 좋아요,방2,세탁기2,화장실2,베란다2,에어컨2",https://www.zigbang.com/home/apt/items/49899591
2026-08-08 05:01:46,빌라투룸,49899617,월세,04,충청남도 천안시 동남구 안서동,천안시 동남구,안서동,500,60,0,50,15.12,2,"투룸, 넓은 거실, 신축건물, 경쟁치열",https://www.zigbang.com/home/apt/items/49899617
2026-08-08 05:01:46,빌라투룸,49910201,월세,04,충청남도 천안시 동남구 안서동,천안시 동남구,안서동,500,70,0,50,15.12,3,안서동 투룸 월세 풀옵션 완비 및 즉시,https://www.zigbang.com/home/apt/items/49910201
2026-08-08 05:01:46,빌라투룸,49615188,월세,04,충청남도 천안시 서북구 성거읍 신월리,천안시 서북구,성거읍,500,58,0,49.59,15.0,3,"성거투룸, 서북구청옆, 리모델링 풀옵션",https://www.zigbang.com/home/apt/items/49615188
2026-08-08 05:01:46,빌라투룸,49857893,월세,04,충청남도 천안시 서북구 직산읍 삼은리,천안시 서북구,직산읍,1000,90,0,70,21.17,4,직산사거리 인근 화장실 2개 복층 투룸,https://www.zigbang.com/home/apt/items/49857893
2026-08-08 05:01:46,빌라투룸,49884192,월세,04,충청남도 천안시 서북구 직산읍 삼은리,천안시 서북구,직산읍,500,60,0,59,17.85,3,거실넓은 최고 가성비 투룸 화이트톤  깔끔해요,https://www.zigbang.com/home/apt/items/49884192
2026-08-08 05:01:46,빌라투룸,49916504,월세,04,충청남도 천안시 서북구 성거읍 신월리,천안시 서북구,성거읍,500,53,0,49.59,15.0,4,기숙사 환영 리모델링 투룸 주차넓고  저렴합니다.,https://www.zigbang.com/home/apt/items/49916504
2026-08-08 05:01:46,빌라투룸,49972483,월세,04,충청남도 천안시 서북구 직산읍 삼은리,천안시 서북구,직산읍,1000,65,0,60.45,18.29,3,투룸..초신축 건조기 인덕션 까지 있는 어벤져스급 가전,https://www.zigbang.com/home/apt/items/49972483
2026-08-08 05:01:46,빌라투룸,49981212,월세,04,충청남도 천안시 서북구 성정동,천안시 서북구,성정동,500,53,0,42.98,13.0,3,"대박, 위치와 가성비 좋은 풀옵션 투룸",https://www.zigbang.com/home/apt/items/49981212
2026-08-08 05:01:46,빌라투룸,49981479,월세,04,충청남도 천안시 서북구 두정동,천안시 서북구,두정동,500,52,0,45,13.61,2,O 특가할인 O 호실 하나 두정역 도보 학생환영해요,https://www.zigbang.com/home/apt/items/49981479
2026-08-08 05:01:46,빌라투룸,49981576,월세,04,충청남도 천안시 서북구 두정동,천안시 서북구,두정동,300,45,0,27,8.17,2,"투룸,인터넷,풀옵션",https://www.zigbang.com/home/apt/items/49981576
2026-08-08 05:01:46,빌라투룸,49981721,월세,04,충청남도 천안시 서북구 두정동,천안시 서북구,두정동,300,58,0,50,15.12,2,"방에 붙박이장 설치, 언제든 방 보실수 있어요.",https://www.zigbang.com/home/apt/items/49981721
2026-08-08 05:01:46,빌라투룸,49984279,월세,04,충청남도 천안시 동남구 신부동,천안시 동남구,신부동,500,40,0,48,14.52,2,ㅁ단국대도보10분안 리모델링깔끔한투룸ㅁ,https://www.zigbang.com/home/apt/items/49984279
2026-08-08 05:01:46,빌라투룸,49985032,월세,04,충청남도 천안시 서북구 두정동,천안시 서북구,두정동,500,57,0,46,13.91,3,두정역 가까운 투룸,https://www.zigbang.com/home/apt/items/49985032
2026-08-08 05:01:46,빌라투룸,49985045,월세,04,충청남도 천안시 서북구 두정동,천안시 서북구,두정동,1000,50,0,56.2,17.0,3,위치짱 거실있는투룸,https://www.zigbang.com/home/apt/items/49985045
2026-08-08 05:01:46,빌라투룸,49986202,전세,04,충청남도 천안시 동남구 신부동,천안시 동남구,신부동,4900,0,0,49.59,15.0,2,ㅇ무융자ㅇ올리모델링 화이트톤 풀옵션 투룸ㅇ,https://www.zigbang.com/home/apt/items/49986202
2026-08-08 05:01:47,빌라투룸,49502757,월세,04,충청남도 천안시 서북구 성거읍 천흥리,천안시 서북구,성거읍,300,44,0,45,13.61,2,단기가능한 투룸 가성비 최고 깔끔해요,https://www.zigbang.com/home/apt/items/49502757
2026-08-08 05:01:48,빌라투룸,49708395,월세,04,경기도 평택시 포승읍 원정리,평택시,포승읍,200,50,0,42.98,13.0,2,ㅁ 6개월 가능 ㅁ 가성비 좋은 투룸 ㅁ 즉시입주 가능 ㅁ,https://www.zigbang.com/home/apt/items/49708395
2026-08-08 05:01:48,빌라투룸,49794461,월세,04,경기도 평택시 포승읍 희곡리,평택시,포승읍,300,60,0,30,9.07,2,ㅁ 지식산업센터 도보 출근가능한 거실 넓은 투룸 ㅁ,https://www.zigbang.com/home/apt/items/49794461
2026-08-08 05:01:48,빌라투룸,49806040,월세,04,경기도 평택시 포승읍 원정리,평택시,포승읍,200,43,0,35,10.59,2,가성비좋은투룸.주차장넓음,https://www.zigbang.com/home/apt/items/49806040
2026-08-08 05:01:48,빌라투룸,49806057,전세,04,경기도 평택시 포승읍 원정리,평택시,포승읍,4500,0,0,35,10.59,2,원정리4큰투룸전세,https://www.zigbang.com/home/apt/items/49806057
2026-08-08 05:01:48,빌라투룸,49845993,월세,04,경기도 평택시 포승읍 도곡리,평택시,포승읍,300,60,0,30,9.07,3,"ㅁ 전용공간 매우 넓은, 가정집으로 적합한 투룸 ㅁ",https://www.zigbang.com/home/apt/items/49845993
2026-08-08 05:01:48,빌라투룸,49874016,월세,04,경기도 평택시 포승읍 도곡리,평택시,포승읍,300,52,0,47,14.22,4,거실이 있는 큰투룸  풀옵션 한샘마트앞 보300 월관60만,https://www.zigbang.com/home/apt/items/49874016
2026-08-08 05:01:48,빌라투룸,49915987,월세,04,경기도 평택시 포승읍 원정리,평택시,포승읍,250,47,0,39.67,12.0,4,"ㅁ입지좋은 깔끔 2룸ㅁ 공단, 해군2함대, 화성KIA 인접",https://www.zigbang.com/home/apt/items/49915987
2026-08-08 05:01:48,빌라투룸,49921604,월세,04,경기도 평택시 포승읍 원정리,평택시,포승읍,200,47,0,40,12.1,3,3층투룸 보200 월관55만  풀옵션 긴거실 도시가스 공실,https://www.zigbang.com/home/apt/items/49921604
2026-08-08 05:01:48,빌라투룸,49977770,월세,04,경기도 평택시 포승읍 원정리,평택시,포승읍,200,50,0,30,9.07,3,ㅁ 원정리 단기 가능한 저렴한 투룸 ㅁ,https://www.zigbang.com/home/apt/items/49977770
2026-08-08 05:01:48,빌라투룸,49982985,월세,04,경기도 평택시 포승읍 원정리,평택시,포승읍,200,55,0,30,9.07,2,ㅁ단기가능ㅁ 기아자동차 인근 ㅁ 숙소로 적합한  투룸 ㅁ,https://www.zigbang.com/home/apt/items/49982985
2026-08-08 05:01:48,빌라투룸,49548751,매매,05,경기도 화성시 만세구 우정읍 화산리,화성시 만세구,우정읍,18000,0,18000,50.1,15.16,1,100프로 실매물. 최저실입 상담가능.,https://www.zigbang.com/home/apt/items/49548751
2026-08-08 05:01:48,빌라투룸,49894127,매매,05,경기도 화성시 만세구 우정읍 화산리,화성시 만세구,우정읍,15500,0,15500,46.9,14.19,2,최저실입주금가능 대출문의환영 방3화2,https://www.zigbang.com/home/apt/items/49894127
2026-08-08 05:01:48,빌라투룸,49915274,매매,05,경기도 화성시 만세구 우정읍 조암리,화성시 만세구,우정읍,27500,0,27500,80.77,24.43,3,부족한 실입주금 상담 환영합니다ㅣ3룸 2화장실ㅣ무료상담,https://www.zigbang.com/home/apt/items/49915274
2026-08-08 05:01:48,빌라투룸,49575948,월세,04,경기도 화성시 만세구 향남읍 구문천리,화성시 만세구,향남읍,500,60,0,42.98,13.0,3,"방 거실 큰 투룸으로 인터넷,유선방송 연결 되어 있습니다.",https://www.zigbang.com/home/apt/items/49575948
2026-08-08 05:01:48,빌라투룸,49575965,월세,04,경기도 화성시 만세구 향남읍 구문천리,화성시 만세구,향남읍,300,55,0,49.58,15.0,3,"방2,거실 크고 환한 투룸 월세 입니다.",https://www.zigbang.com/home/apt/items/49575965
2026-08-08 05:01:48,빌라투룸,49977911,월세,04,경기도 화성시 만세구 향남읍 구문천리,화성시 만세구,향남읍,300,55,0,42.98,13.0,2,방 2개 거실 큰 분리형 투룸 월세 입니다.,https://www.zigbang.com/home/apt/items/49977911
2026-08-08 05:01:48,빌라투룸,49977954,월세,04,경기도 화성시 만세구 향남읍 구문천리,화성시 만세구,향남읍,300,45,0,33.06,10.0,4,월세 저렴한 미니 투룸  입니다.,https://www.zigbang.com/home/apt/items/49977954
2026-08-08 05:01:48,빌라투룸,49978037,월세,04,경기도 화성시 만세구 향남읍 구문천리,화성시 만세구,향남읍,300,50,0,46.28,14.0,2,보증금 월세 저렴한 투룸 월세입니다.,https://www.zigbang.com/home/apt/items/49978037
2026-08-08 05:01:49,빌라투룸,49732326,전세,04,경기도 화성시 만세구 송산면 사강리,화성시 만세구,송산면,12000,0,0,52.89,16.0,4,화장실2개. 신축 엘베 풀옵션,https://www.zigbang.com/home/apt/items/49732326
2026-08-08 05:01:50,빌라투룸,49781656,전세,05,경기도 화성시 만세구 남양읍 장덕리,화성시 만세구,남양읍,18000,0,0,141.9,42.92,2,... 더 아이리스 ...정원이 아름다운 전원주택2층 전세,https://www.zigbang.com/home/apt/items/49781656
2026-08-08 05:01:50,빌라투룸,49667403,매매,05,경기도 화성시 만세구 팔탄면 구장리,화성시 만세구,팔탄면,20000,0,20000,62.95,19.04,2,"구장리 방3 화2 엘베 O 인프라,구조좋은 쓰리룸 빌라",https://www.zigbang.com/home/apt/items/49667403
2026-08-08 05:01:50,빌라투룸,49906894,월세,04,경기도 화성시 만세구 팔탄면 지월리,화성시 만세구,팔탄면,300,53,0,42.97,13.0,4,팔탄면 지월리 풀옵션투룸 저렴하게 나온 방,https://www.zigbang.com/home/apt/items/49906894
2026-08-08 05:01:51,빌라투룸,49673037,월세,04,충청남도 아산시 둔포면 송용리,아산시,둔포면,200,51,0,33.06,10.0,3,송용리 귀한 투룸,https://www.zigbang.com/home/apt/items/49673037
2026-08-08 05:01:51,빌라투룸,49793149,월세,04,충청남도 아산시 둔포면 송용리,아산시,둔포면,200,41,0,42.98,13.0,3,ㅇ투룸 ㅇ넓은구조 ㅇ도시가스 ㅇ좋은집,https://www.zigbang.com/home/apt/items/49793149
2026-08-08 05:01:51,빌라투룸,49836139,월세,05,충청남도 아산시 둔포면 둔포리,아산시,둔포면,2000,71,0,62.81,19.0,3,복층형 쓰리룸 월세,https://www.zigbang.com/home/apt/items/49836139
2026-08-08 05:01:51,빌라투룸,49837589,월세,04,경기도 평택시 팽성읍 두정리,평택시,팽성읍,300,45,0,50,15.12,2,두정리 미군부대인근 투룸화1 공실 풀옵션 lpg,https://www.zigbang.com/home/apt/items/49837589
2026-08-08 05:01:51,빌라투룸,49879370,월세,04,경기도 평택시 팽성읍 두정리,평택시,팽성읍,300,30,0,45,13.61,2,투룸화1 풀옵션 공실 lpg,https://www.zigbang.com/home/apt/items/49879370
2026-08-08 05:01:51,빌라투룸,49916218,월세,04,충청남도 아산시 둔포면 송용리,아산시,둔포면,200,41,0,38,11.49,3,"저렴한투룸, 도배완료, 엘레베이터,도시가스, ㅇㅇ각방에어컨",https://www.zigbang.com/home/apt/items/49916218
2026-08-08 05:01:51,빌라투룸,49917797,월세,04,충청남도 아산시 둔포면 송용리,아산시,둔포면,200,51,0,46.28,14.0,3,"풀옵션 큰 투룸,테크노벨리,둔포시내 인접 ,도시가스",https://www.zigbang.com/home/apt/items/49917797
2026-08-08 05:01:51,빌라투룸,49927164,전세,04,충청남도 아산시 둔포면 송용리,아산시,둔포면,5000,0,0,40,12.1,3,ㅇ전세투룸 ㅇ넓은구조 ㅇ좋은집,https://www.zigbang.com/home/apt/items/49927164
2026-08-08 05:01:51,빌라투룸,49937672,월세,04,충청남도 아산시 둔포면 송용리,아산시,둔포면,200,51,0,40.75,12.33,3,"실매물사진 l 송용리 단지 내 투룸,2R 월세 l 3층공실",https://www.zigbang.com/home/apt/items/49937672
2026-08-08 05:01:51,빌라투룸,49945485,월세,04,충청남도 아산시 둔포면 송용리,아산시,둔포면,200,41,0,34.71,10.5,3,"둔포시내3분, 에어컨2대 신규, 도배완료, 엘베, 도시가스",https://www.zigbang.com/home/apt/items/49945485
2026-08-08 05:01:51,빌라투룸,49947694,월세,04,충청남도 아산시 둔포면 송용리,아산시,둔포면,300,41,0,39.67,12.0,4,"깔끔한 투룸,둔포시내 인접,도시가스,엘베,풀옵션",https://www.zigbang.com/home/apt/items/49947694
2026-08-08 05:01:51,빌라투룸,49947709,월세,04,충청남도 아산시 둔포면 송용리,아산시,둔포면,1000,61,0,82.64,25.0,4,"둔포시내,테크노벨리 인접,도시가스,엘베설치,큰 투룸",https://www.zigbang.com/home/apt/items/49947709
2026-08-08 05:01:51,빌라투룸,49965349,월세,04,충청남도 아산시 둔포면 송용리,아산시,둔포면,300,41,0,40,12.1,2,ㅇ투룸 ㅇ넓은구조 ㅇ좋은집,https://www.zigbang.com/home/apt/items/49965349
2026-08-08 05:01:51,빌라투룸,49965356,월세,04,충청남도 아산시 둔포면 송용리,아산시,둔포면,200,51,0,45,13.61,3,ㅇ넓은투룸 ㅇ좋은집 ㅇ도시가스 ㅇ테크노5분,https://www.zigbang.com/home/apt/items/49965356
2026-08-08 05:01:51,빌라투룸,49974681,월세,04,경기도 평택시 팽성읍 두정리,평택시,팽성읍,300,35,0,50,15.12,4,투룸화2 공실 lpg,https://www.zigbang.com/home/apt/items/49974681
2026-08-08 05:01:51,빌라투룸,49837556,월세,05,경기도 평택시 팽성읍 안정리,평택시,팽성읍,500,100,0,50,15.12,4,3룸화2 풀옵션 안정리 k6 인근,https://www.zigbang.com/home/apt/items/49837556
2026-08-08 05:01:51,빌라투룸,49914007,월세,05,경기도 평택시 팽성읍 안정리,평택시,팽성읍,300,50,0,36.54,11.05,1,3룸화1 세탁기 냉장고 에어컨,https://www.zigbang.com/home/apt/items/49914007
2026-08-08 05:01:51,빌라투룸,49837572,월세,05,경기도 평택시 오성면 죽리,평택시,오성면,500,95,0,54.52,16.49,4,깔끔한쓰리룸 베스트,https://www.zigbang.com/home/apt/items/49837572
2026-08-08 05:01:51,빌라투룸,49952003,월세,05,경기도 평택시 오성면 숙성리,평택시,오성면,500,78,0,56.85,17.2,1,3룸화2 공실 풀옵션,https://www.zigbang.com/home/apt/items/49952003
2026-08-08 05:01:51,빌라투룸,49726651,월세,04,경기도 화성시 만세구 양감면 대양리,화성시 만세구,양감면,1000,65,0,49.59,15.0,4,양감면 기숙사 강추 풀옵션 투룸 화장실 무려 두개,https://www.zigbang.com/home/apt/items/49726651
2026-08-08 05:01:51,빌라투룸,49726659,월세,05,경기도 화성시 만세구 양감면 대양리,화성시 만세구,양감면,3000,65,0,72.73,22.0,3,애완동물 가능  확트인 창문  쓰리룸 화장실두개 기숙사환영,https://www.zigbang.com/home/apt/items/49726659
2026-08-08 05:01:51,빌라투룸,49901064,매매,05,경기도 평택시 청북읍 어연리,평택시,청북읍,8000,0,8000,73.51,22.24,3,"어연 초등 인접 방3, 화 2 착한 가격의  빌라  매매",https://www.zigbang.com/home/apt/items/49901064
2026-08-08 05:01:51,빌라투룸,49901099,월세,04,경기도 평택시 청북읍 어연리,평택시,청북읍,300,45,0,40,12.1,4,접근성 좋은 투룸 입니다.,https://www.zigbang.com/home/apt/items/49901099
2026-08-08 05:01:51,빌라투룸,49901186,전세,05,경기도 평택시 청북읍 어연리,평택시,청북읍,16000,0,0,117.37,35.5,2,넓고 뷰가 좋은 단독주택 전세 입니다.,https://www.zigbang.com/home/apt/items/49901186
2026-08-08 05:01:51,빌라투룸,49963404,월세,04,경기도 평택시 청북읍 어연리,평택시,청북읍,500,71,0,42.09,12.73,3,산업단지 초입의 2022년 풀옵션 신축  투룸,https://www.zigbang.com/home/apt/items/49963404
2026-08-08 05:01:52,빌라투룸,49786190,월세,04,경기도 평택시 서정동,평택시,서정동,500,86,0,60,18.15,3,ꘜ1세대1주차ꘜ넓은2룸1화ꘜ숙소짱ꘜ신축급ꘜ화이트톤ꘜ예쁜집ꘜ,https://www.zigbang.com/home/apt/items/49786190
2026-08-08 05:01:52,빌라투룸,49846333,월세,05,경기도 평택시 고덕면 두릉리,평택시,고덕면,1000,120,0,113,34.18,1,방3.화3.풀옵션,https://www.zigbang.com/home/apt/items/49846333
2026-08-08 05:01:52,빌라투룸,49876318,월세,05,경기도 평택시 고덕면 당현리,평택시,고덕면,500,83,0,74.77,22.62,2,방3.화2.풀옵션,https://www.zigbang.com/home/apt/items/49876318
2026-08-08 05:01:52,빌라투룸,49892529,월세,05,경기도 평택시 신장동,평택시,신장동,500,82,0,71.3,21.57,1,방3.화2.풀옵션,https://www.zigbang.com/home/apt/items/49892529
2026-08-08 05:01:52,빌라투룸,49905841,월세,04,경기도 평택시 고덕면 당현리,평택시,고덕면,300,65,0,45.72,13.83,1,주차 좋은 깨끗하고 예쁜 풀옵션 투룸입니다 삼성기숙사가능,https://www.zigbang.com/home/apt/items/49905841
2026-08-08 05:01:52,빌라투룸,49905988,월세,05,경기도 평택시 고덕면 두릉리,평택시,고덕면,1000,100,0,112.79,34.12,2,두릉리 단독주택 단지내에 위치한 예쁜 복층주택 입니다.,https://www.zigbang.com/home/apt/items/49905988
2026-08-08 05:01:52,빌라투룸,49906831,월세,04,경기도 평택시 서정동,평택시,서정동,500,86,0,50,15.12,3,㉧2룸1화 ㉧공군부대 인근 ㉧풀옵션 ㉧깔끔한 방 ㉧,https://www.zigbang.com/home/apt/items/49906831
2026-08-08 05:01:52,빌라투룸,49922679,월세,05,경기도 평택시 고덕면 두릉리,평택시,고덕면,500,85,0,55.38,16.75,4,ꯁ오늘매물ꯁ 복층포함 방3개 ll 테라스2 ll 에에컨4대,https://www.zigbang.com/home/apt/items/49922679
2026-08-08 05:01:52,빌라투룸,49955739,전세,05,경기도 평택시 서탄면 장등리,평택시,서탄면,13000,0,0,154.06,46.6,1,넓은 48평형 빌라1층 9월30일이후 입주,https://www.zigbang.com/home/apt/items/49955739
2026-08-08 05:01:52,빌라투룸,49985918,월세,06,경기도 평택시 고덕동,평택시,고덕동,1000,190,0,72.57,21.95,4,방5화4乃 실물乃 위아래테라스乃 각방에어컨乃,https://www.zigbang.com/home/apt/items/49985918
2026-08-08 05:01:52,빌라투룸,49986022,월세,05,경기도 평택시 고덕면 당현리,평택시,고덕면,500,91,0,114.7,34.7,3,9월입주 고덕외각 조용한 시골집대형평수쓰리룸테라스풀옵션월세,https://www.zigbang.com/home/apt/items/49986022
2026-08-08 05:01:52,빌라투룸,49735120,월세,05,충청남도 천안시 서북구 성환읍 성월리,천안시 서북구,성환읍,1000,72,0,90,27.22,4,투룸 가격에 쓰리룸 방3개 화장실2개 즉시 입주가능해요,https://www.zigbang.com/home/apt/items/49735120
2026-08-08 05:01:52,빌라투룸,49767078,월세,04,충청남도 천안시 서북구 성환읍 성환리,천안시 서북구,성환읍,1000,65,0,49.59,15.0,2,성환 넓은 신축 투룸,https://www.zigbang.com/home/apt/items/49767078
2026-08-08 05:01:52,빌라투룸,49912978,월세,04,충청남도 천안시 서북구 성환읍 성환리,천안시 서북구,성환읍,1000,75,0,50,15.12,3,"남서울대, 성환역 인근 신축 투룸",https://www.zigbang.com/home/apt/items/49912978
2026-08-08 05:01:52,빌라투룸,49917940,월세,04,충청남도 천안시 서북구 성환읍 성환리,천안시 서북구,성환읍,1000,70,0,48,14.52,5,ㅇ옥상단독사용ㅇ신축첫입주ㅇ예쁜풀옵ㅇ,https://www.zigbang.com/home/apt/items/49917940
2026-08-08 05:01:52,빌라투룸,49917947,전세,04,충청남도 천안시 서북구 성환읍 성환리,천안시 서북구,성환읍,9000,0,0,39.6,11.98,3,성환역 도보 5분 안전한 전세 큰 투룸 거실 1개 방2개,https://www.zigbang.com/home/apt/items/49917947
2026-08-08 05:01:52,빌라투룸,49177608,월세,04,충청남도 천안시 서북구 성환읍 성환리,천안시 서북구,성환읍,1000,70,0,59,17.85,3,"투룸, 남서울대, 성환역, 신축급투룸",https://www.zigbang.com/home/apt/items/49177608
2026-08-08 05:01:53,빌라투룸,49661436,매매,05,경기도 안성시 공도읍 만정리,안성시,공도읍,16500,0,16500,79.87,24.16,8,실매물 0 집주인인증 0 방문약속가능,https://www.zigbang.com/home/apt/items/49661436
2026-08-08 05:01:53,빌라투룸,49885034,매매,05,경기도 안성시 공도읍 만정리,안성시,공도읍,15800,0,15800,79.87,24.16,6,최저가 엑기스매물  뻥뷰 학군위치 방3화2 신축컨디션급매,https://www.zigbang.com/home/apt/items/49885034
2026-08-08 05:01:53,빌라투룸,49984141,전세,04,경기도 평택시 용이동,평택시,용이동,13000,0,0,46.27,14.0,3,"LH전세X,신축급큰투룸전세,채광좋은,안성ic차량으로 3분",https://www.zigbang.com/home/apt/items/49984141
2026-08-08 05:01:53,빌라투룸,49721016,월세,05,경기도 평택시 지산동,평택시,지산동,1000,180,0,100.12,30.29,1,동막 단독 전원 주택 월세,https://www.zigbang.com/home/apt/items/49721016
2026-08-08 05:01:53,빌라투룸,49838323,매매,05,경기도 평택시 지산동,평택시,지산동,16500,0,16500,84.39,25.53,4,넓은 평수의 타운하우스 쓰리룸 급매물 엘베OK,https://www.zigbang.com/home/apt/items/49838323
2026-08-08 05:01:53,빌라투룸,49911478,매매,05,경기도 안성시 대덕면 건지리,안성시,대덕면,17900,0,17900,68.5,20.72,1,실매물실사진 급매물현장 빠른입주 가능 가격굿 상태굿 위치굿,https://www.zigbang.com/home/apt/items/49911478
2026-08-08 05:01:53,빌라투룸,49595939,월세,04,경기도 화성시 만세구 향남읍 행정리,화성시 만세구,향남읍,1000,70,0,50,15.12,1,ꩁ 명당 ꩁ  넓고 주차 용이하고 해들어오는 2룸,https://www.zigbang.com/home/apt/items/49595939
2026-08-08 05:01:53,빌라투룸,49642320,월세,04,경기도 화성시 만세구 향남읍 하길리,화성시 만세구,향남읍,1000,72,0,50,15.12,2,"먹자골목, 채광 좋고 거실 잘 빠진 투룸 월세, 로또",https://www.zigbang.com/home/apt/items/49642320
2026-08-08 05:01:53,빌라투룸,49679444,월세,04,경기도 화성시 만세구 향남읍 하길리,화성시 만세구,향남읍,3000,52,0,60,18.15,2,초특가 투룸 반전세 이 정도면 원룸가격이에요,https://www.zigbang.com/home/apt/items/49679444
2026-08-08 05:01:53,빌라투룸,49796815,월세,05,경기도 화성시 만세구 향남읍 하길리,화성시 만세구,향남읍,1000,75,0,65,19.66,3,향남 중심상가인근 즉시입주가능한 3룸월세,https://www.zigbang.com/home/apt/items/49796815
2026-08-08 05:01:53,빌라투룸,49809580,월세,04,경기도 화성시 만세구 향남읍 하길리,화성시 만세구,향남읍,4000,37,0,55,16.64,2,향남2지구 투룸반전세,https://www.zigbang.com/home/apt/items/49809580
2026-08-08 05:01:53,빌라투룸,49822251,월세,05,경기도 화성시 만세구 향남읍 하길리,화성시 만세구,향남읍,1000,76,0,69.42,21.0,3,즉시입주가능한중심상가귀한3룸,https://www.zigbang.com/home/apt/items/49822251
2026-08-08 05:01:53,빌라투룸,49830322,월세,04,경기도 화성시 만세구 향남읍 하길리,화성시 만세구,향남읍,1000,71,0,59.5,18.0,2,엘베있고에어컨2대에TV까지있는완전넓은2룸,https://www.zigbang.com/home/apt/items/49830322
2026-08-08 05:01:53,빌라투룸,49857165,월세,05,경기도 화성시 만세구 향남읍 하길리,화성시 만세구,향남읍,6000,63,0,66,19.96,3,쓰리룸 반전세. 바로 입주 가능. 생활인프라 넘쳐요,https://www.zigbang.com/home/apt/items/49857165
2026-08-08 05:01:53,빌라투룸,49927675,월세,04,경기도 화성시 만세구 향남읍 하길리,화성시 만세구,향남읍,1000,71,0,50,15.12,3,"로또, 하길리 상가주택단지 내 풀옵션 투룸 월세",https://www.zigbang.com/home/apt/items/49927675
2026-08-08 05:01:53,빌라투룸,49954225,월세,04,경기도 화성시 만세구 향남읍 하길리,화성시 만세구,향남읍,4000,52,0,52,15.73,2,"눈부신 채광, 넓은 평형, 정갈하게 관리된 투룸",https://www.zigbang.com/home/apt/items/49954225
2026-08-08 05:01:54,빌라투룸,49679210,매매,05,경기도 화성시 효행구 봉담읍 왕림리,화성시 효행구,봉담읍,22000,0,22000,61.1,18.48,3,최저실입진행 엘베o주차o 즉시입주가능 방3화2,https://www.zigbang.com/home/apt/items/49679210
2026-08-08 05:01:54,빌라투룸,49843159,매매,04,경기도 화성시 효행구 봉담읍 동화리,화성시 효행구,봉담읍,18900,0,18900,54.09,16.36,5,막힘없는복층 넓은테라스 급매로 모시겠습니다 저금리기금대출,https://www.zigbang.com/home/apt/items/49843159
2026-08-08 05:01:54,빌라투룸,49901229,매매,05,경기도 화성시 효행구 매송면 원평리,화성시 효행구,매송면,28000,0,28000,76.41,23.11,3,l대출잘나오는l실매물l 대출 걱정 끝 허위 없는 진짜 매매,https://www.zigbang.com/home/apt/items/49901229
2026-08-08 05:01:54,빌라투룸,49778789,월세,04,경기도 수원시 권선구 고색동,수원시 권선구,고색동,150,110,0,50,15.12,10,에이벨 I 반려동물 가능 신축 투룸 I 풀옵션 I,https://www.zigbang.com/home/apt/items/49778789
2026-08-08 05:01:54,빌라투룸,49845748,월세,04,경기도 수원시 권선구 고색동,수원시 권선구,고색동,2000,60,0,40,12.1,1,고색동 깔끔한 투룸,https://www.zigbang.com/home/apt/items/49845748
2026-08-08 05:01:54,빌라투룸,49877059,월세,04,경기도 수원시 권선구 고색동,수원시 권선구,고색동,150,120,0,50,15.12,10,반려동물가능 단기가능 풀옵션2룸,https://www.zigbang.com/home/apt/items/49877059
2026-08-08 05:01:54,빌라투룸,49901704,매매,04,경기도 수원시 권선구 오목천동,수원시 권선구,오목천동,12500,0,12500,46.14,13.96,4,l대출잘나오는l실매물l 월세 낼 돈으로 내 집 마련 성공,https://www.zigbang.com/home/apt/items/49901704
2026-08-08 05:01:54,빌라투룸,49901788,매매,05,경기도 수원시 권선구 고색동,수원시 권선구,고색동,29500,0,29500,57.09,17.27,2,l대출잘나오는l실매물l 이 가격에 이 집 진짜 마지막 기회,https://www.zigbang.com/home/apt/items/49901788
2026-08-08 05:01:54,빌라투룸,49905856,매매,05,경기도 수원시 권선구 고색동,수원시 권선구,고색동,31300,0,31300,58.42,17.67,2,l대출잘나오는l실매물l 일단 보고 결정하는 진짜 알짜배기,https://www.zigbang.com/home/apt/items/49905856
2026-08-08 05:01:54,빌라투룸,49909577,매매,05,경기도 수원시 권선구 고색동,수원시 권선구,고색동,27000,0,27000,46.31,14.01,2,부족한 실입주금 환영합니다ㅣ3룸 2화장실ㅣ무료상담 환영,https://www.zigbang.com/home/apt/items/49909577
2026-08-08 05:01:54,빌라투룸,49915292,매매,06,경기도 수원시 권선구 고색동,수원시 권선구,고색동,29000,0,29000,63.98,19.35,5,복층 단독테라스 고색역 도보 5분 고색초 인근,https://www.zigbang.com/home/apt/items/49915292
2026-08-08 05:01:54,빌라투룸,49922944,매매,05,경기도 수원시 권선구 서둔동,수원시 권선구,서둔동,19300,0,19300,37.29,11.28,4,신축급컨디션ㅣ수원역도보가능ㅣ최저실입가능,https://www.zigbang.com/home/apt/items/49922944
2026-08-08 05:01:54,빌라투룸,49932381,월세,04,경기도 수원시 권선구 고색동,수원시 권선구,고색동,150,110,0,50,15.12,10,에이벨ㅣ2024신축ㅣ전입가능ㅣ반려동물OKㅣ풀옵션ㅣ입주협의ㅣ,https://www.zigbang.com/home/apt/items/49932381
2026-08-08 05:01:54,빌라투룸,49942540,월세,04,경기도 수원시 권선구 호매실동,수원시 권선구,호매실동,3000,75,0,50,15.12,2,"빠른입주가능,구조좋음.조용한주택가,호매실ic 인근",https://www.zigbang.com/home/apt/items/49942540
2026-08-08 05:01:54,빌라투룸,49973080,월세,04,경기도 수원시 권선구 오목천동,수원시 권선구,오목천동,2500,85,0,47.28,14.3,3,.R.신축투룸 넓직해요 오목천역 도보가능 전입가능O,https://www.zigbang.com/home/apt/items/49973080
2026-08-08 05:01:54,빌라투룸,49981332,월세,05,경기도 수원시 권선구 고색동,수원시 권선구,고색동,15000,60,0,61.59,18.63,3,ㅇ초역세권ㅇ쓰리룸ㅇ보증보험ㅇ,https://www.zigbang.com/home/apt/items/49981332
2026-08-08 05:01:54,빌라투룸,49546700,매매,05,경기도 화성시 병점구 안녕동,화성시 병점구,안녕동,13000,0,13000,76.3,23.08,3,안녕동 금성그린맨션 매매,https://www.zigbang.com/home/apt/items/49546700
2026-08-08 05:01:54,빌라투룸,49846869,매매,05,경기도 화성시 병점구 안녕동,화성시 병점구,안녕동,22500,0,22500,48.73,14.74,2,신축 안녕동 쓰리룸빌라 매매,https://www.zigbang.com/home/apt/items/49846869
2026-08-08 05:01:54,빌라투룸,49903061,월세,05,경기도 화성시 효행구 봉담읍 동화리,화성시 효행구,봉담읍,100,100,0,47.72,14.44,3,o신축쓰리룸o단기월세o즉시입주o풀옵션o,https://www.zigbang.com/home/apt/items/49903061
2026-08-08 05:01:54,빌라투룸,49927534,월세,04,경기도 화성시 병점구 안녕동,화성시 병점구,안녕동,500,45,0,44.32,13.41,4,부분수리되어 있는 투룸빌라입니다.,https://www.zigbang.com/home/apt/items/49927534
2026-08-08 05:01:54,빌라투룸,49927901,월세,04,경기도 화성시 병점구 안녕동,화성시 병점구,안녕동,1000,55,0,39.67,12.0,3,"체대,공대 통학하기 좋은 투룸",https://www.zigbang.com/home/apt/items/49927901
2026-08-08 05:01:54,빌라투룸,49931723,매매,05,경기도 화성시 효행구 봉담읍 동화리,화성시 효행구,봉담읍,22500,0,22500,59.78,18.08,2,최저가 엑기스매물 아파트 대단지 및 학군위치 방3화2 급매,https://www.zigbang.com/home/apt/items/49931723
2026-08-08 05:01:54,빌라투룸,49945682,매매,05,경기도 화성시 병점구 안녕동,화성시 병점구,안녕동,22500,0,22500,48.75,14.75,2,수원대 중문 근방 신축빌라 쓰리룸 매매,https://www.zigbang.com/home/apt/items/49945682
2026-08-08 05:01:54,빌라투룸,49945719,매매,04,경기도 화성시 병점구 안녕동,화성시 병점구,안녕동,5500,0,5500,45.04,13.62,4,수원대근방 우성빌라 매매,https://www.zigbang.com/home/apt/items/49945719
2026-08-08 05:01:54,빌라투룸,49960889,매매,04,경기도 화성시 병점구 안녕동,화성시 병점구,안녕동,5000,0,5000,45.04,13.62,2,수원대근방 우성빌라매매,https://www.zigbang.com/home/apt/items/49960889
2026-08-08 05:01:54,빌라투룸,49960910,매매,05,경기도 화성시 병점구 안녕동,화성시 병점구,안녕동,14000,0,14000,74.96,22.68,2,수원대중문 부성빌라 매매,https://www.zigbang.com/home/apt/items/49960910
2026-08-08 05:01:54,빌라투룸,49589154,월세,04,경기도 오산시 내삼미동,오산시,내삼미동,500,65,0,46.28,14.0,2,남 향V기 숙 사O합 리 적 비용,https://www.zigbang.com/home/apt/items/49589154
2026-08-08 05:01:54,빌라투룸,49622335,월세,04,경기도 오산시 내삼미동,오산시,내삼미동,500,65,0,50,15.12,2,오산대역 동탄에서 가까운 깨끗한투룸 월세 강력추천,https://www.zigbang.com/home/apt/items/49622335
2026-08-08 05:01:54,빌라투룸,49790595,월세,04,경기도 화성시 동탄구 능동,화성시 동탄구,능동,1000,75,0,56.2,17.0,2,엘베있는 투룸월세. 풀옵션. 10월 말입주가능,https://www.zigbang.com/home/apt/items/49790595
2026-08-08 05:01:54,빌라투룸,49820084,월세,05,경기도 화성시 동탄구 능동,화성시 동탄구,능동,2000,120,0,100,30.25,3,복층형 3층 주인세대 월세. 1년 계약만 가능한분,https://www.zigbang.com/home/apt/items/49820084
2026-08-08 05:01:54,빌라투룸,49879348,월세,04,경기도 화성시 동탄구 능동,화성시 동탄구,능동,1000,70,0,37,11.19,4,나래울인근 작은  투룸 . 4층. 8월말 입주. 풀옵션,https://www.zigbang.com/home/apt/items/49879348
2026-08-08 05:01:54,빌라투룸,49895194,월세,05,경기도 화성시 동탄구 반송동,화성시 동탄구,반송동,7000,90,0,80,24.2,3,밝은 마감재의 시원한 구조 쓰리룸 입지 최고 숙소가능,https://www.zigbang.com/home/apt/items/49895194
2026-08-08 05:01:54,빌라투룸,49905290,전세,05,경기도 화성시 동탄구 능동,화성시 동탄구,능동,25000,0,0,100,30.25,4,복층다락방과 테라스 있는 4층. 엘베 없음. 빠른입주,https://www.zigbang.com/home/apt/items/49905290
2026-08-08 05:01:54,빌라투룸,49905504,전세,06,경기도 화성시 동탄구 능동,화성시 동탄구,능동,30000,0,0,140,42.35,3,40평대 주인세대. 도배.바닥.씽크대.붙박이장 리모델링완료,https://www.zigbang.com/home/apt/items/49905504
2026-08-08 05:01:54,빌라투룸,49923418,전세,04,경기도 화성시 동탄구 반송동,화성시 동탄구,반송동,18000,0,0,58,17.54,2,2룸  엘베유  10월중입주가능 산과천과공원산책로좋은노작,https://www.zigbang.com/home/apt/items/49923418
2026-08-08 05:01:54,빌라투룸,49937549,월세,06,경기도 화성시 동탄구 반송동,화성시 동탄구,반송동,18000,30,0,105.79,32.0,3,반송동 주인세대 옥탑방,https://www.zigbang.com/home/apt/items/49937549
2026-08-08 05:01:54,빌라투룸,49937564,전세,04,경기도 화성시 동탄구 반송동,화성시 동탄구,반송동,10000,0,0,45,13.61,2,반송동 작은 투룸입니다.,https://www.zigbang.com/home/apt/items/49937564
2026-08-08 05:01:54,빌라투룸,49943009,전세,04,경기도 화성시 동탄구 능동,화성시 동탄구,능동,16500,0,0,56.2,17.0,3,깨끗한 투룸 .풀옵션 .. 보증보험 가입가능. 엘베있음.,https://www.zigbang.com/home/apt/items/49943009
2026-08-08 05:01:54,빌라투룸,49950162,전세,05,경기도 화성시 동탄구 능동,화성시 동탄구,능동,30000,0,0,110,33.27,3,올 인테리어 거실 주방 분리 사이즈 큰 방4개임,https://www.zigbang.com/home/apt/items/49950162
2026-08-08 05:01:54,빌라투룸,49983381,월세,04,경기도 화성시 동탄구 능동,화성시 동탄구,능동,1000,80,0,79.5,24.05,2,"방과 거실큼,주차굿, 아파트구조,위치좋고 조용한주택가",https://www.zigbang.com/home/apt/items/49983381
2026-08-08 05:01:55,빌라투룸,49941272,매매,05,경기도 용인시 기흥구 상하동,용인시 기흥구,상하동,22000,0,22000,55.14,16.68,3,엘o 기흥구 2억초반 18년식 귀한 준신축 최저실입가능,https://www.zigbang.com/home/apt/items/49941272
2026-08-08 05:01:55,빌라투룸,49744566,매매,05,경기도 용인시 기흥구 보라동,용인시 기흥구,보라동,25000,0,25000,59.47,17.99,3,최저입주금가능ㅣ외국인대출가능ㅣ엘베OKㅣ디딤돌 ㅣ 컨디션최상,https://www.zigbang.com/home/apt/items/49744566
2026-08-08 05:01:55,빌라투룸,49806405,전세,04,경기도 용인시 기흥구 공세동,용인시 기흥구,공세동,15000,0,0,34.82,10.53,3,HUG보증보험가입완료.2룸.동탄인접.롯데아울렛인접,https://www.zigbang.com/home/apt/items/49806405
2026-08-08 05:01:55,빌라투룸,49815781,매매,05,경기도 용인시 기흥구 보라동,용인시 기흥구,보라동,23500,0,23500,59.47,17.99,3,보라동 방3화2 학세권 도보5분이내 인프라 다 몰려있어요,https://www.zigbang.com/home/apt/items/49815781
2026-08-08 05:01:55,빌라투룸,49825858,매매,05,경기도 용인시 기흥구 공세동,용인시 기흥구,공세동,21500,0,21500,69.64,21.07,5,o넓은테라스급매물o 최저실입주금 대출가능한 신축급3룸,https://www.zigbang.com/home/apt/items/49825858
2026-08-08 05:01:55,빌라투룸,49851200,월세,04,경기도 용인시 기흥구 보라동,용인시 기흥구,보라동,2000,80,0,55,16.64,1,고양이 가능 넓은 풀옵션 투룸입니다. 에어컨2대,https://www.zigbang.com/home/apt/items/49851200
2026-08-08 05:01:55,빌라투룸,49916702,매매,05,경기도 용인시 기흥구 공세동,용인시 기흥구,공세동,23000,0,23000,56.93,17.22,2,ㅇ기흥초인근ㅇ준신축ㅇ공실ㅇ즉시입주ㅇ대출가능ㅇ,https://www.zigbang.com/home/apt/items/49916702
2026-08-08 05:01:55,빌라투룸,49934147,매매,04,경기도 용인시 기흥구 보라동,용인시 기흥구,보라동,20000,0,20000,40.35,12.21,4,상갈역도보권  대중교통편리실평수약18평 깔끔한2룸 매매,https://www.zigbang.com/home/apt/items/49934147
2026-08-08 05:01:55,빌라투룸,49937826,월세,04,경기도 용인시 기흥구 보라동,용인시 기흥구,보라동,500,55,0,39.87,12.06,1,관리비x정말 저렴한 투룸월세입니다.,https://www.zigbang.com/home/apt/items/49937826
2026-08-08 05:01:56,빌라투룸,49546212,매매,05,경기도 용인시 처인구 김량장동,용인시 처인구,김량장동,24000,0,24000,57.7,17.45,2,초중고인근 터미널인근 다보스병원인근 방3화2 준신축급,https://www.zigbang.com/home/apt/items/49546212
2026-08-08 05:01:56,빌라투룸,49551712,매매,05,경기도 용인시 처인구 김량장동,용인시 처인구,김량장동,21000,0,21000,58.8,17.79,2,실입주금2000 역세권위치 방3화2,https://www.zigbang.com/home/apt/items/49551712
2026-08-08 05:01:56,빌라투룸,49671892,매매,06,경기도 용인시 처인구 김량장동,용인시 처인구,김량장동,30500,0,30500,66.84,20.22,6,"처인구 방4화2, 테라스 포함 급매",https://www.zigbang.com/home/apt/items/49671892
2026-08-08 05:01:56,빌라투룸,49822229,월세,05,경기도 용인시 처인구 마평동,용인시 처인구,마평동,1000,100,0,70,21.17,2,"9월20일이후 입주가능, 단독주택2층",https://www.zigbang.com/home/apt/items/49822229
2026-08-08 05:01:56,빌라투룸,49858149,매매,05,경기도 용인시 처인구 역북동,용인시 처인구,역북동,19000,0,19000,72.3,21.87,5,명지대역 1분ㅣ최저실입가능ㅣ외국인대출가능ㅣ디딤돌ㅣ,https://www.zigbang.com/home/apt/items/49858149
2026-08-08 05:01:56,빌라투룸,49859962,월세,05,경기도 용인시 처인구 마평동,용인시 처인구,마평동,1000,150,0,64.42,19.49,1,"단독주택 독채, 직원숙소로 사용가능, 빠른입주가,",https://www.zigbang.com/home/apt/items/49859962
2026-08-08 05:01:56,빌라투룸,49884908,월세,04,경기도 용인시 처인구 마평동,용인시 처인구,마평동,500,50,0,39.67,12.0,반지하,수리된집입니다,https://www.zigbang.com/home/apt/items/49884908
2026-08-08 05:01:56,빌라투룸,49884921,매매,05,경기도 용인시 처인구 역북동,용인시 처인구,역북동,29000,0,29000,73.88,22.35,4,ㅇ준신축급 컨디션ㅇ로얄층ㅇ선착순 어서오세요ㅇ,https://www.zigbang.com/home/apt/items/49884921
2026-08-08 05:01:56,빌라투룸,49895175,전세,05,경기도 용인시 처인구 남동,용인시 처인구,남동,30000,0,0,142.48,43.1,2,"전용43평형고급연립주택,내부 최고급인테리어마감,광역버스운행",https://www.zigbang.com/home/apt/items/49895175
2026-08-08 05:01:56,빌라투룸,49901184,매매,05,경기도 용인시 처인구 김량장동,용인시 처인구,김량장동,27500,0,27500,64.78,19.6,4,l대출잘나오는l실매물l 이 가격에 이 집 진짜 마지막 기회,https://www.zigbang.com/home/apt/items/49901184
2026-08-08 05:01:56,빌라투룸,49911432,매매,05,경기도 용인시 처인구 마평동,용인시 처인구,마평동,31000,0,31000,72.19,21.84,11,마평동 O 넓은 테라스 O 넓은 3룸 구조 준신축빌라,https://www.zigbang.com/home/apt/items/49911432
2026-08-08 05:01:56,빌라투룸,49941236,매매,05,경기도 용인시 처인구 김량장동,용인시 처인구,김량장동,25000,0,25000,80.73,24.42,8,엘o 80제곱 아파트등기 올리모델링 도보역세권 최저실입가능,https://www.zigbang.com/home/apt/items/49941236
2026-08-08 05:01:56,빌라투룸,49965142,월세,04,경기도 용인시 처인구 역북동,용인시 처인구,역북동,1000,75,0,45,13.61,4,9.9일입주.복층.아랫층원룸.윗층방과넓은거실.욕실2.테라스,https://www.zigbang.com/home/apt/items/49965142
2026-08-08 05:01:56,빌라투룸,49976070,월세,05,경기도 용인시 처인구 마평동,용인시 처인구,마평동,500,120,0,60,18.15,4,"숙소로 사용가능, 6개월로 계약,",https://www.zigbang.com/home/apt/items/49976070
2026-08-08 05:01:56,빌라투룸,49901165,매매,05,경기도 용인시 처인구 마평동,용인시 처인구,마평동,11000,0,11000,46.8,14.16,4,l대출잘나오는l실매물l 매달 내는 월세 아깝다면 매매,https://www.zigbang.com/home/apt/items/49901165
2026-08-08 05:01:56,빌라투룸,49717701,월세,04,세종시 조치원읍 침산리,,조치원읍,500,57,0,66.12,20.0,3,1번국도변 방 넓은 투룸,https://www.zigbang.com/home/apt/items/49717701
2026-08-08 05:01:56,빌라투룸,49891560,월세,04,세종시 조치원읍 침산리,,조치원읍,300,51,0,33,9.98,3,방2 거실 내부상태최상 26.8.10이후 입주,https://www.zigbang.com/home/apt/items/49891560
2026-08-08 05:01:56,빌라투룸,49894183,월세,04,세종시 연서면 봉암리,,연서면,200,35,0,50.28,15.21,1,ㅁ엄지척 초저가 투룸주택,https://www.zigbang.com/home/apt/items/49894183
2026-08-08 05:01:56,빌라투룸,49926835,월세,05,세종시 연서면 봉암리,,연서면,1000,79,0,78,23.59,4,ㅁ엄지척전속3룸화2쾌적하고 살기좋은집,https://www.zigbang.com/home/apt/items/49926835
2026-08-08 05:01:56,빌라투룸,49927595,전세,05,세종시 조치원읍 침산리,,조치원읍,9000,0,0,82,24.8,4,위치촣은 남향쓰리룸,https://www.zigbang.com/home/apt/items/49927595
2026-08-08 05:01:56,빌라투룸,49264540,매매,05,세종시 조치원읍 신안리,,조치원읍,17500,0,17500,79,23.9,1,30평 1층 신축빌라 급매,https://www.zigbang.com/home/apt/items/49264540
2026-08-08 05:01:56,빌라투룸,49717513,월세,05,충청북도 청주시 흥덕구 강내면 궁현리,청주시 흥덕구,강내면,3000,120,0,84.42,25.54,1,반려동물가능 정원이 있는 복층 전원주택 한번쯤 살아보세요,https://www.zigbang.com/home/apt/items/49717513
2026-08-08 05:01:56,빌라투룸,49960755,월세,04,충청북도 청주시 흥덕구 수의동,청주시 흥덕구,수의동,3000,80,0,67.5,20.42,1,단독 전원주택으로 신축 첫 입주 시골 생활을 원하시는 분,https://www.zigbang.com/home/apt/items/49960755
2026-08-08 05:01:57,빌라투룸,49695977,월세,06,충청북도 청주시 흥덕구 송절동,청주시 흥덕구,송절동,3000,180,0,137.48,41.59,4,테라스뷰가 끝내주는 첫입주 주인세대 월세,https://www.zigbang.com/home/apt/items/49695977
2026-08-08 05:01:58,빌라투룸,49663673,월세,04,충청북도 청주시 청원구 오창읍 주성리,청주시 청원구,오창읍,1000,65,0,66.12,20.0,3,오창 2산 아파트형 대형투룸 엘리베이터,https://www.zigbang.com/home/apt/items/49663673
2026-08-08 05:01:58,빌라투룸,49917634,월세,04,충청북도 청주시 청원구 오창읍 주성리,청주시 청원구,오창읍,1000,60,0,55,16.64,3,Lg엔솔 도보 3분 거리. 대형 고품격 투룸,https://www.zigbang.com/home/apt/items/49917634
2026-08-08 05:01:58,빌라투룸,49944689,월세,04,충청북도 청주시 청원구 오창읍 주성리,청주시 청원구,오창읍,500,60,0,52.9,16.0,2,황금챤스.LG엔솔 도보5분 신축급 투룸 .4월단기가능,https://www.zigbang.com/home/apt/items/49944689
2026-08-08 05:01:58,빌라투룸,49972644,월세,05,충청북도 청주시 청원구 오창읍 주성리,청주시 청원구,오창읍,2000,80,0,70,21.17,3,오창2산단 신축급쓰리룸 남향 엘리베이터,https://www.zigbang.com/home/apt/items/49972644
2026-08-08 05:01:58,빌라투룸,49972666,월세,04,충청북도 청주시 청원구 오창읍 주성리,청주시 청원구,오창읍,1000,60,0,65,19.66,3,오창 2산단 신축급투룸풀옵션엘리베이터,https://www.zigbang.com/home/apt/items/49972666
2026-08-08 05:01:58,빌라투룸,49978132,월세,05,충청북도 청주시 청원구 오창읍 주성리,청주시 청원구,오창읍,2000,76,0,59.5,18.0,3,lll 주성리 lll 신축쓰리룸 엘베있는집 lll,https://www.zigbang.com/home/apt/items/49978132
2026-08-08 05:01:58,빌라투룸,49981730,월세,04,충청북도 청주시 청원구 오창읍 주성리,청주시 청원구,오창읍,2000,50,0,55,16.64,2,신축V초초대형V엘베V고품격 정투룸V엘지엔솔도보3분,https://www.zigbang.com/home/apt/items/49981730
2026-08-08 05:01:58,빌라투룸,49981736,월세,04,충청북도 청주시 청원구 오창읍 주성리,청주시 청원구,오창읍,1000,50,0,52.9,16.0,3,.신축급 .Lg엔솔 도보 3분 V 초고품격 대형 투룸,https://www.zigbang.com/home/apt/items/49981736
2026-08-08 05:01:58,빌라투룸,49981768,월세,04,충청북도 청주시 청원구 오창읍 주성리,청주시 청원구,오창읍,1000,60,0,59.5,18.0,3,신. 고품격 투룸 . 엘리베이터 . 축 LG엔솔 도보 3분,https://www.zigbang.com/home/apt/items/49981768
2026-08-08 05:01:58,빌라투룸,49981785,월세,05,충청북도 청주시 청원구 오창읍 주성리,청주시 청원구,오창읍,2000,80,0,77,23.29,3,"엘베.화장실2개,에어콘2대.쓰리룸",https://www.zigbang.com/home/apt/items/49981785
2026-08-08 05:01:59,빌라투룸,49627573,월세,04,충청북도 증평군 증평읍 초중리,증평군,증평읍,1500,37,0,68.8,20.81,4,큰 평수 투룸 반월세ㅣ착한임대료 위치 좋아요,https://www.zigbang.com/home/apt/items/49627573
2026-08-08 05:01:59,빌라투룸,49655739,월세,04,충청북도 증평군 증평읍 초중리,증평군,증평읍,500,42,0,50,15.12,3,깔끔하게 관리된 투룸 월세ㅣ일부가전 새로 교체,https://www.zigbang.com/home/apt/items/49655739
2026-08-08 05:01:59,빌라투룸,49741693,월세,04,충청북도 증평군 증평읍 초중리,증평군,증평읍,500,52,0,61.16,18.5,3,채광 좋은 남서향 투룸ㅣ넓은 평수ㅣ교통 편리한 추천 매물,https://www.zigbang.com/home/apt/items/49741693
2026-08-08 05:01:59,빌라투룸,49830905,전세,05,충청북도 증평군 증평읍 초중리,증평군,증평읍,9000,0,0,84.2,25.47,4,전.월세 모두 가능ㅣ모던쓰리룸ㅣ도배 및 리뉴얼 후 첫 입주,https://www.zigbang.com/home/apt/items/49830905
2026-08-08 05:01:59,빌라투룸,49899257,월세,04,충청북도 증평군 증평읍 초중리,증평군,증평읍,500,57,0,65.5,19.81,3,정남향 성당뷰 채광좋은 투룸ㅣ풀옵션,https://www.zigbang.com/home/apt/items/49899257
2026-08-08 05:01:59,빌라투룸,49899273,월세,04,충청북도 증평군 증평읍 초중리,증평군,증평읍,500,50,0,61.5,18.6,3,20평 풀옵션 큰 투룸ㅣ채광 좋아요,https://www.zigbang.com/home/apt/items/49899273
2026-08-08 05:01:59,빌라투룸,49937845,월세,04,충청북도 증평군 증평읍 초중리,증평군,증평읍,1000,52,0,56.2,17.0,3,투룸월세ㅣ엘베완비ㅣ채광 좋은 수납형 투룸ㅣ절충가능,https://www.zigbang.com/home/apt/items/49937845
2026-08-08 05:01:59,빌라투룸,49975878,월세,04,충청북도 증평군 증평읍 초중리,증평군,증평읍,500,42,0,60.17,18.2,3,투룸월세ㅣ정남향 탁 트인 개방감 있는 투룸,https://www.zigbang.com/home/apt/items/49975878
2026-08-08 05:01:59,빌라투룸,49966733,월세,04,충청북도 증평군 증평읍 초중리,증평군,증평읍,1000,52,0,64.46,19.5,3,대형투룸 월세.반월세 가능ㅣ시내인근 편의시설 좋아요,https://www.zigbang.com/home/apt/items/49966733
2026-08-08 05:01:59,빌라투룸,49627727,월세,04,충청북도 증평군 증평읍 송산리,증평군,증평읍,500,52,0,61.5,18.6,3,공원뷰 풀옵션 투룸월세ㅣ조용하고 쾌적한 위치,https://www.zigbang.com/home/apt/items/49627727
2026-08-08 05:01:59,빌라투룸,49957306,월세,04,충청북도 증평군 증평읍 송산리,증평군,증평읍,500,65,0,55,16.64,3,즉시 입주 가능한 깔끔한 투룸,https://www.zigbang.com/home/apt/items/49957306
2026-08-08 05:01:59,빌라투룸,49854575,전세,04,충청북도 진천군 진천읍 성석리,진천군,진천읍,6000,0,0,49.59,15.0,4,"큰 투룸, 거살 큼 티비2  에어컨2개 , 엘베유",https://www.zigbang.com/home/apt/items/49854575
2026-08-08 05:01:59,빌라투룸,49538771,월세,04,충청북도 진천군 덕산읍 산수리,진천군,덕산읍,300,52,0,52.89,16.0,2,신축급 둘이 살기 좋은 투룸,https://www.zigbang.com/home/apt/items/49538771
2026-08-08 05:01:59,빌라투룸,49656631,월세,04,충청북도 진천군 덕산읍 합목리,진천군,덕산읍,300,52,0,39.67,12.0,3,"방 2개 큽니다 풀 옵션, 거실및 주방유",https://www.zigbang.com/home/apt/items/49656631
2026-08-08 05:01:59,빌라투룸,49656663,월세,04,충청북도 진천군 덕산읍 합목리,진천군,덕산읍,200,50,0,39.67,12.0,3,풀 옵션으로 투베이 입니다. 방크고 거실겸 주방,https://www.zigbang.com/home/apt/items/49656663
2026-08-08 05:01:59,빌라투룸,49705222,월세,05,충청북도 진천군 덕산읍 옥동리,진천군,덕산읍,1000,80,0,76.03,23.0,4,월세 또는전세1억 또는 반전세 가능  쓰리룸,https://www.zigbang.com/home/apt/items/49705222
2026-08-08 05:01:59,빌라투룸,49756182,월세,04,충청북도 진천군 덕산읍 합목리,진천군,덕산읍,500,50,0,46.28,14.0,3,엘베있음 각방마다 각각풀옵션 화장실2 신축급 투룸,https://www.zigbang.com/home/apt/items/49756182
2026-08-08 05:01:59,빌라투룸,49830924,월세,05,충청북도 진천군 덕산읍 용몽리,진천군,덕산읍,1000,77,0,82.64,25.0,4,덕산읍내 엘베있음 최상의 쓰리룸 주인세대 풀옵션,https://www.zigbang.com/home/apt/items/49830924
2026-08-08 05:01:59,빌라투룸,49854605,월세,04,충청북도 진천군 덕산읍 산수리,진천군,덕산읍,300,47,0,46.28,14.0,3,"단기가능, 에어컨2, 화2, 침대2  환하고 좋음 방 크고",https://www.zigbang.com/home/apt/items/49854605
2026-08-08 05:01:59,빌라투룸,49854616,월세,04,충청북도 진천군 덕산읍 합목리,진천군,덕산읍,300,51,0,49.58,15.0,3,투룸 으로  화2 .  환기 잘되고. 전원주택분위기,https://www.zigbang.com/home/apt/items/49854616
2026-08-08 05:01:59,빌라투룸,49855299,월세,04,충청북도 진천군 덕산읍 산수리,진천군,덕산읍,300,43,0,46.28,14.0,3,둘이살기 좋은 투룸,https://www.zigbang.com/home/apt/items/49855299
2026-08-08 05:01:59,빌라투룸,49911627,월세,04,충청북도 진천군 덕산읍 산수리,진천군,덕산읍,500,49,0,50,15.12,2,신축급 깔끔한 풀옵션 투룸입니다,https://www.zigbang.com/home/apt/items/49911627
2026-08-08 05:01:59,빌라투룸,49927585,월세,04,충청북도 진천군 덕산읍 합목리,진천군,덕산읍,300,47,0,49.58,15.0,3,"단기 가능, 풀옵션에 화장실2개  투룸 좋아요 에어컨",https://www.zigbang.com/home/apt/items/49927585
2026-08-08 05:01:59,빌라투룸,49927594,월세,04,충청북도 진천군 덕산읍 산수리,진천군,덕산읍,300,52,0,33.06,10.0,3,"단기가능,투룸 풀 옵션 화2 에2  티2",https://www.zigbang.com/home/apt/items/49927594
2026-08-08 05:01:59,빌라투룸,49929666,월세,04,충청북도 진천군 덕산읍 합목리,진천군,덕산읍,300,55,0,49.59,15.0,3,"화장실 두개 정 투룸,",https://www.zigbang.com/home/apt/items/49929666
2026-08-08 05:01:59,빌라투룸,49929877,월세,04,충청북도 진천군 덕산읍 합목리,진천군,덕산읍,300,57,0,49.59,15.0,3,단기가능 엘베유 풀 옵션 에2개 화2개 티비2개  환하고,https://www.zigbang.com/home/apt/items/49929877
2026-08-08 05:01:59,빌라투룸,49929934,월세,04,충청북도 진천군 덕산읍 합목리,진천군,덕산읍,500,59,0,46.96,14.21,2,덕산읍 해오름오피 투룸으로 거실및 방 크며 에2개,https://www.zigbang.com/home/apt/items/49929934
2026-08-08 05:01:59,빌라투룸,49854591,월세,04,충청북도 진천군 이월면 중산리,진천군,이월면,300,60,0,39.67,12.0,2,넓은 투룸으로 보증금 300부터 가능 풀 옵션,https://www.zigbang.com/home/apt/items/49854591
2026-08-08 05:01:59,빌라투룸,49875655,월세,04,충청북도 진천군 덕산읍 산수리,진천군,덕산읍,300,46,0,49.59,15.0,3,산단안 투룸으로 화2개 티비2 에어컨 2개,https://www.zigbang.com/home/apt/items/49875655
2026-08-08 05:01:59,빌라투룸,49929698,월세,04,충청북도 진천군 이월면 중산리,진천군,이월면,300,52,0,39.67,12.0,2,화2 에어컨2 엘베유 풀 옵션,https://www.zigbang.com/home/apt/items/49929698
2026-08-08 05:01:59,빌라투룸,49935452,월세,04,충청북도 진천군 덕산읍 산수리,진천군,덕산읍,500,55,0,56.2,17.0,3,해잘들고 넓은 공간 굿뜨,https://www.zigbang.com/home/apt/items/49935452
2026-08-08 05:01:59,빌라투룸,49954801,월세,05,충청북도 진천군 덕산읍 산수리,진천군,덕산읍,500,66,0,62.81,19.0,2,산수산업단지 내 신축급 쓰리룸 풀옵션 엘베있음,https://www.zigbang.com/home/apt/items/49954801
2026-08-08 05:02:00,빌라투룸,49657168,월세,04,충청북도 음성군 맹동면 두성리,음성군,맹동면,5000,23,0,89.26,27.0,2,넓은 투룸 룸  상가건물 2층 방2개 욕실1,https://www.zigbang.com/home/apt/items/49657168
2026-08-08 05:02:00,빌라투룸,49668261,월세,04,충청북도 음성군 맹동면 두성리,음성군,맹동면,500,70,0,72.11,21.81,9,한국소비자원 뒤 위치 투룸형,https://www.zigbang.com/home/apt/items/49668261
2026-08-08 05:02:04,빌라투룸,49765957,월세,04,충청북도 진천군 광혜원면 죽현리,진천군,광혜원면,1000,56,0,43,13.01,3,"정투룸 거실1,방2 엘베 신축급",https://www.zigbang.com/home/apt/items/49765957
2026-08-08 05:02:04,빌라투룸,49884893,매매,05,경기도 안성시 금산동,안성시,금산동,16000,0,16000,62.79,18.99,4,ㅇ컨디션굿ㅇ트인 뷰ㅇ주차완비ㅇ대출가능ㅇ,https://www.zigbang.com/home/apt/items/49884893
2026-08-08 05:02:04,빌라투룸,49901328,월세,05,경기도 안성시 봉산동,안성시,봉산동,2500,65,0,59,17.85,2,"봉산로타리인근 빌라 방3개화2,인터넷가능",https://www.zigbang.com/home/apt/items/49901328
2026-08-08 05:02:04,빌라투룸,49667309,매매,04,경기도 안성시 죽산면 죽산리,안성시,죽산면,8500,0,8500,58.26,17.62,5,"엘베O, 올리모델링 완료된 깔끔한 주택",https://www.zigbang.com/home/apt/items/49667309
2026-08-08 05:02:04,빌라투룸,49929713,월세,04,충청북도 진천군 이월면 신월리,진천군,이월면,300,35,0,33.06,10.0,1,", 풀 옵션으로 몸만 오실분 좋아요.",https://www.zigbang.com/home/apt/items/49929713
2026-08-08 05:02:04,빌라투룸,49929722,월세,04,충청북도 진천군 이월면 신월리,진천군,이월면,500,55,0,49.59,15.0,1,단독 주택으로 투룸독단적으로 사용,https://www.zigbang.com/home/apt/items/49929722
2026-08-08 05:02:04,빌라투룸,49925515,월세,05,충청북도 음성군 대소읍 오류리,음성군,대소읍,1000,70,0,60.41,18.27,2,넓은쓰리룸.풀옵션.도시가스난방.엘리베이터.넓은주차장,https://www.zigbang.com/home/apt/items/49925515
2026-08-08 05:02:04,빌라투룸,49950788,월세,04,충청북도 음성군 대소읍 오류리,음성군,대소읍,500,50,0,47,14.22,1,풀옵션 투룸.깔끔한내부.대소ic5분거리.,https://www.zigbang.com/home/apt/items/49950788
2026-08-08 05:02:04,빌라투룸,49214754,월세,04,충청북도 진천군 덕산읍 신척리,진천군,덕산읍,500,49,0,39.43,11.93,11,"남향 금액좋다 도시가스 거실1,방1, 화장실2",https://www.zigbang.com/home/apt/items/49214754
2026-08-08 05:02:04,빌라투룸,49756162,월세,04,충청북도 진천군 덕산읍 신척리,진천군,덕산읍,500,67,0,51.3,15.52,2,방2 거실1 화장실2 천정형에어컨3 신축 월세 첫입주,https://www.zigbang.com/home/apt/items/49756162
2026-08-08 05:02:04,빌라투룸,49842748,월세,04,충청북도 진천군 덕산읍 신척리,진천군,덕산읍,500,49,0,39.43,11.93,6,"남향의 햇살좋은 투베이형식 아파트, 첫입주에요",https://www.zigbang.com/home/apt/items/49842748
2026-08-08 05:02:04,빌라투룸,49842760,월세,04,충청북도 진천군 덕산읍 신척리,진천군,덕산읍,500,49,0,39.43,11.93,5,남동향의 햇살좋은 투베이형식 아파트,https://www.zigbang.com/home/apt/items/49842760
2026-08-08 05:02:04,빌라투룸,49793711,월세,04,충청북도 음성군 대소읍 삼정리,음성군,대소읍,1000,65,0,53,16.03,2,깔끔한 신축 풀옵션투룸.대소시내중심위치.승강기설치.,https://www.zigbang.com/home/apt/items/49793711
2026-08-08 05:02:05,빌라투룸,49709827,월세,04,충청북도 음성군 금왕읍 본대리,음성군,금왕읍,500,57,0,48,14.52,2,남향의 옵션 가득 풀옵션 투룸,https://www.zigbang.com/home/apt/items/49709827
2026-08-08 05:02:05,빌라투룸,49972753,월세,04,충청북도 음성군 삼성면 덕정리,음성군,삼성면,500,48,0,30.4,9.2,2,"깔끔한 투베이, 채광 우수, 생활 편의시설 완비된 풀옵셥.",https://www.zigbang.com/home/apt/items/49972753
2026-08-08 05:02:06,빌라투룸,49914808,월세,06,경기도 용인시 처인구 원삼면 목신리,용인시 처인구,원삼면,2000,250,0,177.48,53.69,2,ㅇ즉시입주ㅇSK현장 차량5분ㅇ방4화3ㅇ풀옵션ㅇ주차54평형,https://www.zigbang.com/home/apt/items/49914808
2026-08-08 05:02:06,빌라투룸,49821509,매매,05,경기도 용인시 처인구 양지읍 남곡리,용인시 처인구,양지읍,19500,0,19500,57.08,17.27,1,엑기스매물 반도체클러스트 입지로 인한 호재 방3화2 급매,https://www.zigbang.com/home/apt/items/49821509
2026-08-08 05:02:06,빌라투룸,49883581,매매,05,경기도 용인시 처인구 양지읍 남곡리,용인시 처인구,양지읍,19500,0,19500,57.08,17.27,1,남곡리 방3 화2 가성비 최고매물 인기 제일 많은 집,https://www.zigbang.com/home/apt/items/49883581
2026-08-08 05:02:06,빌라투룸,49902453,매매,05,경기도 용인시 처인구 양지읍 남곡리,용인시 처인구,양지읍,19400,0,19400,57.08,17.27,1,l대출잘나오는l실매물l 승인율 최고 자금 걱정 끝냅니다,https://www.zigbang.com/home/apt/items/49902453
2026-08-08 05:02:06,빌라투룸,49907385,매매,04,경기도 용인시 처인구 양지읍 양지리,용인시 처인구,양지읍,12000,0,12000,52.45,15.87,1,l대출잘나오는l실매물l 월세 낼 돈으로 내 집 마련 성공,https://www.zigbang.com/home/apt/items/49907385
2026-08-08 05:02:06,빌라투룸,49909651,매매,06,경기도 용인시 처인구 양지읍 양지리,용인시 처인구,양지읍,110000,0,110000,229.5,69.42,2,실매물싨가진 고급 전원주택 엘베있음 도로변,https://www.zigbang.com/home/apt/items/49909651
2026-08-08 05:02:06,빌라투룸,49963222,월세,05,경기도 용인시 처인구 원삼면 사암리,용인시 처인구,원삼면,2000,250,0,100,30.25,1,ㅇ빠입주ㅇSK현장 차량10분ㅇ방3화3ㅇ풀옵션ㅇ신축급ㅇ주차ㅇ,https://www.zigbang.com/home/apt/items/49963222
2026-08-08 05:02:06,빌라투룸,49823019,월세,05,경기도 이천시 마장면 해월리,이천시,마장면,2000,210,0,50,15.12,4,원삼sk하이닉스 자차15분거리 신축 풀옵션 쓰리룸 화2,https://www.zigbang.com/home/apt/items/49823019
2026-08-08 05:02:06,빌라투룸,49861966,월세,04,경기도 용인시 처인구 백암면 근창리,용인시 처인구,백암면,1000,150,0,70,21.17,1,원삼sk하이닉스 셔틀버스 도보5분거리 농가주택독채 월세,https://www.zigbang.com/home/apt/items/49861966
2026-08-08 05:02:06,빌라투룸,49914820,월세,05,경기도 용인시 처인구 백암면 근창리,용인시 처인구,백암면,1000,250,0,138.46,41.88,1,ㅇ빠른입주ㅇ방3화3ㅇ42평ㅇ주차ㅇSK현장 차량5분ㅇ,https://www.zigbang.com/home/apt/items/49914820
2026-08-08 05:02:06,빌라투룸,49940602,월세,06,경기도 용인시 처인구 백암면 근창리,용인시 처인구,백암면,1500,250,0,100,30.25,2,ㅇ즉시입주ㅇSK현장 차량10분ㅇ신축ㅇ방4화3ㅇ풀옵션ㅇ주차ㅇ,https://www.zigbang.com/home/apt/items/49940602
2026-08-08 05:02:07,빌라투룸,49729247,월세,04,경기도 이천시 호법면 후안리,이천시,호법면,1000,70,0,45,13.61,2,신축급  넓은   투룸 풀옵션 주차굿,https://www.zigbang.com/home/apt/items/49729247
2026-08-08 05:02:07,빌라투룸,49729688,월세,04,경기도 이천시 호법면 후안리,이천시,호법면,1000,70,0,42.97,13.0,3,후안리 신축  풀옵션 투룸 즉시입주,https://www.zigbang.com/home/apt/items/49729688
2026-08-08 05:02:07,빌라투룸,49851501,월세,04,경기도 이천시 호법면 안평리,이천시,호법면,1000,68,0,42.98,13.0,3,에이스 매물 신축급 투룸  엘베 빠른입주,https://www.zigbang.com/home/apt/items/49851501
2026-08-08 05:02:07,빌라투룸,49883434,월세,04,경기도 이천시 호법면 후안리,이천시,호법면,1000,55,0,42.98,13.0,3,"호법면 저렴한 투룸 , 풀옵션 투룸입니다.",https://www.zigbang.com/home/apt/items/49883434
2026-08-08 05:02:07,빌라투룸,49898558,월세,04,경기도 이천시 호법면 후안리,이천시,호법면,1000,80,0,42.98,13.0,3,화이트톤으로 예쁜 투룸 풀옵션,https://www.zigbang.com/home/apt/items/49898558
2026-08-08 05:02:07,빌라투룸,49904751,월세,04,경기도 이천시 호법면 안평리,이천시,호법면,1000,68,0,42.98,13.0,3,안평리 풀옵션 투룸 월세임대합니다,https://www.zigbang.com/home/apt/items/49904751
2026-08-08 05:02:07,빌라투룸,49906487,월세,04,경기도 이천시 호법면 안평리,이천시,호법면,1000,68,0,42.98,13.0,2,"마장, 호법 이동 편리 주변 편의점 있고 거실 있는 2룸",https://www.zigbang.com/home/apt/items/49906487
2026-08-08 05:02:07,빌라투룸,49912856,월세,04,경기도 이천시 호법면 후안리,이천시,호법면,1000,70,0,45,13.61,3,호법면 후안리 투룸월세,https://www.zigbang.com/home/apt/items/49912856
2026-08-08 05:02:07,빌라투룸,49913334,월세,04,경기도 이천시 호법면 후안리,이천시,호법면,1000,70,0,42.98,13.0,3,호법 후안리 호법초인근신축풀옵션투룸  월세,https://www.zigbang.com/home/apt/items/49913334
2026-08-08 05:02:07,빌라투룸,49920637,월세,04,경기도 이천시 호법면 후안리,이천시,호법면,1000,70,0,50,15.12,3,"준신축 내부풀옵션, 컨디션 굿, 2룸 주차100프로",https://www.zigbang.com/home/apt/items/49920637
2026-08-08 05:02:07,빌라투룸,49934397,월세,04,경기도 이천시 호법면 후안리,이천시,호법면,1000,70,0,45,13.61,3,호법 집 넓고 깨끗합니다.,https://www.zigbang.com/home/apt/items/49934397
2026-08-08 05:02:07,빌라투룸,49935061,월세,04,경기도 이천시 호법면 후안리,이천시,호법면,1000,70,0,46.2,13.98,2,"엘베있고 준신축으로 깨끗하고 환하고, 주차좋은 투룸입니다.",https://www.zigbang.com/home/apt/items/49935061
2026-08-08 05:02:07,빌라투룸,49940924,월세,04,경기도 이천시 호법면 후안리,이천시,호법면,1000,70,0,40,12.1,3,풀옵션 신축급 투룸,https://www.zigbang.com/home/apt/items/49940924
2026-08-08 05:02:07,빌라투룸,49950186,월세,04,경기도 이천시 호법면 유산리,이천시,호법면,50,55,0,59.99,18.15,2,유산리 투룸입니다,https://www.zigbang.com/home/apt/items/49950186
2026-08-08 05:02:07,빌라투룸,49678310,전세,05,경기도 이천시 모가면 진가리,이천시,모가면,11000,0,0,70.92,21.45,1,"LH 가능, 주차 가능하며, 입주는 빠른  입주 가능합니다",https://www.zigbang.com/home/apt/items/49678310
2026-08-08 05:02:07,빌라투룸,49905188,전세,04,경기도 이천시 모가면 진가리,이천시,모가면,8500,0,0,35.02,10.59,2,빠른입주 가능한 신축 투룸 전세,https://www.zigbang.com/home/apt/items/49905188
2026-08-08 05:02:07,빌라투룸,49789152,매매,04,경기도 이천시 대월면 초지리,이천시,대월면,8500,0,8500,44.91,13.59,1,신축급  넓은평수 2룸,https://www.zigbang.com/home/apt/items/49789152
2026-08-08 05:02:07,빌라투룸,49819905,월세,04,경기도 이천시 대월면 사동리,이천시,대월면,1000,50,0,49.26,14.9,1,"즉시입주가능, 투룸빌라, SK하이닉스 도보가능",https://www.zigbang.com/home/apt/items/49819905
2026-08-08 05:02:07,빌라투룸,49884301,전세,04,경기도 이천시 대월면 사동리,이천시,대월면,9200,0,0,52.95,16.02,2,하이닉스 도보7분거리 신축 투룸 주변 음식점 편의점 많음,https://www.zigbang.com/home/apt/items/49884301
2026-08-08 05:02:07,빌라투룸,49885049,월세,04,경기도 이천시 대월면 사동리,이천시,대월면,500,67,0,45,13.61,3,하이닉스 인근 사동리 깔끔하고 위치좋은 투룸,https://www.zigbang.com/home/apt/items/49885049
2026-08-08 05:02:07,빌라투룸,49921105,월세,05,경기도 이천시 대월면 사동리,이천시,대월면,300,63,0,42.9,12.98,2,"즉시입주, 쓰리룸 옵션O, SK하이닉스 차량 5분",https://www.zigbang.com/home/apt/items/49921105
2026-08-08 05:02:07,빌라투룸,49961084,월세,04,경기도 이천시 대월면 사동리,이천시,대월면,500,67,0,48,14.52,2,신축급 투룸 가성비최강 컨디션굿 엘베있음,https://www.zigbang.com/home/apt/items/49961084
2026-08-08 05:02:07,빌라투룸,49499284,월세,04,경기도 여주시 가남읍 태평리,여주시,가남읍,500,51,0,45,13.61,4,싸고 저렴하고 전망좋은 투룸월세,https://www.zigbang.com/home/apt/items/49499284
2026-08-08 05:02:07,빌라투룸,49922023,월세,05,경기도 여주시 가남읍 태평리,여주시,가남읍,2000,130,0,47.64,14.41,5,태평리 방4개 복층빌라 월세,https://www.zigbang.com/home/apt/items/49922023
2026-08-08 05:02:07,빌라투룸,49922035,매매,05,경기도 여주시 가남읍 신해리,여주시,가남읍,14500,0,14500,57.18,17.3,1,아이들키우기 좋은 쓰리룸 빌라 1층매물,https://www.zigbang.com/home/apt/items/49922035
2026-08-08 05:02:07,빌라투룸,49922075,전세,04,경기도 여주시 가남읍 태평리,여주시,가남읍,8000,0,0,52,15.73,5,태평리 컨디션좋은 투룸 전세,https://www.zigbang.com/home/apt/items/49922075
2026-08-08 05:02:07,빌라투룸,49922149,매매,06,경기도 여주시 가남읍 태평리,여주시,가남읍,25000,0,25000,73.98,22.38,2,태평리 포룸 신축빌라,https://www.zigbang.com/home/apt/items/49922149
2026-08-08 05:02:07,빌라투룸,49951642,월세,04,경기도 여주시 가남읍 태평리,여주시,가남읍,500,60,0,52.89,16.0,3,"하나로마트 옆 방2개,화장실 2개인 풀옵션 투룸월세전세가능",https://www.zigbang.com/home/apt/items/49951642
2026-08-08 05:02:09,빌라투룸,49822274,월세,04,충청북도 충주시 호암동,충주시,호암동,500,77,0,47.66,14.42,2,ㄴMBC 근방 호암택지 신축 투룸ㄱ,https://www.zigbang.com/home/apt/items/49822274
2026-08-08 05:02:09,빌라투룸,49787341,월세,04,충청북도 충주시 호암동,충주시,호암동,700,62,0,51.6,15.61,2,ㄴ호암택지 신축 투룸ㄱ,https://www.zigbang.com/home/apt/items/49787341
2026-08-08 05:02:09,빌라투룸,49858683,월세,04,충청북도 충주시 호암동,충주시,호암동,1000,71,0,37.83,11.44,3,ㄴ호암동 신축 투룸ㄱ,https://www.zigbang.com/home/apt/items/49858683
2026-08-08 05:02:09,빌라투룸,49956529,월세,04,충청북도 충주시 호암동,충주시,호암동,700,61,0,51.6,15.61,2,"호암지구,신축투룸",https://www.zigbang.com/home/apt/items/49956529
2026-08-08 05:02:09,빌라투룸,48973284,전세,04,충청북도 충주시 봉방동,충주시,봉방동,5000,0,0,46.28,14.0,3,귀한전세ㅣ탁트인남향ㅣ풀옵션투룸,https://www.zigbang.com/home/apt/items/48973284
2026-08-08 05:02:09,빌라투룸,49804139,월세,04,충청북도 충주시 문화동,충주시,문화동,1000,51,0,50,15.12,3,"남향,호암지,구조좋은투룸",https://www.zigbang.com/home/apt/items/49804139
2026-08-08 05:02:09,빌라투룸,49930043,월세,05,충청북도 충주시 문화동,충주시,문화동,1000,71,0,85,25.71,3,"쓰리룸,풀옵션,대형베란다",https://www.zigbang.com/home/apt/items/49930043
2026-08-08 05:02:09,빌라투룸,49966022,월세,04,충청북도 충주시 봉방동,충주시,봉방동,500,56,0,50.76,15.35,2,"신축,1000.60ok관포",https://www.zigbang.com/home/apt/items/49966022
2026-08-08 05:02:09,빌라투룸,49917225,월세,04,충청북도 충주시 중앙탑면 용전리,충주시,중앙탑면,500,55,0,45,13.61,4,상권에 근접한 깔끔한 풀옵션 투룸입니다.,https://www.zigbang.com/home/apt/items/49917225
2026-08-08 05:02:09,빌라투룸,49919136,월세,04,충청북도 충주시 중앙탑면 용전리,충주시,중앙탑면,500,45,0,40,12.1,2,풀옵션 투룸 월세 매물입니다.,https://www.zigbang.com/home/apt/items/49919136
2026-08-08 05:02:10,빌라투룸,49711628,매매,05,경기도 여주시 점봉동,여주시,점봉동,10500,0,10500,43.39,13.13,1,"급급매 저렴한 깨끗한 빌라, 조용하고 살기 좋은곳",https://www.zigbang.com/home/apt/items/49711628
2026-08-08 05:02:10,빌라투룸,49732309,매매,05,경기도 여주시 점봉동,여주시,점봉동,15000,0,15000,56.18,16.99,3,상태 아주 좋아요,https://www.zigbang.com/home/apt/items/49732309
2026-08-08 05:02:10,빌라투룸,49732558,매매,05,경기도 여주시 점봉동,여주시,점봉동,15000,0,15000,72.12,21.82,2,대형마트 버스정류장 식당 도보1분거리,https://www.zigbang.com/home/apt/items/49732558
2026-08-08 05:02:10,빌라투룸,49872495,월세,04,경기도 여주시 점봉동,여주시,점봉동,1000,67,0,40,12.1,4,"깨끗한 투룸 ,풀옵션",https://www.zigbang.com/home/apt/items/49872495
2026-08-08 05:02:10,빌라투룸,49887551,월세,04,경기도 여주시 점봉동,여주시,점봉동,500,72,0,42.98,13.0,2,"점봉동 여주ic가까운쪽 풀옵션 투룸,즉시입주입니다.",https://www.zigbang.com/home/apt/items/49887551
2026-08-08 05:02:10,빌라투룸,49965580,월세,04,경기도 여주시 점봉동,여주시,점봉동,1000,66,0,35,10.59,4,점봉동 준신축  풀옵션 작은 투룸 월세입니다.,https://www.zigbang.com/home/apt/items/49965580
2026-08-08 05:02:10,빌라투룸,49965615,월세,04,경기도 여주시 점봉동,여주시,점봉동,1000,76,0,46.28,14.0,3,점봉동 작년 신축 풀옵션 투룸 위치 아주 좋아요,https://www.zigbang.com/home/apt/items/49965615
2026-08-08 05:02:10,빌라투룸,49965647,월세,04,경기도 여주시 점봉동,여주시,점봉동,1000,70,0,40,12.1,2,"점봉동 투룸 월세 풀옵션, 아울렛,물류센터,이동하기 좋음",https://www.zigbang.com/home/apt/items/49965647
2026-08-08 05:02:12,빌라투룸,49655349,매매,05,인천시 연수구 옥련동,연수구,옥련동,15500,0,15500,42.99,13.0,4,샷시포함 특올수리 정남향 채광좋은집 엘베0 급매 공실,https://www.zigbang.com/home/apt/items/49655349
2026-08-08 05:02:12,빌라투룸,49825872,매매,05,인천시 연수구 옥련동,연수구,옥련동,15400,0,15400,42.99,13.0,4,o리모델링급매물o 방3화2 신축급3룸 최저실입 대출가능,https://www.zigbang.com/home/apt/items/49825872
2026-08-08 05:02:12,빌라투룸,49836690,매매,05,인천시 연수구 옥련동,연수구,옥련동,15500,0,15500,42.99,13.0,4,옥련동 준신축 엘베있는 3룸 매매,https://www.zigbang.com/home/apt/items/49836690
2026-08-08 05:02:12,빌라투룸,49883377,월세,04,인천시 연수구 옥련동,연수구,옥련동,100,100,0,42.98,13.0,2,ㅁ단기투룸 선불 깨끗ㅁ,https://www.zigbang.com/home/apt/items/49883377
2026-08-08 05:02:12,빌라투룸,49883386,월세,04,인천시 연수구 옥련동,연수구,옥련동,500,42,0,42.98,13.0,2,ㅁ밝은 투룸 2층ㅁ,https://www.zigbang.com/home/apt/items/49883386
2026-08-08 05:02:12,빌라투룸,49902815,매매,05,인천시 연수구 옥련동,연수구,옥련동,10500,0,10500,38.52,11.65,1,초특급수리 남향 최저가 쓰리룸,https://www.zigbang.com/home/apt/items/49902815
2026-08-08 05:02:12,빌라투룸,49947667,매매,05,인천시 연수구 옥련동,연수구,옥련동,15500,0,15500,42.99,13.0,4,막힘없는 남향 상태 최상 엘베유 에어컨 완비 방3 화2,https://www.zigbang.com/home/apt/items/49947667
2026-08-08 05:02:12,빌라투룸,49790014,매매,05,경기도 시흥시 월곶동,시흥시,월곶동,21000,0,21000,68.6,20.75,6,100프로 실매물. 안전한 권리 분석부터 유연한 입주 협의,https://www.zigbang.com/home/apt/items/49790014
2026-08-08 05:02:12,빌라투룸,49915482,매매,05,경기도 시흥시 월곶동,시흥시,월곶동,31000,0,31000,70.93,21.46,4,부족한 실입주금 상담 환영합니다ㅣ3룸 2화장실ㅣ무료상담,https://www.zigbang.com/home/apt/items/49915482
2026-08-08 05:02:13,빌라투룸,49725782,월세,04,경기도 시흥시 정왕동,시흥시,정왕동,1000,53,0,42.9,12.98,6,야무진 복층  완벽한 분리공간  개방감 최고,https://www.zigbang.com/home/apt/items/49725782
2026-08-08 05:02:13,빌라투룸,49725792,월세,04,경기도 시흥시 정왕동,시흥시,정왕동,500,42,0,39.6,11.98,3,미니투룸요    원룸 아쉬운 분들께 추천해요,https://www.zigbang.com/home/apt/items/49725792
2026-08-08 05:02:13,빌라투룸,49797945,월세,04,경기도 시흥시 정왕동,시흥시,정왕동,500,42,0,42,12.7,3,신축 엘베  주차가능  옵션있는투룸입니다,https://www.zigbang.com/home/apt/items/49797945
2026-08-08 05:02:13,빌라투룸,49804854,월세,04,경기도 시흥시 정왕동,시흥시,정왕동,500,42,0,39,11.8,3,ㅇㅕㄱㅣㅇㅓㄸㅐ  신축 미니투룸,https://www.zigbang.com/home/apt/items/49804854
2026-08-08 05:02:13,빌라투룸,49849750,월세,04,경기도 시흥시 정왕동,시흥시,정왕동,300,50,0,39.98,12.09,3,"미니 투룸  ㅇ ㅕㄱ ㅣㅇ ㅓ ㄸ ㅔ,   차량 5분,",https://www.zigbang.com/home/apt/items/49849750
2026-08-08 05:02:13,빌라투룸,49932973,매매,05,경기도 시흥시 정왕동,시흥시,정왕동,13000,0,13000,41.79,12.64,3,필로티형구조 넓고 깨끗합니다,https://www.zigbang.com/home/apt/items/49932973
2026-08-08 05:02:13,빌라투룸,49961379,전세,05,경기도 시흥시 정왕동,시흥시,정왕동,13300,0,0,47.7,14.43,3,"보증보험가입가능,  신축 빌라, 에어컨 설치, 반전세가능",https://www.zigbang.com/home/apt/items/49961379
2026-08-08 05:02:13,빌라투룸,49968930,월세,05,경기도 시흥시 정왕동,시흥시,정왕동,5000,30,0,47.4,14.34,3,"보증보험가입가능,  신축 빌라, 에어컨 설치, 전세가능",https://www.zigbang.com/home/apt/items/49968930
2026-08-08 05:02:14,빌라투룸,49693652,매매,05,인천시 남동구 서창동,남동구,서창동,13800,0,13800,49.29,14.91,3,주변인프라 좋고 평지 3룸 필로티구조 3층 로얄층 매매,https://www.zigbang.com/home/apt/items/49693652
2026-08-08 05:02:14,빌라투룸,49886409,월세,05,인천시 남동구 서창동,남동구,서창동,2000,80,0,73.87,22.35,3,공기좋고 15년 빌라형 주택월세 방3 화2 넓은거실지정주차,https://www.zigbang.com/home/apt/items/49886409
2026-08-08 05:02:13,빌라투룸,49980095,월세,04,경기도 안산시 단원구 와동,안산시 단원구,와동,500,50,0,39.66,12.0,2,사이즈 좋고 선부역 도보권 2룸 월세,https://www.zigbang.com/home/apt/items/49980095
2026-08-08 05:02:13,빌라투룸,49980391,월세,04,경기도 안산시 단원구 고잔동,안산시 단원구,고잔동,500,50,0,49.86,15.08,2,깔끔하게 잘 사용 중이며 이사 수 도배 해 드려요,https://www.zigbang.com/home/apt/items/49980391
2026-08-08 05:02:13,빌라투룸,49983130,매매,05,경기도 안산시 단원구 선부동,안산시 단원구,선부동,25800,0,25800,45.8,13.85,3,신축빌라  남향 엘리베이터 최저가,https://www.zigbang.com/home/apt/items/49983130
2026-08-08 05:02:13,빌라투룸,49983200,월세,04,경기도 안산시 단원구 와동,안산시 단원구,와동,300,35,0,33.83,10.23,반지하,ㅡ깨끗하게 수리되어있는 투룸,https://www.zigbang.com/home/apt/items/49983200
2026-08-08 05:02:13,빌라투룸,49985646,전세,04,경기도 안산시 단원구 선부동,안산시 단원구,선부동,8000,0,0,45,13.61,1,안전한 전세  투룸,https://www.zigbang.com/home/apt/items/49985646
2026-08-08 05:02:13,빌라투룸,49985683,매매,05,경기도 안산시 단원구 와동,안산시 단원구,와동,29500,0,29500,73.42,22.21,3,체육공원 대형 신축빌라,https://www.zigbang.com/home/apt/items/49985683
2026-08-08 05:02:13,빌라투룸,49985696,매매,05,경기도 안산시 단원구 선부동,안산시 단원구,선부동,15700,0,15700,46.17,13.97,4,달미역 인근 급매,https://www.zigbang.com/home/apt/items/49985696
2026-08-08 05:02:13,빌라투룸,49985874,월세,04,경기도 안산시 단원구 와동,안산시 단원구,와동,300,45,0,40,12.1,2,풀옵션 미니투룸,https://www.zigbang.com/home/apt/items/49985874
2026-08-08 05:02:14,빌라투룸,49865620,매매,05,경기도 시흥시 목감동,시흥시,목감동,23800,0,23800,75.53,22.85,4,급매물 신축급컨디션 넓은평수 인프라최상 집구경 서두르세요,https://www.zigbang.com/home/apt/items/49865620
2026-08-08 05:02:14,빌라투룸,49562676,매매,05,경기도 안산시 상록구 수암동,안산시 상록구,수암동,18000,0,18000,60.74,18.37,3,강추 남향 넓고 구조좋은 쓰리룸빌라 매매,https://www.zigbang.com/home/apt/items/49562676
2026-08-08 05:02:14,빌라투룸,49682682,월세,05,경기도 안산시 상록구 장상동,안산시 상록구,장상동,500,45,0,49.5,14.97,반지하,"방3개, 저렴한 월세, 풀옵션, 즉시입주 가능",https://www.zigbang.com/home/apt/items/49682682
2026-08-08 05:02:14,빌라투룸,49682732,매매,04,경기도 안산시 상록구 수암동,안산시 상록구,수암동,11000,0,11000,51.23,15.5,5,"급매, 깨끗한 투룸, 정남향, 주차장 완비, 초등 가까움",https://www.zigbang.com/home/apt/items/49682732
2026-08-08 05:02:14,빌라투룸,49682781,매매,05,경기도 안산시 상록구 수암동,안산시 상록구,수암동,32000,0,32000,55.05,16.65,3,"신축, 드레스룸 완비, 엘베O, 주차장 넓음, 위치 좋은곳",https://www.zigbang.com/home/apt/items/49682781
2026-08-08 05:02:14,빌라투룸,49757791,매매,05,경기도 안양시 만안구 안양동,안양시 만안구,안양동,23500,0,23500,45.57,13.78,3,최저가 엑기스매물 방3화2 23년 준공 트인 산뷰 급매,https://www.zigbang.com/home/apt/items/49757791
2026-08-08 05:02:14,빌라투룸,49826311,매매,05,경기도 안산시 상록구 수암동,안산시 상록구,수암동,17500,0,17500,60.74,18.37,3,"채광좋은 정남향 엄청나게 넓은 주방,거실 저렴하게나온 빌라",https://www.zigbang.com/home/apt/items/49826311
2026-08-08 05:02:14,빌라투룸,49835979,매매,06,경기도 안양시 만안구 안양동,안양시 만안구,안양동,32000,0,32000,59.92,18.13,4,초급매 포룸 입니다 금액 컨디션 사이즈 좋습니다,https://www.zigbang.com/home/apt/items/49835979
2026-08-08 05:02:14,빌라투룸,49860714,전세,05,경기도 안산시 상록구 수암동,안산시 상록구,수암동,6000,0,0,49.63,15.01,3,"방3개, LH, 경기도시공사 가능, 남향으로 채광좋은 집",https://www.zigbang.com/home/apt/items/49860714
2026-08-08 05:02:14,빌라투룸,49882594,월세,05,경기도 안산시 상록구 수암동,안산시 상록구,수암동,500,45,0,36.08,10.91,2,"방3개, 화1개, 거실겸 주방 구조,8월15일 이후 입주가",https://www.zigbang.com/home/apt/items/49882594
2026-08-08 05:02:14,빌라투룸,49914910,매매,04,경기도 안양시 만안구 안양동,안양시 만안구,안양동,21000,0,21000,31.91,9.65,4,준식축급ㅣ특가매물ㅣ컨디션최고,https://www.zigbang.com/home/apt/items/49914910
2026-08-08 05:02:14,빌라투룸,49917452,매매,05,경기도 안양시 만안구 안양동,안양시 만안구,안양동,31000,0,31000,58.51,17.7,4,준신축 쓰리룸과 거실,https://www.zigbang.com/home/apt/items/49917452
2026-08-08 05:02:14,빌라투룸,49970276,매매,05,경기도 안산시 상록구 수암동,안산시 상록구,수암동,31900,0,31900,81.02,24.51,2,부족한 실입주금 상담 환영합니다ㅣ3룸 2화장실ㅣ무료상담,https://www.zigbang.com/home/apt/items/49970276
2026-08-08 05:02:14,빌라투룸,49976859,월세,05,경기도 안산시 상록구 수암동,안산시 상록구,수암동,1000,45,0,49.01,14.83,1,"방3개, 수리되어 깨끗, 즉시 입주 가능합니다.",https://www.zigbang.com/home/apt/items/49976859
2026-08-08 05:02:14,빌라투룸,49549820,매매,04,경기도 시흥시 은행동,시흥시,은행동,15000,0,15000,38.55,11.66,3,실입주금2000 급매 낮은매매가 신축컨디션.,https://www.zigbang.com/home/apt/items/49549820
2026-08-08 05:02:14,빌라투룸,49817734,매매,05,경기도 시흥시 매화동,시흥시,매화동,15900,0,15900,49.86,15.08,4,초 급매물 쓰리룸ㅣ엘베OK l 학세권에 살기 좋은 동네,https://www.zigbang.com/home/apt/items/49817734
2026-08-08 05:02:14,빌라투룸,49874242,매매,06,경기도 시흥시 은행동,시흥시,은행동,31000,0,31000,64.39,19.48,5,ㅇ낭만있는집ㅇ복층ㅇ테라스ㅇ넓고 큰집ㅇ,https://www.zigbang.com/home/apt/items/49874242
2026-08-08 05:02:14,빌라투룸,49907288,매매,05,경기도 시흥시 신천동,시흥시,신천동,29000,0,29000,39.76,12.03,3,l대출잘나오는l실매물l 사진속 그집그대로 즉시입주가능,https://www.zigbang.com/home/apt/items/49907288
2026-08-08 05:02:14,빌라투룸,49915692,매매,05,경기도 시흥시 매화동,시흥시,매화동,16000,0,16000,44.87,13.57,3,급매 준신축 대단지 쓰리룸,https://www.zigbang.com/home/apt/items/49915692
2026-08-08 05:02:14,빌라투룸,49932939,매매,05,경기도 시흥시 신천동,시흥시,신천동,22000,0,22000,37.41,11.32,7,"엘베 O 방3 , 컨디션 굿 신천역 역세권",https://www.zigbang.com/home/apt/items/49932939
2026-08-08 05:02:16,빌라투룸,49957974,매매,05,인천시 서해구 경서동,서해구,경서동,10000,0,10000,50.03,15.13,2,경서동 쑥공원인근 3룸 올수리 매매 깔끔,https://www.zigbang.com/home/apt/items/49957974
2026-08-08 05:02:16,빌라투룸,49961022,매매,05,인천시 서해구 검암동,서해구,검암동,14900,0,14900,52.9,16.0,3,신축급 인테리어 쓰리룸 검암역 검바위역 역세권 매물,https://www.zigbang.com/home/apt/items/49961022
2026-08-08 05:02:16,빌라투룸,49962081,매매,05,인천시 서해구 검암동,서해구,검암동,19500,0,19500,75.28,22.77,2,신축급 인테리어 상태굿 검바위역 도보 방3 화2 실속형매물,https://www.zigbang.com/home/apt/items/49962081
2026-08-08 05:02:16,빌라투룸,49963584,매매,05,인천시 서해구 경서동,서해구,경서동,19900,0,19900,70.12,21.21,4,경서동 3룸 정남향 오피스텔 넓은 집 찾는다면 여기,https://www.zigbang.com/home/apt/items/49963584
2026-08-08 05:02:16,빌라투룸,49966128,매매,06,인천시 서해구 검암동,서해구,검암동,14900,0,14900,49.72,15.04,4,검바위역 도보1분 저렴한 올수리 복층빌라 매매,https://www.zigbang.com/home/apt/items/49966128
2026-08-08 05:02:16,빌라투룸,49967675,매매,05,인천시 서해구 검암동,서해구,검암동,12900,0,12900,44.16,13.36,3,검암동 3룸 올수리 급매물,https://www.zigbang.com/home/apt/items/49967675
2026-08-08 05:02:16,빌라투룸,49969036,월세,05,인천시 서해구 검암동,서해구,검암동,50,50,0,36.22,10.96,5,6개월치씩 선납하는 3룸 저보증금 단기매물,https://www.zigbang.com/home/apt/items/49969036
2026-08-08 05:02:16,빌라투룸,49974502,매매,05,인천시 서해구 검암동,서해구,검암동,12900,0,12900,45.44,13.75,3,검암동 저렴한 3룸 주차100프로가능 매매,https://www.zigbang.com/home/apt/items/49974502
2026-08-08 05:02:16,빌라투룸,49977793,매매,05,인천시 서해구 공촌동,서해구,공촌동,13500,0,13500,62.22,18.82,1,직접 현장 확인.특올수리 방3.베란다2개 구조,https://www.zigbang.com/home/apt/items/49977793
2026-08-08 05:02:16,빌라투룸,49984972,월세,05,인천시 서해구 연희동,서해구,연희동,1500,65,0,59,17.85,3,주방 거실 분리올수리 쓰리룸 공실,https://www.zigbang.com/home/apt/items/49984972
2026-08-08 05:02:18,빌라투룸,49740896,매매,05,경기도 김포시 고촌읍 신곡리,김포시,고촌읍,32000,0,32000,49.26,14.9,5,고촌역 도보5분 역세권 복층 급매물,https://www.zigbang.com/home/apt/items/49740896
2026-08-08 05:02:18,빌라투룸,49915849,매매,05,경기도 김포시 고촌읍 신곡리,김포시,고촌읍,33900,0,33900,38.39,11.61,5,부족한 실입주금 상담 환영합니다ㅣ3룸 2화장실ㅣ무료상담,https://www.zigbang.com/home/apt/items/49915849
2026-08-08 05:02:18,빌라투룸,49982785,매매,04,경기도 김포시 고촌읍 신곡리,김포시,고촌읍,17500,0,17500,48.87,14.78,1,l대출잘나오는l실매물l 자금부족 고민끝 진짜빌라 확인,https://www.zigbang.com/home/apt/items/49982785
2026-08-08 05:02:18,빌라투룸,49904501,매매,06,서울시 강서구 방화동,강서구,방화동,59800,0,59800,84.15,25.46,6,방화역5호선 도보 5분 5룸 자주식주차,https://www.zigbang.com/home/apt/items/49904501
2026-08-08 05:02:18,빌라투룸,49979570,월세,05,서울시 양천구 목동,양천구,목동,23000,30,0,50.63,15.32,5,염창역5분 쓰리룸 남향 빌라,https://www.zigbang.com/home/apt/items/49979570
2026-08-08 05:02:18,빌라투룸,49985861,월세,04,서울시 마포구 합정동,마포구,합정동,20900,5,0,30.48,9.22,2,"버팀목 전세대출등 모든전세대출가 ,보증보험가, 올수리 깔끔",https://www.zigbang.com/home/apt/items/49985861
2026-08-08 05:02:19,빌라투룸,49822594,월세,05,경기도 수원시 권선구 호매실동,수원시 권선구,호매실동,1000,50,0,43.5,13.16,2,"입주협의,올수리된 빌라,구조좋은 빌라.남향",https://www.zigbang.com/home/apt/items/49822594
2026-08-08 05:02:19,빌라투룸,49857520,매매,05,경기도 수원시 권선구 금곡동,수원시 권선구,금곡동,190000,0,190000,175.6,53.12,1,"최상의 단독주택,편백인테리어,최상의 인테리어,채광좋은집",https://www.zigbang.com/home/apt/items/49857520
2026-08-08 05:02:19,빌라투룸,49874602,전세,05,경기도 수원시 권선구 호매실동,수원시 권선구,호매실동,18000,0,0,70,21.17,3,칠보산이 바로 보이는 뷰가 좋은 주택으로 남향입니다,https://www.zigbang.com/home/apt/items/49874602
2026-08-08 05:02:19,빌라투룸,49942495,월세,05,경기도 수원시 권선구 호매실동,수원시 권선구,호매실동,18000,10,0,67.98,20.56,3,"LH전세가능,3룸 욕실2개 채광좋은 남향",https://www.zigbang.com/home/apt/items/49942495
2026-08-08 05:02:19,빌라투룸,49942533,매매,04,경기도 수원시 권선구 당수동,수원시 권선구,당수동,16000,0,16000,42.21,12.77,5,"월세안고 매매, 26년 8월 만기,탁트인조망,넓은 발코니,",https://www.zigbang.com/home/apt/items/49942533
2026-08-08 05:02:19,빌라투룸,49953468,매매,05,경기도 수원시 권선구 당수동,수원시 권선구,당수동,19500,0,19500,49.37,14.93,2,부족한 실입주금 환영합니다ㅣ3룸 2화장실ㅣ무료상담 환영,https://www.zigbang.com/home/apt/items/49953468
2026-08-08 05:02:19,빌라투룸,49979500,월세,04,경기도 수원시 장안구 율전동,수원시 장안구,율전동,1000,56,0,40,12.1,2,성대역도보가능 큰길가  밝은투룸,https://www.zigbang.com/home/apt/items/49979500
2026-08-08 05:02:19,빌라투룸,49981880,월세,05,경기도 수원시 장안구 정자동,수원시 장안구,정자동,1000,120,0,73.25,22.16,4,옥상 단독 사용 가능한 주인세대 월세,https://www.zigbang.com/home/apt/items/49981880
2026-08-08 05:02:19,빌라투룸,49982437,매매,05,경기도 수원시 권선구 서둔동,수원시 권선구,서둔동,26000,0,26000,54.55,16.5,3,수원역 도보5분 신축급매물 시세대비저렴한  밝고 깨끗한 집,https://www.zigbang.com/home/apt/items/49982437
2026-08-08 05:02:19,빌라투룸,49983931,월세,04,경기도 수원시 권선구 구운동,수원시 권선구,구운동,8000,25,0,68,20.57,2,완전올수리 거실 방 모두넓고  주차가능한집,https://www.zigbang.com/home/apt/items/49983931
2026-08-08 05:02:19,빌라투룸,49665839,월세,05,경기도 의왕시 고천동,의왕시,고천동,5700,92,0,84.83,25.66,10,GH 특화형 매입임대주택,https://www.zigbang.com/home/apt/items/49665839
2026-08-08 05:02:19,빌라투룸,49771919,월세,05,경기도 의왕시 고천동,의왕시,고천동,5000,140,0,64.12,19.4,3,"시스템에어컨4, 실링펜, 신축 첫입주, 주차완벽",https://www.zigbang.com/home/apt/items/49771919
2026-08-08 05:02:19,빌라투룸,49891156,월세,04,경기도 수원시 장안구 파장동,수원시 장안구,파장동,1000,60,0,38,11.49,2,1번국도인근 대형마트 교통편함 내부깨끗 애견불가,https://www.zigbang.com/home/apt/items/49891156
2026-08-08 05:02:19,빌라투룸,49947768,월세,04,경기도 수원시 장안구 파장동,수원시 장안구,파장동,1000,60,0,45,13.61,2,파장 행정복지센터 인근 투룸 월세,https://www.zigbang.com/home/apt/items/49947768
2026-08-08 05:02:20,빌라투룸,49953284,월세,04,경기도 용인시 수지구 신봉동,용인시 수지구,신봉동,10900,30,0,38.47,11.64,2,"이마트,서수지IC차량5분 밝고,깨끗한풀옵션2룸융자X,허그O",https://www.zigbang.com/home/apt/items/49953284
2026-08-08 05:02:20,빌라투룸,49953290,월세,05,경기도 용인시 수지구 신봉동,용인시 수지구,신봉동,15000,95,0,49.58,15.0,4,"성복역차량5분,이마트도보5분 남향복층형3룸 엘베O,주차O",https://www.zigbang.com/home/apt/items/49953290
2026-08-08 05:02:20,빌라투룸,49955846,전세,04,경기도 용인시 수지구 신봉동,용인시 수지구,신봉동,14000,0,0,40,12.1,3,융무 깨끗한 투룸 애완X,https://www.zigbang.com/home/apt/items/49955846
2026-08-08 05:02:21,빌라투룸,49586042,전세,05,경기도 의왕시 청계동,의왕시,청계동,25000,0,0,67,20.27,2,"방3,화1  반전세도 됨. 즉시입주가능",https://www.zigbang.com/home/apt/items/49586042
2026-08-08 05:02:21,빌라투룸,49659459,월세,04,경기도 안양시 동안구 호계동,안양시 동안구,호계동,1000,50,0,46.28,14.0,반지하,갈산동 작은방도 큰 반지층 투룸,https://www.zigbang.com/home/apt/items/49659459
2026-08-08 05:02:21,빌라투룸,49666592,전세,04,경기도 의왕시 청계동,의왕시,청계동,25000,0,0,84,25.41,4,넓은 거실 I 넓은베란다 I 방2 화2 I 즉시입주,https://www.zigbang.com/home/apt/items/49666592
2026-08-08 05:02:21,빌라투룸,49715792,월세,06,경기도 의왕시 청계동,의왕시,청계동,5000,100,0,99.36,30.06,2,남향 I 방4개 I 넓은 주택,https://www.zigbang.com/home/apt/items/49715792
2026-08-08 05:02:21,빌라투룸,49787278,전세,04,경기도 안양시 동안구 호계동,안양시 동안구,호계동,16000,0,0,47,14.22,2,"평촌학원가 2룸,  8월말 입주",https://www.zigbang.com/home/apt/items/49787278
2026-08-08 05:02:21,빌라투룸,49798858,월세,04,경기도 안양시 동안구 평촌동,안양시 동안구,평촌동,1000,65,0,48,14.52,1,"귀인동  1층 조용한 2룸, 하시입주,베란다",https://www.zigbang.com/home/apt/items/49798858
2026-08-08 05:02:21,빌라투룸,49805529,전세,04,경기도 의왕시 포일동,의왕시,포일동,26000,0,0,49.38,14.94,1,빠른이사가능 I 채광좋은 투룸,https://www.zigbang.com/home/apt/items/49805529
2026-08-08 05:02:21,빌라투룸,49817051,월세,05,경기도 안양시 동안구 호계동,안양시 동안구,호계동,1000,55,0,55,16.64,반지하,"갈산동  3룸 반지층  월세, 베란다,8월초부터 입주가능",https://www.zigbang.com/home/apt/items/49817051
2026-08-08 05:02:21,빌라투룸,49830455,매매,05,경기도 의왕시 포일동,의왕시,포일동,27000,0,27000,46.64,14.11,3,급급매 추천 채광 좋은 내부깔끔한 3층 빌라매매,https://www.zigbang.com/home/apt/items/49830455
2026-08-08 05:02:21,빌라투룸,49830479,매매,05,경기도 의왕시 포일동,의왕시,포일동,29000,0,29000,46.51,14.07,2,"숲세권ㅣ학세권ㅣ안양,판교 출퇴근ㅣ모두 갖춘 웰빙 빌라",https://www.zigbang.com/home/apt/items/49830479
2026-08-08 05:02:21,빌라투룸,49844461,월세,05,경기도 의왕시 청계동,의왕시,청계동,15000,50,0,60,18.15,2,"거실,안방이넓은 쓰리룸 즉시입주",https://www.zigbang.com/home/apt/items/49844461
2026-08-08 05:02:21,빌라투룸,49855853,전세,04,경기도 의왕시 청계동,의왕시,청계동,25000,0,0,84,25.41,4,넓은 거실 I 투룸 I 화장실2 I 융자무 I 전세ok,https://www.zigbang.com/home/apt/items/49855853
2026-08-08 05:02:21,빌라투룸,49867520,월세,04,경기도 안양시 동안구 평촌동,안양시 동안구,평촌동,5000,55,0,40,12.1,2,학원가 투룸 월세,https://www.zigbang.com/home/apt/items/49867520
2026-08-08 05:02:21,빌라투룸,49901419,매매,05,경기도 의왕시 포일동,의왕시,포일동,36500,0,36500,47.34,14.32,3,대출잘나오는l실매물l 여기저기 찔러보다 지친 분 클릭,https://www.zigbang.com/home/apt/items/49901419
2026-08-08 05:02:21,빌라투룸,49920286,전세,05,경기도 의왕시 청계동,의왕시,청계동,25000,0,0,66.12,20.0,2,귀한 쓰리룸 전세 I 반전세가능 I 집상태굿,https://www.zigbang.com/home/apt/items/49920286
2026-08-08 05:02:21,빌라투룸,49821122,매매,05,경기도 의왕시 학의동,의왕시,학의동,28000,0,28000,52.33,15.83,3,학의동 20년식 3룸 준신축 막힘없는 뻥뷰 급매물,https://www.zigbang.com/home/apt/items/49821122
2026-08-08 05:02:21,빌라투룸,49847251,매매,04,경기도 의왕시 학의동,의왕시,학의동,23600,0,23600,43.15,13.05,2,준신축급매물 넓은 투룸 저금리 기금대출가능 막힘없는 집,https://www.zigbang.com/home/apt/items/49847251
2026-08-08 05:02:21,빌라투룸,49902352,전세,06,경기도 의왕시 학의동,의왕시,학의동,50000,0,0,69.85,21.13,4,"보증보험가,주인세대복층,넓은테라스,시스템에어컨풀,방4,화3",https://www.zigbang.com/home/apt/items/49902352
2026-08-08 05:02:21,빌라투룸,49902385,전세,06,경기도 의왕시 학의동,의왕시,학의동,45000,0,0,50.13,15.16,2,"2층과1층복층구조,아이키우기좋은환경,인테리어굿,풀옵션,남향",https://www.zigbang.com/home/apt/items/49902385
2026-08-08 05:02:21,빌라투룸,49902410,월세,06,경기도 의왕시 학의동,의왕시,학의동,20000,200,0,140.39,42.47,4,"주인세대,복층구조,넓은테라스 중정있는이쁜구조,에어컨풀,방4",https://www.zigbang.com/home/apt/items/49902410
2026-08-08 05:02:21,빌라투룸,49902423,전세,05,경기도 의왕시 학의동,의왕시,학의동,40000,0,0,75.65,22.88,3,"보증보험가능,롯데몰옆주택단지,넓은거실과큰방3개,큰드레스룸,",https://www.zigbang.com/home/apt/items/49902423
2026-08-08 05:02:21,빌라투룸,49902433,전세,05,경기도 의왕시 학의동,의왕시,학의동,30000,0,0,60.79,18.39,2,"융무,대출보증보험가,,커뮤니티시설및초중교인접,시스템에어컨풀",https://www.zigbang.com/home/apt/items/49902433
2026-08-08 05:02:21,빌라투룸,49902447,전세,04,경기도 의왕시 학의동,의왕시,학의동,28000,0,0,75.38,22.8,2,"커뮤니티시설및초중교인접,조용한주택단지,큰방2,넓은거실",https://www.zigbang.com/home/apt/items/49902447
2026-08-08 05:02:21,빌라투룸,49902459,전세,04,경기도 의왕시 학의동,의왕시,학의동,30000,0,0,59.82,18.1,2,"융무,대출,보증보험가,안방드레스룸,한쪽트인뷰,시스템에어컨",https://www.zigbang.com/home/apt/items/49902459
2026-08-08 05:02:21,빌라투룸,49902491,월세,06,경기도 의왕시 학의동,의왕시,학의동,20000,140,0,69.85,21.13,4,"복층주인세대,테라스,실사용면적은훨씬넓음,방4,화3,풀에어컨",https://www.zigbang.com/home/apt/items/49902491
2026-08-08 05:02:21,빌라투룸,49902528,전세,05,경기도 의왕시 학의동,의왕시,학의동,30000,0,0,60.79,18.39,3,"융무,보증보험가,커뮤니티인접,주택단지,에어컨풀,방3,화2",https://www.zigbang.com/home/apt/items/49902528
2026-08-08 05:02:21,빌라투룸,49907224,매매,05,경기도 의왕시 학의동,의왕시,학의동,30500,0,30500,49.54,14.99,4,l대출잘나오는l실매물l 대출 걱정 끝 허위 없는 진짜 매매,https://www.zigbang.com/home/apt/items/49907224
2026-08-08 05:02:21,빌라투룸,49980987,전세,05,경기도 의왕시 학의동,의왕시,학의동,32000,0,0,73.12,22.12,2,"융무,보증보험가,위치좋고넓고이쁜집,넓은팬트리,천장에어컨2대",https://www.zigbang.com/home/apt/items/49980987
2026-08-08 05:02:21,빌라투룸,49812832,월세,04,경기도 성남시 수정구 금토동,성남시 수정구,금토동,2000,120,0,59,17.85,2,조용한주택 가투룸,https://www.zigbang.com/home/apt/items/49812832
2026-08-08 05:02:21,빌라투룸,49894107,매매,05,경기도 의왕시 청계동,의왕시,청계동,35000,0,35000,72.32,21.88,2,I 급매 I 거실 뻥뷰 I 인테리어굿 I 구조굿 I 강추,https://www.zigbang.com/home/apt/items/49894107
2026-08-08 05:02:21,빌라투룸,49901371,매매,05,경기도 의왕시 청계동,의왕시,청계동,33900,0,33900,49.18,14.88,2,l대출잘나오는l실매물l 매달 버리는 월세 이제 탈출하세요,https://www.zigbang.com/home/apt/items/49901371
2026-08-08 05:02:22,빌라투룸,49729787,매매,05,경기도 용인시 처인구 포곡읍 전대리,용인시 처인구,포곡읍,15000,0,15000,59.96,18.14,5,실매물ㅇ집주인인증ㅇ방문예약가능,https://www.zigbang.com/home/apt/items/49729787
2026-08-08 05:02:22,빌라투룸,49746462,매매,05,경기도 용인시 처인구 포곡읍 전대리,용인시 처인구,포곡읍,30000,0,30000,68.66,20.77,2,전대리역 도보5분 넓은 3룸 신축분양 적은 실입주금,https://www.zigbang.com/home/apt/items/49746462
2026-08-08 05:02:22,빌라투룸,49775957,전세,05,경기도 용인시 처인구 포곡읍 전대리,용인시 처인구,포곡읍,6000,0,0,56.2,17.0,4,포곡초후문집 크고 방3화1 남향해잘들고 학군교통편의경전철,https://www.zigbang.com/home/apt/items/49775957
2026-08-08 05:02:22,빌라투룸,49775958,매매,05,경기도 용인시 처인구 포곡읍 전대리,용인시 처인구,포곡읍,7500,0,7500,58,17.54,4,깨끗 남향 포곡초후문인근 올수리된 학군교통 편의시설굿,https://www.zigbang.com/home/apt/items/49775958
2026-08-08 05:02:22,빌라투룸,49825992,매매,05,경기도 용인시 처인구 포곡읍 둔전리,용인시 처인구,포곡읍,11500,0,11500,64.08,19.38,4,o올수리o 저렴하게 매매할수있는 3룸 대출상담환영,https://www.zigbang.com/home/apt/items/49825992
2026-08-08 05:02:22,빌라투룸,49829903,매매,05,경기도 용인시 처인구 포곡읍 둔전리,용인시 처인구,포곡읍,19000,0,19000,64.47,19.5,3,실매물ㅇ집주인인증ㅇ방문예약가능,https://www.zigbang.com/home/apt/items/49829903
2026-08-08 05:02:22,빌라투룸,49883303,매매,05,경기도 용인시 처인구 포곡읍 둔전리,용인시 처인구,포곡읍,15000,0,15000,48.75,14.75,4,둔전리 방3 화2 구조 좋은 넓은 평수 쓰리룸 빌라,https://www.zigbang.com/home/apt/items/49883303
2026-08-08 05:02:22,빌라투룸,49907581,매매,05,경기도 용인시 처인구 포곡읍 전대리,용인시 처인구,포곡읍,17500,0,17500,71.55,21.64,3,l대출잘나오는l실매물l 헛걸음이제그만 한도맞춤형 빌라,https://www.zigbang.com/home/apt/items/49907581
2026-08-08 05:02:22,빌라투룸,49908823,매매,05,경기도 용인시 처인구 포곡읍 둔전리,용인시 처인구,포곡읍,23000,0,23000,69.18,20.93,5,엘o 방3 주택 21년식 에버라인 역세권 최저실입 가능,https://www.zigbang.com/home/apt/items/49908823
2026-08-08 05:02:22,빌라투룸,49932218,매매,05,경기도 용인시 처인구 포곡읍 전대리,용인시 처인구,포곡읍,15500,0,15500,73.99,22.38,4,실매물ㅇ집주인인증ㅇ방문예약가능,https://www.zigbang.com/home/apt/items/49932218
2026-08-08 05:02:22,빌라투룸,49971126,매매,05,경기도 용인시 처인구 포곡읍 전대리,용인시 처인구,포곡읍,17500,0,17500,55.62,16.82,2,잘빠진 쓰리룸 엘베OK 초 급매물로 가격좋음,https://www.zigbang.com/home/apt/items/49971126
2026-08-08 05:02:22,빌라투룸,49978792,월세,06,경기도 용인시 처인구 포곡읍 둔전리,용인시 처인구,포곡읍,1500,120,0,99.17,30.0,4,타운하우스같은 방4화3 주인세대 주차굿 귀한매물 단기가능,https://www.zigbang.com/home/apt/items/49978792
2026-08-08 05:02:22,빌라투룸,49853540,매매,05,경기도 광주시 신현동,광주시,신현동,26800,0,26800,61.6,18.63,2,"마지막 한세대 해약 원가 뻥 뚫린 산뷰, 공기좋고 실27평",https://www.zigbang.com/home/apt/items/49853540
2026-08-08 05:02:22,빌라투룸,49901323,월세,05,경기도 용인시 처인구 모현읍 능원리,용인시 처인구,모현읍,300,125,0,63.98,19.35,1,ㅡㅡ복층ㅣ단기가능ㅣ보증금조절Xㅣ,https://www.zigbang.com/home/apt/items/49901323
2026-08-08 05:02:22,빌라투룸,49901335,월세,05,경기도 용인시 처인구 모현읍 능원리,용인시 처인구,모현읍,300,130,0,62.74,18.98,3,ㅡㅡNEWㅣ복층쓰리룸ㅣ단기OKㅣ,https://www.zigbang.com/home/apt/items/49901335
2026-08-08 05:02:22,빌라투룸,49907489,매매,05,경기도 광주시 신현동,광주시,신현동,18000,0,18000,55,16.64,3,신현동 3룸 구조좋은 올수리 급매물,https://www.zigbang.com/home/apt/items/49907489
2026-08-08 05:02:22,빌라투룸,49907547,매매,06,경기도 광주시 신현동,광주시,신현동,32000,0,32000,68.81,20.81,1,신현동 4룸 준신축 테라스 마당 엄청 넓은 집,https://www.zigbang.com/home/apt/items/49907547
2026-08-08 05:02:22,빌라투룸,49954701,매매,05,경기도 광주시 능평동,광주시,능평동,19300,0,19300,58.2,17.61,4,복층특가 신축급컨디션 채광굿 막힘없는뷰,https://www.zigbang.com/home/apt/items/49954701
2026-08-08 05:02:22,빌라투룸,49959178,월세,05,경기도 광주시 능평동,광주시,능평동,200,70,0,33.39,10.1,3,공실공실 단기단기 월세월세,https://www.zigbang.com/home/apt/items/49959178
2026-08-08 05:02:22,빌라투룸,49972220,매매,05,경기도 용인시 처인구 모현읍 능원리,용인시 처인구,모현읍,19800,0,19800,72.96,22.07,2,o대형평수급매물o 방3화2 밝은채광 소액으로대출가능한집,https://www.zigbang.com/home/apt/items/49972220
2026-08-08 05:02:22,빌라투룸,49541996,매매,05,경기도 광주시 문형동,광주시,문형동,15500,0,15500,52.54,15.89,3,실매물실사진 층별단독세대 급매물빌라 개별창고있음 도로변근처,https://www.zigbang.com/home/apt/items/49541996
2026-08-08 05:02:22,빌라투룸,49656552,매매,05,경기도 광주시 능평동,광주시,능평동,20800,0,20800,54.51,16.49,1,준신축급 개별창고 테라스 저금리 기금대출가능,https://www.zigbang.com/home/apt/items/49656552
2026-08-08 05:02:22,빌라투룸,49731704,전세,05,경기도 용인시 처인구 모현읍 동림리,용인시 처인구,모현읍,38000,0,0,111.96,33.87,3,"HUG보증보험가능,신축 복층타운하우스,재택근무,전원풍,힐링",https://www.zigbang.com/home/apt/items/49731704
2026-08-08 05:02:22,빌라투룸,49759735,매매,05,경기도 광주시 문형동,광주시,문형동,13500,0,13500,74.1,22.42,1,실매물ㅇ 집주인인증ㅇ방문예약가능,https://www.zigbang.com/home/apt/items/49759735
2026-08-08 05:02:22,빌라투룸,49800341,매매,05,경기도 광주시 문형동,광주시,문형동,26500,0,26500,60.14,18.19,2,크리스마스 선물집 너무 이쁜 준신축 넓은평수 실매물실사진,https://www.zigbang.com/home/apt/items/49800341
2026-08-08 05:02:22,빌라투룸,49883126,매매,05,경기도 광주시 능평동,광주시,능평동,15000,0,15000,53.04,16.04,3,추천 l 가성비 갑 l 위치굿 l 컨디션굿 l 채광굿,https://www.zigbang.com/home/apt/items/49883126
2026-08-08 05:02:22,빌라투룸,49894138,매매,05,경기도 용인시 처인구 모현읍 동림리,용인시 처인구,모현읍,22500,0,22500,47.81,14.46,2,넓은 쓰리룸 적은실입주금 고민하지말고 문의주세요,https://www.zigbang.com/home/apt/items/49894138
2026-08-08 05:02:22,빌라투룸,49909631,매매,06,경기도 광주시 문형동,광주시,문형동,16000,0,16000,128.69,38.93,1,실매물실사진 숲속개울가 정원 텃밭 산책로 힐링하는 귀한매물,https://www.zigbang.com/home/apt/items/49909631
2026-08-08 05:02:22,빌라투룸,49912819,매매,05,경기도 광주시 문형동,광주시,문형동,10900,0,10900,78.66,23.79,1,실매물실사진 도로변 성남권분당권 조용하고 상태좋음 넓은평수,https://www.zigbang.com/home/apt/items/49912819
2026-08-08 05:02:22,빌라투룸,49941267,매매,05,경기도 광주시 능평동,광주시,능평동,18900,0,18900,66.46,20.1,1,엘o 방3 뻥뷰 17년식 1억대 급매 준신축 최저실입가능,https://www.zigbang.com/home/apt/items/49941267
2026-08-08 05:02:23,빌라투룸,49667505,매매,05,경기도 광주시 태전동,광주시,태전동,27000,0,27000,59.89,18.12,2,태전동 방3 화2 인기 최고 매물 깔끔한 컨디션 준신축,https://www.zigbang.com/home/apt/items/49667505
2026-08-08 05:02:23,빌라투룸,49847387,매매,05,경기도 광주시 태전동,광주시,태전동,25800,0,25800,59.89,18.12,2,마지막찬스 신축급컨디션 넓은3룸 광역버스 5분거리,https://www.zigbang.com/home/apt/items/49847387
2026-08-08 05:02:24,빌라투룸,49668350,매매,05,경기도 광주시 목현동,광주시,목현동,18000,0,18000,62.78,18.99,2,"주변시세대비 급매, 넓게 잘빠진 구조",https://www.zigbang.com/home/apt/items/49668350
2026-08-08 05:02:24,빌라투룸,49683754,매매,05,경기도 광주시 삼동,광주시,삼동,15500,0,15500,44.86,13.57,3,성남권 삼동역 조용하고 상태좋은 깔끔함 바로 요기요,https://www.zigbang.com/home/apt/items/49683754
2026-08-08 05:02:24,빌라투룸,49710218,매매,05,경기도 광주시 목현동,광주시,목현동,19000,0,19000,62.78,18.99,1,4년전 올수리된 깨끗한집,https://www.zigbang.com/home/apt/items/49710218
2026-08-08 05:02:24,빌라투룸,49715046,매매,05,경기도 광주시 삼동,광주시,삼동,16000,0,16000,54.06,16.35,1,삼동 위치좋은 주택가 지역에 시세대비 저렴한 준신축 매물,https://www.zigbang.com/home/apt/items/49715046
2026-08-08 05:02:24,빌라투룸,49793790,매매,05,경기도 광주시 목현동,광주시,목현동,17500,0,17500,45.29,13.7,2,ㅇ귀한2층ㅇ채광굿ㅇ내부컨디션 굿ㅇ공실ㅇ항시방문,https://www.zigbang.com/home/apt/items/49793790
2026-08-08 05:02:24,빌라투룸,49796888,매매,05,경기도 광주시 태전동,광주시,태전동,18500,0,18500,59.94,18.13,2,위치좋은 주택가 깔끔하고밝은집 신축급매물 인근시세대비 저렴,https://www.zigbang.com/home/apt/items/49796888
2026-08-08 05:02:24,빌라투룸,49844024,매매,05,경기도 광주시 목현동,광주시,목현동,17500,0,17500,56.86,17.2,3,"엘베있는 로얄3층, 깨끗하게 관리된 실사진 실매물",https://www.zigbang.com/home/apt/items/49844024
2026-08-08 05:02:24,빌라투룸,49844807,매매,05,경기도 광주시 목현동,광주시,목현동,21000,0,21000,59.7,18.06,1,"테라스가 있는 넓은 3룸, 성남 출퇴근 편리한 목현동 초입",https://www.zigbang.com/home/apt/items/49844807
2026-08-08 05:02:24,빌라투룸,49867378,매매,05,경기도 광주시 목현동,광주시,목현동,16500,0,16500,49.72,15.04,3,성남 진입 편하고 위치좋은 준신축 급매물 인근시세대비 저렴,https://www.zigbang.com/home/apt/items/49867378
2026-08-08 05:02:24,빌라투룸,49910042,매매,05,경기도 광주시 삼동,광주시,삼동,36500,0,36500,78.06,23.61,3,실매물실사진 넓은평수 성남권 신축현장 바로입주 가능,https://www.zigbang.com/home/apt/items/49910042
2026-08-08 05:02:24,빌라투룸,49912389,매매,05,경기도 광주시 삼동,광주시,삼동,16000,0,16000,47.5,14.37,3,삼동역세권 위치좋은 인근시세대비 저렴 구조잘나온 신축급매물,https://www.zigbang.com/home/apt/items/49912389
2026-08-08 05:02:24,빌라투룸,49914909,매매,05,경기도 광주시 중대동,광주시,중대동,17000,0,17000,72.04,21.79,4,"전용22평 넓은 구조, 가격많이 다운된 급매",https://www.zigbang.com/home/apt/items/49914909
2026-08-08 05:02:24,빌라투룸,49914912,매매,05,경기도 광주시 목현동,광주시,목현동,18000,0,18000,66.6,20.15,1,화장실빼고 샷시까지 올수리된 공실 매물,https://www.zigbang.com/home/apt/items/49914912
2026-08-08 05:02:24,빌라투룸,49932286,매매,05,경기도 광주시 삼동,광주시,삼동,16000,0,16000,55.7,16.85,3,"전체 올 리모델링, 삼동역 버스환승 편리, 채광 좋은 남향",https://www.zigbang.com/home/apt/items/49932286
2026-08-08 05:02:24,빌라투룸,49961835,매매,05,경기도 광주시 목현동,광주시,목현동,15500,0,15500,45.9,13.88,2,"그림같은 숲전망, 대로변 도보 8분거리, 새집같은 컨디션",https://www.zigbang.com/home/apt/items/49961835
2026-08-08 05:02:24,빌라투룸,49968546,월세,04,서울시 관악구 남현동,관악구,남현동,32000,50,0,32.33,9.78,6,신축 첫입주 . 뻥뷰 . 보증보험 O,https://www.zigbang.com/home/apt/items/49968546
2026-08-08 05:02:24,빌라투룸,49968604,월세,04,서울시 관악구 남현동,관악구,남현동,32000,60,0,25.32,7.66,8,남현동BESTㅡ초호화LUXURY투룸ㅡ무융자보험가능,https://www.zigbang.com/home/apt/items/49968604
2026-08-08 05:02:24,빌라투룸,49971726,월세,04,서울시 관악구 봉천동,관악구,봉천동,1000,65,0,37,11.19,2,2층. 베란다 갖춘 투룸,https://www.zigbang.com/home/apt/items/49971726
2026-08-08 05:02:24,빌라투룸,49976563,전세,04,서울시 동작구 사당동,동작구,사당동,33000,0,0,29.92,9.05,2,"신축급 투룸, 보증보험",https://www.zigbang.com/home/apt/items/49976563
2026-08-08 05:02:24,빌라투룸,49977912,월세,04,서울시 관악구 남현동,관악구,남현동,30000,60,0,28.45,8.61,9,사당역 초초신축 허그대출가능 투룸 나왔어요 보증금3억 가능,https://www.zigbang.com/home/apt/items/49977912
2026-08-08 05:02:24,빌라투룸,49978581,월세,04,서울시 관악구 남현동,관악구,남현동,30000,60,0,35.38,10.7,9,신축 첫 입주 뻥뷰 전호실보유 언제든 답사가능 전세대출가능,https://www.zigbang.com/home/apt/items/49978581
2026-08-08 05:02:24,빌라투룸,49979017,월세,04,서울시 관악구 봉천동,관악구,봉천동,3000,175,0,49.5,14.97,2,"낙성대 초초초역세권 귀한 수리된 투룸, 에어비앤비도 가능",https://www.zigbang.com/home/apt/items/49979017
2026-08-08 05:02:24,빌라투룸,49980653,월세,04,서울시 관악구 봉천동,관악구,봉천동,2000,85,0,37,11.19,반지하,주차.미니거실 투룸. 풀옵션,https://www.zigbang.com/home/apt/items/49980653
2026-08-08 05:02:24,빌라투룸,49981094,월세,04,서울시 관악구 봉천동,관악구,봉천동,5000,50,0,36.36,11.0,1,"낙성대역 역세권 깔끔하고 넓은, 가성비 정말 좋은 2룸",https://www.zigbang.com/home/apt/items/49981094
2026-08-08 05:02:24,빌라투룸,49981657,월세,04,서울시 서초구 방배동,서초구,방배동,20000,80,0,29.28,8.86,4,안심대출가능.신축 럭셔리 투룸,https://www.zigbang.com/home/apt/items/49981657
2026-08-08 05:02:24,빌라투룸,49981679,월세,04,서울시 동작구 사당동,동작구,사당동,85,85,0,34.55,10.45,4,"단기 임대 , 미니 테라스 에어컨 옵션, 애완 ok",https://www.zigbang.com/home/apt/items/49981679
2026-08-08 05:02:24,빌라투룸,49984603,월세,04,서울시 관악구 남현동,관악구,남현동,32000,60,0,25.35,7.67,8,보증보험O 첫입주O 사당역 더블역세권O,https://www.zigbang.com/home/apt/items/49984603
2026-08-08 05:02:24,빌라투룸,49984885,월세,04,서울시 관악구 남현동,관악구,남현동,32000,50,0,33.53,10.14,9,신축 첫 입주 뻥뷰 전호실보유 언제든 답사가능 전세대출가능,https://www.zigbang.com/home/apt/items/49984885
2026-08-08 05:02:24,빌라투룸,49985903,월세,04,서울시 관악구 봉천동,관악구,봉천동,13000,39,0,40,12.1,1,주차. 평지. 옵션.채광 좋아요,https://www.zigbang.com/home/apt/items/49985903
2026-08-08 05:02:25,빌라투룸,49974924,월세,05,서울시 송파구 삼전동,송파구,삼전동,30000,160,0,104.31,31.55,6,대출O 엘O 주차O 넓은 3룸 삼전역 도보1분,https://www.zigbang.com/home/apt/items/49974924
2026-08-08 05:02:25,빌라투룸,49977352,월세,04,서울시 강남구 삼성동,강남구,삼성동,300,250,0,40,12.1,2,2룸 단기임대 풀옵션 2층,https://www.zigbang.com/home/apt/items/49977352
2026-08-08 05:02:25,빌라투룸,49980637,월세,05,서울시 송파구 잠실동,송파구,잠실동,3000,120,0,50,15.12,2,잠실새내역 쓰리룸 지정주차,https://www.zigbang.com/home/apt/items/49980637
2026-08-08 05:02:25,빌라투룸,49982101,전세,05,서울시 송파구 잠실동,송파구,잠실동,40000,0,0,44.67,13.51,3,"보증보험가능, 허그신혼보증가능, 실사용면적 넓음",https://www.zigbang.com/home/apt/items/49982101
2026-08-08 05:02:25,빌라투룸,49982165,전세,04,서울시 송파구 잠실동,송파구,잠실동,40000,0,0,44.67,13.51,3,"잠실동 신축쓰리룸,대출가능,보증보험가능,안심전세",https://www.zigbang.com/home/apt/items/49982165
2026-08-08 05:02:25,빌라투룸,49982697,월세,04,서울시 광진구 자양동,광진구,자양동,3000,110,0,45,13.61,3,"넓은2룸, 다용도실,주차가능, 즉시입주",https://www.zigbang.com/home/apt/items/49982697
2026-08-08 05:02:25,빌라투룸,49984342,월세,04,서울시 강남구 역삼동,강남구,역삼동,25000,10,0,20.28,6.13,6,"채광너무밝은 거실없는 투룸, 버팀목가능,보증보험가능",https://www.zigbang.com/home/apt/items/49984342
2026-08-08 05:02:25,빌라투룸,49985068,월세,05,서울시 송파구 잠실동,송파구,잠실동,30000,75,0,22.89,6.92,6,ㅣ버팀목가능ㅣ보증보험가능ㅣ복층 쓰리룸ㅣ엘베있음ㅣ,https://www.zigbang.com/home/apt/items/49985068
2026-08-08 05:02:25,빌라투룸,49985608,전세,04,서울시 송파구 잠실동,송파구,잠실동,34000,0,0,48.53,14.68,3,"버팀목대출 가능, 보증금 조정가능, 전용14.7평",https://www.zigbang.com/home/apt/items/49985608
2026-08-08 05:02:25,빌라투룸,49986099,월세,05,서울시 송파구 삼전동,송파구,삼전동,35000,45,0,57.8,17.48,4,삼전역 쓰리룸 18평 대출 보증보험 주차 베란다2개,https://www.zigbang.com/home/apt/items/49986099
2026-08-08 05:02:25,빌라투룸,49986433,전세,04,서울시 송파구 잠실동,송파구,잠실동,34900,0,0,48.53,14.68,3,삼전역 투룸 주차 대출 반려동물,https://www.zigbang.com/home/apt/items/49986433
2026-08-08 05:02:26,빌라투룸,49986431,전세,04,서울시 성북구 동소문동4가,성북구,동소문동4가,20000,0,0,34,10.28,3,No.1 화이트톤 리모델링 투룸,https://www.zigbang.com/home/apt/items/49986431
2026-08-08 05:02:26,빌라투룸,49986443,월세,04,서울시 성북구 동소문동4가,성북구,동소문동4가,3000,120,0,38,11.49,3,No.1 채광좋은 투룸이에요,https://www.zigbang.com/home/apt/items/49986443
2026-08-08 05:02:26,빌라투룸,49986499,월세,04,서울시 성북구 동소문동6가,성북구,동소문동6가,5000,130,0,33,9.98,2,No.1  신축 투룸입니다 주차가능해요,https://www.zigbang.com/home/apt/items/49986499
2026-08-08 05:02:28,빌라투룸,49983879,월세,05,서울시 송파구 삼전동,송파구,삼전동,190,190,0,43.84,13.26,3,oㅡ할인ㅡo  3룸.. 사이즈 제대로 나와요,https://www.zigbang.com/home/apt/items/49983879
2026-08-08 05:02:28,빌라투룸,49984074,전세,04,서울시 송파구 방이동,송파구,방이동,20000,0,0,41.18,12.46,2,ㅣ버팀목가능ㅣ보증보험가능ㅣ안방 사이즈 큰 투룸ㅣ,https://www.zigbang.com/home/apt/items/49984074
2026-08-08 05:02:28,빌라투룸,49984275,월세,05,서울시 송파구 송파동,송파구,송파동,20000,150,0,53.53,16.19,4,l 준신축 l 엘베 l 방 3 화 2 l,https://www.zigbang.com/home/apt/items/49984275
2026-08-08 05:02:28,빌라투룸,49984975,월세,05,서울시 송파구 문정동,송파구,문정동,5000,185,0,45.65,13.81,2,"방3개, 컨디션 최상급, 편리한 주차공간, 문정역초역세권",https://www.zigbang.com/home/apt/items/49984975
2026-08-08 05:02:28,빌라투룸,49985301,월세,04,서울시 송파구 삼전동,송파구,삼전동,1500,110,0,42.9,12.98,2,석촌고분역 저렴한투룸 주차0,https://www.zigbang.com/home/apt/items/49985301
2026-08-08 05:02:28,빌라투룸,49985625,월세,04,서울시 송파구 삼전동,송파구,삼전동,1500,110,0,40,12.1,2,석촌고분역 투룸 베란다 주차,https://www.zigbang.com/home/apt/items/49985625
2026-08-08 05:02:28,빌라투룸,49985705,전세,04,서울시 송파구 삼전동,송파구,삼전동,13200,0,0,35,10.59,1,"저렴한투룸,버팀목,보증보험가능",https://www.zigbang.com/home/apt/items/49985705
2026-08-08 05:02:29,빌라투룸,49819468,월세,05,경기도 하남시 망월동,하남시,망월동,30000,120,0,59.57,18.02,4,주차 편리하고 실속있는 주인세대,https://www.zigbang.com/home/apt/items/49819468
2026-08-08 05:02:29,빌라투룸,49861820,전세,04,경기도 하남시 덕풍동,하남시,덕풍동,50000,0,0,84,25.41,1,고급 전원주택,https://www.zigbang.com/home/apt/items/49861820
2026-08-08 05:02:29,빌라투룸,49876657,전세,05,경기도 하남시 덕풍동,하남시,덕풍동,60000,0,0,89.26,27.0,2,최상급 주인세대,https://www.zigbang.com/home/apt/items/49876657
2026-08-08 05:02:29,빌라투룸,49892474,월세,04,경기도 하남시 풍산동,하남시,풍산동,300,200,0,43.67,13.21,7,사이즈넓은 투룸 풀옵션 단기임대 가능,https://www.zigbang.com/home/apt/items/49892474
2026-08-08 05:02:29,빌라투룸,49892600,월세,04,경기도 하남시 풍산동,하남시,풍산동,300,185,0,43.47,13.15,8,투룸 복층형 오피스텔 풀옵션,https://www.zigbang.com/home/apt/items/49892600
2026-08-08 05:02:29,빌라투룸,49902279,월세,05,경기도 하남시 신장동,하남시,신장동,10000,70,0,75,22.69,3,실평23평 3층 방 3 넓고 좋아요. 입주협의가능합니다.,https://www.zigbang.com/home/apt/items/49902279
2026-08-08 05:02:29,빌라투룸,49902371,전세,04,경기도 하남시 덕풍동,하남시,덕풍동,9000,0,0,44,13.31,2,넓은 방2 거실겸 주방 공실 좋아요.,https://www.zigbang.com/home/apt/items/49902371
2026-08-08 05:02:29,빌라투룸,49903050,월세,05,경기도 하남시 신장동,하남시,신장동,3000,85,0,65.73,19.88,1,넓고 깨끗한 쓰리룸 월세 입니다.,https://www.zigbang.com/home/apt/items/49903050
2026-08-08 05:02:29,빌라투룸,49953783,월세,05,경기도 하남시 덕풍동,하남시,덕풍동,7000,100,0,56,16.94,6,넓은 쓰리룸 엘베  주차가능 검단산뷰,https://www.zigbang.com/home/apt/items/49953783
2026-08-08 05:02:29,빌라투룸,49962169,전세,04,경기도 하남시 덕풍동,하남시,덕풍동,50000,0,0,84,25.41,2,고급 전원주택,https://www.zigbang.com/home/apt/items/49962169
2026-08-08 05:02:29,빌라투룸,49962794,월세,06,경기도 하남시 망월동,하남시,망월동,10000,190,0,82.31,24.9,4,넓고 큰 주인세대,https://www.zigbang.com/home/apt/items/49962794
2026-08-08 05:02:29,빌라투룸,49986534,전세,05,경기도 하남시 덕풍동,하남시,덕풍동,20000,0,0,77.08,23.32,2,넓은 쓰리룸 전세입니다.,https://www.zigbang.com/home/apt/items/49986534
2026-08-08 05:02:30,빌라투룸,49543424,매매,06,경기도 하남시 망월동,하남시,망월동,240000,0,240000,100,30.25,2,실입주가능 총보증금 9.9억 정남향 코너위치 엘리베이터0K,https://www.zigbang.com/home/apt/items/49543424
2026-08-08 05:02:30,빌라투룸,49543453,매매,06,경기도 하남시 망월동,하남시,망월동,260000,0,260000,273.73,82.8,1,나만의 1가구단독세대 정남향 조경 잘 조성된 독립된단독주택,https://www.zigbang.com/home/apt/items/49543453
2026-08-08 05:02:30,빌라투룸,49701456,매매,06,경기도 하남시 망월동,하남시,망월동,280000,0,280000,120,36.3,3,"인테리어굿 4가구 필로티 주차편리 총 보증금 1,780억원",https://www.zigbang.com/home/apt/items/49701456
2026-08-08 05:02:30,빌라투룸,49707091,매매,05,경기도 하남시 망월동,하남시,망월동,320000,0,320000,100,30.25,2,인테리어 퀄리티높음 실입주 총보증금15억6000 월세230,https://www.zigbang.com/home/apt/items/49707091
2026-08-08 05:02:30,빌라투룸,49932756,매매,05,경기도 하남시 망월동,하남시,망월동,260000,0,260000,99.17,30.0,2,따뜻한 정남향 4세대 복층구조 총 보증금 18억 갭투자가능,https://www.zigbang.com/home/apt/items/49932756
2026-08-08 05:02:30,빌라투룸,49932766,매매,05,경기도 하남시 망월동,하남시,망월동,320000,0,320000,99.17,30.0,3,실 입주가능 총보증금 12억7000만원 대지평수 108평,https://www.zigbang.com/home/apt/items/49932766
2026-08-08 05:02:30,빌라투룸,49932870,매매,06,경기도 하남시 망월동,하남시,망월동,280000,0,280000,99.17,30.0,3,"인테리어굿 4가구 필로티 주차편리 총 보증금 1,780억원",https://www.zigbang.com/home/apt/items/49932870
2026-08-08 05:02:30,빌라투룸,49958060,월세,05,경기도 하남시 망월동,하남시,망월동,15000,100,0,62.81,19.0,2,"귀한 쓰리룸, 화장실2, 시스템에어컨",https://www.zigbang.com/home/apt/items/49958060
2026-08-08 05:02:30,빌라투룸,49671761,매매,05,경기도 김포시 통진읍 서암리,김포시,통진읍,16500,0,16500,57.93,17.52,1,ㅇ준신축급 컨디션ㅇ폴리싱타일ㅇ채광굿ㅇ공실ㅇ항시방문ㅇ,https://www.zigbang.com/home/apt/items/49671761
2026-08-08 05:02:30,빌라투룸,49908755,매매,05,경기도 김포시 통진읍 서암리,김포시,통진읍,16000,0,16000,55.59,16.82,4,엘o 17년식 통진 급매 준신축 학세권 1억대 최저실입가능,https://www.zigbang.com/home/apt/items/49908755
2026-08-08 05:02:30,빌라투룸,49932098,매매,05,경기도 김포시 통진읍 서암리,김포시,통진읍,19600,0,19600,62.27,18.84,3,대단지 신축급 신축급 쓰리룸,https://www.zigbang.com/home/apt/items/49932098
2026-08-08 05:02:30,빌라투룸,49671899,매매,05,경기도 김포시 대곶면 율생리,김포시,대곶면,18300,0,18300,56.56,17.11,3,3룸 신축 컨디션 그대로 저렴한집,https://www.zigbang.com/home/apt/items/49671899
2026-08-08 05:02:30,빌라투룸,49980795,전세,04,경기도 김포시 통진읍 마송리,김포시,통진읍,7000,0,0,45,13.61,2,귀한 투룸  전세,https://www.zigbang.com/home/apt/items/49980795
2026-08-08 05:02:31,빌라투룸,49294536,매매,05,경기도 김포시 북변동,김포시,북변동,18900,0,18900,51.63,15.62,3,마지막 역대급 급급매 초대형 쓰리룸,https://www.zigbang.com/home/apt/items/49294536
2026-08-08 05:02:31,빌라투룸,49552101,매매,05,경기도 김포시 사우동,김포시,사우동,18500,0,18500,45.04,13.62,5,사우동 역세권 3룸 준신축 급매물,https://www.zigbang.com/home/apt/items/49552101
2026-08-08 05:02:31,빌라투룸,49730434,매매,05,경기도 김포시 사우동,김포시,사우동,19000,0,19000,68.48,20.72,2,사우동 3룸 화장실2 단지형 빌라 아파트상권 전용 넓은 집,https://www.zigbang.com/home/apt/items/49730434
2026-08-08 05:02:31,빌라투룸,49755016,매매,05,경기도 김포시 감정동,김포시,감정동,18500,0,18500,44.76,13.54,3,주변 마트 및 단지형 아파트 사이 방3화2신축급컨디션 급매,https://www.zigbang.com/home/apt/items/49755016
2026-08-08 05:02:31,빌라투룸,49822609,매매,05,경기도 김포시 북변동,김포시,북변동,17900,0,17900,50.64,15.32,3,개방감 있는 역대급 쓰리룸 급급매,https://www.zigbang.com/home/apt/items/49822609
2026-08-08 05:02:31,빌라투룸,49825898,매매,05,경기도 김포시 사우동,김포시,사우동,18900,0,18900,53,16.03,4,o테라스급매물o 올리모델링한 신축급3룸 적은돈으로 대출가능,https://www.zigbang.com/home/apt/items/49825898
2026-08-08 05:02:31,빌라투룸,49826092,매매,05,경기도 김포시 감정동,김포시,감정동,13900,0,13900,34.9,10.56,3,"위치,학군 좋은 실매물 3룸 최저실입주금 대출가능",https://www.zigbang.com/home/apt/items/49826092
2026-08-08 05:02:31,빌라투룸,49852856,매매,05,경기도 김포시 사우동,김포시,사우동,12500,0,12500,44.75,13.54,4,사우역 도보 5분 생활 인프라 풍부한 사우동 핵심 입지,https://www.zigbang.com/home/apt/items/49852856
2026-08-08 05:02:31,빌라투룸,49907691,매매,05,경기도 김포시 사우동,김포시,사우동,31300,0,31300,53.15,16.08,1,김포골드라인 사우역 도보권 마곡 여의도 출퇴근 스트레스X,https://www.zigbang.com/home/apt/items/49907691
2026-08-08 05:02:31,빌라투룸,49914917,매매,05,경기도 김포시 북변동,김포시,북변동,18000,0,18000,44.27,13.39,2,"학세권, 역세권 최상입지 깔끔한 쓰리룸",https://www.zigbang.com/home/apt/items/49914917
2026-08-08 05:02:31,빌라투룸,49941286,매매,05,경기도 김포시 사우동,김포시,사우동,25800,0,25800,47.76,14.45,4,엘o 20년식 방3 급매물 사우역 초역세권 최저실입가능,https://www.zigbang.com/home/apt/items/49941286
2026-08-08 05:02:31,빌라투룸,49958870,매매,04,경기도 김포시 사우동,김포시,사우동,10300,0,10300,32.84,9.93,4,"바닥공사 등 내부 수리완료, 넓은 베란다,  생활가전 완비",https://www.zigbang.com/home/apt/items/49958870
2026-08-08 05:02:31,빌라투룸,49671934,매매,05,경기도 고양시 일산서구 대화동,고양시 일산서구,대화동,22000,0,22000,52.47,15.87,3,초중고 도보 10분이내 방3화2 급매,https://www.zigbang.com/home/apt/items/49671934
2026-08-08 05:02:31,빌라투룸,49713233,월세,05,경기도 고양시 일산서구 덕이동,고양시 일산서구,덕이동,50,70,0,54.87,16.6,2,공실공실 단기단기 월세월세,https://www.zigbang.com/home/apt/items/49713233
2026-08-08 05:02:31,빌라투룸,49825852,매매,05,경기도 고양시 일산서구 대화동,고양시 일산서구,대화동,18000,0,18000,52.64,15.92,2,o급매물o 대화동 급매물 준신축3룸입니다 최저실입주금 환영,https://www.zigbang.com/home/apt/items/49825852
2026-08-08 05:02:31,빌라투룸,49902067,월세,05,경기도 고양시 일산서구 덕이동,고양시 일산서구,덕이동,50,70,0,50.1,15.16,3,공실공실 단기단기 무보증무보증 월세월세,https://www.zigbang.com/home/apt/items/49902067
2026-08-08 05:02:31,빌라투룸,49982838,매매,05,경기도 고양시 일산서구 대화동,고양시 일산서구,대화동,21800,0,21800,56.66,17.14,2,준신축 방3 GTX 대화역 인접 가성비 급매물 최저실입주금,https://www.zigbang.com/home/apt/items/49982838
2026-08-08 05:02:32,빌라투룸,49630779,전세,04,경기도 고양시 일산동구 백석동,고양시 일산동구,백석동,15000,0,0,65,19.66,3,역세권  넓은 투룸  전세대출안됨,https://www.zigbang.com/home/apt/items/49630779
2026-08-08 05:02:32,빌라투룸,49671907,매매,05,경기도 고양시 일산동구 풍동,고양시 일산동구,풍동,20500,0,20500,57.67,17.45,1,백마역세권 가성비 급매 방3화2 베란다에 테라스까지,https://www.zigbang.com/home/apt/items/49671907
2026-08-08 05:02:32,빌라투룸,49671963,매매,05,경기도 고양시 덕양구 토당동,고양시 덕양구,토당동,39500,0,39500,45.23,13.68,4,능곡역 도보5분컷 첫입주 방3화2 급매,https://www.zigbang.com/home/apt/items/49671963
2026-08-08 05:02:32,빌라투룸,49944108,월세,04,경기도 고양시 일산동구 백석동,고양시 일산동구,백석동,500,65,0,60,18.15,반지하,올수리구조상태완벽한투룸입니다.,https://www.zigbang.com/home/apt/items/49944108
2026-08-08 05:02:33,빌라투룸,49671977,매매,05,경기도 고양시 덕양구 주교동,고양시 덕양구,주교동,21900,0,21900,55.34,16.74,2,급매 깔끔 심플한 방3화2 주차가능,https://www.zigbang.com/home/apt/items/49671977
2026-08-08 05:02:33,빌라투룸,49738558,월세,05,경기도 고양시 일산동구 사리현동,고양시 일산동구,사리현동,70,70,0,47.81,14.46,3,3개월치씩 선납하는 3룸 저보증금 단기매물,https://www.zigbang.com/home/apt/items/49738558
2026-08-08 05:02:33,빌라투룸,49949546,매매,05,경기도 고양시 덕양구 주교동,고양시 덕양구,주교동,31000,0,31000,51.69,15.64,5,19년식 쓰리룸 아파트 위치좋고 컨디션 너무 좋습니다,https://www.zigbang.com/home/apt/items/49949546
2026-08-08 05:02:33,빌라투룸,49971329,전세,05,경기도 고양시 덕양구 주교동,고양시 덕양구,주교동,25400,0,0,57.15,17.29,3,"신축,전세대출 가능,복층,넓은테라스,방3,화2,엘베O,주차",https://www.zigbang.com/home/apt/items/49971329
2026-08-08 05:02:33,빌라투룸,49707468,월세,05,경기도 파주시 검산동,파주시,검산동,2000,83,0,47.62,14.4,3,NO.1귀한월세 관리 잘된 채광좋고 공실빌라,https://www.zigbang.com/home/apt/items/49707468
2026-08-08 05:02:33,빌라투룸,49738160,매매,05,경기도 파주시 금촌동,파주시,금촌동,12000,0,12000,45.54,13.78,2,금촌동 19년식 준신축 3룸 급매,https://www.zigbang.com/home/apt/items/49738160
2026-08-08 05:02:33,빌라투룸,49826117,매매,05,경기도 파주시 아동동,파주시,아동동,20000,0,20000,64.17,19.41,4,금촌역세권 인프라좋고 관리잘된 3룸,https://www.zigbang.com/home/apt/items/49826117
2026-08-08 05:02:33,빌라투룸,49865028,매매,05,경기도 파주시 아동동,파주시,아동동,17500,0,17500,68.41,20.69,4,금촌역 도보1분이내 넓은3룸 갓성비매물 문의환영,https://www.zigbang.com/home/apt/items/49865028
2026-08-08 05:02:33,빌라투룸,49916151,매매,05,경기도 파주시 금촌동,파주시,금촌동,12000,0,12000,45.54,13.78,2,"금촌동 초급매, 방3화2 올수리 빌라, 엘리베이터",https://www.zigbang.com/home/apt/items/49916151
2026-08-08 05:02:33,빌라투룸,49916289,매매,05,경기도 파주시 야동동,파주시,야동동,15500,0,15500,53.81,16.28,3,"올수리 공실, 실27평, 주방 거실이 큰집",https://www.zigbang.com/home/apt/items/49916289
2026-08-08 05:02:33,빌라투룸,49916401,매매,05,경기도 파주시 금촌동,파주시,금촌동,12000,0,12000,45.54,13.78,2,최저가 금촌역 도보10분 공실 엘리베이터 방3개 욕실2개,https://www.zigbang.com/home/apt/items/49916401
2026-08-08 05:02:33,빌라투룸,49973159,매매,05,경기도 파주시 야동동,파주시,야동동,13500,0,13500,51.86,15.69,4,급매 준신축급 컨디션 마지막가격인하 서두르세요.,https://www.zigbang.com/home/apt/items/49973159
2026-08-08 05:02:33,빌라투룸,49725512,매매,05,경기도 고양시 일산동구 성석동,고양시 일산동구,성석동,12000,0,12000,50.22,15.19,1,최저실입가능 ㅣ 외국인대출가능 ㅣ 디딤돌가능 ㅣ 컨디션최상,https://www.zigbang.com/home/apt/items/49725512
2026-08-08 05:02:33,빌라투룸,49757112,매매,05,경기도 고양시 일산동구 문봉동,고양시 일산동구,문봉동,11000,0,11000,45.5,13.76,2,14년식 올리모델링 쓰리룸  최소실입 가능 1억초 급매,https://www.zigbang.com/home/apt/items/49757112
2026-08-08 05:02:33,빌라투룸,49757796,매매,05,경기도 고양시 일산동구 성석동,고양시 일산동구,성석동,16000,0,16000,50.05,15.14,3,최저가 성석동 단지형 빌라 방3화2 신축급컨디션 급매,https://www.zigbang.com/home/apt/items/49757796
2026-08-08 05:02:33,빌라투룸,49826082,매매,05,경기도 고양시 일산동구 성석동,고양시 일산동구,성석동,14900,0,14900,55,16.64,2,o급매물o 신축급3룸 최저실입주금 대출가능,https://www.zigbang.com/home/apt/items/49826082
2026-08-08 05:02:33,빌라투룸,49877884,매매,05,경기도 고양시 일산동구 성석동,고양시 일산동구,성석동,15000,0,15000,56.72,17.16,2,생활권 위치 굿 준신축 방3화2,https://www.zigbang.com/home/apt/items/49877884
2026-08-08 05:02:33,빌라투룸,49907622,매매,05,경기도 고양시 일산동구 성석동,고양시 일산동구,성석동,16500,0,16500,69.66,21.07,1,성석동 3룸 초급매 유럽풍 디자인 대단지 빌라,https://www.zigbang.com/home/apt/items/49907622
2026-08-08 05:02:33,빌라투룸,49922128,매매,05,경기도 고양시 일산동구 성석동,고양시 일산동구,성석동,16000,0,16000,49.73,15.04,2,2018년식 상태좋은 방3화2,https://www.zigbang.com/home/apt/items/49922128
2026-08-08 05:02:34,빌라투룸,49483283,매매,05,경기도 고양시 덕양구 내유동,고양시 덕양구,내유동,14500,0,14500,50.47,15.27,4,내유동 올리모델링 넓은 쓰리룸 준신축빌라,https://www.zigbang.com/home/apt/items/49483283
2026-08-08 05:02:34,빌라투룸,49644510,매매,05,경기도 고양시 덕양구 내유동,고양시 덕양구,내유동,17000,0,17000,58.39,17.66,2,내유동 연식대비 가장 저렴한 준식축 꿀매,https://www.zigbang.com/home/apt/items/49644510
2026-08-08 05:02:34,빌라투룸,49763203,매매,05,경기도 고양시 덕양구 내유동,고양시 덕양구,내유동,13500,0,13500,48.29,14.61,2,초급매 방3화2베1 실평넓은집 버세권 편세권 대로 상담환영,https://www.zigbang.com/home/apt/items/49763203
2026-08-08 05:02:34,빌라투룸,49809641,월세,05,경기도 파주시 조리읍 장곡리,파주시,조리읍,50,55,0,58.59,17.72,4,장곡리 가성비 방3화2 단기임대,https://www.zigbang.com/home/apt/items/49809641
2026-08-08 05:02:34,빌라투룸,49825824,매매,05,경기도 고양시 덕양구 내유동,고양시 덕양구,내유동,15000,0,15000,50.47,15.27,4,o급매물신축o 저렴하게 매매할수있는 신축3룸 최저입주금환영,https://www.zigbang.com/home/apt/items/49825824
2026-08-08 05:02:34,빌라투룸,49911316,매매,05,경기도 고양시 덕양구 내유동,고양시 덕양구,내유동,22500,0,22500,66.39,20.08,1,개인테라스있는 준신축 급매물가격 시세대비저렴 구조잘빠진큰집,https://www.zigbang.com/home/apt/items/49911316
2026-08-08 05:02:34,빌라투룸,49933121,매매,05,경기도 고양시 덕양구 관산동,고양시 덕양구,관산동,11500,0,11500,41.79,12.64,2,조용한 주택가지역 시세대비 저렴한 신축급매물 밝은집,https://www.zigbang.com/home/apt/items/49933121
2026-08-08 05:02:34,빌라투룸,49934492,매매,05,경기도 고양시 덕양구 관산동,고양시 덕양구,관산동,20500,0,20500,54.94,16.62,2,개별창고 있는 신축급 빌라,https://www.zigbang.com/home/apt/items/49934492
2026-08-08 05:02:34,빌라투룸,49904098,매매,05,경기도 고양시 덕양구 고양동,고양시 덕양구,고양동,22000,0,22000,47.44,14.35,3,l대출잘나오는l실매물l 승인율 최고 자금 걱정 끝냅니다,https://www.zigbang.com/home/apt/items/49904098
2026-08-08 05:02:36,빌라투룸,49755092,매매,05,경기도 파주시 파주읍 봉암리,파주시,파주읍,15800,0,15800,51.9,15.7,3,역세권 1억대 최저입주금 진행가능 방3화2,https://www.zigbang.com/home/apt/items/49755092
2026-08-08 05:02:36,빌라투룸,49826151,매매,05,경기도 파주시 문산읍 문산리,파주시,문산읍,15000,0,15000,53.64,16.23,2,최저입주금 가능합니다 19년식 쓰리룸,https://www.zigbang.com/home/apt/items/49826151
2026-08-08 05:02:36,빌라투룸,49547660,매매,05,경기도 파주시 파주읍 봉서리,파주시,파주읍,15500,0,15500,67.62,20.45,2,"최저실입진행 시스템에어컨,주차,엘베, 대형평수.",https://www.zigbang.com/home/apt/items/49547660
2026-08-08 05:02:36,빌라투룸,49667444,매매,05,경기도 파주시 파주읍 봉서리,파주시,파주읍,15900,0,15900,64.96,19.65,2,봉서리 방3 화2 테라스 트인 뷰 구조 좋은 쓰리룸 빌라,https://www.zigbang.com/home/apt/items/49667444
2026-08-08 05:02:36,빌라투룸,49894132,매매,05,경기도 파주시 파주읍 봉서리,파주시,파주읍,18500,0,18500,67.62,20.45,4,복층테라스 방3화2 구조좋고 층고높은복층 최저실입상담가능,https://www.zigbang.com/home/apt/items/49894132
2026-08-08 05:02:38,빌라투룸,49825989,매매,05,경기도 양주시 장흥면 일영리,양주시,장흥면,18900,0,18900,79.41,24.02,6,o대형평수 급매물o 적은실입주금 대출가능한 넓은준신축3룸,https://www.zigbang.com/home/apt/items/49825989
2026-08-08 05:02:38,빌라투룸,49900716,매매,05,경기도 양주시 장흥면 일영리,양주시,장흥면,32000,0,32000,68.83,20.82,2,건축주 마진포기 급매 수입자재로 잘지은 별장같은 집,https://www.zigbang.com/home/apt/items/49900716
2026-08-08 05:02:38,빌라투룸,49900726,매매,05,경기도 양주시 장흥면 일영리,양주시,장흥면,38000,0,38000,68.83,20.82,1,펜트하우스 넓은 테라스 있는집 고급자재로 인테리어 최상,https://www.zigbang.com/home/apt/items/49900726
2026-08-08 05:02:38,빌라투룸,49900760,매매,05,경기도 양주시 장흥면 일영리,양주시,장흥면,44000,0,44000,84.84,25.66,1,펜트하우스 테라스호실 38000부터44000만원까지,https://www.zigbang.com/home/apt/items/49900760
2026-08-08 05:02:38,빌라투룸,49900766,매매,05,경기도 양주시 장흥면 일영리,양주시,장흥면,32000,0,32000,68.83,20.82,2,건축주 마진포기 급매 수입자재로 잘지은 별장같은 집,https://www.zigbang.com/home/apt/items/49900766
2026-08-08 05:02:38,빌라투룸,49549504,매매,05,경기도 의정부시 호원동,의정부시,호원동,21000,0,21000,58.34,17.65,3,최저실입진행 역세권위치 방3화2 최저가쓰리룸.,https://www.zigbang.com/home/apt/items/49549504
2026-08-08 05:02:38,빌라투룸,49618180,매매,05,경기도 의정부시 호원동,의정부시,호원동,22000,0,22000,72.42,21.91,4,허위X.준신축.공실.막힘없는뷰.엘베0,https://www.zigbang.com/home/apt/items/49618180
2026-08-08 05:02:38,빌라투룸,49845398,월세,04,서울시 노원구 상계동,노원구,상계동,11000,30,0,30,9.07,3,LH 가능합니다.,https://www.zigbang.com/home/apt/items/49845398
2026-08-08 05:02:38,빌라투룸,49846016,매매,05,경기도 의정부시 호원동,의정부시,호원동,26000,0,26000,61.33,18.55,2,ㅁ올리모델링 즉시입주가능ㅁ,https://www.zigbang.com/home/apt/items/49846016
2026-08-08 05:02:38,빌라투룸,49859491,매매,05,경기도 의정부시 호원동,의정부시,호원동,21500,0,21500,58.34,17.65,3,최저실입가능 ㅣ 외국인대출가능 ㅣ 엘베있음 ㅣ 디딤돌,https://www.zigbang.com/home/apt/items/49859491
2026-08-08 05:02:38,빌라투룸,49865564,매매,05,경기도 의정부시 호원동,의정부시,호원동,19000,0,19000,58.35,17.65,3,ㅁ초급매 방3 욕실2ㅁ허위근절,https://www.zigbang.com/home/apt/items/49865564
2026-08-08 05:02:38,빌라투룸,49886386,월세,04,서울시 노원구 상계동,노원구,상계동,9500,30,0,39.67,12.0,1,LH SH가능 샷시에어컨세탁기가스렌지 미니베란다 상계역5분,https://www.zigbang.com/home/apt/items/49886386
2026-08-08 05:02:38,빌라투룸,49889058,전세,05,서울시 도봉구 방학동,도봉구,방학동,40000,0,0,70.34,21.28,6,전용넓은 I 방3화2 I 공시가126 I 보증보험,https://www.zigbang.com/home/apt/items/49889058
2026-08-08 05:02:38,빌라투룸,49900230,매매,05,서울시 도봉구 방학동,도봉구,방학동,47500,0,47500,70.34,21.28,5,정말싸다 대로변신축 건축주 마진포기 취득세3.5프로지원,https://www.zigbang.com/home/apt/items/49900230
2026-08-08 05:02:38,빌라투룸,49915684,매매,05,경기도 의정부시 호원동,의정부시,호원동,22500,0,22500,45.25,13.69,4,ㅁ오피아닙니다ㅁ저렴한가격넓은집 깔끔한내부 구경오세요ㅁ,https://www.zigbang.com/home/apt/items/49915684
2026-08-08 05:02:38,빌라투룸,49932674,매매,05,경기도 의정부시 호원동,의정부시,호원동,19000,0,19000,55.04,16.65,2,금액메리트최상 쓰리룸 대형평수 주차2대가능 1호선역세권,https://www.zigbang.com/home/apt/items/49932674
2026-08-08 05:02:38,빌라투룸,49962399,매매,05,경기도 의정부시 호원동,의정부시,호원동,21500,0,21500,72.42,21.91,4,급매ㅣ호원초교 인근 서울 바로옆 망월사역 도보 특올수리,https://www.zigbang.com/home/apt/items/49962399
2026-08-08 05:02:38,빌라투룸,49971868,월세,04,서울시 노원구 상계동,노원구,상계동,500,30,0,33.06,10.0,반지하,공실  1층같은반지하 외부공간있음,https://www.zigbang.com/home/apt/items/49971868
2026-08-08 05:02:38,빌라투룸,49973620,매매,05,경기도 의정부시 호원동,의정부시,호원동,21500,0,21500,70,21.17,7,"거실넓고 막힘없는 탑층에 남향,역8분,내부상태최고",https://www.zigbang.com/home/apt/items/49973620
2026-08-08 05:02:39,빌라투룸,49890059,매매,05,경기도 양주시 백석읍 복지리,양주시,백석읍,14000,0,14000,65.95,19.95,3,1억대 관리잘된 신축급 구조좋은 3룸입니다,https://www.zigbang.com/home/apt/items/49890059
2026-08-08 05:02:40,빌라투룸,49651896,매매,05,경기도 의정부시 금오동,의정부시,금오동,16500,0,16500,46.89,14.18,4,ㅁ정남향ㅁ14년식 주택등기ㅁ공실 즉시입주가능ㅁ,https://www.zigbang.com/home/apt/items/49651896
2026-08-08 05:02:40,빌라투룸,49819891,월세,04,경기도 의정부시 가능동,의정부시,가능동,500,35,0,40,12.1,2,조용한 주택가 투룸,https://www.zigbang.com/home/apt/items/49819891
2026-08-08 05:02:40,빌라투룸,49836088,매매,05,경기도 의정부시 금오동,의정부시,금오동,21500,0,21500,53.8,16.27,2,금오중 도보1분 깔끔하고 넓은쓰리룸 최저입주금 문의주세요,https://www.zigbang.com/home/apt/items/49836088
2026-08-08 05:02:40,빌라투룸,49846346,매매,05,경기도 의정부시 금오동,의정부시,금오동,20800,0,20800,72.73,22.0,4,l 초대형 3룸 l 팬트리 굿 l 신축 첫 입주 l,https://www.zigbang.com/home/apt/items/49846346
2026-08-08 05:02:40,빌라투룸,49903179,매매,05,경기도 의정부시 금오동,의정부시,금오동,28900,0,28900,54.08,16.36,3,l대출잘나오는l실매물l 일단 보고 결정하는 진짜 알짜배기,https://www.zigbang.com/home/apt/items/49903179
2026-08-08 05:02:40,빌라투룸,49916160,매매,05,경기도 의정부시 금오동,의정부시,금오동,22200,0,22200,71.57,21.65,4,신축  초특가 3룸,https://www.zigbang.com/home/apt/items/49916160
2026-08-08 05:02:40,빌라투룸,49953075,매매,05,경기도 의정부시 금오동,의정부시,금오동,17000,0,17000,61.88,18.72,3,채광우수 남동향 깔끔한 감성 인테리어 3룸,https://www.zigbang.com/home/apt/items/49953075
2026-08-08 05:02:40,빌라투룸,49981661,월세,05,경기도 양주시 광사동,양주시,광사동,10000,30,0,60,18.15,4,광사동 상가주택 쓰리룸입니다,https://www.zigbang.com/home/apt/items/49981661
2026-08-08 05:02:40,빌라투룸,49838049,월세,04,경기도 남양주시 진건읍 용정리,남양주시,진건읍,500,40,0,36,10.89,반지하,"왕숙신도시인접, 투룸, 빠른입주가능",https://www.zigbang.com/home/apt/items/49838049
2026-08-08 05:02:40,빌라투룸,49885047,전세,05,경기도 남양주시 진건읍 배양리,남양주시,진건읍,21000,0,0,90.48,27.37,3,"넓은3룸,화장실2,엘레베이터 없어요",https://www.zigbang.com/home/apt/items/49885047
2026-08-08 05:02:40,빌라투룸,49932126,월세,04,경기도 남양주시 진건읍 용정리,남양주시,진건읍,13000,30,0,43.38,13.12,4,"LH o, 준신축, 깨끗 , 테라스o, 주차o,즉시입주가능",https://www.zigbang.com/home/apt/items/49932126
2026-08-08 05:02:40,빌라투룸,49966481,월세,04,경기도 남양주시 진건읍 용정리,남양주시,진건읍,1500,110,0,43.38,13.12,4,"준신축 , 테라스, 많은 옵션 , 즉시입주가, 한달살기가능",https://www.zigbang.com/home/apt/items/49966481
2026-08-08 05:02:40,빌라투룸,49765181,월세,04,경기도 남양주시 별내동,남양주시,별내동,13000,50,0,50,15.12,2,조망좋은 투룸 하시입주,https://www.zigbang.com/home/apt/items/49765181
2026-08-08 05:02:40,빌라투룸,49908302,월세,04,경기도 남양주시 별내동,남양주시,별내동,14000,40,0,56,16.94,3,별가람역 도보 7분  방2 엘리베이터있어요  9월입주협의,https://www.zigbang.com/home/apt/items/49908302
2026-08-08 05:02:40,빌라투룸,49914621,월세,04,경기도 남양주시 별내동,남양주시,별내동,12000,40,0,44,13.31,2,별내별가람역 인근 융무 2룸. 엘베O,https://www.zigbang.com/home/apt/items/49914621
2026-08-08 05:02:40,빌라투룸,49914622,전세,06,경기도 남양주시 별내동,남양주시,별내동,37000,0,0,89.17,26.97,4,별가람역 인근 넓은 복층 테라스. 주인세대 4룸,https://www.zigbang.com/home/apt/items/49914622
2026-08-08 05:02:26,빌라투룸,49789657,월세,04,서울시 중랑구 묵동,중랑구,묵동,2000,60,0,28,8.47,3,"초역세권, 상가주택 2룸, 주차협의, 근저당무",https://www.zigbang.com/home/apt/items/49789657
2026-08-08 05:02:26,빌라투룸,49901411,월세,04,서울시 중랑구 묵동,중랑구,묵동,5500,75,0,38,11.49,3,먹골역 4분거리  깔끔한 빌라형  투룸 주차가능 즉시입주,https://www.zigbang.com/home/apt/items/49901411
2026-08-08 05:02:26,빌라투룸,49901540,매매,05,서울시 중랑구 묵동,중랑구,묵동,37000,0,37000,63.91,19.33,4,먹골역  전용19평  큰발3욕실2 넓은 베란다  주차가능,https://www.zigbang.com/home/apt/items/49901540
2026-08-08 05:02:26,빌라투룸,49921177,월세,04,서울시 중랑구 묵동,중랑구,묵동,2000,60,0,49.59,15.0,3,주차가능.먹골역 역세권.이마트 건너편,https://www.zigbang.com/home/apt/items/49921177
2026-08-08 05:02:26,빌라투룸,49926872,전세,05,서울시 중랑구 묵동,중랑구,묵동,30000,0,0,67.35,20.37,3,"6,7호선 전용20평 융자없이 안전하고 깨끗한집  주차가능",https://www.zigbang.com/home/apt/items/49926872
2026-08-08 05:02:26,빌라투룸,49949728,전세,04,서울시 중랑구 묵동,중랑구,묵동,16000,0,0,30,9.07,4,"투룸전세. 토스,케이뱅크가능. 16년건축투룸. 거실",https://www.zigbang.com/home/apt/items/49949728
2026-08-08 05:02:26,빌라투룸,49949880,전세,05,서울시 중랑구 묵동,중랑구,묵동,30000,0,0,66.11,20.0,4,먹골역6분. 방3화2. 융자없음. 전용20. 양베란다,https://www.zigbang.com/home/apt/items/49949880
2026-08-08 05:02:26,빌라투룸,49963353,전세,04,서울시 중랑구 묵동,중랑구,묵동,25000,0,0,63,19.06,4,"공간 넓음, 내부 수리 완료, 주차 가능, 역세권 투룸",https://www.zigbang.com/home/apt/items/49963353
2026-08-08 05:02:41,빌라투룸,49796408,매매,05,경기도 남양주시 호평동,남양주시,호평동,16000,0,16000,45.84,13.87,2,최저실입가능 ㅣ 외국인대출가능 ㅣ 디딤돌 ㅣ 방3 화2,https://www.zigbang.com/home/apt/items/49796408
2026-08-08 05:02:41,빌라투룸,49923051,매매,05,경기도 남양주시 평내동,남양주시,평내동,17000,0,17000,59.7,18.06,3,"탁 트인 채광과 넓은 거실, 저렴한 가격의 준신축급 빌라",https://www.zigbang.com/home/apt/items/49923051
2026-08-08 05:02:41,빌라투룸,49925551,전세,04,경기도 남양주시 호평동,남양주시,호평동,9000,0,0,42.98,13.0,3,호평역 가까운 투룸 전세,https://www.zigbang.com/home/apt/items/49925551
2026-08-08 05:02:41,빌라투룸,49964780,전세,05,경기도 남양주시 평내동,남양주시,평내동,14000,0,0,57.8,17.48,3,주차.조망채광 컨디션좋은빌라.LH전세X,https://www.zigbang.com/home/apt/items/49964780
2026-08-08 05:02:41,빌라투룸,49964817,매매,05,경기도 남양주시 평내동,남양주시,평내동,15300,0,15300,57.8,17.48,3,주차채광컨디션좋은 3룸빌라,https://www.zigbang.com/home/apt/items/49964817
2026-08-08 05:02:41,빌라투룸,49922952,매매,05,경기도 남양주시 호평동,남양주시,호평동,17500,0,17500,34.96,10.58,2,급매저렴ㅣ준신축급매물ㅣ대출잘나옴ㅣ최저실입가능,https://www.zigbang.com/home/apt/items/49922952
2026-08-08 05:02:41,빌라투룸,49902670,전세,05,경기도 의정부시 민락동,의정부시,민락동,22000,0,0,80,24.2,4,아주 이쁘게 건축한 넓은3룸 복층 전세,https://www.zigbang.com/home/apt/items/49902670
2026-08-08 05:02:41,빌라투룸,49956360,월세,05,경기도 의정부시 민락동,의정부시,민락동,2000,80,0,60,18.15,2,민락2지구 아주 귀한 깨끗한 3룸월세,https://www.zigbang.com/home/apt/items/49956360
2026-08-08 05:02:41,빌라투룸,49780307,매매,05,경기도 남양주시 오남읍 양지리,남양주시,오남읍,18500,0,18500,75.2,22.75,3,"최저실입진행 역세권위치,방3화2,대형평수입니다",https://www.zigbang.com/home/apt/items/49780307
2026-08-08 05:02:41,빌라투룸,49796897,매매,05,경기도 남양주시 오남읍 양지리,남양주시,오남읍,18900,0,18900,75.2,22.75,3,오남역 바로앞 인근 인근동일평형 시세대비 신축급매물 등장,https://www.zigbang.com/home/apt/items/49796897
2026-08-08 05:02:41,빌라투룸,49825958,매매,05,경기도 남양주시 오남읍 오남리,남양주시,오남읍,19800,0,19800,72.73,22.0,4,o대형평수급매물o 엘배o 방3화2 단독세대 소액으로대출가능,https://www.zigbang.com/home/apt/items/49825958
2026-08-08 05:02:41,빌라투룸,49836082,매매,05,경기도 남양주시 오남읍 양지리,남양주시,오남읍,24200,0,24200,59.77,18.08,3,신축급 역세권매물 최저입주금진행,https://www.zigbang.com/home/apt/items/49836082
2026-08-08 05:02:41,빌라투룸,49881765,매매,05,경기도 남양주시 오남읍 오남리,남양주시,오남읍,20000,0,20000,59.28,17.93,5,준신축 엘베있는 쓰리룸 최소입주금 가능 합니다,https://www.zigbang.com/home/apt/items/49881765
2026-08-08 05:02:41,빌라투룸,49883139,매매,05,경기도 남양주시 오남읍 오남리,남양주시,오남읍,18000,0,18000,54.5,16.49,4,오남읍 방3화1베1 면적 잘 나온 주택,https://www.zigbang.com/home/apt/items/49883139
2026-08-08 05:02:41,빌라투룸,48844868,매매,05,경기도 남양주시 진접읍 장현리,남양주시,진접읍,24000,0,24000,59.34,17.95,4,준신축  3룸 특가매매,https://www.zigbang.com/home/apt/items/48844868
2026-08-08 05:02:41,빌라투룸,49826006,매매,05,경기도 남양주시 진접읍 내각리,남양주시,진접읍,23500,0,23500,59.58,18.02,4,이쁜인테리어 급매물3룸 적은실입주금 대출가능,https://www.zigbang.com/home/apt/items/49826006
2026-08-08 05:02:41,빌라투룸,49668486,매매,05,경기도 남양주시 진접읍 장현리,남양주시,진접읍,25500,0,25500,48.36,14.63,3,장현리 방3 화2 준신축 깔끔한 컨디션 유지중인 쓰리룸,https://www.zigbang.com/home/apt/items/49668486
2026-08-08 05:02:41,빌라투룸,49834617,매매,05,경기도 남양주시 진접읍 장현리,남양주시,진접읍,12000,0,12000,43.14,13.05,4,급매 최저입주금가능 1억대 방3화2,https://www.zigbang.com/home/apt/items/49834617
2026-08-08 05:02:41,빌라투룸,49869463,매매,05,경기도 남양주시 오남읍 양지리,남양주시,오남읍,20000,0,20000,68.03,20.58,2,엘o 20년식 4호선오남역세권 급매물 준신축 최저실입가능,https://www.zigbang.com/home/apt/items/49869463
2026-08-08 05:02:41,빌라투룸,49902206,전세,04,경기도 남양주시 진접읍 금곡리,남양주시,진접읍,13000,0,0,45,13.61,2,진접역인근 투룸전세,https://www.zigbang.com/home/apt/items/49902206
2026-08-08 05:02:41,빌라투룸,49902221,월세,04,경기도 남양주시 진접읍 연평리,남양주시,진접읍,5000,100,0,39,11.8,4,연평리 테라스형 투룸,https://www.zigbang.com/home/apt/items/49902221
2026-08-08 05:02:41,빌라투룸,49902273,전세,04,경기도 남양주시 진접읍 금곡리,남양주시,진접읍,13000,0,0,40,12.1,2,진접역인근 투룸,https://www.zigbang.com/home/apt/items/49902273
2026-08-08 05:02:41,빌라투룸,49965486,월세,04,경기도 남양주시 진접읍 연평리,남양주시,진접읍,5000,100,0,40,12.1,4,연평리 테라스형 투룸,https://www.zigbang.com/home/apt/items/49965486
2026-08-08 05:02:42,빌라투룸,49551377,매매,05,경기도 양주시 백석읍 오산리,양주시,백석읍,12000,0,12000,63.87,19.32,4,급매 깔끔한신축급 쓰리룸 최저실입주금 가능합니다,https://www.zigbang.com/home/apt/items/49551377
2026-08-08 05:02:42,빌라투룸,49825982,매매,06,경기도 양주시 백석읍 오산리,양주시,백석읍,16500,0,16500,68.99,20.87,4,o대형포룸o 대가족도 살수있는 신축급4룸 대출상담환영,https://www.zigbang.com/home/apt/items/49825982
2026-08-08 05:02:42,빌라투룸,48983028,매매,05,경기도 양주시 고읍동,양주시,고읍동,25800,0,25800,68.65,20.77,1,v 고읍역 신설예정 v 신축 v아파트형v 3번대체도로옆v,https://www.zigbang.com/home/apt/items/48983028
2026-08-08 05:02:42,빌라투룸,49484007,매매,05,경기도 양주시 덕계동,양주시,덕계동,19500,0,19500,83.22,25.17,2,덕계동 O 방3화2베1 O 준신축 오피스텔,https://www.zigbang.com/home/apt/items/49484007
2026-08-08 05:02:42,빌라투룸,49611785,월세,05,경기도 양주시 고읍동,양주시,고읍동,3000,120,0,68.65,20.77,1,"왕왕 추천,에어컨4대,7호선 옥정역부근 예쁜집 ,첫입주",https://www.zigbang.com/home/apt/items/49611785
2026-08-08 05:02:42,빌라투룸,49667482,매매,05,경기도 양주시 덕계동,양주시,덕계동,20500,0,20500,60.85,18.41,4,덕계동 방3 화2 준신축 깔끔한 구조,https://www.zigbang.com/home/apt/items/49667482
2026-08-08 05:02:42,빌라투룸,49757798,매매,05,경기도 양주시 덕계동,양주시,덕계동,20000,0,20000,60.85,18.41,4,덕계역 도보 5분거리내외 방3화2 최저가 신축급컨디션 급매,https://www.zigbang.com/home/apt/items/49757798
2026-08-08 05:02:42,빌라투룸,49777062,매매,05,경기도 양주시 고읍동,양주시,고읍동,26400,0,26400,68.65,20.77,2,"최저실입 ,신축 큰쓰리룸, 7호선 개통예정",https://www.zigbang.com/home/apt/items/49777062
2026-08-08 05:02:42,빌라투룸,49834854,매매,05,경기도 양주시 회정동,양주시,회정동,17000,0,17000,65.51,19.82,5,급매 복층 테라스 최저실입 진행가능 신축급,https://www.zigbang.com/home/apt/items/49834854
2026-08-08 05:02:42,빌라투룸,49850965,월세,05,경기도 양주시 회정동,양주시,회정동,2500,130,0,72.73,22.0,2,"왕왕 추천,첫입주,에어컨,자세한 내용은 전화주세요",https://www.zigbang.com/home/apt/items/49850965
2026-08-08 05:02:42,빌라투룸,49904570,월세,05,경기도 양주시 고암동,양주시,고암동,2000,100,0,56,16.94,3,"화이트톤에 이쁜3룸,집보기가능,주차편리,엘베,에어컨완비",https://www.zigbang.com/home/apt/items/49904570
2026-08-08 05:02:42,빌라투룸,49612085,월세,05,경기도 양주시 덕계동,양주시,덕계동,5000,130,0,136.54,41.3,3,"왕왕 추천,대형 럭셔리 최고급빌라",https://www.zigbang.com/home/apt/items/49612085
2026-08-08 05:02:42,빌라투룸,49773699,매매,05,경기도 양주시 덕계동,양주시,덕계동,24000,0,24000,80.03,24.21,1,"왕왕 추천,입주 협의가능,에어컨2대,분양가 이하로 매매해요",https://www.zigbang.com/home/apt/items/49773699
2026-08-08 05:02:42,빌라투룸,49927106,매매,05,경기도 양주시 덕계동,양주시,덕계동,17500,0,17500,61.96,18.74,2,방3화2베2. 준신축. 엘베유. 뻥뷰,https://www.zigbang.com/home/apt/items/49927106
2026-08-08 05:02:42,빌라투룸,49927190,매매,06,경기도 양주시 덕계동,양주시,덕계동,22000,0,22000,70.25,21.25,4,"방4화2베1. 준신축, 위치짱, 이사협의",https://www.zigbang.com/home/apt/items/49927190
2026-08-08 05:02:42,빌라투룸,49947955,매매,05,경기도 양주시 덕계동,양주시,덕계동,15500,0,15500,62.04,18.77,10,"방3화2베1. 준신축, 층간소음없는탑층, 이사협의",https://www.zigbang.com/home/apt/items/49947955
2026-08-08 05:02:42,빌라투룸,49970901,매매,05,경기도 양주시 덕계동,양주시,덕계동,14000,0,14000,44.52,13.47,3,"방3화2베1. 준신축, 막힘없는뷰",https://www.zigbang.com/home/apt/items/49970901
2026-08-08 05:02:42,빌라투룸,49970980,매매,05,경기도 양주시 덕계동,양주시,덕계동,10000,0,10000,49.53,14.98,1,방3화1베2. 샷시부터 올수리,https://www.zigbang.com/home/apt/items/49970980
2026-08-08 05:02:42,빌라투룸,49671888,매매,05,경기도 양주시 덕정동,양주시,덕정동,22500,0,22500,59.2,17.91,5,3룸 복층 신축 컨디션 그대로,https://www.zigbang.com/home/apt/items/49671888
2026-08-08 05:02:42,빌라투룸,49803480,매매,05,경기도 양주시 고암동,양주시,고암동,29000,0,29000,84.58,25.59,5,테라스와 미니주방이 있는 45평형 여유로운 프리미엄 복층,https://www.zigbang.com/home/apt/items/49803480
2026-08-08 05:02:42,빌라투룸,49832885,매매,05,경기도 양주시 고암동,양주시,고암동,16000,0,16000,61.07,18.47,2,고양동 방3화2베1 깔끔한 구조 엘베있는 빌라,https://www.zigbang.com/home/apt/items/49832885
2026-08-08 05:02:42,빌라투룸,49834605,매매,05,경기도 양주시 고암동,양주시,고암동,15000,0,15000,50.17,15.18,5,덕정역세권 신축급 최저입주금 가능한 3룸입니다,https://www.zigbang.com/home/apt/items/49834605
2026-08-08 05:02:43,빌라투룸,49905868,매매,05,경기도 동두천시 동두천동,동두천시,동두천동,6500,0,6500,49.2,14.88,4,동두천역세권 채광 전망 가성비 좋은 깔끔한 3룸,https://www.zigbang.com/home/apt/items/49905868
2026-08-08 05:02:43,빌라투룸,49905878,매매,05,경기도 동두천시 상봉암동,동두천시,상봉암동,22500,0,22500,68.74,20.79,4,소요산역세권 대단지 고급 인테리어 신축 첫 입주 넓은 3룸,https://www.zigbang.com/home/apt/items/49905878
2026-08-08 05:02:43,빌라투룸,48099931,매매,05,경기도 동두천시 생연동,동두천시,생연동,16800,0,16800,76.15,23.04,5,신축 위치좋은 특가 1세대,https://www.zigbang.com/home/apt/items/48099931
2026-08-08 05:02:43,빌라투룸,49671916,매매,05,경기도 동두천시 생연동,동두천시,생연동,20500,0,20500,69.17,20.92,9,신축 컨디션 그대로 뻥뷰 고층 저렴한집,https://www.zigbang.com/home/apt/items/49671916
2026-08-08 05:02:43,빌라투룸,49671939,매매,05,경기도 동두천시 생연동,동두천시,생연동,11500,0,11500,51.78,15.66,2,급매 방3화2 깔끔한 역세권과 학군,https://www.zigbang.com/home/apt/items/49671939
2026-08-08 05:02:43,빌라투룸,49678047,매매,05,경기도 동두천시 생연동,동두천시,생연동,14500,0,14500,52.25,15.81,3,최저실입주금 준신축 엘베있는 쓰리룸,https://www.zigbang.com/home/apt/items/49678047
2026-08-08 05:02:43,빌라투룸,49905791,월세,05,경기도 동두천시 상패동,동두천시,상패동,2000,80,0,68.87,20.83,3,동두천경찰서 바로 앞 신축 첫 입주 귀한 월세,https://www.zigbang.com/home/apt/items/49905791
2026-08-08 05:02:43,빌라투룸,49905848,월세,05,경기도 동두천시 지행동,동두천시,지행동,2000,80,0,83.21,25.17,4,동두천외고 인근 숲세권 정말 넓은 큰 3룸,https://www.zigbang.com/home/apt/items/49905848
2026-08-08 05:02:43,빌라투룸,49909496,매매,06,경기도 양주시 옥정동,양주시,옥정동,54000,0,54000,104.82,31.71,1,"초 급매,아늑한 정남향,단독주택,복층.풀 시스템에어컨",https://www.zigbang.com/home/apt/items/49909496
2026-08-08 05:02:43,빌라투룸,49909605,매매,06,경기도 양주시 옥정동,양주시,옥정동,70000,0,70000,201.65,61.0,1,"5룸,단독주택, 두번째입주,입주협의가능",https://www.zigbang.com/home/apt/items/49909605
2026-08-08 05:02:43,빌라투룸,49909667,매매,06,경기도 양주시 옥정동,양주시,옥정동,65000,0,65000,194.84,58.94,1,",단독주택,4룸,화3,테라스,도심속의전원생활즐겨보세요",https://www.zigbang.com/home/apt/items/49909667
2026-08-08 05:02:43,빌라투룸,49909727,월세,05,경기도 양주시 옥정동,양주시,옥정동,5000,80,0,59.9,18.12,3,컨디션 굿  넓은쓰리룸  행복해지는 주거공간,https://www.zigbang.com/home/apt/items/49909727
2026-08-08 05:02:43,빌라투룸,49983533,월세,05,경기도 양주시 옥정동,양주시,옥정동,4000,95,0,71,21.48,2,"너무 이쁜3룸,상권좋아 살기좋은 동네,학세권,호수공원도보가",https://www.zigbang.com/home/apt/items/49983533
2026-08-08 05:02:43,빌라투룸,49700625,매매,05,경기도 포천시 소흘읍 송우리,포천시,소흘읍,15000,0,15000,64.06,19.38,3,송우리 올수리 엘베있는 밝고 환한집 주방에 냉장고3대 가능,https://www.zigbang.com/home/apt/items/49700625
2026-08-08 05:02:43,빌라투룸,49909356,월세,05,경기도 양주시 옥정동,양주시,옥정동,5000,60,0,59.5,18.0,2,"넓은 쓰리룸,보증금 월세 상향조정가능",https://www.zigbang.com/home/apt/items/49909356
2026-08-08 05:02:43,빌라투룸,49909396,월세,05,경기도 양주시 옥정동,양주시,옥정동,2000,110,0,63.94,19.34,2,"신축,엘베유,방마다 시스템에어컨,남향,바로입주가능",https://www.zigbang.com/home/apt/items/49909396
2026-08-08 05:02:43,빌라투룸,49941018,월세,05,경기도 양주시 옥정동,양주시,옥정동,1000,100,0,63,19.06,2,"3년된 준신축3룸,주차편리,에어컨,중문,인덕션",https://www.zigbang.com/home/apt/items/49941018
2026-08-08 05:02:43,빌라투룸,49826005,매매,05,경기도 포천시 소흘읍 송우리,포천시,소흘읍,19500,0,19500,73.19,22.14,2,대형평수 위치좋은 신축급3룸 실입주금 없이 대출가능합니다,https://www.zigbang.com/home/apt/items/49826005
2026-08-08 05:02:43,빌라투룸,49545311,매매,05,경기도 포천시 선단동,포천시,선단동,13800,0,13800,63.73,19.28,5,실입주금 1000만 신축급 넓은 쓰리룸 도배 입주청소 완료,https://www.zigbang.com/home/apt/items/49545311
2026-08-08 05:02:43,빌라투룸,49693816,매매,05,경기도 포천시 선단동,포천시,선단동,12500,0,12500,55.99,16.94,5,급매.선단IC바로앞.이마트인근.엘베있음,https://www.zigbang.com/home/apt/items/49693816
2026-08-08 05:02:43,빌라투룸,49826026,매매,05,경기도 포천시 선단동,포천시,선단동,17700,0,17700,61.09,18.48,4,o사업성공한집o고급인테리어 신축급3룸 최저입주금 대출가능,https://www.zigbang.com/home/apt/items/49826026
2026-08-08 05:02:43,빌라투룸,49837759,매매,05,경기도 포천시 선단동,포천시,선단동,15700,0,15700,45.61,13.8,5,신축  특가 1세대,https://www.zigbang.com/home/apt/items/49837759
2026-08-08 05:02:43,빌라투룸,49904415,매매,04,경기도 포천시 선단동,포천시,선단동,8900,0,8900,31.92,9.66,5,귀한 투룸매물 엘베o 즉시입주가능 최저입주금진행,https://www.zigbang.com/home/apt/items/49904415
2026-08-08 05:02:43,빌라투룸,49905829,월세,06,경기도 포천시 선단동,포천시,선단동,2000,100,0,73.34,22.19,3,선단동 숲세권 대단지 빌라 신축급 넓은 4룸,https://www.zigbang.com/home/apt/items/49905829
2026-08-08 05:02:43,빌라투룸,49908787,매매,05,경기도 포천시 선단동,포천시,선단동,15700,0,15700,56.4,17.06,3,엘o 방3 포천 인프라좋은 이마트 인근 1억중반 급매물,https://www.zigbang.com/home/apt/items/49908787
2026-08-08 05:02:44,빌라투룸,49477109,매매,05,경기도 포천시 어룡동,포천시,어룡동,12500,0,12500,50.93,15.41,3,어룡동 햇님어린이집 인근 넓고 밝은 정남향 집,https://www.zigbang.com/home/apt/items/49477109
2026-08-08 05:02:44,빌라투룸,49529478,매매,05,경기도 포천시 어룡동,포천시,어룡동,18600,0,18600,75.92,22.97,3,신축 첫 입주 큰평수 특가,https://www.zigbang.com/home/apt/items/49529478
2026-08-08 05:02:44,빌라투룸,49707781,매매,05,경기도 포천시 신읍동,포천시,신읍동,15800,0,15800,68.05,20.59,2,1억대 신축급3룸 최저입주금진행,https://www.zigbang.com/home/apt/items/49707781
2026-08-08 05:02:44,빌라투룸,49763977,매매,05,경기도 포천시 신읍동,포천시,신읍동,15000,0,15000,72.84,22.03,4,신읍동 엘유 방3화2 정남향 채광맛집 갓성비 문의 환영,https://www.zigbang.com/home/apt/items/49763977
2026-08-08 05:02:44,빌라투룸,49780237,매매,06,경기도 포천시 신읍동,포천시,신읍동,21000,0,21000,72.71,21.99,5,100프로 실매물 최저 실입주금 상담가능,https://www.zigbang.com/home/apt/items/49780237
2026-08-08 05:02:44,빌라투룸,49845445,매매,05,경기도 포천시 어룡동,포천시,어룡동,10500,0,10500,50.93,15.41,3,어룡동 신축 컨디션 그대로 가장 저렴한집 급매물,https://www.zigbang.com/home/apt/items/49845445
2026-08-08 05:02:44,빌라투룸,49889986,매매,05,경기도 포천시 어룡동,포천시,어룡동,18900,0,18900,75.92,22.97,1,실입주금 1000만원 가능 넓은평수 방3화2,https://www.zigbang.com/home/apt/items/49889986
2026-08-08 05:02:44,빌라투룸,49901409,매매,05,경기도 포천시 어룡동,포천시,어룡동,20000,0,20000,66.53,20.13,2,어룡동 21년식 신축급 컨디션 쓰리룸 2억 초반 급매,https://www.zigbang.com/home/apt/items/49901409
2026-08-08 05:02:44,빌라투룸,49963534,매매,06,경기도 포천시 어룡동,포천시,어룡동,21000,0,21000,75.1,22.72,4,포천 특별가 완전 대형 신축빌라 첫입주  밝은 복층 테라스,https://www.zigbang.com/home/apt/items/49963534
2026-08-08 05:02:44,빌라투룸,49968205,매매,06,경기도 포천시 신읍동,포천시,신읍동,22000,0,22000,72.7,21.99,5,포천고 인근 가성비 4룸 화2 급매,https://www.zigbang.com/home/apt/items/49968205
2026-08-08 05:02:44,빌라투룸,49910584,매매,05,경기도 광주시 도척면 상림리,광주시,도척면,19800,0,19800,73.16,22.13,3,힐링하는 1억대 첫입주 무입주금 입주가능 산책로테라스텃밭,https://www.zigbang.com/home/apt/items/49910584
2026-08-08 05:02:44,빌라투룸,49793573,월세,05,경기도 광주시 도척면 노곡리,광주시,도척면,50,70,0,73.55,22.25,2,노곡리 넓고 깔끔한 방3화2 입니다 반려동물가능,https://www.zigbang.com/home/apt/items/49793573
2026-08-08 05:02:44,빌라투룸,49816240,매매,05,경기도 광주시 도척면 노곡리,광주시,도척면,28900,0,28900,70.84,21.43,2,실평27평대 적은실입주금 풀옵션 신축3룸 내집마련기회,https://www.zigbang.com/home/apt/items/49816240
2026-08-08 05:02:44,빌라투룸,49825835,매매,05,경기도 광주시 곤지암읍 곤지암리,광주시,곤지암읍,15000,0,15000,51.94,15.71,2,o밝은채광급매물o방3화2 신축급컨디션 소액으로 대출가능한집,https://www.zigbang.com/home/apt/items/49825835
2026-08-08 05:02:44,빌라투룸,49826058,매매,05,경기도 광주시 도척면 진우리,광주시,도척면,17000,0,17000,64.37,19.47,3,o급매물준신축o 최저실입주금 대출가능한 3룸입니다,https://www.zigbang.com/home/apt/items/49826058
2026-08-08 05:02:44,빌라투룸,49836092,매매,05,경기도 광주시 곤지암읍 곤지암리,광주시,곤지암읍,14500,0,14500,54.32,16.43,2,즉시입주가능매물 방3화2 최저입주금가능,https://www.zigbang.com/home/apt/items/49836092
2026-08-08 05:02:44,빌라투룸,49905434,매매,05,경기도 광주시 곤지암읍 곤지암리,광주시,곤지암읍,16800,0,16800,54.11,16.37,3,l대출잘나오는l실매물l 대출 걱정 끝 허위 없는 진짜 매매,https://www.zigbang.com/home/apt/items/49905434
2026-08-08 05:02:45,빌라투룸,49616746,매매,05,경기도 이천시 신둔면 도암리,이천시,신둔면,12800,0,12800,59.5,18.0,3,도암초 맞은편 대단지,https://www.zigbang.com/home/apt/items/49616746
2026-08-08 05:02:45,빌라투룸,49971044,매매,05,경기도 이천시 신둔면 남정리,이천시,신둔면,29000,0,29000,61.62,18.64,2,적은실입주금 입주가능 실매물실사진 전절역 도보가능 넓은평수,https://www.zigbang.com/home/apt/items/49971044
2026-08-08 05:02:45,빌라투룸,49556361,매매,05,경기도 광주시 초월읍 지월리,광주시,초월읍,17500,0,17500,91.54,27.69,반지하,광주 최저가 도전. 한층 전체사용. 대형 창고함께 매매,https://www.zigbang.com/home/apt/items/49556361
2026-08-08 05:02:45,빌라투룸,49731546,매매,05,경기도 광주시 초월읍 지월리,광주시,초월읍,14300,0,14300,56.42,17.07,1,"급매,사이즈 좋고 주차 가능한 꿀매물",https://www.zigbang.com/home/apt/items/49731546
2026-08-08 05:02:45,빌라투룸,49743964,매매,05,경기도 광주시 쌍령동,광주시,쌍령동,14000,0,14000,76.58,23.17,4,아래쌍령동 빌라 급매,https://www.zigbang.com/home/apt/items/49743964
2026-08-08 05:02:45,빌라투룸,49793638,월세,04,경기도 광주시 쌍령동,광주시,쌍령동,50,60,0,44.39,13.43,4,쌍령동 투룸입니다.,https://www.zigbang.com/home/apt/items/49793638
2026-08-08 05:02:45,빌라투룸,49826066,매매,05,경기도 광주시 쌍령동,광주시,쌍령동,16500,0,16500,59.75,18.07,1,o급매물테라스o 대단지 신축급3룸 적은실입주금 가능,https://www.zigbang.com/home/apt/items/49826066
2026-08-08 05:02:45,빌라투룸,49879781,월세,04,경기도 광주시 쌍령동,광주시,쌍령동,1000,70,0,46.28,14.0,3,"주차 편리한 투룸 월세,풀옵션 조건",https://www.zigbang.com/home/apt/items/49879781
2026-08-08 05:02:45,빌라투룸,49915708,매매,05,경기도 광주시 송정동,광주시,송정동,31000,0,31000,51.15,15.47,2,부족한 실입주금 상담 환영합니다ㅣ3룸 2화장실ㅣ무료상담,https://www.zigbang.com/home/apt/items/49915708
2026-08-08 05:02:45,빌라투룸,49931715,매매,06,경기도 광주시 쌍령동,광주시,쌍령동,26500,0,26500,70.91,21.45,4,성남권분당권 엘베있는 급매 복층빌라 실매물실사진 놓치면후회,https://www.zigbang.com/home/apt/items/49931715
2026-08-08 05:02:45,빌라투룸,49958616,매매,05,경기도 광주시 초월읍 지월리,광주시,초월읍,15000,0,15000,51.36,15.54,2,최저실입주금 가능ㅣ외국인대출가능ㅣ신축급컨디션ㅣ급매저렴,https://www.zigbang.com/home/apt/items/49958616
2026-08-08 05:02:45,빌라투룸,49809914,매매,05,경기도 광주시 곤지암읍 삼리,광주시,곤지암읍,15000,0,15000,64.3,19.45,4,초급매 넓은3룸 올수리올리모델링 빨리잡으세요,https://www.zigbang.com/home/apt/items/49809914
2026-08-08 05:02:45,빌라투룸,49952444,매매,05,경기도 광주시 초월읍 늑현리,광주시,초월읍,25000,0,25000,63.76,19.29,3,실매물실사진 초월역 곤지암IC 막힘없는 뷰 신축급 컨디션,https://www.zigbang.com/home/apt/items/49952444
2026-08-08 05:02:45,빌라투룸,49890053,매매,05,경기도 광주시 곤지암읍 오향리,광주시,곤지암읍,17000,0,17000,60.63,18.34,4,"급매, 넓은3룸 적은 입주금으로 내 집 마련",https://www.zigbang.com/home/apt/items/49890053
2026-08-08 05:02:45,빌라투룸,49924504,매매,05,경기도 광주시 곤지암읍 오향리,광주시,곤지암읍,19000,0,19000,60.63,18.34,3,l대출잘나오는l실매물l 관리잘된 귀한 신축급매물입니다,https://www.zigbang.com/home/apt/items/49924504
2026-08-08 05:02:45,빌라투룸,49979301,월세,05,경기도 광주시 곤지암읍 오향리,광주시,곤지암읍,200,80,0,58.03,17.55,3,공실공실 단기단기  월세월세,https://www.zigbang.com/home/apt/items/49979301
2026-08-08 05:02:45,빌라투룸,49981430,월세,05,경기도 광주시 곤지암읍 오향리,광주시,곤지암읍,200,80,0,58.03,17.55,3,l미래l 이쁜집 쓰리룸 빠른입주 선착순,https://www.zigbang.com/home/apt/items/49981430
2026-08-08 05:02:46,빌라투룸,49693615,월세,04,경기도 여주시 월송동,여주시,월송동,1000,75,0,50,15.12,3,"신축 조용하고 깨끗한 마을에 위치,단출한 다가구",https://www.zigbang.com/home/apt/items/49693615
2026-08-08 05:02:46,빌라투룸,49733447,매매,05,경기도 여주시 월송동,여주시,월송동,16000,0,16000,70.78,21.41,2,"깨끗하고 조용한 빌라 ,주차편리함",https://www.zigbang.com/home/apt/items/49733447
2026-08-08 05:02:46,빌라투룸,49875429,월세,04,경기도 여주시 월송동,여주시,월송동,1000,60,0,40,12.1,2,"신축급 깨끗한 투룸 ,즉시입주",https://www.zigbang.com/home/apt/items/49875429
2026-08-08 05:02:46,빌라투룸,49965663,월세,04,경기도 여주시 월송동,여주시,월송동,1000,61,0,26.45,8.0,2,월송동투룸월세,https://www.zigbang.com/home/apt/items/49965663
2026-08-08 05:02:46,빌라투룸,49528916,매매,05,경기도 이천시 백사면 모전리,이천시,백사면,13900,0,13900,58.57,17.72,3,급매 모전리 이페리온 준신축급 쓰리룸 동일평형 최저가 매매,https://www.zigbang.com/home/apt/items/49528916
2026-08-08 05:02:46,빌라투룸,49793577,월세,05,경기도 이천시 백사면 모전리,이천시,백사면,50,70,0,64.12,19.4,3,모전리 신축급 컨디션 쓰리룸입니다 6개월 단기임대,https://www.zigbang.com/home/apt/items/49793577
2026-08-08 05:02:46,빌라투룸,49923570,매매,04,경기도 이천시 신둔면 도봉리,이천시,신둔면,4700,0,4700,41.56,12.57,2,올 리모델링한 착한 가격의 빌라매매,https://www.zigbang.com/home/apt/items/49923570
2026-08-08 05:02:46,빌라투룸,49773910,월세,04,경기도 이천시 부발읍 무촌리,이천시,부발읍,1000,60,0,39.67,12.0,2,이천시 무촌리 부발초 맞은편 투룸월세,https://www.zigbang.com/home/apt/items/49773910
2026-08-08 05:02:46,빌라투룸,49849552,매매,05,경기도 이천시 부발읍 무촌리,이천시,부발읍,15900,0,15900,64.5,19.51,4,급매 부발읍 무촌리 노블레스빌라  뻥뷰에 완벽한 생활권,https://www.zigbang.com/home/apt/items/49849552
2026-08-08 05:02:46,빌라투룸,49939739,월세,04,경기도 이천시 부발읍 무촌리,이천시,부발읍,100,80,0,34,10.28,3,단기가능투룸 숙소로추천 부발초인근,https://www.zigbang.com/home/apt/items/49939739
2026-08-08 05:02:46,빌라투룸,49963954,월세,05,경기도 이천시 부발읍 신원리,이천시,부발읍,3000,80,0,73.71,22.3,3,"쓰리룸빌라 애완동물가능, 숙소가능",https://www.zigbang.com/home/apt/items/49963954
2026-08-08 05:02:46,빌라투룸,49912102,매매,04,경기도 여주시 흥천면 내사리,여주시,흥천면,29900,0,29900,98.19,29.7,1,건평30평 대지150평 실사진실매물 집주인 거주중 준신축급,https://www.zigbang.com/home/apt/items/49912102
2026-08-08 05:02:47,빌라투룸,49864064,매매,05,경기도 광주시 퇴촌면 관음리,광주시,퇴촌면,14500,0,14500,58.34,17.65,1,텃밭 실매물실사진 도로변 근처 평지 상태좋은 방3 욕실2개,https://www.zigbang.com/home/apt/items/49864064
2026-08-08 05:02:47,빌라투룸,49910255,매매,05,경기도 광주시 퇴촌면 관음리,광주시,퇴촌면,9500,0,9500,51.44,15.56,4,실매물실사진 급매물빌라 상태좋음 도로변 공기좋고 위치좋고,https://www.zigbang.com/home/apt/items/49910255
2026-08-08 05:02:47,빌라투룸,49911915,매매,04,경기도 광주시 퇴촌면 도수리,광주시,퇴촌면,10500,0,10500,56.4,17.06,2,실매물실사진 급매물빌라 상태좋음 퇴촌 시내권 도로변 초중학,https://www.zigbang.com/home/apt/items/49911915
2026-08-08 05:02:47,빌라투룸,49931626,매매,05,경기도 광주시 퇴촌면 광동리,광주시,퇴촌면,15500,0,15500,64,19.36,3,실사진실매물 퇴촌농협 시내권 위치 막힘없는뷰 옥상 사용가능,https://www.zigbang.com/home/apt/items/49931626
2026-08-08 05:02:47,빌라투룸,49944378,월세,05,경기도 광주시 퇴촌면 도수리,광주시,퇴촌면,140,70,0,55.93,16.92,2,한달한달 월세내는 3룸 저보증금 단기매물,https://www.zigbang.com/home/apt/items/49944378
2026-08-08 05:02:47,빌라투룸,49965381,전세,05,경기도 남양주시 조안면 삼봉리,남양주시,조안면,17000,0,0,55.52,16.79,4,남한강 보이는 복층 3룸 전세,https://www.zigbang.com/home/apt/items/49965381
2026-08-08 05:02:47,빌라투룸,49985701,매매,05,경기도 남양주시 조안면 삼봉리,남양주시,조안면,15000,0,15000,62.99,19.05,4,전망좋은 쓰리룸매매,https://www.zigbang.com/home/apt/items/49985701
2026-08-08 05:02:49,빌라투룸,49663913,전세,04,경기도 여주시 점봉동,여주시,점봉동,10000,0,0,42.9,12.98,3,여주대인근 풀옵션 투룸전세입니다.전세권설정 가능,https://www.zigbang.com/home/apt/items/49663913
2026-08-08 05:02:49,빌라투룸,49799217,전세,04,경기도 여주시 점봉동,여주시,점봉동,10000,0,0,39.67,12.0,3,신축급 옵션좋고 깨끗함,https://www.zigbang.com/home/apt/items/49799217
2026-08-08 05:02:49,빌라투룸,49819366,월세,04,경기도 여주시 하동,여주시,하동,1000,62,0,42.98,13.0,4,여주시내 하동 투룸 풀옵션 월세입니다.,https://www.zigbang.com/home/apt/items/49819366
2026-08-08 05:02:49,빌라투룸,49839831,월세,04,경기도 여주시 점봉동,여주시,점봉동,6000,40,0,42.9,12.98,3,점봉동 신축급 풀옵션 투룸월세입니다.보증금 조정가능,https://www.zigbang.com/home/apt/items/49839831
2026-08-08 05:02:49,빌라투룸,49919302,월세,04,경기도 여주시 홍문동,여주시,홍문동,1000,72,0,42.9,12.98,4,이마트 홍문지구 바로앞 신축형 풀옵션 투룸입니다.즉시입주,https://www.zigbang.com/home/apt/items/49919302
2026-08-08 05:02:49,빌라투룸,49931061,월세,04,경기도 여주시 점봉동,여주시,점봉동,1000,70,0,39.67,12.0,2,풀옵션 신축급 깨끗함 투룸,https://www.zigbang.com/home/apt/items/49931061
2026-08-08 05:02:49,빌라투룸,49933111,매매,05,경기도 여주시 현암동,여주시,현암동,16500,0,16500,48.17,14.57,2,위치좋은 주택가지역 신축급매물 2층짜리 이쁜집 시세대비저렴,https://www.zigbang.com/home/apt/items/49933111
2026-08-08 05:02:49,빌라투룸,49965625,월세,04,경기도 여주시 점봉동,여주시,점봉동,1000,69,0,40.28,12.18,3,"점봉동 준신축 투룸 월세,",https://www.zigbang.com/home/apt/items/49965625
2026-08-08 05:02:50,빌라투룸,49901923,월세,04,강원도 원주시 지정면 가곡리,원주시,지정면,1000,75,0,69.42,21.0,3,클릭 섬강중학교 맞은편 준신축 넓은 풀옵션 투룸,https://www.zigbang.com/home/apt/items/49901923
2026-08-08 05:02:50,빌라투룸,49948105,월세,04,강원도 원주시 우산동,원주시,우산동,300,55,0,46.28,14.0,2,클릭 상지대정문 도보8분거리 깔끔한 풀옵션 투룸,https://www.zigbang.com/home/apt/items/49948105
2026-08-08 05:02:53,빌라투룸,49037016,매매,05,경기도 남양주시 화도읍 묵현리,남양주시,화도읍,24500,0,24500,58.57,17.72,4,신축 조망좋은  특가 3룸,https://www.zigbang.com/home/apt/items/49037016
2026-08-08 05:02:53,빌라투룸,49545903,매매,05,경기도 남양주시 화도읍 차산리,남양주시,화도읍,36000,0,36000,84.94,25.69,1,100프로 실매물 최저 실입주금 상담가능,https://www.zigbang.com/home/apt/items/49545903
2026-08-08 05:02:53,빌라투룸,49671884,매매,05,경기도 남양주시 화도읍 마석우리,남양주시,화도읍,17000,0,17000,69.3,20.96,2,깨끗한 3룸 엘베없는 2층매물,https://www.zigbang.com/home/apt/items/49671884
2026-08-08 05:02:53,빌라투룸,49732648,매매,05,경기도 남양주시 화도읍 창현리,남양주시,화도읍,27000,0,27000,69.25,20.95,2,마석역 도보 14분 롯데마트 도보 8분,https://www.zigbang.com/home/apt/items/49732648
2026-08-08 05:02:53,빌라투룸,49759621,매매,05,경기도 남양주시 화도읍 창현리,남양주시,화도읍,21000,0,21000,50.26,15.2,3,최저입주금가능ㅣ외국인대출가능ㅣ엘베OKㅣ디딤돌 ㅣ 컨디션최상,https://www.zigbang.com/home/apt/items/49759621
2026-08-08 05:02:53,빌라투룸,49776042,매매,05,경기도 남양주시 화도읍 묵현리,남양주시,화도읍,13500,0,13500,67.5,20.42,4,실매물 0 집주인인증 0 방문약속가능,https://www.zigbang.com/home/apt/items/49776042
2026-08-08 05:02:53,빌라투룸,49867108,월세,04,경기도 남양주시 화도읍 묵현리,남양주시,화도읍,1000,50,0,30,9.07,2,"공실 즉시입주 방2, 화1 베란다 천마산역인근",https://www.zigbang.com/home/apt/items/49867108
2026-08-08 05:02:53,빌라투룸,49916561,매매,05,경기도 남양주시 화도읍 묵현리,남양주시,화도읍,16000,0,16000,52.98,16.03,3,올리모델링 보일러교체 입주청소까지 완료된 깔끔한쓰리룸,https://www.zigbang.com/home/apt/items/49916561
2026-08-08 05:02:53,빌라투룸,49958994,월세,05,경기도 남양주시 화도읍 창현리,남양주시,화도읍,1000,80,0,50,15.12,2,10월초 입주가능 2층 쓰리룸,https://www.zigbang.com/home/apt/items/49958994
2026-08-08 05:02:53,빌라투룸,49977135,월세,04,경기도 남양주시 화도읍 마석우리,남양주시,화도읍,1000,50,0,36.36,11.0,3,화도읍행정센타 후문 주변  투룸,https://www.zigbang.com/home/apt/items/49977135
2026-08-08 05:02:53,빌라투룸,49700035,월세,04,경기도 남양주시 화도읍 묵현리,남양주시,화도읍,1000,50,0,25,7.56,2,공실 주차가능 넓은 투룸,https://www.zigbang.com/home/apt/items/49700035
2026-08-08 05:02:53,빌라투룸,49712185,전세,04,경기도 남양주시 화도읍 가곡리,남양주시,화도읍,24900,0,0,77.3,23.38,1,"탁트인 산뷰 넓은 테라스 방2, 화2",https://www.zigbang.com/home/apt/items/49712185
2026-08-08 05:02:53,빌라투룸,49944394,월세,05,경기도 남양주시 화도읍 묵현리,남양주시,화도읍,200,60,0,59.85,18.1,2,한달한달 월세내는 3룸 저보증금 단기매물,https://www.zigbang.com/home/apt/items/49944394
2026-08-08 05:02:53,빌라투룸,49961684,월세,05,경기도 남양주시 화도읍 묵현리,남양주시,화도읍,12000,15,0,59.5,18.0,3,"oO채광굿,방3,화2,전세대출가능,보증보험가능Oo",https://www.zigbang.com/home/apt/items/49961684
2026-08-08 05:02:53,빌라투룸,49867083,월세,04,경기도 남양주시 화도읍 마석우리,남양주시,화도읍,3000,40,0,33.06,10.0,2,공실 수리된집 기름보일러 전세6000가능,https://www.zigbang.com/home/apt/items/49867083
2026-08-08 05:02:53,빌라투룸,49959532,월세,04,경기도 남양주시 화도읍 마석우리,남양주시,화도읍,1000,55,0,42.97,13.0,1,"oO마석역도보2분컷,하나로마트,마석시내,주차불가Oo",https://www.zigbang.com/home/apt/items/49959532
2026-08-08 05:02:56,빌라투룸,49842485,월세,04,강원도 홍천군 남면 양덕원리,홍천군,남면,2000,50,0,39.67,12.0,3,풀옵션 투룸홍천 남면.즉시입주.전세가능,https://www.zigbang.com/home/apt/items/49842485
2026-08-08 05:02:56,빌라투룸,49959363,전세,04,강원도 홍천군 남면 양덕원리,홍천군,남면,5000,0,0,38.76,11.72,3,깨끗한 풀옵션 미니투룸.반전세가능,https://www.zigbang.com/home/apt/items/49959363
2026-08-08 05:02:57,빌라투룸,49889809,월세,04,강원도 홍천군 홍천읍 연봉리,홍천군,홍천읍,300,45,0,39.67,12.0,1,남산초부근 상태최상,https://www.zigbang.com/home/apt/items/49889809
2026-08-08 05:02:57,빌라투룸,49545988,월세,04,강원도 홍천군 홍천읍,홍천군,홍천읍,1000,63,0,48.96,14.81,2,투룸 풀옵션 방2.거실,https://www.zigbang.com/home/apt/items/49545988
2026-08-08 05:02:57,빌라투룸,49650639,월세,04,강원도 홍천군 홍천읍 갈마곡리,홍천군,홍천읍,5000,30,0,49.59,15.0,2,즉시입주가능  옵션있는 투룸 인테리어최상 전세1억 가능,https://www.zigbang.com/home/apt/items/49650639
2026-08-08 05:02:57,빌라투룸,49856944,월세,04,강원도 홍천군 홍천읍 희망리,홍천군,홍천읍,500,50,0,49.58,15.0,3,가성비 최고 가성비 좋은월세,https://www.zigbang.com/home/apt/items/49856944
2026-08-08 05:02:57,빌라투룸,49862310,월세,04,강원도 홍천군 홍천읍 갈마곡리,홍천군,홍천읍,1000,65,0,44.19,13.37,3,신혼부부환영 인테리어이쁨.. 저렴하게 전세도 가능해요..,https://www.zigbang.com/home/apt/items/49862310
2026-08-08 05:02:57,빌라투룸,49895810,전세,04,강원도 홍천군 홍천읍 갈마곡리,홍천군,홍천읍,7000,0,0,36.36,11.0,2,홍천 신시가지 풀옵션 미니투룸,https://www.zigbang.com/home/apt/items/49895810
2026-08-08 05:02:57,빌라투룸,49965815,월세,04,강원도 홍천군 홍천읍 갈마곡리,홍천군,홍천읍,2000,50,0,39.67,12.0,2,풀옵션 거실있는 투룸  심플한 인테리어,https://www.zigbang.com/home/apt/items/49965815
2026-08-08 05:02:58,빌라투룸,49446192,전세,04,강원도 춘천시 동내면 학곡리,춘천시,동내면,11000,0,0,49.59,15.0,3,"준신축2룸.풀옵션 전세.엘베, 주차장 넓어요",https://www.zigbang.com/home/apt/items/49446192
2026-08-08 05:02:58,빌라투룸,49661243,월세,04,강원도 춘천시 동내면 학곡리,춘천시,동내면,500,49,0,42,12.7,2,"ㅁㅁ 학곡리 신축 풀옵션 투룸, 엘리베이터,",https://www.zigbang.com/home/apt/items/49661243
2026-08-08 05:02:58,빌라투룸,49696092,매매,05,강원도 춘천시 동내면 학곡리,춘천시,동내면,45000,0,45000,88.4,26.74,1,전원생활하면서텃밭가꾸기 좋은 매물이며 주변시세대비저렴함,https://www.zigbang.com/home/apt/items/49696092
2026-08-08 05:02:58,빌라투룸,49710748,월세,05,강원도 춘천시 동내면 학곡리,춘천시,동내면,3000,110,0,132.23,40.0,4,"학곡리.신축,주인세대 .대형3룸",https://www.zigbang.com/home/apt/items/49710748
2026-08-08 05:02:58,빌라투룸,49779312,월세,04,강원도 춘천시 동내면 학곡리,춘천시,동내면,500,55,0,43,13.01,3,ㅣ학곡리 내ㅣ주차편리ㅣ깔끔한 인테리어ㅣ신축투룸ㅣ,https://www.zigbang.com/home/apt/items/49779312
2026-08-08 05:02:58,빌라투룸,49803357,월세,04,강원도 춘천시 동내면 학곡리,춘천시,동내면,500,55,0,48,14.52,3,학곡리 인근 화이트 AAA급 신축급 투룸,https://www.zigbang.com/home/apt/items/49803357
2026-08-08 05:02:58,빌라투룸,49840298,월세,04,강원도 춘천시 동내면 학곡리,춘천시,동내면,500,50,0,49.59,15.0,2,학곡리 아기자기한 투룸,https://www.zigbang.com/home/apt/items/49840298
2026-08-08 05:02:58,빌라투룸,49851435,월세,04,강원도 춘천시 동내면 학곡리,춘천시,동내면,500,55,0,42,12.7,3,"ㅁㅁ 학곡리 신축 풀옵션, 주차장, 엘리베이터,",https://www.zigbang.com/home/apt/items/49851435
2026-08-08 05:02:58,빌라투룸,49865871,월세,04,강원도 춘천시 동내면 학곡리,춘천시,동내면,500,57,0,45,13.61,3,ㅣ학곡리 내ㅣ주차편리ㅣ깔끔한 인테리어ㅣ신축투룸ㅣ,https://www.zigbang.com/home/apt/items/49865871
2026-08-08 05:02:58,빌라투룸,49969646,월세,04,강원도 춘천시 동내면 학곡리,춘천시,동내면,500,53,0,45,13.61,2,"ㅁㅁ 학곡리 신축, 풀옵션 투룸 월세,",https://www.zigbang.com/home/apt/items/49969646
2026-08-08 05:02:58,빌라투룸,49971539,월세,04,강원도 춘천시 동내면 학곡리,춘천시,동내면,500,53,0,46.28,14.0,2,학곡리 조용학 주차편한 좋은 구조의 투룸,https://www.zigbang.com/home/apt/items/49971539
2026-08-08 05:02:59,빌라투룸,49768148,매매,04,강원도 춘천시 신북읍 천전리,춘천시,신북읍,31000,0,31000,82.98,25.1,1,신북읍 천전리 언덕지곳에 위치한 전원주택 방2개,https://www.zigbang.com/home/apt/items/49768148
2026-08-08 05:02:58,빌라투룸,49682201,월세,05,강원도 춘천시 후평동,춘천시,후평동,3000,95,0,110,33.27,4,"ㅁㅁ 후평동 탑층 쓰리룸, 고급스런 인테리어,",https://www.zigbang.com/home/apt/items/49682201
2026-08-08 05:02:58,빌라투룸,49755274,월세,04,강원도 춘천시 동면 장학리,춘천시,동면,500,60,0,46.98,14.21,3,장학택지내 넓은거실과 방,https://www.zigbang.com/home/apt/items/49755274
2026-08-08 05:02:58,빌라투룸,49755286,전세,05,강원도 춘천시 동면 지내리,춘천시,동면,7500,0,0,62.49,18.9,2,남향 주인거주로 깔끔합니다.,https://www.zigbang.com/home/apt/items/49755286
2026-08-08 05:02:58,빌라투룸,49756081,월세,04,강원도 춘천시 후평동,춘천시,후평동,500,60,0,48,14.52,3,후평동 동광오거리 인근 가성비 좋은 깨끗한 투룸,https://www.zigbang.com/home/apt/items/49756081
2026-08-08 05:02:58,빌라투룸,49765866,월세,04,강원도 춘천시 후평동,춘천시,후평동,500,61,0,42.98,13.0,3,신축급  채광좋으며 집상태최상,https://www.zigbang.com/home/apt/items/49765866
2026-08-08 05:02:58,빌라투룸,49766501,월세,04,강원도 춘천시 후평동,춘천시,후평동,500,61,0,46.28,14.0,3,ㅁㅁ후평동 종합청사 근처 풀옵션 신축급 투룸ㅁㅁ,https://www.zigbang.com/home/apt/items/49766501
2026-08-08 05:02:58,빌라투룸,49868927,월세,04,강원도 춘천시 후평동,춘천시,후평동,500,60,0,45,13.61,3,"ㅁㅁ 동광오거리쪽, 풀옵션 투룸,",https://www.zigbang.com/home/apt/items/49868927
2026-08-08 05:02:58,빌라투룸,49877145,월세,04,강원도 춘천시 후평동,춘천시,후평동,500,60,0,50.3,15.22,3,l동광오거리 l방크기 여유로운l 투룸 월세l,https://www.zigbang.com/home/apt/items/49877145
2026-08-08 05:02:58,빌라투룸,49911529,월세,04,강원도 춘천시 동면 장학리,춘천시,동면,600,67,0,46.28,14.0,3,장학리 한림성심대인근 넓은 투룸입니다 전세도가능합니다,https://www.zigbang.com/home/apt/items/49911529
2026-08-08 05:02:58,빌라투룸,49930372,월세,05,강원도 춘천시 후평동,춘천시,후평동,6500,70,0,100,30.25,5,"후평동 동광오거리 부근, 옥상단독사용 주인세대 복층 쓰리룸",https://www.zigbang.com/home/apt/items/49930372
2026-08-08 05:02:58,빌라투룸,49939592,월세,04,강원도 춘천시 후평동,춘천시,후평동,5000,25,0,52.89,16.0,1,"후평동 아이파크 부근, 전세도OK 깔끔 투룸",https://www.zigbang.com/home/apt/items/49939592
2026-08-08 05:02:58,빌라투룸,49978534,월세,04,강원도 춘천시 후평동,춘천시,후평동,500,60,0,47,14.22,2,ㅣ춘천기공 부근ㅣ넓은 구조ㅣ깔끔한 인테리어ㅣ신축투룸ㅣ,https://www.zigbang.com/home/apt/items/49978534
2026-08-08 05:03:00,빌라투룸,49911327,매매,05,경상북도 문경시 공평동,문경시,공평동,15000,0,15000,70.76,21.4,2,엘리베이터 있는 빌라입니다.,https://www.zigbang.com/home/apt/items/49911327
2026-08-08 05:03:00,빌라투룸,49911440,매매,05,경상북도 문경시 모전동,문경시,모전동,16300,0,16300,77.36,23.4,3,"정남향으로 샤시까지 전체 올리모델링 ,집 상태 최상입니다",https://www.zigbang.com/home/apt/items/49911440
2026-08-08 05:03:00,빌라투룸,49940947,매매,05,경상북도 문경시 공평동,문경시,공평동,15000,0,15000,76.03,23.0,2,엘리베이터 있는 신축급 빌라 입니다,https://www.zigbang.com/home/apt/items/49940947
2026-08-08 05:03:00,빌라투룸,49940975,월세,05,경상북도 문경시 모전동,문경시,모전동,2000,51,0,78,23.59,3,"즉시입주 가능한 주인세대,  방3,화2,넓은거실",https://www.zigbang.com/home/apt/items/49940975
2026-08-08 05:03:01,빌라투룸,49911461,매매,05,경상북도 문경시 흥덕동,문경시,흥덕동,10500,0,10500,79.01,23.9,5,즉시입주 가능 도시가스 부분리모델링 되어 깨끗함,https://www.zigbang.com/home/apt/items/49911461
2026-08-08 05:03:01,빌라투룸,49361824,전세,04,경상북도 문경시 모전동,문경시,모전동,10000,0,0,62.81,19.0,2,깨끗하고 깔끔한 여중후문에있는 정투룸,https://www.zigbang.com/home/apt/items/49361824
2026-08-08 05:03:01,빌라투룸,49879603,월세,04,경상북도 문경시 모전동,문경시,모전동,500,40,0,40,12.1,3,상태가 아주 좋은 투룸입니다.,https://www.zigbang.com/home/apt/items/49879603
2026-08-08 05:03:01,빌라투룸,49911365,매매,04,경상북도 문경시 모전동,문경시,모전동,10000,0,10000,63.47,19.2,2,"방2,화1,거실 있어요 남향에 가까운 남동향으로 일조권좋음",https://www.zigbang.com/home/apt/items/49911365
2026-08-08 05:03:01,빌라투룸,49911400,매매,05,경상북도 문경시 흥덕동,문경시,흥덕동,15500,0,15500,84.74,25.63,4,"현재 공실,집 상태  좋습니다,전실이 있어 편리합니다",https://www.zigbang.com/home/apt/items/49911400
2026-08-08 05:03:01,빌라투룸,49940805,월세,04,경상북도 문경시 모전동,문경시,모전동,500,51,0,55,16.64,2,풀옵션 투룸 월세 나왔어요,https://www.zigbang.com/home/apt/items/49940805
2026-08-08 05:03:01,빌라투룸,49959089,월세,04,경상북도 문경시 모전동,문경시,모전동,300,45,0,56.2,17.0,2,여중지구 정 투룸   풀옵션입니다,https://www.zigbang.com/home/apt/items/49959089
2026-08-08 05:03:06,빌라투룸,49429217,월세,05,경상북도 영주시 영주동,영주시,영주동,5000,53,0,84,25.41,3,영주초인근 쓰리룸 반전세 전세가능,https://www.zigbang.com/home/apt/items/49429217
2026-08-08 05:03:06,빌라투룸,49947303,월세,05,경상북도 영주시 가흥동,영주시,가흥동,2000,70,0,74,22.38,3,제일고 인근 쓰리룸,https://www.zigbang.com/home/apt/items/49947303
2026-08-08 05:03:46,빌라투룸,49873473,월세,05,강원도 강릉시 교동,강릉시,교동,2000,100,0,90,27.22,3,즉시입주가능   도배 줄눈 새로함  에어컨3대  도시가스,https://www.zigbang.com/home/apt/items/49873473
2026-08-08 05:03:46,빌라투룸,49736126,월세,04,강원도 강릉시 내곡동,강릉시,내곡동,500,60,0,55.98,16.93,반지하,내곡동 관대 투룸 월세 임대입니다,https://www.zigbang.com/home/apt/items/49736126
2026-08-08 05:03:54,빌라투룸,49793614,월세,05,경기도 연천군 전곡읍 전곡리,연천군,전곡읍,50,60,0,46.97,14.21,4,전곡리 방3화2 반려동물 전입신고 ok,https://www.zigbang.com/home/apt/items/49793614
2026-08-08 05:04:27,빌라투룸,49704571,월세,04,강원도 속초시 교동,속초시,교동,500,58,0,49.59,15.0,2,경찰서 뒤 인기좋은 투룸,https://www.zigbang.com/home/apt/items/49704571
2026-08-08 05:04:27,빌라투룸,49704659,월세,04,강원도 속초시 교동,속초시,교동,500,70,0,60,18.15,2,방2개 거실1개 넓은구조 옵션완비,https://www.zigbang.com/home/apt/items/49704659
2026-08-08 05:04:27,빌라투룸,49918264,전세,04,강원도 속초시 교동,속초시,교동,10000,0,0,78.87,23.86,5,주차편리한주인세대,https://www.zigbang.com/home/apt/items/49918264
2026-08-08 05:04:27,빌라투룸,49976962,월세,04,강원도 속초시 교동,속초시,교동,1000,55,0,60,18.15,5,월세는 관리비포함금액이며  보증금은 조율가능합니다.,https://www.zigbang.com/home/apt/items/49976962
2026-08-08 05:04:27,빌라투룸,49810622,전세,04,강원도 속초시 영랑동,속초시,영랑동,6000,0,0,70,21.17,5,즉시입주가능합니다,https://www.zigbang.com/home/apt/items/49810622
2026-08-08 05:04:27,빌라투룸,49810826,월세,04,강원도 속초시 영랑동,속초시,영랑동,3000,40,0,75,22.69,5,영랑호 부근 산책하기좋고 베란다에서  차한잔의 여유를 즐기,https://www.zigbang.com/home/apt/items/49810826
2026-08-08 05:04:27,빌라투룸,49918261,전세,04,강원도 속초시 청호동,속초시,청호동,8000,0,0,70,21.17,2,즉시입주가능 투룸,https://www.zigbang.com/home/apt/items/49918261
2026-08-08 05:04:27,빌라투룸,49732247,월세,04,강원도 속초시 조양동,속초시,조양동,300,45,0,39,11.8,3,투룸 넓은 다세대주택,https://www.zigbang.com/home/apt/items/49732247
2026-08-08 05:05:25,빌라투룸,49703514,월세,04,울산시 북구 양정동,북구,양정동,1000,51,0,55.12,16.67,2,현차 출퇴근 용이. 컨디션 좋은 방2 거실 부엌 따로,https://www.zigbang.com/home/apt/items/49703514
2026-08-08 05:05:25,빌라투룸,49724916,월세,05,울산시 북구 염포동,북구,염포동,10000,50,0,117.1,35.42,4,주인세대 방3화장실2에어컨3 복층 보증금월세조정,https://www.zigbang.com/home/apt/items/49724916
2026-08-08 05:05:25,빌라투룸,49731832,전세,05,울산시 북구 염포동,북구,염포동,9000,0,0,86,26.01,4,방3 거실 주인세대 안전한전세,https://www.zigbang.com/home/apt/items/49731832
2026-08-08 05:05:25,빌라투룸,49780905,월세,05,울산시 북구 염포동,북구,염포동,1000,50,0,90.1,27.26,3,리모델링된방 방3 복층 넓은공간,https://www.zigbang.com/home/apt/items/49780905
2026-08-08 05:05:25,빌라투룸,49886023,월세,04,울산시 동구 전하동,동구,전하동,300,61,0,56.2,17.0,3,V우수V 방2 화장실2,https://www.zigbang.com/home/apt/items/49886023
2026-08-08 05:05:34,빌라투룸,49544702,전세,04,경상북도 포항시 북구 양덕동,포항시 북구,양덕동,5000,0,0,62.81,19.0,3,투룸ㅡ풀옵션ㅡ하나로마트,https://www.zigbang.com/home/apt/items/49544702
2026-08-08 05:05:34,빌라투룸,49802522,월세,05,경상북도 포항시 북구 양덕동,포항시 북구,양덕동,3000,51,0,95.87,29.0,2,양덕초 인근 테라스가 있는 상가주택 주인세대,https://www.zigbang.com/home/apt/items/49802522
2026-08-08 05:05:34,빌라투룸,49804598,전세,05,경상북도 포항시 북구 장성동,포항시 북구,장성동,12000,0,0,142.57,43.13,5,환호힐스테이트2단지 인근 신축 첫입주 럭셔리한 주인세대,https://www.zigbang.com/home/apt/items/49804598
2026-08-08 05:05:34,빌라투룸,49816711,월세,04,경상북도 포항시 북구 장성동,포항시 북구,장성동,500,50,0,63,19.06,2,대형투룸ㅡ힐스테이트인근ㅡ깔끔,https://www.zigbang.com/home/apt/items/49816711
2026-08-08 05:05:34,빌라투룸,49842571,월세,04,경상북도 포항시 북구 장성동,포항시 북구,장성동,500,50,0,17,5.14,2,환호공원힐스테이트 인근 채광 통풍 관리 잘된  신축 투룸,https://www.zigbang.com/home/apt/items/49842571
2026-08-08 05:05:34,빌라투룸,49872753,월세,05,경상북도 포항시 북구 장성동,포항시 북구,장성동,400,41,0,80,24.2,4,양덕해마트인근ㅡ쓰리룸,https://www.zigbang.com/home/apt/items/49872753
2026-08-08 05:05:34,빌라투룸,49878726,월세,04,경상북도 포항시 북구 장성동,포항시 북구,장성동,300,34,0,60,18.15,4,투룸ㅡ두산위브인근 ㅡ장성파출소인근,https://www.zigbang.com/home/apt/items/49878726
2026-08-08 05:05:34,빌라투룸,49891419,월세,04,경상북도 포항시 북구 양덕동,포항시 북구,양덕동,300,45,0,65,19.66,2,양덕차고지 인근  넓은 정투룸,https://www.zigbang.com/home/apt/items/49891419
2026-08-08 05:05:34,빌라투룸,49915488,월세,04,경상북도 포항시 북구 장성동,포항시 북구,장성동,300,36,0,59.5,18.0,4,두산위브부근 풀옵션 정투룸,https://www.zigbang.com/home/apt/items/49915488
2026-08-08 05:05:34,빌라투룸,49920348,월세,04,경상북도 포항시 북구 양덕동,포항시 북구,양덕동,5000,40,0,49.59,15.0,2,양덕 하나로마트 길건너 정투룸 반전세,https://www.zigbang.com/home/apt/items/49920348
2026-08-08 05:05:34,빌라투룸,49920548,월세,04,경상북도 포항시 북구 장성동,포항시 북구,장성동,500,51,0,62.81,19.0,2,학생문화회관 인근 귀한 정투룸,https://www.zigbang.com/home/apt/items/49920548
2026-08-08 05:05:34,빌라투룸,49921381,월세,04,경상북도 포항시 북구 장성동,포항시 북구,장성동,500,36,0,49.7,15.03,2,경성홈타운 인근 위치한 깔끔하게 리모델링된 투룸입니다.,https://www.zigbang.com/home/apt/items/49921381
2026-08-08 05:05:34,빌라투룸,49921567,월세,04,경상북도 포항시 북구 장성동,포항시 북구,장성동,1000,51,0,52.89,16.0,2,"두산위브 인근, 프리미엄 신축 오피스텔형 투룸급",https://www.zigbang.com/home/apt/items/49921567
2026-08-08 05:05:34,빌라투룸,49928888,월세,04,경상북도 포항시 북구 양덕동,포항시 북구,양덕동,300,41,0,59.5,18.0,2,한동대노선 풀옵션 정투룸,https://www.zigbang.com/home/apt/items/49928888
2026-08-08 05:05:34,빌라투룸,49934334,월세,04,경상북도 포항시 북구 장성동,포항시 북구,장성동,500,41,0,50,15.12,2,상가주택 풀옵션 정투룸,https://www.zigbang.com/home/apt/items/49934334
2026-08-08 05:07:01,오피스텔,49960961,매매,02,제주도 서귀포시 대정읍 보성리,서귀포시,대정읍,15000,0,15000,66.12,20.0,4,영어마을 1.5룸 오피스텔 매매,https://www.zigbang.com/home/apt/items/49960961
2026-08-08 05:07:01,오피스텔,49767116,전세,02,제주도 서귀포시 대포동,서귀포시,대포동,8500,0,0,52.41,15.85,3,"분리형 1,5룸 방 거실 넓음. 풀옵션. 시스템 에어컨.",https://www.zigbang.com/home/apt/items/49767116
2026-08-08 05:07:02,오피스텔,49731064,월세,01,제주도 서귀포시 강정동,서귀포시,강정동,200,36,0,35,10.59,4,서귀포 제2청사 인근 풀옵션 원룸,https://www.zigbang.com/home/apt/items/49731064
2026-08-08 05:07:02,오피스텔,49953050,월세,01,제주도 서귀포시 강정동,서귀포시,강정동,200,36,0,24,7.26,중,전입신고 가능하고 깨끗한 오피스텔,https://www.zigbang.com/home/apt/items/49953050
2026-08-08 05:07:02,오피스텔,49925339,월세,01,제주도 서귀포시 법환동,서귀포시,법환동,200,35,0,29.75,9.0,1,단기 3개월 가능,https://www.zigbang.com/home/apt/items/49925339
2026-08-08 05:07:02,오피스텔,49841346,월세,01,제주도 서귀포시 법환동,서귀포시,법환동,200,35,0,25.26,7.64,2,신시가지 중심지 원룸 오피스텔,https://www.zigbang.com/home/apt/items/49841346
2026-08-08 05:07:02,오피스텔,49710254,월세,01,제주도 서귀포시 법환동,서귀포시,법환동,200,40,0,30.02,9.08,7,서귀포 김정문화로 인근 깔끔한 오픈형 원룸,https://www.zigbang.com/home/apt/items/49710254
2026-08-08 05:07:02,오피스텔,49965252,월세,01,제주도 서귀포시 강정동,서귀포시,강정동,200,33,0,33.06,10.0,중,루스트 건물 풀옵션 원룸,https://www.zigbang.com/home/apt/items/49965252
2026-08-08 05:07:02,오피스텔,49969282,월세,04,제주도 서귀포시 강정동,서귀포시,강정동,50,100,0,99.1,29.98,10,"넓은투룸, 풀옵션 ,신시가지 삼다오피스텔",https://www.zigbang.com/home/apt/items/49969282
2026-08-08 05:07:02,오피스텔,49842729,월세,01,제주도 서귀포시 강정동,서귀포시,강정동,200,35,0,33.53,10.14,중,신시가지 루스트플레이스 건물 오픈형 원룸,https://www.zigbang.com/home/apt/items/49842729
2026-08-08 05:07:02,오피스텔,49925982,월세,01,제주도 서귀포시 서귀동,서귀포시,서귀동,200,50,0,24,7.26,7,단기 부터 사용 가능한 오피스텔,https://www.zigbang.com/home/apt/items/49925982
2026-08-08 05:07:02,오피스텔,49925295,월세,01,제주도 서귀포시 서귀동,서귀포시,서귀동,200,40,0,24,7.26,저,더그레이튼 중앙로터리부근 오피스텔,https://www.zigbang.com/home/apt/items/49925295
2026-08-08 05:07:02,오피스텔,49926166,월세,01,제주도 서귀포시 서귀동,서귀포시,서귀동,300,60,0,49.58,15.0,6,고급스러운 원,https://www.zigbang.com/home/apt/items/49926166
2026-08-08 05:07:02,오피스텔,49926799,월세,01,제주도 서귀포시 서귀동,서귀포시,서귀동,200,45,0,28.09,8.5,5,단기 6개월 부터 계약되는 오피스텔,https://www.zigbang.com/home/apt/items/49926799
2026-08-08 05:07:01,오피스텔,49776172,월세,02,제주도 서귀포시 중문동,서귀포시,중문동,200,45,0,49.6,15.0,4,바다뷰 풀옵션 분리형 원룸,https://www.zigbang.com/home/apt/items/49776172
2026-08-08 05:07:01,오피스텔,49843172,월세,02,제주도 서귀포시 중문동,서귀포시,중문동,200,45,0,49.6,15.0,6,남향 바다경관 최상. 분리형 1.5룸 방 거실 넓음,https://www.zigbang.com/home/apt/items/49843172
2026-08-08 05:07:01,오피스텔,49531328,월세,01,제주도 서귀포시 중문동,서귀포시,중문동,200,35,0,37.5,11.34,7,테라스 있음. 확트인 한라산 경관. 자주식 주차. 클린하우,https://www.zigbang.com/home/apt/items/49531328
2026-08-08 05:07:01,오피스텔,49924708,월세,04,제주도 서귀포시 중문동,서귀포시,중문동,200,45,0,56.14,16.98,4,전입신고 가능. 분리형. 작은방 2개. 시스템 에어컨 2대,https://www.zigbang.com/home/apt/items/49924708
2026-08-08 05:07:01,오피스텔,49895913,월세,01,제주도 서귀포시 중문동,서귀포시,중문동,200,30,0,40.93,12.38,7,테라스 있음. 클린하우스 코인세탁방 헬스클럽 골프퍼팅장,https://www.zigbang.com/home/apt/items/49895913
2026-08-08 05:07:07,오피스텔,49961830,매매,02,제주도 제주시 아라일동,제주시,아라일동,9000,0,9000,39,11.8,고,아라동 깔끔한 1.5룸. 입주가능,https://www.zigbang.com/home/apt/items/49961830
2026-08-08 05:07:07,오피스텔,49869328,월세,01,제주도 제주시 애월읍 하귀1리,제주시,애월읍,300,50,0,50,15.12,7,전입가능 하귀하나로옆 주차좋은 모닝시티 오피스텔 월세,https://www.zigbang.com/home/apt/items/49869328
2026-08-08 05:07:14,오피스텔,49710329,월세,01,제주도 서귀포시 동홍동,서귀포시,동홍동,200,35,0,30.37,9.19,고,동홍동 플라스마트 남쪽 깔끔한 원룸,https://www.zigbang.com/home/apt/items/49710329
2026-08-08 05:07:19,오피스텔,49911298,월세,01,제주도 제주시 조천읍 신촌리,제주시,조천읍,100,66,0,41.97,12.7,3,조천읍 신촌리 신축 막힘없는 풀옵션급 평수 넓은 원룸 년세,https://www.zigbang.com/home/apt/items/49911298
2026-08-08 05:08:56,오피스텔,49871212,전세,02,전남광주시 진도군 조도면 맹골도리,진도군,조도면,5000,0,0,77.1,23.32,1,QA자동화 오피스텔 매물,https://www.zigbang.com/home/apt/items/49871212
2026-08-08 05:08:56,오피스텔,49871214,전세,05,전남광주시 진도군 조도면 맹골도리,진도군,조도면,8000,0,0,77.1,23.32,1,QA자동화 오피스텔 매물,https://www.zigbang.com/home/apt/items/49871214
2026-08-08 05:08:56,오피스텔,49853033,월세,02,전남광주시 진도군 조도면 맹골도리,진도군,조도면,12345,50,0,89,26.92,1,QA SH 오피스텔3 매물입니다. 월세,https://www.zigbang.com/home/apt/items/49853033
2026-08-08 05:11:23,오피스텔,49845384,월세,02,전남광주시 나주시 빛가람동,나주시,빛가람동,1000,55,0,70.7,21.39,중,빛가람동 토담휴로스1차 분리형원룸 임대,https://www.zigbang.com/home/apt/items/49845384
2026-08-08 05:11:23,오피스텔,49795967,월세,01,전남광주시 나주시 빛가람동,나주시,빛가람동,500,50,0,30.77,9.31,6,생활권이 편리한 오피스텔입니다.,https://www.zigbang.com/home/apt/items/49795967
2026-08-08 05:11:23,오피스텔,49801876,월세,01,전남광주시 나주시 빛가람동,나주시,빛가람동,300,43,0,46,13.91,9,빛가람동 중흥1차 원룸 임대,https://www.zigbang.com/home/apt/items/49801876
2026-08-08 05:11:23,오피스텔,49798590,월세,01,전남광주시 나주시 빛가람동,나주시,빛가람동,1000,48,0,30.77,9.31,중,생활권편리한 신축 오피스텔입니다.,https://www.zigbang.com/home/apt/items/49798590
2026-08-08 05:11:23,오피스텔,49862215,월세,01,전남광주시 나주시 빛가람동,나주시,빛가람동,300,42,0,46.28,14.0,11,빛가람동 중흥메가티움2차 원룸 임대,https://www.zigbang.com/home/apt/items/49862215
2026-08-08 05:11:23,오피스텔,49798745,매매,01,전남광주시 나주시 빛가람동,나주시,빛가람동,8500,0,8500,30.77,9.31,중,생활권이 편리한 오피스텔입니다.,https://www.zigbang.com/home/apt/items/49798745
2026-08-08 05:11:23,오피스텔,49690988,월세,04,전남광주시 나주시 빛가람동,나주시,빛가람동,1000,80,0,99.17,30.0,12,"남향 호수조망 2룸  방2,거실1 월세 임대",https://www.zigbang.com/home/apt/items/49690988
2026-08-08 05:11:24,오피스텔,49962365,월세,02,전남광주시 남구 진월동,남구,진월동,300,38,0,36.25,10.97,고,ㅁ진월동 광주대생 원픽 신축 풀옵션 원룸 화이트톤 귀한방,https://www.zigbang.com/home/apt/items/49962365
2026-08-08 05:11:24,오피스텔,49931766,월세,01,전남광주시 광산구 송정동,광산구,송정동,300,37,0,38.97,11.79,중,풀옵션 도시형생활주택 월세,https://www.zigbang.com/home/apt/items/49931766
2026-08-08 05:11:24,오피스텔,49916902,월세,01,전남광주시 광산구 송정동,광산구,송정동,300,33,0,18.94,5.73,6,송정공원역 5분거리 도시형생활주택,https://www.zigbang.com/home/apt/items/49916902
2026-08-08 05:11:24,오피스텔,49793494,전세,01,전남광주시 광산구 송정동,광산구,송정동,6000,0,0,39.68,12.0,13,풀옵션 도시형생활주택 전세,https://www.zigbang.com/home/apt/items/49793494
2026-08-08 05:11:24,오피스텔,49931771,월세,01,전남광주시 광산구 송정동,광산구,송정동,300,34,0,26.44,8.0,고,송정공원역 코앞 도시형생활주택 월세,https://www.zigbang.com/home/apt/items/49931771
2026-08-08 05:11:24,오피스텔,49867650,전세,01,전남광주시 광산구 송정동,광산구,송정동,4700,0,0,16.85,5.1,고,LH 전세가능  송정공원역 5분거리  도시형 생활주택,https://www.zigbang.com/home/apt/items/49867650
2026-08-08 05:11:24,오피스텔,49916624,월세,01,전남광주시 광산구 송정동,광산구,송정동,300,38,0,29.6,8.95,3,KORㅇ송정공원역5분ㅇ화이트톤ㅇ넉넉한수납공간ㅇ,https://www.zigbang.com/home/apt/items/49916624
2026-08-08 05:11:24,오피스텔,49697579,전세,01,전남광주시 광산구 송정동,광산구,송정동,4700,0,0,34.3,10.38,고,송정공원역 코앞  도시형생활주택 월세,https://www.zigbang.com/home/apt/items/49697579
2026-08-08 05:11:24,오피스텔,49931767,월세,04,전남광주시 광산구 송정동,광산구,송정동,1000,70,0,88.61,26.8,중,"송정역 역세권 오피스텔   월세,전세",https://www.zigbang.com/home/apt/items/49931767
2026-08-08 05:11:33,오피스텔,49720068,월세,02,전남광주시 여수시 연등동,여수시,연등동,2400,63,0,56.2,17.0,중,llSOLll보증금 조정가능ll방1 거실1ll즉시입주 가능,https://www.zigbang.com/home/apt/items/49720068
2026-08-08 05:11:33,오피스텔,49720142,월세,01,전남광주시 여수시 연등동,여수시,연등동,1000,40,0,26.45,8.0,중,llSOLll보증금 조정가능ll즉시입주ll전입신고 가능ll,https://www.zigbang.com/home/apt/items/49720142
2026-08-08 05:11:33,오피스텔,49720014,월세,01,전남광주시 여수시 연등동,여수시,연등동,300,45,0,21.25,6.43,중,"llSOLll최신축 건물ll시스템AC, 공기청정기ll",https://www.zigbang.com/home/apt/items/49720014
2026-08-08 05:11:33,오피스텔,49720099,월세,02,전남광주시 여수시 연등동,여수시,연등동,2000,59,0,56.2,17.0,중,llSOLll거실싸이즈 대박ll보증금 조정가능ll즉시입주,https://www.zigbang.com/home/apt/items/49720099
2026-08-08 05:11:33,오피스텔,49777980,월세,01,전남광주시 여수시 웅천동,여수시,웅천동,500,45,0,72.74,22.0,중,답답함 없는 시티뷰 티비 및 빌트인가전 풀옵션세대.,https://www.zigbang.com/home/apt/items/49777980
2026-08-08 05:11:33,오피스텔,49942226,월세,02,전남광주시 여수시 웅천동,여수시,웅천동,1000,39,0,55.14,16.68,고,"1년특가, 풀옵션 발코니 원룸, 단기가능",https://www.zigbang.com/home/apt/items/49942226
2026-08-08 05:11:33,오피스텔,49983054,월세,03,전남광주시 여수시 웅천동,여수시,웅천동,500,55,0,33.06,10.0,고,웅천 롯데캐슬마리나ll오션뷰ll최신축 풀옵션ll즉시입주ll,https://www.zigbang.com/home/apt/items/49983054
2026-08-08 05:11:35,오피스텔,49690016,월세,01,전남광주시 순천시 남정동,순천시,남정동,100,25,0,33.06,10.0,5,남정지역최대규모오피스텔 즉시입주가능,https://www.zigbang.com/home/apt/items/49690016
2026-08-08 05:11:38,오피스텔,49833857,월세,01,전남광주시 광양시 마동,광양시,마동,500,35,0,36.45,11.03,8,신축 오피스텔 저렴한 인기 호실 추천해요 단기매물,https://www.zigbang.com/home/apt/items/49833857
2026-08-08 05:11:38,오피스텔,49868064,월세,01,전남광주시 광양시 마동,광양시,마동,1000,40,0,36.45,11.03,8,"스마트시티 귀한 남향 매물, 광양제철소 및 여수산단 인접",https://www.zigbang.com/home/apt/items/49868064
2026-08-08 05:12:15,오피스텔,49968067,월세,01,경상남도 진주시 가좌동,진주시,가좌동,500,55,0,66.31,20.06,중,ㅁ실매물ㅁ 신축 풀옵션 최고의 조건 오피스텔,https://www.zigbang.com/home/apt/items/49968067
2026-08-08 05:12:15,오피스텔,49559963,월세,01,경상남도 진주시 가좌동,진주시,가좌동,2000,30,0,30.91,9.35,3,단기가능㉧ㅡ8월중순입주가능ㅡ㉧추천BEST꿀방,https://www.zigbang.com/home/apt/items/49559963
2026-08-08 05:12:15,오피스텔,49671839,월세,03,경상남도 진주시 가좌동,진주시,가좌동,500,60,0,26,7.86,중,신진주 코아루웰가 큰평수 c타입 직장인추천,https://www.zigbang.com/home/apt/items/49671839
2026-08-08 05:12:15,오피스텔,49775171,전세,03,경상남도 진주시 가좌동,진주시,가좌동,9300,0,0,50,15.12,중,정말 귀한 신축 복층 풀옵션 전세 오피스텔,https://www.zigbang.com/home/apt/items/49775171
2026-08-08 05:12:15,오피스텔,49861255,월세,01,경상남도 진주시 가좌동,진주시,가좌동,500,54,0,53.57,16.2,중,신진주역세권 인기최강 오피스텔 금방나갑니다,https://www.zigbang.com/home/apt/items/49861255
2026-08-08 05:12:15,오피스텔,49968061,월세,01,경상남도 진주시 가좌동,진주시,가좌동,300,40,0,49.59,15.0,고,ㅁ대학생 강력추천ㅁ경상대 인기 폭발 두산오피스텔,https://www.zigbang.com/home/apt/items/49968061
2026-08-08 05:12:15,오피스텔,49983030,월세,01,경상남도 진주시 가좌동,진주시,가좌동,500,50,0,51,15.43,고,신진주역세권 줌테라스 원룸형 오피스텔,https://www.zigbang.com/home/apt/items/49983030
2026-08-08 05:12:15,오피스텔,49749209,월세,01,경상남도 진주시 가좌동,진주시,가좌동,500,50,0,53.57,16.2,중,즉시입주가능㉧ㅡ서빈No.1구해줘홈즈ㅡ㉧추천BEST꿀방,https://www.zigbang.com/home/apt/items/49749209
2026-08-08 05:12:15,오피스텔,49749203,월세,01,경상남도 진주시 가좌동,진주시,가좌동,300,55,0,30.91,9.35,3,㉧ㅡ귀한매물ㅡ㉧추천BEST꿀방,https://www.zigbang.com/home/apt/items/49749203
2026-08-08 05:12:15,오피스텔,49890503,월세,01,경상남도 진주시 가좌동,진주시,가좌동,500,50,0,66.31,20.06,4,ㅡ줌테라스ㅡ올전세도 가능,https://www.zigbang.com/home/apt/items/49890503
2026-08-08 05:12:15,오피스텔,49672043,월세,01,경상남도 진주시 가좌동,진주시,가좌동,300,50,0,33.06,10.0,고,신진주 역세권 줌시티 오피스텔 원룸형,https://www.zigbang.com/home/apt/items/49672043
2026-08-08 05:12:15,오피스텔,49905457,월세,03,경상남도 진주시 가좌동,진주시,가좌동,500,55,0,27.63,8.36,11,가좌동 역세권 신축 복층 오피스텔,https://www.zigbang.com/home/apt/items/49905457
2026-08-08 05:12:15,오피스텔,49771528,월세,03,경상남도 진주시 가좌동,진주시,가좌동,500,55,0,55.11,16.67,중,신진주 역세권 줌테라스 복층 단기가능,https://www.zigbang.com/home/apt/items/49771528
2026-08-08 05:12:16,오피스텔,49953391,월세,01,경상남도 통영시 무전동,통영시,무전동,500,40,0,56.2,17.0,5,무전동 중심지에 위치한 삼성오피스텔 큰 평수 임대,https://www.zigbang.com/home/apt/items/49953391
2026-08-08 05:12:27,오피스텔,49912576,월세,02,경상남도 거제시 장승포동,거제시,장승포동,50,35,0,59.63,18.04,4,"장승포 마이투스 오피스텔 ,단기가능",https://www.zigbang.com/home/apt/items/49912576
2026-08-08 05:12:27,오피스텔,49815487,월세,04,경상남도 거제시 장승포동,거제시,장승포동,100,50,0,111.54,33.74,고,"장승포 마이투스 아파트 첫입주,즉시입주가능",https://www.zigbang.com/home/apt/items/49815487
2026-08-08 05:12:27,오피스텔,49955680,월세,02,경상남도 거제시 아주동,거제시,아주동,200,50,0,56.3,17.03,고,아주동 경동리인타워 예쁜집 확트인 전망 즉시입주,https://www.zigbang.com/home/apt/items/49955680
2026-08-08 05:12:27,오피스텔,49939577,월세,02,경상남도 거제시 아주동,거제시,아주동,300,40,0,49.59,15.0,20,아주동 경동리인타워 분리형14평 월세,https://www.zigbang.com/home/apt/items/49939577
2026-08-08 05:12:27,오피스텔,49837097,월세,04,경상남도 거제시 아주동,거제시,아주동,300,50,0,52.89,16.0,중,아주동 스타타워 투룸 월세,https://www.zigbang.com/home/apt/items/49837097
2026-08-08 05:12:27,오피스텔,49939591,월세,02,경상남도 거제시 아주동,거제시,아주동,300,45,0,45.63,13.8,중,스타타워1차  분리형 원룸 월세,https://www.zigbang.com/home/apt/items/49939591
2026-08-08 05:12:27,오피스텔,49906626,월세,04,경상남도 거제시 아주동,거제시,아주동,500,48,0,63.01,19.06,저,아주동 씨앤스타빌 예쁜집  즉시입주,https://www.zigbang.com/home/apt/items/49906626
2026-08-08 05:12:27,오피스텔,49939615,월세,02,경상남도 거제시 아주동,거제시,아주동,500,55,0,76.03,23.0,16,경동리인 큰평수 베란다 넓은 호실,https://www.zigbang.com/home/apt/items/49939615
2026-08-08 05:12:27,오피스텔,49969147,월세,01,경상남도 거제시 아주동,거제시,아주동,300,40,0,39.59,11.98,10,"아주 경동리인타워 빠른입주,반려동물가능",https://www.zigbang.com/home/apt/items/49969147
2026-08-08 05:12:27,오피스텔,49818656,월세,02,경상남도 거제시 옥포동,거제시,옥포동,300,45,0,41.3,12.49,고,롯마인근 오피스텔,https://www.zigbang.com/home/apt/items/49818656
2026-08-08 05:12:27,오피스텔,49962976,월세,02,경상남도 거제시 옥포동,거제시,옥포동,300,36,0,32.8,9.92,4,오션프라자 도보3분. 엘베유 풀옵션 오피스텔,https://www.zigbang.com/home/apt/items/49962976
2026-08-08 05:12:27,오피스텔,49825203,월세,02,경상남도 거제시 아주동,거제시,아주동,300,45,0,41.53,12.56,저,아주동 스타타워 오피스텔 협의입주가능,https://www.zigbang.com/home/apt/items/49825203
2026-08-08 05:12:27,오피스텔,49562501,월세,02,경상남도 거제시 아주동,거제시,아주동,300,48,0,66.54,20.13,20,아주동 경동리인타워  즉시입주  확트인 전망 채광 굿,https://www.zigbang.com/home/apt/items/49562501
2026-08-08 05:12:27,오피스텔,49969150,월세,01,경상남도 거제시 아주동,거제시,아주동,300,40,0,39.59,11.98,13,거제 경동리인타워  확트인조망 아주동 최고위치,https://www.zigbang.com/home/apt/items/49969150
2026-08-08 05:12:27,오피스텔,49983172,월세,02,경상남도 거제시 옥포동,거제시,옥포동,300,40,0,59.43,17.98,4,오션플라자부근 이던필오피스텔 거실넓은 미니투룸 렌탈풀집기,https://www.zigbang.com/home/apt/items/49983172
2026-08-08 05:12:27,오피스텔,49837092,월세,01,경상남도 거제시 아주동,거제시,아주동,300,40,0,46.28,14.0,중,아주동 경동리인타워 14평 월세,https://www.zigbang.com/home/apt/items/49837092
2026-08-08 05:12:27,오피스텔,49977991,월세,04,경상남도 거제시 옥포동,거제시,옥포동,500,55,0,85.95,26.0,중,신축같은 오피스텔  신화더블루 방2 거실 주방  최고급옵션,https://www.zigbang.com/home/apt/items/49977991
2026-08-08 05:12:27,오피스텔,49732313,월세,04,경상남도 거제시 옥포동,거제시,옥포동,300,50,0,72.42,21.91,14,까멜리아 오피스텔 뷰맛집,https://www.zigbang.com/home/apt/items/49732313
2026-08-08 05:12:27,오피스텔,49886792,월세,04,경상남도 거제시 옥포동,거제시,옥포동,500,55,0,87.42,26.44,중,신화더블루 오피스텔 방2 투룸  풀집기 즉시입주,https://www.zigbang.com/home/apt/items/49886792
2026-08-08 05:12:27,오피스텔,49940205,월세,04,경상남도 거제시 옥포동,거제시,옥포동,300,38,0,80.17,24.25,저,대교2차오피스텔 도시가스 풀집기 방2 거실 투룸,https://www.zigbang.com/home/apt/items/49940205
2026-08-08 05:12:27,오피스텔,49978084,월세,04,경상남도 거제시 옥포동,거제시,옥포동,300,37,0,79.34,24.0,저,중앙시장부근 대교2차오피스텔 방2개 거실 풀집기 몸만오세요,https://www.zigbang.com/home/apt/items/49978084
2026-08-08 05:12:27,오피스텔,49973233,월세,02,경상남도 거제시 옥포동,거제시,옥포동,200,40,0,41.74,12.63,8,단기 가능 오피스텔,https://www.zigbang.com/home/apt/items/49973233
2026-08-08 05:12:27,오피스텔,49886780,월세,05,경상남도 거제시 옥포동,거제시,옥포동,1000,55,0,110.02,33.28,고,옥포 보광오피스텔2차   풀집기 쓰리룸,https://www.zigbang.com/home/apt/items/49886780
2026-08-08 05:12:27,오피스텔,49967518,월세,02,경상남도 거제시 옥포동,거제시,옥포동,200,40,0,56.54,17.1,7,"옥포동 메인거리의 가성비 좋은 오피스텔. 단기가능,상담필",https://www.zigbang.com/home/apt/items/49967518
2026-08-08 05:12:27,오피스텔,49914482,월세,04,경상남도 거제시 옥포동,거제시,옥포동,500,60,0,79.42,24.02,5,"옥포동 메인, 오션프라자 도보 출근가능 신화더블루 오피스텔",https://www.zigbang.com/home/apt/items/49914482
2026-08-08 05:12:27,오피스텔,49968241,월세,04,경상남도 거제시 옥포동,거제시,옥포동,300,47,0,70.79,21.41,중,"에이원 오피스텔  정투룸 풀옵션 가전,가구 몸만오세요",https://www.zigbang.com/home/apt/items/49968241
2026-08-08 05:12:27,오피스텔,49906111,월세,02,경상남도 거제시 옥포동,거제시,옥포동,200,35,0,62.8,19.0,고,옥포중심지 단기가능 오피스텔 방1 넓은거실 몸만오세요,https://www.zigbang.com/home/apt/items/49906111
2026-08-08 05:12:27,오피스텔,49725071,월세,02,경상남도 거제시 옥포동,거제시,옥포동,500,50,0,56.3,17.03,저,신화더블루 오피스텔 1.5룸 렌탈풀집기,https://www.zigbang.com/home/apt/items/49725071
2026-08-08 05:12:27,오피스텔,49978063,월세,04,경상남도 거제시 옥포동,거제시,옥포동,300,50,0,78,23.59,중,확트인채광 렌탈풀집기 에이원오피스텔 넓은거실 방2몸만오세요,https://www.zigbang.com/home/apt/items/49978063
2026-08-08 05:12:29,오피스텔,49952307,월세,04,경상남도 창원시 진해구 용원동,창원시 진해구,용원동,500,48,0,88.31,26.71,중,V저렴한 월세V빠른입주가능,https://www.zigbang.com/home/apt/items/49952307
2026-08-08 05:12:29,오피스텔,49930683,월세,03,경상남도 창원시 진해구 용원동,창원시 진해구,용원동,500,57,0,85.95,26.0,중,"넓은 공간활용 복층 오피스텔,",https://www.zigbang.com/home/apt/items/49930683
2026-08-08 05:12:29,오피스텔,49673239,월세,03,경상남도 창원시 진해구 용원동,창원시 진해구,용원동,2000,33,0,57.53,17.4,중,거실에 창문있는구조 원룸 복층,https://www.zigbang.com/home/apt/items/49673239
2026-08-08 05:12:29,오피스텔,49929781,월세,03,경상남도 창원시 진해구 용원동,창원시 진해구,용원동,500,60,0,85.95,26.0,중,2차 a타입으로 조망이 좋습니다,https://www.zigbang.com/home/apt/items/49929781
2026-08-08 05:12:29,오피스텔,49867133,월세,04,경상남도 창원시 진해구 용원동,창원시 진해구,용원동,500,53,0,88.31,26.71,중,VV단기가능VV,https://www.zigbang.com/home/apt/items/49867133
2026-08-08 05:12:30,오피스텔,49869201,전세,01,부산시 강서구 송정동,강서구,송정동,6500,0,0,45.59,13.79,14,"전세대출가능,보증보험가능,7월말 입주가능",https://www.zigbang.com/home/apt/items/49869201
2026-08-08 05:12:30,오피스텔,49972416,월세,01,부산시 강서구 신호동,강서구,신호동,300,35,0,51.22,15.49,5,"큰방,남향,지하주차장,명지저렴월세",https://www.zigbang.com/home/apt/items/49972416
2026-08-08 05:12:30,오피스텔,49977877,월세,01,부산시 강서구 신호동,강서구,신호동,300,35,0,32.64,9.87,6,아침 햇살이 좋은 넓고 시원한 집,https://www.zigbang.com/home/apt/items/49977877
2026-08-08 05:12:30,오피스텔,49842181,전세,01,부산시 강서구 송정동,강서구,송정동,9000,0,0,57.86,17.5,고,급전세 넓고 깔끔한 오피스텔,https://www.zigbang.com/home/apt/items/49842181
2026-08-08 05:12:30,오피스텔,49683500,월세,01,부산시 강서구 신호동,강서구,신호동,300,30,0,51.22,15.49,중,급월세 일조권 좋고 트임 좋은 집,https://www.zigbang.com/home/apt/items/49683500
2026-08-08 05:12:30,오피스텔,49867187,월세,01,부산시 강서구 신호동,강서구,신호동,300,35,0,45.06,13.63,중,"신호동 유일한 오피스텔,바로입주가능,엘베",https://www.zigbang.com/home/apt/items/49867187
2026-08-08 05:12:30,오피스텔,49842195,월세,01,부산시 강서구 송정동,강서구,송정동,500,45,0,57.86,17.5,고,급월세  넓고 트임좋은 오피스텔 베란다있는 넓은집,https://www.zigbang.com/home/apt/items/49842195
2026-08-08 05:12:30,오피스텔,49842172,전세,01,부산시 강서구 송정동,강서구,송정동,6500,0,0,46.17,13.97,고,급전세 일조권 좋고 트임 좋은 오피스텔 원룸,https://www.zigbang.com/home/apt/items/49842172
2026-08-08 05:12:30,오피스텔,49973632,월세,01,부산시 사하구 하단동,사하구,하단동,1000,35,0,28.66,8.67,4,문의많은 0 인기쟁이 0 위드빌,https://www.zigbang.com/home/apt/items/49973632
2026-08-08 05:12:30,오피스텔,49898308,월세,01,부산시 사하구 하단동,사하구,하단동,500,38,0,31.72,9.6,4,통학꿀위치 정문앞,https://www.zigbang.com/home/apt/items/49898308
2026-08-08 05:12:30,오피스텔,49799924,월세,01,부산시 사하구 하단동,사하구,하단동,3000,28,0,29.95,9.06,중,경비실 입주민헬스장 고급,https://www.zigbang.com/home/apt/items/49799924
2026-08-08 05:12:35,오피스텔,49713801,전세,01,전남광주시 광산구 소촌동,광산구,소촌동,6400,0,0,39.66,12.0,고,풀옵션 .LH가능.주차장넓음,https://www.zigbang.com/home/apt/items/49713801
2026-08-08 05:12:35,오피스텔,49985363,월세,01,전남광주시 광산구 소촌동,광산구,소촌동,300,41,0,39.66,12.0,13,KOREAㅇ풀옵션ㅇ더뷰ㅇ광주여대10분ㅇB1휘트니스센터,https://www.zigbang.com/home/apt/items/49985363
2026-08-08 05:12:35,오피스텔,49725917,월세,01,전남광주시 광산구 소촌동,광산구,소촌동,300,41,0,39.66,12.0,고,tv.전자렌지포함 풀옵션 원룸형.,https://www.zigbang.com/home/apt/items/49725917
2026-08-08 05:12:35,오피스텔,49679722,월세,04,전남광주시 광산구 하남동,광산구,하남동,1,70,0,110.25,33.35,고,ꯁ구해줘ꯁ풀옵션ꯁ단기6개월ꯁ반려동물가능ꯁ,https://www.zigbang.com/home/apt/items/49679722
2026-08-08 05:12:35,오피스텔,49836679,월세,01,전남광주시 광산구 소촌동,광산구,소촌동,300,39,0,39.67,12.0,7,주차편리ㅇ반려가능ㅇ풀옵션ㅇ휘트니스센터ㅇ,https://www.zigbang.com/home/apt/items/49836679
2026-08-08 05:12:35,오피스텔,49836689,전세,01,전남광주시 광산구 소촌동,광산구,소촌동,5500,0,0,39.67,12.0,2,ㅇLH가능ㅇ반려가ㅇ풀옵션ㅇ휘트니스센터ㅇ,https://www.zigbang.com/home/apt/items/49836689
2026-08-08 05:12:35,오피스텔,49690544,월세,01,전남광주시 광산구 우산동,광산구,우산동,300,35,0,39.66,12.0,12,빌트인옵션 즉시 입주가능,https://www.zigbang.com/home/apt/items/49690544
2026-08-08 05:12:35,오피스텔,49836687,월세,01,전남광주시 광산구 우산동,광산구,우산동,200,30,0,36.4,11.01,7,단기가능ㅇ광주여대5분ㅇ즉시입주가ㅇ내부넓음,https://www.zigbang.com/home/apt/items/49836687
2026-08-08 05:12:35,오피스텔,49957870,월세,02,전남광주시 광산구 월계동,광산구,월계동,500,50,0,44.75,13.54,9,ll 첨단 투룸 오피스텔 ll 첨단 오피스텔 매물 다수보유,https://www.zigbang.com/home/apt/items/49957870
2026-08-08 05:12:35,오피스텔,49867481,전세,02,전남광주시 광산구 쌍암동,광산구,쌍암동,9000,0,0,47.78,14.45,4,첨단 아파트형 오피스텔입니다.,https://www.zigbang.com/home/apt/items/49867481
2026-08-08 05:12:35,오피스텔,49956391,월세,01,전남광주시 광산구 쌍암동,광산구,쌍암동,300,35,0,28.98,8.77,8,즉시입주가능 내부 깨끗함,https://www.zigbang.com/home/apt/items/49956391
2026-08-08 05:12:35,오피스텔,49830708,전세,01,전남광주시 광산구 월계동,광산구,월계동,6000,0,0,30.99,9.37,4,즉시 입주가능,https://www.zigbang.com/home/apt/items/49830708
2026-08-08 05:12:35,오피스텔,49792552,월세,03,전남광주시 광산구 월계동,광산구,월계동,500,55,0,58.3,17.64,중,전입신고가능 인기많은오피스텔,https://www.zigbang.com/home/apt/items/49792552
2026-08-08 05:12:35,오피스텔,49777473,전세,02,전남광주시 광산구 쌍암동,광산구,쌍암동,13000,0,0,58.22,17.61,19,첨단 아파트형 오피스텔입니다.,https://www.zigbang.com/home/apt/items/49777473
2026-08-08 05:12:35,오피스텔,49957095,월세,02,전남광주시 광산구 월계동,광산구,월계동,500,55,0,37.69,11.4,5,R 첨단 제이지3차 R 풀옵션 l 신축오피 l 창2,https://www.zigbang.com/home/apt/items/49957095
2026-08-08 05:12:35,오피스텔,49956398,월세,02,전남광주시 광산구 월계동,광산구,월계동,500,51,0,44.75,13.54,저,거실1 방1 즉시입주,https://www.zigbang.com/home/apt/items/49956398
2026-08-08 05:12:35,오피스텔,49902208,월세,01,전남광주시 광산구 쌍암동,광산구,쌍암동,500,43,0,41.46,12.54,8,실시간 HOT I 구조 좋은 집 I 빠른 문의,https://www.zigbang.com/home/apt/items/49902208
2026-08-08 05:12:35,오피스텔,49677853,월세,04,전남광주시 광산구 쌍암동,광산구,쌍암동,1,60,0,91.39,27.65,20,ꯁ구해줘ꯁ풀옵션ꯁ단기6개월ꯁ반려동물가능ꯁ,https://www.zigbang.com/home/apt/items/49677853
2026-08-08 05:12:35,오피스텔,49720570,월세,04,전남광주시 광산구 쌍암동,광산구,쌍암동,1,60,0,91.39,27.65,17,6개월단기.보증금0원.전호실보유.중개보수무료.반려동물OK.,https://www.zigbang.com/home/apt/items/49720570
2026-08-08 05:12:35,오피스텔,49961807,월세,04,전남광주시 북구 신용동,북구,신용동,500,65,0,93.26,28.21,중,v 대성베르힐 신축급 오피스텔 v 단기 계약,https://www.zigbang.com/home/apt/items/49961807
2026-08-08 05:12:35,오피스텔,49677800,월세,04,전남광주시 광산구 쌍암동,광산구,쌍암동,1,60,0,91.39,27.65,7,ꯁ구해줘ꯁ풀옵션ꯁ단기6개월ꯁ반려동물가능ꯁ,https://www.zigbang.com/home/apt/items/49677800
2026-08-08 05:12:35,오피스텔,49610119,월세,04,전남광주시 광산구 쌍암동,광산구,쌍암동,1,60,0,91.39,27.65,13,복비X 전세대 보유 l 무보증 l 단기6개월 l,https://www.zigbang.com/home/apt/items/49610119
2026-08-08 05:12:35,오피스텔,49720919,월세,04,전남광주시 광산구 쌍암동,광산구,쌍암동,1,60,0,91.39,27.65,19,6개월단기.보증금0원.전호실보유.중개보수무료.반려동물OK.,https://www.zigbang.com/home/apt/items/49720919
2026-08-08 05:12:38,오피스텔,49677705,월세,05,전남광주시 북구 문흥동,북구,문흥동,1,50,0,94.27,28.52,20,ꯁ구해줘ꯁ풀옵션ꯁ단기6개월ꯁ반려동물가능ꯁ,https://www.zigbang.com/home/apt/items/49677705
2026-08-08 05:12:38,오피스텔,49678278,월세,05,전남광주시 북구 문흥동,북구,문흥동,1,60,0,104.95,31.75,10,ꯁ구해줘ꯁ풀옵션ꯁ단기6개월ꯁ반려동물가능ꯁ,https://www.zigbang.com/home/apt/items/49678278
2026-08-08 05:12:38,오피스텔,49957919,월세,05,전남광주시 북구 각화동,북구,각화동,1000,90,0,146.93,44.45,23,vV 각화동 서희스타힐스 Vv 귀한 월세매물,https://www.zigbang.com/home/apt/items/49957919
2026-08-08 05:12:38,오피스텔,49661035,월세,02,전남광주시 동구 계림동,동구,계림동,2000,40,0,45.66,13.81,7,계림동 SG빌리지 l 중문분리형 l 반려가능 l 건조기,https://www.zigbang.com/home/apt/items/49661035
2026-08-08 05:12:38,오피스텔,49677712,월세,05,전남광주시 북구 문흥동,북구,문흥동,1,60,0,94.27,28.52,13,ꯁ구해줘ꯁ풀옵션ꯁ단기6개월ꯁ반려동물가능ꯁ,https://www.zigbang.com/home/apt/items/49677712
2026-08-08 05:12:38,오피스텔,49831245,월세,01,전남광주시 북구 두암동,북구,두암동,500,35,0,33,9.98,고,"교대,동강대부근상상퀸즈",https://www.zigbang.com/home/apt/items/49831245
2026-08-08 05:12:38,오피스텔,49720131,월세,05,전남광주시 북구 문흥동,북구,문흥동,1,60,0,104.95,31.75,13,6개월단기.보증금0원.전호실보유.반려동물OK.중개보수없음.,https://www.zigbang.com/home/apt/items/49720131
2026-08-08 05:12:38,오피스텔,49677981,월세,05,전남광주시 북구 문흥동,북구,문흥동,1,50,0,94.27,28.52,중,ꯁ구해줘ꯁ풀옵션ꯁ단기6개월ꯁ반려동물가능ꯁ,https://www.zigbang.com/home/apt/items/49677981
2026-08-08 05:12:38,오피스텔,49719839,월세,05,전남광주시 북구 문흥동,북구,문흥동,1,50,0,94.25,28.51,17,6개월단기.보증금0원.전호실보유.중개보수무료.반려동물OK.,https://www.zigbang.com/home/apt/items/49719839
2026-08-08 05:12:38,오피스텔,49610037,월세,05,전남광주시 북구 문흥동,북구,문흥동,1,50,0,94.25,28.51,10,복비X 전세대보유 l 무보증 l 단기6개월 l 풀옵션,https://www.zigbang.com/home/apt/items/49610037
2026-08-08 05:12:38,오피스텔,49609977,월세,05,전남광주시 북구 문흥동,북구,문흥동,1,60,0,104.95,31.75,13,복비X 전세대 보유 l 무보증 l 단기6개월 l 풀옵션,https://www.zigbang.com/home/apt/items/49609977
2026-08-08 05:12:47,오피스텔,49670683,월세,03,전라북도 전주시 덕진구 금암동,전주시 덕진구,금암동,500,35,0,55.97,16.93,중,초대형오피스텔ㅇ전북대부근ㅇ가성비좋은ㅇ오피스텔ㅇ마감임박ㅇ인기,https://www.zigbang.com/home/apt/items/49670683
2026-08-08 05:12:47,오피스텔,49876321,월세,01,전라북도 전주시 완산구 서노송동,전주시 완산구,서노송동,500,65,0,81.81,24.75,중,오피스텔V가장큰방v한옥마을v시청v영화의거리v객리단길v전망짱,https://www.zigbang.com/home/apt/items/49876321
2026-08-08 05:13:01,오피스텔,49841389,월세,01,전라북도 군산시 나운동,군산시,나운동,300,25,0,47.39,14.34,16,"엘리베이터 사용 오피스텔 냉난방,온수,편안한 시설",https://www.zigbang.com/home/apt/items/49841389
2026-08-08 05:13:01,오피스텔,49851857,월세,01,전라북도 군산시 나운동,군산시,나운동,200,25,0,50.57,15.3,10,"오피스텔 월세25만원, 풀옵션, 전망좋음",https://www.zigbang.com/home/apt/items/49851857
2026-08-08 05:13:01,오피스텔,49841342,월세,01,전라북도 군산시 나운동,군산시,나운동,200,23,0,48.67,14.72,13,"오피스텔 월세 23만원, 동향의 아름다운 시티뷰",https://www.zigbang.com/home/apt/items/49841342
2026-08-08 05:13:01,오피스텔,49841288,월세,01,전라북도 군산시 나운동,군산시,나운동,200,25,0,54.77,16.57,11,"오피스텔 임대 25만원, 리모델링완료",https://www.zigbang.com/home/apt/items/49841288
2026-08-08 05:13:03,오피스텔,49864949,월세,01,전라북도 익산시 창인동1가,익산시,창인동1가,500,48,0,27.77,8.4,19,"익산역과 가까운아파트,전입신고가능,TV,커텐있음",https://www.zigbang.com/home/apt/items/49864949
2026-08-08 05:13:03,오피스텔,49813540,월세,02,전라북도 익산시 창인동1가,익산시,창인동1가,500,65,0,95.26,28.82,중,"익산역과 가까운 오피스텔,전입신고불가능",https://www.zigbang.com/home/apt/items/49813540
2026-08-08 05:13:03,오피스텔,49929273,전세,02,전라북도 익산시 창인동1가,익산시,창인동1가,9500,0,0,53,16.03,18,"익산역과 가까운 아파트,보9500만원 월164,000원",https://www.zigbang.com/home/apt/items/49929273
2026-08-08 05:13:03,오피스텔,49924940,전세,02,전라북도 익산시 창인동1가,익산시,창인동1가,9500,0,0,53.86,16.29,16,"익산역과가까운아파트,보증보험가능,보9500만월164,000",https://www.zigbang.com/home/apt/items/49924940
2026-08-08 05:13:03,오피스텔,49970121,월세,01,전라북도 익산시 모현동1가,익산시,모현동1가,500,50,0,24,7.26,고,"AA 신축,오피스텔,스타일러,풀옵션",https://www.zigbang.com/home/apt/items/49970121
2026-08-08 05:13:03,오피스텔,49963033,월세,02,전라북도 익산시 창인동1가,익산시,창인동1가,500,66,0,50,15.12,6,"AA 신축,오피스텔,1.5룸, 익산역5분",https://www.zigbang.com/home/apt/items/49963033
2026-08-08 05:13:03,오피스텔,49928926,월세,02,전라북도 익산시 창인동1가,익산시,창인동1가,500,60,0,74.52,22.54,7,"익산역과 가까운 오피스텔,전입신고불가능",https://www.zigbang.com/home/apt/items/49928926
2026-08-08 05:13:03,오피스텔,49966858,월세,02,전라북도 익산시 창인동1가,익산시,창인동1가,1000,64,0,79.2,23.96,19,"익산역과 가까운 아파트,전입신고가능",https://www.zigbang.com/home/apt/items/49966858
2026-08-08 05:13:03,오피스텔,49963029,월세,02,전라북도 익산시 창인동1가,익산시,창인동1가,500,66,0,50,15.12,6,"AA 신축 오피스텔,1.5룸,남향",https://www.zigbang.com/home/apt/items/49963029
2026-08-08 05:13:03,오피스텔,49959325,월세,01,전라북도 익산시 창인동1가,익산시,창인동1가,500,40,0,52,15.73,중,익산역과 가까운 오피스텔,https://www.zigbang.com/home/apt/items/49959325
2026-08-08 05:13:03,오피스텔,49970099,월세,01,전라북도 익산시 모현동1가,익산시,모현동1가,500,50,0,25,7.56,고,"AA 신축,남향,승강기,즉시입주",https://www.zigbang.com/home/apt/items/49970099
2026-08-08 05:13:03,오피스텔,49924969,전세,01,전라북도 익산시 창인동1가,익산시,창인동1가,6200,0,0,29.54,8.94,중,"익산역과 가까운 아파트,전입신고가능",https://www.zigbang.com/home/apt/items/49924969
2026-08-08 05:13:03,오피스텔,49928979,월세,01,전라북도 익산시 창인동1가,익산시,창인동1가,500,47,0,27,8.17,19,"익산역과 가까운 아파트,전입신고가능",https://www.zigbang.com/home/apt/items/49928979
2026-08-08 05:13:03,오피스텔,49970136,월세,01,전라북도 익산시 모현동1가,익산시,모현동1가,500,50,0,25,7.56,고,"AA 오피스텔,신축,스타일러,풀옵션",https://www.zigbang.com/home/apt/items/49970136
2026-08-08 05:13:04,오피스텔,49726596,월세,01,전라북도 전주시 덕진구 송천동2가,전주시 덕진구,송천동2가,500,55,0,57.65,17.44,중,오피스텔ㅇ신축ㅇ편의시설ㅇ편한주차ㅇ상권최상ㅇ귀한매물ㅇ최상ㅇ,https://www.zigbang.com/home/apt/items/49726596
2026-08-08 05:13:04,오피스텔,49724588,전세,04,전라북도 익산시 어양동,익산시,어양동,17000,0,0,127.09,38.44,18,"풀옵션신축오피스텔,즉시입주가능",https://www.zigbang.com/home/apt/items/49724588
2026-08-08 05:13:04,오피스텔,49898553,월세,01,전라북도 익산시 영등동,익산시,영등동,300,45,0,36.33,10.99,중,"생활권편리한도시형생활주택,풀옵션",https://www.zigbang.com/home/apt/items/49898553
2026-08-08 05:13:06,오피스텔,49768444,전세,04,충청남도 논산시 취암동,논산시,취암동,13500,0,0,85,25.71,7,보증보험됩니다,https://www.zigbang.com/home/apt/items/49768444
2026-08-08 05:13:06,오피스텔,49778596,전세,04,충청남도 논산시 취암동,논산시,취암동,13500,0,0,82.64,25.0,고,보증보험가능한 건물이예요,https://www.zigbang.com/home/apt/items/49778596
2026-08-08 05:13:06,오피스텔,49851629,월세,04,충청남도 논산시 반월동,논산시,반월동,500,40,0,29,8.77,11,도시형생활주택으로 도심속에 아늑한 공간임,https://www.zigbang.com/home/apt/items/49851629
2026-08-08 05:13:06,오피스텔,49954119,월세,01,충청남도 논산시 취암동,논산시,취암동,1000,47,0,28,8.47,8,1인1주차가능한에버그린,https://www.zigbang.com/home/apt/items/49954119
2026-08-08 05:13:06,오피스텔,49940087,월세,01,충청남도 논산시 취암동,논산시,취암동,1000,47,0,45,13.61,11,신축 오피스텔,https://www.zigbang.com/home/apt/items/49940087
2026-08-08 05:13:06,오피스텔,49939907,월세,01,충청남도 논산시 취암동,논산시,취암동,1700,46,0,24.18,7.31,7,깔끔한 오피스텔,https://www.zigbang.com/home/apt/items/49939907
2026-08-08 05:13:06,오피스텔,49954196,월세,01,충청남도 논산시 취암동,논산시,취암동,1000,47,0,36.36,11.0,11,전입신고가능오피스텔,https://www.zigbang.com/home/apt/items/49954196
2026-08-08 05:13:07,오피스텔,49914418,월세,01,충청남도 보령시 궁촌동,보령시,궁촌동,500,44,0,21,6.35,9,터미널과대천역도보로가능한 도시형오피스텔,https://www.zigbang.com/home/apt/items/49914418
2026-08-08 05:13:20,오피스텔,49934034,월세,05,대전시 유성구 용계동,유성구,용계동,3000,130,0,161.27,48.78,5,최고급 풀옵션 신축.식기세척기.시스템에어컨.키친핏냉장고,https://www.zigbang.com/home/apt/items/49934034
2026-08-08 05:13:21,오피스텔,49780291,전세,04,대전시 대덕구 중리동,대덕구,중리동,16000,0,0,80,24.2,2,ㅣ무융자 ㅣ보증보험 ㅣ건조기ㅣ투룸아파트ㅣ주차ㅣ안심매물ㅣ,https://www.zigbang.com/home/apt/items/49780291
2026-08-08 05:13:21,오피스텔,49562140,전세,04,대전시 대덕구 중리동,대덕구,중리동,16000,0,0,58.32,17.64,중,"무융자 HUG 보증보험가능, 큰투룸,건조기 시스템에어컨2대",https://www.zigbang.com/home/apt/items/49562140
2026-08-08 05:13:21,오피스텔,49913479,월세,04,대전시 대덕구 중리동,대덕구,중리동,16300,5,0,45.38,13.73,9,남향 고층l 무융자 보증보험 l 투룸 l 풀옵션 l 주차,https://www.zigbang.com/home/apt/items/49913479
2026-08-08 05:13:21,오피스텔,49966326,월세,01,대전시 서구 둔산동,서구,둔산동,300,37,0,39.07,11.82,저,v 시청역도보가능한 안전한건물 인프라좋은지역 v,https://www.zigbang.com/home/apt/items/49966326
2026-08-08 05:13:21,오피스텔,49958938,월세,01,대전시 서구 둔산동,서구,둔산동,300,37,0,19.65,5.94,저,v 둔산동 시청역인접 깔끔한 인테리어 안전한건물 v,https://www.zigbang.com/home/apt/items/49958938
2026-08-08 05:13:21,오피스텔,49898066,월세,01,대전시 서구 둔산동,서구,둔산동,100,45,0,29.81,9.02,10,둔산동 시청역 2분 풀옵션 원룸,https://www.zigbang.com/home/apt/items/49898066
2026-08-08 05:13:21,오피스텔,49966306,월세,01,대전시 서구 둔산동,서구,둔산동,500,37,0,34.48,10.43,중,v 둔산동 오피스텔 시청역 초인접 v,https://www.zigbang.com/home/apt/items/49966306
2026-08-08 05:13:22,오피스텔,49853995,월세,01,대전시 유성구 반석동,유성구,반석동,500,45,0,29.75,9.0,6,신축형 주거용 오피스텔원룸 풀옵션 반석역,https://www.zigbang.com/home/apt/items/49853995
2026-08-08 05:13:22,오피스텔,49854560,월세,01,대전시 유성구 반석동,유성구,반석동,500,50,0,29.75,9.0,6,반석동 풀옵션 주거용 오피스텔 원룸신축형,https://www.zigbang.com/home/apt/items/49854560
2026-08-08 05:13:22,오피스텔,49853800,월세,01,대전시 유성구 반석동,유성구,반석동,500,45,0,25,7.56,4,반석동 최고의매물 주거용오피스텔 이제 확인하세요,https://www.zigbang.com/home/apt/items/49853800
2026-08-08 05:13:22,오피스텔,49853674,월세,01,대전시 유성구 반석동,유성구,반석동,500,45,0,26.45,8.0,2,"반석동, 편리한 생활의 시작 주거용 오피스텔",https://www.zigbang.com/home/apt/items/49853674
2026-08-08 05:13:22,오피스텔,49675062,월세,01,세종시 세종 대평동,,대평동,500,55,0,81.96,24.79,6,부가헤 별 l 같은층 다이소 l 큰방 l저렴한월세,https://www.zigbang.com/home/apt/items/49675062
2026-08-08 05:13:22,오피스텔,49693411,월세,01,세종시 세종 대평동,,대평동,500,55,0,56.11,16.97,7,8월말입주가능. 전입불가.,https://www.zigbang.com/home/apt/items/49693411
2026-08-08 05:13:22,오피스텔,49961066,월세,04,대전시 유성구 관평동,유성구,관평동,500,70,0,95.86,29.0,10,전입신고 가능.귀한 투룸 월세.현대아울렛인근거리.,https://www.zigbang.com/home/apt/items/49961066
2026-08-08 05:13:22,오피스텔,49961101,월세,02,대전시 유성구 관평동,유성구,관평동,500,70,0,231.4,70.0,10,"신축,대형마트 인접,스타일러등 편리함",https://www.zigbang.com/home/apt/items/49961101
2026-08-08 05:13:22,오피스텔,49883196,월세,01,대전시 유성구 관평동,유성구,관평동,500,55,0,64.91,19.64,6,"신축,중앙하이츠   고급스런 인테리어 .",https://www.zigbang.com/home/apt/items/49883196
2026-08-08 05:13:22,오피스텔,49942699,월세,03,대전시 유성구 관평동,유성구,관평동,500,66,0,74.9,22.66,8,"신축,중앙하이츠.조용함,주차시설굿.3평 여유공간 으로 사용",https://www.zigbang.com/home/apt/items/49942699
2026-08-08 05:13:22,오피스텔,49967268,전세,04,대전시 대덕구 덕암동,대덕구,덕암동,17000,0,0,50,15.12,3,l 23신 l 투룸 아파트 l 건조기풀옵션 l 주차 l,https://www.zigbang.com/home/apt/items/49967268
2026-08-08 05:13:22,오피스텔,49953052,월세,04,대전시 대덕구 덕암동,대덕구,덕암동,3000,80,0,52.44,15.86,3,l 23년 준공 깔끔 아파트 l 풀옵션투룸 l 주차 l,https://www.zigbang.com/home/apt/items/49953052
2026-08-08 05:13:28,오피스텔,49890497,월세,01,경상남도 진주시 평거동,진주시,평거동,300,35,0,33.06,10.0,3,㉧ㅡ서빈No.1구해줘홈즈ㅡ㉧추천BEST꿀방,https://www.zigbang.com/home/apt/items/49890497
2026-08-08 05:13:28,오피스텔,49868480,월세,01,경상남도 진주시 봉곡동,진주시,봉곡동,100,25,0,33.06,10.0,4,봉곡동 선샤인오피스텔 갤러리아백화점 인근 깔끔한 컨디션,https://www.zigbang.com/home/apt/items/49868480
2026-08-08 05:13:28,오피스텔,49890489,월세,01,경상남도 진주시 충무공동,진주시,충무공동,500,55,0,42.97,13.0,중,㉧ㅡ서빈No.1구해줘홈즈ㅡ㉧추천BEST꿀방,https://www.zigbang.com/home/apt/items/49890489
2026-08-08 05:13:28,오피스텔,49930370,월세,01,경상남도 진주시 충무공동,진주시,충무공동,500,50,0,50.62,15.31,7,전망좋은 넓은 방,https://www.zigbang.com/home/apt/items/49930370
2026-08-08 05:13:28,오피스텔,49930441,월세,01,경상남도 진주시 충무공동,진주시,충무공동,500,40,0,34.74,10.51,6,전망좋은 깨끗한 방,https://www.zigbang.com/home/apt/items/49930441
2026-08-08 05:13:32,오피스텔,49934505,전세,02,경상남도 창원시 마산회원구 양덕동,창원시 마산회원구,양덕동,5500,0,0,54.69,16.54,6,마산 수출공단 인근 방1 거실1,https://www.zigbang.com/home/apt/items/49934505
2026-08-08 05:13:32,오피스텔,49915300,월세,01,경상남도 창원시 마산회원구 합성동,창원시 마산회원구,합성동,150,35,0,26.45,8.0,2,합성동  단기가능 풀옵션 티비 인터넷완비,https://www.zigbang.com/home/apt/items/49915300
2026-08-08 05:13:32,오피스텔,49957551,월세,01,경상남도 창원시 마산합포구 오동동,창원시 마산합포구,오동동,500,40,0,48.88,14.79,고,"오동동,해안대로변 바다가 보이는  복층 오피스텔입니다.",https://www.zigbang.com/home/apt/items/49957551
2026-08-08 05:13:32,오피스텔,49695686,월세,02,경상남도 창원시 마산합포구 상남동,창원시 마산합포구,상남동,500,42,0,56.2,17.0,7,리모델링된 한우하우스텔 내부 정말 넓어요.,https://www.zigbang.com/home/apt/items/49695686
2026-08-08 05:13:32,오피스텔,49915299,월세,01,경상남도 창원시 마산합포구 산호동,창원시 마산합포구,산호동,300,30,0,41.4,12.52,6,산호동 야구장인근 저렴한 월세,https://www.zigbang.com/home/apt/items/49915299
2026-08-08 05:13:32,오피스텔,49982583,월세,01,경상남도 창원시 마산합포구 동성동,창원시 마산합포구,동성동,500,40,0,42.98,13.0,중,"모든 차종 주차가능,주차비무료.",https://www.zigbang.com/home/apt/items/49982583
2026-08-08 05:13:32,오피스텔,49959780,월세,02,경상남도 창원시 마산합포구 동성동,창원시 마산합포구,동성동,2000,20,0,54.96,16.63,중,"리치클,티비있는풀옵션,아구찜거리.분리형.",https://www.zigbang.com/home/apt/items/49959780
2026-08-08 05:13:32,오피스텔,49979698,월세,01,경상남도 창원시 마산합포구 오동동,창원시 마산합포구,오동동,300,28,0,39.67,12.0,고,건물내 유흥시설 무.여성분 선호.,https://www.zigbang.com/home/apt/items/49979698
2026-08-08 05:13:32,오피스텔,49959738,전세,01,경상남도 창원시 마산합포구 오동동,창원시 마산합포구,오동동,2500,0,0,39.67,12.0,고,"상지솔리움,해안도로변,귀한올전세.",https://www.zigbang.com/home/apt/items/49959738
2026-08-08 05:13:32,오피스텔,49981306,매매,03,경상남도 창원시 마산합포구 신포동2가,창원시 마산합포구,신포동2가,8000,0,8000,36.36,11.0,27,"이쁘고밝은남향 급임대.완전신축 롯데백화점 옆
.완전풀옵션",https://www.zigbang.com/home/apt/items/49981306
2026-08-08 05:13:32,오피스텔,49812733,월세,01,경상남도 창원시 마산회원구 석전동,창원시 마산회원구,석전동,200,25,0,39.67,12.0,9,경남은행본점뒤 석전오피.최고의 가성비 굿  베란다도 있어요,https://www.zigbang.com/home/apt/items/49812733
2026-08-08 05:13:32,오피스텔,49828039,월세,02,경상남도 창원시 마산합포구 동성동,창원시 마산합포구,동성동,500,38,0,48.44,14.65,저,오동동아구거리 부엌과 방이 분리된 투룸입니다.,https://www.zigbang.com/home/apt/items/49828039
2026-08-08 05:13:32,오피스텔,49958394,월세,02,경상남도 창원시 마산합포구 동성동,창원시 마산합포구,동성동,500,38,0,48.44,14.65,저,"리치클,남동향,아구찜거리,방1,주방겸거실,화1.베란다.",https://www.zigbang.com/home/apt/items/49958394
2026-08-08 05:13:32,오피스텔,49838058,전세,01,경상남도 창원시 마산합포구 오동동,창원시 마산합포구,오동동,2500,0,0,42,12.7,고,오동동 해안대로변  부동산이 보증하는 전세 물건입니다.,https://www.zigbang.com/home/apt/items/49838058
2026-08-08 05:13:32,오피스텔,49810979,월세,01,경상남도 창원시 마산합포구 동성동,창원시 마산합포구,동성동,500,40,0,33.18,10.04,6,"오동동,해안대로변 넓고 올리모텔링된 최고의 오피스텔입니다.",https://www.zigbang.com/home/apt/items/49810979
2026-08-08 05:13:32,오피스텔,49800662,월세,01,경상남도 창원시 마산회원구 석전동,창원시 마산회원구,석전동,500,30,0,42.98,13.0,6,석전초앞 보양엠비션 오피..리모델링 새로해서 내부 이뻐요,https://www.zigbang.com/home/apt/items/49800662
2026-08-08 05:13:32,오피스텔,49981309,매매,01,경상남도 창원시 의창구 명서동,창원시 의창구,명서동,6200,0,6200,49.59,15.0,10,"이쁘고 아주밝은 완전풀옵션 아주큰방 
뷰가이쁜집 즉시입주",https://www.zigbang.com/home/apt/items/49981309
2026-08-08 05:13:32,오피스텔,49981307,월세,01,경상남도 창원시 의창구 명서동,창원시 의창구,명서동,500,35,0,36.36,11.0,5,"사무실 용도로  쓸수잇음
즉시입주",https://www.zigbang.com/home/apt/items/49981307
2026-08-08 05:13:32,오피스텔,49982107,월세,01,경상남도 창원시 의창구 명서동,창원시 의창구,명서동,500,38,0,49.59,15.0,10,이쁘고 아주밝은 큰방.남향 귀한전세.완전풀옵션주차완비헬스장,https://www.zigbang.com/home/apt/items/49982107
2026-08-08 05:13:32,오피스텔,49982110,월세,01,경상남도 창원시 의창구 봉곡동,창원시 의창구,봉곡동,300,35,0,49.59,15.0,7,"이쁘고 아주밝은 완전풀옵션 아주큰방 주변상권좋음 
조용한방",https://www.zigbang.com/home/apt/items/49982110
2026-08-08 05:13:32,오피스텔,49827457,월세,01,경상남도 창원시 의창구 중동,창원시 의창구,중동,1000,70,0,77.28,23.38,18,풀옵션 원룸형 주거용 오피스텔,https://www.zigbang.com/home/apt/items/49827457
2026-08-08 05:13:32,오피스텔,49902452,월세,01,경상남도 창원시 의창구 팔용동,창원시 의창구,팔용동,500,60,0,45.36,13.72,20,고층 남동향 채광전망좋음 즉시입주 주차편리 수납좋음,https://www.zigbang.com/home/apt/items/49902452
2026-08-08 05:13:32,오피스텔,49760969,월세,04,경상남도 창원시 의창구 중동,창원시 의창구,중동,2000,115,0,144.47,43.7,12,투룸 풀옵션 구조    즉시 입주,https://www.zigbang.com/home/apt/items/49760969
2026-08-08 05:13:32,오피스텔,49760971,매매,04,경상남도 창원시 의창구 중동,창원시 의창구,중동,28000,0,28000,143.53,43.42,중,오피스텔 투룸 3베이 급매,https://www.zigbang.com/home/apt/items/49760971
2026-08-08 05:13:32,오피스텔,49906126,매매,01,경상남도 창원시 의창구 중동,창원시 의창구,중동,18000,0,18000,77.28,23.38,14,수익성 풀옵션 오피스텔 매매,https://www.zigbang.com/home/apt/items/49906126
2026-08-08 05:13:32,오피스텔,49760975,매매,04,경상남도 창원시 의창구 중동,창원시 의창구,중동,30000,0,30000,144.47,43.7,21,수익성 오피스텔 투룸,https://www.zigbang.com/home/apt/items/49760975
2026-08-08 05:13:40,오피스텔,49952392,월세,01,대구시 달서구 두류동,달서구,두류동,500,50,0,50,15.12,11,특급가성비추천 방이뻐요 전입0 조절가 인프라 풀옵션적극추천,https://www.zigbang.com/home/apt/items/49952392
2026-08-08 05:13:40,오피스텔,49986463,월세,03,대구시 남구 대명동,남구,대명동,1000,50,0,47.69,14.43,8,특급가성비 이쁜복층 전입가능 풀옵션 인테리어최고에요,https://www.zigbang.com/home/apt/items/49986463
2026-08-08 05:13:40,오피스텔,49811620,월세,04,대구시 남구 대명동,남구,대명동,1000,60,0,75.18,22.74,고,영부 1.즉시안내 2.렌탈프리 3.반려동물 가능,https://www.zigbang.com/home/apt/items/49811620
2026-08-08 05:13:40,오피스텔,49713565,월세,04,대구시 달서구 이곡동,달서구,이곡동,500,65,0,98.75,29.87,고,"신축,풀옵션,복층,초역세권,전입신고가능",https://www.zigbang.com/home/apt/items/49713565
2026-08-08 05:13:40,오피스텔,49767175,월세,04,대구시 달서구 이곡동,달서구,이곡동,500,65,0,98.75,29.87,고,"신축, 초역세권, 복층, 전입신고 가능",https://www.zigbang.com/home/apt/items/49767175
2026-08-08 05:13:40,오피스텔,49918478,월세,04,대구시 달서구 이곡동,달서구,이곡동,500,65,0,98.72,29.86,10,"깔끔한 오피스텔, 둘이 살기 좋아요. 복층형, 거실, 주차",https://www.zigbang.com/home/apt/items/49918478
2026-08-08 05:13:40,오피스텔,49835987,월세,04,대구시 달서구 이곡동,달서구,이곡동,1000,65,0,95.87,29.0,중,초 역세권 오피스텔 복층 형 풀옵션,https://www.zigbang.com/home/apt/items/49835987
2026-08-08 05:13:40,오피스텔,49767350,월세,04,대구시 달서구 이곡동,달서구,이곡동,500,67,0,95.01,28.74,고,"신축, 초역세권, 풀옵션, 복층, 전입신고 가능",https://www.zigbang.com/home/apt/items/49767350
2026-08-08 05:13:40,오피스텔,49661374,월세,04,대구시 달서구 이곡동,달서구,이곡동,1000,65,0,95.01,28.74,8,"신축,풀옵션,초역세권,복층,전입신고가능",https://www.zigbang.com/home/apt/items/49661374
2026-08-08 05:13:40,오피스텔,49726097,월세,04,대구시 달서구 이곡동,달서구,이곡동,500,65,0,98.75,29.87,고,"신축, 풀옵션, 복층, 초역세권, 전입신고가능",https://www.zigbang.com/home/apt/items/49726097
2026-08-08 05:13:41,오피스텔,49863477,월세,01,경상남도 김해시 진영읍 여래리,김해시,진영읍,500,38,0,42.59,12.88,6,빠른입주 가능,https://www.zigbang.com/home/apt/items/49863477
2026-08-08 05:13:41,오피스텔,49824331,월세,01,경상남도 김해시 진영읍 여래리,김해시,진영읍,500,41,0,49.37,14.93,5,빠른입주 깔끔,https://www.zigbang.com/home/apt/items/49824331
2026-08-08 05:13:41,오피스텔,49824353,월세,01,경상남도 김해시 진영읍 여래리,김해시,진영읍,500,43,0,49.37,14.93,7,입주일은 협의해서 조정가능,https://www.zigbang.com/home/apt/items/49824353
2026-08-08 05:13:41,오피스텔,49824316,월세,01,경상남도 김해시 진영읍 여래리,김해시,진영읍,500,45,0,49.37,14.93,4,테라스있는6말7초입주가능,https://www.zigbang.com/home/apt/items/49824316
2026-08-08 05:13:41,오피스텔,49940290,월세,03,경상남도 김해시 진영읍 여래리,김해시,진영읍,500,48,0,49.59,15.0,9,분리형 예쁜 복층,https://www.zigbang.com/home/apt/items/49940290
2026-08-08 05:13:42,오피스텔,49943269,월세,04,경상남도 김해시 부원동,김해시,부원동,100,80,0,91.49,27.68,13,"준신축거실넓은방2칸 반려동물가능,역인근",https://www.zigbang.com/home/apt/items/49943269
2026-08-08 05:13:42,오피스텔,49775745,월세,04,경상남도 김해시 내동,김해시,내동,1000,67,0,104.73,31.68,고,NO.1내외동 최고고컬리티VV주상복합오피스텔VV경보더숨시티,https://www.zigbang.com/home/apt/items/49775745
2026-08-08 05:13:42,오피스텔,49950700,월세,02,경상남도 김해시 부원동,김해시,부원동,100,60,0,59.6,18.03,12,"준신축분리형 반려동물가능,부원역인근",https://www.zigbang.com/home/apt/items/49950700
2026-08-08 05:13:42,오피스텔,49775748,월세,04,경상남도 김해시 내동,김해시,내동,2000,63,0,104.74,31.68,9,NO.1경보더숨시티VV신축오피스텔VV방2개넓은거실VV풀옵션,https://www.zigbang.com/home/apt/items/49775748
2026-08-08 05:13:42,오피스텔,49515076,월세,01,경상남도 김해시 부원동,김해시,부원동,300,45,0,42.98,13.0,8,"부역원인근,준신축원룸,반려동물가능",https://www.zigbang.com/home/apt/items/49515076
2026-08-08 05:13:42,오피스텔,49775755,월세,02,경상남도 김해시 내동,김해시,내동,500,50,0,57.7,17.45,10,NO.1테라스파크VV실매물VV화끈한뷰VV,https://www.zigbang.com/home/apt/items/49775755
2026-08-08 05:13:42,오피스텔,49462542,월세,02,경상남도 김해시 외동,김해시,외동,3000,50,0,66.18,20.02,11,"신세계,이마트,역인근,준신축분리형",https://www.zigbang.com/home/apt/items/49462542
2026-08-08 05:13:42,오피스텔,49950570,월세,04,경상남도 김해시 내동,김해시,내동,4000,50,0,65.39,19.78,7,"박물관역인근,준신축,반려동물가능소형견",https://www.zigbang.com/home/apt/items/49950570
2026-08-08 05:13:42,오피스텔,49681564,월세,01,경상남도 김해시 삼계동,김해시,삼계동,100,28,0,44.22,13.38,고,"oO올리모델링 오피스텔Oo초특가,방범,보안아주좋아요",https://www.zigbang.com/home/apt/items/49681564
2026-08-08 05:13:42,오피스텔,49935880,월세,04,경상남도 김해시 삼계동,김해시,삼계동,500,50,0,61.48,18.6,4,oO집주인사정상 초급매Oo 먼저하시는분임자입니다 급급매물,https://www.zigbang.com/home/apt/items/49935880
2026-08-08 05:13:42,오피스텔,49836236,월세,01,경상남도 김해시 삼계동,김해시,삼계동,300,45,0,48,14.52,고,초특가oO코아루오피스텔Oo 보증금월세 조절가능,https://www.zigbang.com/home/apt/items/49836236
2026-08-08 05:13:42,오피스텔,49954896,월세,05,경상남도 김해시 삼계동,김해시,삼계동,2000,70,0,111.04,33.59,8,oO당일등록 블루시티퀸덤Oo월세 보증금 조절 가능합니다,https://www.zigbang.com/home/apt/items/49954896
2026-08-08 05:13:42,오피스텔,49914492,월세,04,경상남도 김해시 삼계동,김해시,삼계동,500,60,0,69.1,20.9,10,당일등록 아주귀한 매물초특가 급매물,https://www.zigbang.com/home/apt/items/49914492
2026-08-08 05:13:43,오피스텔,49869323,월세,02,부산시 북구 금곡동,북구,금곡동,500,50,0,59.5,18.0,3,방  거실  마감임박,https://www.zigbang.com/home/apt/items/49869323
2026-08-08 05:13:43,오피스텔,49973176,월세,05,경상남도 양산시 물금읍 범어리,양산시,물금읍,1000,70,0,94.98,28.73,고,"조망굿,북동향,즉시입주,풀옵션,초역세권,이쁜구조,주차확실",https://www.zigbang.com/home/apt/items/49973176
2026-08-08 05:13:43,오피스텔,49921065,월세,02,경상남도 양산시 물금읍 범어리,양산시,물금읍,10400,15,0,89.65,27.12,19,채광 좋고 전망 좋은 투룸.,https://www.zigbang.com/home/apt/items/49921065
2026-08-08 05:13:43,오피스텔,49753180,월세,05,경상남도 양산시 물금읍 범어리,양산시,물금읍,1000,70,0,94.98,28.73,중,"업무용임,남향,즉시입주,풀옵션,초역세권,이쁜구조,주차",https://www.zigbang.com/home/apt/items/49753180
2026-08-08 05:13:43,오피스텔,49809772,월세,02,경상남도 양산시 물금읍 범어리,양산시,물금읍,500,35,0,55.65,16.83,고,"귀한월세,남동향풀옵션,역세권,이쁜구조,주차확실,",https://www.zigbang.com/home/apt/items/49809772
2026-08-08 05:13:43,오피스텔,49930685,월세,04,경상남도 양산시 물금읍 범어리,양산시,물금읍,1000,65,0,94.7,28.65,9,방2개. 채광 좋고 전망 좋은 쓰리룸. 즉시입주 가능,https://www.zigbang.com/home/apt/items/49930685
2026-08-08 05:13:43,오피스텔,49940711,전세,05,경상남도 양산시 물금읍 범어리,양산시,물금읍,12500,0,0,91.14,27.57,중,"귀한전세,채광및조망굿,남서향,즉시입주가능,풀옵션,초역세권,",https://www.zigbang.com/home/apt/items/49940711
2026-08-08 05:13:43,오피스텔,49973284,월세,05,경상남도 양산시 물금읍 범어리,양산시,물금읍,1000,70,0,94.98,28.73,중,"근린생활시설용,남동향,풀옵션,초역세권,이쁜구조,주차확실,",https://www.zigbang.com/home/apt/items/49973284
2026-08-08 05:13:43,오피스텔,49877102,월세,01,경상남도 양산시 물금읍 범어리,양산시,물금읍,5100,5,0,40.69,12.31,3,보증보험 가능한 오피스텔 원룸. 이사협의 가능,https://www.zigbang.com/home/apt/items/49877102
2026-08-08 05:13:45,오피스텔,49958053,월세,02,부산시 동래구 온천동,동래구,온천동,8000,15,0,33.44,10.12,4,"미남역,중기청,버팀목,HUG보증보험,분리형,보증금조절",https://www.zigbang.com/home/apt/items/49958053
2026-08-08 05:13:45,오피스텔,49954943,월세,02,부산시 동래구 온천동,동래구,온천동,1000,60,0,39.17,11.85,6,신축풀옵션 방1거실1 제일 넓은 호실,https://www.zigbang.com/home/apt/items/49954943
2026-08-08 05:13:45,오피스텔,49984298,전세,02,부산시 동래구 온천동,동래구,온천동,12000,0,0,38.44,11.63,14,"ll 공휴일 정상운영, 전호실 보유중 ll",https://www.zigbang.com/home/apt/items/49984298
2026-08-08 05:13:45,오피스텔,49981530,월세,02,부산시 동래구 온천동,동래구,온천동,2000,47,0,33.44,10.12,8,"미남역, 방1 거실 구조.",https://www.zigbang.com/home/apt/items/49981530
2026-08-08 05:13:45,오피스텔,49977027,월세,02,부산시 동래구 온천동,동래구,온천동,2000,50,0,38.48,11.64,중,방1거실1 보증금월세조절가능,https://www.zigbang.com/home/apt/items/49977027
2026-08-08 05:13:45,오피스텔,49925656,월세,02,부산시 동래구 온천동,동래구,온천동,500,55,0,42.13,12.74,5,"lll포르테시티 전호실 보유 중,방1 거실1 분리형lll",https://www.zigbang.com/home/apt/items/49925656
2026-08-08 05:13:45,오피스텔,49899404,월세,02,부산시 동래구 온천동,동래구,온천동,8000,15,0,38.48,11.64,중,방1거실1옷방1 지하철역바로앞 애완동물가능 보증보험호실,https://www.zigbang.com/home/apt/items/49899404
2026-08-08 05:13:45,오피스텔,49947407,월세,01,부산시 동래구 온천동,동래구,온천동,100,65,0,37.64,11.39,고,"전입불가, 단기3개월 연장가능 전호실보유, 저보증금 매물",https://www.zigbang.com/home/apt/items/49947407
2026-08-08 05:13:45,오피스텔,49803407,월세,02,부산시 동래구 온천동,동래구,온천동,1000,66,0,37.69,11.4,2,"미남역,방1거실1,신축급,남향집,빠른입",https://www.zigbang.com/home/apt/items/49803407
2026-08-08 05:13:45,오피스텔,49784407,월세,02,부산시 동래구 온천동,동래구,온천동,100,50,0,48.77,14.75,17,전입불가 단기 3개월 연장가능 방1거실1구조,https://www.zigbang.com/home/apt/items/49784407
2026-08-08 05:13:45,오피스텔,49984428,월세,02,부산시 동래구 온천동,동래구,온천동,500,55,0,42.13,12.74,5,"ll 공휴일 정상운영,  전호실 보유중 ll",https://www.zigbang.com/home/apt/items/49984428
2026-08-08 05:13:45,오피스텔,49848154,월세,02,부산시 동래구 온천동,동래구,온천동,2300,55,0,38.48,11.64,10,"르씨엘,버팀목,중기청,보증보험가입,반환조건,보증조절가능",https://www.zigbang.com/home/apt/items/49848154
2026-08-08 05:13:45,오피스텔,49738695,전세,04,부산시 해운대구 반여동,해운대구,반여동,21000,0,0,124.31,37.6,중,보증보험가입안전매물ㅣ세탁기.건조기.에어컨.냉장고,https://www.zigbang.com/home/apt/items/49738695
2026-08-08 05:13:45,오피스텔,49938137,월세,02,부산시 해운대구 반여동,해운대구,반여동,2000,95,0,124.31,37.6,중,"센텀우성거실,방2,욕실1 ㅣ 시세보다저렴한월세",https://www.zigbang.com/home/apt/items/49938137
2026-08-08 05:13:45,오피스텔,49813620,전세,05,부산시 해운대구 반여동,해운대구,반여동,27000,0,0,112.4,34.0,고,"센텀우성거실,방3,욕실2ㅣ귀한전세ㅣ컨디션최고",https://www.zigbang.com/home/apt/items/49813620
2026-08-08 05:13:45,오피스텔,49762313,월세,02,부산시 연제구 연산동,연제구,연산동,2000,63,0,42.43,12.84,중,"전호실확인,중기청,버팀목,반환조건,스타일러,보증금조절",https://www.zigbang.com/home/apt/items/49762313
2026-08-08 05:13:45,오피스텔,49670994,월세,02,부산시 연제구 연산동,연제구,연산동,2000,61,0,43.32,13.1,11,"방1,거실1, 정남향의 채광,펜트리,스타일러",https://www.zigbang.com/home/apt/items/49670994
2026-08-08 05:13:45,오피스텔,49882569,월세,03,부산시 연제구 연산동,연제구,연산동,300,35,0,40.27,12.18,고,이동네 유일한 복층입니다. 내부 올수리로 아주 깨끗합니다.,https://www.zigbang.com/home/apt/items/49882569
2026-08-08 05:13:45,오피스텔,49984311,월세,02,부산시 수영구 망미동,수영구,망미동,1000,61,0,42.32,12.8,5,망미역 최고 시설,https://www.zigbang.com/home/apt/items/49984311
2026-08-08 05:13:45,오피스텔,49586443,전세,01,부산시 부산진구 범전동,부산진구,범전동,13000,0,0,44,13.31,중,"드레스룸o,개인, 근저당x, 8,9,10월 입주협의 가능",https://www.zigbang.com/home/apt/items/49586443
2026-08-08 05:13:45,오피스텔,49690458,월세,02,부산시 부산진구 범전동,부산진구,범전동,500,75,0,53.95,16.32,11,"신축o건조기,드레스룸o모든조율가능o펫세대ok",https://www.zigbang.com/home/apt/items/49690458
2026-08-08 05:13:45,오피스텔,49984388,전세,01,부산시 동래구 사직동,동래구,사직동,7000,0,0,30.01,9.08,5,"보증보험, 시설깨끗",https://www.zigbang.com/home/apt/items/49984388
2026-08-08 05:13:45,오피스텔,49934004,전세,02,부산시 동래구 사직동,동래구,사직동,11000,0,0,37.37,11.3,9,"사직역,신축,건조기,스타일러,이지역 대장 오피스텔",https://www.zigbang.com/home/apt/items/49934004
2026-08-08 05:13:45,오피스텔,49686839,전세,01,부산시 동래구 사직동,동래구,사직동,11000,0,0,38.14,11.54,9,"사직역앞,버팀목,반환조건,보증보험갱신완료,신축,보증금조절",https://www.zigbang.com/home/apt/items/49686839
2026-08-08 05:13:45,오피스텔,49686845,월세,01,부산시 동래구 사직동,동래구,사직동,5000,10,0,30.01,9.08,5,"사직역앞,버팀목,중기청,보증보험갱신완료,신축,보증금조절",https://www.zigbang.com/home/apt/items/49686845
2026-08-08 05:13:45,오피스텔,49969407,월세,02,부산시 부산진구 범전동,부산진구,범전동,500,63,0,48.24,14.59,2,QQ 송상현 광장앞 QQ 막힘없는뷰 QQ 보증금 조절가능,https://www.zigbang.com/home/apt/items/49969407
2026-08-08 05:13:45,오피스텔,49936959,월세,02,부산시 부산진구 전포동,부산진구,전포동,2000,57,0,38.42,11.62,5,"반려가능,부전역,신축,버팀목,반환조건,건조기,보증금조절",https://www.zigbang.com/home/apt/items/49936959
2026-08-08 05:13:45,오피스텔,49984444,월세,01,부산시 동래구 사직동,동래구,사직동,2800,30,0,27.02,8.17,저,사직역 도보 2분,https://www.zigbang.com/home/apt/items/49984444
2026-08-08 05:13:45,오피스텔,49984395,전세,02,부산시 동래구 사직동,동래구,사직동,11000,0,0,37.37,11.3,9,ll 사직역 최고시설 ll,https://www.zigbang.com/home/apt/items/49984395
2026-08-08 05:13:45,오피스텔,49690138,월세,02,부산시 부산진구 범전동,부산진구,범전동,500,65,0,49.6,15.0,10,애완동물o신축o모든조율가능o,https://www.zigbang.com/home/apt/items/49690138
2026-08-08 05:13:46,오피스텔,49837287,월세,04,부산시 기장군 기장읍 시랑리,기장군,기장읍,1000,140,0,149.08,45.1,고,바다뷰ㅣ최저가월세ㅣ구조good,https://www.zigbang.com/home/apt/items/49837287
2026-08-08 05:13:46,오피스텔,49514484,월세,04,부산시 기장군 기장읍 시랑리,기장군,기장읍,1000,140,0,149.08,45.1,중,"1000,130ㅣA타입최저가ㅣ풀옵션",https://www.zigbang.com/home/apt/items/49514484
2026-08-08 05:13:46,오피스텔,49882469,월세,01,부산시 해운대구 송정동,해운대구,송정동,300,25,0,29.75,9.0,3,"송정 해변가 바로 인근,대로변 오피스텔 구조,방이 큽니다.",https://www.zigbang.com/home/apt/items/49882469
2026-08-08 05:13:46,오피스텔,49980839,월세,01,부산시 해운대구 송정동,해운대구,송정동,1000,64,0,36.86,11.15,13,기장에서 가장 가까운 송정 깔끔하고 뷰나오는 전호실오피스텔,https://www.zigbang.com/home/apt/items/49980839
2026-08-08 05:13:46,오피스텔,49842056,월세,01,부산시 해운대구 송정동,해운대구,송정동,1000,71,0,47.03,14.23,9,안전하고 깔끔한 오션뷰 오피스텔 송정해안가 2분 편세권,https://www.zigbang.com/home/apt/items/49842056
2026-08-08 05:13:46,오피스텔,49837292,월세,04,부산시 기장군 기장읍 시랑리,기장군,기장읍,1000,140,0,149.08,45.1,중,에어컨.세탁기.냉장고.건조기.스타일러ㅣ월세ㅣ구조good,https://www.zigbang.com/home/apt/items/49837292
2026-08-08 05:13:46,오피스텔,49795939,전세,05,부산시 해운대구 송정동,해운대구,송정동,25000,0,0,169.12,51.16,21,고층 오시리아 송정천 산과 바다 조망 에어컨4 즉시입주,https://www.zigbang.com/home/apt/items/49795939
2026-08-08 05:13:46,오피스텔,49969244,월세,01,부산시 해운대구 송정동,해운대구,송정동,1000,64,0,47.03,14.23,5,"송정 내방에서 바라보는 오션뷰 투룸,오시리아 관광특구 선호",https://www.zigbang.com/home/apt/items/49969244
2026-08-08 05:13:46,오피스텔,49938218,월세,05,부산시 기장군 기장읍 시랑리,기장군,기장읍,1000,180,0,168.32,50.92,중,"거실,방3,욕실2ㅣ바다뷰풀옵션최저가",https://www.zigbang.com/home/apt/items/49938218
2026-08-08 05:13:46,오피스텔,49271768,월세,01,부산시 해운대구 송정동,해운대구,송정동,1000,63,0,39.09,11.82,12,송정에서 제일 안전하고 깔끔한 전호실 오션뷰 오피스텔,https://www.zigbang.com/home/apt/items/49271768
2026-08-08 05:13:46,오피스텔,49981036,월세,02,부산시 해운대구 송정동,해운대구,송정동,700,59,0,47.25,14.29,8,오시리아 가까운안전하고 깔끔한 전호실 오션뷰 송정 오피스텔,https://www.zigbang.com/home/apt/items/49981036
2026-08-08 05:13:46,오피스텔,49837302,월세,04,부산시 기장군 기장읍 시랑리,기장군,기장읍,1000,130,0,150.31,45.47,고,리조트형주거시설ㅡ 헬스장ㅡ스크린골프,https://www.zigbang.com/home/apt/items/49837302
2026-08-08 05:13:46,오피스텔,49949206,월세,02,부산시 기장군 정관읍 매학리,기장군,정관읍,300,50,0,51.14,15.47,10,"8월말 입주가능, 분리형,발코니",https://www.zigbang.com/home/apt/items/49949206
2026-08-08 05:13:46,오피스텔,49979022,월세,02,부산시 기장군 정관읍 매학리,기장군,정관읍,300,50,0,51.14,15.47,13,"입주협의, 1.5룸,발코니, 중문,최신오피스텔",https://www.zigbang.com/home/apt/items/49979022
2026-08-08 05:13:46,오피스텔,49978982,월세,02,부산시 기장군 정관읍 매학리,기장군,정관읍,300,53,0,51.14,15.47,11,"분리형 원룸, 발코니,중문, 빠른입주",https://www.zigbang.com/home/apt/items/49978982
2026-08-08 05:13:46,오피스텔,49705814,월세,01,부산시 기장군 정관읍 매학리,기장군,정관읍,500,38,0,46.28,14.0,11,정관 신축급 웰메이드시티 오피스텔 전입 가능,https://www.zigbang.com/home/apt/items/49705814
2026-08-08 05:13:46,오피스텔,49749008,월세,01,부산시 기장군 기장읍 청강리,기장군,기장읍,300,35,0,41.51,12.56,9,기장 오피스텔 보안최고,https://www.zigbang.com/home/apt/items/49749008
2026-08-08 05:13:46,오피스텔,49749006,월세,02,부산시 기장군 기장읍 대라리,기장군,기장읍,500,40,0,40.44,12.23,13,기장 오피스텔 위치최고 컨디션최고,https://www.zigbang.com/home/apt/items/49749006
2026-08-08 05:13:46,오피스텔,49939996,월세,04,부산시 기장군 기장읍 청강리,기장군,기장읍,1000,55,0,66.91,20.24,13,고층 산조망 방2칸 붙박이장 에어컨 8월입주가능,https://www.zigbang.com/home/apt/items/49939996
2026-08-08 05:13:46,오피스텔,49794086,월세,01,부산시 기장군 기장읍 청강리,기장군,기장읍,300,35,0,48,14.52,8,2층 피트니센터가 있는 기장최신축 오피스텔,https://www.zigbang.com/home/apt/items/49794086
2026-08-08 05:13:46,오피스텔,49670945,월세,01,부산시 기장군 기장읍 청강리,기장군,기장읍,300,35,0,48,14.52,9,"전입신고 가능, 2층 피트니스 센터 있는 기장 오피스텔",https://www.zigbang.com/home/apt/items/49670945
2026-08-08 05:13:46,오피스텔,49833649,매매,04,부산시 기장군 기장읍 대라리,기장군,기장읍,14000,0,14000,169.88,51.39,11,"탑층 야외테라스 단독 독채, 10월 입주 대형 반려견 추천",https://www.zigbang.com/home/apt/items/49833649
2026-08-08 05:13:46,오피스텔,49917921,월세,01,부산시 기장군 기장읍 대라리,기장군,기장읍,500,40,0,64.14,19.4,3,"기장에서 가격 대비 가장 좋은 오피스텔, 대형suv주차가능",https://www.zigbang.com/home/apt/items/49917921
2026-08-08 05:13:46,오피스텔,49907624,월세,01,부산시 기장군 기장읍 청강리,기장군,기장읍,300,35,0,48.02,14.53,고,단기임대 가능 기장 가장 인기 있는 오피스텔,https://www.zigbang.com/home/apt/items/49907624
2026-08-08 05:13:46,오피스텔,49757480,매매,04,부산시 기장군 기장읍 대라리,기장군,기장읍,10000,0,10000,68.33,20.67,3,급매 방2칸 기장역 도보 3분 실입주나 투자 모두 가능,https://www.zigbang.com/home/apt/items/49757480
2026-08-08 05:13:46,오피스텔,49749007,월세,02,부산시 기장군 기장읍 청강리,기장군,기장읍,500,43,0,46.36,14.02,7,기장 오피스텔 보안최고,https://www.zigbang.com/home/apt/items/49749007
2026-08-08 05:13:46,오피스텔,49687205,월세,02,부산시 기장군 기장읍 청강리,기장군,기장읍,500,45,0,51.99,15.73,저,기장역 인근 방1거실1 넓은구조,https://www.zigbang.com/home/apt/items/49687205
2026-08-08 05:13:46,오피스텔,49896758,월세,02,부산시 기장군 기장읍 연화리,기장군,기장읍,600,66,0,33.56,10.15,8,오션뷰 엄청깔끔하고 예쁜신축오피스텔,https://www.zigbang.com/home/apt/items/49896758
2026-08-08 05:13:46,오피스텔,49896671,월세,02,부산시 기장군 기장읍 연화리,기장군,기장읍,700,77,0,44.12,13.35,10,오션뷰 깔끔한신축첫입주 오피스텔,https://www.zigbang.com/home/apt/items/49896671
2026-08-08 05:13:48,오피스텔,49878974,월세,01,부산시 기장군 장안읍 반룡리,기장군,장안읍,200,50,0,42.98,13.0,고,빠른입주 장안산단 내 유일한 햇빛 잘 드는 신축급 풀옵션,https://www.zigbang.com/home/apt/items/49878974
2026-08-08 05:13:53,오피스텔,49954488,월세,01,울산시 중구 복산동,중구,복산동,1000,53,0,67.83,20.52,저,넓은원룸형ㅇ귀한월세ㅇ9월하순ㅇMBC방송국앞,https://www.zigbang.com/home/apt/items/49954488
2026-08-08 05:13:53,오피스텔,49950288,월세,01,울산시 중구 복산동,중구,복산동,500,53,0,71.76,21.71,2,ㅣ귀한 올 화이트톤 오피ㅣ실매물ㅣ풀옵션ㅣ,https://www.zigbang.com/home/apt/items/49950288
2026-08-08 05:13:53,오피스텔,49954815,월세,01,울산시 중구 반구동,중구,반구동,500,50,0,40.14,12.14,중,10월하순ㅇ큰평수원룸형ㅇ침대TV풀옵션ㅇ착한월세,https://www.zigbang.com/home/apt/items/49954815
2026-08-08 05:13:53,오피스텔,49915781,월세,01,울산시 중구 유곡동,중구,유곡동,500,52,0,50.56,15.29,11,원룰형 도로변  풀옵션 TV포함,https://www.zigbang.com/home/apt/items/49915781
2026-08-08 05:13:53,오피스텔,49965045,월세,01,울산시 중구 우정동,중구,우정동,500,65,0,52.67,15.93,고,8월26일입주.  남향.  뷰좋아요.  좋은매물,https://www.zigbang.com/home/apt/items/49965045
2026-08-08 05:13:53,오피스텔,49913527,월세,01,울산시 중구 우정동,중구,우정동,500,57,0,52.67,15.93,중,귀한 월세 풀옵션  고층 편의시설인근,https://www.zigbang.com/home/apt/items/49913527
2026-08-08 05:13:53,오피스텔,49952021,월세,01,울산시 중구 우정동,중구,우정동,500,60,0,52.67,15.93,중,9월6일 입주  뷰예쁨   좋은매물,https://www.zigbang.com/home/apt/items/49952021
2026-08-08 05:13:53,오피스텔,49839944,월세,01,울산시 중구 우정동,중구,우정동,1000,60,0,52.67,15.93,고,9월1일입주. 귀한매물. 해잘들고 뷰좋아요.,https://www.zigbang.com/home/apt/items/49839944
2026-08-08 05:13:53,오피스텔,49965384,월세,01,울산시 중구 우정동,중구,우정동,500,60,0,52.67,15.93,중,10월1일입주 조용하고  뷰좋아요  좋은매물,https://www.zigbang.com/home/apt/items/49965384
2026-08-08 05:13:53,오피스텔,49951967,월세,01,울산시 중구 우정동,중구,우정동,500,60,0,52.67,15.93,중,9월1일입주가능. 조용하고  뷰 좋아요. 좋은매물,https://www.zigbang.com/home/apt/items/49951967
2026-08-08 05:13:58,오피스텔,49939951,월세,01,경상북도 김천시 율곡동,김천시,율곡동,300,45,0,39.66,12.0,중,율곡동 ktx인근  주차하기 좋은 중간 층 오피스텔 입니다,https://www.zigbang.com/home/apt/items/49939951
2026-08-08 05:13:58,오피스텔,49940000,월세,01,경상북도 김천시 율곡동,김천시,율곡동,1000,35,0,70.03,21.18,중,혁신도시 ktx 김천 구미역 바로 앞 오피스텔,https://www.zigbang.com/home/apt/items/49940000
2026-08-08 05:13:58,오피스텔,49735221,월세,02,경상북도 김천시 율곡동,김천시,율곡동,500,60,0,59.5,18.0,9,"써밋D,분리형큰방,10월초",https://www.zigbang.com/home/apt/items/49735221
2026-08-08 05:13:58,오피스텔,49957041,월세,01,경상북도 김천시 율곡동,김천시,율곡동,5400,15,0,49.59,15.0,중,"휴오피,주차편리,10월1일,보증보험가능",https://www.zigbang.com/home/apt/items/49957041
2026-08-08 05:13:58,오피스텔,49940070,월세,01,경상북도 김천시 율곡동,김천시,율곡동,300,45,0,49.7,15.03,11,김천혁신도시 깨끗한 오피스텔 신축 입니다 단기만 가능,https://www.zigbang.com/home/apt/items/49940070
2026-08-08 05:13:58,오피스텔,49982027,월세,02,경상북도 김천시 율곡동,김천시,율곡동,1000,70,0,89.25,27.0,고,"써밋G,제일큰평수,남향,10월협의",https://www.zigbang.com/home/apt/items/49982027
2026-08-08 05:13:58,오피스텔,49939921,월세,02,경상북도 김천시 율곡동,김천시,율곡동,1000,70,0,68.77,20.8,18,율곡동 미투형 방1 거실1 오피스텔 입니다,https://www.zigbang.com/home/apt/items/49939921
2026-08-08 05:13:58,오피스텔,49834602,전세,01,경상북도 김천시 율곡동,김천시,율곡동,8000,0,0,56.19,17.0,고,"써밋B,9평큰방,날짜협의",https://www.zigbang.com/home/apt/items/49834602
2026-08-08 05:13:58,오피스텔,49983279,월세,01,경상북도 김천시 율곡동,김천시,율곡동,300,45,0,52.89,16.0,고,"써밋,A타입,10월10일",https://www.zigbang.com/home/apt/items/49983279
2026-08-08 05:13:58,오피스텔,49876320,월세,01,경상북도 김천시 율곡동,김천시,율곡동,300,44,0,49.59,15.0,고,"써밋A타입,9월17일",https://www.zigbang.com/home/apt/items/49876320
2026-08-08 05:13:58,오피스텔,49940245,월세,01,경상북도 김천시 율곡동,김천시,율곡동,500,55,0,70,21.17,중,김천시 혁신도시 ktx 인근 오피스텔 주차 하기 아주 좋은,https://www.zigbang.com/home/apt/items/49940245
2026-08-08 05:13:58,오피스텔,49654719,전세,02,경상북도 김천시 율곡동,김천시,율곡동,14000,0,0,100,30.25,중,"코아루E,투룸형제일큰방,즉시입주",https://www.zigbang.com/home/apt/items/49654719
2026-08-08 05:13:58,오피스텔,49981985,월세,01,경상북도 김천시 율곡동,김천시,율곡동,300,40,0,56,16.94,중,"코아루A,9평,북향,9월2일,6개월가능",https://www.zigbang.com/home/apt/items/49981985
2026-08-08 05:14:00,오피스텔,49975044,월세,01,대구시 동구 신천동,동구,신천동,500,40,0,50.08,15.15,중,"테라스,,,교통좋고 전망좋은 풀옵션 구조예쁜 인기오피스텔",https://www.zigbang.com/home/apt/items/49975044
2026-08-08 05:14:00,오피스텔,49793523,월세,01,대구시 동구 신천동,동구,신천동,500,42,0,52.89,16.0,고,전입ok 입주청소완료 착한임대인 입주협의가능 깔끔한호실,https://www.zigbang.com/home/apt/items/49793523
2026-08-08 05:14:00,오피스텔,49673025,월세,01,대구시 동구 신천동,동구,신천동,300,43,0,46.12,13.95,5,"테라스,,,교통좋고 전망좋은 풀옵션 착한월세의 인기오피스텔",https://www.zigbang.com/home/apt/items/49673025
2026-08-08 05:14:00,오피스텔,49673328,월세,01,대구시 동구 신천동,동구,신천동,200,40,0,44.52,13.47,7,㋹사진그대로 ㋹초대형OP ㋹햇살가득 ㋹뷰맛집,https://www.zigbang.com/home/apt/items/49673328
2026-08-08 05:14:00,오피스텔,49755395,월세,01,대구시 동구 신천동,동구,신천동,500,40,0,55.51,16.79,저,동대구역 바로앞 관리잘된 오피스텔 최저가 착한임대인 전입o,https://www.zigbang.com/home/apt/items/49755395
2026-08-08 05:14:00,오피스텔,49688614,월세,01,대구시 동구 신천동,동구,신천동,500,40,0,50.08,15.15,4,"테라스,,,단기세도 가능함, 풀옵션 구조예쁜 착한월세 오피",https://www.zigbang.com/home/apt/items/49688614
2026-08-08 05:14:00,오피스텔,49782010,전세,01,대구시 동구 신천동,동구,신천동,6700,0,0,54.75,16.56,고,"테라스,,,동대구환승센타 앞 넓은타입 귀한전세 오피스텔",https://www.zigbang.com/home/apt/items/49782010
2026-08-08 05:14:00,오피스텔,49966082,월세,01,경상북도 구미시 임수동,구미시,임수동,300,35,0,47.03,14.23,15,"주차편리,생활편리한붙박이장,인근e마트,동락공원",https://www.zigbang.com/home/apt/items/49966082
2026-08-08 05:14:00,오피스텔,49800763,월세,01,경상북도 구미시 임수동,구미시,임수동,200,37,0,47.03,14.23,6,"즈차편리,인근e마트,운동하기최적동락공원",https://www.zigbang.com/home/apt/items/49800763
2026-08-08 05:14:00,오피스텔,49965917,월세,01,경상북도 구미시 임수동,구미시,임수동,200,36,0,47.03,14.23,15,"탁트인뷰,주차편리,바로옆e마트로셍활편리",https://www.zigbang.com/home/apt/items/49965917
2026-08-08 05:14:00,오피스텔,49697692,매매,01,경상북도 구미시 임수동,구미시,임수동,6400,0,6400,47.03,14.23,19,"멋진낙동강과 동락공원뷰, 생활편리한구조",https://www.zigbang.com/home/apt/items/49697692
2026-08-08 05:15:30,오피스텔,49690680,월세,01,인천시 영종구 운서동,영종구,운서동,1000,80,0,112.39,34.0,5,인천공항공사 바로앞 국제업무단지 오피스,https://www.zigbang.com/home/apt/items/49690680
2026-08-08 05:15:30,오피스텔,49641613,월세,01,인천시 영종구 운서동,영종구,운서동,300,28,0,72.14,21.82,2,월드게이트  남향  무료셔틀버스 운행,https://www.zigbang.com/home/apt/items/49641613
2026-08-08 05:15:30,오피스텔,49807166,월세,01,인천시 영종구 운서동,영종구,운서동,300,25,0,50.16,15.17,11,무료셔틀버스 인천공항 및 화물터미널 운행,https://www.zigbang.com/home/apt/items/49807166
2026-08-08 05:15:30,오피스텔,49892082,월세,01,인천시 영종구 운서동,영종구,운서동,300,38,0,61.03,18.46,7,"전망좋음, 전입신고 가능, 리모델링방, 즉시입주",https://www.zigbang.com/home/apt/items/49892082
2026-08-08 05:15:31,오피스텔,49945555,월세,02,인천시 영종구 중산동,영종구,중산동,500,65,0,39.67,12.0,중,전입되는 남서향 바다뷰 신축 1.5,https://www.zigbang.com/home/apt/items/49945555
2026-08-08 05:15:31,오피스텔,49959518,월세,03,인천시 영종구 중산동,영종구,중산동,300,38,0,40.92,12.38,20,"복층형 원룸, 공간감 좋고 탁트인 시티뷰, 단기 가능",https://www.zigbang.com/home/apt/items/49959518
2026-08-08 05:15:31,오피스텔,49727937,월세,02,인천시 영종구 중산동,영종구,중산동,500,62,0,27,8.17,18,통창 신축 l 1.5룸 l 풀옵션 전입가능,https://www.zigbang.com/home/apt/items/49727937
2026-08-08 05:15:31,오피스텔,49959602,월세,02,인천시 영종구 중산동,영종구,중산동,500,60,0,57.97,17.54,10,"전입 신고 가능, 신축, 1.5룸, 주차 가능, 이사 협의",https://www.zigbang.com/home/apt/items/49959602
2026-08-08 05:15:31,오피스텔,49948538,월세,02,인천시 영종구 중산동,영종구,중산동,500,60,0,39.67,12.0,19,대각선 바다뷰 복층 신축 1.5 분리형 전입가능,https://www.zigbang.com/home/apt/items/49948538
2026-08-08 05:15:31,오피스텔,49986312,월세,04,인천시 영종구 중산동,영종구,중산동,1000,90,0,35,10.59,6,오션뷰 신축 . 투룸 . 전입가능 . 풀옵션,https://www.zigbang.com/home/apt/items/49986312
2026-08-08 05:15:31,오피스텔,49876718,전세,02,인천시 영종구 중산동,영종구,중산동,10500,0,0,57.94,17.53,19,"깔금한 내부상태, 1인가구, 직장인 추천",https://www.zigbang.com/home/apt/items/49876718
2026-08-08 05:15:31,오피스텔,49952596,월세,01,인천시 영종구 중산동,영종구,중산동,200,40,0,66.12,20.0,19,탁트인 남동향 바다뷰 단층,https://www.zigbang.com/home/apt/items/49952596
2026-08-08 05:15:31,오피스텔,49959606,월세,04,인천시 영종구 중산동,영종구,중산동,1000,75,0,54.04,16.35,17,"귀한 신축 투룸, 전입 불가, 빠른 입주, 남서향, 오션뷰",https://www.zigbang.com/home/apt/items/49959606
2026-08-08 05:16:26,오피스텔,49785473,월세,01,충청남도 당진시 수청동,당진시,수청동,185,64,0,61.11,18.49,고,"최대할인, 버스터미널 5분, 풀옵션",https://www.zigbang.com/home/apt/items/49785473
2026-08-08 05:16:26,오피스텔,49935469,월세,01,충청남도 당진시 수청동,당진시,수청동,50,73,0,61.11,18.49,9,"최대할인, 출장용 추천, 호텔식 풀옵션",https://www.zigbang.com/home/apt/items/49935469
2026-08-08 05:16:29,오피스텔,49886820,월세,03,충청남도 아산시 권곡동,아산시,권곡동,300,33,0,60,18.15,4,역전10분 깔끔한 복층 원룸 풀옵션 월세,https://www.zigbang.com/home/apt/items/49886820
2026-08-08 05:16:29,오피스텔,49712157,월세,03,충청남도 아산시 모종동,아산시,모종동,300,40,0,64.53,19.52,10,lll 그냥 엣지 아님 엄청 큰 엣지입니다.lll,https://www.zigbang.com/home/apt/items/49712157
2026-08-08 05:16:29,오피스텔,49807125,월세,01,충청남도 아산시 온천동,아산시,온천동,300,34,0,60,18.15,4,온양온천역5분 첫입주 오피 넓은 원룸 풀옵션 월세,https://www.zigbang.com/home/apt/items/49807125
2026-08-08 05:16:29,오피스텔,49871382,월세,02,충청남도 아산시 온천동,아산시,온천동,100,30,0,60,18.15,고,온양온천역5분 넓은 원룸 풀옵션 월세  단기 0,https://www.zigbang.com/home/apt/items/49871382
2026-08-08 05:16:29,오피스텔,49196713,월세,03,충청남도 아산시 권곡동,아산시,권곡동,300,28,0,40,12.1,1,lll 복층형 오피스텔 최저가 보장 llll,https://www.zigbang.com/home/apt/items/49196713
2026-08-08 05:16:29,오피스텔,49683408,월세,03,충청남도 아산시 모종동,아산시,모종동,500,32,0,57.06,17.26,11,원룸보다 2배 정도 큰 복층형 입니다.,https://www.zigbang.com/home/apt/items/49683408
2026-08-08 05:16:29,오피스텔,49712833,월세,03,충청남도 아산시 권곡동,아산시,권곡동,300,33,0,59.5,18.0,4,lll 권곡동 복층 원룸 오피스텔llll,https://www.zigbang.com/home/apt/items/49712833
2026-08-08 05:16:29,오피스텔,49486326,월세,03,충청남도 아산시 권곡동,아산시,권곡동,300,28,0,60,18.15,1,역전10분 깔끔한 복층 원룸 풀옵션 월세,https://www.zigbang.com/home/apt/items/49486326
2026-08-08 05:16:29,오피스텔,49949671,전세,03,충청남도 아산시 모종동,아산시,모종동,5000,0,0,55.72,16.86,고,"아산터미널 옆에 위치한  복층원룸
조용하고, 경치좋음",https://www.zigbang.com/home/apt/items/49949671
2026-08-08 05:16:29,오피스텔,49940607,월세,02,충청남도 아산시 배방읍 북수리,아산시,배방읍,1000,46,0,36.37,11.0,5,"북수리 유일 오피스텔,큰길,완벽주차,풀옵션",https://www.zigbang.com/home/apt/items/49940607
2026-08-08 05:16:29,오피스텔,49708592,월세,02,충청남도 아산시 배방읍 북수리,아산시,배방읍,1000,46,0,36.37,11.0,5,"북수리 유일 오피스텔,큰길,완벽주차,풀옵션",https://www.zigbang.com/home/apt/items/49708592
2026-08-08 05:16:29,오피스텔,49978652,월세,01,충청남도 아산시 온천동,아산시,온천동,300,34,0,32.13,9.72,5,아산 갤러리휴리움,https://www.zigbang.com/home/apt/items/49978652
2026-08-08 05:16:29,오피스텔,49712828,월세,01,충청남도 아산시 온천동,아산시,온천동,300,35,0,33.06,10.0,저,llll 역도보가능.최신축.도시형생활주택 llll,https://www.zigbang.com/home/apt/items/49712828
2026-08-08 05:16:29,오피스텔,49767590,월세,01,충청남도 아산시 온천동,아산시,온천동,300,35,0,34,10.28,4,온양온천 전철역세 권 원룸,https://www.zigbang.com/home/apt/items/49767590
2026-08-08 05:16:29,오피스텔,49886236,월세,01,충청남도 아산시 온천동,아산시,온천동,300,34,0,32.13,9.72,9,아산 갤러리휴리움,https://www.zigbang.com/home/apt/items/49886236
2026-08-08 05:16:29,오피스텔,49981792,월세,02,충청남도 아산시 온천동,아산시,온천동,500,45,0,45.82,13.86,고,"온양온천 전철역 , 철도역과  도보 5분거리 오피스텔",https://www.zigbang.com/home/apt/items/49981792
2026-08-08 05:16:29,오피스텔,49886271,월세,01,충청남도 아산시 온천동,아산시,온천동,300,36,0,36.69,11.1,저,아산 갤러리휴리움,https://www.zigbang.com/home/apt/items/49886271
2026-08-08 05:16:29,오피스텔,49885726,월세,01,충청남도 아산시 온천동,아산시,온천동,300,37,0,36.69,11.1,6,아산 갤러리휴리움,https://www.zigbang.com/home/apt/items/49885726
2026-08-08 05:16:29,오피스텔,49486311,월세,01,충청남도 아산시 온천동,아산시,온천동,300,35,0,33.06,10.0,7,온양온천역7분 신축 오피스텔 원룸 풀옵션 월세 반려동물0,https://www.zigbang.com/home/apt/items/49486311
2026-08-08 05:16:29,오피스텔,49723027,월세,01,충청남도 아산시 온천동,아산시,온천동,300,34,0,32.13,9.72,중,아산 갤러리휴리움,https://www.zigbang.com/home/apt/items/49723027
2026-08-08 05:16:29,오피스텔,49981791,월세,04,충청남도 아산시 온천동,아산시,온천동,500,60,0,75.63,22.88,중,"공실, 투룸형 .  풀옵션.",https://www.zigbang.com/home/apt/items/49981791
2026-08-08 05:16:30,오피스텔,49954602,월세,05,충청남도 천안시 동남구 청당동,천안시 동남구,청당동,1000,75,0,68,20.57,고,"올리모델링 쓰리룸 방 3개, 화장실 2개",https://www.zigbang.com/home/apt/items/49954602
2026-08-08 05:16:30,오피스텔,49954586,월세,04,충청남도 천안시 동남구 청당동,천안시 동남구,청당동,1000,70,0,68,20.57,4,"화이트 리모델링 쓰리룸 방 3개, 화장실 2개",https://www.zigbang.com/home/apt/items/49954586
2026-08-08 05:16:30,오피스텔,49896281,전세,05,충청남도 천안시 동남구 청당동,천안시 동남구,청당동,10000,0,0,72,21.78,4,방3개 화장실2개 청당초옆 빌라형,https://www.zigbang.com/home/apt/items/49896281
2026-08-08 05:16:30,오피스텔,49894362,월세,05,충청남도 천안시 동남구 청당동,천안시 동남구,청당동,1000,75,0,72,21.78,5,이번에올수리함 즉시입주가능 청당초옆에이디빌 방3화2,https://www.zigbang.com/home/apt/items/49894362
2026-08-08 05:16:30,오피스텔,49861692,월세,04,충청남도 천안시 서북구 불당동,천안시 서북구,불당동,2000,130,0,114.2,34.55,중,"테라스넓은 투룸,공실,즉시입주,업무용,부가세 별도,남향",https://www.zigbang.com/home/apt/items/49861692
2026-08-08 05:16:30,오피스텔,49929888,월세,03,충청남도 천안시 서북구 불당동,천안시 서북구,불당동,500,60,0,58.41,17.67,저,"시청맞은편 복층형원룸,신축오피,옵션다양,인프라굿,치안굿",https://www.zigbang.com/home/apt/items/49929888
2026-08-08 05:16:30,오피스텔,49367778,월세,04,충청남도 천안시 서북구 불당동,천안시 서북구,불당동,2000,110,0,115.9,35.06,중,동향 시청뷰 파크뷰 투룸.귀한호실,https://www.zigbang.com/home/apt/items/49367778
2026-08-08 05:16:30,오피스텔,49745646,월세,02,충청남도 천안시 서북구 불당동,천안시 서북구,불당동,500,80,0,79.88,24.16,중,"시청맞은편,최고인프라, 인기타입,넓은투베이,풀옵션,테라스",https://www.zigbang.com/home/apt/items/49745646
2026-08-08 05:16:30,오피스텔,49978382,월세,02,충청남도 천안시 서북구 불당동,천안시 서북구,불당동,500,80,0,85.64,25.91,중,"모나크중 가장큰투베이,옵션굿,위치최상, 옵션굿",https://www.zigbang.com/home/apt/items/49978382
2026-08-08 05:16:30,오피스텔,49849700,전세,05,충청남도 천안시 서북구 불당동,천안시 서북구,불당동,30000,0,0,181.25,54.83,저,라드니체 84타입 쓰리룸 전세. 보증보험ok 전세대출ok,https://www.zigbang.com/home/apt/items/49849700
2026-08-08 05:16:30,오피스텔,49970373,전세,02,충청남도 천안시 서북구 불당동,천안시 서북구,불당동,16000,0,0,79.88,24.16,고,"전세대출 보증보험가능,최고인프라,넓은투베이,옵션풍부",https://www.zigbang.com/home/apt/items/49970373
2026-08-08 05:16:30,오피스텔,49850417,월세,01,충청남도 천안시 서북구 불당동,천안시 서북구,불당동,500,65,0,60.96,18.44,중,라드니체 큰원룸. 귀한 주거용.전입신고가능.선점필수,https://www.zigbang.com/home/apt/items/49850417
2026-08-08 05:16:30,오피스텔,49960761,전세,02,충청남도 천안시 서북구 불당동,천안시 서북구,불당동,17000,0,0,79.88,24.16,고,"주거용,보증보험,전세대출가능,테라스고층뻥뷰,인기타입,옵션굿",https://www.zigbang.com/home/apt/items/49960761
2026-08-08 05:16:30,오피스텔,49909997,월세,04,충청남도 천안시 서북구 불당동,천안시 서북구,불당동,2000,110,0,129.39,39.14,고,"시청맞은편,인프라최상,스타일러등 럭셔리한풀옵션,넓은투룸",https://www.zigbang.com/home/apt/items/49909997
2026-08-08 05:16:30,오피스텔,49967206,월세,04,충청남도 천안시 서북구 백석동,천안시 서북구,백석동,7000,10,0,70.21,21.24,7,빠른입주 버팀목 보증금대출 보증보험 투룸 풀옵션,https://www.zigbang.com/home/apt/items/49967206
2026-08-08 05:16:30,오피스텔,49741343,월세,02,충청남도 천안시 서북구 불당동,천안시 서북구,불당동,700,75,0,79.88,24.16,중,"즉시입주, 테라스 있는 타입, 선호도 높은 구조, 강력추천",https://www.zigbang.com/home/apt/items/49741343
2026-08-08 05:16:30,오피스텔,49855980,월세,02,충청남도 천안시 서북구 불당동,천안시 서북구,불당동,1000,80,0,78.29,23.68,중,"신축,1.5룸,큰 투베이,드레스룸,베란다있는 럭셔리오피스텔",https://www.zigbang.com/home/apt/items/49855980
2026-08-08 05:16:30,오피스텔,49963883,월세,05,충청남도 천안시 서북구 불당동,천안시 서북구,불당동,2000,120,0,159.48,48.24,11,신불당 아파텔 쓰리룸구조 귀한 월세.파크푸르지오,https://www.zigbang.com/home/apt/items/49963883
2026-08-08 05:16:30,오피스텔,49809104,월세,01,충청남도 천안시 서북구 불당동,천안시 서북구,불당동,700,75,0,79.88,24.16,중,"인기타입,시청공원뷰,테라스있는 넓은투베이,인프라최상,옵션굿",https://www.zigbang.com/home/apt/items/49809104
2026-08-08 05:16:32,오피스텔,49886077,월세,01,경기도 평택시 포승읍 만호리,평택시,포승읍,100,33,0,40,12.1,중,"단기 가능,  취사가능 주소이전가능",https://www.zigbang.com/home/apt/items/49886077
2026-08-08 05:16:32,오피스텔,49828217,월세,02,경기도 평택시 포승읍 만호리,평택시,포승읍,300,37,0,39.67,12.0,고,침대 있는  방,https://www.zigbang.com/home/apt/items/49828217
2026-08-08 05:16:32,오피스텔,49952269,월세,02,경기도 평택시 포승읍 만호리,평택시,포승읍,300,38,0,45,13.61,저,깨끗한 저렴한 방,https://www.zigbang.com/home/apt/items/49952269
2026-08-08 05:16:32,오피스텔,49906122,월세,02,경기도 평택시 포승읍 만호리,평택시,포승읍,4000,10,0,42,12.7,고,ㅣ실사진 I 무융자 l 풀옵션ㅣ,https://www.zigbang.com/home/apt/items/49906122
2026-08-08 05:16:32,오피스텔,49904947,월세,05,경기도 평택시 포승읍 만호리,평택시,포승읍,500,80,0,127.58,38.59,17,"3룸 복층 화장실3개 제일 큰 방, 주소이전 안됨",https://www.zigbang.com/home/apt/items/49904947
2026-08-08 05:16:32,오피스텔,49950008,월세,01,경기도 평택시 포승읍 만호리,평택시,포승읍,200,40,0,32.98,9.98,4,스마트빌 3차 원룸,https://www.zigbang.com/home/apt/items/49950008
2026-08-08 05:16:32,오피스텔,49976982,월세,04,경기도 평택시 포승읍 도곡리,평택시,포승읍,300,55,0,79.06,23.92,14,포승 주거지의 랜드마크 ㄴ스마트빌포레ㄱ,https://www.zigbang.com/home/apt/items/49976982
2026-08-08 05:16:32,오피스텔,49951618,월세,02,경기도 평택시 포승읍 만호리,평택시,포승읍,200,39,0,39.66,12.0,9,도시형 생활주택 1.5룸형,https://www.zigbang.com/home/apt/items/49951618
2026-08-08 05:16:32,오피스텔,49828094,월세,02,경기도 평택시 포승읍 만호리,평택시,포승읍,300,40,0,48.4,14.64,4,"테라스가 넓은 원룸,주소이전 안됨 그외의 다량의 물건 보유",https://www.zigbang.com/home/apt/items/49828094
2026-08-08 05:16:32,오피스텔,49843027,월세,02,경기도 평택시 포승읍 만호리,평택시,포승읍,300,38,0,39.66,12.0,중,전망 좋은 방,https://www.zigbang.com/home/apt/items/49843027
2026-08-08 05:16:32,오피스텔,49828282,월세,01,경기도 평택시 포승읍 도곡리,평택시,포승읍,5100,10,0,36.73,11.11,중,ll 반환보증보험 ll 준신축급 ll 풀옵션 ll,https://www.zigbang.com/home/apt/items/49828282
2026-08-08 05:16:32,오피스텔,49977124,월세,02,경기도 평택시 포승읍 만호리,평택시,포승읍,200,40,0,30.64,9.27,11,스마트빌 1차,https://www.zigbang.com/home/apt/items/49977124
2026-08-08 05:16:32,오피스텔,49930352,월세,04,경기도 평택시 포승읍 만호리,평택시,포승읍,500,57,0,89.39,27.04,14,"투룸구조의 남향 방2개 거실1개 화장실2개,주소이전 안됨",https://www.zigbang.com/home/apt/items/49930352
2026-08-08 05:16:34,오피스텔,49910819,월세,04,경기도 화성시 만세구 향남읍 상신리,화성시 만세구,향남읍,2000,100,0,70,21.17,중,오피스텔.전입가능.단기 투룸.시스템에어컨O.,https://www.zigbang.com/home/apt/items/49910819
2026-08-08 05:16:34,오피스텔,49892198,월세,01,경기도 화성시 만세구 향남읍 하길리,화성시 만세구,향남읍,500,50,0,33.14,10.02,고,"O비전호텔리아O, 롯시데시네마인근 인프라최고, 개방감최고",https://www.zigbang.com/home/apt/items/49892198
2026-08-08 05:16:34,오피스텔,49843596,월세,04,경기도 화성시 만세구 향남읍 상신리,화성시 만세구,향남읍,2000,100,0,69,20.87,6,"신축급수아주, 풀옵션,보증금조정, 전입신고OK,화장실2개",https://www.zigbang.com/home/apt/items/49843596
2026-08-08 05:16:34,오피스텔,49910801,월세,01,경기도 화성시 만세구 향남읍 하길리,화성시 만세구,향남읍,500,50,0,49.42,14.95,고,중심상가내.넓은 원룸구조.생활형숙박시설. 테라스O.전입X,https://www.zigbang.com/home/apt/items/49910801
2026-08-08 05:16:34,오피스텔,49937868,월세,04,경기도 화성시 만세구 향남읍 상신리,화성시 만세구,향남읍,1000,100,0,107.94,32.65,3,"2룸 풀옵션 오피스텔, 최고급 깔끔한 통창, 이사협E가능",https://www.zigbang.com/home/apt/items/49937868
2026-08-08 05:16:34,오피스텔,49971056,월세,01,경기도 화성시 만세구 남양읍 남양리,화성시 만세구,남양읍,300,50,0,39.67,12.0,2,방 넓어 침대 쇼파가능  수납공간 많음 세금계산서  발행가,https://www.zigbang.com/home/apt/items/49971056
2026-08-08 05:16:34,오피스텔,49923800,월세,02,경기도 화성시 만세구 남양읍 남양리,화성시 만세구,남양읍,1000,60,0,42.98,13.0,고,컨디션 좋은  주방 분리형   수납공간 많음 주차 아주편리,https://www.zigbang.com/home/apt/items/49923800
2026-08-08 05:16:34,오피스텔,49803639,월세,02,경기도 화성시 만세구 남양읍 남양리,화성시 만세구,남양읍,120,65,0,51.6,15.61,11,단기임대  화성시청앞 신축 오피스텔 1.5룸,https://www.zigbang.com/home/apt/items/49803639
2026-08-08 05:16:34,오피스텔,49964415,월세,02,경기도 화성시 만세구 남양읍 남양리,화성시 만세구,남양읍,500,50,0,39.67,12.0,5,주방 분리형  수납공간 많음  채광좋으며 버스정류장 가까움,https://www.zigbang.com/home/apt/items/49964415
2026-08-08 05:16:34,오피스텔,49923774,전세,01,경기도 화성시 만세구 남양읍 남양리,화성시 만세구,남양읍,5500,0,0,33.06,10.0,4,관리비 저렴하며  주변 편의시설 이용 편리 대출 없음,https://www.zigbang.com/home/apt/items/49923774
2026-08-08 05:16:34,오피스텔,49889797,월세,01,경기도 화성시 만세구 남양읍 남양리,화성시 만세구,남양읍,500,40,0,39.67,12.0,2,수납공간 좋으며 조용하며 주차편리  버스정류장등 가까움,https://www.zigbang.com/home/apt/items/49889797
2026-08-08 05:16:34,오피스텔,49934995,월세,02,경기도 화성시 만세구 남양읍 남양리,화성시 만세구,남양읍,120,65,0,51.6,15.61,고,"화성시청 사거리 풀옵션 신축, 전입 가능",https://www.zigbang.com/home/apt/items/49934995
2026-08-08 05:16:35,오피스텔,49986477,월세,02,경기도 평택시 합정동,평택시,합정동,300,60,0,77.22,23.36,중,"9월입주 평택역 주차왕,수납왕,분리형 풀옵션 월세 BT1차",https://www.zigbang.com/home/apt/items/49986477
2026-08-08 05:16:35,오피스텔,49783691,전세,03,경기도 평택시 합정동,평택시,합정동,9900,0,0,84.64,25.6,중,o온유안1차 복층 전세 o주차 편리 o평택역 인근,https://www.zigbang.com/home/apt/items/49783691
2026-08-08 05:16:35,오피스텔,49732103,월세,03,경기도 평택시 합정동,평택시,합정동,500,60,0,84.64,25.6,중,o남향 복층 큰방o주차편리 o넉넉한 수납 o화이트인테리어,https://www.zigbang.com/home/apt/items/49732103
2026-08-08 05:16:35,오피스텔,49986486,월세,03,경기도 평택시 합정동,평택시,합정동,300,65,0,84.64,25.6,중,"9월입주 평택역 주차왕,수납왕,남향,복층다락 풀옵션 월세",https://www.zigbang.com/home/apt/items/49986486
2026-08-08 05:16:35,오피스텔,49986546,전세,02,경기도 평택시 합정동,평택시,합정동,4700,0,0,29.22,8.84,고,"LH , GH 가능 9월입주 평택역 풀옵션 분리형원룸 전세",https://www.zigbang.com/home/apt/items/49986546
2026-08-08 05:16:35,오피스텔,49730534,월세,01,경기도 평택시 합정동,평택시,합정동,2000,75,0,122.87,37.17,고,ㅁF1RSTㅁ펜.트.하.우.스 FEELㅁ온유안 유일한 집ㅁ,https://www.zigbang.com/home/apt/items/49730534
2026-08-08 05:16:35,오피스텔,49986430,월세,01,경기도 평택시 합정동,평택시,합정동,500,55,0,64.77,19.59,고,"10월입주 평택역 주차왕,수납왕 서향 풀옵션 월세 BT1차",https://www.zigbang.com/home/apt/items/49986430
2026-08-08 05:16:35,오피스텔,49984775,월세,01,경기도 평택시 합정동,평택시,합정동,500,55,0,64.75,19.59,20,ㅁFIRSTㅁ평택역핵심생활권ㅁ주차만족도우수ㅁ프리미엄풀옵션ㅁ,https://www.zigbang.com/home/apt/items/49984775
2026-08-08 05:16:35,오피스텔,49953570,전세,01,경기도 평택시 평택동,평택시,평택동,8000,0,0,31.52,9.53,고,전세 평택경찰서앞 준신축급 원룸 엘베ㅣ8월30일후입주,https://www.zigbang.com/home/apt/items/49953570
2026-08-08 05:16:35,오피스텔,49730638,월세,01,경기도 평택시 합정동,평택시,합정동,2000,75,0,122.87,37.17,고,ㅁF1RSTㅁ펜.트.하.우.스FEELㅁ온유안유일한공간ㅁ,https://www.zigbang.com/home/apt/items/49730638
2026-08-08 05:16:35,오피스텔,49986538,전세,02,경기도 평택시 합정동,평택시,합정동,4700,0,0,29.22,8.84,고,"LH , GH 가능 9월입주 평택역 풀옵션 분리형원룸 전세",https://www.zigbang.com/home/apt/items/49986538
2026-08-08 05:16:35,오피스텔,49807912,월세,01,경기도 평택시 합정동,평택시,합정동,2000,75,0,122.87,37.17,고,o온1차 1개밖에 없는 제일 큰 방 o주차편리 o평택역인근,https://www.zigbang.com/home/apt/items/49807912
2026-08-08 05:16:35,오피스텔,49984782,월세,01,경기도 평택시 합정동,평택시,합정동,500,55,0,64.75,19.59,고,FIRSTㅁ평택역핵심ㅁ주차만족도최상ㅁ프리미엄풀옵션ㅁ실속형,https://www.zigbang.com/home/apt/items/49984782
2026-08-08 05:16:35,오피스텔,49986458,월세,01,경기도 평택시 합정동,평택시,합정동,300,65,0,75.59,22.87,고,8월입주 빠른입주 평택역 주차왕 높은층 드레스룸풀옵션월세,https://www.zigbang.com/home/apt/items/49986458
2026-08-08 05:16:36,오피스텔,49706192,월세,03,경기도 화성시 만세구 향남읍 행정리,화성시 만세구,향남읍,500,48,0,36.36,11.0,2,감성있는 복층 원룸 오피스텔. 1지구 유일,https://www.zigbang.com/home/apt/items/49706192
2026-08-08 05:16:36,오피스텔,49948747,월세,03,경기도 화성시 만세구 향남읍 행정리,화성시 만세구,향남읍,500,48,0,26.45,8.0,중,"인프라최고 1지구 고급오피, 복층구조 빠른이사",https://www.zigbang.com/home/apt/items/49948747
2026-08-08 05:16:36,오피스텔,49919894,월세,03,경기도 안성시 신소현동,안성시,신소현동,1000,63,0,41.26,12.48,12,ꔚ9.28이후입주가능ꔚ신축원룸복층ꔚ도시형생활주택ꔚ,https://www.zigbang.com/home/apt/items/49919894
2026-08-08 05:16:37,오피스텔,49891126,월세,03,경기도 용인시 기흥구 서천동,용인시 기흥구,서천동,200,65,0,46.84,14.17,고,"풀옵션 복층원룸, 삼성DSR, 기흥테라타워, 경희대 도보권",https://www.zigbang.com/home/apt/items/49891126
2026-08-08 05:16:37,오피스텔,49946164,월세,01,경기도 수원시 영통구 영통동,수원시 영통구,영통동,1000,77,0,63.25,19.13,고,전입가능 영통역 경희대 도보10분,https://www.zigbang.com/home/apt/items/49946164
2026-08-08 05:16:37,오피스텔,49983319,월세,03,경기도 수원시 영통구 영통동,수원시 영통구,영통동,500,50,0,34,10.28,6,영통역 도보5분 경희대 도보15분,https://www.zigbang.com/home/apt/items/49983319
2026-08-08 05:16:37,오피스텔,49827481,매매,03,경기도 용인시 기흥구 서천동,용인시 기흥구,서천동,12000,0,12000,43.7,13.22,7,"경희대, 삼성반도체 임대수요 안정정인 수익형 매물",https://www.zigbang.com/home/apt/items/49827481
2026-08-08 05:16:37,오피스텔,49827024,월세,03,경기도 용인시 기흥구 서천동,용인시 기흥구,서천동,500,60,0,40.21,12.16,3,"복층형, 경희대 , 기흥테라타워, 삼성기흥반도체 도보가능",https://www.zigbang.com/home/apt/items/49827024
2026-08-08 05:16:37,오피스텔,49976204,월세,01,경기도 용인시 기흥구 서천동,용인시 기흥구,서천동,500,60,0,40.31,12.19,2,신축 복층 생활형 숙박시설. 블라인드 설치완료.,https://www.zigbang.com/home/apt/items/49976204
2026-08-08 05:16:37,오피스텔,49882822,월세,01,경기도 용인시 기흥구 서천동,용인시 기흥구,서천동,500,60,0,40.31,12.19,4,복층 생활형숙박시설.높은 층고로 개방감 좋음.전입신고 안됨,https://www.zigbang.com/home/apt/items/49882822
2026-08-08 05:16:37,오피스텔,49689257,매매,03,경기도 용인시 기흥구 서천동,용인시 기흥구,서천동,11000,0,11000,46.84,14.17,7,"안정적 수익형,복층원룸, 경희대, 삼성DSR 근접",https://www.zigbang.com/home/apt/items/49689257
2026-08-08 05:16:37,오피스텔,49827637,월세,03,경기도 용인시 기흥구 서천동,용인시 기흥구,서천동,100,65,0,43.7,13.22,6,"신축 풀옵션, 기흥 테라타워, 삼성전자, 경희대 근접",https://www.zigbang.com/home/apt/items/49827637
2026-08-08 05:16:37,오피스텔,49823546,월세,01,경기도 수원시 영통구 영통동,수원시 영통구,영통동,500,40,0,30.33,9.17,고,영통역 도보5분 경희대 도보15분,https://www.zigbang.com/home/apt/items/49823546
2026-08-08 05:16:38,오피스텔,49833099,월세,01,경기도 화성시 동탄구 송동,화성시 동탄구,송동,500,70,0,44,13.31,중,원룸  풀옵션 전입불가 개인가능,https://www.zigbang.com/home/apt/items/49833099
2026-08-08 05:16:38,오피스텔,49737684,전세,05,경기도 화성시 동탄구 송동,화성시 동탄구,송동,43000,0,0,150,45.37,20,호수뻥뷰 신축 3룸 에4 전입가능 융무,https://www.zigbang.com/home/apt/items/49737684
2026-08-08 05:16:38,오피스텔,49951141,월세,02,경기도 화성시 동탄구 송동,화성시 동탄구,송동,2000,100,0,68,20.57,중,신축 호수뷰 1.5룸 전입불가 사업자 환영 개인가능,https://www.zigbang.com/home/apt/items/49951141
2026-08-08 05:16:38,오피스텔,49833080,전세,05,경기도 화성시 동탄구 송동,화성시 동탄구,송동,42000,0,0,144,43.56,고,"호수뷰 , 전입가능 ,풀옵션 ,대출 가능 ,융무",https://www.zigbang.com/home/apt/items/49833080
2026-08-08 05:16:38,오피스텔,49833075,전세,04,경기도 화성시 동탄구 송동,화성시 동탄구,송동,41000,0,0,144,43.56,중,호수뻥뷰 3룸 귀한전세 융무 보증보험 가능,https://www.zigbang.com/home/apt/items/49833075
2026-08-08 05:16:38,오피스텔,49690366,월세,02,경기도 화성시 동탄구 송동,화성시 동탄구,송동,2000,100,0,79.13,23.94,고,부가세 별도1.5룸 탑층 호수공원 뷰 풀옵션 전속물건,https://www.zigbang.com/home/apt/items/49690366
2026-08-08 05:16:38,오피스텔,49833570,전세,05,경기도 화성시 동탄구 송동,화성시 동탄구,송동,41000,0,0,197.04,59.6,중,v융무v확트인호수뷰v전입가능v보증보험가능,https://www.zigbang.com/home/apt/items/49833570
2026-08-08 05:16:38,오피스텔,49736319,월세,01,경기도 화성시 동탄구 송동,화성시 동탄구,송동,500,70,0,51.09,15.45,중,v전입xv원룸 풀옵션v사업자,https://www.zigbang.com/home/apt/items/49736319
2026-08-08 05:16:38,오피스텔,49811028,전세,05,경기도 화성시 동탄구 송동,화성시 동탄구,송동,45000,0,0,192.8,58.32,중,v융무v전입가능v뻥뷰인호수뷰v보증보험가능,https://www.zigbang.com/home/apt/items/49811028
2026-08-08 05:16:38,오피스텔,49837943,전세,01,경기도 화성시 동탄구 송동,화성시 동탄구,송동,24000,0,0,68,20.57,고,"신축,남향,풀옵션,융무,전입가능 대출가능",https://www.zigbang.com/home/apt/items/49837943
2026-08-08 05:16:38,오피스텔,49979777,월세,01,경기도 화성시 동탄구 송동,화성시 동탄구,송동,500,70,0,44,13.31,중,신축 원룸 풀옵션 남향 전입불가 사업자 환영,https://www.zigbang.com/home/apt/items/49979777
2026-08-08 05:16:38,오피스텔,49691670,월세,02,경기도 화성시 동탄구 송동,화성시 동탄구,송동,2000,100,0,79.13,23.94,34,v뻥뷰v확트인호수뷰v전입xv1.5룸풀옵션,https://www.zigbang.com/home/apt/items/49691670
2026-08-08 05:16:38,오피스텔,49833091,전세,05,경기도 화성시 동탄구 송동,화성시 동탄구,송동,45000,0,0,168,50.82,중,최고의호수공원뷰 빠른입주 융소 보증보험 가능 인테리어된호실,https://www.zigbang.com/home/apt/items/49833091
2026-08-08 05:16:38,오피스텔,49840506,매매,01,경기도 용인시 처인구 김량장동,용인시 처인구,김량장동,6600,0,6600,33.05,10.0,3,용인터미널옆 에스원스마트빌 오피스텔주차불가,https://www.zigbang.com/home/apt/items/49840506
2026-08-08 05:16:38,오피스텔,49840559,매매,01,경기도 용인시 처인구 김량장동,용인시 처인구,김량장동,6400,0,6400,36.36,11.0,4,"용인터미널옆 오피스텔용인대,명지대,송담대 근처",https://www.zigbang.com/home/apt/items/49840559
2026-08-08 05:16:38,오피스텔,49840487,매매,01,경기도 용인시 처인구 김량장동,용인시 처인구,김량장동,8900,0,8900,33.06,10.0,3,용인터미널 신축오피스텔형 원룸,https://www.zigbang.com/home/apt/items/49840487
2026-08-08 05:16:38,오피스텔,49766135,월세,01,경기도 용인시 처인구 김량장동,용인시 처인구,김량장동,2000,40,0,34.45,10.42,3,"용인터미널 건너편, 주거용오피스텔.",https://www.zigbang.com/home/apt/items/49766135
2026-08-08 05:16:38,오피스텔,49919795,월세,04,경기도 용인시 처인구 김량장동,용인시 처인구,김량장동,9700,10,0,68.9,20.84,고,"용인터미널건너편,투룸형주거용오피스텔,급매물.",https://www.zigbang.com/home/apt/items/49919795
2026-08-08 05:16:38,오피스텔,49766167,월세,04,경기도 용인시 처인구 김량장동,용인시 처인구,김량장동,2000,80,0,68.9,20.84,14,용인터미널 맞은편에 위치한 투룸형주거용오피스텔 .,https://www.zigbang.com/home/apt/items/49766167
2026-08-08 05:16:39,오피스텔,49878102,월세,01,세종시 세종 조치원읍 남리,,조치원읍,200,30,0,23.14,7.0,중,준신축 햇살가득한 방 풀셋팅,https://www.zigbang.com/home/apt/items/49878102
2026-08-08 05:16:39,오피스텔,49754775,월세,01,세종시 세종 조치원읍 상리,,조치원읍,300,37,0,26.45,8.0,8,햇살가득 풀옵션   원룸,https://www.zigbang.com/home/apt/items/49754775
2026-08-08 05:16:39,오피스텔,49754550,월세,01,세종시 세종 조치원읍 상리,,조치원읍,200,32,0,24,7.26,고,"오피스텔형 원룸 , 풀셋팅",https://www.zigbang.com/home/apt/items/49754550
2026-08-08 05:16:39,오피스텔,49954995,월세,01,세종시 세종 조치원읍 원리,,조치원읍,100,30,0,21,6.35,2,깔끔옵션v 조치원역에서 3분거리v 즉시입주,https://www.zigbang.com/home/apt/items/49954995
2026-08-08 05:16:38,오피스텔,49786327,월세,01,경기도 용인시 기흥구 중동,용인시 기흥구,중동,1500,50,0,29.75,9.0,3,초당역앞 풀옵션 오피스텔,https://www.zigbang.com/home/apt/items/49786327
2026-08-08 05:16:38,오피스텔,49786283,월세,01,경기도 용인시 기흥구 중동,용인시 기흥구,중동,2500,45,0,29.75,9.0,8,초당역앞 풀옵션 오피스텔 임대,https://www.zigbang.com/home/apt/items/49786283
2026-08-08 05:16:38,오피스텔,49854830,월세,01,경기도 용인시 기흥구 중동,용인시 기흥구,중동,2000,47,0,22.27,6.74,고,전입ok 확정일자ok 채광 좋은 남서향,https://www.zigbang.com/home/apt/items/49854830
2026-08-08 05:16:40,오피스텔,49929783,월세,04,충청북도 청주시 청원구 오창읍 양청리,청주시 청원구,오창읍,500,70,0,68,20.57,중,ll 실속형 ll 신축오피스텔투룸 ll,https://www.zigbang.com/home/apt/items/49929783
2026-08-08 05:16:40,오피스텔,49938506,월세,01,충청북도 청주시 청원구 오창읍 양청리,청주시 청원구,오창읍,300,50,0,44,13.31,7,ll 부가세별도 ll A타입 ll 호수뷰 ll,https://www.zigbang.com/home/apt/items/49938506
2026-08-08 05:16:40,오피스텔,49882939,월세,01,충청북도 청주시 청원구 오창읍 양청리,청주시 청원구,오창읍,300,50,0,44,13.31,저,ll  부가세없음 ll 오피스형원룸 ll,https://www.zigbang.com/home/apt/items/49882939
2026-08-08 05:16:40,오피스텔,49829882,월세,01,충청북도 청주시 청원구 오창읍 양청리,청주시 청원구,오창읍,300,50,0,44,13.31,저,ll 터미널인근 ll 신축남동향 ll,https://www.zigbang.com/home/apt/items/49829882
2026-08-08 05:16:40,오피스텔,49915853,월세,01,충청북도 청주시 서원구 개신동,청주시 서원구,개신동,300,45,0,34.57,10.46,고,홈플러스 부근 오피스텔 방이 크고 베란다와 넉넉한 수납장,https://www.zigbang.com/home/apt/items/49915853
2026-08-08 05:16:40,오피스텔,49974565,월세,04,충청북도 청주시 흥덕구 봉명동,청주시 흥덕구,봉명동,1000,80,0,73.02,22.09,14,"즉시입주가능함,정남향,블라인드,건조기,전자레인지있음.",https://www.zigbang.com/home/apt/items/49974565
2026-08-08 05:16:40,오피스텔,49948995,전세,01,충청북도 청주시 서원구 사창동,청주시 서원구,사창동,3000,0,0,60.72,18.37,고,융자없음  내부상태 양호  빠른입주가능 로얄층 사창사거리,https://www.zigbang.com/home/apt/items/49948995
2026-08-08 05:16:40,오피스텔,49949126,월세,04,충청북도 청주시 서원구 사창동,청주시 서원구,사창동,2000,65,0,85.15,25.76,중,에덴투룸  내부상태양호 교통편리 편의시설으뜸,https://www.zigbang.com/home/apt/items/49949126
2026-08-08 05:16:40,오피스텔,49816696,매매,04,충청북도 청주시 흥덕구 봉명동,청주시 흥덕구,봉명동,13000,0,13000,87.76,26.55,20,"급매,,2026년2월20일 전세 만기임",https://www.zigbang.com/home/apt/items/49816696
2026-08-08 05:16:40,오피스텔,49866005,매매,04,충청북도 청주시 흥덕구 봉명동,청주시 흥덕구,봉명동,13800,0,13800,73.02,22.09,19,"급급매..투룸,고층,정남향",https://www.zigbang.com/home/apt/items/49866005
2026-08-08 05:16:40,오피스텔,49875134,매매,05,충청북도 청주시 흥덕구 송절동,청주시 흥덕구,송절동,33800,0,33800,113.58,34.36,27,마이너스6000만 에어컨2,https://www.zigbang.com/home/apt/items/49875134
2026-08-08 05:16:41,오피스텔,49965814,월세,01,충청북도 청주시 청원구 오창읍 송대리,청주시 청원구,오창읍,200,45,0,26.45,8.0,고,ll 고층뻥뷰 ll 즉시입주 ll,https://www.zigbang.com/home/apt/items/49965814
2026-08-08 05:16:41,오피스텔,49980916,월세,01,충청북도 청주시 청원구 오창읍 송대리,청주시 청원구,오창읍,200,45,0,26.45,8.0,중,ll 최저가월세  ll 즉시입주 ll,https://www.zigbang.com/home/apt/items/49980916
2026-08-08 05:16:41,오피스텔,49965805,월세,01,충청북도 청주시 청원구 오창읍 송대리,청주시 청원구,오창읍,200,45,0,26.45,8.0,7,ll  당일입주 ll 귀한월세 ll,https://www.zigbang.com/home/apt/items/49965805
2026-08-08 05:16:41,오피스텔,49965799,월세,01,충청북도 청주시 청원구 오창읍 송대리,청주시 청원구,오창읍,200,45,0,26.45,8.0,13,ll 고층뻥뷰매물 ll 즉시입주호실 ll,https://www.zigbang.com/home/apt/items/49965799
2026-08-08 05:16:41,오피스텔,49965789,월세,01,충청북도 청주시 청원구 오창읍 송대리,청주시 청원구,오창읍,200,45,0,26.45,8.0,19,ll 귀한고층월세 ll,https://www.zigbang.com/home/apt/items/49965789
2026-08-08 05:16:42,오피스텔,49716003,월세,01,충청북도 음성군 맹동면 두성리,음성군,맹동면,500,55,0,55.17,16.69,6,발코니 및어닝설치  추천  남향 제일선호 침대o 전입신고x,https://www.zigbang.com/home/apt/items/49716003
2026-08-08 05:16:53,오피스텔,49704544,월세,03,경기도 시흥시 정왕동,시흥시,정왕동,500,45,0,68.98,20.87,4,복층구조 녹지전망. 즉시입주가능함.,https://www.zigbang.com/home/apt/items/49704544
2026-08-08 05:16:53,오피스텔,49784716,월세,01,경기도 시흥시 정왕동,시흥시,정왕동,300,29,0,47.76,14.45,2,도배 청소완료. 즉시입주 원룸형 복도안에 위치함.,https://www.zigbang.com/home/apt/items/49784716
2026-08-08 05:16:53,오피스텔,49784685,월세,03,경기도 시흥시 정왕동,시흥시,정왕동,500,45,0,76,22.99,3,"빠른입주. 주차편리,옵션있음.",https://www.zigbang.com/home/apt/items/49784685
2026-08-08 05:16:53,오피스텔,49784701,월세,01,경기도 시흥시 정왕동,시흥시,정왕동,300,35,0,54.77,16.57,2,즉시입주가능. 메가폴리스 내 원룸구조.,https://www.zigbang.com/home/apt/items/49784701
2026-08-08 05:16:53,오피스텔,49838338,월세,01,경기도 시흥시 정왕동,시흥시,정왕동,300,35,0,36.87,11.15,11,"26년9월초 입주가능. 옵션있음. 센트럴병원, 공학대 근처",https://www.zigbang.com/home/apt/items/49838338
2026-08-08 05:16:53,오피스텔,49906603,월세,01,인천시 연수구 연수동,연수구,연수동,40,42,0,18,5.44,고,2달 3달 가능 연수역 3분 오피스텔,https://www.zigbang.com/home/apt/items/49906603
2026-08-08 05:16:53,오피스텔,49743248,월세,01,인천시 연수구 연수동,연수구,연수동,300,45,0,49,14.82,중,연수동 연수역 바로앞 오피스텔,https://www.zigbang.com/home/apt/items/49743248
2026-08-08 05:16:53,오피스텔,49743233,월세,01,인천시 연수구 연수동,연수구,연수동,300,35,0,33.06,10.0,7,연수동 중심가 오피스텔,https://www.zigbang.com/home/apt/items/49743233
2026-08-08 05:16:53,오피스텔,49803634,월세,05,인천시 연수구 연수동,연수구,연수동,2000,75,0,183,55.36,3,"수인선 연수역 초역세권 연수푸르지오오피스텔, 55평형,월세",https://www.zigbang.com/home/apt/items/49803634
2026-08-08 05:16:53,오피스텔,49968620,전세,05,인천시 연수구 연수동,연수구,연수동,35000,0,0,269.78,81.61,12,"방 4개, 은행전세, 보험, 전용 49평, 전기차충전소",https://www.zigbang.com/home/apt/items/49968620
2026-08-08 05:16:53,오피스텔,49743225,월세,03,인천시 연수구 연수동,연수구,연수동,500,45,0,42.97,13.0,고,두손메카 오피스텔,https://www.zigbang.com/home/apt/items/49743225
2026-08-08 05:16:53,오피스텔,49892692,월세,04,인천시 연수구 연수동,연수구,연수동,1000,110,0,155.37,47.0,12,연수역초역세권 연수푸르지오오피스텔 47평 월세 부가세별도,https://www.zigbang.com/home/apt/items/49892692
2026-08-08 05:16:53,오피스텔,49892404,월세,01,인천시 연수구 연수동,연수구,연수동,500,37,0,56.2,17.0,6,수인선 연수역 역세권 메카리움오피스텔 17평형 월세,https://www.zigbang.com/home/apt/items/49892404
2026-08-08 05:16:53,오피스텔,49743258,월세,01,인천시 연수구 연수동,연수구,연수동,50,32,0,19.83,6.0,8,연수동  무보증 단기임대  오피스텔,https://www.zigbang.com/home/apt/items/49743258
2026-08-08 05:16:53,오피스텔,49938387,월세,05,인천시 미추홀구 학익동,미추홀구,학익동,3000,120,0,165,49.91,30,"풀옵션,즉시입주가능,첫입주,전입불가",https://www.zigbang.com/home/apt/items/49938387
2026-08-08 05:16:53,오피스텔,49973405,월세,02,인천시 연수구 청학동,연수구,청학동,1000,75,0,85.95,26.0,6,연수역 초역세권  연수푸르지오오피스텔26평형  월세,https://www.zigbang.com/home/apt/items/49973405
2026-08-08 05:16:53,오피스텔,49863074,월세,01,인천시 연수구 연수동,연수구,연수동,500,55,0,69.42,21.0,7,연수역초역세권 만인타워 오피스텔 21평형  전세,https://www.zigbang.com/home/apt/items/49863074
2026-08-08 05:16:53,오피스텔,49795751,월세,01,인천시 연수구 청학동,연수구,청학동,500,36,0,34.05,10.3,고,ㅣ전입가능ㅣ풀옵션ㅣ주차가능ㅣ연수역ㅣ,https://www.zigbang.com/home/apt/items/49795751
2026-08-08 05:16:53,오피스텔,49906820,월세,01,인천시 연수구 연수동,연수구,연수동,40,33,0,18,5.44,고,3개월가능 연수역 도보 4분이내 학생 직장인 환영,https://www.zigbang.com/home/apt/items/49906820
2026-08-08 05:16:53,오피스텔,49879838,월세,01,인천시 연수구 연수동,연수구,연수동,300,45,0,46.28,14.0,중,연수동 깨끗한 오피스텔,https://www.zigbang.com/home/apt/items/49879838
2026-08-08 05:16:54,오피스텔,49842080,월세,01,경기도 시흥시 정왕동,시흥시,정왕동,300,50,0,27.16,8.22,저,위치좋고 깔끔한 원룸,https://www.zigbang.com/home/apt/items/49842080
2026-08-08 05:16:54,오피스텔,49842158,월세,01,경기도 시흥시 정왕동,시흥시,정왕동,500,48,0,27.26,8.25,중,식자재.정왕역도보 주차시설이 잘되어있어요,https://www.zigbang.com/home/apt/items/49842158
2026-08-08 05:16:54,오피스텔,49694152,월세,01,경기도 시흥시 정왕동,시흥시,정왕동,500,50,0,27.26,8.25,고,보증금조정가능 정왕역도보 깔끔,https://www.zigbang.com/home/apt/items/49694152
2026-08-08 05:16:54,오피스텔,49907015,월세,01,경기도 시흥시 정왕동,시흥시,정왕동,500,50,0,89.1,26.95,11,"정왕동 제일 안전한 오피스텔,시설 아주 좋아유",https://www.zigbang.com/home/apt/items/49907015
2026-08-08 05:16:54,오피스텔,49907080,월세,01,경기도 시흥시 정왕동,시흥시,정왕동,500,50,0,27.26,8.25,고,"신축급 오피스텔, 안전 보장, 침대",https://www.zigbang.com/home/apt/items/49907080
2026-08-08 05:16:54,오피스텔,49971464,월세,01,경기도 시흥시 정왕동,시흥시,정왕동,300,50,0,27.16,8.22,고,정왕역도보 풀옵션 빌트인,https://www.zigbang.com/home/apt/items/49971464
2026-08-08 05:16:54,오피스텔,49907049,월세,01,경기도 시흥시 정왕동,시흥시,정왕동,1000,48,0,14.31,4.33,10,"신축급 오피스텔, 안전 보장 보안 최상,500가능",https://www.zigbang.com/home/apt/items/49907049
2026-08-08 05:16:55,오피스텔,49919294,월세,01,경기도 시흥시 월곶동,시흥시,월곶동,300,33,0,28,8.47,9,"공실,도배 입주청소완료즉시입주가능,월곶역바로앞 풀옵션 원룸",https://www.zigbang.com/home/apt/items/49919294
2026-08-08 05:16:55,오피스텔,49956035,전세,01,경기도 시흥시 월곶동,시흥시,월곶동,5900,0,0,36.36,11.0,8,"버팀목전세대출가능,풀옵션,월곶역1분거리,초역세권,남서향",https://www.zigbang.com/home/apt/items/49956035
2026-08-08 05:16:55,오피스텔,49884322,전세,01,경기도 시흥시 월곶동,시흥시,월곶동,6820,0,0,42.98,13.0,고,"뷰좋은 원룸, 월곶역 바로앞 , 깨끗한 방",https://www.zigbang.com/home/apt/items/49884322
2026-08-08 05:16:55,오피스텔,49966877,월세,04,경기도 시흥시 월곶동,시흥시,월곶동,1000,75,0,101.06,30.57,12,"공실,업무용,방2,넓은거실,확트인 남서향,바다뷰",https://www.zigbang.com/home/apt/items/49966877
2026-08-08 05:16:55,오피스텔,49919338,월세,01,경기도 시흥시 월곶동,시흥시,월곶동,300,40,0,28,8.47,고,"남서향,월곶역앞,깨끗함,풀옵션원룸,9월1일입주가능",https://www.zigbang.com/home/apt/items/49919338
2026-08-08 05:16:55,오피스텔,49919348,전세,01,경기도 시흥시 월곶동,시흥시,월곶동,6200,0,0,43.72,13.23,12,"버팀목전세대출가능,보증보험가입가능,월곶역세권 풀옵션원룸",https://www.zigbang.com/home/apt/items/49919348
2026-08-08 05:16:55,오피스텔,49949635,전세,01,경기도 시흥시 장현동,시흥시,장현동,9500,0,0,22.83,6.91,3,"보증보험 가입조건으로 가능, 시흥시청역 도보권, 풀옵션",https://www.zigbang.com/home/apt/items/49949635
2026-08-08 05:16:55,오피스텔,49970354,월세,02,경기도 시흥시 장현동,시흥시,장현동,5000,50,0,95.5,28.89,10,"전입불가, 신축 1.5룸 오피스텔입니다. 시흥시청역 도보권",https://www.zigbang.com/home/apt/items/49970354
2026-08-08 05:16:55,오피스텔,49817798,월세,02,경기도 시흥시 장현동,시흥시,장현동,5000,50,0,22.83,6.91,10,"전입불가, 부가세 별도, 신축 1.5룸 오피스텔",https://www.zigbang.com/home/apt/items/49817798
2026-08-08 05:16:55,오피스텔,49869054,전세,02,경기도 시흥시 장현동,시흥시,장현동,22000,0,0,95.5,28.89,10,"전입가능, 신축 오피스텔, 시흥시청역 도보권",https://www.zigbang.com/home/apt/items/49869054
2026-08-08 05:16:55,오피스텔,49749781,매매,01,경기도 시흥시 장현동,시흥시,장현동,10000,0,10000,22.83,6.91,2,"풀옵션 원룸, 시흥시청역에서 도보로 약 5분거리",https://www.zigbang.com/home/apt/items/49749781
2026-08-08 05:16:55,오피스텔,49972964,월세,01,경기도 시흥시 신천동,시흥시,신천동,1000,55,0,60.86,18.41,3,신천역초역세권  신축오피스텔  풀옵션 주차가능전입가능,https://www.zigbang.com/home/apt/items/49972964
2026-08-08 05:16:56,오피스텔,49953714,월세,03,인천시 영종구 중산동,영종구,중산동,100,55,0,42.98,13.0,고,침대 풀옵션 복층 .단기가능,https://www.zigbang.com/home/apt/items/49953714
2026-08-08 05:16:56,오피스텔,49959630,월세,01,인천시 영종구 중산동,영종구,중산동,200,38,0,41.58,12.58,고,"신축, 원룸, 풀옵션, 남동향, 파노라마 오션뷰, 단기O",https://www.zigbang.com/home/apt/items/49959630
2026-08-08 05:16:56,오피스텔,49901306,월세,03,인천시 영종구 중산동,영종구,중산동,200,40,0,39,11.8,중,十시티뷰 十최저가월세十내부컨디션좋음十빠른입주가능十,https://www.zigbang.com/home/apt/items/49901306
2026-08-08 05:16:56,오피스텔,49953755,월세,03,인천시 영종구 중산동,영종구,중산동,250,50,0,39.67,12.0,21,남동향 바다뷰 귀한 통창  풀옵션 복층,https://www.zigbang.com/home/apt/items/49953755
2026-08-08 05:16:56,오피스텔,49959569,월세,03,인천시 영종구 중산동,영종구,중산동,200,37,0,44.88,13.58,중,"신축, 복층형원룸, 시티뷰 테라스O, 단기 가능, 즉시입주",https://www.zigbang.com/home/apt/items/49959569
2026-08-08 05:16:56,오피스텔,49901300,월세,03,인천시 영종구 중산동,영종구,중산동,200,40,0,40,12.1,고,十풀옵션十내부컨디션좋음十최저가월세十빠른입주가능十,https://www.zigbang.com/home/apt/items/49901300
2026-08-08 05:16:56,오피스텔,49959566,월세,01,인천시 영종구 중산동,영종구,중산동,200,37,0,44.88,13.58,중,"신축, 원룸, 시티뷰, 테라스O, 단기 가능, 빠른 입주",https://www.zigbang.com/home/apt/items/49959566
2026-08-08 05:16:56,오피스텔,49915495,월세,01,인천시 영종구 중산동,영종구,중산동,200,38,0,39.67,12.0,중,탁트인 시티뷰  고층 ㆍ테라스  풀옵션ㆍ단기가능,https://www.zigbang.com/home/apt/items/49915495
2026-08-08 05:16:56,오피스텔,49902174,월세,03,인천시 영종구 중산동,영종구,중산동,200,45,0,42.98,13.0,중,十빠른입주가능十전면오션뷰十최저가월세十풀옵션十,https://www.zigbang.com/home/apt/items/49902174
2026-08-08 05:16:56,오피스텔,49959584,월세,03,인천시 영종구 중산동,영종구,중산동,200,50,0,39.55,11.96,고,"신축, 복층형 원룸, 남동향O, 오션뷰O, 단기 가능",https://www.zigbang.com/home/apt/items/49959584
2026-08-08 05:16:56,오피스텔,49986270,월세,03,인천시 영종구 중산동,영종구,중산동,300,40,0,21.7,6.56,4,"전입 가능, 복층 테라스 구조, 북서향, 시티뷰, 주차가능",https://www.zigbang.com/home/apt/items/49986270
2026-08-08 05:16:56,오피스텔,49986457,월세,03,인천시 영종구 중산동,영종구,중산동,200,40,0,25,7.56,중,전입불가 이사날짜 8월 중순이후,https://www.zigbang.com/home/apt/items/49986457
2026-08-08 05:16:57,오피스텔,49980146,월세,04,인천시 검단구 오류동,검단구,오류동,500,90,0,100,30.25,고,3룸 신축급 6년차 옵션 자유,https://www.zigbang.com/home/apt/items/49980146
2026-08-08 05:16:57,오피스텔,49912870,월세,05,인천시 검단구 오류동,검단구,오류동,500,90,0,100,30.25,고,3룸 신축급 6년차 옵션 자유,https://www.zigbang.com/home/apt/items/49912870
2026-08-08 05:16:57,오피스텔,49956830,월세,03,인천시 검단구 마전동,검단구,마전동,100,55,0,49.43,14.95,중,풀옵션 복층 도배하고 청소해드림 단기 가능,https://www.zigbang.com/home/apt/items/49956830
2026-08-08 05:16:57,오피스텔,49857972,월세,01,인천시 검단구 마전동,검단구,마전동,500,50,0,53.1,16.06,중,i 단기가능 신축 풀옵션  검단사거리역 1분 주차용이,https://www.zigbang.com/home/apt/items/49857972
2026-08-08 05:16:57,오피스텔,49971845,월세,03,인천시 검단구 왕길동,검단구,왕길동,500,45,0,29.75,9.0,9,보300가능ㅡ역세권ㅡ전입가능매물ㅡ엘스테이오피스텔,https://www.zigbang.com/home/apt/items/49971845
2026-08-08 05:16:57,오피스텔,49902764,전세,03,인천시 검단구 왕길동,검단구,왕길동,11850,0,0,58.77,17.78,9,역세권 깔끔한 복층형 원룸,https://www.zigbang.com/home/apt/items/49902764
2026-08-08 05:16:57,오피스텔,49905927,전세,03,인천시 검단구 왕길동,검단구,왕길동,11850,0,0,58.77,17.78,9,"LH전세,도시공사, 풀옵션복층, 엘베, 검단사거리역도보1분",https://www.zigbang.com/home/apt/items/49905927
2026-08-08 05:16:57,오피스텔,49694948,월세,01,인천시 검단구 마전동,검단구,마전동,500,50,0,52.95,16.02,고,D 검단사거리 초역세권 주차용이 풀옵션,https://www.zigbang.com/home/apt/items/49694948
2026-08-08 05:16:57,오피스텔,49942927,월세,02,인천시 검단구 마전동,검단구,마전동,500,60,0,66.82,20.21,중,B 분리형 원룸 초역세권 신축 풀옵션,https://www.zigbang.com/home/apt/items/49942927
2026-08-08 05:16:57,오피스텔,49857909,월세,04,인천시 검단구 마전동,검단구,마전동,500,110,0,107.75,32.59,중,"K 거실 넓은 투룸, 초역세권,  신축 풀옵션 .주차완비",https://www.zigbang.com/home/apt/items/49857909
2026-08-08 05:16:57,오피스텔,49806650,월세,02,인천시 검단구 마전동,검단구,마전동,500,60,0,64.6,19.54,저,H 분리형 원룸 초역세권 신축 풀옵션,https://www.zigbang.com/home/apt/items/49806650
2026-08-08 05:16:57,오피스텔,49663143,전세,03,인천시 검단구 왕길동,검단구,왕길동,11850,0,0,58.77,17.78,고,검단사거리역 복층 풀옵션 오피스텔 LH전세 도시공사,https://www.zigbang.com/home/apt/items/49663143
2026-08-08 05:16:57,오피스텔,49900399,월세,01,인천시 검단구 마전동,검단구,마전동,300,55,0,52.65,15.93,6,보증금300ㅡ초역세권ㅡ신축 듀클래스 오피스텔,https://www.zigbang.com/home/apt/items/49900399
2026-08-08 05:16:57,오피스텔,49972014,월세,04,인천시 검단구 마전동,검단구,마전동,500,110,0,107.75,32.59,중,반려동물가능ㅡ투룸ㅡ듀클래스오피스텔ㅡ초역세권ㅡ초깨끗,https://www.zigbang.com/home/apt/items/49972014
2026-08-08 05:16:58,오피스텔,49831679,전세,02,서울시 구로구 천왕동,구로구,천왕동,20500,0,0,34.98,10.58,7,허그 버팀목 보증보험0 1.5룸 복층형 주차가능 날짜협의,https://www.zigbang.com/home/apt/items/49831679
2026-08-08 05:16:58,오피스텔,49981120,월세,04,서울시 구로구 개봉동,구로구,개봉동,250,90,0,34.58,10.46,6,한달씩 월세납부 개봉동 풀옵션 2룸 대우스위트힐 단기 월세,https://www.zigbang.com/home/apt/items/49981120
2026-08-08 05:16:58,오피스텔,49818356,전세,04,경기도 광명시 광명동,광명시,광명동,37000,0,0,108.24,32.74,4,"광명사거리역 역세권,주차가능,대출,보증보험 가능,풀옵션양창",https://www.zigbang.com/home/apt/items/49818356
2026-08-08 05:16:58,오피스텔,49956831,전세,03,서울시 구로구 천왕동,구로구,천왕동,21800,0,0,38.63,11.69,중,방1개거실1개화장실1개복층 전세 2억 1800만원,https://www.zigbang.com/home/apt/items/49956831
2026-08-08 05:16:58,오피스텔,49904798,전세,02,서울시 구로구 천왕동,구로구,천왕동,21000,0,0,38.63,11.69,3,천왕역이용가능 테라스 풀옵션 1.5룸 복층 오피스텔 전세,https://www.zigbang.com/home/apt/items/49904798
2026-08-08 05:16:58,오피스텔,49910826,매매,01,경기도 광명시 광명동,광명시,광명동,11000,0,11000,44.23,13.38,중,l 월드 l 초역세권 대로변 엘베O 주차O 원룸 오피스텔,https://www.zigbang.com/home/apt/items/49910826
2026-08-08 05:16:58,오피스텔,49928509,전세,02,서울시 구로구 천왕동,구로구,천왕동,21800,0,0,38.63,11.69,3,"천왕역 더메종 복층 1.5룸 HUG,HE등 모든대출가능",https://www.zigbang.com/home/apt/items/49928509
2026-08-08 05:16:59,오피스텔,49922792,월세,01,경기도 부천시 오정구 오정동,부천시 오정구,오정동,500,44,0,23.6,7.14,7,효행복마을도시형생활주택,https://www.zigbang.com/home/apt/items/49922792
2026-08-08 05:16:58,오피스텔,49916347,월세,01,서울시 구로구 고척동,구로구,고척동,1000,60,0,24.43,7.39,고,풀옵션 통유리 오피스텔 월세,https://www.zigbang.com/home/apt/items/49916347
2026-08-08 05:16:58,오피스텔,49936217,월세,01,서울시 구로구 고척동,구로구,고척동,500,70,0,36.36,11.0,4,"남향, 사업자매물,부가세별도,풀옵션",https://www.zigbang.com/home/apt/items/49936217
2026-08-08 05:16:58,오피스텔,49899282,월세,01,서울시 구로구 고척동,구로구,고척동,10000,30,0,30.53,9.24,8,보증보험가능 전세대출가능 풀옵션 대로변 9월초입주협의,https://www.zigbang.com/home/apt/items/49899282
2026-08-08 05:16:58,오피스텔,49909441,월세,03,서울시 구로구 고척동,구로구,고척동,500,95,0,31.22,9.44,5,"긴급한세대만신축풀옵션,애완및전입대로변완벽",https://www.zigbang.com/home/apt/items/49909441
2026-08-08 05:16:58,오피스텔,49960052,월세,01,서울시 구로구 고척동,구로구,고척동,1000,70,0,31,9.38,저,ㅣ주변 대비 넓은 분리형 원룸ㅣ풀옵션ㅣ 대로변위치ㅣ,https://www.zigbang.com/home/apt/items/49960052
2026-08-08 05:16:58,오피스텔,49923922,월세,02,서울시 구로구 고척동,구로구,고척동,500,59,0,25,7.56,3,해잘드는 대단지 분리형,https://www.zigbang.com/home/apt/items/49923922
2026-08-08 05:16:58,오피스텔,49909408,월세,03,서울시 구로구 고척동,구로구,고척동,500,95,0,31.22,9.44,5,"안전등기,주차전입애완ok금방계약될집입니다.",https://www.zigbang.com/home/apt/items/49909408
2026-08-08 05:16:58,오피스텔,49923980,월세,02,서울시 구로구 고척동,구로구,고척동,1000,70,0,34,10.28,저,진짜큰방 분리형 주차가능 빠른입주 경비실운영,https://www.zigbang.com/home/apt/items/49923980
2026-08-08 05:16:58,오피스텔,49948959,전세,01,서울시 구로구 고척동,구로구,고척동,9100,0,0,40.1,12.13,중,풀옵션 대출 가능 보증보험 가능,https://www.zigbang.com/home/apt/items/49948959
2026-08-08 05:16:58,오피스텔,49936158,월세,01,서울시 구로구 고척동,구로구,고척동,10000,30,0,33.06,10.0,8,"허그 버팀목,보증보험 가능, 풀옵션",https://www.zigbang.com/home/apt/items/49936158
2026-08-08 05:16:58,오피스텔,49953890,전세,02,서울시 구로구 고척동,구로구,고척동,9100,0,0,40.1,12.13,5,"전세대출,보증보험가입 OK 가성비 좋은 방찾으신다면 이곳",https://www.zigbang.com/home/apt/items/49953890
2026-08-08 05:16:58,오피스텔,49936195,전세,01,서울시 구로구 고척동,구로구,고척동,14400,0,0,33,9.98,7,"허그보증보험가능,버팀목대출가능",https://www.zigbang.com/home/apt/items/49936195
2026-08-08 05:16:58,오피스텔,49943689,월세,01,서울시 구로구 고척동,구로구,고척동,1000,60,0,24.42,7.39,5,"구일역 역세권, 주차가능, 풀옵션 원룸 오피스텔",https://www.zigbang.com/home/apt/items/49943689
2026-08-08 05:16:59,오피스텔,49934727,월세,04,경기도 김포시 고촌읍 신곡리,김포시,고촌읍,4500,170,0,129.14,39.06,15,"전용17.7p 주거용 풀옵션 오피스텔, 빠른 입주가능",https://www.zigbang.com/home/apt/items/49934727
2026-08-08 05:16:59,오피스텔,49855116,월세,02,경기도 김포시 고촌읍 신곡리,김포시,고촌읍,1000,65,0,56.77,17.17,고,"고촌역세권, 풀옵션,1.5룸,업무용,부가세별도",https://www.zigbang.com/home/apt/items/49855116
2026-08-08 05:16:59,오피스텔,49968975,월세,02,경기도 김포시 고촌읍 신곡리,김포시,고촌읍,2000,90,0,83.5,25.26,고,"풀옵션,업무용,인기많은 특수타입",https://www.zigbang.com/home/apt/items/49968975
2026-08-08 05:16:59,오피스텔,49671929,매매,05,경기도 김포시 고촌읍 신곡리,김포시,고촌읍,24500,0,24500,68.03,20.58,5,신축 컨디션 그대로 깨끗한집,https://www.zigbang.com/home/apt/items/49671929
2026-08-08 05:16:59,오피스텔,49910523,월세,02,경기도 김포시 고촌읍 신곡리,김포시,고촌읍,500,55,0,46.37,14.03,4,"고촌역세권,풀옵션,업무용,9월말입주가능",https://www.zigbang.com/home/apt/items/49910523
2026-08-08 05:17:00,오피스텔,49938158,전세,04,경기도 수원시 권선구 금곡동,수원시 권선구,금곡동,17500,0,0,87.82,26.57,3,"테라스 있는 2룸 오피스텔,관리잘되어있음,입주협의,풀옵션,",https://www.zigbang.com/home/apt/items/49938158
2026-08-08 05:17:00,오피스텔,49871905,월세,01,경기도 수원시 권선구 금곡동,수원시 권선구,금곡동,500,68,0,64,19.36,중,"ACE,주거용,복층형넓은원룸,별도드레스룸,",https://www.zigbang.com/home/apt/items/49871905
2026-08-08 05:17:00,오피스텔,49791043,월세,01,경기도 수원시 권선구 금곡동,수원시 권선구,금곡동,1000,65,0,64,19.36,고,"ACE,트인전망,전입,넓은원룸복층,별도드레스룸",https://www.zigbang.com/home/apt/items/49791043
2026-08-08 05:17:00,오피스텔,49719657,월세,01,경기도 수원시 권선구 금곡동,수원시 권선구,금곡동,1000,63,0,41,12.4,고,"ACE,전입,전망트인,드레스룸,넓은 복층",https://www.zigbang.com/home/apt/items/49719657
2026-08-08 05:17:00,오피스텔,49934661,전세,04,경기도 수원시 권선구 금곡동,수원시 권선구,금곡동,14000,0,0,69,20.87,4,아주리센 투룸 전세 공원보이는 조망,https://www.zigbang.com/home/apt/items/49934661
2026-08-08 05:17:00,오피스텔,49921430,전세,03,경기도 수원시 권선구 금곡동,수원시 권선구,금곡동,12500,0,0,58,17.54,9,"ACE,전입,전세대출,보증보험,복층넓은원룸.드레스룸구비",https://www.zigbang.com/home/apt/items/49921430
2026-08-08 05:17:00,오피스텔,49970419,월세,02,경기도 수원시 권선구 금곡동,수원시 권선구,금곡동,1000,85,0,94.63,28.63,고,ꔚ전속매물 I 완벽분리 I 단1세대,https://www.zigbang.com/home/apt/items/49970419
2026-08-08 05:17:00,오피스텔,49818854,월세,03,경기도 수원시 권선구 금곡동,수원시 권선구,금곡동,500,50,0,42.2,12.77,고,세종헤르메스 복층형 원룸 주거용 전입가능,https://www.zigbang.com/home/apt/items/49818854
2026-08-08 05:17:00,오피스텔,49933493,월세,01,경기도 수원시 권선구 금곡동,수원시 권선구,금곡동,500,52,0,48,14.52,4,세종타운 오픈형 원룸 업무용 부가세 별도,https://www.zigbang.com/home/apt/items/49933493
2026-08-08 05:17:00,오피스텔,49859124,월세,04,경기도 수원시 권선구 금곡동,수원시 권선구,금곡동,1000,80,0,101.14,30.59,고,다인2차 투룸형 복층 주거용,https://www.zigbang.com/home/apt/items/49859124
2026-08-08 05:17:00,오피스텔,49716093,전세,03,경기도 수원시 권선구 금곡동,수원시 권선구,금곡동,13000,0,0,53.4,16.15,6,동광뷰엘 복층형 원룸 쾌적하고 살기좋은 오피입니다,https://www.zigbang.com/home/apt/items/49716093
2026-08-08 05:17:00,오피스텔,49774072,월세,02,경기도 수원시 권선구 금곡동,수원시 권선구,금곡동,3500,52,0,74.58,22.56,고,"ACE,전입,트윈복층,분리형 1.5룸",https://www.zigbang.com/home/apt/items/49774072
2026-08-08 05:17:00,오피스텔,49867836,월세,01,경기도 수원시 권선구 금곡동,수원시 권선구,금곡동,100,80,0,85.77,25.95,5,.R.단기계약O 주단위O 깔끔 오피스텔 넓어요 8월중순입주,https://www.zigbang.com/home/apt/items/49867836
2026-08-08 05:17:01,오피스텔,49701699,월세,04,경기도 군포시 당동,군포시,당동,3000,110,0,93.58,28.31,11,"군포역 주변,신축5년차,방2,거실,주방,욕실,시스템에어컨.",https://www.zigbang.com/home/apt/items/49701699
2026-08-08 05:17:01,오피스텔,49554761,전세,04,경기도 군포시 도마교동,군포시,도마교동,21000,0,0,43.39,13.13,중,8월말 입주 협의가능,https://www.zigbang.com/home/apt/items/49554761
2026-08-08 05:17:01,오피스텔,49741368,매매,03,경기도 군포시 도마교동,군포시,도마교동,9000,0,9000,56.4,17.06,3,주거용오피스텔로  투자용. 거주용 모두 가능합니다.,https://www.zigbang.com/home/apt/items/49741368
2026-08-08 05:17:01,오피스텔,49877749,월세,02,경기도 군포시 당동,군포시,당동,7300,5,0,48.07,14.54,3,분리형.1.5룸.모든대출가능.반환보증보험가능.남향으로햇빛좋,https://www.zigbang.com/home/apt/items/49877749
2026-08-08 05:17:01,오피스텔,49877820,월세,04,경기도 군포시 당동,군포시,당동,8400,5,0,48.07,14.54,5,"모든대출 ,반환보증보험가능,월세선불.lh안됨",https://www.zigbang.com/home/apt/items/49877820
2026-08-08 05:17:01,오피스텔,49696231,매매,04,경기도 군포시 부곡동,군포시,부곡동,18000,0,18000,96.12,29.08,고,투룸 복층 풀옵션 오피스텔입니다. 투자용,https://www.zigbang.com/home/apt/items/49696231
2026-08-08 05:17:01,오피스텔,49742401,매매,03,경기도 군포시 부곡동,군포시,부곡동,10000,0,10000,46.28,14.0,4,의왕역 초근접 풀옵션 오피스텔입니다.,https://www.zigbang.com/home/apt/items/49742401
2026-08-08 05:17:01,오피스텔,49934833,전세,04,경기도 군포시 당동,군포시,당동,8900,0,0,49.59,15.0,중,주차시설 좋은 오피스텔형 투룸,https://www.zigbang.com/home/apt/items/49934833
2026-08-08 05:17:02,오피스텔,49887175,월세,01,경기도 용인시 수지구 풍덕천동,용인시 수지구,풍덕천동,11000,35,0,42.94,12.99,13,"8월중입주희망,전입가능한주거용오피스텔",https://www.zigbang.com/home/apt/items/49887175
2026-08-08 05:17:02,오피스텔,49974762,월세,01,경기도 용인시 수지구 풍덕천동,용인시 수지구,풍덕천동,1000,80,0,42.94,12.99,4,"융무,전입가능,8월 12일부터 즉시입주",https://www.zigbang.com/home/apt/items/49974762
2026-08-08 05:17:02,오피스텔,49742631,매매,02,경기도 용인시 수지구 풍덕천동,용인시 수지구,풍덕천동,26500,0,26500,68.76,20.8,4,"정상입주,분리형원룸,가격굿",https://www.zigbang.com/home/apt/items/49742631
2026-08-08 05:17:02,오피스텔,49825964,월세,01,경기도 용인시 수지구 풍덕천동,용인시 수지구,풍덕천동,10000,40,0,42.94,12.99,16,"전입가능,주거용오피스텔,융무,빠른입주가능",https://www.zigbang.com/home/apt/items/49825964
2026-08-08 05:17:01,오피스텔,49980812,월세,02,경기도 수원시 팔달구 인계동,수원시 팔달구,인계동,1000,60,0,41.47,12.54,5,"로얄ㅣ화이트톤쩜오룸,전입O,수납력최강,위치최강,진짜귀한조건",https://www.zigbang.com/home/apt/items/49980812
2026-08-08 05:17:01,오피스텔,49930921,매매,01,경기도 수원시 팔달구 인계동,수원시 팔달구,인계동,13000,0,13000,35,10.59,9,말콤 엘리시아 넓은 원룸 매매 즉시입주,https://www.zigbang.com/home/apt/items/49930921
2026-08-08 05:17:01,오피스텔,49854597,월세,03,경기도 수원시 팔달구 인계동,수원시 팔달구,인계동,1000,55,0,25.8,7.8,4,ㅣꕥ빈센트병원ꕥㅣꕥ복층자취로망ꕥㅣ,https://www.zigbang.com/home/apt/items/49854597
2026-08-08 05:17:01,오피스텔,49791036,월세,02,경기도 수원시 팔달구 인계동,수원시 팔달구,인계동,2000,70,0,45,13.61,9,말콤 인계동 리블리안 넓은 분리형 1.5룸 월세,https://www.zigbang.com/home/apt/items/49791036
2026-08-08 05:17:01,오피스텔,49933399,월세,01,경기도 수원시 팔달구 인계동,수원시 팔달구,인계동,500,46,0,33.01,9.99,4,ꗄㅡㅣ시청역특급매물ㅣㅡꗄ,https://www.zigbang.com/home/apt/items/49933399
2026-08-08 05:17:01,오피스텔,49889199,월세,02,경기도 수원시 팔달구 인계동,수원시 팔달구,인계동,1000,70,0,53.65,16.23,7,ㅣꯁ시청역ꯁㅣꯁ대형평수ꯁㅣꯁ선착순ꯁㅣ,https://www.zigbang.com/home/apt/items/49889199
2026-08-08 05:17:01,오피스텔,49856157,월세,04,경기도 수원시 팔달구 인계동,수원시 팔달구,인계동,3000,100,0,73.37,22.19,중,ㄱㄱ 신축 투룸 II 전입 OK II 반려동물 OK,https://www.zigbang.com/home/apt/items/49856157
2026-08-08 05:17:01,오피스텔,49888740,월세,01,경기도 수원시 팔달구 인계동,수원시 팔달구,인계동,500,49,0,33.01,9.99,고,ㅡ시청역ㅡ떴다ㅡ화이트ㅡ,https://www.zigbang.com/home/apt/items/49888740
2026-08-08 05:17:01,오피스텔,49862589,월세,01,경기도 수원시 팔달구 우만동,수원시 팔달구,우만동,4800,35,0,24,7.26,5,말콤 우만동 아주대 앞 우만알타워 반전세,https://www.zigbang.com/home/apt/items/49862589
2026-08-08 05:17:01,오피스텔,49852692,매매,01,경기도 수원시 팔달구 우만동,수원시 팔달구,우만동,9500,0,9500,24,7.26,4,말콤 아주대 우만알타워 원룸 도생 매매 실입주 가능,https://www.zigbang.com/home/apt/items/49852692
2026-08-08 05:17:01,오피스텔,49716609,월세,04,경기도 수원시 팔달구 인계동,수원시 팔달구,인계동,150,120,0,90.76,27.45,중,강아지야호Vv 풀옵션 2룸,https://www.zigbang.com/home/apt/items/49716609
2026-08-08 05:17:01,오피스텔,49778800,월세,04,경기도 수원시 팔달구 인계동,수원시 팔달구,인계동,150,120,0,90.76,27.45,7,에이벨 I 반려동물 가능한 투룸 I 풀옵션 I,https://www.zigbang.com/home/apt/items/49778800
2026-08-08 05:17:01,오피스텔,49958789,월세,05,경기도 수원시 팔달구 인계동,수원시 팔달구,인계동,500,150,0,64.37,19.47,13,허위없는에이벨부동산ㅣ쓰리룸ㅣ복층ㅣ넓은방ㅣ댕냥이가능ㅣ단기매물,https://www.zigbang.com/home/apt/items/49958789
2026-08-08 05:17:01,오피스텔,49876974,월세,04,경기도 수원시 팔달구 인계동,수원시 팔달구,인계동,150,120,0,90.76,27.45,중,반려동물가능 공원앞 풀옵션2룸,https://www.zigbang.com/home/apt/items/49876974
2026-08-08 05:17:01,오피스텔,49957929,월세,02,경기도 수원시 팔달구 인계동,수원시 팔달구,인계동,150,90,0,70.96,21.47,중,강아지야호Vv 신축급vv 풀옵션 분리형 쩜오룸,https://www.zigbang.com/home/apt/items/49957929
2026-08-08 05:17:02,오피스텔,49970730,월세,05,경기도 과천시 갈현동,과천시,갈현동,5000,220,0,192.4,58.2,13,"업무용o , 방3개화장실2개 , 양창구조  , 남서향",https://www.zigbang.com/home/apt/items/49970730
2026-08-08 05:17:02,오피스텔,49831805,월세,01,경기도 안양시 동안구 관양동,안양시 동안구,관양동,10000,15,0,41,12.4,2,0보증보험가입대출0인덕원3분0풀옵션0조정가능0전입가능0,https://www.zigbang.com/home/apt/items/49831805
2026-08-08 05:17:02,오피스텔,49908439,월세,01,경기도 과천시 갈현동,과천시,갈현동,300,150,0,58.31,17.64,저,귀한 단기 임대 매물 I 신축 원룸 풀옵션,https://www.zigbang.com/home/apt/items/49908439
2026-08-08 05:17:02,오피스텔,49970721,월세,04,경기도 과천시 갈현동,과천시,갈현동,5000,260,0,183.03,55.37,고,"전입가능o , 테라스호실 , 넓은투룸 , 신축첫입주",https://www.zigbang.com/home/apt/items/49970721
2026-08-08 05:17:02,오피스텔,49970712,월세,02,경기도 과천시 갈현동,과천시,갈현동,3000,150,0,119.03,36.01,저,"업무용o , 1.5룸 , 신축첫입주 , 저렴월세",https://www.zigbang.com/home/apt/items/49970712
2026-08-08 05:17:02,오피스텔,49780271,월세,01,경기도 안양시 동안구 관양동,안양시 동안구,관양동,1000,85,0,30,9.07,2,ㅇ인덕원역3분ㅇ풀옵션ㅇ넓어용,https://www.zigbang.com/home/apt/items/49780271
2026-08-08 05:17:02,오피스텔,49976849,전세,01,경기도 과천시 별양동,과천시,별양동,27000,0,0,37.52,11.35,중,"최저가전세 , 보증보험가능 , 신축첫입주",https://www.zigbang.com/home/apt/items/49976849
2026-08-08 05:17:02,오피스텔,49970674,전세,04,경기도 과천시 별양동,과천시,별양동,50000,0,0,107.24,32.44,고,"귀한전세O , 남동향 , 신축첫입주 , 50타입",https://www.zigbang.com/home/apt/items/49970674
2026-08-08 05:17:02,오피스텔,49970680,전세,04,경기도 과천시 별양동,과천시,별양동,54000,0,0,116.94,35.37,15,"2룸 , 고층남동향 , 워시타워 및 스타일러 , 신축첫입주",https://www.zigbang.com/home/apt/items/49970680
2026-08-08 05:17:02,오피스텔,49932936,월세,01,경기도 과천시 별양동,과천시,별양동,20000,45,0,50.05,15.14,19,"저렴월세 , 전입가능 , 신축첫입주 , 원룸풀옵션",https://www.zigbang.com/home/apt/items/49932936
2026-08-08 05:17:02,오피스텔,49970692,월세,01,경기도 과천시 별양동,과천시,별양동,45000,60,0,109.63,33.16,중,"전입O , 반전세 , 정부청사역도보1분 , 신축풀옵션",https://www.zigbang.com/home/apt/items/49970692
2026-08-08 05:17:03,오피스텔,49902527,월세,02,경기도 성남시 수정구 금토동,성남시 수정구,금토동,1500,160,0,129.83,39.27,고,"O 2룸,  아파트형, 직장인도 가능",https://www.zigbang.com/home/apt/items/49902527
2026-08-08 05:17:03,오피스텔,49902360,월세,02,경기도 성남시 수정구 금토동,성남시 수정구,금토동,1000,100,0,48,14.52,8,"O 1.5룸, 남향, 최고층,사업자.",https://www.zigbang.com/home/apt/items/49902360
2026-08-08 05:17:03,오피스텔,49815015,월세,05,경기도 성남시 수정구 금토동,성남시 수정구,금토동,3000,290,0,207.69,62.83,중,"L 2년계약시250,직장인가능,방3,욕실2,드레스룸외",https://www.zigbang.com/home/apt/items/49815015
2026-08-08 05:17:03,오피스텔,49850434,월세,02,경기도 성남시 수정구 금토동,성남시 수정구,금토동,1000,95,0,63.83,19.31,중,"L  분리형, 준신축, 전입안되요, 직장인가능",https://www.zigbang.com/home/apt/items/49850434
2026-08-08 05:17:03,오피스텔,49957022,월세,02,경기도 성남시 수정구 금토동,성남시 수정구,금토동,2000,90,0,63.48,19.2,8,"O 1.5룸, 전문입주청소 , 8.8일 이후 입주, 남향",https://www.zigbang.com/home/apt/items/49957022
2026-08-08 05:17:03,오피스텔,49826875,월세,05,경기도 성남시 수정구 금토동,성남시 수정구,금토동,3000,290,0,207.69,62.83,중,"L 업무용,블라인드, 방3,화장실2팬트리,스타일러외",https://www.zigbang.com/home/apt/items/49826875
2026-08-08 05:17:03,오피스텔,49914257,월세,01,경기도 용인시 기흥구 중동,용인시 기흥구,중동,6600,25,0,30,9.07,7,"전입가 ,대출,보증보험가,원룸형 아파트,수납 풍부함,남향",https://www.zigbang.com/home/apt/items/49914257
2026-08-08 05:17:03,오피스텔,49932129,월세,01,경기도 용인시 기흥구 중동,용인시 기흥구,중동,200,34,0,19.83,6.0,2,"2층,내부샤시,햇살좋고 아늑함. 공원방향",https://www.zigbang.com/home/apt/items/49932129
2026-08-08 05:17:03,오피스텔,49914275,월세,01,경기도 용인시 기흥구 중동,용인시 기흥구,중동,1000,60,0,30,9.07,5,"전입가,풀옵션,수납장 많은 예쁜 원룸아파트,남향,8월20일",https://www.zigbang.com/home/apt/items/49914275
2026-08-08 05:17:03,오피스텔,49914266,월세,01,경기도 용인시 기흥구 중동,용인시 기흥구,중동,4800,25,0,29,8.77,2,"전입가,풀옵션,수납장풍부,9월초",https://www.zigbang.com/home/apt/items/49914266
2026-08-08 05:17:05,오피스텔,49944078,월세,01,서울시 관악구 봉천동,관악구,봉천동,6000,65,0,49.85,15.08,9,"낙성대역 2분, 대로변에 위치한 보증보험 가능한 대형원룸",https://www.zigbang.com/home/apt/items/49944078
2026-08-08 05:17:05,오피스텔,49980486,월세,01,서울시 관악구 봉천동,관악구,봉천동,2000,50,0,27.82,8.42,저,낙성대역 위치 가장 좋은 집,https://www.zigbang.com/home/apt/items/49980486
2026-08-08 05:17:05,오피스텔,49980468,월세,01,서울시 관악구 봉천동,관악구,봉천동,2000,53,0,25.41,7.69,고,대로변 오피스텔 매물,https://www.zigbang.com/home/apt/items/49980468
2026-08-08 05:17:05,오피스텔,49743081,월세,01,서울시 관악구 봉천동,관악구,봉천동,5000,70,0,49.85,15.08,4,"낙성대 초초역세권 리모델링된 방,전용 10평,빠른 입주가능",https://www.zigbang.com/home/apt/items/49743081
2026-08-08 05:17:05,오피스텔,49914537,전세,02,서울시 서초구 방배동,서초구,방배동,26000,0,0,73.22,22.15,3,방배역세권. 방1.거실1. 풀옵션. 주차가능.신혼도 적당,https://www.zigbang.com/home/apt/items/49914537
2026-08-08 05:17:05,오피스텔,49856794,전세,01,서울시 관악구 남현동,관악구,남현동,18000,0,0,21.91,6.63,13,"귀한 ALL전세 , 버팀목HF, 보증보험가입",https://www.zigbang.com/home/apt/items/49856794
2026-08-08 05:17:05,오피스텔,49914575,매매,02,서울시 서초구 방배동,서초구,방배동,49000,0,49000,50.28,15.21,4,재건축 추진 중. 주택 수에 산입되지 않음. 수리되어 깔끔,https://www.zigbang.com/home/apt/items/49914575
2026-08-08 05:17:05,오피스텔,49897267,월세,01,서울시 강남구 개포동,강남구,개포동,300,85,0,33.06,10.0,고,ꯁꯁ오피스텔 맛집ꯁꯁ개포동 귀한 가성비굳 오피스텔,https://www.zigbang.com/home/apt/items/49897267
2026-08-08 05:17:06,오피스텔,49749106,월세,02,서울시 종로구 원남동,종로구,원남동,3000,150,0,47.71,14.43,6,전입가능  대출없는호실,https://www.zigbang.com/home/apt/items/49749106
2026-08-08 05:17:06,오피스텔,49976986,월세,02,서울시 종로구 연지동,종로구,연지동,1000,110,0,29.11,8.81,5,북서향 전입불가 부가세포함 외국인거소신고불가,https://www.zigbang.com/home/apt/items/49976986
2026-08-08 05:17:06,오피스텔,49986669,월세,02,서울시 종로구 연지동,종로구,연지동,2000,100,0,29.11,8.81,2,남향 전입불가   외국인거소신고불가,https://www.zigbang.com/home/apt/items/49986669
2026-08-08 05:17:06,오피스텔,49794784,매매,01,서울시 종로구 익선동,종로구,익선동,16000,0,16000,38.81,11.74,6,월세승계조건  종로3가역5분거리 안국역5분거리,https://www.zigbang.com/home/apt/items/49794784
2026-08-08 05:17:06,오피스텔,49922384,매매,02,서울시 종로구 익선동,종로구,익선동,40000,0,40000,79.8,24.14,10,확트인뷰 입주가능 귀한평형 종로3가역4분거리,https://www.zigbang.com/home/apt/items/49922384
2026-08-08 05:17:06,오피스텔,49848907,매매,02,서울시 종로구 원남동,종로구,원남동,25500,0,25500,34.26,10.36,고,급매 남향  전세안고매수가능 신축3년차,https://www.zigbang.com/home/apt/items/49848907
2026-08-08 05:17:06,오피스텔,49922477,월세,01,서울시 종로구 익선동,종로구,익선동,500,60,0,28.83,8.72,5,전입 X 종로3가역5분거리 안국역5분거리,https://www.zigbang.com/home/apt/items/49922477
2026-08-08 05:17:06,오피스텔,49747272,매매,01,서울시 종로구 원남동,종로구,원남동,15500,0,15500,29.75,9.0,고,"저렴한  오피스텔 매매.   서울대 병원,  혜화역 인접",https://www.zigbang.com/home/apt/items/49747272
2026-08-08 05:17:06,오피스텔,49922403,월세,01,서울시 종로구 익선동,종로구,익선동,1000,85,0,38.8,11.74,5,전입O 종로3가역4분거리 안국역5분거,https://www.zigbang.com/home/apt/items/49922403
2026-08-08 05:17:06,오피스텔,49702664,매매,02,서울시 종로구 연지동,종로구,연지동,24000,0,24000,29.42,8.9,7,초저가고층매물  남향,https://www.zigbang.com/home/apt/items/49702664
2026-08-08 05:17:06,오피스텔,49972499,월세,01,서울시 종로구 익선동,종로구,익선동,1000,60,0,28.99,8.77,7,전입 O 종로3가역4분거리 안국역5분거리,https://www.zigbang.com/home/apt/items/49972499
2026-08-08 05:17:06,오피스텔,49953805,월세,02,서울시 종로구 원남동,종로구,원남동,1000,100,0,34.55,10.45,고,분리형1.5룸 .서울대병원도보4분 성대.위너스학원.광화문,https://www.zigbang.com/home/apt/items/49953805
2026-08-08 05:17:06,오피스텔,49932393,매매,02,서울시 종로구 원남동,종로구,원남동,26500,0,26500,34.3,10.38,고,급매 남향  세안고,https://www.zigbang.com/home/apt/items/49932393
2026-08-08 05:17:06,오피스텔,49800900,월세,02,서울시 종로구 원남동,종로구,원남동,1000,100,0,34.26,10.36,중,개인거주O l 1.5룸 분리형 l 탁트인뷰,https://www.zigbang.com/home/apt/items/49800900
2026-08-08 05:17:06,오피스텔,49922414,매매,01,서울시 종로구 익선동,종로구,익선동,14000,0,14000,31.54,9.54,4,월세승계조건 역세권 공실없는곳,https://www.zigbang.com/home/apt/items/49922414
2026-08-08 05:17:07,오피스텔,49974230,월세,02,서울시 중랑구 상봉동,중랑구,상봉동,12000,39,0,27,8.17,7,안심매물 청년버팀목HF 신축 상봉역4분 분리형원룸 반전세,https://www.zigbang.com/home/apt/items/49974230
2026-08-08 05:17:07,오피스텔,49950687,월세,02,서울시 중랑구 상봉동,중랑구,상봉동,12000,39,0,40,12.1,7,대출O l 보증보험O l 상봉역세권 l 풀옵션 분리형,https://www.zigbang.com/home/apt/items/49950687
2026-08-08 05:17:07,오피스텔,49976739,월세,01,서울시 중랑구 상봉동,중랑구,상봉동,1000,70,0,20.78,6.29,17,강추 상봉역30초 풀옵션원룸 빠른입주 기계식주차,https://www.zigbang.com/home/apt/items/49976739
2026-08-08 05:17:07,오피스텔,49813470,전세,03,서울시 중랑구 상봉동,중랑구,상봉동,20000,0,0,35.08,10.61,저,ꯁ 선착순 전세 ꯁ 위버루체 전매물 보유 찐 최저가 ꯁ,https://www.zigbang.com/home/apt/items/49813470
2026-08-08 05:17:07,오피스텔,49934689,월세,02,서울시 중랑구 상봉동,중랑구,상봉동,12000,39,0,29.02,8.78,중,버팀목ok 보증보험ok 상봉역 풀옵션 신축급,https://www.zigbang.com/home/apt/items/49934689
2026-08-08 05:17:07,오피스텔,49864388,월세,02,서울시 중랑구 상봉동,중랑구,상봉동,5000,79,0,39.28,11.88,20,상봉역4분 퀄리티최상 탑충풀옵션1.5룸  반려동물가능,https://www.zigbang.com/home/apt/items/49864388
2026-08-08 05:17:07,오피스텔,49982124,월세,02,서울시 중랑구 상봉동,중랑구,상봉동,12000,40,0,16.93,5.12,7,상봉역세권  분리형원룸,https://www.zigbang.com/home/apt/items/49982124
2026-08-08 05:17:07,오피스텔,49889601,월세,01,서울시 중랑구 상봉동,중랑구,상봉동,15600,25,0,24,7.26,중,"O버팀목,보험O대로변 상봉역1분 주차가능 상봉타워",https://www.zigbang.com/home/apt/items/49889601
2026-08-08 05:17:07,오피스텔,49899830,월세,04,서울시 중랑구 상봉동,중랑구,상봉동,2000,130,0,64,19.36,고,상봉.망우역세권.투룸.화1.주차가능.반려묘가능,https://www.zigbang.com/home/apt/items/49899830
2026-08-08 05:17:07,오피스텔,49883022,월세,01,서울시 중랑구 상봉동,중랑구,상봉동,15600,25,0,28.1,8.5,고,"HF대출O, 보증보험O, 상봉역 도보1분 오피스텔 원룸",https://www.zigbang.com/home/apt/items/49883022
2026-08-08 05:17:07,오피스텔,49899835,월세,03,서울시 중랑구 상봉동,중랑구,상봉동,22000,5,0,32.84,9.93,고,상봉.망우역도보5분.더블복층형.전입.주차.9월29일협의,https://www.zigbang.com/home/apt/items/49899835
2026-08-08 05:17:07,오피스텔,49790661,전세,03,서울시 중랑구 상봉동,중랑구,상봉동,22000,0,0,32.84,9.93,중,입주여유 ꯁ 실매물 최저가 ꯁ 보증보험되는 귀한전세 ꯁ,https://www.zigbang.com/home/apt/items/49790661
2026-08-08 05:17:09,오피스텔,49982399,월세,01,서울시 강동구 천호동,강동구,천호동,1000,84,0,54.14,16.38,17,주거용 월세.,https://www.zigbang.com/home/apt/items/49982399
2026-08-08 05:17:09,오피스텔,49743051,월세,01,서울시 강동구 천호동,강동구,천호동,15900,25,0,54.14,16.38,35,"푸르지오 주거용 반전세. 전세대출, 보증보험 가능",https://www.zigbang.com/home/apt/items/49743051
2026-08-08 05:17:09,오피스텔,49970421,월세,01,서울시 강동구 천호동,강동구,천호동,150,115,0,53.83,16.28,16,"단기임대 침대,tv,쇼파.세탁기등 풀옵션,교통및주차편리",https://www.zigbang.com/home/apt/items/49970421
2026-08-08 05:17:09,오피스텔,49904707,전세,03,서울시 강동구 암사동,강동구,암사동,17860,0,0,23.84,7.21,4,"융자 및 위반X, 보증보험 및 대출 OK, 선착순 계약",https://www.zigbang.com/home/apt/items/49904707
2026-08-08 05:17:09,오피스텔,49662403,매매,01,서울시 강동구 천호동,강동구,천호동,17900,0,17900,54.21,16.4,중,천호역 6분 수익률 좋은 풀옵션 오피스텔,https://www.zigbang.com/home/apt/items/49662403
2026-08-08 05:17:09,오피스텔,49903797,매매,04,서울시 강동구 천호동,강동구,천호동,40000,0,40000,49.05,14.84,4,위치좋은 공원바로앞 대출가능 2룸 풀옵션 27년봄입주가능,https://www.zigbang.com/home/apt/items/49903797
2026-08-08 05:17:11,오피스텔,49701708,월세,01,경기도 김포시 운양동,김포시,운양동,500,45,0,53.46,16.17,8,"원룸, 업무용, 전입불가, 9월말일 이사가능",https://www.zigbang.com/home/apt/items/49701708
2026-08-08 05:17:11,오피스텔,49881409,전세,01,경기도 김포시 운양동,김포시,운양동,7800,0,0,53.39,16.15,5,빠른입주 환한호실 전세대출보증보험가능 초역세권,https://www.zigbang.com/home/apt/items/49881409
2026-08-08 05:17:11,오피스텔,49965856,월세,02,경기도 김포시 운양동,김포시,운양동,500,60,0,53.46,16.17,고,"1.5룸 분리형, 전입신고, 8월중순이후 입주가능",https://www.zigbang.com/home/apt/items/49965856
2026-08-08 05:17:11,오피스텔,49986191,월세,04,경기도 김포시 운양동,김포시,운양동,3000,100,0,148.14,44.81,4,귀한2룸 전입가능 화장실2  신혼부부추천 전용20평,https://www.zigbang.com/home/apt/items/49986191
2026-08-08 05:17:11,오피스텔,49874019,전세,01,경기도 김포시 운양동,김포시,운양동,8500,0,0,54.18,16.39,9,"10월중, 개방감굿, 풀옵션, 주거용, 월세8만원,융자무",https://www.zigbang.com/home/apt/items/49874019
2026-08-08 05:17:11,오피스텔,49980434,월세,02,경기도 김포시 운양동,김포시,운양동,500,58,0,65.52,19.82,3,"10월중 , 주거용, 분리형1.5룸,  조용하고 개방감굿",https://www.zigbang.com/home/apt/items/49980434
2026-08-08 05:17:11,오피스텔,49873767,전세,02,경기도 김포시 운양동,김포시,운양동,11000,0,0,67.8,20.51,고,"10월말 ,  분리형1.5룸,   풀옵션, 전세자금대출협조",https://www.zigbang.com/home/apt/items/49873767
2026-08-08 05:17:11,오피스텔,49734356,전세,01,경기도 김포시 운양동,김포시,운양동,8500,0,0,54.45,16.47,6,한강조망 테라스있는방 빠른입주가 버팀목가능 운양역초역세권,https://www.zigbang.com/home/apt/items/49734356
2026-08-08 05:17:12,오피스텔,49364597,월세,03,경기도 파주시 다율동,파주시,다율동,500,70,0,26.75,8.09,4,풀옵션 복층 사무실 전입불가 전용13평 엄청넓음,https://www.zigbang.com/home/apt/items/49364597
2026-08-08 05:17:12,오피스텔,49908123,월세,03,경기도 파주시 다율동,파주시,다율동,500,65,0,88.43,26.75,고,업무용.전용13평.천장형냉난방기.주방풀옵션.개별화장실.,https://www.zigbang.com/home/apt/items/49908123
2026-08-08 05:17:12,오피스텔,49871899,월세,03,경기도 파주시 다율동,파주시,다율동,1000,80,0,103.04,31.17,고,엄청넓은 복층형 전용16 풀옵션 남향,https://www.zigbang.com/home/apt/items/49871899
2026-08-08 05:17:13,오피스텔,49957693,월세,01,경기도 고양시 일산동구 장항동,고양시 일산동구,장항동,3000,33,0,46.28,14.0,6,"9월 중순 입주,  깨끗, 주소이전 가능",https://www.zigbang.com/home/apt/items/49957693
2026-08-08 05:17:13,오피스텔,49961974,월세,01,경기도 고양시 일산동구 장항동,고양시 일산동구,장항동,100,75,0,59,17.85,3,역세권 넓은 원룸입니다,https://www.zigbang.com/home/apt/items/49961974
2026-08-08 05:17:13,오피스텔,49973368,월세,01,경기도 고양시 일산동구 장항동,고양시 일산동구,장항동,100,88,0,66,19.96,14,단기 장기 사용도 가능 방거실 별도,https://www.zigbang.com/home/apt/items/49973368
2026-08-08 05:17:13,오피스텔,49977539,월세,01,경기도 고양시 일산동구 장항동,고양시 일산동구,장항동,500,45,0,42,12.7,9,동남향   정발산 역세권,https://www.zigbang.com/home/apt/items/49977539
2026-08-08 05:17:13,오피스텔,49976405,월세,04,경기도 고양시 일산동구 장항동,고양시 일산동구,장항동,300,120,0,85.95,26.0,9,"凹凹 단ㄱ ㅣ  투룸거실 오피스텔 凹凹TV, 침대 풀옵션",https://www.zigbang.com/home/apt/items/49976405
2026-08-08 05:17:13,오피스텔,49897387,월세,01,경기도 고양시 일산동구 장항동,고양시 일산동구,장항동,500,45,0,42,12.7,6,실제집사진 올가전교체 아담한단층 가장저렴한월세입니다,https://www.zigbang.com/home/apt/items/49897387
2026-08-08 05:17:13,오피스텔,49727869,월세,01,경기도 고양시 일산서구 탄현동,고양시 일산서구,탄현동,1000,32,0,39.66,12.0,8,"탄현역풀옵션원룸,탄현역도보5분거리",https://www.zigbang.com/home/apt/items/49727869
2026-08-08 05:17:13,오피스텔,49973294,월세,03,경기도 고양시 일산동구 장항동,고양시 일산동구,장항동,100,88,0,62.81,19.0,14,凹凹  거실  방1 복층 홈바구조 단기凹凹,https://www.zigbang.com/home/apt/items/49973294
2026-08-08 05:17:13,오피스텔,49964059,월세,02,경기도 고양시 일산동구 장항동,고양시 일산동구,장항동,100,85,0,59.52,18.0,14,빠른입주외부전망  방 1개 거실 분리형   홈빠형 복층,https://www.zigbang.com/home/apt/items/49964059
2026-08-08 05:17:13,오피스텔,49976541,월세,03,경기도 고양시 일산동구 장항동,고양시 일산동구,장항동,100,80,0,56,16.94,14,凹凹저렴한 복층 단기凹凹,https://www.zigbang.com/home/apt/items/49976541
2026-08-08 05:17:13,오피스텔,49963896,월세,03,경기도 고양시 일산동구 장항동,고양시 일산동구,장항동,300,60,0,56.2,17.0,5,"홈빠형 복층,  옵션풀교체, 외부전망",https://www.zigbang.com/home/apt/items/49963896
2026-08-08 05:17:13,오피스텔,49959815,월세,01,경기도 고양시 덕양구 화정동,고양시 덕양구,화정동,1000,57,0,52.89,16.0,21,초역세권 광장뷰 깨끗 구조 좋아요,https://www.zigbang.com/home/apt/items/49959815
2026-08-08 05:17:16,오피스텔,49944084,월세,03,경기도 파주시 월롱면 덕은리,파주시,월롱면,200,30,0,66.65,20.16,6,"남향,도배깨끗, 전입신고 가능한  풀옵션 오피스텔",https://www.zigbang.com/home/apt/items/49944084
2026-08-08 05:17:16,오피스텔,49931847,월세,03,경기도 파주시 월롱면 덕은리,파주시,월롱면,200,30,0,66.65,20.16,고,"즉시 입주, 깨끗하고 전입신고 가능한 풀옵션 오피스텔",https://www.zigbang.com/home/apt/items/49931847
2026-08-08 05:17:17,오피스텔,49919056,월세,03,서울시 은평구 대조동,은평구,대조동,1000,90,0,41.55,12.57,10,"3,6호선 및 GTX연신내역1분신축급 풀옵복층오피스텔 월세",https://www.zigbang.com/home/apt/items/49919056
2026-08-08 05:17:17,오피스텔,49938615,전세,02,서울시 은평구 갈현동,은평구,갈현동,18500,0,0,36.36,11.0,중,연신내인근 모든대출 복층1.5룸 전세 풀옵션 붙박이장,https://www.zigbang.com/home/apt/items/49938615
2026-08-08 05:17:17,오피스텔,49849383,월세,03,서울시 은평구 대조동,은평구,대조동,1000,95,0,30.92,9.35,고,연신내역 메트하임 복층구조 월세,https://www.zigbang.com/home/apt/items/49849383
2026-08-08 05:17:17,오피스텔,49927098,월세,01,경기도 고양시 덕양구 지축동,고양시 덕양구,지축동,3000,60,0,74.02,22.39,2,"지축역 도보6분,신축급,풀옵션,전입가,자주식 광폭주차",https://www.zigbang.com/home/apt/items/49927098
2026-08-08 05:17:17,오피스텔,49708289,전세,04,서울시 은평구 갈현동,은평구,갈현동,25100,0,0,32.99,9.98,중,은평구 모든대출가능 풀옵션2룸 전체벽면붙박이장 컨디션최상급,https://www.zigbang.com/home/apt/items/49708289
2026-08-08 05:17:17,오피스텔,49979176,전세,01,서울시 은평구 대조동,은평구,대조동,13600,0,0,38.45,11.63,6,"연신내역 유진아이디움  오피스텔,전세자금대출,보증보험가능",https://www.zigbang.com/home/apt/items/49979176
2026-08-08 05:17:17,오피스텔,49919205,전세,04,서울시 은평구 갈현동,은평구,갈현동,36000,0,0,64.87,19.62,중,"3,6호선 연신내역 2분 모든대출 가능 풀옵션넓은투룸전세",https://www.zigbang.com/home/apt/items/49919205
2026-08-08 05:17:17,오피스텔,49940433,전세,04,서울시 은평구 갈현동,은평구,갈현동,25100,0,0,56.29,17.03,중,"버팀목,보험가3,6호선,GTX 연신내역9분 막힘없는뷰풀옵션",https://www.zigbang.com/home/apt/items/49940433
2026-08-08 05:17:17,오피스텔,49903645,전세,01,서울시 은평구 대조동,은평구,대조동,13650,0,0,38.45,11.63,6,"대출 및 보증보험, 신축급 트리플 초역세권 최고급 오피스텔",https://www.zigbang.com/home/apt/items/49903645
2026-08-08 05:17:17,오피스텔,49949313,월세,01,경기도 고양시 덕양구 지축동,고양시 덕양구,지축동,1000,65,0,73.72,22.3,고,전입가능 역세권 풀옵션,https://www.zigbang.com/home/apt/items/49949313
2026-08-08 05:17:17,오피스텔,49927559,월세,01,경기도 고양시 덕양구 지축동,고양시 덕양구,지축동,1000,70,0,74.02,22.39,5,"지축역 도보6분,신축급 깔끔,광폭주차,풀옵션,힐링오피스텔",https://www.zigbang.com/home/apt/items/49927559
2026-08-08 05:17:17,오피스텔,49739554,월세,01,서울시 은평구 갈현동,은평구,갈현동,13000,19,0,28.59,8.65,고,버팀목 허그대출 연신내역 안심귀가 이중보안 일렬주차,https://www.zigbang.com/home/apt/items/49739554
2026-08-08 05:17:17,오피스텔,49609374,월세,01,서울시 은평구 대조동,은평구,대조동,10000,34,0,28.72,8.69,고,"보증보험O,실9평넓은원룸,관리인有안심귀가.연신내역 도보3분",https://www.zigbang.com/home/apt/items/49609374
2026-08-08 05:17:17,오피스텔,49933308,월세,03,서울시 은평구 대조동,은평구,대조동,1000,90,0,30.92,9.35,고,"신축급 복층, 트리플 초역세권 최고급 밝고 깨끗, 즉시입주",https://www.zigbang.com/home/apt/items/49933308
2026-08-08 05:17:17,오피스텔,49931407,월세,04,경기도 고양시 덕양구 지축동,고양시 덕양구,지축동,50,130,0,29.8,9.01,고,다락이 방보다 복층 넓은 오피스텔,https://www.zigbang.com/home/apt/items/49931407
2026-08-08 05:17:17,오피스텔,49833758,전세,03,서울시 도봉구 방학동,도봉구,방학동,14000,0,0,26.45,8.0,14,방학신화하니엘시티 LH.SH 전세,https://www.zigbang.com/home/apt/items/49833758
2026-08-08 05:17:17,오피스텔,49944533,월세,01,서울시 도봉구 방학동,도봉구,방학동,180,73,0,33.05,10.0,고,"신축급풀옵션, 단기가능.역세권 방학역1분, 주차가",https://www.zigbang.com/home/apt/items/49944533
2026-08-08 05:17:17,오피스텔,49943231,월세,03,서울시 도봉구 방학동,도봉구,방학동,500,62,0,32.07,9.7,저,"방학 신화하니엘시티 월세, 전입신고 가능",https://www.zigbang.com/home/apt/items/49943231
2026-08-08 05:17:17,오피스텔,49977468,월세,01,서울시 도봉구 방학동,도봉구,방학동,500,65,0,29.75,9.0,6,"신축급풀옵션 즉시입주  시설깨끗 초역세권 방학역 ,주차가",https://www.zigbang.com/home/apt/items/49977468
2026-08-08 05:17:17,오피스텔,49695378,월세,01,서울시 노원구 상계동,노원구,상계동,500,65,0,55.76,16.87,중,노원역 초 역세권 풀 옵션 큰 방 원룸 전입가능 남향,https://www.zigbang.com/home/apt/items/49695378
2026-08-08 05:17:17,오피스텔,49674451,월세,03,서울시 노원구 상계동,노원구,상계동,500,67,0,52,15.73,중,노원역 도보 2분 풀옵션 복층 전입가능한 오피스텔,https://www.zigbang.com/home/apt/items/49674451
2026-08-08 05:17:17,오피스텔,49979332,월세,01,서울시 노원구 공릉동,노원구,공릉동,7500,9,0,21,6.35,고,"여성전용, 역세권 넓은 원룸 빠른입주 가능",https://www.zigbang.com/home/apt/items/49979332
2026-08-08 05:17:17,오피스텔,49865245,월세,01,서울시 노원구 상계동,노원구,상계동,500,60,0,26.45,8.0,고,소담빌 오피스텔도시형생활주택,https://www.zigbang.com/home/apt/items/49865245
2026-08-08 05:17:17,오피스텔,49865196,월세,01,서울시 노원구 상계동,노원구,상계동,500,60,0,26.45,8.0,고,소담빌 오피스텔및도시형생활주택,https://www.zigbang.com/home/apt/items/49865196
2026-08-08 05:17:17,오피스텔,49865234,매매,01,서울시 노원구 상계동,노원구,상계동,10000,0,10000,26.45,8.0,8,노원역 신축 원룸 오피스텔,https://www.zigbang.com/home/apt/items/49865234
2026-08-08 05:17:17,오피스텔,49957860,월세,01,서울시 노원구 상계동,노원구,상계동,500,60,0,26.45,8.0,고,도시형생활주택 및 오피스텔,https://www.zigbang.com/home/apt/items/49957860
2026-08-08 05:17:17,오피스텔,49865178,매매,01,서울시 노원구 상계동,노원구,상계동,10000,0,10000,26.45,8.0,고,소담빌오피스텔및도시형생활주택,https://www.zigbang.com/home/apt/items/49865178
2026-08-08 05:17:17,오피스텔,49890281,월세,03,서울시 노원구 상계동,노원구,상계동,1000,85,0,39.35,11.9,중,"신축 호텔느낌 오피스텔  노원역 1분거리 초역세권,전입불가",https://www.zigbang.com/home/apt/items/49890281
2026-08-08 05:17:17,오피스텔,49890178,월세,01,서울시 노원구 상계동,노원구,상계동,1000,85,0,47.86,14.48,고,노원 초 역세권 특올수리 오피스텔 업무용,https://www.zigbang.com/home/apt/items/49890178
2026-08-08 05:17:17,오피스텔,49745445,월세,01,서울시 노원구 상계동,노원구,상계동,9700,20,0,26,7.86,고,LH SH 모든대출 보증보험 엘베  풀옵션  노원역도보가능,https://www.zigbang.com/home/apt/items/49745445
2026-08-08 05:17:17,오피스텔,49953940,월세,01,서울시 노원구 상계동,노원구,상계동,150,55,0,28.24,8.54,2,상계동 중앙프라자 풀옵션 단기 월세,https://www.zigbang.com/home/apt/items/49953940
2026-08-08 05:17:17,오피스텔,49954358,월세,01,서울시 노원구 상계동,노원구,상계동,150,55,0,28.24,8.54,2,상계역이용가능 풀옵션 원룸 단기월세,https://www.zigbang.com/home/apt/items/49954358
2026-08-08 05:17:17,오피스텔,49904397,매매,05,경기도 의정부시 호원동,의정부시,호원동,24000,0,24000,89.48,27.07,5,신혼부부들께 강추드리는 인기있는 3룸 구조,https://www.zigbang.com/home/apt/items/49904397
2026-08-08 05:17:17,오피스텔,49875483,매매,01,서울시 도봉구 창동,도봉구,창동,16500,0,16500,25.24,7.64,10,"쌍문역 도보 3분 대로변 남향 풀옵션, 몸만 오세요",https://www.zigbang.com/home/apt/items/49875483
2026-08-08 05:17:17,오피스텔,49780171,전세,04,서울시 도봉구 창동,도봉구,창동,20500,0,0,41.8,12.64,고,창동 라르플레이스 전세,https://www.zigbang.com/home/apt/items/49780171
2026-08-08 05:17:18,오피스텔,49856859,월세,01,경기도 의정부시 의정부동,의정부시,의정부동,50,55,0,39.18,11.85,고,보증금최저풀옵션주차가능 단기가능,https://www.zigbang.com/home/apt/items/49856859
2026-08-08 05:17:18,오피스텔,49973600,월세,01,경기도 의정부시 의정부동,의정부시,의정부동,1000,58,0,45.6,13.79,중,넓은방ㅣ9월 입주ㅣ전입Oㅣ주차Oㅣ풀옵션,https://www.zigbang.com/home/apt/items/49973600
2026-08-08 05:17:18,오피스텔,49890395,매매,04,경기도 의정부시 의정부동,의정부시,의정부동,17000,0,17000,62.43,18.88,중,"저렴한 매매, 중앙역앞 구조좋은 신축급 2룸, 남향",https://www.zigbang.com/home/apt/items/49890395
2026-08-08 05:17:18,오피스텔,49949282,월세,01,경기도 의정부시 의정부동,의정부시,의정부동,500,50,0,34.85,10.54,저,SH반려동물가능v주차가능v신축급풀옵션SH,https://www.zigbang.com/home/apt/items/49949282
2026-08-08 05:17:18,오피스텔,49922443,월세,01,경기도 의정부시 의정부동,의정부시,의정부동,500,50,0,34.85,10.54,저,ㅡ 애완동물ㅣ주차OKㅣ높은층고 ㅡ 공원앞ㅣ중심상권ㅣ풀옵션,https://www.zigbang.com/home/apt/items/49922443
2026-08-08 05:17:18,오피스텔,49305358,월세,01,경기도 의정부시 용현동,의정부시,용현동,100,45,0,37.58,11.37,2,단기.송산역역세권.풀옵션.주차가능,https://www.zigbang.com/home/apt/items/49305358
2026-08-08 05:17:18,오피스텔,49900959,월세,01,경기도 구리시 갈매동,구리시,갈매동,500,65,0,71.29,21.57,고,인기많은 스칸센 오피스텔. 전입X 부별.,https://www.zigbang.com/home/apt/items/49900959
2026-08-08 05:17:18,오피스텔,49980030,매매,01,경기도 구리시 갈매동,구리시,갈매동,13000,0,13000,71.29,21.57,8,"사정상 엄청 급매 , 풀옵션 고급가구,세안고 매매",https://www.zigbang.com/home/apt/items/49980030
2026-08-08 05:17:18,오피스텔,49888363,월세,01,경기도 남양주시 호평동,남양주시,호평동,2000,37,0,31.79,9.62,5,풀옵션원룸 조망,https://www.zigbang.com/home/apt/items/49888363
2026-08-08 05:17:18,오피스텔,49888380,월세,01,경기도 남양주시 호평동,남양주시,호평동,500,57,0,49.02,14.83,6,풀옵션 큰원룸 입주협의,https://www.zigbang.com/home/apt/items/49888380
2026-08-08 05:17:18,오피스텔,49976382,월세,01,경기도 남양주시 호평동,남양주시,호평동,500,42,0,34.97,10.58,중,풀옵션원룸 내부조망 9.16입주가,https://www.zigbang.com/home/apt/items/49976382
2026-08-08 05:17:18,오피스텔,49977712,월세,02,경기도 남양주시 호평동,남양주시,호평동,1000,51,0,44.98,13.61,3,풀옵션 분리형 내부조망,https://www.zigbang.com/home/apt/items/49977712
2026-08-08 05:17:19,오피스텔,49819189,월세,04,경기도 의정부시 고산동,의정부시,고산동,1000,100,0,55.1,16.67,저,ㅿ풀옵션ㅿ방2화2ㅿ주차편리ㅿ쾌적한 남향구조ㅿ입주협의ㅿ,https://www.zigbang.com/home/apt/items/49819189
2026-08-08 05:17:19,오피스텔,49825696,월세,04,경기도 의정부시 고산동,의정부시,고산동,1000,100,0,134.01,40.54,저,"넓은투룸,방2화2,업무용,풀옵션완비,10월하순입주협의",https://www.zigbang.com/home/apt/items/49825696
2026-08-08 05:17:19,오피스텔,49959333,월세,05,경기도 의정부시 고산동,의정부시,고산동,4000,95,0,164.95,49.9,중,"귀한월세,방3화1,풀옵션,전입가능,몸만오세요,반려동물OK",https://www.zigbang.com/home/apt/items/49959333
2026-08-08 05:17:19,오피스텔,49801482,전세,02,경기도 의정부시 고산동,의정부시,고산동,12000,0,0,24.03,7.27,고,일반대출가능ㅣ풀옵션ㅣ주차최고,https://www.zigbang.com/home/apt/items/49801482
2026-08-08 05:17:19,오피스텔,49959300,월세,02,경기도 의정부시 고산동,의정부시,고산동,1000,95,0,114.26,34.56,고,"풀옵션,방1화1,몸만오세요,전입가능귀한월세",https://www.zigbang.com/home/apt/items/49959300
2026-08-08 05:17:19,오피스텔,49919290,월세,03,경기도 남양주시 진접읍 장현리,남양주시,진접읍,300,50,0,21,6.35,11,장현시내 오피스텔,https://www.zigbang.com/home/apt/items/49919290
2026-08-08 05:17:19,오피스텔,49933283,월세,03,경기도 남양주시 진접읍 장현리,남양주시,진접읍,300,50,0,21,6.35,6,장현시내 오피스텔,https://www.zigbang.com/home/apt/items/49933283
2026-08-08 05:17:19,오피스텔,49874388,월세,03,경기도 남양주시 진접읍 장현리,남양주시,진접읍,300,50,0,27.93,8.45,중,진접에서 가장 깨끗하고 고급스러운  남향 원룸 복층,https://www.zigbang.com/home/apt/items/49874388
2026-08-08 05:17:19,오피스텔,49880037,월세,02,경기도 남양주시 진접읍 장현리,남양주시,진접읍,500,70,0,40,12.1,중,장현 스카이마크,https://www.zigbang.com/home/apt/items/49880037
2026-08-08 05:17:19,오피스텔,49959812,월세,03,경기도 남양주시 진접읍 장현리,남양주시,진접읍,300,50,0,21,6.35,15,장현시내 오피스텔,https://www.zigbang.com/home/apt/items/49959812
2026-08-08 05:17:19,오피스텔,49980323,월세,03,경기도 남양주시 진접읍 장현리,남양주시,진접읍,200,50,0,27.93,8.45,고,남서향으로 해 잘드는 곳입니다,https://www.zigbang.com/home/apt/items/49980323
2026-08-08 05:17:19,오피스텔,49844239,월세,02,경기도 남양주시 진접읍 장현리,남양주시,진접읍,500,70,0,40.93,12.38,중,고층 남향 1.5 룸 입니다,https://www.zigbang.com/home/apt/items/49844239
2026-08-08 05:17:20,오피스텔,49850506,전세,05,경기도 양주시 덕계동,양주시,덕계동,24900,0,0,70.43,21.3,2,"왕왕 추천,에어컨2대,엘리베이터,빠른입주가능해요",https://www.zigbang.com/home/apt/items/49850506
2026-08-08 05:17:20,오피스텔,49940582,월세,02,경기도 양주시 광사동,양주시,광사동,500,65,0,40,12.1,6,"즉시입주가능한 오피스텔,풀옵션,스타일러,상권좋고 주차가능",https://www.zigbang.com/home/apt/items/49940582
2026-08-08 05:17:20,오피스텔,49940515,월세,01,경기도 양주시 광사동,양주시,광사동,500,55,0,38.49,11.64,7,"첫입주 오피스텔,주차가능,즉시입주,풀옵션,전입신고,애견가능",https://www.zigbang.com/home/apt/items/49940515
2026-08-08 05:17:20,오피스텔,49986632,월세,02,경기도 동두천시 생연동,동두천시,생연동,500,40,0,23.14,7.0,4,"청소완료..중앙역 초역세권, 승강기, 주방분리형 풀옵션",https://www.zigbang.com/home/apt/items/49986632
2026-08-08 05:17:20,오피스텔,49901258,월세,03,경기도 양주시 옥정동,양주시,옥정동,100,63,0,41.12,12.44,3,선납방X 단기가능 옥정신도시 입주날짜확인,https://www.zigbang.com/home/apt/items/49901258
2026-08-08 05:17:20,오피스텔,49901818,월세,04,경기도 양주시 옥정동,양주시,옥정동,300,110,0,74.05,22.4,고,ㅡㅡNEW단기임대 가능 신축 투룸 북층형 오피스텔,https://www.zigbang.com/home/apt/items/49901818
2026-08-08 05:17:20,오피스텔,49901187,월세,03,경기도 양주시 옥정동,양주시,옥정동,100,65,0,45.76,13.84,5,선납방Xl 단기임대 l 신축 북층형 오피스텔,https://www.zigbang.com/home/apt/items/49901187
2026-08-08 05:17:20,오피스텔,49901752,월세,04,경기도 양주시 옥정동,양주시,옥정동,300,100,0,100.63,30.44,4,선납방X  옥정유일한 단기임대 l 투룸 l,https://www.zigbang.com/home/apt/items/49901752
2026-08-08 05:17:23,오피스텔,49978615,월세,01,경기도 이천시 중리동,이천시,중리동,500,60,0,52.67,15.93,7,"인기A타입,이천터미널 인근",https://www.zigbang.com/home/apt/items/49978615
2026-08-08 05:17:23,오피스텔,49809938,매매,01,경기도 이천시 창전동,이천시,창전동,7900,0,7900,21.02,6.36,중,수익률 8프로이상 풀옵션 50만원씩 월세 받으실분,https://www.zigbang.com/home/apt/items/49809938
2026-08-08 05:17:23,오피스텔,49854629,월세,01,경기도 이천시 안흥동,이천시,안흥동,500,60,0,35,10.59,17,코아루휴티 월세,https://www.zigbang.com/home/apt/items/49854629
2026-08-08 05:17:23,오피스텔,49971562,월세,01,경기도 이천시 안흥동,이천시,안흥동,500,51,0,54.9,16.61,18,양우내안애오피스텔 9월말입주,https://www.zigbang.com/home/apt/items/49971562
2026-08-08 05:17:23,오피스텔,49937365,매매,02,경기도 이천시 중리동,이천시,중리동,11800,0,11800,59,17.85,9,급매  전세보다 싼 매매,https://www.zigbang.com/home/apt/items/49937365
2026-08-08 05:17:23,오피스텔,49961815,월세,01,경기도 이천시 중리동,이천시,중리동,500,53,0,46.23,13.98,20,센트럴시티 원룸 풀옵션,https://www.zigbang.com/home/apt/items/49961815
2026-08-08 05:17:23,오피스텔,49982560,월세,01,경기도 이천시 창전동,이천시,창전동,200,55,0,33,9.98,고,준신축 오피스텔 내부 넓고 위치 최고 풀옵션 주차1대가능,https://www.zigbang.com/home/apt/items/49982560
2026-08-08 05:17:23,오피스텔,49960511,월세,05,경기도 이천시 중리동,이천시,중리동,160,80,0,87.11,26.35,5,이천종합터미널 인근 신축 쓰리룸 컨디션 굿 실거주만족도 굿,https://www.zigbang.com/home/apt/items/49960511
2026-08-08 05:17:23,오피스텔,49859136,월세,01,경기도 이천시 창전동,이천시,창전동,200,55,0,49.59,15.0,중,중앙사거리 이븐오피스텔,https://www.zigbang.com/home/apt/items/49859136
2026-08-08 05:17:23,오피스텔,49667340,전세,01,경기도 이천시 안흥동,이천시,안흥동,10000,0,0,63,19.06,고,코아루휴티스 신축  일반오피스텔과 차별화,https://www.zigbang.com/home/apt/items/49667340
2026-08-08 05:17:26,오피스텔,49874106,월세,01,강원도 원주시 단계동,원주시,단계동,100,65,0,49.11,14.86,8,초단기가능 양면창 남동향 뷰최상 24년신축 플레이스 즉시입,https://www.zigbang.com/home/apt/items/49874106
2026-08-08 05:17:34,오피스텔,49705080,전세,01,강원도 춘천시 소양로1가,춘천시,소양로1가,8500,0,0,45.82,13.86,4,"LH전세대출가능, 소양강뷰 일품 ,풀옵션,8월 14일 입주",https://www.zigbang.com/home/apt/items/49705080
2026-08-08 05:17:34,오피스텔,49759937,월세,01,강원도 춘천시 요선동,춘천시,요선동,300,50,0,33.06,10.0,7,너무 좋은 위치 테라스 있는 오피스텔,https://www.zigbang.com/home/apt/items/49759937
2026-08-08 05:17:34,오피스텔,49459307,전세,02,강원도 춘천시 요선동,춘천시,요선동,9000,0,0,48,14.52,9,분리형원룸으로 풀옵션.전입확정일자가능 6월말입주가능,https://www.zigbang.com/home/apt/items/49459307
2026-08-08 05:17:34,오피스텔,49945660,전세,01,강원도 춘천시 소양로1가,춘천시,소양로1가,8000,0,0,45.73,13.83,13,"전세대출가능,   풀옵션, 소양강뷰최고, 빠른입주가능",https://www.zigbang.com/home/apt/items/49945660
2026-08-08 05:17:34,오피스텔,49759924,월세,01,강원도 춘천시 소양로1가,춘천시,소양로1가,500,50,0,33.06,10.0,8,환상의 조망 최고의 뷰. 럭셔리 AAA급,https://www.zigbang.com/home/apt/items/49759924
2026-08-08 05:17:34,오피스텔,49759933,월세,02,강원도 춘천시 소양로1가,춘천시,소양로1가,500,60,0,46.28,14.0,중,환상의 뷰를 자랑하는 스마트 오피스텔,https://www.zigbang.com/home/apt/items/49759933
2026-08-08 05:17:34,오피스텔,49966427,월세,01,강원도 춘천시 소양로1가,춘천시,소양로1가,300,50,0,45.73,13.83,14,"착한보증금, 소양강뷰 , 풀옵션, 원룸  빠른입주가능",https://www.zigbang.com/home/apt/items/49966427
2026-08-08 05:18:00,오피스텔,49958107,월세,01,강원도 원주시 반곡동,원주시,반곡동,500,45,0,53.14,16.07,중,"9월중순, 전망, 전입, 건강보험공단 맞은편",https://www.zigbang.com/home/apt/items/49958107
2026-08-08 05:18:00,오피스텔,49924211,월세,01,강원도 원주시 반곡동,원주시,반곡동,500,55,0,61.26,18.53,고,"전망, 세금계산서 가능, 건강보험공단 맞은편",https://www.zigbang.com/home/apt/items/49924211
2026-08-08 05:18:00,오피스텔,49898011,월세,01,강원도 원주시 반곡동,원주시,반곡동,500,50,0,58.99,17.84,15,"고층 관광공사,건보도보권위치,전망최상 주차편리 9월초",https://www.zigbang.com/home/apt/items/49898011
2026-08-08 05:18:00,오피스텔,49727086,전세,01,강원도 원주시 반곡동,원주시,반곡동,8000,0,0,61.26,18.53,중,"즉시입주,전세대출 협조, 융무,전입, 건강보허공단 맞은편",https://www.zigbang.com/home/apt/items/49727086
2026-08-08 05:18:00,오피스텔,49947396,전세,01,강원도 원주시 반곡동,원주시,반곡동,10000,0,0,56.97,17.23,고,"빠른입주,남향,융무,전세대출,보증보험 협조, 심평원 맞은편",https://www.zigbang.com/home/apt/items/49947396
2026-08-08 05:18:00,오피스텔,49827585,월세,01,강원도 원주시 반곡동,원주시,반곡동,500,50,0,60.4,18.27,고,"8월중순, 전망, 건강보험공단 맞은편",https://www.zigbang.com/home/apt/items/49827585
2026-08-08 05:18:21,오피스텔,49839080,월세,01,강원도 강릉시 교동,강릉시,교동,300,55,0,50.92,15.4,9,"9층,즉시 입주가능",https://www.zigbang.com/home/apt/items/49839080
2026-08-08 05:18:21,오피스텔,49951310,전세,01,강원도 강릉시 유천동,강릉시,유천동,6000,0,0,33,9.98,4,전입신고가능  풀옵션   주차시설편리  침대있음  즉시,https://www.zigbang.com/home/apt/items/49951310
2026-08-08 05:18:21,오피스텔,49828134,월세,01,강원도 강릉시 유천동,강릉시,유천동,300,48,0,39.66,12.0,3,뻥뷰  풀옵션 주차편리 전입신고가능  단기가능,https://www.zigbang.com/home/apt/items/49828134
2026-08-08 05:18:21,오피스텔,49882382,월세,01,강원도 강릉시 유천동,강릉시,유천동,300,50,0,39.67,12.0,5,주차편리  전입신고가능   풀옵션  침대있음  단기가능,https://www.zigbang.com/home/apt/items/49882382
2026-08-08 05:18:21,오피스텔,49908715,월세,01,강원도 강릉시 홍제동,강릉시,홍제동,300,53,0,43,13.01,7,풀옵션  도시가스  전입신고가능  남향   주차시설 단기가,https://www.zigbang.com/home/apt/items/49908715
2026-08-08 05:19:02,오피스텔,49785578,월세,01,강원도 속초시 교동,속초시,교동,50,73,0,57.93,17.52,6,속초중심지 풀옵션 레지던스,https://www.zigbang.com/home/apt/items/49785578
2026-08-08 05:19:02,오피스텔,49804336,월세,01,강원도 속초시 교동,속초시,교동,300,45,0,26.45,8.0,17,전입신고가능 원룸형도시형생활주택,https://www.zigbang.com/home/apt/items/49804336
2026-08-08 05:19:02,오피스텔,49785366,월세,01,강원도 속초시 교동,속초시,교동,220,64,0,57.93,17.52,6,"청초호수공원, 오션뷰를 갖춘 풀옵션 레지던스",https://www.zigbang.com/home/apt/items/49785366
2026-08-08 05:19:02,오피스텔,49732275,월세,01,강원도 속초시 조양동,속초시,조양동,500,50,0,26.45,8.0,19,원룸형 3개월 6개월단기 가능,https://www.zigbang.com/home/apt/items/49732275
2026-08-08 05:19:02,오피스텔,49984171,월세,02,강원도 속초시 조양동,속초시,조양동,1000,60,0,46.28,14.0,27,고층형  코아루월세,https://www.zigbang.com/home/apt/items/49984171
2026-08-08 05:19:02,오피스텔,49785706,월세,01,강원도 속초시 영랑동,속초시,영랑동,200,54,0,40.91,12.38,12,"속초바다 한달살이, 호텔식 풀옵션",https://www.zigbang.com/home/apt/items/49785706
2026-08-08 05:19:02,오피스텔,49785858,월세,01,강원도 속초시 조양동,속초시,조양동,50,67,0,51.51,15.58,6,"한달살기 최적, 침대, 이불, 커피머신까지 모두 제공",https://www.zigbang.com/home/apt/items/49785858
2026-08-08 05:19:02,오피스텔,49785501,월세,01,강원도 속초시 조양동,속초시,조양동,250,66,0,64.06,19.38,중,"가성비 UP, 입주일 조정가능, 풀옵션 레지던스, 무료주차",https://www.zigbang.com/home/apt/items/49785501
2026-08-08 05:19:02,오피스텔,49654510,월세,01,강원도 속초시 중앙동,속초시,중앙동,1000,50,0,29.75,9.0,9,전입x 힐스테이트 오피스텔,https://www.zigbang.com/home/apt/items/49654510
2026-08-08 05:19:02,오피스텔,49785837,월세,01,강원도 속초시 조양동,속초시,조양동,170,59,0,51.51,15.58,5,"속초중심지 풀옵션 레지던스, 무료주차 지원",https://www.zigbang.com/home/apt/items/49785837
2026-08-08 05:19:02,오피스텔,49785562,월세,01,강원도 속초시 조양동,속초시,조양동,170,59,0,30.62,9.26,3,"속초중심지 풀옵션 레지던스, 무료주차 지원",https://www.zigbang.com/home/apt/items/49785562
2026-08-08 05:19:02,오피스텔,49785346,월세,01,강원도 속초시 조양동,속초시,조양동,50,67,0,30.57,9.25,3,가성비 UP 호텔식 풀옵션,https://www.zigbang.com/home/apt/items/49785346
2026-08-08 05:19:02,오피스텔,49804348,월세,01,강원도 속초시 조양동,속초시,조양동,500,50,0,26.45,8.0,10,원룸형 오피스텔입니다,https://www.zigbang.com/home/apt/items/49804348
2026-08-08 05:19:02,오피스텔,49785717,월세,01,강원도 속초시 영랑동,속초시,영랑동,50,61,0,40.91,12.38,12,"단기임대 전용 보증금 할인, 풀옵션 레지던스",https://www.zigbang.com/home/apt/items/49785717
2026-08-08 05:19:02,오피스텔,49785261,월세,01,강원도 속초시 영랑동,속초시,영랑동,200,54,0,47.65,14.41,4,"속초바다 한달살이, 호텔식 풀옵션",https://www.zigbang.com/home/apt/items/49785261
2026-08-08 05:19:02,오피스텔,49785310,월세,01,강원도 속초시 영랑동,속초시,영랑동,50,61,0,47.49,14.37,저,"단기임대 전용 보증금 할인, 풀옵션 레지던스",https://www.zigbang.com/home/apt/items/49785310
