수집시간,매물유형,매물ID,거래유형,방유형,시도,구군,읍면동,보증금(만원),월세(만원),매매가(만원),면적(m2),평,층,제목,URL
2026-05-28 07:17:39,원룸,49132455,월세,01,제주도 서귀포시 대정읍 구억리,서귀포시,대정읍,300,50,0,40,12.1,2,대정영어마을인근.깨끗넓은원룸.풀옵션.월세,https://www.zigbang.com/home/apt/items/49132455
2026-05-28 07:17:39,원룸,49106735,월세,01,제주도 서귀포시 대정읍 구억리,서귀포시,대정읍,300,50,0,40,12.1,3,대정영어마을인근.깨끗넓은원룸.풀옵션.반려동물ok.월세,https://www.zigbang.com/home/apt/items/49106735
2026-05-28 07:17:39,원룸,48914989,월세,01,제주도 서귀포시 대정읍 구억리,서귀포시,대정읍,300,50,0,22.22,6.72,4,영어교육 도시 출퇴근 추천   컨디션 좋은 오픈형원룸,https://www.zigbang.com/home/apt/items/48914989
2026-05-28 07:17:39,원룸,48914952,월세,01,제주도 서귀포시 대정읍 구억리,서귀포시,대정읍,300,50,0,27.54,8.33,3,영어교육도시인근 풀옵션 오픈형원룸,https://www.zigbang.com/home/apt/items/48914952
2026-05-28 07:17:39,원룸,49122170,전세,01,제주도 제주시 한림읍 금능리,제주시,한림읍,11000,0,0,39.28,11.88,4,보증보험가능 금능능해수욕장인근 금능브리타니  큰평형 풀옵션,https://www.zigbang.com/home/apt/items/49122170
2026-05-28 07:17:39,원룸,49010278,월세,01,제주도 제주시 한림읍 금능리,제주시,한림읍,300,60,0,30.04,9.09,2,금능해수욕장인근 풀옵션 원룸 브리타니,https://www.zigbang.com/home/apt/items/49010278
2026-05-28 07:17:40,원룸,49154276,월세,01,제주도 서귀포시 도순동,서귀포시,도순동,200,35,0,23.14,7.0,2,도순동 한적하고 오션뷰 오픈형 원룸,https://www.zigbang.com/home/apt/items/49154276
2026-05-28 07:17:39,원룸,49131228,월세,02,제주도 서귀포시 중문동,서귀포시,중문동,200,45,0,49.6,15.0,3,남향 바다경관 최상. 분리형 1.5룸 방 거실 넓음,https://www.zigbang.com/home/apt/items/49131228
2026-05-28 07:17:39,원룸,49107654,월세,01,제주도 서귀포시 중문동,서귀포시,중문동,200,35,0,37.5,11.34,6,테라스 있음. 확트인 한라산 경관. 자주식 주차. 클린하우,https://www.zigbang.com/home/apt/items/49107654
2026-05-28 07:17:39,원룸,49068485,월세,02,제주도 서귀포시 중문동,서귀포시,중문동,200,45,0,33.06,10.0,2,중문입구 교차로 부근 한적한 1.5룸,https://www.zigbang.com/home/apt/items/49068485
2026-05-28 07:17:39,원룸,49002012,월세,01,제주도 서귀포시 중문동,서귀포시,중문동,150,30,0,40.93,12.38,7,테라스 있음. 클린하우스 코인세탁방 헬스클럽,https://www.zigbang.com/home/apt/items/49002012
2026-05-28 07:17:39,원룸,48988802,월세,01,제주도 서귀포시 중문동,서귀포시,중문동,200,32,0,40.93,12.38,중,테라스 풀옵션 원룸,https://www.zigbang.com/home/apt/items/48988802
2026-05-28 07:17:39,원룸,48925295,월세,01,제주도 서귀포시 중문동,서귀포시,중문동,200,40,0,28.98,8.77,3,중문입구 교차로 인근 깔끔한 오픈형원룸,https://www.zigbang.com/home/apt/items/48925295
2026-05-28 07:17:39,원룸,48911605,월세,01,제주도 서귀포시 중문동,서귀포시,중문동,200,30,0,36.26,10.97,4,골프연습장. 중문관광단지 시내 중심. 최신 트랜드 풀옵션,https://www.zigbang.com/home/apt/items/48911605
2026-05-28 07:17:39,원룸,48645452,월세,02,제주도 서귀포시 색달동,서귀포시,색달동,200,35,0,26.45,8.0,3,색달동 깔끔하고 저렴한 1.5룸,https://www.zigbang.com/home/apt/items/48645452
2026-05-28 07:17:39,원룸,48259475,월세,02,제주도 서귀포시 중문동,서귀포시,중문동,200,39,0,49.6,15.0,저,단기가능.풀옵션 1.5룸,https://www.zigbang.com/home/apt/items/48259475
2026-05-28 07:17:39,원룸,48259457,월세,02,제주도 서귀포시 중문동,서귀포시,중문동,200,45,0,49.6,15.0,5,바다뷰 풀옵션 분리형 원룸,https://www.zigbang.com/home/apt/items/48259457
2026-05-28 07:17:40,원룸,49062741,월세,01,제주도 서귀포시 서귀동,서귀포시,서귀동,200,42,0,29.75,9.0,4,신축 건물  JS라메르 2차,https://www.zigbang.com/home/apt/items/49062741
2026-05-28 07:17:40,원룸,48994814,월세,01,제주도 서귀포시 서귀동,서귀포시,서귀동,200,40,0,24,7.26,7,매일 올레시장 신축 오피스,https://www.zigbang.com/home/apt/items/48994814
2026-05-28 07:17:40,원룸,48991373,월세,01,제주도 서귀포시 서홍동,서귀포시,서홍동,200,50,0,29.61,8.96,5,서귀포 보건소 남쪽 인근 오픈형 원룸,https://www.zigbang.com/home/apt/items/48991373
2026-05-28 07:17:40,원룸,48978847,월세,01,제주도 서귀포시 서귀동,서귀포시,서귀동,200,40,0,24,7.26,3,더그레이튼 중앙로터리부근 오피스텔,https://www.zigbang.com/home/apt/items/48978847
2026-05-28 07:17:40,원룸,48925317,월세,01,제주도 서귀포시 서홍동,서귀포시,서홍동,300,45,0,23.14,7.0,4,서홍동 홈플러스 서쪽 인근 깔끔한 원룸,https://www.zigbang.com/home/apt/items/48925317
2026-05-28 07:17:44,원룸,49152989,월세,02,제주도 제주시 애월읍 신엄리,제주시,애월읍,200,50,0,42,12.7,1,7월1일입주 신엄중인근 1.5룸 분리형원룸 풀옵션,https://www.zigbang.com/home/apt/items/49152989
2026-05-28 07:17:44,원룸,49168404,월세,02,제주도 제주시 애월읍 곽지리,제주시,애월읍,100,50,0,30.39,9.19,3,곽지해수욕장도보3분거리 준신축급 넓은분리형 연세만O 반려X,https://www.zigbang.com/home/apt/items/49168404
2026-05-28 07:17:45,원룸,49129591,월세,02,제주도 제주시 노형동,제주시,노형동,300,50,0,30,9.07,3,"귀한 분리형원룸, 가성비 좋음, 주차공간 많음",https://www.zigbang.com/home/apt/items/49129591
2026-05-28 07:17:45,원룸,49111815,월세,02,제주도 제주시 노형동,제주시,노형동,300,50,0,33.06,10.0,4,"즉시 입주,  분리형, 풀옵션, 주차 최고",https://www.zigbang.com/home/apt/items/49111815
2026-05-28 07:17:45,원룸,49086392,월세,01,제주도 제주시 노형동,제주시,노형동,200,43,0,29.75,9.0,2,"조용한 월산마을의 큰 원룸, 즉시 입주 가능, 풀옵션",https://www.zigbang.com/home/apt/items/49086392
2026-05-28 07:17:45,원룸,49059834,월세,02,제주도 제주시 노형동,제주시,노형동,100,48,0,33.02,9.99,1,이가격이 투룸이라구요 진짜 놓치지 마세요,https://www.zigbang.com/home/apt/items/49059834
2026-05-28 07:17:45,원룸,49059809,월세,01,제주도 제주시 노형동,제주시,노형동,100,35,0,27.15,8.21,2,가격너무 좋고 방크기좋고 뷰 좋고 놓치지마세요,https://www.zigbang.com/home/apt/items/49059809
2026-05-28 07:17:45,원룸,49053240,월세,02,제주도 제주시 노형동,제주시,노형동,200,48,0,27.42,8.29,2,인기 깔끔 남향 주방분리형 풀옵션 원룸,https://www.zigbang.com/home/apt/items/49053240
2026-05-28 07:17:45,원룸,49036391,월세,01,제주도 제주시 노형동,제주시,노형동,200,53,0,27.42,8.29,2,소형반려가능.주방분리형.월세.풀옵션,https://www.zigbang.com/home/apt/items/49036391
2026-05-28 07:17:45,원룸,49035175,월세,01,제주도 제주시 노형동,제주시,노형동,200,43,0,26.44,8.0,2,"노형동 주차O, 가성비 좋은 넓고 깔끔한 오픈형 원룸",https://www.zigbang.com/home/apt/items/49035175
2026-05-28 07:17:45,원룸,49030282,월세,01,제주도 제주시 노형동,제주시,노형동,200,48,0,27.42,8.29,2,노형초인근 남향 주방분리형 풀옵션 원룸,https://www.zigbang.com/home/apt/items/49030282
2026-05-28 07:17:45,원룸,48995238,월세,02,제주도 제주시 노형동,제주시,노형동,300,60,0,22.73,6.88,4,노형중인근 주차편한 거실넓은 풀옵션 분리형,https://www.zigbang.com/home/apt/items/48995238
2026-05-28 07:17:45,원룸,48970734,월세,01,제주도 제주시 애월읍 광령리,제주시,애월읍,100,40,0,33.06,10.0,1,"즉시 입주 가능, 풀옵션, 반전원 주택생활 가능",https://www.zigbang.com/home/apt/items/48970734
2026-05-28 07:17:45,원룸,48875425,월세,02,제주도 제주시 노형동,제주시,노형동,2000,220,0,109.08,33.0,2,노형동 학군 좋은 4룸 3화장실 복층있는 집주인 세대,https://www.zigbang.com/home/apt/items/48875425
2026-05-28 07:17:45,원룸,49097054,월세,02,제주도 제주시 애월읍 하귀1리,제주시,애월읍,500,125,0,39.1,11.83,4,하귀일초 도보권 넓은 쓰리룸 신축급 년세,https://www.zigbang.com/home/apt/items/49097054
2026-05-28 07:17:45,원룸,49164134,월세,02,제주도 제주시 이호일동,제주시,이호일동,300,78,0,38,11.49,3,"도리초 인근 반려동물가능 한 아주 넓은 1.5룸 월세,년세",https://www.zigbang.com/home/apt/items/49164134
2026-05-28 07:17:45,원룸,49160726,월세,01,제주도 제주시 외도일동,제주시,외도일동,300,55,0,28,8.47,3,외도 제주은행인근 깔끔한 주방분리형원룸 임대,https://www.zigbang.com/home/apt/items/49160726
2026-05-28 07:17:45,원룸,49160621,월세,02,제주도 제주시 외도일동,제주시,외도일동,200,55,0,40,12.1,2,외도.예쁜1.5룸.풀옵션.주차편리.월세,https://www.zigbang.com/home/apt/items/49160621
2026-05-28 07:17:45,원룸,49152903,월세,02,제주도 제주시 이호일동,제주시,이호일동,600,50,0,29.45,8.91,2,이호일동 현사마을 분리형원룸 1.5룸 풀옵션 도배완료,https://www.zigbang.com/home/apt/items/49152903
2026-05-28 07:17:45,원룸,49133293,월세,02,제주도 제주시 도두일동,제주시,도두일동,200,50,0,54,16.33,5,도두천마에코피아 분리형 원룸 월세,https://www.zigbang.com/home/apt/items/49133293
2026-05-28 07:17:45,원룸,49096952,월세,02,제주도 제주시 도두일동,제주시,도두일동,300,60,0,55.42,16.76,2,도두 천마오피스텔 분리형원룸,https://www.zigbang.com/home/apt/items/49096952
2026-05-28 07:17:45,원룸,49087960,월세,02,제주도 제주시 도두일동,제주시,도두일동,300,50,0,36,10.89,1,도리초등학교인근 주차편한 단기가능한 넓은분리형원룸임대,https://www.zigbang.com/home/apt/items/49087960
2026-05-28 07:17:45,원룸,49087802,월세,01,제주도 제주시 도두일동,제주시,도두일동,300,45,0,23,6.96,4,도리초등학교인근 주차편한 단기가능한 원룸임대,https://www.zigbang.com/home/apt/items/49087802
2026-05-28 07:17:45,원룸,49058084,월세,02,제주도 제주시 이호일동,제주시,이호일동,300,65,0,49.95,15.11,3,왓어브래드인근 넓고 주차가능 애완동물가능한 투룸임대,https://www.zigbang.com/home/apt/items/49058084
2026-05-28 07:17:45,원룸,49048793,월세,01,제주도 제주시 이호일동,제주시,이호일동,300,50,0,23.14,7.0,3,이호 해수욕장 v 주방 분리 풀옵션 원룸 v 주차편리,https://www.zigbang.com/home/apt/items/49048793
2026-05-28 07:17:45,원룸,49013975,월세,02,제주도 제주시 이호일동,제주시,이호일동,500,75,0,61.16,18.5,2,"이호바다뷰 테라스, 도보 1분 바다 넓은 1.5룸",https://www.zigbang.com/home/apt/items/49013975
2026-05-28 07:17:45,원룸,48980297,월세,02,제주도 제주시 도두일동,제주시,도두일동,300,50,0,38,11.49,1,연세 저렴한 1.5룸 도두봉 도리초등학교 인근,https://www.zigbang.com/home/apt/items/48980297
2026-05-28 07:17:45,원룸,48978669,월세,03,제주도 제주시 도두일동,제주시,도두일동,500,80,0,52.67,15.93,6,도두동 이호테우 3분  복층형 풀옵션 월세 년세,https://www.zigbang.com/home/apt/items/48978669
2026-05-28 07:17:45,원룸,49163883,월세,02,제주도 제주시 아라일동,제주시,아라일동,200,55,0,36.35,11.0,3,아라일동 깔끔하고 넓은풀옵션 분리형원룸,https://www.zigbang.com/home/apt/items/49163883
2026-05-28 07:17:45,원룸,49140438,월세,01,제주도 제주시 아라일동,제주시,아라일동,100,50,0,23.14,7.0,1,"넓은 방. 연세로 600만원임, 6개월 가능",https://www.zigbang.com/home/apt/items/49140438
2026-05-28 07:17:45,원룸,49129953,월세,02,제주도 제주시 아라일동,제주시,아라일동,1000,100,0,91.63,27.72,1,마당있는 전원주택,https://www.zigbang.com/home/apt/items/49129953
2026-05-28 07:17:45,원룸,49123902,월세,02,제주도 제주시 아라일동,제주시,아라일동,200,55,0,33.06,10.0,2,ㅁㅁ아라초.신축급.풀옵션1.5룸ㅁㅁ,https://www.zigbang.com/home/apt/items/49123902
2026-05-28 07:17:45,원룸,49123893,월세,02,제주도 제주시 아라일동,제주시,아라일동,200,55,0,33.06,10.0,2,ㅁㅁ아라초.신축급.풀옵션1.5룸.엘베Oㅁㅁ,https://www.zigbang.com/home/apt/items/49123893
2026-05-28 07:17:45,원룸,49101989,월세,01,제주도 제주시 아라일동,제주시,아라일동,100,40,0,24.48,7.41,4,ㅁㅁ아라일동.엘베O.풀옵션원룸ㅁㅁ,https://www.zigbang.com/home/apt/items/49101989
2026-05-28 07:17:45,원룸,49098285,월세,01,제주도 제주시 아라일동,제주시,아라일동,300,600,0,30,9.07,2,제주여중 인근 노브랜드 맞은편,https://www.zigbang.com/home/apt/items/49098285
2026-05-28 07:17:45,원룸,49092868,월세,01,제주도 제주시 아라일동,제주시,아라일동,200,45,0,31.75,9.6,2,제주대 후문 이도빌리지 원룸 월세,https://www.zigbang.com/home/apt/items/49092868
2026-05-28 07:17:45,원룸,49091853,월세,02,제주도 제주시 아라일동,제주시,아라일동,300,29,0,33,9.98,4,"제대병원바로앞,금액저렴,넓은다락방1.5룸",https://www.zigbang.com/home/apt/items/49091853
2026-05-28 07:17:45,원룸,49080768,월세,02,제주도 제주시 아라일동,제주시,아라일동,500,70,0,50,15.12,2,제대병원인근 한적한위치 풀옵션 주차편리,https://www.zigbang.com/home/apt/items/49080768
2026-05-28 07:17:45,원룸,49063449,월세,01,제주도 제주시 아라일동,제주시,아라일동,100,40,0,24.48,7.41,4,ㅁㅁ아라일동.엘베O.풀옵션원룸ㅁㅁ,https://www.zigbang.com/home/apt/items/49063449
2026-05-28 07:17:45,원룸,49063266,월세,01,제주도 제주시 아라일동,제주시,아라일동,200,55,0,31.56,9.55,3,관리비월세포함.분리형원룸.풀옵션.3층.주차편리,https://www.zigbang.com/home/apt/items/49063266
2026-05-28 07:17:45,원룸,49031298,월세,02,제주도 제주시 아라일동,제주시,아라일동,70,35,0,33.06,10.0,3,제주여고 남쪽 주방분리형   1.5룸 연세 임대,https://www.zigbang.com/home/apt/items/49031298
2026-05-28 07:17:45,원룸,49001942,월세,02,제주도 제주시 아라일동,제주시,아라일동,300,48,0,26.8,8.11,1,"제대병원 차량3분거리,주방분리형 원룸 월세.년세 둘다가능",https://www.zigbang.com/home/apt/items/49001942
2026-05-28 07:17:45,원룸,48862865,월세,02,제주도 제주시 아라일동,제주시,아라일동,100,45,0,39.67,12.0,4,"입주는 즉시 가능, 풀옵션, 수도비 포함",https://www.zigbang.com/home/apt/items/48862865
2026-05-28 07:17:45,원룸,48587105,월세,01,제주도 제주시 연동,제주시,연동,300,48,0,39.67,12.0,저,"전입가능, 공항 인접 베란다 깨끗하고 쾌적한 공원앞 원룸",https://www.zigbang.com/home/apt/items/48587105
2026-05-28 07:17:45,원룸,48584243,월세,01,제주도 제주시 연동,제주시,연동,150,48,0,39.67,12.0,중,"단기가능, 신축급  풀 옵션 원룸",https://www.zigbang.com/home/apt/items/48584243
2026-05-28 07:17:45,원룸,48581360,월세,01,제주도 제주시 연동,제주시,연동,100,40,0,30,9.07,17,"파격, 단기. 신축급, 저렴하고 깨끗한 풀옵션 원룸",https://www.zigbang.com/home/apt/items/48581360
2026-05-28 07:17:45,원룸,48482250,월세,01,제주도 제주시 연동,제주시,연동,200,47,0,24,7.26,저,전세가능 신제주로터리 제원사거리 인근 삼성홈타운,https://www.zigbang.com/home/apt/items/48482250
2026-05-28 07:17:53,원룸,49098919,월세,01,제주도 서귀포시 동홍동,서귀포시,동홍동,100,37,0,23.14,7.0,4,서귀포 오일시장 맞은편 한적한 원룸,https://www.zigbang.com/home/apt/items/49098919
2026-05-28 07:17:53,원룸,48931120,월세,01,제주도 서귀포시 토평동,서귀포시,토평동,200,38,0,20.25,6.13,1,서귀포칼호텔인근  토평브리타니 풀옵션원룸 1층.주차편리,https://www.zigbang.com/home/apt/items/48931120
2026-05-28 07:17:53,원룸,48569434,월세,01,제주도 서귀포시 동홍동,서귀포시,동홍동,200,37,0,26.45,8.0,2,동홍초인근 오픈형 원룸,https://www.zigbang.com/home/apt/items/48569434
2026-05-28 07:17:53,원룸,48924793,월세,01,제주도 서귀포시 신효동,서귀포시,신효동,3000,20,0,26.45,8.0,2,신효동 한적한  1.5룸,https://www.zigbang.com/home/apt/items/48924793
2026-05-28 07:17:58,원룸,48886123,월세,01,제주도 제주시 아라일동,제주시,아라일동,200,38,0,26.44,8.0,2,"아라일동 주차O, 제대 후문 인근 넓고 깔끔한 오픈형 원",https://www.zigbang.com/home/apt/items/48886123
2026-05-28 07:17:58,원룸,48885460,월세,05,제주도 제주시 영평동,제주시,영평동,1000,100,0,156.99,47.49,4,첨단 MJ 벤처오름 3룸 방3 연세 년세,https://www.zigbang.com/home/apt/items/48885460
2026-05-28 07:17:58,원룸,48864162,월세,01,제주도 제주시 영평동,제주시,영평동,100,30,0,23.14,7.0,2,"영평동 가성비, 첨단지구 인근 넓고 깔끔한 풀옵션 원룸",https://www.zigbang.com/home/apt/items/48864162
2026-05-28 07:17:58,원룸,49147923,월세,02,제주도 제주시 삼양일동,제주시,삼양일동,200,52,0,30,9.07,2,"삼양해수욕장, 원당봉인근 분리형원룸 풀옵션",https://www.zigbang.com/home/apt/items/49147923
2026-05-28 07:17:58,원룸,49120463,월세,01,제주도 제주시 삼양이동,제주시,삼양이동,300,52,0,18.21,5.51,5,삼화지구 생활권 주방 분리형 원룸 풀옵션,https://www.zigbang.com/home/apt/items/49120463
2026-05-28 07:17:58,원룸,49114523,월세,02,제주도 제주시 삼양일동,제주시,삼양일동,100,40,0,26.24,7.94,1,"삼양동 거실겸주방,침실 1.5룸",https://www.zigbang.com/home/apt/items/49114523
2026-05-28 07:17:58,원룸,49075708,월세,01,제주도 제주시 삼양삼동,제주시,삼양삼동,200,45,0,26.25,7.94,3,제주시 삼양동 깔끔한 오픈형 원룸,https://www.zigbang.com/home/apt/items/49075708
2026-05-28 07:17:58,원룸,48621110,월세,03,제주도 제주시 삼양일동,제주시,삼양일동,200,50,0,22,6.65,2,단기1ㅡ6도가능 삼양해수욕장 인근 풀옵션급 복층형원룸 년세,https://www.zigbang.com/home/apt/items/48621110
2026-05-28 07:17:58,원룸,48804171,월세,02,제주도 제주시 조천읍 와흘리,제주시,조천읍,500,50,0,35,10.59,2,공용테라스O 조천읍 와흘리사무소인근 뷰굿 풀옵션1.5룸년세,https://www.zigbang.com/home/apt/items/48804171
2026-05-28 07:17:58,원룸,49149454,월세,02,제주도 제주시 조천읍 조천리,제주시,조천읍,200,700,0,46.95,14.2,2,"조천리 넓은 거실,주방,침실구조 1.5룸 연세임대",https://www.zigbang.com/home/apt/items/49149454
2026-05-28 07:17:58,원룸,48647905,월세,02,제주도 제주시 조천읍 신촌리,제주시,조천읍,100,75,0,62.25,18.83,3,조천읍 신촌리 신축 첫입주 풀옵션급 거실넓은 1.5룸 년세,https://www.zigbang.com/home/apt/items/48647905
2026-05-28 07:17:58,원룸,48529910,월세,01,제주도 제주시 조천읍 신촌리,제주시,조천읍,100,66,0,41.97,12.7,3,조천읍 신촌리 신축 막힘없는 풀옵션급 평수 넓은 원룸 년세,https://www.zigbang.com/home/apt/items/48529910
2026-05-28 07:17:59,원룸,49051874,월세,03,제주도 제주시 조천읍 북촌리,제주시,조천읍,200,60,0,29.75,9.0,2,"소형견가능 함덕 크라운골프장 인근 침실겸주방,넓은 복층",https://www.zigbang.com/home/apt/items/49051874
2026-05-28 07:17:59,원룸,49147958,월세,01,제주도 제주시 조천읍 함덕리,제주시,조천읍,200,45,0,25,7.56,3,함덕해수욕장 도보권에 위치한 오픈형원룸,https://www.zigbang.com/home/apt/items/49147958
2026-05-28 07:17:59,원룸,49053827,월세,02,제주도 제주시 조천읍 북촌리,제주시,조천읍,500,63,0,46,13.91,3,애견가능크라운골프장북쪽신축1.5룸,https://www.zigbang.com/home/apt/items/49053827
2026-05-28 07:17:59,원룸,49087412,월세,01,제주도 제주시 구좌읍 한동리,제주시,구좌읍,150,40,0,25.23,7.63,2,구좌읍 한동리 오픈형 원룸 월세임대,https://www.zigbang.com/home/apt/items/49087412
2026-05-28 07:17:59,원룸,48670580,월세,01,제주도 제주시 구좌읍 한동리,제주시,구좌읍,150,40,0,21,6.35,2,한동초등학교인근 풀옵션 원룸,https://www.zigbang.com/home/apt/items/48670580
2026-05-28 07:19:35,원룸,49152884,전세,02,전라남도 진도군 조도면 맹골도리,진도군,조도면,5000,0,0,77.88,23.56,1,테스트 매물입니다,https://www.zigbang.com/home/apt/items/49152884
2026-05-28 07:19:35,원룸,49152863,전세,01,전라남도 진도군 조도면 맹골도리,진도군,조도면,5000,0,0,66.88,20.23,9,테스트 매물입니다,https://www.zigbang.com/home/apt/items/49152863
2026-05-28 07:19:35,원룸,48981253,월세,02,전라남도 진도군 조도면 맹골도리,진도군,조도면,5000,11,0,66.88,20.23,1,실매물 확인 중,https://www.zigbang.com/home/apt/items/48981253
2026-05-28 07:19:44,원룸,49152937,전세,01,전라남도 진도군 조도면 맹골도리,진도군,조도면,5000,0,0,66.88,20.23,9,테스트 매물입니다,https://www.zigbang.com/home/apt/items/49152937
2026-05-28 07:19:44,원룸,49136424,월세,02,전라남도 진도군 조도면 맹골도리,진도군,조도면,500,50,0,55.55,16.8,2,테스트 매물 입니다.,https://www.zigbang.com/home/apt/items/49136424
2026-05-28 07:19:44,원룸,48981296,전세,01,전라남도 진도군 조도면 맹골도리,진도군,조도면,2345,0,0,38.24,11.57,1,테스트입니다테스트입니다테스트입니다테스트입니다,https://www.zigbang.com/home/apt/items/48981296
2026-05-28 07:20:09,원룸,49166616,월세,02,전라남도 목포시 죽교동,목포시,죽교동,200,42,0,42.98,13.0,2,00입주일협의  침대 주방분리출입구분리형북항 부근00,https://www.zigbang.com/home/apt/items/49166616
2026-05-28 07:20:09,원룸,49077249,월세,02,전라남도 목포시 산정동,목포시,산정동,200,28,0,33.05,10.0,3,북항 깨끗하고 혼자 쓰기 좋은 원룸,https://www.zigbang.com/home/apt/items/49077249
2026-05-28 07:20:09,원룸,49065002,월세,02,전라남도 목포시 산정동,목포시,산정동,200,30,0,26.45,8.0,1,00넓은원룸 북항부근00,https://www.zigbang.com/home/apt/items/49065002
2026-05-28 07:20:09,원룸,48966790,월세,01,전라남도 목포시 죽교동,목포시,죽교동,200,35,0,26.45,8.0,2,00 1층3층 가능 주방분리 출입구분리형 북항00,https://www.zigbang.com/home/apt/items/48966790
2026-05-28 07:20:09,원룸,48952331,월세,02,전라남도 목포시 산정동,목포시,산정동,200,30,0,33.05,10.0,1,북항 깨끗하고 넓고 조용한 원룸,https://www.zigbang.com/home/apt/items/48952331
2026-05-28 07:20:09,원룸,48733801,월세,01,전라남도 목포시 대성동,목포시,대성동,200,28,0,29.75,9.0,1,정명여고 인근 원룸,https://www.zigbang.com/home/apt/items/48733801
2026-05-28 07:20:09,원룸,48728446,월세,02,전라남도 목포시 산정동,목포시,산정동,200,30,0,30,9.07,3,서부초 인근  분리원룸,https://www.zigbang.com/home/apt/items/48728446
2026-05-28 07:20:10,원룸,49084623,월세,01,전라남도 영암군 삼호읍 용앙리,영암군,삼호읍,100,40,0,20,6.05,2,.대불초 부근. 신축 주방분리형 깨끗한방,https://www.zigbang.com/home/apt/items/49084623
2026-05-28 07:20:10,원룸,49144744,월세,02,전라남도 목포시 상동,목포시,상동,500,39,0,37.62,11.38,7,"十 1.5룸, 평화광장",https://www.zigbang.com/home/apt/items/49144744
2026-05-28 07:20:10,원룸,48998542,월세,01,전라남도 목포시 옥암동,목포시,옥암동,200,27,0,26.45,8.0,6,00 단기협의2달월50 어두운방 외국인협의  평화광장00,https://www.zigbang.com/home/apt/items/48998542
2026-05-28 07:20:10,원룸,48976012,월세,01,전라남도 목포시 옥암동,목포시,옥암동,200,35,0,26.45,8.0,4,00동물협의6개월협의  넓은 원룸주방분리북밭이장평00,https://www.zigbang.com/home/apt/items/48976012
2026-05-28 07:20:14,원룸,49162110,월세,02,전라남도 목포시 산정동,목포시,산정동,200,35,0,36.36,11.0,3,006개월 협의 배란다완비  북밭이장   중앙시장부근00,https://www.zigbang.com/home/apt/items/49162110
2026-05-28 07:20:14,원룸,49160309,월세,02,전라남도 목포시 산정동,목포시,산정동,200,35,0,40,12.1,3,공공도서관 인근 방.주방겸거실.베란다,https://www.zigbang.com/home/apt/items/49160309
2026-05-28 07:20:14,원룸,49131247,월세,02,전라남도 목포시 산정동,목포시,산정동,200,35,0,33.06,10.0,4,00신축 분리형 원룸  중앙시장부근00,https://www.zigbang.com/home/apt/items/49131247
2026-05-28 07:20:14,원룸,49020193,월세,01,전라남도 목포시 산정동,목포시,산정동,200,30,0,23.14,7.0,3,00신축원룸 중앙시장 부근00,https://www.zigbang.com/home/apt/items/49020193
2026-05-28 07:20:14,원룸,48983827,월세,01,전라남도 목포시 산정동,목포시,산정동,200,30,0,29.7,8.98,2,"동초등하교, 시청, 동부시장, 목포고등학교, 접근성 좋아요",https://www.zigbang.com/home/apt/items/48983827
2026-05-28 07:20:14,원룸,48952339,월세,02,전라남도 목포시 산정동,목포시,산정동,200,30,0,26.45,8.0,3,시청부근 깨끗하고 넓고 조용한 원룸,https://www.zigbang.com/home/apt/items/48952339
2026-05-28 07:20:15,원룸,48951347,월세,01,전라남도 무안군 삼향읍 남악리,무안군,삼향읍,300,35,0,26.45,8.0,3,오픈형 원룸 입니다,https://www.zigbang.com/home/apt/items/48951347
2026-05-28 07:21:23,원룸,49046764,월세,02,전라북도 군산시 오식도동,군산시,오식도동,100,20,0,25,7.56,3,가장저렴한 1.5룸,https://www.zigbang.com/home/apt/items/49046764
2026-05-28 07:22:04,원룸,49161183,월세,01,전라남도 나주시 송월동,나주시,송월동,150,21,0,24,7.26,2,Choiceㅣ최고의 선택ㅣ나주역부근ㅣ깔끔ㅣ화이트톤원룸ㅣ,https://www.zigbang.com/home/apt/items/49161183
2026-05-28 07:22:04,원룸,49144288,월세,02,전라남도 나주시 송월동,나주시,송월동,200,30,0,23.14,7.0,2,깨끗하고 넓은원룸 즉시입주 풀옵션,https://www.zigbang.com/home/apt/items/49144288
2026-05-28 07:22:04,원룸,49144248,월세,02,전라남도 나주시 송월동,나주시,송월동,200,30,0,18.18,5.5,2,송월동 원룸 즉시입주 깔끔,https://www.zigbang.com/home/apt/items/49144248
2026-05-28 07:22:04,원룸,49136558,월세,02,전라남도 나주시 송월동,나주시,송월동,200,26,0,15.44,4.67,2,송월동 화이트 신축 깔끔 분리형 원룸 I 귀한매물,https://www.zigbang.com/home/apt/items/49136558
2026-05-28 07:22:04,원룸,49082699,월세,02,전라남도 나주시 송월동,나주시,송월동,2000,15,0,26.45,8.0,2,"넓은원룸,창 풀옵션 최고반전세",https://www.zigbang.com/home/apt/items/49082699
2026-05-28 07:22:04,원룸,49071778,월세,01,전라남도 나주시 송월동,나주시,송월동,200,23,0,24,7.26,3,Choiceㅣ최고의 선택ㅣ나주역ㅣ나주시청부근ㅣ깔끔ㅣ,https://www.zigbang.com/home/apt/items/49071778
2026-05-28 07:22:04,원룸,49019186,월세,02,전라남도 나주시 송월동,나주시,송월동,300,36,0,36,10.89,2,Choiceㅣ최고의 선택ㅣ송월동ㅣ최고깔끔ㅣ구조최고ㅣ빌트인ㅣ,https://www.zigbang.com/home/apt/items/49019186
2026-05-28 07:22:05,원룸,49167581,월세,01,전라남도 나주시 빛가람동,나주시,빛가람동,300,40,0,46.28,14.0,3,빛가람동 중흥메가티움2차 원룸 임대,https://www.zigbang.com/home/apt/items/49167581
2026-05-28 07:22:05,원룸,49140781,월세,04,전라남도 나주시 빛가람동,나주시,빛가람동,1000,75,0,95.87,29.0,12,빛가람동 중흥메가티움 2룸 임대,https://www.zigbang.com/home/apt/items/49140781
2026-05-28 07:22:05,원룸,49140770,월세,01,전라남도 나주시 빛가람동,나주시,빛가람동,2000,30,0,46.28,14.0,3,빛가람동 토담휴로스2차 원룸 저렴한 월세,https://www.zigbang.com/home/apt/items/49140770
2026-05-28 07:22:06,원룸,48923626,월세,02,광주시 남구 진월동,남구,진월동,300,36,0,29.75,9.0,4,ll P ll 광주대 최신 신축 I 붙박이장 I 실제 매물,https://www.zigbang.com/home/apt/items/48923626
2026-05-28 07:22:06,원룸,48863521,월세,02,광주시 서구 화정동,서구,화정동,100,22,0,24.5,7.41,3,ll P ll 채광굿 l 가성비 l 역세권 l,https://www.zigbang.com/home/apt/items/48863521
2026-05-28 07:22:06,원룸,48863388,월세,02,광주시 서구 내방동,서구,내방동,100,17,0,26.45,8.0,4,ll P ll 화이트톤 l 초가성비 l 대형사이즈 l,https://www.zigbang.com/home/apt/items/48863388
2026-05-28 07:22:06,원룸,48662612,월세,02,광주시 남구 백운동,남구,백운동,100,23,0,27,8.17,2,Choiceㅣ최고의 선택 백운동I초저렴C원룸C,https://www.zigbang.com/home/apt/items/48662612
2026-05-28 07:22:08,원룸,49057221,월세,02,전라남도 화순군 화순읍 신기리,화순군,화순읍,300,37,0,33.88,10.25,3,ㅣ종합문화센터인근ㅣ넓은방ㅣ세탁실별도ㅣ즉시입주가능ㅣ,https://www.zigbang.com/home/apt/items/49057221
2026-05-28 07:22:08,원룸,49031698,월세,02,전라남도 화순군 화순읍 일심리,화순군,화순읍,200,29,0,19.83,6.0,1,ㅣ전대병원부근ㅣ깔끔한방ㅣ즉시입주가능ㅣ,https://www.zigbang.com/home/apt/items/49031698
2026-05-28 07:22:08,원룸,48998611,월세,02,전라남도 화순군 화순읍 신기리,화순군,화순읍,300,38,0,33.08,10.01,2,ㅣ문화센터부근ㅣ남향ㅣ채광좋은방ㅣ,https://www.zigbang.com/home/apt/items/48998611
2026-05-28 07:22:08,원룸,48584867,월세,02,광주시 동구 장동,동구,장동,200,24,0,26,7.86,2,ㅣ동구청ㅣ대성학원ㅣ깔끔한방ㅣ컨디션좋은방ㅣ,https://www.zigbang.com/home/apt/items/48584867
2026-05-28 07:22:08,원룸,48424708,월세,02,광주시 동구 학동,동구,학동,300,36,0,19.84,6.0,2,학동 전체물건 보유중 신축급 원룸 월세입니다,https://www.zigbang.com/home/apt/items/48424708
2026-05-28 07:22:08,원룸,48376629,월세,01,광주시 동구 학동,동구,학동,100,16,0,26,7.86,4,ㅣ조대2분ㅣ리모델링ㅣ가성비원룸ㅣ깔끔한방ㅣ,https://www.zigbang.com/home/apt/items/48376629
2026-05-28 07:22:15,원룸,48939734,월세,02,전라남도 여수시 돌산읍 우두리,여수시,돌산읍,300,43,0,33,9.98,2,동백초 인근최 신축 풀옵션   거실 방1 구조,https://www.zigbang.com/home/apt/items/48939734
2026-05-28 07:22:15,원룸,49168396,월세,02,전라남도 여수시 주삼동,여수시,주삼동,200,45,0,40,12.1,3,New 여수산단인근 단기가능 넓고 깨끗한 투룸,https://www.zigbang.com/home/apt/items/49168396
2026-05-28 07:22:15,원룸,49161268,월세,01,전라남도 여수시 학동,여수시,학동,100,30,0,24,7.26,2,New 제일병원인근 깔끔하고 깨끗한 원룸,https://www.zigbang.com/home/apt/items/49161268
2026-05-28 07:22:15,원룸,49141608,월세,01,전라남도 여수시 신기동,여수시,신기동,200,36,0,27,8.17,2,신기성당인근 신축급 깔끔한방,https://www.zigbang.com/home/apt/items/49141608
2026-05-28 07:22:15,원룸,49131335,월세,02,전라남도 여수시 둔덕동,여수시,둔덕동,200,33,0,40,12.1,4,New 유니클로인근 가성비 좋은 투룸,https://www.zigbang.com/home/apt/items/49131335
2026-05-28 07:22:15,원룸,49042408,월세,02,전라남도 여수시 주삼동,여수시,주삼동,200,40,0,40,12.1,2,태양 산단.여천역. 공항 최단거리 풀옵션 깔끔한집 단기가능,https://www.zigbang.com/home/apt/items/49042408
2026-05-28 07:22:15,원룸,49020650,월세,02,전라남도 여수시 주삼동,여수시,주삼동,200,40,0,40,12.1,3,태양  산단 가장 가까운 풀옵션 깔끔하고넓은 투룸 단기가능,https://www.zigbang.com/home/apt/items/49020650
2026-05-28 07:22:15,원룸,48990170,월세,01,전라남도 여수시 신기동,여수시,신기동,100,29,0,27,8.17,3,신기성당인근 햇살 좋은 방,https://www.zigbang.com/home/apt/items/48990170
2026-05-28 07:22:15,원룸,48932311,월세,01,전라남도 여수시 신기동,여수시,신기동,150,29,0,24,7.26,3,New 신기성당인근 햇살 좋고 깨끗한 원룸,https://www.zigbang.com/home/apt/items/48932311
2026-05-28 07:22:15,원룸,49168588,월세,02,전라남도 여수시 여서동,여수시,여서동,200,35,0,34,10.28,3,New 여서주공인근 깔끔하고 깨끗한 미니투룸,https://www.zigbang.com/home/apt/items/49168588
2026-05-28 07:22:15,원룸,49161280,월세,01,전라남도 여수시 여서동,여수시,여서동,200,30,0,24,7.26,2,New 금오아파트 인근 깨끗한 원룸,https://www.zigbang.com/home/apt/items/49161280
2026-05-28 07:22:15,원룸,49109735,전세,02,전라남도 여수시 오림동,여수시,오림동,5000,0,0,40,12.1,3,New 이마트인근 넓고 깔끔한 투룸,https://www.zigbang.com/home/apt/items/49109735
2026-05-28 07:22:15,원룸,49053665,월세,02,전라남도 여수시 여서동,여수시,여서동,200,38,0,33,9.98,3,여서동 한재교차로 근처 풀옵션 투룸 관리상태굿,https://www.zigbang.com/home/apt/items/49053665
2026-05-28 07:22:15,원룸,49022863,월세,01,전라남도 여수시 여서동,여수시,여서동,100,25,0,25,7.56,1,"여서동 원룸월세
주민센터 인근",https://www.zigbang.com/home/apt/items/49022863
2026-05-28 07:22:15,원룸,48960597,월세,01,전라남도 여수시 신월동,여수시,신월동,300,45,0,40,12.1,2,태양 신월동  깔끔한 신축급으로 깔끔하고 엘베있는 집,https://www.zigbang.com/home/apt/items/48960597
2026-05-28 07:22:15,원룸,48935540,월세,02,전라남도 여수시 덕충동,여수시,덕충동,200,40,0,33.06,10.0,3,llAll충민사 인근ll거실1 방1구조ll즉시입주가능,https://www.zigbang.com/home/apt/items/48935540
2026-05-28 07:22:15,원룸,48917899,월세,02,전라남도 여수시 덕충동,여수시,덕충동,300,50,0,36.36,11.0,4,llAll충민사 인근 신축ll거실1방1구조ll즉시입주가능,https://www.zigbang.com/home/apt/items/48917899
2026-05-28 07:22:15,원룸,48577310,월세,02,전라남도 여수시 덕충동,여수시,덕충동,200,35,0,33,9.98,2,중앙여고 인근 갓성비 준신축 풀옵션 넓은 투룸 즉시입주가능,https://www.zigbang.com/home/apt/items/48577310
2026-05-28 07:22:17,원룸,49162352,월세,01,전라남도 순천시 연향동,순천시,연향동,200,35,0,26.45,8.0,3,"연향3지구 깨끗하고 넓은 원룸 임대, 주방분리형",https://www.zigbang.com/home/apt/items/49162352
2026-05-28 07:22:17,원룸,49162289,월세,01,전라남도 순천시 연향동,순천시,연향동,200,30,0,26.45,8.0,2,연향3지구 가성비 좋은 저렴한 풀옵션 원룸 임대,https://www.zigbang.com/home/apt/items/49162289
2026-05-28 07:22:17,원룸,49158765,월세,02,전라남도 순천시 연향동,순천시,연향동,200,40,0,39.67,12.0,2,연향3지구  농협 부근 남향 깨끗한 투룸 임대,https://www.zigbang.com/home/apt/items/49158765
2026-05-28 07:22:17,원룸,49090582,월세,02,전라남도 순천시 오천동,순천시,오천동,300,38,0,33,9.98,2,오천지구 깔끔한 풀옵션 원룸 임대,https://www.zigbang.com/home/apt/items/49090582
2026-05-28 07:22:17,원룸,49086637,월세,02,전라남도 순천시 연향동,순천시,연향동,300,37,0,33,9.98,3,연향3지구내 깨끗하고 조용한 위치의 원룸,https://www.zigbang.com/home/apt/items/49086637
2026-05-28 07:22:17,원룸,49052330,월세,01,전라남도 순천시 덕월동,순천시,덕월동,200,27,0,36.36,11.0,1,"청암대부근 리모델링 깨끗하고 넓은 원룸 임대, 1층",https://www.zigbang.com/home/apt/items/49052330
2026-05-28 07:22:17,원룸,48902893,월세,02,전라남도 순천시 덕월동,순천시,덕월동,200,40,0,39.67,12.0,5,청암대 부근 덕월동 깨끗한 투룸 엘리베이터있음,https://www.zigbang.com/home/apt/items/48902893
2026-05-28 07:22:17,원룸,48902697,전세,02,전라남도 순천시 연향동,순천시,연향동,3500,0,0,36.36,11.0,2,연향3지구 투룸  전세  풀옵션 임대,https://www.zigbang.com/home/apt/items/48902697
2026-05-28 07:22:17,원룸,48902685,월세,02,전라남도 순천시 연향동,순천시,연향동,200,45,0,36,10.89,3,연향3지구 농협뒷편 깨끗하게 관리된 원룸 임대,https://www.zigbang.com/home/apt/items/48902685
2026-05-28 07:22:17,원룸,48901225,월세,02,전라남도 순천시 연향동,순천시,연향동,1000,50,0,60,18.15,4,연향3지구내 조용하고 깨끗한 쓰리룸 방2거실1,https://www.zigbang.com/home/apt/items/48901225
2026-05-28 07:22:17,원룸,48901187,전세,02,전라남도 순천시 연향동,순천시,연향동,3500,0,0,33.06,10.0,3,연향3지구내 조용하고 깨끗한 투룸,https://www.zigbang.com/home/apt/items/48901187
2026-05-28 07:22:17,원룸,49162499,월세,01,전라남도 순천시 매곡동,순천시,매곡동,200,35,0,26.45,8.0,2,"순천대 기숙사 후문 부근 신축 원룸 임대 ,주방있음",https://www.zigbang.com/home/apt/items/49162499
2026-05-28 07:22:17,원룸,49158733,월세,01,전라남도 순천시 가곡동,순천시,가곡동,200,27,0,27,8.17,2,"가곡동 저렴한 원룸 임대, 순천대 근접,",https://www.zigbang.com/home/apt/items/49158733
2026-05-28 07:22:17,원룸,49013067,전세,02,전라남도 순천시 석현동,순천시,석현동,6000,0,0,33.3,10.07,3,"순천대학교 부근 신축 투룸 전세 임대,엘리베이터있음",https://www.zigbang.com/home/apt/items/49013067
2026-05-28 07:22:17,원룸,49008688,월세,02,전라남도 순천시 석현동,순천시,석현동,200,35,0,29.75,9.0,5,순천대학교 정문 맞은편 코코마트부근 원룸 임대 주방분리형,https://www.zigbang.com/home/apt/items/49008688
2026-05-28 07:22:17,원룸,48902910,월세,01,전라남도 순천시 석현동,순천시,석현동,200,25,0,16.53,5.0,2,향림중 부근 풀옵션 저렴한 신축 원룸 임대엘리베이터있음,https://www.zigbang.com/home/apt/items/48902910
2026-05-28 07:22:18,원룸,49148749,월세,02,전라남도 광양시 광양읍 덕례리,광양시,광양읍,100,40,0,39.66,12.0,4,LF맞은편 주차편리한 투룸임대,https://www.zigbang.com/home/apt/items/49148749
2026-05-28 07:22:18,원룸,49144529,월세,02,전라남도 광양시 광양읍 덕례리,광양시,광양읍,100,25,0,26.45,8.0,2,덕례리 도로변  위치좋은 깔끔한 1.5룸,https://www.zigbang.com/home/apt/items/49144529
2026-05-28 07:22:18,원룸,49144511,월세,02,전라남도 광양시 광양읍 덕례리,광양시,광양읍,100,23,0,23.14,7.0,2,덕례리 깔끔한 1.5룸  단기가능  월세변동,https://www.zigbang.com/home/apt/items/49144511
2026-05-28 07:22:18,원룸,49144476,월세,02,전라남도 광양시 광양읍 칠성리,광양시,광양읍,100,28,0,28,8.47,3,광양읍 서천변 앞  조용하고 주차편한 분리형 원룸,https://www.zigbang.com/home/apt/items/49144476
2026-05-28 07:22:18,원룸,49091629,월세,02,전라남도 광양시 광양읍 덕례리,광양시,광양읍,200,40,0,26.5,8.02,4,ㅕ좋은집 소개ㅑ 넓은 통창은 답답하지 않고 주차 편한2룸,https://www.zigbang.com/home/apt/items/49091629
2026-05-28 07:22:18,원룸,48946929,월세,02,전라남도 광양시 광양읍 칠성리,광양시,광양읍,200,38,0,33,9.98,2,광양만권 경제자유구역청 부근 즉시입주가능 투룸임대,https://www.zigbang.com/home/apt/items/48946929
2026-05-28 07:22:18,원룸,49165067,월세,01,전라남도 순천시 해룡면 상삼리,순천시,해룡면,200,30,0,26,7.86,3,순천 팔마초 인근 깔끔하게 정비된 원룸.,https://www.zigbang.com/home/apt/items/49165067
2026-05-28 07:22:18,원룸,49165049,월세,01,전라남도 순천시 조례동,순천시,조례동,200,32,0,26.45,8.0,2,드라마세트장 인근 조용하고 깔끔한 원룸 임대.,https://www.zigbang.com/home/apt/items/49165049
2026-05-28 07:22:18,원룸,49162420,월세,01,전라남도 순천시 해룡면 상삼리,순천시,해룡면,100,29,0,33.06,10.0,2,"금당 원룸 , 남향, 팔마초부근 깨끗한 원룸  임대",https://www.zigbang.com/home/apt/items/49162420
2026-05-28 07:22:18,원룸,49158696,월세,01,전라남도 순천시 해룡면 상삼리,순천시,해룡면,200,50,0,46.28,14.0,3,금당 동명초 부근 넓은 쓰리룸 임대 엘리베이터있음,https://www.zigbang.com/home/apt/items/49158696
2026-05-28 07:22:18,원룸,49144555,월세,02,전라남도 광양시 광양읍 덕례리,광양시,광양읍,100,28,0,27,8.17,3,덕례리 엘리베이터 있고 컨디션 좋은 분리형 원룸,https://www.zigbang.com/home/apt/items/49144555
2026-05-28 07:22:18,원룸,49144497,월세,02,전라남도 광양시 광양읍 덕례리,광양시,광양읍,100,25,0,27,8.17,4,덕례리 관리 최상 분리형 원룸,https://www.zigbang.com/home/apt/items/49144497
2026-05-28 07:22:18,원룸,49091860,월세,01,전라남도 광양시 광양읍 덕례리,광양시,광양읍,100,30,0,22.3,6.75,3,ㅕ좋은집 소개ㅑ LF 인근   엘베 있는 관리 잘된 집,https://www.zigbang.com/home/apt/items/49091860
2026-05-28 07:22:18,원룸,49091622,월세,01,전라남도 광양시 광양읍 덕례리,광양시,광양읍,100,30,0,22.1,6.69,2,ㅕ좋은집 소개ㅑLF인근 신축 엘베 있는 주차 편한 분리형,https://www.zigbang.com/home/apt/items/49091622
2026-05-28 07:22:18,원룸,49091583,월세,01,전라남도 광양시 광양읍 덕례리,광양시,광양읍,100,30,0,20.5,6.2,2,ㅕ좋은집 소개ㅑLF 몰 바로 인근 . 조용하고 저렴한 원룸,https://www.zigbang.com/home/apt/items/49091583
2026-05-28 07:22:18,원룸,49080432,전세,01,전라남도 순천시 조례동,순천시,조례동,4500,0,0,23.14,7.0,4,파머스 인근 깔끔한 풀옵션 원룸  전세.,https://www.zigbang.com/home/apt/items/49080432
2026-05-28 07:22:18,원룸,48950042,월세,01,전라남도 순천시 해룡면 상삼리,순천시,해룡면,200,33,0,26.44,8.0,4,신원아르시스 인근 깨끗한 채광좋은 엘리베이터 원룸임대.,https://www.zigbang.com/home/apt/items/48950042
2026-05-28 07:22:18,원룸,48838143,월세,01,전라남도 순천시 조례동,순천시,조례동,200,30,0,23,6.96,3,왕지지구 햇살가득한 깔끔한 원룸 임대.,https://www.zigbang.com/home/apt/items/48838143
2026-05-28 07:22:19,원룸,49160896,월세,02,전라남도 광양시 광양읍 구산리,광양시,광양읍,200,37,0,16.53,5.0,4,은하수원룸입니다,https://www.zigbang.com/home/apt/items/49160896
2026-05-28 07:22:19,원룸,49133967,월세,02,전라남도 광양시 광양읍 구산리,광양시,광양읍,500,32,0,16.53,5.0,2,주땍지라서 조용해서 살기좋아요,https://www.zigbang.com/home/apt/items/49133967
2026-05-28 07:22:19,원룸,49133960,월세,02,전라남도 광양시 광양읍 구산리,광양시,광양읍,200,27,0,16.53,5.0,3,무지개빌 원룸입니다,https://www.zigbang.com/home/apt/items/49133960
2026-05-28 07:22:19,원룸,49124418,월세,02,전라남도 광양시 광양읍 구산리,광양시,광양읍,200,27,0,16.53,5.0,2,주택지라서 너무좋아요,https://www.zigbang.com/home/apt/items/49124418
2026-05-28 07:22:19,원룸,48966568,월세,02,전라남도 광양시 광양읍 구산리,광양시,광양읍,200,27,0,23.14,7.0,2,무지개원룸입니다,https://www.zigbang.com/home/apt/items/48966568
2026-05-28 07:22:19,원룸,48916041,월세,02,전라남도 광양시 광양읍 구산리,광양시,광양읍,300,50,0,39.67,12.0,4,주택지라서 조용해서 살기가좋아요,https://www.zigbang.com/home/apt/items/48916041
2026-05-28 07:22:19,원룸,48894238,월세,02,전라남도 광양시 광양읍 구산리,광양시,광양읍,100,30,0,16.53,5.0,3,엘도라도 원룸입니다,https://www.zigbang.com/home/apt/items/48894238
2026-05-28 07:22:19,원룸,48844502,월세,02,전라남도 광양시 광양읍 구산리,광양시,광양읍,200,27,0,16.53,5.0,2,주택지라서 살기가너무좋아요,https://www.zigbang.com/home/apt/items/48844502
2026-05-28 07:22:19,원룸,48780556,월세,02,전라남도 광양시 광양읍 구산리,광양시,광양읍,200,27,0,16.53,5.0,4,은하수원룸입니다,https://www.zigbang.com/home/apt/items/48780556
2026-05-28 07:22:20,원룸,49077862,월세,01,전라남도 광양시 마동,광양시,마동,500,35,0,14.79,4.47,5,"신축 오피스텔 스마트시티, 풀옵션에 가성비 매물 추천 해요",https://www.zigbang.com/home/apt/items/49077862
2026-05-28 07:22:20,원룸,49013269,월세,02,전라남도 광양시 중동,광양시,중동,200,29,0,29.75,9.0,3,강남병원뒤쪽. 도배새로함.집상태 최상.,https://www.zigbang.com/home/apt/items/49013269
2026-05-28 07:22:57,원룸,49158002,월세,02,경상남도 사천시 사남면 화전리,사천시,사남면,100,25,0,26.45,8.0,2,"풀옵션,큰방,가격저렴",https://www.zigbang.com/home/apt/items/49158002
2026-05-28 07:22:57,원룸,49157914,월세,02,경상남도 사천시 사남면 화전리,사천시,사남면,100,25,0,26.45,8.0,3,풀옵션 남향 저렴한 원룸,https://www.zigbang.com/home/apt/items/49157914
2026-05-28 07:22:57,원룸,49133014,월세,02,경상남도 사천시 사남면 월성리,사천시,사남면,300,30,0,23.14,7.0,3,"가성비 좋은 원룸. 카이,사천공단 도보 가능",https://www.zigbang.com/home/apt/items/49133014
2026-05-28 07:22:57,원룸,49123720,월세,02,경상남도 사천시 사남면 월성리,사천시,사남면,300,30,0,26.45,8.0,2,"도시가스,풀옵션",https://www.zigbang.com/home/apt/items/49123720
2026-05-28 07:22:57,원룸,49077560,월세,01,경상남도 사천시 사남면 화전리,사천시,사남면,100,25,0,26.45,8.0,3,"풀옵션,저렴한 원룸",https://www.zigbang.com/home/apt/items/49077560
2026-05-28 07:22:57,원룸,49165662,월세,02,경상남도 사천시 사천읍 선인리,사천시,사천읍,3000,17,0,33,9.98,2,거실있는 깔끔한 1.5룸 반전세. 엘리베이터,https://www.zigbang.com/home/apt/items/49165662
2026-05-28 07:22:57,원룸,49165643,월세,02,경상남도 사천시 사천읍 선인리,사천시,사천읍,2000,25,0,33,9.98,2,거실있는 1.5룸 반전세. 깨끗하고 이쁜 방,https://www.zigbang.com/home/apt/items/49165643
2026-05-28 07:22:57,원룸,49148518,월세,02,경상남도 사천시 사천읍 평화리,사천시,사천읍,300,30,0,23,6.96,3,아담한 원룸. 햇살좋은 남동향. 탑마트 걸어서 5분거리.,https://www.zigbang.com/home/apt/items/49148518
2026-05-28 07:22:57,원룸,49148514,월세,02,경상남도 사천시 사천읍 선인리,사천시,사천읍,200,25,0,26,7.86,2,가성비 좋은 원룸. 조용한 위치.,https://www.zigbang.com/home/apt/items/49148514
2026-05-28 07:22:57,원룸,49122146,월세,01,경상남도 사천시 정동면 고읍리,사천시,정동면,300,25,0,23.14,7.0,3,"도시가스,풀옵션,리모델링",https://www.zigbang.com/home/apt/items/49122146
2026-05-28 07:22:57,원룸,49085905,월세,02,경상남도 사천시 사천읍 사주리,사천시,사천읍,500,30,0,33,9.98,3,중심가 원룸. 큰 방. 생활권 아주 좋음,https://www.zigbang.com/home/apt/items/49085905
2026-05-28 07:22:57,원룸,49075562,월세,02,경상남도 사천시 사천읍 사주리,사천시,사천읍,500,30,0,33.06,10.0,3,"도시가스,풀옵션,큰원룸",https://www.zigbang.com/home/apt/items/49075562
2026-05-28 07:22:57,원룸,49048078,월세,02,경상남도 사천시 사천읍 선인리,사천시,사천읍,300,30,0,30,9.07,3,가성비 좋은 넓은 원룸. 시외버스터미널 도보5분,https://www.zigbang.com/home/apt/items/49048078
2026-05-28 07:22:57,원룸,49035244,월세,02,경상남도 사천시 사천읍 사주리,사천시,사천읍,300,30,0,26.45,8.0,2,"도시가스,풀옵션",https://www.zigbang.com/home/apt/items/49035244
2026-05-28 07:22:57,원룸,49025138,월세,02,경상남도 사천시 사천읍 선인리,사천시,사천읍,300,30,0,24.79,7.5,3,"도시가스,풀옵션",https://www.zigbang.com/home/apt/items/49025138
2026-05-28 07:22:57,원룸,48962026,월세,02,경상남도 사천시 사천읍 선인리,사천시,사천읍,200,28,0,30,9.07,3,가성비 좋은 원룸. 버스터미널 걸어서 10분. 엘리베이터,https://www.zigbang.com/home/apt/items/48962026
2026-05-28 07:22:57,원룸,48946390,월세,02,경상남도 사천시 사천읍 선인리,사천시,사천읍,2000,20,0,29.75,9.0,3,신축S급 원룸 반전세. 큰 방. 정수기랑 커피머신까지.,https://www.zigbang.com/home/apt/items/48946390
2026-05-28 07:22:57,원룸,48945050,월세,02,경상남도 사천시 정동면 고읍리,사천시,정동면,500,25,0,26.45,8.0,2,"도시가스,풀옵션,리모델링",https://www.zigbang.com/home/apt/items/48945050
2026-05-28 07:22:57,원룸,48308246,월세,02,경상남도 사천시 사천읍 선인리,사천시,사천읍,2000,20,0,27,8.17,4,S급 원룸 반전세. 엘레베이터와 정수기커피머신까지.,https://www.zigbang.com/home/apt/items/48308246
2026-05-28 07:22:57,원룸,49137513,월세,01,경상남도 진주시 정촌면 예하리,진주시,정촌면,300,43,0,61.71,18.67,5,㉧ㅡ서빈No.1구해줘홈즈ㅡ㉧추천BEST꿀방,https://www.zigbang.com/home/apt/items/49137513
2026-05-28 07:22:57,원룸,49132909,월세,02,경상남도 진주시 정촌면 예하리,진주시,정촌면,200,30,0,26.45,8.0,2,빠르게 입주 가능한 호실 입니다.,https://www.zigbang.com/home/apt/items/49132909
2026-05-28 07:22:57,원룸,49132749,전세,01,경상남도 진주시 정촌면 예하리,진주시,정촌면,4000,0,0,24,7.26,2,깔끔한 원룸 풀옵션 인근 조용한 위치,https://www.zigbang.com/home/apt/items/49132749
2026-05-28 07:22:57,원룸,49043304,월세,02,경상남도 진주시 정촌면 예하리,진주시,정촌면,300,29,0,26.43,8.0,2,㉧ㅡ서빈No.1구해줘홈즈ㅡ㉧추천BEST꿀방,https://www.zigbang.com/home/apt/items/49043304
2026-05-28 07:22:57,원룸,48997756,월세,02,경상남도 진주시 정촌면 예하리,진주시,정촌면,500,28,0,28,8.47,3,정촌 귀한 신축급 깔끔한 분리형 원룸 빠른입주,https://www.zigbang.com/home/apt/items/48997756
2026-05-28 07:22:57,원룸,48951683,월세,02,경상남도 진주시 정촌면 예하리,진주시,정촌면,300,36,0,29.75,9.0,3,예하리 가성비 최고 원플,https://www.zigbang.com/home/apt/items/48951683
2026-05-28 07:22:57,원룸,48951470,월세,02,경상남도 진주시 정촌면 예하리,진주시,정촌면,300,24,0,30,9.07,4,가성비 매우 좋은 정촌 원룸 빠른 콜,https://www.zigbang.com/home/apt/items/48951470
2026-05-28 07:22:57,원룸,48951426,월세,02,경상남도 진주시 정촌면 예하리,진주시,정촌면,500,36,0,30,9.07,3,정촌 원플원 즉시입주가능 가능합니다.,https://www.zigbang.com/home/apt/items/48951426
2026-05-28 07:22:57,원룸,48951282,월세,02,경상남도 진주시 정촌면 예하리,진주시,정촌면,300,30,0,29.75,9.0,2,엘베 있는 분리형 원룸,https://www.zigbang.com/home/apt/items/48951282
2026-05-28 07:22:57,원룸,48951234,월세,02,경상남도 진주시 정촌면 예하리,진주시,정촌면,300,30,0,29.75,9.0,2,정촌 대경 파미르 예하초등학교 인근 분리형원룸,https://www.zigbang.com/home/apt/items/48951234
2026-05-28 07:22:57,원룸,48931039,월세,02,경상남도 진주시 정촌면 예하리,진주시,정촌면,300,36,0,40.5,12.25,2,가성비 최고싼 원플 귀한 꿀매물,https://www.zigbang.com/home/apt/items/48931039
2026-05-28 07:22:57,원룸,48930931,월세,01,경상남도 진주시 정촌면 예하리,진주시,정촌면,300,21,0,23.14,7.0,4,㉧대경파미르 앞㉧정촌산업단지 1분㉧분리형 원룸㉧,https://www.zigbang.com/home/apt/items/48930931
2026-05-28 07:22:59,원룸,49119024,월세,01,경상남도 통영시 정량동,통영시,정량동,300,30,0,33.06,10.0,3,정량동  바다 보이는 원룸,https://www.zigbang.com/home/apt/items/49119024
2026-05-28 07:22:59,원룸,48943330,월세,02,경상남도 통영시 정량동,통영시,정량동,200,28,0,33.06,10.0,2,정량동 삼성타워 인근 분리형 원룸,https://www.zigbang.com/home/apt/items/48943330
2026-05-28 07:22:59,원룸,48939507,월세,02,경상남도 통영시 정량동,통영시,정량동,300,30,0,33.06,10.0,2,동호동 엘르베이트 있는 원룸,https://www.zigbang.com/home/apt/items/48939507
2026-05-28 07:23:00,원룸,49156085,월세,02,경상남도 거제시 상동동,거제시,상동동,300,25,0,35,10.59,3,미투같은원룸. 최신축. 정말깔끔이쁜방. 고현초아래. 선착순,https://www.zigbang.com/home/apt/items/49156085
2026-05-28 07:23:00,원룸,49148765,월세,02,경상남도 거제시 상동동,거제시,상동동,200,25,0,29.75,9.0,2,ㅇ한번보면 반하는  최저가 옷장구비 원룸ㅇ,https://www.zigbang.com/home/apt/items/49148765
2026-05-28 07:23:00,원룸,49141486,월세,02,경상남도 거제시 상동동,거제시,상동동,200,40,0,40,12.1,2,ㄷ상동  깨끗한 주택가 넓고 조용하고 고현이랑 붙은곳ㄱ,https://www.zigbang.com/home/apt/items/49141486
2026-05-28 07:23:00,원룸,49131398,월세,01,경상남도 거제시 수월동,거제시,수월동,100,20,0,24.79,7.5,2,가장싼방. 수월중부근. 선착순. 엘베.남향.잠자는방.최고,https://www.zigbang.com/home/apt/items/49131398
2026-05-28 07:23:00,원룸,49049730,월세,01,경상남도 거제시 상동동,거제시,상동동,100,20,0,29.75,9.0,5,ㅇ가성비갑 신축 남향 옥탑 최저가 원룸ㅇ,https://www.zigbang.com/home/apt/items/49049730
2026-05-28 07:23:00,원룸,49041042,월세,02,경상남도 거제시 문동동,거제시,문동동,200,25,0,36.36,11.0,2,ㅇ구하기 힘든위치 꼭필요한 넓고 조용한 미투ㅇ,https://www.zigbang.com/home/apt/items/49041042
2026-05-28 07:23:00,원룸,49032322,월세,02,경상남도 거제시 양정동,거제시,양정동,100,25,0,36.36,11.0,4,침대.가장싼방. 완전풀옵션방. 수월힐스테이트정문. 선착순,https://www.zigbang.com/home/apt/items/49032322
2026-05-28 07:23:00,원룸,49030505,월세,02,경상남도 거제시 양정동,거제시,양정동,200,21,0,34,10.28,3,제산초부근.완전풀옵션방.선착순.1실1주차가능.도시가스.남향,https://www.zigbang.com/home/apt/items/49030505
2026-05-28 07:23:00,원룸,48995979,월세,01,경상남도 거제시 고현동,거제시,고현동,300,20,0,39.67,12.0,2,ㅇ리모델링 도시가스 초대형 저렴한 원룸ㅇ,https://www.zigbang.com/home/apt/items/48995979
2026-05-28 07:23:00,원룸,48964795,월세,02,경상남도 거제시 상동동,거제시,상동동,200,23,0,36.36,11.0,3,ㅇ꿈에그리던방 신축 초대박 채광좋은 최저가 원룸ㅇ,https://www.zigbang.com/home/apt/items/48964795
2026-05-28 07:23:00,원룸,48908535,월세,02,경상남도 거제시 상동동,거제시,상동동,200,25,0,36.36,11.0,3,ㅇ럭셔리 끝판왕 최신축 도시가스 남향 원룸ㅇ,https://www.zigbang.com/home/apt/items/48908535
2026-05-28 07:23:00,원룸,48839466,월세,01,경상남도 거제시 상동동,거제시,상동동,100,18,0,30,9.07,1,삼성명가 부근 도시가스 가성비 좋은 원룸,https://www.zigbang.com/home/apt/items/48839466
2026-05-28 07:23:00,원룸,49159545,월세,01,경상남도 거제시 장평동,거제시,장평동,200,32,0,26.45,8.0,3,풀옵션 침대 책상있는 원룸 . 홈플러스인근,https://www.zigbang.com/home/apt/items/49159545
2026-05-28 07:23:00,원룸,49151062,월세,02,경상남도 거제시 장평동,거제시,장평동,200,32,0,33.06,10.0,4,깔끔하고 쾌적한 주방분리 원룸,https://www.zigbang.com/home/apt/items/49151062
2026-05-28 07:23:00,원룸,49150214,월세,02,경상남도 거제시 장평동,거제시,장평동,200,30,0,33,9.98,2,ㄷ장평후문출퇴근5분 도배 청소완료 가스렌지도 새거로교체ㄱ,https://www.zigbang.com/home/apt/items/49150214
2026-05-28 07:23:00,원룸,49148783,월세,02,경상남도 거제시 연초면 오비리,거제시,연초면,200,30,0,42.98,13.0,3,ㅇ말도안되는 가격 최신축 전망좋은 최저가 미투ㅇ,https://www.zigbang.com/home/apt/items/49148783
2026-05-28 07:23:00,원룸,49142915,월세,02,경상남도 거제시 고현동,거제시,고현동,150,24,0,24,7.26,1,가장싼방. 신축건물.1층.정말이쁜집.선착순.중곡동소재,https://www.zigbang.com/home/apt/items/49142915
2026-05-28 07:23:00,원룸,49134168,월세,01,경상남도 거제시 고현동,거제시,고현동,300,33,0,27,8.17,4,중곡 깔끔하고 밝은 원룸,https://www.zigbang.com/home/apt/items/49134168
2026-05-28 07:23:00,원룸,49133338,월세,01,경상남도 거제시 장평동,거제시,장평동,100,30,0,33,9.98,2,"ㄷ장평후문 엘베,넓은 베란다 있는 원룸 2층침대있음ㄱ",https://www.zigbang.com/home/apt/items/49133338
2026-05-28 07:23:00,원룸,49103093,월세,01,경상남도 거제시 장평동,거제시,장평동,200,30,0,36.36,11.0,6,거명모닝텔ㅡ깔끔하고 쾌적한 방,https://www.zigbang.com/home/apt/items/49103093
2026-05-28 07:23:00,원룸,49068662,월세,02,경상남도 거제시 장평동,거제시,장평동,200,35,0,40,12.1,3,ㄷ장평후문 엘베있고 넓은 미투 출퇴근 5분거리 조용한곳ㄱ,https://www.zigbang.com/home/apt/items/49068662
2026-05-28 07:23:00,원룸,49049743,월세,02,경상남도 거제시 고현동,거제시,고현동,300,28,0,29.75,9.0,4,ㅇ단열끝내주는 신축 도시가스 화이트톤 원룸ㅇ,https://www.zigbang.com/home/apt/items/49049743
2026-05-28 07:23:00,원룸,49041887,월세,02,경상남도 거제시 고현동,거제시,고현동,500,35,0,48,14.52,2,5월신규 중곡미투 선착순,https://www.zigbang.com/home/apt/items/49041887
2026-05-28 07:23:00,원룸,48998123,월세,01,경상남도 거제시 장평동,거제시,장평동,200,35,0,33,9.98,1,5월신규 장평원룸 삼성도보2분,https://www.zigbang.com/home/apt/items/48998123
2026-05-28 07:23:00,원룸,48966829,월세,02,경상남도 거제시 고현동,거제시,고현동,300,40,0,52.89,16.0,3,ㅇ중곡동 최저가매물 도시가스 깔끔한 투룸ㅇ,https://www.zigbang.com/home/apt/items/48966829
2026-05-28 07:23:00,원룸,48912755,월세,01,경상남도 거제시 장평동,거제시,장평동,100,30,0,33.05,10.0,2,쾌적한 가성비 좋은 원룸,https://www.zigbang.com/home/apt/items/48912755
2026-05-28 07:23:00,원룸,49070366,월세,01,경상남도 거제시 고현동,거제시,고현동,100,27,0,26,7.86,1,ㅡ5월신규ㅡ중곡 저렴하고 깔끔한 원룸,https://www.zigbang.com/home/apt/items/49070366
2026-05-28 07:23:00,원룸,49049747,월세,02,경상남도 거제시 연초면 죽토리,거제시,연초면,200,30,0,46.28,14.0,2,ㅇ무조건계약할 최신축 남향 정투룸ㅇ,https://www.zigbang.com/home/apt/items/49049747
2026-05-28 07:23:00,원룸,49031740,월세,01,경상남도 거제시 고현동,거제시,고현동,100,23,0,23.14,7.0,1,저렴하고 가성비 좋은 원룸,https://www.zigbang.com/home/apt/items/49031740
2026-05-28 07:23:00,원룸,49018504,월세,02,경상남도 거제시 연초면 오비리,거제시,연초면,200,30,0,33,9.98,2,5월신규 소오비미투,https://www.zigbang.com/home/apt/items/49018504
2026-05-28 07:23:00,원룸,48982412,월세,02,경상남도 거제시 수월동,거제시,수월동,200,25,0,39.67,12.0,4,춘광아파트부근. 엘베. 특미니투룸.옥상.선착순.살기좋은집,https://www.zigbang.com/home/apt/items/48982412
2026-05-28 07:23:00,원룸,48981020,월세,02,경상남도 거제시 연초면 연사리,거제시,연초면,100,20,0,36.36,11.0,3,ㅇ금액대비 최상품 신축 가성비 최고 넓은 원룸ㅇ,https://www.zigbang.com/home/apt/items/48981020
2026-05-28 07:23:00,원룸,48908530,월세,02,경상남도 거제시 연초면 오비리,거제시,연초면,200,15,0,42.98,13.0,1,ㅇ리모델링 대형 깔끔한 방이넓은 미니투룸ㅇ,https://www.zigbang.com/home/apt/items/48908530
2026-05-28 07:23:00,원룸,48839194,월세,02,경상남도 거제시 고현동,거제시,고현동,200,30,0,43,13.01,4,미투1.5룸신축급 도시가스 미니투룸,https://www.zigbang.com/home/apt/items/48839194
2026-05-28 07:23:00,원룸,48837373,월세,02,경상남도 거제시 장평동,거제시,장평동,200,28,0,25,7.56,2,깔끔하고 관리잘된 분리형 원룸,https://www.zigbang.com/home/apt/items/48837373
2026-05-28 07:23:00,원룸,48823169,월세,02,경상남도 거제시 고현동,거제시,고현동,200,27,0,39.67,12.0,2,ㅇ가성비와 위치가 좋은 신축 도시가스 원룸ㅇ,https://www.zigbang.com/home/apt/items/48823169
2026-05-28 07:23:00,원룸,48624801,월세,03,경상남도 거제시 고현동,거제시,고현동,200,25,0,49,14.82,2,귀한 복층형 원룸,https://www.zigbang.com/home/apt/items/48624801
2026-05-28 07:23:02,원룸,49156833,월세,02,경상남도 창원시 진해구 회현동,창원시 진해구,회현동,300,30,0,30,9.07,3,황금알 군부대인근 심야전기 분리형원룸 1년이상계약만 가능,https://www.zigbang.com/home/apt/items/49156833
2026-05-28 07:23:02,원룸,49122737,월세,02,경상남도 창원시 진해구 여좌동,창원시 진해구,여좌동,200,27,0,30,9.07,3,강남 진해여고앞 깔끔 예쁜방 신축 남향 탁트였고 밝고환한방,https://www.zigbang.com/home/apt/items/49122737
2026-05-28 07:23:02,원룸,49093092,월세,01,경상남도 창원시 진해구 여좌동,창원시 진해구,여좌동,100,25,0,23.2,7.02,3,전진  북원로타리 인근  풀옵션 미니원룸 단기가능,https://www.zigbang.com/home/apt/items/49093092
2026-05-28 07:23:10,원룸,49085916,월세,02,경상남도 거제시 능포동,거제시,능포동,100,20,0,26.4,7.99,2,옥수시장부근,https://www.zigbang.com/home/apt/items/49085916
2026-05-28 07:23:10,원룸,49074139,월세,02,경상남도 거제시 능포동,거제시,능포동,100,20,0,23.1,6.99,3,장승포 농협부근 1.5룸,https://www.zigbang.com/home/apt/items/49074139
2026-05-28 07:23:10,원룸,49071147,월세,02,경상남도 거제시 능포동,거제시,능포동,100,20,0,19.8,5.99,3,위치좋은 분리형 원룸,https://www.zigbang.com/home/apt/items/49071147
2026-05-28 07:23:10,원룸,49062512,월세,01,경상남도 거제시 장승포동,거제시,장승포동,50,37,0,44.32,13.41,5,"장승포 신축 오피스텔,",https://www.zigbang.com/home/apt/items/49062512
2026-05-28 07:23:13,원룸,49166986,월세,02,부산시 강서구 범방동,강서구,범방동,300,36,0,26.5,8.02,2,통창주방ㅣ방이 큰 투룸ㅣ,https://www.zigbang.com/home/apt/items/49166986
2026-05-28 07:23:13,원룸,49124170,월세,02,부산시 강서구 범방동,강서구,범방동,300,28,0,23.13,7.0,2,ㅣ최저가 풀옵션ㅣ도배예정,https://www.zigbang.com/home/apt/items/49124170
2026-05-28 07:23:13,원룸,49088101,전세,02,부산시 강서구 범방동,강서구,범방동,3000,0,0,23.14,7.0,3,범방동 원룸   풀옵션,https://www.zigbang.com/home/apt/items/49088101
2026-05-28 07:23:13,원룸,49076890,월세,02,부산시 강서구 범방동,강서구,범방동,200,36,0,25.79,7.8,2,"주방, 베란다까지 있음ㅣ투룸",https://www.zigbang.com/home/apt/items/49076890
2026-05-28 07:23:13,원룸,49048011,월세,01,부산시 강서구 범방동,강서구,범방동,300,28,0,23.14,7.0,3,범방동 원룸 가성비굿,https://www.zigbang.com/home/apt/items/49048011
2026-05-28 07:23:13,원룸,48943701,월세,02,부산시 강서구 범방동,강서구,범방동,300,38,0,40,12.1,2,범방동 투룸 즉시입주 가능,https://www.zigbang.com/home/apt/items/48943701
2026-05-28 07:23:13,원룸,48901250,월세,03,부산시 강서구 범방동,강서구,범방동,200,30,0,19.83,6.0,3,저렴한 복층 원룸  미음공단  생곡공단  신축,https://www.zigbang.com/home/apt/items/48901250
2026-05-28 07:23:13,원룸,48901230,월세,01,부산시 강서구 범방동,강서구,범방동,200,30,0,29.75,9.0,2,고급 원룸  주방분리   풀옵션,https://www.zigbang.com/home/apt/items/48901230
2026-05-28 07:23:13,원룸,49081903,월세,02,부산시 강서구 명지동,강서구,명지동,500,46,0,29.32,8.87,2,ꯁ 분위기있는투룸ㅣ큰창문ㅣ시스템에어컨2대 ꯁ,https://www.zigbang.com/home/apt/items/49081903
2026-05-28 07:23:13,원룸,49081697,월세,02,부산시 강서구 명지동,강서구,명지동,500,46,0,29.82,9.02,2,ll 에코델타 ㅣ넓은2룸ㅣ6월초 ll,https://www.zigbang.com/home/apt/items/49081697
2026-05-28 07:23:13,원룸,49081597,월세,02,부산시 강서구 명지동,강서구,명지동,500,46,0,35,10.59,2,각방 에어컨 주차넉넉합니다,https://www.zigbang.com/home/apt/items/49081597
2026-05-28 07:23:13,원룸,48977437,월세,01,부산시 사하구 하단동,사하구,하단동,100,15,0,20,6.05,3,가성비최고 조용한 방,https://www.zigbang.com/home/apt/items/48977437
2026-05-28 07:23:13,원룸,48969943,월세,01,부산시 사하구 하단동,사하구,하단동,100,20,0,23.14,7.0,6,o깔끔o학교앞o주방분리o,https://www.zigbang.com/home/apt/items/48969943
2026-05-28 07:23:13,원룸,48753800,월세,01,부산시 사상구 학장동,사상구,학장동,100,16,0,16.52,5.0,1,NEW 리모델링 ㅣ 최저가ㅣ단기가능ㅣ실매물,https://www.zigbang.com/home/apt/items/48753800
2026-05-28 07:23:16,원룸,48987063,월세,01,부산시 영도구 동삼동,영도구,동삼동,100,10,0,15,4.54,3,NEW 리모델링ㅣ단기가능ㅣ보증금조절가능ㅣ최저가,https://www.zigbang.com/home/apt/items/48987063
2026-05-28 07:23:16,원룸,48940311,월세,01,부산시 남구 용호동,남구,용호동,100,25,0,16.52,5.0,5,세입자의 입장에서 안내하겠습니다,https://www.zigbang.com/home/apt/items/48940311
2026-05-28 07:23:16,원룸,48930929,월세,01,부산시 영도구 동삼동,영도구,동삼동,100,18,0,16.52,5.0,5,NEW리모델링ㅣ단기가능ㅣ보증금조절가능ㅣ주차가,https://www.zigbang.com/home/apt/items/48930929
2026-05-28 07:23:16,원룸,48753804,월세,03,부산시 영도구 동삼동,영도구,동삼동,100,32,0,19.83,6.0,3,NEW 리모델링ㅣ복층원룸ㅣ단기가능ㅣ해양대앞ㅣ,https://www.zigbang.com/home/apt/items/48753804
2026-05-28 07:23:16,원룸,48595518,월세,01,부산시 영도구 동삼동,영도구,동삼동,100,20,0,19.83,6.0,3,NEW리모델링ㅣ단기가능ㅣ보증금조절가능ㅣ해양대앞,https://www.zigbang.com/home/apt/items/48595518
2026-05-28 07:23:18,원룸,49150240,월세,02,광주시 광산구 오선동,광산구,오선동,100,23,0,26.45,8.0,2,ㅣ오선동 끝판왕ㅣ 가성비 좋은방ㅣ,https://www.zigbang.com/home/apt/items/49150240
2026-05-28 07:23:18,원룸,49136029,월세,01,광주시 광산구 오선동,광산구,오선동,100,26,0,19.82,6.0,3,오선동 가성비 화이트톤 원룸 l 붙박이장 l 귀한 매물,https://www.zigbang.com/home/apt/items/49136029
2026-05-28 07:23:18,원룸,49135004,월세,02,광주시 광산구 진곡동,광산구,진곡동,200,26,0,28,8.47,2,ꯁꯁ컨디션 좋음ꯁꯁACE 내부깔끔 풀옵션,https://www.zigbang.com/home/apt/items/49135004
2026-05-28 07:23:18,원룸,49134970,월세,02,광주시 광산구 오선동,광산구,오선동,200,27,0,28,8.47,3,ㅁ허위매물 NOㅁ인기매물 채광굿 풀옵션 원룸,https://www.zigbang.com/home/apt/items/49134970
2026-05-28 07:23:18,원룸,49105431,월세,02,광주시 광산구 오선동,광산구,오선동,200,26,0,22.08,6.68,3,II P II 리모델링 l 엘베 l 가성비 l 한국인선호,https://www.zigbang.com/home/apt/items/49105431
2026-05-28 07:23:18,원룸,49054848,월세,02,광주시 광산구 오선동,광산구,오선동,200,26,0,29,8.77,2,ㅁNew완전 풀옵션ㅁ침대새거 챙광굿 즉시입주 가능,https://www.zigbang.com/home/apt/items/49054848
2026-05-28 07:23:18,원룸,49053982,월세,02,광주시 광산구 오선동,광산구,오선동,200,26,0,30,9.07,4,ㅁNew추천매물ㅁ수납좋고 채광좋은 풀옵션 원룸,https://www.zigbang.com/home/apt/items/49053982
2026-05-28 07:23:18,원룸,49016730,월세,02,광주시 광산구 오선동,광산구,오선동,100,24,0,26.46,8.0,3,II P II 신축급 l 가성비 l 오선동 l 모든매물보유,https://www.zigbang.com/home/apt/items/49016730
2026-05-28 07:23:18,원룸,48981728,월세,02,광주시 광산구 오선동,광산구,오선동,200,26,0,28.16,8.52,2,"착한가격원룸 , 내부깔끔 , 주변시세대비저렴 , 주차편리",https://www.zigbang.com/home/apt/items/48981728
2026-05-28 07:23:18,원룸,48961811,월세,02,광주시 광산구 오선동,광산구,오선동,200,28,0,21.08,6.38,3,ㅣ실시간 A급 인기매물ㅣ갓성비ㅣ채광 굿ㅣ,https://www.zigbang.com/home/apt/items/48961811
2026-05-28 07:23:18,원룸,48852954,월세,02,광주시 광산구 진곡동,광산구,진곡동,200,26,0,26.46,8.0,2,II P II 신축급 l 엘베 l 미친채광 l 풀옵션 l,https://www.zigbang.com/home/apt/items/48852954
2026-05-28 07:23:18,원룸,48536474,월세,02,광주시 광산구 오선동,광산구,오선동,200,27,0,26.44,8.0,2,내국인전용ㅇ밝고이쁜집ㅇEVㅇ수납공간짱ㅇ,https://www.zigbang.com/home/apt/items/48536474
2026-05-28 07:23:30,원룸,49069611,월세,01,전라북도 전주시 완산구 효자동3가,전주시 완산구,효자동3가,50,18,0,25,7.56,1,ꯁ전주대 최저가 원룸ꯁ풀옵션 최최저가ꯁ위치 최상급 원룸ꯁ,https://www.zigbang.com/home/apt/items/49069611
2026-05-28 07:23:31,원룸,48747256,월세,02,전라북도 전주시 덕진구 인후동1가,전주시 덕진구,인후동1가,200,25,0,33.36,10.09,2,인후동신축급원룸ㅇ이쁨ㅇ주방분리ㅇ붙박이장ㅇ입주청소ㅇ깨끗ㅇ최상,https://www.zigbang.com/home/apt/items/48747256
2026-05-28 07:23:31,원룸,48730774,월세,01,전라북도 전주시 완산구 고사동,전주시 완산구,고사동,300,25,0,33.06,10.0,3,ㅁㅁ귀한원룸ㅁ메가박스인근ㅁ가성비매물ㅁ인기매물ㅁ주방분리ㅁㅁ,https://www.zigbang.com/home/apt/items/48730774
2026-05-28 07:23:31,원룸,48706134,월세,01,전라북도 전주시 덕진구 우아동2가,전주시 덕진구,우아동2가,100,15,0,33.06,10.0,2,ㅡOKㅡ실매물ㅡOKㅡ밝고 환한 가성비 좋은 원룸,https://www.zigbang.com/home/apt/items/48706134
2026-05-28 07:23:31,원룸,48649776,월세,01,전라북도 전주시 덕진구 진북동,전주시 덕진구,진북동,300,53,0,42.78,12.94,4,신축오피스텔형ㅇ테라스ㅇ초대형구조ㅇ엘베ㅇ이쁨이쁨ㅇ딱하나뿐ㅇ짱,https://www.zigbang.com/home/apt/items/48649776
2026-05-28 07:23:31,원룸,48647735,월세,02,전라북도 전주시 덕진구 인후동1가,전주시 덕진구,인후동1가,200,23,0,33.36,10.09,3,아중리원룸ㅇ탁트인뷰ㅇ몸만오세요ㅇ주방분리ㅇ완전깨끗ㅇ풀옵션ㅇ가,https://www.zigbang.com/home/apt/items/48647735
2026-05-28 07:23:31,원룸,48635996,월세,02,전라북도 전주시 완산구 다가동3가,전주시 완산구,다가동3가,200,27,0,33.06,10.0,2,신축v객리단길v완전풀옵v깨끗깔끔v상권최고v채광좋음v인기매물,https://www.zigbang.com/home/apt/items/48635996
2026-05-28 07:23:31,원룸,48635417,월세,02,전라북도 전주시 덕진구 진북동,전주시 덕진구,진북동,300,28,0,33.36,10.09,2,신축v합격하는집v풀옵션v깨끗v면학분위기v보안최고v채광좋음v,https://www.zigbang.com/home/apt/items/48635417
2026-05-28 07:23:31,원룸,48552635,월세,02,전라북도 전주시 덕진구 인후동1가,전주시 덕진구,인후동1가,200,22,0,33.06,10.0,4,VㅡV리모델링ㅇ풀옵션원룸VㅡV,https://www.zigbang.com/home/apt/items/48552635
2026-05-28 07:23:33,원룸,49061498,월세,01,전라북도 남원시 왕정동,남원시,왕정동,300,30,0,29.75,9.0,3,왕정동 신축급원룸 임대합니다,https://www.zigbang.com/home/apt/items/49061498
2026-05-28 07:23:42,원룸,49158428,월세,01,경상남도 거창군 거창읍 김천리,거창군,거창읍,500,33,0,24,7.26,2,"내부시설깨긋,풀옵션",https://www.zigbang.com/home/apt/items/49158428
2026-05-28 07:23:42,원룸,48981169,월세,02,경상남도 거창군 거창읍 송정리,거창군,거창읍,1000,40,0,36.16,10.94,2,"즉시입주가능 내부시설깨끗,",https://www.zigbang.com/home/apt/items/48981169
2026-05-28 07:23:44,원룸,49150627,월세,02,전라북도 군산시 미룡동,군산시,미룡동,100,28,0,17,5.14,2,군산대 정문에서 7분 거리 위치.,https://www.zigbang.com/home/apt/items/49150627
2026-05-28 07:23:44,원룸,49126393,월세,02,전라북도 군산시 미룡동,군산시,미룡동,100,34,0,17,5.14,2,군산대 정문에서 7분 거리위치.주변환경 조용하고 쾌적함.,https://www.zigbang.com/home/apt/items/49126393
2026-05-28 07:23:44,원룸,49148575,월세,02,전라북도 군산시 오식도동,군산시,오식도동,100,23,0,21,6.35,3,리모델링을 새로 하여 깨끗한 원룸,https://www.zigbang.com/home/apt/items/49148575
2026-05-28 07:23:44,원룸,49112778,월세,01,전라북도 군산시 오식도동,군산시,오식도동,100,20,0,20,6.05,4,뷰나와서 환기잘되는 원룸 2층 새벽지,https://www.zigbang.com/home/apt/items/49112778
2026-05-28 07:23:44,원룸,49112777,월세,01,전라북도 군산시 오식도동,군산시,오식도동,100,25,0,20,6.05,3,신축  깨끗한 원룸,https://www.zigbang.com/home/apt/items/49112777
2026-05-28 07:23:44,원룸,49112776,월세,01,전라북도 군산시 오식도동,군산시,오식도동,100,25,0,20,6.05,3,위치좋고 깨끗한,https://www.zigbang.com/home/apt/items/49112776
2026-05-28 07:23:44,원룸,49003438,월세,01,전라북도 군산시 오식도동,군산시,오식도동,100,25,0,21,6.35,3,주방이 예쁜 원룸입니다.,https://www.zigbang.com/home/apt/items/49003438
2026-05-28 07:23:44,원룸,49002862,월세,01,전라북도 군산시 오식도동,군산시,오식도동,100,30,0,21,6.35,3,옵션이 깔끔한 원룸입니다.,https://www.zigbang.com/home/apt/items/49002862
2026-05-28 07:23:44,원룸,48961949,월세,01,전라북도 군산시 오식도동,군산시,오식도동,100,25,0,21,6.35,4,컨디션 굿 1.5룸크기,https://www.zigbang.com/home/apt/items/48961949
2026-05-28 07:23:44,원룸,48928346,월세,01,전라북도 군산시 오식도동,군산시,오식도동,100,25,0,19.83,6.0,3,준신축급원룸,https://www.zigbang.com/home/apt/items/48928346
2026-05-28 07:23:44,원룸,48928290,월세,01,전라북도 군산시 오식도동,군산시,오식도동,100,25,0,22,6.65,3,조용하고 한적한원룸,https://www.zigbang.com/home/apt/items/48928290
2026-05-28 07:23:44,원룸,48928269,월세,01,전라북도 군산시 오식도동,군산시,오식도동,100,25,0,23.14,7.0,3,정남향 뻥뷰원룸,https://www.zigbang.com/home/apt/items/48928269
2026-05-28 07:23:44,원룸,48900706,월세,01,전라북도 군산시 오식도동,군산시,오식도동,100,27,0,19,5.75,4,층간소음없는 탑층,https://www.zigbang.com/home/apt/items/48900706
2026-05-28 07:23:44,원룸,48887965,월세,01,전라북도 군산시 오식도동,군산시,오식도동,100,25,0,21,6.35,2,채광이 좋은 원룸입니다.,https://www.zigbang.com/home/apt/items/48887965
2026-05-28 07:23:44,원룸,48858665,월세,01,전라북도 군산시 오식도동,군산시,오식도동,100,20,0,20,6.05,2,벽지 전체 교체,https://www.zigbang.com/home/apt/items/48858665
2026-05-28 07:23:48,원룸,49124207,월세,02,전라북도 익산시 남중동,익산시,남중동,200,25,0,33.06,10.0,2,S2남중동 원룸S2 주차굿S2,https://www.zigbang.com/home/apt/items/49124207
2026-05-28 07:23:48,원룸,49010789,월세,02,전라북도 익산시 마동,익산시,마동,200,44,0,45,13.61,3,특A츄천 엘베 신축2룸 깨끗조용넓고쾌적 고급 생활편리 인기,https://www.zigbang.com/home/apt/items/49010789
2026-05-28 07:23:48,원룸,49003742,월세,02,전라북도 익산시 남중동,익산시,남중동,200,25,0,33.05,10.0,4,ㅁ남중동 방 넓은 풀옵션원룸 ㅁ 국민생활관 부근,https://www.zigbang.com/home/apt/items/49003742
2026-05-28 07:23:48,원룸,48951392,전세,02,전라북도 익산시 마동,익산시,마동,7800,0,0,50,15.12,2,특A전세2룸 엘베 신축 깨끗조용 풀옵션 생활편리 전북대4분,https://www.zigbang.com/home/apt/items/48951392
2026-05-28 07:23:48,원룸,48900992,월세,01,전라북도 익산시 마동,익산시,마동,200,25,0,29.75,9.0,3,"Oo마동 원룸oO풀옵션,가성비굿oO",https://www.zigbang.com/home/apt/items/48900992
2026-05-28 07:23:48,원룸,48899644,월세,01,전라북도 익산시 영등동,익산시,영등동,200,25,0,33,9.98,2,영등동 깔끔한원룸 월세,https://www.zigbang.com/home/apt/items/48899644
2026-05-28 07:23:48,원룸,48845845,월세,02,전라북도 익산시 마동,익산시,마동,200,27,0,33.06,10.0,2,"AA 즉시입주,남향,풀옵션",https://www.zigbang.com/home/apt/items/48845845
2026-05-28 07:23:48,원룸,48967998,월세,02,전라북도 전주시 덕진구 여의동2가,전주시 덕진구,여의동2가,300,30,0,35.79,10.83,2,신축급ㅇ딱하나뿐ㅇ화이트톤ㅇ깨끗ㅇ채광좋음ㅇ가성비짱ㅇ인기매물ㅇ,https://www.zigbang.com/home/apt/items/48967998
2026-05-28 07:23:48,원룸,48861089,월세,01,전라북도 전주시 덕진구 여의동2가,전주시 덕진구,여의동2가,300,30,0,33.06,10.0,2,ㅁㅁ여의동 옵션좋은 초대형 원룸 입니다ㅁㅁ,https://www.zigbang.com/home/apt/items/48861089
2026-05-28 07:23:48,원룸,49011939,월세,01,전라북도 완주군 삼례읍 후정리,완주군,삼례읍,200,25,0,33.06,10.0,2,ㅁ우석대인근ㅁ풀옵션ㅁ인기최고ㅁBEST원룸ㅁ안심주택,https://www.zigbang.com/home/apt/items/49011939
2026-05-28 07:23:49,원룸,48895865,월세,01,전라북도 전주시 덕진구 송천동2가,전주시 덕진구,송천동2가,300,27,0,33.06,10.0,2,ㅁㅁ신축원룸ㅁ에코시티맞은편ㅁ위치최고ㅁ인기매물ㅁ좋은집ㅁㅁ,https://www.zigbang.com/home/apt/items/48895865
2026-05-28 07:23:49,원룸,49112560,월세,02,전라북도 완주군 봉동읍 낙평리,완주군,봉동읍,300,30,0,33.06,10.0,2,ꗄꗄ좋은집ꗄꗄ준신축급ꗄꗄ엘베ꗄꗄ주차만족ꗄꗄ안심주택ꗄꗄ가성비,https://www.zigbang.com/home/apt/items/49112560
2026-05-28 07:23:51,원룸,49150647,전세,02,충청남도 논산시 취암동,논산시,취암동,8000,0,0,42.98,13.0,2,신축1.5룸. 사진보다 좋음...,https://www.zigbang.com/home/apt/items/49150647
2026-05-28 07:23:51,원룸,49114211,월세,02,충청남도 논산시 취암동,논산시,취암동,2500,40,0,42.98,13.0,4,신축1.5룸...보증금 조절가능...,https://www.zigbang.com/home/apt/items/49114211
2026-05-28 07:23:51,원룸,49018221,월세,01,충청남도 논산시 취암동,논산시,취암동,150,22,0,25,7.56,4,가격 초저렴 원룸,https://www.zigbang.com/home/apt/items/49018221
2026-05-28 07:23:51,원룸,48919153,월세,01,충청남도 논산시 취암동,논산시,취암동,300,35,0,25,7.56,3,취암동사무소근처입니다,https://www.zigbang.com/home/apt/items/48919153
2026-05-28 07:23:51,원룸,49059709,전세,02,충청남도 논산시 연무읍 안심리,논산시,연무읍,4000,0,0,35,10.59,2,예쁜반투룸입니다..,https://www.zigbang.com/home/apt/items/49059709
2026-05-28 07:23:52,원룸,48948935,월세,02,충청남도 보령시 명천동,보령시,명천동,1000,66,0,38.85,11.75,2,명천택지지구 경찰서앞 깔끔한 1.5룸,https://www.zigbang.com/home/apt/items/48948935
2026-05-28 07:23:52,원룸,49168929,월세,01,충청남도 보령시 동대동,보령시,동대동,200,36,0,23.14,7.0,2,"다이소 부근, 도보 생활권 인프라  가능한 분리형 원룸",https://www.zigbang.com/home/apt/items/49168929
2026-05-28 07:23:52,원룸,49159519,월세,02,충청남도 보령시 동대동,보령시,동대동,500,40,0,28,8.47,3,"동대동,생활권편리,방2",https://www.zigbang.com/home/apt/items/49159519
2026-05-28 07:23:52,원룸,49146442,월세,01,충청남도 보령시 동대동,보령시,동대동,30,37,0,31.24,9.45,4,동대동 위치좋음. 방크기가 크고  큰창문으로 환기좋음,https://www.zigbang.com/home/apt/items/49146442
2026-05-28 07:23:52,원룸,49135382,전세,01,충청남도 보령시 동대동,보령시,동대동,5000,0,0,26,7.86,4,"풀옵션,편리한생활권,동대동",https://www.zigbang.com/home/apt/items/49135382
2026-05-28 07:23:52,원룸,49134681,월세,01,충청남도 보령시 동대동,보령시,동대동,200,28,0,23.14,7.0,2,동대동 가성비 좋은 원룸,https://www.zigbang.com/home/apt/items/49134681
2026-05-28 07:23:52,원룸,49129198,월세,02,충청남도 보령시 동대동,보령시,동대동,300,38,0,24,7.26,4,동대동 위치좋고 깨끗한원룸,https://www.zigbang.com/home/apt/items/49129198
2026-05-28 07:23:52,원룸,49108561,월세,02,충청남도 보령시 동대동,보령시,동대동,500,40,0,23,6.96,2,"승강기가있어 사용편리하고,동대동대중교통편리 다양한인프라가",https://www.zigbang.com/home/apt/items/49108561
2026-05-28 07:23:52,원룸,49090925,월세,01,충청남도 보령시 동대동,보령시,동대동,500,35,0,22.2,6.72,5,동대동원형로터리 근처 수납공간 충분한 오픈형 원룸 즉시입주,https://www.zigbang.com/home/apt/items/49090925
2026-05-28 07:23:52,원룸,49060488,월세,02,충청남도 보령시 동대동,보령시,동대동,300,45,0,39.6,11.98,2,"동대동 중심부 위치,주변 인프라좋음",https://www.zigbang.com/home/apt/items/49060488
2026-05-28 07:23:52,원룸,49056904,전세,02,충청남도 보령시 동대동,보령시,동대동,4500,0,0,23.14,7.0,3,동대동 휴먼시아 근처 2016년생 깔끔한 원룸 전세,https://www.zigbang.com/home/apt/items/49056904
2026-05-28 07:23:52,원룸,49018677,전세,01,충청남도 보령시 동대동,보령시,동대동,5000,0,0,18.77,5.68,5,동대동  대천천변 조용하고 깔끔한 도시형생활주택 개별등기,https://www.zigbang.com/home/apt/items/49018677
2026-05-28 07:23:52,원룸,48860443,월세,02,충청남도 보령시 동대동,보령시,동대동,300,37,0,28,8.47,3,"동대동 중심부 위치, 주변인프라 좋음",https://www.zigbang.com/home/apt/items/48860443
2026-05-28 07:23:54,원룸,49056882,월세,01,충청남도 보령시 주교면 주교리,보령시,주교면,200,45,0,23.14,7.0,1,"관창공단, 아주대 근처 주교삼거리에 2017년생 깔끔한원룸",https://www.zigbang.com/home/apt/items/49056882
2026-05-28 07:23:59,원룸,49163650,월세,01,세종시 장군면 봉안리,,장군면,100,27,0,18.18,5.5,1,"버스정류장앞,세종시 최고 저렴한 원룸 세종청사10분거리",https://www.zigbang.com/home/apt/items/49163650
2026-05-28 07:23:59,원룸,49161818,월세,01,세종시 장군면 대교리,,장군면,100,27,0,18.18,5.5,2,세종 최저 저렴이 원룸 빌트인장 수납공간 多싸게 딱 좋아,https://www.zigbang.com/home/apt/items/49161818
2026-05-28 07:23:59,원룸,49161239,전세,02,세종시 장군면 봉안리,,장군면,5000,0,0,25.79,7.8,3,장군면 넓은 침대 원룸 주방 분리형,https://www.zigbang.com/home/apt/items/49161239
2026-05-28 07:23:59,원룸,49157975,월세,01,세종시 장군면 도계리,,장군면,100,26,0,16.53,5.0,2,"장군면 최저가, 편의시설 좋아요 세종청사 15분거리",https://www.zigbang.com/home/apt/items/49157975
2026-05-28 07:23:59,원룸,49152734,월세,02,세종시 장군면 봉안리,,장군면,100,31,0,24.79,7.5,3,"버스정류장앞,청사10분거리, 넓은 방 ,풀옵션으로 꽉꽉",https://www.zigbang.com/home/apt/items/49152734
2026-05-28 07:23:59,원룸,49146888,월세,01,세종시 장군면 은용리,,장군면,100,28,0,21.49,6.5,1,"풀옵션원룸,고운동 새롬동 10분 거리, 깨끗한 원룸",https://www.zigbang.com/home/apt/items/49146888
2026-05-28 07:23:59,원룸,49143222,월세,02,세종시 장군면 봉안리,,장군면,200,35,0,22,6.65,4,"6월말, 다정동,고운동3분, 주방분리형 침대,책상,깔끔원룸",https://www.zigbang.com/home/apt/items/49143222
2026-05-28 07:23:59,원룸,49131682,월세,01,세종시 장군면 대교리,,장군면,200,28,0,23.14,7.0,2,특A급 방 저렴하게 나왔어요 고운동과 가까운 원룸,https://www.zigbang.com/home/apt/items/49131682
2026-05-28 07:23:59,원룸,49089573,월세,01,세종시 장군면 도계리,,장군면,200,30,0,24,7.26,2,장군면 햇살 가득한 남향 원룸,https://www.zigbang.com/home/apt/items/49089573
2026-05-28 07:23:59,원룸,49089295,월세,01,세종시 장군면 봉안리,,장군면,100,27,0,22,6.65,3,세종시 장군면  풀옵션 원룸 월세,https://www.zigbang.com/home/apt/items/49089295
2026-05-28 07:23:59,원룸,49074294,전세,01,세종시 장군면 은용리,,장군면,3500,0,0,25,7.56,3,"대출없는 다정동5분,이마트10분, 남동향 넓은 원룸 전세",https://www.zigbang.com/home/apt/items/49074294
2026-05-28 07:23:59,원룸,49062253,월세,02,세종시 장군면 하봉리,,장군면,200,42,0,37,11.19,3,세종시 장군면  하봉리 1.5룸 월세,https://www.zigbang.com/home/apt/items/49062253
2026-05-28 07:23:59,원룸,48998391,월세,02,세종시 장군면 봉안리,,장군면,200,35,0,25,7.56,3,세종시 장군면 넒은 원룸 풀옵션,https://www.zigbang.com/home/apt/items/48998391
2026-05-28 07:23:59,원룸,48931379,월세,02,세종시 장군면 도계리,,장군면,200,45,0,36,10.89,3,세종시 장군면 1.5룸 월세,https://www.zigbang.com/home/apt/items/48931379
2026-05-28 07:24:06,원룸,49150206,월세,02,대전시 서구 관저동,서구,관저동,2000,50,0,17.17,5.19,3,건양대 근처 동방고 뒤편 예뿐집,https://www.zigbang.com/home/apt/items/49150206
2026-05-28 07:24:06,원룸,49139281,월세,02,대전시 서구 관저동,서구,관저동,500,35,0,23.14,7.0,3,ꕥ실매물ꕥ실사진ꕥ 깔끔한 방 . 저렴한 가격 . 좋은 위치,https://www.zigbang.com/home/apt/items/49139281
2026-05-28 07:24:06,원룸,49139097,월세,02,대전시 서구 관저동,서구,관저동,200,40,0,27,8.17,1,금방품절. 큰방. 애완가능. 컨디션최상급.,https://www.zigbang.com/home/apt/items/49139097
2026-05-28 07:24:06,원룸,49138762,월세,02,대전시 서구 관저동,서구,관저동,200,33,0,26,7.86,1,ꕥ실매물ꕥ실사진ꕥ 깔끔한 분리형원룸 베란까지있는 인기방,https://www.zigbang.com/home/apt/items/49138762
2026-05-28 07:24:06,원룸,49122932,월세,02,대전시 서구 관저동,서구,관저동,300,37,0,26,7.86,3,초특가. 분리형원룸. 500에35가능. 채광굿. 베란다.,https://www.zigbang.com/home/apt/items/49122932
2026-05-28 07:24:06,원룸,49122883,월세,02,대전시 서구 관저동,서구,관저동,300,40,0,27,8.17,2,베스트매물. 대형원룸. 채광좋음. 즉시가능.,https://www.zigbang.com/home/apt/items/49122883
2026-05-28 07:24:06,원룸,49122813,월세,02,대전시 서구 관저동,서구,관저동,500,43,0,27,8.17,4,단독테라스. 엘베. 신축급원룸. 채광최고. 분리형.,https://www.zigbang.com/home/apt/items/49122813
2026-05-28 07:24:06,원룸,49121824,월세,02,대전시 서구 관저동,서구,관저동,500,43,0,23.14,7.0,4,건양대  가장 가까운 거리 신축단지,https://www.zigbang.com/home/apt/items/49121824
2026-05-28 07:24:06,원룸,49088603,월세,02,대전시 서구 관저동,서구,관저동,500,55,0,34,10.28,2,건양대도보o 신축급1.5룸. 대형사이즈. 엘베.,https://www.zigbang.com/home/apt/items/49088603
2026-05-28 07:24:06,원룸,49082880,월세,02,대전시 서구 관저동,서구,관저동,2000,45,0,19.55,5.91,2,"깔끔한 준신축 풀옵션 1.5룸 , 마치광장 인근",https://www.zigbang.com/home/apt/items/49082880
2026-05-28 07:24:06,원룸,49082615,월세,02,대전시 서구 관저동,서구,관저동,500,50,0,29.75,9.0,4,넓은 풀옵션 1.5룸十넓은 테라스十엘베O十서대전TG 인근,https://www.zigbang.com/home/apt/items/49082615
2026-05-28 07:24:06,원룸,49082602,월세,02,대전시 서구 관저동,서구,관저동,1000,50,0,18.72,5.66,2,신축형 풀옵션 원룸十중문O十엘베O十베란다O十마치광장 인근,https://www.zigbang.com/home/apt/items/49082602
2026-05-28 07:24:06,원룸,49051442,월세,02,대전시 서구 관저동,서구,관저동,2000,45,0,29.75,9.0,3,관저동 서대전 ic 근접  주인직접 수수없음,https://www.zigbang.com/home/apt/items/49051442
2026-05-28 07:24:06,원룸,49023296,월세,03,대전시 서구 관저동,서구,관저동,1000,60,0,26.44,8.0,2,애완동물과 함께하는 복층구조 원룸,https://www.zigbang.com/home/apt/items/49023296
2026-05-28 07:24:06,원룸,48918589,월세,02,대전시 서구 관저동,서구,관저동,3000,40,0,33.05,10.0,2,관저동 건양대근처 동방고 뒤편 주택단지,https://www.zigbang.com/home/apt/items/48918589
2026-05-28 07:24:06,원룸,49163750,월세,01,대전시 유성구 계산동,유성구,계산동,400,40,0,30,9.07,3,S 수납공간 좋은 S 넓은 오픈형 풀옵션 GOOD,https://www.zigbang.com/home/apt/items/49163750
2026-05-28 07:24:06,원룸,49156425,월세,02,대전시 유성구 학하동,유성구,학하동,1000,50,0,22.23,6.72,3,신축 내가만들어가는 첫집.즉시입주가능한.건조기포함 풀옵션,https://www.zigbang.com/home/apt/items/49156425
2026-05-28 07:24:06,원룸,48997079,월세,02,대전시 유성구 계산동,유성구,계산동,300,40,0,33,9.98,2,ꕤ 가성비 BEST ꕤ 계산동 넓은구조 분리형 원룸 ꕤ,https://www.zigbang.com/home/apt/items/48997079
2026-05-28 07:24:06,원룸,48996962,월세,01,대전시 유성구 계산동,유성구,계산동,400,40,0,33,9.98,3,ꕤ REAL 실매물 ꕤ 계산동 실속형 오픈원룸 추천매물 ꕤ,https://www.zigbang.com/home/apt/items/48996962
2026-05-28 07:24:06,원룸,48996856,월세,01,대전시 유성구 계산동,유성구,계산동,300,40,0,33,9.98,3,ꕤ BEST 호텔느낌 ꕤ 모던분위기 깔끔한 오픈형 원룸 ꕤ,https://www.zigbang.com/home/apt/items/48996856
2026-05-28 07:24:06,원룸,48645578,월세,01,대전시 유성구 계산동,유성구,계산동,300,38,0,33,9.98,2,"S계산동S 답답함이없는 오픈형 ,풀옵션 원룸 즉시가능",https://www.zigbang.com/home/apt/items/48645578
2026-05-28 07:24:06,원룸,48929976,월세,02,대전시 서구 도안동,서구,도안동,1000,55,0,39.66,12.0,2,도안동 풀옵션 원룸,https://www.zigbang.com/home/apt/items/48929976
2026-05-28 07:24:06,원룸,48928608,월세,02,대전시 유성구 교촌동,유성구,교촌동,200,25,0,23,6.96,2,"s 교촌동 s 깔끔 분리형 , 풀옵션, 최저가 착한 월세",https://www.zigbang.com/home/apt/items/48928608
2026-05-28 07:24:06,원룸,48928483,월세,01,대전시 유성구 원내동,유성구,원내동,100,27,0,24,7.26,2,"s 원내동 s 깔금 오픈형 원룸, 최저가 착한 월세",https://www.zigbang.com/home/apt/items/48928483
2026-05-28 07:24:06,원룸,48913965,월세,02,대전시 서구 관저동,서구,관저동,500,55,0,34,10.28,2,SS 신축급 1.5룸 SS 럭셔리 인테리어 WOW,https://www.zigbang.com/home/apt/items/48913965
2026-05-28 07:24:06,원룸,48911670,월세,02,대전시 서구 관저동,서구,관저동,300,29,0,26.45,8.0,3,애완견가능 마치광장인근 가성비bestTOP매물 넓은풀옵션,https://www.zigbang.com/home/apt/items/48911670
2026-05-28 07:24:06,원룸,48877000,월세,02,대전시 유성구 교촌동,유성구,교촌동,500,45,0,38,11.49,4,"㋹ 최상급 1.5룸㋹  풀옵션, 엘레베이터, 즉시입주 가능",https://www.zigbang.com/home/apt/items/48877000
2026-05-28 07:24:06,원룸,48851444,월세,02,대전시 서구 관저동,서구,관저동,200,25,0,33.06,10.0,3,0안심0알뜰풀옵션원룸깔끔한인테리어넓은욕실위치최상,https://www.zigbang.com/home/apt/items/48851444
2026-05-28 07:24:06,원룸,48837784,월세,01,대전시 서구 도안동,서구,도안동,1000,45,0,21.44,6.49,3,정말루 좋은 매물만 l숲세권l깔끔l숲보임l주차넓음,https://www.zigbang.com/home/apt/items/48837784
2026-05-28 07:24:06,원룸,48837587,월세,02,대전시 서구 도안동,서구,도안동,2000,55,0,28.49,8.62,2,정말루 좋은 매물만 l깔끔l최상 컨디션l조용한 위치l,https://www.zigbang.com/home/apt/items/48837587
2026-05-28 07:24:06,원룸,48803881,월세,01,대전시 서구 도안동,서구,도안동,500,40,0,16.52,5.0,3,살기 편하고 가성비 좋은 원룸,https://www.zigbang.com/home/apt/items/48803881
2026-05-28 07:24:06,원룸,48793998,월세,02,대전시 서구 관저동,서구,관저동,200,29,0,24.04,7.27,3,알뜰풀옵션원룸 빵빵한옵션 위치최상 건양대도보가능,https://www.zigbang.com/home/apt/items/48793998
2026-05-28 07:24:06,원룸,48756427,월세,02,대전시 서구 관저동,서구,관저동,500,45,0,23.14,7.0,2,ꕥ실매물ꕥ실사진ꕥ 1.5룸 완벽한 구조 풀옵션에 주차편리,https://www.zigbang.com/home/apt/items/48756427
2026-05-28 07:24:06,원룸,48715415,월세,02,대전시 서구 관저동,서구,관저동,500,50,0,18.77,5.68,3,S급. 신축1.5룸. 엘베. 컨디션굿. 즉시가능.,https://www.zigbang.com/home/apt/items/48715415
2026-05-28 07:24:06,원룸,48696052,월세,02,대전시 서구 관저동,서구,관저동,500,40,0,23.14,7.0,3,건양대근처 동방고 조용한주택단지,https://www.zigbang.com/home/apt/items/48696052
2026-05-28 07:24:06,원룸,48684892,월세,02,대전시 유성구 교촌동,유성구,교촌동,500,39,0,26,7.86,2,"가성비 좋은 분리형원룸, 생활권 좋은 위치,엘베 O",https://www.zigbang.com/home/apt/items/48684892
2026-05-28 07:24:07,원룸,49124256,월세,02,대전시 동구 낭월동,동구,낭월동,500,45,0,33.5,10.13,2,"1.5룸  풀옵션방, 도배, 청소 완료OK,",https://www.zigbang.com/home/apt/items/49124256
2026-05-28 07:24:07,원룸,49106341,월세,02,대전시 중구 옥계동,중구,옥계동,300,30,0,23.97,7.25,3,"주방 분리형 원룸, 넓은 원룸, 방보러 오세요,",https://www.zigbang.com/home/apt/items/49106341
2026-05-28 07:24:07,원룸,49074575,월세,02,대전시 동구 낭월동,동구,낭월동,500,30,0,23.97,7.25,2,옵션 갖춘 원룸ㅣ즉시입주 가능ㅣ보증금 조절 가능,https://www.zigbang.com/home/apt/items/49074575
2026-05-28 07:24:07,원룸,49046431,월세,02,대전시 동구 낭월동,동구,낭월동,500,40,0,33.5,10.13,옥탑방,정말 넓은 1.5룸 l 주변매물 모두확보,https://www.zigbang.com/home/apt/items/49046431
2026-05-28 07:24:07,원룸,48999487,월세,02,대전시 동구 낭월동,동구,낭월동,500,42,0,27.5,8.32,2,ꕤ웰ꕤㅣ신축급ㅣ깨끗한ㅣ고급인테리어ㅣ즉시입주ㅣ풀옵션ㅣ,https://www.zigbang.com/home/apt/items/48999487
2026-05-28 07:24:10,원룸,49108154,월세,02,대전시 유성구 지족동,유성구,지족동,1000,55,0,33,9.98,2,귀한신축급1.5룸ㅣ깔끔한화이트톤ㅣ엘베완비ㅣ풀옵션,https://www.zigbang.com/home/apt/items/49108154
2026-05-28 07:24:10,원룸,49083260,월세,03,대전시 유성구 지족동,유성구,지족동,500,55,0,33.06,10.0,4,"SS 복층 풀옵션 발코니, EV SS",https://www.zigbang.com/home/apt/items/49083260
2026-05-28 07:24:10,원룸,49048795,월세,02,대전시 유성구 지족동,유성구,지족동,1000,52,0,38,11.49,3,lll 지족동 1.5룸 풀옵션lll 신축급 lll 에이스방,https://www.zigbang.com/home/apt/items/49048795
2026-05-28 07:24:10,원룸,49023086,월세,02,대전시 유성구 지족동,유성구,지족동,1000,40,0,23.14,7.0,2,지족 분리형 원룸,https://www.zigbang.com/home/apt/items/49023086
2026-05-28 07:24:10,원룸,49010348,월세,02,대전시 유성구 지족동,유성구,지족동,1000,55,0,35,10.59,2,"S지족동S 신축급, 1.5룸 풀옵션, EV",https://www.zigbang.com/home/apt/items/49010348
2026-05-28 07:24:06,원룸,48666616,월세,02,대전시 중구 선화동,중구,선화동,200,33,0,26.45,8.0,3,ꕤ웰ꕤㅡ막힘없는 창ㅡ위치Bestㅡ즉시입주OKㅡ,https://www.zigbang.com/home/apt/items/48666616
2026-05-28 07:24:06,원룸,49014861,월세,02,대전시 동구 삼성동,동구,삼성동,300,30,0,23.97,7.25,4,"넓은주차장ㅣ전세3500가능, 주방분리형 원룸ㅣ",https://www.zigbang.com/home/apt/items/49014861
2026-05-28 07:24:06,원룸,48968891,월세,02,대전시 동구 삼성동,동구,삼성동,300,30,0,25.52,7.72,4,㉿㉿층간소음제로㉿㉿ 밝은채광 주방분리 대형원룸 주차교통편리,https://www.zigbang.com/home/apt/items/48968891
2026-05-28 07:24:06,원룸,49148304,월세,01,대전시 동구 성남동,동구,성남동,200,29,0,23.97,7.25,1,솔브릿지대학 ll 단기가능 ll 하나남은 풀옵션 원룸,https://www.zigbang.com/home/apt/items/49148304
2026-05-28 07:24:06,원룸,49050271,월세,02,대전시 동구 삼성동,동구,삼성동,500,45,0,36.36,11.0,2,ㅡ 1.5룸 ㅡ 우송솔브릿지부근 신축급1.5룸 성남네거리,https://www.zigbang.com/home/apt/items/49050271
2026-05-28 07:24:22,원룸,49146660,월세,02,경상남도 진주시 평거동,진주시,평거동,500,26,0,26.43,8.0,3,㉧ㅡ서빈No.1구해줘홈즈ㅡ㉧추천BEST꿀방,https://www.zigbang.com/home/apt/items/49146660
2026-05-28 07:24:22,원룸,49146642,월세,02,경상남도 진주시 평거동,진주시,평거동,300,26,0,26.43,8.0,1,㉧ㅡ서빈No.1구해줘홈즈ㅡ㉧추천BEST꿀방,https://www.zigbang.com/home/apt/items/49146642
2026-05-28 07:24:22,원룸,49070791,월세,02,경상남도 진주시 평거동,진주시,평거동,200,21,0,30,9.07,1,㉧ㅡ서빈No.1구해줘홈즈ㅡ㉧추천BEST꿀방,https://www.zigbang.com/home/apt/items/49070791
2026-05-28 07:24:22,원룸,49036697,월세,01,경상남도 진주시 평거동,진주시,평거동,200,24,0,23.13,7.0,4,㉧ㅡ서빈No.1구해줘홈즈ㅡ㉧추천BEST꿀방,https://www.zigbang.com/home/apt/items/49036697
2026-05-28 07:24:22,원룸,49036696,월세,02,경상남도 진주시 평거동,진주시,평거동,500,36,0,40,12.1,2,㉧ㅡ서빈No.1구해줘홈즈ㅡ㉧추천BEST꿀방,https://www.zigbang.com/home/apt/items/49036696
2026-05-28 07:24:22,원룸,49036695,월세,02,경상남도 진주시 평거동,진주시,평거동,200,26,0,26.43,8.0,2,㉧ㅡ서빈No.1구해줘홈즈ㅡ㉧추천BEST꿀방,https://www.zigbang.com/home/apt/items/49036695
2026-05-28 07:24:22,원룸,49036694,월세,02,경상남도 진주시 평거동,진주시,평거동,300,31,0,26.43,8.0,2,㉧ㅡ서빈No.1구해줘홈즈ㅡ㉧추천BEST꿀방,https://www.zigbang.com/home/apt/items/49036694
2026-05-28 07:24:22,원룸,49036693,월세,02,경상남도 진주시 평거동,진주시,평거동,200,21,0,26.43,8.0,2,㉧ㅡ서빈No.1구해줘홈즈ㅡ㉧추천BEST꿀방,https://www.zigbang.com/home/apt/items/49036693
2026-05-28 07:24:22,원룸,48947230,월세,02,경상남도 진주시 평거동,진주시,평거동,300,28,0,26.43,8.0,3,㉧ㅡ서빈No.1구해줘홈즈ㅡ㉧추천BEST꿀방,https://www.zigbang.com/home/apt/items/48947230
2026-05-28 07:24:22,원룸,48927352,월세,02,경상남도 진주시 평거동,진주시,평거동,4000,55,0,50.85,15.38,2,"선명여고, 진양호 인근 신축 풀옵션 원플 꿀매물",https://www.zigbang.com/home/apt/items/48927352
2026-05-28 07:24:23,원룸,49129479,월세,02,경상남도 진주시 봉래동,진주시,봉래동,300,21,0,26.5,8.02,2,ㅇㅡ베스트 추 천ㅡ ㅇ리모델링되어있는 꿀방,https://www.zigbang.com/home/apt/items/49129479
2026-05-28 07:24:23,원룸,49000953,월세,02,경상남도 진주시 봉래동,진주시,봉래동,100,21,0,26.43,8.0,2,㉧ㅡ서빈No.1구해줘홈즈ㅡ㉧추천BEST꿀방,https://www.zigbang.com/home/apt/items/49000953
2026-05-28 07:24:23,원룸,48832869,월세,02,경상남도 진주시 상봉동,진주시,상봉동,200,15,0,26.45,8.0,2,ㅁㅡ Check In ㅡㅁ추 천 원룸,https://www.zigbang.com/home/apt/items/48832869
2026-05-28 07:24:23,원룸,49163671,월세,02,경상남도 진주시 초전동,진주시,초전동,500,41,0,40,12.1,2,㉧ㅡ서빈No.1구해줘홈즈ㅡ㉧추천BEST꿀방,https://www.zigbang.com/home/apt/items/49163671
2026-05-28 07:24:23,원룸,49095998,월세,01,경상남도 진주시 초전동,진주시,초전동,500,40,0,32,9.68,2,엘벳있고  리모델링으로  깔끔한 위치 전월세 조율 가능,https://www.zigbang.com/home/apt/items/49095998
2026-05-28 07:24:23,원룸,49095976,월세,01,경상남도 진주시 초전동,진주시,초전동,300,28,0,32,9.68,2,초전동에서 제일 합리적인 월세 원룸은 바로 여깁니다.,https://www.zigbang.com/home/apt/items/49095976
2026-05-28 07:24:23,원룸,49055683,월세,02,경상남도 진주시 금산면 중천리,진주시,금산면,500,36,0,40,12.1,2,㉧ㅡ서빈No.1구해줘홈즈ㅡ㉧추천BEST꿀방,https://www.zigbang.com/home/apt/items/49055683
2026-05-28 07:24:23,원룸,49055620,월세,01,경상남도 진주시 초전동,진주시,초전동,500,31,0,23.13,7.0,4,㉧ㅡ서빈No.1구해줘홈즈ㅡ㉧추천BEST꿀방,https://www.zigbang.com/home/apt/items/49055620
2026-05-28 07:24:23,원룸,49043322,월세,02,경상남도 진주시 초전동,진주시,초전동,500,41,0,40,12.1,2,㉧ㅡ서빈No.1구해줘홈즈ㅡ㉧추천BEST꿀방,https://www.zigbang.com/home/apt/items/49043322
2026-05-28 07:24:23,원룸,49043320,월세,02,경상남도 진주시 초전동,진주시,초전동,500,36,0,40,12.1,3,㉧ㅡ서빈No.1구해줘홈즈ㅡ㉧추천BEST꿀방,https://www.zigbang.com/home/apt/items/49043320
2026-05-28 07:24:23,원룸,48832533,월세,02,경상남도 진주시 초전동,진주시,초전동,1000,46,0,38.22,11.56,2,5. 초전동 깔끔한 거실있는 원플,https://www.zigbang.com/home/apt/items/48832533
2026-05-28 07:24:23,원룸,48635517,월세,02,경상남도 진주시 초전동,진주시,초전동,200,30,0,43,13.01,2,화이트톤 이쁜원플원 선착순1명,https://www.zigbang.com/home/apt/items/48635517
2026-05-28 07:24:27,원룸,48977334,월세,02,경상남도 창원시 마산회원구 내서읍 호계리,창원시 마산회원구,내서읍,2500,27,0,29.75,9.0,4,b.e.s.t꽤넓은 원룸 반전세 즉시입주,https://www.zigbang.com/home/apt/items/48977334
2026-05-28 07:24:34,원룸,49161164,월세,01,대구시 달성군 유가읍 금리,달성군,유가읍,300,30,0,26.44,8.0,3,케이스식자재마트인근내 위치 즉시입주,https://www.zigbang.com/home/apt/items/49161164
2026-05-28 07:24:34,원룸,49161145,월세,02,대구시 달성군 유가읍 금리,달성군,유가읍,300,37,0,29.75,9.0,2,유가제빵소 인근내 위치 현풍IC방면 구지방면 미투,https://www.zigbang.com/home/apt/items/49161145
2026-05-28 07:24:34,원룸,49161140,월세,01,대구시 달성군 유가읍 금리,달성군,유가읍,300,28,0,26.44,8.0,4,"엘베O,테크노,구지공단,엘엔에프,쿠팡,구지IC",https://www.zigbang.com/home/apt/items/49161140
2026-05-28 07:24:34,원룸,49107665,월세,02,대구시 달성군 유가읍 금리,달성군,유가읍,500,35,0,33,9.98,2,엘리베이터 미니투룸 모던 인테리어 풀옵션,https://www.zigbang.com/home/apt/items/49107665
2026-05-28 07:24:34,원룸,49107477,월세,02,대구시 달성군 유가읍 금리,달성군,유가읍,300,27,0,23.14,7.0,2,금리원룸. 방깨끗함. 편한주차. 금리직장인출퇴근편리. 즉시,https://www.zigbang.com/home/apt/items/49107477
2026-05-28 07:24:34,원룸,49098694,월세,02,대구시 달성군 유가읍 금리,달성군,유가읍,200,25,0,33.06,10.0,4,빛이 잘 들어와서 따뜻한 원룸 여기 있어요,https://www.zigbang.com/home/apt/items/49098694
2026-05-28 07:24:34,원룸,49084032,월세,02,대구시 달성군 유가읍 금리,달성군,유가읍,300,37,0,33,9.98,2,유가가성비미투ㅣ주방분리형ㅣ조용한주택가ㅣ생활권우수,https://www.zigbang.com/home/apt/items/49084032
2026-05-28 07:24:34,원룸,49069708,월세,02,대구시 달성군 유가읍 금리,달성군,유가읍,300,28,0,26.44,8.0,4,귀한엘베있는원룸ㅣ유곡공원맞은편ㅣ식자재마트 도보3분,https://www.zigbang.com/home/apt/items/49069708
2026-05-28 07:24:34,원룸,49026650,월세,02,대구시 달성군 유가읍 금리,달성군,유가읍,300,37,0,39.66,12.0,3,엘베O집주인 관리 최고 미니투룸,https://www.zigbang.com/home/apt/items/49026650
2026-05-28 07:24:34,원룸,48933438,월세,02,대구시 달성군 유가읍 금리,달성군,유가읍,200,25,0,29.75,9.0,2,"신축 원룸 , 풀옵션 , 주차완비 , 주방분리 , 방大",https://www.zigbang.com/home/apt/items/48933438
2026-05-28 07:24:34,원룸,48933433,월세,02,대구시 달성군 유가읍 금리,달성군,유가읍,200,30,0,42.98,13.0,2,"미니투룸 , 풀옵션 , 주차완비 , 주방분리 , 방大",https://www.zigbang.com/home/apt/items/48933433
2026-05-28 07:24:34,원룸,48567173,월세,02,대구시 달성군 유가읍 금리,달성군,유가읍,300,28,0,29.7,8.98,2,금리공단 부근 깔끔한 분리형 원룸,https://www.zigbang.com/home/apt/items/48567173
2026-05-28 07:24:36,원룸,49160786,월세,01,대구시 달성군 논공읍 금포리,달성군,논공읍,200,20,0,23.14,7.0,2,"저렴한 가격, 깨끗한 상태, 넓은 주차장 가성비 원룸",https://www.zigbang.com/home/apt/items/49160786
2026-05-28 07:24:36,원룸,49107632,월세,02,대구시 달성군 옥포읍 강림리,달성군,옥포읍,300,25,0,26.44,8.0,3,강림리 귀한 월세매물 즉시입주가능 내부깔끔,https://www.zigbang.com/home/apt/items/49107632
2026-05-28 07:24:36,원룸,49107463,월세,02,대구시 달성군 논공읍 금포리,달성군,논공읍,300,28,0,31.25,9.45,3,엘베있는미투. 달성군청바로인근. 깔끔한방. 출퇴근용이한곳.,https://www.zigbang.com/home/apt/items/49107463
2026-05-28 07:24:36,원룸,49008792,월세,02,대구시 달성군 논공읍 금포리,달성군,논공읍,200,20,0,26.44,8.0,2,달성군청 가까운 월세 가성비 원룸 조용하고 주차편하다,https://www.zigbang.com/home/apt/items/49008792
2026-05-28 07:24:36,원룸,48968459,월세,02,대구시 달성군 옥포읍 강림리,달성군,옥포읍,200,20,0,29.75,9.0,2,ꕤ옥포 흔치않은 가성비 원룸ꕤ200프로 실매물ꕤ채광우수,https://www.zigbang.com/home/apt/items/48968459
2026-05-28 07:24:36,원룸,48933417,월세,02,대구시 달성군 논공읍 금포리,달성군,논공읍,200,22,0,26.45,8.0,3,ㄴ금포리 풀옵션 원룸ㄱ,https://www.zigbang.com/home/apt/items/48933417
2026-05-28 07:24:36,원룸,49157214,월세,02,대구시 달성군 논공읍 북리,달성군,논공읍,100,22,0,26.44,8.0,2,ISU페타시스 인근 논공읍 남향 원룸 최고의 컨디션,https://www.zigbang.com/home/apt/items/49157214
2026-05-28 07:24:36,원룸,49113444,월세,01,대구시 달성군 논공읍 북리,달성군,논공읍,100,20,0,30,9.07,2,분리형 특대 원룸,https://www.zigbang.com/home/apt/items/49113444
2026-05-28 07:24:36,원룸,49113415,월세,02,대구시 달성군 논공읍 남리,달성군,논공읍,100,17,0,26.44,8.0,3,월세 저렴 논공읍 원룸 즉시 입주 따땃하게 잡시다,https://www.zigbang.com/home/apt/items/49113415
2026-05-28 07:24:36,원룸,49107697,월세,02,대구시 달성군 논공읍 북리,달성군,논공읍,200,25,0,33,9.98,3,미니투룸 도배완료 풀옵션 입주협의가능,https://www.zigbang.com/home/apt/items/49107697
2026-05-28 07:24:36,원룸,49107645,월세,02,대구시 달성군 논공읍 북리,달성군,논공읍,100,22,0,26.44,8.0,2,저렴한 보증금 월세 원룸 풀옵션 내부깔끔 입주협의가능,https://www.zigbang.com/home/apt/items/49107645
2026-05-28 07:24:36,원룸,49101064,월세,02,대구시 달성군 논공읍 북리,달성군,논공읍,200,30,0,39,11.8,4,논공읍 북리  왕 미투,https://www.zigbang.com/home/apt/items/49101064
2026-05-28 07:24:36,원룸,49098101,월세,02,대구시 달성군 논공읍 남리,달성군,논공읍,200,27,0,39.66,12.0,4,거실 초 대물 크기 대비 최저 월세 논공읍 미니투룸,https://www.zigbang.com/home/apt/items/49098101
2026-05-28 07:24:36,원룸,49077096,월세,02,대구시 달성군 논공읍 남리,달성군,논공읍,100,15,0,26.45,8.0,2,정말 저렴한 원룸이다  가성비쵝오,https://www.zigbang.com/home/apt/items/49077096
2026-05-28 07:24:36,원룸,49070680,월세,02,대구시 달성군 논공읍 북리,달성군,논공읍,200,23,0,33,9.98,2,풀옵션ㅣ저렴한 논공미니투룸ㅣ주방분리형ㅣ바로앞편의점,https://www.zigbang.com/home/apt/items/49070680
2026-05-28 07:24:36,원룸,48937961,월세,02,대구시 달성군 논공읍 북리,달성군,논공읍,100,20,0,26.44,8.0,3,"이수페타시스 출퇴근 편리,홈마트 인근 원룸",https://www.zigbang.com/home/apt/items/48937961
2026-05-28 07:24:36,원룸,48567202,월세,01,대구시 달성군 논공읍 남리,달성군,논공읍,100,20,0,29.7,8.98,3,저렴한 깔끔 분리형 원룸,https://www.zigbang.com/home/apt/items/48567202
2026-05-28 07:24:36,원룸,49160857,월세,02,대구시 달성군 화원읍 명곡리,달성군,화원읍,500,37,0,45,13.61,2,달성고 신축투룸,https://www.zigbang.com/home/apt/items/49160857
2026-05-28 07:24:36,원룸,48977200,월세,02,대구시 달성군 화원읍 명곡리,달성군,화원읍,200,20,0,28,8.47,3,ꕤ설화명곡역 1분ꕤ햇살가득 방大,https://www.zigbang.com/home/apt/items/48977200
2026-05-28 07:24:37,원룸,49115680,월세,01,대구시 달서구 도원동,달서구,도원동,300,25,0,32.1,9.71,1,"㋹도원동㋹ 올리모델링,,,원룸,,,풀옵션,,,화이트톤",https://www.zigbang.com/home/apt/items/49115680
2026-05-28 07:24:39,원룸,49169347,월세,02,경상남도 창원시 의창구 사림동,창원시 의창구,사림동,200,30,0,27,8.17,2,ㅁHAPPYㅁ 사림동 풀옵션 분리형 원룸,https://www.zigbang.com/home/apt/items/49169347
2026-05-28 07:24:39,원룸,49162635,월세,02,경상남도 창원시 의창구 사림동,창원시 의창구,사림동,200,28,0,20,6.05,1,ㅁHAPPYㅁ 사림동 풀옵션 분리형원룸,https://www.zigbang.com/home/apt/items/49162635
2026-05-28 07:24:39,원룸,49148555,월세,01,경상남도 창원시 의창구 사림동,창원시 의창구,사림동,200,20,0,28.06,8.49,1,"이쁘고 아주밝은 완전풀옵션 남향 주차좋음 
조용한 주택가",https://www.zigbang.com/home/apt/items/49148555
2026-05-28 07:24:39,원룸,49021174,월세,02,경상남도 창원시 의창구 봉곡동,창원시 의창구,봉곡동,300,35,0,29.75,9.0,2,ㅡBESTㅡ 봉곡시장인근 ll 풀옵션 깔끔분리형원룸 ll,https://www.zigbang.com/home/apt/items/49021174
2026-05-28 07:24:39,원룸,48931147,월세,02,경상남도 창원시 의창구 봉곡동,창원시 의창구,봉곡동,500,40,0,26.4,7.99,2,i 봉곡동 이보다 깔끔하고 정갈한 분리형 원룸은 없다,https://www.zigbang.com/home/apt/items/48931147
2026-05-28 07:24:39,원룸,48895566,월세,02,경상남도 창원시 의창구 사림동,창원시 의창구,사림동,200,30,0,26.45,8.0,2,남향 일조권최고 거실있는 원룸입니다.,https://www.zigbang.com/home/apt/items/48895566
2026-05-28 07:24:39,원룸,48885204,월세,01,경상남도 창원시 의창구 사림동,창원시 의창구,사림동,300,25,0,16.53,5.0,1,창원대후문인근 조용하고 깨끗한 원룸입니다.,https://www.zigbang.com/home/apt/items/48885204
2026-05-28 07:24:39,원룸,48857198,월세,02,부산시 강서구 범방동,강서구,범방동,500,51,0,28.54,8.63,2,ꯁ 첫입주ㅣ풀옵션 투룸 베란다 별도 ꯁ,https://www.zigbang.com/home/apt/items/48857198
2026-05-28 07:24:43,원룸,48707180,월세,02,부산시 금정구 서동,금정구,서동,500,30,0,17.27,5.22,3,실매물 서동역 보증금조절가능 깔끔 풀옵션원룸,https://www.zigbang.com/home/apt/items/48707180
2026-05-28 07:24:43,원룸,48706799,월세,02,부산시 금정구 서동,금정구,서동,200,26,0,15,4.54,3,작지만 강하다 서동역 바로 코앞 깔끔 원룸,https://www.zigbang.com/home/apt/items/48706799
2026-05-28 07:24:43,원룸,48705213,월세,01,부산시 동래구 온천동,동래구,온천동,100,20,0,16.65,5.04,3,SS 이쁜집 SS 친절안내 SS 즉시입주 SS,https://www.zigbang.com/home/apt/items/48705213
2026-05-28 07:24:43,원룸,48703833,월세,01,부산시 동래구 온천동,동래구,온천동,100,30,0,15.88,4.8,5,SS 인기매물 SS 단기가능 SS 즉시입주 SS,https://www.zigbang.com/home/apt/items/48703833
2026-05-28 07:24:43,원룸,48703698,월세,01,부산시 금정구 부곡동,금정구,부곡동,200,22,0,20.45,6.19,3,SS 인기매물 SS 친절안내 SS 즉시입주 SS,https://www.zigbang.com/home/apt/items/48703698
2026-05-28 07:24:43,원룸,48700981,월세,01,부산시 금정구 장전동,금정구,장전동,200,14,0,13.2,3.99,3,v북문바로옆v초가성비미투v채광깡패v화이트톤v,https://www.zigbang.com/home/apt/items/48700981
2026-05-28 07:24:43,원룸,48587192,월세,01,부산시 금정구 장전동,금정구,장전동,300,26,0,16,4.84,2,ㅇ정문인근ㅇ남향 채광굿ㅇ깔끔한방,https://www.zigbang.com/home/apt/items/48587192
2026-05-28 07:24:43,원룸,48587019,월세,01,부산시 금정구 장전동,금정구,장전동,300,29,0,16.53,5.0,2,"신축급, 깨끗한 방,채광 좋음",https://www.zigbang.com/home/apt/items/48587019
2026-05-28 07:24:43,원룸,48553655,월세,01,부산시 금정구 장전동,금정구,장전동,300,29,0,19.8,5.99,1,v위치굿굿v화이트톤v주방분리큰방v,https://www.zigbang.com/home/apt/items/48553655
2026-05-28 07:24:43,원룸,48535703,월세,01,부산시 동래구 온천동,동래구,온천동,1000,35,0,30.73,9.3,3,"동래역깔끔한원룸,보증금조절가능,전호실보유",https://www.zigbang.com/home/apt/items/48535703
2026-05-28 07:24:43,원룸,48511925,월세,03,부산시 동래구 온천동,동래구,온천동,2000,40,0,36.2,10.95,고,vv 동래역v신축v복층v즉시입주 vv,https://www.zigbang.com/home/apt/items/48511925
2026-05-28 07:24:43,원룸,48023759,월세,01,부산시 금정구 장전동,금정구,장전동,200,24,0,20.47,6.19,6,여성강추 화이트톤 큰대로변 장전역 코앞 엘베까지 선착순,https://www.zigbang.com/home/apt/items/48023759
2026-05-28 07:24:43,원룸,48023745,월세,01,부산시 금정구 장전동,금정구,장전동,100,20,0,19,5.75,3,여성강추 화이트톤 가성비최고 선착순1명 구해줘 그집,https://www.zigbang.com/home/apt/items/48023745
2026-05-28 07:24:44,원룸,49158994,월세,01,부산시 금정구 회동동,금정구,회동동,300,33,0,23.14,7.0,1,회동동 공업단지 인근 원룸,https://www.zigbang.com/home/apt/items/49158994
2026-05-28 07:24:44,원룸,49158404,월세,02,부산시 해운대구 반송동,해운대구,반송동,300,32,0,29.14,8.81,1,독서실형 책상이 있는 미니투룸형 원룸,https://www.zigbang.com/home/apt/items/49158404
2026-05-28 07:24:44,원룸,49158248,월세,02,부산시 해운대구 반송동,해운대구,반송동,200,22,0,23.14,7.0,1,반송도서관인근 분리형 수리된 원룸,https://www.zigbang.com/home/apt/items/49158248
2026-05-28 07:24:44,원룸,49110954,월세,01,부산시 금정구 회동동,금정구,회동동,300,29,0,23.14,7.0,1,회동동 채광좋은 원룸,https://www.zigbang.com/home/apt/items/49110954
2026-05-28 07:24:44,원룸,49110942,월세,01,부산시 금정구 금사동,금정구,금사동,500,20,0,23.14,7.0,1,전기세포함 분리형 채광좋은 풀옵션 1층 원룸,https://www.zigbang.com/home/apt/items/49110942
2026-05-28 07:24:44,원룸,48943690,월세,01,부산시 해운대구 반송동,해운대구,반송동,300,20,0,21.7,6.56,1,TV옵션 포함 풀옵션 갖춰진 길가원룸,https://www.zigbang.com/home/apt/items/48943690
2026-05-28 07:24:44,원룸,48905351,월세,04,부산시 해운대구 반송동,해운대구,반송동,1000,60,0,64.95,19.65,6,"방2거실1베란다,초역세권,신축급오피,주차편리,즉시입주",https://www.zigbang.com/home/apt/items/48905351
2026-05-28 07:24:44,원룸,48892443,전세,02,부산시 해운대구 반송동,해운대구,반송동,3000,0,0,29.52,8.93,4,채광좋은 깨끗한 분리형 원룸,https://www.zigbang.com/home/apt/items/48892443
2026-05-28 07:24:44,원룸,48855390,월세,02,부산시 해운대구 반송동,해운대구,반송동,300,31,0,27.6,8.35,1,호텔형 인테리어 욕실이 깨끗한 학교인근 원룸,https://www.zigbang.com/home/apt/items/48855390
2026-05-28 07:24:43,원룸,48790404,월세,01,부산시 연제구 연산동,연제구,연산동,100,28,0,19.8,5.99,5,"대표 소장이 직접 안내, 믿고문의하세요",https://www.zigbang.com/home/apt/items/48790404
2026-05-28 07:24:43,원룸,48785965,월세,01,부산시 연제구 연산동,연제구,연산동,200,36,0,35.61,10.77,6,"베란다 있음 채광좋고,수납좋고,방크고, 완벽원룸",https://www.zigbang.com/home/apt/items/48785965
2026-05-28 07:24:43,원룸,48766987,월세,01,부산시 연제구 연산동,연제구,연산동,200,20,0,20,6.05,5,ㅁ역세권ㅁ즉시입주가능ㅁ풀옵션ㅁ가성비1등ㅁ,https://www.zigbang.com/home/apt/items/48766987
2026-05-28 07:24:43,원룸,48766820,월세,02,부산시 연제구 연산동,연제구,연산동,200,30,0,24.42,7.39,6,a깔끔한방a풀옵션a채광맛집a즉입가능a,https://www.zigbang.com/home/apt/items/48766820
2026-05-28 07:24:43,원룸,48732616,월세,02,부산시 연제구 연산동,연제구,연산동,1000,60,0,38.51,11.65,6,연산역 인근 베스트 건조기옵션 예약중,https://www.zigbang.com/home/apt/items/48732616
2026-05-28 07:24:43,원룸,48710749,월세,01,부산시 동래구 안락동,동래구,안락동,2000,30,0,16.66,5.04,3,"lll남향 채광좋음,보증금 조절가능,즉시입주가능lll",https://www.zigbang.com/home/apt/items/48710749
2026-05-28 07:24:43,원룸,48660362,월세,01,부산시 연제구 연산동,연제구,연산동,1000,60,0,34.65,10.48,11,현금 100만원드립니다. 더이상 허위애물에 속지마세요,https://www.zigbang.com/home/apt/items/48660362
2026-05-28 07:24:43,원룸,48543049,전세,02,부산시 부산진구 양정동,부산진구,양정동,12000,0,0,31.98,9.67,7,"중기청,버팀목,대출가능,보증보험가입완료,건조기겸용.스타일러",https://www.zigbang.com/home/apt/items/48543049
2026-05-28 07:24:43,원룸,48542429,월세,01,부산시 연제구 거제동,연제구,거제동,2000,35,0,28.09,8.5,5,양정역인근 넓은방 주방분리,https://www.zigbang.com/home/apt/items/48542429
2026-05-28 07:24:43,원룸,48542417,월세,02,부산시 연제구 거제동,연제구,거제동,500,45,0,21.4,6.47,6,수납수납수납 보증금조절가능 수납좋고넓은원룸,https://www.zigbang.com/home/apt/items/48542417
2026-05-28 07:24:43,원룸,48542264,월세,02,부산시 부산진구 양정동,부산진구,양정동,12000,15,0,43.31,13.1,17,"디아너스,중기청버팀목,보증보험,반환조건,최고옵션,보증금조절",https://www.zigbang.com/home/apt/items/48542264
2026-05-28 07:24:43,원룸,48542244,전세,02,부산시 부산진구 양정동,부산진구,양정동,15000,0,0,43.31,13.1,17,"귀한탑층,남향,양정역앞,보증보험,버팀목,대출가능,반환조건",https://www.zigbang.com/home/apt/items/48542244
2026-05-28 07:24:45,원룸,48941741,월세,02,경상남도 양산시 동면 금산리,양산시,동면,500,35,0,46.28,14.0,3,ㅇㅇ호텔보다 더 고급스러운 방ㅇㅇ,https://www.zigbang.com/home/apt/items/48941741
2026-05-28 07:24:45,원룸,48915067,월세,02,경상남도 양산시 동면 석산리,양산시,동면,300,33,0,39.66,12.0,2,ㅇㅇ100프로 허위매물없는 채움ㅇㅇ,https://www.zigbang.com/home/apt/items/48915067
2026-05-28 07:24:46,원룸,49131872,월세,02,부산시 기장군 정관읍 매학리,기장군,정관읍,300,52,0,51.14,15.47,11,"공실, 즉입, 최신축이라 완전 깨끗",https://www.zigbang.com/home/apt/items/49131872
2026-05-28 07:24:46,원룸,49105970,월세,02,부산시 기장군 정관읍 방곡리,기장군,정관읍,500,35,0,33.06,10.0,3,"분리형 원룸 1.5룸, 넓고 깨끗한집",https://www.zigbang.com/home/apt/items/49105970
2026-05-28 07:24:46,원룸,49094453,월세,02,부산시 기장군 정관읍 매학리,기장군,정관읍,300,50,0,51.14,15.47,10,"분리형 원룸, 발코니,중문, 즉입",https://www.zigbang.com/home/apt/items/49094453
2026-05-28 07:24:46,원룸,49043853,월세,01,부산시 기장군 정관읍 매학리,기장군,정관읍,300,52,0,51.14,15.47,5,"즉입, 트인조망, 인기라인",https://www.zigbang.com/home/apt/items/49043853
2026-05-28 07:24:46,원룸,49025306,월세,01,부산시 기장군 정관읍 매학리,기장군,정관읍,1000,36,0,46.28,14.0,10,정관에서 인기좋은 신축급 웰메이드오피스텔,https://www.zigbang.com/home/apt/items/49025306
2026-05-28 07:24:46,원룸,48973166,월세,02,부산시 기장군 정관읍 매학리,기장군,정관읍,1000,75,0,51.14,15.47,6,"귀한 투룸, 넓은 펜트리, 발코니, 넓은 붙박이장",https://www.zigbang.com/home/apt/items/48973166
2026-05-28 07:24:46,원룸,48973008,월세,02,부산시 기장군 정관읍 매학리,기장군,정관읍,300,52,0,51.14,15.47,9,"즉입되는 귀한 매물, 1.5룸,발코니, 중문,최신오피스텔",https://www.zigbang.com/home/apt/items/48973008
2026-05-28 07:24:46,원룸,48951087,전세,01,부산시 기장군 정관읍 매학리,기장군,정관읍,5000,0,0,47.02,14.22,10,"정관 인기있는 신축급 웰메이드시티오피스텔, 귀한 전세방",https://www.zigbang.com/home/apt/items/48951087
2026-05-28 07:24:46,원룸,48925055,월세,01,부산시 기장군 정관읍 방곡리,기장군,정관읍,300,28,0,26.45,8.0,2,"저렴한 월세,풀옵션,즉시입주 가능",https://www.zigbang.com/home/apt/items/48925055
2026-05-28 07:24:46,원룸,48851991,월세,02,부산시 기장군 정관읍 방곡리,기장군,정관읍,250,31,0,26.44,8.0,3,"시세보다싼집, 즉시입주 가능",https://www.zigbang.com/home/apt/items/48851991
2026-05-28 07:24:46,원룸,48851982,월세,01,부산시 기장군 정관읍 방곡리,기장군,정관읍,300,28,0,23.14,7.0,3,"시세보다 싼집, 넓고 깨끗한 월세,즉시입주 가능해요",https://www.zigbang.com/home/apt/items/48851982
2026-05-28 07:24:46,원룸,48687919,월세,01,부산시 기장군 정관읍 방곡리,기장군,정관읍,1000,20,0,26.45,8.0,3,"깨끗한 원룸,신축,즉시입주 가능",https://www.zigbang.com/home/apt/items/48687919
2026-05-28 07:24:46,원룸,49105878,월세,01,부산시 기장군 일광읍 칠암리,기장군,일광읍,300,25,0,19.83,6.0,4,원자력발전소 가까운 위치 풀옵션 즉시입주,https://www.zigbang.com/home/apt/items/49105878
2026-05-28 07:24:46,원룸,49055741,월세,01,부산시 기장군 일광읍 칠암리,기장군,일광읍,300,25,0,19.83,6.0,3,옵션좋고 조용한 원룸칠암초인근보증금월세조정가능,https://www.zigbang.com/home/apt/items/49055741
2026-05-28 07:24:47,원룸,49033729,월세,02,경상남도 양산시 상북면 석계리,양산시,상북면,500,35,0,33.06,10.0,2,AA석계산단입구 살기좋은 거실겸주방이있는남향방베란다있음,https://www.zigbang.com/home/apt/items/49033729
2026-05-28 07:24:47,원룸,49162113,월세,01,경상남도 양산시 평산동,양산시,평산동,200,30,0,33.06,10.0,2,"방,부엌,베란다 분리형",https://www.zigbang.com/home/apt/items/49162113
2026-05-28 07:24:47,원룸,49162061,월세,01,경상남도 양산시 평산동,양산시,평산동,300,30,0,33.06,10.0,4,엘리베이트 있어 생활하기 편한방,https://www.zigbang.com/home/apt/items/49162061
2026-05-28 07:24:47,원룸,49124439,월세,02,경상남도 양산시 평산동,양산시,평산동,300,32,0,36.36,11.0,3,"정남향
발고  깨끗한 방",https://www.zigbang.com/home/apt/items/49124439
2026-05-28 07:24:47,원룸,48869470,월세,01,경상남도 양산시 평산동,양산시,평산동,300,27,0,29.75,9.0,3,엘리베이트  있는 원룸,https://www.zigbang.com/home/apt/items/48869470
2026-05-28 07:24:47,원룸,48549647,월세,01,경상남도 양산시 평산동,양산시,평산동,200,20,0,20,6.05,2,트레이더스 옆 깔끔한 대형 원룸,https://www.zigbang.com/home/apt/items/48549647
2026-05-28 07:24:48,원룸,48853213,월세,01,부산시 기장군 장안읍 반룡리,기장군,장안읍,200,50,0,42.98,13.0,중,빠른입주 장안산단 내 유일한 햇빛 잘 드는 신축급 풀옵션,https://www.zigbang.com/home/apt/items/48853213
2026-05-28 07:24:49,원룸,49153956,월세,01,울산시 울주군 서생면 진하리,울주군,서생면,100,36,0,29.9,9.04,2,"진하 귀한원룸 , 깔끔한 진하원룸",https://www.zigbang.com/home/apt/items/49153956
2026-05-28 07:24:49,원룸,49136135,월세,02,울산시 울주군 서생면 진하리,울주군,서생면,200,45,0,30,9.07,2,"신축원룸, 공실상태 바로 입주하세요",https://www.zigbang.com/home/apt/items/49136135
2026-05-28 07:24:49,원룸,49060645,월세,02,울산시 울주군 서생면 진하리,울주군,서생면,200,38,0,29.9,9.04,3,진하 바닷가 인근,https://www.zigbang.com/home/apt/items/49060645
2026-05-28 07:24:49,원룸,49093707,월세,01,울산시 울주군 서생면 화산리,울주군,서생면,100,28,0,30,9.07,3,원룸 풀옵션 저렴한가격,https://www.zigbang.com/home/apt/items/49093707
2026-05-28 07:24:49,원룸,49157471,월세,02,울산시 울주군 온양읍 대안리,울주군,온양읍,200,40,0,33,9.98,2,분리형   원룸,https://www.zigbang.com/home/apt/items/49157471
2026-05-28 07:24:49,원룸,49137498,월세,02,울산시 울주군 온양읍 대안리,울주군,온양읍,200,43,0,30,9.07,3,투룸같이 크고 잘 빠진 원룸입니다.,https://www.zigbang.com/home/apt/items/49137498
2026-05-28 07:24:49,원룸,49136911,월세,02,울산시 울주군 온양읍 대안리,울주군,온양읍,200,40,0,30,9.07,4,청소완료된 원룸 바로 입주하세요,https://www.zigbang.com/home/apt/items/49136911
2026-05-28 07:24:49,원룸,49135737,월세,02,울산시 울주군 온양읍 대안리,울주군,온양읍,200,45,0,43,13.01,3,크게 잘 빠진 집입니다.,https://www.zigbang.com/home/apt/items/49135737
2026-05-28 07:24:49,원룸,49121336,월세,01,울산시 울주군 온양읍 대안리,울주군,온양읍,300,45,0,43,13.01,2,신축가까운 화이트 톤으로 깨끗한 집,https://www.zigbang.com/home/apt/items/49121336
2026-05-28 07:24:49,원룸,49110435,월세,01,울산시 울주군 온양읍 대안리,울주군,온양읍,200,40,0,25,7.56,3,조용하고 관리잘된 원룸,https://www.zigbang.com/home/apt/items/49110435
2026-05-28 07:24:49,원룸,49106294,월세,02,울산시 울주군 온양읍 대안리,울주군,온양읍,200,31,0,30,9.07,2,분리형원룸 풀옵션 실사진 공단출퇴근용이,https://www.zigbang.com/home/apt/items/49106294
2026-05-28 07:24:49,원룸,49053553,월세,02,울산시 울주군 온양읍 대안리,울주군,온양읍,4000,35,0,60,18.15,3,분리형  쓰리룸,https://www.zigbang.com/home/apt/items/49053553
2026-05-28 07:24:49,원룸,48933390,월세,01,울산시 울주군 온양읍 대안리,울주군,온양읍,200,50,0,35,10.59,3,원자력 출퇴근 가까워요,https://www.zigbang.com/home/apt/items/48933390
2026-05-28 07:24:49,원룸,49147893,월세,01,울산시 울주군 청량읍 상남리,울주군,청량읍,200,26,0,16.54,5.0,3,ㄴ최저가매물 방1 오픈형 서두르세요,https://www.zigbang.com/home/apt/items/49147893
2026-05-28 07:24:49,원룸,49014059,월세,02,울산시 남구 상개동,남구,상개동,300,39,0,36.36,11.0,3,ㄴ귀한매물 방1거실 풀옵 실사진 서두르세요,https://www.zigbang.com/home/apt/items/49014059
2026-05-28 07:24:49,원룸,48880857,월세,01,울산시 울주군 청량읍 상남리,울주군,청량읍,200,30,0,20.87,6.31,3,공단 출퇴근 용이. 풀옵션 깔끔한 방,https://www.zigbang.com/home/apt/items/48880857
2026-05-28 07:24:53,원룸,48955830,월세,02,경상북도 경산시 유곡동,경산시,유곡동,100,16,0,27.74,8.39,4,ㅡGooDㅡ 한의대바로앞 풀옵션 최저가 인기 원룸,https://www.zigbang.com/home/apt/items/48955830
2026-05-28 07:24:53,원룸,48917308,월세,02,경상북도 경산시 유곡동,경산시,유곡동,100,16,0,24.09,7.29,4,"ㅣl GooD lㅣ 한의대,인기매물 풀옵션 원룸",https://www.zigbang.com/home/apt/items/48917308
2026-05-28 07:24:53,원룸,48914915,월세,02,경상북도 경산시 유곡동,경산시,유곡동,100,16,0,24.09,7.29,4,"ㅡ여기어때ㅡ한의대도보10초, 풀옵션, 리모델링",https://www.zigbang.com/home/apt/items/48914915
2026-05-28 07:24:53,원룸,48912258,월세,02,경상북도 경산시 유곡동,경산시,유곡동,100,16,0,27.35,8.27,4,ㅡ오피스텔형ㅡ학교최단거리ㅡ풀옵션 원룸ㅡ,https://www.zigbang.com/home/apt/items/48912258
2026-05-28 07:24:53,원룸,48849619,월세,01,경상북도 경산시 유곡동,경산시,유곡동,50,11,0,33.06,10.0,2,최ㅣ저ㅣ가ㅣ학ㅣ교ㅣ1ㅣ분,https://www.zigbang.com/home/apt/items/48849619
2026-05-28 07:24:54,원룸,49169550,월세,01,경상북도 경산시 진량읍 신제리,경산시,진량읍,300,35,0,22.05,6.67,2,조용한 신축 풀옵션 원룸,https://www.zigbang.com/home/apt/items/49169550
2026-05-28 07:24:54,원룸,49162842,월세,02,경상북도 경산시 진량읍 대원리,경산시,진량읍,100,25,0,26.54,8.03,4,대원리 한국인전용 원룸,https://www.zigbang.com/home/apt/items/49162842
2026-05-28 07:24:54,원룸,49131466,월세,01,경상북도 경산시 진량읍 대원리,경산시,진량읍,100,24,0,27,8.17,3,귀한 방 살기좋은집 엘리베이트있음,https://www.zigbang.com/home/apt/items/49131466
2026-05-28 07:24:54,원룸,49092537,월세,01,경상북도 경산시 진량읍 대원리,경산시,진량읍,200,25,0,28,8.47,4,답답하지않은 정남향 풀옵션 원룸,https://www.zigbang.com/home/apt/items/49092537
2026-05-28 07:24:54,원룸,48995140,월세,01,경상북도 경산시 진량읍 대원리,경산시,진량읍,200,25,0,19.83,6.0,2,엘리베이터가 있는 준신축 원룸,https://www.zigbang.com/home/apt/items/48995140
2026-05-28 07:24:55,원룸,49110773,월세,02,울산시 울주군 언양읍 서부리,울주군,언양읍,300,31,0,27.2,8.23,2,채광굿 미니투룸 넓은구조 엘베O 풀옵션,https://www.zigbang.com/home/apt/items/49110773
2026-05-28 07:24:55,원룸,49080784,월세,02,울산시 울주군 언양읍 서부리,울주군,언양읍,300,31,0,27.65,8.36,2,넓은방 원룸 풀옵션,https://www.zigbang.com/home/apt/items/49080784
2026-05-28 07:24:56,원룸,49165694,월세,02,울산시 울주군 범서읍 구영리,울주군,범서읍,300,36,0,33.07,10.0,2,ㅣ17년준공ㅣ화이트인테리어ㅣ분리형ㅣBEST컨디션ㅣ범서중근처,https://www.zigbang.com/home/apt/items/49165694
2026-05-28 07:24:56,원룸,49164262,월세,02,울산시 울주군 범서읍 구영리,울주군,범서읍,300,36,0,30,9.07,2,원룸 풀옵션 신축급 엘베있음,https://www.zigbang.com/home/apt/items/49164262
2026-05-28 07:24:56,원룸,49161853,월세,02,울산시 울주군 범서읍 구영리,울주군,범서읍,300,36,0,29.75,9.0,2,ㅣ2016년식 ㅣ깔끔한 주방분리형 ㅣ날개형주차 ㅣ엘베 ㅣ,https://www.zigbang.com/home/apt/items/49161853
2026-05-28 07:24:56,원룸,49157493,월세,02,울산시 울주군 범서읍 굴화리,울주군,범서읍,300,36,0,29.75,9.0,2,ㅣHOT매물ㅣ위치짱ㅣ화이트톤ㅣ원룸ㅣ,https://www.zigbang.com/home/apt/items/49157493
2026-05-28 07:24:56,원룸,49147212,월세,02,울산시 중구 태화동,중구,태화동,300,30,0,33.06,10.0,2,태화동 북부순환도로  넓은 구조 풀옵션 원룸 300만30,https://www.zigbang.com/home/apt/items/49147212
2026-05-28 07:24:56,원룸,49145305,월세,02,울산시 중구 태화동,중구,태화동,500,31,0,40,12.1,3,"88 전속, 초특가 갓성비, 선착순 88",https://www.zigbang.com/home/apt/items/49145305
2026-05-28 07:24:56,원룸,49144138,월세,02,울산시 중구 태화동,중구,태화동,300,26,0,30,9.07,2,넓은원룸 풀옵션 실사진 초저렴가격,https://www.zigbang.com/home/apt/items/49144138
2026-05-28 07:24:56,원룸,49140372,월세,02,울산시 중구 태화동,중구,태화동,300,26,0,30,9.07,2,저렴한월세 넓은방 분리형 풀옵션 주차가능,https://www.zigbang.com/home/apt/items/49140372
2026-05-28 07:24:56,원룸,49135461,월세,01,울산시 중구 다운동,중구,다운동,1000,28,0,29.7,8.98,2,ㅣ월세 저렴 ㅣ깔끔한 풀옵션 ㅣ즉시입주가능 ㅣ,https://www.zigbang.com/home/apt/items/49135461
2026-05-28 07:24:56,원룸,49117573,월세,02,울산시 중구 태화동,중구,태화동,500,23,0,30,9.07,3,추천매물 방1 넓은주방 풀옵션 실사진,https://www.zigbang.com/home/apt/items/49117573
2026-05-28 07:24:56,원룸,49096310,월세,02,울산시 중구 태화동,중구,태화동,300,26,0,27,8.17,2,ꯁꯁ 태화동ㅣ15년준공ㅣ엘베있음ㅣ가격최고ㅣ추천,https://www.zigbang.com/home/apt/items/49096310
2026-05-28 07:24:56,원룸,49050795,월세,02,울산시 중구 태화동,중구,태화동,500,40,0,39.67,12.0,1,태화동올리모델링 방1거실겸주방   전월세조정가능,https://www.zigbang.com/home/apt/items/49050795
2026-05-28 07:24:56,원룸,49037582,월세,01,울산시 남구 무거동,남구,무거동,300,25,0,29.76,9.0,3,무거동 굴화 장검중 부근 방 넓은 풀옵션원룸 300만 25,https://www.zigbang.com/home/apt/items/49037582
2026-05-28 07:24:57,원룸,49152474,월세,02,경상북도 경주시 외동읍 문산리,경주시,외동읍,100,35,0,28.1,8.5,2,MA 2020년식 분리형 채광0,https://www.zigbang.com/home/apt/items/49152474
2026-05-28 07:24:57,원룸,49126581,월세,02,경상북도 경주시 외동읍 모화리,경주시,외동읍,100,36,0,40,12.1,3,방1 거실 풀옵션 신축급,https://www.zigbang.com/home/apt/items/49126581
2026-05-28 07:24:57,원룸,49100568,월세,02,경상북도 경주시 외동읍 모화리,경주시,외동읍,100,35,0,30.1,9.11,4,MA 분리형 방상태굿,https://www.zigbang.com/home/apt/items/49100568
2026-05-28 07:24:57,원룸,49100382,월세,02,경상북도 경주시 외동읍 모화리,경주시,외동읍,100,34,0,30.1,9.11,4,MA 2016년식 분리형 깔끔한방,https://www.zigbang.com/home/apt/items/49100382
2026-05-28 07:24:57,원룸,49064106,월세,02,울산시 북구 매곡동,북구,매곡동,300,33,0,33,9.98,2,v.실매물.매곡.깔끔. 방1 주방1.즉시입주,https://www.zigbang.com/home/apt/items/49064106
2026-05-28 07:24:57,원룸,49049368,월세,02,울산시 북구 매곡동,북구,매곡동,300,33,0,29.75,9.0,3,ㄴ귀한매물 매곡동 방1 분리형 풀옵 서두르세요,https://www.zigbang.com/home/apt/items/49049368
2026-05-28 07:24:57,원룸,49048783,월세,02,울산시 북구 매곡동,북구,매곡동,300,33,0,33,9.98,3,ꯁꯁ 풀옵션 ㅣ매곡동ㅣ귀한매물ㅣ 분리형 ㅣbest컨디션,https://www.zigbang.com/home/apt/items/49048783
2026-05-28 07:24:57,원룸,49047326,월세,02,울산시 북구 매곡동,북구,매곡동,300,32,0,40,12.1,3,매곡 귀한 원룸,https://www.zigbang.com/home/apt/items/49047326
2026-05-28 07:24:57,원룸,49011831,월세,02,경상북도 경주시 외동읍 모화리,경주시,외동읍,100,40,0,36.1,10.92,3,MA 방1거실 깔끔한방 준신축급,https://www.zigbang.com/home/apt/items/49011831
2026-05-28 07:24:57,원룸,49007104,월세,02,경상북도 경주시 외동읍 모화리,경주시,외동읍,100,36,0,36.36,11.0,3,ㄴ추천매물 방1거실 실사진 풀옵 성도아파트맞은편 서두르세요,https://www.zigbang.com/home/apt/items/49007104
2026-05-28 07:24:57,원룸,48915741,월세,02,경상북도 경주시 외동읍 모화리,경주시,외동읍,100,43,0,37.1,11.22,2,MA 방1거실 침대있는풀옵션 깔끔,https://www.zigbang.com/home/apt/items/48915741
2026-05-28 07:24:57,원룸,48834889,월세,01,울산시 북구 매곡동,북구,매곡동,300,26,0,19.83,6.0,3,"ꗰ단기가능,오픈형원룸.1인거주.월세저렴.외국인가능ꗰ",https://www.zigbang.com/home/apt/items/48834889
2026-05-28 07:24:58,원룸,49169527,월세,02,경상북도 경주시 충효동,경주시,충효동,100,35,0,28,8.47,3,oO  충효동 신축급원룸 Oo 문의많은 인기매물,https://www.zigbang.com/home/apt/items/49169527
2026-05-28 07:24:58,원룸,49156922,월세,02,경상북도 경주시 충효동,경주시,충효동,100,27,0,26.45,8.0,3,oO EV 있는 가성비원룸 Oo 원룸최대매물 보유,https://www.zigbang.com/home/apt/items/49156922
2026-05-28 07:24:58,원룸,49136512,월세,02,경상북도 경주시 충효동,경주시,충효동,150,28,0,24.79,7.5,2,oO 가성비 원룸 Oo 풀옵션 실매물,https://www.zigbang.com/home/apt/items/49136512
2026-05-28 07:24:58,원룸,49113989,월세,02,경상북도 경주시 충효동,경주시,충효동,500,43,0,36.36,11.0,3,oO신축 미투 오피스텔 구조  Oo 엘베ok,https://www.zigbang.com/home/apt/items/49113989
2026-05-28 07:24:58,원룸,49104637,월세,02,경상북도 경주시 충효동,경주시,충효동,300,30,0,33.06,10.0,4,oO 미니투룸 가성비 최고 Oo 인기최고매물,https://www.zigbang.com/home/apt/items/49104637
2026-05-28 07:24:58,원룸,49005166,월세,02,경상북도 경주시 충효동,경주시,충효동,300,51,0,52.89,16.0,3,oO 신축 쓰리룸 인기최고 Oo 실사진 실매물,https://www.zigbang.com/home/apt/items/49005166
2026-05-28 07:24:58,원룸,48994181,월세,02,경상북도 경주시 충효동,경주시,충효동,200,31,0,28.1,8.5,4,oO 채광좋은 깨끗한 방 Oo 100실매물,https://www.zigbang.com/home/apt/items/48994181
2026-05-28 07:24:58,원룸,48993959,월세,02,경상북도 경주시 충효동,경주시,충효동,200,30,0,29.75,9.0,2,oO 충효동 관리우수 원룸 Oo 분리형,https://www.zigbang.com/home/apt/items/48993959
2026-05-28 07:24:58,원룸,48850659,월세,02,경상북도 경주시 충효동,경주시,충효동,500,35,0,28.1,8.5,3,oO ev있는 신축 원룸 Oo 최다매물보유,https://www.zigbang.com/home/apt/items/48850659
2026-05-28 07:24:58,원룸,48841523,월세,02,경상북도 경주시 충효동,경주시,충효동,200,37,0,41,12.4,3,충효 가성비작은투룸 도배새로 출퇴근·통학최적 즉입주,https://www.zigbang.com/home/apt/items/48841523
2026-05-28 07:24:59,원룸,49154837,월세,01,경상북도 경주시 시래동,경주시,시래동,200,30,0,29.75,9.0,4,"단기 가능,,, 한수원 불국사 보문단지 울산 방면",https://www.zigbang.com/home/apt/items/49154837
2026-05-28 07:24:59,원룸,49138509,월세,02,경상북도 경주시 시래동,경주시,시래동,200,30,0,27,8.17,2,원룸공실 임대,https://www.zigbang.com/home/apt/items/49138509
2026-05-28 07:24:59,원룸,49094260,월세,02,경상북도 경주시 시래동,경주시,시래동,200,38,0,49.59,15.0,2,"착한월세,,,방1 거실,,,한수원 불국사 보문단지 울산 방",https://www.zigbang.com/home/apt/items/49094260
2026-05-28 07:24:59,원룸,49051817,월세,01,경상북도 경주시 시래동,경주시,시래동,200,27,0,27,8.17,3,원룸 공실 임대,https://www.zigbang.com/home/apt/items/49051817
2026-05-28 07:24:59,원룸,48642662,월세,02,경상북도 경주시 시래동,경주시,시래동,200,30,0,27,8.17,3,원룸 공실임대,https://www.zigbang.com/home/apt/items/48642662
2026-05-28 07:24:59,원룸,49167090,월세,02,경상북도 경주시 외동읍 입실리,경주시,외동읍,100,31,0,28.1,8.5,2,MA분리형 채광0 저렴한월세,https://www.zigbang.com/home/apt/items/49167090
2026-05-28 07:24:59,원룸,49094283,월세,02,경상북도 경주시 외동읍 입실리,경주시,외동읍,200,35,0,36,10.89,2,원룸 공실 임대,https://www.zigbang.com/home/apt/items/49094283
2026-05-28 07:24:59,원룸,49094236,월세,02,경상북도 경주시 외동읍 입실리,경주시,외동읍,200,45,0,39,11.8,4,쓰리룸공실임대,https://www.zigbang.com/home/apt/items/49094236
2026-05-28 07:24:59,원룸,49094219,월세,02,경상북도 경주시 외동읍 입실리,경주시,외동읍,100,37,0,36,10.89,2,원룸 공실임대,https://www.zigbang.com/home/apt/items/49094219
2026-05-28 07:24:59,원룸,48899210,월세,02,경상북도 경주시 외동읍 입실리,경주시,외동읍,200,35,0,30,9.07,3,원룸 공실 임대,https://www.zigbang.com/home/apt/items/48899210
2026-05-28 07:24:59,원룸,49052077,월세,02,경상북도 경주시 시래동,경주시,시래동,500,45,0,55,16.64,3,쓰리룸 공실 임대,https://www.zigbang.com/home/apt/items/49052077
2026-05-28 07:24:59,원룸,49051793,월세,02,경상북도 경주시 시래동,경주시,시래동,300,40,0,33,9.98,4,투룸공실 임대,https://www.zigbang.com/home/apt/items/49051793
2026-05-28 07:24:59,원룸,48899297,월세,02,경상북도 경주시 시래동,경주시,시래동,300,35,0,36,10.89,2,원룸공실 임대,https://www.zigbang.com/home/apt/items/48899297
2026-05-28 07:25:01,원룸,49167193,월세,01,경상북도 성주군 성주읍 예산리,성주군,성주읍,300,30,0,26.45,8.0,2,"엘베있는 깔끔한 원룸,설빙부근,엘베있음",https://www.zigbang.com/home/apt/items/49167193
2026-05-28 07:25:01,원룸,49149996,월세,01,경상북도 성주군 성주읍 학산리,성주군,성주읍,200,28,0,23,6.96,3,"성주산업단지 미니투룸, 즉시가능, 풀옵션, 외국인도 가능",https://www.zigbang.com/home/apt/items/49149996
2026-05-28 07:25:01,원룸,49149919,월세,01,경상북도 성주군 성주읍 학산리,성주군,성주읍,300,30,0,22.14,6.7,2,"즉시입주가능, 신축원룸, 2층,cu편의점인근",https://www.zigbang.com/home/apt/items/49149919
2026-05-28 07:25:01,원룸,48999525,월세,02,경상북도 성주군 성주읍 성산리,성주군,성주읍,500,35,0,46.28,14.0,4,성주시내 남향 미니투룸,https://www.zigbang.com/home/apt/items/48999525
2026-05-28 07:25:01,원룸,48999410,월세,02,경상북도 성주군 성주읍 예산리,성주군,성주읍,500,40,0,35,10.59,2,성주 예산리 도시가스 사용하는 엘베있는 정남향 미니투룸,https://www.zigbang.com/home/apt/items/48999410
2026-05-28 07:25:01,원룸,48999281,월세,02,경상북도 성주군 성주읍 백전리,성주군,성주읍,300,35,0,35,10.59,4,"성주읍 백전리 넓은미니투룸, 즉시가능",https://www.zigbang.com/home/apt/items/48999281
2026-05-28 07:25:02,원룸,49168418,월세,01,경상북도 김천시 지좌동,김천시,지좌동,200,25,0,33.06,10.0,3,김천혁신도시 5분 동부초등 인근 바이크게나온 신축같은 원룸,https://www.zigbang.com/home/apt/items/49168418
2026-05-28 07:25:02,원룸,49168309,월세,01,경상북도 김천시 모암동,김천시,모암동,200,25,0,33,9.98,3,김천의료원인근 단기계약가능한 방이크게나온 신축같이깨끗한 방,https://www.zigbang.com/home/apt/items/49168309
2026-05-28 07:25:02,원룸,49105921,월세,01,경상북도 김천시 용두동,김천시,용두동,200,25,0,33,9.98,3,김천황금시장 초인근 최저가 풀옵션 원룸입니다,https://www.zigbang.com/home/apt/items/49105921
2026-05-28 07:25:02,원룸,49105903,월세,01,경상북도 김천시 지좌동,김천시,지좌동,200,25,0,33,9.98,3,지좌행정복지센터 바로뒤 깔끔한 최신축 풀옵션 원룸,https://www.zigbang.com/home/apt/items/49105903
2026-05-28 07:25:02,원룸,48862231,월세,01,경상북도 김천시 지좌동,김천시,지좌동,200,25,0,34,10.28,2,제일저렴하고 좋은방 지좌동 주민센터인근,https://www.zigbang.com/home/apt/items/48862231
2026-05-28 07:25:02,원룸,49168443,월세,02,경상북도 김천시 부곡동,김천시,부곡동,200,25,0,33,9.98,3,부곡 김천고등 주변 단기 가능한 신축같이 깨끗하고 안전한방,https://www.zigbang.com/home/apt/items/49168443
2026-05-28 07:25:02,원룸,49168366,월세,02,경상북도 김천시 부곡동,김천시,부곡동,300,34,0,41,12.4,2,부곡 가성비 좋은 신축같은 분리형  방방이 분리되어 있음,https://www.zigbang.com/home/apt/items/49168366
2026-05-28 07:25:02,원룸,49168348,월세,01,경상북도 김천시 부곡동,김천시,부곡동,200,25,0,33,9.98,4,부곡 김천고 위치좋은 신축같은 원룸세입자 조건 우선맞춰드림,https://www.zigbang.com/home/apt/items/49168348
2026-05-28 07:25:02,원룸,49099343,월세,01,경상북도 김천시 부곡동,김천시,부곡동,200,25,0,29.75,9.0,3,부곡동 현대아파트 인근 저렴한 원룸 입니다,https://www.zigbang.com/home/apt/items/49099343
2026-05-28 07:25:02,원룸,49092513,월세,01,경상북도 김천시 부곡동,김천시,부곡동,200,25,0,34,10.28,2,실매물인증완료 남향 김천고인근 최신축 주차편리한 풀옵션원룸,https://www.zigbang.com/home/apt/items/49092513
2026-05-28 07:25:02,원룸,49049998,월세,01,경상북도 김천시 부곡동,김천시,부곡동,200,25,0,34,10.28,2,부곡동 김천중.고 인근 초신축 초저가 원룸,https://www.zigbang.com/home/apt/items/49049998
2026-05-28 07:25:03,원룸,49168479,월세,01,경상북도 김천시 삼락동,김천시,삼락동,100,20,0,33,9.98,1,김천대 보건대 인근 단기계약 가능한 풀옵션 신축같은 원룸,https://www.zigbang.com/home/apt/items/49168479
2026-05-28 07:25:03,원룸,49168395,월세,01,경상북도 김천시 부곡동,김천시,부곡동,200,25,0,33,9.98,2,부곡 맛고을 김천고 인근 신축처럼 깨끗하고 안전한 원룸,https://www.zigbang.com/home/apt/items/49168395
2026-05-28 07:25:03,원룸,49113950,월세,01,경상북도 김천시 삼락동,김천시,삼락동,100,20,0,30,9.07,2,실매물보장 김천대 자취방 후문 바로옆 최저가 풀옵션 원룸,https://www.zigbang.com/home/apt/items/49113950
2026-05-28 07:25:03,원룸,49110384,월세,01,경상북도 김천시 부곡동,김천시,부곡동,200,25,0,34,10.28,2,최신축 김고인근 대학생추천 상권좋고 살기좋은 풀옵션 원룸,https://www.zigbang.com/home/apt/items/49110384
2026-05-28 07:25:03,원룸,49105907,월세,01,경상북도 김천시 삼락동,김천시,삼락동,200,22,0,33,9.98,3,교동 법원 바로앞 조용하고 깨끗한 최저가 풀옵션 원룸,https://www.zigbang.com/home/apt/items/49105907
2026-05-28 07:25:03,원룸,49099333,월세,01,경상북도 김천시 삼락동,김천시,삼락동,100,22,0,26.45,8.0,2,삼락동 김천대학교보건대학교 5분거리 가장 가까운 원룸,https://www.zigbang.com/home/apt/items/49099333
2026-05-28 07:25:03,원룸,49099325,월세,01,경상북도 김천시 삼락동,김천시,삼락동,100,22,0,29.75,9.0,2,김천시 삼락동 김천대 가장 가까운 컨디션 좋은 원룸,https://www.zigbang.com/home/apt/items/49099325
2026-05-28 07:25:03,원룸,49044196,월세,01,경상북도 김천시 삼락동,김천시,삼락동,100,20,0,30,9.07,2,김대 보건대 자취방 최저가 풀옵션 원룸 햇살가득해요,https://www.zigbang.com/home/apt/items/49044196
2026-05-28 07:25:03,원룸,48942211,월세,01,경상북도 김천시 삼락동,김천시,삼락동,150,23,0,26.45,8.0,1,김천대학교 인근.후문쪽 깔끔한 원룸 입니다,https://www.zigbang.com/home/apt/items/48942211
2026-05-28 07:25:03,원룸,48917016,월세,01,경상북도 김천시 삼락동,김천시,삼락동,200,27,0,30,9.07,2,완전최신축 이쁜 다있는올인원풀옵션 몸만들어오면되는 원룸,https://www.zigbang.com/home/apt/items/48917016
2026-05-28 07:25:03,원룸,48916992,월세,01,경상북도 김천시 삼락동,김천시,삼락동,100,20,0,30,9.07,2,"김대,보건대 도보3분거리 최신축 올인원풀옵션 원룸몸만오세요",https://www.zigbang.com/home/apt/items/48916992
2026-05-28 07:25:03,원룸,48852837,월세,01,경상북도 김천시 다수동,김천시,다수동,100,20,0,33,9.98,3,다수초등학교 초인근 최저가 풀옵션 원룸입니다,https://www.zigbang.com/home/apt/items/48852837
2026-05-28 07:25:04,원룸,48862189,월세,01,경상북도 김천시 남면 봉천리,김천시,남면,200,24,0,34,10.28,2,단기가능 김천혁신도시인근 한전기술마을 풀옵션 원룸월세,https://www.zigbang.com/home/apt/items/48862189
2026-05-28 07:25:13,원룸,48898365,월세,01,경상북도 구미시 선산읍 동부리,구미시,선산읍,200,20,0,33.06,10.0,2,선산읍 중심지역 원룸,https://www.zigbang.com/home/apt/items/48898365
2026-05-28 07:25:13,원룸,48898357,월세,02,경상북도 구미시 선산읍 동부리,구미시,선산읍,500,40,0,66.12,20.0,2,정투룸 방2 욕실2 월세 전세가능,https://www.zigbang.com/home/apt/items/48898357
2026-05-28 07:25:13,원룸,48898269,월세,02,경상북도 구미시 선산읍 동부리,구미시,선산읍,300,30,0,39.67,12.0,2,선산 중심지역 미니투룸,https://www.zigbang.com/home/apt/items/48898269
2026-05-28 07:25:13,원룸,48898060,월세,02,경상북도 구미시 선산읍 교리,구미시,선산읍,300,30,0,33.06,10.0,2,엘베있는 미니투룸,https://www.zigbang.com/home/apt/items/48898060
2026-05-28 07:25:23,원룸,49167146,전세,02,경상북도 경산시 진량읍 내리리,경산시,진량읍,5000,0,0,27,8.17,2,대구대 원룸임대,https://www.zigbang.com/home/apt/items/49167146
2026-05-28 07:25:23,원룸,49166292,월세,01,경상북도 경산시 진량읍 평사리(坪沙),경산시,진량읍,20,450,0,27,8.17,2,대구대 신축원룸 임대,https://www.zigbang.com/home/apt/items/49166292
2026-05-28 07:25:23,원룸,49150573,월세,01,경상북도 경산시 진량읍 평사리(坪沙),경산시,진량읍,20,260,0,24,7.26,2,대구대인근 원룸임대,https://www.zigbang.com/home/apt/items/49150573
2026-05-28 07:25:23,원룸,49150510,월세,01,경상북도 경산시 진량읍 평사리(平沙),경산시,진량읍,20,240,0,23,6.96,1,대구대가성비좋은 원룸,https://www.zigbang.com/home/apt/items/49150510
2026-05-28 07:25:23,원룸,49150362,월세,02,경상북도 경산시 진량읍 내리리,경산시,진량읍,20,380,0,34,10.28,3,대구대인근원룸,https://www.zigbang.com/home/apt/items/49150362
2026-05-28 07:25:23,원룸,49138406,월세,02,경상북도 경산시 진량읍 내리리,경산시,진량읍,30,500,0,30,9.07,2,대구대 인근 분리된미니투룸,https://www.zigbang.com/home/apt/items/49138406
2026-05-28 07:25:23,원룸,49138339,월세,02,경상북도 경산시 진량읍 평사리(坪沙),경산시,진량읍,20,250,0,23.2,7.02,2,대구대 원룸 임대,https://www.zigbang.com/home/apt/items/49138339
2026-05-28 07:25:23,원룸,49138296,월세,01,경상북도 경산시 진량읍 평사리(坪沙),경산시,진량읍,20,260,0,25,7.56,3,대구대 인근 가성비졸은 원룸,https://www.zigbang.com/home/apt/items/49138296
2026-05-28 07:25:23,원룸,49049161,월세,02,경상북도 경산시 진량읍 내리리,경산시,진량읍,20,650,0,66.1,20.0,5,ㄱ대구대 제니건물 투룸독채 루프탑 엘베 도시가스 도배교체,https://www.zigbang.com/home/apt/items/49049161
2026-05-28 07:25:23,원룸,49011547,월세,02,경상북도 경산시 진량읍 평사리(平沙),경산시,진량읍,20,450,0,36.36,11.0,4,ㄱ대구대 풀비체투룸 도시가스 아파트형 최신축 최저가 풀옵션,https://www.zigbang.com/home/apt/items/49011547
2026-05-28 07:25:23,원룸,49011533,월세,02,경상북도 경산시 진량읍 평사리(平沙),경산시,진량읍,20,350,0,23.14,7.0,3,ㄱ대구대 풀비체원룸..도시가스 최신축풀옵션 조용깨끗가성비갑,https://www.zigbang.com/home/apt/items/49011533
2026-05-28 07:25:23,원룸,49011524,월세,02,경상북도 경산시 진량읍 평사리(平沙),경산시,진량읍,20,250,0,23.14,7.0,2,ㄱ대구대 우리빌 원룸..방크고 돈싸고 사글세 전세 모두가능,https://www.zigbang.com/home/apt/items/49011524
2026-05-28 07:25:23,원룸,49011522,월세,02,경상북도 경산시 진량읍 평사리(平沙),경산시,진량읍,20,170,0,23.14,7.0,반지하,"ㄱ대구대 우리빌 가격짱 주인짱..큰방,큰주방 취사용가스무료",https://www.zigbang.com/home/apt/items/49011522
2026-05-28 07:25:26,원룸,49164385,월세,02,경상북도 경주시 용강동,경주시,용강동,300,47,0,42.98,13.0,3,ㅡ엘베ㅡ신축ㅡ방1거실ㅡ주차편리ㅡ,https://www.zigbang.com/home/apt/items/49164385
2026-05-28 07:25:26,원룸,49155960,월세,01,경상북도 경주시 용강동,경주시,용강동,100,30,0,29.75,9.0,2,"비교적 넓은 방,,,보건소 시청 도보 가능",https://www.zigbang.com/home/apt/items/49155960
2026-05-28 07:25:26,원룸,49138324,월세,02,경상북도 경주시 용강동,경주시,용강동,200,37,0,29.75,9.0,3,ㅡ신축ㅡ예쁜원룸ㅡ용강초ㅡ,https://www.zigbang.com/home/apt/items/49138324
2026-05-28 07:25:26,원룸,49082517,월세,02,경상북도 경주시 황성동,경주시,황성동,200,33,0,29.75,9.0,2,ㅡ중심가ㅡ최고위치ㅡ주차편리ㅡ,https://www.zigbang.com/home/apt/items/49082517
2026-05-28 07:25:26,원룸,49080952,월세,01,경상북도 경주시 황성동,경주시,황성동,200,33,0,29.75,9.0,2,"깔끔한 내부,,, 유림초등 계림중고등학교 용강공단 방면",https://www.zigbang.com/home/apt/items/49080952
2026-05-28 07:25:26,원룸,49075447,월세,01,경상북도 경주시 용강동,경주시,용강동,1500,20,0,30,9.07,3,"시청,보건소 도보가능 즉시입주",https://www.zigbang.com/home/apt/items/49075447
2026-05-28 07:25:26,원룸,48978689,월세,01,경상북도 경주시 용강동,경주시,용강동,200,34,0,29.75,9.0,3,"비교적 넓은 방,,, 근화여고 삼환나우빌 천북 방면",https://www.zigbang.com/home/apt/items/48978689
2026-05-28 07:25:26,원룸,48971454,월세,01,경상북도 경주시 용강동,경주시,용강동,200,30,0,33.06,10.0,3,"비교적 넓은 방,,,보건소 시청 도보 가능",https://www.zigbang.com/home/apt/items/48971454
2026-05-28 07:25:26,원룸,48922443,월세,01,경상북도 경주시 용강동,경주시,용강동,200,30,0,27,8.17,2,oO보건소근처원룸Oo,https://www.zigbang.com/home/apt/items/48922443
2026-05-28 07:25:26,원룸,48909060,월세,01,경상북도 경주시 용강동,경주시,용강동,200,30,0,26,7.86,2,보건소 시청인근 저렴한 원룸입니다,https://www.zigbang.com/home/apt/items/48909060
2026-05-28 07:25:27,원룸,49088950,월세,02,경상북도 포항시 남구 연일읍 유강리,포항시 남구,연일읍,300,37,0,36.36,11.0,2,"포항공대 유강.미니투룸.풀옵션,가성비GOOD",https://www.zigbang.com/home/apt/items/49088950
2026-05-28 07:25:28,원룸,48959581,월세,01,경상북도 포항시 북구 흥해읍 초곡리,포항시 북구,흥해읍,300,35,0,26.45,8.0,2,ㅡ전 세 가 능 ㅡ초곡 선린대 바로앞 원룸,https://www.zigbang.com/home/apt/items/48959581
2026-05-28 07:25:28,원룸,48945520,월세,01,경상북도 포항시 북구 흥해읍 초곡리,포항시 북구,흥해읍,300,29,0,29.75,9.0,2,초곡 원룸.즉시입주.작지만 깔끔해요 그외 물건다수보유,https://www.zigbang.com/home/apt/items/48945520
2026-05-28 07:25:28,원룸,48945552,월세,02,경상북도 포항시 북구 흥해읍 중성리,포항시 북구,흥해읍,300,35,0,33,9.98,1,흥해시장인근.에코프로7분.포항역5분.초곡3분.정남향,https://www.zigbang.com/home/apt/items/48945552
2026-05-28 07:25:28,원룸,48945535,월세,01,경상북도 포항시 북구 흥해읍 옥성리,포항시 북구,흥해읍,300,35,0,33.06,10.0,1,원룸월세.단기가능.ktx5분분.초곡현장3분거리.생활권좋은곳,https://www.zigbang.com/home/apt/items/48945535
2026-05-28 07:25:28,원룸,48945527,월세,02,경상북도 포항시 북구 흥해읍 옥성리,포항시 북구,흥해읍,200,33,0,33,9.98,2,미니투룸.동부청사5분.선린대1정거장.초곡5분.주차공간많음,https://www.zigbang.com/home/apt/items/48945527
2026-05-28 07:25:28,원룸,48886259,월세,02,경상북도 포항시 북구 흥해읍 옥성리,포항시 북구,흥해읍,200,25,0,33,9.98,1,침대.에코7분.단기가능.초곡5분..주차좋음.,https://www.zigbang.com/home/apt/items/48886259
2026-05-28 07:25:28,원룸,48886229,월세,02,경상북도 포항시 북구 흥해읍 남성리,포항시 북구,흥해읍,200,32,0,46.28,14.0,1,신항만7분.에코프로환영.초곡5분.단기가능.우리홈마트.깨끗,https://www.zigbang.com/home/apt/items/48886229
2026-05-28 07:25:28,원룸,48886219,월세,02,경상북도 포항시 북구 흥해읍 옥성리,포항시 북구,흥해읍,300,30,0,33,9.98,1,미니투룸.동부청사5분.선린대1정거장.초곡5분.주차공간많음.,https://www.zigbang.com/home/apt/items/48886219
2026-05-28 07:25:28,원룸,48884197,월세,02,경상북도 포항시 북구 흥해읍 중성리,포항시 북구,흥해읍,300,35,0,42.98,13.0,4,흥해시장안 미니투룸,https://www.zigbang.com/home/apt/items/48884197
2026-05-28 07:25:31,원룸,49160707,월세,02,경상북도 안동시 옥동,안동시,옥동,300,31,0,35,10.59,4,이마트 도보3분 화이트톤OK 깔끔한 원룸입니당,https://www.zigbang.com/home/apt/items/49160707
2026-05-28 07:25:31,원룸,49151099,월세,02,경상북도 안동시 옥동,안동시,옥동,500,41,0,50,15.12,2,HOt이마트인근 귀한 주방분리형 미니투룸 준신축 No.1,https://www.zigbang.com/home/apt/items/49151099
2026-05-28 07:25:31,원룸,49147840,월세,02,경상북도 안동시 옥동,안동시,옥동,300,30,0,30,9.07,1,옥동 영호 초 인근 쾌적한 환경 주방 분리형 풀옵션,https://www.zigbang.com/home/apt/items/49147840
2026-05-28 07:25:31,원룸,49147794,월세,02,경상북도 안동시 옥동,안동시,옥동,300,29,0,35,10.59,2,NEW영호초인근 구조 완전 좋은 원룸 강력추천,https://www.zigbang.com/home/apt/items/49147794
2026-05-28 07:25:31,원룸,49096296,월세,02,경상북도 안동시 옥동,안동시,옥동,300,29,0,33.06,10.0,2,옥동 이마트 부근 저렴한 가성비 짱 원룸,https://www.zigbang.com/home/apt/items/49096296
2026-05-28 07:25:31,원룸,48958861,월세,02,경상북도 안동시 태화동,안동시,태화동,500,38,0,42.98,13.0,2,ll 태화동 올 화이트 미투 ll,https://www.zigbang.com/home/apt/items/48958861
2026-05-28 07:26:41,원룸,49019488,월세,01,인천시 중구 운서동,중구,운서동,300,30,0,64.72,19.58,8,"엘지에클라트 서향, 풀옵션, 무료셔틀버스 운행",https://www.zigbang.com/home/apt/items/49019488
2026-05-28 07:26:41,원룸,48974544,월세,04,인천시 중구 운서동,중구,운서동,500,45,0,83.6,25.29,12,"방, 거실 분리 구조 분양25평 무료셔틀버스 운행",https://www.zigbang.com/home/apt/items/48974544
2026-05-28 07:26:41,원룸,48974528,월세,01,인천시 중구 운서동,중구,운서동,300,27,0,57.03,17.25,3,무료셔틀 버스 운행,https://www.zigbang.com/home/apt/items/48974528
2026-05-28 07:26:41,원룸,48974481,월세,01,인천시 중구 운서동,중구,운서동,300,25,0,50.16,15.17,중,무료셔틀버스 인천공항 및 화물터미널 운행,https://www.zigbang.com/home/apt/items/48974481
2026-05-28 07:26:41,원룸,48933909,월세,01,인천시 중구 운서동,중구,운서동,1000,80,0,112.39,34.0,5,인천공항공사 바로앞 국제업무단지 오피스,https://www.zigbang.com/home/apt/items/48933909
2026-05-28 07:26:42,원룸,49132622,월세,02,인천시 중구 중산동,중구,중산동,500,62,0,34.79,10.52,중,十귀한전입가능한세대十채광좋음十빠른입주가능十내부컨디션좋음十,https://www.zigbang.com/home/apt/items/49132622
2026-05-28 07:26:42,원룸,49103279,월세,02,인천시 중구 중산동,중구,중산동,500,65,0,57.97,17.54,7,"귀한 전입 가능, 신축, 1.5룸, 수납과 공간 모두 좋음",https://www.zigbang.com/home/apt/items/49103279
2026-05-28 07:26:42,원룸,49103274,월세,04,인천시 중구 중산동,중구,중산동,500,70,0,54.04,16.35,18,"귀한 투룸, 빠른 입주, 남서향, 오션뷰, 부가세별도",https://www.zigbang.com/home/apt/items/49103274
2026-05-28 07:26:42,원룸,49095897,월세,02,인천시 중구 중산동,중구,중산동,300,50,0,39.67,12.0,19,대각선 바다뷰 남서향신축 1.5  분리형.전입시500ㆍ62,https://www.zigbang.com/home/apt/items/49095897
2026-05-28 07:26:42,원룸,49076909,월세,03,인천시 중구 중산동,중구,중산동,300,43,0,66.12,20.0,23,탁트인 바다뷰 복층 •전입가능,https://www.zigbang.com/home/apt/items/49076909
2026-05-28 07:26:42,원룸,48883478,월세,04,인천시 중구 중산동,중구,중산동,1000,85,0,35,10.59,9,오션뷰 신축 . 투룸 . 전입가능 . 풀옵션,https://www.zigbang.com/home/apt/items/48883478
2026-05-28 07:27:32,원룸,49106056,월세,02,충청남도 홍성군 홍성읍 월산리,홍성군,홍성읍,300,35,0,21,6.35,4,법원인근 풀옵션에 깨끗하고 조용한 복층 투룸입니다.,https://www.zigbang.com/home/apt/items/49106056
2026-05-28 07:27:32,원룸,49105977,월세,02,충청남도 홍성군 홍성읍 월산리,홍성군,홍성읍,200,23,0,21,6.35,3,주변 시세 대비 정말 저렴하게 나온 가성비 최고의 풀옵션,https://www.zigbang.com/home/apt/items/49105977
2026-05-28 07:27:32,원룸,48912584,월세,02,충청남도 홍성군 홍성읍 월산리,홍성군,홍성읍,300,30,0,21,6.35,4,법원 및 검찰청 인근에 있는 풀옵션 원룸,https://www.zigbang.com/home/apt/items/48912584
2026-05-28 07:27:32,원룸,48865905,월세,02,충청남도 홍성군 홍성읍 월산리,홍성군,홍성읍,300,30,0,23,6.96,3,검찰청 인근  월세 햇볕이 잘들고  5월25일 이후 입주,https://www.zigbang.com/home/apt/items/48865905
2026-05-28 07:27:32,원룸,49106279,월세,02,충청남도 홍성군 홍성읍 월산리,홍성군,홍성읍,200,30,0,21,6.35,2,법원 인근 e편한세상 바로 앞 조용하고 깨끗한 가성비 최고,https://www.zigbang.com/home/apt/items/49106279
2026-05-28 07:27:32,원룸,48912430,월세,02,충청남도 홍성군 홍성읍 옥암리,홍성군,홍성읍,300,25,0,21,6.35,3,홍성초 인근에 있는 관리 잘된 원룸,https://www.zigbang.com/home/apt/items/48912430
2026-05-28 07:27:32,원룸,48912238,월세,01,충청남도 홍성군 홍성읍 월산리,홍성군,홍성읍,300,30,0,21,6.35,2,깨끗하고 편의시설을 갖춘 곳,https://www.zigbang.com/home/apt/items/48912238
2026-05-28 07:27:32,원룸,48865544,월세,02,충청남도 홍성군 홍성읍 월산리,홍성군,홍성읍,200,27,0,21,6.35,4,법원인근에 있는 합리적인 가격의 원룸 입니다.,https://www.zigbang.com/home/apt/items/48865544
2026-05-28 07:27:33,원룸,49133988,월세,03,충청남도 홍성군 홍북읍 대동리,홍성군,홍북읍,500,55,0,50,15.12,4,신축 투룸 복층 풀옵션,https://www.zigbang.com/home/apt/items/49133988
2026-05-28 07:27:32,원룸,48865170,월세,02,충청남도 홍성군 홍성읍 대교리,홍성군,홍성읍,300,30,0,21,6.35,1,홍성여고가 인접하여  조용하고 보안상태 좋고 깨끗한 원룸,https://www.zigbang.com/home/apt/items/48865170
2026-05-28 07:27:33,원룸,49116371,월세,01,충청남도 홍성군 홍북읍 대동리,홍성군,홍북읍,300,40,0,28.1,8.5,4,신축 원룸 풀옵션,https://www.zigbang.com/home/apt/items/49116371
2026-05-28 07:27:35,원룸,48940588,월세,01,충청남도 당진시 수청동,당진시,수청동,50,67,0,61.11,18.49,고,"최대할인, 출장용 추천, 호텔식 풀옵션",https://www.zigbang.com/home/apt/items/48940588
2026-05-28 07:27:35,원룸,48940298,월세,01,충청남도 당진시 수청동,당진시,수청동,185,62,0,61.11,18.49,고,"최대할인, 버스터미널 5분, 풀옵션",https://www.zigbang.com/home/apt/items/48940298
2026-05-28 07:27:36,원룸,49156815,월세,01,충청남도 당진시 신평면 금천리,당진시,신평면,300,29,0,16.52,5.0,3,"대형원룸 주차편리 편의점 ,버스정류장 바로 앞",https://www.zigbang.com/home/apt/items/49156815
2026-05-28 07:27:37,원룸,49157299,월세,02,충청남도 천안시 동남구 풍세면 용정리,천안시 동남구,풍세면,200,30,0,23.14,7.0,2,산업단지 인근 풀옵션 신축급 저렴한 원룸,https://www.zigbang.com/home/apt/items/49157299
2026-05-28 07:27:37,원룸,49157243,월세,02,충청남도 천안시 동남구 풍세면 용정리,천안시 동남구,풍세면,200,30,0,23.14,7.0,4,풍세 산업단지 인근 저렴하고 깔끔한 분리형 원룸,https://www.zigbang.com/home/apt/items/49157243
2026-05-28 07:27:37,원룸,49157202,월세,01,충청남도 천안시 동남구 풍세면 용정리,천안시 동남구,풍세면,200,30,0,23.14,7.0,3,남향방 단기가능 산업단지 인근 깔끔한 신축급 컨디션,https://www.zigbang.com/home/apt/items/49157202
2026-05-28 07:27:37,원룸,49009028,월세,02,세종시 전의면 관정리,,전의면,300,30,0,28,8.47,4,귀한 신축급 분리형원룸입니다.,https://www.zigbang.com/home/apt/items/49009028
2026-05-28 07:27:38,원룸,48738431,월세,01,충청남도 아산시 신창면 읍내리,아산시,신창면,20,42,0,23.14,7.0,2,ꯁꯁ온마음ꯁꯁ 순대 정문 도보 1분거리 위치 귀한 원 ꯁꯁ,https://www.zigbang.com/home/apt/items/48738431
2026-05-28 07:27:39,원룸,49153159,월세,02,충청남도 천안시 동남구 목천읍 신계리,천안시 동남구,목천읍,500,29,0,28,8.47,3,출퇴근편리 넓은 원룸입니다 즉시입주가능 주차 o,https://www.zigbang.com/home/apt/items/49153159
2026-05-28 07:27:39,원룸,49093320,월세,02,충청남도 천안시 동남구 목천읍 신계리,천안시 동남구,목천읍,500,45,0,40,12.1,2,분리형투베이 주차장 널널 즉시입주가능,https://www.zigbang.com/home/apt/items/49093320
2026-05-28 07:27:39,원룸,48976722,월세,02,충청남도 천안시 동남구 목천읍 신계리,천안시 동남구,목천읍,500,40,0,40,12.1,2,"분리형투베이, 목천읍, 신축급",https://www.zigbang.com/home/apt/items/48976722
2026-05-28 07:27:39,원룸,48968317,월세,02,충청남도 천안시 동남구 목천읍 신계리,천안시 동남구,목천읍,500,40,0,28,8.47,2,건조기있는 신축 원룸입니다,https://www.zigbang.com/home/apt/items/48968317
2026-05-28 07:27:39,원룸,48836369,월세,02,충청남도 천안시 동남구 목천읍 신계리,천안시 동남구,목천읍,300,30,0,26.44,8.0,3,"단기가능, 세입자방 단독, 반전세 협의전화.",https://www.zigbang.com/home/apt/items/48836369
2026-05-28 07:27:39,원룸,48835388,전세,02,충청남도 천안시 동남구 목천읍 신계리,천안시 동남구,목천읍,3500,0,0,26.44,8.0,2,"세입자방 단독, LH 가능, 보증보험 가능, 안전한 전세",https://www.zigbang.com/home/apt/items/48835388
2026-05-28 07:27:40,원룸,49085300,월세,01,충청남도 천안시 서북구 성환읍 성환리,천안시 서북구,성환읍,200,34,0,26.45,8.0,1,성환역도보 5분거리 깨끗한 원룸입니다,https://www.zigbang.com/home/apt/items/49085300
2026-05-28 07:27:40,원룸,49022175,월세,02,충청남도 천안시 서북구 성환읍 매주리,천안시 서북구,성환읍,500,57,0,46.28,14.0,3,성환역 인근 귀한 분리형 화이트톤 넓은 투베이,https://www.zigbang.com/home/apt/items/49022175
2026-05-28 07:27:40,원룸,48840595,월세,02,충청남도 천안시 서북구 성환읍 매주리,천안시 서북구,성환읍,500,48,0,33.06,10.0,3,성환역 가까운 신축급 화이트 원룸,https://www.zigbang.com/home/apt/items/48840595
2026-05-28 07:27:40,원룸,49143996,월세,02,충청남도 천안시 서북구 직산읍 삼은리,천안시 서북구,직산읍,300,35,0,24.48,7.41,3,ㅁ직산 삼은초인근 화이트톤 깔끔한 분리형원룸ㅁ,https://www.zigbang.com/home/apt/items/49143996
2026-05-28 07:27:40,원룸,49083316,월세,02,충청남도 천안시 서북구 직산읍 삼은리,천안시 서북구,직산읍,300,38,0,30,9.07,2,직산 가성비 최고 원룸 화이트톤,https://www.zigbang.com/home/apt/items/49083316
2026-05-28 07:27:40,원룸,49075074,월세,01,충청남도 천안시 서북구 직산읍 삼은리,천안시 서북구,직산읍,3000,10,0,26.45,8.0,2,직산읍사무소 인근 원룸 풀옵션 깔끔합니다.,https://www.zigbang.com/home/apt/items/49075074
2026-05-28 07:27:40,원룸,49065980,월세,01,충청남도 천안시 서북구 직산읍 삼은리,천안시 서북구,직산읍,300,37,0,26.45,8.0,2,직산읍사무소 인근 원룸 풀옵션 매물,https://www.zigbang.com/home/apt/items/49065980
2026-05-28 07:27:40,원룸,48851126,월세,02,충청남도 천안시 서북구 성거읍 신월리,천안시 서북구,성거읍,500,42,0,33.06,10.0,2,"분리형투베이, 서북구청, 리모델링",https://www.zigbang.com/home/apt/items/48851126
2026-05-28 07:27:40,원룸,48840366,월세,02,충청남도 천안시 서북구 성거읍 신월리,천안시 서북구,성거읍,500,45,0,33.4,10.1,4,ㅁ주차 굿ㅁ 투베이,https://www.zigbang.com/home/apt/items/48840366
2026-05-28 07:27:41,원룸,49103173,월세,01,충청남도 천안시 서북구 성거읍 저리,천안시 서북구,성거읍,300,34,0,26.44,8.0,3,O추천매물O성거 시내O깔끔한  원룸O,https://www.zigbang.com/home/apt/items/49103173
2026-05-28 07:27:41,원룸,49086299,월세,02,충청남도 천안시 서북구 성거읍 천흥리,천안시 서북구,성거읍,300,32,0,33.06,10.0,2,성거 화이트톤 깔끔한 분리형 원룸 즉시입주 가능해요,https://www.zigbang.com/home/apt/items/49086299
2026-05-28 07:27:41,원룸,49081307,월세,02,충청남도 천안시 서북구 성거읍 천흥리,천안시 서북구,성거읍,100,57,0,45,13.61,2,성거  분리형 투베이 넓은 옷장 화이트톤 3개월단기가능,https://www.zigbang.com/home/apt/items/49081307
2026-05-28 07:27:41,원룸,49066657,월세,02,충청남도 천안시 서북구 성거읍 천흥리,천안시 서북구,성거읍,500,44,0,39.99,12.1,2,O신축급 O성거에서 제일큰 원룸O시내O샘플방 사진 O,https://www.zigbang.com/home/apt/items/49066657
2026-05-28 07:27:41,원룸,49022169,월세,02,충청남도 천안시 서북구 성거읍 천흥리,천안시 서북구,성거읍,300,28,0,26,7.86,1,가성비 최고 즉시 입주 가능한 원룸 인터넷포함,https://www.zigbang.com/home/apt/items/49022169
2026-05-28 07:27:41,원룸,48979284,월세,02,충청남도 천안시 서북구 성거읍 천흥리,천안시 서북구,성거읍,500,55,0,42.99,13.0,3,O신축 O중문있는  큰 분리형 투베이,https://www.zigbang.com/home/apt/items/48979284
2026-05-28 07:27:41,원룸,48979209,월세,02,충청남도 천안시 서북구 성거읍 송남리,천안시 서북구,성거읍,500,40,0,26.44,8.0,2,정남향 투베이O성거 중심 위치 좋아요O샘플방,https://www.zigbang.com/home/apt/items/48979209
2026-05-28 07:27:41,원룸,48947454,월세,02,충청남도 천안시 서북구 성거읍 천흥리,천안시 서북구,성거읍,300,38,0,26.45,8.0,2,화이트톤 깔금 원룸 빠른입주 주차장 넓어요,https://www.zigbang.com/home/apt/items/48947454
2026-05-28 07:27:41,원룸,48917681,월세,02,충청남도 천안시 서북구 성거읍 천흥리,천안시 서북구,성거읍,500,42,0,33.06,10.0,3,성거 신축급 화이트톤 수납장까지 완벽한 원룸,https://www.zigbang.com/home/apt/items/48917681
2026-05-28 07:27:41,원룸,48896657,월세,01,충청남도 천안시 서북구 성거읍 천흥리,천안시 서북구,성거읍,300,30,0,26.44,8.0,2,O추천매물O성거 시내O 저렴하고 성거에서 제일큰  원룸O성,https://www.zigbang.com/home/apt/items/48896657
2026-05-28 07:27:41,원룸,48628202,월세,02,충청남도 천안시 서북구 성거읍 저리,천안시 서북구,성거읍,500,45,0,39.66,12.0,2,O성거 시내O귀한 분리형 투베이 O저렴한 투베이O,https://www.zigbang.com/home/apt/items/48628202
2026-05-28 07:27:43,원룸,49165948,월세,02,경기도 평택시 포승읍 도곡리,평택시,포승읍,100,20,0,19.83,6.0,1,"ㅁ1개월도 가능ㅁ포승 공단, 항만, 서평택TG 인접",https://www.zigbang.com/home/apt/items/49165948
2026-05-28 07:27:43,원룸,49124726,월세,01,경기도 평택시 포승읍 도곡리,평택시,포승읍,100,30,0,20,6.05,2,"ㅁ 화양지구, 포승공단 출퇴근 용이한 내기삼거리 원룸 ㅁ",https://www.zigbang.com/home/apt/items/49124726
2026-05-28 07:27:43,원룸,49095145,월세,02,경기도 평택시 포승읍 도곡리,평택시,포승읍,100,25,0,23.14,7.0,4,"ㅁ단기가능 ㅁ 대형1룸 ㅁ 포승, 도곡리 매우 넓은 1룸",https://www.zigbang.com/home/apt/items/49095145
2026-05-28 07:27:43,원룸,49021340,월세,01,경기도 평택시 포승읍 도곡리,평택시,포승읍,200,30,0,20,6.05,2,ㅁ 내기삼거리 인근 ㅁ 즉시입주 가능한 원룸 ㅁ,https://www.zigbang.com/home/apt/items/49021340
2026-05-28 07:27:43,원룸,48900762,월세,01,경기도 평택시 포승읍 도곡리,평택시,포승읍,200,40,0,20,6.05,2,ㅁ 화양지구 출퇴근 용이한 원룸 ㅁ 즉시입주 ㅁ,https://www.zigbang.com/home/apt/items/48900762
2026-05-28 07:27:43,원룸,48658897,월세,01,경기도 평택시 포승읍 내기리,평택시,포승읍,500,40,0,19.2,5.81,2,"S2단기가능,포승,평택항인근,기숙사가능S2",https://www.zigbang.com/home/apt/items/48658897
2026-05-28 07:27:43,원룸,47376964,전세,02,경기도 평택시 포승읍 내기리,평택시,포승읍,7000,0,0,23.15,7.0,2,"S2분리형 원룸, 포승, 평택항인근, 기숙사가능S2",https://www.zigbang.com/home/apt/items/47376964
2026-05-28 07:27:43,원룸,45612609,월세,02,경기도 평택시 포승읍 내기리,평택시,포승읍,500,45,0,23.69,7.17,4,"S2분리형원룸,포승,평택항인근,단기가능,기숙사가능S2",https://www.zigbang.com/home/apt/items/45612609
2026-05-28 07:27:44,원룸,49138626,월세,02,경기도 평택시 청북읍 옥길리,평택시,청북읍,500,48,0,38.02,11.5,1,"2024년 신축 넓은 1.5룸 , 여성 1인 안심 거주",https://www.zigbang.com/home/apt/items/49138626
2026-05-28 07:27:44,원룸,49031068,월세,01,경기도 평택시 청북읍 옥길리,평택시,청북읍,300,35,0,23.14,7.0,2,"하루의 끝이 편안해지는, 여성안심 원룸",https://www.zigbang.com/home/apt/items/49031068
2026-05-28 07:27:44,원룸,48860931,월세,02,경기도 평택시 청북읍 옥길리,평택시,청북읍,300,34,0,19.83,6.0,3,청북 인근 가성비 갑  주방 분리형 원룸,https://www.zigbang.com/home/apt/items/48860931
2026-05-28 07:27:46,원룸,49098766,월세,01,경기도 화성시 향남읍 장짐리,화성시,향남읍,500,53,0,18.46,5.58,3,전입신고가능한 오피스텔형 원룸 외국인 안됨,https://www.zigbang.com/home/apt/items/49098766
2026-05-28 07:27:46,원룸,49093448,월세,02,경기도 화성시 만세구 향남읍 장짐리,화성시 만세구,향남읍,700,72,0,30.56,9.24,2,ꯁ오피스텔형 전입신고가능ꯁ 드레스룸 거실 큰 1.5룸,https://www.zigbang.com/home/apt/items/49093448
2026-05-28 07:27:46,원룸,49020668,월세,02,경기도 화성시 향남읍 장짐리,화성시,향남읍,700,73,0,36.36,11.0,4,"최고급1.5룸, 드레스룸까지 완전풀옵션,엘베OK,컨디션OK",https://www.zigbang.com/home/apt/items/49020668
2026-05-28 07:27:46,원룸,48901325,월세,02,경기도 화성시 만세구 향남읍 장짐리,화성시 만세구,향남읍,700,73,0,33.06,10.0,2,없는 게 없는 풀옵션 1.5룸. 지하주차O. 깔끔 신축,https://www.zigbang.com/home/apt/items/48901325
2026-05-28 07:27:46,원룸,49159010,월세,01,경기도 화성시 만세구 마도면 청원리,화성시 만세구,마도면,200,33,0,20,6.05,2,바이오밸리 인접하고 첫입주 신축입니다.풀옵션,https://www.zigbang.com/home/apt/items/49159010
2026-05-28 07:27:46,원룸,49157237,월세,02,경기도 화성시 만세구 마도면 청원리,화성시 만세구,마도면,300,35,0,30,9.07,3,늦게퇴근해도 주차편리 즉시입주 분리형으로 넓은 원룸입니다.,https://www.zigbang.com/home/apt/items/49157237
2026-05-28 07:27:46,원룸,49117038,월세,02,경기도 화성시 만세구 마도면 청원리,화성시 만세구,마도면,300,35,0,23.14,7.0,3,채광 좋으며 주 방분리형 1.5룸  주차편리함,https://www.zigbang.com/home/apt/items/49117038
2026-05-28 07:27:46,원룸,49082105,월세,01,경기도 화성시 만세구 마도면 청원리,화성시 만세구,마도면,200,35,0,17,5.14,3,신축 첫입주이며 층 호수  선택가능함 임대료 관리비저렴,https://www.zigbang.com/home/apt/items/49082105
2026-05-28 07:27:48,원룸,49152761,월세,02,경기도 평택시 청북읍 옥길리,평택시,청북읍,300,39,0,23.14,7.0,1,"청북, 아늑한 7평  방과 거실이 나뉜 나만의 작은 안식처",https://www.zigbang.com/home/apt/items/49152761
2026-05-28 07:27:48,원룸,49029262,월세,01,경기도 평택시 청북읍 현곡리,평택시,청북읍,100,40,0,20,6.05,3,"ㅁ 마켓컬리, 고렴산업단지 출퇴근 용이한 원룸 ㅁ즉시입주ㅁ",https://www.zigbang.com/home/apt/items/49029262
2026-05-28 07:27:48,원룸,48984591,월세,01,경기도 평택시 청북읍 후사리,평택시,청북읍,300,30,0,22.17,6.71,3,현곡 오성 산업단지내 인기 최고의 신축 원룸,https://www.zigbang.com/home/apt/items/48984591
2026-05-28 07:27:48,원룸,48975637,월세,01,경기도 평택시 청북읍 옥길리,평택시,청북읍,300,35,0,21.48,6.5,3,청북 중심상가 넓고 깨끗한 특급 원룸 즉시 입주,https://www.zigbang.com/home/apt/items/48975637
2026-05-28 07:27:48,원룸,48974809,월세,01,경기도 평택시 청북읍 현곡리,평택시,청북읍,200,36,0,24,7.26,4,ꕥ오늘매물ꕥ현곡산업단지ꕥ착한월세ꕥ하나로마트ꕥ채광굿ꕥ,https://www.zigbang.com/home/apt/items/48974809
2026-05-28 07:27:48,원룸,48881193,월세,01,경기도 평택시 청북읍 현곡리,평택시,청북읍,200,36,0,21.2,6.41,4,ꕥ오늘매물ꕥ현곡산업단지ꕥ하나로마트인근ꕥ채광굿ꕥ굿컨디션ꕥ,https://www.zigbang.com/home/apt/items/48881193
2026-05-28 07:27:48,원룸,48881184,월세,01,경기도 평택시 청북읍 현곡리,평택시,청북읍,300,36,0,18.7,5.66,8,ꕥ오늘매물ꕥ현곡산업단지ꕥ하나로마트인근ꕥ컨디션최상ꕥ뻥뷰ꕥ,https://www.zigbang.com/home/apt/items/48881184
2026-05-28 07:27:48,원룸,49154859,월세,01,경기도 평택시 청북읍 어연리,평택시,청북읍,200,35,0,19.83,6.0,5,어연한산 산업단지내  가성비 최고의  원룸  정말 좋아요,https://www.zigbang.com/home/apt/items/49154859
2026-05-28 07:27:48,원룸,49125842,월세,01,경기도 평택시 청북읍 한산리,평택시,청북읍,200,28,0,17.06,5.16,2,어연한산인근 제일 가성비 좋은 원룸,https://www.zigbang.com/home/apt/items/49125842
2026-05-28 07:27:48,원룸,49103782,월세,02,경기도 평택시 청북읍 어연리,평택시,청북읍,300,41,0,16.2,4.9,4,산업단지 인근 신축 풀옵션 원룸 입니다.,https://www.zigbang.com/home/apt/items/49103782
2026-05-28 07:27:48,원룸,49103662,월세,02,경기도 평택시 청북읍 어연리,평택시,청북읍,300,43,0,15.69,4.75,2,최적의 위치에 내부가 이쁜 원룸 입니다.,https://www.zigbang.com/home/apt/items/49103662
2026-05-28 07:27:48,원룸,49103634,월세,02,경기도 평택시 청북읍 어연리,평택시,청북읍,200,30,0,21.15,6.4,2,착한가격의 넓은 원룸 입니다.,https://www.zigbang.com/home/apt/items/49103634
2026-05-28 07:27:48,원룸,49062281,월세,02,경기도 평택시 청북읍 한산리,평택시,청북읍,500,40,0,34.54,10.45,2,타원룸과 차별화된 나만의  전원주택 1.5룸,https://www.zigbang.com/home/apt/items/49062281
2026-05-28 07:27:48,원룸,49054939,월세,02,경기도 평택시 청북읍 어연리,평택시,청북읍,300,42,0,18.19,5.5,4,어연 산업단지 깔끔한 분리형 원룸,https://www.zigbang.com/home/apt/items/49054939
2026-05-28 07:27:48,원룸,49039011,월세,02,경기도 평택시 청북읍 어연리,평택시,청북읍,2500,31,0,18.7,5.66,4,어연 산업단지 베란다 있는 분리형 원룸,https://www.zigbang.com/home/apt/items/49039011
2026-05-28 07:27:48,원룸,49038991,월세,02,경기도 평택시 청북읍 어연리,평택시,청북읍,300,44,0,16.22,4.91,4,어연 산업단지 인근 깔끔한 분리형 원룸,https://www.zigbang.com/home/apt/items/49038991
2026-05-28 07:27:48,원룸,48997343,월세,01,경기도 평택시 청북읍 어연리,평택시,청북읍,300,40,0,19.38,5.86,4,2022 년 신축 풀 옵션 원룸 임대합니다.,https://www.zigbang.com/home/apt/items/48997343
2026-05-28 07:27:48,원룸,48992786,월세,02,경기도 평택시 청북읍 어연리,평택시,청북읍,3000,35,0,18.78,5.68,4,어연 산업단지 엘베있는 1.5룸,https://www.zigbang.com/home/apt/items/48992786
2026-05-28 07:27:48,원룸,48984584,월세,02,경기도 평택시 청북읍 한산리,평택시,청북읍,300,40,0,23.14,7.0,3,어연한산 공단내 신축 풀옵션 원룸입니다,https://www.zigbang.com/home/apt/items/48984584
2026-05-28 07:27:48,원룸,48958761,월세,02,경기도 평택시 청북읍 한산리,평택시,청북읍,200,30,0,19.83,6.0,2,주방거실 분리형 풀옵션 원룸,https://www.zigbang.com/home/apt/items/48958761
2026-05-28 07:27:49,원룸,49167171,월세,01,충청남도 천안시 서북구 성환읍 성환리,천안시 서북구,성환읍,500,35,0,19.83,6.0,2,성환역앞 신축원룸입니다,https://www.zigbang.com/home/apt/items/49167171
2026-05-28 07:27:49,원룸,49144233,월세,02,충청남도 천안시 서북구 성환읍 성환리,천안시 서북구,성환읍,300,43,0,33.05,10.0,3,성환역과 성환터미날에서 가까운 깨끗한 신축 원룸입니다.,https://www.zigbang.com/home/apt/items/49144233
2026-05-28 07:27:49,원룸,49018872,월세,02,충청남도 천안시 서북구 성환읍 성월리,천안시 서북구,성환읍,500,50,0,39,11.8,4,신축급 투베이 좋습니다,https://www.zigbang.com/home/apt/items/49018872
2026-05-28 07:27:49,원룸,49018446,월세,02,충청남도 천안시 서북구 성환읍 성월리,천안시 서북구,성환읍,500,45,0,26.45,8.0,2,성환 터미널 부근 신축 원룸,https://www.zigbang.com/home/apt/items/49018446
2026-05-28 07:27:49,원룸,48940061,월세,01,충청남도 천안시 서북구 성환읍 성환리,천안시 서북구,성환읍,300,35,0,33.06,10.0,3,가성비 좋은 분리형 원룸입니다,https://www.zigbang.com/home/apt/items/48940061
2026-05-28 07:27:49,원룸,48935085,월세,01,충청남도 천안시 서북구 성환읍 성환리,천안시 서북구,성환읍,100,28,0,20,6.05,2,성환역앞 편리한 위치입니다,https://www.zigbang.com/home/apt/items/48935085
2026-05-28 07:27:49,원룸,48814072,월세,02,충청남도 천안시 서북구 성환읍 성월리,천안시 서북구,성환읍,200,48,0,28,8.47,2,단기가능한 NEW 화이트 원룸,https://www.zigbang.com/home/apt/items/48814072
2026-05-28 07:27:49,원룸,48692051,월세,02,충청남도 천안시 서북구 성환읍 성월리,천안시 서북구,성환읍,300,44,0,33.06,10.0,2,성환역도보8분 산축 풀옵션 원룸입니다,https://www.zigbang.com/home/apt/items/48692051
2026-05-28 07:27:49,원룸,48116456,월세,02,충청남도 천안시 서북구 성환읍 성환리,천안시 서북구,성환읍,500,45,0,23.14,7.0,2,"성환읍, 신축급 원룸, 깔끔한 화이트톤",https://www.zigbang.com/home/apt/items/48116456
2026-05-28 07:27:49,원룸,49131115,월세,01,충청남도 천안시 서북구 성환읍 성월리,천안시 서북구,성환읍,200,37,0,33.06,10.0,1,학사촌 넓고 깨끗한 원룸입니다,https://www.zigbang.com/home/apt/items/49131115
2026-05-28 07:27:49,원룸,49114485,월세,01,충청남도 천안시 서북구 성환읍 성월리,천안시 서북구,성환읍,100,34,0,33.05,10.0,2,넓은 원룸입니다 남대 도보 7분에서 8분 정도,https://www.zigbang.com/home/apt/items/49114485
2026-05-28 07:27:49,원룸,49094281,월세,01,충청남도 천안시 서북구 성환읍 성월리,천안시 서북구,성환읍,1000,45,0,30,9.07,4,성환 중심 화이트톤  남서울대 가까운거리 추천드려요,https://www.zigbang.com/home/apt/items/49094281
2026-05-28 07:27:49,원룸,49066468,월세,02,충청남도 천안시 서북구 성환읍 성월리,천안시 서북구,성환읍,500,47,0,40,12.1,3,넓은 투베이 입니다 거실1 방1 주방,https://www.zigbang.com/home/apt/items/49066468
2026-05-28 07:27:49,원룸,49037057,월세,02,충청남도 천안시 서북구 성환읍 성월리,천안시 서북구,성환읍,300,50,0,33.06,10.0,4,성환 가장 좋은 신축 넓은방 정남향 주차장넓어요,https://www.zigbang.com/home/apt/items/49037057
2026-05-28 07:27:49,원룸,49018847,월세,01,충청남도 천안시 서북구 성환읍 성월리,천안시 서북구,성환읍,1000,45,0,28.6,8.65,4,성환 남서울대학교 대로변 사거리 화이튼 신축 원룸,https://www.zigbang.com/home/apt/items/49018847
2026-05-28 07:27:49,원룸,48924356,월세,02,충청남도 천안시 서북구 성환읍 성환리,천안시 서북구,성환읍,300,45,0,33.06,10.0,4,즉시입주가능한 분리형 신축원룸,https://www.zigbang.com/home/apt/items/48924356
2026-05-28 07:27:49,원룸,48924349,월세,02,충청남도 천안시 서북구 성환읍 성환리,천안시 서북구,성환읍,500,55,0,40,12.1,2,성환역 남서울대 도보가능 신축 투베이 풀옵션,https://www.zigbang.com/home/apt/items/48924349
2026-05-28 07:27:49,원룸,48866895,월세,02,충청남도 천안시 서북구 성환읍 성환리,천안시 서북구,성환읍,500,54,0,40,12.1,3,분리형 신축 투베이,https://www.zigbang.com/home/apt/items/48866895
2026-05-28 07:27:49,원룸,48849079,월세,02,충청남도 천안시 서북구 성환읍 성환리,천안시 서북구,성환읍,500,54,0,45,13.61,3,분리형투베이신축 깨끗,https://www.zigbang.com/home/apt/items/48849079
2026-05-28 07:27:49,원룸,47965380,월세,02,충청남도 천안시 서북구 성환읍 성환리,천안시 서북구,성환읍,500,45,0,23.14,7.0,3,남서울대 성환역 신축급원룸,https://www.zigbang.com/home/apt/items/47965380
2026-05-28 07:27:50,원룸,49146931,월세,01,경기도 안성시 원곡면 칠곡리,안성시,원곡면,300,45,0,19.09,5.77,4,"신축원룸,주차편함",https://www.zigbang.com/home/apt/items/49146931
2026-05-28 07:27:50,원룸,49122790,월세,02,경기도 평택시 용이동,평택시,용이동,300,45,0,26.45,8.0,2,하이닉스셔틀버스정류장도보8분거리신축급원룸월세,https://www.zigbang.com/home/apt/items/49122790
2026-05-28 07:27:50,원룸,49122787,월세,02,경기도 평택시 용이동,평택시,용이동,300,45,0,24.14,7.3,3,하이닉스셔틀버스정류장도보8분원룸월세공원뷰,https://www.zigbang.com/home/apt/items/49122787
2026-05-28 07:27:50,원룸,48956971,월세,01,경기도 평택시 도일동,평택시,도일동,300,40,0,23.22,7.02,1,준신축 오픈형 원룸,https://www.zigbang.com/home/apt/items/48956971
2026-05-28 07:27:51,원룸,49168985,전세,02,경기도 안성시 공도읍 마정리,안성시,공도읍,5500,0,0,36.36,11.0,2,풀옵션  넓고 밝은 투베이 안심전세입니다.빠른입주가능,https://www.zigbang.com/home/apt/items/49168985
2026-05-28 07:27:51,원룸,49161592,월세,01,경기도 안성시 공도읍 마정리,안성시,공도읍,300,36,0,30,9.07,3,즉시입주가능.풀옵션 아주 넓은원룸.롯데마트도보인근,https://www.zigbang.com/home/apt/items/49161592
2026-05-28 07:27:51,원룸,49147226,월세,02,경기도 안성시 공도읍 마정리,안성시,공도읍,300,36,0,26.44,8.0,4,방한개 거실 별도  베란다 테라스 엘리베이터,https://www.zigbang.com/home/apt/items/49147226
2026-05-28 07:27:51,원룸,49131695,월세,02,경기도 안성시 공도읍 마정리,안성시,공도읍,500,45,0,29.75,9.0,4,방한개  거실  베란다 밝은룸  화장실창  엘리베이터,https://www.zigbang.com/home/apt/items/49131695
2026-05-28 07:27:51,원룸,49116573,전세,01,경기도 안성시 공도읍 마정리,안성시,공도읍,5500,0,0,30.08,9.1,3,방한개  거실  베란다  깔끔한룸 주차좋음 조용한룸,https://www.zigbang.com/home/apt/items/49116573
2026-05-28 07:27:51,원룸,49022693,전세,01,경기도 안성시 공도읍 마정리,안성시,공도읍,3500,0,0,23.14,7.0,2,풀옵션    깔끔한룸     화장실 창     부엌분리,https://www.zigbang.com/home/apt/items/49022693
2026-05-28 07:27:51,원룸,48974187,전세,02,경기도 안성시 공도읍 마정리,안성시,공도읍,7000,0,0,92.5,27.98,5,2룸에 욕실2개있는 저렴한 전세입니다,https://www.zigbang.com/home/apt/items/48974187
2026-05-28 07:27:51,원룸,49166305,월세,03,경기도 안성시 신소현동,안성시,신소현동,1000,60,0,19.83,6.0,9,"원룸복층,7월2입주가능,2000.55가능,주차시설좋음",https://www.zigbang.com/home/apt/items/49166305
2026-05-28 07:27:51,원룸,49149723,월세,01,경기도 안성시 석정동,안성시,석정동,500,44,0,26.45,8.0,2,"한경대정문앞,6월말협의가능,기본옵션구비됨",https://www.zigbang.com/home/apt/items/49149723
2026-05-28 07:27:51,원룸,49141684,월세,01,경기도 안성시 석정동,안성시,석정동,500,50,0,26.4,7.99,2,O우리O 한경대 정문 인근 풀옵션원룸,https://www.zigbang.com/home/apt/items/49141684
2026-05-28 07:27:51,원룸,49127482,월세,02,경기도 안성시 대덕면 내리,안성시,대덕면,1000,48,0,26.4,7.99,2,"6월24입주,주방분리형원룸,베란다,주차시설좋음,",https://www.zigbang.com/home/apt/items/49127482
2026-05-28 07:27:51,원룸,49109630,월세,01,경기도 안성시 대덕면 내리,안성시,대덕면,3000,20,0,19.83,6.0,2,"조용한주거타운,주차시설좋음,6월30입주",https://www.zigbang.com/home/apt/items/49109630
2026-05-28 07:27:51,원룸,49108089,월세,03,경기도 안성시 신소현동,안성시,신소현동,1000,58,0,19.83,6.0,6,"7월말입주,기본옵션,주차시설좋음.2000.53가능",https://www.zigbang.com/home/apt/items/49108089
2026-05-28 07:27:51,원룸,49012419,월세,03,경기도 안성시 신소현동,안성시,신소현동,1000,60,0,19.83,6.0,12,"탑층원룸복층,기본옵션구비,7월말입주",https://www.zigbang.com/home/apt/items/49012419
2026-05-28 07:27:51,원룸,49012358,월세,03,경기도 안성시 신소현동,안성시,신소현동,1000,63,0,19.83,6.0,12,"남향복층형원룸,풀옵션,7월말입주,주차시설좋음",https://www.zigbang.com/home/apt/items/49012358
2026-05-28 07:27:51,원룸,49138305,월세,01,경기도 안성시 양성면 동항리,안성시,양성면,200,28,0,20,6.05,3,"깔끔한 풀옵션 원룸, 넓은방, 공실",https://www.zigbang.com/home/apt/items/49138305
2026-05-28 07:27:51,원룸,49065567,월세,02,경기도 안성시 양성면 동항리,안성시,양성면,300,46,0,30,9.07,2,ꗄ운동장사이즈ꗄ둘이살아도 충분ꗄ채광좋은 농촌뷰ꗄ,https://www.zigbang.com/home/apt/items/49065567
2026-05-28 07:27:51,원룸,49055787,월세,02,경기도 안성시 양성면 동항리,안성시,양성면,500,45,0,28,8.47,3,"엘베O, 깔끔한 1.5룸, 완전풀옵션 굿",https://www.zigbang.com/home/apt/items/49055787
2026-05-28 07:27:51,원룸,49043964,월세,02,경기도 안성시 양성면 동항리,안성시,양성면,300,46,0,23,6.96,2,ꔫ동항리ꔫ주차널널ꔫ컨디션좋은분리형ꔫ엘베ꔫ,https://www.zigbang.com/home/apt/items/49043964
2026-05-28 07:27:51,원룸,49004408,월세,02,경기도 안성시 양성면 동항리,안성시,양성면,300,41,0,25,7.56,2,ꔚ양성터미널5분ꔚ컨디션좋은방ꔚ주차편리ꔚ조용한동네ꔚ넓은방ꔚ,https://www.zigbang.com/home/apt/items/49004408
2026-05-28 07:27:51,원룸,48949627,월세,02,경기도 안성시 양성면 동항리,안성시,양성면,300,46,0,28,8.47,3,ꔚ양성터미널ꔚ1.5룸급넓은방ꔚ즉시가능ꔚ주차편리ꔚ2인거뜬ꔚ,https://www.zigbang.com/home/apt/items/48949627
2026-05-28 07:27:52,원룸,49125383,월세,02,경기도 화성시 효행구 정남면 덕절리,화성시 효행구,정남면,500,55,0,33,9.98,4,ꔪꔪ우리ꔪꔪ1.5룸월세ꔪꔪ깔끔ꔪꔪ,https://www.zigbang.com/home/apt/items/49125383
2026-05-28 07:27:52,원룸,49052975,월세,02,경기도 화성시 정남면 문학리,화성시,정남면,2000,39,0,39.67,12.0,2,1.5룸 주차편리 너무편리한옵션,https://www.zigbang.com/home/apt/items/49052975
2026-05-28 07:27:52,원룸,48901415,월세,02,경기도 화성시 정남면 문학리,화성시,정남면,3000,45,0,39.67,12.0,4,1.5룸특급옵션월세넓은테라스주차편리,https://www.zigbang.com/home/apt/items/48901415
2026-05-28 07:27:52,원룸,49123699,월세,02,경기도 오산시 가장동,오산시,가장동,500,37,0,26,7.86,4,ㅣo믿음oㅣꕻㅣ꒰꒰艹가장산단艹꒱꒱ㅣꕻㅣ.풀옵션.ㅣꕻㅣ,https://www.zigbang.com/home/apt/items/49123699
2026-05-28 07:27:52,원룸,49123696,월세,01,경기도 오산시 가장동,오산시,가장동,500,41,0,30,9.07,옥탑방,ㅣo믿음oㅣꕻㅣꯁ기숙사 환영ꯁㅣꕻㅣ.옥탑.ㅣꕻㅣ,https://www.zigbang.com/home/apt/items/49123696
2026-05-28 07:27:52,원룸,49123687,월세,02,경기도 오산시 가장동,오산시,가장동,300,35,0,26,7.86,1,ㅣo믿음oㅣꕻㅣ포토샵Xㅣꕻㅣ.풀옵션.ㅣꕻㅣ,https://www.zigbang.com/home/apt/items/49123687
2026-05-28 07:27:52,원룸,49123686,월세,01,경기도 오산시 가장동,오산시,가장동,500,48,0,30,9.07,3,ㅣo믿음oㅣꕻㅣ가장동대장신축ㅣꕻㅣ.풀옵션.ㅣꕻㅣ,https://www.zigbang.com/home/apt/items/49123686
2026-05-28 07:27:52,원룸,49087305,월세,01,경기도 오산시 서동,오산시,서동,500,40,0,27,8.17,2,조용하고 주차편리 신축이라깔끔해,https://www.zigbang.com/home/apt/items/49087305
2026-05-28 07:27:52,원룸,49082692,월세,01,경기도 오산시 가장동,오산시,가장동,500,40,0,17.95,5.43,4,가장산업단지 풀옵션원룸,https://www.zigbang.com/home/apt/items/49082692
2026-05-28 07:27:52,원룸,49074547,월세,02,경기도 오산시 서동,오산시,서동,100,44,0,26,7.86,3,ㅣo믿음oㅣꕻㅣꯁ햇ꯁ살ꯁ가ꯁ득ꯁㅣꕻㅣ.풀옵션.ㅣꕻㅣ,https://www.zigbang.com/home/apt/items/49074547
2026-05-28 07:27:52,원룸,49039207,월세,01,경기도 오산시 가장동,오산시,가장동,500,50,0,19.4,5.87,3,ꯁꕣ신축 원룸 매물 ꕣꯁ,https://www.zigbang.com/home/apt/items/49039207
2026-05-28 07:27:52,원룸,49029668,월세,01,경기도 오산시 가장동,오산시,가장동,500,47,0,26.45,8.0,2,ll한신ll가장산업단지ll 주차편리 l 풀옵션통1.5룸,https://www.zigbang.com/home/apt/items/49029668
2026-05-28 07:27:52,원룸,48939231,월세,01,경기도 오산시 가장동,오산시,가장동,500,37,0,25,7.56,4,ㅣH허브Hㅣꯁㅣ가.장.산.단ㅣꯁㅣ신.축ㅣꯁㅣ주.차.짱ㅣ,https://www.zigbang.com/home/apt/items/48939231
2026-05-28 07:27:52,원룸,48883097,월세,01,경기도 오산시 가장동,오산시,가장동,500,40,0,23.14,7.0,4,ꕤꕤ한신ll가장산업단지ꕤꕤ 신축 l 풀옵션원룸,https://www.zigbang.com/home/apt/items/48883097
2026-05-28 07:27:55,원룸,49028093,월세,01,경기도 용인시 처인구 남사읍 봉무리,용인시 처인구,남사읍,500,55,0,23.2,7.02,1,ㅇ6월입주ㅇ주차ㅇ풀옵션ㅇ신축급 넓은 원룸ㅇ베란다ㅇ,https://www.zigbang.com/home/apt/items/49028093
2026-05-28 07:27:56,원룸,49118201,월세,02,경기도 용인시 처인구 삼가동,용인시 처인구,삼가동,500,45,0,18,5.44,4,6월11입주가능.방1.주방분리.엘리베이터.삼가역도보3분.,https://www.zigbang.com/home/apt/items/49118201
2026-05-28 07:27:56,원룸,49081911,월세,02,경기도 용인시 기흥구 중동,용인시 기흥구,중동,1500,70,0,46.28,14.0,3,• 역세권 숲세권 웰빙 거주지,https://www.zigbang.com/home/apt/items/49081911
2026-05-28 07:27:56,원룸,49013429,월세,01,경기도 용인시 기흥구 중동,용인시 기흥구,중동,1500,50,0,29.75,9.0,9,초당역앞 풀옵션 오피스텔,https://www.zigbang.com/home/apt/items/49013429
2026-05-28 07:27:56,원룸,48952448,전세,01,경기도 용인시 처인구 삼가동,용인시 처인구,삼가동,5500,0,0,34,10.28,5,삼가역부근에 위치한 넓은 원룸 전세입니다,https://www.zigbang.com/home/apt/items/48952448
2026-05-28 07:27:40,원룸,48906210,월세,02,충청남도 천안시 동남구 안서동,천안시 동남구,안서동,30,46,0,30,9.07,3,2학기사전예약 백석대단국대 원룸매물100개이상보유 맞춤중개,https://www.zigbang.com/home/apt/items/48906210
2026-05-28 07:27:40,원룸,48906177,월세,01,충청남도 천안시 동남구 안서동,천안시 동남구,안서동,50,38,0,30,9.07,2,2학기사전예약 백석대단국대 원룸매물100개이상보유 맞춤중개,https://www.zigbang.com/home/apt/items/48906177
2026-05-28 07:27:40,원룸,48883225,월세,01,충청남도 천안시 동남구 안서동,천안시 동남구,안서동,500,35,0,39,11.8,4,O 청년월세지원 O 여성전용층보유 O 백석대 단국대 모여라,https://www.zigbang.com/home/apt/items/48883225
2026-05-28 07:27:40,원룸,48883198,월세,01,충청남도 천안시 동남구 안서동,천안시 동남구,안서동,2000,25,0,39,11.8,4,O가성비 최고의 원룸O 백석대 단국대 O 여성전용층 운영,https://www.zigbang.com/home/apt/items/48883198
2026-05-28 07:27:40,원룸,48883149,월세,01,충청남도 천안시 동남구 안서동,천안시 동남구,안서동,1000,30,0,39,11.8,4,O 안서동 단대병원 백석대 풀옵션 신축컨디션 O,https://www.zigbang.com/home/apt/items/48883149
2026-05-28 07:27:40,원룸,48622015,월세,02,충청남도 천안시 동남구 안서동,천안시 동남구,안서동,3000,25,0,65,19.66,3,반전세 ll 주인세대형 투베이 ll 아파트형 구조,https://www.zigbang.com/home/apt/items/48622015
2026-05-28 07:27:40,원룸,48622005,월세,01,충청남도 천안시 동남구 안서동,천안시 동남구,안서동,50,35,0,25,7.56,3,단국대 백석대 오피스텔형 깔끄미 풀옵션 원룸 연세가능,https://www.zigbang.com/home/apt/items/48622005
2026-05-28 07:27:40,원룸,49096893,월세,02,충청남도 천안시 서북구 부대동,천안시 서북구,부대동,1000,70,0,40,12.1,3,ㅁ부대동 신축 투베이ㅁ 즉시입주,https://www.zigbang.com/home/apt/items/49096893
2026-05-28 07:27:40,원룸,49081760,월세,01,충청남도 천안시 서북구 신당동,천안시 서북구,신당동,30,30,0,25,7.56,1,연세 공주대 바로앞,https://www.zigbang.com/home/apt/items/49081760
2026-05-28 07:27:40,원룸,49096657,월세,01,충청남도 천안시 서북구 신당동,천안시 서북구,신당동,300,30,0,26,7.86,4,ㅁ신당동 가성비 원룸ㅁ,https://www.zigbang.com/home/apt/items/49096657
2026-05-28 07:27:58,원룸,49164880,월세,02,충청북도 청주시 흥덕구 강내면 월곡리,청주시 흥덕구,강내면,1500,17,0,24,7.26,1,"반전세1년가능, 오송, 청주, 오창, 직장인환영 출퇴근최적",https://www.zigbang.com/home/apt/items/49164880
2026-05-28 07:27:58,원룸,49090594,월세,01,충청북도 청주시 흥덕구 강내면 월탄리,청주시 흥덕구,강내면,200,20,0,21,6.35,3,"ll 단기가능 ll 즉시입주, 주차가능, 풀옵션",https://www.zigbang.com/home/apt/items/49090594
2026-05-28 07:27:58,원룸,49041508,월세,02,충청북도 청주시 흥덕구 강내면 월탄리,청주시 흥덕구,강내면,200,29,0,20,6.05,2,풀옵 가성비 신축급 원룸,https://www.zigbang.com/home/apt/items/49041508
2026-05-28 07:27:58,원룸,48968833,월세,01,충청북도 청주시 흥덕구 강내면 월탄리,청주시 흥덕구,강내면,100,30,0,25,7.56,3,단기가능 오송근처 원룸,https://www.zigbang.com/home/apt/items/48968833
2026-05-28 07:27:58,원룸,49005773,월세,02,충청북도 청주시 흥덕구 신전동,청주시 흥덕구,신전동,500,50,0,30,9.07,1,"전원주택 강추, 세컨하우스 추천",https://www.zigbang.com/home/apt/items/49005773
2026-05-28 07:28:07,원룸,48962075,월세,02,충청남도 천안시 동남구 병천면 가전리,천안시 동남구,병천면,100,30,0,26.45,8.0,4,한기대 인근 가성비 아주좋은 주차장 널널 인터넷까지,https://www.zigbang.com/home/apt/items/48962075
2026-05-28 07:28:07,원룸,48939939,월세,02,충청남도 천안시 동남구 수신면 신풍리,천안시 동남구,수신면,300,33,0,26.45,8.0,4,수신5산단 신축원룸 즉시입주 가능,https://www.zigbang.com/home/apt/items/48939939
2026-05-28 07:28:07,원룸,48928479,월세,02,충청남도 천안시 동남구 병천면 가전리,천안시 동남구,병천면,1000,35,0,39.98,12.09,2,맨 윗동 전세대 남향배치  5월 11일 이후 입주가능합니다,https://www.zigbang.com/home/apt/items/48928479
2026-05-28 07:28:07,원룸,48928421,월세,02,충청남도 천안시 동남구 병천면 가전리,천안시 동남구,병천면,300,40,0,39.98,12.09,2,정남향 즉시입주 가능합니다.,https://www.zigbang.com/home/apt/items/48928421
2026-05-28 07:28:07,원룸,48928392,월세,02,충청남도 천안시 동남구 병천면 가전리,천안시 동남구,병천면,300,42,0,39.98,12.09,1,부경타운하우스2차기본평수보다방이크고 창도 통창이에요,https://www.zigbang.com/home/apt/items/48928392
2026-05-28 07:28:07,원룸,48928153,월세,02,충청남도 천안시 동남구 병천면 가전리,천안시 동남구,병천면,300,40,0,39.98,12.09,2,단기임대 정남향 즉시 입주 가능합니다.,https://www.zigbang.com/home/apt/items/48928153
2026-05-28 07:27:53,원룸,48273386,월세,02,경기도 화성시 병점구 진안동,화성시 병점구,진안동,300,30,0,18,5.44,1,다람산공원 인근 넓은 분리형원룸 주차가능,https://www.zigbang.com/home/apt/items/48273386
2026-05-28 07:28:09,원룸,49160033,월세,02,충청북도 진천군 진천읍 교성리,진천군,진천읍,500,35,0,18.24,5.52,5,군청인근에 있는 도시가스 되는 원룸입니다.,https://www.zigbang.com/home/apt/items/49160033
2026-05-28 07:28:09,원룸,49151175,월세,02,충청북도 진천군 진천읍 교성리,진천군,진천읍,300,39,0,26.45,8.0,3,"군청인근에 있는 1.5 원룸. 거실, 방, 베란다, 분리형",https://www.zigbang.com/home/apt/items/49151175
2026-05-28 07:28:09,원룸,49143666,월세,02,충청북도 진천군 진천읍 교성리,진천군,진천읍,300,35,0,26.45,8.0,4,"우석대인근, 화랑공원 인근 원룸입니다.",https://www.zigbang.com/home/apt/items/49143666
2026-05-28 07:28:09,원룸,49105949,월세,02,충청북도 진천군 진천읍 교성리,진천군,진천읍,500,35,0,18.79,5.68,5,읍사무소 인근에 있는 분리형 원룸입니다.,https://www.zigbang.com/home/apt/items/49105949
2026-05-28 07:28:09,원룸,49078727,월세,01,충청북도 진천군 진천읍 읍내리,진천군,진천읍,300,38,0,23,6.96,4,터미널 도보 3분거리. 엘베있는 깔끔한 원룸,https://www.zigbang.com/home/apt/items/49078727
2026-05-28 07:28:09,원룸,48847639,월세,02,충청북도 진천군 진천읍 교성리,진천군,진천읍,1000,32,0,26.45,8.0,3,엘베있는 깔끔한 신축급 원룸 풀옵션,https://www.zigbang.com/home/apt/items/48847639
2026-05-28 07:28:09,원룸,49004571,월세,02,충청북도 청주시 청원구 오창읍 장대리,청주시 청원구,오창읍,500,50,0,40,12.1,2,오창 신축급 투베이 풀옵션 엘리베이터,https://www.zigbang.com/home/apt/items/49004571
2026-05-28 07:28:10,원룸,49107327,월세,01,충청북도 증평군 증평읍 초중리,증평군,증평읍,300,30,0,29.75,9.0,4,신축 풀옵션 원룸,https://www.zigbang.com/home/apt/items/49107327
2026-05-28 07:28:10,원룸,49107319,월세,02,충청북도 증평군 증평읍 초중리,증평군,증평읍,100,33,0,26.45,8.0,3,신축 엘레베이터 있는 깔끔한 원룸,https://www.zigbang.com/home/apt/items/49107319
2026-05-28 07:28:10,원룸,49107308,월세,01,충청북도 증평군 증평읍 초중리,증평군,증평읍,300,30,0,28.5,8.62,3,채광 좋은 풀옵션 원룸,https://www.zigbang.com/home/apt/items/49107308
2026-05-28 07:28:10,원룸,49100882,월세,02,충청북도 증평군 증평읍 증평리,증평군,증평읍,200,20,0,20,6.05,2,지대가 약간 높아 증평시내가 내려다 보이는원룸,https://www.zigbang.com/home/apt/items/49100882
2026-05-28 07:28:10,원룸,49100880,월세,01,충청북도 증평군 증평읍 증평리,증평군,증평읍,200,20,0,20,6.05,2,북서향. 원룸 단군전 공원과 증평시내가 내려다 보임,https://www.zigbang.com/home/apt/items/49100880
2026-05-28 07:28:10,원룸,49100870,전세,01,충청북도 증평군 증평읍 증평리,증평군,증평읍,2000,0,0,20,6.05,2,작은 오픈형원룸  짐 많지않고 꼭 혼자사실분 추천,https://www.zigbang.com/home/apt/items/49100870
2026-05-28 07:28:10,원룸,49064042,월세,02,충청북도 증평군 증평읍 증평리,증평군,증평읍,300,40,0,33,9.98,2,반투베이 원룸2층거주시 늦은시간  물 을 사용해도 민원없이,https://www.zigbang.com/home/apt/items/49064042
2026-05-28 07:28:10,원룸,49099209,월세,02,충청북도 진천군 진천읍 교성리,진천군,진천읍,500,32,0,22.8,6.9,4,"우석대, 성당인근 원룸입니다.",https://www.zigbang.com/home/apt/items/49099209
2026-05-28 07:28:10,원룸,49031659,월세,02,충청북도 진천군 진천읍 교성리,진천군,진천읍,500,35,0,15.2,4.6,3,"우석대, 성당인근 도시가스되며, 엘레베이터 있는 원룸입니다",https://www.zigbang.com/home/apt/items/49031659
2026-05-28 07:28:10,원룸,49031600,월세,01,충청북도 진천군 진천읍 교성리,진천군,진천읍,500,40,0,19.83,6.0,3,"화랑공원, 지에스마트 인근, 엘레베이터 2023년신축 원룸",https://www.zigbang.com/home/apt/items/49031600
2026-05-28 07:28:10,원룸,49031337,월세,01,충청북도 진천군 진천읍 읍내리,진천군,진천읍,500,33,0,12.38,3.74,3,"읍사무소 인근,엘레비이터 있는 원룸이에요.",https://www.zigbang.com/home/apt/items/49031337
2026-05-28 07:28:10,원룸,49100864,전세,02,충청북도 증평군 증평읍 증평리,증평군,증평읍,4500,0,0,37,11.19,2,넓고 깨끗한 쾌적한 반투베이 원룸,https://www.zigbang.com/home/apt/items/49100864
2026-05-28 07:28:10,원룸,49097690,월세,02,충청북도 증평군 증평읍 창동리,증평군,증평읍,500,40,0,39,11.8,3,투베이 방1개 주방겸거실,https://www.zigbang.com/home/apt/items/49097690
2026-05-28 07:28:10,원룸,49084143,전세,02,충청북도 증평군 증평읍 증평리,증평군,증평읍,5000,0,0,33,9.98,2,투베이스 전세  구조및 일조권 좋은집,https://www.zigbang.com/home/apt/items/49084143
2026-05-28 07:28:10,원룸,49064068,월세,02,충청북도 증평군 증평읍 창동리,증평군,증평읍,300,35,0,24,7.26,3,시내중심지에 위치해 자동차 없는분들 주거하시기좋아요,https://www.zigbang.com/home/apt/items/49064068
2026-05-28 07:28:10,원룸,49057905,월세,02,충청북도 증평군 증평읍 증평리,증평군,증평읍,300,35,0,24,7.26,4,엘리베이터있는 4층최상층   층간소음 없는 조용한 원룸,https://www.zigbang.com/home/apt/items/49057905
2026-05-28 07:28:10,원룸,48954631,월세,02,충청북도 증평군 증평읍 송산리,증평군,증평읍,300,38,0,44,13.31,2,투베이월세ㅣ원룸가격에 투베이 가성비좋아요,https://www.zigbang.com/home/apt/items/48954631
2026-05-28 07:28:10,원룸,48931330,월세,01,충청북도 진천군 덕산읍 산수리,진천군,덕산읍,200,25,0,16.53,5.0,2,시설좋은 고시텔 저렴하게 입주하실분,https://www.zigbang.com/home/apt/items/48931330
2026-05-28 07:28:11,원룸,49144358,월세,02,충청북도 음성군 맹동면 두성리,음성군,맹동면,300,45,0,36.05,10.91,2,주변 상권 풍부  터미널 인접  신축건물즉시입주 급매물,https://www.zigbang.com/home/apt/items/49144358
2026-05-28 07:28:11,원룸,49113696,월세,01,충청북도 음성군 맹동면 두성리,음성군,맹동면,300,45,0,36.05,10.91,6,넓고 쾌적하고 조용 합니다  도시가스 급매물,https://www.zigbang.com/home/apt/items/49113696
2026-05-28 07:28:11,원룸,49094390,월세,01,충청북도 음성군 맹동면 두성리,음성군,맹동면,300,40,0,36.05,10.91,2,한국가스안전공사 후문에 위치 합니다    신축이며 공실,https://www.zigbang.com/home/apt/items/49094390
2026-05-28 07:28:11,원룸,49093738,월세,01,충청북도 음성군 맹동면 두성리,음성군,맹동면,300,45,0,36.54,11.05,8,위치  한국소지바원 바로 뒤 위치  빠른입주가능,https://www.zigbang.com/home/apt/items/49093738
2026-05-28 07:28:11,원룸,49059993,월세,01,충청북도 음성군 맹동면 두성리,음성군,맹동면,500,50,0,57.58,17.42,8,호텔급 내부시설 최신시설   발코니유 8월12일 이후 입주,https://www.zigbang.com/home/apt/items/49059993
2026-05-28 07:28:11,원룸,48991418,월세,02,충청북도 음성군 맹동면 두성리,음성군,맹동면,500,55,0,45,13.61,3,충북혁신도시 최고 중심가  넓은방 넓은거실 투베이,https://www.zigbang.com/home/apt/items/48991418
2026-05-28 07:28:11,원룸,48991147,월세,01,충청북도 음성군 맹동면 동성리,음성군,맹동면,500,45,0,27,8.17,1,쌍용아파트인근  즉시입주가능 주변상권풍부  사진그대로,https://www.zigbang.com/home/apt/items/48991147
2026-05-28 07:28:11,원룸,48946403,월세,01,충청북도 음성군 맹동면 두성리,음성군,맹동면,300,40,0,26,7.86,2,"녹십자 인근 풀옵션 원룸, 신축급 꺠끗한 원룸",https://www.zigbang.com/home/apt/items/48946403
2026-05-28 07:28:11,원룸,48945954,월세,01,충청북도 음성군 맹동면 두성리,음성군,맹동면,300,40,0,26,7.86,4,충북혁신도시 소방병원 인근 신축 풀옵션 원룸,https://www.zigbang.com/home/apt/items/48945954
2026-05-28 07:28:11,원룸,48900491,월세,02,충청북도 음성군 맹동면 두성리,음성군,맹동면,300,45,0,52.56,15.9,3,넓은 오피스텔 입니다  방1 거실 1 투베이 구조 욕1,https://www.zigbang.com/home/apt/items/48900491
2026-05-28 07:28:15,원룸,49111226,월세,02,충청북도 진천군 이월면 송림리,진천군,이월면,500,46,0,36.36,11.0,2,진천테크노폴리스 인근 신축 투베이 1.5룸 풀옵션,https://www.zigbang.com/home/apt/items/49111226
2026-05-28 07:28:15,원룸,49110861,월세,02,충청북도 진천군 이월면 송림리,진천군,이월면,500,37,0,26.45,8.0,2,진천테크노폴리스 인근 신축급 원룸 풀옵션,https://www.zigbang.com/home/apt/items/49110861
2026-05-28 07:28:15,원룸,49033852,월세,01,경기도 안성시 금광면 신양복리,안성시,금광면,2500,25,0,23.14,7.0,4,O우리O 금광면 조용한 풀옵션 원룸 반전세,https://www.zigbang.com/home/apt/items/49033852
2026-05-28 07:28:16,원룸,49118735,전세,02,경기도 안성시 도기동,안성시,도기동,7000,0,0,49.6,15.0,4,O우리O 인지사거리 인근 안성천변 풀옵션 1.5룸 전세,https://www.zigbang.com/home/apt/items/49118735
2026-05-28 07:28:16,원룸,49118729,전세,02,경기도 안성시 구포동,안성시,구포동,7000,0,0,37.88,11.46,2,"O우리O 시내 풀옵션 1.5룸 전세, LH GH 가능",https://www.zigbang.com/home/apt/items/49118729
2026-05-28 07:28:16,원룸,49118715,월세,02,경기도 안성시 봉산동,안성시,봉산동,300,45,0,33,9.98,1,빠른입주가능ꔚ봉산로타리인근ꔚ넓은 1.5룸월세ꔚ,https://www.zigbang.com/home/apt/items/49118715
2026-05-28 07:28:16,원룸,49095582,월세,01,경기도 안성시 금산동,안성시,금산동,300,45,0,29.7,8.98,3,ꔚ금산동ꔚ방넓어요ꔚ원룸월세ꔚ,https://www.zigbang.com/home/apt/items/49095582
2026-05-28 07:28:16,원룸,49033869,월세,01,경기도 안성시 숭인동,안성시,숭인동,300,33,0,21.49,6.5,1,O우리O 안성초 인근 주방분리 풀옵션 원룸 1층,https://www.zigbang.com/home/apt/items/49033869
2026-05-28 07:28:16,원룸,48985318,월세,01,경기도 안성시 금산동,안성시,금산동,300,45,0,33,9.98,2,ꔚ금산동ꔚ방넓어요ꔚ원룸월세ꔚ,https://www.zigbang.com/home/apt/items/48985318
2026-05-28 07:28:16,원룸,48990848,월세,02,충청북도 진천군 덕산읍 신척리,진천군,덕산읍,500,49,0,39.43,11.93,8,남동향의 햇살좋은 투베이형식 아파트,https://www.zigbang.com/home/apt/items/48990848
2026-05-28 07:28:16,원룸,48987067,월세,02,충청북도 진천군 덕산읍 신척리,진천군,덕산읍,500,67,0,51.3,15.52,9,"첫입주 거실1, 방2, 화장실2 월세",https://www.zigbang.com/home/apt/items/48987067
2026-05-28 07:28:16,원룸,48955644,월세,02,충청북도 진천군 덕산읍 신척리,진천군,덕산읍,500,49,0,39.43,11.93,10,방1 거실1 화장실2 천정형에어컨2 신축 월세 첫입주,https://www.zigbang.com/home/apt/items/48955644
2026-05-28 07:28:16,원룸,48951562,월세,02,충청북도 진천군 덕산읍 신척리,진천군,덕산읍,300,40,0,29.75,9.0,4,신척저수지 바로 앞 투베이,https://www.zigbang.com/home/apt/items/48951562
2026-05-28 07:28:16,원룸,48911923,월세,02,충청북도 진천군 덕산읍 신척리,진천군,덕산읍,300,52,0,52,15.73,3,외국인 없는 유일한 건물. 스마트 그린시티 바로옆,https://www.zigbang.com/home/apt/items/48911923
2026-05-28 07:28:16,원룸,48894094,월세,02,충청북도 진천군 덕산읍 신척리,진천군,덕산읍,500,49,0,39.43,11.93,6,.주말도 가능합니다. 신축 첫입주 호수뷰 좋습니다.,https://www.zigbang.com/home/apt/items/48894094
2026-05-28 07:28:16,원룸,48894087,월세,02,충청북도 진천군 덕산읍 신척리,진천군,덕산읍,500,40,0,28,8.47,4,외국인 없는 유일한 건물,https://www.zigbang.com/home/apt/items/48894087
2026-05-28 07:28:16,원룸,48862286,월세,02,충청북도 진천군 덕산읍 신척리,진천군,덕산읍,500,49,0,39,11.8,11,1.5룸 풀옵션 신축아파트,https://www.zigbang.com/home/apt/items/48862286
2026-05-28 07:28:16,원룸,47644536,월세,02,충청북도 진천군 덕산읍 신척리,진천군,덕산읍,500,49,0,39.43,11.93,9,"이벤트 확인 필. 첫입주 거실1, 방1, 화장실2 월세",https://www.zigbang.com/home/apt/items/47644536
2026-05-28 07:28:16,원룸,47431842,월세,02,충청북도 진천군 덕산읍 신척리,진천군,덕산읍,500,49,0,39.43,11.93,8,"넓고 좋다 거실1,방1 시스템에어컨",https://www.zigbang.com/home/apt/items/47431842
2026-05-28 07:28:16,원룸,47431824,월세,02,충청북도 진천군 덕산읍 신척리,진천군,덕산읍,500,49,0,39.43,11.93,10,특가 도시가스 투베이형 넓다,https://www.zigbang.com/home/apt/items/47431824
2026-05-28 07:28:16,원룸,49169057,월세,01,충청북도 음성군 대소읍 대풍리,음성군,대소읍,300,37,0,26.45,8.0,1,엘리베이터. 주차가능.,https://www.zigbang.com/home/apt/items/49169057
2026-05-28 07:28:16,원룸,49166786,월세,02,충청북도 음성군 대소면 오류리,음성군,대소면,300,33,0,24.5,7.41,2,저렴하면서 채광좋은.풀옵션원룸.대풍물류단지.대풍산단인근위치,https://www.zigbang.com/home/apt/items/49166786
2026-05-28 07:28:16,원룸,49164681,월세,01,충청북도 음성군 대소면 오류리,음성군,대소면,300,30,0,21,6.35,1,저렴한원룸월세.저렴한보증금과관리비.풀옵션,https://www.zigbang.com/home/apt/items/49164681
2026-05-28 07:28:16,원룸,49164663,월세,01,충청북도 음성군 대소읍 오류리,음성군,대소읍,300,30,0,18.18,5.5,4,저렴하면서 깔끔한 가성비높은 EV있는 풀옵션원룸,https://www.zigbang.com/home/apt/items/49164663
2026-05-28 07:28:16,원룸,49164651,월세,02,충청북도 음성군 대소읍 오류리,음성군,대소읍,300,33,0,27,8.17,3,넓은분리형 원룸.퀸사이즈 침대도 문제 없어요,https://www.zigbang.com/home/apt/items/49164651
2026-05-28 07:28:16,원룸,49090275,월세,01,충청북도 음성군 대소읍 삼호리,음성군,대소읍,100,30,0,26.45,8.0,2,삼호리. 원룸. 주차 공간 넓어요. 단기방 가능.,https://www.zigbang.com/home/apt/items/49090275
2026-05-28 07:28:16,원룸,49058875,전세,02,충청북도 진천군 광혜원면 광혜원리,진천군,광혜원면,7000,0,0,30,9.07,1,광혜원면 1.5룸 단독주택 전세입니다. 마당 넓습니다.,https://www.zigbang.com/home/apt/items/49058875
2026-05-28 07:28:16,원룸,48915917,월세,01,충청북도 음성군 대소읍 대풍리,음성군,대소읍,300,30,0,28,8.47,2,원삼sk하이닉스 자차30분이내 초초초 저렴 신축 풀옵 원룸,https://www.zigbang.com/home/apt/items/48915917
2026-05-28 07:28:16,원룸,48915900,월세,01,충청북도 음성군 대소읍 대풍리,음성군,대소읍,300,30,0,26,7.86,2,원삼sk하이닉스 자차30분이내 초초 저렴 신축풀옵션 원룸,https://www.zigbang.com/home/apt/items/48915900
2026-05-28 07:28:16,원룸,48915895,월세,01,충청북도 음성군 대소읍 대풍리,음성군,대소읍,300,30,0,25,7.56,1,원삼sk하이닉스 자차30분이내 초초저렴 신축풀옵션 원룸,https://www.zigbang.com/home/apt/items/48915895
2026-05-28 07:28:16,원룸,48902803,월세,02,충청북도 진천군 광혜원면 광혜원리,진천군,광혜원면,300,29,0,19.83,6.0,1,광혜원 산단 앞 원룸 월세,https://www.zigbang.com/home/apt/items/48902803
2026-05-28 07:28:17,원룸,49132112,월세,02,충청북도 음성군 금왕읍 본대리,음성군,금왕읍,300,40,0,29.75,9.0,4,남향이라 해 잘드는 1.5룸,https://www.zigbang.com/home/apt/items/49132112
2026-05-28 07:28:17,원룸,48957481,월세,02,충청북도 음성군 금왕읍 본대리,음성군,금왕읍,300,38,0,33,9.98,2,"신축,옵션,사이즈 모든게 완벽한 투베이에요....단기도가능",https://www.zigbang.com/home/apt/items/48957481
2026-05-28 07:28:17,원룸,48909145,월세,02,충청북도 음성군 금왕읍 본대리,음성군,금왕읍,300,40,0,30,9.07,2,"정남향의 햇살가득 풀옵션 투베이, 단기가능",https://www.zigbang.com/home/apt/items/48909145
2026-05-28 07:28:17,원룸,48880943,월세,02,충청북도 음성군 금왕읍 본대리,음성군,금왕읍,300,37,0,26.45,8.0,2,최고의 옵션 and 넓은 사이즈 와 조망까지 .....,https://www.zigbang.com/home/apt/items/48880943
2026-05-28 07:28:17,원룸,48845023,월세,02,충청북도 음성군 금왕읍 오선리,음성군,금왕읍,300,50,0,30,9.07,4,"원칙을 지키는 중개, 바른부동산",https://www.zigbang.com/home/apt/items/48845023
2026-05-28 07:28:17,원룸,48386679,월세,02,충청북도 음성군 금왕읍 본대리,음성군,금왕읍,300,37,0,19.83,6.0,3,원룸 월세. 옵션 다 있어요,https://www.zigbang.com/home/apt/items/48386679
2026-05-28 07:28:17,원룸,47815763,월세,02,충청북도 음성군 금왕읍 본대리,음성군,금왕읍,300,45,0,33.06,10.0,3,"신축 투베이. 성본산단 3분, 풀옵션",https://www.zigbang.com/home/apt/items/47815763
2026-05-28 07:28:17,원룸,47492501,월세,02,충청북도 음성군 금왕읍 본대리,음성군,금왕읍,300,45,0,33.06,10.0,2,성본산단 인근 투베이,https://www.zigbang.com/home/apt/items/47492501
2026-05-28 07:28:17,원룸,49108712,월세,01,충청북도 음성군 삼성면 덕정리,음성군,삼성면,300,40,0,26.45,8.0,2,삼성면 터미널 부근. 깨끗하고 큰 분리형 원룸,https://www.zigbang.com/home/apt/items/49108712
2026-05-28 07:28:17,원룸,49008811,월세,01,충청북도 음성군 삼성면 덕정리,음성군,삼성면,300,40,0,23,6.96,2,삼성 시내권에 위치한 원룸으로 생활 편의시설 이용이 편리한,https://www.zigbang.com/home/apt/items/49008811
2026-05-28 07:28:17,원룸,49008667,월세,02,충청북도 음성군 삼성면 덕정리,음성군,삼성면,500,48,0,30.96,9.37,3,투베이이며. 우체국 옆 준신축 매물로  깔끔하며 넓음.,https://www.zigbang.com/home/apt/items/49008667
2026-05-28 07:28:17,원룸,49008419,월세,01,충청북도 음성군 삼성면 덕정리,음성군,삼성면,300,40,0,23,6.96,4,삼성시장 내 위치한 생활편의 좋은 풀옵션 원룸,https://www.zigbang.com/home/apt/items/49008419
2026-05-28 07:28:17,원룸,49005890,월세,02,충청북도 음성군 삼성면 덕정리,음성군,삼성면,500,43,0,51.66,15.63,3,투베이임.삼성문화마을 준신축 풀옵션 깔끔함,https://www.zigbang.com/home/apt/items/49005890
2026-05-28 07:28:17,원룸,49005678,월세,02,충청북도 음성군 삼성면 덕정리,음성군,삼성면,500,43,0,51.66,15.63,2,"신축 5년 미만, 넓은 투베이구조에 엘리베이터,도시가스설치",https://www.zigbang.com/home/apt/items/49005678
2026-05-28 07:28:18,원룸,49114879,월세,02,충청북도 음성군 생극면 신양리,음성군,생극면,500,40,0,58.54,17.71,2,"원칙을 지키는 중개, 바른부동산",https://www.zigbang.com/home/apt/items/49114879
2026-05-28 07:28:18,원룸,49049183,월세,01,경기도 안성시 보개면 북가현리,안성시,보개면,500,75,0,29.75,9.0,2,원삼sk하니익스 현장 가까운 신축 풀옵션 원룸,https://www.zigbang.com/home/apt/items/49049183
2026-05-28 07:28:18,원룸,49168084,월세,02,경기도 용인시 처인구 원삼면 고당리,용인시 처인구,원삼면,1000,170,0,59.85,18.1,4,ㅇ6월말ㅇSK현장 도보10분ㅇ리모델링 쓰리룸ㅇ,https://www.zigbang.com/home/apt/items/49168084
2026-05-28 07:28:18,원룸,48914646,월세,01,경기도 용인시 처인구 원삼면 문촌리,용인시 처인구,원삼면,800,100,0,30,9.07,3,원삼sk하이닉스 가까운 신축급 풀옵션 1.5룸,https://www.zigbang.com/home/apt/items/48914646
2026-05-28 07:28:18,원룸,49165280,월세,01,경기도 용인시 처인구 백암면 백봉리,용인시 처인구,백암면,500,50,0,23,6.96,3,원삼sk하이닉스 셔틀버스타는곳까지 도보 15분거리 원룸,https://www.zigbang.com/home/apt/items/49165280
2026-05-28 07:28:18,원룸,49164685,월세,01,경기도 용인시 처인구 백암면 백암리,용인시 처인구,백암면,500,80,0,35,10.59,4,원삼sk하이닉스 셔틀버스 도보 3분거리 풀옵션 원룸,https://www.zigbang.com/home/apt/items/49164685
2026-05-28 07:28:18,원룸,49128234,월세,02,경기도 용인시 처인구 백암면 박곡리,용인시 처인구,백암면,500,100,0,40,12.1,1,ㅇ즉시입주ㅇSk현장 차10분ㅇ넓은 투룸ㅇ주차ㅇ풀옵션,https://www.zigbang.com/home/apt/items/49128234
2026-05-28 07:28:18,원룸,49088683,월세,01,경기도 용인시 처인구 백암면 백암리,용인시 처인구,백암면,100,90,0,23,6.96,3,원삼sk하이닉스 셔틀버스 도보3분거리 신축 풀옵션 첫입주,https://www.zigbang.com/home/apt/items/49088683
2026-05-28 07:28:18,원룸,49100768,월세,02,경기도 용인시 처인구 양지읍 평창리,용인시 처인구,양지읍,750,190,0,100,30.25,2,ㅇ거실 넓은 쓰리룸 4개 통임대ㅇSK현장 차10분ㅇ풀옵션ㅇ,https://www.zigbang.com/home/apt/items/49100768
2026-05-28 07:28:18,원룸,49100714,월세,02,경기도 용인시 처인구 원삼면 좌항리,용인시 처인구,원삼면,500,70,0,23.2,7.02,3,ㅇ즉시입주ㅇSk현장 차10분ㅇ풀옵션ㅇ넓은 분리형 원룸ㅇ주차,https://www.zigbang.com/home/apt/items/49100714
2026-05-28 07:28:18,원룸,49154988,월세,02,경기도 용인시 처인구 원삼면 사암리,용인시 처인구,원삼면,2000,230,0,170.37,51.54,2,ㅇ즉시입주ㅇ방4화3ㅇ52평ㅇ주차ㅇSK현장 차량10분,https://www.zigbang.com/home/apt/items/49154988
2026-05-28 07:28:18,원룸,48954657,월세,01,경기도 용인시 처인구 원삼면 사암리,용인시 처인구,원삼면,250,67,0,15,4.54,2,ㅇ즉시입주ㅇ12호실 통임대ㅇSK현장 차10분ㅇ풀옵션ㅇ주차ㅇ,https://www.zigbang.com/home/apt/items/48954657
2026-05-28 07:28:19,원룸,49051735,월세,02,경기도 이천시 마장면 표교리,이천시,마장면,500,45,0,20.52,6.21,2,롯데아울렛 인근 분리형 원룸 월세. 풀옵션. 주차 편함.,https://www.zigbang.com/home/apt/items/49051735
2026-05-28 07:28:19,원룸,49045729,월세,02,경기도 이천시 호법면 후안리,이천시,호법면,1000,45,0,33,9.98,2,1.5룸 나이키 물류센터 인근 엄청넓음,https://www.zigbang.com/home/apt/items/49045729
2026-05-28 07:28:19,원룸,48936865,월세,02,경기도 이천시 호법면 후안리,이천시,호법면,1000,48,0,33.06,10.0,4,6월10일경 입주가능 호법면 1.5룸 월세,https://www.zigbang.com/home/apt/items/48936865
2026-05-28 07:28:19,원룸,48901378,월세,02,경기도 이천시 호법면 안평리,이천시,호법면,500,50,0,28,8.47,3,즉시 입주 풀옵션   엘리베이터 유,https://www.zigbang.com/home/apt/items/48901378
2026-05-28 07:28:19,원룸,49165238,월세,02,경기도 이천시 모가면 진가리,이천시,모가면,500,47,0,30,9.07,2,신축 넓은분리형 원룽새집 첫 입주 풀옵션,https://www.zigbang.com/home/apt/items/49165238
2026-05-28 07:28:19,원룸,49165076,월세,02,경기도 이천시 모가면 진가리,이천시,모가면,500,50,0,30,9.07,3,신축  분리형  원룸   새집첫입주  모가면사무소인근,https://www.zigbang.com/home/apt/items/49165076
2026-05-28 07:28:19,원룸,49055130,월세,02,경기도 이천시 모가면 진가리,이천시,모가면,300,45,0,22.8,6.9,2,"모가면사무소앞, 엘베0, 주차편한 원룸월세",https://www.zigbang.com/home/apt/items/49055130
2026-05-28 07:28:19,원룸,49048572,전세,02,경기도 이천시 모가면 진가리,이천시,모가면,5500,0,0,25.79,7.8,4,모가면 신축 원룸 보증금조절 가능,https://www.zigbang.com/home/apt/items/49048572
2026-05-28 07:28:19,원룸,49048568,월세,02,경기도 이천시 모가면 진가리,이천시,모가면,3000,25,0,25.79,7.8,4,모가면 신축원룸 보증금조절 가능,https://www.zigbang.com/home/apt/items/49048568
2026-05-28 07:28:19,원룸,49048558,월세,02,경기도 이천시 모가면 진가리,이천시,모가면,2000,35,0,25.79,7.8,4,모가면 신축 원룸 보증금조절 가능,https://www.zigbang.com/home/apt/items/49048558
2026-05-28 07:28:19,원룸,48963055,전세,02,경기도 이천시 모가면 진가리,이천시,모가면,7000,0,0,25.35,7.67,4,모가면 소재지 하나로마트 인근 신축 넓은 1.5룸 전세,https://www.zigbang.com/home/apt/items/48963055
2026-05-28 07:28:19,원룸,48935438,월세,02,경기도 이천시 모가면 진가리,이천시,모가면,4000,25,0,25.35,7.67,4,도보 가능한 곳에 편의시설있는  1.5룸 신축급,https://www.zigbang.com/home/apt/items/48935438
2026-05-28 07:28:19,원룸,48932769,월세,02,경기도 이천시 모가면 진가리,이천시,모가면,4000,25,0,30.97,9.37,4,"남이천ic 인근 넓은 1.5룸 반전세, 보증금 조절가능",https://www.zigbang.com/home/apt/items/48932769
2026-05-28 07:28:19,원룸,48843606,월세,01,경기도 이천시 모가면 진가리,이천시,모가면,2500,25,0,17.37,5.25,3,신축으로 오피스텔느낌의 생활권좋은 원룸월세,https://www.zigbang.com/home/apt/items/48843606
2026-05-28 07:28:19,원룸,49066702,월세,01,경기도 이천시 모가면 소사리,이천시,모가면,400,40,0,24,7.26,2,넓은 오픈형원룸입니다,https://www.zigbang.com/home/apt/items/49066702
2026-05-28 07:28:20,원룸,49156336,월세,01,경기도 이천시 부발읍 가산리,이천시,부발읍,300,45,0,26.45,8.0,3,사이즈좋은 풀옵션 오픈형원룸,https://www.zigbang.com/home/apt/items/49156336
2026-05-28 07:28:20,원룸,49156330,월세,01,경기도 이천시 부발읍 가산리,이천시,부발읍,300,45,0,26.45,8.0,3,가산삼거리 사이즈좋은 오픈형원룸,https://www.zigbang.com/home/apt/items/49156330
2026-05-28 07:28:20,원룸,49155743,월세,02,경기도 이천시 대월면 사동리,이천시,대월면,500,50,0,24.79,7.5,2,"7월6일 입주가능, 분리형 원룸, SK하이닉스 도보가능",https://www.zigbang.com/home/apt/items/49155743
2026-05-28 07:28:20,원룸,49149208,월세,01,경기도 이천시 대월면 사동리,이천시,대월면,300,35,0,16.53,5.0,2,"5월31일 입주가능, 저렴한 원룸, 주차가능",https://www.zigbang.com/home/apt/items/49149208
2026-05-28 07:28:20,원룸,49098908,월세,01,경기도 이천시 대월면 사동리,이천시,대월면,300,30,0,21.48,6.5,1,"즉시입주, 저렴한 원룸, SK하이닉스 도보가능",https://www.zigbang.com/home/apt/items/49098908
2026-05-28 07:28:20,원룸,49084844,월세,01,경기도 이천시 부발읍,이천시,부발읍,500,45,0,23.14,7.0,2,신축 풀옵션 빠른입주,https://www.zigbang.com/home/apt/items/49084844
2026-05-28 07:28:20,원룸,49069402,월세,01,경기도 이천시 부발읍 아미리,이천시,부발읍,2000,35,0,23,6.96,3,하이닉스 도보 10분이내 준신축 반전세 월세,https://www.zigbang.com/home/apt/items/49069402
2026-05-28 07:28:20,원룸,49068721,월세,02,경기도 이천시 대월면 사동리,이천시,대월면,500,45,0,26.45,8.0,2,신축   분리형  원룸  엘베유 협의입주,https://www.zigbang.com/home/apt/items/49068721
2026-05-28 07:28:20,원룸,49021847,전세,02,경기도 이천시 대월면 사동리,이천시,대월면,5000,0,0,23.14,7.0,2,사동리 빠른협의입주 가능한 풀옵션 원룸. 전세자금대출동의,https://www.zigbang.com/home/apt/items/49021847
2026-05-28 07:28:20,원룸,48906717,월세,02,경기도 이천시 대월면 사동리,이천시,대월면,500,58,0,33,9.98,2,넓은1.5룸시세대비착한월세 빠른입주,https://www.zigbang.com/home/apt/items/48906717
2026-05-28 07:28:20,원룸,49159537,월세,02,경기도 이천시 장록동,이천시,장록동,500,52,0,33.06,10.0,4,"방크기 넉넉한  1.5룸, 장록동 주차 좋은 분리형원룸",https://www.zigbang.com/home/apt/items/49159537
2026-05-28 07:28:20,원룸,49142481,월세,02,경기도 이천시 부발읍 가좌리,이천시,부발읍,300,42,0,26.44,8.0,3,"신축분리형 풀옵션, 주차좋음, 빠른입주가능",https://www.zigbang.com/home/apt/items/49142481
2026-05-28 07:28:20,원룸,49138886,월세,02,경기도 이천시 부발읍 신하리,이천시,부발읍,500,55,0,33.72,10.2,2,부발역 인근 신축   엄청 넓은 분리형 10평,https://www.zigbang.com/home/apt/items/49138886
2026-05-28 07:28:20,원룸,49138085,월세,01,경기도 이천시 고담동,이천시,고담동,300,40,0,23.14,7.0,3,풀옵션 가성비짱 인기짱 옵션끝판왕,https://www.zigbang.com/home/apt/items/49138085
2026-05-28 07:28:20,원룸,49138038,월세,02,경기도 이천시 대월면 대흥리,이천시,대월면,500,45,0,23.14,7.0,4,신축급 분리형 풀옵션 넓은주차장 협의입주,https://www.zigbang.com/home/apt/items/49138038
2026-05-28 07:28:20,원룸,49112639,월세,02,경기도 이천시 장록동,이천시,장록동,300,42,0,26.44,8.0,4,주차100 신축저렴한 분리형원룸 풀옵션,https://www.zigbang.com/home/apt/items/49112639
2026-05-28 07:28:20,원룸,49095122,월세,02,경기도 이천시 장록동,이천시,장록동,500,52,0,39.67,12.0,4,장록동 회전교차로인근 풀옵션 넓은1.5룸 월세,https://www.zigbang.com/home/apt/items/49095122
2026-05-28 07:28:20,원룸,49093777,월세,01,경기도 이천시 부발읍 신하리,이천시,부발읍,500,50,0,33.1,10.01,2,넓은 오픈형 풀옵션 원룸,https://www.zigbang.com/home/apt/items/49093777
2026-05-28 07:28:20,원룸,49084276,월세,02,경기도 이천시 대월면 대흥리,이천시,대월면,500,45,0,23.45,7.09,2,이천시 대흥리 sk하이닉스후문인근 분리형원룸 월세,https://www.zigbang.com/home/apt/items/49084276
2026-05-28 07:28:20,원룸,49045698,월세,02,경기도 이천시 장록동,이천시,장록동,500,50,0,39.67,12.0,3,넓은1.5룸  가격인하  주차굿 즉시입주,https://www.zigbang.com/home/apt/items/49045698
2026-05-28 07:28:20,원룸,49021369,월세,02,경기도 이천시 장록동,이천시,장록동,500,42,0,26.45,8.0,3,사이즈 작지 않고  주차 편한 분리형 원룸월세,https://www.zigbang.com/home/apt/items/49021369
2026-05-28 07:28:20,원룸,49011832,월세,02,경기도 이천시 고담동,이천시,고담동,2300,25,0,23.14,7.0,2,이천시 고담동 sk하이닉스후문 원룸 반전세,https://www.zigbang.com/home/apt/items/49011832
2026-05-28 07:28:20,원룸,48961211,월세,02,경기도 이천시 고담동,이천시,고담동,500,53,0,34,10.28,2,"아주넓은 1.5룸 큰방1,큰거실1..베란다 신축급 단기가능",https://www.zigbang.com/home/apt/items/48961211
2026-05-28 07:28:20,원룸,49151323,월세,02,경기도 여주시 가남읍 태평리,여주시,가남읍,2000,35,0,25,7.56,2,전망트인 남향 분리형 원룸. 전세5천만원 가능 보증금조절가,https://www.zigbang.com/home/apt/items/49151323
2026-05-28 07:28:20,원룸,49142413,월세,02,경기도 여주시 가남읍 태평리,여주시,가남읍,500,36,0,22,6.65,2,태평리 중심 생활권 깨끗한 풀옵션 분리형 원룸,https://www.zigbang.com/home/apt/items/49142413
2026-05-28 07:28:20,원룸,49142038,월세,02,경기도 여주시 가남읍 태평리,여주시,가남읍,500,60,0,32.95,9.97,2,전체세대 남향  럭셔리한  최상의 풀옵션,https://www.zigbang.com/home/apt/items/49142038
2026-05-28 07:28:20,원룸,49109797,전세,02,경기도 여주시 가남읍 태평리,여주시,가남읍,5500,0,0,22.62,6.84,3,풀옵션 분리형 1룸 도로변위치 주차편리 융자무 다세대주택,https://www.zigbang.com/home/apt/items/49109797
2026-05-28 07:28:20,원룸,49008659,월세,02,경기도 여주시 가남읍 태평리,여주시,가남읍,500,40,0,23.14,7.0,3,터미널바로뒤샤방샤방력셔리풀옵션원룸월세,https://www.zigbang.com/home/apt/items/49008659
2026-05-28 07:28:20,원룸,48864763,전세,02,경기도 여주시 가남읍 태평리,여주시,가남읍,4700,0,0,33.05,10.0,3,앞이확트이고구조좋은풀옵션1.5룸 전세 .보증보험가능,https://www.zigbang.com/home/apt/items/48864763
2026-05-28 07:28:20,원룸,49133294,월세,01,경기도 여주시 연라동,여주시,연라동,300,30,0,23.14,7.0,4,작지만 옵션 잘되어있고 깨끗함,https://www.zigbang.com/home/apt/items/49133294
2026-05-28 07:28:20,원룸,49019224,전세,02,충청북도 음성군 음성읍 읍내리,음성군,음성읍,4500,0,0,39.67,12.0,3,반전세.월세 가능함 보증금조율가능,https://www.zigbang.com/home/apt/items/49019224
2026-05-28 07:28:21,원룸,49143363,전세,02,충청북도 충주시 대소원면 완오리,충주시,대소원면,3675,0,0,19.83,6.0,6,유한킴벌리 앞 테라스 있고 깔끔한 원룸 전세입니다.,https://www.zigbang.com/home/apt/items/49143363
2026-05-28 07:28:21,원룸,49037790,월세,01,충청북도 충주시 대소원면 완오리,충주시,대소원면,300,30,0,30,9.07,6,도심 인프라와 전원의 여유를 모두 잡은 힐링 원룸,https://www.zigbang.com/home/apt/items/49037790
2026-05-28 07:28:21,원룸,48971992,월세,02,충청북도 충주시 대소원면 완오리,충주시,대소원면,300,33,0,16.72,5.06,4,유한킴벌리 앞 풀옵션 원룸 월세입니다.,https://www.zigbang.com/home/apt/items/48971992
2026-05-28 07:28:21,원룸,48833608,월세,01,충청북도 충주시 대소원면 완오리,충주시,대소원면,300,30,0,16.56,5.01,6,유한킴벌리 앞 풀옵션 원룸입니다.,https://www.zigbang.com/home/apt/items/48833608
2026-05-28 07:28:21,원룸,49111230,월세,02,충청북도 충주시 호암동,충주시,호암동,300,31,0,26.45,8.0,4,호암동ㅣ완벽분리형ㅣ깔끔탑층풀옵,https://www.zigbang.com/home/apt/items/49111230
2026-05-28 07:28:21,원룸,49106992,월세,02,충청북도 충주시 호암동,충주시,호암동,300,31,0,28,8.47,3,"풀옵션,호암동 분리형원룸",https://www.zigbang.com/home/apt/items/49106992
2026-05-28 07:28:21,원룸,49094167,월세,02,충청북도 충주시 호암동,충주시,호암동,1000,71,0,42.98,13.0,3,ㄴ호암동 신축 남향 인테리어 투베이ㄱ,https://www.zigbang.com/home/apt/items/49094167
2026-05-28 07:28:21,원룸,49025446,월세,02,충청북도 충주시 호암동,충주시,호암동,500,41,0,20.14,6.09,2,ㄴ즉시입주가능 호암택지ㄱ,https://www.zigbang.com/home/apt/items/49025446
2026-05-28 07:28:21,원룸,48971568,월세,01,충청북도 충주시 호암동,충주시,호암동,500,55,0,29.37,8.88,3,"호암동 신도심의 편리함,햇살 가득 남향",https://www.zigbang.com/home/apt/items/48971568
2026-05-28 07:28:21,원룸,48927336,월세,02,충청북도 충주시 호암동,충주시,호암동,500,36,0,23.14,7.0,3,예쁜오피스텔형원룸,https://www.zigbang.com/home/apt/items/48927336
2026-05-28 07:28:21,원룸,48852135,월세,02,충청북도 충주시 호암동,충주시,호암동,500,53,0,34.91,10.56,3,ㄴ호암택지 신축 투베이ㄱ,https://www.zigbang.com/home/apt/items/48852135
2026-05-28 07:28:21,원룸,48822948,월세,02,충청북도 충주시 호암동,충주시,호암동,1000,71,0,31.64,9.57,2,ㄴ파우더룸 따로 있는 넓은 호암동 신축ㄱ,https://www.zigbang.com/home/apt/items/48822948
2026-05-28 07:28:22,원룸,48790562,월세,02,충청북도 충주시 교현동,충주시,교현동,300,35,0,23.13,7.0,2,올화이트ㅣ올리모델링ㅣ풀옵션원룸,https://www.zigbang.com/home/apt/items/48790562
2026-05-28 07:28:22,원룸,48763901,월세,02,충청북도 충주시 지현동,충주시,지현동,300,30,0,26.45,8.0,3,ㄴ지현동 신축급 최고 원룸ㄱ,https://www.zigbang.com/home/apt/items/48763901
2026-05-28 07:28:22,원룸,48743763,월세,02,충청북도 충주시 교현동,충주시,교현동,200,34,0,36.36,11.0,4,갓성비ㅣ원룸가격ㅣ특대형투베이,https://www.zigbang.com/home/apt/items/48743763
2026-05-28 07:28:22,원룸,48742832,월세,02,충청북도 충주시 연수동,충주시,연수동,200,30,0,23.14,7.0,2,"신연수동,풀옵션원룸,즉시입주가능",https://www.zigbang.com/home/apt/items/48742832
2026-05-28 07:28:22,원룸,48738531,월세,02,충청북도 충주시 교현동,충주시,교현동,300,30,0,26.45,8.0,2,건대병원1분ㅣ대형평수ㅣ갓성비풀옵션,https://www.zigbang.com/home/apt/items/48738531
2026-05-28 07:28:22,원룸,48730955,월세,02,충청북도 충주시 연수동,충주시,연수동,300,30,0,26.45,8.0,2,국원초인근ㅣ위치최상ㅣ풀옵분리형,https://www.zigbang.com/home/apt/items/48730955
2026-05-28 07:28:22,원룸,48526323,월세,01,충청북도 충주시 교현동,충주시,교현동,300,28,0,26.45,8.0,1,신축급ㅣ월36만원ㅣ갓성비풀옵션,https://www.zigbang.com/home/apt/items/48526323
2026-05-28 07:28:22,원룸,48490596,월세,01,충청북도 충주시 교현동,충주시,교현동,300,30,0,21.5,6.5,3,교육청인근ㅣ신축컨디션ㅣ탁트인뻥뷰,https://www.zigbang.com/home/apt/items/48490596
2026-05-28 07:28:22,원룸,48435604,월세,02,충청북도 충주시 연수동,충주시,연수동,300,30,0,28.1,8.5,2,신연수ㅣ컨디션깔끔ㅣ분리형풀옵,https://www.zigbang.com/home/apt/items/48435604
2026-05-28 07:28:22,원룸,48326052,전세,02,충청북도 충주시 연수동,충주시,연수동,4500,0,0,28,8.47,4,투베이 복층 풀옵션 입니다.,https://www.zigbang.com/home/apt/items/48326052
2026-05-28 07:28:22,원룸,48110285,월세,02,충청북도 충주시 연수동,충주시,연수동,200,25,0,20,6.05,3,시세저렴.신연수동 깔끔한원룸,https://www.zigbang.com/home/apt/items/48110285
2026-05-28 07:28:23,원룸,49088857,전세,01,경기도 여주시 멱곡동,여주시,멱곡동,8000,0,0,23.13,7.0,2,여주TG 5분거리.조용깨끗.채광굳.즉시입주.풀옵션,https://www.zigbang.com/home/apt/items/49088857
2026-05-28 07:28:23,원룸,49160042,월세,01,강원도 원주시 부론면 노림리,원주시,부론면,500,30,0,29.75,9.0,3,밥심마을 l 엘베 l 여성전용 l 반학기 사용 l 채광 굿,https://www.zigbang.com/home/apt/items/49160042
2026-05-28 07:28:23,원룸,49154339,월세,01,강원도 원주시 부론면 노림리,원주시,부론면,50,35,0,33.05,10.0,1,밥심마을 l 건조기 . 넷플릭스 . 붙박이장 . 분리형,https://www.zigbang.com/home/apt/items/49154339
2026-05-28 07:28:27,원룸,49168444,월세,02,경기도 안산시 상록구 일동,안산시 상록구,일동,200,28,0,26.45,8.0,1,대형 통베란다 있는 넓고 깔끔한  분리형원룸 입니다,https://www.zigbang.com/home/apt/items/49168444
2026-05-28 07:28:27,원룸,49114320,월세,01,경기도 안산시 상록구 일동,안산시 상록구,일동,500,32,0,29.75,9.0,2,"남향3층 1.5대형 구조 욕실,주방까지 깔끔하게 리모델링",https://www.zigbang.com/home/apt/items/49114320
2026-05-28 07:28:27,원룸,49103136,월세,02,경기도 안산시 상록구 일동,안산시 상록구,일동,300,34,0,29.75,9.0,3,창문 활짝 열고 지내도 되는 전망좋은 1.5급 원룸입니다,https://www.zigbang.com/home/apt/items/49103136
2026-05-28 07:28:27,원룸,49039648,월세,02,경기도 안산시 상록구 일동,안산시 상록구,일동,1000,31,0,25.65,7.76,3,즉시입주 준신축 넓고 깔끔한 분리형 원룸,https://www.zigbang.com/home/apt/items/49039648
2026-05-28 07:28:27,원룸,48997520,월세,02,경기도 안산시 상록구 일동,안산시 상록구,일동,300,28,0,23,6.96,2,안골공원인근.안산대저렴한풀옵션원룸,https://www.zigbang.com/home/apt/items/48997520
2026-05-28 07:28:27,원룸,48927727,전세,01,경기도 안산시 상록구 일동,안산시 상록구,일동,5500,0,0,26.45,8.0,1,융자없는 안전한 전세 신축첫입주급 올리모델링 풀옵션원룸,https://www.zigbang.com/home/apt/items/48927727
2026-05-28 07:28:27,원룸,48905178,월세,01,경기도 안산시 상록구 일동,안산시 상록구,일동,500,32,0,26.45,8.0,3,해잘들고 탁트인 남향 침대까지 갖춰진 풀옵션 원룸입니다,https://www.zigbang.com/home/apt/items/48905178
2026-05-28 07:28:27,원룸,49057531,전세,01,경기도 시흥시 장현동,시흥시,장현동,10000,0,0,22.83,6.91,2,"풀옵션 원룸, 시흥시청역에서 도보로 약 5분거리에 있습니다",https://www.zigbang.com/home/apt/items/49057531
2026-05-28 07:28:27,원룸,49043430,월세,01,경기도 시흥시 장현동,시흥시,장현동,5000,30,0,22.83,6.91,3,"보증금 월세 조정 가능, 시흥시청역 도보권, 풀옵션 원룸",https://www.zigbang.com/home/apt/items/49043430
2026-05-28 07:28:27,원룸,49027352,월세,02,경기도 시흥시 장현동,시흥시,장현동,2000,65,0,22.83,6.91,4,"전입불가, 부가세 별도, 신축 1.5룸 오피스텔",https://www.zigbang.com/home/apt/items/49027352
2026-05-28 07:28:27,원룸,49027324,월세,02,경기도 시흥시 장현동,시흥시,장현동,1000,70,0,95.5,28.89,4,"신축 오피스텔, 시흥시청역 도보권, 전입불가",https://www.zigbang.com/home/apt/items/49027324
2026-05-28 07:28:27,원룸,48867016,월세,05,경기도 시흥시 장현동,시흥시,장현동,500,110,0,83.76,25.34,2,"EUM 단기, 테라스 있는 신축 첫입주급 오피스텔",https://www.zigbang.com/home/apt/items/48867016
2026-05-28 07:28:27,원룸,48851030,월세,04,경기도 시흥시 능곡동,시흥시,능곡동,2000,110,0,118.13,35.73,10,"전입신고 가능, 능곡역 2번출구 앞에 있는 복층 오피스텔",https://www.zigbang.com/home/apt/items/48851030
2026-05-28 07:28:26,원룸,48860283,월세,02,경기도 안산시 단원구 고잔동,안산시 단원구,고잔동,1000,46,0,34.74,10.51,3,쇼파.tv 가능한 거실있는 1.5룸,https://www.zigbang.com/home/apt/items/48860283
2026-05-28 07:28:26,원룸,48853282,월세,02,경기도 안산시 상록구 이동,안산시 상록구,이동,500,60,0,27.33,8.27,1,가성비갑 한대앞역8분 풀옵션1.5룸 빠른이사,https://www.zigbang.com/home/apt/items/48853282
2026-05-28 07:28:26,원룸,48841568,월세,02,경기도 안산시 단원구 와동,안산시 단원구,와동,300,32,0,19,5.75,2,v 열녀문사거리 분리형 풀옵션 원룸,https://www.zigbang.com/home/apt/items/48841568
2026-05-28 07:28:26,원룸,48840460,월세,02,경기도 안산시 상록구 이동,안산시 상록구,이동,300,30,0,19.83,6.0,3,베스트..대박 분리형 아담한사이즈 풀옵션 원룸월세,https://www.zigbang.com/home/apt/items/48840460
2026-05-28 07:28:26,원룸,48833973,월세,04,경기도 안산시 단원구 고잔동,안산시 단원구,고잔동,3000,120,0,87,26.32,중,테라스투룸 채광좋은 남향 신축급컨디션 전입가능,https://www.zigbang.com/home/apt/items/48833973
2026-05-28 07:28:26,원룸,48833106,월세,01,경기도 안산시 상록구 이동,안산시 상록구,이동,200,30,0,21,6.35,4,한대앞역 중앙역세권 이동원룸,https://www.zigbang.com/home/apt/items/48833106
2026-05-28 07:28:26,원룸,48825936,월세,02,경기도 안산시 단원구 와동,안산시 단원구,와동,300,35,0,37,11.19,3,"1.5룸 대형 넓은 햇살 좋은 깔끔하게 수리 된집,옵션가",https://www.zigbang.com/home/apt/items/48825936
2026-05-28 07:28:26,원룸,48807181,월세,02,경기도 안산시 상록구 이동,안산시 상록구,이동,300,30,0,22.6,6.84,2,깨끗하고  옷장 있는 원룸,https://www.zigbang.com/home/apt/items/48807181
2026-05-28 07:28:26,원룸,48779675,월세,02,경기도 안산시 상록구 이동,안산시 상록구,이동,300,35,0,25,7.56,4,주방넓은.한대앞역아담한1.5룸,https://www.zigbang.com/home/apt/items/48779675
2026-05-28 07:28:26,원룸,48752148,전세,03,경기도 안산시 단원구 고잔동,안산시 단원구,고잔동,9900,0,0,82.8,25.05,고,시청앞 대형 폴옵션 복층형 오피스텔 버팀목 보증보험 가능,https://www.zigbang.com/home/apt/items/48752148
2026-05-28 07:28:26,원룸,48741300,월세,01,경기도 안산시 단원구 와동,안산시 단원구,와동,300,28,0,16.5,4.99,5,"풀옵션, 준신축급 아담한 1룸월세",https://www.zigbang.com/home/apt/items/48741300
2026-05-28 07:28:26,원룸,48711212,월세,02,경기도 안산시 상록구 월피동,안산시 상록구,월피동,200,34,0,22,6.65,1,v월피동 원룸  상태좋고 크기좋은곳,https://www.zigbang.com/home/apt/items/48711212
2026-05-28 07:28:26,원룸,48670669,월세,01,경기도 안산시 상록구 월피동,안산시 상록구,월피동,300,33,0,22,6.65,3,광덕중부근의 원룸입니다.,https://www.zigbang.com/home/apt/items/48670669
2026-05-28 07:28:28,원룸,49143779,월세,01,인천시 중구 중산동,중구,중산동,300,44,0,42.29,12.79,11,"전입신고 가능, 고층 시티뷰, 테라스, 풀옵션",https://www.zigbang.com/home/apt/items/49143779
2026-05-28 07:28:28,원룸,49143073,월세,01,인천시 중구 중산동,중구,중산동,200,35,0,44.88,13.58,고,"K완전뻥뷰전면탁트인노을맛집,발코니있음,풀옵션K",https://www.zigbang.com/home/apt/items/49143073
2026-05-28 07:28:28,원룸,49108428,월세,03,인천시 중구 중산동,중구,중산동,200,40,0,40,12.1,고,十풀오션十내부컨디션좋음十최저가월세十빠른입주가능十,https://www.zigbang.com/home/apt/items/49108428
2026-05-28 07:28:28,원룸,49108399,월세,03,인천시 중구 중산동,중구,중산동,200,40,0,39,11.8,중,十최저가월세十내부컨디션좋음十빠른입주가능十,https://www.zigbang.com/home/apt/items/49108399
2026-05-28 07:28:28,원룸,49103283,월세,03,인천시 중구 중산동,중구,중산동,200,50,0,39.55,11.96,저,"전입 신고 가능, 신축, 복층형 원룸, 남동향, 오션뷰",https://www.zigbang.com/home/apt/items/49103283
2026-05-28 07:28:28,원룸,49103217,월세,03,인천시 중구 중산동,중구,중산동,200,45,0,38.69,11.7,고,"신축, 복층형 원룸, 남서향, 테라스O, 단기 가능",https://www.zigbang.com/home/apt/items/49103217
2026-05-28 07:28:28,원룸,49103212,월세,01,인천시 중구 중산동,중구,중산동,200,37,0,41.58,12.58,고,"신축, 원룸, 풀옵션, 남동향, 오션뷰, 단기가능",https://www.zigbang.com/home/apt/items/49103212
2026-05-28 07:28:28,원룸,49103203,월세,03,인천시 중구 중산동,중구,중산동,200,40,0,44.88,13.58,중,"신축, 복층형원룸, 남동향, 오션뷰, 테라스O, 채광 좋음",https://www.zigbang.com/home/apt/items/49103203
2026-05-28 07:28:28,원룸,49103195,월세,01,인천시 중구 중산동,중구,중산동,200,35,0,42.29,12.79,고,"신축, 원룸, 오션뷰, 남서향, 테라스O, 단기가능",https://www.zigbang.com/home/apt/items/49103195
2026-05-28 07:28:28,원룸,49096134,월세,03,인천시 중구 중산동,중구,중산동,200,37,0,33.06,10.0,6,"복층 풀옵션 테라스 , 주차원활",https://www.zigbang.com/home/apt/items/49096134
2026-05-28 07:28:28,원룸,49095850,월세,01,인천시 중구 중산동,중구,중산동,200,33,0,66.12,20.0,고,탁트인 남동향 바다뷰,https://www.zigbang.com/home/apt/items/49095850
2026-05-28 07:28:28,원룸,48985547,월세,03,인천시 중구 중산동,중구,중산동,200,50,0,35,10.59,중,남동향 통창 바다뷰 복층,https://www.zigbang.com/home/apt/items/48985547
2026-05-28 07:28:28,원룸,49158228,월세,02,인천시 서구 원창동,서구,원창동,300,45,0,24,7.26,3,1.5룸 신축급 풀옵션 즉시입주ok,https://www.zigbang.com/home/apt/items/49158228
2026-05-28 07:28:28,원룸,49143636,월세,01,인천시 서구 원창동,서구,원창동,300,40,0,28,8.47,3,"신축급컨디션, 즉시입주 ok",https://www.zigbang.com/home/apt/items/49143636
2026-05-28 07:28:28,원룸,49143109,월세,01,인천시 서구 원창동,서구,원창동,300,35,0,20,6.05,5,"신축급 컨디션, 분리형 원룸, 즉시입주OK",https://www.zigbang.com/home/apt/items/49143109
2026-05-28 07:28:28,원룸,49081257,월세,01,인천시 서구 원창동,서구,원창동,300,55,0,29.75,9.0,2,ꔫ 신축컨디션 ꔫ원창동 북항 제일큰방丶즉시입주,https://www.zigbang.com/home/apt/items/49081257
2026-05-28 07:28:28,원룸,49028700,월세,01,인천시 서구 원창동,서구,원창동,300,60,0,32.28,9.76,2,"원창동,북항 근무자 적극추천 공실 큰원룸",https://www.zigbang.com/home/apt/items/49028700
2026-05-28 07:28:28,원룸,48910204,월세,01,인천시 서구 원창동,서구,원창동,300,50,0,27,8.17,3,원창동에서 제일 큰 풀옵션 원룸,https://www.zigbang.com/home/apt/items/48910204
2026-05-28 07:28:28,원룸,48910197,월세,02,인천시 서구 원창동,서구,원창동,500,58,0,20,6.05,5,깔끔한 투룸같은 1.5룸,https://www.zigbang.com/home/apt/items/48910197
2026-05-28 07:28:28,원룸,48910193,월세,02,인천시 서구 원창동,서구,원창동,300,40,0,23,6.96,4,"북항,원창동 근무자 적극추천 풀옵션 원룸",https://www.zigbang.com/home/apt/items/48910193
2026-05-28 07:28:30,원룸,49167229,월세,03,경기도 김포시 양촌읍 학운리,김포시,양촌읍,300,33,0,19.83,6.0,3,학운산업단지내 인기 있는 복층 원룸입니다.,https://www.zigbang.com/home/apt/items/49167229
2026-05-28 07:28:30,원룸,49138537,월세,02,경기도 김포시 양촌읍 학운리,김포시,양촌읍,500,43,0,26.4,7.99,3,"넓은거실 1.5룸, 엘리베이터有",https://www.zigbang.com/home/apt/items/49138537
2026-05-28 07:28:30,원룸,49138158,월세,01,경기도 김포시 양촌읍 학운리,김포시,양촌읍,300,30,0,19.83,6.0,3,ㅁ신축 엘베있는 옷장까지풀옵션ㅁ,https://www.zigbang.com/home/apt/items/49138158
2026-05-28 07:28:30,원룸,49138134,월세,01,경기도 김포시 양촌읍 학운리,김포시,양촌읍,300,30,0,19.83,6.0,3,산업단지내 방이큰 신축원룸,https://www.zigbang.com/home/apt/items/49138134
2026-05-28 07:28:30,원룸,49093693,월세,02,경기도 김포시 양촌읍 학운리,김포시,양촌읍,300,32,0,19.83,6.0,3,산업단지내 신축 풀옵션 분리형 원룸,https://www.zigbang.com/home/apt/items/49093693
2026-05-28 07:28:30,원룸,49091098,월세,02,경기도 김포시 양촌읍 학운리,김포시,양촌읍,400,33,0,26.44,8.0,4,말이 필요없는 완벽한 분리형 원룸,https://www.zigbang.com/home/apt/items/49091098
2026-05-28 07:28:30,원룸,49052029,월세,02,경기도 김포시 양촌읍 학운리,김포시,양촌읍,300,40,0,30,9.07,2,ㅁ분리형 남향집 1.5룸 ㅁ,https://www.zigbang.com/home/apt/items/49052029
2026-05-28 07:28:30,원룸,48885633,월세,02,경기도 김포시 양촌읍 학운리,김포시,양촌읍,300,40,0,29.75,9.0,2,ㅁ3중창에 엘베있는 최고급옵션ㅁ,https://www.zigbang.com/home/apt/items/48885633
2026-05-28 07:28:30,원룸,48871840,월세,01,경기도 김포시 양촌읍 학운리,김포시,양촌읍,300,30,0,19.83,6.0,3,오피스텔구조 뷰가 좋은 방,https://www.zigbang.com/home/apt/items/48871840
2026-05-28 07:28:30,원룸,48638517,월세,01,경기도 김포시 양촌읍 학운리,김포시,양촌읍,300,30,0,19.83,6.0,2,엘베있는 신축 풀원룸,https://www.zigbang.com/home/apt/items/48638517
2026-05-28 07:28:30,원룸,49106140,월세,01,인천시 서구 오류동,서구,오류동,1000,40,0,27,8.17,2,이수ㅡ오류동 귀한매물ㅡ풀옵션원룸ㅡ붙박이장ㅡ즉시입주,https://www.zigbang.com/home/apt/items/49106140
2026-05-28 07:28:30,원룸,49059434,월세,01,인천시 서구 오류동,서구,오류동,500,45,0,25,7.56,2,검단오류역세 빌트인 신축깔끔 완벽TV침대풀옵션 원룸,https://www.zigbang.com/home/apt/items/49059434
2026-05-28 07:28:30,원룸,49026289,월세,02,인천시 서구 오류동,서구,오류동,300,38,0,26.45,8.0,4,"신축급 원룸,,즉시입주,,분리형 원룸",https://www.zigbang.com/home/apt/items/49026289
2026-05-28 07:28:30,원룸,49015843,월세,01,인천시 서구 오류동,서구,오류동,300,35,0,23.14,7.0,4,라미 best 넓은원룸 풀옵션 채광굿 즉시입주가능,https://www.zigbang.com/home/apt/items/49015843
2026-05-28 07:28:30,원룸,49011159,월세,01,인천시 서구 오류동,서구,오류동,500,45,0,26.4,7.99,2,이수ㅡ오류동 귀한 준신축 풀옵션 원룸ㅡ채광좋은집,https://www.zigbang.com/home/apt/items/49011159
2026-05-28 07:28:30,원룸,48683519,월세,01,인천시 서구 청라동,서구,청라동,300,44,0,50.48,15.27,고,청라중심 신축 풀옵션 전입가능 반전세 추천,https://www.zigbang.com/home/apt/items/48683519
2026-05-28 07:28:30,원룸,48548030,월세,02,인천시 서구 청라동,서구,청라동,1000,75,0,79.32,23.99,고,1.5룸 전입가능 넓은펜트리 대형벽걸이TV,https://www.zigbang.com/home/apt/items/48548030
2026-05-28 07:28:30,원룸,48504964,전세,02,인천시 서구 검암동,서구,검암동,8000,0,0,36.36,11.0,3,검암2지구 대출가능 투룸전세,https://www.zigbang.com/home/apt/items/48504964
2026-05-28 07:28:30,원룸,48471009,월세,01,인천시 서구 연희동,서구,연희동,300,32,0,24,7.26,2,"상태깨끗, 2년전 사진임, 풀옵션,인터넷 유선방송 포함",https://www.zigbang.com/home/apt/items/48471009
2026-05-28 07:28:32,원룸,48847569,월세,02,인천시 서구 원당동,서구,원당동,1000,80,0,85.91,25.99,고,초역세권 1.5룸 신축 풀옵션 고급 오피스텔,https://www.zigbang.com/home/apt/items/48847569
2026-05-28 07:28:32,원룸,48823209,월세,03,인천시 서구 원당동,서구,원당동,200,35,0,23.1,6.99,4,당근 신검단중앙역 도보3분컷 주차가능 깔끔한 매물,https://www.zigbang.com/home/apt/items/48823209
2026-05-28 07:28:32,원룸,48759704,월세,03,인천시 서구 원당동,서구,원당동,200,35,0,23,6.96,4,"UP업,단기가능,풀옵션 복층원룸,신검단중앙역 도보5분",https://www.zigbang.com/home/apt/items/48759704
2026-05-28 07:28:32,원룸,48756781,월세,02,인천시 서구 원당동,서구,원당동,500,75,0,79.06,23.92,고,"초역세권 고급 1.5룸 복층형 오피스텔, 중심상권내",https://www.zigbang.com/home/apt/items/48756781
2026-05-28 07:28:42,원룸,49159854,월세,01,경기도 부천시 오정구 오정동,부천시 오정구,오정동,500,42,0,31.36,9.49,8,효행복마을도시형생활주택,https://www.zigbang.com/home/apt/items/49159854
2026-05-28 07:28:42,원룸,48925651,월세,01,인천시 계양구 용종동,계양구,용종동,100,31,0,26.45,8.0,2,용종동풀옵션 리모델링 원룸,https://www.zigbang.com/home/apt/items/48925651
2026-05-28 07:28:43,원룸,49161212,월세,02,경기도 김포시 고촌읍 신곡리,김포시,고촌읍,500,50,0,45.97,13.91,고,"고촌역3분거리, 풀옵션, 업무용 오피스텔, 빠른입점가능",https://www.zigbang.com/home/apt/items/49161212
2026-05-28 07:28:43,원룸,49130345,월세,02,경기도 김포시 고촌읍 신곡리,김포시,고촌읍,1000,75,0,63.09,19.08,7,"주거용,주소이전가능,7월입주, 풀옵션,마곡접근성 좋음",https://www.zigbang.com/home/apt/items/49130345
2026-05-28 07:28:43,원룸,49128852,월세,04,경기도 김포시 고촌읍 신곡리,김포시,고촌읍,1000,80,0,83.39,25.23,3,"고촌역세권, 풀옵션 투룸, 빠른입주 가능",https://www.zigbang.com/home/apt/items/49128852
2026-05-28 07:28:43,원룸,49081312,전세,04,경기도 김포시 고촌읍 신곡리,김포시,고촌읍,19800,0,0,79.75,24.12,중,"전세보증보험ok, 고촌역3분거리, 투룸, 풀옵션 오피스텔",https://www.zigbang.com/home/apt/items/49081312
2026-05-28 07:28:43,원룸,49043546,전세,01,경기도 김포시 고촌읍 신곡리,김포시,고촌읍,9200,0,0,46.69,14.12,중,"고촌역1분,주거용,전입가능,보증보험ok",https://www.zigbang.com/home/apt/items/49043546
2026-05-28 07:28:43,원룸,49036652,월세,02,경기도 김포시 고촌읍 신곡리,김포시,고촌읍,1000,70,0,50,15.12,3,"15평대 큰 1.5룸, 귀한 주거용 월세",https://www.zigbang.com/home/apt/items/49036652
2026-05-28 07:28:43,원룸,49036641,월세,04,경기도 김포시 고촌읍 신곡리,김포시,고촌읍,2000,150,0,109.71,33.19,3,"고촌역세권, 업무용, 큰 투룸, 즉시입주가능",https://www.zigbang.com/home/apt/items/49036641
2026-05-28 07:28:43,원룸,49024455,월세,02,경기도 김포시 고촌읍 신곡리,김포시,고촌읍,1000,80,0,73.14,22.12,5,"고촌역세권, 업무용, 풀옵션 오피스텔",https://www.zigbang.com/home/apt/items/49024455
2026-05-28 07:28:43,원룸,48913085,월세,04,경기도 김포시 고촌읍 신곡리,김포시,고촌읍,1000,90,0,79.75,24.12,7,"고촌역세권,투룸,업무용,부가세별도,사업자만",https://www.zigbang.com/home/apt/items/48913085
2026-05-28 07:28:43,원룸,48673713,전세,02,경기도 김포시 고촌읍 신곡리,김포시,고촌읍,20000,0,0,78.3,23.69,12,"전입가능,보증보험ok,고촌역세권, 풀옵션 오피스텔,탁트인뷰",https://www.zigbang.com/home/apt/items/48673713
2026-05-28 07:28:29,원룸,48791058,월세,01,인천시 서구 청라동,서구,청라동,500,50,0,57.73,17.46,중,부가세없음 빠른이사가능,https://www.zigbang.com/home/apt/items/48791058
2026-05-28 07:28:44,원룸,48991166,월세,03,서울시 강서구 방화동,강서구,방화동,8500,25,0,43.63,13.2,10,io올리모델링o 채광뷰 굿 복층,https://www.zigbang.com/home/apt/items/48991166
2026-05-28 07:28:45,원룸,49168048,월세,04,경기도 수원시 권선구 금곡동,수원시 권선구,금곡동,1000,80,0,101.14,30.59,9,다인2차 투룸형 복층 주거용 전입가능,https://www.zigbang.com/home/apt/items/49168048
2026-05-28 07:28:45,원룸,49155368,월세,04,경기도 수원시 권선구 금곡동,수원시 권선구,금곡동,1000,130,0,161.6,48.88,중,ꔚ 전속매물 I 전입가능 I 즉시입주 I반려가능,https://www.zigbang.com/home/apt/items/49155368
2026-05-28 07:28:45,원룸,49154956,월세,03,경기도 수원시 권선구 금곡동,수원시 권선구,금곡동,1000,70,0,89.36,27.03,중,ꔚ 제일 큰타입 I 이쁜집 I 사업자必,https://www.zigbang.com/home/apt/items/49154956
2026-05-28 07:28:45,원룸,49135675,월세,02,경기도 수원시 권선구 금곡동,수원시 권선구,금곡동,1000,90,0,73,22.08,고,"ACE,트인전망,업무용,방따로1.5룸에 알파룸까지.",https://www.zigbang.com/home/apt/items/49135675
2026-05-28 07:28:45,원룸,49125900,월세,04,경기도 수원시 권선구 금곡동,수원시 권선구,금곡동,2000,125,0,118.98,35.99,중,"ACE,업무용,전망굿,예쁜신축오피,투룸,알파룸,풀옵션",https://www.zigbang.com/home/apt/items/49125900
2026-05-28 07:28:45,원룸,49119950,전세,01,경기도 수원시 권선구 금곡동,수원시 권선구,금곡동,15000,0,0,70.77,21.41,5,"융자말소, 보증보험, 즉시입주 가능, 정남향, 주차가능 풀",https://www.zigbang.com/home/apt/items/49119950
2026-05-28 07:28:45,원룸,49116789,전세,01,경기도 수원시 권선구 금곡동,수원시 권선구,금곡동,15000,0,0,70.77,21.41,5,융자말소조건 . 청년버팀목 HF . HUG . 보증보험,https://www.zigbang.com/home/apt/items/49116789
2026-05-28 07:28:45,원룸,49097562,월세,02,경기도 수원시 권선구 금곡동,수원시 권선구,금곡동,3000,55,0,73,22.08,저,"ACE,전입,방따로,드레스룸,1.5룸복층,귀한구조,.",https://www.zigbang.com/home/apt/items/49097562
2026-05-28 07:28:45,원룸,49086737,월세,02,경기도 수원시 권선구 금곡동,수원시 권선구,금곡동,500,90,0,77.44,23.43,중,"ACE,신축,초특급인테리어,세탁실별도,업무용",https://www.zigbang.com/home/apt/items/49086737
2026-05-28 07:28:45,원룸,49082200,월세,04,경기도 수원시 권선구 금곡동,수원시 권선구,금곡동,1000,130,0,161.59,48.88,고,"甘전입O,신축 복층 투룸 주차편리甘",https://www.zigbang.com/home/apt/items/49082200
2026-05-28 07:28:45,원룸,49080985,월세,04,경기도 수원시 권선구 금곡동,수원시 권선구,금곡동,1000,130,0,119.01,36.0,저,"ACE,귀한전입,초록전망,넓은투룸,복층,욕실2개,개별창고",https://www.zigbang.com/home/apt/items/49080985
2026-05-28 07:28:45,원룸,49072015,전세,01,경기도 수원시 권선구 금곡동,수원시 권선구,금곡동,15000,0,0,70.77,21.41,5,.R.귀한 오피스텔 전세 융자말소조건 보증보험O 대출O,https://www.zigbang.com/home/apt/items/49072015
2026-05-28 07:28:45,원룸,49027964,월세,01,경기도 수원시 권선구 금곡동,수원시 권선구,금곡동,100,80,0,85.77,25.95,5,.R.단기계약O 주 단위O 테라스있는 깔끔 오피스텔 넓어요,https://www.zigbang.com/home/apt/items/49027964
2026-05-28 07:28:45,원룸,48993273,전세,02,경기도 수원시 권선구 금곡동,수원시 권선구,금곡동,16500,0,0,86.45,26.15,8,무융자 . 모든대출 . 보증보험 . 즉시입주 가능,https://www.zigbang.com/home/apt/items/48993273
2026-05-28 07:28:45,원룸,49157108,월세,01,경기도 수원시 장안구 파장동,수원시 장안구,파장동,300,30,0,20,6.05,2,즉시입주 풀옵션 원룸,https://www.zigbang.com/home/apt/items/49157108
2026-05-28 07:28:46,원룸,48910205,월세,02,경기도 수원시 영통구 원천동,수원시 영통구,원천동,500,26,0,21.5,6.5,4,분리형 . 최저가 . 빠른입주가능 . 풀옵션 .,https://www.zigbang.com/home/apt/items/48910205
2026-05-28 07:28:46,원룸,48849480,월세,02,경기도 수원시 영통구 원천동,수원시 영통구,원천동,500,32,0,26.45,8.0,3,"큰 원뤀, 여성 안전지역, 깔끔한 원룸입니다.",https://www.zigbang.com/home/apt/items/48849480
2026-05-28 07:28:46,원룸,48712142,월세,02,경기도 수원시 영통구 원천동,수원시 영통구,원천동,200,38,0,26.44,8.0,2,"너무 너무 밝고 큰방, 여성 안전지역,   조망, 베란다",https://www.zigbang.com/home/apt/items/48712142
2026-05-28 07:28:46,원룸,48686305,월세,02,경기도 수원시 영통구 원천동,수원시 영통구,원천동,200,30,0,23.14,7.0,3,"저렴한 원룸,대출 없음",https://www.zigbang.com/home/apt/items/48686305
2026-05-28 07:28:46,원룸,46766237,월세,02,경기도 수원시 영통구 원천동,수원시 영통구,원천동,300,40,0,22,6.65,4,NEW . 경희대 . 화이트톤 . 베란다  흥덕IT도보,https://www.zigbang.com/home/apt/items/46766237
2026-05-28 07:28:46,원룸,49084990,월세,01,경기도 용인시 수지구 풍덕천동,용인시 수지구,풍덕천동,1000,80,0,42.94,12.99,고,"정상입주,전입가능,융무,남서향",https://www.zigbang.com/home/apt/items/49084990
2026-05-28 07:28:46,원룸,49036642,전세,01,경기도 용인시 수지구 신봉동,용인시 수지구,신봉동,8000,0,0,23.14,7.0,2,융무 풀옵션 원룸 전세,https://www.zigbang.com/home/apt/items/49036642
2026-05-28 07:28:46,원룸,49017331,월세,01,경기도 용인시 수지구 풍덕천동,용인시 수지구,풍덕천동,12800,25,0,42.94,12.99,11,"8월말에서9월초입주,전입가능한주거용오피스텔",https://www.zigbang.com/home/apt/items/49017331
2026-05-28 07:28:46,원룸,48985010,월세,02,경기도 용인시 수지구 신봉동,용인시 수지구,신봉동,1000,50,0,23.14,7.0,4,신축급 분리형원룸,https://www.zigbang.com/home/apt/items/48985010
2026-05-28 07:28:48,원룸,49144135,월세,01,경기도 의왕시 학의동,의왕시,학의동,500,50,0,16.52,5.0,1,차있는분 추천 I 즉시입주 I 조용한 숲세권,https://www.zigbang.com/home/apt/items/49144135
2026-05-28 07:28:48,원룸,49137907,전세,03,경기도 의왕시 학의동,의왕시,학의동,33000,0,0,36.15,10.94,4,"예쁜 복층하우스, 넉넉한테라스, 잘관리된 집",https://www.zigbang.com/home/apt/items/49137907
2026-05-28 07:28:48,원룸,48960940,월세,01,경기도 의왕시 학의동,의왕시,학의동,400,50,0,12.36,3.74,3,우리 I 조용한지역 I 차있는분 추천,https://www.zigbang.com/home/apt/items/48960940
2026-05-28 07:28:48,원룸,49164622,월세,01,경기도 성남시 분당구 판교동,성남시 분당구,판교동,1000,85,0,71.78,21.71,중,"시세저렴 , 판교동  오피스텔, 초희귀 월세",https://www.zigbang.com/home/apt/items/49164622
2026-05-28 07:28:48,원룸,49164566,월세,01,경기도 성남시 분당구 판교동,성남시 분당구,판교동,1000,85,0,60.49,18.3,7,"사업자, 전만 좋은집, 깔끔하고 테라스있는집",https://www.zigbang.com/home/apt/items/49164566
2026-05-28 07:28:48,원룸,49164546,전세,01,경기도 성남시 분당구 판교동,성남시 분당구,판교동,19800,0,0,60.49,18.3,7,"테라스형, 전망이 예쁜집, 임대인보증보험 전액 가입해줌",https://www.zigbang.com/home/apt/items/49164546
2026-05-28 07:28:49,원룸,49161177,월세,02,경기도 성남시 수정구 금토동,성남시 수정구,금토동,2000,140,0,117.31,35.49,3,"O 직장인도 가능, 넓은 1.5룸, 베란다 특화세대.",https://www.zigbang.com/home/apt/items/49161177
2026-05-28 07:28:49,원룸,49121811,월세,02,경기도 성남시 수정구 금토동,성남시 수정구,금토동,1000,100,0,63.48,19.2,8,"O 1.5룸, 7.31일, 사업자",https://www.zigbang.com/home/apt/items/49121811
2026-05-28 07:28:49,원룸,49100660,월세,04,경기도 성남시 수정구 금토동,성남시 수정구,금토동,2000,200,0,120.9,36.57,중,"O 2룸, 거실, 고급 풀옵션, 6.9일이후",https://www.zigbang.com/home/apt/items/49100660
2026-05-28 07:28:49,원룸,49084269,월세,02,경기도 성남시 수정구 금토동,성남시 수정구,금토동,2000,165,0,121,36.6,6,"O 2룸, 넓은 거실, 아파트형 중문. 직장인도 가능.",https://www.zigbang.com/home/apt/items/49084269
2026-05-28 07:28:49,원룸,49083719,월세,02,경기도 성남시 수정구 금토동,성남시 수정구,금토동,2000,90,0,86.96,26.31,고,"O1.5룸, 가성비 좋은 분리형, 사업자 부가세 별도.",https://www.zigbang.com/home/apt/items/49083719
2026-05-28 07:28:49,원룸,49045720,월세,04,경기도 성남시 수정구 금토동,성남시 수정구,금토동,500,200,0,129.83,39.27,중,"O 2룸, 거실, 2개월 이상, 침대",https://www.zigbang.com/home/apt/items/49045720
2026-05-28 07:28:49,원룸,48880998,월세,02,경기도 성남시 수정구 금토동,성남시 수정구,금토동,2000,165,0,129.83,39.27,고,"O 2룸, 공실, 아파트형, 직장인도 가능",https://www.zigbang.com/home/apt/items/48880998
2026-05-28 07:28:50,원룸,49160455,월세,02,경기도 용인시 처인구 포곡읍 둔전리,용인시 처인구,포곡읍,500,45,0,26,7.86,3,풀옵션아주넓은곳다이소인근 학군교통 편의시설 경전철굿,https://www.zigbang.com/home/apt/items/49160455
2026-05-28 07:28:50,원룸,49111769,월세,01,경기도 용인시 처인구 포곡읍 삼계리,용인시 처인구,포곡읍,300,35,0,23.14,7.0,3,"포곡우체국 인근 넓음, 6월 7일 이후  입주",https://www.zigbang.com/home/apt/items/49111769
2026-05-28 07:28:50,원룸,49012837,월세,01,경기도 용인시 처인구 포곡읍 삼계리,용인시 처인구,포곡읍,500,40,0,26.49,8.01,2,"넓고 주차편한 입지, 입주협의",https://www.zigbang.com/home/apt/items/49012837
2026-05-28 07:28:50,원룸,48703709,전세,01,경기도 용인시 처인구 포곡읍 둔전리,용인시 처인구,포곡읍,3500,0,0,23.14,7.0,3,"저렴하고 깨끗, 즉시입주",https://www.zigbang.com/home/apt/items/48703709
2026-05-28 07:28:36,원룸,49033659,월세,02,서울시 관악구 신림동,관악구,신림동,3000,80,0,23.3,7.05,2,"o무융자, 신축 제대로된 1.5룸 나왔습니다. 빠른계약예상",https://www.zigbang.com/home/apt/items/49033659
2026-05-28 07:28:36,원룸,48920583,전세,03,서울시 관악구 신림동,관악구,신림동,18000,0,0,22.28,6.74,10,"애완가능 l 버팀목HF, 난곡사거리 대로변 풀옵션 원룸복층",https://www.zigbang.com/home/apt/items/48920583
2026-05-28 07:28:52,원룸,49148072,월세,01,경기도 광주시 송정동,광주시,송정동,200,25,0,24,7.26,반지하,저렴한 반지층 풀옵션 원룸입니다,https://www.zigbang.com/home/apt/items/49148072
2026-05-28 07:28:52,원룸,49148020,월세,02,경기도 광주시 송정동,광주시,송정동,300,35,0,25,7.56,2,이마트 가까운 풀옵션 원룸입니다,https://www.zigbang.com/home/apt/items/49148020
2026-05-28 07:28:52,원룸,49139388,월세,02,경기도 광주시 송정동,광주시,송정동,500,45,0,33,9.98,2,거실 넓은 1.5룸 입니다,https://www.zigbang.com/home/apt/items/49139388
2026-05-28 07:28:52,원룸,49138943,전세,01,경기도 광주시 송정동,광주시,송정동,4000,0,0,28,8.47,4,깨끗한 원룸 전세 입니다,https://www.zigbang.com/home/apt/items/49138943
2026-05-28 07:28:52,원룸,49130655,월세,01,경기도 광주시 역동,광주시,역동,1000,45,0,25,7.56,2,역동중심권 오피스텔 월세,https://www.zigbang.com/home/apt/items/49130655
2026-05-28 07:28:52,원룸,49085058,월세,01,경기도 광주시 송정동,광주시,송정동,200,25,0,16.53,5.0,2,저렴한 풀옵션 원룸입니다,https://www.zigbang.com/home/apt/items/49085058
2026-05-28 07:28:52,원룸,49055543,월세,03,경기도 광주시 경안동,광주시,경안동,500,42,0,23.14,7.0,4,복층 원룸 월세,https://www.zigbang.com/home/apt/items/49055543
2026-05-28 07:28:52,원룸,49023511,월세,01,경기도 광주시 경안동,광주시,경안동,500,40,0,23.14,7.0,4,경안동 중심권 방이 큰 원룸 월세,https://www.zigbang.com/home/apt/items/49023511
2026-05-28 07:28:52,원룸,48992444,월세,01,경기도 광주시 경안동,광주시,경안동,500,45,0,20.87,6.31,3,준신축 원룸 월세,https://www.zigbang.com/home/apt/items/48992444
2026-05-28 07:28:52,원룸,48290534,월세,02,서울시 동작구 사당동,동작구,사당동,5000,25,0,19.83,6.0,2,"깔끔깨끗컨디션, 트리플역세권, 풀옵션, 보증금조율 가능",https://www.zigbang.com/home/apt/items/48290534
2026-05-28 07:28:52,원룸,48290524,월세,02,서울시 동작구 사당동,동작구,사당동,3000,35,0,19.83,6.0,2,"깔끔깨끗컨디션, 트리플역세권, 풀옵션, 보증금조율 가능",https://www.zigbang.com/home/apt/items/48290524
2026-05-28 07:28:52,원룸,48290519,월세,02,서울시 동작구 사당동,동작구,사당동,1000,45,0,19.83,6.0,2,"깔끔깨끗컨디션, 트리플역세권, 풀옵션, 보증금조율 가능",https://www.zigbang.com/home/apt/items/48290519
2026-05-28 07:28:44,원룸,48734437,월세,01,서울시 강서구 등촌동,강서구,등촌동,500,43,0,19.57,5.92,3,"ꕤ이든ꕤ 등촌역도보, 대로변에 채광 가성비까지 최고",https://www.zigbang.com/home/apt/items/48734437
2026-05-28 07:28:44,원룸,49119772,월세,04,서울시 강서구 등촌동,강서구,등촌동,2000,100,0,83,25.11,3,증미역바로앞 복층 빠를수록,https://www.zigbang.com/home/apt/items/49119772
2026-05-28 07:28:44,원룸,49088382,전세,03,서울시 강서구 등촌동,강서구,등촌동,13000,0,0,42.97,13.0,7,복층 증미역바로앞 8월초입주 전세대출가,https://www.zigbang.com/home/apt/items/49088382
2026-05-28 07:28:44,원룸,48789002,월세,01,서울시 강서구 가양동,강서구,가양동,75,75,0,23.14,7.0,4,iTo단기o즉시입주 가능,https://www.zigbang.com/home/apt/items/48789002
2026-05-28 07:28:45,원룸,48830197,전세,05,경기도 수원시 장안구 연무동,수원시 장안구,연무동,28000,0,0,115.45,34.92,13,융자말소 . 신혼부부버팀목 . 일반대출 가능,https://www.zigbang.com/home/apt/items/48830197
2026-05-28 07:28:45,원룸,49116075,월세,01,경기도 수원시 장안구 연무동,수원시 장안구,연무동,300,40,0,15,4.54,5,"깔끔한 풀옵션원룸, 단기가능,, 경기대도보이용",https://www.zigbang.com/home/apt/items/49116075
2026-05-28 07:28:52,원룸,48822066,월세,01,서울시 관악구 봉천동,관악구,봉천동,100,19,0,19.82,6.0,3,서울대 입구 가성비 원룸,https://www.zigbang.com/home/apt/items/48822066
2026-05-28 07:28:52,원룸,48822058,월세,01,서울시 관악구 봉천동,관악구,봉천동,100,19,0,19.82,6.0,3,따뜻한 봄 따뜻한 집,https://www.zigbang.com/home/apt/items/48822058
2026-05-28 07:28:52,원룸,48803730,월세,01,서울시 관악구 봉천동,관악구,봉천동,100,27,0,19.83,6.0,2,큰창문 신축급 깔끔한빌라,https://www.zigbang.com/home/apt/items/48803730
2026-05-28 07:28:52,원룸,48742315,월세,01,서울시 관악구 봉천동,관악구,봉천동,5000,90,0,27.72,8.39,4,신축 첫입주 오피스텔 보증금조정가능,https://www.zigbang.com/home/apt/items/48742315
2026-05-28 07:28:52,원룸,48731736,월세,02,서울시 관악구 봉천동,관악구,봉천동,1000,40,0,23,6.96,1,서울대입구역 리모델링 완료 O 가성비 O  방,https://www.zigbang.com/home/apt/items/48731736
2026-05-28 07:28:52,원룸,48620473,월세,01,서울시 관악구 봉천동,관악구,봉천동,4000,50,0,19.9,6.02,2,o서울대입구 초역세권 감성넘치는 신축 예쁜원룸 보세요,https://www.zigbang.com/home/apt/items/48620473
2026-05-28 07:28:52,원룸,48597738,월세,02,서울시 관악구 봉천동,관악구,봉천동,2000,45,0,23.14,7.0,7,서울대입구역  신축급 분리형원룸 매물,https://www.zigbang.com/home/apt/items/48597738
2026-05-28 07:28:52,원룸,48467957,월세,01,서울시 관악구 봉천동,관악구,봉천동,5000,95,0,24.77,7.49,11,o초럭셔리 신축 오피스텔 얼른봐야합니다,https://www.zigbang.com/home/apt/items/48467957
2026-05-28 07:28:52,원룸,48433044,월세,01,서울시 관악구 봉천동,관악구,봉천동,5000,95,0,24.65,7.46,7,첫입주 신축 서울대입구역 오피스텔,https://www.zigbang.com/home/apt/items/48433044
2026-05-28 07:28:52,원룸,48347005,월세,03,서울시 관악구 봉천동,관악구,봉천동,5000,111,0,34.51,10.44,중,서울대입구역 바로 앞 하이엔드 복층 오피스텔,https://www.zigbang.com/home/apt/items/48347005
2026-05-28 07:28:52,원룸,48032527,월세,01,서울시 관악구 봉천동,관악구,봉천동,5000,95,0,24.61,7.44,중,신축첫입주 SUV주차O 보증금조절O,https://www.zigbang.com/home/apt/items/48032527
2026-05-28 07:28:52,원룸,45688134,월세,02,서울시 관악구 봉천동,관악구,봉천동,1000,50,0,25,7.56,5,o수납공간완벽o역세권o분리형원룸o꿀매물o,https://www.zigbang.com/home/apt/items/45688134
2026-05-28 07:29:17,원룸,49121918,월세,01,경기도 파주시 다율동,파주시,다율동,500,36,0,16.53,5.0,2,다율동 원룸입니다.,https://www.zigbang.com/home/apt/items/49121918
2026-05-28 07:29:17,원룸,49077454,월세,03,경기도 파주시 다율동,파주시,다율동,500,65,0,85.27,25.79,중,전입불가6월19일이후 입주가능  넓은원룸복층,https://www.zigbang.com/home/apt/items/49077454
2026-05-28 07:29:17,원룸,49054012,월세,02,경기도 파주시 동패동,파주시,동패동,500,50,0,28,8.47,4,즉시입주 공원방향 창문으로 밝은집 풀옵션 방 분리형 구조,https://www.zigbang.com/home/apt/items/49054012
2026-05-28 07:29:17,원룸,49027182,월세,01,경기도 파주시 문발동,파주시,문발동,300,35,0,16.53,5.0,3,문발동 원룸.,https://www.zigbang.com/home/apt/items/49027182
2026-05-28 07:29:17,원룸,49027071,월세,01,경기도 파주시 문발동,파주시,문발동,300,30,0,16.53,5.0,1,문발동 가성비좋은 원룸,https://www.zigbang.com/home/apt/items/49027071
2026-05-28 07:29:17,원룸,48975736,월세,01,경기도 파주시 다율동,파주시,다율동,300,35,0,16.53,5.0,2,다율동 원룸.,https://www.zigbang.com/home/apt/items/48975736
2026-05-28 07:29:17,원룸,48972490,월세,01,경기도 파주시 문발동,파주시,문발동,500,30,0,19.83,6.0,2,깨끗한 문발동 원룸,https://www.zigbang.com/home/apt/items/48972490
2026-05-28 07:29:17,원룸,48860067,월세,01,경기도 파주시 동패동,파주시,동패동,500,45,0,24,7.26,4,단기가능 아담한 오픈형 원룸 풀옵션 까페거리내 즉시입주,https://www.zigbang.com/home/apt/items/48860067
2026-05-28 07:29:17,원룸,48602402,월세,03,경기도 파주시 다율동,파주시,다율동,500,65,0,26.75,8.09,5,풀옵션 복층 사무실 전입불가 전용13평 엄청넓음,https://www.zigbang.com/home/apt/items/48602402
2026-05-28 07:29:20,원룸,49155003,월세,02,경기도 파주시 금릉동,파주시,금릉동,300,32,0,33.06,10.0,2,금촌역 가까운 깨끗한 분리형 방입니다,https://www.zigbang.com/home/apt/items/49155003
2026-05-28 07:29:21,원룸,48853842,월세,02,경기도 파주시 탄현면 대동리,파주시,탄현면,1000,50,0,40,12.1,1,"준신축, 채광이 좋습니다. 방과 거실이 분리, 주차 가능",https://www.zigbang.com/home/apt/items/48853842
2026-05-28 07:29:21,원룸,48853799,월세,02,경기도 파주시 탄현면 법흥리,파주시,탄현면,500,38,0,38,11.49,1,"귀한 1.5룸, 풀옵션, 깨끗하고 안전하며 주차가능합니다.",https://www.zigbang.com/home/apt/items/48853799
2026-05-28 07:29:22,원룸,49095198,월세,01,경기도 파주시 월롱면 덕은리,파주시,월롱면,100,30,0,25,7.56,3,"넓은원룸, 주차굿, 주인이깨끗하게 관리하고있는 원룸입니다",https://www.zigbang.com/home/apt/items/49095198
2026-05-28 07:29:22,원룸,49095172,월세,02,경기도 파주시 월롱면 덕은리,파주시,월롱면,100,35,0,40,12.1,3,"넓고깨끗한 분리형원룸,에어컨 냉장고 세탁기 인덕션 풀옵션,",https://www.zigbang.com/home/apt/items/49095172
2026-05-28 07:29:22,원룸,49094369,월세,02,경기도 파주시 월롱면 능산리,파주시,월롱면,200,40,0,40,12.1,5,"1.5룸 분리형 풀옵션 깨끗함 주차편함,엘리베이트.",https://www.zigbang.com/home/apt/items/49094369
2026-05-28 07:29:22,원룸,48944479,월세,01,경기도 파주시 월롱면 덕은리,파주시,월롱면,100,30,0,19.83,6.0,2,동문 C게이트 옆 대출없고 전입신고 가능한 깨끗한 원룸,https://www.zigbang.com/home/apt/items/48944479
2026-05-28 07:29:22,원룸,48944477,월세,01,경기도 파주시 월롱면 덕은리,파주시,월롱면,100,28,0,19.83,6.0,3,"디스플레이 북문 인근 원룸, 도보출근가능",https://www.zigbang.com/home/apt/items/48944477
2026-05-28 07:29:22,원룸,48944443,월세,03,경기도 파주시 월롱면 덕은리,파주시,월롱면,200,30,0,66.65,20.16,고,즉시 입주가능한 깨끗한 오피스텔,https://www.zigbang.com/home/apt/items/48944443
2026-05-28 07:29:22,원룸,48912152,월세,02,경기도 파주시 월롱면 덕은리,파주시,월롱면,200,60,0,45,13.61,4,"거실및주방있는 투룸, 엘리베이터, 에어컨,냉장고,세탁기",https://www.zigbang.com/home/apt/items/48912152
2026-05-28 07:29:23,원룸,49165236,월세,01,경기도 파주시 문산읍 당동리,파주시,문산읍,100,30,0,18,5.44,2,㉧모든공과금 관리비에 포함㉧단기가능㉧저보증금㉧풀옵션㉧,https://www.zigbang.com/home/apt/items/49165236
2026-05-28 07:29:23,원룸,49057213,월세,01,경기도 파주시 문산읍 당동리,파주시,문산읍,100,35,0,18.1,5.48,2,가성비 최고 원룸 기본옵션 모두 포함,https://www.zigbang.com/home/apt/items/49057213
2026-05-28 07:29:23,원룸,48873004,월세,01,경기도 파주시 문산읍 당동리,파주시,문산읍,500,35,0,20,6.05,5,당동리  엘베있는 깔끔한 원룸,https://www.zigbang.com/home/apt/items/48873004
2026-05-28 07:29:23,원룸,48753145,월세,01,경기도 파주시 문산읍 당동리,파주시,문산읍,100,30,0,19,5.75,4,당동원룸 I 깔끔하게 관리 잘된 시내쪽 원룸,https://www.zigbang.com/home/apt/items/48753145
2026-05-28 07:29:23,원룸,48753133,월세,01,경기도 파주시 문산읍 당동리,파주시,문산읍,100,30,0,19,5.75,4,당동원룸 I 한달 월세 관리비 35만원 그외비용없음,https://www.zigbang.com/home/apt/items/48753133
2026-05-28 07:29:23,원룸,48752765,월세,02,경기도 파주시 문산읍 선유리,파주시,문산읍,100,40,0,20,6.05,3,선유리 원룸 I 옷장 수납함 넉넉한 분리형 원룸입니다.,https://www.zigbang.com/home/apt/items/48752765
2026-05-28 07:29:23,원룸,48752759,월세,01,경기도 파주시 문산읍 선유리,파주시,문산읍,100,30,0,19,5.75,3,선유리 원룸 I 수납함 여유있는 저렴한 원룸,https://www.zigbang.com/home/apt/items/48752759
2026-05-28 07:29:23,원룸,48584533,월세,01,경기도 파주시 문산읍 선유리,파주시,문산읍,100,30,0,20,6.05,4,선유리 원룸 I가성비 좋은 오픈형 원룸,https://www.zigbang.com/home/apt/items/48584533
2026-05-28 07:29:10,원룸,49120194,월세,02,서울시 강동구 성내동,강동구,성내동,500,45,0,19.9,6.02,반지하,1계단 내려간 높이. 리모델링 완료. 풀옵션. 둔촌동역.,https://www.zigbang.com/home/apt/items/49120194
2026-05-28 07:29:10,원룸,49100728,월세,01,서울시 강동구 성내동,강동구,성내동,500,45,0,20,6.05,옥탑방,옥상과 함께하는 옥탑방 풀옵션,https://www.zigbang.com/home/apt/items/49100728
2026-05-28 07:29:10,원룸,49091058,월세,02,서울시 강동구 성내동,강동구,성내동,5000,45,0,19.83,6.0,1,주차가능한 분리형풀옵션 1층 사업자등록 가능,https://www.zigbang.com/home/apt/items/49091058
2026-05-28 07:29:10,원룸,49086119,월세,01,서울시 강동구 성내동,강동구,성내동,300,40,0,13.22,4.0,2,ㅇ둔촌역 저렴한 모든공과금포함,https://www.zigbang.com/home/apt/items/49086119
2026-05-28 07:29:10,원룸,49085816,월세,02,서울시 강동구 성내동,강동구,성내동,2000,53,0,19.83,6.0,3,V신축급풀옵션분리형원룸V8호선강동구청역도보이용V채광좋은집,https://www.zigbang.com/home/apt/items/49085816
2026-05-28 07:29:10,원룸,49068249,월세,02,서울시 강동구 성내동,강동구,성내동,2000,63,0,18.64,5.64,3,"풀옵션 분리형원룸,7월말 입주협의",https://www.zigbang.com/home/apt/items/49068249
2026-05-28 07:29:10,원룸,49062344,전세,01,서울시 강동구 성내동,강동구,성내동,11000,0,0,23,6.96,3,가성비좋은 조용한주택가 오픈형풀옵션 전세,https://www.zigbang.com/home/apt/items/49062344
2026-05-28 07:29:10,원룸,49019957,월세,01,서울시 강동구 성내동,강동구,성내동,12900,22,0,20.79,6.29,2,"HUG버팀목,HUG보증보험,아주넓은집",https://www.zigbang.com/home/apt/items/49019957
2026-05-28 07:29:10,원룸,49001461,월세,01,서울시 강동구 성내동,강동구,성내동,300,35,0,14.88,4.5,2,V풀옵션V저렴한월세V깔끔V성내동원룸V공과금관리비포함,https://www.zigbang.com/home/apt/items/49001461
2026-05-28 07:29:10,원룸,48963121,월세,02,서울시 강동구 성내동,강동구,성내동,1000,60,0,23.14,7.0,옥탑방,다가구주택 옥탑방 분리형풀옵션구조,https://www.zigbang.com/home/apt/items/48963121
2026-05-28 07:29:10,원룸,48542143,전세,01,서울시 강동구 성내동,강동구,성내동,21300,0,0,31.24,9.45,9,V보증보험가능V일반대출가능V풀옵션원원룸V깔끔컨디션V6월30,https://www.zigbang.com/home/apt/items/48542143
2026-05-28 07:29:26,원룸,49145061,월세,01,경기도 의정부시 의정부동,의정부시,의정부동,300,45,0,33.05,10.0,6,"O확인매물O풀옵션L제일넓은집,,,가능역OO주차타워",https://www.zigbang.com/home/apt/items/49145061
2026-05-28 07:29:26,원룸,49145030,월세,01,경기도 의정부시 의정부동,의정부시,의정부동,300,37,0,26.5,8.02,3,"O확인매물O풀옵션L깔끔o조용한집,,,가능역OO",https://www.zigbang.com/home/apt/items/49145030
2026-05-28 07:29:26,원룸,49142144,월세,02,경기도 의정부시 녹양동,의정부시,녹양동,200,25,0,26.4,7.99,옥탑방,넓은 분리형 원룸 저렴한 월세,https://www.zigbang.com/home/apt/items/49142144
2026-05-28 07:29:26,원룸,49122296,월세,02,경기도 의정부시 녹양동,의정부시,녹양동,300,30,0,23.14,7.0,5,분리형 원룸 베란다까지 있어 편리,https://www.zigbang.com/home/apt/items/49122296
2026-05-28 07:29:26,원룸,49086905,월세,02,경기도 의정부시 가능동,의정부시,가능동,300,25,0,9,2.72,2,큰길가 2층 남향 주택 300   25,https://www.zigbang.com/home/apt/items/49086905
2026-05-28 07:29:26,원룸,49080269,월세,02,경기도 의정부시 가능동,의정부시,가능동,200,23,0,33,9.98,반지하,깔끔합니다 즉시입주가능합니다 하이샷시 방화문입니다,https://www.zigbang.com/home/apt/items/49080269
2026-05-28 07:29:26,원룸,49078754,월세,02,경기도 의정부시 가능동,의정부시,가능동,300,40,0,19.81,5.99,3,역세권.풀옵션.분리형.하얗고이쁜집.중문o.즉시입주가능,https://www.zigbang.com/home/apt/items/49078754
2026-05-28 07:29:26,원룸,49017904,월세,02,경기도 의정부시 가능동,의정부시,가능동,200,20,0,37,11.19,1,정1층. 단독출입. 자취환영합니다,https://www.zigbang.com/home/apt/items/49017904
2026-05-28 07:29:26,원룸,48952942,월세,02,경기도 의정부시 가능동,의정부시,가능동,200,27,0,36.36,11.0,반지하,수리 깨끗합니다 공실입니다 가능역 8분거리입니다,https://www.zigbang.com/home/apt/items/48952942
2026-05-28 07:29:26,원룸,48938899,전세,01,경기도 의정부시 녹양동,의정부시,녹양동,3500,0,0,29.7,8.98,3,녹양역 도로10분 풀옵션 원룸,https://www.zigbang.com/home/apt/items/48938899
2026-05-28 07:29:27,원룸,49116064,월세,03,경기도 남양주시 별내동,남양주시,별내동,5000,25,0,26,7.86,4,"식송2블럭, 별가람역 도보 10분거리, 원룸복층",https://www.zigbang.com/home/apt/items/49116064
2026-05-28 07:29:27,원룸,49109571,월세,01,경기도 남양주시 별내동,남양주시,별내동,1000,75,0,20,6.05,2,"별가람역 귀한 풀옵션 원룸,빠른입주 협의",https://www.zigbang.com/home/apt/items/49109571
2026-05-28 07:29:27,원룸,49020297,월세,03,경기도 남양주시 별내동,남양주시,별내동,6000,22,0,22,6.65,3,"식송2블럭, 복층원룸, 전입가능,입주협의",https://www.zigbang.com/home/apt/items/49020297
2026-05-28 07:29:26,원룸,48762661,월세,02,경기도 의정부시 의정부동,의정부시,의정부동,300,36,0,26.45,8.0,6,v 대형평수 v 넓은원룸 v 풀옵션 v,https://www.zigbang.com/home/apt/items/48762661
2026-05-28 07:29:26,원룸,48762655,월세,02,경기도 의정부시 의정부동,의정부시,의정부동,300,36,0,26.45,8.0,5,v 의정부역 v 초역세권 v 풀옵션 v 즉시입주 v,https://www.zigbang.com/home/apt/items/48762655
2026-05-28 07:29:26,원룸,48726161,월세,02,경기도 의정부시 의정부동,의정부시,의정부동,300,40,0,26.45,8.0,6,S수도포함ㅣ빠른입주ㅣ의정부역5분ㅣ넓어요ㅣ2인거주,https://www.zigbang.com/home/apt/items/48726161
2026-05-28 07:29:26,원룸,48721087,월세,02,경기도 의정부시 의정부동,의정부시,의정부동,300,40,0,23.14,7.0,중,ꪑꪑ실매물ꪑꪑ중앙역인근 주방분리넓은방ok,https://www.zigbang.com/home/apt/items/48721087
2026-05-28 07:29:26,원룸,48698961,월세,01,경기도 의정부시 의정부동,의정부시,의정부동,40,48,0,20.1,6.08,3,V 6개월이상가능 V  수납 多 전입가능ㅣ냉난방비 걱정끝,https://www.zigbang.com/home/apt/items/48698961
2026-05-28 07:29:26,원룸,48677707,월세,02,경기도 의정부시 의정부동,의정부시,의정부동,300,39,0,26.46,8.0,7,v 넓은평수 v 대형평수 v 의정부역 v 풀옵션 v,https://www.zigbang.com/home/apt/items/48677707
2026-05-28 07:29:26,원룸,48677625,월세,02,경기도 의정부시 의정부동,의정부시,의정부동,300,39,0,26.45,8.0,3,VV안심중개사VV보300 완벽한 풀옵션원룸.보증금조절가능.,https://www.zigbang.com/home/apt/items/48677625
2026-05-28 07:29:26,원룸,48677463,월세,02,경기도 의정부시 의정부동,의정부시,의정부동,300,39,0,26.44,8.0,5,VV안심중개사VV 이색적인 느낌의 대형원룸.보증금조절가능.,https://www.zigbang.com/home/apt/items/48677463
2026-05-28 07:29:26,원룸,48677437,월세,02,경기도 의정부시 의정부동,의정부시,의정부동,300,39,0,26.45,8.0,5,VV안심중개사VV 보300 역세권원룸 대박.보증금조절가능.,https://www.zigbang.com/home/apt/items/48677437
2026-05-28 07:29:26,원룸,48655250,전세,01,경기도 의정부시 의정부동,의정부시,의정부동,8000,0,0,25,7.56,중,허그안심전세 막힘없는 뷰  lh도 가능,https://www.zigbang.com/home/apt/items/48655250
2026-05-28 07:29:26,원룸,48532483,월세,02,경기도 의정부시 의정부동,의정부시,의정부동,300,40,0,23.14,7.0,7,단기계약가능 신축 풀옵션 주방분리형,https://www.zigbang.com/home/apt/items/48532483
2026-05-28 07:29:26,원룸,48504681,월세,02,경기도 의정부시 의정부동,의정부시,의정부동,300,35,0,34,10.28,고,가성비 끝판왕  빠르게 나가는 귀한 풀옵션 넓은 역세원룸,https://www.zigbang.com/home/apt/items/48504681
2026-05-28 07:29:26,원룸,48440229,월세,02,경기도 의정부시 의정부동,의정부시,의정부동,500,45,0,24.79,7.5,4,전입O 신축 완전깨끗 주방분리형 예쁜집,https://www.zigbang.com/home/apt/items/48440229
2026-05-28 07:29:27,원룸,49144742,월세,01,경기도 남양주시 평내동,남양주시,평내동,500,30,0,21.79,6.59,2,전철역까지 도보10분. 교통편리. 생활편리. 풀옵션,https://www.zigbang.com/home/apt/items/49144742
2026-05-28 07:29:27,원룸,49106458,월세,01,경기도 남양주시 평내동,남양주시,평내동,500,38,0,25,7.56,3,"생활편리, 깨끗, 넓은원룸, 베란다있음, 6월말입주가능",https://www.zigbang.com/home/apt/items/49106458
2026-05-28 07:29:27,원룸,49090077,월세,02,경기도 남양주시 호평동,남양주시,호평동,500,40,0,23.14,7.0,2,전철역 가까운 1.5룸 월세,https://www.zigbang.com/home/apt/items/49090077
2026-05-28 07:29:27,원룸,49085341,월세,02,경기도 남양주시 평내동,남양주시,평내동,500,45,0,24,7.26,2,넓은1.5룸. 8월초입주가. 위치굿,https://www.zigbang.com/home/apt/items/49085341
2026-05-28 07:29:27,원룸,49031205,월세,02,경기도 남양주시 평내동,남양주시,평내동,1000,40,0,24,7.26,1,"1.5분리형 원룸, 하시입주가능, 깨끗, 조용한곳",https://www.zigbang.com/home/apt/items/49031205
2026-05-28 07:29:27,원룸,49021350,월세,02,경기도 남양주시 평내동,남양주시,평내동,1000,45,0,40,12.1,3,싱크대 교체 수리 된 분리형 넓은 원룸,https://www.zigbang.com/home/apt/items/49021350
2026-05-28 07:29:27,원룸,48912116,월세,01,경기도 남양주시 평내동,남양주시,평내동,1000,55,0,33,9.98,4,풀옵션.즉시입주가.방넓고깨끗.역세권.엘리베이터있음,https://www.zigbang.com/home/apt/items/48912116
2026-05-28 07:29:27,원룸,48849424,월세,02,경기도 남양주시 호평동,남양주시,호평동,1000,45,0,26,7.86,2,초역세권 큰 1.5룸,https://www.zigbang.com/home/apt/items/48849424
2026-05-28 07:29:27,원룸,48847777,월세,02,경기도 남양주시 평내동,남양주시,평내동,500,40,0,30,9.07,3,"공실,도배,옵션,분리형 원룸,위치굿",https://www.zigbang.com/home/apt/items/48847777
2026-05-28 07:29:27,원룸,49165740,월세,01,경기도 남양주시 오남읍 오남리,남양주시,오남읍,500,40,0,20,6.05,2,"주차아주편리, 한적한곳에 위치한 깨끗한 풀옵션 원룸",https://www.zigbang.com/home/apt/items/49165740
2026-05-28 07:29:27,원룸,49021962,월세,01,경기도 남양주시 진접읍 연평리,남양주시,진접읍,500,49,0,26.45,8.0,3,연평리 풀옵션 원룸,https://www.zigbang.com/home/apt/items/49021962
2026-05-28 07:29:27,원룸,49165557,월세,01,경기도 남양주시 금곡동,남양주시,금곡동,100,50,0,26.45,8.0,3,"3개월이상 단기임대가능.  풀옵션. 즉시입주가, 전입신고o",https://www.zigbang.com/home/apt/items/49165557
2026-05-28 07:29:27,원룸,49154562,월세,02,경기도 남양주시 진건읍 용정리,남양주시,진건읍,500,60,0,24.68,7.47,9,"신축,분리형 풀옵션,남향,엘베,전입x , 즉시입주가능 .",https://www.zigbang.com/home/apt/items/49154562
2026-05-28 07:29:27,원룸,49152954,월세,01,경기도 남양주시 금곡동,남양주시,금곡동,100,55,0,30,9.07,5,"3개월 이상 단기임대가능, 즉시사용가",https://www.zigbang.com/home/apt/items/49152954
2026-05-28 07:29:27,원룸,49152944,월세,02,경기도 남양주시 진건읍 사능리,남양주시,진건읍,500,62,0,30,9.07,2,"사릉역 초역세권, 내부 리모델링 깨끗 , 주차편리",https://www.zigbang.com/home/apt/items/49152944
2026-05-28 07:29:27,원룸,49105091,월세,01,경기도 남양주시 금곡동,남양주시,금곡동,500,50,0,33,9.98,5,"금곡역세권, 풀옵션 ,즉시입주가능",https://www.zigbang.com/home/apt/items/49105091
2026-05-28 07:29:27,원룸,48921855,월세,01,경기도 남양주시 진건읍 사능리,남양주시,진건읍,500,45,0,30,9.07,3,"사릉역 초역세권, 넓은 풀옵션",https://www.zigbang.com/home/apt/items/48921855
2026-05-28 07:29:27,원룸,48921827,월세,01,경기도 남양주시 금곡동,남양주시,금곡동,500,30,0,28,8.47,4,"저렴한 풀옵션 원룸, 금곡역세권 , 즉시입주가능",https://www.zigbang.com/home/apt/items/48921827
2026-05-28 07:29:14,원룸,48844023,월세,01,경기도 하남시 덕풍동,하남시,덕풍동,500,60,0,22.42,6.78,5,입주협의ㅣ역세권원룸ㅣ사업자용 세금계산서발행ㅣ전입x,https://www.zigbang.com/home/apt/items/48844023
2026-05-28 07:29:14,원룸,48844036,월세,02,경기도 하남시 미사동,하남시,미사동,5000,250,0,74.65,22.58,3,미사동 3층 풀옵션 주택 임대 매물,https://www.zigbang.com/home/apt/items/48844036
2026-05-28 07:29:28,원룸,49141896,월세,01,경기도 의정부시 낙양동,의정부시,낙양동,500,55,0,26,7.86,1,귀한전세 풀옵션1.5룸 거실방넓고채광좋음 융자없음 주차가능,https://www.zigbang.com/home/apt/items/49141896
2026-05-28 07:29:28,원룸,48924886,전세,01,경기도 의정부시 낙양동,의정부시,낙양동,7500,0,0,27,8.17,2,신축급 민락동인근 엄청넓은풀옵션1.5룸 수납공간좋음빠른입주,https://www.zigbang.com/home/apt/items/48924886
2026-05-28 07:29:29,원룸,49167355,월세,02,경기도 양주시 광적면 석우리,양주시,광적면,300,32,0,24.79,7.5,3,좁지 않은 넉넉한 분리형 원룸.주차공간 많음,https://www.zigbang.com/home/apt/items/49167355
2026-05-28 07:29:29,원룸,49123560,월세,01,경기도 양주시 광적면 가납리,양주시,광적면,1,38,0,24,7.26,4,"무보증,즉시입주,주차가능. 친구와함께할수있는넓은원룸.",https://www.zigbang.com/home/apt/items/49123560
2026-05-28 07:29:29,원룸,49123531,월세,01,경기도 양주시 광적면 가납리,양주시,광적면,1,38,0,24,7.26,4,"무보증,즉시입주,주차가능.친구와함께할수있는넓은원룸",https://www.zigbang.com/home/apt/items/49123531
2026-05-28 07:29:29,원룸,49122257,월세,01,경기도 양주시 광적면 석우리,양주시,광적면,200,27,0,19.83,6.0,2,관리비포함30만원.1층필로티주자장,https://www.zigbang.com/home/apt/items/49122257
2026-05-28 07:29:29,원룸,49097076,전세,01,경기도 양주시 광적면 가납리,양주시,광적면,3000,0,0,21.49,6.5,2,오픈형  원룸.도배교체,https://www.zigbang.com/home/apt/items/49097076
2026-05-28 07:29:29,원룸,48942581,월세,01,경기도 양주시 광적면 가납리,양주시,광적면,300,30,0,21.49,6.5,2,"관리비.수도포함 월 340,000원",https://www.zigbang.com/home/apt/items/48942581
2026-05-28 07:29:29,원룸,49020612,전세,01,경기도 양주시 덕계동,양주시,덕계동,4000,0,0,20.2,6.11,3,"풀옵션, 이사협의, 전세",https://www.zigbang.com/home/apt/items/49020612
2026-05-28 07:29:29,원룸,49165699,월세,02,경기도 양주시 고암동,양주시,고암동,300,35,0,29.75,9.0,3,"1.5룸,도배, 싱크대,세탁기,냉장고 새로 교체한 넓은 방",https://www.zigbang.com/home/apt/items/49165699
2026-05-28 07:29:29,원룸,49129603,월세,03,경기도 양주시 광사동,양주시,광사동,500,45,0,30,9.07,6,"복층형 오피스텔,즉시입주가,주차편리,전입신고,풀옵션.테라스",https://www.zigbang.com/home/apt/items/49129603
2026-05-28 07:29:29,원룸,49129567,월세,01,경기도 양주시 광사동,양주시,광사동,500,55,0,38.49,11.64,7,"첫입주 오피스텔,주차가능,즉시입주,풀옵션,전입신고,애견가능",https://www.zigbang.com/home/apt/items/49129567
2026-05-28 07:29:29,원룸,49129552,월세,02,경기도 양주시 고암동,양주시,고암동,600,60,0,30,9.07,2,"이쁘고 넓은 1.5룸,준신축,넓은화장실,중문,완벽풀옵션주차",https://www.zigbang.com/home/apt/items/49129552
2026-05-28 07:29:29,원룸,49126338,월세,01,경기도 양주시 고암동,양주시,고암동,200,30,0,26.45,8.0,2,원룸  방이 넓고 구조 좋아요  즉시 입주,https://www.zigbang.com/home/apt/items/49126338
2026-05-28 07:29:29,원룸,49098656,월세,02,경기도 양주시 고암동,양주시,고암동,300,35,0,26.45,8.0,3,원룸  분리형 A급  남향 환하고 주차 편리 즉시입주,https://www.zigbang.com/home/apt/items/49098656
2026-05-28 07:29:29,원룸,49097501,월세,02,경기도 양주시 고암동,양주시,고암동,300,30,0,23.14,7.0,2,주방분리형 원룸.. 방이 넓고 조용한 집이예요,https://www.zigbang.com/home/apt/items/49097501
2026-05-28 07:29:29,원룸,49084630,월세,02,경기도 양주시 덕계동,양주시,덕계동,400,40,0,20.2,6.11,1,"분리형원룸. 풀옵션, 즉시입주가능",https://www.zigbang.com/home/apt/items/49084630
2026-05-28 07:29:29,원룸,49038515,월세,02,경기도 양주시 고암동,양주시,고암동,200,30,0,26.45,8.0,4,1.5룸 방과 주방 공간  넓고 채광좋음.,https://www.zigbang.com/home/apt/items/49038515
2026-05-28 07:29:29,원룸,49037437,월세,01,경기도 양주시 고암동,양주시,고암동,300,25,0,26.45,8.0,3,원룸..가성비 좋은 넓은 방 환하고 쾌적함,https://www.zigbang.com/home/apt/items/49037437
2026-05-28 07:29:29,원룸,49017936,월세,02,경기도 양주시 고암동,양주시,고암동,600,60,0,26.5,8.02,2,"완전 풀옵션 분리형 원룸,큰 거실겸주방,큰방",https://www.zigbang.com/home/apt/items/49017936
2026-05-28 07:29:29,원룸,48833670,월세,02,경기도 양주시 광사동,양주시,광사동,500,65,0,40,12.1,6,"즉시입주가능한 오피스텔,풀옵션,스타일러,상권좋고 주차가능",https://www.zigbang.com/home/apt/items/48833670
2026-05-28 07:29:29,원룸,48832569,월세,01,경기도 양주시 고암동,양주시,고암동,200,27,0,23.1,6.99,2,오픈형원룸 저렴하고 옵션좋음 조용한 방,https://www.zigbang.com/home/apt/items/48832569
2026-05-28 07:29:29,원룸,49129381,월세,02,경기도 양주시 덕정동,양주시,덕정동,500,50,0,40,12.1,5,"즉시입주가능한1.5룸.많이 넓어요.풀옵션.추천,덕정역도보가",https://www.zigbang.com/home/apt/items/49129381
2026-05-28 07:29:30,원룸,49146246,월세,01,경기도 동두천시 동두천동,동두천시,동두천동,300,25,0,23.14,7.0,5,"동양대코앞원룸, 미군부대, 세코닉스 가격좋고 예쁜 원룸",https://www.zigbang.com/home/apt/items/49146246
2026-05-28 07:29:30,원룸,49040785,월세,01,경기도 동두천시 동두천동,동두천시,동두천동,500,40,0,29.75,9.0,3,"큰방 원룸, 동양대 바로앞, 미군부대, 역 5분",https://www.zigbang.com/home/apt/items/49040785
2026-05-28 07:29:30,원룸,49040780,월세,02,경기도 동두천시 동두천동,동두천시,동두천동,500,38,0,23.76,7.19,4,"최신원룸, 엘레베이트 유 주방분리형 , 동양대 큰 방.",https://www.zigbang.com/home/apt/items/49040780
2026-05-28 07:29:30,원룸,48976252,월세,01,경기도 동두천시 동두천동,동두천시,동두천동,1,35,0,20,6.05,4,무보증.즉시입주.주차편리.동두천역도보7분.동양대.도보6분,https://www.zigbang.com/home/apt/items/48976252
2026-05-28 07:29:30,원룸,48974227,월세,01,경기도 동두천시 동두천동,동두천시,동두천동,1,35,0,20,6.05,3,무보증.즉시입주.주차편리.동두천역도보7분.동양대.도보6분,https://www.zigbang.com/home/apt/items/48974227
2026-05-28 07:29:30,원룸,48968853,월세,01,경기도 동두천시 동두천동,동두천시,동두천동,1,35,0,20,6.05,3,무보증.즉시입주.주차편리.동두천역도보7분.동양대.도보6분,https://www.zigbang.com/home/apt/items/48968853
2026-05-28 07:29:30,원룸,48968766,월세,01,경기도 동두천시 동두천동,동두천시,동두천동,1,35,0,20,6.05,3,무보증.즉시입주.주차편리.동두천역도보7분.동양대.도보6분,https://www.zigbang.com/home/apt/items/48968766
2026-05-28 07:29:30,원룸,48834575,월세,01,경기도 동두천시 동두천동,동두천시,동두천동,500,30,0,23.14,7.0,2,"동두천역 원룸 동양대코앞, 미군부대근접.이벤트가",https://www.zigbang.com/home/apt/items/48834575
2026-05-28 07:29:30,원룸,49163500,월세,01,경기도 포천시 선단동,포천시,선단동,500,42,0,16.53,5.0,3,대진대 인근 풀옵션 원룸 입니다,https://www.zigbang.com/home/apt/items/49163500
2026-05-28 07:29:30,원룸,49041970,월세,01,경기도 포천시 선단동,포천시,선단동,500,60,0,23.82,7.21,2,신축 선단초부근 차단기있어 주차아주좋음 풀옵션 입주날짜협의,https://www.zigbang.com/home/apt/items/49041970
2026-05-28 07:29:30,원룸,48985179,전세,01,경기도 포천시 선단동,포천시,선단동,3500,0,0,20,6.05,4,선단동 동사무소 인근 넓고 깨끗한 원룸 입니다,https://www.zigbang.com/home/apt/items/48985179
2026-05-28 07:29:30,원룸,48848456,월세,01,경기도 포천시 선단동,포천시,선단동,2000,25,0,16.53,5.0,4,선단동 동사무소 인근 넓은 원룸 입니다,https://www.zigbang.com/home/apt/items/48848456
2026-05-28 07:29:30,원룸,49129465,월세,02,경기도 양주시 옥정동,양주시,옥정동,500,50,0,24,7.26,4,"잘나온 1.5룸,살기 편리한 동네,완벽풀옵션,집보기가능",https://www.zigbang.com/home/apt/items/49129465
2026-05-28 07:29:30,원룸,49072767,월세,03,경기도 양주시 옥정동,양주시,옥정동,500,60,0,44,13.31,3,"입주가능,풀옵션,옥정중심상가내 위치해서 상권,편의시설",https://www.zigbang.com/home/apt/items/49072767
2026-05-28 07:29:30,원룸,49036637,월세,03,경기도 양주시 옥정동,양주시,옥정동,500,55,0,49.77,15.06,5,"즉시입주가,상권좋음,복층형원룸,풀옵션,주차가능,고급스런오피",https://www.zigbang.com/home/apt/items/49036637
2026-05-28 07:29:30,원룸,49023055,월세,03,경기도 양주시 옥정동,양주시,옥정동,100,65,0,45.76,13.84,4,ㅡㅡNEWㅣ풀옵션ㅣ신축오피ㅣ단기OKㅣ선납금방Xㅣ,https://www.zigbang.com/home/apt/items/49023055
2026-05-28 07:29:30,원룸,49023039,월세,03,경기도 양주시 옥정동,양주시,옥정동,100,65,0,45.76,13.84,5,선납방Xl 단기임대 l 신축 북층형 오피스텔,https://www.zigbang.com/home/apt/items/49023039
2026-05-28 07:29:30,원룸,49015568,월세,03,경기도 양주시 옥정동,양주시,옥정동,100,63,0,41.12,12.44,3,선납방X 단기가능 옥정신도시 유일한 오피스텔,https://www.zigbang.com/home/apt/items/49015568
2026-05-28 07:29:30,원룸,49129229,월세,01,경기도 양주시 옥정동,양주시,옥정동,500,65,0,24,7.26,2,"공간좋고 넓은 원룸,신축 첫입주,공실,완벽풀옵션,주차편리",https://www.zigbang.com/home/apt/items/49129229
2026-05-28 07:29:30,원룸,49129216,월세,03,경기도 양주시 옥정동,양주시,옥정동,500,80,0,33,9.98,4,"신축 첫입주,복층형,넓어요,두분살기도 좋아요,완벽 풀옵션",https://www.zigbang.com/home/apt/items/49129216
2026-05-28 07:29:30,원룸,48965547,월세,03,경기도 양주시 옥정동,양주시,옥정동,500,80,0,29.7,8.98,4,"복층 분리형 1.5룸,신축 첫입주 ,풀옵션",https://www.zigbang.com/home/apt/items/48965547
2026-05-28 07:29:30,원룸,48945822,월세,01,경기도 양주시 옥정동,양주시,옥정동,500,65,0,27,8.17,2,옥정동 신축 첫입주 즉시입주가,https://www.zigbang.com/home/apt/items/48945822
2026-05-28 07:29:31,원룸,49100057,월세,01,경기도 이천시 신둔면 고척리,이천시,신둔면,300,35,0,26.45,8.0,2,풀옵션   즉시입주 집상태  좋습니다,https://www.zigbang.com/home/apt/items/49100057
2026-05-28 07:29:31,원룸,48993081,월세,01,경기도 이천시 신둔면 고척리,이천시,신둔면,300,36,0,20,6.05,3,"단기가능한 수도,전기,가스요금포함 초저렴 원룸",https://www.zigbang.com/home/apt/items/48993081
2026-05-28 07:29:31,원룸,48862364,월세,01,경기도 이천시 신둔면 고척리,이천시,신둔면,300,50,0,23,6.96,2,방크기 넉넉한 오픈형 원룸 입니다,https://www.zigbang.com/home/apt/items/48862364
2026-05-28 07:29:31,원룸,49157027,월세,01,경기도 이천시 신둔면 남정리,이천시,신둔면,500,50,0,23.14,7.0,2,"신둔도예촌역 인근 ,  방 넓은 원룸",https://www.zigbang.com/home/apt/items/49157027
2026-05-28 07:29:31,원룸,49144515,월세,02,경기도 이천시 신둔면 남정리,이천시,신둔면,500,50,0,29.8,9.01,2,신둔도예촌역 도보 4분 준신축 풀옵션 바로입주가능 컨디션,https://www.zigbang.com/home/apt/items/49144515
2026-05-28 07:29:31,원룸,49138174,월세,02,경기도 이천시 신둔면 남정리,이천시,신둔면,500,50,0,33,9.98,4,신둔역 도보 가능  신축 넓은 분리형  빠른입주,https://www.zigbang.com/home/apt/items/49138174
2026-05-28 07:29:31,원룸,49095016,월세,02,경기도 이천시 신둔면 남정리,이천시,신둔면,1000,45,0,29.75,9.0,2,신둔면 남정리신둔역인근 신축급1.5룸  월세,https://www.zigbang.com/home/apt/items/49095016
2026-05-28 07:29:31,원룸,48925081,월세,02,경기도 이천시 신둔면 남정리,이천시,신둔면,1000,45,0,28.1,8.5,4,산둔면 남정리 신둔역인근신축풀옵션1.5룸 월세,https://www.zigbang.com/home/apt/items/48925081
2026-05-28 07:29:31,원룸,49110357,월세,02,경기도 광주시 초월읍 산이리,광주시,초월읍,500,55,0,32,9.68,2,"햇살좋은 편안한 집, 풀옵션, 주차가능, 엘베, 초월역",https://www.zigbang.com/home/apt/items/49110357
2026-05-28 07:29:31,원룸,49078675,월세,02,경기도 광주시 초월읍 산이리,광주시,초월읍,500,55,0,32,9.68,3,"햇살좋은 편안한 집, 즉시입주, 주차가능, 엘베, 초월역",https://www.zigbang.com/home/apt/items/49078675
2026-05-28 07:29:31,원룸,48823336,월세,02,경기도 광주시 초월읍 산이리,광주시,초월읍,500,55,0,33,9.98,3,"햇살좋은 편안한 집, 풀옵션, 주차가능, 엘베, 초월역",https://www.zigbang.com/home/apt/items/48823336
2026-05-28 07:29:32,원룸,49055594,월세,02,경기도 광주시 쌍령동,광주시,쌍령동,500,38,0,25,7.56,3,아래쌍령동 원룸 월세,https://www.zigbang.com/home/apt/items/49055594
2026-05-28 07:29:32,원룸,49152956,월세,02,경기도 이천시 부발읍 무촌리,이천시,부발읍,500,50,0,26.5,8.02,4,"팔도공장 부근,  즉시입주가능 1.5룸입니다",https://www.zigbang.com/home/apt/items/49152956
2026-05-28 07:29:32,원룸,49127743,월세,02,경기도 이천시 부발읍 무촌리,이천시,부발읍,500,45,0,34,10.28,4,무촌리 풀옵션 복층 풀옵션 바로입주가능 가격도 굳,https://www.zigbang.com/home/apt/items/49127743
2026-05-28 07:29:32,원룸,49077200,월세,02,경기도 이천시 부발읍 무촌리,이천시,부발읍,500,45,0,20,6.05,4,"부발초인근, 도시가스되는 분리형원룸월세",https://www.zigbang.com/home/apt/items/49077200
2026-05-28 07:29:32,원룸,49073471,전세,02,경기도 이천시 부발읍 무촌리,이천시,부발읍,7700,0,0,42.98,13.0,4,무촌리에 테라스있는 투베이 전세,https://www.zigbang.com/home/apt/items/49073471
2026-05-28 07:29:32,원룸,48998645,전세,02,경기도 이천시 부발읍 무촌리,이천시,부발읍,5250,0,0,23.14,7.0,2,이천시 부발읍 무촌리 보증보험 가입가능한 분리형원룸 전세,https://www.zigbang.com/home/apt/items/48998645
2026-05-28 07:29:32,원룸,48993596,월세,01,경기도 이천시 부발읍 무촌리,이천시,부발읍,200,38,0,21,6.35,4,"부발초 인근, 보증금 조절 가능한 저렴한 월세",https://www.zigbang.com/home/apt/items/48993596
2026-05-28 07:29:32,원룸,48920849,전세,02,경기도 이천시 부발읍 무촌리,이천시,부발읍,4500,0,0,22.05,6.67,4,부발초 맞은편 주차장 넓은 풀옵션 원룸,https://www.zigbang.com/home/apt/items/48920849
2026-05-28 07:29:32,원룸,48835551,월세,01,경기도 이천시 부발읍 죽당리,이천시,부발읍,300,40,0,19.83,6.0,2,"가격 저렴한 죽당리 원룸월세, 5월말 입주가능",https://www.zigbang.com/home/apt/items/48835551
2026-05-28 07:29:32,원룸,48598128,전세,02,경기도 이천시 부발읍 무촌리,이천시,부발읍,7700,0,0,26.44,8.0,4,이천 무촌리 융자없는 1.5룸 전세,https://www.zigbang.com/home/apt/items/48598128
2026-05-28 07:29:32,원룸,48915365,월세,02,경기도 이천시 백사면 현방리,이천시,백사면,500,45,0,29.75,9.0,1,백사면 현방리 신축1.5룸월세임대합니다,https://www.zigbang.com/home/apt/items/48915365
2026-05-28 07:29:32,원룸,48920878,전세,01,경기도 이천시 창전동,이천시,창전동,5000,0,0,23.1,6.99,4,전세대출 동의 가능한 풀옵션 원룸 전세,https://www.zigbang.com/home/apt/items/48920878
2026-05-28 07:29:32,원룸,48897426,월세,02,경기도 이천시 갈산동,이천시,갈산동,500,44,0,28,8.47,3,신축급 풀옵션 분리형 원룸  주차굿,https://www.zigbang.com/home/apt/items/48897426
2026-05-28 07:29:32,원룸,48880182,월세,02,경기도 이천시 창전동,이천시,창전동,500,50,0,26.4,7.99,3,깨끗한 준신축으로 시내에 있어 인프라 잘되어 있고 좋음..,https://www.zigbang.com/home/apt/items/48880182
2026-05-28 07:29:32,원룸,48856124,월세,02,경기도 이천시 중리동,이천시,중리동,3000,35,0,26.45,8.0,2,중리동 복지센타 인접 풀옵션 원룸 반전세,https://www.zigbang.com/home/apt/items/48856124
2026-05-28 07:29:32,원룸,48844311,월세,01,경기도 이천시 진리동,이천시,진리동,500,45,0,28,8.47,2,깨끗한 원룸 월세,https://www.zigbang.com/home/apt/items/48844311
2026-05-28 07:29:32,원룸,48844310,월세,01,경기도 이천시 창전동,이천시,창전동,500,40,0,25,7.56,2,창전동 하나로 마트 인근 원룸 월세,https://www.zigbang.com/home/apt/items/48844310
2026-05-28 07:29:32,원룸,48843587,월세,02,경기도 이천시 갈산동,이천시,갈산동,500,43,0,22.43,6.79,3,갈산동 깔끔한 분리형원룸 월세. 5월말경 협의입주가능,https://www.zigbang.com/home/apt/items/48843587
2026-05-28 07:29:32,원룸,48798375,월세,02,경기도 이천시 갈산동,이천시,갈산동,1000,50,0,27.83,8.42,3,"갈산동 신축급  1.5룸 월세매물, 즉시 입주가능",https://www.zigbang.com/home/apt/items/48798375
2026-05-28 07:29:32,원룸,48793985,전세,02,경기도 이천시 안흥동,이천시,안흥동,6500,0,0,31.5,9.53,2,"보증보험 가입, 전세대출 동의 가능한 풀옵션 원룸",https://www.zigbang.com/home/apt/items/48793985
2026-05-28 07:29:32,원룸,48622468,전세,02,경기도 이천시 갈산동,이천시,갈산동,7000,0,0,23.45,7.09,3,"신축 1.5룸 풀옵션 전세, 전세대출동의",https://www.zigbang.com/home/apt/items/48622468
2026-05-28 07:29:32,원룸,48514076,전세,02,경기도 이천시 갈산동,이천시,갈산동,8000,0,0,24.38,7.37,2,보증보험 가입 되어 있는  분리형 원룸입니다,https://www.zigbang.com/home/apt/items/48514076
2026-05-28 07:29:35,원룸,49160095,월세,02,경기도 여주시 오학동,여주시,오학동,300,43,0,48.1,14.55,4,"풀옵션,애완동물가능,집상태최상,생활편의시설좋음,대신방향 출",https://www.zigbang.com/home/apt/items/49160095
2026-05-28 07:29:35,원룸,49111910,월세,01,경기도 여주시 오학동,여주시,오학동,300,35,0,24.1,7.29,4,"애완동물가능,풀옵션,북내,대신,물류창고 출 퇴근 편리",https://www.zigbang.com/home/apt/items/49111910
2026-05-28 07:29:35,원룸,49111754,월세,02,경기도 여주시 오학동,여주시,오학동,300,43,0,35.3,10.68,4,"애완동물가능,집상태최상 남서향,풀옵션 대중교통이용 대신방향",https://www.zigbang.com/home/apt/items/49111754
2026-05-28 07:29:35,원룸,49063873,월세,02,경기도 여주시 현암동,여주시,현암동,500,53,0,48.1,14.55,4,"넓은1,5룸,에어컨2대,붙박이장,풀옵션,대신,이천출 퇴근편",https://www.zigbang.com/home/apt/items/49063873
2026-05-28 07:29:35,원룸,49010796,월세,01,경기도 여주시 현암동,여주시,현암동,300,40,0,23.14,7.0,2,풀 옵션 집 상태 최상 생활권 편리 대신방향 출 퇴근편리,https://www.zigbang.com/home/apt/items/49010796
2026-05-28 07:29:35,원룸,49010737,월세,01,경기도 여주시 현암동,여주시,현암동,500,45,0,27.3,8.26,4,"풀옵션,이천,대신 출,퇴근편리,집상태 최상,햇살가득한 집",https://www.zigbang.com/home/apt/items/49010737
2026-05-28 07:29:36,원룸,49168999,월세,02,강원도 원주시 문막읍 문막리,원주시,문막읍,300,48,0,26,7.86,3,문막 볼링장 인근 1.5룸입니다,https://www.zigbang.com/home/apt/items/49168999
2026-05-28 07:29:36,원룸,49154154,월세,01,강원도 원주시 문막읍 후용리,원주시,문막읍,500,37,0,33.05,10.0,4,경동대 동문 앞 . 엘베 . 반학기 가능 . 천정형에어컨,https://www.zigbang.com/home/apt/items/49154154
2026-05-28 07:29:36,원룸,49046592,월세,02,강원도 원주시 문막읍 문막리,원주시,문막읍,300,45,0,29,8.77,3,문막 하나로마트 경동대셔틀 인근 1.5룸입니다,https://www.zigbang.com/home/apt/items/49046592
2026-05-28 07:29:36,원룸,49168952,월세,02,강원도 원주시 문막읍 동화리,원주시,문막읍,300,38,0,23.14,7.0,2,문막 완전 풀옵션  깔끔한 원룸  침대랜덤,https://www.zigbang.com/home/apt/items/49168952
2026-05-28 07:29:36,원룸,49086665,월세,01,강원도 원주시 문막읍 건등리,원주시,문막읍,300,42,0,22.4,6.78,3,문막초등학교 인근 깔끔한 원룸입니다,https://www.zigbang.com/home/apt/items/49086665
2026-05-28 07:29:36,원룸,49051437,월세,02,강원도 원주시 문막읍 동화리,원주시,문막읍,300,35,0,23.2,7.02,2,문막 동화초 인근 분리형원룸,https://www.zigbang.com/home/apt/items/49051437
2026-05-28 07:29:36,원룸,49051253,월세,02,강원도 원주시 문막읍 동화리,원주시,문막읍,300,37,0,23.14,7.0,3,동화리 원룸입니다 깔끔하고  실용적인 공간입니다,https://www.zigbang.com/home/apt/items/49051253
2026-05-28 07:29:36,원룸,49051189,월세,02,강원도 원주시 문막읍 동화리,원주시,문막읍,300,35,0,23.14,7.0,2,문막동화초인근 분리형원룸입니다,https://www.zigbang.com/home/apt/items/49051189
2026-05-28 07:29:36,원룸,49046591,월세,02,강원도 원주시 문막읍 동화리,원주시,문막읍,300,40,0,22.9,6.93,4,"문막 동화초등학교 인근 깔끔한 1,5룸 입니다",https://www.zigbang.com/home/apt/items/49046591
2026-05-28 07:29:36,원룸,49165132,월세,02,강원도 원주시 흥업면 흥업리,원주시,흥업면,200,31,0,36.38,11.0,3,"흥업리 가성비 좋은 신축급 1.5룸 풀옵션,붙박이장,좋은방",https://www.zigbang.com/home/apt/items/49165132
2026-05-28 07:29:36,원룸,49127798,월세,01,강원도 원주시 흥업면 흥업리,원주시,흥업면,100,30,0,33.06,10.0,1,"흥업리  강릉원주대 인근 올리모델링 풀풀옵션,단기 가능",https://www.zigbang.com/home/apt/items/49127798
2026-05-28 07:29:36,원룸,48886310,월세,01,강원도 원주시 흥업면 흥업리,원주시,흥업면,50,28,0,26.45,8.0,2,ㅣ스마트빌ㅣ인기만점 . 풀옵션ㅣ,https://www.zigbang.com/home/apt/items/48886310
2026-05-28 07:29:36,원룸,49159222,월세,01,강원도 원주시 무실동,원주시,무실동,300,30,0,29.75,9.0,2,깨끗 l 저렴l 조용한주택가 l 무실동 먹자상권 인근 원룸,https://www.zigbang.com/home/apt/items/49159222
2026-05-28 07:29:36,원룸,49063135,월세,02,강원도 원주시 단계동,원주시,단계동,300,43,0,38,11.49,2,봉화산푸르지오인근 준신축 1.5룸,https://www.zigbang.com/home/apt/items/49063135
2026-05-28 07:29:36,원룸,49031042,월세,02,강원도 원주시 무실동,원주시,무실동,500,45,0,42.97,13.0,3,"무실초인근 풀옵션1.5룸,공실 즉시입주 슬세권",https://www.zigbang.com/home/apt/items/49031042
2026-05-28 07:29:36,원룸,48941715,월세,02,강원도 원주시 무실동,원주시,무실동,300,38,0,26.45,8.0,3,풀옵션 1.5룸 ㅣ즉시 입주 ㅣ,https://www.zigbang.com/home/apt/items/48941715
2026-05-28 07:29:36,원룸,48919906,월세,01,강원도 원주시 단계동,원주시,단계동,500,40,0,33,9.98,2,"단계도 오피스텔식 원룸, 탁트인뷰, 해잘듬, 주차여유",https://www.zigbang.com/home/apt/items/48919906
2026-05-28 07:29:36,원룸,48890892,월세,01,강원도 원주시 단계동,원주시,단계동,500,40,0,26.44,8.0,2,클릭 AK백화점맞은편 준신축 풀옵션 오피스텔형 원룸,https://www.zigbang.com/home/apt/items/48890892
2026-05-28 07:29:36,원룸,48849084,월세,02,강원도 원주시 무실동,원주시,무실동,300,35,0,27,8.17,2,무실초부근 1.5룸 즉시입주,https://www.zigbang.com/home/apt/items/48849084
2026-05-28 07:29:37,원룸,49074349,월세,01,강원도 원주시 지정면 가곡리,원주시,지정면,500,45,0,39.66,12.0,옥탑방,엘베 O 감성 가득한 기업도시 옥탑 원룸 . 전망 좋은 집,https://www.zigbang.com/home/apt/items/49074349
2026-05-28 07:29:37,원룸,49102781,월세,02,강원도 원주시 단계동,원주시,단계동,30,30,0,29.75,9.0,3,ll1개월.동물OKll주차짱ll,https://www.zigbang.com/home/apt/items/49102781
2026-05-28 07:29:37,원룸,49055266,월세,01,강원도 원주시 단계동,원주시,단계동,300,33,0,42,12.7,옥탑방,"신축, 풀옵, 옥탑방, 즉시입주,  주변주차편리",https://www.zigbang.com/home/apt/items/49055266
2026-05-28 07:29:37,원룸,49035437,월세,02,강원도 원주시 단계동,원주시,단계동,300,48,0,36,10.89,2,엘리베이터 있는ㅣ 완전 좋은 1.5룸ㅣ즉시입주 ㅣ,https://www.zigbang.com/home/apt/items/49035437
2026-05-28 07:29:37,원룸,48920056,월세,02,강원도 원주시 단계동,원주시,단계동,300,48,0,35,10.59,2,햇살좋은 엘베있는 준신축 1.5룸,https://www.zigbang.com/home/apt/items/48920056
2026-05-28 07:29:37,원룸,48867749,월세,02,강원도 원주시 단계동,원주시,단계동,300,45,0,33.5,10.13,2,엘베 O 주차 편리 l 신축급 컨디션 깔끔 1.5룸,https://www.zigbang.com/home/apt/items/48867749
2026-05-28 07:29:37,원룸,49148224,월세,02,강원도 원주시 우산동,원주시,우산동,300,35,0,33.06,10.0,3,"우산동 상지대 인근 신축급 1.5룸 풀풀옵션,남향,예쁜방",https://www.zigbang.com/home/apt/items/49148224
2026-05-28 07:29:37,원룸,49118906,월세,01,강원도 원주시 우산동,원주시,우산동,200,30,0,33.06,10.0,3,"우산동 롯데리아 인근 깨끗한 풀옵션,해가 잘드는방,단기가능",https://www.zigbang.com/home/apt/items/49118906
2026-05-28 07:29:37,원룸,49085773,월세,02,강원도 원주시 단계동,원주시,단계동,300,40,0,42.98,13.0,3,"단계동 신축1.5룸 풀옵션,예쁜방,식탁,옷장,주차공간 여유",https://www.zigbang.com/home/apt/items/49085773
2026-05-28 07:29:37,원룸,49082675,월세,02,강원도 원주시 단계동,원주시,단계동,300,28,0,26.45,8.0,2,단계동 하이마트부근ㅣ 깨끗한 원룸ㅣ즉시입주 ㅣ,https://www.zigbang.com/home/apt/items/49082675
2026-05-28 07:29:37,원룸,49082412,월세,02,강원도 원주시 우산동,원주시,우산동,6000,5,0,34,10.28,4,상지대 도보 5분ㅣ준 신축 1.5룸ㅣ빠른입주 가능ㅣ,https://www.zigbang.com/home/apt/items/49082412
2026-05-28 07:29:37,원룸,49015516,월세,02,강원도 원주시 우산동,원주시,우산동,300,40,0,42.98,13.0,2,"우산동 신축급1.5룸 풀풀옵션,상지대 도보로 5분여,예쁜방",https://www.zigbang.com/home/apt/items/49015516
2026-05-28 07:29:37,원룸,48913981,월세,02,강원도 원주시 우산동,원주시,우산동,100,26,0,29.75,9.0,2,ll6개월OK.몽땅포함ll풀옵션.초저렴ll,https://www.zigbang.com/home/apt/items/48913981
2026-05-28 07:29:37,원룸,48627046,월세,02,강원도 원주시 단계동,원주시,단계동,200,32,0,33.06,10.0,2,주차와생활권편리 풀옵션깨끗한 분리형,https://www.zigbang.com/home/apt/items/48627046
2026-05-28 07:29:25,원룸,48728560,월세,01,서울시 도봉구 쌍문동,도봉구,쌍문동,500,45,0,20,6.05,5,ll주차무료ll 엘베O 사이즈 큰방 즉시입주,https://www.zigbang.com/home/apt/items/48728560
2026-05-28 07:29:25,원룸,48543694,월세,01,서울시 도봉구 쌍문동,도봉구,쌍문동,3000,25,0,25,7.56,2,SW 넓은 운동장 같은 뽀송하게 관리 잘된 풀옵션 원룸,https://www.zigbang.com/home/apt/items/48543694
2026-05-28 07:29:39,원룸,49075177,월세,01,경기도 남양주시 화도읍 마석우리,남양주시,화도읍,500,55,0,26.1,7.9,7,마석역앞 풀옵션 6월초,https://www.zigbang.com/home/apt/items/49075177
2026-05-28 07:29:41,원룸,49115092,전세,01,경기도 포천시 일동면 기산리,포천시,일동면,4500,0,0,25,7.56,5,시내 인근에 위치한 리모델링한 원룸 전세 반전세 월세임대,https://www.zigbang.com/home/apt/items/49115092
2026-05-28 07:29:41,원룸,49078475,전세,03,경기도 포천시 일동면 기산리,포천시,일동면,5000,0,0,35,10.59,1,시내에서 약간떨어진 조용한곳에 위치한 복층형원룸 전세임대,https://www.zigbang.com/home/apt/items/49078475
2026-05-28 07:29:41,원룸,49014499,월세,01,경기도 포천시 일동면 기산리,포천시,일동면,500,30,0,25,7.56,2,약간 시외에 떨어진 조용한곳에 위치한 원룸 임대 단기가능,https://www.zigbang.com/home/apt/items/49014499
2026-05-28 07:29:41,원룸,48883871,월세,01,경기도 포천시 일동면 기산리,포천시,일동면,3500,15,0,25,7.56,1,시내 주택가에 위치한  원룸 반전세 전세 1층 임대,https://www.zigbang.com/home/apt/items/48883871
2026-05-28 07:29:43,원룸,49140410,월세,01,강원도 홍천군 홍천읍 희망리,홍천군,홍천읍,300,30,0,19.83,6.0,3,터미널뒤 작은원룸.,https://www.zigbang.com/home/apt/items/49140410
2026-05-28 07:29:43,원룸,49101883,월세,01,강원도 홍천군 홍천읍 연봉리,홍천군,홍천읍,1000,35,0,30,9.07,7,홍천읍내권 및 홍천 조망  홍천터미널 도보3분거리위치함,https://www.zigbang.com/home/apt/items/49101883
2026-05-28 07:29:43,원룸,49085990,월세,01,강원도 홍천군 홍천읍 연봉리,홍천군,홍천읍,500,45,0,30,9.07,6,아파트형 원룸 풀옵션 엘리베이터 有,https://www.zigbang.com/home/apt/items/49085990
2026-05-28 07:29:43,원룸,49041572,월세,02,강원도 홍천군 홍천읍 연봉리,홍천군,홍천읍,500,40,0,33.06,10.0,2,"분리형 원룸,터미널도보가능 상태최상 굿 굿",https://www.zigbang.com/home/apt/items/49041572
2026-05-28 07:29:43,원룸,49041425,월세,02,강원도 홍천군 홍천읍 연봉리,홍천군,홍천읍,500,45,0,33.06,10.0,3,분리형원룸 집상태깔끔,https://www.zigbang.com/home/apt/items/49041425
2026-05-28 07:29:43,원룸,49002806,월세,01,강원도 홍천군 홍천읍 연봉리,홍천군,홍천읍,500,40,0,26.45,8.0,3,풀옵션원룸 하은타워.,https://www.zigbang.com/home/apt/items/49002806
2026-05-28 07:29:43,원룸,49000486,월세,02,강원도 홍천군 홍천읍 연봉리,홍천군,홍천읍,500,40,0,33.06,10.0,4,단독테라스 이쁜인테리어집 분리형원룸,https://www.zigbang.com/home/apt/items/49000486
2026-05-28 07:29:43,원룸,48932060,월세,01,강원도 홍천군 홍천읍 연봉리,홍천군,홍천읍,500,33,0,33.06,10.0,4,오픈형원룸풀풀옵션상태굿굿,https://www.zigbang.com/home/apt/items/48932060
2026-05-28 07:29:43,원룸,48925186,월세,01,강원도 홍천군 홍천읍 연봉리,홍천군,홍천읍,500,45,0,29,8.77,8,아파트형원룸 풀옵션 엘리베이터 有,https://www.zigbang.com/home/apt/items/48925186
2026-05-28 07:29:43,원룸,48645910,월세,01,강원도 홍천군 홍천읍 연봉리,홍천군,홍천읍,2000,30,0,33.06,10.0,6,홍천터미널 인근 홍천강 조망  풀옵션 원룸 전망매우좋음,https://www.zigbang.com/home/apt/items/48645910
2026-05-28 07:29:44,원룸,49166676,월세,02,강원도 춘천시 동내면 학곡리,춘천시,동내면,500,45,0,30,9.07,4,학곡리 신축 풀옵션 넓고 깨끗한 최상급 1.5룸 입니다.,https://www.zigbang.com/home/apt/items/49166676
2026-05-28 07:29:44,원룸,49162695,월세,02,강원도 춘천시 동내면 학곡리,춘천시,동내면,500,42,0,28,8.47,4,화이트 AAA급 인테리어 대박,https://www.zigbang.com/home/apt/items/49162695
2026-05-28 07:29:44,원룸,49162624,월세,02,강원도 춘천시 동내면 학곡리,춘천시,동내면,500,43,0,26,7.86,4,"ㅁㅁ 학곡리 신축 풀옵션, 탑층 1.5룸,",https://www.zigbang.com/home/apt/items/49162624
2026-05-28 07:29:44,원룸,49025894,월세,02,강원도 춘천시 신동면 증리,춘천시,신동면,500,40,0,26,7.86,2,ㅣ김유정역 부근ㅣ대로변 위치ㅣ주차편리ㅣ신축원룸ㅣ,https://www.zigbang.com/home/apt/items/49025894
2026-05-28 07:29:47,원룸,49167554,전세,02,경상북도 문경시 모전동,문경시,모전동,6000,0,0,40,12.1,2,상태가 아주 좋은 미니투룸으로 풀옵션입니다.,https://www.zigbang.com/home/apt/items/49167554
2026-05-28 07:29:47,원룸,49167367,전세,02,경상북도 문경시 모전동,문경시,모전동,7000,0,0,40,12.1,2,분리형 미니투룸으로 엘베가 있으며 상태 최강입니다,https://www.zigbang.com/home/apt/items/49167367
2026-05-28 07:29:47,원룸,49126005,월세,02,경상북도 문경시 모전동,문경시,모전동,500,40,0,39.67,12.0,4,문경시청앞 미니투룸,https://www.zigbang.com/home/apt/items/49126005
2026-05-28 07:29:47,원룸,48963186,월세,02,경상북도 문경시 모전동,문경시,모전동,500,43,0,30,9.07,4,엘레베이트있는 분리형원룸,https://www.zigbang.com/home/apt/items/48963186
2026-05-28 07:29:47,원룸,49169997,월세,01,경상북도 문경시 모전동,문경시,모전동,500,40,0,27,8.17,3,문경제일병원 공원 옆 신축 원룸,https://www.zigbang.com/home/apt/items/49169997
2026-05-28 07:29:47,원룸,49169706,월세,02,경상북도 문경시 모전동,문경시,모전동,300,34,0,46.28,14.0,3,분리형 원룸 월세,https://www.zigbang.com/home/apt/items/49169706
2026-05-28 07:29:47,원룸,49169696,월세,01,경상북도 문경시 모전동,문경시,모전동,300,31,0,25,7.56,3,풀옵션 원룸 월세입니다.,https://www.zigbang.com/home/apt/items/49169696
2026-05-28 07:29:47,원룸,49169682,월세,02,경상북도 문경시 모전동,문경시,모전동,300,36,0,39.67,12.0,2,미니투룸 월세입니다.,https://www.zigbang.com/home/apt/items/49169682
2026-05-28 07:29:47,원룸,49166999,월세,02,경상북도 문경시 모전동,문경시,모전동,300,30,0,35,10.59,2,분리형원룸입니다,https://www.zigbang.com/home/apt/items/49166999
2026-05-28 07:29:47,원룸,49146427,월세,02,경상북도 문경시 모전동,문경시,모전동,300,30,0,29.75,9.0,2,전망이좋고 깨끗한 여중지구원룸,https://www.zigbang.com/home/apt/items/49146427
2026-05-28 07:29:47,원룸,49146382,월세,02,경상북도 문경시 모전동,문경시,모전동,300,30,0,32,9.68,3,방이넓고 깨끗한 여중지구 미투급원룸 .,https://www.zigbang.com/home/apt/items/49146382
2026-05-28 07:29:47,원룸,49132569,전세,01,경상북도 문경시 모전동,문경시,모전동,6000,0,0,30,9.07,4,문경여중앞 신축 오피스텔형 원룸,https://www.zigbang.com/home/apt/items/49132569
2026-05-28 07:29:47,원룸,49069391,월세,02,경상북도 문경시 모전동,문경시,모전동,300,30,0,26.5,8.02,2,방이깔끔하고 깨끗한 여중앞원룸,https://www.zigbang.com/home/apt/items/49069391
2026-05-28 07:29:47,원룸,49069317,월세,02,경상북도 문경시 모전동,문경시,모전동,300,30,0,29.75,9.0,3,방이깨끗하고 분리되어있는 여중지구원룸,https://www.zigbang.com/home/apt/items/49069317
2026-05-28 07:29:47,원룸,48963016,월세,01,경상북도 문경시 흥덕동,문경시,흥덕동,100,30,0,30,9.07,3,신흥시장인근에 위치한 원룸.세탁기공용사용,https://www.zigbang.com/home/apt/items/48963016
2026-05-28 07:29:47,원룸,49100184,월세,01,경상북도 문경시 신기동,문경시,신기동,300,30,0,29.75,9.0,3,저렴한 신기동원룸,https://www.zigbang.com/home/apt/items/49100184
2026-05-28 07:29:52,원룸,48978514,월세,01,경상북도 영주시 휴천동,영주시,휴천동,300,30,0,23.14,7.0,3,"남산초등학교,롯데마트 인근 원룸",https://www.zigbang.com/home/apt/items/48978514
2026-05-28 07:29:52,원룸,48875389,월세,01,경상북도 영주시 하망동,영주시,하망동,200,30,0,18,5.44,2,저렴한 풀옵션 원룸,https://www.zigbang.com/home/apt/items/48875389
2026-05-28 07:29:53,원룸,49099828,월세,02,경상북도 영주시 가흥동,영주시,가흥동,300,45,0,39.67,12.0,3,"제일고,서부초 인근 신축급 미니투룸",https://www.zigbang.com/home/apt/items/49099828
2026-05-28 07:29:53,원룸,49077476,월세,02,경상북도 영주시 영주동,영주시,영주동,300,34,0,25,7.56,4,영광중.롯데시네마 인근 엘베 있는 원룸,https://www.zigbang.com/home/apt/items/49077476
2026-05-28 07:29:55,원룸,49080646,월세,02,충청북도 제천시 왕암동,제천시,왕암동,300,36,0,33.05,10.0,3,휴일없음 I 왕암동 엘베 있는 최신축 풀옵션 넓은 원룸,https://www.zigbang.com/home/apt/items/49080646
2026-05-28 07:29:55,원룸,49031608,월세,02,충청북도 제천시 왕암동,제천시,왕암동,500,41,0,30,9.07,3,휴일없음.왕암동 바이오벨리 깨끗한 신축 미투,https://www.zigbang.com/home/apt/items/49031608
2026-05-28 07:29:55,원룸,49028165,월세,02,충청북도 제천시 왕암동,제천시,왕암동,500,41,0,40,12.1,3,즉시입주0도시가스O미니투룸 O풀옵션O깔끔한방0,https://www.zigbang.com/home/apt/items/49028165
2026-05-28 07:29:55,원룸,49004529,월세,02,충청북도 제천시 왕암동,제천시,왕암동,500,45,0,42.98,13.0,3,"왕암동코아루인근,신축미니투룸,풀옵션,도시가스",https://www.zigbang.com/home/apt/items/49004529
2026-05-28 07:29:55,원룸,48835347,월세,01,충청북도 제천시 왕암동,제천시,왕암동,300,36,0,30,9.07,2,왕암동제약회사인근0풀옵션0깔끔한방0,https://www.zigbang.com/home/apt/items/48835347
2026-05-28 07:29:56,원룸,48919188,월세,01,충청북도 제천시 송학면 도화리,제천시,송학면,100,30,0,20,6.05,2,휴일없음 의림지 풀옵션 저렴한 원룸,https://www.zigbang.com/home/apt/items/48919188
2026-05-28 07:29:59,원룸,49166487,월세,02,경상북도 안동시 옥동,안동시,옥동,300,34,0,33.06,10.0,3,옥동사거리 부근 준신축   원룸 월세,https://www.zigbang.com/home/apt/items/49166487
2026-05-28 07:29:59,원룸,49166467,월세,02,경상북도 안동시 태화동,안동시,태화동,300,36,0,45,13.61,4,엘베있는 오피스텔형 원룸 넓직 크기BIG 햇살까지 덤으로,https://www.zigbang.com/home/apt/items/49166467
2026-05-28 07:29:59,원룸,49166407,월세,02,경상북도 안동시 태화동,안동시,태화동,300,36,0,42,12.7,4,태화삼거리 부근 오피스텔형  미니투룸 월세,https://www.zigbang.com/home/apt/items/49166407
2026-05-28 07:29:59,원룸,49155440,월세,02,경상북도 안동시 태화동,안동시,태화동,1000,43,0,50.9,15.4,2,태화동 신축급 빅사이즈 미니투룸,https://www.zigbang.com/home/apt/items/49155440
2026-05-28 07:29:59,원룸,49155333,월세,02,경상북도 안동시 태화동,안동시,태화동,300,31,0,30,9.07,3,태화동 준신축급 깔끔한 원룸 월세,https://www.zigbang.com/home/apt/items/49155333
2026-05-28 07:29:59,원룸,49150677,월세,02,경상북도 안동시 운안동,안동시,운안동,300,26,0,35,10.59,2,NEW운안동 제비원축산인근 분리형 화이트톤 원룸입니당,https://www.zigbang.com/home/apt/items/49150677
2026-05-28 07:29:59,원룸,49125530,월세,01,경상북도 안동시 송현동,안동시,송현동,300,36,0,49.59,15.0,4,ar 송현에세 제일이쁜집 오피스텔형,https://www.zigbang.com/home/apt/items/49125530
2026-05-28 07:29:59,원룸,49122765,월세,02,경상북도 안동시 송현동,안동시,송현동,300,30,0,35,10.59,3,HOT송현 귀한 준신축 즉시입주가능 NEW방크기 깡패,https://www.zigbang.com/home/apt/items/49122765
2026-05-28 07:29:59,원룸,49121052,월세,02,경상북도 안동시 운안동,안동시,운안동,500,39,0,49.59,15.0,3,1 햇살 좋은 방 넓고 깔끔한 중문 있는 미니투룸,https://www.zigbang.com/home/apt/items/49121052
2026-05-28 07:29:59,원룸,49121024,월세,02,경상북도 안동시 태화동,안동시,태화동,100,15,0,33.06,10.0,2,1 즉시입주가능 이 구역 초 저렴이 분리형 원룸,https://www.zigbang.com/home/apt/items/49121024
2026-05-28 07:29:59,원룸,49086039,월세,02,경상북도 안동시 송현동,안동시,송현동,300,27,0,33.06,10.0,2,엘베ok 송현 오거리 big 사이즈 풀옵션 원룸,https://www.zigbang.com/home/apt/items/49086039
2026-05-28 07:29:59,원룸,49060882,월세,02,경상북도 안동시 송현동,안동시,송현동,300,29,0,35,10.59,3,그레이 모노톤 신축 NEW선착순 한분만 모셔용,https://www.zigbang.com/home/apt/items/49060882
2026-05-28 07:29:59,원룸,48703120,전세,02,경상북도 안동시 태화동,안동시,태화동,7500,0,0,66.11,20.0,3,1 LH가능 보증보험가능 귀함 햇살  가득 정투룸,https://www.zigbang.com/home/apt/items/48703120
2026-05-28 07:29:59,원룸,49125540,월세,02,경상북도 안동시 당북동,안동시,당북동,500,46,0,66.12,20.0,4,AR 서부초 인근 최저가 풀옵션 정투룸 월세,https://www.zigbang.com/home/apt/items/49125540
2026-05-28 07:29:59,원룸,49086130,월세,02,경상북도 안동시 당북동,안동시,당북동,300,36,0,49.59,15.0,3,금액에 놀라고 크기에 놀란다 미니투룸,https://www.zigbang.com/home/apt/items/49086130
2026-05-28 07:29:59,원룸,49084321,월세,01,경상북도 안동시 동문동,안동시,동문동,200,27,0,30,9.07,3,"상지대, 안동 의료원 인근 준신축 건물 깔끔한 풀옵션 원룸",https://www.zigbang.com/home/apt/items/49084321
2026-05-28 07:29:59,원룸,49050413,월세,02,경상북도 안동시 율세동,안동시,율세동,2500,19,0,33.06,10.0,2,1 상지대 올리모델링 즉시입주가능 전기만 따로,https://www.zigbang.com/home/apt/items/49050413
2026-05-28 07:30:33,원룸,48999096,월세,02,강원도 강릉시 옥계면 현내리,강릉시,옥계면,200,42,0,33.06,10.0,2,금진항 차량 약8분거리 위치한 깔끔한 미투.,https://www.zigbang.com/home/apt/items/48999096
2026-05-28 07:30:33,원룸,48999085,월세,01,강원도 강릉시 옥계면 현내리,강릉시,옥계면,200,35,0,19.83,6.0,2,옥계면 하나로마트 인근 깔끔한 원룸,https://www.zigbang.com/home/apt/items/48999085
2026-05-28 07:30:33,원룸,48999070,월세,01,강원도 강릉시 옥계면 현내리,강릉시,옥계면,200,35,0,19.83,6.0,3,옥계면사무소 앞에 위치해 있는 원룸,https://www.zigbang.com/home/apt/items/48999070
2026-05-28 07:30:33,원룸,48999063,월세,02,강원도 강릉시 옥계면 현내리,강릉시,옥계면,200,45,0,33.06,10.0,4,강릉시 옥계면 면사무소 앞 깔끔한 미투.,https://www.zigbang.com/home/apt/items/48999063
2026-05-28 07:30:36,원룸,49121636,월세,01,강원도 강릉시 회산동,강릉시,회산동,200,35,0,18.45,5.58,4,편리한 도시형 생활주택,https://www.zigbang.com/home/apt/items/49121636
2026-05-28 07:30:36,원룸,49068523,월세,01,강원도 강릉시 내곡동,강릉시,내곡동,100,50,0,30,9.07,2,블루밍 더베스트 인근. 크고 깨끗한 원룸..,https://www.zigbang.com/home/apt/items/49068523
2026-05-28 07:30:36,원룸,49067090,월세,01,강원도 강릉시 내곡동,강릉시,내곡동,300,40,0,24.6,7.44,3,보건소 인근 대로변 위치 좋은 원룸..,https://www.zigbang.com/home/apt/items/49067090
2026-05-28 07:30:36,원룸,49031408,월세,02,강원도 강릉시 내곡동,강릉시,내곡동,200,50,0,55.98,16.93,반지하,내곡 관대 1.5룸 월세 임대입니다,https://www.zigbang.com/home/apt/items/49031408
2026-05-28 07:30:36,원룸,49019848,월세,01,강원도 강릉시 내곡동,강릉시,내곡동,200,30,0,23.14,7.0,3,"자이 아파트 인근, 베란다 있음,주차양호.도로변,인근..",https://www.zigbang.com/home/apt/items/49019848
2026-05-28 07:30:36,원룸,49019743,전세,01,강원도 강릉시 회산동,강릉시,회산동,4500,0,0,30,9.07,2,서희 힐스테이트 인근 크고 깨끗한 원룸 전세..,https://www.zigbang.com/home/apt/items/49019743
2026-05-28 07:30:36,원룸,48994689,월세,01,강원도 강릉시 내곡동,강릉시,내곡동,100,35,0,28,8.47,2,...관동대 인근 풀옵션 원룸,https://www.zigbang.com/home/apt/items/48994689
2026-05-28 07:30:36,원룸,48969675,월세,01,강원도 강릉시 내곡동,강릉시,내곡동,100,30,0,25.57,7.73,1,남산공원근처 원룸임대,https://www.zigbang.com/home/apt/items/48969675
2026-05-28 07:30:36,원룸,48934378,전세,01,강원도 강릉시 회산동,강릉시,회산동,6000,0,0,20.35,6.16,4,회산동 관동타운 전세입니다,https://www.zigbang.com/home/apt/items/48934378
2026-05-28 07:30:36,원룸,49071272,월세,01,강원도 강릉시 송정동,강릉시,송정동,500,50,0,28,8.47,2,송정바다 7분내외 도보거리.준 신축급 큰 방..,https://www.zigbang.com/home/apt/items/49071272
2026-05-28 07:30:36,원룸,49110832,월세,02,강원도 강릉시 노암동,강릉시,노암동,500,40,0,33.5,10.13,2,강릉교육문화관 인근 신축급 분리형1.5룸 ....,https://www.zigbang.com/home/apt/items/49110832
2026-05-28 07:30:36,원룸,49064018,월세,02,강원도 강릉시 노암동,강릉시,노암동,500,60,0,38.22,11.56,2,테라스공간 이용편리한 투룸 .,https://www.zigbang.com/home/apt/items/49064018
2026-05-28 07:30:37,원룸,49065365,월세,01,강원도 강릉시 안현동,강릉시,안현동,100,36,0,29.89,9.04,1,전원속의 원룸 풀옵션 단기가능 아산병원 차량5분 주차편리,https://www.zigbang.com/home/apt/items/49065365
2026-05-28 07:31:15,원룸,49114399,월세,02,강원도 양양군 양양읍 구교리,양양군,양양읍,1000,57,0,33,9.98,3,양양구교리언덕길 양양초교 부근 신축 분리형 풀옵션 1.5룸,https://www.zigbang.com/home/apt/items/49114399
2026-05-28 07:31:16,원룸,49092790,월세,02,강원도 속초시 조양동,속초시,조양동,500,50,0,33.06,10.0,2,1.5룸 저렴한 월세,https://www.zigbang.com/home/apt/items/49092790
2026-05-28 07:31:16,원룸,49020091,월세,02,강원도 속초시 조양동,속초시,조양동,500,60,0,42,12.7,2,투룸 풀옵션 남향 조용하고 주택좋아요,https://www.zigbang.com/home/apt/items/49020091
2026-05-28 07:31:16,원룸,48917938,월세,02,강원도 속초시 조양동,속초시,조양동,100,65,0,36.36,11.0,1,한달 단기 임대,https://www.zigbang.com/home/apt/items/48917938
2026-05-28 07:32:20,원룸,49164372,월세,01,경상북도 포항시 남구 해도동,포항시 남구,해도동,200,23,0,30,9.07,4,해도운하인근 주차편한 깔끔한 원룸,https://www.zigbang.com/home/apt/items/49164372
2026-05-28 07:32:20,원룸,49127815,월세,01,경상북도 포항시 남구 해도동,포항시 남구,해도동,200,20,0,30,9.07,4,운하인근 주차편한 깔끔한 방,https://www.zigbang.com/home/apt/items/49127815
2026-05-28 07:33:47,빌라투룸,49132024,월세,05,제주도 서귀포시 대정읍 구억리,서귀포시,대정읍,500,90,0,80,24.2,3,대정영어마을인근.예쁜3룸.남향.년월세.반려동물ok,https://www.zigbang.com/home/apt/items/49132024
2026-05-28 07:33:47,빌라투룸,49097025,월세,04,제주도 서귀포시 대정읍 구억리,서귀포시,대정읍,500,70,0,60,18.15,2,대정영어마을인근.깨끗넓은투룸.풀옵션.월세.반려동물가능,https://www.zigbang.com/home/apt/items/49097025
2026-05-28 07:33:47,빌라투룸,49068091,월세,04,제주도 제주시 한림읍 협재리,제주시,한림읍,1000,125,0,82.3,24.9,2,협재해수욕장인근 협재브리타니2차 30평형 투룸 풀옵션.연세,https://www.zigbang.com/home/apt/items/49068091
2026-05-28 07:33:53,빌라투룸,48914902,전세,04,제주도 제주시 애월읍 하귀1리,제주시,애월읍,22000,0,0,71.95,21.76,2,전세대출가능 하귀휴먼시아입구 넓은 투룸  보증보험가능,https://www.zigbang.com/home/apt/items/48914902
2026-05-28 07:33:54,빌라투룸,49165178,월세,04,제주도 제주시 노형동,제주시,노형동,500,73,0,35.54,10.75,2,노형2지구 투룸 옵션있음 노형중학교인근,https://www.zigbang.com/home/apt/items/49165178
2026-05-28 07:33:54,빌라투룸,49165148,전세,04,제주도 제주시 노형동,제주시,노형동,35000,0,0,67.77,20.5,4,노형성당인근 넓은투룸 복층 테라스 전세권1순위,https://www.zigbang.com/home/apt/items/49165148
2026-05-28 07:33:54,빌라투룸,49162043,월세,05,제주도 제주시 애월읍 광령리,제주시,애월읍,1000,1500,0,120,36.3,3,"년세만 가능1,200만, 화장실2개인 쓰리룸, 주차 좋음",https://www.zigbang.com/home/apt/items/49162043
2026-05-28 07:33:54,빌라투룸,49051207,월세,04,제주도 제주시 노형동,제주시,노형동,500,54,0,60,18.15,1,"노형초 부근의 투룸, 년세만 가능650만, 무옵션",https://www.zigbang.com/home/apt/items/49051207
2026-05-28 07:33:54,빌라투룸,49050696,월세,05,제주도 제주시 노형동,제주시,노형동,200,50,0,66.12,20.0,3,"년세만 가능600만, 즉시 입주,  노옵션",https://www.zigbang.com/home/apt/items/49050696
2026-05-28 07:33:54,빌라투룸,48963423,월세,05,제주도 제주시 노형동,제주시,노형동,1300,108,0,67.69,20.48,2,노형동.월산마음.애조로인근.주택가.방3화2.깔끔.연세만,https://www.zigbang.com/home/apt/items/48963423
2026-05-28 07:33:54,빌라투룸,49165156,전세,05,제주도 제주시 외도이동,제주시,외도이동,29000,0,0,59.82,18.1,4,확트인뷰 외도초인근 신축첫입주 3룸 쓰리룸 즉시입주,https://www.zigbang.com/home/apt/items/49165156
2026-05-28 07:33:54,빌라투룸,49165135,월세,04,제주도 제주시 이호이동,제주시,이호이동,800,76,0,51.36,15.54,4,이호운동장인근 투룸 애완동물가능 즉시입주가능,https://www.zigbang.com/home/apt/items/49165135
2026-05-28 07:33:54,빌라투룸,49162064,월세,04,제주도 제주시 이호이동,제주시,이호이동,800,76,0,52.89,16.0,4,"6월15일 입주, 애견 가능,  1주차 가능, 풀옵션",https://www.zigbang.com/home/apt/items/49162064
2026-05-28 07:33:54,빌라투룸,49059096,월세,04,제주도 제주시 이호이동,제주시,이호이동,800,76,0,51.36,15.54,4,ㅁㅁ반려동물가능.이호.신축급.풀옵션2룸ㅁㅁ,https://www.zigbang.com/home/apt/items/49059096
2026-05-28 07:33:54,빌라투룸,49022614,월세,04,제주도 제주시 이호일동,제주시,이호일동,500,90,0,94,28.43,3,이호일동 넓은 풀풀옵션 투룸 연세,https://www.zigbang.com/home/apt/items/49022614
2026-05-28 07:33:54,빌라투룸,48889303,월세,04,제주도 제주시 이호일동,제주시,이호일동,300,65,0,42.98,13.0,3,"애견가능.즉시입주, 풀옵션, 주차 좋음",https://www.zigbang.com/home/apt/items/48889303
2026-05-28 07:33:54,빌라투룸,49023911,매매,05,제주도 제주시 외도일동,제주시,외도일동,36500,0,36500,84.7,25.62,5,외도일동 3억대 아파트 전용26평 넓은 쓰리룸 매매,https://www.zigbang.com/home/apt/items/49023911
2026-05-28 07:33:54,빌라투룸,48997239,매매,05,제주도 제주시 외도일동,제주시,외도일동,37000,0,37000,68.62,20.76,3,외도일동 3억대 저렴한 신축 아파트 첫입주 쓰리룸 매매,https://www.zigbang.com/home/apt/items/48997239
2026-05-28 07:33:54,빌라투룸,48972838,월세,04,제주도 제주시 외도일동,제주시,외도일동,500,67,0,39.67,12.0,2,"즉시 입주, 년세만 가능 800만, 무옵션, 1주차 가능",https://www.zigbang.com/home/apt/items/48972838
2026-05-28 07:33:54,빌라투룸,48956529,월세,04,제주도 제주시 외도일동,제주시,외도일동,1000,83,0,45.14,13.65,2,외도일동 조용한 위치 한라산 바다뷰 신축 풀옵션 투룸 년세,https://www.zigbang.com/home/apt/items/48956529
2026-05-28 07:33:54,빌라투룸,48620333,매매,05,제주도 제주시 외도일동,제주시,외도일동,46500,0,46500,84.53,25.57,5,도시가스O 외도일동 실면적 약35평 남향집 넓은쓰리룸 매매,https://www.zigbang.com/home/apt/items/48620333
2026-05-28 07:34:07,빌라투룸,48952614,전세,05,제주도 제주시 조천읍 와흘리,제주시,조천읍,30000,0,0,100,30.25,1,반려O 조천와흘리사무소 인근 마당 넓은 쓰리룸 알파룸 전세,https://www.zigbang.com/home/apt/items/48952614
2026-05-28 07:34:07,빌라투룸,49167627,월세,04,제주도 제주시 조천읍 조천리,제주시,조천읍,150,115,0,62.49,18.9,3,애견가능남향투룸단기가능,https://www.zigbang.com/home/apt/items/49167627
2026-05-28 07:34:07,빌라투룸,48620385,월세,04,제주도 제주시 조천읍 신촌리,제주시,조천읍,100,100,0,58.48,17.69,2,조천읍 신촌리 신축 첫입주 귀한 풀옵션급 저렴한 투룸 년세,https://www.zigbang.com/home/apt/items/48620385
2026-05-28 07:34:07,빌라투룸,49165186,월세,05,제주도 제주시 도련일동,제주시,도련일동,1000,100,0,63.95,19.34,2,신일해피트리아파트 방3화2 리모델링완료 신축급 도시가스,https://www.zigbang.com/home/apt/items/49165186
2026-05-28 07:34:07,빌라투룸,49152731,월세,05,제주도 제주시 도련일동,제주시,도련일동,1500,133,0,94.37,28.55,3,삼화초인접.삼화지구.복층형방3화2.테라스O.연세O.깔끔,https://www.zigbang.com/home/apt/items/49152731
2026-05-28 07:34:07,빌라투룸,49148030,월세,04,제주도 제주시 화북일동,제주시,화북일동,100,50,0,48.9,14.79,2,연세 600만원  입주 빠르신분 연세 조금 절충가능,https://www.zigbang.com/home/apt/items/49148030
2026-05-28 07:34:07,빌라투룸,49148010,월세,04,제주도 제주시 삼양이동,제주시,삼양이동,300,75,0,66,19.96,3,삼양해수욕장인근 풀옵션 투룸,https://www.zigbang.com/home/apt/items/49148010
2026-05-28 07:34:07,빌라투룸,49122422,월세,05,제주도 제주시 삼양이동,제주시,삼양이동,1000,100,0,68.66,20.77,4,B삼양이동.주택가.바다뷰.엘베O.1주차.반려가능.방3화2,https://www.zigbang.com/home/apt/items/49122422
2026-05-28 07:34:07,빌라투룸,48983501,매매,05,제주도 제주시 화북일동,제주시,화북일동,13000,0,13000,80.1,24.23,4,화북종합시장인근 쓰리룸빌라 매매 4층,https://www.zigbang.com/home/apt/items/48983501
2026-05-28 07:34:07,빌라투룸,48931121,월세,04,제주도 제주시 도련이동,제주시,도련이동,500,79,0,61.63,18.64,4,도련 교통안전공단인근의 복층투룸.연세만가능,https://www.zigbang.com/home/apt/items/48931121
2026-05-28 07:34:07,빌라투룸,48905881,월세,05,제주도 제주시 도련일동,제주시,도련일동,1000,133,0,74.1,22.42,1,도련일동 삼화초 인근 깔끔하고 넓은 신축 쓰리룸 년세,https://www.zigbang.com/home/apt/items/48905881
2026-05-28 07:34:07,빌라투룸,48891884,월세,04,제주도 제주시 도련일동,제주시,도련일동,1000,100,0,51.69,15.64,3,도련일동 신축급 화이트톤인테리어 깔끔 옵션O 투룸 반려 X,https://www.zigbang.com/home/apt/items/48891884
2026-05-28 07:34:07,빌라투룸,48850649,월세,04,제주도 제주시 삼양이동,제주시,삼양이동,900,75,0,50,15.12,2,연세 900만원  삼양해수욕장인근 컨디션 좋은 투룸,https://www.zigbang.com/home/apt/items/48850649
2026-05-28 07:34:07,빌라투룸,48845883,월세,04,제주도 제주시 삼양이동,제주시,삼양이동,900,75,0,49.59,15.0,2,투룸.삼양해안가인근.에어컨3대.풀옵션.세대1주차 연세O,https://www.zigbang.com/home/apt/items/48845883
2026-05-28 07:34:07,빌라투룸,48620326,월세,05,제주도 제주시 도련일동,제주시,도련일동,1000,129,0,67.33,20.37,3,도련일동 삼화초 인근 깔끔한 신축 복층 쓰리룸 테라스 년세,https://www.zigbang.com/home/apt/items/48620326
2026-05-28 07:35:44,빌라투룸,49153167,매매,05,전라남도 진도군 조도면 맹골도리,진도군,조도면,10000,0,10000,66.88,20.23,2,테스트 매물입니다,https://www.zigbang.com/home/apt/items/49153167
2026-05-28 07:35:44,빌라투룸,49141521,월세,04,전라남도 진도군 조도면 맹골도리,진도군,조도면,12222,122,0,36.36,11.0,1,테스트흐테스트흐테스트흐테스트흐테스트흐테스트fgfff,https://www.zigbang.com/home/apt/items/49141521
2026-05-28 07:35:52,빌라투룸,48994163,전세,05,전라남도 진도군 조도면 맹골도리,진도군,조도면,5000,0,0,66.88,20.23,1,테스트 매물입니다.,https://www.zigbang.com/home/apt/items/48994163
2026-05-28 07:36:18,빌라투룸,49098274,월세,04,전라남도 목포시 상동,목포시,상동,300,45,0,39.67,12.0,2,신세계 병원 부근 아주 조용하고 주차장 있는 투룸,https://www.zigbang.com/home/apt/items/49098274
2026-05-28 07:36:22,빌라투룸,49062303,월세,04,전라남도 무안군 삼향읍 남악리,무안군,삼향읍,500,50,0,60,18.15,3,투룸 방2 풀옵션 즉입주,https://www.zigbang.com/home/apt/items/49062303
2026-05-28 07:36:22,빌라투룸,48703433,월세,04,전라남도 목포시 옥암동,목포시,옥암동,500,45,0,33.06,10.0,1,부주동사무소 부근 깨끗하고 조용한 신축투룸,https://www.zigbang.com/home/apt/items/48703433
2026-05-28 07:36:22,빌라투룸,49108534,월세,04,전라남도 목포시 상동,목포시,상동,200,38,0,49.59,15.0,3,버스터미널 부근 깨끗하고 조용한 투룸,https://www.zigbang.com/home/apt/items/49108534
2026-05-28 07:36:22,빌라투룸,48819722,월세,04,전라남도 목포시 상동,목포시,상동,200,38,0,33.33,10.08,3,버스터미널 부근 넓고 깨끗한 투룸,https://www.zigbang.com/home/apt/items/48819722
2026-05-28 07:37:31,빌라투룸,49148549,월세,04,전라북도 군산시 오식도동,군산시,오식도동,100,35,0,40,12.1,3,근처가 조용한 투룸,https://www.zigbang.com/home/apt/items/49148549
2026-05-28 07:37:31,빌라투룸,49046820,월세,04,전라북도 군산시 오식도동,군산시,오식도동,100,35,0,45.7,13.82,4,방2 화장실2,https://www.zigbang.com/home/apt/items/49046820
2026-05-28 07:38:13,빌라투룸,49141883,월세,04,광주시 광산구 옥동,광산구,옥동,200,44,0,18.18,5.5,3,II P II 신축 l 엘베 l 화이트톤 l 모든매물보유,https://www.zigbang.com/home/apt/items/49141883
2026-05-28 07:38:13,빌라투룸,49136418,월세,04,광주시 광산구 선암동,광산구,선암동,300,39,0,33.88,10.25,2,ㅁ 선암동 투룸 ㅁ 가성비 굿 인기매물 ㅁ,https://www.zigbang.com/home/apt/items/49136418
2026-05-28 07:38:13,빌라투룸,49136028,월세,06,광주시 광산구 월전동,광산구,월전동,500,91,0,110,33.27,4,평동 ㄹㅈㄷ 깨끗한 안집 앞뒤베란다 옵션있어요,https://www.zigbang.com/home/apt/items/49136028
2026-05-28 07:38:13,빌라투룸,49101397,월세,04,광주시 광산구 월전동,광산구,월전동,300,41,0,39.68,12.0,3,II P II 리모델링 l 평동 l 엘베 l 풀옵션 l,https://www.zigbang.com/home/apt/items/49101397
2026-05-28 07:38:13,빌라투룸,49003408,월세,04,광주시 광산구 선암동,광산구,선암동,300,41,0,32,9.68,2,KOREAㅇ외국인noㅇ호대도보3분ㅇ남향ㅇ정투룸ㅇ구조잘빠진집,https://www.zigbang.com/home/apt/items/49003408
2026-05-28 07:38:13,빌라투룸,48964429,월세,06,광주시 광산구 선암동,광산구,선암동,2000,86,0,99.2,30.01,3,II P II 복층 주인세대 I 단독 테라스 I 대형사이즈,https://www.zigbang.com/home/apt/items/48964429
2026-05-28 07:38:13,빌라투룸,48947133,월세,04,광주시 광산구 월전동,광산구,월전동,300,36,0,36,10.89,3,KOREAㅇ조정가ㅇ반려가ㅇ내국인전용ㅇ풀옵션투룸ㅇEV,https://www.zigbang.com/home/apt/items/48947133
2026-05-28 07:38:13,빌라투룸,48899316,월세,04,광주시 광산구 월전동,광산구,월전동,200,46,0,30.34,9.18,2,KOREAㅇ조정가ㅇ화이트톤ㅇ넓은정투룸ㅇEVㅇ,https://www.zigbang.com/home/apt/items/48899316
2026-05-28 07:38:13,빌라투룸,48841843,월세,04,광주시 광산구 선암동,광산구,선암동,300,39,0,34,10.28,2,KORㅇ리모델링ㅇ갓성비ㅇ선암매물전체보유ㅇ,https://www.zigbang.com/home/apt/items/48841843
2026-05-28 07:38:13,빌라투룸,49134756,월세,04,광주시 남구 임암동,남구,임암동,200,38,0,26.11,7.9,3,임암동 화이트톤 깔끔한방 채광굿,https://www.zigbang.com/home/apt/items/49134756
2026-05-28 07:38:13,빌라투룸,48977629,월세,05,광주시 남구 임암동,남구,임암동,500,51,0,29.84,9.03,2,ll P ll 실제 가격 ll 실제 매물 ll 신축 쓰리룸,https://www.zigbang.com/home/apt/items/48977629
2026-05-28 07:38:13,빌라투룸,48878794,월세,04,광주시 남구 임암동,남구,임암동,300,41,0,21.37,6.46,4,ll P ll 실제 가격 ll 실제 매물 ll 신축 투룸,https://www.zigbang.com/home/apt/items/48878794
2026-05-28 07:38:13,빌라투룸,48875816,월세,05,광주시 서구 풍암동,서구,풍암동,500,66,0,52.89,16.0,2,ll P ll 애완 가능 l 에어컨 2대 l 건조기 옵션,https://www.zigbang.com/home/apt/items/48875816
2026-05-28 07:38:13,빌라투룸,48875771,월세,04,광주시 서구 풍암동,서구,풍암동,300,31,0,52.89,16.0,2,ll P ll 실제 가격 l 실제 매물 l 화장실 리모델링,https://www.zigbang.com/home/apt/items/48875771
2026-05-28 07:38:13,빌라투룸,48875750,월세,04,광주시 서구 풍암동,서구,풍암동,300,30,0,46.28,14.0,3,ll P ll 실제 가격 ll 실제 매물 ll 리모델링 l,https://www.zigbang.com/home/apt/items/48875750
2026-05-28 07:38:13,빌라투룸,48855666,월세,05,광주시 서구 풍암동,서구,풍암동,500,68,0,47,14.22,2,ㅣ메타ㅣ풍암2지구 인근 A급 컨디션 쓰리룸. 에어컨2대,https://www.zigbang.com/home/apt/items/48855666
2026-05-28 07:38:13,빌라투룸,48855574,월세,05,광주시 서구 풍암동,서구,풍암동,500,43,0,47,14.22,2,ㅣ메타ㅣ풍암고 인근 넓은 쓰리룸. 조용한반려동물 가능,https://www.zigbang.com/home/apt/items/48855574
2026-05-28 07:38:13,빌라투룸,48852575,월세,06,광주시 서구 풍암동,서구,풍암동,2000,81,0,133.62,40.42,4,II P II 40평대 주인세대 I 옥상 단독사용 I,https://www.zigbang.com/home/apt/items/48852575
2026-05-28 07:38:13,빌라투룸,48712581,월세,04,광주시 서구 쌍촌동,서구,쌍촌동,500,42,0,27.67,8.37,3,신축급.에어컨2대.보증금조정가,https://www.zigbang.com/home/apt/items/48712581
2026-05-28 07:38:16,빌라투룸,49092747,월세,04,전라남도 화순군 화순읍 신기리,화순군,화순읍,300,48,0,46.28,14.0,3,ㅣ문화센터부근ㅣ방2ㅣ거실1ㅣ살림적합ㅣ,https://www.zigbang.com/home/apt/items/49092747
2026-05-28 07:38:16,빌라투룸,49149131,월세,05,광주시 남구 양림동,남구,양림동,1000,48,0,43,13.01,2,양림동 몇없는 깔끔한 화이트톤 방,https://www.zigbang.com/home/apt/items/49149131
2026-05-28 07:38:16,빌라투룸,49146349,월세,05,광주시 동구 서석동,동구,서석동,500,56,0,27.61,8.35,4,ㅇㅡ조대 치대 신축 쓰리룸ㅡㅇ화이트톤ㅇ세상깔끔ㅇ,https://www.zigbang.com/home/apt/items/49146349
2026-05-28 07:38:16,빌라투룸,49146331,월세,05,광주시 동구 학동,동구,학동,300,41,0,29.6,8.95,4,ㅇㅡ전대병원 코앞 쓰리룸ㅡㅇ화이트톤ㅇ세상깔끔ㅇ,https://www.zigbang.com/home/apt/items/49146331
2026-05-28 07:38:16,빌라투룸,49146273,월세,05,광주시 동구 지산동,동구,지산동,300,31,0,38.69,11.7,3,ㅇㅡ법원 산수동 쓰리룸ㅡㅇ깨끗한화장실ㅇ세상넓음ㅇ,https://www.zigbang.com/home/apt/items/49146273
2026-05-28 07:38:16,빌라투룸,49144150,월세,04,광주시 동구 서석동,동구,서석동,300,46,0,38,11.49,2,I 라운드 I 인기많은 매물 I 깨끗한 방 I 실매물 l,https://www.zigbang.com/home/apt/items/49144150
2026-05-28 07:38:16,빌라투룸,49142603,월세,04,광주시 동구 지산동,동구,지산동,200,34,0,39.66,12.0,3,ㅣ조대7분거리ㅣ리모델링ㅣ화이트톤ㅣ눈부신채광ㅣ가성비ㅣ넓음ㅣ,https://www.zigbang.com/home/apt/items/49142603
2026-05-28 07:38:16,빌라투룸,49134818,월세,05,광주시 남구 방림동,남구,방림동,200,43,0,43,13.01,2,방림동 최고가성비 쓰리룸 넓은거실 채광완전굿,https://www.zigbang.com/home/apt/items/49134818
2026-05-28 07:38:16,빌라투룸,49129547,월세,04,광주시 남구 봉선동,남구,봉선동,300,34,0,31.77,9.61,2,ㅣ봉선동 끝판왕ㅣ 가성비 좋은방ㅣ,https://www.zigbang.com/home/apt/items/49129547
2026-05-28 07:38:16,빌라투룸,49112628,월세,04,광주시 동구 지산동,동구,지산동,300,36,0,28.6,8.65,2,ㅇㅡ조대사대 신축급 투룸ㅡㅇ화이트톤ㅇ가성비굿ㅇ,https://www.zigbang.com/home/apt/items/49112628
2026-05-28 07:38:16,빌라투룸,49052402,월세,05,광주시 남구 방림동,남구,방림동,300,43,0,37.21,11.26,2,ㅁ 방림동 가성비갑 쓰리룸 ㅁ 귀한매물 ㅁ,https://www.zigbang.com/home/apt/items/49052402
2026-05-28 07:38:16,빌라투룸,49049978,월세,04,광주시 동구 서석동,동구,서석동,300,43,0,18.91,5.72,2,ㅇㅡ조대 정문 신축급 투룸ㅡㅇ화이트톤ㅇ세상깔끔ㅇ,https://www.zigbang.com/home/apt/items/49049978
2026-05-28 07:38:16,빌라투룸,49048894,월세,04,광주시 동구 대인동,동구,대인동,200,28,0,40.11,12.13,2,P㉧INT III 눈부신채광 III 합리적인가격 III,https://www.zigbang.com/home/apt/items/49048894
2026-05-28 07:38:16,빌라투룸,49015831,월세,05,광주시 남구 방림동,남구,방림동,300,43,0,47.11,14.25,2,P㉧INT III 눈부신채광 III 합리적인가격 III,https://www.zigbang.com/home/apt/items/49015831
2026-05-28 07:38:16,빌라투룸,48972197,월세,06,광주시 동구 지산동,동구,지산동,3000,131,0,77.98,23.59,4,ㅇㅡ신축 첫입주ㅡㅇ복층형 최고급 안집ㅇ,https://www.zigbang.com/home/apt/items/48972197
2026-05-28 07:38:16,빌라투룸,48735021,월세,04,광주시 동구 지산동,동구,지산동,300,41,0,33.8,10.22,3,ㅇㅡ조대후문 4분ㅡㅇ초대형투룸ㅇ세상깔끔ㅇ,https://www.zigbang.com/home/apt/items/48735021
2026-05-28 07:38:24,빌라투룸,49161577,월세,04,경상남도 남해군 이동면 무림리,남해군,이동면,500,59,0,36.36,11.0,1,"남해, 독채, 별장 사용 가능",https://www.zigbang.com/home/apt/items/49161577
2026-05-28 07:38:25,빌라투룸,49145174,월세,04,전라남도 광양시 광양읍 덕례리,광양시,광양읍,150,35,0,34,10.28,3,산단 출퇴근 편한 투룸,https://www.zigbang.com/home/apt/items/49145174
2026-05-28 07:38:25,빌라투룸,49144388,월세,04,전라남도 광양시 광양읍 덕례리,광양시,광양읍,150,33,0,36,10.89,4,덕례리 깔끔한 투룸. 인근산단.순천여수 출퇴근용이,https://www.zigbang.com/home/apt/items/49144388
2026-05-28 07:38:25,빌라투룸,49144270,월세,04,전라남도 광양시 광양읍 덕례리,광양시,광양읍,200,33,0,36,10.89,2,덕례리 주차 좋고 조용한 투룸,https://www.zigbang.com/home/apt/items/49144270
2026-05-28 07:38:25,빌라투룸,49144237,월세,04,전라남도 광양시 광양읍 덕례리,광양시,광양읍,200,45,0,40,12.1,3,덕례리 신축급 엘리베이터 있는 투룸,https://www.zigbang.com/home/apt/items/49144237
2026-05-28 07:38:25,빌라투룸,49144313,월세,04,전라남도 광양시 광양읍 덕례리,광양시,광양읍,200,41,0,36,10.89,2,덕례리 엘베있는 신축급 투룸,https://www.zigbang.com/home/apt/items/49144313
2026-05-28 07:38:27,빌라투룸,49169894,월세,04,전라남도 구례군 문척면 중산리,구례군,문척면,200,35,0,33.1,10.01,1,잔기요양하실분..단기도가능,https://www.zigbang.com/home/apt/items/49169894
2026-05-28 07:39:03,빌라투룸,49001937,월세,04,경상남도 사천시 사천읍 정의리,사천시,사천읍,1000,36,0,40,12.1,3,즉시입주 가능한 투룸 ㅣ 깔끔한 풀옵션투룸,https://www.zigbang.com/home/apt/items/49001937
2026-05-28 07:39:03,빌라투룸,49043578,월세,04,경상남도 진주시 정촌면 예하리,진주시,정촌면,1000,63,0,52.89,16.0,3,정촌 예하리 신축 깔끔한 거실 넓고 좋은 투룸,https://www.zigbang.com/home/apt/items/49043578
2026-05-28 07:39:03,빌라투룸,49013106,월세,04,경상남도 진주시 정촌면 예하리,진주시,정촌면,300,34,0,40,12.1,3,원룸가격의 미니투룸 즉시입주가능,https://www.zigbang.com/home/apt/items/49013106
2026-05-28 07:39:03,빌라투룸,48952027,월세,04,경상남도 진주시 정촌면 예하리,진주시,정촌면,1000,56,0,50,15.12,2,깔끔한 거실 있는 투룸,https://www.zigbang.com/home/apt/items/48952027
2026-05-28 07:39:03,빌라투룸,48952002,월세,04,경상남도 진주시 정촌면 예하리,진주시,정촌면,300,34,0,39.67,12.0,2,예하리 미니 투룸 가성비 좋음,https://www.zigbang.com/home/apt/items/48952002
2026-05-28 07:39:03,빌라투룸,48931074,월세,04,경상남도 진주시 정촌면 예하리,진주시,정촌면,500,56,0,47.5,14.37,2,깔끔옵션 고급투룸,https://www.zigbang.com/home/apt/items/48931074
2026-05-28 07:39:03,빌라투룸,48931063,월세,04,경상남도 진주시 정촌면 예하리,진주시,정촌면,300,34,0,38.5,11.65,4,대박가격 인기투룸,https://www.zigbang.com/home/apt/items/48931063
2026-05-28 07:39:03,빌라투룸,49079882,월세,04,경상남도 진주시 가좌동,진주시,가좌동,2000,95,0,55,16.64,2,가좌동 신진주역세권 거실 넓은 귀한 투룸,https://www.zigbang.com/home/apt/items/49079882
2026-05-28 07:39:03,빌라투룸,49035609,월세,05,경상남도 진주시 가좌동,진주시,가좌동,5000,150,0,100.5,30.4,2,진주역세권 귀한신축 쓰리룸,https://www.zigbang.com/home/apt/items/49035609
2026-05-28 07:39:03,빌라투룸,49017498,월세,04,경상남도 진주시 가좌동,진주시,가좌동,500,63,0,50,15.12,3,경상대투룸 ㅣ 거실공간 넓음,https://www.zigbang.com/home/apt/items/49017498
2026-05-28 07:39:05,빌라투룸,49087516,월세,04,경상남도 통영시 정량동,통영시,정량동,2000,45,0,56.2,17.0,3,중앙동사무소 인근 사이즈 큰 깨끗한 투룸,https://www.zigbang.com/home/apt/items/49087516
2026-05-28 07:39:05,빌라투룸,49007357,월세,04,경상남도 통영시 정량동,통영시,정량동,1000,45,0,52.9,16.0,4,정량동 삼성타워 뒤 엘베있는 깨끗한 투룸 보1000월45,https://www.zigbang.com/home/apt/items/49007357
2026-05-28 07:39:05,빌라투룸,48961492,월세,04,경상남도 거제시 상동동,거제시,상동동,200,40,0,56.2,17.0,2,삼성명가 부근 깨끗하고  정투룸,https://www.zigbang.com/home/apt/items/48961492
2026-05-28 07:39:06,빌라투룸,49059458,월세,04,경상남도 거제시 고현동,거제시,고현동,300,45,0,49.58,15.0,3,"투룸ㅡ햇살 가득, 쾌적한 정투룸",https://www.zigbang.com/home/apt/items/49059458
2026-05-28 07:39:05,빌라투룸,49148732,월세,04,경상남도 거제시 고현동,거제시,고현동,300,35,0,42.98,13.0,3,ㅇ극강의 가성비 엘리베이터 도시가스 중문있는 정투룸ㅇ,https://www.zigbang.com/home/apt/items/49148732
2026-05-28 07:39:05,빌라투룸,49145356,월세,04,경상남도 거제시 고현동,거제시,고현동,300,40,0,56.2,17.0,4,대성오하시스부근 정투룸,https://www.zigbang.com/home/apt/items/49145356
2026-05-28 07:39:05,빌라투룸,49145058,월세,04,경상남도 거제시 고현동,거제시,고현동,300,40,0,55,16.64,3,시장 시내 가까운 정투룸,https://www.zigbang.com/home/apt/items/49145058
2026-05-28 07:39:05,빌라투룸,49144820,월세,04,경상남도 거제시 고현동,거제시,고현동,300,40,0,56.2,17.0,3,정투룸남향 정투룸,https://www.zigbang.com/home/apt/items/49144820
2026-05-28 07:39:05,빌라투룸,49129240,월세,04,경상남도 거제시 장평동,거제시,장평동,200,45,0,49.58,15.0,2,정투룸ㅡ깔끔하고 쾌적한 투룸,https://www.zigbang.com/home/apt/items/49129240
2026-05-28 07:39:05,빌라투룸,49119011,월세,04,경상남도 거제시 장평동,거제시,장평동,300,38,0,49.59,15.0,4,"투룸ㅡ방2, 저렴하고 깔끔한 투룸",https://www.zigbang.com/home/apt/items/49119011
2026-05-28 07:39:05,빌라투룸,49051805,월세,04,경상남도 거제시 고현동,거제시,고현동,200,40,0,49.59,15.0,2,ㅇ테라스같은공간 신축 도시가스 대형 남향 정투룸ㅇ,https://www.zigbang.com/home/apt/items/49051805
2026-05-28 07:39:05,빌라투룸,49051800,월세,04,경상남도 거제시 고현동,거제시,고현동,300,40,0,49.59,15.0,4,ㅇ넓은방있습니다 도시가스 남향 정투룸ㅇ,https://www.zigbang.com/home/apt/items/49051800
2026-05-28 07:39:05,빌라투룸,48993058,월세,04,경상남도 거제시 고현동,거제시,고현동,300,40,0,49.58,15.0,3,ㅇ가장 이상적인방 도시가스 대형 동향 정투룸ㅇ,https://www.zigbang.com/home/apt/items/48993058
2026-05-28 07:39:05,빌라투룸,48977415,월세,04,경상남도 거제시 고현동,거제시,고현동,300,40,0,49.59,15.0,2,ㅇ커플 대환영 신축 도시가스 대형구조 정투룸ㅇ,https://www.zigbang.com/home/apt/items/48977415
2026-05-28 07:39:08,빌라투룸,49063380,전세,04,경상남도 창원시 진해구 제황산동,창원시 진해구,제황산동,4000,0,0,56.93,17.22,2,전진  주위 공기좋은주택  거실있는 2층독채,https://www.zigbang.com/home/apt/items/49063380
2026-05-28 07:39:08,빌라투룸,48881054,월세,04,경상남도 창원시 진해구 여좌동,창원시 진해구,여좌동,500,75,0,72.73,22.0,3,직빵 진해여고주변투룸 방2거실넓고풀옵션 침대쇼파완비,https://www.zigbang.com/home/apt/items/48881054
2026-05-28 07:39:14,빌라투룸,49121045,월세,04,경상남도 거제시 능포동,거제시,능포동,200,35,0,39.66,12.0,3,"시장인근  깨끗한 정투룸 중문 방2,욕실 거실 풀옵션",https://www.zigbang.com/home/apt/items/49121045
2026-05-28 07:39:14,빌라투룸,49105565,월세,04,경상남도 거제시 능포동,거제시,능포동,200,33,0,49.5,14.97,3,컨디션좋고 고급진 내부구조.외국인입주가능,https://www.zigbang.com/home/apt/items/49105565
2026-05-28 07:39:14,빌라투룸,49085732,월세,04,경상남도 거제시 능포동,거제시,능포동,100,25,0,26.4,7.99,2,조용하고 넓은 투룸,https://www.zigbang.com/home/apt/items/49085732
2026-05-28 07:39:14,빌라투룸,49069655,월세,04,경상남도 거제시 능포동,거제시,능포동,200,30,0,30.2,9.14,3,능포주민센터 부근 대로변,https://www.zigbang.com/home/apt/items/49069655
2026-05-28 07:39:14,빌라투룸,49068664,월세,04,경상남도 거제시 능포동,거제시,능포동,200,30,0,33.6,10.16,2,막힘없는 조용한 투룸,https://www.zigbang.com/home/apt/items/49068664
2026-05-28 07:39:16,빌라투룸,49145272,전세,04,경상남도 창원시 진해구 용원동,창원시 진해구,용원동,4000,0,0,45,13.61,3,신축건물의 방이 넓고 깔끔한 전세 투룸을 소개합니다.,https://www.zigbang.com/home/apt/items/49145272
2026-05-28 07:39:16,빌라투룸,49135028,월세,06,경상남도 창원시 진해구 용원동,창원시 진해구,용원동,5000,21,0,70,21.17,4,신축건물의 남향인 구조좋고 깔끔한 쓰리룸을 소개합니다.,https://www.zigbang.com/home/apt/items/49135028
2026-05-28 07:39:16,빌라투룸,49080106,월세,05,경상남도 창원시 진해구 용원동,창원시 진해구,용원동,4000,27,0,68,20.57,4,신축건물의 주방 거실 베란다 넓고 깔끔한 쓰리룸 소개합니다,https://www.zigbang.com/home/apt/items/49080106
2026-05-28 07:39:16,빌라투룸,49037829,월세,04,경상남도 창원시 진해구 용원동,창원시 진해구,용원동,500,35,0,45,13.61,3,신축건물의 방이 넓고 깔끔하고 구조좋은 투룸을 소개합니다.,https://www.zigbang.com/home/apt/items/49037829
2026-05-28 07:39:16,빌라투룸,48833761,월세,04,경상남도 창원시 진해구 용원동,창원시 진해구,용원동,200,35,0,45,13.61,3,"방과 거실,주방이 넓고 깔끔한 준신축의 투룸을 소개합니다.",https://www.zigbang.com/home/apt/items/48833761
2026-05-28 07:39:17,빌라투룸,49139342,월세,04,부산시 사하구 신평동,사하구,신평동,300,25,0,50,15.12,2,정남향ㅣ방2ㅣ에어컨ㅣ베란다ㅣ보증금조절,https://www.zigbang.com/home/apt/items/49139342
2026-05-28 07:39:17,빌라투룸,49133730,월세,04,부산시 사하구 신평동,사하구,신평동,500,25,0,49.59,15.0,2,리모델링주택ㅣ채광ㅣ방2ㅣ주차가능ㅣ보증금조절,https://www.zigbang.com/home/apt/items/49133730
2026-05-28 07:39:17,빌라투룸,49105432,전세,04,부산시 사하구 신평동,사하구,신평동,2500,0,0,50,15.12,2,저렴주택ㅣ방2ㅣ넓은화장실ㅣ보증금조절,https://www.zigbang.com/home/apt/items/49105432
2026-05-28 07:39:17,빌라투룸,49026478,월세,04,부산시 사하구 신평동,사하구,신평동,2000,20,0,50,15.12,1,올리모델링주택ㅣ방2ㅣ보증금조절,https://www.zigbang.com/home/apt/items/49026478
2026-05-28 07:39:17,빌라투룸,48813287,월세,04,부산시 사하구 신평동,사하구,신평동,300,25,0,49.59,15.0,4,리모델링주택ㅣ정남향ㅣ방2ㅣ베란다ㅣ옵션설치,https://www.zigbang.com/home/apt/items/48813287
2026-05-28 07:39:17,빌라투룸,49119799,월세,04,부산시 서구 부민동1가,서구,부민동1가,2800,25,0,26.75,8.09,4,부민동 동아대 맞은편 투룸,https://www.zigbang.com/home/apt/items/49119799
2026-05-28 07:39:17,빌라투룸,49098998,전세,04,부산시 서구 부민동1가,서구,부민동1가,8000,0,0,26.75,8.09,4,부민캠퍼스 도보 1분 방 1 거실 1 개인명의 월세가,https://www.zigbang.com/home/apt/items/49098998
2026-05-28 07:39:17,빌라투룸,49003886,전세,04,부산시 서구 부용동1가,서구,부용동1가,8000,0,0,25.83,7.81,2,부민캠퍼스 맢은편 투룸 전세 학생대출가능,https://www.zigbang.com/home/apt/items/49003886
2026-05-28 07:39:17,빌라투룸,48939690,전세,04,부산시 서구 동대신동1가,서구,동대신동1가,9000,0,0,22.93,6.94,3,방1 거실1 베란타공간과 다용도실까지 전세자금대출 가능,https://www.zigbang.com/home/apt/items/48939690
2026-05-28 07:39:17,빌라투룸,48939458,월세,04,부산시 중구 보수동2가,중구,보수동2가,500,45,0,21.6,6.53,6,방과 거실 주방따로 빠른입주 가능 전월세 조절가능,https://www.zigbang.com/home/apt/items/48939458
2026-05-28 07:39:17,빌라투룸,48901947,전세,04,부산시 서구 부용동1가,서구,부용동1가,9000,0,0,25.9,7.83,12,동아대 앞 가온빌리지 투룸,https://www.zigbang.com/home/apt/items/48901947
2026-05-28 07:39:17,빌라투룸,48893446,월세,04,부산시 서구 부용동2가,서구,부용동2가,2000,40,0,34.24,10.36,8,탑층 방2개로 두명이 살아도 되는집,https://www.zigbang.com/home/apt/items/48893446
2026-05-28 07:39:17,빌라투룸,48997448,월세,04,부산시 사상구 주례동,사상구,주례동,2000,35,0,57.84,17.5,1,.마당있는 독채 복층 방2칸.,https://www.zigbang.com/home/apt/items/48997448
2026-05-28 07:39:19,빌라투룸,49019231,월세,04,부산시 중구 대청동4가,중구,대청동4가,2000,55,0,29.77,9.01,3,남포동 가까운 깔끔한 투룸 2인거주 추천,https://www.zigbang.com/home/apt/items/49019231
2026-05-28 07:39:19,빌라투룸,48893405,월세,04,부산시 중구 대청동2가,중구,대청동2가,1000,50,0,29.98,9.07,2,남포동 중앙동 드레스룸 오피스텔,https://www.zigbang.com/home/apt/items/48893405
2026-05-28 07:39:19,빌라투룸,49133744,월세,05,부산시 남구 대연동,남구,대연동,150,65,0,29.69,8.98,3,단기 전입x 금액조절x,https://www.zigbang.com/home/apt/items/49133744
2026-05-28 07:39:19,빌라투룸,49133671,월세,05,부산시 남구 대연동,남구,대연동,100,65,0,29.88,9.04,5,전입x 단기 금액조절x,https://www.zigbang.com/home/apt/items/49133671
2026-05-28 07:39:19,빌라투룸,49131198,월세,04,부산시 남구 대연동,남구,대연동,100,55,0,26.66,8.06,3,단기 전입x 금액조절x 풀옵션,https://www.zigbang.com/home/apt/items/49131198
2026-05-28 07:39:19,빌라투룸,49130883,월세,04,부산시 남구 대연동,남구,대연동,100,55,0,18.67,5.65,4,단기 전입x 금액조절x 풀옵션,https://www.zigbang.com/home/apt/items/49130883
2026-05-28 07:39:19,빌라투룸,49067849,월세,04,부산시 남구 문현동,남구,문현동,1000,45,0,63.11,19.09,1,"내부 깨끗한 빌라주택 거실,방2,화1,애견가",https://www.zigbang.com/home/apt/items/49067849
2026-05-28 07:39:20,빌라투룸,49100873,월세,04,부산시 남구 용호동,남구,용호동,500,55,0,39.49,11.95,10,"가격대비 좋은 풀옵션 거실,방2,화1",https://www.zigbang.com/home/apt/items/49100873
2026-05-28 07:39:21,빌라투룸,49107260,월세,06,광주시 광산구 삼거동,광산구,삼거동,1000,81,0,122.16,36.95,3,II P II 신축 l 초대형 l 엘베 l 안집,https://www.zigbang.com/home/apt/items/49107260
2026-05-28 07:39:21,빌라투룸,49064812,월세,06,광주시 광산구 삼거동,광산구,삼거동,1000,60,0,58.92,17.82,2,O 가성비 끝판왕 O 희귀 매물 O 화이트톤 매물 O,https://www.zigbang.com/home/apt/items/49064812
2026-05-28 07:39:21,빌라투룸,49049033,월세,06,광주시 광산구 삼거동,광산구,삼거동,1000,81,0,125.3,37.9,2,ii 빛그린산단 안집 매물 ii 구조 최고 ii 주차편리,https://www.zigbang.com/home/apt/items/49049033
2026-05-28 07:39:21,빌라투룸,49159199,월세,04,광주시 광산구 오선동,광산구,오선동,300,36,0,36.36,11.0,3,II P II 신축급 l 엘베 l 화이트톤 l 풀옵션 l,https://www.zigbang.com/home/apt/items/49159199
2026-05-28 07:39:21,빌라투룸,49122393,월세,04,광주시 광산구 오선동,광산구,오선동,300,41,0,42,12.7,3,ㅁ강력추천 NOㅁ각방 에어컨 총2대 설치 풀옵션 투룸,https://www.zigbang.com/home/apt/items/49122393
2026-05-28 07:39:21,빌라투룸,49113800,월세,05,광주시 광산구 오선동,광산구,오선동,1000,91,0,82.19,24.86,4,II P II 신축급 l 엘베 l 세탁실 l 채광맛집,https://www.zigbang.com/home/apt/items/49113800
2026-05-28 07:39:21,빌라투룸,49094348,월세,04,광주시 광산구 오선동,광산구,오선동,300,37,0,42,12.7,4,ㅁNew화이트톤ㅁ수납공간굿 채광좋은 풀옵션 투룸,https://www.zigbang.com/home/apt/items/49094348
2026-05-28 07:39:21,빌라투룸,49052592,월세,04,광주시 광산구 오선동,광산구,오선동,300,37,0,36.54,11.05,2,ㅣ실시간 A급 인기매물ㅣ귀한매물ㅣ신축ㅣ채광 굿ㅣ,https://www.zigbang.com/home/apt/items/49052592
2026-05-28 07:39:33,빌라투룸,49149423,월세,04,전라북도 전주시 완산구 효자동3가,전주시 완산구,효자동3가,500,40,0,40,12.1,2,"ㅡ전주대,혁신도시 신축 투룸 채광굿ㅡ대리석 엘베有ㅡ",https://www.zigbang.com/home/apt/items/49149423
2026-05-28 07:39:33,빌라투룸,49147065,월세,05,전라북도 전주시 덕진구 만성동,전주시 덕진구,만성동,1000,63,0,66.78,20.2,3,ꯁ만성동 초귀한 쓰리룸ꯁ신축급 룸컨디션ꯁ좋은집은바로나가용,https://www.zigbang.com/home/apt/items/49147065
2026-05-28 07:39:33,빌라투룸,49141175,월세,04,전라북도 전주시 완산구 효자동3가,전주시 완산구,효자동3가,500,45,0,42.97,13.0,2,ㅁ건조기 ㅁ스텐바이미 ㅁ엘베  ㅁ풀옵션 신축 채광맛집 ㅁ,https://www.zigbang.com/home/apt/items/49141175
2026-05-28 07:39:33,빌라투룸,49135842,월세,04,전라북도 전주시 완산구 효자동3가,전주시 완산구,효자동3가,500,45,0,42.98,13.0,2,ㅡ엘베oㅡ대리석 신축  투룸ㅡ귀한 투룸 매물ㅡ대형 사이즈ㅡ,https://www.zigbang.com/home/apt/items/49135842
2026-05-28 07:39:33,빌라투룸,49047337,월세,04,전라북도 전주시 완산구 효자동3가,전주시 완산구,효자동3가,300,35,0,49.58,15.0,3,ㅁ 귀한 신축 나왔습네다ㅁ 깔끔깔끔 서두르세요ㅁ,https://www.zigbang.com/home/apt/items/49047337
2026-05-28 07:39:33,빌라투룸,49047335,월세,06,전라북도 전주시 덕진구 만성동,전주시 덕진구,만성동,5000,170,0,165.29,50.0,2,ㅁㅁ만성 최강 신축 주인세대ㅁ방마다 시스템 에어컨 ㅁ,https://www.zigbang.com/home/apt/items/49047335
2026-05-28 07:39:33,빌라투룸,48874303,월세,06,전라북도 전주시 덕진구 만성동,전주시 덕진구,만성동,5000,190,0,100,30.25,2,"만성동 신축 포룸 월세, 각 방 에어컨, 별도 드레스룸",https://www.zigbang.com/home/apt/items/48874303
2026-05-28 07:39:33,빌라투룸,48995497,매매,06,전라북도 전주시 완산구 중인동,전주시 완산구,중인동,19300,0,19300,84.29,25.5,4,"탁트인 모악산뷰 복층O, 엘베O",https://www.zigbang.com/home/apt/items/48995497
2026-05-28 07:39:33,빌라투룸,48995311,매매,06,전라북도 전주시 완산구 중인동,전주시 완산구,중인동,16500,0,16500,83.25,25.18,3,모악산뷰 꿈꾸던 전원생활가능 다세대주택매매,https://www.zigbang.com/home/apt/items/48995311
2026-05-28 07:39:33,빌라투룸,48925468,월세,04,전라북도 전주시 완산구 효자동2가,전주시 완산구,효자동2가,500,44,0,49.59,15.0,2,A신축ㄱ컨디션A채광맛집투룸A전주대학생추천A,https://www.zigbang.com/home/apt/items/48925468
2026-05-28 07:39:33,빌라투룸,48925219,월세,04,전라북도 전주시 완산구 효자동2가,전주시 완산구,효자동2가,500,37,0,46.28,14.0,2,A 컨디션A급투룸 A 투룸을 원룸금액으로 A구조좋고넓음 A,https://www.zigbang.com/home/apt/items/48925219
2026-05-28 07:39:33,빌라투룸,48894295,월세,04,전라북도 전주시 완산구 평화동2가,전주시 완산구,평화동2가,300,44,0,36.36,11.0,2,o투룸o 주방분리 상태깨끗 투룸,https://www.zigbang.com/home/apt/items/48894295
2026-05-28 07:39:33,빌라투룸,48891205,월세,04,전라북도 전주시 완산구 서완산동2가,전주시 완산구,서완산동2가,500,46,0,52.89,16.0,2,100실매물 예수병원도보5분 쓰리룸 싸이즈 신축 풀옵션투룸,https://www.zigbang.com/home/apt/items/48891205
2026-05-28 07:39:33,빌라투룸,48885630,월세,06,전라북도 전주시 완산구 평화동2가,전주시 완산구,평화동2가,3000,95,0,85,25.71,4,Main o지곡초 o특약시 애완동물 가능 o갓성비,https://www.zigbang.com/home/apt/items/48885630
2026-05-28 07:39:33,빌라투룸,48884770,월세,06,전라북도 전주시 완산구 삼천동1가,전주시 완산구,삼천동1가,3000,50,0,112,33.88,3,o삼천동주인세대o그린공원o방4o화장실2o생활권굿o즉시입주o,https://www.zigbang.com/home/apt/items/48884770
2026-05-28 07:39:33,빌라투룸,48879448,월세,04,전라북도 전주시 완산구 효자동2가,전주시 완산구,효자동2가,300,33,0,46.28,14.0,2,SS신시가지 옆 깔끔ㅁ위치 좋은 투룸 SS,https://www.zigbang.com/home/apt/items/48879448
2026-05-28 07:39:33,빌라투룸,48872784,월세,06,전라북도 전주시 완산구 삼천동1가,전주시 완산구,삼천동1가,2000,51,0,80,24.2,3,0삼천동포룸0 효문중0 방4개0 반려동물0 대식구도환영0,https://www.zigbang.com/home/apt/items/48872784
2026-05-28 07:39:33,빌라투룸,48847168,월세,04,전라북도 전주시 완산구 효자동1가,전주시 완산구,효자동1가,500,40,0,50,15.12,2,ㅁㅁ신축급투룸ㅁ효자동매물ㅁ위치최상ㅁ계약임박ㅁ인기매물ㅁㅁ,https://www.zigbang.com/home/apt/items/48847168
2026-05-28 07:39:33,빌라투룸,48845733,월세,04,전라북도 전주시 완산구 중화산동2가,전주시 완산구,중화산동2가,1000,46,0,49.59,15.0,3,100프로실매물 착한가격 올화이트톤 엘베 신축 풀옵션투룸,https://www.zigbang.com/home/apt/items/48845733
2026-05-28 07:39:33,빌라투룸,48827875,월세,06,전라북도 전주시 완산구 삼천동1가,전주시 완산구,삼천동1가,2000,31,0,62.8,19.0,3,o삼천동포룸o송정공원o가성비o반려동물o생활권굿o즉시입주o,https://www.zigbang.com/home/apt/items/48827875
2026-05-28 07:39:33,빌라투룸,48709818,월세,06,전라북도 전주시 완산구 효자동2가,전주시 완산구,효자동2가,2000,80,0,120,36.3,4,신시가지주인세대ㅇ초대형주인세대ㅇ인기매물ㅇ탁트인뷰ㅇ깨끗깔끔,https://www.zigbang.com/home/apt/items/48709818
2026-05-28 07:39:33,빌라투룸,48619333,전세,06,전라북도 전주시 완산구 삼천동1가,전주시 완산구,삼천동1가,7500,0,0,56.2,17.0,2,o포룸o 리모델링 방3 상태깨끗 포룸상가주택,https://www.zigbang.com/home/apt/items/48619333
2026-05-28 07:39:33,빌라투룸,48269108,월세,04,전라북도 전주시 완산구 중화산동2가,전주시 완산구,중화산동2가,200,30,0,45,13.61,2,ㅣ중화산동초특가ㅣ오늘의방ㅣ초대형투룸ㅣ거실에큰방1개ㅣK,https://www.zigbang.com/home/apt/items/48269108
2026-05-28 07:39:48,빌라투룸,48949471,월세,05,전라북도 군산시 미룡동,군산시,미룡동,1000,61,0,76.03,23.0,4,에어컨2대 풀옵션 흔치않은 주인세대 전체도배 복층화장실,https://www.zigbang.com/home/apt/items/48949471
2026-05-28 07:39:48,빌라투룸,48770193,월세,04,전라북도 군산시 옥서면 선연리,군산시,옥서면,300,37,0,52.89,16.0,2,HHH미군부대앞 풀옵션 넓은투룸 애완동물XHHH,https://www.zigbang.com/home/apt/items/48770193
2026-05-28 07:39:48,빌라투룸,49148547,월세,06,전라북도 군산시 오식도동,군산시,오식도동,300,55,0,59,17.85,4,옥탑방이 있는 포룸입니다.,https://www.zigbang.com/home/apt/items/49148547
2026-05-28 07:39:48,빌라투룸,49148541,월세,04,전라북도 군산시 오식도동,군산시,오식도동,100,30,0,40,12.1,3,조용하고 화장실이 2개인 투룸,https://www.zigbang.com/home/apt/items/49148541
2026-05-28 07:39:48,빌라투룸,49112782,월세,05,전라북도 군산시 오식도동,군산시,오식도동,200,51,0,40,12.1,4,화장실 2개 쓰리룸 단기가능,https://www.zigbang.com/home/apt/items/49112782
2026-05-28 07:39:48,빌라투룸,49112780,월세,04,전라북도 군산시 오식도동,군산시,오식도동,100,35,0,35.13,10.63,3,준신축 새만금캠퍼스 인근 투룸,https://www.zigbang.com/home/apt/items/49112780
2026-05-28 07:39:48,빌라투룸,49112779,월세,04,전라북도 군산시 오식도동,군산시,오식도동,100,35,0,30,9.07,3,위치좋고 구조 좋은 투룸,https://www.zigbang.com/home/apt/items/49112779
2026-05-28 07:39:48,빌라투룸,49081343,월세,04,전라북도 군산시 오식도동,군산시,오식도동,100,35,0,40.1,12.13,4,화장실2개투룸,https://www.zigbang.com/home/apt/items/49081343
2026-05-28 07:39:48,빌라투룸,49046785,월세,04,전라북도 군산시 오식도동,군산시,오식도동,100,35,0,40,12.1,2,귀한2층 투룸,https://www.zigbang.com/home/apt/items/49046785
2026-05-28 07:39:48,빌라투룸,48964728,월세,04,전라북도 군산시 오식도동,군산시,오식도동,150,43,0,54,16.33,4,거실이 넓은 쓰리룸 같은 투룸입니다.,https://www.zigbang.com/home/apt/items/48964728
2026-05-28 07:39:48,빌라투룸,48962031,월세,04,전라북도 군산시 오식도동,군산시,오식도동,100,35,0,48,14.52,1,쓰리룸같은 투룸,https://www.zigbang.com/home/apt/items/48962031
2026-05-28 07:39:48,빌라투룸,48950369,월세,04,전라북도 군산시 오식도동,군산시,오식도동,100,30,0,30,9.07,2,단기가능 해잘들고 위치좋음 투룸,https://www.zigbang.com/home/apt/items/48950369
2026-05-28 07:39:48,빌라투룸,48900916,월세,04,전라북도 군산시 오식도동,군산시,오식도동,100,45,0,33,9.98,2,화장실2개 투룸,https://www.zigbang.com/home/apt/items/48900916
2026-05-28 07:39:48,빌라투룸,48840178,월세,04,전라북도 군산시 오식도동,군산시,오식도동,100,35,0,40.1,12.13,4,화장실2  남향투룸,https://www.zigbang.com/home/apt/items/48840178
2026-05-28 07:39:52,빌라투룸,49139700,월세,04,전라북도 전주시 덕진구 여의동2가,전주시 덕진구,여의동2가,500,40,0,52.89,16.0,2,신축v대형투룸v탁트인뷰v깨끗v이쁨이쁨v귀한매물v살기좋은투룸,https://www.zigbang.com/home/apt/items/49139700
2026-05-28 07:39:52,빌라투룸,49088959,월세,04,전라북도 전주시 덕진구 여의동2가,전주시 덕진구,여의동2가,500,35,0,52.89,16.0,2,탁트인뷰v위치좋음v옵션좋음v살기좋은구조v채광좋음v살기좋은집,https://www.zigbang.com/home/apt/items/49088959
2026-05-28 07:39:52,빌라투룸,48832583,전세,04,전라북도 전주시 덕진구 여의동2가,전주시 덕진구,여의동2가,6000,0,0,38,11.49,2,Rmb관리비 없는 깔끔 투룸. 정남향 채광 좋음,https://www.zigbang.com/home/apt/items/48832583
2026-05-28 07:39:52,빌라투룸,49098507,월세,04,전라북도 완주군 삼례읍 삼례리,완주군,삼례읍,300,36,0,49.59,15.0,2,v삼례우석대v가성비v노고민v남향v2층v삼례초도보13분,https://www.zigbang.com/home/apt/items/49098507
2026-05-28 07:39:52,빌라투룸,49093889,월세,04,전라북도 완주군 삼례읍 삼례리,완주군,삼례읍,300,40,0,50,15.12,2,ㅁ엘베 ㅁ조용함 ㅁ넓은투룸 ㅁ가성비최고 ㅁ안심주택,https://www.zigbang.com/home/apt/items/49093889
2026-05-28 07:39:52,빌라투룸,48886858,월세,04,전라북도 완주군 삼례읍 삼례리,완주군,삼례읍,500,50,0,50,15.12,3,ꗄꗄ신축급ꗄꗄ풀옵션ꗄꗄ엘베ꗄꗄBEST투룸ꗄꗄ안심주택ꗄꗄ깔끔,https://www.zigbang.com/home/apt/items/48886858
2026-05-28 07:39:52,빌라투룸,48850223,월세,04,전라북도 완주군 삼례읍 삼례리,완주군,삼례읍,500,51,0,46.28,14.0,3,o엘베o우석대o약학과o삼례초o신축급o주차장o컨디션좋아요,https://www.zigbang.com/home/apt/items/48850223
2026-05-28 07:39:53,빌라투룸,49160681,월세,04,전라북도 전주시 덕진구 호성동1가,전주시 덕진구,호성동1가,500,30,0,52.89,16.0,2,호성동귀한투룸v상권최상v엘베v깨끗깔끔v탁트인뷰v옵션좋음v짱,https://www.zigbang.com/home/apt/items/49160681
2026-05-28 07:39:54,빌라투룸,49070070,전세,04,충청남도 논산시 취암동,논산시,취암동,12000,0,0,56.2,17.0,3,구조가좋고 신축...,https://www.zigbang.com/home/apt/items/49070070
2026-05-28 07:39:54,빌라투룸,48979039,전세,04,충청남도 논산시 취암동,논산시,취암동,12000,0,0,60,18.15,4,취암동 신축 투룸입니다,https://www.zigbang.com/home/apt/items/48979039
2026-05-28 07:39:54,빌라투룸,48968376,전세,05,충청남도 논산시 취암동,논산시,취암동,13000,0,0,52.9,16.0,5,복층쓰리룸...,https://www.zigbang.com/home/apt/items/48968376
2026-05-28 07:39:55,빌라투룸,48904547,전세,04,충청남도 논산시 연무읍 안심리,논산시,연무읍,6500,0,0,66.12,20.0,1,전원생활을느낄수있는집입니다.풀옵션입니다.,https://www.zigbang.com/home/apt/items/48904547
2026-05-28 07:39:55,빌라투룸,48955596,전세,04,충청남도 보령시 남포면 창동리,보령시,남포면,8000,0,0,58.4,17.67,3,남포 창동리 보건소 근처 204년생 깔끔한 빌라 전세,https://www.zigbang.com/home/apt/items/48955596
2026-05-28 07:39:55,빌라투룸,48837966,월세,04,충청남도 보령시 명천동,보령시,명천동,6000,20,0,16,4.84,3,"초,중 도보3분이내,생활권편리",https://www.zigbang.com/home/apt/items/48837966
2026-05-28 07:39:55,빌라투룸,48821486,월세,04,충청남도 보령시 명천동,보령시,명천동,6000,20,0,55,16.64,3,풀옵션 방2개 투룸 반전세,https://www.zigbang.com/home/apt/items/48821486
2026-05-28 07:39:56,빌라투룸,49168773,월세,04,충청남도 보령시 동대동,보령시,동대동,500,50,0,39.67,12.0,3,"신설사거리 근처 방2,주방겸거실 구조로 해가 잘 들어와요",https://www.zigbang.com/home/apt/items/49168773
2026-05-28 07:39:56,빌라투룸,49135964,전세,04,충청남도 보령시 동대동,보령시,동대동,8000,0,0,51,15.43,4,"풀옵션,방2,거실,편리한생활권",https://www.zigbang.com/home/apt/items/49135964
2026-05-28 07:39:56,빌라투룸,49138711,월세,04,충청남도 보령시 대천동,보령시,대천동,5000,40,0,48,14.52,2,"대천동 시내가까움, 엘레베이터있음,방2,거실",https://www.zigbang.com/home/apt/items/49138711
2026-05-28 07:39:56,빌라투룸,49124162,월세,04,충청남도 보령시 대천동,보령시,대천동,500,54,0,42.9,12.98,2,"구시 문화의전당근처 살기좋은 투룸 방2,거실구조",https://www.zigbang.com/home/apt/items/49124162
2026-05-28 07:39:56,빌라투룸,48983012,월세,05,충청남도 보령시 대천동,보령시,대천동,1000,60,0,84.57,25.58,2,대천동  동부아파트 근처 리모델링 하여 갈금한 쓰리룸월세,https://www.zigbang.com/home/apt/items/48983012
2026-05-28 07:39:56,빌라투룸,48953211,월세,05,충청남도 보령시 대천동,보령시,대천동,500,65,0,66.3,20.06,1,"대천동 구시  단독주택월세 방3,화1 구조 빠른입주가능해요",https://www.zigbang.com/home/apt/items/48953211
2026-05-28 07:39:56,빌라투룸,48953159,월세,04,충청남도 보령시 대천동,보령시,대천동,300,63,0,45,13.61,3,"구시  조용하고, 옵션있는 투룸 방2,거실",https://www.zigbang.com/home/apt/items/48953159
2026-05-28 07:39:56,빌라투룸,48919361,월세,04,충청남도 보령시 대천동,보령시,대천동,2000,50,0,40,12.1,2,대천여중 중부발전본사 근처 2017년생 방2개 구조 월세,https://www.zigbang.com/home/apt/items/48919361
2026-05-28 07:39:56,빌라투룸,48919168,전세,05,충청남도 보령시 대천동,보령시,대천동,14000,0,0,56.15,16.99,3,"대천여고 근처 2017년생  세련된 인터리어, 조용한 빌라",https://www.zigbang.com/home/apt/items/48919168
2026-05-28 07:39:56,빌라투룸,48837350,월세,04,충청남도 보령시 대천동,보령시,대천동,2000,60,0,57,17.24,3,"시내중심신축, 방2화2,넓게 빠진 투룸",https://www.zigbang.com/home/apt/items/48837350
2026-05-28 07:39:56,빌라투룸,49169672,월세,04,충청남도 보령시 명천동,보령시,명천동,1000,80,0,50,15.12,2,보령시청 앞 투룸,https://www.zigbang.com/home/apt/items/49169672
2026-05-28 07:39:56,빌라투룸,49166781,월세,04,충청남도 보령시 명천동,보령시,명천동,2000,70,0,60,18.15,2,신축급 투룸 월세 보증금 조절가능,https://www.zigbang.com/home/apt/items/49166781
2026-05-28 07:39:56,빌라투룸,49166443,월세,04,충청남도 보령시 명천동,보령시,명천동,1000,80,0,60,18.15,2,인프라좋은 신축급 월세 보증금 조절가능,https://www.zigbang.com/home/apt/items/49166443
2026-05-28 07:39:56,빌라투룸,49166341,월세,04,충청남도 보령시 명천동,보령시,명천동,6000,50,0,60,18.15,2,신축급 투룸  월세 보증금 조절가능,https://www.zigbang.com/home/apt/items/49166341
2026-05-28 07:39:56,빌라투룸,49003775,월세,04,충청남도 보령시 명천동,보령시,명천동,1000,80,0,50,15.12,2,즉시입주 명천택지 투룸,https://www.zigbang.com/home/apt/items/49003775
2026-05-28 07:39:56,빌라투룸,48914583,월세,04,충청남도 보령시 명천동,보령시,명천동,2000,80,0,55,16.64,2,명천택지 깨끗한 투룸,https://www.zigbang.com/home/apt/items/48914583
2026-05-28 07:40:03,빌라투룸,49144761,월세,04,세종시 장군면 봉안리,,장군면,300,60,0,40,12.1,3,"새롬동,나성동10분, 넓은 거실에 방2개,  투룸 월세",https://www.zigbang.com/home/apt/items/49144761
2026-05-28 07:40:03,빌라투룸,49060988,월세,04,세종시 장군면 봉안리,,장군면,500,60,0,38,11.49,3,"전자계산서발행가능,고운동,다정동5분,거실넓은풀옵션깔끔투룸",https://www.zigbang.com/home/apt/items/49060988
2026-05-28 07:40:03,빌라투룸,49168633,월세,04,세종시 장군면 봉안리,,장군면,300,60,0,38,11.49,3,"대출없음.새롬동,나성동,월송동10분 주방분리형 풀옵션 투룸",https://www.zigbang.com/home/apt/items/49168633
2026-05-28 07:40:10,빌라투룸,49167600,월세,04,대전시 서구 관저동,서구,관저동,3000,70,0,29.91,9.05,3,"풀옵션ㅣ애견동반 가능, 주방 분리, 붙박이장",https://www.zigbang.com/home/apt/items/49167600
2026-05-28 07:40:10,빌라투룸,49152258,월세,04,대전시 서구 관저동,서구,관저동,3000,70,0,29.82,9.02,3,Oo반려동물가능v풀옵션v신축투룸v붙박이장v중문oO,https://www.zigbang.com/home/apt/items/49152258
2026-05-28 07:40:10,빌라투룸,49150650,월세,04,대전시 서구 관저동,서구,관저동,3000,70,0,29.91,9.05,3,애견가능한.풀옵션 투룸.즉시입주가능한.위치좋은 신축,https://www.zigbang.com/home/apt/items/49150650
2026-05-28 07:40:10,빌라투룸,49148691,월세,04,대전시 서구 관저동,서구,관저동,2000,60,0,55,16.64,3,컨디션 최상 BEST 완벽 ꕥ투룸ꕥ 대전 전지역 매물보유,https://www.zigbang.com/home/apt/items/49148691
2026-05-28 07:40:10,빌라투룸,49136504,월세,05,대전시 서구 관저동,서구,관저동,1000,120,0,41.77,12.64,4,"O보증금월세조절O 신축쓰리룸, 단독테라스 O 주차완비",https://www.zigbang.com/home/apt/items/49136504
2026-05-28 07:40:10,빌라투룸,49133521,월세,05,대전시 서구 관저동,서구,관저동,1000,110,0,57.32,17.34,4,II보증금 월세 조절II 복층로망 신축 세련된 인테리어 O,https://www.zigbang.com/home/apt/items/49133521
2026-05-28 07:40:10,빌라투룸,49128842,월세,05,대전시 서구 관저동,서구,관저동,3000,110,0,50.87,15.39,2,"l보증금 월세 조절 가능 쓰리룸 , 아일랜드 식탁l",https://www.zigbang.com/home/apt/items/49128842
2026-05-28 07:40:10,빌라투룸,49079780,월세,04,대전시 서구 관저동,서구,관저동,500,70,0,39.19,11.85,4,"II보증금 월세조절II 극가성비 신축투룸 주차,엘베 O",https://www.zigbang.com/home/apt/items/49079780
2026-05-28 07:40:10,빌라투룸,48875784,월세,05,대전시 서구 관저동,서구,관저동,5000,100,0,85,25.71,2,관저동 채광 완벽한  ꕥ쓰리룸ꕥ 대전 전지역 매물보유,https://www.zigbang.com/home/apt/items/48875784
2026-05-28 07:40:10,빌라투룸,48874894,월세,04,대전시 서구 관저동,서구,관저동,2000,70,0,55,16.64,3,관저동 서대전IC부근교통짱  ꕥ투룸ꕥ 대전 전지역 매물보유,https://www.zigbang.com/home/apt/items/48874894
2026-05-28 07:40:10,빌라투룸,48874860,월세,05,대전시 서구 관저동,서구,관저동,5000,100,0,85,25.71,2,관저동 신축 채광좋고 깔끔 ꕥ쓰리룸ꕥ 대전 전지역 매물보유,https://www.zigbang.com/home/apt/items/48874860
2026-05-28 07:40:10,빌라투룸,49120338,월세,04,대전시 유성구 구암동,유성구,구암동,1000,50,0,50,15.12,2,oO반려동물가능v풀옵션투룸v채광좋은집Oo,https://www.zigbang.com/home/apt/items/49120338
2026-05-28 07:40:10,빌라투룸,49099948,월세,04,대전시 유성구 구암동,유성구,구암동,3000,70,0,60,18.15,3,"S 덕명네거리 S 신축급 , 로봇공원뷰 거실넓은 투룸",https://www.zigbang.com/home/apt/items/49099948
2026-05-28 07:40:10,빌라투룸,49099019,월세,04,대전시 유성구 구암동,유성구,구암동,1000,70,0,48.12,14.56,2,공원근처 주변맛집인프라 조용한주택가,https://www.zigbang.com/home/apt/items/49099019
2026-05-28 07:40:10,빌라투룸,49098271,월세,04,대전시 유성구 구암동,유성구,구암동,1000,70,0,48.12,14.56,2,공원근처 주변맛집인프라 조용한주택가,https://www.zigbang.com/home/apt/items/49098271
2026-05-28 07:40:10,빌라투룸,49034714,월세,04,대전시 유성구 구암동,유성구,구암동,500,55,0,50,15.12,2,"S덕명네거리S 정남향 풀옵션, 거실있는 투룸 베란다",https://www.zigbang.com/home/apt/items/49034714
2026-05-28 07:40:10,빌라투룸,49032853,월세,04,대전시 유성구 구암동,유성구,구암동,500,55,0,50,15.12,2,S 로봇공원 S 특가투룸 풀옵션 최저가임대 위치최상,https://www.zigbang.com/home/apt/items/49032853
2026-05-28 07:40:10,빌라투룸,48853719,월세,04,대전시 유성구 구암동,유성구,구암동,2000,50,0,50,15.12,2,ꕤ 반려동물가능 ꕤ 특가투룸 로봇공원 옵션가득 주차가능,https://www.zigbang.com/home/apt/items/48853719
2026-05-28 07:40:10,빌라투룸,48850593,월세,04,대전시 유성구 구암동,유성구,구암동,1000,55,0,50,15.12,2,"SS 신축급 깔끔 , 거실 있는 투룸 SS  베란다",https://www.zigbang.com/home/apt/items/48850593
2026-05-28 07:40:10,빌라투룸,48716848,월세,04,대전시 유성구 구암동,유성구,구암동,5000,50,0,47.21,14.28,3,로봇공원바로앞 조용한주택가 컨디션최상,https://www.zigbang.com/home/apt/items/48716848
2026-05-28 07:40:10,빌라투룸,48866794,월세,04,대전시 중구 선화동,중구,선화동,2000,50,0,59,17.85,2,가성비 좋은 거실큰 투룸,https://www.zigbang.com/home/apt/items/48866794
2026-05-28 07:40:10,빌라투룸,48866377,월세,04,대전시 중구 선화동,중구,선화동,1000,55,0,59,17.85,1,작은 테라스있는 풀옵션 거실 큰 투룸,https://www.zigbang.com/home/apt/items/48866377
2026-05-28 07:40:10,빌라투룸,48859292,월세,05,대전시 중구 선화동,중구,선화동,500,90,0,90,27.22,4,"극 가성비 복도식 신축 쓰리룸 , 중구청역 인근 넓은베란다",https://www.zigbang.com/home/apt/items/48859292
2026-05-28 07:40:10,빌라투룸,48859136,월세,04,대전시 중구 유천동,중구,유천동,1000,80,0,55,16.64,2,채광 완벽한집 신축BEST  ꕥ투룸ꕥ 대전 전지역 매물보유,https://www.zigbang.com/home/apt/items/48859136
2026-05-28 07:40:10,빌라투룸,48858572,월세,04,대전시 중구 선화동,중구,선화동,1000,55,0,410.6,124.21,3,선화동 도로인접 거 실큰 투룸,https://www.zigbang.com/home/apt/items/48858572
2026-05-28 07:40:10,빌라투룸,48857273,월세,04,대전시 중구 태평동,중구,태평동,1000,65,0,60,18.15,3,투룸 II 애견가능 II 역세권 5분거리 II 즉시입주,https://www.zigbang.com/home/apt/items/48857273
2026-05-28 07:40:10,빌라투룸,48857272,월세,04,대전시 중구 대사동,중구,대사동,3000,75,0,60,18.15,2,역세권 II충대병원 바로 앞 II 신축 풀옵션 큰 투룸,https://www.zigbang.com/home/apt/items/48857272
2026-05-28 07:40:10,빌라투룸,48790950,월세,04,대전시 중구 문화동,중구,문화동,3000,70,0,62.11,18.79,5,ㅣㅣ풀옵션ㅣㅣ보증금 조절 가능ㅣ신축ㅣ서대전네거리역,https://www.zigbang.com/home/apt/items/48790950
2026-05-28 07:40:10,빌라투룸,48722373,월세,04,대전시 중구 대흥동,중구,대흥동,1000,65,0,29.44,8.91,2,ㅡㅡ 복층 풀옵 ㅡㅡ 신축 반려동물 낭만가득 복층서비스공간,https://www.zigbang.com/home/apt/items/48722373
2026-05-28 07:40:10,빌라투룸,48648269,월세,04,대전시 중구 유천동,중구,유천동,2000,70,0,50,15.12,2,ꖜBEST신축ꖜ ꁘ건조기장착 풀옵투룸ꁘ ꁘ채광최고ꁘ,https://www.zigbang.com/home/apt/items/48648269
2026-05-28 07:40:10,빌라투룸,48516172,월세,04,대전시 중구 대흥동,중구,대흥동,3000,60,0,60,18.15,3,풀옵션 투룸 II 즉시입주 II 베란다 II 채광 좋아요,https://www.zigbang.com/home/apt/items/48516172
2026-05-28 07:40:10,빌라투룸,48494817,월세,05,대전시 중구 대흥동,중구,대흥동,5000,100,0,120,36.3,5,중구 신축 주인세대 II 넓은 평수 II 위치 좋습니다.,https://www.zigbang.com/home/apt/items/48494817
2026-05-28 07:40:11,빌라투룸,49025802,월세,04,대전시 동구 낭월동,동구,낭월동,1000,55,0,52.9,16.0,2,ㅡㅡ 세탁기옵션 ㅡㅡ 남대전IC 직장인선호위치 인기매물,https://www.zigbang.com/home/apt/items/49025802
2026-05-28 07:40:10,빌라투룸,48751751,월세,04,대전시 서구 도마동,서구,도마동,2000,70,0,56.19,17.0,3,스타일러와 건조기 있는 완벽한 풀옵션 투룸 o 베란다,https://www.zigbang.com/home/apt/items/48751751
2026-05-28 07:40:10,빌라투룸,48736629,월세,04,대전시 서구 갈마동,서구,갈마동,500,40,0,52.89,16.0,3,최저가 거실있는 풀옵션투룸 리모델링 대로변 강력추천,https://www.zigbang.com/home/apt/items/48736629
2026-05-28 07:40:10,빌라투룸,48718281,월세,04,대전시 서구 괴정동,서구,괴정동,1000,80,0,62,18.75,4,•ꔛ리모델링ꔛ넓은거실ꔛ아늑한방ꔛ깔끔관리ꔛ•,https://www.zigbang.com/home/apt/items/48718281
2026-05-28 07:40:10,빌라투룸,48706687,전세,04,대전시 서구 내동,서구,내동,12000,0,0,60,18.15,3,l안심전세인증완료l l집주인거주l 선순위신축 건조기풀옵션,https://www.zigbang.com/home/apt/items/48706687
2026-05-28 07:40:10,빌라투룸,48703410,월세,04,대전시 서구 괴정동,서구,괴정동,1000,65,0,57,17.24,3,•ꔛ리모델링ꔛ풀옵션ꔛ아늑한방ꔛ깔끔관리ꔛ•,https://www.zigbang.com/home/apt/items/48703410
2026-05-28 07:40:10,빌라투룸,48700831,월세,04,대전시 서구 갈마동,서구,갈마동,500,50,0,52.89,16.0,2,넓직한 풀옵션투룸 밝은채광 대로변인접 추천매물,https://www.zigbang.com/home/apt/items/48700831
2026-05-28 07:40:10,빌라투룸,48689435,월세,04,대전시 서구 괴정동,서구,괴정동,2000,85,0,59,17.85,4,"뽀샵x 최고의 컨디션 신축급 주차장 있음 햇빛, 풍경 짱",https://www.zigbang.com/home/apt/items/48689435
2026-05-28 07:40:10,빌라투룸,48672517,월세,04,대전시 서구 가장동,서구,가장동,1000,60,0,51,15.43,2,ꕤREAL꿀매물ꕤ ꕤ정투룸ꕤ ꕤ가장초인근ꕤ,https://www.zigbang.com/home/apt/items/48672517
2026-05-28 07:40:10,빌라투룸,48666841,월세,05,대전시 서구 괴정동,서구,괴정동,2000,100,0,99.17,30.0,3,v괴정고교주변 올리모델링 가성비 좋은 쓰리룸임대v,https://www.zigbang.com/home/apt/items/48666841
2026-05-28 07:40:10,빌라투룸,48648382,월세,04,대전시 중구 유천동,중구,유천동,1000,80,0,50,15.12,2,ꕤ REAL꿀매물 ꕤ ꕤ 모던하고 채광좋은 정투룸 ꕤ,https://www.zigbang.com/home/apt/items/48648382
2026-05-28 07:40:10,빌라투룸,48493141,월세,04,대전시 서구 괴정동,서구,괴정동,500,55,0,52.89,16.0,3,"햇빛 짱짱, 리모델링, 가격 완벽, 큰 냉장고에 풀옵션",https://www.zigbang.com/home/apt/items/48493141
2026-05-28 07:40:10,빌라투룸,48349112,월세,04,대전시 서구 갈마동,서구,갈마동,200,30,0,52.89,16.0,옥탑방,최저가 풀옵션투룸 중문 남향 리모델링 대로변인접 강력추천,https://www.zigbang.com/home/apt/items/48349112
2026-05-28 07:40:10,빌라투룸,48231346,월세,05,대전시 서구 괴정동,서구,괴정동,1000,60,0,66.12,20.0,3,채광 맛집 o 베란다 2개 o 주차 가능 o 쓰리룸,https://www.zigbang.com/home/apt/items/48231346
2026-05-28 07:40:12,빌라투룸,49068544,월세,04,대전시 유성구 지족동,유성구,지족동,3000,50,0,50,15.12,2,S 지족동 S 대형투룸 햇살가득 EV 수변공원 세탁기옵션,https://www.zigbang.com/home/apt/items/49068544
2026-05-28 07:40:12,빌라투룸,48988422,전세,06,대전시 유성구 지족동,유성구,지족동,23000,0,0,150.11,45.41,4,ㅣ미친 테라스ㅣ대형 사이즈ㅣ주인세대ㅣ안전전세,https://www.zigbang.com/home/apt/items/48988422
2026-05-28 07:40:13,빌라투룸,49137423,월세,04,대전시 유성구 신성동,유성구,신성동,500,50,0,50,15.12,4,신성대림 엘베ㅇ 18평 채광 방이 큰 주차가 편한 투룸,https://www.zigbang.com/home/apt/items/49137423
2026-05-28 07:40:13,빌라투룸,49115766,월세,05,대전시 유성구 신성동,유성구,신성동,3000,50,0,55,16.64,3,신성대림 무료 공용 주차장 앞 채광 좋은 3룸,https://www.zigbang.com/home/apt/items/49115766
2026-05-28 07:40:13,빌라투룸,49115741,월세,04,대전시 유성구 신성동,유성구,신성동,1000,50,0,45,13.61,1,신성대림 올리모델링 생활 인프라가 좋은 위치의 넓은 투룸,https://www.zigbang.com/home/apt/items/49115741
2026-05-28 07:40:13,빌라투룸,49077257,월세,04,대전시 유성구 신성동,유성구,신성동,3000,50,0,50,15.12,3,"넓고 환한 3층 투룸, 즉시 입주 가능",https://www.zigbang.com/home/apt/items/49077257
2026-05-28 07:40:13,빌라투룸,49069785,월세,04,대전시 유성구 신성동,유성구,신성동,500,50,0,45,13.61,2,신성대림 생활 인프라가 좋은 위치의 채광 좋은 넓은 투룸,https://www.zigbang.com/home/apt/items/49069785
2026-05-28 07:40:13,빌라투룸,49053361,전세,04,대전시 유성구 신성동,유성구,신성동,7500,0,0,45,13.61,1,신성대림 올리모델링 깔끔하고 근저당이 적어서 안전한 투룸,https://www.zigbang.com/home/apt/items/49053361
2026-05-28 07:40:13,빌라투룸,49047576,월세,05,대전시 유성구 신성동,유성구,신성동,1000,60,0,50,15.12,4,"층간소음 ZERO, 감성 주인세대, 관리 잘 된 집",https://www.zigbang.com/home/apt/items/49047576
2026-05-28 07:40:13,빌라투룸,48950791,월세,05,대전시 유성구 신성동,유성구,신성동,3000,80,0,90,27.22,4,II보증금 월세 조절II 올 화이트톤 극가성비 신축 채광O,https://www.zigbang.com/home/apt/items/48950791
2026-05-28 07:40:13,빌라투룸,48946357,월세,05,대전시 유성구 신성동,유성구,신성동,1000,60,0,70,21.17,4,신성대림 복층 3룸 깔끔한 주인세대,https://www.zigbang.com/home/apt/items/48946357
2026-05-28 07:40:13,빌라투룸,48916864,월세,04,대전시 유성구 신성동,유성구,신성동,500,60,0,45,13.61,4,v신성동 금성초교 부근 어린이 공원 앞 풀옵션 투룸 v,https://www.zigbang.com/home/apt/items/48916864
2026-05-28 07:40:13,빌라투룸,48882735,월세,04,대전시 유성구 신성동,유성구,신성동,500,45,0,50,15.12,3,신성대림 넓고 관리 잘 된 활용도 좋은 저렴한 투룸,https://www.zigbang.com/home/apt/items/48882735
2026-05-28 07:40:13,빌라투룸,48819017,월세,04,대전시 유성구 신성동,유성구,신성동,500,50,0,60,18.15,4,신성대림 18평 크기의 방과 거실이 넓고 채광이 좋은 투룸,https://www.zigbang.com/home/apt/items/48819017
2026-05-28 07:40:13,빌라투룸,48818566,월세,04,대전시 유성구 신성동,유성구,신성동,3000,50,0,60,18.15,2,신성대림 18평 올리모델링 애경연 정문 앞 넓은 2룸,https://www.zigbang.com/home/apt/items/48818566
2026-05-28 07:40:13,빌라투룸,48804432,월세,04,대전시 유성구 신성동,유성구,신성동,2000,50,0,50,15.12,2,"월세 부담 낮춘 투룸, 널찍한 투룸 라이프",https://www.zigbang.com/home/apt/items/48804432
2026-05-28 07:40:13,빌라투룸,48757387,월세,05,대전시 유성구 신성동,유성구,신성동,10000,40,0,100,30.25,4,신성대림 3룸 화장실 2개 30평 넓은 베란다 주인세대,https://www.zigbang.com/home/apt/items/48757387
2026-05-28 07:40:13,빌라투룸,49167212,월세,04,대전시 유성구 문지동,유성구,문지동,250,65,0,46.9,14.19,3,즉시입주 가능한.유일 풀옵션 투룸.마지막호실.주차넓은,https://www.zigbang.com/home/apt/items/49167212
2026-05-28 07:40:13,빌라투룸,49118651,월세,05,대전시 유성구 전민동,유성구,전민동,2000,60,0,59,17.85,2,"가성비 좋은 깨끗한 풀 옵션 쓰리룸, 에어컨 3",https://www.zigbang.com/home/apt/items/49118651
2026-05-28 07:40:13,빌라투룸,49108248,월세,04,대전시 유성구 전민동,유성구,전민동,1000,65,0,52.89,16.0,3,"리모델링  풀 옵션 투룸, 에어컨 , 중문",https://www.zigbang.com/home/apt/items/49108248
2026-05-28 07:40:13,빌라투룸,49061527,월세,04,대전시 유성구 전민동,유성구,전민동,500,65,0,49.82,15.07,3,애견과함께.무융자 안전보증 월세.직장 확실한분만,https://www.zigbang.com/home/apt/items/49061527
2026-05-28 07:40:13,빌라투룸,48979422,월세,05,대전시 유성구 전민동,유성구,전민동,1000,85,0,90,27.22,3,"올리모델링 깨끗한 쓰리룸, 붙박이 장, 욕실 2",https://www.zigbang.com/home/apt/items/48979422
2026-05-28 07:40:13,빌라투룸,48935736,월세,05,대전시 유성구 전민동,유성구,전민동,2000,100,0,79.02,23.9,3,"O 미친감성 단독옥상 신축 쓰리룸, 올 리모델링 채광맛집O",https://www.zigbang.com/home/apt/items/48935736
2026-05-28 07:40:13,빌라투룸,49165055,월세,04,세종시 금남면 용포리,,금남면,300,60,0,46.28,14.0,2,O골드공인중개사사무소 7월중 입주가능한 풀옵션 투룸입니다.,https://www.zigbang.com/home/apt/items/49165055
2026-05-28 07:40:13,빌라투룸,49091469,월세,04,세종시 금남면 용포리,,금남면,5000,15,0,33.06,10.0,2,"협의입주가능, 반전세가능",https://www.zigbang.com/home/apt/items/49091469
2026-05-28 07:40:13,빌라투룸,49091452,전세,04,세종시 금남면 용포리,,금남면,7000,0,0,33.06,10.0,2,O골드공인중개사사무소O협의입주가능한 풀옵션 전세,https://www.zigbang.com/home/apt/items/49091452
2026-05-28 07:40:13,빌라투룸,49091178,전세,05,세종시 금남면 용포리,,금남면,15000,0,0,99.17,30.0,4,풀옵션 주인세대입니다.,https://www.zigbang.com/home/apt/items/49091178
2026-05-28 07:40:13,빌라투룸,49015943,월세,05,세종시 금남면 용포리,,금남면,300,100,0,99.17,30.0,4,풀옵션 주인세대 6월초 입주가능합니다.,https://www.zigbang.com/home/apt/items/49015943
2026-05-28 07:40:13,빌라투룸,48682678,월세,04,대전시 대덕구 목상동,대덕구,목상동,2000,65,0,60,18.15,2,ll지인ll 풀옵션 주차 위치 최고,https://www.zigbang.com/home/apt/items/48682678
2026-05-28 07:40:13,빌라투룸,49079866,월세,04,세종시 연기면 보통리,,연기면,200,58,0,46.28,14.0,3,ㅁ  엄지척  투룸 화장실2에어컨대 단기가능 ㅁ,https://www.zigbang.com/home/apt/items/49079866
2026-05-28 07:40:13,빌라투룸,49072618,월세,04,세종시 연기면 연기리,,연기면,200,63,0,51.89,15.7,2,ㅁ 엄지척 큰투룸 ㅁ  부강.세종근접 ㅁ,https://www.zigbang.com/home/apt/items/49072618
2026-05-28 07:40:13,빌라투룸,49057857,월세,04,세종시 연기면 연기리,,연기면,200,55,0,46.28,14.0,4,ㅁ 엄지척 투룸 단기가능 ㅡ 세종근접ㅡㅁ,https://www.zigbang.com/home/apt/items/49057857
2026-05-28 07:40:13,빌라투룸,49004105,월세,05,세종시 연기면 보통리,,연기면,500,78,0,58,17.54,4,ㅁ엄지척ㅁ3룸 각방에어컨 ㅁ 보증금월세변동가능,https://www.zigbang.com/home/apt/items/49004105
2026-05-28 07:40:14,빌라투룸,49152662,월세,04,세종시 부강면 부강리,,부강면,500,65,0,55,16.64,4,지원l2룸l에어컨2대l엘베l주차편리,https://www.zigbang.com/home/apt/items/49152662
2026-05-28 07:40:14,빌라투룸,49093926,월세,04,세종시 부강면 부강리,,부강면,100,40,0,33.06,10.0,2,대박 미니투룸,https://www.zigbang.com/home/apt/items/49093926
2026-05-28 07:40:14,빌라투룸,49093914,월세,04,세종시 부강면 부강리,,부강면,500,60,0,56.19,17.0,4,대박 주인세대,https://www.zigbang.com/home/apt/items/49093914
2026-05-28 07:40:14,빌라투룸,49093578,월세,04,세종시 부강면 부강리,,부강면,300,50,0,42.98,13.0,4,대박 가성비 투룸,https://www.zigbang.com/home/apt/items/49093578
2026-05-28 07:40:14,빌라투룸,49084807,전세,04,세종시 부강면 부강리,,부강면,6500,0,0,56.2,17.0,2,지원l투룸l바로앞편의점l풀옵션l깨끗한 방,https://www.zigbang.com/home/apt/items/49084807
2026-05-28 07:40:14,빌라투룸,49068704,월세,04,세종시 부강면 부강리,,부강면,200,70,0,59.5,18.0,3,"지원l2룸l1,2,3개월가능l즉시입주l신축풀옵션",https://www.zigbang.com/home/apt/items/49068704
2026-05-28 07:40:14,빌라투룸,49009464,월세,05,세종시 부강면 부강리,,부강면,5000,80,0,120,36.3,4,대박 신축 주인세대,https://www.zigbang.com/home/apt/items/49009464
2026-05-28 07:40:14,빌라투룸,48988768,전세,04,세종시 부강면 부강리,,부강면,6500,0,0,55,16.64,3,지원l깨끗한2룸전세l위치최상l부강역인근,https://www.zigbang.com/home/apt/items/48988768
2026-05-28 07:40:14,빌라투룸,48988753,월세,04,세종시 부강면 부강리,,부강면,500,65,0,59.5,18.0,3,지원l정말귀한 2룸l거실큰투룸S엘베S도시가스,https://www.zigbang.com/home/apt/items/48988753
2026-05-28 07:40:14,빌라투룸,48929467,월세,04,세종시 부강면 부강리,,부강면,500,60,0,59.4,17.97,5,대박 리모델링 단기가능 에어컨 2대,https://www.zigbang.com/home/apt/items/48929467
2026-05-28 07:40:18,빌라투룸,49093583,월세,04,경상남도 진주시 평거동,진주시,평거동,1000,48,0,50,15.12,2,평거동 엘리베이터 O 거실 넓은 근저당X 안전한 집,https://www.zigbang.com/home/apt/items/49093583
2026-05-28 07:40:18,빌라투룸,49072363,월세,04,경상남도 진주시 평거동,진주시,평거동,2000,51,0,55,16.64,2,㉧ㅡ서빈No.1구해줘홈즈ㅡ㉧추천BEST꿀방,https://www.zigbang.com/home/apt/items/49072363
2026-05-28 07:40:18,빌라투룸,49063286,전세,05,경상남도 진주시 평거동,진주시,평거동,20000,0,0,100,30.25,2,평거동 복층 쓰리룸 귀한 전세,https://www.zigbang.com/home/apt/items/49063286
2026-05-28 07:40:18,빌라투룸,49055830,월세,04,경상남도 진주시 평거동,진주시,평거동,1000,46,0,55,16.64,3,㉧ㅡ서빈No.1구해줘홈즈ㅡ㉧추천BEST꿀방,https://www.zigbang.com/home/apt/items/49055830
2026-05-28 07:40:18,빌라투룸,48952502,월세,04,경상남도 진주시 평거동,진주시,평거동,500,55,0,50,15.12,3,즉시입주 가능 그리고 기본옵션 갖춰져있음 엘베 있음,https://www.zigbang.com/home/apt/items/48952502
2026-05-28 07:40:18,빌라투룸,49068677,월세,04,경상남도 진주시 봉래동,진주시,봉래동,300,35,0,49.6,15.0,3,ㅇㅡ베스트 추 천ㅡㅇ 반려동물 가능한 꿀방,https://www.zigbang.com/home/apt/items/49068677
2026-05-28 07:40:18,빌라투룸,48960117,월세,04,경상남도 진주시 봉래동,진주시,봉래동,500,40,0,53,16.03,4,ㅇㅡ베스트 추천ㅡㅇ 풀옵션 투룸 정남향 꿀방,https://www.zigbang.com/home/apt/items/48960117
2026-05-28 07:40:18,빌라투룸,48930986,월세,04,경상남도 진주시 상봉동,진주시,상봉동,1000,40,0,49.58,15.0,2,㉧희망부동산㉧가격 좋은 꿀방㉧진주보건대 옆㉧,https://www.zigbang.com/home/apt/items/48930986
2026-05-28 07:40:18,빌라투룸,49153977,월세,04,경상남도 진주시 초전동,진주시,초전동,1000,60,0,62,18.75,2,전월세 조율 가능 막힘 없는 뷰와 내부 인테리어 최상,https://www.zigbang.com/home/apt/items/49153977
2026-05-28 07:40:18,빌라투룸,49121659,전세,05,경상남도 진주시 초전동,진주시,초전동,10000,0,0,76.03,23.0,3,㉧희망부동산㉧초전동 최고 입지㉧올전세㉧조율가능㉧,https://www.zigbang.com/home/apt/items/49121659
2026-05-28 07:40:18,빌라투룸,49055799,월세,04,경상남도 진주시 초전동,진주시,초전동,2000,36,0,60,18.15,2,㉧ㅡ서빈No.1구해줘홈즈ㅡ㉧추천BEST꿀방,https://www.zigbang.com/home/apt/items/49055799
2026-05-28 07:40:18,빌라투룸,49043669,월세,04,경상남도 진주시 초전동,진주시,초전동,2000,60,0,64,19.36,2,반려 동물과  거주가 가능한 귀한 투룸으로 관리 상태 최고,https://www.zigbang.com/home/apt/items/49043669
2026-05-28 07:40:18,빌라투룸,49043656,월세,04,경상남도 진주시 초전동,진주시,초전동,2000,60,0,62,18.75,2,인테리어 최상 채광 좋고 구조가 너무 좋네요,https://www.zigbang.com/home/apt/items/49043656
2026-05-28 07:40:18,빌라투룸,49011158,월세,04,경상남도 진주시 초전동,진주시,초전동,5000,25,0,56,16.94,2,근저당 없고 LH전세도 가능한 안전한  화이트톤 투룸,https://www.zigbang.com/home/apt/items/49011158
2026-05-28 07:40:18,빌라투룸,48930988,월세,04,경상남도 진주시 초전동,진주시,초전동,1000,46,0,59.5,18.0,3,㉧희망부동산㉧초전동 최고 입지㉧가격 좋은 방㉧,https://www.zigbang.com/home/apt/items/48930988
2026-05-28 07:40:18,빌라투룸,48905361,월세,04,경상남도 진주시 초전동,진주시,초전동,2000,51,0,60,18.15,2,㉧ㅡ서빈No.1구해줘홈즈ㅡ㉧추천BEST꿀방,https://www.zigbang.com/home/apt/items/48905361
2026-05-28 07:40:19,빌라투룸,49008900,월세,04,경상남도 진주시 문산읍 소문리,진주시,문산읍,7000,10,0,60,18.15,2,문산 신축급 풀옵션 넓은 투룸 LH주택공사 HUG보증보험,https://www.zigbang.com/home/apt/items/49008900
2026-05-28 07:40:23,빌라투룸,49081589,월세,05,경상남도 창원시 성산구 반지동,창원시 성산구,반지동,2000,60,0,67,20.27,1,ㅁHAPPYㅁ 봉곡동 주인채 쓰리룸,https://www.zigbang.com/home/apt/items/49081589
2026-05-28 07:40:23,빌라투룸,49073283,월세,05,경상남도 창원시 의창구 명서동,창원시 의창구,명서동,1000,70,0,60,18.15,2,명서동 복층 쓰리룸,https://www.zigbang.com/home/apt/items/49073283
2026-05-28 07:40:23,빌라투룸,49021755,월세,05,경상남도 창원시 의창구 명서동,창원시 의창구,명서동,1000,70,0,52,15.73,2,2019년식 준신축급 컨디션 복층형 쓰리룸,https://www.zigbang.com/home/apt/items/49021755
2026-05-28 07:40:23,빌라투룸,48991389,월세,04,경상남도 창원시 성산구 반지동,창원시 성산구,반지동,10000,10,0,50,15.12,2,반지동 준신축 에어컨 투룸,https://www.zigbang.com/home/apt/items/48991389
2026-05-28 07:40:23,빌라투룸,48972647,전세,04,경상남도 창원시 성산구 반지동,창원시 성산구,반지동,7500,0,0,36,10.89,2,ㅁHAPPYㅁ 반지동 올전세 풀옵션 투룸,https://www.zigbang.com/home/apt/items/48972647
2026-05-28 07:40:23,빌라투룸,48937717,월세,04,경상남도 창원시 성산구 반지동,창원시 성산구,반지동,1000,45,0,60,18.15,2,반지동 깔끔한 투룸,https://www.zigbang.com/home/apt/items/48937717
2026-05-28 07:40:23,빌라투룸,49133065,월세,05,경상남도 창원시 마산회원구 양덕동,창원시 마산회원구,양덕동,5000,20,0,44.2,13.37,1,양덕동 중앙시장인근 방3 올전세  lh가능,https://www.zigbang.com/home/apt/items/49133065
2026-05-28 07:40:23,빌라투룸,49116268,월세,04,경상남도 창원시 마산회원구 양덕동,창원시 마산회원구,양덕동,300,37,0,39.57,11.97,3,양덕동 고속버스터미널인근 방2 풀옵션,https://www.zigbang.com/home/apt/items/49116268
2026-05-28 07:40:23,빌라투룸,49108784,매매,04,경상남도 창원시 마산회원구 양덕동,창원시 마산회원구,양덕동,9000,0,9000,56.63,17.13,3,양덕동 홈플 인근  올리모델링 방2,https://www.zigbang.com/home/apt/items/49108784
2026-05-28 07:40:23,빌라투룸,49048980,월세,04,경상남도 창원시 마산회원구 양덕동,창원시 마산회원구,양덕동,2000,37,0,50,15.12,1,"리모델링된 거실있는 풀옵션 1층 투룸.tv,제습기도 있어요",https://www.zigbang.com/home/apt/items/49048980
2026-05-28 07:40:23,빌라투룸,48999738,월세,04,경상남도 창원시 마산회원구 양덕동,창원시 마산회원구,양덕동,2000,60,0,58.94,17.83,3,양덕동 새마을금고 인근 넓은 거실있는 투룸,https://www.zigbang.com/home/apt/items/48999738
2026-05-28 07:40:23,빌라투룸,48999591,월세,04,경상남도 창원시 마산회원구 양덕동,창원시 마산회원구,양덕동,1000,43,0,30.12,9.11,2,양덕초등학교인근 깔끔한 투룸,https://www.zigbang.com/home/apt/items/48999591
2026-05-28 07:40:23,빌라투룸,48946990,월세,04,경상남도 창원시 마산회원구 양덕동,창원시 마산회원구,양덕동,3000,50,0,66.12,20.0,3,양덕초 맞은편 거실넓은 투룸,https://www.zigbang.com/home/apt/items/48946990
2026-05-28 07:40:23,빌라투룸,48922836,월세,04,경상남도 창원시 마산회원구 양덕동,창원시 마산회원구,양덕동,5000,40,0,39.57,11.97,3,양덕동 중앙시장인근 방2  거실 대출가능,https://www.zigbang.com/home/apt/items/48922836
2026-05-28 07:40:23,빌라투룸,48862026,월세,04,경상남도 창원시 마산합포구 산호동,창원시 마산합포구,산호동,500,45,0,47,14.22,3,산호경동리인인근 풀옵션있는 투룸. 반려묘 가능,https://www.zigbang.com/home/apt/items/48862026
2026-05-28 07:40:23,빌라투룸,49141022,월세,04,경상남도 창원시 의창구 서상동,창원시 의창구,서상동,1000,60,0,50,15.12,2,ㅁHAPPYㅁ 서상동 풀옵션 투룸,https://www.zigbang.com/home/apt/items/49141022
2026-05-28 07:40:23,빌라투룸,49108780,월세,04,경상남도 창원시 마산회원구 구암동,창원시 마산회원구,구암동,1000,30,0,44.3,13.4,2,구암동 구암고등학교인근  방2  독채,https://www.zigbang.com/home/apt/items/49108780
2026-05-28 07:40:23,빌라투룸,49103578,월세,04,경상남도 창원시 의창구 서상동,창원시 의창구,서상동,1000,55,0,50,15.12,2,ㅁHAPPYㅁ 서상동 엘베O 풀옵션 투룸,https://www.zigbang.com/home/apt/items/49103578
2026-05-28 07:40:23,빌라투룸,49099800,월세,05,경상남도 창원시 의창구 서상동,창원시 의창구,서상동,3000,75,0,99.17,30.0,4,저당x 주인채 방3 화2 금액 조정ㅇ,https://www.zigbang.com/home/apt/items/49099800
2026-05-28 07:40:23,빌라투룸,49087040,월세,04,경상남도 창원시 의창구 서상동,창원시 의창구,서상동,8000,20,0,42.98,13.0,2,서상동 뻥뷰 베란다ㅇ 옵션 투룸,https://www.zigbang.com/home/apt/items/49087040
2026-05-28 07:40:23,빌라투룸,49055433,월세,05,경상남도 창원시 의창구 팔용동,창원시 의창구,팔용동,3000,150,0,165.18,49.97,4,팔용동 창원역인근 엘리베이터 있는 3룸,https://www.zigbang.com/home/apt/items/49055433
2026-05-28 07:40:23,빌라투룸,49043960,월세,04,경상남도 창원시 의창구 서상동,창원시 의창구,서상동,8000,15,0,46.28,14.0,3,서상동 거실ㅇ 옵션 투룸,https://www.zigbang.com/home/apt/items/49043960
2026-05-28 07:40:23,빌라투룸,49034296,월세,04,경상남도 창원시 마산회원구 구암동,창원시 마산회원구,구암동,200,30,0,32.9,9.95,1,구암동 보증금저렴한 투룸,https://www.zigbang.com/home/apt/items/49034296
2026-05-28 07:40:23,빌라투룸,48989244,월세,04,경상남도 창원시 의창구 서상동,창원시 의창구,서상동,1000,55,0,52.89,16.0,3,서상동 구조 굿 채광 굿 옵션 투룸,https://www.zigbang.com/home/apt/items/48989244
2026-05-28 07:40:23,빌라투룸,48967549,월세,04,경상남도 창원시 마산회원구 구암동,창원시 마산회원구,구암동,300,21,0,39.57,11.97,1,구암동 저렴한 월세 방2  가성비 최고,https://www.zigbang.com/home/apt/items/48967549
2026-05-28 07:40:23,빌라투룸,48943373,월세,04,경상남도 창원시 의창구 서상동,창원시 의창구,서상동,1000,65,0,36.36,11.0,2,"서상동 베란다,미니 거실 공간 있는 옵션 투룸",https://www.zigbang.com/home/apt/items/48943373
2026-05-28 07:40:23,빌라투룸,48931930,월세,04,경상남도 창원시 의창구 서상동,창원시 의창구,서상동,1000,62,0,46.28,14.0,3,서상동 베란다ㅇ 거실ㅇ 옵션 투룸,https://www.zigbang.com/home/apt/items/48931930
2026-05-28 07:40:23,빌라투룸,48922833,전세,05,경상남도 창원시 마산회원구 구암동,창원시 마산회원구,구암동,7000,0,0,59.5,18.0,2,구암동 구암고등학교인근 방3 독채,https://www.zigbang.com/home/apt/items/48922833
2026-05-28 07:40:31,빌라투룸,49135547,월세,05,대구시 달서구 신당동,달서구,신당동,2000,65,0,105,31.76,4,주인세대 사이즈大 계명대역세권 실매물 실가격 옥상단독사용,https://www.zigbang.com/home/apt/items/49135547
2026-05-28 07:40:31,빌라투룸,49119808,월세,04,대구시 달서구 호산동,달서구,호산동,300,35,0,40,12.1,2,"풀옵션투룸,엘베 l 주차편리 l 컨디션굿 l 채광가득 l",https://www.zigbang.com/home/apt/items/49119808
2026-05-28 07:40:31,빌라투룸,49043601,월세,04,대구시 달서구 호산동,달서구,호산동,300,35,0,40,12.1,4,"풀옵션투룸,엘베 l 주차편리 l 컨디션굿 l 채광가득 l",https://www.zigbang.com/home/apt/items/49043601
2026-05-28 07:40:31,빌라투룸,49043580,월세,05,대구시 달성군 다사읍 죽곡리,달성군,다사읍,500,40,0,55,16.64,2,풀옵션쓰리룸 l 주차편리 l 컨디션굿 l 강정보인근 l,https://www.zigbang.com/home/apt/items/49043580
2026-05-28 07:40:31,빌라투룸,48949169,월세,04,대구시 달서구 호산동,달서구,호산동,200,30,0,40,12.1,3,풀옵션투룸 l 착한가격 l 찐실매물 l 바로입주가능 l,https://www.zigbang.com/home/apt/items/48949169
2026-05-28 07:40:31,빌라투룸,48945864,월세,04,대구시 달성군 다사읍 죽곡리,달성군,다사읍,500,40,0,58.12,17.58,2,내부리모델링된 거실큰 정투룸입니다,https://www.zigbang.com/home/apt/items/48945864
2026-05-28 07:40:31,빌라투룸,48944874,월세,04,대구시 달서구 신당동,달서구,신당동,300,25,0,42.23,12.77,2,리모델링된 정투룸 풀옵션 내부깨끗 방음굿 단열굿,https://www.zigbang.com/home/apt/items/48944874
2026-05-28 07:40:31,빌라투룸,48792538,월세,04,대구시 달서구 호산동,달서구,호산동,1000,50,0,40,12.1,2,"신축투룸 l 풀옵션,엘비 l 화이트톤 l 완벽구조 l",https://www.zigbang.com/home/apt/items/48792538
2026-05-28 07:40:31,빌라투룸,48640948,월세,05,대구시 달서구 호산동,달서구,호산동,500,60,0,42.54,12.87,12,신축 l 쓰리룸 l 오피스텔 l 풀옵션 l 화이트톤,https://www.zigbang.com/home/apt/items/48640948
2026-05-28 07:40:31,빌라투룸,48406772,월세,05,대구시 달서구 신당동,달서구,신당동,500,50,0,84.33,25.51,3,올리모델링 거실큰 주인세대 방3개 욕실2개 베란다,https://www.zigbang.com/home/apt/items/48406772
2026-05-28 07:40:31,빌라투룸,47834160,월세,04,대구시 달서구 신당동,달서구,신당동,300,30,0,49.23,14.89,2,올리모델링된 정투룸 채광굿 방음굿 단열굿,https://www.zigbang.com/home/apt/items/47834160
2026-05-28 07:40:31,빌라투룸,49153993,월세,05,대구시 달서구 상인동,달서구,상인동,300,20,0,58,17.54,2,가성비좋은 방3개 주방겸거실 욕실 다용도실,https://www.zigbang.com/home/apt/items/49153993
2026-05-28 07:40:31,빌라투룸,49151353,월세,05,대구시 달서구 상인동,달서구,상인동,300,30,0,52.5,15.88,2,ll 화이트톤 올수리 방2 거실1 쓰리룸 ll 상인동1등집,https://www.zigbang.com/home/apt/items/49151353
2026-05-28 07:40:31,빌라투룸,49108724,월세,04,대구시 달서구 상인동,달서구,상인동,100,20,0,42.98,13.0,2,실매물인증 l 상인동 넓은 투룸 l 미친가성비 l 채광맛집,https://www.zigbang.com/home/apt/items/49108724
2026-05-28 07:40:31,빌라투룸,49043679,월세,04,대구시 달서구 상인동,달서구,상인동,500,35,0,51.5,15.58,2,가성비좋은 방2개 주방겸거실 욕실 베란다,https://www.zigbang.com/home/apt/items/49043679
2026-05-28 07:40:32,빌라투룸,49152993,월세,06,경상남도 창원시 진해구 경화동,창원시 진해구,경화동,3000,85,0,120,36.3,4,강남 중부시장위 넓은럭셜A급복층형주인채 방5큰거실주방베란다,https://www.zigbang.com/home/apt/items/49152993
2026-05-28 07:40:32,빌라투룸,49098607,월세,04,경상남도 창원시 진해구 석동,창원시 진해구,석동,500,40,0,42.98,13.0,3,전진 진해경찰서 뒤 주차편리 풀옵션 투룸,https://www.zigbang.com/home/apt/items/49098607
2026-05-28 07:40:32,빌라투룸,49048809,월세,04,경상남도 창원시 진해구 석동,창원시 진해구,석동,2000,45,0,66.5,20.12,2,강남 국제유치원인근 방2 엄청큰거실 주방 양베란다 넓은투룸,https://www.zigbang.com/home/apt/items/49048809
2026-05-28 07:40:32,빌라투룸,49036510,월세,04,경상남도 창원시 진해구 석동,창원시 진해구,석동,500,40,0,49.59,15.0,2,직빵  저렴한 투룸  위치좋은  주차시설좋음,https://www.zigbang.com/home/apt/items/49036510
2026-05-28 07:40:32,빌라투룸,49036002,월세,04,경상남도 창원시 진해구 석동,창원시 진해구,석동,5000,10,0,60,18.15,3,전진  진해경찰서 인근  큰방 큰거실 투룸,https://www.zigbang.com/home/apt/items/49036002
2026-05-28 07:40:32,빌라투룸,49020651,월세,04,경상남도 창원시 진해구 석동,창원시 진해구,석동,1000,40,0,60,18.15,3,전진  진해경찰서 인근  큰방 큰거실 투룸,https://www.zigbang.com/home/apt/items/49020651
2026-05-28 07:40:32,빌라투룸,48931095,월세,04,경상남도 창원시 성산구 성주동,창원시 성산구,성주동,2500,70,0,59.4,17.97,1,i 성주동 신축급 아파트 구조 옵션 갖춘 투룸,https://www.zigbang.com/home/apt/items/48931095
2026-05-28 07:40:32,빌라투룸,48881922,월세,04,경상남도 창원시 진해구 경화동,창원시 진해구,경화동,2000,45,0,60,18.15,2,황금알l 중부시장 인근 2014년식 거실 있는 투룸,https://www.zigbang.com/home/apt/items/48881922
2026-05-28 07:40:32,빌라투룸,48789168,월세,04,경상남도 창원시 진해구 경화동,창원시 진해구,경화동,1500,50,0,66.11,20.0,2,직빵 지정주차 방2 거실 주방이넓고 에어컨2대풀옵션,https://www.zigbang.com/home/apt/items/48789168
2026-05-28 07:40:32,빌라투룸,49126669,월세,04,경상남도 창원시 의창구 사림동,창원시 의창구,사림동,2000,30,0,57,17.24,2,ㅁHAPPYㅁ 사림동 투룸,https://www.zigbang.com/home/apt/items/49126669
2026-05-28 07:40:32,빌라투룸,49121790,월세,04,경상남도 창원시 의창구 사림동,창원시 의창구,사림동,200,34,0,42.98,13.0,1,"이쁘고 아주밝은 완전풀옵션 투룸 아주싼가격 
즉시입주",https://www.zigbang.com/home/apt/items/49121790
2026-05-28 07:40:32,빌라투룸,49097816,월세,04,경상남도 창원시 의창구 사림동,창원시 의창구,사림동,400,30,0,60,18.15,2,사림동 월세싼 투룸,https://www.zigbang.com/home/apt/items/49097816
2026-05-28 07:40:32,빌라투룸,49076057,월세,05,경상남도 창원시 의창구 봉곡동,창원시 의창구,봉곡동,4000,55,0,59,17.85,1,부분 리모델링 후 첫 입주 귀한 1층 안채 쓰리룸,https://www.zigbang.com/home/apt/items/49076057
2026-05-28 07:40:32,빌라투룸,49073382,월세,05,경상남도 창원시 의창구 사림동,창원시 의창구,사림동,1000,60,0,70,21.17,2,사림동 준신축 투룸,https://www.zigbang.com/home/apt/items/49073382
2026-05-28 07:40:32,빌라투룸,49002077,월세,04,경상남도 창원시 의창구 사림동,창원시 의창구,사림동,2000,35,0,50,15.12,2,ㅁHAPPYㅁ 사림동 풀옵션 투룸,https://www.zigbang.com/home/apt/items/49002077
2026-05-28 07:40:32,빌라투룸,48916915,월세,04,경상남도 창원시 의창구 봉곡동,창원시 의창구,봉곡동,14000,15,0,84,25.41,2,1층 반전세 주인채,https://www.zigbang.com/home/apt/items/48916915
2026-05-28 07:40:32,빌라투룸,48842075,월세,05,경상남도 창원시 의창구 봉곡동,창원시 의창구,봉곡동,14000,15,0,80,24.2,1,ㅁHAPPYㅁ 봉곡동 주인채 쓰리룸,https://www.zigbang.com/home/apt/items/48842075
2026-05-28 07:40:33,빌라투룸,49150724,월세,05,부산시 강서구 범방동,강서구,범방동,2000,100,0,112.68,34.09,3,"귀한 탑층 대형평수 거실,방3,화2,에5, 대형테라스有",https://www.zigbang.com/home/apt/items/49150724
2026-05-28 07:40:33,빌라투룸,49162855,월세,04,경상남도 김해시 삼정동,김해시,삼정동,1000,56,0,59.5,18.0,3,"O 엘리베이터 방2,거실넓음 O 인제대역7분 역세권",https://www.zigbang.com/home/apt/items/49162855
2026-05-28 07:40:33,빌라투룸,49162302,월세,04,경상남도 김해시 삼정동,김해시,삼정동,1000,56,0,50,15.12,3,"ll 엘베있는신축 ll 방 2, 거실있는 집",https://www.zigbang.com/home/apt/items/49162302
2026-05-28 07:40:33,빌라투룸,49102501,월세,04,경상남도 김해시 안동,김해시,안동,500,31,0,39.67,12.0,3,방2v인기급상승v비교불가v완전풀옵션,https://www.zigbang.com/home/apt/items/49102501
2026-05-28 07:40:33,빌라투룸,49083557,월세,04,경상남도 김해시 어방동,김해시,어방동,8500,6,0,59,17.85,3,O LH가능 방2개 거실넓은 빌라구조 O 화이트톤 깔끔한집,https://www.zigbang.com/home/apt/items/49083557
2026-05-28 07:40:33,빌라투룸,49063850,월세,04,경상남도 김해시 안동,김해시,안동,1000,33,0,39.67,12.0,3,v방2 v넓은주방 v베란다 v주차용이,https://www.zigbang.com/home/apt/items/49063850
2026-05-28 07:40:33,빌라투룸,49032313,월세,05,경상남도 김해시 삼정동,김해시,삼정동,1000,50,0,60,18.15,1,"활천고개인근,넓은거실,화장실2",https://www.zigbang.com/home/apt/items/49032313
2026-05-28 07:40:33,빌라투룸,48979991,월세,04,경상남도 김해시 삼정동,김해시,삼정동,2000,51,0,50,15.12,3,NO.1방2개거실1VV넓은거실VV채광좋음VV풀옵션,https://www.zigbang.com/home/apt/items/48979991
2026-05-28 07:40:33,빌라투룸,48976245,월세,04,경상남도 김해시 삼정동,김해시,삼정동,2000,21,0,45,13.61,3,ll 복음병원인근 방2 ll 가성비 너무 좋은 집이에요,https://www.zigbang.com/home/apt/items/48976245
2026-05-28 07:40:33,빌라투룸,48947358,월세,04,경상남도 김해시 삼정동,김해시,삼정동,1000,41,0,46.28,14.0,2,ll pick ll 착한가격,https://www.zigbang.com/home/apt/items/48947358
2026-05-28 07:40:33,빌라투룸,48913081,월세,05,경상남도 김해시 삼방동,김해시,삼방동,300,28,0,39.67,12.0,1,에어컨 있는v 방2개 v 리모델링,https://www.zigbang.com/home/apt/items/48913081
2026-05-28 07:40:33,빌라투룸,48913069,월세,04,경상남도 김해시 어방동,김해시,어방동,500,41,0,42.98,13.0,4,풀옵션v빌라식v100실매물v 초역세권,https://www.zigbang.com/home/apt/items/48913069
2026-05-28 07:40:33,빌라투룸,48902382,월세,04,경상남도 김해시 부원동,김해시,부원동,2000,37,0,50,15.12,4,NO.1옵션새로교체VV풀옵션VV역세권VV,https://www.zigbang.com/home/apt/items/48902382
2026-05-28 07:40:33,빌라투룸,48889502,월세,04,경상남도 김해시 삼정동,김해시,삼정동,2000,61,0,50,15.12,3,NO.1신축급컨디션VV방2VV풀옵션VV역세권VV,https://www.zigbang.com/home/apt/items/48889502
2026-05-28 07:40:33,빌라투룸,48568667,월세,04,경상남도 김해시 어방동,김해시,어방동,2000,42,0,59.5,18.0,2,O 1세대1주차  어방동 귀한 신축급 O,https://www.zigbang.com/home/apt/items/48568667
2026-05-28 07:40:34,빌라투룸,49018873,월세,04,부산시 북구 구포동,북구,구포동,2000,50,0,44.23,13.38,3,"귀한 풀옵션 거실,방2,화1,에2",https://www.zigbang.com/home/apt/items/49018873
2026-05-28 07:40:34,빌라투룸,49018835,월세,04,부산시 북구 구포동,북구,구포동,2000,85,0,81.28,24.59,6,"귀한탑층 독채 풀옵션 거실,방2,화2,에2,드레스룸,테라스",https://www.zigbang.com/home/apt/items/49018835
2026-05-28 07:40:34,빌라투룸,49102485,월세,04,경상남도 김해시 삼방동,김해시,삼방동,200,21,0,36.36,11.0,3,II 인테리어 깔끔  II 완전 풀옵 방2개 II,https://www.zigbang.com/home/apt/items/49102485
2026-05-28 07:40:34,빌라투룸,48940218,월세,04,경상남도 김해시 삼방동,김해시,삼방동,1000,46,0,56.19,17.0,1,올 리모델링 된  v 건조기까지 풀옵션 v  방2,https://www.zigbang.com/home/apt/items/48940218
2026-05-28 07:40:34,빌라투룸,48034381,월세,04,경상남도 김해시 삼방동,김해시,삼방동,1000,48,0,60,18.15,2,O 건조기까지 옵션 O 올리모델링 주택 쓰리룸 풀옵션,https://www.zigbang.com/home/apt/items/48034381
2026-05-28 07:40:34,빌라투룸,49157823,월세,04,경상남도 김해시 내동,김해시,내동,200,25,0,45,13.61,3,저렴한 방2 욕1  부분수리되어있음,https://www.zigbang.com/home/apt/items/49157823
2026-05-28 07:40:34,빌라투룸,49157741,월세,05,경상남도 김해시 구산동,김해시,구산동,1000,71,0,85,25.71,3,방3욕2  복층형 엘리베이터있음,https://www.zigbang.com/home/apt/items/49157741
2026-05-28 07:40:34,빌라투룸,49125748,월세,04,경상남도 김해시 구산동,김해시,구산동,3000,30,0,51,15.43,3,REALㅇ방2거실ㅇ넓은집ㅇ채광좋음ㅇ연지공원역ㅇㅇㅇㅇㅍ,https://www.zigbang.com/home/apt/items/49125748
2026-05-28 07:40:34,빌라투룸,49090305,월세,06,경상남도 김해시 구산동,김해시,구산동,5000,75,0,115,34.79,2,"역인근,준신축,방3화장실2거실넓고엘베있고",https://www.zigbang.com/home/apt/items/49090305
2026-05-28 07:40:34,빌라투룸,49088573,월세,04,경상남도 김해시 내동,김해시,내동,500,52,0,49.4,14.94,4,"풀옵션 에어컨2대 건조기,세탁기",https://www.zigbang.com/home/apt/items/49088573
2026-05-28 07:40:34,빌라투룸,48965509,월세,05,경상남도 김해시 구산동,김해시,구산동,1000,41,0,57,17.24,4,"방3개 복층형,연지공원역인근",https://www.zigbang.com/home/apt/items/48965509
2026-05-28 07:40:34,빌라투룸,48924037,월세,05,경상남도 김해시 내동,김해시,내동,3000,20,0,48,14.52,3,관리비없음 방3 욕1 반려동물가능 LH 3400까지 가능,https://www.zigbang.com/home/apt/items/48924037
2026-05-28 07:40:34,빌라투룸,48920236,월세,04,경상남도 김해시 삼계동,김해시,삼계동,500,41,0,50,15.12,1,ㄴ깔끔한매물ㄱ 풀옵션 방2개있는 매물,https://www.zigbang.com/home/apt/items/48920236
2026-05-28 07:40:34,빌라투룸,48920180,월세,04,경상남도 김해시 삼계동,김해시,삼계동,1000,53,0,60,18.15,2,ㄴ방2개ㄱㄴ화장실2개ㄱㄴ준신축ㄱㄴ역세권ㄱ,https://www.zigbang.com/home/apt/items/48920180
2026-05-28 07:40:34,빌라투룸,48920166,월세,04,경상남도 김해시 삼계동,김해시,삼계동,1000,50,0,60,18.15,3,ㄴ초등학교 근처 매물ㄱ이번에 도배 장판 새로한 매물,https://www.zigbang.com/home/apt/items/48920166
2026-05-28 07:40:34,빌라투룸,48903438,월세,04,경상남도 김해시 구산동,김해시,구산동,1000,58,0,70,21.17,2,NO.1신축급컨디션VV방2개VV풀옵션VV역세권,https://www.zigbang.com/home/apt/items/48903438
2026-05-28 07:40:34,빌라투룸,48888967,월세,04,경상남도 김해시 내동,김해시,내동,500,40,0,42,12.7,3,NO.1복층구조VV방2개VV방넓음VV풀옵션VV,https://www.zigbang.com/home/apt/items/48888967
2026-05-28 07:40:34,빌라투룸,49142064,월세,04,경상남도 양산시 물금읍 범어리,양산시,물금읍,4000,30,0,56.2,17.0,3,WW 저렴한 월세로 입주가능 투룸 방2 넓은거실 좋은 구조,https://www.zigbang.com/home/apt/items/49142064
2026-05-28 07:40:34,빌라투룸,49141965,전세,04,경상남도 양산시 물금읍 범어리,양산시,물금읍,8500,0,0,56.2,17.0,2,WW 조건좋은 투룸 방2 넓은 거실 붙박이장 전월세,https://www.zigbang.com/home/apt/items/49141965
2026-05-28 07:40:34,빌라투룸,49126867,월세,05,경상남도 양산시 물금읍 범어리,양산시,물금읍,1000,48,0,50,15.12,4,WW 방3 화장실2 대형테라스 풀옵션 정말 좋은 조건,https://www.zigbang.com/home/apt/items/49126867
2026-05-28 07:40:34,빌라투룸,49089779,월세,04,경상남도 양산시 물금읍 가촌리,양산시,물금읍,1000,50,0,50,15.12,2,SoU. 직접 보시면 더더욱 만족하실 집입니다,https://www.zigbang.com/home/apt/items/49089779
2026-05-28 07:40:34,빌라투룸,49035757,월세,04,경상남도 양산시 물금읍 범어리,양산시,물금읍,1000,60,0,69.42,21.0,4,ㅇㅇ100프로 허위매물없는 채움ㅇㅇ,https://www.zigbang.com/home/apt/items/49035757
2026-05-28 07:40:34,빌라투룸,48992712,월세,04,경상남도 양산시 물금읍 범어리,양산시,물금읍,1000,48,0,59.5,18.0,4,방2칸에 대형 테라스와 복층 모두 이용,https://www.zigbang.com/home/apt/items/48992712
2026-05-28 07:40:34,빌라투룸,48950347,월세,04,경상남도 양산시 물금읍 범어리,양산시,물금읍,500,70,0,59.5,18.0,2,"신축,반려동물 가능,완전 풀옵션",https://www.zigbang.com/home/apt/items/48950347
2026-05-28 07:40:34,빌라투룸,48907140,월세,04,경상남도 양산시 물금읍 가촌리,양산시,물금읍,2000,50,0,66.11,20.0,2,"방2칸에 거실, 깨끗한 매물",https://www.zigbang.com/home/apt/items/48907140
2026-05-28 07:40:34,빌라투룸,48857149,월세,04,경상남도 양산시 물금읍 가촌리,양산시,물금읍,1000,55,0,55,16.64,2,WW 구조 좋고 퀼리티 좋은 방 방2 넓은 거실,https://www.zigbang.com/home/apt/items/48857149
2026-05-28 07:40:35,빌라투룸,49063899,전세,05,경상남도 양산시 물금읍 범어리,양산시,물금읍,4000,0,0,34.41,10.41,1,OK범어리 등산로진입로 풀옵션 넓은 남향쓰리룸OK,https://www.zigbang.com/home/apt/items/49063899
2026-05-28 07:40:35,빌라투룸,48944019,월세,05,경상남도 양산시 교동,양산시,교동,1000,50,0,61.67,18.66,3,OK양산역 인근 교동지역 빌라 임대OK,https://www.zigbang.com/home/apt/items/48944019
2026-05-28 07:40:36,빌라투룸,49116066,월세,05,부산시 해운대구 중동,해운대구,중동,1000,87,0,64.73,19.58,2,"정말 귀한 풀옵션 빌라 거실,방3,화2,에2",https://www.zigbang.com/home/apt/items/49116066
2026-05-28 07:40:36,빌라투룸,49165022,월세,04,부산시 동래구 온천동,동래구,온천동,4000,50,0,76.56,23.16,2,온천장 부근  거실1 큰 방2 풀옵션,https://www.zigbang.com/home/apt/items/49165022
2026-05-28 07:40:36,빌라투룸,49150297,전세,04,부산시 동래구 온천동,동래구,온천동,12000,0,0,46.84,14.17,4,온천장 홈플러스 부근 거실1 방2 풀옵션 전세매물,https://www.zigbang.com/home/apt/items/49150297
2026-05-28 07:40:36,빌라투룸,49048473,월세,04,부산시 동래구 명장동,동래구,명장동,300,55,0,41.64,12.6,3,"방2. 신축컨디션, 풀옵션, 단기가능",https://www.zigbang.com/home/apt/items/49048473
2026-05-28 07:40:36,빌라투룸,49041076,월세,04,부산시 동래구 명장동,동래구,명장동,300,65,0,43.5,13.16,5,"테라스.방2개. 전입신고 가능, 신축급 베스트 가성비",https://www.zigbang.com/home/apt/items/49041076
2026-05-28 07:40:36,빌라투룸,48985048,전세,06,부산시 금정구 장전동,금정구,장전동,14000,0,0,70.32,21.27,3,부산대 북문 부근 융자없는 올전세 방3 화2,https://www.zigbang.com/home/apt/items/48985048
2026-05-28 07:40:36,빌라투룸,48854625,월세,04,부산시 동래구 온천동,동래구,온천동,1000,55,0,22.38,6.77,5,보증금조절 가능.신축 1년차.건조기. 분리형 타입,https://www.zigbang.com/home/apt/items/48854625
2026-05-28 07:40:36,빌라투룸,48845507,월세,04,부산시 동래구 명장동,동래구,명장동,300,57,0,42.44,12.84,5,"방2, 거실1, 화이트톤, 전입신고 가능",https://www.zigbang.com/home/apt/items/48845507
2026-05-28 07:40:36,빌라투룸,48843992,월세,05,부산시 금정구 서동,금정구,서동,3000,40,0,58.89,17.81,1,전용주차가능 방3칸 올리모델링,https://www.zigbang.com/home/apt/items/48843992
2026-05-28 07:40:36,빌라투룸,48766230,월세,04,부산시 동래구 명장동,동래구,명장동,300,50,0,35.53,10.75,3,"가성비, 채광 너무 좋은. 방2개.",https://www.zigbang.com/home/apt/items/48766230
2026-05-28 07:40:36,빌라투룸,49010207,월세,04,부산시 동래구 온천동,동래구,온천동,200,65,0,27.75,8.39,18,미남역 단기가능 신축 풀옵션,https://www.zigbang.com/home/apt/items/49010207
2026-05-28 07:40:36,빌라투룸,49157734,전세,04,부산시 해운대구 반여동,해운대구,반여동,2500,0,0,46.42,14.04,4,LH전세 가능 반여동 빌라 전세,https://www.zigbang.com/home/apt/items/49157734
2026-05-28 07:40:36,빌라투룸,49130312,월세,04,부산시 수영구 광안동,수영구,광안동,100,55,0,25.08,7.59,7,단기 전입x 금액조절x 풀옵션,https://www.zigbang.com/home/apt/items/49130312
2026-05-28 07:40:36,빌라투룸,49127823,월세,04,부산시 해운대구 재송동,해운대구,재송동,600,42,0,29.81,9.02,3,"귀한 풀옵션 거실,방2,화1,에2",https://www.zigbang.com/home/apt/items/49127823
2026-05-28 07:40:37,빌라투룸,49129270,월세,05,경상남도 양산시 동면 석산리,양산시,동면,1000,40,0,45.26,13.69,2,"OK남양산IC 인근 조용한 아파트 쓰리룸, 개인임대인OK",https://www.zigbang.com/home/apt/items/49129270
2026-05-28 07:40:37,빌라투룸,48989678,월세,05,경상남도 양산시 동면 석산리,양산시,동면,500,40,0,50,15.12,5,반려동물가능한 아파트,https://www.zigbang.com/home/apt/items/48989678
2026-05-28 07:40:37,빌라투룸,49136718,월세,05,부산시 금정구 남산동,금정구,남산동,3000,75,0,80.1,24.23,5,"귀한 탑층 독채 넓은 거실,방3,화2,에1",https://www.zigbang.com/home/apt/items/49136718
2026-05-28 07:40:37,빌라투룸,49136467,월세,05,부산시 금정구 남산동,금정구,남산동,1000,65,0,60.9,18.42,2,"귀한 내부 깨끗한 빌라 거실,방3,화1,에2",https://www.zigbang.com/home/apt/items/49136467
2026-05-28 07:40:37,빌라투룸,49120353,월세,04,부산시 금정구 남산동,금정구,남산동,2000,70,0,66,19.96,4,남산동  깔끔한 거실1 방2 ..옵션 없음,https://www.zigbang.com/home/apt/items/49120353
2026-05-28 07:40:37,빌라투룸,48992498,월세,06,부산시 금정구 남산동,금정구,남산동,250,120,0,68.97,20.86,7,남산역 단기가능 전입가능 포룸,https://www.zigbang.com/home/apt/items/48992498
2026-05-28 07:40:37,빌라투룸,48832090,월세,04,부산시 금정구 구서동,금정구,구서동,1000,70,0,60,18.15,9,"귀한 탑층 빌라 거실,방2,화1, 남향, 자주식주차",https://www.zigbang.com/home/apt/items/48832090
2026-05-28 07:40:36,빌라투룸,49158267,월세,04,부산시 해운대구 반송동,해운대구,반송동,300,20,0,38.26,11.57,1,아랫반송 수리 마친 저렴한 빌라,https://www.zigbang.com/home/apt/items/49158267
2026-05-28 07:40:36,빌라투룸,49158261,전세,04,부산시 해운대구 반송동,해운대구,반송동,6000,0,0,44.85,13.57,1,반송도서관 인근 평지에 위치한 최신식 리모델링,https://www.zigbang.com/home/apt/items/49158261
2026-05-28 07:40:36,빌라투룸,49157291,월세,04,부산시 금정구 회동동,금정구,회동동,3500,5,0,41.75,12.63,1,LH대출가능 리모델링 빌라 올전세,https://www.zigbang.com/home/apt/items/49157291
2026-05-28 07:40:36,빌라투룸,49149771,전세,05,부산시 해운대구 반송동,해운대구,반송동,4000,0,0,60.29,18.24,1,LH가능 방3칸 1층 빌라,https://www.zigbang.com/home/apt/items/49149771
2026-05-28 07:40:36,빌라투룸,49111173,월세,04,부산시 해운대구 반송동,해운대구,반송동,100,27,0,40.92,12.38,3,풀옵션 채광좋은 깔끔한 방2칸,https://www.zigbang.com/home/apt/items/49111173
2026-05-28 07:40:36,빌라투룸,49110961,월세,04,부산시 해운대구 반송동,해운대구,반송동,200,23,0,43.56,13.18,1,방2칸 냉장고 세탁기 가스렌지,https://www.zigbang.com/home/apt/items/49110961
2026-05-28 07:40:36,빌라투룸,48997445,월세,04,부산시 해운대구 반송동,해운대구,반송동,2000,30,0,44.85,13.57,1,반송도서관 인근 평지에 위치한 최신식 리모델링,https://www.zigbang.com/home/apt/items/48997445
2026-05-28 07:40:36,빌라투룸,48943755,월세,04,부산시 해운대구 반송동,해운대구,반송동,200,40,0,30.36,9.18,1,큰길가 위치 풀옵션 넣어드리는 화이트톤 투룸,https://www.zigbang.com/home/apt/items/48943755
2026-05-28 07:40:37,빌라투룸,49105827,월세,04,부산시 기장군 정관읍 방곡리,기장군,정관읍,1000,50,0,59.5,18.0,2,"넓고 깨끗한 집,방2칸,즉시입주 가능",https://www.zigbang.com/home/apt/items/49105827
2026-05-28 07:40:37,빌라투룸,48979889,월세,04,부산시 기장군 정관읍 방곡리,기장군,정관읍,2000,40,0,59.5,18.0,1,"방2,거실,주방,욕실",https://www.zigbang.com/home/apt/items/48979889
2026-05-28 07:40:37,빌라투룸,48975394,월세,05,부산시 기장군 정관읍 방곡리,기장군,정관읍,3000,120,0,115,34.79,4,"독채,35평과 복층25평,방3,에어컨3대,즉시입주 가능",https://www.zigbang.com/home/apt/items/48975394
2026-05-28 07:40:37,빌라투룸,48285245,월세,04,부산시 기장군 정관읍 달산리,기장군,정관읍,1000,60,0,59.5,18.0,3,"22평 정도,보증금 조율가능,방2,큰 거실",https://www.zigbang.com/home/apt/items/48285245
2026-05-28 07:40:39,빌라투룸,49168355,월세,04,경상남도 양산시 삼호동,양산시,삼호동,1500,18,0,39.67,12.0,2,엘베있는 넓은 투룸,https://www.zigbang.com/home/apt/items/49168355
2026-05-28 07:40:39,빌라투룸,49167424,월세,05,경상남도 양산시 삼호동,양산시,삼호동,1500,35,0,50,15.12,2,엘베있는 넓은 쓰리룸,https://www.zigbang.com/home/apt/items/49167424
2026-05-28 07:40:39,빌라투룸,49166416,월세,04,경상남도 양산시 삼호동,양산시,삼호동,200,32,0,39.67,12.0,3,엘베있는 깨끗한 투룸,https://www.zigbang.com/home/apt/items/49166416
2026-05-28 07:40:39,빌라투룸,49144587,월세,06,경상남도 양산시 명동,양산시,명동,8000,18,0,100,30.25,4,시원시원하게 잘빠진 주인세대랍니다,https://www.zigbang.com/home/apt/items/49144587
2026-05-28 07:40:39,빌라투룸,49143027,월세,04,경상남도 양산시 삼호동,양산시,삼호동,200,30,0,30,9.07,4,혼자살기 너무 좋은집,https://www.zigbang.com/home/apt/items/49143027
2026-05-28 07:40:39,빌라투룸,49142927,월세,04,경상남도 양산시 삼호동,양산시,삼호동,300,30,0,35,10.59,2,명동에 귀한 투룸,https://www.zigbang.com/home/apt/items/49142927
2026-05-28 07:40:39,빌라투룸,49097703,월세,05,경상남도 양산시 삼호동,양산시,삼호동,500,40,0,46.28,14.0,2,특가. 깔끔한 쓰리룸,https://www.zigbang.com/home/apt/items/49097703
2026-05-28 07:40:39,빌라투룸,49092878,월세,04,경상남도 양산시 삼호동,양산시,삼호동,200,30,0,39.67,12.0,3,깔끔한 미니 투룸,https://www.zigbang.com/home/apt/items/49092878
2026-05-28 07:40:39,빌라투룸,49079972,월세,05,경상남도 양산시 주남동,양산시,주남동,500,41,0,49.59,15.0,2,화이트톤  신축  넓은 쓰리룸,https://www.zigbang.com/home/apt/items/49079972
2026-05-28 07:40:39,빌라투룸,49071566,전세,04,경상남도 양산시 명동,양산시,명동,3500,0,0,39.67,12.0,2,명동 투룸전세,https://www.zigbang.com/home/apt/items/49071566
2026-05-28 07:40:39,빌라투룸,49059502,월세,04,경상남도 양산시 삼호동,양산시,삼호동,300,31,0,46.28,14.0,2,시장인근. 화이트톤 신축투룸,https://www.zigbang.com/home/apt/items/49059502
2026-05-28 07:40:39,빌라투룸,49053444,월세,04,경상남도 양산시 삼호동,양산시,삼호동,200,30,0,33,9.98,4,편안하게 혼자 쉴수 있는 집,https://www.zigbang.com/home/apt/items/49053444
2026-05-28 07:40:39,빌라투룸,49038946,월세,04,경상남도 양산시 삼호동,양산시,삼호동,500,35,0,40,12.1,2,"에어컨2대,화이트 분리형 원룸",https://www.zigbang.com/home/apt/items/49038946
2026-05-28 07:40:39,빌라투룸,49110425,월세,04,울산시 울주군 서생면 진하리,울주군,서생면,200,55,0,35,10.59,3,세입자조절 입주조절,https://www.zigbang.com/home/apt/items/49110425
2026-05-28 07:40:39,빌라투룸,49013270,월세,06,울산시 울주군 서생면 진하리,울주군,서생면,1000,91,0,107.99,32.67,4,Oo진하는 주차가 짱이지 인근조용한 주인세대 풀옵션oO,https://www.zigbang.com/home/apt/items/49013270
2026-05-28 07:40:39,빌라투룸,49049764,월세,04,울산시 울주군 온양읍 대안리,울주군,온양읍,200,50,0,35,10.59,3,즉시입주 단기가능해요,https://www.zigbang.com/home/apt/items/49049764
2026-05-28 07:40:39,빌라투룸,48889330,월세,05,울산시 울주군 온양읍 운화리,울주군,온양읍,1000,66,0,49.9,15.09,4,관리 잘 된 주인세대 쓰리룸 매물  에어컨 2대,https://www.zigbang.com/home/apt/items/48889330
2026-05-28 07:40:39,빌라투룸,49110394,월세,05,울산시 울주군 온양읍 대안리,울주군,온양읍,500,60,0,60,18.15,3,조용한  숙소 사용가능,https://www.zigbang.com/home/apt/items/49110394
2026-05-28 07:40:39,빌라투룸,49049780,월세,04,울산시 울주군 온양읍 대안리,울주군,온양읍,200,50,0,35,10.59,4,즉시입주 공실,https://www.zigbang.com/home/apt/items/49049780
2026-05-28 07:40:40,빌라투룸,49117874,월세,04,울산시 울주군 청량읍 상남리,울주군,청량읍,300,61,0,50,15.12,4,방2 거실 풀옵션 공단 출퇴근 용이,https://www.zigbang.com/home/apt/items/49117874
2026-05-28 07:40:40,빌라투룸,49094435,월세,04,울산시 울주군 청량읍 상남리,울주군,청량읍,300,61,0,58,17.54,4,ꯁꯁ  상남리 공원앞 큰방2  거실겸주방1  베란다 집깨끗,https://www.zigbang.com/home/apt/items/49094435
2026-05-28 07:40:40,빌라투룸,48949571,월세,04,울산시 울주군 청량읍 상남리,울주군,청량읍,300,45,0,50,15.12,2,부엌1방2 화장실1  깔끔한 집,https://www.zigbang.com/home/apt/items/48949571
2026-05-28 07:40:42,빌라투룸,49163400,월세,05,대구시 수성구 신매동,수성구,신매동,200,21,0,46.28,14.0,2,이일대최저가ㅣ쓰리룸ㅣ대로변밝은곳ㅣ시지두성타운인근,https://www.zigbang.com/home/apt/items/49163400
2026-05-28 07:40:42,빌라투룸,49163388,월세,05,대구시 수성구 신매동,수성구,신매동,500,31,0,49.58,15.0,2,교습소가능매물ㅣ리모델링ㅣ쓰리룸ㅣ에어컨2대ㅣ햇살가득정남향,https://www.zigbang.com/home/apt/items/49163388
2026-05-28 07:40:42,빌라투룸,49128718,월세,05,대구시 수성구 매호동,수성구,매호동,500,45,0,60.5,18.3,3,"올수리 大쓰리룸,, EV엘베 주차편리",https://www.zigbang.com/home/apt/items/49128718
2026-05-28 07:40:42,빌라투룸,49114053,월세,05,대구시 수성구 노변동,수성구,노변동,2000,65,0,83.58,25.28,3,꒰ㆆꇴㆆ꒱ 최 신 축 쓰리룸 즉시입주가능 채광 굳,https://www.zigbang.com/home/apt/items/49114053
2026-05-28 07:40:42,빌라투룸,49111977,월세,05,대구시 수성구 매호동,수성구,매호동,500,43,0,59.5,18.0,2,ㅁ엘리베이터有ㅁ리모델링3룸ㅁ풀옵션ㅁ붙박이장ㅁ남향ㅁ,https://www.zigbang.com/home/apt/items/49111977
2026-05-28 07:40:42,빌라투룸,49100804,월세,04,대구시 수성구 매호동,수성구,매호동,500,23,0,42.97,13.0,3,ㅁ완전저렴ㅁ인기매물ㅁ신축급2룸ㅁ풀옵션ㅁ,https://www.zigbang.com/home/apt/items/49100804
2026-05-28 07:40:42,빌라투룸,49100774,월세,04,대구시 수성구 신매동,수성구,신매동,200,18,0,39.67,12.0,2,ㅁ완전저렴ㅁ리모델링ㅁ2룸ㅁ풀옵션ㅁ화이트톤ㅁ,https://www.zigbang.com/home/apt/items/49100774
2026-05-28 07:40:42,빌라투룸,49052203,월세,04,대구시 수성구 시지동,수성구,시지동,200,17,0,42.97,13.0,1,ㅁ완전저렴ㅁ리모델링ㅁ2룸ㅁ풀옵션ㅁ남향ㅁ,https://www.zigbang.com/home/apt/items/49052203
2026-05-28 07:40:42,빌라투룸,49046436,월세,05,대구시 수성구 신매동,수성구,신매동,300,28,0,52.89,16.0,1,ㅁ리모델링ㅁ3룸ㅁ풀옵션ㅁ침대ㅁTVㅁ쇼파ㅁ옷장ㅁ책상ㅁ남향ㅁ,https://www.zigbang.com/home/apt/items/49046436
2026-05-28 07:40:42,빌라투룸,49024702,월세,05,대구시 수성구 신매동,수성구,신매동,300,28,0,49.58,15.0,2,ㅁ리모델링3룸ㅁ화이트톤ㅁ풀옵션ㅁ,https://www.zigbang.com/home/apt/items/49024702
2026-05-28 07:40:42,빌라투룸,49024692,월세,05,대구시 수성구 매호동,수성구,매호동,500,39,0,52.89,16.0,3,ㅁ귀한매물ㅁ신축급3룸ㅁ화이트톤ㅁ1가구1주차ㅁ중문ㅁ남향ㅁ,https://www.zigbang.com/home/apt/items/49024692
2026-05-28 07:40:42,빌라투룸,49024621,월세,06,대구시 수성구 신매동,수성구,신매동,500,33,0,69.42,21.0,4,ㅁ완전저렴ㅁ올리모델링4룸ㅁ화이트톤ㅁ중문ㅁ남향ㅁ,https://www.zigbang.com/home/apt/items/49024621
2026-05-28 07:40:42,빌라투룸,48984284,월세,05,대구시 수성구 신매동,수성구,신매동,300,23,0,52.89,16.0,1,ㅁ추천매물ㅁ리모델링3룸ㅁ풀옵션ㅁTVㅁ남향ㅁ,https://www.zigbang.com/home/apt/items/48984284
2026-05-28 07:40:42,빌라투룸,48984273,월세,05,대구시 수성구 신매동,수성구,신매동,300,30,0,52.89,16.0,3,ㅁ리모델링3룸ㅁ화이트톤ㅁ풀옵션ㅁTVㅁ,https://www.zigbang.com/home/apt/items/48984273
2026-05-28 07:40:42,빌라투룸,48969497,월세,04,경상북도 경산시 사동,경산시,사동,300,36,0,55.5,16.79,2,"OO친절OO가성비투룸OO사동초,중인근OO살기좋은OO",https://www.zigbang.com/home/apt/items/48969497
2026-05-28 07:40:42,빌라투룸,48955812,월세,04,경상북도 경산시 사동,경산시,사동,500,46,0,66.12,20.0,3,ㅡGooDㅡ 신축 깔끔하고 예쁜정투룸 화이트톤 백향목인근,https://www.zigbang.com/home/apt/items/48955812
2026-05-28 07:40:42,빌라투룸,48914588,월세,04,경상북도 경산시 사동,경산시,사동,500,46,0,62.8,19.0,3,"ㅡ여기어때ㅡ풀옵션, 신축화이트톤",https://www.zigbang.com/home/apt/items/48914588
2026-05-28 07:40:42,빌라투룸,48912366,월세,04,경상북도 경산시 사동,경산시,사동,500,46,0,66.12,20.0,2,ㅡ한의대인기ㅡ햇살가득ㅡ풀옵션ㅡ화이트톤투룸ㅡ,https://www.zigbang.com/home/apt/items/48912366
2026-05-28 07:40:42,빌라투룸,48906989,월세,04,경상북도 경산시 사동,경산시,사동,500,46,0,62.8,19.0,3,"ㅣl GooD lㅣ백향목인근,화이트톤 풀옵션 채광까지 완벽",https://www.zigbang.com/home/apt/items/48906989
2026-05-28 07:40:42,빌라투룸,49129865,월세,04,경상북도 경산시 진량읍 대원리,경산시,진량읍,500,52,0,52.89,16.0,3,투룸 많이 깨끗한투룸,https://www.zigbang.com/home/apt/items/49129865
2026-05-28 07:40:42,빌라투룸,49092495,월세,04,경상북도 경산시 진량읍 신제리,경산시,진량읍,300,43,0,49.59,15.0,3,엘리베이터 있는 넓고 조용한 투룸,https://www.zigbang.com/home/apt/items/49092495
2026-05-28 07:40:42,빌라투룸,48953969,월세,05,경상북도 경산시 진량읍 대원리,경산시,진량읍,1000,51,0,62.81,19.0,3,20평형 아파트 구조  금액조정 가능,https://www.zigbang.com/home/apt/items/48953969
2026-05-28 07:40:42,빌라투룸,49091157,월세,04,경상북도 경산시 압량면 신대리,경산시,압량면,1000,50,0,59.5,18.0,4,2R 엘베있고 전만 좋은 집,https://www.zigbang.com/home/apt/items/49091157
2026-05-28 07:40:42,빌라투룸,49071486,월세,04,경상북도 경산시 압량읍 신대리,경산시,압량읍,2000,40,0,56,16.94,3,2R 엘베있는 미니 아파트,https://www.zigbang.com/home/apt/items/49071486
2026-05-28 07:40:42,빌라투룸,49054238,월세,05,경상북도 경산시 압량읍 신대리,경산시,압량읍,500,45,0,80,24.2,4,3R 가성비와 드레이스룸 아이방,https://www.zigbang.com/home/apt/items/49054238
2026-05-28 07:40:42,빌라투룸,48969576,월세,05,경상북도 경산시 사동,경산시,사동,1000,41,0,55.5,16.79,4,"OO친절O한의대,재활병원인근O가성비쓰리룸O화이트톤O구조굿",https://www.zigbang.com/home/apt/items/48969576
2026-05-28 07:40:42,빌라투룸,48969505,월세,04,경상북도 경산시 압량읍 신대리,경산시,압량읍,200,34,0,55.5,16.79,4,"OO친절OO신대,영대동문,투룸OO구조굿OO살기좋은OO",https://www.zigbang.com/home/apt/items/48969505
2026-05-28 07:40:42,빌라투룸,48969504,월세,04,경상북도 경산시 압량읍 신대리,경산시,압량읍,300,36,0,50.5,15.28,2,"OOO친절OO가성비,정투룸O신대,영대동문O살기좋은",https://www.zigbang.com/home/apt/items/48969504
2026-05-28 07:40:42,빌라투룸,48957000,월세,05,경상북도 경산시 사동,경산시,사동,1000,41,0,80,24.2,4,ㅡGooDㅡ 풀옵션 리모델링 최저가 가성비 쓰리룸 사동방,https://www.zigbang.com/home/apt/items/48957000
2026-05-28 07:40:42,빌라투룸,48918448,월세,04,경상북도 경산시 압량읍 신대리,경산시,압량읍,500,40,0,50,15.12,4,2R 화장실2 넓은 정투룸,https://www.zigbang.com/home/apt/items/48918448
2026-05-28 07:40:42,빌라투룸,48918320,월세,04,경상북도 경산시 압량읍 신대리,경산시,압량읍,1000,50,0,67,20.27,4,2R 채광 좋고 깔끔한 주인세대,https://www.zigbang.com/home/apt/items/48918320
2026-05-28 07:40:42,빌라투룸,48917251,월세,05,경상북도 경산시 사동,경산시,사동,1000,41,0,62.8,19.0,4,"ㅣl GooD lㅣ사동,가성비 풀옵션 귀한 쓰리룸",https://www.zigbang.com/home/apt/items/48917251
2026-05-28 07:40:42,빌라투룸,48914668,월세,05,경상북도 경산시 사동,경산시,사동,1000,41,0,62.8,19.0,4,ㅡ여기어때ㅡ 귀한 쓰리룸 여기 있습니다.,https://www.zigbang.com/home/apt/items/48914668
2026-05-28 07:40:42,빌라투룸,48912447,월세,05,경상북도 경산시 사동,경산시,사동,1000,41,0,80,24.2,4,ㅡ최저가ㅡ화이트톤ㅡ쓰리룸ㅡ,https://www.zigbang.com/home/apt/items/48912447
2026-05-28 07:40:44,빌라투룸,49148471,월세,04,울산시 울주군 언양읍 동부리,울주군,언양읍,500,51,0,56.19,17.0,3,귀한매물 2014년식 방2거실 실사진 풀옵 서두르세요,https://www.zigbang.com/home/apt/items/49148471
2026-05-28 07:40:44,빌라투룸,49110402,월세,04,울산시 울주군 삼남읍 교동리,울주군,삼남읍,500,46,0,55,16.64,2,ㅣㅣ방2 주차좋고 엘베있는집 BEST컨디션 ㅣㅣ,https://www.zigbang.com/home/apt/items/49110402
2026-05-28 07:40:44,빌라투룸,49168221,월세,04,울산시 남구 옥동,남구,옥동,300,41,0,46.28,14.0,3,BEST ㅣ 옥동법원인근ㅣ방2개ㅣ이중주차noㅣ착한가격 ㅣ,https://www.zigbang.com/home/apt/items/49168221
2026-05-28 07:40:44,빌라투룸,49111236,월세,04,울산시 남구 무거동,남구,무거동,300,41,0,42.9,12.98,2,ㅣ방2개 주방 ㅣ월세 초특가 ㅣ과학대 인근 ㅣ도배예정 ㅣ,https://www.zigbang.com/home/apt/items/49111236
2026-05-28 07:40:44,빌라투룸,49080267,월세,04,울산시 남구 무거동,남구,무거동,300,41,0,50,15.12,2,방2 주방 풀옵션 실사진 남향 저렴한가격,https://www.zigbang.com/home/apt/items/49080267
2026-05-28 07:40:44,빌라투룸,49058727,월세,04,울산시 남구 무거동,남구,무거동,1000,58,0,57.1,17.27,3,방2주방분리 에어컨2 새로도배 엘베0,https://www.zigbang.com/home/apt/items/49058727
2026-05-28 07:40:44,빌라투룸,49044467,월세,04,울산시 남구 무거동,남구,무거동,1000,58,0,55,16.64,3,ꯁꯁ 울대후문ㅣ주차최고 ㅣ엘베ㅣ방2주방ㅣ올도배ㅣ컨디션최고,https://www.zigbang.com/home/apt/items/49044467
2026-05-28 07:40:44,빌라투룸,49042681,월세,04,울산시 남구 무거동,남구,무거동,1000,58,0,49.5,14.97,3,ㅣ방2 주방 ㅣ깔끔한 풀옵션 ㅣ즉시입주가능 ㅣ,https://www.zigbang.com/home/apt/items/49042681
2026-05-28 07:40:44,빌라투룸,49036085,월세,04,울산시 남구 무거동,남구,무거동,1000,58,0,50.12,15.16,3,풀옵션 깔끔한 방2ㅣ방마다 에어컨ㅣ컨디션 굿굿,https://www.zigbang.com/home/apt/items/49036085
2026-05-28 07:40:44,빌라투룸,49029523,월세,05,울산시 남구 무거동,남구,무거동,2000,104,0,99,29.95,3,ㅣ올리모델링 ㅣ방3 거실 ㅣ첫입주 ㅣ화이트톤 ㅣ,https://www.zigbang.com/home/apt/items/49029523
2026-05-28 07:40:44,빌라투룸,49014613,월세,04,울산시 남구 무거동,남구,무거동,4000,51,0,82.64,25.0,3,"월 60만원 관리비포함, 지정주차 1대, 대형거실, 욕실2",https://www.zigbang.com/home/apt/items/49014613
2026-05-28 07:40:44,빌라투룸,48997191,월세,05,울산시 남구 무거동,남구,무거동,500,45,0,58,17.54,2,방2칸과 거실 주방이 크서 구조좋고  내부 수리되어 깨끗함,https://www.zigbang.com/home/apt/items/48997191
2026-05-28 07:40:44,빌라투룸,49139083,월세,04,울산시 울주군 범서읍 구영리,울주군,범서읍,500,56,0,55,16.64,2,ㅣ구영리 귀한매물 엘베 BEST컨디션 방2  거실겸주방 ㅣ,https://www.zigbang.com/home/apt/items/49139083
2026-05-28 07:40:44,빌라투룸,49129885,월세,04,울산시 울주군 범서읍 구영리,울주군,범서읍,2000,70,0,60.1,18.18,2,방2거실 에어컨2 엘베0 새로도배예정,https://www.zigbang.com/home/apt/items/49129885
2026-05-28 07:40:44,빌라투룸,49024220,월세,05,울산시 중구 다운동,중구,다운동,2000,50,0,76.1,23.02,2,방3거실 싱크대교체등 정비예정,https://www.zigbang.com/home/apt/items/49024220
2026-05-28 07:40:44,빌라투룸,48987244,월세,04,울산시 울주군 범서읍 구영리,울주군,범서읍,500,51,0,50,15.12,2,방2 주방 풀옵션 실사진,https://www.zigbang.com/home/apt/items/48987244
2026-05-28 07:40:44,빌라투룸,48965297,월세,04,울산시 울주군 범서읍 구영리,울주군,범서읍,500,61,0,60.1,18.18,3,방2 둘다넓은방 주방분리 깔끔한방,https://www.zigbang.com/home/apt/items/48965297
2026-05-28 07:40:45,빌라투룸,49169395,월세,04,울산시 중구 옥교동,중구,옥교동,500,50,0,56.2,17.0,3,NEW옥교동ㅣ방2.거실ㅣ가성비BEST,https://www.zigbang.com/home/apt/items/49169395
2026-05-28 07:40:45,빌라투룸,49133923,월세,04,울산시 중구 성안동,중구,성안동,1000,61,0,56.19,17.0,3,ㄴ방2거실 엘리베이터O 풀옵 서두르세요,https://www.zigbang.com/home/apt/items/49133923
2026-05-28 07:40:45,빌라투룸,49130169,월세,04,울산시 중구 복산동,중구,복산동,500,35,0,58.1,17.58,2,방2거실 에어컨0 테라스사용0 성지아파트인근,https://www.zigbang.com/home/apt/items/49130169
2026-05-28 07:40:45,빌라투룸,49119307,월세,04,울산시 중구 성안동,중구,성안동,1000,61,0,60.1,18.18,2,방2거실모두남향 에어컨2 새로도배 엘베0,https://www.zigbang.com/home/apt/items/49119307
2026-05-28 07:40:45,빌라투룸,49116902,월세,04,울산시 중구 복산동,중구,복산동,500,48,0,56.2,17.0,2,NEW복산동ㅣ방2.거실1ㅣ준신축급ㅣ울산중인근,https://www.zigbang.com/home/apt/items/49116902
2026-05-28 07:40:45,빌라투룸,49110440,월세,04,울산시 중구 복산동,중구,복산동,500,49,0,49.58,15.0,2,"88우정혁신도시인근,가성비굿,화이트톤,방2거실1,선착순88",https://www.zigbang.com/home/apt/items/49110440
2026-05-28 07:40:45,빌라투룸,49016937,월세,04,울산시 중구 성안동,중구,성안동,1000,51,0,50,15.12,2,방2 거실 풀옵션 실사진 남향,https://www.zigbang.com/home/apt/items/49016937
2026-05-28 07:40:45,빌라투룸,48953739,월세,04,울산시 중구 성안동,중구,성안동,500,46,0,45.89,13.88,2,풀옵션. 컨디션 좋은 방2,https://www.zigbang.com/home/apt/items/48953739
2026-05-28 07:40:45,빌라투룸,49159543,월세,05,울산시 울주군 두동면 구미리,울주군,두동면,500,80,0,55.16,16.69,1,방2 거실 다락방  단독주택 마당 전부 사용가능,https://www.zigbang.com/home/apt/items/49159543
2026-05-28 07:40:45,빌라투룸,49106702,월세,04,울산시 북구 호계동,북구,호계동,500,50,0,65,19.66,2,거실1 방2 풀옵션,https://www.zigbang.com/home/apt/items/49106702
2026-05-28 07:40:45,빌라투룸,49150410,월세,04,울산시 북구 중산동,북구,중산동,500,51,0,59.5,18.0,3,ㅣ중산 산업단지ㅣ거실1방2ㅣ풀옵션 ㅣ사이즈 굿ㅣ,https://www.zigbang.com/home/apt/items/49150410
2026-05-28 07:40:45,빌라투룸,49068083,월세,05,울산시 북구 중산동,북구,중산동,3000,110,0,140,42.35,4,주인세대   방2 복층방2 화장실2,https://www.zigbang.com/home/apt/items/49068083
2026-05-28 07:40:45,빌라투룸,49033281,월세,04,울산시 북구 중산동,북구,중산동,3000,50,0,65,19.66,2,거실1방2 넓은 평수,https://www.zigbang.com/home/apt/items/49033281
2026-05-28 07:40:45,빌라투룸,49017559,월세,04,울산시 북구 중산동,북구,중산동,3000,50,0,59.5,18.0,2,"O 중산동 O 방2,거실 O 조정가능 O 주차굿 O",https://www.zigbang.com/home/apt/items/49017559
2026-05-28 07:40:45,빌라투룸,48915681,월세,04,경상북도 경주시 외동읍 모화리,경주시,외동읍,200,45,0,40.1,12.13,4,MA 방2주방분리 채광굿 수납공간굿,https://www.zigbang.com/home/apt/items/48915681
2026-05-28 07:40:45,빌라투룸,48724658,월세,05,울산시 북구 중산동,북구,중산동,5000,90,0,132.23,40.0,4,"O 대형 주인세대 O 방3,욕실2 O 복층, 조정가능 O",https://www.zigbang.com/home/apt/items/48724658
2026-05-28 07:40:46,빌라투룸,48960860,월세,04,경상북도 경주시 충효동,경주시,충효동,500,55,0,52.89,16.0,4,"엘베있음 방2,거실 풀옵션 6월19일입주가능",https://www.zigbang.com/home/apt/items/48960860
2026-05-28 07:40:46,빌라투룸,49167313,월세,04,경상북도 경주시 외동읍 입실리,경주시,외동읍,100,45,0,53.1,16.06,4,MA 방2거실 가성비굿,https://www.zigbang.com/home/apt/items/49167313
2026-05-28 07:40:47,빌라투룸,49058163,월세,04,경상북도 경주시 시래동,경주시,시래동,200,43,0,52.89,16.0,3,"저렴한 월세,,,방2 거실",https://www.zigbang.com/home/apt/items/49058163
2026-05-28 07:40:47,빌라투룸,49137707,월세,04,경상북도 경주시 동천동,경주시,동천동,300,45,0,49.59,15.0,2,"방2 거실,,,시청 교육청 소방서 방면",https://www.zigbang.com/home/apt/items/49137707
2026-05-28 07:40:47,빌라투룸,49130689,월세,04,경상북도 경주시 동천동,경주시,동천동,300,50,0,55.59,16.82,3,"방2 거실,,, 비교적 넓은 방,,,",https://www.zigbang.com/home/apt/items/49130689
2026-05-28 07:40:47,빌라투룸,49121532,월세,05,경상북도 경주시 동천동,경주시,동천동,2000,60,0,84,25.41,4,"원룸주인세대 방3,욕2. 넓은거실 2in1에어컨 단기가능",https://www.zigbang.com/home/apt/items/49121532
2026-05-28 07:40:47,빌라투룸,49121530,월세,04,경상북도 경주시 성건동,경주시,성건동,200,48,0,40,12.1,2,"방2,주방 풀옵션 조용한거주자환영",https://www.zigbang.com/home/apt/items/49121530
2026-05-28 07:40:47,빌라투룸,49119219,월세,05,경상북도 경주시 동천동,경주시,동천동,1000,70,0,54.05,16.35,5,"방2,욕2,넓은거실 엘리베이터있음 풀옵션",https://www.zigbang.com/home/apt/items/49119219
2026-05-28 07:40:47,빌라투룸,49068408,월세,04,경상북도 경주시 동천동,경주시,동천동,500,55,0,56.2,17.0,2,ㅡ방2거실ㅡ예쁜방ㅡ주차편리ㅡ,https://www.zigbang.com/home/apt/items/49068408
2026-05-28 07:40:47,빌라투룸,48961025,월세,04,경상북도 경주시 황오동,경주시,황오동,500,40,0,40,12.1,1,주택1층 풀옵션 조용한1인거주자환영 세탁기없음,https://www.zigbang.com/home/apt/items/48961025
2026-05-28 07:40:47,빌라투룸,49170074,월세,04,경상북도 경주시 시래동,경주시,시래동,300,41,0,56.2,17.0,3,"방2 거실,,,비교적 넓은 방",https://www.zigbang.com/home/apt/items/49170074
2026-05-28 07:40:48,빌라투룸,48845094,월세,04,경상북도 성주군 성주읍 예산리,성주군,성주읍,300,55,0,42.98,13.0,2,"투룸월세, 즉시가능, 2층, 정남향",https://www.zigbang.com/home/apt/items/48845094
2026-05-28 07:40:49,빌라투룸,49096372,월세,04,경상북도 김천시 부곡동,김천시,부곡동,500,43,0,59,17.85,3,부곡동 김천중학교 아주아트빌인근 관리상태 좋은 투룸 월세,https://www.zigbang.com/home/apt/items/49096372
2026-05-28 07:40:49,빌라투룸,48870630,월세,04,경상북도 김천시 부곡동,김천시,부곡동,500,43,0,50,15.12,2,"보증금,월세 파격조정가능 주공아파트인근 최저가 풀옵션 투룸",https://www.zigbang.com/home/apt/items/48870630
2026-05-28 07:40:49,빌라투룸,48920613,월세,04,경상북도 김천시 신음동,김천시,신음동,500,48,0,65,19.66,2,최선을 다하겠습니다.신음동 롯데마트뒤 풀옵션 투룸월세,https://www.zigbang.com/home/apt/items/48920613
2026-05-28 07:40:49,빌라투룸,48870605,월세,04,경상북도 김천시 모암동,김천시,모암동,500,43,0,50,15.12,2,김천 의료원인근 최신축 깔끔한 투룸 방2 거실1,https://www.zigbang.com/home/apt/items/48870605
2026-05-28 07:40:49,빌라투룸,48757851,월세,04,경상북도 김천시 신음동,김천시,신음동,500,43,0,50,15.12,2,김천시청 바로옆 신음동최저가 풀옵션 깔끔한 신축원룸,https://www.zigbang.com/home/apt/items/48757851
2026-05-28 07:40:49,빌라투룸,48757843,월세,04,경상북도 김천시 응명동,김천시,응명동,500,48,0,50,15.12,2,실매물보장 산업공단초입 최저가 풀옵션 투룸 방2 거실1,https://www.zigbang.com/home/apt/items/48757843
2026-05-28 07:40:50,빌라투룸,48894722,월세,04,경상북도 김천시 덕곡동,김천시,덕곡동,500,43,0,60,18.15,2,덕곡동 무실삼거리 인근 방2개 거실 주방의 투룸 월세,https://www.zigbang.com/home/apt/items/48894722
2026-05-28 07:40:50,빌라투룸,48894715,월세,05,경상북도 김천시 덕곡동,김천시,덕곡동,5000,38,0,75,22.69,4,김천시 덕곡동 보기힘든 방3개의 쓰리룸 반전세,https://www.zigbang.com/home/apt/items/48894715
2026-05-28 07:40:50,빌라투룸,48894662,월세,04,경상북도 김천시 덕곡동,김천시,덕곡동,400,38,0,52,15.73,2,초저렴투룸 덕곡동 무실삼거리인근 투룸,https://www.zigbang.com/home/apt/items/48894662
2026-05-28 07:40:50,빌라투룸,48771492,월세,04,경상북도 김천시 덕곡동,김천시,덕곡동,500,43,0,50,15.12,3,덕곡무실삼거리 최신축 풀옵션 깔끔한 투룸 방2 거실1,https://www.zigbang.com/home/apt/items/48771492
2026-05-28 07:40:51,빌라투룸,49123050,월세,04,경상북도 구미시 봉곡동,구미시,봉곡동,1000,50,0,82.02,24.81,4,초대형 월세 투룸 올리모델링 풀옵션,https://www.zigbang.com/home/apt/items/49123050
2026-05-28 07:40:51,빌라투룸,49122373,월세,04,경상북도 구미시 봉곡동,구미시,봉곡동,500,45,0,79.02,23.9,3,올리모델링 투룸 풀옵션깨끗하고 넓은 정투룸,https://www.zigbang.com/home/apt/items/49122373
2026-05-28 07:40:51,빌라투룸,49122352,전세,04,경상북도 구미시 봉곡동,구미시,봉곡동,9500,0,0,81.02,24.51,3,LH전세 대형 투룸 넓은 거실 넓은 주방 넓은 방 올리모델,https://www.zigbang.com/home/apt/items/49122352
2026-05-28 07:40:51,빌라투룸,49120170,월세,04,경상북도 구미시 봉곡동,구미시,봉곡동,1000,55,0,67,20.27,2,"거실큰투룸,건조기,풀옵션",https://www.zigbang.com/home/apt/items/49120170
2026-05-28 07:40:51,빌라투룸,49104733,월세,04,경상북도 구미시 봉곡동,구미시,봉곡동,2000,56,0,60,18.15,2,봉곡동 법원인근 깔끔 리모델링 투룸은 바로 여기,https://www.zigbang.com/home/apt/items/49104733
2026-05-28 07:40:51,빌라투룸,49044500,월세,04,경상북도 구미시 봉곡동,구미시,봉곡동,300,45,0,58,17.54,2,"0리모델링,풀옵션,저렴한보증금0",https://www.zigbang.com/home/apt/items/49044500
2026-05-28 07:40:51,빌라투룸,48330019,월세,04,대구시 달성군 다사읍 세천리,달성군,다사읍,500,35,0,58.3,17.64,2,거실큰 정투룸 풀옵션 채광굿 방음굿 단열굿 내부굿,https://www.zigbang.com/home/apt/items/48330019
2026-05-28 07:40:51,빌라투룸,49000752,월세,04,경상북도 칠곡군 왜관읍 왜관리,칠곡군,왜관읍,500,50,0,59,17.85,3,왜관 시장 인근 투룸 월세 임대. 풀옵션. 즉시입주,https://www.zigbang.com/home/apt/items/49000752
2026-05-28 07:40:51,빌라투룸,49000736,월세,04,경상북도 칠곡군 왜관읍 석전리,칠곡군,왜관읍,500,40,0,59,17.85,2,왜관 석전리 초 저렴 투룸. 편리한 저층. 즉시 입주,https://www.zigbang.com/home/apt/items/49000736
2026-05-28 07:40:51,빌라투룸,49000711,월세,04,경상북도 칠곡군 왜관읍 왜관리,칠곡군,왜관읍,3000,30,0,59,17.85,4,왜관 시장 옆 투룸 반전세ㅣ층간소음 없는 탑층ㅣ이사 협의,https://www.zigbang.com/home/apt/items/49000711
2026-05-28 07:40:51,빌라투룸,48936907,월세,04,경상북도 칠곡군 왜관읍 왜관리,칠곡군,왜관읍,1000,50,0,66.12,20.0,3,O투룸월세O이원리버빌아파트앞O깔끔한 투룸,https://www.zigbang.com/home/apt/items/48936907
2026-05-28 07:40:51,빌라투룸,48936894,월세,04,경상북도 칠곡군 왜관읍 석전리,칠곡군,왜관읍,1000,50,0,69.42,21.0,3,"O정투룸O북부정류장부근,왜관역부근O먼저보면임자O",https://www.zigbang.com/home/apt/items/48936894
2026-05-28 07:40:51,빌라투룸,48921758,월세,04,경상북도 칠곡군 왜관읍 석전리,칠곡군,왜관읍,500,40,0,59.5,18.0,2,㉧거실 큰 투룸㉧ 도배 새로 컨디션 최상 중앙초 인근 2층,https://www.zigbang.com/home/apt/items/48921758
2026-05-28 07:40:51,빌라투룸,49158156,월세,04,경상북도 칠곡군 왜관읍 왜관리,칠곡군,왜관읍,500,45,0,59.5,18.0,2,㉧인기있는 투룸㉧ 넓은 구조 세련된 인테리어 달오지구,https://www.zigbang.com/home/apt/items/49158156
2026-05-28 07:40:51,빌라투룸,48990870,월세,04,경상북도 칠곡군 왜관읍 왜관리,칠곡군,왜관읍,500,45,0,59.5,18.0,2,㉧거실 큰 투룸㉧ 내부 상태 최상 2층 상권 좋은 위치,https://www.zigbang.com/home/apt/items/48990870
2026-05-28 07:40:51,빌라투룸,48990429,월세,04,경상북도 칠곡군 왜관읍 왜관리,칠곡군,왜관읍,500,45,0,59.5,18.0,3,㉧풀옵션 투룸㉧ 거실 커요 귀한 남향 버거킹 라인 청소완료,https://www.zigbang.com/home/apt/items/48990429
2026-05-28 07:40:51,빌라투룸,48936916,월세,04,경상북도 칠곡군 왜관읍 왜관리,칠곡군,왜관읍,500,45,0,49.59,15.0,4,O투룸월세O왜관시내O버거킹부근 O준신축즉시입주,https://www.zigbang.com/home/apt/items/48936916
2026-05-28 07:40:51,빌라투룸,48936887,월세,04,경상북도 칠곡군 왜관읍,칠곡군,왜관읍,4000,35,0,59.5,18.0,2,"O신축정투룸O태왕아너스,칠곡군립도서관부근",https://www.zigbang.com/home/apt/items/48936887
2026-05-28 07:40:51,빌라투룸,48921965,월세,04,경상북도 칠곡군 왜관읍 왜관리,칠곡군,왜관읍,500,45,0,59.5,18.0,4,㉧풀옵션 투룸㉧ 준신축 컨디션 최상 화이트톤 달오지구,https://www.zigbang.com/home/apt/items/48921965
2026-05-28 07:40:52,빌라투룸,49000721,월세,04,경상북도 칠곡군 왜관읍 왜관리,칠곡군,왜관읍,500,45,0,60.03,18.16,4,왜관 동부초 인근. 풀옵션 투룸. 층간소음 없는 탑층.,https://www.zigbang.com/home/apt/items/49000721
2026-05-28 07:40:52,빌라투룸,49159156,월세,06,대구시 달서구 용산동,달서구,용산동,1000,70,0,96,29.04,4,용산도 올수리 사이즈 좋은 주인세대,https://www.zigbang.com/home/apt/items/49159156
2026-05-28 07:40:52,빌라투룸,49126034,전세,04,대구시 달서구 용산동,달서구,용산동,7000,0,0,54.89,16.6,1,"화이트올수리ㅡ방2,주방ㅡLH전세X,다용도가능",https://www.zigbang.com/home/apt/items/49126034
2026-05-28 07:40:52,빌라투룸,49087674,월세,04,대구시 달서구 용산동,달서구,용산동,200,22,0,59.5,18.0,3,용산파크아파트옆 투룸 저렴하고 좋은방  즉시입주가능,https://www.zigbang.com/home/apt/items/49087674
2026-05-28 07:40:52,빌라투룸,49059940,월세,04,대구시 달서구 용산동,달서구,용산동,300,22,0,51.59,15.61,2,"골프장앞ㅡ방2,거실小ㅡ풀옵션,실물Good,주차Good",https://www.zigbang.com/home/apt/items/49059940
2026-05-28 07:40:52,빌라투룸,49011572,월세,04,대구시 달서구 이곡동,달서구,이곡동,500,30,0,62,18.75,2,이곡중부근 방2거실겸주방 베란다 올수리 화이트톤 즉시입주,https://www.zigbang.com/home/apt/items/49011572
2026-05-28 07:40:52,빌라투룸,48972447,월세,05,대구시 달서구 이곡동,달서구,이곡동,300,38,0,58.9,17.82,2,ll 화이트톤 올수리 풀옵션 쓰리룸 ll 즉시입주가 ll,https://www.zigbang.com/home/apt/items/48972447
2026-05-28 07:40:52,빌라투룸,48968109,월세,04,대구시 달서구 용산동,달서구,용산동,100,23,0,43,13.01,2,Pick 보100ㅣ올수리투룸ㅣ화이트톤ㅣ마지막호실ㅣ빨리,https://www.zigbang.com/home/apt/items/48968109
2026-05-28 07:40:52,빌라투룸,48839764,월세,04,대구시 달서구 신당동,달서구,신당동,100,19,0,47.9,14.49,1,"Pick 이곡동투룸ㅣ보100ㅣ올수리,옵션빵빵ㅣ빨리",https://www.zigbang.com/home/apt/items/48839764
2026-05-28 07:40:52,빌라투룸,48828123,월세,04,대구시 북구 매천동,북구,매천동,500,40,0,10,3.02,3,"V매천동 엘베있는 깔끔한집V풀옵션,즉시입주가능",https://www.zigbang.com/home/apt/items/48828123
2026-05-28 07:40:53,빌라투룸,49155622,월세,04,대구시 동구 불로동,동구,불로동,300,30,0,45,13.61,3,방2거1 이시아폴리스 인근 신축급 풀옵션 매물,https://www.zigbang.com/home/apt/items/49155622
2026-05-28 07:40:53,빌라투룸,49155605,월세,04,대구시 동구 지저동,동구,지저동,300,30,0,36,10.89,2,방2거1 컨디션도 가격도 착한 매물,https://www.zigbang.com/home/apt/items/49155605
2026-05-28 07:40:53,빌라투룸,49068584,월세,04,대구시 북구 학정동,북구,학정동,500,40,0,50,15.12,2,V학정동 넓은 투룸V채광 좋은 깔끔한 집,https://www.zigbang.com/home/apt/items/49068584
2026-05-28 07:40:53,빌라투룸,49067456,월세,04,대구시 북구 학정동,북구,학정동,1000,40,0,45,13.61,3,w 집이 밝은 구조 너무 좋은 학정동 투룸 w,https://www.zigbang.com/home/apt/items/49067456
2026-05-28 07:40:53,빌라투룸,49038942,월세,04,대구시 북구 학정동,북구,학정동,1000,40,0,40,12.1,3,w 인기많은 정투룸 w,https://www.zigbang.com/home/apt/items/49038942
2026-05-28 07:40:53,빌라투룸,48974955,월세,04,대구시 북구 학정동,북구,학정동,500,50,0,40,12.1,2,w 학정동 구조좋은 정투룸입니다 w,https://www.zigbang.com/home/apt/items/48974955
2026-05-28 07:40:53,빌라투룸,48956953,월세,04,대구시 북구 학정동,북구,학정동,1000,46,0,53,16.03,3,V학정동 깔끔한 투룸V넉넉한 거실과 은은한 채광이 좋아요,https://www.zigbang.com/home/apt/items/48956953
2026-05-28 07:40:52,빌라투룸,48896524,월세,04,대구시 동구 신천동,동구,신천동,300,25,0,30.1,9.11,3,풀옵션 방1거실1 베란다유 가성비굿 방싸이즈큼,https://www.zigbang.com/home/apt/items/48896524
2026-05-28 07:40:52,빌라투룸,48886319,월세,05,대구시 수성구 만촌동,수성구,만촌동,500,55,0,62.77,18.99,3,HOT . 만촌동 신축3ROOM . 화이트톤 . 채광맛집,https://www.zigbang.com/home/apt/items/48886319
2026-05-28 07:40:52,빌라투룸,48882995,전세,05,대구시 동구 효목동,동구,효목동,15000,0,0,93.96,28.42,4,동구청역인근.신혼부부추천.잘빠진구조의전세.테라스유.주차완비,https://www.zigbang.com/home/apt/items/48882995
2026-05-28 07:40:52,빌라투룸,48880139,월세,04,대구시 동구 방촌동,동구,방촌동,500,37,0,39.72,12.02,2,ꖛ통창투룸 ꖛ화이트톤 ꖛ풀옵션 ꖛ역세권 ꖛ꿀매,https://www.zigbang.com/home/apt/items/48880139
2026-05-28 07:40:52,빌라투룸,48878338,월세,04,대구시 수성구 만촌동,수성구,만촌동,300,33,0,26.5,8.02,2,ꖛ투룸 ꖛ깔끔 ꖛ역세권도로변 ꖛ치안최고 ꖛ꿀매물,https://www.zigbang.com/home/apt/items/48878338
2026-05-28 07:40:52,빌라투룸,48871603,월세,04,대구시 동구 효목동,동구,효목동,500,40,0,35.5,10.74,5,㋡ 신세계백화점 인근 깔끔한 컨디션 ㋡,https://www.zigbang.com/home/apt/items/48871603
2026-05-28 07:40:52,빌라투룸,48871591,월세,04,대구시 동구 효목동,동구,효목동,300,35,0,29.14,8.81,2,㋡ 올화이트톤 깔끔한 컨디션 ㋡,https://www.zigbang.com/home/apt/items/48871591
2026-05-28 07:40:52,빌라투룸,48871586,월세,04,대구시 동구 효목동,동구,효목동,500,40,0,25.59,7.74,3,㋡ 동대구역 초역세권 깔금한 컨디션 ㋡,https://www.zigbang.com/home/apt/items/48871586
2026-05-28 07:40:52,빌라투룸,48866838,월세,04,대구시 수성구 범어동,수성구,범어동,200,27,0,46.29,14.0,3,범어동 투룸 방1거실1 풀옵션 올수리,https://www.zigbang.com/home/apt/items/48866838
2026-05-28 07:40:52,빌라투룸,48844204,월세,05,대구시 동구 효목동,동구,효목동,1000,50,0,60,18.15,2,효목동 아양교역인근 올 리모델링 쓰리룸 바로입주 귀한풀옵션,https://www.zigbang.com/home/apt/items/48844204
2026-05-28 07:40:52,빌라투룸,48839971,월세,04,대구시 수성구 범어동,수성구,범어동,500,46,0,29.75,9.0,2,구경은 공짜 2호선 수성구청역 도보권 엘베O화이트톤준신축,https://www.zigbang.com/home/apt/items/48839971
2026-05-28 07:40:52,빌라투룸,48831375,월세,04,대구시 수성구 범어동,수성구,범어동,300,39,0,38,11.49,2,HOT . 수성구청역5분 . 투룸 . 중문有 .채광맛집,https://www.zigbang.com/home/apt/items/48831375
2026-05-28 07:40:52,빌라투룸,48827743,월세,04,대구시 동구 신암동,동구,신암동,300,30,0,36.3,10.98,4,O 가성비 끝판왕 풀옵션 O 신세계·동대구역 인접,https://www.zigbang.com/home/apt/items/48827743
2026-05-28 07:40:52,빌라투룸,48778546,월세,05,대구시 동구 효목동,동구,효목동,2000,80,0,65.61,19.85,4,신세계백화점인근.잘빠진구조.복층.주인세대.주차완비,https://www.zigbang.com/home/apt/items/48778546
2026-05-28 07:40:52,빌라투룸,48655568,월세,04,대구시 동구 불로동,동구,불로동,500,50,0,45,13.61,2,금호강 인접 방2 거실 겸 주방 채광 좋은 추천 매물,https://www.zigbang.com/home/apt/items/48655568
2026-05-28 07:40:54,빌라투룸,49169160,월세,04,경상북도 구미시 임수동,구미시,임수동,300,30,0,59,17.85,3,GG인기급상승G실매물GALL리모델링G위치최상G러블리투룸,https://www.zigbang.com/home/apt/items/49169160
2026-05-28 07:40:54,빌라투룸,49155934,월세,04,경상북도 구미시 공단동,구미시,공단동,300,30,0,50,15.12,2,V투룸V옵션 구비V도로가 인접V즉시 입주 가능V,https://www.zigbang.com/home/apt/items/49155934
2026-05-28 07:40:54,빌라투룸,49101914,월세,04,경상북도 구미시 비산동,구미시,비산동,300,30,0,50,15.12,4,깜끔한 정투룸ㅣ풀옵션ㅣ트인구조ㅣ이노텍ㅣ넥스원ㅣ금오공대,https://www.zigbang.com/home/apt/items/49101914
2026-05-28 07:40:54,빌라투룸,49065041,월세,04,경상북도 구미시 비산동,구미시,비산동,300,33,0,60,18.15,2,투룸V넓은 거실V채광 좋아요V풀옵션 구비V,https://www.zigbang.com/home/apt/items/49065041
2026-05-28 07:40:54,빌라투룸,48948725,월세,05,경상북도 구미시 신평동,구미시,신평동,500,50,0,70,21.17,4,쓰리룸V남향V테라스V채광 굿V롯데마트 인접V,https://www.zigbang.com/home/apt/items/48948725
2026-05-28 07:40:54,빌라투룸,48932168,월세,04,경상북도 구미시 임은동,구미시,임은동,2000,50,0,50,15.12,3,리모델링 투룸ㅣ실링팬ㅣ채광 굿ㅣ공단이동 용이ㅣ상권  최고,https://www.zigbang.com/home/apt/items/48932168
2026-05-28 07:40:54,빌라투룸,48892470,월세,04,경상북도 구미시 임은동,구미시,임은동,500,28,0,60,18.15,2,임은 주민센터인근 정투룸 수리완료,https://www.zigbang.com/home/apt/items/48892470
2026-05-28 07:40:54,빌라투룸,48798892,월세,04,경상북도 구미시 임은동,구미시,임은동,1000,41,0,60,18.15,3,에어컨 2대 3층 투룸입니다.,https://www.zigbang.com/home/apt/items/48798892
2026-05-28 07:40:54,빌라투룸,49169302,월세,04,경상북도 구미시 원평동,구미시,원평동,300,36,0,60,18.15,2,구미역 도보 5분거리 거실 사이즈 엄청 넓은 투룸 월세,https://www.zigbang.com/home/apt/items/49169302
2026-05-28 07:40:54,빌라투룸,49138046,월세,04,경상북도 구미시 원평동,구미시,원평동,300,33,0,70,21.17,2,구미역인근 정투룸 정남향,https://www.zigbang.com/home/apt/items/49138046
2026-05-28 07:40:54,빌라투룸,49136497,월세,04,경상북도 구미시 남통동,구미시,남통동,500,50,0,50,15.12,3,LH가능 투룸ㅣ금리단길ㅣ스타벅스ㅣ스타일러ㅣ풀옵션ㅣ도서관,https://www.zigbang.com/home/apt/items/49136497
2026-05-28 07:40:54,빌라투룸,49125030,월세,04,경상북도 구미시 원평동,구미시,원평동,300,33,0,50,15.12,2,ㅣPLUSㅣ투룸V풀옵션V구미역 인근V넓은 거실V,https://www.zigbang.com/home/apt/items/49125030
2026-05-28 07:40:54,빌라투룸,49120044,월세,04,경상북도 구미시 원평동,구미시,원평동,500,35,0,60,18.15,4,깔끔한 투룸ㅣ에어컨2대ㅣ선산이동 용이ㅣ구미시청ㅣ터미널,https://www.zigbang.com/home/apt/items/49120044
2026-05-28 07:40:54,빌라투룸,49113234,월세,04,경상북도 구미시 신평동,구미시,신평동,1000,45,0,60,18.15,4,V투룸V옵션 구비V넓은 거실V트여있는 전망V,https://www.zigbang.com/home/apt/items/49113234
2026-05-28 07:40:54,빌라투룸,49078379,월세,05,경상북도 구미시 고아읍 문성리,구미시,고아읍,500,50,0,85,25.71,4,문성 경남아너스앞 복층투룸 방2 복층1 테라스1,https://www.zigbang.com/home/apt/items/49078379
2026-05-28 07:40:54,빌라투룸,49078348,월세,04,경상북도 구미시 원평동,구미시,원평동,500,32,0,70,21.17,3,구미역 도보3분 정투룸 풀옵션,https://www.zigbang.com/home/apt/items/49078348
2026-05-28 07:40:54,빌라투룸,49008849,월세,04,경상북도 구미시 원평동,구미시,원평동,500,40,0,60,18.15,2,투룸V넓은 거실V풀옵션V구미역 인근V,https://www.zigbang.com/home/apt/items/49008849
2026-05-28 07:40:54,빌라투룸,49008221,월세,04,경상북도 구미시 원평동,구미시,원평동,2000,50,0,60,18.15,2,"올리모델링투룸 에어컨두대에 건조기,전자렌지까지",https://www.zigbang.com/home/apt/items/49008221
2026-05-28 07:40:54,빌라투룸,48948065,월세,04,경상북도 구미시 원평동,구미시,원평동,300,35,0,60,18.15,4,ㅣPLUSㅣ투룸V풀옵션V채광 굿V넓은 거실V,https://www.zigbang.com/home/apt/items/48948065
2026-05-28 07:40:54,빌라투룸,48939274,월세,04,경상북도 구미시 원평동,구미시,원평동,300,38,0,50,15.12,4,ㄴWOWㄱ풀옵션 투룸ㅣ구미역 인접ㅣ주차 차단기,https://www.zigbang.com/home/apt/items/48939274
2026-05-28 07:40:54,빌라투룸,49020946,월세,04,경상북도 구미시 옥계동,구미시,옥계동,300,39,0,60,18.15,2,ㅁ동사무소 인근 깔끔하고 깨끗한 투룸ㅁ,https://www.zigbang.com/home/apt/items/49020946
2026-05-28 07:40:54,빌라투룸,49020934,월세,04,경상북도 구미시 옥계동,구미시,옥계동,500,40,0,60,18.15,2,ㅁ큰도로 인근 정남향 햇살가득 방도 위치도 기가막힌 투룸ㅁ,https://www.zigbang.com/home/apt/items/49020934
2026-05-28 07:40:54,빌라투룸,48956795,월세,04,경상북도 구미시 옥계동,구미시,옥계동,200,26,0,60,18.15,2,ㅁ동사무소 인근 옥계에 이가격에 투룸이 대박사건ㅁ,https://www.zigbang.com/home/apt/items/48956795
2026-05-28 07:40:54,빌라투룸,48956784,월세,04,경상북도 구미시 옥계동,구미시,옥계동,500,30,0,50,15.12,1,ㅁ양포초 인근 화이트계열 올리모델링 몸만입쥬ㅁ,https://www.zigbang.com/home/apt/items/48956784
2026-05-28 07:40:54,빌라투룸,48956778,월세,04,경상북도 구미시 산동읍 봉산리,구미시,산동읍,500,55,0,60,18.15,4,ㅁ큰도로 먹자골목인근 엘리베이터에 화장실2개 대박 오피스텔,https://www.zigbang.com/home/apt/items/48956778
2026-05-28 07:40:56,빌라투룸,48922933,월세,04,경상북도 구미시 선산읍 동부리,구미시,선산읍,500,40,0,70,21.17,2,선산 투룸 풀옵션 LH전세가능 월세가능,https://www.zigbang.com/home/apt/items/48922933
2026-05-28 07:41:01,빌라투룸,49165782,월세,04,대구시 동구 동호동,동구,동호동,500,30,0,42,12.7,3,투룸 동부경찰서인근 실매물 엘베有,https://www.zigbang.com/home/apt/items/49165782
2026-05-28 07:41:01,빌라투룸,49130362,월세,04,대구시 동구 각산동,동구,각산동,1000,40,0,45,13.61,2,"새론중학교삼거리 저렴한남향투룸,청소완료즉시입주",https://www.zigbang.com/home/apt/items/49130362
2026-05-28 07:41:01,빌라투룸,49117476,월세,04,대구시 동구 신서동,동구,신서동,300,38,0,28.26,8.55,3,.거실1방1 신서동신축투룸.200프로실매물.채광우수구조굿.,https://www.zigbang.com/home/apt/items/49117476
2026-05-28 07:41:01,빌라투룸,49099088,월세,04,대구시 동구 동호동,동구,동호동,500,34,0,39.87,12.06,3,ꖛ통창투룸 ꖛ엘베 ꖛ치안확실 ꖛ풀옵션 ꖛ인기매물,https://www.zigbang.com/home/apt/items/49099088
2026-05-28 07:41:01,빌라투룸,49095476,월세,04,대구시 동구 각산동,동구,각산동,1000,47,0,49.59,15.0,3,"혁신도시복층형구조,확트인전망.사무실과주거분리공간,주차편리",https://www.zigbang.com/home/apt/items/49095476
2026-05-28 07:41:01,빌라투룸,49095461,월세,04,대구시 동구 각산동,동구,각산동,500,45,0,45,13.61,2,"새론중삼거리 아주넓고깔끔한방2 남향투룸,청소완료.즉시입주",https://www.zigbang.com/home/apt/items/49095461
2026-05-28 07:41:01,빌라투룸,48985873,월세,04,대구시 동구 신서동,동구,신서동,500,45,0,49.59,15.0,2,"공기관가장근접한 거실넓은투룸,도보출퇴근가능,청소완료,즉입",https://www.zigbang.com/home/apt/items/48985873
2026-05-28 07:41:01,빌라투룸,48985823,월세,05,대구시 동구 신서동,동구,신서동,1000,65,0,100,30.25,3,새론중학교 공기관인근 월세저렴한 아파트형주인세대,https://www.zigbang.com/home/apt/items/48985823
2026-05-28 07:41:01,빌라투룸,48967103,월세,04,대구시 동구 신서동,동구,신서동,1000,45,0,60.77,18.38,2,ㅇ방2거실1ㅇ기본옵션 있음ㅇ주차편리ㅇ즉시입주가능ㅇ,https://www.zigbang.com/home/apt/items/48967103
2026-05-28 07:41:01,빌라투룸,48956155,월세,04,대구시 동구 각산동,동구,각산동,1000,45,0,49.5,14.97,2,ㅇ새론중 5분ㅇ방2거실1ㅇ주차편리ㅇ풀옵션ㅇ도배예정ㅇ,https://www.zigbang.com/home/apt/items/48956155
2026-05-28 07:41:01,빌라투룸,48956122,월세,05,대구시 동구 각산동,동구,각산동,1000,50,0,49.59,15.0,2,ㅇ채광ㅇ주차편리ㅇ방2거실ㅇ에어컨2ㅇ남향ㅇ,https://www.zigbang.com/home/apt/items/48956122
2026-05-28 07:41:01,빌라투룸,48956119,월세,06,대구시 동구 신서동,동구,신서동,2000,80,0,92.32,27.93,3,ㅇ코스트코 3분ㅇ방5ㅇ복층ㅇ테라스ㅇ주차편리ㅇ,https://www.zigbang.com/home/apt/items/48956119
2026-05-28 07:41:01,빌라투룸,48839047,월세,05,대구시 동구 신서동,동구,신서동,1000,45,0,59.85,18.1,2,ㅇ새론중 1분ㅇ방3거실1ㅇ주차편리ㅇ기본옵션Oㅇ,https://www.zigbang.com/home/apt/items/48839047
2026-05-28 07:41:01,빌라투룸,48839038,월세,05,대구시 동구 각산동,동구,각산동,2000,90,0,132.61,40.11,4,ㅇ실사진ㅇ동부고 1분ㅇ방3욕실2ㅇ천장형에어컨2ㅇ,https://www.zigbang.com/home/apt/items/48839038
2026-05-28 07:41:01,빌라투룸,49142180,월세,05,대구시 동구 율하동,동구,율하동,1000,45,0,56,16.94,3,쓰리룸ㅡ햇살가득ㅡ율하역,https://www.zigbang.com/home/apt/items/49142180
2026-05-28 07:41:01,빌라투룸,49128734,월세,05,대구시 동구 서호동,동구,서호동,1000,40,0,44.98,13.61,4,"화이트톤 大쓰리룸,,, 반야월역 인근 채광굿",https://www.zigbang.com/home/apt/items/49128734
2026-05-28 07:41:01,빌라투룸,49113705,월세,05,대구시 동구 율하동,동구,율하동,1000,40,0,47.47,14.36,3,o올리모델링후첫입주o화이트톤o화사한쓰리룸o,https://www.zigbang.com/home/apt/items/49113705
2026-05-28 07:41:01,빌라투룸,49095647,월세,04,대구시 동구 율하동,동구,율하동,500,35,0,23.62,7.15,3,.거실1방1 율하신축투룸.200프로 실매물.붙박이장 엘베.,https://www.zigbang.com/home/apt/items/49095647
2026-05-28 07:41:01,빌라투룸,49092851,월세,04,대구시 동구 신기동,동구,신기동,200,29,0,43,13.01,4,o최저가미투룸o원룸가격에미투룸을o큰방o,https://www.zigbang.com/home/apt/items/49092851
2026-05-28 07:41:01,빌라투룸,49091152,월세,04,대구시 동구 동호동,동구,동호동,300,30,0,33.11,10.02,4,o풀옵션o정투룸방2o리o주차편리o,https://www.zigbang.com/home/apt/items/49091152
2026-05-28 07:41:01,빌라투룸,49090935,월세,05,대구시 동구 율하동,동구,율하동,2000,70,0,80.73,24.42,4,o복층주인세대o태양광설치o수납끝판왕o,https://www.zigbang.com/home/apt/items/49090935
2026-05-28 07:41:01,빌라투룸,49003165,전세,05,대구시 동구 율하동,동구,율하동,14000,0,0,88.8,26.86,4,ㅇ단독 복층 테라스ㅇ주인세대ㅇ준신축ㅇ,https://www.zigbang.com/home/apt/items/49003165
2026-05-28 07:41:01,빌라투룸,48956646,월세,04,대구시 동구 서호동,동구,서호동,2000,40,0,44.98,13.61,4,ㅇ반야월역 5분ㅇ2022년ㅇ방2거실1ㅇ,https://www.zigbang.com/home/apt/items/48956646
2026-05-28 07:41:01,빌라투룸,48886230,월세,04,대구시 동구 율하동,동구,율하동,300,30,0,45,13.61,2,HOT . 율하역3분 . 깔끔한투룸 . 가성비굳,https://www.zigbang.com/home/apt/items/48886230
2026-05-28 07:41:01,빌라투룸,48886178,월세,04,대구시 동구 서호동,동구,서호동,300,35,0,45,13.61,2,HOT . 반야월역 . 도보2분 . 화이트톤 . 깔끔한집,https://www.zigbang.com/home/apt/items/48886178
2026-05-28 07:41:02,빌라투룸,49148052,월세,04,경상북도 경산시 진량읍 신상리,경산시,진량읍,200,33,0,49.59,15.0,2,싼 투룸  주위주차할때는 많은집,https://www.zigbang.com/home/apt/items/49148052
2026-05-28 07:41:02,빌라투룸,49115315,월세,04,경상북도 경산시 진량읍 신상리,경산시,진량읍,200,38,0,43.1,13.04,2,가성비 좋은 투룸 매물,https://www.zigbang.com/home/apt/items/49115315
2026-05-28 07:41:02,빌라투룸,49074880,월세,04,경상북도 경산시 진량읍 신상리,경산시,진량읍,200,44,0,49.59,15.0,3,귀한 투룸 조용하고 좋은 위치,https://www.zigbang.com/home/apt/items/49074880
2026-05-28 07:41:02,빌라투룸,49074815,월세,04,경상북도 경산시 진량읍 신상리,경산시,진량읍,200,33,0,52.89,16.0,2,싼 투룸 살기 좋은집,https://www.zigbang.com/home/apt/items/49074815
2026-05-28 07:41:02,빌라투룸,49001183,월세,04,경상북도 경산시 진량읍 신상리,경산시,진량읍,500,45,0,66,19.96,4,거실이 많이 넓은 주인세대 투룸,https://www.zigbang.com/home/apt/items/49001183
2026-05-28 07:41:02,빌라투룸,48963682,월세,04,경상북도 경산시 진량읍 신상리,경산시,진량읍,100,32,0,49.1,14.85,4,가격대비 넓은 정투룸 에어컨2대,https://www.zigbang.com/home/apt/items/48963682
2026-05-28 07:41:02,빌라투룸,49163748,월세,04,경상북도 경산시 하양읍 금락리,경산시,하양읍,300,45,0,66.12,20.0,4,하양초 옆 큰투룸 완전 착한임대,https://www.zigbang.com/home/apt/items/49163748
2026-05-28 07:41:02,빌라투룸,48928335,월세,05,경상북도 경산시 하양읍 금락리,경산시,하양읍,2000,85,0,95,28.74,4,하양지하철역 도보 8분 엘레베이트 있는 주인세대 복층,https://www.zigbang.com/home/apt/items/48928335
2026-05-28 07:41:07,빌라투룸,49092999,월세,04,경상북도 포항시 북구 동빈2가,포항시 북구,동빈2가,300,40,0,56,16.94,2,가성비 좋은 옵션 정투룸T,https://www.zigbang.com/home/apt/items/49092999
2026-05-28 07:41:07,빌라투룸,48923012,월세,04,경상북도 포항시 북구 동빈1가,포항시 북구,동빈1가,500,50,0,59.5,18.0,3,엘리베이터 건물  동빈동 북구청부근   투룸,https://www.zigbang.com/home/apt/items/48923012
2026-05-28 07:41:07,빌라투룸,48898956,전세,04,경상북도 포항시 북구 동빈1가,포항시 북구,동빈1가,6000,0,0,50,15.12,2,북구청 채움병원인근 깔끔한 정투 전세,https://www.zigbang.com/home/apt/items/48898956
2026-05-28 07:41:57,빌라투룸,49149384,월세,04,충청남도 서산시 동문동,서산시,동문동,1000,60,0,50,15.12,4,터미널가까운 신축급 풀옵션투룸,https://www.zigbang.com/home/apt/items/49149384
2026-05-28 07:41:57,빌라투룸,49096621,월세,04,충청남도 서산시 읍내동,서산시,읍내동,1000,55,0,63.2,19.12,2,문화회관인근 넓은 투룸 협의입주,https://www.zigbang.com/home/apt/items/49096621
2026-05-28 07:41:57,빌라투룸,49073930,월세,04,충청남도 서산시 동문동,서산시,동문동,500,40,0,46,13.91,3,서령고 인근 빌라 즉시입주가능,https://www.zigbang.com/home/apt/items/49073930
2026-05-28 07:41:57,빌라투룸,49073676,월세,04,충청남도 서산시 읍내동,서산시,읍내동,500,44,0,49,14.82,2,"학돌초등학교 앞 협의입주,즉시입주가능",https://www.zigbang.com/home/apt/items/49073676
2026-05-28 07:41:57,빌라투룸,48936871,월세,04,충청남도 서산시 동문동,서산시,동문동,1000,55,0,66.12,20.0,4,에어컨두대 풀옵션 투룸 신축급 반전세 뷰 채광 굿,https://www.zigbang.com/home/apt/items/48936871
2026-05-28 07:42:24,빌라투룸,49023496,월세,04,인천시 중구 운서동,중구,운서동,500,52,0,46.28,14.0,3,원룸형 쓰리룸 분리공간 총 쓰리방,https://www.zigbang.com/home/apt/items/49023496
2026-05-28 07:42:24,빌라투룸,49143771,월세,04,인천시 중구 운남동,중구,운남동,3000,40,0,46.28,14.0,3,거실있는 투룸 정석 대로변 앞,https://www.zigbang.com/home/apt/items/49143771
2026-05-28 07:42:24,빌라투룸,49065123,월세,04,인천시 중구 운북동,중구,운북동,300,55,0,58.95,17.83,1,영종역세권 넓고 귀한 투룸,https://www.zigbang.com/home/apt/items/49065123
2026-05-28 07:42:24,빌라투룸,49053562,월세,05,인천시 중구 운남동,중구,운남동,1000,80,0,79.34,24.0,4,ㅡluckyㅡ 옵션없는 넓은 3룸,https://www.zigbang.com/home/apt/items/49053562
2026-05-28 07:42:24,빌라투룸,49051037,월세,05,인천시 중구 운남동,중구,운남동,2000,72,0,52.89,16.0,1,ㅡlcukyㅡ 신축 완전 저렴 3룸,https://www.zigbang.com/home/apt/items/49051037
2026-05-28 07:42:24,빌라투룸,49050967,월세,05,인천시 중구 운남동,중구,운남동,2000,86,0,49.85,15.08,4,ㅡluckyㅡ 반려동물 가능한 3룸 복층,https://www.zigbang.com/home/apt/items/49050967
2026-05-28 07:42:24,빌라투룸,49050772,월세,04,인천시 중구 운남동,중구,운남동,2000,72,0,43,13.01,4,"ㅡluckyㅡ 첫입주, 넓고 쾌적한 투룸 복층",https://www.zigbang.com/home/apt/items/49050772
2026-05-28 07:42:24,빌라투룸,49050252,월세,04,인천시 중구 운남동,중구,운남동,300,47,0,39.67,12.0,3,ㅡluckyㅡ 반려묘 가능한 미니 투룸,https://www.zigbang.com/home/apt/items/49050252
2026-05-28 07:42:29,빌라투룸,49097887,매매,05,인천시 강화군 강화읍 관청리,강화군,강화읍,19000,0,19000,50.99,15.42,2,실입주금 1천만원 가능한 학군위치 방3화2 신축컨디션 급,https://www.zigbang.com/home/apt/items/49097887
2026-05-28 07:43:17,빌라투룸,49052853,월세,04,충청남도 당진시 신평면 금천리,당진시,신평면,500,54,0,39.6,11.98,4,신평 귀한 투룸 월세 옵션 좋은 집,https://www.zigbang.com/home/apt/items/49052853
2026-05-28 07:43:20,빌라투룸,49053893,월세,04,충청남도 아산시 온천동,아산시,온천동,500,40,0,55,16.64,4,ㅁㅁ 시청인근 최저가 ㅁㅁ,https://www.zigbang.com/home/apt/items/49053893
2026-05-28 07:43:20,빌라투룸,49002531,월세,04,충청남도 아산시 온천동,아산시,온천동,500,60,0,56.2,17.0,3,ꕥꕥ 중문 있는 신축투룸 ꕥꕥ 온천천view ꕥꕥ,https://www.zigbang.com/home/apt/items/49002531
2026-05-28 07:43:20,빌라투룸,48926967,월세,04,충청남도 아산시 온천동,아산시,온천동,1000,70,0,60,18.15,4,lll시청.엘베.신축.풀옵션.인터넷.lll,https://www.zigbang.com/home/apt/items/48926967
2026-05-28 07:43:20,빌라투룸,48915733,월세,04,충청남도 아산시 온천동,아산시,온천동,1000,54,0,62.81,19.0,3,white st 복개천 사계절이 예쁜뷰 투룸 시청 ev,https://www.zigbang.com/home/apt/items/48915733
2026-05-28 07:43:20,빌라투룸,48881747,월세,04,충청남도 아산시 배미동,아산시,배미동,500,55,0,45,13.61,1,순천향대 . 득산농공단지ㅣ깔끔투룸 . 금액조정OK,https://www.zigbang.com/home/apt/items/48881747
2026-05-28 07:43:20,빌라투룸,48762493,월세,04,충청남도 아산시 온천동,아산시,온천동,500,70,0,65,19.66,2,ll시청 부근. 주인세대. 넓은거실.붙박이장.인터넷.ll,https://www.zigbang.com/home/apt/items/48762493
2026-05-28 07:43:20,빌라투룸,49121895,월세,04,충청남도 아산시 탕정면 갈산리,아산시,탕정면,500,60,0,80,24.2,2,ꇺꇺꇺ  삼성디스플레이 투룸 중문보유 ꇺꇺꇺ,https://www.zigbang.com/home/apt/items/49121895
2026-05-28 07:43:20,빌라투룸,49121862,월세,04,충청남도 아산시 탕정면 갈산리,아산시,탕정면,500,60,0,80,24.2,4,ꔚꔣ 투룸 화이트톤 채광좋음 ꔚꔣ,https://www.zigbang.com/home/apt/items/49121862
2026-05-28 07:43:20,빌라투룸,49109172,월세,04,충청남도 아산시 탕정면 명암리,아산시,탕정면,500,50,0,33.05,10.0,2,I탕정크린I 탕정 지중해마을. 삼성5분 . 인프라최고.도배,https://www.zigbang.com/home/apt/items/49109172
2026-05-28 07:43:20,빌라투룸,49073531,월세,04,충청남도 아산시 탕정면 갈산리,아산시,탕정면,1000,60,0,33.05,10.0,2,I탕정크린I선문대 서문 탕정초 옆 투룸 . 주차 매우 편리,https://www.zigbang.com/home/apt/items/49073531
2026-05-28 07:43:20,빌라투룸,49073272,월세,06,충청남도 아산시 탕정면 호산리,아산시,탕정면,3000,90,0,132.23,40.0,4,"l탕정크린l 신축급 매우 넓은 주인세대, 전세도 가능",https://www.zigbang.com/home/apt/items/49073272
2026-05-28 07:43:20,빌라투룸,49073051,월세,04,충청남도 아산시 탕정면 갈산리,아산시,탕정면,500,60,0,39.66,12.0,3,"I탕정크린I선문대 서문 로타리. 방,주방,거실,베란다 분리",https://www.zigbang.com/home/apt/items/49073051
2026-05-28 07:43:20,빌라투룸,49033030,월세,04,충청남도 아산시 탕정면 호산리,아산시,탕정면,220,55,0,49.59,15.0,4,ㅇ탕정삼성ㅇ선문대ㅇ깨끗한 투룸월세ㅇ화장실2ㅇ풀옵션ㅇ,https://www.zigbang.com/home/apt/items/49033030
2026-05-28 07:43:20,빌라투룸,48925877,월세,04,충청남도 아산시 탕정면 갈산리,아산시,탕정면,500,75,0,49.59,15.0,3,ㅇ탕정삼성ㅇ선문대서문ㅇ풀옵션ㅇ큰투룸ㅇ화장실2ㅇ주차장ㅇ엘베,https://www.zigbang.com/home/apt/items/48925877
2026-05-28 07:43:20,빌라투룸,48864589,월세,04,충청남도 아산시 탕정면 명암리,아산시,탕정면,500,60,0,45,13.61,2,탕정 지중해마을ㅣ넓은 투룸 . 테라스ㅣ즉시입주OK,https://www.zigbang.com/home/apt/items/48864589
2026-05-28 07:43:20,빌라투룸,48789559,월세,04,충청남도 아산시 탕정면 갈산리,아산시,탕정면,300,60,0,49.59,15.0,2,ㅇ선문대.탕정삼성ㅇ2인기준ㅇ깨끗한투룸ㅇEVㅇ풀옵션ㅇ1년이상,https://www.zigbang.com/home/apt/items/48789559
2026-05-28 07:43:20,빌라투룸,48712708,월세,05,충청남도 아산시 탕정면 갈산리,아산시,탕정면,1000,75,0,56.19,17.0,4,ㅇ탕정삼성ㅇ선문대서문ㅇ복층3룸ㅇ방3화2ㅇ풀옵션ㅇ주차장ㅇ엘베,https://www.zigbang.com/home/apt/items/48712708
2026-05-28 07:43:20,빌라투룸,49155149,전세,04,충청남도 아산시 둔포면 신항리,아산시,둔포면,5000,0,0,42.98,13.0,2,"투룸 전세, 퍼스트아울렛근처 5분거리",https://www.zigbang.com/home/apt/items/49155149
2026-05-28 07:43:20,빌라투룸,49144301,월세,04,충청남도 아산시 둔포면 신항리,아산시,둔포면,200,36,0,26.45,8.0,4,신항리 귀한  투룸  금방 나가요. 최저가,https://www.zigbang.com/home/apt/items/49144301
2026-05-28 07:43:20,빌라투룸,49140963,월세,04,충청남도 아산시 둔포면 신항리,아산시,둔포면,300,39,0,33.05,10.0,4,신항리 저렴한 투룸 월세 입니다.,https://www.zigbang.com/home/apt/items/49140963
2026-05-28 07:43:20,빌라투룸,49140908,월세,04,충청남도 아산시 둔포면 관대리,아산시,둔포면,300,39,0,42.97,13.0,4,관대리 투룸. 평택 20분거리. 교통편리합니다.,https://www.zigbang.com/home/apt/items/49140908
2026-05-28 07:43:20,빌라투룸,49140791,전세,04,충청남도 아산시 둔포면 관대리,아산시,둔포면,5000,0,0,42.98,13.0,3,"관대리 투룸전세 보증보험, LH전세가능 합니다.",https://www.zigbang.com/home/apt/items/49140791
2026-05-28 07:43:20,빌라투룸,49140755,전세,04,충청남도 아산시 둔포면 관대리,아산시,둔포면,5000,0,0,39.66,12.0,2,"융자없는 투룸전세 보증보험,LH전세 가능, 즉시이사가능",https://www.zigbang.com/home/apt/items/49140755
2026-05-28 07:43:20,빌라투룸,49122158,월세,04,충청남도 아산시 둔포면 신항리,아산시,둔포면,200,36,0,26.45,8.0,2,신항리 가성비 좋은 투룸 기숙사 활용 좋음,https://www.zigbang.com/home/apt/items/49122158
2026-05-28 07:43:20,빌라투룸,49095669,월세,04,충청남도 아산시 둔포면 신항리,아산시,둔포면,200,34,0,25,7.56,3,신항리 귀한 투룸이 나왔어요. 가성비 좋아요. 단기가능,https://www.zigbang.com/home/apt/items/49095669
2026-05-28 07:43:20,빌라투룸,49072947,월세,04,충청남도 아산시 둔포면 신항리,아산시,둔포면,200,36,0,33.05,10.0,3,"실매물사진 l 신항리 2R,투룸 월세 l 3층 l 입주환영",https://www.zigbang.com/home/apt/items/49072947
2026-05-28 07:43:20,빌라투룸,49072935,월세,04,충청남도 아산시 둔포면 산전리,아산시,둔포면,300,53,0,39.05,11.81,3,"l 실매물사진, 첫입주 투룸,2R 월세 l 화장실 2개",https://www.zigbang.com/home/apt/items/49072935
2026-05-28 07:43:20,빌라투룸,48996036,월세,04,충청남도 아산시 둔포면 산전리,아산시,둔포면,300,53,0,33.37,10.09,4,"최고..화장실2개,신축첫입주,4층 조용하고 층간소음 없어요",https://www.zigbang.com/home/apt/items/48996036
2026-05-28 07:43:20,빌라투룸,49153379,월세,04,충청남도 천안시 동남구 신방동,천안시 동남구,신방동,500,65,0,60,18.15,4,"해 잘드는 신축 투룸, 에어컨2대",https://www.zigbang.com/home/apt/items/49153379
2026-05-28 07:43:20,빌라투룸,49153369,월세,04,충청남도 천안시 동남구 신방동,천안시 동남구,신방동,500,56,0,60,18.15,3,"해 잘들고 거실 큰 투룸,주차 가능",https://www.zigbang.com/home/apt/items/49153369
2026-05-28 07:43:20,빌라투룸,49153356,월세,04,충청남도 천안시 동남구 신방동,천안시 동남구,신방동,1000,55,0,60,18.15,3,"도서관 근처 투룸,에어컨2대, 주차 가능",https://www.zigbang.com/home/apt/items/49153356
2026-05-28 07:43:20,빌라투룸,49153317,월세,04,충청남도 천안시 동남구 신방동,천안시 동남구,신방동,1000,65,0,60,18.15,3,"새샘초 근처 신축 투룸,에어컨2대,주차 가능",https://www.zigbang.com/home/apt/items/49153317
2026-05-28 07:43:20,빌라투룸,49122663,월세,04,충청남도 천안시 동남구 신방동,천안시 동남구,신방동,2000,50,0,60,18.15,4,눈부신 남향투룸,https://www.zigbang.com/home/apt/items/49122663
2026-05-28 07:43:20,빌라투룸,49117596,월세,04,충청남도 천안시 동남구 신방동,천안시 동남구,신방동,700,37,0,46.28,14.0,3,저렴한 투룸 보러오세요,https://www.zigbang.com/home/apt/items/49117596
2026-05-28 07:43:20,빌라투룸,49098567,월세,04,충청남도 천안시 동남구 신방동,천안시 동남구,신방동,500,41,0,42,12.7,2,공간분리 좋은 미니투룸,https://www.zigbang.com/home/apt/items/49098567
2026-05-28 07:43:20,빌라투룸,49083131,월세,04,충청남도 천안시 동남구 신방동,천안시 동남구,신방동,1000,55,0,55,16.64,4,"깔끔 화이트투룸, 가성비굿",https://www.zigbang.com/home/apt/items/49083131
2026-05-28 07:43:20,빌라투룸,49076201,전세,04,충청남도 천안시 동남구 신방동,천안시 동남구,신방동,7000,0,0,46,13.91,3,반전세 월세 문의,https://www.zigbang.com/home/apt/items/49076201
2026-05-28 07:43:20,빌라투룸,49014566,월세,04,충청남도 천안시 동남구 신방동,천안시 동남구,신방동,700,39,0,42,12.7,3,최가성비 투룸 가격에 컨디션 모두갖춘 방 보증금조절가능,https://www.zigbang.com/home/apt/items/49014566
2026-05-28 07:43:20,빌라투룸,49010643,월세,04,충청남도 천안시 동남구 신방동,천안시 동남구,신방동,1000,55,0,49.59,15.0,3,ㅁ넓고 구조좋은 신축급 투룸ㅁ,https://www.zigbang.com/home/apt/items/49010643
2026-05-28 07:43:20,빌라투룸,48891938,월세,04,충청남도 천안시 동남구 신방동,천안시 동남구,신방동,800,45,0,40,12.1,2,"최저가 투룸, 깔끔",https://www.zigbang.com/home/apt/items/48891938
2026-05-28 07:43:20,빌라투룸,48888411,월세,04,충청남도 천안시 동남구 신방동,천안시 동남구,신방동,800,55,0,49.59,15.0,3,신방통정지구ㅇ깔끔투룸ㅇ보증금조절가능ㅇ,https://www.zigbang.com/home/apt/items/48888411
2026-05-28 07:43:20,빌라투룸,48871742,월세,04,충청남도 천안시 동남구 신방동,천안시 동남구,신방동,2000,48,0,50,15.12,2,최저가 신축 마지막 투룸매물,https://www.zigbang.com/home/apt/items/48871742
2026-05-28 07:43:20,빌라투룸,48794002,월세,04,충청남도 천안시 동남구 신방동,천안시 동남구,신방동,500,50,0,40,12.1,4,"컨디션 최상인 신축급 매물, 풀옵션, 보증금 증액가능",https://www.zigbang.com/home/apt/items/48794002
2026-05-28 07:43:21,빌라투룸,49153388,월세,05,충청남도 천안시 동남구 신방동,천안시 동남구,신방동,2000,80,0,85,25.71,4,"풀옵션 고양이 가능,건조기,에어컨4대,주차 가능 등",https://www.zigbang.com/home/apt/items/49153388
2026-05-28 07:43:21,빌라투룸,49147360,월세,04,충청남도 천안시 동남구 신방동,천안시 동남구,신방동,2000,80,0,92,27.83,4,선을 넘는 고급스러운 주인세대,https://www.zigbang.com/home/apt/items/49147360
2026-05-28 07:43:21,빌라투룸,49147119,월세,04,충청남도 천안시 동남구 신방동,천안시 동남구,신방동,500,50,0,55,16.64,3,따뜻한 느낌의 인테리어,https://www.zigbang.com/home/apt/items/49147119
2026-05-28 07:43:21,빌라투룸,49137352,월세,04,충청남도 천안시 동남구 신방동,천안시 동남구,신방동,500,45,0,56.2,17.0,4,투룸 위치조용해요,https://www.zigbang.com/home/apt/items/49137352
2026-05-28 07:43:21,빌라투룸,49114633,월세,04,충청남도 천안시 동남구 신방동,천안시 동남구,신방동,1000,50,0,55,16.64,3,로망의 테라스투룸,https://www.zigbang.com/home/apt/items/49114633
2026-05-28 07:43:21,빌라투룸,49093217,월세,04,충청남도 천안시 동남구 신방동,천안시 동남구,신방동,1000,50,0,44,13.31,3,"테라스구비,화이트톤,넓게빠진투룸,같은금액이면테라스선택하세요",https://www.zigbang.com/home/apt/items/49093217
2026-05-28 07:43:21,빌라투룸,49081189,월세,05,충청남도 천안시 동남구 신방동,천안시 동남구,신방동,2000,80,0,90.75,27.45,4,반려묘가능 방3 화2 천정에어컨4,https://www.zigbang.com/home/apt/items/49081189
2026-05-28 07:43:21,빌라투룸,49051426,월세,05,충청남도 천안시 동남구 청당동,천안시 동남구,청당동,2000,85,0,115,34.79,4,"청당동 넓은 주인세대, 즉시입주가능",https://www.zigbang.com/home/apt/items/49051426
2026-05-28 07:43:21,빌라투룸,49025253,월세,05,충청남도 천안시 동남구 신방동,천안시 동남구,신방동,1500,58,0,66.12,20.0,3,ㅁ쓰리룸 저렴한 월세ㅁ 통정지구,https://www.zigbang.com/home/apt/items/49025253
2026-05-28 07:43:21,빌라투룸,49004090,월세,04,충청남도 천안시 동남구 청당동,천안시 동남구,청당동,1000,65,0,56,16.94,3,대형투룸ㅣ남향ㅣ풀옵션ㅣ화장실2ㅣ엘베,https://www.zigbang.com/home/apt/items/49004090
2026-05-28 07:43:21,빌라투룸,48987075,월세,06,충청남도 천안시 동남구 청당동,천안시 동남구,청당동,2000,85,0,66,19.96,4,흔치않은복층형주인세대 방4화2 화이트톤 수납넉넉 공간넉넉,https://www.zigbang.com/home/apt/items/48987075
2026-05-28 07:43:21,빌라투룸,48965322,월세,04,충청남도 천안시 동남구 신방동,천안시 동남구,신방동,1000,50,0,49.59,15.0,3,ㅁ가격인하ㅁ 테라스투룸,https://www.zigbang.com/home/apt/items/48965322
2026-05-28 07:43:21,빌라투룸,48887771,월세,04,충청남도 천안시 동남구 신방동,천안시 동남구,신방동,800,50,0,55,16.64,3,깔끄미 남향투룸,https://www.zigbang.com/home/apt/items/48887771
2026-05-28 07:43:21,빌라투룸,48892387,월세,04,충청남도 천안시 동남구 목천읍 신계리,천안시 동남구,목천읍,1000,70,0,60,18.15,2,화이트톤 깔끔한 투룸 세련된 인테리어 빠른입주가능,https://www.zigbang.com/home/apt/items/48892387
2026-05-28 07:43:21,빌라투룸,48981686,월세,04,충청남도 천안시 서북구 직산읍 삼은리,천안시 서북구,직산읍,500,65,0,19.38,5.86,4,행정복지센터 근처 화이트톤 투룸 즉시입주 가능,https://www.zigbang.com/home/apt/items/48981686
2026-05-28 07:43:21,빌라투룸,48899994,월세,04,충청남도 천안시 서북구 직산읍 삼은리,천안시 서북구,직산읍,1000,90,0,70,21.17,4,직산사거리 인근 화장실 2개 복층 투룸,https://www.zigbang.com/home/apt/items/48899994
2026-05-28 07:43:21,빌라투룸,48596115,월세,04,충청남도 천안시 서북구 성거읍 신월리,천안시 서북구,성거읍,500,58,0,49.59,15.0,3,"성거투룸, 서북구청옆, 리모델링 풀옵션",https://www.zigbang.com/home/apt/items/48596115
2026-05-28 07:43:21,빌라투룸,48832922,월세,04,충청남도 천안시 서북구 성환읍 매주리,천안시 서북구,성환읍,500,72,0,59.5,18.0,3,성환역 가까운 거실넓은 화이으톤 투룸 정남향 입니다.,https://www.zigbang.com/home/apt/items/48832922
2026-05-28 07:43:20,빌라투룸,49121941,월세,04,충청남도 아산시 음봉면 신휴리,아산시,음봉면,300,51,0,33.06,10.0,2,신휴리 신축 급 귀한투룸,https://www.zigbang.com/home/apt/items/49121941
2026-05-28 07:43:20,빌라투룸,49054803,월세,04,충청남도 아산시 둔포면 석곡리,아산시,둔포면,200,51,0,40,12.1,2,ㅇ투룸 ㅇ제2테크노 ㅇ넓은구조 ㅇ좋은집,https://www.zigbang.com/home/apt/items/49054803
2026-05-28 07:43:20,빌라투룸,48957897,월세,04,충청남도 아산시 음봉면 신휴리,아산시,음봉면,300,51,0,42.97,13.0,2,컨디션 좋은 투룸 월세,https://www.zigbang.com/home/apt/items/48957897
2026-05-28 07:43:22,빌라투룸,49145694,월세,04,충청남도 천안시 동남구 안서동,천안시 동남구,안서동,30,67,0,31.4,9.5,4,"흔치않은 투룸 연세 매물, 공용건조기 및 깔끔한 인테리어",https://www.zigbang.com/home/apt/items/49145694
2026-05-28 07:43:22,빌라투룸,49048812,월세,05,충청남도 천안시 동남구 안서동,천안시 동남구,안서동,2000,100,0,80,24.2,4,조용하고 주차시설 충분한 쓰리룸 월세,https://www.zigbang.com/home/apt/items/49048812
2026-05-28 07:43:22,빌라투룸,49043611,전세,04,충청남도 천안시 서북구 성거읍 석교리,천안시 서북구,성거읍,3000,0,0,31.8,9.62,4,ㅿ귀한 전세 리모델링 투룸 ㅿ애완동물ok 숙소ok㉧실사진,https://www.zigbang.com/home/apt/items/49043611
2026-05-28 07:43:22,빌라투룸,49155962,월세,04,충청남도 천안시 서북구 성거읍 천흥리,천안시 서북구,성거읍,300,44,0,45,13.61,2,단기가능한 투룸 가성비 최고 깔끔해요,https://www.zigbang.com/home/apt/items/49155962
2026-05-28 07:43:22,빌라투룸,48969173,월세,04,충청남도 천안시 서북구 성거읍 천흥리,천안시 서북구,성거읍,1000,72,0,56.2,17.0,3,즉시입주 가능 신축 투룸 넓은 거실 넓은 주차장,https://www.zigbang.com/home/apt/items/48969173
2026-05-28 07:43:22,빌라투룸,48892386,월세,05,충청남도 천안시 서북구 성거읍 천흥리,천안시 서북구,성거읍,2000,92,0,90,27.22,4,고급 인테리어 복층 쓰리룸 화장실2개 즉시 입주가능해요,https://www.zigbang.com/home/apt/items/48892386
2026-05-28 07:43:24,빌라투룸,49076395,월세,05,경기도 평택시 현덕면 도대리,평택시,현덕면,1000,90,0,77.73,23.51,2,"주인세대,,쓰리룸ㅣ야외테라스ㅣ주차편함",https://www.zigbang.com/home/apt/items/49076395
2026-05-28 07:43:24,빌라투룸,49162921,월세,04,경기도 평택시 포승읍 도곡리,평택시,포승읍,200,52,0,42.98,13.0,2,투룸 보200만월관60만 방2개거실 에어컨2개 도배깔끔공실,https://www.zigbang.com/home/apt/items/49162921
2026-05-28 07:43:24,빌라투룸,49162731,월세,04,경기도 평택시 포승읍 원정리,평택시,포승읍,200,37,0,38,11.49,4,투룸 거실넓음 보200월관44만 애완동물금지 공실,https://www.zigbang.com/home/apt/items/49162731
2026-05-28 07:43:24,빌라투룸,49161898,월세,04,경기도 평택시 포승읍 원정리,평택시,포승읍,200,60,0,40.25,12.18,2,ㅁ 원정초인근 거실공간이 있어 가정집으로 적합한 투룸 ㅁ,https://www.zigbang.com/home/apt/items/49161898
2026-05-28 07:43:24,빌라투룸,49144320,월세,04,경기도 평택시 포승읍 원정리,평택시,포승읍,200,46,0,35,10.59,2,조용한위치 집상태양호,https://www.zigbang.com/home/apt/items/49144320
2026-05-28 07:43:24,빌라투룸,49143844,월세,04,경기도 평택시 포승읍 원정리,평택시,포승읍,200,47,0,43,13.01,3,3투룸 보200 월관55만  풀옵션 긴거실 도시가스 공실,https://www.zigbang.com/home/apt/items/49143844
2026-05-28 07:43:24,빌라투룸,49139823,월세,04,경기도 평택시 포승읍 도곡리,평택시,포승읍,200,52,0,42.98,13.0,3,3층 투룸 보200월관60만 방2개 에어컨2개풀옵션입주가능,https://www.zigbang.com/home/apt/items/49139823
2026-05-28 07:43:24,빌라투룸,49124741,월세,04,경기도 평택시 포승읍 원정리,평택시,포승읍,200,50,0,42.98,13.0,2,ㅁ 6개월 가능 ㅁ 가성비 좋은 투룸 ㅁ 즉시입주 가능 ㅁ,https://www.zigbang.com/home/apt/items/49124741
2026-05-28 07:43:24,빌라투룸,49073598,월세,04,경기도 평택시 포승읍 원정리,평택시,포승읍,200,35,0,33.06,10.0,4,착한월세조용한시골마을집상태양호,https://www.zigbang.com/home/apt/items/49073598
2026-05-28 07:43:24,빌라투룸,49073527,월세,04,경기도 평택시 포승읍 원정리,평택시,포승읍,200,42,0,40,12.1,3,원정초교부근도배장판교체,https://www.zigbang.com/home/apt/items/49073527
2026-05-28 07:43:24,빌라투룸,49057908,월세,04,경기도 평택시 포승읍 희곡리,평택시,포승읍,300,65,0,30,9.07,2,ㅁ 지식산업센터 도보 출근가능한 거실 넓은 투룸 ㅁ,https://www.zigbang.com/home/apt/items/49057908
2026-05-28 07:43:24,빌라투룸,49054173,월세,04,경기도 평택시 포승읍 원정리,평택시,포승읍,300,55,0,46.28,14.0,3,"ㅁ관리 잘된 2룸ㅁ원정리ㅁ공단,화성기아 인접 깔끔 2룸",https://www.zigbang.com/home/apt/items/49054173
2026-05-28 07:43:24,빌라투룸,49015882,월세,04,경기도 평택시 포승읍 도곡리,평택시,포승읍,200,47,0,40,12.1,4,투룸방2개 에어컨2개 티브2대  풀옵션 보200월관55만,https://www.zigbang.com/home/apt/items/49015882
2026-05-28 07:43:24,빌라투룸,48899055,전세,04,경기도 평택시 포승읍 원정리,평택시,포승읍,4500,0,0,40,12.1,2,원정리4큰투룸전세,https://www.zigbang.com/home/apt/items/48899055
2026-05-28 07:43:24,빌라투룸,48783402,월세,04,경기도 평택시 포승읍 원정리,평택시,포승읍,200,60,0,30,9.07,4,ㅁ단기가능ㅁ 기아자동차 인근 ㅁ 숙소로 적합한  투룸 ㅁ,https://www.zigbang.com/home/apt/items/48783402
2026-05-28 07:43:24,빌라투룸,48895409,월세,04,경기도 평택시 포승읍 도곡리,평택시,포승읍,300,55,0,30,9.07,2,ㅁ 내기삼거리 인근 ㅁ 넓고 가성비 좋은 투룸 ㅁ,https://www.zigbang.com/home/apt/items/48895409
2026-05-28 07:43:24,빌라투룸,49161011,월세,05,경기도 화성시 만세구 장안면 사랑리,화성시 만세구,장안면,65,65,0,66.38,20.08,4,사진처럼 깔끔한 신축 컨디션 1년 계약 가능,https://www.zigbang.com/home/apt/items/49161011
2026-05-28 07:43:24,빌라투룸,49146518,월세,05,경기도 화성시 만세구 장안면 사랑리,화성시 만세구,장안면,65,65,0,66.38,20.08,3,3룸 단기매물 딱1세대 3개월부터 클릭,https://www.zigbang.com/home/apt/items/49146518
2026-05-28 07:43:24,빌라투룸,49039985,매매,05,경기도 화성시 만세구 우정읍 화산리,화성시 만세구,우정읍,15900,0,15900,46.9,14.19,2,최저실입주금가능 대출문의환영 방3화2,https://www.zigbang.com/home/apt/items/49039985
2026-05-28 07:43:24,빌라투룸,49141466,월세,04,경기도 평택시 청북읍 옥길리,평택시,청북읍,1000,56,0,59.5,18.0,3,"넓은 투룸, 깨끗한 방 주차완전편리, 숙소도 환영합니다.",https://www.zigbang.com/home/apt/items/49141466
2026-05-28 07:43:24,빌라투룸,48992457,월세,04,경기도 평택시 청북읍 옥길리,평택시,청북읍,500,51,0,37.5,11.34,2,"인근 조용한 주택지역, 공동현관방범, 주차편리한 투룸임",https://www.zigbang.com/home/apt/items/48992457
2026-05-28 07:43:24,빌라투룸,48924360,월세,05,경기도 평택시 청북읍 옥길리,평택시,청북읍,1000,58,0,53.04,16.04,2,월세 쓰리룸 채광 맛집  주차 편한 가성비,https://www.zigbang.com/home/apt/items/48924360
2026-05-28 07:43:24,빌라투룸,49091095,월세,04,경기도 화성시 만세구 향남읍 구문천리,화성시 만세구,향남읍,300,45,0,33.06,10.0,4,월세 저렴한 미니 투룸  입니다.,https://www.zigbang.com/home/apt/items/49091095
2026-05-28 07:43:24,빌라투룸,49091039,월세,04,경기도 화성시 향남읍 구문천리,화성시,향남읍,500,50,0,49.58,15.0,4,"방2,거실 크고 환한 투룸 월세 입니다.",https://www.zigbang.com/home/apt/items/49091039
2026-05-28 07:43:24,빌라투룸,49090964,월세,04,경기도 화성시 만세구 향남읍 구문천리,화성시 만세구,향남읍,300,55,0,45.97,13.91,2,올수리된 집으로 환하고 깨끗합니다.,https://www.zigbang.com/home/apt/items/49090964
2026-05-28 07:43:24,빌라투룸,49090900,월세,04,경기도 화성시 만세구 향남읍 구문천리,화성시 만세구,향남읍,300,50,0,42.97,13.0,4,도배등 올수리된 집으로 깨끗한 투룸 월세 입니다.,https://www.zigbang.com/home/apt/items/49090900
2026-05-28 07:43:24,빌라투룸,48958339,월세,04,경기도 화성시 향남읍 구문천리,화성시,향남읍,300,55,0,33.06,10.0,2,"방2,욕실2,에어컨2대로 생활 편리 합니다.",https://www.zigbang.com/home/apt/items/48958339
2026-05-28 07:43:24,빌라투룸,48953434,월세,04,경기도 화성시 향남읍 구문천리,화성시,향남읍,300,50,0,42.98,13.0,3,안심매물 조용하고 저렴한투룸,https://www.zigbang.com/home/apt/items/48953434
2026-05-28 07:43:24,빌라투룸,48953380,월세,04,경기도 화성시 향남읍 구문천리,화성시,향남읍,500,60,0,60,18.15,4,안심매물 대궐같은거실투룸,https://www.zigbang.com/home/apt/items/48953380
2026-05-28 07:43:24,빌라투룸,48953328,월세,04,경기도 화성시 향남읍 구문천리,화성시,향남읍,1000,60,0,55,16.64,4,2019년신축 거실있는 투룸 화장실2 에어컨2,https://www.zigbang.com/home/apt/items/48953328
2026-05-28 07:43:24,빌라투룸,48953234,월세,04,경기도 화성시 만세구 향남읍 구문천리,화성시 만세구,향남읍,500,50,0,49.59,15.0,4,안심매물조용하고쾌적한투룸,https://www.zigbang.com/home/apt/items/48953234
2026-05-28 07:43:24,빌라투룸,48632852,월세,04,경기도 화성시 만세구 향남읍 구문천리,화성시 만세구,향남읍,500,55,0,36,10.89,2,"풀옵션 투룸 월세, 기숙사 환영, 바로 입주 가능, 로또",https://www.zigbang.com/home/apt/items/48632852
2026-05-28 07:43:25,빌라투룸,48896973,전세,05,경기도 화성시 만세구 남양읍 장덕리,화성시 만세구,남양읍,18000,0,0,141.9,42.92,2,... 더 아이리스 ...정원이 아름다운 전원주택2층 전세,https://www.zigbang.com/home/apt/items/48896973
2026-05-28 07:43:26,빌라투룸,49166979,매매,04,경기도 화성시 만세구 팔탄면 구장리,화성시 만세구,팔탄면,12000,0,12000,33.82,10.23,4,실매물 0 집주인인증 0 약속후 방문가능,https://www.zigbang.com/home/apt/items/49166979
2026-05-28 07:43:26,빌라투룸,49031062,매매,05,경기도 화성시 만세구 팔탄면 구장리,화성시 만세구,팔탄면,20500,0,20500,62.95,19.04,2,최저입주금 준신축 엘베있는 쓰리룸,https://www.zigbang.com/home/apt/items/49031062
2026-05-28 07:43:26,빌라투룸,48938334,매매,05,경기도 화성시 만세구 팔탄면 구장리,화성시 만세구,팔탄면,17000,0,17000,70.2,21.24,3,준신축ㅣ엘베있음ㅣ주차가능,https://www.zigbang.com/home/apt/items/48938334
2026-05-28 07:43:26,빌라투룸,48921541,월세,04,경기도 화성시 만세구 팔탄면 지월리,화성시 만세구,팔탄면,400,53,0,42.97,13.0,4,팔탄면 지월리 풀옵션투룸 저렴하게 나온 방,https://www.zigbang.com/home/apt/items/48921541
2026-05-28 07:43:26,빌라투룸,49140057,전세,04,경기도 화성시 마도면 쌍송리,화성시,마도면,3500,0,0,30,9.07,3,베란다있는 넓은 원룸 전세입니다.,https://www.zigbang.com/home/apt/items/49140057
2026-05-28 07:43:26,빌라투룸,49118869,월세,05,경기도 화성시 만세구 남양읍 남양리,화성시 만세구,남양읍,5000,70,0,76,22.99,2,거실 방 넓고 채광 좋으며  융자금 없음  화장실2,https://www.zigbang.com/home/apt/items/49118869
2026-05-28 07:43:26,빌라투룸,49117873,매매,05,경기도 화성시 만세구 남양읍 신남리,화성시 만세구,남양읍,21700,0,21700,43.37,13.12,3,방3화1ㅣ대출잘나오는집ㅣ상태최상,https://www.zigbang.com/home/apt/items/49117873
2026-05-28 07:43:26,빌라투룸,49108485,매매,05,경기도 화성시 만세구 남양읍 남양리,화성시 만세구,남양읍,25500,0,25500,78.97,23.89,5,남양리 방3화2 최저실입주금가능 문의주세요,https://www.zigbang.com/home/apt/items/49108485
2026-05-28 07:43:26,빌라투룸,49055759,월세,04,경기도 화성시 만세구 남양읍 남양리,화성시 만세구,남양읍,1000,65,0,53,16.03,2,방 넓고 채광 좋으며 엘베 있음 근저당 없음,https://www.zigbang.com/home/apt/items/49055759
2026-05-28 07:43:26,빌라투룸,49030595,매매,05,경기도 화성시 만세구 남양읍 신남리,화성시 만세구,남양읍,16500,0,16500,51.3,15.52,2,준식축급ㅣ대출잘나오는집ㅣ상태최상,https://www.zigbang.com/home/apt/items/49030595
2026-05-28 07:43:26,빌라투룸,48990304,월세,05,경기도 화성시 만세구 남양읍 신남리,화성시 만세구,남양읍,2000,110,0,57.91,17.52,4,보리.화성시청역인근.복층구조.채광좋은남향집,https://www.zigbang.com/home/apt/items/48990304
2026-05-28 07:43:26,빌라투룸,48908545,전세,05,경기도 화성시 만세구 남양읍 남양리,화성시 만세구,남양읍,14500,0,0,66.12,20.0,3,... 더 아이리스 ...신축 쓰리룸 전세.,https://www.zigbang.com/home/apt/items/48908545
2026-05-28 07:43:26,빌라투룸,48895287,월세,05,경기도 화성시 만세구 남양읍 남양리,화성시 만세구,남양읍,5000,70,0,69.41,21.0,2,ㅣ카.카.오ㅣ 구조 좋고 넓은 쓰리룸 반전세,https://www.zigbang.com/home/apt/items/48895287
2026-05-28 07:43:26,빌라투룸,48864574,월세,05,경기도 화성시 남양읍 남양리,화성시,남양읍,2000,80,0,68,20.57,3,... 더 아이리스 ... 남양 신축 쓰리룸 월세입니다.,https://www.zigbang.com/home/apt/items/48864574
2026-05-28 07:43:26,빌라투룸,48849203,전세,05,경기도 화성시 남양읍 남양리,화성시,남양읍,25000,0,0,115.7,35.0,3,... 더 아이리스 .. 남양택지 주인세대 복층전세입니다.,https://www.zigbang.com/home/apt/items/48849203
2026-05-28 07:43:26,빌라투룸,48849039,전세,04,경기도 화성시 남양읍 남양리,화성시,남양읍,9500,0,0,49.9,15.09,2,"... 더 아이리스 ... 택지 채광,사이즈 굿, 투룸전세",https://www.zigbang.com/home/apt/items/48849039
2026-05-28 07:43:26,빌라투룸,48845559,전세,05,경기도 화성시 만세구 남양읍 남양리,화성시 만세구,남양읍,16000,0,0,79.33,24.0,2,ㅣ카.카.오ㅣ아늑하고 깔끔한 신축 쓰리,https://www.zigbang.com/home/apt/items/48845559
2026-05-28 07:43:26,빌라투룸,48840671,매매,04,경기도 화성시 남양읍 남양리,화성시,남양읍,12000,0,12000,59.5,18.0,4,"ㅣ카.카.오ㅣ초저가 매물, 세련된 복층 투룸",https://www.zigbang.com/home/apt/items/48840671
2026-05-28 07:43:26,빌라투룸,48780512,매매,06,경기도 화성시 만세구 남양읍 신남리,화성시 만세구,남양읍,28700,0,28700,44.34,13.41,4,복층 포룸 단독테라스 마지막 분양세대,https://www.zigbang.com/home/apt/items/48780512
2026-05-28 07:43:26,빌라투룸,49165574,월세,05,경기도 화성시 마도면 청원리,화성시,마도면,500,53,0,55,16.64,3,늦게 퇴근해도 항시주차 가능 방3칸 화1  이사 조정,https://www.zigbang.com/home/apt/items/49165574
2026-05-28 07:43:26,빌라투룸,49097924,전세,04,경기도 화성시 만세구 마도면 청원리,화성시 만세구,마도면,4000,0,0,30,9.07,3,도배 내부 청소 완료 비번있으니 연락주세요,https://www.zigbang.com/home/apt/items/49097924
2026-05-28 07:43:26,빌라투룸,49099482,매매,05,경기도 화성시 효행구 비봉면 양노리,화성시 효행구,비봉면,12500,0,12500,47.06,14.24,2,양노리 연식좋은 급매 쓰리룸,https://www.zigbang.com/home/apt/items/49099482
2026-05-28 07:43:27,빌라투룸,49097939,월세,05,경기도 평택시 팽성읍 안정리,평택시,팽성읍,700,75,0,55,16.64,3,안정리 k6 쓰리룸화2,https://www.zigbang.com/home/apt/items/49097939
2026-05-28 07:43:27,빌라투룸,49075173,월세,04,경기도 평택시 팽성읍 원정리,평택시,팽성읍,500,75,0,50,15.12,3,투룸화2 침대없음 에어컨3,https://www.zigbang.com/home/apt/items/49075173
2026-05-28 07:43:26,빌라투룸,49158593,월세,04,충청남도 아산시 둔포면 둔포리,아산시,둔포면,300,51,0,45,13.61,4,"2R, 둔포시내 위치 좋고 엘리베이터 있는 투룸.",https://www.zigbang.com/home/apt/items/49158593
2026-05-28 07:43:26,빌라투룸,49146756,월세,04,경기도 평택시 팽성읍 본정리,평택시,팽성읍,500,30,0,50,15.12,1,저렴한 투룸화1,https://www.zigbang.com/home/apt/items/49146756
2026-05-28 07:43:26,빌라투룸,49132113,월세,04,충청남도 아산시 둔포면 둔포리,아산시,둔포면,300,46,0,48,14.52,3,"2R, 가성비 좋고 조용한 생활 가능.",https://www.zigbang.com/home/apt/items/49132113
2026-05-28 07:43:26,빌라투룸,49106216,월세,04,충청남도 아산시 둔포면 송용리,아산시,둔포면,300,56,0,42.98,13.0,2,"귀한투룸도시가스,넓은집,요즘없는투룸",https://www.zigbang.com/home/apt/items/49106216
2026-05-28 07:43:26,빌라투룸,49058560,월세,04,충청남도 아산시 둔포면 둔포리,아산시,둔포면,300,51,0,50,15.12,3,"2R, 엘베 있고 깨끗한 투룸 조용한 위치.",https://www.zigbang.com/home/apt/items/49058560
2026-05-28 07:43:26,빌라투룸,49058522,월세,04,충청남도 아산시 둔포면 둔포리,아산시,둔포면,300,51,0,50,15.12,4,"2R, 둔포시내 에어컨 2개, 화장실 2개 투룸.",https://www.zigbang.com/home/apt/items/49058522
2026-05-28 07:43:26,빌라투룸,49054700,월세,04,충청남도 아산시 둔포면 송용리,아산시,둔포면,200,51,0,40,12.1,3,ㅇ넓은투룸 ㅇ좋은집 ㅇ도시가스 ㅇ테크노5분,https://www.zigbang.com/home/apt/items/49054700
2026-05-28 07:43:26,빌라투룸,48960621,월세,04,충청남도 아산시 둔포면 송용리,아산시,둔포면,200,46,0,40,12.1,3,ㅇ투룸 ㅇ넓은구조 ㅇ도시가스 ㅇ테크노5분,https://www.zigbang.com/home/apt/items/48960621
2026-05-28 07:43:26,빌라투룸,48758384,월세,04,충청남도 아산시 둔포면 송용리,아산시,둔포면,300,51,0,46.28,14.0,3,"풀옵션 큰 투룸,테크노벨리,둔포시내 인접 ,도시가스",https://www.zigbang.com/home/apt/items/48758384
2026-05-28 07:43:27,빌라투룸,49050843,월세,05,경기도 화성시 양감면 대양리,화성시,양감면,2000,75,0,72.73,22.0,3,애완동물 가능  확트인 창문  쓰리룸 화장실두개 기숙사환영,https://www.zigbang.com/home/apt/items/49050843
2026-05-28 07:43:27,빌라투룸,49012681,월세,05,경기도 화성시 만세구 양감면 대양리,화성시 만세구,양감면,2000,80,0,75,22.69,2,"거실 넓게 빠진 쓰리룸 월세, 엘베, 편리한 주차공간",https://www.zigbang.com/home/apt/items/49012681
2026-05-28 07:43:27,빌라투룸,48975295,월세,04,경기도 화성시 양감면 대양리,화성시,양감면,1000,65,0,49.59,15.0,4,양감면 대양리 풀옵션투룸 화장실두개 기숙사환영,https://www.zigbang.com/home/apt/items/48975295
2026-05-28 07:43:27,빌라투룸,48976825,월세,05,경기도 평택시 청북읍 옥길리,평택시,청북읍,2000,71,0,59.5,18.0,2,쓰리룸월세 중심상가 가성비 최고 아이 키우기 좋은 실속형,https://www.zigbang.com/home/apt/items/48976825
2026-05-28 07:43:27,빌라투룸,48976000,월세,04,경기도 평택시 청북읍 옥길리,평택시,청북읍,500,53,0,49.59,15.0,1,월세 먹자골목 내 풀옵션 미니투룸 편의시설 완벽,https://www.zigbang.com/home/apt/items/48976000
2026-05-28 07:43:27,빌라투룸,48896120,월세,04,경기도 평택시 청북읍 후사리,평택시,청북읍,500,66,0,46.2,13.98,4,현곡산업단지내 넓고 관리 잘된 유일한 투룸,https://www.zigbang.com/home/apt/items/48896120
2026-05-28 07:43:27,빌라투룸,49050664,월세,05,경기도 평택시 오성면 숙성리,평택시,오성면,300,68,0,37.35,11.3,4,빌라올수리 풀옵션 방3화1 공실,https://www.zigbang.com/home/apt/items/49050664
2026-05-28 07:43:27,빌라투룸,48958776,월세,04,경기도 평택시 청북읍 한산리,평택시,청북읍,200,40,0,23.14,7.0,2,산업단지 인근 가성비 최고의 투룸.,https://www.zigbang.com/home/apt/items/48958776
2026-05-28 07:43:27,빌라투룸,49101288,월세,04,경기도 평택시 청북읍 어연리,평택시,청북읍,500,71,0,42.09,12.73,3,산업단지 초입의 2022년 풀옵션 신축  투룸,https://www.zigbang.com/home/apt/items/49101288
2026-05-28 07:43:27,빌라투룸,49039799,매매,05,경기도 평택시 청북읍 한산리,평택시,청북읍,22500,0,22500,126.72,38.33,3,테마가 있는 전원 주택 경험하세요,https://www.zigbang.com/home/apt/items/49039799
2026-05-28 07:43:27,빌라투룸,48896110,매매,05,경기도 평택시 청북읍 어연리,평택시,청북읍,8000,0,8000,73.51,22.24,3,"어연 초등 인접 방3, 화 2 착한 가격의  빌라  매매",https://www.zigbang.com/home/apt/items/48896110
2026-05-28 07:43:28,빌라투룸,48934365,전세,04,충청남도 천안시 서북구 성환읍 성환리,천안시 서북구,성환읍,9000,0,0,39.6,11.98,3,성환역 도보 5분 안전한 전세 큰 투룸 거실 1개 방2개,https://www.zigbang.com/home/apt/items/48934365
2026-05-28 07:43:28,빌라투룸,48888407,월세,04,충청남도 천안시 서북구 성환읍 성환리,천안시 서북구,성환읍,1000,65,0,67.4,20.39,5,ㅇ옥상단독사용ㅇ신축첫입주ㅇ예쁜풀옵ㅇ,https://www.zigbang.com/home/apt/items/48888407
2026-05-28 07:43:28,빌라투룸,48882234,월세,05,충청남도 천안시 서북구 성환읍 성월리,천안시 서북구,성환읍,1000,70,0,76.9,23.26,4,ㅁ저렴한 방3 화2ㅁ 주차 편해요,https://www.zigbang.com/home/apt/items/48882234
2026-05-28 07:43:28,빌라투룸,48860730,월세,04,충청남도 천안시 서북구 성환읍 성환리,천안시 서북구,성환읍,1000,65,0,49.59,15.0,2,성환 넓은 신축 투룸,https://www.zigbang.com/home/apt/items/48860730
2026-05-28 07:43:28,빌라투룸,49130492,월세,04,충청남도 천안시 서북구 성환읍 성환리,천안시 서북구,성환읍,1000,70,0,50,15.12,4,ㅁ성환중인근 엄청 넓고 깔끔한 투룸ㅁ,https://www.zigbang.com/home/apt/items/49130492
2026-05-28 07:43:28,빌라투룸,49018383,월세,04,충청남도 천안시 서북구 성환읍 성환리,천안시 서북구,성환읍,1000,70,0,49,14.82,4,터미널인근 넓은 투룸,https://www.zigbang.com/home/apt/items/49018383
2026-05-28 07:43:28,빌라투룸,48134587,월세,04,충청남도 천안시 서북구 성환읍 성환리,천안시 서북구,성환읍,1000,70,0,59,17.85,3,"투룸, 남서울대, 성환역, 신축급투룸",https://www.zigbang.com/home/apt/items/48134587
2026-05-28 07:43:27,빌라투룸,48872307,월세,04,경기도 평택시 동삭동,평택시,동삭동,1000,80,0,25.14,7.6,3,"투룸,7월협의입주,화장실2,큰방2개,넓고 환해요",https://www.zigbang.com/home/apt/items/48872307
2026-05-28 07:43:27,빌라투룸,48853233,월세,04,경기도 평택시 동삭동,평택시,동삭동,500,110,0,36.72,11.11,4,첫입주 신축풀옵션 넓은거실 채광굿 주차굿굿 편익시설최고,https://www.zigbang.com/home/apt/items/48853233
2026-05-28 07:43:27,빌라투룸,48794797,월세,05,경기도 평택시 고덕동,평택시,고덕동,1000,190,0,80.76,24.43,4,방3화2주인세대ㅇ대형거실ㅇ대형팬트리ㅇ테라스ㅇ베란다2개ㅇ,https://www.zigbang.com/home/apt/items/48794797
2026-05-28 07:43:27,빌라투룸,48965173,월세,05,경기도 평택시 고덕동,평택시,고덕동,1000,165,0,48.06,14.54,3,삼성전자 도보권 방3화2 공실,https://www.zigbang.com/home/apt/items/48965173
2026-05-28 07:43:27,빌라투룸,48953671,월세,06,경기도 평택시 고덕동,평택시,고덕동,1000,210,0,76.48,23.14,4,삼성5.6기코앞.주인세대.컨디션최상.밝고넓은집.테라스,https://www.zigbang.com/home/apt/items/48953671
2026-05-28 07:43:27,빌라투룸,48952078,월세,05,경기도 평택시 고덕동,평택시,고덕동,1000,161,0,54.46,16.47,2,살기 좋은 동네ㅣ초등학교 앞ㅣ신축급 쓰리룸ㅣ함박산공원,https://www.zigbang.com/home/apt/items/48952078
2026-05-28 07:43:27,빌라투룸,48948564,월세,06,경기도 평택시 고덕동,평택시,고덕동,1000,250,0,94.92,28.71,3,방4화4乃 분위기乃 각방에어컨乃 붙박이장乃,https://www.zigbang.com/home/apt/items/48948564
2026-05-28 07:43:27,빌라투룸,48937372,월세,04,경기도 평택시 고덕면 방축리,평택시,고덕면,300,90,0,29.64,8.97,2,삼성인근.저렴한투룸.신축급.주차편리.단기가능.화2,https://www.zigbang.com/home/apt/items/48937372
2026-05-28 07:43:27,빌라투룸,48925332,월세,05,경기도 평택시 고덕동,평택시,고덕동,500,160,0,45.35,13.72,3,V5.6기 가까운 쓰리룸 각방에어컨V,https://www.zigbang.com/home/apt/items/48925332
2026-05-28 07:43:27,빌라투룸,48864317,월세,05,경기도 평택시 고덕동,평택시,고덕동,1000,150,0,45.61,13.8,3,공원뻥뷰乃 각방에어컨乃 세탁실분리乃,https://www.zigbang.com/home/apt/items/48864317
2026-05-28 07:43:27,빌라투룸,48861673,월세,04,경기도 평택시 고덕동,평택시,고덕동,500,120,0,46.35,14.02,3,V욕실2 각방에어컨 붙박이 세탁실V 반려,https://www.zigbang.com/home/apt/items/48861673
2026-05-28 07:43:27,빌라투룸,48861390,월세,04,경기도 평택시 고덕동,평택시,고덕동,500,115,0,49.79,15.06,2,함박산 투룸화2 공실 뻥뷰,https://www.zigbang.com/home/apt/items/48861390
2026-05-28 07:43:27,빌라투룸,48859765,월세,04,경기도 평택시 고덕동,평택시,고덕동,500,115,0,44.37,13.42,2,투룸화2 공실에어컨3 법인500 개인1000,https://www.zigbang.com/home/apt/items/48859765
2026-05-28 07:43:27,빌라투룸,48801407,월세,06,경기도 평택시 고덕동,평택시,고덕동,2000,190,0,84,25.41,4,V너무이쁜주인세대 욕조.붙박이V테라스2,https://www.zigbang.com/home/apt/items/48801407
2026-05-28 07:43:27,빌라투룸,48798766,월세,05,경기도 평택시 고덕동,평택시,고덕동,1000,180,0,62.11,18.79,2,인테리어 끝판왕 복층 구조. 드레스룸 완비. 뷰맛집,https://www.zigbang.com/home/apt/items/48798766
2026-05-28 07:43:27,빌라투룸,48467497,월세,04,경기도 평택시 고덕동,평택시,고덕동,500,120,0,46.37,14.03,2,귀한신축ㅇ깔끔ㅇP5코앞ㅇ삼성도보권ㅇ전실에어컨ㅇ각방조절부ㅇ,https://www.zigbang.com/home/apt/items/48467497
2026-05-28 07:43:29,빌라투룸,49132313,월세,04,경기도 화성시 만세구 향남읍 행정리,화성시 만세구,향남읍,1000,60,0,50,15.12,2,"일부 옵션 있는 투룸 월세, 행청초 인근 주택단지, 로또",https://www.zigbang.com/home/apt/items/49132313
2026-05-28 07:43:29,빌라투룸,49108286,월세,04,경기도 화성시 향남읍 행정리,화성시,향남읍,2000,63,0,49.59,15.0,2,기숙사 강추 풀옵션 투룸 즉시입주가능,https://www.zigbang.com/home/apt/items/49108286
2026-05-28 07:43:29,빌라투룸,49096107,월세,04,경기도 화성시 만세구 향남읍 하길리,화성시 만세구,향남읍,1000,72,0,50,15.12,3,"풀옵션 투룸 월세, 입주 협의하고 혼자 살기 좋아요, 로또",https://www.zigbang.com/home/apt/items/49096107
2026-05-28 07:43:29,빌라투룸,48985372,월세,05,경기도 화성시 만세구 향남읍 하길리,화성시 만세구,향남읍,5000,50,0,75,22.69,2,"중심상가 인근 거실전망 탁 트인 3룸, 화2",https://www.zigbang.com/home/apt/items/48985372
2026-05-28 07:43:29,빌라투룸,48959294,월세,05,경기도 화성시 만세구 향남읍 하길리,화성시 만세구,향남읍,1000,81,0,69,20.87,3,향남내 인프라 가장 좋은 주택단지 쓰리룸 월세. 기숙사OK,https://www.zigbang.com/home/apt/items/48959294
2026-05-28 07:43:29,빌라투룸,48959175,월세,05,경기도 화성시 만세구 향남읍 행정리,화성시 만세구,향남읍,2000,72,0,63,19.06,2,당일이사 가능. 귀한 쓰리룸 월세 매물. 초등학교인근,https://www.zigbang.com/home/apt/items/48959175
2026-05-28 07:43:29,빌라투룸,48898346,월세,04,경기도 화성시 만세구 향남읍 행정리,화성시 만세구,향남읍,4000,53,0,52.89,16.0,2,"향남1지구 대형2룸,오늘입주OK,컨디션깔끔,생활인프라최고",https://www.zigbang.com/home/apt/items/48898346
2026-05-28 07:43:29,빌라투룸,48898335,월세,04,경기도 화성시 만세구 향남읍 하길리,화성시 만세구,향남읍,1000,80,0,45,13.61,2,"너무깔끔한 합법 신축2룸, 지정주차2대가능, 사이즈최고",https://www.zigbang.com/home/apt/items/48898335
2026-05-28 07:43:29,빌라투룸,48898316,월세,04,경기도 화성시 만세구 향남읍 행정리,화성시 만세구,향남읍,2000,50,0,45,13.61,1,도배 싱크대 새로 시공 깔끔한 투룸,https://www.zigbang.com/home/apt/items/48898316
2026-05-28 07:43:29,빌라투룸,48999318,매매,05,경기도 안성시 대덕면 건지리,안성시,대덕면,17900,0,17900,68.5,20.72,1,실매물실사진 급매물현장 빠른입주 가능 가격굿 상태굿 위치굿,https://www.zigbang.com/home/apt/items/48999318
2026-05-28 07:43:29,빌라투룸,49086509,전세,04,경기도 수원시 권선구 호매실동,수원시 권선구,호매실동,30000,0,0,68,20.57,1,칠보산 입구에 있는 전원주택,https://www.zigbang.com/home/apt/items/49086509
2026-05-28 07:43:29,빌라투룸,49065296,매매,05,경기도 화성시 효행구 매송면 원평리,화성시 효행구,매송면,20800,0,20800,61.7,18.66,3,실입주금3000만원부터 최저입주 진행 도와드립니다 방3화2,https://www.zigbang.com/home/apt/items/49065296
2026-05-28 07:43:29,빌라투룸,49026396,매매,05,경기도 화성시 효행구 매송면 원평리,화성시 효행구,매송면,28000,0,28000,76.41,23.11,3,실매물 인증ㅣ3룸2화장실ㅣ허위근절ㅣ매물비교ㅣ금리상담,https://www.zigbang.com/home/apt/items/49026396
2026-05-28 07:43:29,빌라투룸,48861404,매매,05,경기도 화성시 효행구 봉담읍 왕림리,화성시 효행구,봉담읍,19500,0,19500,67.58,20.44,2,실입주금 2000만원 대형평수 신축컨디션 방3화2 입니다,https://www.zigbang.com/home/apt/items/48861404
2026-05-28 07:43:31,빌라투룸,49153064,전세,05,경기도 화성시 동탄구 영천동,화성시 동탄구,영천동,23000,0,0,62.8,19.0,2,전세자금대출가능.보증보험가능.,https://www.zigbang.com/home/apt/items/49153064
2026-05-28 07:43:31,빌라투룸,49134239,월세,04,경기도 용인시 처인구 호동,용인시 처인구,호동,500,50,0,63.52,19.21,2,"애완동물안되요, 살림하는 부부만  입주가능",https://www.zigbang.com/home/apt/items/49134239
2026-05-28 07:43:31,빌라투룸,49161619,매매,05,경기도 용인시 기흥구 하갈동,용인시 기흥구,하갈동,25000,0,25000,72.61,21.96,3,넓은쓰리룸 채광까지 좋은 신축급쓰리룸입니다,https://www.zigbang.com/home/apt/items/49161619
2026-05-28 07:43:31,빌라투룸,49159161,월세,04,경기도 용인시 기흥구 보라동,용인시 기흥구,보라동,2000,80,0,50,15.12,1,깨끗하고 넓은 풀옵션 투룸입니다. 에어컨2대,https://www.zigbang.com/home/apt/items/49159161
2026-05-28 07:43:31,빌라투룸,49135042,월세,04,경기도 용인시 기흥구 보라동,용인시 기흥구,보라동,2000,75,0,52.89,16.0,2,옆 호실 사진입니다 구조는 비슷합니다,https://www.zigbang.com/home/apt/items/49135042
2026-05-28 07:43:31,빌라투룸,49106046,매매,04,경기도 용인시 기흥구 보라동,용인시 기흥구,보라동,21000,0,21000,40.35,12.21,4,상갈역세권 교통 좋은 입지  깔끔한 2룸 매매 입주조율가능,https://www.zigbang.com/home/apt/items/49106046
2026-05-28 07:43:31,빌라투룸,49093579,월세,04,경기도 용인시 기흥구 보라동,용인시 기흥구,보라동,500,55,0,39.87,12.06,1,관리비x정말 저렴한 투룸월세입니다.,https://www.zigbang.com/home/apt/items/49093579
2026-05-28 07:43:31,빌라투룸,49079886,매매,05,경기도 용인시 기흥구 공세동,용인시 기흥구,공세동,20000,0,20000,51.64,15.62,2,저렴한3룸 최저입주금 도와드립니다,https://www.zigbang.com/home/apt/items/49079886
2026-05-28 07:43:31,빌라투룸,49062287,전세,04,경기도 용인시 기흥구 공세동,용인시 기흥구,공세동,17800,0,0,33.5,10.13,3,보증보험 전세대출가능 남향 근저당없는 깔끔한 풀옵션2룸,https://www.zigbang.com/home/apt/items/49062287
2026-05-28 07:43:31,빌라투룸,49031053,매매,05,경기도 용인시 기흥구 공세동,용인시 기흥구,공세동,24500,0,24500,56.93,17.22,2,실매물 인증ㅣ3룸2화장실ㅣ허위근절ㅣ매물비교ㅣ금리상담,https://www.zigbang.com/home/apt/items/49031053
2026-05-28 07:43:31,빌라투룸,49027122,매매,05,경기도 용인시 기흥구 보라동,용인시 기흥구,보라동,35700,0,35700,67.03,20.28,2,신축빌라ㅣ3룸2화장실ㅣ1금융 대출ㅣ매물 비교,https://www.zigbang.com/home/apt/items/49027122
2026-05-28 07:43:31,빌라투룸,49081800,매매,05,경기도 용인시 기흥구 상하동,용인시 기흥구,상하동,25300,0,25300,52.52,15.89,2,100프로 실매물 최저 실입주금 상담가능,https://www.zigbang.com/home/apt/items/49081800
2026-05-28 07:43:31,빌라투룸,49061166,매매,05,경기도 용인시 기흥구 상하동,용인시 기흥구,상하동,23500,0,23500,55.14,16.68,4,상하중학교 도보가능 깔끔한 쓰리룸,https://www.zigbang.com/home/apt/items/49061166
2026-05-28 07:43:31,빌라투룸,49031918,매매,04,경기도 용인시 처인구 고림동,용인시 처인구,고림동,14500,0,14500,36,10.89,3,최저실입진행 채광좋은집 신축컨디션,https://www.zigbang.com/home/apt/items/49031918
2026-05-28 07:43:31,빌라투룸,48859250,매매,04,경기도 용인시 처인구 양지면 송문리,용인시 처인구,양지면,13000,0,13000,50.64,15.32,1,방2개 넓은거실넓은주방,https://www.zigbang.com/home/apt/items/48859250
2026-05-28 07:43:31,빌라투룸,49039199,전세,05,경기도 용인시 처인구 남동,용인시 처인구,남동,35000,0,0,84.81,25.65,1,"은화삼인근 친자연환경 고급연립전원주택.주차공간굿,대촌ic",https://www.zigbang.com/home/apt/items/49039199
2026-05-28 07:43:31,빌라투룸,49038004,매매,05,경기도 용인시 처인구 남동,용인시 처인구,남동,18000,0,18000,51.53,15.59,1,역대급컨디션 채광좋고 넓은 방3화2 구조에요,https://www.zigbang.com/home/apt/items/49038004
2026-05-28 07:43:31,빌라투룸,49021338,매매,05,경기도 용인시 처인구 남동,용인시 처인구,남동,47000,0,47000,84.71,25.62,2,은화삼 CC 차량 2분 타운하우스,https://www.zigbang.com/home/apt/items/49021338
2026-05-28 07:43:31,빌라투룸,48789298,월세,05,경기도 용인시 처인구 이동읍 천리,용인시 처인구,이동읍,2000,140,0,68.98,20.87,2,"신축 30평형 방3화장실2 빌라, 보증금 조절 가능",https://www.zigbang.com/home/apt/items/48789298
2026-05-28 07:43:31,빌라투룸,49160682,월세,05,세종시 조치원읍 신흥리,,조치원읍,500,40,0,53,16.03,2,18평형 아파트 방3개 저렴한 월세 즉시입주,https://www.zigbang.com/home/apt/items/49160682
2026-05-28 07:43:31,빌라투룸,49062324,월세,04,세종시 조치원읍 침산리,,조치원읍,500,57,0,66.12,20.0,3,1번국도변 방 넓은 투룸,https://www.zigbang.com/home/apt/items/49062324
2026-05-28 07:43:31,빌라투룸,49062226,전세,05,세종시 조치원읍 침산리,,조치원읍,15000,0,0,75,22.69,4,복층 주인세대 전세,https://www.zigbang.com/home/apt/items/49062226
2026-05-28 07:43:31,빌라투룸,49058514,월세,04,세종시 조치원읍 침산리,,조치원읍,500,56,0,47,14.22,4,각 방 에어컨 구비 투룸.화장실 2개,https://www.zigbang.com/home/apt/items/49058514
2026-05-28 07:43:31,빌라투룸,49035710,월세,04,세종시 조치원읍 침산리,,조치원읍,500,60,0,49,14.82,4,화장실2개 각방 에어컨설치 투룸 상태최상,https://www.zigbang.com/home/apt/items/49035710
2026-05-28 07:43:31,빌라투룸,48995807,월세,04,세종시 조치원읍 침산리,,조치원읍,500,60,0,46.28,14.0,3,Oㅡ귀ㅣ한ㅣ투ㅣ룸ㅡO 즉시입주 O 깔끔건물 O,https://www.zigbang.com/home/apt/items/48995807
2026-05-28 07:43:31,빌라투룸,48981729,월세,04,세종시 조치원읍 침산리,,조치원읍,500,51,0,46.28,14.0,4,투룸  위치최고가격대비 최고 선착순임대,https://www.zigbang.com/home/apt/items/48981729
2026-05-28 07:43:31,빌라투룸,48930154,전세,05,세종시 조치원읍 침산리,,조치원읍,9000,0,0,80,24.2,4,전세 위치좋고 깔끔한쓰리룸,https://www.zigbang.com/home/apt/items/48930154
2026-05-28 07:43:31,빌라투룸,49161149,월세,04,경기도 용인시 처인구 역북동,용인시 처인구,역북동,500,46,0,30,9.07,2,7월3일입주.방2.넓은거실.가전옵션.명지대역.2년계약.,https://www.zigbang.com/home/apt/items/49161149
2026-05-28 07:43:31,빌라투룸,49153842,월세,04,경기도 용인시 처인구 마평동,용인시 처인구,마평동,500,60,0,39.67,12.0,반지하,수리된집입니다,https://www.zigbang.com/home/apt/items/49153842
2026-05-28 07:43:31,빌라투룸,49152787,매매,05,경기도 용인시 처인구 역북동,용인시 처인구,역북동,26900,0,26900,59.63,18.04,2,용인고 인근 큰평수 저층 급매,https://www.zigbang.com/home/apt/items/49152787
2026-05-28 07:43:31,빌라투룸,49132217,월세,04,경기도 용인시 처인구 마평동,용인시 처인구,마평동,1000,53,0,25,7.56,2,"방2,작은거실있는 풀옵션 투룸  7월말입주가능,",https://www.zigbang.com/home/apt/items/49132217
2026-05-28 07:43:31,빌라투룸,49116204,매매,05,경기도 용인시 처인구 김량장동,용인시 처인구,김량장동,21000,0,21000,58.8,17.79,2,실입주금2000 역세권위치 방3화2,https://www.zigbang.com/home/apt/items/49116204
2026-05-28 07:43:31,빌라투룸,49097637,매매,05,경기도 용인시 처인구 김량장동,용인시 처인구,김량장동,24000,0,24000,58.8,17.79,2,김량장동 인프라좋은 위치 쓰리룸입니다,https://www.zigbang.com/home/apt/items/49097637
2026-05-28 07:43:31,빌라투룸,49027129,매매,05,경기도 용인시 처인구 김량장동,용인시 처인구,김량장동,29000,0,29000,64.78,19.6,2,급매물건ㅣ신축급ㅣ1금융 대출ㅣ매물 비교,https://www.zigbang.com/home/apt/items/49027129
2026-05-28 07:43:31,빌라투룸,48998277,전세,05,경기도 용인시 처인구 역북동,용인시 처인구,역북동,12000,0,0,72,21.78,6,명지역 도보3분 남향 주차좋고 에어컨 신축급 투인원 설치,https://www.zigbang.com/home/apt/items/48998277
2026-05-28 07:43:31,빌라투룸,48996457,매매,05,경기도 용인시 처인구 김량장동,용인시 처인구,김량장동,8700,0,8700,48.42,14.65,2,수리되어깨끗합니다,https://www.zigbang.com/home/apt/items/48996457
2026-05-28 07:43:31,빌라투룸,48954932,매매,05,경기도 용인시 처인구 고림동,용인시 처인구,고림동,25900,0,25900,70.42,21.3,5,실입주금1000만원 용인가장좋은집  2세대남아있습니다,https://www.zigbang.com/home/apt/items/48954932
2026-05-28 07:43:31,빌라투룸,48937817,매매,05,경기도 용인시 처인구 고림동,용인시 처인구,고림동,19000,0,19000,50.4,15.25,2,"학세권 역세권 최저실입주금, 외국인 가능",https://www.zigbang.com/home/apt/items/48937817
2026-05-28 07:43:32,빌라투룸,49012206,월세,05,충청북도 청주시 서원구 죽림동,청주시 서원구,죽림동,1000,70,0,66.12,20.0,4,반려동물 가능한 넓은 쓰리룸 월세 즉시입주가능,https://www.zigbang.com/home/apt/items/49012206
2026-05-28 07:43:32,빌라투룸,49040165,전세,06,충청북도 청주시 흥덕구 송절동,청주시 흥덕구,송절동,30000,0,0,137.48,41.59,4,테라스뷰가 끝내주는 첫입주 주인세대 전세,https://www.zigbang.com/home/apt/items/49040165
2026-05-28 07:43:33,빌라투룸,49030244,전세,05,충청북도 청주시 서원구 남이면 가마리,청주시 서원구,남이면,15000,0,0,106.58,32.24,4,"ㄱ반려동물 협의가능,신축급,월세도가능5000에90,권리안전",https://www.zigbang.com/home/apt/items/49030244
2026-05-28 07:43:33,빌라투룸,49025246,월세,05,충청북도 청주시 서원구 남이면 가마리,청주시 서원구,남이면,4000,95,0,106.58,32.24,4,반려가능 준신축 주인세대 쓰리룸,https://www.zigbang.com/home/apt/items/49025246
2026-05-28 07:43:33,빌라투룸,49006026,월세,05,충청북도 청주시 서원구 남이면 가마리,청주시 서원구,남이면,5000,95,0,138.02,41.75,4,반려동물가능 엘베있음 큰사이즈 주인세대 즉시입주,https://www.zigbang.com/home/apt/items/49006026
2026-05-28 07:43:33,빌라투룸,48984303,월세,05,충청북도 청주시 서원구 남이면 가마리,청주시 서원구,남이면,4000,75,0,85.26,25.79,4,남이면.가마리힐데스하임.반려견가능.주인세대.,https://www.zigbang.com/home/apt/items/48984303
2026-05-28 07:43:33,빌라투룸,49158913,월세,04,충청북도 청주시 청원구 오창읍 주성리,청주시 청원구,오창읍,4000,20,0,55,16.64,3,오창 2산단 3층 투룸 반전세,https://www.zigbang.com/home/apt/items/49158913
2026-05-28 07:43:33,빌라투룸,49147898,월세,05,충청북도 청주시 청원구 오창읍 주성리,청주시 청원구,오창읍,3000,65,0,120,36.3,4,오창 2산단 V 주인세대 V 넓은 거실 V 컨디션 굿,https://www.zigbang.com/home/apt/items/49147898
2026-05-28 07:43:33,빌라투룸,49115071,전세,05,충청북도 청주시 청원구 오창읍 주성리,청주시 청원구,오창읍,13000,0,0,119.89,36.27,4,오창 2산단 주인세대 전세,https://www.zigbang.com/home/apt/items/49115071
2026-05-28 07:43:33,빌라투룸,49113095,월세,04,충청북도 청주시 청원구 오창읍 주성리,청주시 청원구,오창읍,1000,55,0,52.9,16.0,3,.신축급 .Lg엔솔 도보 3분  초고품격 대형 투룸,https://www.zigbang.com/home/apt/items/49113095
2026-05-28 07:43:33,빌라투룸,49088967,월세,04,충청북도 청주시 청원구 오창읍 주성리,청주시 청원구,오창읍,1000,57,0,59.5,18.0,3,신축.엘리베이터.Lg엔솔 도보 3분 거리 .고품격.풀옵션,https://www.zigbang.com/home/apt/items/49088967
2026-05-28 07:43:33,빌라투룸,49007036,전세,04,충청북도 청주시 청원구 오창읍 양지리,청주시 청원구,오창읍,13000,0,0,53.22,16.1,4,"LH대출 가능한 인기 매물, 첫 전세 추천,무융자 다세대",https://www.zigbang.com/home/apt/items/49007036
2026-05-28 07:43:33,빌라투룸,49004526,월세,04,충청북도 청주시 청원구 오창읍 주성리,청주시 청원구,오창읍,1000,60,0,60,18.15,3,오창 2산단 대형투룸 풀옵션 정남향,https://www.zigbang.com/home/apt/items/49004526
2026-05-28 07:43:33,빌라투룸,49004472,월세,04,충청북도 청주시 청원구 오창읍 주성리,청주시 청원구,오창읍,500,60,0,55,16.64,3,오창 2산단 투룸 남향 엘리베이터 풀옵션,https://www.zigbang.com/home/apt/items/49004472
2026-05-28 07:43:33,빌라투룸,49004457,월세,04,충청북도 청주시 청원구 오창읍 주성리,청주시 청원구,오창읍,5000,20,0,60,18.15,3,오창 2산단 공원뷰 대형투룸  반전세 즉시입주가능,https://www.zigbang.com/home/apt/items/49004457
2026-05-28 07:43:33,빌라투룸,48616735,월세,04,충청북도 청주시 청원구 오창읍 주성리,청주시 청원구,오창읍,1000,60,0,60,18.15,3,오창 2산단신축급투룸풀옵션 엘리베이터,https://www.zigbang.com/home/apt/items/48616735
2026-05-28 07:43:33,빌라투룸,48305441,월세,04,충청북도 청주시 청원구 오창읍 주성리,청주시 청원구,오창읍,500,55,0,48,14.52,3,오창 2산단 풀옵션 투룸 엘리베이터 추천,https://www.zigbang.com/home/apt/items/48305441
2026-05-28 07:43:35,빌라투룸,48777857,월세,05,충청북도 증평군 증평읍 송산리,증평군,증평읍,1000,77,0,80,24.2,4,공원 앞 쓰리룸 월세ㅣ채광.입지.가성비 모두 좋은 집,https://www.zigbang.com/home/apt/items/48777857
2026-05-28 07:43:35,빌라투룸,49049464,월세,04,충청북도 진천군 진천읍 성석리,진천군,진천읍,2000,30,0,39.67,12.0,2,"조용한 투룸으로  에어컨2 ,진천중학교 앞 풀 옵션",https://www.zigbang.com/home/apt/items/49049464
2026-05-28 07:43:35,빌라투룸,49049463,전세,04,충청북도 진천군 진천읍 성석리,진천군,진천읍,6000,0,0,49.59,15.0,4,"큰 투룸, 거살 큼 티비2  에어컨2개 , 엘베유",https://www.zigbang.com/home/apt/items/49049463
2026-05-28 07:43:35,빌라투룸,49107223,월세,04,충청북도 증평군 증평읍 초중리,증평군,증평읍,500,52,0,66.12,20.0,3,남햔 채광 좋은 투룸,https://www.zigbang.com/home/apt/items/49107223
2026-05-28 07:43:35,빌라투룸,49044051,월세,04,충청북도 증평군 증평읍 초중리,증평군,증평읍,1000,42,0,60,18.15,3,풀옵션 투룸월세ㅣ정남향 채광좋고 경쾌한 집,https://www.zigbang.com/home/apt/items/49044051
2026-05-28 07:43:35,빌라투룸,49034369,월세,05,충청북도 증평군 증평읍 초중리,증평군,증평읍,1500,82,0,85,25.71,4,전.월세 모두 가능ㅣ모던쓰리룸ㅣ도배 및 리뉴얼 후 첫 입주,https://www.zigbang.com/home/apt/items/49034369
2026-05-28 07:43:35,빌라투룸,49033437,월세,04,충청북도 증평군 증평읍 초중리,증평군,증평읍,500,52,0,60,18.15,4,투룸월세ㅣ화이트톤 깔끔하고 쾌적해요ㅣ엘베완비,https://www.zigbang.com/home/apt/items/49033437
2026-05-28 07:43:35,빌라투룸,49007052,월세,05,충청북도 증평군 증평읍 초중리,증평군,증평읍,1000,50,0,85,25.71,4,쓰리룸월세ㅣ도배 장판 교체예정 재정비 후 첫.입.주,https://www.zigbang.com/home/apt/items/49007052
2026-05-28 07:43:35,빌라투룸,48942385,월세,04,충청북도 증평군 증평읍 초중리,증평군,증평읍,500,42,0,60.17,18.2,3,투룸월세ㅣ풀옵션 가성비좋은방,https://www.zigbang.com/home/apt/items/48942385
2026-05-28 07:43:35,빌라투룸,48941867,월세,05,충청북도 증평군 증평읍 초중리,증평군,증평읍,500,82,0,80,24.2,4,테라스있는 쓰리룸 월세ㅣ정남향 성당뷰,https://www.zigbang.com/home/apt/items/48941867
2026-05-28 07:43:35,빌라투룸,48890931,월세,05,충청북도 증평군 증평읍 초중리,증평군,증평읍,3000,48,0,80,24.2,3,쓰리룸월세ㅣ필요옵션협의가능ㅣ서비스면적까지,https://www.zigbang.com/home/apt/items/48890931
2026-05-28 07:43:35,빌라투룸,48873236,월세,04,충청북도 증평군 증평읍 초중리,증평군,증평읍,500,55,0,61.16,18.5,2,엘베완비ㅣ풀옵션 투룸 월세ㅣ에어컨2대 햇살맛집,https://www.zigbang.com/home/apt/items/48873236
2026-05-28 07:43:35,빌라투룸,48873015,월세,04,충청북도 증평군 증평읍 초중리,증평군,증평읍,1500,37,0,60,18.15,4,큰 평수 투룸 반월세ㅣ착한임대료 위치 좋아요,https://www.zigbang.com/home/apt/items/48873015
2026-05-28 07:43:35,빌라투룸,49139302,월세,04,충청북도 음성군 맹동면 두성리,음성군,맹동면,500,70,0,72.11,21.81,6,한국소비자원 뒤 위치 투룸형,https://www.zigbang.com/home/apt/items/49139302
2026-05-28 07:43:35,빌라투룸,49097850,월세,04,충청북도 음성군 맹동면 두성리,음성군,맹동면,1000,60,0,60,18.15,2,넓은 거실   침대제외한 풀옵션 방2 욕실1 보증금조절가능,https://www.zigbang.com/home/apt/items/49097850
2026-05-28 07:43:35,빌라투룸,49033522,월세,04,충청북도 음성군 맹동면 두성리,음성군,맹동면,1000,70,0,74,22.38,2,"즉시입주, 혁신도시 상권 근접한 투룸, 도시가스",https://www.zigbang.com/home/apt/items/49033522
2026-05-28 07:43:35,빌라투룸,48833295,월세,05,충청북도 음성군 맹동면 두성리,음성군,맹동면,3000,65,0,99.17,30.0,2,"즉시입주, 혁신도시 내 위치한 쓰리룸, 상권이용 편리",https://www.zigbang.com/home/apt/items/48833295
2026-05-28 07:43:35,빌라투룸,49116597,월세,04,충청북도 진천군 덕산읍 산수리,진천군,덕산읍,400,45,0,45,13.61,2,즉시입주 가능. 거실과방큰 투룸,https://www.zigbang.com/home/apt/items/49116597
2026-05-28 07:43:35,빌라투룸,49091637,월세,04,충청북도 진천군 덕산읍 산수리,진천군,덕산읍,300,42,0,50,15.12,2,욕실두개투룸 에어컨 두대,https://www.zigbang.com/home/apt/items/49091637
2026-05-28 07:43:35,빌라투룸,49078652,월세,04,충청북도 진천군 덕산읍 산수리,진천군,덕산읍,400,49,0,45,13.61,3,엘베있어요. 빠른입주가능. 신축의 투룸,https://www.zigbang.com/home/apt/items/49078652
2026-05-28 07:43:35,빌라투룸,49065164,월세,05,충청북도 진천군 덕산읍 산수리,진천군,덕산읍,900,65,0,55,16.64,2,빠른입주가능. 엘베있는 화장실2개. 신축의 쓰리룸,https://www.zigbang.com/home/apt/items/49065164
2026-05-28 07:43:35,빌라투룸,48958511,월세,04,충청북도 진천군 덕산읍 산수리,진천군,덕산읍,400,45,0,45,13.61,2,화장실2개라 편리한 투룸,https://www.zigbang.com/home/apt/items/48958511
2026-05-28 07:43:35,빌라투룸,48104344,월세,05,충청북도 진천군 덕산읍,진천군,덕산읍,1000,61,0,59.5,18.0,4,"엘베있는 쓰리룸 방3,화장실2",https://www.zigbang.com/home/apt/items/48104344
2026-05-28 07:43:39,빌라투룸,49047469,월세,04,충청북도 진천군 광혜원면 죽현리,진천군,광혜원면,1000,56,0,41,12.4,3,"정투룸 거실1,방2 엘베 신축급",https://www.zigbang.com/home/apt/items/49047469
2026-05-28 07:43:40,빌라투룸,49163495,월세,04,충청북도 진천군 덕산읍 신척리,진천군,덕산읍,500,49,0,39.43,11.93,6,"남향의 햇살좋은 투베이형식 아파트, 첫입주에요",https://www.zigbang.com/home/apt/items/49163495
2026-05-28 07:43:40,빌라투룸,48983119,월세,04,충청북도 진천군 덕산읍 신척리,진천군,덕산읍,500,67,0,51.3,15.52,10,첫입주에 남동향의 햇살좋은 투룸형식 아파트,https://www.zigbang.com/home/apt/items/48983119
2026-05-28 07:43:40,빌라투룸,48983110,월세,04,충청북도 진천군 덕산읍 신척리,진천군,덕산읍,500,49,0,39.43,11.93,10,남동향의 햇살좋은 투베이형식 아파트,https://www.zigbang.com/home/apt/items/48983110
2026-05-28 07:43:40,빌라투룸,48955682,월세,04,충청북도 진천군 덕산읍 신척리,진천군,덕산읍,500,67,0,51.3,15.52,12,방2 거실1 화장실2 천정형에어컨3 신축 월세 첫입주,https://www.zigbang.com/home/apt/items/48955682
2026-05-28 07:43:40,빌라투룸,48667837,월세,04,충청북도 진천군 덕산읍 신척리,진천군,덕산읍,500,67,0,51.3,15.52,10,"투룸형 거실1,방2,화장실2",https://www.zigbang.com/home/apt/items/48667837
2026-05-28 07:43:40,빌라투룸,47431853,월세,04,충청북도 진천군 덕산읍 신척리,진천군,덕산읍,500,49,0,39.43,11.93,11,"남향 금액좋다 도시가스 거실1,방1, 화장실2",https://www.zigbang.com/home/apt/items/47431853
2026-05-28 07:43:40,빌라투룸,49097895,매매,04,경기도 안성시 죽산면 죽산리,안성시,죽산면,8500,0,8500,52.6,15.91,3,"공실, 올리모델링, 생활인프라 이용 편리한 위치의 빌라",https://www.zigbang.com/home/apt/items/49097895
2026-05-28 07:43:40,빌라투룸,49115477,월세,04,충청북도 음성군 금왕읍 도청리,음성군,금왕읍,2000,60,0,96,29.04,1,마당있는 단독주택 전체사용 방2 욕실2,https://www.zigbang.com/home/apt/items/49115477
2026-05-28 07:43:40,빌라투룸,49169034,월세,04,충청북도 음성군 대소읍 오류리,음성군,대소읍,300,45,0,50,15.12,1,넓고 깨끗한 투룸.,https://www.zigbang.com/home/apt/items/49169034
2026-05-28 07:43:40,빌라투룸,49122677,전세,04,충청북도 음성군 대소읍 오류리,음성군,대소읍,5000,0,0,50,15.12,3,ott시청가능.풀옵션.엘리베이터설치.투룸전세.반전세가능.,https://www.zigbang.com/home/apt/items/49122677
2026-05-28 07:43:40,빌라투룸,49122674,월세,04,충청북도 음성군 대소면 오류리,음성군,대소면,1000,45,0,50,15.12,3,풀옵션 투룸.깔끔한내부.반전세가능.승강기설치.ott가능,https://www.zigbang.com/home/apt/items/49122674
2026-05-28 07:43:40,빌라투룸,49141792,월세,04,충청북도 음성군 대소읍 태생리,음성군,대소읍,500,53,0,50,15.12,4,복층 투룸. 난방은 도시가스.,https://www.zigbang.com/home/apt/items/49141792
2026-05-28 07:43:40,빌라투룸,49058358,전세,04,충청북도 음성군 대소읍 태생리,음성군,대소읍,7000,0,0,50,15.12,4,투룸. 방 2. 거실. 관리 잘된집.,https://www.zigbang.com/home/apt/items/49058358
2026-05-28 07:43:40,빌라투룸,49052146,월세,04,충청북도 음성군 대소읍 태생리,음성군,대소읍,300,48,0,50,15.12,4,큰 방 2. 에어컨 2대. 주차 공간 여유로움.,https://www.zigbang.com/home/apt/items/49052146
2026-05-28 07:43:41,빌라투룸,49069022,월세,04,충청북도 음성군 삼성면 덕정리,음성군,삼성면,500,55,0,50,15.12,2,삼성면 시내 위치. 투룸. 에어컨 2대,https://www.zigbang.com/home/apt/items/49069022
2026-05-28 07:43:41,빌라투룸,49073670,월세,05,경기도 용인시 처인구 원삼면 목신리,용인시 처인구,원삼면,1000,180,0,70.83,21.43,1,원삼sk하이닉스 자차5분거리 마당넓은 주택 독채 쓰리룸,https://www.zigbang.com/home/apt/items/49073670
2026-05-28 07:43:41,빌라투룸,49024436,월세,04,경기도 용인시 처인구 원삼면 사암리,용인시 처인구,원삼면,500,150,0,45,13.61,4,원삼sk하이닉스 가까운 풀옵션 복층,https://www.zigbang.com/home/apt/items/49024436
2026-05-28 07:43:41,빌라투룸,49115663,월세,05,충청북도 음성군 금왕읍 각회리,음성군,금왕읍,1500,60,0,106.23,32.13,1,단독주택 올수리후 첫입주 시스템에어컨 첫사용,https://www.zigbang.com/home/apt/items/49115663
2026-05-28 07:43:41,빌라투룸,49129147,월세,05,경기도 용인시 처인구 백암면 백봉리,용인시 처인구,백암면,500,200,0,100,30.25,1,원삼sk하이닉스 자차10분거리 쓰리룸 화2 단기가능 숙소,https://www.zigbang.com/home/apt/items/49129147
2026-05-28 07:43:42,빌라투룸,49163861,월세,04,경기도 용인시 처인구 양지읍 남곡리,용인시 처인구,양지읍,500,110,0,40,12.1,2,원삼sk하이닉스 셔틀도보5분 풀옵션 깨끗한 투룸월세,https://www.zigbang.com/home/apt/items/49163861
2026-05-28 07:43:42,빌라투룸,49047049,매매,04,경기도 용인시 처인구 양지읍 양지리,용인시 처인구,양지읍,12000,0,12000,52.45,15.87,1,실매물 인증ㅣ허위근절ㅣ매물비교ㅣ금리상담,https://www.zigbang.com/home/apt/items/49047049
2026-05-28 07:43:41,빌라투룸,49124029,월세,04,경기도 용인시 처인구 백암면 근창리,용인시 처인구,백암면,1000,120,0,59.94,18.13,2,원삼sk하이닉스 셔틀버스 도보3분거리 청와아파트 월세입니다,https://www.zigbang.com/home/apt/items/49124029
2026-05-28 07:43:42,빌라투룸,49159032,월세,04,경기도 이천시 호법면 안평리,이천시,호법면,5000,30,0,39.67,12.0,2,즉시 입주 가능한  2룸 월세 매물 입니다,https://www.zigbang.com/home/apt/items/49159032
2026-05-28 07:43:42,빌라투룸,48923277,월세,04,경기도 이천시 호법면 유산리,이천시,호법면,1500,63,0,58.75,17.77,3,"즉시 입주가능, 풀옵션 투룸, 이천역 5분",https://www.zigbang.com/home/apt/items/48923277
2026-05-28 07:43:42,빌라투룸,48463286,월세,04,경기도 이천시 호법면 유산리,이천시,호법면,1500,65,0,59.5,18.0,2,"즉시 입주가능, 풀옵션 투룸, 이천역 차량 5분",https://www.zigbang.com/home/apt/items/48463286
2026-05-28 07:43:43,빌라투룸,49061357,전세,05,경기도 이천시 대월면 군량리,이천시,대월면,6000,0,0,69.34,20.98,1,"8월말 입주가능,방3 화장실2, 군량1리 마을회관 근처",https://www.zigbang.com/home/apt/items/49061357
2026-05-28 07:43:43,빌라투룸,49169605,월세,04,경기도 여주시 가남읍 태평리,여주시,가남읍,500,55,0,26.37,7.98,3,터미널 바로 위에 위치  넓고 밝은 풀옵션 투룸,https://www.zigbang.com/home/apt/items/49169605
2026-05-28 07:43:43,빌라투룸,49141994,전세,04,경기도 여주시 가남읍 태평리,여주시,가남읍,10000,0,0,27.12,8.2,4,터미널5분거리 식탁있는 풀옵션 투룸,https://www.zigbang.com/home/apt/items/49141994
2026-05-28 07:43:43,빌라투룸,49141955,월세,04,경기도 여주시 가남읍 태평리,여주시,가남읍,500,85,0,41.34,12.51,2,최상의 풀옵션 남향 투룸 화장실2 6월중순입주가,https://www.zigbang.com/home/apt/items/49141955
2026-05-28 07:43:43,빌라투룸,49141936,월세,05,경기도 여주시 가남읍 태평리,여주시,가남읍,2000,85,0,96.05,29.05,4,48평형 주인세대 방3화2 반려동물금지 다용도실. 베란다,https://www.zigbang.com/home/apt/items/49141936
2026-05-28 07:43:43,빌라투룸,49141724,월세,05,경기도 여주시 가남읍 태평리,여주시,가남읍,2000,130,0,47.64,14.41,5,태평리 방4개 복층빌라 월세,https://www.zigbang.com/home/apt/items/49141724
2026-05-28 07:43:43,빌라투룸,48949725,매매,05,경기도 여주시 가남읍 태평리,여주시,가남읍,13900,0,13900,57.99,17.54,4,태평리 쓰리룸 매매,https://www.zigbang.com/home/apt/items/48949725
2026-05-28 07:43:43,빌라투룸,48848439,매매,06,경기도 여주시 가남읍 태평리,여주시,가남읍,25000,0,25000,73.98,22.38,2,태평리 포룸 신축빌라,https://www.zigbang.com/home/apt/items/48848439
2026-05-28 07:43:43,빌라투룸,48828326,월세,05,경기도 여주시 가남읍 태평리,여주시,가남읍,6000,40,0,80,24.2,4,"넓고, 채광좋은, 주인세대 월세, 전세가능",https://www.zigbang.com/home/apt/items/48828326
2026-05-28 07:43:43,빌라투룸,49168898,매매,05,경기도 이천시 부발읍 신하리,이천시,부발읍,14000,0,14000,49.91,15.1,4,신하리 방3 화2 깔끔한 컨디션 유지중인 준신축,https://www.zigbang.com/home/apt/items/49168898
2026-05-28 07:43:43,빌라투룸,49142122,월세,05,경기도 이천시 부발읍 신하리,이천시,부발읍,4000,30,0,68.36,20.68,3,앞뒤 베란다 넓은 집,https://www.zigbang.com/home/apt/items/49142122
2026-05-28 07:43:43,빌라투룸,49105983,전세,04,경기도 이천시 부발읍 신하리,이천시,부발읍,9000,0,0,45,13.61,3,보증보험 가입 가능 신축 급 투룸,https://www.zigbang.com/home/apt/items/49105983
2026-05-28 07:43:43,빌라투룸,49099978,월세,04,경기도 이천시 대월면 대흥리,이천시,대월면,500,60,0,33.06,10.0,4,하이닉스 인근 풀옵션 투룸,https://www.zigbang.com/home/apt/items/49099978
2026-05-28 07:43:43,빌라투룸,49090699,전세,05,경기도 이천시 부발읍 신하리,이천시,부발읍,12000,0,0,62.18,18.81,4,보증보험 가입되는 안전한 쓰리룸 전세,https://www.zigbang.com/home/apt/items/49090699
2026-05-28 07:43:43,빌라투룸,49012063,월세,04,경기도 이천시 대월면 대흥리,이천시,대월면,2000,50,0,39.67,12.0,2,이천시 대흥리sk하이닉스후문인근 투룸월세,https://www.zigbang.com/home/apt/items/49012063
2026-05-28 07:43:43,빌라투룸,49012039,월세,04,경기도 이천시 고담동,이천시,고담동,1000,60,0,32.4,9.8,3,이천 SK하이닉스 도보 출퇴근 가능한 풀옵션 투룸월세,https://www.zigbang.com/home/apt/items/49012039
2026-05-28 07:43:43,빌라투룸,49012023,월세,04,경기도 이천시 부발읍 가좌리,이천시,부발읍,1000,60,0,39.67,12.0,4,이천시 부발읍 가좌리 한우품인근 빠른입주 가능한 투룸월세,https://www.zigbang.com/home/apt/items/49012023
2026-05-28 07:43:43,빌라투룸,48994169,월세,05,경기도 이천시 부발읍 신하리,이천시,부발읍,5000,71,0,90,27.22,4,신축급 30평형 다가구 넓은주인세대 방3화2  넓은거실,https://www.zigbang.com/home/apt/items/48994169
2026-05-28 07:43:43,빌라투룸,48950270,매매,05,경기도 이천시 부발읍 신하리,이천시,부발읍,12500,0,12500,62.18,18.81,3,저렴한게 나온 넓은 구조의 쓰리룸 빌라 막힘 없는 뷰,https://www.zigbang.com/home/apt/items/48950270
2026-05-28 07:43:43,빌라투룸,48923872,전세,05,경기도 이천시 부발읍 신하리,이천시,부발읍,15000,0,0,99.17,30.0,4,아파트형 방3화2  신축급 주인세대,https://www.zigbang.com/home/apt/items/48923872
2026-05-28 07:43:43,빌라투룸,48899286,월세,04,경기도 이천시 부발읍 가좌리,이천시,부발읍,500,60,0,33.06,10.0,3,착한 가격 신축급  투룸 풀옵션 빠른입주,https://www.zigbang.com/home/apt/items/48899286
2026-05-28 07:43:43,빌라투룸,49153125,월세,04,경기도 이천시 대월면 사동리,이천시,대월면,1000,65,0,35.63,10.78,3,주차가능 엘베있음 풀옵션 깨끗한 투룸,https://www.zigbang.com/home/apt/items/49153125
2026-05-28 07:43:43,빌라투룸,49140895,전세,04,경기도 이천시 대월면 사동리,이천시,대월면,9500,0,0,52.95,16.02,2,하이닉스 도보7분거리 신축 투룸 주변 음식점 편의점 많음,https://www.zigbang.com/home/apt/items/49140895
2026-05-28 07:43:43,빌라투룸,49070257,월세,04,경기도 이천시 대월면 사동리,이천시,대월면,500,60,0,47.64,14.41,2,"즉시입주가능, 올리모델링 빌라, SK하이닉스 도보가능",https://www.zigbang.com/home/apt/items/49070257
2026-05-28 07:43:43,빌라투룸,48747281,월세,05,경기도 이천시 대월면 사동리,이천시,대월면,2000,90,0,73.61,22.27,2,sk하이닉스 도보 가능한 엘리베이터 있는 신축급 3룸 월세,https://www.zigbang.com/home/apt/items/48747281
2026-05-28 07:43:43,빌라투룸,48249374,매매,04,경기도 이천시 대월면 초지리,이천시,대월면,8500,0,8500,44.91,13.59,1,신축급  넓은평수 2룸,https://www.zigbang.com/home/apt/items/48249374
2026-05-28 07:43:45,빌라투룸,49131638,월세,04,충청북도 충주시 호암동,충주시,호암동,1000,71,0,42.98,13.0,2,ㄴ호암동 신축 대형 투룸ㄱ,https://www.zigbang.com/home/apt/items/49131638
2026-05-28 07:43:45,빌라투룸,48964802,월세,04,충청북도 충주시 호암동,충주시,호암동,700,61,0,51.6,15.61,3,ㄴ호암택지 신축 투룸ㄱ,https://www.zigbang.com/home/apt/items/48964802
2026-05-28 07:43:45,빌라투룸,49168445,월세,04,충청북도 충주시 봉방동,충주시,봉방동,500,45,0,50,15.12,3,"방 과 거실 넉넉해요, 코지한 분위기의 관포52만원 투룸",https://www.zigbang.com/home/apt/items/49168445
2026-05-28 07:43:45,빌라투룸,49114644,월세,05,충청북도 충주시 칠금동,충주시,칠금동,500,51,0,49.59,15.0,2,위치최상 갓성비 3룸,https://www.zigbang.com/home/apt/items/49114644
2026-05-28 07:43:45,빌라투룸,49107014,월세,04,충청북도 충주시 문화동,충주시,문화동,1500,41,0,50,15.12,3,"남향,호암지,갓성비",https://www.zigbang.com/home/apt/items/49107014
2026-05-28 07:43:45,빌라투룸,48973284,전세,04,충청북도 충주시 봉방동,충주시,봉방동,5000,0,0,46.28,14.0,3,귀한전세ㅣ탁트인남향ㅣ풀옵션투룸,https://www.zigbang.com/home/apt/items/48973284
2026-05-28 07:43:45,빌라투룸,48946561,월세,05,충청북도 충주시 칠금동,충주시,칠금동,500,50,0,45,13.61,2,"칠금동사무소인근, 풀옵션 쓰리룸, 엘리베이터 없는 2층",https://www.zigbang.com/home/apt/items/48946561
2026-05-28 07:43:45,빌라투룸,48861760,월세,04,충청북도 충주시 봉방동,충주시,봉방동,500,61,0,49.59,15.0,3,충주역인근ㅣ남향투룸ㅣ보증금조정ok,https://www.zigbang.com/home/apt/items/48861760
2026-05-28 07:43:45,빌라투룸,49122689,월세,04,충청북도 충주시 중앙탑면 용전리,충주시,중앙탑면,500,50,0,33,9.98,2,풀옵션 투룸 월세입니다.,https://www.zigbang.com/home/apt/items/49122689
2026-05-28 07:43:45,빌라투룸,49122675,월세,04,충청북도 충주시 중앙탑면 용전리,충주시,중앙탑면,500,45,0,33,9.98,2,풀옵션 투룸 월세 매물입니다.,https://www.zigbang.com/home/apt/items/49122675
2026-05-28 07:43:45,빌라투룸,49122670,월세,04,충청북도 충주시 중앙탑면 용전리,충주시,중앙탑면,500,50,0,33,9.98,4,풀옵션 투룸 복층 월세입니다.,https://www.zigbang.com/home/apt/items/49122670
2026-05-28 07:43:44,빌라투룸,49093911,월세,04,충청북도 충주시 호암동,충주시,호암동,1000,81,0,52.24,15.8,3,"ㄴ호암동 최상급 투룸, 풀옵션ㄱ",https://www.zigbang.com/home/apt/items/49093911
2026-05-28 07:43:46,빌라투룸,49153472,월세,04,경기도 여주시 점봉동,여주시,점봉동,1000,71,0,35,10.59,4,점봉동 투룸 풀옵션 월세 .즉시입주가능,https://www.zigbang.com/home/apt/items/49153472
2026-05-28 07:43:46,빌라투룸,49153407,월세,04,경기도 여주시 점봉동,여주시,점봉동,1000,61,0,30,9.07,1,점봉동위치는 풀옵션투룸 월세 즉시입주가능,https://www.zigbang.com/home/apt/items/49153407
2026-05-28 07:43:46,빌라투룸,49153376,월세,04,경기도 여주시 점봉동,여주시,점봉동,1000,66,0,40.28,12.18,4,풀옵션 신축투룸 월세즉시입주가능 위치좋아요,https://www.zigbang.com/home/apt/items/49153376
2026-05-28 07:43:46,빌라투룸,49153370,월세,04,경기도 여주시 점봉동,여주시,점봉동,6000,20,0,35,10.59,4,점봉동 투룸 반전세,https://www.zigbang.com/home/apt/items/49153370
2026-05-28 07:43:46,빌라투룸,49126973,전세,06,경기도 여주시 상거동,여주시,상거동,14000,0,0,115.7,35.0,1,"전원주택, 토지 넓은 텃밭,",https://www.zigbang.com/home/apt/items/49126973
2026-05-28 07:43:46,빌라투룸,49113469,매매,05,경기도 여주시 점봉동,여주시,점봉동,10500,0,10500,43.39,13.13,1,"급급매 저렴한 깨끗한 빌라, 조용하고 살기 좋은곳",https://www.zigbang.com/home/apt/items/49113469
2026-05-28 07:43:46,빌라투룸,49089397,월세,04,경기도 여주시 점봉동,여주시,점봉동,1000,70,0,40,12.1,4,"준신축급 투룸,풀옵션,엘베있음,깨끗함",https://www.zigbang.com/home/apt/items/49089397
2026-05-28 07:43:46,빌라투룸,49089282,월세,04,경기도 여주시 점봉동,여주시,점봉동,1000,62,0,35,10.59,1,"풀옵션 투룸 ,깨끗함",https://www.zigbang.com/home/apt/items/49089282
2026-05-28 07:43:46,빌라투룸,48955856,월세,04,경기도 여주시 점봉동,여주시,점봉동,1000,62,0,42.98,13.0,3,점봉동 투룸 풀옵션 월세입니다.,https://www.zigbang.com/home/apt/items/48955856
2026-05-28 07:43:47,빌라투룸,49128044,월세,04,경기도 시흥시 정왕동,시흥시,정왕동,500,36,0,45,13.61,3,깔끔저렴오이도투룸,https://www.zigbang.com/home/apt/items/49128044
2026-05-28 07:43:47,빌라투룸,49126555,월세,04,경기도 시흥시 정왕동,시흥시,정왕동,500,52,0,45,13.61,2,넓고깔끔한오이도투룸,https://www.zigbang.com/home/apt/items/49126555
2026-05-28 07:43:47,빌라투룸,49104143,월세,05,경기도 시흥시 정왕동,시흥시,정왕동,1000,60,0,58.6,17.73,1,3룸 남향집 월세 매매도가능,https://www.zigbang.com/home/apt/items/49104143
2026-05-28 07:43:47,빌라투룸,49097830,매매,05,경기도 시흥시 정왕동,시흥시,정왕동,9200,0,9200,59.33,17.95,2,최저가2층쓰리룸빌라급매,https://www.zigbang.com/home/apt/items/49097830
2026-05-28 07:43:47,빌라투룸,49092148,월세,05,경기도 시흥시 정왕동,시흥시,정왕동,1000,66,0,59.5,18.0,1,거실넓은오이도쓰리룸빌라,https://www.zigbang.com/home/apt/items/49092148
2026-05-28 07:43:47,빌라투룸,49092124,매매,04,경기도 시흥시 정왕동,시흥시,정왕동,6500,0,6500,34.66,10.48,4,베란다넓은오이도투룸매매,https://www.zigbang.com/home/apt/items/49092124
2026-05-28 07:43:47,빌라투룸,49065384,월세,04,경기도 시흥시 정왕동,시흥시,정왕동,500,47,0,38.2,11.56,3,엘베있는 베란다 큰 투룸,https://www.zigbang.com/home/apt/items/49065384
2026-05-28 07:43:47,빌라투룸,49063290,월세,04,경기도 시흥시 정왕동,시흥시,정왕동,500,51,0,43.2,13.07,2,사용하기 편리한 2층투룸월세,https://www.zigbang.com/home/apt/items/49063290
2026-05-28 07:43:47,빌라투룸,49053648,월세,04,경기도 시흥시 정왕동,시흥시,정왕동,500,50,0,40,12.1,3,"베란다가 크고 넓어요, 깨끗한 투룸 추천합니다",https://www.zigbang.com/home/apt/items/49053648
2026-05-28 07:43:47,빌라투룸,49049255,월세,04,경기도 시흥시 정왕동,시흥시,정왕동,3000,25,0,40,12.1,2,"벽걸이 에어컨, 큰냉장고, 인터넷 귀한투룸",https://www.zigbang.com/home/apt/items/49049255
2026-05-28 07:43:47,빌라투룸,49046137,월세,04,경기도 시흥시 정왕동,시흥시,정왕동,1000,56,0,41.2,12.46,2,전면주차 올 리모델링한 투룸월세 방마다 에어컨 설치됨,https://www.zigbang.com/home/apt/items/49046137
2026-05-28 07:43:47,빌라투룸,49043434,매매,05,경기도 시흥시 정왕동,시흥시,정왕동,9000,0,9000,84,25.41,2,"오이도 인근 최저가 도전, 빌라 방 3개 넓은 구조",https://www.zigbang.com/home/apt/items/49043434
2026-05-28 07:43:47,빌라투룸,49032797,전세,04,경기도 시흥시 정왕동,시흥시,정왕동,6000,0,0,43,13.01,2,중앙로 1분 특대형 투룸 전세,https://www.zigbang.com/home/apt/items/49032797
2026-05-28 07:43:47,빌라투룸,49017291,월세,05,경기도 시흥시 정왕동,시흥시,정왕동,2000,81,0,90,27.22,5,주인세대 쓰리룸 넓은거실 넓은주방 넓은베란다,https://www.zigbang.com/home/apt/items/49017291
2026-05-28 07:43:47,빌라투룸,49017279,월세,05,경기도 시흥시 정왕동,시흥시,정왕동,2000,80,0,87.6,26.5,5,전 월세가능한 주인세대 엘베있는 집,https://www.zigbang.com/home/apt/items/49017279
2026-05-28 07:43:48,빌라투룸,49104058,매매,05,인천시 연수구 옥련동,연수구,옥련동,10500,0,10500,38.52,11.65,1,초특급수리 남향 최저가 쓰리룸,https://www.zigbang.com/home/apt/items/49104058
2026-05-28 07:43:48,빌라투룸,49071105,월세,04,인천시 연수구 옥련동,연수구,옥련동,500,32,0,50,15.12,1,ㅁ원룸금액의 투룸ㅁ,https://www.zigbang.com/home/apt/items/49071105
2026-05-28 07:43:48,빌라투룸,49149433,월세,04,경기도 안산시 단원구 성곡동,안산시 단원구,성곡동,500,50,0,42.98,13.0,5,신축 오피스텔 주소이전가능   풀옵션 엘베  주차가능,https://www.zigbang.com/home/apt/items/49149433
2026-05-28 07:43:49,빌라투룸,49063715,월세,04,경기도 시흥시 정왕동,시흥시,정왕동,4000,39,0,55,16.64,2,정왕역  신축형  방마다에어컨 풀옵션  승강기 주차장,https://www.zigbang.com/home/apt/items/49063715
2026-05-28 07:43:49,빌라투룸,48915566,월세,04,경기도 시흥시 정왕동,시흥시,정왕동,4000,39,0,52.8,15.97,2,"각방 에어컨2대  반전세,투룸  옷장도 필요하시면 드려요",https://www.zigbang.com/home/apt/items/48915566
2026-05-28 07:43:50,빌라투룸,49077935,매매,05,인천시 남동구 서창동,남동구,서창동,14500,0,14500,63.25,19.13,3,올수리했는데 이가격ㅣ컨디션 좋은 급매물 방3화2,https://www.zigbang.com/home/apt/items/49077935
2026-05-28 07:43:50,빌라투룸,49015109,매매,05,인천시 남동구 서창동,남동구,서창동,16900,0,16900,75.64,22.88,2,서창동 3룸 넓은 집 찾는다면 강력추천 올수리,https://www.zigbang.com/home/apt/items/49015109
2026-05-28 07:43:50,빌라투룸,49169504,매매,04,경기도 시흥시 신천동,시흥시,신천동,15700,0,15700,42.66,12.9,4,최고급 올수리 투룸 신천역세권 인테리어절감,https://www.zigbang.com/home/apt/items/49169504
2026-05-28 07:43:50,빌라투룸,49161600,매매,05,경기도 시흥시 매화동,시흥시,매화동,24500,0,24500,77.19,23.35,2,평수넓고 관리잘된 신축급 쓰리룸입니다,https://www.zigbang.com/home/apt/items/49161600
2026-05-28 07:43:50,빌라투룸,49157171,매매,05,경기도 시흥시 은행동,시흥시,은행동,21100,0,21100,71.35,21.58,2,대형평수 방3화2 가성비 급매,https://www.zigbang.com/home/apt/items/49157171
2026-05-28 07:43:50,빌라투룸,49128478,매매,05,경기도 시흥시 신천동,시흥시,신천동,22000,0,22000,37.41,11.32,7,"엘베 O 방3 , 신천역 역세권",https://www.zigbang.com/home/apt/items/49128478
2026-05-28 07:43:50,빌라투룸,49115121,매매,04,경기도 시흥시 신천동,시흥시,신천동,14800,0,14800,42.66,12.9,4,가전제품 모두 증정. 특특올수리. 설명필독. 초특급 급매물,https://www.zigbang.com/home/apt/items/49115121
2026-05-28 07:43:50,빌라투룸,49080262,매매,05,경기도 시흥시 매화동,시흥시,매화동,17000,0,17000,44.87,13.57,3,o대단지급매물o 매화동 초급매물 3룸 대출상담환영,https://www.zigbang.com/home/apt/items/49080262
2026-05-28 07:43:50,빌라투룸,49074887,매매,04,경기도 시흥시 은행동,시흥시,은행동,15500,0,15500,40.23,12.17,2,은행동 2룸 21년식 준신축 시세대비 정말 저렴한 집,https://www.zigbang.com/home/apt/items/49074887
2026-05-28 07:43:50,빌라투룸,49047210,매매,05,경기도 시흥시 신천동,시흥시,신천동,29000,0,29000,39.76,12.03,3,실매물 인증ㅣ3룸2화장실ㅣ허위근절ㅣ매물비교ㅣ금리상담,https://www.zigbang.com/home/apt/items/49047210
2026-05-28 07:43:50,빌라투룸,48955137,매매,05,경기도 시흥시 신천동,시흥시,신천동,35800,0,35800,78.65,23.79,6,신천역 역세권 럭셔리한 쓰리룸,https://www.zigbang.com/home/apt/items/48955137
2026-05-28 07:43:50,빌라투룸,48935815,매매,05,경기도 시흥시 은행동,시흥시,은행동,29500,0,29500,56.38,17.05,4,허위매물에 더이상 속지마세요 신축급 3룸 최다보유중,https://www.zigbang.com/home/apt/items/48935815
2026-05-28 07:43:50,빌라투룸,48861843,매매,05,경기도 시흥시 신천동,시흥시,신천동,20500,0,20500,39.47,11.94,6,실입주금2000  방3화2 엘베o,https://www.zigbang.com/home/apt/items/48861843
2026-05-28 07:43:52,빌라투룸,49169845,월세,04,인천시 서구 오류동,서구,오류동,5000,45,0,55,16.64,2,귀한 준신축 투룸 월세입니다. 놓치지마세요. 보증금조율O,https://www.zigbang.com/home/apt/items/49169845
2026-05-28 07:43:52,빌라투룸,49152022,월세,05,인천시 서구 오류동,서구,오류동,2000,80,0,60,18.15,2,오류동 귀한쓰리룸 월세 준신축 컨디션최고 방3화장실2,https://www.zigbang.com/home/apt/items/49152022
2026-05-28 07:43:52,빌라투룸,49098576,월세,05,인천시 서구 오류동,서구,오류동,500,80,0,49.5,14.97,4,"당근.BEST.오류동 귀한 넓은 쓰리룸 방3,화2",https://www.zigbang.com/home/apt/items/49098576
2026-05-28 07:43:52,빌라투룸,49006849,월세,05,인천시 서구 오류동,서구,오류동,1000,80,0,70,21.17,2,Top 3룸 넓어요 깔끔OK 조용한동네 Top,https://www.zigbang.com/home/apt/items/49006849
2026-05-28 07:43:52,빌라투룸,48756120,월세,04,인천시 서구 오류동,서구,오류동,2000,75,0,57,17.24,3,라미.신축..대형투룸...풀옵션..천장형에어컨..엘베o,https://www.zigbang.com/home/apt/items/48756120
2026-05-28 07:43:55,빌라투룸,49036548,월세,04,서울시 강서구 방화동,강서구,방화동,200,80,0,27.04,8.18,5,한달한달 월세내는 투룸 저보증금 단기매물,https://www.zigbang.com/home/apt/items/49036548
2026-05-28 07:43:55,빌라투룸,49021352,매매,06,서울시 강서구 방화동,강서구,방화동,59800,0,59800,84.15,25.46,6,방화역5호선 도보 5분 5룸 자주식주차,https://www.zigbang.com/home/apt/items/49021352
2026-05-28 07:43:55,빌라투룸,48954916,매매,05,서울시 강서구 방화동,강서구,방화동,21000,0,21000,35.37,10.7,2,엘o 방화역 초역세 쓰리룸 안보면 손헤,https://www.zigbang.com/home/apt/items/48954916
2026-05-28 07:43:55,빌라투룸,48892795,매매,05,서울시 강서구 방화동,강서구,방화동,66150,0,66150,68.02,20.58,5,"신축아파트.방화역,신방화역 도보 7분.초,중,고 도보 7분",https://www.zigbang.com/home/apt/items/48892795
2026-05-28 07:43:55,빌라투룸,48837099,매매,04,서울시 강서구 방화동,강서구,방화동,20000,0,20000,24.87,7.52,2,초급매물건입니다 준신축 투룸 엘베ok주차ok 빠른입주가능,https://www.zigbang.com/home/apt/items/48837099
2026-05-28 07:43:54,빌라투룸,49055411,매매,05,경기도 김포시 고촌읍 신곡리,김포시,고촌읍,24800,0,24800,39.84,12.05,3,고촌읍 3룸 실평수 잘 빠졌어요,https://www.zigbang.com/home/apt/items/49055411
2026-05-28 07:43:54,빌라투룸,49047195,매매,05,경기도 김포시 고촌읍 신곡리,김포시,고촌읍,24800,0,24800,59.94,18.13,5,100프로 실매물 최저 실입주금 상담가능,https://www.zigbang.com/home/apt/items/49047195
2026-05-28 07:43:54,빌라투룸,48954960,매매,05,경기도 김포시 고촌읍 신곡리,김포시,고촌읍,24500,0,24500,58.14,17.59,5,서울진출입 최고 고촌역 2억대 유일한 3룸,https://www.zigbang.com/home/apt/items/48954960
2026-05-28 07:43:55,빌라투룸,48864934,월세,05,경기도 고양시 덕양구 덕은동,고양시 덕양구,덕은동,3000,140,0,54.17,16.39,3,햇살좋은 넓은3룸 엘베 에어컨 빠른입주,https://www.zigbang.com/home/apt/items/48864934
2026-05-28 07:43:55,빌라투룸,49149581,매매,05,경기도 수원시 권선구 호매실동,수원시 권선구,호매실동,11000,0,11000,46.91,14.19,2,호매실동 최저가 컨디션좋은3룸 입주금1천부터 대출상담환영,https://www.zigbang.com/home/apt/items/49149581
2026-05-28 07:43:55,빌라투룸,49073036,월세,05,경기도 수원시 권선구 호매실동,수원시 권선구,호매실동,8000,15,0,49.74,15.05,1,"7월중순입주, 3룸 욕실1개,깨끗하게 관리된집,",https://www.zigbang.com/home/apt/items/49073036
2026-05-28 07:43:55,빌라투룸,49058637,전세,04,경기도 수원시 권선구 호매실동,수원시 권선구,호매실동,16000,0,0,70,21.17,2,넓은 투룸 입니다,https://www.zigbang.com/home/apt/items/49058637
2026-05-28 07:43:55,빌라투룸,49058379,전세,05,경기도 수원시 권선구 호매실동,수원시 권선구,호매실동,29000,0,0,70,21.17,4,복층과 옥상 테라스가 있음,https://www.zigbang.com/home/apt/items/49058379
2026-05-28 07:43:55,빌라투룸,49055519,전세,05,경기도 수원시 권선구 호매실동,수원시 권선구,호매실동,29000,0,0,123.2,37.27,4,"뷰가 아름다운 주인세대,6월말입주,4층독채,보증보험가능",https://www.zigbang.com/home/apt/items/49055519
2026-05-28 07:43:55,빌라투룸,49055316,매매,05,경기도 수원시 권선구 금곡동,수원시 권선구,금곡동,190000,0,190000,175.6,53.12,1,"최상의 단독주택,편백인테리어,최상의 인테리어,채광좋은집",https://www.zigbang.com/home/apt/items/49055316
2026-05-28 07:43:55,빌라투룸,49055283,전세,04,경기도 수원시 권선구 호매실동,수원시 권선구,호매실동,18000,0,0,55.72,16.86,2,"채광좋은 투룸,구조 좋고,살기 편한집,즉시입주가능.",https://www.zigbang.com/home/apt/items/49055283
2026-05-28 07:43:55,빌라투룸,49055241,전세,05,경기도 수원시 권선구 호매실동,수원시 권선구,호매실동,29000,0,0,123.21,37.27,4,"6월입주,채광좋은 탁트인남향뷰,넓은거실,넓은옥탑방,테라스",https://www.zigbang.com/home/apt/items/49055241
2026-05-28 07:43:55,빌라투룸,48928585,전세,05,경기도 수원시 권선구 호매실동,수원시 권선구,호매실동,18000,0,0,70,21.17,2,"거실에서 뷰가좋음
현재 공실임",https://www.zigbang.com/home/apt/items/48928585
2026-05-28 07:43:55,빌라투룸,48845630,전세,04,경기도 수원시 권선구 금곡동,수원시 권선구,금곡동,6000,0,0,37.88,11.46,3,베란다가 있는 빌라임,https://www.zigbang.com/home/apt/items/48845630
2026-05-28 07:43:56,빌라투룸,49092151,전세,05,경기도 의왕시 이동,의왕시,이동,25000,0,0,64.77,19.59,2,ForU 융자말소조건O보증보험. 넓고 깨끗한 첫입주 쓰리룸,https://www.zigbang.com/home/apt/items/49092151
2026-05-28 07:43:56,빌라투룸,49092136,전세,05,경기도 의왕시 이동,의왕시,이동,25000,0,0,68.87,20.83,2,ForU 요즘 진짜 찾기 힘든 보증보험 신축 쓰리룸,https://www.zigbang.com/home/apt/items/49092136
2026-05-28 07:43:56,빌라투룸,49067950,매매,06,경기도 수원시 장안구 파장동,수원시 장안구,파장동,46000,0,46000,80.4,24.32,5,수일초등학교 도보 5분 경기과학고 10분내 인접,https://www.zigbang.com/home/apt/items/49067950
2026-05-28 07:43:55,빌라투룸,48878002,월세,04,경기도 수원시 권선구 구운동,수원시 권선구,구운동,500,40,0,46.28,14.0,1,구조좋은 투룸으로 정류장1분거리의 안전한집,https://www.zigbang.com/home/apt/items/48878002
2026-05-28 07:43:55,빌라투룸,48864831,월세,04,경기도 수원시 장안구 송죽동,수원시 장안구,송죽동,1000,55,0,49.58,15.0,3,에어컨옵션.1번국도 깨끗한투룸.빠른입주이사협의,https://www.zigbang.com/home/apt/items/48864831
2026-05-28 07:43:55,빌라투룸,48842520,월세,04,경기도 수원시 장안구 송죽동,수원시 장안구,송죽동,6000,30,0,57.05,17.26,2,방2 화장실1 바로 입주가능 애견불가,https://www.zigbang.com/home/apt/items/48842520
2026-05-28 07:43:55,빌라투룸,48801570,월세,05,경기도 수원시 권선구 서둔동,수원시 권선구,서둔동,1000,55,0,46.28,14.0,1,서둔동 넓고 가성비좋은 쓰리룸 매물,https://www.zigbang.com/home/apt/items/48801570
2026-05-28 07:43:55,빌라투룸,48790429,월세,05,경기도 수원시 권선구 서둔동,수원시 권선구,서둔동,2000,50,0,65,19.66,2,쓰리룸 저렴한 월세,https://www.zigbang.com/home/apt/items/48790429
2026-05-28 07:43:55,빌라투룸,48788738,월세,04,경기도 수원시 권선구 구운동,수원시 권선구,구운동,2000,55,0,50,15.12,2,"정류장인근,남향,입주조절,일부수리,넓은집",https://www.zigbang.com/home/apt/items/48788738
2026-05-28 07:43:55,빌라투룸,48776034,월세,04,경기도 수원시 장안구 정자동,수원시 장안구,정자동,1200,62,0,49,14.82,4,에이벨ㅣ전입가능ㅣ빠른입주ㅣ가성비투룸ㅣ조용한주택가ㅣ정자동,https://www.zigbang.com/home/apt/items/48776034
2026-05-28 07:43:55,빌라투룸,48766141,월세,05,경기도 수원시 권선구 구운동,수원시 권선구,구운동,2000,30,0,60,18.15,반지하,"공실,월세 저렴,방3",https://www.zigbang.com/home/apt/items/48766141
2026-05-28 07:43:55,빌라투룸,48714319,전세,04,경기도 수원시 권선구 구운동,수원시 권선구,구운동,6000,0,0,47,14.22,반지하,"깨끗한 투룸,2년전 올수리,융자없음",https://www.zigbang.com/home/apt/items/48714319
2026-05-28 07:43:55,빌라투룸,48393243,월세,04,경기도 수원시 권선구 구운동,수원시 권선구,구운동,500,35,0,47,14.22,반지하,"깔끔,반지층,공실",https://www.zigbang.com/home/apt/items/48393243
2026-05-28 07:43:55,빌라투룸,48216470,월세,04,경기도 수원시 권선구 구운동,수원시 권선구,구운동,500,40,0,45,13.61,반지하,"공실, 옵션,정류장 도보 1분",https://www.zigbang.com/home/apt/items/48216470
2026-05-28 07:43:56,빌라투룸,48870638,월세,05,경기도 수원시 장안구 송죽동,수원시 장안구,송죽동,3000,70,0,68,20.57,2,만석공원 인근 귀한 쓰리룸 월세,https://www.zigbang.com/home/apt/items/48870638
2026-05-28 07:43:56,빌라투룸,48870579,월세,04,경기도 수원시 장안구 송죽동,수원시 장안구,송죽동,300,30,0,33,9.98,반지하,만석공원 인근 저렴한 투룸 월세,https://www.zigbang.com/home/apt/items/48870579
2026-05-28 07:43:56,빌라투룸,48870078,월세,04,경기도 수원시 장안구 송죽동,수원시 장안구,송죽동,1000,40,0,38,11.49,2,홈플러스 인근 저렴한 단독주택 투룸 월세,https://www.zigbang.com/home/apt/items/48870078
2026-05-28 07:43:56,빌라투룸,48870056,월세,04,경기도 수원시 장안구 조원동,수원시 장안구,조원동,7000,45,0,49.59,15.0,3,"반려동물, 주차1대 수성중사거리 인근 투룸 월세",https://www.zigbang.com/home/apt/items/48870056
2026-05-28 07:43:56,빌라투룸,48856216,월세,04,경기도 수원시 팔달구 교동,수원시 팔달구,교동,2000,82,0,50,15.12,2,.R.옵션있는 투룸 수원역.매교역 교통좋아요 전입O,https://www.zigbang.com/home/apt/items/48856216
2026-05-28 07:43:56,빌라투룸,48855074,매매,05,경기도 수원시 장안구 조원동,수원시 장안구,조원동,25500,0,25500,48.88,14.79,3,조원동 쓰리룸 19년식 신축급 쓰리룸,https://www.zigbang.com/home/apt/items/48855074
2026-05-28 07:43:57,빌라투룸,49129568,월세,04,경기도 용인시 수지구 풍덕천동,용인시 수지구,풍덕천동,13000,50,0,46.62,14.1,1,수지구청역.죽전역.동천역차량5분 마당있는 넓은2룸보증보험O,https://www.zigbang.com/home/apt/items/49129568
2026-05-28 07:43:57,빌라투룸,49129563,전세,04,경기도 용인시 수지구 신봉동,용인시 수지구,신봉동,16000,0,0,38.47,11.64,2,"이마트,서수지IC차량5분 밝고,깨끗한풀옵션2룸융자X,전입O",https://www.zigbang.com/home/apt/items/49129563
2026-05-28 07:43:57,빌라투룸,49120580,전세,04,경기도 용인시 수지구 신봉동,용인시 수지구,신봉동,18000,0,0,45,13.61,3,"융무 , 깨끗한 투룸",https://www.zigbang.com/home/apt/items/49120580
2026-05-28 07:43:57,빌라투룸,49049432,전세,05,경기도 용인시 수지구 성복동,용인시 수지구,성복동,40600,0,0,51.02,15.43,2,귀한 3룸 전세집 HUG에서 보증보험 가능한 안전한 전세,https://www.zigbang.com/home/apt/items/49049432
2026-05-28 07:43:57,빌라투룸,49167453,월세,05,경기도 의왕시 오전동,의왕시,오전동,3000,110,0,74.89,22.65,2,주변환경조용한 넓은 3룸,https://www.zigbang.com/home/apt/items/49167453
2026-05-28 07:43:57,빌라투룸,49153900,전세,04,경기도 의왕시 포일동,의왕시,포일동,22000,0,0,48,14.52,2,"V. 빠른 입주 가능, 채광 우수한  밝은 투룸",https://www.zigbang.com/home/apt/items/49153900
2026-05-28 07:43:57,빌라투룸,49153107,월세,04,경기도 안양시 동안구 호계동,안양시 동안구,호계동,15500,15,0,60,18.15,2,샷시까지 올수리 중으로  현재 욕실과 문짝과 틀 수리 상태,https://www.zigbang.com/home/apt/items/49153107
2026-05-28 07:43:57,빌라투룸,49152284,월세,04,경기도 안양시 동안구 호계동,안양시 동안구,호계동,1000,50,0,52,15.73,반지하,반지층이지만 채광도 괜찮은 편이며  주변 환경아주 좋습니다,https://www.zigbang.com/home/apt/items/49152284
2026-05-28 07:43:57,빌라투룸,49151460,전세,05,경기도 의왕시 내손동,의왕시,내손동,33000,0,0,73.17,22.13,2,백운호수 복층 야외 테라스 3룸 팬션급 실거주 세컨하우스,https://www.zigbang.com/home/apt/items/49151460
2026-05-28 07:43:57,빌라투룸,49150800,전세,05,경기도 의왕시 포일동,의왕시,포일동,32000,0,0,82.76,25.03,2,우리 I 복층빌라 I 대출0 I 보증보험0 I 융무,https://www.zigbang.com/home/apt/items/49150800
2026-05-28 07:43:57,빌라투룸,49149589,전세,04,경기도 의왕시 청계동,의왕시,청계동,25000,0,0,84,25.41,4,청계스타벅스 앞 투룸 전세,https://www.zigbang.com/home/apt/items/49149589
2026-05-28 07:43:57,빌라투룸,49118925,월세,04,경기도 안양시 동안구 호계동,안양시 동안구,호계동,2000,70,0,53,16.03,2,"갈산동 거실겸주방 넓은 2룸, 8월 입주",https://www.zigbang.com/home/apt/items/49118925
2026-05-28 07:43:57,빌라투룸,49115114,월세,05,경기도 의왕시 포일동,의왕시,포일동,28400,10,0,49.59,15.0,3,W 보증보험가능한 쓰리룸 빌라 W,https://www.zigbang.com/home/apt/items/49115114
2026-05-28 07:43:57,빌라투룸,49034035,전세,05,경기도 의왕시 청계동,의왕시,청계동,23900,0,0,71.18,21.53,1,W 보증보험 가능한 3룸 전세 W,https://www.zigbang.com/home/apt/items/49034035
2026-05-28 07:43:57,빌라투룸,48980062,매매,05,경기도 의왕시 포일동,의왕시,포일동,36500,0,36500,47.34,14.32,3,실매물 인증ㅣ3룸2화장실ㅣ허위근절ㅣ맞춤투어ㅣ금리상담,https://www.zigbang.com/home/apt/items/48980062
2026-05-28 07:43:57,빌라투룸,48947112,월세,04,경기도 안양시 동안구 호계동,안양시 동안구,호계동,3000,70,0,46.28,14.0,2,"평촌학원가 남향  깨끗한 2룸 전세, 에어컨옵션",https://www.zigbang.com/home/apt/items/48947112
2026-05-28 07:43:57,빌라투룸,48946526,월세,05,경기도 의왕시 포일동,의왕시,포일동,30000,15,0,82.76,25.03,2,W 전세대출가능한 복층 쓰리룸 채광좋은 집 W,https://www.zigbang.com/home/apt/items/48946526
2026-05-28 07:43:57,빌라투룸,48899689,월세,04,경기도 안양시 동안구 평촌동,안양시 동안구,평촌동,1000,65,0,45,13.61,1,"귀인중학교 인근 착한월세, 전입불가, 1년계약가능",https://www.zigbang.com/home/apt/items/48899689
2026-05-28 07:43:57,빌라투룸,48834594,전세,04,경기도 의왕시 포일동,의왕시,포일동,24000,0,0,64.43,19.49,2,"보증보험가능,전세대출가능,6월말부터 입주협의",https://www.zigbang.com/home/apt/items/48834594
2026-05-28 07:43:57,빌라투룸,49140343,매매,05,경기도 의왕시 학의동,의왕시,학의동,30500,0,30500,49.54,14.99,4,엘베OKㅣ3룸ㅣ다양한 매물 금리상담으로 완벽한 내집 찾기,https://www.zigbang.com/home/apt/items/49140343
2026-05-28 07:43:57,빌라투룸,49092725,매매,04,경기도 의왕시 학의동,의왕시,학의동,24200,0,24200,43.15,13.05,2,준신축급매물 넓은 투룸 저금리 기금대출가능 막힘없는 집,https://www.zigbang.com/home/apt/items/49092725
2026-05-28 07:43:57,빌라투룸,49075499,월세,05,경기도 의왕시 학의동,의왕시,학의동,5000,130,0,68.24,20.64,2,"융무,멋진개천뷰,편의시설인접,천장에어컨풀,붙박이장,위치굿굿",https://www.zigbang.com/home/apt/items/49075499
2026-05-28 07:43:57,빌라투룸,49032043,전세,06,경기도 의왕시 학의동,의왕시,학의동,55000,0,0,116.59,35.27,4,"보증보험가,주인세대복층,넓은테라스2,풀에어컨,수납짱,방4,",https://www.zigbang.com/home/apt/items/49032043
2026-05-28 07:43:57,빌라투룸,49031776,월세,06,경기도 의왕시 학의동,의왕시,학의동,20000,180,0,116.59,35.27,4,"주인세대복층,넓은테라스2,롯데몰옆주택단지,풀에어컨,방4화3",https://www.zigbang.com/home/apt/items/49031776
2026-05-28 07:43:57,빌라투룸,48976697,전세,05,경기도 의왕시 학의동,의왕시,학의동,40000,0,0,75.65,22.88,3,"보증보험가능,롯데몰옆조용한주택단지,넓은거실과넓은방,붙박이장",https://www.zigbang.com/home/apt/items/48976697
2026-05-28 07:43:57,빌라투룸,48857022,월세,06,경기도 의왕시 학의동,의왕시,학의동,20000,200,0,140.39,42.47,4,"주인세대,복층구조,넓은테라스 중정있는이쁜구조,에어컨풀,방4",https://www.zigbang.com/home/apt/items/48857022
2026-05-28 07:43:57,빌라투룸,48848572,전세,04,경기도 의왕시 학의동,의왕시,학의동,30000,0,0,59.82,18.1,2,"융무,대출,보증보험가,귀한투룸전세,안방붙박이장,한쪽트인뷰",https://www.zigbang.com/home/apt/items/48848572
2026-05-28 07:43:57,빌라투룸,48953076,전세,05,경기도 성남시 분당구 운중동,성남시 분당구,운중동,47000,0,0,84,25.41,3,교통이 편리한쓰리룸,https://www.zigbang.com/home/apt/items/48953076
2026-05-28 07:43:58,빌라투룸,49137065,매매,05,경기도 의왕시 청계동,의왕시,청계동,28000,0,28000,50.88,15.39,2,청계동 3룸 테라스 준신축 신축급 컨디션 다용도실2,https://www.zigbang.com/home/apt/items/49137065
2026-05-28 07:43:58,빌라투룸,49047063,매매,05,경기도 의왕시 청계동,의왕시,청계동,33900,0,33900,49.18,14.88,2,실매물 인증ㅣ3룸 2화장실ㅣ허위근절ㅣ맞춤투어ㅣ금리상담,https://www.zigbang.com/home/apt/items/49047063
2026-05-28 07:43:58,빌라투룸,49119020,월세,04,경기도 성남시 수정구 금토동,성남시 수정구,금토동,2000,120,0,59,17.85,2,조용한주택 가투룸,https://www.zigbang.com/home/apt/items/49119020
2026-05-28 07:43:58,빌라투룸,49079255,월세,05,경기도 성남시 수정구 상적동,성남시 수정구,상적동,5000,140,0,70,21.17,3,조용한주택가쓰리룸,https://www.zigbang.com/home/apt/items/49079255
2026-05-28 07:43:58,빌라투룸,49169718,월세,04,경기도 용인시 기흥구 동백동,용인시 기흥구,동백동,3000,80,0,66.12,20.0,2,2룸 월세입니다.,https://www.zigbang.com/home/apt/items/49169718
2026-05-28 07:43:58,빌라투룸,49152655,전세,05,경기도 용인시 기흥구 중동,용인시 기흥구,중동,23000,0,0,74.5,22.54,1,"LH대출,버팀목대출, 보증보험 가능한 깔끔한 3룸 귀한전세",https://www.zigbang.com/home/apt/items/49152655
2026-05-28 07:43:58,빌라투룸,49137254,매매,05,경기도 용인시 기흥구 중동,용인시 기흥구,중동,21000,0,21000,47.13,14.26,2,초등학교 도보 3분 가성비 좋은 깨끗하고 깔끔한 3룸 매매,https://www.zigbang.com/home/apt/items/49137254
2026-05-28 07:43:58,빌라투룸,49062096,매매,05,경기도 용인시 기흥구 중동,용인시 기흥구,중동,23000,0,23000,63.43,19.19,5,전세금으로 내집마련 신축 실평수27평형대 적은실입주금,https://www.zigbang.com/home/apt/items/49062096
2026-05-28 07:43:58,빌라투룸,49027556,매매,05,경기도 용인시 기흥구 중동,용인시 기흥구,중동,25900,0,25900,74.5,22.54,1,실매물입니다 밝은채광 신축급3룸 실입주금1000만원가능,https://www.zigbang.com/home/apt/items/49027556
2026-05-28 07:43:58,빌라투룸,49000186,월세,05,경기도 용인시 기흥구 동백동,용인시 기흥구,동백동,3000,130,0,105.79,32.0,3,3룸 주인세대 월세입니다,https://www.zigbang.com/home/apt/items/49000186
2026-05-28 07:43:58,빌라투룸,48999390,월세,05,경기도 용인시 기흥구 동백동,용인시 기흥구,동백동,3000,120,0,90,27.22,3,넓은 귀한 3룸 월세입니다보증금조정가능,https://www.zigbang.com/home/apt/items/48999390
2026-05-28 07:43:58,빌라투룸,48986921,매매,05,경기도 용인시 기흥구 중동,용인시 기흥구,중동,19000,0,19000,57.7,17.45,2,실평수30평형대3룸 아파트형구조 거실 방사이즈 모두 좋아요,https://www.zigbang.com/home/apt/items/48986921
2026-05-28 07:43:58,빌라투룸,48986623,매매,05,경기도 용인시 기흥구 중동,용인시 기흥구,중동,23500,0,23500,73.08,22.11,2,전세금으로 내집마련 대단지 아파트인근 주변공원 즉시입주가능,https://www.zigbang.com/home/apt/items/48986623
2026-05-28 07:43:58,빌라투룸,48874366,매매,04,경기도 용인시 기흥구 중동,용인시 기흥구,중동,18000,0,18000,48.75,14.75,4,전세금액으로 내집마련 넓고 깔끔한 2룸 남향 뷰 좋음,https://www.zigbang.com/home/apt/items/48874366
2026-05-28 07:43:58,빌라투룸,48860045,매매,05,경기도 용인시 기흥구 동백동,용인시 기흥구,동백동,26900,0,26900,48.03,14.53,4,21년준신축 깔끔 쓰리룸 주차만빵 위치최고의 집,https://www.zigbang.com/home/apt/items/48860045
2026-05-28 07:43:58,빌라투룸,48710676,매매,05,경기도 용인시 기흥구 중동,용인시 기흥구,중동,25000,0,25000,50.85,15.38,5,남향 층고 좋고 깔끔한 3룸복층  욕실3 주방2,https://www.zigbang.com/home/apt/items/48710676
2026-05-28 07:43:58,빌라투룸,49143822,월세,05,경기도 광주시 능평동,광주시,능평동,3000,170,0,84.55,25.58,1,"테라스,전원풍 산,나무,타운하우스,재택근무,사무실,주차2",https://www.zigbang.com/home/apt/items/49143822
2026-05-28 07:43:58,빌라투룸,49140911,매매,05,경기도 광주시 능평동,광주시,능평동,23800,0,23800,92.25,27.91,반지하,능평동방3화2 실입주금1000만원부터 가능한현장,https://www.zigbang.com/home/apt/items/49140911
2026-05-28 07:43:58,빌라투룸,49130104,매매,05,경기도 광주시 능평동,광주시,능평동,26500,0,26500,62.91,19.03,2,100프로 실매물 최저 실입주금 상담가능,https://www.zigbang.com/home/apt/items/49130104
2026-05-28 07:43:58,빌라투룸,49034116,월세,05,경기도 용인시 처인구 모현읍 능원리,용인시 처인구,모현읍,300,125,0,63.98,19.35,1,ㅡㅡ이사날짜확인부탁ㅣ단기가능ㅣ보증금조절Xㅣ,https://www.zigbang.com/home/apt/items/49034116
2026-05-28 07:43:58,빌라투룸,48980246,매매,06,경기도 광주시 신현동,광주시,신현동,32000,0,32000,68.81,20.81,1,신현동 4룸 준신축 테라스 마당 엄청 넓은 집,https://www.zigbang.com/home/apt/items/48980246
2026-05-28 07:43:58,빌라투룸,48853446,매매,05,경기도 광주시 신현동,광주시,신현동,25800,0,25800,61.6,18.63,2,최저입주금진행 3룸 인테리어 최상 첫입주 새집,https://www.zigbang.com/home/apt/items/48853446
2026-05-28 07:43:58,빌라투룸,49147839,월세,05,경기도 용인시 처인구 포곡읍 둔전리,용인시 처인구,포곡읍,1000,60,0,72,21.78,3,방3화2 깨끗 학군교통편의시설경전철 모두굿 예쁘고환한집,https://www.zigbang.com/home/apt/items/49147839
2026-05-28 07:43:58,빌라투룸,49133925,매매,05,경기도 용인시 처인구 포곡읍 둔전리,용인시 처인구,포곡읍,11200,0,11200,85,25.71,5,학군 교통편의시설 경전철  신원 아파트 바로 옆 즉시,https://www.zigbang.com/home/apt/items/49133925
2026-05-28 07:43:58,빌라투룸,49097307,매매,05,경기도 용인시 처인구 포곡읍 둔전리,용인시 처인구,포곡읍,23900,0,23900,72.71,21.99,4,아이키우기 너무좋은 럭셔리쓰리룸,https://www.zigbang.com/home/apt/items/49097307
2026-05-28 07:43:58,빌라투룸,49043997,매매,05,경기도 용인시 처인구 포곡읍 둔전리,용인시 처인구,포곡읍,11500,0,11500,64.08,19.38,4,o올수리o 저렴하게 매매할수있는 3룸 대출상담환영,https://www.zigbang.com/home/apt/items/49043997
2026-05-28 07:43:58,빌라투룸,48975284,매매,05,경기도 용인시 처인구 포곡읍 전대리,용인시 처인구,포곡읍,25300,0,25300,67.78,20.5,4,실사진실매물  상태좋은 이쁜집 준신축 도로변 가까운 평지,https://www.zigbang.com/home/apt/items/48975284
2026-05-28 07:43:58,빌라투룸,48933156,월세,04,경기도 용인시 처인구 포곡읍 전대리,용인시 처인구,포곡읍,2000,65,0,60,18.15,4,엘베 있는 투룸,https://www.zigbang.com/home/apt/items/48933156
2026-05-28 07:43:59,빌라투룸,49158423,월세,05,경기도 광주시 문형동,광주시,문형동,2000,80,0,52.54,15.89,2,실매물실사진 귀한 월세 성남권분당권 깔끔한 넓은평수 단지형,https://www.zigbang.com/home/apt/items/49158423
2026-05-28 07:43:59,빌라투룸,49151164,월세,05,경기도 광주시 능평동,광주시,능평동,14900,15,0,57.24,17.32,2,"HUG보증보험,LH,GH,버팀목,광역버스,죽전역6분",https://www.zigbang.com/home/apt/items/49151164
2026-05-28 07:43:59,빌라투룸,49126986,매매,05,경기도 광주시 능평동,광주시,능평동,21800,0,21800,54.51,16.49,1,준신축급 개별창고 테라스 저금리 기금대출가능,https://www.zigbang.com/home/apt/items/49126986
2026-05-28 07:43:59,빌라투룸,49122893,매매,05,경기도 광주시 문형동,광주시,문형동,16900,0,16900,56.16,16.99,3,실매물실사진 급매물 넓은평수 성남권 분당권 깔끔함,https://www.zigbang.com/home/apt/items/49122893
2026-05-28 07:43:59,빌라투룸,49094963,매매,05,경기도 광주시 문형동,광주시,문형동,26500,0,26500,60.14,18.19,2,크리스마스 선물집 너무 이쁜 준신축 넓은평수 실매물실사진,https://www.zigbang.com/home/apt/items/49094963
2026-05-28 07:43:59,빌라투룸,49069011,매매,05,경기도 광주시 능평동,광주시,능평동,24800,0,24800,55.12,16.67,3,능평동 23년식 3룸 급매신축급 컨디션이 아니라 그냥 신축,https://www.zigbang.com/home/apt/items/49069011
2026-05-28 07:43:59,빌라투룸,49049430,매매,05,경기도 광주시 능평동,광주시,능평동,26500,0,26500,55.12,16.67,3,신혼부부들게 강추하는 인테리어 이뿐 주변대비 저렴한 3룸,https://www.zigbang.com/home/apt/items/49049430
2026-05-28 07:43:59,빌라투룸,49024269,매매,06,경기도 광주시 문형동,광주시,문형동,16500,0,16500,128,38.72,1,실매물실사진 대형평수 정원 텃밭 산책로 힐링하는 귀한매물,https://www.zigbang.com/home/apt/items/49024269
2026-05-28 07:43:59,빌라투룸,49024090,매매,05,경기도 광주시 문형동,광주시,문형동,11500,0,11500,78.66,23.79,1,실매물실사진 도로변 성남권분당권 조용하고 상태좋음 넓은평수,https://www.zigbang.com/home/apt/items/49024090
2026-05-28 07:43:59,빌라투룸,49020153,매매,05,경기도 광주시 능평동,광주시,능평동,20000,0,20000,66.46,20.1,1,신축급 컨디션 유지 중 대출 걱정하지 마시고 연락 주세요,https://www.zigbang.com/home/apt/items/49020153
2026-05-28 07:43:59,빌라투룸,49011177,매매,05,경기도 광주시 문형동,광주시,문형동,15900,0,15900,59.13,17.89,2,실매물실사진 성남권 분당권 조용하고 상태좋음 넓은평수,https://www.zigbang.com/home/apt/items/49011177
2026-05-28 07:43:59,빌라투룸,48975577,전세,05,경기도 용인시 처인구 모현읍 동림리,용인시 처인구,모현읍,38000,0,0,111.96,33.87,3,"HUG보증보험가능,신축 복층타운하우스,재택근무,전원풍,힐링",https://www.zigbang.com/home/apt/items/48975577
2026-05-28 07:43:59,빌라투룸,48975279,매매,05,경기도 광주시 문형동,광주시,문형동,16500,0,16500,52.54,15.89,3,실매물실사진 층별단독세대 급매물빌라 개별창고있음 도로변근처,https://www.zigbang.com/home/apt/items/48975279
2026-05-28 07:43:59,빌라투룸,48940367,매매,05,경기도 용인시 처인구 모현읍 동림리,용인시 처인구,모현읍,22500,0,22500,47.81,14.46,2,넓은 쓰리룸 적은실입주금 고민하지말고 문의주세요,https://www.zigbang.com/home/apt/items/48940367
2026-05-28 07:43:59,빌라투룸,48899294,매매,05,경기도 광주시 문형동,광주시,문형동,17900,0,17900,54.33,16.43,3,실사진실매물 상태좋은 넓은주차장 평지에위치 인기짱 빌라,https://www.zigbang.com/home/apt/items/48899294
2026-05-28 07:43:59,빌라투룸,49160503,매매,05,경기도 용인시 처인구 포곡읍 둔전리,용인시 처인구,포곡읍,10000,0,10000,59.5,18.0,2,해잘들고 올수리 깨끗  둔전초와gs사이 주차굿 옵션있음,https://www.zigbang.com/home/apt/items/49160503
2026-05-28 07:43:59,빌라투룸,49133924,전세,04,경기도 용인시 처인구 포곡읍 삼계리,용인시 처인구,포곡읍,11000,0,0,40,12.1,2,주차좋고 환승구역 전세금 대출 안됨  방2베란다,https://www.zigbang.com/home/apt/items/49133924
2026-05-28 07:43:59,빌라투룸,49041314,매매,05,경기도 용인시 처인구 포곡읍 둔전리,용인시 처인구,포곡읍,25000,0,25000,73.27,22.16,2,최저입주금 신축 한세대남은 액기스 매물,https://www.zigbang.com/home/apt/items/49041314
2026-05-28 07:43:59,빌라투룸,48670204,매매,06,경기도 광주시 태전동,광주시,태전동,22000,0,22000,56.72,17.16,5,"현재 공실, 구조 잘빠지고, 뷰좋은  복층매물",https://www.zigbang.com/home/apt/items/48670204
2026-05-28 07:43:59,빌라투룸,49138577,매매,06,경기도 광주시 태전동,광주시,태전동,23000,0,23000,56.25,17.02,4,실매물ㅣ허위근절ㅣ다양한 매물 금리상담으로 완벽한 내집 찾기,https://www.zigbang.com/home/apt/items/49138577
2026-05-28 07:43:59,빌라투룸,49115390,매매,05,경기도 광주시 양벌동,광주시,양벌동,18900,0,18900,70.2,21.24,1,"정원같은 마당 단독사용, 2층높이의 1층, 학세권,편의시설",https://www.zigbang.com/home/apt/items/49115390
2026-05-28 07:43:59,빌라투룸,49086250,매매,06,경기도 광주시 태전동,광주시,태전동,23500,0,23500,56.25,17.02,4,태전동 복층 올수리 4룸 화2 급급매 매물,https://www.zigbang.com/home/apt/items/49086250
2026-05-28 07:43:59,빌라투룸,49020804,매매,05,경기도 광주시 양벌동,광주시,양벌동,15500,0,15500,48.2,14.58,1,"대로변 도보5분 거리, 관리상태 A급, 숲이 보이는 거실뷰",https://www.zigbang.com/home/apt/items/49020804
2026-05-28 07:43:59,빌라투룸,48977154,매매,06,경기도 광주시 매산동,광주시,매산동,25500,0,25500,141.33,42.75,4,급매로나온 성남권 분당권 넓은대형평수 실매물실사진 주차2대,https://www.zigbang.com/home/apt/items/48977154
2026-05-28 07:43:59,빌라투룸,48975313,매매,04,경기도 광주시 장지동,광주시,장지동,16500,0,16500,49.53,14.98,2,실사진실매물 위치좋은 상태 깔끔한 빌라 평지에위치 인기짱,https://www.zigbang.com/home/apt/items/48975313
2026-05-28 07:43:59,빌라투룸,48935191,매매,05,경기도 광주시 양벌동,광주시,양벌동,13500,0,13500,52.2,15.79,2,"광주전철역 버스환승 편리, 대로변 도보2분, 2층 로얄층",https://www.zigbang.com/home/apt/items/48935191
2026-05-28 07:43:59,빌라투룸,48890258,매매,05,경기도 광주시 장지동,광주시,장지동,17900,0,17900,59.76,18.08,4,실사진실매물 위치좋은 상태 깔끔한 넓은평수 빌라 평지에위치,https://www.zigbang.com/home/apt/items/48890258
2026-05-28 07:43:59,빌라투룸,48763276,매매,05,경기도 광주시 양벌동,광주시,양벌동,15500,0,15500,47.58,14.39,2,"대로변 버스정류장 도보3분, 양벌초 도보권",https://www.zigbang.com/home/apt/items/48763276
2026-05-28 07:44:00,빌라투룸,48876013,월세,04,서울시 관악구 봉천동,관악구,봉천동,13000,45,0,37,11.19,3,3층. 깔끔. 풀옵션 투룸,https://www.zigbang.com/home/apt/items/48876013
2026-05-28 07:44:00,빌라투룸,48875619,월세,04,서울시 관악구 봉천동,관악구,봉천동,24900,9,0,22.17,6.71,9,HUG 허그 보증보험ㅣ낙성대역 역세권ㅣ탑층,https://www.zigbang.com/home/apt/items/48875619
2026-05-28 07:44:00,빌라투룸,48875361,매매,05,서울시 관악구 봉천동,관악구,봉천동,29500,0,29500,52.23,15.8,2,낙성대역 6분거리 지분 큰  3룸 빌라,https://www.zigbang.com/home/apt/items/48875361
2026-05-28 07:44:00,빌라투룸,48837908,월세,04,서울시 관악구 봉천동,관악구,봉천동,18000,15,0,33,9.98,3,"낙성대역.은행대출,보증보험.방2화1.풀옵션.",https://www.zigbang.com/home/apt/items/48837908
2026-05-28 07:44:00,빌라투룸,48832679,월세,05,서울시 서초구 방배동,서초구,방배동,20000,80,0,52.89,16.0,1,"내방역과방배역중간,깔끔한쓰리룸,주차가능",https://www.zigbang.com/home/apt/items/48832679
2026-05-28 07:44:00,빌라투룸,48803208,매매,05,서울시 관악구 봉천동,관악구,봉천동,46500,0,46500,64.35,19.47,2,나홀로아파트 채광양호 주차 엘베,https://www.zigbang.com/home/apt/items/48803208
2026-05-28 07:44:00,빌라투룸,48683277,월세,04,서울시 서초구 방배동,서초구,방배동,27000,30,0,29.79,9.01,1,방배동거주권 가성비투룸 보증보험,https://www.zigbang.com/home/apt/items/48683277
2026-05-28 07:44:00,빌라투룸,48674763,월세,04,서울시 관악구 봉천동,관악구,봉천동,5000,90,0,43,13.01,1,낙성대역 올리모델링 투룸,https://www.zigbang.com/home/apt/items/48674763
2026-05-28 07:44:00,빌라투룸,48431237,매매,05,서울시 관악구 남현동,관악구,남현동,57000,0,57000,53.87,16.3,1,사당역 신축 3룸 고급빌라 특가,https://www.zigbang.com/home/apt/items/48431237
2026-05-28 07:44:02,빌라투룸,48914546,월세,04,서울시 성동구 행당동,성동구,행당동,3000,110,0,39.38,11.91,4,전입 불가 합니다.  왕십리역도보7분이내  근생입니다.,https://www.zigbang.com/home/apt/items/48914546
2026-05-28 07:44:02,빌라투룸,48907291,전세,04,서울시 동대문구 용두동,동대문구,용두동,12000,0,0,40,12.1,반지하,LH전세가능  전세대출가능  방2 용두역세권 융자없음,https://www.zigbang.com/home/apt/items/48907291
2026-05-28 07:44:02,빌라투룸,48892364,전세,04,서울시 성동구 하왕십리동,성동구,하왕십리동,27000,0,0,20.42,6.18,5,상왕십리역 초역세권 안심전세 모든대출 보증보험 가능,https://www.zigbang.com/home/apt/items/48892364
2026-05-28 07:44:02,빌라투룸,48890341,월세,04,서울시 성동구 사근동,성동구,사근동,15000,38,0,38.36,11.6,2,전세가능.남향2층.신축컨디션.무융자,https://www.zigbang.com/home/apt/items/48890341
2026-05-28 07:44:02,빌라투룸,48884155,매매,04,서울시 중구 신당동,중구,신당동,42800,0,42800,29.99,9.07,2,"신축,풀옵션갭투자",https://www.zigbang.com/home/apt/items/48884155
2026-05-28 07:44:02,빌라투룸,48877391,월세,04,서울시 중구 황학동,중구,황학동,10000,50,0,40.2,12.16,3,신당역3분.입주전수리예정.전세대출X.수리후사진개재.실12평,https://www.zigbang.com/home/apt/items/48877391
2026-05-28 07:44:02,빌라투룸,48771467,월세,05,서울시 중구 신당동,중구,신당동,13000,50,0,61.79,18.69,반지하,"숙박업 안됨,, 방 3, 방도 거실도 큰 집",https://www.zigbang.com/home/apt/items/48771467
2026-05-28 07:44:02,빌라투룸,48760583,매매,05,서울시 용산구 한남동,용산구,한남동,355000,0,355000,115.84,35.04,2,"1층1세대 하이엔드 베레사한남 한남3,4구역 개발호재",https://www.zigbang.com/home/apt/items/48760583
2026-05-28 07:44:02,빌라투룸,48742652,매매,04,서울시 중구 신당동,중구,신당동,38000,0,38000,25.79,7.8,5,"투룸, 실8평, 엘리베이터, 1층도어락, 부분옵션, 베란다",https://www.zigbang.com/home/apt/items/48742652
2026-05-28 07:44:02,빌라투룸,48716914,전세,04,서울시 성동구 행당동,성동구,행당동,29000,0,0,25.29,7.65,3,"좋은소형빌라,방2칸,가전일부, 6월15일일부터, 반려동물0",https://www.zigbang.com/home/apt/items/48716914
2026-05-28 07:44:02,빌라투룸,48681370,월세,04,서울시 성동구 도선동,성동구,도선동,5000,165,0,35.83,10.84,12,풀옵션 신축 투룸 전입신고 가능 뻥뷰 즉시입주가능,https://www.zigbang.com/home/apt/items/48681370
2026-05-28 07:43:49,빌라투룸,48845520,매매,04,경기도 안산시 상록구 이동,안산시 상록구,이동,13300,0,13300,42.12,12.74,5,한대앞역도보15분인근방과거실이넓고채광까지좋은이동투룸빌라매매,https://www.zigbang.com/home/apt/items/48845520
2026-05-28 07:43:49,빌라투룸,48843774,매매,05,경기도 안산시 상록구 이동,안산시 상록구,이동,26500,0,26500,65.46,19.8,3,상록수역세권빌라 도보5분이내 매화초3분거리4년된준신축,https://www.zigbang.com/home/apt/items/48843774
2026-05-28 07:43:49,빌라투룸,48773994,월세,05,경기도 안산시 상록구 이동,안산시 상록구,이동,2000,65,0,66.12,20.0,4,추천ㅡ반전세가능 남향쓰리룸 상록수7분 공실 컨디션굿 채광굿,https://www.zigbang.com/home/apt/items/48773994
2026-05-28 07:43:49,빌라투룸,48730626,매매,05,경기도 안산시 상록구 이동,안산시 상록구,이동,26500,0,26500,65.46,19.8,3,엘베 상록수역 2022년식 완벽한3룸빌라.초등학교3분,https://www.zigbang.com/home/apt/items/48730626
2026-05-28 07:44:02,빌라투룸,48743159,전세,05,서울시 성북구 하월곡동,성북구,하월곡동,20000,0,0,50,15.12,2,ㅇ 생활권최고 넓은 방3 상가주택,https://www.zigbang.com/home/apt/items/48743159
2026-05-28 07:44:02,빌라투룸,48697570,월세,04,서울시 동대문구 용두동,동대문구,용두동,1000,80,0,42,12.7,반지하,풀옵션 뽀송반지하 제기역역세권 투룸,https://www.zigbang.com/home/apt/items/48697570
2026-05-28 07:44:02,빌라투룸,48678092,월세,05,서울시 종로구 혜화동,종로구,혜화동,4000,150,0,73.13,22.12,2,남향집으로 환기와 채광 좋은 조용한 주택가 3룸,https://www.zigbang.com/home/apt/items/48678092
2026-05-28 07:44:02,빌라투룸,48650632,월세,04,서울시 성북구 하월곡동,성북구,하월곡동,1000,50,0,39.66,12.0,1,"가격 저렴한 방2,거실1 월세,즉시 입주,미아사거리역 8분",https://www.zigbang.com/home/apt/items/48650632
2026-05-28 07:44:02,빌라투룸,48340412,매매,04,서울시 성북구 정릉동,성북구,정릉동,22000,0,22000,28.78,8.71,2,o신축 2룸o 엘베oㅣ방2화1ㅣ주차굿ㅣ즉시입주가능,https://www.zigbang.com/home/apt/items/48340412
2026-05-28 07:44:02,빌라투룸,48313242,매매,04,서울시 성북구 하월곡동,성북구,하월곡동,31000,0,31000,45.51,13.77,2,"전용면적 넓은 빌라 투룸, 월곡역5분, 초역세권, 정남향",https://www.zigbang.com/home/apt/items/48313242
2026-05-28 07:44:02,빌라투룸,48247974,전세,04,서울시 종로구 동숭동,종로구,동숭동,25000,0,0,36.14,10.93,4,"채광좋은 투룸 .  혜화역,  동숭동",https://www.zigbang.com/home/apt/items/48247974
2026-05-28 07:44:02,빌라투룸,48239902,매매,05,서울시 성북구 하월곡동,성북구,하월곡동,42000,0,42000,46.65,14.11,6,"전망 좋은 신축급 빌라 쓰리룸, 엘베, 상태 최상급",https://www.zigbang.com/home/apt/items/48239902
2026-05-28 07:44:02,빌라투룸,48140334,매매,04,서울시 성북구 동선동4가,성북구,동선동4가,28000,0,28000,29.73,8.99,9,o성신여대입구역 2룸o 초역세권 뻥뷰 풀옵션 즉시입주가능,https://www.zigbang.com/home/apt/items/48140334
2026-05-28 07:44:02,빌라투룸,48028360,매매,05,서울시 성북구 돈암동,성북구,돈암동,34000,0,34000,41.12,12.44,2,o성신여대입구역 3룸o 방3화1 햇살좋은 관리잘된 3룸,https://www.zigbang.com/home/apt/items/48028360
2026-05-28 07:44:06,빌라투룸,49167670,전세,05,경기도 하남시 망월동,하남시,망월동,38000,0,0,69,20.87,1,"복층 3룸,화장실2개,Full시에어컨,애완동물,바로입주",https://www.zigbang.com/home/apt/items/49167670
2026-05-28 07:44:06,빌라투룸,49167315,전세,05,경기도 하남시 망월동,하남시,망월동,38000,0,0,59,17.85,3,"가성비 좋은 3룸, 애완동물가능, 7월입주",https://www.zigbang.com/home/apt/items/49167315
2026-05-28 07:44:06,빌라투룸,49167291,월세,05,경기도 하남시 망월동,하남시,망월동,25000,100,0,69,20.87,3,"테라스,복층3룸,화3,시에어컨,붙박이장,애완동물,6월입주",https://www.zigbang.com/home/apt/items/49167291
2026-05-28 07:44:06,빌라투룸,49098805,월세,05,경기도 하남시 망월동,하남시,망월동,20000,210,0,75,22.69,2,"에어컨5대, 조용한 단독주택가, 주인세대 쓰리룸, 황토방",https://www.zigbang.com/home/apt/items/49098805
2026-05-28 07:44:06,빌라투룸,48876346,매매,05,경기도 하남시 망월동,하남시,망월동,260000,0,260000,85,25.71,2,따뜻한 정남향 4세대 복층구조 총 보증금 18억 갭투자가능,https://www.zigbang.com/home/apt/items/48876346
2026-05-28 07:44:06,빌라투룸,48876342,매매,05,경기도 하남시 망월동,하남시,망월동,320000,0,320000,85,25.71,3,실 입주가능 총보증금 12억7000만원 대지평수 108평,https://www.zigbang.com/home/apt/items/48876342
2026-05-28 07:44:06,빌라투룸,48876327,매매,05,경기도 하남시 망월동,하남시,망월동,320000,0,320000,84,25.41,2,인테리어 퀄리티높음 실입주 총보증금15억1000 월세220,https://www.zigbang.com/home/apt/items/48876327
2026-05-28 07:44:06,빌라투룸,48876312,매매,06,경기도 하남시 망월동,하남시,망월동,240000,0,240000,84,25.41,2,실입주가능 총보증금 9.9억 정남향 코너위치 엘리베이터0K,https://www.zigbang.com/home/apt/items/48876312
2026-05-28 07:44:06,빌라투룸,48876302,매매,06,경기도 하남시 망월동,하남시,망월동,290000,0,290000,85,25.71,3,"인테리어굿 4가구 필로티 주차편리 총 보증금 1,780억원",https://www.zigbang.com/home/apt/items/48876302
2026-05-28 07:44:06,빌라투룸,48876246,매매,06,경기도 하남시 망월동,하남시,망월동,260000,0,260000,273.73,82.8,1,나만의 1가구단독세대 정남향 조경 잘 조성된 독립된단독주택,https://www.zigbang.com/home/apt/items/48876246
2026-05-28 07:44:06,빌라투룸,48865701,전세,05,경기도 하남시 망월동,하남시,망월동,38000,0,0,60,18.15,3,"귀한 쓰리룸 전세, 구조 좋음, 반려동물 가능",https://www.zigbang.com/home/apt/items/48865701
2026-05-28 07:44:06,빌라투룸,49149587,매매,04,경기도 남양주시 와부읍 도곡리,남양주시,와부읍,12500,0,12500,49.05,14.84,1,도심역 3분 컨디션좋은2룸 입주금1천부터,https://www.zigbang.com/home/apt/items/49149587
2026-05-28 07:44:06,빌라투룸,49149547,매매,05,경기도 김포시 대곶면 율생리,김포시,대곶면,13500,0,13500,42.67,12.91,4,대곶초중고 5분 컨디션좋은3룸 입주금1천부터 대출상담환영,https://www.zigbang.com/home/apt/items/49149547
2026-05-28 07:44:06,빌라투룸,49081812,매매,05,경기도 김포시 대곶면 율생리,김포시,대곶면,18500,0,18500,56.56,17.11,3,100프로 실매물 최저 실입주금 상담가능,https://www.zigbang.com/home/apt/items/49081812
2026-05-28 07:44:07,빌라투룸,49152049,매매,05,경기도 김포시 통진읍 서암리,김포시,통진읍,14200,0,14200,50.7,15.34,2,통진초인근 방3화2 최저가 급매,https://www.zigbang.com/home/apt/items/49152049
2026-05-28 07:44:07,빌라투룸,49143708,전세,05,경기도 김포시 통진읍 마송리,김포시,통진읍,18000,0,0,59.6,18.03,6,"D1 버팀목0 HUG,HF보증보험O, 넓은거실과 3룸,화2",https://www.zigbang.com/home/apt/items/49143708
2026-05-28 07:44:07,빌라투룸,49135294,매매,05,경기도 김포시 통진읍 마송리,김포시,통진읍,14000,0,14000,45.72,13.83,1,"최저실입주금OK, 외국인대출OK 방3화2",https://www.zigbang.com/home/apt/items/49135294
2026-05-28 07:44:07,빌라투룸,49133696,매매,05,경기도 김포시 통진읍 서암리,김포시,통진읍,13000,0,13000,53.76,16.26,3,대단지 준신축 쓰리룸,https://www.zigbang.com/home/apt/items/49133696
2026-05-28 07:44:07,빌라투룸,49133695,매매,05,경기도 김포시 통진읍 서암리,김포시,통진읍,13500,0,13500,54.48,16.48,1,서암리 준신축 쓰리룸,https://www.zigbang.com/home/apt/items/49133695
2026-05-28 07:44:07,빌라투룸,49097172,매매,05,경기도 김포시 통진읍 서암리,김포시,통진읍,15900,0,15900,56.26,17.02,2,서암리 신축급 방3 화2 고급 쓰리룸 빌라입니다,https://www.zigbang.com/home/apt/items/49097172
2026-05-28 07:44:07,빌라투룸,49084942,전세,05,경기도 김포시 통진읍 마송리,김포시,통진읍,18000,0,0,59.6,18.03,3,u1 허그안심대출 보증보험0  3룸 화2 아파텔 인프라굿,https://www.zigbang.com/home/apt/items/49084942
2026-05-28 07:44:07,빌라투룸,49065285,매매,05,경기도 김포시 통진읍 서암리,김포시,통진읍,14500,0,14500,50.7,15.34,2,실입주금 2000만원부터 채광좋은 쓰리룸이에요,https://www.zigbang.com/home/apt/items/49065285
2026-05-28 07:44:07,빌라투룸,49047121,매매,05,경기도 김포시 통진읍 서암리,김포시,통진읍,19500,0,19500,54.17,16.39,4,넓은 3룸 최저입주금진행,https://www.zigbang.com/home/apt/items/49047121
2026-05-28 07:44:07,빌라투룸,49041288,매매,05,경기도 김포시 통진읍 서암리,김포시,통진읍,15900,0,15900,56.26,17.02,2,100프로 실매물 최저 실입주금 상담가능,https://www.zigbang.com/home/apt/items/49041288
2026-05-28 07:44:07,빌라투룸,48927932,전세,05,경기도 김포시 통진읍 마송리,김포시,통진읍,18000,0,0,59.6,18.03,4,"HH 무융자O버팀목O 신축급 방3화2, 대출가능 보증보험O",https://www.zigbang.com/home/apt/items/48927932
2026-05-28 07:44:07,빌라투룸,48871955,매매,05,경기도 김포시 통진읍 서암리,김포시,통진읍,19000,0,19000,54.17,16.39,4,서암리 럭셔리한 신축급3룸,https://www.zigbang.com/home/apt/items/48871955
2026-05-28 07:44:07,빌라투룸,49133700,매매,05,경기도 김포시 통진읍 도사리,김포시,통진읍,12500,0,12500,48.54,14.68,4,도사리 준신축 쓰리룸,https://www.zigbang.com/home/apt/items/49133700
2026-05-28 07:44:07,빌라투룸,49097443,매매,05,경기도 김포시 통진읍 도사리,김포시,통진읍,19500,0,19500,65.14,19.7,2,도사리 럭셔리한 쓰리룸,https://www.zigbang.com/home/apt/items/49097443
2026-05-28 07:44:07,빌라투룸,49027443,매매,05,경기도 김포시 통진읍 도사리,김포시,통진읍,14900,0,14900,66.41,20.09,1,실매물입니다 단지형 신축급3룸 최저실입주금 1000만원부터,https://www.zigbang.com/home/apt/items/49027443
2026-05-28 07:44:08,빌라투룸,49113230,월세,05,경기도 고양시 일산서구 덕이동,고양시 일산서구,덕이동,50,70,0,54.87,16.6,2,공실공실 단기단기 월세월세,https://www.zigbang.com/home/apt/items/49113230
2026-05-28 07:44:08,빌라투룸,49079782,월세,05,경기도 고양시 일산서구 덕이동,고양시 일산서구,덕이동,50,75,0,49.42,14.95,4,공실공실 단기단기 월세월세,https://www.zigbang.com/home/apt/items/49079782
2026-05-28 07:44:08,빌라투룸,49065440,월세,05,경기도 고양시 일산서구 대화동,고양시 일산서구,대화동,3000,70,0,54.03,16.34,3,전용면적 넓은 3R2W의 저렴한 빌라 월세 소개합니다,https://www.zigbang.com/home/apt/items/49065440
2026-05-28 07:44:08,빌라투룸,49054334,매매,05,경기도 고양시 일산서구 대화동,고양시 일산서구,대화동,19000,0,19000,52.64,15.92,2,o급매물o 대화동 급매물 준신축3룸입니다 최저실입주금 환영,https://www.zigbang.com/home/apt/items/49054334
2026-05-28 07:44:08,빌라투룸,49046902,매매,05,경기도 고양시 일산서구 덕이동,고양시 일산서구,덕이동,16000,0,16000,52.51,15.88,1,최저실입진행 채광좋은 최저가쓰리룸입니다,https://www.zigbang.com/home/apt/items/49046902
2026-05-28 07:44:08,빌라투룸,49039472,매매,05,경기도 고양시 일산서구 덕이동,고양시 일산서구,덕이동,16800,0,16800,50.59,15.3,3,준신축 특가 저금리기금대출가능 엘베유 뻥뷰,https://www.zigbang.com/home/apt/items/49039472
2026-05-28 07:44:08,빌라투룸,49027188,매매,05,경기도 고양시 일산서구 대화동,고양시 일산서구,대화동,23200,0,23200,58.36,17.65,2,실매물 인증ㅣ3룸2화장실ㅣ허위근절ㅣ매물비교ㅣ금리상담,https://www.zigbang.com/home/apt/items/49027188
2026-05-28 07:44:08,빌라투룸,48934319,매매,05,경기도 고양시 일산서구 덕이동,고양시 일산서구,덕이동,16500,0,16500,52.09,15.76,1,덕이동 3룸 준신축 컨디션 최고입니다,https://www.zigbang.com/home/apt/items/48934319
2026-05-28 07:44:08,빌라투룸,48893428,매매,05,경기도 고양시 일산서구 대화동,고양시 일산서구,대화동,21000,0,21000,45.36,13.72,2,학세권 신축급컨디션 쓰리룸입니다 문의주세요,https://www.zigbang.com/home/apt/items/48893428
2026-05-28 07:44:08,빌라투룸,48846248,월세,05,경기도 고양시 일산서구 대화동,고양시 일산서구,대화동,13000,23,0,50.2,15.19,3,대화동 쓰리룸 깨끗한 빌라,https://www.zigbang.com/home/apt/items/48846248
2026-05-28 07:44:09,빌라투룸,49161889,월세,04,경기도 고양시 일산동구 마두동,고양시 일산동구,마두동,2000,75,0,58.5,17.7,2,"남향이라 햇살좋고 ,수리깨끗.주방공간이 넓고 구조좋아요",https://www.zigbang.com/home/apt/items/49161889
2026-05-28 07:44:09,빌라투룸,49151607,매매,05,경기도 고양시 덕양구 토당동,고양시 덕양구,토당동,39500,0,39500,45.23,13.68,4,능곡역세권 최저가 3룸화2 급매,https://www.zigbang.com/home/apt/items/49151607
2026-05-28 07:44:09,빌라투룸,49131823,월세,05,경기도 고양시 일산동구 백석동,고양시 일산동구,백석동,20000,30,0,99,29.95,3,특급 올수리 한 독채,https://www.zigbang.com/home/apt/items/49131823
2026-05-28 07:44:09,빌라투룸,49112775,월세,05,경기도 고양시 일산동구 백석동,고양시 일산동구,백석동,10000,160,0,103.4,31.28,1,전철 역세권에1개인 단독주택 정원유.,https://www.zigbang.com/home/apt/items/49112775
2026-05-28 07:44:09,빌라투룸,49111135,전세,04,경기도 고양시 일산동구 마두동,고양시 일산동구,마두동,8000,0,0,50,15.12,2,올 수리함 남향 코너 햇빛 잘듬,https://www.zigbang.com/home/apt/items/49111135
2026-05-28 07:44:09,빌라투룸,49108082,월세,04,경기도 고양시 일산동구 백석동,고양시 일산동구,백석동,500,50,0,42.98,13.0,반지하,특올수리된 반지투룸  알미공원부근 반려동물 안됨 실내금연,https://www.zigbang.com/home/apt/items/49108082
2026-05-28 07:44:09,빌라투룸,49097557,월세,05,경기도 고양시 일산동구 백석동,고양시 일산동구,백석동,10000,80,0,100,30.25,3,신축수준올수리3층3룸입니다.,https://www.zigbang.com/home/apt/items/49097557
2026-05-28 07:44:09,빌라투룸,49097540,전세,05,경기도 고양시 일산동구 백석동,고양시 일산동구,백석동,24000,0,0,100,30.25,3,신축수준올수리3룸입니다.,https://www.zigbang.com/home/apt/items/49097540
2026-05-28 07:44:09,빌라투룸,49096585,매매,05,경기도 고양시 일산동구 풍동,고양시 일산동구,풍동,21000,0,21000,53.87,16.3,1,"풍산역세권,최소실입주금가능,넓은테라스",https://www.zigbang.com/home/apt/items/49096585
2026-05-28 07:44:09,빌라투룸,49065629,월세,04,경기도 고양시 일산동구 백석동,고양시 일산동구,백석동,3000,70,0,52.89,16.0,1,특올수리   큰 거실 방이용시 미니쓰리룸 애완안됨,https://www.zigbang.com/home/apt/items/49065629
2026-05-28 07:44:09,빌라투룸,49028075,매매,05,경기도 고양시 덕양구 토당동,고양시 덕양구,토당동,35500,0,35500,84.19,25.47,6,100프로 실매물 최저 실입주금 상담가능,https://www.zigbang.com/home/apt/items/49028075
2026-05-28 07:44:09,빌라투룸,49025874,매매,05,경기도 고양시 일산동구 풍동,고양시 일산동구,풍동,20500,0,20500,57.67,17.45,1,신축컨디션 방3화2 테라스도잇는세대에요 최저가,https://www.zigbang.com/home/apt/items/49025874
2026-05-28 07:44:09,빌라투룸,49164193,월세,04,경기도 고양시 덕양구 성사동,고양시 덕양구,성사동,1000,50,0,42,12.7,1,"원당역세권,수리하여 아주 깨끗한 투룸.",https://www.zigbang.com/home/apt/items/49164193
2026-05-28 07:44:09,빌라투룸,49161780,월세,04,경기도 고양시 덕양구 성사동,고양시 덕양구,성사동,2000,70,0,42,12.7,3,"원당역세권,특올리모델링 하여 첫입주하는 풀옵션 투룸",https://www.zigbang.com/home/apt/items/49161780
2026-05-28 07:44:09,빌라투룸,49159003,월세,04,경기도 고양시 덕양구 화정동,고양시 덕양구,화정동,500,45,0,46.28,14.0,반지하,올수리 거실 넓은 투룸입니다,https://www.zigbang.com/home/apt/items/49159003
2026-05-28 07:44:09,빌라투룸,49136223,매매,05,경기도 고양시 덕양구 주교동,고양시 덕양구,주교동,28000,0,28000,65.76,19.89,3,신축급 3룸 최저입주금 진행가능 컨디션 최고 입니다,https://www.zigbang.com/home/apt/items/49136223
2026-05-28 07:44:09,빌라투룸,49135787,월세,04,경기도 고양시 덕양구 화정동,고양시 덕양구,화정동,2000,60,0,49.5,14.97,2,넓은투룸 방거실큼 베란다 화정역세권,https://www.zigbang.com/home/apt/items/49135787
2026-05-28 07:44:09,빌라투룸,49135000,월세,04,경기도 고양시 덕양구 화정동,고양시 덕양구,화정동,500,40,0,42.98,13.0,옥탑방,옥탑 풀옵션 미니투룸입니다,https://www.zigbang.com/home/apt/items/49135000
2026-05-28 07:44:09,빌라투룸,49128238,매매,04,경기도 고양시 덕양구 주교동,고양시 덕양구,주교동,16800,0,16800,35.4,10.71,2,최저입주금 진행 올리모델링 컨디션 좋은 투룸 입니다,https://www.zigbang.com/home/apt/items/49128238
2026-05-28 07:44:09,빌라투룸,49109400,월세,04,경기도 고양시 덕양구 화정동,고양시 덕양구,화정동,1000,67,0,42.98,13.0,1,올수리한 투룸월세 화장실 씽크교체  베란다,https://www.zigbang.com/home/apt/items/49109400
2026-05-28 07:44:09,빌라투룸,49109384,전세,04,경기도 고양시 덕양구 화정동,고양시 덕양구,화정동,7000,0,0,56.1,16.97,반지하,넓은투룸 방거실대 베란다 융무 하시,https://www.zigbang.com/home/apt/items/49109384
2026-05-28 07:44:09,빌라투룸,49038109,월세,04,경기도 고양시 덕양구 화정동,고양시 덕양구,화정동,2000,40,0,43.5,13.16,4,풀옵션의 옥탑방 투룸 도배장판 하시,https://www.zigbang.com/home/apt/items/49038109
2026-05-28 07:44:09,빌라투룸,49037855,월세,04,경기도 고양시 덕양구 화정동,고양시 덕양구,화정동,2000,40,0,45.5,13.76,옥탑방,옥탑 단독사용 풀옵션 투룸입니다,https://www.zigbang.com/home/apt/items/49037855
2026-05-28 07:44:09,빌라투룸,49012776,월세,04,경기도 고양시 덕양구 화정동,고양시 덕양구,화정동,1000,67,0,45.2,13.67,1,명지병원 수리 잘된 투룸입니다,https://www.zigbang.com/home/apt/items/49012776
2026-05-28 07:44:09,빌라투룸,48939387,전세,04,경기도 고양시 덕양구 화정동,고양시 덕양구,화정동,14000,0,0,49.59,15.0,2,수리된 넓은 투룸입니다,https://www.zigbang.com/home/apt/items/48939387
2026-05-28 07:44:09,빌라투룸,48766662,월세,04,경기도 고양시 덕양구 화정동,고양시 덕양구,화정동,1000,45,0,43.3,13.1,반지하,수리깨끗한 방큰투룸 에어컨 옵션 하시,https://www.zigbang.com/home/apt/items/48766662
2026-05-28 07:44:09,빌라투룸,49161803,월세,04,경기도 고양시 덕양구 주교동,고양시 덕양구,주교동,300,60,0,45,13.61,2,"풀옵션된 넓고 깨끗한 단기도 가능한 투룸, 500만원55",https://www.zigbang.com/home/apt/items/49161803
2026-05-28 07:44:09,빌라투룸,49161786,전세,05,경기도 고양시 덕양구 주교동,고양시 덕양구,주교동,25400,0,0,57.15,17.29,3,"신축,전세대출 가능,복층,넓은테라스,방3,화2,엘베O,주차",https://www.zigbang.com/home/apt/items/49161786
2026-05-28 07:44:09,빌라투룸,49151446,매매,05,경기도 고양시 덕양구 주교동,고양시 덕양구,주교동,23100,0,23100,55.34,16.74,3,주교동 최저가 방3화2 급매,https://www.zigbang.com/home/apt/items/49151446
2026-05-28 07:44:09,빌라투룸,49096354,매매,05,경기도 고양시 덕양구 주교동,고양시 덕양구,주교동,22500,0,22500,55.34,16.74,2,최저입주금 진행가능 신축급 저렴한 3룸,https://www.zigbang.com/home/apt/items/49096354
2026-05-28 07:44:10,빌라투룸,49161168,전세,04,경기도 고양시 덕양구 신원동,고양시 덕양구,신원동,15000,0,0,48.42,14.65,3,착한가격 보증보험가입가능 공실,https://www.zigbang.com/home/apt/items/49161168
2026-05-28 07:44:10,빌라투룸,49164931,월세,05,경기도 파주시 상지석동,파주시,상지석동,50,60,0,59.92,18.13,3,공실공실 단기단기 월세월세,https://www.zigbang.com/home/apt/items/49164931
2026-05-28 07:44:10,빌라투룸,49149555,매매,05,경기도 파주시 조리읍 대원리,파주시,조리읍,13800,0,13800,51.24,15.5,3,대원초 인접 특리모델링3룸 입주금1천부터 대출상담환,https://www.zigbang.com/home/apt/items/49149555
2026-05-28 07:44:10,빌라투룸,49104609,매매,05,경기도 고양시 일산동구 성석동,고양시 일산동구,성석동,16900,0,16900,69.66,21.07,1,성석동 3룸 초급매 유럽풍 디자인 대단지 빌라,https://www.zigbang.com/home/apt/items/49104609
2026-05-28 07:44:10,빌라투룸,49084222,매매,05,경기도 고양시 일산동구 성석동,고양시 일산동구,성석동,14900,0,14900,55,16.64,2,o급매물o 신축급3룸 실입주금1000만원가능,https://www.zigbang.com/home/apt/items/49084222
2026-05-28 07:44:10,빌라투룸,48958811,매매,05,경기도 고양시 일산동구 성석동,고양시 일산동구,성석동,15000,0,15000,56.72,17.16,2,생활권 위치 굿 준신축 방3화2,https://www.zigbang.com/home/apt/items/48958811
2026-05-28 07:44:10,빌라투룸,48630021,매매,05,경기도 고양시 일산동구 성석동,고양시 일산동구,성석동,16000,0,16000,49.73,15.04,2,2018년식 상태좋은 방3화2,https://www.zigbang.com/home/apt/items/48630021
2026-05-28 07:44:10,빌라투룸,49166106,매매,05,경기도 파주시 금촌동,파주시,금촌동,11800,0,11800,45.54,13.78,2,최저가 금촌역 도보10분 공실 엘리베이터 방3개 욕실2개,https://www.zigbang.com/home/apt/items/49166106
2026-05-28 07:44:10,빌라투룸,49076594,월세,05,경기도 파주시 야동동,파주시,야동동,200,65,0,43.14,13.05,3,한달한달 월세내며 전입되는 3룸 저보증금 단기매물,https://www.zigbang.com/home/apt/items/49076594
2026-05-28 07:44:10,빌라투룸,49070385,매매,05,경기도 파주시 금촌동,파주시,금촌동,11800,0,11800,45.54,13.78,2,초급매 금촌역 엘베O 막힘없는 올수리 방3화2,https://www.zigbang.com/home/apt/items/49070385
2026-05-28 07:44:10,빌라투룸,49048805,매매,05,경기도 파주시 금촌동,파주시,금촌동,15000,0,15000,51.38,15.54,4,o급매물o 상태최상 준신축3룸 실입주금1000만원가능,https://www.zigbang.com/home/apt/items/49048805
2026-05-28 07:44:10,빌라투룸,49034505,매매,06,경기도 파주시 금촌동,파주시,금촌동,26500,0,26500,64.18,19.41,3,3룸가격으로 4룸을 드립니다 신축급컨디션 급매,https://www.zigbang.com/home/apt/items/49034505
2026-05-28 07:44:10,빌라투룸,49030563,매매,05,경기도 파주시 금촌동,파주시,금촌동,21000,0,21000,67.99,20.57,3,무입주금가능ㅣ최저입주금가능ㅣ외국인대출가능ㅣ,https://www.zigbang.com/home/apt/items/49030563
2026-05-28 07:44:10,빌라투룸,49026054,매매,05,경기도 파주시 아동동,파주시,아동동,20000,0,20000,64.17,19.41,4,금촌역세권 인프라좋고 관리잘된 3룸,https://www.zigbang.com/home/apt/items/49026054
2026-05-28 07:44:10,빌라투룸,48977550,매매,05,경기도 파주시 금촌동,파주시,금촌동,15900,0,15900,49.89,15.09,4,실입주금 1000만원 급매건 컨디션최고 방3화2,https://www.zigbang.com/home/apt/items/48977550
2026-05-28 07:44:10,빌라투룸,48959493,매매,05,경기도 파주시 금촌동,파주시,금촌동,16000,0,16000,62.01,18.76,4,엘베  O 준신축 방3화2,https://www.zigbang.com/home/apt/items/48959493
2026-05-28 07:44:10,빌라투룸,48935302,매매,05,경기도 파주시 금촌동,파주시,금촌동,19900,0,19900,57.65,17.44,3,최소실입주금가능합니다 대단지 고급신축3룸,https://www.zigbang.com/home/apt/items/48935302
2026-05-28 07:44:10,빌라투룸,48883291,매매,05,경기도 파주시 야동동,파주시,야동동,15500,0,15500,53.81,16.28,3,"금촌역 차로 6분거리, 실26평, 시스템에어컨, 올리모델링",https://www.zigbang.com/home/apt/items/48883291
2026-05-28 07:44:10,빌라투룸,48397121,매매,05,경기도 파주시 금촌동,파주시,금촌동,23000,0,23000,70.86,21.44,3,대단지 고급신축3룸 실입주금1000만원,https://www.zigbang.com/home/apt/items/48397121
2026-05-28 07:44:11,빌라투룸,49148365,매매,05,경기도 파주시 광탄면 신산리,파주시,광탄면,12000,0,12000,63.2,19.12,1,신산리 준신축 쓰리룸,https://www.zigbang.com/home/apt/items/49148365
2026-05-28 07:44:11,빌라투룸,48901210,전세,04,경기도 파주시 탄현면 법흥리,파주시,탄현면,6000,0,0,45,13.61,1,따뜻하고 안전한 투룸 전세입니다. 깨끗하고 주차가능합니다.,https://www.zigbang.com/home/apt/items/48901210
2026-05-28 07:44:10,빌라투룸,49169294,매매,05,경기도 고양시 덕양구 내유동,고양시 덕양구,내유동,17000,0,17000,56.48,17.09,3,실매물 0 집주인인증 0 방문약속가능,https://www.zigbang.com/home/apt/items/49169294
2026-05-28 07:44:10,빌라투룸,49168139,매매,05,경기도 고양시 덕양구 내유동,고양시 덕양구,내유동,13500,0,13500,38.22,11.56,2,실매물 0 집주인인증 0 방문약속가능,https://www.zigbang.com/home/apt/items/49168139
2026-05-28 07:44:10,빌라투룸,49167393,매매,05,경기도 고양시 덕양구 내유동,고양시 덕양구,내유동,14500,0,14500,59.15,17.89,3,실매물 0 집주인인증 0 방문약속가능,https://www.zigbang.com/home/apt/items/49167393
2026-05-28 07:44:10,빌라투룸,49044174,매매,05,경기도 고양시 덕양구 내유동,고양시 덕양구,내유동,15000,0,15000,50.47,15.27,4,o급매물신축o 저렴하게 매매할수있는 신축3룸 최저입주금환영,https://www.zigbang.com/home/apt/items/49044174
2026-05-28 07:44:10,빌라투룸,49023439,매매,05,경기도 고양시 덕양구 내유동,고양시 덕양구,내유동,17500,0,17500,50.12,15.16,3,최소실입주금가능 내유동 고급빌라 대출상담환영,https://www.zigbang.com/home/apt/items/49023439
2026-05-28 07:44:10,빌라투룸,48963078,매매,06,경기도 고양시 덕양구 관산동,고양시 덕양구,관산동,16000,0,16000,47.12,14.25,4,신축급 컨디션 방4 화3 복층 테라스,https://www.zigbang.com/home/apt/items/48963078
2026-05-28 07:44:10,빌라투룸,48877764,매매,05,경기도 고양시 덕양구 내유동,고양시 덕양구,내유동,18000,0,18000,58.58,17.72,4,허위매물에 더이상 속지마세요 신축급 3룸 최다보유중,https://www.zigbang.com/home/apt/items/48877764
2026-05-28 07:44:10,빌라투룸,48641713,월세,05,경기도 파주시 조리읍 장곡리,파주시,조리읍,50,55,0,58.59,17.72,4,장곡리 가성비 방3화2,https://www.zigbang.com/home/apt/items/48641713
2026-05-28 07:44:13,빌라투룸,48873494,매매,05,경기도 파주시 파주읍 파주리,파주시,파주읍,14000,0,14000,67.04,20.28,3,신축급 컨디션 적은실입주금 고민하지마시고 문의주세요,https://www.zigbang.com/home/apt/items/48873494
2026-05-28 07:44:13,빌라투룸,49149283,매매,05,경기도 파주시 문산읍 문산리,파주시,문산읍,15000,0,15000,53.64,16.23,2,최저입주금 가능합니다 19년식 쓰리룸,https://www.zigbang.com/home/apt/items/49149283
2026-05-28 07:44:13,빌라투룸,49143565,매매,05,경기도 파주시 파주읍 봉서리,파주시,파주읍,15900,0,15900,61.49,18.6,1,최저실입진행 대형평수 방3화2구조에 신축컨디션이에요,https://www.zigbang.com/home/apt/items/49143565
2026-05-28 07:44:13,빌라투룸,48954903,매매,05,경기도 파주시 파주읍 봉서리,파주시,파주읍,16000,0,16000,61.7,18.66,1,"최소실입주금가능,고급단지형빌라,정남향 넓은3룸",https://www.zigbang.com/home/apt/items/48954903
2026-05-28 07:44:13,빌라투룸,48411971,매매,05,경기도 파주시 문산읍 선유리,파주시,문산읍,13000,0,13000,58.1,17.58,3,실입주금 2천만원 문산역 도보권 신축 쓰리룸,https://www.zigbang.com/home/apt/items/48411971
2026-05-28 07:44:13,빌라투룸,49037718,매매,05,경기도 파주시 법원읍 대능리,파주시,법원읍,26500,0,26500,72.16,21.83,1,100프로 실매물 최저 실입주금 상담가능,https://www.zigbang.com/home/apt/items/49037718
2026-05-28 07:44:14,빌라투룸,48879922,매매,05,서울시 성북구 정릉동,성북구,정릉동,38300,0,38300,43.85,13.26,3,ㅣ정릉동 역세권ㅣ로열층 3룸ㅣ대출 상담 풀가동ㅣ,https://www.zigbang.com/home/apt/items/48879922
2026-05-28 07:44:15,빌라투룸,49133831,매매,05,경기도 양주시 장흥면 일영리,양주시,장흥면,14500,0,14500,43.51,13.16,2,일영리 쓰리룸 매매,https://www.zigbang.com/home/apt/items/49133831
2026-05-28 07:44:15,빌라투룸,49048338,매매,05,경기도 양주시 장흥면 일영리,양주시,장흥면,18900,0,18900,79.41,24.02,6,o대형평수 급매물o 적은실입주금 대출가능한 넓은준신축3룸,https://www.zigbang.com/home/apt/items/49048338
2026-05-28 07:44:15,빌라투룸,49149563,매매,05,경기도 양주시 장흥면 부곡리,양주시,장흥면,19900,0,19900,63.08,19.08,3,은평20분 컨디션좋은 3룸 안방드레스룸 입주금1500부터,https://www.zigbang.com/home/apt/items/49149563
2026-05-28 07:44:16,빌라투룸,49026038,매매,05,경기도 양주시 백석읍 복지리,양주시,백석읍,14000,0,14000,65.95,19.95,3,1억대 관리잘된 신축급 구조좋은 3룸입니다,https://www.zigbang.com/home/apt/items/49026038
2026-05-28 07:44:16,빌라투룸,49166148,매매,05,경기도 의정부시 금오동,의정부시,금오동,20800,0,20800,72.73,22.0,4,l 초대형 3룸 l 팬트리 굿 l 신축 첫 입주 l,https://www.zigbang.com/home/apt/items/49166148
2026-05-28 07:44:16,빌라투룸,49166040,매매,05,경기도 의정부시 금오동,의정부시,금오동,21500,0,21500,53.8,16.27,2,금오중 도보1분 깔끔하고 넓은쓰리룸 최저입주금 문의주세요,https://www.zigbang.com/home/apt/items/49166040
2026-05-28 07:44:16,빌라투룸,49087034,월세,04,경기도 의정부시 가능동,의정부시,가능동,500,40,0,39,11.8,1,강아지 되는 투룸 입주하시,https://www.zigbang.com/home/apt/items/49087034
2026-05-28 07:44:16,빌라투룸,49039700,매매,05,경기도 의정부시 금오동,의정부시,금오동,16900,0,16900,46.89,14.18,4,최저실입가능 ㅣ 외국인대출가능 ㅣ 엘베있음 ㅣ 디딤돌,https://www.zigbang.com/home/apt/items/49039700
2026-05-28 07:44:16,빌라투룸,48902482,월세,05,경기도 의정부시 금오동,의정부시,금오동,2000,95,0,49.27,14.9,5,의정부 준신축 쓰리룸 빌라,https://www.zigbang.com/home/apt/items/48902482
2026-05-28 07:44:16,빌라투룸,48676133,매매,05,경기도 의정부시 금오동,의정부시,금오동,22000,0,22000,69.97,21.17,7,의정부 최저실입주금 정남향 단지형 고급 쓰리룸,https://www.zigbang.com/home/apt/items/48676133
2026-05-28 07:44:16,빌라투룸,48540594,매매,05,경기도 의정부시 금오동,의정부시,금오동,20800,0,20800,71.57,21.65,5,신축  초특가 3룸,https://www.zigbang.com/home/apt/items/48540594
2026-05-28 07:44:17,빌라투룸,48942352,전세,05,경기도 구리시 사노동,구리시,사노동,25000,0,0,74,22.38,2,조용한 숲세권 정원있는 집  쓰리룸 공기좋음,https://www.zigbang.com/home/apt/items/48942352
2026-05-28 07:44:17,빌라투룸,49166096,월세,04,경기도 남양주시 별내동,남양주시,별내동,2000,85,0,49,14.82,2,초역세권 투룸월세,https://www.zigbang.com/home/apt/items/49166096
2026-05-28 07:44:17,빌라투룸,49163898,월세,05,경기도 남양주시 별내동,남양주시,별내동,3000,100,0,56,16.94,3,별내별가람역 역세권 3룸. 월세 입주 협의 가능.,https://www.zigbang.com/home/apt/items/49163898
2026-05-28 07:44:17,빌라투룸,49133308,전세,06,경기도 남양주시 별내동,남양주시,별내동,30000,0,0,100,30.25,4,"즉시입주가능, 복층 주인세대, 황토방시공, 깨끗하고 햇빛굿",https://www.zigbang.com/home/apt/items/49133308
2026-05-28 07:44:17,빌라투룸,49115492,전세,04,경기도 남양주시 별내동,남양주시,별내동,18000,0,0,50,15.12,2,저렴한 2룸. 융무. 별내별가람역 도보 이용 가능.,https://www.zigbang.com/home/apt/items/49115492
2026-05-28 07:44:17,빌라투룸,49099906,월세,05,경기도 남양주시 별내동,남양주시,별내동,13000,30,0,50,15.12,4,융무. 별가람역 인근 모든 대출 되는 복층형 3룸 테라스O,https://www.zigbang.com/home/apt/items/49099906
2026-05-28 07:44:17,빌라투룸,49096497,월세,04,경기도 남양주시 별내동,남양주시,별내동,13000,30,0,49.5,14.97,4,"별가람역 엘베있는 4층 투룸,융자없는 집,내부복층",https://www.zigbang.com/home/apt/items/49096497
2026-05-28 07:44:17,빌라투룸,49074930,월세,04,경기도 남양주시 별내동,남양주시,별내동,3000,90,0,45,13.61,3,별가람역 인근 3룸 빠른 입주 가능.,https://www.zigbang.com/home/apt/items/49074930
2026-05-28 07:44:17,빌라투룸,49074826,전세,05,경기도 남양주시 별내동,남양주시,별내동,35000,0,0,54.52,16.49,2,식송마을 채광 좋은 3룸.,https://www.zigbang.com/home/apt/items/49074826
2026-05-28 07:44:17,빌라투룸,49067686,월세,04,경기도 남양주시 별내동,남양주시,별내동,3000,90,0,46,13.91,3,"별가람역 바로 앞 투룸 월세, 빠른입주 가능",https://www.zigbang.com/home/apt/items/49067686
2026-05-28 07:44:17,빌라투룸,49067470,월세,04,경기도 남양주시 별내동,남양주시,별내동,18000,20,0,52.8,15.97,3,"엘베있는 채광 좋은 투룸,별가람역 도보",https://www.zigbang.com/home/apt/items/49067470
2026-05-28 07:44:17,빌라투룸,48542063,월세,04,경기도 남양주시 별내동,남양주시,별내동,18000,20,0,53,16.03,3,별내별가람역 인근 넓은 2룸. 엘베 有. 구조 좋아요.,https://www.zigbang.com/home/apt/items/48542063
2026-05-28 07:44:17,빌라투룸,49133358,전세,04,경기도 남양주시 호평동,남양주시,호평동,9000,0,0,35.64,10.78,4,"역세권, 호평동 이마트 및 상가지역과 가까워 생활편리",https://www.zigbang.com/home/apt/items/49133358
2026-05-28 07:44:17,빌라투룸,49114855,전세,04,경기도 남양주시 호평동,남양주시,호평동,13000,0,0,42.98,13.0,2,전세대출 가능한 호만천 인근 투룸 전세,https://www.zigbang.com/home/apt/items/49114855
2026-05-28 07:44:17,빌라투룸,49099718,월세,05,경기도 남양주시 호평동,남양주시,호평동,10000,130,0,114.53,34.65,3,3츰 단독 사용하는 3룸에 복층,https://www.zigbang.com/home/apt/items/49099718
2026-05-28 07:44:17,빌라투룸,49072381,월세,04,경기도 남양주시 호평동,남양주시,호평동,5000,60,0,42.98,13.0,2,호만천 인근 투룸 월세,https://www.zigbang.com/home/apt/items/49072381
2026-05-28 07:44:17,빌라투룸,49067873,매매,05,경기도 남양주시 평내동,남양주시,평내동,17000,0,17000,57.8,17.48,4,주차컨디션좋은복층 쓰리룸빌라,https://www.zigbang.com/home/apt/items/49067873
2026-05-28 07:44:17,빌라투룸,49030730,매매,05,경기도 남양주시 평내동,남양주시,평내동,17000,0,17000,59.7,18.06,3,"탁 트인 채광과 넓은 거실, 저렴한 가격의 준신축급 빌라",https://www.zigbang.com/home/apt/items/49030730
2026-05-28 07:44:17,빌라투룸,49027547,매매,05,경기도 남양주시 평내동,남양주시,평내동,17000,0,17000,59.7,18.06,3,평내호평역 10분 컨디션좋은3룸 입주금1천부터 대출상담환영,https://www.zigbang.com/home/apt/items/49027547
2026-05-28 07:44:17,빌라투룸,48924043,월세,04,경기도 남양주시 호평동,남양주시,호평동,8000,20,0,46.28,14.0,2,구조좋은 투룸 월세.,https://www.zigbang.com/home/apt/items/48924043
2026-05-28 07:44:17,빌라투룸,48863754,매매,05,경기도 남양주시 호평동,남양주시,호평동,16000,0,16000,45.84,13.87,2,최저실입가능 ㅣ 외국인대출가능 ㅣ 디딤돌 ㅣ 방3 화2,https://www.zigbang.com/home/apt/items/48863754
2026-05-28 07:44:17,빌라투룸,48776503,전세,04,경기도 남양주시 평내동,남양주시,평내동,6500,0,0,43,13.01,1,깔끔한  전세,https://www.zigbang.com/home/apt/items/48776503
2026-05-28 07:44:17,빌라투룸,48665600,전세,05,경기도 남양주시 평내동,남양주시,평내동,16000,0,0,49.59,15.0,1,"깨끗한집, 3룸, 주차가능, 입주협의",https://www.zigbang.com/home/apt/items/48665600
2026-05-28 07:44:17,빌라투룸,48937506,매매,05,경기도 남양주시 호평동,남양주시,호평동,20500,0,20500,55.02,16.64,2,준신축급  잘빠진 3룸 매매,https://www.zigbang.com/home/apt/items/48937506
2026-05-28 07:44:17,빌라투룸,49125749,월세,04,경기도 남양주시 오남읍 오남리,남양주시,오남읍,5000,50,0,33,9.98,4,오남리 투룸전세,https://www.zigbang.com/home/apt/items/49125749
2026-05-28 07:44:17,빌라투룸,49118208,매매,05,경기도 남양주시 오남읍 오남리,남양주시,오남읍,21000,0,21000,59.28,17.93,5,오남초 바로 앞 깔끔한 신축급 쓰리룸입니다,https://www.zigbang.com/home/apt/items/49118208
2026-05-28 07:44:17,빌라투룸,49060536,전세,04,경기도 남양주시 오남읍 오남리,남양주시,오남읍,14000,0,0,42.98,13.0,3,오남리 원룸단지 투룸전세 반전세,https://www.zigbang.com/home/apt/items/49060536
2026-05-28 07:44:17,빌라투룸,49043889,매매,05,경기도 남양주시 오남읍 양지리,남양주시,오남읍,23000,0,23000,59.77,18.08,3,오남역바로앞 초역세권 준신축급매물 구조잘빠진 넓은집 위치굿,https://www.zigbang.com/home/apt/items/49043889
2026-05-28 07:44:17,빌라투룸,49043759,매매,05,경기도 남양주시 오남읍 양지리,남양주시,오남읍,21500,0,21500,55.96,16.93,2,오남역세권 역도보3분거리 신축매물  인근시세대비 저렴해요,https://www.zigbang.com/home/apt/items/49043759
2026-05-28 07:44:17,빌라투룸,48978049,매매,05,경기도 남양주시 오남읍 양지리,남양주시,오남읍,18900,0,18900,75.2,22.75,3,오남역 바로앞 인근 인근동일평형 시세대비 신축급매물 등장,https://www.zigbang.com/home/apt/items/48978049
2026-05-28 07:44:17,빌라투룸,48935239,매매,05,경기도 남양주시 오남읍 양지리,남양주시,오남읍,24800,0,24800,59.73,18.07,2,"오남역세권,엘베ㅇ,넓은3룸,화장실2개",https://www.zigbang.com/home/apt/items/48935239
2026-05-28 07:44:18,빌라투룸,49165958,월세,04,경기도 의정부시 민락동,의정부시,민락동,500,50,0,39.67,12.0,2,넓은 거실이 있는 요즘 귀한 투룸의 월세입니다.,https://www.zigbang.com/home/apt/items/49165958
2026-05-28 07:44:18,빌라투룸,49162391,월세,04,경기도 의정부시 민락동,의정부시,민락동,500,40,0,39,11.8,3,민락동2룸 에어컨1가스렌지옵션 싱크대교체됨 7월입주,https://www.zigbang.com/home/apt/items/49162391
2026-05-28 07:44:18,빌라투룸,49121981,전세,05,경기도 의정부시 민락동,의정부시,민락동,22000,0,0,80,24.2,4,아주 넓은 야외테라스가 있는 주인세대 3룸복층 전세,https://www.zigbang.com/home/apt/items/49121981
2026-05-28 07:44:18,빌라투룸,49075391,월세,04,경기도 의정부시 민락동,의정부시,민락동,1000,65,0,46.28,14.0,2,민락2지구 신축2룸 상태최상엘베주차가능상태최상 8월입주협의,https://www.zigbang.com/home/apt/items/49075391
2026-05-28 07:44:18,빌라투룸,49054214,월세,04,경기도 의정부시 민락동,의정부시,민락동,1000,80,0,45,13.61,3,"깔끔한 거실있는 투룸 l 신혼거주중 l 에어컨,세탁기 옵션",https://www.zigbang.com/home/apt/items/49054214
2026-05-28 07:44:18,빌라투룸,49023419,월세,04,경기도 의정부시 민락동,의정부시,민락동,1000,80,0,47,14.22,3,민락동 귀한풀옵션2룸 7월초입주 상태굿 주차가능,https://www.zigbang.com/home/apt/items/49023419
2026-05-28 07:44:18,빌라투룸,48998871,전세,05,경기도 의정부시 민락동,의정부시,민락동,22000,0,0,80,24.2,4,넓은 야외테라스가 있는 깨끗한 상가주택 3룸복층전세,https://www.zigbang.com/home/apt/items/48998871
2026-05-28 07:44:18,빌라투룸,48988996,전세,05,경기도 의정부시 민락동,의정부시,민락동,27000,0,0,85,25.71,1,융자없는건물 앞마당사용이 가능한 건축5년차 넓은 3룸전세,https://www.zigbang.com/home/apt/items/48988996
2026-05-28 07:44:18,빌라투룸,48940689,월세,05,경기도 의정부시 민락동,의정부시,민락동,2000,80,0,60,18.15,2,"방3 욕실2 l 에어컨 3대, 20Kg 세탁기, 주차",https://www.zigbang.com/home/apt/items/48940689
2026-05-28 07:44:18,빌라투룸,49027492,매매,05,경기도 남양주시 진접읍 내각리,남양주시,진접읍,23500,0,23500,59.58,18.02,4,이쁜인테리어 급매물3룸 적은실입주금 대출가능,https://www.zigbang.com/home/apt/items/49027492
2026-05-28 07:44:18,빌라투룸,48844868,매매,05,경기도 남양주시 진접읍 장현리,남양주시,진접읍,24000,0,24000,59.34,17.95,4,준신축  3룸 특가매매,https://www.zigbang.com/home/apt/items/48844868
2026-05-28 07:44:18,빌라투룸,49144874,월세,04,경기도 남양주시 진접읍 연평리,남양주시,진접읍,5000,100,0,45,13.61,4,연평리 테라스형 투룸,https://www.zigbang.com/home/apt/items/49144874
2026-05-28 07:44:18,빌라투룸,49144626,월세,04,경기도 남양주시 진접읍 연평리,남양주시,진접읍,2000,85,0,39,11.8,4,연평리 신축투룸,https://www.zigbang.com/home/apt/items/49144626
2026-05-28 07:44:18,빌라투룸,49128927,매매,05,경기도 남양주시 오남읍 양지리,남양주시,오남읍,23000,0,23000,54.01,16.34,3,"오남역세권,대단지고급빌라",https://www.zigbang.com/home/apt/items/49128927
2026-05-28 07:44:18,빌라투룸,49097211,매매,05,경기도 남양주시 오남읍 양지리,남양주시,오남읍,19400,0,19400,68.03,20.58,2,남양주오남읍 위치좋은 신축급3룸,https://www.zigbang.com/home/apt/items/49097211
2026-05-28 07:44:18,빌라투룸,49041527,매매,05,경기도 남양주시 오남읍 양지리,남양주시,오남읍,19400,0,19400,68.03,20.58,2,100프로 실매물 최저 실입주금 상담가능,https://www.zigbang.com/home/apt/items/49041527
2026-05-28 07:44:18,빌라투룸,49008107,매매,05,경기도 남양주시 진접읍 장현리,남양주시,진접읍,12000,0,12000,43.14,13.05,4,"급매, 최저입주금, 1억대 방3화2",https://www.zigbang.com/home/apt/items/49008107
2026-05-28 07:44:18,빌라투룸,48894782,전세,04,경기도 남양주시 진접읍 금곡리,남양주시,진접읍,13000,0,0,45,13.61,1,진접역인근 투룸풀옵션,https://www.zigbang.com/home/apt/items/48894782
2026-05-28 07:44:18,빌라투룸,49055512,매매,06,경기도 양주시 백석읍 오산리,양주시,백석읍,16500,0,16500,68.99,20.87,4,o대형포룸o 대가족도 살수있는 신축급4룸 대출상담환영,https://www.zigbang.com/home/apt/items/49055512
2026-05-28 07:44:18,빌라투룸,49169940,매매,05,경기도 양주시 덕계동,양주시,덕계동,12300,0,12300,56.13,16.98,2,강추 l 신축급 컨디션 l 구조굿 l 채광굿 l 내부깔끔,https://www.zigbang.com/home/apt/items/49169940
2026-05-28 07:44:18,빌라투룸,49165640,매매,05,경기도 양주시 덕계동,양주시,덕계동,13500,0,13500,48.53,14.68,4,"방3화1베1. 준신축, 막힘없는뷰, 엘베유",https://www.zigbang.com/home/apt/items/49165640
2026-05-28 07:44:18,빌라투룸,49165604,매매,05,경기도 양주시 덕계동,양주시,덕계동,9800,0,9800,51.69,15.64,3,"방3화1베2. 공실, 올수리",https://www.zigbang.com/home/apt/items/49165604
2026-05-28 07:44:18,빌라투룸,49120271,매매,05,경기도 양주시 덕계동,양주시,덕계동,17500,0,17500,54.91,16.61,2,실입주금 2000 덕계동 최저가매물 방3화2,https://www.zigbang.com/home/apt/items/49120271
2026-05-28 07:44:18,빌라투룸,49084554,매매,05,경기도 양주시 덕계동,양주시,덕계동,14000,0,14000,44.52,13.47,3,"방3화2베1. 준신축. 공실, 엘베유",https://www.zigbang.com/home/apt/items/49084554
2026-05-28 07:44:18,빌라투룸,49039768,매매,05,경기도 양주시 덕계동,양주시,덕계동,14500,0,14500,68.85,20.83,8,초급매물 엘베유 준신축컨디션 최저금리 기금대출진행가능,https://www.zigbang.com/home/apt/items/49039768
2026-05-28 07:44:18,빌라투룸,49037917,매매,06,경기도 양주시 덕계동,양주시,덕계동,24500,0,24500,64.92,19.64,5,넓은옥상공간있는복층. 엘베유,https://www.zigbang.com/home/apt/items/49037917
2026-05-28 07:44:18,빌라투룸,49028533,매매,06,경기도 양주시 덕계동,양주시,덕계동,19900,0,19900,70.25,21.25,4,"방4화2베1. 준신축, 급매",https://www.zigbang.com/home/apt/items/49028533
2026-05-28 07:44:19,빌라투룸,49043389,매매,05,경기도 양주시 고암동,양주시,고암동,15000,0,15000,50.17,15.18,5,덕정역세권 신축급 최저입주금 가능한 3룸입니다,https://www.zigbang.com/home/apt/items/49043389
2026-05-28 07:44:19,빌라투룸,49169335,매매,05,경기도 양주시 덕계동,양주시,덕계동,20500,0,20500,60.85,18.41,4,덕계동 방3 화2 준신축 깔끔한 구조,https://www.zigbang.com/home/apt/items/49169335
2026-05-28 07:44:19,빌라투룸,49137689,매매,05,경기도 양주시 고읍동,양주시,고읍동,25800,0,25800,67.51,20.42,1,oO 실입주 2000만원Oo 28평 고급주택,https://www.zigbang.com/home/apt/items/49137689
2026-05-28 07:44:19,빌라투룸,49137596,월세,06,경기도 양주시 고암동,양주시,고암동,5000,90,0,122.35,37.01,4,"복층개별테라스,바로입주,층고높은다락방,전체바닥 폴리싱타일",https://www.zigbang.com/home/apt/items/49137596
2026-05-28 07:44:19,빌라투룸,49122705,매매,05,경기도 양주시 고읍동,양주시,고읍동,25800,0,25800,69.33,20.97,3,실입주금 2000 25평형 아파트구조 허위매물X,https://www.zigbang.com/home/apt/items/49122705
2026-05-28 07:44:19,빌라투룸,49117025,매매,05,경기도 양주시 덕계동,양주시,덕계동,19800,0,19800,83.22,25.17,2,덕계역도보 13분 저렴한 준신축 방3개 화장실 2개 깔끔,https://www.zigbang.com/home/apt/items/49117025
2026-05-28 07:44:19,빌라투룸,49097262,매매,05,경기도 양주시 덕계동,양주시,덕계동,19900,0,19900,83.23,25.18,2,덕계동 럭셔리한 쓰리룸,https://www.zigbang.com/home/apt/items/49097262
2026-05-28 07:44:19,빌라투룸,49086741,매매,05,경기도 양주시 고읍동,양주시,고읍동,26400,0,26400,68.65,20.77,2,"최저실입 ,신축 큰쓰리룸, 7호선 개통예정",https://www.zigbang.com/home/apt/items/49086741
2026-05-28 07:44:19,빌라투룸,48983028,매매,05,경기도 양주시 고읍동,양주시,고읍동,25800,0,25800,68.65,20.77,1,v 고읍역 신설예정 v 신축 v아파트형v 3번대체도로옆v,https://www.zigbang.com/home/apt/items/48983028
2026-05-28 07:44:19,빌라투룸,48961556,월세,04,경기도 양주시 고암동,양주시,고암동,5000,50,0,50,15.12,2,"귀한 투룸,거실,넓은화장실,다용도실,엘레베이터,에어콘,추천",https://www.zigbang.com/home/apt/items/48961556
2026-05-28 07:44:19,빌라투룸,49149539,매매,05,경기도 동두천시 송내동,동두천시,송내동,13500,0,13500,48.57,14.69,4,지행역10분 컨디션좋은 3룸 입주금500만부터 대출상담환영,https://www.zigbang.com/home/apt/items/49149539
2026-05-28 07:44:19,빌라투룸,49139688,매매,05,경기도 동두천시 생연동,동두천시,생연동,13500,0,13500,59.7,18.06,5,"실입주금1000만,고급신축급3룸",https://www.zigbang.com/home/apt/items/49139688
2026-05-28 07:44:19,빌라투룸,49124111,월세,06,경기도 동두천시 상패동,동두천시,상패동,2000,80,0,73.44,22.22,3,첫입주 4룸월세,https://www.zigbang.com/home/apt/items/49124111
2026-05-28 07:44:19,빌라투룸,49124083,월세,06,경기도 동두천시 상패동,동두천시,상패동,2000,80,0,73.44,22.22,5,신축4룸 첫입주 월세,https://www.zigbang.com/home/apt/items/49124083
2026-05-28 07:44:19,빌라투룸,49053604,매매,05,경기도 동두천시 생연동,동두천시,생연동,13500,0,13500,52.25,15.81,3,급매물입니다. 엘배유 준신축 저금리 기금대출가능,https://www.zigbang.com/home/apt/items/49053604
2026-05-28 07:44:19,빌라투룸,49039955,매매,05,경기도 동두천시 생연동,동두천시,생연동,15000,0,15000,59.94,18.13,4,역 도보가능 깔끔하고 저렴한쓰리룸 최저입주금 가능,https://www.zigbang.com/home/apt/items/49039955
2026-05-28 07:44:19,빌라투룸,48939258,매매,05,경기도 동두천시 지행동,동두천시,지행동,15000,0,15000,78.61,23.78,6,최저실입주금 깔끔한 넓은 쓰리룸,https://www.zigbang.com/home/apt/items/48939258
2026-05-28 07:44:19,빌라투룸,48099931,매매,05,경기도 동두천시 생연동,동두천시,생연동,16800,0,16800,76.15,23.04,5,신축 위치좋은 특가 1세대,https://www.zigbang.com/home/apt/items/48099931
2026-05-28 07:44:20,빌라투룸,49027575,매매,05,경기도 포천시 소흘읍 송우리,포천시,소흘읍,19500,0,19500,73.19,22.14,2,대형평수 위치좋은 신축급3룸 실입주금 없이 대출가능합니다,https://www.zigbang.com/home/apt/items/49027575
2026-05-28 07:44:20,빌라투룸,48908907,매매,05,경기도 포천시 소흘읍 이가팔리,포천시,소흘읍,12000,0,12000,47.42,14.34,3,"필름, 도배, 줄눈 시공 올리모델링완료 컨디션좋은 쓰리룸",https://www.zigbang.com/home/apt/items/48908907
2026-05-28 07:44:20,빌라투룸,49156790,매매,05,경기도 포천시 소흘읍 송우리,포천시,소흘읍,13500,0,13500,64.06,19.38,3,가성비 급매 올리모델링 방3화2,https://www.zigbang.com/home/apt/items/49156790
2026-05-28 07:44:20,빌라투룸,48906441,월세,05,경기도 양주시 옥정동,양주시,옥정동,5000,60,0,59.5,18.0,2,"넓은 쓰리룸,보증금 월세 상향조정가능",https://www.zigbang.com/home/apt/items/48906441
2026-05-28 07:44:20,빌라투룸,48891108,매매,05,경기도 포천시 소흘읍 송우리,포천시,소흘읍,15000,0,15000,64.06,19.38,3,송우리 올수리 엘베있는 밝고 환한집 주방에 냉장고3대 가능,https://www.zigbang.com/home/apt/items/48891108
2026-05-28 07:44:19,빌라투룸,48941164,매매,05,경기도 동두천시 상봉암동,동두천시,상봉암동,18000,0,18000,68.74,20.79,4,소요산역세권 대단지 고급 인테리어 신축 첫 입주 넓은 3룸,https://www.zigbang.com/home/apt/items/48941164
2026-05-28 07:44:19,빌라투룸,48913525,월세,05,경기도 동두천시 동두천동,동두천시,동두천동,50,50,0,66.24,20.04,4,공실공실 단기단기  월세월세,https://www.zigbang.com/home/apt/items/48913525
2026-05-28 07:44:19,빌라투룸,48835187,전세,05,경기도 동두천시 상봉암동,동두천시,상봉암동,16000,0,0,68.74,20.79,3,보증보험가능 소요산역세권 고급 인테리어 신축 넓은 3룸,https://www.zigbang.com/home/apt/items/48835187
2026-05-28 07:44:19,빌라투룸,49164948,월세,04,경기도 양주시 옥정동,양주시,옥정동,1500,100,0,76.03,23.0,2,참 옥정동 R6 탁 트인 뷰 귀한 투룸 월세,https://www.zigbang.com/home/apt/items/49164948
2026-05-28 07:44:19,빌라투룸,49136617,월세,04,경기도 양주시 옥정동,양주시,옥정동,1000,80,0,48,14.52,3,옥정동 R6 풀옵션 6월말 입주 가능한 귀한 투룸,https://www.zigbang.com/home/apt/items/49136617
2026-05-28 07:44:19,빌라투룸,49069090,월세,06,경기도 양주시 옥정동,양주시,옥정동,5000,200,0,194.84,58.94,1,",단독주택,4룸,화3,테라스,도심속의전원생활즐겨보세요",https://www.zigbang.com/home/apt/items/49069090
2026-05-28 07:44:19,빌라투룸,49041303,매매,05,경기도 포천시 소흘읍 이동교리,포천시,소흘읍,11500,0,11500,70.23,21.24,2,이동교리 쓰리룸 매매,https://www.zigbang.com/home/apt/items/49041303
2026-05-28 07:44:19,빌라투룸,49018254,월세,05,경기도 양주시 옥정동,양주시,옥정동,3000,120,0,70.32,21.27,3,U 신축 U 예쁜인테리어 U 3룸 U 정남향 U 빠른입주U,https://www.zigbang.com/home/apt/items/49018254
2026-05-28 07:44:20,빌라투룸,49149573,매매,04,경기도 포천시 선단동,포천시,선단동,11500,0,11500,44.4,13.43,2,특리모델링 완료 2룸 입주금1천부터 대출상담환영,https://www.zigbang.com/home/apt/items/49149573
2026-05-28 07:44:20,빌라투룸,49128287,매매,05,경기도 포천시 선단동,포천시,선단동,15000,0,15000,63.73,19.28,5,실입주금 1000만 신축급 넓은 쓰리룸 도배 입주청소 완료,https://www.zigbang.com/home/apt/items/49128287
2026-05-28 07:44:20,빌라투룸,49122748,매매,05,경기도 포천시 선단동,포천시,선단동,16500,0,16500,56.4,17.06,3,100프로 실매물 최저 실입주금 상담가능,https://www.zigbang.com/home/apt/items/49122748
2026-05-28 07:44:20,빌라투룸,49118568,매매,05,경기도 포천시 선단동,포천시,선단동,15500,0,15500,45.61,13.8,5,"월세 보증금으로 내 집 마련. 최저실입 1,000만원 부터",https://www.zigbang.com/home/apt/items/49118568
2026-05-28 07:44:20,빌라투룸,49096715,매매,05,경기도 포천시 선단동,포천시,선단동,22500,0,22500,69.32,20.97,3,실입주금1000만 궁전급급매로 나왔습니다,https://www.zigbang.com/home/apt/items/49096715
2026-05-28 07:44:20,빌라투룸,49068764,매매,05,경기도 포천시 선단동,포천시,선단동,12500,0,12500,55.99,16.94,5,급매.선단IC바로앞.이마트인근.엘베있음,https://www.zigbang.com/home/apt/items/49068764
2026-05-28 07:44:20,빌라투룸,49062348,매매,05,경기도 포천시 선단동,포천시,선단동,11000,0,11000,57.2,17.3,3,실입주금 3천만원 선단동 쓰리룸 매매,https://www.zigbang.com/home/apt/items/49062348
2026-05-28 07:44:20,빌라투룸,49041043,매매,05,경기도 포천시 선단동,포천시,선단동,13800,0,13800,63.73,19.28,5,선단동 쓰리룸,https://www.zigbang.com/home/apt/items/49041043
2026-05-28 07:44:20,빌라투룸,49026337,매매,05,경기도 포천시 선단동,포천시,선단동,17700,0,17700,61.09,18.48,4,o사업성공한집o고급인테리어 신축급3룸 최저입주금 대출가능,https://www.zigbang.com/home/apt/items/49026337
2026-05-28 07:44:20,빌라투룸,48989865,매매,05,경기도 포천시 선단동,포천시,선단동,18000,0,18000,72.73,22.0,2,대형평수 쓰리룸 최저입주금진행,https://www.zigbang.com/home/apt/items/48989865
2026-05-28 07:44:20,빌라투룸,48805820,매매,05,경기도 포천시 선단동,포천시,선단동,15900,0,15900,45.61,13.8,5,신축  특가 1세대,https://www.zigbang.com/home/apt/items/48805820
2026-05-28 07:44:20,빌라투룸,49122141,매매,05,경기도 포천시 가산면 마산리,포천시,가산면,12300,0,12300,68.57,20.74,2,무입주가능 방3화2 학세권위치입니다,https://www.zigbang.com/home/apt/items/49122141
2026-05-28 07:44:20,빌라투룸,49097771,매매,05,경기도 포천시 가산면 마산리,포천시,가산면,17000,0,17000,68.57,20.74,3,적은 실입주로 입주가능한 학군위치 방3화2 신축컨디션 급매,https://www.zigbang.com/home/apt/items/49097771
2026-05-28 07:44:20,빌라투룸,49033578,매매,05,경기도 포천시 어룡동,포천시,어룡동,16900,0,16900,62.68,18.96,1,o전용테라스o 급매물 준신축3룸 대출걱정마세요 문의환영,https://www.zigbang.com/home/apt/items/49033578
2026-05-28 07:44:20,빌라투룸,49025783,매매,06,경기도 포천시 신읍동,포천시,신읍동,23800,0,23800,72.71,21.99,5,100프로 실매물 최저 실입주금 상담가능,https://www.zigbang.com/home/apt/items/49025783
2026-05-28 07:44:20,빌라투룸,48955422,매매,05,경기도 포천시 어룡동,포천시,어룡동,18800,0,18800,75.92,22.97,2,"무입주금가능,광활한 넓은3룸 단지형빌라 서울출퇴근 인접",https://www.zigbang.com/home/apt/items/48955422
2026-05-28 07:44:20,빌라투룸,48931423,매매,05,경기도 포천시 어룡동,포천시,어룡동,18800,0,18800,75.92,22.97,3,신축 첫 입주 큰평수 특가,https://www.zigbang.com/home/apt/items/48931423
2026-05-28 07:44:20,빌라투룸,48922822,매매,05,경기도 포천시 어룡동,포천시,어룡동,18900,0,18900,75.1,22.72,3,포천 가성비 최고 고급 인테리어 신축 첫 입주,https://www.zigbang.com/home/apt/items/48922822
2026-05-28 07:44:21,빌라투룸,49156681,매매,05,경기도 광주시 곤지암읍 곤지암리,광주시,곤지암읍,17100,0,17100,54.11,16.37,3,곤지암역세권 가성비 방3화2 급매,https://www.zigbang.com/home/apt/items/49156681
2026-05-28 07:44:21,빌라투룸,49084843,매매,05,경기도 광주시 도척면 진우리,광주시,도척면,17000,0,17000,64.37,19.47,3,o급매물준신축o 실입주금1000만원가능한 3룸입니다,https://www.zigbang.com/home/apt/items/49084843
2026-05-28 07:44:21,빌라투룸,48910923,매매,05,경기도 광주시 곤지암읍 곤지암리,광주시,곤지암읍,14500,0,14500,54.32,16.43,2,즉시입주가능매물 방3화2 최저입주금가능,https://www.zigbang.com/home/apt/items/48910923
2026-05-28 07:44:21,빌라투룸,48975299,매매,05,경기도 광주시 도척면 상림리,광주시,도척면,19800,0,19800,73.16,22.13,3,힐링하는 1억대 첫입주 무입주금 입주가능 산책로테라스텃밭,https://www.zigbang.com/home/apt/items/48975299
2026-05-28 07:44:21,빌라투룸,49152743,월세,04,경기도 이천시 신둔면 남정리,이천시,신둔면,2000,70,0,59.6,18.03,4,"신둔도예촌역 도보 5분, 준신축 투룸, 내부 최강",https://www.zigbang.com/home/apt/items/49152743
2026-05-28 07:44:21,빌라투룸,49100036,전세,05,경기도 이천시 신둔면 남정리,이천시,신둔면,18000,0,0,89,26.92,4,신둔역도보5분 넓은 쓰리룸,https://www.zigbang.com/home/apt/items/49100036
2026-05-28 07:44:21,빌라투룸,49095055,매매,05,경기도 이천시 신둔면 남정리,이천시,신둔면,29000,0,29000,61.62,18.64,2,적은실입주금 입주가능 실매물실사진 전절역 도보가능 넓은평수,https://www.zigbang.com/home/apt/items/49095055
2026-05-28 07:44:21,빌라투룸,48987979,매매,05,경기도 이천시 신둔면 도암리,이천시,신둔면,18000,0,18000,71.68,21.68,3,신축급 대단지빌라 급매,https://www.zigbang.com/home/apt/items/48987979
2026-05-28 07:44:21,빌라투룸,48835684,월세,05,경기도 이천시 신둔면 도암리,이천시,신둔면,13000,20,0,71.68,21.68,2,대출가능 LH가능,https://www.zigbang.com/home/apt/items/48835684
2026-05-28 07:44:21,빌라투룸,48835629,매매,05,경기도 이천시 신둔면 도암리,이천시,신둔면,13000,0,13000,59.5,18.0,3,도암초 맞은편 대단지,https://www.zigbang.com/home/apt/items/48835629
2026-05-28 07:44:21,빌라투룸,48771076,월세,04,경기도 이천시 신둔면 남정리,이천시,신둔면,3000,60,0,66.12,20.0,4,신둔 도예촌역 도보 5분  2룸 월세,https://www.zigbang.com/home/apt/items/48771076
2026-05-28 07:44:21,빌라투룸,49169143,매매,05,경기도 광주시 초월읍 산이리,광주시,초월읍,22000,0,22000,66.44,20.1,1,초월읍 방3화2베1 복층 테라스있는 구조 좋은 빌라,https://www.zigbang.com/home/apt/items/49169143
2026-05-28 07:44:22,빌라투룸,49005106,매매,05,경기도 광주시 곤지암읍 오향리,광주시,곤지암읍,17000,0,17000,60.63,18.34,4,"급매, 넓은3룸 적은 입주금으로 내 집 마련",https://www.zigbang.com/home/apt/items/49005106
2026-05-28 07:44:22,빌라투룸,48975241,매매,04,경기도 광주시 곤지암읍 오향리,광주시,곤지암읍,18000,0,18000,43.32,13.1,1,가격착한 신축2룸 3룸도 있음 깔끔한 실사진실매물 가즈아,https://www.zigbang.com/home/apt/items/48975241
2026-05-28 07:44:21,빌라투룸,49145629,매매,05,경기도 광주시 쌍령동,광주시,쌍령동,16500,0,16500,59.75,18.07,1,o급매물테라스o 대단지 신축급3룸 실입주금1000만원가능,https://www.zigbang.com/home/apt/items/49145629
2026-05-28 07:44:21,빌라투룸,49093317,매매,05,경기도 광주시 초월읍 지월리,광주시,초월읍,20000,0,20000,59.31,17.94,1,지월리 3룸 준신축 테라스에 개인창고까지,https://www.zigbang.com/home/apt/items/49093317
2026-05-28 07:44:21,빌라투룸,49039946,매매,05,경기도 광주시 초월읍 지월리,광주시,초월읍,16000,0,16000,91.54,27.69,반지하,넓은 신축급 쓰리룸 최저입주금 가능,https://www.zigbang.com/home/apt/items/49039946
2026-05-28 07:44:21,빌라투룸,49030740,매매,05,경기도 광주시 초월읍 지월리,광주시,초월읍,15000,0,15000,51.36,15.54,2,최저실입주금 가능ㅣ외국인대출가능ㅣ신축급컨디션ㅣ급매저렴,https://www.zigbang.com/home/apt/items/49030740
2026-05-28 07:44:22,빌라투룸,49110118,월세,05,경기도 이천시 부발읍 무촌리,이천시,부발읍,1000,80,0,52.52,15.89,3,대단지 빌라 단지 주차걱정제로 쓰리룸 월세,https://www.zigbang.com/home/apt/items/49110118
2026-05-28 07:44:22,빌라투룸,49078630,월세,04,경기도 이천시 부발읍 무촌리,이천시,부발읍,1000,60,0,39.67,12.0,3,이천시 부발읍 무촌리 부발초 맞은편 투룸 월세,https://www.zigbang.com/home/apt/items/49078630
2026-05-28 07:44:22,빌라투룸,49029196,월세,04,경기도 이천시 부발읍 신원리,이천시,부발읍,4000,40,0,35.2,10.65,3,"보증금 조정 가능, 넓은 풀옵션 투룸, 반려동물가능",https://www.zigbang.com/home/apt/items/49029196
2026-05-28 07:44:22,빌라투룸,49012013,전세,04,경기도 이천시 부발읍 무촌리,이천시,부발읍,7875,0,0,39.67,12.0,3,이천시 무촌리 보증보험 가능한 투룸전세,https://www.zigbang.com/home/apt/items/49012013
2026-05-28 07:44:22,빌라투룸,49012002,월세,04,경기도 이천시 부발읍 무촌리,이천시,부발읍,1000,60,0,39.67,12.0,3,이천시 부발읍 무촌리 부발초 맞은편 투룸,https://www.zigbang.com/home/apt/items/49012002
2026-05-28 07:44:22,빌라투룸,49103798,월세,05,경기도 이천시 백사면 모전리,이천시,백사면,50,80,0,64.12,19.4,1,모전리 신축급컨디션 방3화2,https://www.zigbang.com/home/apt/items/49103798
2026-05-28 07:44:22,빌라투룸,49042716,월세,06,경기도 여주시 월송동,여주시,월송동,2000,150,0,300,90.75,1,"월송동 넓은 단독주택 ,도시가스 사용,방4화장실3",https://www.zigbang.com/home/apt/items/49042716
2026-05-28 07:44:23,빌라투룸,48997831,매매,04,경기도 여주시 흥천면 내사리,여주시,흥천면,29900,0,29900,98.19,29.7,1,건평30평 대지150평 실사진실매물 집주인 거주중 준신축급,https://www.zigbang.com/home/apt/items/48997831
2026-05-28 07:44:23,빌라투룸,49095070,매매,05,경기도 광주시 퇴촌면 도수리,광주시,퇴촌면,10500,0,10500,56.4,17.06,2,실매물실사진 급매물빌라 상태좋음 퇴촌 시내권 도로변 초중학,https://www.zigbang.com/home/apt/items/49095070
2026-05-28 07:44:23,빌라투룸,48975307,매매,05,경기도 광주시 퇴촌면 관음리,광주시,퇴촌면,9500,0,9500,51.44,15.56,4,실매물실사진 급매물빌라 상태좋음 도로변 공기좋고 위치좋고,https://www.zigbang.com/home/apt/items/48975307
2026-05-28 07:44:23,빌라투룸,48975269,매매,05,경기도 광주시 퇴촌면 관음리,광주시,퇴촌면,14500,0,14500,58.34,17.65,1,텃밭 실매물실사진 도로변 근처 평지 상태좋은 방3 욕실2개,https://www.zigbang.com/home/apt/items/48975269
2026-05-28 07:44:23,빌라투룸,48975247,매매,05,경기도 광주시 퇴촌면 광동리,광주시,퇴촌면,29900,0,29900,63.86,19.32,6,실사진실매물 퇴촌 시내위치 평지 뷰가 너무좋은 준신축빌라,https://www.zigbang.com/home/apt/items/48975247
2026-05-28 07:44:23,빌라투룸,48890263,매매,05,경기도 광주시 퇴촌면 관음리,광주시,퇴촌면,27500,0,27500,66.71,20.18,2,신축 놀라운가격 실매물실사진 싸다 좋다 평지에위치 요기요,https://www.zigbang.com/home/apt/items/48890263
2026-05-28 07:44:23,빌라투룸,48890248,매매,05,경기도 광주시 퇴촌면 관음리,광주시,퇴촌면,19000,0,19000,74.51,22.54,2,대형평수 신축급 실매물실사진 공기 좋은 평지에위치,https://www.zigbang.com/home/apt/items/48890248
2026-05-28 07:44:24,빌라투룸,49063745,매매,05,경기도 남양주시 조안면 삼봉리,남양주시,조안면,15000,0,15000,62.99,19.05,4,전망좋은 쓰리룸매매,https://www.zigbang.com/home/apt/items/49063745
2026-05-28 07:44:25,빌라투룸,49140447,월세,04,경기도 여주시 상동,여주시,상동,1000,72,0,42.98,13.0,2,상동 조용하고 주차좋은 신축급 투룸 풀옵션입니다.,https://www.zigbang.com/home/apt/items/49140447
2026-05-28 07:44:25,빌라투룸,49118306,월세,05,경기도 여주시 점봉동,여주시,점봉동,2000,80,0,84,25.41,4,"넓은 쓰리룸 풀옵션 ,화장실 2, 숙소가능 깨끗함",https://www.zigbang.com/home/apt/items/49118306
2026-05-28 07:44:25,빌라투룸,49100473,월세,04,경기도 여주시 점봉동,여주시,점봉동,1000,70,0,42.9,12.98,4,점봉동 신축급 풀옵션 투룸월세입니다.,https://www.zigbang.com/home/apt/items/49100473
2026-05-28 07:44:25,빌라투룸,49061543,월세,04,경기도 여주시 가업동,여주시,가업동,1000,60,0,50,15.12,2,"조용하고 거실넓은  풀옵션 남향 밝은집,빠른입주 가능합니다",https://www.zigbang.com/home/apt/items/49061543
2026-05-28 07:44:25,빌라투룸,49042487,월세,04,경기도 여주시 점봉동,여주시,점봉동,500,62,0,40,12.1,3,"여주대 바로옆 투룸 ,풀옵션,방2 화장실, 샤워실",https://www.zigbang.com/home/apt/items/49042487
2026-05-28 07:44:25,빌라투룸,48960242,전세,05,경기도 여주시 점봉동,여주시,점봉동,17000,0,0,82.64,25.0,1,"아파트형 빌라 ,넓고 텃밭있음,상태 아주깨끗함",https://www.zigbang.com/home/apt/items/48960242
2026-05-28 07:44:25,빌라투룸,48955809,월세,04,경기도 여주시 하동,여주시,하동,1000,62,0,42.98,13.0,2,여주시내 하동 오케이마트인근 풀옵션 투룸월세입니다.,https://www.zigbang.com/home/apt/items/48955809
2026-05-28 07:44:27,빌라투룸,48786399,월세,04,강원도 원주시 단계동,원주시,단계동,1000,70,0,66.11,20.0,2,클릭 푸르지오아파트부근 준신축 넓은 풀옵션 투룸,https://www.zigbang.com/home/apt/items/48786399
2026-05-28 07:44:27,빌라투룸,49100153,월세,04,강원도 원주시 단계동,원주시,단계동,500,63,0,50,15.12,4,"단계동 반려동물가 신축방, 주차장넓은 투룸",https://www.zigbang.com/home/apt/items/49100153
2026-05-28 07:44:30,빌라투룸,49164131,전세,04,경기도 남양주시 화도읍 묵현리,남양주시,화도읍,8000,0,0,30,9.07,2,빠른입주가능 엘리베이터 주차장있는 투룸,https://www.zigbang.com/home/apt/items/49164131
2026-05-28 07:44:30,빌라투룸,49153930,월세,05,경기도 남양주시 화도읍 가곡리,남양주시,화도읍,3000,100,0,79.5,24.05,1,"빠른입주가능 복층 방3,화2 정원",https://www.zigbang.com/home/apt/items/49153930
2026-05-28 07:44:30,빌라투룸,49078631,매매,05,경기도 남양주시 화도읍 묵현리,남양주시,화도읍,23200,0,23200,65.06,19.68,5,100프로 실매물. 안전한 권리 분석부터 유연한 입주 협의,https://www.zigbang.com/home/apt/items/49078631
2026-05-28 07:44:30,빌라투룸,48944099,월세,05,경기도 남양주시 화도읍 묵현리,남양주시,화도읍,1000,75,0,59.5,18.0,3,"엘리베이터있음,준신축,상태깨끗",https://www.zigbang.com/home/apt/items/48944099
2026-05-28 07:44:30,빌라투룸,48935213,매매,05,경기도 남양주시 화도읍 묵현리,남양주시,화도읍,23500,0,23500,59.81,18.09,5,묵현리 고급신축3룸 고급인테리어,https://www.zigbang.com/home/apt/items/48935213
2026-05-28 07:44:30,빌라투룸,48934626,매매,05,경기도 남양주시 화도읍 묵현리,남양주시,화도읍,16500,0,16500,54.03,16.34,2,최저실입진행 채광좋은집 최저가 쓰리룸입니다,https://www.zigbang.com/home/apt/items/48934626
2026-05-28 07:44:30,빌라투룸,48863761,매매,05,경기도 남양주시 화도읍 묵현리,남양주시,화도읍,17000,0,17000,54.03,16.34,2,최저실입가능 ㅣ 외국인대출가능 ㅣ 엘베있음 ㅣ 디딤돌,https://www.zigbang.com/home/apt/items/48863761
2026-05-28 07:44:30,빌라투룸,48863744,매매,05,경기도 남양주시 화도읍 묵현리,남양주시,화도읍,13800,0,13800,53.37,16.14,3,최저실입가능 ㅣ 외국인대출가능 ㅣ 디딤돌 ㅣ 컨디션 최상,https://www.zigbang.com/home/apt/items/48863744
2026-05-28 07:44:30,빌라투룸,49154111,월세,05,경기도 남양주시 수동면 송천리,남양주시,수동면,3000,150,0,88.14,26.66,1,"빠른입주가능 전원주택 방3,화1 정원",https://www.zigbang.com/home/apt/items/49154111
2026-05-28 07:44:33,빌라투룸,49167139,전세,04,강원도 홍천군 남면 양덕원리,홍천군,남면,5500,0,0,38.76,11.72,3,깨끗한 풀옵션 미니투룸.반전세가능,https://www.zigbang.com/home/apt/items/49167139
2026-05-28 07:44:33,빌라투룸,49078328,전세,04,강원도 홍천군 남면 양덕원리,홍천군,남면,7500,0,0,39.67,12.0,3,풀옵션 투룸홍천 남면.즉시입주,https://www.zigbang.com/home/apt/items/49078328
2026-05-28 07:44:34,빌라투룸,49084705,월세,04,강원도 홍천군 홍천읍 연봉리,홍천군,홍천읍,1000,60,0,39.67,12.0,2,신축 투룸  풀옵션 엘레베이터유 인테리어 예쁜집  즉시입주,https://www.zigbang.com/home/apt/items/49084705
2026-05-28 07:44:34,빌라투룸,48899854,월세,04,강원도 홍천군 홍천읍 연봉리,홍천군,홍천읍,500,50,0,39.67,12.0,2,가격대비 가성비좋은 투룸,https://www.zigbang.com/home/apt/items/48899854
2026-05-28 07:44:34,빌라투룸,49148901,월세,04,강원도 홍천군 홍천읍 갈마곡리,홍천군,홍천읍,3000,45,0,39.67,12.0,3,강츄매물  보증금조율가능,https://www.zigbang.com/home/apt/items/49148901
2026-05-28 07:44:34,빌라투룸,49084682,월세,04,강원도 홍천군 홍천읍 희망리,홍천군,홍천읍,500,55,0,42.98,13.0,3,구조좋은 투룸 즉시입주,https://www.zigbang.com/home/apt/items/49084682
2026-05-28 07:44:34,빌라투룸,49021490,월세,04,강원도 홍천군 홍천읍 갈마곡리,홍천군,홍천읍,500,60,0,45.2,13.67,4,전망틔이고 즉시입주 가능한 투룸,https://www.zigbang.com/home/apt/items/49021490
2026-05-28 07:44:34,빌라투룸,48974713,월세,04,강원도 홍천군 홍천읍,홍천군,홍천읍,1000,63,0,48.96,14.81,2,투룸 풀옵션,https://www.zigbang.com/home/apt/items/48974713
2026-05-28 07:44:34,빌라투룸,48955578,월세,04,강원도 홍천군 홍천읍,홍천군,홍천읍,1000,63,0,46.26,13.99,2,신축풀옵션 투룸.,https://www.zigbang.com/home/apt/items/48955578
2026-05-28 07:44:35,빌라투룸,49081984,월세,06,강원도 춘천시 신동면 팔미리,춘천시,신동면,3000,120,0,162.84,49.26,3,복층구조의 신축급 3층 단독주택 전체 최상급수준 주차좋음,https://www.zigbang.com/home/apt/items/49081984
2026-05-28 07:44:35,빌라투룸,49151702,월세,04,강원도 춘천시 동내면 학곡리,춘천시,동내면,500,57,0,47,14.22,3,학곡리 신축급 풀옵션 깨끗하고 넓은 최상급 투룸 입니다.,https://www.zigbang.com/home/apt/items/49151702
2026-05-28 07:44:35,빌라투룸,49147754,전세,04,강원도 춘천시 동내면 학곡리,춘천시,동내면,9000,0,0,50,15.12,3,"학곡리 하나로마트 부근, 거실OK 준신축 투룸",https://www.zigbang.com/home/apt/items/49147754
2026-05-28 07:44:35,빌라투룸,49118279,월세,04,강원도 춘천시 동내면 학곡리,춘천시,동내면,1000,55,0,48,14.52,4,조용하고 주차편리한 학곡리 깨끗한 투룸,https://www.zigbang.com/home/apt/items/49118279
2026-05-28 07:44:35,빌라투룸,49115877,월세,04,강원도 춘천시 동내면 학곡리,춘천시,동내면,3000,43,0,50,15.12,4,"학곡리 하나로마트 부근, 햇볕 쨍쨍 깔끔 투룸",https://www.zigbang.com/home/apt/items/49115877
2026-05-28 07:44:35,빌라투룸,49113728,월세,04,강원도 춘천시 동내면 학곡리,춘천시,동내면,1000,52,0,45,13.61,4,"ㅁㅁ 학곡리 신축 풀옵션 투룸, 즉시 입주,",https://www.zigbang.com/home/apt/items/49113728
2026-05-28 07:44:35,빌라투룸,49095709,월세,04,강원도 춘천시 동내면 학곡리,춘천시,동내면,500,53,0,40,12.1,3,"ㅁㅁ 학곡리 풀옵션 투룸, 깔끔한 시설,",https://www.zigbang.com/home/apt/items/49095709
2026-05-28 07:44:35,빌라투룸,49071180,월세,04,강원도 춘천시 동내면 학곡리,춘천시,동내면,500,58,0,50,15.12,3,"주차 편한 인기투룸, 신축 풀옵션, 베란다, 엘베, 즉시",https://www.zigbang.com/home/apt/items/49071180
2026-05-28 07:44:35,빌라투룸,49055883,월세,04,강원도 춘천시 동내면 학곡리,춘천시,동내면,500,57,0,48,14.52,3,학곡리 인테리어 좋은 신축급 투룸,https://www.zigbang.com/home/apt/items/49055883
2026-05-28 07:44:35,빌라투룸,49011751,월세,04,강원도 춘천시 동내면 학곡리,춘천시,동내면,500,57,0,42,12.7,3,"ㅁㅁ 학곡리 신축 투룸, 조용하고 주차 편리,",https://www.zigbang.com/home/apt/items/49011751
2026-05-28 07:44:35,빌라투룸,48940017,월세,04,강원도 춘천시 동내면 학곡리,춘천시,동내면,500,65,0,50.1,15.16,3,학곡리 깔끔한 화이트톤으로 꾸며놓은 풀옵션 투룸.,https://www.zigbang.com/home/apt/items/48940017
2026-05-28 07:44:35,빌라투룸,49145713,월세,04,강원도 춘천시 후평동,춘천시,후평동,500,55,0,43,13.01,3,ㅣ한전 부근ㅣ도보상권 좋음ㅣ깔끔한 인테리어ㅣ투룸ㅣ,https://www.zigbang.com/home/apt/items/49145713
2026-05-28 07:44:35,빌라투룸,49139862,월세,04,강원도 춘천시 후평동,춘천시,후평동,500,55,0,48,14.52,3,후평동 동광오거리 인근 가성비 좋은 깨끗한 투룸,https://www.zigbang.com/home/apt/items/49139862
2026-05-28 07:44:35,빌라투룸,49137278,월세,04,강원도 춘천시 후평동,춘천시,후평동,500,53,0,43,13.01,3,"ㅁㅁ 후평동 동광오거리쪽, 채광 좋은 투룸,",https://www.zigbang.com/home/apt/items/49137278
2026-05-28 07:44:35,빌라투룸,49112058,월세,04,강원도 춘천시 동면 장학리,춘천시,동면,500,55,0,40,12.1,2,"장학리 한림성심대 부근, 거실OK 깔끔 투룸",https://www.zigbang.com/home/apt/items/49112058
2026-05-28 07:44:35,빌라투룸,49092410,월세,04,강원도 춘천시 동면 장학리,춘천시,동면,500,60,0,46.98,14.21,3,장학택지내 넓은거실과 방,https://www.zigbang.com/home/apt/items/49092410
2026-05-28 07:44:35,빌라투룸,49091959,월세,04,강원도 춘천시 동면 만천리,춘천시,동면,500,50,0,47,14.22,3,만천리 만천초교 인근 관리잘된 풀옵션 투룸 입니다.,https://www.zigbang.com/home/apt/items/49091959
2026-05-28 07:44:35,빌라투룸,49007766,전세,04,강원도 춘천시 동면 장학리,춘천시,동면,12000,0,0,46.28,14.0,3,한림성심대인근 구조좋은 투룸입니다,https://www.zigbang.com/home/apt/items/49007766
2026-05-28 07:44:35,빌라투룸,48867163,월세,04,강원도 춘천시 후평동,춘천시,후평동,1000,65,0,42.98,13.0,3,거실공간 넓고  깔끔한 투룸,https://www.zigbang.com/home/apt/items/48867163
2026-05-28 07:44:35,빌라투룸,48858483,월세,04,강원도 춘천시 후평동,춘천시,후평동,500,60,0,49.59,15.0,2,후평동 거실이 매우 넓은 신축 투룸,https://www.zigbang.com/home/apt/items/48858483
2026-05-28 07:44:35,빌라투룸,48825658,전세,06,강원도 춘천시 후평동,춘천시,후평동,9000,0,0,101.53,30.71,3,후평동 동광오거리 주인세대 포룸 가격너무 착합니다,https://www.zigbang.com/home/apt/items/48825658
2026-05-28 07:44:35,빌라투룸,48825633,월세,05,강원도 춘천시 후평동,춘천시,후평동,3000,105,0,90.8,27.47,4,"후평동 정부합동청사 인근, 깔끔한 신축 쓰리룸 주인세대",https://www.zigbang.com/home/apt/items/48825633
2026-05-28 07:44:35,빌라투룸,49086150,매매,04,강원도 춘천시 신북읍 천전리,춘천시,신북읍,32000,0,32000,82.98,25.1,1,신북읍 천전리 언덕지곳에 위치한 전원주택 방2개,https://www.zigbang.com/home/apt/items/49086150
2026-05-28 07:44:37,빌라투룸,49109441,매매,05,경상북도 문경시 흥덕동,문경시,흥덕동,10500,0,10500,79.01,23.9,5,즉시입주 가능 도시가스 부분리모델링 되어 깨끗함,https://www.zigbang.com/home/apt/items/49109441
2026-05-28 07:44:37,빌라투룸,49109721,매매,05,경상북도 문경시 공평동,문경시,공평동,15000,0,15000,70.76,21.4,2,엘리베이터 있는 빌라입니다.,https://www.zigbang.com/home/apt/items/49109721
2026-05-28 07:44:37,빌라투룸,49109429,매매,05,경상북도 문경시 모전동,문경시,모전동,16500,0,16500,77.36,23.4,3,"정남향으로 샤시까지 전체 올리모델링 ,집 상태 최상입니다",https://www.zigbang.com/home/apt/items/49109429
2026-05-28 07:44:37,빌라투룸,48982281,매매,05,경상북도 문경시 모전동,문경시,모전동,12000,0,12000,77.2,23.35,4,정남향으로  채광이 아주 좋아요,https://www.zigbang.com/home/apt/items/48982281
2026-05-28 07:44:37,빌라투룸,49167073,월세,04,경상북도 문경시 모전동,문경시,모전동,300,55,0,46.28,14.0,2,풀옵션 투룸입니다.,https://www.zigbang.com/home/apt/items/49167073
2026-05-28 07:44:37,빌라투룸,49155804,월세,04,경상북도 문경시 모전동,문경시,모전동,5000,30,0,62,18.75,4,신축한지 얼마안되는 깔끔하고 깨끗한 여중지구투룸,https://www.zigbang.com/home/apt/items/49155804
2026-05-28 07:44:37,빌라투룸,49109741,매매,04,경상북도 문경시 모전동,문경시,모전동,10000,0,10000,63.47,19.2,2,"방2,화1,거실 있어요 남향에 가까운 남동향으로 일조권좋음",https://www.zigbang.com/home/apt/items/49109741
2026-05-28 07:44:37,빌라투룸,49013028,전세,04,경상북도 문경시 모전동,문경시,모전동,10000,0,0,50,15.12,2,문경여중 뒤 투룸 월세,https://www.zigbang.com/home/apt/items/49013028
2026-05-28 07:44:37,빌라투룸,48969020,월세,04,경상북도 문경시 모전동,문경시,모전동,5000,35,0,50,15.12,4,문경여중지구 주인세대 투룸 전세,https://www.zigbang.com/home/apt/items/48969020
2026-05-28 07:44:37,빌라투룸,48868943,전세,04,경상북도 문경시 모전동,문경시,모전동,10000,0,0,60,18.15,4,상태가 아주 좋은 투룸,https://www.zigbang.com/home/apt/items/48868943
2026-05-28 07:44:37,빌라투룸,48880924,월세,05,경상북도 문경시 영순면 의곡리,문경시,영순면,500,35,0,70,21.17,1,상태 양호 합니다,https://www.zigbang.com/home/apt/items/48880924
2026-05-28 07:44:42,빌라투룸,49169175,월세,04,경상북도 영주시 휴천동,영주시,휴천동,500,58,0,56.2,17.0,3,대영중 인근 좋은 정투룸,https://www.zigbang.com/home/apt/items/49169175
2026-05-28 07:44:42,빌라투룸,49056961,월세,04,경상북도 영주시 휴천동,영주시,휴천동,500,57,0,28.06,8.49,3,대영고인근 준신축급 남향 투룸입니다,https://www.zigbang.com/home/apt/items/49056961
2026-05-28 07:44:43,빌라투룸,49057678,월세,04,경상북도 영주시 영주동,영주시,영주동,1000,53,0,50,15.12,2,시내 인근 정투룸 입니다.,https://www.zigbang.com/home/apt/items/49057678
2026-05-28 07:44:43,빌라투룸,48869629,월세,05,경상북도 영주시 영주동,영주시,영주동,5000,53,0,84,25.41,3,영주초인근 쓰리룸 반전세 전세가능,https://www.zigbang.com/home/apt/items/48869629
2026-05-28 07:45:20,빌라투룸,48999111,월세,04,강원도 강릉시 옥계면 현내리,강릉시,옥계면,300,45,0,51.12,15.46,3,강릉시 옥계면에 위치한 깔끔한 투룸.,https://www.zigbang.com/home/apt/items/48999111
2026-05-28 07:45:20,빌라투룸,48999103,월세,04,강원도 강릉시 옥계면 현내리,강릉시,옥계면,200,45,0,33.06,10.0,4,강릉시 옥계면 면사무소 앞 넓은 미투형식 투룸,https://www.zigbang.com/home/apt/items/48999103
2026-05-28 07:45:23,빌라투룸,49145884,월세,04,강원도 강릉시 지변동,강릉시,지변동,300,60,0,56.2,17.0,3,방2 욕실2 풀옵션  도시가스  엘베 주차시설  단기도가능,https://www.zigbang.com/home/apt/items/49145884
2026-05-28 07:45:23,빌라투룸,48908971,월세,04,강원도 강릉시 교동,강릉시,교동,500,65,0,49.59,15.0,2,풀옵션  투룸  깔끔    주차시설   즉시,https://www.zigbang.com/home/apt/items/48908971
2026-05-28 07:45:23,빌라투룸,49030961,월세,04,강원도 강릉시 내곡동,강릉시,내곡동,500,60,0,55.98,16.93,반지하,내곡동 관대 투룸 월세 임대입니다,https://www.zigbang.com/home/apt/items/49030961
2026-05-28 07:45:23,빌라투룸,49005340,월세,04,강원도 강릉시 내곡동,강릉시,내곡동,300,70,0,29.3,8.86,3,관동대후문 투룸 월세 임대입니다,https://www.zigbang.com/home/apt/items/49005340
2026-05-28 07:46:02,빌라투룸,49128983,전세,04,강원도 속초시 청호동,속초시,청호동,8000,0,0,60,18.15,2,즉시입주가능 투룸,https://www.zigbang.com/home/apt/items/49128983
2026-05-28 07:46:02,빌라투룸,49089619,전세,04,강원도 속초시 영랑동,속초시,영랑동,7000,0,0,50,15.12,5,즉시입주가능합니다,https://www.zigbang.com/home/apt/items/49089619
2026-05-28 07:46:02,빌라투룸,49053799,월세,04,강원도 속초시 교동,속초시,교동,1000,55,0,50,15.12,3,투룸 풀옵션 즉시입주,https://www.zigbang.com/home/apt/items/49053799
2026-05-28 07:46:02,빌라투룸,49053779,매매,05,강원도 속초시 노학동,속초시,노학동,37000,0,37000,96,29.04,2,온천수가 나오는 테르바움 급급매,https://www.zigbang.com/home/apt/items/49053779
2026-05-28 07:46:02,빌라투룸,48917190,월세,04,강원도 속초시 교동,속초시,교동,1000,70,0,65,19.66,5,월세는 관리비포함금액이며  보증금은 조율가능합니다.,https://www.zigbang.com/home/apt/items/48917190
2026-05-28 07:46:02,빌라투룸,48841615,월세,04,강원도 속초시 교동,속초시,교동,1000,50,0,80,24.2,3,상가주택 투룸 에어컨 붙박이옵션 관리비x,https://www.zigbang.com/home/apt/items/48841615
2026-05-28 07:46:02,빌라투룸,48835392,월세,04,강원도 속초시 교동,속초시,교동,3000,50,0,69.42,21.0,4,투룸 신축 즉시입주,https://www.zigbang.com/home/apt/items/48835392
2026-05-28 07:46:57,빌라투룸,49109028,월세,04,울산시 동구 전하동,동구,전하동,500,56,0,66.12,20.0,2,V우수V 경찰서근처 채광좋은남향집,https://www.zigbang.com/home/apt/items/49109028
2026-05-28 07:46:57,빌라투룸,49082498,월세,04,울산시 동구 전하동,동구,전하동,1000,41,0,57,17.24,3,V우수V 공기좋은동네,https://www.zigbang.com/home/apt/items/49082498
2026-05-28 07:46:57,빌라투룸,49063332,월세,04,울산시 동구 전하동,동구,전하동,500,41,0,51,15.43,2,전하스위첸아파트부근 엘베있고 저렴한집 방2 주방1 주차굿,https://www.zigbang.com/home/apt/items/49063332
2026-05-28 07:46:57,빌라투룸,49046465,월세,04,울산시 동구 전하동,동구,전하동,500,41,0,52.89,16.0,3,최저가매물 방2 미쓰 현중출퇴근굿 조용한동네,https://www.zigbang.com/home/apt/items/49046465
2026-05-28 07:46:57,빌라투룸,49024347,월세,04,울산시 동구 전하동,동구,전하동,500,56,0,58,17.54,2,ꯁꯁ 동부경찰서부근 BEST컨디션 귀한매물 방2 거실겸주방,https://www.zigbang.com/home/apt/items/49024347
2026-05-28 07:46:57,빌라투룸,49117747,월세,04,울산시 북구 양정동,북구,양정동,500,51,0,55,16.64,1,방2 넓은거실 실사진,https://www.zigbang.com/home/apt/items/49117747
2026-05-28 07:46:57,빌라투룸,49055344,월세,04,울산시 북구 염포동,북구,염포동,500,50,0,60,18.15,3,거실1방2 현대자동차 직원 환영 풀옵션가능,https://www.zigbang.com/home/apt/items/49055344
2026-05-28 07:46:57,빌라투룸,49024332,월세,05,울산시 북구 염포동,북구,염포동,1000,50,0,90.1,27.26,3,리모델링된방 방3 복층 넓은공간,https://www.zigbang.com/home/apt/items/49024332
2026-05-28 07:46:57,빌라투룸,49016891,월세,04,울산시 북구 염포동,북구,염포동,1000,56,0,60,18.15,3,방2 거실 풀옵션,https://www.zigbang.com/home/apt/items/49016891
2026-05-28 07:47:05,빌라투룸,49157789,월세,04,경상북도 포항시 북구 장성동,포항시 북구,장성동,500,41,0,56.2,17.0,3,신축 투룸으로 내부 컨디션이 매우 우수합니다.,https://www.zigbang.com/home/apt/items/49157789
2026-05-28 07:47:05,빌라투룸,49148573,월세,04,경상북도 포항시 북구 장성동,포항시 북구,장성동,300,40,0,50,15.12,2,맥도날드뒤 최저가 정투룸,https://www.zigbang.com/home/apt/items/49148573
2026-05-28 07:47:05,빌라투룸,49143780,월세,04,경상북도 포항시 북구 양덕동,포항시 북구,양덕동,500,41,0,62.81,19.0,3,반전세 전세가능정투룸,https://www.zigbang.com/home/apt/items/49143780
2026-05-28 07:47:05,빌라투룸,49129400,월세,04,경상북도 포항시 북구 장성동,포항시 북구,장성동,500,46,0,59.5,18.0,4,낙천대부근 깔끔한 정투룸,https://www.zigbang.com/home/apt/items/49129400
2026-05-28 07:47:05,빌라투룸,49116821,월세,04,경상북도 포항시 북구 장성동,포항시 북구,장성동,300,45,0,59.5,18.0,3,20평형 넓은평수의 개방감 좋은 풀옵션 완비된 정투룸,https://www.zigbang.com/home/apt/items/49116821
2026-05-28 07:47:05,빌라투룸,49108744,월세,04,경상북도 포항시 북구 양덕동,포항시 북구,양덕동,5000,31,0,59.5,18.0,2,에어컨2대 풀옵션 정투룸,https://www.zigbang.com/home/apt/items/49108744
2026-05-28 07:47:05,빌라투룸,49106460,월세,04,경상북도 포항시 북구 양덕동,포항시 북구,양덕동,5000,40,0,49.59,15.0,2,양덕 하나로마트 길건너 정투룸 반전세,https://www.zigbang.com/home/apt/items/49106460
2026-05-28 07:47:05,빌라투룸,49089445,월세,05,경상북도 포항시 북구 양덕동,포항시 북구,양덕동,3000,51,0,95.87,29.0,2,양덕초 인근 테라스가 있는 상가주택 주인세대,https://www.zigbang.com/home/apt/items/49089445
2026-05-28 07:47:05,빌라투룸,49081411,월세,04,경상북도 포항시 북구 장성동,포항시 북구,장성동,500,36,0,50,15.12,3,"리모델링, 힐스맞은편, 생활권좋은, 깔끔한, 정투룸",https://www.zigbang.com/home/apt/items/49081411
2026-05-28 07:47:05,빌라투룸,49004930,월세,04,경상북도 포항시 북구 장성동,포항시 북구,장성동,4000,51,0,85,25.71,4,엘베있는 남향 주인세대,https://www.zigbang.com/home/apt/items/49004930
2026-05-28 07:47:05,빌라투룸,48976958,월세,04,경상북도 포항시 북구 장성동,포항시 북구,장성동,500,46,0,62,18.75,3,대형투룸ㅡ풀옵션ㅡ힐스테이트인근,https://www.zigbang.com/home/apt/items/48976958
2026-05-28 07:47:05,빌라투룸,48968708,월세,05,경상북도 포항시 북구 장성동,포항시 북구,장성동,2000,51,0,125.4,37.93,4,"남향, 힐스테이트인근, 깔끔한, 주인세대",https://www.zigbang.com/home/apt/items/48968708
2026-05-28 07:47:05,빌라투룸,48968271,월세,04,경상북도 포항시 북구 장성동,포항시 북구,장성동,500,46,0,53,16.03,4,"준신축급, 새옵션, 화이트톤, 깔끔한, 정투룸",https://www.zigbang.com/home/apt/items/48968271
2026-05-28 07:47:05,빌라투룸,48881007,월세,04,경상북도 포항시 북구 장성동,포항시 북구,장성동,500,41,0,50,15.12,2,상가주택 풀옵션 정투룸,https://www.zigbang.com/home/apt/items/48881007
2026-05-28 07:48:32,오피스텔,48978847,월세,01,제주도 서귀포시 서귀동,서귀포시,서귀동,200,40,0,24,7.26,3,더그레이튼 중앙로터리부근 오피스텔,https://www.zigbang.com/home/apt/items/48978847
2026-05-28 07:48:32,오피스텔,49062741,월세,01,제주도 서귀포시 서귀동,서귀포시,서귀동,200,42,0,29.75,9.0,4,신축 건물  JS라메르 2차,https://www.zigbang.com/home/apt/items/49062741
2026-05-28 07:48:32,오피스텔,48994814,월세,01,제주도 서귀포시 서귀동,서귀포시,서귀동,200,40,0,24,7.26,7,매일 올레시장 신축 오피스,https://www.zigbang.com/home/apt/items/48994814
2026-05-28 07:48:32,오피스텔,48952918,월세,01,제주도 서귀포시 법환동,서귀포시,법환동,200,50,0,24.84,7.51,9,신시가지 중심지 풀옵션 오션뷰 오피스텔.,https://www.zigbang.com/home/apt/items/48952918
2026-05-28 07:48:32,오피스텔,48988762,월세,01,제주도 서귀포시 강정동,서귀포시,강정동,200,33,0,21,6.35,3,"전입가능,단기가능. 서귀포 이마트 인근 풀옵션 원룸",https://www.zigbang.com/home/apt/items/48988762
2026-05-28 07:48:32,오피스텔,48950167,전세,02,제주도 서귀포시 강정동,서귀포시,강정동,13000,0,0,62.46,18.89,4,강정이매오피스텔남향1.5룸전세,https://www.zigbang.com/home/apt/items/48950167
2026-05-28 07:48:32,오피스텔,48925085,월세,01,제주도 서귀포시 법환동,서귀포시,법환동,200,40,0,28.26,8.55,중,신시가지 중심지 오피스텔,https://www.zigbang.com/home/apt/items/48925085
2026-05-28 07:48:32,오피스텔,49098404,월세,01,제주도 서귀포시 법환동,서귀포시,법환동,200,40,0,30.02,9.08,5,서귀포 김정문화로 인근 깔끔한 오픈형 원룸,https://www.zigbang.com/home/apt/items/49098404
2026-05-28 07:48:32,오피스텔,48984605,월세,01,제주도 서귀포시 법환동,서귀포시,법환동,200,35,0,29.75,9.0,2,"이마트앞 오피스텔 , 단기 계약 가능",https://www.zigbang.com/home/apt/items/48984605
2026-05-28 07:48:32,오피스텔,49168254,월세,01,제주도 서귀포시 강정동,서귀포시,강정동,200,43,0,38,11.49,5,위치좋고깔끔원룸신시가지세종안채오피스텔,https://www.zigbang.com/home/apt/items/49168254
2026-05-28 07:48:32,오피스텔,49076227,월세,01,제주도 서귀포시 강정동,서귀포시,강정동,200,33,0,33.06,10.0,고,루스트 건물 풀옵션 원룸,https://www.zigbang.com/home/apt/items/49076227
2026-05-28 07:48:32,오피스텔,48942415,월세,01,제주도 서귀포시 강정동,서귀포시,강정동,200,34,0,29,8.77,2,베란다 있는 깨끗한 원룸,https://www.zigbang.com/home/apt/items/48942415
2026-05-28 07:48:32,오피스텔,48952767,매매,01,제주도 서귀포시 법환동,서귀포시,법환동,4500,0,4500,38.25,11.57,5,신시가지 중심지 풀옵션  오피스텔.,https://www.zigbang.com/home/apt/items/48952767
2026-05-28 07:48:32,오피스텔,49067476,월세,01,제주도 서귀포시 법환동,서귀포시,법환동,200,40,0,38.25,11.57,6,신시가지 중심지 오피스텔,https://www.zigbang.com/home/apt/items/49067476
2026-05-28 07:48:32,오피스텔,48988823,월세,01,제주도 서귀포시 강정동,서귀포시,강정동,200,34,0,25,7.56,4,"단기가능,전입가능. 서귀포 이마트 인근 풀옵션 남향 원룸",https://www.zigbang.com/home/apt/items/48988823
2026-05-28 07:48:32,오피스텔,48911605,월세,01,제주도 서귀포시 중문동,서귀포시,중문동,200,30,0,36.26,10.97,4,골프연습장. 중문관광단지 시내 중심. 최신 트랜드 풀옵션,https://www.zigbang.com/home/apt/items/48911605
2026-05-28 07:48:32,오피스텔,48259457,월세,02,제주도 서귀포시 중문동,서귀포시,중문동,200,45,0,49.6,15.0,5,바다뷰 풀옵션 분리형 원룸,https://www.zigbang.com/home/apt/items/48259457
2026-05-28 07:48:32,오피스텔,48259475,월세,02,제주도 서귀포시 중문동,서귀포시,중문동,200,39,0,49.6,15.0,저,단기가능.풀옵션 1.5룸,https://www.zigbang.com/home/apt/items/48259475
2026-05-28 07:48:32,오피스텔,49131228,월세,02,제주도 서귀포시 중문동,서귀포시,중문동,200,45,0,49.6,15.0,3,남향 바다경관 최상. 분리형 1.5룸 방 거실 넓음,https://www.zigbang.com/home/apt/items/49131228
2026-05-28 07:48:32,오피스텔,49002012,월세,01,제주도 서귀포시 중문동,서귀포시,중문동,150,30,0,40.93,12.38,7,테라스 있음. 클린하우스 코인세탁방 헬스클럽,https://www.zigbang.com/home/apt/items/49002012
2026-05-28 07:48:32,오피스텔,49107654,월세,01,제주도 서귀포시 중문동,서귀포시,중문동,200,35,0,37.5,11.34,6,테라스 있음. 확트인 한라산 경관. 자주식 주차. 클린하우,https://www.zigbang.com/home/apt/items/49107654
2026-05-28 07:48:32,오피스텔,48988802,월세,01,제주도 서귀포시 중문동,서귀포시,중문동,200,32,0,40.93,12.38,중,테라스 풀옵션 원룸,https://www.zigbang.com/home/apt/items/48988802
2026-05-28 07:48:32,오피스텔,48834554,매매,01,제주도 서귀포시 중문동,서귀포시,중문동,3800,0,3800,40.93,12.38,4,테라스 있음. 풀옵션. 침대 시스템 에어컨 드럼세탁기 냉장,https://www.zigbang.com/home/apt/items/48834554
2026-05-28 07:48:37,오피스텔,49133293,월세,02,제주도 제주시 도두일동,제주시,도두일동,200,50,0,54,16.33,5,도두천마에코피아 분리형 원룸 월세,https://www.zigbang.com/home/apt/items/49133293
2026-05-28 07:48:37,오피스텔,48978669,월세,03,제주도 제주시 도두일동,제주시,도두일동,500,80,0,52.67,15.93,6,도두동 이호테우 3분  복층형 풀옵션 월세 년세,https://www.zigbang.com/home/apt/items/48978669
2026-05-28 07:48:37,오피스텔,49096952,월세,02,제주도 제주시 도두일동,제주시,도두일동,300,60,0,55.42,16.76,2,도두 천마오피스텔 분리형원룸,https://www.zigbang.com/home/apt/items/49096952
2026-05-28 07:48:37,오피스텔,48915974,월세,01,제주도 제주시 연동,제주시,연동,200,47,0,35,10.59,고,ㅇ공항10분ㅇ신라스테이 뒤 원룸 디오션시티2차,https://www.zigbang.com/home/apt/items/48915974
2026-05-28 07:48:37,오피스텔,49087403,월세,01,제주도 제주시 연동,제주시,연동,300,60,0,60,18.15,11,ㅇ1세대1주차ㅇ신라스테이 앞 큰원룸 리슈빌,https://www.zigbang.com/home/apt/items/49087403
2026-05-28 07:48:37,오피스텔,48878723,월세,01,제주도 제주시 연동,제주시,연동,200,50,0,33.06,10.0,16,"연동 최고층, 막힘없음, 신라스테이 인근 풀옵션 원룸",https://www.zigbang.com/home/apt/items/48878723
2026-05-28 07:48:37,오피스텔,49043900,월세,02,제주도 제주시 연동,제주시,연동,300,85,0,44.62,13.5,9,매종글래드호텔 사거리,https://www.zigbang.com/home/apt/items/49043900
2026-05-28 07:48:37,오피스텔,48948828,월세,01,제주도 제주시 연동,제주시,연동,200,47,0,33.06,10.0,저,연동 깔끔 저렴한 즉시입주 원룸,https://www.zigbang.com/home/apt/items/48948828
2026-05-28 07:48:37,오피스텔,49133946,월세,02,제주도 제주시 연동,제주시,연동,200,48,0,35.03,10.6,3,"Best,,신축급 메종글래드인근 깨끗하고 인기좋은 분리형",https://www.zigbang.com/home/apt/items/49133946
2026-05-28 07:48:37,오피스텔,49141506,월세,04,제주도 제주시 연동,제주시,연동,300,70,0,58.39,17.66,10,oO 2룸 풀옵션 퀸침대1개 1세대1주차 Oo,https://www.zigbang.com/home/apt/items/49141506
2026-05-28 07:48:37,오피스텔,49071388,월세,02,제주도 제주시 연동,제주시,연동,200,47,0,40.76,12.33,저,"연동, 신라스테이 인근 넓고 깔끔한 풀옵션 분리형 원룸",https://www.zigbang.com/home/apt/items/49071388
2026-05-28 07:48:37,오피스텔,49091047,월세,02,제주도 제주시 연동,제주시,연동,200,47,0,33.06,10.0,저,"NEW,,1.5룸 분리형,,,화사한 인테리어,,,이타스3",https://www.zigbang.com/home/apt/items/49091047
2026-05-28 07:48:37,오피스텔,49123254,매매,02,제주도 제주시 연동,제주시,연동,8300,0,8300,30,9.07,8,전망최상 메종글래드 인근 연동청목더웰 풀옵션 1.5룸 급매,https://www.zigbang.com/home/apt/items/49123254
2026-05-28 07:48:37,오피스텔,49088158,매매,01,제주도 제주시 연동,제주시,연동,12500,0,12500,30,9.07,고,리슈빌DS 매매 연동신라스테이 맞은편 고수익 보장,https://www.zigbang.com/home/apt/items/49088158
2026-05-28 07:48:50,오피스텔,48885460,월세,05,제주도 제주시 영평동,제주시,영평동,1000,100,0,156.99,47.49,4,첨단 MJ 벤처오름 3룸 방3 연세 년세,https://www.zigbang.com/home/apt/items/48885460
2026-05-28 07:48:50,오피스텔,48647905,월세,02,제주도 제주시 조천읍 신촌리,제주시,조천읍,100,75,0,62.25,18.83,3,조천읍 신촌리 신축 첫입주 풀옵션급 거실넓은 1.5룸 년세,https://www.zigbang.com/home/apt/items/48647905
2026-05-28 07:48:50,오피스텔,48529910,월세,01,제주도 제주시 조천읍 신촌리,제주시,조천읍,100,66,0,41.97,12.7,3,조천읍 신촌리 신축 막힘없는 풀옵션급 평수 넓은 원룸 년세,https://www.zigbang.com/home/apt/items/48529910
2026-05-28 07:50:29,오피스텔,49152884,전세,02,전라남도 진도군 조도면 맹골도리,진도군,조도면,5000,0,0,77.88,23.56,1,테스트 매물입니다,https://www.zigbang.com/home/apt/items/49152884
2026-05-28 07:52:57,오피스텔,49140770,월세,01,전라남도 나주시 빛가람동,나주시,빛가람동,2000,30,0,46.28,14.0,3,빛가람동 토담휴로스2차 원룸 저렴한 월세,https://www.zigbang.com/home/apt/items/49140770
2026-05-28 07:52:57,오피스텔,49167581,월세,01,전라남도 나주시 빛가람동,나주시,빛가람동,300,40,0,46.28,14.0,3,빛가람동 중흥메가티움2차 원룸 임대,https://www.zigbang.com/home/apt/items/49167581
2026-05-28 07:52:57,오피스텔,49140781,월세,04,전라남도 나주시 빛가람동,나주시,빛가람동,1000,75,0,95.87,29.0,12,빛가람동 중흥메가티움 2룸 임대,https://www.zigbang.com/home/apt/items/49140781
2026-05-28 07:52:57,오피스텔,49128095,월세,01,광주시 광산구 송정동,광산구,송정동,100,36,0,39.68,12.0,중,풀옵션 도시형생활주택 월세,https://www.zigbang.com/home/apt/items/49128095
2026-05-28 07:52:57,오피스텔,48941918,전세,01,광주시 광산구 송정동,광산구,송정동,4600,0,0,16.85,5.1,고,LH 전세  송정공원역 5분거리  도시형 생활주택,https://www.zigbang.com/home/apt/items/48941918
2026-05-28 07:52:57,오피스텔,48867409,전세,01,광주시 광산구 송정동,광산구,송정동,4630,0,0,16.82,5.09,중,LH 가능 송정공원역3분거리,https://www.zigbang.com/home/apt/items/48867409
2026-05-28 07:52:57,오피스텔,49170031,전세,01,광주시 광산구 송정동,광산구,송정동,4700,0,0,34.3,10.38,고,송정공원역 코앞  도시형생활주택 월세,https://www.zigbang.com/home/apt/items/49170031
2026-05-28 07:52:57,오피스텔,48841828,월세,01,광주시 광산구 송정동,광산구,송정동,300,40,0,29.6,8.95,5,KORㅇ송정공원역5분ㅇ화이트톤ㅇ넉넉한수납공간ㅇ,https://www.zigbang.com/home/apt/items/48841828
2026-05-28 07:52:57,오피스텔,49151689,월세,01,광주시 광산구 송정동,광산구,송정동,300,37,0,38.97,11.79,고,풀옵션 도시형생활주택 월세,https://www.zigbang.com/home/apt/items/49151689
2026-05-28 07:53:06,오피스텔,49169003,월세,01,전라남도 여수시 웅천동,여수시,웅천동,200,48,0,49.84,15.08,4,빌트인 가전 풀옵션 레지던스. 즉시입주,https://www.zigbang.com/home/apt/items/49169003
2026-05-28 07:53:06,오피스텔,49168964,월세,01,전라남도 여수시 웅천동,여수시,웅천동,200,40,0,49.84,15.08,2,시세대비 저렴한 2층세대,https://www.zigbang.com/home/apt/items/49168964
2026-05-28 07:53:06,오피스텔,49169203,월세,01,전라남도 여수시 웅천동,여수시,웅천동,500,45,0,57.39,17.36,4,가전가구 풀옵션세대. 에어컨청소완료 즉시입주가능.,https://www.zigbang.com/home/apt/items/49169203
2026-05-28 07:53:08,오피스텔,49157210,월세,01,전라남도 순천시 조곡동,순천시,조곡동,300,35,0,38,11.49,6,"순천역 부근 오피스텔 임대 , 풀옵션",https://www.zigbang.com/home/apt/items/49157210
2026-05-28 07:53:08,오피스텔,49052553,월세,01,전라남도 순천시 남정동,순천시,남정동,100,25,0,33.06,10.0,5,남정지역최대규모오피스텔 즉시입주가능11평형 200만월35만,https://www.zigbang.com/home/apt/items/49052553
2026-05-28 07:53:08,오피스텔,49137964,월세,01,전라남도 순천시 풍덕동,순천시,풍덕동,300,38,0,36.36,11.0,중,순천시 풍덕동 홈플러스 부근 풀옵션 오피스텔 임대,https://www.zigbang.com/home/apt/items/49137964
2026-05-28 07:53:11,오피스텔,49077591,월세,01,전라남도 광양시 마동,광양시,마동,300,42,0,27.4,8.29,5,인기 오피스텔 스마트시티 2차 트여있는 뷰 인기 호실,https://www.zigbang.com/home/apt/items/49077591
2026-05-28 07:53:11,오피스텔,49077536,월세,01,전라남도 광양시 마동,광양시,마동,500,40,0,27.4,8.29,5,신축 오피스텔 스마트시티 2차 A타입 귀한 매물 추천 해요,https://www.zigbang.com/home/apt/items/49077536
2026-05-28 07:53:48,오피스텔,49137513,월세,01,경상남도 진주시 정촌면 예하리,진주시,정촌면,300,43,0,61.71,18.67,5,㉧ㅡ서빈No.1구해줘홈즈ㅡ㉧추천BEST꿀방,https://www.zigbang.com/home/apt/items/49137513
2026-05-28 07:53:48,오피스텔,48978843,월세,01,경상남도 진주시 가좌동,진주시,가좌동,500,50,0,33.06,10.0,저,신진주 역세권 줌시티 오피스텔 원룸형,https://www.zigbang.com/home/apt/items/48978843
2026-05-28 07:53:48,오피스텔,49021708,월세,02,경상남도 진주시 가좌동,진주시,가좌동,1000,80,0,89,26.92,7,신진주 줌테라스 투룹 월세,https://www.zigbang.com/home/apt/items/49021708
2026-05-28 07:53:48,오피스텔,48978875,월세,01,경상남도 진주시 가좌동,진주시,가좌동,500,50,0,19.83,6.0,중,신진주역세권 줌테라스 원룸형 오피스텔,https://www.zigbang.com/home/apt/items/48978875
2026-05-28 07:53:48,오피스텔,48992176,월세,01,경상남도 진주시 가좌동,진주시,가좌동,500,55,0,52,15.73,5,신진주 역세권 더 퍼스트웰가 시티 오피스텔 원룸형,https://www.zigbang.com/home/apt/items/48992176
2026-05-28 07:53:48,오피스텔,48978789,월세,03,경상남도 진주시 가좌동,진주시,가좌동,500,60,0,26,7.86,중,신진주 코아루웰가 큰평수 c타입 직장인추천,https://www.zigbang.com/home/apt/items/48978789
2026-05-28 07:53:48,오피스텔,49137506,월세,01,경상남도 진주시 가좌동,진주시,가좌동,500,55,0,30.91,9.35,3,㉧ㅡ전입신고가능ㅡ㉧추천BEST꿀방,https://www.zigbang.com/home/apt/items/49137506
2026-05-28 07:53:48,오피스텔,49150496,월세,01,경상남도 진주시 가좌동,진주시,가좌동,500,50,0,66.31,20.06,4,ㅡ줌테라스ㅡ저렴한 올전세,https://www.zigbang.com/home/apt/items/49150496
2026-05-28 07:53:58,오피스텔,49062512,월세,01,경상남도 거제시 장승포동,거제시,장승포동,50,37,0,44.32,13.41,5,"장승포 신축 오피스텔,",https://www.zigbang.com/home/apt/items/49062512
2026-05-28 07:53:58,오피스텔,49055294,월세,04,경상남도 거제시 아주동,거제시,아주동,500,48,0,62.81,19.0,중,아주동 스타타워 19평 투룸 월세,https://www.zigbang.com/home/apt/items/49055294
2026-05-28 07:53:58,오피스텔,49018044,월세,02,경상남도 거제시 아주동,거제시,아주동,300,50,0,65.53,19.82,중,햇살밝은 경동리인타워 예쁜집 있어요,https://www.zigbang.com/home/apt/items/49018044
2026-05-28 07:53:58,오피스텔,48860489,월세,01,경상남도 거제시 아주동,거제시,아주동,300,37,0,49.31,14.92,저,경동리인타워 빠른 입주 방향 좋아요,https://www.zigbang.com/home/apt/items/48860489
2026-05-28 07:53:58,오피스텔,48860435,월세,01,경상남도 거제시 아주동,거제시,아주동,300,40,0,49.31,14.92,중,햇살밝고  예쁜집 경동리인타워 즉시입주 조정 가능,https://www.zigbang.com/home/apt/items/48860435
2026-05-28 07:53:58,오피스텔,49137316,월세,01,경상남도 거제시 옥포동,거제시,옥포동,200,30,0,50,15.12,저,오션플라자앞 보광오피스텔 렌탈풀집기 미니투룸 몸만오세요,https://www.zigbang.com/home/apt/items/49137316
2026-05-28 07:53:58,오피스텔,48993747,월세,02,경상남도 거제시 아주동,거제시,아주동,300,55,0,62.8,19.0,27,아주동 경동리인 풀집기 월세,https://www.zigbang.com/home/apt/items/48993747
2026-05-28 07:53:58,오피스텔,49105609,월세,01,경상남도 거제시 옥포동,거제시,옥포동,100,22,0,33.85,10.24,4,"한화오션인근 엘베있는 오피스텔 ,단기거주 가능.상담요함",https://www.zigbang.com/home/apt/items/49105609
2026-05-28 07:53:58,오피스텔,49133039,월세,02,경상남도 거제시 아주동,거제시,아주동,200,38,0,49.59,15.0,20,...아주동 경동리인타워 분리형14평 월세...,https://www.zigbang.com/home/apt/items/49133039
2026-05-28 07:53:58,오피스텔,49133033,월세,01,경상남도 거제시 아주동,거제시,아주동,300,37,0,46.28,14.0,중,아주동 경동리인타워 14평 월세,https://www.zigbang.com/home/apt/items/49133033
2026-05-28 07:53:58,오피스텔,49043891,월세,04,경상남도 거제시 아주동,거제시,아주동,300,50,0,70.22,21.24,17,스타타워 풀옵션 따뜻하고 시원한 투룸,https://www.zigbang.com/home/apt/items/49043891
2026-05-28 07:53:58,오피스텔,49115916,월세,02,경상남도 거제시 옥포동,거제시,옥포동,300,37,0,35.1,10.62,4,한화인근.엘베0.오피스텔.풀옵션의 미투,https://www.zigbang.com/home/apt/items/49115916
2026-05-28 07:53:58,오피스텔,48960199,월세,02,경상남도 거제시 옥포동,거제시,옥포동,300,42,0,59.43,17.98,3,이던필 오피스텔 도시가스 풀집기 1.5,https://www.zigbang.com/home/apt/items/48960199
2026-05-28 07:53:58,오피스텔,49169023,전세,02,경상남도 거제시 아주동,거제시,아주동,4500,0,0,45.63,13.8,중,스타타워1차  분리형 원룸 올전세,https://www.zigbang.com/home/apt/items/49169023
2026-05-28 07:53:59,오피스텔,49116088,월세,04,경상남도 거제시 옥포동,거제시,옥포동,300,48,0,70.79,21.41,고,옥포중심상업지 고급 렌탈풀집기 에이원오피스텔 넓은거실 방2,https://www.zigbang.com/home/apt/items/49116088
2026-05-28 07:53:59,오피스텔,49072398,월세,04,경상남도 거제시 옥포동,거제시,옥포동,300,38,0,79.34,24.0,6,중앙시장부근 대교2차오피스텔 방2개 거실  확트인 전망,https://www.zigbang.com/home/apt/items/49072398
2026-05-28 07:53:59,오피스텔,48913704,월세,04,경상남도 거제시 옥포동,거제시,옥포동,500,50,0,87.39,26.44,저,"에이원 오피스텔 큰투룸 방2,거실 몸만오세요",https://www.zigbang.com/home/apt/items/48913704
2026-05-28 07:53:59,오피스텔,49117259,월세,04,경상남도 거제시 옥포동,거제시,옥포동,300,40,0,80.17,24.25,중,"시장인근,대교2차, 전체도배, 도시가스, 풀옵션렌탈, 방2",https://www.zigbang.com/home/apt/items/49117259
2026-05-28 07:53:59,오피스텔,48732123,월세,05,경상남도 거제시 옥포동,거제시,옥포동,500,60,0,115.7,35.0,고,옥포중심지 보광오피스텔 햇살짱 방3개 거실 욕실2 고급옵션,https://www.zigbang.com/home/apt/items/48732123
2026-05-28 07:53:59,오피스텔,49045769,월세,05,경상남도 거제시 옥포동,거제시,옥포동,500,60,0,116.56,35.26,고,옥포 보광오피스텔2차   풀집기 쓰리룸,https://www.zigbang.com/home/apt/items/49045769
2026-05-28 07:53:59,오피스텔,48868236,월세,05,경상남도 거제시 옥포동,거제시,옥포동,500,60,0,110.02,33.28,고,옥포동 중심지 위치한 보광센츄어리2차로 풀옵션상태,https://www.zigbang.com/home/apt/items/48868236
2026-05-28 07:53:59,오피스텔,49147616,월세,04,경상남도 거제시 옥포동,거제시,옥포동,500,55,0,85.95,26.0,중,신축같은 오피스텔  신화더블루 방2 거실 주방  최고급옵션,https://www.zigbang.com/home/apt/items/49147616
2026-05-28 07:53:59,오피스텔,49076479,월세,04,경상남도 거제시 옥포동,거제시,옥포동,500,55,0,87.42,26.44,중,신화더블루 오피스텔 풀집기 방2 거실 몸만오세요,https://www.zigbang.com/home/apt/items/49076479
2026-05-28 07:54:01,오피스텔,49134863,월세,04,경상남도 창원시 진해구 용원동,창원시 진해구,용원동,500,50,0,88.31,26.71,고,"위치 무관하며 시세보다 저렴한 월세,   대단지 오피스텔",https://www.zigbang.com/home/apt/items/49134863
2026-05-28 07:54:01,오피스텔,49070387,월세,04,경상남도 창원시 진해구 용원동,창원시 진해구,용원동,500,57,0,88.31,26.71,고,채광이 좋은 남향  월세  대규모 오피스텔,https://www.zigbang.com/home/apt/items/49070387
2026-05-28 07:54:01,오피스텔,49084419,월세,04,경상남도 창원시 진해구 용원동,창원시 진해구,용원동,500,48,0,88.31,26.71,고,V전입신고가능V저렴한월세V,https://www.zigbang.com/home/apt/items/49084419
2026-05-28 07:54:01,오피스텔,49134820,전세,04,경상남도 창원시 진해구 용원동,창원시 진해구,용원동,11000,0,0,87.12,26.35,18,인기 있는 A형에 어시장뷰 귀한 전세 대규모오피스텔,https://www.zigbang.com/home/apt/items/49134820
2026-05-28 07:54:01,오피스텔,49098743,월세,02,경상남도 창원시 진해구 용원동,창원시 진해구,용원동,500,45,0,67.68,20.47,중,1인이 살기 적당한 면적의 대규모  오피스텔,https://www.zigbang.com/home/apt/items/49098743
2026-05-28 07:54:01,오피스텔,48915538,월세,01,부산시 강서구 신호동,강서구,신호동,300,30,0,51.22,15.49,중,급월세 일조권 좋고 트임 좋은 집,https://www.zigbang.com/home/apt/items/48915538
2026-05-28 07:54:01,오피스텔,49115389,전세,01,부산시 강서구 송정동,강서구,송정동,7000,0,0,43.22,13.07,고,급전세  넓고 깔끔한  오피스텔,https://www.zigbang.com/home/apt/items/49115389
2026-05-28 07:54:01,오피스텔,49060409,월세,01,부산시 강서구 신호동,강서구,신호동,500,25,0,46.01,13.92,중,"전입가능,명지오피스텔,청년,중소기업,저렴한 월세",https://www.zigbang.com/home/apt/items/49060409
2026-05-28 07:54:01,오피스텔,49000365,월세,01,부산시 강서구 송정동,강서구,송정동,500,45,0,50.5,15.28,3,ꯁ송정동 신축 테라스 오피스텔l풀옵션 즉시 입주 가능ꯁ,https://www.zigbang.com/home/apt/items/49000365
2026-05-28 07:54:01,오피스텔,49150156,전세,01,부산시 강서구 송정동,강서구,송정동,9500,0,0,59,17.85,17,보증보험가입가능 전세자금대출가능,https://www.zigbang.com/home/apt/items/49150156
2026-05-28 07:54:01,오피스텔,49115404,월세,01,부산시 강서구 송정동,강서구,송정동,500,45,0,57.86,17.5,고,급월세  넓고 트임좋은 오피스텔 베란다있는 넓은집,https://www.zigbang.com/home/apt/items/49115404
2026-05-28 07:54:01,오피스텔,49060661,전세,01,부산시 강서구 신호동,강서구,신호동,2500,0,0,46.01,13.92,중,"전입가능,명지오피스텔,청년,중소기업,귀한 전세",https://www.zigbang.com/home/apt/items/49060661
2026-05-28 07:54:01,오피스텔,49115506,월세,01,부산시 강서구 송정동,강서구,송정동,500,38,0,48.61,14.7,고,급월세  넓고 깔끔한 오피스텔,https://www.zigbang.com/home/apt/items/49115506
2026-05-28 07:54:01,오피스텔,48957908,월세,01,부산시 강서구 송정동,강서구,송정동,300,35,0,46.17,13.97,고,급월세 넓고 깔끔한 원룸,https://www.zigbang.com/home/apt/items/48957908
2026-05-28 07:54:01,오피스텔,49113003,월세,01,부산시 강서구 송정동,강서구,송정동,500,40,0,48,14.52,19,송정더시티 중간평수 19층 고층이라 개방감 굿,https://www.zigbang.com/home/apt/items/49113003
2026-05-28 07:54:01,오피스텔,48915536,월세,01,부산시 강서구 송정동,강서구,송정동,300,35,0,43.22,13.07,고,급월세  넓고 깔금한 원룸 오피스텔,https://www.zigbang.com/home/apt/items/48915536
2026-05-28 07:54:01,오피스텔,49095801,월세,01,부산시 강서구 송정동,강서구,송정동,300,35,0,44.33,13.41,중,V빠른입주V저렴한월세V,https://www.zigbang.com/home/apt/items/49095801
2026-05-28 07:54:01,오피스텔,49058330,전세,01,부산시 강서구 송정동,강서구,송정동,9000,0,0,57.86,17.5,고,급전세 넓고 깔끔한 오피스텔,https://www.zigbang.com/home/apt/items/49058330
2026-05-28 07:54:02,오피스텔,49138470,월세,01,부산시 사하구 당리동,사하구,당리동,300,35,0,271.32,82.07,9,o당리초역세권o넓은통유리o정남향o,https://www.zigbang.com/home/apt/items/49138470
2026-05-28 07:54:02,오피스텔,49058339,월세,01,부산시 사하구 당리동,사하구,당리동,500,38,0,27.78,8.4,5,당리최고신축 수납좋은 깔끔오피스텔,https://www.zigbang.com/home/apt/items/49058339
2026-05-28 07:54:02,오피스텔,49060232,월세,02,부산시 사하구 당리동,사하구,당리동,300,33,0,26.82,8.11,4,I 초역세권 I 경비실있음 I 풀옵션 I,https://www.zigbang.com/home/apt/items/49060232
2026-05-28 07:54:02,오피스텔,49138520,월세,02,부산시 사하구 당리동,사하구,당리동,300,33,0,26.09,7.89,중,o준신축o풀옵션o당리초역세권o,https://www.zigbang.com/home/apt/items/49138520
2026-05-28 07:54:02,오피스텔,48910312,월세,01,부산시 사하구 당리동,사하구,당리동,1000,36,0,27,8.17,8,당리에서 가장 신축인 곳 사진보다 실물이 넓어요,https://www.zigbang.com/home/apt/items/48910312
2026-05-28 07:54:02,오피스텔,48923831,월세,01,부산시 사하구 신평동,사하구,신평동,200,23,0,22.78,6.89,3,V동매역 바로앞V단기가능V,https://www.zigbang.com/home/apt/items/48923831
2026-05-28 07:54:02,오피스텔,49049301,월세,01,부산시 사하구 당리동,사하구,당리동,500,38,0,27.78,8.4,9,I 전세가능 I 위치대박 I,https://www.zigbang.com/home/apt/items/49049301
2026-05-28 07:54:02,오피스텔,49002661,월세,01,부산시 사하구 당리동,사하구,당리동,500,38,0,27.78,8.4,중,옵션최상 v 채광 조망 좋은 오피스텔,https://www.zigbang.com/home/apt/items/49002661
2026-05-28 07:54:01,오피스텔,49117953,월세,02,부산시 강서구 명지동,강서구,명지동,1000,55,0,84.56,25.58,12,"방1 거실1 정남향 뻥뷰, 전입은 불가입니다",https://www.zigbang.com/home/apt/items/49117953
2026-05-28 07:54:01,오피스텔,49150368,월세,02,부산시 강서구 명지동,강서구,명지동,500,50,0,66.69,20.17,18,전입가능 남서향 고층 입주협의 인기좋은 분리형,https://www.zigbang.com/home/apt/items/49150368
2026-05-28 07:54:01,오피스텔,49039533,월세,02,부산시 강서구 명지동,강서구,명지동,1000,65,0,68.08,20.59,고,전입신고가능.1.5룸 탑층 복층.신축.풀옵션.,https://www.zigbang.com/home/apt/items/49039533
2026-05-28 07:54:01,오피스텔,49150134,전세,05,부산시 강서구 명지동,강서구,명지동,29000,0,0,171,51.73,11,각방 에어컨 설치 중문 냉장고 식세기까지,https://www.zigbang.com/home/apt/items/49150134
2026-05-28 07:54:01,오피스텔,49147167,전세,01,부산시 강서구 명지동,강서구,명지동,8800,0,0,57.13,17.28,6,가전 제품 완비된 매우 깨끗한 원룸.,https://www.zigbang.com/home/apt/items/49147167
2026-05-28 07:54:01,오피스텔,49069358,월세,01,부산시 강서구 명지동,강서구,명지동,200,50,0,52.18,15.78,12,대방인기단기방 2달이상부터 즉시입주가능,https://www.zigbang.com/home/apt/items/49069358
2026-05-28 07:54:01,오피스텔,49105598,월세,01,부산시 강서구 명지동,강서구,명지동,500,37,0,53.35,16.14,16,"2개월월세지원, 즉시입주가능, 원룸풀옵션",https://www.zigbang.com/home/apt/items/49105598
2026-05-28 07:54:01,오피스텔,49065526,월세,04,부산시 강서구 명지동,강서구,명지동,2000,99,0,146.16,44.21,10,ll 월세ㅣ6월ㅣ신축 ll,https://www.zigbang.com/home/apt/items/49065526
2026-05-28 07:54:01,오피스텔,49090755,월세,04,부산시 강서구 명지동,강서구,명지동,2000,99,0,146.16,44.21,중,ll 신축ㅣ월세ㅣ풀옵션 ll,https://www.zigbang.com/home/apt/items/49090755
2026-05-28 07:54:01,오피스텔,49015635,월세,01,부산시 강서구 명지동,강서구,명지동,500,37,0,42.14,12.75,6,ꯁ  2달 월세 0원ㅣ강서구 직장인을 위한 오피스텔 ꯁ,https://www.zigbang.com/home/apt/items/49015635
2026-05-28 07:54:07,오피스텔,48907821,월세,01,광주시 광산구 우산동,광산구,우산동,300,35,0,42.97,13.0,고,42인치 티비 풀옵션 즉시입주가능,https://www.zigbang.com/home/apt/items/48907821
2026-05-28 07:54:07,오피스텔,49132988,월세,01,광주시 광산구 우산동,광산구,우산동,300,35,0,39.66,12.0,11,빌트인옵션 즉시 입주가능,https://www.zigbang.com/home/apt/items/49132988
2026-05-28 07:54:07,오피스텔,48536084,월세,01,광주시 광산구 우산동,광산구,우산동,200,30,0,36.4,11.01,7,단기가능ㅇ광주여대5분ㅇ즉시입주가ㅇ내부넓음,https://www.zigbang.com/home/apt/items/48536084
2026-05-28 07:54:07,오피스텔,49120484,월세,01,광주시 광산구 소촌동,광산구,소촌동,300,38,0,39,11.8,7,KOREAㅇㅇ반려가ㅇ전망좋은집ㅇ정남향ㅇ휘트니스센터,https://www.zigbang.com/home/apt/items/49120484
2026-05-28 07:54:07,오피스텔,49159252,전세,01,광주시 광산구 소촌동,광산구,소촌동,6700,0,0,39.66,12.0,중,풀옵션 .주차장넉넉.LH가능.즉시입주가,https://www.zigbang.com/home/apt/items/49159252
2026-05-28 07:54:07,오피스텔,49158221,월세,01,광주시 광산구 소촌동,광산구,소촌동,300,41,0,39.67,12.0,13,주차편리ㅇ반려가능ㅇ풀옵션ㅇ휘트니스센터ㅇ,https://www.zigbang.com/home/apt/items/49158221
2026-05-28 07:54:07,오피스텔,49112744,월세,01,광주시 광산구 소촌동,광산구,소촌동,300,35,0,31,9.38,저,도시형 원룸형 임대.tv포함 풀옵션,https://www.zigbang.com/home/apt/items/49112744
2026-05-28 07:54:07,오피스텔,49008073,월세,01,광주시 광산구 우산동,광산구,우산동,200,30,0,44.47,13.45,7,ㅇ광주여대5분ㅇ드림시티ㅇ즉시입주가ㅇ내부넓음,https://www.zigbang.com/home/apt/items/49008073
2026-05-28 07:54:07,오피스텔,49159808,월세,01,광주시 광산구 우산동,광산구,우산동,300,30,0,39.66,12.0,4,욕실이 넓음 일조좋음,https://www.zigbang.com/home/apt/items/49159808
2026-05-28 07:54:07,오피스텔,49152982,월세,01,광주시 서구 치평동,서구,치평동,500,45,0,49.59,15.0,중,조망좋은 꼐끗한집 전입가능 즉시입주가능해요,https://www.zigbang.com/home/apt/items/49152982
2026-05-28 07:54:07,오피스텔,49152987,월세,01,광주시 서구 치평동,서구,치평동,500,45,0,49.59,15.0,중,햇살좋은남향 깨끗한집 도배완료 즉시입주가능해요,https://www.zigbang.com/home/apt/items/49152987
2026-05-28 07:54:07,오피스텔,49017567,전세,03,광주시 서구 치평동,서구,치평동,4800,0,0,57.24,17.32,7,"개별냉난방, 빌트인,바닥 난방,빠른입주가능",https://www.zigbang.com/home/apt/items/49017567
2026-05-28 07:54:07,오피스텔,49142231,월세,01,광주시 서구 치평동,서구,치평동,300,42,0,49.59,15.0,저,초저가 가성비  좋고 방크고 업체 청소  깨끗한 오피스텔,https://www.zigbang.com/home/apt/items/49142231
2026-05-28 07:54:07,오피스텔,49153009,월세,01,광주시 서구 치평동,서구,치평동,500,45,0,49.59,15.0,고,광주시내 무등산까지 쫘악 보이는 조망좋은집이예요,https://www.zigbang.com/home/apt/items/49153009
2026-05-28 07:54:07,오피스텔,49016367,월세,01,광주시 서구 치평동,서구,치평동,1000,40,0,49.58,15.0,중,"전망 좋은 방향,내부완전 깨끗하고, 방큰 오피스텔",https://www.zigbang.com/home/apt/items/49016367
2026-05-28 07:54:07,오피스텔,49152869,월세,04,광주시 서구 치평동,서구,치평동,1000,95,0,96.73,29.26,중,조망최상 양창뷰 깨끗한집 방2 거실 화장실구조입니다,https://www.zigbang.com/home/apt/items/49152869
2026-05-28 07:54:07,오피스텔,48975491,월세,01,광주시 서구 치평동,서구,치평동,500,45,0,49.58,15.0,중,"전입가능하고,입주청소 완료된 즉시입주 전망좋은 방향",https://www.zigbang.com/home/apt/items/48975491
2026-05-28 07:54:07,오피스텔,48995325,월세,03,광주시 서구 치평동,서구,치평동,500,30,0,43.63,13.2,8,치평동 중심상권 복층형 풀옵션 오피스텔 즉시입주 주차편리,https://www.zigbang.com/home/apt/items/48995325
2026-05-28 07:54:07,오피스텔,49147932,월세,02,광주시 광산구 월계동,광산구,월계동,500,55,0,37.69,11.4,5,R 첨단 제이지3차 R 풀옵션 l 신축오피 l 창2,https://www.zigbang.com/home/apt/items/49147932
2026-05-28 07:54:07,오피스텔,49105182,월세,02,광주시 광산구 쌍암동,광산구,쌍암동,1000,60,0,58.22,17.61,19,첨단 아파트형 오피스텔입니다.,https://www.zigbang.com/home/apt/items/49105182
2026-05-28 07:54:07,오피스텔,49146989,월세,02,광주시 광산구 월계동,광산구,월계동,500,58,0,44.75,13.54,고,거실1 방1 즉시입주,https://www.zigbang.com/home/apt/items/49146989
2026-05-28 07:54:07,오피스텔,49136267,월세,01,광주시 광산구 쌍암동,광산구,쌍암동,1000,36,0,37.74,11.42,고,도휘에드가 부분 리모델링 l 깨끗한 방 l,https://www.zigbang.com/home/apt/items/49136267
2026-05-28 07:54:07,오피스텔,49073484,월세,01,광주시 광산구 월계동,광산구,월계동,200,40,0,29.91,9.05,고,빠른입주가능한매물도있음 베란다있는  원룸형,https://www.zigbang.com/home/apt/items/49073484
2026-05-28 07:54:07,오피스텔,49136278,전세,03,광주시 광산구 월계동,광산구,월계동,10000,0,0,53.84,16.29,중,oO 트레비엔 오피스텔 Oo 보증보험 l 전세 l 복층,https://www.zigbang.com/home/apt/items/49136278
2026-05-28 07:54:07,오피스텔,49136227,월세,03,광주시 광산구 월계동,광산구,월계동,1000,48,0,45.32,13.71,중,oO 트레비엔 오피스텔 Oo 채광좋은 방 l 신축급,https://www.zigbang.com/home/apt/items/49136227
2026-05-28 07:54:07,오피스텔,49147054,전세,01,광주시 광산구 쌍암동,광산구,쌍암동,6000,0,0,40.16,12.15,6,7월초입주가능 전입가능,https://www.zigbang.com/home/apt/items/49147054
2026-05-28 07:54:07,오피스텔,49073540,월세,02,광주시 광산구 쌍암동,광산구,쌍암동,3000,35,0,44.64,13.5,고,SJ 서진부동산 믿을 수 있는 100프로 실매물 방1 거실,https://www.zigbang.com/home/apt/items/49073540
2026-05-28 07:54:07,오피스텔,48922320,월세,01,광주시 광산구 쌍암동,광산구,쌍암동,500,55,0,52.69,15.94,고,넓은 원룸형 도생 전입가능 즉시입주가능,https://www.zigbang.com/home/apt/items/48922320
2026-05-28 07:54:18,오피스텔,49132983,월세,01,전라북도 전주시 덕진구 덕진동1가,전주시 덕진구,덕진동1가,500,60,0,54.41,16.46,고,세움오피스텔ㅇ탁트인뷰ㅇ편한주차ㅇ편의시설ㅇ수영헬스장ㅇ전입가능,https://www.zigbang.com/home/apt/items/49132983
2026-05-28 07:54:18,오피스텔,49112993,월세,01,전라북도 전주시 완산구 서노송동,전주시 완산구,서노송동,300,50,0,22.6,6.84,중,중간크기v오피스텔v전망좋음v위치최상v탁트인뷰v최상의컨디션v,https://www.zigbang.com/home/apt/items/49112993
2026-05-28 07:54:18,오피스텔,49077808,월세,01,전라북도 전주시 완산구 서노송동,전주시 완산구,서노송동,300,45,0,65.23,19.73,저,ꗟꗟ 시청 옆 ꗟꗟ 오피스텔 十 귀가동선 안전 十 한옥마을,https://www.zigbang.com/home/apt/items/49077808
2026-05-28 07:54:33,오피스텔,49018277,월세,01,전라북도 군산시 나운동,군산시,나운동,200,25,0,54.28,16.42,11,"오피스텔 월세 25만원, 냉난방,바닥난방, 아늑한원룸",https://www.zigbang.com/home/apt/items/49018277
2026-05-28 07:54:33,오피스텔,48895742,월세,01,전라북도 군산시 나운동,군산시,나운동,200,25,0,62.84,19.01,10,"오피스텔 월세 25만원, 시티뷰 아늑한 원룸, 상태양호",https://www.zigbang.com/home/apt/items/48895742
2026-05-28 07:54:33,오피스텔,49130549,월세,01,전라북도 군산시 나운동,군산시,나운동,200,25,0,51.18,15.48,12,"오피스텔 월세25만원, 전망이 아름다움",https://www.zigbang.com/home/apt/items/49130549
2026-05-28 07:54:33,오피스텔,48895727,매매,01,전라북도 군산시 나운동,군산시,나운동,1500,0,1500,48.67,14.72,11,"군산 오피스텔 매매 1500만원, 시티뷰, 전망좋음",https://www.zigbang.com/home/apt/items/48895727
2026-05-28 07:54:33,오피스텔,49154893,월세,01,전라북도 군산시 나운동,군산시,나운동,200,25,0,62.84,19.01,14,오피스텔 9평형 25만원으로 바닥난방및 냉난방기등 풀옵션,https://www.zigbang.com/home/apt/items/49154893
2026-05-28 07:54:36,오피스텔,48897030,월세,02,전라북도 익산시 영등동,익산시,영등동,2000,55,0,53,16.03,고,"개인매물,생활권편리한도시형생활주택,풀옵션,전입신고가능",https://www.zigbang.com/home/apt/items/48897030
2026-05-28 07:54:36,오피스텔,49012154,월세,04,전라북도 익산시 어양동,익산시,어양동,1000,90,0,127.09,38.44,5,"풀옵션신축오피스텔,즉시입주가능,보2000만원 월80만원가능",https://www.zigbang.com/home/apt/items/49012154
2026-05-28 07:54:36,오피스텔,49050034,월세,05,전라북도 익산시 모현동1가,익산시,모현동1가,2000,80,0,135.65,41.03,9,"전입신고가능,풀옵션",https://www.zigbang.com/home/apt/items/49050034
2026-05-28 07:54:36,오피스텔,49141570,월세,01,전라북도 전주시 덕진구 송천동2가,전주시 덕진구,송천동2가,500,52,0,57.1,17.27,중,ꗟꗟ 에코 시티 ꗟꗟ 전입신고OK 十 풀옵션 十 상권최상,https://www.zigbang.com/home/apt/items/49141570
2026-05-28 07:54:38,오피스텔,49013393,전세,01,충청남도 논산시 내동,논산시,내동,7000,0,0,28.1,8.5,8,"테라스가 있어요.채광,공기  정망이최고",https://www.zigbang.com/home/apt/items/49013393
2026-05-28 07:54:38,오피스텔,48935999,월세,01,충청남도 논산시 내동,논산시,내동,500,45,0,36.4,11.01,고,건양대 서문 신축오피스텔,https://www.zigbang.com/home/apt/items/48935999
2026-05-28 07:54:38,오피스텔,48970673,월세,02,충청남도 논산시 내동,논산시,내동,4000,25,0,39.67,12.0,7,1.5룸 신축오피스텔 절충가능 입주요.,https://www.zigbang.com/home/apt/items/48970673
2026-05-28 07:54:53,오피스텔,49086490,전세,04,대전시 대덕구 중리동,대덕구,중리동,16500,0,0,58.32,17.64,중,"무융자 HUG 보증보험가능, 큰투룸,건조기 시스템에어컨2대",https://www.zigbang.com/home/apt/items/49086490
2026-05-28 07:54:53,오피스텔,49076360,전세,04,대전시 대덕구 중리동,대덕구,중리동,16500,0,0,60.12,18.19,5,ㅣ무융자 ㅣ즉시입주 ㅣ건조기ㅣ투룸아파트ㅣ주차ㅣ안심매물ㅣ,https://www.zigbang.com/home/apt/items/49076360
2026-05-28 07:54:53,오피스텔,49076364,월세,04,대전시 대덕구 중리동,대덕구,중리동,15500,10,0,50,15.12,5,보증보험가능 투룸 아파트 전세권설정 전입신고 주차,https://www.zigbang.com/home/apt/items/49076364
2026-05-28 07:54:53,오피스텔,49076416,전세,04,대전시 대덕구 중리동,대덕구,중리동,17000,0,0,44.2,13.37,9,무융자 보증보험 투룸아파트 건조기 티비까지 풀옵션 주차,https://www.zigbang.com/home/apt/items/49076416
2026-05-28 07:54:53,오피스텔,49136344,월세,01,대전시 서구 용문동,서구,용문동,500,30,0,26.45,8.0,7,놓치면후회귀한나이스타운.용문역백화점도보1분위치최상,https://www.zigbang.com/home/apt/items/49136344
2026-05-28 07:54:53,오피스텔,49122152,월세,02,대전시 서구 괴정동,서구,괴정동,300,56,0,43.01,13.01,5,즉시입주가능 고층 인기매물 선착순 풀옵션 도로변 채광좋음,https://www.zigbang.com/home/apt/items/49122152
2026-05-28 07:54:53,오피스텔,49142929,매매,05,대전시 서구 용문동,서구,용문동,31700,0,31700,187.11,56.6,5,"신축 첫분양, KCC건설 84타입 오피스텔, 최대지원혜택",https://www.zigbang.com/home/apt/items/49142929
2026-05-28 07:54:53,오피스텔,49122147,월세,02,대전시 서구 괴정동,서구,괴정동,300,56,0,43.01,13.01,5,"인기매물, 도로변 오피스텔, 풀옵션, 고층, 채광 좋음,",https://www.zigbang.com/home/apt/items/49122147
2026-05-28 07:54:53,오피스텔,48730508,전세,04,대전시 중구 유천동,중구,유천동,18100,0,0,87.2,26.38,2,신축 첫 입주 오피스텔 전세권설정 보증보험가능 넓은 투 룸,https://www.zigbang.com/home/apt/items/48730508
2026-05-28 07:54:53,오피스텔,49122174,월세,02,대전시 서구 괴정동,서구,괴정동,300,54,0,43.01,13.01,6,독점 매물 인기 좋은 매물 수납 좋은 풀옵션 일점오룸.,https://www.zigbang.com/home/apt/items/49122174
2026-05-28 07:54:53,오피스텔,49018631,월세,01,대전시 서구 용문동,서구,용문동,200,37,0,36.36,11.0,고,앞이막혀있지않은 아이스테이 매물,https://www.zigbang.com/home/apt/items/49018631
2026-05-28 07:54:53,오피스텔,49010538,월세,01,대전시 서구 용문동,서구,용문동,500,40,0,43.52,13.16,5,V용문역 초인접 신축급 도생1룸V주차편리V안전한위치V깔끔,https://www.zigbang.com/home/apt/items/49010538
2026-05-28 07:54:53,오피스텔,48956579,월세,01,대전시 서구 용문동,서구,용문동,200,28,0,23.74,7.18,저,V용문역 초인접 도생1룸V가성비갑V안전한위치V깨끗하고깔끔,https://www.zigbang.com/home/apt/items/48956579
2026-05-28 07:54:53,오피스텔,49110948,월세,01,대전시 서구 용문동,서구,용문동,500,55,0,53.98,16.33,6,V1.5룸 크기에 대궐같은 도생1룸V주차편리V용문역초인접,https://www.zigbang.com/home/apt/items/49110948
2026-05-28 07:54:53,오피스텔,49122144,월세,02,대전시 서구 괴정동,서구,괴정동,300,56,0,43.01,13.01,고,여성인기매물 예쁜투룸식원룸 인기매물 선착순 채광굿 보안굿,https://www.zigbang.com/home/apt/items/49122144
2026-05-28 07:54:53,오피스텔,49142931,매매,05,대전시 서구 용문동,서구,용문동,33000,0,33000,187.11,56.6,중,"남향 신축 첫입주 분양, KCC건설 오피스텔, 최대지원혜택",https://www.zigbang.com/home/apt/items/49142931
2026-05-28 07:54:53,오피스텔,48923822,월세,02,대전시 서구 괴정동,서구,괴정동,2000,50,0,46.28,14.0,중,롯데백화점 인근 나이스팰리스,https://www.zigbang.com/home/apt/items/48923822
2026-05-28 07:54:53,오피스텔,49105187,월세,01,대전시 서구 괴정동,서구,괴정동,300,56,0,42.52,12.86,2,도시형깔끔한 풀옵션 신축급 오피스텔,https://www.zigbang.com/home/apt/items/49105187
2026-05-28 07:54:53,오피스텔,49038870,월세,01,대전시 서구 용문동,서구,용문동,200,28,0,22.88,6.92,2,vv마스터vv 역세권 도시형생활주택 깔끔한 옵션 즉입,https://www.zigbang.com/home/apt/items/49038870
2026-05-28 07:54:53,오피스텔,49153126,매매,05,대전시 유성구 용계동,유성구,용계동,36000,0,36000,172.75,52.26,25,공실 즉시입주,https://www.zigbang.com/home/apt/items/49153126
2026-05-28 07:54:53,오피스텔,49042055,월세,01,대전시 서구 둔산동,서구,둔산동,200,37,0,21,6.35,중,o둔산탑어반o 가성비 단기가능 시청역도보5분 마치오피스텔,https://www.zigbang.com/home/apt/items/49042055
2026-05-28 07:54:53,오피스텔,49038741,월세,01,대전시 서구 둔산동,서구,둔산동,500,55,0,30.26,9.15,5,vv마스터vv 시청역도보3분 신축 건조기 스타일러 포함,https://www.zigbang.com/home/apt/items/49038741
2026-05-28 07:54:53,오피스텔,48936322,월세,01,대전시 유성구 봉명동,유성구,봉명동,200,30,0,23,6.96,10,"개방감있는창문,풀옵션,착한금액,접근성좋은위치,단기가능",https://www.zigbang.com/home/apt/items/48936322
2026-05-28 07:54:53,오피스텔,48964159,월세,01,대전시 유성구 궁동,유성구,궁동,300,30,0,23,6.96,7,충남대 바로 앞 베란다 분리형 깔끔한 원룸,https://www.zigbang.com/home/apt/items/48964159
2026-05-28 07:54:53,오피스텔,49122333,월세,01,대전시 유성구 궁동,유성구,궁동,300,35,0,26.45,8.0,고,"S도시형 아파트, 베란다 넓은룸,충남대1분",https://www.zigbang.com/home/apt/items/49122333
2026-05-28 07:54:53,오피스텔,49042491,월세,01,대전시 유성구 봉명동,유성구,봉명동,300,31,0,20,6.05,8,o둔산탑어반o 충남대 인근 봉명동 메인거리 인프라 풀옵션,https://www.zigbang.com/home/apt/items/49042491
2026-05-28 07:54:53,오피스텔,48887593,월세,01,대전시 유성구 봉명동,유성구,봉명동,50,40,0,22,6.65,4,"1개월부터6개월모두가능,기간별금액,풀옵션,개방감굳",https://www.zigbang.com/home/apt/items/48887593
2026-05-28 07:54:53,오피스텔,49042106,월세,01,대전시 유성구 봉명동,유성구,봉명동,500,46,0,29.75,9.0,고,충대앞드리미아.고층.남향,https://www.zigbang.com/home/apt/items/49042106
2026-05-28 07:54:53,오피스텔,49042488,월세,02,대전시 유성구 봉명동,유성구,봉명동,500,60,0,42.98,13.0,고,봉명동 스카이뷰리버 풀옵션 1.5룸,https://www.zigbang.com/home/apt/items/49042488
2026-05-28 07:54:53,오피스텔,48980462,월세,01,대전시 유성구 봉명동,유성구,봉명동,300,31,0,33.05,10.0,중,하이랜드1차 원룸.남향,https://www.zigbang.com/home/apt/items/48980462
2026-05-28 07:54:53,오피스텔,49152180,월세,01,대전시 유성구 봉명동,유성구,봉명동,2500,25,0,33.05,10.0,10,"반전세,,충대앞.오피스텔 큰방",https://www.zigbang.com/home/apt/items/49152180
2026-05-28 07:54:53,오피스텔,49133553,월세,01,대전시 유성구 봉명동,유성구,봉명동,50,40,0,22,6.65,고,"1개월부터도가능,단기,캠퍼스타워,봉명동중심가,풀옵션",https://www.zigbang.com/home/apt/items/49133553
2026-05-28 07:54:55,오피스텔,48982588,월세,01,세종시 세종 대평동,,대평동,500,60,0,49.59,15.0,고,"7월5일부터협의입주, 깨끗한 방, 트인 뷰",https://www.zigbang.com/home/apt/items/48982588
2026-05-28 07:54:55,오피스텔,48954247,전세,01,세종시 세종 대평동,,대평동,8000,0,0,59.13,17.89,6,전입가능. 8월말입주,https://www.zigbang.com/home/apt/items/48954247
2026-05-28 07:54:55,오피스텔,48993374,월세,01,세종시 세종 대평동,,대평동,500,60,0,81.95,24.79,6,"펠리체타워상권편리한 오피스텔, 사업자가능,부가세별도",https://www.zigbang.com/home/apt/items/48993374
2026-05-28 07:54:55,오피스텔,48988057,월세,01,세종시 세종 대평동,,대평동,500,55,0,59.13,17.89,5,7월말 8월초 입주협의가능. 전입X,https://www.zigbang.com/home/apt/items/48988057
2026-05-28 07:54:55,오피스텔,48987944,월세,01,세종시 세종 대평동,,대평동,500,55,0,59.13,17.89,5,7월초입주가능. 전입X,https://www.zigbang.com/home/apt/items/48987944
2026-05-28 07:54:55,오피스텔,49139711,월세,04,대전시 유성구 관평동,유성구,관평동,1000,75,0,179.11,54.18,중,"귀한 투룸.관리비저렴,조용함.",https://www.zigbang.com/home/apt/items/49139711
2026-05-28 07:54:55,오피스텔,48949452,월세,01,대전시 유성구 관평동,유성구,관평동,500,50,0,231.4,70.0,7,"한신에스메카 복층 ,전망굿, 조용함",https://www.zigbang.com/home/apt/items/48949452
2026-05-28 07:54:55,오피스텔,49139692,월세,01,대전시 유성구 관평동,유성구,관평동,500,50,0,96,29.04,7,"넓고,밝은,조용하고 편리한 오피스텔.대형마트 인접.",https://www.zigbang.com/home/apt/items/49139692
2026-05-28 07:54:55,오피스텔,49086088,월세,04,대전시 유성구 관평동,유성구,관평동,3000,55,0,95.86,29.0,10,귀한 투룸 월세.현대아울렛인근거리.,https://www.zigbang.com/home/apt/items/49086088
2026-05-28 07:54:55,오피스텔,49097760,월세,03,대전시 유성구 관평동,유성구,관평동,500,60,0,74.9,22.66,8,"신축,중앙하이츠.조용함,주차시설굿.3평 여유공간 으로 사용",https://www.zigbang.com/home/apt/items/49097760
2026-05-28 07:55:00,오피스텔,49143790,월세,02,경상남도 진주시 충무공동,진주시,충무공동,500,50,0,54.59,16.51,4,베란다 넓은 깨끗한 방,https://www.zigbang.com/home/apt/items/49143790
2026-05-28 07:55:00,오피스텔,49137525,월세,01,경상남도 진주시 평거동,진주시,평거동,500,45,0,49.59,15.0,4,㉧ㅡ서빈No.1구해줘홈즈ㅡ㉧추천BEST꿀방,https://www.zigbang.com/home/apt/items/49137525
2026-05-28 07:55:00,오피스텔,49131535,월세,03,경상남도 진주시 평거동,진주시,평거동,1000,60,0,66.12,20.0,8,㉧ㅡ서빈No.1구해줘홈즈ㅡ㉧추천BEST꿀방,https://www.zigbang.com/home/apt/items/49131535
2026-05-28 07:55:04,오피스텔,49148578,월세,01,경상남도 창원시 의창구 명서동,창원시 의창구,명서동,300,38,0,49.59,15.0,8,이쁘고 아주밝은 큰방.남향 귀한전세.완전풀옵션주차완비헬스장,https://www.zigbang.com/home/apt/items/49148578
2026-05-28 07:55:04,오피스텔,49089711,전세,02,경상남도 창원시 마산회원구 양덕동,창원시 마산회원구,양덕동,5500,0,0,54.69,16.54,6,마산 수출공단 인근 방1 거실1,https://www.zigbang.com/home/apt/items/49089711
2026-05-28 07:55:04,오피스텔,49160994,전세,02,경상남도 창원시 마산회원구 양덕동,창원시 마산회원구,양덕동,7500,0,0,61.6,18.63,8,양덕동 수출후문 방1 거실1,https://www.zigbang.com/home/apt/items/49160994
2026-05-28 07:55:04,오피스텔,49041038,월세,02,경상남도 창원시 마산회원구 합성동,창원시 마산회원구,합성동,200,41,0,29.75,9.0,2,합성동 단기방 가능 올리모델링,https://www.zigbang.com/home/apt/items/49041038
2026-05-28 07:55:04,오피스텔,49135282,월세,01,경상남도 창원시 마산회원구 합성동,창원시 마산회원구,합성동,150,35,0,26.45,8.0,2,합성동  단기가능 풀옵션 티비 인터넷완비,https://www.zigbang.com/home/apt/items/49135282
2026-05-28 07:55:04,오피스텔,49148582,월세,01,경상남도 창원시 의창구 봉곡동,창원시 의창구,봉곡동,300,35,0,46.28,14.0,9,"이쁘고 아주밝은 아주큰방  즉시입주 풀옵션
마트옆 주차완비",https://www.zigbang.com/home/apt/items/49148582
2026-05-28 07:55:04,오피스텔,49148579,월세,01,경상남도 창원시 의창구 봉곡동,창원시 의창구,봉곡동,500,36,0,52.89,16.0,저,"이쁘고 아주밝은 완전풀옵션 아주큰방 즉시입주 
큰화장실",https://www.zigbang.com/home/apt/items/49148579
2026-05-28 07:55:04,오피스텔,49135276,월세,01,경상남도 창원시 의창구 팔용동,창원시 의창구,팔용동,500,60,0,45.35,13.72,23,신축 창원역인근 신화더플렉스시티 깔끔한 옵션,https://www.zigbang.com/home/apt/items/49135276
2026-05-28 07:55:04,오피스텔,49044864,월세,04,경상남도 창원시 의창구 중동,창원시 의창구,중동,2000,120,0,144.1,43.59,15,투룸 풀옵션 즉시 입주,https://www.zigbang.com/home/apt/items/49044864
2026-05-28 07:55:04,오피스텔,49010943,월세,01,경상남도 창원시 의창구 중동,창원시 의창구,중동,1000,70,0,77.28,23.38,16,풀옵션 원룸 빠른 입주,https://www.zigbang.com/home/apt/items/49010943
2026-05-28 07:55:04,오피스텔,49043872,매매,04,경상남도 창원시 의창구 중동,창원시 의창구,중동,29500,0,29500,144.47,43.7,고,투룸 풀옵션 구조 실입주 또는 전세안고 가능 매물,https://www.zigbang.com/home/apt/items/49043872
2026-05-28 07:55:04,오피스텔,49043779,매매,02,경상남도 창원시 의창구 중동,창원시 의창구,중동,24000,0,24000,106.58,32.24,14,분리형 룸1 거실1  선호도 높은 매물,https://www.zigbang.com/home/apt/items/49043779
2026-05-28 07:55:04,오피스텔,49010347,매매,04,경상남도 창원시 의창구 중동,창원시 의창구,중동,28500,0,28500,143.53,43.42,중,오피스텔 투룸 3베이 급매,https://www.zigbang.com/home/apt/items/49010347
2026-05-28 07:55:04,오피스텔,49135290,월세,01,경상남도 창원시 의창구 팔용동,창원시 의창구,팔용동,500,65,0,45.35,13.72,19,신화더플렉스시티  오피스텔  예쁜테라스,https://www.zigbang.com/home/apt/items/49135290
2026-05-28 07:55:12,오피스텔,49165722,월세,01,대구시 달성군 다사읍 죽곡리,달성군,다사읍,500,50,0,33.06,10.0,중,GOOD. 대실역 1분.오피스텔,https://www.zigbang.com/home/apt/items/49165722
2026-05-28 07:55:12,오피스텔,48896922,월세,01,대구시 달서구 이곡동,달서구,이곡동,500,45,0,39.67,12.0,고,원룸형 오피스텔 쇼핑월드 성서산단역 1분,https://www.zigbang.com/home/apt/items/48896922
2026-05-28 07:55:12,오피스텔,49090798,월세,04,대구시 달서구 이곡동,달서구,이곡동,500,64,0,98.72,29.86,6,"주거용, 전입가능, 둘이 살기 좋아요. 복층형, 거실.",https://www.zigbang.com/home/apt/items/49090798
2026-05-28 07:55:12,오피스텔,49165716,월세,04,대구시 달서구 이곡동,달서구,이곡동,500,65,0,95.87,29.0,4,초 역세권 오피스텔 복층 형 풀옵션,https://www.zigbang.com/home/apt/items/49165716
2026-05-28 07:55:12,오피스텔,49165754,월세,04,대구시 달서구 이곡동,달서구,이곡동,1000,65,0,98.72,29.86,10,초역세권 오피스텔 깔끔한 스타일 복층형,https://www.zigbang.com/home/apt/items/49165754
2026-05-28 07:55:13,오피스텔,49044237,월세,04,대구시 남구 대명동,남구,대명동,800,60,0,76.92,23.27,5,방2 거실넓어요 신축급 전입o 단기o 반려동물o 특급조건o,https://www.zigbang.com/home/apt/items/49044237
2026-05-28 07:55:13,오피스텔,49096288,월세,01,대구시 달서구 두류동,달서구,두류동,500,48,0,50,15.12,7,특급가성비추천 방이뻐요 전입0 조절가 인프라 풀옵션적극추천,https://www.zigbang.com/home/apt/items/49096288
2026-05-28 07:55:13,오피스텔,48983154,월세,02,경상남도 김해시 신문동,김해시,신문동,1000,70,0,49.53,14.98,중,"에2,세탁기,냉장고,전입가능",https://www.zigbang.com/home/apt/items/48983154
2026-05-28 07:55:13,오피스텔,49100453,월세,04,경상남도 김해시 신문동,김해시,신문동,2000,70,0,66.8,20.21,저,"전입가능,에어컨3대",https://www.zigbang.com/home/apt/items/49100453
2026-05-28 07:55:13,오피스텔,49133244,월세,01,경상남도 김해시 신문동,김해시,신문동,500,50,0,27.86,8.43,중,"에어컨,냉장고,세탁기,전입가능",https://www.zigbang.com/home/apt/items/49133244
2026-05-28 07:55:13,오피스텔,49118543,전세,04,경상남도 김해시 신문동,김해시,신문동,19000,0,0,66.8,20.21,고,"에어컨,세탁기,냉장고,전입가능",https://www.zigbang.com/home/apt/items/49118543
2026-05-28 07:55:13,오피스텔,48701768,월세,04,경상남도 김해시 신문동,김해시,신문동,2000,80,0,66.8,20.21,저,"전입가능,전월세조정가능,에2,풀옵션",https://www.zigbang.com/home/apt/items/48701768
2026-05-28 07:55:14,오피스텔,48982779,월세,01,경상남도 김해시 진영읍 여래리,김해시,진영읍,500,42,0,49.37,14.93,10,7평형 원룸 깔끔한 오피스텔,https://www.zigbang.com/home/apt/items/48982779
2026-05-28 07:55:14,오피스텔,49147809,월세,01,경상남도 김해시 진영읍 여래리,김해시,진영읍,400,42,0,49.37,14.93,7,원룸형 오피스텔 입주일협의,https://www.zigbang.com/home/apt/items/49147809
2026-05-28 07:55:14,오피스텔,49096182,월세,04,경상남도 김해시 내동,김해시,내동,1000,70,0,104.73,31.68,중,NO.1내외동 최고고컬리티VV주상복합오피스텔VV경보더숨시티,https://www.zigbang.com/home/apt/items/49096182
2026-05-28 07:55:14,오피스텔,48994632,월세,01,경상남도 김해시 부원동,김해시,부원동,500,40,0,42.98,13.0,중,"역인근,반려동물가능,준신축오피스텔원룸",https://www.zigbang.com/home/apt/items/48994632
2026-05-28 07:55:14,오피스텔,48849257,월세,04,경상남도 김해시 내동,김해시,내동,5000,50,0,65.39,19.78,7,"박물관역인근,준신축,방2거실분리형",https://www.zigbang.com/home/apt/items/48849257
2026-05-28 07:55:14,오피스텔,49124819,월세,02,경상남도 김해시 부원동,김해시,부원동,500,60,0,59.6,18.03,5,"역인근,반려동물가능,준신축,방1거실분리형",https://www.zigbang.com/home/apt/items/49124819
2026-05-28 07:55:14,오피스텔,48994604,월세,01,경상남도 김해시 부원동,김해시,부원동,300,45,0,58.05,17.56,4,"역인근,반려동물가능,준신축오피스텔원룸",https://www.zigbang.com/home/apt/items/48994604
2026-05-28 07:55:15,오피스텔,48888385,전세,04,부산시 북구 금곡동,북구,금곡동,18000,0,0,874.59,264.56,고,"보증보험가입, 융자없음, 실사진, 실가격",https://www.zigbang.com/home/apt/items/48888385
2026-05-28 07:55:15,오피스텔,48853890,월세,02,부산시 북구 금곡동,북구,금곡동,500,50,0,59.5,18.0,4,방  거실  마감임박,https://www.zigbang.com/home/apt/items/48853890
2026-05-28 07:55:14,오피스텔,48916603,월세,05,경상남도 김해시 삼계동,김해시,삼계동,2000,70,0,68.27,20.65,2,귀한준신축방3화장실2오피스텔나왔습니다.,https://www.zigbang.com/home/apt/items/48916603
2026-05-28 07:55:14,오피스텔,48999057,월세,01,경상남도 김해시 삼계동,김해시,삼계동,300,45,0,48,14.52,고,초특가oO코아루오피스텔Oo 보증금월세 조절가능,https://www.zigbang.com/home/apt/items/48999057
2026-05-28 07:55:14,오피스텔,49161938,월세,04,경상남도 김해시 삼계동,김해시,삼계동,2000,65,0,85.01,25.72,5,신축오피스텔 좋은호실 골라잡기 보증금월세조절가능,https://www.zigbang.com/home/apt/items/49161938
2026-05-28 07:55:14,오피스텔,48967704,월세,01,경상남도 김해시 삼계동,김해시,삼계동,100,28,0,44.22,13.38,고,"oO올리모델링 오피스텔Oo초특가,방범,보안아주좋아요",https://www.zigbang.com/home/apt/items/48967704
2026-05-28 07:55:14,오피스텔,49161948,월세,04,경상남도 김해시 삼계동,김해시,삼계동,1000,50,0,61.48,18.6,4,oO집주인사정상 초급매Oo 먼저하시는분임자입니다 급급매물,https://www.zigbang.com/home/apt/items/49161948
2026-05-28 07:55:14,오피스텔,49089117,월세,05,경상남도 김해시 삼계동,김해시,삼계동,2000,70,0,111.04,33.59,8,oO당일등록 블루시티퀸덤Oo월세 보증금 조절 가능합니다,https://www.zigbang.com/home/apt/items/49089117
2026-05-28 07:55:15,오피스텔,48897988,전세,05,경상남도 양산시 물금읍 범어리,양산시,물금읍,13000,0,0,91.14,27.57,중,"귀한전세,채광및조망굿,남서향,6월중순입주,풀옵션,초역세권,",https://www.zigbang.com/home/apt/items/48897988
2026-05-28 07:55:15,오피스텔,49154540,전세,05,경상남도 양산시 물금읍 범어리,양산시,물금읍,14000,0,0,94.98,28.73,중,"귀한전세,8월입주가능,풀옵션,초역세권,전세자금 대출가능,",https://www.zigbang.com/home/apt/items/49154540
2026-05-28 07:55:15,오피스텔,49029050,월세,05,경상남도 양산시 물금읍 범어리,양산시,물금읍,1000,65,0,91.14,27.57,중,"업무용임,채광및전망굿,동향,5월말입주,풀옵션,초역세권,주",https://www.zigbang.com/home/apt/items/49029050
2026-05-28 07:55:15,오피스텔,48856722,월세,05,경상남도 양산시 물금읍 범어리,양산시,물금읍,1000,75,0,90.06,27.24,중,"A타입,채광및조망굿,남서향,6월말입주,풀옵션,초역세권,",https://www.zigbang.com/home/apt/items/48856722
2026-05-28 07:55:15,오피스텔,49029028,월세,05,경상남도 양산시 물금읍 범어리,양산시,물금읍,1000,75,0,94.98,28.73,중,"업무용임,남향,즉시입주,풀옵션,초역세권,이쁜구조,주차",https://www.zigbang.com/home/apt/items/49029028
2026-05-28 07:55:17,오피스텔,49162067,전세,02,부산시 동래구 온천동,동래구,온천동,12000,0,0,38.44,11.63,14,ll 전호실 보유중 ll,https://www.zigbang.com/home/apt/items/49162067
2026-05-28 07:55:17,오피스텔,49169176,월세,02,부산시 동래구 온천동,동래구,온천동,8000,15,0,33.44,10.12,4,"미남역,신축,중기청,버팀목,보증보험,분리형,보증금조절",https://www.zigbang.com/home/apt/items/49169176
2026-05-28 07:55:17,오피스텔,49052675,전세,04,부산시 동래구 온천동,동래구,온천동,16000,0,0,63.11,19.09,고,"미남역,HF버팀목,보증보험,가입완료,보증금조절",https://www.zigbang.com/home/apt/items/49052675
2026-05-28 07:55:17,오피스텔,48961688,월세,02,부산시 동래구 온천동,동래구,온천동,500,55,0,42.13,12.74,5,"lll포르테시티 전호실 보유 중,방1 거실1 분리형lll",https://www.zigbang.com/home/apt/items/48961688
2026-05-28 07:55:17,오피스텔,48894779,전세,02,부산시 동래구 온천동,동래구,온천동,12000,0,0,38.48,11.64,10,"르씨엘,버팀목,중기청,보증보험가입,반환조건,보증조절가능",https://www.zigbang.com/home/apt/items/48894779
2026-05-28 07:55:17,오피스텔,48903365,전세,02,부산시 동래구 온천동,동래구,온천동,12000,0,0,38.44,11.63,중,현금 100만원드립니다. 더이상 허위매물에 속지마세요.,https://www.zigbang.com/home/apt/items/48903365
2026-05-28 07:55:17,오피스텔,48905351,월세,04,부산시 해운대구 반송동,해운대구,반송동,1000,60,0,64.95,19.65,6,"방2거실1베란다,초역세권,신축급오피,주차편리,즉시입주",https://www.zigbang.com/home/apt/items/48905351
2026-05-28 07:55:17,오피스텔,49137152,월세,02,부산시 연제구 연산동,연제구,연산동,1000,52,0,38.94,11.78,10,"귀한 고층 거실,방1,화1 남서향",https://www.zigbang.com/home/apt/items/49137152
2026-05-28 07:55:17,오피스텔,48922637,월세,01,부산시 연제구 연산동,연제구,연산동,100,55,0,32.53,9.84,8,연산동 귀한 단기임대 역세권 오피스텔 큐브아이,https://www.zigbang.com/home/apt/items/48922637
2026-05-28 07:55:17,오피스텔,48940658,월세,01,부산시 연제구 연산동,연제구,연산동,50,63,0,38.27,11.58,13,"최대할인, 합리적 보증금, 단기임대 가능한 풀옵션 레지던스",https://www.zigbang.com/home/apt/items/48940658
2026-05-28 07:55:17,오피스텔,49105934,월세,01,부산시 연제구 연산동,연제구,연산동,200,45,0,32.56,9.85,고,P 연산역 초역세권 이쁜인테리어,https://www.zigbang.com/home/apt/items/49105934
2026-05-28 07:55:17,오피스텔,49119682,월세,02,부산시 연제구 연산동,연제구,연산동,2800,61,0,43,13.01,16,신축 풀옵션투룸 역세권 즉시입주 뻥뷰 채광맛집,https://www.zigbang.com/home/apt/items/49119682
2026-05-28 07:55:17,오피스텔,49005895,월세,01,부산시 연제구 연산동,연제구,연산동,200,45,0,32.56,9.85,저,연산역 도보1분  신축급 애완동물 단기도 가능합니다,https://www.zigbang.com/home/apt/items/49005895
2026-05-28 07:55:17,오피스텔,49005856,월세,01,부산시 연제구 연산동,연제구,연산동,200,38,0,32.53,9.84,16,수납공간아주 좋은 초역세권 오피스텔,https://www.zigbang.com/home/apt/items/49005856
2026-05-28 07:55:17,오피스텔,49022233,전세,02,부산시 연제구 연산동,연제구,연산동,13000,0,0,40.09,12.13,5,"연산역,신축,버팀목,HUG보증보험,보증금조절",https://www.zigbang.com/home/apt/items/49022233
2026-05-28 07:55:17,오피스텔,48917851,월세,02,부산시 연제구 연산동,연제구,연산동,2000,61,0,43.32,13.1,11,"방1,거실1, 정남향의 채광,펜트리,스타일러",https://www.zigbang.com/home/apt/items/48917851
2026-05-28 07:55:17,오피스텔,48981168,월세,01,부산시 연제구 연산동,연제구,연산동,200,45,0,32.56,9.85,고,oo연산동 생숙 오피스텔형oo연산역 바로앞oo인기매물oo,https://www.zigbang.com/home/apt/items/48981168
2026-05-28 07:55:17,오피스텔,49085422,월세,01,부산시 연제구 연산동,연제구,연산동,220,58,0,32.56,9.85,고,"최대할인, 초역세권 가성비 풀옵션 레지던스",https://www.zigbang.com/home/apt/items/49085422
2026-05-28 07:55:17,오피스텔,48885207,월세,02,부산시 연제구 연산동,연제구,연산동,1000,72,0,42.43,12.84,2,전호실 보유 중,https://www.zigbang.com/home/apt/items/48885207
2026-05-28 07:55:17,오피스텔,49166530,월세,01,부산시 동래구 안락동,동래구,안락동,500,45,0,32,9.68,고,충렬사역인근 풀옵션오피스텔,https://www.zigbang.com/home/apt/items/49166530
2026-05-28 07:55:17,오피스텔,49162169,전세,02,부산시 수영구 망미동,수영구,망미동,11000,0,0,41.99,12.7,중,"보증보험 가입 완료, 2024년 준공",https://www.zigbang.com/home/apt/items/49162169
2026-05-28 07:55:19,오피스텔,49043853,월세,01,부산시 기장군 정관읍 매학리,기장군,정관읍,300,52,0,51.14,15.47,5,"즉입, 트인조망, 인기라인",https://www.zigbang.com/home/apt/items/49043853
2026-05-28 07:55:19,오피스텔,48951087,전세,01,부산시 기장군 정관읍 매학리,기장군,정관읍,5000,0,0,47.02,14.22,10,"정관 인기있는 신축급 웰메이드시티오피스텔, 귀한 전세방",https://www.zigbang.com/home/apt/items/48951087
2026-05-28 07:55:19,오피스텔,48973166,월세,02,부산시 기장군 정관읍 매학리,기장군,정관읍,1000,75,0,51.14,15.47,6,"귀한 투룸, 넓은 펜트리, 발코니, 넓은 붙박이장",https://www.zigbang.com/home/apt/items/48973166
2026-05-28 07:55:19,오피스텔,49094453,월세,02,부산시 기장군 정관읍 매학리,기장군,정관읍,300,50,0,51.14,15.47,10,"분리형 원룸, 발코니,중문, 즉입",https://www.zigbang.com/home/apt/items/49094453
2026-05-28 07:55:19,오피스텔,49131872,월세,02,부산시 기장군 정관읍 매학리,기장군,정관읍,300,52,0,51.14,15.47,11,"공실, 즉입, 최신축이라 완전 깨끗",https://www.zigbang.com/home/apt/items/49131872
2026-05-28 07:55:19,오피스텔,48951039,매매,01,부산시 기장군 정관읍 매학리,기장군,정관읍,5500,0,5500,46.28,14.0,5,정관 인기좋은 신축급 웰메이드시티 오피스텔,https://www.zigbang.com/home/apt/items/48951039
2026-05-28 07:55:19,오피스텔,48973008,월세,02,부산시 기장군 정관읍 매학리,기장군,정관읍,300,52,0,51.14,15.47,9,"즉입되는 귀한 매물, 1.5룸,발코니, 중문,최신오피스텔",https://www.zigbang.com/home/apt/items/48973008
2026-05-28 07:55:19,오피스텔,49025306,월세,01,부산시 기장군 정관읍 매학리,기장군,정관읍,1000,36,0,46.28,14.0,10,정관에서 인기좋은 신축급 웰메이드오피스텔,https://www.zigbang.com/home/apt/items/49025306
2026-05-28 07:55:19,오피스텔,48917753,월세,02,부산시 기장군 기장읍 청강리,기장군,기장읍,500,43,0,52.71,15.94,14,"대로변 오피스텔, 사진보다 실제로 보시면 더 큽니다.",https://www.zigbang.com/home/apt/items/48917753
2026-05-28 07:55:19,오피스텔,49097266,월세,01,부산시 기장군 기장읍 청강리,기장군,기장읍,300,35,0,41.51,12.56,9,기장 오피스텔 보안최고,https://www.zigbang.com/home/apt/items/49097266
2026-05-28 07:55:19,오피스텔,48917744,월세,01,부산시 기장군 기장읍 청강리,기장군,기장읍,300,35,0,48,14.52,9,"전입신고 가능, 2층 피트니스 센터 있는 기장 오피스텔",https://www.zigbang.com/home/apt/items/48917744
2026-05-28 07:55:19,오피스텔,49019196,매매,04,부산시 기장군 기장읍 대라리,기장군,기장읍,10000,0,10000,80.5,24.35,4,투자용 연수익 660만원 즉시 수익가능 임차중. 파격급매,https://www.zigbang.com/home/apt/items/49019196
2026-05-28 07:55:19,오피스텔,49097278,월세,02,부산시 기장군 기장읍 대라리,기장군,기장읍,500,40,0,40.44,12.23,13,기장 오피스텔 위치최고 컨디션최고,https://www.zigbang.com/home/apt/items/49097278
2026-05-28 07:55:19,오피스텔,49097263,월세,02,부산시 기장군 기장읍 청강리,기장군,기장읍,500,43,0,46.36,14.02,7,기장 오피스텔 보안최고,https://www.zigbang.com/home/apt/items/49097263
2026-05-28 07:55:19,오피스텔,49105938,월세,01,부산시 기장군 기장읍 청강리,기장군,기장읍,300,35,0,48.02,14.53,20,P 기장 가장 인기 있는 오피스텔,https://www.zigbang.com/home/apt/items/49105938
2026-05-28 07:55:19,오피스텔,49122326,월세,01,부산시 기장군 기장읍 청강리,기장군,기장읍,300,35,0,48,14.52,8,2층 피트니센터가 있는 기장최신축 오피스텔,https://www.zigbang.com/home/apt/items/49122326
2026-05-28 07:55:19,오피스텔,49140023,월세,01,부산시 기장군 기장읍 연화리,기장군,기장읍,200,85,0,126.27,38.2,8,고급 오피스텔 풀퍼니시드 오션뷰,https://www.zigbang.com/home/apt/items/49140023
2026-05-28 07:55:19,오피스텔,49058700,월세,02,부산시 기장군 기장읍 연화리,기장군,기장읍,600,66,0,61.65,18.65,7,오션뷰 첫입주 저렴한 월세. 풀옵션 신축 오피스텔. 공실,https://www.zigbang.com/home/apt/items/49058700
2026-05-28 07:55:19,오피스텔,48966819,월세,01,부산시 해운대구 송정동,해운대구,송정동,500,59,0,47.03,14.23,5,"송정 내방에서 바라보는 오션뷰 투룸,오시리아 관광특구 선호",https://www.zigbang.com/home/apt/items/48966819
2026-05-28 07:55:19,오피스텔,49124609,월세,04,부산시 기장군 기장읍 시랑리,기장군,기장읍,1000,130,0,150.31,45.47,고,리조트형주거시설ㅡ 헬스장ㅡ스크린골프,https://www.zigbang.com/home/apt/items/49124609
2026-05-28 07:55:19,오피스텔,48849841,월세,01,부산시 해운대구 송정동,해운대구,송정동,500,55,0,47.03,14.23,3,안전하고 깔끔한 오션뷰 오피스텔 송정해안가 2분 편세권,https://www.zigbang.com/home/apt/items/48849841
2026-05-28 07:55:19,오피스텔,49124581,월세,04,부산시 기장군 기장읍 시랑리,기장군,기장읍,1000,140,0,149.08,45.1,고,바다뷰ㅣ최저가월세ㅣ구조good,https://www.zigbang.com/home/apt/items/49124581
2026-05-28 07:55:19,오피스텔,48850000,월세,01,부산시 해운대구 송정동,해운대구,송정동,1000,63,0,39.09,11.82,12,송정에서 제일 안전하고 깔끔한 전호실 오션뷰 오피스텔,https://www.zigbang.com/home/apt/items/48850000
2026-05-28 07:55:19,오피스텔,49124589,월세,04,부산시 기장군 기장읍 시랑리,기장군,기장읍,1000,140,0,149.08,45.1,중,에어컨.세탁기.냉장고.건조기.스타일러ㅣ월세ㅣ구조good,https://www.zigbang.com/home/apt/items/49124589
2026-05-28 07:55:19,오피스텔,49100879,월세,04,부산시 기장군 기장읍 시랑리,기장군,기장읍,1000,150,0,149.18,45.13,중,"귀한 오션뷰 풀옵션 거실,방2,화2,에3",https://www.zigbang.com/home/apt/items/49100879
2026-05-28 07:55:19,오피스텔,49071404,월세,01,부산시 해운대구 송정동,해운대구,송정동,300,25,0,29.75,9.0,3,"송정 해변가 바로 인근,대로변 오피스텔 구조,방이 큽니다.",https://www.zigbang.com/home/apt/items/49071404
2026-05-28 07:55:19,오피스텔,48849709,월세,01,부산시 해운대구 송정동,해운대구,송정동,500,57,0,36.86,11.15,10,기장에서 가장 가까운 송정 깔끔하고 뷰나오는 전호실오피스텔,https://www.zigbang.com/home/apt/items/48849709
2026-05-28 07:55:19,오피스텔,49098737,월세,01,부산시 해운대구 송정동,해운대구,송정동,500,48,0,36.86,11.15,4,송정 오션뷰 전호실 조용하고 관리잘된 오피스텔,https://www.zigbang.com/home/apt/items/49098737
2026-05-28 07:55:21,오피스텔,48853213,월세,01,부산시 기장군 장안읍 반룡리,기장군,장안읍,200,50,0,42.98,13.0,중,빠른입주 장안산단 내 유일한 햇빛 잘 드는 신축급 풀옵션,https://www.zigbang.com/home/apt/items/48853213
2026-05-28 07:55:24,오피스텔,49002650,월세,04,경상북도 경산시 중방동,경산시,중방동,950,65,0,76.81,23.23,12,I 첫입주 I 신축 I 오피스텔 투룸 I,https://www.zigbang.com/home/apt/items/49002650
2026-05-28 07:55:24,오피스텔,48849655,월세,03,경상북도 경산시 대평동,경산시,대평동,500,42,0,23.14,7.0,7,강ㅣ변ㅣ뷰ㅣ시ㅣ티ㅣ뷰ㅣ복ㅣ층,https://www.zigbang.com/home/apt/items/48849655
2026-05-28 07:55:24,오피스텔,49144180,월세,02,경상북도 경산시 대평동,경산시,대평동,500,63,0,31.23,9.45,11,I 강변 I 초깔끔 I 오피스텔 I,https://www.zigbang.com/home/apt/items/49144180
2026-05-28 07:55:24,오피스텔,48982081,월세,03,경상북도 경산시 대평동,경산시,대평동,500,50,0,34,10.28,12,위ㅣ치ㅣ깡ㅣ패ㅣ뷰ㅣ좋ㅣ은ㅣ집,https://www.zigbang.com/home/apt/items/48982081
2026-05-28 07:55:24,오피스텔,49163121,월세,03,경상북도 경산시 대평동,경산시,대평동,500,65,0,49.59,15.0,15,투ㅣ룸ㅣ복ㅣ층ㅣ여ㅣ기ㅣ여ㅣ기,https://www.zigbang.com/home/apt/items/49163121
2026-05-28 07:55:26,오피스텔,49083925,매매,05,울산시 중구 학성동,중구,학성동,35000,0,35000,117.86,35.65,저,초급매ㅇ모델하우스같은컨디션ㅇ즉시입주가능ㅇ방3화장실2ㅇ수납짱,https://www.zigbang.com/home/apt/items/49083925
2026-05-28 07:55:26,오피스텔,49127968,월세,01,울산시 중구 반구동,중구,반구동,500,45,0,65.97,19.96,고,7월중순ㅇ주차편리ㅇ착한월세ㅇ고층풀옵션ㅇ시장인접ㅇ생활권편리,https://www.zigbang.com/home/apt/items/49127968
2026-05-28 07:55:26,오피스텔,49131539,월세,01,울산시 중구 우정동,중구,우정동,500,57,0,52.67,15.93,고,7월1일 입주 조용하고  뷰예쁨   좋은매물,https://www.zigbang.com/home/apt/items/49131539
2026-05-28 07:55:26,오피스텔,49069177,월세,01,울산시 중구 우정동,중구,우정동,8000,20,0,52.67,15.93,중,"7월31일입주. 보증보험, 전세대출가능. 해잘듬. 귀한매물",https://www.zigbang.com/home/apt/items/49069177
2026-05-28 07:55:26,오피스텔,49069020,월세,01,울산시 중구 우정동,중구,우정동,500,57,0,52.67,15.93,중,7월25일입주 뷰예쁨  좋은매물,https://www.zigbang.com/home/apt/items/49069020
2026-05-28 07:55:26,오피스텔,49165950,월세,01,울산시 중구 우정동,중구,우정동,500,60,0,52.67,15.93,중,7월1일입주  해잘들고 뷰좋음  귀한월세매물,https://www.zigbang.com/home/apt/items/49165950
2026-05-28 07:55:26,오피스텔,49146280,월세,01,울산시 중구 우정동,중구,우정동,500,65,0,52.67,15.93,고,7월1일입주가능. 풀옵션. 뷰예쁨. 귀한월세.,https://www.zigbang.com/home/apt/items/49146280
2026-05-28 07:55:32,오피스텔,49166005,월세,01,경상북도 김천시 율곡동,김천시,율곡동,300,45,0,49.58,15.0,중,"한신휴오피,주차편리,7월초",https://www.zigbang.com/home/apt/items/49166005
2026-05-28 07:55:32,오피스텔,49090003,전세,01,경상북도 김천시 율곡동,김천시,율곡동,9000,0,0,70.03,21.18,13,"코아루,분리형큰방,7월9일",https://www.zigbang.com/home/apt/items/49090003
2026-05-28 07:55:32,오피스텔,48885956,전세,02,경상북도 김천시 율곡동,김천시,율곡동,8500,0,0,72,21.78,중,"코아루C,분리형큰방,즉시입주",https://www.zigbang.com/home/apt/items/48885956
2026-05-28 07:55:32,오피스텔,49121407,월세,02,경상북도 김천시 율곡동,김천시,율곡동,500,55,0,80.33,24.3,고,"영무오피,전망뚫림,분리형큰방,7월1일",https://www.zigbang.com/home/apt/items/49121407
2026-05-28 07:55:32,오피스텔,48996153,전세,02,경상북도 김천시 율곡동,김천시,율곡동,9000,0,0,72.72,22.0,고,"코아루오피,C타입,분리형방,6월말",https://www.zigbang.com/home/apt/items/48996153
2026-05-28 07:55:32,오피스텔,48855315,월세,01,경상북도 김천시 율곡동,김천시,율곡동,5400,15,0,49.59,15.0,고,"써밋,A타입,6월협의",https://www.zigbang.com/home/apt/items/48855315
2026-05-28 07:55:32,오피스텔,49166080,월세,01,경상북도 김천시 율곡동,김천시,율곡동,300,45,0,56.2,17.0,중,"써밋B타입,9편큰방,6월말",https://www.zigbang.com/home/apt/items/49166080
2026-05-28 07:55:32,오피스텔,48853015,월세,01,경상북도 김천시 율곡동,김천시,율곡동,300,38,0,42.97,13.0,8,율곡동 혁신도시 ktx 역 바로 앞 오피스텔입니다,https://www.zigbang.com/home/apt/items/48853015
2026-05-28 07:55:32,오피스텔,49073168,월세,01,경상북도 김천시 율곡동,김천시,율곡동,6500,15,0,56.19,17.0,중,"써밋,B타입큰방,6월중순,보증보험",https://www.zigbang.com/home/apt/items/49073168
2026-05-28 07:55:32,오피스텔,49127241,월세,01,경상북도 김천시 율곡동,김천시,율곡동,300,37,0,52.89,16.0,고,"영무오피,남향,7월초",https://www.zigbang.com/home/apt/items/49127241
2026-05-28 07:55:32,오피스텔,49089660,월세,02,경상북도 김천시 율곡동,김천시,율곡동,500,55,0,62.8,19.0,중,"써밋,C타입,분리형방,7월말",https://www.zigbang.com/home/apt/items/49089660
2026-05-28 07:55:33,오피스텔,49052224,월세,01,대구시 동구 신천동,동구,신천동,500,45,0,54.75,16.56,9,"테라스,,,교통좋고 전망좋은 풀옵션 구조예쁜 오피스",https://www.zigbang.com/home/apt/items/49052224
2026-05-28 07:55:33,오피스텔,48946710,월세,01,대구시 동구 신천동,동구,신천동,500,42,0,55.51,16.79,중,동대구역 바로앞 관리잘된 오피스텔 최저가 착한임대인 전입o,https://www.zigbang.com/home/apt/items/48946710
2026-05-28 07:55:33,오피스텔,48974140,월세,01,대구시 동구 신천동,동구,신천동,500,43,0,52.89,16.0,고,전입ok 입주청소완료 착한임대인 즉시입주가능 깔끔한호실,https://www.zigbang.com/home/apt/items/48974140
2026-05-28 07:55:33,오피스텔,49166088,월세,01,대구시 동구 신천동,동구,신천동,500,50,0,58.67,17.75,15,"테라스,,,교통좋고 전망좋은 풀옵션 넓은타입의 인기오피스",https://www.zigbang.com/home/apt/items/49166088
2026-05-28 07:55:33,오피스텔,49166132,월세,01,대구시 동구 신천동,동구,신천동,500,38,0,46.12,13.95,9,"테라스,,,동대구환승센타앞 풀옵션 착한가격의 인기오피스텔",https://www.zigbang.com/home/apt/items/49166132
2026-05-28 07:55:34,오피스텔,48956698,월세,01,경상북도 구미시 임수동,구미시,임수동,200,37,0,47.03,14.23,4,"침대등풀옵션,깨끗한방, 주차아주편리,인근e마트",https://www.zigbang.com/home/apt/items/48956698
2026-05-28 07:55:34,오피스텔,48956712,월세,02,경상북도 구미시 임수동,구미시,임수동,200,38,0,47.03,14.23,5,"아늑하고 따뜻한집, 주차편리,인근e마트,동락공원",https://www.zigbang.com/home/apt/items/48956712
2026-05-28 07:55:34,오피스텔,49071403,매매,01,경상북도 구미시 임수동,구미시,임수동,6400,0,6400,47.03,14.23,19,"멋진낙동강과 동락공원뷰, 생활편리한구조",https://www.zigbang.com/home/apt/items/49071403
2026-05-28 07:55:34,오피스텔,49071815,월세,01,경상북도 구미시 임수동,구미시,임수동,300,38,0,47.03,14.23,7,"주차편리,깨끗한방,인근e마트,동락공원",https://www.zigbang.com/home/apt/items/49071815
2026-05-28 07:57:01,오피스텔,48974544,월세,04,인천시 중구 운서동,중구,운서동,500,45,0,83.6,25.29,12,"방, 거실 분리 구조 분양25평 무료셔틀버스 운행",https://www.zigbang.com/home/apt/items/48974544
2026-05-28 07:57:01,오피스텔,48933909,월세,01,인천시 중구 운서동,중구,운서동,1000,80,0,112.39,34.0,5,인천공항공사 바로앞 국제업무단지 오피스,https://www.zigbang.com/home/apt/items/48933909
2026-05-28 07:57:01,오피스텔,48974528,월세,01,인천시 중구 운서동,중구,운서동,300,27,0,57.03,17.25,3,무료셔틀 버스 운행,https://www.zigbang.com/home/apt/items/48974528
2026-05-28 07:57:01,오피스텔,49019488,월세,01,인천시 중구 운서동,중구,운서동,300,30,0,64.72,19.58,8,"엘지에클라트 서향, 풀옵션, 무료셔틀버스 운행",https://www.zigbang.com/home/apt/items/49019488
2026-05-28 07:57:01,오피스텔,48974481,월세,01,인천시 중구 운서동,중구,운서동,300,25,0,50.16,15.17,중,무료셔틀버스 인천공항 및 화물터미널 운행,https://www.zigbang.com/home/apt/items/48974481
2026-05-28 07:57:03,오피스텔,49095897,월세,02,인천시 중구 중산동,중구,중산동,300,50,0,39.67,12.0,19,대각선 바다뷰 남서향신축 1.5  분리형.전입시500ㆍ62,https://www.zigbang.com/home/apt/items/49095897
2026-05-28 07:57:03,오피스텔,49076909,월세,03,인천시 중구 중산동,중구,중산동,300,43,0,66.12,20.0,23,탁트인 바다뷰 복층 •전입가능,https://www.zigbang.com/home/apt/items/49076909
2026-05-28 07:57:03,오피스텔,48883478,월세,04,인천시 중구 중산동,중구,중산동,1000,85,0,35,10.59,9,오션뷰 신축 . 투룸 . 전입가능 . 풀옵션,https://www.zigbang.com/home/apt/items/48883478
2026-05-28 07:57:03,오피스텔,49103274,월세,04,인천시 중구 중산동,중구,중산동,500,70,0,54.04,16.35,18,"귀한 투룸, 빠른 입주, 남서향, 오션뷰, 부가세별도",https://www.zigbang.com/home/apt/items/49103274
2026-05-28 07:57:03,오피스텔,49170583,월세,01,인천시 중구 중산동,중구,중산동,2000,20,0,66.12,20.0,19,탁트인 시티뷰 단층 전입가능한 반전세,https://www.zigbang.com/home/apt/items/49170583
2026-05-28 07:57:03,오피스텔,49103279,월세,02,인천시 중구 중산동,중구,중산동,500,65,0,57.97,17.54,7,"귀한 전입 가능, 신축, 1.5룸, 수납과 공간 모두 좋음",https://www.zigbang.com/home/apt/items/49103279
2026-05-28 07:57:03,오피스텔,49132622,월세,02,인천시 중구 중산동,중구,중산동,500,62,0,34.79,10.52,중,十귀한전입가능한세대十채광좋음十빠른입주가능十내부컨디션좋음十,https://www.zigbang.com/home/apt/items/49132622
2026-05-28 07:57:55,오피스텔,48940588,월세,01,충청남도 당진시 수청동,당진시,수청동,50,67,0,61.11,18.49,고,"최대할인, 출장용 추천, 호텔식 풀옵션",https://www.zigbang.com/home/apt/items/48940588
2026-05-28 07:57:55,오피스텔,48940298,월세,01,충청남도 당진시 수청동,당진시,수청동,185,62,0,61.11,18.49,고,"최대할인, 버스터미널 5분, 풀옵션",https://www.zigbang.com/home/apt/items/48940298
2026-05-28 07:57:58,오피스텔,49116173,월세,02,충청남도 아산시 배방읍 북수리,아산시,배방읍,1000,46,0,36.37,11.0,3,"북수리 유일 오피스텔,큰길,완벽주차,풀옵션",https://www.zigbang.com/home/apt/items/49116173
2026-05-28 07:57:58,오피스텔,48904972,월세,03,충청남도 아산시 권곡동,아산시,권곡동,300,28,0,60,18.15,1,역전10분 깔끔한 복층 원룸 풀옵션 월세,https://www.zigbang.com/home/apt/items/48904972
2026-05-28 07:57:58,오피스텔,48905093,월세,02,충청남도 아산시 온천동,아산시,온천동,300,25,0,60,18.15,5,온양온천역5분 넓은 원룸 풀옵션 월세,https://www.zigbang.com/home/apt/items/48905093
2026-05-28 07:57:58,오피스텔,49130320,월세,01,충청남도 아산시 온천동,아산시,온천동,100,30,0,31,9.38,2,OOOo온양온천역 도보 OK  단기 가능OK OOOo,https://www.zigbang.com/home/apt/items/49130320
2026-05-28 07:57:58,오피스텔,49005858,월세,02,충청남도 아산시 권곡동,아산시,권곡동,300,33,0,40.33,12.2,5,oO럭셔리한 오피스텔 라이프 원해 층수에따라 조율가능oO,https://www.zigbang.com/home/apt/items/49005858
2026-05-28 07:57:58,오피스텔,48893536,월세,01,충청남도 아산시 모종동,아산시,모종동,300,35,0,42.97,13.0,3,아산터미널 인근,https://www.zigbang.com/home/apt/items/48893536
2026-05-28 07:57:58,오피스텔,49167148,월세,03,충청남도 아산시 모종동,아산시,모종동,300,40,0,62,18.75,중,oO빅싸이즈 오피스텔 내가 대장이다  oO,https://www.zigbang.com/home/apt/items/49167148
2026-05-28 07:57:58,오피스텔,48980361,월세,01,충청남도 아산시 온천동,아산시,온천동,300,34,0,60,18.15,7,온양온천역5분 첫입주 넓은 원룸 풀옵션 월세,https://www.zigbang.com/home/apt/items/48980361
2026-05-28 07:57:58,오피스텔,48957853,월세,03,충청남도 아산시 모종동,아산시,모종동,500,35,0,57.06,17.26,11,원룸보다 2배 정도 큰 복층형 입니다.,https://www.zigbang.com/home/apt/items/48957853
2026-05-28 07:57:58,오피스텔,48893539,전세,03,충청남도 아산시 모종동,아산시,모종동,5000,0,0,55.72,16.86,고,"아산터미널 옆에 위치한  복층원룸
조용하고, 경치좋음",https://www.zigbang.com/home/apt/items/48893539
2026-05-28 07:57:58,오피스텔,48528307,월세,03,충청남도 아산시 권곡동,아산시,권곡동,300,28,0,40,12.1,1,lll 복층형 오피스텔 최저가 보장 llll,https://www.zigbang.com/home/apt/items/48528307
2026-05-28 07:57:58,오피스텔,49107703,월세,01,충청남도 아산시 온천동,아산시,온천동,200,40,0,32.38,9.79,중,ㅣㅣㅣ 가성비 좋은 도시형생활주택 ㅣㅣㅣ,https://www.zigbang.com/home/apt/items/49107703
2026-05-28 07:57:58,오피스텔,49005946,월세,01,충청남도 아산시 온천동,아산시,온천동,300,40,0,39.67,12.0,중,ooO귀한 오피스텔  온양온천역 도보가능 베란다유 oO,https://www.zigbang.com/home/apt/items/49005946
2026-05-28 07:57:58,오피스텔,49142066,월세,01,충청남도 아산시 온천동,아산시,온천동,300,35,0,33.06,10.0,중,llll 온천역 부근 신축 도시형생활주택 llll,https://www.zigbang.com/home/apt/items/49142066
2026-05-28 07:57:58,오피스텔,49062021,월세,01,충청남도 아산시 온천동,아산시,온천동,300,36,0,36.69,11.1,중,아산 갤러리휴리움,https://www.zigbang.com/home/apt/items/49062021
2026-05-28 07:57:58,오피스텔,49146019,월세,01,충청남도 아산시 온천동,아산시,온천동,300,34,0,32.13,9.72,4,아산 갤러리휴리움,https://www.zigbang.com/home/apt/items/49146019
2026-05-28 07:57:58,오피스텔,48869972,월세,04,충청남도 아산시 온천동,아산시,온천동,500,60,0,49.59,15.0,6,온양온천 역전 인근 올리브힐 투룸형 아파트풀옵션,https://www.zigbang.com/home/apt/items/48869972
2026-05-28 07:57:58,오피스텔,49108068,월세,02,충청남도 아산시 온천동,아산시,온천동,500,50,0,45.7,13.82,고,ㅣㅣㅣ  아산 일번 도시형 생활주택  ㅣㅣㅣ,https://www.zigbang.com/home/apt/items/49108068
2026-05-28 07:57:58,오피스텔,49089576,월세,02,충청남도 아산시 온천동,아산시,온천동,500,50,0,46.28,14.0,7,lllll  최신축 오피스텔 투베이 애완동물 가능 llll,https://www.zigbang.com/home/apt/items/49089576
2026-05-28 07:57:58,오피스텔,48893519,월세,01,충청남도 아산시 온천동,아산시,온천동,300,35,0,34,10.28,4,온양온천 전철역세 권 원룸,https://www.zigbang.com/home/apt/items/48893519
2026-05-28 07:57:58,오피스텔,48905712,월세,01,충청남도 아산시 온천동,아산시,온천동,300,35,0,33.06,10.0,5,온양온천역7분 신축 오피스텔 원룸 풀옵션 월세 반려동물0,https://www.zigbang.com/home/apt/items/48905712
2026-05-28 07:57:58,오피스텔,49130336,월세,01,충청남도 아산시 온천동,아산시,온천동,300,35,0,40,12.1,6,OOo최고 선호도 높은 오피스텔 조절가능OOo,https://www.zigbang.com/home/apt/items/49130336
2026-05-28 07:57:58,오피스텔,49128261,월세,02,충청남도 아산시 온천동,아산시,온천동,500,50,0,77.08,23.32,중,온양온천역 8분 신축 오피스텔 투베이 풀옵션 반려동물0,https://www.zigbang.com/home/apt/items/49128261
2026-05-28 07:57:58,오피스텔,49012725,월세,02,충청남도 아산시 탕정면 용두리,아산시,탕정면,500,65,0,67.33,20.37,중,전입신고가능한 귀한매물 풀옵션 1.5룸 즉시입주 주차편리,https://www.zigbang.com/home/apt/items/49012725
2026-05-28 07:57:58,오피스텔,49160917,월세,01,충청남도 아산시 탕정면 용두리,아산시,탕정면,52,52,0,28.64,8.66,8,전입가능한 단기매물 풀옵션원룸 즉시입주 전망좋음 주차편리,https://www.zigbang.com/home/apt/items/49160917
2026-05-28 07:57:58,오피스텔,49167936,월세,02,충청남도 아산시 탕정면 용두리,아산시,탕정면,500,65,0,59.01,17.85,중,신축 풀옵션1.5룸 정남향 주소이전가능 침대 소파는없음,https://www.zigbang.com/home/apt/items/49167936
2026-05-28 07:57:58,오피스텔,48907757,월세,01,충청남도 아산시 탕정면 용두리,아산시,탕정면,50,50,0,25.04,7.57,10,단기매물 전입가능 전망굿 풀옵션 원룸 즉시입주,https://www.zigbang.com/home/apt/items/48907757
2026-05-28 07:57:58,오피스텔,49031139,월세,01,충청남도 아산시 탕정면 용두리,아산시,탕정면,300,45,0,55,16.64,7,브라운스톤 원룸. 기숙사 환영 업무용,https://www.zigbang.com/home/apt/items/49031139
2026-05-28 07:57:59,오피스텔,49142851,월세,02,충청남도 천안시 동남구 청당동,천안시 동남구,청당동,500,45,0,47.35,14.32,3,분리형 투베이,https://www.zigbang.com/home/apt/items/49142851
2026-05-28 07:57:59,오피스텔,49143053,월세,02,충청남도 천안시 동남구 청당동,천안시 동남구,청당동,500,45,0,47.35,14.32,저,깔끔한 화이트톤 투베이,https://www.zigbang.com/home/apt/items/49143053
2026-05-28 07:57:59,오피스텔,49142964,월세,05,충청남도 천안시 동남구 청당동,천안시 동남구,청당동,1000,60,0,78.55,23.76,고,"방 3개, 화장실 2개, 쓰리룸",https://www.zigbang.com/home/apt/items/49142964
2026-05-28 07:57:59,오피스텔,49130727,월세,04,충청남도 천안시 동남구 청당동,천안시 동남구,청당동,1000,60,0,73,22.08,5,청당초옆에이디빌 방2화2 집깔끔하고좋아요 발코니있슴,https://www.zigbang.com/home/apt/items/49130727
2026-05-28 07:58:00,오피스텔,49067717,월세,01,충청남도 천안시 동남구 안서동,천안시 동남구,안서동,500,47,0,48,14.52,8,"보증금조절가능,안전한 오피스텔,대학교 근처, 입지좋음",https://www.zigbang.com/home/apt/items/49067717
2026-05-28 07:58:03,오피스텔,49029270,월세,04,경기도 화성시 만세구 향남읍 상신리,화성시 만세구,향남읍,1000,100,0,70,21.17,고,신축 첫입주.전입가능 투룸 오피스텔.시스템에어컨O.,https://www.zigbang.com/home/apt/items/49029270
2026-05-28 07:58:03,오피스텔,49066762,월세,01,경기도 화성시 만세구 향남읍 하길리,화성시 만세구,향남읍,500,50,0,49.42,14.95,고,중심상가내.넓은 원룸구조.생활형숙박시설. 테라스O.전입X,https://www.zigbang.com/home/apt/items/49066762
2026-05-28 07:58:03,오피스텔,49139212,월세,02,경기도 화성시 만세구 남양읍 남양리,화성시 만세구,남양읍,100,55,0,51.6,15.61,고,"화성시청 사거리 풀옵션 신축, 전입 가능 5월 입주",https://www.zigbang.com/home/apt/items/49139212
2026-05-28 07:58:03,오피스텔,49139326,월세,02,경기도 화성시 만세구 남양읍 남양리,화성시 만세구,남양읍,100,55,0,51.6,15.61,11,단기임대  화성시청앞 신축 오피스텔 1.5룸,https://www.zigbang.com/home/apt/items/49139326
2026-05-28 07:58:03,오피스텔,49165938,월세,02,경기도 화성시 만세구 남양읍 남양리,화성시 만세구,남양읍,100,63,0,68.14,20.61,10,"신축 분리형 1.5룸 널찍한 큰 평수, 빠른 입주",https://www.zigbang.com/home/apt/items/49165938
2026-05-28 07:58:03,오피스텔,49139318,월세,02,경기도 화성시 만세구 남양읍 남양리,화성시 만세구,남양읍,100,63,0,68,20.57,10,화성시청앞 신축 넓은 오피스텔 귀한 단기 월세,https://www.zigbang.com/home/apt/items/49139318
2026-05-28 07:58:03,오피스텔,49118758,월세,02,경기도 화성시 만세구 남양읍 남양리,화성시 만세구,남양읍,500,65,0,42.98,13.0,고,컨디션 좋은  주방 분리형   수납공간 많음 주차 아주편리,https://www.zigbang.com/home/apt/items/49118758
2026-05-28 07:58:03,오피스텔,49146332,월세,01,경기도 화성시 만세구 남양읍 남양리,화성시 만세구,남양읍,100,50,0,46.28,14.0,4,채광 좋은 남향이며 단기임대 가능,https://www.zigbang.com/home/apt/items/49146332
2026-05-28 07:58:03,오피스텔,49013585,월세,04,경기도 화성시 만세구 남양읍 남양리,화성시 만세구,남양읍,300,75,0,59.5,18.0,7,풀옵션 2룸  채광 좋으며 방2  단기임대 가능,https://www.zigbang.com/home/apt/items/49013585
2026-05-28 07:58:03,오피스텔,49066683,월세,04,경기도 화성시 만세구 남양읍 남양리,화성시 만세구,남양읍,1000,65,0,60.12,18.19,2,방 모두 넓은 풀옵션 2룸  전입신고 세금계산서,https://www.zigbang.com/home/apt/items/49066683
2026-05-28 07:58:03,오피스텔,49118779,월세,01,경기도 화성시 만세구 남양읍 남양리,화성시 만세구,남양읍,200,50,0,42.98,13.0,3,수납공간 많으며  방 넓음 단기임대도 전입신고 가능,https://www.zigbang.com/home/apt/items/49118779
2026-05-28 07:58:06,오피스텔,48970674,월세,03,경기도 화성시 만세구 향남읍 행정리,화성시 만세구,향남읍,500,48,0,36.36,11.0,2,감성있는 복층 원룸 오피스텔. 1지구 유일,https://www.zigbang.com/home/apt/items/48970674
2026-05-28 07:58:06,오피스텔,49090603,매매,03,경기도 용인시 기흥구 서천동,용인시 기흥구,서천동,11000,0,11000,46.84,14.17,고,"안정적 수익형,복층원룸, 경희대, 삼성DSR 근접",https://www.zigbang.com/home/apt/items/49090603
2026-05-28 07:58:06,오피스텔,49109241,매매,01,경기도 화성시 동탄구 석우동,화성시 동탄구,석우동,5800,0,5800,49.84,15.08,중,초급매매.소액투자.즉시수익가능.,https://www.zigbang.com/home/apt/items/49109241
2026-05-28 07:58:06,오피스텔,49129078,월세,03,경기도 용인시 기흥구 서천동,용인시 기흥구,서천동,500,60,0,43.58,13.18,4,"공원뷰 풀옵션, 기흥테라타워, 삼성기흥반도체, 경희대 근접",https://www.zigbang.com/home/apt/items/49129078
2026-05-28 07:58:06,오피스텔,49129113,월세,03,경기도 용인시 기흥구 서천동,용인시 기흥구,서천동,500,60,0,40.21,12.16,중,"복층형, 경희대 , 기흥테라타워, 삼성기흥반도체 도보가능",https://www.zigbang.com/home/apt/items/49129113
2026-05-28 07:58:06,오피스텔,49115030,월세,01,경기도 용인시 기흥구 서천동,용인시 기흥구,서천동,500,60,0,40.31,12.19,6,신축 복층 생활형 숙박시설. 블라인드 설치완료.,https://www.zigbang.com/home/apt/items/49115030
2026-05-28 07:58:06,오피스텔,49115180,월세,01,경기도 용인시 기흥구 서천동,용인시 기흥구,서천동,500,55,0,19.83,6.0,2,경희마크329.단층. 세탁기.냉장고 .에어컨.전입불가,https://www.zigbang.com/home/apt/items/49115180
2026-05-28 07:58:06,오피스텔,49114988,월세,01,경기도 용인시 기흥구 서천동,용인시 기흥구,서천동,500,60,0,40.31,12.19,6,복층 생활형숙박시설.높은 층고로 개방감 좋음.전입신고 안됨,https://www.zigbang.com/home/apt/items/49114988
2026-05-28 07:58:06,오피스텔,49165034,월세,01,경기도 용인시 기흥구 서천동,용인시 기흥구,서천동,500,60,0,26.45,8.0,5,생활형 숙박시설.전입신고불가.,https://www.zigbang.com/home/apt/items/49165034
2026-05-28 07:58:06,오피스텔,49057844,전세,01,경기도 화성시 동탄구 석우동,화성시 동탄구,석우동,10000,0,0,56.05,16.96,고,무융자 버팀목 모든대출 가능 보증보험 가능 준신축,https://www.zigbang.com/home/apt/items/49057844
2026-05-28 07:58:06,오피스텔,49140191,월세,01,경기도 화성시 동탄구 석우동,화성시 동탄구,석우동,1000,50,0,56.06,16.96,4,즉시입주. 전입불가. 높은천장. 오픈형원룸. 풀옵션,https://www.zigbang.com/home/apt/items/49140191
2026-05-28 07:58:06,오피스텔,49038154,월세,03,경기도 용인시 기흥구 서천동,용인시 기흥구,서천동,500,65,0,43.7,13.22,고,"복층형 원룸, 삼성DSR, 기흥테라타워, 경희대 도보가능",https://www.zigbang.com/home/apt/items/49038154
2026-05-28 07:58:06,오피스텔,49128945,월세,03,경기도 용인시 기흥구 서천동,용인시 기흥구,서천동,100,65,0,43.7,13.22,고,"신축 풀옵션, 기흥 테라타워, 삼성전자, 경희대 근접",https://www.zigbang.com/home/apt/items/49128945
2026-05-28 07:58:06,오피스텔,49115014,월세,03,경기도 용인시 기흥구 서천동,용인시 기흥구,서천동,500,58,0,19.83,6.0,6,복층 신축.층고 높아 개방감 있음.전입불가.,https://www.zigbang.com/home/apt/items/49115014
2026-05-28 07:58:08,오피스텔,49013429,월세,01,경기도 용인시 기흥구 중동,용인시 기흥구,중동,1500,50,0,29.75,9.0,9,초당역앞 풀옵션 오피스텔,https://www.zigbang.com/home/apt/items/49013429
2026-05-28 07:58:08,오피스텔,49146921,매매,01,경기도 용인시 처인구 김량장동,용인시 처인구,김량장동,6500,0,6500,33.05,10.0,11,용인터미널옆 에스원스마트빌 오피스텔주차불가,https://www.zigbang.com/home/apt/items/49146921
2026-05-28 07:58:08,오피스텔,48979189,매매,04,경기도 용인시 처인구 김량장동,용인시 처인구,김량장동,12000,0,12000,68.9,20.84,고,"용인터미널건너편,투룸형오피스텔,급매물.",https://www.zigbang.com/home/apt/items/48979189
2026-05-28 07:58:08,오피스텔,49015321,매매,01,경기도 용인시 처인구 김량장동,용인시 처인구,김량장동,7000,0,7000,34.45,10.42,중,"용인터미널3분, 원룸형오피스텔,급매물.",https://www.zigbang.com/home/apt/items/49015321
2026-05-28 07:58:08,오피스텔,49128883,월세,01,경기도 용인시 처인구 김량장동,용인시 처인구,김량장동,2000,50,0,34.45,10.42,4,"용인터미널건너편,원룸형주거용오피스텔.",https://www.zigbang.com/home/apt/items/49128883
2026-05-28 07:58:08,오피스텔,49128824,월세,01,경기도 용인시 처인구 김량장동,용인시 처인구,김량장동,500,60,0,34.45,10.42,6,"용인터미널건너편,원룸형오피스텔.",https://www.zigbang.com/home/apt/items/49128824
2026-05-28 07:58:08,오피스텔,49034329,매매,01,경기도 용인시 처인구 김량장동,용인시 처인구,김량장동,6600,0,6600,33.06,10.0,14,용인터미널옆 오피스텔형 원룸  전입가능,https://www.zigbang.com/home/apt/items/49034329
2026-05-28 07:58:08,오피스텔,49034214,매매,01,경기도 용인시 처인구 김량장동,용인시 처인구,김량장동,9000,0,9000,33.06,10.0,3,용인터미널 신축오피스텔형 원룸,https://www.zigbang.com/home/apt/items/49034214
2026-05-28 07:58:08,오피스텔,49094714,월세,01,경기도 용인시 처인구 김량장동,용인시 처인구,김량장동,4000,30,0,34.45,10.42,5,"용인터미널건너편,주거용원룸형오피스텔.",https://www.zigbang.com/home/apt/items/49094714
2026-05-28 07:58:08,오피스텔,49095135,월세,01,세종시 세종 조치원읍 원리,,조치원읍,200,30,0,21,6.35,2,인프라 최고  준신축 원룸,https://www.zigbang.com/home/apt/items/49095135
2026-05-28 07:58:08,오피스텔,49095067,월세,01,세종시 세종 조치원읍 남리,,조치원읍,200,30,0,24,7.26,고,햇살가득한 오피스텔형 원룸,https://www.zigbang.com/home/apt/items/49095067
2026-05-28 07:58:08,오피스텔,49094257,월세,02,세종시 세종 조치원읍 원리,,조치원읍,500,55,0,35,10.59,중,1.5룸 투베이 신축급,https://www.zigbang.com/home/apt/items/49094257
2026-05-28 07:58:08,오피스텔,48906399,월세,01,세종시 세종 조치원읍 남리,,조치원읍,200,40,0,33.06,10.0,4,단기3개월가능 명품 원룸형  아파트. 주차가능. 즉시입주.,https://www.zigbang.com/home/apt/items/48906399
2026-05-28 07:58:08,오피스텔,48906324,월세,01,세종시 세종 조치원읍 남리,,조치원읍,120,42,0,39.67,12.0,4,단기2월이상가능  주차도가능.엘베.  여성선호 명품 원룸,https://www.zigbang.com/home/apt/items/48906324
2026-05-28 07:58:08,오피스텔,48906271,월세,01,세종시 세종 조치원읍 남리,,조치원읍,150,40,0,25.58,7.74,4,단기임대 3개월도가능 즉시입주가능 조치원 명품 원룸형,https://www.zigbang.com/home/apt/items/48906271
2026-05-28 07:58:09,오피스텔,49161783,월세,01,충청북도 청주시 상당구 남문로1가,청주시 상당구,남문로1가,300,40,0,49.59,15.0,고,뜨레비앙원룸 오피스텔,https://www.zigbang.com/home/apt/items/49161783
2026-05-28 07:58:09,오피스텔,49096285,월세,01,충청북도 청주시 상당구 북문로2가,청주시 상당구,북문로2가,300,35,0,39.66,12.0,중,월세최저가   완전풀옵션,https://www.zigbang.com/home/apt/items/49096285
2026-05-28 07:58:09,오피스텔,49129361,월세,04,충청북도 청주시 청원구 오창읍 양청리,청주시 청원구,오창읍,500,80,0,88.58,26.8,중,"호수공원앞 큰투룸16평, 에어컨2대, 업무용오피스텔",https://www.zigbang.com/home/apt/items/49129361
2026-05-28 07:58:09,오피스텔,49146561,월세,01,충청북도 청주시 청원구 오창읍 양청리,청주시 청원구,오창읍,300,55,0,43.5,13.16,저,ll 부가세없음 ll 중심상업지 ll 구조이쁜원룸 ll,https://www.zigbang.com/home/apt/items/49146561
2026-05-28 07:58:09,오피스텔,49158279,월세,01,충청북도 청주시 청원구 오창읍 양청리,청주시 청원구,오창읍,300,50,0,44,13.31,9,ll A타입 ll 호수뷰 ll,https://www.zigbang.com/home/apt/items/49158279
2026-05-28 07:58:09,오피스텔,49157460,월세,04,충청북도 청주시 청원구 오창읍 양청리,청주시 청원구,오창읍,500,70,0,68.69,20.78,중,ll 인기좋은 ll 호수뷰투룸 ll,https://www.zigbang.com/home/apt/items/49157460
2026-05-28 07:58:09,오피스텔,48992608,월세,01,충청북도 청주시 청원구 오창읍 양청리,청주시 청원구,오창읍,300,50,0,44,13.31,고,"원룸 중층의 공원뷰, 빠른입주일 협의",https://www.zigbang.com/home/apt/items/48992608
2026-05-28 07:58:09,오피스텔,48871707,월세,01,충청북도 청주시 청원구 오창읍 양청리,청주시 청원구,오창읍,300,50,0,44,13.31,중,ll 터미널인근 ll 신축남동향 ll,https://www.zigbang.com/home/apt/items/48871707
2026-05-28 07:58:09,오피스텔,48991510,월세,01,충청북도 청주시 청원구 오창읍 양청리,청주시 청원구,오창읍,300,55,0,44.17,13.36,고,"로얄층 호수뷰 원룸, 빠른입주, 단기6개월",https://www.zigbang.com/home/apt/items/48991510
2026-05-28 07:58:09,오피스텔,48840853,월세,02,충청북도 청주시 청원구 오창읍 양청리,청주시 청원구,오창읍,500,63,0,59,17.85,중,ll 희소매물 ll 엘파크투베이 ll,https://www.zigbang.com/home/apt/items/48840853
2026-05-28 07:58:10,오피스텔,48897208,월세,01,충청북도 청주시 청원구 오창읍 송대리,청주시 청원구,오창읍,200,38,0,29.75,9.0,고,"빠른입주, 깔끔한 원룸 풀옵션, 6개월 단기가능",https://www.zigbang.com/home/apt/items/48897208
2026-05-28 07:58:10,오피스텔,48951791,월세,01,충청북도 청주시 청원구 오창읍 송대리,청주시 청원구,오창읍,200,40,0,26.45,8.0,고,ll 고층 ll 즉시입주 귀한매물 ll,https://www.zigbang.com/home/apt/items/48951791
2026-05-28 07:58:10,오피스텔,49139588,월세,01,충청북도 청주시 청원구 오창읍 송대리,청주시 청원구,오창읍,200,40,0,26.45,8.0,중,ll 최저가월세 ll,https://www.zigbang.com/home/apt/items/49139588
2026-05-28 07:58:10,오피스텔,48951798,월세,01,충청북도 청주시 청원구 오창읍 송대리,청주시 청원구,오창읍,200,40,0,26.45,8.0,고,ll 고층뻥뷰 ll 즉시입주 ll,https://www.zigbang.com/home/apt/items/48951798
2026-05-28 07:58:10,오피스텔,49024123,월세,01,충청북도 청주시 청원구 오창읍 송대리,청주시 청원구,오창읍,200,35,0,26.45,8.0,고,ll  6월초입주 ll 최저가선점 ll,https://www.zigbang.com/home/apt/items/49024123
2026-05-28 07:58:10,오피스텔,48951780,월세,01,충청북도 청주시 청원구 오창읍 송대리,청주시 청원구,오창읍,200,35,0,26.45,8.0,중,ll 최저가월세  ll 6월19일이후입주 ll,https://www.zigbang.com/home/apt/items/48951780
2026-05-28 07:58:10,오피스텔,48991601,월세,01,충청북도 청주시 청원구 오창읍 송대리,청주시 청원구,오창읍,200,35,0,36.51,11.04,중,"즉시 입주가능, 풀옵션 원룸형, 6개월단기",https://www.zigbang.com/home/apt/items/48991601
2026-05-28 07:58:12,오피스텔,49059993,월세,01,충청북도 음성군 맹동면 두성리,음성군,맹동면,500,50,0,57.58,17.42,8,호텔급 내부시설 최신시설   발코니유 8월12일 이후 입주,https://www.zigbang.com/home/apt/items/49059993
2026-05-28 07:58:21,오피스텔,49141285,월세,01,경기도 시흥시 정왕동,시흥시,정왕동,300,35,0,51.68,15.63,2,즉시입주가능. 메가폴리스 내 원룸구조. 옵션있음.,https://www.zigbang.com/home/apt/items/49141285
2026-05-28 07:58:21,오피스텔,49141191,월세,01,경기도 시흥시 정왕동,시흥시,정왕동,300,29,0,47.76,14.45,2,도배 청소완료. 즉시입주 원룸형 복도안에 위치함,https://www.zigbang.com/home/apt/items/49141191
2026-05-28 07:58:21,오피스텔,49141215,월세,03,경기도 시흥시 정왕동,시흥시,정왕동,500,45,0,68.98,20.87,3,복층구조 녹지전망. 빠른입주가능함.,https://www.zigbang.com/home/apt/items/49141215
2026-05-28 07:58:21,오피스텔,49141278,월세,03,경기도 시흥시 정왕동,시흥시,정왕동,300,48,0,75.88,22.95,5,"전입불가, 복층구조 옵션있음. 주차편리",https://www.zigbang.com/home/apt/items/49141278
2026-05-28 07:58:21,오피스텔,49141265,월세,01,경기도 시흥시 정왕동,시흥시,정왕동,500,35,0,34,10.28,3,빠른입주가능. 500에 35만 부가세별도임. 옵션있음.,https://www.zigbang.com/home/apt/items/49141265
2026-05-28 07:58:22,오피스텔,49127500,전세,01,인천시 연수구 연수동,연수구,연수동,7500,0,0,69.42,21.0,8,연수역초역세권 만인타워 오피스텔 21평형  전세,https://www.zigbang.com/home/apt/items/49127500
2026-05-28 07:58:22,오피스텔,49041699,월세,01,인천시 연수구 연수동,연수구,연수동,50,32,0,19.83,6.0,8,연수동  무보증 단기임대  오피스텔,https://www.zigbang.com/home/apt/items/49041699
2026-05-28 07:58:22,오피스텔,49041691,월세,01,인천시 연수구 연수동,연수구,연수동,300,35,0,33.06,10.0,7,연수동 중심가 오피스텔,https://www.zigbang.com/home/apt/items/49041691
2026-05-28 07:58:22,오피스텔,49041683,월세,03,인천시 연수구 연수동,연수구,연수동,500,45,0,42.97,13.0,고,두손메카 오피스텔,https://www.zigbang.com/home/apt/items/49041683
2026-05-28 07:58:22,오피스텔,49080910,전세,01,인천시 연수구 연수동,연수구,연수동,5000,0,0,50,15.12,7,수인분당선 연수역 초역세권 만인타워오피스텔 15평형 전세,https://www.zigbang.com/home/apt/items/49080910
2026-05-28 07:58:22,오피스텔,48873055,월세,05,인천시 연수구 연수동,연수구,연수동,2000,99,0,72.72,22.0,중,"연수역 이레하이니스오피스텔 22평형 전세, 방3개 전입불가",https://www.zigbang.com/home/apt/items/48873055
2026-05-28 07:58:22,오피스텔,49134093,월세,01,인천시 연수구 연수동,연수구,연수동,80,50,0,39.67,12.0,4,연수역 옆 풀옵션  오피스텔 넓은방 베란다,https://www.zigbang.com/home/apt/items/49134093
2026-05-28 07:58:22,오피스텔,49086619,전세,02,인천시 연수구 송도동,연수구,송도동,18900,0,0,105.79,32.0,저,송도내 넓은 1.5룸구조,https://www.zigbang.com/home/apt/items/49086619
2026-05-28 07:58:22,오피스텔,49041709,월세,01,인천시 연수구 연수동,연수구,연수동,500,40,0,49,14.82,중,연수동 연수역 바로앞 오피스텔,https://www.zigbang.com/home/apt/items/49041709
2026-05-28 07:58:22,오피스텔,48920379,월세,01,인천시 연수구 연수동,연수구,연수동,500,40,0,49.58,15.0,중,수인선연수역초역세권 메카리움오피스텔 15평형 월세,https://www.zigbang.com/home/apt/items/48920379
2026-05-28 07:58:22,오피스텔,48872665,월세,01,인천시 연수구 연수동,연수구,연수동,300,35,0,46.28,14.0,중,연수동 깨끗한 오피스텔,https://www.zigbang.com/home/apt/items/48872665
2026-05-28 07:58:22,오피스텔,49167986,월세,01,인천시 연수구 연수동,연수구,연수동,60,50,0,33.06,10.0,4,OO추.천OO단기OK연수역5분,https://www.zigbang.com/home/apt/items/49167986
2026-05-28 07:58:22,오피스텔,49041721,월세,02,인천시 연수구 청학동,연수구,청학동,500,44,0,34.05,10.3,저,ㅣ풀옵션 1.5룸ㅣ전입가능ㅣ주차가능ㅣ즉시입주OKㅣ,https://www.zigbang.com/home/apt/items/49041721
2026-05-28 07:58:23,오피스텔,48927984,월세,01,경기도 시흥시 정왕동,시흥시,정왕동,1000,43,0,14.31,4.33,9,"뻥뷰 신축 보안철저 생활편의  완벽한곳, 보증금 조정가능",https://www.zigbang.com/home/apt/items/48927984
2026-05-28 07:58:23,오피스텔,49155388,매매,01,경기도 시흥시 정왕동,시흥시,정왕동,6100,0,6100,37.9,11.46,고,정왕역앞 위치 좋고 편의시설인접,https://www.zigbang.com/home/apt/items/49155388
2026-05-28 07:58:23,오피스텔,49125848,월세,01,경기도 시흥시 정왕동,시흥시,정왕동,500,45,0,27.26,8.25,중,"보안최상,신축급 오피스텔,침대,보증금조정가능,  정왕역",https://www.zigbang.com/home/apt/items/49125848
2026-05-28 07:58:23,오피스텔,49090386,월세,01,경기도 시흥시 정왕동,시흥시,정왕동,300,48,0,27.26,8.25,고,보증금조정가능 정왕역도보 깔끔,https://www.zigbang.com/home/apt/items/49090386
2026-05-28 07:58:23,오피스텔,48968266,월세,01,경기도 시흥시 정왕동,시흥시,정왕동,500,45,0,89.1,26.95,11,"정왕동 제일 안전한 오피스텔,시설 아주 좋아유",https://www.zigbang.com/home/apt/items/48968266
2026-05-28 07:58:23,오피스텔,49071685,월세,01,경기도 시흥시 정왕동,시흥시,정왕동,300,45,0,43.41,13.13,중,정왕역앞 오피스텔 탁트인구조,https://www.zigbang.com/home/apt/items/49071685
2026-05-28 07:58:23,오피스텔,48882409,월세,01,경기도 시흥시 정왕동,시흥시,정왕동,300,48,0,27.16,8.22,저,위치좋고 깔끔한 원룸,https://www.zigbang.com/home/apt/items/48882409
2026-05-28 07:58:23,오피스텔,49125878,월세,01,경기도 시흥시 정왕동,시흥시,정왕동,300,48,0,27.26,8.25,중,"보안 최상, 신축급 오피스텔,  보증금 조정가능, 정왕역,",https://www.zigbang.com/home/apt/items/49125878
2026-05-28 07:58:23,오피스텔,48865680,월세,01,경기도 시흥시 정왕동,시흥시,정왕동,500,45,0,27.26,8.25,중,식자재.정왕역도보 주차시설이 잘되어있어요,https://www.zigbang.com/home/apt/items/48865680
2026-05-28 07:58:23,오피스텔,49135376,월세,01,경기도 시흥시 월곶동,시흥시,월곶동,500,45,0,41.37,12.51,10,"공실,풀옵션,월곶역1분거리",https://www.zigbang.com/home/apt/items/49135376
2026-05-28 07:58:23,오피스텔,49135417,월세,01,경기도 시흥시 월곶동,시흥시,월곶동,500,48,0,43.72,13.23,17,"빠른입주가능,풀옵션,월곶역세권 풀옵션원룸",https://www.zigbang.com/home/apt/items/49135417
2026-05-28 07:58:23,오피스텔,49135404,월세,01,경기도 시흥시 월곶동,시흥시,월곶동,300,33,0,34.2,10.35,11,"공실,즉시입주가능,남서향,빠른입주가능,월곶역세권",https://www.zigbang.com/home/apt/items/49135404
2026-05-28 07:58:23,오피스텔,49159890,월세,01,경기도 시흥시 월곶동,시흥시,월곶동,300,30,0,28,8.47,15,"빠른입주가능,월곶역바로앞 풀옵션 원룸",https://www.zigbang.com/home/apt/items/49159890
2026-05-28 07:58:23,오피스텔,49135387,월세,01,경기도 시흥시 월곶동,시흥시,월곶동,300,29,0,23.14,7.0,고,"공실,입주청소 도배완료,월곶역앞,깨끗함.풀옵션원룸",https://www.zigbang.com/home/apt/items/49135387
2026-05-28 07:58:24,오피스텔,48867016,월세,05,경기도 시흥시 장현동,시흥시,장현동,500,110,0,83.76,25.34,2,"EUM 단기, 테라스 있는 신축 첫입주급 오피스텔",https://www.zigbang.com/home/apt/items/48867016
2026-05-28 07:58:24,오피스텔,49027324,월세,02,경기도 시흥시 장현동,시흥시,장현동,1000,70,0,95.5,28.89,4,"신축 오피스텔, 시흥시청역 도보권, 전입불가",https://www.zigbang.com/home/apt/items/49027324
2026-05-28 07:58:24,오피스텔,49043430,월세,01,경기도 시흥시 장현동,시흥시,장현동,5000,30,0,22.83,6.91,3,"보증금 월세 조정 가능, 시흥시청역 도보권, 풀옵션 원룸",https://www.zigbang.com/home/apt/items/49043430
2026-05-28 07:58:24,오피스텔,48851030,월세,04,경기도 시흥시 능곡동,시흥시,능곡동,2000,110,0,118.13,35.73,10,"전입신고 가능, 능곡역 2번출구 앞에 있는 복층 오피스텔",https://www.zigbang.com/home/apt/items/48851030
2026-05-28 07:58:24,오피스텔,49027352,월세,02,경기도 시흥시 장현동,시흥시,장현동,2000,65,0,22.83,6.91,4,"전입불가, 부가세 별도, 신축 1.5룸 오피스텔",https://www.zigbang.com/home/apt/items/49027352
2026-05-28 07:58:24,오피스텔,49057531,전세,01,경기도 시흥시 장현동,시흥시,장현동,10000,0,0,22.83,6.91,2,"풀옵션 원룸, 시흥시청역에서 도보로 약 5분거리에 있습니다",https://www.zigbang.com/home/apt/items/49057531
2026-05-28 07:58:24,오피스텔,49103212,월세,01,인천시 중구 중산동,중구,중산동,200,37,0,41.58,12.58,고,"신축, 원룸, 풀옵션, 남동향, 오션뷰, 단기가능",https://www.zigbang.com/home/apt/items/49103212
2026-05-28 07:58:24,오피스텔,49143073,월세,01,인천시 중구 중산동,중구,중산동,200,35,0,44.88,13.58,고,"K완전뻥뷰전면탁트인노을맛집,발코니있음,풀옵션K",https://www.zigbang.com/home/apt/items/49143073
2026-05-28 07:58:24,오피스텔,49143779,월세,01,인천시 중구 중산동,중구,중산동,300,44,0,42.29,12.79,11,"전입신고 가능, 고층 시티뷰, 테라스, 풀옵션",https://www.zigbang.com/home/apt/items/49143779
2026-05-28 07:58:24,오피스텔,49096134,월세,03,인천시 중구 중산동,중구,중산동,200,37,0,33.06,10.0,6,"복층 풀옵션 테라스 , 주차원활",https://www.zigbang.com/home/apt/items/49096134
2026-05-28 07:58:24,오피스텔,49095850,월세,01,인천시 중구 중산동,중구,중산동,200,33,0,66.12,20.0,고,탁트인 남동향 바다뷰,https://www.zigbang.com/home/apt/items/49095850
2026-05-28 07:58:24,오피스텔,49103283,월세,03,인천시 중구 중산동,중구,중산동,200,50,0,39.55,11.96,저,"전입 신고 가능, 신축, 복층형 원룸, 남동향, 오션뷰",https://www.zigbang.com/home/apt/items/49103283
2026-05-28 07:58:24,오피스텔,48985547,월세,03,인천시 중구 중산동,중구,중산동,200,50,0,35,10.59,중,남동향 통창 바다뷰 복층,https://www.zigbang.com/home/apt/items/48985547
2026-05-28 07:58:24,오피스텔,49108428,월세,03,인천시 중구 중산동,중구,중산동,200,40,0,40,12.1,고,十풀오션十내부컨디션좋음十최저가월세十빠른입주가능十,https://www.zigbang.com/home/apt/items/49108428
2026-05-28 07:58:24,오피스텔,49103203,월세,03,인천시 중구 중산동,중구,중산동,200,40,0,44.88,13.58,중,"신축, 복층형원룸, 남동향, 오션뷰, 테라스O, 채광 좋음",https://www.zigbang.com/home/apt/items/49103203
2026-05-28 07:58:24,오피스텔,49103217,월세,03,인천시 중구 중산동,중구,중산동,200,45,0,38.69,11.7,고,"신축, 복층형 원룸, 남서향, 테라스O, 단기 가능",https://www.zigbang.com/home/apt/items/49103217
2026-05-28 07:58:24,오피스텔,49108399,월세,03,인천시 중구 중산동,중구,중산동,200,40,0,39,11.8,중,十최저가월세十내부컨디션좋음十빠른입주가능十,https://www.zigbang.com/home/apt/items/49108399
2026-05-28 07:58:24,오피스텔,49103195,월세,01,인천시 중구 중산동,중구,중산동,200,35,0,42.29,12.79,고,"신축, 원룸, 오션뷰, 남서향, 테라스O, 단기가능",https://www.zigbang.com/home/apt/items/49103195
2026-05-28 07:58:24,오피스텔,48190887,월세,01,인천시 남동구 만수동,남동구,만수동,30,35,0,24,7.26,고,o선호도1위o깔끔상태o보안좋음o,https://www.zigbang.com/home/apt/items/48190887
2026-05-28 07:58:24,오피스텔,49139898,월세,02,인천시 부평구 부평동,부평구,부평동,1000,95,0,103.44,31.29,중,전입불가.공실.첫입주.넓은1.5룸.부평역7분.풀옵션,https://www.zigbang.com/home/apt/items/49139898
2026-05-28 07:58:24,오피스텔,49156432,월세,04,인천시 부평구 부평동,부평구,부평동,5000,110,0,139.89,42.32,중,전입신고가능.이사협의.내부관리최상.채광굿남향.주차장넓어요,https://www.zigbang.com/home/apt/items/49156432
2026-05-28 07:58:24,오피스텔,49102512,월세,05,인천시 미추홀구 숭의동,미추홀구,숭의동,300,125,0,96.65,29.24,중,l 방3화2 아일랜드 식탁까지 완벽한 오피스텔 l,https://www.zigbang.com/home/apt/items/49102512
2026-05-28 07:58:24,오피스텔,49107068,월세,02,인천시 미추홀구 숭의동,미추홀구,숭의동,300,125,0,112.2,33.94,중,ㅣ신축쓰리룸ㅣ방3화2ㅣ단기가능ㅣ풀옵션,https://www.zigbang.com/home/apt/items/49107068
2026-05-28 07:58:24,오피스텔,49148059,월세,04,인천시 미추홀구 숭의동,미추홀구,숭의동,75,75,0,66.48,20.11,5,도원역 이용가능 2룸 풀옵션 명가타워 단기 월세,https://www.zigbang.com/home/apt/items/49148059
2026-05-28 07:58:24,오피스텔,49126365,전세,05,인천시 미추홀구 숭의동,미추홀구,숭의동,15400,0,0,97.14,29.38,12,"모든은행전세0,보험0, LHX,도공X, 엘베, 방3욕2베2",https://www.zigbang.com/home/apt/items/49126365
2026-05-28 07:58:24,오피스텔,49130247,월세,05,인천시 미추홀구 숭의동,미추홀구,숭의동,150,90,0,80.85,24.46,3,V 숭의동 인기매물 V 쓰리룸 풀옵션 V,https://www.zigbang.com/home/apt/items/49130247
2026-05-28 07:58:24,오피스텔,49158036,월세,05,인천시 미추홀구 숭의동,미추홀구,숭의동,3000,85,0,108.06,32.69,8,도원역 도보5분 신축급 아파텔 넓은 3룸 즉시입주 가능,https://www.zigbang.com/home/apt/items/49158036
2026-05-28 07:58:27,오피스텔,49114317,월세,03,인천시 서구 왕길동,서구,왕길동,300,40,0,36.2,10.95,10,이수ㅣ깔끔 복층 오피스텔ㅣ즉시입주가능,https://www.zigbang.com/home/apt/items/49114317
2026-05-28 07:58:27,오피스텔,49042372,월세,05,인천시 서구 당하동,서구,당하동,150,60,0,70.09,21.2,4,한달씩 월세납부 완정역 독정역 3룸 플로채 단기 월세,https://www.zigbang.com/home/apt/items/49042372
2026-05-28 07:58:27,오피스텔,49129626,매매,05,인천시 서구 당하동,서구,당하동,12900,0,12900,75.4,22.81,3,당하동 저렴한 준신축 빌라 매매,https://www.zigbang.com/home/apt/items/49129626
2026-05-28 07:58:27,오피스텔,48991121,월세,03,인천시 서구 왕길동,서구,왕길동,70,40,0,39.3,11.89,10,왕길동 검단사거리역앞 복층형원룸 월세 단기 공실,https://www.zigbang.com/home/apt/items/48991121
2026-05-28 07:58:27,오피스텔,48889770,매매,05,인천시 서구 당하동,서구,당하동,13900,0,13900,67.67,20.47,5,당하동 개인텃밭있는 복층빌라 저렴한 매매,https://www.zigbang.com/home/apt/items/48889770
2026-05-28 07:58:27,오피스텔,49115356,월세,01,인천시 서구 마전동,서구,마전동,500,50,0,53.1,16.06,5,이수ㅡ초역세권ㅡ즉시입주ㅡ신축오피스텔,https://www.zigbang.com/home/apt/items/49115356
2026-05-28 07:58:27,오피스텔,48841905,월세,03,인천시 서구 왕길동,서구,왕길동,200,40,0,36.37,11.0,10,단기가능 역세권 풀옵션 복층원룸,https://www.zigbang.com/home/apt/items/48841905
2026-05-28 07:58:27,오피스텔,48900296,전세,03,인천시 서구 왕길동,서구,왕길동,11850,0,0,58.77,17.78,9,역세권 깔끔한 복층형 원룸,https://www.zigbang.com/home/apt/items/48900296
2026-05-28 07:58:27,오피스텔,49163019,전세,03,인천시 서구 왕길동,서구,왕길동,11850,0,0,58.77,17.78,고,검단사거리역 복층 풀옵션 오피스텔 LH전세,https://www.zigbang.com/home/apt/items/49163019
2026-05-28 07:58:27,오피스텔,49116764,월세,01,인천시 서구 마전동,서구,마전동,120,58,0,53.1,16.06,8,단기임대가능ㅡ검단사거리역 듀클래스ㅡ신축대형오피스텔ㅡ초역세권,https://www.zigbang.com/home/apt/items/49116764
2026-05-28 07:58:27,오피스텔,49115385,월세,01,인천시 서구 마전동,서구,마전동,500,50,0,53.1,16.06,중,이수ㅡ초역세권ㅡ신축오피스텔ㅡ넓은 수납공간,https://www.zigbang.com/home/apt/items/49115385
2026-05-28 07:58:27,오피스텔,49160516,월세,03,인천시 서구 마전동,서구,마전동,100,55,0,49.43,14.95,중,풀옵션 복층 도배하고 청소해드림 단기 가능,https://www.zigbang.com/home/apt/items/49160516
2026-05-28 07:58:27,오피스텔,48957498,월세,05,인천시 서구 당하동,서구,당하동,150,55,0,68.97,20.86,4,한달한달 월세내는 3룸 저보증금 단기매물,https://www.zigbang.com/home/apt/items/48957498
2026-05-28 07:58:27,오피스텔,48798666,월세,03,인천시 서구 당하동,서구,당하동,60,45,0,44.47,13.45,6,동인스카이빌 완정역 이용가능 미니복층 풀옵션 원룸 단기월세,https://www.zigbang.com/home/apt/items/48798666
2026-05-28 07:58:25,오피스텔,49041978,매매,05,인천시 계양구 작전동,계양구,작전동,20500,0,20500,119.58,36.17,14,5천만원 제외 전액 담보대출 가능 허위X 새마을금고 실매물,https://www.zigbang.com/home/apt/items/49041978
2026-05-28 07:58:28,오피스텔,49098749,월세,04,서울시 구로구 천왕동,구로구,천왕동,21000,10,0,41.4,12.52,9,뻥뷰1.5룸 HUG버팀목 보험100,https://www.zigbang.com/home/apt/items/49098749
2026-05-28 07:58:28,오피스텔,49099889,월세,03,서울시 구로구 천왕동,구로구,천왕동,21000,10,0,41.4,12.52,9,"모든대출 보증보험가능 1.5룸 복층형 풀옵션 주차,반려가능",https://www.zigbang.com/home/apt/items/49099889
2026-05-28 07:58:28,오피스텔,49111479,월세,01,경기도 광명시 철산동,광명시,철산동,500,50,0,50.88,15.39,5,철산역 도보가능한 저렴한 업무용 오피스텔 즉시입주,https://www.zigbang.com/home/apt/items/49111479
2026-05-28 07:58:28,오피스텔,49159854,월세,01,경기도 부천시 오정구 오정동,부천시 오정구,오정동,500,42,0,31.36,9.49,8,효행복마을도시형생활주택,https://www.zigbang.com/home/apt/items/49159854
2026-05-28 07:58:28,오피스텔,49128005,월세,04,서울시 구로구 개봉동,구로구,개봉동,3000,120,0,55.59,16.82,6,신축급2룸 전입신고 주차가능,https://www.zigbang.com/home/apt/items/49128005
2026-05-28 07:58:28,오피스텔,49151484,월세,03,서울시 양천구 신정동,양천구,신정동,9500,20,0,25,7.56,6,"보증보험,융자무,초초역세권,버팀목대출",https://www.zigbang.com/home/apt/items/49151484
2026-05-28 07:58:28,오피스텔,49165303,월세,01,서울시 양천구 신정동,양천구,신정동,12700,5,0,17.85,5.4,고,"초역세권 대출 ,보증보험 가능 풀옵션 원룸",https://www.zigbang.com/home/apt/items/49165303
2026-05-28 07:58:28,오피스텔,49132815,월세,04,서울시 양천구 신정동,양천구,신정동,100,100,0,44.73,13.53,7,"단기 가능,주차,애완 가능",https://www.zigbang.com/home/apt/items/49132815
2026-05-28 07:58:28,오피스텔,48607862,월세,01,서울시 양천구 신정동,양천구,신정동,1000,57,0,17.06,5.16,7,채광좋고 대로변 안전한 매물,https://www.zigbang.com/home/apt/items/48607862
2026-05-28 07:58:28,오피스텔,49154662,월세,02,서울시 구로구 고척동,구로구,고척동,500,59,0,23,6.96,2,즉시입주 넓은 분리형원룸 주차가능,https://www.zigbang.com/home/apt/items/49154662
2026-05-28 07:58:28,오피스텔,48872840,월세,02,서울시 구로구 고척동,구로구,고척동,1000,56,0,24,7.26,중,주차가능 큰방 화이트톤 분리형원룸 보증금조절가능,https://www.zigbang.com/home/apt/items/48872840
2026-05-28 07:58:28,오피스텔,48896696,월세,01,서울시 구로구 고척동,구로구,고척동,1000,60,0,24.42,7.39,2,전망굿 전입가능 즉시입주 깔끔한 오피스텔,https://www.zigbang.com/home/apt/items/48896696
2026-05-28 07:58:28,오피스텔,49109100,월세,03,서울시 구로구 고척동,구로구,고척동,500,95,0,31.22,9.44,3,구일역 신축 풀옵션 복층형원룸 법인등기 전입가능,https://www.zigbang.com/home/apt/items/49109100
2026-05-28 07:58:28,오피스텔,49149548,월세,03,서울시 구로구 고척동,구로구,고척동,500,95,0,31.22,9.44,3,신축 비쥬얼끝 전입 애완가능 안전등기 풀옵션 선착순 1세대,https://www.zigbang.com/home/apt/items/49149548
2026-05-28 07:58:28,오피스텔,48885859,월세,02,서울시 구로구 고척동,구로구,고척동,500,59,0,25,7.56,중,보증금조정가능 채광 있음 보안 좋습니다,https://www.zigbang.com/home/apt/items/48885859
2026-05-28 07:58:28,오피스텔,49069645,전세,01,서울시 구로구 고척동,구로구,고척동,8500,0,0,38.65,11.69,중,보증보험 가능한 풀옵션 원룸 SUV주차,https://www.zigbang.com/home/apt/items/49069645
2026-05-28 07:58:28,오피스텔,49162170,월세,03,서울시 구로구 고척동,구로구,고척동,500,95,0,31.22,9.44,3,복층오피스텔 스카이돔인근 애완ok 전입o 풀옵션 중도퇴실,https://www.zigbang.com/home/apt/items/49162170
2026-05-28 07:58:28,오피스텔,49032549,전세,01,서울시 구로구 고척동,구로구,고척동,8000,0,0,40.1,12.13,11,널찍한원룸 풀옵션 전세대출 HUG보증보험,https://www.zigbang.com/home/apt/items/49032549
2026-05-28 07:58:28,오피스텔,48899344,전세,01,서울시 구로구 고척동,구로구,고척동,9500,0,0,24,7.26,중,6평 풀옵션 혼자살기 좋은 집전세대출 및 전세보증가능,https://www.zigbang.com/home/apt/items/48899344
2026-05-28 07:58:29,오피스텔,48673713,전세,02,경기도 김포시 고촌읍 신곡리,김포시,고촌읍,20000,0,0,78.3,23.69,12,"전입가능,보증보험ok,고촌역세권, 풀옵션 오피스텔,탁트인뷰",https://www.zigbang.com/home/apt/items/48673713
2026-05-28 07:58:29,오피스텔,49036641,월세,04,경기도 김포시 고촌읍 신곡리,김포시,고촌읍,2000,150,0,109.71,33.19,3,"고촌역세권, 업무용, 큰 투룸, 즉시입주가능",https://www.zigbang.com/home/apt/items/49036641
2026-05-28 07:58:29,오피스텔,49161212,월세,02,경기도 김포시 고촌읍 신곡리,김포시,고촌읍,500,50,0,45.97,13.91,고,"고촌역3분거리, 풀옵션, 업무용 오피스텔, 빠른입점가능",https://www.zigbang.com/home/apt/items/49161212
2026-05-28 07:58:29,오피스텔,49128852,월세,04,경기도 김포시 고촌읍 신곡리,김포시,고촌읍,1000,80,0,83.39,25.23,3,"고촌역세권, 풀옵션 투룸, 빠른입주 가능",https://www.zigbang.com/home/apt/items/49128852
2026-05-28 07:58:29,오피스텔,49081312,전세,04,경기도 김포시 고촌읍 신곡리,김포시,고촌읍,19800,0,0,79.75,24.12,중,"전세보증보험ok, 고촌역3분거리, 투룸, 풀옵션 오피스텔",https://www.zigbang.com/home/apt/items/49081312
2026-05-28 07:58:29,오피스텔,48913085,월세,04,경기도 김포시 고촌읍 신곡리,김포시,고촌읍,1000,90,0,79.75,24.12,7,"고촌역세권,투룸,업무용,부가세별도,사업자만",https://www.zigbang.com/home/apt/items/48913085
2026-05-28 07:58:29,오피스텔,49130345,월세,02,경기도 김포시 고촌읍 신곡리,김포시,고촌읍,1000,75,0,63.09,19.08,7,"주거용,주소이전가능,7월입주, 풀옵션,마곡접근성 좋음",https://www.zigbang.com/home/apt/items/49130345
2026-05-28 07:58:29,오피스텔,49024455,월세,02,경기도 김포시 고촌읍 신곡리,김포시,고촌읍,1000,80,0,73.14,22.12,5,"고촌역세권, 업무용, 풀옵션 오피스텔",https://www.zigbang.com/home/apt/items/49024455
2026-05-28 07:58:29,오피스텔,49043546,전세,01,경기도 김포시 고촌읍 신곡리,김포시,고촌읍,9200,0,0,46.69,14.12,중,"고촌역1분,주거용,전입가능,보증보험ok",https://www.zigbang.com/home/apt/items/49043546
2026-05-28 07:58:29,오피스텔,48991166,월세,03,서울시 강서구 방화동,강서구,방화동,8500,25,0,43.63,13.2,10,io올리모델링o 채광뷰 굿 복층,https://www.zigbang.com/home/apt/items/48991166
2026-05-28 07:58:30,오피스텔,49136725,월세,03,경기도 고양시 덕양구 향동동,고양시 덕양구,향동동,1000,80,0,19.99,6.05,저,세대내에 개인테라스 복층 원룸 ㅣ상암동 5분거리,https://www.zigbang.com/home/apt/items/49136725
2026-05-28 07:58:30,오피스텔,49116725,월세,02,경기도 고양시 덕양구 향동동,고양시 덕양구,향동동,1000,100,0,29.99,9.07,고,풀옵션 1.5 복층 I주차공간최고I단기가능,https://www.zigbang.com/home/apt/items/49116725
2026-05-28 07:58:30,오피스텔,49078490,월세,02,경기도 고양시 덕양구 향동동,고양시 덕양구,향동동,5000,90,0,76.18,23.04,8,전입가능. 입주일 협의가능. 반려동물불가,https://www.zigbang.com/home/apt/items/49078490
2026-05-28 07:58:30,오피스텔,48903196,월세,02,경기도 고양시 덕양구 향동동,고양시 덕양구,향동동,1000,85,0,29.99,9.07,중,뷰좋고 쾌적한 1.5룸 복층l저렴한 월세선점 기회,https://www.zigbang.com/home/apt/items/48903196
2026-05-28 07:58:30,오피스텔,49025252,월세,02,경기도 고양시 덕양구 향동동,고양시 덕양구,향동동,1000,85,0,69.42,21.0,중,부가세별도 하시입주 남향 전망좋은집,https://www.zigbang.com/home/apt/items/49025252
2026-05-28 07:58:30,오피스텔,48986857,월세,02,경기도 고양시 덕양구 향동동,고양시 덕양구,향동동,1000,100,0,87.47,26.46,고,최저가..풀옵션.1.5룸.집앞산책로.스타일러,https://www.zigbang.com/home/apt/items/48986857
2026-05-28 07:58:30,오피스텔,49115053,월세,03,서울시 은평구 신사동,은평구,신사동,1000,60,0,46.3,14.01,4,응암역 도보 3분 복층 오피스텔 월세정원 오피스텔,https://www.zigbang.com/home/apt/items/49115053
2026-05-28 07:58:30,오피스텔,49030151,월세,03,경기도 고양시 덕양구 향동동,고양시 덕양구,향동동,1000,85,0,69.42,21.0,7,부가세별도 I 햇살좋은 남향 I 입주협의,https://www.zigbang.com/home/apt/items/49030151
2026-05-28 07:58:30,오피스텔,49136548,월세,03,경기도 고양시 덕양구 향동동,고양시 덕양구,향동동,1000,75,0,19.93,6.03,고,월75 복층 원룸 ㅣ개인창고와 헬스시설 OK ㅣ드레스룸,https://www.zigbang.com/home/apt/items/49136548
2026-05-28 07:58:30,오피스텔,49033672,월세,03,서울시 은평구 신사동,은평구,신사동,2000,75,0,53,16.03,3,응암역 복층 정원탑오피스텔 임대 월세3000만70만원.관포,https://www.zigbang.com/home/apt/items/49033672
2026-05-28 07:58:30,오피스텔,48987052,월세,02,경기도 고양시 덕양구 향동동,고양시 덕양구,향동동,1000,100,0,87.47,26.46,고,1.5룸 복층. 풀옵션.집앞산책로.공원뷰.스타일러,https://www.zigbang.com/home/apt/items/48987052
2026-05-28 07:58:30,오피스텔,49113064,월세,01,서울시 마포구 상암동,마포구,상암동,1000,65,0,50.4,15.25,7,"전입신고 불가,  탁트인전망",https://www.zigbang.com/home/apt/items/49113064
2026-05-28 07:58:30,오피스텔,49055779,월세,03,경기도 고양시 덕양구 향동동,고양시 덕양구,향동동,500,70,0,39.42,11.92,4,빠른입주가능 테라스호실 원룸복층,https://www.zigbang.com/home/apt/items/49055779
2026-05-28 07:58:30,오피스텔,49014884,월세,03,경기도 고양시 덕양구 향동동,고양시 덕양구,향동동,4800,80,0,76.33,23.09,15,입주7월협의 남향 전망굳 전세자금대출가능 복층,https://www.zigbang.com/home/apt/items/49014884
2026-05-28 07:58:30,오피스텔,48991302,월세,03,경기도 고양시 덕양구 향동동,고양시 덕양구,향동동,500,80,0,20,6.05,중,채광좋은 복층원룸 스타일러옵션 자주식주차,https://www.zigbang.com/home/apt/items/48991302
2026-05-28 07:58:30,오피스텔,49082200,월세,04,경기도 수원시 권선구 금곡동,수원시 권선구,금곡동,1000,130,0,161.59,48.88,고,"甘전입O,신축 복층 투룸 주차편리甘",https://www.zigbang.com/home/apt/items/49082200
2026-05-28 07:58:30,오피스텔,49135675,월세,02,경기도 수원시 권선구 금곡동,수원시 권선구,금곡동,1000,90,0,73,22.08,고,"ACE,트인전망,업무용,방따로1.5룸에 알파룸까지.",https://www.zigbang.com/home/apt/items/49135675
2026-05-28 07:58:30,오피스텔,49154956,월세,03,경기도 수원시 권선구 금곡동,수원시 권선구,금곡동,1000,70,0,89.36,27.03,중,ꔚ 제일 큰타입 I 이쁜집 I 사업자必,https://www.zigbang.com/home/apt/items/49154956
2026-05-28 07:58:30,오피스텔,49080985,월세,04,경기도 수원시 권선구 금곡동,수원시 권선구,금곡동,1000,130,0,119.01,36.0,저,"ACE,귀한전입,초록전망,넓은투룸,복층,욕실2개,개별창고",https://www.zigbang.com/home/apt/items/49080985
2026-05-28 07:58:30,오피스텔,49125900,월세,04,경기도 수원시 권선구 금곡동,수원시 권선구,금곡동,2000,125,0,118.98,35.99,중,"ACE,업무용,전망굿,예쁜신축오피,투룸,알파룸,풀옵션",https://www.zigbang.com/home/apt/items/49125900
2026-05-28 07:58:30,오피스텔,49116789,전세,01,경기도 수원시 권선구 금곡동,수원시 권선구,금곡동,15000,0,0,70.77,21.41,5,융자말소조건 . 청년버팀목 HF . HUG . 보증보험,https://www.zigbang.com/home/apt/items/49116789
2026-05-28 07:58:30,오피스텔,49086737,월세,02,경기도 수원시 권선구 금곡동,수원시 권선구,금곡동,500,90,0,77.44,23.43,중,"ACE,신축,초특급인테리어,세탁실별도,업무용",https://www.zigbang.com/home/apt/items/49086737
2026-05-28 07:58:30,오피스텔,49168048,월세,04,경기도 수원시 권선구 금곡동,수원시 권선구,금곡동,1000,80,0,101.14,30.59,9,다인2차 투룸형 복층 주거용 전입가능,https://www.zigbang.com/home/apt/items/49168048
2026-05-28 07:58:30,오피스텔,49027964,월세,01,경기도 수원시 권선구 금곡동,수원시 권선구,금곡동,100,80,0,85.77,25.95,5,.R.단기계약O 주 단위O 테라스있는 깔끔 오피스텔 넓어요,https://www.zigbang.com/home/apt/items/49027964
2026-05-28 07:58:30,오피스텔,49072015,전세,01,경기도 수원시 권선구 금곡동,수원시 권선구,금곡동,15000,0,0,70.77,21.41,5,.R.귀한 오피스텔 전세 융자말소조건 보증보험O 대출O,https://www.zigbang.com/home/apt/items/49072015
2026-05-28 07:58:30,오피스텔,49119950,전세,01,경기도 수원시 권선구 금곡동,수원시 권선구,금곡동,15000,0,0,70.77,21.41,5,"융자말소, 보증보험, 즉시입주 가능, 정남향, 주차가능 풀",https://www.zigbang.com/home/apt/items/49119950
2026-05-28 07:58:30,오피스텔,49097562,월세,02,경기도 수원시 권선구 금곡동,수원시 권선구,금곡동,3000,55,0,73,22.08,저,"ACE,전입,방따로,드레스룸,1.5룸복층,귀한구조,.",https://www.zigbang.com/home/apt/items/49097562
2026-05-28 07:58:30,오피스텔,49155368,월세,04,경기도 수원시 권선구 금곡동,수원시 권선구,금곡동,1000,130,0,161.6,48.88,중,ꔚ 전속매물 I 전입가능 I 즉시입주 I반려가능,https://www.zigbang.com/home/apt/items/49155368
2026-05-28 07:58:30,오피스텔,48993273,전세,02,경기도 수원시 권선구 금곡동,수원시 권선구,금곡동,16500,0,0,86.45,26.15,8,무융자 . 모든대출 . 보증보험 . 즉시입주 가능,https://www.zigbang.com/home/apt/items/48993273
2026-05-28 07:58:31,오피스텔,48897133,매매,03,경기도 군포시 부곡동,군포시,부곡동,10000,0,10000,46.28,14.0,4,의왕역 초근접 풀옵션 오피스텔입니다.,https://www.zigbang.com/home/apt/items/48897133
2026-05-28 07:58:31,오피스텔,49084401,전세,04,경기도 군포시 당동,군포시,당동,18400,0,0,94.82,28.68,중,모든가전기기가 빌트인된 준신축 오피스텔.,https://www.zigbang.com/home/apt/items/49084401
2026-05-28 07:58:31,오피스텔,48883978,매매,03,경기도 군포시 도마교동,군포시,도마교동,9000,0,9000,56.4,17.06,3,주거용오피스텔로  투자용. 거주용 모두 가능합니다.,https://www.zigbang.com/home/apt/items/48883978
2026-05-28 07:58:31,오피스텔,49008011,월세,05,경기도 의왕시 삼동,의왕시,삼동,3000,150,0,136.26,41.22,10,"방3화3 넓은 복복층, 가족거주하기 좋은곳,의왕역 역세권",https://www.zigbang.com/home/apt/items/49008011
2026-05-28 07:58:31,오피스텔,48994875,월세,05,경기도 의왕시 삼동,의왕시,삼동,3000,150,0,136.26,41.22,10,"의왕역 l 복,복층 l 방3,화3 l 대가족 환영",https://www.zigbang.com/home/apt/items/48994875
2026-05-28 07:58:31,오피스텔,49064429,전세,04,경기도 군포시 당동,군포시,당동,10000,0,0,49.58,15.0,고,보증금대출되는  오피스텔,https://www.zigbang.com/home/apt/items/49064429
2026-05-28 07:58:31,오피스텔,49007854,월세,05,경기도 의왕시 삼동,의왕시,삼동,3000,150,0,136.26,41.22,10,의왕역과 시장 바로 눈앞 복복층 화장실3개 독립세대,https://www.zigbang.com/home/apt/items/49007854
2026-05-28 07:58:31,오피스텔,49089569,전세,04,경기도 군포시 당동,군포시,당동,9600,0,0,57.52,17.4,2,모든대출가능.반환보증보험가능.융무.상담필수,https://www.zigbang.com/home/apt/items/49089569
2026-05-28 07:58:31,오피스텔,49170195,전세,02,경기도 군포시 당동,군포시,당동,13600,0,0,35.17,10.64,중,준신축급인 오피스텔.융무.모든대출가능,https://www.zigbang.com/home/apt/items/49170195
2026-05-28 07:58:31,오피스텔,49164440,전세,01,경기도 군포시 당동,군포시,당동,7000,0,0,39.66,12.0,저,당정역 도보5분거리,https://www.zigbang.com/home/apt/items/49164440
2026-05-28 07:58:31,오피스텔,48897148,매매,04,경기도 군포시 부곡동,군포시,부곡동,18000,0,18000,96.12,29.08,고,투룸 복층 풀옵션 오피스텔입니다. 투자용,https://www.zigbang.com/home/apt/items/48897148
2026-05-28 07:58:32,오피스텔,49085070,매매,02,경기도 용인시 수지구 풍덕천동,용인시 수지구,풍덕천동,27500,0,27500,68.76,20.8,4,"정상입주,분리형원룸",https://www.zigbang.com/home/apt/items/49085070
2026-05-28 07:58:32,오피스텔,49017331,월세,01,경기도 용인시 수지구 풍덕천동,용인시 수지구,풍덕천동,12800,25,0,42.94,12.99,11,"8월말에서9월초입주,전입가능한주거용오피스텔",https://www.zigbang.com/home/apt/items/49017331
2026-05-28 07:58:32,오피스텔,49138411,매매,01,경기도 용인시 수지구 풍덕천동,용인시 수지구,풍덕천동,14700,0,14700,42.94,12.99,3,"현재주거용오피스텔로임대중,소액갭투자",https://www.zigbang.com/home/apt/items/49138411
2026-05-28 07:58:32,오피스텔,49138335,매매,02,경기도 용인시 수지구 풍덕천동,용인시 수지구,풍덕천동,28500,0,28500,42.94,12.99,12,"주거용오피스텔, 분리형원룸구조,신분당선도보5분",https://www.zigbang.com/home/apt/items/49138335
2026-05-28 07:58:32,오피스텔,49084990,월세,01,경기도 용인시 수지구 풍덕천동,용인시 수지구,풍덕천동,1000,80,0,42.94,12.99,고,"정상입주,전입가능,융무,남서향",https://www.zigbang.com/home/apt/items/49084990
2026-05-28 07:58:33,오피스텔,49164566,월세,01,경기도 성남시 분당구 판교동,성남시 분당구,판교동,1000,85,0,60.49,18.3,7,"사업자, 전만 좋은집, 깔끔하고 테라스있는집",https://www.zigbang.com/home/apt/items/49164566
2026-05-28 07:58:33,오피스텔,49164546,전세,01,경기도 성남시 분당구 판교동,성남시 분당구,판교동,19800,0,0,60.49,18.3,7,"테라스형, 전망이 예쁜집, 임대인보증보험 전액 가입해줌",https://www.zigbang.com/home/apt/items/49164546
2026-05-28 07:58:33,오피스텔,49164622,월세,01,경기도 성남시 분당구 판교동,성남시 분당구,판교동,1000,85,0,71.78,21.71,중,"시세저렴 , 판교동  오피스텔, 초희귀 월세",https://www.zigbang.com/home/apt/items/49164622
2026-05-28 07:58:33,오피스텔,49100660,월세,04,경기도 성남시 수정구 금토동,성남시 수정구,금토동,2000,200,0,120.9,36.57,중,"O 2룸, 거실, 고급 풀옵션, 6.9일이후",https://www.zigbang.com/home/apt/items/49100660
2026-05-28 07:58:33,오피스텔,49161177,월세,02,경기도 성남시 수정구 금토동,성남시 수정구,금토동,2000,140,0,117.31,35.49,3,"O 직장인도 가능, 넓은 1.5룸, 베란다 특화세대.",https://www.zigbang.com/home/apt/items/49161177
2026-05-28 07:58:33,오피스텔,49121811,월세,02,경기도 성남시 수정구 금토동,성남시 수정구,금토동,1000,100,0,63.48,19.2,8,"O 1.5룸, 7.31일, 사업자",https://www.zigbang.com/home/apt/items/49121811
2026-05-28 07:58:33,오피스텔,49045720,월세,04,경기도 성남시 수정구 금토동,성남시 수정구,금토동,500,200,0,129.83,39.27,중,"O 2룸, 거실, 2개월 이상, 침대",https://www.zigbang.com/home/apt/items/49045720
2026-05-28 07:58:33,오피스텔,49083719,월세,02,경기도 성남시 수정구 금토동,성남시 수정구,금토동,2000,90,0,86.96,26.31,고,"O1.5룸, 가성비 좋은 분리형, 사업자 부가세 별도.",https://www.zigbang.com/home/apt/items/49083719
2026-05-28 07:58:33,오피스텔,49084269,월세,02,경기도 성남시 수정구 금토동,성남시 수정구,금토동,2000,165,0,121,36.6,6,"O 2룸, 넓은 거실, 아파트형 중문. 직장인도 가능.",https://www.zigbang.com/home/apt/items/49084269
2026-05-28 07:58:33,오피스텔,48880998,월세,02,경기도 성남시 수정구 금토동,성남시 수정구,금토동,2000,165,0,129.83,39.27,고,"O 2룸, 공실, 아파트형, 직장인도 가능",https://www.zigbang.com/home/apt/items/48880998
2026-05-28 07:58:33,오피스텔,49149183,월세,01,경기도 용인시 기흥구 중동,용인시 기흥구,중동,500,47,0,19.12,5.78,고,어정역앞  풀옵션 원룸,https://www.zigbang.com/home/apt/items/49149183
2026-05-28 07:58:33,오피스텔,49076590,월세,01,경기도 용인시 기흥구 중동,용인시 기흥구,중동,1000,60,0,29,8.77,6,"어정역세권,전입가,풀옵션,예쁜원룸아파트,수납장풍부 협의입주",https://www.zigbang.com/home/apt/items/49076590
2026-05-28 07:58:33,오피스텔,49146530,월세,01,경기도 용인시 기흥구 중동,용인시 기흥구,중동,4000,50,0,30,9.07,7,"전입가,풀옵션,예쁜 원룸형 아파트,수납 풍부함",https://www.zigbang.com/home/apt/items/49146530
2026-05-28 07:58:35,오피스텔,49128448,월세,01,서울시 관악구 봉천동,관악구,봉천동,1000,53,0,25.41,7.69,고,대로변 오피스텔 매물,https://www.zigbang.com/home/apt/items/49128448
2026-05-28 07:58:35,오피스텔,49128415,월세,01,서울시 관악구 봉천동,관악구,봉천동,2000,50,0,27.82,8.42,저,낙성대역 위치 가장 좋은 집,https://www.zigbang.com/home/apt/items/49128415
2026-05-28 07:58:35,오피스텔,49157107,월세,03,서울시 관악구 봉천동,관악구,봉천동,3000,65,0,34.24,10.36,중,뷰짱 고층 채광짱 리모델링으로 완전 깔끔하답니다,https://www.zigbang.com/home/apt/items/49157107
2026-05-28 07:58:35,오피스텔,49156998,월세,03,서울시 관악구 봉천동,관악구,봉천동,2000,70,0,46.96,14.21,8,초초역세권 크기좋은복층이에요,https://www.zigbang.com/home/apt/items/49156998
2026-05-28 07:58:35,오피스텔,48924461,전세,01,서울시 관악구 남현동,관악구,남현동,18000,0,0,21.65,6.55,9,"귀한 ALL전세매물 , 버팀목HF, 보증보험",https://www.zigbang.com/home/apt/items/48924461
2026-05-28 07:58:35,오피스텔,49157152,전세,01,서울시 관악구 남현동,관악구,남현동,19000,0,0,19.9,6.02,8,"HF대출 가능,보증보험가입, 월세 불가",https://www.zigbang.com/home/apt/items/49157152
2026-05-28 07:58:36,오피스텔,49062479,월세,02,서울시 강남구 개포동,강남구,개포동,300,85,0,18.8,5.69,3,임대인 실가격 1개월부터도 계약 가능 대로변 대중교통 편리,https://www.zigbang.com/home/apt/items/49062479
2026-05-28 07:58:37,오피스텔,49159712,월세,01,서울시 동대문구 신설동,동대문구,신설동,16500,15,0,33.01,9.99,중,"버팀목hug대출 및 보증보험 가입가능 ,근저당및융자없는조건",https://www.zigbang.com/home/apt/items/49159712
2026-05-28 07:58:37,오피스텔,49134806,월세,01,서울시 동대문구 신설동,동대문구,신설동,15000,15,0,37.03,11.2,고,7월 버팀목0보증보험0정남향 신설동5분 풀옵션 오피스텔,https://www.zigbang.com/home/apt/items/49134806
2026-05-28 07:58:37,오피스텔,49167542,월세,01,서울시 성동구 홍익동,성동구,홍익동,17500,17,0,30.25,9.15,4,도선사거리 인근 깨끗하고 넓은 원룸 전세 대출O 보증보험O,https://www.zigbang.com/home/apt/items/49167542
2026-05-28 07:58:37,오피스텔,49078493,월세,03,서울시 동대문구 용두동,동대문구,용두동,14000,30,0,32.65,9.88,고,"허그버팀목0, 보증보험0, 고층복층, 수납많음, 8월입주",https://www.zigbang.com/home/apt/items/49078493
2026-05-28 07:58:37,오피스텔,49025031,월세,01,서울시 동대문구 신설동,동대문구,신설동,16200,8,0,31.88,9.64,17,"신설동역 8분,전망굿, 신축급, 버팀목대출, 보증보험가능",https://www.zigbang.com/home/apt/items/49025031
2026-05-28 07:58:37,오피스텔,48908722,월세,01,서울시 동대문구 신설동,동대문구,신설동,8000,57,0,37.03,11.2,저,입주협의 전입0 보증보험0 무융자 수납최고 풀옵션,https://www.zigbang.com/home/apt/items/48908722
2026-05-28 07:58:37,오피스텔,49134813,월세,01,서울시 동대문구 신설동,동대문구,신설동,16800,10,0,33.01,9.99,중,버팀목0 보증보험0 북한산뻥뷰 풀옵션 오피스탤,https://www.zigbang.com/home/apt/items/49134813
2026-05-28 07:58:25,오피스텔,49104469,월세,01,인천시 서구 청라동,서구,청라동,500,45,0,53.12,16.07,중,l 꿈 l 전입불가 l 화이트톤인테리어 l 풀옵션 l,https://www.zigbang.com/home/apt/items/49104469
2026-05-28 07:58:25,오피스텔,49029862,월세,02,인천시 서구 청라동,서구,청라동,1000,80,0,109.85,33.23,고,"1.5복층,뻥뷰,헬스장,골프연습장,사업자,청라국제도시역",https://www.zigbang.com/home/apt/items/49029862
2026-05-28 07:58:25,오피스텔,49162398,월세,04,인천시 서구 청라동,서구,청라동,1000,80,0,90,27.22,고,"전입x, 투룸,   넓은 거실과 드레스룸, 청라역도보10분",https://www.zigbang.com/home/apt/items/49162398
2026-05-28 07:58:25,오피스텔,49155474,월세,02,인천시 서구 청라동,서구,청라동,2000,95,0,98,29.64,중,"전입가능, 보증금조율가능, 방엔방투룸",https://www.zigbang.com/home/apt/items/49155474
2026-05-28 07:58:40,오피스텔,49131824,월세,01,서울시 송파구 방이동,송파구,방이동,17500,10,0,33.26,10.06,고,I SH 버팀목 가능I 보증보험가능 I 고층 깔끔 원룸 I,https://www.zigbang.com/home/apt/items/49131824
2026-05-28 07:58:40,오피스텔,49095931,월세,04,서울시 송파구 가락동,송파구,가락동,1000,210,0,69.89,21.14,3,5호선 역세권 신축 풀옵션 투룸 인테리어 대로변 주차 반려,https://www.zigbang.com/home/apt/items/49095931
2026-05-28 07:58:40,오피스텔,49156320,월세,03,서울시 송파구 방이동,송파구,방이동,18000,15,0,39.03,11.81,중,"버팀목 허그O, 보증보험O 안심매물",https://www.zigbang.com/home/apt/items/49156320
2026-05-28 07:58:40,오피스텔,49120136,월세,04,서울시 송파구 방이동,송파구,방이동,5000,180,0,47.4,14.34,고,전입신고Oㅣ빠른입주Oㅣ신축첫입주ㅣ투룸타입,https://www.zigbang.com/home/apt/items/49120136
2026-05-28 07:58:40,오피스텔,49161579,월세,04,서울시 송파구 방이동,송파구,방이동,3000,195,0,64.44,19.49,14,전입O즉시입주O 넓은투룸O 신축급 오피스텔 몽촌토성 바로앞,https://www.zigbang.com/home/apt/items/49161579
2026-05-28 07:58:40,오피스텔,49125407,월세,01,서울시 송파구 풍납동,송파구,풍납동,2000,63,0,24,7.26,2,고급 풀옵션원룸 보증금조절가2천까지,https://www.zigbang.com/home/apt/items/49125407
2026-05-28 07:58:40,오피스텔,49114901,월세,04,서울시 송파구 방이동,송파구,방이동,3000,195,0,60.19,18.21,고,"전입신고, 몽촌토성역 1분, 넓은 투룸",https://www.zigbang.com/home/apt/items/49114901
2026-05-28 07:58:40,오피스텔,48542143,전세,01,서울시 강동구 성내동,강동구,성내동,21300,0,0,31.24,9.45,9,V보증보험가능V일반대출가능V풀옵션원원룸V깔끔컨디션V6월30,https://www.zigbang.com/home/apt/items/48542143
2026-05-28 07:58:40,오피스텔,49162536,월세,01,서울시 강동구 성내동,강동구,성내동,150,70,0,31.25,9.45,고,준신축 강동구청역 도보6분 단기임대 풀옵션,https://www.zigbang.com/home/apt/items/49162536
2026-05-28 07:58:43,오피스텔,49014969,전세,02,경기도 김포시 운양동,김포시,운양동,8100,0,0,63.57,19.23,4,"분리형1.5룸, 주거용, 융자무, 빠른입주, 월세10만",https://www.zigbang.com/home/apt/items/49014969
2026-05-28 07:58:43,오피스텔,49165357,월세,02,경기도 김포시 운양동,김포시,운양동,500,57,0,58.49,17.69,8,1.5룸 분리형 전입신고가능 운양역 초역세권 즉시입주가능,https://www.zigbang.com/home/apt/items/49165357
2026-05-28 07:58:43,오피스텔,49167696,전세,01,경기도 김포시 운양동,김포시,운양동,8500,0,0,54.18,16.39,9,빠른입주 버팀목 보증보험가능  트인남향  융자무,https://www.zigbang.com/home/apt/items/49167696
2026-05-28 07:58:43,오피스텔,49007952,전세,04,경기도 김포시 운양동,김포시,운양동,15000,0,0,78.33,23.69,1,귀한2룸 전세대출 보증보험가능 남향 운양역5분,https://www.zigbang.com/home/apt/items/49007952
2026-05-28 07:58:43,오피스텔,49142883,전세,01,경기도 김포시 운양동,김포시,운양동,6500,0,0,45,13.61,4,"빠른입주, 융자무, 탁트인개방감, 탑층, 풀옵션",https://www.zigbang.com/home/apt/items/49142883
2026-05-28 07:58:43,오피스텔,49157857,월세,01,경기도 김포시 운양동,김포시,운양동,500,55,0,73.56,22.25,2,"빠른입주가능, 주거용, 와이드원룸형, 풀옵션, 6월초",https://www.zigbang.com/home/apt/items/49157857
2026-05-28 07:58:43,오피스텔,49104624,월세,04,경기도 김포시 운양동,김포시,운양동,1000,100,0,109.94,33.26,고,2룸 남향 전입가능 에어컨3 조용한라인 6월초,https://www.zigbang.com/home/apt/items/49104624
2026-05-28 07:58:43,오피스텔,49150122,전세,02,경기도 김포시 운양동,김포시,운양동,10800,0,0,68.13,20.61,4,1.5룸 한강조망 전세대출보증보험가능 풀옵션,https://www.zigbang.com/home/apt/items/49150122
2026-05-28 07:58:43,오피스텔,49159621,월세,02,경기도 김포시 운양동,김포시,운양동,500,55,0,58.49,17.69,9,1.5룸 남향 전입은안되요 6월말 기둥돌출없는방,https://www.zigbang.com/home/apt/items/49159621
2026-05-28 07:58:43,오피스텔,49157888,월세,02,경기도 김포시 운양동,김포시,운양동,500,55,0,67.79,20.51,5,"업무용, 부가세별도, 분리형1.5룸, 조용하고 차분한호실",https://www.zigbang.com/home/apt/items/49157888
2026-05-28 07:58:44,오피스텔,49077454,월세,03,경기도 파주시 다율동,파주시,다율동,500,65,0,85.27,25.79,중,전입불가6월19일이후 입주가능  넓은원룸복층,https://www.zigbang.com/home/apt/items/49077454
2026-05-28 07:58:44,오피스텔,48602402,월세,03,경기도 파주시 다율동,파주시,다율동,500,65,0,26.75,8.09,5,풀옵션 복층 사무실 전입불가 전용13평 엄청넓음,https://www.zigbang.com/home/apt/items/48602402
2026-05-28 07:58:48,오피스텔,48944443,월세,03,경기도 파주시 월롱면 덕은리,파주시,월롱면,200,30,0,66.65,20.16,고,즉시 입주가능한 깨끗한 오피스텔,https://www.zigbang.com/home/apt/items/48944443
2026-05-28 07:58:50,오피스텔,49031195,월세,03,서울시 은평구 대조동,은평구,대조동,1000,75,0,30.92,9.35,고,6월 중순 입주 인기 좋은 복층,https://www.zigbang.com/home/apt/items/49031195
2026-05-28 07:58:50,오피스텔,49134645,월세,02,경기도 고양시 덕양구 지축동,고양시 덕양구,지축동,2000,65,0,64.6,19.54,2,전입불가 라코드오피스텔 풀옵션 스타일러 7월초입주,https://www.zigbang.com/home/apt/items/49134645
2026-05-28 07:58:50,오피스텔,49000068,월세,01,경기도 고양시 덕양구 지축동,고양시 덕양구,지축동,2000,65,0,73.2,22.14,2,지축역5분거리 귀한 소형오피스텔,https://www.zigbang.com/home/apt/items/49000068
2026-05-28 07:58:50,오피스텔,49000018,월세,01,경기도 고양시 덕양구 지축동,고양시 덕양구,지축동,1000,70,0,73.72,22.3,3,전입불가 라코드오피스텔 풀옵션 스타일러  7월20입주,https://www.zigbang.com/home/apt/items/49000018
2026-05-28 07:58:50,오피스텔,48999728,전세,04,서울시 은평구 갈현동,은평구,갈현동,38000,0,0,64.87,19.62,중,"3,6호선 연신내역 2분 모든대출 가능 풀옵션넓은투룸전세",https://www.zigbang.com/home/apt/items/48999728
2026-05-28 07:58:50,오피스텔,49136232,월세,03,서울시 은평구 대조동,은평구,대조동,1000,80,0,30.92,9.35,고,"신축급 복층, 트리플 초역세권 최고급 밝고 깨끗",https://www.zigbang.com/home/apt/items/49136232
2026-05-28 07:58:50,오피스텔,49100083,월세,03,서울시 은평구 대조동,은평구,대조동,1680,71,0,33.25,10.06,중,V 빠른입주가능 V 복층 오피스텔 V 전입가능,https://www.zigbang.com/home/apt/items/49100083
2026-05-28 07:58:50,오피스텔,49090513,월세,01,서울시 은평구 대조동,은평구,대조동,1000,65,0,41.55,12.57,4,연신내 신축급 오피스텔 월세,https://www.zigbang.com/home/apt/items/49090513
2026-05-28 07:58:50,오피스텔,49147273,월세,03,서울시 은평구 대조동,은평구,대조동,1000,71,0,33.25,10.06,12,"착한월세, 신축급 복층, 밝고 넓은 트리플 초역세권 최고급",https://www.zigbang.com/home/apt/items/49147273
2026-05-28 07:58:50,오피스텔,49164973,월세,01,서울시 은평구 대조동,은평구,대조동,1000,65,0,41.55,12.57,3,연신내역 최신급 오피스텔 월세,https://www.zigbang.com/home/apt/items/49164973
2026-05-28 07:58:50,오피스텔,49050870,월세,01,서울시 노원구 상계동,노원구,상계동,1000,55,0,27.55,8.33,고,신축 소담빌 도시형생활주택및오피스텔,https://www.zigbang.com/home/apt/items/49050870
2026-05-28 07:58:50,오피스텔,49050824,월세,01,서울시 노원구 상계동,노원구,상계동,500,60,0,26.45,8.0,저,소담빌 오피스텔도시형생활주택,https://www.zigbang.com/home/apt/items/49050824
2026-05-28 07:58:50,오피스텔,48966900,매매,01,서울시 노원구 상계동,노원구,상계동,10500,0,10500,26.45,8.0,5,노원역 신축 원룸 오피스텔,https://www.zigbang.com/home/apt/items/48966900
2026-05-28 07:58:50,오피스텔,49132906,월세,03,서울시 노원구 상계동,노원구,상계동,1000,60,0,47.42,14.34,중,"노원역 바로앞,깔끔한 풀옵션,복층구조,전입가능",https://www.zigbang.com/home/apt/items/49132906
2026-05-28 07:58:50,오피스텔,49163876,월세,03,서울시 노원구 상계동,노원구,상계동,500,60,0,33,9.98,5,"노원역 바로앞,방 넓고 수납공간 많은 깔끔한 풀옵션",https://www.zigbang.com/home/apt/items/49163876
2026-05-28 07:58:50,오피스텔,49064079,월세,04,서울시 도봉구 창동,도봉구,창동,5000,140,0,61.99,18.75,11,"전입가능, 투룸복층, 신축첫입주, 빠른계약예상",https://www.zigbang.com/home/apt/items/49064079
2026-05-28 07:58:50,오피스텔,49161415,월세,01,서울시 노원구 상계동,노원구,상계동,500,70,0,52.33,15.83,고,노원역 초역세권  풀옵션 원룸 단층 오피스텔 고층 전입불가,https://www.zigbang.com/home/apt/items/49161415
2026-05-28 07:58:50,오피스텔,49050924,월세,01,서울시 노원구 상계동,노원구,상계동,500,60,0,26.45,8.0,고,도시형생활주택 및 오피스텔,https://www.zigbang.com/home/apt/items/49050924
2026-05-28 07:58:50,오피스텔,48878222,전세,03,서울시 도봉구 창동,도봉구,창동,30000,0,0,66.12,20.0,저,lllll허그버팀목ㅣ투룸복층ㅣ신축첫입주ㅣ주차가능lllll,https://www.zigbang.com/home/apt/items/48878222
2026-05-28 07:58:50,오피스텔,49132977,월세,01,서울시 노원구 상계동,노원구,상계동,700,60,0,22.41,6.78,고,"노원역도보3분 폴옵션 원룸,전입가능 여성분만",https://www.zigbang.com/home/apt/items/49132977
2026-05-28 07:58:50,오피스텔,48966904,매매,01,서울시 노원구 상계동,노원구,상계동,10500,0,10500,26.45,8.0,중,소담빌오피스텔및도시형생활주택,https://www.zigbang.com/home/apt/items/48966904
2026-05-28 07:58:50,오피스텔,49115249,월세,01,서울시 노원구 상계동,노원구,상계동,500,50,0,28,8.47,2,상계역 즉시입주 주차가능 엘베O,https://www.zigbang.com/home/apt/items/49115249
2026-05-28 07:58:50,오피스텔,49146197,월세,01,서울시 노원구 상계동,노원구,상계동,500,50,0,28,8.47,저,풀옵션 엘베 주차 노원역도보가능,https://www.zigbang.com/home/apt/items/49146197
2026-05-28 07:58:50,오피스텔,49144683,월세,01,서울시 노원구 상계동,노원구,상계동,500,55,0,21,6.35,고,엘베있는 풀옵션 원룸. 2년 계약조건,https://www.zigbang.com/home/apt/items/49144683
2026-05-28 07:58:50,오피스텔,49146247,월세,01,서울시 노원구 상계동,노원구,상계동,500,50,0,26,7.86,저,주차 엘베 풀옵션  노원역도보가능,https://www.zigbang.com/home/apt/items/49146247
2026-05-28 07:58:50,오피스텔,49131925,전세,01,서울시 도봉구 방학동,도봉구,방학동,14000,0,0,28,8.47,6,LH.SH전세 방학역 초역세권,https://www.zigbang.com/home/apt/items/49131925
2026-05-28 07:58:50,오피스텔,49097905,월세,01,서울시 도봉구 방학동,도봉구,방학동,13000,6,0,38.52,11.65,중,방학역초역세권 신축급 풀옵션 오피스텔 수납많음,https://www.zigbang.com/home/apt/items/49097905
2026-05-28 07:58:50,오피스텔,49159897,월세,03,서울시 도봉구 방학동,도봉구,방학동,5000,45,0,26.45,8.0,9,전입가능 신화하니엘 복층오피스텔 선호도 1순위,https://www.zigbang.com/home/apt/items/49159897
2026-05-28 07:58:50,오피스텔,48843634,월세,03,서울시 도봉구 방학동,도봉구,방학동,2000,55,0,23.14,7.0,5,복층 오피스텔 월세,https://www.zigbang.com/home/apt/items/48843634
2026-05-28 07:58:50,오피스텔,49166454,월세,03,서울시 도봉구 방학동,도봉구,방학동,1000,65,0,23.14,7.0,11,"방학 신화하니엘씨티 월세, 전입신고 불가",https://www.zigbang.com/home/apt/items/49166454
2026-05-28 07:58:50,오피스텔,49080872,월세,03,서울시 도봉구 방학동,도봉구,방학동,5000,45,0,26.45,8.0,9,"가성비 굿 1호선 방학역 8분 , 전입신고OK ,주차100",https://www.zigbang.com/home/apt/items/49080872
2026-05-28 07:58:50,오피스텔,49062370,월세,03,서울시 도봉구 방학동,도봉구,방학동,5000,40,0,32.24,9.75,5,"융자없음, 방학신화오피스텔, 풀옵션 복층",https://www.zigbang.com/home/apt/items/49062370
2026-05-28 07:58:50,오피스텔,49093375,월세,03,서울시 도봉구 방학동,도봉구,방학동,500,60,0,46.28,14.0,12,초역세권으로  대단지 오피스텔,https://www.zigbang.com/home/apt/items/49093375
2026-05-28 07:58:50,오피스텔,49167790,전세,01,서울시 도봉구 방학동,도봉구,방학동,13500,0,0,38.52,11.65,중,"LH SH가능, 보증보험가입, 방학역 초역세권",https://www.zigbang.com/home/apt/items/49167790
2026-05-28 07:58:50,오피스텔,48988059,월세,03,서울시 도봉구 방학동,도봉구,방학동,5000,45,0,21.53,6.51,중,방학역 5분거리 풀옵션 오피스텔,https://www.zigbang.com/home/apt/items/48988059
2026-05-28 07:58:50,오피스텔,49107249,월세,03,서울시 도봉구 방학동,도봉구,방학동,3700,50,0,32.13,9.72,16,방학동 신화하니엘시티 월세,https://www.zigbang.com/home/apt/items/49107249
2026-05-28 07:58:50,오피스텔,48981463,월세,01,서울시 도봉구 방학동,도봉구,방학동,1000,65,0,38.52,11.65,중,"주거형오피스텔, 전입신고가능, 초역세권, 주변편의시설 다수",https://www.zigbang.com/home/apt/items/48981463
2026-05-28 07:58:50,오피스텔,48995779,전세,01,서울시 도봉구 방학동,도봉구,방학동,14000,0,0,38.52,11.65,5,"근저당없음, LH, SH가능,방학역 바로 앞, 이안오피스텔",https://www.zigbang.com/home/apt/items/48995779
2026-05-28 07:58:50,오피스텔,48860132,월세,03,서울시 도봉구 방학동,도봉구,방학동,11000,17,0,32.24,9.75,중,"은행 버팀목 가능, 방학신화 오피스텔,복층형 풀옵",https://www.zigbang.com/home/apt/items/48860132
2026-05-28 07:58:50,오피스텔,49136435,전세,01,서울시 도봉구 방학동,도봉구,방학동,14000,0,0,38.52,11.65,6,"LH가능, 이안테라디움 오피스텔, 원룸형 풀옵션",https://www.zigbang.com/home/apt/items/49136435
2026-05-28 07:58:52,오피스텔,49136556,월세,02,경기도 의정부시 고산동,의정부시,고산동,500,55,0,58.5,17.7,중,7월협의 l 부가세별도 l전입불가ㅣ 주차매우편리,https://www.zigbang.com/home/apt/items/49136556
2026-05-28 07:58:52,오피스텔,48932945,월세,04,경기도 의정부시 고산동,의정부시,고산동,2000,100,0,130.51,39.48,7,전입가능.넓은방투룸.풀옵션.7월27일이후 입주협의,https://www.zigbang.com/home/apt/items/48932945
2026-05-28 07:58:52,오피스텔,49136601,월세,02,경기도 의정부시 고산동,의정부시,고산동,500,55,0,24.03,7.27,중,"빠른입주협의, 업무용. 세금계산서발행. 풀옵션. 자주식주차",https://www.zigbang.com/home/apt/items/49136601
2026-05-28 07:58:52,오피스텔,49023169,월세,02,경기도 의정부시 고산동,의정부시,고산동,500,55,0,58.55,17.71,중,입주협의.분리형원룸.좋은매물최다보유.업무용.풀옵션,https://www.zigbang.com/home/apt/items/49023169
2026-05-28 07:58:52,오피스텔,49154174,월세,04,경기도 의정부시 고산동,의정부시,고산동,1000,110,0,56.58,17.12,고,"전입되는 투룸,신축,기본가전옵션 완비,7월말",https://www.zigbang.com/home/apt/items/49154174
2026-05-28 07:58:52,오피스텔,49094115,월세,02,경기도 의정부시 고산동,의정부시,고산동,500,55,0,58.55,17.71,고,빠른입주협의.전입안되요.좋은매물최다보유.풀옵션.유튜브운영중,https://www.zigbang.com/home/apt/items/49094115
2026-05-28 07:58:52,오피스텔,48867952,월세,04,경기도 의정부시 고산동,의정부시,고산동,1000,110,0,130.51,39.48,7,7월27일부터입주가능.전입가능한투룸.풀옵션.주차1대무료,https://www.zigbang.com/home/apt/items/48867952
2026-05-28 07:58:52,오피스텔,48932869,월세,04,경기도 의정부시 고산동,의정부시,고산동,1000,110,0,130.51,39.48,7,전입가능한투룸.풀옵션.2천100도가능.7월27일입주가능,https://www.zigbang.com/home/apt/items/48932869
2026-05-28 07:58:52,오피스텔,49151695,월세,02,경기도 의정부시 고산동,의정부시,고산동,500,55,0,24.03,7.27,중,업무용. 부가세별도. 풀옵션. 분리형원룸,https://www.zigbang.com/home/apt/items/49151695
2026-05-28 07:58:52,오피스텔,49153835,월세,02,경기도 의정부시 고산동,의정부시,고산동,500,55,0,24.03,7.27,중,빠른입주협의ㅇ업무용ㅇ풀옵션ㅇ분리형원룸ㅇ자주식주차1대무료,https://www.zigbang.com/home/apt/items/49153835
2026-05-28 07:58:52,오피스텔,49144337,월세,02,경기도 의정부시 고산동,의정부시,고산동,500,60,0,53.04,16.04,중,입주협의.구조좋은 분리형원룸.좋은매물최다보유.풀옵션.업무용,https://www.zigbang.com/home/apt/items/49144337
2026-05-28 07:58:52,오피스텔,49151231,월세,03,경기도 남양주시 진접읍 장현리,남양주시,진접읍,300,50,0,23,6.96,저,장현시내 생활형숙박시설,https://www.zigbang.com/home/apt/items/49151231
2026-05-28 07:58:52,오피스텔,49104150,월세,02,경기도 남양주시 진접읍 장현리,남양주시,진접읍,500,70,0,40,12.1,13,장현 스카이마크,https://www.zigbang.com/home/apt/items/49104150
2026-05-28 07:58:52,오피스텔,49081596,월세,03,경기도 남양주시 진접읍 장현리,남양주시,진접읍,300,50,0,27.93,8.45,10,단기도 가능한 호실입니다,https://www.zigbang.com/home/apt/items/49081596
2026-05-28 07:58:52,오피스텔,49162648,월세,03,경기도 남양주시 진접읍 장현리,남양주시,진접읍,300,50,0,21,6.35,14,장현시내 생활숙박,https://www.zigbang.com/home/apt/items/49162648
2026-05-28 07:58:52,오피스텔,49081302,월세,02,경기도 남양주시 진접읍 장현리,남양주시,진접읍,500,70,0,40.93,12.38,고,고층 남향 1.5 룸 입니다  복층 아주 넓고 창문있어요,https://www.zigbang.com/home/apt/items/49081302
2026-05-28 07:58:52,오피스텔,49104180,월세,03,경기도 남양주시 진접읍 장현리,남양주시,진접읍,500,70,0,40,12.1,15,장현시내 신축급 1.5룸,https://www.zigbang.com/home/apt/items/49104180
2026-05-28 07:58:52,오피스텔,49128800,월세,03,경기도 남양주시 진접읍 장현리,남양주시,진접읍,300,50,0,27.93,8.45,11,원룸 중 티안나게  큰 호실입니다,https://www.zigbang.com/home/apt/items/49128800
2026-05-28 07:58:52,오피스텔,49162666,월세,03,경기도 남양주시 진접읍 장현리,남양주시,진접읍,300,50,0,21,6.35,20,장현시내 오피스텔,https://www.zigbang.com/home/apt/items/49162666
2026-05-28 07:58:53,오피스텔,49129603,월세,03,경기도 양주시 광사동,양주시,광사동,500,45,0,30,9.07,6,"복층형 오피스텔,즉시입주가,주차편리,전입신고,풀옵션.테라스",https://www.zigbang.com/home/apt/items/49129603
2026-05-28 07:58:53,오피스텔,49129567,월세,01,경기도 양주시 광사동,양주시,광사동,500,55,0,38.49,11.64,7,"첫입주 오피스텔,주차가능,즉시입주,풀옵션,전입신고,애견가능",https://www.zigbang.com/home/apt/items/49129567
2026-05-28 07:58:53,오피스텔,48833670,월세,02,경기도 양주시 광사동,양주시,광사동,500,65,0,40,12.1,6,"즉시입주가능한 오피스텔,풀옵션,스타일러,상권좋고 주차가능",https://www.zigbang.com/home/apt/items/48833670
2026-05-28 07:58:54,오피스텔,49023039,월세,03,경기도 양주시 옥정동,양주시,옥정동,100,65,0,45.76,13.84,5,선납방Xl 단기임대 l 신축 북층형 오피스텔,https://www.zigbang.com/home/apt/items/49023039
2026-05-28 07:58:54,오피스텔,49036637,월세,03,경기도 양주시 옥정동,양주시,옥정동,500,55,0,49.77,15.06,5,"즉시입주가,상권좋음,복층형원룸,풀옵션,주차가능,고급스런오피",https://www.zigbang.com/home/apt/items/49036637
2026-05-28 07:58:54,오피스텔,49072767,월세,03,경기도 양주시 옥정동,양주시,옥정동,500,60,0,44,13.31,3,"입주가능,풀옵션,옥정중심상가내 위치해서 상권,편의시설",https://www.zigbang.com/home/apt/items/49072767
2026-05-28 07:58:54,오피스텔,49015568,월세,03,경기도 양주시 옥정동,양주시,옥정동,100,63,0,41.12,12.44,3,선납방X 단기가능 옥정신도시 유일한 오피스텔,https://www.zigbang.com/home/apt/items/49015568
2026-05-28 07:58:54,오피스텔,49023055,월세,03,경기도 양주시 옥정동,양주시,옥정동,100,65,0,45.76,13.84,4,ㅡㅡNEWㅣ풀옵션ㅣ신축오피ㅣ단기OKㅣ선납금방Xㅣ,https://www.zigbang.com/home/apt/items/49023055
2026-05-28 07:58:55,오피스텔,48842088,매매,05,경기도 이천시 송정동,이천시,송정동,21000,0,21000,120.94,36.58,9,급매 방3화2 안방붙박이장 시스템에어컨 커텐 시스템행거줄눈,https://www.zigbang.com/home/apt/items/48842088
2026-05-28 07:58:56,오피스텔,49155300,월세,01,경기도 이천시 안흥동,이천시,안흥동,500,60,0,63.01,19.06,중,7월30일입주가능,https://www.zigbang.com/home/apt/items/49155300
2026-05-28 07:58:56,오피스텔,49104587,월세,04,경기도 이천시 안흥동,이천시,안흥동,300,80,0,81.04,24.51,4,하이앤드천년가 생활형 숙박시설 투룸복층,https://www.zigbang.com/home/apt/items/49104587
2026-05-28 07:58:56,오피스텔,49104880,월세,04,경기도 이천시 안흥동,이천시,안흥동,500,80,0,81.04,24.51,고,하이앤드천년가 투룸복층,https://www.zigbang.com/home/apt/items/49104880
2026-05-28 07:58:56,오피스텔,48998673,월세,01,경기도 이천시 중리동,이천시,중리동,200,47,0,38.97,11.79,6,"이천시내 인접 생활형숙박시설 월세,부가세 별도,단기가능",https://www.zigbang.com/home/apt/items/48998673
2026-05-28 07:58:56,오피스텔,49139882,월세,04,경기도 이천시 중리동,이천시,중리동,1700,85,0,97.93,29.62,18,"터미널인근,귀한 투룸",https://www.zigbang.com/home/apt/items/49139882
2026-05-28 07:58:56,오피스텔,49089462,월세,01,경기도 이천시 창전동,이천시,창전동,500,45,0,25,7.56,5,태극당 도보 2분 6월초 협의입주 풀옵션 오피스텔 월세,https://www.zigbang.com/home/apt/items/49089462
2026-05-28 07:58:56,오피스텔,49139855,월세,01,경기도 이천시 중리동,이천시,중리동,500,55,0,46.23,13.98,10,센트럴시티 원룸 풀옵션,https://www.zigbang.com/home/apt/items/49139855
2026-05-28 07:58:56,오피스텔,49155359,월세,01,경기도 이천시 안흥동,이천시,안흥동,500,55,0,63,19.06,5,즉시 입주가능,https://www.zigbang.com/home/apt/items/49155359
2026-05-28 07:58:56,오피스텔,49155329,월세,01,경기도 이천시 안흥동,이천시,안흥동,500,60,0,63,19.06,중,코아루휴티스7월30일입주가능,https://www.zigbang.com/home/apt/items/49155329
2026-05-28 07:59:07,오피스텔,49044364,전세,02,강원도 춘천시 요선동,춘천시,요선동,9000,0,0,48,14.52,9,분리형원룸으로 풀옵션.전입확정일자가능 6월말입주가능,https://www.zigbang.com/home/apt/items/49044364
2026-05-28 07:59:07,오피스텔,49120613,전세,01,강원도 춘천시 소양로1가,춘천시,소양로1가,8500,0,0,45.73,13.83,13,"전세대출가능,   풀옵션, 소양강뷰최고, 빠른입주가능",https://www.zigbang.com/home/apt/items/49120613
2026-05-28 07:59:07,오피스텔,49139254,월세,02,강원도 춘천시 소양로1가,춘천시,소양로1가,2000,40,0,46.28,14.0,중,환상의 뷰를 자랑하는 스마트 오피스텔,https://www.zigbang.com/home/apt/items/49139254
2026-05-28 07:59:07,오피스텔,49120628,월세,04,강원도 춘천시 소양로1가,춘천시,소양로1가,500,80,0,90.83,27.48,중,"투룸,전망최고,풀옵션,전입불가, 사택가능, 즉시입주가능",https://www.zigbang.com/home/apt/items/49120628
2026-05-28 07:59:07,오피스텔,48853512,월세,01,강원도 춘천시 소양로1가,춘천시,소양로1가,500,50,0,45.73,13.83,3,"소양강뷰 , 풀옵션, 원룸  즉시입주가능합니다.",https://www.zigbang.com/home/apt/items/48853512
2026-05-28 07:59:07,오피스텔,48917727,월세,01,강원도 춘천시 요선동,춘천시,요선동,300,50,0,33.06,10.0,7,너무 좋은 위치 테라스 있는 오피스텔,https://www.zigbang.com/home/apt/items/48917727
2026-05-28 07:59:07,오피스텔,49139185,월세,02,강원도 춘천시 소양로1가,춘천시,소양로1가,2000,40,0,42.98,13.0,7,고층만의 특권 환상의 뷰  인테리어 최고,https://www.zigbang.com/home/apt/items/49139185
2026-05-28 07:59:07,오피스텔,49120811,월세,01,강원도 춘천시 소양로1가,춘천시,소양로1가,500,50,0,45.82,13.86,3,"소양강뷰 일품 ,풀옵션원룸  즉시입주가능합니다.",https://www.zigbang.com/home/apt/items/49120811
2026-05-28 07:59:33,오피스텔,49133920,월세,01,강원도 원주시 반곡동,원주시,반곡동,2000,30,0,53.14,16.07,16,풀옵션 생활권편리 건보근처 전망 좋은 고층 매물,https://www.zigbang.com/home/apt/items/49133920
2026-05-28 07:59:33,오피스텔,49120761,월세,01,강원도 원주시 반곡동,원주시,반곡동,500,50,0,58.99,17.84,12,"고층 즉시입주 관광공사,건보도보권위치,전망최상 주차편리",https://www.zigbang.com/home/apt/items/49120761
2026-05-28 07:59:33,오피스텔,49031116,월세,01,강원도 원주시 반곡동,원주시,반곡동,500,50,0,61.26,18.53,고,"즉시입주,전망,전입, 건강보험공단 맞은편",https://www.zigbang.com/home/apt/items/49031116
2026-05-28 07:59:33,오피스텔,48965360,월세,01,강원도 원주시 반곡동,원주시,반곡동,500,40,0,53.4,16.15,고,"즉시입주,전망, 공기업 도보가능",https://www.zigbang.com/home/apt/items/48965360
2026-05-28 07:59:33,오피스텔,49054318,월세,01,강원도 원주시 반곡동,원주시,반곡동,500,55,0,63.45,19.19,중,고층 남향 햇살가득 뷰좋아요 중문O 혁신도시컨디션가장좋은,https://www.zigbang.com/home/apt/items/49054318
2026-05-28 07:59:33,오피스텔,49121571,월세,01,강원도 원주시 반곡동,원주시,반곡동,300,50,0,56.97,17.23,7,"단기가능,전입신고불가,심평원초근접,깨끗,임대인신원확실",https://www.zigbang.com/home/apt/items/49121571
2026-05-28 07:59:33,오피스텔,49082676,월세,01,강원도 원주시 반곡동,원주시,반곡동,500,50,0,61.26,18.53,중,"즉시입주,전망, 전입, 건강보험공단 맞은평",https://www.zigbang.com/home/apt/items/49082676
2026-05-28 07:59:33,오피스텔,48929591,월세,01,강원도 원주시 반곡동,원주시,반곡동,500,50,0,60.4,18.27,중,"남향 즉시 완전깔끔 햇살가득따뜻한집건보,관광공사도보5분",https://www.zigbang.com/home/apt/items/48929591
2026-05-28 07:59:33,오피스텔,48891138,월세,01,강원도 원주시 반곡동,원주시,반곡동,500,60,0,80.59,24.38,9,"단기가능,건보등 관공서인접,중문있는 화이트 오피스텔",https://www.zigbang.com/home/apt/items/48891138
2026-05-28 07:59:33,오피스텔,49133919,전세,01,강원도 원주시 반곡동,원주시,반곡동,8000,0,0,60.4,18.27,저,"건보등 관공서도보5분,개방감 좋은 오피스텔,수변공원등",https://www.zigbang.com/home/apt/items/49133919
2026-05-28 07:59:33,오피스텔,49133921,월세,01,강원도 원주시 반곡동,원주시,반곡동,500,45,0,60.4,18.27,저,"가성비좋은 이노펠리스 오피스텔,각종 관공서 도보 출퇴근",https://www.zigbang.com/home/apt/items/49133921
2026-05-28 07:59:33,오피스텔,49085981,월세,01,강원도 원주시 반곡동,원주시,반곡동,500,45,0,53.4,16.15,11,건보도보10분내 가성비오피스텔 미리내도서관인근,https://www.zigbang.com/home/apt/items/49085981
2026-05-28 07:59:33,오피스텔,49082684,월세,01,강원도 원주시 반곡동,원주시,반곡동,500,48,0,60.4,18.27,고,"즉시입주,전입, 전망, 건강보험공단 맞은편",https://www.zigbang.com/home/apt/items/49082684
2026-05-28 07:59:33,오피스텔,48965423,월세,01,강원도 원주시 반곡동,원주시,반곡동,6000,10,0,61.26,18.53,고,"전세대출,보증보험 협조, 건강보험공단 맞은편",https://www.zigbang.com/home/apt/items/48965423
2026-05-28 07:59:53,오피스텔,49123956,월세,01,강원도 강릉시 유천동,강릉시,유천동,300,48,0,39.66,12.0,5,뻥뷰  풀옵션 주차편리 일조권최상   전입신고가능 단기가능,https://www.zigbang.com/home/apt/items/49123956
2026-05-28 07:59:53,오피스텔,49137389,월세,01,강원도 강릉시 유천동,강릉시,유천동,300,48,0,42.05,12.72,4,풀옵션  도시가스 주차편리  남향 전입신고가능 즉시입주,https://www.zigbang.com/home/apt/items/49137389
2026-05-28 07:59:53,오피스텔,49081500,월세,01,강원도 강릉시 홍제동,강릉시,홍제동,300,48,0,43,13.01,5,풀옵션  보증보험가입가  전입신고가능 남향  단기가능,https://www.zigbang.com/home/apt/items/49081500
2026-05-28 07:59:53,오피스텔,49081446,월세,01,강원도 강릉시 홍제동,강릉시,홍제동,300,53,0,42.98,13.0,2,풀옵션  도시가스  주차시설 전입신고가능  남향 단기가능,https://www.zigbang.com/home/apt/items/49081446
2026-05-28 07:59:53,오피스텔,49081212,월세,01,강원도 강릉시 교동,강릉시,교동,300,50,0,50.91,15.4,8,강릉역앞  풀옵션  전입신고가능 주차시설  단기가능,https://www.zigbang.com/home/apt/items/49081212
2026-05-28 07:59:53,오피스텔,49143519,월세,01,강원도 강릉시 교동,강릉시,교동,500,50,0,50.91,15.4,11,"11층,6월6일이후입주가능,북동향주거용,전입신고가능,침대있",https://www.zigbang.com/home/apt/items/49143519
2026-05-28 07:59:53,오피스텔,49106172,월세,01,강원도 강릉시 교동,강릉시,교동,500,52,0,50.91,15.4,16,"16층,바다조망,6월21일후입주가,중앙시장 홈플러스 근접",https://www.zigbang.com/home/apt/items/49106172
2026-05-28 07:59:53,오피스텔,48990823,전세,01,강원도 강릉시 교동,강릉시,교동,8500,0,0,50.92,15.4,3,"3층,전입신고가능전세대출동의,협의입주가능,침대,화장대",https://www.zigbang.com/home/apt/items/48990823
2026-05-28 07:59:53,오피스텔,48875551,월세,01,강원도 강릉시 교동,강릉시,교동,500,60,0,50.91,15.4,17,"즉시입주가능, 바다조망 다락있음,전입신고 불가",https://www.zigbang.com/home/apt/items/48875551
2026-05-28 07:59:53,오피스텔,49106152,월세,01,강원도 강릉시 교동,강릉시,교동,500,50,0,50.91,15.4,11,"11층,6월26일이후입주가능,전입신고가능,침대있음",https://www.zigbang.com/home/apt/items/49106152
2026-05-28 08:00:38,오피스텔,48988091,월세,01,강원도 속초시 교동,속초시,교동,220,58,0,57.93,17.52,중,"청초호수공원, 오션뷰를 갖춘 풀옵션 레지던스",https://www.zigbang.com/home/apt/items/48988091
2026-05-28 08:00:38,오피스텔,49138851,월세,01,강원도 속초시 교동,속초시,교동,50,63,0,57.93,17.52,6,속초중심지 풀옵션 레지던스,https://www.zigbang.com/home/apt/items/49138851
2026-05-28 08:00:38,오피스텔,49079777,월세,01,강원도 속초시 교동,속초시,교동,500,45,0,26.45,8.0,17,전입신고가능 원룸형도시형생활주택,https://www.zigbang.com/home/apt/items/49079777
2026-05-28 08:00:38,오피스텔,49085281,월세,01,강원도 속초시 조양동,속초시,조양동,170,57,0,51.51,15.58,고,"속초중심지 풀옵션 레지던스, 무료주차 지원",https://www.zigbang.com/home/apt/items/49085281
2026-05-28 08:00:38,오피스텔,49085548,월세,01,강원도 속초시 영랑동,속초시,영랑동,200,53,0,40.91,12.38,중,"속초바다 한달살이, 호텔식 풀옵션",https://www.zigbang.com/home/apt/items/49085548
2026-05-28 08:00:38,오피스텔,49138820,월세,01,강원도 속초시 조양동,속초시,조양동,170,57,0,30.62,9.26,3,"속초중심지 풀옵션 레지던스, 무료주차 지원",https://www.zigbang.com/home/apt/items/49138820
2026-05-28 08:00:38,오피스텔,48988072,월세,01,강원도 속초시 조양동,속초시,조양동,50,61,0,30.57,9.25,3,가성비 UP 호텔식 풀옵션,https://www.zigbang.com/home/apt/items/48988072
2026-05-28 08:00:38,오피스텔,49053757,월세,02,강원도 속초시 조양동,속초시,조양동,500,60,0,33,9.98,중,해수욕장 5분거리 햇빛좋아요,https://www.zigbang.com/home/apt/items/49053757
2026-05-28 08:00:38,오피스텔,48987982,월세,01,강원도 속초시 영랑동,속초시,영랑동,200,53,0,47.65,14.41,저,"속초바다 한달살이, 호텔식 풀옵션",https://www.zigbang.com/home/apt/items/48987982
2026-05-28 08:00:38,오피스텔,49053745,월세,02,강원도 속초시 조양동,속초시,조양동,500,60,0,46.28,14.0,27,속초해수욕장 고속터미널 바로옆,https://www.zigbang.com/home/apt/items/49053745
2026-05-28 08:00:38,오피스텔,49085380,월세,01,강원도 속초시 조양동,속초시,조양동,250,65,0,64.06,19.38,중,"가성비 UP, 입주일 조정가능, 풀옵션 레지던스, 무료주차",https://www.zigbang.com/home/apt/items/49085380
2026-05-28 08:00:38,오피스텔,49079752,월세,01,강원도 속초시 조양동,속초시,조양동,500,50,0,26.45,8.0,10,원룸형 오피스텔입니다,https://www.zigbang.com/home/apt/items/49079752
2026-05-28 08:00:38,오피스텔,49138981,월세,01,강원도 속초시 영랑동,속초시,영랑동,50,58,0,40.91,12.38,중,"단기임대 전용 보증금 할인, 풀옵션 레지던스",https://www.zigbang.com/home/apt/items/49138981
2026-05-28 08:00:38,오피스텔,49085079,월세,01,강원도 속초시 조양동,속초시,조양동,50,61,0,51.51,15.58,고,"한달살기 최적, 침대, 이불, 커피머신까지 모두 제공",https://www.zigbang.com/home/apt/items/49085079
2026-05-28 08:00:38,오피스텔,48988008,월세,01,강원도 속초시 영랑동,속초시,영랑동,50,58,0,47.49,14.37,저,"단기임대 전용 보증금 할인, 풀옵션 레지던스",https://www.zigbang.com/home/apt/items/48988008
