수집시간,매물유형,매물ID,거래유형,방유형,시도,구군,읍면동,보증금(만원),월세(만원),매매가(만원),면적(m2),평,층,제목,URL
2026-07-03 06:56:48,원룸,49408626,월세,01,제주도 서귀포시 대정읍 구억리,서귀포시,대정읍,300,50,0,40,12.1,2,대정영어마을인근.깨끗넓은원룸.풀옵션.월세,https://www.zigbang.com/home/apt/items/49408626
2026-07-03 06:56:49,원룸,49575513,월세,02,제주도 서귀포시 중문동,서귀포시,중문동,200,43,0,60.03,18.16,2,"방,거실 분리형",https://www.zigbang.com/home/apt/items/49575513
2026-07-03 06:56:49,원룸,49575471,월세,02,제주도 서귀포시 중문동,서귀포시,중문동,200,39,0,49.6,15.0,저,단기가능.풀옵션 1.5룸,https://www.zigbang.com/home/apt/items/49575471
2026-07-03 06:56:49,원룸,49531328,월세,01,제주도 서귀포시 중문동,서귀포시,중문동,200,35,0,37.5,11.34,7,테라스 있음. 확트인 한라산 경관. 자주식 주차. 클린하우,https://www.zigbang.com/home/apt/items/49531328
2026-07-03 06:56:49,원룸,49479206,월세,01,제주도 서귀포시 중문동,서귀포시,중문동,200,40,0,35.56,10.76,2,남향 바다경관 최상. 풀옵션. 침대 시스템 에어컨 드럼세탁,https://www.zigbang.com/home/apt/items/49479206
2026-07-03 06:56:49,원룸,49471030,월세,01,제주도 서귀포시 중문동,서귀포시,중문동,200,33,0,40.93,12.38,중,테라스 풀옵션 원룸,https://www.zigbang.com/home/apt/items/49471030
2026-07-03 06:56:49,원룸,49460861,월세,02,제주도 서귀포시 중문동,서귀포시,중문동,200,45,0,49.6,15.0,3,남향 바다경관 최상. 분리형 1.5룸 방 거실 넓음,https://www.zigbang.com/home/apt/items/49460861
2026-07-03 06:56:49,원룸,49460839,월세,01,제주도 서귀포시 중문동,서귀포시,중문동,200,35,0,41.69,12.61,6,테라스 있음. 동향 확트인 경관. 풀옵션. 침대,https://www.zigbang.com/home/apt/items/49460839
2026-07-03 06:56:49,원룸,49349716,월세,02,제주도 서귀포시 중문동,서귀포시,중문동,200,40,0,26.45,8.0,3,중문 입구 교차로 남쪽 인근 1.5룸,https://www.zigbang.com/home/apt/items/49349716
2026-07-03 06:56:49,원룸,49287653,월세,02,제주도 서귀포시 중문동,서귀포시,중문동,200,45,0,33.06,10.0,2,중문입구 교차로 부근 한적한 1.5룸,https://www.zigbang.com/home/apt/items/49287653
2026-07-03 06:56:49,원룸,49154276,월세,01,제주도 서귀포시 도순동,서귀포시,도순동,200,35,0,23.14,7.0,2,도순동 한적하고 오션뷰 오픈형 원룸,https://www.zigbang.com/home/apt/items/49154276
2026-07-03 06:56:49,원룸,49585289,월세,01,제주도 서귀포시 서귀동,서귀포시,서귀동,300,60,0,49.58,15.0,6,고급스러운 원,https://www.zigbang.com/home/apt/items/49585289
2026-07-03 06:56:49,원룸,49585180,월세,01,제주도 서귀포시 서귀동,서귀포시,서귀동,250,50,0,26,7.86,5,신축 오피스텔  위치 최고  전입가능,https://www.zigbang.com/home/apt/items/49585180
2026-07-03 06:56:49,원룸,49488902,월세,01,제주도 서귀포시 서귀동,서귀포시,서귀동,200,42,0,29.75,9.0,4,신축 건물  JS라메르 2차,https://www.zigbang.com/home/apt/items/49488902
2026-07-03 06:56:49,원룸,49488901,월세,01,제주도 서귀포시 서귀동,서귀포시,서귀동,200,40,0,24,7.26,3,더그레이튼 중앙로터리부근 오피스텔,https://www.zigbang.com/home/apt/items/49488901
2026-07-03 06:56:49,원룸,48991373,월세,01,제주도 서귀포시 서홍동,서귀포시,서홍동,200,50,0,29.61,8.96,5,서귀포 보건소 남쪽 인근 오픈형 원룸,https://www.zigbang.com/home/apt/items/48991373
2026-07-03 06:56:53,원룸,49549252,월세,02,제주도 제주시 애월읍 구엄리,제주시,애월읍,200,50,0,26.45,8.0,1,8월입주 구엄초인근 1.5룸 풀옵션 분리형원룸,https://www.zigbang.com/home/apt/items/49549252
2026-07-03 06:56:54,원룸,49541843,월세,02,제주도 제주시 애월읍 고성리,제주시,애월읍,200,55,0,39.66,12.0,2,애월고성리 외국어고인근  분리형 풀옵션,https://www.zigbang.com/home/apt/items/49541843
2026-07-03 06:56:54,원룸,49587742,월세,02,제주도 제주시 애월읍 상귀리,제주시,애월읍,200,42,0,45.5,13.76,1,"년세만 가능500만, 방이 큰 분리형 원룸, 노옵션",https://www.zigbang.com/home/apt/items/49587742
2026-07-03 06:56:54,원룸,49562531,월세,01,제주도 제주시 외도일동,제주시,외도일동,200,50,0,18.18,5.5,2,반려동물가능한 외도 풀옵션 일체형원룸 베란다있음,https://www.zigbang.com/home/apt/items/49562531
2026-07-03 06:56:54,원룸,49552323,월세,02,제주도 제주시 애월읍 장전리,제주시,애월읍,200,45,0,33.06,10.0,2,"즉시 입주 가능, 장전리 벚꽃길 인근, 풀옵션, 넓은 원룸",https://www.zigbang.com/home/apt/items/49552323
2026-07-03 06:56:54,원룸,49334888,월세,02,제주도 제주시 애월읍 하귀1리,제주시,애월읍,300,75,0,42.5,12.86,2,하귀일초인근 신축급  테라스있는 넓은 풀옵션분리형 연세만,https://www.zigbang.com/home/apt/items/49334888
2026-07-03 06:56:54,원룸,49585716,월세,02,제주도 제주시 노형동,제주시,노형동,100,48,0,33.02,9.99,1,이가격이 투룸이라구요 진짜 놓치지 마세요,https://www.zigbang.com/home/apt/items/49585716
2026-07-03 06:56:54,원룸,49583633,월세,01,제주도 제주시 노형동,제주시,노형동,300,50,0,30,9.07,1,"즉시 입주, 주차공간 많음.  노형중학교 부근, 풀옵션",https://www.zigbang.com/home/apt/items/49583633
2026-07-03 06:56:54,원룸,49565697,월세,01,제주도 제주시 노형동,제주시,노형동,300,45,0,30,9.07,3,"애완견 가능, 즉시 입주 가능, 주차 좋음, 풀옵션",https://www.zigbang.com/home/apt/items/49565697
2026-07-03 06:56:54,원룸,49552672,월세,02,제주도 제주시 노형동,제주시,노형동,300,60,0,26.21,7.93,4,"입주 7월말, 분리형 원룸, 풀옵션, 주차 좋음",https://www.zigbang.com/home/apt/items/49552672
2026-07-03 06:56:54,원룸,49552502,월세,01,제주도 제주시 애월읍 광령리,제주시,애월읍,300,60,0,39.67,12.0,1,"층고 높은 럭셔리 원룸,  전원주택 생활이 가능, 풀옵션",https://www.zigbang.com/home/apt/items/49552502
2026-07-03 06:56:54,원룸,49461666,월세,02,제주도 제주시 노형동,제주시,노형동,2000,200,0,109.08,33.0,2,노형동 학군 좋은 4룸 3화장실 복층있는 집주인 세대,https://www.zigbang.com/home/apt/items/49461666
2026-07-03 06:56:54,원룸,49459797,월세,01,제주도 제주시 노형동,제주시,노형동,100,35,0,27.15,8.21,2,가격너무 좋고 방크기좋고 뷰 좋고 놓치지마세요,https://www.zigbang.com/home/apt/items/49459797
2026-07-03 06:56:54,원룸,49036391,월세,01,제주도 제주시 노형동,제주시,노형동,200,53,0,27.42,8.29,2,소형반려가능.주방분리형.월세.풀옵션,https://www.zigbang.com/home/apt/items/49036391
2026-07-03 06:56:54,원룸,49586589,월세,01,제주도 제주시 아라일동,제주시,아라일동,100,30,0,23.14,7.0,4,"제주대 후문 . 연세로 350만원임, 6개월 가능",https://www.zigbang.com/home/apt/items/49586589
2026-07-03 06:56:54,원룸,49574669,월세,02,제주도 제주시 아라일동,제주시,아라일동,300,59,0,31.03,9.39,4,NEW.제대후문 신축급 1.5룸 풀옵션.NEW,https://www.zigbang.com/home/apt/items/49574669
2026-07-03 06:56:54,원룸,49564195,월세,03,제주도 제주시 아라일동,제주시,아라일동,200,63,0,24.79,7.5,4,B까리따스유치원인근.준신축급  풀옵 복층형 원룸. 연세,https://www.zigbang.com/home/apt/items/49564195
2026-07-03 06:56:54,원룸,49528840,월세,01,제주도 제주시 아라일동,제주시,아라일동,100,28,0,20.12,6.09,4,제주대학교 후문 오픈형 원룸,https://www.zigbang.com/home/apt/items/49528840
2026-07-03 06:56:54,원룸,49421856,월세,02,제주도 제주시 아라일동,제주시,아라일동,500,70,0,40,12.1,2,제대병원인근 한적한위치 풀옵션 주차편리,https://www.zigbang.com/home/apt/items/49421856
2026-07-03 06:56:54,원룸,49360236,월세,01,제주도 제주시 아라일동,제주시,아라일동,200,42,0,26.24,7.94,4,제주대학교 인근이도빌리지  깔끔한 오픈형 원룸,https://www.zigbang.com/home/apt/items/49360236
2026-07-03 06:56:54,원룸,49092868,월세,01,제주도 제주시 아라일동,제주시,아라일동,200,45,0,31.75,9.6,2,제주대 후문 이도빌리지 원룸 월세,https://www.zigbang.com/home/apt/items/49092868
2026-07-03 06:56:55,원룸,49587036,월세,02,제주도 제주시 외도일동,제주시,외도일동,300,65,0,32.04,9.69,3,B외도동.한국물류 맞은편 풀옵 관리잘된 분리형,https://www.zigbang.com/home/apt/items/49587036
2026-07-03 06:56:55,원룸,49582923,월세,02,제주도 제주시 이호일동,제주시,이호일동,600,50,0,30,9.07,2,"바다 5분,  분리형 원룸, 년세만 가능600만, 풀옵션",https://www.zigbang.com/home/apt/items/49582923
2026-07-03 06:56:55,원룸,49580927,월세,02,제주도 제주시 외도일동,제주시,외도일동,300,65,0,39.6,11.98,3,㉧넓은1.5룸㉧월세.대도로변.인프라좋음.주차O,https://www.zigbang.com/home/apt/items/49580927
2026-07-03 06:56:55,원룸,49540729,전세,01,제주도 제주시 도두일동,제주시,도두일동,9600,0,0,33,9.98,8,도두블루파크시티 풀옵션 원룸 즉시입주 전세1순위 전망최상,https://www.zigbang.com/home/apt/items/49540729
2026-07-03 06:56:55,원룸,49523404,월세,01,제주도 제주시 이호일동,제주시,이호일동,200,48,0,26.44,8.0,3,K.이호 오션뷰 원룸 풀옵션 1년살이 추천,https://www.zigbang.com/home/apt/items/49523404
2026-07-03 06:56:55,원룸,49469751,월세,02,제주도 제주시 이호일동,제주시,이호일동,300,78,0,42,12.7,3,"도리초 인근 반려동물가능 한 아주 넓은 1.5룸 월세,년세",https://www.zigbang.com/home/apt/items/49469751
2026-07-03 06:56:55,원룸,49463737,월세,02,제주도 제주시 외도일동,제주시,외도일동,300,65,0,33.05,10.0,3,외도일동 대로변 최상의위치 거실있는 풀옵션급 1.5룸 월세,https://www.zigbang.com/home/apt/items/49463737
2026-07-03 06:56:55,원룸,49401580,월세,02,제주도 제주시 외도일동,제주시,외도일동,300,65,0,45,13.61,3,외도.예쁜1.5룸.풀옵션.주차편리.월세,https://www.zigbang.com/home/apt/items/49401580
2026-07-03 06:57:01,원룸,49543341,월세,01,제주도 서귀포시 동홍동,서귀포시,동홍동,200,40,0,26.44,8.0,중,플러스마트 옆 제이원타워,https://www.zigbang.com/home/apt/items/49543341
2026-07-03 06:57:01,원룸,49543201,월세,01,제주도 서귀포시 동홍동,서귀포시,동홍동,200,37,0,26.45,8.0,2,동홍초인근 오픈형 원룸,https://www.zigbang.com/home/apt/items/49543201
2026-07-03 06:57:01,원룸,49459320,월세,01,제주도 서귀포시 서귀동,서귀포시,서귀동,200,35,0,28.55,8.64,3,동문로터리 남쪽인근 오픈형 원룸,https://www.zigbang.com/home/apt/items/49459320
2026-07-03 06:57:01,원룸,49447965,월세,01,제주도 서귀포시 동홍동,서귀포시,동홍동,100,37,0,23.14,7.0,4,서귀포 오일시장 맞은편 한적한 원룸,https://www.zigbang.com/home/apt/items/49447965
2026-07-03 06:57:01,원룸,49262266,전세,01,제주도 서귀포시 서귀동,서귀포시,서귀동,5000,0,0,28.73,8.69,3,동문로터리 남쪽 인근 오픈형 원룸,https://www.zigbang.com/home/apt/items/49262266
2026-07-03 06:57:07,원룸,48647905,월세,02,제주도 제주시 조천읍 신촌리,제주시,조천읍,100,75,0,62.25,18.83,3,조천읍 신촌리 신축 첫입주 풀옵션급 거실넓은 1.5룸 년세,https://www.zigbang.com/home/apt/items/48647905
2026-07-03 06:57:07,원룸,48529910,월세,01,제주도 제주시 조천읍 신촌리,제주시,조천읍,100,66,0,41.97,12.7,3,조천읍 신촌리 신축 막힘없는 풀옵션급 평수 넓은 원룸 년세,https://www.zigbang.com/home/apt/items/48529910
2026-07-03 06:57:07,원룸,49579125,월세,01,제주도 제주시 삼양일동,제주시,삼양일동,100,43,0,26.23,7.93,2,삼양동 깨끗한 원룸 임대,https://www.zigbang.com/home/apt/items/49579125
2026-07-03 06:57:07,원룸,49573350,월세,01,제주도 제주시 도련일동,제주시,도련일동,200,50,0,33.06,10.0,4,삼화지구 인근 깔끔 오피스텔,https://www.zigbang.com/home/apt/items/49573350
2026-07-03 06:57:07,원룸,49542968,월세,01,제주도 제주시 삼양삼동,제주시,삼양삼동,200,45,0,25,7.56,1,"화북주공아파트 , 벌랑포구 인근 오픈형원룸 1층",https://www.zigbang.com/home/apt/items/49542968
2026-07-03 06:57:07,원룸,49536438,월세,01,제주도 제주시 삼양삼동,제주시,삼양삼동,200,47,0,23.14,7.0,2,제주시 삼양동 신축급 원룸,https://www.zigbang.com/home/apt/items/49536438
2026-07-03 06:57:07,원룸,49534156,월세,01,제주도 제주시 삼양삼동,제주시,삼양삼동,200,47,0,28,8.47,2,화북주공 북측인근  풀옵션 오픈형원룸 2층 4층 보유중,https://www.zigbang.com/home/apt/items/49534156
2026-07-03 06:57:07,원룸,49499994,월세,01,제주도 제주시 삼양삼동,제주시,삼양삼동,200,45,0,22.35,6.76,1,삼양동 깔끔한 원룸 월세 임대,https://www.zigbang.com/home/apt/items/49499994
2026-07-03 06:57:07,원룸,49489966,월세,01,제주도 제주시 삼양삼동,제주시,삼양삼동,200,47,0,22.32,6.75,4,삼양동 깔끔한 원룸 월세임대,https://www.zigbang.com/home/apt/items/49489966
2026-07-03 06:57:07,원룸,48621110,월세,03,제주도 제주시 삼양일동,제주시,삼양일동,200,50,0,22,6.65,2,단기1ㅡ6도가능 삼양해수욕장 인근 풀옵션급 복층형원룸 년세,https://www.zigbang.com/home/apt/items/48621110
2026-07-03 06:57:07,원룸,49574478,월세,01,제주도 제주시 조천읍 함덕리,제주시,조천읍,200,48,0,25,7.56,2,함덕해수욕장 도보권  월세 48만원 인터넷 수도포함,https://www.zigbang.com/home/apt/items/49574478
2026-07-03 06:57:07,원룸,49574353,월세,01,제주도 제주시 조천읍 함덕리,제주시,조천읍,200,49,0,25,7.56,2,함덕해수욕장 도보권 오픈형원룸 풀옵션 즉시입주,https://www.zigbang.com/home/apt/items/49574353
2026-07-03 06:57:08,원룸,49434063,월세,01,제주도 제주시 구좌읍 한동리,제주시,구좌읍,150,40,0,25.23,7.63,2,구좌읍 한동리 오픈형 원룸 월세임대,https://www.zigbang.com/home/apt/items/49434063
2026-07-03 06:58:51,원룸,49530996,전세,02,전남광주시 진도군 조도면 맹골도리,진도군,조도면,20000,0,0,33.33,10.08,1,테스트 입니다.테스트 입니다.,https://www.zigbang.com/home/apt/items/49530996
2026-07-03 06:58:51,원룸,49360781,월세,02,전남광주시 진도군 조도면 맹골도리,진도군,조도면,500,10,0,11,3.33,1,매물 등록 테스트,https://www.zigbang.com/home/apt/items/49360781
2026-07-03 06:58:51,원룸,49341760,월세,02,전남광주시 진도군 조도면 맹골도리,진도군,조도면,3500,30,0,84,25.41,7,QA SH 원룸 19 매물 입니다. 0612,https://www.zigbang.com/home/apt/items/49341760
2026-07-03 06:58:51,원룸,49341727,월세,02,전남광주시 진도군 조도면 맹골도리,진도군,조도면,5000,50,0,84,25.41,2,QA SH 원룸 18 매물 입니다. 0612,https://www.zigbang.com/home/apt/items/49341727
2026-07-03 06:58:51,원룸,49341637,전세,02,전남광주시 진도군 조도면 맹골도리,진도군,조도면,4500,0,0,79,23.9,2,QA SH 원룸 15 매물 입니다. 0612,https://www.zigbang.com/home/apt/items/49341637
2026-07-03 06:58:51,원룸,49341562,월세,01,전남광주시 진도군 조도면 맹골도리,진도군,조도면,3000,50,0,59,17.85,2,QA SH 원룸 14 매물 입니다. 0612,https://www.zigbang.com/home/apt/items/49341562
2026-07-03 06:58:51,원룸,49341528,전세,02,전남광주시 진도군 조도면 맹골도리,진도군,조도면,3000,0,0,59,17.85,2,QA SH 원룸 13 매물 입니다. 0612,https://www.zigbang.com/home/apt/items/49341528
2026-07-03 06:58:51,원룸,49341500,전세,03,전남광주시 진도군 조도면 맹골도리,진도군,조도면,2000,0,0,79,23.9,1,QA SH 원룸 12 매물 입니다. 0612,https://www.zigbang.com/home/apt/items/49341500
2026-07-03 06:58:51,원룸,49332026,전세,02,전남광주시 진도군 조도면 맹골도리,진도군,조도면,4500,0,0,79,23.9,10,QA SH 통합광고 원룸 1 매물 입니다.,https://www.zigbang.com/home/apt/items/49332026
2026-07-03 06:58:51,원룸,49317534,월세,02,전남광주시 진도군 조도면 맹골도리,진도군,조도면,1231,15,0,79,23.9,2,QA SH 원룸 10 매물 입니다.,https://www.zigbang.com/home/apt/items/49317534
2026-07-03 06:58:51,원룸,49317479,월세,01,전남광주시 진도군 조도면 맹골도리,진도군,조도면,1001,25,0,79,23.9,1,QA SH 원룸 9 매물 입니다.,https://www.zigbang.com/home/apt/items/49317479
2026-07-03 06:58:51,원룸,49317416,전세,02,전남광주시 진도군 조도면 맹골도리,진도군,조도면,5555,0,0,84,25.41,7,QA SH 원룸 8 매물 입니다.,https://www.zigbang.com/home/apt/items/49317416
2026-07-03 06:58:51,원룸,49317150,전세,02,전남광주시 진도군 조도면 맹골도리,진도군,조도면,1111,0,0,59,17.85,1,QA SH 원룸 5 매물 입니다.,https://www.zigbang.com/home/apt/items/49317150
2026-07-03 06:58:51,원룸,49316364,월세,01,전남광주시 진도군 조도면 맹골도리,진도군,조도면,1234,12,0,59,17.85,옥탑방,QA SH 원룸 2 매물입니다. 월세,https://www.zigbang.com/home/apt/items/49316364
2026-07-03 06:58:51,원룸,49136424,월세,02,전남광주시 진도군 조도면 맹골도리,진도군,조도면,500,50,0,55.55,16.8,2,테스트 매물 입니다.,https://www.zigbang.com/home/apt/items/49136424
2026-07-03 06:59:16,원룸,49585454,월세,02,전남광주시 목포시 산정동,목포시,산정동,200,35,0,46.28,14.0,3,00   단기협의 외국인 가능해양대 환영  북항00,https://www.zigbang.com/home/apt/items/49585454
2026-07-03 06:59:16,원룸,49572234,월세,02,전남광주시 목포시 상동,목포시,상동,300,30,0,30.78,9.31,4,"十 평화광장 인근, 엘리베이터 있음",https://www.zigbang.com/home/apt/items/49572234
2026-07-03 06:59:16,원룸,49512468,월세,02,전남광주시 목포시 옥암동,목포시,옥암동,200,35,0,27,8.17,3,"十 풀옵션, 평화광장 인근, 엘리베이터, 주차장",https://www.zigbang.com/home/apt/items/49512468
2026-07-03 06:59:16,원룸,49474500,월세,02,전남광주시 목포시 옥암동,목포시,옥암동,300,30,0,26.5,8.02,2,"十 평화광장 인근, 엘리베이터",https://www.zigbang.com/home/apt/items/49474500
2026-07-03 06:59:16,원룸,49419166,월세,02,전남광주시 목포시 옥암동,목포시,옥암동,200,35,0,21.86,6.61,6,"十 만남의 폭포 인근, 주방분리, 엘리베이터",https://www.zigbang.com/home/apt/items/49419166
2026-07-03 06:59:16,원룸,49404052,월세,01,전남광주시 목포시 옥암동,목포시,옥암동,200,35,0,26.45,8.0,6,00동물협의6개월협의  넓은 원룸주방분리북밭이장평00,https://www.zigbang.com/home/apt/items/49404052
2026-07-03 06:59:16,원룸,49389547,월세,01,전남광주시 목포시 옥암동,목포시,옥암동,200,30,0,26.45,8.0,5,003개월40 단기협의 신축오피스텔  평화광장부근00,https://www.zigbang.com/home/apt/items/49389547
2026-07-03 06:59:16,원룸,49308004,월세,02,전남광주시 목포시 상동,목포시,상동,500,39,0,37.62,11.38,7,"十 1.5룸, 평화광장",https://www.zigbang.com/home/apt/items/49308004
2026-07-03 06:59:16,원룸,49546460,월세,01,전남광주시 영암군 삼호읍 용앙리,영암군,삼호읍,100,40,0,24,7.26,3,.대불초 인근. 3층신축 주방분리형 깨끗한방  즉시입주가능,https://www.zigbang.com/home/apt/items/49546460
2026-07-03 06:59:16,원룸,49405914,월세,01,전남광주시 영암군 삼호읍 용앙리,영암군,삼호읍,150,45,0,25,7.56,2,.삼호버스터미널 부근. 신축 깨끗한방 풀옵션,https://www.zigbang.com/home/apt/items/49405914
2026-07-03 06:59:20,원룸,49502200,월세,02,전남광주시 목포시 산정동,목포시,산정동,200,35,0,33.06,10.0,4,00신축 분리형 원룸  중앙시장부근00,https://www.zigbang.com/home/apt/items/49502200
2026-07-03 06:59:20,원룸,49501767,월세,02,전남광주시 목포시 산정동,목포시,산정동,300,45,0,46.28,14.0,4,00방1 거실1 주방분리중시0,https://www.zigbang.com/home/apt/items/49501767
2026-07-03 06:59:20,원룸,49465764,월세,01,전남광주시 목포시 산정동,목포시,산정동,200,30,0,23.14,7.0,3,00신축원룸 중앙시장 부근00,https://www.zigbang.com/home/apt/items/49465764
2026-07-03 06:59:20,원룸,49464733,월세,02,전남광주시 목포시 산정동,목포시,산정동,200,32,0,33.06,10.0,3,중앙시장 부근 깨끗하고 조용한 원룸,https://www.zigbang.com/home/apt/items/49464733
2026-07-03 06:59:20,원룸,49464732,월세,02,전남광주시 목포시 산정동,목포시,산정동,200,29,0,26.45,8.0,2,시청부근 깨끗하고 넓고 조용한 원룸,https://www.zigbang.com/home/apt/items/49464732
2026-07-03 06:59:20,원룸,49464727,월세,02,전남광주시 목포시 산정동,목포시,산정동,200,30,0,33.06,10.0,1,중앙시장 부근 넓고 깨끗한 원룸,https://www.zigbang.com/home/apt/items/49464727
2026-07-03 06:59:20,원룸,49378615,월세,02,전남광주시 목포시 산정동,목포시,산정동,200,38,0,38,11.49,3,중앙시장 인근 분리원룸,https://www.zigbang.com/home/apt/items/49378615
2026-07-03 06:59:21,원룸,49557687,월세,02,전남광주시 무안군 삼향읍 남악리,무안군,삼향읍,300,45,0,26.45,8.0,2,V 1.5룸 풀옵션 2층 즉시입주가능,https://www.zigbang.com/home/apt/items/49557687
2026-07-03 06:59:21,원룸,49557673,월세,01,전남광주시 무안군 삼향읍 남악리,무안군,삼향읍,200,28,0,23.14,7.0,1,V 원룸풀옵션관리비포함즉시입주1층,https://www.zigbang.com/home/apt/items/49557673
2026-07-03 07:00:38,원룸,49444561,월세,02,충청남도 보령시 신흑동,보령시,신흑동,300,37,0,23.14,7.0,2,대천항바닷가부근1인가구가살기좋은옵션완비되어있는 원룸,https://www.zigbang.com/home/apt/items/49444561
2026-07-03 07:00:38,원룸,49424728,월세,02,충청남도 보령시 신흑동,보령시,신흑동,300,40,0,23.14,7.0,2,"2014년생 신흑동위치,  즉시입주 가능한 깔끔한 원룸",https://www.zigbang.com/home/apt/items/49424728
2026-07-03 07:01:14,원룸,49532307,월세,02,전남광주시 나주시 남내동,나주시,남내동,300,38,0,21.37,6.46,2,남내동 신축 풀옵션 원룸 내부깔끔 생활권편리 7월4일입주,https://www.zigbang.com/home/apt/items/49532307
2026-07-03 07:01:14,원룸,49530756,월세,02,전남광주시 나주시 남내동,나주시,남내동,300,34,0,33,9.98,3,Choiceㅣ최고의 선택 ㅣ나주시내ㅣ올화이트톤ㅣ대형원룸ㅣ,https://www.zigbang.com/home/apt/items/49530756
2026-07-03 07:01:14,원룸,49588670,월세,02,전남광주시 나주시 이창동,나주시,이창동,200,35,0,25.9,7.83,7,이창동 1.5룸 큰도로  풀옵션 깔끔  버스승강장 큰도로,https://www.zigbang.com/home/apt/items/49588670
2026-07-03 07:01:14,원룸,49588651,월세,02,전남광주시 나주시 이창동,나주시,이창동,300,38,0,27.13,8.21,3,이창동 미니투룸 보건소인근 생활권편리 단기가능 즉시입주,https://www.zigbang.com/home/apt/items/49588651
2026-07-03 07:01:14,원룸,49539766,월세,02,전남광주시 나주시 송월동,나주시,송월동,300,45,0,30.06,9.09,4,화이트인테리어 투룸 즉시입주 깔끔한투룸 풀옵션,https://www.zigbang.com/home/apt/items/49539766
2026-07-03 07:01:14,원룸,49530970,월세,02,전남광주시 나주시 송월동,나주시,송월동,300,34,0,37,11.19,3,Choiceㅣ최고의 선택 ㅣ송월동ㅣ눈부신채광ㅣ완벽한구조ㅣ,https://www.zigbang.com/home/apt/items/49530970
2026-07-03 07:01:14,원룸,49530853,월세,01,전남광주시 나주시 송월동,나주시,송월동,200,24,0,24,7.26,4,Choiceㅣ최고의 선택ㅣ송월동ㅣ올화이트톤ㅣ눈부신채광ㅣ,https://www.zigbang.com/home/apt/items/49530853
2026-07-03 07:01:14,원룸,49530168,월세,01,전남광주시 나주시 송월동,나주시,송월동,150,21,0,24,7.26,4,Choiceㅣ최고의 선택ㅣ나주역부근ㅣ깔끔ㅣ화이트톤원룸ㅣ,https://www.zigbang.com/home/apt/items/49530168
2026-07-03 07:01:14,원룸,49526975,월세,02,전남광주시 나주시 이창동,나주시,이창동,300,40,0,30,9.07,4,이창동 풀옵션  투룸 큰거실 내부깔끔  공원앞 즉시입주,https://www.zigbang.com/home/apt/items/49526975
2026-07-03 07:01:14,원룸,49460477,월세,01,전남광주시 나주시 이창동,나주시,이창동,200,30,0,22.55,6.82,5,이창동 풀옵션 원룸 큰길가 내부깔끔 생활권편리 즉시입주,https://www.zigbang.com/home/apt/items/49460477
2026-07-03 07:01:14,원룸,49460175,월세,01,전남광주시 나주시 송월동,나주시,송월동,200,25,0,19.83,6.0,2,가성비최고 남향즉시입주 입주청소완료,https://www.zigbang.com/home/apt/items/49460175
2026-07-03 07:01:14,원룸,49456017,월세,02,전남광주시 나주시 송월동,나주시,송월동,200,30,0,24.73,7.48,4,송월동 미니투룸 풀옵션 가성비좋고 생활권편리 즉시입주,https://www.zigbang.com/home/apt/items/49456017
2026-07-03 07:01:14,원룸,49404100,월세,02,전남광주시 나주시 송월동,나주시,송월동,200,38,0,27.13,8.21,2,송월동 가성비 좋은 미니투룸  주차장 큼 즉시입주,https://www.zigbang.com/home/apt/items/49404100
2026-07-03 07:01:14,원룸,49289180,월세,02,전남광주시 나주시 송월동,나주시,송월동,200,21,0,23,6.96,3,Choiceㅣ최고의 선택 ㅣ나주시청ㅣ깔끔ㅣ분리형ㅣ대형원룸ㅣ,https://www.zigbang.com/home/apt/items/49289180
2026-07-03 07:01:15,원룸,49407669,월세,02,전남광주시 나주시 빛가람동,나주시,빛가람동,1000,60,0,64.89,19.63,16,3룸 에어컨3 풀옵션 조망굿 내부갈끔 조용하고 즉시입주가,https://www.zigbang.com/home/apt/items/49407669
2026-07-03 07:01:15,원룸,49544848,월세,01,전남광주통합특별시 나주시 빛가람동,나주시,빛가람동,300,42,0,46.28,14.0,2,빛가람동 중흥메가티움2차 원룸 임대,https://www.zigbang.com/home/apt/items/49544848
2026-07-03 07:01:15,원룸,49532194,월세,03,전남광주시 나주시 빛가람동,나주시,빛가람동,300,40,0,22.64,6.85,3,호텔형 풀옵션원룸  내부깔끔 침대포함  업체청소함 즉시입주,https://www.zigbang.com/home/apt/items/49532194
2026-07-03 07:01:15,원룸,49243006,월세,04,전남광주시 나주시 빛가람동,나주시,빛가람동,3000,55,0,95.87,29.0,12,빛가람동 중흥메가티움 2차 2룸임대,https://www.zigbang.com/home/apt/items/49243006
2026-07-03 07:01:15,원룸,49140781,월세,04,전남광주시 나주시 빛가람동,나주시,빛가람동,1000,75,0,95.87,29.0,12,빛가람동 중흥메가티움 2룸 임대,https://www.zigbang.com/home/apt/items/49140781
2026-07-03 07:01:15,원룸,49579319,월세,02,전남광주시 나주시 금천면 오강리,나주시,금천면,200,25,0,23.14,7.0,4,오강리 관리잘된 남향풀옵션 원룸 7월30입주가능 조용합니다,https://www.zigbang.com/home/apt/items/49579319
2026-07-03 07:01:15,원룸,49554956,월세,01,전남광주시 남구 진월동,남구,진월동,200,21,0,28.99,8.77,2,POINT III 가성비끝 III 눈부신채광 III,https://www.zigbang.com/home/apt/items/49554956
2026-07-03 07:01:15,원룸,49554720,월세,02,전남광주시 남구 진월동,남구,진월동,200,24,0,29.75,9.0,2,POINT III 가성비끝 III 눈부신채광 III,https://www.zigbang.com/home/apt/items/49554720
2026-07-03 07:01:15,원룸,49552930,월세,02,전남광주시 남구 진월동,남구,진월동,100,29,0,29.75,9.0,2,ll P ll 건조기 옵션 I 리모델링 원룸 I 실제 가격,https://www.zigbang.com/home/apt/items/49552930
2026-07-03 07:01:15,원룸,49552912,월세,02,전남광주시 남구 노대동,남구,노대동,200,26,0,29.75,9.0,2,ll P ll 화이트톤 I 가성비 원룸 I 실제 가격 l,https://www.zigbang.com/home/apt/items/49552912
2026-07-03 07:01:15,원룸,49552906,월세,01,전남광주시 남구 진월동,남구,진월동,300,33,0,29.75,9.0,3,ll P ll 실제 가격 l 광주대 매물 l 신축 오피스텔,https://www.zigbang.com/home/apt/items/49552906
2026-07-03 07:01:15,원룸,49552900,월세,02,전남광주시 남구 행암동,남구,행암동,300,33,0,33.11,10.02,3,ll P ll 신축 매물 ll 실제 매물 ll 실제 가격,https://www.zigbang.com/home/apt/items/49552900
2026-07-03 07:01:15,원룸,49552885,월세,02,전남광주시 남구 행암동,남구,행암동,500,36,0,29.75,9.0,2,ll P ll 리모델링 원룸 l 건조기 옵션 l 실제 가격,https://www.zigbang.com/home/apt/items/49552885
2026-07-03 07:01:15,원룸,49530073,월세,01,전남광주시 남구 송하동,남구,송하동,300,31,0,27,8.17,3,Choiceㅣ최고의 선택 광주대코앞I빌트인구조,https://www.zigbang.com/home/apt/items/49530073
2026-07-03 07:01:15,원룸,49530063,월세,02,전남광주시 남구 진월동,남구,진월동,100,29,0,24,7.26,2,Choiceㅣ최고의 선택 진월동C건조기C드럼세탁기탑재,https://www.zigbang.com/home/apt/items/49530063
2026-07-03 07:01:15,원룸,49440948,월세,02,전남광주시 남구 송하동,남구,송하동,300,31,0,29.75,9.0,2,ll P ll 실제 가격 ll 신축 원룸 ll 실제 매물,https://www.zigbang.com/home/apt/items/49440948
2026-07-03 07:01:15,원룸,49437346,월세,02,전남광주시 남구 행암동,남구,행암동,200,28,0,28.87,8.73,2,J 행암동 분리형원룸 J 가성비 갑 J 깔끔한방 J,https://www.zigbang.com/home/apt/items/49437346
2026-07-03 07:01:15,원룸,49313020,월세,02,전남광주시 남구 진월동,남구,진월동,300,36,0,29.75,9.0,4,ll P ll 광주대 최신 신축 I 붙박이장 I 실제 매물,https://www.zigbang.com/home/apt/items/49313020
2026-07-03 07:01:15,원룸,49171662,월세,01,전남광주시 서구 쌍촌동,서구,쌍촌동,200,53,0,45.9,13.88,중,보증금저렴 신축 공원뷰,https://www.zigbang.com/home/apt/items/49171662
2026-07-03 07:01:15,원룸,49115572,월세,01,전남광주시 서구 치평동,서구,치평동,500,50,0,59.32,17.94,4,조망좋은집 대출없음 전입가능,https://www.zigbang.com/home/apt/items/49115572
2026-07-03 07:01:15,원룸,49083202,월세,01,전남광주시 서구 치평동,서구,치평동,300,37,0,34.15,10.33,고,풀옵션 상무리채 방,https://www.zigbang.com/home/apt/items/49083202
2026-07-03 07:01:15,원룸,49015655,월세,02,전남광주시 서구 쌍촌동,서구,쌍촌동,200,25,0,22.35,6.76,4,"운천역 인근, 엘베0, 풀옵션, 주변편의시설완비",https://www.zigbang.com/home/apt/items/49015655
2026-07-03 07:01:18,원룸,49521016,월세,02,전남광주시 화순군 화순읍 일심리,화순군,화순읍,300,42,0,24,7.26,3,ㅣ전대병원부근ㅣ신축ㅣ엘베ㅣ남향ㅣ깔끔ㅣ,https://www.zigbang.com/home/apt/items/49521016
2026-07-03 07:01:18,원룸,49438944,월세,02,전남광주시 화순군 화순읍 신기리,화순군,화순읍,300,37,0,33.88,10.25,3,ㅣ종합문화센터인근ㅣ넓은방ㅣ세탁실별도ㅣ즉시입주가능ㅣ,https://www.zigbang.com/home/apt/items/49438944
2026-07-03 07:01:18,원룸,49271018,월세,02,전남광주시 화순군 화순읍 일심리,화순군,화순읍,200,24,0,23.14,7.0,2,ll P ll 단기가능 l갓성비l SS급 매물l,https://www.zigbang.com/home/apt/items/49271018
2026-07-03 07:01:18,원룸,49270965,월세,02,전남광주시 화순군 화순읍 일심리,화순군,화순읍,200,31,0,23.14,7.0,2,II P II 화이트톤 I 깔끔 I 사이즈굿,https://www.zigbang.com/home/apt/items/49270965
2026-07-03 07:01:25,원룸,49581827,월세,02,전남광주시 여수시 문수동,여수시,문수동,200,35,0,40,12.1,2,New 부영9차인근 가성비 아주 좋은 깨끗한 투룸,https://www.zigbang.com/home/apt/items/49581827
2026-07-03 07:01:25,원룸,49563541,월세,01,전남광주시 여수시 웅천동,여수시,웅천동,200,48,0,49.84,15.08,4,빌트인 가전 풀옵션 레지던스. 즉시입주,https://www.zigbang.com/home/apt/items/49563541
2026-07-03 07:01:25,원룸,49508817,월세,02,전남광주시 여수시 문수동,여수시,문수동,200,38,0,33,9.98,3,"문수동 부영9차 인근
거실방1구조
풀옵션",https://www.zigbang.com/home/apt/items/49508817
2026-07-03 07:01:25,원룸,49497780,월세,01,전남광주시 여수시 웅천동,여수시,웅천동,200,42,0,49.84,15.08,2,시세대비 저렴한 2층세대,https://www.zigbang.com/home/apt/items/49497780
2026-07-03 07:01:25,원룸,49448149,월세,01,전남광주시 여수시 문수동,여수시,문수동,100,30,0,24,7.26,2,New 부영9차인근 깔끔 깨끗한 2층 원룸,https://www.zigbang.com/home/apt/items/49448149
2026-07-03 07:01:25,원룸,49437978,월세,01,전남광주시 여수시 문수동,여수시,문수동,200,30,0,22,6.65,1,New 한려초인근 올리모델링 깔끔한 1층 2층 원룸,https://www.zigbang.com/home/apt/items/49437978
2026-07-03 07:01:25,원룸,49430554,월세,01,전남광주시 여수시 신기동,여수시,신기동,100,30,0,26,7.86,2,New 시전주민센터인근 단기가능 깨끗한 원룸,https://www.zigbang.com/home/apt/items/49430554
2026-07-03 07:01:25,원룸,49414294,월세,01,전남광주시 여수시 문수동,여수시,문수동,200,30,0,26,7.86,2,New 소미마을 넓고 깔끔한 A급 원룸,https://www.zigbang.com/home/apt/items/49414294
2026-07-03 07:01:25,원룸,49357979,월세,01,전남광주시 여수시 문수동,여수시,문수동,100,30,0,24,7.26,1,New 부영9차인근 올리모델링 풀옵션 원룸,https://www.zigbang.com/home/apt/items/49357979
2026-07-03 07:01:25,원룸,49354628,월세,02,전남광주시 여수시 문수동,여수시,문수동,200,35,0,38,11.49,2,New 부영9차인근 깨끗하고 가성비 좋은 투룸,https://www.zigbang.com/home/apt/items/49354628
2026-07-03 07:01:25,원룸,49290405,월세,01,전남광주시 여수시 문수동,여수시,문수동,200,30,0,25,7.56,2,무수한려초등인근 리모델링한방 깔끔합니다,https://www.zigbang.com/home/apt/items/49290405
2026-07-03 07:01:25,원룸,49557450,월세,02,전남광주시 여수시 미평동,여수시,미평동,300,45,0,42,12.7,3,NEW 미평초인근 넓고 깔끔한 A급 투룸,https://www.zigbang.com/home/apt/items/49557450
2026-07-03 07:01:25,원룸,49557332,월세,01,전남광주시 여수시 미평동,여수시,미평동,200,35,0,26,7.86,3,New 전남대인근 A급 깔끔한 원룸,https://www.zigbang.com/home/apt/items/49557332
2026-07-03 07:01:25,원룸,49505767,월세,01,전남광주시 여수시 미평동,여수시,미평동,100,30,0,25,7.56,3,다이소근처 분리형원룸 즉시입주 풀옵션,https://www.zigbang.com/home/apt/items/49505767
2026-07-03 07:01:25,원룸,49574344,월세,01,전남광주시 여수시 안산동,여수시,안산동,100,27,0,24,7.26,2,New 장성지구 단기가능 풀옵션 원룸,https://www.zigbang.com/home/apt/items/49574344
2026-07-03 07:01:25,원룸,49539461,월세,01,전남광주시 여수시 학동,여수시,학동,200,28,0,25,7.56,3,"여수시청 인근공원
선소 인근에 위치
즉시 입주",https://www.zigbang.com/home/apt/items/49539461
2026-07-03 07:01:25,원룸,49498677,월세,02,전남광주시 여수시 안산동,여수시,안산동,200,38,0,33,9.98,3,"안산동 장성마을 위치
웅천  학동 이동이 편리",https://www.zigbang.com/home/apt/items/49498677
2026-07-03 07:01:25,원룸,49495886,월세,01,전남광주시 여수시 안산동,여수시,안산동,100,27,0,24,7.26,3,New 안산중학교인근 단기가능 풀옵션 원룸,https://www.zigbang.com/home/apt/items/49495886
2026-07-03 07:01:25,원룸,49490112,월세,01,전남광주시 여수시 안산동,여수시,안산동,100,30,0,26,7.86,2,New 장성지구 단기가능 깔끔한 원룸,https://www.zigbang.com/home/apt/items/49490112
2026-07-03 07:01:25,원룸,49488919,월세,01,전남광주시 여수시 안산동,여수시,안산동,200,38,0,40,12.1,3,New 장성지구 햇살 좋고 깔끔한 투룸,https://www.zigbang.com/home/apt/items/49488919
2026-07-03 07:01:25,원룸,49486949,월세,02,전남광주시 여수시 안산동,여수시,안산동,200,37,0,40,12.1,3,태양  장성지구초입 깔끔한투룸,https://www.zigbang.com/home/apt/items/49486949
2026-07-03 07:01:25,원룸,49451035,월세,01,전남광주시 여수시 안산동,여수시,안산동,200,30,0,27,8.17,3,장성지구 초입 깔끔한방,https://www.zigbang.com/home/apt/items/49451035
2026-07-03 07:01:25,원룸,49435164,월세,02,전남광주시 여수시 안산동,여수시,안산동,200,30,0,25,7.56,3,안산동 장성마을 위치 최상급 컨디션 채광 좋은집,https://www.zigbang.com/home/apt/items/49435164
2026-07-03 07:01:25,원룸,49414346,월세,02,전남광주시 여수시 학동,여수시,학동,200,40,0,40,12.1,2,New 시청보건소인근 깨끗한 2층 투룸,https://www.zigbang.com/home/apt/items/49414346
2026-07-03 07:01:25,원룸,49388978,월세,02,전남광주시 여수시 학동,여수시,학동,200,45,0,40,12.1,2,New 시청보건소인근 햇살 좋고 깔끔한 투룸,https://www.zigbang.com/home/apt/items/49388978
2026-07-03 07:01:25,원룸,49375637,월세,01,전남광주시 여수시 안산동,여수시,안산동,100,27,0,28,8.47,2,태양  안산중학교 인근 관리잘된방,https://www.zigbang.com/home/apt/items/49375637
2026-07-03 07:01:25,원룸,49289446,월세,01,전남광주시 여수시 안산동,여수시,안산동,100,25,0,25,7.56,2,"안산동 장성지구인근 원룸
즉시입주가능",https://www.zigbang.com/home/apt/items/49289446
2026-07-03 07:01:25,원룸,49288785,월세,01,전남광주시 여수시 학동,여수시,학동,200,30,0,29,8.77,2,태양 보건소인근 깔끔하고 주차장짱 풀옵션 방,https://www.zigbang.com/home/apt/items/49288785
2026-07-03 07:01:25,원룸,49259560,월세,01,전남광주시 여수시 안산동,여수시,안산동,200,40,0,25,7.56,4,안산동 힐론카페근처 엘베 풀옵션 즉시입주 오픈형,https://www.zigbang.com/home/apt/items/49259560
2026-07-03 07:01:25,원룸,49573165,월세,01,전남광주시 여수시 학동,여수시,학동,200,30,0,25,7.56,2,제일병원 근처 엘베 풀옵션 즉시입주 깨끗한매물,https://www.zigbang.com/home/apt/items/49573165
2026-07-03 07:01:25,원룸,49547690,월세,01,전남광주시 여수시 둔덕동,여수시,둔덕동,100,25,0,26,7.86,3,New 전남대인근 단기가능 가성비 아주 좋은 원룸,https://www.zigbang.com/home/apt/items/49547690
2026-07-03 07:01:25,원룸,49538629,월세,01,전남광주시 여수시 학동,여수시,학동,200,25,0,26,7.86,2,New 쌍봉초인근 단기가능 넓고 깨끗한 원룸,https://www.zigbang.com/home/apt/items/49538629
2026-07-03 07:01:25,원룸,49444474,월세,02,전남광주시 여수시 둔덕동,여수시,둔덕동,200,33,0,38,11.49,4,New 유니클로인근 가성비 좋은 투룸,https://www.zigbang.com/home/apt/items/49444474
2026-07-03 07:01:25,원룸,49533421,월세,01,전남광주시 여수시 돌산읍 우두리,여수시,돌산읍,200,33,0,25,7.56,3,"돌산읍 우두리 원룸월세
신축원룸 풀옵션
단기불가",https://www.zigbang.com/home/apt/items/49533421
2026-07-03 07:01:25,원룸,49280580,월세,02,전남광주시 여수시 돌산읍 우두리,여수시,돌산읍,300,43,0,35,10.59,2,동백초 인근최 신축 풀옵션   거실 방1 구조,https://www.zigbang.com/home/apt/items/49280580
2026-07-03 07:01:25,원룸,49543188,월세,02,전남광주시 여수시 봉산동,여수시,봉산동,1000,80,0,79.5,24.05,3,대교동주민센터부근 원룸주인세대 임대 방3 거실 화2 구조,https://www.zigbang.com/home/apt/items/49543188
2026-07-03 07:01:25,원룸,49529120,월세,01,전남광주시 여수시 봉산동,여수시,봉산동,200,40,0,23,6.96,3,대교동 주민자치센터부근 즉시입주가능,https://www.zigbang.com/home/apt/items/49529120
2026-07-03 07:01:25,원룸,49523483,월세,01,전남광주시 여수시 봉강동,여수시,봉강동,200,35,0,26,7.86,3,New 여수서초등인근 깔끔하고 깨끗한 원룸,https://www.zigbang.com/home/apt/items/49523483
2026-07-03 07:01:25,원룸,49501460,전세,02,전남광주시 여수시 봉강동,여수시,봉강동,6000,0,0,40,12.1,3,New 여수서초등인근 깔끔하고 깨끗한 투룸,https://www.zigbang.com/home/apt/items/49501460
2026-07-03 07:01:25,원룸,49501449,월세,01,전남광주시 여수시 여서동,여수시,여서동,200,30,0,22,6.65,2,New 금오아파트 인근 깨끗한 원룸,https://www.zigbang.com/home/apt/items/49501449
2026-07-03 07:01:25,원룸,49422346,월세,02,전남광주시 여수시 여서동,여수시,여서동,200,37,0,40,12.1,3,New 여서주공1단지인근 넓고 단기가능 깔끔한 투룸,https://www.zigbang.com/home/apt/items/49422346
2026-07-03 07:01:25,원룸,49414359,전세,02,전남광주시 여수시 오림동,여수시,오림동,5000,0,0,40,12.1,3,New 이마트인근 넓고 깔끔한 투룸,https://www.zigbang.com/home/apt/items/49414359
2026-07-03 07:01:25,원룸,49414336,월세,02,전남광주시 여수시 문수동,여수시,문수동,100,35,0,32,9.68,2,New 문수삼거리인근 풀옵션 깨끗한 미투,https://www.zigbang.com/home/apt/items/49414336
2026-07-03 07:01:25,원룸,49400512,월세,01,전남광주시 여수시 여서동,여수시,여서동,100,25,0,25,7.56,1,"여서동 원룸월세
주민센터 인근",https://www.zigbang.com/home/apt/items/49400512
2026-07-03 07:01:25,원룸,49346916,월세,02,전남광주시 여수시 덕충동,여수시,덕충동,200,35,0,35,10.59,2,중앙여고 인근 갓성비 준신축 풀옵션 넓은 투룸 즉시입주가능,https://www.zigbang.com/home/apt/items/49346916
2026-07-03 07:01:25,원룸,49297237,월세,01,전남광주시 여수시 신월동,여수시,신월동,300,45,0,40,12.1,2,태양 신월동  깔끔한 신축급으로 깔끔하고 엘베있는 집,https://www.zigbang.com/home/apt/items/49297237
2026-07-03 07:01:25,원룸,49274685,월세,02,전남광주시 여수시 덕충동,여수시,덕충동,200,30,0,25,7.56,2,컨디션 좋은 원룸종고초 인근즉시 입주풀 옵션 단기가능,https://www.zigbang.com/home/apt/items/49274685
2026-07-03 07:01:27,원룸,49461589,월세,01,전남광주시 여수시 율촌면 신풍리,여수시,율촌면,200,35,0,25,7.56,2,여수공항근처 신축 원룸 풀옵션 엘베 즉시입주,https://www.zigbang.com/home/apt/items/49461589
2026-07-03 07:01:28,원룸,49572852,월세,02,전남광주시 순천시 연향동,순천시,연향동,300,40,0,39.67,12.0,3,"연향3지구 농협 부근 투룸 임대, 풀옵션",https://www.zigbang.com/home/apt/items/49572852
2026-07-03 07:01:28,원룸,49503644,월세,01,전남광주시 순천시 연향동,순천시,연향동,200,30,0,26.45,8.0,2,연향3지구 가성비 좋은 저렴한 풀옵션 원룸 임대,https://www.zigbang.com/home/apt/items/49503644
2026-07-03 07:01:28,원룸,49503560,월세,02,전남광주시 순천시 연향동,순천시,연향동,200,40,0,39.67,12.0,2,연향3지구  농협 부근 남향 깨끗한 투룸 임대,https://www.zigbang.com/home/apt/items/49503560
2026-07-03 07:01:28,원룸,49453317,월세,01,전남광주시 순천시 덕월동,순천시,덕월동,100,30,0,33.06,10.0,2,"덕월동 제일대 부근 넓고 깨끗한 원룸 임대, 풀옵션",https://www.zigbang.com/home/apt/items/49453317
2026-07-03 07:01:28,원룸,49438391,월세,01,전남광주시 순천시 덕월동,순천시,덕월동,300,36,0,29.75,9.0,2,올리모델링 즉시입주 풀옵션 오천지구 도보5분거리,https://www.zigbang.com/home/apt/items/49438391
2026-07-03 07:01:28,원룸,49319139,월세,02,전남광주시 순천시 연향동,순천시,연향동,200,45,0,36,10.89,3,연향3지구 농협뒷편 깨끗하게 관리된 투룸 임대,https://www.zigbang.com/home/apt/items/49319139
2026-07-03 07:01:28,원룸,49272793,월세,02,전남광주시 순천시 덕월동,순천시,덕월동,200,40,0,39.67,12.0,5,청암대 부근 덕월동 깨끗한 투룸 엘리베이터있음,https://www.zigbang.com/home/apt/items/49272793
2026-07-03 07:01:28,원룸,49272786,전세,02,전남광주시 순천시 연향동,순천시,연향동,3500,0,0,36.36,11.0,2,연향3지구 투룸  전세  풀옵션 임대,https://www.zigbang.com/home/apt/items/49272786
2026-07-03 07:01:28,원룸,49543078,월세,01,전남광주시 순천시 가곡동,순천시,가곡동,100,38,0,26.25,7.94,2,순천대 도보5분거리 순천경찰서 부근 풀옵션 원룸임대,https://www.zigbang.com/home/apt/items/49543078
2026-07-03 07:01:28,원룸,49523558,월세,02,전남광주시 순천시 매곡동,순천시,매곡동,300,48,0,39.67,12.0,2,매곡동 신축 넓은 투룸 임대. 엘리베이터 있음,https://www.zigbang.com/home/apt/items/49523558
2026-07-03 07:01:28,원룸,49452983,월세,01,전남광주시 순천시 가곡동,순천시,가곡동,100,27,0,17,5.14,2,가곡동 송광실버하우스 부근 원룸임대,https://www.zigbang.com/home/apt/items/49452983
2026-07-03 07:01:28,원룸,49402238,전세,02,전남광주시 순천시 석현동,순천시,석현동,6000,0,0,33.3,10.07,3,"순천대학교 부근 신축 투룸 전세 임대,엘리베이터있음",https://www.zigbang.com/home/apt/items/49402238
2026-07-03 07:01:28,원룸,49581699,월세,02,전남광주시 광양시 광양읍 덕례리,광양시,광양읍,200,37,0,26.5,8.02,2,ㅕ좋은집 소개ㅑ 깔끔하고 넓은  주차 편한2룸,https://www.zigbang.com/home/apt/items/49581699
2026-07-03 07:01:28,원룸,49577941,월세,02,전남광주시 광양시 광양읍 칠성리,광양시,광양읍,100,25,0,27,8.17,2,광양 서초등학교부근 조용하고 깔끔한 1.5룸,https://www.zigbang.com/home/apt/items/49577941
2026-07-03 07:01:28,원룸,49539493,월세,02,전남광주시 광양시 광양읍 덕례리,광양시,광양읍,100,26,0,26.45,8.0,2,덕례리 큰 1.5룸으로 인근산단 출퇴근 좋아요,https://www.zigbang.com/home/apt/items/49539493
2026-07-03 07:01:28,원룸,49515234,월세,02,전남광주시 광양시 광양읍 덕례리,광양시,광양읍,100,25,0,26.45,8.0,2,덕례리 도로변  위치좋은 깔끔한 1.5룸,https://www.zigbang.com/home/apt/items/49515234
2026-07-03 07:01:28,원룸,49280630,월세,02,전남광주시 광양시 광양읍 칠성리,광양시,광양읍,200,38,0,33,9.98,2,광양만권 경제자유구역청 부근 즉시입주가능 투룸임대,https://www.zigbang.com/home/apt/items/49280630
2026-07-03 07:01:28,원룸,49582238,월세,02,전남광주시 광양시 광양읍 덕례리,광양시,광양읍,200,40,0,27.5,8.32,2,ㅕ좋은집 소개ㅑLF몰 인근. 신축. 막힘없는 조망. 깔끔,https://www.zigbang.com/home/apt/items/49582238
2026-07-03 07:01:28,원룸,49581779,월세,01,전남광주시 광양시 광양읍 덕례리,광양시,광양읍,100,30,0,21.3,6.44,3,ㅕ좋은집 소개ㅑ LF몰 인근 깔끔하고 저렴한  원룸임대,https://www.zigbang.com/home/apt/items/49581779
2026-07-03 07:01:28,원룸,49581771,월세,01,전남광주시 광양시 광양읍 덕례리,광양시,광양읍,200,30,0,22.3,6.75,3,ㅕ좋은집 소개ㅑ깔끔하고 조용하고 깨끗한 분리형 원룸 임대,https://www.zigbang.com/home/apt/items/49581771
2026-07-03 07:01:28,원룸,49581708,월세,02,전남광주시 광양시 광양읍 덕례리,광양시,광양읍,200,40,0,27.5,8.32,3,ㅕ좋은집 소개ㅑLF인근 신축 엘베 있는 주차 편한 분리형,https://www.zigbang.com/home/apt/items/49581708
2026-07-03 07:01:28,원룸,49571274,월세,02,전남광주시 순천시 조례동,순천시,조례동,200,40,0,34,10.28,3,드라마세트장 깔끔하게 정비된 1.5룸 임대,https://www.zigbang.com/home/apt/items/49571274
2026-07-03 07:01:28,원룸,49539125,월세,02,전남광주시 광양시 광양읍 덕례리,광양시,광양읍,100,27,0,26,7.86,2,덕례리 컨디션 좋은 분리형 원룸,https://www.zigbang.com/home/apt/items/49539125
2026-07-03 07:01:28,원룸,49523724,월세,01,전남광주시 순천시 해룡면 상삼리,순천시,해룡면,100,29,0,33.06,10.0,2,"금당 원룸 , 남향, 팔마초부근 깨끗한 원룸  임대",https://www.zigbang.com/home/apt/items/49523724
2026-07-03 07:01:28,원룸,49519099,월세,01,전남광주시 순천시 조례동,순천시,조례동,200,32,0,26.45,8.0,2,드라마세트장 인근 조용하고 깔끔한 원룸 임대.,https://www.zigbang.com/home/apt/items/49519099
2026-07-03 07:01:28,원룸,49515303,월세,02,전남광주시 광양시 광양읍 덕례리,광양시,광양읍,100,31,0,23.14,7.0,2,덕례리  엘리베이터 있으며 앞에 공용주차장있는 1.5룸,https://www.zigbang.com/home/apt/items/49515303
2026-07-03 07:01:28,원룸,49495519,월세,01,전남광주시 광양시 광양읍 덕례리,광양시,광양읍,200,35,0,21,6.35,1,광양LF아울렛 맞은편에 위치한 신축원룸 임대,https://www.zigbang.com/home/apt/items/49495519
2026-07-03 07:01:28,원룸,49352266,월세,01,전남광주시 순천시 조례동,순천시,조례동,200,30,0,23.14,7.0,4,파머스 인근 깔끔한 풀옵션 원룸.,https://www.zigbang.com/home/apt/items/49352266
2026-07-03 07:01:28,원룸,49299475,월세,01,전남광주시 순천시 해룡면 상삼리,순천시,해룡면,200,33,0,26.44,8.0,4,신원아르시스 인근 깨끗한 채광좋은 엘리베이터 원룸임대.,https://www.zigbang.com/home/apt/items/49299475
2026-07-03 07:01:28,원룸,49272813,전세,01,전남광주시 순천시 해룡면 상삼리,순천시,해룡면,5000,0,0,23.14,7.0,2,"팔마초 부근 풀옵션 원룸 임대, 주방분리형",https://www.zigbang.com/home/apt/items/49272813
2026-07-03 07:01:30,원룸,49580841,월세,02,전남광주시 광양시 광양읍 구산리,광양시,광양읍,200,27,0,16.53,5.0,2,주택지라서 살기가너무좋아요,https://www.zigbang.com/home/apt/items/49580841
2026-07-03 07:01:30,원룸,49580840,월세,02,전남광주시 광양시 광양읍 구산리,광양시,광양읍,200,27,0,23.14,7.0,2,무지개원룸입니다,https://www.zigbang.com/home/apt/items/49580840
2026-07-03 07:01:30,원룸,49580839,월세,02,전남광주시 광양시 광양읍 구산리,광양시,광양읍,200,27,0,16.53,5.0,4,은하수원룸입니다,https://www.zigbang.com/home/apt/items/49580839
2026-07-03 07:01:30,원룸,49510343,월세,02,전남광주시 광양시 광양읍 구산리,광양시,광양읍,200,27,0,16.53,5.0,3,무지개빌 원룸입니다,https://www.zigbang.com/home/apt/items/49510343
2026-07-03 07:01:30,원룸,49464603,월세,02,전남광주시 광양시 광양읍 구산리,광양시,광양읍,200,37,0,23.14,7.0,4,은하수원룸입니다,https://www.zigbang.com/home/apt/items/49464603
2026-07-03 07:01:30,원룸,49413752,월세,02,전남광주시 광양시 광양읍 구산리,광양시,광양읍,200,37,0,16.53,5.0,2,은하수원룸입니다,https://www.zigbang.com/home/apt/items/49413752
2026-07-03 07:01:30,원룸,49254313,월세,02,전남광주시 광양시 광양읍 구산리,광양시,광양읍,100,30,0,16.53,5.0,3,엘도라도 원룸입니다,https://www.zigbang.com/home/apt/items/49254313
2026-07-03 07:01:30,원룸,49254311,월세,02,전남광주시 광양시 광양읍 구산리,광양시,광양읍,300,50,0,39.67,12.0,4,주택지라서 조용해서 살기가좋아요,https://www.zigbang.com/home/apt/items/49254311
2026-07-03 07:01:30,원룸,49133967,월세,02,전남광주시 광양시 광양읍 구산리,광양시,광양읍,500,32,0,16.53,5.0,2,주땍지라서 조용해서 살기좋아요,https://www.zigbang.com/home/apt/items/49133967
2026-07-03 07:01:31,원룸,49522887,월세,01,전남광주시 광양시 마동,광양시,마동,500,35,0,26.6,8.05,5,스마트시티 오피스텔 저렴한 북향 매물 입니다.,https://www.zigbang.com/home/apt/items/49522887
2026-07-03 07:01:31,원룸,49496643,월세,01,전남광주시 광양시 중동,광양시,중동,100,40,0,33,9.98,4,콤팩트시티 단기 가능 풀옵션 오피스텔 즉시입주 가능,https://www.zigbang.com/home/apt/items/49496643
2026-07-03 07:01:31,원룸,49485909,월세,01,전남광주시 광양시 중동,광양시,중동,200,30,0,27,8.17,3,태양 광양중마터미널 인근 깔끔한 풀옵션 방,https://www.zigbang.com/home/apt/items/49485909
2026-07-03 07:01:31,원룸,49422270,월세,01,전남광주시 광양시 마동,광양시,마동,500,45,0,14.79,4.47,8,신축 인기 도시형생활주택 남향 이순신대교 오션뷰 인기 호실,https://www.zigbang.com/home/apt/items/49422270
2026-07-03 07:01:31,원룸,49415729,월세,02,전남광주시 광양시 중동,광양시,중동,200,30,0,29.75,9.0,3,단기가능.시내 생활권. 강남병원뒤.,https://www.zigbang.com/home/apt/items/49415729
2026-07-03 07:01:31,원룸,49415520,월세,02,전남광주시 광양시 중동,광양시,중동,200,29,0,29.75,9.0,3,강남병원뒤쪽. 도배새로함.집상태 최상.,https://www.zigbang.com/home/apt/items/49415520
2026-07-03 07:01:31,원룸,49363400,월세,02,전남광주시 광양시 중동,광양시,중동,200,30,0,33,9.98,2,강남인근 원룸 풀옵션 즉시입주가능 깔끔한 저층,https://www.zigbang.com/home/apt/items/49363400
2026-07-03 07:01:31,원룸,49312127,월세,02,전남광주시 광양시 중동,광양시,중동,200,30,0,26,7.86,3,강남병원 뒤 인기 풀옵션 침대포함 즉시입주 가능,https://www.zigbang.com/home/apt/items/49312127
2026-07-03 07:01:31,원룸,49311978,월세,02,전남광주시 광양시 중동,광양시,중동,200,40,0,30,9.07,4,강남병원 뒤 인기 남향 투베이 투룸 도배 및 청소완료,https://www.zigbang.com/home/apt/items/49311978
2026-07-03 07:01:31,원룸,49300046,월세,02,전남광주시 광양시 중동,광양시,중동,200,27,0,24,7.26,4,강남병원 뒤 인기 원룸 도배 및 입주청호 완료,https://www.zigbang.com/home/apt/items/49300046
2026-07-03 07:01:31,원룸,49297943,월세,02,전남광주시 광양시 중동,광양시,중동,200,29,0,29.75,9.0,2,관리잘된 아주깨끗한방. 주차편리,https://www.zigbang.com/home/apt/items/49297943
2026-07-03 07:01:31,원룸,49285523,월세,02,전남광주시 광양시 중동,광양시,중동,200,35,0,40,12.1,2,"강남병원 뒤 인기 가성비 투룸, 깔끔한 2층 풀옵션",https://www.zigbang.com/home/apt/items/49285523
2026-07-03 07:01:31,원룸,49279870,월세,01,전남광주시 광양시 마동,광양시,마동,300,47,0,36.45,11.03,8,정남향 로열층 뷰 좋은 인기 8층 매물 풀옵션 인기 매물,https://www.zigbang.com/home/apt/items/49279870
2026-07-03 07:01:31,원룸,49279828,월세,01,전남광주시 광양시 마동,광양시,마동,500,45,0,36.45,11.03,8,신축 오피스텔 남향 이순신 대교 뷰 로열층 매물 추천해요,https://www.zigbang.com/home/apt/items/49279828
2026-07-03 07:02:09,원룸,49581348,월세,02,경상남도 사천시 사남면 방지리,사천시,사남면,100,30,0,24.79,7.5,3,저렴한 풀옵션원룸,https://www.zigbang.com/home/apt/items/49581348
2026-07-03 07:02:09,원룸,49586009,월세,02,경상남도 사천시 사남면 월성리,사천시,사남면,300,30,0,26.45,8.0,3,"깔끔한 원룸. 카이,사남공단 도보 출퇴근",https://www.zigbang.com/home/apt/items/49586009
2026-07-03 07:02:09,원룸,49513309,월세,02,경상남도 사천시 정동면 예수리,사천시,정동면,100,30,0,33.06,10.0,3,"도시가스,풀옵션,큰원룸",https://www.zigbang.com/home/apt/items/49513309
2026-07-03 07:02:09,원룸,49511554,월세,01,경상남도 사천시 사남면 화전리,사천시,사남면,100,25,0,26.45,8.0,2,"풀옵션,저렴한 원룸",https://www.zigbang.com/home/apt/items/49511554
2026-07-03 07:02:09,원룸,49565881,월세,02,경상남도 사천시 사천읍 사주리,사천시,사천읍,500,35,0,26.45,8.0,4,도시가스.풀옵션,https://www.zigbang.com/home/apt/items/49565881
2026-07-03 07:02:09,원룸,49535456,월세,02,경상남도 사천시 사남면 유천리,사천시,사남면,200,27,0,33.06,10.0,2,"풀옵션,큰원룸",https://www.zigbang.com/home/apt/items/49535456
2026-07-03 07:02:09,원룸,49521328,월세,02,경상남도 사천시 정동면 고읍리,사천시,정동면,200,30,0,26.45,8.0,2,"도시가스,풀옵션",https://www.zigbang.com/home/apt/items/49521328
2026-07-03 07:02:09,원룸,49513305,월세,02,경상남도 사천시 사천읍 사주리,사천시,사천읍,500,30,0,26.45,8.0,2,"도시가스,풀옵션,신축성",https://www.zigbang.com/home/apt/items/49513305
2026-07-03 07:02:09,원룸,49500695,월세,02,경상남도 사천시 사천읍 선인리,사천시,사천읍,300,30,0,26.45,8.0,4,햇살좋고 깔끔한 원룸. 버스터미널 걸어서 5분,https://www.zigbang.com/home/apt/items/49500695
2026-07-03 07:02:09,원룸,49433856,월세,02,경상남도 사천시 사천읍 수석리,사천시,사천읍,300,30,0,46.28,14.0,4,"도시가스,풀옵션,큰원룸",https://www.zigbang.com/home/apt/items/49433856
2026-07-03 07:02:09,원룸,49418246,월세,02,경상남도 사천시 사천읍 선인리,사천시,사천읍,2000,27,0,33,9.98,3,거실있는 1.5룸 반전세. 깨끗하고 이쁜 방,https://www.zigbang.com/home/apt/items/49418246
2026-07-03 07:02:09,원룸,49409052,월세,02,경상남도 사천시 사천읍 수석리,사천시,사천읍,200,30,0,26.45,8.0,3,"도시가스,풀옵션",https://www.zigbang.com/home/apt/items/49409052
2026-07-03 07:02:09,원룸,49403429,월세,02,경상남도 사천시 정동면 고읍리,사천시,정동면,300,30,0,27,8.17,2,중심지 풀옵션 원룸. 생활권 아주 좋아요.,https://www.zigbang.com/home/apt/items/49403429
2026-07-03 07:02:09,원룸,49321858,월세,02,경상남도 사천시 사천읍 선인리,사천시,사천읍,2000,20,0,27,8.17,4,S급 원룸 반전세. 엘레베이터와 정수기커피머신까지.,https://www.zigbang.com/home/apt/items/49321858
2026-07-03 07:02:09,원룸,49219178,월세,02,경상남도 사천시 사천읍 사주리,사천시,사천읍,300,30,0,33.06,10.0,3,"도시가스,풀옵션,큰원룸",https://www.zigbang.com/home/apt/items/49219178
2026-07-03 07:02:09,원룸,49195744,월세,02,경상남도 사천시 사천읍 선인리,사천시,사천읍,500,30,0,33,9.98,2,햇살좋은 1.5룸. 터미널 인근. 카이통근버스 가까워요,https://www.zigbang.com/home/apt/items/49195744
2026-07-03 07:02:09,원룸,49148518,월세,02,경상남도 사천시 사천읍 평화리,사천시,사천읍,300,30,0,23,6.96,3,아담한 원룸. 햇살좋은 남동향. 탑마트 걸어서 5분거리.,https://www.zigbang.com/home/apt/items/49148518
2026-07-03 07:02:09,원룸,49583816,월세,02,경상남도 진주시 내동면 신율리,진주시,내동면,300,41,0,45,13.61,2,"경상대 인근 넓은 투룸 필요하신분, 주차장이 넓어요",https://www.zigbang.com/home/apt/items/49583816
2026-07-03 07:02:09,원룸,49466943,월세,02,경상남도 진주시 정촌면 예하리,진주시,정촌면,300,29,0,26.43,8.0,2,㉧ㅡ서빈No.1구해줘홈즈ㅡ㉧추천BEST꿀방,https://www.zigbang.com/home/apt/items/49466943
2026-07-03 07:02:11,원룸,49355792,월세,02,경상남도 통영시 정량동,통영시,정량동,300,30,0,33.06,10.0,2,동호동 엘르베이트 있는 원룸,https://www.zigbang.com/home/apt/items/49355792
2026-07-03 07:02:12,원룸,49511033,월세,02,경상남도 거제시 사등면 사곡리,거제시,사등면,200,30,0,39.6,11.98,2,1.5룸ㅡ쾌적하고 넓은 깔끔한 미투,https://www.zigbang.com/home/apt/items/49511033
2026-07-03 07:02:12,원룸,49511026,월세,02,경상남도 거제시 사등면 사곡리,거제시,사등면,200,30,0,39.6,11.98,2,1.5룸ㅡ깔끔하고 거실 넓은 미투,https://www.zigbang.com/home/apt/items/49511026
2026-07-03 07:02:12,원룸,49204401,월세,02,경상남도 거제시 사등면 사곡리,거제시,사등면,200,30,0,39.6,11.98,4,"1.5룸ㅡ엘.베 있고, 거실 있는 방",https://www.zigbang.com/home/apt/items/49204401
2026-07-03 07:02:12,원룸,49538002,월세,02,경상남도 거제시 수월동,거제시,수월동,100,25,0,39.67,12.0,4,춘광아파트부근. 엘베. 특미니투룸.옥상사용.선착순.최고싼방,https://www.zigbang.com/home/apt/items/49538002
2026-07-03 07:02:12,원룸,49536478,월세,02,경상남도 거제시 연초면 연사리,거제시,연초면,100,20,0,36.36,11.0,4,ㅇ금액대비 최상품 신축 가성비 최고 넓은 원룸ㅇ,https://www.zigbang.com/home/apt/items/49536478
2026-07-03 07:02:12,원룸,49524066,월세,02,경상남도 거제시 연초면 죽토리,거제시,연초면,100,22,0,43,13.01,2,연초초등학교뒤쪽.특미니투룸.2층.가장싼방.살기조용한집,https://www.zigbang.com/home/apt/items/49524066
2026-07-03 07:02:12,원룸,49511174,월세,02,경상남도 거제시 연초면 오비리,거제시,연초면,200,25,0,46.28,14.0,2,ㅇ추천추천 강추천 구조좋고 금액좋은 미니투룸ㅇ,https://www.zigbang.com/home/apt/items/49511174
2026-07-03 07:02:12,원룸,49338453,월세,02,경상남도 거제시 연초면 죽토리,거제시,연초면,200,30,0,46.28,14.0,2,ㅇ무조건계약할 최신축 남향 정투룸ㅇ,https://www.zigbang.com/home/apt/items/49338453
2026-07-03 07:02:14,원룸,49387249,월세,01,경상남도 창원시 진해구 여좌동,창원시 진해구,여좌동,100,25,0,23.2,7.02,3,전진  북원로타리 인근  풀옵션 미니원룸 단기가능,https://www.zigbang.com/home/apt/items/49387249
2026-07-03 07:02:20,원룸,49567092,월세,01,경상남도 거제시 장승포동,거제시,장승포동,100,25,0,44.8,13.55,3,막힘없고 리모델링 마친 오피스텔입니다,https://www.zigbang.com/home/apt/items/49567092
2026-07-03 07:02:22,원룸,49317640,월세,02,경상남도 창원시 진해구 안골동,창원시 진해구,안골동,200,35,0,39.67,12.0,3,"안골동 바다뷰가 보이는 신축 화이트톤 투룸매물, 즉시입주",https://www.zigbang.com/home/apt/items/49317640
2026-07-03 07:02:24,원룸,49551960,월세,01,부산시 사하구 다대동,사하구,다대동,500,31,0,23,6.96,2,깔끔한 오픈형 큰원룸 즉시입주가능,https://www.zigbang.com/home/apt/items/49551960
2026-07-03 07:02:24,원룸,49551620,월세,01,부산시 사하구 다대동,사하구,다대동,500,26,0,19.8,5.99,1,베란다있는 주차걱정없는 원룸,https://www.zigbang.com/home/apt/items/49551620
2026-07-03 07:02:24,원룸,49340183,월세,01,부산시 사하구 다대동,사하구,다대동,1000,36,0,22.32,6.75,3,ꯁ 진짜큰방ㅣ사무실로도 추천ㅣ주차무조건 가능 ꯁ,https://www.zigbang.com/home/apt/items/49340183
2026-07-03 07:02:24,원룸,49311235,월세,01,부산시 사하구 다대동,사하구,다대동,500,36,0,26.45,8.0,2,ꯁ 주차 무조건가능ㅣ가성비 최고 큰 풀옵션원룸 ꯁ,https://www.zigbang.com/home/apt/items/49311235
2026-07-03 07:02:24,원룸,49477095,월세,02,부산시 강서구 범방동,강서구,범방동,200,36,0,25.79,7.8,2,"주방, 베란다까지 있음ㅣ투룸",https://www.zigbang.com/home/apt/items/49477095
2026-07-03 07:02:24,원룸,49464558,월세,02,부산시 강서구 범방동,강서구,범방동,200,30,0,23.14,7.0,2,범방동 원룸   풀옵션,https://www.zigbang.com/home/apt/items/49464558
2026-07-03 07:02:24,원룸,49331849,월세,02,부산시 강서구 범방동,강서구,범방동,500,31,0,39.67,12.0,2,투룸 전세 범방동 미음동 전세 국제산업물류도시,https://www.zigbang.com/home/apt/items/49331849
2026-07-03 07:02:24,원룸,49331781,월세,01,부산시 강서구 범방동,강서구,범방동,200,30,0,29.75,9.0,2,고급 원룸  주방분리   풀옵션,https://www.zigbang.com/home/apt/items/49331781
2026-07-03 07:02:24,원룸,49331753,월세,02,부산시 강서구 범방동,강서구,범방동,300,40,0,37,11.19,2,범방동 투룸 즉시입주 가능,https://www.zigbang.com/home/apt/items/49331753
2026-07-03 07:02:24,원룸,49331709,월세,02,부산시 강서구 범방동,강서구,범방동,200,25,0,23.14,7.0,2,부산 강서구 가성비 원룸  즉시입주  미음 생곡 지사,https://www.zigbang.com/home/apt/items/49331709
2026-07-03 07:02:24,원룸,49331688,월세,03,부산시 강서구 범방동,강서구,범방동,200,30,0,19.83,6.0,3,저렴한 복층 원룸  미음공단  생곡공단  신축,https://www.zigbang.com/home/apt/items/49331688
2026-07-03 07:02:24,원룸,49577069,월세,02,부산시 사하구 하단동,사하구,하단동,200,18,0,24.5,7.41,1,학교바로 앞 ㅁ 깔끔,https://www.zigbang.com/home/apt/items/49577069
2026-07-03 07:02:24,원룸,49566533,월세,01,부산시 사하구 하단동,사하구,하단동,1000,35,0,21,6.35,2,정남향에 풀옵션인 신축원룸,https://www.zigbang.com/home/apt/items/49566533
2026-07-03 07:02:24,원룸,49531173,월세,02,부산시 사하구 하단동,사하구,하단동,500,42,0,30,9.07,2,거실넓은 투룸 둘이살자,https://www.zigbang.com/home/apt/items/49531173
2026-07-03 07:02:24,원룸,49498964,월세,01,부산시 사하구 하단동,사하구,하단동,500,35,0,21.15,6.4,1,동아대입구 초가성비,https://www.zigbang.com/home/apt/items/49498964
2026-07-03 07:02:24,원룸,49434420,월세,01,부산시 사하구 하단동,사하구,하단동,200,25,0,19,5.75,4,맥도날드앞 리모델링,https://www.zigbang.com/home/apt/items/49434420
2026-07-03 07:02:24,원룸,49395792,월세,01,부산시 사하구 하단동,사하구,하단동,100,20,0,26.45,8.0,1,o동아대1분o올수리o,https://www.zigbang.com/home/apt/items/49395792
2026-07-03 07:02:24,원룸,49383818,월세,01,부산시 사하구 하단동,사하구,하단동,500,30,0,23.14,7.0,4,o새단장중o이쁜방o학교앞o,https://www.zigbang.com/home/apt/items/49383818
2026-07-03 07:02:24,원룸,49383791,월세,01,부산시 사하구 하단동,사하구,하단동,200,25,0,29.75,9.0,1,o학교앞o가성비끝o,https://www.zigbang.com/home/apt/items/49383791
2026-07-03 07:02:24,원룸,49383783,월세,01,부산시 사하구 하단동,사하구,하단동,200,25,0,26.45,8.0,4,o올수리o학교앞o,https://www.zigbang.com/home/apt/items/49383783
2026-07-03 07:02:24,원룸,49383760,월세,01,부산시 사하구 하단동,사하구,하단동,300,25,0,26.45,8.0,3,o동아대10초o원룸같은원룸o,https://www.zigbang.com/home/apt/items/49383760
2026-07-03 07:02:24,원룸,49380713,월세,01,부산시 사하구 하단동,사하구,하단동,500,38,0,31.72,9.6,5,통학꿀위치 정문앞,https://www.zigbang.com/home/apt/items/49380713
2026-07-03 07:02:24,원룸,49344263,월세,01,부산시 사하구 하단동,사하구,하단동,100,20,0,23.14,7.0,6,o깔끔o학교앞o주방분리o,https://www.zigbang.com/home/apt/items/49344263
2026-07-03 07:02:24,원룸,49314829,월세,01,부산시 사하구 하단동,사하구,하단동,3000,28,0,29.95,9.06,고,경비실 입주민헬스장 고급,https://www.zigbang.com/home/apt/items/49314829
2026-07-03 07:02:24,원룸,49249487,월세,02,부산시 사하구 하단동,사하구,하단동,200,20,0,26.45,8.0,3,o동아대10초o단기가능o,https://www.zigbang.com/home/apt/items/49249487
2026-07-03 07:02:27,원룸,49584649,월세,01,부산시 영도구 동삼동,영도구,동삼동,300,11,0,18,5.44,3,NEWㅣ 최저가 리모델링ㅣ단기가능,https://www.zigbang.com/home/apt/items/49584649
2026-07-03 07:02:27,원룸,49284509,월세,02,부산시 영도구 동삼동,영도구,동삼동,100,22,0,23.14,7.0,1,NEW 리모델링 ㅣ방1 거실 1ㅣ보증금조절가능,https://www.zigbang.com/home/apt/items/49284509
2026-07-03 07:02:27,원룸,49585422,월세,01,부산시 영도구 동삼동,영도구,동삼동,500,30,0,23.14,7.0,3,NEW 리모델링ㅣ넓은원룸ㅣ단기가능ㅣ해양대환영ㅣ,https://www.zigbang.com/home/apt/items/49585422
2026-07-03 07:02:27,원룸,49508629,월세,01,부산시 영도구 동삼동,영도구,동삼동,300,25,0,16.52,5.0,5,NEW 설날도일해요ㅣ도시가스ㅣ단기가능ㅣ보증금조절가능ㅣ,https://www.zigbang.com/home/apt/items/49508629
2026-07-03 07:02:27,원룸,49508575,월세,01,부산시 영도구 동삼동,영도구,동삼동,300,30,0,16.52,5.0,2,NEW 리모델링ㅣ단기가능ㅣ해양대전문ㅣ해양대앞,https://www.zigbang.com/home/apt/items/49508575
2026-07-03 07:02:27,원룸,49476967,월세,01,부산시 영도구 동삼동,영도구,동삼동,300,27,0,19.83,6.0,4,NEW 리모델링ㅣ주방분리ㅣ단기가능 학생환영ㅣ주차가능,https://www.zigbang.com/home/apt/items/49476967
2026-07-03 07:02:27,원룸,49451300,월세,01,부산시 영도구 동삼동,영도구,동삼동,500,25,0,15.17,4.59,4,NEW 리모델링ㅣ엘베있음ㅣ단기가능ㅣ보증금조절가능ㅣ,https://www.zigbang.com/home/apt/items/49451300
2026-07-03 07:02:27,원룸,49276973,월세,01,부산시 남구 용호동,남구,용호동,200,25,0,16.52,5.0,5,세입자의 입장에서 안내하겠습니다,https://www.zigbang.com/home/apt/items/49276973
2026-07-03 07:02:27,원룸,48987063,월세,01,부산시 영도구 동삼동,영도구,동삼동,100,10,0,15,4.54,3,NEW 리모델링ㅣ단기가능ㅣ보증금조절가능ㅣ최저가,https://www.zigbang.com/home/apt/items/48987063
2026-07-03 07:02:27,원룸,48930929,월세,01,부산시 영도구 동삼동,영도구,동삼동,100,18,0,16.52,5.0,5,NEW리모델링ㅣ단기가능ㅣ보증금조절가능ㅣ주차가,https://www.zigbang.com/home/apt/items/48930929
2026-07-03 07:02:27,원룸,48595518,월세,01,부산시 영도구 동삼동,영도구,동삼동,100,20,0,19.83,6.0,3,NEW리모델링ㅣ단기가능ㅣ보증금조절가능ㅣ해양대앞,https://www.zigbang.com/home/apt/items/48595518
2026-07-03 07:02:27,원룸,49235988,월세,01,부산시 남구 대연동,남구,대연동,100,21,0,119.59,36.18,3,햇살 좋은집 x 가성비 갑 x 위치짱,https://www.zigbang.com/home/apt/items/49235988
2026-07-03 07:02:27,원룸,49200634,월세,02,부산시 남구 대연동,남구,대연동,1000,55,0,33.97,10.28,10,기왕 사는 집 좋은 데로 갑시다,https://www.zigbang.com/home/apt/items/49200634
2026-07-03 07:02:27,원룸,49123330,월세,01,부산시 남구 대연동,남구,대연동,1000,40,0,14.04,4.25,3,부경대앞 위치 GOOD 엘리베이터 깔끔,https://www.zigbang.com/home/apt/items/49123330
2026-07-03 07:02:27,원룸,49068734,월세,01,부산시 남구 대연동,남구,대연동,200,22,0,15.52,4.69,5,"SSS대연역 초초초근접, 책상있는 원룸SSS",https://www.zigbang.com/home/apt/items/49068734
2026-07-03 07:02:27,원룸,49047493,월세,02,부산시 남구 용호동,남구,용호동,500,40,0,29.71,8.99,4,세입자의 입장에서 안내하겠습니다,https://www.zigbang.com/home/apt/items/49047493
2026-07-03 07:02:30,원룸,49570875,월세,02,전남광주시 광산구 오선동,광산구,오선동,200,27,0,26.46,8.0,2,II P II 신축급 l 붙박이장 l 엘베 l 최상컨디션,https://www.zigbang.com/home/apt/items/49570875
2026-07-03 07:02:30,원룸,49565088,월세,02,전남광주시 광산구 오선동,광산구,오선동,200,26,0,19.72,5.97,4,ㅁ오선동 깔끔한 원룸 ㅁ 가성비 인기매물 ㅁ,https://www.zigbang.com/home/apt/items/49565088
2026-07-03 07:02:30,원룸,49553584,월세,02,전남광주시 광산구 오선동,광산구,오선동,200,28,0,31,9.38,2,"채광좋은원룸 , 넓은원룸 , 엘리베이터완비 ,공간활용좋은집",https://www.zigbang.com/home/apt/items/49553584
2026-07-03 07:02:30,원룸,49536814,월세,02,전남광주시 광산구 오선동,광산구,오선동,100,26,0,26.45,8.0,2,I 실시간 업데이트 I 실매물 I 가성비 좋은 방 I,https://www.zigbang.com/home/apt/items/49536814
2026-07-03 07:02:30,원룸,49498922,월세,02,전남광주시 광산구 오선동,광산구,오선동,100,28,0,28.54,8.63,2,ㅣ실시간 A급 인기매물ㅣ신축ㅣ채광 굿ㅣ깔끔ㅣ,https://www.zigbang.com/home/apt/items/49498922
2026-07-03 07:02:30,원룸,49465004,월세,02,전남광주시 광산구 오선동,광산구,오선동,200,28,0,30,9.07,2,ㅁNew추천매물ㅁ1.5룸 넓은방 채광좋은 풀옵션,https://www.zigbang.com/home/apt/items/49465004
2026-07-03 07:02:30,원룸,49436939,월세,02,전남광주시 광산구 오선동,광산구,오선동,200,26,0,33,9.98,2,ㅁNew완전 풀옵션ㅁ침대새거 챙광굿 즉시입주 가능,https://www.zigbang.com/home/apt/items/49436939
2026-07-03 07:02:30,원룸,49436031,월세,02,전남광주시 광산구 오선동,광산구,오선동,200,28,0,21.08,6.38,3,ㅣ실시간 A급 인기매물ㅣ갓성비ㅣ채광 굿ㅣ,https://www.zigbang.com/home/apt/items/49436031
2026-07-03 07:02:30,원룸,49361762,월세,02,전남광주시 광산구 오선동,광산구,오선동,200,27,0,28,8.47,3,ㅁ허위매물 NOㅁ인기매물 채광굿 풀옵션 원룸,https://www.zigbang.com/home/apt/items/49361762
2026-07-03 07:02:30,원룸,49302185,월세,02,전남광주시 광산구 오선동,광산구,오선동,200,27,0,26.44,8.0,2,내국인전용ㅇ밝고이쁜집ㅇEVㅇ수납공간짱ㅇ,https://www.zigbang.com/home/apt/items/49302185
2026-07-03 07:02:33,원룸,49236180,월세,02,전남광주시 북구 문흥동,북구,문흥동,100,23,0,29.75,9.0,3,P㉧INT III 초대형 III 눈부신채광 III,https://www.zigbang.com/home/apt/items/49236180
2026-07-03 07:02:33,원룸,49236159,월세,02,전남광주시 북구 용봉동,북구,용봉동,100,18,0,14.04,4.25,3,P㉧INT III 눈부신채광 III 합리적인가격 III,https://www.zigbang.com/home/apt/items/49236159
2026-07-03 07:02:33,원룸,49236094,월세,02,전남광주시 북구 중흥동,북구,중흥동,100,19,0,27.9,8.44,2,P㉧INT III 눈부신채광 III 합리적인가격 III,https://www.zigbang.com/home/apt/items/49236094
2026-07-03 07:02:33,원룸,49236081,월세,02,전남광주시 북구 용봉동,북구,용봉동,100,16,0,29.75,9.0,2,P㉧INT III 예쁜리모델링 III 합리적인가격 III,https://www.zigbang.com/home/apt/items/49236081
2026-07-03 07:02:33,원룸,49221300,월세,02,전남광주시 북구 중흥동,북구,중흥동,100,19,0,29.75,9.0,2,l 전대 부근 l 채광 너무 좋은 깔끔한 원룸 입니다.,https://www.zigbang.com/home/apt/items/49221300
2026-07-03 07:02:33,원룸,49204424,월세,01,전남광주시 북구 용봉동,북구,용봉동,200,21,0,28.11,8.5,2,P㉧INT III 예쁜화이트 III 합리적인가격 III,https://www.zigbang.com/home/apt/items/49204424
2026-07-03 07:02:33,원룸,48988560,월세,02,전남광주시 북구 중흥동,북구,중흥동,100,20,0,28.3,8.56,2,l 전대 북구청 l 깔끔하고 너무 좋은 원룸,https://www.zigbang.com/home/apt/items/48988560
2026-07-03 07:02:41,원룸,49580818,월세,01,전라북도 전주시 완산구 효자동3가,전주시 완산구,효자동3가,500,30,0,26.45,8.0,3,ㅡ전주대 반려가능 신축원룸ㅡ엘베까지 전주대 최단거리ㅡ,https://www.zigbang.com/home/apt/items/49580818
2026-07-03 07:02:41,원룸,49554199,월세,01,전라북도 전주시 완산구 효자동3가,전주시 완산구,효자동3가,500,40,0,26.45,8.0,3,전주대 코앞 신축원룸,https://www.zigbang.com/home/apt/items/49554199
2026-07-03 07:02:41,원룸,49458206,월세,01,전라북도 전주시 완산구 효자동3가,전주시 완산구,효자동3가,50,18,0,28,8.47,3,ꯁ전주대 부분리모델링 원룸ꯁ인근 최저가ꯁ위치 최상급 원룸ꯁ,https://www.zigbang.com/home/apt/items/49458206
2026-07-03 07:02:41,원룸,49456282,월세,01,전라북도 전주시 완산구 효자동3가,전주시 완산구,효자동3가,500,41,0,22.5,6.81,3,ꯁ전주대 인근 신축 풀옵션 원룸ꯁ 반려동물가능ꯁ즉시입주,https://www.zigbang.com/home/apt/items/49456282
2026-07-03 07:02:42,원룸,49587394,월세,03,전라북도 전주시 덕진구 만성동,전주시 덕진구,만성동,500,60,0,43,13.01,5,ꯁ 원픽 ꯁ 로망의 테라스 원룸복층 ꯁ 풀풀옵션,https://www.zigbang.com/home/apt/items/49587394
2026-07-03 07:02:42,원룸,49585221,월세,03,전라북도 전주시 덕진구 만성동,전주시 덕진구,만성동,500,60,0,57.9,17.51,5,오피스텔v테라스v복층v편의시설v편한주차시설v반려동물가능v,https://www.zigbang.com/home/apt/items/49585221
2026-07-03 07:02:42,원룸,49578917,월세,02,전라북도 전주시 완산구 효자동3가,전주시 완산구,효자동3가,300,25,0,33,9.98,3,O전주대 구정문 원룸O화이트톤O구정문3분O넓고좋은구조O,https://www.zigbang.com/home/apt/items/49578917
2026-07-03 07:02:42,원룸,49570385,월세,01,전라북도 전주시 완산구 효자동3가,전주시 완산구,효자동3가,100,20,0,23.14,7.0,2,ㅡ단기oㅡ전주대 30초ㅡ 풀옵션 가성비 원룸ㅡ,https://www.zigbang.com/home/apt/items/49570385
2026-07-03 07:02:42,원룸,49560856,월세,01,전라북도 전주시 완산구 효자동3가,전주시 완산구,효자동3가,100,15,0,23.14,7.0,2,ㅡ단기가능 전주대ㅡ 풀옵션 가성비 원룸ㅡ제일좋은호실ㅡ,https://www.zigbang.com/home/apt/items/49560856
2026-07-03 07:02:42,원룸,49560633,월세,03,전라북도 전주시 완산구 효자동3가,전주시 완산구,효자동3가,500,30,0,42.98,13.0,3,ㅡ전주대 풀옵션 신축 원룸복층ㅡ건조기有 풀옵션ㅡ,https://www.zigbang.com/home/apt/items/49560633
2026-07-03 07:02:42,원룸,49560231,월세,03,전라북도 전주시 완산구 효자동3가,전주시 완산구,효자동3가,500,30,0,42.98,13.0,3,ㅡ전주대 신축 원룸복층ㅡ건조기 엘베까지 풀옵션ㅡ,https://www.zigbang.com/home/apt/items/49560231
2026-07-03 07:02:42,원룸,49550845,월세,01,전라북도 전주시 완산구 효자동3가,전주시 완산구,효자동3가,100,15,0,23.14,7.0,2,ㅡ단기oㅡ전주대 30초ㅡ 풀옵션 가성비 원룸ㅡ제일좋은호실ㅡ,https://www.zigbang.com/home/apt/items/49550845
2026-07-03 07:02:42,원룸,49549175,월세,01,전라북도 전주시 완산구 효자동3가,전주시 완산구,효자동3가,100,22,0,29.75,9.0,2,전주대코앞풀옵션저렴원룸,https://www.zigbang.com/home/apt/items/49549175
2026-07-03 07:02:42,원룸,49506278,월세,01,전라북도 전주시 완산구 효자동3가,전주시 완산구,효자동3가,100,20,0,27,8.17,3,ꯁ스타타워 인근 풀옵션원룸ꯁ단기 가능ꯁ최저가 넓은원룸ꯁ,https://www.zigbang.com/home/apt/items/49506278
2026-07-03 07:02:42,원룸,49457730,월세,01,전라북도 전주시 완산구 효자동3가,전주시 완산구,효자동3가,100,13,0,33,9.98,3,O전주대 최저가 원룸O구정문10초O풀옵션O가성비끝판왕O,https://www.zigbang.com/home/apt/items/49457730
2026-07-03 07:02:42,원룸,49450037,월세,01,전라북도 전주시 완산구 효자동3가,전주시 완산구,효자동3가,100,25,0,21,6.35,3,ꯁ전주대 큰길가 안전귀가 가성비 원룸ꯁ옵션다수ꯁ즉시입주,https://www.zigbang.com/home/apt/items/49450037
2026-07-03 07:02:42,원룸,49444819,월세,02,전라북도 전주시 완산구 효자동3가,전주시 완산구,효자동3가,100,20,0,28,8.47,2,"ꯁ스타타워 인근 초대형원룸ꯁ침대,책상풀옵션ꯁ최저가 넓은원룸",https://www.zigbang.com/home/apt/items/49444819
2026-07-03 07:02:42,원룸,49421780,월세,01,전라북도 전주시 완산구 효자동3가,전주시 완산구,효자동3가,500,35,0,26.45,8.0,3,one pick 테라스 주방분리형 원룸,https://www.zigbang.com/home/apt/items/49421780
2026-07-03 07:02:42,원룸,49339104,월세,02,전라북도 전주시 완산구 효자동3가,전주시 완산구,효자동3가,100,27,0,27,8.17,3,ꯁ단독 매물ꯁ전주대 엘베완비 신축원룸ꯁ분리형넓은원룸ꯁ,https://www.zigbang.com/home/apt/items/49339104
2026-07-03 07:02:45,원룸,49519585,월세,02,전라북도 남원시 향교동,남원시,향교동,300,45,0,33.06,10.0,2,현대아파트부근 투룸 임대합니다,https://www.zigbang.com/home/apt/items/49519585
2026-07-03 07:02:45,원룸,49493388,전세,01,전라북도 남원시 향교동,남원시,향교동,4000,0,0,29.75,9.0,2,향교동 신축급 원룸 임대합니다.,https://www.zigbang.com/home/apt/items/49493388
2026-07-03 07:02:45,원룸,49451876,월세,01,전라북도 남원시 동충동,남원시,동충동,500,30,0,26.45,8.0,3,동충동 신축급 원룸 임대합니다,https://www.zigbang.com/home/apt/items/49451876
2026-07-03 07:02:56,원룸,49519738,월세,01,경상남도 거창군 거창읍 김천리,거창군,거창읍,300,35,0,18.35,5.55,1,"정남향,내부시설깨끗,즉시입주",https://www.zigbang.com/home/apt/items/49519738
2026-07-03 07:02:56,원룸,49519179,월세,01,경상남도 거창군 거창읍 송정리,거창군,거창읍,500,35,0,23.14,7.0,1,"내부시설깨끗,풀옵션",https://www.zigbang.com/home/apt/items/49519179
2026-07-03 07:02:42,원룸,49437215,월세,02,전라북도 전주시 덕진구 송천동1가,전주시 덕진구,송천동1가,200,20,0,35,10.59,4,ꕥ대리석타일ꕥㆀ풀옵션원룸ㆀꕥ입주청소중十솔빛중十w,https://www.zigbang.com/home/apt/items/49437215
2026-07-03 07:02:42,원룸,49221774,월세,01,전라북도 전주시 덕진구 송천동1가,전주시 덕진구,송천동1가,300,35,0,25,7.56,2,S송천동 올리모델링S반려동물 가능한 원룸S,https://www.zigbang.com/home/apt/items/49221774
2026-07-03 07:02:42,원룸,49213266,월세,01,전라북도 전주시 덕진구 송천동1가,전주시 덕진구,송천동1가,300,35,0,25,7.56,2,즉시입주가능. 리모델링 후 첫 입주,https://www.zigbang.com/home/apt/items/49213266
2026-07-03 07:02:58,원룸,49544115,월세,02,전라북도 군산시 미룡동,군산시,미룡동,50,24,0,33,9.98,1,㋡보증금 50 ㋡1층 ㋡풀옵션,https://www.zigbang.com/home/apt/items/49544115
2026-07-03 07:02:58,원룸,49535206,월세,02,전라북도 군산시 미룡동,군산시,미룡동,10,25,0,33,9.98,1,"미룡동 풀 옵션 원룸, 군산대 도보3분, 생활권최상",https://www.zigbang.com/home/apt/items/49535206
2026-07-03 07:02:58,원룸,49507459,월세,01,전라북도 군산시 미룡동,군산시,미룡동,500,38,0,22.46,6.79,3,깔끔한 군산대정문 앞 오피스텔,https://www.zigbang.com/home/apt/items/49507459
2026-07-03 07:02:58,원룸,49502115,월세,02,전라북도 군산시 미룡동,군산시,미룡동,100,34,0,17,5.14,2,군산대 정문에서 7분 거리위치.주변환경 조용하고 쾌적함.,https://www.zigbang.com/home/apt/items/49502115
2026-07-03 07:02:58,원룸,49502056,월세,02,전라북도 군산시 미룡동,군산시,미룡동,100,28,0,19,5.75,2,군산대 정문에서 7분 거리 위치.,https://www.zigbang.com/home/apt/items/49502056
2026-07-03 07:02:58,원룸,49416768,월세,02,전라북도 군산시 미룡동,군산시,미룡동,10,28,0,34,10.28,1,"군산대 도보5분, 내부깔끔, 침대까지 풀옵션, 즉시입주",https://www.zigbang.com/home/apt/items/49416768
2026-07-03 07:02:58,원룸,49416684,월세,02,전라북도 군산시 미룡동,군산시,미룡동,30,30,0,33,9.98,2,"사진클릭, 리얼실사 떳다예쁜방1등, 군산대도보5분내",https://www.zigbang.com/home/apt/items/49416684
2026-07-03 07:02:58,원룸,49416612,월세,02,전라북도 군산시 미룡동,군산시,미룡동,10,31,0,33,9.98,2,"CCTV, 깔끔원룸,군산대 도보 5분, 풀옵션, 생활권최상",https://www.zigbang.com/home/apt/items/49416612
2026-07-03 07:02:58,원룸,49416530,월세,01,전라북도 군산시 미룡동,군산시,미룡동,20,31,0,33,9.98,2,"아늑한 원룸, 군산대 도보5분, 햇살가득, 침대까지 풀옵션",https://www.zigbang.com/home/apt/items/49416530
2026-07-03 07:02:58,원룸,49416448,월세,02,전라북도 군산시 미룡동,군산시,미룡동,100,30,0,33,9.98,3,"사진클릭, 내부깔끔, 전용주차장, 로얄층,등교10분내,",https://www.zigbang.com/home/apt/items/49416448
2026-07-03 07:02:58,원룸,49416373,월세,02,전라북도 군산시 미룡동,군산시,미룡동,100,40,0,38,11.49,4,"사진클릭,1.5 룸, 거실 넓음, 내부최상, 8월 입주가능",https://www.zigbang.com/home/apt/items/49416373
2026-07-03 07:02:58,원룸,49367751,월세,01,전라북도 군산시 미룡동,군산시,미룡동,20,32,0,17,5.14,1,군산대 정문에서 6분거리 위치.1층임.,https://www.zigbang.com/home/apt/items/49367751
2026-07-03 07:02:58,원룸,49348096,월세,01,전라북도 군산시 미룡동,군산시,미룡동,500,36,0,33.06,10.0,2,•　오피스텔　•　신축　•　엘리베이터　•,https://www.zigbang.com/home/apt/items/49348096
2026-07-03 07:02:58,원룸,49584367,월세,01,전라북도 군산시 오식도동,군산시,오식도동,100,30,0,20,6.05,3,내부깨끗하고 단기 가능한 원룸,https://www.zigbang.com/home/apt/items/49584367
2026-07-03 07:02:58,원룸,49534991,월세,01,전라북도 군산시 오식도동,군산시,오식도동,100,25,0,22,6.65,2,위치좋고 깨끗한,https://www.zigbang.com/home/apt/items/49534991
2026-07-03 07:02:58,원룸,49520257,월세,01,전라북도 군산시 오식도동,군산시,오식도동,100,25,0,40,12.1,3,리모델링 완료,https://www.zigbang.com/home/apt/items/49520257
2026-07-03 07:02:58,원룸,49520226,월세,01,전라북도 군산시 오식도동,군산시,오식도동,100,25,0,39,11.8,2,리모델링완료,https://www.zigbang.com/home/apt/items/49520226
2026-07-03 07:02:58,원룸,49520025,월세,01,전라북도 군산시 오식도동,군산시,오식도동,100,25,0,40,12.1,4,오식도 번화가 원룸,https://www.zigbang.com/home/apt/items/49520025
2026-07-03 07:02:58,원룸,49512642,월세,02,전라북도 군산시 오식도동,군산시,오식도동,100,25,0,23.14,7.0,2,1.5룸  원룸가격,https://www.zigbang.com/home/apt/items/49512642
2026-07-03 07:02:58,원룸,49485259,월세,01,전라북도 군산시 오식도동,군산시,오식도동,100,25,0,22,6.65,3,신축  깨끗한 원룸,https://www.zigbang.com/home/apt/items/49485259
2026-07-03 07:02:58,원룸,49485251,월세,01,전라북도 군산시 오식도동,군산시,오식도동,60,20,0,22,6.65,2,벽지 전체 교체,https://www.zigbang.com/home/apt/items/49485251
2026-07-03 07:02:58,원룸,49485238,월세,01,전라북도 군산시 오식도동,군산시,오식도동,100,20,0,22,6.65,4,뷰나와서 환기잘되는 원룸 2층 새벽지,https://www.zigbang.com/home/apt/items/49485238
2026-07-03 07:02:58,원룸,49398443,월세,02,전라북도 군산시 오식도동,군산시,오식도동,100,25,0,19.83,6.0,3,정남향 환한 3층,https://www.zigbang.com/home/apt/items/49398443
2026-07-03 07:03:03,원룸,49562060,월세,02,전라북도 전주시 덕진구 여의동2가,전주시 덕진구,여의동2가,300,28,0,33.36,10.09,2,신축ㅇ엘베ㅇ풀옵션ㅇ깨끗깔끔ㅇ상권최고ㅇ채광좋음ㅇ착한가격ㅇ최상,https://www.zigbang.com/home/apt/items/49562060
2026-07-03 07:03:03,원룸,49498714,월세,01,전라북도 완주군 삼례읍 삼례리,완주군,삼례읍,100,25,0,23.14,7.0,2,米정남향 米풀옵션 米안심주택 米깔끔함 米우석대정문 5분거리,https://www.zigbang.com/home/apt/items/49498714
2026-07-03 07:03:03,원룸,49469775,월세,01,전라북도 완주군 삼례읍 후정리,완주군,삼례읍,200,21,0,23.14,7.0,1,삼례원룸 우석대 깔끔 풀옵션 가성비굿,https://www.zigbang.com/home/apt/items/49469775
2026-07-03 07:03:03,원룸,49465000,월세,01,전라북도 완주군 삼례읍 삼례리,완주군,삼례읍,200,30,0,33.06,10.0,3,ㅁ좋은집 ㅁ깔끔함 ㅁ풀옵션 ㅁ가성비최고 ㅁ안심주택 ㅁ득템,https://www.zigbang.com/home/apt/items/49465000
2026-07-03 07:03:03,원룸,49451133,월세,01,전라북도 완주군 삼례읍 후정리,완주군,삼례읍,100,25,0,33.03,9.99,2,"ㅁ가성비최고 ㅁ분리형원룸 ㅁ풀옵션 ㅁ교육관, 대운동장 인근",https://www.zigbang.com/home/apt/items/49451133
2026-07-03 07:03:03,원룸,49372080,월세,02,전라북도 완주군 삼례읍 삼례리,완주군,삼례읍,2000,16,0,33.06,10.0,2,米BEST원룸 米안심주택 米주차좋음 米준신축급米엘베,https://www.zigbang.com/home/apt/items/49372080
2026-07-03 07:03:06,원룸,49589055,월세,02,충청남도 논산시 취암동,논산시,취암동,1000,45,0,33.06,10.0,4,공영주차장 근처 반투룸,https://www.zigbang.com/home/apt/items/49589055
2026-07-03 07:03:06,원룸,49588731,월세,01,충청남도 논산시 취암동,논산시,취암동,300,31,0,25,7.56,2,스타벅스 인근 원룸월세,https://www.zigbang.com/home/apt/items/49588731
2026-07-03 07:03:06,원룸,49588551,월세,01,충청남도 논산시 취암동,논산시,취암동,500,40,0,26.45,8.0,3,신축건물....300에42가능,https://www.zigbang.com/home/apt/items/49588551
2026-07-03 07:03:06,원룸,49576647,월세,02,충청남도 논산시 취암동,논산시,취암동,300,35,0,23,6.96,3,다이소근처 취암동 원룸,https://www.zigbang.com/home/apt/items/49576647
2026-07-03 07:03:06,원룸,49572551,월세,01,충청남도 논산시 취암동,논산시,취암동,300,41,0,23.14,7.0,3,중문있음.다른방에비해좋음,https://www.zigbang.com/home/apt/items/49572551
2026-07-03 07:03:06,원룸,49570264,월세,02,충청남도 논산시 취암동,논산시,취암동,2000,45,0,42.98,13.0,2,신축.진짜방은 좋아용.보증금 조절가능도되구여,https://www.zigbang.com/home/apt/items/49570264
2026-07-03 07:03:06,원룸,49555917,월세,02,충청남도 논산시 취암동,논산시,취암동,1000,45,0,40,12.1,4,강산동 깔끔한 1.5룸,https://www.zigbang.com/home/apt/items/49555917
2026-07-03 07:03:06,원룸,49520363,월세,02,충청남도 논산시 취암동,논산시,취암동,300,35,0,35,10.59,2,부영후문 인근위치 1.5룸월세,https://www.zigbang.com/home/apt/items/49520363
2026-07-03 07:03:06,원룸,49507698,월세,02,충청남도 논산시 취암동,논산시,취암동,200,27,0,23.14,7.0,4,부영아파트 부근의 예쁜 햇살좋은 원룸,https://www.zigbang.com/home/apt/items/49507698
2026-07-03 07:03:06,원룸,49445603,월세,02,충청남도 논산시 취암동,논산시,취암동,300,30,0,23.14,7.0,3,항공고 부근의 깔끔한 원룸,https://www.zigbang.com/home/apt/items/49445603
2026-07-03 07:03:06,원룸,49548806,전세,02,충청남도 논산시 연무읍 안심리,논산시,연무읍,4000,0,0,35,10.59,2,예쁜반투룸입니다..,https://www.zigbang.com/home/apt/items/49548806
2026-07-03 07:03:08,원룸,49586786,월세,02,충청남도 보령시 동대동,보령시,동대동,500,50,0,40,12.1,2,"방1,거실이 있는 1.5룸",https://www.zigbang.com/home/apt/items/49586786
2026-07-03 07:03:08,원룸,49584921,월세,01,충청남도 보령시 동대동,보령시,동대동,300,40,0,22.2,6.72,2,동대동원형로터리 근처 수납공간 충분한 오픈형 원룸 즉시입주,https://www.zigbang.com/home/apt/items/49584921
2026-07-03 07:03:08,원룸,49574421,월세,02,충청남도 보령시 동대동,보령시,동대동,300,38,0,23.14,7.0,2,위치좋고 깔끔한 원룸동대동,https://www.zigbang.com/home/apt/items/49574421
2026-07-03 07:03:08,원룸,49574309,월세,01,충청남도 보령시 동대동,보령시,동대동,500,45,0,24.79,7.5,4,위치좋은 동대동 풀옵션 신축 원룸,https://www.zigbang.com/home/apt/items/49574309
2026-07-03 07:03:08,원룸,49559536,월세,02,충청남도 보령시 동대동,보령시,동대동,200,31,0,25,7.56,2,주방분리형으로  조용한 원룸이에요,https://www.zigbang.com/home/apt/items/49559536
2026-07-03 07:03:08,원룸,49556759,월세,02,충청남도 보령시 동대동,보령시,동대동,500,40,0,30,9.07,4,즉시입주 주방 분리형,https://www.zigbang.com/home/apt/items/49556759
2026-07-03 07:03:08,원룸,49521231,월세,01,충청남도 보령시 동대동,보령시,동대동,300,40,0,22.2,6.72,2,동대동 로타리와 가까운 주차하기 좋고 조용한 원룸,https://www.zigbang.com/home/apt/items/49521231
2026-07-03 07:03:08,원룸,49517781,월세,01,충청남도 보령시 동대동,보령시,동대동,200,36,0,23.14,7.0,2,"다이소 부근, 도보 생활권 인프라  가능한 분리형 원룸",https://www.zigbang.com/home/apt/items/49517781
2026-07-03 07:03:08,원룸,49472369,전세,02,충청남도 보령시 동대동,보령시,동대동,8000,0,0,49,14.82,4,"동대동 선호하는 위치, 준신축급원룸",https://www.zigbang.com/home/apt/items/49472369
2026-07-03 07:03:08,원룸,49472219,월세,02,충청남도 보령시 동대동,보령시,동대동,500,40,0,28,8.47,4,"동대동 선호하는 위치, 준신축급원룸",https://www.zigbang.com/home/apt/items/49472219
2026-07-03 07:03:08,원룸,49470316,월세,02,충청남도 보령시 동대동,보령시,동대동,300,37,0,23.14,7.0,2,"교통편리한 동대동  다이소 뒤쪽,식당가 가까운 원룸 월세",https://www.zigbang.com/home/apt/items/49470316
2026-07-03 07:03:08,원룸,49447716,월세,02,충청남도 보령시 동대동,보령시,동대동,500,40,0,28,8.47,4,다이소부근 교통 편리성편리 분리형원룸 도보로인프라가능,https://www.zigbang.com/home/apt/items/49447716
2026-07-03 07:03:08,원룸,49442613,월세,01,충청남도 보령시 동대동,보령시,동대동,300,35,0,15.9,4.81,2,동대동 선호하는 위치. 즉시입주,https://www.zigbang.com/home/apt/items/49442613
2026-07-03 07:03:08,원룸,49420396,전세,02,충청남도 보령시 동대동,보령시,동대동,4500,0,0,23.14,7.0,3,동대동 휴먼시아 근처 2016년생 깔끔한 원룸 전세,https://www.zigbang.com/home/apt/items/49420396
2026-07-03 07:03:08,원룸,49521554,월세,02,충청남도 보령시 명천동,보령시,명천동,2000,62,0,42.97,13.0,2,명천동 신축1.5룸,https://www.zigbang.com/home/apt/items/49521554
2026-07-03 07:03:08,원룸,49478717,월세,02,충청남도 보령시 명천동,보령시,명천동,2000,60,0,40,12.1,2,"명천택지 1.5룸,관공서,명천초인접",https://www.zigbang.com/home/apt/items/49478717
2026-07-03 07:03:08,원룸,49344987,월세,02,충청남도 보령시 명천동,보령시,명천동,2000,57,0,32.53,9.84,2,명천택지 모던한 1.5룸 월세입니다,https://www.zigbang.com/home/apt/items/49344987
2026-07-03 07:03:09,원룸,49526013,월세,01,충청남도 보령시 주교면 주교리,보령시,주교면,200,43,0,23.14,7.0,3,"관창공단, 아주대 근처 주교삼거리에 2017년생 깔끔한원룸",https://www.zigbang.com/home/apt/items/49526013
2026-07-03 07:03:14,원룸,49355183,월세,02,세종시 세종 해밀동,,해밀동,1000,80,0,52.99,16.03,4,"펜트라움1.5룸 월세,신축",https://www.zigbang.com/home/apt/items/49355183
2026-07-03 07:03:14,원룸,49589981,월세,02,세종시 장군면 도계리,,장군면,100,28,0,23.14,7.0,2,초저가 가성비 짱 햇볕 쨍쨍 남향 분리형 저렴이 초대박원룸,https://www.zigbang.com/home/apt/items/49589981
2026-07-03 07:03:14,원룸,49586927,월세,01,세종시 장군면 봉안리,,장군면,100,27,0,19.83,6.0,2,버스정류장 앞 고운동 다정동 가까운 빌트인장 깔끔한 원룸,https://www.zigbang.com/home/apt/items/49586927
2026-07-03 07:03:14,원룸,49579558,월세,01,세종시 장군면 도계리,,장군면,200,30,0,23.14,7.0,3,"세종 최 신축 탁 트인 원룸, 청사 공주 가깝고 조용해요",https://www.zigbang.com/home/apt/items/49579558
2026-07-03 07:03:14,원룸,49579524,월세,01,세종시 장군면 봉안리,,장군면,100,31,0,19.83,6.0,3,정류장 가깝고 밝고 깔끔한 원룸 청사7분 고운동 5분 원룸,https://www.zigbang.com/home/apt/items/49579524
2026-07-03 07:03:14,원룸,49574190,월세,02,세종시 장군면 도계리,,장군면,200,30,0,26.45,8.0,2,승강기있고 큰방을 원한다면 분리형 베란다있는넓은 원룸,https://www.zigbang.com/home/apt/items/49574190
2026-07-03 07:03:14,원룸,49564745,월세,01,세종시 장군면 도계리,,장군면,100,29,0,23,6.96,4,세종시 장군면 도계리 침대 원룸,https://www.zigbang.com/home/apt/items/49564745
2026-07-03 07:03:14,원룸,49562996,월세,02,세종시 장군면 봉안리,,장군면,300,30,0,20,6.05,2,"고운동,아름동대중교통이용편리한 큰길가주변깔끔원룸월세",https://www.zigbang.com/home/apt/items/49562996
2026-07-03 07:03:14,원룸,49536961,월세,02,세종시 장군면 도계리,,장군면,100,29,0,23.14,7.0,4,"면 소재지인근,주변 편의 시설완비 치안시설완비 깔끔한 원룸",https://www.zigbang.com/home/apt/items/49536961
2026-07-03 07:03:14,원룸,49534305,월세,01,세종시 장군면 봉안리,,장군면,100,27,0,18.18,5.5,2,"버스정류장앞,세종시 최고 저렴한 원룸 세종청사10분거리",https://www.zigbang.com/home/apt/items/49534305
2026-07-03 07:03:14,원룸,49530462,월세,02,세종시 장군면 도계리,,장군면,300,45,0,39,11.8,3,세종시 장군면 1.5룸 월세,https://www.zigbang.com/home/apt/items/49530462
2026-07-03 07:03:14,원룸,49518848,월세,01,세종시 장군면 은용리,,장군면,100,30,0,23.14,7.0,3,"공주,세종 가까운 원룸 편의점 바로 앞 남향 방",https://www.zigbang.com/home/apt/items/49518848
2026-07-03 07:03:14,원룸,49442006,월세,01,세종시 장군면 대교리,,장군면,100,27,0,22,6.65,2,장군면 풀옵션 원룸,https://www.zigbang.com/home/apt/items/49442006
2026-07-03 07:03:14,원룸,49441856,월세,01,세종시 장군면 봉안리,,장군면,100,27,0,22,6.65,2,세종시 장군면  풀옵션 원룸 월세,https://www.zigbang.com/home/apt/items/49441856
2026-07-03 07:03:22,원룸,49530588,월세,01,대전시 유성구 학하동,유성구,학하동,300,47,0,26.45,8.0,2,신축 건조기있는 완전 풀옵션 원룸입니다,https://www.zigbang.com/home/apt/items/49530588
2026-07-03 07:03:22,원룸,49511573,월세,01,대전시 유성구 계산동,유성구,계산동,400,40,0,28,8.47,3,S 수납공간 좋은 S 넓은 오픈형 풀옵션 GOOD,https://www.zigbang.com/home/apt/items/49511573
2026-07-03 07:03:22,원룸,49301617,월세,02,대전시 유성구 계산동,유성구,계산동,500,50,0,36.36,11.0,2,"SS 신축급 1.5룸 거실1,침실1,베란다 EV SS",https://www.zigbang.com/home/apt/items/49301617
2026-07-03 07:03:22,원룸,49226599,월세,01,대전시 유성구 덕명동,유성구,덕명동,200,30,0,23.14,7.0,3,한밭대 아주 가까운 신축급 원룸입니다.,https://www.zigbang.com/home/apt/items/49226599
2026-07-03 07:03:22,원룸,49226523,월세,01,대전시 유성구 덕명동,유성구,덕명동,200,27,0,23.14,7.0,1,침대 새로 교체한 한밭대 원룸입니다.,https://www.zigbang.com/home/apt/items/49226523
2026-07-03 07:03:22,원룸,49209368,월세,02,대전시 유성구 구암동,유성구,구암동,500,43,0,35,10.59,3,"SS신축,1.5룸SS 거실있는 풀옵션 , 채광굿,착한임대",https://www.zigbang.com/home/apt/items/49209368
2026-07-03 07:03:22,원룸,49209296,월세,02,대전시 유성구 구암동,유성구,구암동,300,35,0,28,8.47,2,"ll 신축 주방분리 풀옵션ll  덕명네거리 , 엘베",https://www.zigbang.com/home/apt/items/49209296
2026-07-03 07:03:22,원룸,49149694,월세,02,대전시 유성구 덕명동,유성구,덕명동,1000,42,0,36.36,11.0,3,lll덕명네거리lll 솔숲 공원옆 신축급 1.5룸  베란다,https://www.zigbang.com/home/apt/items/49149694
2026-07-03 07:03:22,원룸,49124237,월세,02,대전시 유성구 구암동,유성구,구암동,200,33,0,23.14,7.0,2,화이트 톤 깔끔한 분리형 원룸입니다.,https://www.zigbang.com/home/apt/items/49124237
2026-07-03 07:03:23,원룸,49529696,월세,02,대전시 동구 낭월동,동구,낭월동,500,35,0,24,7.26,3,ꯁꯁ 낭월동No.1 ꯁꯁ 인기매물 컨디션굿 남대전ic,https://www.zigbang.com/home/apt/items/49529696
2026-07-03 07:03:23,원룸,49517890,월세,02,대전시 동구 낭월동,동구,낭월동,300,44,0,36.36,11.0,2,구조 좋고 방이 예쁜 1.5룸입니다.,https://www.zigbang.com/home/apt/items/49517890
2026-07-03 07:03:23,원룸,49517605,월세,02,대전시 동구 낭월동,동구,낭월동,500,35,0,26.45,8.0,3,방이 넓고 채광 좋은 분리형원룸,https://www.zigbang.com/home/apt/items/49517605
2026-07-03 07:03:23,원룸,49498860,월세,02,대전시 동구 낭월동,동구,낭월동,300,32,0,24,7.26,1,ꯁꯁ 꿀매물 ꯁꯁ 남대전IC 직장인선호위치 인기매물,https://www.zigbang.com/home/apt/items/49498860
2026-07-03 07:03:23,원룸,49493000,월세,02,대전시 동구 낭월동,동구,낭월동,300,44,0,29.75,9.0,2,ꯁꯁ 1.5룸 ꯁꯁ 선호위치 남대전IC 인기매물,https://www.zigbang.com/home/apt/items/49493000
2026-07-03 07:03:23,원룸,49492707,월세,02,대전시 동구 낭월동,동구,낭월동,300,44,0,36.36,11.0,2,가격대 착한 신축 완전 풀옵션 1.5룸입니다,https://www.zigbang.com/home/apt/items/49492707
2026-07-03 07:03:23,원룸,49471580,월세,02,대전시 동구 낭월동,동구,낭월동,300,32,0,23.97,7.25,1,"ll 주방 분리형 원룸, 풀옵션 ll 주변매물 모두 확보",https://www.zigbang.com/home/apt/items/49471580
2026-07-03 07:03:23,원룸,49443315,월세,01,대전시 동구 낭월동,동구,낭월동,500,35,0,26.45,8.0,3,ꔫ웰ꔫ빅사이즈ㅣ넉넉한수납공간ㅣ완전풀옵션원룸,https://www.zigbang.com/home/apt/items/49443315
2026-07-03 07:03:23,원룸,49443217,월세,02,대전시 동구 낭월동,동구,낭월동,500,40,0,33,9.98,2,ꔫ웰ꔫㅣ가성비최강ㅣ1.5룸ㅣ넓은베란다ㅣ,https://www.zigbang.com/home/apt/items/49443217
2026-07-03 07:03:23,원룸,49443151,월세,02,대전시 동구 낭월동,동구,낭월동,500,35,0,23.14,7.0,3,ꔫ웰ꔫㅣ인테리어깔끔한 풀옵션 분리형원룸ㅣ내부상태Best,https://www.zigbang.com/home/apt/items/49443151
2026-07-03 07:03:23,원룸,49443094,월세,02,대전시 동구 낭월동,동구,낭월동,300,32,0,24,7.26,1,ꔫ웰ꔫㅣ갓성비 풀옵션 분리형 원룸ㅣ깔끔한붙박이장ㅣ,https://www.zigbang.com/home/apt/items/49443094
2026-07-03 07:03:23,원룸,49441304,월세,02,대전시 동구 낭월동,동구,낭월동,300,32,0,23.14,7.0,1,옵션 다양하고 갈끔한 분리형원룸입니다.,https://www.zigbang.com/home/apt/items/49441304
2026-07-03 07:03:23,원룸,49400550,월세,02,대전시 동구 낭월동,동구,낭월동,500,40,0,33.5,10.13,옥탑방,정말 넓은 1.5룸 l 주변매물 모두확보,https://www.zigbang.com/home/apt/items/49400550
2026-07-03 07:03:23,원룸,48644901,월세,02,대전시 대덕구 중리동,대덕구,중리동,100,27,0,26.44,8.0,2,한남대 후문 도보 약 3분 안팎으로 갈 수 있는 풀옵션원룸,https://www.zigbang.com/home/apt/items/48644901
2026-07-03 07:03:23,원룸,48640399,월세,01,대전시 동구 용전동,동구,용전동,100,20,0,16.53,5.0,2,한남대 인근 가성비최고인방,https://www.zigbang.com/home/apt/items/48640399
2026-07-03 07:03:23,원룸,48624333,월세,01,대전시 동구 용전동,동구,용전동,200,28,0,26.45,8.0,1,ꕤ웰ꕤㅣ내부상태 아주 깔끔한 가성비 좋은 풀옵션 원룸ㅣ,https://www.zigbang.com/home/apt/items/48624333
2026-07-03 07:03:23,원룸,48472679,월세,02,대전시 대덕구 중리동,대덕구,중리동,2000,45,0,29.7,8.98,4,ꕤ웰ꕤㅣ첫입주ㅣ건조기ㅣ엘리베이터ㅣ채광GOODㅣ즉시입주OK,https://www.zigbang.com/home/apt/items/48472679
2026-07-03 07:03:23,원룸,47745324,월세,02,대전시 대덕구 오정동,대덕구,오정동,200,32,0,29.75,9.0,3,한남대 정문 파리바게트 쪽문 근처 너무예쁘고 깔끔한방,https://www.zigbang.com/home/apt/items/47745324
2026-07-03 07:03:23,원룸,47008899,월세,02,대전시 동구 홍도동,동구,홍도동,200,34,0,23.14,7.0,2,한남대 인근 동일 가격대에 제일 예쁘고  좋은방,https://www.zigbang.com/home/apt/items/47008899
2026-07-03 07:03:23,원룸,46157298,월세,01,대전시 대덕구 중리동,대덕구,중리동,100,20,0,33.06,10.0,3,가성비 좋고 싸고 좋은방,https://www.zigbang.com/home/apt/items/46157298
2026-07-03 07:03:26,원룸,49416094,월세,01,대전시 유성구 지족동,유성구,지족동,1000,52,0,29.75,9.0,3,신축형 주차양호 거주여건좋은  1.5룸 풀옵션,https://www.zigbang.com/home/apt/items/49416094
2026-07-03 07:03:26,원룸,49272613,월세,02,대전시 유성구 신성동,유성구,신성동,500,40,0,23,6.96,3,"금성 올리모델링 첫입주,신축급 컨디션,풀옵션 완비 1룸",https://www.zigbang.com/home/apt/items/49272613
2026-07-03 07:03:26,원룸,49248300,월세,02,대전시 유성구 신성동,유성구,신성동,200,30,0,20,6.05,2,O심쿵O가성비좋은분리형원룸.,https://www.zigbang.com/home/apt/items/49248300
2026-07-03 07:03:26,원룸,49246343,월세,02,대전시 유성구 신성동,유성구,신성동,500,45,0,26.45,8.0,2,금성 애경연구소 대림연구소 정문 바로 앞 준신축 원룸,https://www.zigbang.com/home/apt/items/49246343
2026-07-03 07:03:26,원룸,49233292,월세,01,대전시 유성구 반석동,유성구,반석동,500,45,0,29.75,9.0,6,신축형 주거용 오피스텔원룸 풀옵션 반석역,https://www.zigbang.com/home/apt/items/49233292
2026-07-03 07:03:26,원룸,49233250,월세,01,대전시 유성구 반석동,유성구,반석동,500,45,0,25,7.56,4,반석동 최고의매물 주거용오피스텔 이제 확인하세요,https://www.zigbang.com/home/apt/items/49233250
2026-07-03 07:03:26,원룸,49198882,월세,02,대전시 유성구 신성동,유성구,신성동,300,35,0,23.14,7.0,2,O심쿵O주차장.화이트톤.분리형원룸,https://www.zigbang.com/home/apt/items/49198882
2026-07-03 07:03:26,원룸,49142315,월세,02,대전시 유성구 신성동,유성구,신성동,1000,50,0,28,8.47,2,금성 자운대 사거리 1분 컷 넓은 준신축 1.5룸,https://www.zigbang.com/home/apt/items/49142315
2026-07-03 07:03:22,원룸,49373072,월세,02,대전시 중구 대흥동,중구,대흥동,1000,50,0,30,9.07,4,V신축급1.5룸V중앙로역 초인접 깨끗하고 깔끔한V 엘베V,https://www.zigbang.com/home/apt/items/49373072
2026-07-03 07:03:22,원룸,49282267,월세,01,대전시 동구 정동,동구,정동,70,40,0,23,6.96,6,"단기가능o 주차o  럭셔리오피스텔 대전역 도보 3분,",https://www.zigbang.com/home/apt/items/49282267
2026-07-03 07:03:22,원룸,49276794,월세,02,대전시 동구 정동,동구,정동,70,40,0,33.06,10.0,6,"단기O 대전역 1분,  넓은 신축 풀옵션 오피스텔형 원룸",https://www.zigbang.com/home/apt/items/49276794
2026-07-03 07:03:22,원룸,49562902,월세,01,대전시 중구 선화동,중구,선화동,200,26,0,60,18.15,고,오피스텔입니다.,https://www.zigbang.com/home/apt/items/49562902
2026-07-03 07:03:22,원룸,49561460,월세,02,대전시 중구 선화동,중구,선화동,500,35,0,95.86,29.0,고,유원오피스텔 넓고 쾌적한 곳,https://www.zigbang.com/home/apt/items/49561460
2026-07-03 07:03:22,원룸,49449120,월세,02,대전시 중구 선화동,중구,선화동,200,47,0,35,10.59,1,l 올화이트0 가성비0 풀오셥0 깔끔한 이쁜 신축 1.5ㅣ,https://www.zigbang.com/home/apt/items/49449120
2026-07-03 07:03:22,원룸,49442796,월세,02,대전시 중구 선화동,중구,선화동,200,35,0,26.45,8.0,2,ꔫ웰ꔫㅡ막힘없는 창ㅡ위치Bestㅡ즉시입주OKㅡ,https://www.zigbang.com/home/apt/items/49442796
2026-07-03 07:03:22,원룸,49356682,월세,02,대전시 동구 삼성동,동구,삼성동,300,30,0,23.97,7.25,4,"넓은주차장ㅣ전세3500가능, 주방분리형 원룸ㅣ",https://www.zigbang.com/home/apt/items/49356682
2026-07-03 07:03:22,원룸,49509996,월세,01,대전시 동구 성남동,동구,성남동,200,29,0,23.97,7.25,3,솔브릿지대학 ll 단기가능 ll 하나남은 풀옵션 원룸,https://www.zigbang.com/home/apt/items/49509996
2026-07-03 07:03:22,원룸,49324982,월세,02,대전시 동구 삼성동,동구,삼성동,500,45,0,36.36,11.0,2,ㅡ 1.5룸 ㅡ 우송솔브릿지부근 신축급1.5룸 성남네거리,https://www.zigbang.com/home/apt/items/49324982
2026-07-03 07:03:39,원룸,49570057,월세,02,경상남도 진주시 평거동,진주시,평거동,200,26,0,26.43,8.0,2,㉧ㅡ서빈No.1구해줘홈즈ㅡ㉧추천BEST꿀방,https://www.zigbang.com/home/apt/items/49570057
2026-07-03 07:03:39,원룸,49570039,월세,02,경상남도 진주시 평거동,진주시,평거동,300,31,0,26.43,8.0,2,㉧ㅡ서빈No.1구해줘홈즈ㅡ㉧추천BEST꿀방,https://www.zigbang.com/home/apt/items/49570039
2026-07-03 07:03:39,원룸,49569937,월세,02,경상남도 진주시 평거동,진주시,평거동,200,21,0,26.43,8.0,2,㉧ㅡ서빈No.1구해줘홈즈ㅡ㉧추천BEST꿀방,https://www.zigbang.com/home/apt/items/49569937
2026-07-03 07:03:39,원룸,49533703,월세,02,경상남도 진주시 평거동,진주시,평거동,500,31,0,20,6.05,3,평거동 내부 깔끔한 풀옵션 분리형 원룸,https://www.zigbang.com/home/apt/items/49533703
2026-07-03 07:03:39,원룸,49467153,월세,02,경상남도 진주시 평거동,진주시,평거동,300,26,0,26.43,8.0,3,㉧ㅡ서빈No.1구해줘홈즈ㅡ㉧추천BEST꿀방,https://www.zigbang.com/home/apt/items/49467153
2026-07-03 07:03:39,원룸,49435979,월세,03,경상남도 진주시 평거동,진주시,평거동,500,32,0,30,9.07,4,㉧ㅡ서빈No.1구해줘홈즈ㅡ㉧추천BEST꿀방,https://www.zigbang.com/home/apt/items/49435979
2026-07-03 07:03:39,원룸,49393044,월세,02,경상남도 진주시 평거동,진주시,평거동,500,26,0,26.43,8.0,3,㉧ㅡ서빈No.1구해줘홈즈ㅡ㉧추천BEST꿀방,https://www.zigbang.com/home/apt/items/49393044
2026-07-03 07:03:39,원룸,49389642,월세,01,경상남도 진주시 평거동,진주시,평거동,300,35,0,35,10.59,3,㉧ㅡ서빈No.1구해줘홈즈ㅡ㉧추천BEST꿀방,https://www.zigbang.com/home/apt/items/49389642
2026-07-03 07:03:39,원룸,49360953,월세,02,경상남도 진주시 평거동,진주시,평거동,500,36,0,50,15.12,2,㉧ㅡ서빈No.1구해줘홈즈ㅡ㉧추천BEST꿀방,https://www.zigbang.com/home/apt/items/49360953
2026-07-03 07:03:39,원룸,49332550,월세,02,경상남도 진주시 평거동,진주시,평거동,200,21,0,26.43,8.0,1,㉧ㅡ서빈No.1구해줘홈즈ㅡ㉧추천BEST꿀방,https://www.zigbang.com/home/apt/items/49332550
2026-07-03 07:03:39,원룸,49516206,월세,02,경상남도 진주시 상봉동,진주시,상봉동,1000,29,0,26.45,8.0,1,㉧희망부동산㉧복측형 원룸㉧넓은 테라스㉧,https://www.zigbang.com/home/apt/items/49516206
2026-07-03 07:03:39,원룸,49499863,월세,02,경상남도 진주시 봉래동,진주시,봉래동,200,23,0,26.43,8.0,2,㉧ㅡ서빈No.1구해줘홈즈ㅡ㉧추천BEST꿀방,https://www.zigbang.com/home/apt/items/49499863
2026-07-03 07:03:39,원룸,49483356,월세,02,경상남도 진주시 봉래동,진주시,봉래동,300,21,0,26.5,8.02,2,ㅇㅡ베스트 추 천ㅡ ㅇ 반려동물가능 리모델링되어있는 꿀방,https://www.zigbang.com/home/apt/items/49483356
2026-07-03 07:03:39,원룸,49292021,월세,02,경상남도 진주시 상봉동,진주시,상봉동,500,26,0,36.36,11.0,3,㉧희망부동산㉧진주 보건대 옆㉧넓은 분리형 원플㉧좋은 가격㉧,https://www.zigbang.com/home/apt/items/49292021
2026-07-03 07:03:39,원룸,49545575,월세,02,경상남도 진주시 초전동,진주시,초전동,1000,43,0,47,14.22,2,초전동 신축급 귀하고 넓은  1.5룸 원플원 엄청 넓어요,https://www.zigbang.com/home/apt/items/49545575
2026-07-03 07:03:39,원룸,49466928,월세,02,경상남도 진주시 초전동,진주시,초전동,500,41,0,39.66,12.0,2,㉧ㅡ서빈No.1구해줘홈즈ㅡ㉧추천BEST꿀방,https://www.zigbang.com/home/apt/items/49466928
2026-07-03 07:03:39,원룸,49332481,월세,01,경상남도 진주시 초전동,진주시,초전동,500,31,0,23.13,7.0,4,㉧ㅡ서빈No.1구해줘홈즈ㅡ㉧추천BEST꿀방,https://www.zigbang.com/home/apt/items/49332481
2026-07-03 07:03:39,원룸,49332436,월세,02,경상남도 진주시 금산면 중천리,진주시,금산면,500,36,0,39.66,12.0,2,㉧ㅡ서빈No.1구해줘홈즈ㅡ㉧추천BEST꿀방,https://www.zigbang.com/home/apt/items/49332436
2026-07-03 07:03:39,원룸,49313836,월세,02,경상남도 진주시 초전동,진주시,초전동,500,36,0,39.66,12.0,3,㉧ㅡ서빈No.1구해줘홈즈ㅡ㉧추천BEST꿀방,https://www.zigbang.com/home/apt/items/49313836
2026-07-03 07:03:39,원룸,49313833,월세,02,경상남도 진주시 초전동,진주시,초전동,500,41,0,39.66,12.0,2,㉧ㅡ서빈No.1구해줘홈즈ㅡ㉧추천BEST꿀방,https://www.zigbang.com/home/apt/items/49313833
2026-07-03 07:03:39,원룸,49254243,월세,02,경상남도 진주시 초전동,진주시,초전동,200,30,0,40,12.1,2,화이트톤 이쁜원플원 선착순1명,https://www.zigbang.com/home/apt/items/49254243
2026-07-03 07:03:39,원룸,49245758,월세,01,경상남도 진주시 봉곡동,진주시,봉곡동,100,15,0,26.45,8.0,3,갤러리아백화점부근 이쁜 리모델링 원룸,https://www.zigbang.com/home/apt/items/49245758
2026-07-03 07:03:39,원룸,49245731,월세,01,경상남도 진주시 신안동,진주시,신안동,100,12,0,26.45,8.0,2,초저가보장 신안동다이소부근 가성비좋은원룸,https://www.zigbang.com/home/apt/items/49245731
2026-07-03 07:03:39,원룸,49242799,월세,02,경상남도 진주시 칠암동,진주시,칠암동,100,14,0,23.14,7.0,2,"칠암동 최저가 경상대 칠암캠 정문 부근,경상대병원",https://www.zigbang.com/home/apt/items/49242799
2026-07-03 07:03:39,원룸,49242617,전세,02,경상남도 진주시 칠암동,진주시,칠암동,3500,0,0,19.83,6.0,3,칠암동 경대칠암캠퍼스 후문쪽 원룸 올전세,https://www.zigbang.com/home/apt/items/49242617
2026-07-03 07:03:39,원룸,49233529,월세,01,경상남도 진주시 칠암동,진주시,칠암동,100,15,0,26.45,8.0,1,경남과기대후문 부근 초저가 원룸,https://www.zigbang.com/home/apt/items/49233529
2026-07-03 07:03:39,원룸,49202730,월세,02,경상남도 진주시 칠암동,진주시,칠암동,200,23,0,26.45,8.0,1,꿀방칠암동 첫입주 풀옵션 원룸 입주 대기중,https://www.zigbang.com/home/apt/items/49202730
2026-07-03 07:03:39,원룸,49192405,월세,01,경상남도 진주시 칠암동,진주시,칠암동,100,10,0,23.14,7.0,3,ㅁㅡ Check In ㅡㅁ추 천 원룸,https://www.zigbang.com/home/apt/items/49192405
2026-07-03 07:03:39,원룸,49192393,월세,02,경상남도 진주시 칠암동,진주시,칠암동,500,35,0,29.75,9.0,3,ㅁㅡ Check In ㅡㅁ추 천 원룸,https://www.zigbang.com/home/apt/items/49192393
2026-07-03 07:03:39,원룸,49192380,월세,02,경상남도 진주시 칠암동,진주시,칠암동,200,25,0,29.75,9.0,2,ㅁㅡ Check In ㅡㅁ추 천 원룸,https://www.zigbang.com/home/apt/items/49192380
2026-07-03 07:03:39,원룸,49029389,월세,02,경상남도 진주시 칠암동,진주시,칠암동,100,25,0,23.14,7.0,2,ㅇㅡ칠암동 신축ㅡㅇ 풀옵션 학교부근 깨끗한 원룸입니다.,https://www.zigbang.com/home/apt/items/49029389
2026-07-03 07:03:39,원룸,48832568,월세,02,경상남도 진주시 신안동,진주시,신안동,2000,41,0,48.45,14.66,3,5. 신안동 교대 인근 원플,https://www.zigbang.com/home/apt/items/48832568
2026-07-03 07:03:44,원룸,49556724,월세,01,경상남도 창원시 마산합포구 해운동,창원시 마산합포구,해운동,200,30,0,23.14,7.0,3,"best. 경남대 난방,전기,수도 전부 포함 저렴 깨끗",https://www.zigbang.com/home/apt/items/49556724
2026-07-03 07:03:44,원룸,49556338,월세,01,경상남도 창원시 마산합포구 화영동,창원시 마산합포구,화영동,500,30,0,23.1,6.99,2,BEST. 예술관 앞 베란다 있는 올  풀옵션 원룸,https://www.zigbang.com/home/apt/items/49556338
2026-07-03 07:03:44,원룸,49527405,월세,01,경상남도 창원시 마산합포구 화영동,창원시 마산합포구,화영동,200,25,0,17.83,5.39,2,BEST 경남대 후문 보증금 월세 초저렴 깔끔한 풀옵원룸,https://www.zigbang.com/home/apt/items/49527405
2026-07-03 07:03:44,원룸,49527373,월세,02,경상남도 창원시 마산합포구 홍문동,창원시 마산합포구,홍문동,500,38,0,26.45,8.0,3,BEST 경남대인근 월세 싸고 방평수 좋은 분리형 풀옵원룸,https://www.zigbang.com/home/apt/items/49527373
2026-07-03 07:03:44,원룸,49521985,월세,01,경상남도 창원시 마산합포구 해운동,창원시 마산합포구,해운동,500,35,0,23.14,7.0,2,b.e.s.t 경대생 환영 테라스있음 복층형 주택원룸,https://www.zigbang.com/home/apt/items/49521985
2026-07-03 07:03:44,원룸,49477452,월세,02,경상남도 창원시 마산합포구 월영동,창원시 마산합포구,월영동,300,27,0,26.45,8.0,3,best. 월영동 산복도로쪽 금액 저렴한 풀옵션 분리형원룸,https://www.zigbang.com/home/apt/items/49477452
2026-07-03 07:03:44,원룸,49477448,월세,02,경상남도 창원시 마산합포구 청계동,창원시 마산합포구,청계동,500,36,0,29.7,8.98,4,best. 경남대 인근 깔끔 올 풀옵션 분리형 원룸,https://www.zigbang.com/home/apt/items/49477448
2026-07-03 07:03:44,원룸,49477446,월세,02,경상남도 창원시 마산합포구 월영동,창원시 마산합포구,월영동,200,25,0,23.1,6.99,1,BEST. 경남대 창조관 인근 저렴한 풀옵션 분리형 원룸,https://www.zigbang.com/home/apt/items/49477446
2026-07-03 07:03:44,원룸,49477445,월세,01,경상남도 창원시 마산합포구 해운동,창원시 마산합포구,해운동,300,25,0,23.1,6.99,3,BEST.  경남대 인근 깔끔하고 아주 저렴한 풀옵션 원룸,https://www.zigbang.com/home/apt/items/49477445
2026-07-03 07:03:44,원룸,49477426,월세,01,경상남도 창원시 마산합포구 청계동,창원시 마산합포구,청계동,500,36,0,26.4,7.99,2,best. 경남대 인근 인기 베란다있는 풀옵션 원룸,https://www.zigbang.com/home/apt/items/49477426
2026-07-03 07:03:44,원룸,49453882,월세,01,경상남도 창원시 마산합포구 창포동3가,창원시 마산합포구,창포동3가,500,29,0,23.14,7.0,3,BEST 댓거리 롯데마트 인근 금액좋은 풀옵션 원룸,https://www.zigbang.com/home/apt/items/49453882
2026-07-03 07:03:44,원룸,49446775,월세,02,경상남도 창원시 마산합포구 월영동,창원시 마산합포구,월영동,300,37,0,22.14,6.7,3,BEST 월영동 금액좋고 집 깔끔한 풀옵션 분리형원룸,https://www.zigbang.com/home/apt/items/49446775
2026-07-03 07:03:44,원룸,49429077,월세,01,경상남도 창원시 마산합포구 해운동,창원시 마산합포구,해운동,50,23,0,16.53,5.0,3,모든걸 갖춘 올 풀옵션 원룸..4개월이상 단기도 가능,https://www.zigbang.com/home/apt/items/49429077
2026-07-03 07:03:44,원룸,49365504,월세,01,경상남도 창원시 마산합포구 신흥동,창원시 마산합포구,신흥동,500,37,0,24.79,7.5,3,b.e.s.t 전월세 조정가능 합포구청 인근 즉시입주,https://www.zigbang.com/home/apt/items/49365504
2026-07-03 07:03:44,원룸,49522667,전세,02,경상남도 창원시 진해구 여좌동,창원시 진해구,여좌동,4000,0,0,39.67,12.0,2,강남 진해여고뒤 럭셜 A급반투 신축 주차굿구조굿 큰방 깔끔,https://www.zigbang.com/home/apt/items/49522667
2026-07-03 07:03:44,원룸,49311819,월세,02,경상남도 창원시 마산회원구 내서읍 호계리,창원시 마산회원구,내서읍,2500,27,0,29.75,9.0,4,b.e.s.t꽤넓은 원룸 반전세 즉시입주,https://www.zigbang.com/home/apt/items/49311819
2026-07-03 07:03:44,원룸,49590038,월세,02,경상남도 창원시 성산구 반지동,창원시 성산구,반지동,300,30,0,29.75,9.0,2,ㅡBESTㅡ 반지동 창원천인근 ll 리모델링 깔끔 분리형,https://www.zigbang.com/home/apt/items/49590038
2026-07-03 07:03:44,원룸,49581131,월세,01,경상남도 창원시 의창구 명서동,창원시 의창구,명서동,300,35,0,42.98,13.0,8,"이쁘고 아주밝은 완전풀옵션 주차완비 
헬스장 전망좋은집",https://www.zigbang.com/home/apt/items/49581131
2026-07-03 07:03:44,원룸,49581099,월세,02,경상남도 창원시 의창구 봉곡동,창원시 의창구,봉곡동,200,30,0,39.66,12.0,2,이쁘고 아주밝은 분리형올리모델링 베란다풀옵션보심완전만족,https://www.zigbang.com/home/apt/items/49581099
2026-07-03 07:03:44,원룸,49560298,월세,01,경상남도 창원시 의창구 팔용동,창원시 의창구,팔용동,500,35,0,49.58,15.0,2,8월 입주 애완동물 가능,https://www.zigbang.com/home/apt/items/49560298
2026-07-03 07:03:44,원룸,49559805,월세,02,경상남도 창원시 성산구 반지동,창원시 성산구,반지동,200,30,0,27.78,8.4,1,ㅁHAPPYㅁ 반지동 준신축 분리형원룸 풀옵션,https://www.zigbang.com/home/apt/items/49559805
2026-07-03 07:03:44,원룸,49515206,월세,02,경상남도 창원시 성산구 반지동,창원시 성산구,반지동,300,35,0,23.14,7.0,2,조용하고 깨끗한 방넓은 분리형 원룸입니다.,https://www.zigbang.com/home/apt/items/49515206
2026-07-03 07:03:44,원룸,49509551,월세,02,경상남도 창원시 성산구 반지동,창원시 성산구,반지동,200,30,0,19.83,6.0,1,문성대인근 생활권편리한 원룸입니다.,https://www.zigbang.com/home/apt/items/49509551
2026-07-03 07:03:44,원룸,49377722,월세,02,경상남도 창원시 성산구 반지동,창원시 성산구,반지동,200,27,0,26.44,8.0,1,세탁실 별도 있는 깔끔하고 합리적인 풀옵션 분리형 원룸,https://www.zigbang.com/home/apt/items/49377722
2026-07-03 07:03:51,원룸,49546818,월세,02,대구시 달성군 유가읍 금리,달성군,유가읍,300,37,0,29.75,9.0,2,유가제빵소 인근내 위치 현풍IC방면 구지방면 미투,https://www.zigbang.com/home/apt/items/49546818
2026-07-03 07:03:51,원룸,49546718,월세,01,대구시 달성군 유가읍 금리,달성군,유가읍,300,28,0,26.44,8.0,4,"엘베O,테크노,구지공단,엘엔에프,쿠팡,구지IC",https://www.zigbang.com/home/apt/items/49546718
2026-07-03 07:03:51,원룸,49546684,월세,02,대구시 달성군 유가읍 금리,달성군,유가읍,500,38,0,29.75,9.0,3,"즉시입주,미투, 케이스식자재마트,대주기계,구지iC방면",https://www.zigbang.com/home/apt/items/49546684
2026-07-03 07:03:51,원룸,49530799,월세,02,대구시 달성군 유가읍 금리,달성군,유가읍,300,23,0,39.67,12.0,3,회사 근처 제일 저렴한 월세 자취방,https://www.zigbang.com/home/apt/items/49530799
2026-07-03 07:03:51,원룸,49501514,월세,02,대구시 달성군 유가읍 금리,달성군,유가읍,300,28,0,29.7,8.98,2,금리공단 부근 깔끔한 분리형 원룸,https://www.zigbang.com/home/apt/items/49501514
2026-07-03 07:03:51,원룸,49465180,월세,02,대구시 달성군 유가읍 금리,달성군,유가읍,200,25,0,29.75,9.0,2,"신축 원룸 , 풀옵션 , 주차완비 , 주방분리 , 방大",https://www.zigbang.com/home/apt/items/49465180
2026-07-03 07:03:51,원룸,49465173,월세,02,대구시 달성군 유가읍 금리,달성군,유가읍,200,30,0,42.98,13.0,2,"미니투룸 , 풀옵션 , 주차완비 , 주방분리 , 방大",https://www.zigbang.com/home/apt/items/49465173
2026-07-03 07:03:52,원룸,49471028,월세,02,대구시 달성군 옥포읍 강림리,달성군,옥포읍,300,25,0,26.44,8.0,3,강림리 귀한 월세매물 즉시입주가능 내부깔끔,https://www.zigbang.com/home/apt/items/49471028
2026-07-03 07:03:52,원룸,49419565,월세,02,대구시 달성군 논공읍 금포리,달성군,논공읍,200,22,0,27,8.17,3,ㄴ금포리 풀옵션 원룸ㄱ,https://www.zigbang.com/home/apt/items/49419565
2026-07-03 07:03:52,원룸,49344140,월세,02,대구시 달성군 논공읍 금포리,달성군,논공읍,300,28,0,31.25,9.45,3,엘베있는미투. 달성군청바로인근. 깔끔한방. 출퇴근용이한곳.,https://www.zigbang.com/home/apt/items/49344140
2026-07-03 07:03:52,원룸,49313347,월세,02,대구시 달성군 옥포읍 강림리,달성군,옥포읍,200,20,0,29.75,9.0,2,.옥포 흔치않은 가성비 원룸.200프로 실매물.채광우수.,https://www.zigbang.com/home/apt/items/49313347
2026-07-03 07:03:52,원룸,49548973,월세,02,대구시 달성군 화원읍 명곡리,달성군,화원읍,200,20,0,27,8.17,3,설화명곡역 역세권ㅡ햇살가득 방大,https://www.zigbang.com/home/apt/items/49548973
2026-07-03 07:03:52,원룸,49306813,월세,02,대구시 달성군 화원읍 명곡리,달성군,화원읍,500,37,0,45,13.61,2,달성고 신축투룸,https://www.zigbang.com/home/apt/items/49306813
2026-07-03 07:03:52,원룸,49473227,월세,02,대구시 달성군 논공읍 남리,달성군,논공읍,200,30,0,39.66,12.0,2,I am 미니투룸이에요 북동초  인근 최대크기 미니투룸,https://www.zigbang.com/home/apt/items/49473227
2026-07-03 07:03:52,원룸,49472754,월세,01,대구시 달성군 논공읍 북리,달성군,논공읍,100,20,0,26.44,8.0,2,"이수페타시스 인근 초대형,남향 넓고 가성비 좋은 원룸",https://www.zigbang.com/home/apt/items/49472754
2026-07-03 07:03:52,원룸,49472740,월세,02,대구시 달성군 논공읍 북리,달성군,논공읍,100,20,0,26.44,8.0,2,HIgh teer 논공읍 깔끔한  원룸 입니다.,https://www.zigbang.com/home/apt/items/49472740
2026-07-03 07:03:52,원룸,49472669,월세,02,대구시 달성군 논공읍 남리,달성군,논공읍,100,17,0,26.44,8.0,3,월세 저렴 논공읍 원룸 즉시 입주 따땃하게 잡시다,https://www.zigbang.com/home/apt/items/49472669
2026-07-03 07:03:52,원룸,49472308,월세,02,대구시 달성군 논공읍 북리,달성군,논공읍,200,20,0,26.44,8.0,2,남향 햇빛 직빵 눈부신 화이트 아웃 발생 논공읍 원룸,https://www.zigbang.com/home/apt/items/49472308
2026-07-03 07:03:52,원룸,49470962,월세,02,대구시 달성군 논공읍 북리,달성군,논공읍,200,25,0,33,9.98,3,미니투룸 도배완료 풀옵션 입주협의가능,https://www.zigbang.com/home/apt/items/49470962
2026-07-03 07:03:52,원룸,49445435,월세,02,대구시 달성군 논공읍 북리,달성군,논공읍,100,22,0,26.44,8.0,2,이수페타시스 인근 논공읍 버스정류장 가까운 최고의 원룸,https://www.zigbang.com/home/apt/items/49445435
2026-07-03 07:03:52,원룸,49425295,월세,01,대구시 달성군 논공읍 북리,달성군,논공읍,100,20,0,30,9.07,2,분리형 특대 원룸,https://www.zigbang.com/home/apt/items/49425295
2026-07-03 07:03:52,원룸,49322439,월세,02,대구시 달성군 논공읍 남리,달성군,논공읍,100,15,0,26.45,8.0,2,정말 저렴한 원룸이다  가성비쵝오,https://www.zigbang.com/home/apt/items/49322439
2026-07-03 07:03:53,원룸,49459442,월세,02,대구시 달서구 도원동,달서구,도원동,200,25,0,28.9,8.74,2,"㋹도원동㋹ 보훈병원㋹ 분리형원룸,,,풀옵션,,,화이트톤",https://www.zigbang.com/home/apt/items/49459442
2026-07-03 07:03:53,원룸,49313356,월세,02,대구시 달서구 장기동,달서구,장기동,200,25,0,19.65,5.94,3,.이곡역 깔끔원룸.200프로 실매물.TV 엘베 붙박이장.,https://www.zigbang.com/home/apt/items/49313356
2026-07-03 07:03:53,원룸,49289502,월세,01,대구시 달서구 신당동,달서구,신당동,300,37,0,30,9.07,4,선착순 계명대 인근 화이트톤 신축 예쁜집,https://www.zigbang.com/home/apt/items/49289502
2026-07-03 07:03:53,원룸,49236758,월세,02,대구시 달서구 상인동,달서구,상인동,100,15,0,30.01,9.08,3,상인역2분 초역세권 눈부신채광 붙박이장 중문 분리형 원룸,https://www.zigbang.com/home/apt/items/49236758
2026-07-03 07:03:53,원룸,49230901,월세,01,대구시 달서구 상인동,달서구,상인동,100,13,0,22.55,6.82,2,vV실사진 가격절충Vv 저렴한월세  도배완료,https://www.zigbang.com/home/apt/items/49230901
2026-07-03 07:03:53,원룸,49211797,월세,02,대구시 달서구 감삼동,달서구,감삼동,200,20,0,25,7.56,2,죽전역 인근 분리형원룸 풀옵션 엘리베이터 벽걸이tv,https://www.zigbang.com/home/apt/items/49211797
2026-07-03 07:03:53,원룸,48894191,월세,02,대구시 달서구 감삼동,달서구,감삼동,200,22,0,21.9,6.62,2,HOT . 죽전역인근 . 화이트톤 . 풀옵션 . 인기만점,https://www.zigbang.com/home/apt/items/48894191
2026-07-03 07:03:55,원룸,49584331,월세,01,경상남도 창원시 의창구 사림동,창원시 의창구,사림동,200,30,0,20,6.05,2,ㅁHAPPYㅁ 사림동 풀옵션 원룸,https://www.zigbang.com/home/apt/items/49584331
2026-07-03 07:03:55,원룸,49581113,월세,01,경상남도 창원시 의창구 사림동,창원시 의창구,사림동,200,20,0,28.06,8.49,1,"이쁘고 아주밝은 완전풀옵션 남향 주차좋음 
조용한 주택가",https://www.zigbang.com/home/apt/items/49581113
2026-07-03 07:03:55,원룸,49576271,월세,01,경상남도 창원시 의창구 사림동,창원시 의창구,사림동,200,25,0,20,6.05,2,ㅁHAPPYㅁ 사림동 풀옵션 일체형원룸,https://www.zigbang.com/home/apt/items/49576271
2026-07-03 07:03:55,원룸,49576227,월세,01,경상남도 창원시 의창구 사림동,창원시 의창구,사림동,200,27,0,20,6.05,2,ㅁHAPPYㅁ 사림동 풀옵션 일체형원룸,https://www.zigbang.com/home/apt/items/49576227
2026-07-03 07:03:55,원룸,49573609,월세,02,경상남도 창원시 의창구 봉곡동,창원시 의창구,봉곡동,500,35,0,26.45,8.0,2,"ㅡBESTㅡ봉곡동 완전신축급 ll 깔끔 분리형, 베란다O",https://www.zigbang.com/home/apt/items/49573609
2026-07-03 07:03:55,원룸,49573176,월세,02,경상남도 창원시 의창구 사림동,창원시 의창구,사림동,300,36,0,24,7.26,2,ㅁHAPPYㅁ 사림동 베란다까지 넓은 분리형원룸,https://www.zigbang.com/home/apt/items/49573176
2026-07-03 07:03:55,원룸,49557383,월세,01,경상남도 창원시 의창구 사림동,창원시 의창구,사림동,100,23,0,20,6.05,2,ㅁHAPPYㅁ 창원대후문 인근 풀옵션원룸,https://www.zigbang.com/home/apt/items/49557383
2026-07-03 07:03:55,원룸,49557211,월세,02,경상남도 창원시 의창구 사림동,창원시 의창구,사림동,300,30,0,24,7.26,2,ㅁHAPPYㅁ 준신축 분리형원룸 풀옵션 사림동,https://www.zigbang.com/home/apt/items/49557211
2026-07-03 07:03:55,원룸,49547728,월세,02,경상남도 창원시 의창구 봉곡동,창원시 의창구,봉곡동,300,34,0,20,6.05,2,ㅁHAPPYㅁ 봉곡동 준신축 풀옵션 원룸,https://www.zigbang.com/home/apt/items/49547728
2026-07-03 07:03:55,원룸,49547251,월세,01,경상남도 창원시 의창구 사림동,창원시 의창구,사림동,200,30,0,20,6.05,2,ㅁHAPPYㅁ 사림동 풀옵션 원룸,https://www.zigbang.com/home/apt/items/49547251
2026-07-03 07:03:55,원룸,49474608,월세,01,부산시 사상구 감전동,사상구,감전동,200,20,0,13.4,4.05,4,ll가성비원룸ll 저렴한원룸.막힘없는뷰.화이트톤.,https://www.zigbang.com/home/apt/items/49474608
2026-07-03 07:03:55,원룸,49466150,월세,02,부산시 사상구 감전동,사상구,감전동,200,20,0,13.4,4.05,4,ㅇ리모델링원룸ㅇ풀옵션ㅇ가성비굿ㅇ몸만들어오세요..,https://www.zigbang.com/home/apt/items/49466150
2026-07-03 07:04:02,원룸,49580752,월세,02,부산시 금정구 금사동,금정구,금사동,300,30,0,16.53,5.0,1,서금사 리모델링 안락한 보금자리,https://www.zigbang.com/home/apt/items/49580752
2026-07-03 07:04:02,원룸,49541221,월세,02,부산시 해운대구 반여동,해운대구,반여동,2000,95,0,124.31,37.6,중,"센텀우성거실,방2,욕실1 ㅣ 시세보다저렴한월세",https://www.zigbang.com/home/apt/items/49541221
2026-07-03 07:04:02,원룸,49512126,월세,02,부산시 해운대구 반송동,해운대구,반송동,300,32,0,29.14,8.81,1,독서실형 책상이 있는 미니투룸형 원룸,https://www.zigbang.com/home/apt/items/49512126
2026-07-03 07:04:02,원룸,49492673,월세,02,부산시 금정구 금사동,금정구,금사동,300,25,0,30.1,9.11,2,세입자의 입장에서 안내 도와드리겠습니다,https://www.zigbang.com/home/apt/items/49492673
2026-07-03 07:04:02,원룸,49464260,전세,05,부산시 해운대구 반여동,해운대구,반여동,27000,0,0,112.4,34.0,고,"센텀우성거실,방3,욕실2ㅣ귀한전세ㅣ컨디션최고",https://www.zigbang.com/home/apt/items/49464260
2026-07-03 07:04:02,원룸,49451158,월세,01,부산시 금정구 금사동,금정구,금사동,500,20,0,23.14,7.0,1,전기세포함 분리형 채광좋은 풀옵션 1층 원룸,https://www.zigbang.com/home/apt/items/49451158
2026-07-03 07:04:02,원룸,49278535,월세,04,부산시 해운대구 반송동,해운대구,반송동,1000,60,0,64.95,19.65,6,"방2거실1베란다,초역세권,신축급오피,주차편리,즉시입주",https://www.zigbang.com/home/apt/items/49278535
2026-07-03 07:04:02,원룸,49110954,월세,01,부산시 금정구 회동동,금정구,회동동,300,29,0,23.14,7.0,1,회동동 채광좋은 원룸,https://www.zigbang.com/home/apt/items/49110954
2026-07-03 07:04:04,원룸,49585063,월세,02,부산시 기장군 정관읍 매학리,기장군,정관읍,300,48,0,51.14,15.47,11,"즉시입주, 청소완료, 1.5룸 최신식 깨끗한 오피스텔",https://www.zigbang.com/home/apt/items/49585063
2026-07-03 07:04:04,원룸,49584979,월세,02,부산시 기장군 정관읍 매학리,기장군,정관읍,300,50,0,51.14,15.47,4,"분리형 원룸, 발코니,중문, 6개월 단기 또는 1년",https://www.zigbang.com/home/apt/items/49584979
2026-07-03 07:04:04,원룸,49525210,월세,01,부산시 기장군 정관읍 방곡리,기장군,정관읍,300,30,0,33.05,10.0,2,"저렴한 월세,즉시입주가능,집깨끗",https://www.zigbang.com/home/apt/items/49525210
2026-07-03 07:04:04,원룸,49439908,월세,02,부산시 기장군 정관읍 매학리,기장군,정관읍,1000,75,0,51.14,15.47,6,"귀한 투룸, 넓은 펜트리, 발코니, 넓은 붙박이장",https://www.zigbang.com/home/apt/items/49439908
2026-07-03 07:04:04,원룸,49439868,월세,02,부산시 기장군 정관읍 매학리,기장군,정관읍,300,52,0,51.14,15.47,11,"트인조망, 빠른입주, 1.5룸,신축",https://www.zigbang.com/home/apt/items/49439868
2026-07-03 07:04:04,원룸,49399289,월세,01,부산시 기장군 정관읍 방곡리,기장군,정관읍,300,28,0,26.45,8.0,2,"저렴한 월세,풀옵션,즉시입주 가능",https://www.zigbang.com/home/apt/items/49399289
2026-07-03 07:04:04,원룸,49394822,월세,01,부산시 기장군 정관읍 방곡리,기장군,정관읍,300,30,0,26.45,8.0,3,"깨끗한 원룸,신축,즉시입주 가능",https://www.zigbang.com/home/apt/items/49394822
2026-07-03 07:04:04,원룸,49394431,월세,01,부산시 기장군 정관읍 매학리,기장군,정관읍,300,50,0,46.28,14.0,8,정관에서 가장 인기있는 신축급 오피스텔입니다. 귀한 단기방,https://www.zigbang.com/home/apt/items/49394431
2026-07-03 07:04:04,원룸,49373124,월세,02,부산시 기장군 정관읍 매학리,기장군,정관읍,300,52,0,51.14,15.47,9,"즉입되는 귀한 매물, 1.5룸,발코니, 중문,최신오피스텔",https://www.zigbang.com/home/apt/items/49373124
2026-07-03 07:04:03,원룸,49503157,월세,02,경상남도 양산시 동면 금산리,양산시,동면,500,40,0,40,12.1,2,넓은룸. 남 향. 버스정류장 인근. 생활권 편리한룸.,https://www.zigbang.com/home/apt/items/49503157
2026-07-03 07:04:03,원룸,49455165,월세,02,경상남도 양산시 동면 석산리,양산시,동면,500,35,0,40,12.1,2,거실 넓은룸. 옷장이 큼. 수납 용이함. 주차 좋은룸,https://www.zigbang.com/home/apt/items/49455165
2026-07-03 07:04:03,원룸,49415852,월세,02,경상남도 양산시 동면 금산리,양산시,동면,300,29,0,36,10.89,2,공과금 모두 포함된 착한 분리형원룸,https://www.zigbang.com/home/apt/items/49415852
2026-07-03 07:04:03,원룸,49408106,월세,02,경상남도 양산시 동면 석산리,양산시,동면,500,32,0,37,11.19,3,생활권 편리한 룸. 도배 완료한 깨끗한 룸,https://www.zigbang.com/home/apt/items/49408106
2026-07-03 07:04:05,원룸,49381572,월세,01,부산시 기장군 일광읍 칠암리,기장군,일광읍,300,25,0,19.83,6.0,3,옵션좋고 조용한 원룸칠암초인근보증금월세조정가능,https://www.zigbang.com/home/apt/items/49381572
2026-07-03 07:04:06,원룸,49495087,월세,02,경상남도 양산시 상북면 석계리,양산시,상북면,500,35,0,33.06,10.0,2,AA석계산단입구 살기좋은 거실겸주방이있는남향방베란다있음,https://www.zigbang.com/home/apt/items/49495087
2026-07-03 07:04:06,원룸,49320259,월세,02,경상남도 양산시 북정동,양산시,북정동,300,30,0,33.06,10.0,2,ll친절그잡채ll 신축급 깨끗하고 위치좋은 원룸v,https://www.zigbang.com/home/apt/items/49320259
2026-07-03 07:04:06,원룸,49306961,월세,01,경상남도 양산시 중부동,양산시,중부동,200,27,0,30,9.07,3,레몬부동산  엘베있는 신축급 원룸,https://www.zigbang.com/home/apt/items/49306961
2026-07-03 07:04:06,원룸,49284681,월세,02,경상남도 양산시 중부동,양산시,중부동,300,25,0,29.75,9.0,2,방크고 분리잘된 이쁜 원룸,https://www.zigbang.com/home/apt/items/49284681
2026-07-03 07:04:06,원룸,49263553,월세,02,경상남도 양산시 신기동,양산시,신기동,100,25,0,29.75,9.0,2,"ㅁㅁ 베란다, 중문 있는,  가성비좋은 넓은 원룸입니다ㅁㅁ",https://www.zigbang.com/home/apt/items/49263553
2026-07-03 07:04:06,원룸,49256353,월세,03,경상남도 양산시 북정동,양산시,북정동,200,21,0,29.75,9.0,4,ll친절그잡채ll 가격 좋은 복층형 원룸이예요 D,https://www.zigbang.com/home/apt/items/49256353
2026-07-03 07:04:06,원룸,49238499,월세,02,경상남도 양산시 중부동,양산시,중부동,100,30,0,35,10.59,3,단기방 가능한 남부시장 입구 방큰 분리형 원룸,https://www.zigbang.com/home/apt/items/49238499
2026-07-03 07:04:06,원룸,49199958,월세,02,경상남도 양산시 중부동,양산시,중부동,200,27,0,30,9.07,3,남부시장5분거리 방큰 원룸,https://www.zigbang.com/home/apt/items/49199958
2026-07-03 07:04:06,원룸,49117577,월세,02,경상남도 양산시 신기동,양산시,신기동,300,25,0,29.75,9.0,4,ll친절그잡채ll 고즈넉한풍경과 여유가 느껴지는 조용한원룸,https://www.zigbang.com/home/apt/items/49117577
2026-07-03 07:04:06,원룸,49085856,월세,02,경상남도 양산시 북정동,양산시,북정동,200,19,0,26.45,8.0,3,ll친절그잡채ll 햇볕최고v풀옵션 원룸 최저가 도저언v,https://www.zigbang.com/home/apt/items/49085856
2026-07-03 07:04:07,원룸,49557549,월세,01,경상남도 양산시 평산동,양산시,평산동,200,20,0,16,4.84,2,트레이더스 옆 깔끔한 대형 원룸,https://www.zigbang.com/home/apt/items/49557549
2026-07-03 07:04:07,원룸,49477665,월세,01,경상남도 양산시 평산동,양산시,평산동,200,25,0,30,9.07,4,방이   넓어 공간 활용성 좋은방,https://www.zigbang.com/home/apt/items/49477665
2026-07-03 07:04:07,원룸,49416228,월세,01,경상남도 양산시 평산동,양산시,평산동,300,27,0,29.75,9.0,3,정남향  엘리베이트 있음,https://www.zigbang.com/home/apt/items/49416228
2026-07-03 07:04:07,원룸,49401470,월세,02,경상남도 양산시 평산동,양산시,평산동,300,28,0,33,9.98,3,"방,거실,중문 분리형",https://www.zigbang.com/home/apt/items/49401470
2026-07-03 07:04:07,원룸,49393019,월세,01,경상남도 양산시 평산동,양산시,평산동,200,20,0,26.45,8.0,3,정남향  아담한  원룸,https://www.zigbang.com/home/apt/items/49393019
2026-07-03 07:04:07,원룸,49379629,월세,02,경상남도 양산시 평산동,양산시,평산동,300,28,0,33,9.98,3,"방,거실  분리형  원룸",https://www.zigbang.com/home/apt/items/49379629
2026-07-03 07:04:07,원룸,49322889,월세,03,경상남도 양산시 평산동,양산시,평산동,200,22,0,30,9.07,3,"방,부엌 분리형",https://www.zigbang.com/home/apt/items/49322889
2026-07-03 07:04:08,원룸,49465859,월세,01,부산시 기장군 장안읍 반룡리,기장군,장안읍,200,50,0,42.98,13.0,고,빠른입주 장안산단 내 유일한 햇빛 잘 드는 신축급 풀옵션,https://www.zigbang.com/home/apt/items/49465859
2026-07-03 07:04:08,원룸,49511664,월세,02,울산시 울주군 온양읍 대안리,울주군,온양읍,500,45,0,50,15.12,3,"신축 같은 집, 화이트 톤으로 꾸며진 집",https://www.zigbang.com/home/apt/items/49511664
2026-07-03 07:04:08,원룸,49510507,월세,02,울산시 울주군 온양읍 운화리,울주군,온양읍,300,45,0,43,13.01,3,"투룸 같이 넓은 방, 주방입니다.",https://www.zigbang.com/home/apt/items/49510507
2026-07-03 07:04:08,원룸,49509578,월세,02,울산시 울주군 온양읍 대안리,울주군,온양읍,200,35,0,30,9.07,3,"분리된 넓은 원룸, 남향으로 햇살 좋은 원룸",https://www.zigbang.com/home/apt/items/49509578
2026-07-03 07:04:08,원룸,49463610,월세,01,울산시 울주군 온양읍 운화리,울주군,온양읍,200,35,0,26.45,8.0,3,단기 가능해요  보증금 조절,https://www.zigbang.com/home/apt/items/49463610
2026-07-03 07:04:08,원룸,49463599,월세,01,울산시 울주군 온양읍 운화리,울주군,온양읍,200,40,0,25,7.56,2,식당 마트 가까워요,https://www.zigbang.com/home/apt/items/49463599
2026-07-03 07:04:09,원룸,49509512,월세,02,울산시 울주군 온양읍 대안리,울주군,온양읍,200,35,0,30,9.07,2,이중주차 걱정 없는 원룸,https://www.zigbang.com/home/apt/items/49509512
2026-07-03 07:04:09,원룸,49509456,월세,02,울산시 울주군 온양읍 대안리,울주군,온양읍,200,35,0,30,9.07,3,"분리된 원룸, 붙박이장 있는 원룸",https://www.zigbang.com/home/apt/items/49509456
2026-07-03 07:04:09,원룸,49509388,월세,02,울산시 울주군 온양읍 대안리,울주군,온양읍,200,35,0,30,9.07,4,"주차공간 넓고, 깔끔하게 잘된집",https://www.zigbang.com/home/apt/items/49509388
2026-07-03 07:04:09,원룸,49463654,월세,01,울산시 울주군 온양읍 대안리,울주군,온양읍,200,40,0,25,7.56,3,즉시입주가능,https://www.zigbang.com/home/apt/items/49463654
2026-07-03 07:04:09,원룸,49388808,월세,02,울산시 울주군 온양읍 대안리,울주군,온양읍,200,50,0,49.59,15.0,2,즉시입주가능해요,https://www.zigbang.com/home/apt/items/49388808
2026-07-03 07:04:09,원룸,49338848,월세,01,울산시 울주군 온양읍 대안리,울주군,온양읍,100,40,0,25,7.56,2,엄청 넓은 원룸입니다.,https://www.zigbang.com/home/apt/items/49338848
2026-07-03 07:04:09,원룸,49583044,월세,02,울산시 울주군 서생면 진하리,울주군,서생면,100,24,0,26.44,8.0,1,진하 저렴하고 괜찮은 방,https://www.zigbang.com/home/apt/items/49583044
2026-07-03 07:04:09,원룸,49574867,월세,02,울산시 울주군 온산읍 강양리,울주군,온산읍,100,31,0,23.14,7.0,3,Vv주방분리 깔끔쾌적 화이트톤 깔끔한집 vV,https://www.zigbang.com/home/apt/items/49574867
2026-07-03 07:04:09,원룸,49585127,월세,01,울산시 울주군 청량읍 상남리,울주군,청량읍,200,26,0,25,7.56,2,공단출퇴근용이 초저렴 월세,https://www.zigbang.com/home/apt/items/49585127
2026-07-03 07:04:09,원룸,49578308,월세,02,울산시 울주군 청량읍 상남리,울주군,청량읍,100,51,0,40,12.1,2,풀옵 상남리 엘베 주차좋음 큰방1 큰거실겸주방1 베란다,https://www.zigbang.com/home/apt/items/49578308
2026-07-03 07:04:09,원룸,49576053,월세,02,울산시 울주군 청량읍 상남리,울주군,청량읍,500,41,0,36.36,11.0,3,"88 덕하전속,방1거실1,엘베ok,세탁기교체,미리잡으세요",https://www.zigbang.com/home/apt/items/49576053
2026-07-03 07:04:09,원룸,49570727,월세,02,울산시 울주군 청량읍 상남리,울주군,청량읍,100,51,0,40,12.1,2,방1 거실 풀옵션 실사진 남향 공단출퇴근용이,https://www.zigbang.com/home/apt/items/49570727
2026-07-03 07:04:09,원룸,49563453,월세,02,울산시 울주군 청량읍 상남리,울주군,청량읍,100,51,0,45.12,13.65,2,EV주차편리. 채광 좋은 방1 거실1 컨디션 굿,https://www.zigbang.com/home/apt/items/49563453
2026-07-03 07:04:09,원룸,49532802,월세,01,울산시 울주군 청량읍 상남리,울주군,청량읍,100,31,0,28,8.47,2,귀한매물 엘베있음 가격저렴 공단출퇴근최고,https://www.zigbang.com/home/apt/items/49532802
2026-07-03 07:04:09,원룸,49511307,월세,02,울산시 남구 선암동,남구,선암동,300,33,0,40,12.1,2,분리형 원룸 선암동 귀한 원룸,https://www.zigbang.com/home/apt/items/49511307
2026-07-03 07:04:09,원룸,49495054,월세,02,울산시 남구 선암동,남구,선암동,300,34,0,29.75,9.0,2,ㄴ귀한매물 방1 분리형 풀옵 덕하출퇴근굿 서두르세요,https://www.zigbang.com/home/apt/items/49495054
2026-07-03 07:04:09,원룸,49289037,월세,01,울산시 울주군 청량읍 상남리,울주군,청량읍,100,31,0,25,7.56,1,원룸 풀옵션 실사진  공단출퇴근용이,https://www.zigbang.com/home/apt/items/49289037
2026-07-03 07:04:13,원룸,49565163,월세,02,경상북도 경산시 옥곡동,경산시,옥곡동,200,26,0,33.05,10.0,3,ㅣ원룸ㅣ옥곡동 신축 풀옵션 설명필요 없는 최고의 집,https://www.zigbang.com/home/apt/items/49565163
2026-07-03 07:04:13,원룸,49554932,월세,02,경상북도 경산시 사동,경산시,사동,200,23,0,33.05,10.0,2,ㅡGooDㅡ 신축 화이트톤 풀옵션 깔끔한 원룸 한의대인기,https://www.zigbang.com/home/apt/items/49554932
2026-07-03 07:04:13,원룸,49518218,월세,02,경상북도 경산시 백천동,경산시,백천동,100,13,0,39.67,12.0,2,초ㅣ가ㅣ성ㅣ비ㅣ넓ㅣ은ㅣ집,https://www.zigbang.com/home/apt/items/49518218
2026-07-03 07:04:13,원룸,49440935,월세,01,경상북도 경산시 옥곡동,경산시,옥곡동,100,17,0,33.06,10.0,2,동ㅣ네ㅣ에ㅣ서ㅣ제ㅣ일ㅣ깔ㅣ끔ㅣ,https://www.zigbang.com/home/apt/items/49440935
2026-07-03 07:04:13,원룸,49326487,월세,02,경상북도 경산시 사동,경산시,사동,500,41,0,52.89,16.0,3,왕ㅣ풀ㅣ옵ㅣ션ㅣ정ㅣ미ㅣ투,https://www.zigbang.com/home/apt/items/49326487
2026-07-03 07:04:13,원룸,49300035,월세,02,경상북도 경산시 백천동,경산시,백천동,300,24,0,35.5,10.74,3,채ㅣ광ㅣ짱ㅣ가ㅣ성ㅣ비ㅣ미투,https://www.zigbang.com/home/apt/items/49300035
2026-07-03 07:04:13,원룸,49276740,월세,01,경상북도 경산시 백천동,경산시,백천동,300,26,0,26.45,8.0,2,가ㅣ성ㅣ비ㅣ준ㅣ신ㅣ축ㅣ원ㅣ룸,https://www.zigbang.com/home/apt/items/49276740
2026-07-03 07:04:13,원룸,49576745,월세,01,대구시 수성구 신매동,수성구,신매동,300,20,0,26.5,8.02,2,"올수리 大원룸,, 주차편리 신매시장",https://www.zigbang.com/home/apt/items/49576745
2026-07-03 07:04:13,원룸,49572780,월세,02,대구시 수성구 시지동,수성구,시지동,300,28,0,36.36,11.0,1,ㅁ리모델링ㅁ미니2룸ㅁ풀옵션ㅁ화이트톤ㅁ붙박이장ㅁ남향ㅁ,https://www.zigbang.com/home/apt/items/49572780
2026-07-03 07:04:13,원룸,49572654,월세,01,대구시 수성구 신매동,수성구,신매동,200,18,0,29.75,9.0,3,ㅁ저렴한ㅁ올리모델링1룸ㅁ화이트톤ㅁ풀옵션ㅁ,https://www.zigbang.com/home/apt/items/49572654
2026-07-03 07:04:13,원룸,49572619,월세,01,대구시 수성구 매호동,수성구,매호동,300,28,0,29.75,9.0,3,ㅁ엘리베이터有ㅁ신축급1룸ㅁ풀옵션ㅁTVㅁ붙박이장ㅁ중문ㅁ,https://www.zigbang.com/home/apt/items/49572619
2026-07-03 07:04:13,원룸,49572509,월세,02,대구시 수성구 신매동,수성구,신매동,200,15,0,33.05,10.0,1,ㅁ완전저렴ㅁ리모델링1룸ㅁ화이트톤ㅁ방大ㅁ풀옵션ㅁ,https://www.zigbang.com/home/apt/items/49572509
2026-07-03 07:04:13,원룸,49572491,월세,01,대구시 수성구 매호동,수성구,매호동,300,27,0,29.75,9.0,3,ㅁ신매역2분ㅁ신축급1룸ㅁ풀옵션ㅁ침대ㅁTVㅁ남향ㅁ,https://www.zigbang.com/home/apt/items/49572491
2026-07-03 07:04:13,원룸,49572441,월세,01,대구시 수성구 신매동,수성구,신매동,300,25,0,29.75,9.0,3,ㅁ올리모델링ㅁ신축1룸ㅁ풀옵션ㅁ침대ㅁ붙박이장ㅁ남향ㅁ,https://www.zigbang.com/home/apt/items/49572441
2026-07-03 07:04:13,원룸,49572398,월세,02,대구시 수성구 노변동,수성구,노변동,500,30,0,29.75,9.0,2,ㅁ찐매물ㅁ신축급1룸ㅁ화이트톤ㅁ풀옵션ㅁ양방향주차ㅁ,https://www.zigbang.com/home/apt/items/49572398
2026-07-03 07:04:13,원룸,49571122,월세,01,대구시 수성구 신매동,수성구,신매동,200,20,0,29.75,9.0,2,ㅁ올리모델링ㅁ화이트톤1룸ㅁ풀옵션ㅁ침대ㅁTVㅁ남향ㅁ,https://www.zigbang.com/home/apt/items/49571122
2026-07-03 07:04:13,원룸,49571081,월세,02,대구시 수성구 시지동,수성구,시지동,200,19,0,36.36,11.0,2,ㅁ완전저렴ㅁ리모델링ㅁ미니2룸ㅁ화이트톤ㅁ풀옵션ㅁ,https://www.zigbang.com/home/apt/items/49571081
2026-07-03 07:04:13,원룸,49571066,월세,02,대구시 수성구 매호동,수성구,매호동,500,32,0,36.36,11.0,2,ㅁ신매역2분ㅁ신축급ㅁ미니2룸ㅁ풀옵션ㅁTVㅁ옷장ㅁ,https://www.zigbang.com/home/apt/items/49571066
2026-07-03 07:04:13,원룸,49538530,월세,02,대구시 수성구 매호동,수성구,매호동,300,27,0,29.75,9.0,2,ㅁ신매역2분ㅁ신축급1룸ㅁ화이트톤ㅁ풀옵션ㅁTVㅁ전자레인지ㅁ,https://www.zigbang.com/home/apt/items/49538530
2026-07-03 07:04:13,원룸,49554748,월세,02,경상북도 경산시 유곡동,경산시,유곡동,100,16,0,27.74,8.39,4,ㅡGooDㅡ 한의대바로앞 풀옵션 최저가 인기 원룸,https://www.zigbang.com/home/apt/items/49554748
2026-07-03 07:04:13,원룸,49532330,월세,01,경상북도 경산시 유곡동,경산시,유곡동,50,11,0,33.06,10.0,2,최ㅣ저ㅣ가ㅣ학ㅣ교ㅣ1ㅣ분,https://www.zigbang.com/home/apt/items/49532330
2026-07-03 07:04:13,원룸,49373960,월세,02,경상북도 경산시 사동,경산시,사동,200,36,0,49.56,14.99,3,"ㅣ미투ㅣ한의대,사동,풀옵션,신축 귀한매물",https://www.zigbang.com/home/apt/items/49373960
2026-07-03 07:04:13,원룸,49354203,월세,02,경상북도 경산시 유곡동,경산시,유곡동,100,16,0,24.09,7.29,4,"ㅡ여기어때ㅡ한의대도보10초, 풀옵션, 리모델링",https://www.zigbang.com/home/apt/items/49354203
2026-07-03 07:04:13,원룸,49260827,월세,02,경상북도 경산시 사동,경산시,사동,500,31,0,49.59,15.0,2,사ㅣ동ㅣ최ㅣ신ㅣ축ㅣ미ㅣ투,https://www.zigbang.com/home/apt/items/49260827
2026-07-03 07:04:13,원룸,49478438,월세,01,경상북도 경산시 진량읍 대원리,경산시,진량읍,100,24,0,26,7.86,3,소개비무  귀한 방 살기좋은집 엘리베이트있음,https://www.zigbang.com/home/apt/items/49478438
2026-07-03 07:04:13,원룸,49418326,월세,02,경상북도 경산시 진량읍 신제리,경산시,진량읍,300,45,0,40.14,12.14,3,엘리베이터있는 투룸,https://www.zigbang.com/home/apt/items/49418326
2026-07-03 07:04:13,원룸,49319617,월세,02,경상북도 경산시 진량읍 신제리,경산시,진량읍,500,40,0,23.67,7.16,3,신축 풀옵션 정남향 미니투룸,https://www.zigbang.com/home/apt/items/49319617
2026-07-03 07:04:13,원룸,49184060,월세,01,경상북도 경산시 진량읍 신제리,경산시,진량읍,300,33,0,22.05,6.67,2,조용한 신축 풀옵션 원룸,https://www.zigbang.com/home/apt/items/49184060
2026-07-03 07:04:16,원룸,49589496,월세,02,울산시 중구 태화동,중구,태화동,500,44,0,40,12.1,3,위치굿 컨디션굿 깔끔 방1거1  풀옵션 주차가능,https://www.zigbang.com/home/apt/items/49589496
2026-07-03 07:04:16,원룸,49585118,월세,02,울산시 중구 태화동,중구,태화동,300,26,0,29.75,9.0,2,ㅣ월세초저렴 ㅣ깔끔한 주방분리형 ㅣ다운사거리 ㅣ,https://www.zigbang.com/home/apt/items/49585118
2026-07-03 07:04:16,원룸,49581182,월세,02,울산시 중구 다운동,중구,다운동,300,36,0,39.66,12.0,3,ㄴ추천매물 방1 거실 풀옵 서두르세요,https://www.zigbang.com/home/apt/items/49581182
2026-07-03 07:04:16,원룸,49528783,월세,02,울산시 중구 태화동,중구,태화동,300,30,0,29.75,9.0,3,ㄴ귀한매물 방1 분리형 풀옵 다운행정복지센터 도보거리,https://www.zigbang.com/home/apt/items/49528783
2026-07-03 07:04:16,원룸,49521430,월세,02,울산시 중구 태화동,중구,태화동,300,31,0,33,9.98,3,ꯁꯁ 태화동ㅣ관리잘된집ㅣ분리형ㅣ컨디션최고ㅣ가격좋아요,https://www.zigbang.com/home/apt/items/49521430
2026-07-03 07:04:16,원룸,49510914,월세,02,울산시 남구 무거동,남구,무거동,300,30,0,45.46,13.75,2,무거동 신복로터리 준신축급 주방 분리형 원룸 300만30,https://www.zigbang.com/home/apt/items/49510914
2026-07-03 07:04:16,원룸,49487470,월세,02,울산시 중구 태화동,중구,태화동,500,31,0,29.75,9.0,3,귀한매물 방1 분리형 관리잘된집 테크노파크출퇴근 서두르세요,https://www.zigbang.com/home/apt/items/49487470
2026-07-03 07:04:16,원룸,49464978,월세,01,울산시 중구 태화동,중구,태화동,1000,31,0,27.1,8.2,3,깔끔한방 남향 넉넉한 수납공간 풀옵션,https://www.zigbang.com/home/apt/items/49464978
2026-07-03 07:04:16,원룸,49436170,월세,02,울산시 중구 태화동,중구,태화동,300,31,0,30.1,9.11,3,테크노파크인근 분리형  풀옵션 주차굿,https://www.zigbang.com/home/apt/items/49436170
2026-07-03 07:04:16,원룸,49432143,월세,02,울산시 중구 태화동,중구,태화동,300,32,0,29.7,8.98,3,ㅣ깔끔한 방1주방 ㅣ월세저렴 ㅣ날개형 주차ㅣ,https://www.zigbang.com/home/apt/items/49432143
2026-07-03 07:04:16,원룸,49426947,월세,01,울산시 중구 태화동,중구,태화동,500,34,0,36.36,11.0,2,전속매물  태화동 월세 저렴한실매물풀옵션  국가정원인근,https://www.zigbang.com/home/apt/items/49426947
2026-07-03 07:04:16,원룸,49421972,월세,02,울산시 중구 태화동,중구,태화동,1000,31,0,30.12,9.11,3,층고 높고 밝은 방. 오피 느낌. 가성비 좋아요,https://www.zigbang.com/home/apt/items/49421972
2026-07-03 07:04:16,원룸,49347624,월세,01,울산시 남구 무거동,남구,무거동,300,31,0,23.14,7.0,2,무거동 울산대후문 풀옵션  원룸 300만31,https://www.zigbang.com/home/apt/items/49347624
2026-07-03 07:04:16,원룸,49342626,월세,02,울산시 남구 무거동,남구,무거동,500,51,0,52.89,16.0,3,ㅣ방1거실1구조ㅣBig사이즈ㅣ위치짱ㅣ,https://www.zigbang.com/home/apt/items/49342626
2026-07-03 07:04:16,원룸,49335298,월세,02,울산시 남구 무거동,남구,무거동,200,35,0,30.1,9.11,2,분리형 넓은공간 화이트톤 중문0,https://www.zigbang.com/home/apt/items/49335298
2026-07-03 07:04:16,원룸,49326039,월세,01,울산시 남구 무거동,남구,무거동,200,30,0,33.06,10.0,1,무거동 울산대과학대 도보 5분 방 넓은 원룸 200만 30,https://www.zigbang.com/home/apt/items/49326039
2026-07-03 07:04:16,원룸,49321383,월세,01,울산시 남구 무거동,남구,무거동,200,29,0,26.45,8.0,1,ㅣ울과대3분ㅣ가성비갑ㅣ원룸ㅣ,https://www.zigbang.com/home/apt/items/49321383
2026-07-03 07:04:16,원룸,49302970,월세,01,울산시 남구 무거동,남구,무거동,300,31,0,19.83,6.0,3,lll NEW lll 월40만원 관리비와 모든 공과금 포함,https://www.zigbang.com/home/apt/items/49302970
2026-07-03 07:04:17,원룸,49581186,월세,02,경상북도 경주시 외동읍 모화리,경주시,외동읍,100,31,0,29.75,9.0,3,ㄴ최저가매물 2015년식 방1 분리형 실사진 풀옵,https://www.zigbang.com/home/apt/items/49581186
2026-07-03 07:04:17,원룸,49565604,월세,02,울산시 북구 매곡동,북구,매곡동,300,31,0,32,9.68,3,v.실매물.매곡.깔끔. 방1 주방1.,https://www.zigbang.com/home/apt/items/49565604
2026-07-03 07:04:17,원룸,49544915,월세,02,울산시 북구 중산동,북구,중산동,300,40,0,42.98,13.0,2,큰거실ㅣ큰방ㅣ깔끔하고 구조좋게 잘빠진 방,https://www.zigbang.com/home/apt/items/49544915
2026-07-03 07:04:17,원룸,49488322,월세,02,울산시 북구 중산동,북구,중산동,500,49,0,52.89,16.0,3,EV 주차편리. 신축급 풀옵션 방1 거실1,https://www.zigbang.com/home/apt/items/49488322
2026-07-03 07:04:17,원룸,49488010,월세,02,울산시 북구 중산동,북구,중산동,500,49,0,49.59,15.0,3,ㅣ16년 준공ㅣ거실1 방1ㅣ풀옵션ㅣ,https://www.zigbang.com/home/apt/items/49488010
2026-07-03 07:04:17,원룸,49487742,월세,02,울산시 북구 중산동,북구,중산동,500,48,0,52.89,16.0,3,"중문有,거실1방1,,풀옵션 신축",https://www.zigbang.com/home/apt/items/49487742
2026-07-03 07:04:17,원룸,49400937,월세,02,울산시 북구 중산동,북구,중산동,300,41,0,36.36,11.0,2,추천매물 방1거실 실사진 풀옵 주차넉넉 채광굿 선점하세요,https://www.zigbang.com/home/apt/items/49400937
2026-07-03 07:04:17,원룸,49358519,월세,02,경상북도 경주시 외동읍 모화리,경주시,외동읍,100,35,0,28.1,8.5,2,MA 2016년식 분리형 깔끔한방,https://www.zigbang.com/home/apt/items/49358519
2026-07-03 07:04:17,원룸,49541727,월세,02,경상북도 경주시 외동읍 모화리,경주시,외동읍,120,40,0,40.1,12.13,3,MA 방1거실 상당히깔끔 뷰도 좋아요,https://www.zigbang.com/home/apt/items/49541727
2026-07-03 07:04:18,원룸,49557721,월세,02,경상북도 경주시 충효동,경주시,충효동,200,32,0,28,8.47,3,oO 초가성비 1.5룸 Oo 실사진 매물,https://www.zigbang.com/home/apt/items/49557721
2026-07-03 07:04:18,원룸,49459867,월세,02,경상북도 경주시 충효동,경주시,충효동,500,43,0,36.36,11.0,3,oO신축 미투 오피스텔 구조  Oo 엘베ok,https://www.zigbang.com/home/apt/items/49459867
2026-07-03 07:04:18,원룸,49459681,월세,02,경상북도 경주시 충효동,경주시,충효동,200,38,0,38.02,11.5,3,oO 관리우수 미니투룸 Oo 실매물,https://www.zigbang.com/home/apt/items/49459681
2026-07-03 07:04:18,원룸,49404639,월세,02,경상북도 경주시 충효동,경주시,충효동,200,33,0,28.1,8.5,3,oO 깨끗하고 관리우수 Oo 분리형원룸 충효매물 최다보유,https://www.zigbang.com/home/apt/items/49404639
2026-07-03 07:04:18,원룸,49372825,월세,02,경상북도 경주시 충효동,경주시,충효동,200,30,0,29,8.77,3,충효동 가성비원룸 도배새로 출퇴근·통학최적 즉입주추천해요,https://www.zigbang.com/home/apt/items/49372825
2026-07-03 07:04:18,원룸,49348369,월세,02,경상북도 경주시 충효동,경주시,충효동,300,40,0,28,8.47,4,oO 충효동 가장 신축급 Oo 관리우수 실매물,https://www.zigbang.com/home/apt/items/49348369
2026-07-03 07:04:19,원룸,49536828,월세,01,경상북도 경주시 시래동,경주시,시래동,200,30,0,29.75,9.0,4,"단기 가능,,, 한수원 불국사 보문단지 울산 방면",https://www.zigbang.com/home/apt/items/49536828
2026-07-03 07:04:19,원룸,49503070,월세,01,경상북도 경주시 시래동,경주시,시래동,200,30,0,29.75,9.0,2,"한수원,,, 불국사 보문단지 방면",https://www.zigbang.com/home/apt/items/49503070
2026-07-03 07:04:19,원룸,49457762,월세,02,경상북도 경주시 시래동,경주시,시래동,200,32,0,30,9.07,4,원룸공실 임대,https://www.zigbang.com/home/apt/items/49457762
2026-07-03 07:04:19,원룸,49457611,월세,02,경상북도 경주시 시래동,경주시,시래동,300,45,0,56.2,17.0,2,쓰리룸 공실 임대,https://www.zigbang.com/home/apt/items/49457611
2026-07-03 07:04:19,원룸,49457537,월세,01,경상북도 경주시 시래동,경주시,시래동,200,27,0,27,8.17,3,원룸 공실 임대,https://www.zigbang.com/home/apt/items/49457537
2026-07-03 07:04:19,원룸,49205156,월세,02,경상북도 경주시 시래동,경주시,시래동,200,30,0,30,9.07,2,원룸 공실 임대,https://www.zigbang.com/home/apt/items/49205156
2026-07-03 07:04:19,원룸,49541794,월세,02,경상북도 경주시 외동읍 입실리,경주시,외동읍,100,32,0,33.1,10.01,3,MA 분리형 주방큰집 채광0,https://www.zigbang.com/home/apt/items/49541794
2026-07-03 07:04:19,원룸,49457846,월세,02,경상북도 경주시 외동읍 입실리,경주시,외동읍,200,35,0,30,9.07,2,미니투룸 공실 임대,https://www.zigbang.com/home/apt/items/49457846
2026-07-03 07:04:19,원룸,49457684,월세,02,경상북도 경주시 외동읍 입실리,경주시,외동읍,100,32,0,30,9.07,3,원룸 공실 임대,https://www.zigbang.com/home/apt/items/49457684
2026-07-03 07:04:19,원룸,49457515,월세,02,경상북도 경주시 외동읍 입실리,경주시,외동읍,200,45,0,39,11.8,4,쓰리룸공실임대,https://www.zigbang.com/home/apt/items/49457515
2026-07-03 07:04:19,원룸,49245402,월세,02,경상북도 경주시 외동읍 입실리,경주시,외동읍,200,35,0,30,9.07,2,원룸 공실 임대,https://www.zigbang.com/home/apt/items/49245402
2026-07-03 07:04:19,원룸,49457953,월세,02,경상북도 경주시 시래동,경주시,시래동,500,40,0,66.12,20.0,3,쓰리룸 공실임대,https://www.zigbang.com/home/apt/items/49457953
2026-07-03 07:04:19,원룸,49457567,월세,02,경상북도 경주시 구정동,경주시,구정동,200,28,0,27,8.17,2,원룸공실 임대,https://www.zigbang.com/home/apt/items/49457567
2026-07-03 07:04:19,원룸,49457525,월세,02,경상북도 경주시 시래동,경주시,시래동,300,40,0,36,10.89,4,투룸공실 임대,https://www.zigbang.com/home/apt/items/49457525
2026-07-03 07:04:21,원룸,49588878,월세,01,경상북도 성주군 성주읍 경산리,성주군,성주읍,200,28,0,23,6.96,4,"풀옵션,원룸, 즉시가능",https://www.zigbang.com/home/apt/items/49588878
2026-07-03 07:04:21,원룸,49588825,월세,02,경상북도 성주군 성주읍 학산리,성주군,성주읍,200,28,0,23,6.96,4,"산업단지 원룸, 즉시가능, 외국인가능",https://www.zigbang.com/home/apt/items/49588825
2026-07-03 07:04:21,원룸,49588767,월세,01,경상북도 성주군 성주읍 예산리,성주군,성주읍,500,40,0,35,10.59,3,"신축미니투룸,도시가스,즉시가능,엘베있음",https://www.zigbang.com/home/apt/items/49588767
2026-07-03 07:04:21,원룸,49506700,월세,02,경상북도 성주군 성주읍 성산리,성주군,성주읍,300,40,0,35,10.59,2,"성주강변 신축 미니투룸, 도시가스",https://www.zigbang.com/home/apt/items/49506700
2026-07-03 07:04:21,원룸,49492544,월세,01,경상북도 성주군 성주읍 성산리,성주군,성주읍,300,30,0,33,9.98,5,엘리베이터있는 오피스텔형 원룸,https://www.zigbang.com/home/apt/items/49492544
2026-07-03 07:04:21,원룸,49417178,월세,02,경상북도 성주군 성주읍 성산리,성주군,성주읍,500,35,0,46.28,14.0,4,성주시내 남향 미니투룸,https://www.zigbang.com/home/apt/items/49417178
2026-07-03 07:04:22,원룸,49553194,월세,01,경상북도 김천시 부곡동,김천시,부곡동,200,25,0,29.75,9.0,3,부곡동 현대아파트 인근 저렴한 원룸 입니다,https://www.zigbang.com/home/apt/items/49553194
2026-07-03 07:04:22,원룸,49550639,월세,02,경상북도 김천시 부곡동,김천시,부곡동,200,25,0,33,9.98,3,부곡 김천고등 주변 단기 가능한 신축같이 깨끗하고 안전한방,https://www.zigbang.com/home/apt/items/49550639
2026-07-03 07:04:22,원룸,49550152,월세,02,경상북도 김천시 부곡동,김천시,부곡동,300,34,0,41,12.4,2,부곡 가성비 좋은 신축같은 분리형  방방이 분리되어 있음,https://www.zigbang.com/home/apt/items/49550152
2026-07-03 07:04:22,원룸,49550126,월세,01,경상북도 김천시 부곡동,김천시,부곡동,200,25,0,33,9.98,4,부곡 김천고 위치좋은 신축같은 원룸세입자 조건 우선맞춰드림,https://www.zigbang.com/home/apt/items/49550126
2026-07-03 07:04:22,원룸,49425637,월세,01,경상북도 김천시 부곡동,김천시,부곡동,200,25,0,34,10.28,2,실매물인증완료 남향 김천고인근 최신축 주차편리한 풀옵션원룸,https://www.zigbang.com/home/apt/items/49425637
2026-07-03 07:04:22,원룸,49348794,월세,01,경상북도 김천시 부곡동,김천시,부곡동,200,25,0,34,10.28,2,부곡동 김천중.고 인근 초신축 초저가 원룸,https://www.zigbang.com/home/apt/items/49348794
2026-07-03 07:04:22,원룸,49583649,월세,01,경상북도 김천시 지좌동,김천시,지좌동,200,25,0,33,9.98,2,제일저렴하고 좋은방 지좌동 주민센터인근,https://www.zigbang.com/home/apt/items/49583649
2026-07-03 07:04:22,원룸,49550236,월세,01,경상북도 김천시 지좌동,김천시,지좌동,200,25,0,33.06,10.0,3,김천혁신도시 5분 동부초등 인근 바이크게나온 신축같은 원룸,https://www.zigbang.com/home/apt/items/49550236
2026-07-03 07:04:22,원룸,49446388,월세,01,경상북도 김천시 지좌동,김천시,지좌동,200,25,0,33,9.98,3,지좌행정복지센터 바로뒤 깔끔한 최신축 풀옵션 원룸,https://www.zigbang.com/home/apt/items/49446388
2026-07-03 07:04:22,원룸,49446375,월세,01,경상북도 김천시 용두동,김천시,용두동,200,25,0,33,9.98,3,김천황금시장 초인근 최저가 풀옵션 원룸입니다,https://www.zigbang.com/home/apt/items/49446375
2026-07-03 07:04:22,원룸,49553245,월세,01,경상북도 김천시 삼락동,김천시,삼락동,150,23,0,26.45,8.0,1,김천대학교 인근.후문쪽 깔끔한 원룸 입니다,https://www.zigbang.com/home/apt/items/49553245
2026-07-03 07:04:22,원룸,49550716,월세,01,경상북도 김천시 삼락동,김천시,삼락동,100,21,0,33,9.98,1,찐매물 김천대보건대 월세조정협의가능 풀옵션 신축같은원룸,https://www.zigbang.com/home/apt/items/49550716
2026-07-03 07:04:22,원룸,49550689,월세,01,경상북도 김천시 삼락동,김천시,삼락동,100,22,0,33,9.98,2,김천대 보건대 대학생전용원룸 리모델링된 화이트톤 풀옵션원룸,https://www.zigbang.com/home/apt/items/49550689
2026-07-03 07:04:22,원룸,49550364,월세,01,경상북도 김천시 삼락동,김천시,삼락동,100,20,0,33,9.98,1,김천대 보건대 인근 단기계약 가능한 풀옵션 신축같은 원룸,https://www.zigbang.com/home/apt/items/49550364
2026-07-03 07:04:22,원룸,49547256,월세,01,경상북도 김천시 삼락동,김천시,삼락동,100,20,0,30,9.07,2,김대 보건대 자취방 최저가 풀옵션 원룸 햇살가득해요,https://www.zigbang.com/home/apt/items/49547256
2026-07-03 07:04:22,원룸,49533929,월세,01,경상북도 김천시 삼락동,김천시,삼락동,100,20,0,30,9.07,2,실매물보장 김천대 자취방 후문 바로옆 최저가 풀옵션 원룸,https://www.zigbang.com/home/apt/items/49533929
2026-07-03 07:04:22,원룸,49533796,월세,01,경상북도 김천시 부곡동,김천시,부곡동,200,25,0,33,9.98,3,부곡 맛고을내 최저가 풀옵션 까끔한 원룸,https://www.zigbang.com/home/apt/items/49533796
2026-07-03 07:04:22,원룸,49533785,월세,01,경상북도 김천시 삼락동,김천시,삼락동,100,20,0,30,9.07,2,김천대 후문 관리잘된 최저가 풀옵션 깔끔한 원룸,https://www.zigbang.com/home/apt/items/49533785
2026-07-03 07:04:22,원룸,49533741,월세,01,경상북도 김천시 다수동,김천시,다수동,100,20,0,33,9.98,3,다수초등학교 초인근 최저가 풀옵션 원룸입니다,https://www.zigbang.com/home/apt/items/49533741
2026-07-03 07:04:22,원룸,49451940,월세,01,경상북도 김천시 삼락동,김천시,삼락동,200,27,0,40,12.1,2,완전 최신축 이쁜 다있는 올인원풀옵션 몸만들어오면되는 원룸,https://www.zigbang.com/home/apt/items/49451940
2026-07-03 07:04:22,원룸,49451817,월세,01,경상북도 김천시 삼락동,김천시,삼락동,100,20,0,30,9.07,2,"김대,보건대 도보3분거리 최신축 올인원풀옵션 원룸몸만오세요",https://www.zigbang.com/home/apt/items/49451817
2026-07-03 07:04:22,원룸,49446380,월세,01,경상북도 김천시 삼락동,김천시,삼락동,200,22,0,33,9.98,3,교동 법원 바로앞 조용하고 깨끗한 최저가 풀옵션 원룸,https://www.zigbang.com/home/apt/items/49446380
2026-07-03 07:04:22,원룸,49425691,월세,01,경상북도 김천시 부곡동,김천시,부곡동,200,25,0,34,10.28,2,최신축 김고인근 대학생추천 상권좋고 살기좋은 풀옵션 원룸,https://www.zigbang.com/home/apt/items/49425691
2026-07-03 07:04:23,원룸,49583634,월세,01,경상북도 김천시 남면 봉천리,김천시,남면,200,24,0,33,9.98,2,단기가능 김천혁신도시인근 한전기술마을 풀옵션 원룸월세,https://www.zigbang.com/home/apt/items/49583634
2026-07-03 07:04:23,원룸,49583596,월세,01,경상북도 김천시 아포읍 국사리,김천시,아포읍,200,19,0,33,9.98,2,최저가 원룸 아포읍 국사리 덕일한마음아파트인근 원룸,https://www.zigbang.com/home/apt/items/49583596
2026-07-03 07:04:25,원룸,49291311,월세,02,대구시 서구 내당동,서구,내당동,200,20,0,30.4,9.2,2,ꖛ내당역 ꖛ화이트톤 ꖛ풀옵션 ꖛ신평리시장,https://www.zigbang.com/home/apt/items/49291311
2026-07-03 07:04:25,원룸,49290622,월세,02,대구시 서구 내당동,서구,내당동,300,23,0,39.67,12.0,3,"풀옵션 투베이구조, 방1大, 주방겸거실,남향",https://www.zigbang.com/home/apt/items/49290622
2026-07-03 07:04:25,원룸,49273573,월세,02,대구시 서구 내당동,서구,내당동,200,23,0,21.24,6.43,2,내당동 신축 올리모델링 바로입주 분리형 풀옵션,https://www.zigbang.com/home/apt/items/49273573
2026-07-03 07:04:25,원룸,49265825,월세,01,대구시 서구 내당동,서구,내당동,100,17,0,13.25,4.01,2,vV실사진 가격절충Vv 가성비 좋음 침대 등 풀옵션 원룸,https://www.zigbang.com/home/apt/items/49265825
2026-07-03 07:04:25,원룸,49249266,월세,02,대구시 서구 내당동,서구,내당동,100,21,0,29.65,8.97,2,내당역 인근 평수 큰 화이트톤 풀옵션 분리형원룸,https://www.zigbang.com/home/apt/items/49249266
2026-07-03 07:04:25,원룸,49245506,월세,02,대구시 서구 비산동,서구,비산동,400,25,0,36.36,11.0,3,"방이 아주크고, 주방공간도 아주넓은 풀옵션 원룸",https://www.zigbang.com/home/apt/items/49245506
2026-07-03 07:04:25,원룸,49241065,월세,01,대구시 서구 내당동,서구,내당동,100,14,0,18.55,5.61,2,vV실사진 가격절충Vv  저렴한월세 도배완료,https://www.zigbang.com/home/apt/items/49241065
2026-07-03 07:04:25,원룸,49240069,월세,02,대구시 서구 내당동,서구,내당동,200,25,0,29.93,9.05,2,엘베 붙박이장 TV 신축 역세권 방大 분리형 원룸,https://www.zigbang.com/home/apt/items/49240069
2026-07-03 07:04:25,원룸,49225573,월세,02,대구시 서구 중리동,서구,중리동,200,20,0,25.06,7.58,2,HOT . 중리동풀옵션 분리형원룸 . 화이트톤 . 인기만점,https://www.zigbang.com/home/apt/items/49225573
2026-07-03 07:04:25,원룸,49222281,월세,02,대구시 서구 내당동,서구,내당동,200,20,0,26.4,7.99,2,내당역 v초역세권v화이트그레이v준신축v풀옵션v엘베있는집v,https://www.zigbang.com/home/apt/items/49222281
2026-07-03 07:04:25,원룸,49165856,월세,02,대구시 서구 내당동,서구,내당동,100,19,0,27,8.17,2,내당역 바로 앞 풀옵션 붙박이장 햇살최고가득 즉시입주가능,https://www.zigbang.com/home/apt/items/49165856
2026-07-03 07:04:25,원룸,49559061,월세,01,대구시 동구 불로동,동구,불로동,300,23,0,28,8.47,2,이시아폴리스인접 중문 분리형 풀옵,https://www.zigbang.com/home/apt/items/49559061
2026-07-03 07:04:25,원룸,49549206,월세,01,대구시 동구 불로동,동구,불로동,200,20,0,27.5,8.32,2,VV불로동V싸고V깔끔한 원룸V풀옵션V가성비 최고VV,https://www.zigbang.com/home/apt/items/49549206
2026-07-03 07:04:25,원룸,49548861,월세,01,대구시 동구 불로동,동구,불로동,200,18,0,26.44,8.0,2,VV불로시장V싸고V깔끔한 원룸V풀옵션V가성비 좋은 집VV,https://www.zigbang.com/home/apt/items/49548861
2026-07-03 07:04:25,원룸,49548591,월세,01,대구시 북구 검단동,북구,검단동,100,15,0,26.44,8.0,2,VV검단동V싸고V큰방V풀옵션V착한 가격VV,https://www.zigbang.com/home/apt/items/49548591
2026-07-03 07:04:25,원룸,49548078,월세,01,대구시 동구 불로동,동구,불로동,200,22,0,27.5,8.32,2,VV관리잘된V깔끔한 원룸V예쁜방V풀옵션V안전한 위치VV,https://www.zigbang.com/home/apt/items/49548078
2026-07-03 07:04:25,원룸,49547971,월세,01,대구시 동구 불로동,동구,불로동,300,25,0,27.5,8.32,3,VV신축급V관리잘된V깔끔한 원룸V풀옵션V햇살 가득VV,https://www.zigbang.com/home/apt/items/49547971
2026-07-03 07:04:25,원룸,49547017,월세,01,대구시 동구 불로동,동구,불로동,100,17,0,23.14,7.0,2,VV불로시장V싼방V풀옵션V깔끔VV,https://www.zigbang.com/home/apt/items/49547017
2026-07-03 07:04:25,원룸,49537556,월세,02,대구시 동구 불로동,동구,불로동,200,30,0,40,12.1,3,주차편리 엘리베이터 완전큰사이즈 TV,https://www.zigbang.com/home/apt/items/49537556
2026-07-03 07:04:25,원룸,49532907,월세,02,대구시 동구 불로동,동구,불로동,500,30,0,39,11.8,2,"허위제로I대형투룸, 화이트톤 넓은거실과 방, 풀옵션입니다.",https://www.zigbang.com/home/apt/items/49532907
2026-07-03 07:04:25,원룸,49423167,월세,02,대구시 동구 불로동,동구,불로동,500,30,0,39,11.8,4,"허위제로ㅣ대형사이즈 투룸, 거실과 방, 중문 있고 풀옵션",https://www.zigbang.com/home/apt/items/49423167
2026-07-03 07:04:25,원룸,49405018,월세,01,대구시 동구 불로동,동구,불로동,200,20,0,26,7.86,2,"허위제로I 이시아폴리스 최인접, 주방분리에 풀옵션 원룸",https://www.zigbang.com/home/apt/items/49405018
2026-07-03 07:04:25,원룸,49390066,월세,01,대구시 동구 불로동,동구,불로동,300,30,0,18.15,5.49,3,착한가격 오피스텔느낌 신축 풀옵션 엘리베이터,https://www.zigbang.com/home/apt/items/49390066
2026-07-03 07:04:25,원룸,49365427,월세,02,대구시 동구 불로동,동구,불로동,200,30,0,42,12.7,2,"허위제로ㅣ엘리베이터 있는 대형투룸, 넓은거실과 방, 풀옵션",https://www.zigbang.com/home/apt/items/49365427
2026-07-03 07:04:25,원룸,49049117,월세,02,대구시 북구 읍내동,북구,읍내동,200,24,0,30,9.07,4,엘리베이터 가성비최고 준신축급 분리형원룸,https://www.zigbang.com/home/apt/items/49049117
2026-07-03 07:04:25,원룸,49048834,월세,01,대구시 북구 태전동,북구,태전동,100,13,0,30,9.07,1,보건과학대 신축 가성비 첫입주 직장인 학생분들 대환영,https://www.zigbang.com/home/apt/items/49048834
2026-07-03 07:04:25,원룸,49025393,월세,01,대구시 북구 태전동,북구,태전동,200,23,0,28,8.47,2,2층 화이트 풀옵션 인기 학교바로앞 즉시입주가능,https://www.zigbang.com/home/apt/items/49025393
2026-07-03 07:04:25,원룸,49024690,월세,02,대구시 북구 태전동,북구,태전동,200,17,0,30,9.07,4,구암역인근 가성비 구조좋은 분리형 원룸,https://www.zigbang.com/home/apt/items/49024690
2026-07-03 07:04:25,원룸,48890990,월세,02,대구시 북구 태전동,북구,태전동,200,25,0,28,8.47,3,"태전역도보,보건대인근 신축급 화이트톤 풀옵션 인기방",https://www.zigbang.com/home/apt/items/48890990
2026-07-03 07:04:25,원룸,48679862,월세,02,대구시 북구 태전동,북구,태전동,100,13,0,20,6.05,1,수리완료 분리형 원룸,https://www.zigbang.com/home/apt/items/48679862
2026-07-03 07:04:25,원룸,48638521,월세,02,대구시 북구 태전동,북구,태전동,100,19,0,30,9.07,2,올리모델링 화이트 원룸,https://www.zigbang.com/home/apt/items/48638521
2026-07-03 07:04:25,원룸,48595384,월세,01,대구시 북구 읍내동,북구,읍내동,100,19,0,30,9.07,2,칠곡3지구 홈플러스인근 가성비 원룸,https://www.zigbang.com/home/apt/items/48595384
2026-07-03 07:04:25,원룸,48572455,월세,02,대구시 북구 태전동,북구,태전동,100,12,0,25,7.56,2,구암역인근 풀옵션 깔끔원룸,https://www.zigbang.com/home/apt/items/48572455
2026-07-03 07:04:25,원룸,48471814,월세,02,대구시 북구 태전동,북구,태전동,200,22,0,30,9.07,2,태전역인근 깔끔 주방분리 1.5룸,https://www.zigbang.com/home/apt/items/48471814
2026-07-03 07:04:13,원룸,49325266,월세,02,경상북도 경산시 조영동,경산시,조영동,50,13,0,26.45,8.0,1,OO친절OO최저가원룸OO공영주차인근OO풀옵션OO살기좋은,https://www.zigbang.com/home/apt/items/49325266
2026-07-03 07:04:13,원룸,49314260,월세,01,경상북도 경산시 임당동,경산시,임당동,200,23,0,33.06,10.0,2,올ㅣ수ㅣ리ㅣ화ㅣ이ㅣ트ㅣ,https://www.zigbang.com/home/apt/items/49314260
2026-07-03 07:04:13,원룸,49272228,월세,02,경상북도 경산시 압량읍 부적리,경산시,압량읍,300,50,0,50,15.12,2,REAL ㅣ월풀 ㅣ칵테일바,https://www.zigbang.com/home/apt/items/49272228
2026-07-03 07:04:13,원룸,49261753,월세,02,경상북도 경산시 조영동,경산시,조영동,100,18,0,29.75,9.0,3,ㅣ원룸왕 ㅣ6월5일ㅡㅣ남.향.원.룸ㅣ,https://www.zigbang.com/home/apt/items/49261753
2026-07-03 07:04:13,원룸,49260790,월세,02,경상북도 경산시 압량읍 부적리,경산시,압량읍,300,36,0,49.59,15.0,2,신ㅣ축ㅣ넓ㅣ은ㅣ거ㅣ실,https://www.zigbang.com/home/apt/items/49260790
2026-07-03 07:04:13,원룸,49177765,월세,02,경상북도 경산시 압량읍 부적리,경산시,압량읍,1000,35,0,40,12.1,2,ㅣLOVE HOUSEㅣ준신축 미니투룸ㅣ,https://www.zigbang.com/home/apt/items/49177765
2026-07-03 07:04:32,원룸,49589542,월세,01,경상북도 구미시 선산읍 동부리,구미시,선산읍,200,20,0,33.06,10.0,2,선산읍 중심지역 원룸,https://www.zigbang.com/home/apt/items/49589542
2026-07-03 07:04:32,원룸,49589531,월세,02,경상북도 구미시 선산읍 동부리,구미시,선산읍,300,30,0,39.67,12.0,2,선산 중심지역 미니투룸,https://www.zigbang.com/home/apt/items/49589531
2026-07-03 07:04:32,원룸,49410630,월세,01,경상북도 구미시 선산읍 교리,구미시,선산읍,200,18,0,33.06,10.0,2,선산교리 원룸 엘베있음,https://www.zigbang.com/home/apt/items/49410630
2026-07-03 07:04:41,원룸,49486651,전세,01,경상북도 경산시 하양읍 부호리,경산시,하양읍,5000,0,0,26.45,8.0,3,"경일대,호산대 앞 신축급 좋은 집",https://www.zigbang.com/home/apt/items/49486651
2026-07-03 07:04:42,원룸,49487265,월세,02,경상북도 경산시 하양읍 부호리,경산시,하양읍,30,30,0,26.45,8.0,3,경일대 1분거리 최신축 선착순,https://www.zigbang.com/home/apt/items/49487265
2026-07-03 07:04:28,원룸,49363139,월세,01,경상북도 구미시 인의동,구미시,인의동,100,13,0,33.06,10.0,2,"버스종점인근, 화이트톤 올리모델링 가성비원룸",https://www.zigbang.com/home/apt/items/49363139
2026-07-03 07:04:28,원룸,49292880,월세,02,경상북도 구미시 인의동,구미시,인의동,300,26,0,42.98,13.0,4,"경운대 차고지 인근, 미니투룸 고급형 올리모델링",https://www.zigbang.com/home/apt/items/49292880
2026-07-03 07:04:28,원룸,49290534,월세,02,경상북도 구미시 인의동,구미시,인의동,200,30,0,43,13.01,3,"경운대 버스종점,인동차고지 인근,고급형올리모델링 미니투룸",https://www.zigbang.com/home/apt/items/49290534
2026-07-03 07:04:28,원룸,49281212,월세,02,경상북도 구미시 인의동,구미시,인의동,300,25,0,45,13.61,3,A올리모델링ㅣ즉시입주ㅣ깔끔한 미투.최상의 컨디션A,https://www.zigbang.com/home/apt/items/49281212
2026-07-03 07:04:28,원룸,49266982,월세,01,경상북도 구미시 인의동,구미시,인의동,200,23,0,33.06,10.0,2,심플한인테리어에 방넓고 채광좋은 리모델링 원룸입니다.,https://www.zigbang.com/home/apt/items/49266982
2026-07-03 07:04:28,원룸,49176697,월세,01,경상북도 구미시 인의동,구미시,인의동,100,11,0,33.06,10.0,2,"차고지인근, 화장실 올리모델링, 깔끔한 가성비 최고 원룸",https://www.zigbang.com/home/apt/items/49176697
2026-07-03 07:04:28,원룸,49022952,월세,01,경상북도 구미시 황상동,구미시,황상동,50,8,0,30,9.07,4,인동정류장 3분거리 깔끔한 원룸,https://www.zigbang.com/home/apt/items/49022952
2026-07-03 07:04:43,원룸,49457088,월세,01,경상북도 경산시 진량읍 평사리(平沙),경산시,진량읍,20,330,0,24,7.26,4,대구대원룸임대,https://www.zigbang.com/home/apt/items/49457088
2026-07-03 07:04:43,원룸,49456841,월세,01,경상북도 경산시 진량읍 평사리(坪沙),경산시,진량읍,20,260,0,25,7.56,1,대구대 인근 가성비졸은 원룸,https://www.zigbang.com/home/apt/items/49456841
2026-07-03 07:04:43,원룸,49456799,월세,02,경상북도 경산시 진량읍 내리리,경산시,진량읍,30,500,0,30,9.07,2,대구대 인근 분리된미니투룸,https://www.zigbang.com/home/apt/items/49456799
2026-07-03 07:04:43,원룸,49456778,전세,02,경상북도 경산시 진량읍 내리리,경산시,진량읍,5000,0,0,27,8.17,2,대구대 원룸임대,https://www.zigbang.com/home/apt/items/49456778
2026-07-03 07:04:43,원룸,49456752,월세,01,경상북도 경산시 진량읍 평사리(坪沙),경산시,진량읍,20,450,0,25,7.56,2,대구대인근 신축원룸,https://www.zigbang.com/home/apt/items/49456752
2026-07-03 07:04:43,원룸,49450170,월세,02,경상북도 경산시 진량읍 평사리(坪沙),경산시,진량읍,20,430,0,26.45,8.0,3,ㄱ대구대 포시즌..원룸촌정중앙 위치짱..최신축풀옵션 시설짱,https://www.zigbang.com/home/apt/items/49450170
2026-07-03 07:04:43,원룸,49447324,월세,02,경상북도 경산시 진량읍 내리리,경산시,진량읍,20,420,0,23.14,7.0,4,ㄱ대구대 두두빌 원룸미투..정문종점앞 엘베 리뉴얼 도시가스,https://www.zigbang.com/home/apt/items/49447324
2026-07-03 07:04:43,원룸,49447086,월세,02,경상북도 경산시 진량읍 평사리(坪沙),경산시,진량읍,20,270,0,23.14,7.0,3,ㄱ대구대 그린하트 도시가스원룸..침대교체 위치짱가격짱관리짱,https://www.zigbang.com/home/apt/items/49447086
2026-07-03 07:04:43,원룸,49446998,월세,02,경상북도 경산시 진량읍 평사리(坪沙),경산시,진량읍,20,250,0,19.83,6.0,3,ㄱ대구대 한림 원룸..최고밀집 최저가격..26년6월도시가스,https://www.zigbang.com/home/apt/items/49446998
2026-07-03 07:04:43,원룸,49446955,월세,02,경상북도 경산시 진량읍 평사리(平沙),경산시,진량읍,20,170,0,23.14,7.0,반지하,"ㄱ대구대 우리빌 가격짱 주인짱..큰방,큰주방 취사용가스무료",https://www.zigbang.com/home/apt/items/49446955
2026-07-03 07:04:43,원룸,49284351,월세,01,경상북도 경산시 진량읍 평사리(平沙),경산시,진량읍,20,430,0,24,7.26,4,대구대 인근 원룸,https://www.zigbang.com/home/apt/items/49284351
2026-07-03 07:04:43,원룸,49283954,월세,01,경상북도 경산시 진량읍 평사리(坪沙),경산시,진량읍,20,260,0,27,8.17,2,대구대인근 원룸,https://www.zigbang.com/home/apt/items/49283954
2026-07-03 07:04:43,원룸,49586859,월세,02,경상북도 영천시 문외동,영천시,문외동,300,30,0,26,7.86,4,시청인근 원룸 ㅇ 삼산아파트옆,https://www.zigbang.com/home/apt/items/49586859
2026-07-03 07:04:43,원룸,49574097,월세,02,경상북도 영천시 완산동,영천시,완산동,300,30,0,30,9.07,4,"전기차충천o 영천역 부근 , 즉시입주, 풀옵션원룸",https://www.zigbang.com/home/apt/items/49574097
2026-07-03 07:04:43,원룸,49574024,월세,02,경상북도 영천시 문내동,영천시,문내동,300,30,0,30,9.07,4,풀옵션웜룸. 채광.환기좋음 . 신축급컨디션 중앙초 후문,https://www.zigbang.com/home/apt/items/49574024
2026-07-03 07:04:43,원룸,49573772,월세,02,경상북도 영천시 문내동,영천시,문내동,200,29,0,30,9.07,2,즉시입주 원룸 주차편리. 풀옵션 . 즉시입주,https://www.zigbang.com/home/apt/items/49573772
2026-07-03 07:04:43,원룸,49540102,월세,02,경상북도 영천시 문내동,영천시,문내동,300,30,0,27,8.17,4,문외동 중앙초 후문 원룸,https://www.zigbang.com/home/apt/items/49540102
2026-07-03 07:04:43,원룸,49534121,월세,02,경상북도 영천시 문내동,영천시,문내동,300,30,0,26,7.86,2,문내동원룸 I 영천시보건소인근,https://www.zigbang.com/home/apt/items/49534121
2026-07-03 07:04:43,원룸,49519886,월세,02,경상북도 영천시 교촌동,영천시,교촌동,300,30,0,35,10.59,3,교촌동미니투룸 I 영천시평생교육원인근,https://www.zigbang.com/home/apt/items/49519886
2026-07-03 07:04:43,원룸,49519805,월세,01,경상북도 영천시 문내동,영천시,문내동,200,27,0,23,6.96,3,문내동 미니원룸 I 중앙초등학교 인근,https://www.zigbang.com/home/apt/items/49519805
2026-07-03 07:04:43,원룸,49487081,월세,02,경상북도 영천시 창구동,영천시,창구동,300,32,0,33,9.98,4,창구동 법원 인근 미니투룸,https://www.zigbang.com/home/apt/items/49487081
2026-07-03 07:04:43,원룸,49272565,월세,02,경상북도 영천시 금노동,영천시,금노동,300,30,0,27,8.17,3,금노동 터미널 근처 원룸,https://www.zigbang.com/home/apt/items/49272565
2026-07-03 07:04:43,원룸,49272414,월세,02,경상북도 영천시 문내동,영천시,문내동,300,30,0,27,8.17,2,문외동 도서관 인근 원룸,https://www.zigbang.com/home/apt/items/49272414
2026-07-03 07:04:45,원룸,49467651,전세,01,경상북도 경주시 석장동,경주시,석장동,3700,0,0,26,7.86,3,동국대 도보 1분 풀옵션 대학가  원룸 전세,https://www.zigbang.com/home/apt/items/49467651
2026-07-03 07:04:46,원룸,49579240,월세,01,경상북도 경주시 용강동,경주시,용강동,200,30,0,29.75,9.0,1,"비교적 넓은방,,,마트 버스 정류장 도보 가능",https://www.zigbang.com/home/apt/items/49579240
2026-07-03 07:04:46,원룸,49568833,월세,01,경상북도 경주시 용강동,경주시,용강동,200,25,0,30,9.07,1,주방분리형원룸 심야전기,https://www.zigbang.com/home/apt/items/49568833
2026-07-03 07:04:46,원룸,49567815,월세,02,경상북도 경주시 용강동,경주시,용강동,300,38,0,39.67,12.0,3,ㅡ신축ㅡ엘베ㅡ주차최고ㅡ,https://www.zigbang.com/home/apt/items/49567815
2026-07-03 07:04:46,원룸,49457668,월세,01,경상북도 경주시 용강동,경주시,용강동,200,25,0,29.75,9.0,1,"저렴한 월세,,,보건소 시청 도보 가능",https://www.zigbang.com/home/apt/items/49457668
2026-07-03 07:04:46,원룸,49450844,월세,02,경상북도 경주시 황성동,경주시,황성동,300,48,0,50,15.12,2,ㅡ방1거실ㅡ주차편리ㅡ밝은방ㅡ,https://www.zigbang.com/home/apt/items/49450844
2026-07-03 07:04:46,원룸,49428313,월세,01,경상북도 경주시 용강동,경주시,용강동,1500,20,0,30,9.07,3,"시청,보건소 도보가능 즉시입주",https://www.zigbang.com/home/apt/items/49428313
2026-07-03 07:04:46,원룸,49404793,월세,02,경상북도 경주시 용강동,경주시,용강동,300,38,0,30,9.07,2,oO넓은분리형원룸Oo분리형원룸,https://www.zigbang.com/home/apt/items/49404793
2026-07-03 07:04:46,원룸,49353114,월세,02,경상북도 경주시 용강동,경주시,용강동,200,38,0,49.59,15.0,2,"방1 거실,,,보건소 시청 도보 가능",https://www.zigbang.com/home/apt/items/49353114
2026-07-03 07:04:47,원룸,49589105,월세,01,경상북도 경주시 강동면 유금리,경주시,강동면,200,25,0,26.45,8.0,4,위덕대 인근 풀옵션 원룸,https://www.zigbang.com/home/apt/items/49589105
2026-07-03 07:04:47,원룸,49581011,월세,02,경상북도 포항시 남구 연일읍 유강리,포항시 남구,연일읍,300,40,0,29.75,9.0,4,ㅡ포항공대인근ㅡ1.5분리형원룸ㅡ깨끗하고 관리 잘되는 건물,https://www.zigbang.com/home/apt/items/49581011
2026-07-03 07:04:47,원룸,49581009,월세,02,경상북도 포항시 남구 효자동,포항시 남구,효자동,300,40,0,26.45,8.0,2,ㅡ풀옵션원룸ㅡ포항공대 가까운거리ㅡ관리잘되는집,https://www.zigbang.com/home/apt/items/49581009
2026-07-03 07:04:47,원룸,49497270,월세,02,경상북도 포항시 남구 효자동,포항시 남구,효자동,500,38,0,26.45,8.0,3,ㅡ포항공대인근ㅡ풀옵션 원룸ㅡ깨끗한방ㅡ,https://www.zigbang.com/home/apt/items/49497270
2026-07-03 07:04:48,원룸,49284187,월세,02,경상북도 포항시 북구 흥해읍 옥성리,포항시 북구,흥해읍,200,33,0,43,13.01,2,미니투룸.동부청사5분.선린대1정거장.초곡5분.주차공간많음,https://www.zigbang.com/home/apt/items/49284187
2026-07-03 07:04:48,원룸,49284160,월세,01,경상북도 포항시 북구 흥해읍 옥성리,포항시 북구,흥해읍,300,35,0,33.06,10.0,1,원룸월세.단기가능.ktx5분분.초곡현장3분거리.생활권좋은곳,https://www.zigbang.com/home/apt/items/49284160
2026-07-03 07:04:48,원룸,49284149,월세,02,경상북도 포항시 북구 흥해읍 중성리,포항시 북구,흥해읍,300,35,0,40,12.1,1,흥해시장인근.에코프로7분.포항역5분.초곡3분.정남향,https://www.zigbang.com/home/apt/items/49284149
2026-07-03 07:04:48,원룸,49295489,월세,01,경상북도 포항시 북구 흥해읍 초곡리,포항시 북구,흥해읍,300,35,0,26.45,8.0,2,ㅡ전 세 가 능 ㅡ초곡 선린대 바로앞 원룸,https://www.zigbang.com/home/apt/items/49295489
2026-07-03 07:04:51,원룸,49575335,월세,02,경상북도 안동시 용상동,안동시,용상동,300,29,0,35,10.59,4,NEW용상 준신축 그레이모노톤 분리형 원룸 선점하세용,https://www.zigbang.com/home/apt/items/49575335
2026-07-03 07:04:51,원룸,49469876,월세,02,경상북도 안동시 용상동,안동시,용상동,300,29,0,30,9.07,3,용상동 깔끔한 원룸 월세,https://www.zigbang.com/home/apt/items/49469876
2026-07-03 07:04:51,원룸,49442193,월세,02,경상북도 안동시 용상동,안동시,용상동,300,29,0,35,10.59,3,NEW준신축  즉시 입주가능 엘베  강변인접 구안동병원인근,https://www.zigbang.com/home/apt/items/49442193
2026-07-03 07:04:51,원룸,49329747,월세,02,경상북도 안동시 용상동,안동시,용상동,500,41,0,49.59,15.0,3,엘베ok 용상동3주공 인근 미니투룸 월세,https://www.zigbang.com/home/apt/items/49329747
2026-07-03 07:04:51,원룸,49318938,월세,02,경상북도 안동시 용상동,안동시,용상동,500,41,0,40,12.1,3,용상동 엘베 있고 조용한 주택가 인근에 위치한 미니 투룸,https://www.zigbang.com/home/apt/items/49318938
2026-07-03 07:04:51,원룸,49518439,월세,02,경상북도 안동시 옥동,안동시,옥동,300,28,0,35,10.59,2,옥동 우체국인근 그레이 모노톤의 깔끔한 도배,https://www.zigbang.com/home/apt/items/49518439
2026-07-03 07:04:51,원룸,49438687,월세,02,경상북도 안동시 태화동,안동시,태화동,500,51,0,49.59,15.0,3,1 강변대로변 인근 파스텔톤 이쁜 정투룸,https://www.zigbang.com/home/apt/items/49438687
2026-07-03 07:06:04,원룸,49549468,월세,01,인천시 영종구 운서동,영종구,운서동,300,25,0,50.16,15.17,9,무료셔틀버스 인천공항 및 화물터미널 운행,https://www.zigbang.com/home/apt/items/49549468
2026-07-03 07:06:04,원룸,49549441,월세,04,인천시 영종구 운서동,영종구,운서동,500,45,0,83.6,25.29,12,"방, 거실 분리 구조 분양25평 무료셔틀버스 운행",https://www.zigbang.com/home/apt/items/49549441
2026-07-03 07:06:04,원룸,49549415,월세,01,인천시 영종구 운서동,영종구,운서동,300,27,0,64.72,19.58,저,"엘지에클라트 서향,  무료셔틀버스 운행",https://www.zigbang.com/home/apt/items/49549415
2026-07-03 07:06:04,원룸,49524829,월세,01,인천시 영종구 운서동,영종구,운서동,300,35,0,25,7.56,9,10평대 넓은 원룸 .애완동물가능,https://www.zigbang.com/home/apt/items/49524829
2026-07-03 07:06:04,원룸,49362519,월세,01,인천시 영종구 운서동,영종구,운서동,300,25,0,54.39,16.45,10,무료셔틀버스 운행,https://www.zigbang.com/home/apt/items/49362519
2026-07-03 07:06:04,원룸,49285249,월세,01,인천시 영종구 운서동,영종구,운서동,1000,80,0,112.39,34.0,5,인천공항공사 바로앞 국제업무단지 오피스,https://www.zigbang.com/home/apt/items/49285249
2026-07-03 07:06:05,원룸,49578079,월세,02,인천시 영종구 중산동,영종구,중산동,500,50,0,57.97,17.54,10,"신축, 1.5룸, 수납 공간과 공간 분리 최상의 호실",https://www.zigbang.com/home/apt/items/49578079
2026-07-03 07:06:05,원룸,49572719,월세,04,인천시 영종구 중산동,영종구,중산동,1000,85,0,35,10.59,20,오션뷰 신축 . 투룸 . 전입가능 . 풀옵션,https://www.zigbang.com/home/apt/items/49572719
2026-07-03 07:06:05,원룸,49555854,월세,02,인천시 영종구 중산동,영종구,중산동,500,62,0,39.67,12.0,19,대각선 바다뷰 남서향신축 1.5  분리형.전입가능,https://www.zigbang.com/home/apt/items/49555854
2026-07-03 07:06:05,원룸,49550967,월세,04,인천시 영종구 중산동,영종구,중산동,800,65,0,54.04,16.35,14,"귀한투룸, 빠른 입주, 남동향, 오션뷰, 부가세별도, 공실",https://www.zigbang.com/home/apt/items/49550967
2026-07-03 07:06:05,원룸,49550848,월세,03,인천시 영종구 중산동,영종구,중산동,300,40,0,40.92,12.38,20,"복층형 원룸, 공간감 좋고 탁트인 시티뷰, 단기 가능",https://www.zigbang.com/home/apt/items/49550848
2026-07-03 07:06:05,원룸,49415547,월세,04,인천시 영종구 중산동,영종구,중산동,1000,85,0,77.66,23.49,5,"K전입가능, 귀한투룸, 오션뷰, 사진은 이미지컷",https://www.zigbang.com/home/apt/items/49415547
2026-07-03 07:06:05,원룸,49370607,월세,04,인천시 영종구 중산동,영종구,중산동,1000,70,0,45,13.61,6,신축 바다뷰투룸 .주차무료,https://www.zigbang.com/home/apt/items/49370607
2026-07-03 07:06:05,원룸,49318731,월세,01,인천시 영종구 운남동,영종구,운남동,300,26,0,23.14,7.0,1,ㅡluckyㅡ 가성비 너무 좋은 원룸 소개드려요,https://www.zigbang.com/home/apt/items/49318731
2026-07-03 07:06:05,원룸,49318713,월세,01,인천시 영종구 운남동,영종구,운남동,200,32,0,19.83,6.0,2,ㅡluckyㅡ 5개월 단기 가능,https://www.zigbang.com/home/apt/items/49318713
2026-07-03 07:06:05,원룸,49312561,월세,02,인천시 영종구 운남동,영종구,운남동,300,40,0,28,8.47,3,귀한 1.5룸 바로 나갑니다 위치좋고 주방도 넓어요,https://www.zigbang.com/home/apt/items/49312561
2026-07-03 07:06:05,원룸,49297220,월세,01,인천시 영종구 운남동,영종구,운남동,200,25,0,23.14,7.0,2,ꙨꙻoꙨꙻ 인테리어 너무 이쁜 중문있는 원룸 ꙨꙻoꙨꙻ,https://www.zigbang.com/home/apt/items/49297220
2026-07-03 07:06:05,원룸,49290654,월세,01,인천시 영종구 운남동,영종구,운남동,200,23,0,21.49,6.5,1,아묻따 최저가 쾌적한 원룸,https://www.zigbang.com/home/apt/items/49290654
2026-07-03 07:06:05,원룸,49286320,월세,01,인천시 영종구 운남동,영종구,운남동,150,18,0,19.83,6.0,2,파격 최저가 전입 가능한 통원룸,https://www.zigbang.com/home/apt/items/49286320
2026-07-03 07:06:05,원룸,49280840,월세,02,인천시 영종구 운남동,영종구,운남동,300,28,0,23.14,7.0,2,신축급 젊은감각 초깔끔,https://www.zigbang.com/home/apt/items/49280840
2026-07-03 07:06:05,원룸,49173890,월세,01,인천시 영종구 운남동,영종구,운남동,200,28,0,23,6.96,1,ㅡluckyㅡ중문있고 깔끔한내부의 원룸,https://www.zigbang.com/home/apt/items/49173890
2026-07-03 07:06:05,원룸,49064512,월세,03,인천시 영종구 중산동,영종구,중산동,300,35,0,18.25,5.52,고,가성비 짱 테리유 복층  즉시입주,https://www.zigbang.com/home/apt/items/49064512
2026-07-03 07:06:05,원룸,49039106,월세,01,인천시 영종구 운남동,영종구,운남동,300,30,0,23.14,7.0,3,ㅡluckyㅡ엘베 주차장 갖춘 원룸,https://www.zigbang.com/home/apt/items/49039106
2026-07-03 07:06:05,원룸,48895550,월세,01,인천시 영종구 운남동,영종구,운남동,200,22,0,23.14,7.0,1,ㅡLUCKYㅡ 컨디션 좋으면서 초저가 원룸,https://www.zigbang.com/home/apt/items/48895550
2026-07-03 07:06:57,원룸,49270297,월세,01,충청남도 홍성군 홍성읍 월산리,홍성군,홍성읍,300,30,0,21,6.35,2,깨끗하고 편의시설을 갖춘 곳,https://www.zigbang.com/home/apt/items/49270297
2026-07-03 07:06:57,원룸,49249135,월세,02,충청남도 홍성군 홍성읍 월산리,홍성군,홍성읍,300,30,0,23,6.96,4,법원 인근에 위치한 분리형 1.5룸 풀옵션 매물,https://www.zigbang.com/home/apt/items/49249135
2026-07-03 07:06:56,원룸,49270329,월세,02,충청남도 홍성군 홍성읍 월산리,홍성군,홍성읍,300,30,0,21,6.35,4,법원 및 검찰청 인근에 있는 풀옵션 원룸,https://www.zigbang.com/home/apt/items/49270329
2026-07-03 07:06:56,원룸,49249019,월세,02,충청남도 홍성군 홍성읍 월산리,홍성군,홍성읍,300,30,0,21,6.35,3,검찰청 인근  월세 햇볕이 잘들고  5월25일 이후 입주,https://www.zigbang.com/home/apt/items/49249019
2026-07-03 07:06:57,원룸,49352844,월세,02,충청남도 홍성군 홍성읍 대교리,홍성군,홍성읍,300,30,0,21,6.35,1,홍성여고가 인접하여  조용하고 보안상태 좋고 깨끗한 원룸,https://www.zigbang.com/home/apt/items/49352844
2026-07-03 07:06:57,원룸,49562634,월세,01,충청남도 홍성군 홍북읍 대동리,홍성군,홍북읍,300,33,0,23.14,7.0,2,신축 원룸 풀옵션,https://www.zigbang.com/home/apt/items/49562634
2026-07-03 07:06:57,원룸,49546622,월세,01,충청남도 홍성군 홍북읍 대동리,홍성군,홍북읍,300,38,0,24.79,7.5,3,신축 원룸 풀옵션,https://www.zigbang.com/home/apt/items/49546622
2026-07-03 07:06:57,원룸,49536073,전세,02,충청남도 홍성군 홍북읍 대동리,홍성군,홍북읍,5000,0,0,33.06,10.0,3,신축 1.5룸 풀옵션,https://www.zigbang.com/home/apt/items/49536073
2026-07-03 07:06:59,원룸,49484500,월세,01,충청남도 당진시 수청동,당진시,수청동,50,73,0,61.11,18.49,9,"최대할인, 출장용 추천, 호텔식 풀옵션",https://www.zigbang.com/home/apt/items/49484500
2026-07-03 07:06:59,원룸,49484303,월세,01,충청남도 당진시 수청동,당진시,수청동,185,64,0,61.11,18.49,고,"최대할인, 버스터미널 5분, 풀옵션",https://www.zigbang.com/home/apt/items/49484303
2026-07-03 07:06:59,원룸,49556329,월세,01,충청남도 당진시 신평면 금천리,당진시,신평면,300,29,0,16.52,5.0,3,"대형원룸 주차편리 편의점 ,버스정류장 바로 앞",https://www.zigbang.com/home/apt/items/49556329
2026-07-03 07:07:00,원룸,49523752,월세,02,충청남도 아산시 배방읍 세출리,아산시,배방읍,30,40,0,26.45,8.0,2,호서대 행복 기숙사동   아래 준신축 원룸,https://www.zigbang.com/home/apt/items/49523752
2026-07-03 07:07:01,원룸,49288445,월세,02,충청남도 천안시 동남구 풍세면 용정리,천안시 동남구,풍세면,200,29,0,23.14,7.0,3,창이 많아 환기좋고 구조좋은 넓은 원룸,https://www.zigbang.com/home/apt/items/49288445
2026-07-03 07:07:01,원룸,49288378,월세,01,충청남도 천안시 동남구 풍세면 용정리,천안시 동남구,풍세면,1500,15,0,23.14,7.0,3,보증금 조절가능 산업단지 인근 깔끔한 신축급 컨디션,https://www.zigbang.com/home/apt/items/49288378
2026-07-03 07:07:01,원룸,49590264,월세,02,세종시 전의면 관정리,,전의면,300,30,0,28,8.47,3,관정리 귀한 원룸입니다 즉시입주가능,https://www.zigbang.com/home/apt/items/49590264
2026-07-03 07:07:01,원룸,49530916,월세,02,세종시 전의면 읍내리,,전의면,300,29,0,28,8.47,3,전의중 인근 귀한원룸입니다,https://www.zigbang.com/home/apt/items/49530916
2026-07-03 07:07:01,원룸,49445918,월세,02,세종시 전의면 읍내리,,전의면,500,38,0,40,12.1,2,전의중 인근 귀한 투베이입니다,https://www.zigbang.com/home/apt/items/49445918
2026-07-03 07:07:02,원룸,49206014,월세,02,충청남도 아산시 모종동,아산시,모종동,100,30,0,33.06,10.0,3,㋡모종동㋡단기 숙박 원룸ㅇ아산터미널인근ㅇ엘베ㅇ,https://www.zigbang.com/home/apt/items/49206014
2026-07-03 07:07:02,원룸,49196713,월세,03,충청남도 아산시 권곡동,아산시,권곡동,300,28,0,40,12.1,1,lll 복층형 오피스텔 최저가 보장 llll,https://www.zigbang.com/home/apt/items/49196713
2026-07-03 07:07:02,원룸,49180876,월세,02,충청남도 아산시 권곡동,아산시,권곡동,1000,55,0,42.98,13.0,4,깔끔한 투베이 I 터미널5분 I 전용테라스 I 엘베 풀옵션,https://www.zigbang.com/home/apt/items/49180876
2026-07-03 07:07:02,원룸,49107689,월세,01,충청남도 아산시 모종동,아산시,모종동,300,23,0,33,9.98,4,ㅁㅁ 최저가 원룸 ㅁㅁ,https://www.zigbang.com/home/apt/items/49107689
2026-07-03 07:07:02,원룸,49107653,월세,01,충청남도 아산시 권곡동,아산시,권곡동,300,28,0,33.06,10.0,2,lll 리모델링 완료 깔끔한 원룸 lll,https://www.zigbang.com/home/apt/items/49107653
2026-07-03 07:07:02,원룸,49069459,월세,02,충청남도 아산시 권곡동,아산시,권곡동,500,36,0,42.98,13.0,2,OOO신축 투베이 한전 인근OOO,https://www.zigbang.com/home/apt/items/49069459
2026-07-03 07:07:02,원룸,49065481,월세,01,충청남도 아산시 권곡동,아산시,권곡동,150,25,0,33.06,10.0,3,ꔚꔣ 최저가 원룸 ꔚꔣ 인기매물 ꔚꔣ,https://www.zigbang.com/home/apt/items/49065481
2026-07-03 07:07:02,원룸,49011614,월세,02,충청남도 아산시 권곡동,아산시,권곡동,300,30,0,35,10.59,1,한올고5분 첫입주 리모델링 풀옵션 원룸 월세,https://www.zigbang.com/home/apt/items/49011614
2026-07-03 07:07:02,원룸,48968432,월세,01,충청남도 아산시 모종동,아산시,모종동,300,32,0,33.06,10.0,2,터미널 보건소 5분 신축 풀옵션 원룸 월세,https://www.zigbang.com/home/apt/items/48968432
2026-07-03 07:07:02,원룸,48968280,월세,02,충청남도 아산시 권곡동,아산시,권곡동,100,25,0,33,9.98,2,한올고앞 권곡동 채광 좋은 풀옵션 원룸 월세,https://www.zigbang.com/home/apt/items/48968280
2026-07-03 07:07:02,원룸,48928467,월세,02,충청남도 아산시 권곡동,아산시,권곡동,500,50,0,45,13.61,2,한올고옆 신축 투페이 풀옵션 월세,https://www.zigbang.com/home/apt/items/48928467
2026-07-03 07:07:02,원룸,48924541,월세,02,충청남도 아산시 권곡동,아산시,권곡동,300,30,0,35,10.59,2,터미널5분 넓은 깔끔한 풀옵션 원룸 월세,https://www.zigbang.com/home/apt/items/48924541
2026-07-03 07:07:02,원룸,48907911,월세,02,충청남도 아산시 모종동,아산시,모종동,300,33,0,36,10.89,1,터미널5분 넓은 가성비 원룸 풀옵션 월세,https://www.zigbang.com/home/apt/items/48907911
2026-07-03 07:07:02,원룸,47324030,월세,02,충청남도 아산시 모종동,아산시,모종동,500,31,0,29.75,9.0,2,깔끔한 원룸 I 터미널3분 I 엘베 I 보증금300가능,https://www.zigbang.com/home/apt/items/47324030
2026-07-03 07:07:03,원룸,49586410,월세,02,충청남도 천안시 동남구 목천읍 신계리,천안시 동남구,목천읍,300,30,0,26.44,8.0,3,"단기가능, 세입자방 단독, 반전세 협의전화.",https://www.zigbang.com/home/apt/items/49586410
2026-07-03 07:07:03,원룸,49503021,월세,02,충청남도 천안시 동남구 목천읍 신계리,천안시 동남구,목천읍,500,40,0,40,12.1,1,분리형투베이 주차장 널널 즉시입주가능,https://www.zigbang.com/home/apt/items/49503021
2026-07-03 07:07:03,원룸,49448362,월세,02,충청남도 천안시 동남구 목천읍 신계리,천안시 동남구,목천읍,500,40,0,33,9.98,2,신계리  신도1차APT근처 방 넓은 투베이,https://www.zigbang.com/home/apt/items/49448362
2026-07-03 07:07:03,원룸,49440227,월세,02,충청남도 천안시 동남구 목천읍 신계리,천안시 동남구,목천읍,500,40,0,25,7.56,3,신축 구조좋은 분리형원룸입니다,https://www.zigbang.com/home/apt/items/49440227
2026-07-03 07:07:03,원룸,49287983,전세,02,충청남도 천안시 동남구 목천읍 신계리,천안시 동남구,목천읍,3500,0,0,26.44,8.0,2,"세입자방 단독, LH 가능, 보증보험 가능, 안전한 전세",https://www.zigbang.com/home/apt/items/49287983
2026-07-03 07:07:04,원룸,49587135,월세,02,충청남도 천안시 서북구 성환읍 매주리,천안시 서북구,성환읍,1000,58,0,35,10.59,4,성환역 도보7분거리에 있는 입지좋은 투베이,https://www.zigbang.com/home/apt/items/49587135
2026-07-03 07:07:04,원룸,49582776,월세,02,충청남도 천안시 서북구 성환읍 매주리,천안시 서북구,성환읍,200,33,0,26.45,8.0,2,성환역 도보 7분거리의 깨끗한 분리형 원룸입니다,https://www.zigbang.com/home/apt/items/49582776
2026-07-03 07:07:04,원룸,49507054,월세,01,충청남도 천안시 서북구 성환읍 성환리,천안시 서북구,성환읍,500,47,0,21,6.35,3,편의시설 잘 갖춰진 입지좋은 깔끔한 원룸,https://www.zigbang.com/home/apt/items/49507054
2026-07-03 07:07:04,원룸,49439944,월세,02,충청남도 천안시 서북구 성환읍 매주리,천안시 서북구,성환읍,500,48,0,33.06,10.0,3,성환역 가까운 신축급 화이트 원룸,https://www.zigbang.com/home/apt/items/49439944
2026-07-03 07:07:04,원룸,49361722,월세,02,충청남도 천안시 서북구 성환읍 매주리,천안시 서북구,성환읍,500,57,0,46.28,14.0,3,성환역 인근 귀한 분리형 화이트톤 넓은 투베이,https://www.zigbang.com/home/apt/items/49361722
2026-07-03 07:07:04,원룸,49587157,월세,02,충청남도 천안시 서북구 직산읍 삼은리,천안시 서북구,직산읍,500,62,0,33.8,10.22,2,"ㅡ거실 투베이ㅡ 신축 보증금 조절가능, 파출소인근",https://www.zigbang.com/home/apt/items/49587157
2026-07-03 07:07:04,원룸,49436550,월세,02,충청남도 천안시 서북구 성거읍 신월리,천안시 서북구,성거읍,500,43,0,33.4,10.1,4,ㅁ주차 굿ㅁ 투베이,https://www.zigbang.com/home/apt/items/49436550
2026-07-03 07:07:04,원룸,49304080,전세,02,충청남도 천안시 서북구 직산읍 삼은리,천안시 서북구,직산읍,4000,0,0,26.44,8.0,3,"세입자방 전속, LH 가능, 보증보험 가능,  안전한 전세",https://www.zigbang.com/home/apt/items/49304080
2026-07-03 07:07:04,원룸,49262077,월세,02,충청남도 천안시 서북구 직산읍 삼은리,천안시 서북구,직산읍,500,53,0,37.5,11.34,3,"ㅡ분리형 투베이ㅡ화이트톤 신축 , 직산 파출소 인근",https://www.zigbang.com/home/apt/items/49262077
2026-07-03 07:07:04,원룸,49244199,월세,02,충청남도 천안시 서북구 성거읍 신월리,천안시 서북구,성거읍,300,36,0,23.14,7.0,2,"서북구청, 리모델링, 풀옵션",https://www.zigbang.com/home/apt/items/49244199
2026-07-03 07:07:05,원룸,49377713,월세,01,충청남도 천안시 서북구 입장면 하장리,천안시 서북구,입장면,300,35,0,33.06,10.0,3,귀한 원룸 주차장도 널널해요 위치 좋아요,https://www.zigbang.com/home/apt/items/49377713
2026-07-03 07:07:07,원룸,49576201,월세,02,경기도 평택시 포승읍 석정리,평택시,포승읍,120,27,0,19.83,6.0,2,"ㅁ단기가능ㅁ엘베有ㅁ 포승공단, 화양지구 인접",https://www.zigbang.com/home/apt/items/49576201
2026-07-03 07:07:07,원룸,49558831,월세,02,경기도 평택시 포승읍 석정리,평택시,포승읍,100,25,0,20,6.05,4,"ㅁ단기 가능ㅁ 분리형 1룸ㅁ 포승공단, 화양지구 인접",https://www.zigbang.com/home/apt/items/49558831
2026-07-03 07:07:07,원룸,49555110,월세,02,경기도 평택시 포승읍 도곡리,평택시,포승읍,100,30,0,19.83,6.0,1,"ㅁ단기 가능ㅁ 포승공단, 서평택 IC 인접 분리형 1룸",https://www.zigbang.com/home/apt/items/49555110
2026-07-03 07:07:07,원룸,49555073,월세,02,경기도 평택시 포승읍 도곡리,평택시,포승읍,100,25,0,19.83,6.0,1,"ㅁ1달 단기도 가능ㅁ 포승공단, 화양지구, 평택항 인접",https://www.zigbang.com/home/apt/items/49555073
2026-07-03 07:07:07,원룸,49554988,월세,02,경기도 평택시 포승읍 도곡리,평택시,포승읍,100,30,0,23.14,7.0,3,"ㅁ단기가능ㅁ 포승 공단,평택항,서평택TG 5분차량",https://www.zigbang.com/home/apt/items/49554988
2026-07-03 07:07:07,원룸,49418740,월세,01,경기도 평택시 포승읍 도곡리,평택시,포승읍,100,30,0,20,6.05,2,"ㅁ 화양지구, 포승공단 출퇴근 용이한 내기삼거리 원룸 ㅁ",https://www.zigbang.com/home/apt/items/49418740
2026-07-03 07:07:07,원룸,49288017,월세,01,경기도 평택시 포승읍 도곡리,평택시,포승읍,200,37,0,20,6.05,3,ㅁ 화양지구 차량 5분 위치한 깔끔한 원룸 ㅁ,https://www.zigbang.com/home/apt/items/49288017
2026-07-03 07:07:07,원룸,49240495,월세,01,경기도 평택시 포승읍 도곡리,평택시,포승읍,200,40,0,20,6.05,2,ㅁ 화양지구 출퇴근 용이한 원룸 ㅁ 즉시입주 ㅁ,https://www.zigbang.com/home/apt/items/49240495
2026-07-03 07:07:07,원룸,49227187,월세,02,경기도 평택시 포승읍 내기리,평택시,포승읍,500,45,0,23.69,7.17,2,"S2분리형원룸,포승,평택항인근,단기가능,기숙사가능S2",https://www.zigbang.com/home/apt/items/49227187
2026-07-03 07:07:07,원룸,49227164,월세,01,경기도 평택시 포승읍 내기리,평택시,포승읍,500,40,0,19.2,5.81,4,"S2단기가능,포승,평택항인근,기숙사가능S2",https://www.zigbang.com/home/apt/items/49227164
2026-07-03 07:07:07,원룸,47376964,전세,02,경기도 평택시 포승읍 내기리,평택시,포승읍,7000,0,0,23.15,7.0,2,"S2분리형 원룸, 포승, 평택항인근, 기숙사가능S2",https://www.zigbang.com/home/apt/items/47376964
2026-07-03 07:07:07,원룸,49366215,월세,01,경기도 평택시 포승읍 원정리,평택시,포승읍,200,35,0,20,6.05,2,"ㅁ기아자동차, 석유공사 출퇴근 용이한 원룸 ㅁ 단기가능 ㅁ",https://www.zigbang.com/home/apt/items/49366215
2026-07-03 07:07:07,원룸,49254805,월세,01,경기도 평택시 포승읍 원정리,평택시,포승읍,20,40,0,28.84,8.72,1,ㅁ 단기가능 ㅁ기아자동차 출퇴근 용이한 원룸 ㅁ,https://www.zigbang.com/home/apt/items/49254805
2026-07-03 07:07:10,원룸,49486633,월세,01,경기도 화성시 만세구 향남읍 장짐리,화성시 만세구,향남읍,500,53,0,19.86,6.01,4,ꯁ오피스텔형 전입신고가능ꯁ 인기1등원룸,https://www.zigbang.com/home/apt/items/49486633
2026-07-03 07:07:10,원룸,49432874,월세,01,경기도 화성시 만세구 향남읍 장짐리,화성시 만세구,향남읍,500,63,0,33,9.98,3,없는 게 없는 풀옵션. 준신축.오피스텔느낌.전입가능.주차굿,https://www.zigbang.com/home/apt/items/49432874
2026-07-03 07:07:10,원룸,49567245,월세,01,경기도 화성시 남양읍 활초리,화성시,남양읍,300,35,0,21.5,6.5,2,보리.빠른입주.가격저렴.깔끔함.풀옵션원룸.,https://www.zigbang.com/home/apt/items/49567245
2026-07-03 07:07:10,원룸,49579357,전세,02,경기도 화성시 만세구 마도면 청원리,화성시 만세구,마도면,3500,0,0,30,9.07,3,늦게퇴근해도 주차가능하고 넓고 환한 분리형 원룸입니다,https://www.zigbang.com/home/apt/items/49579357
2026-07-03 07:07:10,원룸,49358025,월세,01,경기도 화성시 만세구 마도면 청원리,화성시 만세구,마도면,200,33,0,16.8,5.08,3,신축 첫입주이며 층 호수  선택가능함 임대료 관리비저렴,https://www.zigbang.com/home/apt/items/49358025
2026-07-03 07:07:10,원룸,49278460,월세,01,경기도 화성시 만세구 마도면 청원리,화성시 만세구,마도면,200,33,0,20,6.05,3,첫입주 바이오밸리인접 3칸월세 보500만월50만도 있어요,https://www.zigbang.com/home/apt/items/49278460
2026-07-03 07:07:12,원룸,49581906,월세,02,경기도 평택시 청북읍 한산리,평택시,청북읍,200,30,0,26.44,8.0,2,"어연한산공단 인근,주방 분리형 원룸,단기가능",https://www.zigbang.com/home/apt/items/49581906
2026-07-03 07:07:12,원룸,49481441,월세,01,경기도 평택시 오성면 죽리,평택시,오성면,200,35,0,21,6.35,2,저렴한 원룸 공실,https://www.zigbang.com/home/apt/items/49481441
2026-07-03 07:07:12,원룸,49384508,월세,01,경기도 평택시 청북읍 후사리,평택시,청북읍,300,30,0,22.17,6.71,3,현곡 오성 산업단지내 인기 최고의 신축 원룸,https://www.zigbang.com/home/apt/items/49384508
2026-07-03 07:07:12,원룸,49548299,월세,01,경기도 평택시 청북읍 한산리,평택시,청북읍,200,28,0,17.06,5.16,3,어연한산인근 제일 가성비 좋은 원룸,https://www.zigbang.com/home/apt/items/49548299
2026-07-03 07:07:12,원룸,49532306,월세,02,경기도 평택시 청북읍 어연리,평택시,청북읍,2000,40,0,18.78,5.68,4,어연 산업단지 엘베있는 1.5룸,https://www.zigbang.com/home/apt/items/49532306
2026-07-03 07:07:12,원룸,49516850,월세,02,경기도 평택시 청북읍 어연리,평택시,청북읍,500,40,0,16.17,4.89,3,어연 산업단지 남향 분리형 원룸  빠른 입주 가능,https://www.zigbang.com/home/apt/items/49516850
2026-07-03 07:07:12,원룸,49506476,월세,01,경기도 평택시 청북읍 어연리,평택시,청북읍,300,41,0,15.5,4.69,3,산업단지 인근 분리형 신축 풀옵션 원룸 입니다.,https://www.zigbang.com/home/apt/items/49506476
2026-07-03 07:07:12,원룸,49480214,월세,01,경기도 평택시 청북읍 어연리,평택시,청북읍,300,43,0,19.38,5.86,3,어연 IC 인근 풀옵션 신축 원룸,https://www.zigbang.com/home/apt/items/49480214
2026-07-03 07:07:12,원룸,49480084,월세,01,경기도 평택시 청북읍 어연리,평택시,청북읍,300,29,0,19.83,6.0,3,산업단지 인근 꺠끗하고 가성비 좋은 원룸,https://www.zigbang.com/home/apt/items/49480084
2026-07-03 07:07:12,원룸,49474945,월세,02,경기도 평택시 청북읍 어연리,평택시,청북읍,300,40,0,19.83,6.0,2,어연한산공단내 가장 위치좋은 분리형 원룸시설최고,https://www.zigbang.com/home/apt/items/49474945
2026-07-03 07:07:12,원룸,49472989,월세,02,경기도 평택시 청북읍 어연리,평택시,청북읍,1000,45,0,18.78,5.68,3,어연 산업단지 1.5룸 빠른 입주 가능,https://www.zigbang.com/home/apt/items/49472989
2026-07-03 07:07:12,원룸,49384490,월세,01,경기도 평택시 청북읍 어연리,평택시,청북읍,300,40,0,19.38,5.86,4,2022 년 신축 풀 옵션 원룸 임대합니다.,https://www.zigbang.com/home/apt/items/49384490
2026-07-03 07:07:12,원룸,49301575,월세,02,경기도 평택시 청북읍 어연리,평택시,청북읍,500,51,0,19.12,5.78,4,어연산업단지 구조 좋은 1.5룸 빠른 입주 가능,https://www.zigbang.com/home/apt/items/49301575
2026-07-03 07:07:12,원룸,49250353,월세,02,경기도 평택시 청북읍 어연리,평택시,청북읍,300,33,0,23.14,7.0,2,어연리 위치좋은 주방 분리형 원룸,https://www.zigbang.com/home/apt/items/49250353
2026-07-03 07:07:12,원룸,49585392,월세,02,경기도 평택시 고덕면 두릉리,평택시,고덕면,200,42,0,26.45,8.0,4,투베이.주차편리.풀옵션,https://www.zigbang.com/home/apt/items/49585392
2026-07-03 07:07:12,원룸,49565335,월세,02,경기도 평택시 고덕면 두릉리,평택시,고덕면,300,57,0,33,9.98,2,신축.투베이.풀옵션,https://www.zigbang.com/home/apt/items/49565335
2026-07-03 07:07:12,원룸,49565292,월세,02,경기도 평택시 고덕면 두릉리,평택시,고덕면,200,47,0,33,9.98,4,투베이.풀옵션.큰방,https://www.zigbang.com/home/apt/items/49565292
2026-07-03 07:07:12,원룸,49565276,월세,02,경기도 평택시 고덕면 두릉리,평택시,고덕면,200,42,0,23.14,7.0,3,분리형.풀옵션.주차편리,https://www.zigbang.com/home/apt/items/49565276
2026-07-03 07:07:12,원룸,49552087,월세,02,경기도 평택시 고덕면 두릉리,평택시,고덕면,300,65,0,16.36,4.95,3,o행운o신축 첫입주 가성비 풀옵션 1.5룸 숙소강추,https://www.zigbang.com/home/apt/items/49552087
2026-07-03 07:07:12,원룸,49552067,월세,01,경기도 평택시 고덕면 두릉리,평택시,고덕면,300,56,0,19.68,5.95,2,o행운o신축 즉시입주o 초가성비 풀옵션 원룸 숙소 강력추천,https://www.zigbang.com/home/apt/items/49552067
2026-07-03 07:07:12,원룸,49514840,월세,02,경기도 평택시 서정동,평택시,서정동,500,40,0,30.92,9.35,3,아주넓은구조의 1.5룸형 주차용이 즉시입주,https://www.zigbang.com/home/apt/items/49514840
2026-07-03 07:07:12,원룸,49506717,월세,01,경기도 평택시 서정동,평택시,서정동,2000,21,0,2,0.6,3,풀옵션o베란다분리o주차굿,https://www.zigbang.com/home/apt/items/49506717
2026-07-03 07:07:12,원룸,49494560,월세,02,경기도 평택시 고덕면 두릉리,평택시,고덕면,200,45,0,22.91,6.93,2,깔끔하고 저렴한 원룸,https://www.zigbang.com/home/apt/items/49494560
2026-07-03 07:07:12,원룸,49494384,전세,01,경기도 평택시 서정동,평택시,서정동,5000,0,0,20,6.05,3,ㅣ올수리ㅣ전입ㅣ주차굿ㅣ,https://www.zigbang.com/home/apt/items/49494384
2026-07-03 07:07:12,원룸,49462515,월세,02,경기도 평택시 고덕면 두릉리,평택시,고덕면,500,60,0,27.8,8.41,2,"신축 처음입주, 넓은 1.5룸 풀옵션 즉시입주",https://www.zigbang.com/home/apt/items/49462515
2026-07-03 07:07:12,원룸,49462513,월세,02,경기도 평택시 고덕면 두릉리,평택시,고덕면,300,60,0,24.96,7.55,3,처음입주하는 신축 1.5룸 풀옵션 즉시입주,https://www.zigbang.com/home/apt/items/49462513
2026-07-03 07:07:12,원룸,49177840,월세,01,경기도 평택시 서정동,평택시,서정동,300,30,0,25,7.56,4,서정동 탑건빌리지인근 저렴한원룸 켠디션굿 주차굿,https://www.zigbang.com/home/apt/items/49177840
2026-07-03 07:07:13,원룸,49587048,월세,02,충청남도 천안시 서북구 성환읍 성환리,천안시 서북구,성환읍,300,43,0,24.5,7.41,4,ㅡ분리형 큰원룸ㅡ 주차장 학교 지하철 인근 교통 편의,https://www.zigbang.com/home/apt/items/49587048
2026-07-03 07:07:13,원룸,49586416,전세,02,충청남도 천안시 서북구 성환읍 성월리,천안시 서북구,성환읍,6000,0,0,29.7,8.98,2,"세입자방,융자적음,반전세2천협의,안전한전세만 소개해요",https://www.zigbang.com/home/apt/items/49586416
2026-07-03 07:07:13,원룸,49585201,월세,01,충청남도 천안시 서북구 성환읍 성환리,천안시 서북구,성환읍,300,43,0,21,6.35,3,보증금 저렴한 깔끔한 원룸으로 즉시입주 가능합니다.,https://www.zigbang.com/home/apt/items/49585201
2026-07-03 07:07:13,원룸,49529452,월세,01,충청남도 천안시 서북구 성환읍 성환리,천안시 서북구,성환읍,300,35,0,33.06,10.0,3,가성비 좋은 분리형 원룸입니다,https://www.zigbang.com/home/apt/items/49529452
2026-07-03 07:07:13,원룸,49529399,월세,02,충청남도 천안시 서북구 성환읍 성월리,천안시 서북구,성환읍,500,47,0,33.06,10.0,2,성환역도보8분 산축 풀옵션 원룸입니다,https://www.zigbang.com/home/apt/items/49529399
2026-07-03 07:07:13,원룸,49434731,월세,01,충청남도 천안시 서북구 성환읍 성환리,천안시 서북구,성환읍,500,35,0,19.83,6.0,2,성환역앞 신축원룸입니다,https://www.zigbang.com/home/apt/items/49434731
2026-07-03 07:07:13,원룸,49406989,월세,01,충청남도 천안시 서북구 성환읍 성환리,천안시 서북구,성환읍,100,29,0,15,4.54,2,성환역근처 새로 리모델링한 원룸입니다,https://www.zigbang.com/home/apt/items/49406989
2026-07-03 07:07:13,원룸,49325070,월세,02,충청남도 천안시 서북구 성환읍 성환리,천안시 서북구,성환읍,300,40,0,39.66,12.0,2,성환역세권 깨끗한 투베이  거실 1 방1 입니다,https://www.zigbang.com/home/apt/items/49325070
2026-07-03 07:07:13,원룸,49324811,월세,01,충청남도 천안시 서북구 성환읍 성환리,천안시 서북구,성환읍,100,28,0,20,6.05,2,성환역앞 편리한 위치입니다,https://www.zigbang.com/home/apt/items/49324811
2026-07-03 07:07:13,원룸,48116456,월세,02,충청남도 천안시 서북구 성환읍 성환리,천안시 서북구,성환읍,500,45,0,23.14,7.0,2,"성환읍, 신축급 원룸, 깔끔한 화이트톤",https://www.zigbang.com/home/apt/items/48116456
2026-07-03 07:07:14,원룸,49571124,월세,02,경기도 안성시 대덕면 내리,안성시,대덕면,200,50,0,23.1,6.99,4,"방1,거실,7월10이후입주가능,관리비포함임",https://www.zigbang.com/home/apt/items/49571124
2026-07-03 07:07:14,원룸,49565316,월세,02,경기도 안성시 대덕면 내리,안성시,대덕면,45,36,0,18,5.44,2,0단기가능0전기세까지포함0풀옵션0,https://www.zigbang.com/home/apt/items/49565316
2026-07-03 07:07:14,원룸,49494554,월세,01,경기도 안성시 대덕면 내리,안성시,대덕면,200,39,0,18,5.44,1,J엘베있어요J풀옵션J깔금J,https://www.zigbang.com/home/apt/items/49494554
2026-07-03 07:07:14,원룸,49543649,월세,02,경기도 안성시 원곡면 칠곡리,안성시,원곡면,250,41,0,25,7.56,2,"엘베O, 대형 주차장, 넓은 분리형, 완전풀옵션 굿",https://www.zigbang.com/home/apt/items/49543649
2026-07-03 07:07:14,원룸,49511027,월세,02,충청남도 천안시 서북구 입장면 하장리,천안시 서북구,입장면,300,37,0,29,8.77,2,O입장에서 제일 큰 원룸 O,https://www.zigbang.com/home/apt/items/49511027
2026-07-03 07:07:14,원룸,49377696,월세,02,충청남도 천안시 서북구 입장면 독정리,천안시 서북구,입장면,500,33,0,29.75,9.0,2,입장면 교통편 위치 좋은 분리형 원룸 빠른 입주가능,https://www.zigbang.com/home/apt/items/49377696
2026-07-03 07:07:15,원룸,49588195,월세,01,경기도 안성시 공도읍 마정리,안성시,공도읍,200,34,0,25,7.56,3,풀옵션 넓고 환기잘되는 깨끗한 원룸입니다.7월29일가능.,https://www.zigbang.com/home/apt/items/49588195
2026-07-03 07:07:15,원룸,49578990,월세,01,경기도 안성시 공도읍 마정리,안성시,공도읍,200,36,0,23.14,7.0,2,깔금한룸  분리룸    주 차좋음     베란다,https://www.zigbang.com/home/apt/items/49578990
2026-07-03 07:07:15,원룸,49565731,월세,02,경기도 안성시 공도읍 마정리,안성시,공도읍,300,38,0,25,7.56,3,신축 풀옵션 넓고 깨끗한 분리형원룸.7월중순입주가능해요,https://www.zigbang.com/home/apt/items/49565731
2026-07-03 07:07:15,원룸,49532197,전세,01,경기도 안성시 공도읍 마정리,안성시,공도읍,2700,0,0,23.14,7.0,4,가성비 좋은 대림동산공원 옆 조용한 원룸 전세입니다.,https://www.zigbang.com/home/apt/items/49532197
2026-07-03 07:07:15,원룸,49520300,월세,02,경기도 안성시 공도읍 마정리,안성시,공도읍,300,47,0,29.75,9.0,3,분리룸  방한개  거실   엘리베이터  화장실창,https://www.zigbang.com/home/apt/items/49520300
2026-07-03 07:07:15,원룸,49514495,전세,02,경기도 안성시 공도읍 마정리,안성시,공도읍,7000,0,0,92.5,27.98,5,2룸에 욕실2개있는 저렴한 전세입니다,https://www.zigbang.com/home/apt/items/49514495
2026-07-03 07:07:15,원룸,49490679,월세,01,경기도 안성시 대덕면 내리,안성시,대덕면,4000,10,0,23.1,6.99,4,"7d월24입주,중앙대후문5분거리,주차시설좋음",https://www.zigbang.com/home/apt/items/49490679
2026-07-03 07:07:15,원룸,49490359,월세,02,경기도 안성시 대덕면 내리,안성시,대덕면,5000,10,0,33.06,10.0,4,"분리형원룸,베란다,넓은주차장,조용한주거지,입주협의가능",https://www.zigbang.com/home/apt/items/49490359
2026-07-03 07:07:15,원룸,49450425,전세,02,경기도 안성시 공도읍 마정리,안성시,공도읍,6000,0,0,36.36,11.0,4,방한개 거실  베란다 엘리베이터  주차시설   편의점,https://www.zigbang.com/home/apt/items/49450425
2026-07-03 07:07:15,원룸,49433806,전세,02,경기도 안성시 공도읍 마정리,안성시,공도읍,5200,0,0,29.75,9.0,2,방한개  거실  베란다   밝은룸   주차시설 편의점바로앞,https://www.zigbang.com/home/apt/items/49433806
2026-07-03 07:07:15,원룸,49544061,월세,03,경기도 안성시 신소현동,안성시,신소현동,1000,60,0,41.26,12.48,14,ꔚ7월말입주가능ꔚ신축원룸복층ꔚ도시형생활주택ꔚ,https://www.zigbang.com/home/apt/items/49544061
2026-07-03 07:07:15,원룸,49543883,월세,03,경기도 안성시 신소현동,안성시,신소현동,1000,58,0,40.66,12.3,4,ꔚ7월말입주가능ꔚ신축원룸복층ꔚ도시형생활주택ꔚ,https://www.zigbang.com/home/apt/items/49543883
2026-07-03 07:07:15,원룸,49507551,월세,01,경기도 안성시 대덕면 내리,안성시,대덕면,200,46,0,24,7.26,6,0베란다0엘베0풀옵션,https://www.zigbang.com/home/apt/items/49507551
2026-07-03 07:07:15,원룸,49474692,월세,03,경기도 안성시 신소현동,안성시,신소현동,1000,58,0,14.3,4.33,8,O우리O 1공단인근 신축급 복층 풀옵션 원룸,https://www.zigbang.com/home/apt/items/49474692
2026-07-03 07:07:15,원룸,49442602,월세,03,경기도 안성시 신소현동,안성시,신소현동,1000,59,0,19.83,6.0,9,"원룸복층,8월초입주가능,주차시설좋음",https://www.zigbang.com/home/apt/items/49442602
2026-07-03 07:07:15,원룸,49442574,월세,03,경기도 안성시 신소현동,안성시,신소현동,1000,60,0,19.83,6.0,12,"탑층원룸복층,기본옵션구비,7월말입주",https://www.zigbang.com/home/apt/items/49442574
2026-07-03 07:07:15,원룸,49442547,월세,03,경기도 안성시 신소현동,안성시,신소현동,1000,58,0,19.83,6.0,6,"7월말입주,기본옵션,주차시설좋음.2000.53가능",https://www.zigbang.com/home/apt/items/49442547
2026-07-03 07:07:15,원룸,49571052,월세,02,경기도 안성시 양성면 동항리,안성시,양성면,300,40,0,25,7.56,2,"깔끔한 풀옵션 원룸, 공실",https://www.zigbang.com/home/apt/items/49571052
2026-07-03 07:07:15,원룸,49555496,월세,02,경기도 안성시 양성면 동항리,안성시,양성면,300,37,0,23.14,7.0,2,방한개  거실  깔끔한룸 밝은룸  화장실창 주변주차좋음,https://www.zigbang.com/home/apt/items/49555496
2026-07-03 07:07:15,원룸,49349378,월세,01,경기도 안성시 양성면 동항리,안성시,양성면,300,24,0,22.01,6.66,2,"㉧ 7월3일 확인매물 ㉧산업단지도보15분, 최저가원룸",https://www.zigbang.com/home/apt/items/49349378
2026-07-03 07:07:16,원룸,49585460,월세,02,경기도 화성시 효행구 정남면 덕절리,화성시 효행구,정남면,500,41,0,25,7.56,4,ㅣH허브Hㅣꯁ.정남산단.ꯁㅣꯁ.신축.ꯁㅣꯁ.풀옵션.ꯁㅣ,https://www.zigbang.com/home/apt/items/49585460
2026-07-03 07:07:16,원룸,49581936,월세,02,경기도 화성시 효행구 정남면 덕절리,화성시 효행구,정남면,500,41,0,24.1,7.29,4,ㅣH허브Hㅣ꩜원룸 맛집꩜十신축급十풀옵션十ㅣ허위Noㅣ,https://www.zigbang.com/home/apt/items/49581936
2026-07-03 07:07:16,원룸,49578452,월세,02,경기도 화성시 정남면 덕절리,화성시,정남면,500,44,0,25,7.56,4,ꔪꔪ우리ꔪꔪ분리형원룸ꔪꔪ실매물ꔪꔪ,https://www.zigbang.com/home/apt/items/49578452
2026-07-03 07:07:16,원룸,49414070,월세,02,경기도 화성시 정남면 덕절리,화성시,정남면,2000,40,0,33.06,10.0,4,ꔪꔪ우리ꔪꔪ덕절리1.5룸ꔪꔪ8월만기ꔪꔪ,https://www.zigbang.com/home/apt/items/49414070
2026-07-03 07:07:16,원룸,49484485,월세,02,경기도 화성시 정남면 문학리,화성시,정남면,3000,45,0,39.67,12.0,4,1.5룸특급옵션월세넓은테라스주차편리,https://www.zigbang.com/home/apt/items/49484485
2026-07-03 07:07:16,원룸,49249156,월세,02,경기도 화성시 효행구 정남면 문학리,화성시 효행구,정남면,1000,60,0,39.67,12.0,4,신축1.8룸넓은테라스주차걱정NO보증금조절가능,https://www.zigbang.com/home/apt/items/49249156
2026-07-03 07:07:16,원룸,49589808,월세,02,경기도 오산시 가장동,오산시,가장동,500,37,0,26,7.86,4,ㅣo믿음oㅣꕻㅣ꒰꒰艹가장산단艹꒱꒱ㅣꕻㅣ.풀옵션.ㅣꕻㅣ,https://www.zigbang.com/home/apt/items/49589808
2026-07-03 07:07:16,원룸,49589762,월세,01,경기도 오산시 가장동,오산시,가장동,500,41,0,26,7.86,옥탑방,ㅣo믿음oㅣꕻㅣꯁ기숙사 환영ꯁㅣꕻㅣ.옥탑.ㅣꕻㅣ,https://www.zigbang.com/home/apt/items/49589762
2026-07-03 07:07:16,원룸,49589352,월세,01,경기도 오산시 가장동,오산시,가장동,500,48,0,30,9.07,3,ㅣo믿음oㅣꕻㅣ가장동대장신축ㅣꕻㅣ.풀옵션.ㅣꕻㅣ,https://www.zigbang.com/home/apt/items/49589352
2026-07-03 07:07:16,원룸,49550594,월세,02,경기도 오산시 가장동,오산시,가장동,500,50,0,26.1,7.9,3,ㅣH허브Hㅣ꩜원룸 맛집꩜十신축급十풀옵션十ㅣ허위Noㅣ,https://www.zigbang.com/home/apt/items/49550594
2026-07-03 07:07:16,원룸,49505615,월세,01,경기도 오산시 서동,오산시,서동,500,33,0,25,7.56,2,ꔪꔪ우리ꔪꔪ주차최강ꔪꔪ서동ꔪꔪ,https://www.zigbang.com/home/apt/items/49505615
2026-07-03 07:07:16,원룸,49505329,월세,01,경기도 오산시 서동,오산시,서동,500,31,0,27,8.17,2,ꔪꔪ우리ꔪꔪ오산서동ꔪꔪ깔끔한원룸ꔪꔪ,https://www.zigbang.com/home/apt/items/49505329
2026-07-03 07:07:16,원룸,49494391,월세,01,경기도 오산시 가장동,오산시,가장동,500,40,0,28,8.47,5,ꔪꔪ우리ꔪꔪ가장산업단지인근ꔪꔪ깔끔큰원룸ꔪꔪ,https://www.zigbang.com/home/apt/items/49494391
2026-07-03 07:07:16,원룸,49490427,월세,02,경기도 오산시 가장동,오산시,가장동,500,41,0,33,9.98,5,ꔪꔪ우리ꔪꔪ가장동ꔪꔪ1.5룸ꔪꔪ,https://www.zigbang.com/home/apt/items/49490427
2026-07-03 07:07:16,원룸,49488909,월세,01,경기도 오산시 서동,오산시,서동,500,33,0,24.1,7.29,2,ㅣH허브Hㅣ꩜원룸 맛집꩜十깔끔十풀옵션十ㅣ허위Noㅣ,https://www.zigbang.com/home/apt/items/49488909
2026-07-03 07:07:16,원룸,49484512,월세,01,경기도 오산시 서동,오산시,서동,500,40,0,26,7.86,2,조용하고 주차편리 신축이라깔끔해,https://www.zigbang.com/home/apt/items/49484512
2026-07-03 07:07:16,원룸,49480308,월세,01,경기도 오산시 가장동,오산시,가장동,500,39,0,25,7.56,3,ㅣH허브Hㅣꯁㅣ가.장.산.단ㅣꯁㅣ신.축ㅣꯁㅣ주.차.짱ㅣ,https://www.zigbang.com/home/apt/items/49480308
2026-07-03 07:07:16,원룸,49475107,월세,01,경기도 오산시 가장동,오산시,가장동,500,42,0,24.1,7.29,3,ㅣH허브Hㅣ꩜원룸 맛집꩜十가장산업단지十풀옵션十ㅣ허위Noㅣ,https://www.zigbang.com/home/apt/items/49475107
2026-07-03 07:07:16,원룸,49471633,월세,02,경기도 오산시 서동,오산시,서동,500,42,0,23.14,7.0,3,ll한신ll 1대1주차 l 신축원룸 l 풀옵션,https://www.zigbang.com/home/apt/items/49471633
2026-07-03 07:07:16,원룸,49210829,월세,01,경기도 오산시 가장동,오산시,가장동,500,41,0,30,9.07,옥탑방,ㅣH허브Hㅣꯁ.가장산단.ꯁㅣꯁ.주차최강.ꯁㅣꯁ.기숙사.ꯁㅣ,https://www.zigbang.com/home/apt/items/49210829
2026-07-03 07:07:16,원룸,49210532,월세,01,경기도 오산시 서동,오산시,서동,500,33,0,23.14,7.0,2,ㅣH허브Hㅣꯁ.가장산단.ꯁㅣꯁ.깔끔큰방.ꯁㅣꯁ.주차짱.ꯁㅣ,https://www.zigbang.com/home/apt/items/49210532
2026-07-03 07:07:17,원룸,49314678,월세,05,경기도 수원시 권선구 고색동,수원시 권선구,고색동,10000,90,0,146.48,44.31,고,귀한반전세가 나왔어요 수납짱짱 4베이구조입니다,https://www.zigbang.com/home/apt/items/49314678
2026-07-03 07:07:17,원룸,49314671,전세,05,경기도 수원시 권선구 고색동,수원시 권선구,고색동,33000,0,0,146.48,44.31,고,귀한전세매물입니다 대출가능 융자없음,https://www.zigbang.com/home/apt/items/49314671
2026-07-03 07:07:17,원룸,49309591,전세,05,경기도 수원시 권선구 고색동,수원시 권선구,고색동,33000,0,0,146.43,44.29,고,OO융자없음 전입가능 보증보험가능,https://www.zigbang.com/home/apt/items/49309591
2026-07-03 07:07:17,원룸,49309577,월세,05,경기도 수원시 권선구 고색동,수원시 권선구,고색동,2000,140,0,154.03,46.59,중,"OO신축아파텔 3룸, 방3, 욕실2, 4베이구조",https://www.zigbang.com/home/apt/items/49309577
2026-07-03 07:07:17,원룸,49309567,월세,05,경기도 수원시 권선구 고색동,수원시 권선구,고색동,2000,140,0,160,48.4,중,KKO.인기타입포베이.조용한환경. 수납공간좋아요,https://www.zigbang.com/home/apt/items/49309567
2026-07-03 07:07:17,원룸,49306238,월세,02,경기도 화성시 효행구 기안동,화성시 효행구,기안동,3000,23,0,26.45,8.0,3,ll한신ll 주차편리 l 풀옵션원룸 l 사이즈채광굳,https://www.zigbang.com/home/apt/items/49306238
2026-07-03 07:07:17,원룸,49306095,전세,02,경기도 화성시 효행구 기안동,화성시 효행구,기안동,5000,0,0,26.45,8.0,3,ll한신ll 주차편리 l 풀옵션원룸 l 사이즈채광굳,https://www.zigbang.com/home/apt/items/49306095
2026-07-03 07:07:17,원룸,49305727,월세,02,경기도 화성시 효행구 기안동,화성시 효행구,기안동,3000,23,0,28,8.47,3,NICE신축큰원룸 조용한동네 반전세OR전세가능NICE,https://www.zigbang.com/home/apt/items/49305727
2026-07-03 07:07:17,원룸,49305589,전세,01,경기도 화성시 효행구 기안동,화성시 효행구,기안동,5000,0,0,28,8.47,3,NICE신축큰원룸 조용한동네 버팀목HF목적물변경가능NICE,https://www.zigbang.com/home/apt/items/49305589
2026-07-03 07:07:17,원룸,49251962,전세,03,경기도 수원시 권선구 호매실동,수원시 권선구,호매실동,12500,0,0,54.48,16.48,5,반환보증보험 가입가능  청년전세 가능합니다,https://www.zigbang.com/home/apt/items/49251962
2026-07-03 07:07:17,원룸,49251500,월세,05,경기도 수원시 권선구 고색동,수원시 권선구,고색동,2000,140,0,146.48,44.31,고,중개사 추천매물입니다,https://www.zigbang.com/home/apt/items/49251500
2026-07-03 07:07:17,원룸,49244733,월세,05,경기도 수원시 권선구 고색동,수원시 권선구,고색동,2000,145,0,146.48,44.31,고,뻥뷰 세대창고 완전풀옵션,https://www.zigbang.com/home/apt/items/49244733
2026-07-03 07:07:17,원룸,49202562,월세,05,경기도 수원시 권선구 고색동,수원시 권선구,고색동,1500,150,0,146.48,44.31,고,"세탁기,건조기 풀옵, A타입 빠른입주도 가능해요",https://www.zigbang.com/home/apt/items/49202562
2026-07-03 07:07:17,원룸,48909411,전세,05,경기도 수원시 권선구 고색동,수원시 권선구,고색동,35000,0,0,114.65,34.68,중,전세대출가능.전입가능.남향B타입.단지내커뮤니티.,https://www.zigbang.com/home/apt/items/48909411
2026-07-03 07:07:19,원룸,49540278,월세,01,경기도 용인시 처인구 남사읍 봉무리,용인시 처인구,남사읍,500,55,0,23.2,7.02,1,ㅇ6월입주ㅇ주차ㅇ풀옵션ㅇ신축급 넓은 원룸ㅇ베란다ㅇ,https://www.zigbang.com/home/apt/items/49540278
2026-07-03 07:07:20,원룸,49525244,월세,01,경기도 용인시 처인구 이동읍 천리,용인시 처인구,이동읍,1000,65,0,23.4,7.08,4,"신축 풀옵션 넓은 원룸, SK셔틀 집앞",https://www.zigbang.com/home/apt/items/49525244
2026-07-03 07:07:20,원룸,49497178,월세,01,경기도 용인시 기흥구 중동,용인시 기흥구,중동,2500,45,0,29.75,9.0,4,초당역앞 풀옵션 오피스텔 임대,https://www.zigbang.com/home/apt/items/49497178
2026-07-03 07:07:20,원룸,49497147,월세,01,경기도 용인시 기흥구 중동,용인시 기흥구,중동,1500,50,0,29.75,9.0,6,초당역앞 풀옵션 오피스텔,https://www.zigbang.com/home/apt/items/49497147
2026-07-03 07:07:21,원룸,49372640,월세,02,경기도 용인시 처인구 고림동,용인시 처인구,고림동,1000,53,0,36.36,11.0,4,"넓고 깨끗한 1.5룸, 7월 하순 입주",https://www.zigbang.com/home/apt/items/49372640
2026-07-03 07:07:23,원룸,49435657,월세,02,충청북도 청주시 흥덕구 강내면 월탄리,청주시 흥덕구,강내면,200,29,0,20,6.05,1,단기가능 한국교원대 초근접 풀옵 원룸,https://www.zigbang.com/home/apt/items/49435657
2026-07-03 07:07:23,원룸,49383098,월세,01,충청북도 청주시 흥덕구 강내면 월탄리,청주시 흥덕구,강내면,200,19,0,21,6.35,3,"ll 단기가능 ll 즉시입주,풀옵션,주차가능",https://www.zigbang.com/home/apt/items/49383098
2026-07-03 07:07:23,원룸,49439968,월세,02,충청남도 천안시 동남구 수신면 속창리,천안시 동남구,수신면,200,32,0,29.75,9.0,2,수신면 귀한 원룸 깔끔한 인테리어,https://www.zigbang.com/home/apt/items/49439968
2026-07-03 07:07:24,원룸,49588559,월세,01,충청북도 청주시 흥덕구 송절동,청주시 흥덕구,송절동,300,46,0,20.69,6.26,2,NO.1 첫 입주 초저가oo첫입주 원룸oo어서잡아요,https://www.zigbang.com/home/apt/items/49588559
2026-07-03 07:07:24,원룸,49551190,월세,01,충청북도 청주시 흥덕구 송절동,청주시 흥덕구,송절동,500,65,0,28.86,8.73,3,초호화 럭셔리 특대형 원룸 첫입주 법인만 보증금 500만원,https://www.zigbang.com/home/apt/items/49551190
2026-07-03 07:07:24,원룸,49551138,월세,01,충청북도 청주시 흥덕구 송절동,청주시 흥덕구,송절동,300,35,0,20.69,6.26,3,신축 풀옵션 미리 선점하세요,https://www.zigbang.com/home/apt/items/49551138
2026-07-03 07:07:24,원룸,49519939,월세,01,충청북도 청주시 흥덕구 송절동,청주시 흥덕구,송절동,300,40,0,23.37,7.07,2,뷰가 좋은 신축원룸,https://www.zigbang.com/home/apt/items/49519939
2026-07-03 07:07:24,원룸,49494006,월세,02,충청북도 청주시 흥덕구 송절동,청주시 흥덕구,송절동,1000,61,0,29.51,8.93,2,하이닉스5분거리.송절동첫입주투베이월세입니다.,https://www.zigbang.com/home/apt/items/49494006
2026-07-03 07:07:24,원룸,49493934,월세,01,충청북도 청주시 흥덕구 송절동,청주시 흥덕구,송절동,500,51,0,21.38,6.47,2,하이닉스5분거리.신축 첫입주 원룸월세 조건 맞춰 드립니다.,https://www.zigbang.com/home/apt/items/49493934
2026-07-03 07:07:24,원룸,49489626,월세,01,충청북도 청주시 흥덕구 송절동,청주시 흥덕구,송절동,500,50,0,21.38,6.47,2,"WOW첫입주 엘리베이터원룸,송절동 힐데스하임아파트정문",https://www.zigbang.com/home/apt/items/49489626
2026-07-03 07:07:24,원룸,49425993,월세,01,충청북도 청주시 흥덕구 송절동,청주시 흥덕구,송절동,300,46,0,21.6,6.53,3,NO.1 첫입주 신축 원룸oo모던한 인테리어oo어서잡아요,https://www.zigbang.com/home/apt/items/49425993
2026-07-03 07:07:24,원룸,49369878,월세,01,충청북도 청주시 흥덕구 송절동,청주시 흥덕구,송절동,300,50,0,23.83,7.21,2,넓은 원룸 송절동 뷰 최강 원룸,https://www.zigbang.com/home/apt/items/49369878
2026-07-03 07:07:24,원룸,49354505,월세,01,충청북도 청주시 흥덕구 송절동,청주시 흥덕구,송절동,1000,65,0,30,9.07,3,송절동 넓은 원룸 첫 입주자되세요,https://www.zigbang.com/home/apt/items/49354505
2026-07-03 07:07:24,원룸,49354485,월세,01,충청북도 청주시 흥덕구 송절동,청주시 흥덕구,송절동,1000,60,0,25,7.56,3,송절동 신축 원룸 첫 입주자되세요,https://www.zigbang.com/home/apt/items/49354485
2026-07-03 07:07:24,원룸,49255248,월세,01,충청북도 청주시 흥덕구 송절동,청주시 흥덕구,송절동,300,41,0,20.69,6.26,3,NO.1 첫입주 최저가 원룸oo하이닉스 초근접oo어서잡아요,https://www.zigbang.com/home/apt/items/49255248
2026-07-03 07:07:31,원룸,49436055,월세,02,충청남도 천안시 동남구 병천면 가전리,천안시 동남구,병천면,300,40,0,39.98,12.09,2,단기임대 정남향 즉시 입주 가능합니다.,https://www.zigbang.com/home/apt/items/49436055
2026-07-03 07:07:31,원룸,49406277,월세,02,충청남도 천안시 동남구 병천면 가전리,천안시 동남구,병천면,100,30,0,26.45,8.0,2,한기대 인근 가성비 아주좋은 주차장 널널 인터넷까지,https://www.zigbang.com/home/apt/items/49406277
2026-07-03 07:07:34,원룸,49562541,월세,01,충청북도 진천군 진천읍 교성리,진천군,진천읍,300,44,0,26.45,8.0,4,우석대 정문 근처 에 있는  도시가스되는 신축원룸입니다.,https://www.zigbang.com/home/apt/items/49562541
2026-07-03 07:07:34,원룸,49562513,월세,02,충청북도 진천군 진천읍 교성리,진천군,진천읍,500,35,0,18.24,5.52,6,군청인근에 있는 도시가스 되는 원룸입니다.,https://www.zigbang.com/home/apt/items/49562513
2026-07-03 07:07:34,원룸,49558824,월세,02,충청북도 진천군 진천읍 교성리,진천군,진천읍,500,36,0,24,7.26,3,"진천군청,우석대학교 인근 풀옵션원룸 엘베있음",https://www.zigbang.com/home/apt/items/49558824
2026-07-03 07:07:34,원룸,49505938,월세,02,충청북도 진천군 진천읍 교성리,진천군,진천읍,300,35,0,26.45,8.0,4,"우석대인근, 화랑공원 인근 원룸입니다.",https://www.zigbang.com/home/apt/items/49505938
2026-07-03 07:07:34,원룸,49481974,월세,02,충청북도 진천군 진천읍 교성리,진천군,진천읍,300,39,0,26.45,8.0,3,"군청인근에 있는 1.5 원룸. 거실, 방, 베란다, 분리형",https://www.zigbang.com/home/apt/items/49481974
2026-07-03 07:07:34,원룸,49358658,월세,02,충청북도 진천군 진천읍 교성리,진천군,진천읍,500,37,0,26.45,8.0,3,"우석대,진천군청 인근 엘베있는 신축급 원룸",https://www.zigbang.com/home/apt/items/49358658
2026-07-03 07:07:20,원룸,49200223,월세,05,경기도 화성시 동탄구 영천동,화성시 동탄구,영천동,5000,150,0,181.4,54.87,24,"ꗄ쓰리룸. 욕실2개ꗄ신축최다옵션ꗄ입지굿,테크노밸리중심ꗄ",https://www.zigbang.com/home/apt/items/49200223
2026-07-03 07:07:20,원룸,49180673,월세,01,경기도 화성시 동탄구 영천동,화성시 동탄구,영천동,500,60,0,18.84,5.7,8,ㅣ앨리YESㅣ출퇴근 10분컷ㅣ수납장 대박ㅣ가성비로 승부ㅣ,https://www.zigbang.com/home/apt/items/49180673
2026-07-03 07:07:20,원룸,49124999,월세,01,경기도 화성시 동탄구 영천동,화성시 동탄구,영천동,1000,95,0,68.5,20.72,2,멋진지타워 코너시티뷰 전용 21 넓은공간의 라이브오피스,https://www.zigbang.com/home/apt/items/49124999
2026-07-03 07:07:20,원룸,49105018,월세,01,경기도 화성시 동탄구 영천동,화성시 동탄구,영천동,500,60,0,20.56,6.22,4,ㅣ세븐ㅣꁘ꿈꾸는 앨리ꯁꯁ관리비저렴 ꒰수납독보적꒱,https://www.zigbang.com/home/apt/items/49105018
2026-07-03 07:07:20,원룸,49048489,월세,01,경기도 화성시 동탄구 영천동,화성시 동탄구,영천동,500,70,0,40.8,12.34,5,"즉시입주가,귀한매물,풀옵션신축,넓은 실내,베란다별도",https://www.zigbang.com/home/apt/items/49048489
2026-07-03 07:07:20,원룸,49529652,월세,01,경기도 화성시 영천동,화성시,영천동,500,65,0,29.5,8.92,9,7월초입주가능ꯁ신축화이트인테리어ꯁ환상뻥뷰ꯁ스타일러까지풀옵션,https://www.zigbang.com/home/apt/items/49529652
2026-07-03 07:07:20,원룸,49459424,전세,01,경기도 화성시 동탄구 영천동,화성시 동탄구,영천동,13000,0,0,64.33,19.46,중,Hi 자연뷰v월세없음v7.4평v넓은원룸v,https://www.zigbang.com/home/apt/items/49459424
2026-07-03 07:07:20,원룸,49350733,월세,03,경기도 화성시 동탄구 영천동,화성시 동탄구,영천동,500,65,0,32.74,9.9,2,스타일러 완비된 프리미엄 복층,https://www.zigbang.com/home/apt/items/49350733
2026-07-03 07:07:20,원룸,49296717,월세,01,경기도 화성시 동탄구 영천동,화성시 동탄구,영천동,500,65,0,26.4,7.99,15,ꯁ즉시입주가능ꯁ스타일러까지풀옵션ꯁ뷰.입지굿.신축ꯁ,https://www.zigbang.com/home/apt/items/49296717
2026-07-03 07:07:34,원룸,49482051,월세,01,충청북도 진천군 진천읍 장관리,진천군,진천읍,500,38,0,22.81,6.9,4,"번화가보다  아파트 단지 근처에 있어요,",https://www.zigbang.com/home/apt/items/49482051
2026-07-03 07:07:34,원룸,49458135,월세,01,충청북도 증평군 증평읍 초중리,증평군,증평읍,300,30,0,33.06,10.0,2,신축급ㅣ깔끔한ㅣ풀옵션원룸ㅣ엘베완비,https://www.zigbang.com/home/apt/items/49458135
2026-07-03 07:07:34,원룸,49585799,월세,01,충청북도 증평군 증평읍 증평리,증평군,증평읍,200,28,0,20,6.05,3,엘리베이터 있는원룸으로 제일 저렴한월세임,https://www.zigbang.com/home/apt/items/49585799
2026-07-03 07:07:34,원룸,49403045,월세,02,충청북도 증평군 증평읍 증평리,증평군,증평읍,300,30,0,33.06,10.0,2,"시내권 풀옵션 원룸ㅣ엘베완비ㅣ증평역1분, 터미널10분컷",https://www.zigbang.com/home/apt/items/49403045
2026-07-03 07:07:34,원룸,49394248,월세,02,충청북도 증평군 증평읍 증평리,증평군,증평읍,300,35,0,24,7.26,2,"재래시장,기차증평역,초중고도보5분거리",https://www.zigbang.com/home/apt/items/49394248
2026-07-03 07:07:34,원룸,49283428,월세,02,충청북도 증평군 증평읍 초중리,증평군,증평읍,200,21,0,24,7.26,2,마트가 1분 가성비1등 풀옵션 원룸,https://www.zigbang.com/home/apt/items/49283428
2026-07-03 07:07:35,원룸,49568779,월세,02,충청북도 증평군 증평읍 교동리,증평군,증평읍,300,35,0,26,7.86,4,원룰이 넓은 편입니다  주방과방이 분리형임,https://www.zigbang.com/home/apt/items/49568779
2026-07-03 07:07:35,원룸,49568740,전세,02,충청북도 증평군 증평읍 증평리,증평군,증평읍,4000,0,0,33,9.98,2,넓고 깨끗한 쾌적한 반투베이 원룸,https://www.zigbang.com/home/apt/items/49568740
2026-07-03 07:07:35,원룸,49568695,월세,02,충청북도 증평군 증평읍 창동리,증평군,증평읍,300,35,0,24,7.26,3,시내중심지에 위치해 자동차 없는분들 주거하시기좋아요,https://www.zigbang.com/home/apt/items/49568695
2026-07-03 07:07:35,원룸,49568658,월세,02,충청북도 증평군 증평읍 창동리,증평군,증평읍,500,40,0,40,12.1,3,투베이 방1개 주방겸거실,https://www.zigbang.com/home/apt/items/49568658
2026-07-03 07:07:35,원룸,49568566,월세,02,충청북도 증평군 증평읍 장동리,증평군,증평읍,500,40,0,33,9.98,4,테라스넓은. 4층투베이,https://www.zigbang.com/home/apt/items/49568566
2026-07-03 07:07:35,원룸,49342808,월세,02,충청북도 증평군 증평읍 송산리,증평군,증평읍,300,38,0,48.8,14.76,2,투베이월세ㅣ원룸가격에 투베이 가성비좋아요,https://www.zigbang.com/home/apt/items/49342808
2026-07-03 07:07:35,원룸,49254145,월세,02,충청북도 증평군 증평읍 송산리,증평군,증평읍,300,38,0,46.28,14.0,2,스세권 스벅도보10분ㅣ풀옵션투베이,https://www.zigbang.com/home/apt/items/49254145
2026-07-03 07:07:35,원룸,49562552,월세,02,충청북도 진천군 진천읍 신정리,진천군,진천읍,300,30,0,19.83,6.0,4,우석대 인근 원룸입니다.,https://www.zigbang.com/home/apt/items/49562552
2026-07-03 07:07:35,원룸,49510386,월세,01,충청북도 진천군 진천읍 교성리,진천군,진천읍,300,38,0,16.53,5.0,2,"우석대, 화랑공원인근 있어요",https://www.zigbang.com/home/apt/items/49510386
2026-07-03 07:07:35,원룸,49510377,월세,02,충청북도 진천군 진천읍 교성리,진천군,진천읍,500,37,0,15.2,4.6,2,"우석대, 성당인근 도시가스되며, 엘레베이터 있는 원룸입니다",https://www.zigbang.com/home/apt/items/49510377
2026-07-03 07:07:35,원룸,49340208,월세,01,충청북도 진천군 진천읍 교성리,진천군,진천읍,500,40,0,19.83,6.0,3,"화랑공원, 지에스마트 인근, 엘레베이터 2023년신축 원룸",https://www.zigbang.com/home/apt/items/49340208
2026-07-03 07:07:35,원룸,49283556,월세,02,충청북도 진천군 진천읍 교성리,진천군,진천읍,300,35,0,16.53,5.0,2,"우석대, 성당 인근 원룸입니다.",https://www.zigbang.com/home/apt/items/49283556
2026-07-03 07:07:35,원룸,49560176,월세,02,충청북도 진천군 덕산읍 산수리,진천군,덕산읍,300,33,0,24,7.26,3,산수산단 내 깔끔한 원룸 엘베있음,https://www.zigbang.com/home/apt/items/49560176
2026-07-03 07:07:35,원룸,49538697,월세,01,충청북도 진천군 덕산읍 산수리,진천군,덕산읍,300,30,0,26.45,8.0,3,산단내부 엘베있는 원룸,https://www.zigbang.com/home/apt/items/49538697
2026-07-03 07:07:35,원룸,49358699,월세,02,충청북도 진천군 덕산읍 산수리,진천군,덕산읍,300,30,0,26.45,8.0,3,산수산단 내 엘베 있는 신축급 원룸,https://www.zigbang.com/home/apt/items/49358699
2026-07-03 07:07:35,원룸,49575485,월세,01,충청북도 음성군 맹동면 두성리,음성군,맹동면,300,24,0,23,6.96,1,맹동산단 인근 건조기 있는 신축원룸  월세 풀옵션,https://www.zigbang.com/home/apt/items/49575485
2026-07-03 07:07:35,원룸,49561129,월세,01,충청북도 음성군 맹동면 두성리,음성군,맹동면,300,50,0,36.05,10.91,9,한국가스안전공사 바로 뒤에 위치,https://www.zigbang.com/home/apt/items/49561129
2026-07-03 07:07:35,원룸,49530208,월세,02,충청북도 음성군 맹동면 두성리,음성군,맹동면,1500,17,0,27,8.17,1,유촌산단 인근 신축 넓은 원룸 풀옵션  반전세 월세가능,https://www.zigbang.com/home/apt/items/49530208
2026-07-03 07:07:35,원룸,49520877,월세,01,충청북도 음성군 맹동면 두성리,음성군,맹동면,300,50,0,36.05,10.91,5,신축  인기 많은  매물  중심 상권 인접,https://www.zigbang.com/home/apt/items/49520877
2026-07-03 07:07:35,원룸,49516276,월세,01,충청북도 음성군 맹동면 두성리,음성군,맹동면,300,50,0,36.54,11.05,5,위치  한국소지바원 바로 뒤 위치  7월10일이후 입주가능,https://www.zigbang.com/home/apt/items/49516276
2026-07-03 07:07:35,원룸,49515995,월세,01,충청북도 음성군 맹동면 두성리,음성군,맹동면,300,50,0,36.06,10.91,9,넓고 신축이며  중심상권 인접합니다.  7월25일이후입주,https://www.zigbang.com/home/apt/items/49515995
2026-07-03 07:07:35,원룸,49497651,월세,01,충청북도 음성군 맹동면 두성리,음성군,맹동면,300,50,0,36.06,10.91,8,신축으로  첫입주 동향 . 1층 2층 주차장 단기임대가능,https://www.zigbang.com/home/apt/items/49497651
2026-07-03 07:07:35,원룸,49453652,월세,01,충청북도 음성군 맹동면 두성리,음성군,맹동면,10,50,0,36.05,10.91,2,한국가스안전공사 후문 단기3개월  공실 침대x 전입신고x,https://www.zigbang.com/home/apt/items/49453652
2026-07-03 07:07:35,원룸,49446884,월세,01,충청북도 음성군 맹동면 두성리,음성군,맹동면,300,50,0,36.05,10.91,7,넓고 쾌적하고 조용 합니다  도시가스 급매물,https://www.zigbang.com/home/apt/items/49446884
2026-07-03 07:07:35,원룸,49420660,월세,01,충청북도 음성군 맹동면 두성리,음성군,맹동면,300,55,0,57.58,17.42,고,탁트인 조망  산뷰  인기 많은 저렴한 오피스텔 전입신고x,https://www.zigbang.com/home/apt/items/49420660
2026-07-03 07:07:35,원룸,49419436,월세,01,충청북도 음성군 맹동면 두성리,음성군,맹동면,500,50,0,57.58,17.42,8,호텔급 내부시설 최신시설   발코니유 8월12일 이후 입주,https://www.zigbang.com/home/apt/items/49419436
2026-07-03 07:07:35,원룸,49342067,월세,01,충청북도 음성군 맹동면 동성리,음성군,맹동면,500,45,0,27,8.17,1,쌍용아파트인근  즉시입주가능 주변상권풍부  사진그대로,https://www.zigbang.com/home/apt/items/49342067
2026-07-03 07:07:40,원룸,49535081,월세,01,경기도 안성시 금광면 신양복리,안성시,금광면,2500,25,0,23.14,7.0,2,"O우리O 금광면 조용한 풀옵션 원룸 반전세, 월세가능",https://www.zigbang.com/home/apt/items/49535081
2026-07-03 07:07:40,원룸,49535052,월세,01,경기도 안성시 금광면 신양복리,안성시,금광면,300,42,0,23.14,7.0,2,"O우리O 금광면 조용한 풀옵션 원룸 월세, 반전세가능",https://www.zigbang.com/home/apt/items/49535052
2026-07-03 07:07:40,원룸,49495336,월세,02,충청북도 진천군 이월면 송림리,진천군,이월면,500,46,0,36.36,11.0,2,진천테크노폴리스 인근 신축 투베이 1.5룸 풀옵션,https://www.zigbang.com/home/apt/items/49495336
2026-07-03 07:07:40,원룸,49572999,월세,01,경기도 안성시 인지동,안성시,인지동,200,34,0,22,6.65,2,"O우리O 인지사거리 근접 풀옵션 원룸, 2년계약",https://www.zigbang.com/home/apt/items/49572999
2026-07-03 07:07:40,원룸,49570524,월세,02,경기도 안성시 금산동,안성시,금산동,1000,75,0,36.36,11.0,3,ꔚ7월중순입주가능ꔚ풀옵션 1.5룸ꔚ금산동ꔚ,https://www.zigbang.com/home/apt/items/49570524
2026-07-03 07:07:40,원룸,49570497,월세,01,경기도 안성시 구포동,안성시,구포동,500,60,0,26.44,8.0,1,ꔚ7월중순입주가능ꔚ구포동ꔚ풀옵션 원룸ꔚ,https://www.zigbang.com/home/apt/items/49570497
2026-07-03 07:07:40,원룸,49543399,전세,01,경기도 안성시 명륜동,안성시,명륜동,5000,0,0,23.2,7.02,2,ꔚ명륜동ꔚ원룸전세ꔚ방넓고 깔끔해요ꔚ,https://www.zigbang.com/home/apt/items/49543399
2026-07-03 07:07:40,원룸,49543390,월세,01,경기도 안성시 인지동,안성시,인지동,200,43,0,19.8,5.99,2,7.4이후입주가능ꔚ인지사거리인근ꔚ인지동ꔚ원룸월세ꔚ,https://www.zigbang.com/home/apt/items/49543390
2026-07-03 07:07:40,원룸,49457277,전세,02,경기도 안성시 도기동,안성시,도기동,7000,0,0,49.6,15.0,4,O우리O 인지사거리 인근 안성천변 풀옵션 1.5룸 전세,https://www.zigbang.com/home/apt/items/49457277
2026-07-03 07:07:40,원룸,49378654,월세,01,경기도 안성시 당왕동,안성시,당왕동,500,45,0,23.5,7.11,2,O우리O 한경국립대 후문 인근 풀옵션 원룸,https://www.zigbang.com/home/apt/items/49378654
2026-07-03 07:07:40,원룸,49263307,월세,03,경기도 안성시 구포동,안성시,구포동,1000,80,0,49.14,14.86,1,O우리O 안성시내 풀옵션 복층형 단독원룸 땅콩주택,https://www.zigbang.com/home/apt/items/49263307
2026-07-03 07:07:41,원룸,49530562,월세,02,충청북도 진천군 이월면 신월리,진천군,이월면,300,33,0,33.06,10.0,1,풀 옵션 시골 전원주택 분위기 이며 1층에 1층,https://www.zigbang.com/home/apt/items/49530562
2026-07-03 07:07:41,원룸,49577610,월세,02,충청북도 진천군 광혜원면 광혜원리,진천군,광혜원면,200,29,0,19.83,6.0,3,광혜원 산단 앞 원룸 월세,https://www.zigbang.com/home/apt/items/49577610
2026-07-03 07:07:41,원룸,49559004,월세,02,충청북도 음성군 대소읍 오류리,음성군,대소읍,300,38,0,33,9.98,1,"대소IC인근,  음성유통단지 인근 가성비 굿 투베이",https://www.zigbang.com/home/apt/items/49559004
2026-07-03 07:07:41,원룸,49515185,월세,02,충청북도 진천군 광혜원면 광혜원리,진천군,광혜원면,1000,70,0,36,10.89,1,광혜원면 1.5룸 단독주택 월세입니다. 마당 넓습니다.,https://www.zigbang.com/home/apt/items/49515185
2026-07-03 07:07:41,원룸,49504489,월세,02,충청북도 음성군 대소읍 오류리,음성군,대소읍,500,50,0,40.08,12.12,3,대소읍 사무소 건너. 도시가스. 엘리베이터,https://www.zigbang.com/home/apt/items/49504489
2026-07-03 07:07:41,원룸,49453033,월세,01,충청북도 음성군 대소읍 오류리,음성군,대소읍,300,32,0,26.45,8.0,2,방 크고 환해요. 주차 공간 좋은편.,https://www.zigbang.com/home/apt/items/49453033
2026-07-03 07:07:41,원룸,49441798,전세,02,충청북도 음성군 대소면 오류리,음성군,대소면,3000,0,0,23.5,7.11,2,반전세가능.ott시청가능.깔끔한.풀옵션.엘리베이터.,https://www.zigbang.com/home/apt/items/49441798
2026-07-03 07:07:41,원룸,49412226,월세,01,충청북도 음성군 대소읍 오류리,음성군,대소읍,300,30,0,20,6.05,1,ott시청가능.깔끔한.풀옵션.원룸.집앞편의점,https://www.zigbang.com/home/apt/items/49412226
2026-07-03 07:07:41,원룸,49368071,월세,02,충청북도 음성군 대소면 오류리,음성군,대소면,300,33,0,24.5,7.41,2,저렴하면서 채광좋은.풀옵션원룸.대풍물류단지.대풍산단인근위치,https://www.zigbang.com/home/apt/items/49368071
2026-07-03 07:07:41,원룸,49368038,월세,02,충청북도 음성군 대소읍 오류리,음성군,대소읍,300,33,0,27,8.17,3,넓은분리형 원룸.퀸사이즈 침대도 문제 없어요,https://www.zigbang.com/home/apt/items/49368038
2026-07-03 07:07:41,원룸,49319038,월세,01,충청북도 음성군 대소읍 오류리,음성군,대소읍,300,30,0,22,6.65,3,대소유통단지 인근 풀옵션 원룸,https://www.zigbang.com/home/apt/items/49319038
2026-07-03 07:07:41,원룸,49563938,월세,02,충청북도 진천군 덕산읍 신척리,진천군,덕산읍,300,52,0,53,16.03,3,외국인 없는 유일한 건물. 스마트 그린시티 바로옆,https://www.zigbang.com/home/apt/items/49563938
2026-07-03 07:07:41,원룸,49414309,월세,02,충청북도 진천군 덕산읍 신척리,진천군,덕산읍,500,49,0,33,9.98,5,1.5룸 풀옵션 신축아파트,https://www.zigbang.com/home/apt/items/49414309
2026-07-03 07:07:41,원룸,49346235,월세,02,충청북도 진천군 덕산읍 신척리,진천군,덕산읍,500,49,0,39.43,11.93,6,.주말도 가능합니다. 신축 첫입주 호수뷰 좋습니다.,https://www.zigbang.com/home/apt/items/49346235
2026-07-03 07:07:41,원룸,49278045,월세,02,충청북도 진천군 덕산읍 신척리,진천군,덕산읍,500,49,0,39.43,11.93,10,방1 거실1 화장실2 천정형에어컨2 신축 월세 첫입주,https://www.zigbang.com/home/apt/items/49278045
2026-07-03 07:07:41,원룸,49253432,월세,02,충청북도 진천군 덕산읍 신척리,진천군,덕산읍,500,49,0,39.43,11.93,9,"이벤트 확인 필. 첫입주 거실1, 방1, 화장실2 월세",https://www.zigbang.com/home/apt/items/49253432
2026-07-03 07:07:41,원룸,49214786,월세,02,충청북도 진천군 덕산읍 신척리,진천군,덕산읍,500,49,0,39.43,11.93,8,"넓고 좋다 거실1,방1 시스템에어컨",https://www.zigbang.com/home/apt/items/49214786
2026-07-03 07:07:41,원룸,49214776,월세,02,충청북도 진천군 덕산읍 신척리,진천군,덕산읍,500,49,0,39.43,11.93,10,특가 도시가스 투베이형 넓다,https://www.zigbang.com/home/apt/items/49214776
2026-07-03 07:07:41,원룸,48987067,월세,02,충청북도 진천군 덕산읍 신척리,진천군,덕산읍,500,67,0,51.3,15.52,9,"첫입주 거실1, 방2, 화장실2 월세",https://www.zigbang.com/home/apt/items/48987067
2026-07-03 07:07:41,원룸,48951562,월세,02,충청북도 진천군 덕산읍 신척리,진천군,덕산읍,300,40,0,29.75,9.0,4,신척저수지 바로 앞 투베이,https://www.zigbang.com/home/apt/items/48951562
2026-07-03 07:07:41,원룸,49587161,월세,02,충청북도 음성군 맹동면 쌍정리,음성군,맹동면,300,37,0,26.45,8.0,3,넓고 신축급 엘베있으요,https://www.zigbang.com/home/apt/items/49587161
2026-07-03 07:07:41,원룸,49582202,월세,02,충청북도 음성군 맹동면 본성리,음성군,맹동면,300,32,0,26,7.86,2,동성초 인근 신축원룸 월세 풀옵션 반전세가능  즉시입주가능,https://www.zigbang.com/home/apt/items/49582202
2026-07-03 07:07:41,원룸,49568599,월세,01,충청북도 음성군 맹동면 본성리,음성군,맹동면,300,37,0,27.71,8.38,2,조용하고 밝은방  엘리베이터있어 편리,https://www.zigbang.com/home/apt/items/49568599
2026-07-03 07:07:41,원룸,49559651,월세,02,충청북도 음성군 맹동면 쌍정리,음성군,맹동면,500,40,0,26.45,8.0,4,"관리 굿 ,상태 굿 ,층간소음 노노 풀옵션원룸 엘베유",https://www.zigbang.com/home/apt/items/49559651
2026-07-03 07:07:41,원룸,49559029,월세,02,충청북도 음성군 맹동면 본성리,음성군,맹동면,200,27,0,24,7.26,4,가성비 굿 풀옵션원룸 혁도도보가능,https://www.zigbang.com/home/apt/items/49559029
2026-07-03 07:07:41,원룸,49530162,월세,02,충청북도 음성군 맹동면 쌍정리,음성군,맹동면,500,40,0,26.45,8.0,4,유촌산단 인근 신축원룸 풀옵션 즉시입주가능,https://www.zigbang.com/home/apt/items/49530162
2026-07-03 07:07:41,원룸,49498096,월세,01,충청북도 음성군 맹동면 본성리,음성군,맹동면,200,32,0,23,6.96,2,한국가스안정공사까지 도보15분  저렴하고 7월10일입주가능,https://www.zigbang.com/home/apt/items/49498096
2026-07-03 07:07:41,원룸,49498051,월세,01,충청북도 음성군 맹동면 본성리,음성군,맹동면,300,32,0,23.61,7.14,4,충북혁신도시입구위치  한국가스안전공사까지도보15분,https://www.zigbang.com/home/apt/items/49498051
2026-07-03 07:07:41,원룸,49461834,월세,02,충청북도 음성군 맹동면 쌍정리,음성군,맹동면,500,40,0,26.45,8.0,3,굿인테리어 원룸  요기요기,https://www.zigbang.com/home/apt/items/49461834
2026-07-03 07:07:41,원룸,49437600,월세,02,충청북도 음성군 맹동면 쌍정리,음성군,맹동면,200,32,0,26,7.86,2,유촌산단 인근 신축원룸 월세 풀옵션 즉시입주가능,https://www.zigbang.com/home/apt/items/49437600
2026-07-03 07:07:41,원룸,49437508,월세,02,충청북도 음성군 맹동면 본성리,음성군,맹동면,300,32,0,23.14,7.0,4,동성초 인근 신축원룸 풀옵션 즉시입주 가능,https://www.zigbang.com/home/apt/items/49437508
2026-07-03 07:07:41,원룸,49582121,월세,02,충청북도 음성군 금왕읍 본대리,음성군,금왕읍,300,45,0,33,9.98,3,"컨디션 굿, 사이즈 굿 , 깨끗한 풀옵션 투베이",https://www.zigbang.com/home/apt/items/49582121
2026-07-03 07:07:41,원룸,49559619,월세,02,충청북도 음성군 금왕읍 본대리,음성군,금왕읍,300,37,0,26.45,8.0,2,최고의 옵션 and 넓은 사이즈 와 조망까지 .....,https://www.zigbang.com/home/apt/items/49559619
2026-07-03 07:07:41,원룸,49539305,월세,02,충청북도 음성군 금왕읍 오선리,음성군,금왕읍,300,45,0,30,9.07,4,금왕산단인근  넉넉한 거주공간  잘빠진 투베이 1.5룸,https://www.zigbang.com/home/apt/items/49539305
2026-07-03 07:07:41,원룸,49493588,월세,02,충청북도 음성군 금왕읍 오선리,음성군,금왕읍,300,45,0,24,7.26,4,"오선초 인근 즉시 입주, 엘베 있는 풀옵션 편한 원룸",https://www.zigbang.com/home/apt/items/49493588
2026-07-03 07:07:41,원룸,49493515,월세,02,충청북도 음성군 금왕읍 오선리,음성군,금왕읍,300,35,0,21,6.35,3,"바로 들어올 수 있는 풀옵션 원룸, 엘베에 오선초 인근",https://www.zigbang.com/home/apt/items/49493515
2026-07-03 07:07:41,원룸,49461600,월세,02,충청북도 음성군 금왕읍 본대리,음성군,금왕읍,300,45,0,33.06,10.0,4,"남향이라 해 잘들고, 가전 좋은 투베이",https://www.zigbang.com/home/apt/items/49461600
2026-07-03 07:07:41,원룸,49460846,월세,02,충청북도 음성군 금왕읍 오선리,음성군,금왕읍,300,50,0,30,9.07,4,"원칙을 지키는 중개, 바른부동산",https://www.zigbang.com/home/apt/items/49460846
2026-07-03 07:07:41,원룸,49401270,월세,02,충청북도 음성군 금왕읍 본대리,음성군,금왕읍,300,40,0,33.06,10.0,3,혼자 살기 넉넉한 1.5룸 월세,https://www.zigbang.com/home/apt/items/49401270
2026-07-03 07:07:41,원룸,49316782,월세,02,충청북도 음성군 금왕읍 본대리,음성군,금왕읍,300,37,0,24,7.26,3,풀옵션 원룸 월세 여기에요,https://www.zigbang.com/home/apt/items/49316782
2026-07-03 07:07:41,원룸,49263548,월세,02,충청북도 음성군 금왕읍 본대리,음성군,금왕읍,300,45,0,33.06,10.0,3,"신축 투베이. 성본산단 3분, 풀옵션",https://www.zigbang.com/home/apt/items/49263548
2026-07-03 07:07:41,원룸,49263489,월세,02,충청북도 음성군 금왕읍 본대리,음성군,금왕읍,300,45,0,33.06,10.0,2,성본산단 인근 투베이,https://www.zigbang.com/home/apt/items/49263489
2026-07-03 07:07:41,원룸,49583416,월세,01,충청북도 음성군 삼성면 덕정리,음성군,삼성면,100,39,0,20,6.05,1,"신축급 컨디션의 가성비 좋은 원룸, 즉시 입주 가능합니다.",https://www.zigbang.com/home/apt/items/49583416
2026-07-03 07:07:41,원룸,49582113,월세,01,충청북도 음성군 삼성면 덕정리,음성군,삼성면,300,40,0,26.45,8.0,2,삼성면 터미널 부근. 깨끗하고 큰 분리형 원룸,https://www.zigbang.com/home/apt/items/49582113
2026-07-03 07:07:41,원룸,49567974,월세,01,충청북도 음성군 삼성면 덕정리,음성군,삼성면,300,40,0,20,6.05,4,삼성시장 내 위치해 생활이 편리하고 깨끗한 원룸.,https://www.zigbang.com/home/apt/items/49567974
2026-07-03 07:07:42,원룸,49460748,월세,02,충청북도 음성군 생극면 신양리,음성군,생극면,500,40,0,58.54,17.71,2,"원칙을 지키는 중개, 바른부동산",https://www.zigbang.com/home/apt/items/49460748
2026-07-03 07:07:42,원룸,49535249,월세,02,경기도 용인시 처인구 원삼면 죽능리,용인시 처인구,원삼면,1000,110,0,21.24,6.43,1,ㅇ빠른입주ㅇSK현장 차5분ㅇ신축 분리형 원룸ㅇ,https://www.zigbang.com/home/apt/items/49535249
2026-07-03 07:07:42,원룸,49492360,월세,02,경기도 용인시 처인구 원삼면 사암리,용인시 처인구,원삼면,500,140,0,30,9.07,4,ㅇ7월중순ㅇSK현장 차5분ㅇ신축 복층형 투룸ㅇ,https://www.zigbang.com/home/apt/items/49492360
2026-07-03 07:07:43,원룸,49519184,월세,01,경기도 용인시 처인구 원삼면 죽능리,용인시 처인구,원삼면,200,50,0,13.22,4.0,1,ㅇ빠른입주ㅇSK현장 차5분ㅇ저렴한 원룸ㅇ,https://www.zigbang.com/home/apt/items/49519184
2026-07-03 07:07:43,원룸,49584185,월세,02,경기도 용인시 처인구 백암면 백봉리,용인시 처인구,백암면,500,110,0,33.05,10.0,4,ㅇSK현장 차15분ㅇ신축 첫입주 1.5룸ㅇ풀옵션ㅇ,https://www.zigbang.com/home/apt/items/49584185
2026-07-03 07:07:43,원룸,49585808,월세,02,경기도 이천시 마장면 표교리,이천시,마장면,500,45,0,21.66,6.55,4,7월 8일 이후 입주가  분리형 원룸 풀옵션. 주차 편함.,https://www.zigbang.com/home/apt/items/49585808
2026-07-03 07:07:43,원룸,49516007,월세,02,경기도 이천시 마장면 덕평리,이천시,마장면,500,53,0,33.05,10.0,2,"덕평IC인근 넓은 1.5룸, 엘베있는 풀옵션",https://www.zigbang.com/home/apt/items/49516007
2026-07-03 07:07:43,원룸,49515991,월세,01,경기도 이천시 마장면 덕평리,이천시,마장면,500,48,0,26.45,8.0,4,덕평IC인근 신축급  원룸  풀옵션 엘베유,https://www.zigbang.com/home/apt/items/49515991
2026-07-03 07:07:43,원룸,49376587,월세,02,경기도 이천시 마장면 표교리,이천시,마장면,500,45,0,21.66,6.55,2,8월16일 이후 입주가능 엘리베이터 있음,https://www.zigbang.com/home/apt/items/49376587
2026-07-03 07:07:43,원룸,49570729,월세,01,경기도 이천시 호법면 유산리,이천시,호법면,500,45,0,24,7.26,4,풀옵션 엘베있고 주차100프로,https://www.zigbang.com/home/apt/items/49570729
2026-07-03 07:07:44,원룸,49574151,월세,02,경기도 이천시 고담동,이천시,고담동,500,40,0,23.14,7.0,4,이천시 고담동 sk하이닉스 후문인근 신축급 분리형원룸월세,https://www.zigbang.com/home/apt/items/49574151
2026-07-03 07:07:44,원룸,49569413,월세,02,경기도 이천시 부발읍 신하리,이천시,부발읍,500,45,0,26.45,8.0,1,이천시 신하리 넓은 1.5룸 월세,https://www.zigbang.com/home/apt/items/49569413
2026-07-03 07:07:44,원룸,49569359,월세,02,경기도 이천시 고담동,이천시,고담동,500,42,0,23.45,7.09,2,이천 고담동sk하이닉스 후문 인근 분리형원룸월세,https://www.zigbang.com/home/apt/items/49569359
2026-07-03 07:07:44,원룸,49553027,월세,02,경기도 이천시 고담동,이천시,고담동,500,40,0,28,8.47,1,"넓은 신축급  분리형  원룸, 풀옵션",https://www.zigbang.com/home/apt/items/49553027
2026-07-03 07:07:44,원룸,49545153,월세,02,경기도 이천시 부발읍 신하리,이천시,부발읍,500,50,0,28,8.47,3,"신하리 깔끔한 신축급 풀옵션, 분리형원룸, 이백호단지",https://www.zigbang.com/home/apt/items/49545153
2026-07-03 07:07:44,원룸,49533612,월세,02,경기도 이천시 부발읍 가좌리,이천시,부발읍,500,45,0,24,7.26,2,하이닉스 인근 신축급  분리형 원룸입니다,https://www.zigbang.com/home/apt/items/49533612
2026-07-03 07:07:44,원룸,49526166,월세,02,경기도 이천시 고담동,이천시,고담동,500,42,0,23.14,7.0,2,이천시 고담동 sk하이닉스 후문인근 분리형원룸 월세,https://www.zigbang.com/home/apt/items/49526166
2026-07-03 07:07:44,원룸,49514246,월세,02,경기도 이천시 장록동,이천시,장록동,500,40,0,28.43,8.6,3,"롯데아울렛,하이닉스 출퇴근 가능 풀옵션 7월24 입주",https://www.zigbang.com/home/apt/items/49514246
2026-07-03 07:07:44,원룸,49487842,월세,02,경기도 이천시 장록동,이천시,장록동,500,48,0,28.1,8.5,3,장록동 회전교차로 빠른입주가능분리형1.5룸월세,https://www.zigbang.com/home/apt/items/49487842
2026-07-03 07:07:44,원룸,49423649,전세,02,경기도 이천시 고담동,이천시,고담동,5500,0,0,19.2,5.81,2,보증보험 가입하는 신축급 풀옵션 분리형 원룸,https://www.zigbang.com/home/apt/items/49423649
2026-07-03 07:07:44,원룸,49360500,월세,02,경기도 이천시 부발읍 신하리,이천시,부발읍,2800,53,0,56.2,17.0,4,부발역인근  엄청 넓은 1.5룸  빠른입주,https://www.zigbang.com/home/apt/items/49360500
2026-07-03 07:07:44,원룸,49344737,월세,02,경기도 이천시 고담동,이천시,고담동,2300,28,0,23.14,7.0,3,이천시 고담동 sk하이닉스후문 원룸 반전세,https://www.zigbang.com/home/apt/items/49344737
2026-07-03 07:07:44,원룸,49577379,월세,01,경기도 이천시 부발읍,이천시,부발읍,500,40,0,24,7.26,4,신축 풀옵션 원룸 주차100프로 엘베있슴,https://www.zigbang.com/home/apt/items/49577379
2026-07-03 07:07:44,원룸,49423700,전세,02,경기도 이천시 대월면 사동리,이천시,대월면,5000,0,0,25.4,7.68,3,sk하이닉스 도보 가능한 풀옵션 원룸,https://www.zigbang.com/home/apt/items/49423700
2026-07-03 07:07:44,원룸,49372248,전세,02,경기도 이천시 대월면 사동리,이천시,대월면,5000,0,0,23.14,7.0,2,사동리 빠른협의입주 가능한 풀옵션 원룸. 전세자금대출동의,https://www.zigbang.com/home/apt/items/49372248
2026-07-03 07:07:44,원룸,49255635,월세,01,경기도 이천시 대월면 사동리,이천시,대월면,300,35,0,16.53,5.0,2,"5월31일 입주가능, 저렴한 원룸, 주차가능",https://www.zigbang.com/home/apt/items/49255635
2026-07-03 07:07:44,원룸,49179571,월세,01,경기도 이천시 대월면 사동리,이천시,대월면,300,35,0,19.8,5.99,1,"즉시입주가능, 저렴한 원룸, SK하이닉스 도보가능",https://www.zigbang.com/home/apt/items/49179571
2026-07-03 07:07:44,원룸,49489558,월세,01,경기도 여주시 연라동,여주시,연라동,300,30,0,23.14,7.0,4,작지만 옵션 잘되어있고 깨끗함,https://www.zigbang.com/home/apt/items/49489558
2026-07-03 07:07:44,원룸,49576741,월세,01,경기도 이천시 모가면 소사리,이천시,모가면,500,40,0,25,7.56,3,"빠른 협의 입주가능, 넓은 오픈형원룸입니다",https://www.zigbang.com/home/apt/items/49576741
2026-07-03 07:07:44,원룸,49578659,월세,02,경기도 여주시 가남읍 태평리,여주시,가남읍,500,45,0,25,7.56,2,풀옵션 분리형 1.5룸 터미널 5분거리위치,https://www.zigbang.com/home/apt/items/49578659
2026-07-03 07:07:44,원룸,49570703,월세,02,경기도 여주시 가남읍 태평리,여주시,가남읍,300,38,0,26.45,8.0,4,터미널바로뒤 풀옵션원룸월세,https://www.zigbang.com/home/apt/items/49570703
2026-07-03 07:07:44,원룸,49536512,전세,02,경기도 여주시 가남읍 태평리,여주시,가남읍,5500,0,0,22.62,6.84,3,전세대출가능 융자무 풀옵션 분리형 1.5룸  다세대주택,https://www.zigbang.com/home/apt/items/49536512
2026-07-03 07:07:44,원룸,49527439,월세,02,경기도 여주시 가남읍 태평리,여주시,가남읍,300,38,0,26.45,8.0,3,앞이확트리이고채광좋은풀옵션 원룸 월세,https://www.zigbang.com/home/apt/items/49527439
2026-07-03 07:07:44,원룸,49526250,월세,02,경기도 여주시 가남읍 태평리,여주시,가남읍,300,38,0,28,8.47,1,터미널뒤 풀옵션 원룸월세,https://www.zigbang.com/home/apt/items/49526250
2026-07-03 07:07:44,원룸,49525442,월세,02,경기도 여주시 가남읍 태평리,여주시,가남읍,300,36,0,26.44,8.0,3,싸고 저렴한 터미널바로뒤앞이확트이고 풀옵션원룸,https://www.zigbang.com/home/apt/items/49525442
2026-07-03 07:07:44,원룸,49525417,월세,02,경기도 여주시 가남읍 태평리,여주시,가남읍,500,40,0,33.05,10.0,2,짱좋은 력셔리한 풀옵션 1.5룸 월세,https://www.zigbang.com/home/apt/items/49525417
2026-07-03 07:07:44,원룸,49520760,월세,02,경기도 여주시 가남읍 태평리,여주시,가남읍,500,37,0,22.09,6.68,3,태평리 풀옵션 원룸,https://www.zigbang.com/home/apt/items/49520760
2026-07-03 07:07:44,원룸,49475367,전세,02,경기도 여주시 가남읍 태평리,여주시,가남읍,5400,0,0,23.85,7.21,3,태평리 터미널 도보 5분거리 풀옵션 분리형 원룸 융자무,https://www.zigbang.com/home/apt/items/49475367
2026-07-03 07:07:44,원룸,49330644,전세,02,경기도 여주시 가남읍 태평리,여주시,가남읍,5000,0,0,27.6,8.35,2,가남 태평리 시내권에 속한 즉시 입주 가능한 1.5룸,https://www.zigbang.com/home/apt/items/49330644
2026-07-03 07:07:45,원룸,49366540,전세,02,충청북도 음성군 음성읍 읍내리,음성군,음성읍,4500,0,0,39.67,12.0,3,반전세.월세 가능함 보증금조율가능,https://www.zigbang.com/home/apt/items/49366540
2026-07-03 07:07:45,원룸,49245356,월세,02,충청북도 음성군 음성읍 읍내리,음성군,음성읍,300,40,0,23.14,7.0,1,음성 리모델링완료  분리형원룸  단기월세,https://www.zigbang.com/home/apt/items/49245356
2026-07-03 07:07:46,원룸,49588109,월세,02,충청북도 충주시 용두동,충주시,용두동,100,27,0,23,6.96,3,"교통대앞,풀옵션,즉시입주",https://www.zigbang.com/home/apt/items/49588109
2026-07-03 07:07:46,원룸,49514843,월세,02,충청북도 충주시 대소원면 완오리,충주시,대소원면,300,33,0,16.72,5.06,4,유한킴벌리 앞 풀옵션 원룸 월세입니다.,https://www.zigbang.com/home/apt/items/49514843
2026-07-03 07:07:46,원룸,49439026,월세,01,충청북도 충주시 대소원면 완오리,충주시,대소원면,300,30,0,24,7.26,4,"첨단지역 도보 출근 가능 지역, 즉시 입주 가능",https://www.zigbang.com/home/apt/items/49439026
2026-07-03 07:07:46,원룸,49588715,월세,01,충청북도 충주시 호암동,충주시,호암동,500,41,0,22.2,6.72,2,"남향풀옵션원룸,행정복지센터 인근",https://www.zigbang.com/home/apt/items/49588715
2026-07-03 07:07:46,원룸,49586802,월세,02,충청북도 충주시 호암동,충주시,호암동,500,45,0,28.67,8.67,3,중문 설치되고 관리가 너무 잘 된 호암동 신축급 풀옵션,https://www.zigbang.com/home/apt/items/49586802
2026-07-03 07:07:46,원룸,49583809,월세,02,충청북도 충주시 호암동,충주시,호암동,500,36,0,23.14,7.0,3,예쁜오피스텔형원룸,https://www.zigbang.com/home/apt/items/49583809
2026-07-03 07:07:46,원룸,49558601,월세,01,충청북도 충주시 호암동,충주시,호암동,630,55,0,31.37,9.49,2,ㄴ호암동 굿인테리어 투베이급ㄱ,https://www.zigbang.com/home/apt/items/49558601
2026-07-03 07:07:46,원룸,49558395,월세,02,충청북도 충주시 호암동,충주시,호암동,300,31,0,29.75,9.0,4,ㄴ호암택지 근방 넓은 원룸ㄱ,https://www.zigbang.com/home/apt/items/49558395
2026-07-03 07:07:46,원룸,49537802,월세,02,충청북도 충주시 호암동,충주시,호암동,300,40,0,20.2,6.11,4,호암택지ㅣ신축미니투베이ㅣ착한가격,https://www.zigbang.com/home/apt/items/49537802
2026-07-03 07:07:46,원룸,49510456,월세,02,충청북도 충주시 호암동,충주시,호암동,300,40,0,26.45,8.0,4,ㄴ호암동 분리형 신축 미니투베이ㄱ,https://www.zigbang.com/home/apt/items/49510456
2026-07-03 07:07:46,원룸,49494931,월세,01,충청북도 충주시 호암동,충주시,호암동,500,55,0,29.37,8.88,3,"호암동 신도심의 편리함,햇살 가득 남향",https://www.zigbang.com/home/apt/items/49494931
2026-07-03 07:07:46,원룸,49486432,월세,02,충청북도 충주시 호암동,충주시,호암동,1000,61,0,29.34,8.88,2,"개별테라스, 큰 통창뷰 분리형 투베이",https://www.zigbang.com/home/apt/items/49486432
2026-07-03 07:07:46,원룸,49445544,월세,02,충청북도 충주시 호암동,충주시,호암동,500,56,0,25.86,7.82,3,ㄴ호암동 남향 신축 투베이ㄱ,https://www.zigbang.com/home/apt/items/49445544
2026-07-03 07:07:46,원룸,49433944,월세,01,충청북도 충주시 호암동,충주시,호암동,300,35,0,33.06,10.0,4,"호암택지 인프라, 24시간 CCTV로 안전하고 조용한 원룸",https://www.zigbang.com/home/apt/items/49433944
2026-07-03 07:07:46,원룸,49394657,월세,02,충청북도 충주시 호암동,충주시,호암동,500,56,0,32.68,9.89,3,ㄴ호암동 신축 베란다 투베이 즉시입주 ㄱ,https://www.zigbang.com/home/apt/items/49394657
2026-07-03 07:07:46,원룸,49379312,월세,02,충청북도 충주시 호암동,충주시,호암동,300,31,0,26.45,8.0,4,호암동ㅣ완벽분리형ㅣ깔끔탑층풀옵,https://www.zigbang.com/home/apt/items/49379312
2026-07-03 07:07:46,원룸,49305381,월세,02,충청북도 충주시 호암동,충주시,호암동,500,50,0,28.67,8.67,3,"노브랜드 부근,엘리베이터 주차장 완비된 분리형 미니 투베이",https://www.zigbang.com/home/apt/items/49305381
2026-07-03 07:07:46,원룸,49285479,월세,02,충청북도 충주시 호암동,충주시,호암동,500,53,0,34.91,10.56,3,ㄴ호암택지 신축 투베이ㄱ,https://www.zigbang.com/home/apt/items/49285479
2026-07-03 07:07:46,원룸,49258649,월세,01,충청북도 충주시 용산동,충주시,용산동,500,36,0,24,7.26,2,신축급풀옵션원룸슬라이딩식탁,https://www.zigbang.com/home/apt/items/49258649
2026-07-03 07:07:46,원룸,49253470,월세,02,충청북도 충주시 연수동,충주시,연수동,300,28,0,26.45,8.0,3,화이트톤.신축원룸,https://www.zigbang.com/home/apt/items/49253470
2026-07-03 07:07:46,원룸,49249231,월세,03,충청북도 충주시 연수동,충주시,연수동,500,32,0,36,10.89,2,신축급 깔끔한 복층 원룸 풀옵션,https://www.zigbang.com/home/apt/items/49249231
2026-07-03 07:07:46,원룸,49243318,월세,03,충청북도 충주시 연수동,충주시,연수동,500,32,0,35,10.59,2,"신축급 컨디션, 풀옵션, 내부 예쁜 복층형 원룸, 낙원AP",https://www.zigbang.com/home/apt/items/49243318
2026-07-03 07:07:46,원룸,49239878,월세,02,충청북도 충주시 교현동,충주시,교현동,500,40,0,33.06,10.0,3,신축급투베이ㅣ탁트인남향뷰맛집,https://www.zigbang.com/home/apt/items/49239878
2026-07-03 07:07:46,원룸,49234163,월세,02,충청북도 충주시 연수동,충주시,연수동,200,28,0,29.75,9.0,2,월35ㅣ신연수갓성비ㅣ특대형원룸,https://www.zigbang.com/home/apt/items/49234163
2026-07-03 07:07:46,원룸,49233988,월세,01,충청북도 충주시 연수동,충주시,연수동,500,40,0,23.15,7.0,4,신축풀옵션ㅣ올화이트붙박이장,https://www.zigbang.com/home/apt/items/49233988
2026-07-03 07:07:46,원룸,49226320,월세,02,충청북도 충주시 연수동,충주시,연수동,300,30,0,25,7.56,2,"방가삼대 뒷편, 풀옵션, 방넉넉한 주방 분리형, 관포35만",https://www.zigbang.com/home/apt/items/49226320
2026-07-03 07:07:46,원룸,49197183,월세,02,충청북도 충주시 연수동,충주시,연수동,300,28,0,26.45,8.0,4,분리형  풀옵션 입주청소 완료,https://www.zigbang.com/home/apt/items/49197183
2026-07-03 07:07:46,원룸,49070134,전세,02,충청북도 충주시 연수동,충주시,연수동,6500,0,0,36.36,11.0,2,올화이트ㅣ귀한전세ㅣ신축남향투베이,https://www.zigbang.com/home/apt/items/49070134
2026-07-03 07:07:46,원룸,49033549,전세,02,충청북도 충주시 연수동,충주시,연수동,6000,0,0,33.06,10.0,4,시청인근ㅣ화이트투베이ㅣ풀옵션전세,https://www.zigbang.com/home/apt/items/49033549
2026-07-03 07:07:47,원룸,49341959,월세,01,충청북도 충주시 목행동,충주시,목행동,300,30,0,26.45,8.0,2,"원룸 풀옵션 도배교체 완료,전자렌지까지",https://www.zigbang.com/home/apt/items/49341959
2026-07-03 07:07:47,원룸,49374098,전세,01,경기도 여주시 멱곡동,여주시,멱곡동,8000,0,0,23.13,7.0,2,여주TG 5분거리.조용깨끗.채광굳.즉시입주.풀옵션,https://www.zigbang.com/home/apt/items/49374098
2026-07-03 07:07:48,원룸,49481371,월세,02,강원도 원주시 부론면 노림리,원주시,부론면,50,34,0,29.75,9.0,3,밥심 I 건조기 l 2학기 사용 l 풀옵션 I 깔끔예쁨,https://www.zigbang.com/home/apt/items/49481371
2026-07-03 07:07:48,원룸,49193254,월세,02,강원도 원주시 부론면 노림리,원주시,부론면,50,39,0,36.36,11.0,4,밥심 I 넓은 1.5룸 2인가능 I 2학기사용 I 편의점앞,https://www.zigbang.com/home/apt/items/49193254
2026-07-03 07:07:48,원룸,49154339,월세,01,강원도 원주시 부론면 노림리,원주시,부론면,50,35,0,33.05,10.0,1,밥심 l 2학기 사용 I 건조기 풀옵션 I 1층 편한 집,https://www.zigbang.com/home/apt/items/49154339
2026-07-03 07:07:51,원룸,49575990,월세,02,경기도 안산시 상록구 일동,안산시 상록구,일동,500,40,0,23.14,7.0,2,준신축필로티 분리형원룸,https://www.zigbang.com/home/apt/items/49575990
2026-07-03 07:07:51,원룸,49369611,월세,02,경기도 안산시 상록구 일동,안산시 상록구,일동,300,28,0,23,6.96,2,안골공원인근.안산대저렴한풀옵션원룸,https://www.zigbang.com/home/apt/items/49369611
2026-07-03 07:07:51,원룸,49353855,월세,02,경기도 안산시 상록구 일동,안산시 상록구,일동,150,70,0,53.43,16.16,5,"안산병원, 일동공원 인근 2룸 풀옵션 현진센스빌 단기 월세",https://www.zigbang.com/home/apt/items/49353855
2026-07-03 07:07:51,원룸,49369738,전세,01,경기도 시흥시 장현동,시흥시,장현동,9500,0,0,22.83,6.91,6,"시흥시청역에서 도보로 약5분거리, 풀옵션 원룸",https://www.zigbang.com/home/apt/items/49369738
2026-07-03 07:07:51,원룸,49361681,월세,04,경기도 시흥시 능곡동,시흥시,능곡동,1000,110,0,113.58,34.36,6,"전입신고 가능, 시흥능곡역 2번 출구 바로 앞 오피스텔",https://www.zigbang.com/home/apt/items/49361681
2026-07-03 07:07:51,원룸,49314603,월세,05,경기도 시흥시 장현동,시흥시,장현동,500,110,0,83.76,25.34,저,"ㅇㅕㄱㅣㅇㅓㄸㅐ  단기, 신축 첫입주급 오피스텔",https://www.zigbang.com/home/apt/items/49314603
2026-07-03 07:07:51,원룸,49307300,월세,04,경기도 시흥시 장현동,시흥시,장현동,3000,100,0,123.21,37.27,10,"전입신고 가능, 풀옵션 투룸 오피스텔입니다.",https://www.zigbang.com/home/apt/items/49307300
2026-07-03 07:07:52,원룸,49490882,월세,01,경기도 시흥시 신천동,시흥시,신천동,1000,60,0,60.86,18.41,3,신천역초역세권  신축오피스텔  풀옵션 주차가능전입가능,https://www.zigbang.com/home/apt/items/49490882
2026-07-03 07:07:52,원룸,49585922,월세,02,인천시 남동구 서창동,남동구,서창동,200,100,0,75.64,22.88,4,서창동 쓰리룸 단기월세,https://www.zigbang.com/home/apt/items/49585922
2026-07-03 07:07:52,원룸,49581014,월세,02,인천시 남동구 서창동,남동구,서창동,200,100,0,75.64,22.88,4,보증금 200만원에 월세 100만원 단기 가능,https://www.zigbang.com/home/apt/items/49581014
2026-07-03 07:07:52,원룸,49563935,월세,01,경기도 안산시 상록구 수암동,안산시 상록구,수암동,300,35,0,16.52,5.0,2,"엘베있는 깨끗한 원룸, 풀옵션, 즉시 입주 가능합니다.",https://www.zigbang.com/home/apt/items/49563935
2026-07-03 07:07:52,원룸,49561277,전세,05,경기도 안산시 상록구 수암동,안산시 상록구,수암동,22900,0,0,89.25,27.0,저,"신축 5년차, 테라스 있는 쓰리룸, 9월말 입주 가능합니다",https://www.zigbang.com/home/apt/items/49561277
2026-07-03 07:07:52,원룸,49517490,월세,02,경기도 안양시 만안구 안양동,안양시 만안구,안양동,200,80,0,64.39,19.48,2,안양동 그린힐빌리지 쓰리룸 단기월세,https://www.zigbang.com/home/apt/items/49517490
2026-07-03 07:07:52,원룸,49498282,월세,02,경기도 안양시 만안구 안양동,안양시 만안구,안양동,200,70,0,37.18,11.25,4,한달씩 월세내는 단기가능 깔끔한 주택,https://www.zigbang.com/home/apt/items/49498282
2026-07-03 07:07:52,원룸,49448032,월세,02,경기도 안양시 만안구 안양동,안양시 만안구,안양동,200,70,0,37.18,11.25,4,"안양9동 빌라 단기임대 , 월세 매달납부가능",https://www.zigbang.com/home/apt/items/49448032
2026-07-03 07:07:53,원룸,49583844,월세,03,인천시 영종구 중산동,영종구,중산동,200,40,0,40,12.1,고,十풀옵션十내부컨디션좋음十최저가월세十빠른입주가능十,https://www.zigbang.com/home/apt/items/49583844
2026-07-03 07:07:53,원룸,49583365,월세,03,인천시 영종구 중산동,영종구,중산동,200,45,0,39,11.8,중,十테라스十전면오션뷰十빠른입주가능十내부컨디션좋음十,https://www.zigbang.com/home/apt/items/49583365
2026-07-03 07:07:53,원룸,49550997,월세,03,인천시 영종구 중산동,영종구,중산동,200,45,0,39.55,11.96,저,"신축, 복층형 원룸, 남동향O, 오션뷰O, 테라스O, 공실",https://www.zigbang.com/home/apt/items/49550997
2026-07-03 07:07:53,원룸,49550816,월세,03,인천시 영종구 중산동,영종구,중산동,200,50,0,38.69,11.7,중,"신축, 복층형원룸, 남동향, 파노라마 오션뷰, 빠른 입주",https://www.zigbang.com/home/apt/items/49550816
2026-07-03 07:07:53,원룸,49550785,월세,01,인천시 영종구 중산동,영종구,중산동,200,37,0,44.88,13.58,고,"신축, 원룸, 시티뷰, 테라스O, 단기 가능, 빠른 입주",https://www.zigbang.com/home/apt/items/49550785
2026-07-03 07:07:53,원룸,49550780,월세,01,인천시 영종구 중산동,영종구,중산동,200,37,0,42.29,12.79,12,"신축,풀옵션O,오션뷰O,남동향,파노라마 오션뷰, 즉시 입주",https://www.zigbang.com/home/apt/items/49550780
2026-07-03 07:07:53,원룸,49550748,월세,03,인천시 영종구 중산동,영종구,중산동,200,40,0,44.88,13.58,중,"신축, 복층형원룸, 남동향, 오션뷰, 테라스O, 채광 좋음",https://www.zigbang.com/home/apt/items/49550748
2026-07-03 07:07:53,원룸,49525877,월세,03,인천시 영종구 중산동,영종구,중산동,200,40,0,39,11.8,중,十사이오션뷰十테라스十최저가월세十내부컨디션좋음十빠른입주가능十,https://www.zigbang.com/home/apt/items/49525877
2026-07-03 07:07:53,원룸,49465705,월세,03,인천시 영종구 중산동,영종구,중산동,300,45,0,39.13,11.84,18,"귀한전입가능매물,풀옵션,바다뷰",https://www.zigbang.com/home/apt/items/49465705
2026-07-03 07:07:53,원룸,49451143,월세,03,인천시 영종구 중산동,영종구,중산동,200,37,0,33.06,10.0,6,"복층 풀옵션 테라스 , 주차원활ㆍ중개비없음",https://www.zigbang.com/home/apt/items/49451143
2026-07-03 07:07:53,원룸,49429276,월세,01,인천시 영종구 중산동,영종구,중산동,300,35,0,42.31,12.8,20,"전입불가,넓은 드레스룸, 테라스 세대,사이오션뷰",https://www.zigbang.com/home/apt/items/49429276
2026-07-03 07:07:53,원룸,49400577,월세,01,인천시 영종구 중산동,영종구,중산동,200,33,0,66.12,20.0,고,탁트인  바다뷰 침대풀옵션,https://www.zigbang.com/home/apt/items/49400577
2026-07-03 07:07:53,원룸,49584665,월세,01,인천시 서해구 원창동,서해구,원창동,200,35,0,25,7.56,2,"신축급컨디션 갓성비 풀옵션 즉시입주,협의ok",https://www.zigbang.com/home/apt/items/49584665
2026-07-03 07:07:53,원룸,49567943,월세,01,인천시 서해구 원창동,서해구,원창동,300,50,0,23.25,7.03,3,"원창동,북항 근무자 적극추천 공실 큰원룸",https://www.zigbang.com/home/apt/items/49567943
2026-07-03 07:07:53,원룸,49567700,월세,01,인천시 서해구 원창동,서해구,원창동,300,40,0,23.5,7.11,2,엘베있는 깔끔한 준신축 원룸,https://www.zigbang.com/home/apt/items/49567700
2026-07-03 07:07:53,원룸,49560359,월세,01,인천시 서해구 원창동,서해구,원창동,100,30,0,18,5.44,4,신축급컨디션 풀옵션 즉시입주ok 단기ok,https://www.zigbang.com/home/apt/items/49560359
2026-07-03 07:07:53,원룸,49490218,월세,01,인천시 서해구 원창동,서해구,원창동,300,40,0,20.05,6.07,2,원창동 풀옵션 원룸 월세,https://www.zigbang.com/home/apt/items/49490218
2026-07-03 07:07:53,원룸,49264675,월세,01,인천시 서해구 원창동,서해구,원창동,300,50,0,30,9.07,3,원창동에서 제일 큰 풀옵션 원룸,https://www.zigbang.com/home/apt/items/49264675
2026-07-03 07:07:53,원룸,49264655,월세,02,인천시 서해구 원창동,서해구,원창동,300,40,0,21,6.35,4,"북항,원창동 근무자 적극추천 풀옵션 원룸",https://www.zigbang.com/home/apt/items/49264655
2026-07-03 07:07:54,원룸,49514423,월세,02,경기도 김포시 양촌읍 학운리,김포시,양촌읍,300,32,0,19.83,6.0,4,산업단지내 신축 풀옵션 분리형 원룸,https://www.zigbang.com/home/apt/items/49514423
2026-07-03 07:07:54,원룸,49503228,월세,01,경기도 김포시 양촌읍 학운리,김포시,양촌읍,300,33,0,19.83,6.0,2,"신축급 원룸, 엘리베이터 있어요.",https://www.zigbang.com/home/apt/items/49503228
2026-07-03 07:07:54,원룸,49492341,월세,02,경기도 김포시 양촌읍 학운리,김포시,양촌읍,300,30,0,23.14,7.0,2,"엘리베이터 있고 싱크대 방 분리, 베란다 있는 초 저렴한",https://www.zigbang.com/home/apt/items/49492341
2026-07-03 07:07:54,원룸,49453004,월세,02,경기도 김포시 양촌읍 학운리,김포시,양촌읍,300,40,0,27,8.17,2,ㅁ분리형 남향집 1.5룸 ㅁ,https://www.zigbang.com/home/apt/items/49453004
2026-07-03 07:07:54,원룸,49364218,월세,01,경기도 김포시 양촌읍 학운리,김포시,양촌읍,300,40,0,27,8.17,2,ㅁ산업단지 깔끔한 1.5룸ㅁ,https://www.zigbang.com/home/apt/items/49364218
2026-07-03 07:07:54,원룸,49361302,월세,01,경기도 김포시 양촌읍 학운리,김포시,양촌읍,200,30,0,19.83,6.0,2,산업단지내  월세저렴 엘베있는 신축,https://www.zigbang.com/home/apt/items/49361302
2026-07-03 07:07:54,원룸,49349812,월세,01,경기도 김포시 양촌읍 학운리,김포시,양촌읍,300,30,0,19.83,6.0,2,엘베있는 신축 풀원룸,https://www.zigbang.com/home/apt/items/49349812
2026-07-03 07:07:54,원룸,49326017,월세,02,경기도 김포시 양촌읍 학운리,김포시,양촌읍,300,30,0,23,6.96,4,ㅁ방이큰원룸 분리형구조ㅁ,https://www.zigbang.com/home/apt/items/49326017
2026-07-03 07:07:54,원룸,49219116,월세,02,경기도 김포시 양촌읍 학운리,김포시,양촌읍,300,40,0,29.75,9.0,2,ㅁ3중창에 엘베있는 최고급옵션ㅁ,https://www.zigbang.com/home/apt/items/49219116
2026-07-03 07:07:54,원룸,49138134,월세,01,경기도 김포시 양촌읍 학운리,김포시,양촌읍,300,30,0,19.83,6.0,3,산업단지내 방이큰 신축원룸,https://www.zigbang.com/home/apt/items/49138134
2026-07-03 07:07:57,원룸,49385184,월세,01,경기도 부천시 소사구 송내동,부천시 소사구,송내동,200,30,0,16.2,4.9,6,ꔪꔪ월세 딱 30만원ꔪꔪ 관리비 저렴ꔪꔪ 역세권ꔪꔪ인기절정,https://www.zigbang.com/home/apt/items/49385184
2026-07-03 07:07:57,원룸,49381113,월세,01,경기도 부천시 소사구 심곡본동,부천시 소사구,심곡본동,500,40,0,20,6.05,4,부천역도보권 시장인접 풀옵 베란다O,https://www.zigbang.com/home/apt/items/49381113
2026-07-03 07:07:57,원룸,49370319,월세,01,경기도 부천시 소사구 심곡본동,부천시 소사구,심곡본동,65,65,0,47.58,14.39,6,단기계약. 전입가능. 부천역 바로앞 몇년안된 신축,https://www.zigbang.com/home/apt/items/49370319
2026-07-03 07:07:57,원룸,49366949,월세,01,경기도 부천시 소사구 송내동,부천시 소사구,송내동,200,33,0,15,4.54,4,ꕥ저렴한 관리비 월세도 저렴 공실ꕥ,https://www.zigbang.com/home/apt/items/49366949
2026-07-03 07:07:57,원룸,49365232,월세,01,경기도 부천시 소사구 심곡본동,부천시 소사구,심곡본동,50,48,0,15,4.54,3,"단기가능, 라면, 쌀, 세제 등 무ㅡ료 예쁜 테라스 제공",https://www.zigbang.com/home/apt/items/49365232
2026-07-03 07:07:57,원룸,49351768,월세,01,경기도 부천시 원미구 심곡동,부천시 원미구,심곡동,300,30,0,13.5,4.08,4,즉시입주 전입O 부천역코앞 가격최고 깨끗한 방,https://www.zigbang.com/home/apt/items/49351768
2026-07-03 07:07:57,원룸,49351698,월세,01,경기도 부천시 소사구 송내동,부천시 소사구,송내동,200,31,0,14.9,4.51,4,"중동역 부천역 사이 위치, 교통좋음, 깔끔한원룸",https://www.zigbang.com/home/apt/items/49351698
2026-07-03 07:07:57,원룸,49348853,월세,02,경기도 부천시 소사구 송내동,부천시 소사구,송내동,2000,60,0,57.39,17.36,4,丶송내동 넓은 쓰리룸丶깔끔 컨디션丶가성비 강추 매물丶선착순,https://www.zigbang.com/home/apt/items/49348853
2026-07-03 07:07:57,원룸,49348845,월세,01,경기도 부천시 소사구 심곡본동,부천시 소사구,심곡본동,50,48,0,5,1.51,3,ꯁ부천ꯁ두근두근 셰어하우스 ꯁ 테라스 제공제품있어요,https://www.zigbang.com/home/apt/items/49348845
2026-07-03 07:07:57,원룸,49238996,월세,01,경기도 부천시 원미구 심곡동,부천시 원미구,심곡동,2000,30,0,23.9,7.23,고,ꁘꁘ 부천역5분 풀옵션 관리잘되는 깨끗한 오피스텔,https://www.zigbang.com/home/apt/items/49238996
2026-07-03 07:07:57,원룸,49236223,월세,01,경기도 부천시 소사구 송내동,부천시 소사구,송내동,300,32,0,20,6.05,2,부천 역세권 주방 분리형 원룸입니다.,https://www.zigbang.com/home/apt/items/49236223
2026-07-03 07:07:57,원룸,48881628,월세,01,경기도 부천시 원미구 심곡동,부천시 원미구,심곡동,300,30,0,10,3.02,1,ꁘꁘ 올리모델링 짱 깨끗 풀옵션 원룸 부천역도보3분,https://www.zigbang.com/home/apt/items/48881628
2026-07-03 07:08:04,원룸,49551370,월세,01,인천시 계양구 용종동,계양구,용종동,90,30,0,26.45,8.0,2,월세할인 우리가원하던 원룸,https://www.zigbang.com/home/apt/items/49551370
2026-07-03 07:08:04,원룸,49491809,월세,01,인천시 계양구 용종동,계양구,용종동,100,35,0,26.6,8.05,3,ㄴ용종동  단기임대ㄱ,https://www.zigbang.com/home/apt/items/49491809
2026-07-03 07:08:06,원룸,49580212,월세,02,서울시 강서구 방화동,강서구,방화동,120,120,0,29.83,9.02,3,5호선 방화역 도보5분 3룸 풀옵션 수피아빌 단기 월세,https://www.zigbang.com/home/apt/items/49580212
2026-07-03 07:08:06,원룸,49540588,월세,02,서울시 강서구 방화동,강서구,방화동,120,120,0,29.83,9.02,3,5호선 방화역 도보5분 3룸 풀옵션 수피아빌 단기 월세,https://www.zigbang.com/home/apt/items/49540588
2026-07-03 07:08:06,원룸,49589091,월세,02,경기도 김포시 고촌읍 신곡리,김포시,고촌읍,500,55,0,46.37,14.03,4,"고촌역세권,풀옵션,업무용,9월말입주가능",https://www.zigbang.com/home/apt/items/49589091
2026-07-03 07:08:06,원룸,49585400,월세,04,경기도 김포시 고촌읍 신곡리,김포시,고촌읍,150,85,0,44.81,13.55,14,고촌역 이용가능 풀옵션 투룸 오피스텔 단기월세,https://www.zigbang.com/home/apt/items/49585400
2026-07-03 07:08:06,원룸,49552480,전세,01,경기도 김포시 고촌읍 신곡리,김포시,고촌읍,8000,0,0,47.67,14.42,5,"고촌역1분,주거용,전입가능,보증보험ok",https://www.zigbang.com/home/apt/items/49552480
2026-07-03 07:08:06,원룸,49542079,월세,02,경기도 김포시 고촌읍 신곡리,김포시,고촌읍,75,75,0,44.81,13.55,4,3개월치씩 선납하는 풀옵션 1.5룸 저보증금 단기매물,https://www.zigbang.com/home/apt/items/49542079
2026-07-03 07:08:06,원룸,49535402,월세,02,경기도 김포시 고촌읍 신곡리,김포시,고촌읍,500,60,0,56.77,17.17,10,"풀옵션,1.5룸,빠른입주가능,업무용,부가세별도",https://www.zigbang.com/home/apt/items/49535402
2026-07-03 07:08:06,원룸,49533540,월세,02,경기도 김포시 고촌읍 신곡리,김포시,고촌읍,2000,80,0,83.5,25.26,고,"풀옵션,업무용,인기많은 특수타입",https://www.zigbang.com/home/apt/items/49533540
2026-07-03 07:08:06,원룸,49512266,월세,04,경기도 김포시 고촌읍 신곡리,김포시,고촌읍,150,85,0,47.52,14.37,11,고촌역 초역세권 풀옵션 투룸 단기방,https://www.zigbang.com/home/apt/items/49512266
2026-07-03 07:08:06,원룸,49511055,월세,04,경기도 김포시 고촌읍 신곡리,김포시,고촌읍,150,85,0,47.52,14.37,11,한달씩 월세납부 고촌역 2룸 풀옵션 미리내고촌 오피스텔,https://www.zigbang.com/home/apt/items/49511055
2026-07-03 07:08:06,원룸,49474199,월세,04,경기도 김포시 고촌읍 신곡리,김포시,고촌읍,150,85,0,47.52,14.37,11,고촌역 가까운 단기가능 투룸 오피스텔,https://www.zigbang.com/home/apt/items/49474199
2026-07-03 07:08:06,원룸,49420044,전세,04,경기도 김포시 고촌읍 신곡리,김포시,고촌읍,19800,0,0,79.75,24.12,중,"전세보증보험ok, 고촌역3분거리, 투룸, 풀옵션 오피스텔",https://www.zigbang.com/home/apt/items/49420044
2026-07-03 07:08:06,원룸,49384577,월세,04,경기도 김포시 고촌읍,김포시,고촌읍,3000,190,0,129.14,39.06,15,"전용17.7p 주거용 풀옵션 오피스텔, 빠른 입주가능",https://www.zigbang.com/home/apt/items/49384577
2026-07-03 07:07:53,원룸,49397615,월세,02,인천시 부평구 부평동,부평구,부평동,150,60,0,39.63,11.99,4,한달씩 월세내는 단기가능 넓은 주택,https://www.zigbang.com/home/apt/items/49397615
2026-07-03 07:07:53,원룸,49284251,월세,02,인천시 부평구 부평동,부평구,부평동,1000,95,0,100.41,30.37,저,풀옵션.전입불가.내부최상 신축급.이사협의,https://www.zigbang.com/home/apt/items/49284251
2026-07-03 07:07:54,원룸,49264594,월세,03,인천시 부평구 청천동,부평구,청천동,500,50,0,18.38,5.56,13,주차 편리 역세권 복층원룸 준신축급,https://www.zigbang.com/home/apt/items/49264594
2026-07-03 07:07:54,원룸,48947123,월세,03,인천시 부평구 청천동,부평구,청천동,150,65,0,26.45,8.0,13,오늘자확인매물..실사진이에요,https://www.zigbang.com/home/apt/items/48947123
2026-07-03 07:07:54,원룸,49381599,월세,03,인천시 계양구 작전동,계양구,작전동,1000,45,0,30.6,9.26,3,"넓은 풀옵션 복층 원룸, 지하철 근접",https://www.zigbang.com/home/apt/items/49381599
2026-07-03 07:07:54,원룸,49582618,월세,01,인천시 부평구 갈산동,부평구,갈산동,100,30,0,19.83,6.0,2,"삼산사거리인근, 스타벅스 맥도날드 가까워요.",https://www.zigbang.com/home/apt/items/49582618
2026-07-03 07:07:54,원룸,49416638,월세,01,인천시 서해구 청라동,서해구,청라동,300,50,0,53.13,16.07,고,풀옵션 인기 원룸 1인가구 최적화 착한보증금,https://www.zigbang.com/home/apt/items/49416638
2026-07-03 07:07:54,원룸,49406858,월세,02,인천시 서해구 청라동,서해구,청라동,500,55,0,72.05,21.8,중,"양창,1.5슬라이딩,실8.8,풀옵션,전입불가,청라역",https://www.zigbang.com/home/apt/items/49406858
2026-07-03 07:07:54,원룸,49403101,월세,04,인천시 서해구 청라동,서해구,청라동,1000,80,0,104.56,31.63,고,전입불가 부가세별도 방안에방 착한월세,https://www.zigbang.com/home/apt/items/49403101
2026-07-03 07:07:54,원룸,49402078,월세,02,인천시 서해구 청라동,서해구,청라동,1000,85,0,91.66,27.73,중,전입 가능한 테라스있는 1.5룸 청라역 풀옵션,https://www.zigbang.com/home/apt/items/49402078
2026-07-03 07:07:54,원룸,49399821,월세,02,인천시 서해구 청라동,서해구,청라동,500,60,0,72.05,21.8,5,"1.5룸슬라이딩,거실창,사업자,풀옵션,청라국제도시역",https://www.zigbang.com/home/apt/items/49399821
2026-07-03 07:07:54,원룸,49391673,월세,02,인천시 서해구 청라동,서해구,청라동,500,60,0,62.87,19.02,고,"큰원룸,풀옵션,사업자환영,스타필드,아산병원현장바로",https://www.zigbang.com/home/apt/items/49391673
2026-07-03 07:07:54,원룸,49389999,월세,02,인천시 서해구 청라동,서해구,청라동,1000,70,0,90.8,27.47,중,전입불가  전용10.8평 1.5룸 즉시입주가능,https://www.zigbang.com/home/apt/items/49389999
2026-07-03 07:07:54,원룸,49386342,전세,01,인천시 서해구 청라동,서해구,청라동,11000,0,0,53.12,16.07,고,귀한전세  전용6.2평 넉넉한수납장 즉시입주,https://www.zigbang.com/home/apt/items/49386342
2026-07-03 07:07:54,원룸,49371261,월세,02,인천시 서해구 청라동,서해구,청라동,3000,105,0,109.85,33.23,고,"전입가능,융자무,복층1.5룸구조,조망굿,금융본사도보10분",https://www.zigbang.com/home/apt/items/49371261
2026-07-03 07:07:54,원룸,49361095,월세,02,인천시 서해구 청라동,서해구,청라동,1000,80,0,109.85,33.23,고,"1.5복층,뻥뷰,헬스장,골프연습장,사업자,청라국제도시역",https://www.zigbang.com/home/apt/items/49361095
2026-07-03 07:07:54,원룸,49361066,월세,02,인천시 서해구 청라동,서해구,청라동,500,60,0,82.13,24.84,중,"1.5슬라이딩,실10,넓은거실,풀옵션,전입불가,청라역",https://www.zigbang.com/home/apt/items/49361066
2026-07-03 07:07:54,원룸,49317246,월세,01,인천시 서해구 청라동,서해구,청라동,500,50,0,40,12.1,저,푸르지오원룸 전입가능 신축 7월말이사,https://www.zigbang.com/home/apt/items/49317246
2026-07-03 07:07:54,원룸,49281354,월세,01,인천시 서해구 청라동,서해구,청라동,500,50,0,53.12,16.07,중,전입불가 사업자원함 세대내 침대,https://www.zigbang.com/home/apt/items/49281354
2026-07-03 07:07:54,원룸,49251136,월세,02,인천시 서해구 청라동,서해구,청라동,500,55,0,72.05,21.8,고,"1.5슬라이딩,풀옵션,빠른입주,사업자,청라국제도시역",https://www.zigbang.com/home/apt/items/49251136
2026-07-03 07:07:54,원룸,49182974,월세,01,인천시 서해구 청라동,서해구,청라동,500,50,0,53.12,16.07,중,"원룸,헬스장,골프연습장,내부상태굿,청라국제도시역",https://www.zigbang.com/home/apt/items/49182974
2026-07-03 07:08:10,원룸,49582535,월세,01,경기도 용인시 수지구 풍덕천동,용인시 수지구,풍덕천동,12500,9,0,42.94,12.99,12,"전입가능,주거용오피스텔,융무,주택임대사업자매물",https://www.zigbang.com/home/apt/items/49582535
2026-07-03 07:08:10,원룸,49532198,월세,01,경기도 용인시 수지구 풍덕천동,용인시 수지구,풍덕천동,1000,80,0,42.94,12.99,고,"8월23일이후입주,전입가능,융무,남서향",https://www.zigbang.com/home/apt/items/49532198
2026-07-03 07:08:10,원룸,49476277,월세,01,경기도 용인시 수지구 신봉동,용인시 수지구,신봉동,7000,5,0,20,6.05,2,"융무 , 남향  풀옵션 일부수리",https://www.zigbang.com/home/apt/items/49476277
2026-07-03 07:08:10,원룸,49454041,월세,01,경기도 용인시 수지구 풍덕천동,용인시 수지구,풍덕천동,1000,80,0,42.94,12.99,14,"융무,전입가능,정상입주",https://www.zigbang.com/home/apt/items/49454041
2026-07-03 07:08:10,원룸,49453998,월세,01,경기도 용인시 수지구 풍덕천동,용인시 수지구,풍덕천동,11000,35,0,42.94,12.99,13,"8월18일입주희망,전입가능한주거용오피스텔",https://www.zigbang.com/home/apt/items/49453998
2026-07-03 07:08:10,원룸,48985010,월세,02,경기도 용인시 수지구 신봉동,용인시 수지구,신봉동,1000,50,0,23.14,7.0,4,신축급 분리형원룸,https://www.zigbang.com/home/apt/items/48985010
2026-07-03 07:08:11,원룸,49589210,월세,01,경기도 성남시 분당구 판교동,성남시 분당구,판교동,5000,63,0,60.49,18.3,7,"테라스형 , 저렴한월세, 밝은집 ,교통 편리",https://www.zigbang.com/home/apt/items/49589210
2026-07-03 07:08:11,원룸,49589198,월세,01,경기도 성남시 분당구 판교동,성남시 분당구,판교동,17000,18,0,60.49,18.3,고,"테라스형, 전망이 예쁜집, 보증보험 전액 가입해줌",https://www.zigbang.com/home/apt/items/49589198
2026-07-03 07:08:11,원룸,49589173,월세,01,경기도 성남시 분당구 판교동,성남시 분당구,판교동,19800,6,0,60.49,18.3,고,"보증보험 가입, 깔끔, 교통 편리 ,빠른 입주가능",https://www.zigbang.com/home/apt/items/49589173
2026-07-03 07:08:11,원룸,49532060,월세,01,경기도 의왕시 학의동,의왕시,학의동,500,45,0,12.36,3.74,3,숲뷰 I 조용한지역 I 도배새로함,https://www.zigbang.com/home/apt/items/49532060
2026-07-03 07:08:11,원룸,49532048,월세,01,경기도 의왕시 학의동,의왕시,학의동,500,50,0,16.52,5.0,1,차있는분 추천 I 즉시입주 I 조용한 숲세권,https://www.zigbang.com/home/apt/items/49532048
2026-07-03 07:08:11,원룸,49289272,월세,02,경기도 의왕시 청계동,의왕시,청계동,6000,50,0,35,10.59,1,W 1.5룸 청계4단지 옆 조용한 주택가 W,https://www.zigbang.com/home/apt/items/49289272
2026-07-03 07:08:12,원룸,49537035,월세,02,경기도 성남시 수정구 금토동,성남시 수정구,금토동,2000,190,0,145.78,44.1,4,"O 공실, 2룸, 넓은 거실,아파트형 구조, O 풀가전",https://www.zigbang.com/home/apt/items/49537035
2026-07-03 07:08:12,원룸,49510429,월세,02,경기도 성남시 수정구 금토동,성남시 수정구,금토동,1000,155,0,117.31,35.49,4,"O 넓은 1.5룸, 고급 풀옵션, 펜트리장.",https://www.zigbang.com/home/apt/items/49510429
2026-07-03 07:08:12,원룸,49510367,월세,02,경기도 성남시 수정구 금토동,성남시 수정구,금토동,2000,90,0,63.48,19.2,8,"O 1.5룸, 최고충 , 남향",https://www.zigbang.com/home/apt/items/49510367
2026-07-03 07:08:12,원룸,49449681,월세,02,경기도 성남시 수정구 금토동,성남시 수정구,금토동,1000,150,0,120.43,36.43,고,"L 저렴한임대료,드레스룸,팬트리 완비,직장인가능",https://www.zigbang.com/home/apt/items/49449681
2026-07-03 07:08:12,원룸,49449646,월세,02,경기도 성남시 수정구 금토동,성남시 수정구,금토동,2000,200,0,149.65,45.27,중,"L 2룸, 직장인OK, 드레스룸, 세탁기,건조기, 전입불가",https://www.zigbang.com/home/apt/items/49449646
2026-07-03 07:08:12,원룸,49449627,월세,02,경기도 성남시 수정구 금토동,성남시 수정구,금토동,3000,290,0,207.69,62.83,중,"L 전용25,방3,화장실2,직장인가능,전입안되요",https://www.zigbang.com/home/apt/items/49449627
2026-07-03 07:08:12,원룸,49449567,월세,04,경기도 성남시 수정구 금토동,성남시 수정구,금토동,1500,165,0,129.8,39.26,중,"L 방2, 팬트리,  붙박이장, 수납 공간굿, 전입X",https://www.zigbang.com/home/apt/items/49449567
2026-07-03 07:08:12,원룸,49364820,월세,05,경기도 성남시 수정구 금토동,성남시 수정구,금토동,3000,290,0,207.69,62.83,중,"L 조정가능,직장인가능,방3,욕실2,드레스룸외,",https://www.zigbang.com/home/apt/items/49364820
2026-07-03 07:08:12,원룸,49345839,월세,02,경기도 성남시 수정구 금토동,성남시 수정구,금토동,1500,165,0,121,36.6,중,"O 2룸, 넓은 거실, 아파트형 중문.",https://www.zigbang.com/home/apt/items/49345839
2026-07-03 07:08:12,원룸,49588167,월세,01,경기도 용인시 처인구 포곡읍 둔전리,용인시 처인구,포곡읍,500,25,0,18,5.44,5,"작지만 저렴한 원룸,  8월초 입주",https://www.zigbang.com/home/apt/items/49588167
2026-07-03 07:08:12,원룸,49585299,월세,02,경기도 용인시 처인구 포곡읍 둔전리,용인시 처인구,포곡읍,500,25,0,29.75,9.0,5,둔전신원아파트인근 즉시입주가능 넓고 풀옵션 주차굿,https://www.zigbang.com/home/apt/items/49585299
2026-07-03 07:08:12,원룸,49579529,전세,02,경기도 용인시 처인구 포곡읍 둔전리,용인시 처인구,포곡읍,4500,0,0,19.83,6.0,4,"대로인근 분리형, 즉시입주",https://www.zigbang.com/home/apt/items/49579529
2026-07-03 07:08:12,원룸,49579465,월세,02,경기도 용인시 처인구 포곡읍 전대리,용인시 처인구,포곡읍,300,37,0,28,8.47,2,조용하고해잘들고 에버랜드경전철가까움 시세보다 저렴하고싼곳,https://www.zigbang.com/home/apt/items/49579465
2026-07-03 07:08:12,원룸,49564381,월세,02,경기도 용인시 처인구 포곡읍 둔전리,용인시 처인구,포곡읍,500,35,0,23.14,7.0,4,"가성비 굿, 신원사거리 인근, 즉시입주",https://www.zigbang.com/home/apt/items/49564381
2026-07-03 07:08:12,원룸,49537711,월세,02,경기도 용인시 처인구 포곡읍 둔전리,용인시 처인구,포곡읍,2500,20,0,30,9.07,3,풀옵션즉시입주가능파리바게트인근  편의시설둔전경전철교통편리,https://www.zigbang.com/home/apt/items/49537711
2026-07-03 07:08:12,원룸,49483493,월세,02,경기도 용인시 처인구 포곡읍 둔전리,용인시 처인구,포곡읍,1000,40,0,26.45,8.0,3,신원 지에스인근 풀옵션  풀옵션  즉시입주가능  경안천가까,https://www.zigbang.com/home/apt/items/49483493
2026-07-03 07:08:12,원룸,49478032,월세,01,경기도 용인시 처인구 포곡읍 전대리,용인시 처인구,포곡읍,300,37,0,23.14,7.0,2,깔끔한 주방분리형 원룸 1년미만불가,https://www.zigbang.com/home/apt/items/49478032
2026-07-03 07:08:12,원룸,49476417,월세,02,경기도 용인시 처인구 포곡읍 전대리,용인시 처인구,포곡읍,500,43,0,23.14,7.0,3,"채광좋고 깨끗한 분리형, 주차편리, 즉시입주",https://www.zigbang.com/home/apt/items/49476417
2026-07-03 07:08:12,원룸,49308117,월세,01,경기도 용인시 처인구 포곡읍 둔전리,용인시 처인구,포곡읍,500,37,0,24.3,7.35,5,"깨끗하고 넓은 탑층, 가성비 굿, 7월말 입주",https://www.zigbang.com/home/apt/items/49308117
2026-07-03 07:08:13,원룸,49564398,월세,01,경기도 용인시 처인구 포곡읍 둔전리,용인시 처인구,포곡읍,500,40,0,23.14,7.0,5,"준신축 깨끗, 주차편리, 즉시입주",https://www.zigbang.com/home/apt/items/49564398
2026-07-03 07:08:13,원룸,49539798,월세,02,경기도 용인시 처인구 포곡읍 삼계리,용인시 처인구,포곡읍,300,37,0,24,7.26,2,풀옵션 시세보다싼집 채광좋고 조용주차굿보안잘됨 도시가스,https://www.zigbang.com/home/apt/items/49539798
2026-07-03 07:08:13,원룸,49539736,월세,02,경기도 용인시 처인구 포곡읍 삼계리,용인시 처인구,포곡읍,500,46,0,26.45,8.0,3,엘리베이터있고 즉시입주가능 풀옵션 주차굿환승구역 교통편리,https://www.zigbang.com/home/apt/items/49539736
2026-07-03 07:08:13,원룸,49526234,월세,02,경기도 용인시 처인구 포곡읍 둔전리,용인시 처인구,포곡읍,500,45,0,26.45,8.0,4,풀옵션깨끗 넓고베란다주방분리 귀한 인터넷수도세포함,https://www.zigbang.com/home/apt/items/49526234
2026-07-03 07:08:13,원룸,49526197,월세,02,경기도 용인시 처인구 포곡읍 삼계리,용인시 처인구,포곡읍,300,40,0,39.66,12.0,3,넓고올수리된집 시세보다싼집 고급진가구 서두르세요 풀옵션,https://www.zigbang.com/home/apt/items/49526197
2026-07-03 07:08:13,원룸,49525502,월세,02,경기도 용인시 처인구 포곡읍 삼계리,용인시 처인구,포곡읍,500,36,0,23.14,7.0,2,"주차장 넓고 조용, 7월 하순 입주",https://www.zigbang.com/home/apt/items/49525502
2026-07-03 07:08:13,원룸,49516455,월세,02,경기도 용인시 처인구 포곡읍 삼계리,용인시 처인구,포곡읍,500,36,0,23.14,7.0,4,"주차장 넓고 조용, 7월 15일 이후 입주",https://www.zigbang.com/home/apt/items/49516455
2026-07-03 07:08:13,원룸,49508823,월세,02,경기도 용인시 처인구 포곡읍 금어리,용인시 처인구,포곡읍,500,40,0,23.14,7.0,3,"조용한 전원풍 1.5룸, 8월 초순 입주",https://www.zigbang.com/home/apt/items/49508823
2026-07-03 07:08:13,원룸,49265365,월세,02,경기도 용인시 처인구 포곡읍 삼계리,용인시 처인구,포곡읍,500,40,0,29,8.77,4,풀옵션 넓은베란다 해잘듦추차좋고 교통편리포곡도서관인근,https://www.zigbang.com/home/apt/items/49265365
2026-07-03 07:08:13,원룸,49232254,월세,01,경기도 성남시 중원구 성남동,성남시 중원구,성남동,1000,53,0,19.83,6.0,4,깔끔한 풀옵션 원룸,https://www.zigbang.com/home/apt/items/49232254
2026-07-03 07:08:13,원룸,49191524,월세,02,경기도 성남시 중원구 하대원동,성남시 중원구,하대원동,1000,90,0,30,9.07,5,"사업자가능,넓어요, 준신축 깔끔한 분리형원룸",https://www.zigbang.com/home/apt/items/49191524
2026-07-03 07:08:13,원룸,49171694,월세,02,경기도 성남시 분당구 삼평동,성남시 분당구,삼평동,2000,180,0,120.6,36.48,고,"판교역효성해링턴 귀한 분리형 전입가능룸, 판교최고의 뷰,",https://www.zigbang.com/home/apt/items/49171694
2026-07-03 07:08:13,원룸,49061429,전세,01,경기도 성남시 분당구 야탑동,성남시 분당구,야탑동,13000,0,0,23.14,7.0,3,"올수리,넓고 깨끗한 원룸.남향.베란다분리형",https://www.zigbang.com/home/apt/items/49061429
2026-07-03 07:08:13,원룸,48949766,월세,01,경기도 성남시 수정구 시흥동,성남시 수정구,시흥동,1000,106,0,69.42,21.0,4,"전입가능,주거용오피스텔, 판교5분,조식무료,헬스무료,",https://www.zigbang.com/home/apt/items/48949766
2026-07-03 07:08:14,원룸,49564268,월세,01,경기도 광주시 송정동,광주시,송정동,500,40,0,28,8.47,4,주차가 편리하고 교통이 좋은 원룸입니다,https://www.zigbang.com/home/apt/items/49564268
2026-07-03 07:08:14,원룸,49517525,월세,01,경기도 광주시 경안동,광주시,경안동,500,40,0,23.14,7.0,4,경안동 중심권 방이 큰 원룸 월세,https://www.zigbang.com/home/apt/items/49517525
2026-07-03 07:08:14,원룸,49509038,월세,02,경기도 광주시 송정동,광주시,송정동,500,42,0,33,9.98,2,거실 넓은 1.5룸 입니다,https://www.zigbang.com/home/apt/items/49509038
2026-07-03 07:08:14,원룸,49508941,월세,02,경기도 광주시 송정동,광주시,송정동,500,42,0,30,9.07,3,주차 편리한 원룸입니다,https://www.zigbang.com/home/apt/items/49508941
2026-07-03 07:08:14,원룸,49508919,월세,01,경기도 광주시 송정동,광주시,송정동,300,35,0,20,6.05,1,tv유선과 와이파이가  들어와 있는 준신축입니다,https://www.zigbang.com/home/apt/items/49508919
2026-07-03 07:08:14,원룸,49460616,월세,01,경기도 광주시 송정동,광주시,송정동,300,35,0,25,7.56,2,저렴하고 깨끗한 원룸입니다,https://www.zigbang.com/home/apt/items/49460616
2026-07-03 07:08:14,원룸,49449725,월세,03,경기도 광주시 경안동,광주시,경안동,500,42,0,23.14,7.0,3,경안동 중심권 원룸 월세,https://www.zigbang.com/home/apt/items/49449725
2026-07-03 07:08:14,원룸,49440093,월세,01,경기도 광주시 역동,광주시,역동,1000,45,0,26,7.86,2,역동중심권 오피스텔 월세,https://www.zigbang.com/home/apt/items/49440093
2026-07-03 07:08:14,원룸,49363439,월세,01,경기도 광주시 경안동,광주시,경안동,500,38,0,27,8.17,3,이마트 건너편 원룸 월세,https://www.zigbang.com/home/apt/items/49363439
2026-07-03 07:08:36,원룸,48784718,월세,01,경기도 김포시 장기동,김포시,장기동,500,35,0,24,7.26,4,ㅡ이룸ㅡ 장기역 빅사이즈 남서향 최저가 역세권 풀옵션 원룸,https://www.zigbang.com/home/apt/items/48784718
2026-07-03 07:08:36,원룸,48542160,월세,02,경기도 김포시 장기동,김포시,장기동,500,33,0,24,7.26,3,ㅡ이룸ㅡ 최상급컨디션 최고의가성비 분리형원룸 풀옵션,https://www.zigbang.com/home/apt/items/48542160
2026-07-03 07:08:38,원룸,49568081,월세,03,경기도 파주시 다율동,파주시,다율동,1000,70,0,85.24,25.78,중,업무용.전용13평.천장형냉난방기.주방풀옵션.개별화장실.,https://www.zigbang.com/home/apt/items/49568081
2026-07-03 07:08:38,원룸,49552193,월세,01,경기도 파주시 동패동,파주시,동패동,500,45,0,20,6.05,4,즉시입주  아담한 오픈형 원룸 풀옵션 까페거리내,https://www.zigbang.com/home/apt/items/49552193
2026-07-03 07:08:38,원룸,49552082,월세,02,경기도 파주시 동패동,파주시,동패동,500,45,0,30,9.07,4,4층 탑층  공원방향 창문으로 밝은집 풀옵션 즉시입주,https://www.zigbang.com/home/apt/items/49552082
2026-07-03 07:08:38,원룸,49465660,월세,02,경기도 파주시 문발동,파주시,문발동,500,45,0,26.45,8.0,2,문발동 1.5룸,https://www.zigbang.com/home/apt/items/49465660
2026-07-03 07:08:38,원룸,49364597,월세,03,경기도 파주시 다율동,파주시,다율동,500,70,0,26.75,8.09,4,풀옵션 복층 사무실 전입불가 전용13평 엄청넓음,https://www.zigbang.com/home/apt/items/49364597
2026-07-03 07:08:38,원룸,49326891,월세,01,경기도 파주시 다율동,파주시,다율동,300,35,0,16.53,5.0,2,다율동 원룸.,https://www.zigbang.com/home/apt/items/49326891
2026-07-03 07:08:38,원룸,49326788,월세,01,경기도 파주시 문발동,파주시,문발동,300,30,0,16.53,5.0,1,문발동 가성비좋은 원룸,https://www.zigbang.com/home/apt/items/49326788
2026-07-03 07:08:38,원룸,49326726,월세,01,경기도 파주시 문발동,파주시,문발동,500,30,0,19.83,6.0,2,깨끗한 문발동 원룸,https://www.zigbang.com/home/apt/items/49326726
2026-07-03 07:08:22,원룸,49418198,전세,01,서울시 성북구 하월곡동,성북구,하월곡동,7500,0,0,14.88,4.5,3,전입가능 여학생이 거주하기 딱 쫗은 안전한 원룸,https://www.zigbang.com/home/apt/items/49418198
2026-07-03 07:08:22,원룸,49555076,월세,01,서울시 성북구 장위동,성북구,장위동,300,50,0,21,6.35,2,ll풀옵션. 최고 예쁜 곳ll 보증금조정O 외국인O 단기O,https://www.zigbang.com/home/apt/items/49555076
2026-07-03 07:08:22,원룸,49547878,월세,01,서울시 성북구 장위동,성북구,장위동,1000,45,0,21.49,6.5,3,"3층, 풀옵션 오픈형 원룸,교통편리",https://www.zigbang.com/home/apt/items/49547878
2026-07-03 07:08:22,원룸,49547770,월세,03,서울시 성북구 장위동,성북구,장위동,5000,80,0,29.8,9.01,3,"3층,  복층형 풀옵션 원룸.  즉시입주 가능",https://www.zigbang.com/home/apt/items/49547770
2026-07-03 07:08:22,원룸,49547651,월세,01,서울시 성북구 장위동,성북구,장위동,1000,40,0,18,5.44,반지하,"반지층,   오픈형 풀옵션 원룸.",https://www.zigbang.com/home/apt/items/49547651
2026-07-03 07:08:22,원룸,49528753,월세,01,서울시 성북구 장위동,성북구,장위동,1000,50,0,20,6.05,2,주차 가능 깨끗 상태좋은집 크게 나온 원룸 보증금조정가능,https://www.zigbang.com/home/apt/items/49528753
2026-07-03 07:08:22,원룸,49407245,월세,01,서울시 성북구 장위동,성북구,장위동,1000,85,0,28,8.47,2,"준신축, 풀옵션 오픈형원룸, 빠른입주",https://www.zigbang.com/home/apt/items/49407245
2026-07-03 07:08:22,원룸,49248568,월세,01,서울시 성북구 장위동,성북구,장위동,100,25,0,14,4.23,2,㉧모든공과금 관리비에 포함㉧즉시입주㉧,https://www.zigbang.com/home/apt/items/49248568
2026-07-03 07:08:40,원룸,49571564,월세,01,경기도 고양시 덕양구 주교동,고양시 덕양구,주교동,300,40,0,26.44,8.0,4,원당 풀옵션된  아주  넓고 깨끗한 대형  원룸.단기가능,https://www.zigbang.com/home/apt/items/49571564
2026-07-03 07:08:42,원룸,49482472,월세,02,경기도 파주시 탄현면 법흥리,파주시,탄현면,500,38,0,38,11.49,1,"귀한 1.5룸, 풀옵션, 깨끗하고 안전하며 주차가능합니다.",https://www.zigbang.com/home/apt/items/49482472
2026-07-03 07:08:42,원룸,49482445,월세,02,경기도 파주시 탄현면 대동리,파주시,탄현면,1000,45,0,40,12.1,2,"준신축, 채광이 좋습니다. 방과 거실이 분리, 주차 가능",https://www.zigbang.com/home/apt/items/49482445
2026-07-03 07:08:43,원룸,49488885,월세,02,경기도 파주시 월롱면 덕은리,파주시,월롱면,200,35,0,35,10.59,2,"깨끗,거실구분 1.5룸 에터컨2대, 주차양호,풀옵션",https://www.zigbang.com/home/apt/items/49488885
2026-07-03 07:08:43,원룸,49488783,월세,01,경기도 파주시 월롱면 덕은리,파주시,월롱면,100,25,0,20,6.05,2,"단지형 원룸주택단지,주차양호 ,풀옵션,관리비에 공과금포함",https://www.zigbang.com/home/apt/items/49488783
2026-07-03 07:08:43,원룸,49473727,월세,02,경기도 파주시 월롱면 덕은리,파주시,월롱면,200,55,0,50,15.12,4,방2개 화장실2개 분리형 투룸 풀옵션  주차양호,https://www.zigbang.com/home/apt/items/49473727
2026-07-03 07:08:43,원룸,49466260,월세,02,경기도 파주시 월롱면 덕은리,파주시,월롱면,100,50,0,45,13.61,3,"깨끗1.5룸 ,주변편의상권형성 , 풀옵션 에어컨 냉장고등.",https://www.zigbang.com/home/apt/items/49466260
2026-07-03 07:08:43,원룸,49466096,월세,02,경기도 파주시 월롱면 능산리,파주시,월롱면,200,40,0,40,12.1,5,"1.5룸 분리형 풀옵션 깨끗함 주차편함,엘리베이트.",https://www.zigbang.com/home/apt/items/49466096
2026-07-03 07:08:43,원룸,49321627,월세,01,경기도 파주시 월롱면 덕은리,파주시,월롱면,100,28,0,23.14,7.0,3,"전입신고가능, 조용하고 주차가 편한 풀옵션 넓은 원룸",https://www.zigbang.com/home/apt/items/49321627
2026-07-03 07:08:43,원룸,49321611,월세,01,경기도 파주시 월롱면 덕은리,파주시,월롱면,100,28,0,19.83,6.0,3,"디스플레이 북문 인근 원룸, 도보출근가능",https://www.zigbang.com/home/apt/items/49321611
2026-07-03 07:08:43,원룸,49321609,월세,01,경기도 파주시 월롱면 덕은리,파주시,월롱면,100,30,0,19.83,6.0,3,"P7,P8 인근 대출없고 전입신고 가능한 깨끗한 원룸",https://www.zigbang.com/home/apt/items/49321609
2026-07-03 07:08:43,원룸,49310435,월세,02,경기도 파주시 월롱면 덕은리,파주시,월롱면,200,50,0,50,15.12,4,"거실및주방있는 투룸, 엘리베이터, 에어컨,냉장고,세탁기.",https://www.zigbang.com/home/apt/items/49310435
2026-07-03 07:08:43,원룸,49247332,월세,02,경기도 파주시 월롱면 덕은리,파주시,월롱면,200,55,0,50,15.12,4,"2룸넓고 깨끗함, 풀옵션 화장실2개,에어컨2,세탁기냉장고",https://www.zigbang.com/home/apt/items/49247332
2026-07-03 07:08:43,원룸,49247270,월세,01,경기도 파주시 월롱면 덕은리,파주시,월롱면,100,25,0,20,6.05,2,깨끗풀옵션 단지형  원룸 넓은주차장  파주 LCD  P8,https://www.zigbang.com/home/apt/items/49247270
2026-07-03 07:08:43,원룸,49171803,월세,01,경기도 파주시 월롱면 덕은리,파주시,월롱면,100,20,0,20,6.05,3,대로변  원룸 주차편함  풀옵션구성 관리비는 난방비제외.,https://www.zigbang.com/home/apt/items/49171803
2026-07-03 07:08:43,원룸,49095198,월세,01,경기도 파주시 월롱면 덕은리,파주시,월롱면,100,30,0,25,7.56,3,"넓은원룸, 주차굿, 주인이깨끗하게 관리하고있는 원룸입니다.",https://www.zigbang.com/home/apt/items/49095198
2026-07-03 07:08:43,원룸,49567628,월세,01,경기도 파주시 문산읍 당동리,파주시,문산읍,500,35,0,20,6.05,5,당동리  엘베있는 깔끔한 원룸,https://www.zigbang.com/home/apt/items/49567628
2026-07-03 07:08:43,원룸,49403450,월세,01,경기도 파주시 문산읍 당동리,파주시,문산읍,100,30,0,18,5.44,4,당동원룸 I 깔끔하게 관리 잘된 시내쪽 원룸,https://www.zigbang.com/home/apt/items/49403450
2026-07-03 07:08:43,원룸,49339918,월세,01,경기도 파주시 문산읍 선유리,파주시,문산읍,100,30,0,20,6.05,3,선유리 원룸 I 월세 관리비 공과금 40만원 그외 비용없음,https://www.zigbang.com/home/apt/items/49339918
2026-07-03 07:08:43,원룸,49330640,월세,01,경기도 파주시 문산읍 당동리,파주시,문산읍,100,35,0,18.1,5.48,2,가성비 최고 원룸 기본옵션 모두 포함,https://www.zigbang.com/home/apt/items/49330640
2026-07-03 07:08:43,원룸,49324028,월세,01,경기도 파주시 문산읍 당동리,파주시,문산읍,100,25,0,17,5.14,2,㉧모든공과금 관리비에 포함㉧단기가능㉧저보증금㉧풀옵션㉧,https://www.zigbang.com/home/apt/items/49324028
2026-07-03 07:08:43,원룸,49289701,월세,01,경기도 파주시 문산읍 선유리,파주시,문산읍,200,30,0,20,6.05,3,선유리 원룸 I 풀옵션 I 한달40만원 그외비용 없음,https://www.zigbang.com/home/apt/items/49289701
2026-07-03 07:08:43,원룸,49289232,월세,01,경기도 파주시 문산읍 선유리,파주시,문산읍,100,30,0,20,6.05,2,선유리 원룸 I가성비 좋은 오픈형 원룸,https://www.zigbang.com/home/apt/items/49289232
2026-07-03 07:08:43,원룸,49280823,월세,01,경기도 파주시 문산읍 당동리,파주시,문산읍,100,30,0,18,5.44,4,당동원룸 I 한달 월세 관리비 35만원 그외비용없음,https://www.zigbang.com/home/apt/items/49280823
2026-07-03 07:08:43,원룸,49280803,월세,02,경기도 파주시 문산읍 선유리,파주시,문산읍,100,40,0,20,6.05,3,선유리 원룸 I 옷장 수납함 넉넉한 분리형 원룸입니다.,https://www.zigbang.com/home/apt/items/49280803
2026-07-03 07:08:43,원룸,49280794,월세,01,경기도 파주시 문산읍 선유리,파주시,문산읍,100,30,0,19,5.75,3,선유리 원룸 I 수납함 여유있는 저렴한 원룸,https://www.zigbang.com/home/apt/items/49280794
2026-07-03 07:08:43,원룸,49278983,월세,01,경기도 파주시 문산읍 선유리,파주시,문산읍,200,30,0,24,7.26,2,인터넷완비 풀옵션 개방감 좋고 채광좋은 깨끗한 편세권 원룸,https://www.zigbang.com/home/apt/items/49278983
2026-07-03 07:08:31,원룸,49304218,월세,02,서울시 송파구 풍납동,송파구,풍납동,500,35,0,22.53,6.82,반지하,V분리형원룸V풀옵션V반지하V즉시입주가능V아산병원인근,https://www.zigbang.com/home/apt/items/49304218
2026-07-03 07:08:31,원룸,49024743,월세,02,서울시 송파구 풍납동,송파구,풍납동,4000,40,0,25,7.56,3,역세권 분리형원룸,https://www.zigbang.com/home/apt/items/49024743
2026-07-03 07:08:31,원룸,49589737,월세,01,서울시 강동구 성내동,강동구,성내동,1000,95,0,39.1,11.83,고,"신축5년 아주넓은 원룸형 아파트,상태최상,강동구청역",https://www.zigbang.com/home/apt/items/49589737
2026-07-03 07:08:31,원룸,49563987,월세,01,서울시 강동구 성내동,강동구,성내동,2000,60,0,17.17,5.19,4,깔끔한 원룸 2천월60 풀옵션 주차X 동물X즉시입주,https://www.zigbang.com/home/apt/items/49563987
2026-07-03 07:08:31,원룸,49524963,월세,01,서울시 강동구 성내동,강동구,성내동,1000,70,0,17.39,5.26,1,신축급 호원대 도보3분 깔끔한 풀옵션 관공서 거리 인근,https://www.zigbang.com/home/apt/items/49524963
2026-07-03 07:08:31,원룸,49500275,월세,01,서울시 강동구 성내동,강동구,성내동,1000,70,0,20.53,6.21,1,V신축급풀옵션V빠른입주가능V주차가능V강동구청역도보거리V,https://www.zigbang.com/home/apt/items/49500275
2026-07-03 07:08:31,원룸,49494329,전세,01,서울시 강동구 성내동,강동구,성내동,12500,0,0,14.25,4.31,3,허그대출 및 보증보험가능 깨끗한 풀옵션 오픈형원룸,https://www.zigbang.com/home/apt/items/49494329
2026-07-03 07:08:31,원룸,49488652,월세,01,서울시 강동구 성내동,강동구,성내동,100,70,0,31.2,9.44,중,강동구청역 역세권 넓고 귀한 신축급 풀옵 원룸형 APT,https://www.zigbang.com/home/apt/items/49488652
2026-07-03 07:08:31,원룸,49310866,월세,01,서울시 강동구 성내동,강동구,성내동,11700,20,0,18.59,5.62,2,보증보험 버팀목허그 lh 깔끔 준신축 1룸 강동구청역 주차,https://www.zigbang.com/home/apt/items/49310866
2026-07-03 07:08:31,원룸,49298160,월세,01,서울시 강동구 성내동,강동구,성내동,12000,20,0,15.67,4.74,2,허그대출가능 강동구청역까지 도보로 약 10분 풀옵션원룸,https://www.zigbang.com/home/apt/items/49298160
2026-07-03 07:08:31,원룸,49283901,월세,02,서울시 강동구 성내동,강동구,성내동,1000,50,0,29.75,9.0,반지하,반지층이지만 전혀 습하지전용 전용 넓은  분리형원룸,https://www.zigbang.com/home/apt/items/49283901
2026-07-03 07:08:47,원룸,49473979,월세,03,경기도 남양주시 별내동,남양주시,별내동,5000,25,0,22,6.65,4,"식송2블럭, 별가람역 도보 10분거리, 원룸복층",https://www.zigbang.com/home/apt/items/49473979
2026-07-03 07:08:47,원룸,49350826,월세,03,경기도 남양주시 별내동,남양주시,별내동,6000,22,0,22,6.65,3,"식송2블럭, 복층원룸, 전입가능,입주협의",https://www.zigbang.com/home/apt/items/49350826
2026-07-03 07:08:48,원룸,49561694,월세,01,경기도 남양주시 금곡동,남양주시,금곡동,30,32,0,11.5,3.48,7,"엘레베이터o,주차가능,금곡역세권,즉시입주,전입신고x",https://www.zigbang.com/home/apt/items/49561694
2026-07-03 07:08:48,원룸,49561620,월세,01,경기도 남양주시 금곡동,남양주시,금곡동,500,50,0,36,10.89,5,"금곡역세권, 빠른입주가능, 엘레베이터o",https://www.zigbang.com/home/apt/items/49561620
2026-07-03 07:08:48,원룸,49561600,월세,01,경기도 남양주시 금곡동,남양주시,금곡동,500,30,0,28,8.47,4,"저렴한 풀옵션, 즉시입주가능",https://www.zigbang.com/home/apt/items/49561600
2026-07-03 07:08:48,원룸,49561529,월세,01,경기도 남양주시 금곡동,남양주시,금곡동,100,55,0,40,12.1,3,"넓은풀옵션원룸 , 단기임대가능 3개월부터, 큰냉장고,비데o",https://www.zigbang.com/home/apt/items/49561529
2026-07-03 07:08:48,원룸,49561502,월세,01,경기도 남양주시 금곡동,남양주시,금곡동,500,30,0,30,9.07,4,"저렴한 풀옵션 원룸, 금곡역세권 , 즉시입주가능",https://www.zigbang.com/home/apt/items/49561502
2026-07-03 07:08:48,원룸,49561484,월세,01,경기도 남양주시 진건읍 사능리,남양주시,진건읍,500,32,0,29.75,9.0,1,"전원주택마을에위치. 전입신고 x 인터넷, 수도세,전기세포함",https://www.zigbang.com/home/apt/items/49561484
2026-07-03 07:08:48,원룸,49561674,월세,01,경기도 남양주시 오남읍 양지리,남양주시,오남읍,200,40,0,20,6.05,4,"오남역세권, 엘레베이터, 4층 같은층에 옥상테라스 사용가능",https://www.zigbang.com/home/apt/items/49561674
2026-07-03 07:08:48,원룸,49561585,월세,01,경기도 남양주시 오남읍 오남리,남양주시,오남읍,500,40,0,20,6.05,2,"주차아주편리, 한적한곳에 위치한 깨끗한 풀옵션 원룸",https://www.zigbang.com/home/apt/items/49561585
2026-07-03 07:08:48,원룸,49526574,월세,01,경기도 남양주시 호평동,남양주시,호평동,500,42,0,31.79,9.62,3,풀옵션원룸 조망,https://www.zigbang.com/home/apt/items/49526574
2026-07-03 07:08:48,원룸,49516126,월세,01,경기도 남양주시 호평동,남양주시,호평동,500,40,0,13,3.93,2,입주청소완료한 풀옵션원룸,https://www.zigbang.com/home/apt/items/49516126
2026-07-03 07:08:48,원룸,49451145,월세,02,경기도 남양주시 호평동,남양주시,호평동,500,50,0,27.5,8.32,3,정남향의 밝고 넓은 분리형 1.5룸,https://www.zigbang.com/home/apt/items/49451145
2026-07-03 07:08:48,원룸,49445402,월세,02,경기도 남양주시 평내동,남양주시,평내동,500,45,0,30,9.07,2,밝고 깨끗한 분리형 원룸,https://www.zigbang.com/home/apt/items/49445402
2026-07-03 07:08:48,원룸,49394318,월세,02,경기도 남양주시 평내동,남양주시,평내동,1000,45,0,30,9.07,3,싱크대 교체 수리 된 분리형 넓은 원룸,https://www.zigbang.com/home/apt/items/49394318
2026-07-03 07:08:48,원룸,49387409,전세,02,경기도 남양주시 평내동,남양주시,평내동,4500,0,0,30,9.07,1,"1층 분리형 원룸,옵션 있음,위치 굿",https://www.zigbang.com/home/apt/items/49387409
2026-07-03 07:08:48,원룸,49347259,월세,01,경기도 남양주시 호평동,남양주시,호평동,500,40,0,26.45,8.0,2,이마트 부근 원룸,https://www.zigbang.com/home/apt/items/49347259
2026-07-03 07:08:49,원룸,49589495,월세,02,경기도 남양주시 진접읍 연평리,남양주시,진접읍,1500,75,0,27,8.17,4,연평리 백병원인근 분리형원룸,https://www.zigbang.com/home/apt/items/49589495
2026-07-03 07:08:49,원룸,49585163,월세,02,경기도 남양주시 오남읍 양지리,남양주시,오남읍,500,50,0,29.75,9.0,3,오남역 인근 1.5룸,https://www.zigbang.com/home/apt/items/49585163
2026-07-03 07:08:49,원룸,49580205,월세,03,경기도 남양주시 진접읍 장현리,남양주시,진접읍,300,50,0,27.93,8.45,8,티안나게 큰 호실입니다,https://www.zigbang.com/home/apt/items/49580205
2026-07-03 07:08:49,원룸,49566650,전세,02,경기도 남양주시 오남읍 양지리,남양주시,오남읍,8000,0,0,29.75,9.0,3,오남역인근 1.5룸,https://www.zigbang.com/home/apt/items/49566650
2026-07-03 07:08:49,원룸,49566447,월세,02,경기도 남양주시 오남읍 양지리,남양주시,오남읍,2000,65,0,30,9.07,4,오남역인근 테라스 분리형원룸,https://www.zigbang.com/home/apt/items/49566447
2026-07-03 07:08:49,원룸,49557528,월세,02,경기도 남양주시 진접읍 금곡리,남양주시,진접읍,1000,55,0,36.36,11.0,옥탑방,진접역 도보2분 풀옵션 1.5룸 옥탑방 테라스,https://www.zigbang.com/home/apt/items/49557528
2026-07-03 07:08:49,원룸,49557456,월세,01,경기도 남양주시 진접읍 금곡리,남양주시,진접읍,500,50,0,23.14,7.0,3,진접역인근 풀옵션 원룸,https://www.zigbang.com/home/apt/items/49557456
2026-07-03 07:08:49,원룸,49549393,월세,02,경기도 남양주시 진접읍 연평리,남양주시,진접읍,1500,75,0,24,7.26,3,d연평리 농협인근 신축 방1거실1,https://www.zigbang.com/home/apt/items/49549393
2026-07-03 07:08:49,원룸,49549356,월세,02,경기도 남양주시 진접읍 연평리,남양주시,진접읍,1500,75,0,27,8.17,4,연평리 백병원인근 분리형원룸,https://www.zigbang.com/home/apt/items/49549356
2026-07-03 07:08:49,원룸,49544739,월세,01,경기도 남양주시 진접읍 금곡리,남양주시,진접읍,500,50,0,24,7.26,3,진접역인근 분리형원룸,https://www.zigbang.com/home/apt/items/49544739
2026-07-03 07:08:49,원룸,49481171,월세,03,경기도 남양주시 진접읍 장현리,남양주시,진접읍,300,50,0,27.93,8.45,중,진접에서 가장좋은 숙소입니다,https://www.zigbang.com/home/apt/items/49481171
2026-07-03 07:08:49,원룸,49481022,월세,03,경기도 남양주시 진접읍 장현리,남양주시,진접읍,200,50,0,28.69,8.68,중,햇볕잘드는  조용한 호실입니다,https://www.zigbang.com/home/apt/items/49481022
2026-07-03 07:08:49,원룸,49465709,월세,02,경기도 남양주시 진접읍 금곡리,남양주시,진접읍,500,50,0,23.14,7.0,3,진접역 도보2분 풀옵션 분리형 원룸 9월입주가,https://www.zigbang.com/home/apt/items/49465709
2026-07-03 07:08:49,원룸,49440658,월세,01,경기도 남양주시 진접읍 금곡리,남양주시,진접읍,500,48,0,23.14,7.0,2,진접역 도보2분 풀옵션 주택가 원룸,https://www.zigbang.com/home/apt/items/49440658
2026-07-03 07:08:49,원룸,49561445,월세,02,경기도 양주시 광적면 석우리,양주시,광적면,300,30,0,23.14,7.0,2,분리형 풀옵션 최신식 원룸,https://www.zigbang.com/home/apt/items/49561445
2026-07-03 07:08:49,원룸,49556020,월세,02,경기도 양주시 광적면 석우리,양주시,광적면,200,30,0,19.83,6.0,2,분리형 원룸.남향.전세기능,https://www.zigbang.com/home/apt/items/49556020
2026-07-03 07:08:49,원룸,49555716,월세,01,경기도 양주시 광적면 가납리,양주시,광적면,300,30,0,21.49,6.5,3,수납좋고 채광좋음,https://www.zigbang.com/home/apt/items/49555716
2026-07-03 07:08:49,원룸,49555605,월세,01,경기도 양주시 광적면 가납리,양주시,광적면,300,30,0,19.83,6.0,2,수납좋고 깨끗함,https://www.zigbang.com/home/apt/items/49555605
2026-07-03 07:08:49,원룸,49555525,월세,02,경기도 양주시 광적면 석우리,양주시,광적면,200,20,0,16.53,5.0,1,저렴하게 혼자 쓰실분,https://www.zigbang.com/home/apt/items/49555525
2026-07-03 07:08:49,원룸,49555403,월세,01,경기도 양주시 광적면 석우리,양주시,광적면,200,27,0,19.83,6.0,2,관리비포함30만원.1층필로티주자장,https://www.zigbang.com/home/apt/items/49555403
2026-07-03 07:08:49,원룸,49432243,월세,01,경기도 양주시 광적면 석우리,양주시,광적면,400,40,0,27,8.17,3,베란더 있는 넓은 원룸,https://www.zigbang.com/home/apt/items/49432243
2026-07-03 07:08:49,원룸,49415448,월세,02,경기도 양주시 광적면 가납리,양주시,광적면,200,28,0,21.49,6.5,3,LED등.도배교체등으로 깨끗한 분리형 원룸,https://www.zigbang.com/home/apt/items/49415448
2026-07-03 07:08:49,원룸,49281551,월세,01,경기도 양주시 광적면 석우리,양주시,광적면,200,30,0,21.49,6.5,1,채광좋음.서랍식 침대로 수납편리,https://www.zigbang.com/home/apt/items/49281551
2026-07-03 07:08:49,원룸,49583966,월세,01,경기도 양주시 고읍동,양주시,고읍동,200,35,0,17.73,5.36,4,"풀옵션,협의입주가능,빌트인냉장고등등,신축,여유로운주차",https://www.zigbang.com/home/apt/items/49583966
2026-07-03 07:08:49,원룸,49535632,월세,01,경기도 양주시 고암동,양주시,고암동,300,33,0,26.45,8.0,2,원룸 오픈형 남향 깔끔하고 환해요 즉시입주,https://www.zigbang.com/home/apt/items/49535632
2026-07-03 07:08:49,원룸,49535254,월세,02,경기도 양주시 고암동,양주시,고암동,600,60,0,26.5,8.02,2,"완전 풀옵션 분리형 1.5룸,큰 거실겸주방,큰방,중문",https://www.zigbang.com/home/apt/items/49535254
2026-07-03 07:08:49,원룸,49534456,월세,01,경기도 양주시 고암동,양주시,고암동,300,35,0,23.14,7.0,4,원룸..A급 내부 상태 최고 엘리베이터 인터넷,https://www.zigbang.com/home/apt/items/49534456
2026-07-03 07:08:49,원룸,49534410,월세,02,경기도 양주시 고암동,양주시,고암동,300,30,0,26.45,8.0,3,웜룸.. 주방 분리형 남향에 깨끗한 공실임.,https://www.zigbang.com/home/apt/items/49534410
2026-07-03 07:08:49,원룸,49517631,월세,02,경기도 양주시 고암동,양주시,고암동,300,36,0,24,7.26,2,"분리형원룸,즉시입주가,저렴하고 관리잘 됨,풀옵션,인터넷포함",https://www.zigbang.com/home/apt/items/49517631
2026-07-03 07:08:49,원룸,49506280,월세,01,경기도 양주시 덕계동,양주시,덕계동,300,35,0,20.2,6.11,2,풀옵션. 즉시입주가능,https://www.zigbang.com/home/apt/items/49506280
2026-07-03 07:08:49,원룸,49506227,월세,01,경기도 양주시 덕계동,양주시,덕계동,500,47,0,23.15,7.0,2,"신축. 풀옵션. 즉시입주, 엘베설치",https://www.zigbang.com/home/apt/items/49506227
2026-07-03 07:08:49,원룸,49492913,월세,02,경기도 양주시 고암동,양주시,고암동,300,36,0,26.5,8.02,2,"바로입주가능,환하고밝아요,조용한 분리형원룸",https://www.zigbang.com/home/apt/items/49492913
2026-07-03 07:08:49,원룸,49441233,월세,02,경기도 양주시 고암동,양주시,고암동,600,60,0,30,9.07,2,"이쁘고 넓은 1.5룸,준신축,넓은화장실,중문,완벽풀옵션주차",https://www.zigbang.com/home/apt/items/49441233
2026-07-03 07:08:49,원룸,49429105,월세,01,경기도 양주시 고암동,양주시,고암동,200,27,0,23.1,6.99,1,오픈형원룸 저렴하고 옵션좋음 조용한 방,https://www.zigbang.com/home/apt/items/49429105
2026-07-03 07:08:49,원룸,49365486,월세,02,경기도 양주시 광사동,양주시,광사동,500,65,0,40,12.1,6,"즉시입주가능한 오피스텔,풀옵션,스타일러,상권좋고 주차가능",https://www.zigbang.com/home/apt/items/49365486
2026-07-03 07:08:49,원룸,49323943,월세,02,경기도 양주시 고암동,양주시,고암동,3000,50,0,33.9,10.25,2,U초대형 U 분리형 1.5룸 U 풀옵션 U 빠른입주가능 U,https://www.zigbang.com/home/apt/items/49323943
2026-07-03 07:08:49,원룸,49264472,월세,01,경기도 양주시 고암동,양주시,고암동,300,25,0,26.45,8.0,1,원룸. 오픈형 넓은 방  옵션 좋은 방.즉시 입주,https://www.zigbang.com/home/apt/items/49264472
2026-07-03 07:08:49,원룸,49129567,월세,01,경기도 양주시 광사동,양주시,광사동,500,55,0,38.49,11.64,7,"첫입주 오피스텔,주차가능,즉시입주,풀옵션,전입신고,애견가능",https://www.zigbang.com/home/apt/items/49129567
2026-07-03 07:08:49,원룸,49582549,월세,01,경기도 양주시 덕계동,양주시,덕계동,200,50,0,20.24,6.12,2,"신축. 풀옵션, 6개월이상계약가능, 엘베설치",https://www.zigbang.com/home/apt/items/49582549
2026-07-03 07:08:50,원룸,49401852,월세,01,경기도 양주시 남면 신산리,양주시,남면,1,35,0,19,5.75,1,"무보증,즉시입주.주차편리.농협하나로마트1분,남면초도보1분.",https://www.zigbang.com/home/apt/items/49401852
2026-07-03 07:08:50,원룸,49401686,월세,01,경기도 양주시 남면 신산리,양주시,남면,1,30,0,17,5.14,1,무보증. 즉시 입주. 주차편리.농협하나로마트1분.남면초1분,https://www.zigbang.com/home/apt/items/49401686
2026-07-03 07:08:50,원룸,49339450,월세,01,경기도 양주시 남면 신산리,양주시,남면,1,35,0,20,6.05,1,"무보증,즉시입주.농협하나로마트1분,남면초도보1분.남면중도보",https://www.zigbang.com/home/apt/items/49339450
2026-07-03 07:08:50,원룸,49580911,월세,03,경기도 양주시 옥정동,양주시,옥정동,100,63,0,49.59,15.0,5,o단기가능o신축북층형o오피스텔o,https://www.zigbang.com/home/apt/items/49580911
2026-07-03 07:08:50,원룸,49580910,월세,03,경기도 양주시 옥정동,양주시,옥정동,100,63,0,41.12,12.44,3,선납방X 단기가능 옥정신도시 유일한 오피스텔,https://www.zigbang.com/home/apt/items/49580910
2026-07-03 07:08:50,원룸,49404930,월세,03,경기도 양주시 옥정동,양주시,옥정동,500,55,0,44,13.31,3,"입주가능,풀옵션,옥정중심상가내 위치해서 상권,편의시설",https://www.zigbang.com/home/apt/items/49404930
2026-07-03 07:08:50,원룸,49360863,월세,03,경기도 양주시 옥정동,양주시,옥정동,100,65,0,45.76,13.84,5,선납방Xl 단기임대 l 신축 북층형 오피스텔,https://www.zigbang.com/home/apt/items/49360863
2026-07-03 07:08:50,원룸,49333441,월세,03,경기도 양주시 옥정동,양주시,옥정동,500,65,0,38,11.49,6,"완벽풀옵션오피스텔,옥정중심상가 내위치.신축,관리잘됨",https://www.zigbang.com/home/apt/items/49333441
2026-07-03 07:08:50,원룸,49584745,월세,01,경기도 동두천시 동두천동,동두천시,동두천동,500,30,0,23.14,7.0,3,"동두천역 원룸 동양대코앞, 미군부대근접.이벤트가",https://www.zigbang.com/home/apt/items/49584745
2026-07-03 07:08:50,원룸,49437003,월세,01,경기도 동두천시 동두천동,동두천시,동두천동,200,23,0,23.14,7.0,5,"동양대코앞원룸, 미군부대, 세코닉스 가격좋고 예쁜 원룸",https://www.zigbang.com/home/apt/items/49437003
2026-07-03 07:08:50,원룸,49429101,월세,01,경기도 동두천시 동두천동,동두천시,동두천동,500,40,0,29.75,9.0,3,"큰방 원룸, 동양대 바로앞, 미군부대, 역 5분",https://www.zigbang.com/home/apt/items/49429101
2026-07-03 07:08:50,원룸,49040780,월세,02,경기도 동두천시 동두천동,동두천시,동두천동,500,38,0,23.76,7.19,4,"최신원룸, 엘레베이트 유 주방분리형 , 동양대 큰 방.",https://www.zigbang.com/home/apt/items/49040780
2026-07-03 07:08:50,원룸,49535108,월세,01,경기도 양주시 옥정동,양주시,옥정동,500,45,0,26,7.86,3,"신축원룸,저렴한월세, 조용한주택가,꺠끗해요",https://www.zigbang.com/home/apt/items/49535108
2026-07-03 07:08:50,원룸,49391335,월세,01,경기도 양주시 옥정동,양주시,옥정동,500,53,0,23,6.96,3,"완벽풀옵션,잘나온 원룸,1년차 건물,주차편리,빠른입주",https://www.zigbang.com/home/apt/items/49391335
2026-07-03 07:08:50,원룸,49365492,월세,04,경기도 양주시 옥정동,양주시,옥정동,1000,85,0,93.55,28.3,5,"렌트프리1달.고급 2룸 오피스텔,첫입주,완벽풀옵션,주차편리",https://www.zigbang.com/home/apt/items/49365492
2026-07-03 07:08:50,원룸,49354352,월세,01,경기도 양주시 옥정동,양주시,옥정동,500,45,0,22,6.65,2,"빠른입주가능,깔끔한원룸,주차편리,풀옵션,집보기언제든",https://www.zigbang.com/home/apt/items/49354352
2026-07-03 07:08:51,원룸,49554841,월세,01,경기도 포천시 선단동,포천시,선단동,2000,25,0,16.53,5.0,4,선단동 동사무소 인근 넓은 원룸 입니다,https://www.zigbang.com/home/apt/items/49554841
2026-07-03 07:08:51,원룸,49546032,월세,01,경기도 포천시 선단동,포천시,선단동,1,32,0,20,6.05,3,무보증.즉시입주.주차편리.조용한환경.선단동복지센터8분.,https://www.zigbang.com/home/apt/items/49546032
2026-07-03 07:08:51,원룸,49545659,월세,01,경기도 포천시 선단동,포천시,선단동,1,32,0,20,6.05,2,무보증.즉시입주.주차편리.조용한환경.선단동복지센터8분.,https://www.zigbang.com/home/apt/items/49545659
2026-07-03 07:08:51,원룸,49545146,월세,02,경기도 포천시 선단동,포천시,선단동,1,32,0,20,6.05,1,무보증.즉시입주.주차편리.조용한환경.선단동복지센터8분.,https://www.zigbang.com/home/apt/items/49545146
2026-07-03 07:08:51,원룸,49488896,월세,01,경기도 포천시 선단동,포천시,선단동,100,29,0,9.92,3.0,2,선단동 주민센터 앞 대명 원룸텔 206호,https://www.zigbang.com/home/apt/items/49488896
2026-07-03 07:08:51,원룸,49397384,월세,01,경기도 포천시 선단동,포천시,선단동,500,60,0,23.82,7.21,4,신축 선단초부근 차단기있어 주차아주좋음 풀옵션 입주날짜협의,https://www.zigbang.com/home/apt/items/49397384
2026-07-03 07:08:51,원룸,49362600,전세,01,경기도 포천시 선단동,포천시,선단동,3500,0,0,18.05,5.46,4,선단동 동사무소 인근 넓고 깨끗한 원룸 입니다,https://www.zigbang.com/home/apt/items/49362600
2026-07-03 07:08:52,원룸,49571404,월세,02,경기도 이천시 신둔면 남정리,이천시,신둔면,500,48,0,30,9.07,2,신둔역 걸어서5분 풀옵션 주차100프로 분리형원룸 즉시입주,https://www.zigbang.com/home/apt/items/49571404
2026-07-03 07:08:52,원룸,49518530,월세,01,경기도 이천시 신둔면 남정리,이천시,신둔면,500,43,0,26.45,8.0,2,신둔역 도보 풀옵션 신축원룸,https://www.zigbang.com/home/apt/items/49518530
2026-07-03 07:08:52,원룸,49514490,월세,01,경기도 이천시 신둔면 남정리,이천시,신둔면,500,50,0,23.14,7.0,2,"신둔도예촌역 인근 ,  방 넓은 원룸",https://www.zigbang.com/home/apt/items/49514490
2026-07-03 07:08:52,원룸,49327698,월세,02,경기도 이천시 신둔면 남정리,이천시,신둔면,500,48,0,28,8.47,2,신둔도예촌촌역 인근 신축 급 분리형 원룸 즉시 입주,https://www.zigbang.com/home/apt/items/49327698
2026-07-03 07:08:52,원룸,49275740,전세,02,경기도 이천시 신둔면 수광리,이천시,신둔면,7500,0,0,35,10.59,3,도예천역 도보 가능한 신축급 1.5룸,https://www.zigbang.com/home/apt/items/49275740
2026-07-03 07:08:52,원룸,49576397,월세,01,경기도 이천시 신둔면 고척리,이천시,신둔면,500,42,0,26.45,8.0,3,관광대앞 서이천ic 5분 빠른입주,https://www.zigbang.com/home/apt/items/49576397
2026-07-03 07:08:52,원룸,49475579,월세,02,경기도 이천시 신둔면 고척리,이천시,신둔면,300,37,0,23.14,7.0,2,"단기가능한 한국관광대학교 인근, 깔끔한 풀옵션 원룸",https://www.zigbang.com/home/apt/items/49475579
2026-07-03 07:08:52,원룸,49475558,월세,01,경기도 이천시 신둔면 고척리,이천시,신둔면,300,36,0,20,6.05,3,"수도,전기,가스 공과금포함 초저렴 원룸",https://www.zigbang.com/home/apt/items/49475558
2026-07-03 07:08:53,원룸,49527486,월세,02,경기도 여주시 월송동,여주시,월송동,500,36,0,42.3,12.8,4,"깨끗한 준신축 1,5룸,막힘없는뷰,생활편의시설좋음,조용함",https://www.zigbang.com/home/apt/items/49527486
2026-07-03 07:08:53,원룸,49506679,월세,02,경기도 여주시 월송동,여주시,월송동,500,38,0,28,8.47,4,"반려동물가능,햇살 가득한 집, 집상태최상, 풀옵션",https://www.zigbang.com/home/apt/items/49506679
2026-07-03 07:08:53,원룸,49489464,월세,02,경기도 여주시 월송동,여주시,월송동,500,40,0,26,7.86,4,"신축급 깨끗한 1.5룸, 즉시입주",https://www.zigbang.com/home/apt/items/49489464
2026-07-03 07:08:53,원룸,49431012,월세,01,경기도 여주시 월송동,여주시,월송동,500,41,0,36.1,10.92,4,"깔끔한 1.5룸,가남,골프장 , 출,퇴근편리,풀옵션",https://www.zigbang.com/home/apt/items/49431012
2026-07-03 07:08:53,원룸,49589450,월세,02,경기도 이천시 부발읍 무촌리,이천시,부발읍,500,40,0,17.07,5.16,3,무촌리 팔도공장인근 신축 분리형 원룸 월세,https://www.zigbang.com/home/apt/items/49589450
2026-07-03 07:08:53,원룸,49583629,월세,02,경기도 이천시 부발읍 무촌리,이천시,부발읍,1000,45,0,26.45,8.0,3,깨끗한 풀옵션 분리형 원룸,https://www.zigbang.com/home/apt/items/49583629
2026-07-03 07:08:53,원룸,49569548,월세,02,경기도 이천시 부발읍 무촌리,이천시,부발읍,200,55,0,23.14,7.0,2,부발 무촌리 부발초 맞은편 분리형원룸 단기월세,https://www.zigbang.com/home/apt/items/49569548
2026-07-03 07:08:53,원룸,49531758,월세,01,경기도 이천시 부발읍 무촌리,이천시,부발읍,300,40,0,22,6.65,3,"부발초 인근, 보증금 조절 가능한 저렴한 월세",https://www.zigbang.com/home/apt/items/49531758
2026-07-03 07:08:53,원룸,49525976,전세,02,경기도 이천시 부발읍 무촌리,이천시,부발읍,5250,0,0,23.14,7.0,2,이천시 부발읍 무촌리 보증보험 가입가능한 분리형원룸 전세,https://www.zigbang.com/home/apt/items/49525976
2026-07-03 07:08:53,원룸,49499298,월세,02,경기도 이천시 부발읍 무촌리,이천시,부발읍,500,45,0,26.45,8.0,2,분리형 원룸 주차 무조건1대,https://www.zigbang.com/home/apt/items/49499298
2026-07-03 07:08:53,원룸,49486092,월세,02,경기도 이천시 백사면 현방리,이천시,백사면,500,45,0,29.75,9.0,1,백사면 현방리 신축1.5룸월세임대합니다,https://www.zigbang.com/home/apt/items/49486092
2026-07-03 07:08:54,원룸,49544936,월세,02,경기도 광주시 퇴촌면 도수리,광주시,퇴촌면,500,45,0,30,9.07,3,실매물실사진 관리비 수도TV 인터넷포함 1.5룸 풀옵션,https://www.zigbang.com/home/apt/items/49544936
2026-07-03 07:08:56,원룸,49588898,월세,02,경기도 여주시 오학동,여주시,오학동,500,35,0,20,6.05,3,"오학동 원룸,투베이 월세 ,1년",https://www.zigbang.com/home/apt/items/49588898
2026-07-03 07:08:56,원룸,49563173,월세,01,경기도 여주시 현암동,여주시,현암동,300,40,0,26.45,8.0,2,현암동 원룸 월세입니다.,https://www.zigbang.com/home/apt/items/49563173
2026-07-03 07:08:56,원룸,49459106,월세,02,경기도 여주시 오학동,여주시,오학동,300,43,0,35.3,10.68,4,"애완동물가능,집상태최상 남서향,풀옵션 대중교통이용 대신방향",https://www.zigbang.com/home/apt/items/49459106
2026-07-03 07:08:56,원룸,49433861,월세,01,경기도 여주시 현암동,여주시,현암동,300,40,0,23.14,7.0,2,현암동 법원인근 오픈형 풀옵션 원룸입니다.,https://www.zigbang.com/home/apt/items/49433861
2026-07-03 07:08:56,원룸,49430930,월세,02,경기도 여주시 오학동,여주시,오학동,300,43,0,35.1,10.62,4,"애완동물가능,풀옵션,즉시입주,햇살가득한집,집상태최상",https://www.zigbang.com/home/apt/items/49430930
2026-07-03 07:08:56,원룸,49430859,월세,01,경기도 여주시 오학동,여주시,오학동,300,35,0,24.1,7.29,4,"애완동물가능,풀옵션,북내,대신,물류창고 출 퇴근 편리",https://www.zigbang.com/home/apt/items/49430859
2026-07-03 07:08:56,원룸,49371712,월세,01,경기도 여주시 현암동,여주시,현암동,300,40,0,23.14,7.0,2,풀 옵션 집 상태 최상 생활권 편리 대신방향 출 퇴근편리,https://www.zigbang.com/home/apt/items/49371712
2026-07-03 07:08:56,원룸,49371704,월세,01,경기도 여주시 현암동,여주시,현암동,500,45,0,27.3,8.26,3,"풀옵션,이천,대신 출,퇴근편리,집상태 최상,햇살가득한 집",https://www.zigbang.com/home/apt/items/49371704
2026-07-03 07:08:56,원룸,49160095,월세,02,경기도 여주시 오학동,여주시,오학동,300,43,0,48.1,14.55,4,"풀옵션,애완동물가능,집상태최상,생활편의시설좋음,대신방향 출",https://www.zigbang.com/home/apt/items/49160095
2026-07-03 07:08:57,원룸,49468053,월세,01,강원도 원주시 문막읍 후용리,원주시,문막읍,50,29,0,29.75,9.0,3,2학기 O 동문 엘베 중문 귀가동선 짧은 집 I 풀옵션,https://www.zigbang.com/home/apt/items/49468053
2026-07-03 07:08:57,원룸,49168999,월세,02,강원도 원주시 문막읍 문막리,원주시,문막읍,300,48,0,26,7.86,3,문막 볼링장 인근 1.5룸입니다,https://www.zigbang.com/home/apt/items/49168999
2026-07-03 07:08:57,원룸,49401146,월세,02,강원도 원주시 문막읍 동화리,원주시,문막읍,300,40,0,22.9,6.93,4,"문막 동화초등학교 인근 깔끔한 1,5룸 입니다",https://www.zigbang.com/home/apt/items/49401146
2026-07-03 07:08:57,원룸,49401142,월세,02,강원도 원주시 문막읍 동화리,원주시,문막읍,300,35,0,23.14,7.0,2,문막동화초인근 분리형원룸입니다,https://www.zigbang.com/home/apt/items/49401142
2026-07-03 07:08:57,원룸,49401141,월세,02,강원도 원주시 문막읍 동화리,원주시,문막읍,300,37,0,23.14,7.0,3,동화리 원룸입니다 깔끔하고  실용적인 공간입니다,https://www.zigbang.com/home/apt/items/49401141
2026-07-03 07:08:57,원룸,49308588,월세,02,강원도 원주시 문막읍 동화리,원주시,문막읍,300,35,0,19.39,5.87,3,문막 동화리  합리적인 분리형 원룸입니다  실용적 입니다,https://www.zigbang.com/home/apt/items/49308588
2026-07-03 07:08:57,원룸,49168952,월세,02,강원도 원주시 문막읍 동화리,원주시,문막읍,300,38,0,23.14,7.0,2,문막 완전 풀옵션  깔끔한 원룸  침대랜덤,https://www.zigbang.com/home/apt/items/49168952
2026-07-03 07:08:57,원룸,49410376,월세,01,강원도 원주시 흥업면 흥업리,원주시,흥업면,200,30,0,33.06,10.0,2,"흥업리 신축원룸 풀풀옵션, 강원대 도보로 2분,단기가능",https://www.zigbang.com/home/apt/items/49410376
2026-07-03 07:08:57,원룸,49406897,월세,01,강원도 원주시 판부면 서곡리,원주시,판부면,100,32,0,30,9.07,2,ㅇ신ㅇ힐링가능 단기원룸 1개월부터가능 원주대정문부근,https://www.zigbang.com/home/apt/items/49406897
2026-07-03 07:08:57,원룸,49353440,월세,01,강원도 원주시 지정면 가곡리,원주시,지정면,300,40,0,39.66,12.0,옥탑방,엘베 O 감성 가득한 기업도시 옥탑 원룸 . 전망 좋은 집,https://www.zigbang.com/home/apt/items/49353440
2026-07-03 07:08:58,원룸,49584026,월세,02,강원도 원주시 우산동,원주시,우산동,50,28,0,26.45,8.0,2,"우산동 주방분리형 풀풀옵션,모든공과금 포함,반학기 단기가능",https://www.zigbang.com/home/apt/items/49584026
2026-07-03 07:08:58,원룸,49564519,월세,01,강원도 원주시 우산동,원주시,우산동,200,28,0,33.06,10.0,4,"우산동 상지대 인근 옥탑방 원룸 풀옵션,테라스,단기가능",https://www.zigbang.com/home/apt/items/49564519
2026-07-03 07:08:58,원룸,49546716,월세,02,강원도 원주시 우산동,원주시,우산동,100,40,0,39.67,12.0,1,"우산동 엘레베이터 있는 신축급 1.5룸 풀옵션, 예쁜방",https://www.zigbang.com/home/apt/items/49546716
2026-07-03 07:08:58,원룸,49523425,월세,02,강원도 원주시 우산동,원주시,우산동,100,27,0,33.06,10.0,2,ll반학기OKll상지대5분.풀옵션ll,https://www.zigbang.com/home/apt/items/49523425
2026-07-03 07:08:58,원룸,49464074,월세,02,강원도 원주시 우산동,원주시,우산동,200,40,0,36.36,11.0,2,"우산동 엘레베이터 있는 예쁜 신축급1.5룸 풀옵션,단기가능",https://www.zigbang.com/home/apt/items/49464074
2026-07-03 07:08:58,원룸,49450376,월세,02,강원도 원주시 우산동,원주시,우산동,300,35,0,36.35,11.0,3,"우산동 상지대 인근에 신축급1.5룸 풀옵션,6개월 단기가능",https://www.zigbang.com/home/apt/items/49450376
2026-07-03 07:08:58,원룸,49429368,월세,02,강원도 원주시 우산동,원주시,우산동,6000,5,0,34,10.28,4,상지대 도보 5분ㅣ준 신축 1.5룸ㅣ빠른입주 가능ㅣ,https://www.zigbang.com/home/apt/items/49429368
2026-07-03 07:08:58,원룸,49427140,월세,02,강원도 원주시 우산동,원주시,우산동,50,30,0,33.06,10.0,2,ll1개월부터OKll풀옵션.상지대ll,https://www.zigbang.com/home/apt/items/49427140
2026-07-03 07:08:58,원룸,49386466,전세,02,강원도 원주시 태장동,원주시,태장동,4500,0,0,36,10.89,5,신축 1년 ㅣ 엘리베이터 유 1.5룸ㅣ즉시입주 ㅣ남향 ㅣ,https://www.zigbang.com/home/apt/items/49386466
2026-07-03 07:08:58,원룸,49581166,월세,01,강원도 원주시 단계동,원주시,단계동,50,55,0,33.06,10.0,옥탑방,ll신축.1개월OKll테라스.엘베유ll,https://www.zigbang.com/home/apt/items/49581166
2026-07-03 07:08:58,원룸,49580557,월세,02,강원도 원주시 단계동,원주시,단계동,300,47,0,34,10.28,2,단계동 준신축 1.5룸 엘베있음 즉시입주,https://www.zigbang.com/home/apt/items/49580557
2026-07-03 07:08:58,원룸,49499500,월세,02,강원도 원주시 단계동,원주시,단계동,300,42,0,34,10.28,2,봉화산푸르지오인근 준신축 1.5룸 엘베잇음,https://www.zigbang.com/home/apt/items/49499500
2026-07-03 07:08:58,원룸,49196132,월세,02,강원도 원주시 단계동,원주시,단계동,300,45,0,33.5,10.13,2,엘베 O 주차 편리 l 신축급 컨디션 깔끔 1.5룸,https://www.zigbang.com/home/apt/items/49196132
2026-07-03 07:09:00,원룸,49485164,월세,01,경기도 남양주시 화도읍 마석우리,남양주시,화도읍,500,55,0,26.45,8.0,6,마석역이 바로 코앞 도보3분거리,https://www.zigbang.com/home/apt/items/49485164
2026-07-03 07:09:00,원룸,49590024,월세,01,경기도 남양주시 화도읍 묵현리,남양주시,화도읍,500,40,0,20.01,6.05,4,"oO엘베,주차용이한편,풀옵션,오픈형원룸,즉시입주Oo",https://www.zigbang.com/home/apt/items/49590024
2026-07-03 07:09:00,원룸,49574051,월세,01,경기도 남양주시 화도읍 묵현리,남양주시,화도읍,500,35,0,20,6.05,4,주차. 풀옵션. 공실. 엘리베이터,https://www.zigbang.com/home/apt/items/49574051
2026-07-03 07:09:00,원룸,49573965,월세,01,경기도 남양주시 화도읍 묵현리,남양주시,화도읍,500,40,0,21.49,6.5,4,완벽풀옵션  인터넷티비포함  주차가능,https://www.zigbang.com/home/apt/items/49573965
2026-07-03 07:09:00,원룸,49561022,전세,01,경기도 남양주시 화도읍 답내리,남양주시,화도읍,5000,0,0,29.75,9.0,2,넓은 원룸 전세.,https://www.zigbang.com/home/apt/items/49561022
2026-07-03 07:09:02,원룸,49531379,월세,01,경기도 포천시 일동면 기산리,포천시,일동면,300,25,0,30,9.07,2,일동초입에 위치한 원룸치고 넓은 방 1층 월세,https://www.zigbang.com/home/apt/items/49531379
2026-07-03 07:09:02,원룸,49459448,월세,03,경기도 포천시 일동면 기산리,포천시,일동면,4000,20,0,33,9.98,2,전원마을 상단에 위치한 단독형 원룸 임대,https://www.zigbang.com/home/apt/items/49459448
2026-07-03 07:09:02,원룸,49452708,전세,01,경기도 포천시 일동면 기산리,포천시,일동면,4500,0,0,25,7.56,5,시내 인근에 위치한 리모델링한 원룸 전세 반전세 임대,https://www.zigbang.com/home/apt/items/49452708
2026-07-03 07:09:02,원룸,49426221,월세,01,경기도 포천시 일동면 기산리,포천시,일동면,3500,15,0,25,7.56,1,시내 주택가에 위치한  원룸 반전세 전세 1층 임대,https://www.zigbang.com/home/apt/items/49426221
2026-07-03 07:09:02,원룸,49426203,전세,03,경기도 포천시 일동면 기산리,포천시,일동면,5000,0,0,35,10.59,1,시내에서 약간떨어진 조용한곳에 위치한 복층형원룸 전세임대,https://www.zigbang.com/home/apt/items/49426203
2026-07-03 07:09:02,원룸,49385773,월세,01,경기도 포천시 일동면 기산리,포천시,일동면,500,30,0,25,7.56,2,약간 시외에 떨어진 조용한곳에 위치한 원룸 임대 단기가능,https://www.zigbang.com/home/apt/items/49385773
2026-07-03 07:09:02,원룸,49368491,월세,01,경기도 포천시 일동면 기산리,포천시,일동면,500,30,0,20,6.05,1,시내에 있는 신축급 원룸 1층 임대,https://www.zigbang.com/home/apt/items/49368491
2026-07-03 07:09:02,원룸,49283218,월세,01,경기도 포천시 일동면 기산리,포천시,일동면,300,20,0,20,6.05,6,위치좋은곳에 있는 6층 원룸 임대,https://www.zigbang.com/home/apt/items/49283218
2026-07-03 07:09:02,원룸,49265006,월세,03,경기도 포천시 일동면 기산리,포천시,일동면,500,45,0,30,9.07,2,약간 시외에 위치한 복층형 원룸 임대,https://www.zigbang.com/home/apt/items/49265006
2026-07-03 07:09:04,원룸,49584655,월세,02,강원도 홍천군 홍천읍 연봉리,홍천군,홍천읍,300,38,0,33.06,10.0,2,넓은분리형원룸 상태깔끔가성비좋음,https://www.zigbang.com/home/apt/items/49584655
2026-07-03 07:09:04,원룸,49551940,월세,01,강원도 홍천군 홍천읍 연봉리,홍천군,홍천읍,500,40,0,33.06,10.0,3,준신축 원룸 풀옵션 주방분리형 중문설치 홍천터미널인근,https://www.zigbang.com/home/apt/items/49551940
2026-07-03 07:09:04,원룸,49545789,월세,01,강원도 홍천군 홍천읍 연봉리,홍천군,홍천읍,500,40,0,26.44,8.0,3,풀옵션 주방분리형 원룸.즉시입주,https://www.zigbang.com/home/apt/items/49545789
2026-07-03 07:09:04,원룸,49545710,월세,01,강원도 홍천군 홍천읍 연봉리,홍천군,홍천읍,500,40,0,26.44,8.0,3,풀옵션 주방분리형 원룸,https://www.zigbang.com/home/apt/items/49545710
2026-07-03 07:09:04,원룸,49539813,월세,01,강원도 홍천군 홍천읍 연봉리,홍천군,홍천읍,500,40,0,28,8.47,8,아파트형원룸 풀옵션 엘리베이터 有,https://www.zigbang.com/home/apt/items/49539813
2026-07-03 07:09:04,원룸,49531753,월세,02,강원도 홍천군 홍천읍 연봉리,홍천군,홍천읍,500,40,0,33.06,10.0,2,"분리형 원룸,터미널도보가능 상태최상 굿 굿",https://www.zigbang.com/home/apt/items/49531753
2026-07-03 07:09:04,원룸,49529145,월세,02,강원도 홍천군 홍천읍 연봉리,홍천군,홍천읍,500,40,0,33.06,10.0,3,연봉리 분리형 원룸  도시가스,https://www.zigbang.com/home/apt/items/49529145
2026-07-03 07:09:04,원룸,49401175,월세,02,강원도 홍천군 홍천읍 연봉리,홍천군,홍천읍,300,38,0,33.05,10.0,4,"풀옵션분리형원룸,가격저렴.풀옵션",https://www.zigbang.com/home/apt/items/49401175
2026-07-03 07:09:04,원룸,49375212,전세,02,강원도 홍천군 홍천읍 연봉리,홍천군,홍천읍,6000,0,0,33.05,10.0,2,풀옵션 원룸 7월입주,https://www.zigbang.com/home/apt/items/49375212
2026-07-03 07:09:04,원룸,49267386,월세,01,강원도 홍천군 홍천읍 연봉리,홍천군,홍천읍,2000,30,0,33.06,10.0,6,홍천터미널 인근 홍천강 조망  풀옵션 원룸 전망매우좋음,https://www.zigbang.com/home/apt/items/49267386
2026-07-03 07:09:05,원룸,49583420,월세,02,강원도 춘천시 동내면 학곡리,춘천시,동내면,500,45,0,30.2,9.14,4,학곡리 위치 신축 컨디션 깔끔한 1.5룸 엘베있습니다,https://www.zigbang.com/home/apt/items/49583420
2026-07-03 07:09:05,원룸,49539573,월세,02,강원도 춘천시 동내면 학곡리,춘천시,동내면,500,45,0,27,8.17,4,"ㅁㅁ 학곡리 탑층 1.5룸, 주차 편리,",https://www.zigbang.com/home/apt/items/49539573
2026-07-03 07:09:05,원룸,49512337,월세,02,강원도 춘천시 동내면 학곡리,춘천시,동내면,500,43,0,27,8.17,4,"ㅁㅁ 학곡리 신축 풀옵션, 탑층 1.5룸,",https://www.zigbang.com/home/apt/items/49512337
2026-07-03 07:09:05,원룸,49509240,월세,02,강원도 춘천시 동내면 학곡리,춘천시,동내면,500,45,0,26.8,8.11,4,ㅣ주차편리ㅣ풀옵션ㅣ깔끔한 인테리어ㅣ탑층ㅣ신축 1.5룸ㅣ,https://www.zigbang.com/home/apt/items/49509240
2026-07-03 07:09:05,원룸,49166676,월세,02,강원도 춘천시 동내면 학곡리,춘천시,동내면,500,45,0,30,9.07,4,학곡리 신축 풀옵션 넓고 깨끗한 최상급 1.5룸 입니다.,https://www.zigbang.com/home/apt/items/49166676
2026-07-03 07:09:05,원룸,49078253,월세,02,강원도 춘천시 중앙로1가,춘천시,중앙로1가,300,35,0,24.2,7.32,3,"시.도청 인근 주택가 위치, 가성비 좋은 원룸 월세",https://www.zigbang.com/home/apt/items/49078253
2026-07-03 07:09:05,원룸,49078205,월세,02,강원도 춘천시 우두동,춘천시,우두동,1000,70,0,30.3,9.17,2,우두동 이지더원 인근 신축 건물  1.5룸,https://www.zigbang.com/home/apt/items/49078205
2026-07-03 07:09:05,원룸,49046242,월세,01,강원도 춘천시 우두동,춘천시,우두동,500,50,0,25,7.56,2,우두동 이지더원 부근 신축 첫입주 고급형 원룸 풀옵션,https://www.zigbang.com/home/apt/items/49046242
2026-07-03 07:09:05,원룸,48927912,월세,02,강원도 춘천시 우두동,춘천시,우두동,500,50,0,30,9.07,3,우두동 이지더원 부근 신축 깔끔하고 넓은 1.5룸 풀옵션,https://www.zigbang.com/home/apt/items/48927912
2026-07-03 07:09:05,원룸,48927284,월세,02,강원도 춘천시 교동,춘천시,교동,3000,30,0,30,9.07,2,교동 한림대 부근 신축 깔끔하고 넓은 1.5룸 풀옵션,https://www.zigbang.com/home/apt/items/48927284
2026-07-03 07:09:05,원룸,48907486,월세,01,강원도 춘천시 교동,춘천시,교동,200,30,0,20.2,6.11,1,"교동 도청,시청 인근 월세너무착한 풀옵션 원룸.",https://www.zigbang.com/home/apt/items/48907486
2026-07-03 07:09:08,원룸,49577134,월세,01,경상북도 문경시 모전동,문경시,모전동,300,30,0,23.14,7.0,2,풀옵션 원룸 월세입니다,https://www.zigbang.com/home/apt/items/49577134
2026-07-03 07:09:08,원룸,49569685,월세,02,경상북도 문경시 모전동,문경시,모전동,300,30,0,29.75,9.0,3,저렴한 모전공원 홈플러스옆에 에 있는 원룸,https://www.zigbang.com/home/apt/items/49569685
2026-07-03 07:09:08,원룸,49512825,전세,02,경상북도 문경시 모전동,문경시,모전동,6000,0,0,33,9.98,2,상태가 아주 좋은 미니투룸으로 풀옵션입니다.,https://www.zigbang.com/home/apt/items/49512825
2026-07-03 07:09:13,원룸,49580571,월세,02,경상북도 영주시 휴천동,영주시,휴천동,500,56,0,51,15.43,3,"엘레베이터 있는 신축급 깨끗한 정투룸, 영주역 인근",https://www.zigbang.com/home/apt/items/49580571
2026-07-03 07:09:13,원룸,49508720,월세,01,경상북도 영주시 하망동,영주시,하망동,200,30,0,18,5.44,2,저렴한 풀옵션 원룸,https://www.zigbang.com/home/apt/items/49508720
2026-07-03 07:09:13,원룸,49445880,월세,02,경상북도 영주시 휴천동,영주시,휴천동,300,40,0,23.14,7.0,4,"대영고등학고,대영아파트 인근 신축급 원룸",https://www.zigbang.com/home/apt/items/49445880
2026-07-03 07:09:13,원룸,49576487,월세,01,경상북도 영주시 영주동,영주시,영주동,300,38,0,21,6.35,2,깔끔하고 넓은 오픈현 원룸,https://www.zigbang.com/home/apt/items/49576487
2026-07-03 07:09:13,원룸,49569655,월세,02,경상북도 영주시 영주동,영주시,영주동,300,34,0,23.14,7.0,3,영광중.롯데시네마 인근 엘베 있는 원룸,https://www.zigbang.com/home/apt/items/49569655
2026-07-03 07:09:13,원룸,49547021,월세,02,경상북도 영주시 영주동,영주시,영주동,300,30,0,23.54,7.12,3,"영광중학교,롯데시네마 인근 깔끔한 원룸",https://www.zigbang.com/home/apt/items/49547021
2026-07-03 07:09:16,원룸,49463311,월세,01,충청북도 제천시 왕암동,제천시,왕암동,300,36,0,33.06,10.0,2,"왕암동 상권좋은곳에 위치한 깨끗한방,도시가스",https://www.zigbang.com/home/apt/items/49463311
2026-07-03 07:09:16,원룸,49427096,월세,02,충청북도 제천시 왕암동,제천시,왕암동,300,36,0,33.05,10.0,3,휴일없음 I 왕암동 엘베 있는 최신축 풀옵션 넓은 원룸,https://www.zigbang.com/home/apt/items/49427096
2026-07-03 07:09:16,원룸,49357123,월세,02,충청북도 제천시 왕암동,제천시,왕암동,500,45,0,42.98,13.0,2,"왕암동코아루인근,신축미니투룸,풀옵션,도시가스",https://www.zigbang.com/home/apt/items/49357123
2026-07-03 07:09:16,원룸,49562349,월세,01,충청북도 제천시 모산동,제천시,모산동,200,30,0,25,7.56,2,휴일없음 의림지인근 조용한 풀옵션 원룸,https://www.zigbang.com/home/apt/items/49562349
2026-07-03 07:09:16,원룸,49268229,월세,01,충청북도 제천시 송학면 도화리,제천시,송학면,100,30,0,25,7.56,2,휴일없음 의림지 풀옵션 저렴한 원룸,https://www.zigbang.com/home/apt/items/49268229
2026-07-03 07:09:20,원룸,49571178,월세,02,경상북도 안동시 법상동,안동시,법상동,100,29,0,33.06,10.0,3,1 보증금 100 전기세만 별도 분리형 원룸,https://www.zigbang.com/home/apt/items/49571178
2026-07-03 07:09:20,원룸,49511891,월세,02,경상북도 안동시 광석동,안동시,광석동,300,31,0,40,12.1,3,초특가 원룸가격에 미니투룸 찬스 성소병원 인근,https://www.zigbang.com/home/apt/items/49511891
2026-07-03 07:09:20,원룸,49353582,월세,02,경상북도 안동시 당북동,안동시,당북동,300,28,0,33.06,10.0,3,1 위치 좋은 중문있는 화이트톤 깔끔 원룸,https://www.zigbang.com/home/apt/items/49353582
2026-07-03 07:09:20,원룸,49329154,월세,02,경상북도 안동시 법상동,안동시,법상동,300,36,0,33.06,10.0,2,성소병원 도보10분 올화이트 신축급 미투 사전예약 필수,https://www.zigbang.com/home/apt/items/49329154
2026-07-03 07:09:20,원룸,49588714,월세,02,경상북도 안동시 송현동,안동시,송현동,300,28,0,38,11.49,3,안동역 터미널 도보10분 정남향 햇살가득 준신축 즉시입주,https://www.zigbang.com/home/apt/items/49588714
2026-07-03 07:09:20,원룸,49570684,월세,02,경상북도 안동시 노하동,안동시,노하동,300,36,0,49.59,15.0,2,1 방 넓은 신축급 깔끔한 미니투룸,https://www.zigbang.com/home/apt/items/49570684
2026-07-03 07:09:20,원룸,49538780,월세,02,경상북도 안동시 태화동,안동시,태화동,300,29,0,33.06,10.0,3,태화동  사이즈 큰 원룸 월세,https://www.zigbang.com/home/apt/items/49538780
2026-07-03 07:09:20,원룸,49533848,월세,02,경상북도 안동시 송현동,안동시,송현동,300,29,0,35,10.59,2,송하동사무소앞  준신축 분리형 원룸 주차걱정NO,https://www.zigbang.com/home/apt/items/49533848
2026-07-03 07:09:20,원룸,49533319,월세,02,경상북도 안동시 태화동,안동시,태화동,300,28,0,35,10.59,2,NEW 태화오거리인근 분리형 햇살가득한 원룸입니당,https://www.zigbang.com/home/apt/items/49533319
2026-07-03 07:09:20,원룸,49380437,전세,01,경상북도 안동시 옥동,안동시,옥동,4600,0,0,39.67,12.0,2,1 엘베있고 방 넓은 햇살 짱짱 오피스텔 보증보험 가능,https://www.zigbang.com/home/apt/items/49380437
2026-07-03 07:09:20,원룸,49155333,월세,02,경상북도 안동시 태화동,안동시,태화동,300,31,0,30,9.07,3,태화동 준신축급 깔끔한 원룸 월세,https://www.zigbang.com/home/apt/items/49155333
2026-07-03 07:09:50,원룸,49560445,월세,01,강원도 강릉시 옥계면 현내리,강릉시,옥계면,200,35,0,19.83,6.0,4,옥계면 하나로마트 인근 깔끔한 원룸,https://www.zigbang.com/home/apt/items/49560445
2026-07-03 07:09:50,원룸,49528333,월세,02,강원도 강릉시 옥계면 현내리,강릉시,옥계면,200,45,0,33.06,10.0,3,강릉시 옥계면에 위치한 넓은 투룸식 미투.,https://www.zigbang.com/home/apt/items/49528333
2026-07-03 07:09:53,원룸,49495790,월세,02,강원도 강릉시 노암동,강릉시,노암동,500,40,0,33.5,10.13,2,강릉교육문화관 인근 신축급 분리형1.5룸 ....,https://www.zigbang.com/home/apt/items/49495790
2026-07-03 07:09:53,원룸,49532315,월세,01,강원도 강릉시 회산동,강릉시,회산동,300,44,0,24.95,7.55,2,관동대후문 원룸임대,https://www.zigbang.com/home/apt/items/49532315
2026-07-03 07:09:53,원룸,49466864,월세,01,강원도 강릉시 내곡동,강릉시,내곡동,200,30,0,23.14,7.0,3,"자이 아파트 인근, 베란다 있음,주차양호.도로변,인근..",https://www.zigbang.com/home/apt/items/49466864
2026-07-03 07:09:53,원룸,49443962,월세,02,강원도 강릉시 내곡동,강릉시,내곡동,200,45,0,29.7,8.98,2,관동대 정문 도보거리 분리형풀옵션원룸 ....,https://www.zigbang.com/home/apt/items/49443962
2026-07-03 07:09:53,원룸,49416781,월세,01,강원도 강릉시 내곡동,강릉시,내곡동,50,550,0,26.24,7.94,2,관동대후문 원룸 연선세,https://www.zigbang.com/home/apt/items/49416781
2026-07-03 07:09:53,원룸,49359627,월세,02,강원도 강릉시 내곡동,강릉시,내곡동,200,50,0,55.98,16.93,반지하,내곡 관대 1.5룸 월세 임대입니다,https://www.zigbang.com/home/apt/items/49359627
2026-07-03 07:09:53,원룸,49346092,월세,02,강원도 강릉시 회산동,강릉시,회산동,300,47,0,33.8,10.22,3,관동대근처의 시설편리한 1.5룸,https://www.zigbang.com/home/apt/items/49346092
2026-07-03 07:09:53,원룸,49279600,전세,01,강원도 강릉시 회산동,강릉시,회산동,6000,0,0,20.35,6.16,4,회산동 관동타운 전세입니다,https://www.zigbang.com/home/apt/items/49279600
2026-07-03 07:09:53,원룸,49264452,월세,01,강원도 강릉시 내곡동,강릉시,내곡동,300,40,0,24.6,7.44,3,보건소 인근 대로변 위치 좋은 원룸..,https://www.zigbang.com/home/apt/items/49264452
2026-07-03 07:09:53,원룸,49239382,월세,02,강원도 강릉시 성산면 금산리,강릉시,성산면,30,30,0,19.92,6.03,2,영동대 인근 분리형풀옵션 원룸 ....,https://www.zigbang.com/home/apt/items/49239382
2026-07-03 07:10:38,원룸,49269463,월세,02,강원도 속초시 조양동,속초시,조양동,100,65,0,36.36,11.0,1,한달 단기 임대,https://www.zigbang.com/home/apt/items/49269463
2026-07-03 07:11:43,원룸,49515531,월세,01,경상북도 포항시 남구 해도동,포항시 남구,해도동,200,23,0,30,9.07,4,해도운하인근 주차편한 깔끔한 원룸,https://www.zigbang.com/home/apt/items/49515531
2026-07-03 07:11:44,원룸,49242359,월세,02,경상북도 포항시 북구 장성동,포항시 북구,장성동,200,25,0,40,12.1,2,장성동 최저가 미니투룸,https://www.zigbang.com/home/apt/items/49242359
2026-07-03 07:11:44,원룸,49242336,월세,02,경상북도 포항시 북구 장성동,포항시 북구,장성동,200,35,0,45,13.61,4,킹침대 냉장고 신품 특대형 미투,https://www.zigbang.com/home/apt/items/49242336
2026-07-03 07:11:44,원룸,49241105,월세,01,경상북도 포항시 북구 양덕동,포항시 북구,양덕동,200,27,0,26.45,8.0,4,양덕중인근 깨끗한 원룸 에코프로 환영,https://www.zigbang.com/home/apt/items/49241105
2026-07-03 07:11:44,원룸,49220520,월세,02,경상북도 포항시 북구 장성동,포항시 북구,장성동,200,25,0,26.45,8.0,2,"단기가능. 남향, 302버스정류장, 풀옵션, 주방분리형원룸",https://www.zigbang.com/home/apt/items/49220520
2026-07-03 07:11:44,원룸,49213779,월세,02,경상북도 포항시 북구 장성동,포항시 북구,장성동,200,25,0,35,10.59,3,대박가격좋은 미니투룸 강추,https://www.zigbang.com/home/apt/items/49213779
2026-07-03 07:11:44,원룸,49211860,월세,02,경상북도 포항시 북구 장성동,포항시 북구,장성동,300,30,0,39,11.8,3,ㅡ한동대ㅡ302번버스ㅡ그랜드할인마트인근 미니투룸,https://www.zigbang.com/home/apt/items/49211860
2026-07-03 07:11:44,원룸,49152108,월세,02,경상북도 포항시 북구 장성동,포항시 북구,장성동,500,36,0,39.67,12.0,2,엘베있는 오피스텔형 원룸,https://www.zigbang.com/home/apt/items/49152108
2026-07-03 07:11:44,원룸,49150191,월세,02,경상북도 포항시 북구 양덕동,포항시 북구,양덕동,500,36,0,47,14.22,2,에코 퓨처엠 남향 미니투룸,https://www.zigbang.com/home/apt/items/49150191
2026-07-03 07:11:44,원룸,49125861,월세,01,경상북도 포항시 북구 장성동,포항시 북구,장성동,200,25,0,26.45,8.0,2,장흥중 인근 엘리베이터 있는 깔끔한 원룸,https://www.zigbang.com/home/apt/items/49125861
2026-07-03 07:11:44,원룸,49115214,월세,02,경상북도 포항시 북구 장성동,포항시 북구,장성동,200,25,0,26.45,8.0,3,E1주유소 인근 302번 버스 타기 가까운 위치,https://www.zigbang.com/home/apt/items/49115214
2026-07-03 07:11:44,원룸,49092051,월세,02,경상북도 포항시 북구 장성동,포항시 북구,장성동,200,27,0,27,8.17,2,ㅡ남향ㅡ 엘리베이터 있는 원룸,https://www.zigbang.com/home/apt/items/49092051
2026-07-03 07:11:44,원룸,48966767,월세,02,경상북도 포항시 북구 장성동,포항시 북구,장성동,100,20,0,30,9.07,3,곤지곤지뒤 깔끔한 분리형 원룸,https://www.zigbang.com/home/apt/items/48966767
2026-07-03 07:13:11,빌라투룸,49464403,월세,04,제주도 서귀포시 대정읍 구억리,서귀포시,대정읍,500,70,0,60,18.15,2,대정영어마을인근.깨끗넓은투룸.풀옵션.월세.반려동물가능,https://www.zigbang.com/home/apt/items/49464403
2026-07-03 07:13:11,빌라투룸,49496086,월세,05,제주도 서귀포시 안덕면 서광리,서귀포시,안덕면,300,85,0,70,21.17,4,신화월드 차량 5분거리 깔끔한 3룸,https://www.zigbang.com/home/apt/items/49496086
2026-07-03 07:13:11,빌라투룸,49495548,월세,04,제주도 서귀포시 안덕면 서광리,서귀포시,안덕면,200,63,0,60,18.15,2,서귀포시 서광리 신화랜드인근 투룸 풀옵션 신축급 컨디션,https://www.zigbang.com/home/apt/items/49495548
2026-07-03 07:13:11,빌라투룸,49563253,월세,04,제주도 제주시 한림읍 협재리,제주시,한림읍,300,150,0,81.56,24.67,2,연세가능 방2화2 협재제이블루오션,https://www.zigbang.com/home/apt/items/49563253
2026-07-03 07:13:12,빌라투룸,49543942,월세,04,제주도 서귀포시 월평동,서귀포시,월평동,300,59,0,45,13.61,2,하원마을 조용한 투룸 채광굿,https://www.zigbang.com/home/apt/items/49543942
2026-07-03 07:13:17,빌라투룸,49582833,월세,05,제주도 제주시 애월읍 광령리,제주시,애월읍,1000,1500,0,82.64,25.0,3,"년세만 가능1,500만, 화장실2개인 쓰리룸, 주차 좋음",https://www.zigbang.com/home/apt/items/49582833
2026-07-03 07:13:17,빌라투룸,49575924,월세,04,제주도 제주시 노형동,제주시,노형동,200,42,0,42.98,13.0,1,"7월10일 이후 입주, 년세만 가능  500만, 무옵션",https://www.zigbang.com/home/apt/items/49575924
2026-07-03 07:13:17,빌라투룸,49567259,월세,05,제주도 제주시 노형동,제주시,노형동,300,50,0,59.5,18.0,2,"즉시 입주, 년세만 가능600만,",https://www.zigbang.com/home/apt/items/49567259
2026-07-03 07:13:17,빌라투룸,49565783,월세,04,제주도 제주시 노형동,제주시,노형동,500,54,0,62,18.75,1,"노형초 부근의 투룸, 년세만 가능650만, 무옵션",https://www.zigbang.com/home/apt/items/49565783
2026-07-03 07:13:17,빌라투룸,49564279,매매,04,제주도 제주시 해안동,제주시,해안동,10000,0,10000,44.43,13.44,2,일출빌리지 골드층 내부상태 좋,https://www.zigbang.com/home/apt/items/49564279
2026-07-03 07:13:17,빌라투룸,49559080,월세,04,제주도 제주시 노형동,제주시,노형동,500,850,0,43.12,13.04,2,노형중인근 택지내,https://www.zigbang.com/home/apt/items/49559080
2026-07-03 07:13:17,빌라투룸,49554416,월세,04,제주도 제주시 노형동,제주시,노형동,500,850,0,48,14.52,2,노형2지구 노형중학교 3분,https://www.zigbang.com/home/apt/items/49554416
2026-07-03 07:13:17,빌라투룸,49552606,전세,04,제주도 제주시 노형동,제주시,노형동,5000,0,0,45,13.61,3,"입주 7월말, 반전세, 보증금5,000만, 년세600만",https://www.zigbang.com/home/apt/items/49552606
2026-07-03 07:13:17,빌라투룸,49549095,월세,05,제주도 제주시 애월읍 광령리,제주시,애월읍,200,600,0,49.98,15.12,2,관광대인근 쓰리룸3룸 즉시입주가능,https://www.zigbang.com/home/apt/items/49549095
2026-07-03 07:13:17,빌라투룸,49549010,월세,04,제주도 제주시 노형동,제주시,노형동,500,71,0,35.54,10.75,2,노형2지구 투룸 옵션있음 노형중학교인근,https://www.zigbang.com/home/apt/items/49549010
2026-07-03 07:13:17,빌라투룸,49409558,월세,05,제주도 제주시 노형동,제주시,노형동,1000,83,0,106.23,32.13,3,노형동 넓은 다가구 쓰리룸 임대,https://www.zigbang.com/home/apt/items/49409558
2026-07-03 07:13:17,빌라투룸,49373406,월세,04,제주도 제주시 노형동,제주시,노형동,5000,50,0,40.67,12.3,3,반전세 노형중인근 거실 넓은 투룸. 연세만가능,https://www.zigbang.com/home/apt/items/49373406
2026-07-03 07:13:17,빌라투룸,49249355,매매,05,제주도 제주시 노형동,제주시,노형동,19000,0,19000,66.3,20.06,3,올리모델링 된 노형초 인근 3룸,https://www.zigbang.com/home/apt/items/49249355
2026-07-03 07:13:17,빌라투룸,49580347,월세,04,제주도 제주시 아라일동,제주시,아라일동,30,68,0,51.23,15.5,2,B아라동.스위첸 옆 공원 위치 깔끔한 투룸,https://www.zigbang.com/home/apt/items/49580347
2026-07-03 07:13:17,빌라투룸,49566917,월세,04,제주도 제주시 아라일동,제주시,아라일동,500,70,0,42.98,13.0,2,"제주대 병원 부근, 1주차 가능, 풀옵션",https://www.zigbang.com/home/apt/items/49566917
2026-07-03 07:13:17,빌라투룸,49565056,월세,05,제주도 제주시 아라일동,제주시,아라일동,1000,130,0,90.71,27.44,4,B아라초 인근 넓은 쓰리룸 준신축급 깔끔 입주일 조율가능,https://www.zigbang.com/home/apt/items/49565056
2026-07-03 07:13:17,빌라투룸,49521374,월세,04,제주도 제주시 아라일동,제주시,아라일동,800,75,0,57,17.24,2,아라롯데시네마 인근 내부 상태 최상 구산마을 투룸 월세,https://www.zigbang.com/home/apt/items/49521374
2026-07-03 07:13:17,빌라투룸,49507992,월세,04,제주도 제주시 아라일동,제주시,아라일동,1000,84,0,48.2,14.58,4,제대병원차량5분.4층.방2.테라스O.반려X.연세만,https://www.zigbang.com/home/apt/items/49507992
2026-07-03 07:13:17,빌라투룸,49504837,월세,05,제주도 제주시 아라일동,제주시,아라일동,1000,83,0,48.2,14.58,4,B아라일동.제대병원차량5분.테라스O.투룸.기본가전O.연세만,https://www.zigbang.com/home/apt/items/49504837
2026-07-03 07:13:17,빌라투룸,49493088,월세,04,제주도 제주시 아라일동,제주시,아라일동,800,75,0,56,16.94,2,제대병원 도보 이용 가능 내부상태 좋은 투룸 월세.,https://www.zigbang.com/home/apt/items/49493088
2026-07-03 07:13:17,빌라투룸,49489571,월세,04,제주도 제주시 아라일동,제주시,아라일동,500,70,0,50,15.12,3,아라.깨끗한투룸.월세,https://www.zigbang.com/home/apt/items/49489571
2026-07-03 07:13:17,빌라투룸,49487962,월세,05,제주도 제주시 아라일동,제주시,아라일동,500,75,0,65.21,19.73,3,B아라일동.제대병원차량5분거리.쓰리룸.내부상태양호.연세만,https://www.zigbang.com/home/apt/items/49487962
2026-07-03 07:13:17,빌라투룸,49483105,월세,05,제주도 제주시 아라일동,제주시,아라일동,500,75,0,72,21.78,3,제대병원인근 조용한 주택가  쓰리룸 년세,https://www.zigbang.com/home/apt/items/49483105
2026-07-03 07:13:17,빌라투룸,49382229,월세,05,제주도 제주시 아라일동,제주시,아라일동,1000,108,0,65.7,19.87,2,B아라일동.스위첸인근.제대병원챠량5분거리.쓰리룸.연세만,https://www.zigbang.com/home/apt/items/49382229
2026-07-03 07:13:17,빌라투룸,49347073,월세,05,제주도 제주시 아라일동,제주시,아라일동,1200,100,0,64.62,19.55,3,아이파크남쪽.주택가.인근공원형성.엘베O.깔끔.연세만,https://www.zigbang.com/home/apt/items/49347073
2026-07-03 07:13:17,빌라투룸,49586169,월세,04,제주도 제주시 외도일동,제주시,외도일동,2000,100,0,76,22.99,4,B외도동.탁 트인 거실 준신축급 넓은구조 투룸. 연세만,https://www.zigbang.com/home/apt/items/49586169
2026-07-03 07:13:17,빌라투룸,49565705,월세,04,제주도 제주시 이호이동,제주시,이호이동,100,42,0,42.98,13.0,3,"애완견 가능, 노옵션의 투룸, 에어컨만 있음",https://www.zigbang.com/home/apt/items/49565705
2026-07-03 07:13:17,빌라투룸,49549141,전세,05,제주도 제주시 외도이동,제주시,외도이동,29000,0,0,59.83,18.1,4,확트인뷰 외도초인근 신축첫입주 3룸쓰리룸 즉시입주가능,https://www.zigbang.com/home/apt/items/49549141
2026-07-03 07:13:17,빌라투룸,49475083,월세,04,제주도 제주시 외도일동,제주시,외도일동,2000,100,0,125.61,38.0,4,외도일동 최상의 위치 엄청 넓은 쓰리룸 같은 투룸 년세,https://www.zigbang.com/home/apt/items/49475083
2026-07-03 07:13:17,빌라투룸,49368116,월세,04,제주도 제주시 외도일동,제주시,외도일동,2000,100,0,85,25.71,4,외도.넓은투룸.컨디션최상.남향.욕실2.년세,https://www.zigbang.com/home/apt/items/49368116
2026-07-03 07:13:17,빌라투룸,49332854,월세,05,제주도 제주시 이호이동,제주시,이호이동,1000,100,0,66.42,20.09,2,B이호이동.S중앙병원인근.리모델링.쓰리룸.깔끔,https://www.zigbang.com/home/apt/items/49332854
2026-07-03 07:13:17,빌라투룸,49263718,월세,04,제주도 제주시 도두일동,제주시,도두일동,1100,95,0,57,17.24,3,도두해안도로  해수사우나인근 신축급 투룸,https://www.zigbang.com/home/apt/items/49263718
2026-07-03 07:13:17,빌라투룸,49585783,월세,04,제주도 제주시 외도이동,제주시,외도이동,500,83,0,43.3,13.1,2,B외도동.연대포구 해안산책로 인접 소형견 가능 투룸 연세만,https://www.zigbang.com/home/apt/items/49585783
2026-07-03 07:13:17,빌라투룸,49556043,월세,05,제주도 제주시 외도일동,제주시,외도일동,1000,125,0,84.95,25.7,6,외도초 도보 10분 쓰리룸 년세.년세만 가능,https://www.zigbang.com/home/apt/items/49556043
2026-07-03 07:13:17,빌라투룸,49549708,월세,04,제주도 제주시 외도일동,제주시,외도일동,500,67,0,39.67,12.0,2,"즉시 입주, 년세만 가능 800만, 무옵션, 1주차 가능",https://www.zigbang.com/home/apt/items/49549708
2026-07-03 07:13:17,빌라투룸,49548150,월세,04,제주도 제주시 외도일동,제주시,외도일동,500,67,0,45,13.61,2,"8월6일 입주, 년세만 가능 800만, 풀옵션, 1주차",https://www.zigbang.com/home/apt/items/49548150
2026-07-03 07:13:17,빌라투룸,49540959,월세,04,제주도 제주시 외도일동,제주시,외도일동,1000,83,0,42.34,12.81,4,외도일동 조용한 동네 한라산 바다뷰 신축 풀옵션 투룸 년세,https://www.zigbang.com/home/apt/items/49540959
2026-07-03 07:13:17,빌라투룸,49023911,매매,05,제주도 제주시 외도일동,제주시,외도일동,36500,0,36500,84.7,25.62,5,외도일동 3억대 아파트 전용26평 넓은 쓰리룸 매매,https://www.zigbang.com/home/apt/items/49023911
2026-07-03 07:13:17,빌라투룸,48997239,매매,05,제주도 제주시 외도일동,제주시,외도일동,37000,0,37000,68.62,20.76,3,외도일동 3억대 저렴한 신축 아파트 첫입주 쓰리룸 매매,https://www.zigbang.com/home/apt/items/48997239
2026-07-03 07:13:17,빌라투룸,48620333,매매,05,제주도 제주시 외도일동,제주시,외도일동,46500,0,46500,84.53,25.57,5,도시가스O 외도일동 실면적 약35평 남향집 넓은쓰리룸 매매,https://www.zigbang.com/home/apt/items/48620333
2026-07-03 07:13:29,빌라투룸,49521508,월세,04,제주도 제주시 조천읍 조천리,제주시,조천읍,1000,83,0,62.49,18.9,2,애견가능투룸남향년월세,https://www.zigbang.com/home/apt/items/49521508
2026-07-03 07:13:29,빌라투룸,49509952,월세,04,제주도 제주시 조천읍 조천리,제주시,조천읍,900,75,0,57.56,17.41,4,애견가능투룸년월세,https://www.zigbang.com/home/apt/items/49509952
2026-07-03 07:13:29,빌라투룸,48620385,월세,04,제주도 제주시 조천읍 신촌리,제주시,조천읍,100,100,0,58.48,17.69,2,조천읍 신촌리 신축 첫입주 귀한 풀옵션급 저렴한 투룸 년세,https://www.zigbang.com/home/apt/items/48620385
2026-07-03 07:13:29,빌라투룸,49564181,매매,05,제주도 제주시 봉개동,제주시,봉개동,26700,0,26700,67.85,20.52,2,현앤수빌리지 즉시입주 가능한 깔끔한 단지형 빌라,https://www.zigbang.com/home/apt/items/49564181
2026-07-03 07:13:29,빌라투룸,49528505,매매,05,제주도 제주시 화북일동,제주시,화북일동,13000,0,13000,80.1,24.23,4,화북종합시장인근 쓰리룸빌라 매매 4층,https://www.zigbang.com/home/apt/items/49528505
2026-07-03 07:13:29,빌라투룸,49450635,월세,04,제주도 제주시 삼양일동,제주시,삼양일동,900,75,0,59.72,18.07,6,연세 900만원 삼양해수욕장 도보권 풀옵션 투룸,https://www.zigbang.com/home/apt/items/49450635
2026-07-03 07:13:29,빌라투룸,49431966,월세,05,제주도 제주시 도련일동,제주시,도련일동,1000,141,0,73.98,22.38,3,도련일동 삼화초 인근 넓은 신축 복층 테라스 쓰리룸 년세,https://www.zigbang.com/home/apt/items/49431966
2026-07-03 07:13:29,빌라투룸,49329935,월세,05,제주도 제주시 도련일동,제주시,도련일동,1000,133,0,72.78,22.02,1,삼화지구.삼화초인접.산책로인근.1층.준신축급.방3화2.연세,https://www.zigbang.com/home/apt/items/49329935
2026-07-03 07:13:29,빌라투룸,49329410,월세,05,제주도 제주시 도련일동,제주시,도련일동,1000,141,0,70.24,21.25,3,B삼화초인근.복층형.방3화2.준신축급.복층냉난방.연세만,https://www.zigbang.com/home/apt/items/49329410
2026-07-03 07:13:29,빌라투룸,48905881,월세,05,제주도 제주시 도련일동,제주시,도련일동,1000,133,0,74.1,22.42,1,도련일동 삼화초 인근 깔끔하고 넓은 신축 쓰리룸 년세,https://www.zigbang.com/home/apt/items/48905881
2026-07-03 07:13:29,빌라투룸,49236937,월세,04,제주도 제주시 조천읍 함덕리,제주시,조천읍,800,100,0,56.88,17.21,5,함덕라마다호텔 인근 풀옵션 투룸 침대포함,https://www.zigbang.com/home/apt/items/49236937
2026-07-03 07:15:06,빌라투룸,49567262,매매,06,전남광주시 진도군 조도면 맹골도리,진도군,조도면,1111,0,1111,33.33,10.08,반지하,융자금 30입니다,https://www.zigbang.com/home/apt/items/49567262
2026-07-03 07:15:06,빌라투룸,49567256,매매,06,전남광주시 진도군 조도면 맹골도리,진도군,조도면,1111,0,1111,33.33,10.08,반지하,융자금 미선택미선택미선택미선택미선택,https://www.zigbang.com/home/apt/items/49567256
2026-07-03 07:15:06,빌라투룸,49558527,매매,05,전남광주시 진도군 조도면 맹골도리,진도군,조도면,10000,0,10000,33.5,10.13,2,실매물 인증 안했다가 재등록으로 인증,https://www.zigbang.com/home/apt/items/49558527
2026-07-03 07:15:06,빌라투룸,49531005,매매,06,전남광주시 진도군 조도면 맹골도리,진도군,조도면,1111,0,1111,33.33,10.08,반지하,실매물 인증 관련 테스트,https://www.zigbang.com/home/apt/items/49531005
2026-07-03 07:15:06,빌라투룸,49341256,전세,05,전남광주시 진도군 조도면 맹골도리,진도군,조도면,4500,0,0,79,23.9,4,QA SH 빌라 11 매물 입니다. 0612,https://www.zigbang.com/home/apt/items/49341256
2026-07-03 07:15:06,빌라투룸,49318274,전세,05,전남광주시 진도군 조도면 맹골도리,진도군,조도면,10000,0,0,79,23.9,10,QA SH 빌라 10 매물입니다.,https://www.zigbang.com/home/apt/items/49318274
2026-07-03 07:15:06,빌라투룸,49318191,월세,04,전남광주시 진도군 조도면 맹골도리,진도군,조도면,1234,12,0,59,17.85,1,QA SH 빌라 9 매물입니다.,https://www.zigbang.com/home/apt/items/49318191
2026-07-03 07:15:06,빌라투룸,49318034,매매,05,전남광주시 진도군 조도면 맹골도리,진도군,조도면,10000,0,10000,84,25.41,1,QA SH 빌라 6 매물입니다.,https://www.zigbang.com/home/apt/items/49318034
2026-07-03 07:15:15,빌라투룸,49558502,매매,05,전남광주시 진도군 조도면 맹골도리,진도군,조도면,10000,0,10000,42.98,13.0,1,테스트 입니다.테스트 입니다.테스트 입니다.테스트 입니다.,https://www.zigbang.com/home/apt/items/49558502
2026-07-03 07:15:15,빌라투룸,49492160,전세,05,전남광주시 진도군 조도면 맹골도리,진도군,조도면,5000,0,0,66.88,20.23,1,테스트 매물입니다.,https://www.zigbang.com/home/apt/items/49492160
2026-07-03 07:15:15,빌라투룸,49318137,전세,05,전남광주시 진도군 조도면 맹골도리,진도군,조도면,8888,0,0,79,23.9,8,QA SH 빌라 8 매물입니다.,https://www.zigbang.com/home/apt/items/49318137
2026-07-03 07:15:40,빌라투룸,49477451,월세,04,전남광주시 목포시 상동,목포시,상동,200,35,0,39.67,12.0,2,중앙여중 부근 깨끗하고 넓은 투룸,https://www.zigbang.com/home/apt/items/49477451
2026-07-03 07:15:44,빌라투룸,49464742,월세,04,전남광주시 목포시 산정동,목포시,산정동,200,37,0,26.45,8.0,1,중앙시장 부근 깨끗하고 조용한 투룸,https://www.zigbang.com/home/apt/items/49464742
2026-07-03 07:15:44,빌라투룸,49565949,월세,04,전남광주시 목포시 상동,목포시,상동,200,37,0,39.67,12.0,2,영흥고 부근 깨끗하고 넓고 조용한 투룸,https://www.zigbang.com/home/apt/items/49565949
2026-07-03 07:15:44,빌라투룸,49524096,월세,04,전남광주시 목포시 연산동,목포시,연산동,500,50,0,57,17.24,2,청호중인근. 방2거실1구조,https://www.zigbang.com/home/apt/items/49524096
2026-07-03 07:15:44,빌라투룸,49481124,전세,05,전남광주시 목포시 연산동,목포시,연산동,8000,0,0,57,17.24,2,"청호중인근, 전세, 방2,거실1",https://www.zigbang.com/home/apt/items/49481124
2026-07-03 07:15:44,빌라투룸,49356857,월세,04,전남광주시 목포시 상동,목포시,상동,300,33,0,49.58,15.0,2,기독병원 부근 깨끗하고 넓은  투룸,https://www.zigbang.com/home/apt/items/49356857
2026-07-03 07:15:44,빌라투룸,49499564,월세,04,전남광주시 무안군 삼향읍 남악리,무안군,삼향읍,500,55,0,55,16.64,3,투룸 풀옵션  7월7일 입주,https://www.zigbang.com/home/apt/items/49499564
2026-07-03 07:15:44,빌라투룸,49464741,월세,04,전남광주시 목포시 옥암동,목포시,옥암동,300,43,0,49.59,15.0,3,코아루 건너편 깨끗하고 넓은 투룸,https://www.zigbang.com/home/apt/items/49464741
2026-07-03 07:16:54,빌라투룸,49398472,월세,04,전라북도 군산시 오식도동,군산시,오식도동,100,35,0,45.7,13.82,4,방2 화장실2,https://www.zigbang.com/home/apt/items/49398472
2026-07-03 07:17:01,빌라투룸,49399934,월세,04,충청남도 보령시 주교면 은포리,보령시,주교면,300,45,0,52.4,15.85,4,은포리 해잘들어오는 투룸,https://www.zigbang.com/home/apt/items/49399934
2026-07-03 07:17:01,빌라투룸,49424741,월세,04,충청남도 보령시 신흑동,보령시,신흑동,500,57,0,12,3.63,3,2014년생 신흑동 어항에 위치한 방2개 구조 즉시입주가능,https://www.zigbang.com/home/apt/items/49424741
2026-07-03 07:17:39,빌라투룸,49586975,월세,05,전남광주시 광산구 선암동,광산구,선암동,300,41,0,39.68,12.0,2,II P II 리모델링 l 엘베 l 가성비 l 쓰리룸,https://www.zigbang.com/home/apt/items/49586975
2026-07-03 07:17:39,빌라투룸,49565097,월세,04,전남광주시 광산구 선암동,광산구,선암동,300,39,0,33.88,10.25,2,ㅁ 선암동 투룸 ㅁ 가성비 굿 인기매물 ㅁ,https://www.zigbang.com/home/apt/items/49565097
2026-07-03 07:17:39,빌라투룸,49558025,월세,04,전남광주시 광산구 선암동,광산구,선암동,300,41,0,36.35,11.0,2,II P II 리모델링 l 미니쓰리룸 l 가성비 l 풀옵션,https://www.zigbang.com/home/apt/items/49558025
2026-07-03 07:17:39,빌라투룸,49556973,월세,04,전남광주시 광산구 선암동,광산구,선암동,300,41,0,36.36,11.0,3,II P II 호남대3분 l 컨디션굿 l 풀옵션 l 채광굿,https://www.zigbang.com/home/apt/items/49556973
2026-07-03 07:17:39,빌라투룸,49486325,월세,04,전남광주시 광산구 선암동,광산구,선암동,300,41,0,35,10.59,2,KOREAㅇ외국인noㅇ호대도보3분ㅇ남향ㅇ정투룸ㅇ구조잘빠진집,https://www.zigbang.com/home/apt/items/49486325
2026-07-03 07:17:39,빌라투룸,49480900,월세,04,전남광주시 광산구 선암동,광산구,선암동,200,31,0,33.05,10.0,3,II P II 호남대3분 l 가성비 l 미니투룸 l 채광굿,https://www.zigbang.com/home/apt/items/49480900
2026-07-03 07:17:39,빌라투룸,49464393,월세,04,전남광주시 광산구 선암동,광산구,선암동,500,36,0,38.11,11.53,2,ll 스페이스 ll 갓성비투룸 ll 살기좋은집 ll,https://www.zigbang.com/home/apt/items/49464393
2026-07-03 07:17:39,빌라투룸,49458970,월세,04,전남광주시 광산구 선암동,광산구,선암동,300,41,0,38.11,11.53,2,ll 스페이스 ll 갓성비투룸 ll 살기좋은집 ll,https://www.zigbang.com/home/apt/items/49458970
2026-07-03 07:17:39,빌라투룸,49458363,월세,04,전남광주시 광산구 선암동,광산구,선암동,300,38,0,33.11,10.02,2,ll 스페이스 ll 예쁜투룸 ll 갓성비집 ll,https://www.zigbang.com/home/apt/items/49458363
2026-07-03 07:17:39,빌라투룸,49450820,월세,04,전남광주시 광산구 선암동,광산구,선암동,300,43,0,33.11,10.02,2,ll 스페이스 ll 갓성비투룸 ll 살기좋은집 ll,https://www.zigbang.com/home/apt/items/49450820
2026-07-03 07:17:39,빌라투룸,49426363,월세,04,전남광주시 광산구 선암동,광산구,선암동,300,41,0,39.68,12.0,3,II P II 리모델링 l 가성비 l 깔끔한집 l 조용한집,https://www.zigbang.com/home/apt/items/49426363
2026-07-03 07:17:39,빌라투룸,49302283,월세,04,전남광주시 광산구 선암동,광산구,선암동,300,39,0,39,11.8,3,ㅇ각방에어컨ㅇ분리형투룸ㅇ빛그린출퇴근용이ㅇ주차편리ㅇ베란다,https://www.zigbang.com/home/apt/items/49302283
2026-07-03 07:17:39,빌라투룸,49251701,월세,04,전남광주시 광산구 월전동,광산구,월전동,300,44,0,30.34,9.18,2,KOREAㅇ조정가ㅇ화이트톤ㅇ넓은정투룸ㅇEVㅇ,https://www.zigbang.com/home/apt/items/49251701
2026-07-03 07:17:39,빌라투룸,49251684,월세,04,전남광주시 광산구 월전동,광산구,월전동,300,41,0,34,10.28,3,KOREAㅇ조정가ㅇ반려가ㅇ내국인전용ㅇ풀옵션투룸ㅇEV,https://www.zigbang.com/home/apt/items/49251684
2026-07-03 07:17:39,빌라투룸,49583232,월세,04,전남광주시 남구 행암동,남구,행암동,300,29,0,39.66,12.0,2,P㉧INT III 눈부신채광 III 합리적인가격 III,https://www.zigbang.com/home/apt/items/49583232
2026-07-03 07:17:39,빌라투룸,49567336,월세,04,전남광주시 남구 진월동,남구,진월동,300,36,0,39.66,12.0,3,P㉧INT III 깔끔한방 III 합리적인가격 III,https://www.zigbang.com/home/apt/items/49567336
2026-07-03 07:17:39,빌라투룸,49559799,월세,06,전남광주시 남구 임암동,남구,임암동,2000,113,0,77.54,23.46,3,안집 단독 테라스 보유 매물 I 신축 화이트톤 안,https://www.zigbang.com/home/apt/items/49559799
2026-07-03 07:17:39,빌라투룸,49553658,월세,04,전남광주시 남구 행암동,남구,행암동,300,36,0,46.28,14.0,3,ll P ll 실제 가격 ll 관리 잘한 ll 신축 투룸,https://www.zigbang.com/home/apt/items/49553658
2026-07-03 07:17:39,빌라투룸,49553635,월세,05,전남광주시 남구 진월동,남구,진월동,300,48,0,19.5,5.9,2,ll P ll 실제 가격 ll 실제 매물 ll 귀한 투룸,https://www.zigbang.com/home/apt/items/49553635
2026-07-03 07:17:39,빌라투룸,49536978,월세,04,전남광주시 남구 진월동,남구,진월동,300,52,0,28.26,8.55,4,ll 진월동 l 신축 풀옵션 투룸 l 화이트톤 귀한방 ll,https://www.zigbang.com/home/apt/items/49536978
2026-07-03 07:17:39,빌라투룸,49535897,월세,05,전남광주시 남구 임암동,남구,임암동,500,51,0,29.84,9.03,2,ll P ll 실제 가격 ll 실제 매물 ll 신축 쓰리룸,https://www.zigbang.com/home/apt/items/49535897
2026-07-03 07:17:39,빌라투룸,49442513,월세,05,전남광주시 남구 임암동,남구,임암동,300,54,0,26.11,7.9,3,I 임암동 신축 쓰리룸 I 넓은 쓰리룸 I 채광부자 l,https://www.zigbang.com/home/apt/items/49442513
2026-07-03 07:17:39,빌라투룸,49391289,월세,06,전남광주시 남구 송하동,남구,송하동,1000,95,0,79.4,24.02,4,II P II 풀옵션 주인세대 I 개인 테라스 I 엘베,https://www.zigbang.com/home/apt/items/49391289
2026-07-03 07:17:41,빌라투룸,49436051,월세,04,전남광주시 화순군 화순읍 신기리,화순군,화순읍,300,48,0,46.28,14.0,3,ㅣ문화센터부근ㅣ방2ㅣ거실1ㅣ살림적합ㅣ,https://www.zigbang.com/home/apt/items/49436051
2026-07-03 07:17:51,빌라투룸,49514994,월세,04,전남광주시 광양시 광양읍 칠성리,광양시,광양읍,100,33,0,33.12,10.02,4,광양읍 서천변 조용하고 주차편한 오픈형 투룸,https://www.zigbang.com/home/apt/items/49514994
2026-07-03 07:17:51,빌라투룸,49514969,월세,05,전남광주시 광양시 광양읍 칠성리,광양시,광양읍,500,60,0,76,22.99,4,"광양 경제자유구역청 앞 관리 최상 주인세대 방3,욕실2",https://www.zigbang.com/home/apt/items/49514969
2026-07-03 07:17:51,빌라투룸,49514903,월세,04,전남광주시 광양시 광양읍 덕례리,광양시,광양읍,150,33,0,33.12,10.02,2,덕례리  깔끔한  투룸,https://www.zigbang.com/home/apt/items/49514903
2026-07-03 07:17:51,빌라투룸,49514889,월세,04,전남광주시 광양시 광양읍 덕례리,광양시,광양읍,200,43,0,33,9.98,2,덕례리 엘베있는  귀한 신축급 투룸  6월말 입주,https://www.zigbang.com/home/apt/items/49514889
2026-07-03 07:17:51,빌라투룸,49514792,월세,04,전남광주시 광양시 광양읍 덕례리,광양시,광양읍,150,32,0,33,9.98,3,"덕례리 LF아울렛앞, 순천,여수 출퇴근 편한곳",https://www.zigbang.com/home/apt/items/49514792
2026-07-03 07:17:53,빌라투룸,49360770,월세,05,전남광주시 광양시 중동,광양시,중동,300,40,0,49,14.82,3,마동저수지 인근 쓰리룸 단기가능 풀옵션 즉시입주가능,https://www.zigbang.com/home/apt/items/49360770
2026-07-03 07:18:31,빌라투룸,49588302,월세,04,경상남도 진주시 가좌동,진주시,가좌동,500,51,0,60,18.15,3,ㅁ대학생 추천ㅁ 풀풀옵션 학생 두명 살기좋은 투룸,https://www.zigbang.com/home/apt/items/49588302
2026-07-03 07:18:31,빌라투룸,49580628,월세,04,경상남도 진주시 가좌동,진주시,가좌동,2500,80,0,70,21.17,2,가좌동 역세권 신축 깔끔한 투룸,https://www.zigbang.com/home/apt/items/49580628
2026-07-03 07:18:31,빌라투룸,49559388,월세,04,경상남도 진주시 정촌면 예하리,진주시,정촌면,500,50,0,45.96,13.9,5,㉧ㅡ서빈No.1구해줘홈즈ㅡ㉧추천BEST꿀방,https://www.zigbang.com/home/apt/items/49559388
2026-07-03 07:18:31,빌라투룸,49432703,월세,04,경상남도 진주시 가좌동,진주시,가좌동,300,56,0,50,15.12,4,ㅁ복층 투룸ㅁ인기최강 구조 풀옵션 금방 나갑니다,https://www.zigbang.com/home/apt/items/49432703
2026-07-03 07:18:32,빌라투룸,49532170,매매,05,경상남도 통영시 항남동,통영시,항남동,12000,0,12000,84,25.41,4,병선마당앞 남향 바다뷰항남그린맨션,https://www.zigbang.com/home/apt/items/49532170
2026-07-03 07:18:32,빌라투룸,49505779,월세,04,경상남도 통영시 태평동,통영시,태평동,1000,50,0,52.89,16.0,3,태평동 깨끗한 신축에 가까운 투룸,https://www.zigbang.com/home/apt/items/49505779
2026-07-03 07:18:32,빌라투룸,49255817,월세,04,경상남도 통영시 동호동,통영시,동호동,2000,45,0,56.2,17.0,2,정량동 주민센터 인근에 거실 큰 투룸,https://www.zigbang.com/home/apt/items/49255817
2026-07-03 07:18:33,빌라투룸,49273546,월세,05,경상남도 거제시 상동동,거제시,상동동,1000,40,0,105.28,31.85,2,햇살 가득한 남향에 상가형 2층 단독 주택 ㅡ전월세조절가능,https://www.zigbang.com/home/apt/items/49273546
2026-07-03 07:18:33,빌라투룸,49356769,월세,04,경상남도 거제시 고현동,거제시,고현동,300,40,0,49.59,15.0,4,ㅇ서둘러 인기매물이야 신축 도시가스 화이트톤 정투룸ㅇ,https://www.zigbang.com/home/apt/items/49356769
2026-07-03 07:18:33,빌라투룸,49579951,월세,04,경상남도 거제시 고현동,거제시,고현동,300,30,0,42.98,13.0,2,ㅇ진짜 착한가격으로 추천합니다 도시가스 투룸ㅇ,https://www.zigbang.com/home/apt/items/49579951
2026-07-03 07:18:33,빌라투룸,49564717,월세,04,경상남도 거제시 장평동,거제시,장평동,300,38,0,49.59,15.0,4,"투룸ㅡ방2, 저렴하고 깔끔한 투룸",https://www.zigbang.com/home/apt/items/49564717
2026-07-03 07:18:33,빌라투룸,49534837,월세,04,경상남도 거제시 고현동,거제시,고현동,300,38,0,39.67,12.0,4,ㅇ좋은기운가득 도시가스 남향 금액저렴 투룸ㅇ,https://www.zigbang.com/home/apt/items/49534837
2026-07-03 07:18:33,빌라투룸,49533945,월세,04,경상남도 거제시 고현동,거제시,고현동,300,40,0,48,14.52,2,고현시장인근 깨끗한 투룸,https://www.zigbang.com/home/apt/items/49533945
2026-07-03 07:18:33,빌라투룸,49531169,월세,04,경상남도 거제시 장평동,거제시,장평동,200,45,0,49.6,15.0,3,"방2, 깔끔하고 쾌적한 넓은 투룸",https://www.zigbang.com/home/apt/items/49531169
2026-07-03 07:18:33,빌라투룸,49484198,월세,04,경상남도 거제시 고현동,거제시,고현동,300,40,0,56,16.94,4,엘베있는 신축급 정투룸,https://www.zigbang.com/home/apt/items/49484198
2026-07-03 07:18:33,빌라투룸,49469905,월세,04,경상남도 거제시 장평동,거제시,장평동,200,33,0,46.28,14.0,1,"방2, 저렴한 가성비 좋은 방",https://www.zigbang.com/home/apt/items/49469905
2026-07-03 07:18:33,빌라투룸,49458282,월세,05,경상남도 거제시 장평동,거제시,장평동,300,48,0,62.8,19.0,4,"방3, 욕실1, 깔끔한 쓰리룸",https://www.zigbang.com/home/apt/items/49458282
2026-07-03 07:18:33,빌라투룸,49457204,월세,04,경상남도 거제시 고현동,거제시,고현동,300,40,0,49.59,15.0,2,ㅇ탁월한선택 신축 도시가스 대형구조 정투룸ㅇ,https://www.zigbang.com/home/apt/items/49457204
2026-07-03 07:18:33,빌라투룸,49441425,월세,04,경상남도 거제시 장평동,거제시,장평동,200,38,0,46.28,14.0,2,"방2, 저렴하고 깔끔한 투룸",https://www.zigbang.com/home/apt/items/49441425
2026-07-03 07:18:33,빌라투룸,49350775,월세,05,경상남도 거제시 고현동,거제시,고현동,300,42,0,59.5,18.0,4,ㅇ올 리모델링 화이트느낌 도시가스 복층형 초대형 쓰리룸ㅇ,https://www.zigbang.com/home/apt/items/49350775
2026-07-03 07:18:35,빌라투룸,49523085,월세,04,경상남도 창원시 진해구 태평동,창원시 진해구,태평동,500,50,0,70,21.17,3,강남 해사앞남원로타리인근 깔끔 구조굿 위치굿 방2개 큰거실,https://www.zigbang.com/home/apt/items/49523085
2026-07-03 07:18:35,빌라투룸,49511730,월세,04,경상남도 창원시 진해구 태평동,창원시 진해구,태평동,500,50,0,52.89,16.0,3,황금알l 남원 로타리 인근 채광좋고 방2개 거실 있는 투룸,https://www.zigbang.com/home/apt/items/49511730
2026-07-03 07:18:35,빌라투룸,49509648,전세,04,경상남도 창원시 진해구 제황산동,창원시 진해구,제황산동,4000,0,0,56.93,17.22,2,전진  주위 공기좋은주택  거실있는 2층독채,https://www.zigbang.com/home/apt/items/49509648
2026-07-03 07:18:35,빌라투룸,49403565,월세,04,경상남도 창원시 진해구 충의동,창원시 진해구,충의동,2000,70,0,70,21.17,3,전진  해군사관학교 군부대 인근 투룸 큰거실,https://www.zigbang.com/home/apt/items/49403565
2026-07-03 07:18:44,빌라투룸,49573761,월세,04,경상남도 창원시 진해구 용원동,창원시 진해구,용원동,100,33,0,45,13.61,2,준신축건물의 방과 거실이 넓고 깨끗한 투룸을 소개합니다.,https://www.zigbang.com/home/apt/items/49573761
2026-07-03 07:18:44,빌라투룸,49394660,월세,05,경상남도 창원시 진해구 용원동,창원시 진해구,용원동,3000,21,0,65,19.66,1,신축건물의 방과 거실이 넓고 깔끔한 반전세 쓰리룸을 소개함,https://www.zigbang.com/home/apt/items/49394660
2026-07-03 07:18:44,빌라투룸,49378037,전세,04,경상남도 창원시 진해구 용원동,창원시 진해구,용원동,4500,0,0,47,14.22,4,주방 거실 베란다 방이 엄청 넓은 전세 투룸을 소개합니다.,https://www.zigbang.com/home/apt/items/49378037
2026-07-03 07:18:44,빌라투룸,49348219,전세,05,경상남도 창원시 진해구 용원동,창원시 진해구,용원동,5000,0,0,68,20.57,2,준신축건물의 방이 넓고 깨끗한 풀옵션의 쓰리룸 소개합니다.,https://www.zigbang.com/home/apt/items/49348219
2026-07-03 07:18:44,빌라투룸,49343204,전세,05,경상남도 창원시 진해구 용원동,창원시 진해구,용원동,5000,0,0,62,18.75,1,1층 준신축건물의 깔끔하고 방이 넓은 쓰리룸을 소개합니다.,https://www.zigbang.com/home/apt/items/49343204
2026-07-03 07:18:44,빌라투룸,49586417,월세,04,경상남도 창원시 진해구 석동,창원시 진해구,석동,500,40,0,50,15.12,4,"황금알 석동중인근 남향, 방2개, 생활권 편리한 위치 투룸",https://www.zigbang.com/home/apt/items/49586417
2026-07-03 07:18:44,빌라투룸,49523500,월세,04,경상남도 창원시 진해구 이동,창원시 진해구,이동,1400,35,0,55,16.64,3,황금알l하이트 광장 인근 생활하기 좋고 심야전기 인 투룸,https://www.zigbang.com/home/apt/items/49523500
2026-07-03 07:18:44,빌라투룸,49523136,월세,04,경상남도 창원시 진해구 석동,창원시 진해구,석동,500,55,0,66.12,20.0,3,강남 석동주공위 방2 큰거실 구조굿 깔끔 채광굿 위치굿,https://www.zigbang.com/home/apt/items/49523136
2026-07-03 07:18:44,빌라투룸,49491344,월세,04,경상남도 창원시 진해구 석동,창원시 진해구,석동,300,30,0,52.89,16.0,옥탑방,황금알l 동부초 인근 5층 옥탑방 실외베란다 있는 투룸,https://www.zigbang.com/home/apt/items/49491344
2026-07-03 07:18:44,빌라투룸,49483871,월세,04,경상남도 창원시 진해구 석동,창원시 진해구,석동,500,55,0,56.2,17.0,3,전진  석동주공 인근 풀옵션 깨끗한 거실있는투룸,https://www.zigbang.com/home/apt/items/49483871
2026-07-03 07:18:44,빌라투룸,49379471,월세,04,경상남도 창원시 진해구 이동,창원시 진해구,이동,300,40,0,56.19,17.0,3,강남 이동오거리인근 방2 주방 베란다 깔끔  채광굿 주차굿,https://www.zigbang.com/home/apt/items/49379471
2026-07-03 07:18:44,빌라투룸,49376164,월세,04,경상남도 창원시 진해구 석동,창원시 진해구,석동,200,50,0,39.67,12.0,3,황금알 석동주공인근 넓은 붙박이장 생활권 좋은위치 깔끔한집,https://www.zigbang.com/home/apt/items/49376164
2026-07-03 07:18:44,빌라투룸,49355975,월세,04,경상남도 창원시 진해구 경화동,창원시 진해구,경화동,1000,50,0,60,18.15,2,"전진  중부시장 인근 풀옵션 큰거실 투룸, 남향",https://www.zigbang.com/home/apt/items/49355975
2026-07-03 07:18:44,빌라투룸,49261320,월세,06,경상남도 창원시 진해구 자은동,창원시 진해구,자은동,3000,65,0,120,36.3,4,강남 자은세차장인근 엄청넓은복층형주인채 방4 화3 베란다4,https://www.zigbang.com/home/apt/items/49261320
2026-07-03 07:18:44,빌라투룸,49242400,월세,04,경상남도 창원시 진해구 풍호동,창원시 진해구,풍호동,500,45,0,40,12.1,2,전진   진해 구청 인근  풀옵션  오피스텔 거실 겸 방,https://www.zigbang.com/home/apt/items/49242400
2026-07-03 07:18:44,빌라투룸,48810682,월세,04,경상남도 창원시 진해구 이동,창원시 진해구,이동,500,40,0,49.58,15.0,4,황금알l 이동 매립지 인근 남향 실외베란다 심야전기 투룸,https://www.zigbang.com/home/apt/items/48810682
2026-07-03 07:18:45,빌라투룸,49535304,월세,04,부산시 사하구 신평동,사하구,신평동,500,25,0,50,15.12,3,풀옵션주택ㅣ정남향ㅣ채광ㅣ방2,https://www.zigbang.com/home/apt/items/49535304
2026-07-03 07:18:45,빌라투룸,49508686,전세,04,부산시 사하구 신평동,사하구,신평동,2500,0,0,50,15.12,2,저렴주택ㅣ방2ㅣ넓은화장실ㅣ보증금조절,https://www.zigbang.com/home/apt/items/49508686
2026-07-03 07:18:45,빌라투룸,49490020,월세,04,부산시 사하구 신평동,사하구,신평동,500,30,0,50,15.12,2,리모델링주택ㅣ방2ㅣ에어컨ㅣ가스렌지ㅣ세탁실,https://www.zigbang.com/home/apt/items/49490020
2026-07-03 07:18:45,빌라투룸,49468289,월세,04,부산시 사하구 신평동,사하구,신평동,500,30,0,50,15.12,2,리모델링주택ㅣ방2ㅣ넓은욕실ㅣ에어컨ㅣ보증금조절,https://www.zigbang.com/home/apt/items/49468289
2026-07-03 07:18:45,빌라투룸,49462840,월세,05,부산시 사하구 신평동,사하구,신평동,4000,30,0,75,22.69,3,전세대출ㅣ정남향ㅣ채광ㅣ방3ㅣ거실ㅣ욕실2,https://www.zigbang.com/home/apt/items/49462840
2026-07-03 07:18:45,빌라투룸,49575663,월세,04,부산시 서구 서대신동1가,서구,서대신동1가,500,40,0,27.3,8.26,3,"방 2개, 주방분리, 붙박이장, 베란다",https://www.zigbang.com/home/apt/items/49575663
2026-07-03 07:18:45,빌라투룸,49352255,전세,04,부산시 서구 부용동1가,서구,부용동1가,8000,0,0,25.83,7.81,2,부민캠퍼스 맢은편 투룸 전세 학생대출가능,https://www.zigbang.com/home/apt/items/49352255
2026-07-03 07:18:45,빌라투룸,49328186,월세,04,부산시 중구 보수동2가,중구,보수동2가,1000,50,0,24.12,7.3,5,동아대 도보 스타일러 건조기 보증금 조절가능,https://www.zigbang.com/home/apt/items/49328186
2026-07-03 07:18:45,빌라투룸,49287090,전세,04,부산시 서구 동대신동1가,서구,동대신동1가,9000,0,0,22.93,6.94,3,방1 거실1 베란타공간과 다용도실까지 전세자금대출 가능,https://www.zigbang.com/home/apt/items/49287090
2026-07-03 07:18:45,빌라투룸,49244885,전세,04,부산시 서구 부용동1가,서구,부용동1가,9000,0,0,25.9,7.83,12,동아대 앞 가온빌리지 투룸,https://www.zigbang.com/home/apt/items/49244885
2026-07-03 07:18:45,빌라투룸,49432932,월세,04,부산시 사상구 주례동,사상구,주례동,2000,35,0,57.84,17.5,1,.마당있는 독채 복층 방2칸.,https://www.zigbang.com/home/apt/items/49432932
2026-07-03 07:18:47,빌라투룸,49402428,월세,04,부산시 남구 문현동,남구,문현동,2000,40,0,52.01,15.73,2,"내부 깨끗한 거실,방2,화1,에1 자주식 주차",https://www.zigbang.com/home/apt/items/49402428
2026-07-03 07:18:47,빌라투룸,49507411,월세,04,부산시 서구 토성동1가,서구,토성동1가,500,45,0,28.22,8.54,5,토성동 가성비 투룸,https://www.zigbang.com/home/apt/items/49507411
2026-07-03 07:18:47,빌라투룸,49383034,월세,04,부산시 중구 대청동2가,중구,대청동2가,1000,50,0,29.98,9.07,2,남포동 중앙동 드레스룸 오피스텔,https://www.zigbang.com/home/apt/items/49383034
2026-07-03 07:18:47,빌라투룸,49374282,월세,05,부산시 중구 대청동1가,중구,대청동1가,1000,45,0,59.76,18.08,2,"부분수리된 빌라 독채 내부 깨끗한 거실,방3,화2,남향",https://www.zigbang.com/home/apt/items/49374282
2026-07-03 07:18:47,빌라투룸,49354367,전세,04,부산시 중구 부평동3가,중구,부평동3가,8000,0,0,28.47,8.61,4,버팀목 전세자금 대출 가능,https://www.zigbang.com/home/apt/items/49354367
2026-07-03 07:18:47,빌라투룸,49019231,월세,04,부산시 중구 대청동4가,중구,대청동4가,2000,55,0,29.77,9.01,3,남포동 가까운 깔끔한 투룸 2인거주 추천,https://www.zigbang.com/home/apt/items/49019231
2026-07-03 07:18:49,빌라투룸,49545103,월세,06,전남광주시 광산구 삼거동,광산구,삼거동,1000,71,0,84.58,25.59,3,ii 빛그린산단 안집 ii 채광좋은 집 ii 테라스,https://www.zigbang.com/home/apt/items/49545103
2026-07-03 07:18:50,빌라투룸,49565106,월세,04,전남광주시 광산구 오선동,광산구,오선동,300,37,0,32.23,9.75,4,ㅁ 오선동 투룸 ㅁ 가성비 굿 인기매물 ㅁ,https://www.zigbang.com/home/apt/items/49565106
2026-07-03 07:18:50,빌라투룸,49555019,월세,05,전남광주시 광산구 오선동,광산구,오선동,300,46,0,39.66,12.0,2,ㅁ 오선동 가성비 쓰리룸 ㅁ 깔끔 화이트톤 ㅁ 채광좋은 방,https://www.zigbang.com/home/apt/items/49555019
2026-07-03 07:18:50,빌라투룸,49366296,월세,04,전남광주시 북구 신안동,북구,신안동,200,26,0,39.67,12.0,3,ll P ll 깔끔 l가성비l SS급 매물l,https://www.zigbang.com/home/apt/items/49366296
2026-07-03 07:18:50,빌라투룸,49362801,월세,04,전남광주시 북구 신안동,북구,신안동,200,31,0,38.6,11.68,3,l 전대 치대 l 부근 위치 좋은 깔끔한 투룸,https://www.zigbang.com/home/apt/items/49362801
2026-07-03 07:18:50,빌라투룸,49317381,월세,04,전남광주시 북구 삼각동,북구,삼각동,200,28,0,46.28,14.0,2,ll P ll 채광 굿ㅣ갓성비투룸ㅣSS급ㅣ,https://www.zigbang.com/home/apt/items/49317381
2026-07-03 07:18:50,빌라투룸,49311069,월세,04,전남광주시 북구 운암동,북구,운암동,200,26,0,46.28,14.0,4,ll P ll 갓성비ㅣSS급ㅣ깔끔 투룸ㅣ,https://www.zigbang.com/home/apt/items/49311069
2026-07-03 07:18:50,빌라투룸,49311051,월세,04,전남광주시 북구 용봉동,북구,용봉동,300,33,0,46.28,14.0,2,ll P ll 신축급ㅣ화이트톤ㅣ엘베ㅣ,https://www.zigbang.com/home/apt/items/49311051
2026-07-03 07:18:50,빌라투룸,49311016,월세,05,전남광주시 북구 오치동,북구,오치동,200,30,0,52.89,16.0,2,ll P ll 갓성비 1티어ㅣ대형쓰리룸ㅣSS급ㅣ,https://www.zigbang.com/home/apt/items/49311016
2026-07-03 07:18:50,빌라투룸,49301045,월세,04,전남광주시 북구 용봉동,북구,용봉동,200,29,0,39.6,11.98,3,ll P ll 깔끔 l가성비l SS급 매물l,https://www.zigbang.com/home/apt/items/49301045
2026-07-03 07:18:50,빌라투룸,49293223,월세,04,전남광주시 북구 중흥동,북구,중흥동,300,43,0,29.58,8.95,2,ㅣ실시간 A급 인기매물ㅣ예쁜2.5룸ㅣ귀한매물ㅣ구조 좋은집ㅣ,https://www.zigbang.com/home/apt/items/49293223
2026-07-03 07:18:50,빌라투룸,49254889,월세,04,전남광주시 북구 용봉동,북구,용봉동,200,26,0,38.6,11.68,2,l 용봉동 l 채광 좋고 넓은 투룸 입니다.,https://www.zigbang.com/home/apt/items/49254889
2026-07-03 07:18:50,빌라투룸,49254152,월세,05,전남광주시 북구 양산동,북구,양산동,300,45,0,40,12.1,2,"SJ추천하는,,해잘드는,,넓은2.5룸",https://www.zigbang.com/home/apt/items/49254152
2026-07-03 07:18:50,빌라투룸,49231877,월세,04,전남광주시 북구 중흥동,북구,중흥동,200,33,0,41.2,12.46,2,l 전대 정문 l 위치 좋은 깔끔한 신축급 투룸,https://www.zigbang.com/home/apt/items/49231877
2026-07-03 07:18:50,빌라투룸,49019641,월세,04,전남광주시 북구 용봉동,북구,용봉동,300,34,0,37.8,11.43,1,Choiceㅣ최고의 선택ㅣ올리모델링ㅣ화이트톤ㅣ주방넓은투룸ㅣ,https://www.zigbang.com/home/apt/items/49019641
2026-07-03 07:18:50,빌라투룸,49362770,월세,04,전남광주시 광산구 하남동,광산구,하남동,300,40,0,22.42,6.78,3,Dailyㅣ실시간 실매물ㅣ24시 상담가능,https://www.zigbang.com/home/apt/items/49362770
2026-07-03 07:18:50,빌라투룸,49362748,월세,04,전남광주시 광산구 장덕동,광산구,장덕동,200,29,0,29.75,9.0,2,I Daily I 실시간 실매물 I 24시 상담가능 I,https://www.zigbang.com/home/apt/items/49362748
2026-07-03 07:18:50,빌라투룸,49360779,월세,04,전남광주시 광산구 하남동,광산구,하남동,500,56,0,33.06,10.0,2,ㅁNew신축ㅁ화이트톤 에어컨 총2대 추천매물,https://www.zigbang.com/home/apt/items/49360779
2026-07-03 07:18:50,빌라투룸,49360739,월세,04,전남광주시 광산구 장덕동,광산구,장덕동,300,41,0,33.06,10.0,3,ㅁNew수납공간 최고ㅁ즉시입주가능 풀옵션 투룸,https://www.zigbang.com/home/apt/items/49360739
2026-07-03 07:18:50,빌라투룸,49360721,월세,04,전남광주시 광산구 하남동,광산구,하남동,500,56,0,33.06,10.0,3,ㅁNew각방 에어컨설치ㅁ너무 깔끔한 풀옵션 투룸,https://www.zigbang.com/home/apt/items/49360721
2026-07-03 07:18:50,빌라투룸,49360696,월세,04,전남광주시 광산구 장덕동,광산구,장덕동,300,41,0,33.06,10.0,1,ㅁ허위매물 NOㅁ몸만들어오면되는 풀옵션 투룸,https://www.zigbang.com/home/apt/items/49360696
2026-07-03 07:18:50,빌라투룸,49360687,월세,04,전남광주시 광산구 하남동,광산구,하남동,300,49,0,33.06,10.0,2,ㅣㅣ좋은집ㅣ전문ㅣㅣ깔끔하고 안전한집ㅣㅣ,https://www.zigbang.com/home/apt/items/49360687
2026-07-03 07:18:50,빌라투룸,49360659,월세,04,전남광주시 광산구 흑석동,광산구,흑석동,300,46,0,33,9.98,2,ㅁNew인기매물ㅁ너무깔끔 채광좋은 풀옵션 투룸,https://www.zigbang.com/home/apt/items/49360659
2026-07-03 07:18:50,빌라투룸,49328144,월세,04,전남광주시 광산구 산정동,광산구,산정동,200,38,0,39.98,12.09,2,ㅣ실시간 A급 인기매물ㅣ구조 좋은 집ㅣ귀한매물ㅣ깔끔ㅣ,https://www.zigbang.com/home/apt/items/49328144
2026-07-03 07:18:50,빌라투룸,49322922,월세,04,전남광주시 서구 쌍촌동,서구,쌍촌동,200,33,0,36.97,11.18,3,ㅣ실시간 A급 인기매물ㅣ예쁜방ㅣ귀한매물ㅣ꾸미기좋은집ㅣ깔끔ㅣ,https://www.zigbang.com/home/apt/items/49322922
2026-07-03 07:18:50,빌라투룸,49302860,월세,04,전남광주시 광산구 신창동,광산구,신창동,200,30,0,35.54,10.75,2,ㅣ실시간 A급 인기매물ㅣ갓성비ㅣ구조 좋은 방ㅣ채광 굿ㅣ,https://www.zigbang.com/home/apt/items/49302860
2026-07-03 07:18:50,빌라투룸,49289673,월세,04,전남광주시 서구 쌍촌동,서구,쌍촌동,200,30,0,36.36,11.0,3,라라 허위없음 가성비최고 투룸 풀옵션 교통편리 깔끔깨끗,https://www.zigbang.com/home/apt/items/49289673
2026-07-03 07:18:50,빌라투룸,49288987,월세,04,전남광주시 광산구 수완동,광산구,수완동,200,35,0,37.44,11.33,1,ㅣ 화이트톤 l A급 인기 매물 ㅣ 깔끔한 방 ㅣ 꾸미기,https://www.zigbang.com/home/apt/items/49288987
2026-07-03 07:18:50,빌라투룸,49286091,월세,04,전남광주시 서구 쌍촌동,서구,쌍촌동,200,30,0,36.36,11.0,2,0라라0 반려동물가능 채광좋은투룸 베란다o 상무지구인근,https://www.zigbang.com/home/apt/items/49286091
2026-07-03 07:18:50,빌라투룸,49286070,월세,04,전남광주시 서구 쌍촌동,서구,쌍촌동,200,32,0,36.36,11.0,2,0라라0 화이트톤 가성비좋은투룸 베란다공간별도 정남향,https://www.zigbang.com/home/apt/items/49286070
2026-07-03 07:18:50,빌라투룸,49143777,월세,04,전남광주시 서구 쌍촌동,서구,쌍촌동,200,33,0,39.67,12.0,3,라라 올리모델링 침대o 화이트톤 깔끔깨끗 베란다 월세조정o,https://www.zigbang.com/home/apt/items/49143777
2026-07-03 07:18:50,빌라투룸,48896177,월세,04,전남광주시 서구 쌍촌동,서구,쌍촌동,200,28,0,39.67,12.0,3,Choiceㅣ최고의선택ㅣ먹자골목부근ㅣ리모델링완ㅣ넓은분리투룸,https://www.zigbang.com/home/apt/items/48896177
2026-07-03 07:19:01,빌라투룸,49587717,월세,04,전라북도 전주시 덕진구 만성동,전주시 덕진구,만성동,1000,130,0,50,15.12,2,ꯁ만성동ꯁ오피스텔ꯁ풀옵션ꯁ고급 인테리어ꯁ엘베ꯁ,https://www.zigbang.com/home/apt/items/49587717
2026-07-03 07:19:01,빌라투룸,49558825,월세,04,전라북도 완주군 이서면 갈산리,완주군,이서면,500,48,0,52.89,16.0,3,모든공과금포함v엘베v채광좋음v귀한투룸v대형구조v깨끗v옵션짱,https://www.zigbang.com/home/apt/items/49558825
2026-07-03 07:19:05,빌라투룸,49451891,전세,05,전라북도 남원시 향교동,남원시,향교동,8000,0,0,66.12,20.0,4,향교동  깨끗한 쓰리룸 전세임대 합니다,https://www.zigbang.com/home/apt/items/49451891
2026-07-03 07:19:16,빌라투룸,49589570,월세,04,전라북도 군산시 오식도동,군산시,오식도동,100,35,0,30,9.07,3,위치좋고 구조 좋은 투룸,https://www.zigbang.com/home/apt/items/49589570
2026-07-03 07:19:16,빌라투룸,49533794,월세,05,전라북도 군산시 오식도동,군산시,오식도동,200,52,0,60,18.15,4,오식도 죄근건물,https://www.zigbang.com/home/apt/items/49533794
2026-07-03 07:19:16,빌라투룸,49520519,월세,04,전라북도 군산시 오식도동,군산시,오식도동,100,35,0,39,11.8,2,최근 리모델링 완료,https://www.zigbang.com/home/apt/items/49520519
2026-07-03 07:19:16,빌라투룸,49498248,월세,04,전라북도 군산시 오식도동,군산시,오식도동,100,35,0,35.13,10.63,3,준신축 새만금캠퍼스 인근 투룸,https://www.zigbang.com/home/apt/items/49498248
2026-07-03 07:19:16,빌라투룸,49485425,월세,05,전라북도 군산시 오식도동,군산시,오식도동,150,45,0,33,9.98,4,복층 신축 쓰리룸 외부 발코니 있음,https://www.zigbang.com/home/apt/items/49485425
2026-07-03 07:19:16,빌라투룸,49485294,월세,04,전라북도 군산시 오식도동,군산시,오식도동,150,40,0,30,9.07,3,화장실 두개 거실넓은 투룸,https://www.zigbang.com/home/apt/items/49485294
2026-07-03 07:19:16,빌라투룸,49398520,월세,04,전라북도 군산시 오식도동,군산시,오식도동,100,35,0,40.8,12.34,4,번화가위치  투룸,https://www.zigbang.com/home/apt/items/49398520
2026-07-03 07:19:16,빌라투룸,49398497,월세,04,전라북도 군산시 오식도동,군산시,오식도동,100,35,0,40.1,12.13,2,화장실2  남향투룸,https://www.zigbang.com/home/apt/items/49398497
2026-07-03 07:19:16,빌라투룸,49287523,월세,04,전라북도 군산시 오식도동,군산시,오식도동,100,45,0,33,9.98,2,화장실2개 투룸,https://www.zigbang.com/home/apt/items/49287523
2026-07-03 07:19:16,빌라투룸,49550209,월세,05,전라북도 군산시 미룡동,군산시,미룡동,1000,61,0,76.03,23.0,4,에어컨2대 풀옵션 흔치않은 주인세대 전체도배 복층화장실,https://www.zigbang.com/home/apt/items/49550209
2026-07-03 07:19:19,빌라투룸,49585048,월세,04,전라북도 전주시 덕진구 여의동2가,전주시 덕진구,여의동2가,500,46,0,50,15.12,2,여의동투룸0귀한매물0깔끔컨디션0엄지척0노고민0풀옵션,https://www.zigbang.com/home/apt/items/49585048
2026-07-03 07:19:19,빌라투룸,49580899,월세,04,전라북도 전주시 덕진구 여의동2가,전주시 덕진구,여의동2가,500,46,0,47,14.22,2,여의동준신축투룸0컨디션굿0채광굿0귀한매물0노고민0조정,https://www.zigbang.com/home/apt/items/49580899
2026-07-03 07:19:19,빌라투룸,49401524,월세,04,전라북도 전주시 덕진구 여의동2가,전주시 덕진구,여의동2가,500,45,0,50,15.12,2,ㅁㅁ레어급매물ㅁㅁ여의동 희귀매물 신축급 투룸등장ㅁㅁ,https://www.zigbang.com/home/apt/items/49401524
2026-07-03 07:19:19,빌라투룸,49324011,월세,04,전라북도 전주시 덕진구 여의동2가,전주시 덕진구,여의동2가,500,43,0,52.89,16.0,3,여의동투룸ㅇ이쁨ㅇ옵션좋음ㅇ편한주차ㅇ딱하나뿐ㅇ깨끗ㅇ살기좋은집,https://www.zigbang.com/home/apt/items/49324011
2026-07-03 07:19:19,빌라투룸,49323984,월세,04,전라북도 전주시 덕진구 여의동2가,전주시 덕진구,여의동2가,500,40,0,52.89,16.0,3,ㅁㅁ초대형투룸ㅁ위치최고ㅁ여의동귀한매물ㅁ즉시입주가능ㅁㅁ,https://www.zigbang.com/home/apt/items/49323984
2026-07-03 07:19:19,빌라투룸,49512201,월세,05,전라북도 익산시 영등동,익산시,영등동,500,50,0,60,18.15,4,"AA 영등동,쓰리룸,승강기",https://www.zigbang.com/home/apt/items/49512201
2026-07-03 07:19:19,빌라투룸,49454057,월세,04,전라북도 익산시 영등동,익산시,영등동,200,40,0,39.67,12.0,2,"AA 영등동 넓은투룸,주차편리",https://www.zigbang.com/home/apt/items/49454057
2026-07-03 07:19:19,빌라투룸,49435367,월세,04,전라북도 익산시 신흥동,익산시,신흥동,300,35,0,39.67,12.0,2,"Oo공단인근 투룸oO주차굿, 안락함oO",https://www.zigbang.com/home/apt/items/49435367
2026-07-03 07:19:19,빌라투룸,49432214,월세,05,전라북도 익산시 남중동,익산시,남중동,500,56,0,105.79,32.0,4,"AA 주인세대,임대.리모델링,남향",https://www.zigbang.com/home/apt/items/49432214
2026-07-03 07:19:19,빌라투룸,49404705,월세,05,전라북도 익산시 마동,익산시,마동,1000,71,0,49.58,15.0,2,"Oo특 신축쓰리룸풀옵션oO주차굿,승강기oO",https://www.zigbang.com/home/apt/items/49404705
2026-07-03 07:19:19,빌라투룸,49348391,월세,04,전라북도 익산시 신흥동,익산시,신흥동,300,35,0,40,12.1,2,AA 신흥동 공단근처 투룸,https://www.zigbang.com/home/apt/items/49348391
2026-07-03 07:19:19,빌라투룸,49583445,월세,04,전라북도 완주군 삼례읍 삼례리,완주군,삼례읍,500,50,0,50,15.12,3,ꗄꗄ신축급ꗄꗄ풀옵션ꗄꗄ엘베ꗄꗄBEST투룸ꗄꗄ안심주택ꗄꗄ깔끔,https://www.zigbang.com/home/apt/items/49583445
2026-07-03 07:19:19,빌라투룸,49579745,월세,04,전라북도 완주군 삼례읍 삼례리,완주군,삼례읍,500,51,0,46.28,14.0,2,o엘베o우석대o약학과o삼례초o신축급o주차장o컨디션좋아요,https://www.zigbang.com/home/apt/items/49579745
2026-07-03 07:19:22,빌라투룸,49580524,월세,04,충청남도 논산시 대교동,논산시,대교동,1000,60,0,55,16.64,3,즉시입주 투룸월세 보증금월세조정가능,https://www.zigbang.com/home/apt/items/49580524
2026-07-03 07:19:22,빌라투룸,49561828,전세,04,충청남도 논산시 취암동,논산시,취암동,12000,0,0,55.89,16.91,3,보증금 조절가능.신축투룸....,https://www.zigbang.com/home/apt/items/49561828
2026-07-03 07:19:22,빌라투룸,49561362,전세,04,충청남도 논산시 취암동,논산시,취암동,12000,0,0,52.89,16.0,4,신축투룸....,https://www.zigbang.com/home/apt/items/49561362
2026-07-03 07:19:22,빌라투룸,49554095,전세,04,충청남도 논산시 취암동,논산시,취암동,12000,0,0,59,17.85,4,취암동 신축 투룸입니다,https://www.zigbang.com/home/apt/items/49554095
2026-07-03 07:19:22,빌라투룸,49514328,월세,04,충청남도 논산시 취암동,논산시,취암동,1000,60,0,50,15.12,2,취암동 생활권 좋은 투룸,https://www.zigbang.com/home/apt/items/49514328
2026-07-03 07:19:22,빌라투룸,49466756,월세,04,충청남도 논산시 취암동,논산시,취암동,500,60,0,50,15.12,2,취암동 풀옵션 투룸,https://www.zigbang.com/home/apt/items/49466756
2026-07-03 07:19:22,빌라투룸,49385541,월세,04,충청남도 논산시 취암동,논산시,취암동,1000,70,0,62.7,18.97,4,올리모델링 되어 있는 신혼집 같은 쓰리룸,https://www.zigbang.com/home/apt/items/49385541
2026-07-03 07:19:22,빌라투룸,49287573,월세,04,충청남도 논산시 취암동,논산시,취암동,500,60,0,52.89,16.0,2,풀옵션이고 거실이 엄청 큼,https://www.zigbang.com/home/apt/items/49287573
2026-07-03 07:19:22,빌라투룸,49548908,전세,04,충청남도 논산시 연무읍 안심리,논산시,연무읍,5500,0,0,66.12,20.0,1,전원생활을느낄수있는집입니다.풀옵션입니다.,https://www.zigbang.com/home/apt/items/49548908
2026-07-03 07:19:23,빌라투룸,49399450,월세,04,충청남도 보령시 대천동,보령시,대천동,2000,50,0,40,12.1,2,대천여중 중부발전본사 근처 2017년생 방2개 구조 월세,https://www.zigbang.com/home/apt/items/49399450
2026-07-03 07:19:23,빌라투룸,49359264,월세,04,충청남도 보령시 대천동,보령시,대천동,2000,60,0,48,14.52,4,"시내중심신축, 방2화2,넓게 빠진 투룸",https://www.zigbang.com/home/apt/items/49359264
2026-07-03 07:19:23,빌라투룸,49345386,전세,05,충청남도 보령시 대천동,보령시,대천동,14000,0,0,56.15,16.99,3,"대천여고 근처 2017년생  세련된 인터리어, 조용한 빌라",https://www.zigbang.com/home/apt/items/49345386
2026-07-03 07:19:23,빌라투룸,49324052,월세,04,충청남도 보령시 대천동,보령시,대천동,2000,60,0,59,17.85,4,"거실,방2,화2구조로 신혼부부, 직장인 추천드려요",https://www.zigbang.com/home/apt/items/49324052
2026-07-03 07:19:23,빌라투룸,49345394,전세,04,충청남도 보령시 남포면 창동리,보령시,남포면,8000,0,0,58.4,17.67,3,남포 창동리 보건소 근처 204년생 깔끔한 빌라 전세,https://www.zigbang.com/home/apt/items/49345394
2026-07-03 07:19:23,빌라투룸,49208557,월세,04,충청남도 보령시 명천동,보령시,명천동,6000,20,0,47,14.22,3,"초,중 도보3분이내,생활권편리",https://www.zigbang.com/home/apt/items/49208557
2026-07-03 07:19:23,빌라투룸,49327612,월세,04,충청남도 보령시 명천동,보령시,명천동,2000,65,0,50,15.12,2,명천택지 투룸,https://www.zigbang.com/home/apt/items/49327612
2026-07-03 07:19:23,빌라투룸,49303005,월세,04,충청남도 보령시 명천동,보령시,명천동,2000,80,0,55,16.64,2,명천택지 깨끗한 투룸,https://www.zigbang.com/home/apt/items/49303005
2026-07-03 07:19:23,빌라투룸,49003775,월세,04,충청남도 보령시 명천동,보령시,명천동,1000,80,0,50,15.12,2,즉시입주 명천택지 투룸,https://www.zigbang.com/home/apt/items/49003775
2026-07-03 07:19:23,빌라투룸,49530470,전세,04,충청남도 보령시 동대동,보령시,동대동,9000,0,0,45,13.61,3,"동대동 융자없는 투룸,생활권편리,",https://www.zigbang.com/home/apt/items/49530470
2026-07-03 07:19:23,빌라투룸,49327815,전세,04,충청남도 보령시 동대동,보령시,동대동,9000,0,0,60,18.15,3,인테리어가 예쁘고 생활권 편리한 위치 투룸,https://www.zigbang.com/home/apt/items/49327815
2026-07-03 07:19:23,빌라투룸,49208574,전세,04,충청남도 보령시 동대동,보령시,동대동,8000,0,0,48,14.52,4,"보증금조율가능,풀옵션,방2,거실,편리한생활권",https://www.zigbang.com/home/apt/items/49208574
2026-07-03 07:19:29,빌라투룸,49575066,월세,04,세종시 장군면 봉안리,,장군면,300,60,0,40,12.1,3,"고운동,다정동 5분, 풀옵션 깔끔 아주 넓은 남향투룸 월세",https://www.zigbang.com/home/apt/items/49575066
2026-07-03 07:19:29,빌라투룸,49442025,전세,04,세종시 장군면 봉안리,,장군면,7300,0,0,38,11.49,4,"봉안리 초입 , 큰길가, 도로변 탑층 복층 투룸 전세",https://www.zigbang.com/home/apt/items/49442025
2026-07-03 07:19:35,빌라투룸,49574709,월세,04,대전시 서구 관저동,서구,관저동,3000,70,0,62,18.75,4,신축 숲뷰 1인1주차 베란다 ꕥ투룸ꕥ 대전 전지역 매물보유,https://www.zigbang.com/home/apt/items/49574709
2026-07-03 07:19:35,빌라투룸,49574636,월세,04,대전시 서구 관저동,서구,관저동,2000,70,0,62,18.75,3,신축 서대전IC 뻥뷰 채광 ꕥ투룸ꕥ 대전 전지역 매물보유,https://www.zigbang.com/home/apt/items/49574636
2026-07-03 07:19:35,빌라투룸,49574286,월세,05,대전시 서구 관저동,서구,관저동,5000,100,0,95,28.74,2,통창 뷰 채광 완벽한  ꕥ쓰리룸ꕥ 대전 전지역 매물보유,https://www.zigbang.com/home/apt/items/49574286
2026-07-03 07:19:35,빌라투룸,49574220,월세,04,대전시 서구 관저동,서구,관저동,2000,70,0,62,18.75,3,서대전IC부근 채광좋은집 ꕥ투룸ꕥ 대전 전지역 매물보유,https://www.zigbang.com/home/apt/items/49574220
2026-07-03 07:19:35,빌라투룸,49561628,월세,04,대전시 서구 관저동,서구,관저동,2000,60,0,55,16.64,3,컨디션 최상 BEST 완벽 ꕥ투룸ꕥ 대전 전지역 매물보유,https://www.zigbang.com/home/apt/items/49561628
2026-07-03 07:19:35,빌라투룸,49561555,월세,05,대전시 서구 관저동,서구,관저동,5000,100,0,95,28.74,2,신축 채광좋고 통창 뷰  ꕥ쓰리룸ꕥ 대전 전지역 매물보유,https://www.zigbang.com/home/apt/items/49561555
2026-07-03 07:19:35,빌라투룸,49485372,월세,05,대전시 서구 관저동,서구,관저동,3000,110,0,50.87,15.39,2,"l보증금 월세 조절 가능 쓰리룸 , 아일랜드 식탁l",https://www.zigbang.com/home/apt/items/49485372
2026-07-03 07:19:35,빌라투룸,49466802,월세,05,대전시 서구 관저동,서구,관저동,1000,120,0,41.77,12.64,4,"O보증금월세조절O 신축쓰리룸, 단독테라스 O 주차완비",https://www.zigbang.com/home/apt/items/49466802
2026-07-03 07:19:35,빌라투룸,49399201,월세,05,대전시 서구 관저동,서구,관저동,2000,125,0,80,24.2,3,Oo럭셔리복층쓰리룸v반려동물가능v보증금조절가능oO,https://www.zigbang.com/home/apt/items/49399201
2026-07-03 07:19:35,빌라투룸,49326706,월세,04,대전시 서구 관저동,서구,관저동,3000,70,0,29.82,9.02,3,Oo반려동물가능v붙박이v중문v신축급풀옵션투룸v엘베oO,https://www.zigbang.com/home/apt/items/49326706
2026-07-03 07:19:35,빌라투룸,49326626,월세,04,대전시 서구 관저동,서구,관저동,2000,70,0,29.89,9.04,3,Oo반려동물가능v중문v붙박이v보증금조절가능v엘베oO,https://www.zigbang.com/home/apt/items/49326626
2026-07-03 07:19:36,빌라투룸,49584465,월세,04,대전시 유성구 계산동,유성구,계산동,3000,60,0,54.6,16.52,3,공원근처 조용한주택가 가성비신축,https://www.zigbang.com/home/apt/items/49584465
2026-07-03 07:19:36,빌라투룸,49584233,월세,05,대전시 유성구 학하동,유성구,학하동,4000,100,0,72.1,21.81,3,시스템에어컨2대 이쁜신축 시스템행거,https://www.zigbang.com/home/apt/items/49584233
2026-07-03 07:19:36,빌라투룸,49583249,월세,05,대전시 유성구 학하동,유성구,학하동,3000,105,0,72.1,21.81,3,시스템에어컨2대 이쁜신축 시스템행거,https://www.zigbang.com/home/apt/items/49583249
2026-07-03 07:19:36,빌라투룸,49583204,월세,04,대전시 유성구 계산동,유성구,계산동,3000,60,0,54.6,16.52,3,공원근처 조용한주택가 가성비신축,https://www.zigbang.com/home/apt/items/49583204
2026-07-03 07:19:36,빌라투룸,49582679,월세,04,대전시 유성구 계산동,유성구,계산동,1000,70,0,45,13.61,2,ㅣ극 가성비 0 거대한 투룸 0 올 화이트톤 0 ㅣ,https://www.zigbang.com/home/apt/items/49582679
2026-07-03 07:19:36,빌라투룸,49561635,월세,04,대전시 유성구 학하동,유성구,학하동,3000,70,0,62,18.75,3,신축 중문 울트라거실 ㄱ주방 ꕥ투룸ꕥ 대전 전지역 매물보유,https://www.zigbang.com/home/apt/items/49561635
2026-07-03 07:19:36,빌라투룸,49554402,월세,04,대전시 유성구 계산동,유성구,계산동,3000,45,0,45,13.61,4,S 풀옵션투룸 S 최저가임대 깔끔컨디션 개방감굿 위치최상,https://www.zigbang.com/home/apt/items/49554402
2026-07-03 07:19:36,빌라투룸,49576666,월세,05,대전시 서구 복수동,서구,복수동,1000,100,0,95.7,28.95,4,II보증금 월세조절II 극 가성비 채광맛집 애견가능쓰리룸O,https://www.zigbang.com/home/apt/items/49576666
2026-07-03 07:19:36,빌라투룸,49574300,월세,05,대전시 서구 복수동,서구,복수동,2000,65,0,95,28.74,2,갓성비 리모델링 인프라 굿 ꕥ쓰리룸ꕥ 대전 전지역 매물보유,https://www.zigbang.com/home/apt/items/49574300
2026-07-03 07:19:36,빌라투룸,49567157,월세,05,대전시 서구 복수동,서구,복수동,8000,50,0,112.4,34.0,4,주인세대 쓰리룸. 밝고 환한 방. 조용한주택가위치. 주차편,https://www.zigbang.com/home/apt/items/49567157
2026-07-03 07:19:36,빌라투룸,49515512,월세,04,대전시 서구 복수동,서구,복수동,1000,75,0,59.5,18.0,3,o친구o천변뷰.햇살좋은 남서향대형투룸.APT구조.엘리베이터,https://www.zigbang.com/home/apt/items/49515512
2026-07-03 07:19:36,빌라투룸,49445235,월세,04,대전시 서구 복수동,서구,복수동,300,46,0,51,15.43,2,MM풀옵션거실큰투룸출입구ㄱ억자구조넓은베란다있는완전풀옵션투룸,https://www.zigbang.com/home/apt/items/49445235
2026-07-03 07:19:36,빌라투룸,49440003,월세,04,대전시 서구 복수동,서구,복수동,1000,52,0,52.89,16.0,3,.넓은 투룸.조용한 주택가. 채광좋음. 주차편리,https://www.zigbang.com/home/apt/items/49440003
2026-07-03 07:19:36,빌라투룸,49403243,월세,05,대전시 중구 사정동,중구,사정동,3000,100,0,83.57,25.28,3,신축급 엘베 설치,https://www.zigbang.com/home/apt/items/49403243
2026-07-03 07:19:36,빌라투룸,49375085,월세,04,대전시 서구 복수동,서구,복수동,500,40,0,62,18.75,2,복수동 리모델링 최저가  ꕥ투룸ꕥ 대전 전지역 매물보유,https://www.zigbang.com/home/apt/items/49375085
2026-07-03 07:19:36,빌라투룸,49369472,월세,04,대전시 서구 복수동,서구,복수동,300,46,0,49.59,15.0,2,"저렴한 풀옵션 투룸 .  남동향,  집상태 양호함.",https://www.zigbang.com/home/apt/items/49369472
2026-07-03 07:19:36,빌라투룸,49369455,월세,05,대전시 서구 복수동,서구,복수동,2000,75,0,65,19.66,3,쓰리룸. 밝고 환한집.  현공실로 즉시입주가능.  주차편리,https://www.zigbang.com/home/apt/items/49369455
2026-07-03 07:19:36,빌라투룸,49297213,월세,05,대전시 서구 복수동,서구,복수동,6000,70,0,75,22.69,4,"초,중 도보5분거리 위치.  아파트형 주인세대. 남향.",https://www.zigbang.com/home/apt/items/49297213
2026-07-03 07:19:36,빌라투룸,49297188,월세,04,대전시 서구 복수동,서구,복수동,4000,55,0,49.59,15.0,3,엘리베이터있는 투룸. 신축. 옵션최상. 주차편리.,https://www.zigbang.com/home/apt/items/49297188
2026-07-03 07:19:36,빌라투룸,49260167,전세,05,대전시 서구 복수동,서구,복수동,11500,0,0,91.5,27.68,4,"주인세대.  방3, 욕실3개로 구성.  초,중,고 도보가능",https://www.zigbang.com/home/apt/items/49260167
2026-07-03 07:19:36,빌라투룸,49231130,월세,05,대전시 서구 복수동,서구,복수동,5000,80,0,72.73,22.0,4,엘리베이터 있는 쓰리룸. 남향. 밝고 환한집. 6월말입주,https://www.zigbang.com/home/apt/items/49231130
2026-07-03 07:19:36,빌라투룸,49584002,월세,04,대전시 유성구 구암동,유성구,구암동,1000,70,0,48.12,14.56,2,공원근처 주변맛집인프라 조용한주택가,https://www.zigbang.com/home/apt/items/49584002
2026-07-03 07:19:36,빌라투룸,49583988,월세,04,대전시 유성구 구암동,유성구,구암동,1000,70,0,48.12,14.56,2,공원근처 주변맛집인프라 조용한주택가,https://www.zigbang.com/home/apt/items/49583988
2026-07-03 07:19:36,빌라투룸,49577995,월세,05,대전시 유성구 덕명동,유성구,덕명동,2000,90,0,75.32,22.78,3,신축 3룸 l 깔끔하고 조용한 동네 l 인테리어 주차 굿,https://www.zigbang.com/home/apt/items/49577995
2026-07-03 07:19:36,빌라투룸,49563749,월세,04,대전시 유성구 덕명동,유성구,덕명동,600,60,0,50,15.12,3,S덕명네거리S 솔숲공원 인근 깔끔 투룸 채광좋아요,https://www.zigbang.com/home/apt/items/49563749
2026-07-03 07:19:36,빌라투룸,49555120,월세,04,대전시 유성구 덕명동,유성구,덕명동,3000,40,0,50,15.12,3,S 네오미아 S 특대형투룸 대형거실 특가임대 주차완비,https://www.zigbang.com/home/apt/items/49555120
2026-07-03 07:19:36,빌라투룸,49553230,월세,05,대전시 유성구 지족동,유성구,지족동,3000,75,0,74,22.38,3,ꯊ 한적한 숲뷰. 깔끔한 쓰리룸. 지족동.,https://www.zigbang.com/home/apt/items/49553230
2026-07-03 07:19:37,빌라투룸,49535960,월세,04,대전시 동구 낭월동,동구,낭월동,1000,55,0,52.9,16.0,2,ㅡㅡ 세탁기옵션 ㅡㅡ 남대전IC 직장인선호위치 인기매물,https://www.zigbang.com/home/apt/items/49535960
2026-07-03 07:19:37,빌라투룸,49476132,월세,04,대전시 동구 낭월동,동구,낭월동,500,60,0,56.19,17.0,2,㉿㉿초깔끔.특가㉿㉿ 엘베 1000가능 대박추천 대형완벽구조,https://www.zigbang.com/home/apt/items/49476132
2026-07-03 07:19:37,빌라투룸,49471145,월세,04,대전시 동구 낭월동,동구,낭월동,500,60,0,52.9,16.0,2,ㅡㅡ 낭월동No.1 ㅡㅡ 엘베 남대전IC 컨디션최상,https://www.zigbang.com/home/apt/items/49471145
2026-07-03 07:19:37,빌라투룸,49441533,월세,04,대전시 동구 낭월동,동구,낭월동,1000,55,0,56.19,17.0,2,㉿㉿옵션있는㉿㉿ 밝은거실 완벽구조 세탁기 완벽분리 주차편리,https://www.zigbang.com/home/apt/items/49441533
2026-07-03 07:19:38,빌라투룸,49477937,월세,04,세종시 금남면 용포리,,금남면,300,60,0,46.28,14.0,2,O골드공인중개사사무소 8월중 입주가능한 풀옵션 투룸입니다.,https://www.zigbang.com/home/apt/items/49477937
2026-07-03 07:19:36,빌라투룸,49328147,월세,04,대전시 서구 갈마동,서구,갈마동,300,45,0,52.89,16.0,3,Monster.화이트매물.풀옵션.둔산동5분.교통및생활편리,https://www.zigbang.com/home/apt/items/49328147
2026-07-03 07:19:36,빌라투룸,49324126,월세,04,대전시 서구 갈마동,서구,갈마동,1000,60,0,68,20.57,2,"A급.초초초대형 거실큰투룸,1층대형주차장,채광좋은방,베란다",https://www.zigbang.com/home/apt/items/49324126
2026-07-03 07:19:36,빌라투룸,49310171,월세,04,대전시 서구 월평동,서구,월평동,1000,45,0,50,15.12,2,o친구o올리모델링완료.채광좋은남향.풀옵션투룸.큰방.큰화장싳,https://www.zigbang.com/home/apt/items/49310171
2026-07-03 07:19:36,빌라투룸,49304290,월세,04,대전시 서구 월평동,서구,월평동,2000,65,0,53,16.03,2,FULL리모델링 I 풀옵션 I 갑천역바로앞,https://www.zigbang.com/home/apt/items/49304290
2026-07-03 07:19:36,빌라투룸,49299442,월세,04,대전시 서구 갈마동,서구,갈마동,500,65,0,70,21.17,3,lll 위치최상0 주차장0 보증금 월세 조절0 투룸 lll,https://www.zigbang.com/home/apt/items/49299442
2026-07-03 07:19:36,빌라투룸,49266136,월세,04,대전시 서구 갈마동,서구,갈마동,300,60,0,46.6,14.1,2,가성비 좋은 풀옵션 갈마동 투룸 ㅇㅅㅇ,https://www.zigbang.com/home/apt/items/49266136
2026-07-03 07:19:36,빌라투룸,49266101,월세,04,대전시 서구 갈마동,서구,갈마동,1000,60,0,52.89,16.0,3,뽀샵x 최고의 컨디션 풀옵션 깔끔하고 주변 환경 조용,https://www.zigbang.com/home/apt/items/49266101
2026-07-03 07:19:36,빌라투룸,49258698,월세,04,대전시 서구 갈마동,서구,갈마동,500,50,0,66.12,20.0,2,"리모델링투룸,최상급물건주방분리형,화이트톤완벽깔끔투룸",https://www.zigbang.com/home/apt/items/49258698
2026-07-03 07:19:36,빌라투룸,49245053,월세,04,대전시 서구 갈마동,서구,갈마동,500,65,0,53,16.03,1,FULL리모델링 I 풀옵션 I 조용한동네 I 둔산동도보가능,https://www.zigbang.com/home/apt/items/49245053
2026-07-03 07:19:36,빌라투룸,49244008,월세,04,대전시 서구 월평동,서구,월평동,2000,65,0,45,13.61,2,o친구o신축 예쁜풀옵션투룸.큰방.통베란다.서향.1층주차가능,https://www.zigbang.com/home/apt/items/49244008
2026-07-03 07:19:36,빌라투룸,49196571,월세,04,대전시 서구 갈마동,서구,갈마동,500,55,0,50,15.12,3,갈마역도보10분ㅣ리모델링 인프라최강 2룸ㅣ반옵션ㅣ도배완료,https://www.zigbang.com/home/apt/items/49196571
2026-07-03 07:19:36,빌라투룸,49187565,월세,04,대전시 서구 월평동,서구,월평동,3000,60,0,62,18.75,3,•ꔛ리모델링ꔛ풀옵션ꔛ아늑한방ꔛ깔끔관리ꔛ•,https://www.zigbang.com/home/apt/items/49187565
2026-07-03 07:19:36,빌라투룸,49175419,월세,04,대전시 서구 월평동,서구,월평동,1000,70,0,57,17.24,1,o친구o신축 귀한투룸.큰거실.큰방.큰씽크대.통베란.1층주차,https://www.zigbang.com/home/apt/items/49175419
2026-07-03 07:19:36,빌라투룸,49145991,월세,04,대전시 서구 갈마동,서구,갈마동,300,60,0,62.8,19.0,3,Monster.신축급매물.큰방2개.넓은거실.1층주차장,https://www.zigbang.com/home/apt/items/49145991
2026-07-03 07:19:36,빌라투룸,49144991,월세,04,대전시 서구 갈마동,서구,갈마동,500,50,0,39.67,12.0,2,"풀리모델링 풀옵션,투룸,커텐까지 완벽,필요한옵션가능",https://www.zigbang.com/home/apt/items/49144991
2026-07-03 07:19:39,빌라투룸,49267416,월세,05,대전시 유성구 전민동,유성구,전민동,2000,100,0,79.02,23.9,3,"O 미친감성 단독옥상 신축 쓰리룸, 올 리모델링 채광맛집O",https://www.zigbang.com/home/apt/items/49267416
2026-07-03 07:19:39,빌라투룸,49565411,월세,04,대전시 유성구 봉산동,유성구,봉산동,500,45,0,58,17.54,1,"봉산동 주택가, 1층 투룸, 한국가스기술공사옆",https://www.zigbang.com/home/apt/items/49565411
2026-07-03 07:19:39,빌라투룸,49564677,월세,04,대전시 유성구 송강동,유성구,송강동,1000,70,0,75.9,22.96,3,ㅡ한솔랜드 추천ㅡ첫입주하는 대형사이즈의 투룸,https://www.zigbang.com/home/apt/items/49564677
2026-07-03 07:19:39,빌라투룸,49563208,월세,04,대전시 유성구 봉산동,유성구,봉산동,300,35,0,43,13.01,2,"2층 단독주택, 2층에 있는 투룸",https://www.zigbang.com/home/apt/items/49563208
2026-07-03 07:19:39,빌라투룸,49563086,월세,05,대전시 유성구 봉산동,유성구,봉산동,2000,50,0,84,25.41,3,"봉산동 주인세대 쓰리룸, 가성비 좋아요",https://www.zigbang.com/home/apt/items/49563086
2026-07-03 07:19:39,빌라투룸,49543039,월세,04,대전시 유성구 구룡동,유성구,구룡동,1000,70,0,56.3,17.03,2,ㅡ한솔랜드 추천ㅡ거실넓은 신축투룸,https://www.zigbang.com/home/apt/items/49543039
2026-07-03 07:19:39,빌라투룸,49543022,월세,04,대전시 유성구 봉산동,유성구,봉산동,500,45,0,47,14.22,3,ㅡ한솔랜드 추천ㅡ리모델링 풀옵션 투룸,https://www.zigbang.com/home/apt/items/49543022
2026-07-03 07:19:39,빌라투룸,49580102,월세,04,대전시 대덕구 석봉동,대덕구,석봉동,1000,60,0,58,17.54,2,"초대형사이즈, 주차편리, 풀옵션 투룸, 석봉시장부근",https://www.zigbang.com/home/apt/items/49580102
2026-07-03 07:19:39,빌라투룸,49563974,월세,04,대전시 대덕구 석봉동,대덕구,석봉동,300,50,0,55,16.64,3,"석봉동 시장인접 투룸, 최상가성비 투룸 채광좋음",https://www.zigbang.com/home/apt/items/49563974
2026-07-03 07:19:39,빌라투룸,49563777,월세,04,대전시 대덕구 신탄진동,대덕구,신탄진동,200,37,0,43,13.01,2,신탄진동 석봉초옆 주택가 가성비 최상 투룸,https://www.zigbang.com/home/apt/items/49563777
2026-07-03 07:19:39,빌라투룸,49563369,월세,04,대전시 대덕구 덕암동,대덕구,덕암동,1000,55,0,49,14.82,3,"덕암동 정남향, 최상가성비 준신축 투룸",https://www.zigbang.com/home/apt/items/49563369
2026-07-03 07:19:39,빌라투룸,49562461,월세,04,대전시 대덕구 목상동,대덕구,목상동,500,45,0,48,14.52,2,"목상동 투룸, 가성비 좋고 깔끔합니다.",https://www.zigbang.com/home/apt/items/49562461
2026-07-03 07:19:39,빌라투룸,49542024,월세,04,대전시 대덕구 덕암동,대덕구,덕암동,2000,55,0,55,16.64,3,"덕암동 최상급 투룸, 덕암동 농협뒤편",https://www.zigbang.com/home/apt/items/49542024
2026-07-03 07:19:38,빌라투룸,49584123,월세,04,대전시 유성구 신성동,유성구,신성동,1000,50,0,49.58,15.0,2,금성 애경연 대림연 정문 앞 15평 채광 좋은 넓은 투룸,https://www.zigbang.com/home/apt/items/49584123
2026-07-03 07:19:38,빌라투룸,49583497,월세,04,대전시 유성구 신성동,유성구,신성동,500,45,0,49.58,15.0,2,금성 넓고 관리 잘 된 활용도 좋은 저렴한 투룸,https://www.zigbang.com/home/apt/items/49583497
2026-07-03 07:19:38,빌라투룸,49571938,월세,04,대전시 유성구 신성동,유성구,신성동,10000,40,0,82.64,25.0,3,애경대림화학연앞 도로안접 전망 좋은 쓰리룸같은 투룸주인세대,https://www.zigbang.com/home/apt/items/49571938
2026-07-03 07:19:38,빌라투룸,49557446,월세,04,대전시 유성구 신성동,유성구,신성동,500,45,0,39.67,12.0,3,S 금성초 S 풀옵션투룸 최저가 위치최상 침대까지,https://www.zigbang.com/home/apt/items/49557446
2026-07-03 07:19:38,빌라투룸,49488491,월세,04,대전시 유성구 신성동,유성구,신성동,500,50,0,50,15.12,2,세종 연구소 충남대 출퇴근이 편리한 투룸,https://www.zigbang.com/home/apt/items/49488491
2026-07-03 07:19:38,빌라투룸,49488486,월세,04,대전시 유성구 신성동,유성구,신성동,500,46,0,49.5,14.97,2,세종 연구단지  충남대 출퇴근이 편리한 아늑한 투룸,https://www.zigbang.com/home/apt/items/49488486
2026-07-03 07:19:38,빌라투룸,49427110,월세,05,대전시 유성구 반석동,유성구,반석동,4000,80,0,47,14.22,3,반석역 인근 방4칸,https://www.zigbang.com/home/apt/items/49427110
2026-07-03 07:19:38,빌라투룸,49416553,월세,05,대전시 유성구 반석동,유성구,반석동,3000,80,0,44,13.31,3,채광좋은 넎은 쓰리룸,https://www.zigbang.com/home/apt/items/49416553
2026-07-03 07:19:38,빌라투룸,49337289,월세,04,대전시 유성구 신성동,유성구,신성동,1000,40,0,53,16.03,5,금성 18평 넓고 큰 투룸 올리모델링 된 투룸,https://www.zigbang.com/home/apt/items/49337289
2026-07-03 07:19:38,빌라투룸,49277029,월세,05,대전시 유성구 신성동,유성구,신성동,3000,80,0,90,27.22,4,II보증금 월세 조절II 올 화이트톤 극가성비 신축 채광O,https://www.zigbang.com/home/apt/items/49277029
2026-07-03 07:19:38,빌라투룸,49273052,월세,04,대전시 유성구 신성동,유성구,신성동,2000,60,0,53,16.03,4,"금성 올리모델링 첫입주,신축급 컨디션, 풀옵션완비 투룸",https://www.zigbang.com/home/apt/items/49273052
2026-07-03 07:19:38,빌라투룸,49259944,월세,04,대전시 유성구 반석동,유성구,반석동,1000,40,0,49.59,15.0,4,가성비 최강저렴한 투룸,https://www.zigbang.com/home/apt/items/49259944
2026-07-03 07:19:38,빌라투룸,49233754,월세,04,대전시 유성구 반석동,유성구,반석동,1000,50,0,49.59,15.0,2,가성비 좋은 일반형 투룸,https://www.zigbang.com/home/apt/items/49233754
2026-07-03 07:19:38,빌라투룸,49233380,월세,04,대전시 유성구 반석동,유성구,반석동,2000,40,0,39.67,12.0,2,투룸 풀옵션 반석역 근처,https://www.zigbang.com/home/apt/items/49233380
2026-07-03 07:19:39,빌라투룸,49526647,월세,04,세종시 연서면 봉암리,,연서면,500,55,0,46.28,14.0,4,ㅁ 엄지척 층고높은 투룸 ㅁ,https://www.zigbang.com/home/apt/items/49526647
2026-07-03 07:19:39,빌라투룸,49522161,월세,04,세종시 연기면 보통리,,연기면,200,50,0,45,13.61,2,ㅁ 엄지척 추 천 엘베투룸 ㅁ세종초근접 주차굿 ㅁ,https://www.zigbang.com/home/apt/items/49522161
2026-07-03 07:19:39,빌라투룸,49522107,월세,04,세종시 연기면 연기리,,연기면,200,58,0,49,14.82,3,ㅁ 엄지척 투룸 도배.수납장올수리  부강.세종근접 ㅁ,https://www.zigbang.com/home/apt/items/49522107
2026-07-03 07:19:39,빌라투룸,49462401,월세,05,세종시 연기면 연기리,,연기면,500,77,0,53,16.03,4,ㅁ 엄지척 주인세대3룸 화장실2개 ㅁ,https://www.zigbang.com/home/apt/items/49462401
2026-07-03 07:19:39,빌라투룸,49415937,전세,04,세종시 연기면 보통리,,연기면,6000,0,0,46.28,14.0,2,ㅁ 엄지척 엘베 투룸 ㅁ 깔끔 구조 o 세종근접 ㅁ,https://www.zigbang.com/home/apt/items/49415937
2026-07-03 07:19:40,빌라투룸,49438649,월세,04,세종시 부강면 부강리,,부강면,500,60,0,59.4,17.97,5,대박 리모델링 단기가능 에어컨 2대,https://www.zigbang.com/home/apt/items/49438649
2026-07-03 07:19:40,빌라투룸,49425152,월세,04,세종시 부강면 부강리,,부강면,500,65,0,56.2,17.0,3,지원 l2룸l깨끗한집l풀옵션l편의점바로앞,https://www.zigbang.com/home/apt/items/49425152
2026-07-03 07:19:40,빌라투룸,49425125,월세,04,세종시 부강면 부강리,,부강면,500,65,0,59.5,18.0,4,l지원l풀옵션l2in1에어컨l엘베l즉시입주,https://www.zigbang.com/home/apt/items/49425125
2026-07-03 07:19:40,빌라투룸,49422299,월세,04,세종시 부강면 부강리,,부강면,500,75,0,60,18.15,2,지원l리모델링2룸l신제품가전l보증금조절가능,https://www.zigbang.com/home/apt/items/49422299
2026-07-03 07:19:40,빌라투룸,49421568,월세,04,세종시 부강면 부강리,,부강면,200,70,0,59.5,18.0,3,"지원l2룸l1,2,3개월가능l즉시입주l신축풀옵션",https://www.zigbang.com/home/apt/items/49421568
2026-07-03 07:19:40,빌라투룸,49388982,월세,04,세종시 부강면 부강리,,부강면,500,65,0,49.59,15.0,2,대박 신축 2룸,https://www.zigbang.com/home/apt/items/49388982
2026-07-03 07:19:40,빌라투룸,49332471,전세,04,세종시 부강면 부강리,,부강면,6500,0,0,55,16.64,3,지원l깨끗한2룸전세l위치최상l부강역인근,https://www.zigbang.com/home/apt/items/49332471
2026-07-03 07:19:39,빌라투룸,49565325,월세,04,대전시 유성구 관평동,유성구,관평동,2000,35,0,50,15.12,2,관평동 중심가 가성비 좋은 투룸,https://www.zigbang.com/home/apt/items/49565325
2026-07-03 07:19:44,빌라투룸,49559559,월세,04,경상남도 진주시 평거동,진주시,평거동,2000,51,0,55,16.64,2,㉧ㅡ서빈No.1구해줘홈즈ㅡ㉧추천BEST꿀방,https://www.zigbang.com/home/apt/items/49559559
2026-07-03 07:19:44,빌라투룸,49559082,월세,04,경상남도 진주시 평거동,진주시,평거동,1000,57,0,55,16.64,2,㉧ㅡ서빈No.1구해줘홈즈ㅡ㉧추천BEST꿀방,https://www.zigbang.com/home/apt/items/49559082
2026-07-03 07:19:44,빌라투룸,49559051,월세,04,경상남도 진주시 평거동,진주시,평거동,1000,41,0,60,18.15,2,㉧ㅡ서빈No.1구해줘홈즈ㅡ㉧추천BEST꿀방,https://www.zigbang.com/home/apt/items/49559051
2026-07-03 07:19:44,빌라투룸,49545399,월세,04,경상남도 진주시 평거동,진주시,평거동,1000,48,0,50,15.12,2,평거동 엘리베이터 O 거실 넓은 근저당X 안전한 집,https://www.zigbang.com/home/apt/items/49545399
2026-07-03 07:19:45,빌라투룸,49559306,월세,04,경상남도 진주시 초전동,진주시,초전동,2000,51,0,55,16.64,3,㉧ㅡ서빈No.1구해줘홈즈ㅡ㉧추천BEST꿀방,https://www.zigbang.com/home/apt/items/49559306
2026-07-03 07:19:45,빌라투룸,49559206,월세,04,경상남도 진주시 초전동,진주시,초전동,2000,51,0,55,16.64,2,㉧ㅡ서빈No.1구해줘홈즈ㅡ㉧추천BEST꿀방,https://www.zigbang.com/home/apt/items/49559206
2026-07-03 07:19:45,빌라투룸,49559222,월세,04,경상남도 진주시 봉래동,진주시,봉래동,500,33,0,55,16.64,2,㉧ㅡ서빈No.1구해줘홈즈ㅡ㉧추천BEST꿀방,https://www.zigbang.com/home/apt/items/49559222
2026-07-03 07:19:45,빌라투룸,49545284,월세,04,경상남도 진주시 상봉동,진주시,상봉동,2500,30,0,59.5,18.0,1,상봉동 애완동물 가능하고 깔끔한 리모델링 단독주택 투룸,https://www.zigbang.com/home/apt/items/49545284
2026-07-03 07:19:49,빌라투룸,49579058,월세,04,경상남도 창원시 마산회원구 양덕동,창원시 마산회원구,양덕동,300,37,0,39.57,11.97,3,양덕동 고속버스터미널인근 방2 풀옵션,https://www.zigbang.com/home/apt/items/49579058
2026-07-03 07:19:49,빌라투룸,49537975,월세,04,경상남도 창원시 마산회원구 양덕동,창원시 마산회원구,양덕동,1000,60,0,55,16.64,3,양덕초 맞은편 거실넓은 투룸,https://www.zigbang.com/home/apt/items/49537975
2026-07-03 07:19:49,빌라투룸,49512712,월세,05,경상남도 창원시 마산회원구 합성동,창원시 마산회원구,합성동,8000,20,0,60.23,18.22,2,합성동 시외버스터미널인근 방2 복층1  LH가능,https://www.zigbang.com/home/apt/items/49512712
2026-07-03 07:19:49,빌라투룸,49510433,월세,05,경상남도 창원시 마산회원구 양덕동,창원시 마산회원구,양덕동,5000,20,0,44.2,13.37,1,양덕동 중앙시장인근 방3 올전세  lh가능,https://www.zigbang.com/home/apt/items/49510433
2026-07-03 07:19:49,빌라투룸,49483786,월세,04,경상남도 창원시 마산회원구 봉암동,창원시 마산회원구,봉암동,500,35,0,37.26,11.27,2,수출자유지역인근 올리모델링된 2층주택 풀옵션 투룸,https://www.zigbang.com/home/apt/items/49483786
2026-07-03 07:19:49,빌라투룸,49450958,매매,04,경상남도 창원시 마산회원구 양덕동,창원시 마산회원구,양덕동,9000,0,9000,56.63,17.13,3,양덕동 홈플 인근  올리모델링 방2,https://www.zigbang.com/home/apt/items/49450958
2026-07-03 07:19:49,빌라투룸,49356672,월세,04,경상남도 창원시 마산회원구 양덕동,창원시 마산회원구,양덕동,1000,43,0,30.12,9.11,2,양덕초등학교인근 깔끔한 투룸,https://www.zigbang.com/home/apt/items/49356672
2026-07-03 07:19:49,빌라투룸,49356671,월세,04,경상남도 창원시 마산회원구 양덕동,창원시 마산회원구,양덕동,2000,60,0,58.94,17.83,3,양덕동 새마을금고 인근 넓은 거실있는 투룸,https://www.zigbang.com/home/apt/items/49356671
2026-07-03 07:19:49,빌라투룸,49333769,월세,04,경상남도 창원시 마산회원구 양덕동,창원시 마산회원구,양덕동,1000,30,0,52.99,16.03,4,양덕동  고속버스터미널인근 방2거실 남향,https://www.zigbang.com/home/apt/items/49333769
2026-07-03 07:19:49,빌라투룸,49277159,월세,04,경상남도 창원시 마산회원구 양덕동,창원시 마산회원구,양덕동,5000,40,0,39.57,11.97,3,양덕동 중앙시장인근 방2  거실 대출가능,https://www.zigbang.com/home/apt/items/49277159
2026-07-03 07:19:49,빌라투룸,49578144,월세,05,경상남도 창원시 진해구 여좌동,창원시 진해구,여좌동,1000,61,0,66.12,20.0,3,"전진  빨래건조기 비치  군부대 인근, 풀옵션, 쓰리룸",https://www.zigbang.com/home/apt/items/49578144
2026-07-03 07:19:49,빌라투룸,49585872,전세,04,경상남도 창원시 성산구 반지동,창원시 성산구,반지동,8000,0,0,47,14.22,2,ㅁHAPPYㅁ 반지동 올전세 깔끔한 투룸,https://www.zigbang.com/home/apt/items/49585872
2026-07-03 07:19:49,빌라투룸,49584795,월세,04,경상남도 창원시 성산구 반지동,창원시 성산구,반지동,5000,65,0,50,15.12,2,ㅁHAPPYㅁ 반지동 준신축 풀옵션 투룸,https://www.zigbang.com/home/apt/items/49584795
2026-07-03 07:19:49,빌라투룸,49581125,월세,04,경상남도 창원시 의창구 명서동,창원시 의창구,명서동,1000,70,0,54.59,16.51,2,이쁜 복층  투룸 신축   즉시입주   보시면 만족하실겁니,https://www.zigbang.com/home/apt/items/49581125
2026-07-03 07:19:49,빌라투룸,49552680,월세,05,경상남도 창원시 성산구 반지동,창원시 성산구,반지동,2000,60,0,67,20.27,1,ㅁHAPPYㅁ 봉곡동 주인채 쓰리룸,https://www.zigbang.com/home/apt/items/49552680
2026-07-03 07:19:49,빌라투룸,49552660,월세,04,경상남도 창원시 성산구 반지동,창원시 성산구,반지동,1000,40,0,50,15.12,2,ㅁHAPPYㅁ 반지동 투룸 도배장판 재시공예정,https://www.zigbang.com/home/apt/items/49552660
2026-07-03 07:19:49,빌라투룸,49545191,월세,04,경상남도 창원시 성산구 반지동,창원시 성산구,반지동,1000,40,0,61,18.45,2,ㅁHAPPYㅁ 반지동 베란다 있고 넓은 구조 투룸,https://www.zigbang.com/home/apt/items/49545191
2026-07-03 07:19:49,빌라투룸,49542160,월세,04,경상남도 창원시 성산구 반지동,창원시 성산구,반지동,1500,60,0,66.11,20.0,2,ㅡBESTㅡ 반지동 신축급 에어컨2대 ll 남서향 깔끔투룸,https://www.zigbang.com/home/apt/items/49542160
2026-07-03 07:19:49,빌라투룸,49542138,월세,04,경상남도 창원시 성산구 반지동,창원시 성산구,반지동,1000,55,0,59.5,18.0,2,"ㅡBESTㅡ 반지동 풀옵션 투룸 ll 붙박이장, 에어컨2대",https://www.zigbang.com/home/apt/items/49542138
2026-07-03 07:19:50,빌라투룸,49550286,월세,04,경상남도 창원시 의창구 서상동,창원시 의창구,서상동,1000,60,0,50,15.12,2,ㅁHAPPYㅁ 서상동 엘베O 풀옵션 준신축 투룸,https://www.zigbang.com/home/apt/items/49550286
2026-07-03 07:19:50,빌라투룸,49548768,월세,04,경상남도 창원시 의창구 서상동,창원시 의창구,서상동,1000,62,0,43,13.01,2,ㅁHAPPYㅁ 서상동 풀옵션 투룸,https://www.zigbang.com/home/apt/items/49548768
2026-07-03 07:19:50,빌라투룸,49548616,월세,04,경상남도 창원시 의창구 서상동,창원시 의창구,서상동,500,50,0,30,9.07,3,ㅁHAPPYㅁ 서상동 풀옵션 미니투룸,https://www.zigbang.com/home/apt/items/49548616
2026-07-03 07:19:50,빌라투룸,49542112,월세,04,경상남도 창원시 의창구 서상동,창원시 의창구,서상동,1000,60,0,59.5,18.0,2,ㅡBESTㅡ 어반브릭스인근 ll 거실있는 풀옵션 투룸 ll,https://www.zigbang.com/home/apt/items/49542112
2026-07-03 07:19:50,빌라투룸,49450959,월세,04,경상남도 창원시 마산회원구 구암동,창원시 마산회원구,구암동,1000,30,0,44.3,13.4,2,구암동 구암고등학교인근  방2  독채,https://www.zigbang.com/home/apt/items/49450959
2026-07-03 07:19:50,빌라투룸,49319825,월세,04,경상남도 창원시 마산회원구 구암동,창원시 마산회원구,구암동,300,21,0,39.57,11.97,1,구암동 저렴한 월세 방2  가성비 최고,https://www.zigbang.com/home/apt/items/49319825
2026-07-03 07:19:58,빌라투룸,49542488,월세,04,대구시 달성군 다사읍 죽곡리,달성군,다사읍,500,40,0,58.12,17.58,2,내부리모델링된 거실큰 정투룸입니다,https://www.zigbang.com/home/apt/items/49542488
2026-07-03 07:19:58,빌라투룸,49510265,월세,04,대구시 달서구 신당동,달서구,신당동,300,40,0,45.98,13.91,3,정투룸 풀옵션 채광굿 방음굿 단열굿 내부깨끗,https://www.zigbang.com/home/apt/items/49510265
2026-07-03 07:19:58,빌라투룸,49496139,월세,04,대구시 달서구 신당동,달서구,신당동,300,40,0,46.3,14.01,2,계명대앞저렴한투룸v깔끔하고 위치좋아요,https://www.zigbang.com/home/apt/items/49496139
2026-07-03 07:19:58,빌라투룸,49366387,월세,04,대구시 달서구 호산동,달서구,호산동,2500,45,0,43.01,13.01,6,"방 2, 거실S급꒵ 최다매물보유꒰ㆆꇴㆆ꒱丿",https://www.zigbang.com/home/apt/items/49366387
2026-07-03 07:19:58,빌라투룸,49358810,월세,05,대구시 달서구 신당동,달서구,신당동,500,45,0,46.33,14.01,2,화이트톤내부 풀옵션 올리모델링완료 내부깨끗,https://www.zigbang.com/home/apt/items/49358810
2026-07-03 07:19:58,빌라투룸,49342994,월세,04,대구시 달서구 신당동,달서구,신당동,300,30,0,42.23,12.77,2,리모델링된 정투룸 풀옵션 내부깨끗 방음굿 단열굿,https://www.zigbang.com/home/apt/items/49342994
2026-07-03 07:19:58,빌라투룸,49285013,월세,04,대구시 달서구 신당동,달서구,신당동,1000,40,0,46.3,14.01,1,"2룸,올리모델링신축,풀옵션,학생2명살아도 괜찮아요",https://www.zigbang.com/home/apt/items/49285013
2026-07-03 07:19:58,빌라투룸,49284730,월세,04,대구시 달서구 신당동,달서구,신당동,500,35,0,46.3,14.01,2,신축1.5룸 풀옵션,https://www.zigbang.com/home/apt/items/49284730
2026-07-03 07:19:58,빌라투룸,49232281,월세,04,대구시 달서구 호산동,달서구,호산동,300,40,0,453.26,137.11,3,"방2개,풀옵션,올리모델링,가격아주좋음",https://www.zigbang.com/home/apt/items/49232281
2026-07-03 07:19:58,빌라투룸,49232239,월세,04,대구시 달서구 신당동,달서구,신당동,500,40,0,33.26,10.06,2,"신축 방1나,거실1나 미니투룸",https://www.zigbang.com/home/apt/items/49232239
2026-07-03 07:19:58,빌라투룸,49554320,월세,05,대구시 달서구 상인동,달서구,상인동,300,27,0,52.5,15.88,2,ll 화이트톤 올수리 방2 거실1 쓰리룸 ll 상인동1등집,https://www.zigbang.com/home/apt/items/49554320
2026-07-03 07:19:58,빌라투룸,49553159,월세,04,대구시 달서구 상인동,달서구,상인동,500,38,0,51.5,15.58,2,가성비좋은 방2개 주방겸거실 욕실 베란다,https://www.zigbang.com/home/apt/items/49553159
2026-07-03 07:19:58,빌라투룸,49553072,월세,05,대구시 달서구 상인동,달서구,상인동,1000,40,0,68.14,20.61,2,올리모델링된 방3개 주방별도 거실별도 세탁실 다용도실,https://www.zigbang.com/home/apt/items/49553072
2026-07-03 07:19:58,빌라투룸,49553053,월세,05,대구시 달서구 상인동,달서구,상인동,300,20,0,58,17.54,2,가성비좋은 방3개 주방겸거실 욕실 다용도실,https://www.zigbang.com/home/apt/items/49553053
2026-07-03 07:19:58,빌라투룸,49462910,월세,04,대구시 달서구 상인동,달서구,상인동,200,20,0,42.98,13.0,2,실매물인증 l 상인동 넓은 투룸 l 미친가성비 l 채광맛집,https://www.zigbang.com/home/apt/items/49462910
2026-07-03 07:19:58,빌라투룸,49201053,전세,06,대구시 달서구 상인동,달서구,상인동,10000,0,0,76.16,23.04,1,LH가능 상인동 1층 단독주택 욕실 올수리,https://www.zigbang.com/home/apt/items/49201053
2026-07-03 07:19:59,빌라투룸,49584986,월세,05,경상남도 창원시 진해구 석동,창원시 진해구,석동,5000,33,0,110,33.27,4,황금알l 롯데마트 앞 4층 방3개 주인세대,https://www.zigbang.com/home/apt/items/49584986
2026-07-03 07:19:59,빌라투룸,49583364,월세,05,경상남도 창원시 진해구 경화동,창원시 진해구,경화동,500,50,0,80,24.2,4,황금알l 경화시장 인근 남향 방3개 화장실1개 풀옵션,https://www.zigbang.com/home/apt/items/49583364
2026-07-03 07:19:59,빌라투룸,49574561,월세,05,경상남도 창원시 진해구 석동,창원시 진해구,석동,2000,61,0,116,35.09,4,거방3실넓고 구조좋은 34평 아파트형  주인채,https://www.zigbang.com/home/apt/items/49574561
2026-07-03 07:19:59,빌라투룸,49509663,월세,05,경상남도 창원시 진해구 경화동,창원시 진해구,경화동,1000,65,0,76.03,23.0,4,"전진 방3 화2, 소파 식탁 침대, 풀옵션 , 단기가능",https://www.zigbang.com/home/apt/items/49509663
2026-07-03 07:19:59,빌라투룸,49487856,월세,04,경상남도 창원시 진해구 경화동,창원시 진해구,경화동,3000,40,0,66.12,20.0,2,강남 중부시장인근 많이넓은 신축투룸 방2 큰거실 구조굿남향,https://www.zigbang.com/home/apt/items/49487856
2026-07-03 07:19:59,빌라투룸,49358212,월세,04,경상남도 창원시 진해구 경화동,창원시 진해구,경화동,1000,50,0,60,18.15,2,황금알l 중부시장 인근 2014년식 거실 있는 투룸,https://www.zigbang.com/home/apt/items/49358212
2026-07-03 07:19:59,빌라투룸,49336719,월세,04,경상남도 창원시 진해구 경화동,창원시 진해구,경화동,1000,65,0,60,18.15,3,황금알l경화역 인근 2017년식 엘리베이터O 풀옵션 투룸,https://www.zigbang.com/home/apt/items/49336719
2026-07-03 07:19:59,빌라투룸,49324641,월세,04,경상남도 창원시 진해구 경화동,창원시 진해구,경화동,1000,65,0,60,18.15,3,"전진  경화역 뒤 인근 풀옵션 큰거실 투룸, 엘리베이터",https://www.zigbang.com/home/apt/items/49324641
2026-07-03 07:19:59,빌라투룸,49279295,월세,04,경상남도 창원시 진해구 석동,창원시 진해구,석동,500,45,0,49.8,15.06,2,직빵 위치 좋고 깔끔한 거실 넓은 투룸,https://www.zigbang.com/home/apt/items/49279295
2026-07-03 07:19:59,빌라투룸,49243683,월세,05,경상남도 창원시 진해구 석동,창원시 진해구,석동,2000,60,0,82.64,25.0,4,희망 위치좋은 깔끔한 주인채  방3  화장실2,https://www.zigbang.com/home/apt/items/49243683
2026-07-03 07:19:59,빌라투룸,49242502,월세,04,경상남도 창원시 진해구 석동,창원시 진해구,석동,500,40,0,42.98,13.0,3,전진 진해경찰서 뒤 주차편리 풀옵션 투룸,https://www.zigbang.com/home/apt/items/49242502
2026-07-03 07:19:58,빌라투룸,49565712,월세,04,대구시 수성구 범물동,수성구,범물동,300,30,0,34.2,10.35,2,ㅁ실매물실가격ㅁ신축급 범물동ㅁ올화이트 대형 투룸ㅁ완전 강추,https://www.zigbang.com/home/apt/items/49565712
2026-07-03 07:19:58,빌라투룸,49542638,월세,05,대구시 수성구 범물동,수성구,범물동,500,43,0,57.99,17.54,1,ㅁ반려동물가능ㅁ올리모델링ㅁ신축3룸ㅁ풀옵션ㅁ붙박이장ㅁ침대ㅁ,https://www.zigbang.com/home/apt/items/49542638
2026-07-03 07:20:00,빌라투룸,49581127,월세,04,경상남도 창원시 의창구 사림동,창원시 의창구,사림동,200,34,0,42.98,13.0,2,"이쁘고 아주밝은 완전풀옵션 투룸 아주싼가격 
즉시입주",https://www.zigbang.com/home/apt/items/49581127
2026-07-03 07:20:00,빌라투룸,49576823,월세,05,경상남도 창원시 의창구 사림동,창원시 의창구,사림동,8500,10,0,72.72,22.0,2,ㅡBESTㅡ 사림동 깔끔쓰리룸 ll 전세자금대출 가능 ll,https://www.zigbang.com/home/apt/items/49576823
2026-07-03 07:20:00,빌라투룸,49558061,월세,04,경상남도 창원시 의창구 사림동,창원시 의창구,사림동,500,40,0,40,12.1,2,ㅁHAPPYㅁ 사림동 저렴한 금액 옵션 투룸,https://www.zigbang.com/home/apt/items/49558061
2026-07-03 07:20:00,빌라투룸,49557678,월세,04,경상남도 창원시 의창구 사림동,창원시 의창구,사림동,2000,35,0,50,15.12,2,ㅁHAPPYㅁ 사림동 사림프라자 인근 투룸,https://www.zigbang.com/home/apt/items/49557678
2026-07-03 07:20:00,빌라투룸,49549139,월세,04,경상남도 창원시 의창구 사림동,창원시 의창구,사림동,2000,30,0,57,17.24,2,ㅁHAPPYㅁ 사림동 투룸,https://www.zigbang.com/home/apt/items/49549139
2026-07-03 07:20:00,빌라투룸,49548834,월세,04,경상남도 창원시 의창구 사림동,창원시 의창구,사림동,1000,40,0,53,16.03,2,ㅁHAPPYㅁ 사림동 투룸 남서향,https://www.zigbang.com/home/apt/items/49548834
2026-07-03 07:20:00,빌라투룸,49545915,월세,04,경상남도 창원시 의창구 사림동,창원시 의창구,사림동,1000,60,0,67,20.27,2,ㅁHAPPYㅁ 사림동 깔끔하게 잘 관리 되어있는 투룸,https://www.zigbang.com/home/apt/items/49545915
2026-07-03 07:20:00,빌라투룸,49545851,월세,04,경상남도 창원시 의창구 사림동,창원시 의창구,사림동,500,30,0,41,12.4,1,ㅁHAPPYㅁ 사림동 가성비 컨디션 최고 미니투룸,https://www.zigbang.com/home/apt/items/49545851
2026-07-03 07:20:00,빌라투룸,49545376,월세,04,경상남도 창원시 의창구 봉곡동,창원시 의창구,봉곡동,1000,40,0,50,15.12,2,ㅁHAPPYㅁ 봉곡동 깔끔하고 구조 좋은 거실있는투룸,https://www.zigbang.com/home/apt/items/49545376
2026-07-03 07:20:00,빌라투룸,49582442,월세,05,경상남도 김해시 내덕동,김해시,내덕동,1000,40,0,55,16.64,2,방2개와 거실입니다,https://www.zigbang.com/home/apt/items/49582442
2026-07-03 07:20:00,빌라투룸,49582431,월세,05,경상남도 김해시 내덕동,김해시,내덕동,2000,45,0,68.16,20.62,2,"주택20평이며,  거실이 넓어요",https://www.zigbang.com/home/apt/items/49582431
2026-07-03 07:20:00,빌라투룸,49582420,전세,06,경상남도 김해시 내덕동,김해시,내덕동,14000,0,0,170,51.42,3,"주인세대이며,올전세 또는 1억에 월30만원입니다.",https://www.zigbang.com/home/apt/items/49582420
2026-07-03 07:20:00,빌라투룸,49582411,월세,05,경상남도 김해시 내덕동,김해시,내덕동,1000,45,0,68.16,20.62,2,옵션이 갖춰진  쓰리룸입니다.,https://www.zigbang.com/home/apt/items/49582411
2026-07-03 07:20:00,빌라투룸,49437502,월세,04,경상남도 김해시 내덕동,김해시,내덕동,500,45,0,49.59,15.0,2,내덕동 초특가  풀옵션 넓은 투룸,https://www.zigbang.com/home/apt/items/49437502
2026-07-03 07:20:00,빌라투룸,49357287,월세,04,경상남도 김해시 내덕동,김해시,내덕동,1000,35,0,49.59,15.0,3,내덕동 깨끗한 투룸,https://www.zigbang.com/home/apt/items/49357287
2026-07-03 07:20:00,빌라투룸,49165487,월세,06,경상남도 김해시 내덕동,김해시,내덕동,5000,100,0,130,39.32,3,대청동 신축급 주인세대 복층구조,https://www.zigbang.com/home/apt/items/49165487
2026-07-03 07:20:00,빌라투룸,48992566,전세,05,경상남도 김해시 내덕동,김해시,내덕동,14000,0,0,100,30.25,3,내덕동 럭셔리 주인세대 옥탑,https://www.zigbang.com/home/apt/items/48992566
2026-07-03 07:20:01,빌라투룸,49575211,전세,05,경상남도 김해시 대동면 예안리,김해시,대동면,15000,0,0,100,30.25,1,"즉시입주,동물가능,큰마당,대출가능,보증금조절가능",https://www.zigbang.com/home/apt/items/49575211
2026-07-03 07:20:01,빌라투룸,49584279,월세,05,경상남도 김해시 삼정동,김해시,삼정동,2000,49,0,59.5,18.0,3,O 반려동물가능 엘리베이터 방2개 O 거실넓어요 에어컨2대,https://www.zigbang.com/home/apt/items/49584279
2026-07-03 07:20:01,빌라투룸,49568896,월세,04,경상남도 김해시 안동,김해시,안동,500,31,0,39.67,12.0,3,방2v인기급상승v비교불가v완전풀옵션,https://www.zigbang.com/home/apt/items/49568896
2026-07-03 07:20:01,빌라투룸,49534945,월세,04,경상남도 김해시 삼정동,김해시,삼정동,1000,56,0,59.5,18.0,3,"O 엘리베이터 방2,거실넓음 O 인제대역7분 역세권",https://www.zigbang.com/home/apt/items/49534945
2026-07-03 07:20:01,빌라투룸,49521258,월세,04,경상남도 김해시 삼정동,김해시,삼정동,1000,56,0,63,19.06,4,O 거실 커요 인제대역3분 O 에어컨2대 붙박이장,https://www.zigbang.com/home/apt/items/49521258
2026-07-03 07:20:01,빌라투룸,49453264,월세,04,경상남도 김해시 삼정동,김해시,삼정동,500,39,0,45,13.61,2,"ll한양쇼핑인근ll 방2, 남향 밝은 집, 가격 착한 집",https://www.zigbang.com/home/apt/items/49453264
2026-07-03 07:20:01,빌라투룸,49396030,월세,04,경상남도 김해시 부원동,김해시,부원동,2000,37,0,49.59,15.0,4,NO.1옵션새로교체VV풀옵션VV역세권VV,https://www.zigbang.com/home/apt/items/49396030
2026-07-03 07:20:01,빌라투룸,49384542,월세,04,경상남도 김해시 어방동,김해시,어방동,2000,42,0,59.5,18.0,3,O 1세대1주차  어방동 귀한 신축급 O,https://www.zigbang.com/home/apt/items/49384542
2026-07-03 07:20:01,빌라투룸,49312594,월세,04,경상남도 김해시 어방동,김해시,어방동,500,41,0,42.98,13.0,4,풀옵션v빌라식v100실매물v 초역세권,https://www.zigbang.com/home/apt/items/49312594
2026-07-03 07:20:01,빌라투룸,49312576,월세,04,경상남도 김해시 어방동,김해시,어방동,500,53,0,49.58,15.0,3,o 특별한 투룸의 매력 o 클릭해서 구경해보세요 o,https://www.zigbang.com/home/apt/items/49312576
2026-07-03 07:20:01,빌라투룸,49311330,월세,04,경상남도 김해시 삼정동,김해시,삼정동,500,36,0,45,13.61,4,"ll 복층구조 ll 화장실2, 주차편리한 집",https://www.zigbang.com/home/apt/items/49311330
2026-07-03 07:20:01,빌라투룸,49310609,월세,04,경상남도 김해시 삼정동,김해시,삼정동,2000,46,0,60,18.15,4,"ll 인제대역 ll 신축급내부시설, 방 2, 넓은 거실",https://www.zigbang.com/home/apt/items/49310609
2026-07-03 07:20:01,빌라투룸,49289199,월세,04,경상남도 김해시 삼정동,김해시,삼정동,1000,52,0,60,18.15,1,NO.1방2거실1VV풀옵션VV붙박이장있음VV,https://www.zigbang.com/home/apt/items/49289199
2026-07-03 07:20:01,빌라투룸,49287997,월세,04,경상남도 김해시 삼정동,김해시,삼정동,2000,61,0,49.59,15.0,3,NO.1신축급컨디션VV방2VV풀옵션VV역세권VV,https://www.zigbang.com/home/apt/items/49287997
2026-07-03 07:20:01,빌라투룸,49287789,월세,04,경상남도 김해시 삼정동,김해시,삼정동,2000,51,0,49.59,15.0,3,NO.1방2개거실1VV넓은거실VV채광좋음VV풀옵션,https://www.zigbang.com/home/apt/items/49287789
2026-07-03 07:20:01,빌라투룸,49063850,월세,04,경상남도 김해시 안동,김해시,안동,1000,33,0,39.67,12.0,3,v방2 v넓은주방 v베란다 v주차용이,https://www.zigbang.com/home/apt/items/49063850
2026-07-03 07:20:01,빌라투룸,49586698,월세,05,경상남도 김해시 구산동,김해시,구산동,1000,41,0,42,12.7,4,"방3개 복층형,연지공원역인근",https://www.zigbang.com/home/apt/items/49586698
2026-07-03 07:20:01,빌라투룸,49553523,월세,04,경상남도 김해시 삼계동,김해시,삼계동,1000,50,0,60,18.15,3,ㄴ초등학교 근처 매물ㄱ이번에 도배 장판 새로한 매물,https://www.zigbang.com/home/apt/items/49553523
2026-07-03 07:20:01,빌라투룸,49553461,월세,04,경상남도 김해시 삼계동,김해시,삼계동,500,41,0,50,15.12,1,ㄴ깔끔한매물ㄱ 풀옵션 방2개있는 매물,https://www.zigbang.com/home/apt/items/49553461
2026-07-03 07:20:01,빌라투룸,49553414,월세,04,경상남도 김해시 삼계동,김해시,삼계동,1000,53,0,60,18.15,2,ㄴ방2개ㄱㄴ화장실2개ㄱㄴ준신축ㄱㄴ역세권ㄱ,https://www.zigbang.com/home/apt/items/49553414
2026-07-03 07:20:01,빌라투룸,49552409,월세,04,경상남도 김해시 구산동,김해시,구산동,2000,36,0,49.59,15.0,1,역세권 방2개,https://www.zigbang.com/home/apt/items/49552409
2026-07-03 07:20:01,빌라투룸,49552380,월세,04,경상남도 김해시 구산동,김해시,구산동,1500,46,0,73.02,22.09,1,방2칸 옵션있음 경전철 가까움,https://www.zigbang.com/home/apt/items/49552380
2026-07-03 07:20:01,빌라투룸,49484054,월세,04,경상남도 김해시 구산동,김해시,구산동,1000,50,0,57,17.24,3,REALㅇ방2거실ㅇ넓은집ㅇ채광좋음ㅇ연지공원역ㅇㅇㅇㅇㅍ,https://www.zigbang.com/home/apt/items/49484054
2026-07-03 07:20:01,빌라투룸,49461281,월세,04,경상남도 김해시 내동,김해시,내동,500,40,0,49.59,15.0,3,NO.1복층구조VV방2개VV방넓음VV풀옵션VV,https://www.zigbang.com/home/apt/items/49461281
2026-07-03 07:20:01,빌라투룸,49457760,월세,05,경상남도 김해시 구산동,김해시,구산동,5000,65,0,85,25.71,2,"연지공원역인근,준신축,방2거실분리형",https://www.zigbang.com/home/apt/items/49457760
2026-07-03 07:20:01,빌라투룸,49376877,월세,04,경상남도 김해시 구산동,김해시,구산동,1500,45,0,56.7,17.15,1,REALㅇ연지공원역ㅇ방2거실1ㅇ쓰리룸ㅇ풀옵션ㅎ,https://www.zigbang.com/home/apt/items/49376877
2026-07-03 07:20:01,빌라투룸,49376059,월세,04,경상남도 김해시 구산동,김해시,구산동,1000,40,0,50,15.12,1,REALㅇ방2ㅇ풀옵션ㅇ연지공원역세권ㅇㅇㅇㅇㅇㅍ,https://www.zigbang.com/home/apt/items/49376059
2026-07-03 07:20:01,빌라투룸,49330089,월세,05,경상남도 김해시 구산동,김해시,구산동,1500,45,0,73.02,22.09,1,"역인근,준신축,반려동물가능",https://www.zigbang.com/home/apt/items/49330089
2026-07-03 07:20:01,빌라투룸,49233254,월세,05,경상남도 김해시 구산동,김해시,구산동,500,48,0,49.59,15.0,4,REALㅇ방2ㅇ복층ㅇ깔끔ㅇ풀옵ㅇㅇㄴ,https://www.zigbang.com/home/apt/items/49233254
2026-07-03 07:20:01,빌라투룸,49568856,월세,04,경상남도 김해시 삼방동,김해시,삼방동,200,21,0,36.36,11.0,3,II 인테리어 깔끔  II 완전 풀옵 방2개 II,https://www.zigbang.com/home/apt/items/49568856
2026-07-03 07:20:01,빌라투룸,49468503,월세,04,경상남도 김해시 삼방동,김해시,삼방동,300,28,0,39.67,12.0,5,v방2 v풀옵션 v엘리베이터 v남향,https://www.zigbang.com/home/apt/items/49468503
2026-07-03 07:20:01,빌라투룸,49312542,월세,04,경상남도 김해시 삼방동,김해시,삼방동,1000,46,0,56.19,17.0,1,올 리모델링 된  v 건조기까지 풀옵션 v  방2,https://www.zigbang.com/home/apt/items/49312542
2026-07-03 07:20:01,빌라투룸,49236810,월세,04,경상남도 김해시 삼방동,김해시,삼방동,300,30,0,43,13.01,3,v투룸천국 v올수리 v풀옵션,https://www.zigbang.com/home/apt/items/49236810
2026-07-03 07:20:02,빌라투룸,49562990,전세,04,경상남도 양산시 물금읍 범어리,양산시,물금읍,8500,0,0,56.2,17.0,2,WW 조건좋은 투룸 방2 넓은 거실 붙박이장 전월세,https://www.zigbang.com/home/apt/items/49562990
2026-07-03 07:20:02,빌라투룸,49561567,월세,06,경상남도 양산시 물금읍 물금리,양산시,물금읍,3000,95,0,130.26,39.4,3,넓은 주인세대. 채광 좋고 넓은 옥탑있는 주인세대,https://www.zigbang.com/home/apt/items/49561567
2026-07-03 07:20:02,빌라투룸,49558576,월세,04,경상남도 양산시 물금읍 범어리,양산시,물금읍,1000,55,0,52.89,16.0,2,ㅇㅇ100프로 허위매물없는 채움ㅇㅇ,https://www.zigbang.com/home/apt/items/49558576
2026-07-03 07:20:02,빌라투룸,49549880,월세,05,경상남도 양산시 물금읍 범어리,양산시,물금읍,2000,60,0,59,17.85,2,"방2개, 넓은 거실과 주방. 엘베있는 집",https://www.zigbang.com/home/apt/items/49549880
2026-07-03 07:20:02,빌라투룸,49277448,월세,05,경상남도 양산시 물금읍 범어리,양산시,물금읍,600,45,0,50,15.12,4,SoU.방2개 거실1개 발코니공간까지 가성비 만점,https://www.zigbang.com/home/apt/items/49277448
2026-07-03 07:20:04,빌라투룸,49580801,월세,05,부산시 해운대구 반송동,해운대구,반송동,500,56,0,40.96,12.39,4,복층 방3칸 학생 여러명 거주 가능,https://www.zigbang.com/home/apt/items/49580801
2026-07-03 07:20:04,빌라투룸,49580798,월세,04,부산시 해운대구 반송동,해운대구,반송동,300,20,0,38.26,11.57,1,아랫반송 수리 마친 저렴한 빌라,https://www.zigbang.com/home/apt/items/49580798
2026-07-03 07:20:04,빌라투룸,49580766,월세,04,부산시 해운대구 반송동,해운대구,반송동,200,30,0,43.56,13.18,1,부산은행 인근 방2칸 입니다.,https://www.zigbang.com/home/apt/items/49580766
2026-07-03 07:20:04,빌라투룸,49580736,전세,04,부산시 해운대구 반송동,해운대구,반송동,3000,0,0,46.39,14.03,2,올수리 풀옵션 갖춰진 햇살좋은 투룸전세,https://www.zigbang.com/home/apt/items/49580736
2026-07-03 07:20:04,빌라투룸,49512117,전세,04,부산시 해운대구 반송동,해운대구,반송동,6000,0,0,44.85,13.57,1,반송도서관 인근 평지에 위치한 최신식 리모델링,https://www.zigbang.com/home/apt/items/49512117
2026-07-03 07:20:04,빌라투룸,49512100,월세,04,부산시 금정구 회동동,금정구,회동동,3500,5,0,41.75,12.63,1,LH대출가능 리모델링 빌라 올전세,https://www.zigbang.com/home/apt/items/49512100
2026-07-03 07:20:04,빌라투룸,49432929,월세,04,부산시 해운대구 반송동,해운대구,반송동,2000,30,0,44.85,13.57,1,반송도서관 인근 평지에 위치한 최신식 리모델링,https://www.zigbang.com/home/apt/items/49432929
2026-07-03 07:20:04,빌라투룸,49359269,월세,04,부산시 해운대구 반송동,해운대구,반송동,300,33,0,43.56,13.18,2,학교도보1분 채광좋은 투룸,https://www.zigbang.com/home/apt/items/49359269
2026-07-03 07:20:04,빌라투룸,49307287,전세,04,부산시 해운대구 반송동,해운대구,반송동,4500,0,0,43.22,13.07,2,평지 전세 풀옵션 입니다,https://www.zigbang.com/home/apt/items/49307287
2026-07-03 07:20:04,빌라투룸,49349080,월세,05,부산시 해운대구 중동,해운대구,중동,1000,90,0,64.73,19.58,2,"정말 귀한 풀옵션 빌라 거실,방3,화2,에2",https://www.zigbang.com/home/apt/items/49349080
2026-07-03 07:20:03,빌라투룸,49555072,전세,04,부산시 동래구 사직동,동래구,사직동,13000,0,0,25.92,7.84,9,ll 사직역 최고 시설 ll,https://www.zigbang.com/home/apt/items/49555072
2026-07-03 07:20:03,빌라투룸,49513333,월세,04,부산시 동래구 사직동,동래구,사직동,2000,55,0,25.96,7.85,7,사직역 최고 시설,https://www.zigbang.com/home/apt/items/49513333
2026-07-03 07:20:04,빌라투룸,49512114,전세,04,부산시 해운대구 반여동,해운대구,반여동,2500,0,0,46.42,14.04,4,LH전세 가능 반여동 빌라 전세,https://www.zigbang.com/home/apt/items/49512114
2026-07-03 07:20:04,빌라투룸,49479775,월세,04,부산시 해운대구 재송동,해운대구,재송동,2000,80,0,53.13,16.07,4,"가장 넓은 타입 풀옵션 거실,방2,화1, 시스템 에어컨2대",https://www.zigbang.com/home/apt/items/49479775
2026-07-03 07:20:04,빌라투룸,49588163,월세,04,부산시 동래구 온천동,동래구,온천동,2000,60,0,16.02,4.85,9,현금 100만원 드립니다.,https://www.zigbang.com/home/apt/items/49588163
2026-07-03 07:20:04,빌라투룸,49580800,월세,05,부산시 금정구 서동,금정구,서동,3000,40,0,58.89,17.81,1,전용주차가능 방3칸 올리모델링,https://www.zigbang.com/home/apt/items/49580800
2026-07-03 07:20:04,빌라투룸,49574043,월세,06,부산시 금정구 장전동,금정구,장전동,12000,20,0,70.32,21.27,3,부산대 북문 부근 융자없는 올전세 방3 화2,https://www.zigbang.com/home/apt/items/49574043
2026-07-03 07:20:04,빌라투룸,49567945,월세,04,부산시 동래구 수안동,동래구,수안동,1000,59,0,22.54,6.82,13,"수안역 코앞,신축오피스텔,선착순 입주",https://www.zigbang.com/home/apt/items/49567945
2026-07-03 07:20:04,빌라투룸,49558472,전세,04,부산시 동래구 온천동,동래구,온천동,19000,0,0,57.59,17.42,2,융자말소조건 임차인1순위. 개인명의. 실매물.실가격,https://www.zigbang.com/home/apt/items/49558472
2026-07-03 07:20:04,빌라투룸,49536544,월세,04,부산시 금정구 장전동,금정구,장전동,1000,60,0,39.18,11.85,2,융자 없음.. 거실1 방2 ..풀옵션 월세,https://www.zigbang.com/home/apt/items/49536544
2026-07-03 07:20:04,빌라투룸,49489758,전세,04,부산시 금정구 부곡동,금정구,부곡동,15500,0,0,52.05,15.75,3,부곡동  거실1 방2..햇살 좋은 집,https://www.zigbang.com/home/apt/items/49489758
2026-07-03 07:20:04,빌라투룸,49464196,월세,04,부산시 동래구 온천동,동래구,온천동,2000,55,0,16.02,4.85,9,신축 분리형 베스트. 최강 옵션. 저층 할인가능,https://www.zigbang.com/home/apt/items/49464196
2026-07-03 07:20:04,빌라투룸,49464194,월세,04,부산시 동래구 온천동,동래구,온천동,2000,55,0,22.38,6.77,5,보증금조절 가능.신축 1년차.건조기. 분리형 타입,https://www.zigbang.com/home/apt/items/49464194
2026-07-03 07:20:04,빌라투룸,49408007,월세,04,부산시 동래구 온천동,동래구,온천동,1000,65,0,37.38,11.31,2,미남역 부근 풀옵션 거실 1 방2..즉시 입주,https://www.zigbang.com/home/apt/items/49408007
2026-07-03 07:20:04,빌라투룸,49041076,월세,04,부산시 동래구 명장동,동래구,명장동,300,65,0,43.5,13.16,5,"테라스.방2개. 전입신고 가능, 신축급 베스트 가성비",https://www.zigbang.com/home/apt/items/49041076
2026-07-03 07:20:04,빌라투룸,48845507,월세,04,부산시 동래구 명장동,동래구,명장동,300,57,0,42.44,12.84,5,"방2, 거실1, 화이트톤, 전입신고 가능",https://www.zigbang.com/home/apt/items/48845507
2026-07-03 07:20:04,빌라투룸,48766230,월세,04,부산시 동래구 명장동,동래구,명장동,300,50,0,35.53,10.75,3,"가성비, 채광 너무 좋은. 방2개.",https://www.zigbang.com/home/apt/items/48766230
2026-07-03 07:20:04,빌라투룸,49536539,월세,05,경상남도 양산시 동면 석산리,양산시,동면,1000,40,0,45.26,13.69,2,"OK남양산IC 인근 조용한 아파트 쓰리룸, 개인임대인OK",https://www.zigbang.com/home/apt/items/49536539
2026-07-03 07:20:04,빌라투룸,49528587,월세,05,경상남도 양산시 동면 석산리,양산시,동면,500,45,0,50,15.12,1,반려동물 가능한 쓰리룸,https://www.zigbang.com/home/apt/items/49528587
2026-07-03 07:20:04,빌라투룸,49515427,월세,06,경상남도 양산시 동면 금산리,양산시,동면,3000,75,0,87,26.32,3,남향.복층.옥탑 있는 3층 주인세대,https://www.zigbang.com/home/apt/items/49515427
2026-07-03 07:20:04,빌라투룸,49502404,월세,06,경상남도 양산시 동면 금산리,양산시,동면,5000,74,0,105.54,31.93,3,남 향. 복층 있는 3층 주인세대. 보증금비율조정가능.,https://www.zigbang.com/home/apt/items/49502404
2026-07-03 07:20:04,빌라투룸,49477477,월세,04,경상남도 양산시 동면 석산리,양산시,동면,500,40,0,55,16.64,2,방2개.  풀옵션.  가장 저렴한 임대료,https://www.zigbang.com/home/apt/items/49477477
2026-07-03 07:20:04,빌라투룸,49339966,월세,05,경상남도 양산시 동면 석산리,양산시,동면,500,45,0,50,15.12,4,반려동물가능한 아파트,https://www.zigbang.com/home/apt/items/49339966
2026-07-03 07:20:04,빌라투룸,49565334,월세,04,부산시 금정구 구서동,금정구,구서동,1000,60,0,44.84,13.56,4,"풀옵션, 방2, 거실1,",https://www.zigbang.com/home/apt/items/49565334
2026-07-03 07:20:05,빌라투룸,49394804,월세,05,부산시 기장군 정관읍 방곡리,기장군,정관읍,3000,100,0,115,34.79,4,"독채,35평과 복층25평,방3,에어컨3대,즉시입주 가능",https://www.zigbang.com/home/apt/items/49394804
2026-07-03 07:20:05,빌라투룸,49343626,월세,04,부산시 기장군 정관읍 방곡리,기장군,정관읍,500,45,0,49.59,15.0,2,"방2,에어컨2,집깨끗,즉시입주 가능",https://www.zigbang.com/home/apt/items/49343626
2026-07-03 07:20:06,빌라투룸,49577135,월세,05,경상남도 양산시 삼호동,양산시,삼호동,300,37,0,46.28,14.0,2,롯데마트 인근  엘베있는 넓은 쓰리룸,https://www.zigbang.com/home/apt/items/49577135
2026-07-03 07:20:06,빌라투룸,49558501,월세,04,경상남도 양산시 삼호동,양산시,삼호동,200,30,0,42.98,13.0,2,롯데마트인근 엘베있는 투룸,https://www.zigbang.com/home/apt/items/49558501
2026-07-03 07:20:06,빌라투룸,49554786,월세,04,경상남도 양산시 삼호동,양산시,삼호동,200,30,0,30,9.07,2,엘베있는 분리형 방,https://www.zigbang.com/home/apt/items/49554786
2026-07-03 07:20:06,빌라투룸,49544991,월세,04,경상남도 양산시 삼호동,양산시,삼호동,200,30,0,30,9.07,3,혼자살기 아주 좋은방,https://www.zigbang.com/home/apt/items/49544991
2026-07-03 07:20:06,빌라투룸,49537662,월세,04,경상남도 양산시 삼호동,양산시,삼호동,500,28,0,39.67,12.0,3,엘베있는  투룸,https://www.zigbang.com/home/apt/items/49537662
2026-07-03 07:20:06,빌라투룸,49537239,월세,05,경상남도 양산시 삼호동,양산시,삼호동,3000,55,0,85.95,26.0,4,보증금조절되는 주인세대,https://www.zigbang.com/home/apt/items/49537239
2026-07-03 07:20:06,빌라투룸,49519697,월세,04,경상남도 양산시 삼호동,양산시,삼호동,200,27,0,42.98,13.0,2,투룸  큰방.아주싼방,https://www.zigbang.com/home/apt/items/49519697
2026-07-03 07:20:06,빌라투룸,49470198,월세,05,경상남도 양산시 삼호동,양산시,삼호동,300,40,0,49.5,14.97,2,서창고부근 쓰리룸,https://www.zigbang.com/home/apt/items/49470198
2026-07-03 07:20:06,빌라투룸,49467945,월세,04,경상남도 양산시 삼호동,양산시,삼호동,200,30,0,27,8.17,4,편안하게 혼자 쉴수 있는 집,https://www.zigbang.com/home/apt/items/49467945
2026-07-03 07:20:06,빌라투룸,49467128,월세,05,경상남도 양산시 명동,양산시,명동,1000,45,0,49,14.82,4,엘베 화이트 아주아주 큰 쓰리,https://www.zigbang.com/home/apt/items/49467128
2026-07-03 07:20:06,빌라투룸,49454164,월세,04,경상남도 양산시 삼호동,양산시,삼호동,200,25,0,46.28,14.0,4,특가. 남향 넓은투룸 원룸가격,https://www.zigbang.com/home/apt/items/49454164
2026-07-03 07:20:06,빌라투룸,49425689,월세,04,경상남도 양산시 삼호동,양산시,삼호동,200,30,0,40,12.1,2,대동이미지부근 투룸,https://www.zigbang.com/home/apt/items/49425689
2026-07-03 07:20:06,빌라투룸,49318558,월세,05,경상남도 양산시 삼호동,양산시,삼호동,500,40,0,50,15.12,4,밝고 넓은거실 쓰리룸,https://www.zigbang.com/home/apt/items/49318558
2026-07-03 07:20:06,빌라투룸,49302289,월세,04,경상남도 양산시 삼호동,양산시,삼호동,200,30,0,39.67,12.0,2,조용한곳 밝은 투룸,https://www.zigbang.com/home/apt/items/49302289
2026-07-03 07:20:06,빌라투룸,49143027,월세,04,경상남도 양산시 삼호동,양산시,삼호동,200,30,0,30,9.07,4,혼자살기 너무 좋은집,https://www.zigbang.com/home/apt/items/49143027
2026-07-03 07:20:07,빌라투룸,49492979,월세,05,울산시 울주군 온양읍 대안리,울주군,온양읍,500,60,0,65,19.66,2,화장실 2개인 큰 쓰리룸,https://www.zigbang.com/home/apt/items/49492979
2026-07-03 07:20:07,빌라투룸,49388865,월세,04,울산시 울주군 온양읍 대안리,울주군,온양읍,300,43,0,26.45,8.0,3,화이트톤 깨끗한 집,https://www.zigbang.com/home/apt/items/49388865
2026-07-03 07:20:07,빌라투룸,49343150,월세,04,울산시 울주군 온양읍 대안리,울주군,온양읍,200,45,0,35,10.59,4,즉시입주 공실,https://www.zigbang.com/home/apt/items/49343150
2026-07-03 07:20:07,빌라투룸,49323134,월세,05,울산시 울주군 온양읍 대안리,울주군,온양읍,500,60,0,60,18.15,2,아주 넓은 쓰리룸,https://www.zigbang.com/home/apt/items/49323134
2026-07-03 07:20:07,빌라투룸,49298924,월세,05,울산시 울주군 온양읍 대안리,울주군,온양읍,1000,80,0,84.74,25.63,7,주인세대급 깨끗한 아파트 귀한 월세 매물,https://www.zigbang.com/home/apt/items/49298924
2026-07-03 07:20:07,빌라투룸,49463635,월세,05,울산시 울주군 온양읍 대안리,울주군,온양읍,500,55,0,55,16.64,2,2층 정남향 살기좋은 동네,https://www.zigbang.com/home/apt/items/49463635
2026-07-03 07:20:07,빌라투룸,49589818,월세,06,울산시 울주군 서생면 진하리,울주군,서생면,10000,11,0,139.84,42.3,4,독체 테라스있는 넓은주인세대 시스템에어컨 넓은거실,https://www.zigbang.com/home/apt/items/49589818
2026-07-03 07:20:08,빌라투룸,49584275,월세,04,울산시 울주군 청량읍 상남리,울주군,청량읍,300,51,0,52,15.73,2,덕하역 주차좋고귀한매물 저렴한가격 방2주방 컨디션최상,https://www.zigbang.com/home/apt/items/49584275
2026-07-03 07:20:10,빌라투룸,49573172,월세,05,대구시 수성구 노변동,수성구,노변동,1000,55,0,51.94,15.71,3,ㅁ엘리베이터有ㅁ신축3룸ㅁ화이트톤ㅁ에어컨2대ㅁ붙박이장ㅁ남향ㅁ,https://www.zigbang.com/home/apt/items/49573172
2026-07-03 07:20:10,빌라투룸,49566455,월세,05,대구시 수성구 신매동,수성구,신매동,300,28,0,52.89,16.0,1,ㅁ저렴한ㅁ리모델링3룸ㅁ풀옵션ㅁTVㅁ침대ㅁ,https://www.zigbang.com/home/apt/items/49566455
2026-07-03 07:20:10,빌라투룸,49558569,월세,05,대구시 수성구 신매동,수성구,신매동,300,30,0,52.89,16.0,2,ㅁ리모델링3룸ㅁ화이트톤ㅁ풀옵션ㅁTVㅁ,https://www.zigbang.com/home/apt/items/49558569
2026-07-03 07:20:10,빌라투룸,49558178,월세,04,대구시 수성구 신매동,수성구,신매동,200,18,0,39.67,12.0,2,ㅁ완전저렴ㅁ리모델링ㅁ2룸ㅁ풀옵션ㅁ화이트톤ㅁ,https://www.zigbang.com/home/apt/items/49558178
2026-07-03 07:20:10,빌라투룸,49558071,월세,04,대구시 수성구 시지동,수성구,시지동,200,17,0,42.97,13.0,1,ㅁ완전저렴ㅁ리모델링ㅁ2룸ㅁ풀옵션ㅁ남향ㅁ,https://www.zigbang.com/home/apt/items/49558071
2026-07-03 07:20:10,빌라투룸,49542247,월세,05,대구시 수성구 신매동,수성구,신매동,300,28,0,52.89,16.0,1,ㅁ리모델링ㅁ3룸ㅁ풀옵션ㅁ침대ㅁTVㅁ쇼파ㅁ옷장ㅁ책상ㅁ남향ㅁ,https://www.zigbang.com/home/apt/items/49542247
2026-07-03 07:20:10,빌라투룸,49542240,월세,05,대구시 수성구 매호동,수성구,매호동,500,39,0,52.89,16.0,3,ㅁ귀한매물ㅁ신축급3룸ㅁ화이트톤ㅁ1가구1주차ㅁ중문ㅁ남향ㅁ,https://www.zigbang.com/home/apt/items/49542240
2026-07-03 07:20:10,빌라투룸,49586257,월세,04,경상북도 경산시 옥곡동,경산시,옥곡동,300,36,0,66.12,20.0,2,학ㅣ군ㅣ좋ㅣ은ㅣ옥ㅣ곡ㅣ동,https://www.zigbang.com/home/apt/items/49586257
2026-07-03 07:20:10,빌라투룸,49555721,월세,04,경상북도 경산시 백천동,경산시,백천동,500,46,0,65.5,19.81,2,ㅡGooDㅡ 최신축 풀옵션 정남향 넓은평수 정투룸 백천인기,https://www.zigbang.com/home/apt/items/49555721
2026-07-03 07:20:10,빌라투룸,49555441,월세,04,경상북도 경산시 백천동,경산시,백천동,500,46,0,70,21.17,3,ㅡGooDㅡ 신축 풀옵션 넓은평수 깔끔한 정투룸 백천인기,https://www.zigbang.com/home/apt/items/49555441
2026-07-03 07:20:10,빌라투룸,49541174,월세,04,경상북도 경산시 백천동,경산시,백천동,500,46,0,62.8,19.0,2,"ㅣ투룸ㅣ 백천동,신축 풀옵션 주차편리 귀한 투룸",https://www.zigbang.com/home/apt/items/49541174
2026-07-03 07:20:10,빌라투룸,49507932,월세,05,경상북도 경산시 백천동,경산시,백천동,1000,54,0,99.17,30.0,3,백ㅣ천ㅣ일ㅣ등ㅣ쓰ㅣ리ㅣ룸ㅣ,https://www.zigbang.com/home/apt/items/49507932
2026-07-03 07:20:10,빌라투룸,49498619,월세,05,경상북도 경산시 백천동,경산시,백천동,1000,54,0,75,22.69,3,ㅡGooDㅡ 신축 가성비 좋은 쓰리룸 화이트톤 깔끔방 백천,https://www.zigbang.com/home/apt/items/49498619
2026-07-03 07:20:10,빌라투룸,49492519,월세,04,경상북도 경산시 사동,경산시,사동,1000,51,0,66.12,20.0,3,사ㅣ이ㅣ즈ㅣ일ㅣ등ㅣ대ㅣ신ㅣ축,https://www.zigbang.com/home/apt/items/49492519
2026-07-03 07:20:10,빌라투룸,49433232,월세,04,경상북도 경산시 백천동,경산시,백천동,1000,41,0,62.8,19.0,3,"ㅣ투룸ㅣ백천동,채광가득 풀옵션 예쁜 투룸",https://www.zigbang.com/home/apt/items/49433232
2026-07-03 07:20:10,빌라투룸,49376289,월세,04,경상북도 경산시 사동,경산시,사동,500,56,0,80,24.2,2,ㅡGooDㅡ 신축 오피스텔느낌 풀옵션 깔끔하고 넓은 정투룸,https://www.zigbang.com/home/apt/items/49376289
2026-07-03 07:20:10,빌라투룸,49324960,월세,04,경상북도 경산시 사동,경산시,사동,200,24,0,52.89,16.0,3,OO친절OO가성비투룸OO창신A인근OO실사진OO살기좋은OO,https://www.zigbang.com/home/apt/items/49324960
2026-07-03 07:20:10,빌라투룸,49284096,월세,04,경상북도 경산시 사동,경산시,사동,1500,41,0,60,18.15,3,크ㅣ기ㅣ대ㅣ박ㅣ정ㅣ투ㅣ룸,https://www.zigbang.com/home/apt/items/49284096
2026-07-03 07:20:10,빌라투룸,49276754,월세,04,경상북도 경산시 옥곡동,경산시,옥곡동,200,24,0,55,16.64,1,옥ㅣ곡ㅣ초ㅣ최ㅣ저ㅣ가,https://www.zigbang.com/home/apt/items/49276754
2026-07-03 07:20:10,빌라투룸,49260842,월세,04,경상북도 경산시 사동,경산시,사동,2000,36,0,66.12,20.0,1,1층ㅣ학ㅣ교ㅣ코ㅣ앞ㅣ정투룸,https://www.zigbang.com/home/apt/items/49260842
2026-07-03 07:20:10,빌라투룸,49323830,월세,04,경상북도 경산시 진량읍 신제리,경산시,진량읍,300,45,0,50,15.12,3,엘리베이트 있어서 편리한 투룸,https://www.zigbang.com/home/apt/items/49323830
2026-07-03 07:20:10,빌라투룸,49092495,월세,04,경상북도 경산시 진량읍 신제리,경산시,진량읍,300,43,0,49.59,15.0,3,엘리베이터 있는 넓고 조용한 투룸,https://www.zigbang.com/home/apt/items/49092495
2026-07-03 07:20:10,빌라투룸,49325011,월세,04,경상북도 경산시 사동,경산시,사동,300,28,0,50.5,15.28,3,OOO친절OO가성비투룸OO실사진OO구조굿OO살기좋은OO,https://www.zigbang.com/home/apt/items/49325011
2026-07-03 07:20:10,빌라투룸,49580981,월세,04,경상북도 경산시 압량읍 신대리,경산시,압량읍,500,31,0,55.5,16.79,4,OO친절OO가성비투룸OO실사진OO구조굿OO살기좋은OO,https://www.zigbang.com/home/apt/items/49580981
2026-07-03 07:20:10,빌라투룸,49510453,월세,04,경상북도 경산시 압량읍 신대리,경산시,압량읍,1000,50,0,70,21.17,4,2R 주인세대 전세도 가능합니다,https://www.zigbang.com/home/apt/items/49510453
2026-07-03 07:20:10,빌라투룸,49510452,월세,04,경상북도 경산시 압량읍 신대리,경산시,압량읍,2000,45,0,53,16.03,3,2R 엘베있는 미니 아파트,https://www.zigbang.com/home/apt/items/49510452
2026-07-03 07:20:10,빌라투룸,49510451,월세,04,경상북도 경산시 압량읍 신대리,경산시,압량읍,500,38,0,52.89,16.0,4,2R 위치 좋고 채광 좋은,https://www.zigbang.com/home/apt/items/49510451
2026-07-03 07:20:10,빌라투룸,49510450,월세,04,경상북도 경산시 압량면 신대리,경산시,압량면,1000,50,0,52.89,16.0,4,2R 엘베있고 전만 좋은 집,https://www.zigbang.com/home/apt/items/49510450
2026-07-03 07:20:10,빌라투룸,49510448,월세,05,경상북도 경산시 압량읍 신대리,경산시,압량읍,500,45,0,70,21.17,4,3R 가성비와 드레이스룸 아이방,https://www.zigbang.com/home/apt/items/49510448
2026-07-03 07:20:10,빌라투룸,49397264,월세,04,경상북도 경산시 압량읍 신대리,경산시,압량읍,500,46,0,55.5,16.79,2,OOO친절OO,https://www.zigbang.com/home/apt/items/49397264
2026-07-03 07:20:10,빌라투룸,49324506,월세,05,경상북도 경산시 사동,경산시,사동,1000,41,0,55.5,16.79,4,"OO친절O한의대,재활병원인근O가성비쓰리룸O화이트톤O구조굿",https://www.zigbang.com/home/apt/items/49324506
2026-07-03 07:20:12,빌라투룸,49577756,월세,04,울산시 울주군 삼남읍 교동리,울주군,삼남읍,500,48,0,57.1,17.27,3,방2거실 깔끔한방 화이트톤,https://www.zigbang.com/home/apt/items/49577756
2026-07-03 07:20:12,빌라투룸,49523505,월세,04,울산시 울주군 삼남읍 교동리,울주군,삼남읍,500,51,0,56.19,17.0,3,ㄴ추천매물 2017년식 방2거실 엘리베이터O 풀옵 깔끔해요,https://www.zigbang.com/home/apt/items/49523505
2026-07-03 07:20:12,빌라투룸,49488207,월세,04,울산시 울주군 삼남읍 교동리,울주군,삼남읍,1000,41,0,58.1,17.58,3,산업고인근 방2거실 새로도배완료,https://www.zigbang.com/home/apt/items/49488207
2026-07-03 07:20:12,빌라투룸,49433799,월세,04,울산시 울주군 언양읍 동부리,울주군,언양읍,500,51,0,56.19,17.0,3,ㄴ추천매물 2014년식 방2거실큼 풀옵 동부리 서두르세요,https://www.zigbang.com/home/apt/items/49433799
2026-07-03 07:20:12,빌라투룸,49340213,월세,04,울산시 울주군 삼남읍 교동리,울주군,삼남읍,500,46,0,56.19,17.0,2,ㄴ소장추천매물 방2거실 엘베 실사진 풀옵 깨끗 수영장가까움,https://www.zigbang.com/home/apt/items/49340213
2026-07-03 07:20:12,빌라투룸,49540543,월세,04,울산시 남구 무거동,남구,무거동,2000,40,0,45.12,13.65,2,컨디션 굿ㅣ방2 거실1ㅣ상권 굿,https://www.zigbang.com/home/apt/items/49540543
2026-07-03 07:20:12,빌라투룸,49534011,월세,04,울산시 남구 무거동,남구,무거동,500,56,0,50,15.12,3,신축급 방2 주방 풀옵션 실사진,https://www.zigbang.com/home/apt/items/49534011
2026-07-03 07:20:12,빌라투룸,49533718,월세,05,울산시 남구 무거동,남구,무거동,2000,104,0,99,29.95,3,ㅣ올리모델링 ㅣ방3 거실 ㅣ첫입주 ㅣ화이트톤 ㅣ,https://www.zigbang.com/home/apt/items/49533718
2026-07-03 07:20:12,빌라투룸,49532362,월세,04,울산시 남구 무거동,남구,무거동,500,51,0,52.89,16.0,3,ㄴ추천매물 방2 미쓰 엘리베이터 풀옵 서두르세요,https://www.zigbang.com/home/apt/items/49532362
2026-07-03 07:20:12,빌라투룸,49488738,월세,04,울산시 남구 무거동,남구,무거동,500,56,0,52.89,16.0,3,OO 추천매물 2015년식 방2 미쓰 풀옵 버스정류장근처,https://www.zigbang.com/home/apt/items/49488738
2026-07-03 07:20:12,빌라투룸,49487617,월세,04,울산시 남구 무거동,남구,무거동,500,56,0,49.5,14.97,3,ㅣ신복로터리 ㅣ방2개 주방 ㅣ2015년식 ㅣ,https://www.zigbang.com/home/apt/items/49487617
2026-07-03 07:20:12,빌라투룸,49482836,월세,04,울산시 남구 무거동,남구,무거동,500,56,0,54,16.33,3,ꯁꯁ 2015준공 컨디션좋은집 방2거실겸주방 집예뻐요,https://www.zigbang.com/home/apt/items/49482836
2026-07-03 07:20:12,빌라투룸,49400669,월세,05,울산시 남구 무거동,남구,무거동,15000,55,0,115.1,34.82,4,주인세대 방3화장실2 옥상단독 전세가능,https://www.zigbang.com/home/apt/items/49400669
2026-07-03 07:20:12,빌라투룸,49313551,월세,04,울산시 남구 무거동,남구,무거동,2000,40,0,57.1,17.27,2,리모델링된방 방2거실 1000에50가능,https://www.zigbang.com/home/apt/items/49313551
2026-07-03 07:20:12,빌라투룸,49588666,월세,04,울산시 울주군 범서읍 굴화리,울주군,범서읍,500,51,0,52.89,16.0,4,ㅣ방2개 거실 ㅣ월세저렴 ㅣ퀄리티 최고 ㅣ,https://www.zigbang.com/home/apt/items/49588666
2026-07-03 07:20:12,빌라투룸,49585537,월세,04,울산시 울주군 범서읍 굴화리,울주군,범서읍,500,51,0,50,15.12,4,방2거실 풀옵션 실사진 금방나가요,https://www.zigbang.com/home/apt/items/49585537
2026-07-03 07:20:12,빌라투룸,49513473,월세,04,울산시 울주군 범서읍 구영리,울주군,범서읍,1000,70,0,60.1,18.18,2,방2거실 에어컨2 엘베0 새로도배예정,https://www.zigbang.com/home/apt/items/49513473
2026-07-03 07:20:12,빌라투룸,49255712,월세,04,울산시 울주군 범서읍 구영리,울주군,범서읍,500,61,0,60.12,18.19,3,풀옵션. 관리 잘 된 방2 분리형 주방,https://www.zigbang.com/home/apt/items/49255712
2026-07-03 07:20:13,빌라투룸,49564829,월세,05,울산시 중구 학산동,중구,학산동,1000,70,0,87.1,26.35,2,방3거실 복층 리모델링된집 주차0,https://www.zigbang.com/home/apt/items/49564829
2026-07-03 07:20:13,빌라투룸,49560434,월세,04,울산시 중구 복산동,중구,복산동,500,60,0,60,18.15,3,거실1 방2 풀옵션 7월1일 확인,https://www.zigbang.com/home/apt/items/49560434
2026-07-03 07:20:13,빌라투룸,49520204,월세,04,울산시 중구 옥교동,중구,옥교동,500,50,0,56.2,17.0,3,NEW옥교동ㅣ방2.거실ㅣ가성비BEST,https://www.zigbang.com/home/apt/items/49520204
2026-07-03 07:20:13,빌라투룸,49507931,월세,04,울산시 중구 옥교동,중구,옥교동,500,51,0,48,14.52,3,"옥교동 방2,거실 가성비굿",https://www.zigbang.com/home/apt/items/49507931
2026-07-03 07:20:13,빌라투룸,49450221,월세,04,울산시 중구 성안동,중구,성안동,1000,46,0,60.12,18.19,3,주차 편리ㅣ풀옵션ㅣ컨디션 좋은 방2 거실,https://www.zigbang.com/home/apt/items/49450221
2026-07-03 07:20:13,빌라투룸,49446394,월세,04,울산시 중구 성안동,중구,성안동,1000,55,0,62,18.75,3,ㅁ조용한동네 ㅁ방2 ㅁ저렴,https://www.zigbang.com/home/apt/items/49446394
2026-07-03 07:20:13,빌라투룸,49413959,월세,04,울산시 중구 옥교동,중구,옥교동,1000,60,0,60.1,18.18,2,방2거실 주차가능 싱크대벽지교체예정,https://www.zigbang.com/home/apt/items/49413959
2026-07-03 07:20:13,빌라투룸,49392555,월세,04,울산시 중구 옥교동,중구,옥교동,500,50,0,55.5,16.79,4,넓은방2개 분리형 주방 깨끗한 구조 가성비 굳 채광 굳,https://www.zigbang.com/home/apt/items/49392555
2026-07-03 07:20:13,빌라투룸,49387629,월세,04,울산시 중구 복산동,중구,복산동,500,60,0,60.5,18.3,3,깨끗한 구조 넓은거실1개 방2개 채광 굳,https://www.zigbang.com/home/apt/items/49387629
2026-07-03 07:20:13,빌라투룸,49358525,월세,04,울산시 중구 복산동,중구,복산동,500,35,0,58.1,17.58,2,방2거실 에어컨0 테라스사용0 성지아파트인근,https://www.zigbang.com/home/apt/items/49358525
2026-07-03 07:20:13,빌라투룸,49355860,월세,04,울산시 중구 학성동,중구,학성동,3000,55,0,55,16.64,3,신축컨디션 화이트톤ㅡ 채광굿ㅡ 에어컨3대 ㅡ엘베ㅡ중앙시장,https://www.zigbang.com/home/apt/items/49355860
2026-07-03 07:20:13,빌라투룸,49343693,월세,04,울산시 중구 성안동,중구,성안동,1000,46,0,57.1,17.27,3,방2거실 풀옵션 깔끔 가성비굿,https://www.zigbang.com/home/apt/items/49343693
2026-07-03 07:20:13,빌라투룸,49339947,월세,04,울산시 중구 성안동,중구,성안동,1000,60,0,59,17.85,3,ㅁ주차최상 ㅁ엘베유 ㅁ방2 ㅁ도배완료,https://www.zigbang.com/home/apt/items/49339947
2026-07-03 07:20:13,빌라투룸,49563110,월세,04,울산시 북구 호계동,북구,호계동,3000,31,0,60.12,18.19,3,주차 편리ㅣ넓은 방2 거실1ㅣ컨디션 굿,https://www.zigbang.com/home/apt/items/49563110
2026-07-03 07:20:13,빌라투룸,49534992,월세,04,울산시 북구 호계동,북구,호계동,3000,30,0,56.2,17.0,3,NEW호계동ㅣ방2.거실1ㅣ1세대1주차ㅣ,https://www.zigbang.com/home/apt/items/49534992
2026-07-03 07:20:13,빌라투룸,49514459,월세,05,울산시 북구 호계동,북구,호계동,2000,76,0,115.89,35.06,4,주인집. 컨디션 좋은 방3 화장실2 넓은 거실,https://www.zigbang.com/home/apt/items/49514459
2026-07-03 07:20:13,빌라투룸,49511028,월세,04,울산시 북구 호계동,북구,호계동,3000,31,0,50,15.12,3,방2 거실 풀옵션 실사진 저렴한가격,https://www.zigbang.com/home/apt/items/49511028
2026-07-03 07:20:13,빌라투룸,49488743,월세,04,울산시 북구 호계동,북구,호계동,500,56,0,56.19,17.0,3,ㄴ최저가매물 방2거실 풀옵 서두르세요,https://www.zigbang.com/home/apt/items/49488743
2026-07-03 07:20:13,빌라투룸,49478628,월세,06,울산시 북구 호계동,북구,호계동,2000,85,0,115.7,35.0,4,방3화2.호계주인세대.즉시입주가능,https://www.zigbang.com/home/apt/items/49478628
2026-07-03 07:20:13,빌라투룸,49471498,월세,04,울산시 북구 호계동,북구,호계동,3000,31,0,60.1,18.18,3,호계초인근 방2거실 낮은월세,https://www.zigbang.com/home/apt/items/49471498
2026-07-03 07:20:13,빌라투룸,49565009,월세,04,경상북도 경주시 외동읍 모화리,경주시,외동읍,300,65,0,70.1,21.21,4,MA 주인세대 방2거실 에어컨2 도배예정,https://www.zigbang.com/home/apt/items/49565009
2026-07-03 07:20:13,빌라투룸,49548090,월세,04,울산시 북구 중산동,북구,중산동,3000,50,0,70,21.17,2,거실1방2 넓은 평수,https://www.zigbang.com/home/apt/items/49548090
2026-07-03 07:20:13,빌라투룸,49537458,월세,04,울산시 북구 중산동,북구,중산동,3000,51,0,56.19,17.0,3,ㄴ소장추천매물 2015년식 방2거실 실사진 풀옵 깨끗한집,https://www.zigbang.com/home/apt/items/49537458
2026-07-03 07:20:14,빌라투룸,49552194,월세,04,경상북도 경주시 충효동,경주시,충효동,2000,55,0,55.97,16.93,4,"방2,넓은거실  옵션있음 엘리베이터",https://www.zigbang.com/home/apt/items/49552194
2026-07-03 07:20:14,빌라투룸,49564915,월세,04,경상북도 경주시 외동읍 입실리,경주시,외동읍,200,50,0,66.1,20.0,3,MA 방2거실 넓은공간 남향,https://www.zigbang.com/home/apt/items/49564915
2026-07-03 07:20:14,빌라투룸,49541816,월세,04,경상북도 경주시 외동읍 입실리,경주시,외동읍,300,55,0,60.1,18.18,4,MA 방2거실 깔끔한방 외국인X,https://www.zigbang.com/home/apt/items/49541816
2026-07-03 07:20:14,빌라투룸,49538995,월세,04,경상북도 경주시 시래동,경주시,시래동,300,45,0,56.2,17.0,3,"방2 거실,,,비교적 넓은 방,,,넓은 주차장",https://www.zigbang.com/home/apt/items/49538995
2026-07-03 07:20:15,빌라투룸,49264582,월세,05,경상북도 경주시 시래동,경주시,시래동,1000,65,0,69,20.87,3,"방3,욕2 천정형에어컨2대,붙박이장",https://www.zigbang.com/home/apt/items/49264582
2026-07-03 07:20:15,빌라투룸,49588118,월세,05,경상북도 경주시 동천동,경주시,동천동,2000,81,0,100,30.25,4,ㅡ엘베ㅡ방3화2ㅡ예쁜집ㅡ,https://www.zigbang.com/home/apt/items/49588118
2026-07-03 07:20:15,빌라투룸,49518221,월세,04,경상북도 경주시 성동동,경주시,성동동,500,58,0,60,18.15,3,ㅡ방2 거실ㅡ세무서ㅡ엘베ㅡ,https://www.zigbang.com/home/apt/items/49518221
2026-07-03 07:20:15,빌라투룸,49469890,월세,04,경상북도 경주시 황오동,경주시,황오동,500,40,0,40,12.1,1,주택1층 풀옵션 조용한1인거주만가능 세탁기없음,https://www.zigbang.com/home/apt/items/49469890
2026-07-03 07:20:15,빌라투룸,49462322,월세,04,경상북도 경주시 동천동,경주시,동천동,500,57,0,60,18.15,4,ㅡ방2거실ㅡ신축ㅡ단독테라스ㅡ,https://www.zigbang.com/home/apt/items/49462322
2026-07-03 07:20:15,빌라투룸,49421574,월세,05,경상북도 경주시 성건동,경주시,성건동,500,55,0,59.5,18.0,3,ㅡ강변뷰ㅡ방2거실ㅡ엘베ㅡ,https://www.zigbang.com/home/apt/items/49421574
2026-07-03 07:20:15,빌라투룸,49374372,월세,04,경상북도 경주시 동천동,경주시,동천동,500,50,0,50,15.12,2,"방2,거실 풀옵션",https://www.zigbang.com/home/apt/items/49374372
2026-07-03 07:20:16,빌라투룸,49531080,월세,04,경상북도 성주군 성주읍 성산리,성주군,성주읍,500,40,0,52.89,16.0,4,"가장 저렴한 투룸, 도시가스",https://www.zigbang.com/home/apt/items/49531080
2026-07-03 07:20:16,빌라투룸,49492750,월세,05,경상북도 성주군 성주읍 학산리,성주군,성주읍,500,53,0,60,18.15,2,성주산업단지 내 기숙사형 투룸or쓰리룸,https://www.zigbang.com/home/apt/items/49492750
2026-07-03 07:20:18,빌라투룸,48870630,월세,04,경상북도 김천시 부곡동,김천시,부곡동,500,43,0,50,15.12,2,"보증금,월세 파격조정가능 주공아파트인근 최저가 풀옵션 투룸",https://www.zigbang.com/home/apt/items/48870630
2026-07-03 07:20:18,빌라투룸,49436024,월세,04,경상북도 김천시 신음동,김천시,신음동,500,46,0,58,17.54,2,최선을 다하겠습니다.신음동 롯데마트뒤 풀옵션 투룸월세,https://www.zigbang.com/home/apt/items/49436024
2026-07-03 07:20:18,빌라투룸,49436022,월세,04,경상북도 김천시 부곡동,김천시,부곡동,500,43,0,57,17.24,3,부곡동 푸르지오 아파트인근 퀄리티 최고의 투룸,https://www.zigbang.com/home/apt/items/49436022
2026-07-03 07:20:18,빌라투룸,48870605,월세,04,경상북도 김천시 모암동,김천시,모암동,500,43,0,50,15.12,2,김천 의료원인근 최신축 깔끔한 투룸 방2 거실1,https://www.zigbang.com/home/apt/items/48870605
2026-07-03 07:20:18,빌라투룸,48757851,월세,04,경상북도 김천시 신음동,김천시,신음동,500,43,0,50,15.12,2,김천시청 바로옆 신음동최저가 풀옵션 깔끔한 신축원룸,https://www.zigbang.com/home/apt/items/48757851
2026-07-03 07:20:18,빌라투룸,48757843,월세,04,경상북도 김천시 응명동,김천시,응명동,500,48,0,50,15.12,2,실매물보장 산업공단초입 최저가 풀옵션 투룸 방2 거실1,https://www.zigbang.com/home/apt/items/48757843
2026-07-03 07:20:18,빌라투룸,49586895,월세,04,경상북도 김천시 덕곡동,김천시,덕곡동,500,43,0,57,17.24,2,덕곡동 무실삼거리 인근 방2개 거실 주방의 투룸 월세,https://www.zigbang.com/home/apt/items/49586895
2026-07-03 07:20:18,빌라투룸,49586875,월세,05,경상북도 김천시 덕곡동,김천시,덕곡동,4000,30,0,80,24.2,4,김천시 덕곡동 보기힘든 방3개의 쓰리룸 반전세,https://www.zigbang.com/home/apt/items/49586875
2026-07-03 07:20:18,빌라투룸,49556715,월세,04,경상북도 김천시 덕곡동,김천시,덕곡동,500,50,0,59.5,18.0,3,덕곡동 물레방아 인근 투룸 방2거실1,https://www.zigbang.com/home/apt/items/49556715
2026-07-03 07:20:18,빌라투룸,49553994,전세,04,경상북도 김천시 덕곡동,김천시,덕곡동,7500,0,0,59.5,18.0,2,덕곡동 하나로마트 인근 투룸전세 7500만원,https://www.zigbang.com/home/apt/items/49553994
2026-07-03 07:20:18,빌라투룸,49553479,월세,04,경상북도 김천시 덕곡동,김천시,덕곡동,500,50,0,62.81,19.0,3,덕곡동 신축 방2거실1깔끔한 투룸 입니다,https://www.zigbang.com/home/apt/items/49553479
2026-07-03 07:20:18,빌라투룸,49436032,월세,04,경상북도 김천시 덕곡동,김천시,덕곡동,500,43,0,58,17.54,2,김천시 덕곡동 하나로마트 뒤 보기힘든 투룸월세,https://www.zigbang.com/home/apt/items/49436032
2026-07-03 07:20:18,빌라투룸,48771492,월세,04,경상북도 김천시 덕곡동,김천시,덕곡동,500,43,0,50,15.12,3,덕곡무실삼거리 최신축 풀옵션 깔끔한 투룸 방2 거실1,https://www.zigbang.com/home/apt/items/48771492
2026-07-03 07:20:19,빌라투룸,49526230,월세,05,경상북도 구미시 봉곡동,구미시,봉곡동,700,65,0,78,23.59,4,"쓰리룸,에어컨3,리모델링",https://www.zigbang.com/home/apt/items/49526230
2026-07-03 07:20:19,빌라투룸,49525477,월세,04,경상북도 구미시 봉곡동,구미시,봉곡동,1000,50,0,60,18.15,2,"첫입주투룸,화이트리모델링",https://www.zigbang.com/home/apt/items/49525477
2026-07-03 07:20:19,빌라투룸,49508546,월세,04,경상북도 구미시 봉곡동,구미시,봉곡동,2000,45,0,64,19.36,4,"금오산뷰,남향,풀옵션투룸",https://www.zigbang.com/home/apt/items/49508546
2026-07-03 07:20:19,빌라투룸,49455294,월세,04,경상북도 구미시 봉곡동,구미시,봉곡동,1000,50,0,58,17.54,2,"리모델링,풀옵션투룸",https://www.zigbang.com/home/apt/items/49455294
2026-07-03 07:20:19,빌라투룸,49362738,월세,04,경상북도 구미시 봉곡동,구미시,봉곡동,1000,55,0,67,20.27,3,봉곡동 우체국뒤 리모델링 투룸 풀옵션 즉시입주,https://www.zigbang.com/home/apt/items/49362738
2026-07-03 07:20:19,빌라투룸,49571916,월세,04,대구시 달성군 다사읍 세천리,달성군,다사읍,300,33,0,33,9.98,2,세천투룸ㅣ특대사이즈ㅣ남향ㅣ중문OK,https://www.zigbang.com/home/apt/items/49571916
2026-07-03 07:20:19,빌라투룸,49215782,월세,04,대구시 달성군 다사읍 세천리,달성군,다사읍,500,30,0,46.3,14.01,2,NEW투룸O 엘베O 중문O 가성비일등O 빨리O,https://www.zigbang.com/home/apt/items/49215782
2026-07-03 07:20:19,빌라투룸,49496812,월세,04,경상북도 칠곡군 왜관읍 석전리,칠곡군,왜관읍,500,40,0,49.59,15.0,2,㉧거실 큰 투룸㉧ 도배 새로 컨디션 최상 중앙초 인근 2층,https://www.zigbang.com/home/apt/items/49496812
2026-07-03 07:20:19,빌라투룸,49496802,월세,04,경상북도 칠곡군 왜관읍 석전리,칠곡군,왜관읍,1000,50,0,49.59,15.0,3,㉧북부정류장 옆㉧ 해 잘들어오는 남향 도시가스 인기좋은 방,https://www.zigbang.com/home/apt/items/49496802
2026-07-03 07:20:19,빌라투룸,49496786,월세,04,경상북도 칠곡군 왜관읍 석전리,칠곡군,왜관읍,500,35,0,49.59,15.0,3,㉧엘베 대출없는 투룸㉧ 북부정류장 옆 왜관시장 가까워요,https://www.zigbang.com/home/apt/items/49496786
2026-07-03 07:20:19,빌라투룸,49305562,월세,04,경상북도 칠곡군 왜관읍 석전리,칠곡군,왜관읍,1000,50,0,69.42,21.0,3,"O정투룸O북부정류장부근,왜관역부근O먼저보면임자O",https://www.zigbang.com/home/apt/items/49305562
2026-07-03 07:20:19,빌라투룸,49496792,월세,04,경상북도 칠곡군 왜관읍 왜관리,칠곡군,왜관읍,500,40,0,49.59,15.0,2,㉧엘리베이터㉧ 풀옵션 투룸 왜관 달오지구 입주 청소 완료,https://www.zigbang.com/home/apt/items/49496792
2026-07-03 07:20:19,빌라투룸,49496780,월세,04,경상북도 칠곡군 왜관읍 왜관리,칠곡군,왜관읍,500,45,0,49.59,15.0,4,㉧거실 엄청 큰 풀옵션 투룸㉧ 버거킹 라인 인기 추천 매물,https://www.zigbang.com/home/apt/items/49496780
2026-07-03 07:20:19,빌라투룸,49305573,월세,04,경상북도 칠곡군 왜관읍 왜관리,칠곡군,왜관읍,500,45,0,49.59,15.0,4,O투룸월세O왜관시내O버거킹부근 O준신축즉시입주,https://www.zigbang.com/home/apt/items/49305573
2026-07-03 07:20:19,빌라투룸,49305555,월세,04,경상북도 칠곡군 왜관읍,칠곡군,왜관읍,4000,35,0,59.5,18.0,2,"O신축정투룸O태왕아너스,칠곡군립도서관부근",https://www.zigbang.com/home/apt/items/49305555
2026-07-03 07:20:19,빌라투룸,49410786,월세,04,경상북도 칠곡군 왜관읍 왜관리,칠곡군,왜관읍,1000,50,0,59.5,18.0,3,"O신축투룸O동부초,대동다숲아파트부근O첫입주",https://www.zigbang.com/home/apt/items/49410786
2026-07-03 07:20:20,빌라투룸,49573559,월세,04,대구시 달서구 이곡동,달서구,이곡동,300,31,0,33,9.98,2,이곡동투룸ㅣ채광좋고ㅣ중문있고ㅣ주차편함,https://www.zigbang.com/home/apt/items/49573559
2026-07-03 07:20:20,빌라투룸,49530495,월세,04,대구시 달서구 이곡동,달서구,이곡동,300,33,0,40,12.1,2,"투룸ㅣ가성비끝판왕ㅣ주차가능,사이즈大ㅣ입주청소완료,즉시입주o",https://www.zigbang.com/home/apt/items/49530495
2026-07-03 07:20:20,빌라투룸,49502482,월세,04,대구시 달서구 용산동,달서구,용산동,300,32,0,46.28,14.0,3,"주인세대ㅡ방2,거실大,욕실2,주차Good",https://www.zigbang.com/home/apt/items/49502482
2026-07-03 07:20:20,빌라투룸,49492895,월세,04,대구시 달서구 용산동,달서구,용산동,300,29,0,40,12.1,2,"투룸ㅣ양방주차,주차가능ㅣ가성비끝판왕ㅣ사이즈大ㅣ풀옵션ㅣ빨리",https://www.zigbang.com/home/apt/items/49492895
2026-07-03 07:20:20,빌라투룸,49488466,월세,04,대구시 달서구 용산동,달서구,용산동,200,20,0,59.5,18.0,3,복가득한방.방2거실 올수리 깨끗하고저렴한방.바로입주가,https://www.zigbang.com/home/apt/items/49488466
2026-07-03 07:20:20,빌라투룸,49430843,월세,05,대구시 달서구 용산동,달서구,용산동,300,25,0,52.9,16.0,2,ll 용산동 가성비최고 쓰리룸 ll 화이트톤 방2 거실1,https://www.zigbang.com/home/apt/items/49430843
2026-07-03 07:20:20,빌라투룸,49370546,월세,04,대구시 달서구 용산동,달서구,용산동,500,37,0,62.81,19.0,2,"주차Good,방大2,거실大ㅡ깨끗하고 좋은집",https://www.zigbang.com/home/apt/items/49370546
2026-07-03 07:20:20,빌라투룸,49340011,월세,04,대구시 달서구 용산동,달서구,용산동,300,28,0,59.5,18.0,3,리모델링  남향 따뜻하고 아늑한 방2 거실 베란다,https://www.zigbang.com/home/apt/items/49340011
2026-07-03 07:20:20,빌라투룸,49087674,월세,04,대구시 달서구 용산동,달서구,용산동,200,22,0,59.5,18.0,3,용산파크아파트옆 투룸 저렴하고 좋은방  즉시입주가능,https://www.zigbang.com/home/apt/items/49087674
2026-07-03 07:20:20,빌라투룸,49560496,월세,04,대구시 동구 불로동,동구,불로동,500,32,0,45,13.61,4,방2 거실 겸 주방 욕실 베란다 구,https://www.zigbang.com/home/apt/items/49560496
2026-07-03 07:20:20,빌라투룸,49554627,월세,05,대구시 동구 불로동,동구,불로동,500,40,0,51.1,15.46,2,"리모델링. 방3칸,거실. 2층 남향. 주차 여건 좋은 지역",https://www.zigbang.com/home/apt/items/49554627
2026-07-03 07:20:20,빌라투룸,49554166,월세,05,대구시 동구 불로동,동구,불로동,1000,55,0,72.7,21.99,3,"올수리 빌라형구조. 방3칸,거실1. 양베란다. 주차장有.",https://www.zigbang.com/home/apt/items/49554166
2026-07-03 07:20:20,빌라투룸,49543872,월세,05,대구시 동구 불로동,동구,불로동,500,32,0,50.2,15.19,4,"가성비 1등, 방2칸 거실大 베란다, 넓고 깨끗, 주차편리",https://www.zigbang.com/home/apt/items/49543872
2026-07-03 07:20:20,빌라투룸,49544250,월세,05,대구시 북구 학정동,북구,학정동,2000,74,0,115,34.79,4,ꯁ 허위ZERO ꯁ 특급매물 ꯁ 방3욕실2 ꯁ 옥상단독 ꯁ,https://www.zigbang.com/home/apt/items/49544250
2026-07-03 07:20:20,빌라투룸,49473911,월세,04,대구시 북구 학정동,북구,학정동,500,60,0,50,15.12,3,V학정동 풀옵션 투룸V 넓은 거실이 매력적인 집,https://www.zigbang.com/home/apt/items/49473911
2026-07-03 07:20:20,빌라투룸,49445724,월세,04,대구시 북구 학정동,북구,학정동,1000,42,0,40,12.1,2,w 학정동 구조좋은 정투룸입니다 w,https://www.zigbang.com/home/apt/items/49445724
2026-07-03 07:20:20,빌라투룸,49436286,월세,05,대구시 북구 학정동,북구,학정동,15000,35,0,105,31.76,4,O넓은 주인세대 방大거실大O애완동물 협의가능O금액조절가능,https://www.zigbang.com/home/apt/items/49436286
2026-07-03 07:20:20,빌라투룸,49390947,월세,04,대구시 북구 학정동,북구,학정동,1000,40,0,35,10.59,3,w 인기많은 정투룸 w,https://www.zigbang.com/home/apt/items/49390947
2026-07-03 07:20:20,빌라투룸,49345696,월세,04,대구시 북구 학정동,북구,학정동,3000,71,0,45,13.61,2,V건조기까지 있는 신축 투룸V 학정동 인기 매물,https://www.zigbang.com/home/apt/items/49345696
2026-07-03 07:20:20,빌라투룸,49306669,월세,04,대구시 북구 학정동,북구,학정동,10000,15,0,50,15.12,2,"ꯁ 허위ZERO ꯁ 특급매물 ꯁ 방2개 ꯁ 엘베,풀옵션 ꯁ",https://www.zigbang.com/home/apt/items/49306669
2026-07-03 07:20:20,빌라투룸,49294374,월세,06,대구시 수성구 범어동,수성구,범어동,3000,60,0,89.99,27.22,3,o ꇴ o 백프로 실매물 주인세대 집주인 인증확인하세요,https://www.zigbang.com/home/apt/items/49294374
2026-07-03 07:20:20,빌라투룸,49288838,월세,05,대구시 수성구 만촌동,수성구,만촌동,500,55,0,62.77,18.99,3,HOT . 만촌동 신축3ROOM . 화이트톤 . 채광맛집,https://www.zigbang.com/home/apt/items/49288838
2026-07-03 07:20:20,빌라투룸,49230042,월세,04,대구시 동구 신암동,동구,신암동,1000,60,0,49.59,15.0,2,애완동물가능.동구청역인근.화이트톤.올리모델링.주차완비.,https://www.zigbang.com/home/apt/items/49230042
2026-07-03 07:20:20,빌라투룸,48882995,전세,05,대구시 동구 효목동,동구,효목동,15000,0,0,93.96,28.42,4,동구청역인근.신혼부부추천.잘빠진구조의전세.테라스유.주차완비,https://www.zigbang.com/home/apt/items/48882995
2026-07-03 07:20:20,빌라투룸,48778546,월세,05,대구시 동구 효목동,동구,효목동,2000,80,0,65.61,19.85,4,신세계백화점인근.잘빠진구조.복층.주인세대.주차완비,https://www.zigbang.com/home/apt/items/48778546
2026-07-03 07:20:21,빌라투룸,49589422,월세,04,경상북도 구미시 비산동,구미시,비산동,200,30,0,60,18.15,2,"투룸V풀옵션V넓은 거실V도배,장판 깨끗V",https://www.zigbang.com/home/apt/items/49589422
2026-07-03 07:20:21,빌라투룸,49585041,월세,04,경상북도 구미시 신평동,구미시,신평동,500,40,0,55,16.64,4,투룸V리모델링V신축화V풀옵션V채광 좋아요V,https://www.zigbang.com/home/apt/items/49585041
2026-07-03 07:20:21,빌라투룸,49497560,월세,04,경상북도 구미시 신평동,구미시,신평동,400,38,0,60,18.15,4,ㅣPLUSㅣ투룸V풀옵션 구비V남향V채광 굿V넓은 거실V,https://www.zigbang.com/home/apt/items/49497560
2026-07-03 07:20:21,빌라투룸,49497517,월세,04,경상북도 구미시 신평동,구미시,신평동,400,35,0,60,18.15,4,투룸V트여있는 전망V채광 좋아요V즉시입주 가능V,https://www.zigbang.com/home/apt/items/49497517
2026-07-03 07:20:21,빌라투룸,49454712,월세,04,경상북도 구미시 공단동,구미시,공단동,300,30,0,55,16.64,4,투룸V남향V채광 굿V트여있는 전망V,https://www.zigbang.com/home/apt/items/49454712
2026-07-03 07:20:21,빌라투룸,49454668,월세,04,경상북도 구미시 공단동,구미시,공단동,300,30,0,55,16.64,2,V투룸V옵션 구비V도로가 인접V즉시 입주 가능V,https://www.zigbang.com/home/apt/items/49454668
2026-07-03 07:20:21,빌라투룸,49416963,월세,04,경상북도 구미시 임은동,구미시,임은동,300,26,0,66,19.96,2,2층남향투룸 공단출퇴근편리,https://www.zigbang.com/home/apt/items/49416963
2026-07-03 07:20:21,빌라투룸,49339804,월세,04,경상북도 구미시 비산동,구미시,비산동,500,40,0,50,15.12,3,리모델링 투룸ㅣ양문형 냉장고ㅣ이노텍ㅣ금오공대ㅣ구미IC,https://www.zigbang.com/home/apt/items/49339804
2026-07-03 07:20:21,빌라투룸,49308365,월세,04,경상북도 구미시 임은동,구미시,임은동,1000,50,0,50,15.12,3,리모델링 투룸ㅣ실링팬ㅣ채광 굿ㅣ공단이동 용이ㅣ상권  최고,https://www.zigbang.com/home/apt/items/49308365
2026-07-03 07:20:22,빌라투룸,49568477,월세,04,경상북도 구미시 신평동,구미시,신평동,1000,45,0,60,18.15,4,V투룸V옵션 구비V넓은 거실V트여있는 전망V,https://www.zigbang.com/home/apt/items/49568477
2026-07-03 07:20:22,빌라투룸,49538932,월세,04,경상북도 구미시 원평동,구미시,원평동,300,38,0,50,15.12,4,ㄴWOWㄱ풀옵션 투룸ㅣ구미역 인접ㅣ주차 차단기,https://www.zigbang.com/home/apt/items/49538932
2026-07-03 07:20:22,빌라투룸,49507926,월세,05,경상북도 구미시 원평동,구미시,원평동,1000,60,0,85,25.71,4,금오산인근 쓰리룸 방3 욕실2 테라스,https://www.zigbang.com/home/apt/items/49507926
2026-07-03 07:20:22,빌라투룸,49460316,월세,04,경상북도 구미시 원평동,구미시,원평동,300,36,0,60,18.15,2,구미역 도보 5분거리 거실 사이즈 엄청 넓은 투룸 월세,https://www.zigbang.com/home/apt/items/49460316
2026-07-03 07:20:22,빌라투룸,49452362,월세,04,경상북도 구미시 원평동,구미시,원평동,500,35,0,50,15.12,4,깔끔한 투룸ㅣ에어컨2대ㅣ선산이동 용이ㅣ구미시청ㅣ터미널,https://www.zigbang.com/home/apt/items/49452362
2026-07-03 07:20:22,빌라투룸,49441335,월세,04,경상북도 구미시 원평동,구미시,원평동,500,45,0,60,18.15,4,ㅣPLUSㅣ투룸V풀옵션V트여있는 전망V구미역 인접,https://www.zigbang.com/home/apt/items/49441335
2026-07-03 07:20:22,빌라투룸,49439365,월세,04,경상북도 구미시 원평동,구미시,원평동,500,40,0,70,21.17,4,구미역 바로뒤 준신축 투룸 풀옵션 에어컨2대,https://www.zigbang.com/home/apt/items/49439365
2026-07-03 07:20:22,빌라투룸,49357009,월세,04,경상북도 구미시 원평동,구미시,원평동,300,38,0,50,15.12,2,깜끔한 투룸ㅣ풀옵션ㅣ옷장ㅣ터미널ㅣ구미시청ㅣ문성 이동용이,https://www.zigbang.com/home/apt/items/49357009
2026-07-03 07:20:22,빌라투룸,49316813,월세,05,경상북도 구미시 신평동,구미시,신평동,500,45,0,65,19.66,4,쓰리룸V남향V채광 굿V즉시 입주 가능V,https://www.zigbang.com/home/apt/items/49316813
2026-07-03 07:20:22,빌라투룸,49463863,월세,05,경상북도 구미시 옥계동,구미시,옥계동,200,27,0,60,18.15,4,ㅁ양포초 인근 쓰리룸이 이가격에 먼저오는사람 임자ㅁ,https://www.zigbang.com/home/apt/items/49463863
2026-07-03 07:20:22,빌라투룸,49463773,월세,05,경상북도 구미시 옥계동,구미시,옥계동,1000,60,0,60,18.15,4,ㅁ동사무소 인근 저렴하고 깔끔한 쓰리룸 선착순ㅁ,https://www.zigbang.com/home/apt/items/49463773
2026-07-03 07:20:22,빌라투룸,49463653,월세,04,경상북도 구미시 산동읍 봉산리,구미시,산동읍,500,45,0,60,18.15,4,ㅁ큰도로 인근 찾기힘든 정남향 기운좋은 깔끔한 투룸ㅁ,https://www.zigbang.com/home/apt/items/49463653
2026-07-03 07:20:22,빌라투룸,49303197,월세,04,경상북도 구미시 옥계동,구미시,옥계동,300,39,0,60,18.15,2,ㅁ동사무소 인근 깔끔하고 깨끗한 투룸ㅁ,https://www.zigbang.com/home/apt/items/49303197
2026-07-03 07:20:22,빌라투룸,49264952,월세,04,경상북도 구미시 옥계동,구미시,옥계동,200,26,0,50,15.12,2,ㅁ동사무소 인근 옥계에 이가격에 투룸이 대박사건ㅁ,https://www.zigbang.com/home/apt/items/49264952
2026-07-03 07:20:24,빌라투룸,49529765,월세,05,경상북도 구미시 선산읍 교리,구미시,선산읍,500,55,0,85,25.71,4,쓰리룸 엘베있음 방3 욕실2 베란다2,https://www.zigbang.com/home/apt/items/49529765
2026-07-03 07:20:30,빌라투룸,49572030,월세,05,대구시 동구 서호동,동구,서호동,1000,40,0,44.98,13.61,4,"화이트톤 大쓰리룸,,, 반야월역 인근 채광굿",https://www.zigbang.com/home/apt/items/49572030
2026-07-03 07:20:30,빌라투룸,49571216,월세,04,대구시 동구 동호동,동구,동호동,500,30,0,49.59,15.0,4,ㅇ수리완료ㅇ방2주방1ㅇ햇빛잘들어오는집ㅇ,https://www.zigbang.com/home/apt/items/49571216
2026-07-03 07:20:30,빌라투룸,49571187,월세,04,대구시 동구 율하동,동구,율하동,2000,40,0,52.8,15.97,3,ㅇ방2거실1ㅇ남향ㅇ신기역 인근ㅇ중문ㅇ,https://www.zigbang.com/home/apt/items/49571187
2026-07-03 07:20:30,빌라투룸,49570939,월세,04,대구시 동구 서호동,동구,서호동,1000,50,0,52.89,16.0,3,ㅇ풀옵션ㅇ방2 거실1 욕실1ㅇ반야월역 도보1분ㅇ무인택배함ㅇ,https://www.zigbang.com/home/apt/items/49570939
2026-07-03 07:20:30,빌라투룸,49570889,월세,05,대구시 동구 동호동,동구,동호동,2000,60,0,78.23,23.66,4,ㅇ방3욕실2ㅇ복층 주인세대ㅇ반야월역 인근ㅇ,https://www.zigbang.com/home/apt/items/49570889
2026-07-03 07:20:30,빌라투룸,49570832,월세,04,대구시 동구 서호동,동구,서호동,2000,40,0,44.98,13.61,4,ㅇ반야월역 5분ㅇ2022년ㅇ방2거실1ㅇ,https://www.zigbang.com/home/apt/items/49570832
2026-07-03 07:20:30,빌라투룸,49551467,월세,04,대구시 동구 서호동,동구,서호동,2000,40,0,44.98,13.61,4,"방2거1, 동물협의, 22년식 신축 깔끔한 집",https://www.zigbang.com/home/apt/items/49551467
2026-07-03 07:20:30,빌라투룸,49436143,월세,04,대구시 동구 율하동,동구,율하동,500,35,0,23.62,7.15,3,.거실1방1 율하신축투룸.200프로 실매물.붙박이장 엘베.,https://www.zigbang.com/home/apt/items/49436143
2026-07-03 07:20:30,빌라투룸,49383092,월세,04,대구시 동구 서호동,동구,서호동,300,35,0,45,13.61,2,HOT . 반야월역 . 도보2분 . 화이트톤 . 깔끔한집,https://www.zigbang.com/home/apt/items/49383092
2026-07-03 07:20:30,빌라투룸,49587624,월세,04,대구시 동구 각산동,동구,각산동,500,45,0,49.59,15.0,2,ㅇ물빛서원 3분ㅇ비나리공원 1분ㅇ주차편리ㅇ,https://www.zigbang.com/home/apt/items/49587624
2026-07-03 07:20:30,빌라투룸,49575628,월세,04,대구시 동구 각산동,동구,각산동,500,45,0,66.12,20.0,2,"즉시입주,새론중근접,넓은남향투룸,",https://www.zigbang.com/home/apt/items/49575628
2026-07-03 07:20:30,빌라투룸,49575143,월세,04,대구시 동구 신서동,동구,신서동,1000,45,0,60.77,18.38,2,ㅇ방2거실1ㅇ기본옵션 있음ㅇ주차편리ㅇ즉시입주가능ㅇ,https://www.zigbang.com/home/apt/items/49575143
2026-07-03 07:20:30,빌라투룸,49573991,월세,04,대구시 동구 각산동,동구,각산동,500,48,0,72.21,21.84,2,즉시입주가능하며 층간소음없는 혁신도시신축급투룸,https://www.zigbang.com/home/apt/items/49573991
2026-07-03 07:20:30,빌라투룸,49572183,월세,05,대구시 동구 신서동,동구,신서동,1000,55,0,59.5,18.0,2,ㅇ부동산원 1분ㅇ방3욕실2ㅇ가성비ㅇ마운틴뷰ㅇ,https://www.zigbang.com/home/apt/items/49572183
2026-07-03 07:20:30,빌라투룸,49571275,월세,05,대구시 동구 각산동,동구,각산동,500,50,0,49.59,15.0,2,ㅇ채광ㅇ주차편리ㅇ방2거실ㅇ에어컨2ㅇ남향ㅇ,https://www.zigbang.com/home/apt/items/49571275
2026-07-03 07:20:30,빌라투룸,49480486,월세,04,대구시 동구 신서동,동구,신서동,300,38,0,28.26,8.55,3,.거실1방1 신서동신축투룸.200프로실매물.채광우수구조굿.,https://www.zigbang.com/home/apt/items/49480486
2026-07-03 07:20:30,빌라투룸,49443239,월세,04,대구시 동구 각산동,동구,각산동,500,45,0,49.59,15.0,2,"새론중삼거리 아주넓고깔끔한방2 남향투룸,청소완료.즉시입주",https://www.zigbang.com/home/apt/items/49443239
2026-07-03 07:20:30,빌라투룸,49443170,월세,04,대구시 동구 신서동,동구,신서동,500,45,0,45,13.61,2,"혁신도시 신보옆깔끔한투룸.공기관가장근접거리,조용하고주차편리",https://www.zigbang.com/home/apt/items/49443170
2026-07-03 07:20:30,빌라투룸,49254856,전세,05,대구시 동구 신서동,동구,신서동,12000,0,0,99.17,30.0,3,"LH 전세가능한 융자없는 혁신도시주인세대,즉시입주가",https://www.zigbang.com/home/apt/items/49254856
2026-07-03 07:20:30,빌라투룸,49562300,월세,04,경상북도 경산시 진량읍 신상리,경산시,진량읍,300,44,0,39.66,12.0,4,엘베있는 정남향 투룸,https://www.zigbang.com/home/apt/items/49562300
2026-07-03 07:20:30,빌라투룸,49557758,월세,04,경상북도 경산시 진량읍 신상리,경산시,진량읍,300,45,0,48,14.52,4,엘리베이트있어서 살기좋은집,https://www.zigbang.com/home/apt/items/49557758
2026-07-03 07:20:30,빌라투룸,49534194,월세,04,경상북도 경산시 진량읍 신상리,경산시,진량읍,200,33,0,40,12.1,2,베란다 주방 분리 방이 큰 투룸,https://www.zigbang.com/home/apt/items/49534194
2026-07-03 07:20:30,빌라투룸,49532788,월세,04,경상북도 경산시 진량읍 신상리,경산시,진량읍,100,32,0,49.59,15.0,4,방 마다 에어컨 완비 투룸,https://www.zigbang.com/home/apt/items/49532788
2026-07-03 07:20:30,빌라투룸,49522472,월세,04,경상북도 경산시 진량읍 신상리,경산시,진량읍,100,33,0,47,14.22,4,싸고 살기좋으며 조용한 방,https://www.zigbang.com/home/apt/items/49522472
2026-07-03 07:20:30,빌라투룸,49508595,월세,04,경상북도 경산시 진량읍 신상리,경산시,진량읍,200,33,0,48.9,14.79,2,넓은 화장실 넓은 방 투룸,https://www.zigbang.com/home/apt/items/49508595
2026-07-03 07:20:30,빌라투룸,49505670,월세,04,경상북도 경산시 진량읍 신상리,경산시,진량읍,200,33,0,49.1,14.85,4,가성비 좋은 투룸,https://www.zigbang.com/home/apt/items/49505670
2026-07-03 07:20:30,빌라투룸,49501279,월세,04,경상북도 경산시 진량읍 신상리,경산시,진량읍,300,36,0,46.28,14.0,3,소개비 무 시세보다 싼 귀한투룸,https://www.zigbang.com/home/apt/items/49501279
2026-07-03 07:20:30,빌라투룸,49493389,월세,04,경상북도 경산시 진량읍 신상리,경산시,진량읍,200,30,0,42.1,12.74,2,최저가 투룸입니다,https://www.zigbang.com/home/apt/items/49493389
2026-07-03 07:20:30,빌라투룸,49323771,월세,04,경상북도 경산시 진량읍 신상리,경산시,진량읍,200,35,0,52.89,16.0,2,편리한 집 투룸,https://www.zigbang.com/home/apt/items/49323771
2026-07-03 07:20:30,빌라투룸,49518015,월세,04,경상북도 경산시 하양읍 금락리,경산시,하양읍,300,39,0,45,13.61,2,하양역 도보 10분 식자재마트 강변공원 2분위치 깔끔 미투,https://www.zigbang.com/home/apt/items/49518015
2026-07-03 07:20:34,빌라투룸,49483454,월세,04,경상북도 경주시 황성동,경주시,황성동,300,48,0,52.89,16.0,2,"방2,,,깔끔한 내부",https://www.zigbang.com/home/apt/items/49483454
2026-07-03 07:20:34,빌라투룸,49393052,월세,04,경상북도 경주시 용강동,경주시,용강동,500,42,0,48.6,14.7,4,"남향 빌라4층 방2,넓은거실과주방 옵션없음",https://www.zigbang.com/home/apt/items/49393052
2026-07-03 07:20:34,빌라투룸,49272976,월세,04,경상북도 경주시 황성동,경주시,황성동,300,48,0,50,15.12,2,ㅡ방2 주방ㅡ예쁜 정투룸ㅡ주차편리ㅡ,https://www.zigbang.com/home/apt/items/49272976
2026-07-03 07:20:36,빌라투룸,49574489,월세,04,경상북도 포항시 북구 대흥동,포항시 북구,대흥동,500,55,0,52.89,16.0,3,시내 우체국 5분거리 철길 인근 투룸,https://www.zigbang.com/home/apt/items/49574489
2026-07-03 07:20:36,빌라투룸,49554897,월세,04,경상북도 포항시 북구 덕산동,포항시 북구,덕산동,200,34,0,53,16.03,3,북구청 근교 EV있는 풀옵션 정투룸,https://www.zigbang.com/home/apt/items/49554897
2026-07-03 07:20:36,빌라투룸,49537832,월세,04,경상북도 포항시 북구 동빈1가,포항시 북구,동빈1가,500,50,0,60,18.15,2,준신축 엘리베이터 정투룸T,https://www.zigbang.com/home/apt/items/49537832
2026-07-03 07:20:36,빌라투룸,49416569,월세,04,경상북도 포항시 북구 학산동,포항시 북구,학산동,500,45,0,50,15.12,4,롯데백화점인근 풀옵션 정투룸 도배중,https://www.zigbang.com/home/apt/items/49416569
2026-07-03 07:20:36,빌라투룸,49371437,월세,05,경상북도 포항시 북구 동빈1가,포항시 북구,동빈1가,1000,81,0,99.17,30.0,4,동빈동 북구청 인근 엘리베이터있는  주인세대 입니다.,https://www.zigbang.com/home/apt/items/49371437
2026-07-03 07:20:36,빌라투룸,49365069,월세,04,경상북도 포항시 북구 동빈2가,포항시 북구,동빈2가,300,40,0,57,17.24,2,가성비 좋은 옵션 정투룸T,https://www.zigbang.com/home/apt/items/49365069
2026-07-03 07:20:36,빌라투룸,49290230,월세,04,경상북도 포항시 북구 동빈1가,포항시 북구,동빈1가,500,50,0,59.5,18.0,3,엘리베이터 건물  동빈동 북구청부근   투룸,https://www.zigbang.com/home/apt/items/49290230
2026-07-03 07:20:36,빌라투룸,49258379,전세,04,경상북도 포항시 북구 동빈1가,포항시 북구,동빈1가,6000,0,0,50,15.12,2,북구청 채움병원인근 깔끔한 정투 전세,https://www.zigbang.com/home/apt/items/49258379
2026-07-03 07:21:27,빌라투룸,49583006,월세,04,충청남도 서산시 동문동,서산시,동문동,1000,30,0,49.59,15.0,4,조용한 주택가에 상태양호한 풀옵션 미니 투룸,https://www.zigbang.com/home/apt/items/49583006
2026-07-03 07:21:27,빌라투룸,49449794,월세,04,충청남도 서산시 읍내동,서산시,읍내동,1000,55,0,63.2,19.12,2,문화회관인근 넓은 투룸 협의입주,https://www.zigbang.com/home/apt/items/49449794
2026-07-03 07:21:59,빌라투룸,49590610,월세,04,인천시 영종구 운남동,영종구,운남동,500,50,0,36.36,11.0,3,가격 착한 가성비 미니투룸,https://www.zigbang.com/home/apt/items/49590610
2026-07-03 07:21:59,빌라투룸,49575523,월세,04,인천시 영종구 운남동,영종구,운남동,300,45,0,39.67,12.0,3,최저가 착한투룸 바로입주,https://www.zigbang.com/home/apt/items/49575523
2026-07-03 07:21:59,빌라투룸,49545780,월세,04,인천시 영종구 운남동,영종구,운남동,2000,35,0,45,13.61,2,거실넓고 컨디션 최고 투룸,https://www.zigbang.com/home/apt/items/49545780
2026-07-03 07:21:59,빌라투룸,49543792,월세,04,인천시 영종구 운남동,영종구,운남동,2000,35,0,33.06,10.0,3,ㅡluckyㅡ 컨디션 킹왕짱 인기좋은 투룸 월세,https://www.zigbang.com/home/apt/items/49543792
2026-07-03 07:21:59,빌라투룸,49473685,월세,04,인천시 영종구 운북동,영종구,운북동,1000,60,0,49.59,15.0,4,ㅡluckyㅡ 영종역 도보 가능한 투룸복층,https://www.zigbang.com/home/apt/items/49473685
2026-07-03 07:21:59,빌라투룸,49473196,월세,04,인천시 영종구 운남동,영종구,운남동,300,45,0,37,11.19,2,ㅡluckyㅡ 투룸 최저가 갓성비 최고,https://www.zigbang.com/home/apt/items/49473196
2026-07-03 07:21:59,빌라투룸,49440574,월세,04,인천시 영종구 운북동,영종구,운북동,1000,60,0,68,20.57,4,복층 대형 투룸  화장실 2개  태양열 설치,https://www.zigbang.com/home/apt/items/49440574
2026-07-03 07:21:59,빌라투룸,49418819,월세,05,인천시 영종구 운남동,영종구,운남동,2000,72,0,52.89,16.0,1,ㅡlcukyㅡ 신축 완전 저렴 3룸,https://www.zigbang.com/home/apt/items/49418819
2026-07-03 07:21:59,빌라투룸,49375546,월세,04,인천시 영종구 운남동,영종구,운남동,5000,25,0,12,3.63,2,ㅡluckyㅡ 거실 넓고 구조좋은 투룸 저렴한 월세,https://www.zigbang.com/home/apt/items/49375546
2026-07-03 07:21:59,빌라투룸,49298639,월세,04,인천시 영종구 운남동,영종구,운남동,500,60,0,46.28,14.0,3,화이트톤 대로변 큰 투룸,https://www.zigbang.com/home/apt/items/49298639
2026-07-03 07:22:04,빌라투룸,49557312,매매,05,인천시 강화군 강화읍 관청리,강화군,강화읍,19000,0,19000,50.99,15.42,2,최저실입주로 가능한 학군위치 방3화2 신축컨디션 급매물,https://www.zigbang.com/home/apt/items/49557312
2026-07-03 07:22:53,빌라투룸,49361537,월세,04,충청남도 아산시 도고면 기곡리,아산시,도고면,200,45,0,50,15.12,4,신축급 투룸ㅣ엘베 . 풀옵션ㅣ도고농공단지 . 예산,https://www.zigbang.com/home/apt/items/49361537
2026-07-03 07:22:54,빌라투룸,49394140,월세,04,충청남도 당진시 신평면 금천리,당진시,신평면,500,54,0,39.6,11.98,4,신평 귀한 투룸 월세 옵션 좋은 집,https://www.zigbang.com/home/apt/items/49394140
2026-07-03 07:22:56,빌라투룸,49535669,월세,04,충청남도 아산시 온천동,아산시,온천동,500,60,0,58,17.54,4,에어컨2대 white st 시청쪽 중문 대형투룸 신축 EV,https://www.zigbang.com/home/apt/items/49535669
2026-07-03 07:22:56,빌라투룸,49436589,월세,04,충청남도 아산시 온천동,아산시,온천동,1000,55,0,56.2,17.0,3,ꗟꗟ 중문 있는 신축투룸 ꗟꗟ온천천view ꗟꗟ,https://www.zigbang.com/home/apt/items/49436589
2026-07-03 07:22:56,빌라투룸,49381381,월세,04,충청남도 아산시 온천동,아산시,온천동,1000,70,0,70,21.17,2,OOO신축 투룸 붙박이장OOO,https://www.zigbang.com/home/apt/items/49381381
2026-07-03 07:22:56,빌라투룸,49357085,월세,04,충청남도 아산시 온천동,아산시,온천동,500,40,0,55,16.64,4,ㅁㅁ 시청인근 최저가 ㅁㅁ,https://www.zigbang.com/home/apt/items/49357085
2026-07-03 07:22:56,빌라투룸,49341207,월세,04,충청남도 아산시 온천동,아산시,온천동,500,40,0,55,16.64,3,ꔪꔪ 최 ꔪ 저 ꔪ 가 ꔪ 투룸 급매물확보 ꔪꔪ,https://www.zigbang.com/home/apt/items/49341207
2026-07-03 07:22:56,빌라투룸,48762493,월세,04,충청남도 아산시 온천동,아산시,온천동,500,70,0,65,19.66,2,ll시청 부근. 주인세대. 넓은거실.붙박이장.인터넷.ll,https://www.zigbang.com/home/apt/items/48762493
2026-07-03 07:22:56,빌라투룸,49568144,월세,04,충청남도 아산시 온천동,아산시,온천동,1000,70,0,70,21.17,3,OOO테라스 넓은 투룸OOO,https://www.zigbang.com/home/apt/items/49568144
2026-07-03 07:22:56,빌라투룸,49241985,월세,04,충청남도 아산시 온천동,아산시,온천동,1000,75,0,60,18.15,2,ꔚꔣ 테라스 신축 투룸 ꔚꔣ,https://www.zigbang.com/home/apt/items/49241985
2026-07-03 07:22:56,빌라투룸,49571806,월세,05,충청남도 아산시 탕정면 갈산리,아산시,탕정면,1000,75,0,66.11,20.0,4,"l탕정크린l선문대 서문 풀옵션 . 방3, 거실2, 화장실2",https://www.zigbang.com/home/apt/items/49571806
2026-07-03 07:22:56,빌라투룸,49474648,월세,04,충청남도 아산시 탕정면 갈산리,아산시,탕정면,500,60,0,33.05,10.0,2,I탕정크린I선문대 서문 탕정초 옆 투룸 . 주차 매우 편리,https://www.zigbang.com/home/apt/items/49474648
2026-07-03 07:22:56,빌라투룸,49415322,월세,04,충청남도 아산시 탕정면 갈산리,아산시,탕정면,300,60,0,49.59,15.0,2,ㅇ선문대.탕정삼성ㅇ2인기준ㅇ깨끗한투룸ㅇEVㅇ풀옵션ㅇ1년이상,https://www.zigbang.com/home/apt/items/49415322
2026-07-03 07:22:56,빌라투룸,49384697,월세,04,충청남도 아산시 탕정면 갈산리,아산시,탕정면,300,60,0,36.36,11.0,2,I탕정크린I선문대 서문 삼봉 학교 초 인접 7월중순입주가능,https://www.zigbang.com/home/apt/items/49384697
2026-07-03 07:22:56,빌라투룸,49281517,월세,04,충청남도 아산시 탕정면 갈산리,아산시,탕정면,500,75,0,49.59,15.0,3,ㅇ탕정삼성ㅇ선문대서문ㅇ풀옵션ㅇ큰투룸ㅇ화장실2ㅇ주차장ㅇ엘베,https://www.zigbang.com/home/apt/items/49281517
2026-07-03 07:22:56,빌라투룸,49281435,월세,05,충청남도 아산시 탕정면 갈산리,아산시,탕정면,1000,75,0,56.19,17.0,4,ㅇ탕정삼성ㅇ선문대서문ㅇ복층3룸ㅇ방3화2ㅇ풀옵션ㅇ주차장ㅇ엘베,https://www.zigbang.com/home/apt/items/49281435
2026-07-03 07:22:56,빌라투룸,49246543,월세,06,충청남도 아산시 탕정면 호산리,아산시,탕정면,3000,95,0,132.23,40.0,4,ㅇ탕정삼성ㅇ선문대ㅇ복층주인세대월세ㅇ방4 화3ㅇ즉시입주ㅇ,https://www.zigbang.com/home/apt/items/49246543
2026-07-03 07:22:56,빌라투룸,49073272,월세,06,충청남도 아산시 탕정면 호산리,아산시,탕정면,3000,90,0,132.23,40.0,4,"l탕정크린l 신축급 매우 넓은 주인세대, 전세도 가능",https://www.zigbang.com/home/apt/items/49073272
2026-07-03 07:22:56,빌라투룸,49073051,월세,04,충청남도 아산시 탕정면 갈산리,아산시,탕정면,500,60,0,39.66,12.0,3,"I탕정크린I선문대 서문 로타리. 방,주방,거실,베란다 분리",https://www.zigbang.com/home/apt/items/49073051
2026-07-03 07:22:57,빌라투룸,49569928,월세,04,충청남도 아산시 둔포면 관대리,아산시,둔포면,300,39,0,42.98,13.0,4,관대리 투룸월세.  평택15분거리 입니다.,https://www.zigbang.com/home/apt/items/49569928
2026-07-03 07:22:57,빌라투룸,49569843,월세,04,충청남도 아산시 둔포면 신항리,아산시,둔포면,300,38,0,33.05,10.0,2,융자없는 투룸 월세 퍼스트아울렛 5분거리 입니다.,https://www.zigbang.com/home/apt/items/49569843
2026-07-03 07:22:57,빌라투룸,49569798,월세,04,충청남도 아산시 둔포면 관대리,아산시,둔포면,300,39,0,42.97,13.0,4,융자없는 관대리 투룸. 평택 20분거리. 교통편리합니다.,https://www.zigbang.com/home/apt/items/49569798
2026-07-03 07:22:57,빌라투룸,49569759,전세,04,충청남도 아산시 둔포면 신항리,아산시,둔포면,5000,0,0,39,11.8,4,"투룸전세, 융자최소로 있음, 평택미군기지15분거리 입니다.",https://www.zigbang.com/home/apt/items/49569759
2026-07-03 07:22:57,빌라투룸,49569724,전세,04,충청남도 아산시 둔포면 관대리,아산시,둔포면,5500,0,0,39.66,12.0,2,"융자없는 투룸전세 평택15분거리,보증보험,LH전세 가능함",https://www.zigbang.com/home/apt/items/49569724
2026-07-03 07:22:57,빌라투룸,49539701,월세,04,충청남도 아산시 둔포면 신항리,아산시,둔포면,300,39,0,33.05,10.0,3,v 엄청 넓은 저렴한 투룸 v 퍼스트빌리지 인근,https://www.zigbang.com/home/apt/items/49539701
2026-07-03 07:22:57,빌라투룸,49530154,월세,04,충청남도 아산시 둔포면 산전리,아산시,둔포면,300,53,0,39.05,11.81,2,"실매물사진 l 첫입주 투룸,2R 월세,2층 l 화장실 2개",https://www.zigbang.com/home/apt/items/49530154
2026-07-03 07:22:57,빌라투룸,49530146,월세,04,충청남도 아산시 둔포면 신항리,아산시,둔포면,200,36,0,33.05,10.0,3,"실매물사진 l 신항리 2R,투룸 월세 l 3층 l 입주환영",https://www.zigbang.com/home/apt/items/49530146
2026-07-03 07:22:57,빌라투룸,49465218,월세,04,충청남도 아산시 둔포면 신항리,아산시,둔포면,200,36,0,26.45,8.0,3,신항리 귀한 투룸 금방 나가요,https://www.zigbang.com/home/apt/items/49465218
2026-07-03 07:22:57,빌라투룸,49455886,월세,04,충청남도 아산시 둔포면 신항리,아산시,둔포면,200,36,0,29.75,9.0,3,신항리 귀한 미니투룸 퍼스트 빌리지 뒷편,https://www.zigbang.com/home/apt/items/49455886
2026-07-03 07:22:57,빌라투룸,49455844,월세,04,충청남도 아산시 둔포면 신항리,아산시,둔포면,200,36,0,26.45,8.0,4,"신항리 투룸  월세, 가성비 최고방, 엘리베이터 설치",https://www.zigbang.com/home/apt/items/49455844
2026-07-03 07:22:57,빌라투룸,49455754,월세,04,충청남도 아산시 둔포면 신항리,아산시,둔포면,200,34,0,33.05,10.0,4,l 신항리 최저가 투룸 월세 l 현재 공실 l 즉시입주가능,https://www.zigbang.com/home/apt/items/49455754
2026-07-03 07:22:57,빌라투룸,49357584,월세,04,충청남도 아산시 둔포면 신항리,아산시,둔포면,300,39,0,26.45,8.0,3,"신항리 거실 넓게 나온 투룸 , 금방 나가요",https://www.zigbang.com/home/apt/items/49357584
2026-07-03 07:22:57,빌라투룸,49327370,월세,04,충청남도 아산시 둔포면 산전리,아산시,둔포면,300,53,0,40,12.1,3,ㅇ신축투룸 ㅇ첫입주 ㅇ넓은구조 ㅇ좋은집,https://www.zigbang.com/home/apt/items/49327370
2026-07-03 07:22:57,빌라투룸,49543800,월세,05,충청남도 천안시 동남구 북면 연춘리,천안시 동남구,북면,1000,60,0,59.83,18.1,3,JH 신축아파트 스타일 쓰리룸 쾌적하고 조용한 환경 JH,https://www.zigbang.com/home/apt/items/49543800
2026-07-03 07:22:57,빌라투룸,49543672,월세,05,충청남도 천안시 동남구 북면 연춘리,천안시 동남구,북면,1000,57,0,75,22.69,2,lll 신축급 거실 큰 3룸 lll 아파트형 화장실 2개,https://www.zigbang.com/home/apt/items/49543672
2026-07-03 07:22:57,빌라투룸,49291387,월세,05,충청남도 천안시 동남구 북면 연춘리,천안시 동남구,북면,1000,56,0,59.8,18.09,3,I I I   애완가능 신축 쓰리룸 주목   I I I,https://www.zigbang.com/home/apt/items/49291387
2026-07-03 07:22:57,빌라투룸,49262384,월세,05,충청남도 천안시 동남구 북면 연춘리,천안시 동남구,북면,1000,60,0,59.98,18.14,1,연춘리 신축 쓰리룸 빌라 옵션 無 즉시입주 가능,https://www.zigbang.com/home/apt/items/49262384
2026-07-03 07:22:57,빌라투룸,49446171,월세,04,충청남도 천안시 동남구 목천읍 신계리,천안시 동남구,목천읍,500,50,0,42,12.7,2,동우아파트 근처 투룸 풀옵션 즉시입주 가능,https://www.zigbang.com/home/apt/items/49446171
2026-07-03 07:22:57,빌라투룸,49370024,월세,04,충청남도 천안시 동남구 목천읍 신계리,천안시 동남구,목천읍,500,50,0,49.59,15.0,2,"투룸투룸, 목천읍, 완전풀옵션",https://www.zigbang.com/home/apt/items/49370024
2026-07-03 07:22:57,빌라투룸,49582097,월세,04,충청남도 아산시 둔포면 석곡리,아산시,둔포면,500,61,0,49.59,15.0,3,거실 방 넓은 투룸,https://www.zigbang.com/home/apt/items/49582097
2026-07-03 07:22:57,빌라투룸,49574793,월세,04,충청남도 아산시 둔포면 석곡리,아산시,둔포면,500,61,0,39.67,12.0,3,"석곡리 2년차 신축 , 넓게 나온 투룸",https://www.zigbang.com/home/apt/items/49574793
2026-07-03 07:22:57,빌라투룸,49557552,월세,04,충청남도 아산시 둔포면 석곡리,아산시,둔포면,500,61,0,40.05,12.12,3,"실매물사진 l 석곡리 투룸,2R 월세 l 둔포 테크노밸리",https://www.zigbang.com/home/apt/items/49557552
2026-07-03 07:22:57,빌라투룸,49540365,월세,04,충청남도 아산시 둔포면 신양리,아산시,둔포면,300,38,0,40,12.1,4,"좋은 가격 넓은투룸, 베스트컨디션,오늘 입주도 가능, 엘베",https://www.zigbang.com/home/apt/items/49540365
2026-07-03 07:22:57,빌라투룸,49501803,월세,04,충청남도 아산시 둔포면 신양리,아산시,둔포면,300,38,0,49.59,15.0,4,착한가격 넓은 투룸,https://www.zigbang.com/home/apt/items/49501803
2026-07-03 07:22:57,빌라투룸,49377263,월세,04,충청남도 아산시 둔포면 신양리,아산시,둔포면,300,38,0,33.06,10.0,4,"신양리 귀한 투룸 , 가성비 최고 방",https://www.zigbang.com/home/apt/items/49377263
2026-07-03 07:22:57,빌라투룸,49374986,월세,04,충청남도 아산시 둔포면 신양리,아산시,둔포면,300,46,0,32.25,9.76,3,"신양리 신축급  거실 넓은 투룸, 신축 3년차, 현재 사진",https://www.zigbang.com/home/apt/items/49374986
2026-07-03 07:22:57,빌라투룸,49571244,월세,04,충청남도 천안시 동남구 신방동,천안시 동남구,신방동,700,50,0,60,18.15,2,"새샘중 근처 신축급투룸, 주차 가능",https://www.zigbang.com/home/apt/items/49571244
2026-07-03 07:22:57,빌라투룸,49571229,월세,04,충청남도 천안시 동남구 신방동,천안시 동남구,신방동,500,60,0,60,18.15,4,"로타리 근처 신축 투룸,에어컨2대,주차 가능",https://www.zigbang.com/home/apt/items/49571229
2026-07-03 07:22:57,빌라투룸,49557297,월세,04,충청남도 천안시 동남구 청당동,천안시 동남구,청당동,500,55,0,45,13.61,2,착한가격 채광좋은 풀옵션 투룸 주차편리,https://www.zigbang.com/home/apt/items/49557297
2026-07-03 07:22:57,빌라투룸,49534891,월세,04,충청남도 천안시 동남구 청당동,천안시 동남구,청당동,5000,30,0,61,18.45,2,"신축급 깔끔한 투룸,엘베o",https://www.zigbang.com/home/apt/items/49534891
2026-07-03 07:22:57,빌라투룸,49534662,월세,04,충청남도 천안시 동남구 청당동,천안시 동남구,청당동,1000,65,0,64,19.36,4,"신축급 복층형구조, 풀옵션, 즉시입주가능, 엘베o",https://www.zigbang.com/home/apt/items/49534662
2026-07-03 07:22:57,빌라투룸,49534580,월세,04,충청남도 천안시 동남구 청당동,천안시 동남구,청당동,5000,30,0,64,19.36,2,"신축급 투룸월세, 전세대출가능, 풀옵션, 엘베o",https://www.zigbang.com/home/apt/items/49534580
2026-07-03 07:22:57,빌라투룸,49533433,월세,04,충청남도 천안시 동남구 신방동,천안시 동남구,신방동,1000,55,0,60,18.15,2,"해 잘드는 신축급 투룸,에어컨2대,주차 가능",https://www.zigbang.com/home/apt/items/49533433
2026-07-03 07:22:57,빌라투룸,49525862,월세,04,충청남도 천안시 동남구 신방동,천안시 동남구,신방동,500,40,0,42.6,12.89,4,"똑같은 방이 2개,넓은 베란다,남서향 방향으로 밝아요.",https://www.zigbang.com/home/apt/items/49525862
2026-07-03 07:22:57,빌라투룸,49516101,월세,04,충청남도 천안시 동남구 신방동,천안시 동남구,신방동,800,50,0,53,16.03,4,저렴하고 깔끔한 투룸,https://www.zigbang.com/home/apt/items/49516101
2026-07-03 07:22:57,빌라투룸,49499893,월세,05,충청남도 천안시 동남구 신방동,천안시 동남구,신방동,2000,70,0,70,21.17,4,채광좋고 방크기 엄청넓은 깨끗한 주인세대 방3 화2,https://www.zigbang.com/home/apt/items/49499893
2026-07-03 07:22:57,빌라투룸,49499702,월세,05,충청남도 천안시 동남구 신방동,천안시 동남구,신방동,1500,70,0,70,21.17,4,"주방공간넉넉,방크기 엄청넓은 볕좋은 주인세대 방3화2",https://www.zigbang.com/home/apt/items/49499702
2026-07-03 07:22:57,빌라투룸,49484005,월세,04,충청남도 천안시 동남구 청당동,천안시 동남구,청당동,500,55,0,49.58,15.0,2,저렴한 투룸ㅣ남동향ㅣ풀옵션ㅣ가격파괴,https://www.zigbang.com/home/apt/items/49484005
2026-07-03 07:22:57,빌라투룸,49449679,월세,04,충청남도 천안시 동남구 신방동,천안시 동남구,신방동,700,52,0,59.5,18.0,3,공원인근 깔끔한투룸,https://www.zigbang.com/home/apt/items/49449679
2026-07-03 07:22:57,빌라투룸,49441523,월세,04,충청남도 천안시 동남구 청당동,천안시 동남구,청당동,1000,70,0,52.89,16.0,2,청당동 투룸ㅣ남향ㅣ테라스ㅣ풀옵션ㅣ엘베,https://www.zigbang.com/home/apt/items/49441523
2026-07-03 07:22:57,빌라투룸,49263769,월세,04,충청남도 천안시 동남구 신방동,천안시 동남구,신방동,1000,55,0,59.5,18.0,2,신축급 저렴한 투룸,https://www.zigbang.com/home/apt/items/49263769
2026-07-03 07:22:58,빌라투룸,49174871,월세,04,충청남도 천안시 서북구 성환읍 매주리,천안시 서북구,성환읍,500,72,0,59.5,18.0,3,성환역 가까운 거실넓은 화이으톤 투룸 정남향 입니다.,https://www.zigbang.com/home/apt/items/49174871
2026-07-03 07:22:58,빌라투룸,49588837,월세,04,충청남도 천안시 서북구 성거읍 천흥리,천안시 서북구,성거읍,1000,75,0,59.5,18.0,3,ㅇ보증금 조절가능ㅇ신축 ㅇ투룸ㅇ,https://www.zigbang.com/home/apt/items/49588837
2026-07-03 07:22:58,빌라투룸,49502757,월세,04,충청남도 천안시 서북구 성거읍 천흥리,천안시 서북구,성거읍,300,44,0,45,13.61,2,단기가능한 투룸 가성비 최고 깔끔해요,https://www.zigbang.com/home/apt/items/49502757
2026-07-03 07:22:58,빌라투룸,49302811,월세,04,충청남도 천안시 서북구 성거읍 천흥리,천안시 서북구,성거읍,1000,72,0,56.2,17.0,3,즉시입주 가능 신축 투룸 넓은 거실 넓은 주차장,https://www.zigbang.com/home/apt/items/49302811
2026-07-03 07:22:58,빌라투룸,49247664,월세,05,충청남도 천안시 서북구 성거읍 천흥리,천안시 서북구,성거읍,2000,92,0,80,24.2,4,고급 인테리어 복층 쓰리룸 화장실2개 즉시 입주가능해요,https://www.zigbang.com/home/apt/items/49247664
2026-07-03 07:22:58,빌라투룸,49531405,월세,04,충청남도 천안시 서북구 성거읍 신월리,천안시 서북구,성거읍,500,53,0,49.59,15.0,4,기숙사 환영 리모델링 투룸 주차넓고  저렴합니다.,https://www.zigbang.com/home/apt/items/49531405
2026-07-03 07:22:58,빌라투룸,49565851,월세,04,충청남도 천안시 동남구 안서동,천안시 동남구,안서동,500,63,0,47,14.22,2,호서대 뒤쪽 신축 큰 투룸,https://www.zigbang.com/home/apt/items/49565851
2026-07-03 07:22:58,빌라투룸,49537163,전세,04,충청남도 천안시 동남구 안서동,천안시 동남구,안서동,10000,0,0,50,15.12,3,신축 큰 투룸ㅣ방과 거실에 에어컨 구비ㅣ햇살가득한 남향,https://www.zigbang.com/home/apt/items/49537163
2026-07-03 07:22:58,빌라투룸,49496229,월세,04,충청남도 천안시 동남구 안서동,천안시 동남구,안서동,500,68,0,52,15.73,3,"투룸투룸, 호서대상명대, 신축급",https://www.zigbang.com/home/apt/items/49496229
2026-07-03 07:22:58,빌라투룸,49465791,월세,04,충청남도 천안시 동남구 안서동,천안시 동남구,안서동,1000,58,0,55,16.64,2,"신축급 투룸, 넓은 거실, 2명 쉐어 딱 좋아요, 전세가능",https://www.zigbang.com/home/apt/items/49465791
2026-07-03 07:22:58,빌라투룸,49465562,월세,04,충청남도 천안시 동남구 안서동,천안시 동남구,안서동,500,68,0,55,16.64,2,"6개월 가능, 넓은투룸, 드레스룸2, 화장실겸욕실2",https://www.zigbang.com/home/apt/items/49465562
2026-07-03 07:22:58,빌라투룸,48725599,월세,06,충청남도 천안시 서북구 성성동,천안시 서북구,성성동,2000,120,0,80,24.2,4,성성호수공원 인근 저렴한 주인세대,https://www.zigbang.com/home/apt/items/48725599
2026-07-03 07:23:00,빌라투룸,49584490,월세,04,경기도 평택시 포승읍 원정리,평택시,포승읍,200,46,0,40,12.1,3,조용한위치 집상태양호,https://www.zigbang.com/home/apt/items/49584490
2026-07-03 07:23:00,빌라투룸,49584241,월세,04,경기도 평택시 포승읍 원정리,평택시,포승읍,200,43,0,30,9.07,1,가성비좋은투룸.주차장넓음,https://www.zigbang.com/home/apt/items/49584241
2026-07-03 07:23:00,빌라투룸,49521576,월세,04,경기도 평택시 포승읍 원정리,평택시,포승읍,200,50,0,30,9.07,3,ㅁ 원정리 단기 가능한 저렴한 투룸 ㅁ,https://www.zigbang.com/home/apt/items/49521576
2026-07-03 07:23:00,빌라투룸,49390663,월세,04,경기도 평택시 포승읍 원정리,평택시,포승읍,200,60,0,30,9.07,3,ㅁ 원정리 원룸 단지 내 숙소로 적합한 투룸 ㅁ,https://www.zigbang.com/home/apt/items/49390663
2026-07-03 07:23:00,빌라투룸,49366143,월세,04,경기도 평택시 포승읍 도곡리,평택시,포승읍,200,55,0,42.97,13.0,2,ㅁ 공단 내 가성비 좋은 투룸 ㅁ,https://www.zigbang.com/home/apt/items/49366143
2026-07-03 07:23:00,빌라투룸,49349868,전세,04,경기도 평택시 포승읍 원정리,평택시,포승읍,4500,0,0,38,11.49,2,원정리4큰투룸전세,https://www.zigbang.com/home/apt/items/49349868
2026-07-03 07:23:00,빌라투룸,49555029,월세,04,경기도 평택시 포승읍 도곡리,평택시,포승읍,220,45,0,36.36,11.0,4,"ㅁ단기 가능, 2룸ㅁ 포승 도곡리 가성비 좋은 2룸",https://www.zigbang.com/home/apt/items/49555029
2026-07-03 07:23:00,빌라투룸,49240498,월세,04,경기도 평택시 포승읍 도곡리,평택시,포승읍,300,55,0,30,9.07,2,ㅁ 내기삼거리 인근 ㅁ 넓고 가성비 좋은 투룸 ㅁ,https://www.zigbang.com/home/apt/items/49240498
2026-07-03 07:23:00,빌라투룸,49402379,월세,04,경기도 평택시 포승읍 원정리,평택시,포승읍,200,60,0,30,9.07,4,ㅁ단기가능ㅁ 기아자동차 인근 ㅁ 숙소로 적합한  투룸 ㅁ,https://www.zigbang.com/home/apt/items/49402379
2026-07-03 07:23:00,빌라투룸,49548751,매매,05,경기도 화성시 만세구 우정읍 화산리,화성시 만세구,우정읍,18000,0,18000,50.1,15.16,1,100프로 실매물. 최저실입 상담가능.,https://www.zigbang.com/home/apt/items/49548751
2026-07-03 07:23:00,빌라투룸,49546689,매매,05,경기도 화성시 만세구 우정읍 화산리,화성시 만세구,우정읍,15500,0,15500,46.9,14.19,2,최저실입주금가능 대출문의환영 방3화2,https://www.zigbang.com/home/apt/items/49546689
2026-07-03 07:23:00,빌라투룸,49393358,매매,05,경기도 화성시 만세구 우정읍 조암리,화성시 만세구,우정읍,27500,0,27500,80.77,24.43,3,기아차 및 인근 산단 출퇴근 편리한 실수요자 추천 매물,https://www.zigbang.com/home/apt/items/49393358
2026-07-03 07:23:01,빌라투룸,49576036,월세,04,경기도 화성시 향남읍 구문천리,화성시,향남읍,300,55,0,46.28,14.0,4,남향 창문 배치로 막힘 없이 환합니다.,https://www.zigbang.com/home/apt/items/49576036
2026-07-03 07:23:01,빌라투룸,49575965,월세,04,경기도 화성시 향남읍 구문천리,화성시,향남읍,300,55,0,49.58,15.0,3,"방2,거실 크고 환한 투룸 월세 입니다.",https://www.zigbang.com/home/apt/items/49575965
2026-07-03 07:23:01,빌라투룸,49575948,월세,04,경기도 화성시 향남읍 구문천리,화성시,향남읍,500,60,0,42.98,13.0,3,"방 거실 큰 투룸으로 인터넷,유선방송 연결 되어 있습니다.",https://www.zigbang.com/home/apt/items/49575948
2026-07-03 07:23:01,빌라투룸,49575918,월세,04,경기도 화성시 만세구 향남읍 구문천리,화성시 만세구,향남읍,300,45,0,33.06,10.0,2,월세 저렴한 미니 투룸  입니다.,https://www.zigbang.com/home/apt/items/49575918
2026-07-03 07:23:01,빌라투룸,49574755,월세,04,경기도 화성시 만세구 향남읍 구문천리,화성시 만세구,향남읍,300,55,0,45.97,13.91,4,올수리된 집으로 환하고 깨끗합니다.,https://www.zigbang.com/home/apt/items/49574755
2026-07-03 07:23:01,빌라투룸,49550772,월세,04,경기도 화성시 만세구 향남읍 구문천리,화성시 만세구,향남읍,500,55,0,40,12.1,2,"풀옵션 투룸 월세, 기숙사 가능, 바로 입주 가능, 로또",https://www.zigbang.com/home/apt/items/49550772
2026-07-03 07:23:02,빌라투룸,49478485,전세,05,경기도 화성시 만세구 남양읍 장덕리,화성시 만세구,남양읍,18000,0,0,141.9,42.92,2,... 더 아이리스 ...정원이 아름다운 전원주택2층 전세,https://www.zigbang.com/home/apt/items/49478485
2026-07-03 07:23:02,빌라투룸,49529123,월세,04,경기도 화성시 만세구 팔탄면 지월리,화성시 만세구,팔탄면,300,53,0,42.97,13.0,3,팔탄면 지월리 풀옵션투룸 저렴하게 나온 방,https://www.zigbang.com/home/apt/items/49529123
2026-07-03 07:23:02,빌라투룸,49486883,매매,05,경기도 화성시 만세구 팔탄면 구장리,화성시 만세구,팔탄면,20000,0,20000,62.95,19.04,2,"구장리 방3 화2 엘베 O 인프라,구조좋은 쓰리룸 빌라",https://www.zigbang.com/home/apt/items/49486883
2026-07-03 07:23:03,빌라투룸,49286826,월세,04,경기도 평택시 청북읍 후사리,평택시,청북읍,1000,55,0,46.92,14.19,3,접근성 좋은 신축 투룸입니다,https://www.zigbang.com/home/apt/items/49286826
2026-07-03 07:23:03,빌라투룸,49557249,월세,04,충청남도 아산시 둔포면 송용리,아산시,둔포면,200,36,0,40,12.1,3,저렴한투룸미군부대7분도시가스시내5분편의점1분,https://www.zigbang.com/home/apt/items/49557249
2026-07-03 07:23:03,빌라투룸,49542298,월세,04,충청남도 아산시 둔포면 송용리,아산시,둔포면,200,43,0,45,13.61,3,정말 저렴한 투룸 보증금 월세 조절 가능 o풀옵션o,https://www.zigbang.com/home/apt/items/49542298
2026-07-03 07:23:03,빌라투룸,49540486,월세,04,충청남도 아산시 둔포면 송용리,아산시,둔포면,300,51,0,46.28,14.0,3,"풀옵션 큰 투룸,테크노벨리,둔포시내 인접 ,도시가스",https://www.zigbang.com/home/apt/items/49540486
2026-07-03 07:23:03,빌라투룸,49540454,월세,04,충청남도 아산시 둔포면 송용리,아산시,둔포면,200,36,0,28.1,8.5,4,"원룸 가격 투룸, 풀옵션, 도시가스,엘베 , 좋은컨디션",https://www.zigbang.com/home/apt/items/49540454
2026-07-03 07:23:03,빌라투룸,49540305,월세,04,충청남도 아산시 둔포면 둔포리,아산시,둔포면,300,51,0,50,15.12,4,"2R, 둔포시내 엘리베이터있는 투룸.",https://www.zigbang.com/home/apt/items/49540305
2026-07-03 07:23:03,빌라투룸,49515494,월세,04,충청남도 아산시 둔포면 송용리,아산시,둔포면,200,51,0,49.59,15.0,4,거실 넓은 투룸 월세,https://www.zigbang.com/home/apt/items/49515494
2026-07-03 07:23:03,빌라투룸,49508711,월세,04,경기도 평택시 팽성읍 두정리,평택시,팽성읍,300,45,0,50,15.12,2,두정리 미군부대인근 투룸화1 공실 풀옵션 lpg,https://www.zigbang.com/home/apt/items/49508711
2026-07-03 07:23:03,빌라투룸,49506168,월세,04,경기도 평택시 팽성읍 두정리,평택시,팽성읍,300,35,0,50,15.12,4,투룸화2 공실 lpg,https://www.zigbang.com/home/apt/items/49506168
2026-07-03 07:23:03,빌라투룸,49386153,월세,04,경기도 평택시 팽성읍 본정리,평택시,팽성읍,300,40,0,45,13.61,1,저렴한 투룸 화1,https://www.zigbang.com/home/apt/items/49386153
2026-07-03 07:23:03,빌라투룸,49360661,월세,04,충청남도 아산시 둔포면 송용리,아산시,둔포면,200,36,0,42.98,13.0,4,ㅇ미니투룸 ㅇ넓은구조 ㅇ저렴한가격,https://www.zigbang.com/home/apt/items/49360661
2026-07-03 07:23:03,빌라투룸,49327348,월세,04,충청남도 아산시 둔포면 송용리,아산시,둔포면,200,51,0,40,12.1,4,ㅇ넓은투룸 ㅇ좋은집 ㅇ도시가스 ㅇ테크노5분,https://www.zigbang.com/home/apt/items/49327348
2026-07-03 07:23:03,빌라투룸,49309210,월세,04,충청남도 아산시 둔포면 송용리,아산시,둔포면,300,41,0,40,12.1,2,ㅇ투룸 ㅇ넓은구조 ㅇ좋은집,https://www.zigbang.com/home/apt/items/49309210
2026-07-03 07:23:03,빌라투룸,49535372,월세,05,경기도 평택시 오성면 숙성리,평택시,오성면,300,75,0,37.35,11.3,4,빌라올수리 풀옵션 방3화1 공실 계약시 퇴실,https://www.zigbang.com/home/apt/items/49535372
2026-07-03 07:23:03,빌라투룸,49555407,월세,05,경기도 화성시 양감면 대양리,화성시,양감면,2000,70,0,49.59,15.0,2,양감면 대양리 깔끔 쓰리룸 화장실두개 창문 막힘없음,https://www.zigbang.com/home/apt/items/49555407
2026-07-03 07:23:03,빌라투룸,49529081,월세,05,경기도 화성시 양감면 대양리,화성시,양감면,2000,75,0,72.73,22.0,3,애완동물 가능  확트인 창문  쓰리룸 화장실두개 기숙사환영,https://www.zigbang.com/home/apt/items/49529081
2026-07-03 07:23:03,빌라투룸,49512536,월세,05,경기도 평택시 팽성읍 안정리,평택시,팽성읍,1000,100,0,89,26.92,4,3룸화2 풀옵션 안정리 k6 인근,https://www.zigbang.com/home/apt/items/49512536
2026-07-03 07:23:04,빌라투룸,49506994,월세,04,경기도 평택시 청북읍 어연리,평택시,청북읍,300,55,0,43.4,13.13,3,관리 잘된 착한 가격의 풀옵션 투룸 입니다.,https://www.zigbang.com/home/apt/items/49506994
2026-07-03 07:23:04,빌라투룸,49480253,월세,04,경기도 평택시 청북읍 어연리,평택시,청북읍,400,61,0,42.06,12.72,2,위치좋은 남향의 풀옵션 투룸 입니다.,https://www.zigbang.com/home/apt/items/49480253
2026-07-03 07:23:04,빌라투룸,49449687,월세,05,경기도 평택시 청북읍 어연리,평택시,청북읍,1000,80,0,133.62,40.42,2,접근성 좋고 흔하지 않은 쓰리룸 월세 입니다.,https://www.zigbang.com/home/apt/items/49449687
2026-07-03 07:23:04,빌라투룸,49391704,월세,04,경기도 평택시 청북읍 어연리,평택시,청북읍,300,60,0,46.92,14.19,4,조용하고 착한가격의 풀옵션 투룸 임대,https://www.zigbang.com/home/apt/items/49391704
2026-07-03 07:23:04,빌라투룸,49391642,월세,04,경기도 평택시 청북읍 어연리,평택시,청북읍,500,71,0,42.09,12.73,3,산업단지 초입의 2022년 풀옵션 신축  투룸,https://www.zigbang.com/home/apt/items/49391642
2026-07-03 07:23:04,빌라투룸,49391601,월세,04,경기도 평택시 청북읍 어연리,평택시,청북읍,300,50,0,34.12,10.32,2,접근성 좋은 투룸 입니다.,https://www.zigbang.com/home/apt/items/49391601
2026-07-03 07:23:04,빌라투룸,49286579,매매,05,경기도 평택시 청북읍 어연리,평택시,청북읍,8000,0,8000,73.51,22.24,3,"어연 초등 인접 방3, 화 2 착한 가격의  빌라  매매",https://www.zigbang.com/home/apt/items/49286579
2026-07-03 07:23:04,빌라투룸,49286553,매매,05,경기도 평택시 청북읍 한산리,평택시,청북읍,22500,0,22500,126.72,38.33,3,테마가 있는 전원 주택 경험하세요,https://www.zigbang.com/home/apt/items/49286553
2026-07-03 07:23:04,빌라투룸,49177608,월세,04,충청남도 천안시 서북구 성환읍 성환리,천안시 서북구,성환읍,1000,70,0,59,17.85,3,"투룸, 남서울대, 성환역, 신축급투룸",https://www.zigbang.com/home/apt/items/49177608
2026-07-03 07:23:04,빌라투룸,49585487,월세,05,경기도 평택시 고덕면 당현리,평택시,고덕면,500,88,0,74.77,22.62,1,방3.화2.풀옵션,https://www.zigbang.com/home/apt/items/49585487
2026-07-03 07:23:04,빌라투룸,49565412,월세,05,경기도 평택시 고덕면 두릉리,평택시,고덕면,1000,120,0,100,30.25,1,방3.화3.풀옵션,https://www.zigbang.com/home/apt/items/49565412
2026-07-03 07:23:04,빌라투룸,49565361,월세,05,경기도 평택시 서정동,평택시,서정동,500,95,0,99.17,30.0,3,보증방3.화2.올수리.풀옵션,https://www.zigbang.com/home/apt/items/49565361
2026-07-03 07:23:04,빌라투룸,49565358,월세,04,경기도 평택시 서탄면 장등리,평택시,서탄면,500,77,0,74.77,22.62,1,방2.화2.주차편리,https://www.zigbang.com/home/apt/items/49565358
2026-07-03 07:23:04,빌라투룸,49559044,월세,04,경기도 평택시 고덕면 당현리,평택시,고덕면,300,71,0,49.58,15.0,1,"7월입주 고덕근접 , 외각 조용한 다가구단지 투룸풀옵션월세",https://www.zigbang.com/home/apt/items/49559044
2026-07-03 07:23:04,빌라투룸,49513064,전세,04,경기도 평택시 신장동,평택시,신장동,9000,0,0,73.07,22.1,3,상태좋은 빌라전세,https://www.zigbang.com/home/apt/items/49513064
2026-07-03 07:23:04,빌라투룸,49466536,월세,05,경기도 평택시 고덕면 두릉리,평택시,고덕면,1000,100,0,112.79,34.12,2,두릉리 단독주택 단지내에 위치한 예쁜 복층주택 입니다.,https://www.zigbang.com/home/apt/items/49466536
2026-07-03 07:23:04,빌라투룸,49411011,월세,05,경기도 평택시 서정동,평택시,서정동,500,100,0,96.09,29.07,2,서정동 정운빌라 쓰리룸,https://www.zigbang.com/home/apt/items/49411011
2026-07-03 07:23:04,빌라투룸,49369828,월세,05,경기도 평택시 서정동,평택시,서정동,500,75,0,82.39,24.92,2,30평형 넓은집 쓰리룸 즉시입주가능 테라스있음,https://www.zigbang.com/home/apt/items/49369828
2026-07-03 07:23:04,빌라투룸,49588875,월세,04,충청남도 천안시 서북구 성환읍 성환리,천안시 서북구,성환읍,1000,70,0,48,14.52,5,ㅇ옥상단독사용ㅇ신축첫입주ㅇ예쁜풀옵ㅇ,https://www.zigbang.com/home/apt/items/49588875
2026-07-03 07:23:04,빌라투룸,49588815,전세,04,충청남도 천안시 서북구 성환읍 성환리,천안시 서북구,성환읍,9000,0,0,39.6,11.98,3,성환역 도보 5분 안전한 전세 큰 투룸 거실 1개 방2개,https://www.zigbang.com/home/apt/items/49588815
2026-07-03 07:23:04,빌라투룸,49588806,월세,04,충청남도 천안시 서북구 성환읍 성환리,천안시 서북구,성환읍,1000,75,0,46.28,14.0,2,ㅇ큰 투룸ㅇ대박 채광ㅇ신축투룸ㅇ,https://www.zigbang.com/home/apt/items/49588806
2026-07-03 07:23:04,빌라투룸,49424569,월세,05,충청남도 천안시 서북구 성환읍 성월리,천안시 서북구,성환읍,1000,70,0,76.9,23.26,4,ㅁ저렴한 방3 화2ㅁ 주차 편해요,https://www.zigbang.com/home/apt/items/49424569
2026-07-03 07:23:04,빌라투룸,49424567,월세,04,충청남도 천안시 서북구 성환읍 성환리,천안시 서북구,성환읍,1000,65,0,49.59,15.0,2,성환 넓은 신축 투룸,https://www.zigbang.com/home/apt/items/49424567
2026-07-03 07:23:04,빌라투룸,49582636,월세,04,경기도 평택시 용이동,평택시,용이동,500,71,0,36.51,11.04,2,㋡ HI ㋡깔끔투룸㋡구조예쁜㋡화이트톤㋡어려운조건환영㋡,https://www.zigbang.com/home/apt/items/49582636
2026-07-03 07:23:04,빌라투룸,49582591,월세,04,경기도 평택시 용이동,평택시,용이동,700,81,0,29.88,9.04,3,㋡ HI ㋡신축급 투룸㋡화이트톤㋡구조예쁜 투룸㋡,https://www.zigbang.com/home/apt/items/49582591
2026-07-03 07:23:04,빌라투룸,49566774,월세,06,경기도 평택시 용이동,평택시,용이동,500,115,0,126.78,38.35,1,4룸화2 풀옵션 공실 삼성셔틀 5분,https://www.zigbang.com/home/apt/items/49566774
2026-07-03 07:23:04,빌라투룸,49561481,월세,04,경기도 평택시 용이동,평택시,용이동,500,61,0,32.13,9.72,3,ꔚGOꔚ평택대ꔚ합70ꔚ제일 싼 투룸ꔚ즉시입주ꔚ주말.야간안내,https://www.zigbang.com/home/apt/items/49561481
2026-07-03 07:23:04,빌라투룸,49560107,월세,04,경기도 평택시 용이동,평택시,용이동,500,66,0,30.98,9.37,2,ꔚGOꔚ제일싼투룸ꔚ합75ꔚ엘베0ꔚ하이닉스셔틀도보권ꔚ야간주말,https://www.zigbang.com/home/apt/items/49560107
2026-07-03 07:23:04,빌라투룸,49557274,월세,04,경기도 평택시 용이동,평택시,용이동,500,70,0,49.58,15.0,4,"공원뷰투룸월세,도배새로함,초등학교도보2분",https://www.zigbang.com/home/apt/items/49557274
2026-07-03 07:23:04,빌라투룸,49552393,매매,05,경기도 평택시 용이동,평택시,용이동,17000,0,17000,70.66,21.37,2,용이동 21년식 준신축 다용도실 2개 급매,https://www.zigbang.com/home/apt/items/49552393
2026-07-03 07:23:04,빌라투룸,49547803,월세,05,경기도 안성시 공도읍 승두리,안성시,공도읍,50,60,0,68.07,20.59,2,공실공실 단기단기 월세월세,https://www.zigbang.com/home/apt/items/49547803
2026-07-03 07:23:04,빌라투룸,49543906,전세,04,경기도 평택시 용이동,평택시,용이동,15000,0,0,45,13.61,4,"엘베O, 깔끔한 투룸, 욕실2개, 완전풀옵션 굿",https://www.zigbang.com/home/apt/items/49543906
2026-07-03 07:23:04,빌라투룸,49539978,월세,04,경기도 평택시 용이동,평택시,용이동,500,60,0,50,15.12,2,투룸화1 풀옵션 공실  삼성셔틀 5분거리,https://www.zigbang.com/home/apt/items/49539978
2026-07-03 07:23:04,빌라투룸,49527893,월세,04,경기도 평택시 용이동,평택시,용이동,300,50,0,50,15.12,4,투룸화2 공실 풀옵션,https://www.zigbang.com/home/apt/items/49527893
2026-07-03 07:23:04,빌라투룸,49519017,월세,04,경기도 평택시 용이동,평택시,용이동,300,71,0,46.2,13.98,3,단기가능 용이동 투룸 즉시입주 풀옵션,https://www.zigbang.com/home/apt/items/49519017
2026-07-03 07:23:04,빌라투룸,49456423,월세,04,경기도 평택시 용이동,평택시,용이동,500,76,0,56.41,17.06,4,ꔚGOꔚ운동장투룸ꔚ반려동물조율전문ꔚ뻥뷰ꔚ단독테라스ꔚ야간안내,https://www.zigbang.com/home/apt/items/49456423
2026-07-03 07:23:05,빌라투룸,49521325,매매,05,경기도 평택시 지산동,평택시,지산동,18900,0,18900,84.39,25.53,4,넓은 평수의 타운하우스 쓰리룸 급매물 엘베OK,https://www.zigbang.com/home/apt/items/49521325
2026-07-03 07:23:05,빌라투룸,49565558,매매,05,경기도 안성시 공도읍 만정리,안성시,공도읍,16000,0,16000,59.31,17.94,6,최저실입주 가능한 방3화2 학군위치 최상급컨디션 급매물,https://www.zigbang.com/home/apt/items/49565558
2026-07-03 07:23:05,빌라투룸,49282866,매매,05,경기도 안성시 공도읍 만정리,안성시,공도읍,16500,0,16500,79.87,24.16,8,실매물 0 집주인인증 0 방문약속가능,https://www.zigbang.com/home/apt/items/49282866
2026-07-03 07:23:05,빌라투룸,49542019,매매,05,경기도 안성시 대덕면 건지리,안성시,대덕면,17900,0,17900,68.5,20.72,1,실매물실사진 급매물현장 빠른입주 가능 가격굿 상태굿 위치굿,https://www.zigbang.com/home/apt/items/49542019
2026-07-03 07:23:05,빌라투룸,49562270,월세,04,경기도 화성시 만세구 향남읍 행정리,화성시 만세구,향남읍,3000,52,0,55,16.64,3,향남1지구 행정초 투룸 리모델링중  월세 반전세 가능,https://www.zigbang.com/home/apt/items/49562270
2026-07-03 07:23:05,빌라투룸,49550613,월세,04,경기도 화성시 만세구 향남읍 행정리,화성시 만세구,향남읍,4000,40,0,49.5,14.97,2,"뻥뷰, 베란다까지 완벽한 투룸 반전세",https://www.zigbang.com/home/apt/items/49550613
2026-07-03 07:23:05,빌라투룸,49550593,월세,05,경기도 화성시 만세구 향남읍 하길리,화성시 만세구,향남읍,1000,82,0,70,21.17,2,"거실 넓고 깔끔한 하길리 쓰리룸, 화장실 2개",https://www.zigbang.com/home/apt/items/49550593
2026-07-03 07:23:05,빌라투룸,49550576,월세,04,경기도 화성시 만세구 향남읍 하길리,화성시 만세구,향남읍,1000,72,0,50,15.12,3,"풀옵션 투룸 월세, 먹자골목 상가주택단지 내, 로또",https://www.zigbang.com/home/apt/items/49550576
2026-07-03 07:23:05,빌라투룸,49550524,월세,04,경기도 화성시 만세구 향남읍 하길리,화성시 만세구,향남읍,1000,65,0,45,13.61,3,"동네 시세 보다 저렴하고 착한 풀옵션 투룸 월세, 로또",https://www.zigbang.com/home/apt/items/49550524
2026-07-03 07:23:05,빌라투룸,49545336,월세,04,경기도 화성시 만세구 향남읍 하길리,화성시 만세구,향남읍,1000,68,0,49,14.82,3,"풀옵션 투룸 , 얼른 겟 하세요.",https://www.zigbang.com/home/apt/items/49545336
2026-07-03 07:23:05,빌라투룸,49545230,월세,04,경기도 화성시 만세구 향남읍 하길리,화성시 만세구,향남읍,1000,66,0,55,16.64,2,향남2지구 중심상가 사이즈좋은 투룸 인터넷포홤,https://www.zigbang.com/home/apt/items/49545230
2026-07-03 07:23:05,빌라투룸,49545156,월세,05,경기도 화성시 만세구 향남읍 하길리,화성시 만세구,향남읍,3000,66,0,66,19.96,3,중문 있는 4베이 구조 쓰리룸 구하러 오세요.,https://www.zigbang.com/home/apt/items/49545156
2026-07-03 07:23:05,빌라투룸,49472214,월세,04,경기도 화성시 만세구 향남읍 하길리,화성시 만세구,향남읍,4000,38,0,44,13.31,2,빠른이사가능. 투룸 반전세. 중심상가 5분거리.,https://www.zigbang.com/home/apt/items/49472214
2026-07-03 07:23:06,빌라투룸,49565741,월세,04,경기도 오산시 서동,오산시,서동,1000,71,0,40.1,12.13,2,ㅣH허브Hㅣ꩜투룸 맛집꩜十해 잘드는 방十외국인Xㅣ허위Noㅣ,https://www.zigbang.com/home/apt/items/49565741
2026-07-03 07:23:06,빌라투룸,49505559,월세,04,경기도 오산시 서동,오산시,서동,1000,70,0,50,15.12,2,ꔪꔪ우리ꔪꔪ투룸월세ꔪꔪ주차최강ꔪꔪ,https://www.zigbang.com/home/apt/items/49505559
2026-07-03 07:23:06,빌라투룸,49212611,월세,04,경기도 오산시 서동,오산시,서동,1000,70,0,58,17.54,2,ㅣH허브Hㅣꯁㅣ주.차.최.고ㅣꯁㅣ남.향ㅣꯁㅣ대.형.투.룸ㅣ,https://www.zigbang.com/home/apt/items/49212611
2026-07-03 07:23:06,빌라투룸,49247346,전세,04,경기도 오산시 내삼미동,오산시,내삼미동,10000,0,0,49.58,15.0,4,오산대역  투룸전세 강력추천 보증보험가입불가,https://www.zigbang.com/home/apt/items/49247346
2026-07-03 07:23:06,빌라투룸,49241151,월세,04,경기도 오산시 궐동,오산시,궐동,500,55,0,41,12.4,4,ㅣOKㅣꔚ깔끔투룸ꔚ풀옵션ꔚ,https://www.zigbang.com/home/apt/items/49241151
2026-07-03 07:23:06,빌라투룸,49236609,월세,04,경기도 오산시 내삼미동,오산시,내삼미동,500,54,0,39.67,12.0,5,투룸  최고의가성비  깔끔  깨끗,https://www.zigbang.com/home/apt/items/49236609
2026-07-03 07:23:06,빌라투룸,49190484,월세,04,경기도 오산시 궐동,오산시,궐동,1000,50,0,50,15.12,4,ㅣH허브Hㅣꯁㅣ남.향.큰.투.룸ㅣꯁㅣ풀.옵.션ㅣꯁㅣ탑.층ㅣ,https://www.zigbang.com/home/apt/items/49190484
2026-07-03 07:23:06,빌라투룸,49186438,월세,04,경기도 오산시 내삼미동,오산시,내삼미동,500,55,0,46.28,14.0,반지하,즉시입주V환한서향V단기6,https://www.zigbang.com/home/apt/items/49186438
2026-07-03 07:23:06,빌라투룸,49132641,전세,06,경기도 오산시 궐동,오산시,궐동,25000,0,0,150,45.37,5,NICE신축쓰리룸복층NICE 5룸NICE전세대출가능NICE,https://www.zigbang.com/home/apt/items/49132641
2026-07-03 07:23:06,빌라투룸,49575476,매매,04,경기도 화성시 효행구 봉담읍 동화리,화성시 효행구,봉담읍,19200,0,19200,54.09,16.36,5,막힘없는복층 넓은테라스 급매로 모시겠습니다 저금리기금대출,https://www.zigbang.com/home/apt/items/49575476
2026-07-03 07:23:06,빌라투룸,49465770,매매,05,경기도 화성시 효행구 매송면 원평리,화성시 효행구,매송면,28000,0,28000,76.41,23.11,3,l대출잘나오는l실매물l 대출 걱정 끝 허위 없는 진짜 매매,https://www.zigbang.com/home/apt/items/49465770
2026-07-03 07:23:06,빌라투룸,49572179,월세,05,경기도 화성시 효행구 봉담읍 동화리,화성시 효행구,봉담읍,100,100,0,47.72,14.44,3,o신축쓰리룸o단기월세o즉시입주o풀옵션o,https://www.zigbang.com/home/apt/items/49572179
2026-07-03 07:23:06,빌라투룸,49568040,월세,04,경기도 화성시 안녕동,화성시,안녕동,500,40,0,44.32,13.41,4,부분수리되어 있는 투룸빌라입니다.,https://www.zigbang.com/home/apt/items/49568040
2026-07-03 07:23:06,빌라투룸,49546737,월세,05,경기도 화성시 효행구 봉담읍 와우리,화성시 효행구,봉담읍,1000,70,0,76.58,23.17,3,와우리 신일해피트리 2차 아파트옆 화산빌라 매매,https://www.zigbang.com/home/apt/items/49546737
2026-07-03 07:23:06,빌라투룸,49546700,매매,05,경기도 화성시 병점구 안녕동,화성시 병점구,안녕동,13000,0,13000,76.3,23.08,3,안녕동 금성그린맨션 매매,https://www.zigbang.com/home/apt/items/49546700
2026-07-03 07:23:06,빌라투룸,49522340,월세,04,경기도 화성시 병점구 안녕동,화성시 병점구,안녕동,500,60,0,39.66,12.0,4,"주차공간이 좋으며,옵션이 있는 투룸",https://www.zigbang.com/home/apt/items/49522340
2026-07-03 07:23:06,빌라투룸,49481477,월세,04,경기도 화성시 효행구 봉담읍 와우리,화성시 효행구,봉담읍,1000,70,0,39.67,12.0,3,옵션이 있는 투룸,https://www.zigbang.com/home/apt/items/49481477
2026-07-03 07:23:06,빌라투룸,49465874,매매,05,경기도 화성시 봉담읍 와우리,화성시,봉담읍,29000,0,29000,80.15,24.25,4,l대출잘나오는l실매물l 여기저기 찔러보다 지친 분 클릭,https://www.zigbang.com/home/apt/items/49465874
2026-07-03 07:23:06,빌라투룸,49446079,월세,05,경기도 화성시 효행구 봉담읍 와우리,화성시 효행구,봉담읍,5000,100,0,80.15,24.25,3,o신축o고급3룸o선착순o,https://www.zigbang.com/home/apt/items/49446079
2026-07-03 07:23:06,빌라투룸,49440350,월세,04,경기도 화성시 안녕동,화성시,안녕동,500,60,0,39.67,12.0,3,"옵션이 있으며 스포츠과,공대 통학좋은 투룸",https://www.zigbang.com/home/apt/items/49440350
2026-07-03 07:23:06,빌라투룸,49414180,전세,04,경기도 화성시 효행구 봉담읍 와우리,화성시 효행구,봉담읍,12000,0,0,49.98,15.12,2,oHUG보증o빠른입주o풀옵션o,https://www.zigbang.com/home/apt/items/49414180
2026-07-03 07:23:06,빌라투룸,49380087,월세,05,경기도 화성시 봉담읍 와우리,화성시,봉담읍,2000,80,0,79.34,24.0,3,채광이 좋은 쓰리룸 월세입니다.,https://www.zigbang.com/home/apt/items/49380087
2026-07-03 07:23:08,빌라투룸,49585806,매매,05,경기도 용인시 기흥구 상하동,용인시 기흥구,상하동,22000,0,22000,55.14,16.68,3,엘o 기흥구 2억초반 18년식 귀한 준신축 최저실입가능,https://www.zigbang.com/home/apt/items/49585806
2026-07-03 07:23:08,빌라투룸,49404045,매매,04,경기도 용인시 처인구 삼가동,용인시 처인구,삼가동,15500,0,15500,43.33,13.11,2,l대출 걱정 뚝l 복잡한 승인 절차 막힘없이 해결해 드립니,https://www.zigbang.com/home/apt/items/49404045
2026-07-03 07:23:08,빌라투룸,49525488,월세,05,경기도 용인시 처인구 이동읍 천리,용인시 처인구,이동읍,500,125,0,42.57,12.88,4,"인테리어된 깨끗한 풀옵션 3룸, SK셔틀 집앞",https://www.zigbang.com/home/apt/items/49525488
2026-07-03 07:23:08,빌라투룸,49525450,월세,04,경기도 용인시 처인구 이동읍 천리,용인시 처인구,이동읍,1000,86,0,36.36,11.0,3,"주차가 정말 편한 풀옵션 투룸, SK셔틀 집앞",https://www.zigbang.com/home/apt/items/49525450
2026-07-03 07:23:08,빌라투룸,49525415,월세,04,경기도 용인시 처인구 이동읍 천리,용인시 처인구,이동읍,2000,105,0,49.83,15.07,2,"신축 풀옵 넓은 2룸, 보증금 조절가능, SK셔틀 가까움",https://www.zigbang.com/home/apt/items/49525415
2026-07-03 07:23:08,빌라투룸,49358808,매매,05,경기도 용인시 처인구 남동,용인시 처인구,남동,47000,0,47000,84.71,25.62,2,은화삼 CC 차량 2분 타운하우스,https://www.zigbang.com/home/apt/items/49358808
2026-07-03 07:23:08,빌라투룸,49439911,매매,05,경기도 용인시 처인구 마평동,용인시 처인구,마평동,11000,0,11000,46.8,14.16,4,l대출잘나오는l실매물l 매달 내는 월세 아깝다면 매매,https://www.zigbang.com/home/apt/items/49439911
2026-07-03 07:23:08,빌라투룸,49559420,월세,04,세종시 조치원읍 침산리,,조치원읍,500,56,0,63,19.06,3,남향 귀한투룸,https://www.zigbang.com/home/apt/items/49559420
2026-07-03 07:23:08,빌라투룸,49551221,월세,04,세종시 조치원읍 침산리,,조치원읍,500,51,0,45,13.61,3,국보급세일  투룸가격대비 최고 선착순임대,https://www.zigbang.com/home/apt/items/49551221
2026-07-03 07:23:08,빌라투룸,49264593,전세,05,세종시 조치원읍 침산리,,조치원읍,9000,0,0,80,24.2,4,전세 위치좋고 깔끔한쓰리룸,https://www.zigbang.com/home/apt/items/49264593
2026-07-03 07:23:08,빌라투룸,49264540,매매,05,세종시 조치원읍 신안리,,조치원읍,17500,0,17500,79,23.9,1,30평 1층 신축빌라 급매,https://www.zigbang.com/home/apt/items/49264540
2026-07-03 07:23:08,빌라투룸,49352684,월세,05,충청북도 청주시 서원구 죽림동,청주시 서원구,죽림동,1000,70,0,66.12,20.0,4,반려동물 가능한 넓은 쓰리룸 월세 즉시입주가능,https://www.zigbang.com/home/apt/items/49352684
2026-07-03 07:23:09,빌라투룸,49545617,월세,05,충청북도 청주시 서원구 남이면 가마리,청주시 서원구,남이면,3000,85,0,106.58,32.24,4,깔끔 깨끗 주인세대 방3화2,https://www.zigbang.com/home/apt/items/49545617
2026-07-03 07:23:10,빌라투룸,49542396,월세,05,충청북도 청주시 청원구 오창읍 주성리,청주시 청원구,오창읍,2000,80,0,70,21.17,3,"엘베.화장실2개,에어콘2대.쓰리룸",https://www.zigbang.com/home/apt/items/49542396
2026-07-03 07:23:10,빌라투룸,49542387,월세,04,충청북도 청주시 청원구 오창읍 주성리,청주시 청원구,오창읍,4000,35,0,55,16.64,2,"신축.에언컨2.화장실2,엘베,엘지엔솔3분 도보.안전반전세",https://www.zigbang.com/home/apt/items/49542387
2026-07-03 07:23:10,빌라투룸,49542384,월세,04,충청북도 청주시 청원구 오창읍 주성리,청주시 청원구,오창읍,1000,60,0,59.5,18.0,3,신. 고품격 투룸 . 엘리베이터 . 축 LG엔솔 도보 3분,https://www.zigbang.com/home/apt/items/49542384
2026-07-03 07:23:10,빌라투룸,49542370,월세,04,충청북도 청주시 청원구 오창읍 주성리,청주시 청원구,오창읍,1000,50,0,52.9,16.0,3,.신축급 .Lg엔솔 도보 3분 V 초고품격 대형 투룸,https://www.zigbang.com/home/apt/items/49542370
2026-07-03 07:23:10,빌라투룸,49542367,월세,04,충청북도 청주시 청원구 오창읍 주성리,청주시 청원구,오창읍,1000,60,0,55,16.64,2,신축V초초대형V엘베V고품격 정투룸V엘지엔솔도보3분,https://www.zigbang.com/home/apt/items/49542367
2026-07-03 07:23:11,빌라투룸,49295733,월세,04,충청북도 증평군 증평읍 초중리,증평군,증평읍,500,42,0,58.8,17.79,3,투룸월세ㅣ방두개 실.용.적ㅣ착한월세,https://www.zigbang.com/home/apt/items/49295733
2026-07-03 07:23:11,빌라투룸,49295540,월세,04,충청북도 증평군 증평읍 초중리,증평군,증평읍,500,42,0,60.17,18.2,3,투룸월세ㅣ풀옵션 가성비좋은방,https://www.zigbang.com/home/apt/items/49295540
2026-07-03 07:23:11,빌라투룸,49287809,월세,04,충청북도 증평군 증평읍 초중리,증평군,증평읍,500,57,0,65.5,19.81,3,정남향 성당뷰 채광좋은 투룸ㅣ풀옵션,https://www.zigbang.com/home/apt/items/49287809
2026-07-03 07:23:11,빌라투룸,49271498,월세,04,충청북도 증평군 증평읍 초중리,증평군,증평읍,500,52,0,68.5,20.72,3,풀옵션투룸ㅣ공간분리 좋고 교통편리한 위치,https://www.zigbang.com/home/apt/items/49271498
2026-07-03 07:23:11,빌라투룸,49254150,월세,05,충청북도 증평군 증평읍 초중리,증평군,증평읍,500,45,0,75.5,22.84,2,채광좋은 쓰리룸월세ㅣ착한임대료,https://www.zigbang.com/home/apt/items/49254150
2026-07-03 07:23:11,빌라투룸,49254147,월세,04,충청북도 증평군 증평읍 초중리,증평군,증평읍,1500,37,0,68.8,20.81,4,큰 평수 투룸 반월세ㅣ착한임대료 위치 좋아요,https://www.zigbang.com/home/apt/items/49254147
2026-07-03 07:23:11,빌라투룸,49044051,월세,04,충청북도 증평군 증평읍 초중리,증평군,증평읍,1000,42,0,60,18.15,3,풀옵션 투룸월세ㅣ정남향 채광좋고 경쾌한 집,https://www.zigbang.com/home/apt/items/49044051
2026-07-03 07:23:11,빌라투룸,49034369,월세,05,충청북도 증평군 증평읍 초중리,증평군,증평읍,1500,82,0,85,25.71,4,전.월세 모두 가능ㅣ모던쓰리룸ㅣ도배 및 리뉴얼 후 첫 입주,https://www.zigbang.com/home/apt/items/49034369
2026-07-03 07:23:12,빌라투룸,49402812,월세,04,충청북도 증평군 증평읍 증평리,증평군,증평읍,1000,52,0,66.12,20.0,3,풀옵션투룸월세ㅣ엘베완비ㅣ시내도보5분,https://www.zigbang.com/home/apt/items/49402812
2026-07-03 07:23:12,빌라투룸,49562249,월세,04,충청북도 진천군 덕산읍 산수리,진천군,덕산읍,300,41,0,47,14.22,3,산수산단내 엘베 있고 방2 화장실2 신축급 투룸,https://www.zigbang.com/home/apt/items/49562249
2026-07-03 07:23:12,빌라투룸,49449247,월세,04,충청북도 진천군 이월면 중산리,진천군,이월면,300,60,0,39.67,12.0,2,넓은 투룸으로 보증금 300부터 가능 풀 옵션,https://www.zigbang.com/home/apt/items/49449247
2026-07-03 07:23:12,빌라투룸,49386673,월세,04,충청북도 진천군 덕산읍 산수리,진천군,덕산읍,300,48,0,46.28,14.0,2,"투룸 풀 옵션 화2에2 티비2.방 커요 거실 넓음,",https://www.zigbang.com/home/apt/items/49386673
2026-07-03 07:23:12,빌라투룸,49386643,월세,04,충청북도 진천군 이월면 중산리,진천군,이월면,300,52,0,39.67,12.0,2,화2 에어컨2 엘베유 풀 옵션,https://www.zigbang.com/home/apt/items/49386643
2026-07-03 07:23:12,빌라투룸,48104344,월세,05,충청북도 진천군 덕산읍,진천군,덕산읍,1000,61,0,59.5,18.0,4,"엘베있는 쓰리룸 방3,화장실2",https://www.zigbang.com/home/apt/items/48104344
2026-07-03 07:23:12,빌라투룸,49530950,전세,04,충청북도 진천군 진천읍 성석리,진천군,진천읍,7000,0,0,46.5,14.07,3,"큰 투룸,풀옵션에 전용18평 거실 엄청큼",https://www.zigbang.com/home/apt/items/49530950
2026-07-03 07:23:12,빌라투룸,49449206,전세,04,충청북도 진천군 진천읍 성석리,진천군,진천읍,6000,0,0,49.59,15.0,4,"큰 투룸, 거살 큼 티비2  에어컨2개 , 엘베유",https://www.zigbang.com/home/apt/items/49449206
2026-07-03 07:23:12,빌라투룸,49569171,월세,04,충청북도 음성군 맹동면 두성리,음성군,맹동면,500,70,0,72.11,21.81,6,한국소비자원 뒤 위치 투룸형,https://www.zigbang.com/home/apt/items/49569171
2026-07-03 07:23:12,빌라투룸,49461739,월세,05,충청북도 진천군 덕산읍 두촌리,진천군,덕산읍,1000,80,0,81.13,24.54,2,도시가스  승강기   쓰리룸   서전중학교 옆에 위치 공실,https://www.zigbang.com/home/apt/items/49461739
2026-07-03 07:23:12,빌라투룸,49375997,월세,04,충청북도 음성군 맹동면 두성리,음성군,맹동면,5000,23,0,89.26,27.0,2,넓은 투룸 룸  상가건물 2층 방2개 욕실1,https://www.zigbang.com/home/apt/items/49375997
2026-07-03 07:23:16,빌라투룸,49576284,매매,05,경기도 안성시 금산동,안성시,금산동,16000,0,16000,62.79,18.99,4,ㅇ컨디션굿ㅇ트인 뷰ㅇ주차완비ㅇ대출가능ㅇ,https://www.zigbang.com/home/apt/items/49576284
2026-07-03 07:23:17,빌라투룸,49559762,월세,04,충청북도 진천군 덕산읍 신척리,진천군,덕산읍,500,49,0,39.43,11.93,11,남동향의 햇살좋은 투베이형식 아파트,https://www.zigbang.com/home/apt/items/49559762
2026-07-03 07:23:17,빌라투룸,49559744,월세,04,충청북도 진천군 덕산읍 신척리,진천군,덕산읍,500,67,0,51.3,15.52,12,첫입주에 남동향의 햇살좋은 투룸형식 아파트,https://www.zigbang.com/home/apt/items/49559744
2026-07-03 07:23:17,빌라투룸,49559733,월세,04,충청북도 진천군 덕산읍 신척리,진천군,덕산읍,500,49,0,39.43,11.93,6,"남향의 햇살좋은 투베이형식 아파트, 첫입주에요",https://www.zigbang.com/home/apt/items/49559733
2026-07-03 07:23:17,빌라투룸,49289732,월세,04,충청북도 진천군 덕산읍 신척리,진천군,덕산읍,500,67,0,51.3,15.52,12,방2 거실1 화장실2 천정형에어컨3 신축 월세 첫입주,https://www.zigbang.com/home/apt/items/49289732
2026-07-03 07:23:17,빌라투룸,49214754,월세,04,충청북도 진천군 덕산읍 신척리,진천군,덕산읍,500,49,0,39.43,11.93,11,"남향 금액좋다 도시가스 거실1,방1, 화장실2",https://www.zigbang.com/home/apt/items/49214754
2026-07-03 07:23:17,빌라투룸,48667837,월세,04,충청북도 진천군 덕산읍 신척리,진천군,덕산읍,500,67,0,51.3,15.52,10,"투룸형 거실1,방2,화장실2",https://www.zigbang.com/home/apt/items/48667837
2026-07-03 07:23:16,빌라투룸,49531189,월세,04,충청북도 진천군 이월면 신월리,진천군,이월면,500,55,0,49.59,15.0,1,단독 주택으로 투룸독단적으로 사용,https://www.zigbang.com/home/apt/items/49531189
2026-07-03 07:23:16,빌라투룸,49449296,월세,04,충청북도 진천군 이월면 신월리,진천군,이월면,300,35,0,33.06,10.0,1,", 풀 옵션으로 몸만 오실분 좋아요.",https://www.zigbang.com/home/apt/items/49449296
2026-07-03 07:23:17,빌라투룸,49582359,월세,04,충청북도 음성군 대소읍 태생리,음성군,대소읍,500,55,0,50,15.12,4,문화 마을. 도시가스.엘리베이터,https://www.zigbang.com/home/apt/items/49582359
2026-07-03 07:23:17,빌라투룸,49530115,월세,04,충청북도 음성군 대소읍 태생리,음성군,대소읍,300,48,0,50,15.12,2,6개월 단기 가능. 큰 방 2. 주차 공간 여유로움.,https://www.zigbang.com/home/apt/items/49530115
2026-07-03 07:23:17,빌라투룸,49438360,전세,04,충청북도 음성군 대소읍 태생리,음성군,대소읍,7000,0,0,50,15.12,4,투룸. 방 2. 거실. 관리 잘된집.,https://www.zigbang.com/home/apt/items/49438360
2026-07-03 07:23:17,빌라투룸,49587131,월세,04,충청북도 음성군 금왕읍 무극리,음성군,금왕읍,500,45,0,71.28,21.56,2,시내중심가 위치좋은 곳 상가주택 2층 도시가스사용,https://www.zigbang.com/home/apt/items/49587131
2026-07-03 07:23:17,빌라투룸,49510871,월세,05,충청북도 음성군 금왕읍 무극리,음성군,금왕읍,1000,50,0,86.24,26.09,3,시내중심가 위치 좋은곳 방3 상가주택3층,https://www.zigbang.com/home/apt/items/49510871
2026-07-03 07:23:17,빌라투룸,49491348,전세,04,충청북도 음성군 금왕읍 무극리,음성군,금왕읍,7500,0,0,85.95,26.0,4,"아주 큰 복층 및 테라스가 있는, 신축 풀옵션 복층형 투룸",https://www.zigbang.com/home/apt/items/49491348
2026-07-03 07:23:17,빌라투룸,49476090,월세,04,충청북도 음성군 금왕읍 무극리,음성군,금왕읍,1000,65,0,52.53,15.89,2,넓은투룸 월세 풀옵션 시내중심가 엘리베이터 도시가스,https://www.zigbang.com/home/apt/items/49476090
2026-07-03 07:23:17,빌라투룸,49465263,월세,04,충청북도 음성군 금왕읍 금석리,음성군,금왕읍,500,50,0,39.67,12.0,3,"금왕. 투룸 월세. 거실, 방2, 화장실1",https://www.zigbang.com/home/apt/items/49465263
2026-07-03 07:23:17,빌라투룸,49413962,월세,04,충청북도 음성군 금왕읍 무극리,음성군,금왕읍,500,55,0,41,12.4,2,방2 시내중심가 투룸 도시가스사용 넓어요 옵션있어요,https://www.zigbang.com/home/apt/items/49413962
2026-07-03 07:23:17,빌라투룸,49374279,전세,05,충청북도 음성군 금왕읍 금석리,음성군,금왕읍,8000,0,0,85.95,26.0,4,금왕 3룸 빌라 전세. 주차편리한빌라,https://www.zigbang.com/home/apt/items/49374279
2026-07-03 07:23:17,빌라투룸,49374278,월세,04,충청북도 음성군 금왕읍 무극리,음성군,금왕읍,1000,65,0,65.79,19.9,2,금왕 거실 넓고 깨끗한 투룸 월세,https://www.zigbang.com/home/apt/items/49374278
2026-07-03 07:23:17,빌라투룸,49369459,월세,04,충청북도 음성군 금왕읍 무극리,음성군,금왕읍,300,42,0,49.59,15.0,3,"넓은 씽크대, 넓은 화장실, 저렴한 풀옵션 투룸",https://www.zigbang.com/home/apt/items/49369459
2026-07-03 07:23:17,빌라투룸,49365474,월세,04,충청북도 음성군 금왕읍 무극리,음성군,금왕읍,2000,50,0,50,15.12,5,"넓은 테라스 및 방이 아주큰, 신축 풀옵션 도시가스 투룸",https://www.zigbang.com/home/apt/items/49365474
2026-07-03 07:23:17,빌라투룸,49320127,월세,04,충청북도 음성군 금왕읍 무극리,음성군,금왕읍,1000,65,0,20.14,6.09,2,넓은 투룸 도시가스 풀옵션 엘리베이터 퀄리티 좋아요,https://www.zigbang.com/home/apt/items/49320127
2026-07-03 07:23:17,빌라투룸,49306384,전세,04,충청북도 음성군 금왕읍 금석리,음성군,금왕읍,5000,0,0,49.59,15.0,3,금왕 투룸  방2.거실.화장실1,https://www.zigbang.com/home/apt/items/49306384
2026-07-03 07:23:17,빌라투룸,49306341,전세,05,충청북도 음성군 금왕읍 금석리,음성군,금왕읍,8000,0,0,76.03,23.0,3,"금왕 3룸  방3,주방,거실,화장실2",https://www.zigbang.com/home/apt/items/49306341
2026-07-03 07:23:17,빌라투룸,49269362,월세,04,충청북도 음성군 금왕읍 무극리,음성군,금왕읍,2000,45,0,52.89,16.0,2,아늑하고 조용한 투룸입니다,https://www.zigbang.com/home/apt/items/49269362
2026-07-03 07:23:17,빌라투룸,49582763,월세,05,충청북도 음성군 대소읍 오류리,음성군,대소읍,500,65,0,59.46,17.99,3,한국인 기숙사 가능.난방은 도시가스. 엘리베이터,https://www.zigbang.com/home/apt/items/49582763
2026-07-03 07:23:17,빌라투룸,49388115,월세,04,충청북도 음성군 대소면 오류리,음성군,대소면,1000,45,0,50,15.12,3,풀옵션 투룸.깔끔한내부.반전세가능.승강기설치.ott가능,https://www.zigbang.com/home/apt/items/49388115
2026-07-03 07:23:17,빌라투룸,49388112,전세,04,충청북도 음성군 대소읍 오류리,음성군,대소읍,5000,0,0,50,15.12,3,ott시청가능.풀옵션.엘리베이터설치.투룸전세.반전세가능.,https://www.zigbang.com/home/apt/items/49388112
2026-07-03 07:23:17,빌라투룸,49511144,월세,04,충청북도 음성군 맹동면 쌍정리,음성군,맹동면,500,45,0,50,15.12,2,엘리베이터있는  미니투룸  방2  중심상권  즉시 입주,https://www.zigbang.com/home/apt/items/49511144
2026-07-03 07:23:17,빌라투룸,49573251,월세,04,충청북도 음성군 삼성면 덕정리,음성군,삼성면,500,55,0,50,15.12,3,삼성면 시내 위치. 투룸. 에어컨 2대,https://www.zigbang.com/home/apt/items/49573251
2026-07-03 07:23:17,빌라투룸,49572640,월세,04,충청북도 음성군 삼성면 덕정리,음성군,삼성면,500,57,0,50,15.12,3,채광이 좋고 공간 활용이 뛰어난 투룸.,https://www.zigbang.com/home/apt/items/49572640
2026-07-03 07:23:18,빌라투룸,49583018,매매,05,경기도 용인시 처인구 양지읍 남곡리,용인시 처인구,양지읍,21000,0,21000,63.4,19.18,2,l대출잘나오는l실매물l 대출 걱정 끝 허위 없는 진짜 매매,https://www.zigbang.com/home/apt/items/49583018
2026-07-03 07:23:18,빌라투룸,49582971,매매,06,경기도 용인시 처인구 양지읍 양지리,용인시 처인구,양지읍,37500,0,37500,115.36,34.9,3,l대출잘나오는l실매물l 사진속 그집그대로 즉시입수가능,https://www.zigbang.com/home/apt/items/49582971
2026-07-03 07:23:18,빌라투룸,49542075,매매,06,경기도 용인시 처인구 양지읍 양지리,용인시 처인구,양지읍,110000,0,110000,229.5,69.42,2,실매물싨가진 고급 전원주택 엘베있음 도로변,https://www.zigbang.com/home/apt/items/49542075
2026-07-03 07:23:18,빌라투룸,49461412,매매,04,경기도 용인시 처인구 양지읍 양지리,용인시 처인구,양지읍,12000,0,12000,52.45,15.87,1,l대출잘나오는l실매물l 월세 낼 돈으로 내 집 마련 성공,https://www.zigbang.com/home/apt/items/49461412
2026-07-03 07:23:18,빌라투룸,49588914,월세,04,경기도 이천시 호법면 후안리,이천시,호법면,1000,70,0,47,14.22,3,풀옵션 투룸 8월말이후입주,https://www.zigbang.com/home/apt/items/49588914
2026-07-03 07:23:18,빌라투룸,49455632,월세,04,경기도 이천시 호법면 유산리,이천시,호법면,1500,65,0,59.5,18.0,3,"협의 입주가능, 풀옵션 투룸, 이천역 차량 5분",https://www.zigbang.com/home/apt/items/49455632
2026-07-03 07:23:18,빌라투룸,49356494,월세,04,경기도 이천시 호법면 후안리,이천시,호법면,1000,72,0,43,13.01,2,신축급 투룸 호법초인근,https://www.zigbang.com/home/apt/items/49356494
2026-07-03 07:23:18,빌라투룸,49312519,월세,04,경기도 이천시 호법면 후안리,이천시,호법면,1000,72,0,42.97,13.0,2,후안리 신축  풀옵션 투룸 즉시입주,https://www.zigbang.com/home/apt/items/49312519
2026-07-03 07:23:19,빌라투룸,49590128,전세,05,경기도 이천시 모가면 진가리,이천시,모가면,11000,0,0,70.92,21.45,1,"주차 가능하며, 입주는 8월말경 협의 입주 가능합니다",https://www.zigbang.com/home/apt/items/49590128
2026-07-03 07:23:19,빌라투룸,49268713,전세,04,경기도 이천시 모가면 진가리,이천시,모가면,8500,0,0,35.02,10.59,2,빠른입주 가능한 신축 투룸 전세,https://www.zigbang.com/home/apt/items/49268713
2026-07-03 07:23:19,빌라투룸,49525958,월세,04,경기도 이천시 대월면 대흥리,이천시,대월면,2000,50,0,39.67,12.0,3,이천시 대흥리sk하이닉스후문인근 투룸월세,https://www.zigbang.com/home/apt/items/49525958
2026-07-03 07:23:19,빌라투룸,49525363,월세,04,경기도 이천시 고담동,이천시,고담동,1000,60,0,39.67,12.0,4,이천시 고담동 빠른입주 가능한 투룸월세,https://www.zigbang.com/home/apt/items/49525363
2026-07-03 07:23:19,빌라투룸,49508923,매매,05,경기도 이천시 부발읍 신하리,이천시,부발읍,14000,0,14000,49.91,15.1,4,신하리 방3 화2 깔끔한 컨디션 유지중인 준신축,https://www.zigbang.com/home/apt/items/49508923
2026-07-03 07:23:19,빌라투룸,49486180,월세,04,경기도 이천시 부발읍 신하리,이천시,부발읍,1000,70,0,33.18,10.04,2,하이닉스 정문인근 엘베있는 신축투룸월세,https://www.zigbang.com/home/apt/items/49486180
2026-07-03 07:23:19,빌라투룸,49481679,매매,05,경기도 이천시 부발읍 가좌리,이천시,부발읍,29500,0,29500,67.78,20.5,2,l대출잘나오는l실매물l 집보는 방법 저희가 알려드리겠습니다,https://www.zigbang.com/home/apt/items/49481679
2026-07-03 07:23:19,빌라투룸,49423806,월세,04,경기도 이천시 대월면 대흥리,이천시,대월면,1000,35,0,33,9.98,4,"하이닉스 도보가능, 내부상태 좋은 신축급 풀옵션 투룸 월세",https://www.zigbang.com/home/apt/items/49423806
2026-07-03 07:23:19,빌라투룸,49360238,월세,04,경기도 이천시 대월면 대흥리,이천시,대월면,500,62,0,33.06,10.0,2,하이닉스 인근 풀옵션 투룸,https://www.zigbang.com/home/apt/items/49360238
2026-07-03 07:23:19,빌라투룸,48950270,매매,05,경기도 이천시 부발읍 신하리,이천시,부발읍,12500,0,12500,62.18,18.81,3,저렴한게 나온 넓은 구조의 쓰리룸 빌라 막힘 없는 뷰,https://www.zigbang.com/home/apt/items/48950270
2026-07-03 07:23:19,빌라투룸,49534036,월세,05,경기도 여주시 가남읍 태평리,여주시,가남읍,2000,130,0,47.64,14.41,5,태평리 방4개 복층빌라 월세,https://www.zigbang.com/home/apt/items/49534036
2026-07-03 07:23:19,빌라투룸,49500548,월세,04,경기도 여주시 가남읍 태평리,여주시,가남읍,500,50,0,30.72,9.29,4,체육공원입구 풀옵션 투룸 탑층,https://www.zigbang.com/home/apt/items/49500548
2026-07-03 07:23:19,빌라투룸,49500485,월세,04,경기도 여주시 가남읍 태평리,여주시,가남읍,500,50,0,30.72,9.29,1,"체육공원입구 조용한 마을입구 위치
터미널 도보가능. 풀옵션",https://www.zigbang.com/home/apt/items/49500485
2026-07-03 07:23:19,빌라투룸,49499284,월세,04,경기도 여주시 가남읍 태평리,여주시,가남읍,500,51,0,45,13.61,4,싸고 저렴하고 전망좋은 투룸월세,https://www.zigbang.com/home/apt/items/49499284
2026-07-03 07:23:19,빌라투룸,49455492,매매,05,경기도 여주시 가남읍 태평리,여주시,가남읍,13900,0,13900,57.99,17.54,4,태평리 쓰리룸 매매,https://www.zigbang.com/home/apt/items/49455492
2026-07-03 07:23:19,빌라투룸,49417588,전세,04,경기도 여주시 가남읍 태평리,여주시,가남읍,8000,0,0,52,15.73,5,태평리 컨디션좋은 투룸 전세,https://www.zigbang.com/home/apt/items/49417588
2026-07-03 07:23:19,빌라투룸,49405519,월세,04,경기도 여주시 가남읍 태평리,여주시,가남읍,500,85,0,41.34,12.51,2,최상의 풀옵션 남향 투룸 화장실2  즉시입주가,https://www.zigbang.com/home/apt/items/49405519
2026-07-03 07:23:19,빌라투룸,49368409,전세,04,경기도 여주시 가남읍 태평리,여주시,가남읍,8000,0,0,45,13.61,4,층간소음없는 층 풀옵션 투룸. 터미널 도보5분거리 .,https://www.zigbang.com/home/apt/items/49368409
2026-07-03 07:23:19,빌라투룸,49341431,월세,04,경기도 여주시 가남읍 태평리,여주시,가남읍,500,50,0,45,13.61,3,초등학교 부근 싸고 저렴하고 채광좋은 투룸월세,https://www.zigbang.com/home/apt/items/49341431
2026-07-03 07:23:19,빌라투룸,49339983,월세,05,경기도 여주시 가남읍 태평리,여주시,가남읍,2000,100,0,100,30.25,4,터미널바로뒤  발코니가있는 복층구조 주인세대 월세 방3개,https://www.zigbang.com/home/apt/items/49339983
2026-07-03 07:23:19,빌라투룸,49283890,매매,05,경기도 여주시 가남읍 신해리,여주시,가남읍,14500,0,14500,57.18,17.3,1,아이들키우기 좋은 쓰리룸 빌라 1층매물,https://www.zigbang.com/home/apt/items/49283890
2026-07-03 07:23:19,빌라투룸,49588946,월세,04,경기도 이천시 대월면 사동리,이천시,대월면,1000,70,0,54,16.33,2,"sk하이닉스 도보 가능, 신축급 방2, 욕실2 월세",https://www.zigbang.com/home/apt/items/49588946
2026-07-03 07:23:19,빌라투룸,49572872,전세,04,경기도 이천시 대월면 사동리,이천시,대월면,9500,0,0,52.95,16.02,2,하이닉스 도보7분거리 신축 투룸 주변 음식점 편의점 많음,https://www.zigbang.com/home/apt/items/49572872
2026-07-03 07:23:19,빌라투룸,49530686,월세,04,경기도 이천시 대월면 사동리,이천시,대월면,300,55,0,39.67,12.0,1,"즉시입주, 저렴한 투룸, SK하이닉스 부근",https://www.zigbang.com/home/apt/items/49530686
2026-07-03 07:23:19,빌라투룸,49404105,매매,04,경기도 이천시 대월면 사동리,이천시,대월면,10500,0,10500,44.14,13.35,2,이천하이닉스 인근 사동리 투룸빌라 매매,https://www.zigbang.com/home/apt/items/49404105
2026-07-03 07:23:19,빌라투룸,49359837,월세,04,경기도 이천시 대월면 초지리,이천시,대월면,300,50,0,40.5,12.25,1,"즉시입주가능, 저렴한 투룸, SK하이닉스 차량 5분",https://www.zigbang.com/home/apt/items/49359837
2026-07-03 07:23:19,빌라투룸,49255751,월세,04,경기도 이천시 대월면 사동리,이천시,대월면,500,60,0,39.67,12.0,2,"8월 6일 입주가능, 2베이, SK하이닉스 도보가능",https://www.zigbang.com/home/apt/items/49255751
2026-07-03 07:23:19,빌라투룸,48747281,월세,05,경기도 이천시 대월면 사동리,이천시,대월면,2000,90,0,73.61,22.27,2,sk하이닉스 도보 가능한 엘리베이터 있는 신축급 3룸 월세,https://www.zigbang.com/home/apt/items/48747281
2026-07-03 07:23:19,빌라투룸,48249374,매매,04,경기도 이천시 대월면 초지리,이천시,대월면,8500,0,8500,44.91,13.59,1,신축급  넓은평수 2룸,https://www.zigbang.com/home/apt/items/48249374
2026-07-03 07:23:20,빌라투룸,49500980,월세,04,충청북도 충주시 호암동,충주시,호암동,1000,81,0,52.24,15.8,2,"건조기,에어컨3대,최고급,투룸",https://www.zigbang.com/home/apt/items/49500980
2026-07-03 07:23:20,빌라투룸,49445655,월세,04,충청북도 충주시 호암동,충주시,호암동,1000,81,0,52.24,15.8,2,"ㄴ호암동 최상급 투룸, 풀옵션ㄱ",https://www.zigbang.com/home/apt/items/49445655
2026-07-03 07:23:20,빌라투룸,49541512,월세,04,충청북도 충주시 문화동,충주시,문화동,2000,41,0,49.59,15.0,2,"호암지근방,보증금 조정ok",https://www.zigbang.com/home/apt/items/49541512
2026-07-03 07:23:20,빌라투룸,49449488,월세,04,충청북도 충주시 문화동,충주시,문화동,1000,51,0,50,15.12,3,"남향,호암지,구조좋은투룸",https://www.zigbang.com/home/apt/items/49449488
2026-07-03 07:23:20,빌라투룸,48973284,전세,04,충청북도 충주시 봉방동,충주시,봉방동,5000,0,0,46.28,14.0,3,귀한전세ㅣ탁트인남향ㅣ풀옵션투룸,https://www.zigbang.com/home/apt/items/48973284
2026-07-03 07:23:20,빌라투룸,49398330,월세,04,충청북도 충주시 호암동,충주시,호암동,1000,71,0,37.83,11.44,3,ㄴ호암동 신축 투룸ㄱ,https://www.zigbang.com/home/apt/items/49398330
2026-07-03 07:23:20,빌라투룸,49296585,월세,04,충청북도 충주시 호암동,충주시,호암동,700,61,0,51.6,15.61,3,ㄴ호암택지 신축 투룸ㄱ,https://www.zigbang.com/home/apt/items/49296585
2026-07-03 07:23:20,빌라투룸,49131638,월세,04,충청북도 충주시 호암동,충주시,호암동,1000,71,0,42.98,13.0,2,ㄴ호암동 신축 대형 투룸ㄱ,https://www.zigbang.com/home/apt/items/49131638
2026-07-03 07:23:21,빌라투룸,49576501,월세,04,충청북도 충주시 중앙탑면 용전리,충주시,중앙탑면,500,55,0,49.58,15.0,4,풀옵션 투룸 월세입니다,https://www.zigbang.com/home/apt/items/49576501
2026-07-03 07:23:21,빌라투룸,49576391,월세,04,충청북도 충주시 중앙탑면 용전리,충주시,중앙탑면,500,45,0,40,12.1,2,풀옵션 투룸 월세 매물입니다.,https://www.zigbang.com/home/apt/items/49576391
2026-07-03 07:23:21,빌라투룸,49576368,월세,04,충청북도 충주시 중앙탑면 용전리,충주시,중앙탑면,500,55,0,30,9.07,2,풀옵션 투룸 월세입니다,https://www.zigbang.com/home/apt/items/49576368
2026-07-03 07:23:22,빌라투룸,49562599,월세,04,경기도 여주시 점봉동,여주시,점봉동,6000,20,0,29.75,9.0,4,점봉동 투룸 반전세,https://www.zigbang.com/home/apt/items/49562599
2026-07-03 07:23:22,빌라투룸,49350128,매매,05,경기도 여주시 점봉동,여주시,점봉동,10500,0,10500,43.39,13.13,1,"급급매 저렴한 깨끗한 빌라, 조용하고 살기 좋은곳",https://www.zigbang.com/home/apt/items/49350128
2026-07-03 07:23:23,빌라투룸,49588181,월세,04,경기도 시흥시 정왕동,시흥시,정왕동,500,39,0,40.5,12.25,3,넓은거실 착한가격 3층 투룸월세,https://www.zigbang.com/home/apt/items/49588181
2026-07-03 07:23:23,빌라투룸,49585410,매매,05,경기도 시흥시 정왕동,시흥시,정왕동,9200,0,9200,59.33,17.95,2,최저가2층쓰리룸빌라급매,https://www.zigbang.com/home/apt/items/49585410
2026-07-03 07:23:23,빌라투룸,49585394,월세,04,경기도 시흥시 정왕동,시흥시,정왕동,500,42,0,45,13.61,2,남향방2개모두넓은투룸입니다,https://www.zigbang.com/home/apt/items/49585394
2026-07-03 07:23:23,빌라투룸,49577993,월세,04,경기도 시흥시 정왕동,시흥시,정왕동,500,42,0,48,14.52,3,빨간등대 도보3분 깔끔한 남동향 투룸,https://www.zigbang.com/home/apt/items/49577993
2026-07-03 07:23:23,빌라투룸,49517931,월세,04,경기도 시흥시 정왕동,시흥시,정왕동,500,39,0,37.95,11.48,3,중앙로 도보 1분 남동 채광최상 거실넓은 투룸,https://www.zigbang.com/home/apt/items/49517931
2026-07-03 07:23:23,빌라투룸,49506839,월세,04,경기도 시흥시 정왕동,시흥시,정왕동,500,59,0,46.28,14.0,2,1층전면주차 풀옵션 엘베있는 투룸월세,https://www.zigbang.com/home/apt/items/49506839
2026-07-03 07:23:23,빌라투룸,49502565,월세,05,경기도 시흥시 정왕동,시흥시,정왕동,2000,60,0,58.2,17.61,4,깔끔하게 정돈된 3룸월세 화장실2실,https://www.zigbang.com/home/apt/items/49502565
2026-07-03 07:23:23,빌라투룸,49502496,월세,05,경기도 시흥시 정왕동,시흥시,정왕동,2000,60,0,57.88,17.51,4,중앙로 도보 2분 남동향 방3 쓰리룸 욕실2,https://www.zigbang.com/home/apt/items/49502496
2026-07-03 07:23:23,빌라투룸,49449612,월세,04,경기도 시흥시 정왕동,시흥시,정왕동,500,40,0,49.59,15.0,4,공원뷰넓은투룸씽크대교체,https://www.zigbang.com/home/apt/items/49449612
2026-07-03 07:23:23,빌라투룸,49445920,월세,04,경기도 시흥시 정왕동,시흥시,정왕동,500,40,0,46,13.91,4,중앙로 도보 2분 남동 채광최상 넓은 분리형 투룸,https://www.zigbang.com/home/apt/items/49445920
2026-07-03 07:23:23,빌라투룸,49427618,월세,04,경기도 시흥시 정왕동,시흥시,정왕동,500,40,0,40.9,12.37,4,거실넓은채광좋은 투룸월세,https://www.zigbang.com/home/apt/items/49427618
2026-07-03 07:23:23,빌라투룸,49423007,월세,04,경기도 시흥시 정왕동,시흥시,정왕동,500,42,0,47,14.22,4,중앙로 도보 3분 남서향 채광좋은 투룸,https://www.zigbang.com/home/apt/items/49423007
2026-07-03 07:23:23,빌라투룸,49366870,매매,04,경기도 시흥시 정왕동,시흥시,정왕동,6500,0,6500,34.66,10.48,4,베란다넓은오이도투룸매매,https://www.zigbang.com/home/apt/items/49366870
2026-07-03 07:23:23,빌라투룸,49323551,월세,04,경기도 시흥시 정왕동,시흥시,정왕동,500,42,0,39.2,11.86,3,깔끔하게 정돈된 투룲월세,https://www.zigbang.com/home/apt/items/49323551
2026-07-03 07:23:23,빌라투룸,49255607,월세,04,경기도 시흥시 정왕동,시흥시,정왕동,500,39,0,45,13.61,3,풀옵션거실넓고밝은투룸월세,https://www.zigbang.com/home/apt/items/49255607
2026-07-03 07:23:23,빌라투룸,49553528,월세,04,인천시 연수구 옥련동,연수구,옥련동,500,42,0,42.98,13.0,2,ㅁ밝은 투룸 2층ㅁ,https://www.zigbang.com/home/apt/items/49553528
2026-07-03 07:23:23,빌라투룸,49519976,월세,04,인천시 연수구 옥련동,연수구,옥련동,100,100,0,42.98,13.0,2,ㅁ단기투룸 선불 깨끗ㅁ,https://www.zigbang.com/home/apt/items/49519976
2026-07-03 07:23:23,빌라투룸,49104058,매매,05,인천시 연수구 옥련동,연수구,옥련동,10500,0,10500,38.52,11.65,1,초특급수리 남향 최저가 쓰리룸,https://www.zigbang.com/home/apt/items/49104058
2026-07-03 07:23:24,빌라투룸,49579420,매매,05,경기도 시흥시 월곶동,시흥시,월곶동,31500,0,31500,70.93,21.46,5,월곶동 최소실입주금 대출 잘나오는 초고급 신축 쓰리룸,https://www.zigbang.com/home/apt/items/49579420
2026-07-03 07:23:24,빌라투룸,49546281,매매,05,경기도 시흥시 월곶동,시흥시,월곶동,21000,0,21000,68.6,20.75,6,100프로 실매물. 안전한 권리 분석부터 유연한 입주 협의,https://www.zigbang.com/home/apt/items/49546281
2026-07-03 07:23:24,빌라투룸,49554297,월세,04,경기도 안산시 단원구 성곡동,안산시 단원구,성곡동,500,50,0,42.98,13.0,5,신축 오피스텔 주소이전가능   풀옵션 엘베  주차가능,https://www.zigbang.com/home/apt/items/49554297
2026-07-03 07:23:25,빌라투룸,49589090,월세,04,경기도 시흥시 정왕동,시흥시,정왕동,1500,64,0,56.1,16.97,3,개방감 최고  답답함 없는 깔끔한 초록세상 투룸,https://www.zigbang.com/home/apt/items/49589090
2026-07-03 07:23:25,빌라투룸,49573784,월세,04,경기도 시흥시 정왕동,시흥시,정왕동,1500,64,0,59.5,18.0,3,거실넓은투룸 확트인전망넓은방 베란다3개 정왕역5분,https://www.zigbang.com/home/apt/items/49573784
2026-07-03 07:23:25,빌라투룸,49567164,월세,04,경기도 시흥시 정왕동,시흥시,정왕동,1500,64,0,59.5,18.0,3,식자재.정왕역도보 넓어요,https://www.zigbang.com/home/apt/items/49567164
2026-07-03 07:23:25,빌라투룸,49537284,월세,04,경기도 시흥시 정왕동,시흥시,정왕동,2000,64,0,49.5,14.97,3,뷰가 이쁜집입니다.,https://www.zigbang.com/home/apt/items/49537284
2026-07-03 07:23:25,빌라투룸,49479240,월세,04,경기도 시흥시 월곶동,시흥시,월곶동,1000,75,0,49.59,15.0,2,신축 뷰가 좋은 풀옵션 1층 필로티구조,https://www.zigbang.com/home/apt/items/49479240
2026-07-03 07:23:25,빌라투룸,49466262,월세,04,경기도 시흥시 정왕동,시흥시,정왕동,1000,53,0,48.8,14.76,6,"十투룸맛집十 복층,화장실2,에어컨2",https://www.zigbang.com/home/apt/items/49466262
2026-07-03 07:23:25,빌라투룸,49574849,매매,05,경기도 시흥시 신천동,시흥시,신천동,27000,0,27000,43.18,13.06,2,시흥 은계지구 최소실입으로 가능한 초고급 신축 쓰리룸,https://www.zigbang.com/home/apt/items/49574849
2026-07-03 07:23:25,빌라투룸,49557751,매매,04,경기도 시흥시 신천동,시흥시,신천동,14800,0,14800,42.66,12.9,4,가전제품 모두 증정. 특특올수리. 설명필독. 초특급 급매물,https://www.zigbang.com/home/apt/items/49557751
2026-07-03 07:23:25,빌라투룸,49552271,매매,04,경기도 시흥시 은행동,시흥시,은행동,14500,0,14500,40.23,12.17,2,은행동 2룸 21년식 준신축 시세대비 정말 저렴한 집,https://www.zigbang.com/home/apt/items/49552271
2026-07-03 07:23:25,빌라투룸,49549820,매매,04,경기도 시흥시 은행동,시흥시,은행동,15000,0,15000,38.55,11.66,3,실입주금2000 급매 낮은매매가 신축컨디션,https://www.zigbang.com/home/apt/items/49549820
2026-07-03 07:23:25,빌라투룸,49546488,매매,05,경기도 시흥시 매화동,시흥시,매화동,17000,0,17000,44.87,13.57,3,o대단지급매물o 매화동 초급매물 3룸 대출상담환영,https://www.zigbang.com/home/apt/items/49546488
2026-07-03 07:23:25,빌라투룸,49536913,매매,06,경기도 시흥시 은행동,시흥시,은행동,31000,0,31000,64.39,19.48,5,ㅇ낭만있는집ㅇ복층ㅇ테라스ㅇ넓고 큰집ㅇ,https://www.zigbang.com/home/apt/items/49536913
2026-07-03 07:23:25,빌라투룸,49427749,매매,05,경기도 시흥시 신천동,시흥시,신천동,29000,0,29000,39.76,12.03,3,신천동 부동산 헛걸음 그만 이번 주말 이 집 하나만 보세요,https://www.zigbang.com/home/apt/items/49427749
2026-07-03 07:23:25,빌라투룸,49423362,매매,05,경기도 시흥시 신천동,시흥시,신천동,12500,0,12500,43.32,13.1,2,"신천동 방3 화1 위치,가성비 끝내주는 올수리 빌라",https://www.zigbang.com/home/apt/items/49423362
2026-07-03 07:23:25,빌라투룸,49389773,매매,05,경기도 시흥시 은행동,시흥시,은행동,27000,0,27000,74.78,22.62,8,실투3300만원 전액대출가능 방3화2 즉시입주,https://www.zigbang.com/home/apt/items/49389773
2026-07-03 07:23:25,빌라투룸,49128478,매매,05,경기도 시흥시 신천동,시흥시,신천동,22000,0,22000,37.41,11.32,7,"엘베 O 방3 , 신천역 역세권",https://www.zigbang.com/home/apt/items/49128478
2026-07-03 07:23:25,빌라투룸,49291843,매매,05,경기도 시흥시 조남동,시흥시,조남동,48000,0,48000,82.85,25.06,2,목감역 도보5분거리 단독테라스세대,https://www.zigbang.com/home/apt/items/49291843
2026-07-03 07:23:24,빌라투룸,49195873,전세,04,경기도 안산시 상록구 본오동,안산시 상록구,본오동,3000,0,0,50,15.12,반지하,ㅇ상록수역세권 귀한 2룸전세 밝고 깨끗 주차굿굿  구조굿,https://www.zigbang.com/home/apt/items/49195873
2026-07-03 07:23:24,빌라투룸,49181224,매매,05,경기도 안산시 상록구 본오동,안산시 상록구,본오동,18000,0,18000,55.14,16.68,3,A일렬주차장 3층 사방팔방트여서 아주 환하고 아주 깨끗한집,https://www.zigbang.com/home/apt/items/49181224
2026-07-03 07:23:24,빌라투룸,49173956,매매,05,경기도 안산시 상록구 팔곡이동,안산시 상록구,팔곡이동,18000,0,18000,81.78,24.74,4,안산 엘리베이터3룸 아파트형구조  깔끔한 인테리어,https://www.zigbang.com/home/apt/items/49173956
2026-07-03 07:23:24,빌라투룸,49142507,월세,04,경기도 안산시 상록구 본오동,안산시 상록구,본오동,500,50,0,45,13.61,2,ㅁ역8분 올수리 깔끔 남향 채광굿 2룸ㅁ,https://www.zigbang.com/home/apt/items/49142507
2026-07-03 07:23:24,빌라투룸,49049481,매매,05,경기도 안산시 상록구 일동,안산시 상록구,일동,11000,0,11000,50.66,15.32,4,가격매우저렴하고 컨디션 좋은 빌라 구조좋고 상록수역도보권,https://www.zigbang.com/home/apt/items/49049481
2026-07-03 07:23:25,빌라투룸,49584274,월세,04,경기도 안양시 만안구 안양동,안양시 만안구,안양동,200,70,0,37.18,11.25,4,공실공실 단기단기 월세월세,https://www.zigbang.com/home/apt/items/49584274
2026-07-03 07:23:25,빌라투룸,49580522,월세,05,경기도 안산시 상록구 수암동,안산시 상록구,수암동,1000,40,0,59.87,18.11,3,"거실 넓은 쓰리룸, 보증금, 월세 조정가능합니다.",https://www.zigbang.com/home/apt/items/49580522
2026-07-03 07:23:25,빌라투룸,49576553,월세,04,경기도 안양시 만안구 안양동,안양시 만안구,안양동,1000,50,0,38,11.49,2,연성대인근 투룸저렴한월세 빠른입주가능,https://www.zigbang.com/home/apt/items/49576553
2026-07-03 07:23:25,빌라투룸,49567283,매매,04,경기도 안양시 만안구 안양동,안양시 만안구,안양동,21000,0,21000,31.91,9.65,4,준식축급ㅣ특가매물ㅣ컨디션최고,https://www.zigbang.com/home/apt/items/49567283
2026-07-03 07:23:25,빌라투룸,49564363,월세,05,경기도 안산시 상록구 수암동,안산시 상록구,수암동,500,50,0,49.3,14.91,3,"방3개, 남향으로 채광 좋은 집, 주차 편리",https://www.zigbang.com/home/apt/items/49564363
2026-07-03 07:23:25,빌라투룸,49564197,전세,05,경기도 안산시 상록구 수암동,안산시 상록구,수암동,6000,0,0,49.63,15.01,3,"방3개, LH, 경기도시공사 가능, 남향으로 채광좋은 집",https://www.zigbang.com/home/apt/items/49564197
2026-07-03 07:23:25,빌라투룸,49564141,전세,05,경기도 안산시 상록구 수암동,안산시 상록구,수암동,15000,0,0,75.98,22.98,3,"방4개, 상태깨끗, 주차장 완비, 초등 가까움,LH 안됨",https://www.zigbang.com/home/apt/items/49564141
2026-07-03 07:23:25,빌라투룸,49562676,매매,05,경기도 안산시 상록구 수암동,안산시 상록구,수암동,18000,0,18000,60.74,18.37,3,강추 남향 넓고 구조좋은 쓰리룸빌라 매매,https://www.zigbang.com/home/apt/items/49562676
2026-07-03 07:23:25,빌라투룸,49561819,월세,05,경기도 안산시 상록구 수암동,안산시 상록구,수암동,3000,95,0,73.65,22.28,6,"엘베있는 신축 첫입주, 시스템 에어컨 설치됨, 남향",https://www.zigbang.com/home/apt/items/49561819
2026-07-03 07:23:25,빌라투룸,49465210,매매,05,경기도 안산시 상록구 수암동,안산시 상록구,수암동,17500,0,17500,60.74,18.37,3,"채광좋은 정남향 엄청나게 넓은 주방,거실 저렴하게나온 빌라",https://www.zigbang.com/home/apt/items/49465210
2026-07-03 07:23:25,빌라투룸,49387165,매매,05,경기도 안양시 만안구 안양동,안양시 만안구,안양동,31000,0,31000,58.51,17.7,4,준신축 쓰리룸과 거실,https://www.zigbang.com/home/apt/items/49387165
2026-07-03 07:23:26,빌라투룸,49331197,월세,05,인천시 제물포구 항동7가,제물포구,항동7가,150,65,0,45.39,13.73,9,l 단기임대 l 전입 ok l 애완 ok,https://www.zigbang.com/home/apt/items/49331197
2026-07-03 07:23:27,빌라투룸,49576714,월세,04,인천시 서해구 청라동,서해구,청라동,1000,120,0,59.1,17.88,6,방2화2 특급 25년식 신축. 보증금 다운 1000만원.,https://www.zigbang.com/home/apt/items/49576714
2026-07-03 07:23:27,빌라투룸,49316849,월세,04,경기도 김포시 양촌읍 학운리,김포시,양촌읍,300,42,0,30,9.07,4,"보증금, 월세 저렴한 소형 2룸",https://www.zigbang.com/home/apt/items/49316849
2026-07-03 07:23:26,빌라투룸,49297534,월세,05,인천시 미추홀구 주안동,미추홀구,주안동,3000,120,0,83.31,25.2,5,"신축, 주안역1분, 복층, 월세, 주차100, 공실입주협의",https://www.zigbang.com/home/apt/items/49297534
2026-07-03 07:23:26,빌라투룸,49280899,전세,04,인천시 미추홀구 용현동,미추홀구,용현동,3900,0,0,34.96,10.58,3,"LH전세,도시공사전세,인천용정초등학교",https://www.zigbang.com/home/apt/items/49280899
2026-07-03 07:23:26,빌라투룸,49280889,전세,04,인천시 미추홀구 주안동,미추홀구,주안동,4530,0,0,41.39,12.52,반지하,"LH전세,도시공사전세,카뱅전세,버티목전세,풀옵션",https://www.zigbang.com/home/apt/items/49280889
2026-07-03 07:23:26,빌라투룸,49270062,매매,05,인천시 미추홀구 도화동,미추홀구,도화동,4200,0,4200,35.82,10.84,반지하,"쓰리룸, 샷시부터특올수리, 밝고 환한집, 빠른이사",https://www.zigbang.com/home/apt/items/49270062
2026-07-03 07:23:26,빌라투룸,49257686,매매,05,인천시 미추홀구 숭의동,미추홀구,숭의동,13500,0,13500,60.01,18.15,5,엘베O 방3화2 제물포역 역세권,https://www.zigbang.com/home/apt/items/49257686
2026-07-03 07:23:26,빌라투룸,49256671,매매,04,인천시 미추홀구 숭의동,미추홀구,숭의동,6500,0,6500,36.51,11.04,2,"급매, 샷시부터 특올수리, 귀한2층, 용현시장인근, 채광굿",https://www.zigbang.com/home/apt/items/49256671
2026-07-03 07:23:26,빌라투룸,49255573,매매,05,인천시 미추홀구 도화동,미추홀구,도화동,6200,0,6200,59.1,17.88,반지하,급매 실24평 올수리 방3개 대왕통베란다 1997년식,https://www.zigbang.com/home/apt/items/49255573
2026-07-03 07:23:26,빌라투룸,49245353,매매,04,인천시 미추홀구 주안동,미추홀구,주안동,6000,0,6000,41.24,12.48,2,특특올수리. 급매물. 2층. 선착순 황금매물. 완벽상태,https://www.zigbang.com/home/apt/items/49245353
2026-07-03 07:23:26,빌라투룸,49222079,월세,04,인천시 미추홀구 주안동,미추홀구,주안동,100,60,0,24.08,7.28,3,주안역 도보10분 저렴한 보증금과 월세 투룸,https://www.zigbang.com/home/apt/items/49222079
2026-07-03 07:23:26,빌라투룸,49166041,매매,05,인천시 미추홀구 주안동,미추홀구,주안동,18600,0,18600,59.94,18.13,9,주안역 도보5분 역세권 주택등기 올리모델링 입주바로가능,https://www.zigbang.com/home/apt/items/49166041
2026-07-03 07:23:26,빌라투룸,49153661,매매,04,인천시 미추홀구 주안동,미추홀구,주안동,2700,0,2700,33.12,10.02,반지하,"급매, 주안석암초인근, 밝고 환한집, 투룸",https://www.zigbang.com/home/apt/items/49153661
2026-07-03 07:23:26,빌라투룸,49152949,월세,04,인천시 미추홀구 도화동,미추홀구,도화동,100,50,0,34.78,10.52,2,"도화역도보8, 즉시입주가능, 저렴한 보증금 방2화장실1",https://www.zigbang.com/home/apt/items/49152949
2026-07-03 07:23:26,빌라투룸,49120005,매매,05,인천시 미추홀구 도화동,미추홀구,도화동,12000,0,12000,58.67,17.75,4,특급수리 진짜 최저가 미친 꿀매물,https://www.zigbang.com/home/apt/items/49120005
2026-07-03 07:23:26,빌라투룸,49102032,월세,04,인천시 미추홀구 주안동,미추홀구,주안동,60,55,0,31.98,9.67,4,ꕢNEW주안역세권ꕢ풀옵션 초특급월세 투룸ꕢ인근최저가ꕢ,https://www.zigbang.com/home/apt/items/49102032
2026-07-03 07:23:30,빌라투룸,49586482,매매,05,경기도 김포시 고촌읍 신곡리,김포시,고촌읍,25500,0,25500,59.94,18.13,5,l대출잘나오는l실매물l 헛걸음이제그만 한도맞춤형 빌라,https://www.zigbang.com/home/apt/items/49586482
2026-07-03 07:23:30,빌라투룸,49569721,매매,05,경기도 김포시 고촌읍 신곡리,김포시,고촌읍,26000,0,26000,39.84,12.05,3,고촌역 도보5분 인프라최강 신축급컨디션,https://www.zigbang.com/home/apt/items/49569721
2026-07-03 07:23:30,빌라투룸,49552426,매매,05,경기도 김포시 고촌읍 신곡리,김포시,고촌읍,24800,0,24800,39.84,12.05,3,고촌읍 3룸 실평수 잘 빠졌어요,https://www.zigbang.com/home/apt/items/49552426
2026-07-03 07:23:30,빌라투룸,49552108,매매,05,경기도 김포시 고촌읍 신곡리,김포시,고촌읍,33000,0,33000,49.26,14.9,5,고촌역 도보5분 역세권 복층 급매물,https://www.zigbang.com/home/apt/items/49552108
2026-07-03 07:23:30,빌라투룸,49570558,매매,05,서울시 강서구 방화동,강서구,방화동,21000,0,21000,35.37,10.7,2,방화역 초역세권 쓰리룸 급매,https://www.zigbang.com/home/apt/items/49570558
2026-07-03 07:23:30,빌라투룸,49378405,매매,06,서울시 강서구 방화동,강서구,방화동,59800,0,59800,84.15,25.46,6,방화역5호선 도보 5분 5룸 자주식주차,https://www.zigbang.com/home/apt/items/49378405
2026-07-03 07:23:30,빌라투룸,49445761,월세,05,경기도 고양시 덕양구 덕은동,고양시 덕양구,덕은동,5000,130,0,49.84,15.08,3,넓은3룸 엘베 에어컨 빠른입주,https://www.zigbang.com/home/apt/items/49445761
2026-07-03 07:23:30,빌라투룸,48919383,매매,05,서울시 강서구 염창동,강서구,염창동,67900,0,67900,57.38,17.36,5,신축첫입주 아파트3룸 9호선염창역 도보5분 여의도10분,https://www.zigbang.com/home/apt/items/48919383
2026-07-03 07:23:30,빌라투룸,48694245,월세,04,서울시 마포구 망원동,마포구,망원동,5000,80,0,39.67,12.0,2,망리단길 근처 투룸,https://www.zigbang.com/home/apt/items/48694245
2026-07-03 07:23:30,빌라투룸,48479089,매매,06,서울시 강서구 염창동,강서구,염창동,107000,0,107000,84.98,25.71,12,신축아파트.합법복층 펜트하우스.9호선 염창역 도보 5분,https://www.zigbang.com/home/apt/items/48479089
2026-07-03 07:23:31,빌라투룸,49583267,매매,05,경기도 수원시 권선구 당수동,수원시 권선구,당수동,19500,0,19500,49.37,14.93,2,l대출잘나오는l실매물l 무입주금 자금부족 고민 해결,https://www.zigbang.com/home/apt/items/49583267
2026-07-03 07:23:31,빌라투룸,49582152,전세,04,경기도 수원시 권선구 호매실동,수원시 권선구,호매실동,18000,0,0,55.72,16.86,2,"채광좋은 투룸,구조 좋고,살기 편한집,즉시입주가능.",https://www.zigbang.com/home/apt/items/49582152
2026-07-03 07:23:31,빌라투룸,49582141,매매,05,경기도 수원시 권선구 금곡동,수원시 권선구,금곡동,190000,0,190000,175.6,53.12,1,"최상의 단독주택,편백인테리어,최상의 인테리어,채광좋은집",https://www.zigbang.com/home/apt/items/49582141
2026-07-03 07:23:31,빌라투룸,49582128,월세,05,경기도 수원시 권선구 금곡동,수원시 권선구,금곡동,500,45,0,46.28,14.0,반지하,"올수리,즉시입주,풀옵션.채광도 들어오는집,",https://www.zigbang.com/home/apt/items/49582128
2026-07-03 07:23:31,빌라투룸,49573624,전세,04,경기도 수원시 권선구 금곡동,수원시 권선구,금곡동,6000,0,0,37.88,11.46,3,베란다가 있는 빌라임,https://www.zigbang.com/home/apt/items/49573624
2026-07-03 07:23:31,빌라투룸,49573507,월세,04,경기도 수원시 권선구 호매실동,수원시 권선구,호매실동,2000,80,0,70,21.17,2,넓은 투룸 입니다,https://www.zigbang.com/home/apt/items/49573507
2026-07-03 07:23:31,빌라투룸,49444618,매매,05,경기도 수원시 권선구 당수동,수원시 권선구,당수동,20000,0,20000,49.37,14.93,3,신축 잔여 세대특가 인프라최상 저금리 대출가능,https://www.zigbang.com/home/apt/items/49444618
2026-07-03 07:23:31,빌라투룸,49188450,매매,05,경기도 수원시 권선구 구운동,수원시 권선구,구운동,18500,0,18500,76.89,23.26,2,"방3화2,공실,깨끗,통베란다",https://www.zigbang.com/home/apt/items/49188450
2026-07-03 07:23:31,빌라투룸,49180608,매매,05,경기도 수원시 권선구 탑동,수원시 권선구,탑동,22500,0,22500,70.04,21.19,4,실매물 0 집주인인증 0 방문약속가능,https://www.zigbang.com/home/apt/items/49180608
2026-07-03 07:23:31,빌라투룸,49021566,월세,04,경기도 수원시 권선구 구운동,수원시 권선구,구운동,3000,40,0,45,13.61,1,"월세저렴,깨끗,빠른입주가능,옵션",https://www.zigbang.com/home/apt/items/49021566
2026-07-03 07:23:31,빌라투룸,48980737,매매,04,경기도 수원시 권선구 서둔동,수원시 권선구,서둔동,9500,0,9500,34.2,10.35,5,올리모델링 상태 매우 좋은 집,https://www.zigbang.com/home/apt/items/48980737
2026-07-03 07:23:31,빌라투룸,48766141,월세,05,경기도 수원시 권선구 구운동,수원시 권선구,구운동,2000,30,0,60,18.15,반지하,"공실,월세 저렴,방3",https://www.zigbang.com/home/apt/items/48766141
2026-07-03 07:23:31,빌라투룸,48714319,전세,04,경기도 수원시 권선구 구운동,수원시 권선구,구운동,6000,0,0,47,14.22,반지하,"깨끗한 투룸,2년전 올수리,융자없음",https://www.zigbang.com/home/apt/items/48714319
2026-07-03 07:23:32,빌라투룸,49434960,매매,06,경기도 수원시 장안구 파장동,수원시 장안구,파장동,46000,0,46000,80.4,24.32,5,수일초등학교 도보 5분 경기과학고 10분내 인접,https://www.zigbang.com/home/apt/items/49434960
2026-07-03 07:23:32,빌라투룸,49419375,월세,05,경기도 의왕시 고천동,의왕시,고천동,5000,140,0,66,19.96,3,"시스템에어컨4, 실링펜, 신축 첫입주, 주차완벽",https://www.zigbang.com/home/apt/items/49419375
2026-07-03 07:23:33,빌라투룸,49583352,매매,05,경기도 용인시 수지구 신봉동,용인시 수지구,신봉동,42700,0,42700,68.73,20.79,3,l대출잘나오는l실매물l 월세 낼 돈으로 내 집 마련 성공,https://www.zigbang.com/home/apt/items/49583352
2026-07-03 07:23:33,빌라투룸,49357773,전세,05,경기도 용인시 수지구 성복동,용인시 수지구,성복동,40600,0,0,51.02,15.43,2,귀한 3룸 전세집 HUG에서 보증보험 가능한 안전한 전세,https://www.zigbang.com/home/apt/items/49357773
2026-07-03 07:23:33,빌라투룸,49246297,매매,05,경기도 용인시 수지구 동천동,용인시 수지구,동천동,67000,0,67000,70.21,21.24,1,전원생활을 느낄수 있는 인테리어 이쁜 복층형 타운하우스,https://www.zigbang.com/home/apt/items/49246297
2026-07-03 07:23:33,빌라투룸,49561685,월세,05,경기도 의왕시 학의동,의왕시,학의동,5000,140,0,70.64,21.37,2,"햇살좋은 공원뷰에 구조이쁜집, 시스템에어컨4대,욕조,인덕션",https://www.zigbang.com/home/apt/items/49561685
2026-07-03 07:23:33,빌라투룸,49527661,월세,04,경기도 의왕시 학의동,의왕시,학의동,5000,110,0,64.21,19.42,2,"귀한투룸월세,욕실2,안방붙박이장,천장에어컨풀,앞뒤산과개천뷰",https://www.zigbang.com/home/apt/items/49527661
2026-07-03 07:23:33,빌라투룸,49500311,전세,04,경기도 의왕시 학의동,의왕시,학의동,30000,0,0,59.82,18.1,2,"융무,대출,보증보험가,귀한투룸전세,안방붙박이장,한쪽트인뷰",https://www.zigbang.com/home/apt/items/49500311
2026-07-03 07:23:33,빌라투룸,49500272,전세,05,경기도 의왕시 학의동,의왕시,학의동,32000,0,0,73.12,22.12,2,"융무,보증보험가,위치좋고해잘드는포근한집,시스템에어컨3대",https://www.zigbang.com/home/apt/items/49500272
2026-07-03 07:23:33,빌라투룸,49485350,전세,06,경기도 의왕시 학의동,의왕시,학의동,50000,0,0,69.85,21.13,4,"주인세대복층,넓은테라스,시스템에어컨풀,방4,화3,햇살좋은집",https://www.zigbang.com/home/apt/items/49485350
2026-07-03 07:23:33,빌라투룸,49484406,전세,05,경기도 의왕시 학의동,의왕시,학의동,33000,0,0,84.83,25.66,2,"넓고개방감이있는 구조좋은집,공원뷰,천장에어컨,방3,화2,",https://www.zigbang.com/home/apt/items/49484406
2026-07-03 07:23:33,빌라투룸,49481580,매매,05,경기도 의왕시 학의동,의왕시,학의동,30500,0,30500,49.54,14.99,4,l대출잘나오는l실매물l 대출 걱정 끝 허위 없는 진짜 매매,https://www.zigbang.com/home/apt/items/49481580
2026-07-03 07:23:33,빌라투룸,49463556,월세,05,경기도 의왕시 학의동,의왕시,학의동,20000,60,0,64.27,19.44,2,"커뮤니티시설및초중교인접,천장에어컨,조용한주택단지,방3,화2",https://www.zigbang.com/home/apt/items/49463556
2026-07-03 07:23:33,빌라투룸,49433435,월세,06,경기도 의왕시 학의동,의왕시,학의동,20000,140,0,69.85,21.13,4,"복층주인세대,테라스,실사용면적은훨씬넓음,방4,화3,풀에어컨",https://www.zigbang.com/home/apt/items/49433435
2026-07-03 07:23:33,빌라투룸,49348708,전세,05,경기도 의왕시 학의동,의왕시,학의동,26000,0,0,56.42,17.07,2,쓰리룸 전세 I 대출가능 LH불가 I  보험0,https://www.zigbang.com/home/apt/items/49348708
2026-07-03 07:23:33,빌라투룸,49289537,월세,05,경기도 의왕시 학의동,의왕시,학의동,31700,9,0,69.54,21.04,5,숲세권 보증보험ㅇ 전세대출 가능 복층빌라,https://www.zigbang.com/home/apt/items/49289537
2026-07-03 07:23:33,빌라투룸,49273819,전세,06,경기도 의왕시 학의동,의왕시,학의동,45000,0,0,50.13,15.16,2,"2층과1층복층구조,아이키우기좋은환경,인테리어굿,풀옵션,남향",https://www.zigbang.com/home/apt/items/49273819
2026-07-03 07:23:33,빌라투룸,49245107,월세,06,경기도 의왕시 학의동,의왕시,학의동,20000,200,0,140.39,42.47,4,"주인세대,복층구조,넓은테라스 중정있는이쁜구조,에어컨풀,방4",https://www.zigbang.com/home/apt/items/49245107
2026-07-03 07:23:33,빌라투룸,49183582,전세,05,경기도 의왕시 학의동,의왕시,학의동,40000,0,0,75.65,22.88,3,"보증보험가능,롯데몰옆조용한주택단지,넓은거실과넓은방,붙박이장",https://www.zigbang.com/home/apt/items/49183582
2026-07-03 07:23:34,빌라투룸,49461502,월세,04,경기도 성남시 수정구 금토동,성남시 수정구,금토동,2000,120,0,59,17.85,2,조용한주택 가투룸,https://www.zigbang.com/home/apt/items/49461502
2026-07-03 07:23:33,빌라투룸,49465919,매매,05,경기도 의왕시 청계동,의왕시,청계동,33900,0,33900,49.18,14.88,2,l대출잘나오는l실매물l 매달 버리는 월세 이제 탈출하세요,https://www.zigbang.com/home/apt/items/49465919
2026-07-03 07:23:34,빌라투룸,49572734,월세,05,경기도 용인시 처인구 모현읍 능원리,용인시 처인구,모현읍,300,130,0,62.74,18.98,3,ㅡㅡNEWㅣ복층쓰리룸ㅣ단기OKㅣ,https://www.zigbang.com/home/apt/items/49572734
2026-07-03 07:23:34,빌라투룸,49553641,매매,05,경기도 광주시 능평동,광주시,능평동,19500,0,19500,58.63,17.74,2,능평동 단지형빌라 올리모델링 방3화2 신축급컨디션 급매,https://www.zigbang.com/home/apt/items/49553641
2026-07-03 07:23:34,빌라투룸,49552641,매매,05,경기도 광주시 신현동,광주시,신현동,18000,0,18000,55,16.64,3,신현동 3룸 구조좋은 올수리 급매물,https://www.zigbang.com/home/apt/items/49552641
2026-07-03 07:23:34,빌라투룸,49552083,매매,06,경기도 광주시 신현동,광주시,신현동,32000,0,32000,68.81,20.81,1,신현동 4룸 준신축 테라스 마당 엄청 넓은 집,https://www.zigbang.com/home/apt/items/49552083
2026-07-03 07:23:34,빌라투룸,49547981,매매,05,경기도 광주시 신현동,광주시,신현동,26800,0,26800,61.6,18.63,2,"뻥 뚫린 산뷰, 공기좋은 조용한 언덕 마지막 한세대 원가",https://www.zigbang.com/home/apt/items/49547981
2026-07-03 07:23:34,빌라투룸,49484629,매매,05,경기도 용인시 처인구 모현읍 오산리,용인시 처인구,모현읍,29000,0,29000,65.64,19.86,3,처인구 O 방3화2베1 O 준신축 빌라,https://www.zigbang.com/home/apt/items/49484629
2026-07-03 07:23:34,빌라투룸,49352401,매매,05,경기도 광주시 능평동,광주시,능평동,19300,0,19300,58.2,17.61,4,급매 복층및테라스 넓은 준신축 구조 올수리 저금리 기금대,https://www.zigbang.com/home/apt/items/49352401
2026-07-03 07:23:34,빌라투룸,49295157,월세,05,경기도 용인시 처인구 모현읍 능원리,용인시 처인구,모현읍,300,125,0,63.98,19.35,1,ㅡㅡ이사날짜확인부탁ㅣ단기가능ㅣ보증금조절Xㅣ,https://www.zigbang.com/home/apt/items/49295157
2026-07-03 07:23:34,빌라투룸,49559780,전세,04,경기도 용인시 처인구 포곡읍 삼계리,용인시 처인구,포곡읍,11000,0,0,45,13.61,2,주차좋고 환승구역 전세금 대출 안됨  방2베란다,https://www.zigbang.com/home/apt/items/49559780
2026-07-03 07:23:34,빌라투룸,49586274,매매,05,경기도 용인시 처인구 포곡읍 둔전리,용인시 처인구,포곡읍,13900,0,13900,45.16,13.66,3,l대출잘나오는l실매물l 월세 낼 돈으로 내 집 마련 성공,https://www.zigbang.com/home/apt/items/49586274
2026-07-03 07:23:34,빌라투룸,49583333,매매,05,경기도 용인시 처인구 포곡읍 전대리,용인시 처인구,포곡읍,15500,0,15500,73.99,22.38,4,실매물ㅇ집주인인증ㅇ방문예약가능,https://www.zigbang.com/home/apt/items/49583333
2026-07-03 07:23:34,빌라투룸,49569159,매매,05,경기도 용인시 처인구 포곡읍 둔전리,용인시 처인구,포곡읍,22000,0,22000,72.71,21.99,2,아이키우기 너무 좋은 럭셔리하우스 신축급컨디션유지,https://www.zigbang.com/home/apt/items/49569159
2026-07-03 07:23:34,빌라투룸,49559820,매매,05,경기도 용인시 처인구 포곡읍 둔전리,용인시 처인구,포곡읍,11200,0,11200,100,30.25,5,학군 교통편의시설 경전철  신원 아파트 바로 옆 즉시,https://www.zigbang.com/home/apt/items/49559820
2026-07-03 07:23:34,빌라투룸,49551598,매매,05,경기도 용인시 처인구 포곡읍 둔전리,용인시 처인구,포곡읍,17000,0,17000,70.5,21.33,4,살기좋은 집 둔전역 및 학교 도보가능 대형평수 쓰리룸입니다,https://www.zigbang.com/home/apt/items/49551598
2026-07-03 07:23:34,빌라투룸,49547205,매매,05,경기도 용인시 처인구 포곡읍 둔전리,용인시 처인구,포곡읍,23000,0,23000,69.18,20.93,5,엘o 방3 주택 21년식 에버라인 역세권 최저실입 가능,https://www.zigbang.com/home/apt/items/49547205
2026-07-03 07:23:34,빌라투룸,49546426,매매,05,경기도 용인시 처인구 포곡읍 둔전리,용인시 처인구,포곡읍,11500,0,11500,64.08,19.38,4,o올수리o 저렴하게 매매할수있는 3룸 대출상담환영,https://www.zigbang.com/home/apt/items/49546426
2026-07-03 07:23:34,빌라투룸,49542080,매매,05,경기도 용인시 처인구 포곡읍 전대리,용인시 처인구,포곡읍,25300,0,25300,67.78,20.5,4,실사진실매물  상태좋은 이쁜집 준신축 도로변 가까운 평지,https://www.zigbang.com/home/apt/items/49542080
2026-07-03 07:23:34,빌라투룸,49506267,매매,05,경기도 용인시 처인구 포곡읍 둔전리,용인시 처인구,포곡읍,15000,0,15000,48.75,14.75,4,둔전리 방3 화2 구조 좋은 넓은 평수 쓰리룸 빌라,https://www.zigbang.com/home/apt/items/49506267
2026-07-03 07:23:34,빌라투룸,49425502,매매,05,경기도 용인시 처인구 포곡읍 전대리,용인시 처인구,포곡읍,17500,0,17500,71.55,21.64,3,l대출 걱정 뚝l 복잡한 승인 절차 막힘없이 해결해드립니다,https://www.zigbang.com/home/apt/items/49425502
2026-07-03 07:23:34,빌라투룸,49352862,매매,05,경기도 용인시 처인구 포곡읍 전대리,용인시 처인구,포곡읍,17500,0,17500,55.62,16.82,2,잘빠진 쓰리룸 엘베OK 초 급매물로 가격좋음,https://www.zigbang.com/home/apt/items/49352862
2026-07-03 07:23:34,빌라투룸,49535755,매매,05,경기도 용인시 처인구 모현읍 왕산리,용인시 처인구,모현읍,19500,0,19500,74.14,22.43,4,실매물 0 집주인인증 0 방문약속가능,https://www.zigbang.com/home/apt/items/49535755
2026-07-03 07:23:34,빌라투룸,49586198,매매,05,경기도 광주시 능평동,광주시,능평동,18900,0,18900,66.46,20.1,1,엘o 방3 뻥뷰 17년식 1억대 급매 준신축 최저실입가능,https://www.zigbang.com/home/apt/items/49586198
2026-07-03 07:23:34,빌라투룸,49566077,월세,05,경기도 광주시 문형동,광주시,문형동,2000,80,0,52.54,15.89,2,실매물실사진 귀한 월세 성남권분당권 깔끔한 넓은평수 단지형,https://www.zigbang.com/home/apt/items/49566077
2026-07-03 07:23:34,빌라투룸,49555757,전세,05,경기도 용인시 처인구 모현읍 동림리,용인시 처인구,모현읍,38000,0,0,111.96,33.87,3,"HUG보증보험가능,신축 복층타운하우스,재택근무,전원풍,힐링",https://www.zigbang.com/home/apt/items/49555757
2026-07-03 07:23:34,빌라투룸,49547270,매매,05,경기도 용인시 처인구 모현읍 동림리,용인시 처인구,모현읍,22500,0,22500,47.81,14.46,2,넓은 쓰리룸 적은실입주금 고민하지말고 문의주세요,https://www.zigbang.com/home/apt/items/49547270
2026-07-03 07:23:34,빌라투룸,49542005,매매,05,경기도 광주시 문형동,광주시,문형동,16500,0,16500,56.16,16.99,3,실매물실사진 급매물 넓은평수 성남권 분당권 깔끔함,https://www.zigbang.com/home/apt/items/49542005
2026-07-03 07:23:34,빌라투룸,49541996,매매,05,경기도 광주시 문형동,광주시,문형동,15500,0,15500,52.54,15.89,3,실매물실사진 층별단독세대 급매물빌라 개별창고있음 도로변근처,https://www.zigbang.com/home/apt/items/49541996
2026-07-03 07:23:34,빌라투룸,49541978,매매,05,경기도 광주시 문형동,광주시,문형동,16900,0,16900,54.33,16.43,3,실사진실매물 상태좋은 넓은주차장 평지에위치 인기짱 빌라,https://www.zigbang.com/home/apt/items/49541978
2026-07-03 07:23:34,빌라투룸,49541973,매매,06,경기도 광주시 문형동,광주시,문형동,16000,0,16000,128.69,38.93,1,실매물실사진 대형평수 정원 텃밭 산책로 힐링하는 귀한매물,https://www.zigbang.com/home/apt/items/49541973
2026-07-03 07:23:34,빌라투룸,49541961,매매,05,경기도 광주시 문형동,광주시,문형동,28000,0,28000,60.14,18.19,2,크리스마스 선물집 너무 이쁜 준신축 넓은평수 실매물실사진,https://www.zigbang.com/home/apt/items/49541961
2026-07-03 07:23:34,빌라투룸,49541952,매매,05,경기도 광주시 문형동,광주시,문형동,10900,0,10900,78.66,23.79,1,실매물실사진 도로변 성남권분당권 조용하고 상태좋음 넓은평수,https://www.zigbang.com/home/apt/items/49541952
2026-07-03 07:23:34,빌라투룸,49351773,매매,05,경기도 광주시 능평동,광주시,능평동,20800,0,20800,54.51,16.49,1,준신축급 개별창고 테라스 저금리 기금대출가능,https://www.zigbang.com/home/apt/items/49351773
2026-07-03 07:23:34,빌라투룸,49194139,매매,05,경기도 광주시 능평동,광주시,능평동,15000,0,15000,53.04,16.04,3,추천 l 가성비 갑 l 위치굿 l 컨디션굿 l 채광굿,https://www.zigbang.com/home/apt/items/49194139
2026-07-03 07:23:35,빌라투룸,49587879,매매,05,경기도 광주시 장지동,광주시,장지동,15000,0,15000,54.41,16.46,2,인테리어 및 입주청소까지 완료된 컨디션좋은 쓰리룸,https://www.zigbang.com/home/apt/items/49587879
2026-07-03 07:23:35,빌라투룸,49571121,매매,05,경기도 광주시 매산동,광주시,매산동,19500,0,19500,56.54,17.1,4,최소실입가능 대출잘나오는 생활권 좋은 고급 쓰리룸,https://www.zigbang.com/home/apt/items/49571121
2026-07-03 07:23:35,빌라투룸,49552620,매매,05,경기도 광주시 양벌동,광주시,양벌동,17500,0,17500,77.28,23.38,1,양벌동 올수리 3룸 전용넓은 집 찾는다면 여기요,https://www.zigbang.com/home/apt/items/49552620
2026-07-03 07:23:35,빌라투룸,49552462,매매,05,경기도 광주시 매산동,광주시,매산동,18800,0,18800,60.71,18.36,3,매산동 3룸 준신축 올수리 매물 개별창고 까지,https://www.zigbang.com/home/apt/items/49552462
2026-07-03 07:23:35,빌라투룸,49545345,매매,05,경기도 광주시 양벌동,광주시,양벌동,15500,0,15500,47.58,14.39,2,"대로변 버스정류장 도보3분, 양벌초 도보권",https://www.zigbang.com/home/apt/items/49545345
2026-07-03 07:23:35,빌라투룸,49542107,월세,05,경기도 광주시 매산동,광주시,매산동,75,75,0,55.07,16.66,4,3개월치씩 선납하는 3룸 저보증금 단기매물,https://www.zigbang.com/home/apt/items/49542107
2026-07-03 07:23:35,빌라투룸,49541985,매매,05,경기도 광주시 장지동,광주시,장지동,15900,0,15900,56.9,17.21,2,실매물실사진 광주역 성남권 조용하고 상태좋음 넓은평수 도로,https://www.zigbang.com/home/apt/items/49541985
2026-07-03 07:23:35,빌라투룸,49541943,매매,05,경기도 광주시 장지동,광주시,장지동,17900,0,17900,59.76,18.08,4,실사진실매물 위치좋은 상태 깔끔한 넓은평수 빌라 평지에위치,https://www.zigbang.com/home/apt/items/49541943
2026-07-03 07:23:35,빌라투룸,49530720,매매,05,경기도 광주시 양벌동,광주시,양벌동,13500,0,13500,52.2,15.79,2,"광주전철역 버스환승 편리, 대로변 도보2분, 2층 로얄층",https://www.zigbang.com/home/apt/items/49530720
2026-07-03 07:23:35,빌라투룸,49522841,매매,05,경기도 광주시 양벌동,광주시,양벌동,32000,0,32000,63.18,19.11,2,l대출잘나오는l실매물l 헛걸음이제그만 한도맞춤형 빌라,https://www.zigbang.com/home/apt/items/49522841
2026-07-03 07:23:35,빌라투룸,49443654,매매,05,경기도 광주시 태전동,광주시,태전동,16500,0,16500,59.8,18.09,1,"테라스가 있는 관리잘된 상태 A급 3룸, 대로변 도보 4분",https://www.zigbang.com/home/apt/items/49443654
2026-07-03 07:23:35,빌라투룸,49363281,매매,06,경기도 광주시 태전동,광주시,태전동,23000,0,23000,56.25,17.02,4,태전지구 명품 인프라 다 누리는 귀한 매매 물건,https://www.zigbang.com/home/apt/items/49363281
2026-07-03 07:23:35,빌라투룸,49276376,매매,05,경기도 광주시 양벌동,광주시,양벌동,15500,0,15500,48.2,14.58,1,"대로변 도보5분 거리, 관리상태 A급, 숲이 보이는 거실뷰",https://www.zigbang.com/home/apt/items/49276376
2026-07-03 07:23:35,빌라투룸,49567240,매매,05,경기도 광주시 태전동,광주시,태전동,39500,0,39500,84.72,25.63,3,생활권 좋은 대출 잘나오는 신축 쓰리룸,https://www.zigbang.com/home/apt/items/49567240
2026-07-03 07:23:35,빌라투룸,49546131,매매,04,경기도 광주시 태전동,광주시,태전동,14300,0,14300,39.69,12.01,4,태전동 2룸복층 가장저렴한곳,https://www.zigbang.com/home/apt/items/49546131
2026-07-03 07:23:35,빌라투룸,49508904,매매,05,경기도 광주시 태전동,광주시,태전동,27000,0,27000,59.89,18.12,2,태전동 방3 화2 인기 최고 매물 깔끔한 컨디션 준신축,https://www.zigbang.com/home/apt/items/49508904
2026-07-03 07:23:35,빌라투룸,49447111,매매,05,경기도 광주시 태전동,광주시,태전동,26800,0,26800,59.89,18.12,2,신축급컨디션 넓은3룸 광역버스정류장 5분거리 기금대출가능,https://www.zigbang.com/home/apt/items/49447111
2026-07-03 07:23:35,빌라투룸,49351032,매매,05,경기도 광주시 추자동,광주시,추자동,14800,0,14800,59.86,18.11,4,급매 준신축급 막힘없는 정남향 저금리 기금대출가능,https://www.zigbang.com/home/apt/items/49351032
2026-07-03 07:23:35,빌라투룸,49566532,매매,05,경기도 광주시 삼동,광주시,삼동,25000,0,25000,53.4,16.15,2,삼동역세권 위치좋은 준신축급매물 인근시세대비 가격좋아요,https://www.zigbang.com/home/apt/items/49566532
2026-07-03 07:23:35,빌라투룸,49545265,매매,05,경기도 광주시 중대동,광주시,중대동,17000,0,17000,72.04,21.79,4,"전용22평 넓은 구조, 가격많이 다운된 급매",https://www.zigbang.com/home/apt/items/49545265
2026-07-03 07:23:35,빌라투룸,49545231,매매,05,경기도 광주시 목현동,광주시,목현동,18000,0,18000,66.6,20.15,1,화장실빼고 샷시까지 올수리된 공실 매물,https://www.zigbang.com/home/apt/items/49545231
2026-07-03 07:23:35,빌라투룸,49545064,매매,05,경기도 광주시 목현동,광주시,목현동,19500,0,19500,71.2,21.54,4,"대로변 근접,깔끔하게 관리된 실사진 실매물",https://www.zigbang.com/home/apt/items/49545064
2026-07-03 07:23:35,빌라투룸,49542101,월세,05,경기도 광주시 삼동,광주시,삼동,80,80,0,51.34,15.53,2,3개월치씩 선납하는 3룸 저보증금 단기매물,https://www.zigbang.com/home/apt/items/49542101
2026-07-03 07:23:35,빌라투룸,49542060,매매,05,경기도 광주시 삼동,광주시,삼동,36500,0,36500,78.06,23.61,3,실매물실사진 넓은평수 성남권 신축현장 바로입주 가능,https://www.zigbang.com/home/apt/items/49542060
2026-07-03 07:23:35,빌라투룸,49541956,매매,05,경기도 광주시 삼동,광주시,삼동,15600,0,15600,44.86,13.57,3,성남권 삼동역 조용하고 상태좋은 깔끔함 바로 요기요,https://www.zigbang.com/home/apt/items/49541956
2026-07-03 07:23:35,빌라투룸,49536072,매매,05,경기도 광주시 목현동,광주시,목현동,15500,0,15500,45.9,13.88,2,"그림같은 숲전망, 대로변 도보 8분거리, 새집같은 컨디션",https://www.zigbang.com/home/apt/items/49536072
2026-07-03 07:23:35,빌라투룸,49494771,매매,05,경기도 광주시 목현동,광주시,목현동,17500,0,17500,45.29,13.7,2,ㅇ귀한2층ㅇ채광굿ㅇ내부컨디션 굿ㅇ공실ㅇ항시방문,https://www.zigbang.com/home/apt/items/49494771
2026-07-03 07:23:35,빌라투룸,49458169,매매,05,경기도 광주시 태전동,광주시,태전동,18500,0,18500,59.94,18.13,2,위치좋은 주택가 깔끔하고밝은집 신축급매물 인근시세대비 저렴,https://www.zigbang.com/home/apt/items/49458169
2026-07-03 07:23:35,빌라투룸,49435874,매매,05,경기도 광주시 중대동,광주시,중대동,19200,0,19200,50.1,15.16,3,중대동에서 강남과 분당 출퇴근 15분거리 . 컨디션 최상,https://www.zigbang.com/home/apt/items/49435874
2026-07-03 07:23:35,빌라투룸,49349610,매매,05,경기도 광주시 삼동,광주시,삼동,16000,0,16000,55.7,16.85,3,"전체 올 리모델링, 삼동역 버스환승 편리, 채광 좋은 남향",https://www.zigbang.com/home/apt/items/49349610
2026-07-03 07:23:35,빌라투룸,49332202,매매,05,경기도 광주시 중대동,광주시,중대동,17000,0,17000,59.8,18.09,1,"삼동역 1정거장 환승, 넓은 거실과주방, 대로변 도보10분",https://www.zigbang.com/home/apt/items/49332202
2026-07-03 07:23:35,빌라투룸,49317249,매매,05,경기도 광주시 목현동,광주시,목현동,16500,0,16500,49.72,15.04,3,성남 진입 편하고 위치좋은 준신축 급매물 인근시세대비 저렴,https://www.zigbang.com/home/apt/items/49317249
2026-07-03 07:23:35,빌라투룸,49268021,매매,05,경기도 광주시 삼동,광주시,삼동,17000,0,17000,47.5,14.37,3,삼동역세권 위치좋은 인근시세대비 저렴 구조잘나온 신축급매물,https://www.zigbang.com/home/apt/items/49268021
2026-07-03 07:23:37,빌라투룸,49340922,전세,05,서울시 강남구 대치동,강남구,대치동,31000,0,0,48,14.52,2,실매물ㅣ룸3개ㅣ주차ㅣ보증보험,https://www.zigbang.com/home/apt/items/49340922
2026-07-03 07:23:37,빌라투룸,49327493,전세,04,서울시 강남구 대치동,강남구,대치동,27500,0,0,39.67,12.0,2,HUGo 대출o 애완o 주차o,https://www.zigbang.com/home/apt/items/49327493
2026-07-03 07:23:37,빌라투룸,49327364,월세,04,서울시 강남구 대치동,강남구,대치동,5000,160,0,52.5,15.88,5,"거실, 방 모두 넓은 컨디션 최고 투룸",https://www.zigbang.com/home/apt/items/49327364
2026-07-03 07:23:37,빌라투룸,49324238,월세,04,서울시 송파구 잠실동,송파구,잠실동,22000,40,0,40,12.1,4,Q.채광좋은 준신축급 투룸..,https://www.zigbang.com/home/apt/items/49324238
2026-07-03 07:23:37,빌라투룸,49287742,월세,04,서울시 송파구 잠실동,송파구,잠실동,10000,90,0,44.5,13.46,3,O공간 넓고 깔끔한 투룸O삼전역.종합운동장역0,https://www.zigbang.com/home/apt/items/49287742
2026-07-03 07:23:37,빌라투룸,49276872,월세,04,서울시 송파구 잠실동,송파구,잠실동,120,120,0,49.59,15.0,3,실가격No.1 송파화이트톤 투룸. 유일한 애견가능한곳,https://www.zigbang.com/home/apt/items/49276872
2026-07-03 07:23:37,빌라투룸,49266435,월세,04,서울시 송파구 잠실동,송파구,잠실동,10000,110,0,56,16.94,4,"2,9호선 역세권 ,준신축 투룸 복층,실사진",https://www.zigbang.com/home/apt/items/49266435
2026-07-03 07:23:37,빌라투룸,49263752,월세,06,서울시 강남구 삼성동,강남구,삼성동,950,950,0,148.75,45.0,11,"ㅁ실매물,실가격입니다ㅁ 한강뷰 4룸 주차2대,풀옵션",https://www.zigbang.com/home/apt/items/49263752
2026-07-03 07:23:37,빌라투룸,49242690,월세,06,서울시 강남구 삼성동,강남구,삼성동,10000,550,0,159.53,48.26,2,삼성동 고급주택 현대빌라 올수리 대형평수,https://www.zigbang.com/home/apt/items/49242690
2026-07-03 07:23:37,빌라투룸,49219946,월세,05,서울시 송파구 잠실동,송파구,잠실동,30000,200,0,106.81,32.31,5,넓은쓰리룸 l 대출o l 고양이o l 주차o,https://www.zigbang.com/home/apt/items/49219946
2026-07-03 07:23:37,빌라투룸,49211542,월세,04,서울시 강남구 역삼동,강남구,역삼동,250,150,0,55.2,16.7,1,A올리모델링 벌레없는 투룸 풀옵션A,https://www.zigbang.com/home/apt/items/49211542
2026-07-03 07:23:37,빌라투룸,48762426,전세,04,서울시 강남구 대치동,강남구,대치동,47000,0,0,37.42,11.32,5,정남향 채광 굿 무료 주차 새집컨디션  대치동 2룸 매물,https://www.zigbang.com/home/apt/items/48762426
2026-07-03 07:23:38,빌라투룸,49230380,전세,04,서울시 중구 황학동,중구,황학동,38000,0,0,36.23,10.96,4,"HUG,HF버팀목대출O보증보험O풀옵션투룸",https://www.zigbang.com/home/apt/items/49230380
2026-07-03 07:23:38,빌라투룸,49225933,전세,04,서울시 중구 광희동2가,중구,광희동2가,30000,0,0,26.88,8.13,4,"전호실보유OHUG,HF버팀목대출O보증보험O풀옵션투룸",https://www.zigbang.com/home/apt/items/49225933
2026-07-03 07:23:38,빌라투룸,49215876,전세,04,서울시 중구 광희동2가,중구,광희동2가,28000,0,0,26.89,8.13,2,모든전세대출O보증보험O전입신고O동역사역세권 풀옵션 투룸,https://www.zigbang.com/home/apt/items/49215876
2026-07-03 07:23:38,빌라투룸,49211728,전세,04,서울시 중구 신당동,중구,신당동,35000,0,0,28.63,8.66,3,"청구역세권 신축 풀옵션 투룸,대출가능허그보증보험가능",https://www.zigbang.com/home/apt/items/49211728
2026-07-03 07:23:38,빌라투룸,49208241,전세,04,서울시 중구 신당동,중구,신당동,25000,0,0,39.66,12.0,4,큰길 위치 편한 투룸,https://www.zigbang.com/home/apt/items/49208241
2026-07-03 07:23:38,빌라투룸,49137807,전세,04,서울시 중구 황학동,중구,황학동,38000,0,0,36.23,10.96,7,신당역세권 대형 투룸 오피스텔 모든대출 보증보험 가능,https://www.zigbang.com/home/apt/items/49137807
2026-07-03 07:23:38,빌라투룸,49133663,전세,04,서울시 중구 광희동2가,중구,광희동2가,30000,0,0,26.88,8.13,4,동대문역사문화공원역 초역세권 풀옵션 투룸 모든대출 보증보험,https://www.zigbang.com/home/apt/items/49133663
2026-07-03 07:23:38,빌라투룸,49125866,전세,04,서울시 중구 황학동,중구,황학동,38000,0,0,36.23,10.96,9,"보증보험O,허그신혼O, 2,6호선초역세권 신축급투룸안심전세",https://www.zigbang.com/home/apt/items/49125866
2026-07-03 07:23:38,빌라투룸,49113336,전세,04,서울시 성동구 하왕십리동,성동구,하왕십리동,38000,0,0,25.39,7.68,4,"왕십리초역세권OHUG,HF버팀목대출O보증보험O풀옵션",https://www.zigbang.com/home/apt/items/49113336
2026-07-03 07:23:38,빌라투룸,49113036,전세,04,서울시 중구 황학동,중구,황학동,38000,0,0,36.23,10.96,9,융자X모든전세대출O보증보험O전입신고O신당역세권 풀옵션 투룸,https://www.zigbang.com/home/apt/items/49113036
2026-07-03 07:23:38,빌라투룸,49095422,월세,04,서울시 중구 신당동,중구,신당동,5000,180,0,35.03,10.6,2,"전입,확정일자O , 신축 , 실거주 강추 , 깔끔하고 넓은",https://www.zigbang.com/home/apt/items/49095422
2026-07-03 07:23:38,빌라투룸,49089033,전세,04,서울시 중구 신당동,중구,신당동,32000,0,0,24.6,7.44,3,모든전세대출O보증보험O전입신고O청구역세권 풀옵션 투룸,https://www.zigbang.com/home/apt/items/49089033
2026-07-03 07:23:38,빌라투룸,49011148,전세,04,서울시 중구 신당동,중구,신당동,33000,0,0,27.74,8.39,3,"전호실보유,보증보험O,청구역초역세권,첫입주, 안심투룸빌라",https://www.zigbang.com/home/apt/items/49011148
2026-07-03 07:23:38,빌라투룸,48998683,전세,04,서울시 중구 신당동,중구,신당동,35000,0,0,27.57,8.34,5,"전호실보유OHUG,HF버팀목대출O보증보험O풀옵션투룸",https://www.zigbang.com/home/apt/items/48998683
2026-07-03 07:23:38,빌라투룸,48771467,월세,05,서울시 중구 신당동,중구,신당동,13000,50,0,61.79,18.69,반지하,"숙박업 안됨,, 방 3, 방도 거실도 큰 집",https://www.zigbang.com/home/apt/items/48771467
2026-07-03 07:23:24,빌라투룸,49339939,매매,05,경기도 안산시 상록구 이동,안산시 상록구,이동,26000,0,26000,62.2,18.82,4,상록수역 도보5분,https://www.zigbang.com/home/apt/items/49339939
2026-07-03 07:23:24,빌라투룸,49312607,매매,05,경기도 안산시 상록구 이동,안산시 상록구,이동,24000,0,24000,71.45,21.61,4,한대앞 상록수역 더블역세권 신축급 이동쓰리룸빌라매매,https://www.zigbang.com/home/apt/items/49312607
2026-07-03 07:23:24,빌라투룸,49304785,매매,05,경기도 안산시 상록구 일동,안산시 상록구,일동,26000,0,26000,70.59,21.35,2,상록수 초역세권 신축급컨디션 엘베있는 일동3룸빌라매매,https://www.zigbang.com/home/apt/items/49304785
2026-07-03 07:23:24,빌라투룸,49273143,월세,04,경기도 안산시 상록구 일동,안산시 상록구,일동,1000,60,0,40,12.1,2,상록수역 도보5분 남향이라 밝고  거실크고  방도큼,https://www.zigbang.com/home/apt/items/49273143
2026-07-03 07:23:24,빌라투룸,49231134,매매,05,경기도 안산시 상록구 일동,안산시 상록구,일동,26000,0,26000,70.59,21.35,2,상록수역 돕5분이내 거리 초역세빌라 컨디션굿 엘베 시템,https://www.zigbang.com/home/apt/items/49231134
2026-07-03 07:23:24,빌라투룸,48957193,월세,04,경기도 안산시 상록구 이동,안산시 상록구,이동,500,55,0,50,15.12,1,즉시입주 가능한 역세권 투룸,https://www.zigbang.com/home/apt/items/48957193
2026-07-03 07:23:24,빌라투룸,48914529,매매,05,경기도 안산시 상록구 이동,안산시 상록구,이동,24500,0,24500,72.69,21.99,3,역세권 매화초 인근 관리잘된 쓰리룸,https://www.zigbang.com/home/apt/items/48914529
2026-07-03 07:23:40,빌라투룸,49337794,월세,04,서울시 강동구 천호동,강동구,천호동,3000,100,0,53.44,16.17,3,깔끔히 수리된 3층 넓은 투룸,https://www.zigbang.com/home/apt/items/49337794
2026-07-03 07:23:40,빌라투룸,49335779,월세,05,서울시 강동구 성내동,강동구,성내동,30000,60,0,72.15,21.83,4,공간 좋은 쓰리룸 반전세 입니다.,https://www.zigbang.com/home/apt/items/49335779
2026-07-03 07:23:40,빌라투룸,49316338,전세,05,서울시 강동구 성내동,강동구,성내동,30000,0,0,50,15.12,5,둔촌동역 도보 5분 역세권. 엘베 있는 5층 쓰리룸 전세.,https://www.zigbang.com/home/apt/items/49316338
2026-07-03 07:23:40,빌라투룸,49304325,월세,04,서울시 강동구 암사동,강동구,암사동,13000,30,0,43,13.01,2,깔끔한 투룸 벽결이에어컨 2대 설치 애완가능  주차가능,https://www.zigbang.com/home/apt/items/49304325
2026-07-03 07:23:40,빌라투룸,49298916,매매,04,서울시 강동구 천호동,강동구,천호동,32000,0,32000,35.54,10.75,5,l 복층2룸2화 l 고정주차 l 신축급 l,https://www.zigbang.com/home/apt/items/49298916
2026-07-03 07:23:40,빌라투룸,49291291,매매,04,서울시 강동구 길동,강동구,길동,25000,0,25000,30.51,9.23,4,역세권 초 급매 투룸,https://www.zigbang.com/home/apt/items/49291291
2026-07-03 07:23:40,빌라투룸,49275778,전세,04,서울시 강동구 고덕동,강동구,고덕동,22000,0,0,22.43,6.79,3,"전호실보유OHUG,HF버팀목대출O보증보험O풀옵션투룸",https://www.zigbang.com/home/apt/items/49275778
2026-07-03 07:23:40,빌라투룸,49275644,전세,04,서울시 강동구 고덕동,강동구,고덕동,22000,0,0,24.12,7.3,3,"강동구 신축 풀옵션 투룸,귀한 매물 등장,대출보증가능",https://www.zigbang.com/home/apt/items/49275644
2026-07-03 07:23:40,빌라투룸,49274676,월세,04,서울시 강동구 천호동,강동구,천호동,20000,60,0,40.89,12.37,4,4층 단독 허그보증보험 일반전세대출 풀옵션 투룸,https://www.zigbang.com/home/apt/items/49274676
2026-07-03 07:23:40,빌라투룸,49273445,매매,04,서울시 강동구 암사동,강동구,암사동,25000,0,25000,41.01,12.41,5,신암중학교 0 올수리투룸0  쓰리룸같은 투룸,https://www.zigbang.com/home/apt/items/49273445
2026-07-03 07:23:40,빌라투룸,49273396,매매,04,서울시 강동구 성내동,강동구,성내동,49000,0,49000,21.33,6.45,7,6년차 신축급 단지형다세대 빌라,https://www.zigbang.com/home/apt/items/49273396
2026-07-03 07:23:40,빌라투룸,49251461,월세,04,서울시 강동구 천호동,강동구,천호동,20000,60,0,40.89,12.37,4,HUG보증보험 4층단독사용 일반전세대출 풀옵션 엘베O 주차,https://www.zigbang.com/home/apt/items/49251461
2026-07-03 07:23:40,빌라투룸,49156590,월세,04,서울시 강동구 길동,강동구,길동,20000,50,0,26.49,8.01,9,"주차가능, 허그대출, 보증보험, 투룸, 신축첫입주",https://www.zigbang.com/home/apt/items/49156590
2026-07-03 07:23:41,빌라투룸,49557693,월세,04,경기도 하남시 덕풍동,하남시,덕풍동,1000,40,0,35,10.59,1,ㅇ급월세 12평형 투룸 빠른입주가,https://www.zigbang.com/home/apt/items/49557693
2026-07-03 07:23:41,빌라투룸,49548773,월세,04,경기도 하남시 덕풍동,하남시,덕풍동,500,30,0,27,8.17,반지하,투룸 반지하지만 수리해서 깨끗해요,https://www.zigbang.com/home/apt/items/49548773
2026-07-03 07:23:41,빌라투룸,49533671,월세,04,경기도 하남시 신장동,하남시,신장동,500,50,0,30,9.07,2,ㅇ급월세 10평형 투룸 풀옵션 깔끔,https://www.zigbang.com/home/apt/items/49533671
2026-07-03 07:23:41,빌라투룸,49530977,월세,04,경기도 하남시 신장동,하남시,신장동,500,50,0,29,8.77,2,올수리 방2 시청역 5분 거리 교통편리 생활편리,https://www.zigbang.com/home/apt/items/49530977
2026-07-03 07:23:41,빌라투룸,49528506,월세,04,경기도 하남시 신장동,하남시,신장동,1000,40,0,33,9.98,2,바닥1층 월세 매물입니다,https://www.zigbang.com/home/apt/items/49528506
2026-07-03 07:23:41,빌라투룸,49519888,월세,04,경기도 하남시 덕풍동,하남시,덕풍동,500,30,0,28,8.47,반지하,수리된 투룸 저렴한 월세입니다.,https://www.zigbang.com/home/apt/items/49519888
2026-07-03 07:23:41,빌라투룸,49477799,월세,04,경기도 하남시 덕풍동,하남시,덕풍동,130,65,0,23.14,7.0,반지하,ㅇ 급월세 9평형 투룸 단기가능 저렴한 가성비,https://www.zigbang.com/home/apt/items/49477799
2026-07-03 07:23:41,빌라투룸,49471103,월세,04,경기도 하남시 신장동,하남시,신장동,10000,10,0,42,12.7,3,공실 방2 집깨끗 공간 좋은집입니다.,https://www.zigbang.com/home/apt/items/49471103
2026-07-03 07:23:41,빌라투룸,49442138,월세,04,경기도 하남시 신장동,하남시,신장동,500,30,0,35,10.59,반지하,ㅇ급월세 11평형 투룸 리모델링 수리 역세권 즉시입주가,https://www.zigbang.com/home/apt/items/49442138
2026-07-03 07:23:41,빌라투룸,49435567,전세,05,경기도 하남시 덕풍동,하남시,덕풍동,45000,0,0,88.63,26.81,5,정남향 방3 화장실 2 예전올수리 된집으로 집 깨끗합니다.,https://www.zigbang.com/home/apt/items/49435567
2026-07-03 07:23:41,빌라투룸,49427708,월세,04,경기도 하남시 덕풍동,하남시,덕풍동,500,35,0,33,9.98,1,ㅇ급월세 10평형 투룸 깔끔 빠른입주가,https://www.zigbang.com/home/apt/items/49427708
2026-07-03 07:23:41,빌라투룸,49413478,월세,04,경기도 하남시 덕풍동,하남시,덕풍동,6000,60,0,39.67,12.0,3,ㅇ급반전세 12평형 풀옵션 주차 거실1 방1 욕실1 베란다,https://www.zigbang.com/home/apt/items/49413478
2026-07-03 07:23:41,빌라투룸,49387241,월세,04,경기도 하남시 덕풍동,하남시,덕풍동,1000,30,0,33,9.98,반지하,반지하 올수리 투룸입니다.,https://www.zigbang.com/home/apt/items/49387241
2026-07-03 07:23:41,빌라투룸,49384888,전세,04,경기도 하남시 신장동,하남시,신장동,13000,0,0,33.06,10.0,3,ㅇ급전세 11평형 방1 거실1 옵션 깔끔 공동주차,https://www.zigbang.com/home/apt/items/49384888
2026-07-03 07:23:41,빌라투룸,49384572,월세,04,경기도 하남시 덕풍동,하남시,덕풍동,500,30,0,33,9.98,반지하,ㅇ급월세 11평형 투룸 에어컨 가스레인지 빠른입주가,https://www.zigbang.com/home/apt/items/49384572
2026-07-03 07:23:42,빌라투룸,49589646,전세,05,경기도 하남시 망월동,하남시,망월동,38000,0,0,69,20.87,1,"복층 3룸,화장실2개,Full시에어컨,애완동물,바로입주",https://www.zigbang.com/home/apt/items/49589646
2026-07-03 07:23:42,빌라투룸,49588900,매매,06,경기도 하남시 망월동,하남시,망월동,290000,0,290000,100,30.25,3,"인테리어굿 4가구 필로티 주차편리 총 보증금 1,780억원",https://www.zigbang.com/home/apt/items/49588900
2026-07-03 07:23:42,빌라투룸,49543453,매매,06,경기도 하남시 망월동,하남시,망월동,260000,0,260000,273.73,82.8,1,나만의 1가구단독세대 정남향 조경 잘 조성된 독립된단독주택,https://www.zigbang.com/home/apt/items/49543453
2026-07-03 07:23:42,빌라투룸,49543437,매매,05,경기도 하남시 망월동,하남시,망월동,320000,0,320000,100,30.25,3,실 입주가능 총보증금 12억7000만원 대지평수 108평,https://www.zigbang.com/home/apt/items/49543437
2026-07-03 07:23:42,빌라투룸,49543431,매매,05,경기도 하남시 망월동,하남시,망월동,320000,0,320000,100,30.25,2,인테리어 퀄리티높음 실입주 총보증금15억1000 월세220,https://www.zigbang.com/home/apt/items/49543431
2026-07-03 07:23:42,빌라투룸,49543424,매매,06,경기도 하남시 망월동,하남시,망월동,240000,0,240000,100,30.25,2,실입주가능 총보증금 9.9억 정남향 코너위치 엘리베이터0K,https://www.zigbang.com/home/apt/items/49543424
2026-07-03 07:23:42,빌라투룸,49543415,매매,06,경기도 하남시 망월동,하남시,망월동,290000,0,290000,100,30.25,3,"인테리어굿 4가구 필로티 주차편리 총 보증금 1,780억원",https://www.zigbang.com/home/apt/items/49543415
2026-07-03 07:23:42,빌라투룸,49543405,매매,05,경기도 하남시 망월동,하남시,망월동,260000,0,260000,85,25.71,2,따뜻한 정남향 4세대 복층구조 총 보증금 18억 갭투자가능,https://www.zigbang.com/home/apt/items/49543405
2026-07-03 07:23:42,빌라투룸,49580764,매매,05,경기도 김포시 통진읍 서암리,김포시,통진읍,12500,0,12500,50.7,15.34,2,"최소실입주금가능,외국인대출가능,넓은3룸",https://www.zigbang.com/home/apt/items/49580764
2026-07-03 07:23:42,빌라투룸,49569666,매매,05,경기도 김포시 통진읍 서암리,김포시,통진읍,16000,0,16000,55.59,16.82,4,허위매물에 속지마세요 ll 막힘없는뻥뷰 쓰리룸 학세권까지,https://www.zigbang.com/home/apt/items/49569666
2026-07-03 07:23:42,빌라투룸,49569580,전세,05,경기도 김포시 통진읍 마송리,김포시,통진읍,18000,0,0,59.6,18.03,6,"D1 버팀목0 HUG,HF보증보험O, 넓은거실과 3룸,화2",https://www.zigbang.com/home/apt/items/49569580
2026-07-03 07:23:42,빌라투룸,49560010,매매,05,경기도 김포시 통진읍 서암리,김포시,통진읍,16000,0,16000,55.59,16.82,4,엘o 17년식 통진 급매 준신축 학세권 1억대 최저실입가능,https://www.zigbang.com/home/apt/items/49560010
2026-07-03 07:23:42,빌라투룸,49520745,매매,05,경기도 김포시 통진읍 마송리,김포시,통진읍,14000,0,14000,45.72,13.83,1,"최저실입주금OK, 외국인대출OK 방3화2",https://www.zigbang.com/home/apt/items/49520745
2026-07-03 07:23:42,빌라투룸,49495868,월세,05,경기도 김포시 통진읍 마송리,김포시,통진읍,12000,35,0,59.6,18.03,10,u1 허그안심대출 보증보험0  3룸 화2 아파텔 인프라굿,https://www.zigbang.com/home/apt/items/49495868
2026-07-03 07:23:42,빌라투룸,49484226,매매,05,경기도 김포시 통진읍 서암리,김포시,통진읍,27000,0,27000,62.27,18.84,1,통진읍 O 방3화2베1 O 준신축 빌라,https://www.zigbang.com/home/apt/items/49484226
2026-07-03 07:23:42,빌라투룸,49431016,전세,05,경기도 김포시 통진읍 마송리,김포시,통진읍,18000,0,0,59.6,18.03,4,"HH 무융자O버팀목O 신축급 방3화2, 대출가능 보증보험O",https://www.zigbang.com/home/apt/items/49431016
2026-07-03 07:23:42,빌라투룸,49586234,매매,05,경기도 김포시 대곶면 율생리,김포시,대곶면,18300,0,18300,56.56,17.11,3,3룸 신축 컨디션 그대로 저렴한집,https://www.zigbang.com/home/apt/items/49586234
2026-07-03 07:23:42,빌라투룸,49585503,매매,05,경기도 김포시 통진읍 도사리,김포시,통진읍,19500,0,19500,65.14,19.7,2,도사리 초급매 럭셔리한 쓰리룸,https://www.zigbang.com/home/apt/items/49585503
2026-07-03 07:23:42,빌라투룸,49580774,매매,05,경기도 김포시 통진읍 도사리,김포시,통진읍,15000,0,15000,68.1,20.6,2,"최소실입주금가능,넓은거실,통베란다,광활한주방",https://www.zigbang.com/home/apt/items/49580774
2026-07-03 07:23:42,빌라투룸,49242040,매매,05,경기도 김포시 양촌읍 양곡리,김포시,양촌읍,18500,0,18500,75.65,22.88,14,"최저실입주금OK, 외국인대출OK 대형평수 방3화2",https://www.zigbang.com/home/apt/items/49242040
2026-07-03 07:23:42,빌라투룸,49218595,월세,04,경기도 김포시 양촌읍 학운리,김포시,양촌읍,500,52,0,39.67,12.0,2,"투룸월세 방두개 크기 비슷, 엘베 있어여",https://www.zigbang.com/home/apt/items/49218595
2026-07-03 07:23:42,빌라투룸,49156613,월세,04,경기도 김포시 마산동,김포시,마산동,3000,65,0,60,18.15,2,ㅡ이룸ㅡ 남서향 대형사이즈 최상급컨디션 호텔인테리어 투룸,https://www.zigbang.com/home/apt/items/49156613
2026-07-03 07:23:42,빌라투룸,49121638,월세,04,경기도 김포시 마산동,김포시,마산동,6000,35,0,50,15.12,2,DO전용15평 역세권 중문이 갖춰진 개방형 거실 공간 투룸,https://www.zigbang.com/home/apt/items/49121638
2026-07-03 07:23:42,빌라투룸,49070023,월세,04,경기도 김포시 구래동,김포시,구래동,1000,55,0,50,15.12,3,ㅡ이룸ㅡ 구래동 최저가 최고의 가성비 호텔같이 깔끔한 투룸,https://www.zigbang.com/home/apt/items/49070023
2026-07-03 07:23:42,빌라투룸,48563453,매매,05,경기도 김포시 양촌읍 양곡리,김포시,양촌읍,23200,0,23200,77.75,23.52,7,실입주금 천만원 특가분양세대 쓰리룸,https://www.zigbang.com/home/apt/items/48563453
2026-07-03 07:23:42,빌라투룸,48347481,전세,04,경기도 김포시 구래동,김포시,구래동,9000,0,0,50,15.12,3,ㅡ이룸ㅡ 최저가 귀한전세 최고의 가성비 빠른입주 투룸,https://www.zigbang.com/home/apt/items/48347481
2026-07-03 07:23:43,빌라투룸,49585040,매매,05,경기도 김포시 사우동,김포시,사우동,18900,0,18900,53,16.03,4,o테라스급매물o 올리모델링한 신축급3룸 적은돈으로 대출가능,https://www.zigbang.com/home/apt/items/49585040
2026-07-03 07:23:43,빌라투룸,49583360,매매,05,경기도 김포시 사우동,김포시,사우동,25800,0,25800,47.76,14.45,4,엘o 20년식 방3 급매물 사우역 초역세권 최저실입가능,https://www.zigbang.com/home/apt/items/49583360
2026-07-03 07:23:43,빌라투룸,49573463,매매,05,경기도 김포시 감정동,김포시,감정동,18500,0,18500,44.76,13.54,3,주변 마트 및 단지형 아파트 사이 방3화2신축급컨디션 급매,https://www.zigbang.com/home/apt/items/49573463
2026-07-03 07:23:43,빌라투룸,49552199,매매,05,경기도 김포시 사우동,김포시,사우동,19200,0,19200,68.48,20.72,2,사우동 3룸 화장실2 단지형 빌라 아파트상권 전용 넓은 집,https://www.zigbang.com/home/apt/items/49552199
2026-07-03 07:23:43,빌라투룸,49552101,매매,05,경기도 김포시 사우동,김포시,사우동,18500,0,18500,45.04,13.62,5,사우동 역세권 3룸 준신축 급매물,https://www.zigbang.com/home/apt/items/49552101
2026-07-03 07:23:43,빌라투룸,49549647,매매,05,경기도 김포시 북변동,김포시,북변동,18000,0,18000,44.27,13.39,2,"학세권, 역세권 최상입지 깔끔한 쓰리룸",https://www.zigbang.com/home/apt/items/49549647
2026-07-03 07:23:43,빌라투룸,49548011,매매,05,경기도 김포시 감정동,김포시,감정동,13900,0,13900,34.9,10.56,3,"위치,학군 좋은 실매물 3룸 최저실입주금 대출가능",https://www.zigbang.com/home/apt/items/49548011
2026-07-03 07:23:43,빌라투룸,49542045,월세,05,경기도 김포시 감정동,김포시,감정동,70,70,0,62.29,18.84,2,3개월치씩 선납하는 3룸 저보증금 단기매물,https://www.zigbang.com/home/apt/items/49542045
2026-07-03 07:23:43,빌라투룸,49508937,매매,05,경기도 김포시 사우동,김포시,사우동,19000,0,19000,68.48,20.72,2,사우동 방3 화2 준신축 깔끔한 쓰리룸 위치구조 GOOD,https://www.zigbang.com/home/apt/items/49508937
2026-07-03 07:23:43,빌라투룸,49452727,매매,05,경기도 김포시 사우동,김포시,사우동,12500,0,12500,44.75,13.54,4,사우역 도보 5분 생활 인프라 풍부한 사우동 핵심 입지,https://www.zigbang.com/home/apt/items/49452727
2026-07-03 07:23:43,빌라투룸,49294536,매매,05,경기도 김포시 북변동,김포시,북변동,18900,0,18900,51.63,15.62,3,마지막 역대급 급매 초대형 쓰리룸,https://www.zigbang.com/home/apt/items/49294536
2026-07-03 07:23:43,빌라투룸,48961917,매매,05,경기도 김포시 북변동,김포시,북변동,17900,0,17900,50.64,15.32,3,개방감 있는 역대급 쓰리룸 급급매,https://www.zigbang.com/home/apt/items/48961917
2026-07-03 07:23:43,빌라투룸,49586178,매매,05,경기도 고양시 일산서구 대화동,고양시 일산서구,대화동,22000,0,22000,52.47,15.87,3,초중고 도보 10분이내 방3화2 급매,https://www.zigbang.com/home/apt/items/49586178
2026-07-03 07:23:43,빌라투룸,49552787,매매,05,경기도 고양시 일산서구 덕이동,고양시 일산서구,덕이동,16500,0,16500,52.09,15.76,1,덕이동 3룸 준신축 컨디션 최고입니다,https://www.zigbang.com/home/apt/items/49552787
2026-07-03 07:23:43,빌라투룸,49547506,월세,05,경기도 고양시 일산서구 덕이동,고양시 일산서구,덕이동,50,65,0,51.25,15.5,3,공실공실 단기단기 월세월세,https://www.zigbang.com/home/apt/items/49547506
2026-07-03 07:23:43,빌라투룸,49546185,매매,05,경기도 고양시 일산서구 대화동,고양시 일산서구,대화동,19000,0,19000,52.64,15.92,2,o급매물o 대화동 급매물 준신축3룸입니다 최저실입주금 환영,https://www.zigbang.com/home/apt/items/49546185
2026-07-03 07:23:43,빌라투룸,49544508,월세,05,경기도 고양시 일산서구 덕이동,고양시 일산서구,덕이동,50,70,0,50.1,15.16,3,공실공실 단기단기 무보증무보증 월세월세,https://www.zigbang.com/home/apt/items/49544508
2026-07-03 07:23:44,빌라투룸,49588257,매매,05,경기도 고양시 덕양구 토당동,고양시 덕양구,토당동,39500,0,39500,45.23,13.68,4,능곡역 도보5분컷 첫입주 방3화2 급매,https://www.zigbang.com/home/apt/items/49588257
2026-07-03 07:23:44,빌라투룸,49586612,매매,05,경기도 고양시 일산동구 풍동,고양시 일산동구,풍동,20500,0,20500,57.67,17.45,1,백마역세권 가성비 급매 방3화2 베란다에 테라스까지,https://www.zigbang.com/home/apt/items/49586612
2026-07-03 07:23:44,빌라투룸,49557262,월세,04,경기도 고양시 일산동구 백석동,고양시 일산동구,백석동,1000,60,0,48,14.52,2,일산병원 앞  조용 밝은 투룸   보증금 조정가능,https://www.zigbang.com/home/apt/items/49557262
2026-07-03 07:23:44,빌라투룸,49518275,월세,04,경기도 고양시 일산동구 백석동,고양시 일산동구,백석동,500,70,0,55,16.64,반지하,올수리구조상태완벽한투룸입니다.,https://www.zigbang.com/home/apt/items/49518275
2026-07-03 07:23:44,빌라투룸,49443770,월세,04,경기도 고양시 일산동구 백석동,고양시 일산동구,백석동,500,50,0,42.98,13.0,반지하,특올수리된 반지투룸  알미공원부근 반려동물 안됨 실내금연,https://www.zigbang.com/home/apt/items/49443770
2026-07-03 07:23:45,빌라투룸,49588793,매매,05,경기도 고양시 덕양구 주교동,고양시 덕양구,주교동,21900,0,21900,55.34,16.74,2,급매 깔끔 심플한 방3화2 주차가능,https://www.zigbang.com/home/apt/items/49588793
2026-07-03 07:23:45,빌라투룸,49571627,전세,05,경기도 고양시 덕양구 주교동,고양시 덕양구,주교동,25400,0,0,57.15,17.29,3,"신축,전세대출 가능,복층,넓은테라스,방3,화2,엘베O,주차",https://www.zigbang.com/home/apt/items/49571627
2026-07-03 07:23:45,빌라투룸,49549919,매매,05,경기도 고양시 덕양구 주교동,고양시 덕양구,주교동,22500,0,22500,55.34,16.74,2,최저입주금 진행가능 신축급 저렴한 3룸,https://www.zigbang.com/home/apt/items/49549919
2026-07-03 07:23:46,빌라투룸,49586746,매매,05,경기도 고양시 일산동구 성석동,고양시 일산동구,성석동,16000,0,16000,50.05,15.14,3,최저가 성석동 단지형 빌라 방3화2 신축급컨디션 급매,https://www.zigbang.com/home/apt/items/49586746
2026-07-03 07:23:46,빌라투룸,49580061,월세,05,경기도 고양시 일산동구 설문동,고양시 일산동구,설문동,50,65,0,57.32,17.34,3,설문동 방3화2 입니다 전입신고 반려동물 ok,https://www.zigbang.com/home/apt/items/49580061
2026-07-03 07:23:46,빌라투룸,49569639,매매,05,경기도 파주시 조리읍 대원리,파주시,조리읍,18900,0,18900,60.41,18.27,4,신축급 넓은주차장 주마다 바로 앞 시장열립니다.,https://www.zigbang.com/home/apt/items/49569639
2026-07-03 07:23:46,빌라투룸,49552005,매매,05,경기도 고양시 일산동구 성석동,고양시 일산동구,성석동,16500,0,16500,69.66,21.07,1,성석동 3룸 초급매 유럽풍 디자인 대단지 빌라,https://www.zigbang.com/home/apt/items/49552005
2026-07-03 07:23:46,빌라투룸,49547951,매매,05,경기도 고양시 일산동구 성석동,고양시 일산동구,성석동,14900,0,14900,55,16.64,2,o급매물o 신축급3룸 최저실입주금 대출가능,https://www.zigbang.com/home/apt/items/49547951
2026-07-03 07:23:46,빌라투룸,49547223,매매,05,경기도 파주시 조리읍 봉일천리,파주시,조리읍,25900,0,25900,53.54,16.2,3,보기힘든 조리읍 신축빌라 실입주금 상담 환영,https://www.zigbang.com/home/apt/items/49547223
2026-07-03 07:23:46,빌라투룸,49546568,매매,05,경기도 고양시 일산동구 설문동,고양시 일산동구,설문동,19800,0,19800,55.08,16.66,2,설문동 즉시입주가능한 방3화2,https://www.zigbang.com/home/apt/items/49546568
2026-07-03 07:23:46,빌라투룸,49536370,매매,05,경기도 파주시 조리읍 봉일천리,파주시,조리읍,25900,0,25900,53.54,16.2,2,l대출잘나오는l실매물l 사진속 그집그대로 즉시입수가능,https://www.zigbang.com/home/apt/items/49536370
2026-07-03 07:23:46,빌라투룸,49536355,매매,05,경기도 파주시 조리읍 대원리,파주시,조리읍,26000,0,26000,68.92,20.85,4,l대출잘나오는l실매물l 헛걸음이제그만 한도맞춤형 빌라,https://www.zigbang.com/home/apt/items/49536355
2026-07-03 07:23:46,빌라투룸,49527558,월세,05,경기도 고양시 일산동구 성석동,고양시 일산동구,성석동,50,60,0,50.43,15.26,2,성석동 방3화2 입니다 전입신고 반려동물 ok,https://www.zigbang.com/home/apt/items/49527558
2026-07-03 07:23:46,빌라투룸,49423738,매매,05,경기도 파주시 조리읍 대원리,파주시,조리읍,12000,0,12000,49.25,14.9,2,가성비 최강 방3화2 2층 올 리모델링완료,https://www.zigbang.com/home/apt/items/49423738
2026-07-03 07:23:46,빌라투룸,49303100,매매,05,경기도 고양시 일산동구 성석동,고양시 일산동구,성석동,15000,0,15000,57.17,17.29,4,급매 엘베 O 방3화2 미니드레스룸 최저가,https://www.zigbang.com/home/apt/items/49303100
2026-07-03 07:23:46,빌라투룸,49586697,매매,05,경기도 고양시 덕양구 내유동,고양시 덕양구,내유동,16000,0,16000,52.63,15.92,4,최저가 20년준공 엑기스매물 내유동 방3화2 신축급컨디션,https://www.zigbang.com/home/apt/items/49586697
2026-07-03 07:23:46,빌라투룸,49580222,월세,05,경기도 고양시 덕양구 내유동,고양시 덕양구,내유동,50,70,0,39.67,12.0,2,내유동 방3화2 입니다 전입신고 반려동물 ok,https://www.zigbang.com/home/apt/items/49580222
2026-07-03 07:23:46,빌라투룸,49580110,매매,05,경기도 고양시 덕양구 내유동,고양시 덕양구,내유동,18000,0,18000,60.75,18.38,3,"전용넓은고급신축급3룸,급급매,최소실입주금가능",https://www.zigbang.com/home/apt/items/49580110
2026-07-03 07:23:46,빌라투룸,49547340,월세,05,경기도 고양시 덕양구 내유동,고양시 덕양구,내유동,50,60,0,52.39,15.85,1,공실공실 단기단기 월세월세,https://www.zigbang.com/home/apt/items/49547340
2026-07-03 07:23:46,빌라투룸,49546408,매매,05,경기도 고양시 덕양구 내유동,고양시 덕양구,내유동,15000,0,15000,50.47,15.27,4,o급매물신축o 저렴하게 매매할수있는 신축3룸 최저입주금환영,https://www.zigbang.com/home/apt/items/49546408
2026-07-03 07:23:46,빌라투룸,49492738,매매,05,경기도 파주시 조리읍 장곡리,파주시,조리읍,10900,0,10900,49.88,15.09,4,ㅇ컨디션 최고ㅇ공실ㅇ급매ㅇ강력추천ㅇ,https://www.zigbang.com/home/apt/items/49492738
2026-07-03 07:23:46,빌라투룸,49492642,매매,05,경기도 고양시 덕양구 내유동,고양시 덕양구,내유동,13900,0,13900,50.47,15.27,4,ㅇ뻥뷰ㅇ급매ㅇ공실ㅇ엘베ㅇ컨디션최고ㅇ선착순ㅇ,https://www.zigbang.com/home/apt/items/49492642
2026-07-03 07:23:46,빌라투룸,49483283,매매,05,경기도 고양시 덕양구 내유동,고양시 덕양구,내유동,14500,0,14500,50.47,15.27,4,올리모델링 넓은 쓰리룸 준신축빌라,https://www.zigbang.com/home/apt/items/49483283
2026-07-03 07:23:46,빌라투룸,49418337,매매,05,경기도 고양시 덕양구 내유동,고양시 덕양구,내유동,15000,0,15000,59.69,18.06,2,실매물 0 집주인인증 0 방문약속가능,https://www.zigbang.com/home/apt/items/49418337
2026-07-03 07:23:46,빌라투룸,49416761,매매,05,경기도 고양시 덕양구 내유동,고양시 덕양구,내유동,17000,0,17000,57.58,17.42,2,실매물 0 집주인인증 0 방문약속가능,https://www.zigbang.com/home/apt/items/49416761
2026-07-03 07:23:46,빌라투룸,49168139,매매,05,경기도 고양시 덕양구 내유동,고양시 덕양구,내유동,13500,0,13500,38.22,11.56,2,실매물 0 집주인인증 0 방문약속가능,https://www.zigbang.com/home/apt/items/49168139
2026-07-03 07:23:46,빌라투룸,49580292,매매,05,경기도 파주시 금촌동,파주시,금촌동,18000,0,18000,57.65,17.44,3,"고급신축급3룸,최소실입주금가능,급급매",https://www.zigbang.com/home/apt/items/49580292
2026-07-03 07:23:46,빌라투룸,49580272,매매,05,경기도 파주시 금촌동,파주시,금촌동,20000,0,20000,63.98,19.35,3,고급타운하우스 급매 나왔습니다 복층 테라스,https://www.zigbang.com/home/apt/items/49580272
2026-07-03 07:23:46,빌라투룸,49569461,매매,06,경기도 파주시 금촌동,파주시,금촌동,26500,0,26500,64.18,19.41,3,"급급매 금촌동 포룸 제일저렴한 금액대, 자녀키우기 좋습니다",https://www.zigbang.com/home/apt/items/49569461
2026-07-03 07:23:46,빌라투룸,49558150,매매,05,경기도 파주시 아동동,파주시,아동동,20000,0,20000,64.17,19.41,4,금촌역세권 인프라좋고 관리잘된 3룸,https://www.zigbang.com/home/apt/items/49558150
2026-07-03 07:23:46,빌라투룸,49558100,매매,05,경기도 파주시 금촌동,파주시,금촌동,14500,0,14500,66.7,20.18,2,공실 엘베유 올수리 3룸2욕실 금촌초인근 층간소음걱정무,https://www.zigbang.com/home/apt/items/49558100
2026-07-03 07:23:46,빌라투룸,49557788,매매,05,경기도 파주시 금촌동,파주시,금촌동,19000,0,19000,71.84,21.73,2,공실 전체올수리 금촌초인접 33p 3룸 층간소음걱정무 엘베,https://www.zigbang.com/home/apt/items/49557788
2026-07-03 07:23:46,빌라투룸,49555186,매매,05,경기도 파주시 아동동,파주시,아동동,17500,0,17500,68.41,20.69,4,금촌역 도보1분이내 넓은3룸 갓성비매물 문의환영,https://www.zigbang.com/home/apt/items/49555186
2026-07-03 07:23:46,빌라투룸,49549201,월세,05,경기도 파주시 검산동,파주시,검산동,2000,83,0,47.62,14.4,3,NO.1귀한월세 관리 잘된 채광좋고 공실빌라,https://www.zigbang.com/home/apt/items/49549201
2026-07-03 07:23:46,빌라투룸,49546721,매매,05,경기도 파주시 금촌동,파주시,금촌동,15900,0,15900,49.89,15.09,4,실입주금 1000만원 급매건 컨디션최고 방3화2,https://www.zigbang.com/home/apt/items/49546721
2026-07-03 07:23:46,빌라투룸,49486654,매매,05,경기도 파주시 금촌동,파주시,금촌동,24000,0,24000,63.4,19.18,4,금촌동O복층O넓은 테라스 있는 준신축 빌라,https://www.zigbang.com/home/apt/items/49486654
2026-07-03 07:23:46,빌라투룸,49322631,매매,05,경기도 파주시 금촌동,파주시,금촌동,21000,0,21000,67.99,20.57,3,무입주금가능ㅣ최저입주금가능ㅣ외국인대출가능ㅣ,https://www.zigbang.com/home/apt/items/49322631
2026-07-03 07:23:46,빌라투룸,49255749,매매,05,경기도 파주시 야동동,파주시,야동동,15500,0,15500,53.81,16.28,3,"금촌역 차로 6분거리, 실26평, 시스템에어컨, 올리모델링",https://www.zigbang.com/home/apt/items/49255749
2026-07-03 07:23:46,빌라투룸,49166106,매매,05,경기도 파주시 금촌동,파주시,금촌동,11800,0,11800,45.54,13.78,2,최저가 금촌역 도보10분 공실 엘리베이터 방3개 욕실2개,https://www.zigbang.com/home/apt/items/49166106
2026-07-03 07:23:46,빌라투룸,49070385,매매,05,경기도 파주시 금촌동,파주시,금촌동,11800,0,11800,45.54,13.78,2,초급매 금촌역 엘베O 막힘없는 올수리 방3화2,https://www.zigbang.com/home/apt/items/49070385
2026-07-03 07:23:46,빌라투룸,48959493,매매,05,경기도 파주시 금촌동,파주시,금촌동,16000,0,16000,62.01,18.76,4,엘베  O 준신축 방3화2,https://www.zigbang.com/home/apt/items/48959493
2026-07-03 07:23:46,빌라투룸,49536387,매매,05,경기도 고양시 덕양구 고양동,고양시 덕양구,고양동,22000,0,22000,47.44,14.35,3,l대출잘나오는l실매물l 승인율 최고 자금 걱정 끝냅니다,https://www.zigbang.com/home/apt/items/49536387
2026-07-03 07:23:47,빌라투룸,49187011,전세,04,경기도 파주시 탄현면 법흥리,파주시,탄현면,6000,0,0,45,13.61,1,따뜻하고 안전한 투룸 전세입니다. 깨끗하고 주차가능합니다.,https://www.zigbang.com/home/apt/items/49187011
2026-07-03 07:23:48,빌라투룸,49560586,매매,05,경기도 파주시 문산읍 문산리,파주시,문산읍,15000,0,15000,53.64,16.23,2,최저입주금 가능합니다 19년식 쓰리룸,https://www.zigbang.com/home/apt/items/49560586
2026-07-03 07:23:48,빌라투룸,49547592,매매,04,경기도 파주시 파주읍 봉암리,파주시,파주읍,10500,0,10500,28.6,8.65,4,깔끔하고 저렴한 투룸 최저입주금진행,https://www.zigbang.com/home/apt/items/49547592
2026-07-03 07:23:48,빌라투룸,49493374,매매,05,경기도 파주시 파주읍 봉암리,파주시,파주읍,14900,0,14900,39.38,11.91,3,ㅇ신축급 컨디션ㅇ급매ㅇ옵션굿ㅇ엘베ㅇ,https://www.zigbang.com/home/apt/items/49493374
2026-07-03 07:23:48,빌라투룸,49561459,매매,05,경기도 파주시 파주읍 봉서리,파주시,파주읍,18500,0,18500,67.62,20.45,4,복층테라스 방3화2 구조좋고 층고높은복층 최저실입상담가능,https://www.zigbang.com/home/apt/items/49561459
2026-07-03 07:23:48,빌라투룸,49547660,매매,05,경기도 파주시 파주읍 봉서리,파주시,파주읍,15500,0,15500,67.62,20.45,2,"최저실입진행 시스템에어컨,주차,엘베, 대형평수",https://www.zigbang.com/home/apt/items/49547660
2026-07-03 07:23:48,빌라투룸,49505330,매매,05,경기도 파주시 파주읍 봉서리,파주시,파주읍,15900,0,15900,64.96,19.65,2,봉서리 방3 화2 테라스 트인 뷰 구조 좋은 쓰리룸 빌라,https://www.zigbang.com/home/apt/items/49505330
2026-07-03 07:23:48,빌라투룸,49433664,매매,05,경기도 파주시 문산읍 선유리,파주시,문산읍,13000,0,13000,58.1,17.58,3,실입주금 2천만원 문산역 도보권 신축 쓰리룸,https://www.zigbang.com/home/apt/items/49433664
2026-07-03 07:23:49,빌라투룸,49546919,매매,05,경기도 파주시 법원읍 대능리,파주시,법원읍,26500,0,26500,72.16,21.83,1,100프로 실매물 최저 실입주금 상담가능,https://www.zigbang.com/home/apt/items/49546919
2026-07-03 07:23:49,빌라투룸,49522949,매매,05,경기도 파주시 법원읍 법원리,파주시,법원읍,24500,0,24500,64.67,19.56,4,l대출잘나오는l실매물l 매달 버리는 월세 이제 탈출하세요,https://www.zigbang.com/home/apt/items/49522949
2026-07-03 07:23:50,빌라투룸,49381713,월세,04,서울시 은평구 갈현동,은평구,갈현동,5000,70,0,31.8,9.62,2,연신내역 인근 풀옵션 투룸 즉시입주 가능,https://www.zigbang.com/home/apt/items/49381713
2026-07-03 07:23:50,빌라투룸,49377063,월세,05,경기도 고양시 덕양구 지축동,고양시 덕양구,지축동,5000,100,0,51.19,15.48,2,"신축급 깔끔,올확장,작은반려동물가,에어컨,붙박이,주차편함",https://www.zigbang.com/home/apt/items/49377063
2026-07-03 07:23:50,빌라투룸,49376987,전세,04,서울시 은평구 불광동,은평구,불광동,19000,0,0,30.84,9.33,2,"버팀목,보증보험가 3,6호선 연신내역이용가  신축투룸 전세",https://www.zigbang.com/home/apt/items/49376987
2026-07-03 07:23:50,빌라투룸,49368372,월세,04,서울시 은평구 불광동,은평구,불광동,5000,50,0,41.42,12.53,2,깔끔한 투룸 월세,https://www.zigbang.com/home/apt/items/49368372
2026-07-03 07:23:50,빌라투룸,49286613,월세,04,서울시 은평구 불광동,은평구,불광동,2000,60,0,42.6,12.89,반지하,ll연신내역ll지층 투룸 월세ll,https://www.zigbang.com/home/apt/items/49286613
2026-07-03 07:23:50,빌라투룸,49282559,월세,05,경기도 고양시 덕양구 지축동,고양시 덕양구,지축동,10000,100,0,58.23,17.61,4,북한산뷰 테라스 주인세대 복층 빠른입주,https://www.zigbang.com/home/apt/items/49282559
2026-07-03 07:23:50,빌라투룸,49274604,월세,05,경기도 고양시 덕양구 지축동,고양시 덕양구,지축동,5000,100,0,51.19,15.48,2,최저가 산뷰 넓은3룸 엘베 에어컨 빠른입주,https://www.zigbang.com/home/apt/items/49274604
2026-07-03 07:23:50,빌라투룸,49244489,월세,05,서울시 은평구 갈현동,은평구,갈현동,20000,40,0,72.5,21.93,4,연신내역세권 바로입주 주차가능한 쓰리룸 채광끝판왕 대출가능,https://www.zigbang.com/home/apt/items/49244489
2026-07-03 07:23:50,빌라투룸,49220577,월세,05,경기도 고양시 덕양구 지축동,고양시 덕양구,지축동,5000,120,0,64.3,19.45,3,지축초역세권 에어컨 엘베유 넓은3룸,https://www.zigbang.com/home/apt/items/49220577
2026-07-03 07:23:50,빌라투룸,49196196,월세,04,경기도 고양시 덕양구 지축동,고양시 덕양구,지축동,5000,90,0,42.49,12.85,4,햇살좋은 넓은2룸 엘베 에어컨 빠른입주,https://www.zigbang.com/home/apt/items/49196196
2026-07-03 07:23:50,빌라투룸,49163827,월세,04,경기도 고양시 덕양구 지축동,고양시 덕양구,지축동,4000,90,0,42.23,12.77,2,산뷰 넓은2룸 엘베 에어컨 블라인드,https://www.zigbang.com/home/apt/items/49163827
2026-07-03 07:23:50,빌라투룸,49056366,전세,05,서울시 은평구 갈현동,은평구,갈현동,28000,0,0,33.54,10.15,4,"역에서5분.신축급쓰리룸전세,일렬주차,보증보험가능,연신내역",https://www.zigbang.com/home/apt/items/49056366
2026-07-03 07:23:51,빌라투룸,49546387,매매,05,경기도 양주시 장흥면 일영리,양주시,장흥면,18900,0,18900,79.41,24.02,6,o대형평수 급매물o 적은실입주금 대출가능한 넓은준신축3룸,https://www.zigbang.com/home/apt/items/49546387
2026-07-03 07:23:51,빌라투룸,49412155,매매,05,경기도 양주시 장흥면 일영리,양주시,장흥면,32000,0,32000,68.83,20.82,1,럭셔리한 인테리어 안락하고 이쁜집 공기맑은곳 숲세권,https://www.zigbang.com/home/apt/items/49412155
2026-07-03 07:23:51,빌라투룸,49411894,매매,05,경기도 양주시 장흥면 일영리,양주시,장흥면,44000,0,44000,84.84,25.66,1,건축주 마진포기 펜트하우스 신축 3룸 고급 인테리어,https://www.zigbang.com/home/apt/items/49411894
2026-07-03 07:23:51,빌라투룸,49404781,매매,05,경기도 양주시 장흥면 일영리,양주시,장흥면,32000,0,32000,68.83,20.82,1,펜트하우스 넓은 테라스 있는집 고급자재로 인테리어 최상,https://www.zigbang.com/home/apt/items/49404781
2026-07-03 07:23:51,빌라투룸,49404514,매매,05,경기도 양주시 장흥면 일영리,양주시,장흥면,32000,0,32000,68.83,20.82,2,건축주 마진포기 급매 수입자재로 잘지은 별장같은 집,https://www.zigbang.com/home/apt/items/49404514
2026-07-03 07:23:52,빌라투룸,49558055,매매,05,경기도 양주시 백석읍 복지리,양주시,백석읍,14000,0,14000,65.95,19.95,3,1억대 관리잘된 신축급 구조좋은 3룸입니다,https://www.zigbang.com/home/apt/items/49558055
2026-07-03 07:23:52,빌라투룸,49585427,매매,05,경기도 의정부시 금오동,의정부시,금오동,19500,0,19500,63.8,19.3,7,"고급신축급3룸,최소실입주금가능,주차완벽",https://www.zigbang.com/home/apt/items/49585427
2026-07-03 07:23:52,빌라투룸,49581159,전세,04,경기도 양주시 광사동,양주시,광사동,6500,0,0,33.06,10.0,3,광사동 상가주택 투룸 입니다,https://www.zigbang.com/home/apt/items/49581159
2026-07-03 07:23:52,빌라투룸,49571832,매매,05,경기도 의정부시 금오동,의정부시,금오동,16500,0,16500,46.89,14.18,4,ㅁ정남향ㅁ14년식 주택등기ㅁ공실 즉시입주가능ㅁ,https://www.zigbang.com/home/apt/items/49571832
2026-07-03 07:23:52,빌라투룸,49547419,매매,05,경기도 의정부시 금오동,의정부시,금오동,21500,0,21500,53.8,16.27,2,금오중 도보1분 깔끔하고 넓은쓰리룸 최저입주금 문의주세요,https://www.zigbang.com/home/apt/items/49547419
2026-07-03 07:23:52,빌라투룸,49522871,매매,05,경기도 의정부시 금오동,의정부시,금오동,28900,0,28900,54.08,16.36,3,l대출잘나오는l실매물l 승인율 최고 자금 걱정 끝냅니다,https://www.zigbang.com/home/apt/items/49522871
2026-07-03 07:23:52,빌라투룸,49519896,매매,05,경기도 의정부시 금오동,의정부시,금오동,20800,0,20800,72.73,22.0,4,l 초대형 3룸 l 팬트리 굿 l 신축 첫 입주 l,https://www.zigbang.com/home/apt/items/49519896
2026-07-03 07:23:52,빌라투룸,49505126,월세,05,경기도 의정부시 금오동,의정부시,금오동,3000,100,0,69.97,21.17,6,빠른 입주 가능 l A급 관리 상태 l 주차 l 엘베,https://www.zigbang.com/home/apt/items/49505126
2026-07-03 07:23:52,빌라투룸,49425018,매매,05,경기도 의정부시 금오동,의정부시,금오동,22800,0,22800,71.57,21.65,5,신축  초특가 3룸,https://www.zigbang.com/home/apt/items/49425018
2026-07-03 07:23:52,빌라투룸,49366786,매매,05,경기도 의정부시 금오동,의정부시,금오동,16900,0,16900,46.89,14.18,4,최저실입가능 ㅣ 외국인대출가능 ㅣ 엘베있음 ㅣ 디딤돌,https://www.zigbang.com/home/apt/items/49366786
2026-07-03 07:23:53,빌라투룸,49588425,월세,04,경기도 남양주시 다산동,남양주시,다산동,20000,50,0,40,12.1,3,다산역5분거리 투룸 가람초등학교앞 수변공원옆,https://www.zigbang.com/home/apt/items/49588425
2026-07-03 07:23:53,빌라투룸,49554132,월세,05,경기도 남양주시 별내동,남양주시,별내동,25000,50,0,59.97,18.14,2,보증보험 가입된 식송마을 넓은 3룸 화2.,https://www.zigbang.com/home/apt/items/49554132
2026-07-03 07:23:53,빌라투룸,49503049,월세,05,경기도 남양주시 별내동,남양주시,별내동,10000,150,0,65.5,19.81,2,"식송마을 남향 구조의 밝은 3룸 화2. 엘베O, 창고O",https://www.zigbang.com/home/apt/items/49503049
2026-07-03 07:23:53,빌라투룸,49438821,월세,04,경기도 남양주시 별내동,남양주시,별내동,12000,40,0,47,14.22,2,별내별가람역 인근 융무 2룸. 엘베O,https://www.zigbang.com/home/apt/items/49438821
2026-07-03 07:23:53,빌라투룸,49369060,전세,04,경기도 남양주시 별내동,남양주시,별내동,18000,0,0,50,15.12,2,저렴한 2룸. 융무. 별내별가람역 도보 이용 가능.,https://www.zigbang.com/home/apt/items/49369060
2026-07-03 07:23:53,빌라투룸,49349452,전세,06,경기도 남양주시 별내동,남양주시,별내동,37000,0,0,89.17,26.97,4,별가람역 인근 넓은 복층 테라스. 주인세대 4룸,https://www.zigbang.com/home/apt/items/49349452
2026-07-03 07:23:53,빌라투룸,49303576,월세,04,경기도 남양주시 별내동,남양주시,별내동,13000,50,0,49,14.82,2,조망좋은 투룸 하시입주,https://www.zigbang.com/home/apt/items/49303576
2026-07-03 07:23:53,빌라투룸,49534254,매매,05,경기도 남양주시 호평동,남양주시,호평동,16000,0,16000,45.84,13.87,2,최저실입가능 ㅣ 외국인대출가능 ㅣ 디딤돌 ㅣ 방3 화2,https://www.zigbang.com/home/apt/items/49534254
2026-07-03 07:23:53,빌라투룸,49522225,매매,05,경기도 남양주시 평내동,남양주시,평내동,15300,0,15300,57.8,17.48,3,주차채광컨디션좋은 3룸빌라,https://www.zigbang.com/home/apt/items/49522225
2026-07-03 07:23:53,빌라투룸,49508964,매매,05,경기도 남양주시 평내동,남양주시,평내동,29000,0,29000,74.48,22.53,2,평내동 방3 화2 넓은평수 준신축 깔끔한 구조,https://www.zigbang.com/home/apt/items/49508964
2026-07-03 07:23:53,빌라투룸,49469989,매매,05,경기도 남양주시 평내동,남양주시,평내동,17000,0,17000,57.8,17.48,4,주차컨디션좋은복층 쓰리룸빌라,https://www.zigbang.com/home/apt/items/49469989
2026-07-03 07:23:53,빌라투룸,49324326,매매,05,경기도 남양주시 평내동,남양주시,평내동,17000,0,17000,59.7,18.06,3,"탁 트인 채광과 넓은 거실, 저렴한 가격의 준신축급 빌라",https://www.zigbang.com/home/apt/items/49324326
2026-07-03 07:23:53,빌라투룸,49275692,월세,05,경기도 남양주시 호평동,남양주시,호평동,10000,110,0,114.53,34.65,3,3츰 단독 사용하는 3룸에 복층,https://www.zigbang.com/home/apt/items/49275692
2026-07-03 07:23:53,빌라투룸,49275654,월세,04,경기도 남양주시 호평동,남양주시,호평동,8000,20,0,46.28,14.0,2,구조좋은 투룸 월세.,https://www.zigbang.com/home/apt/items/49275654
2026-07-03 07:23:53,빌라투룸,49566510,매매,05,경기도 남양주시 오남읍 양지리,남양주시,오남읍,23000,0,23000,59.77,18.08,3,오남역바로앞 초역세권 준신축급매물 구조잘빠진 넓은집 위치굿,https://www.zigbang.com/home/apt/items/49566510
2026-07-03 07:23:53,빌라투룸,49549261,전세,05,경기도 남양주시 오남읍 양지리,남양주시,오남읍,15000,0,0,59.8,18.09,4,오남역인근 3룸빌라,https://www.zigbang.com/home/apt/items/49549261
2026-07-03 07:23:53,빌라투룸,49548158,매매,05,경기도 남양주시 오남읍 양지리,남양주시,오남읍,24200,0,24200,59.77,18.08,3,신축급 역세권매물 최저입주금진행,https://www.zigbang.com/home/apt/items/49548158
2026-07-03 07:23:53,빌라투룸,49458177,매매,05,경기도 남양주시 오남읍 양지리,남양주시,오남읍,18900,0,18900,75.2,22.75,3,오남역 바로앞 인근 인근동일평형 시세대비 신축급매물 등장,https://www.zigbang.com/home/apt/items/49458177
2026-07-03 07:23:53,빌라투룸,49438422,매매,05,경기도 남양주시 오남읍 양지리,남양주시,오남읍,25500,0,25500,73.02,22.09,2,l대출잘나오는l실매물l 헛걸음이제그만 한도맞춤형 빌라,https://www.zigbang.com/home/apt/items/49438422
2026-07-03 07:23:53,빌라투룸,49297195,매매,05,경기도 남양주시 오남읍 양지리,남양주시,오남읍,19500,0,19500,52.4,15.85,2,오남역앞 초역세권 위치좋은 준신축매물 생활권편리 구조좋아요,https://www.zigbang.com/home/apt/items/49297195
2026-07-03 07:23:53,빌라투룸,49193927,매매,05,경기도 남양주시 오남읍 오남리,남양주시,오남읍,18000,0,18000,54.5,16.49,4,오남읍 방3화1베1 면적 잘 나온 주택,https://www.zigbang.com/home/apt/items/49193927
2026-07-03 07:23:53,빌라투룸,49435490,매매,05,경기도 남양주시 금곡동,남양주시,금곡동,29800,0,29800,51.53,15.59,3,실매물ㅣ허위근절ㅣ다양한 매물 금리상담으로 완벽한 내집 찾기,https://www.zigbang.com/home/apt/items/49435490
2026-07-03 07:23:53,빌라투룸,49585932,매매,05,경기도 남양주시 호평동,남양주시,호평동,17500,0,17500,34.96,10.58,2,급매저렴ㅣ준신축급매물ㅣ대출잘나옴ㅣ최저실입가능,https://www.zigbang.com/home/apt/items/49585932
2026-07-03 07:23:53,빌라투룸,49581178,전세,05,경기도 의정부시 민락동,의정부시,민락동,22000,0,0,84,25.41,4,넓은 야외테라스가 있는 깨끗한 상가주택 3룸복층전세,https://www.zigbang.com/home/apt/items/49581178
2026-07-03 07:23:53,빌라투룸,49524289,월세,04,경기도 의정부시 민락동,의정부시,민락동,500,40,0,39.67,12.0,1,민락1지구의 2룸 월세입니다.,https://www.zigbang.com/home/apt/items/49524289
2026-07-03 07:23:53,빌라투룸,49519712,월세,05,경기도 의정부시 민락동,의정부시,민락동,3000,100,0,60.1,18.18,2,민락천변 l 넓은 거실 l 쓰리룸 l 빠른이사가능,https://www.zigbang.com/home/apt/items/49519712
2026-07-03 07:23:53,빌라투룸,49511108,전세,05,경기도 의정부시 민락동,의정부시,민락동,14000,0,0,66.11,20.0,3,아주 이쁘게 건축한 귀한 3룸 전세,https://www.zigbang.com/home/apt/items/49511108
2026-07-03 07:23:53,빌라투룸,49360021,전세,05,경기도 의정부시 민락동,의정부시,민락동,12000,0,0,59.5,18.0,3,민락2지구 초저가 3룸 전세,https://www.zigbang.com/home/apt/items/49360021
2026-07-03 07:23:53,빌라투룸,49177706,월세,05,경기도 의정부시 민락동,의정부시,민락동,3000,100,0,60,18.15,2,민락2지구 깨끗한 3룸 월세,https://www.zigbang.com/home/apt/items/49177706
2026-07-03 07:23:53,빌라투룸,49546578,매매,05,경기도 남양주시 진접읍 내각리,남양주시,진접읍,23500,0,23500,59.58,18.02,4,이쁜인테리어 급매물3룸 적은실입주금 대출가능,https://www.zigbang.com/home/apt/items/49546578
2026-07-03 07:23:53,빌라투룸,48844868,매매,05,경기도 남양주시 진접읍 장현리,남양주시,진접읍,24000,0,24000,59.34,17.95,4,준신축  3룸 특가매매,https://www.zigbang.com/home/apt/items/48844868
2026-07-03 07:23:54,빌라투룸,49580279,매매,05,경기도 남양주시 진접읍 장현리,남양주시,진접읍,27900,0,27900,59.15,17.89,2,"신축쓰리룸,최저실입주금가능",https://www.zigbang.com/home/apt/items/49580279
2026-07-03 07:23:54,빌라투룸,49561421,매매,05,경기도 남양주시 오남읍 양지리,남양주시,오남읍,20000,0,20000,68.03,20.58,2,엘o 20년식 4호선오남역세권 급매물 준신축 최저실입가능,https://www.zigbang.com/home/apt/items/49561421
2026-07-03 07:23:54,빌라투룸,49549573,월세,04,경기도 남양주시 진접읍 연평리,남양주시,진접읍,5000,100,0,50,15.12,4,연평리 테라스형 투룸,https://www.zigbang.com/home/apt/items/49549573
2026-07-03 07:23:54,빌라투룸,49549537,월세,04,경기도 남양주시 진접읍 연평리,남양주시,진접읍,5000,100,0,50,15.12,4,연평리 테라스형 투룸,https://www.zigbang.com/home/apt/items/49549537
2026-07-03 07:23:54,빌라투룸,49549514,전세,04,경기도 남양주시 진접읍 금곡리,남양주시,진접읍,13000,0,0,45,13.61,2,진접역인근 투룸전세,https://www.zigbang.com/home/apt/items/49549514
2026-07-03 07:23:54,빌라투룸,49549315,월세,04,경기도 남양주시 진접읍 금곡리,남양주시,진접읍,7000,50,0,52.89,16.0,2,진접역인근 복층형2룸입니다.,https://www.zigbang.com/home/apt/items/49549315
2026-07-03 07:23:54,빌라투룸,49548984,월세,04,경기도 남양주시 진접읍 금곡리,남양주시,진접읍,7000,50,0,50,15.12,2,진접역인근 복층형투룸,https://www.zigbang.com/home/apt/items/49548984
2026-07-03 07:23:54,빌라투룸,49548808,전세,04,경기도 남양주시 진접읍 금곡리,남양주시,진접읍,14000,0,0,36,10.89,2,진접역인근 투룸,https://www.zigbang.com/home/apt/items/49548808
2026-07-03 07:23:54,빌라투룸,49545960,월세,05,경기도 남양주시 진접읍 금곡리,남양주시,진접읍,5000,120,0,59,17.85,2,진접역인근 복층,https://www.zigbang.com/home/apt/items/49545960
2026-07-03 07:23:54,빌라투룸,49545615,매매,05,경기도 남양주시 진접읍 장현리,남양주시,진접읍,12000,0,12000,43.14,13.05,4,"급매, 최저입주금, 1억대 방3화2",https://www.zigbang.com/home/apt/items/49545615
2026-07-03 07:23:54,빌라투룸,49551377,매매,05,경기도 양주시 백석읍 오산리,양주시,백석읍,12000,0,12000,63.87,19.32,4,급매 깔끔한신축급 쓰리룸 최저실입주금 가능합니다,https://www.zigbang.com/home/apt/items/49551377
2026-07-03 07:23:54,빌라투룸,49546167,매매,06,경기도 양주시 백석읍 오산리,양주시,백석읍,16500,0,16500,68.99,20.87,4,o대형포룸o 대가족도 살수있는 신축급4룸 대출상담환영,https://www.zigbang.com/home/apt/items/49546167
2026-07-03 07:23:54,빌라투룸,49577459,매매,05,경기도 양주시 덕계동,양주시,덕계동,31000,0,31000,136.54,41.3,3,"왕왕 추천,대형 럭셔리 최고급빌라 구경하세요",https://www.zigbang.com/home/apt/items/49577459
2026-07-03 07:23:54,빌라투룸,49548731,매매,05,경기도 양주시 덕계동,양주시,덕계동,9500,0,9500,60.91,18.43,4,급매 최저실입주금 진행가능 관리잘된 3룸,https://www.zigbang.com/home/apt/items/49548731
2026-07-03 07:23:54,빌라투룸,49537048,월세,04,경기도 양주시 덕계동,양주시,덕계동,1000,55,0,43.73,13.23,3,"깨끗한투룸. 즉시입주가능, 반려동물X",https://www.zigbang.com/home/apt/items/49537048
2026-07-03 07:23:54,빌라투룸,49522825,매매,05,경기도 양주시 덕계동,양주시,덕계동,8000,0,8000,44.07,13.33,1,"방2화1베1. 편한1층, 위치짱좋은빌라, 세안고매매",https://www.zigbang.com/home/apt/items/49522825
2026-07-03 07:23:54,빌라투룸,49511035,매매,06,경기도 양주시 덕계동,양주시,덕계동,21000,0,21000,70.25,21.25,4,실매물 0 집주인인증 0 방문약속가능,https://www.zigbang.com/home/apt/items/49511035
2026-07-03 07:23:54,빌라투룸,49497377,매매,06,경기도 양주시 덕계동,양주시,덕계동,20300,0,20300,65.81,19.91,2,4룸급매 통베란다 올수리 붙박이장 수납장 한샘씽크대,https://www.zigbang.com/home/apt/items/49497377
2026-07-03 07:23:54,빌라투룸,49361211,매매,05,경기도 양주시 덕계동,양주시,덕계동,17500,0,17500,61.96,18.74,2,방3화2베2. 준신축. 엘베유. 막힘없는뷰,https://www.zigbang.com/home/apt/items/49361211
2026-07-03 07:23:54,빌라투룸,49285741,매매,05,경기도 양주시 덕계동,양주시,덕계동,14300,0,14300,68.85,20.83,8,초급매물 엘베유 준신축컨디션 최저금리 기금대출진행가능,https://www.zigbang.com/home/apt/items/49285741
2026-07-03 07:23:54,빌라투룸,49585815,매매,05,경기도 양주시 고암동,양주시,고암동,15000,0,15000,58.8,17.79,3,신축 컨디션 그대로 가장 저렴한 3룸,https://www.zigbang.com/home/apt/items/49585815
2026-07-03 07:23:54,빌라투룸,49585582,매매,05,경기도 양주시 덕정동,양주시,덕정동,22500,0,22500,59.2,17.91,5,3룸 복층 신축 컨디션 그대로,https://www.zigbang.com/home/apt/items/49585582
2026-07-03 07:23:54,빌라투룸,49548421,매매,05,경기도 양주시 고암동,양주시,고암동,15000,0,15000,50.17,15.18,5,덕정역세권 신축급 최저입주금 가능한 3룸입니다,https://www.zigbang.com/home/apt/items/49548421
2026-07-03 07:23:55,빌라투룸,49568639,전세,05,경기도 동두천시 상봉암동,동두천시,상봉암동,16000,0,0,68.74,20.79,3,보증보험가능 소요산역세권 고급 인테리어 신축 넓은 3룸,https://www.zigbang.com/home/apt/items/49568639
2026-07-03 07:23:55,빌라투룸,49568630,매매,05,경기도 동두천시 상봉암동,동두천시,상봉암동,18000,0,18000,68.74,20.79,4,소요산역세권 대단지 고급 인테리어 신축 첫 입주 넓은 3룸,https://www.zigbang.com/home/apt/items/49568630
2026-07-03 07:23:55,빌라투룸,49548901,매매,05,경기도 동두천시 동두천동,동두천시,동두천동,8000,0,8000,46.59,14.09,2,동두천역까지 267m 15년식 엘베있는 신축급쓰리룸,https://www.zigbang.com/home/apt/items/49548901
2026-07-03 07:23:55,빌라투룸,49546581,월세,05,경기도 동두천시 동두천동,동두천시,동두천동,50,50,0,66.24,20.04,4,공실공실 단기단기 월세월세,https://www.zigbang.com/home/apt/items/49546581
2026-07-03 07:23:55,빌라투룸,49584373,월세,05,경기도 양주시 옥정동,양주시,옥정동,1000,100,0,59.5,18.0,3,"신축 3룸,빠른입주, 보시면 바로 계약하는집",https://www.zigbang.com/home/apt/items/49584373
2026-07-03 07:23:55,빌라투룸,49509380,월세,05,경기도 양주시 옥정동,양주시,옥정동,1000,100,0,59,17.85,3,"잘나온3룸.구조 좋고 주차편리,중문,다용도실,엘레베이터",https://www.zigbang.com/home/apt/items/49509380
2026-07-03 07:23:55,빌라투룸,49363292,월세,05,경기도 양주시 옥정동,양주시,옥정동,5000,60,0,59.5,18.0,2,"넓은 쓰리룸,보증금 월세 상향조정가능",https://www.zigbang.com/home/apt/items/49363292
2026-07-03 07:23:55,빌라투룸,49546529,매매,05,경기도 포천시 소흘읍 송우리,포천시,소흘읍,19500,0,19500,73.19,22.14,2,대형평수 위치좋은 신축급3룸 실입주금 없이 대출가능합니다,https://www.zigbang.com/home/apt/items/49546529
2026-07-03 07:23:55,빌라투룸,49522858,매매,05,경기도 포천시 소흘읍 이가팔리,포천시,소흘읍,25000,0,25000,75.23,22.76,3,l대출잘나오는l실매물l 자금부족 고민끝 진짜빌라 확인,https://www.zigbang.com/home/apt/items/49522858
2026-07-03 07:23:55,빌라투룸,49587649,매매,05,경기도 동두천시 생연동,동두천시,생연동,14000,0,14000,52.25,15.81,3,최저가매물 생연동 방3화 주차 공간넓고 트윈뷰 신축급컨디션,https://www.zigbang.com/home/apt/items/49587649
2026-07-03 07:23:55,빌라투룸,49587438,매매,05,경기도 동두천시 생연동,동두천시,생연동,11500,0,11500,51.78,15.66,2,급매 방3화2 깔끔한 역세권과 학군,https://www.zigbang.com/home/apt/items/49587438
2026-07-03 07:23:55,빌라투룸,49587231,매매,05,경기도 동두천시 생연동,동두천시,생연동,20500,0,20500,69.17,20.92,9,신축 컨디션 그대로 뻥뷰 고층 저렴한집,https://www.zigbang.com/home/apt/items/49587231
2026-07-03 07:23:55,빌라투룸,49580317,매매,05,경기도 동두천시 지행동,동두천시,지행동,26500,0,26500,71.07,21.5,10,"지행역역세권,신축,최저실입주금가능",https://www.zigbang.com/home/apt/items/49580317
2026-07-03 07:23:55,빌라투룸,49569317,월세,05,경기도 동두천시 상패동,동두천시,상패동,2000,80,0,68.87,20.83,3,동두천경찰서 바로 앞 신축 첫 입주 귀한 월세,https://www.zigbang.com/home/apt/items/49569317
2026-07-03 07:23:55,빌라투룸,49541165,매매,05,경기도 동두천시 생연동,동두천시,생연동,13500,0,13500,52.25,15.81,3,급매물입니다. 엘배유 준신축 저금리 기금대출가능,https://www.zigbang.com/home/apt/items/49541165
2026-07-03 07:23:55,빌라투룸,48099931,매매,05,경기도 동두천시 생연동,동두천시,생연동,16800,0,16800,76.15,23.04,5,신축 위치좋은 특가 1세대,https://www.zigbang.com/home/apt/items/48099931
2026-07-03 07:23:55,빌라투룸,49580264,매매,05,경기도 포천시 선단동,포천시,선단동,23000,0,23000,69.32,20.97,3,무입주금가능한  궁전 입니다 선단ic인근 대형마트도보1분,https://www.zigbang.com/home/apt/items/49580264
2026-07-03 07:23:55,빌라투룸,49569352,월세,05,경기도 포천시 선단동,포천시,선단동,1000,80,0,59.37,17.96,3,대진대입구 사거리 신축급 넓은 3룸,https://www.zigbang.com/home/apt/items/49569352
2026-07-03 07:23:55,빌라투룸,49549857,매매,05,경기도 포천시 선단동,포천시,선단동,15300,0,15300,45.61,13.8,5,월세 보증금으로 내 집 마련. 무입 상담가능,https://www.zigbang.com/home/apt/items/49549857
2026-07-03 07:23:55,빌라투룸,49549398,매매,05,경기도 포천시 선단동,포천시,선단동,15800,0,15800,56.4,17.06,3,엘o 방3 포천 인프라좋은 이마트 인근 1억중반 급매물,https://www.zigbang.com/home/apt/items/49549398
2026-07-03 07:23:55,빌라투룸,49548825,매매,05,경기도 포천시 선단동,포천시,선단동,23000,0,23000,68.48,20.72,3,100프로 실매물. 안전한 권리 분석부터 유연한 입주 협의,https://www.zigbang.com/home/apt/items/49548825
2026-07-03 07:23:55,빌라투룸,49547438,매매,04,경기도 포천시 선단동,포천시,선단동,9000,0,9000,31.92,9.66,5,귀한 투룸매물 엘베o 즉시입주가능 최저입주금진행,https://www.zigbang.com/home/apt/items/49547438
2026-07-03 07:23:55,빌라투룸,49546901,매매,05,경기도 포천시 선단동,포천시,선단동,17700,0,17700,61.09,18.48,4,o사업성공한집o고급인테리어 신축급3룸 최저입주금 대출가능,https://www.zigbang.com/home/apt/items/49546901
2026-07-03 07:23:55,빌라투룸,49545311,매매,05,경기도 포천시 선단동,포천시,선단동,13800,0,13800,63.73,19.28,5,실입주금 1000만 신축급 넓은 쓰리룸 도배 입주청소 완료,https://www.zigbang.com/home/apt/items/49545311
2026-07-03 07:23:55,빌라투룸,49501901,매매,05,경기도 포천시 선단동,포천시,선단동,15200,0,15200,45.61,13.8,5,신축  특가 1세대,https://www.zigbang.com/home/apt/items/49501901
2026-07-03 07:23:55,빌라투룸,49438279,매매,06,경기도 포천시 설운동,포천시,설운동,29800,0,29800,70.17,21.23,1,l대출잘나오는l실매물l 사진속 그집그대로 즉시입수가능,https://www.zigbang.com/home/apt/items/49438279
2026-07-03 07:23:55,빌라투룸,49068764,매매,05,경기도 포천시 선단동,포천시,선단동,12500,0,12500,55.99,16.94,5,급매.선단IC바로앞.이마트인근.엘베있음,https://www.zigbang.com/home/apt/items/49068764
2026-07-03 07:23:55,빌라투룸,49585355,매매,05,경기도 포천시 소흘읍 이동교리,포천시,소흘읍,16500,0,16500,71.5,21.63,2,신축 느낌 그대로 엘베O,https://www.zigbang.com/home/apt/items/49585355
2026-07-03 07:23:55,빌라투룸,49384550,월세,04,경기도 양주시 옥정동,양주시,옥정동,2000,65,0,43,13.01,4,"완벽 풀옵션 투룸,집보기언제든,빠른입주,방2개,거실,화장실",https://www.zigbang.com/home/apt/items/49384550
2026-07-03 07:23:56,빌라투룸,49559554,매매,05,경기도 포천시 가산면 마산리,포천시,가산면,17000,0,17000,68.57,20.74,3,"무입주금가능,통베란다,넓은거실과방 . 채광좋은집",https://www.zigbang.com/home/apt/items/49559554
2026-07-03 07:23:56,빌라투룸,49587708,매매,06,경기도 포천시 신읍동,포천시,신읍동,22000,0,22000,72.7,21.99,5,포천고 인근 가성비 4룸 화2 급매,https://www.zigbang.com/home/apt/items/49587708
2026-07-03 07:23:56,빌라투룸,49568646,매매,05,경기도 포천시 어룡동,포천시,어룡동,18900,0,18900,75.1,22.72,3,포천 가성비 최고 고급 인테리어 신축 첫 입주,https://www.zigbang.com/home/apt/items/49568646
2026-07-03 07:23:56,빌라투룸,49558110,매매,05,경기도 포천시 어룡동,포천시,어룡동,18900,0,18900,75.92,22.97,1,실입주금 1000만원 가능 넓은평수 방3화2,https://www.zigbang.com/home/apt/items/49558110
2026-07-03 07:23:56,빌라투룸,49554315,매매,05,경기도 포천시 어룡동,포천시,어룡동,20500,0,20500,66.53,20.13,2,어룡동 21년식 신축급 컨디션 쓰리룸 2억 초반 급매,https://www.zigbang.com/home/apt/items/49554315
2026-07-03 07:23:56,빌라투룸,49548213,매매,05,경기도 포천시 신북면 가채리,포천시,신북면,16500,0,16500,71.64,21.67,3,신축급 쓰리룸매물 최저입주금진행,https://www.zigbang.com/home/apt/items/49548213
2026-07-03 07:23:56,빌라투룸,49546597,매매,06,경기도 포천시 신읍동,포천시,신읍동,23000,0,23000,72.71,21.99,5,100프로 실매물 최저 실입주금 상담가능,https://www.zigbang.com/home/apt/items/49546597
2026-07-03 07:23:56,빌라투룸,49529478,매매,05,경기도 포천시 어룡동,포천시,어룡동,18600,0,18600,75.92,22.97,3,신축 첫 입주 큰평수 특가,https://www.zigbang.com/home/apt/items/49529478
2026-07-03 07:23:56,빌라투룸,49477109,매매,05,경기도 포천시 어룡동,포천시,어룡동,12500,0,12500,50.93,15.41,3,어룡동 햇님어린이집 인근 넓고 밝은 정남향집,https://www.zigbang.com/home/apt/items/49477109
2026-07-03 07:23:57,빌라투룸,49542042,매매,05,경기도 광주시 도척면 상림리,광주시,도척면,19800,0,19800,73.16,22.13,3,힐링하는 1억대 첫입주 무입주금 입주가능 산책로테라스텃밭,https://www.zigbang.com/home/apt/items/49542042
2026-07-03 07:23:57,빌라투룸,49545943,매매,05,경기도 광주시 도척면 노곡리,광주시,도척면,28900,0,28900,70.84,21.43,2,실평형27평대 적은실입주금 전세가로 신축3룸 내집마련기회,https://www.zigbang.com/home/apt/items/49545943
2026-07-03 07:23:57,빌라투룸,49505500,월세,05,경기도 광주시 도척면 노곡리,광주시,도척면,50,70,0,73.55,22.25,2,노곡리 넓고 깔끔한 방3화2 입니다 반려동물가능,https://www.zigbang.com/home/apt/items/49505500
2026-07-03 07:23:57,빌라투룸,49547518,매매,05,경기도 광주시 도척면 진우리,광주시,도척면,17000,0,17000,64.37,19.47,3,o급매물준신축o 최저실입주금 대출가능한 3룸입니다,https://www.zigbang.com/home/apt/items/49547518
2026-07-03 07:23:57,빌라투룸,49547226,매매,05,경기도 광주시 곤지암읍 곤지암리,광주시,곤지암읍,14500,0,14500,54.32,16.43,2,즉시입주가능매물 방3화2 최저입주금가능,https://www.zigbang.com/home/apt/items/49547226
2026-07-03 07:23:57,빌라투룸,49542124,월세,05,경기도 광주시 도척면 진우리,광주시,도척면,200,60,0,53.05,16.05,4,한달한달 월세내는 3룸 저보증금 단기매물,https://www.zigbang.com/home/apt/items/49542124
2026-07-03 07:23:57,빌라투룸,49425572,매매,05,경기도 광주시 곤지암읍 곤지암리,광주시,곤지암읍,16800,0,16800,54.11,16.37,3,추가 수리비 0원l 몸만 쏙 들어오면 되는 가성비 최고,https://www.zigbang.com/home/apt/items/49425572
2026-07-03 07:23:57,빌라투룸,49556361,매매,05,경기도 광주시 초월읍 지월리,광주시,초월읍,17500,0,17500,91.54,27.69,반지하,광주 최저가 도전. 한층 전체사용. 대형 창고함께 매매,https://www.zigbang.com/home/apt/items/49556361
2026-07-03 07:23:57,빌라투룸,49555047,매매,05,경기도 광주시 초월읍 지월리,광주시,초월읍,14300,0,14300,56.42,17.07,1,"급매,사이즈 좋고 주차 가능한 꿀매물",https://www.zigbang.com/home/apt/items/49555047
2026-07-03 07:23:57,빌라투룸,49547713,매매,05,경기도 광주시 쌍령동,광주시,쌍령동,16500,0,16500,59.75,18.07,1,o급매물테라스o 대단지 신축급3룸 적은실입주금 가능,https://www.zigbang.com/home/apt/items/49547713
2026-07-03 07:23:57,빌라투룸,49442741,매매,04,경기도 광주시 쌍령동,광주시,쌍령동,11500,0,11500,29.8,9.01,4,"유명프렌차이즈 상권, 초교 도보통학, 광주역 버스환승편리",https://www.zigbang.com/home/apt/items/49442741
2026-07-03 07:23:57,빌라투룸,49381886,매매,05,경기도 광주시 쌍령동,광주시,쌍령동,14000,0,14000,76.58,23.17,4,아래쌍령동 빌라 급매,https://www.zigbang.com/home/apt/items/49381886
2026-07-03 07:23:57,빌라투룸,49324307,매매,05,경기도 광주시 초월읍 지월리,광주시,초월읍,15000,0,15000,51.36,15.54,2,최저실입주금 가능ㅣ외국인대출가능ㅣ신축급컨디션ㅣ급매저렴,https://www.zigbang.com/home/apt/items/49324307
2026-07-03 07:23:57,빌라투룸,49542007,매매,05,경기도 이천시 신둔면 남정리,이천시,신둔면,29000,0,29000,61.62,18.64,2,적은실입주금 입주가능 실매물실사진 전절역 도보가능 넓은평수,https://www.zigbang.com/home/apt/items/49542007
2026-07-03 07:23:57,빌라투룸,49522813,매매,05,경기도 이천시 신둔면 수광리,이천시,신둔면,27500,0,27500,72.97,22.07,3,l대출잘나오는l실매물l 대출 걱정 끝 허위 없는 진짜 매매,https://www.zigbang.com/home/apt/items/49522813
2026-07-03 07:23:57,빌라투룸,49522779,매매,05,경기도 이천시 신둔면 남정리,이천시,신둔면,29000,0,29000,61.62,18.64,3,l대출잘나오는l실매물l 집보는 방법 저희가 알려드리겠습니다,https://www.zigbang.com/home/apt/items/49522779
2026-07-03 07:23:58,빌라투룸,49555530,매매,05,경기도 광주시 곤지암읍 오향리,광주시,곤지암읍,17000,0,17000,60.63,18.34,4,"급매, 넓은3룸 적은 입주금으로 내 집 마련",https://www.zigbang.com/home/apt/items/49555530
2026-07-03 07:23:58,빌라투룸,49542015,매매,04,경기도 광주시 곤지암읍 오향리,광주시,곤지암읍,18000,0,18000,43.32,13.1,1,가격착한 신축2룸 3룸도 있음 깔끔한 실사진실매물 가즈아,https://www.zigbang.com/home/apt/items/49542015
2026-07-03 07:23:58,빌라투룸,49522829,매매,05,경기도 광주시 곤지암읍 오향리,광주시,곤지암읍,25000,0,25000,58.51,17.7,2,l대출잘나오는l실매물l 사진속 그집그대로 즉시입수가능,https://www.zigbang.com/home/apt/items/49522829
2026-07-03 07:23:58,빌라투룸,49525430,월세,04,경기도 이천시 부발읍 무촌리,이천시,부발읍,1000,60,0,39.67,12.0,2,이천시 무촌리 부발초 맞은편 투룸월세,https://www.zigbang.com/home/apt/items/49525430
2026-07-03 07:23:58,빌라투룸,49514242,매매,05,경기도 이천시 부발읍 무촌리,이천시,부발읍,15900,0,15900,64.5,19.51,4,급매 부발읍 무촌리 노블레스빌라  뻥뷰에 완벽한 생활권,https://www.zigbang.com/home/apt/items/49514242
2026-07-03 07:23:58,빌라투룸,49434948,매매,05,경기도 이천시 부발읍 무촌리,이천시,부발읍,14000,0,14000,48.27,14.6,2,SK하이닉스 출퇴근 쾌적l 인프라 다 갖춘 부발읍 꿀매물,https://www.zigbang.com/home/apt/items/49434948
2026-07-03 07:23:58,빌라투룸,49565101,월세,05,경기도 이천시 백사면 모전리,이천시,백사면,50,70,0,64.12,19.4,3,모전리 신축급 컨디션 쓰리룸입니다 6개월 단기임대,https://www.zigbang.com/home/apt/items/49565101
2026-07-03 07:23:58,빌라투룸,49528916,매매,05,경기도 이천시 백사면 모전리,이천시,백사면,13900,0,13900,58.57,17.72,3,급매 모전리 이페리온 준신축급 쓰리룸 동일평형 최저가 매매,https://www.zigbang.com/home/apt/items/49528916
2026-07-03 07:23:58,빌라투룸,49417494,매매,04,경기도 이천시 신둔면 도봉리,이천시,신둔면,4700,0,4700,41.56,12.57,2,올 리모델링한 착한 가격의 빌라매매,https://www.zigbang.com/home/apt/items/49417494
2026-07-03 07:23:58,빌라투룸,49563079,월세,04,경기도 여주시 월송동,여주시,월송동,1000,60,0,30,9.07,2,월송동투룸월세,https://www.zigbang.com/home/apt/items/49563079
2026-07-03 07:23:58,빌라투룸,49478222,월세,04,경기도 여주시 월송동,여주시,월송동,1000,72,0,42.9,12.98,2,"신축첫입주 풀옵션 투룸입니다,즉시입주",https://www.zigbang.com/home/apt/items/49478222
2026-07-03 07:23:58,빌라투룸,49478199,월세,04,경기도 여주시 월송동,여주시,월송동,1000,72,0,42.9,12.98,3,"여주역,홍문지구 가까운 신축투룸 월세,즉시입주",https://www.zigbang.com/home/apt/items/49478199
2026-07-03 07:23:58,빌라투룸,49320012,월세,04,경기도 여주시 월송동,여주시,월송동,1000,75,0,50,15.12,3,"신축 조용하고 깨끗한 마을에 위치,단출한 다가구",https://www.zigbang.com/home/apt/items/49320012
2026-07-03 07:23:59,빌라투룸,49542072,매매,04,경기도 여주시 흥천면 내사리,여주시,흥천면,29900,0,29900,98.19,29.7,1,건평30평 대지150평 실사진실매물 집주인 거주중 준신축급,https://www.zigbang.com/home/apt/items/49542072
2026-07-03 07:23:59,빌라투룸,49542058,매매,05,경기도 광주시 퇴촌면 광동리,광주시,퇴촌면,29900,0,29900,63.86,19.32,6,실사진실매물 퇴촌 시내위치 평지 뷰가 너무좋은 준신축빌라,https://www.zigbang.com/home/apt/items/49542058
2026-07-03 07:23:59,빌라투룸,49542053,매매,05,경기도 광주시 퇴촌면 관음리,광주시,퇴촌면,9500,0,9500,51.44,15.56,4,실매물실사진 급매물빌라 상태좋음 도로변 공기좋고 위치좋고,https://www.zigbang.com/home/apt/items/49542053
2026-07-03 07:23:59,빌라투룸,49542047,매매,05,경기도 광주시 퇴촌면 관음리,광주시,퇴촌면,14500,0,14500,58.34,17.65,1,텃밭 실매물실사진 도로변 근처 평지 상태좋은 방3 욕실2개,https://www.zigbang.com/home/apt/items/49542047
2026-07-03 07:23:59,빌라투룸,49542009,매매,05,경기도 광주시 퇴촌면 도수리,광주시,퇴촌면,10500,0,10500,56.4,17.06,2,실매물실사진 급매물빌라 상태좋음 퇴촌 시내권 도로변 초중학,https://www.zigbang.com/home/apt/items/49542009
2026-07-03 07:23:59,빌라투룸,49541990,매매,05,경기도 광주시 퇴촌면 관음리,광주시,퇴촌면,18500,0,18500,74.51,22.54,2,대형평수 신축급 실매물실사진 공기 좋은 평지에위치,https://www.zigbang.com/home/apt/items/49541990
2026-07-03 07:23:59,빌라투룸,49541947,매매,05,경기도 광주시 퇴촌면 관음리,광주시,퇴촌면,27500,0,27500,66.71,20.18,2,신축 놀라운가격 실매물실사진 싸다 좋다 평지에위치 요기요,https://www.zigbang.com/home/apt/items/49541947
2026-07-03 07:23:59,빌라투룸,49344888,월세,05,경기도 광주시 남종면 분원리,광주시,남종면,300,100,0,76.58,23.17,1,l 신축 l 쓰리룸 단기 ok 애완 협의가능,https://www.zigbang.com/home/apt/items/49344888
2026-07-03 07:24:00,빌라투룸,49547711,전세,05,경기도 남양주시 조안면 삼봉리,남양주시,조안면,17000,0,0,55.52,16.79,4,남한강 보이는 복층 3룸 전세,https://www.zigbang.com/home/apt/items/49547711
2026-07-03 07:24:00,빌라투룸,49451245,매매,05,경기도 남양주시 조안면 삼봉리,남양주시,조안면,15000,0,15000,62.99,19.05,4,전망좋은 쓰리룸매매,https://www.zigbang.com/home/apt/items/49451245
2026-07-03 07:24:01,빌라투룸,49589075,월세,06,경기도 여주시 교동,여주시,교동,1000,66,0,25,7.56,1,교동 넓은 투룸 월세 입니다.,https://www.zigbang.com/home/apt/items/49589075
2026-07-03 07:24:01,빌라투룸,49588988,월세,04,경기도 여주시 점봉동,여주시,점봉동,500,62,0,39.7,12.01,1,점봉동 여주대인근 풀옵션 투룸월세입니다.즉시입주,https://www.zigbang.com/home/apt/items/49588988
2026-07-03 07:24:01,빌라투룸,49569567,월세,04,경기도 여주시 하동,여주시,하동,1000,62,0,42.98,13.0,4,여주시내 하동 투룸 풀옵션 월세입니다.,https://www.zigbang.com/home/apt/items/49569567
2026-07-03 07:24:01,빌라투룸,49562587,월세,04,경기도 여주시 홍문동,여주시,홍문동,1000,65,0,26.45,8.0,4,"홍문동 위치 좋은 투룸 월세 .즉시입주,",https://www.zigbang.com/home/apt/items/49562587
2026-07-03 07:24:01,빌라투룸,49444285,월세,04,경기도 여주시 상동,여주시,상동,1000,70,0,42.98,13.0,2,상동 조용하고 주차좋은 신축급 투룸 풀옵션입니다.,https://www.zigbang.com/home/apt/items/49444285
2026-07-03 07:24:01,빌라투룸,49440034,월세,05,경기도 여주시 점봉동,여주시,점봉동,13000,25,0,85,25.71,1,넓은평수 주차공간 좋음,https://www.zigbang.com/home/apt/items/49440034
2026-07-03 07:24:01,빌라투룸,49268536,월세,04,경기도 여주시 점봉동,여주시,점봉동,500,81,0,66,19.96,4,"전용20평 넓은 투룸, 풀옵션, 화장실2, 엘베있음,깨끗함",https://www.zigbang.com/home/apt/items/49268536
2026-07-03 07:24:01,빌라투룸,48960242,전세,05,경기도 여주시 점봉동,여주시,점봉동,17000,0,0,82.64,25.0,1,"아파트형 빌라 ,상태 아주깨끗함,주차공간 좋음",https://www.zigbang.com/home/apt/items/48960242
2026-07-03 07:24:01,빌라투룸,49589337,월세,04,경기도 여주시 오학동,여주시,오학동,1000,71,0,36,10.89,2,오학동 넓은 투룸월세입니다.입주는 8월초,https://www.zigbang.com/home/apt/items/49589337
2026-07-03 07:24:03,빌라투룸,49581200,월세,04,강원도 원주시 단계동,원주시,단계동,500,55,0,50,15.12,2,단계동 해잘드는 준신축투룸풀옵션,https://www.zigbang.com/home/apt/items/49581200
2026-07-03 07:24:03,빌라투룸,49283755,월세,04,강원도 원주시 지정면 가곡리,원주시,지정면,1000,75,0,69.42,21.0,3,클릭 섬강중학교 맞은편 준신축 넓은 풀옵션 투룸,https://www.zigbang.com/home/apt/items/49283755
2026-07-03 07:24:03,빌라투룸,49429969,월세,04,강원도 원주시 단계동,원주시,단계동,1000,70,0,66.11,20.0,2,클릭 푸르지오아파트부근 준신축 넓은 풀옵션 투룸,https://www.zigbang.com/home/apt/items/49429969
2026-07-03 07:23:50,빌라투룸,49571898,매매,04,서울시 도봉구 창동,도봉구,창동,22500,0,22500,29.95,9.06,7,ㅁ17년준공 넓고깔끔한 투룸 보러오세요ㅁ,https://www.zigbang.com/home/apt/items/49571898
2026-07-03 07:23:50,빌라투룸,49571820,매매,04,서울시 도봉구 쌍문동,도봉구,쌍문동,17000,0,17000,43.28,13.09,4,먼저 보세요 신축급컨디션 넓은2룸 초저가급매,https://www.zigbang.com/home/apt/items/49571820
2026-07-03 07:23:50,빌라투룸,49571810,매매,05,서울시 도봉구 쌍문동,도봉구,쌍문동,21000,0,21000,48.99,14.82,4,ㅁ가격다운 초급매ㅁ채광끝내주는 올리모델링 쓰리룸ㅁ,https://www.zigbang.com/home/apt/items/49571810
2026-07-03 07:23:50,빌라투룸,49566000,매매,04,서울시 도봉구 쌍문동,도봉구,쌍문동,18000,0,18000,40,12.1,5,대형 평수 투룸 컨디션 채광 싸이즈 가격 모든걸 맞춘매물,https://www.zigbang.com/home/apt/items/49566000
2026-07-03 07:23:50,빌라투룸,49530238,매매,04,서울시 도봉구 쌍문동,도봉구,쌍문동,18500,0,18500,45.5,13.76,2,가성비 신축급 투룸 l 위치 최상 l 갭투가능,https://www.zigbang.com/home/apt/items/49530238
2026-07-03 07:23:50,빌라투룸,49519875,매매,05,서울시 도봉구 쌍문동,도봉구,쌍문동,35000,0,35000,45.2,13.67,4,l 뷰맛집 l 테라스2개 l 복층형 3룸 l,https://www.zigbang.com/home/apt/items/49519875
2026-07-03 07:23:50,빌라투룸,49412008,매매,05,서울시 도봉구 쌍문동,도봉구,쌍문동,21000,0,21000,48.99,14.82,4,올 리모델링 깔끔한 가성비 3룸 도깨비시장 도보10분,https://www.zigbang.com/home/apt/items/49412008
2026-07-03 07:23:50,빌라투룸,49277560,월세,04,서울시 도봉구 창동,도봉구,창동,3000,105,0,34.09,10.31,3,o2룸 월세o 창동역ㅣ시스템에어컨,https://www.zigbang.com/home/apt/items/49277560
2026-07-03 07:24:06,빌라투룸,49212263,월세,04,경기도 남양주시 화도읍 마석우리,남양주시,화도읍,3000,40,0,33.06,10.0,2,공실 수리된집 기름보일러 전세6000가능,https://www.zigbang.com/home/apt/items/49212263
2026-07-03 07:24:06,빌라투룸,49536728,월세,04,경기도 남양주시 화도읍 묵현리,남양주시,화도읍,1000,50,0,30,9.07,2,공실 주차가능 넓은 투룸,https://www.zigbang.com/home/apt/items/49536728
2026-07-03 07:24:06,빌라투룸,49520466,매매,05,경기도 남양주시 화도읍 묵현리,남양주시,화도읍,16000,0,16000,54.03,16.34,2,최저실입가능 ㅣ 외국인대출가능 ㅣ 엘베있음 ㅣ 디딤돌,https://www.zigbang.com/home/apt/items/49520466
2026-07-03 07:24:06,빌라투룸,49520428,매매,05,경기도 남양주시 화도읍 묵현리,남양주시,화도읍,13800,0,13800,53.37,16.14,3,최저실입가능 ㅣ 외국인대출가능 ㅣ 디딤돌 ㅣ 컨디션 최상,https://www.zigbang.com/home/apt/items/49520428
2026-07-03 07:24:10,빌라투룸,49546098,전세,04,강원도 홍천군 남면 양덕원리,홍천군,남면,7500,0,0,39.67,12.0,3,풀옵션 투룸홍천 남면.즉시입주.반전세가능,https://www.zigbang.com/home/apt/items/49546098
2026-07-03 07:24:10,빌라투룸,49545859,전세,04,강원도 홍천군 남면 양덕원리,홍천군,남면,5500,0,0,38.76,11.72,3,깨끗한 풀옵션 미니투룸.반전세가능,https://www.zigbang.com/home/apt/items/49545859
2026-07-03 07:24:11,빌라투룸,49533437,월세,04,강원도 홍천군 홍천읍 연봉리,홍천군,홍천읍,300,50,0,39.67,12.0,1,남산초부근 상태최상,https://www.zigbang.com/home/apt/items/49533437
2026-07-03 07:24:11,빌라투룸,49546173,전세,04,강원도 홍천군 홍천읍 갈마곡리,홍천군,홍천읍,7000,0,0,36.36,11.0,2,홍천 신시가지 풀옵션 미니투룸,https://www.zigbang.com/home/apt/items/49546173
2026-07-03 07:24:11,빌라투룸,49545988,월세,04,강원도 홍천군 홍천읍,홍천군,홍천읍,1000,63,0,48.96,14.81,2,투룸 풀옵션 방2.거실,https://www.zigbang.com/home/apt/items/49545988
2026-07-03 07:24:11,빌라투룸,49543750,월세,04,강원도 홍천군 홍천읍 갈마곡리,홍천군,홍천읍,1000,60,0,0.64,0.19,3,세입자거주중 상태좋음 고급진인테리어 도시가스,https://www.zigbang.com/home/apt/items/49543750
2026-07-03 07:24:11,빌라투룸,49485022,월세,04,강원도 홍천군 홍천읍 갈마곡리,홍천군,홍천읍,500,60,0,45.2,13.67,4,전망틔이고 즉시입주 가능한 투룸,https://www.zigbang.com/home/apt/items/49485022
2026-07-03 07:24:11,빌라투룸,49443633,월세,04,강원도 홍천군 홍천읍 희망리,홍천군,홍천읍,500,50,0,45,13.61,3,방2 화장실1 드레스룸,https://www.zigbang.com/home/apt/items/49443633
2026-07-03 07:24:11,빌라투룸,49281725,월세,04,강원도 홍천군 홍천읍 갈마곡리,홍천군,홍천읍,5000,30,0,49.59,15.0,2,즉시입주가능  옵션있는 투룸 인테리어최상,https://www.zigbang.com/home/apt/items/49281725
2026-07-03 07:24:12,빌라투룸,49583462,월세,04,강원도 춘천시 동내면 학곡리,춘천시,동내면,500,55,0,50.1,15.16,3,"학곡리 흔하지않은 신축투룸,엘베있으며 주차까지 편리해요",https://www.zigbang.com/home/apt/items/49583462
2026-07-03 07:24:12,빌라투룸,49564571,월세,04,강원도 춘천시 동내면 학곡리,춘천시,동내면,500,57,0,45,13.61,3,"ㅁㅁ 학곡리 신축 투룸, 조용하고 주차 편리,",https://www.zigbang.com/home/apt/items/49564571
2026-07-03 07:24:12,빌라투룸,49468867,월세,04,강원도 춘천시 동내면 학곡리,춘천시,동내면,500,53,0,40,12.1,3,"ㅁㅁ 학곡리 신축, 풀옵션 투룸 월세,",https://www.zigbang.com/home/apt/items/49468867
2026-07-03 07:24:12,빌라투룸,49468864,월세,04,강원도 춘천시 동내면 학곡리,춘천시,동내면,500,53,0,45,13.61,3,학곡리 신축 풀옵션 구조좋고 깨끗한 가성비 좋은 투룸입니다,https://www.zigbang.com/home/apt/items/49468864
2026-07-03 07:24:12,빌라투룸,49467826,월세,04,강원도 춘천시 동내면 학곡리,춘천시,동내면,500,53,0,46.28,14.0,3,학곡리. 준신축. 주차굿. 풀옵션 2룸,https://www.zigbang.com/home/apt/items/49467826
2026-07-03 07:24:12,빌라투룸,49467803,월세,04,강원도 춘천시 동내면 학곡리,춘천시,동내면,500,53,0,48,14.52,3,학곡리 내부시설 깨끗한 신축급 투룸,https://www.zigbang.com/home/apt/items/49467803
2026-07-03 07:24:12,빌라투룸,49467790,월세,04,강원도 춘천시 동내면 학곡리,춘천시,동내면,500,53,0,46.28,14.0,3,학곡리. 주차짱짱. 준신축 풀옵션 2룸,https://www.zigbang.com/home/apt/items/49467790
2026-07-03 07:24:12,빌라투룸,49446192,전세,04,강원도 춘천시 동내면 학곡리,춘천시,동내면,11000,0,0,49.59,15.0,3,"준신축2룸.풀옵션 전세.엘베, 주차장 넓어요",https://www.zigbang.com/home/apt/items/49446192
2026-07-03 07:24:12,빌라투룸,49429646,월세,04,강원도 춘천시 동내면 학곡리,춘천시,동내면,500,50,0,45,13.61,3,학곡리 밝은 채광이 있는 가성비 좋은 투룸,https://www.zigbang.com/home/apt/items/49429646
2026-07-03 07:24:12,빌라투룸,49428750,월세,04,강원도 춘천시 동내면 학곡리,춘천시,동내면,500,50,0,40,12.1,3,"ㅁㅁ 학곡리 풀옵션 투룸, 가성비 대박,",https://www.zigbang.com/home/apt/items/49428750
2026-07-03 07:24:12,빌라투룸,49381654,전세,04,강원도 춘천시 동내면 학곡리,춘천시,동내면,9000,0,0,55,16.64,3,"학곡리 하나로마트 부근, 거실OK 준신축 투룸",https://www.zigbang.com/home/apt/items/49381654
2026-07-03 07:24:12,빌라투룸,49273239,월세,04,강원도 춘천시 동내면 학곡리,춘천시,동내면,500,57,0,45,13.61,3,ㅣ학곡리 내ㅣ주차편리ㅣ깔끔한 인테리어ㅣ신축투룸ㅣ,https://www.zigbang.com/home/apt/items/49273239
2026-07-03 07:24:13,빌라투룸,49421821,매매,04,강원도 춘천시 신북읍 천전리,춘천시,신북읍,32000,0,32000,82.98,25.1,1,신북읍 천전리 언덕지곳에 위치한 전원주택 방2개,https://www.zigbang.com/home/apt/items/49421821
2026-07-03 07:24:15,빌라투룸,49590068,월세,04,경상북도 문경시 모전동,문경시,모전동,400,40,0,46.28,14.0,2,문경여중 인근에  풀옵션 투룸 월세  나왔습니다.,https://www.zigbang.com/home/apt/items/49590068
2026-07-03 07:24:15,빌라투룸,49568333,매매,05,경상북도 문경시 모전동,문경시,모전동,8000,0,8000,61.49,18.6,1,주택은 일부 수리되어 사용 편리함,https://www.zigbang.com/home/apt/items/49568333
2026-07-03 07:24:15,빌라투룸,49568118,매매,04,경상북도 문경시 윤직동,문경시,윤직동,45000,0,45000,71.25,21.55,1,"한옥의 정취는 그대로, 생활은 아파트처럼 편리합니다.",https://www.zigbang.com/home/apt/items/49568118
2026-07-03 07:24:15,빌라투룸,49559772,매매,04,경상북도 문경시 모전동,문경시,모전동,10000,0,10000,63.47,19.2,2,"방2,화1,거실 있어요 남향에 가까운 남동향으로 일조권좋음",https://www.zigbang.com/home/apt/items/49559772
2026-07-03 07:24:15,빌라투룸,49549782,전세,04,경상북도 문경시 모전동,문경시,모전동,10000,0,0,50,15.12,3,신원아침도시 앞 건축중인 투룸 전세,https://www.zigbang.com/home/apt/items/49549782
2026-07-03 07:24:15,빌라투룸,49361824,전세,04,경상북도 문경시 모전동,문경시,모전동,10000,0,0,62.81,19.0,2,깨끗하고 깔끔한 여중후문에있는 정투룸,https://www.zigbang.com/home/apt/items/49361824
2026-07-03 07:24:15,빌라투룸,49353245,전세,04,경상북도 문경시 모전동,문경시,모전동,10000,0,0,50,15.12,2,문경여중 뒤 투룸 월세,https://www.zigbang.com/home/apt/items/49353245
2026-07-03 07:24:15,빌라투룸,49567133,매매,04,경상북도 문경시 산양면 부암리,문경시,산양면,11000,0,11000,85.95,26.0,1,점촌시내에서 차량으로 5분거리에 있는 언덕위의 나만의 집,https://www.zigbang.com/home/apt/items/49567133
2026-07-03 07:24:15,빌라투룸,49559941,매매,05,경상북도 문경시 공평동,문경시,공평동,15000,0,15000,70.76,21.4,2,엘리베이터 있는 빌라입니다.,https://www.zigbang.com/home/apt/items/49559941
2026-07-03 07:24:15,빌라투룸,49559746,매매,05,경상북도 문경시 모전동,문경시,모전동,16500,0,16500,77.36,23.4,3,"정남향으로 샤시까지 전체 올리모델링 ,집 상태 최상입니다",https://www.zigbang.com/home/apt/items/49559746
2026-07-03 07:24:15,빌라투룸,49559671,월세,05,경상북도 문경시 모전동,문경시,모전동,1000,50,0,80,24.2,4,"방3,화2,거실 있는 상가주택 월세 나왔어요",https://www.zigbang.com/home/apt/items/49559671
2026-07-03 07:24:15,빌라투룸,49550502,매매,05,경상북도 상주시 함창읍 구향리,상주시,함창읍,9000,0,9000,84.92,25.69,3,방이 크고 넓으며 심플한 디자인의  구조,https://www.zigbang.com/home/apt/items/49550502
2026-07-03 07:24:15,빌라투룸,49547773,매매,05,경상북도 상주시 함창읍 구향리,상주시,함창읍,3500,0,3500,63.47,19.2,5,상태좋고 경치 좋습니다,https://www.zigbang.com/home/apt/items/49547773
2026-07-03 07:24:20,빌라투룸,49587668,월세,04,경상북도 영주시 휴천동,영주시,휴천동,500,58,0,56.2,17.0,3,대영중 인근 좋은 정투룸,https://www.zigbang.com/home/apt/items/49587668
2026-07-03 07:24:20,빌라투룸,49497748,월세,04,경상북도 영주시 휴천동,영주시,휴천동,500,57,0,28.06,8.49,3,대영고인근 준신축급  밝은 투룸입니다,https://www.zigbang.com/home/apt/items/49497748
2026-07-03 07:24:20,빌라투룸,49429217,월세,05,경상북도 영주시 영주동,영주시,영주동,5000,53,0,84,25.41,3,영주초인근 쓰리룸 반전세 전세가능,https://www.zigbang.com/home/apt/items/49429217
2026-07-03 07:24:20,빌라투룸,49429197,월세,04,경상북도 영주시 영주동,영주시,영주동,1000,53,0,50,15.12,2,시내 인근 정투룸 입니다.,https://www.zigbang.com/home/apt/items/49429197
2026-07-03 07:25:03,빌라투룸,49359618,월세,04,강원도 강릉시 내곡동,강릉시,내곡동,500,60,0,55.98,16.93,반지하,내곡동 관대 투룸 월세 임대입니다,https://www.zigbang.com/home/apt/items/49359618
2026-07-03 07:25:03,빌라투룸,49519496,월세,04,강원도 강릉시 교동,강릉시,교동,500,55,0,62.81,19.0,2,투룸 내부깨끗 풀옵션  도시가스  주차시설   단기가능,https://www.zigbang.com/home/apt/items/49519496
2026-07-03 07:25:03,빌라투룸,49519453,월세,04,강원도 강릉시 교동,강릉시,교동,500,60,0,60.5,18.3,2,풀옵션  투룸   도시가스  베란더있음  주차시설 단기가능,https://www.zigbang.com/home/apt/items/49519453
2026-07-03 07:25:03,빌라투룸,49519334,월세,04,강원도 강릉시 지변동,강릉시,지변동,300,60,0,56.2,17.0,3,방2 욕실2 풀옵션  도시가스  엘베 주차시설  단기도가능,https://www.zigbang.com/home/apt/items/49519334
2026-07-03 07:25:03,빌라투룸,49497650,월세,04,강원도 강릉시 교동,강릉시,교동,500,60,0,56,16.94,2,풀옵션투룸 강릉대 솔올중인근  남향  즉시입주,https://www.zigbang.com/home/apt/items/49497650
2026-07-03 07:25:03,빌라투룸,49262269,월세,04,강원도 강릉시 교동,강릉시,교동,500,65,0,65,19.66,2,풀옵션  투룸  주차장넓음   엘베있음 관리최상  즉시,https://www.zigbang.com/home/apt/items/49262269
2026-07-03 07:25:44,빌라투룸,49458842,전세,04,강원도 속초시 교동,속초시,교동,10000,0,0,78.87,23.86,5,주차편리한주인세대,https://www.zigbang.com/home/apt/items/49458842
2026-07-03 07:25:44,빌라투룸,49418773,월세,04,강원도 속초시 교동,속초시,교동,1000,55,0,50,15.12,3,투룸 풀옵션 즉시입주,https://www.zigbang.com/home/apt/items/49418773
2026-07-03 07:25:44,빌라투룸,49418765,매매,05,강원도 속초시 노학동,속초시,노학동,37000,0,37000,84,25.41,2,온천수가 나오는 테르바움 급급매,https://www.zigbang.com/home/apt/items/49418765
2026-07-03 07:25:44,빌라투룸,49380614,월세,04,강원도 속초시 교동,속초시,교동,500,70,0,50,15.12,3,방2개 거실1개 넓은구조 옵션완비,https://www.zigbang.com/home/apt/items/49380614
2026-07-03 07:25:44,빌라투룸,49350674,월세,04,강원도 속초시 교동,속초시,교동,500,58,0,49.59,15.0,2,경찰서 뒤 인기좋은 투룸,https://www.zigbang.com/home/apt/items/49350674
2026-07-03 07:25:44,빌라투룸,49554398,전세,04,강원도 속초시 청호동,속초시,청호동,8000,0,0,65,19.66,2,즉시입주가능 투룸,https://www.zigbang.com/home/apt/items/49554398
2026-07-03 07:25:44,빌라투룸,49470051,전세,04,강원도 속초시 영랑동,속초시,영랑동,7000,0,0,60,18.15,5,즉시입주가능합니다,https://www.zigbang.com/home/apt/items/49470051
2026-07-03 07:26:38,빌라투룸,49589683,월세,05,울산시 동구 방어동,동구,방어동,300,75,0,79.37,24.01,4,"전속,세입자만기전..방3,화2칸 기본옵션들.바다산책하기좋음",https://www.zigbang.com/home/apt/items/49589683
2026-07-03 07:26:38,빌라투룸,49562026,월세,05,울산시 동구 전하동,동구,전하동,1000,70,0,49.58,15.0,2,준신축급ㅣ방2화1ㅣ거실활용가능ㅣ풀옵션ㅣ,https://www.zigbang.com/home/apt/items/49562026
2026-07-03 07:26:38,빌라투룸,49559725,월세,05,울산시 동구 방어동,동구,방어동,500,70,0,76.03,23.0,2,"넓은거실, 방3개, 화장실2개, 깨끗한집.",https://www.zigbang.com/home/apt/items/49559725
2026-07-03 07:26:38,빌라투룸,49556345,월세,05,울산시 동구 화정동,동구,화정동,2000,91,0,140,42.35,4,V우수V 엄청 넓은 40평대 보증금조정가능,https://www.zigbang.com/home/apt/items/49556345
2026-07-03 07:26:38,빌라투룸,49541852,월세,04,울산시 동구 일산동,동구,일산동,500,49,0,55,16.64,3,홈플근방 풀옵션 구조좋은 거실주방 방2 베란다 컨디션좋아요,https://www.zigbang.com/home/apt/items/49541852
2026-07-03 07:26:38,빌라투룸,49497371,월세,04,울산시 동구 일산동,동구,일산동,4000,11,0,66.12,20.0,3,V우수V 방2거실1 방완전넓음,https://www.zigbang.com/home/apt/items/49497371
2026-07-03 07:26:38,빌라투룸,49494055,월세,05,울산시 동구 방어동,동구,방어동,1000,91,0,95.87,29.0,2,협의택지내 풀옵션,https://www.zigbang.com/home/apt/items/49494055
2026-07-03 07:26:38,빌라투룸,49473756,월세,04,울산시 동구 방어동,동구,방어동,1000,56,0,60,18.15,4,V우수V 꽃나루공원근처 탁트인뷰 이중주차안함,https://www.zigbang.com/home/apt/items/49473756
2026-07-03 07:26:38,빌라투룸,49462484,월세,04,울산시 동구 전하동,동구,전하동,500,46,0,56.2,17.0,3,V우수V 방2 주방깔끔함,https://www.zigbang.com/home/apt/items/49462484
2026-07-03 07:26:38,빌라투룸,49456551,월세,04,울산시 동구 전하동,동구,전하동,500,46,0,52,15.73,3,ꯁꯁ  일산초근처 컨디션좋고 가격좋은집 방2거실겸주방,https://www.zigbang.com/home/apt/items/49456551
2026-07-03 07:26:38,빌라투룸,49380112,월세,04,울산시 동구 일산동,동구,일산동,500,49,0,60,18.15,3,V우수V 깔끔한집 방마다 에어컨,https://www.zigbang.com/home/apt/items/49380112
2026-07-03 07:26:43,빌라투룸,49449597,월세,04,울산시 동구 전하동,동구,전하동,300,51,0,66.12,20.0,2,방2거실 방엄청넓음채광좋은남향,https://www.zigbang.com/home/apt/items/49449597
2026-07-03 07:26:43,빌라투룸,49584883,월세,04,울산시 북구 염포동,북구,염포동,500,51,0,50,15.12,2,방2 거실 풀옵션 실사진,https://www.zigbang.com/home/apt/items/49584883
2026-07-03 07:26:43,빌라투룸,49584344,월세,04,울산시 북구 염포동,북구,염포동,300,55,0,60,18.15,3,거실1 방2 풀옵션 7.3일 확인 실매물,https://www.zigbang.com/home/apt/items/49584344
2026-07-03 07:26:43,빌라투룸,49541818,월세,05,울산시 북구 염포동,북구,염포동,10000,50,0,117.1,35.42,4,주인세대 방3화장실2에어컨3 복층 보증금월세조정,https://www.zigbang.com/home/apt/items/49541818
2026-07-03 07:26:43,빌라투룸,49511212,월세,04,울산시 북구 염포동,북구,염포동,300,56,0,55,16.64,3,풀옵 염포동귀한 매물 큰방2  큰거실겸주방1  베란다집깨끗,https://www.zigbang.com/home/apt/items/49511212
2026-07-03 07:26:43,빌라투룸,49499627,월세,04,울산시 북구 염포동,북구,염포동,300,56,0,60.12,18.19,3,현차 출퇴근 용이. 풀옵션 컨디션 좋은 방2 거실1,https://www.zigbang.com/home/apt/items/49499627
2026-07-03 07:26:43,빌라투룸,49463881,월세,04,울산시 북구 양정동,북구,양정동,1000,51,0,55.12,16.67,2,현차 출퇴근 용이. 컨디션 좋은 방2 거실 부엌,https://www.zigbang.com/home/apt/items/49463881
2026-07-03 07:26:43,빌라투룸,49442165,월세,04,울산시 북구 염포동,북구,염포동,300,60,0,50,15.12,3,"염포동 방2,거실",https://www.zigbang.com/home/apt/items/49442165
2026-07-03 07:26:43,빌라투룸,49277255,월세,04,울산시 북구 염포동,북구,염포동,300,56,0,56.19,17.0,3,ㄴ귀한매물 방2거실 실사진 풀옵 현차출퇴근좋아요 서두르세요,https://www.zigbang.com/home/apt/items/49277255
2026-07-03 07:26:51,빌라투룸,49590424,월세,04,경상북도 포항시 북구 장성동,포항시 북구,장성동,500,41,0,55,16.64,2,상가주택 풀옵션 정투룸,https://www.zigbang.com/home/apt/items/49590424
2026-07-03 07:26:51,빌라투룸,49583590,월세,04,경상북도 포항시 북구 장성동,포항시 북구,장성동,300,36,0,60,18.15,4,두산위브인근 ㅡ 투룸ㅡ풀옵션,https://www.zigbang.com/home/apt/items/49583590
2026-07-03 07:26:51,빌라투룸,49581271,월세,04,경상북도 포항시 북구 양덕동,포항시 북구,양덕동,5000,40,0,49.59,15.0,2,양덕 하나로마트 길건너 정투룸 반전세,https://www.zigbang.com/home/apt/items/49581271
2026-07-03 07:26:51,빌라투룸,49569295,월세,04,경상북도 포항시 북구 장성동,포항시 북구,장성동,500,36,0,59,17.85,4,투룸ㅡ환호힐스테이트인근ㅡ 착한가격,https://www.zigbang.com/home/apt/items/49569295
2026-07-03 07:26:51,빌라투룸,49544810,월세,04,경상북도 포항시 북구 장성동,포항시 북구,장성동,500,46,0,62,18.75,2,투룸ㅡ두산위브ㅡ세탁기냉장고가능,https://www.zigbang.com/home/apt/items/49544810
2026-07-03 07:26:51,빌라투룸,49544702,전세,04,경상북도 포항시 북구 양덕동,포항시 북구,양덕동,5000,0,0,62.81,19.0,3,투룸ㅡ풀옵션ㅡ하나로마트,https://www.zigbang.com/home/apt/items/49544702
2026-07-03 07:26:51,빌라투룸,49509802,월세,04,경상북도 포항시 북구 장성동,포항시 북구,장성동,500,46,0,52.89,16.0,2,테라스 넓은 풀옵션 투룸 2인 거주 추천 채광 좋은 집,https://www.zigbang.com/home/apt/items/49509802
2026-07-03 07:26:51,빌라투룸,49482388,월세,04,경상북도 포항시 북구 장성동,포항시 북구,장성동,4000,51,0,85,25.71,4,엘베있는 남향 주인세대,https://www.zigbang.com/home/apt/items/49482388
2026-07-03 07:26:51,빌라투룸,49434424,월세,05,경상북도 포항시 북구 양덕동,포항시 북구,양덕동,3000,51,0,95.87,29.0,2,양덕초 인근 테라스가 있는 상가주택 주인세대,https://www.zigbang.com/home/apt/items/49434424
2026-07-03 07:26:51,빌라투룸,49428222,월세,05,경상북도 포항시 북구 장성동,포항시 북구,장성동,2000,51,0,125.4,37.93,4,"남향, 힐스테이트인근, 깔끔한, 주인세대",https://www.zigbang.com/home/apt/items/49428222
2026-07-03 07:26:51,빌라투룸,49418254,전세,04,경상북도 포항시 북구 장성동,포항시 북구,장성동,8000,0,0,59.5,18.0,2,두산위브부근 정투룸,https://www.zigbang.com/home/apt/items/49418254
2026-07-03 07:26:51,빌라투룸,49244591,월세,04,경상북도 포항시 북구 양덕동,포항시 북구,양덕동,5000,31,0,59.5,18.0,2,에어컨2대 풀옵션 정투룸,https://www.zigbang.com/home/apt/items/49244591
2026-07-03 07:28:21,오피스텔,49585180,월세,01,제주도 서귀포시 서귀동,서귀포시,서귀동,250,50,0,26,7.86,5,신축 오피스텔  위치 최고  전입가능,https://www.zigbang.com/home/apt/items/49585180
2026-07-03 07:28:21,오피스텔,49488901,월세,01,제주도 서귀포시 서귀동,서귀포시,서귀동,200,40,0,24,7.26,3,더그레이튼 중앙로터리부근 오피스텔,https://www.zigbang.com/home/apt/items/49488901
2026-07-03 07:28:21,오피스텔,49585289,월세,01,제주도 서귀포시 서귀동,서귀포시,서귀동,300,60,0,49.58,15.0,6,고급스러운 원,https://www.zigbang.com/home/apt/items/49585289
2026-07-03 07:28:21,오피스텔,49488902,월세,01,제주도 서귀포시 서귀동,서귀포시,서귀동,200,42,0,29.75,9.0,4,신축 건물  JS라메르 2차,https://www.zigbang.com/home/apt/items/49488902
2026-07-03 07:28:20,오피스텔,49479206,월세,01,제주도 서귀포시 중문동,서귀포시,중문동,200,40,0,35.56,10.76,2,남향 바다경관 최상. 풀옵션. 침대 시스템 에어컨 드럼세탁,https://www.zigbang.com/home/apt/items/49479206
2026-07-03 07:28:20,오피스텔,49460861,월세,02,제주도 서귀포시 중문동,서귀포시,중문동,200,45,0,49.6,15.0,3,남향 바다경관 최상. 분리형 1.5룸 방 거실 넓음,https://www.zigbang.com/home/apt/items/49460861
2026-07-03 07:28:20,오피스텔,49471030,월세,01,제주도 서귀포시 중문동,서귀포시,중문동,200,33,0,40.93,12.38,중,테라스 풀옵션 원룸,https://www.zigbang.com/home/apt/items/49471030
2026-07-03 07:28:20,오피스텔,49575513,월세,02,제주도 서귀포시 중문동,서귀포시,중문동,200,43,0,60.03,18.16,2,"방,거실 분리형",https://www.zigbang.com/home/apt/items/49575513
2026-07-03 07:28:20,오피스텔,49531360,매매,01,제주도 서귀포시 중문동,서귀포시,중문동,3800,0,3800,40.93,12.38,4,테라스 있음. 풀옵션. 침대 시스템 에어컨 드럼세탁기 냉장,https://www.zigbang.com/home/apt/items/49531360
2026-07-03 07:28:20,오피스텔,49460839,월세,01,제주도 서귀포시 중문동,서귀포시,중문동,200,35,0,41.69,12.61,6,테라스 있음. 동향 확트인 경관. 풀옵션. 침대,https://www.zigbang.com/home/apt/items/49460839
2026-07-03 07:28:20,오피스텔,49531328,월세,01,제주도 서귀포시 중문동,서귀포시,중문동,200,35,0,37.5,11.34,7,테라스 있음. 확트인 한라산 경관. 자주식 주차. 클린하우,https://www.zigbang.com/home/apt/items/49531328
2026-07-03 07:28:20,오피스텔,49575471,월세,02,제주도 서귀포시 중문동,서귀포시,중문동,200,39,0,49.6,15.0,저,단기가능.풀옵션 1.5룸,https://www.zigbang.com/home/apt/items/49575471
2026-07-03 07:28:21,오피스텔,49238997,월세,01,제주도 서귀포시 법환동,서귀포시,법환동,200,38,0,29.75,9.0,3,단기 3개월 가능,https://www.zigbang.com/home/apt/items/49238997
2026-07-03 07:28:21,오피스텔,49488905,월세,01,제주도 서귀포시 법환동,서귀포시,법환동,200,35,0,29.75,9.0,2,"이마트앞 오피스텔 , 단기 계약 가능",https://www.zigbang.com/home/apt/items/49488905
2026-07-03 07:28:21,오피스텔,49471040,월세,01,제주도 서귀포시 강정동,서귀포시,강정동,200,38,0,25,7.56,고,"단기가능,전입가능. 서귀포 이마트 인근 풀옵션 남향 원룸",https://www.zigbang.com/home/apt/items/49471040
2026-07-03 07:28:21,오피스텔,49585087,월세,01,제주도 서귀포시 강정동,서귀포시,강정동,200,35,0,22,6.65,3,서귀포 신시가지 저렴한 원룸,https://www.zigbang.com/home/apt/items/49585087
2026-07-03 07:28:21,오피스텔,49571360,월세,01,제주도 서귀포시 법환동,서귀포시,법환동,200,45,0,24.84,7.51,9,신시가지 중심지 풀옵션 오션뷰 오피스텔.,https://www.zigbang.com/home/apt/items/49571360
2026-07-03 07:28:21,오피스텔,49294938,월세,01,제주도 서귀포시 법환동,서귀포시,법환동,200,40,0,36.36,11.0,10,너무 큰 원룸  위치는 이마트앞  3개월 가능,https://www.zigbang.com/home/apt/items/49294938
2026-07-03 07:28:21,오피스텔,49372442,월세,01,제주도 서귀포시 강정동,서귀포시,강정동,200,38,0,29,8.77,8,베란다 있는 깨끗한 원룸,https://www.zigbang.com/home/apt/items/49372442
2026-07-03 07:28:21,오피스텔,49254843,월세,01,제주도 서귀포시 강정동,서귀포시,강정동,200,33,0,21,6.35,3,"전입가능,단기가능. 서귀포 이마트 인근 풀옵션 원룸",https://www.zigbang.com/home/apt/items/49254843
2026-07-03 07:28:21,오피스텔,49571347,매매,01,제주도 서귀포시 법환동,서귀포시,법환동,4500,0,4500,38.25,11.57,5,신시가지 중심지 풀옵션  오피스텔.,https://www.zigbang.com/home/apt/items/49571347
2026-07-03 07:28:21,오피스텔,49543193,월세,01,제주도 서귀포시 강정동,서귀포시,강정동,200,33,0,33.06,10.0,중,루스트 건물 풀옵션 원룸,https://www.zigbang.com/home/apt/items/49543193
2026-07-03 07:28:21,오피스텔,49372538,월세,01,제주도 서귀포시 법환동,서귀포시,법환동,200,30,0,29.75,9.0,2,깨끗하고 저렴한 원,https://www.zigbang.com/home/apt/items/49372538
2026-07-03 07:28:21,오피스텔,49459327,월세,01,제주도 서귀포시 법환동,서귀포시,법환동,200,35,0,25.26,7.64,2,신시가지 중심지 원룸 오피스텔,https://www.zigbang.com/home/apt/items/49459327
2026-07-03 07:28:26,오피스텔,49540729,전세,01,제주도 제주시 도두일동,제주시,도두일동,9600,0,0,33,9.98,8,도두블루파크시티 풀옵션 원룸 즉시입주 전세1순위 전망최상,https://www.zigbang.com/home/apt/items/49540729
2026-07-03 07:28:26,오피스텔,49515823,월세,01,제주도 제주시 연동,제주시,연동,300,47,0,30,9.07,중,베란다 I 전입가능 I 무료헬스장 I 풀옵션,https://www.zigbang.com/home/apt/items/49515823
2026-07-03 07:28:26,오피스텔,49446454,월세,01,제주도 제주시 연동,제주시,연동,200,50,0,25.74,7.79,중,스테이290 연동 신제주로터리 인근 풀옵션 생활숙박형 원룸,https://www.zigbang.com/home/apt/items/49446454
2026-07-03 07:28:26,오피스텔,49578166,월세,01,제주도 제주시 연동,제주시,연동,300,46,0,33.06,10.0,저,"New,,에코드 파리 찐 파리 감성,,.휘트니스,,빨래방",https://www.zigbang.com/home/apt/items/49578166
2026-07-03 07:28:26,오피스텔,48956959,월세,01,제주도 제주시 연동,제주시,연동,100,48,0,49.59,15.0,고,"단기, 주차 완벽, 헬스장무료이용",https://www.zigbang.com/home/apt/items/48956959
2026-07-03 07:28:26,오피스텔,49332344,월세,01,제주도 제주시 연동,제주시,연동,300,47,0,22.5,6.81,18,공항5분 즉시입주 단기가능 깨끗하고 가성비좋은 풀옵션원룸,https://www.zigbang.com/home/apt/items/49332344
2026-07-03 07:28:26,오피스텔,49245003,월세,01,제주도 제주시 연동,제주시,연동,100,42,0,33,9.98,저,단기가능 깔끔 관리 남향 원룸 임대,https://www.zigbang.com/home/apt/items/49245003
2026-07-03 07:28:26,오피스텔,49387809,월세,01,제주도 제주시 연동,제주시,연동,150,53,0,25.8,7.8,고,반려동물 단기가능 삼무공원사거리인근  깔끔한원룸 임대,https://www.zigbang.com/home/apt/items/49387809
2026-07-03 07:28:26,오피스텔,49198027,월세,01,제주도 제주시 연동,제주시,연동,100,43,0,32.73,9.9,고,"파격,공항10분, 단기 1개월도 월세 인상 없는 풀옵션원룸",https://www.zigbang.com/home/apt/items/49198027
2026-07-03 07:28:26,오피스텔,49499888,월세,01,제주도 제주시 연동,제주시,연동,200,45,0,29.6,8.95,9,에코드파리인기많은집6층.풀옵션오피스텔.발코니,https://www.zigbang.com/home/apt/items/49499888
2026-07-03 07:28:26,오피스텔,49431699,월세,01,제주도 제주시 연동,제주시,연동,200,48,0,29,8.77,12,삼무공원 에코드파리 풀옵션 원룸 컨디션 최상 전망 좋음 서,https://www.zigbang.com/home/apt/items/49431699
2026-07-03 07:28:26,오피스텔,49462292,월세,01,제주도 제주시 연동,제주시,연동,300,43,0,33.06,10.0,저,"세련된 에코드파리  풀옵션 ,단지내 휘트니스,빨래방",https://www.zigbang.com/home/apt/items/49462292
2026-07-03 07:28:26,오피스텔,49554443,월세,01,제주도 제주시 연동,제주시,연동,100,52,0,31.07,9.4,10,연동 제주국제공항 차량8분ㅣ애견ㅣ단기ㅣ모디움 C타입,https://www.zigbang.com/home/apt/items/49554443
2026-07-03 07:28:26,오피스텔,49382279,월세,02,제주도 제주시 연동,제주시,연동,300,48,0,35,10.59,저,풀옵션 분리형원룸 신제주로터리 인근,https://www.zigbang.com/home/apt/items/49382279
2026-07-03 07:28:26,오피스텔,49346314,월세,01,제주도 제주시 연동,제주시,연동,100,55,0,35,10.59,중,"단기가능,바다뷰 좋음, 깨끗하고 저렴한 풀옵션 원룸",https://www.zigbang.com/home/apt/items/49346314
2026-07-03 07:28:26,오피스텔,49585030,월세,01,제주도 제주시 연동,제주시,연동,200,50,0,27,8.17,5,브리타니삼성 홈타움 단기가능 신제주로터리 인근,https://www.zigbang.com/home/apt/items/49585030
2026-07-03 07:28:34,오피스텔,49543341,월세,01,제주도 서귀포시 동홍동,서귀포시,동홍동,200,40,0,26.44,8.0,중,플러스마트 옆 제이원타워,https://www.zigbang.com/home/apt/items/49543341
2026-07-03 07:28:39,오피스텔,48647905,월세,02,제주도 제주시 조천읍 신촌리,제주시,조천읍,100,75,0,62.25,18.83,3,조천읍 신촌리 신축 첫입주 풀옵션급 거실넓은 1.5룸 년세,https://www.zigbang.com/home/apt/items/48647905
2026-07-03 07:28:39,오피스텔,48529910,월세,01,제주도 제주시 조천읍 신촌리,제주시,조천읍,100,66,0,41.97,12.7,3,조천읍 신촌리 신축 막힘없는 풀옵션급 평수 넓은 원룸 년세,https://www.zigbang.com/home/apt/items/48529910
2026-07-03 07:28:39,오피스텔,49573350,월세,01,제주도 제주시 도련일동,제주시,도련일동,200,50,0,33.06,10.0,4,삼화지구 인근 깔끔 오피스텔,https://www.zigbang.com/home/apt/items/49573350
2026-07-03 07:32:52,오피스텔,49544848,월세,01,전남광주통합특별시 나주시 빛가람동,나주시,빛가람동,300,42,0,46.28,14.0,2,빛가람동 중흥메가티움2차 원룸 임대,https://www.zigbang.com/home/apt/items/49544848
2026-07-03 07:32:52,오피스텔,49243006,월세,04,전남광주시 나주시 빛가람동,나주시,빛가람동,3000,55,0,95.87,29.0,12,빛가람동 중흥메가티움 2차 2룸임대,https://www.zigbang.com/home/apt/items/49243006
2026-07-03 07:32:52,오피스텔,49140781,월세,04,전남광주시 나주시 빛가람동,나주시,빛가람동,1000,75,0,95.87,29.0,12,빛가람동 중흥메가티움 2룸 임대,https://www.zigbang.com/home/apt/items/49140781
2026-07-03 07:32:52,오피스텔,49261744,월세,04,전남광주시 광산구 송정동,광산구,송정동,500,60,0,79.33,24.0,고,도시형생활주택 월세,https://www.zigbang.com/home/apt/items/49261744
2026-07-03 07:32:52,오피스텔,49572823,월세,01,전남광주시 광산구 송정동,광산구,송정동,300,40,0,29.6,8.95,5,KORㅇ송정공원역5분ㅇ화이트톤ㅇ넉넉한수납공간ㅇ,https://www.zigbang.com/home/apt/items/49572823
2026-07-03 07:32:52,오피스텔,49458226,전세,01,전남광주시 광산구 송정동,광산구,송정동,4600,0,0,16.85,5.1,고,LH 전세  송정공원역 5분거리  도시형 생활주택,https://www.zigbang.com/home/apt/items/49458226
2026-07-03 07:32:52,오피스텔,49457476,월세,04,전남광주시 광산구 송정동,광산구,송정동,1000,70,0,88.61,26.8,중,"송정역 역세권 오피스텔   월세,전세",https://www.zigbang.com/home/apt/items/49457476
2026-07-03 07:32:52,오피스텔,49458239,전세,01,전남광주시 광산구 송정동,광산구,송정동,4630,0,0,16.82,5.09,중,LH 가능 송정공원역3분거리,https://www.zigbang.com/home/apt/items/49458239
2026-07-03 07:32:52,오피스텔,49170031,전세,01,전남광주시 광산구 송정동,광산구,송정동,4700,0,0,34.3,10.38,고,송정공원역 코앞  도시형생활주택 월세,https://www.zigbang.com/home/apt/items/49170031
2026-07-03 07:32:52,오피스텔,49562879,월세,01,전남광주시 광산구 송정동,광산구,송정동,300,37,0,38.97,11.79,중,풀옵션 도시형생활주택 월세,https://www.zigbang.com/home/apt/items/49562879
2026-07-03 07:32:52,오피스텔,49458346,월세,02,전남광주시 광산구 송정동,광산구,송정동,300,39,0,35.07,10.61,3,송정공원역 5분거리 신축급,https://www.zigbang.com/home/apt/items/49458346
2026-07-03 07:33:02,오피스텔,49497780,월세,01,전남광주시 여수시 웅천동,여수시,웅천동,200,42,0,49.84,15.08,2,시세대비 저렴한 2층세대,https://www.zigbang.com/home/apt/items/49497780
2026-07-03 07:33:02,오피스텔,49563541,월세,01,전남광주시 여수시 웅천동,여수시,웅천동,200,48,0,49.84,15.08,4,빌트인 가전 풀옵션 레지던스. 즉시입주,https://www.zigbang.com/home/apt/items/49563541
2026-07-03 07:33:05,오피스텔,49465769,월세,01,전남광주시 순천시 남정동,순천시,남정동,100,25,0,33.06,10.0,5,남정지역최대규모오피스텔 즉시입주가능11평형 200만월35만,https://www.zigbang.com/home/apt/items/49465769
2026-07-03 07:33:05,오피스텔,49465783,월세,01,전남광주시 순천시 풍덕동,순천시,풍덕동,300,38,0,36.36,11.0,중,순천시 풍덕동 홈플러스 부근 풀옵션 오피스텔 임대,https://www.zigbang.com/home/apt/items/49465783
2026-07-03 07:33:07,오피스텔,49282478,월세,01,전남광주시 광양시 마동,광양시,마동,300,42,0,36.45,11.03,4,"스마트시티 2차 A 타입 귀한 매물, 빠른 입주 가능해요.",https://www.zigbang.com/home/apt/items/49282478
2026-07-03 07:33:07,오피스텔,49279828,월세,01,전남광주시 광양시 마동,광양시,마동,500,45,0,36.45,11.03,8,신축 오피스텔 남향 이순신 대교 뷰 로열층 매물 추천해요,https://www.zigbang.com/home/apt/items/49279828
2026-07-03 07:33:07,오피스텔,49522887,월세,01,전남광주시 광양시 마동,광양시,마동,500,35,0,26.6,8.05,5,스마트시티 오피스텔 저렴한 북향 매물 입니다.,https://www.zigbang.com/home/apt/items/49522887
2026-07-03 07:33:07,오피스텔,49279870,월세,01,전남광주시 광양시 마동,광양시,마동,300,47,0,36.45,11.03,8,정남향 로열층 뷰 좋은 인기 8층 매물 풀옵션 인기 매물,https://www.zigbang.com/home/apt/items/49279870
2026-07-03 07:33:45,오피스텔,49588322,월세,03,경상남도 진주시 가좌동,진주시,가좌동,500,60,0,59.5,18.0,고,"실매물 신축 코아루웰가 풀옵션TV,침대 오피스텔 임대",https://www.zigbang.com/home/apt/items/49588322
2026-07-03 07:33:45,오피스텔,49559996,월세,03,경상남도 진주시 가좌동,진주시,가좌동,500,55,0,55.11,16.67,중,신진주 역세권 줌테라스 복층 단기가능,https://www.zigbang.com/home/apt/items/49559996
2026-07-03 07:33:45,오피스텔,49251095,월세,01,경상남도 진주시 가좌동,진주시,가좌동,500,45,0,49.59,15.0,중,ㅁ경상대 바로 앞 풀옵션 오피스텔 금방 나갑니다ㅁ,https://www.zigbang.com/home/apt/items/49251095
2026-07-03 07:33:45,오피스텔,49559872,월세,01,경상남도 진주시 가좌동,진주시,가좌동,500,50,0,33.06,10.0,고,신진주 역세권 줌시티 오피스텔 원룸형,https://www.zigbang.com/home/apt/items/49559872
2026-07-03 07:33:45,오피스텔,49326415,월세,03,경상남도 진주시 가좌동,진주시,가좌동,500,55,0,48.43,14.65,10,㉧ㅡ서빈No.1구해줘홈즈ㅡ㉧추천BEST꿀방,https://www.zigbang.com/home/apt/items/49326415
2026-07-03 07:33:45,오피스텔,49559917,월세,03,경상남도 진주시 가좌동,진주시,가좌동,500,55,0,27.63,8.36,11,가좌동 역세권 신축 복층 오피스텔,https://www.zigbang.com/home/apt/items/49559917
2026-07-03 07:33:45,오피스텔,49588351,월세,01,경상남도 진주시 가좌동,진주시,가좌동,500,55,0,66.31,20.06,중,ㅁ실매물ㅁ 신축 풀옵션 최고의 조건 오피스텔,https://www.zigbang.com/home/apt/items/49588351
2026-07-03 07:33:45,오피스텔,49526993,월세,02,경상남도 진주시 가좌동,진주시,가좌동,500,48,0,28.03,8.48,6,ㅁ대학생 강력 추천ㅁ정말 귀한 미켈란젤로 오피스텔 임대,https://www.zigbang.com/home/apt/items/49526993
2026-07-03 07:33:45,오피스텔,49559963,월세,01,경상남도 진주시 가좌동,진주시,가좌동,2000,30,0,30.91,9.35,3,㉧ㅡ8월중순입주가능ㅡ㉧추천BEST꿀방,https://www.zigbang.com/home/apt/items/49559963
2026-07-03 07:33:45,오피스텔,49564458,월세,01,경상남도 진주시 가좌동,진주시,가좌동,500,54,0,53.57,16.2,중,신진주역세권 인기최강 오피스텔 금방나갑니다,https://www.zigbang.com/home/apt/items/49564458
2026-07-03 07:33:45,오피스텔,49150496,월세,01,경상남도 진주시 가좌동,진주시,가좌동,500,50,0,66.31,20.06,4,ㅡ줌테라스ㅡ올전세도 가능,https://www.zigbang.com/home/apt/items/49150496
2026-07-03 07:33:45,오피스텔,49559945,월세,02,경상남도 진주시 가좌동,진주시,가좌동,1000,75,0,90.32,27.32,11,가좌동 역세권 신축 오피스텔 1.5룸 단기가능,https://www.zigbang.com/home/apt/items/49559945
2026-07-03 07:33:56,오피스텔,49567092,월세,01,경상남도 거제시 장승포동,거제시,장승포동,100,25,0,44.8,13.55,3,막힘없고 리모델링 마친 오피스텔입니다,https://www.zigbang.com/home/apt/items/49567092
2026-07-03 07:33:56,오피스텔,49562501,월세,02,경상남도 거제시 아주동,거제시,아주동,300,48,0,66.54,20.13,20,아주동 경동리인타워  즉시입주  확트인 전망 채광 굿,https://www.zigbang.com/home/apt/items/49562501
2026-07-03 07:33:56,오피스텔,49560331,월세,01,경상남도 거제시 아주동,거제시,아주동,300,40,0,39.59,11.98,중,아주동 최고위치 채광 굿 뻥뷰 경동리인타워 빠른입주,https://www.zigbang.com/home/apt/items/49560331
2026-07-03 07:33:56,오피스텔,49435500,월세,01,경상남도 거제시 아주동,거제시,아주동,300,35,0,46.28,14.0,중,아주동 경동리인타워 14평 월세,https://www.zigbang.com/home/apt/items/49435500
2026-07-03 07:33:56,오피스텔,49518282,월세,02,경상남도 거제시 옥포동,거제시,옥포동,300,36,0,50,15.12,저,오션플라자앞 보광오피스텔 렌탈풀집기 미니투룸 몸만오세요,https://www.zigbang.com/home/apt/items/49518282
2026-07-03 07:33:56,오피스텔,49450311,월세,04,경상남도 거제시 아주동,거제시,아주동,200,45,0,52.89,16.0,중,아주동 스타타워 투룸 월세,https://www.zigbang.com/home/apt/items/49450311
2026-07-03 07:33:56,오피스텔,49563192,월세,04,경상남도 거제시 아주동,거제시,아주동,500,43,0,63.01,19.06,저,아주동 씨앤스타빌 예쁜집  즉시입주,https://www.zigbang.com/home/apt/items/49563192
2026-07-03 07:33:56,오피스텔,49529325,월세,02,경상남도 거제시 아주동,거제시,아주동,300,50,0,62.81,19.0,고,아주동 경동리인타워 19평 월세,https://www.zigbang.com/home/apt/items/49529325
2026-07-03 07:33:56,오피스텔,49478507,월세,02,경상남도 거제시 아주동,거제시,아주동,200,45,0,49.59,15.0,20,...아주동 경동리인타워 분리형14평 월세...,https://www.zigbang.com/home/apt/items/49478507
2026-07-03 07:33:56,오피스텔,49546348,월세,01,경상남도 거제시 옥포동,거제시,옥포동,200,30,0,38.5,11.65,4,한화오션인근.도보출근 좋은 풀옵션 원룸,https://www.zigbang.com/home/apt/items/49546348
2026-07-03 07:33:56,오피스텔,49560975,월세,02,경상남도 거제시 아주동,거제시,아주동,300,50,0,56.3,17.03,고,아주동 경동리인타워 예쁜집 확트인 전망 즉시입주,https://www.zigbang.com/home/apt/items/49560975
2026-07-03 07:33:56,오피스텔,49561960,월세,02,경상남도 거제시 아주동,거제시,아주동,300,40,0,41.53,12.56,중,아주동 스타타워 오피스텔 즉시입주가능,https://www.zigbang.com/home/apt/items/49561960
2026-07-03 07:33:56,오피스텔,49450381,월세,02,경상남도 거제시 아주동,거제시,아주동,300,40,0,45.63,13.8,중,스타타워1차  분리형 원룸 월세,https://www.zigbang.com/home/apt/items/49450381
2026-07-03 07:33:56,오피스텔,49560684,월세,01,경상남도 거제시 아주동,거제시,아주동,200,38,0,39.59,11.98,13,거제 경동리인타워  확트인조망 아주동 최고위치,https://www.zigbang.com/home/apt/items/49560684
2026-07-03 07:33:56,오피스텔,49546292,월세,02,경상남도 거제시 옥포동,거제시,옥포동,200,38,0,32.8,9.92,4,오션프라자 도보3분. 엘베유 풀옵션 오피스텔,https://www.zigbang.com/home/apt/items/49546292
2026-07-03 07:33:56,오피스텔,49512423,월세,04,경상남도 거제시 옥포동,거제시,옥포동,300,40,0,80.17,24.25,저,대교2차오피스텔 도시가스 풀집기 방2 거실 투룸,https://www.zigbang.com/home/apt/items/49512423
2026-07-03 07:33:56,오피스텔,49485652,월세,04,경상남도 거제시 옥포동,거제시,옥포동,500,55,0,85.95,26.0,중,신축같은 오피스텔  신화더블루 방2 거실 주방  최고급옵션,https://www.zigbang.com/home/apt/items/49485652
2026-07-03 07:33:56,오피스텔,49554311,월세,04,경상남도 거제시 옥포동,거제시,옥포동,300,50,0,87.54,26.48,고,에이원 오피스텔 큰 정투룸 풀집기 몸만오세요,https://www.zigbang.com/home/apt/items/49554311
2026-07-03 07:33:56,오피스텔,49490782,월세,02,경상남도 거제시 옥포동,거제시,옥포동,300,40,0,62.8,19.0,고,옥포중심지 월드빌라 방1 넓은거실 베란다 풀집기 엘베사용,https://www.zigbang.com/home/apt/items/49490782
2026-07-03 07:33:56,오피스텔,49547278,월세,04,경상남도 거제시 옥포동,거제시,옥포동,500,60,0,79.42,24.02,5,"옥포동 메인, 오션프라자 도보 출근가능 신화더블루 오피스텔",https://www.zigbang.com/home/apt/items/49547278
2026-07-03 07:33:56,오피스텔,49554557,월세,05,경상남도 거제시 옥포동,거제시,옥포동,1000,50,0,110.02,33.28,고,옥포 보광오피스텔2차   풀집기 쓰리룸,https://www.zigbang.com/home/apt/items/49554557
2026-07-03 07:33:56,오피스텔,49408060,월세,04,경상남도 거제시 옥포동,거제시,옥포동,500,55,0,87.42,26.44,중,신화더블루 오피스텔 풀집기 방2 거실 몸만오세요,https://www.zigbang.com/home/apt/items/49408060
2026-07-03 07:33:56,오피스텔,49588117,월세,02,경상남도 거제시 옥포동,거제시,옥포동,300,43,0,68.31,20.66,12,신축오피스텔 렌탈풀집기 미니투룸 완전깔끔 단기가능,https://www.zigbang.com/home/apt/items/49588117
2026-07-03 07:33:56,오피스텔,49554983,월세,05,경상남도 거제시 옥포동,거제시,옥포동,500,60,0,118.58,35.87,중,보광센츄어리3차 오피스텔 방3 욕실2 쓰리룸,https://www.zigbang.com/home/apt/items/49554983
2026-07-03 07:33:56,오피스텔,49584772,월세,02,경상남도 거제시 옥포동,거제시,옥포동,300,50,0,82.54,24.97,고,신축 까멜리아오피스텔 방2 거실 주방 렌탈풀집기 아주깔끔,https://www.zigbang.com/home/apt/items/49584772
2026-07-03 07:33:59,오피스텔,49458621,전세,04,경상남도 창원시 진해구 용원동,창원시 진해구,용원동,11000,0,0,87.12,26.35,중,LH가능V귀한A타입V,https://www.zigbang.com/home/apt/items/49458621
2026-07-03 07:33:59,오피스텔,49539071,월세,04,경상남도 창원시 진해구 용원동,창원시 진해구,용원동,500,55,0,88.31,26.71,저,V테라스V복층2개V,https://www.zigbang.com/home/apt/items/49539071
2026-07-03 07:33:59,오피스텔,49539197,월세,04,경상남도 창원시 진해구 용원동,창원시 진해구,용원동,500,55,0,88.31,26.71,중,V멋진뷰V단기가능V남향V전입가능,https://www.zigbang.com/home/apt/items/49539197
2026-07-03 07:33:59,오피스텔,49401056,전세,01,부산시 강서구 송정동,강서구,송정동,9000,0,0,57.86,17.5,고,급전세 넓고 깔끔한 오피스텔,https://www.zigbang.com/home/apt/items/49401056
2026-07-03 07:33:59,오피스텔,49263231,월세,01,부산시 강서구 송정동,강서구,송정동,500,38,0,48.61,14.7,고,급월세  넓고 깔끔한 오피스텔,https://www.zigbang.com/home/apt/items/49263231
2026-07-03 07:33:59,오피스텔,49541028,월세,01,부산시 강서구 송정동,강서구,송정동,300,35,0,43.22,13.07,고,급월세  넓고 깔금한 원룸 오피스텔,https://www.zigbang.com/home/apt/items/49541028
2026-07-03 07:33:59,오피스텔,49470512,전세,01,부산시 강서구 송정동,강서구,송정동,9500,0,0,59,17.85,17,보증보험가입가능 전세자금대출가능,https://www.zigbang.com/home/apt/items/49470512
2026-07-03 07:33:59,오피스텔,49477297,월세,01,부산시 강서구 송정동,강서구,송정동,300,35,0,43.22,13.07,20,급월세  넓고 깔끔한  오피스텔,https://www.zigbang.com/home/apt/items/49477297
2026-07-03 07:33:59,오피스텔,49477293,월세,01,부산시 강서구 송정동,강서구,송정동,500,45,0,57.86,17.5,고,급월세  넓고 트임좋은 오피스텔 베란다있는 넓은집,https://www.zigbang.com/home/apt/items/49477293
2026-07-03 07:33:59,오피스텔,49477296,월세,01,부산시 강서구 송정동,강서구,송정동,300,35,0,44.33,13.41,14,급월세 깔끔하고 저렴한 오피스텔,https://www.zigbang.com/home/apt/items/49477296
2026-07-03 07:33:59,오피스텔,49310440,월세,01,부산시 강서구 송정동,강서구,송정동,300,35,0,46.17,13.97,고,급월세 넓고 깔끔한 원룸,https://www.zigbang.com/home/apt/items/49310440
2026-07-03 07:33:59,오피스텔,49506685,월세,01,부산시 강서구 신호동,강서구,신호동,300,30,0,46.01,13.92,중,"전입가능,명지오피스텔,청년,중소기업",https://www.zigbang.com/home/apt/items/49506685
2026-07-03 07:33:59,오피스텔,49321337,월세,01,부산시 강서구 신호동,강서구,신호동,300,30,0,51.22,15.49,중,급월세 일조권 좋고 트임 좋은 집,https://www.zigbang.com/home/apt/items/49321337
2026-07-03 07:33:59,오피스텔,49469951,월세,01,부산시 강서구 송정동,강서구,송정동,500,45,0,50.5,15.28,3,ꯁ송정동 신축 테라스 오피스텔l풀옵션 ꯁ,https://www.zigbang.com/home/apt/items/49469951
2026-07-03 07:33:59,오피스텔,49435994,월세,01,부산시 강서구 송정동,강서구,송정동,300,40,0,46.17,13.97,고,V빠른입주V전입가능V,https://www.zigbang.com/home/apt/items/49435994
2026-07-03 07:33:59,오피스텔,49350679,전세,01,부산시 강서구 송정동,강서구,송정동,6500,0,0,46.17,13.97,고,급전세 일조권 좋고 트임 좋은 오피스텔 원룸,https://www.zigbang.com/home/apt/items/49350679
2026-07-03 07:33:59,오피스텔,49589806,전세,01,부산시 강서구 송정동,강서구,송정동,6500,0,0,45.59,13.79,12,"전세대출가능,보증보험가능,7월말 입주가능",https://www.zigbang.com/home/apt/items/49589806
2026-07-03 07:34:00,오피스텔,49314829,월세,01,부산시 사하구 하단동,사하구,하단동,3000,28,0,29.95,9.06,고,경비실 입주민헬스장 고급,https://www.zigbang.com/home/apt/items/49314829
2026-07-03 07:34:00,오피스텔,49498964,월세,01,부산시 사하구 하단동,사하구,하단동,500,35,0,21.15,6.4,1,동아대입구 초가성비,https://www.zigbang.com/home/apt/items/49498964
2026-07-03 07:34:00,오피스텔,49380713,월세,01,부산시 사하구 하단동,사하구,하단동,500,38,0,31.72,9.6,5,통학꿀위치 정문앞,https://www.zigbang.com/home/apt/items/49380713
2026-07-03 07:33:59,오피스텔,49378028,월세,02,부산시 사하구 당리동,사하구,당리동,500,40,0,27.77,8.4,중,당리역1분 l 주방분리 l 넓은 원룸,https://www.zigbang.com/home/apt/items/49378028
2026-07-03 07:33:59,오피스텔,49407298,월세,01,부산시 사하구 당리동,사하구,당리동,300,35,0,33.06,10.0,6,I 대로변 I 구조좋음 I 인기방 I,https://www.zigbang.com/home/apt/items/49407298
2026-07-03 07:33:59,오피스텔,49440255,월세,01,부산시 사하구 당리동,사하구,당리동,2000,30,0,19.58,5.92,저,당리최고신축 수납좋은 깔끔오피스텔,https://www.zigbang.com/home/apt/items/49440255
2026-07-03 07:33:59,오피스텔,49515243,전세,04,부산시 사하구 하단동,사하구,하단동,16000,0,0,80.72,24.42,8,ㅣ보증보험가능ㅣ방2 거실1ㅣ,https://www.zigbang.com/home/apt/items/49515243
2026-07-03 07:33:59,오피스텔,49469598,월세,01,부산시 사하구 당리동,사하구,당리동,300,26,0,32.18,9.73,저,대로변 채광좋은 넓은방 주거비절약 오피스텔,https://www.zigbang.com/home/apt/items/49469598
2026-07-03 07:33:59,오피스텔,49573231,전세,01,부산시 사하구 당리동,사하구,당리동,5500,0,0,27.78,8.4,10,보증보험가입완료 v 채광 전망 좋은 호실,https://www.zigbang.com/home/apt/items/49573231
2026-07-03 07:33:59,오피스텔,49495924,월세,01,부산시 사하구 당리동,사하구,당리동,300,38,0,33.06,10.0,7,사하구청 인근위치 ㅁ 큰 도로변이라 안전,https://www.zigbang.com/home/apt/items/49495924
2026-07-03 07:33:59,오피스텔,49203591,월세,01,부산시 사하구 당리동,사하구,당리동,1000,33,0,27,8.17,11,당리에서 가장 신축인 곳 사진보다 실물이 넓어요,https://www.zigbang.com/home/apt/items/49203591
2026-07-03 07:33:59,오피스텔,49555556,월세,02,부산시 사하구 당리동,사하구,당리동,300,33,0,26.82,8.11,4,I 초역세권 I 경비실있음 I 풀옵션 I,https://www.zigbang.com/home/apt/items/49555556
2026-07-03 07:33:59,오피스텔,49443735,월세,01,부산시 사하구 당리동,사하구,당리동,300,35,0,271.32,82.07,9,o당리초역세권o넓은통유리o정남향o,https://www.zigbang.com/home/apt/items/49443735
2026-07-03 07:33:59,오피스텔,49443674,월세,02,부산시 사하구 당리동,사하구,당리동,300,33,0,26.09,7.89,중,o준신축o풀옵션o당리초역세권o,https://www.zigbang.com/home/apt/items/49443674
2026-07-03 07:33:59,오피스텔,49407276,월세,01,부산시 사하구 당리동,사하구,당리동,500,38,0,27.78,8.4,9,I 전세가능 I 위치대박 I,https://www.zigbang.com/home/apt/items/49407276
2026-07-03 07:33:59,오피스텔,49522289,전세,01,부산시 사하구 당리동,사하구,당리동,6000,0,0,28.35,8.58,고,보증보험 가입 ㅁ  즉시입주,https://www.zigbang.com/home/apt/items/49522289
2026-07-03 07:34:05,오피스텔,49386005,월세,01,전남광주시 광산구 우산동,광산구,우산동,200,30,0,44.47,13.45,7,ㅇ광주여대5분ㅇ드림시티ㅇ즉시입주가ㅇ내부넓음,https://www.zigbang.com/home/apt/items/49386005
2026-07-03 07:34:05,오피스텔,49505525,월세,01,전남광주시 광산구 우산동,광산구,우산동,300,35,0,38,11.49,12,도시형생활주택.,https://www.zigbang.com/home/apt/items/49505525
2026-07-03 07:34:05,오피스텔,49508040,전세,01,전남광주시 광산구 소촌동,광산구,소촌동,5500,0,0,39.67,12.0,2,ㅇLH가능ㅇ반려가ㅇ풀옵션ㅇ휘트니스센터ㅇ,https://www.zigbang.com/home/apt/items/49508040
2026-07-03 07:34:05,오피스텔,49501151,월세,01,전남광주시 광산구 소촌동,광산구,소촌동,300,40,0,39.66,12.0,고,tv.전자렌지포함 풀옵션 원룸형.,https://www.zigbang.com/home/apt/items/49501151
2026-07-03 07:34:05,오피스텔,49354245,전세,01,전남광주시 광산구 소촌동,광산구,소촌동,6400,0,0,39.66,12.0,고,풀옵션 .LH가능.주차장넓음,https://www.zigbang.com/home/apt/items/49354245
2026-07-03 07:34:05,오피스텔,49533621,월세,01,전남광주시 광산구 우산동,광산구,우산동,300,33,0,39.66,12.0,12,빌트인옵션 즉시 입주가능,https://www.zigbang.com/home/apt/items/49533621
2026-07-03 07:34:05,오피스텔,49253893,월세,01,전남광주시 광산구 우산동,광산구,우산동,300,35,0,42.97,13.0,고,42인치 티비 풀옵션 즉시입주가능,https://www.zigbang.com/home/apt/items/49253893
2026-07-03 07:34:05,오피스텔,49508021,월세,01,전남광주시 광산구 소촌동,광산구,소촌동,300,41,0,39.67,12.0,13,주차편리ㅇ반려가능ㅇ풀옵션ㅇ휘트니스센터ㅇ,https://www.zigbang.com/home/apt/items/49508021
2026-07-03 07:34:05,오피스텔,49520333,월세,03,전남광주시 서구 치평동,서구,치평동,300,35,0,52.57,15.9,16,"이중창, 빌트인, 개별냉난방, 바닥 난방, 즉시입주가능",https://www.zigbang.com/home/apt/items/49520333
2026-07-03 07:34:05,오피스텔,49520318,월세,03,전남광주시 서구 치평동,서구,치평동,300,37,0,52.57,15.9,9,"즉시입주가,바닥난방,이중창,내부깨끗,빌트인,침대",https://www.zigbang.com/home/apt/items/49520318
2026-07-03 07:34:05,오피스텔,49463725,월세,04,전남광주시 서구 치평동,서구,치평동,1000,95,0,96.73,29.26,고,조망최상 양창뷰 깨끗한집 방2 거실 화장실구조입니다,https://www.zigbang.com/home/apt/items/49463725
2026-07-03 07:34:05,오피스텔,49505751,월세,03,전남광주시 서구 치평동,서구,치평동,500,48,0,95.99,29.04,12,"이중창,개별냉난방, 바닥난방,즉시 입주가, 내부깨끗,빌트인",https://www.zigbang.com/home/apt/items/49505751
2026-07-03 07:34:05,오피스텔,49579566,월세,01,전남광주시 서구 치평동,서구,치평동,300,47,0,49.59,15.0,고,"고층 뷰의 전망 좋은 집,즉시 입주 가능,전입신고 가능",https://www.zigbang.com/home/apt/items/49579566
2026-07-03 07:34:05,오피스텔,49520370,월세,03,전남광주시 서구 치평동,서구,치평동,500,55,0,96,29.04,9,"사업자등록가,부가세별도,  즉시입주가능, 빌트인, 바닥난방",https://www.zigbang.com/home/apt/items/49520370
2026-07-03 07:34:05,오피스텔,49523586,월세,03,전남광주시 서구 치평동,서구,치평동,300,37,0,47.4,14.34,중,"내부 리모델링,  전입신고 가능한 정남향 복층형 오피스텔",https://www.zigbang.com/home/apt/items/49523586
2026-07-03 07:34:05,오피스텔,49520913,월세,01,전남광주시 서구 치평동,서구,치평동,500,45,0,49.59,15.0,중,예쁜공원조망 대출없음 전입가능 즉시입주가능해요,https://www.zigbang.com/home/apt/items/49520913
2026-07-03 07:34:05,오피스텔,49512525,월세,03,전남광주시 서구 치평동,서구,치평동,500,30,0,43.63,13.2,8,치평동 중심상권 복층형 풀옵션 오피스텔 즉시입주 주차편리,https://www.zigbang.com/home/apt/items/49512525
2026-07-03 07:34:05,오피스텔,49539395,월세,04,전남광주시 서구 치평동,서구,치평동,16000,15,0,131.38,39.74,중,"보증보험 가입가능한 반전세,풀옵션",https://www.zigbang.com/home/apt/items/49539395
2026-07-03 07:34:05,오피스텔,49580196,월세,01,전남광주시 서구 치평동,서구,치평동,500,45,0,49.59,15.0,고,"전입신고 가능하고, 방크고 깨끗한 오피스텔",https://www.zigbang.com/home/apt/items/49580196
2026-07-03 07:34:05,오피스텔,49315694,월세,01,전남광주시 서구 치평동,서구,치평동,2000,35,0,49.58,15.0,중,"전망 좋은 방향,내부완전 깨끗하고, 귀한 반전세 매물",https://www.zigbang.com/home/apt/items/49315694
2026-07-03 07:34:05,오피스텔,49463715,월세,04,전남광주시 서구 치평동,서구,치평동,1000,100,0,100.12,30.29,고,최상층 무등산까지 보이는 방2 거실 화장실구조입니다,https://www.zigbang.com/home/apt/items/49463715
2026-07-03 07:34:05,오피스텔,49520404,월세,03,전남광주시 서구 치평동,서구,치평동,500,43,0,71.74,21.7,9,"빌트인, 내부깨끗,이중창,바닥난방,에어컨교체",https://www.zigbang.com/home/apt/items/49520404
2026-07-03 07:34:05,오피스텔,49560309,전세,05,전남광주시 북구 양산동,북구,양산동,20000,0,0,169.09,51.15,5,"아파트형 오피스텔, 방3화징실2, 10월말입주가능",https://www.zigbang.com/home/apt/items/49560309
2026-07-03 07:34:05,오피스텔,49461705,월세,02,전남광주시 광산구 쌍암동,광산구,쌍암동,500,50,0,47.78,14.45,고,첨단 아파트형 오피스텔입니다.,https://www.zigbang.com/home/apt/items/49461705
2026-07-03 07:34:05,오피스텔,49449452,월세,03,전남광주시 광산구 월계동,광산구,월계동,1000,55,0,58.3,17.64,중,인기많은오피스텔 전입신고가능 입주일협의가능,https://www.zigbang.com/home/apt/items/49449452
2026-07-03 07:34:05,오피스텔,49493224,월세,02,전남광주시 광산구 월계동,광산구,월계동,500,54,0,44.75,13.54,중,거실1 방1 즉시입주,https://www.zigbang.com/home/apt/items/49493224
2026-07-03 07:34:05,오피스텔,49399882,월세,01,전남광주시 광산구 월계동,광산구,월계동,300,40,0,29.91,9.05,고,빠른입주가능한매물도있음 베란다있는  원룸형,https://www.zigbang.com/home/apt/items/49399882
2026-07-03 07:34:05,오피스텔,49238358,월세,01,전남광주시 광산구 쌍암동,광산구,쌍암동,500,40,0,40.16,12.15,중,SJ 서진부동산 믿을 수 있는 즉시입주가능  전입가능,https://www.zigbang.com/home/apt/items/49238358
2026-07-03 07:34:05,오피스텔,49555138,월세,03,전남광주시 광산구 월계동,광산구,월계동,500,60,0,53.72,16.25,고,"해를담은복층형2룸,최저가,가격좋음,구조좋음,입주일체크",https://www.zigbang.com/home/apt/items/49555138
2026-07-03 07:34:05,오피스텔,49549054,월세,02,전남광주통합특별시 광산구 월계동,광산구,월계동,500,55,0,37.69,11.4,5,R 첨단 제이지3차 R 풀옵션 l 신축오피 l 창2,https://www.zigbang.com/home/apt/items/49549054
2026-07-03 07:34:17,오피스텔,49319512,월세,03,전라북도 전주시 덕진구 금암동,전주시 덕진구,금암동,500,35,0,55.97,16.93,중,초대형오피스텔ㅇ전북대부근ㅇ가성비좋은ㅇ오피스텔ㅇ마감임박ㅇ인기,https://www.zigbang.com/home/apt/items/49319512
2026-07-03 07:34:17,오피스텔,49489017,월세,01,전라북도 전주시 덕진구 덕진동1가,전주시 덕진구,덕진동1가,500,60,0,54.41,16.46,고,세움오피스텔ㅇ편의시설ㅇ보안철저ㅇ편한주차ㅇ이쁨이쁨ㅇ최상급ㅇ짱,https://www.zigbang.com/home/apt/items/49489017
2026-07-03 07:34:17,오피스텔,49412925,월세,03,전라북도 전주시 덕진구 금암동,전주시 덕진구,금암동,500,35,0,50,15.12,중,㉧원룸 복층㉧ 엘베㉧ 저렴한 오피스텔㉧ 붙박이장,https://www.zigbang.com/home/apt/items/49412925
2026-07-03 07:34:17,오피스텔,49275417,월세,01,전라북도 전주시 완산구 서노송동,전주시 완산구,서노송동,300,55,0,22.6,6.84,저,중간크기v오피스텔v전망좋음v위치최상v탁트인뷰v최상의컨디션v,https://www.zigbang.com/home/apt/items/49275417
2026-07-03 07:34:31,오피스텔,49531989,월세,01,전라북도 군산시 나운동,군산시,나운동,200,27,0,51.18,15.48,10,임대오피스텔 8평형 200만원27만원,https://www.zigbang.com/home/apt/items/49531989
2026-07-03 07:34:31,오피스텔,49532003,월세,01,전라북도 군산시 나운동,군산시,나운동,200,25,0,62.84,19.01,14,오피스텔 9평형 25만원으로 바닥난방및 냉난방기등 풀옵션,https://www.zigbang.com/home/apt/items/49532003
2026-07-03 07:34:31,오피스텔,49532026,월세,01,전라북도 군산시 나운동,군산시,나운동,200,25,0,51.18,15.48,12,"오피스텔 월세25만원, 전망이 아름다움",https://www.zigbang.com/home/apt/items/49532026
2026-07-03 07:34:31,오피스텔,49531965,월세,01,전라북도 군산시 나운동,군산시,나운동,500,30,0,91.23,27.6,10,"남동향의 전망이 너무 아름다운 오피스텔, 사무실로 적합",https://www.zigbang.com/home/apt/items/49531965
2026-07-03 07:34:31,오피스텔,49531952,매매,01,전라북도 군산시 나운동,군산시,나운동,1800,0,1800,54.77,16.57,11,"오피스텔 매매 1800만원, 리모델링완료",https://www.zigbang.com/home/apt/items/49531952
2026-07-03 07:34:35,오피스텔,49393090,전세,05,전라북도 익산시 어양동,익산시,어양동,17000,0,0,125,37.81,중,"신축도시형생활주택,풀옵션,방3개,욕실2",https://www.zigbang.com/home/apt/items/49393090
2026-07-03 07:34:35,오피스텔,49479476,월세,04,전라북도 익산시 어양동,익산시,어양동,3000,80,0,125.92,38.09,14,"신축오피스텔,체육공원인접",https://www.zigbang.com/home/apt/items/49479476
2026-07-03 07:34:35,오피스텔,49393023,전세,04,전라북도 익산시 어양동,익산시,어양동,17000,0,0,127.09,38.44,18,"풀옵션신축오피스텔,즉시입주가능",https://www.zigbang.com/home/apt/items/49393023
2026-07-03 07:34:35,오피스텔,49499711,월세,03,전라북도 전주시 덕진구 송천동2가,전주시 덕진구,송천동2가,500,63,0,83.24,25.18,고,ㅇ전입신고가능ㅇ오피스텔ㅇ복층테라스ㅇ역세권ㅇ럭셔리ㅇ귀한매물,https://www.zigbang.com/home/apt/items/49499711
2026-07-03 07:34:38,오피스텔,49556692,월세,01,충청남도 논산시 취암동,논산시,취암동,1700,35,0,50,15.12,5,신축 오피스텔,https://www.zigbang.com/home/apt/items/49556692
2026-07-03 07:34:38,오피스텔,49588096,월세,01,충청남도 논산시 취암동,논산시,취암동,1000,47,0,36.36,11.0,7,전입신고가능오피스텔,https://www.zigbang.com/home/apt/items/49588096
2026-07-03 07:34:38,오피스텔,49548623,월세,01,충청남도 논산시 취암동,논산시,취암동,1000,47,0,28,8.47,7,1인1주차가능한에버그린,https://www.zigbang.com/home/apt/items/49548623
2026-07-03 07:34:38,오피스텔,49535780,월세,02,충청남도 논산시 내동,논산시,내동,500,50,0,62.81,19.0,4,오피스텔  월세1.5룸,https://www.zigbang.com/home/apt/items/49535780
2026-07-03 07:34:38,오피스텔,49437205,월세,01,충청남도 논산시 내동,논산시,내동,2000,30,0,28.1,8.5,6,신축 오피스텔입니다.,https://www.zigbang.com/home/apt/items/49437205
2026-07-03 07:34:38,오피스텔,49553942,월세,01,충청남도 논산시 취암동,논산시,취암동,1000,47,0,45,13.61,7,신축 오피스텔,https://www.zigbang.com/home/apt/items/49553942
2026-07-03 07:34:38,오피스텔,49587997,월세,01,충청남도 논산시 취암동,논산시,취암동,1500,47,0,46.28,14.0,8,보증보험가능한 건물..,https://www.zigbang.com/home/apt/items/49587997
2026-07-03 07:34:38,오피스텔,49251470,전세,01,충청남도 논산시 내동,논산시,내동,7000,0,0,46.02,13.92,중,신축 오피스텔,https://www.zigbang.com/home/apt/items/49251470
2026-07-03 07:34:45,오피스텔,49355183,월세,02,세종시 세종 해밀동,,해밀동,1000,80,0,52.99,16.03,4,"펜트라움1.5룸 월세,신축",https://www.zigbang.com/home/apt/items/49355183
2026-07-03 07:34:52,오피스텔,49307332,월세,04,대전시 대덕구 중리동,대덕구,중리동,14500,12,0,50,15.12,2,무융자 6월입주 건조기 투룸아파트 주,https://www.zigbang.com/home/apt/items/49307332
2026-07-03 07:34:52,오피스텔,49562140,전세,04,대전시 대덕구 중리동,대덕구,중리동,16000,0,0,58.32,17.64,중,"무융자 HUG 보증보험가능, 큰투룸,건조기 시스템에어컨2대",https://www.zigbang.com/home/apt/items/49562140
2026-07-03 07:34:52,오피스텔,49588387,월세,01,대전시 서구 둔산동,서구,둔산동,300,42,0,33.05,10.0,고,"시청역,법원 2분거리 풀옵션 원룸",https://www.zigbang.com/home/apt/items/49588387
2026-07-03 07:34:52,오피스텔,49338991,월세,01,대전시 서구 둔산동,서구,둔산동,300,42,0,29.75,9.0,고,시청역 6번출구 앞 풀옵션원룸,https://www.zigbang.com/home/apt/items/49338991
2026-07-03 07:34:52,오피스텔,48345023,월세,01,대전시 서구 둔산동,서구,둔산동,500,55,0,36.36,11.0,중,시청역1분 신축풀옵션 채광좋은 넓은방 건조기 스타일러 포함,https://www.zigbang.com/home/apt/items/48345023
2026-07-03 07:34:52,오피스텔,49588234,월세,01,대전시 서구 둔산동,서구,둔산동,300,42,0,29.81,9.02,9,둔산동 시청역 2분 풀옵션 원룸,https://www.zigbang.com/home/apt/items/49588234
2026-07-03 07:34:52,오피스텔,49528688,월세,01,대전시 서구 둔산동,서구,둔산동,300,36,0,39.13,11.84,고,v 둔산동 오피스텔 시청역 초인접 v,https://www.zigbang.com/home/apt/items/49528688
2026-07-03 07:34:52,오피스텔,49341463,월세,01,대전시 서구 둔산동,서구,둔산동,300,40,0,22.64,6.85,고,"ㅡㅡ 오늘의 집 ㅡㅡ단기가능,시청역앞,법원앞,교통편리",https://www.zigbang.com/home/apt/items/49341463
2026-07-03 07:34:52,오피스텔,49339011,월세,01,대전시 서구 둔산동,서구,둔산동,500,60,0,30.08,9.1,고,시청역 2분거리 풀옵션 신축 원룸,https://www.zigbang.com/home/apt/items/49339011
2026-07-03 07:34:52,오피스텔,49528677,월세,01,대전시 서구 둔산동,서구,둔산동,300,36,0,37.74,11.42,7,V 뷰좋은시청역코앞 경비원안전한건물 편의점식당 편의시설V,https://www.zigbang.com/home/apt/items/49528677
2026-07-03 07:34:52,오피스텔,49446976,월세,01,대전시 서구 둔산동,서구,둔산동,300,42,0,31.12,9.41,9,vv마스터vv 역세권 깔끔한 풀옵션 오피스텔,https://www.zigbang.com/home/apt/items/49446976
2026-07-03 07:34:52,오피스텔,49588370,월세,01,대전시 서구 둔산동,서구,둔산동,300,42,0,33.05,10.0,고,시청역 2분 풀옵션 원룸,https://www.zigbang.com/home/apt/items/49588370
2026-07-03 07:34:52,오피스텔,49338437,월세,01,대전시 서구 둔산동,서구,둔산동,500,55,0,30.26,9.15,3,vv마스터vv 신축오피스텔 건조기 스타일러 옵션 역세권,https://www.zigbang.com/home/apt/items/49338437
2026-07-03 07:34:52,오피스텔,49528682,월세,01,대전시 서구 둔산동,서구,둔산동,300,38,0,37.74,11.42,5,v 시청역 둔산동 오피스텔 안전하고 편의점 바로인접 v,https://www.zigbang.com/home/apt/items/49528682
2026-07-03 07:34:54,오피스텔,49545519,월세,03,대전시 유성구 관평동,유성구,관평동,500,66,0,74.9,22.66,8,"신축,중앙하이츠.조용함,주차시설굿.3평 여유공간 으로 사용",https://www.zigbang.com/home/apt/items/49545519
2026-07-03 07:34:54,오피스텔,49590015,월세,01,대전시 유성구 관평동,유성구,관평동,500,35,0,23.15,7.0,2,ㅡ한솔랜드 추천ㅡ교통과 생활권이 편리한 오피스텔형 풀옵션원,https://www.zigbang.com/home/apt/items/49590015
2026-07-03 07:34:54,오피스텔,49529574,월세,01,대전시 유성구 관평동,유성구,관평동,500,50,0,231.4,70.0,7,"즉시입주  한신에스메카 오피스텔.,전망굿, 조용함",https://www.zigbang.com/home/apt/items/49529574
2026-07-03 07:34:54,오피스텔,49545253,월세,04,대전시 유성구 관평동,유성구,관평동,500,65,0,95.86,29.0,10,귀한 투룸 월세.현대아울렛인근거리.,https://www.zigbang.com/home/apt/items/49545253
2026-07-03 07:34:54,오피스텔,49545475,월세,02,대전시 유성구 관평동,유성구,관평동,500,60,0,71,21.48,6,"전입신고  가능,대출무 ,1,5룸  귀한월세,주차시설굿",https://www.zigbang.com/home/apt/items/49545475
2026-07-03 07:34:54,오피스텔,49545360,월세,01,대전시 유성구 관평동,유성구,관평동,500,50,0,96,29.04,7,"넓고,밝은,조용하고 편리한 오피스텔.대형마트 인접.",https://www.zigbang.com/home/apt/items/49545360
2026-07-03 07:34:54,오피스텔,49354583,월세,01,세종시 세종 대평동,,대평동,500,55,0,59.13,17.89,7,단기가능.7월중입주가능. 전입X,https://www.zigbang.com/home/apt/items/49354583
2026-07-03 07:34:54,오피스텔,49532516,월세,01,세종시 세종 대평동,,대평동,500,57,0,59.13,17.89,중,세종터미널 인근 교통편리한 깔끔한 오피스텔,https://www.zigbang.com/home/apt/items/49532516
2026-07-03 07:34:54,오피스텔,49323303,전세,01,세종시 세종 대평동,,대평동,8000,0,0,59.13,17.89,6,8월말입주.전입및대출가능.전세권설정가능.,https://www.zigbang.com/home/apt/items/49323303
2026-07-03 07:34:54,오피스텔,49495970,월세,01,세종시 세종 대평동,,대평동,500,55,0,38.23,11.56,8,"8월25일 협의입주,터미널 도보,신축 풀옵션,관리비저렴",https://www.zigbang.com/home/apt/items/49495970
2026-07-03 07:34:54,오피스텔,49354493,월세,01,세종시 세종 대평동,,대평동,500,55,0,56.11,16.97,5,8월초입주. 전입신고X.,https://www.zigbang.com/home/apt/items/49354493
2026-07-03 07:34:54,오피스텔,49233292,월세,01,대전시 유성구 반석동,유성구,반석동,500,45,0,29.75,9.0,6,신축형 주거용 오피스텔원룸 풀옵션 반석역,https://www.zigbang.com/home/apt/items/49233292
2026-07-03 07:34:54,오피스텔,49416398,월세,01,대전시 유성구 반석동,유성구,반석동,500,50,0,23.15,7.0,6,신축형 주거용 오피스텔원룸 풀옵션 반석역,https://www.zigbang.com/home/apt/items/49416398
2026-07-03 07:34:54,오피스텔,49233250,월세,01,대전시 유성구 반석동,유성구,반석동,500,45,0,25,7.56,4,반석동 최고의매물 주거용오피스텔 이제 확인하세요,https://www.zigbang.com/home/apt/items/49233250
2026-07-03 07:34:54,오피스텔,49445116,월세,04,대전시 대덕구 덕암동,대덕구,덕암동,3000,80,0,60,18.15,6,23 신축 투룸아파트 건조기 티비 풀옵션 주차 전세문의,https://www.zigbang.com/home/apt/items/49445116
2026-07-03 07:34:59,오피스텔,49389642,월세,01,경상남도 진주시 평거동,진주시,평거동,300,35,0,35,10.59,3,㉧ㅡ서빈No.1구해줘홈즈ㅡ㉧추천BEST꿀방,https://www.zigbang.com/home/apt/items/49389642
2026-07-03 07:34:59,오피스텔,49434598,월세,03,경상남도 진주시 평거동,진주시,평거동,1000,60,0,66.12,20.0,8,㉧ㅡ서빈No.1구해줘홈즈ㅡ㉧추천BEST꿀방,https://www.zigbang.com/home/apt/items/49434598
2026-07-03 07:34:59,오피스텔,49529735,월세,01,경상남도 진주시 충무공동,진주시,충무공동,500,55,0,42.97,13.0,중,㉧ㅡ서빈No.1구해줘홈즈ㅡ㉧추천BEST꿀방,https://www.zigbang.com/home/apt/items/49529735
2026-07-03 07:34:59,오피스텔,49487573,월세,01,경상남도 진주시 충무공동,진주시,충무공동,500,50,0,50.62,15.31,7,배란다 넓은 전망좋은 방,https://www.zigbang.com/home/apt/items/49487573
2026-07-03 07:34:59,오피스텔,49487771,월세,01,경상남도 진주시 충무공동,진주시,충무공동,500,45,0,44.67,13.51,6,베란다 넓은 깨끗한 방,https://www.zigbang.com/home/apt/items/49487771
2026-07-03 07:35:04,오피스텔,49436495,전세,02,경상남도 창원시 마산회원구 양덕동,창원시 마산회원구,양덕동,5500,0,0,54.69,16.54,6,마산 수출공단 인근 방1 거실1,https://www.zigbang.com/home/apt/items/49436495
2026-07-03 07:35:04,오피스텔,49510436,월세,01,경상남도 창원시 마산회원구 합성동,창원시 마산회원구,합성동,150,35,0,26.45,8.0,2,합성동  단기가능 풀옵션 티비 인터넷완비,https://www.zigbang.com/home/apt/items/49510436
2026-07-03 07:35:04,오피스텔,49461452,월세,01,경상남도 창원시 의창구 중동,창원시 의창구,중동,1000,70,0,77.28,23.38,18,풀옵션 원룸형 주거용 오피스텔,https://www.zigbang.com/home/apt/items/49461452
2026-07-03 07:35:04,오피스텔,49271210,전세,04,경상남도 창원시 의창구 중동,창원시 의창구,중동,26000,0,0,144.47,43.7,21,투룸 풀옵션  선호도 높은 B타입,https://www.zigbang.com/home/apt/items/49271210
2026-07-03 07:35:04,오피스텔,49411756,월세,04,경상남도 창원시 의창구 중동,창원시 의창구,중동,2000,120,0,144.1,43.59,15,투룸 풀옵션 즉시 입주,https://www.zigbang.com/home/apt/items/49411756
2026-07-03 07:35:04,오피스텔,49258558,월세,01,경상남도 창원시 의창구 팔용동,창원시 의창구,팔용동,500,55,0,45.35,13.72,23,신축 창원역인근 신화더플렉스시티 깔끔한 옵션,https://www.zigbang.com/home/apt/items/49258558
2026-07-03 07:35:04,오피스텔,49484855,매매,02,경상남도 창원시 의창구 중동,창원시 의창구,중동,24000,0,24000,106.58,32.24,14,1.5룸 방1 거실1  2인 또는 1인거주 직접 입주가능,https://www.zigbang.com/home/apt/items/49484855
2026-07-03 07:35:04,오피스텔,49581143,매매,01,경상남도 창원시 의창구 명서동,창원시 의창구,명서동,6200,0,6200,49.59,15.0,10,"이쁘고 아주밝은 완전풀옵션 아주큰방 
뷰가이쁜집 즉시입주",https://www.zigbang.com/home/apt/items/49581143
2026-07-03 07:35:04,오피스텔,49560298,월세,01,경상남도 창원시 의창구 팔용동,창원시 의창구,팔용동,500,35,0,49.58,15.0,2,8월 입주 애완동물 가능,https://www.zigbang.com/home/apt/items/49560298
2026-07-03 07:35:04,오피스텔,49581131,월세,01,경상남도 창원시 의창구 명서동,창원시 의창구,명서동,300,35,0,42.98,13.0,8,"이쁘고 아주밝은 완전풀옵션 주차완비 
헬스장 전망좋은집",https://www.zigbang.com/home/apt/items/49581131
2026-07-03 07:35:04,오피스텔,49565795,매매,01,경상남도 창원시 의창구 봉곡동,창원시 의창구,봉곡동,5200,0,5200,46.28,14.0,5,"이쁘고 아주밝은 아주큰방  즉시입주 풀옵션
마트옆 주차완비",https://www.zigbang.com/home/apt/items/49565795
2026-07-03 07:35:04,오피스텔,49581134,월세,01,경상남도 창원시 의창구 봉곡동,창원시 의창구,봉곡동,300,35,0,49.59,15.0,5,"이쁘고 아주밝은 완전풀옵션 아주큰방 주변상권좋음 
조용한방",https://www.zigbang.com/home/apt/items/49581134
2026-07-03 07:35:13,오피스텔,49584464,월세,01,대구시 달서구 두류동,달서구,두류동,500,46,0,50,15.12,9,특급가성비추천 방이뻐요 전입0 조절가 인프라 풀옵션적극추천,https://www.zigbang.com/home/apt/items/49584464
2026-07-03 07:35:13,오피스텔,49528432,월세,01,대구시 남구 대명동,남구,대명동,500,37,0,36.96,11.18,고,영부 1.원룸형 3.반려동물 3.전입신고 4.귀한 일반세대,https://www.zigbang.com/home/apt/items/49528432
2026-07-03 07:35:12,오피스텔,49548209,월세,01,대구시 달서구 이곡동,달서구,이곡동,500,50,0,39.67,12.0,고,원룸형 오피스텔 쇼핑월드 성서산단역 1분,https://www.zigbang.com/home/apt/items/49548209
2026-07-03 07:35:12,오피스텔,49548822,월세,04,대구시 달서구 이곡동,달서구,이곡동,500,65,0,98.72,29.86,중,"주거용, 전입가능, 둘이 살기 좋아요. 복층형, 거실.",https://www.zigbang.com/home/apt/items/49548822
2026-07-03 07:35:12,오피스텔,49547920,월세,04,대구시 달서구 이곡동,달서구,이곡동,500,65,0,95.87,29.0,저,초 역세권 오피스텔 복층 형 풀옵션,https://www.zigbang.com/home/apt/items/49547920
2026-07-03 07:35:13,오피스텔,49349900,매매,01,경상남도 김해시 신문동,김해시,신문동,10000,0,10000,27.86,8.43,중,"기존 분양보다 저렴한 분양가, 집보기예약",https://www.zigbang.com/home/apt/items/49349900
2026-07-03 07:35:13,오피스텔,49544100,월세,01,경상남도 김해시 신문동,김해시,신문동,500,55,0,27.86,8.43,중,"에어컨,냉장고,세탁기,전입가능",https://www.zigbang.com/home/apt/items/49544100
2026-07-03 07:35:13,오피스텔,49468549,전세,02,경상남도 김해시 신문동,김해시,신문동,15000,0,0,49.53,14.98,중,"에어컨,냉장고,세탁기,전입가능,",https://www.zigbang.com/home/apt/items/49468549
2026-07-03 07:35:13,오피스텔,49349852,전세,04,경상남도 김해시 신문동,김해시,신문동,18000,0,0,66.8,20.21,고,"에어컨,세탁기,냉장고,전입가능",https://www.zigbang.com/home/apt/items/49349852
2026-07-03 07:35:13,오피스텔,49544038,월세,04,경상남도 김해시 신문동,김해시,신문동,2000,80,0,66.8,20.21,중,"에어컨,냉장고,세탁기,전입가능",https://www.zigbang.com/home/apt/items/49544038
2026-07-03 07:35:14,오피스텔,49433790,월세,01,경상남도 김해시 진영읍 여래리,김해시,진영읍,500,41,0,42.98,13.0,7,II 고급오피스텔 II 채광환기짱짱 II,https://www.zigbang.com/home/apt/items/49433790
2026-07-03 07:35:14,오피스텔,49426914,월세,01,경상남도 김해시 진영읍 여래리,김해시,진영읍,500,41,0,46.28,14.0,고,II 고급오피스텔 II 채광환기짱짱 II,https://www.zigbang.com/home/apt/items/49426914
2026-07-03 07:35:14,오피스텔,49486590,월세,01,경상남도 김해시 진영읍 여래리,김해시,진영읍,500,42,0,49.37,14.93,8,즉시입주도 가능,https://www.zigbang.com/home/apt/items/49486590
2026-07-03 07:35:14,오피스텔,49433788,월세,01,경상남도 김해시 진영읍 여래리,김해시,진영읍,300,30,0,33.06,10.0,7,II 오피스텔 II 채광환기양호 II,https://www.zigbang.com/home/apt/items/49433788
2026-07-03 07:35:14,오피스텔,49281949,월세,01,경상남도 김해시 진영읍 여래리,김해시,진영읍,500,43,0,42.59,12.88,4,테라스 있는 빠른 입주,https://www.zigbang.com/home/apt/items/49281949
2026-07-03 07:35:14,오피스텔,49486162,월세,01,경상남도 김해시 진영읍 여래리,김해시,진영읍,500,42,0,49.37,14.93,7,7월초입주가능,https://www.zigbang.com/home/apt/items/49486162
2026-07-03 07:35:14,오피스텔,49486636,월세,01,경상남도 김해시 진영읍 여래리,김해시,진영읍,500,43,0,49.37,14.93,7,7월초입주가능,https://www.zigbang.com/home/apt/items/49486636
2026-07-03 07:35:14,오피스텔,49281883,월세,01,경상남도 김해시 진영읍 여래리,김해시,진영읍,500,43,0,49.37,14.93,6,원룸형 오피스텔 입주일협의,https://www.zigbang.com/home/apt/items/49281883
2026-07-03 07:35:14,오피스텔,49515076,월세,01,경상남도 김해시 부원동,김해시,부원동,300,45,0,42.98,13.0,8,"부역원인근,준신축원룸,반려동물가능",https://www.zigbang.com/home/apt/items/49515076
2026-07-03 07:35:14,오피스텔,49587509,월세,05,경상남도 김해시 내동,김해시,내동,2000,65,0,106.3,32.16,5,"준신축오피스텔,반려동물가능,방3화장실2",https://www.zigbang.com/home/apt/items/49587509
2026-07-03 07:35:14,오피스텔,49472040,월세,04,경상남도 김해시 내동,김해시,내동,1000,70,0,104.73,31.68,고,NO.1내외동 최고고컬리티VV주상복합오피스텔VV경보더숨시티,https://www.zigbang.com/home/apt/items/49472040
2026-07-03 07:35:14,오피스텔,49586963,월세,04,경상남도 김해시 내동,김해시,내동,5000,50,0,65.39,19.78,13,"박물관역인근,준신축,반려동물가능소형견",https://www.zigbang.com/home/apt/items/49586963
2026-07-03 07:35:14,오피스텔,49556777,월세,02,경상남도 김해시 부원동,김해시,부원동,500,60,0,59.6,18.03,4,"역인근,반려동물가능,준신축,방1거실분리형",https://www.zigbang.com/home/apt/items/49556777
2026-07-03 07:35:14,오피스텔,49320968,월세,02,경상남도 김해시 내동,김해시,내동,1000,55,0,62.15,18.8,4,NO.1신축오피스텔VV경보더숨시티VV주차편리VV역세권VV,https://www.zigbang.com/home/apt/items/49320968
2026-07-03 07:35:14,오피스텔,49410583,월세,04,경상남도 김해시 내동,김해시,내동,2000,65,0,104.74,31.68,9,NO.1경보더숨시티VV신축오피스텔VV방2개넓은거실VV풀옵션,https://www.zigbang.com/home/apt/items/49410583
2026-07-03 07:35:14,오피스텔,49462542,월세,02,경상남도 김해시 외동,김해시,외동,3000,50,0,66.18,20.02,11,"신세계,이마트,역인근,준신축분리형",https://www.zigbang.com/home/apt/items/49462542
2026-07-03 07:35:14,오피스텔,49488254,월세,01,경상남도 김해시 삼계동,김해시,삼계동,300,45,0,48,14.52,고,초특가oO코아루오피스텔Oo 보증금월세 조절가능,https://www.zigbang.com/home/apt/items/49488254
2026-07-03 07:35:14,오피스텔,49309688,월세,01,경상남도 김해시 삼계동,김해시,삼계동,100,28,0,44.22,13.38,고,"oO올리모델링 오피스텔Oo초특가,방범,보안아주좋아요",https://www.zigbang.com/home/apt/items/49309688
2026-07-03 07:35:14,오피스텔,49240526,월세,04,경상남도 김해시 삼계동,김해시,삼계동,1000,55,0,69.1,20.9,10,당일등록 아주귀한 매물초특가 급매물,https://www.zigbang.com/home/apt/items/49240526
2026-07-03 07:35:14,오피스텔,49510371,월세,02,경상남도 김해시 삼계동,김해시,삼계동,500,52,0,59.89,18.12,고,oO코아루오피스텔Oo 보증금월세 다양하게 입주가능,https://www.zigbang.com/home/apt/items/49510371
2026-07-03 07:35:14,오피스텔,49582507,월세,04,경상남도 김해시 삼계동,김해시,삼계동,500,50,0,61.48,18.6,4,oO집주인사정상 초급매Oo 먼저하시는분임자입니다 급급매물,https://www.zigbang.com/home/apt/items/49582507
2026-07-03 07:35:15,오피스텔,49512031,월세,02,부산시 북구 금곡동,북구,금곡동,500,50,0,59.5,18.0,3,방  거실  마감임박,https://www.zigbang.com/home/apt/items/49512031
2026-07-03 07:35:15,오피스텔,49501423,월세,01,부산시 북구 금곡동,북구,금곡동,500,52,0,48.05,14.54,5,II 압도하다 I 화이트톤 I 비교불가 II,https://www.zigbang.com/home/apt/items/49501423
2026-07-03 07:35:15,오피스텔,49574856,월세,01,경상남도 양산시 물금읍 범어리,양산시,물금읍,5700,10,0,54.51,16.49,9,"인기 좋은 오피스텔 원룸. 전세대출, 보증보험 가입가능.",https://www.zigbang.com/home/apt/items/49574856
2026-07-03 07:35:15,오피스텔,49350995,월세,05,경상남도 양산시 물금읍 범어리,양산시,물금읍,1000,70,0,94.98,28.73,중,"업무용임,남향,즉시입주,풀옵션,초역세권,이쁜구조,주차",https://www.zigbang.com/home/apt/items/49350995
2026-07-03 07:35:15,오피스텔,49578044,월세,01,경상남도 양산시 물금읍 범어리,양산시,물금읍,500,45,0,54.51,16.49,저,인기 좋은 오피스텔 원룸.,https://www.zigbang.com/home/apt/items/49578044
2026-07-03 07:35:15,오피스텔,49291374,월세,05,경상남도 양산시 물금읍 범어리,양산시,물금읍,1000,70,0,91.14,27.57,고,"채광및전망굿,북동향,8월중순입주,풀옵션,초역세권,주차확실",https://www.zigbang.com/home/apt/items/49291374
2026-07-03 07:35:15,오피스텔,49584005,전세,05,경상남도 양산시 물금읍 범어리,양산시,물금읍,13000,0,0,91.14,27.57,중,"귀한전세,채광및조망굿,남서향,즉시입주가능,풀옵션,초역세권,",https://www.zigbang.com/home/apt/items/49584005
2026-07-03 07:35:15,오피스텔,49549003,월세,04,경상남도 양산시 물금읍 범어리,양산시,물금읍,2000,50,0,94.7,28.65,저,방2개. 구조 좋고 채광 좋은 쓰리룸,https://www.zigbang.com/home/apt/items/49549003
2026-07-03 07:35:15,오피스텔,49328818,전세,05,경상남도 양산시 물금읍 범어리,양산시,물금읍,13500,0,0,91.14,27.57,고,"채광및조망굿,남동향7월입주,풀옵션,초역세권,전세자금대출가능",https://www.zigbang.com/home/apt/items/49328818
2026-07-03 07:35:15,오피스텔,49449564,전세,05,경상남도 양산시 물금읍 범어리,양산시,물금읍,14000,0,0,94.98,28.73,고,"귀한전세,동북향,9월입주풀옵션,초역세권,이쁜구조,주차확실,",https://www.zigbang.com/home/apt/items/49449564
2026-07-03 07:35:17,오피스텔,49469080,월세,01,부산시 동래구 온천동,동래구,온천동,1000,32,0,24.48,7.41,2,"미남역 코앞 깔끔한 가성비 원룸 ,전호실보유,실매물",https://www.zigbang.com/home/apt/items/49469080
2026-07-03 07:35:17,오피스텔,49514095,전세,02,부산시 동래구 온천동,동래구,온천동,12000,0,0,38.44,11.63,14,"ll 공휴일 정상운영, 전호실 보유중 ll",https://www.zigbang.com/home/apt/items/49514095
2026-07-03 07:35:17,오피스텔,49512287,월세,02,부산시 동래구 온천동,동래구,온천동,500,55,0,42.13,12.74,7,미남역앞 방1거실1 인기매물,https://www.zigbang.com/home/apt/items/49512287
2026-07-03 07:35:17,오피스텔,49514184,월세,02,부산시 동래구 온천동,동래구,온천동,500,55,0,42.13,12.74,5,"ll 공휴일 정상운영,  전호실 보유중 ll",https://www.zigbang.com/home/apt/items/49514184
2026-07-03 07:35:17,오피스텔,49241666,전세,02,부산시 동래구 온천동,동래구,온천동,12000,0,0,38.48,11.64,10,"르씨엘,버팀목,중기청,보증보험가입,반환조건,보증조절가능",https://www.zigbang.com/home/apt/items/49241666
2026-07-03 07:35:17,오피스텔,49541221,월세,02,부산시 해운대구 반여동,해운대구,반여동,2000,95,0,124.31,37.6,중,"센텀우성거실,방2,욕실1 ㅣ 시세보다저렴한월세",https://www.zigbang.com/home/apt/items/49541221
2026-07-03 07:35:17,오피스텔,49464260,전세,05,부산시 해운대구 반여동,해운대구,반여동,27000,0,0,112.4,34.0,고,"센텀우성거실,방3,욕실2ㅣ귀한전세ㅣ컨디션최고",https://www.zigbang.com/home/apt/items/49464260
2026-07-03 07:35:17,오피스텔,49278535,월세,04,부산시 해운대구 반송동,해운대구,반송동,1000,60,0,64.95,19.65,6,"방2거실1베란다,초역세권,신축급오피,주차편리,즉시입주",https://www.zigbang.com/home/apt/items/49278535
2026-07-03 07:35:17,오피스텔,49410504,월세,01,부산시 동래구 안락동,동래구,안락동,500,45,0,32,9.68,고,충렬사역인근 풀옵션오피스텔,https://www.zigbang.com/home/apt/items/49410504
2026-07-03 07:35:17,오피스텔,49404467,월세,02,부산시 동래구 사직동,동래구,사직동,2800,46,0,30.05,9.09,2,"사직역,신축첫입주급,건조기,스타일러,즉시입주",https://www.zigbang.com/home/apt/items/49404467
2026-07-03 07:35:17,오피스텔,49585984,월세,01,부산시 부산진구 범전동,부산진구,범전동,1000,52,0,43.6,13.19,중,"깔끔한 컨디션 원룸, 공원앞 대로변위치 부전역5분거리",https://www.zigbang.com/home/apt/items/49585984
2026-07-03 07:35:17,오피스텔,49585921,월세,02,부산시 부산진구 범전동,부산진구,범전동,500,60,0,47.23,14.29,중,7월 입주가능. 중문 분리형 1.5룸. 넉넉한 수납공간.,https://www.zigbang.com/home/apt/items/49585921
2026-07-03 07:35:17,오피스텔,49387899,월세,02,부산시 부산진구 범전동,부산진구,범전동,500,63,0,48.24,14.59,2,QQ 송상현 광장앞 QQ 막힘없는뷰 QQ 보증금 조절가능,https://www.zigbang.com/home/apt/items/49387899
2026-07-03 07:35:17,오피스텔,49405930,전세,02,부산시 부산진구 범전동,부산진구,범전동,13000,0,0,46.25,13.99,중,"개인매물, 도배새로한 A급 호실, 보증보험o, 버팀목o",https://www.zigbang.com/home/apt/items/49405930
2026-07-03 07:35:17,오피스텔,49336155,월세,01,부산시 동래구 사직동,동래구,사직동,5000,10,0,30.01,9.08,5,"사직역앞,버팀목,중기청,보증보험갱신완료,신축,보증금조절",https://www.zigbang.com/home/apt/items/49336155
2026-07-03 07:35:17,오피스텔,49586443,전세,01,부산시 부산진구 범전동,부산진구,범전동,13000,0,0,44,13.31,중,"개인, 근저당x, 버팀목 가능, 부전역 도보5분, 송상현뷰",https://www.zigbang.com/home/apt/items/49586443
2026-07-03 07:35:19,오피스텔,49486650,월세,01,부산시 해운대구 송정동,해운대구,송정동,300,25,0,29.75,9.0,3,"송정 해변가 바로 인근,대로변 오피스텔 구조,방이 큽니다.",https://www.zigbang.com/home/apt/items/49486650
2026-07-03 07:35:19,오피스텔,49541441,월세,01,부산시 해운대구 송정동,해운대구,송정동,1000,63,0,36.86,11.15,12,송정 오션뷰 전호실 조용하고 관리잘된 오피스텔,https://www.zigbang.com/home/apt/items/49541441
2026-07-03 07:35:19,오피스텔,49483966,월세,04,부산시 기장군 기장읍 시랑리,기장군,기장읍,1000,140,0,149.08,45.1,중,에어컨.세탁기.냉장고.건조기.스타일러ㅣ월세ㅣ구조good,https://www.zigbang.com/home/apt/items/49483966
2026-07-03 07:35:19,오피스텔,49514484,월세,04,부산시 기장군 기장읍 시랑리,기장군,기장읍,1000,140,0,149.08,45.1,중,"1000,130ㅣA타입최저가ㅣ풀옵션",https://www.zigbang.com/home/apt/items/49514484
2026-07-03 07:35:19,오피스텔,49514427,월세,05,부산시 기장군 기장읍 시랑리,기장군,기장읍,1000,180,0,168.32,50.92,중,"거실,방3,욕실2ㅣ바다뷰풀옵션최저가",https://www.zigbang.com/home/apt/items/49514427
2026-07-03 07:35:19,오피스텔,49571695,월세,01,부산시 해운대구 송정동,해운대구,송정동,500,59,0,47.03,14.23,7,전호실 오션뷰 오피스텔 관리비저렴 조용하고 안전한 주거,https://www.zigbang.com/home/apt/items/49571695
2026-07-03 07:35:19,오피스텔,49571302,월세,01,부산시 해운대구 송정동,해운대구,송정동,1000,64,0,47.03,14.23,5,"송정 내방에서 바라보는 오션뷰 투룸,오시리아 관광특구 선호",https://www.zigbang.com/home/apt/items/49571302
2026-07-03 07:35:19,오피스텔,49271768,월세,01,부산시 해운대구 송정동,해운대구,송정동,1000,63,0,39.09,11.82,12,송정에서 제일 안전하고 깔끔한 전호실 오션뷰 오피스텔,https://www.zigbang.com/home/apt/items/49271768
2026-07-03 07:35:19,오피스텔,49483937,월세,04,부산시 기장군 기장읍 시랑리,기장군,기장읍,1000,130,0,150.31,45.47,고,리조트형주거시설ㅡ 헬스장ㅡ스크린골프,https://www.zigbang.com/home/apt/items/49483937
2026-07-03 07:35:19,오피스텔,49584037,월세,05,부산시 해운대구 송정동,해운대구,송정동,3000,100,0,169.12,51.16,3,"첫입주 방3 화장실 2. 지하4층 평면주차 ,전기차 가능",https://www.zigbang.com/home/apt/items/49584037
2026-07-03 07:35:19,오피스텔,49354028,전세,05,부산시 해운대구 송정동,해운대구,송정동,25000,0,0,169.12,51.16,중,"바로 입주가능. 전입가능. 방3 에어컨4 오븐렌지,지하주차",https://www.zigbang.com/home/apt/items/49354028
2026-07-03 07:35:19,오피스텔,49483972,월세,04,부산시 기장군 기장읍 시랑리,기장군,기장읍,1000,140,0,149.08,45.1,고,바다뷰ㅣ최저가월세ㅣ구조good,https://www.zigbang.com/home/apt/items/49483972
2026-07-03 07:35:19,오피스텔,49277281,월세,01,부산시 해운대구 송정동,해운대구,송정동,1000,69,0,47.03,14.23,9,안전하고 깔끔한 오션뷰 오피스텔 송정해안가 2분 편세권,https://www.zigbang.com/home/apt/items/49277281
2026-07-03 07:35:19,오피스텔,49434008,월세,02,부산시 기장군 기장읍 청강리,기장군,기장읍,500,43,0,46.36,14.02,7,기장 오피스텔 보안최고,https://www.zigbang.com/home/apt/items/49434008
2026-07-03 07:35:19,오피스텔,49434011,월세,01,부산시 기장군 기장읍 청강리,기장군,기장읍,300,35,0,41.51,12.56,9,기장 오피스텔 보안최고,https://www.zigbang.com/home/apt/items/49434011
2026-07-03 07:35:19,오피스텔,49415634,월세,01,부산시 기장군 기장읍 청강리,기장군,기장읍,300,35,0,48.02,14.53,20,P 기장 가장 인기 있는 오피스텔,https://www.zigbang.com/home/apt/items/49415634
2026-07-03 07:35:19,오피스텔,49434006,월세,02,부산시 기장군 기장읍 대라리,기장군,기장읍,500,40,0,40.44,12.23,13,기장 오피스텔 위치최고 컨디션최고,https://www.zigbang.com/home/apt/items/49434006
2026-07-03 07:35:19,오피스텔,49250858,월세,02,부산시 기장군 기장읍 대라리,기장군,기장읍,500,40,0,40.44,12.23,10,기장에서 제일예쁜 오피스텔,https://www.zigbang.com/home/apt/items/49250858
2026-07-03 07:35:19,오피스텔,49301031,월세,01,부산시 기장군 기장읍 청강리,기장군,기장읍,300,35,0,48,14.52,9,"전입신고 가능, 2층 피트니스 센터 있는 기장 오피스텔",https://www.zigbang.com/home/apt/items/49301031
2026-07-03 07:35:19,오피스텔,49486665,월세,02,부산시 기장군 기장읍 청강리,기장군,기장읍,500,43,0,52.71,15.94,14,"대로변 오피스텔, 사진보다 실제로 보시면 더 큽니다.",https://www.zigbang.com/home/apt/items/49486665
2026-07-03 07:35:19,오피스텔,49433855,월세,01,부산시 기장군 기장읍 청강리,기장군,기장읍,300,35,0,48,14.52,8,2층 피트니센터가 있는 기장최신축 오피스텔,https://www.zigbang.com/home/apt/items/49433855
2026-07-03 07:35:19,오피스텔,49580528,월세,05,부산시 기장군 기장읍 대라리,기장군,기장읍,2000,70,0,104.55,31.63,저,"테라스, 반려묘가능, 전입불가, 방3칸 8월 입실 에어컨",https://www.zigbang.com/home/apt/items/49580528
2026-07-03 07:35:19,오피스텔,49386602,월세,02,부산시 기장군 기장읍 청강리,기장군,기장읍,500,45,0,51.99,15.73,저,기장역 인근 방1거실1 넓은구조,https://www.zigbang.com/home/apt/items/49386602
2026-07-03 07:35:19,오피스텔,49584979,월세,02,부산시 기장군 정관읍 매학리,기장군,정관읍,300,50,0,51.14,15.47,4,"분리형 원룸, 발코니,중문, 6개월 단기 또는 1년",https://www.zigbang.com/home/apt/items/49584979
2026-07-03 07:35:19,오피스텔,49439908,월세,02,부산시 기장군 정관읍 매학리,기장군,정관읍,1000,75,0,51.14,15.47,6,"귀한 투룸, 넓은 펜트리, 발코니, 넓은 붙박이장",https://www.zigbang.com/home/apt/items/49439908
2026-07-03 07:35:19,오피스텔,49394431,월세,01,부산시 기장군 정관읍 매학리,기장군,정관읍,300,50,0,46.28,14.0,8,정관에서 가장 인기있는 신축급 오피스텔입니다. 귀한 단기방,https://www.zigbang.com/home/apt/items/49394431
2026-07-03 07:35:19,오피스텔,49439868,월세,02,부산시 기장군 정관읍 매학리,기장군,정관읍,300,52,0,51.14,15.47,11,"트인조망, 빠른입주, 1.5룸,신축",https://www.zigbang.com/home/apt/items/49439868
2026-07-03 07:35:19,오피스텔,49373124,월세,02,부산시 기장군 정관읍 매학리,기장군,정관읍,300,52,0,51.14,15.47,9,"즉입되는 귀한 매물, 1.5룸,발코니, 중문,최신오피스텔",https://www.zigbang.com/home/apt/items/49373124
2026-07-03 07:35:19,오피스텔,49585063,월세,02,부산시 기장군 정관읍 매학리,기장군,정관읍,300,48,0,51.14,15.47,11,"즉시입주, 청소완료, 1.5룸 최신식 깨끗한 오피스텔",https://www.zigbang.com/home/apt/items/49585063
2026-07-03 07:35:19,오피스텔,49336900,매매,01,부산시 기장군 정관읍 매학리,기장군,정관읍,5500,0,5500,46.28,14.0,5,정관 인기좋은 신축급 웰메이드시티 오피스텔,https://www.zigbang.com/home/apt/items/49336900
2026-07-03 07:35:21,오피스텔,49465859,월세,01,부산시 기장군 장안읍 반룡리,기장군,장안읍,200,50,0,42.98,13.0,고,빠른입주 장안산단 내 유일한 햇빛 잘 드는 신축급 풀옵션,https://www.zigbang.com/home/apt/items/49465859
2026-07-03 07:35:27,오피스텔,49565559,월세,01,울산시 중구 유곡동,중구,유곡동,500,47,0,50.56,15.29,저,개인소유 귀한월세  풀옵션,https://www.zigbang.com/home/apt/items/49565559
2026-07-03 07:35:27,오피스텔,49588984,월세,01,울산시 중구 유곡동,중구,유곡동,500,52,0,55.92,16.92,3,귀한월세 풀옵션 대로변,https://www.zigbang.com/home/apt/items/49588984
2026-07-03 07:35:27,오피스텔,49527461,월세,01,울산시 중구 우정동,중구,우정동,500,58,0,52.67,15.93,중,8월1일입주가능. 조용하고 뷰 좋아요  . 좋은매물,https://www.zigbang.com/home/apt/items/49527461
2026-07-03 07:35:27,오피스텔,49575711,월세,01,울산시 중구 우정동,중구,우정동,500,60,0,52.67,15.93,고,8월5일입주  해잘들고  뷰좋아요  귀한월세매물,https://www.zigbang.com/home/apt/items/49575711
2026-07-03 07:35:27,오피스텔,49575754,월세,01,울산시 중구 우정동,중구,우정동,500,58,0,52.67,15.93,저,7월10일입주 해잘들고 뷰좋아요  좋은매물,https://www.zigbang.com/home/apt/items/49575754
2026-07-03 07:35:27,오피스텔,49501223,월세,01,울산시 중구 반구동,중구,반구동,500,50,0,40.14,12.14,고,귀한윌세 풀옵션 개인소유 대로변,https://www.zigbang.com/home/apt/items/49501223
2026-07-03 07:35:27,오피스텔,49492029,매매,05,울산시 중구 학성동,중구,학성동,33500,0,33500,117.86,35.65,저,초급매ㅇ모델하우스같은컨디션ㅇ즉시입주ㅇ방3화장실2ㅇ펜트리3개,https://www.zigbang.com/home/apt/items/49492029
2026-07-03 07:35:32,오피스텔,49552866,월세,01,경상북도 김천시 율곡동,김천시,율곡동,300,45,0,30,9.07,8,김천시 혁신도시 주차하기 아주좋은 오피스텔 입니다,https://www.zigbang.com/home/apt/items/49552866
2026-07-03 07:35:32,오피스텔,49355568,전세,01,경상북도 김천시 율곡동,김천시,율곡동,8000,0,0,56.19,17.0,고,"써밋B,9평큰방,7월협의",https://www.zigbang.com/home/apt/items/49355568
2026-07-03 07:35:32,오피스텔,49552778,월세,01,경상북도 김천시 율곡동,김천시,율곡동,300,45,0,42.97,13.0,8,율곡동 혁신도시 ktx 역 바로 앞  단기 오피스텔입니다,https://www.zigbang.com/home/apt/items/49552778
2026-07-03 07:35:32,오피스텔,49513240,월세,02,경상북도 김천시 율곡동,김천시,율곡동,500,60,0,71.07,21.5,22,"써밋E타입,분리형큰방,7월중순",https://www.zigbang.com/home/apt/items/49513240
2026-07-03 07:35:32,오피스텔,49552762,월세,01,경상북도 김천시 율곡동,김천시,율곡동,300,47,0,46.28,14.0,17,율곡동 혁신도시ktx역사 바로 앞 오피스텔 입니다,https://www.zigbang.com/home/apt/items/49552762
2026-07-03 07:35:32,오피스텔,49425396,전세,02,경상북도 김천시 율곡동,김천시,율곡동,14000,0,0,100,30.25,중,"코아루E,투룸형제일큰방,9월말",https://www.zigbang.com/home/apt/items/49425396
2026-07-03 07:35:32,오피스텔,49278805,월세,02,경상북도 김천시 율곡동,김천시,율곡동,500,55,0,80.33,24.3,고,"영무오피,전망뚫림,분리형큰방,7월3일",https://www.zigbang.com/home/apt/items/49278805
2026-07-03 07:35:32,오피스텔,49487695,전세,01,경상북도 김천시 율곡동,김천시,율곡동,9000,0,0,64,19.36,중,"휴오피,주차편리,7월초입주",https://www.zigbang.com/home/apt/items/49487695
2026-07-03 07:35:32,오피스텔,49499470,월세,01,경상북도 김천시 율곡동,김천시,율곡동,5500,15,0,52.89,16.0,8,"써밋,A타입,8월말,보증보험가능",https://www.zigbang.com/home/apt/items/49499470
2026-07-03 07:35:32,오피스텔,49331639,전세,02,경상북도 김천시 율곡동,김천시,율곡동,9000,0,0,72,21.78,고,"코아루C,분리형큰방,7월초입주",https://www.zigbang.com/home/apt/items/49331639
2026-07-03 07:35:32,오피스텔,49425418,전세,01,경상북도 김천시 율곡동,김천시,율곡동,8000,0,0,56.2,17.0,중,"써밋B타입,9편큰방,8월초",https://www.zigbang.com/home/apt/items/49425418
2026-07-03 07:35:32,오피스텔,49564601,월세,01,경상북도 김천시 율곡동,김천시,율곡동,300,46,0,56.19,17.0,고,"써밋,B타입큰방,7월6일",https://www.zigbang.com/home/apt/items/49564601
2026-07-03 07:35:32,오피스텔,49355511,월세,01,경상북도 김천시 율곡동,김천시,율곡동,300,44,0,49.59,15.0,고,"써밋,A타입,8월말",https://www.zigbang.com/home/apt/items/49355511
2026-07-03 07:35:34,오피스텔,49410811,전세,05,대구시 중구 태평로3가,중구,태평로3가,23000,0,0,189.39,57.29,중,전세대출가능o보증보험가능o25평 아파트대체o방3개화장실2개,https://www.zigbang.com/home/apt/items/49410811
2026-07-03 07:35:34,오피스텔,49506546,월세,01,대구시 동구 신천동,동구,신천동,500,43,0,52.89,16.0,고,전입ok 입주청소완료 착한임대인 즉시입주가능 깔끔한호실,https://www.zigbang.com/home/apt/items/49506546
2026-07-03 07:35:34,오피스텔,49539344,월세,01,대구시 동구 신천동,동구,신천동,500,40,0,46.12,13.95,13,"테라스,,,교통좋고 전망좋은 풀옵션 착한월세의 인기오피스텔",https://www.zigbang.com/home/apt/items/49539344
2026-07-03 07:35:34,오피스텔,49567518,월세,01,대구시 동구 신천동,동구,신천동,500,43,0,54.75,16.56,5,"테라스,,,교통좋고 전망좋은 풀옵션 구조예쁜 오피스",https://www.zigbang.com/home/apt/items/49567518
2026-07-03 07:35:34,오피스텔,49514763,월세,01,대구시 동구 신천동,동구,신천동,500,50,0,58.67,17.75,15,"테라스,,,교통좋고 전망좋은 풀옵션 넓은타입의 인기오피스",https://www.zigbang.com/home/apt/items/49514763
2026-07-03 07:35:34,오피스텔,49560256,월세,01,대구시 동구 신천동,동구,신천동,200,40,0,44.52,13.47,7,㋹초대형OP ㋹옵션가득 ㋹햇살좋은방 ㋹뷰맛집,https://www.zigbang.com/home/apt/items/49560256
2026-07-03 07:35:34,오피스텔,49425787,월세,01,대구시 동구 신천동,동구,신천동,500,43,0,55.51,16.79,중,동대구역 바로앞 관리잘된 오피스텔 최저가 착한임대인 전입o,https://www.zigbang.com/home/apt/items/49425787
2026-07-03 07:35:34,오피스텔,49239496,월세,01,대구시 동구 신천동,동구,신천동,1000,40,0,54.75,16.56,저,"테라스,,,교통좋고 풀옵션에 구조예쁜 착한월세의 인기오피스",https://www.zigbang.com/home/apt/items/49239496
2026-07-03 07:35:34,오피스텔,49577244,월세,01,대구시 동구 신천동,동구,신천동,1000,65,0,59.48,17.99,14,㋹테라스가있는 ㋹감성오피 ㋹인프라요충지,https://www.zigbang.com/home/apt/items/49577244
2026-07-03 07:35:34,오피스텔,49166132,월세,01,대구시 동구 신천동,동구,신천동,500,38,0,46.12,13.95,9,"테라스,,,동대구환승센타앞 풀옵션 착한가격의 인기오피스텔",https://www.zigbang.com/home/apt/items/49166132
2026-07-03 07:35:35,오피스텔,49428930,월세,01,경상북도 구미시 임수동,구미시,임수동,300,38,0,47.03,14.23,7,"주차편리,깨끗한방,인근e마트,동락공원",https://www.zigbang.com/home/apt/items/49428930
2026-07-03 07:35:35,오피스텔,49428951,월세,01,경상북도 구미시 임수동,구미시,임수동,200,37,0,47.03,14.23,4,"침대등풀옵션,깨끗한방, 주차아주편리,인근e마트",https://www.zigbang.com/home/apt/items/49428951
2026-07-03 07:35:35,오피스텔,49557083,월세,01,경상북도 구미시 임수동,구미시,임수동,100,37,0,47.03,14.23,8,"주차편리,인근e마트,동락공원,편리한붙박이장",https://www.zigbang.com/home/apt/items/49557083
2026-07-03 07:35:35,오피스텔,49334722,전세,01,경상북도 구미시 임수동,구미시,임수동,7000,0,0,47.03,14.23,18,"멋진낙동강뷰,8월초입주,생활편리한구조,인근e마트",https://www.zigbang.com/home/apt/items/49334722
2026-07-03 07:35:35,오피스텔,49494442,월세,01,경상북도 구미시 임수동,구미시,임수동,200,35,0,47.03,14.23,6,"인근e마트,동락공원,생활편리한붙박이장,깨끗한방",https://www.zigbang.com/home/apt/items/49494442
2026-07-03 07:37:04,오피스텔,49549415,월세,01,인천시 영종구 운서동,영종구,운서동,300,27,0,64.72,19.58,저,"엘지에클라트 서향,  무료셔틀버스 운행",https://www.zigbang.com/home/apt/items/49549415
2026-07-03 07:37:04,오피스텔,49362519,월세,01,인천시 영종구 운서동,영종구,운서동,300,25,0,54.39,16.45,10,무료셔틀버스 운행,https://www.zigbang.com/home/apt/items/49362519
2026-07-03 07:37:04,오피스텔,49549441,월세,04,인천시 영종구 운서동,영종구,운서동,500,45,0,83.6,25.29,12,"방, 거실 분리 구조 분양25평 무료셔틀버스 운행",https://www.zigbang.com/home/apt/items/49549441
2026-07-03 07:37:04,오피스텔,49285249,월세,01,인천시 영종구 운서동,영종구,운서동,1000,80,0,112.39,34.0,5,인천공항공사 바로앞 국제업무단지 오피스,https://www.zigbang.com/home/apt/items/49285249
2026-07-03 07:37:04,오피스텔,49524829,월세,01,인천시 영종구 운서동,영종구,운서동,300,35,0,25,7.56,9,10평대 넓은 원룸 .애완동물가능,https://www.zigbang.com/home/apt/items/49524829
2026-07-03 07:37:04,오피스텔,49549468,월세,01,인천시 영종구 운서동,영종구,운서동,300,25,0,50.16,15.17,9,무료셔틀버스 인천공항 및 화물터미널 운행,https://www.zigbang.com/home/apt/items/49549468
2026-07-03 07:37:06,오피스텔,49370607,월세,04,인천시 영종구 중산동,영종구,중산동,1000,70,0,45,13.61,6,신축 바다뷰투룸 .주차무료,https://www.zigbang.com/home/apt/items/49370607
2026-07-03 07:37:06,오피스텔,49550967,월세,04,인천시 영종구 중산동,영종구,중산동,800,65,0,54.04,16.35,14,"귀한투룸, 빠른 입주, 남동향, 오션뷰, 부가세별도, 공실",https://www.zigbang.com/home/apt/items/49550967
2026-07-03 07:37:06,오피스텔,49555854,월세,02,인천시 영종구 중산동,영종구,중산동,500,62,0,39.67,12.0,19,대각선 바다뷰 남서향신축 1.5  분리형.전입가능,https://www.zigbang.com/home/apt/items/49555854
2026-07-03 07:37:06,오피스텔,49415547,월세,04,인천시 영종구 중산동,영종구,중산동,1000,85,0,77.66,23.49,5,"K전입가능, 귀한투룸, 오션뷰, 사진은 이미지컷",https://www.zigbang.com/home/apt/items/49415547
2026-07-03 07:37:06,오피스텔,49572719,월세,04,인천시 영종구 중산동,영종구,중산동,1000,85,0,35,10.59,20,오션뷰 신축 . 투룸 . 전입가능 . 풀옵션,https://www.zigbang.com/home/apt/items/49572719
2026-07-03 07:37:06,오피스텔,49550848,월세,03,인천시 영종구 중산동,영종구,중산동,300,40,0,40.92,12.38,20,"복층형 원룸, 공간감 좋고 탁트인 시티뷰, 단기 가능",https://www.zigbang.com/home/apt/items/49550848
2026-07-03 07:37:06,오피스텔,49578079,월세,02,인천시 영종구 중산동,영종구,중산동,500,50,0,57.97,17.54,10,"신축, 1.5룸, 수납 공간과 공간 분리 최상의 호실",https://www.zigbang.com/home/apt/items/49578079
2026-07-03 07:38:00,오피스텔,49484303,월세,01,충청남도 당진시 수청동,당진시,수청동,185,64,0,61.11,18.49,고,"최대할인, 버스터미널 5분, 풀옵션",https://www.zigbang.com/home/apt/items/49484303
2026-07-03 07:38:00,오피스텔,49484500,월세,01,충청남도 당진시 수청동,당진시,수청동,50,73,0,61.11,18.49,9,"최대할인, 출장용 추천, 호텔식 풀옵션",https://www.zigbang.com/home/apt/items/49484500
2026-07-03 07:38:04,오피스텔,49252022,월세,02,충청남도 아산시 탕정면 용두리,아산시,탕정면,300,55,0,57.65,17.44,6,전입가능하고 전망이쁜 분리형 구조 풀옵션 관리비저렴,https://www.zigbang.com/home/apt/items/49252022
2026-07-03 07:38:04,오피스텔,49534357,월세,01,충청남도 아산시 탕정면 용두리,아산시,탕정면,300,40,0,55,16.64,7,브라운스톤 원룸. 기숙사 환영 업무용,https://www.zigbang.com/home/apt/items/49534357
2026-07-03 07:38:03,오피스텔,49589835,월세,02,충청남도 아산시 온천동,아산시,온천동,500,55,0,61.84,18.71,고,아산 갤러리휴리움,https://www.zigbang.com/home/apt/items/49589835
2026-07-03 07:38:03,오피스텔,49540776,월세,02,충청남도 아산시 온천동,아산시,온천동,1000,47,0,100,30.25,13,ㅡ실사ㅡ온천역8분 모노펠리스 투베이 풀옵션 월세 오피스텔,https://www.zigbang.com/home/apt/items/49540776
2026-07-03 07:38:03,오피스텔,49242877,월세,01,충청남도 아산시 온천동,아산시,온천동,300,35,0,33.06,10.0,중,llll 온천역 부근 신축 도시형생활주택 llll,https://www.zigbang.com/home/apt/items/49242877
2026-07-03 07:38:03,오피스텔,49584251,월세,01,충청남도 아산시 온천동,아산시,온천동,300,34,0,32.13,9.72,4,아산 갤러리휴리움,https://www.zigbang.com/home/apt/items/49584251
2026-07-03 07:38:03,오피스텔,49486311,월세,01,충청남도 아산시 온천동,아산시,온천동,300,35,0,33.06,10.0,7,온양온천역7분 신축 오피스텔 원룸 풀옵션 월세 반려동물0,https://www.zigbang.com/home/apt/items/49486311
2026-07-03 07:38:03,오피스텔,49460584,월세,01,충청남도 아산시 온천동,아산시,온천동,300,34,0,32.13,9.72,중,아산 갤러리휴리움,https://www.zigbang.com/home/apt/items/49460584
2026-07-03 07:38:03,오피스텔,49584631,월세,01,충청남도 아산시 온천동,아산시,온천동,300,35,0,32.13,9.72,9,아산 갤러리휴리움,https://www.zigbang.com/home/apt/items/49584631
2026-07-03 07:38:03,오피스텔,49279528,월세,01,충청남도 아산시 온천동,아산시,온천동,300,35,0,34,10.28,4,온양온천 전철역세 권 원룸,https://www.zigbang.com/home/apt/items/49279528
2026-07-03 07:38:03,오피스텔,49589410,월세,01,충청남도 아산시 온천동,아산시,온천동,300,37,0,23.14,7.0,12,올리브힐 원룸풀옵션 저렴한 월세  .,https://www.zigbang.com/home/apt/items/49589410
2026-07-03 07:38:03,오피스텔,49584312,월세,01,충청남도 아산시 온천동,아산시,온천동,300,38,0,36.69,11.1,9,아산 갤러리휴리움,https://www.zigbang.com/home/apt/items/49584312
2026-07-03 07:38:03,오피스텔,49579517,월세,01,충청남도 아산시 온천동,아산시,온천동,500,47,0,57,17.24,13,lll 모노 17평형 정 남향 lll,https://www.zigbang.com/home/apt/items/49579517
2026-07-03 07:38:03,오피스텔,49302760,월세,01,충청남도 아산시 온천동,아산시,온천동,300,45,0,23.5,7.11,10,100퍼센트 실매물  풀옵션  원룸형 안심중개사매물,https://www.zigbang.com/home/apt/items/49302760
2026-07-03 07:38:03,오피스텔,49311558,월세,02,충청남도 아산시 배방읍 북수리,아산시,배방읍,1000,46,0,36.37,11.0,3,"북수리 유일 오피스텔,큰길,완벽주차,풀옵션",https://www.zigbang.com/home/apt/items/49311558
2026-07-03 07:38:03,오피스텔,49579474,월세,02,충청남도 아산시 배방읍 북수리,아산시,배방읍,1000,46,0,36.37,11.0,3,"북수리 유일 오피스텔,큰길,완벽주차,풀옵션",https://www.zigbang.com/home/apt/items/49579474
2026-07-03 07:38:03,오피스텔,49311543,월세,02,충청남도 아산시 배방읍 북수리,아산시,배방읍,1000,43,0,37.95,11.48,6,"북수리 유일 오피스텔,큰길,완벽주차,풀옵션",https://www.zigbang.com/home/apt/items/49311543
2026-07-03 07:38:04,오피스텔,49350009,월세,02,충청남도 아산시 온천동,아산시,온천동,300,25,0,60,18.15,6,온양온천역5분 넓은 원룸 풀옵션 월세,https://www.zigbang.com/home/apt/items/49350009
2026-07-03 07:38:04,오피스텔,49349925,월세,01,충청남도 아산시 온천동,아산시,온천동,300,34,0,60,18.15,1,온양온천역5분 첫입주 넓은 원룸 풀옵션 월세,https://www.zigbang.com/home/apt/items/49349925
2026-07-03 07:38:04,오피스텔,49302797,월세,03,충청남도 아산시 모종동,아산시,모종동,500,35,0,57.06,17.26,11,원룸보다 2배 정도 큰 복층형 입니다.,https://www.zigbang.com/home/apt/items/49302797
2026-07-03 07:38:04,오피스텔,49486326,월세,03,충청남도 아산시 권곡동,아산시,권곡동,300,28,0,60,18.15,1,역전10분 깔끔한 복층 원룸 풀옵션 월세,https://www.zigbang.com/home/apt/items/49486326
2026-07-03 07:38:04,오피스텔,49458044,월세,03,충청남도 아산시 모종동,아산시,모종동,300,40,0,64.53,19.52,8,lll 그냥 엣지 아님 엄청 큰 엣지입니다.lll,https://www.zigbang.com/home/apt/items/49458044
2026-07-03 07:38:04,오피스텔,49196713,월세,03,충청남도 아산시 권곡동,아산시,권곡동,300,28,0,40,12.1,1,lll 복층형 오피스텔 최저가 보장 llll,https://www.zigbang.com/home/apt/items/49196713
2026-07-03 07:38:04,오피스텔,49301526,월세,03,충청남도 아산시 권곡동,아산시,권곡동,300,33,0,60,18.15,4,역전10분 깔끔한 복층 원룸 풀옵션 월세,https://www.zigbang.com/home/apt/items/49301526
2026-07-03 07:38:05,오피스텔,49572069,월세,01,충청남도 천안시 동남구 안서동,천안시 동남구,안서동,100,55,0,48,14.52,고,"단기,3개월,6개월가능,안전한 오피스텔,대학교 근처",https://www.zigbang.com/home/apt/items/49572069
2026-07-03 07:38:07,오피스텔,49521874,월세,02,경기도 평택시 포승읍 만호리,평택시,포승읍,4000,10,0,42,12.7,고,ㅣ실사진 I 무융자 l 반전세 l,https://www.zigbang.com/home/apt/items/49521874
2026-07-03 07:38:07,오피스텔,49523949,전세,02,경기도 평택시 포승읍 만호리,평택시,포승읍,4500,0,0,42.03,12.71,고,llll 무융자 ll 즉시입주 llll,https://www.zigbang.com/home/apt/items/49523949
2026-07-03 07:38:07,오피스텔,49537243,월세,05,경기도 평택시 포승읍 만호리,평택시,포승읍,500,80,0,127.58,38.59,17,"3룸 복층 화장실3개 제일 큰 방, 주소이전 안됨",https://www.zigbang.com/home/apt/items/49537243
2026-07-03 07:38:07,오피스텔,49560635,월세,01,경기도 평택시 포승읍 도곡리,평택시,포승읍,5100,10,0,36.73,11.11,중,ll 반환보증보험 ll 준신축급 ll 풀옵션 ll,https://www.zigbang.com/home/apt/items/49560635
2026-07-03 07:38:07,오피스텔,49453172,전세,01,경기도 평택시 포승읍 도곡리,평택시,포승읍,5000,0,0,36.73,11.11,13,O 사진그대로ㅣ반전세ㅣ무융자 O,https://www.zigbang.com/home/apt/items/49453172
2026-07-03 07:38:07,오피스텔,49519280,월세,02,경기도 평택시 포승읍 만호리,평택시,포승읍,300,37,0,39.66,12.0,고,전망 좋은 방,https://www.zigbang.com/home/apt/items/49519280
2026-07-03 07:38:07,오피스텔,49520594,월세,02,경기도 평택시 포승읍 만호리,평택시,포승읍,200,38,0,39.66,12.0,중,"전망 좋은  원룸 월세, 그외의 다량의 물건 보유",https://www.zigbang.com/home/apt/items/49520594
2026-07-03 07:38:07,오피스텔,49537183,월세,02,경기도 평택시 포승읍 만호리,평택시,포승읍,500,53,0,72.72,22.0,14,큰방 큰 거실 구조의 방,https://www.zigbang.com/home/apt/items/49537183
2026-07-03 07:38:07,오피스텔,49519305,월세,02,경기도 평택시 포승읍 만호리,평택시,포승읍,200,38,0,39.67,12.0,고,침대 있는  방,https://www.zigbang.com/home/apt/items/49519305
2026-07-03 07:38:07,오피스텔,49527383,월세,02,경기도 평택시 포승읍 만호리,평택시,포승읍,5000,10,0,23.63,7.15,12,ll 1.5룸 ll 준신축급 ll 풀옵션 ll,https://www.zigbang.com/home/apt/items/49527383
2026-07-03 07:38:07,오피스텔,49467281,월세,02,경기도 평택시 포승읍 만호리,평택시,포승읍,300,38,0,46.28,14.0,고,테라스 있는 조금 더 넓은 원룸방,https://www.zigbang.com/home/apt/items/49467281
2026-07-03 07:38:07,오피스텔,49519771,월세,01,경기도 평택시 포승읍 만호리,평택시,포승읍,100,33,0,40,12.1,저,"단기 가능,  취사가능 주소이전가능",https://www.zigbang.com/home/apt/items/49519771
2026-07-03 07:38:07,오피스텔,49519253,월세,02,경기도 평택시 포승읍 만호리,평택시,포승읍,300,48,0,58.5,17.7,13,테라스 있는 앞이 트인 방,https://www.zigbang.com/home/apt/items/49519253
2026-07-03 07:38:07,오피스텔,49557020,월세,04,경기도 평택시 포승읍 만호리,평택시,포승읍,300,47,0,58,17.54,10,가성비 좋은 미니투룸 월세,https://www.zigbang.com/home/apt/items/49557020
2026-07-03 07:38:07,오피스텔,49519348,월세,02,경기도 평택시 포승읍 만호리,평택시,포승읍,200,38,0,44.65,13.51,10,"풀옵션, 전망 좋은 방,그외 좋은 방 다량 보유",https://www.zigbang.com/home/apt/items/49519348
2026-07-03 07:38:09,오피스텔,49477976,월세,04,경기도 화성시 만세구 향남읍 상신리,화성시 만세구,향남읍,1000,80,0,78.31,23.69,저,"수아주APT형 오피스텔, 풀옵션OK전입신고OK.",https://www.zigbang.com/home/apt/items/49477976
2026-07-03 07:38:09,오피스텔,49320922,월세,01,경기도 화성시 만세구 향남읍 하길리,화성시 만세구,향남읍,300,50,0,33.14,10.02,고,"O비전호텔리아O, 롯시데시네마인근 인프라최고, 개방감최고",https://www.zigbang.com/home/apt/items/49320922
2026-07-03 07:38:09,오피스텔,49326880,월세,04,경기도 화성시 만세구 향남읍 상신리,화성시 만세구,향남읍,2000,100,0,70,21.17,고,신축 오피스텔. 전입가능 투룸형 구조.시스템에어컨O.,https://www.zigbang.com/home/apt/items/49326880
2026-07-03 07:38:09,오피스텔,49567852,월세,01,경기도 화성시 만세구 향남읍 상신리,화성시 만세구,향남읍,500,55,0,29.75,9.0,6,단기가능. 향남 뷰좋은 고층 원룸 오피스텔. 즉시입주ok,https://www.zigbang.com/home/apt/items/49567852
2026-07-03 07:38:09,오피스텔,49479972,월세,01,경기도 화성시 만세구 남양읍 남양리,화성시 만세구,남양읍,500,50,0,49.59,15.0,5,근저당 없으며 전면 막힘없음  단기임대가능 전입산고 가능,https://www.zigbang.com/home/apt/items/49479972
2026-07-03 07:38:09,오피스텔,49479992,월세,02,경기도 화성시 만세구 남양읍 남양리,화성시 만세구,남양읍,500,65,0,42.98,13.0,고,컨디션 좋은  주방 분리형   수납공간 많음 주차 아주편리,https://www.zigbang.com/home/apt/items/49479992
2026-07-03 07:38:09,오피스텔,49499496,월세,01,경기도 화성시 만세구 남양읍 남양리,화성시 만세구,남양읍,500,50,0,46.28,14.0,5,단기 임대만 가능 연장 가능 수납공간 많음 전입신고 가능함,https://www.zigbang.com/home/apt/items/49499496
2026-07-03 07:38:09,오피스텔,49545184,월세,02,경기도 화성시 만세구 남양읍 남양리,화성시 만세구,남양읍,500,65,0,25.08,7.59,고,보리.컨디션좋음.즉시입주.1주차가능.풀옵션1.5룸,https://www.zigbang.com/home/apt/items/49545184
2026-07-03 07:38:09,오피스텔,49586006,월세,02,경기도 화성시 만세구 남양읍 남양리,화성시 만세구,남양읍,120,72,0,59.79,18.09,중,"화성시청 사거리, 신축 1.5룸 풀옵션 단기임대 빠른 입주",https://www.zigbang.com/home/apt/items/49586006
2026-07-03 07:38:10,오피스텔,49576078,월세,03,경기도 평택시 합정동,평택시,합정동,300,65,0,84.64,25.6,중,"8월입주 평택역 주차왕,수납왕,남향,복층다락 풀옵션 월세",https://www.zigbang.com/home/apt/items/49576078
2026-07-03 07:38:10,오피스텔,49575784,전세,02,경기도 평택시 합정동,평택시,합정동,6000,0,0,36.93,11.17,고,8월입주 평택역 전세대출 보증보험가능풀옵션큰분리형원룸전세,https://www.zigbang.com/home/apt/items/49575784
2026-07-03 07:38:10,오피스텔,49576293,월세,01,경기도 평택시 합정동,평택시,합정동,500,55,0,64.77,19.59,고,"9월입주 평택역 주차왕,수납왕 서향 풀옵션 월세 BT 1차",https://www.zigbang.com/home/apt/items/49576293
2026-07-03 07:38:10,오피스텔,49564081,월세,01,경기도 평택시 합정동,평택시,합정동,500,55,0,64.77,19.59,중,FIRSTㅁ평택역핵심ㅁ주차만족도최상ㅁ프리미엄풀옵션ㅁ실속형,https://www.zigbang.com/home/apt/items/49564081
2026-07-03 07:38:10,오피스텔,49417941,월세,01,경기도 평택시 합정동,평택시,합정동,500,52,0,65.52,19.82,11,ㅁF1RSTㅁ눈길을멈추게하는공간ㅁ가장먼저떠오르는집ㅁ,https://www.zigbang.com/home/apt/items/49417941
2026-07-03 07:38:10,오피스텔,49217437,월세,01,경기도 평택시 합정동,평택시,합정동,500,52,0,65.52,19.82,11,ㅁF1RSTㅁ균형잡힌공간가치ㅁS급주차인프라ㅁ체감만족도상위ㅁ,https://www.zigbang.com/home/apt/items/49217437
2026-07-03 07:38:10,오피스텔,49577120,월세,03,경기도 평택시 합정동,평택시,합정동,300,65,0,84.64,25.6,중,"8초입주 평택역 주차왕,수납왕,남향,복층다락 풀옵션 월세",https://www.zigbang.com/home/apt/items/49577120
2026-07-03 07:38:10,오피스텔,49575755,전세,02,경기도 평택시 합정동,평택시,합정동,6000,0,0,36.93,11.17,고,8월입주 평택역 전세대출보증보험가능풀옵션 큰 분리형원룸전세,https://www.zigbang.com/home/apt/items/49575755
2026-07-03 07:38:10,오피스텔,49446972,월세,01,경기도 평택시 합정동,평택시,합정동,2000,75,0,122.87,37.17,20,o온1차 1개밖에 없는 제일 큰 방 o주차편리 o평택역인근,https://www.zigbang.com/home/apt/items/49446972
2026-07-03 07:38:10,오피스텔,49478268,월세,01,경기도 평택시 합정동,평택시,합정동,500,52,0,65.52,19.82,중,ㅁF1RSTㅁ실속과프레스티지를완성한공간ㅁ주차환경S클래스ㅁ선,https://www.zigbang.com/home/apt/items/49478268
2026-07-03 07:38:10,오피스텔,49576118,월세,01,경기도 평택시 합정동,평택시,합정동,300,65,0,75.59,22.87,고,"7월입주 평택역주차왕,수납왕,서향,높은층드레스룸풀옵션월세",https://www.zigbang.com/home/apt/items/49576118
2026-07-03 07:38:11,오피스텔,49543883,월세,03,경기도 안성시 신소현동,안성시,신소현동,1000,58,0,40.66,12.3,4,ꔚ7월말입주가능ꔚ신축원룸복층ꔚ도시형생활주택ꔚ,https://www.zigbang.com/home/apt/items/49543883
2026-07-03 07:38:11,오피스텔,49544061,월세,03,경기도 안성시 신소현동,안성시,신소현동,1000,60,0,41.26,12.48,14,ꔚ7월말입주가능ꔚ신축원룸복층ꔚ도시형생활주택ꔚ,https://www.zigbang.com/home/apt/items/49544061
2026-07-03 07:38:11,오피스텔,49326824,월세,03,경기도 화성시 만세구 향남읍 행정리,화성시 만세구,향남읍,500,48,0,36.36,11.0,2,감성있는 복층 원룸 오피스텔. 1지구 유일,https://www.zigbang.com/home/apt/items/49326824
2026-07-03 07:38:12,오피스텔,49547717,월세,03,경기도 수원시 영통구 영통동,수원시 영통구,영통동,500,60,0,37.93,11.47,6,영통역 도보5분 경희대 도보15분,https://www.zigbang.com/home/apt/items/49547717
2026-07-03 07:38:12,오피스텔,49532884,월세,03,경기도 용인시 기흥구 서천동,용인시 기흥구,서천동,500,75,0,71.94,21.76,5,"복층형 원룸, 삼성DSR, 기흥테라타워, 경희대 도보가능",https://www.zigbang.com/home/apt/items/49532884
2026-07-03 07:38:12,오피스텔,49486974,월세,01,경기도 용인시 기흥구 서천동,용인시 기흥구,서천동,500,60,0,26.45,8.0,4,생활형 숙박시설.전입신고불가.,https://www.zigbang.com/home/apt/items/49486974
2026-07-03 07:38:12,오피스텔,49508772,매매,01,경기도 화성시 동탄구 석우동,화성시 동탄구,석우동,5800,0,5800,49.84,15.08,중,초급매매.소액투자.즉시수익가능,https://www.zigbang.com/home/apt/items/49508772
2026-07-03 07:38:12,오피스텔,49477030,월세,01,경기도 용인시 기흥구 서천동,용인시 기흥구,서천동,500,55,0,19.83,6.0,2,경희마크329.단층. 세탁기.냉장고 .에어컨.전입불가,https://www.zigbang.com/home/apt/items/49477030
2026-07-03 07:38:12,오피스텔,49333684,매매,03,경기도 용인시 기흥구 서천동,용인시 기흥구,서천동,11000,0,11000,46.84,14.17,7,"안정적 수익형,복층원룸, 경희대, 삼성DSR 근접",https://www.zigbang.com/home/apt/items/49333684
2026-07-03 07:38:12,오피스텔,49477034,월세,03,경기도 용인시 기흥구 서천동,용인시 기흥구,서천동,500,60,0,19.83,6.0,7,복층 신축.층고 높아 개방감 있음.전입불가.,https://www.zigbang.com/home/apt/items/49477034
2026-07-03 07:38:12,오피스텔,49333707,월세,03,경기도 용인시 기흥구 서천동,용인시 기흥구,서천동,100,65,0,43.7,13.22,8,"신축 풀옵션, 기흥 테라타워, 삼성전자, 경희대 근접",https://www.zigbang.com/home/apt/items/49333707
2026-07-03 07:38:12,오피스텔,49333667,월세,03,경기도 용인시 기흥구 서천동,용인시 기흥구,서천동,500,60,0,40.21,12.16,4,"복층형, 경희대 , 기흥테라타워, 삼성기흥반도체 도보가능",https://www.zigbang.com/home/apt/items/49333667
2026-07-03 07:38:12,오피스텔,49292006,월세,03,경기도 용인시 기흥구 서천동,용인시 기흥구,서천동,500,65,0,43.7,13.22,중,"전망 좋은 신축 생활형 숙박시설.전입신고 불가.건조기
옵션",https://www.zigbang.com/home/apt/items/49292006
2026-07-03 07:38:12,오피스텔,49532766,월세,03,경기도 용인시 기흥구 서천동,용인시 기흥구,서천동,500,60,0,43.58,13.18,6,"복층 풀옵션, 기흥테라타워, 삼성기흥반도체, 경희대 근접",https://www.zigbang.com/home/apt/items/49532766
2026-07-03 07:38:12,오피스텔,49548440,월세,01,경기도 용인시 기흥구 서천동,용인시 기흥구,서천동,300,45,0,37.86,11.45,고,경희대 후문 도보10분,https://www.zigbang.com/home/apt/items/49548440
2026-07-03 07:38:12,오피스텔,49546428,월세,01,경기도 수원시 영통구 영통동,수원시 영통구,영통동,1000,75,0,63.25,19.13,중,전입신고 가능 영통역 경희대 도보10분,https://www.zigbang.com/home/apt/items/49546428
2026-07-03 07:38:12,오피스텔,49486935,월세,01,경기도 용인시 기흥구 서천동,용인시 기흥구,서천동,500,60,0,40.31,12.19,5,복층 생활형숙박시설.높은 층고로 개방감 좋음.전입신고 안됨,https://www.zigbang.com/home/apt/items/49486935
2026-07-03 07:38:12,오피스텔,49538211,월세,04,경기도 수원시 권선구 서둔동,수원시 권선구,서둔동,1000,110,0,153.57,46.45,6,㉧복층투룸㉧1층거실. 2층 투룸 공간활용 최고. 주차도최고,https://www.zigbang.com/home/apt/items/49538211
2026-07-03 07:38:13,오피스텔,49497178,월세,01,경기도 용인시 기흥구 중동,용인시 기흥구,중동,2500,45,0,29.75,9.0,4,초당역앞 풀옵션 오피스텔 임대,https://www.zigbang.com/home/apt/items/49497178
2026-07-03 07:38:13,오피스텔,49497147,월세,01,경기도 용인시 기흥구 중동,용인시 기흥구,중동,1500,50,0,29.75,9.0,6,초당역앞 풀옵션 오피스텔,https://www.zigbang.com/home/apt/items/49497147
2026-07-03 07:38:14,오피스텔,49519928,월세,01,경기도 용인시 처인구 김량장동,용인시 처인구,김량장동,500,65,0,38,11.49,중,"남향,넓은원룸,시내권, 생활편의시설 인접,",https://www.zigbang.com/home/apt/items/49519928
2026-07-03 07:38:14,오피스텔,49588429,월세,01,경기도 용인시 처인구 김량장동,용인시 처인구,김량장동,1000,55,0,33.06,10.0,10,전입신고 가능한 신축 오피스텔,https://www.zigbang.com/home/apt/items/49588429
2026-07-03 07:38:14,오피스텔,49458469,매매,01,경기도 용인시 처인구 김량장동,용인시 처인구,김량장동,9000,0,9000,33.06,10.0,3,용인터미널 신축오피스텔형 원룸,https://www.zigbang.com/home/apt/items/49458469
2026-07-03 07:38:14,오피스텔,49518498,월세,01,경기도 용인시 처인구 김량장동,용인시 처인구,김량장동,1000,50,0,32.12,9.72,10,"용인터미널건너편,원룸형오피스텔.",https://www.zigbang.com/home/apt/items/49518498
2026-07-03 07:38:14,오피스텔,49568900,월세,01,경기도 용인시 처인구 김량장동,용인시 처인구,김량장동,2000,45,0,30,9.07,중,"북향,교통 생활 편리한 시내권 원룸",https://www.zigbang.com/home/apt/items/49568900
2026-07-03 07:38:14,오피스텔,49518532,월세,01,경기도 용인시 처인구 김량장동,용인시 처인구,김량장동,500,60,0,34.45,10.42,중,"용인터미널부근, 원룸형주거용오피스텔.",https://www.zigbang.com/home/apt/items/49518532
2026-07-03 07:38:14,오피스텔,49382498,매매,04,경기도 용인시 처인구 김량장동,용인시 처인구,김량장동,12000,0,12000,68.9,20.84,고,"용인터미널건너편,투룸형주거용오피스텔,급매물.",https://www.zigbang.com/home/apt/items/49382498
2026-07-03 07:38:14,오피스텔,49518601,월세,01,경기도 용인시 처인구 김량장동,용인시 처인구,김량장동,2000,50,0,34.45,10.42,8,"용인터미널 건너편, 주거용오피스텔.",https://www.zigbang.com/home/apt/items/49518601
2026-07-03 07:38:14,오피스텔,49575510,매매,01,경기도 용인시 처인구 김량장동,용인시 처인구,김량장동,6800,0,6800,34.45,10.42,4,"용인터미널부근,원룸형오피스텔,급매물.",https://www.zigbang.com/home/apt/items/49575510
2026-07-03 07:38:14,오피스텔,49439103,매매,01,경기도 용인시 처인구 김량장동,용인시 처인구,김량장동,6600,0,6600,33.05,10.0,3,용인터미널옆 에스원스마트빌 오피스텔주차불가,https://www.zigbang.com/home/apt/items/49439103
2026-07-03 07:38:14,오피스텔,49345275,월세,01,세종시 세종 조치원읍 상리,,조치원읍,200,32,0,24,7.26,고,"오피스텔형 원룸 , 풀셋팅",https://www.zigbang.com/home/apt/items/49345275
2026-07-03 07:38:14,오피스텔,49507840,월세,01,세종시 세종 조치원읍 원리,,조치원읍,200,32,0,21,6.35,4,인프라 최고  준신축 원룸,https://www.zigbang.com/home/apt/items/49507840
2026-07-03 07:38:14,오피스텔,49311468,월세,01,세종시 세종 조치원읍 남리,,조치원읍,100,32,0,23.14,7.0,중,준신축 햇살가득한 방 풀셋팅,https://www.zigbang.com/home/apt/items/49311468
2026-07-03 07:38:14,오피스텔,49507828,월세,01,세종시 세종 조치원읍 원리,,조치원읍,500,40,0,36.36,11.0,고,인프라 최강  신축급,https://www.zigbang.com/home/apt/items/49507828
2026-07-03 07:38:14,오피스텔,49311336,월세,01,세종시 세종 조치원읍 남리,,조치원읍,200,30,0,24,7.26,고,햇살가득한 오피스텔형 원룸,https://www.zigbang.com/home/apt/items/49311336
2026-07-03 07:38:15,오피스텔,49564094,매매,02,충청북도 청주시 흥덕구 외북동,청주시 흥덕구,외북동,13500,0,13500,77.39,23.41,6,"갭투자 가능 풀옵션투베이, 사무실사용최적, 사원기숙사 인기",https://www.zigbang.com/home/apt/items/49564094
2026-07-03 07:38:15,오피스텔,49569746,월세,01,충청북도 청주시 청원구 오창읍 양청리,청주시 청원구,오창읍,300,55,0,44,13.31,고,ll 부가세없음 ll 즉시입주가능 ll 호수뷰 ll,https://www.zigbang.com/home/apt/items/49569746
2026-07-03 07:38:15,오피스텔,49287101,월세,01,충청북도 청주시 청원구 오창읍 양청리,청주시 청원구,오창읍,300,50,0,44,13.31,고,"엘파크 로얄층, 7월초, 단기조정가능",https://www.zigbang.com/home/apt/items/49287101
2026-07-03 07:38:15,오피스텔,49583997,월세,01,충청북도 청주시 청원구 오창읍 양청리,청주시 청원구,오창읍,300,50,0,43.5,13.16,중,ll 햇살좋은 ll 중심상업지 ll 구조이쁜원룸 ll,https://www.zigbang.com/home/apt/items/49583997
2026-07-03 07:38:15,오피스텔,49352497,전세,04,충청북도 청주시 청원구 오창읍 양청리,청주시 청원구,오창읍,9000,0,0,68,20.57,중,ll 귀한전세 ll 엘파크 투룸 ll,https://www.zigbang.com/home/apt/items/49352497
2026-07-03 07:38:15,오피스텔,49463794,월세,01,충청북도 청주시 청원구 오창읍 양청리,청주시 청원구,오창읍,300,60,0,47.01,14.22,고,"즉시입주, 신축 풀옵션, 단기가능",https://www.zigbang.com/home/apt/items/49463794
2026-07-03 07:38:15,오피스텔,49483509,월세,04,충청북도 청주시 청원구 오창읍 양청리,청주시 청원구,오창읍,500,77,0,59.5,18.0,저,"전입가능, 주거용 오피스텔, 7월7일이후 입주가능",https://www.zigbang.com/home/apt/items/49483509
2026-07-03 07:38:15,오피스텔,49389349,월세,01,충청북도 청주시 청원구 오창읍 양청리,청주시 청원구,오창읍,300,50,0,44,13.31,저,ll  A타입 ll 오피스형원룸 ll,https://www.zigbang.com/home/apt/items/49389349
2026-07-03 07:38:15,오피스텔,49575221,월세,01,충청북도 청주시 상당구 북문로2가,청주시 상당구,북문로2가,300,35,0,39.66,12.0,중,월세최저가   완전풀옵션,https://www.zigbang.com/home/apt/items/49575221
2026-07-03 07:38:15,오피스텔,49534308,월세,04,충청북도 청주시 흥덕구 봉명동,청주시 흥덕구,봉명동,500,70,0,42.85,12.96,저,봉명사거리 투룸오피스텔 월세,https://www.zigbang.com/home/apt/items/49534308
2026-07-03 07:38:15,오피스텔,49584478,월세,04,충청북도 청주시 서원구 사창동,청주시 서원구,사창동,1000,70,0,83.47,25.25,고,에덴투룸 내부상태 양호 빠른입주 전망좋음 교통편리,https://www.zigbang.com/home/apt/items/49584478
2026-07-03 07:38:15,오피스텔,49584452,월세,04,충청북도 청주시 흥덕구 봉명동,청주시 흥덕구,봉명동,1000,60,0,59.5,18.0,저,전망좋음 하이젠시티 남향 투룸 교통편리함,https://www.zigbang.com/home/apt/items/49584452
2026-07-03 07:38:15,오피스텔,49501923,매매,04,충청북도 청주시 흥덕구 봉명동,청주시 흥덕구,봉명동,10500,0,10500,56.2,17.0,고,봉명사거리 투룸형오피스텔 고층 매매,https://www.zigbang.com/home/apt/items/49501923
2026-07-03 07:38:15,오피스텔,49584491,월세,01,충청북도 청주시 서원구 사창동,청주시 서원구,사창동,500,50,0,49.74,15.05,3,하트리움에덴  오픈형원룸 교통편리함,https://www.zigbang.com/home/apt/items/49584491
2026-07-03 07:38:15,오피스텔,49518790,매매,04,충청북도 청주시 흥덕구 봉명동,청주시 흥덕구,봉명동,11000,0,11000,60,18.15,고,봉명동 하이젠시티 고층 투룸형 매매,https://www.zigbang.com/home/apt/items/49518790
2026-07-03 07:38:15,오피스텔,49549964,월세,02,충청북도 청주시 서원구 사창동,청주시 서원구,사창동,500,50,0,43.29,13.1,중,남향원룸 베란다 사창사거리 교통편리 내부상쾌 즉시입주,https://www.zigbang.com/home/apt/items/49549964
2026-07-03 07:38:15,오피스텔,49315430,전세,04,충청북도 청주시 흥덕구 봉명동,청주시 흥덕구,봉명동,10500,0,0,58.98,17.84,고,"봉명사거리 오피스텔투룸 전세, 반려동물가능",https://www.zigbang.com/home/apt/items/49315430
2026-07-03 07:38:15,오피스텔,49143202,월세,02,충청북도 청주시 흥덕구 봉명동,청주시 흥덕구,봉명동,500,55,0,51.73,15.65,2,사창사거리인근 오피스텔 투베이월세,https://www.zigbang.com/home/apt/items/49143202
2026-07-03 07:38:16,오피스텔,49501480,월세,01,충청북도 청주시 청원구 오창읍 송대리,청주시 청원구,오창읍,200,40,0,26.45,8.0,중,ll 중층뻥뷰 ll 즉시입주 ll,https://www.zigbang.com/home/apt/items/49501480
2026-07-03 07:38:16,오피스텔,49564010,월세,01,충청북도 청주시 청원구 오창읍 송대리,청주시 청원구,오창읍,200,40,0,26.45,8.0,20,ll 귀한탑층매물 ll 부가세없는호실 ll,https://www.zigbang.com/home/apt/items/49564010
2026-07-03 07:38:16,오피스텔,48991601,월세,01,충청북도 청주시 청원구 오창읍 송대리,청주시 청원구,오창읍,200,35,0,36.51,11.04,중,"즉시 입주가능, 풀옵션 원룸형, 6개월단기",https://www.zigbang.com/home/apt/items/48991601
2026-07-03 07:38:16,오피스텔,49287156,월세,01,충청북도 청주시 청원구 오창읍 송대리,청주시 청원구,오창읍,200,35,0,29.75,9.0,중,"빠른입주, 깔끔한 원룸 풀옵션, 단기가능",https://www.zigbang.com/home/apt/items/49287156
2026-07-03 07:38:16,오피스텔,49501489,월세,01,충청북도 청주시 청원구 오창읍 송대리,청주시 청원구,오창읍,200,40,0,26.45,8.0,10,ll  당일입주 ll 최저가선점 ll,https://www.zigbang.com/home/apt/items/49501489
2026-07-03 07:38:16,오피스텔,49512854,월세,01,충청북도 청주시 청원구 오창읍 송대리,청주시 청원구,오창읍,200,40,0,26.45,8.0,20,ll 귀한탑층월세 ll,https://www.zigbang.com/home/apt/items/49512854
2026-07-03 07:38:16,오피스텔,49501483,월세,01,충청북도 청주시 청원구 오창읍 송대리,청주시 청원구,오창읍,200,40,0,26.45,8.0,중,ll 최저가월세  ll 즉시입주 ll,https://www.zigbang.com/home/apt/items/49501483
2026-07-03 07:38:16,오피스텔,49559819,월세,05,충청북도 청주시 청원구 우암동,청주시 청원구,우암동,2000,60,0,128.1,38.75,3,우암동 라임미소가 주거용오피스텔 월세 입니다,https://www.zigbang.com/home/apt/items/49559819
2026-07-03 07:38:16,오피스텔,49560181,월세,05,충청북도 청주시 흥덕구 송절동,청주시 흥덕구,송절동,3000,130,0,164.17,49.66,23,시스템에어컨  인덕션,https://www.zigbang.com/home/apt/items/49560181
2026-07-03 07:38:16,오피스텔,49555698,매매,05,충청북도 청주시 흥덕구 송절동,청주시 흥덕구,송절동,38700,0,38700,163.93,49.59,고,탑층으로  층간소음 걱정 없어요,https://www.zigbang.com/home/apt/items/49555698
2026-07-03 07:38:16,오피스텔,49561379,매매,05,충청북도 청주시 흥덕구 송절동,청주시 흥덕구,송절동,34300,0,34300,113.58,34.36,중,개인사정으로 마이너스3000만원 합니다,https://www.zigbang.com/home/apt/items/49561379
2026-07-03 07:38:16,오피스텔,49559050,전세,05,충청북도 청주시 흥덕구 송절동,청주시 흥덕구,송절동,28000,0,0,163.93,49.59,중,가장 저렴한  전세 매물.  주소이전가능,https://www.zigbang.com/home/apt/items/49559050
2026-07-03 07:38:16,오피스텔,49564666,전세,05,충청북도 청주시 흥덕구 송절동,청주시 흥덕구,송절동,28000,0,0,113.58,34.36,고,가장 저렴한 전세금 주소이전가능,https://www.zigbang.com/home/apt/items/49564666
2026-07-03 07:38:18,오피스텔,49437119,매매,01,충청북도 음성군 맹동면 두성리,음성군,맹동면,8000,0,8000,56,16.94,8,보증금500만월50만세안고매매  공실이 거의 없어요,https://www.zigbang.com/home/apt/items/49437119
2026-07-03 07:38:18,오피스텔,49420660,월세,01,충청북도 음성군 맹동면 두성리,음성군,맹동면,300,55,0,57.58,17.42,고,탁트인 조망  산뷰  인기 많은 저렴한 오피스텔 전입신고x,https://www.zigbang.com/home/apt/items/49420660
2026-07-03 07:38:18,오피스텔,49419436,월세,01,충청북도 음성군 맹동면 두성리,음성군,맹동면,500,50,0,57.58,17.42,8,호텔급 내부시설 최신시설   발코니유 8월12일 이후 입주,https://www.zigbang.com/home/apt/items/49419436
2026-07-03 07:38:28,오피스텔,49498637,전세,03,경기도 시흥시 정왕동,시흥시,정왕동,6000,0,0,76,22.99,6,"전세대출가능. 빠른입주. 주차편리,옵션있음.",https://www.zigbang.com/home/apt/items/49498637
2026-07-03 07:38:28,오피스텔,49453707,월세,03,경기도 시흥시 정왕동,시흥시,정왕동,500,45,0,75.88,22.95,6,즉시입주가능. 복층구조 옵션있음. 주차편리,https://www.zigbang.com/home/apt/items/49453707
2026-07-03 07:38:28,오피스텔,49428945,월세,03,경기도 시흥시 정왕동,시흥시,정왕동,500,45,0,68.98,20.87,5,복층구조 녹지전망. 빠른입주가능함.,https://www.zigbang.com/home/apt/items/49428945
2026-07-03 07:38:28,오피스텔,49428941,월세,01,경기도 시흥시 정왕동,시흥시,정왕동,300,29,0,47.76,14.45,2,도배 청소완료. 즉시입주 원룸형 복도안에 위치함,https://www.zigbang.com/home/apt/items/49428941
2026-07-03 07:38:29,오피스텔,49520906,전세,01,인천시 연수구 연수동,연수구,연수동,7000,0,0,69.42,21.0,8,연수역초역세권 만인타워 오피스텔 21평형  전세,https://www.zigbang.com/home/apt/items/49520906
2026-07-03 07:38:29,오피스텔,49390372,월세,01,인천시 연수구 연수동,연수구,연수동,500,40,0,49,14.82,중,연수동 연수역 바로앞 오피스텔,https://www.zigbang.com/home/apt/items/49390372
2026-07-03 07:38:29,오피스텔,49390321,월세,03,인천시 연수구 연수동,연수구,연수동,500,45,0,42.97,13.0,고,두손메카 오피스텔,https://www.zigbang.com/home/apt/items/49390321
2026-07-03 07:38:29,오피스텔,49531817,월세,01,인천시 연수구 연수동,연수구,연수동,300,45,0,46.28,14.0,중,연수동 깨끗한 오피스텔,https://www.zigbang.com/home/apt/items/49531817
2026-07-03 07:38:29,오피스텔,49390341,월세,01,인천시 연수구 연수동,연수구,연수동,300,35,0,33.06,10.0,7,연수동 중심가 오피스텔,https://www.zigbang.com/home/apt/items/49390341
2026-07-03 07:38:29,오피스텔,49414509,월세,04,인천시 연수구 청학동,연수구,청학동,2000,85,0,128.92,39.0,3,연수역 초역세권 연수푸르지오오피스텔  39평형 월세 전입0,https://www.zigbang.com/home/apt/items/49414509
2026-07-03 07:38:29,오피스텔,49499341,월세,01,인천시 연수구 연수동,연수구,연수동,300,35,0,43,13.01,10,수인선 연수역 초역세권 메카리움오피스텔 월세 전입불가,https://www.zigbang.com/home/apt/items/49499341
2026-07-03 07:38:29,오피스텔,49270127,월세,02,인천시 연수구 연수동,연수구,연수동,1000,75,0,103,31.16,3,"수인선 연수역초역세권,연수푸르지오오피스텔,31평형,전입불가",https://www.zigbang.com/home/apt/items/49270127
2026-07-03 07:38:29,오피스텔,49251879,월세,05,인천시 연수구 연수동,연수구,연수동,2000,85,0,72.72,22.0,중,"연수역 이레하이니스오피스텔 22평형 전세,방3개 부가세별도",https://www.zigbang.com/home/apt/items/49251879
2026-07-03 07:38:29,오피스텔,49390357,월세,01,인천시 연수구 연수동,연수구,연수동,50,32,0,19.83,6.0,8,연수동  무보증 단기임대  오피스텔,https://www.zigbang.com/home/apt/items/49390357
2026-07-03 07:38:30,오피스텔,49486998,월세,01,경기도 시흥시 정왕동,시흥시,정왕동,500,48,0,27.26,8.25,중,식자재.정왕역도보 주차시설이 잘되어있어요,https://www.zigbang.com/home/apt/items/49486998
2026-07-03 07:38:30,오피스텔,49270263,월세,01,경기도 시흥시 정왕동,시흥시,정왕동,400,40,0,43.41,13.13,고,깔끔한 원룸 정왕역바로앞,https://www.zigbang.com/home/apt/items/49270263
2026-07-03 07:38:30,오피스텔,49404498,월세,01,경기도 시흥시 정왕동,시흥시,정왕동,500,40,0,43.41,13.13,6,전입가능  올수리하여 깨끗함 남서향집으로 완전환해요,https://www.zigbang.com/home/apt/items/49404498
2026-07-03 07:38:30,오피스텔,49431676,월세,01,경기도 시흥시 정왕동,시흥시,정왕동,1000,46,0,14.31,4.33,3,"신축급 오피스텔, 안전 보장 보안 최상",https://www.zigbang.com/home/apt/items/49431676
2026-07-03 07:38:30,오피스텔,49486991,월세,01,경기도 시흥시 정왕동,시흥시,정왕동,300,50,0,27.16,8.22,고,정왕역도보 풀옵션 빌트인,https://www.zigbang.com/home/apt/items/49486991
2026-07-03 07:38:30,오피스텔,49487004,월세,01,경기도 시흥시 정왕동,시흥시,정왕동,300,50,0,27.16,8.22,저,위치좋고 깔끔한 원룸,https://www.zigbang.com/home/apt/items/49487004
2026-07-03 07:38:30,오피스텔,49578086,매매,01,경기도 시흥시 정왕동,시흥시,정왕동,5500,0,5500,37.9,11.46,고,정왕역앞 위치 좋고 편의시설인접,https://www.zigbang.com/home/apt/items/49578086
2026-07-03 07:38:30,오피스텔,49392487,전세,03,경기도 시흥시 정왕동,시흥시,정왕동,4200,0,0,42.65,12.9,3,ㅇㅕㄱㅣㅇㅓㄸㅐ  깔끔한 복층 오피스텔,https://www.zigbang.com/home/apt/items/49392487
2026-07-03 07:38:30,오피스텔,49431685,월세,01,경기도 시흥시 정왕동,시흥시,정왕동,500,48,0,27.26,8.25,저,"신축급 오피스텔, 안전 보장, 침대",https://www.zigbang.com/home/apt/items/49431685
2026-07-03 07:38:30,오피스텔,49480689,월세,04,경기도 시흥시 정왕동,시흥시,정왕동,1000,80,0,61.36,18.56,2,"신축 빌라, 주차는 세대당 1대 가능, 승강기",https://www.zigbang.com/home/apt/items/49480689
2026-07-03 07:38:30,오피스텔,49431647,월세,01,경기도 시흥시 정왕동,시흥시,정왕동,500,48,0,89.1,26.95,11,"정왕동 제일 안전한 오피스텔,시설 아주 좋아유",https://www.zigbang.com/home/apt/items/49431647
2026-07-03 07:38:30,오피스텔,49524272,월세,01,경기도 시흥시 월곶동,시흥시,월곶동,300,32,0,28,8.47,8,"빠른입주가능,월곶역바로앞 풀옵션 원룸,남서향",https://www.zigbang.com/home/apt/items/49524272
2026-07-03 07:38:30,오피스텔,49546106,월세,02,경기도 시흥시 월곶동,시흥시,월곶동,500,65,0,63.31,19.15,14,"귀한1.5룸,풀옵션,월곶역앞.전입신고가능,8월말입주가능",https://www.zigbang.com/home/apt/items/49546106
2026-07-03 07:38:30,오피스텔,49533318,월세,04,경기도 시흥시 월곶동,시흥시,월곶동,1000,80,0,101.06,30.57,18,"공실,즉시입주가능업무용,방2,넓은거실,확트인 남서향,바다뷰",https://www.zigbang.com/home/apt/items/49533318
2026-07-03 07:38:30,오피스텔,49524464,월세,01,경기도 시흥시 월곶동,시흥시,월곶동,300,40,0,28,8.47,고,"남서향,월곶역앞,깨끗함,풀옵션원룸,8월말입주가능",https://www.zigbang.com/home/apt/items/49524464
2026-07-03 07:38:30,오피스텔,49505306,월세,01,경기도 시흥시 월곶동,시흥시,월곶동,300,30,0,34.2,10.35,4,"공실,즉시입주가능,남서향,빠른입주가능,월곶역세권",https://www.zigbang.com/home/apt/items/49505306
2026-07-03 07:38:31,오피스텔,49361681,월세,04,경기도 시흥시 능곡동,시흥시,능곡동,1000,110,0,113.58,34.36,6,"전입신고 가능, 시흥능곡역 2번 출구 바로 앞 오피스텔",https://www.zigbang.com/home/apt/items/49361681
2026-07-03 07:38:31,오피스텔,49392978,매매,01,경기도 시흥시 장현동,시흥시,장현동,10000,0,10000,22.83,6.91,2,"풀옵션 원룸, 시흥시청역에서 도보로 약 5분거리",https://www.zigbang.com/home/apt/items/49392978
2026-07-03 07:38:31,오피스텔,49369738,전세,01,경기도 시흥시 장현동,시흥시,장현동,9500,0,0,22.83,6.91,6,"시흥시청역에서 도보로 약5분거리, 풀옵션 원룸",https://www.zigbang.com/home/apt/items/49369738
2026-07-03 07:38:31,오피스텔,49307300,월세,04,경기도 시흥시 장현동,시흥시,장현동,3000,100,0,123.21,37.27,10,"전입신고 가능, 풀옵션 투룸 오피스텔입니다.",https://www.zigbang.com/home/apt/items/49307300
2026-07-03 07:38:31,오피스텔,49314603,월세,05,경기도 시흥시 장현동,시흥시,장현동,500,110,0,83.76,25.34,저,"ㅇㅕㄱㅣㅇㅓㄸㅐ  단기, 신축 첫입주급 오피스텔",https://www.zigbang.com/home/apt/items/49314603
2026-07-03 07:38:31,오피스텔,49490882,월세,01,경기도 시흥시 신천동,시흥시,신천동,1000,60,0,60.86,18.41,3,신천역초역세권  신축오피스텔  풀옵션 주차가능전입가능,https://www.zigbang.com/home/apt/items/49490882
2026-07-03 07:38:31,오피스텔,49561277,전세,05,경기도 안산시 상록구 수암동,안산시 상록구,수암동,22900,0,0,89.25,27.0,저,"신축 5년차, 테라스 있는 쓰리룸, 9월말 입주 가능합니다",https://www.zigbang.com/home/apt/items/49561277
2026-07-03 07:38:31,오피스텔,49400577,월세,01,인천시 영종구 중산동,영종구,중산동,200,33,0,66.12,20.0,고,탁트인  바다뷰 침대풀옵션,https://www.zigbang.com/home/apt/items/49400577
2026-07-03 07:38:31,오피스텔,49451143,월세,03,인천시 영종구 중산동,영종구,중산동,200,37,0,33.06,10.0,6,"복층 풀옵션 테라스 , 주차원활ㆍ중개비없음",https://www.zigbang.com/home/apt/items/49451143
2026-07-03 07:38:31,오피스텔,49550748,월세,03,인천시 영종구 중산동,영종구,중산동,200,40,0,44.88,13.58,중,"신축, 복층형원룸, 남동향, 오션뷰, 테라스O, 채광 좋음",https://www.zigbang.com/home/apt/items/49550748
2026-07-03 07:38:31,오피스텔,49550785,월세,01,인천시 영종구 중산동,영종구,중산동,200,37,0,44.88,13.58,고,"신축, 원룸, 시티뷰, 테라스O, 단기 가능, 빠른 입주",https://www.zigbang.com/home/apt/items/49550785
2026-07-03 07:38:31,오피스텔,49550816,월세,03,인천시 영종구 중산동,영종구,중산동,200,50,0,38.69,11.7,중,"신축, 복층형원룸, 남동향, 파노라마 오션뷰, 빠른 입주",https://www.zigbang.com/home/apt/items/49550816
2026-07-03 07:38:31,오피스텔,49550997,월세,03,인천시 영종구 중산동,영종구,중산동,200,45,0,39.55,11.96,저,"신축, 복층형 원룸, 남동향O, 오션뷰O, 테라스O, 공실",https://www.zigbang.com/home/apt/items/49550997
2026-07-03 07:38:31,오피스텔,49583844,월세,03,인천시 영종구 중산동,영종구,중산동,200,40,0,40,12.1,고,十풀옵션十내부컨디션좋음十최저가월세十빠른입주가능十,https://www.zigbang.com/home/apt/items/49583844
2026-07-03 07:38:31,오피스텔,49583365,월세,03,인천시 영종구 중산동,영종구,중산동,200,45,0,39,11.8,중,十테라스十전면오션뷰十빠른입주가능十내부컨디션좋음十,https://www.zigbang.com/home/apt/items/49583365
2026-07-03 07:38:31,오피스텔,49465705,월세,03,인천시 영종구 중산동,영종구,중산동,300,45,0,39.13,11.84,18,"귀한전입가능매물,풀옵션,바다뷰",https://www.zigbang.com/home/apt/items/49465705
2026-07-03 07:38:31,오피스텔,49429276,월세,01,인천시 영종구 중산동,영종구,중산동,300,35,0,42.31,12.8,20,"전입불가,넓은 드레스룸, 테라스 세대,사이오션뷰",https://www.zigbang.com/home/apt/items/49429276
2026-07-03 07:38:31,오피스텔,49525877,월세,03,인천시 영종구 중산동,영종구,중산동,200,40,0,39,11.8,중,十사이오션뷰十테라스十최저가월세十내부컨디션좋음十빠른입주가능十,https://www.zigbang.com/home/apt/items/49525877
2026-07-03 07:38:31,오피스텔,49550780,월세,01,인천시 영종구 중산동,영종구,중산동,200,37,0,42.29,12.79,12,"신축,풀옵션O,오션뷰O,남동향,파노라마 오션뷰, 즉시 입주",https://www.zigbang.com/home/apt/items/49550780
2026-07-03 07:38:31,오피스텔,49590825,월세,01,인천시 영종구 중산동,영종구,중산동,200,38,0,39.67,12.0,중,탁트인 시티뷰  고층 ㆍ테라스  풀옵션ㆍ단기가능,https://www.zigbang.com/home/apt/items/49590825
2026-07-03 07:38:34,오피스텔,49363736,전세,02,서울시 구로구 천왕동,구로구,천왕동,21800,0,0,38.63,11.69,3,천왕역이용가능 테라스 풀옵션 1.5룸 복층 오피스텔 전세,https://www.zigbang.com/home/apt/items/49363736
2026-07-03 07:38:34,오피스텔,49388006,전세,03,서울시 구로구 천왕동,구로구,천왕동,21800,0,0,38.63,11.69,중,방1개거실1개화장실1개복층 전세 2억 1800만원,https://www.zigbang.com/home/apt/items/49388006
2026-07-03 07:38:34,오피스텔,49495590,월세,04,서울시 구로구 천왕동,구로구,천왕동,5000,110,0,50,15.12,중,"투룸 실14평 모든보증금 가능,전세대출,보증보험ok",https://www.zigbang.com/home/apt/items/49495590
2026-07-03 07:38:34,오피스텔,49440608,월세,01,서울시 구로구 고척동,구로구,고척동,10000,35,0,33,9.98,5,"허그보증보험가능, 반전세,LH가능",https://www.zigbang.com/home/apt/items/49440608
2026-07-03 07:38:34,오피스텔,49515644,월세,02,서울시 구로구 고척동,구로구,고척동,500,59,0,23,6.96,2,즉시입주 넓은 분리형원룸 주차가능,https://www.zigbang.com/home/apt/items/49515644
2026-07-03 07:38:35,오피스텔,49585400,월세,04,경기도 김포시 고촌읍 신곡리,김포시,고촌읍,150,85,0,44.81,13.55,14,고촌역 이용가능 풀옵션 투룸 오피스텔 단기월세,https://www.zigbang.com/home/apt/items/49585400
2026-07-03 07:38:35,오피스텔,49420044,전세,04,경기도 김포시 고촌읍 신곡리,김포시,고촌읍,19800,0,0,79.75,24.12,중,"전세보증보험ok, 고촌역3분거리, 투룸, 풀옵션 오피스텔",https://www.zigbang.com/home/apt/items/49420044
2026-07-03 07:38:35,오피스텔,49552480,전세,01,경기도 김포시 고촌읍 신곡리,김포시,고촌읍,8000,0,0,47.67,14.42,5,"고촌역1분,주거용,전입가능,보증보험ok",https://www.zigbang.com/home/apt/items/49552480
2026-07-03 07:38:35,오피스텔,49512266,월세,04,경기도 김포시 고촌읍 신곡리,김포시,고촌읍,150,85,0,47.52,14.37,11,고촌역 초역세권 풀옵션 투룸 단기방,https://www.zigbang.com/home/apt/items/49512266
2026-07-03 07:38:35,오피스텔,49474199,월세,04,경기도 김포시 고촌읍 신곡리,김포시,고촌읍,150,85,0,47.52,14.37,11,고촌역 가까운 단기가능 투룸 오피스텔,https://www.zigbang.com/home/apt/items/49474199
2026-07-03 07:38:35,오피스텔,49542079,월세,02,경기도 김포시 고촌읍 신곡리,김포시,고촌읍,75,75,0,44.81,13.55,4,3개월치씩 선납하는 풀옵션 1.5룸 저보증금 단기매물,https://www.zigbang.com/home/apt/items/49542079
2026-07-03 07:38:35,오피스텔,49589091,월세,02,경기도 김포시 고촌읍 신곡리,김포시,고촌읍,500,55,0,46.37,14.03,4,"고촌역세권,풀옵션,업무용,9월말입주가능",https://www.zigbang.com/home/apt/items/49589091
2026-07-03 07:38:35,오피스텔,49511055,월세,04,경기도 김포시 고촌읍 신곡리,김포시,고촌읍,150,85,0,47.52,14.37,11,한달씩 월세납부 고촌역 2룸 풀옵션 미리내고촌 오피스텔,https://www.zigbang.com/home/apt/items/49511055
2026-07-03 07:38:35,오피스텔,49533540,월세,02,경기도 김포시 고촌읍 신곡리,김포시,고촌읍,2000,80,0,83.5,25.26,고,"풀옵션,업무용,인기많은 특수타입",https://www.zigbang.com/home/apt/items/49533540
2026-07-03 07:38:35,오피스텔,49384577,월세,04,경기도 김포시 고촌읍,김포시,고촌읍,3000,190,0,129.14,39.06,15,"전용17.7p 주거용 풀옵션 오피스텔, 빠른 입주가능",https://www.zigbang.com/home/apt/items/49384577
2026-07-03 07:38:35,오피스텔,49535402,월세,02,경기도 김포시 고촌읍 신곡리,김포시,고촌읍,500,60,0,56.77,17.17,10,"풀옵션,1.5룸,빠른입주가능,업무용,부가세별도",https://www.zigbang.com/home/apt/items/49535402
2026-07-03 07:38:35,오피스텔,49586881,매매,05,경기도 김포시 고촌읍 신곡리,김포시,고촌읍,24500,0,24500,68.03,20.58,5,신축 컨디션 그대로 깨끗한집,https://www.zigbang.com/home/apt/items/49586881
2026-07-03 07:38:35,오피스텔,49539795,월세,03,서울시 은평구 신사동,은평구,신사동,1000,60,0,46.3,14.01,4,응암역 도보 3분 복층 오피스텔 월세정원 오피스텔,https://www.zigbang.com/home/apt/items/49539795
2026-07-03 07:38:35,오피스텔,49556513,매매,02,경기도 고양시 덕양구 향동동,고양시 덕양구,향동동,21000,0,21000,69.42,21.0,4,입주협의 완전초특급급매 완전저렴한집 복층 남향 전망굳,https://www.zigbang.com/home/apt/items/49556513
2026-07-03 07:38:35,오피스텔,49449717,월세,01,서울시 마포구 상암동,마포구,상암동,4000,56,0,47,14.22,고,"전입신고,확정일자 가능,풀옵션,주차 가능해요",https://www.zigbang.com/home/apt/items/49449717
2026-07-03 07:38:35,오피스텔,49544549,월세,02,경기도 고양시 덕양구 향동동,고양시 덕양구,향동동,1000,90,0,66.12,20.0,16,남향 부가세별도 사업자 복층 전망굳 9월20일입주,https://www.zigbang.com/home/apt/items/49544549
2026-07-03 07:38:35,오피스텔,49562819,전세,02,경기도 고양시 덕양구 향동동,고양시 덕양구,향동동,21000,0,0,76.6,23.17,고,향동동...전입되는 풀옵션 복층집,https://www.zigbang.com/home/apt/items/49562819
2026-07-03 07:38:35,오피스텔,49544592,월세,03,경기도 고양시 덕양구 향동동,고양시 덕양구,향동동,5000,85,0,76.33,23.09,15,입주7월협의 남향 전망굳 전세자금대출가능 복층,https://www.zigbang.com/home/apt/items/49544592
2026-07-03 07:38:35,오피스텔,49445637,월세,02,경기도 고양시 덕양구 향동동,고양시 덕양구,향동동,1000,85,0,29.79,9.01,고,9평 1.5룸 복층I쾌적하고 조용한 향동I풀옵션,https://www.zigbang.com/home/apt/items/49445637
2026-07-03 07:38:35,오피스텔,49544474,월세,03,경기도 고양시 덕양구 향동동,고양시 덕양구,향동동,1000,85,0,69.42,21.0,6,부가세별도 I 햇살좋은 남향 I 8월입주가,https://www.zigbang.com/home/apt/items/49544474
2026-07-03 07:38:35,오피스텔,49558974,월세,03,경기도 고양시 덕양구 향동동,고양시 덕양구,향동동,500,80,0,19.99,6.05,저,세대내에 개인테라스 복층 원룸 ㅣ상암동 5분거리,https://www.zigbang.com/home/apt/items/49558974
2026-07-03 07:38:35,오피스텔,49544813,월세,01,경기도 고양시 덕양구 향동동,고양시 덕양구,향동동,1000,85,0,69.42,21.0,10,입주협의 시원한전망 사업자 부가세별도 복층 전망좋은집,https://www.zigbang.com/home/apt/items/49544813
2026-07-03 07:38:35,오피스텔,49559005,월세,02,경기도 고양시 덕양구 향동동,고양시 덕양구,향동동,1000,100,0,29.99,9.07,중,빠른입주가능 I전입가능한 뷰좋고 쾌적한 1.5룸 복층,https://www.zigbang.com/home/apt/items/49559005
2026-07-03 07:38:35,오피스텔,49559146,월세,03,경기도 고양시 덕양구 향동동,고양시 덕양구,향동동,500,75,0,21,6.35,중,보증금조율가능I깨끗한 원룸복층I빠른입주I단기협의가능,https://www.zigbang.com/home/apt/items/49559146
2026-07-03 07:38:35,오피스텔,49546986,월세,02,경기도 고양시 덕양구 향동동,고양시 덕양구,향동동,1000,85,0,76,22.99,9,"전용넓은 1.5룸 복층구조,환하게 밝음,전입X",https://www.zigbang.com/home/apt/items/49546986
2026-07-03 07:38:35,오피스텔,49559110,월세,03,경기도 고양시 덕양구 향동동,고양시 덕양구,향동동,700,70,0,19.93,6.03,고,월70 복층 원룸 ㅣ개인창고와 헬스시설 OK ㅣ드레스룸,https://www.zigbang.com/home/apt/items/49559110
2026-07-03 07:38:35,오피스텔,49547694,월세,01,경기도 고양시 덕양구 향동동,고양시 덕양구,향동동,1000,70,0,55.16,16.69,고,"알뜰살뜰 넓게 구조 잘 빠진 오피스텔,전입X",https://www.zigbang.com/home/apt/items/49547694
2026-07-03 07:38:36,오피스텔,49554761,전세,04,경기도 군포시 도마교동,군포시,도마교동,21000,0,0,43.39,13.13,중,8월말 입주 협의가능,https://www.zigbang.com/home/apt/items/49554761
2026-07-03 07:38:36,오피스텔,49244641,매매,04,경기도 군포시 부곡동,군포시,부곡동,18000,0,18000,96.12,29.08,고,투룸 복층 풀옵션 오피스텔입니다. 투자용,https://www.zigbang.com/home/apt/items/49244641
2026-07-03 07:38:36,오피스텔,49574100,월세,03,경기도 군포시 도마교동,군포시,도마교동,500,60,0,56.4,17.06,11,전입신고 불가. 사업자 있는분만 연락주세요,https://www.zigbang.com/home/apt/items/49574100
2026-07-03 07:38:36,오피스텔,49442588,월세,04,경기도 군포시 당동,군포시,당동,9600,5,0,57.52,17.4,2,전세대출가능.반환보증보험가능.융무.상담필수.LH안됨,https://www.zigbang.com/home/apt/items/49442588
2026-07-03 07:38:36,오피스텔,49442897,월세,02,경기도 군포시 당동,군포시,당동,8600,5,0,48.07,14.54,3,분리형.1.5룸.모든대출가능.반환보증보험가능.남향으로햇빛좋,https://www.zigbang.com/home/apt/items/49442897
2026-07-03 07:38:36,오피스텔,49438603,월세,01,경기도 군포시 당동,군포시,당동,800,45,0,79.3,23.99,5,"아주넓은원룸 풀옵션.수리됨. 자주식주차, 아주좋음.",https://www.zigbang.com/home/apt/items/49438603
2026-07-03 07:38:36,오피스텔,49558351,월세,03,경기도 군포시 도마교동,군포시,도마교동,1000,65,0,56.4,17.06,15,전입신고가능. 층간소음없는 탑층,https://www.zigbang.com/home/apt/items/49558351
2026-07-03 07:38:36,오피스텔,49244653,매매,03,경기도 군포시 부곡동,군포시,부곡동,10000,0,10000,46.28,14.0,4,의왕역 초근접 풀옵션 오피스텔입니다.,https://www.zigbang.com/home/apt/items/49244653
2026-07-03 07:38:36,오피스텔,49522306,전세,01,경기도 군포시 당동,군포시,당동,7000,0,0,39.66,12.0,저,당정역 도보5분거리,https://www.zigbang.com/home/apt/items/49522306
2026-07-03 07:38:36,오피스텔,49368793,매매,03,경기도 군포시 도마교동,군포시,도마교동,9000,0,9000,56.4,17.06,3,주거용오피스텔로  투자용. 거주용 모두 가능합니다.,https://www.zigbang.com/home/apt/items/49368793
2026-07-03 07:38:36,오피스텔,49273753,월세,03,경기도 군포시 도마교동,군포시,도마교동,500,60,0,56.4,17.06,2,전입신고불가.부가세별도금액으로 사업자있는분만,https://www.zigbang.com/home/apt/items/49273753
2026-07-03 07:38:36,오피스텔,49284888,전세,04,경기도 군포시 당동,군포시,당동,10000,0,0,49.58,15.0,고,보증금대출되는  오피스텔,https://www.zigbang.com/home/apt/items/49284888
2026-07-03 07:38:36,오피스텔,49546195,월세,01,경기도 수원시 권선구 금곡동,수원시 권선구,금곡동,100,80,0,85.77,25.95,5,.R.단기계약O 주 단위O 오피스텔 넓어요,https://www.zigbang.com/home/apt/items/49546195
2026-07-03 07:38:36,오피스텔,49407866,월세,02,경기도 수원시 권선구 금곡동,수원시 권선구,금곡동,500,50,0,42.2,12.77,6,헤르메스 복층형 원룸 업무용 부가세 별도 전입안되요,https://www.zigbang.com/home/apt/items/49407866
2026-07-03 07:38:36,오피스텔,49125900,월세,04,경기도 수원시 권선구 금곡동,수원시 권선구,금곡동,2000,125,0,118.98,35.99,중,"ACE,업무용,전망굿,예쁜신축오피,투룸,알파룸,풀옵션",https://www.zigbang.com/home/apt/items/49125900
2026-07-03 07:38:36,오피스텔,49530958,월세,03,경기도 수원시 권선구 금곡동,수원시 권선구,금곡동,70,70,0,43.38,13.12,3,.R.1.5룸 복층 단기계약가능한 매물 풀옵션,https://www.zigbang.com/home/apt/items/49530958
2026-07-03 07:38:36,오피스텔,49576407,월세,04,경기도 수원시 권선구 금곡동,수원시 권선구,금곡동,1000,75,0,101.14,30.59,중,다인1차 투룸형 복층 주거용 전입가능,https://www.zigbang.com/home/apt/items/49576407
2026-07-03 07:38:36,오피스텔,49537885,월세,03,경기도 수원시 권선구 금곡동,수원시 권선구,금곡동,500,55,0,42.2,12.77,6,헤르메스 복층형 원룸 주거용 전입가능,https://www.zigbang.com/home/apt/items/49537885
2026-07-03 07:38:36,오피스텔,49362171,월세,02,경기도 수원시 권선구 금곡동,수원시 권선구,금곡동,1000,68,0,78,23.59,저,"A,전입,1.5룸,트윈복층,조용한오피스텔",https://www.zigbang.com/home/apt/items/49362171
2026-07-03 07:38:36,오피스텔,49583143,월세,01,경기도 수원시 권선구 금곡동,수원시 권선구,금곡동,1000,60,0,78.93,23.88,5,"원룸형 오피스텔,풀옵션,공원인근,상업지인근.입주협의",https://www.zigbang.com/home/apt/items/49583143
2026-07-03 07:38:36,오피스텔,49569233,월세,03,경기도 수원시 권선구 금곡동,수원시 권선구,금곡동,700,62,0,55.4,16.76,고,동광뷰엘 복층형 원룸 주거용 전입가능,https://www.zigbang.com/home/apt/items/49569233
2026-07-03 07:38:36,오피스텔,49495593,월세,05,경기도 수원시 권선구 금곡동,수원시 권선구,금곡동,6000,80,0,118.98,35.99,중,"ACE,5성급인테리어,투룸에 알파룸,밝은,풀옵션,넓은세탁실",https://www.zigbang.com/home/apt/items/49495593
2026-07-03 07:38:36,오피스텔,49537127,월세,02,경기도 수원시 권선구 금곡동,수원시 권선구,금곡동,3000,46,0,73,22.08,중,"ACE,전입,방따로,드레스룸,1.5룸복층,귀한구조,.",https://www.zigbang.com/home/apt/items/49537127
2026-07-03 07:38:36,오피스텔,49544134,월세,04,경기도 수원시 권선구 금곡동,수원시 권선구,금곡동,1000,130,0,161.6,48.88,저,ꔚ 전속매물 I 전입가능 I 즉시 I 반려가능,https://www.zigbang.com/home/apt/items/49544134
2026-07-03 07:38:36,오피스텔,49583000,전세,04,경기도 수원시 권선구 금곡동,수원시 권선구,금곡동,18500,0,0,87.82,26.57,3,"테라스 있는 2룸 오피스텔,관리잘되어있음,입주협의,풀옵션,",https://www.zigbang.com/home/apt/items/49583000
2026-07-03 07:38:36,오피스텔,49548880,전세,03,경기도 수원시 권선구 금곡동,수원시 권선구,금곡동,13000,0,0,55.4,16.76,6,동광뷰엘 복층형 원룸 전세입니다,https://www.zigbang.com/home/apt/items/49548880
2026-07-03 07:38:35,오피스텔,49359650,월세,04,서울시 강서구 등촌동,강서구,등촌동,5000,106,0,44.1,13.34,고,채광 굿 역세권 신축급 매물 풀옵션 놓치지마세요,https://www.zigbang.com/home/apt/items/49359650
2026-07-03 07:38:35,오피스텔,49586384,월세,03,서울시 강서구 등촌동,강서구,등촌동,100,100,0,49.55,14.99,9,단기월세ㅣ최소한달계약ㅣ막힘없는 뻥뷰ㅣ등촌역1분ㅣ주차넉넉,https://www.zigbang.com/home/apt/items/49586384
2026-07-03 07:38:35,오피스텔,49548794,전세,04,서울시 강서구 염창동,강서구,염창동,23500,0,0,40.37,12.21,저,버팀목 가능 보증보험 가능 융자 무 2룸 오피스텔,https://www.zigbang.com/home/apt/items/49548794
2026-07-03 07:38:35,오피스텔,49570983,월세,04,서울시 강서구 등촌동,강서구,등촌동,23000,15,0,34.89,10.55,5,"보증보험ok역세권ok청년버팀목,신혼부부대출,일반대출 등",https://www.zigbang.com/home/apt/items/49570983
2026-07-03 07:38:35,오피스텔,49540581,월세,01,서울시 강서구 염창동,강서구,염창동,1000,75,0,26.66,8.06,3,증미역6분거리. 초역세권 풀옵션 원룸. 내부깔끔. 수납풍부,https://www.zigbang.com/home/apt/items/49540581
2026-07-03 07:38:35,오피스텔,49568503,전세,04,서울시 강서구 등촌동,강서구,등촌동,33000,0,0,44.93,13.59,7,모든대출 보증보험 가능 9호선 1분 올전세,https://www.zigbang.com/home/apt/items/49568503
2026-07-03 07:38:35,오피스텔,49288639,월세,04,서울시 강서구 등촌동,강서구,등촌동,5000,92,0,32.91,9.96,중,등촌역 역세권 2번째입주 완전신축급  풀옵션 2룸 안심매물,https://www.zigbang.com/home/apt/items/49288639
2026-07-03 07:38:35,오피스텔,49506445,월세,04,서울시 강서구 등촌동,강서구,등촌동,23000,15,0,49.76,15.05,5,"모든대출,보증보험가능 2룸 풀옵션",https://www.zigbang.com/home/apt/items/49506445
2026-07-03 07:38:35,오피스텔,49568655,전세,05,서울시 강서구 등촌동,강서구,등촌동,34900,0,0,25.92,7.84,고,"등촌역 9호선 도보 1분 올전세 모든대출, 보증보험 가능",https://www.zigbang.com/home/apt/items/49568655
2026-07-03 07:38:35,오피스텔,49571573,전세,04,서울시 강서구 등촌동,강서구,등촌동,33000,0,0,44.93,13.59,중,2룸 융자 무 보증보험 가능 주차가능 등촌역 초 역세권,https://www.zigbang.com/home/apt/items/49571573
2026-07-03 07:38:35,오피스텔,49506436,전세,04,서울시 강서구 염창동,강서구,염창동,23100,0,0,42.06,12.72,9,"2룸,허그청년대출,보증보험가능,풀옵션",https://www.zigbang.com/home/apt/items/49506436
2026-07-03 07:38:35,오피스텔,49481790,월세,02,서울시 강서구 등촌동,강서구,등촌동,15000,44,0,29.82,9.02,중,"9호선증미,등촌역 도보권, 모든대출가능, 풀옵션 1.5룸",https://www.zigbang.com/home/apt/items/49481790
2026-07-03 07:38:35,오피스텔,49534388,월세,04,서울시 강서구 등촌동,강서구,등촌동,5000,140,0,48.87,14.78,6,전입 가능 I 대로변 넓직 투룸 I 풀옵션,https://www.zigbang.com/home/apt/items/49534388
2026-07-03 07:38:35,오피스텔,49411048,전세,05,서울시 강서구 등촌동,강서구,등촌동,43500,0,0,64.82,19.61,3,프리미엄 신축급 3룸 I 등촌 역세권 I 대출 보증보험,https://www.zigbang.com/home/apt/items/49411048
2026-07-03 07:38:37,오피스텔,49582535,월세,01,경기도 용인시 수지구 풍덕천동,용인시 수지구,풍덕천동,12500,9,0,42.94,12.99,12,"전입가능,주거용오피스텔,융무,주택임대사업자매물",https://www.zigbang.com/home/apt/items/49582535
2026-07-03 07:38:37,오피스텔,49532198,월세,01,경기도 용인시 수지구 풍덕천동,용인시 수지구,풍덕천동,1000,80,0,42.94,12.99,고,"8월23일이후입주,전입가능,융무,남서향",https://www.zigbang.com/home/apt/items/49532198
2026-07-03 07:38:37,오피스텔,49348129,매매,01,경기도 용인시 수지구 풍덕천동,용인시 수지구,풍덕천동,15300,0,15300,42.94,12.99,13,"26년10월입주,성복역도보5분거리,공실no",https://www.zigbang.com/home/apt/items/49348129
2026-07-03 07:38:37,오피스텔,49453998,월세,01,경기도 용인시 수지구 풍덕천동,용인시 수지구,풍덕천동,11000,35,0,42.94,12.99,13,"8월18일입주희망,전입가능한주거용오피스텔",https://www.zigbang.com/home/apt/items/49453998
2026-07-03 07:38:37,오피스텔,49454041,월세,01,경기도 용인시 수지구 풍덕천동,용인시 수지구,풍덕천동,1000,80,0,42.94,12.99,14,"융무,전입가능,정상입주",https://www.zigbang.com/home/apt/items/49454041
2026-07-03 07:38:37,오피스텔,49460780,월세,01,경기도 수원시 팔달구 인계동,수원시 팔달구,인계동,3000,20,0,39.31,11.89,9,o전입가능o가성비갑o협의입주o주차가능,https://www.zigbang.com/home/apt/items/49460780
2026-07-03 07:38:37,오피스텔,49499559,전세,03,경기도 수원시 팔달구 인계동,수원시 팔달구,인계동,7900,0,0,46.28,14.0,중,융자없음 보증보험가능 풀옵션 박스끝쪽,https://www.zigbang.com/home/apt/items/49499559
2026-07-03 07:38:37,오피스텔,49385765,월세,02,경기도 수원시 팔달구 인계동,수원시 팔달구,인계동,3400,60,0,67.31,20.36,8,"로얄ㅣ역세권1.5R,허위조심,신축깔끔,건조기풀옵,고층꿀매물",https://www.zigbang.com/home/apt/items/49385765
2026-07-03 07:38:37,오피스텔,49453024,월세,04,경기도 수원시 팔달구 인계동,수원시 팔달구,인계동,200,85,0,38.75,11.72,2,.R.깔끔 풀옵션투룸 단기O 반려동물O 주차O,https://www.zigbang.com/home/apt/items/49453024
2026-07-03 07:38:37,오피스텔,49342789,전세,02,경기도 수원시 팔달구 인계동,수원시 팔달구,인계동,12400,0,0,53.25,16.11,고,"융무,애완불가,전입가능,전세대출가능,월세3별도",https://www.zigbang.com/home/apt/items/49342789
2026-07-03 07:38:37,오피스텔,49544012,월세,04,경기도 수원시 팔달구 인계동,수원시 팔달구,인계동,150,120,0,90.76,27.45,7,에이벨 I 반려동물 가능한 투룸 I 풀옵션 I,https://www.zigbang.com/home/apt/items/49544012
2026-07-03 07:38:37,오피스텔,49562719,월세,04,경기도 수원시 팔달구 인계동,수원시 팔달구,인계동,150,120,0,90.76,27.45,7,에이벨 l 공원뷰 화이트톤 단기꿀매물 풀옵션 주차편리 l,https://www.zigbang.com/home/apt/items/49562719
2026-07-03 07:38:37,오피스텔,49554318,월세,01,경기도 수원시 팔달구 인계동,수원시 팔달구,인계동,100,60,0,31.02,9.38,11,단기매물ㅣ가성비ㅣ빠른입주ㅣ높은층ㅣ넓은원룸ㅣ풀옵션ㅣ오피스텔,https://www.zigbang.com/home/apt/items/49554318
2026-07-03 07:38:37,오피스텔,49464826,월세,01,경기도 수원시 팔달구 인계동,수원시 팔달구,인계동,500,45,0,44,13.31,중,"사이즈 넓은 복층,동수원사거리위치",https://www.zigbang.com/home/apt/items/49464826
2026-07-03 07:38:37,오피스텔,49547399,월세,04,경기도 수원시 팔달구 인계동,수원시 팔달구,인계동,150,120,0,90.76,27.45,중,반려동물가능 공원앞 풀옵션2룸,https://www.zigbang.com/home/apt/items/49547399
2026-07-03 07:38:37,오피스텔,49412998,월세,01,경기도 수원시 팔달구 인계동,수원시 팔달구,인계동,300,38,0,31.41,9.5,중,.R.깔끔한 오피스텔 전입O 즉시입주O,https://www.zigbang.com/home/apt/items/49412998
2026-07-03 07:38:37,오피스텔,49576636,월세,02,경기도 수원시 팔달구 인계동,수원시 팔달구,인계동,150,90,0,70.96,21.47,중,강아지야호Vv 신축급vv 풀옵션 분리형 쩜오룸,https://www.zigbang.com/home/apt/items/49576636
2026-07-03 07:38:37,오피스텔,49584115,월세,01,경기도 수원시 팔달구 인계동,수원시 팔달구,인계동,100,40,0,32.99,9.98,9,.R.가성비 좋은 오피스텔 전입가능 빠른입주가능,https://www.zigbang.com/home/apt/items/49584115
2026-07-03 07:38:39,오피스텔,49589210,월세,01,경기도 성남시 분당구 판교동,성남시 분당구,판교동,5000,63,0,60.49,18.3,7,"테라스형 , 저렴한월세, 밝은집 ,교통 편리",https://www.zigbang.com/home/apt/items/49589210
2026-07-03 07:38:39,오피스텔,49589173,월세,01,경기도 성남시 분당구 판교동,성남시 분당구,판교동,19800,6,0,60.49,18.3,고,"보증보험 가입, 깔끔, 교통 편리 ,빠른 입주가능",https://www.zigbang.com/home/apt/items/49589173
2026-07-03 07:38:39,오피스텔,49589198,월세,01,경기도 성남시 분당구 판교동,성남시 분당구,판교동,17000,18,0,60.49,18.3,고,"테라스형, 전망이 예쁜집, 보증보험 전액 가입해줌",https://www.zigbang.com/home/apt/items/49589198
2026-07-03 07:38:39,오피스텔,49510429,월세,02,경기도 성남시 수정구 금토동,성남시 수정구,금토동,1000,155,0,117.31,35.49,4,"O 넓은 1.5룸, 고급 풀옵션, 펜트리장.",https://www.zigbang.com/home/apt/items/49510429
2026-07-03 07:38:39,오피스텔,49449627,월세,02,경기도 성남시 수정구 금토동,성남시 수정구,금토동,3000,290,0,207.69,62.83,중,"L 전용25,방3,화장실2,직장인가능,전입안되요",https://www.zigbang.com/home/apt/items/49449627
2026-07-03 07:38:39,오피스텔,49449681,월세,02,경기도 성남시 수정구 금토동,성남시 수정구,금토동,1000,150,0,120.43,36.43,고,"L 저렴한임대료,드레스룸,팬트리 완비,직장인가능",https://www.zigbang.com/home/apt/items/49449681
2026-07-03 07:38:39,오피스텔,49510367,월세,02,경기도 성남시 수정구 금토동,성남시 수정구,금토동,2000,90,0,63.48,19.2,8,"O 1.5룸, 최고충 , 남향",https://www.zigbang.com/home/apt/items/49510367
2026-07-03 07:38:39,오피스텔,49364820,월세,05,경기도 성남시 수정구 금토동,성남시 수정구,금토동,3000,290,0,207.69,62.83,중,"L 조정가능,직장인가능,방3,욕실2,드레스룸외,",https://www.zigbang.com/home/apt/items/49364820
2026-07-03 07:38:39,오피스텔,49449567,월세,04,경기도 성남시 수정구 금토동,성남시 수정구,금토동,1500,165,0,129.8,39.26,중,"L 방2, 팬트리,  붙박이장, 수납 공간굿, 전입X",https://www.zigbang.com/home/apt/items/49449567
2026-07-03 07:38:39,오피스텔,49449646,월세,02,경기도 성남시 수정구 금토동,성남시 수정구,금토동,2000,200,0,149.65,45.27,중,"L 2룸, 직장인OK, 드레스룸, 세탁기,건조기, 전입불가",https://www.zigbang.com/home/apt/items/49449646
2026-07-03 07:38:39,오피스텔,49345839,월세,02,경기도 성남시 수정구 금토동,성남시 수정구,금토동,1500,165,0,121,36.6,중,"O 2룸, 넓은 거실, 아파트형 중문.",https://www.zigbang.com/home/apt/items/49345839
2026-07-03 07:38:39,오피스텔,49537035,월세,02,경기도 성남시 수정구 금토동,성남시 수정구,금토동,2000,190,0,145.78,44.1,4,"O 공실, 2룸, 넓은 거실,아파트형 구조, O 풀가전",https://www.zigbang.com/home/apt/items/49537035
2026-07-03 07:38:39,오피스텔,49519423,월세,01,경기도 용인시 기흥구 중동,용인시 기흥구,중동,500,60,0,26.12,7.9,중,어정역앞  풀옵션 원룸,https://www.zigbang.com/home/apt/items/49519423
2026-07-03 07:38:39,오피스텔,49571893,월세,01,경기도 용인시 기흥구 중동,용인시 기흥구,중동,500,60,0,30,9.07,5,"전입가,풀옵션,수납장 많은 예쁜 원룸아파트,남향,8월입주",https://www.zigbang.com/home/apt/items/49571893
2026-07-03 07:38:39,오피스텔,49571748,월세,01,경기도 용인시 기흥구 중동,용인시 기흥구,중동,6600,25,0,30,9.07,7,"전입가 ,대출,보증보험가,원룸형 아파트,수납 풍부함,남향",https://www.zigbang.com/home/apt/items/49571748
2026-07-03 07:38:41,오피스텔,49551794,월세,01,서울시 관악구 봉천동,관악구,봉천동,5000,70,0,49.85,15.08,7,"낙성대 초역세권 큰 오피스텔, 1인 거주 하기 좋은 매물",https://www.zigbang.com/home/apt/items/49551794
2026-07-03 07:38:41,오피스텔,49361363,월세,01,서울시 관악구 봉천동,관악구,봉천동,2000,50,0,27.82,8.42,저,낙성대역 위치 가장 좋은 집,https://www.zigbang.com/home/apt/items/49361363
2026-07-03 07:38:41,오피스텔,49361351,월세,01,서울시 관악구 봉천동,관악구,봉천동,2000,53,0,25.41,7.69,고,대로변 오피스텔 매물,https://www.zigbang.com/home/apt/items/49361351
2026-07-03 07:38:41,오피스텔,49576107,전세,01,서울시 관악구 남현동,관악구,남현동,19000,0,0,19.9,6.02,8,초초초역세권 올전세 HF버팀목대출가능,https://www.zigbang.com/home/apt/items/49576107
2026-07-03 07:38:42,오피스텔,49567925,월세,01,서울시 강남구 개포동,강남구,개포동,300,80,0,33.06,10.0,고,ꯁꯁ풀옵션 맛집ꯁꯁ개포동 귀한 가성비굳 오피스텔,https://www.zigbang.com/home/apt/items/49567925
2026-07-03 07:38:42,오피스텔,49567222,월세,01,서울시 강남구 개포동,강남구,개포동,300,85,0,30.21,9.14,고,ㅁ안심추천매물ㅁ 개포동 유일한 단기임대 오피스텔,https://www.zigbang.com/home/apt/items/49567222
2026-07-03 07:38:47,오피스텔,49585943,월세,01,서울시 강동구 천호동,강동구,천호동,15700,25,0,54.56,16.5,10,"허그대출및보증보험가입가능,빠른 입주가능,내부상태 좋아요.",https://www.zigbang.com/home/apt/items/49585943
2026-07-03 07:38:47,오피스텔,49515345,전세,03,서울시 강동구 암사동,강동구,암사동,15750,0,0,29.22,8.84,2,"융자 및 위반X, 보증보험 및 대출 OK, 선착순 계약",https://www.zigbang.com/home/apt/items/49515345
2026-07-03 07:38:47,오피스텔,49579693,전세,01,서울시 강동구 천호동,강동구,천호동,20023,0,0,35.92,10.87,5,더블역세권 도보 가능 대로변 버정1 분컷 귀한 안심 전세,https://www.zigbang.com/home/apt/items/49579693
2026-07-03 07:38:47,오피스텔,49516521,월세,01,서울시 강동구 천호동,강동구,천호동,200,150,0,65.17,19.71,6,천호역세권  풀옵션  원룸 단기3개월 기준,https://www.zigbang.com/home/apt/items/49516521
2026-07-03 07:38:51,오피스텔,49568081,월세,03,경기도 파주시 다율동,파주시,다율동,1000,70,0,85.24,25.78,중,업무용.전용13평.천장형냉난방기.주방풀옵션.개별화장실.,https://www.zigbang.com/home/apt/items/49568081
2026-07-03 07:38:51,오피스텔,49364597,월세,03,경기도 파주시 다율동,파주시,다율동,500,70,0,26.75,8.09,4,풀옵션 복층 사무실 전입불가 전용13평 엄청넓음,https://www.zigbang.com/home/apt/items/49364597
2026-07-03 07:38:56,오피스텔,49291665,월세,03,서울시 은평구 불광동,은평구,불광동,500,39,0,20.73,6.27,고,"연신내역 복층, 저렴한 오피스텔복층구조",https://www.zigbang.com/home/apt/items/49291665
2026-07-03 07:38:56,오피스텔,49207596,전세,02,서울시 은평구 갈현동,은평구,갈현동,20750,0,0,36.36,11.0,고,연신내인근 모든대출 복층1.5룸 전세 풀옵션 붙박이장,https://www.zigbang.com/home/apt/items/49207596
2026-07-03 07:38:56,오피스텔,49385831,월세,03,서울시 은평구 대조동,은평구,대조동,12700,13,0,33.55,10.15,고,"대출 및 보증보험 가능 ,신축급 복층, 밝고 깨끗 초역세권",https://www.zigbang.com/home/apt/items/49385831
2026-07-03 07:38:56,오피스텔,49537795,월세,03,서울시 은평구 불광동,은평구,불광동,500,40,0,20.73,6.27,3,G공감G백마노블레스G대로변G 저렴한 복층오피스텔G전입가능G,https://www.zigbang.com/home/apt/items/49537795
2026-07-03 07:38:56,오피스텔,49560827,월세,03,서울시 은평구 대조동,은평구,대조동,1000,75,0,30.92,9.35,고,"신축급 풀옵션 복층, 트리플 초역세권 최고급 밝고 깨끗",https://www.zigbang.com/home/apt/items/49560827
2026-07-03 07:38:56,오피스텔,49556138,월세,03,서울시 은평구 대조동,은평구,대조동,2000,70,0,41.55,12.57,7,"신축급 복층, 완전 밝고 깨끗, 트리플 초역세권",https://www.zigbang.com/home/apt/items/49556138
2026-07-03 07:38:56,오피스텔,49521911,월세,03,서울시 은평구 대조동,은평구,대조동,1000,80,0,41.55,12.57,11,"3,6호선 및 GTX연신내역1분신축급 풀옵복층오피스텔 월세",https://www.zigbang.com/home/apt/items/49521911
2026-07-03 07:38:56,오피스텔,49563837,월세,03,서울시 은평구 불광동,은평구,불광동,1000,40,0,39.66,12.0,중,G공감G백마노블레스G리모델링G대로변G전입가능G,https://www.zigbang.com/home/apt/items/49563837
2026-07-03 07:38:56,오피스텔,49530569,월세,03,서울시 은평구 대조동,은평구,대조동,1000,75,0,30.92,9.35,고,6월 중순 입주 인기 좋은 복층,https://www.zigbang.com/home/apt/items/49530569
2026-07-03 07:38:56,오피스텔,49557205,전세,04,서울시 은평구 갈현동,은평구,갈현동,36000,0,0,64.87,19.62,중,"3,6호선 연신내역 2분 모든대출 가능 풀옵션넓은투룸전세",https://www.zigbang.com/home/apt/items/49557205
2026-07-03 07:38:56,오피스텔,49315186,전세,03,서울시 은평구 대조동,은평구,대조동,15400,0,0,33.55,10.15,고,"연신내역 유진아이디움 복층, 전세자금대출가능",https://www.zigbang.com/home/apt/items/49315186
2026-07-03 07:38:56,오피스텔,49452919,월세,03,서울시 은평구 대조동,은평구,대조동,1000,80,0,30.92,9.35,고,"신축급 복층, 트리플 초역세권 최고급 밝고 깨끗",https://www.zigbang.com/home/apt/items/49452919
2026-07-03 07:38:56,오피스텔,49581049,월세,01,서울시 도봉구 방학동,도봉구,방학동,180,73,0,33.05,10.0,고,"신축급풀옵션, 단기가능.역세권 방학역1분, 주차가",https://www.zigbang.com/home/apt/items/49581049
2026-07-03 07:38:56,오피스텔,49550504,월세,01,서울시 도봉구 방학동,도봉구,방학동,1000,62,0,38.52,11.65,저,"주거형오피스텔, 전입신고가능, 초역세권, 주변편의시설 다수",https://www.zigbang.com/home/apt/items/49550504
2026-07-03 07:38:56,오피스텔,49425412,월세,03,서울시 도봉구 방학동,도봉구,방학동,500,65,0,23.14,7.0,13,"복층 오피스텔 월세, 전입신고 불가",https://www.zigbang.com/home/apt/items/49425412
2026-07-03 07:38:56,오피스텔,49551014,월세,03,서울시 도봉구 방학동,도봉구,방학동,500,65,0,26.4,7.99,중,방학역역세권 넓은복층 풀옵션 전입신고O,https://www.zigbang.com/home/apt/items/49551014
2026-07-03 07:38:56,오피스텔,49497622,월세,03,서울시 도봉구 방학동,도봉구,방학동,500,60,0,32.07,9.7,저,"방학 신화하니엘시티 월세, 전입신고 안돼요",https://www.zigbang.com/home/apt/items/49497622
2026-07-03 07:38:56,오피스텔,49515178,월세,03,서울시 도봉구 방학동,도봉구,방학동,1000,63,0,32.93,9.96,중,가성비 신축 복층 오피스텔 l 방학역 5분 선착순 모집,https://www.zigbang.com/home/apt/items/49515178
2026-07-03 07:38:56,오피스텔,49436271,월세,01,서울시 노원구 상계동,노원구,상계동,500,60,0,26.45,8.0,고,도시형생활주택 및 오피스텔,https://www.zigbang.com/home/apt/items/49436271
2026-07-03 07:38:56,오피스텔,49272204,전세,04,서울시 도봉구 창동,도봉구,창동,34000,0,0,62.16,18.8,15,고층뻥뷰 2룸복층 풀옵션 대출보증보험 가능,https://www.zigbang.com/home/apt/items/49272204
2026-07-03 07:38:56,오피스텔,49249404,매매,01,서울시 노원구 상계동,노원구,상계동,10000,0,10000,26.45,8.0,고,소담빌오피스텔및도시형생활주택,https://www.zigbang.com/home/apt/items/49249404
2026-07-03 07:38:56,오피스텔,49580390,월세,03,서울시 노원구 상계동,노원구,상계동,1000,70,0,39.32,11.89,6,"노원역, 보미 오피스텔, 원룸 복층형 풀옵션 신축",https://www.zigbang.com/home/apt/items/49580390
2026-07-03 07:38:56,오피스텔,49513335,매매,01,서울시 노원구 상계동,노원구,상계동,10000,0,10000,26.45,8.0,8,노원역 신축 원룸 오피스텔,https://www.zigbang.com/home/apt/items/49513335
2026-07-03 07:38:56,오피스텔,49574729,전세,03,서울시 도봉구 창동,도봉구,창동,34000,0,0,66.12,20.0,저,허그버팀목ㅣ보증보험ㅣ투룸복층ㅣ신축첫입주,https://www.zigbang.com/home/apt/items/49574729
2026-07-03 07:38:56,오피스텔,49436275,월세,01,서울시 노원구 상계동,노원구,상계동,500,60,0,26.45,8.0,고,소담빌 오피스텔및도시형생활주택,https://www.zigbang.com/home/apt/items/49436275
2026-07-03 07:38:56,오피스텔,49534167,월세,01,서울시 노원구 상계동,노원구,상계동,5000,60,0,39.35,11.9,중,업무용 신축 삼성가전 풀옵션 주차가능 노원역1분거리,https://www.zigbang.com/home/apt/items/49534167
2026-07-03 07:38:56,오피스텔,49436273,월세,01,서울시 노원구 상계동,노원구,상계동,1000,55,0,27.55,8.33,고,신축 소담빌 도시형생활주택및오피스텔,https://www.zigbang.com/home/apt/items/49436273
2026-07-03 07:38:56,오피스텔,49523855,월세,03,서울시 노원구 상계동,노원구,상계동,500,67,0,52,15.73,중,노원역 도보 2분 풀옵션 복층 전입가능한 오피스텔,https://www.zigbang.com/home/apt/items/49523855
2026-07-03 07:38:56,오피스텔,49540987,월세,01,서울시 노원구 상계동,노원구,상계동,150,50,0,28.24,8.54,2,상계동 중앙프라자 풀옵션 단기 월세,https://www.zigbang.com/home/apt/items/49540987
2026-07-03 07:38:56,오피스텔,49587439,월세,01,서울시 노원구 상계동,노원구,상계동,150,50,0,28.24,8.54,2,상계역이용가능 풀옵션 원룸 단기월세,https://www.zigbang.com/home/apt/items/49587439
2026-07-03 07:38:56,오피스텔,49276836,매매,05,경기도 의정부시 호원동,의정부시,호원동,24000,0,24000,89.48,27.07,5,신혼부부들께 강추드리는 인기있는 3룸 구조,https://www.zigbang.com/home/apt/items/49276836
2026-07-03 07:38:58,오피스텔,49526574,월세,01,경기도 남양주시 호평동,남양주시,호평동,500,42,0,31.79,9.62,3,풀옵션원룸 조망,https://www.zigbang.com/home/apt/items/49526574
2026-07-03 07:38:58,오피스텔,49445672,월세,04,경기도 의정부시 고산동,의정부시,고산동,1000,110,0,117.79,35.63,9,"즉시입주가능,풀옵션,방2화1,몸만오세요,전입가능한 귀한월세",https://www.zigbang.com/home/apt/items/49445672
2026-07-03 07:38:58,오피스텔,49575568,전세,02,경기도 의정부시 고산동,의정부시,고산동,12500,0,0,58.55,17.71,고,"입주협의ㅣ버팀목,전세대출가능ㅣ풀옵션ㅣ주차편리ㅣ",https://www.zigbang.com/home/apt/items/49575568
2026-07-03 07:38:58,오피스텔,49354359,전세,02,경기도 의정부시 고산동,의정부시,고산동,12500,0,0,24.03,7.27,고,LH가능ㅣ버팀목가능ㅣ중기청가능ㅣ풀옵션ㅣ주차최고,https://www.zigbang.com/home/apt/items/49354359
2026-07-03 07:38:58,오피스텔,49481509,월세,02,경기도 의정부시 고산동,의정부시,고산동,500,60,0,24.03,7.27,중,업무용. 부가세별도. 풀옵션. 분리형원룸,https://www.zigbang.com/home/apt/items/49481509
2026-07-03 07:38:58,오피스텔,49390085,월세,04,경기도 의정부시 고산동,의정부시,고산동,1000,110,0,56.58,17.12,고,"전입되는 투룸,신축,기본가전옵션 완비,빠른입주가능",https://www.zigbang.com/home/apt/items/49390085
2026-07-03 07:38:58,오피스텔,49332835,월세,02,경기도 의정부시 고산동,의정부시,고산동,500,55,0,24.03,7.27,고,입주협의ㅇ업무용ㅇ풀옵션ㅇ분리형원룸ㅇ자주식주차1대무료,https://www.zigbang.com/home/apt/items/49332835
2026-07-03 07:38:59,오피스텔,49481022,월세,03,경기도 남양주시 진접읍 장현리,남양주시,진접읍,200,50,0,28.69,8.68,중,햇볕잘드는  조용한 호실입니다,https://www.zigbang.com/home/apt/items/49481022
2026-07-03 07:38:59,오피스텔,49580205,월세,03,경기도 남양주시 진접읍 장현리,남양주시,진접읍,300,50,0,27.93,8.45,8,티안나게 큰 호실입니다,https://www.zigbang.com/home/apt/items/49580205
2026-07-03 07:38:59,오피스텔,49481171,월세,03,경기도 남양주시 진접읍 장현리,남양주시,진접읍,300,50,0,27.93,8.45,중,진접에서 가장좋은 숙소입니다,https://www.zigbang.com/home/apt/items/49481171
2026-07-03 07:38:59,오피스텔,49129567,월세,01,경기도 양주시 광사동,양주시,광사동,500,55,0,38.49,11.64,7,"첫입주 오피스텔,주차가능,즉시입주,풀옵션,전입신고,애견가능",https://www.zigbang.com/home/apt/items/49129567
2026-07-03 07:38:59,오피스텔,49365486,월세,02,경기도 양주시 광사동,양주시,광사동,500,65,0,40,12.1,6,"즉시입주가능한 오피스텔,풀옵션,스타일러,상권좋고 주차가능",https://www.zigbang.com/home/apt/items/49365486
2026-07-03 07:39:00,오피스텔,49580910,월세,03,경기도 양주시 옥정동,양주시,옥정동,100,63,0,41.12,12.44,3,선납방X 단기가능 옥정신도시 유일한 오피스텔,https://www.zigbang.com/home/apt/items/49580910
2026-07-03 07:39:00,오피스텔,49360863,월세,03,경기도 양주시 옥정동,양주시,옥정동,100,65,0,45.76,13.84,5,선납방Xl 단기임대 l 신축 북층형 오피스텔,https://www.zigbang.com/home/apt/items/49360863
2026-07-03 07:39:00,오피스텔,49333441,월세,03,경기도 양주시 옥정동,양주시,옥정동,500,65,0,38,11.49,6,"완벽풀옵션오피스텔,옥정중심상가 내위치.신축,관리잘됨",https://www.zigbang.com/home/apt/items/49333441
2026-07-03 07:39:00,오피스텔,49404930,월세,03,경기도 양주시 옥정동,양주시,옥정동,500,55,0,44,13.31,3,"입주가능,풀옵션,옥정중심상가내 위치해서 상권,편의시설",https://www.zigbang.com/home/apt/items/49404930
2026-07-03 07:39:01,오피스텔,49365492,월세,04,경기도 양주시 옥정동,양주시,옥정동,1000,85,0,93.55,28.3,5,"렌트프리1달.고급 2룸 오피스텔,첫입주,완벽풀옵션,주차편리",https://www.zigbang.com/home/apt/items/49365492
2026-07-03 07:39:03,오피스텔,49567088,월세,01,경기도 이천시 창전동,이천시,창전동,200,55,0,33,9.98,고,준신축 오피스텔 내부 넓고 위치 최고 풀옵션 주차1대가능,https://www.zigbang.com/home/apt/items/49567088
2026-07-03 07:39:03,오피스텔,49569098,월세,02,경기도 이천시 중리동,이천시,중리동,1000,65,0,59.58,18.02,9,"터미널인근 1.5룸 , 전입가능",https://www.zigbang.com/home/apt/items/49569098
2026-07-03 07:39:03,오피스텔,49569261,월세,01,경기도 이천시 안흥동,이천시,안흥동,500,55,0,35,10.59,13,코아루휴티스,https://www.zigbang.com/home/apt/items/49569261
2026-07-03 07:39:03,오피스텔,49577541,월세,01,경기도 이천시 안흥동,이천시,안흥동,500,55,0,63,19.06,중,코아루휴티스7월30일입주가능,https://www.zigbang.com/home/apt/items/49577541
2026-07-03 07:39:03,오피스텔,49332168,매매,01,경기도 이천시 창전동,이천시,창전동,7900,0,7900,21.02,6.36,중,수익률 8프로이상 풀옵션 50만원씩 월세 받으실분,https://www.zigbang.com/home/apt/items/49332168
2026-07-03 07:39:03,오피스텔,49568934,월세,04,경기도 이천시 중리동,이천시,중리동,1000,85,0,105.18,31.82,15,"터미널인근,귀한 투룸",https://www.zigbang.com/home/apt/items/49568934
2026-07-03 07:39:03,오피스텔,49577490,월세,04,경기도 이천시 안흥동,이천시,안흥동,300,80,0,81.04,24.51,4,하이앤드천년가 생활형 숙박시설 투룸복층,https://www.zigbang.com/home/apt/items/49577490
2026-07-03 07:39:03,오피스텔,49473806,월세,01,경기도 이천시 안흥동,이천시,안흥동,500,60,0,63.01,19.06,중,7월31일입주가능,https://www.zigbang.com/home/apt/items/49473806
2026-07-03 07:39:03,오피스텔,49586518,월세,04,경기도 이천시 안흥동,이천시,안흥동,1000,80,0,77.67,23.5,고,"양우OP, 고층 투룸B타입, 8월14일 이후 입주가능",https://www.zigbang.com/home/apt/items/49586518
2026-07-03 07:39:03,오피스텔,49473782,월세,01,경기도 이천시 안흥동,이천시,안흥동,500,60,0,63,19.06,중,"코아루휴티스,안흥지뷰",https://www.zigbang.com/home/apt/items/49473782
2026-07-03 07:39:06,오피스텔,49569713,월세,01,강원도 원주시 단계동,원주시,단계동,100,65,0,49.11,14.86,8,초단기가능 양면창 남동향 뷰최상 24년신축 플레이스 즉시입,https://www.zigbang.com/home/apt/items/49569713
2026-07-03 07:39:06,오피스텔,49585927,월세,01,강원도 원주시 단구동,원주시,단구동,200,45,0,28,8.47,4,단기1개월가능 의료원도보10분 혁신도시셔틀라인 위치최상,https://www.zigbang.com/home/apt/items/49585927
2026-07-03 07:39:06,오피스텔,49562792,월세,01,강원도 원주시 무실동,원주시,무실동,500,65,0,72.88,22.05,고,중심상권 층간소음 없는 탑층 넓은전용 시원한시티뷰 7월초입,https://www.zigbang.com/home/apt/items/49562792
2026-07-03 07:39:06,오피스텔,49436441,월세,01,강원도 원주시 단계동,원주시,단계동,500,60,0,42.33,12.8,10,버스터미널 인근 신축 풀옵션 오피스텔,https://www.zigbang.com/home/apt/items/49436441
2026-07-03 07:39:14,오피스텔,49381962,월세,01,강원도 춘천시 소양로1가,춘천시,소양로1가,500,50,0,33.06,10.0,8,환상의 조망 최고의 뷰. 럭셔리 AAA급,https://www.zigbang.com/home/apt/items/49381962
2026-07-03 07:39:14,오피스텔,49459307,전세,02,강원도 춘천시 요선동,춘천시,요선동,9000,0,0,48,14.52,9,분리형원룸으로 풀옵션.전입확정일자가능 6월말입주가능,https://www.zigbang.com/home/apt/items/49459307
2026-07-03 07:39:14,오피스텔,49381923,월세,02,강원도 춘천시 소양로1가,춘천시,소양로1가,500,60,0,46.28,14.0,중,환상의 뷰를 자랑하는 스마트 오피스텔,https://www.zigbang.com/home/apt/items/49381923
2026-07-03 07:39:14,오피스텔,49333142,전세,01,강원도 춘천시 소양로1가,춘천시,소양로1가,8500,0,0,45.82,13.86,4,"LH전세대출가능, 소양강뷰 일품 ,풀옵션,8월 14일 입주",https://www.zigbang.com/home/apt/items/49333142
2026-07-03 07:39:14,오피스텔,49401187,월세,01,강원도 춘천시 소양로1가,춘천시,소양로1가,1500,40,0,33.06,10.0,9,인테리어 최상의 스마트 오피스텔,https://www.zigbang.com/home/apt/items/49401187
2026-07-03 07:39:40,오피스텔,49356400,전세,01,강원도 원주시 반곡동,원주시,반곡동,8000,0,0,53.14,16.07,16,각종관공서 출퇴근가능하여 인기있는 소형오피스텔 실거주도 가,https://www.zigbang.com/home/apt/items/49356400
2026-07-03 07:39:40,오피스텔,49588426,전세,01,강원도 원주시 반곡동,원주시,반곡동,8000,0,0,60.4,18.27,저,"보증보험가입금액까지 반전세 가능, 임대인 좋고 재무좋음",https://www.zigbang.com/home/apt/items/49588426
2026-07-03 07:39:40,오피스텔,49408841,전세,01,강원도 원주시 반곡동,원주시,반곡동,10000,0,0,56.97,17.23,4,심평원등 출퇴근 인프라굿 인기오피스텔 귀한전세,https://www.zigbang.com/home/apt/items/49408841
2026-07-03 07:39:40,오피스텔,49486539,월세,01,강원도 원주시 반곡동,원주시,반곡동,500,50,0,53.14,16.07,중,"6월말, 전망, 공기업 도보가능",https://www.zigbang.com/home/apt/items/49486539
2026-07-03 07:39:40,오피스텔,49484092,전세,01,강원도 원주시 반곡동,원주시,반곡동,8000,0,0,58.99,17.84,고,"6월말이후, 남향전망, 건강보험공단 맞은",https://www.zigbang.com/home/apt/items/49484092
2026-07-03 07:39:40,오피스텔,49495521,월세,01,강원도 원주시 반곡동,원주시,반곡동,300,50,0,61.26,18.53,고,"7월중순,전망, 공기업 도보 가능",https://www.zigbang.com/home/apt/items/49495521
2026-07-03 07:39:40,오피스텔,49428897,월세,01,강원도 원주시 반곡동,원주시,반곡동,500,50,0,60.4,18.27,고,"7월14일,전망, 건강보험공단 맞은편",https://www.zigbang.com/home/apt/items/49428897
2026-07-03 07:40:01,오피스텔,49523809,월세,01,강원도 강릉시 교동,강릉시,교동,300,50,0,50.91,15.4,10,강릉역앞  신축급  풀옵션  도시가스  주차시설  단기가능,https://www.zigbang.com/home/apt/items/49523809
2026-07-03 07:40:01,오피스텔,49533402,월세,01,강원도 강릉시 교동,강릉시,교동,300,50,0,50.91,15.4,12,"6층,7월4일이후입주가능,남동향",https://www.zigbang.com/home/apt/items/49533402
2026-07-03 07:40:01,오피스텔,49260057,월세,01,강원도 강릉시 교동,강릉시,교동,500,50,0,50.91,15.4,14,"7월2일이후입주가능, 14층,주차1대무료,",https://www.zigbang.com/home/apt/items/49260057
2026-07-03 07:40:01,오피스텔,49559521,월세,01,강원도 강릉시 유천동,강릉시,유천동,300,48,0,42.05,12.72,5,풀옵션  도시가스 주차편리  남향 전입신고가능,https://www.zigbang.com/home/apt/items/49559521
2026-07-03 07:40:01,오피스텔,49339766,월세,01,강원도 강릉시 홍제동,강릉시,홍제동,500,45,0,43,13.01,7,풀옵션  도시가스   전입신고가능  남향   주차시설,https://www.zigbang.com/home/apt/items/49339766
2026-07-03 07:40:01,오피스텔,49559564,월세,01,강원도 강릉시 유천동,강릉시,유천동,300,48,0,39.66,12.0,3,뻥뷰  풀옵션 주차편리 전입신고가능 단기가능,https://www.zigbang.com/home/apt/items/49559564
2026-07-03 07:40:42,오피스텔,49444877,월세,02,강원도 속초시 조양동,속초시,조양동,500,45,0,40,12.1,5,방1 거실1 구조 오피스텔,https://www.zigbang.com/home/apt/items/49444877
2026-07-03 07:40:42,오피스텔,49523897,월세,02,강원도 속초시 조양동,속초시,조양동,500,70,0,49.59,15.0,19,동해바다가 잘보이는 방1 거실1 구조,https://www.zigbang.com/home/apt/items/49523897
2026-07-03 07:40:42,오피스텔,49350089,월세,01,강원도 속초시 조양동,속초시,조양동,500,50,0,26.45,8.0,19,원룸형 3개월 6개월단기 가능,https://www.zigbang.com/home/apt/items/49350089
2026-07-03 07:40:42,오피스텔,49444968,월세,01,강원도 속초시 교동,속초시,교동,300,45,0,26.45,8.0,17,전입신고가능 원룸형도시형생활주택,https://www.zigbang.com/home/apt/items/49444968
2026-07-03 07:40:42,오피스텔,49484221,월세,01,강원도 속초시 교동,속초시,교동,220,64,0,57.93,17.52,6,"청초호수공원, 오션뷰를 갖춘 풀옵션 레지던스",https://www.zigbang.com/home/apt/items/49484221
2026-07-03 07:40:42,오피스텔,49484464,월세,01,강원도 속초시 교동,속초시,교동,50,73,0,57.93,17.52,6,속초중심지 풀옵션 레지던스,https://www.zigbang.com/home/apt/items/49484464
2026-07-03 07:40:42,오피스텔,49484143,월세,01,강원도 속초시 영랑동,속초시,영랑동,200,54,0,47.65,14.41,4,"속초바다 한달살이, 호텔식 풀옵션",https://www.zigbang.com/home/apt/items/49484143
2026-07-03 07:40:42,오피스텔,49484173,월세,01,강원도 속초시 영랑동,속초시,영랑동,50,61,0,47.49,14.37,저,"단기임대 전용 보증금 할인, 풀옵션 레지던스",https://www.zigbang.com/home/apt/items/49484173
2026-07-03 07:40:42,오피스텔,49484715,월세,01,강원도 속초시 영랑동,속초시,영랑동,50,61,0,40.91,12.38,12,"단기임대 전용 보증금 할인, 풀옵션 레지던스",https://www.zigbang.com/home/apt/items/49484715
2026-07-03 07:40:42,오피스텔,49484385,월세,01,강원도 속초시 조양동,속초시,조양동,250,66,0,64.06,19.38,중,"가성비 UP, 입주일 조정가능, 풀옵션 레지던스, 무료주차",https://www.zigbang.com/home/apt/items/49484385
2026-07-03 07:40:42,오피스텔,49586715,월세,01,강원도 속초시 영랑동,속초시,영랑동,200,54,0,40.91,12.38,12,"속초바다 한달살이, 호텔식 풀옵션",https://www.zigbang.com/home/apt/items/49586715
2026-07-03 07:40:42,오피스텔,49484440,월세,01,강원도 속초시 조양동,속초시,조양동,170,59,0,30.62,9.26,3,"속초중심지 풀옵션 레지던스, 무료주차 지원",https://www.zigbang.com/home/apt/items/49484440
2026-07-03 07:40:42,오피스텔,49484205,월세,01,강원도 속초시 조양동,속초시,조양동,50,67,0,30.57,9.25,3,가성비 UP 호텔식 풀옵션,https://www.zigbang.com/home/apt/items/49484205
2026-07-03 07:40:42,오피스텔,49350066,월세,02,강원도 속초시 조양동,속초시,조양동,500,60,0,46.28,14.0,25,속초해수욕장 고속터미널 바로옆,https://www.zigbang.com/home/apt/items/49350066
2026-07-03 07:40:42,오피스텔,49484765,월세,01,강원도 속초시 조양동,속초시,조양동,50,67,0,51.51,15.58,6,"한달살기 최적, 침대, 이불, 커피머신까지 모두 제공",https://www.zigbang.com/home/apt/items/49484765
2026-07-03 07:40:42,오피스텔,49484753,월세,01,강원도 속초시 조양동,속초시,조양동,170,59,0,51.51,15.58,5,"속초중심지 풀옵션 레지던스, 무료주차 지원",https://www.zigbang.com/home/apt/items/49484753
